--8iAAPyN5o
--IZMS-f_Zg
--MfQh5NqxA
--WCRtgdn7A
--nzpIovD1Y
--rbcKkSw2w
--v2eyR5V9M
-08etoPlwH8
-0sjUukB7O4
-0xyf3jHmn0
-1AepEl6sF8
-1JubamqPMo
-1cJPEpHzb4
-1iG6nQNbfA
-1nVFdTR8UU
-1oEWT_nQlY
-1ySA6hSgL8
-2IJZqmEzgw
-2T6l2BRBcA
-2_eZzqw3dQ
-34o3WIsYF4
-39-7lP8nIw
-3CmSm7bO9A
-3H2HWGbpjY
-3uOHqSvAqE
-3wVBe1lCHw
-4J8x1lzYd8
-4b-0mkHC4o
-4xUfwgc9I4
-585kciq2eU
-5POnomba3Y
-5iY2e25JoY
-5pkSsjqx68
-61_ws5peXk
-6RBVZJNhss
-6v0aRkwblQ
-6zFPnxC1_4
-6zqVq1nU6Q
-72V8P6gJPs
-7S66e4Yoes
-7_tNOjwie0
-7qIMrkG49M
-7uUVURo24Q
-8NKflzb9cg
-8iJseqI9_I
-8m4RL5Vmbw
-8nPl1XCv2E
-8pTlVFCzNk
-94Tf1D9ZtQ
-9J_Z9yIDp8
-9_Rwmw_aNY
-9hCT0_FM8M
-9lTgj9Ajn8
-9rp2qQkiQ4
-9zsuTl4TOw
-A-0BCoe6u8
-AJcxILof90
-AXuIFijna0
-B0qRThfqZ0
-BCl-eTBsaA
-BMHwWqs1iM
-BZN8ScGL1g
-BdEq7yxmIo
-BmBYQKS9HQ
-BmQHJAC1P4
-BmTP5dl3y8
-BypT_Osdms
-C7HfATzp_s
-C8jvRuyjTo
-CASNdjxGdo
-CLNyXwh80Q
-CT8WgsU9wo
-CVzPf_7A5g
-CkcpDw3lvU
-DH2mV1mXc0
-DM8tNBCgqU
-DkObzgMTyE
-Drt8OOGQOU
-DxftYA0fgQ
-EBx0-0z7us
-EN0ZwMuqT0
-EYjTkJ2cIE
-EvGxjhVsRg
-F4IWsg0XNY
-FGRMPpFCBM
-FUVO0XNSIk
-Fr_3W2hc9U
-G8FOj3Db8I
-GSiN2Fznjo
-GWMGrtlcx4
-GXph7Ums2U
-GrhjX85kiE
-HOeDUhEQuk
-HP3w1KKSkI
-HhpngM0KfA
-Hz_FxaIR4w
-I-a3YeWI7Q
-IDakX6oSqY
-JMALhnYwCk
-JYOnYEB-Q8
-J_U0WXu9kk
-JatqBZAYIk
-JiXtosBPps
-JrXf7tQ7Zw
-KGmfEFoD3M
-KKZLA7TelI
-KM0LzV135w
-K_s8NHboKM
-LrzeYTgMnU
-MuyzFKTrMM
-NHZf8h0axM
-NIAwjqJPuY
-Na4upOEblM
-NaTdq6Okdg
-NnmK0ejetI
-NvCoAUsYBM
-OCfwG9q4t4
-OfOrTvtLwM
-P9ycK3I97c
-PCuxBTm8eY
-Pb3nqp0MTU
-QACpFKyX4M
-QUbcRX0R-g
-Qe0Du-xwEI
-R8hAQCUuKA
-RSzwNOIp8c
-SGMpWrnPPw
-SzqhcuODhk
-TAV8Y8TrSk
-TZIk_lgkEc
-TwvUNTfqRM
-UU6rctFCy0
-UbUSwoXncY
-Ud4WbU79UY
-Uv-NkzhgTo
-V0OyxiiZTs
-VC_UccT6lQ
-VRaCEAVC3A
-VTr7J1WuWE
-VdMTeFilF4
-VpJgSFxPCI
-W2RWxuE0Ck
-WMDKwCU7U4
-WW9g1sR50A
-WY-v5NJpV0
-X-881QkeUE
-X7ZFOid7_Y
-XJyuVwn8OE
-XwSIDZiX34
-Xxq0JFfWfs
-Y8nRmExYrw
-YHcAhY0nIc
-YOFnZxtLJE
-YSK9KhNqow
-YV8L5ofhMo
-YhjYeUqus0
-Z5P2wuqbIo
-ZZuaonJl50
-ZxNGwRUe_M
-_7ZuzBbh_8
-_CGpH7Bh9g
-a0GJy4t5UA
-aBWquUHpQY
-aEMu0GD4tI
-aPjwv-NXVg
-agEyh8vgVk
-bXWGAOM2iw
-bc_m0Ru5sE
-bdQn5vkzu4
-bfeJX31-DQ
-cn80Ejz4_M
-d6lQeuNh68
-dAWBC8zfos
-dqetUTI-6Y
-dqkTa6f1Os
-e-J6U9SaXo
-eDyGrzuMFE
-eo2CfUvi0w
-esHmxnt0hA
-fIgxeR1CIM
-f_I7hHFTOA
-fcUQfTWlnk
-fwafVW0EM8
-gQnII_Kyyg
-hJMZ-BCNV4
-ha1w7nM9EA
-hfl4dMroYg
-hjNmLUQGLk
-ho9F8Ig5z4
-htywxrQmj8
-i0tnnwKh3M
-jEi4NX7kBU
-jGwy6zIPbg
-jKfi-5YxD0
-jPAldcR4Is
-jajUFdi6V0
-k4h61AjGwE
-kBLX_Zn88A
-kNTvgnuHNQ
-kPWiVHj6q4
-kWK7uQEmR4
-kjZS1pA9B4
-l2EIWlanIw
-lKbZqREEg4
-lN5dbyFPR4
-m2XP1xeC8Q
-mAEk1uyc0c
-mMGV_cVd6o
-mVMBCm6_m4
-mWT0Mb-1gA
-mbKC8DK-G0
-mfA3cOLY80
-myULuCIvjw
-n-gSL9vnNk
-n1c6m5FEkE
-nXC6l02OrI
-njIZSF2cJI
-nlPxlxc_UM
-oJDNc7w7Xo
-oMUKAqu8xo
-og5tWmej4g
-opdQ0APyTo
-p3UGzmVrF4
-pBPKl3aSnM
-pBbbii4H3A
-pPnanSccXA
-pZRIlPD0Rs
-pfV1vmk79c
-q6mO7s0tug
-qWKYvslwho
-qZQcjbf3M4
-qr7eE2FDgA
-qrq10_yw4Y
-rJ2Vyd19h0
-rT8GlFvUaU
-s0Wyy6EtCQ
-s9saMI2Ckk
-tE6XzOf5Ms
-tTT9pnv-2w
-tVUQxZARoc
-twUz12FbxE
-uHoNdtzOYs
-um4FApQhRA
-upA2x8QcTE
-v3rGbWkgms
-vFVKwZjpMY
-vNLBNiv8lI
-vXuuplxo9U
-vifudFa5F8
-vv0SBtoei4
-w39aHem1v4
-w55PyemoWc
-w57uxU161w
-wDomUdbVLI
-wNYRnOhn4c
-wasc-9Vf_0
-wiiW2eYHSI
-xfDhvi2pDc
-xkJB0ZACOw
-y6cjufFMgY
-y6ta-PdIuY
-yAJsGIAQhU
-yDaHbZcgac
-yL_QtHc7ZE
-ycDHlav5M8
-yeSu62Si6k
-yiTvxxAXOY
-yra3Z7f6rU
-z63Z47qRF4
-zJMX0TjBa4
-zZCcTnzwEs
0-PfHlu3TWM
0-Qoo5bK8TM
00-6BZeTbzY
00J3TA1LdIA
00JCoaE6zIs
00Zfs5h3HFU
00he1r-xASc
01060jqsxxk
01HZttWQ5uk
01NzaQ8eZIE
02-vtd8GnN8
02Zn0QLWVvM
02whGHNFKnE
02wtmHwikBU
036fqThVNOA
038OFAMRQGw
03OzXDXM_fY
03X2nk6TYiw
03tXZN8gpGc
041E2Vs-cZE
04JesyzurlI
04Nd8enm_Ak
04QvRWyUvXQ
04X0EkELoJo
04u9nvmqn9Q
04uar6SRk8A
05NdoU-6UkI
05TmbPkzaJI
05ggwxSchu0
05nscBXAVQo
05qBmI0ahug
06B2wY2kgyc
06j2iqyU-OA
07KQ3lPvPPY
07Lkzi_VFT8
07_NbyojJyc
07fBw3lSDWM
07gjgNhxQus
07hPV0By_BY
07ws5TnBBrw
08gouHPr410
092pqsDq7dY
09JbXb1Nm8o
09KhOX0-J8Q
09P4teqxSOs
09QbMsjac00
09ZXvDOj9Fs
09ajBnCwKSE
09vMN3kcyyU
0A0nAOOaFfU
0A63iimgjZI
0AqKC33uvUM
0AspFcp-4go
0BFsTgo2F6g
0BYhs3dG7hk
0Bcwu_LEQPc
0Bzc2xms28g
0DzDXNYhpi8
0EBIRNMtGPU
0EKHifXypwc
0ERqqys8jXc
0EZzsSs4p_o
0EpBfUw8sbU
0FRGjPhOvEE
0G0h2iczjiU
0G1i9eaNsr8
0Gf3_DA8g1Q
0GoPMqnGLLo
0H7U4tVskHE
0HZPAwTl8tg
0HzKXehW4cE
0IBhnuVP4p4
0Ih--drJMDo
0J2ftvCBmYc
0JQPs4p9NRM
0JR6e-HC3PI
0JSo2QULdkU
0JXdnDSE0cc
0JtOLB30npY
0KJt6kcdXfc
0Keg2VLBGS0
0L7bcE8i2LQ
0LK_u84OSvo
0LMU6mgD4jI
0LspWuwBJFc
0LtDsMwSPvg
0MLVg35XCkk
0MXFfqTbzaM
0MdW8TdTVQQ
0MelutM4ma8
0Mru0w4kdRY
0N8mM6dlXs0
0NG3OaNLEeQ
0NeAfH52mdM
0NmgaCsdHvc
0NzP05ASS9A
0OEQpugKuJw
0OV4HyUFH9E
0P9GwDokrSU
0PAIyOErzg0
0PFMaqxfozg
0PNMp4zgVXE
0PYqN36xf-c
0PYsXX_V54Y
0QMd4rDxKkY
0QclSu3gamc
0QuC06sFkb0
0R3h0b6qAPU
0R4EZVjm3jw
0R757B0od58
0RAWCvO92VU
0RW1lNkDEWw
0SJM4lhEW-0
0SXpiflIQVM
0T0aLYaCyXU
0TB448hAjT0
0TLOdqbBndE
0TPoTWA9E3E
0TSNGBW2UWw
0TuxbMq9URk
0Tv5gjxyzDw
0U2PcEyeAtE
0U4auuPH9YQ
0UQHgeH_W7g
0UQX2ncUDd8
0VQ7BbNWBUQ
0Vm8_1KwE84
0VmD2mxk8aw
0VtyUFAxGzM
0Vv5luBSY30
0WDCdasVF6M
0WHMvb8XGkw
0WIaUJWGEbg
0WWrEHAgVA0
0Wj2DTiPBlk
0WmgYTi0hLE
0Wyq14Krss4
0X4omA6XDEU
0X6QRl4JQTg
0XC1C7sMTX0
0XGbRkpNV2o
0XLt6lXY9II
0XusqMbmPZQ
0XvbQfJ0DAk
0YO8mtmqg6E
0Z-cR3d8k6o
0ZCsRzXD5Fw
0ZODvz30qjk
0Zg2R4VHTPQ
0Zhq6sLvNXo
0ZjTu_uw-Ls
0_JkxYw9BWA
0_PNq-6CTIc
0_t43NoSfLE
0afTlfclXu8
0b8GFXgTzIE
0bIbIlJYkQg
0bd-emAj0O0
0bl4skF2q3Y
0bl_gHKvGr4
0byw6hgLKwY
0c4ud5Ln-44
0cWtZQMWBBI
0cdn1YP8xYQ
0csawlknR40
0czoDIGxw6Y
0d8Rx80NHaQ
0dByygMwJJo
0dR-sKry0qI
0e4PwfNKLaM
0eBqmplwDSo
0eJp3woBjFQ
0eSktNuLfd0
0eWFjOJDClk
0eX9qOPfel0
0f32we5eJHo
0f7yfFJzBJ0
0fan367xTTM
0fi0DYkBWhU
0ftKaaBV_kY
0gNXfDR9Crk
0gOsFZqiKwU
0gPy2D7wEzE
0gV0b7WQ5Co
0gXKYIX1zmA
0gXpMB8l2iw
0gq2Uv1ImYg
0gq7pDYeAMQ
0hd31qPZ1_Y
0hdpNlflEyc
0hzcF3T64j8
0i6tag9KO88
0ihsaFa_UIQ
0j_qYsOnGdc
0jy4ymEWw-Q
0jyWg66KBOo
0k3p0uysFOk
0kUtgi4yGe4
0k_1_GB2OkU
0kkWt2mT5YI
0koOBgJDibk
0l4JmCzfomQ
0l_lTBYSo9Q
0lleyN10Dn8
0m5311cvVP0
0m5qwBH2KF4
0mOdGCYryJE
0mZBoBWNEfg
0megzKqS4AQ
0mhTg33yzZk
0mspD34pt9E
0mvoUfFRuL0
0ns0vQO2REE
0o85hbjtgdE
0o9oBWYX94Y
0oYceBojqlw
0obJbvio1LY
0oiuCUw8uAo
0pLlDwO9XCg
0p_GGa0WSl0
0q4rzGklzCA
0qJ7qkJolws
0qLRTxZLnUs
0qSksmYz5MI
0quLVeJY58Y
0rYyMQGdnc4
0reNCkceqMI
0rvCef1K3Cg
0sTYFdIQMC8
0sW6D8NXa1M
0svEaUF0yxs
0svrQAh1K0U
0t3wNRSis8E
0t8l-ns07HY
0tAucfCWPW8
0tD-Oubhom4
0tGQavHEMQc
0tTjJswaoRs
0tqjSsqrSiw
0uenI6cs3sQ
0vO98rfe7go
0vQvucqNiJA
0vUoTGXtCNk
0vf2mEm_wsw
0vfHPsSvhsE
0w-z765h4hs
0wDc1llaN2w
0x1-_C_fmQc
0xCya_arUFA
0xHCoS1T-Xw
0xdFmTJ_jdo
0xeVsm8I3M4
0xnReekwD0c
0y9KSvTJQ0U
0yHUAYqekRY
0zgcF1jELC4
1-NVAFGP6Kg
1-WLCFaC9Ks
10I31tbdpdI
10KDS4LTdnY
10Lm4r-gERU
10XexyfVK_Q
10f0xLh5CW8
10zWFG2U_gU
113bv2ESl3g
118eu02aos0
11AGhVamCJc
11LVIKTqcAs
11htlOVA0wA
12-MHJVmj2o
12ICdKO5SCw
12IT7N28knA
12IWyi_b-oY
12cP-kyjYz0
12t8Hq4E9xw
12wnNCF-Cmw
136AZ-IHD5k
13AFr4Oxsak
13CnpOSr8aA
13Mb2_ez57Q
13ODZCQuIHU
13dVV_PJaFs
13eWMDETr-s
13iwVYIoSrM
13pUscEO3xg
13sdnmJRH9s
13tFnUAwzM4
13zICvioX4E
14aPqwwBk4c
14n0RdOJFoY
14qYkzzEZMA
159lph0UiNg
15MCCQObmSQ
15vJ27d4N08
15x0jngeNFQ
16OqfcGQN5Y
16cz1b4CNW8
16uuhL6U6R8
17QSt1mli3Y
17Xvi6jr3IU
17yxiQL7ha0
18QDMlmqpVE
18nqNMB0EcQ
194mwW-go1Q
19GuT6zxJ4w
19JRwFbEDts
19bdLGIDbio
19jWnvaZ-uU
1A6Qvqjhe98
1AAk0qGO4fk
1ADbYs5v2Hk
1AaIhBnRz9c
1AdWjAiikKM
1AfxN4LthOI
1B2hc7luaDs
1BAjILNsi1I
1BJ21xIEnU0
1Bb-H9lCY-0
1C4ZCUAn4Rg
1CE3X4G8Jw0
1CEtKUZ8e3Q
1CXew162vRU
1DEfGMDCHVY
1DG-Vw5tUzY
1DKT13FZQmw
1DoiEmtpDyk
1E83rEATlQU
1E8xoHv-a1Y
1EQy55TAliE
1EVN3KCrTtQ
1EdQbMhBhAA
1EzSmM8H9y8
1F4w1s0x6LQ
1FVNJKw-FBI
1FlSclUXIMk
1FqHvVCtvQ8
1G3rnSTirwM
1GDe-CnkvO8
1GHRHQDf74U
1GWqkoBaE6w
1GpSDFIPMS4
1H6fPE7sU0A
1Hq-r1H7O7E
1HsD_DFOScw
1J1dqZCBokw
1J86CxhTI5U
1JFJ1mch9bA
1Jf2T38BfNY
1JsOnIC-W2Q
1KL8AXEwnGE
1Kynk2lHz54
1LDt2Zk5R8s
1LIGs5Gfo98
1LSH9k0KuAg
1Lc9rZjsxZQ
1M8f_JQWQuo
1MJyziCciwo
1MkVy7I9oAQ
1MkWyqXyRN0
1NNc8Yy1oNY
1NRQGX0syL0
1NWm6tLwy6A
1Nuwr6Hmnro
1O6IMkfCnmI
1OBPJBZfMLs
1OGL8ijRH84
1ONEfAhWVZE
1Ob_gO9Q-Uo
1Oks7JptW7g
1OxZPb4MnHQ
1P0f4q5lYvk
1PEkedulXhk
1PHReEt7YZM
1PgOr7SppRQ
1Pii-4SpHTo
1PoH92YmBFQ
1QPKPO3vtvo
1Qky3Y4wi-g
1QluwTiGiSU
1QnE2VT-bsI
1R9JT3T5lkc
1RBWb7JDRFM
1REKM1sN-3c
1RRW85ZYyO4
1RVw9dKAmcQ
1RYplYZqfZU
1RuNcAxoheg
1SGfuUYjpAs
1SU2vgICidU
1SUNafFDx6w
1StJj-PcbuY
1SwZPgnkUsk
1T0rKc_akM8
1Tej6CLBWnw
1Tpi0-FY098
1UEjmwPwXUs
1UKz3LyKGdU
1UXlnY2Zdak
1UuYGj-S0xQ
1V-qnk9xPao
1VC6iR70cqo
1VDfU7COxso
1VR3E1ZjLyQ
1VWf6K3oMgo
1VaX8gt8sl0
1VxSASAxRlM
1WB6LhBQqO4
1WJ2NphP1Is
1WeDjdUmVC8
1Wi-luZySsw
1Wlgn8N7n9o
1WnfWJGeGAo
1X70IO3bmmI
1XDbLCUuLuo
1ZRGV8hWG2k
1ZT_Y-Yix5Q
1ZeYRGPS8Uo
1ZmwUdoNAzw
1Zvu-6BV3Bo
1_8fvhJaMwo
1_K75vRGn0M
1a6W_mDVZM8
1aPmbvpFOSI
1abY_lt4fV8
1aeYLmC5YCs
1b9HUrhjX18
1bM3vJiv59s
1bX872glzKw
1c-bssRHtxs
1c2RIOqKS9M
1cX9NGSTdXw
1cXKa6BwNvw
1cZineeFkcc
1ccGBrkpX5w
1cvlb-sUPc4
1dJqH45v_9M
1dZz5Dp-3iE
1e-cpNkL-yw
1e23yVFxhJk
1eVmRzh2M9w
1fA_WlSfpxY
1fGnirG8dAY
1fa8sfEmYDs
1feEuBTijlQ
1fmTgmbuT6M
1fmUTAx8LtQ
1g2IwcqN5JU
1g8zHpHpuLg
1gexYPdZlVA
1gyLgRCBJI0
1i-sJxOpni8
1iKVzhznLPE
1i_hgGIINRo
1ijkAY4XtnE
1imvaT1TasU
1itCLvyni10
1iwZIY3iLbQ
1jburafiNL8
1k7k-sdZOVE
1kFV3VixshU
1kLAEzQeQ-8
1kY_EKeqa28
1kfUvamPq5k
1kzbvakEyXc
1l4ebo98YHU
1lCq4gehK8s
1lIqbIBdzsc
1lK1ZuDLjMo
1lQl3ZYGvm0
1lTgM48Z2Cg
1lgniwiNjVY
1mCAKfDQ5UA
1mClr_g45kk
1mTmDp3ONeg
1mXCFiOAkR8
1m_1tDjlN3w
1mtlKjAJ39U
1mwgjP5MpgI
1n519AHp7Zk
1nL_jJZr4oc
1nRtO9Pgts0
1o8jBi43rAQ
1oS_OqeMjT8
1p0PCLilan4
1p97Ke49bjs
1pBb-RlEf9o
1pHJyFSg8Eo
1q0-CqH5Q94
1q1stxFVaZY
1qOTAj-uAD8
1qOkpDl2GQc
1qXmkJDAyt0
1qothq-gU-8
1r5TfX88G2I
1rZkS3yCeF0
1rf1uBLmEyU
1rkpJrhprOk
1t2cJGarQ4Q
1tPHR5D-v44
1tSWeP0ZB4w
1tTlPG60MgE
1tiQOgCHSJE
1tqJ9g7ZMRw
1u0s6-JKlPI
1u339v4itJY
1uFgLK95-xc
1uMfYdrCev4
1uMhg3OCzc4
1utG59FEYxU
1uvzAit9PLg
1uwEqrt4tzw
1uyax83Epeg
1v4v76pR1gs
1vCU2LEWonU
1w3i0GVFz28
1wRhYaVMVgg
1wcLWfKHH2w
1wrgSfl08Cc
1wyfphP8EU0
1x7fX1zmXXw
1xuYZMI0nhs
1xyPvLaaBKU
1y-A18P41sw
1yKqEnIH5uE
1z3rmKG6hQk
1zEV5NpgksI
1zIYGy2STNA
1zYwqBxVEdw
2-G11eRXj0U
2-OdQNTbBX8
2-SKO809lGU
2-jotaqBEd8
2-y1BT12ifE
20CFmjkLTAU
20HY0IcIRuo
20LrzjpGJGg
20PIyOxM7rQ
20hIoZVgsb4
20zA1Az8Hb0
20zohcpsfYs
21-Iym2yWZo
21eCK0Q7G18
21n6SnWSP2Y
21rLJw_zH14
21wWPT-7Og8
220FXHK5K7k
221hgttW6P8
22F051Q5ano
22JHETKoOIE
22Q2ZfTc0H0
22ZLda5kzpw
22iZO0Fltgg
22lFbcWfeR0
238DNbJrpHg
23HeSeHAMvw
23W9McV_wm8
23kjVUTMp7s
23oXLA_TDqI
24-8pmGVPdc
24AYyET5h9Q
24AuFj5N3JY
24UaUgyNfBk
24y83I8df14
24zmftrgaOU
2592kt4vAY4
259TkbOdlQM
25ElGfXL9h0
25_r6DBtH04
25o2PWSq6Kk
25tJorgE6Ng
26Po7Bl8RPA
26tbDSWSMXo
26yWf_xutHg
27F_da7nZ9I
27OuuTbgnno
27y6MtovbpQ
283w4xNKsfY
28TB0g-yDCQ
28dxwRW32l4
28i9tJYklQ0
28iJYgZRcrs
291h0-kLw9Q
291wlnj52NM
295NRSDMO_8
29A8Pc3vrFQ
29V_sbtyHIU
29sObgttnWU
2A24brlybqA
2ALhMioeteA
2ARrF2Hx0c4
2AjEbtwx0b0
2AsDzrhFdes
2B1vi2svJKU
2BawiaCWJ2k
2BteeNugryk
2BzL-MnQc7g
2CR8gLE9xts
2CSxPrCj4yI
2CtN60caz6c
2D-CydZWu6E
2DDDFaxA-Jo
2DXqunMA9Ns
2DdGAUWzyYw
2DqJiaCoJmA
2EhM_GMygss
2EiYPlvrxbo
2FAEh8i5BAc
2FAyCGLTFM8
2FEBNSh_Dag
2FEwoQrKN3M
2FPchW4UAUQ
2FXuSrTnZ0U
2FqSndf-hRE
2GYjZfE5uQE
2GgUwNFe7SQ
2HAxIqeuJAQ
2HDWFJeoRNs
2I1PkLacmI4
2ICnDZ4oYzc
2IOd19KKDu8
2IZHRE3uVRk
2IcEZ_SDxE4
2IdAG-QA6oA
2Ig9uEGzW5A
2Ikc5r9FYJw
2JEv-S9-yD8
2Jo7X8WYnvA
2JuerugQtVs
2JuqzkGlIoo
2K-7VH0WJds
2K5bG80qYjU
2K79RYx9Ifs
2KUkga5VhHI
2K_hOkVlO8I
2KahNkGAyrw
2L0psBN2Go4
2L1y12T9dAA
2LMCJPtYlys
2LdpSnQDAiE
2Ll6AmAU_jQ
2Ln4F9T9HGI
2M13u-uMlEQ
2MGjafohALs
2MJEUi4ZVA0
2MXV_BDAkS4
2MjgYXQJkho
2N8qtTp1T3Y
2NV4fsyAdVA
2Neb568HKO4
2O20h7l3nxU
2O6pxa5MZEQ
2O7ihGRjxhU
2OKluuN5Azc
2OVaKZhHfNE
2Oc5muyrVG4
2Od3MBWhZlM
2OjG4WGxhyI
2Q2bEUEpngo
2Q3YWBQWEzo
2QDHiLieCbo
2QheOlyuRW8
2Qr278DZ4Go
2QvPbSOme7w
2Qv_5HNuc7Q
2RAORzvogTo
2RGrSQE7o9A
2S4xVOMbTLk
2SEckY9uMcc
2SREBKgwXRM
2StbC4uVjtc
2TdSMCwWw0Y
2ThF28LI8Uw
2TupvqsHaGU
2TwSWAXaB3U
2U1YBs4pNPI
2Vf2GGbABaw
2W-Bao2m0t8
2WC08gKhDvo
2WKziNIin70
2XTaE90T7a4
2XYLkYdwqsQ
2XmdsoW1fdU
2XwP1q_04hg
2YrDvotAW-Y
2YxcS7KJ3bE
2ZKIPIRyNho
2ZUYd7T0Xeo
2ZmnGkZNiBM
2ZnvGSDY_Po
2ZxhGxAOtB4
2_2GUQW1vgI
2_LoyvPev2w
2_eyQisXTmY
2_hKAWiVxf0
2aFT0UeGCjE
2aJugWSQec4
2aKgnus2_tk
2ao_kKsoV5Q
2augnftUwe4
2bzLvf6XkFA
2c-rm0uoWzE
2c4zBIgMVzk
2c6JTKP1idw
2cELBHwQm9g
2d-qiS9kjKQ
2dUJeX_2Iak
2dX7oCR1fq4
2eCTrfAXaRA
2eDy8_uyg-o
2ePB8wqziPQ
2enH2UV3qik
2f2IJmgLHOE
2fMFwj5MSy4
2ffnej0QYB4
2ftM9QIzT1w
2g7_gsP0DO0
2g7r93_0Tt0
2gBzbdS9um4
2gkSTkRdT78
2gn0-B9tKI4
2hCjej32bXI
2hL9GZqCkwA
2hLxOJoSR3M
2hORQGBCaKQ
2hY3dpxdbyI
2hnkQ7NOONs
2hsOO40UEik
2htOwpBHfqs
2hxTKoO7yBI
2i2pkkuT0uA
2iGn8j6QFC4
2iK1Liw3ywM
2iQ0Y5IjOYc
2i_kcG7kUzQ
2iveRO-BblY
2j8Dcf_8LAk
2jPjUO1Fx2M
2jUjwfZzTkg
2k1sFBB_NFs
2kdN-dSGhOQ
2lQ4uffbUtY
2liV2WDb_qI
2lxYjmCM7wo
2m0dHcxupuc
2m4-Er5L_Bw
2n1dIqurI4Y
2nULmcoZ0Kw
2ngMMUtiZP8
2oOREv0QdGY
2ocnaYs4fcs
2ofjRznzQfI
2ojKqovaMK8
2pFn6HiIchc
2pXlV2TyEC0
2pdJ4yeqGuE
2pzdVJpTL-E
2q-sEIcEAv0
2qmQA4HEy4c
2qr63XC4Xg0
2rezQt-LhH4
2sIZvvH7QTY
2sKjnou4d64
2sM2A7wW9_U
2sSfpcgAKPI
2soN5qhxwLg
2svF_hJz61s
2tIBT_536BU
2u-yHXLOdlA
2uBB_GUsIpY
2uFpwD5yte0
2uP35DMu6o8
2udB-SKHw8w
2ve83tMGJiw
2vqKbADuR-Y
2wFOX3PwtA4
2wR9vn1Tb4E
2wcVLntHci0
2we-2WdzYCg
2wo2OdqAD0s
2x2C4w49AaE
2xRXu-b7mGM
2xah6uajAN4
2y2rCQYJ1m0
2ynOo79h3RA
2zE6CP6voFk
2zHbhnJp-DU
2zND_gTM6T8
2zRMSvIt02k
2zYLlQwz7ZY
2zpg2mShHAU
2zrHEG6MXQI
3-6tg00LlU4
3-Dh48cIsw8
3-_YJtlVJNk
3-mdPjoejx4
30XTgfMpi1g
30Z1_5G1vrQ
311rcJSMiik
3122pTW5Z3I
31UlpvsMzqw
31_m9ubn-zA
31ePEfHyQaE
31f06kQJcxA
31we2jVHELg
3202fBD3Sz4
32ldsLJs07A
32ruTGpXq1s
32tYnBXlyNs
33NhWwe2tEo
33Q9MOgWYlM
33VBGILLpss
33WhGr4c_J8
33fYvp0whOE
33lcXxDlV8Y
33nn7q8klwg
349QgDfuaRY
34DH6miBQP8
34YpIfoy_Cc
34egWG-d9FI
34mR5i0rPEY
34zuHfDfr6U
3508w9ruFSQ
355OWfUIhgU
35GCXLKMZeE
35WS6ZSO47g
35ZAVFk2n1k
35b95rpzMBA
35g69pkwn48
35y5Hplj7zg
36ICHi9urDI
36brD3ohUE4
36rB80qMmNE
370jUGOuDbw
37DDL41o5Cw
37IERdrhOpo
37QA8nvVXN4
37e2Tgzr5ec
37yL3KxhY9A
383y1UXlIpk
38IxKkb44KA
38pFaH9PyOY
39MZ1DxIjTI
39R3BTNNyhM
39XrYrjjD14
3A9DHUfVD0A
3ANPLu6XVkM
3ASFBq1aLds
3AbOLJYngkg
3AcfH64ZkCw
3AwCyagwxB8
3B0wAffVDL0
3BKt3HszDAY
3BRvNpHoXjk
3BTkHXFRf3U
3BgALis_4zI
3BhY0Ra6IoI
3C4XRbBrDVw
3Cbx48-Gjss
3DkROxwTBAo
3E52rZUuHrI
3E8vSIhSwFQ
3ELHg9ZGslY
3EMaGfYE0Vg
3EW_ll-hvj4
3EhCqrZOYjc
3EkIgDK-Gr8
3EqQCxkUy1A
3F3xOv3FwZg
3F4VYblKjs4
3FL3deparCw
3G0HJFFY-K0
3G8QvwjUi8c
3GEZK35SSV8
3GFj8H0W-DE
3GltpeVQrkk
3HBUo1p_-fs
3HKvmMyNxgM
3HTb1n8vTj4
3He_ebPt1ac
3I-LJCQZw0s
3I0GuP8fOfk
3I0JfrLJd4w
3IEpCE-oz7k
3ImDGuHHV94
3InTukZcxso
3J2OytXzlog
3JCaNqGZMwA
3JHhHZjGG1g
3JV7xpvurOo
3JcG7_n57yk
3JgOtJSxvHY
3JgU8MHXsA8
3Jka1Z_ff2k
3K4h058ALOY
3K5ytk8IRaM
3Kfpe-gn2uE
3KtBS8M-aIs
3L8PfRJrCuo
3LN18QN1bv8
3LZtCBdMg48
3Ld0fM5A6-w
3LjTGFZQG8U
3Lu0asRbg30
3M8C_b5p2bQ
3M9kk22rqvs
3MOPa3pJgRU
3MRzDZwSAjY
3MSHpySV-VY
3MbTxWX289E
3MqkfjmEvow
3MzkDyA_FPs
3N-hWcKPZis
3N4HsHXWNdw
3NHS22L1qWs
3NZn4Du0VVo
3NuCUt_dEjo
3O21tInlQj8
3OHUBLSM6c0
3OIwYRqhaqI
3OvovnaO8pk
3P8ql98PWVc
3PgN1E4jCOI
3PwWzOx2CN4
3QAcEIjPgxc
3QFafEoXSag
3QmZDEyXXVs
3QxZLZdK2hw
3Qx_gl-l5X0
3RTttz7xtCE
3Rdbh-8RDdI
3RlNNtS4FBw
3SW4inZIblA
3S_Uht1U33k
3SbKpDoK3fU
3SbnCb-yOU4
3SgKUCWazVM
3Sq4cbP6_H4
3U4t4XjwxoQ
3ULnH7KAbTc
3US-ck0jg-Y
3Uyu56Z4tps
3V77MXVziF8
3VUZKPP6vvc
3VYdCOoTaL0
3VsfsqMWRTQ
3W1MkSYmN28
3WNKIKfaRwA
3XAA8ihiAjs
3Xp8KViX3BY
3YI5i2Vvit8
3YtLvWMBkRA
3YvK4xrBoRY
3Z0yh3N-OWs
3Z8XLDv42j8
3ZG-LOYXWLQ
3ZbG4phBw-Y
3Zipbyy10JU
3ZmlnlZS5Kk
3ZpEz8hixBs
3ZqKlBXjaT0
3_27q48yGaI
3_Fkyn18VtA
3_Ib6dpiivc
3a3YUsr-Waw
3aJhmrRQcMY
3aVloRlNM0U
3agvTVkIzsc
3apc5WxgS58
3b-UAdltm3Y
3b3hm3ownCY
3b6K7uS-fcA
3bSav_0gQig
3bhe9o0kc7U
3c3ckTSLUuM
3cZw-8a6WmM
3clbjEWYYgg
3coe1r5eCi0
3d4AfRm0qJg
3dOATIMG7DE
3dOrQwoeg0I
3dPzRKXl5OA
3dURXlrELgI
3daYrcF7L7E
3dtc__AXnVA
3eBmVSbbPwY
3eRM75H0DY4
3eXJhVnMvgc
3flV8Mr11XA
3fvMqa3RzJ4
3gEdgg-XPLA
3gbHnQviq_E
3gfJrPCNh_c
3gpcWTVSh_8
3h42TY2TonE
3h9jAqYoJbo
3hWUxV7s1_A
3hhHw7of69Y
3hhI_0Cplc8
3hiW_RMvNAs
3hm9FDLmGes
3hzpkEkC6cA
3hzu56X1M6s
3i-maW4SfVA
3iENY2DDFXU
3iEXl1lweew
3iFqewvYklw
3iS02RF09XQ
3igAmG1VK18
3isUO0lCqO4
3jGIVHZCFzI
3jUroN3Dz6w
3jW7tQmc-xI
3jhVI31IHGU
3js6rvQxxWs
3jyvOB4KlqI
3k2uSwVPTpw
3kIq3bUSC-M
3kJySMKq9tA
3kmTnwn4c3Q
3kym0_9W-oM
3lGym_JRbfk
3mgncDnwQZI
3mleL0skshA
3n8eV_UbpQs
3n9_qRtrE0Q
3nT0q9ewGvw
3nnEE_fsdx0
3nnu84rvLHY
3o11KzcXMOc
3oGciVotWng
3oNJNaxUzlc
3oa_CBCmVq8
3oheRbc3ZQo
3ow4VHglQV4
3pArHoKB8T4
3pGIds80fxM
3pM-DBPBe0E
3pPWIl8bnw8
3pbV3ZqT6-4
3puOFVgk5x8
3q4ZRM9arXM
3qJJq5aUtvU
3qRqCC-2boM
3qULn_14cHs
3qVJLv7fRGU
3qdHHRzKudE
3qk6yt_Ruhs
3qp0Xvv1c3E
3r-k5iVzcGw
3r8rImire2A
3rB2r6X_rMc
3rZI86xjCjU
3redf-2M9GU
3rpQEUOXtUo
3rvQkl2Ll0U
3rzszsL1VPY
3s1dk1Vsm4k
3sJydOZBd2I
3spDAfnNdhw
3tkrDCP4scs
3u3pJ4_CrPc
3u7_BkEV-1A
3u8kfd9MS7s
3uepcd30qJk
3vJQBm1kKjk
3vZ_bwKSR6k
3vycWJutL_0
3vzmHh56foo
3wQ0kXPqU6U
3wT4C61PhkE
3wrg9BU-sLY
3xLY8oeCFyw
3xcUhZziQdQ
3xs9tDXo680
3y4IH9VeL1Q
3yX7zPm6gEE
3zg0phHKXKI
4-5CLvu5Mao
4-6zZPLXD5I
4-Mxsko0oWQ
4-cMKmyFcY0
4-z16JoTVUE
40HT6QbO3hM
41BsXYsC_5Q
41L_CXgMlAg
41Xb7qz1yBM
41ZN5uHZM8Y
41uGzTtcqTI
42LYgO8jbj8
42WQ1giz83Y
42YXOjIRJHE
42wSbM6bL3M
430hDWzLGwU
439C-nRA6Uc
43PvNNZU9wM
44D43NciCYQ
44IGMQwRV6s
44Jg5OqhEOU
44RjJPxZNRU
44xq8JGQZdk
45L4pT8mTQ0
45uggBfCAVc
468zR0XmYeg
469SOi61k9A
46ImJSOVAeQ
46TM9mSgdBc
46XYMit5OPE
46cLfAjRnkI
46cp43Z6D9w
46e3PHWZX3g
46gOP49s3-g
46rTRmRyXGM
46u8tVYs6-M
47Uo5qFbBnU
47XFPbHSCxU
48M-HM4SwiM
48S3ySiwUGo
48UaXMFrZ18
48VsdJuUNJM
48ZxI1WGonk
48rIJzbetKQ
497_n2xHrNg
49xu_WEOQ1M
4ALnY3tPAw8
4AZAHmtlF-g
4AkFWNfy2pU
4B2-aRFGkCM
4BpPMAHCo88
4CZNj6gbIik
4CqFaU8R2MM
4CuxqVn0sUI
4D2Q9yuXFtc
4D4c0mxgEyQ
4DATD8V7Xdw
4DDpv-u8vTg
4DJ06VGxogk
4DRCtwbSEXM
4DgDU45_ARc
4DmegG53r5Y
4EFs6D1I3MQ
4EMWS1dzfH0
4Eg2Io64-x8
4Eh8Yw95OQE
4Eky0XNyHDc
4FkpqmpE54o
4GH3ZY01Spw
4GtPljPbdAA
4GvL-HJzuUc
4H_8UU04jjk
4Hj5Xs3PxLc
4IALpuzUHlw
4IAsbcrmoso
4IEBFANpCiI
4IMUXwgVAgM
4IaNh2wfO-8
4IdJKHb2AgA
4IeTuq7lexs
4IpLuxEsYx4
4J9Ag9sme7s
4JOYdvqG1oA
4JZ7ILc0SCY
4JmdaVYFtZQ
4Jtc9fWUhX4
4KVlunPAw8Q
4KkFwuQLsas
4LBV4YiQ1Js
4LGxLhOI1kE
4LKFkSlAIoM
4La8bbfePVA
4Lgleejjmpk
4MbV19H-FP8
4MtZALymIHg
4MzFBlTiscM
4N660SOzMmU
4NDiNwlWUss
4NDzChj2G84
4NEvMJbXnwY
4NUKixchOv0
4N_ftZ2ycyY
4NqDNl0feFM
4Oqf2q3QHWE
4PBKfV3phS0
4PVRBV7tHXs
4PmbJwy-jco
4QJNWOKwpa0
4QOI3jX017Q
4QbJY4f6t_Y
4QfpgKEK1KQ
4QsFfgb-R28
4QtkpYaMSCY
4R2Qk-PxHdw
4RMb9b7uolM
4RcWIDIz6gg
4Rk0CBEfvVQ
4RuXxEYKMd0
4S2A1mmLx8s
4S8jkDG7Iug
4S93TXHQHDI
4SFF1Ay1cps
4SPQNAud_xA
4SWPBqHy2R0
4SkgNBFHktw
4SrEpDgRzuU
4SvkVQeBDhk
4TJW1u7ha2A
4TZSQOGvR_8
4TdpwfpfoaU
4TfmbD9HS7A
4Tk-KE__jRI
4TyXL_DraF4
4U8u0LvvTHk
4Uc8oXqI-Lc
4UyycRdgwG4
4VMI275Jdn4
4VW1hnUHo0Q
4W8LToUf-dY
4WCqmZWwQ1o
4WovPYalkyg
4XBapajO9js
4XHqamvg_tg
4XWK0qWNWGw
4XcZUVkNrPI
4XrSB3paj0o
4XsBd2ep-IE
4Xy1NNoZA1M
4Y0NZqJGuOE
4YFK-AyKbbc
4YFcWqxGdoQ
4ZHAojdgxO8
4ZT6J1tvjqg
4ZmnuSYem7w
4Zru-9VqHf4
4_8VYvGhYcA
4_8gp1hUwVU
4_iOYn_DnEE
4_qd78_Qfy0
4aDJFezY5II
4aF351Qu_eQ
4aOuNIkBH88
4aw6rozxX1M
4b5aaSHZIKc
4b8nAX_otbU
4b9g3Y79lgs
4bGVuLS8GKc
4bboEzXM-Pg
4bsbanX3j6k
4c1pbUs4jM8
4c2_2sA-7aQ
4c9fR_2Kw2M
4cRvCi06HMg
4cn-GvT6KYo
4cofFgXKlr0
4cvXybeuCgI
4d1ESEpIbkM
4dAdpwLdHFo
4dBRE_ItiS0
4dFt_DIqliQ
4dyxeiNNC6U
4f-GPpf3mbs
4fGuenrcO8Q
4fWln-PvkVU
4fqpNdk6GMM
4g9pXbwB0xk
4genSTJ5NTQ
4gnTYX6b1Y4
4h7lQqCaMjY
4hH1KxByrQk
4hZBS9hL_9g
4hzwg9sSpTM
4ijMHYyl4pQ
4in1TEMpWNk
4iu1Aaa1mVE
4j9qOPVB-Ik
4jJySGwldbQ
4joeWUNC9PE
4jqV1FQxci4
4kBFtV-p1b4
4kH5tn8duwE
4kL0L76XkWM
4kVn8JRYSCA
4kW2ZdCI4Hk
4kZvEfK5PqA
4lWQau26_LQ
4lXrrvM-jIs
4lrn6BX_4S8
4lwpMnN7gKI
4m2MRm9K33A
4m3p1tl2JCg
4m8RSDCbzCw
4mAZaxETzBQ
4mXjXCipKSo
4nDBJVMgryU
4nG0GMPEQh0
4nOGwqA30Tk
4nQoEa0Jcpw
4ngDDq7p92E
4ns8tmKh8uA
4o2vTqTErZ4
4o845GBkCfo
4oLqzgVaZkg
4okvoTf6DPc
4oqZOqDyLkE
4p6rlBfxHp0
4pBoJV84PuE
4pFs4DqjAbs
4pJeH9PykEY
4pLevKKl_58
4pQ4Bdjkh84
4pTztNP6mzM
4paq23tdubU
4pfUEn9o-_M
4pos2pORGJI
4pr5FXJz9b4
4pwCjHe2K0Q
4pzME7oGOeg
4q7tyM5KfaE
4qWpyHFU45w
4qn22y-81F0
4qpjNIO5AcE
4r31FiYddmw
4sD9f1h2lJY
4sN2Xkwhouo
4sUjJV-xPaU
4sVETpLgj7M
4szEXpwAfC8
4t1eFi797uM
4t2TsJZe2Wk
4tAdTpOi3Dw
4tC6FD-C3q0
4tkC7VVHapg
4tl_uvQdLZI
4uv7UtoYh7I
4v3Bn3pb5zM
4vTzOYhV8No
4vVmfaPlXDI
4vbkyhnVK6o
4vcCJaYy2cI
4w9RuSe6EZs
4wWORrbrD9w
4wk0aETBHH4
4wk5PLKHyvw
4xYGZCDp_t8
4xu8aBrvUAo
4yE2KtanmYc
4yg9w1LgmiM
4yxHl4VTbdw
4zbCEV9lV5I
4zs-O6Cu2Jw
4zyO7gLbzWg
5-A7H4OUMN8
5-SWL-IbsoI
5-bgbUzF-go
5-jDaH5EaHw
5-jGGlM9oCM
5-zg-dWzHAs
504yf8yyTkw
50CZGx4OvP0
50WGK3-BM_o
50qWMGGHLcc
51FE2n-DrHo
51dgL3Of0ZU
51usD46E5TA
527X3Fq1WNA
52KnvGsJ6FM
52PM2zzZ7YA
52QyQCkpgmQ
52t4oWX_BDc
535-qlTF9Hk
53SXAeOdeEY
53aqX8x8hNo
53mVjzPReas
53qoFL81XZ0
5493TwnHTzo
54BGn2uPAmw
54lQSRB3cI0
54nYhJ-Rx44
55yyJhR4rFg
56BiTPRIbiM
56Fa28bWDh0
56vyUgicQ7w
57BIea4rk-Y
57ZSegKQiCA
57_9uKrSWzQ
57xLI20UpXQ
58GH1Yyt12A
58MUtX_JRWQ
58g4g1wtneA
591Dyg886_Y
591SdeQFF-I
595yxXu_qao
59LLeU-kJfA
59M61eywhps
59em522-_s0
59uS1yGmmws
5AM2AWWsxLo
5AbgwMwwRyU
5Aht8DXRYuE
5AmZtug1HC0
5Aq-WldbUlI
5BE2vsAx7jY
5Bha9FZATGE
5CKyYGuh3F4
5D5Y8ov_w8c
5DL6sg32kFU
5DQyshtLc0g
5DbK7SZk-Hc
5EiHD5HfS-g
5Ejg35wnJPk
5FEACnpUo7Q
5FFgw-NoZgI
5G6jCWVt-n0
5GT1weRmPd0
5H8wpepRxwA
5HlCYyT5yyY
5HmqM9iECY0
5Hp8KJ7fw_w
5HuL9TNy7sQ
5IB6WjRnn4g
5ICs6jFv450
5I_TzPCuEoE
5J530zzTR5M
5JXB9Tetu2s
5JhPV64uvdo
5JtTqE0UJLQ
5K3iFJ0K3n8
5K4_xaXm0zM
5KIPTeneuYU
5KN7e2nshe4
5LDnlxtAsIo
5LN-dQhyrDY
5LPswOBFgrI
5L_FmD7eXec
5Lb710pctH8
5Li-bD-TpC4
5LpJ32WEG90
5LvgHUukZRI
5LzhE4b1a0A
5MGsaw1Qi4Q
5M_2ql1m5gk
5MfjT5x-1bw
5MrSIXHpBHk
5Ms1hZ3_Thk
5O6aUWd4yjc
5OMD6tVfvTI
5OYLueauOg0
5OZGt8THB0g
5PH-gy-f5AE
5PHsNBaEZdM
5PLRD6rupfY
5PReB383MSU
5PdQnP5p1D8
5Pew8_MtG6w
5QEv62oJdRQ
5QVd1PKb_DI
5QadK26ivpM
5QkF5cgmRKc
5Qx0J00naT4
5RPaNilSDlc
5RWwdN7DfS0
5RcjyZ4TsjQ
5RtsP5Mo35U
5SSBstW8wz0
5SzHQi1hCL0
5T23wkIEo7Y
5TFId2L9CTU
5TFU3TbNg2o
5TTKVF-_Eic
5TW6HxAk7-Y
5TYCyBXzHRM
5TZxc1h-m3k
5TfCZVYbDvc
5TfX3PKfScs
5U2GjUMwYDw
5U353Ab6f-Q
5U3wcp8UF-E
5UCTa6NSYLM
5UfZ2qVFqGQ
5VzGuN-Tsao
5W0ASE3CITY
5X-mOuYyMxA
5X7FXtJ1AII
5XDyo5st3-E
5XKNfeEcDkA
5XOxCtDM1nY
5XbRXPp3W0E
5XfYF6W0SpQ
5XgOZcl1wp4
5XxC5E0rIp8
5Y-0LLCVE7s
5YLiBWzqKEo
5ZVyKzzUFJ8
5ZYTcCI0Z2g
5ZbFJ0VjMfk
5ZpGn3mnks0
5Zu5is2MFPE
5_26fdkBFog
5_A8Z_palDk
5_vX9frxFX0
5aBG9ifVZ-U
5aRzocdKO6A
5bKTkLNQe3U
5be3EmqCxYU
5c5VZCARk48
5cBL2_4MDak
5cIGIQR14vA
5cLOCHwIfvE
5ce_Hi2WNLo
5ces6oxn8g4
5cji1z6-1Lc
5dJ7FW4DRng
5dJitvcGcRY
5dSTePMWSsA
5d_hTed8Jnw
5do5BmU0-cw
5dpsNISwFBE
5e2XAXHr-7Q
5e9aK-IAh_I
5eCFH8LFQKk
5eJKIGITNNM
5eoB168wAxc
5fIrHKFPReA
5fMHJ4ucw8s
5fQvw2-PJ5E
5fR7m96QZRg
5flYysmo5tU
5fn965IlQ9U
5g4eW51DOsA
5gFuzQ0Txsw
5gN-C85ZhCg
5gPVRJXbtY0
5hIxYFYsUZc
5hPj_F3JwwM
5hi-Q96OPlU
5hipEtPSPNw
5i33hVaie9M
5iE6dtZ_w1U
5iGEvQqZV0o
5i_kcsvemDI
5ipukuC-7-o
5it1VBCwD-0
5izsjHaenIA
5j9LDlxE1qE
5jFKL-Js64M
5jGTT0cw9_4
5jhktAuOaWs
5jubAGz3kQ0
5juv2whpvs4
5kK0LEAOvSk
5kUirInidQM
5kyzN0_kG-0
5lIg2kOu4xs
5lspoZvud-w
5lvPiLE8koo
5m0bqqmXBng
5nADuOruvBY
5nBXjor0aws
5nCvs6O-tx0
5nbofpKyYLQ
5nq349b3I4E
5oAZ1rgRitk
5oUovoERxsM
5oUrRwpT3TM
5okUE4jMnTk
5p27er8c2ls
5p44ahpK9ls
5phjM9BPiVo
5qgWHyAQw60
5qj0k4qaG8c
5rC2vJjVChY
5rJ6741l5I8
5rJqbqtAacY
5rUPTslZaRY
5rhaz9HIzKI
5rkDemRDN3o
5rvt0oyUZ90
5s4CrPR2Z-k
5sfVra9sEKo
5slAa2mkJVY
5sn3KVHMsDI
5tFJXPieCgY
5tQe3hqCc-o
5tRl9BlHciA
5tYHQXLqfmU
5tbk5kDmhuQ
5tlrex50wGo
5u-Fvig_9aQ
5uDwugzL30c
5uPoxAeentY
5v-hxry1exQ
5vAyVym8bDg
5vBB7F2lAgU
5vG6T2_We-o
5v_zSPcCHUg
5vh_9chT3cw
5vn21kulgK0
5vuDIZ5eMO8
5wZm_BiNZdc
5wdTgonXbEY
5wh5eogfClE
5whe8Ec9XM4
5wypTycLHL8
5x-9wwaY37k
5x9Fitgk-IA
5xOZ0a7Y_UQ
5xnqpy9BCyU
5yf8-pb2gzE
5yfjSIeoNmU
5ypePvbN-VQ
5z2bpDjMHR4
5zVp-O-CPfk
6-HTwSdbR4M
6-IN07bTivc
6-Lh4B_rKes
6-m6bYEzONs
60ENS41VaWE
60bD8TEW-lE
60tWPiHyhr4
61OW62GxJPc
61_zCH-gQ4o
61hr2im1J0o
61t6ihz27o4
626IONhmoJk
62bKAk8VT_0
62eR0fv-qR4
62oO9khWjqA
63-wg3s_9Yc
63IYazyeSPY
63QJIjlbJ9k
64FAdF-z2KA
65J6KVbuG5I
65hInsSmUY8
66DX7J254Vs
66cPmvBwpbo
66e8evkCHps
66eWRKXpEow
66gl43k4aec
66uDcu95pIg
66zOuIl7QCQ
67ViIppQkXw
67sHuZL4QaQ
67x8GTdsgvI
689hZD221jw
68Ci-fvpzuo
68dmY9XTHU0
68u89doC6tQ
690u50IjbxY
6975n0k8FhI
69FgKxzxLrA
69IAQCocjo4
69Woo9rPyqk
69_-oQuWkdE
6A452l_IgQI
6ADmMJm0f5E
6AE8OWG5u18
6AJBHaSONLI
6B4ezy4Ag7A
6Bcfo3kY6fY
6BlztpFJ-nM
6Bw4oiNvU4g
6CGq__Y4cm4
6CSt0rKPnIM
6CU__nGSAg8
6CvU0BzWInE
6D4Y0GbbLg0
6D_UUUfQ2g4
6DakT_ft-T8
6E-fm3maBC0
6E5jxJXbI6c
6EJFB2T8Cg4
6ET_QrM6NpQ
6EWaVEs6t2g
6E__nE3eSBI
6EhKQuYTCY0
6EkC4qy_gc8
6F1s_37YJJQ
6FFmZRUGoAk
6FM3zjvRMFg
6FTrvnioGk4
6FgE67EvC5Q
6G-3a-NzrFA
6GGcgLQ3-Pg
6GPvkG11ZG8
6GfkC9UVhs8
6Gr69TGpTYU
6Gzddk32uSA
6GzyvPdWZIM
6H0nVUd5vLA
6HBie-yjRmw
6HRv4qov1Uc
6HdQBW8uLnk
6HgI8H75Sms
6I3Q6vIsVwA
6IWJjrb4pdk
6InIgM-lczU
6J1ioNheXvA
6JCcxWboA6k
6JV21-8feqA
6JcCZboAkpc
6JmoQ4LKr0Q
6KE-6lkF_JI
6KU7XJv4M6k
6KYzDGeA1bM
6KhAeslrXks
6KxD-GB7LrI
6LJdc7Yw5pE
6LT9F8qUMLM
6Lbor7ji_A8
6LcEfy-kYQc
6MIKvfiadis
6MhOp1me7lU
6MoB_KBHZBg
6Mu22CPqdBU
6N3SdWlUK6w
6N51XqKCzb8
6NGLKqWtXdM
6NJuJrdrTe4
6OFcS5z8I8s
6OxkqvFHs0s
6PDjX_Kan3g
6PGkFsX37u0
6PHupEy9oLE
6PSaE0rajxc
6PfPx_huE0I
6Ptf62mwUjE
6QDThM8Hpjo
6QXicpb6kBk
6RFPiwfz4H4
6RHG9zG3N64
6RcJVjHkNoM
6RcbCY_JiEA
6RuY3g194k8
6S8uFWcc2qc
6SrkfUgDRLg
6Swu96JoqE4
6T45GyIledc
6TDxePf9NNA
6TtfMZyLRqw
6UZlndnsrSc
6UfOe5KSOP8
6UmxNAdT7bU
6VAG9nuFpJA
6VE6B_bbYds
6VbRo19lQV0
6VmSMl5bEbw
6VvoPzt0e-o
6WLL4-1f7iM
6W_pQkb1BFI
6WfKvNojss8
6Womfc5jX3c
6WqAjvesAr4
6XAgtR-mrzg
6XU_b4wdqwk
6XXyQ0yrs5Q
6Xk3-q6tFPs
6XoJbGUSkIE
6XsnFvu2IRE
6Xz-CjERrbU
6Y8WNbGJtks
6YDnLqlL6tg
6YYW19OIbl4
6YZw-I2Rkvs
6YcVxYyGTmc
6Z1daDJx67E
6Z27r2bntyc
6Z37XuUC4BM
6ZbMytHh1vU
6_XsUmY1KSQ
6_bE95AE-tU
6_jaEce7y3M
6_tsfviI0D8
6aLDE6Qt8sc
6b4NF5zXUJk
6bFpo3HFef4
6babHsPszdw
6bvdjxSmxMY
6cBH6rW8SLQ
6cIfXcDQ1G4
6cOJC27ULdA
6cSZmjUwCpU
6cb2yhZ2emc
6chqVHjtgyg
6dI9b-6uCcQ
6dIwHkpb2MY
6dOjFKhpnRU
6de6PE2lLcw
6dnzZOrq-pA
6doKbJP53oc
6dx2CU9G5yw
6eA-k_-bPSA
6eFblBh8qe8
6eHb8JoYKWM
6eOznilILPI
6emxEqYS8Qk
6en7KQE4InI
6ers7rIIfR0
6f6aAMikCG4
6fFd34ADJcc
6fXGCxn4gpM
6fksw2CIadw
6gQGPpNgIIQ
6gf9yLqQxn8
6gxD6k6uGD8
6h7w1xIKcYc
6hFrFGYL9f0
6hh25YAaiUE
6i6ePRJrPow
6isVlXYmgjo
6jKhyrQEc4s
6jSMlj3vRSA
6jSzbKdp1Lg
6joXDofoy98
6jrS3TnzTPE
6jwBMyX2cOw
6k-UgvfYWWo
6kXdu-LUlew
6krunPyytGI
6lBqsA4jFXM
6lENNPthpkw
6l_savHRVpE
6l_ztWPHsvA
6lr7TQI4WKY
6lyONkEzzdY
6mxOfkbDC90
6n3PluDGnd8
6nPZuT6UbIk
6nYmm3uWixE
6nhtu1k_eX0
6nq_zxnvnh4
6nwTZ8DzpHk
6o4xuehhJ7g
6oLeS1vtQ2c
6oU7N-rkg74
6oeKqulSiVI
6okgk47bGeQ
6oqOpWLtozc
6p3nS2i6rEw
6pGdHUFTX-Y
6pHWcNfEJ40
6pV3aDyGnZk
6pZShc4CD4c
6pdIPxMwsrE
6pq1OLRKnw0
6ptOtlrBfCY
6qHaSBseVZk
6qPRTbU5h04
6qxWBH5FXGQ
6r2vk9Bv1SA
6rPsLvbC3cI
6rc52JAqZcY
6rdKqE2Uvyc
6rzP3yvY_qE
6sDHtKopQ9E
6seBP0Mz2o8
6sgW4AxpYOs
6tfapMSxw2c
6u3upRt_-_g
6vFJ5SWFtCE
6vrdxCvSPFY
6vzLFYS_Hxk
6w3o5otQZr8
6w4v830wvR0
6wRxinOEcRk
6wdevQtTJZE
6wraacuTRtc
6xIuBpiykuw
6xRfea9uC1o
6xw06Mtj61s
6xxKXpB7gF4
6y61AVzg_nQ
6ybfMgF5Pgo
6yrXiIY9l70
6yyHMdaVrSY
6z1SZNpiyZ0
6z3DKMhtw90
6zS_H8Zb9xg
6ziCmD7n0h0
6zmXaFYXKUw
6zs2WxCxm3s
7-0OG5uKxxc
7-Fn3iJar7U
7-VQW4O95m0
707jzTkSrEQ
70CCE1h3acs
70S-xlyB9Jk
70lP_MRzNWA
70znH0G_h5M
70zusEWYPgg
7136lOxEXGk
714zQzC1WPA
718rxNTPAeQ
71QJWRM-FQE
71xArnrA78o
72LviyQoKmU
72V2ezoA9JQ
72X8Q0r8evM
72dSq2pMeJc
73-4f8oRPYs
73F5u20J9Eo
73GxagzDC-s
73eUX0igO_4
740cjkU21Lk
74DcxwjvZY0
74OoNniMdS0
74UpDQR5dnw
74Z1OM94oBA
74kYshmqoJw
751JRqWenB0
753G2kYjpj4
75Rb5d4CJjA
761WQQapRz8
76Q4ntMFXMA
76SgS746E38
76TJ6h5Pf5Y
76WAun09VW4
76frAa7EblM
76jbBlc3mFw
777DM8pPJnk
77GXcy2NKn8
781StYTi8BU
78Dl4APpiUE
78Fptqm-b18
78KO4kdoNtE
78NNluxLQWY
78Nc7DJoOLA
78Z0EJr43rc
78bjk1zIGxk
78kkwFZmcLQ
79KcGHUtwkA
79mFkjzErKQ
79s_ZeDhX_g
7A8mzO3MvlQ
7ATqCrDZOSc
7AgWrdKC0-o
7Ap5jkUAlAE
7AyVKn1ZQdo
7BDSWQmBATI
7BIuLXaTcT0
7Bs__eSGX1A
7BwjrhKVDK0
7C155yyH2Qc
7CIPCNUAT0o
7CYluhKvRj8
7CZkyJ6_HpE
7Chg0kTumzg
7DHSKmPHI9w
7DfnWxR7AcA
7DpNnomny4s
7Dtg-23SnrQ
7Dylc9mK7RQ
7EAgL7fvwxU
7EJ1vjBUNVk
7ENwkLOcOnQ
7EUFyvRci9Y
7EUb-VKdr8E
7EoDhMH5MCQ
7FSmkEXBCTM
7FTAyCI9Ek0
7FXfCe93-t4
7FtSGf18xcA
7FvDJQAFgbs
7G1ffwSdeK4
7G9ZdqllxaQ
7GV_KhpBV0w
7Ghj-CZkGV8
7GlXLsgIXac
7GndH--wilk
7Go4laQpuD4
7H7fakxwxoc
7HQs77HFllw
7HUo2sF5JXA
7HYZnJu4mEs
7Hgglkc4544
7I3ljMnJGTY
7IHa1rcs8mI
7If4RoJEZQg
7IsFLfHZVmQ
7IuR15O9arE
7Iy35Zn46ms
7JAXWQNO_mM
7JEHEwkPJSA
7JYN7BJTEZw
7K0NjE40NVs
7KKa5b-ylBk
7KeVOuP0QEc
7Kjfc3bHjx0
7Kn--4Ew8yk
7LMqJYK-MKw
7LYBWqavWPU
7M5hbpnqxUQ
7MCGmosjCgc
7MM5MwEv4m8
7MNdvNo70yw
7MUyURpMEQA
7MVoUsUOnf0
7MfYB4ATS_s
7MzPqTk1mw4
7NRzPMEbxYw
7NU78B5VCfg
7NyB5PJHM68
7O6zCzZW198
7OLLkfCj9hA
7OegdlQgk_A
7PG4mB9a7ds
7PRy_R_61Io
7Pg_-dEmmdQ
7Q40iInMu8o
7QNdKkd6SXM
7QSJ84EPm-Q
7QZdhcNBdPY
7QhGspM2i5A
7QpFiPKboS0
7QssaTB9H6Q
7RD6zxaOf8s
7ROK_i3nLTE
7RPJl8qKMmE
7RWrsLY0C4s
7S4nILSNcRA
7SwLC2sHwF8
7SxA38__JjU
7T6BSYfZwzI
7TOoNzAUU8w
7TWcEgc3p5E
7Ty0jygiGwE
7Ty1uVsFeA8
7UAFEq6hhxM
7UxQcSlF8ek
7VYIagjfSfo
7Vdna_xqjP0
7Ve7A0lkUEw
7VwDZZCLQkI
7W7lky7sIqA
7WfnW4e3HII
7WhbKhQbIDk
7WuD4UdLD-c
7X4ECGPxBIo
7XI6G2lhCUc
7XKnIRTuVqw
7XTPzrzUEqk
7XV-Cp3pd4o
7X_pvNyRws4
7Y-4jmPRUT4
7Y2EcC0SEK4
7Y4p410njnQ
7YbgLyFy5Gg
7YhKJcEDSLc
7YnBMYbl-NU
7Yw2RLO4FGI
7ZMzLQ7pFYk
7_6m1vaJRn8
7_e0BZLlMaw
7_yh63L6tN4
7aZHRdc63S8
7ayWB0T9NPg
7bToqAn0j6Y
7cEU1JWyrRc
7cNGrA8Q5VQ
7ccZdQFYkx0
7ciZZ8z_-TA
7cn2zR8rcF8
7d45xMXqfT8
7dZPV-1n_ag
7dt9wbezBGI
7dv42kbwowk
7dvGzNWAMUA
7e-_9T3zyxM
7e0O6JMOCTg
7e8sBrBq1uI
7eDuiEan7L0
7eY2cZ6PlDQ
7f5h8jw7jMI
7fC2fqwGt6Y
7f_9P5SRSUw
7fw9-Me8H_c
7gNf50LjArw
7gSo4tu8Mvg
7gjN_OEtqhM
7h0S7DdMsi4
7hRzOUsXBW8
7hqRb_Aul6c
7htyrjUAZaI
7hz2VQ11Ytg
7i0yD4m9tZE
7i6KxExz6QI
7iFrPMF_TcU
7iGkSo44CDc
7itj2NjrZto
7jB79uSWhLc
7jEnAo40g9s
7jvTGCKSkqs
7kEVLbz_37o
7kImLjdKTCE
7kUUhpu6LIM
7kWcA7eT7j4
7kaq2kjW9UI
7lEFl6pzAQo
7lQdgafr8lc
7lfzcHKv1QQ
7lxV5snWAH0
7m1ebzVFXWY
7m37hHQI5DM
7m4GR_ZGFa8
7mLpodesR-s
7mWIH09S1_8
7mZrvB5eAKo
7mz4jE-B9Dc
7mzpBq-QJdU
7n-OupGKxrI
7n24oMv6skY
7nZJtjKyYgM
7nbQ0r2yMNM
7nfEACaEkUk
7oQyt0OEPFo
7ofRAWLq1Bo
7pIn5sL-JrQ
7pRc0P62FIg
7pcgdA45OBc
7poeTMyk5PI
7pzRLbUWaZ0
7qaa0-5S6To
7r8EeMGJPpc
7rGPCS8_V-4
7rVtV31r3lg
7rl6FMhFW6Q
7s3TcEEKfhU
7sEzk_TnyzU
7sNEtCqHDIg
7sVBBggTPd4
7si1UM0sP2s
7skx9HyLkAI
7sw9-OsQrTA
7tNtp3Fa424
7tpYasAPwwo
7uC1MYHT2ys
7uNnW2DTP9s
7uQmRCsqO68
7ugUsFarEbw
7v8_UGkVVv8
7vICa8gXotw
7w3yemhCkr8
7w9XmNPLjHM
7wki_zRKVks
7xBwnqoq6dY
7xJ8wtZdUuI
7xmg21MwnM0
7xpPABYSeZE
7ycxA3F6GeE
7yt7O9dXhGQ
7zhTdBIGImw
7zlVeXXq-eI
7zzoGcz5z_Q
8-NfUEjo4RY
8-PN5G7R8pA
8-elluOYySU
8-pKn8NnuHQ
8035-js7yi8
80MAfujnn4o
80Uqr4V_PTM
80a2rGM70Zk
80jvkS5ulWM
80kmD0Iy_b0
80qqGjODKMs
810tNd9bxp8
811NkVJIpi0
814RKO5ZtQc
81KZChhNg8Q
81XdZY18PyY
81uHaTzdnoo
827IaYht00M
82J-crCP6oo
82g0BiKzG7E
83w0tvlbXx0
840Th9g_Gco
842F_s5kJnA
848fx7TXkZQ
84fCDLitOwA
84hNUQWoIpY
85B4XTiPupM
85WS6zQk2hE
86-4C-abk3w
868tRMVU-Ds
869Nk6zCCNo
871KbqmL0q8
874fzEuzzik
87JlTGYEnmA
87QVRIKlP1s
87dkPK85DSU
87skPEfoagw
8826SCdJwbg
88C-WKnFSXI
88J07PYAifA
88S3aRuQc1M
898Yxx31xF8
89DLzh07Pag
89MNF-LlWxw
89SYTWdeBPs
89VWR-w-EpU
89dsJygOqeY
89ogLgEfSeA
89snyGW4JSI
8A5TKbkwdUA
8ApqyBt-seo
8AvlJdMldoY
8AxmNiENn6k
8Biu-eLHPEc
8BpS-iJw8u0
8BsWMQNGO6Q
8C9KUX_A1xc
8CBf1jnMH7c
8CSIC4rYqaA
8CZtPgfgpCk
8CdVtpOolVM
8CemH_kyvdM
8Cer3-TgLSs
8DA5mBXgFhA
8DBAt9On8GA
8Dg0CghXvhE
8Dwk6A96-g4
8EFIirWtnh4
8EW7EibfltA
8EdLXrUg6jk
8EelbPWkAcA
8Ejsnd6_XLI
8EmOeV2aciE
8EuCJlH3chY
8FwbqnXduM8
8G1YZXNh_2U
8G48S665boc
8GBQ90J7-lg
8GCqIj-vN44
8GNIpwb4Lsc
8GXX1ednzGk
8G_AMxFAz14
8Gb334_9fmE
8GdErL12P-c
8H3_HbTI658
8HGz6URpQc8
8HuDH4d9EHE
8I9mxkVLUUE
8IbFtu5OAh8
8IhNVzVZNlQ
8Io3TblbTbk
8IqVezQQJXI
8IryL8SHWRU
8J-lDCDjNbs
8J3g2MlIm6c
8JECbO_OK9A
8JLg6IXKhrs
8JRHGyn7428
8Jbo24dy_ic
8JgPGmt61Qc
8KKFLWUMKVY
8KKRZFtsgP8
8KKXWsarTGE
8KNWPWijddI
8KfR8h6pqNM
8L1Gvq7h5Bs
8L5UxlPHd08
8L8I46mcom8
8LZYhyWfMX4
8L_qH6q3x28
8LgLEOW2njE
8LkLyebMlxY
8LwtJzuxncA
8M3JXVPakxw
8MI0sMXrstw
8N15QmER-UE
8NBZ78hzj7o
8NFIznJn2ks
8NOQAAGl2e8
8NRRPx4UUnc
8NegyBtB9Zo
8NzX0xMs8h4
8NzoSYu8DCY
8OAjJ_4NTdM
8OGJ2J-_5HY
8OSNKX6zBuk
8OSOuUh7qFI
8OZSmbJa1AU
8PEEii79kHA
8PKUXkvCWiE
8Pb0P6sO41k
8PqMnGAnB6g
8PzHzcN3m_Y
8PzmhobdCtA
8Q53OcFn2tA
8QQDsxQr6x4
8Qsz4QjCb4w
8RNTp3sVyQY
8RQIb76IG_c
8RT0vcWj1A0
8SNHW_THCYI
8SjveEs1OLw
8SlxF5NN23I
8T0GvikXCUM
8TIbfKoIqUw
8TTzXmLgjSw
8Tbn4_jar3w
8TjhLMPDcjs
8TmOiAORL6Q
8Tt6_1_T1GI
8TxYhhuoqqc
8UKBvwBJf2M
8Vu85z3Zk3s
8VvMoAxCTdM
8Vxb2OwwgwU
8VykwLcxlxk
8W8rkPbmJQI
8WGqU6oepbc
8WHuMc30ryE
8WPaqF8SF7Y
8WhQk12L63E
8WseMI2-1AU
8Wv1LBuAAoo
8WwWnPGw40M
8XUW_tHT_Y8
8XeixlpsiQg
8XnxUs8JAjs
8XzmGLTDRbI
8Y7Bm3B0ZI8
8YCVAgLh9qI
8YL4ebRvHSM
8YWi-NO80k8
8Y_U12RR5f8
8Yey2NbwFJo
8Z1_ZBrsS9E
8Z8OdEzXMYg
8ZB2PpiFGqY
8ZQ2xt71Nkc
8ZYVnTPJ0y4
8Zil9DpDRVg
8ZivW1xmRwQ
8ZthuEVTi-k
8_wt3FsCkcQ
8_z9nTBHb-4
8aA5yJucVOo
8aBHddGuLkE
8aXNPjfmK9E
8akBPyYrvHQ
8aoRHK7HHBw
8asMyYHVcqY
8auW4Dl2xHk
8bK03J_bmb8
8bQKqmMM88g
8bZ_Tsw2vEE
8beVh1UWAas
8bu--t65cfo
8cD6sygkbyA
8cV2WQJqt3w
8cfbL79nKII
8d-j5eFI3fM
8d0xXta1Mho
8dE7LbKa9Sc
8dETgX6aE1o
8dUQ0CxN8pc
8dWE1LVQHCg
8dlDy-XF5Hw
8e5Ur1UGDI0
8e6HZ01XWJI
8eNodlSAK5A
8ek7vbnJIfQ
8ezDWH1DVJE
8gUyat24sf8
8gZrSPGllaM
8ghqPGRG6aY
8h6ZAQAMWiU
8hHKUqhKyWo
8hIWizKeTN8
8hKOoI1nm_E
8hX7xvtc1Mw
8ho-yee05U4
8hq4rGZt0jA
8i0Hkk9B4c0
8i1q3-mMYe0
8ikLyK-7t_I
8j2XpVW0Gfk
8jKHyn98BMM
8jfpmhGQPk0
8k3VKnHF8_g
8kIl7Oa5sHI
8klM4tHOhKE
8l2Wt5oB3fo
8l2i2A1uPx4
8logopUExYI
8m2TLpcmGes
8m41p50Ec1A
8mKJ0gXT0Qs
8mza0W5OYo8
8mzmyJPJST4
8nSpQvqH__g
8nsw61pcW9k
8o6e26_DPKA
8oFNiRKX0hg
8oW-ZuLvXBI
8opOZaI4Xs0
8optENVoM7E
8ore7pEdnXo
8pFMvW8MGhE
8qAJEOvC-38
8qDD9klxUQk
8qN06sBX84o
8qoH2IgrjnM
8qweDTf2pvA
8qx9SxcABSI
8r3T8M9EvnI
8r6He3JfpM0
8rIXSAzn6JQ
8rMNudQuJT8
8rUrFUYBH2o
8rdviWE0WCU
8sTs_IRp5nA
8s_5IyxS928
8stRcyJUmbA
8svHA11jcm4
8t2nUpVqXeU
8tHDBLO6lVQ
8tmKv729puA
8u3441UH9KI
8uCsfCMxlkg
8ubZL1FOjW4
8ubfjLwgRIk
8uq26lTUD9Q
8utVEHqDi8w
8v9zwiOfTds
8vNtXbMyU5A
8vj059-8vds
8w4YNw_1m1E
8w4kboZELbg
8wDtkI-u5N0
8wLI_Vzc0X0
8wXjQIKIJFg
8wdyU2vbGF4
8xDpWxwK3HY
8xQ1evShRzg
8xS72GBuaQw
8xdOXQuGsV0
8xetWRZFm0I
8yAY2fE8NiQ
8yb7yMDb1sY
8z7_rt-PkEM
8zpnlyS6G10
8zsABugboeU
8zzYvTRc5jM
9-CwTWpuwL4
9-FMTdyRIF0
9-UjQkPHY9w
9-iUuokZ7nw
9-sPrMvxf9M
902-HvCyhxU
90BCERm9Iv0
90Xbs-RXSPk
90uXjwLfoGU
90yVO7Ug7qY
913sFbYV7t0
91QQEKCUXh4
91jciLltnTQ
91tLj2tzGt0
91z0Z5PvRns
91zajR5e_7c
920Li9o0umI
92KbOto51pQ
92QqQ2sEXRA
92YOegHzfNo
933XMaPyqZM
93Z5CCt7T0E
93gJrR9CzBE
93iwrAwGPyA
94BNpWGT0ik
95hEudzaIjk
95j5EJxTL1Q
96676ygsMsw
96zRzBeD3_0
970QKvPa3aA
97FKAEjR6Vw
97Fg31G8MFQ
97gu8znhgAQ
98BSA8FkrD8
98FZVOLA9R8
98V0M5erbAI
98VPxCLln9o
98nV4m6kTi0
98oLKGPd6hs
996d4dKwzis
99BT08TnptY
99NsnyOWADs
99ac1_CtYeQ
99xzYIr72uY
99yxWdJGZCs
9A-px36En2k
9AKrs3ucvlQ
9ALC1SxN5hI
9ASZZioS4PI
9AllmHAwmZs
9AmyUoppmhQ
9AsVrRO-3u4
9AxlaNaAPQU
9B6-XOPa3vw
9CEaTDBLdF8
9CNk70BUUiM
9CYZb8B47io
9CfehFnGQFM
9D1YbyOwZuk
9DbLTtJp9H4
9Dgby45Y-S4
9DwQSHTPpb4
9E9xNCthOcc
9EE9_CdOjy0
9EiL2RhVXgU
9EllXpZH-M8
9Erua6ieRE8
9FQkjnh8yok
9FV6aN6n7a4
9FronK8dQ00
9GKLGnlsYTg
9GKmEip3bkI
9GOyZ-ZwvPE
9GTnaDwIyyU
9GX9kPeTgXc
9GXybFMb5ac
9G_3A2NbU3E
9H5reqwE2Cw
9HfbJqZDBnI
9HhG5Zq6ig8
9HyDv5xtR40
9IFih9tEdtE
9IOhkUDqRmQ
9IXxSnUy85E
9IYg-PZHUH8
9I_Oq5_Qt-s
9Ipuel1itBE
9J1PSW9dWbA
9JPuCdeCiNY
9Jj7QYwdLb8
9K9qicrr504
9KGJVgVElPo
9KYgVQOcKa4
9LCXXZ2ghfc
9LMrdgL-8BA
9Lgs92U69H0
9LtVcyWHJyU
9MEhikmHHbQ
9MEvYMkbCQA
9N-NP3PTXFs
9N2zc_9_aOk
9N5bozE733I
9NDmEPt4xPc
9NdTqG9bWeM
9NoUIj45CZE
9NqsRwM0xEI
9NsfUo4-ItQ
9OA6QoegO1M
9OH-mwxQhng
9OJzoYESaAY
9OYNiOFAKjY
9OfpY6hSoRc
9OpuMyOHvIU
9P63aPY-Ouo
9PTBqVRmhmU
9PVer9b_8nQ
9PmHvyqodl0
9PzaABREIjc
9Q1RiHVIAcE
9Q4ozNNeIAI
9Q6htLv9-QQ
9QU7-uhnvcw
9QX6Z2xwQnQ
9Qn-x0cKi8c
9QnJE7D3jOA
9R4rxxZqkBQ
9RlSWhZeM5M
9RtrOzlqwXo
9S17fczoS6g
9S4aZl4B8aE
9S7iftd32o0
9SAHeNYrfUo
9SSGfbpn7eQ
9SYM88w7THw
9Sico9aZ0Ac
9SxL_S5bnvY
9TYzWccEPpo
9TbwyGKMGUk
9U5yV-p2gm0
9UCubNnzlrM
9UKlvpQpJqo
9UiFlaN2LZ8
9VEm1R4sn3I
9VaFgDiCLjo
9VhfK8USOnw
9Vt7znT01zk
9VwtGABIPYo
9W0kCAtFAv4
9W5OHBdYXd4
9W8pdFV0T8g
9WAEVd0BmdE
9WRA6My91JY
9WTKlRwS4-I
9WZGOWAyjOk
9WlIq2LtURw
9WpGnn1hElw
9WsCScVA-Ak
9XGq7vfys5k
9XlY88LckAs
9Y0bHEVE39s
9Y0iKi97VaE
9YKppzhpfAQ
9YKrGh26mCk
9YlxDsXyEF8
9Yp8dnOWSTc
9YwnnBRZ-3k
9YxwasEVcEE
9Z-iRk0xGl0
9ZDLoefzT_w
9ZGakf8Faio
9ZTaS14_RnA
9ZjH38CH-jo
9Zywu3fAuwk
9_FEAimdNnU
9_L_oOr-1E4
9_RpFbLRH-g
9_cVbdNhKYw
9_wzzy1zaqc
9aCvadECfJs
9aGN90lV-8w
9aOOTHPCwow
9aagoz_-Gts
9afUFEZC5z4
9aiyyQGniSs
9b73v7_r24Q
9bFA3ue7dDk
9bZTG99eF40
9buzJBiBqUo
9bz8CdIm760
9c-Z-oVYqKU
9c9JsXyEeik
9cCSUI8xzvY
9cCpYjla0NY
9cJ0zYjSR4w
9cQTApfOV8A
9ccFJWLA9NE
9csdHQHIYJs
9dCxA07BZ0Q
9dHvP_O1Xe8
9daqF-jUqD8
9dzXw95uqmw
9eMP4cJhzPI
9eggr3Cy0NM
9ekKZo8UeEc
9f2lYS07JVs
9fLUPE8KB6g
9fXfMopvaYQ
9fv6LUlnRWc
9fxp10zLS3s
9g1CsV5pGLQ
9g4z0d3EpqE
9gCbILL8KR4
9gO_Bd9jSl4
9h7cxFTgPnM
9hCjWatGdjI
9hDeonIqQfg
9hiZLF0YXXM
9hscvqRWmtw
9i56T40Kd8A
9id60hdbrHs
9ii7Pch35Oo
9jIVTiaEJO4
9k5b_DFBYBg
9k7qbgM6ZqE
9kFp7zMseCQ
9kH1EIu4Lbw
9kQ7J3t-Kiw
9kZTR63yxH0
9kbw13ncaDE
9kcjInnMaHs
9krQ42ZReag
9l1DD8-LWgk
9lIpoW8gZ2I
9lNUHq1ICEM
9lQ_rdK17N0
9lkM4dmI6xU
9lwVvPL_cII
9lyGL1Qk1W0
9mVcknBW0wc
9mald6FzrU0
9muRe3kjZ1c
9mxb6TNWw98
9myFaBdxLAM
9nRHnZpSkK0
9nhiLjub4Qk
9oCTjbBgA64
9oH3b1mKIm4
9oSTf5tIHsQ
9oaI-gxuOVs
9oiGd3jSqRM
9ozCpcJHnL8
9pqEIxmi2x4
9pxeO5EZEs0
9q0FdyAak7I
9q3sibVxg44
9qKp7Pnjl_8
9qd7GyIm3lE
9qtL0k3kuBQ
9r8PIpQbRk0
9rRlWdUd-A4
9ruwJqDRLeg
9sD4tU9VYHk
9sEZCZpifrs
9sFMsaf0T_w
9sGldBbehS0
9sT4G9eh6xo
9sd0e6-mqsE
9tJtJmLk9pE
9tr0YNvWNWY
9tz446vjBlI
9tzl1d0kR5E
9uLRZtoc6pQ
9uRdAdTV55I
9uVJOnX2ncY
9uWhvK2JmI4
9uwBoqq6UGM
9v602VoHal0
9v9Sel8WuKg
9vAL9hp9IDM
9v_dSJyb3lo
9vfBZfSFGEw
9vzu7t2E0eE
9w2LZ6K0tTg
9w5bTE7ntew
9wXEhQNyelQ
9wbDi3AWrKA
9wkw_hxxdGM
9wpnQh8zznI
9wwRC5qbEkg
9x8EkArfe50
9xJr-EmFcw8
9xNhq1deNww
9xmrRHC9WlY
9xzBThzoH34
9xzsbiUxr4I
9y9WJH1-7Ec
9yG9EYLssVk
9yQWuM4VBOs
9yTNe35sQkw
9yW0JZPDfrc
9ybeuvGPZ60
9zp9Na-kf6s
9zz2q6NFbUQ
A-27LJNwbEE
A-2kWQFDRBs
A-7PrAVXMac
A-NewGywJwE
A-gaTgyQXbo
A-o14T1EsUk
A-sUCyXvnss
A04H6JBO4bI
A097TwR2yBY
A0_Kfko7Ess
A0wtCKjpbMk
A11Ug6lmqp0
A1PN0EByLck
A1_yiuZoIgc
A3Yth--E_Fo
A3j_BJDhZCg
A4ChIVMbgzo
A4YcLpzDqfs
A4cPLi5Ug3o
A59esAZBy_k
A5bh_Y2UKjc
A5hH7QZHUx4
A5uIDUGTeos
A5uUbkAH7uw
A5yzhDX7ypQ
A606Rnglp98
A66ttePZfdk
A69x8ylpd6E
A6L4G2pHcmY
A6PHe69qfBk
A7FG_Gz4cOc
A7Zh6eet92A
A7sbeTkY8VE
A8Fcy2xK69k
A8OzgzBhA9Q
A8QMkExJyRc
A8owkz5g5_Q
A8wUlm0ZDMM
A9KzWB7Zo1A
A9NlQt_kkDI
A9Ws-lijyEE
AA8TaPYNz_k
AAMUbkdRKKQ
AAPjI3Ag4Jw
AAWI9Bme7D8
AAXxYwDY3nQ
AAzWKLVZXpU
AB1CAsGFmEM
AB8OoZMm2io
ABF1JzcnlDc
ABMdzI8bnBM
ABPlK0ZIipM
ABYk6o98Y2c
ACGT8oqA0IY
ACGxo-BEjhA
AClCLDy1R9I
ACngUHKljbk
ACvEtMlr4yM
ADLpVfqfC7k
ADbsyU4Tbw4
ADe-h5QvK0A
ADmzpLxorb4
AEMkX9oixyE
AEp_kVqP2Sg
AFQa8rXfN6E
AFR-CouUkXA
AFr4qy5vnso
AFrLbHorz10
AFsVcwVS8Fc
AFtyRaiyH_E
AG90s_R_iyg
AGIR06qWuPM
AGMjdskLQ9o
AG_6Rp_3gZg
AH1_IZk22GM
AH4A3amK6a0
AH7oERk-rXg
AHdzQB8dLf4
AI2DEwJrayM
AI6R8O-rSs8
AIQV_bB_oVs
AIUeOFIrrx8
AIc8cyLDzNQ
AJ5pfBxfE0s
AJ8nompA3B0
AJL9qle96Cg
AJQCZd9EI08
AJSkil2pjvQ
AKoJr4jS_sY
AKrHMlnJ1zE
AKs4eHVc8Ts
AM4iW573S_8
AMB3Dg3CeGw
AME2dqtnPXw
AMJQMwvQHOQ
AMbz-Vc-UIA
AMdpv1jIn5Q
AMeR9MZcgR4
AMeovHpJtj4
AMgwM4IJoXQ
AN6HaI9KMkI
AN_wBTskez0
AOYG8WOH0dk
AOZUOquR2Ao
AOn13-NfcV0
APbzYJC1QeI
APv91OEzbMM
AQKv4IPitzs
AQPQo30ZYAE
ARIyUrhI15U
ARP5-MlUA1w
ARUErWNkaPs
AR_zZOLnp-4
ARcLeB3JbJ0
ASMNUp6j1Rc
ASVvF8QAYlw
ASYCgRQZ6yM
ASl9q9EPZo8
ASoR7ZfGaOo
ATGh2UW6TP8
ATSMlMSbjBs
AT_lpoluFIM
ATvP4kw-o4s
AU1Wu_gRXV0
AU4d_IlPvuY
AUA_0mDufIo
AUNS-3SlZH4
AUh7jJVgMwg
AUvE7NphwnU
AUzHFquOIj4
AV0QzqOcLjU
AV4oajy221k
AVBTRC4duFI
AVE0ay235FA
AVUjXmuPIGg
AVoD_iwlpfY
AWJSgUzg7s8
AWLB9-vm9og
AWTeRTDFIoA
AXBY-mI5-Bw
AXScZTPg_OA
AXTfDmR-wRw
AXuyzQbudwk
AY592cNWk80
AYNe3freQU8
AYV47ndBjCY
AZ97fN4ta14
AZQGgR70I6Q
AZjgQ77--Wo
AZmTKtv1oDw
AZmzIyB2SEQ
AZonEwAPQ6g
A_6HiO3I7xk
A_6lswQClAg
A_LduNMcNMo
A_pZc5RWtJw
Aa8rp54Lwn8
AaDJIQoXoSY
AaFA8RG-obs
AaLGRY58xQA
AaWfwuEbmkc
AacKBsXiq_0
AajS2bHAmtE
Ab5t020CsnM
AbNdls1yZWw
Abei3A9ubhY
AbkKfuqYJnM
AbsPc-RCxWs
AcTsjGQRTIM
AccUklBG91A
ActI74apOnA
AcwafyJMrXM
AdFQiNbvXXw
AdpKz7z8z5E
AdtvT34v5tc
AdzyajrgkUY
Ae-ma3zRo4U
AeAFdf4aHpA
AeC0rnvveXs
Aef0iTmqoZ8
AejKv6mI0O4
AenKFhSQhWA
AfDCZidXiFU
AfLLAjF1PRU
AfUoxEsJdRE
AfZGei2-jhY
Afej5_IH9Zc
Aff72yZP_YA
AgSMFoQtvUs
AgtSG0o74iU
Ah5k1Z_3Q1s
AhA9MIEafSw
AhHWEHyfc6A
AhPZPOXiXmI
AhtjM4ETJmk
Ai8rKA1vLFo
Aiec0Gnkz7w
Aj959vjp9jM
Aj99Vhmw0uY
AjoKwpoPv5c
AjsBDCSvk6E
Ak2NHOHGKHw
Ak3HBVk3bbs
AkQFRmnELxY
AkRYkg4jkIM
Akhv2KfBcyQ
AkjEWFzVGrU
AkoANDmrRL8
Al2U79EGPd4
Al3j8YCwvmM
Al9W5M7Yf9Y
AlCN7GjSYzI
AlE5nzvuag4
Alfb7kzU1Ww
AlmeEwv2DV8
AlmiPTssGzg
Am9K23OJTiI
AmG98eqgICw
AmH5cpSyjBs
AmV8rfev9f4
AmbXyiEiIew
AnCn0X2SSXg
AnmM52HFoDs
AoEtC6_OchI
AoGlak7StEs
Aoq9jPoWh4k
Aoy9QM5RRi8
Ap-mKovVooE
Ap3E1siFw2Y
Ap7fE55XTuo
ApBJ350e5mI
ApMsn-fEClk
ApPLMuIwaug
ApfGue937QI
ApjjMJ52yQw
Apq3qdyx5UY
Aq9J1TBcpQY
AqDEpzMqp_o
Aqn2oVko2P8
AqpqhwnMR_4
Aqqh-USlB24
Ar-8UkJXZWM
Ar71PvuFIZs
ArIGq8IQsx4
ArJYY2oCey8
ArNPZPXDzs0
Art4ftekQi8
AryisLnBtz4
AsBP9UUJR0s
AsCZasCVMyE
AsGnrmzFsfk
AsOnqKbBY-k
AsWhBFzAqiU
As_alJ_hmSo
At3N0PBEeZg
AtCXJNYz-N8
AtQs52YzTY0
Atj1xRXia5A
AtpYuK5VEok
Au0-nMoLMzI
Au3DxHq46qQ
AuD5fGmUcG4
AuJ041tOqjU
AuYcASpK8D8
AvRZusnqnow
AvVxXf1fJtM
Avddv4MoWFI
Avo2ylQIWec
AvyhXzNvshQ
AwDxzrIKz-I
AwZkmZFc_PY
AwvgPf_nJW4
Ax4UCYWkL1g
Ax4WHsHnVzU
AxBYD4Vbk-o
AxQCCC0xvr4
Axbn0_eg76A
Axc9KMr0mEo
Axe-JjfIVGw
AxeTpYjeMkI
AxjUAE0f8uE
AxoWv8mwOQI
AxryOe8zUpQ
Ay1h6o-mZ30
AyFnjQS3USA
AyQCJXsGhek
Az2xSOvyUgg
Az5clEcTSL4
AzChPELErJ0
Azd7SXY69m0
B-I8YoEAPus
B-b1_zQ88yY
B-rHkiBf6vA
B09Vc_CldK0
B0CKxs1htBk
B0VgHlPPdzg
B0cme_te4mE
B0f0hFCfVZc
B0gGSvZV2C8
B0pmd2M43LA
B0sMistcRis
B1AvO2x7O24
B1BgPGTYKys
B1HS_DrrejY
B1SYxC-UHG8
B1dRkuPVpWw
B1kZjAtzduA
B1paiF-SKFc
B29l54hOoe8
B31iVYRQ-GA
B36-c3jJL28
B3HyyBXDYO8
B3Ni5JjkDXM
B3ZL2zOs6Dw
B3nhgsx5zcs
B3qgD5APAo8
B40e7-0hITQ
B45JFKo9S6o
B4FzuZIqOpM
B4Np9hWhzHE
B4qX6JNW80U
B56_1YgwCPU
B5EL324rOqY
B5im_FPgxFc
B5k8OXtfu70
B65YgU1vVQc
B6A1PwlCv6Y
B6I3mpsuJKY
B6J9Hk4cJGw
B6LH4uF7PtU
B6LNLRv2uNE
B7-99Os1L5I
B73-SCgiCvQ
B7S0dJf2y7M
B89ioOgOtr4
B8Kn6EKxu5g
B8iJT4JQw3c
B8tMmwDmH7E
B9FARuhMip4
B9HGyis_xeA
B9hnbxOHksg
B9ooJsXolAs
BADJUhNw5Ug
BASm3RT-9Do
BAVtYYDWDA0
BB9TMmu_Xqc
BBJAD_qW-Uo
BBPGs3uMVVU
BBWWNYi9ry0
BB_TrDLt_fM
BBmNBjAEXXY
BCVHCH1HepI
BCbtOBV4764
BCoVCCkjU8g
BCpQho9bXRs
BD17oggnE8M
BD3mQdCwMr0
BDA_Y7mGyCs
BDUJODqyxNA
BE-lqqKnfZU
BEH_-lLC58w
BEZGeCJrHZ8
BEe6N6K-xRk
BEiouJRdB7s
BEqSPerHASU
BEtWrPA2lRc
BFgIJWDjLIg
BFrk-8oYdUs
BG8MTU5k054
BGGQ_csGAqw
BGN7KOrkxtg
BGg_jptJxbs
BGhplaUH_-U
BGqzewERW8E
BGwhQpszeVI
BIOknKcAmio
BIWYeR-6wEg
BIbwJ5JKIrU
BIyvGgvLFqU
BJ53kKuSj-0
BJJPiKo9K4s
BKCsRPNK1LI
BKD-eJd1f9I
BKMZiHRZgUk
BLYbYKoJWQI
BLgcKfAYPDo
BLh9OEqTPas
BMK98Mf9ZIY
BMWUHRklabA
BNBreD3RLJ4
BNaRkMzLmSQ
BO610aDqTIY
BOHK4liEWL4
BOMDPmAm4no
BOZnmYmK5RM
BPDlPvHiUEw
BP_mS1gaRY8
BP_yRWn_PG4
BPzSk5WhSkE
BQKZ3MP0owQ
BQMayAzmekE
BQNYMUp-5hY
BQQniPtHF50
BQfpp16-GpE
BRD_MkQhFzw
BRIXO5c8Q6c
BROxCg7D3ms
BRWOTZQ5EL8
BRmDCwMZzrg
BS11YLohVcc
BSGHE9wB6Gw
BSSACc0LPiE
BSdMLJ-EZfY
BSoNhTc0BnM
BSrMnV3R3jE
BTLEz9D3aWI
BUdmF9jhArw
BUl4QNy8_FY
BV-EMvoCIAY
BV1p7nKNBDU
BV59zQPudY0
BVUfRZoox5Q
BVcIyo-RaU8
BVu9TLraCoc
BW824ruOFvE
BWJgfXxy3jU
BWN70GL-4tI
BWn8f1JwbSs
BXRcL3Hcc0M
BXRr8MJ1XUc
BXTjtISL3ZI
BY4loGlLOb4
BYYf9r_4C8A
BYbqpIQzc-E
BYiQe-qzjJA
BYuQtFw4XBg
BYvr1xYp-PE
BZ8baUBj3aQ
BZPvQ_CAJ3s
BZWB25y3amQ
BZXqNkT6508
BZrKmuVB1Uo
B_34SiOwo-g
B_XFuDeKI9I
B__o7Mi40jE
B_ot5P_wZtA
BaMxgKUM688
BadFrd6RmFo
Bas7Pb29C9E
Bb29e6MepKY
Bb4NoBSWsY4
BbWN3or_uq4
BbjBr8gDBZQ
BbrD6WFWoRU
BbvX12Ky220
BbvzG-fQ-bM
Bc06c-4m3EY
BcG3KwoISY0
BccokiphfiU
BdVcimBkC9Q
Bdcjdu0hfbs
BdfOwukL6J0
BdiRGoUZJ6E
Be86MSuEorg
BeA7aHwCjno
BeUVDQHyXTE
BeaVEpeeHws
Bed_0-K6kJ0
Bf7VjVUcfbI
Bf95UE5G0W4
BfBxpE1i_FE
BfFHDsixjzc
BfG00Go-_OE
Bfi5px-zdmw
Bg2LoH-nh8w
Bg7TBibdlSM
BgK7u6RIdU4
Bg_zmvlClnM
Bgwy9DoJHS4
BhAo7_2_I2s
BhFlEQJ8eA4
BhVJXVsJ-KE
BiBzEYcuMhY
BiK6R2aq0zQ
BiOH2x1d5w4
BiuBTD7XQ-U
BivPZaAuJLU
Bj1amxX32TM
Bj4ganSvAZs
Bj61OdCr-Fg
BjBTskxjBCg
BjHattONSMo
BjPi24KYy7o
Bjk2ZUIolnM
Bjly-fWwUf0
BjywaQh0Se4
Bk3WgD3BGN0
BkKFgSP3qjA
BkrE9y4VqDY
Bkw7r7X0nbo
BlEiHsi0qu8
BlF3Vk8fkpE
Bli0bd3gXAM
Bln5UDYB8EE
BmY9C5aPSr8
BmqvfeFWyGg
BnBM7A5wBa4
BnFfDN7gc7o
BnOimkPFuoU
BnhbQ87Wgt4
BnohKU-95bM
BnyMVXDAGW0
Bo4dafa7g88
BoD798nIRas
BoM1hza-eOo
BoX_0k-bvUo
BopjLvF0r88
Bou2_t7eK1Y
Bp4iE_s2c7M
BpCBpBVtsQI
BpQghsPqDak
BpkeIB0I-o0
Bq2CLqGldiU
BqG9y-pd-KA
BqI-VrAxZt0
BqTesc50ynk
BqdkOKG8TCQ
Bqf2P6DmrDY
BqredowK9VI
BqwG5hwj10Y
BrKMA5H9ZZk
BrTclFfxPOc
Briac8LcT4Y
Brj5rLIJLLw
BrjcxMFrt6I
Brn09Oq3kio
Bs9mZPg9QN8
BtetphmyjOk
BuBdm2P5-oQ
BuIec3Of8tY
BuX_viDuaKI
BudSL6iMYZg
BurydfPTzIs
BvEazadJeIM
BvZ5jXfqtzc
Bvub7B7DEFQ
Bw4AEMfhceU
BwVcOJVLSiA
BwWy6ckQ0AA
Bwh8co18LFc
BwhwRRxrOcE
Bx6ZDo3coRw
BxJk84UaCRc
BxLmZ_PXnt8
BxYRENXpQ_0
Bx_81vGfhqk
BxcmNA3ACDA
BxiycHAPMgU
Bxq-UJqkdOw
Bxqxay9unyw
ByLb3UnbctE
ByXIIKnJQH8
ByivzNivzMg
BytXHicUmRk
BzEYxhb9Jw8
C-0GKkJLsRk
C-0XEPMv4Y8
C-BtURBytu8
C-fOFCsmjI4
C-pbAfz8z1M
C0HtmDdoM_w
C0Ueo0Z-xdU
C1-9gBzS3H4
C1AAVxh5eU8
C1BnntR1xU0
C1IkgfiRFUg
C1QaXdm92dU
C1SxiW4Kqpw
C1bbA-YjGbg
C1q6Pvk9Hxg
C1rppebCUog
C1tocSJ6JH0
C2HMzcy7T8A
C2l93M6kdlk
C3DidzjQdt4
C3N0xAJIVwo
C4_9D0VrRkc
C5ByIm8LgBc
C5iBrSgGKWw
C5u5Vj5tMF0
C5ywEW3UoNY
C624TIRzw5k
C6AqVb80rS8
C6D5FuWx3Tk
C6Hcp2rIp2I
C6L_nyM3SJE
C7Av1f-F8oA
C7OW_0RE5EE
C89OS21HXv0
C9iHELTXeOM
C9kOO9BrYxo
C9ktmgbPF1o
CA8AQ5QQSws
CABxsqrYsVw
CAOuYjJtw_4
CBAMgtGwOuI
CBSB6X5U9Uc
CBX3n-68Ssw
CBcfjzwVR5o
CChEu2L5rPY
CCmykAsl2EI
CCxO7NJ8sV8
CDNR95Mofo0
CDQ1KRGONzM
CDUDzAGYylk
CDsGR58eVaQ
CERlFaRqObA
CEW7P5S3W3k
CEXSjoAnUEs
CEazK4qCcEM
CEumZdhY0wg
CEzPo_HUvq8
CFVZo6WYifo
CFiUmuqf2WE
CGDFeTKulqA
CGPlpT6AAj4
CH5klLOEgAw
CHQSZ9a_7V8
CHhGzeXxJhE
CI-Xs_eBZfA
CI8_JUYrUQo
CJTh-KUZlxQ
CJXzaRtUnX0
CK3zLfx6tgM
CKH465c3h14
CKmtK2KQfN8
CKqQPSEH-3k
CL7UATjDvhM
CL86ziabGO4
CLmnJbjcQ9Y
CLrz4YGGJrc
CM4gyyQ5Alk
CMAXOzOB5Lk
CMEo1baJdrk
CMLGzKd_dWA
CMWebZDavSA
CMaGT_lBHtc
CMqt_A9pHkU
CMucb0p7wNU
CNZqrGHmYVw
CNptnBxURac
CNyJ8heS7LM
CO7PkdAY9tY
COG4zMbliYA
COJyiK_ggUg
COLPMRwKkvw
COSF7JQP0Yo
COVNphSNgIA
COicc_6Xw3M
CP4lS2UNtpw
CPIMXGCI70Q
CPISZupxXFw
CPkvF6Rod0g
CQ8t-4EG5yg
CQCIoHlRIHo
CQHz6gf2cuk
CQuCcovMGWk
CQytvZ8R0P8
CR7AcD4LAN0
CRI2nkaIsvA
CRVh0aZbMlA
CRb-MVjBunA
CRpVLKWAiZE
CRxKZZRruBM
CSPzqXQ3WsU
CSlCQo-hwRo
CTFuM4Mt_PE
CToJWIp4fiA
CUEtVV9fu4Q
CUTrJOE1TKk
CUUy12SlmFM
CUdWaBlIso4
CUdtK2DUrrc
CVJLn3vZloM
CVNld22kN1w
CVXGOLOogmA
CVm8CQmby8s
CW4IMUPJS14
CWLomMvHBSY
CWNVwIVCeLY
CYVTRrbeBFQ
CYgI-j43EHo
CYsSUBNmkp8
CZ8-y8dcxBM
CZKlLYQZU5g
CZgEw-WtMp0
CZj7kKSP5oc
C_Ps2BtYrbc
C_at2hpPWUQ
Cbi4euAEw6s
Cbnjs5KgPpU
Cc5hlO0f1VU
CcMah34m97o
CcvMV8XQqpk
Cd4Lv9-rtRA
CdL5Qc7CYMA
CdUMZhuWceY
Cdcj0NsoYQk
CdwxdauAPC4
Cdxc7aAKiTs
CeC0qa3PCQ8
CeMUSxXUt9s
CehkQ5-Deas
CenH_XMFzms
Cf92Kzn098I
CfFTmejQUrg
CfXfX5_hPGY
CgAUXanCr8k
CgM6a9YeMBw
CgZi6x-nnTI
Ch0eLd5mQ54
ChkfcFie2Uw
ChoE0pF2-VY
ChzaWWxOlBU
CiEDXc4NyjA
CiI385Cni5I
CiN1SocE_mk
CiSSywR0GB0
CiWeqT5-448
CicLxzuBkjo
Cijya_tvZqM
Civon8cjwEE
CiyU82IRxTg
CjQX-8fIjZg
CjjG3SoGCc0
Ck-1bYKuXko
Ck6lEJ7SHZY
CkIlYcNIUYs
CkclWzG3iLo
Ckx4qqSDrs4
CkzZ7WMpg1g
Ckzw5AWrep8
ClPXPV26bOw
CmLdU99X9RY
CmRU1lBwEcE
CmgkfHT6S3U
Cmj8Bzmh8zQ
Cn0NYWEr70I
CnNwqB0VRSQ
CnS3cYdvPxM
CnXWkmeWA4M
CnyNsYsa2iM
Co70fK0gEs0
CoDkjTzUS3o
CoFNlwdBGeo
CoRwJJQvAMc
CoqkwzazoMs
CouWS9h97-A
Cp17La73e1c
CpSm-rxrf6w
CpaVN5BNOUY
CpaycsdhJCQ
Cr10bU42qrU
CrPofUXK7B0
Cr_0CgpF1nY
Crd5lti2qJY
CrjoVgalXTA
CsernWdrxPU
Ct-ym8PR24c
CuG2Bw3DIQo
CusGNHb0CIg
Cv52Q9Ucuwk
Cv_i1ErlWbI
CvlLDXn5u3g
Cw7xStRHTv0
CwTy_ygoflM
Cwl_tHl3Yy0
CxJt4wzmx9A
CxXQ1SZlRD0
CxcuFW1scDg
Cxf3u1mIXn8
Cxl0PCOpqiM
CyBSu0MCMCs
CyCFTa2glUw
CyE2Z_ShjMQ
CyRyOhM65_A
CycWWN7Ubn0
Cz0a4aG83vM
CzJ3SBWe25E
Czul2Rdliqc
D-K5UopJG1k
D-KaCfcucJM
D-UEuHIcWvY
D-oFCwnnnOs
D0-_sTkBPSs
D07GxKg5B4c
D0TlyEBNU-M
D0U2PadHp7Y
D0XdQ3FtXvA
D12i576MCZA
D1N48JPujJU
D1S5do9Ujlw
D1Vi9DjSIGc
D1Ym-SXwYQw
D1bhb0iVb_Y
D2Dz29i_od8
D2dx4Nd-yDs
D2iOmzDYEyI
D2nBr1vBZiI
D2xreW5ZV0Q
D37dYgn0gDo
D3ZhfitBtAQ
D3vrZe07RB0
D40lURijA_8
D43Hrh45xUo
D4Fde8l7AJc
D4SMdkJBKrU
D4bwWcmg6Z8
D4x1AyBvio4
D50uSXRzUWQ
D5CCr6AAjEE
D5FdAE7l9cM
D5HwsnPuPN8
D5IdkWT6kXc
D5U13cgm_Kk
D5aj_Fyeb9E
D5eCPHn3SVM
D5jzKuUpMJo
D65mx0j-CeU
D6LvkzP-1GM
D6VcDU3Mwlo
D6hJ0tH0y80
D74WshtbPAA
D7LELwQIaIY
D7g9-EFpAd0
D7mFosY0RtU
D7mvYLMzlkQ
D8EoDMDYQUk
D96XDU_es1s
D9AA8w89bR0
D9UoBaddsYY
D9asAAYkTzY
D9gsgO43CPg
D9rMwEI0-jQ
DA1ONB2YK3k
DAHqher7l6Q
DAJ7vlz9f10
DAJg1EyOWrQ
DAdlomIdRCM
DAsA5Jr22TM
DAzWqdxjxw4
DB1z1xxOzMk
DBM-YD0Mdj8
DBSKNQk05fE
DBcNGSmIKBA
DBiqcqfaNgM
DBp7wScz80Y
DBq5XNlACcE
DC1GJNgSod0
DC625CCQyRU
DC7QwArbdx8
DCTeQE7cvYU
DCZrofX9ut4
DCeCClNH5Z4
DCl-Wn93ew4
DDNwWvVOTgI
DE0ZXzrhWhk
DECZAeDJ574
DEQRSWZXZQ4
DEmOiTSRDus
DFPn5TXLPQI
DFYTkv0ohXc
DFoe2rE_0wQ
DG4h0-cHWQo
DGTl4IGQQqs
DGiSDlfdPKM
DGsEKprFFGE
DGxOmw8HWaY
DH17kU8Iao8
DHimUNs1oxQ
DHq-kf71F2E
DHuI6ZTvo2A
DI2Rq7jOoiI
DIE3Bq9dGvs
DIawuEGcEsw
DIoletz0PPQ
DIrdjsbwyOA
DJDJyic088k
DJapRdNHTXc
DJuFbojMANE
DK7D6O8SnBg
DK9g1CaC2qw
DKKs3XFoT80
DKUX2GF7FsE
DKdlQ5WEosg
DLjetmdSdcQ
DLrpUCIGw5o
DM0EET9043E
DMV8hfKSEyI
DMZGhZbnpts
DM_m6m64jpw
DMwRByaGt_w
DMy_0wsmM10
DN2vTxKZgYA
DNISbFZmhY0
DNjVc-CWzo8
DNr-iL1cp-U
DNsYKzpHU74
DOPBpTZWc5g
DOQSkTcecyY
DOfVY7JrFwA
DOgmV4RhvP4
DP1spGhKAt4
DPIoPb8SQaA
DPUzIRuRTJU
DPuGtu94oJI
DPzd0FU2BY0
DQ5KDXCEHxI
DQMwVPXnbtw
DQOqkusm-OA
DQuGXiZ98-k
DR8NZCRf0Dw
DRMLoT4FtHo
DRzd-2nY_Vk
DSUROs5AkJA
DSk9NPwUDDA
DSsRMC18ay8
DT7YJmdlCPs
DTLbxvdW-bY
DTljjZobQRY
DTrJgqkhWS8
DTw3EpethPQ
DU5Th1gQOxU
DUASE8r-Xv8
DULsuQKIWJs
DUSPLa9lEoQ
DUYpay76tss
DVXF59N95k8
DVfUa4CSpoE
DVuVdt_JLnE
DXK1iqS6JSY
DXYB46Hkf4U
DXkW_yMX5ak
DXpO0xhoN-c
DXzYZB8qCro
DY1GRvcFBO8
DYFNn8X0AK8
DYL0KhK8yXg
DYb3rx1X6Fo
DZGTc_22MDA
DZkqxvj70yw
DZvKLH-POsM
D_4OvARyb7Q
D_Ghn75IE0g
Da-iUrpm-oU
Da74OICv284
DaXXjIFdwl0
Daag0cg-ukM
DasCP_duwy8
DavJ-fwJRfQ
DayRT5ttza8
DbLYA2IVkd0
DbOBThv-3nk
DbV_0cH70cg
Db_-FzWY3vk
DbjHBqVyMBc
Dbu1vZw7vRs
DbuZDSiUPxU
Dc4W8e4ruCU
DcH1syqZwuo
DcN2kuHG1E4
DcR0pwmLHDg
Dcd8gFn9tcU
DcnXJzEnW3s
Dd5aAXTDfzk
DdNt_J0575k
DdQR5Cw3uiI
Dd_pUiMKSEI
DdlT7QS-Eos
DdxDp8fUaFE
DeMxISMM3OA
DeNfhtZkoOI
DePLWWzLncs
DeR5fGRSumI
DeWYXpXklAw
Degr8lc33Vk
DeoNKZA9cN8
DfLE69sDN_0
DfM4LgOF6Jk
DfMdKTB2CfM
DfgVT_1ftU4
Dfi3pZtfIwc
DfqJGY6cEos
Dg-FHZmSYWk
Dg1l95MGsdo
DgJqj81T5Rc
DgPwxMsLOfg
DgaWjVP8kdo
DguPPdMGrEU
DhFseC3dR9w
DhH_V0lcpp8
DhKgZSCdG0Y
DhPo2Tck5g4
DhgG6Rjg924
Dhh3K7j3DZo
DhksDAfuUgw
DhorJQ9aVIs
DiMLRHlLZZ0
DiTzdDGMiiE
DiVBtOk7chI
DjNAFl4JzsU
DjSEmbHjcuw
DjcTsKt6Mzo
DjlOLRdlgYk
DjqtbSYQV64
DkCcBl9XYfw
Dkqr0G-VFHw
Dl33BGZgpTY
DlE4oZjZObU
DlOgCagstyQ
DlPPLwiIVR4
Dlh596FLyS4
DlpZMxH0pfc
DmOgm4MY-ss
DmTb-71J13s
DmwU6hyLqaM
Dn-lL-Zdy5E
Dn5AtLTzUMY
DnYRTWaxQ5w
DnoREwQjQvk
Dns_wewdJqo
DoYb2ad75fI
DopQ_4CybxM
DowO33_RzRI
Dp3FrDWpPdo
Dp5OW1C6n1k
Dq3ifgARO9s
DqHBDlkCrK8
DqskfHuhCzQ
DqzybOT5acM
Dr674KHi8ok
DrX1hTsVYs8
DrYeXhXNdoo
DrfTHKFkizA
DsOoru035eY
DsPAPP4_nZg
DsVvpPG_Zhk
Dsix3xW9KeM
DtB64sO9G2c
DtYu9MuoMlY
DteE19OoIKM
DtlbVjqkQt8
DtzuZmoUnNQ
Du7bMGc62D4
DuR30F-cpUg
DuuKiLEYoPE
Dv2a75ISsU0
DvOjYaEcWGQ
Dvwb_nkrMmg
Dw94xrnqiA0
DwJG88bljx0
DweICRh6X-A
DxJo4dL6kcw
Dx_Z407zuu4
Dxlj5ZMkXLU
DxqHrYJ2KLc
Dxx8tYDxYn4
Dy4hyZMD_s4
Dy4kVFiMKdw
Dycem0QtAIk
Dz6YRYW5z_Y
Dz8wAagvC5g
DzR6VWO7TsI
DzoJ3jy_ggg
E--Rotxkl5U
E-DjM9b-FC0
E-d73MNEDas
E-p0Ph7JFvM
E0hxzxerl7U
E0u_Z1XI-_U
E18ZXWJ5gFE
E1D3iwr6G24
E1Kjj-igdz4
E1VGK9LFjsQ
E2224RFukq0
E2kc2ANHIUs
E3j-iTTlf0E
E3j1VIx6t6I
E3rjDCCLD7E
E3vFIxGf3K8
E3wQCvPtB7g
E40PhM6ugpw
E46LtAQSPoQ
E47nxvSC8DA
E488wSxTNNQ
E4S3LInGGGc
E54St3kwa78
E56dbAMqE1s
E59RfzibNDU
E5MDkLdDFi8
E5X4jj8qhig
E5iSFq-3A24
E5iwXcTnrws
E61JRZuVFKk
E6H92YGwzFc
E6KBPAuhtyg
E7H6QxYZrI8
E7L573cCAoE
E7PZloyCI88
E7VLznbWrvs
E7h8j_YjSP0
E81jh_thiK8
E9GKaO1iEFU
E9Z2ebqtMRM
E9sMhXGReq4
EAeKm4LRo3Q
EAkIg1blFg0
EAr_FIGtF9k
EB3rWBgw_6E
EBJ8LzOm0FI
EBUtBHW4DrE
EBX_pcPRjnk
EBcEFER5SCQ
EBcux-VwJjA
EBfXdrJbH-I
ECAy29un8SQ
ECDpbFg21qM
ECO3J6idWsE
ECYx22M-IIc
ECaos85PzwE
ECj9BwgCmSU
EClj0oVx4Fg
ED-lNvSvSLA
EDFQBJWW9Z4
EDNHi3fL8jI
EDYOyhgZIB0
EDzowIVeSas
EE5VCwjsSQE
EEMC9ykiC2k
EER7W44SpU0
EEXzeF4Bels
EEYcFwNp7Jc
EEoVR1ZQYv8
EFT3LoiTBwU
EGEg1sg0soA
EGLOa1fCeyY
EGMnD5uDJ9o
EGsMqIDJtA8
EGyfHgXrJTY
EH8RKyN2tJU
EHBxjGv8Z2w
EHTuPz5SmpQ
EIFkEpOxJYw
EIIDDr76DtA
EIXzOHYutos
EIkwhObR_eU
EJ64ou69CLs
EJBZMz5d5kw
EJHJBLxlAsc
EJXcl5AKTpU
EJhZqNwzyV4
EJqXqbUONFA
EJrWEIMFvNs
EK0EHTvAvJY
EKUbi0jEx9M
EKriqC8VVkk
EL5BUoOmsLg
ELAjwTM88WM
ELLQbx9MYEI
EMKUzfnwU6k
EMXjW3RtEGg
EMjlCX5bKpw
ENp4JrYP_cY
EO9J-FEZGF8
EOGXMhSvmZo
EOWf94uzW2A
EOnlJJP4vbk
EOquW7KXQoc
EPJX9tW74SQ
EPRisy7viLI
EPf0CXjGZLU
EPsHwkVaqdE
EQ-IGCoRgfA
EQdJhSt8OvI
EQqKQ33WK6E
EQqSNtSufL0
ERBDaRxfn-M
ERJGXJag_sE
ESLlQ8lLVRA
ETAPXyIeO1w
EU2QhziK104
EUU_qdI4DS4
EUo6WONN9b8
EUvBl5m6k08
EV0iA8O53Zc
EV3Uh0NKy4M
EVcy2afIStg
EW9oI9geYWQ
EWY9PclzLOk
EWohcWjglDU
EXN7VYoB2Rg
EXlXUQPszKQ
EXli56-5lDs
EY6YQx_VUyQ
EY82mDQTKw4
EYVVpMictkg
EYiMeSDTfq0
EYotn4jV98k
EZyUz_QF1Tg
EZydG1M36qE
E_CaAlJMZyg
E_D2TqRTTFI
E_qJFQMEJEg
E_qoaNAjS-U
E_uJIsdGOL8
Ea-m84doFdw
EaIw4KOsreA
EayAza42mR4
EazG6_ajCXY
Eb216KV9bOA
Eb3FHNiAAF8
Eb3nMemTBys
EbQF5UVBRqc
EbSkcFImBmw
EbXFPL0veKY
EbkaLCXeBw0
EbtyXr82AuM
EcKUxRBcPmo
EdJP745hgEk
EdNGmHvXh6w
EdOFMxJ0oQM
Edr1EQbYZqg
Ee5jSBahPqI
EeXtjpC3Zmg
EehU-VnoU1U
Ef-5QBLhTmI
Ef6PPFTlwoM
EfR7M_szZUw
Efb7KU-2FTM
EgMZiCOfTnI
EgSV67BmxSI
EgTQQ-rWww4
Egbgd95su04
Eh2X9H3Ksec
Eh3Sm-kz9s0
EhKD-DvlzTQ
EhSIzNvv_to
EhblbJ1I7jk
EiFVVz-52pk
EiHf2oOsAVI
EiTdV2q_KpM
EicQVfGwjCY
Ej0lo8vJis0
Ej26GYs_dpc
EjA43Dug_Lw
EjPmrH9cA0k
EjYXafwe1V8
EkGw8Sn4oZI
EkMMVc3pTUs
EkMQXTGy0KU
Ekf998qrmno
EklaJMljFec
EkrT-Pt7G7o
El339QFQTEA
ElIplGuwSIE
ElqmTyzYhZE
Elsy2Ivq4CU
ElszQVnaXg0
Em_65eeupYo
EmuFXIKllMY
EnD7XJ03S6I
Enf9Xcq4Kbc
EnsnjoW-Ev8
Enu1DmJveng
EoBQczpVRaQ
Eou7lTUzG-s
EpaAgvJwtGE
EpaMpxw00aY
EpbkGoYUfv8
Epcz_peDtF0
EpfPXdLaLvI
EpibMZZG4Q4
EppcHSPkAKc
EqJD4vpUr0w
EqNoS4OTOSw
EqX4Tbw1fNU
EqiXkBnqxw0
EqqsNuKVJaU
Eqs-t9Nx6zo
Er3il6oQATA
ErN9dm8e5mg
ErXRfm0QDaw
EsCFAiB40ak
EsiMoUUGQUc
EsvHf7q2JPs
EsztJVfX3zA
Etb-xiqrQl0
EthqH05pIfs
EtuSRTSuZlw
Eu56ATrOxwo
EuHYrzvSZHs
EuPELf7Lnow
EujgLYxfwYA
EwHCfH8oSl0
EwjvRcQ094M
Ex1LUzGcgDE
ExKa9_OX8QY
ExysrJirWAw
Ey0TUwyy4S0
EyDK8oQeD-k
EyJeGtiIYq4
EyRXk4hjK0g
EyUg0aLlGIM
Eyv8uMzaj_0
Ez7AXOZncd8
EzLaxeTvYLY
EzjgF1szjT4
F-HxV12EceA
F-NV1pjJ09g
F-SMnozn0V4
F-akvqK4Oo8
F0CQaftZf3w
F0L3qILXWeI
F0lTQDNR4Jo
F1G8pxcP4o4
F1QxjTH_uBI
F1ZRoxnM2Cw
F1aicaNkdOQ
F1hMEXq5qZM
F1zTgGoaRew
F22ExzsM9g0
F29pP6H_DUQ
F2NoXyNfDhY
F2k4ICrgWiw
F2lax2hDwrY
F3Gbl-vnQsk
F3KdKUfIons
F3VLPdZaLy8
F3cdQptxBww
F46qBQbUTSA
F4upSqkTKfw
F5CYXwZEjog
F5NQdf9_XOg
F6LLivjQNkQ
F6OZ4Ncyj-Y
F6a13St8ihI
F6lP6vBDABo
F6uiEBHmKos
F75_Iq5KHqw
F7EfHZqG65E
F7IwD6_BqqA
F85fdi5Cop4
F8Pnuzi8tAM
F8e7LDMzKnI
F8kxvkPE1eg
F8q0dVUVqjo
F9WPapLEy7w
F9WgTJtyeew
F9mFH49MXss
F9pqDJD-tTA
F9sPZyVGseA
FA7-eRZexP4
FAUAVYGd6N8
FAerGkcMWTA
FB5D13_h3yU
FB64FoP4UN4
FB6mFjzpAy8
FBMm6RjFDH8
FBWIMYtVvZ4
FBe1WkWwPMY
FBg8clrnnCo
FBjYxU-WtKM
FBokQAlU1tE
FBrdwio7Jk4
FBwxxYXo6G4
FC0oNiaZi_4
FCAD7L5hEQc
FCGLCR6EK1Y
FCSgN7T0SJw
FCUSs34e2W0
FCj2LeZ8rKU
FCtN8EBFK-s
FD3R2tk6I54
FD6R5uQ3L-Y
FDKXDc905KA
FDlHDRR_ejU
FDqJK1DSrf0
FEI4vhUH-ZM
FEOW6M6Y7fc
FF9PuS20VWY
FFCDwqpophI
FFF8bPAgAoQ
FFN52m1oSx8
FFOEB4-H_qY
FFQQY41f7jo
FFeW4-0xWkc
FFtO5c0g7kE
FFu4F69d-5M
FG8sbVp0T1o
FGQh1SqEQkM
FGX4mbqDH8I
FGjO0mSP7Jg
FGrVz8T8TM8
FGrhpgvblFA
FH8fmn8qljM
FHRFXU2A02k
FHiROo5hqVw
FHoLV2HCnCk
FHop-b7MjRI
FI5w_QHVXNA
FIAMGkYhFWw
FIGMmuyAuFA
FJ3K9QSS5yA
FJnQKhAq-_s
FJs38qAVxcw
FK-G586PY84
FK-MvVsmTUU
FKbzHrUVcXg
FKjUM4yyqWA
FKr1D0Zjim4
FLKU4xMBwfc
FLNJ-2mCutQ
FLkbG8xjnVc
FLrFVxk_4hg
FM7XP9BAV78
FMAcfM60JNo
FMAkyECwKPQ
FMKixpmod_g
FMTK-SDqpjA
FMegig4qFys
FMmN-Ay_iXE
FMxKfcYg2ZI
FNPTTuIo0pU
FNYgfOcbwQw
FO4XS_XDAcQ
FOX8Tl5AVYU
FOlaiohP6x0
FPc4eUnrzt8
FPmq6gCZpQM
FPrNJk9CchA
FPrngsNNlps
FQBZB8qYS7E
FQJHrTgEuIw
FQfT4szMYsE
FQwcreA6HYw
FR2qAlEvOcs
FRKTTs4vBdI
FRsgEfhDOac
FS4GyYxuFaQ
FSFUHEBaEEM
FSHv-9LNxkw
FSL2qBZnLWw
FSPaI_Moi2c
FSPjuoGC7dA
FSb9uNun2tI
FT5iv_KW00Q
FTILckHcpt4
FTIdFNZe9iQ
FTm8KCg9xFU
FTxpjDNrjvE
FU--mBvB238
FU7Nhv3pkIc
FUNi0n1g7L4
FV6MUfo28NM
FVWIkrD399c
FVoPOr9xJ4c
FVqequGx1ww
FW8E1Hxa0hg
FWHe0fBQ3C4
FWVR5W-f3fk
FWWPi7ErmR8
FWcfSWhCLDw
FWfQQw10yy4
FWp31mKlXEY
FWtt9nn-rf4
FX23s92szcg
FX8T-UVK9xI
FXaUNXg6D_g
FXx-2m3x0A0
FXzfeiLp-4s
FY5vrTDUNE8
FYDfeghw_5s
FYoqHnXASLU
FYw_LMNw1mk
FZcUS4UXfa8
FZnnLyJIEc0
FZorViCalKg
FZwK5k-QTH8
F_WLRDbNtuE
F_sht7nKqqw
F_vd62RusVU
Fa3YBA30tgs
Fa47stckQz0
FaGK_D-QACE
FaHL2EDqqio
FaOGQA5UQUA
FaWC64Ebeww
FbDhzhK1wKk
FbT_NXH2AJw
FbUKyLMXUaU
FbV3ar9ilvQ
Fbh3825kAoU
FbqpdxKh49w
FbsinP_BUrc
Fc-vOEO-dB8
Fc8EtI5YgHQ
FcAPqPRXZnA
FcGiZVnecw8
FcRTJRqoUjU
FcWcKR8H9og
Fd4nHHYz-mA
Fd6JhDTsK7A
FdGfAz2SUkI
FdNKopYoI_c
FdPfccA-k1Y
FdnAAD2pE0M
FedDBCux_kA
Fed_s6JN4Yk
FepFx_FvzlY
FerA1nSQNds
FesJnp3VxYk
Ff56VrboVuQ
FfXs7oRw4QA
FfmKbMkQ3Zg
Fg2gXtXG6hs
Fg5hx7XYtg0
FgIidUgjOQI
Fgl1fTqdbPM
FhB7ldLXAbs
FhJmNPXOGj0
FhZQFTt7BxM
FhqWoMtxJKU
FhyxmOhv-iE
FiSLTPT8N9I
FihZOxk_k5I
Fishh3WOsSw
FjKhU78VAnc
FjWWc5NNVyA
FkarL_YZ_7E
FlERFAcsNjM
FlKUjF0GvQA
FlW_XUtaka0
FlgoWK6xwWg
Fm5OeDcbpAc
FmQrDGpf4GY
FnJRk5svaxI
FnUgaHvpABE
Fns5e1mqQeU
Fo4SbH6KvLw
Foe7hWIiKCg
FowWNaEm-eo
Fq3v1QPsCxk
FqDziXdztcM
FqIJIiswCZ4
FqOh0omtAGo
FqaGoAKYNdk
FqbNRzKX21U
FqlfEHla93E
FqwZzLvy878
Fr5ZZY0Ui24
FrHNRs6m72Q
FrPjkmsX5Z8
FrYwfCJ1fAk
FrlMwVO66BM
Fs4yX_Yb_yo
FsJjWIIqOP4
FtBQktdSRW0
FtDdslftsS4
FtcWKDU5JYw
FthckCRAK6A
Fu6M-avQs94
Fu8cSwnXm0Y
FuF4ka2Bmqk
FuG-4j6TklY
FuQPmaXzbW8
FuWkBxVldW4
FvBUGCdzouA
FvDV6mXkym4
FvYRSA_J2Sc
Fvp2lIdDJks
FvpCiPQzSZg
FwodfU_pyrs
FwqR0vu10hE
FxS3Ehj1SnA
FxTVTg6aclA
Fy1IYUd-CjM
FyAiN7TuNxU
FyNis8gKIhM
FytE90KFbNs
Fz7X7_TVeLk
Fz8nebh_kUA
FzA8IfnlFdk
FzVYGrqMHhY
FzajGUE2UOY
FzeNN6ma1dA
G-NERmwFxrQ
G-W4UHqIw-U
G-XfpoiIajI
G02DH8Mxmh0
G05f3nx-tKE
G0LgkWJcsFs
G0pRFgzgoEQ
G17cDFgekgo
G1HHhl9eCJg
G1Maxu82cqQ
G1SLjcQGYo8
G1hPE9nC3O8
G1xR4Os12ag
G21hMZdfrhs
G23aC7jwoHI
G27y3xPAf8g
G2T5ewoqT7g
G2UOhIQQD3I
G31L_nVeHp0
G34EZ4ZsF1k
G36rgm83yE4
G3ZQ3Tw_nN4
G3i_PSnA9Yc
G3lUAMG-o9Y
G3thN64ouB0
G4ACa9DGvfU
G4BBHUstBQk
G4iw3xp0cJc
G59BQOUwbF0
G5GMJFlM2YM
G5T3NgRZDh0
G5V6mOGbVig
G62EpPfalnw
G6WD-RZs6fA
G6btCsgLhGI
G6tttSOjcuo
G74s7bC3-6Y
G7tB0yXS8po
G8hkz2gnMEc
G92HoIk2QMY
G95J49-WKBo
G9ELq2Pz-CA
G9FknnP6Yjk
G9OA3lENXMQ
GA1nPCGS2Jk
GA5GovqXKhk
GABCyELFzpA
GACuYLr6dDo
GAHL1RlO5cw
GAxR5ViBwMs
GB-wde6fo2w
GBOFfjeTXso
GBQvzFfdIgE
GBagHNLfeiQ
GBke4M5uPg4
GBresoQuxdk
GBxHdmXcP8U
GC0SpA-3Sh8
GD0wt3gNnR0
GDQk5IUYlrI
GDSlM58uP4k
GE-OVmtuzsQ
GEFzAzdvkNg
GElzXgtBgqI
GEsYU329xjE
GFFs0bui4bk
GFMrPJp-3ms
GFOZ6WEcZ4Q
GFPtRvuG2Ro
GFphBu_DuW4
GGDrj42N4CA
GGn5WUfYSAM
GGqPeUowXZ4
GGvJT_vRmG4
GH2MazNS7A0
GH5IkL_CYdE
GHE4ZIV3wc4
GHIF9reLlG4
GHJQP2vCIWs
GHXY2x-84lw
GHaxi9slUg0
GHcYd0ciuRk
GIT54ut4eFs
GIejWxJGqVg
GIi4OyO2Is8
GIlWHuXSyAI
GIt-gAe3Uyo
GIzrl7nU1Kc
GK1FzzZiocw
GK4rN2sqJWk
GKDIxI6K4tE
GKEKYTLjYFs
GKMnWYbDusA
GLNlJxa8wZw
GLSh6Li4zGo
GLdgbMXGKmE
GLqUAhtJqHU
GM7L4Tte0Ew
GMVFvKIzwfg
GMikZVsRAuo
GN63TZfXZ6A
GNB5BpyGt40
GNMWysEDw8o
GNOJpvuDHyI
GNTR4CIN4Ec
GNW4ZZOHG50
GNW5amwCK9A
GOsCCFRqaBg
GP3R6ecLUDk
GP5QvVUQLrA
GPNTRYQEKII
GQ8vcbJs85k
GQR_HsBtJzc
GQckT9Kantw
GRM-LVOdx2c
GRTmAMMqnkA
GRWKE3uczgM
GSrGiHhLHSI
GTFyTVM1wKs
GTZKHCChYEU
GTduqXub_uM
GUDp0124yeU
GULnzwoJflU
GUXTXkWJVxw
GUY89eHC9h8
GVH_SNjqrEI
GV_kxxlQw2M
GVbV5PDjgqY
GVmyO8rlkZk
GVrDM5zj_zs
GW9FeL2Dla8
GWqHMI-bG8g
GX0K0J03GlU
GXAm8xCrGNI
GXBmGYrptZE
GXDsyFkoVBc
GYJ4ewi88jY
GYh7G1hvfgI
GYplXlxDhqw
GZPdj5dLEiQ
GZUyjCUfReY
GZcR4vqspuY
GZjvDl67fFw
GZoHAZYYaBQ
G_A0suMh-PY
G_jJMEftuTM
GaHjmV3Fl2Y
GaQZdrl-uFY
GaRwcMlUhbU
GaXwrpHE62c
GbR5gNV_SWk
GbVo0boUj4Q
Gbei08Q-y38
GblS9OFxYZ8
GbuhUoUHpss
Gc4aLyBqL3s
Gc5TI4cr2s8
GcIIcSB-fdI
GcJVUzqpHBo
GcNqWxsrRZ0
GcQaLVgmZRQ
GcR13-YDVPc
GcnKFsv9idA
GdYRO-Oc3k8
GdbgYudxg6g
GdkkbIzwXw8
GdyHNmJrhsQ
GeaAA-jJGG0
GfEXjKb-Zk4
GfYwkAbBZmk
GfcqpiyvxzU
GfocH2RCcDM
Gg2XLKAIDwU
Gg3MVbhQO_o
GgQWanPoH1k
Gg_ypRCQFzY
GgphkNiTACY
Ggyx_x-dYfg
Gh0rDRcxR3M
GhQBpA7Ffdw
GhQs1K6pB0s
GhePBdXUYWU
GhmHTSEyplU
GhoJgsxL4ak
GhqolK4wtIY
GiMNh6ba7g8
Gic2l-owa9E
Gifk5b5BZvk
Gjb09r1lhK8
GjdLlsQHAMs
Gk0QW4CB_8E
Gk1Xkj1k6VE
Gkimy8UW-Uw
GkrvFbBI2i4
GlSu_EZXaro
GlnPLrHqOL0
Gltmr-W02To
Gm2Pv1J6HBQ
GmJmk1pRnfs
GmQ4rVlzcjU
GmSLrVsyOJY
Gm_A5CnqF6M
GmhAtK0ipLQ
GmpXkB2sqbw
GmtohzDAb6E
GnO2G7mDk9Q
Go1Ly8QTeOY
Go8q2bAyHhQ
GodyjCdejmQ
GohOK60M3tI
GosO0EhNy8o
Gou5k4p-j6Y
Gp-F4BnSckE
Gp5RqciMNU4
GpUYRHV5l7s
Gpcmk6r2Emk
Gq5qki512KA
GqbAw25EjhA
Gqe575hJFtU
GqotAi4gqAU
GqsRDBisd4I
GrNDW414Pwg
GrS-B103mtY
GrcAhmwk7es
Gs0qlJ4i7Kw
GsFS65TCDdE
Gs_CfkEBfI8
GsrOxhnhxlo
Gt4VUGPRlgE
Gu-mna93E3I
GuHOuAbrj6k
GujSsXiDHxg
Gv0-XZdo_ug
Gv3eDxKba5c
GvOe0UfIkfg
GvPm6d_VDEQ
GvdJgIf8IOw
Gvn-lDX4UCI
GwmYzmiLELg
Gx8D_KxVt6Y
Gy1QaVy9lBU
GyA8NkLwOYU
Gyj21l0LYd0
GzCXB7wz33c
GzH2R8tpyyY
GzJdZeYZ-Q0
Gze7k5BCDF8
GziE8RR3SY8
GziRBAapW8Q
H-3nkR3LCiM
H-_vpLVsLMw
H0HvGfuCIQg
H0K1b8Ghpts
H0c_6v5IZl4
H1rT5Rp_Wow
H27hk5B7kl4
H2FRTGvv8yQ
H2bXPkQ1bPQ
H2cVuKhkblQ
H2hVOns4HsE
H2o6H7o_mJk
H3HwZDIV1k0
H3Kca9_OOek
H444rpd0Lxs
H4N46VSV14c
H4S62H9ORoc
H4e5xeDLbFs
H4sFEdeevYg
H5GtVUYOo24
H5RvWzJNcM0
H62HfrSZNdI
H6cZHj8NAIg
H6tpKHAwADk
H6zu1Th24g0
H70k3QjKyj8
H79ceeVEbSk
H7C4e5bRBwI
H7dRSjWiNqo
H81sicE7VMs
H8TRGSEdQcE
H8hAWjrESjI
H8kcxyidME4
H9DcTYmK710
H9KvKe73S7o
H9Lq1QDuIR8
H9jZRHx80sY
HA4QBgDJweY
HAC06O5ltKQ
HAHk0kPumUc
HB70WVAtB7E
HBEys-teKek
HCAHS3mfgPo
HCW0jh0q-48
HCj4Ekw3VZo
HD7-Gsk6rW0
HDGUSMvIbGo
HDQSfA0OUsI
HDTO-jvHaqU
HDixNLqawsE
HDyJRmx4Kak
HE29PcrigIA
HEW2a5giQT0
HEj4YPHng8U
HEj_lW7v2mA
HEnmGsBOb0I
HF4MmD3niPk
HFGlmghVnac
HFXeacsF_8s
HFfwUnqElTM
HFvwZTIvLGU
HFzD59RM-qw
HG1lgoH6SSA
HG9YGTG7LI0
HGAURb0Y51A
HGCAlyWP-mQ
HGIn31LsL5o
HGXJQTkJKuI
HH-3pEPB5ow
HH-ZMYCfnqk
HH30ZqiihuY
HH5ZvAk_Pqc
HHEvkHnjNys
HHKQpNYBC6Y
HHO4O7zzLXY
HHOqnvKcyrs
HHSHuv9KdRo
HHU9ZpgAFz8
HHZq0faVtMw
HHkh6fP5-_M
HHndx8t9m-0
HHpWvwRhf-0
HIHSGFDT948
HJIbrHNx0u8
HJWN__zdQMY
HJlFFS4MUBw
HJnAwCXKvv0
HKHU_jyeryA
HKMNv1qm4Dc
HKWYAIMT-gE
HKpv8Go9Nkg
HLDA98njt0U
HLHA48cii6o
HLR5bZmRtW4
HLU7248K8iU
HLZ_CyzekM8
HLcDV5SiD8A
HMBnv9T9bJE
HMISXpQnpno
HNEQ0e3n8GA
HNEt5DIJZYs
HNPWKR4zRMU
HNUUkrCTAtE
HNcRxMC9qoY
HOFBtlABAKk
HONWg1d4Zgw
HOQUh4sT6_8
HOxZBjbP6nQ
HP9VmnOpGWs
HPevQxUoAGc
HPujyyoXLbM
HQ4yQpLnDyY
HQJsuUJeTsE
HQSDnC0xxto
HQag1kBP5K0
HQzKU2NNuGg
HR-MDx06ks4
HRINc9Jgv18
HRazhcrIF10
HSAcbChiRmw
HSIO_0Wy5f8
HSM6rb6heSU
HSdq5OkV9Pk
HSh1WFWnsDA
HSka-FjWX9Q
HT5WWtiIkwY
HTR7pi1SCSI
HTXiCR9FPm8
HTY_7lb_AUM
HTeNQ95OAqk
HThoOLiBHqY
HUKghtEFemw
HUS4sWTxNpI
HUdC4u6pMiM
HV9Ld09kAmc
HVBjWVq2w6s
HVmq0QXY2LI
HW65pz9i9aM
HW6b19QyVp8
HX9otbclZUc
HXCDPP6tyMc
HXFzYjJO-sM
HXHe4Vd2upI
HXY631T3XVI
HXaRgDB1hB4
HXva7dzZSdY
HYJAG6EoJeY
HYjcVIR9KGk
HYksoIv55pw
HZ30sihxnmE
HZAEF4kCtYs
HZIQlwaPVqE
HZcrU7Nb7y8
HZjNzUY_KR0
HZnrZY_MXDY
HZx72Kd5M-U
H_3i_laiZr8
H_fK6bBSlM0
H_sUbcqxj-0
Ha1umXF4z9s
HaNJx5pAkvM
HaXYuLtGkLM
Hb5MunGIxDE
HbHDGa-CKZk
HbJbgOUl3wg
HbWTI28pacE
HbYtcNSk85A
HbZJdo5i91w
HbbIlfyNAPM
Hby-S3JJCm8
HcNwBPQa2Yw
HcoMfnllJgc
Hd7iKlA8qUo
HdQHYn--UJ0
Hdbrvx3Ekgo
Hduq2iIvLNM
HdxtXarthKk
HeIN4G4V5WU
Hf2yHi0MMkU
Hg-pXzx_CaA
HgMN80L6upk
HghjdeMj57k
Hh0nMTCxodk
Hh3I7Ap5NV0
HhUOLGV7Hy4
Hhi6Yj47VjQ
Hhj7y3m4U0I
Hhzk3zpb91A
HiRT9ih14jU
HiUES43OQQk
HjNQSyU2olQ
HjZGgzHReW0
HkIW-428NEw
HkLOsLtp9C4
HkjM5ms9dno
HlHRSUInxzk
HmL2z3AdpRs
HmPVIN29htw
HmU2DD5cD1k
HmrBam58jKo
Hn4gK5L9WHw
HnJ0wB3rGMs
HnSSWdmZRAU
HnWOrqoUW1I
HndKQlGDwb0
HnpANNFF2wk
Ho7IMD9j6L4
HoCvghG7T4I
Hor8Qe4Hqp8
Hp-JryOkKz0
HpscEaTxf1Y
HqNyu21Ni-Q
Hqy52z0X6Uo
HrgNWQ6EiUs
HrnMiumFYuU
HrpzICqWCu0
Hru3PjZ84BM
HrznqWkwQO0
Hs357MobCQ4
HsCWEE8-o68
Ht--tc34tCQ
HtCBW3qrx_k
HtCgnSCe_Xk
HtKoJVsBju0
Htr-Sr2cbEo
HuK1eI37iyo
HuTzXiynnb4
HukTXSsSwq8
HusDvo1uam8
HutkZV5bMzk
Huv72NoSmZQ
HvVJnWmrsQU
HvjFDwLkYoU
HvyKPrhBthU
Hw79cKj1WR4
Hx3U8KUUBFE
Hx9g3UgUc04
HxIEtZCUx50
HxIrdNk9U7w
Hxv4oW7TOtE
Hy-nSgRW72k
Hy08aCtr4rk
Hy70QJImjN0
HyGeavuA1sI
HyLbGIllH40
HyTSV6F3GV8
HykPwXUjyzI
HzfkRRKWN5g
I-ABHUm00A0
I-NbCtd38d4
I-W91UPY1HA
I-cPyuNu_0c
I-kjg-GHctY
I0pMJM4FQBc
I1-mMcNQH4M
I16ZrCu5y8E
I1AuFmtk9uY
I1BerBZgdMg
I1GJZvVYpOs
I1JxdKOLp8A
I1PBhjEyVxs
I1VyvZ6xo8E
I1cWKjxV5jU
I20t-LX_weM
I2CAJcUz4xY
I2Gyjr7zNuU
I2W1Y9yl4Aw
I2emXfocFhA
I2njEZ1WTKg
I2y9tweTyog
I36O2VCiSZ8
I3YCnvUfUPc
I3aEXTnh55M
I3hJ7y084qM
I3k9Ifc0twg
I3nBJmb43FU
I45G9RCMpRY
I45vOFZw0RA
I4M3_0wVmU4
I4fqB-lRhTw
I4jmeO7Kfhg
I4rizm6Qqr0
I4xca9NFAbg
I5HUMYcMZPU
I5SH9xs-YqY
I5Yxfn7xhCo
I60o596TNRs
I67Ile54BD8
I6CQQ7TRr4k
I6d1-gLa_zk
I6jpjiI3zrA
I70gZGRM4fU
I71KOz7S0Ls
I71ZDmM-dto
I79E2R09bog
I7JfJQaOx50
I7MNT5OYZMg
I7YgoVy-_eY
I81mQehsdtc
I8OsGwzIgN4
I8Pu2SBLDvE
I8SYlR5gh4A
I8ba84dF1SA
I8sQWtk3d9A
I8ySAltXVBE
I94DHcJcepQ
I9C-9_CFlG0
I9VaLCxCXVU
IA3bt6U-3Vo
IAAf2uw3apg
IAlczbY9zMk
IB2nPVQdS40
IB599SqJjAU
IBKhJ-dcUDo
IBXcDcWPG1o
IBdqJrtIa5Q
ICCzqmvEcWs
ICF3XKFQvVc
ICF5UyNklhc
ICIGaN91CWI
ICRTRLoUriE
IC_XYdQlk10
ICdmmSP_5LU
ID_VgoVxIXk
IDaA_2wOqq0
IDiFCkM3tnE
IEEeDqJ-rqM
IEU-D50kn4o
IF5sB-XQoaY
IF89wBWdLWQ
IFZgYQzqV00
IG3pbfGo1Wo
IG450mZuAbs
IGGMHQtfBqw
IGKlPuU2MuU
IGeANGLEeDE
IGqKoNtn-U4
IGuVbsZtJYA
IHZhTDyYbZg
IHa1-wF1Ew0
IHj97gLkheE
IHmOp1dhlRM
II9CHaqxEUk
IISt4ZEwwHI
IIUQIQFpD64
IIZ6CnsvyZs
IIdzh9W61Jg
IImT-meLIxA
IIydNIy2nTU
IJ4-N7Nh-UE
IJn9_Lu3YEs
IJobwzZNYNg
IK7P_DLtpj8
IKHFT-yzNmw
IKX_QwBzmsw
IK_-6JuEYHU
IKivlUwSpRA
IKj__idV2Kc
IKxuVymiGag
IL2eR8wP7nI
ILH2ehCwmDc
ILK6HZelQTE
ILNS-OqvN4M
ILdcI0ObLJg
ILih_itoPV8
ILwjALR3dIw
IM2CHm4oncE
IM4fgXOMaZg
IMzInWZzNFs
ING7eLCTeLE
INiEgi1c7F4
INpwtCUE7oU
IO06NdkqhXM
IO28fA8gC28
IO5B7pLD3D8
IOh4qDn7l_U
IPF5XKuMA8U
IPLQqY5z5QI
IPnhLUF6KoI
IQOqkrbowHw
IQYawspIKmc
IQf2GFH7R88
IRRsiJHpq0I
IRX_UathxdI
IRw9TWFKW_c
IS2IQXn91ZI
IS5Nk5VP50g
ISWwNmNd1UQ
ISq2qKxCTw0
IT15GMlWqWs
IT7MR7D9dTk
ITZmnVAc1Ic
ITc6vuXpyVk
ITiisGLsDaY
IUDLVz1yT-M
IUSeDUlv_YM
IUXDaMNYrls
IUlLjqx6a1Q
IV0ZNBudKx8
IVKDr6jFIzg
IVhjxVErRzs
IVmxELXi2ck
IVwRVkS2Ons
IWJzyBkV2XM
IW_ZIzcncZ8
IWvOWtX2y1A
IXX3bjHi1aU
IX_VIbs8t9o
IXvIlFEI5ns
IYGAFYMDQ4w
IYNLcRHBjL0
IY_UdFsivkA
IYz1_K23EpI
IZ34nYRJXFQ
IZ9Qyq0LNZc
IZA1F1kTaRM
IZJmkGn_8hQ
IZXrI9eMYoc
IZb6TGmTFqw
IZj0g5cquc4
IZvMN4Yyoe0
I_D8dKEe9HM
I_E1_pwquso
I_Ij5dfYMnU
I_IuWnQyAtI
I_u6Mf1T-ME
I_z--o0KZqw
Ia-Rm3bwqwA
Ia8tIOmK3Ig
IaQvv69dBGM
IaU6D1RjI6Q
IamTniDtU7I
IatB33X5iDQ
IbB1qSukj3w
IbKad-kHOqk
IbPTrYHtzCk
Ibedx_Q6X2Y
IboFbWkFBd0
Ic0LT2ihbj0
Ic10WsDsuKs
IcLc68kdrf8
IcSelyq_6vw
IcnbA7T17jw
IcyZaISnyNY
Id9KE5Bw0ZI
IdKzindRkiY
IdadMh9yoGM
IdbhVRrVHys
IdgzdxZEMJM
IdtENWBYh98
IdtOMd72E2o
Ie14ErV-z9o
Ie6mBorjqoI
IeC9pUFLWKE
IeKyNs0IJ-k
IeVxPRLwZ0Y
If1yNXmBpjw
If61TQ8atZg
IfKiePPyD-4
IfWuqZwzMw8
IfuCkLHcqDI
IgTWSVkxQNw
IghjN1wDd9g
IhBi49aimeM
IhYHR-jQEWM
IiJJuUJvSQc
IiOdzzcK7As
IiQfRNxMfNY
Ii_pzBxUdgg
IioMJ0C914c
IiqTeAzOa-k
Iir_1Gt7BBE
Ij2-QmWJrak
Ij75XNRZcTI
Ij8IAgrs4rQ
Ij8x8RzzcSM
IjCIWMmfHhc
Ij_umj3J-cE
IjfkWeEero4
IkCKZv-rByI
IkFXco88Ai8
IkH6KOv3y70
IkJnO6DGJxA
IkcsB3wpprc
Ikwia0smBoU
IkzA6yJDHC0
Il2DORKs6Wc
IlEKSZEIaEE
IlLDHm_zWa8
IlLkLOb3JJM
IlW4Rgvzf1k
Ilir5VRbCvw
Ilm8YVoZ6Rc
Ilu0BF15rzU
ImtHt3e-N2Q
ImtSXXL2_N4
Imz6HIeaa_A
In0zIu8uhLc
In6NZ7BGw00
IneAWiRiqSg
IoCQ9jxvHEs
IoxHbN_s28s
IpCtH1jllzk
Ipn3Ysq5-rg
IpvH1_nSOMc
IqA4CVnxGlA
IqAl3Xb1QWU
IqGZ_QbYSYQ
IqKVKW6ibyE
IqPCyQN5f_o
IqfB7Bu94sE
IqsPCP7hCeg
IrDJB6HoI4k
IrFdsH6rO7Y
IrdbD7TzGM0
IrhZNgWvfHc
IrmioQLpMYM
IrvDNjYq4nM
IsJmoD3yJa8
IsOEUF9fFgM
IskCCbVd26c
ItgnolMjM2k
Iu5KKx6_QwM
IuI8OYMJ9vg
IuUB_4AViG8
IuqDYrHGuew
Iv11flMPdkw
IvBF1mHM2_o
IvJcLxLo4gE
IvPtG-eIEGc
IvRo3yYs90w
IveTH4txSK4
Ivp_cD0qd9o
Ivpruy124fk
IvvWcRE0La0
IwFUWLORJ3c
IwLlQ6k1z3M
IwMwfnNmQWs
IwXabKgiZfY
IwkjHemMNuQ
IwuUr7bDlPU
Ix54YKkY9as
Ix5xIEex65A
IxBvnF-zFSI
IxH-6r03lnU
IxMfqH1wdjY
IxTEHWXk1Mg
IxZycpG4pvs
IxqZgGwzFQE
IxyxTnsobVs
IyU0z5mJCDg
IyV4TpT_CS8
Iz-FfOArAaQ
IzFxx47ITS0
IzJjtkKPrZI
IzJsBBJS5W0
IzNiNF2fk_I
IzSpi2H29IQ
IzrSEeA5dNQ
Izs4ykJNCIU
J-0uL4eLSxM
J-6lWdZH4Dc
J-twEwH-_yw
J00eMFLbjwo
J07LK9gtpkI
J0MOdp0jBVw
J12GuJQ-ijs
J14-pkz2-Fs
J1QgbcFB7S0
J1cKNJYvRFQ
J1dNVJawW_o
J1j4caMofM0
J1zANRTKgJc
J2HnonF5_eo
J2JqqMXSF-g
J2OxWQO7zQI
J2pCgjrxI2Y
J381Yl4qZNA
J3Y2jpBKwjI
J3sjlmqJrpI
J4y8Tgl2mrQ
J54szxdRXp4
J6GIthiKJPk
J6WhuT20R00
J6lIFWm6eFE
J6v5BRKY9Zs
J7PJoSvmwTI
J7WjbHbtN98
J7bIvhf-aCQ
J7cc-7oKfO8
J7pJ8kxXth8
J7u6oqfAAv0
J88V1pT_yok
J8AdGs5q3C8
J8m0OLGKglE
J8r0xi7pm_o
J9IxWLtAb4I
J9idS4hw5mE
J9muWKowJus
J9rRwApI3io
JA11R4-4Wj8
JA7eUtqF63U
JAE7wgObxuQ
JBB5uisZPNI
JBFlGjPKY8Y
JBMTUQqzlGY
JBbENqEx_5U
JBgtU6fUbg8
JBhvkKEUh_4
JBwSvBuhao8
JCJ5RRkuoDo
JClF5xBuSQg
JD-q3tm3XOk
JDc5KfhRQVM
JE7b_HRgcAM
JECek8G3PSA
JELsUvS0vvY
JEtbGBCrH5E
JFF4yp5mU5g
JFJ29iI9ckY
JFY-ebFCvV4
JFqaJOlr4_c
JGK0QPVxuJY
JGPE4FXIPxk
JGUHfoAihFk
JGqkQFbijX0
JGxtNkhimLc
JHFFQHoHq5Y
JHQzi3fRQlw
JHXnrcl4y2Q
JHpZ8-VejM4
JHxPswLfh0o
JINfQI27178
JIoUGsH1Z60
JJ2tgGtbVgw
JJHViu3bqw0
JJYWWgwgZFo
JJpP26wEtjQ
JJu-uu4grgw
JK2w0IYkBsQ
JKWxBnI1nuM
JK_h5kDSiQQ
JKdYj0TUr-c
JKvccP7VfFE
JL0CwC_Z3_0
JLm97Sy-oC8
JLojqmiPCkY
JM94vIaQ8hA
JMlF-Dict6s
JN791SdNVxI
JNH64mo3ZUI
JNQWBIHqeCY
JNVAlH-mpJc
JNkIaEvbPRE
JNt2_oxjBJ0
JNwGbAlKkv0
JOFqbAbf7kc
JOHgqTJ9TrA
JOQUvjYIuT4
JOSmY9oSpY0
JO_GNppTnOM
JPCtjhJ5BSI
JPKPyR_iI4c
JPSaB6u-Jj8
JQ0-sldr-Vs
JQLoYAU_GeA
JQS6v2Yjw5A
JQlWg5uKUik
JQy-H7suqTw
JRBNBIdHTHo
JRV45m-VYAU
JRW5_yI7CIg
JRjiub3xDcc
JSfUbVO8BxY
JSoPWvcFOsA
JSum_TDZLMg
JT65xt3TVnI
JTZ756SCIS0
JTdPBcKzAfE
JTglNJKXopQ
JTgm686270o
JTlnSN7pkIU
JTn645W5nl4
JU-S-5syNF0
JU889t8pbW8
JUAGz5bKPRI
JULPH58HazA
JUrclGsdvU8
JUuRfwG-9z4
JUy7n-MXKP4
JVLEt8_sa5I
JVpIi9PIIcU
JVwCMeLB8YI
JVxazxoRWV0
JW_6owL8Ah0
JWhYfjUIHDE
JX-2rMp1Zkg
JX2WXeI2y1g
JX6zoprI9pk
JXAoOuQMk0E
JY-4su4fXZY
JY5m_G2HXYY
JYBD8HX16PA
JYQ3XUWlw-8
JYbm-TgfKIQ
JYyrDhU8y2s
JZ23x6zFuoA
JZ3OV1I4ypY
JZVpHL8mUnI
JZe5JMn_TBQ
JZpS1CQdlZw
JZqrAJ7a7EI
JZvN4u6mefw
JZvwkEqPq5Y
J_Wdb1qm75g
J__xXMozOME
J_n9myhF-xA
Ja6KYw4k5zM
JaHlwp1J9KY
JaUQ3CbSy7E
JaiM_-EWC5g
JaxhvE4ROsM
Jb6SWfDEg5g
JbNNtGoOEeo
JbfJ0NnwCRI
JcBe0JwFQYI
JcZdQx9wcT4
Jcgw8IIyFOw
Jcl6IXmYkAk
Jd2xkHSM6cw
JdCAP-fZsas
Jdqat3ptZk0
JdtQRuLn7CU
Je5vntKhCJ4
JeB8Uknk2B0
JeGdiwo-Yxw
JePfkEcc3UU
JeWvDlIxpAY
JeXC84byg4s
Jed3OTaF8jw
Jf62xbDLJws
JfKB1rBoi2w
JfYA-6SzaHE
JfdNm9986zA
Jfy1YqqAgRA
JgF77S77GXA
JgWeH6nWojc
JgWr9RMm7sA
JhHiQERH1Tc
JhLatYb2Puc
JhWcPb0Y5Sg
JhpqJTa_OBY
JhqjGrWT0aM
JiFe2kpn9AU
JiVsPJp_JIc
Jijqn5A--X0
Jip7LyWk2og
Jj2StJiosGI
Jjdu5k7LvP0
JkfBxiKR8P0
Jl8MgrqKCIE
Jlfz7nle9Xo
JlgBJInskSY
JlmphXUWywM
Jlx02w4Cgp8
Jmwy2WyNkbI
Jn-fUeSoG2A
JnG42HsNXw0
JnS67vkgT0g
Jnc9H8qdNLY
JoSnlHosmj8
JoY0fOkMDkw
JohvCv0_WG8
Jopa-zkgM50
JpEPkKHqxMw
JpJyv60IrkU
JpNDay6y2Do
JpRQzxLg7sA
JpWHnc7PI34
JpXEbNpKNBw
JpbWZwEF8jg
JpoP7BkkS-I
Jpy2Homa5YI
JqIMHLVJHxo
JrO84idBBcQ
JrRO9d4fqjk
JrROqKZcgw4
JrTNwTcOfXQ
JrjOx-T0wNk
Jrm4GVn3TNw
Js226A90HRo
Js5ZADMOnvo
Js5oPNdc5ag
JsApOqhanmA
JsJbx0XeA7o
Jt2R2BR-CNo
Jt9le9tqCW4
JtG_sUkMeeo
JtTVZrnfqKI
JtU7mF6bdGg
JtetYOYp8cY
JtqQB0RSnKY
Jts-ynGPoM8
JuFKNQSrH_Y
JuFc2C3Bxw8
JuRiSJ67PF8
JuYlj3Iy6sA
Juj5dF2VkTM
Juw5O96SpUQ
JvArM7X3G0Y
JvcIrNStm_E
Jvx50qQQ62s
JvyGYasoj2I
JvzKewQisP0
Jw92PCzmn8M
JwDLII6DFXI
JwGKPu0r59o
JwNeqpNR81k
JwTyJnfMD6c
Jx7ZMdi_2JM
JxDDw1r_UPY
JxOO8xKwu84
JxVrdU1u6I4
JxpoRVkRXTM
Jy4cAfsTzIQ
JydrgpzolnE
JynHf4rSGD8
JyxFAklxL1E
JzOTdm9upA4
K-1O7aPk3v8
K05mCN6z13E
K0E8sLZ2Cvo
K0bFYl_f8HQ
K0dOU5xBe0s
K0i0MOGRkis
K0o4ptx1xIc
K0tIQwmpk5w
K1E4kYpgZVI
K21LzFlrT3c
K31J1lfurbA
K3ECVCFaut4
K3X7y20Tg0c
K3xDX9Vfcu8
K4UqHaVRIu4
K4XCq9jZCTI
K4_R5x8dQjw
K4rof3x5pAo
K5LevyO_22E
K5O0oSHwxSQ
K5g4jKGagGk
K68llJgsP-Q
K6Mc8NcPARU
K7WQx_6u7jQ
K7em-PBfCTg
K7nlYZtfblA
K7r6GFc89VE
K7u7cFum40c
K8Iux7L51nQ
K8R22oWCbHI
K9AZGReNm1c
K9N0zQkpIQc
K9oAQir83-Y
K9oqS97Gmb8
K9xCwoTyFlM
KA-Slql-ztk
KA3evnX6HwU
KA9jx7NmXRg
KABbTPLq2yc
KAPpjnPYY-8
KAc_zy_cKQ0
KAkPc-bFFbA
KB153UIcE-g
KB32SipP258
KB7VbKsR-8g
KB_fYtWA-dU
KBdfgTZ3b2w
KBgEETdZ06w
KBkGsHUNgXo
KBtcm8YnSMw
KC5bVk110I4
KChy-duX8wI
KD2yI2yR8j4
KDD5Wmpt1EU
KEPHHowXoHM
KEtYz8YMehE
KF0O0KkR8TY
KFCeZD1iAlc
KFTetsq9TsU
KFmQQZ57tHI
KFvcdzRUfIw
KGGw0uAn_Uo
KGK3gCPIRpc
KGP95O-2QP4
KGYbdZBGDYU
KGZsRhPHvkM
KGehRcLTCs8
KGjFPIwr3Gc
KGxtOwD8Cjo
KGxyi4mtDKg
KH1vsOoUHaQ
KH7tvY9xNTU
KIHKkMAHS6A
KIKQFI7sAsM
KIYIhlYFf9w
KIbUqUcAyUg
KJ3KlaI-FOk
KJ6eN8q5jQE
KJ8bMHGBf7Q
KJaydVAgRNw
KJrcsDgOgmk
KJs9Z05zPyo
KJzg7Dk1pwM
KKDacXmeJNQ
KKEfyq8b2P0
KKOeytK25q4
KKUikxz1nOA
KKk9N9IDd9E
KKtdVhjH1p4
KL-ACRgQECk
KLKOiQmR3kY
KLbbccoX95A
KLbc655eL0g
KLetqWSJNN8
KLx1FZNoVrk
KLxAG-S236U
KMOwqYn_bv0
KMVjDDsjcOc
KN2vMtq62RM
KN4DfBYpZKc
KN7JtBxTTVI
KNJcBeFV-EM
KNdEdmDM8tg
KOOhogrFVHs
KOYXgFxYvxY
KOYcZHY0Z3k
KP2JhaRbIMQ
KPABYPAvQRk
KPYm2liM_yA
KPbNg1bdqIc
KPjVbCZQWk0
KPjsbxa95ls
KQBSW0q-23Q
KRFhB3HLKRM
KRFssPPdihY
KRFuXMGlbuw
KRNW-UcelMQ
KROf3rp8Xpo
KRUsoMSw9ls
KRZhbujGo1g
KRn9SCl_20k
KRsB6NRTQRA
KS-WZ0M5hRw
KSI7jarUj6A
KSNNhDsP-AQ
KSQ-Q71vTFE
KSWO8l--SZM
KTKlCFWQSSg
KT_N0Myt7OA
KTlhyaEgpRo
KTo6vbQrLZE
KTzL51KN-Js
KUPUqwTxzwQ
KUoCqAxQ3UE
KViPRyGlLEk
KVpq6Id7tTc
KW7azMpWYzw
KWfe5SGQa00
KWnC9pB3lwI
KWnz6L8vQ34
KWs-VAc5RT8
KWzDffpF2QE
KXUMihtT90M
KXihzU_khe0
KXq-MJJYjCI
KY3d4Bn9tT0
KY_GwOBL8d0
KYdqfbFCVZE
KZdgn0__PF8
KZfBSEXpoR4
KZhopzj4tHQ
KaQ3BKxDStM
KaZiVKG8aUA
KasZfS3XQIE
Kb7gR3UkM6k
KbeuRMzGX_k
Kbrd2kIN_j8
Kc9ZmbgLkSc
KcKlTFcdCTI
KckjW23-E38
KcsnmLbfHE0
Kd44KixOkXs
Kd5VrdrTICU
KdWbr7s4X8w
Kda3XcIyY7c
KdqYD3JDeVY
KeR4L7MMO1s
KevUZ8dBlg0
KfHmsyy-mLs
KfPPr7XZA-0
KfWQw9jvHok
Kf_pZCWKgzU
KgWcNgW-vVY
KgnTeYg5DKs
KgwpSCF6W1E
KhDmW3AmRXA
KhUdSmGlflE
KhVdY4I7ic4
KhupFKGS_T8
KiPNk4roWss
KijksYpRuJw
Kiuk71ZdN-4
Kj0j8DM23rM
KjAgXmb7fK4
KjMJERS1N6Y
KjQPHRgmYk8
KjXuie_KUBs
KjbmtaSlc5g
KjlpsIm-fI8
Kk-P_SkhjzA
KkYCW0znC6o
KkbEQQUOnEI
Kkdkn2D7wtQ
Kkkb4MVPb64
KkrVleL2ozs
KkwfbeeMbr4
Kl-TcfW2-Cw
KlJlZdSi18w
KlTB0BpLR2U
KlhRvMEWwG8
KlqOfooUxpc
Klri8YE-zeM
KltGsJq5H-o
Km5VYTxwOEE
Km9sqW-JGoA
KmKJjqZ4x4k
KmMLFxzHDpg
KmQ7gh7in4g
KmX5r0m0jsk
KnDoj9_qTAY
KnkZG6XgAAQ
KnwT5jLMDUE
Ko-CS-OO5ak
Ko0ttkt8ec4
Ko5-H8vtw2g
Ko8YRI8hVcY
Kobh5gXZTqQ
Kol-6_Oyvns
KpY76qJMOLQ
Kq9S1quSxBY
KqG1ie2xWPc
KqLtMJqnzMM
KqMNT7tSf6k
Kqnze5wN9Yk
Kr-Xa5dfESE
KrIlyKWLKak
KsP8K6gE3q0
KsVH1WWsQEI
Ksb70Abg3H4
KsbOsScfhzc
KsgJ89H__7U
KstahWc_PuM
Kt3oxfrYElk
KtFs8c8IV48
KtNbmI41CWo
KtWo-Zddiw8
KtXdAzjTEns
KuBHC2_rUC8
KuMaaLFYZNs
KvW4W04GBAs
KveHfv_4Dhs
KvvKQl8Ck-k
KvwHE06PPs0
Kw6chnPn6d8
Kwe-1FQp7-U
Kx9pNrKIArA
KxvexKKOPtI
KxwK9ZzEjoQ
Ky8VYznUgUI
KyF04fL2Xtg
KyIYfqdRb8A
KyIkySynGLg
Ky_IYToyfqw
KyhjV4q-nSg
Kyo3Bd3UzL0
Kz8ConnTHCA
KzCMa2UF5IA
KzCb79w9o6s
KzTMxanKSVU
KztxFWM2Sj0
KzvQU-GEp5U
L-gpMQPtNpo
L-oN5mSpKec
L03oo7wk3wg
L06mf0MazcM
L0St2_8IH3s
L0cJC5UmJ3E
L0dt4mDPy6g
L1gC8k8OGPs
L1iDC7ZuTfE
L1qTXn9ztPY
L256Kvr47zg
L2M4gEgIbFc
L2eKdZhCr7c
L2ll5kP7yE8
L2sYjDrqe5U
L3K3kTXh2bk
L3MDoukuCFE
L3NWrfQrQR0
L3OubaKa6Bs
L3PQq__gpJY
L3UWjo3JycQ
L3_kPVVk4-4
L3hNGYtQFY0
L3t-weqBAbY
L42R8yI1me4
L4NmwE_-SgE
L4mojlenaLQ
L57jHYmHDKk
L5P3ZGAzXlw
L5Pn3NsmMvM
L5SGinMXo84
L6dcXa7u34U
L6nalmJnW0M
L6sNAHgZt3E
L7D7rK5NCqM
L7JIQN3qjtc
L7LWwrjFsqA
L7M3xwWZzu8
L7_Nc3j0fNE
L7g_osTWYbY
L7kMbUhh8Nw
L7xsK_EJ2D4
L8Ik19pdRZQ
L8Jd2EVCyxE
L8YBIyf1EGg
L8_CQ5fSF0E
L8jvazKcrgs
L9EC_sXn_jw
L9Rp_StJFBQ
L9UMVxbBypA
L9VZtjlPsQs
LA3VVf4a5yA
LACKTO1CfKU
LAU-KPObqfs
LBBtQ0Ksd-Y
LBCBzjyL2p4
LBRzmZSDNvY
LBaUzlEtO-0
LBmc1kNfPN0
LBqkSQTBYx4
LBtdltew-j4
LC5-WcG9TLc
LCFnSISmK_E
LD2-V7_hUSQ
LD58f6jj98g
LDOkZ3hMGXU
LDSfrIxRiVA
LDUZOXfAqdU
LDoiKddg1Ek
LE7qBIc9Yxs
LEWnSCRTDhY
LE_7WfkswN8
LEfRbBEkG8Q
LEiGlvvOr0o
LElN_l2XXBE
LEljUBMyE7U
LFL30XJyRmE
LFX_Dnbcn2w
LFcY4OhAkaw
LFgWYuFxd1A
LFhtA2gvr1M
LFzgq_eh1AU
LG0pAtdrRQQ
LG0td0Nggqk
LG7EldlEV_8
LGNXcl12Dao
LGOI7CweWxg
LGVItgVI_To
LHF20xZgsBA
LHH2NSdOsT0
LHKOje65NpM
LI9sGqbzATI
LIC46a_IaDA
LIRSEuqK_KU
LJJP_uOHqPI
LJd-1DhoK90
LKA-KB9MbWU
LKQKhMA4I4U
LKhbcA9E9LE
LKj-q4K0Z_I
LKnrwZbS9-s
LL9lFV_yHqA
LLjUXUgtvEE
LM1DxM3m1ZI
LM7FhTjBmL8
LMHuNkgkNUY
LMIrIQ3Ogcw
LMQ27yEoucU
LMSMHeUJ16E
LMSdg_MQLoE
LMr9SHA6-DI
LMwc2cu9Tlo
LN4xJyJRYjg
LNBEdAgktnw
LNBeGBPna3I
LNMBj-SWlhE
LNQb0BHBEMM
LNrHo8GYMIc
LO06VW2zgoo
LO4yxTVib8U
LO8Ndt6yMJ0
LON0T55LJus
LONYGivvyNU
LOQWr1TM50c
LOZnFYzYuAI
LOiXh6q-Y5U
LP0EN8jWSME
LPUhYbcrAL0
LPVRIGA6Ais
LP_5lxi56JM
LQ0GUKAmYqw
LQ76jQgOxhg
LQXrX4u4dS4
LQXxXAHtwYw
LQxGxcnqSd0
LQz1mhylLrM
LR4jCbJqpgA
LR872mFAA9Y
LRSSjQAHswY
LS2iJH08vwM
LS7zTRKVSVg
LSKQ5UjWdw4
LSUiXgyMFDE
LSlO0D0Tmw0
LStBchEX0w0
LT0zSXxo87w
LTA0B6ygHEI
LThKugEEf_c
LTkPPsDF-sI
LTyPai_6sc8
LU-8_-BH78s
LUAB23wiLWk
LUEjYkoaARs
LUUiwq_eSW8
LUgPJdHA4zM
LUld3BcKCeM
LUoAgZibiC8
LUqpcEYRTQw
LVAH78iRXws
LVFNaO3YxIo
LVGS0KE8AhQ
LVHYZW_AUCM
LVYhMSUk0wA
LV_wfoLIPUc
LWCSmSRreLY
LWT8NR_LMBc
LWcB_vCk8jU
LWm6BMwPCT4
LXG6BCOuVNA
LXJLob1wtkw
LXKniYycO-E
LXRAn-fs7NQ
LXvFx9Wfwsg
LY3nBFmn_lw
LYHjKWeHwaA
LYPrJfC975g
LYW3VslIR98
LZJxofcI5h8
LZR8Fv3hgAo
LZZdOMl3Hng
LZorS_74s4Y
L_13Z0GS9Qk
L_4HB5_8kEo
L_RQNNcFie4
L_TD5FNhnQs
L_WZeMXAwsw
L_edA3BSD4o
La30Qvkhql4
LaLEobd_FB0
LaaTnT2bHrM
Lb1ms7rxOMk
LbCjq_kC5o8
LbSrFjg1zQg
LbV0NyeEWnU
LbXHKvXJWXE
LbdrOEssaJ8
LbjiRSE_glw
Lbr46NMB4cs
Lc4QhiCk0uM
LcKrWQhD6LU
LdD5qJkhB1c
LdQqv2dEOV8
LdXMtN5c-MU
LdfY-YxqkBU
Lecp8yY6nvc
LeglQyryC3E
Legml1cWNIg
LelVYDlDE54
Leq25NY5VnE
LfRcuNqqPng
LfSFfehs-p8
Lflm5ws-r20
LfqBmroJr58
LgpPH5nhEEU
Lh0ZcrMASO4
Lh6gTTPEQ7E
LhRhWoK7a3E
LhVBJLqvzhU
LhkWDxx6cVw
Li0gmewOfCg
LiA6aMrzsgQ
LiAXESIrBc4
LiGe-njY2Vo
LiVWK8lt9d0
LiqhinHF-pg
LjCkVoxx8sM
LjOBTQ-GFS0
Ljrv5JYBpIo
Lk-ctp9Kl6A
Lk0hyxDvUhY
LkAhcr_l_y0
LkUmHlsj3WI
LkVlYq7C-xg
LkiRZi_kzbg
LkosFDlKmBk
Ll490SJysM0
Ll4GaWDhMr8
Ll6lTbwbI7E
Ll9kcchnGcI
LlGDLZH5WDs
LlI3FbMfZ5o
LljoYafnzwU
LlsVjP4svT4
Llv3Lfd4u0E
LmVluWU5W6I
LmcbC8CJPHw
LmilVlMM7hs
LnHJSOAGSXM
LnX7lScuu0A
LnXWcMOCwA0
LnjicWtIRXk
LnsBhvq6Q8k
Lo0rob9f82s
LoILoVucF6Y
LodXQb2Ex3Y
LofozFZYaBU
LotKb3Y9whc
Lp9dMy0CAPE
LpA0Vr_uEUA
LpClnw2fk6U
LpUrvl3IlB8
LpgHlBGpS1s
Lpm0Uj2Q4z4
LqAmU-ka8UI
LqOD0rfAKyU
LqlSM9GgPxs
LqpfM5zBQG4
Lqv3-0WLE_k
LqzUz2uyWNs
LrCwtA0rmvY
Ls7sjyFH6as
LsNpxSI_yKA
Lt1Y2l2bGGE
Lt5vNNdWSPU
LtpwJ8giOIg
LuHRKZbHbWk
LujRtZTs25U
LumXKgOvm8w
LurvZduKGCM
Lvxj1oTuu2o
LvyMD-X8ThM
Lw9MEjcU0h0
LwBIhK54Rvw
LwPk1341KII
LwXk36aJesc
Lwv_-X5pDuA
LwywQhdpKj4
Lx8fX9w1RCo
LxJxRmaeHwc
LxYy6aNAXxE
Ly8AFT9WMOk
LyH5XdEFmxQ
LyJb3AogkGk
LyNOmsRb-uY
LySeotk3sTk
Lyc-_Ebv42I
Lyr3S-HGonU
LywyPXQ8m4E
Lz48aLYP7cM
LzF1xor1bCM
LzSk_VpQI6Q
LzWRUWLYUd8
LzxAgzGWsbU
M-RojXOVq-c
M0ePE_zv5Yg
M0nNDcjCVHs
M0zQB3BYvqw
M1DhFrPUX1s
M1Hg6DHCx3U
M1hT-fvDRV8
M1qMEt6rZmY
M1s77TKDQu0
M28MsrnSXRA
M2Dt6yZeTxk
M2M_L9Ewnuo
M2iJwTknZts
M3IUlbUJQ8U
M3qBe7tlRbg
M4Uqhyu93pI
M4qoAtkdklM
M51ptdEiiTY
M5IHKOO3lXQ
M5JQE9dpE6k
M5hfa29_Efk
M5oKaJosxsQ
M6ndwGv0ODU
M6o3EiZ-7NM
M6pbbsoVqAU
M7e14JinElA
M802qYqvVMw
M8AAX_tpwKw
M8Upv075i50
M8Zmykaq7os
M8krpFbx5R4
M8mhUjYBUJM
M8s-PexaxNk
M93Zn4AI_FE
M9OTuRqDGqM
M9OgaYCSmKU
M9bivg170AA
M9dJMDqcHq8
M9nM42y_x7w
M9y84qD_Ev4
MA-TijLMoGg
MA7YvXkNJVw
MAJ8rCXg9sU
MAWs1s9t-0M
MAcFMwRsl6A
MBFF3Ae8cXQ
MBmhWW7Je0E
MCnSXE7-0Ks
MDGwBydWJVg
MDTbWAVOSaQ
MDVQqIRERdo
MDYJhJQZVQg
MDYTNlysNJ4
MDoBrf3LgzM
MDp26P5XHDw
ME1CDy1655Q
MEFc3A6dUbc
MEN83X38eGs
MEh8FXOUY2w
MEw8k0cvF7s
MFGRY9fm1Po
MFftvXVdmIM
MG2UiGXgXFw
MG42Yy7cdbY
MGyuBauV6Rc
MH3pGnNjbI0
MH66jgMGbaw
MH8j3fEKqqM
MHAduhuu6Qc
MHcW5Wg8d7o
MHsVflaH__A
MIAl8psn1fg
MICXanOSPNI
MIHOi2Z8HyQ
MIY3hzWv7Sg
MIgfqPXlTj4
MIkPBCCiaVk
MIre0OZdIBs
MIxahBIeil8
MJ6AwXekkqg
MJ6TMzoOXa0
MJIHQog_GYY
MJXya5SsrBY
MJgeGmCkda0
MJiGD-H-fcA
MJwPn951ohQ
MKE6caNS2QU
MKSXEM5IpKo
MKo1aWwBqzs
MKwlgTOzrsk
MLOUGMx01cc
MLYw0a7EP1U
MLdOARZKOuQ
MM4lRKf0aEA
MM4uoP-KVUw
MMN9OOmIOSQ
MMNR7mlxEIw
MMVlRaV8jME
MMd6f3xmGeg
MMlm-PW60AY
MMq6MtWtQRY
MMqYYUF6x1E
MN89zclyY84
MNPmfykBIjk
MNSPo6xY5wQ
MNTPpcmbJZE
MNcWq5U2YYg
MNnPhBWZKkk
MO08wZqf8zU
MOAFcC0O_9c
MOTz9zix2GY
MOYrIx9BuQs
MObb8YwUZTk
MOfYDxYna8E
MOjf7r_yJvU
MOma1DfGeYo
MOqtkd8E_ro
MPWtoIPVdK8
MP_6khYIgtk
MPySnVXWK1g
MQ6OaUd2z-c
MQc7CocEVqA
MQhewL3u7tM
MRQhbmDvHWU
MRSccTLIwuw
MRh8XI4wHb4
MRrlcIOuZQY
MSBAy8xaPRc
MSOpx2mYTRY
MS_NFwNyqC8
MSlSv9fsYq4
MSoBbpQwgoM
MSroaVF3Ups
MSy3vhwEG9M
MT89rU3YYKE
MTYHD0GN718
MTvSm-rnrqc
MTyPz1MFPGY
MUMcg0ABy-A
MUMqSyIIpAA
MUiwquEdBug
MUx277FFpHc
MVCcXzThKE8
MVTe9L2EYjk
MVUtEQcc5Xs
MVlHugAkdxo
MVqIIedJ9g8
MW-93TXBb00
MWMArLdUhD0
MWMF-xS2sy4
MWNLfInJBWE
MWUCbILArEc
MWfNA8GmH-4
MWgd8H54VpI
MWoFQ751fZM
MWolQ9ONLv4
MWtCBLspjnY
MX2vpc8ciz8
MX5EVhgsXP8
MXC7ETqoOAc
MXQvgptkMRA
MXcyBbjt0RI
MY009e8vCxE
MYADeXvaKcs
MYTP-TYrWIM
MYXzofbq80Y
MYepVOYI2To
MYq9fkFFD3k
MZagci5sflo
MZmbwGfPrHY
M_6V-NPVcEs
M_Gk6I6lHVg
M_ZzgKY0RB4
M_goHWFEV_0
M_sOA_pjJ48
M_tD6eS47ik
MaEnx2VoXgc
MaLfR47QwAg
MaabIVvaMzM
Maw7-8aAOIw
MayxB8gRQXQ
MbQJ_qnpWnM
MbxmLAoSPrk
Mc-px7ItNe4
McRkPpclvog
McmcW8yHs24
Md9XnMbYGJA
MdIwSOge_PQ
MeTPZF-L-pc
Mf3hkGlEtRk
MfLIn5AREn4
MfnfGQb5_W0
Mg-zARovOWw
Mg3iluiadnU
MgF4aEDKcVg
MgTfhqQr_rI
Mgg0AI-lrUQ
Mh2Kioqs70w
Mh6nMrupnS0
MhJHBhaYZ1o
MhaM_aPms3M
Mhmb6mCocno
MhpyhCohd2I
MiESc8TQC0Y
MiU5-PQXhzo
Miq9mjl93O0
MiqYFIDa9YQ
Mixetp_BKlc
MizTV4KrNQw
Mj0Rlh0QipE
MjO52q6ywxo
MjWxITkgmiw
MjYxN-0uN-M
MjmDbHQe1Ms
Mk4vGPuYOYk
Mk5RFxxdhyI
Mk6Vw187cjo
MkIgT-p8Hsg
MkQjygxfFF0
MkW8cH7P2Nk
MkwuFKOWVSs
MlMOgvHsJwk
Mm-Qc_fObV8
MmvN6Dv8pcY
MnYtr4sly-s
Mnx93o392dk
Mo1h9xzfvhg
MoGUyC9Riyw
MoGXzNgYGxM
MoOoDoXKFyM
Mp6AONrVWAM
MpKpP2HQWww
Mpb2XbA2e4c
Mppfk3ax09U
Mq87cQsHLNs
MqACR47M0ig
MquP_vvkWxc
MqvvwO8vzrs
Mr5-JFx7kX0
Mr5pS_V01i8
MrYEyKEq_Og
Mrf1XUEHKSs
Ms7Wp8CC1l4
MsHgrTuEWB8
MsbHPxb2vD0
Msen44pbNQs
MssuZusO92M
Mt-MGxSYtZ8
MtDFOPOcHlM
MtHdXwd_z1k
MtSn05a4-NI
MtzFrvLy_tc
Mu19alGGiCE
MuYxFyE6O9s
Mui5f4cJ3d0
Mv6x5gAfMXk
Mv91gjXA-P8
MvTkfLS2RAk
MvY0Q3hC514
MwSP2ULet5k
MwkxpTYbwfU
Mx1RHgosC_g
Mx2MoNJ4N3U
MxERIgmqI6w
MxrzrDkVddY
MylJiXTX3l8
Myvc5Uer1G4
Mz5gmPIrzAQ
MzAkHVTbcNg
MzX1P1Fx1GE
MzapCU-LORw
Mzh3TQ-1GNI
Mzn4Dl_CU6M
N-Bj4E5rdLc
N-DTCQsce-0
N-gkiRDE2Xc
N-jS1AkS2nQ
N-kslMOMeVA
N05eroW210Q
N08e4YB_0Mk
N14EVsSKhxY
N16JbUJfoWo
N1Hi-lMW9wI
N1M5N07S-3I
N1RWzj6LEtI
N1m1KEuu0jQ
N1mpJDmng80
N1nYCZ3xZtU
N20hc4wR3fE
N2tz3SxAhpM
N2xLKuRFlII
N3F5QUexof8
N3RPJD_WfIM
N3eVp4rBTvU
N4C_-jnhxz0
N4DDgXBu-5s
N4DTdRNo7j4
N4GHGH2leNk
N4YEEss7x_k
N4cwQ0ZSR8E
N4lC-Od37Yg
N5EfUvqgPD8
N5XtOv_TSGo
N5mTeZey-68
N6KzjMJ_aSU
N6UNhaRnq60
N6UjwIzqSN4
N6oL9SRsRSc
N7ZPs9Y5AEM
N8I6ALIhBzw
N8YecF8VGTA
N8fKg3Z2Iv4
N8p2Nh3e4a4
N91A0c9AsSA
N9G_lsWIE-Q
N9PzkovkhwQ
N9TgeIqG2q0
N9Tkr96ZtjU
N9qs7Ncn1Fo
NAAsBMi-qH8
NAsuyy966wo
NBKnnywV5G8
NBOpwWGHdSE
NBnA62spLXg
NBx7ufhKZgc
NC7Q9o9rxVw
NCIF5WubLCg
NCL3-u71WB4
NCWmir7I5Bo
NCdhMW_J220
NCnhAo_iPkI
NDB-53S3EVo
NDBQi1e1wgo
NDGwDv7hMKg
NDJRUcWcXeA
NDTxT4JEwJg
NDUHE7WDIhU
NDWOGpNY9m8
NDv_jvD1UxQ
NE3pGEl7aCs
NEBR5qCtaec
NEft1wXQ1i8
NF1DV6m8Zv4
NF8D0EAC2XI
NFKNBr7f35o
NFLxM1J4DGw
NFPh40NK_eM
NFhBQ5ipysc
NFsPhiWhHd8
NFtOzJyAnjY
NGAMYF8NomI
NGNL_U6Umxw
NGY5f7EsSbQ
NGvboCHt4hY
NH1ce3_P3_c
NHF94ElNFuA
NHGVp82uGgg
NHN6xeqEey0
NHN9mzPqs7U
NHaa64WcOmg
NHnLh0P1N6A
NI1vEJxy6IU
NI5a26j3gek
NI5cZ2gMpAw
NIG6k4vM1VM
NIjeq-ERqYM
NIlYWlKSFOc
NJ0jChBlTyg
NJ3aNVmbAbY
NJ4kKsKJ7jc
NJAjZ9eJwM8
NJKkoryXr0M
NJT_3DYJMAg
NJTeYpIl0x4
NJoWyFDom70
NJs0tPChfy0
NJuZaQfeOxg
NJwNXaEtXcg
NKqyLFLHxc4
NL8yC3WceQc
NLOtpOChlOk
NLhzehGYBJA
NLzplJ5FY6s
NM0v32Q1IJI
NM6Y_nKRcCc
NM6yhg86lFM
NMBe0MU4JyI
NMD0s6OhnCI
NMNY98BGNbc
NMSXtDexwYU
NN-53X8FTzU
NNUd5a3aMXI
NNVgcYqwOVU
NN_l4JqfO8I
NNfWjChvNSM
NNnYYcyN5i8
NO74CBUOrX4
NO9QrC1OSDk
NOB08plHJnY
NOPXiv-unaY
NOQTMZSIdXw
NOjP1MjHQe8
NOvhHM0i-wY
NPD9VcSmSWY
NPXCI3gnGgc
NPcNsfOIiIA
NPt4g2H-gVA
NPxkzlOJoaA
NQ4A1ele1kc
NQGbs4GbqkM
NQMFaXE6HyM
NRBiAiE7Zec
NRHymUTxDyE
NRWTo7QiMYo
NRlXB_f_ZSI
NRokWY58Igw
NRuDEbnmlXc
NS1BuofN_VU
NS36ppojBbQ
NSR-0EI4lJY
NSa1h56WIlQ
NSgkK18wIH8
NStTkX1SHx8
NT1VvKzbNYU
NT7PdXH1rek
NT9_EXb3sEE
NTSPYryppC0
NTf8IniXmLA
NU1VVFn3f78
NULJQ4eSSKw
NUbBBe5_Z20
NV55DlQlEW8
NWNPhUJQY3E
NWSt-FDxO_I
NWaO1jjnxPs
NWeC2YBBDs0
NWi6roXOKoE
NWnKDNqS9qY
NWtnme0mSzo
NX16nMS-HMo
NX27dm2qywc
NX7qnsfxxpU
NYAahwCg2cc
NYIzzQID70Y
NZ-lHpX7H_c
NZ03A6C2Afg
NZ0J04O9gSY
NZIqwHAkpi0
NZdTcnHWObw
N_7qDR8sGiE
N_Hyx8WOCPc
N_Nb1UlmHwI
N_UxV8CSLXg
N_h65SkAPMM
N_qVtTOMrYk
Na7Q2K6ciG4
NadfrPCoC24
NbBgtjpnx-4
Nc04ZXrNYtk
NcI_xNx3czc
NcNwNQZVRS0
NcYnLPmBIds
NceZfHlh5vg
NcnvNblDbBg
Nd0hi1QQNM0
NdoNp-gaWz8
Ne2O9j6CRQE
Ne4JsK6WcHM
Ne5lscz7xJg
NeJFPoZVHc4
NeWwTacR0Jc
Nf2NtUeq_a8
Nf354M7k9Vw
NfEL3feLkLE
NfOJKHtbEDw
NfhSK5vy6nU
NfkC_9irDbQ
Nft9Z1ZOlPE
Ng22GUXvMvM
NgAEFdyOGgY
NhWUAehTU1g
Nh_iKU5W9Uo
NhhQyMPafjs
NiC9miEbuyQ
NiMxkWLU6Mw
NiaYJuc0SyY
Niap_t-ThAY
NicgiJxiScQ
Nie9uoETJ4c
NijQsgTniUo
NjUaWM1A2kQ
NjjPBvzJQkU
NjxP9tsfCYo
NkGlzcf_8Ew
NkIc8ZIkSJA
NkRruHyZ_mY
NkYWAZNgavU
NlUOxIVbhRw
Nlfwb_MsFrk
Nm-J35iBqWU
NmAD4nQ87BE
Nn4wwP4PHus
NnA6W6oEIXI
NnKjCuX_vvM
NnZNVFOVAkc
NnfildN5mgw
No6h6ZkRaRM
NoDotXfF3qM
NoqKSbMZSYo
NoxBLhW4o2o
Np39CpvMs9A
Np55DS_CCKo
Np72g13d1UM
NpL7LKNrNto
NpzgCzGXPe4
NqAi74tWE-M
NqCJr6uaXJA
NqPmUtYhP5g
NqXj_UxW1cI
NqbHGM_8fcc
NqiAs8Rgufo
NqrXfaWxN6s
NrCUYhwDG-A
NrNUmxnpJQ4
NrydQ0wtlgk
Ns6XapIVEyI
NsajIUEfW_w
NsrJb-N4qQg
NssCPhwP12g
NstkI0FLPD0
Nt3S6wlx5Ns
Nu9obHGFu94
NucLSsV4rRU
NutrFn17eAk
Nv588-r5IHg
NvIVWkVzrhs
NvJfYcGxSp4
NvowgdnSC14
NwFNuvOo3m4
NwQSiiziHwo
NwV3_DhJ8qQ
NwfmHrDtSRI
NwvaXVRik6A
Nxs7uGLsCeY
Ny-jpBOPuD0
Ny7p_VdAMws
NyLWCtIYV1g
Nyidty5q_Gs
Nz5Cjzd4AzM
NzA0-nlICGI
NzQs8JLWrZM
NzRicnNJ03c
NzjXluW8nec
O-BbS_tW4F4
O-DeYEbqsbM
O-WR6W54988
O-_eTBWpv78
O-sVhE2RpGI
O-vOjjMOL3Y
O0JvfRLSOuw
O0XtHhPVuvA
O0ZhQeEg54s
O0fligRx88c
O0ilF12nfZs
O1NhLIlDpaQ
O1S8o2vXJxg
O1f4m2jRDps
O21jzdfZ3D4
O27PFI9jJYg
O2eXTI_Yp4w
O32v-rNpBpI
O3GCRYq6ygQ
O3Gxrw5WiOI
O3QxJi3_sJk
O3jcD71frEI
O3oA0CeLw0k
O44pPSeD7WY
O4L69B8cNfU
O4sLQFtzxBs
O540z1z5Ld0
O5BLmXtalf4
O5Q8TSR1NgI
O5WyIOY3oQs
O5bqQ6korZk
O5fTextddUQ
O5gCwfqQ3JY
O5hFys5ezYA
O6Cq5IxaeQY
O6WwVUA_xJI
O76v-Zyg750
O7rp_UyKem4
O80zHKccWZk
O8j_CyTxxUM
O92eCtfuXUM
O98OaNpiLZc
O9E4HaP0Ea0
O9GsSz9iK2A
O9NBmm111Z4
O9PjK7S4i-k
O9Qsr8J7FD8
O9RTd6NcgF8
O9XmLr4UsOk
O9dUU-t3cIQ
OA0xYvgDrkA
OA5ysVWoTFw
OA6iTqr1IvQ
OAVWOGNJGjc
OAct-z0PEws
OAfbsuhov-I
OAtK3ND9H8s
OAwUUf6rMJk
OB9_bbActog
OBIVOkh93NM
OBV_dWA5XzI
OBdJNtmFJB0
OBulMMfjqOs
OCR-btnXhH8
OCXyumX4hqE
OCZQUKPdpG8
OCZtTU9jBOo
OCkBaAfWtM4
OCmefBMGHKc
ODPgZ5ej4Ks
ODSC6ouAcVI
ODg0exP0hM0
ODoQV4cKGXg
ODq4YZFfm9M
ODvKaj2GgFA
ODylDmnzz6o
OE2jhpIUTKI
OEG1XotJ3zw
OEMTUsbhz7Q
OEV9R1maWJk
OEtDitOtqj4
OEzNIyUObpI
OEzi7kzmadc
OF3ej12deFc
OFAk_bpOHEA
OFLCpfxyrF8
OFlsJp-XMYM
OG790yrYHqY
OG8jzS_qU5c
OGKZ_0kP0wA
OGPEkcopBsE
OI8OHl75tqo
OIKGJ68YJFE
OIOoAfGCaJQ
OITtnH3doPE
OIYhjzX9iGg
OJ-REtxr6CA
OJ3TcA9ntH0
OJ3wRFfEeVM
OJ6qGz4GRec
OJCmgr7n1F8
OJTKYkkUYx8
OJYY4soqeeo
OJah_Py7_jc
OJjHZgl9Wro
OJpbf7JvsmA
OKV__nEjwG8
OKfvF5Y6E9U
OMPFgVMXyro
OMXUR_glVl0
OMXkpTmLgqA
OMY1d4dra_0
ONUn6Y88VI8
ON_F77ewVjs
ONqYCK3a6KM
OObvfCcMnbg
OOfLXwnIlZc
OOoxjQX3g3E
OOxs9piVdbQ
OPmg9DzxqCI
OQ1ZmHSMlyU
OQ95idGAQRo
OQj8DOS5oXw
OR2Fp4mmE-U
OR_kMlBCxOM
OS0zSGJhm2g
OS1tC_IZ5SA
OSCbt4KaXcE
OSFxzbJTVL8
OSGR-QEWevM
OSKB2oNdDF0
OSpu6dEyppI
OStOsTJC0EE
OStcgNgIPTA
OTAvK0gFpY8
OTY2TsRXGfE
OTYv0pLvLYk
OTj0rFVVvdk
OU1bBXJ1vLM
OUG_TVxERcE
OUI9Vzrhp-k
OUPtWh0BFlI
OUhpOUI57cE
OV0VAY3r8b4
OV7LO06A9lE
OVYEQGRYLPQ
OVaDwbLa8hk
OVlSpvM-AqY
OVm9W5QCdeY
OVsfzORZm0o
OW1sVE1GHZA
OWcu5Jns_mQ
OWpZmliAOo8
OXH5UXbmRsY
OXzaNpxaxfA
OY0XmFqAi7s
OY7MXdXJQDE
OYEmpHQImLc
OYW_BJUb9GQ
OYbFL4qI5Tg
OYyrK8jj7sI
OZHHKBmg7pc
OZLH8W2CFHs
OZTw4ZYzRVo
OZ_suTHMbFA
OZsxaoCASpo
O_2lCpZMGRM
O_7IlvnPQ0o
O_N-MVoOLRA
O_wUlyK5U8Y
Oa-kcDe2jA8
Oa2q5O5sOn4
OaCPLMzJD5w
OaZD2BdVDOE
Oaeaj5MYLfs
OazeFX5n3JA
ObBHRm5oU0s
ObGsRYPNMfc
ObTlSr8r9co
ObhgRrXiqpA
Oc5rghUy1Gw
OcN_hqLMkKs
OcVkRnrHY18
OciueY8ZS6Q
Ocklxqrh54o
OctLrCeDPgA
Ocws1zEU5_g
OdGLOfCfkRQ
OdO1ObAw2u4
OdoIIvY7ino
Odr5gENB0Ro
Oe5uXqGQozA
Oe6whb_KtBw
OeDJeDluokA
OeGkFQfpwIU
OeLE_J-pZmM
OeRjzSnWi8E
OeZaXh6tTYc
OesebtaX8PU
Of2WSqqqUFA
OfDSI2gGfQQ
OftNo-WnF2Q
Og4oZn-d1dQ
Og7tOAl2A88
OgSGt8_pbFY
OgWgscR6D70
OgjZEGFbSSE
OgvW5uJvdAg
OgzRLOTEnNs
Oh-5oNZ7hfg
Oh9ej0OlfBw
OhNDwIXoG2w
OhUnB86sYGk
OhfkcJCw1V0
Ohz2A-Es6GM
Oia379W0EnU
OiiNXFX9BcE
OijGGsgpePQ
Oj3hlffFo3w
Oj9L0Xn44A0
OjAq7YdTLFw
OjF_IKW0i0M
OjLyPw4uanU
OjTfRK8xa-c
OjcwgKUavlM
Ok80wxrufbw
OkDeRm-TF-4
OkMHCAVg6dk
OkNP-a3DlcQ
OkQERNd5ffw
OkY58nfUoPU
OklYghVMNAE
OkoODsa-AU4
Oks_G2-Ofe0
OkyIqeiOkqE
Ol1zHApE9os
OlKIpLbLaho
OmHxdeBMY30
OmJ0YV1Ypj4
OmKtrCmqGjc
OmRe7bN6wnc
OmseUKiuunE
OnYvkaodl9U
Oo8SMgjiflo
Oo8VWF7LQ0g
OpAuo23cKfE
OpTG7ok7k4A
Opep7igofv0
OpfwGSOSp8o
OqFMTFj74b4
OqSiERkOsJY
Oq_snxHEXkQ
OqpM445n1vA
OqpRTUNtAls
Or63sa3YSPw
OrFWHuiEgf8
OrQow5bO5VA
OrRUqyHWknw
Orcg-mqZ1_Q
Orp9vp9EEIY
Os1KSLooaig
OsLNqIS7h50
OsWADypGzQY
Ot30kP2bXNg
OtWDyAiutUE
OtWHtbIEQYU
OtWaWsg7TPc
Otc8dw95XS8
OthOG9hdrzo
OtoFiRW4FdI
Otu3p1UU42U
Ou_we_2DfZU
Ov-Vkza9XmM
Ov4hPWsEG-4
OvDiUx05Dk4
Ovtvk4iDuBU
OwQwH0ppcVE
OwRbb4dgXP8
Ox-sa2mTtVs
OxofJwi8MmQ
Oymum_L7b1o
Oyuif_8YsEU
Oz68B8HTjYE
OzVh_Hfgm_Q
OzlLLs7xtI0
OzlRxEUx6uQ
OzrgEtmFK1o
OzvXy71spX4
P-AokeQ56jw
P-NW4LclYf8
P-fY9uJWhsE
P-iqd6P4Hb4
P0DHYrFSFgU
P0UodnkytXU
P0d8lcM-d5A
P0h0zRciswI
P0mI5oMkKIw
P0y0Dphf3H0
P23RgWFRbFI
P2MgwYOgymQ
P2Wj2txXKbs
P2X6WTmyaf4
P3A-LLnWf6s
P3bNHY8dF4M
P3yhCPOxAXA
P48FtVtZs6o
P4H4nhO-agA
P4Pxe9l16O8
P4WK6wxGGlI
P4_EMyz1jns
P4jTDwwzPyo
P4upI5BEWI8
P52oCREfmvk
P6-AaxGr0Ho
P6837klUBaU
P6M7nfeaV4k
P71H1I_d2yc
P7lLmPiAZRc
P855utQLZxE
P86wW6rCbUw
P8flbGFj2wA
P92W0Ogqsbo
P9A0Zy8TH2o
P9oUfAlqTns
PAEWwULCksE
PAHeA5Ncfak
PAy4e5MiShg
PBVQCRLFeC0
PByEB7pOqlI
PC1piBEANv0
PCErI1yktfc
PCK_mMMKG3o
PCNDi1qwTMs
PCRU0rN_ImU
PCRqwyN7ENc
PCZ-xSf8LnY
PC_uRxrcRjk
PCdyTQCxMpQ
PCh4cwHyB2o
PDV_1vMucJU
PDzRg961W3Y
PEDcK3Yra9g
PEleEXUqtF8
PF71bDqeuQg
PFAeGuDMEEU
PFepT39N4og
PG8uT_-osl4
PGUCUfUwM_c
PGgPNoBiEiE
PGl8LPpaCIs
PH1IsXWvj0M
PHHM7quYbuY
PH_ZcE9fSIo
PHuv9pJXni0
PI7Rg1dMCJo
PIJ2KPvJk2k
PISTQnnGlSw
PIVuztShC3I
PIX0RVv5urY
PIkOAA0hzPU
PIqXc3kaYJc
PJIDUeHY0WQ
PJro02Jx-Pc
PKOEb8dWLsc
PKV5_PJI0ww
PKbYi-Pzp-4
PKq_onrC0-A
PKw3IO0Vj9M
PKxsWEdviT0
PKyhCUy3_9c
PL2-B_rGPhg
PLM2zU7PeE0
PLUL-KnXMIQ
PLso3xs5O6A
PM2l_DosgNk
PMbedlvEotE
PMghiHqYaFQ
PMrwLeAY9AA
PMvD6JT5XXw
PN6j6sAz7mY
PNFp-MLQLPI
PNT10g__AkM
PNW2vBeT90E
PNf2X_QBqJ4
PNl-yZsWcIk
PNpWg-0FCjg
POqG8w91YAY
POvR8VFCmHo
PPGWn7g4nOY
PPSLSvaWg5E
PP_j4OT0r0M
PPs35UmBAW0
PQNZp5wAmjM
PQNqdEAr6CI
PQOwsWH6ZfI
PQX1_A8mZec
PQYJOvDdxsw
PQc8ZcvUGfg
PQl_LPWg7aI
PR-e0e5ayEo
PRHOOs8q9BQ
PRju8s29Gys
PS8IwURpF50
PSJHHq1DyLE
PSQLGpCFK4c
PSUr8tVBfbM
PStPR2Lu4z4
PT6X-jeA8z4
PTCJu5_e5Oo
PTJJg6m9cx4
PTQQ5KnYNho
PUDLqJy07ww
PUUIAKls7j8
PUkLvEZm27k
PVBFPoEPRjs
PVQCteLxfHg
PVRTSgs2Ic4
PVcgw5Fth8I
PVk2Ax6US2E
PVttTD9GtnE
PVxXx5vHDGs
PWIc1R434gQ
PWQQhGuTJWM
PWRA4FauMiY
PWZsqR23VPU
PWj5FWJXu38
PWvXK_JF_8E
PXeVsjC-4Fk
PXhttvcQE90
PXpICNiA5OE
PY00VF_yKr0
PYGYsSjZhoo
PYdAycVfUE0
PZ8OW8gDuiM
PZNH24KVe_w
PZep1ey4Ric
PZgbqLRGpHY
PZhhyCHxXgA
PZxWDRp9Pek
P_CpZVx8Dp8
P_MugOqO7-E
P__gCh7fw88
P_e_uYjdUgk
PaF7atF0BFM
PaRK-dA7A7E
PaRqaNj__Tg
Pas8UJh1-wA
Pb1hFMLdrds
Pb3rn-v8u8w
PboZykhKMvo
PcGA4T4Ro2w
PcLtXp1NVug
PcMzGZMxG1o
PcmyBTxfXNQ
PcoJlJIs35E
PcsYoUGUIFw
Pd4i9UGP5XY
PdXIUB3aygc
Pd_rqBE8RM0
PdfPcBXqYx4
PdrT6pxw0l8
PeBV2xbpmTI
PeRygmPt8hs
PeeE4O7WA4o
PemNmV4AC8w
PemZy5xPacg
PerZWGiTMVk
Pf7wHHSzRII
Pf9I4uxisOg
PfCWJcRJUe0
PfXLGv9zSKw
PffODWSUCxo
PgK8Zysy6-A
PgSR-4aB9gU
PgVkUPAgG6g
PgbTLBkW5Bc
PhMJZ1Y2S1U
PiSaoO6UAWg
PiX555UDk7s
Pik7aW3nFIw
Pj2L3LQfxH0
PjEE5IUEuX8
PjEJn3EVdOU
Pj_6FfBC2b0
PjbmwEU10Ns
PjqeLb4sUVo
Pjuukeeddb4
PjvxVTjnCbU
PkFYpmfO0Qs
PkGvfEh96Lk
PkJilWzoQzw
PkMjJmgRXHo
Pk_N9BWkE4w
Pknk3otCUoA
Pl5JrFgJ0Ps
PlGEtOdMHR4
PlOjhSz5KvA
PlZoephmn10
PlnU97WMB_I
PlpaaYYHd3Q
Plsw5BtWp-g
Pm4OypfJFbI
Pm6sKMoJjME
PmBVvBReIck
PmGyGeuv2nk
PmJw8I4L4l8
PmYxijFREgk
PmcUPXKD-Sg
PmnAAdtsPN8
PoLldgpAGtY
PoagLHsfjE4
Pog2GXAzOuI
PogaQ4bZJao
PowRa29R_BU
Poxtzr_rZjY
PpJWem6iTy4
PpKcpIeZ1ZY
PpONwW0cmAE
PpQbskHa3BI
PpuVy9byElc
PpyaNnN4WMw
PqBQkxcHjAo
PqGtLS-GdHE
Pq_XF2m5PmM
Pqyj7rGny44
PrFYfzIRgZ8
PrHLbDR9GOc
PrL-6O-1jdk
PrtNe0vFaog
Ps2yy4Bxh7o
PsOJcSVgxKc
PsUKyi_CZT4
Pss6yXdhKxQ
Pt4anH7INk8
PtU2u2HzFNg
PtVB_7qeJ4g
Ptf2BKJmyfY
Ptvd8XemhCA
PuCHGoA1iYA
PuW7Mtpe34A
PuYzszFYN08
PuzeuK5OcM4
PvG9hv7WzWY
PvZ3t6R6tIU
PvbX0iI9YEI
PvlpMWX-5P8
PvyOMM-YWkg
PwMa6ob3zsk
PwRzcAzOl6c
PwXgLPgQzc8
PwnMHmL4nJ8
PxFzh_tCAbE
PxNdo6-wBZQ
PxNw-1zccyA
PxRb5H3jxlw
PxV4FvQbr2I
PxVL-3pjlng
PxfSghJpOKU
Pxvhn2oHfiM
Pxzvjujif6s
PyDqVe5Qmuc
PySVs0MsUl0
PygNgWYMd-A
Pz3-JtQd6Bw
Pz654zK1uCk
Pzcopaw1pzs
PzkaDqQxa3c
PznG2_ohtGU
Pzuk_q_mqAA
PzwbhfRh2JU
Q-0mpLhhsAU
Q-5-fLPi2tA
Q-BRqKrAVAs
Q0--qanorLc
Q0G8C7baBT0
Q0LPxn3snrQ
Q0hAvX__Ql0
Q0lxcKWenmQ
Q0mkbbJfNj4
Q0n3Kh_ArVI
Q0tyT_ROtGg
Q0wES3SzoGk
Q170-mYJx3k
Q1QsMftlHIU
Q1Vq8qxNjU8
Q1XOL8seONs
Q1hczsn-sxc
Q1jXR5YcNPM
Q2N3TwlfBxw
Q2ReJzAL2WM
Q2vePjMmpB8
Q3GXv4_t0RQ
Q3H5wqzUHnQ
Q3ZRCLpt_i8
Q3a2C-Es6cU
Q4cHLRMYknc
Q53qpMIX1Jk
Q54pT3AwOqA
Q5RogvLeQPI
Q5VBaexsJVE
Q5_OR_iv3QY
Q5apap7GMvw
Q67pi-M6LYY
Q6ARu6dsmos
Q6HL6oCS2QQ
Q6MjrzommIQ
Q6Y79LYTB7g
Q6bfmm6ZDwA
Q6xhvxEpnN8
Q6yQ8ciwuXY
Q7PKHq3BI4Y
Q7QFcgUfdz0
Q7dq6OC0gnE
Q7guw2z6FBA
Q7tYCDUEs-M
Q86MqUeYkFE
Q8xATuIZgBM
Q99W_SnppIQ
Q99iaHaWE-A
Q9PKMXpbIaE
Q9POTcEUt_M
Q9ZNhmwe5CM
Q9jr55YLwE0
Q9nUCN7xtMg
QAL6ubkD42M
QAY5FgZaKVY
QAY_BzoY3kk
QAfS-MDWZFg
QAtH_gqXzpc
QB54G1imCoI
QB74dKh5M1o
QB_76f7A3Zs
QBq_ORUBPUM
QBsc81lHyA8
QCILtMawJqk
QCVxXOA40eQ
QCWhUVvxb3Y
QCkC8cPmUh4
QD0ETPz9tF4
QDSZtmZY5bw
QDWmq40RKQM
QDeSqKbkOhY
QDgia9wgs1g
QEDqgvjXlJg
QFcThUT-_YU
QFwm_AYwvsY
QG3s6T3E0a0
QGJC6biSjP0
QGL9vhh55Fk
QGP33WN3QWA
QHNI90-hKas
QIUBIan_Bzg
QIVHH-lOMyY
QIwaVhdT3vk
QJ78SBG6CVk
QJA_7_E1SMM
QJaXQx_vfMQ
QLMhjbzk-As
QMIvRV3sECg
QMJPI0dPsQc
QMaa2a0Cz3w
QMlDFK3q1qc
QMmuzoC3MqQ
QNgbJ82IlDI
QNzDkCy4lgo
QO6X5G8uDM0
QOVyv2W3Nc4
QOdMLC7RlB8
QOqYu8GiTqA
QP6r8GhEqIk
QPPVw_tC1iU
QPfUTd2XpsE
QQ9P_xObI5U
QQQYdM8JoD0
QR3J57ETqhg
QR7yMGm4eKU
QRjB8sDU1LU
QRrmJJAy6Ws
QS2YkCmwKII
QSGgFd2g4qw
QSQC6CXXNho
QSQviU2Kmok
QSb69pixqac
QSx1dxmo-tM
QSyoVGtXvyY
QT0e440TH9A
QTJN1mHbhKw
QTUD8q3H1Y0
QTWSoA9gZ5I
QT_5ZMP9Vn8
QTvpaHmz8KM
QTzEcxDvC9A
QU7NOuZgm_8
QU9nctD0n3A
QUM-1oqMFDY
QUeh3GIt9qg
QUkqBGsQOF0
QV18dXVnyn0
QVQuqeRODew
QVXAqB3nFsE
QVY9fCFHyCg
QVe6BQylJQA
QW4fzkSZuUU
QWJnipUsZvA
QWU4SpVB5u4
QWwC3kBFL8Q
QWywmjnVqGc
QXB4F-phn_M
QXTV1HCeckU
QXVjQDQ6k2c
QXna5YzkRPA
QY1UomC7KME
QY2ICpuKZrU
QY2nMNrmW10
QZ18hD8E4LI
QZCwSWC-9ck
QZHqJ4PPFiY
QZY11uDBE-4
QZc7w9iO0Zo
QZfI-zMYWeo
QZja4f_xOHU
Q_zEA1Z8sqI
Qa-DmwwhBCQ
Qa6MB692m_4
Qa6s0wU_u9k
QaGRJQlkI7s
QaJMfitDVqQ
QaRihmfIub8
QaT1HADsfcY
QaWrZYrXtis
QalLbDRbJgo
QbDx2q-4bZQ
QbEAysJ73y8
QbMHMpznqds
Qbj1gL78Ev4
QbqDqz2Nnww
Qc-4ReBGWHA
QcxYVKWkRYs
Qcy3-bsfgu4
Qd-Jt7gSHdA
QdDqIYObO5Q
QdWbEUYROBg
Qd_EydbPwtg
Qdg5I1nxA2w
QeBMIVxXDTc
QeOUsfoHBug
QeqVwY4bm0I
Qf218hZKO_c
QfSyLZE7kok
QfbedvGgg5E
Qfn5CVirGm0
QfptBoYMxYE
Qg2tH1lwX9U
QgAWVmvDfkM
QgJrRMc5qGU
QgSdSg4lnPU
Qge1ekfUipY
Qghxb2BpMgI
Qgm_Cc9hjHQ
QgxCQCPoUxA
Qh4irg3RYc4
QhA3KgzYvEw
Qh_9D1EUOec
QhaQpRyVzCY
Qhfh6QpZKOQ
QhgzQjm-N2I
Qi0neWvKVOM
QiOWOI2ZcGE
QiQa0LBJKYE
QifQFep2iKk
Qit3i_ySJNg
Qj1jYLmg81Y
Qj848d9p0DY
QjWGnEZMJo8
QjapDQApbe0
QjpC7_V7zyA
QjxF7auEhsg
Qk1gVZJa-KI
Qk3ljlfW93A
QkEj22NAbJI
QkFN55vcgx8
QkGfiGUZ_3k
QkYTlwjDYEw
QkuFq8g-FvU
QkvoDjkUxrY
QkwHD7y1Ezg
QlAp40auWzs
QlCUmCI8wLo
QlZXmK0nGH0
Qlg1SD2xOvE
Qlw3wtmVlrc
Qm2xDiNjPzY
Qm8uPGQ7BZw
QmQIh3A8ZBg
QmswbYTzmts
Qn-l1hdLk48
Qn00DFxgH7g
QnQso0YFoCQ
QnUxe6kVKs4
QnpZVhoseOs
Qo2Y0EkKe0M
Qo9nfs8fnZg
QoNdvL5a1Gg
Qovv_CyQ0ZI
Qp2e7l_SqVM
QpMpoGkeSOo
QqGnGKvLeFQ
QqbQVxurl1A
Qqbsx1ZslP8
QqeOjPRn4sc
Qql3x89n1CY
Qqz20yHd8nU
Qr4hl6PVOz4
Qr5NLs0ndEA
QrG4Zy88mDE
Qrt4HgNcRu4
QsAcDvr8lA4
QsF8VL05IyU
QsV04LfwuYE
QszV1T-RHJ0
Qt9NQeHgLDs
QtaKiBFJrTk
QtboPNKdqyc
QtlCzsL--o0
QtnD0qIBx6g
Qtrgk3k5bwU
Qu15Pz24_Yw
QuHUPc2GO5k
QuTu2LDquXo
QuZZjT02TnY
QueuE_3OJ8Y
Qv6MYCPPFZs
QvVb0c_aUko
QvoV0JWWMMU
QvqWEClhJCU
Qw-jzr2xns8
Qw5fl2edx1I
Qw7t4W-5ktg
QwXcirSISMg
QwZM4Vi2H3k
QwnfVl_RUEY
QxA69yTt91k
QxAGVKJFjpY
QxK2WbA8v9E
QxQULvr3Fi0
QxQs_T7LDmw
Qxd5lMz2UXg
QxkaYKlOYr0
Qy0TOlcIO4Y
QyFPX9ugZJY
QydwkN9ZgMo
QykA99IBkdQ
QzQMMhzFQFE
QzXcD2X8Ec0
QzbTti9hHhk
Qzd_ey92uSQ
QzhxxjlKydk
Qzt21m2J3eQ
QzwXNuhffwQ
R-0Y2OxvokA
R-ETtQ2iSOk
R-hBszVTnrU
R-iWtUvlhdE
R-p7MbYokZk
R-sGb5DAfW8
R-trUmJOea0
R-vvhfJ0zMU
R0DLOTqo7JQ
R0QDn4V7NAw
R0REMH0_TTU
R0VC1NON1n0
R0n-E8ua0bo
R0tA-utYp1c
R0zi_U05PwE
R1UMe3j07LY
R1fNvt9Nv9w
R1oENBn_2-I
R203W9SPg3Q
R2Bvz5gRtPU
R2QWXBivwbg
R2hmVGPavI0
R2qbpMB3ams
R2rqQpZ7rVM
R3f_6k-mFDo
R45zWKtOOOA
R4OaDOrGK7g
R4S-yzV2K3A
R4_9mqiyWzE
R5Rc7IwPgb8
R5TyMx9dwRQ
R6ProqbZHOg
R6TnEidXjLA
R6lMmfH8cFY
R6zTMVgwdMI
R7QgRJ-CtEo
R7XhAkvJGM4
R7hVRCQ7E6M
R7kjtPY74Uc
R7nI4wIcego
R7p_CGv5RmU
R89Hf3FNgcc
R8A7A1B80_g
R8bWkbKps2U
R8nVTCwLnQM
R94zFLFhr9Q
R9ljeYWm7gk
RA3GctoWtow
RA7NohMuLqM
RAOPucsHQ-Q
RAaVa8YtEXE
RAlg7ouEDlU
RBTiPDJV0xI
RBnyE9Spi94
RBrCItlZBGw
RBz4kNBzlJA
RC2MTJggLfM
RC9szZlpZLg
RCK2F6tqmQo
RCcWIJXJ9ZU
RCeN9Ky2nTo
RCkrAds1LIA
RCldg8dqZHY
RD1J1AeQpqg
RDjtf356IJM
RECQwTxt0PQ
REMU_egyzdE
REV6SVG-8SU
RFOSZ_CPObU
RF_B_6-gSeQ
RFolIjyvTLs
RFrAQmXNSH0
RGKwVdAsWyA
RGVopBicIeE
RH3C1myEKng
RHF43J9MADM
RHFrdkafRKM
RHLIOAAj6gc
RHPj6-TCiwg
RHzi54hx0m4
RI79ExP629A
RIJQUBRyhc8
RIKQAV4CUT8
RIPfBgjK51Q
RIQbhViP4FI
RIS9eqZLx9M
RISQWiRct5o
RIssWTiubf8
RIzbY5-QRWE
RJ05HyevHqU
RJDisvIbqQg
RJNgMXGqnC8
RJUP_gH804w
RJwTLX04xtw
RJx4BWjbbZc
RK67Z6IVrHo
RK7Hp90Mtn4
RKEyqnmWeT8
RKTniRIebAw
RKdufzl0xF4
RLIpsVp9-0M
RL_Dz1jVh54
RLb-oKii91Y
RLnXKOio-is
RLsx7EykxYY
RMI9NfzQzZ0
RMKW6B9flqo
RMQJnHD1rKk
RMhzOEEEfeM
RMin798lst4
RNDlAAdvkXI
RNglo9QmF6E
RNpimvVjnIQ
RNrZ6ybu2-8
RNsBul5_7_g
ROcG7vN8z90
ROcQJ14lQKQ
RP2u08Jsdec
RP9uDpKaDp8
RPWxNm9MHog
RQCz_kWEzw0
RQHkYqSnTBE
RQTIbvOaQuQ
RQstj1rs550
RR4oS1HUZkM
RR7IeBTRzLw
RRAE9Im3xLM
RRB6d6ZBeNo
RRE8z-qCjkE
RRKdDdRe9Qk
RSAz_geGJ38
RSQftBAuUr4
RT6vvq01a2A
RTAAXDFUdg8
RTBckLi6FDg
RTHKQmr7lC4
RTLIgAGlVnA
RTW0gNZHMfg
RTavivZqtt0
RUJG_oG2dB4
RUQTTEA_4iI
RUTDPnYCEJo
RUTI-E9fNRk
RUbaAkj78a8
RUyrky6UeLo
RV3AfUmbaNM
RV3j0Apfe1A
RVM2CLIWTHM
RVV7owj03us
RW3POgW1-l0
RWLPy7owXIs
RWpVCWp4zPI
RWwvBznwFcY
RXSXlQUsTx4
RY1gGl9tnU4
RY3C6qOcSx4
RY6CsLoN5mM
RYHJaV3nNAg
RYJ6zsRvInc
RYq2HO8RvkQ
RYxes7kSMvc
RZ9SyFzVKV0
RZPvvLEmQnE
RZWqsUwePcQ
RZY7VY1BUEg
RZhrC1eRKOo
R_2yfBp4UCI
R_7P8FMGoKE
R_Y3enHld30
Ra3YYkOFXJ0
Ra42yNsgyRk
Ra6g5bMtzFM
RaXA-Xa0Ihs
RaaNRI-DSLQ
RarptVRxdiA
RbEPGMmWdls
RbGSwa0gfZI
RbKHRWXLfFA
RcZ1t3vtKys
RcaPMR0RTuE
RcedKQ-N-zQ
RcgjxXTOn8w
RckWv_SzWUA
RckorxwG-Lk
RctMqO3QusA
RcwNNtxzLNE
RczA6VhiEqY
RdJIGbBmnKc
Rd_hV35uc8E
RdjquaXkNOk
Rdqd0O_F0jk
ReF5hgPshFE
Re_fPhnWkus
Ref_IYX1o90
Rf7meQa9m1U
RfW_5kPns6U
RfsBz5Tz-xs
RgGhrvaLunk
RgsBDvy-SaE
Rh29vLGWa1M
Rh4YysgFVeg
RhRLcbTA98Y
Rhc_E0nbZfU
RhrlUohamO4
RhuHQ6UTEW8
RiYXUqHBUBA
RiZZ2oNIIaI
Rikvkt-Lc1g
Rj6qBOpmKOc
RjDUKh_Vls8
RjWL9qPvDNQ
Rj_py0xzsoI
RjhJqC_j7zE
RjvxApqJe1o
Rk3dllwjebo
RkLVJDQax8s
Rkl5TmuOlvY
Rkl7G1nM5uQ
Rkq00H_mO8k
RlLJ29kw8ro
RlLPuJIfu9k
RlM1twwLlok
RlMrctQs9Rw
RlOQ90oik3E
RlfMcOSbRHs
RmAj85h1MI4
RmgTpk1gnFw
Rn7q6eRi1oE
RnXDuKZFtA0
RoFv8dwWm3E
RoVQaQaIkkI
Rp3DqXKcMxc
Rp7ZCRO84k8
RpLyXPUmxdU
RpsDni26dsc
Rq1grtFmzAg
RqZUo_vD0v0
RqfNcLpiCVM
RqfZlgjsMM4
RqiwMCoeZt0
RqwvJCBFkMk
Rr2SmW-qqQg
RrD0oNy10u4
RrdpL3GDpQw
RrsOayEMOtc
RrsVh_3hfLQ
Rrzp38og_LM
Rs9ouzAA5p4
RsAZt3d6UZc
Rt6g81YKgfs
RtBqcAIHd88
RtCC7z4XRVQ
Ru0lX19pmFI
Ru4gDgNIN9A
RujF5x8BBfY
Rulge6kmfMk
Rup2StsKLTU
RusH5jzR9eA
RvSUbj6gy9g
RvVjlrQuEfM
Rv_mEFINRHI
Rvatvq23zvI
RvdiDe_vtmg
RvjOCMr3OkI
Rvs6PXIMgHY
Rvx6xAMBphs
RwSeEwX_k8I
RwTJcRNrRog
RwaowT9FD04
RwpycnxRPRA
RwxI3f1K_mk
RxFG5P2wvJU
RxpjjlE_OTE
Rxu1Nz_pQ4s
RyFL8jpvVWI
RyZIKM1FINs
RyiMh8sFhNU
Ryiqz9sZx_g
Ryrbf1jD9BE
Ryz6G3Gwhfs
Rz0Xp7VZk58
RzjJ6i33rLQ
S-3O3vpZIDc
S-FYGz8ryyg
S-KFDko-_nw
S-MyWxhN9U4
S-YwOUxG8QQ
S-Z_iFtzxJU
S-cNGVpu54M
S-e2lFPK9GA
S-izsTQ2ilQ
S-kuDEkSmdc
S08zNSdsW8w
S0Wh7ZxK9vg
S0b8vXpfHHw
S0fCO6SkLNM
S0ujQ5GLQmg
S0w1wMH3L8I
S1IFz-8d50E
S1LMd5jsYgY
S1k_eCJlafc
S2JVP59X4hU
S2_ZSdV9rqI
S2eCT9UFej0
S2nFIfefV3s
S3Hf07CRSsc
S3KCuf6hJjU
S3bFUhhlou0
S3fvAr4GtP4
S3wjrzuLW0Q
S3yfeIOWKuo
S41JG151BTw
S41pqAy6tbo
S4Ca52Z8_J0
S5CLwGK6l08
S5PSHbel2HA
S5QSLH-SlEU
S5Zfxy3EAjM
S5ksoN7sD5o
S5qts-ldAdA
S5uUSu559zo
S62az88BmJ0
S6IjetjErHs
S6XRqZi-Kz8
S7G7NHpegDM
S7OvrNsduXE
S7Vh6k4GSjo
S7dkeh04EVY
S7m6uwyIa7o
S7obACiFq9k
S7sTMpiuJe4
S8JV93BQt1U
S8R1pAeAvrU
S8WyrIL62bY
S8eDhP-X3Xg
S8hDCNbf5NM
S8oXr7a3clA
S98fJy8fWac
S9NUjPnreMc
S9RXNYnR_U4
S9klYJX05b8
S9qnAuRX_7Y
SA1EodawHAE
SAMcuQXtBs0
SAlTMEgFFM8
SBsuGyFrBnU
SC07MRYWxww
SCJFDvtyLlk
SCTDz7Tzqfw
SCZLm-Aa4uM
SClqKXIo_y8
SDakOF-6D5Q
SDviNBPkX-c
SDvyU8SyELA
SE-8uYZQbt4
SEDZG9qE3AI
SEGpYHfbOjQ
SEI0-NlCFzw
SEbhLNQTzpM
SEjhJ-JzaLk
SF-87yLpFUk
SF17DqWV6XQ
SFKGmSSVO_0
SFZoiZ2qIfI
SFfqbDUamaU
SFooABxPCas
SFwIpRhQRp8
SFwtuaPS0Ug
SGDIj6XiTZo
SGJa-a1blGU
SGSC_TRMseU
SGdgEBe2cCo
SGrrWVbJVaI
SHMZ8f7_0pI
SHUtCcmS7Bc
SHfVpfPVUxc
SHhv_kyYpJc
SI9XNQ0oUYM
SIAl_4mo5BY
SIgblRCGWus
SIr_cFW6Sw0
SJNp60L_urA
SJOtsY701K4
SJX0-ydWRaM
SJnDAPKRAXg
SJnhWSUTg9s
SK4Yx9QAbsM
SKBY6g_h6pA
SKEGCHm3TwI
SKURVJ-40-g
SKoPkxCb3Ic
SLB-RSkxskU
SLLNfM9GIUY
SLVO0mKDKEc
SLsS5t4obSk
SNDXoWSL5Ig
SNH9Hz8LlYo
SNPyFI-9PMI
SNjw5dUk1Zw
SNmS3aVJJJ8
SNo4Aro8ZGA
SNrbopHuaBk
SO1zKstnPg0
SOXdH8Rb-IE
SOugyPyQ6p4
SP6kSsZOcb4
SPMyjZV4um8
SPcG1fmBKwE
SPqR5kmMS_E
SPqk6okkINs
SQ0gdeRkN_g
SQ42syO7eZQ
SQDRoKm_yr4
SQSPdcTOw-c
SR-xtz6r0oY
SR6tVMwpo6w
SRLPsAdsP7Q
SRuXobkUzfs
SRvIdKerS80
SSHyBYXcU-Y
SSQyjs7Hw_U
SSRVA-TYGPg
SSVc_b2HMqg
SSf8R9gCCf0
SSokrDN0w3M
ST-7KFWfo7o
ST5eA5l6x_Y
ST9uXDmCl3g
STMWVr8_xJQ
STO-8Y2F0qY
STRAcWGFt_8
STfWB1SfELQ
STg522Q-aq4
SToMV9W0H_U
STuE9YWBujA
SUCCpapNGeQ
SUP4CnLpQ7g
SUQEF7cHXVo
SUZBc24uSGc
SUgo76xAKH4
SUpxmJA4O0w
SVM1O5EDMGk
SVOKxd43ByI
SVRMfD2Vi9o
SWKmKjStV3o
SWRp7oJxhI8
SWRsddq5JkI
SWbBCI5_h3E
SXPm2h9AHgw
SXSvqWHwqzU
SXjUZLvwkhM
SYnVY4FvNPA
SYrUV92IQIg
SYtGajwMUAA
SZfnzMCLqTw
S_2cVKr-psE
S_3BNoJjlaI
S_4R0cLm8ZQ
S_L2qoQ5j-s
S_Lw590DMkg
S_UGPGAijiM
S_WxMQ45Cw8
S__IRqiGHcM
S_hcjXw7jyI
S_lLz3BYnOE
S_ojUqL6s-E
S_qmwafhB34
S_vuPhMO1kY
Sa-aF4QUYgQ
SaDBW8Yt6zE
SbHBKyj241U
SbgreFtiIFo
Sbi6HpX5c5k
SbiElVjmBXk
Sbj0MfzSORk
SbjHmXz0PEQ
Sc7KF2fD8Qw
ScD0wV3SW9o
ScLoBNzKGpI
ScQdTEIddWY
ScRuu6U82aI
ScYSBUoajP8
ScaF9OilisQ
ScdfzA0ZdMw
SdQ9LIRgcAI
SdsnfJCDc7g
Sdzc_nM9lks
SeK4bkRdwMs
SeLIrB9vOKs
SeUHv5n1uGk
SejYX11BtkE
Sf0VUHD9omA
Sf7OAU3ZZlQ
SfQelNFlwsE
SgDEUiiBR3s
SgfndAtkL08
SglbdlIuVow
Sgvxpm25vU4
SgwwosdlS44
Sgx9Yd5M0dw
Sh4LZmaI3Ck
ShAVnr93iaA
ShdeRFuPOm4
ShpIE1fYYFI
ShxDPqA43LQ
Si6wfSoN7t4
SiPU1Ri2X_0
Sit-l8KlsLk
Sj0FNXj-gBk
SjFb_9_tHDE
SjkliW573Bc
Sjz44cmKbPE
Sk1bbricamQ
SkEjuZP_9BA
SkIG8qQclJA
SkWspv2kHUU
SkeIGCQpRX8
SktrxvRpIQM
Sl7tT84jPIs
SlRb-S47qq4
SlaAafcp8j0
SlcAUEXyknw
SlzUNlhwPvA
Sm1mqIG1X_I
SmIdkWiSgdo
Smf9mFs_TCI
SnYCQQad5Yo
SnaQ4SvBVxQ
Sngx5RWE1hM
Snl0cNF10LY
SnpOwsXmhyA
SoBQNzxEn-E
SoNmi0M9HGA
SoOHbDxZP3k
So_q6a5IYSc
SoaUsE683e0
SoqfWF2mPN8
SovyToUnimI
Sp4ChhsQzAk
Sp6d4z5r_XM
SpSdiCXiYhM
Sq4KJ4z1OSo
SqNNJTBs_3s
Sqx8HFT-VAs
Sqzek9nBdhM
SrZrXA7f6DE
SrbCGn69mkE
SrdanKBRH7Q
Srzd4YAYDV0
Ssc2qGY7qeE
SskNec5X648
SstNKrw9khM
Ssv3UI-wryI
St3t6wh4vKw
St6SghZkDWY
StteZOhAT9Y
Su0Pwa7_0JQ
SuG3ttsgGZc
SuIhm2q8iNA
SuUPPRkka4Y
SuUb6sxgmKk
Sv2QUI0_e3s
SvDnarzxXIk
SvIc6m_yxh8
SvQofUfuOUU
SvV3imaCV3A
Sv__rjInd0w
Sw7pMyrDNN0
SwDRJD6uQMw
SwbvRlAqRYA
SwmTRIBQuFg
SwrlcAA2v8U
Swu_VhIoW_0
Sx3Q9lYVmfk
Sx7CVMfqhCM
SxHkhq9ujyE
SxL1dPKMPrw
SxLibWRIOlc
Sxj5QBioI7k
SxmwHuCSgEE
Sxut-FmnSLo
SyVQ4abY93c
SycGKXGmR2k
SzfWezoymEQ
SzvAe3oZjZY
T--9zc8VpXU
T-Q6MdTuAb8
T0Fp6yoCX-0
T0GR5JTXenc
T0PNX7Kis_E
T11BNEa1HXM
T12xppuc9_M
T1HS1VXOt6s
T1Qg494r5gI
T1YqBK-ZGU0
T1dTk8f2M0Q
T1nwJob854U
T21AtMWyu-8
T2Jb9tanoJA
T2Y6Jty39WI
T2isTBmSdzs
T36DgX7NTww
T38waHKQxKE
T3UOC6ESvIM
T3Ug24vHRO0
T3ZfNQ7RnDs
T3ezBvE9Gpc
T3f-RqQml6c
T3ms3Sl71Cg
T4rHMqq2T4Y
T5G0LB0xiqA
T5JAEPryIsU
T5LAYxb8BrY
T5klLGONM_Q
T5lUArICxjk
T5urxFxBJ3c
T5x1PwNL3RI
T66aold3jSs
T6J3Le9ASlk
T75TQ3ikz6E
T7H1W1_buV4
T7V0c5lBt7w
T7_ewTdh2wA
T7nWS8J6iGw
T7sThdpixdI
T8Hdpd3XdTc
T8Yuiy-NkB8
T8iT-FjvOBE
T98dJhArz0k
T9M675A7QG0
T9TmnattYGw
T9ldeyq4q-k
T9lxXFdZJCE
T9lxb1GhvAM
TA4y3-MAaoE
TANtvmAJ-gs
TA_J3g8AZ1o
TAfUEEPBXCg
TAjgWTqq-JI
TAm3cos4ddQ
TB7Z02ugiOs
TC_c1a0p12s
TCsQaMC0gcQ
TCytsQHgqfs
TCzjs6Zr3p0
TD5Xj3AUbmI
TDMOmdH4OrU
TDPRQnxPfoI
TDQmOxjoYho
TD_zooY34SU
TE6TJi9ge_c
TEP7ytczHs4
TExSpPO9G4A
TF5BHWpchaE
TFATs8UheWw
TFCgis0634k
TFJ0Xh5i7J0
TFMynUs39TU
TFUwnqBbGJA
TH6FDbet31k
TH6P96VRFaw
THjte7HmZzs
THt8--gl0B0
TIySSPLjVTQ
TJ-v4xaOZNA
TJ2R1EMX71g
TJ37InYsZ-w
TJ4AdZ0SrwM
TJJ5gTgkmpM
TJJQtwZaw5k
TJPeQZ4bzn8
TJosf7wNPCw
TK4MCVYqkSM
TKHeu6PrZAo
TKO6rQ0E-tQ
TL14Jc2qhmw
TLAOaH8KcHc
TLj0xjVycCg
TMW0iAZADIA
TMnEc_XSg6k
TMuOABWgwOY
TN6kM8f3beo
TN7W0YLsrgc
TNAOz8eLyzg
TNCGwDdLdkM
TNaRcMIfICg
TNdfvFbbuDU
TO-l-0uPGf0
TO3O6e1up-I
TONdt_EIEnA
TOTAC9XbIIY
TOWO1i3S6JE
TOi6D_RS0gA
TP-ZxUvYrpA
TPE70A3HARo
TPHcco_LDLo
TPjt2fC5NZA
TPl9pvgREys
TPt-gMc_tG8
TQ7AW_48Chg
TQD998ikPds
TQbkiV0KstQ
TRJuIkqMZhU
TR_Yd4z9ntk
TTH4Fm2kwe8
TTlKD4tcsno
TUTW8CbnrIk
TUTh4c4FNpg
TUZvHwzkotk
TUjsWXCiO0g
TVEUzLpMrZg
TVK5VQY6QD0
TVMZL3bFVG0
TVk4utApiLs
TVlvDYIA22k
TWFFfhut4Y8
TWFTX3dLCPk
TWJBifrEvA4
TWlDgn4w2H8
TWx8a4KHLbc
TWyo7NUKzAo
TX5_bWDzDBo
TX9WS1PKAHg
TXLyXe2Vuqo
TXQBwCyr7C8
TXsSLqgoCF8
TXwK0gbPJdE
TYCIR7_r7yQ
TYJxDlJdwwM
TYlGHCmbM_w
TYmH_Uvggs8
TYqlJqYOx3E
TYxM9Yc1AqU
TZ6NbPK1NS8
TZAWxBhgZKE
TZCiXANJpS8
TZLjoqIic-A
TZc3cKsyvSQ
T_0S4N7os_U
T_9QGMa3-3c
T_GBrsZKmMg
T_bOs9Jr-sY
T_kNrxJRLB0
T_nreZiHO_Q
T_s5tHWbq6o
TaGU1WIrhRI
TadsxXAJuNM
TaqS2NpoCn8
TaqaZ8Vj2Zc
Tb35_G9PaS8
TbUij8C6I64
Tc-fq8pEPp0
Td4YdEuvqCs
Td7-2jf2fMg
TdVnhIlFLLY
TdfjC_X8B5c
TdjzUSEekpA
TdkMyknLvkM
TdxzdLBU4MM
TdypMLl32eA
TeDfsfKm51c
TeHCpiJIG0w
TfGXqU9ZuQg
TfhrvW3EWNQ
Tfj093vAV4w
Tfjr4T_I_xw
TfqmzGKibRY
Tfu5m43q21M
Tg63DV1bz6w
TgDgsB_Oudk
TgJDiaRPSoA
TgLOtuCHKEc
TgLXMMbaNJE
TgMRip2kVJ4
TgSsq8t1gjE
TgyKye5bKe0
Th7uhY8Q81Y
ThSxRHfIvW8
ThYYCbKwL14
ThbilJAlq_Y
TiKOIRabUr8
Tigt2hkJkPw
Tikp0qONW7E
Tiw2HVl4I40
Tj-iZdmi7So
Tj4B0OMQp9E
Tj7_gYnLkEw
TjKmibygwnU
TjMFb3t9sf4
Tjyk4Yhd0ps
Tk1YxFf6Dio
TkHG56ND0k4
TkUiPACpyGg
TkYS7EzHmVE
TkznQLFY-tk
TlSgHXdrvEo
TlmrXnUTv0U
TlojkfBdSYE
TlqHW5Nvi0A
TlvuQ7b51K4
TlwXqtBsQ1A
Tm6z42e-68I
TmhmddABSqo
TmmezEAdpGE
TmqLi0V3I0g
TmrDIUsPKgg
TnKgcKGO6Rc
TnRJznsaxwk
Tnemz_bw-Tw
TnieVpzX1mA
Tnj3Wv8cWzQ
TntoU6l_xGE
To3FGqjXFlk
ToF7mwGgZgo
Toi-8cNDByU
ToisizItyPk
ToyI5bJDGJU
Tpv6XSR_haU
TpvsptKThUQ
TqErbzdAbTs
TqR04_sIQz0
TqaHVPhriis
TqkrRYJVqhU
Tr27NZ8bxaA
TriRB06Hkgo
TrvLbHf5naQ
Ts0C7o6K_Ms
TsWd24IzLlM
Tse6dXyCAnI
Tsgq33JSn8I
TtMRu5QJKwo
TtbFHG0ULoo
Ttq2p3yrCiI
Tu35pCftPkA
TuQygEyhiNg
Tuh7nMMQeS0
TupwdeSAyHo
TwRZjilPTfA
Twrdlp20q8k
TwsA5hTGSFk
Tx0rxxGwmA0
Tx3ELEh4nfQ
TxEh2noGUO8
TxuoDNBH4_4
TyIRDa1K5tI
TyX3YDFloHM
TygzU5_BPrM
TyrbHa7INt4
Tz3dt5RylAA
TzKEEFnbH_s
TziQ1Quy9kg
Tzqyw1eFXjA
TzrbVyQSSQ0
U--8-DimqHo
U0lJ78xT2SY
U0mI8e5AINM
U0tMG5u-FFg
U11nZVwKvL0
U1CI5Ln-jpc
U1M7EvzYlq0
U1ZOa2g-DLE
U1t6S4y5D9o
U227Kqgfxho
U23XO48p3_c
U2ZFNUPYROY
U2ku3rou2Xg
U34rvJ599c0
U3F2loEOLBQ
U3tjRXEVaUo
U45s8d_2_UI
U4YniL6eHQg
U5B3amfUgcQ
U5Ot932lgmg
U5V3wAF-oAg
U5c3aWfUFLw
U5jhZ3u2DIg
U6C6FYSEQVM
U6Hz6tp736o
U6d04ijui3s
U6p25EQu07I
U6zfnvtoDRE
U76gH0DceZU
U7LMLzvXpj0
U7gF2wnpG5I
U7i0xrqgzk4
U8Dz0AQ-8y8
U8FtHOzvq9o
U8IAW-VBGI8
U8PN_4WhMzo
U8R0wBoWShM
U8WnFEyzUdI
U9EF4-TpTu4
U9cvkbyPEVk
UAdpzzaczqA
UAffpXIoAPw
UAjKM7lWW4s
UBFmcwCrg3Y
UBHHjkirhaI
UBehHlsM7AI
UBheEU59gH8
UBsxDbbx3Z0
UBt8dQ3wj9Q
UC6bLv2THU4
UCf5eX6GHVk
UCi8XT6gJMs
UCmYi_YMLFI
UDbhdhxl4lc
UDbwJ2yPHKE
UDxvnGZHFvg
UE2XXa-7lDY
UE3VFAgAHmQ
UEkZuadRhXg
UExgTyiG4Yc
UEzO6WkCA94
UFLHH3Qi0CA
UFOd-PWCpB4
UFd8gbl_QRg
UG2NQkcye4Q
UGI6Xc5kfuk
UGJgu0SgUPw
UHZu2HJ-JLo
UHa3qj2x6g8
UHfvq_l8jXU
UHq6u6WbBKE
UINJpLAVNjk
UIONKVsiGD8
UIZP2t24z1g
UImFaW2cwoM
UIndVtsqgiQ
UIyph4S0jl8
UJNj6g-Un3A
UJR5JZsRTY8
UJXIRgvUJDg
UK59-SIZXtM
UKEm56EerTY
UKLJcEhNM7s
UKUXi3cwqq4
UKbEzcnFris
UKiLl_xGTh4
UKomnlMy3u8
ULZDB5mL080
ULhja8Kd_cE
ULpCzjxEPf0
UM0270GEcmA
UM7LuTaM1Bo
UM821-hsEr0
UMd4XONlmD8
UMqAwdoF-OI
UNPz6IfDCBg
UNTWobQ9bSg
UNhRxVO4mNs
UNsUG-ZHZAU
UO3eBGFiV_M
UOM8Ycc1qao
UOTogaaN-JM
UOWW4qUs6OM
UOYrq853WzY
UPPoPoCkDhI
UQ3W91MlUP0
UQ7CUHtmcJo
UQJJVOqBeI8
UQcgNhhqVsE
UR-vStkZA34
URCV4Vsh9YQ
URLa12EaLLo
URMMpzUn2lI
URQzCVWRdTc
US5L7favFck
USU-EJ_fnNQ
USXxjQwHYIs
USgf4x1m8b4
UShFlsAQ1rM
UT0q9sCxOSE
UTBOHqaj4OE
UTQHArCznOU
UTX3rfnXy-s
UTc9soZ8JPo
UU89Ml-GxYM
UUGyfvfivHY
UUa1_UsJ1oo
UVBNcTq_mb0
UVJsPL7Lvbk
UVc7FQ-c3DU
UVdZG7Z4Rc4
UW4sifiWnb0
UWBIGBg4c-k
UWY62hFKobU
UWgvxSJKgIk
UWwwDjvZJx4
UYWjYYQrrVk
UYhmD6Ys-K0
UZENT2Qm00M
UZPpV3QF-e0
UZX2_sdAW_M
U_-5qe9ccjU
U_ICh1pGD5A
U_R49TxvCGo
U_aJZsBVQ2E
U_vsVbE_mwE
U_ypeWbqzlI
U_ytnfk6RJA
UaEufrwCnv8
UaHJHJ1scpE
UaKdFQUAFn8
Uaa0rnATtZc
Uas7gRY4Ss8
Ub9CXEEN75Y
Ub9OcJZIK_I
UbhB5SkE0i8
UbhFfRqsK2I
Uc1ua8uPvK0
UcfpsC5Dets
Uch43SlL0Gs
UdGK3fd_nPw
UdGQ9WNqeF4
UdQHNU5IzfI
UdZMJkPmG8A
Ud_-0HtYmCQ
UdcBBKQ6ooY
UdgMH9UDrTA
Udgsbyu8x-k
UdkN5BnDdNM
UeceFcSEmoU
Uef98whSClE
UfWaXSzfdJ8
UfhJ7QkAy7U
UfoAIU2Znj8
UgG4EtiEsrc
UgcgpCRoxZg
UgcvqFO8bUM
Uh0s9k3JhAg
UhaxIOb33lY
Ui-RhAttEAk
UiJlcziOPWA
UiPVtyyJaeo
UiPcjKqNgas
UiW_ZBP4iIU
UidTNR_pFNw
UiezXB3hbbo
Uiv24e8HO6Q
UjL_Nn-2CpM
UkO4JncZaO4
UkXb2Al6YeM
UkZeMvp5P7k
UkhenJ-G7vw
Ukp80SLbwMs
Ukw0416q5hg
Ul5wQ1sXqPc
UlLV08AlzPQ
UlSBilOgpok
UlT4_6PkQCk
Ulfa71Bf7w8
UlqPHHxYGHc
UlytOa-jnZs
Um5Gp4rYJdc
Um5Waung-Yw
UmPmCwqlCSg
UmYgII4LmMQ
UmbzOaCy-Ww
UnI90_ytin8
UnUOuZ1dRfU
UnZBp4wrMqM
UnamFhQtb0A
UnbFb4MvuxA
UnplI_l_Mcw
UnunehvrfsE
Unur3wTOVwk
UoBmME8ceFo
UoTijkut64U
UoXUAmpcDfM
UovQDCxqLtY
Up4_EL8jTic
Up6LixOmOCc
UpSK5djczXI
Up_kUdweBR0
UpeqR1gRv3w
UpfWNG_mpkk
UpuCAzDNDCE
UpxT5Zcy6x4
UqR_WNUtkW4
UqTROPZZ6Rc
UqZCXSL1Kbg
Ur6__2l4hD0
UrPJFr2ZAbg
Urp4_r27PYA
UrqbaaVx66A
UrxGzJemvEA
UsSgtn1p9F4
UshQ-bUX8Hw
UsrNMM4xmS8
Usu1teIAKQg
Ut1o2BwOa54
Ut261Od9j14
UtFJYhRMd8E
UtcGMadWp-k
Uu5bmPZyeRc
Uu88NB4CxFo
UugVHYQAdR0
UurqLX8nxeU
Uv1tJ7M8ofk
Uv4zKpwgZ6I
UvpiLYqMyUU
UwNyUD2Y05I
UwPC_nfxK4o
UxQP-5rjNFg
UxUd8qiskxc
Uxan0aMrhXo
UxdrEsIO4bs
UxjceImMibo
UyCbyzwUasE
Uz2UTiArOFY
Uz3ifIxodPk
Uz5-1b9d-Io
UzBw-GXYnkE
UzCuMWtmic0
UzRrs3l6cts
UzZ8VbgaUXY
UzjeWAxVCAM
V-1JVWcPvbI
V-BqzbRGUnw
V-IsEiPHlOA
V-RRQfMahbA
V-jXpI0e61k
V-qwTV7c0TI
V0-uSMYO4Kc
V05QAyq4V4o
V08Gpq07_v8
V0K4m6PVS_k
V0aqYjRoBP8
V0f9JP-mJx4
V0mvfdm7y_8
V1J1yau2-XI
V1Z09PBcUak
V1twEUK4oFA
V2-QS99QC8M
V2NgPoP6JNc
V2bs1aTk9aw
V2iTofJ9N4s
V2zr9dM7FD8
V39fLNkQnhE
V3FOpRDLB38
V3MQUablrUs
V3X0yQ3UF2s
V3oJCFfJrFE
V4DRRPljG9Q
V4quT38TWVs
V5jBCoxb-Ys
V5oqjgrskUo
V5ySmhGfFrA
V63Ry87Fa3I
V6EnJ-8yFac
V6SI1fawYzs
V6SpS0zf1JA
V6hz3ConXsw
V6tlACkASJ8
V7YGozD9VJg
V7gDHPV5wh8
V7jP77v2zNI
V7tbLB4QAn8
V85myg9Jr9E
V8HmkmovJvM
V8JqwfrQJtM
V8PJtWqNKtI
V96TZUMxSMw
V9A5scL9o4I
V9NO6wAmrvk
V9fA9Rhc3-U
V9hyiveI6iU
V9lhbGCuoAs
V9mgrgYpn5Q
VA8o25CBqZo
VAfJk4OyZQk
VAfkg-JALHE
VB9R2Z4f08c
VBF3m6_sdAo
VBWkTnPD_R4
VBfCA-3gRZ8
VBo2mPHbDzM
VBrFvYmwsjo
VBuk2oulmN4
VBz_V0LiNCg
VC0WNx3K8ao
VC0lAwtxjRU
VC67kRf0YPc
VCJWmMnJPag
VCUBKvFObkE
VCbTsr1mkbk
VCg8jIbmIWY
VDFeCr4IbME
VDOGUK18gA4
VE29sP_AngA
VEOX3Z-7VEI
VEP-paGI7x0
VEs75nz-Mjw
VF1ZM4lCv0g
VFMTUcKlFLk
VFhZLDjhFBc
VFndR064318
VGDg-swBnq4
VGFZe7Usv4w
VGRzeIciRt4
VGxcxyc5Ehk
VGxn1A2a3dc
VH1bzoWR6qM
VH8gHf7HnpI
VHCfaRG5y0w
VHlJr2mJnmI
VHrCJlysh70
VHzcLjXe4w0
VI2BpxY30ZU
VJ3RdG1UOQU
VJObWi8WDKo
VJkMRuMI_30
VKVyoXPmVg8
VL0SIlxXOQ8
VL0qE3B3Ds4
VLWynQYYRvE
VMCsXPhBnVE
VMHZogtIjYs
VMzD5H1rXok
VN1kpZ3zSS4
VN5JdtnjPrY
VN5QEPWOkXg
VNk2VO_oGPw
VOAbTL_EIBU
VODq6BMeJNg
VOOc3x4XHHU
VP1yjSNKbx4
VP3wW1kufcs
VP_G5gBrXBI
VPfDHjMKYnc
VQ62FzAwHbE
VQAN9gVRE88
VQMVA90Suc8
VQYbbyydwYs
VQwMnQ0GM4s
VRJE1Ou9Pcg
VRY0VWKNvUU
VR_7wSGQgdE
VRaVjyUpcpQ
VS2TcuaVBtI
VSAtgB-za9I
VSPbbuqAwaU
VSoAzJe5OC8
VSrX8A5lHso
VT9VRFd30TM
VTDZARJe0-E
VTHkeKEO4Oc
VTTOkqviPd0
VTbY5AGtluA
VTibYacPmvI
VTpD1ewy3QQ
VU2V_9azYcM
VUKPs5QbG0E
VUMuvQcbQn4
VUTgplCcLYc
VUU6fZVF9fg
VUdWmbbA32I
VUe_0nvq3pU
VVSn63gdY38
VVmL9qtgobs
VWXkm0cxXnM
VWduI35Zmtw
VWdvCbUWJLk
VWmXeFs6H4k
VWuKIEV5H84
VX266b5sf9s
VX_3z-RCVRA
VXcU5Cb16eQ
VXoLs9zZT84
VXxq7YYdzjg
VYFcGbXJFbU
VYNJiMw8nW8
VYRAWyYAI8M
VYjWNfruaDM
VYkBQYlPI7I
VYmGbE6I8uw
VZ3Zy9jLUbo
VZOhFEo8K8U
VZPgDJfUXOA
VZiDTbOtzto
V_PGmSjErDs
V_wETM23MFE
VaDvZun1rr0
VaG_0wGdaDU
VaNYsL-S53g
VaRmXOt-bYY
ValL4SXNpjo
Vas1WXI8FMo
Vavmz1kGBdE
Vb9ybZwcPEA
VbCvPVL1yiA
VbLnw7iVINY
VbS4Aij_o_4
Vc2_XhyIIME
Vc6ShmcYDnw
Vc7sC0MHDZ4
VcrMBHaCWjs
VdKXUKWCqNw
VdNm8wqA4Qc
VdQm8YrNriQ
VeB8ztNuSs8
VezFmYlQLMc
VfNiJN0l6Bc
VfY7stCQepQ
VgJNt0BunFg
VgT_tdgZpWY
VgVGrYqBzaE
VgWQw8jAHM4
VhCHwbjeUnc
VhLSgrHjIzM
VhMlWDlV8cM
VhcRN3etbps
ViZbELexNG4
Viy9hMlCD-s
Vj6BJvHOQmg
VjTTeIOGKhc
VjVqY-cGUmA
Vjly-3v5RL4
VjmSbOG0LsI
Vk4W7uxUDhQ
VkyWb7ZVc_A
Vl3GNGRrw3c
Vl3Rqp7OyD8
VlP65GfoblQ
VlPWf5v275Y
VljS9P26wak
VllnZTlA0VM
VlmFcVuy3d0
VmIR9TUWIB0
VmMl8geEPS8
VmP-Srblndo
VmfEeUoWE80
Vmlu4ktGA3w
VmvECin5uXQ
Vn8DgL8-Io4
VnAAiYtcYWM
VnIEsPeMgi4
VncGvRRwKpo
VnivjKJKSNE
Vnu-zFBRGjc
VomoCMRW-ns
VpNF4b_eC18
VpQxJ7WCoQE
VpZbg8kB_gg
VpbawBFqVBE
VpubTkAnYxA
VqOhsY0f1QM
VqiOTsgYw4I
VqncnUwtodc
VqwG8af538s
VrAs-gktpsk
VrJGcFEzgmU
VrUSvYGAei8
VrYRBt0t858
VrfW2fEosB8
Vri1hKuvdzE
VrnTvw53fPI
Vrz6SVuda3g
Vs5VclgJ-vQ
Vt0VlqBxX4I
Vt1L5n_g6iU
VtONWbgtRFQ
Vtd1OyWi3II
VtdykpojzK0
VuPolt55-To
VuVSQQcNN9o
Vu_PE-gVx-Y
Vuf7aeax3x4
Vut3bPPcWHI
Vv-7MbVXGm8
Vv0jBcMfTTE
Vv3blMvY0qw
VvQ6-QJYXyI
VvgkuaP-0-4
VvlwRfsZYGw
Vw2q97Oy-TI
VwR38jGrh9w
VweoBqy2Ok4
VwgiPq4yYTk
VwsjJp2xEZo
VxQ3NP7-E-k
Vxk0VtTmmNs
Vy0T3rPTue4
VyE2eqZPFB4
Vz-B2g4HQT8
Vz2U7BIfxiM
VzAAxHXISDM
VzgWrO5uFBM
Vzq489UDDd8
W-BgwTwxIIU
W-UnHMLwjHI
W-pMJaVTtvY
W09wr5abbB4
W0Hqi0VqVUM
W0ctkyMiRQw
W1CWl3DYYL4
W1JTRo7bhM8
W1QQs8egmIw
W2SjsAVzae4
W3EAKWYFsZw
W3PyKf1rxXY
W3QAFhfbAhY
W3rlxl6lPdg
W3zb0H4dlzI
W3zeaDw1iMo
W4VbH6UHbV0
W4Yc-P4Mlzg
W4lYoUdfCB0
W5Ax9suq0hY
W5oAc-gJggI
W5pmEGWvDms
W5tjUOyTgCQ
W6u-TTlROwA
W6xnJN8QSI4
W7a_5Bi7AFs
W7bDSUsUsdA
W8M01sa_WjU
W8dozP7htP8
W8hwqlg1PLg
W8mYn0rNyf0
W8zbVCbUehk
W99S-JdQ0G0
W9DhrjWUj5M
W9Xm-vwv0ck
W9anijTbvPA
W9rhOIfc6b0
W9tCd-Qv5Ls
WA23ZkSaq9c
WADhS-pYLw0
WAb7MHYNdcU
WAyuqNOYR6s
WB15pnXgFAQ
WB8vhkfwNco
WBP-KTc5qis
WBYIL5fOZng
WBa26GRcI_4
WBgWVSPHMQQ
WCRcnfgxrws
WCRwP1iv53I
WCehZsT1Siw
WD-ql9XTbzg
WDEiDLE3Wm0
WDF-XszdNXE
WDKhRtJ3oa0
WDNvN6ORPzs
WDVuhbZpEbI
WDcdl3jlQEM
WDwJWG-g4V8
WE7JFRKlctQ
WEAk_RK-oFg
WEUwlFRWVDY
WEa9H2c3YdU
WEhIgPAF6P8
WElA8SdyUo8
WErchVfh2D4
WFIdzJ9Avj4
WGTE_9hr70g
WGwaDIu-IPI
WHUwFpPJO8g
WHfsMpIb2gw
WHnSoWGu8QQ
WHpUIsuvZfc
WHtZMMJGsyg
WI5WErM3G8A
WIG9rkbhJXk
WIUECpu2oR8
WIYLiqCR8eA
WIgYiEZdRH8
WJ-I5JHWHEI
WJXNo5cygFA
WJdL78Nz4Xs
WJdUs7IqL0U
WJlwSkTUyzc
WKRQ7xrAFtk
WKd3I-n4MQ4
WKsExJVfv_8
WKwfKfwo-OE
WL055ymhY4I
WLGdXM9UGmY
WLUmElC3F3Y
WLj3efx_S9c
WLsJTw9pxsM
WLyFZHljofs
WM-PPH6c2eY
WMBfgrGHxas
WMYrdKNNLQM
WMhf04wuIdk
WMw3NuKaHng
WMyCMxTtEnQ
WNB0KeFcBxw
WNIKmOtEGjA
WNQ9vCVRkns
WN_hrXKgX64
WNcUMG9JK8g
WNlyY9h7dHA
WNrBkitG6EI
WOAkYdTBXm0
WODfNhdwDsI
WP-vpQ8sfvc
WPKrS9Uj85c
WPO9Y_fIbJU
WPwb4DwkWZ4
WQrhygXQsFM
WQsXIeVNkws
WRYk1qstui0
WR_sUqhnXJk
WRp2BMOvDr8
WRrqJM-YSqk
WRzd6kTKpjY
WS0oJLgKETA
WS41PEGpMBk
WS7fnQFVY9E
WSGdJ-KLS3g
WSKZGD0R0mI
WTXe6FE31sI
WTxrCF6EfqY
WU6cerD_ANk
WUY1hvWpi_U
WUfIlIz-o3I
WV0H0EVc1nQ
WVUpoa7fVX4
WVsPYvnKlu8
WWBZCX-KTPk
WWPNeRAkqWo
WWrgUNYf4ls
WX0GavKRiow
WX6xlBxGzHQ
WXMKWMO2Xxw
WXP8fbm18xQ
WXcuJxPZk4U
WXerR5hvL4c
WXjmnHszi1Q
WXubbAK5rt8
WXuv2b8ywF8
WY3Zj593IU8
WY5AI0q9Yps
WYZLhundTbU
WYZeYVP1eUo
WYcF1h3SQW8
WYjVV3PhGe0
WYsRseXvFS8
WZ4gtLwfLrs
WZ6FHQ0wknQ
WZEfjO6dzFs
W_MKxWtAl6k
W_P7DRELUk4
W_f8LalA-1Q
W_h-lEPjdb4
W_iBfychvj4
W_yrZLbK5ro
Wa8fnrqHot8
WaAyKf5F3n0
WaCTp3yBcAE
WaJFdMS5sro
WaJsDPnjO8k
WadhfZMEXjQ
Waqlww4lz_4
WatsmppxyoU
Wb1r02KSILE
Wb5n2wUCeHk
WbBHCZU1pTk
WbNbWcHd1w0
WbYu5rxG_rM
WberwAl-_Ck
Wc7IB33SADY
Wc92wC5Filo
Wd1odUG4At8
Wd4C-JisJfk
WdeQ-B2wWcA
We9lG6vAUVU
WeBAeWLLXtw
WeSN-SZQbRI
WeouE9RqTBU
WernihTrzAQ
WeyqY9c7dzw
WfBNYgHxYc0
WfJL9AvSVQI
WfJlrca6BqY
WfOwNi2_1L4
WfcfC0N2LdQ
WfiPx4hfAgg
Wfl8OjCLcsg
Wg4rDt7RuOA
WgcGgicoO_Q
Wgxltt-yObE
WhbCR8ItxEo
WhjNx5bPGyI
WhqdHXNbUQA
WhrfBPr7LH8
Wi5IpTGuIyg
WiQG5dPrXt8
Wibl7_KducA
WiqV83J1_kM
WiquW73fw5E
Wixbvy7O_rY
WjILE1sOaJA
WjdzOGAc2nE
WjnwIY4eAJ4
Wked19rMmyM
WkrHkyBMr-k
WlLMjoicKYU
WlPebLOqGZU
WlSjVoQEC6s
WljAn_-R86I
Wm1RJQm4rF8
Wm4ciPVhjHU
Wm5NdGlORkQ
Wm7CBUKdEok
WmCpdlXmcaQ
WmHDreJmh_0
Wn0wLFTSrYg
Wn1JTKGDjlU
WnYQpburrWU
WnavadiWqJM
WnbxginGc-E
Wnk1q1F9wr0
WnrEf6_1-pA
Wnuf8RitNnI
Wnw6DarhgQU
WoXpcg5uKFo
WoYgALN0UAU
Woo3AYDwb8U
Wp72e2u528I
Wp7FNrXlxAM
WpAX0FS0VLM
WpM80RC59Lw
WpNqwzu6igQ
WqE6qKhXuN0
WqyS77vN6pE
Wr7_RzcUyyA
WrWK95JzJRw
Wrbv-1vvAXA
Ws42pB_fJ-c
WsOT6tT4eew
WtAhBjEzE2A
WtUaXqoWvwQ
WtzHD46c1c4
Wu-q5AWdpH0
WucvQKy9xyQ
WuewCxiRJr4
WukflnKYJgA
WuydDk0Z5D8
WvSRqcR1Qzo
Wvkw8AOTghM
Ww-RLRBgaGc
Ww4E0hu-UgY
WwW_1oklcXg
Wx_YvkvB4Xw
WxhbKUCPfNI
WxlWMrgqiUE
Wydu4h7mzZs
WymvfeJojdY
WyxO_P-nF_k
WzAXWR9Ia6U
WzC_sKYmPxA
WzDJNfiXyRw
WzRFGiCTTco
Wzn20lxNb9c
X-B5qTY_lKs
X-TvWSKIFG0
X-baFWwplww
X-oAfktdkbo
X09_l9lny3g
X0SpwMUdAxc
X0ThqbNh2nY
X0bVxR6O40Y
X13aCma_8bM
X1_svsytRis
X1pZ1x-YsZE
X1wsHnn1FRQ
X2Pmy4x9IEY
X2k9GWHSBDU
X2nI-eziYr8
X2oV-N46Iak
X3OSGSPQ6b4
X3ZRYkQ1HKw
X3hCSjmI_KU
X3oT64nOib8
X3weCE5XZWE
X43vdmd48mQ
X4UiTs7WBqM
X5Fw21Z8QSM
X5ZimM7j2yk
X5djfYej13k
X62qETB3eoA
X63X9NmbdI0
X64451HNGEY
X6PbWrvXrv0
X6QcF_Ch4iw
X6TwODhJOx4
X6ezsO6Hc9o
X75nc3cqqbo
X7CFNg_eAG4
X7QE37WMfLM
X7Rbw72XiJA
X7npMRNwByg
X7roXw_cEuY
X7wQcdzNuSU
X8B6CiFHlGY
X8ZVHvv9YNc
X9-hG6Lvx4I
X9UliJwhPSo
X9fDL4W33ic
XAV5s5y73eI
XAc76NqcVgE
XAnhegkPnM8
XApiZyiXdEQ
XB3p6kM4-7k
XBfKvbJk-oQ
XCIppXjwA64
XCmHDB2mmeE
XD04fECLTI4
XD1fLXNMkh4
XD8wpSBXQYs
XDiRxUgG00c
XEW8-EHwDnM
XE_f-ZUO-rY
XEacC0YB94A
XEy7CWX32_c
XF20r1v7wXQ
XFB_Xdt3vhE
XFLsdEH5HWk
XFPB9e2xw-U
XFQLrWA0-UY
XFnAr1pn22U
XG62Nk8f4yQ
XG7S1aXFRL4
XGHFBNVIWfA
XGN2Ko5-re8
XGhduQB14KY
XHALA2oYFHU
XHRHK4iBgrU
XHUO07eki9k
XHrEa8HuiuM
XI9NdYhYebk
XIWCuVKL3sU
XIcK53gdRU0
XIuexFKWGjU
XJ50iE_BPtw
XJJbw55ZdwY
XJQ7sUX34Is
XJgrzVGoeRg
XJikrZyLS_g
XJpm4eFNdc0
XKBM0BJid-k
XLHAuxr9wSA
XM3lg4pz89Q
XMEzUXkoQrc
XMl8Ix_xepY
XNF5ZVgo-kA
XNN3QW-CBLs
XNQgN9yE8jM
XNQw-AUCsS4
XNSQ3ynOZ6g
XNXZgsaAVYk
XNmrRMjZqAo
XNu6XEQlxd8
XNyRJ0kQ-7M
XOW5jBoPffU
XOfV5gzVjd0
XOo_wvyvh0g
XOoiclj4EoI
XPAhR-uH7uM
XPMQGsLLyh8
XPUCyHzgf7A
XPXYak45Rp8
XPiQ7bQVHFw
XQVGMtzXICU
XQpp525vZeo
XR0JOSHzGu8
XRC9vWlQqx4
XRFp71l_vZQ
XRIeScoi2l4
XRN-MIshams
XRpLiWp7caU
XS29CKGwzs0
XS4BTz4hAN8
XS4TzAF7sUo
XSCjQS08rGo
XSdI5nNHj1g
XSfnXhcxB5M
XSmADZkE7bA
XSxkobt-5Y4
XTEu3inq_Ak
XTVFl2ao4II
XT_SKEkA2SA
XTiMV_Ntfk0
XUpSUnq-mro
XVIEVfqzc4g
XVj_gHaTCAE
XVlCtsUJhmM
XVxz09q170g
XWAozSChwpQ
XWSHF7na0_c
XWbE4P8m3fg
XX3mhJsBgHs
XXMP7Jz_qyk
XXoKRShCAa4
XY0cY0IdoQw
XY2HmVBmFWs
XYEFQrvU98Y
XYOESsxFkZY
XYOrpQ3c9Ic
XYyCvI2p_E0
XZ22trLawic
XZXFBsDImXY
X_ZIgdgaqa0
X_dRIWenSZA
XaP3_9HQPUg
XanxF9civt0
Xb-Dqg4dc4A
XbCZ4gJ9jlQ
XbI8MH0WmuE
XbPdpWZ2J98
XbS2DCOvyFM
XbiLPw6EDos
Xc66oGnAWrU
XcJcWM_QOiA
XcMdwjhUGzE
XcXh94qt3Fs
XcfMkEsIOR8
XdqfE1O8VcA
Xe7Nz9RliSA
XeRYPI5iSUQ
XecemEfwuQo
XfE-jQkSpw4
XfH8uvF9NMA
XfXFzydKfsc
XfjE6h6sgVY
XfnYRu2qFes
Xg10fEkFk_s
XgGVVGKDmww
XgYxtHZYjgY
Xgi7d7UnOjw
XgtrvF4IA5w
XgvE4O7bVYM
XhDwdo0yduk
XhHQN-YL0sU
XhI7OATVZao
XhQ7oQjFppE
XiTIW4TQ1hY
XiYwrG0LYbc
XicgVXTpL8E
XimQbGvnxKY
XiqRdiavcuU
Xiqcliesh-E
Xj-wejbfmfg
Xj9V4ucI9L4
XjOBTkIqbKA
Xk15_0H8rkk
XkB2c-cG1gk
XkuwKnW0RRk
Xl8fNDoHEVs
XlIWc8y_Qaw
XlK3uKaYXNU
XlgQsM-s_Gw
Xm15MS2BlAs
XmRi5grkz2A
XmczVJ2JN_M
XmlcrQ_-Dp0
Xn2i6fIX1K8
XnfiM6rXusA
XnrdaLC-6Vs
Xo6Fz_FCDJY
XoLRyOT27yE
XoMMwtTXsag
XoqOj37Ktd0
Xos5lE3Q51A
Xp5Zpy7M21o
XpDMHDcEnQs
XpJAm_PdVqs
XpMG46501L8
XpPwFIHZux0
XpQYTW3pNAM
XpR7UdoiK98
XpnoHY0QLUA
XqC_GPlPolU
XqPSC13K9_Y
XqU5oW8lyQw
Xqb2lshM9CM
Xr4KZlPR1yI
Xr5F3f3JF5I
Xr8Yu3AsXnc
XsfatTkJEQM
Xt-jLzRIJNo
Xt0L6WGNanY
XtJExA7LKEs
XtOJfyzAPq0
XtePTh3HIIE
XthXwdCNCtE
XtzWAjjf1RQ
Xu-eXIB_DkQ
Xu-jN5hUVfI
Xu11jHrNTRI
Xu84gsB6B-o
XuEqlPnZCcs
XuNggVQaGzA
Xu_2qxhbOKc
Xubr6PX1vDY
XuuJiKrqD2c
Xv5Z6vmKjoY
XvC4ZlFsrBA
XvGFwMFNJXA
XwHeHDfcYIE
XwSi_fOt6wQ
Xwr6uaUL5Bk
XwrkQy4YwMc
Xwuj2b_bCiU
Xww43VOpRUw
Xx7AZ4hnqCo
Xx9zpFYDZ_0
XxXVXMesjqE
XxZOLuRuy_c
XxhFy4k5pzs
XxyAmK5xrMY
Xy3SKPVXkhw
XyaianK05m4
XyjR-JOV0t0
XyxuMUPciSs
XzBYAZ78j4E
XzFhSK3JqHM
XzL-kR7Qgmc
XzdA_cZ0I7Y
XzmzhmZHz0I
XzvrCuDFQ4M
XzxqU4y8lBg
Y-7myUKuBPY
Y-DTJIKhuX4
Y-FSSQZgW-U
Y056llC1XdQ
Y0AVmCZGNio
Y0VGiOcKr4I
Y0nibOjRCYY
Y0nm_OfEWxQ
Y0rZ7yZn2gA
Y17FjMDDI8I
Y1JbxRYmtQw
Y1iz-8-P2d8
Y1jKuLkXsZA
Y1yIpU4F5XU
Y2Na_ZSB6G4
Y2bksdOlrdY
Y3FpAYkNCm8
Y3iSWrpOBm0
Y42rON92rpI
Y4GPZPCAc_M
Y50MDEgN5Qc
Y58Qu_itJME
Y5I8L_xCeqA
Y5N7iB8pSR4
Y5QR4FD0gEE
Y5QerfePBF8
Y5xsBU4LrDk
Y6Fj_wvgGkQ
Y6N97LZpqA4
Y6aoB9SnpiA
Y6dHj8PCG0w
Y6vpXKWuXow
Y6wPhvDZvEQ
Y7BrZHAWL4s
Y7NO1kDIkv4
Y7w1RrO9tdc
Y846CQ3dfBw
Y88rtufDGcc
Y8B6THCMJaM
Y8Muwu11S5U
Y8XU9T8CqUU
Y8iwC5AfA8Y
Y8lpHU3DgGI
Y9M23h2L-KM
Y9O85yFx4xU
Y9WXKv7qhqE
Y9_a_Z7u0Rc
Y9fmercjLO8
Y9gGzbKhLh0
Y9wYV3_LABs
YA_s9zLszCM
YAx1YxYH7OQ
YB3pw9v1BR4
YBGFXZAepoI
YBJ-jyxpMrw
YC70hOY4OLo
YC8TzTqcskA
YCPmH6Hhv0A
YCWH8GhGQWk
YCZjPUzulxM
YD7u_mQRaGU
YDG6Y5FFr7U
YEAfw7ETMls
YEOp66hAq24
YEcoYd3QJW4
YEhIiVR4oTI
YEuXMJIkqqo
YFFs0OcFYeU
YFk51DtH4Pg
YFrqRx76xrQ
YGWZMtq69W4
YGiDw_Urvkw
YH2p5c9sK9M
YHWFkFc3-QQ
YHZf6xazGcM
YHnkNqMa5-4
YI1fwawrJGE
YIBTgWKGafI
YIKpudkRN7g
YIPejZ_ZyF8
YIUx9V2-Kb8
YIcsH0Etzkk
YIfsieDH76c
YIsfP6WBE8M
YJ3evGM4DRc
YJ49KmrDX2Y
YJRZLl9Jtik
YJTXQBf8YyU
YJq0ffhArXQ
YK-A_3z0MCQ
YKfCNAmyQPU
YLNtVzMTpmo
YM9-kYg_aVM
YMH6Scc_6L0
YMYYsMa_S6o
YMarMWAURc0
YMnr4ddwMxA
YMwOvUVNXxE
YN0vAwqIGrI
YN4nydrKiMU
YN8a8qrVyNU
YNGegJypUqg
YNZ_flnO1AI
YN_ikoQk79c
YNqRO3UejMA
YO0l238oTjI
YOTZOl2uMlo
YOnSnjmzg7Y
YOth79LrISc
YOy98XMG7I8
YOz5hHGK6SU
YOzoE-iykDk
YPSALea1psM
YPbi1YpgCqA
YPkvF640SGM
YPw2M-Z4nGQ
YQUmbyOdGJ8
YQeHEHcgmFw
YRWuvZvrah0
YRcC1VU9-Y4
YRy93drUHtg
YS-_BkCmijg
YSXOgef0gqs
YSi2DheKIws
YTBnxONoEw8
YTubeDZXf14
YUBKaLZKlVk
YUc0pnUe1Pw
YUeBbvOFoLg
YUqpRJTGRrI
YUuBybqdXZ4
YUz6zr8HCrc
YV0Z5eTjCOk
YVJCP-d2Dc4
YVpXlNxbefM
YWK3kWR79BA
YWN0r5C6sjs
YWYSVlOyIWQ
YWYxNQhg1yU
YWZoQBYBDjg
YW_qDH898pc
YXGTF4I2ib0
YXc6NLmBQwc
YXj7_lN0beU
YXkG2QkXRhs
YXyAhsU6t4g
YYKpEv8O58Q
YYpVAXZWFXM
YYsEW63eZ8o
YZ8PTd8L1zo
Y_41s9BYOas
Y_CciA7cWuY
Y_EMkOKfgbw
Y_Hp9nkSMo8
Y_JOQ7Vh1ts
Y_L7ItzJNlw
Y_UY5fyYquE
Y_crzu9HRwk
YaIgLqemqyw
YaSPzCpivrk
YaWX3FmFtDc
YbHgw7wsKp8
YbLVC8QFqoc
YbPrnkDJNZI
YbaZf2x8Xyc
YbrAwLRc4eo
Ybuv7e0Vstc
Yc7vvPEyjq8
YcFxDcMdcvA
YcJYmPB2yWc
YcTn_D5P-Og
YcUVAypn_t8
YcaLRl2Utik
YckkWc82P0I
Ycm1TT61g98
YcmwpEXar6Q
YcyYUPho_zw
YczGyOYcSzI
Yd7AVsXctZ0
YdLieoyOCuo
YdXckPxOoGQ
YdiYIaoX3Fw
Ydu57jcLiqo
Ye60V6amiwA
YeEo4tGmYF4
YeGkijiXxt4
YfB7KT6Wd_o
YfPEx59NwRQ
YfQx6K2L2YA
Yfa6NXEOXsI
YfbmPsK-9ho
Yfu1JxQl8Rs
Ygj97MAkn7s
YgxG33SR4C4
YhEEvpqhWcc
Yhjktv_ZUi4
Yhvgsh_gFSk
YhxnoHmwhMU
Yhypa-jcWuI
YhzKJkOvmR0
Yi5Q5haajs4
Yi5RHkOfvOw
YiG6euVj3Js
YiI_BKZaloQ
Yiw5zS7WD5Y
Yj5rtYdpiuw
Yj9doLRM8wM
YjaDdoLql7g
YjoNzlEk220
Yk4mzWxMSJ8
YkI_gisLWfA
YkMNsBgBA1s
YkjoAcyN2NE
Yl1H1viSdoo
YlFXNIZbt1Y
YlRBylMJgJY
Ylla08CZyyY
YllpZx6fZZU
YmCxKt77fj8
YmGW6SQ48z8
YmH_7M-JLPo
YmHbQO8HRrE
Yn-Qwpx4lHM
Yn6neIGPnqE
YnecbA8HQXA
Yng5VRHkNeQ
YnnkDgq8bqY
YolbAhY9LwY
Yp9q-45D6Nw
YpFsVNNXTMw
YpRAA3HDA10
YpRhsLoTego
YpZDNu0JJvY
YqnbYdupXVc
YqqVFu7KFdg
Yr74aMbu0Ao
YrH41GaL-Ak
YrjQPc1Hz6o
YrlETqtkjT0
YsGj9aTHJ2A
YsSmoiVc_kg
YstADvEl7H4
YtGjb1msO_8
YttiFgAX7lQ
Yu7HYQI3wUk
YuHk4G8iXOQ
YuQGu8BWT9I
Yuh7lhqjY2U
YvMg9pfVrG8
YvOLPNCf3LI
YvgVda7zh4g
YwSy6uOqY9w
YwbIjJ2b1zY
YwzClvEsj7w
Yx1sErbD4iA
YxUIIupd0vY
YxWVcPtHAEc
Yy6JRczWFxY
YyWI5S1CaB0
YzAu-_3xY2M
YzDzLSkQYf0
YzUPzhtOISc
Z-Mi2F0x25Y
Z-SswnfiPZg
Z0DggUR2xg0
Z0Eg1BzggFA
Z0VSLFt4i-g
Z0tuTgUobhQ
Z1EO1bWwzGQ
Z1JFlyYSFCw
Z1O1BthY6nk
Z1PqNw6KpU0
Z1o1yXoBzGE
Z2aM_5Lwm5M
Z2bNiGa5ljc
Z2reZt68d4w
Z2tAhaNG8dQ
Z3AmnR7MM3E
Z3BqeSjMKLk
Z3oLcg6pN_c
Z4S2p1IeaWo
Z4SP3zEibH8
Z4lAvzjY_F8
Z50p5Zm4NBg
Z57uT0tObIg
Z5AyxQY5czE
Z5FW6oV4XeU
Z5Nkik5gDk0
Z5XMrikcaEw
Z5_Ofh8-djk
Z5lkhtlpjxs
Z5sFpG3sBCs
Z5zvMOPF--M
Z6XXe24o2OE
Z7UMpMjAOGo
Z7rP0_C_6uw
Z7wok9J_5To
Z89PYRouSR4
Z8X3tfgKqiI
Z8lxmJw6aLY
Z8oeqOz0f-A
Z8zbRgKNfEI
Z99cFd_vELc
Z9M7JXyZKys
Z9Z5xPhGHrs
Z9hW6nQ8kXw
ZARYZFljNBs
ZAVL2W4lcI0
ZAbOMn4_Lhs
ZAxqVt23p0I
ZAyF8Xd9GZY
ZBcmhvh4i4k
ZBs_L-8g8oU
ZD-C7Rp2lm8
ZDO0W_FISv4
ZDZmXCXMk0c
ZEHHeymP8lo
ZEKaRKgIfs0
ZEObXJQAmt4
ZF0CXqVojTw
ZFZU2OUn3hM
ZGEyLd-671o
ZGR6jCenlJU
ZGRawGDRbC0
ZH7FYzwulWE
ZIPBM8dK7Is
ZIeWLm9ta3s
ZIk_t_D4lrk
ZJ-qEc6eRuU
ZJ9YMYje330
ZJBYOrT_tUo
ZJQxgFcL5sg
ZKC2Sz5fisg
ZL-GSyMTKtU
ZM6MUSGUGes
ZMWrjXJ7f0M
ZMYx6QTXKQo
ZMnkNKdpTGs
ZNEjFlNCPgw
ZNWGA_Thr88
ZNyCY4prnd0
ZOEhBOM6IB0
ZOPp1g8abVU
ZOa2qpotukU
ZP34fw2mCjc
ZPFLR7CW-yY
ZPTqV1Z3vzc
ZQHghpqqdeE
ZQLBoehe350
ZQhovRE5mdw
ZQmmCmOQxHk
ZRITQqmiPOs
ZRJ3aTNbADY
ZRMDFe7_BLE
ZRN_tjq2kAQ
ZRNvb_VQWm8
ZRZIUUXIqKM
ZRimww0DN1Y
ZRlUOpkbYT4
ZS0_GNgXX-A
ZS4kdSxeKi4
ZSNFogaYa6M
ZSNj3DUe2pI
ZSPf1Nobvwo
ZSjZ1pDZtJw
ZSv2i_-eHuo
ZTDMpLXTpBI
ZTDhVzcMqaw
ZTN9As82-jI
ZTNyU3Esx1c
ZTWeIUItDKg
ZTZ6XX2Jv0U
ZT_ppaAmRKo
ZTcRNeLtnA8
ZUOSlwW44iE
ZUSWZDmrBrA
ZUTb70BwnG4
ZUikTguzHMc
ZUmd7y44Dvs
ZUxwXJUdvfA
ZV5NRMBf3zs
ZVChTXFg5G0
ZVGW_kHAgxw
ZVKMwJKb3c4
ZV_tgxYH3ug
ZVqxK6O5M3Q
ZWAncCKA28g
ZWftZZjRVSE
ZWg5p62iBZM
ZWuHoqEbxKA
ZX2DQjQArHM
ZX4b4KfmefM
ZXLbFMcMVBU
ZXoQfuzm0MM
ZXxzbl6p6tY
ZY-dgf9HdVo
ZY1cP1hdgJA
ZYUOUdn7iTM
ZYcd_YLdmN0
ZYfIqBiypHw
ZYm2P9hrtlY
ZZNmeSHaE7A
ZZUs_25tzCc
ZZcf_1naImY
ZZcuF2yaRc0
ZZkIiJVnZcM
Z_YbhGVfcm4
Z_kE5fPlXN0
Z_s67mxGNwE
ZaAUriiG2yM
ZaI6baSO6YI
ZaL_e8WgGWg
ZaRm-IjcyuA
ZaWya0_kAug
ZauzGajFSW8
ZbNTWo1uPxQ
ZbYBOw_lqrE
ZbfrnGoHBTM
ZbqPcJySTPQ
Zc42z3JwDDQ
Zc90c9FOtyo
ZckR57X-gKg
ZdcdjpYBOWA
Ze7q4RlkZTE
ZeBXx6OHQ1g
ZeCaX5Gjh18
ZePsRnSYgzE
Zf-lM6GA3pQ
Zf5RwgfwA9I
ZfSk4cZr7wQ
Zfp738N7ydw
Zfx6aipdpME
Zg8AiifxqeY
ZgIGtpXHjGo
Zh1KCLPqr40
Zh9bK2TgOCs
ZhFXcldkfhE
ZhZ_fJtRW5Y
ZhsMVwwhJcw
Zi5Z5uRS8kE
Zi9ExlxtDvE
ZiCt3dPJqy0
Ziak7mPBPH0
ZioYVNc6cHE
ZjTaSnfo-B4
Zjg1fAHUoH8
Zk3Z_BrH5PU
Zk9HycNFTTw
ZkBN_-Jor9w
ZkTxSJrBT0Y
Zkc0nQXRsmg
ZkzxI3cOlV8
ZlFVp9H7LLs
ZlqLt4XZy-Y
Zm-d0io3Lvg
Zm0ZJdZH9ZQ
ZmAAFJQLrx8
ZmAmW5pJhSc
ZmNs-dx1nfA
Zms6ZIJlUVE
ZmvSgGFQI8w
ZmxVXQ0zkZ8
ZnPLjOA6FZs
ZnWMaK8r8lM
ZnwpokWe1Ps
ZoVbT9QX3d0
Zop5_zFX3bo
Zoz4Txhbo64
Zp40PteeR4E
Zp9PhUKHUpQ
ZpKipjxxAto
Zpjc71Ez17c
ZqHbBQhpfsA
ZqJ86eiSsUE
ZqR8uDcCs-U
ZrSD-McLVas
ZrcBTZiK_cA
Zrd7KLyAS_Y
Zrn4iQHayQs
ZrsgdY39w40
ZrwTmvgtm6I
ZsELtl2n2RU
ZsRsOkimC7c
Zse-qwA6qME
ZsffIiN7hMk
ZsiB-N9uAyo
ZsoofeHM62s
ZswLfo882UA
Zt2wbGfBAbo
ZtaUd4Iu5Bg
Zu5HHV7Y-0E
ZuxniG1TtWc
Zv4ROQA4Pt0
Zv5P2gvasR0
Zv67aw-ZObQ
ZvP37h1z77Y
ZwaGgk30SDw
ZwacguNuoUE
ZweTRdV68gk
ZwgEGwXwO7I
ZwmLBp3OUvc
Zx2qZAVquqg
ZxHjJWWvv5c
ZxM0hxupV48
ZxWTTVGlJxw
ZxXYnhGXAWQ
Zxh9nwp4VxM
ZxxsODClwTw
Zy9N8-mqFh0
ZyICwAiqqMg
ZyLr7ZIzYyo
ZyNp5cgOIPU
ZyVli-LJ1yU
ZyeWGcGIQ-s
ZyluATgyPB4
Zz97DXF7vm4
ZzBhbwu88t8
ZzzwfI5s7k8
_-kV9shxvzc
_-oGmp5sjiw
_-wElHjVjIQ
_0-DWyq8tLs
_05ZFF5yuMw
_0HkG5QxzKw
_0INye2RfnQ
_0P6Thx3k1o
_0WORd4IvdM
_0mqGoasp1Q
_16SsA7enZw
_1JchGW9S5U
_1YUoo8Zr0Q
_1cz4bWmUrA
_21jNyF_E7k
_21yCYaJUqg
_25vOhimS_E
_27lC6ZI2U0
_2BA23Xksuc
_2Sznznsa50
_3Z7wg4YSnI
_3u1FqJaWvU
_44Wukl4SAU
_4Rj9blAmiE
_4nkBtKWLOc
_4o92dXSRUk
_5EZuygvaYc
_5_z3mg10Sg
_61d_dV2XmM
_6tz9UkjO00
_6zx48FglUA
_78YXceoqyg
_7A1DqqAZw0
_7L94EC7Cgc
_7okc-t8WkU
_88PFuTjRsI
_88XWe6Z2aM
_8IKcGkw__c
_8JIcfInkDI
_8NeLWQ_56E
_8XJ_tEmlEY
_8dZrfmXfO0
_8dbGWdF_tw
_8hfF6l8Iy4
_96FN0PslZU
_9PYP_Tw0JQ
_9ahW-B7EjM
_AEfkMtPtYk
_AOtwkYLHvk
_AqLghebv9E
_BMiEardt_U
_BRvvVDhvGA
_BdbGTMRKdc
_Bg8nkUd7PA
_Bm6LwwuSnw
_CFD3Trj1DE
_CWU3Hd9m4k
_CZomjXLEKc
_Ce65ECx4kA
_D1EfNFAAIE
_D9Z3mVbsdo
_DX3hNeNZ-o
_ES-CxjMDl8
_Ef4lgfYUbo
_EqJv6-3WE8
_F0tWzAR420
_F73Zk1ILWo
_FApd50bbAQ
_FB9D5g3g30
_FWVtQRa1ss
_FavyKIfB1Q
_FoJslkV-Gg
_G4r8As1GfA
_G8IoIEs3Yo
_GQ1QzbB-Ow
_GVl3uf8-d8
_GgFGxSc9dA
_GpMsU9vuLA
_GwXWmE_I0A
_H-jKV-60NQ
_H8ZItcPxbA
_H_99LMdGww
_I0mLOXW4gI
_IDQS4a12zI
_IDn7jgmgv8
_Iz9E-k8YO4
_J01izTlZnY
_J3UQV2EVNc
_J6uxRVs684
_JAWJ0oBilk
_JEz_4pFDIY
_JSSN4oLyHQ
_Jo__NILsh8
_Jsgzkjxras
_Jtm_4W6K14
_KO7FsVRt-Q
_KPbBWE_VR0
_KY7z1ogknE
_KkU87gYV5Q
_L-lNW62vUg
_LjHnisNmi0
_M88uzH9okc
_MMp2JadtUs
_MV4kqhztc0
_Mc2q4fvn08
_MdDSj9bVoA
_MwNWJYu-hs
_NIV3CPXQmI
_NLtuu0VbLU
_NT2iglm1IY
_NTgjw90osg
_NoihoK92Jc
_O1n3Oy75UY
_Ob8dx0THJI
_Oufkoyk2UI
_P4fjecImlk
_PCbG4KOv6s
_PE_j9qaPX0
_Pub7xkozSQ
_QAB8j7yQJ0
_QFYH400OoA
_QZjJ_SrQHA
_R8W4yRHN3Q
_RJJYRCRdzo
_Rl1i4GaKso
_Rt0XAeWGoc
_S058a5_Q2w
_S4HTBDh6eM
_S5Qw9hyrMM
_SC_Ki8U2ZU
_SJPIzpXtx8
_Sy524Aa5bE
_T0qKWJj7vI
_TGU8ePn-OI
_TJHpx_13Fw
_TW8O0LJpY0
_TgxXoaYpug
_TooMltG2Vs
_TxqSSGKHyE
_U2pTj1Vcns
_UISyz3FxiY
_UJ__Ngfky0
_UKmU5xudNU
_V3O68VaeQo
_VBIqpQtvak
_VaTDRr3jtA
_VruijlOpIA
_W4nTS0VYpE
_WJhm2jXidA
_WWttekKqII
_Wzliz6NdTc
_X-cefTLabs
_X4IHYFji1Q
_X735FtBmo8
_X7m94Xq4_Y
_X9rtqm9FV8
_XPcOzi5BZQ
_Y6lPUuOqSw
_YRBAGjqvEQ
_YvkREfXcu0
_ZCznLAlAK4
_ZFwr0gO-WE
_ZqjByEgSCE
_Zw86OerXQg
__TJoJECLRg
__XyAP2hshw
__dU7pKU93Q
_a7dFSZqaOs
_aLCK8jBPAo
_aPEwlo_GwQ
_b4VY_OnuMw
_bO0laJqFto
_biZIqlIjZY
_bwM1vPE1Bw
_c7uKtr7j5c
_cGy71l8Syc
_cYNJY4X8ss
_cYwCHP18fI
_ck8G6NGKsg
_cnWL31ZXqo
_cvooclDkYM
_d7nzcoyhtE
_dF9SJ5RA2o
_dNTzqMRxXo
_dOb9yl45C0
_e-MCpyZ3C0
_efPg1MqBS0
_ewS39r912A
_ewk9XEwuEA
_exHUk1-EZk
_f0a4HhDlAM
_fFYmnS11LY
_fW13nIReKg
_fZ-ZwYmINw
_fvkIG_aDlU
_gIHlT-Z97I
_gegToCT3ak
_hMusp7AIuw
_hkMxNoMCrQ
_i9P6OSqFvE
_ia2R1XdUoo
_icbrKNgtsQ
_ietRTz7JWw
_j3si6TX4QU
_jIwiG-mxDo
_jr01xv5CZQ
_jvW3tl7JuE
_kKDvJYxWwE
_khW0_BaC64
_kw9DbAf6iw
_l-x2B3tpgI
_lU1yGYmI5U
_lU6M997Ivc
_lXQ9ba6LZw
_ljLnZROzCw
_mW6spgpSVQ
_mdfgZmOv7g
_nRscSz6DUs
_nlLig8--hE
_oSbZhapgSo
_oTpxcZEtVc
_oYQN5aebnQ
_ojHfJV8avQ
_ol46ocrxH4
_om1MNWj0GQ
_os54-9kDWY
_pSiTsv4bcY
_pYUcvM8VCI
_pyC5Ci5xyk
_qFOEN2Ovcg
_qFxWXny238
_qReU-lMAZs
_qVGt8GdQHc
_qiQEHSIDzc
_qoN35Nxxyg
_r3we0VNtt4
_rK4OgASvpM
_rPAIb0fXZE
_raXgSJww48
_riKixx5DF4
_rziVLOjLdI
_s4bW3CYeNo
_sA0jeSIVck
_sAX0Aich2I
_t2dhSPeiWI
_tAJq1RwxlQ
_tORc940fFM
_tqn6aFC_j4
_u6RxsITqRc
_uNkufdeNGI
_uSHhjddKg4
_ueh9LBVH80
_vG_hEMinc8
_vIw2Giz2Mk
_vKwimCNl2A
_vaXdIOaYjc
_vqRUIA9wGY
_vt8dAzCWT8
_vvIoyOLuHI
_wIs6zb1JX0
_waDI6qYsoI
_xTM10lQdUE
_xdVdpYOauU
_xgK_MfO2ow
_xhzipL_1Dg
_y38YwtT2qA
_yBoH-2MrSs
_yKn_5_z2xs
_yWJOm4ZKwA
_yXNvTK--HM
_yunX43MH2I
_z5TahJu064
_zc5ZchK0Sc
_zrdqPIQ06g
a-HSsYRgUwY
a-JuUxBjzx8
a-gZQsdMVWs
a-ibbfW8j4o
a-xzaN3mmD8
a0521eQncHQ
a0XnUVgpu3k
a0YUWBB0xgU
a0ZfjEm2ez0
a0gi1jpFieU
a0iF4coC41I
a11udGGrddk
a1jSRhuVdzw
a1srQ4XE8ko
a20_Z2OPwLw
a20vtlngSno
a2Tc4ON2NZw
a3jYQLu8Hxk
a3sdOe5Y2ww
a4ckMdmWhs4
a4dfFQrYOnY
a51xf6LECow
a58TLTIcnXk
a5Y65xlWFOY
a5xs7QkT-s4
a62Y4fdMomk
a6BxtFNCkWo
a6LqALpDGUQ
a6WjFwe5Fbc
a7I5NRZUgP0
a7MIX2Gr6Bc
a7Q2czoyyw4
a7TJPL3KAWE
a7Vd2Zz9Vs0
a7YXaYUcYNk
a7aWxOsn9kI
a7viWSU_TTc
a8D3x3jxCzo
a8Mlem-JAjw
a8Ru-eASFuw
a8SpKZ1fEio
a8meBAi98PM
a8muaMCMOZs
a9CPfMSAFow
a9F6VqDTyqc
a9LIO4pNejQ
a9WzdFl0eUs
a9lp42u_S-E
a9uEin7J0tU
aA3hjitDYMg
aARuoa2j6gc
aB5CumdWO_k
aBn9_z_xcX0
aC3CQsggpx4
aCA-UbSD2ak
aCZCJ5kMwtk
aCeubqFdYZk
aCs0W2PR9rY
aDCT5sGSO9Y
aDFQg4AHHPE
aDkNEKDLoZQ
aDl5qY0Pw1g
aDoLKgiVwBU
aEAiCzUsZK8
aELv5UUY68k
aEgKIq2GTG4
aEzrZ3WIk-U
aF1q7QayPyY
aFBkjT80JSU
aFR_5pHfcwg
aFmz5dXSRgo
aGCfEHO2aGo
aGRj0xDU1MM
aGVjhlpUyvA
aGXbXdK7C3U
aGnBBQlRv-s
aGws2jtq9Zw
aGyLgs9gWGk
aGzmHnZxsJQ
aHV4Vk4ryRc
aHVpYp4kXek
aHmJERnjbO4
aIBe9tguOU8
aJPJ_ltfUuk
aJYboBSyoqQ
aKZChXc8MLo
aKpy21lC3CE
aLQ49cB1iPo
aL_CAqSbWB8
aMYBOF848aA
aO7gMysoKtU
aOEEvszlI38
aOFtoNASfdU
aP-_hZKhMyw
aP7_ltdbYWQ
aPWppsBGxKk
aPfkApX5bBI
aQ73Y4Cmy_8
aQGizmIfB_o
aQdeJU4_Q10
aRDCIKhjQSs
aRhc8HekY1M
aS8fnyc0v5A
aSV95Qh9lMk
aSdg13-cLio
aT4A9UMSTfA
aTFFOV1VuHM
aTYLWimB6nc
aT_Eo1X4WBE
aTmGDy184nc
aTvTeerxpT8
aU3jSpy7704
aU_fdWrBYZw
aUgGri3T9t0
aUheyqB1Rn4
aUkaNXyJLcU
aV0c-m25CWU
aVLBwf_3CgQ
aVOZbo-aQRY
aVmtubB9Hi8
aVuMoalPVqU
aW4fnHzPSJc
aWKcpTy8GjY
aWMqA8-KB40
aWjYj7UE4-o
aWpbCJTdCEE
aWt4WHdyco4
aWyZ7_znDWE
aX2WB8jsX8A
aXUGheRYWEA
aXfHaUiGRic
aXjHOoHqnAo
aXla63XSJJg
aY7qfDIujYQ
aYvW0PYc1DU
aYwON2WW7jw
aZRWokV1Gcc
aZaDW4LDTYs
aZoEbfZNxC4
a_F2ET5Yx9U
a_lF_oDm1iI
a_oeMhpT4c0
aa1N9ZeM-iw
aaIEMcqCtpQ
aaMQA4a48WE
aaUGjqEluF0
aabU00FwA80
aau8w9KkP7Q
abBRaSqaQ38
abCKjsrrxlU
ac1jyZQwjRo
acDv1GtOXwE
accDvAksPMA
acku-IEzdVI
adBIEVsZTrM
adDsX0XCV3I
adFd3kjvwDY
adJQbCp_CKM
adkOgg34724
ae1QxP_Oib0
aeShMwQ59Wg
aez7MPAGbNM
af36tCSp9WY
af7hab7uOw0
afbYnVkcTsc
afgE7qRiMjc
afn9sBQrFFE
ag0c5fQ4bqQ
agCZzSEXlpQ
agDwJTbq0FU
agURilTgJnQ
agawWo-PeUs
agntWG73PqA
agqcAN-c1ck
ahKv8cQuHnc
ahOk-dNd4x0
ahtCJPB3Ayo
aiIkRVS2Pbg
aiWjkj3M1So
aikIU6Pvgeg
ajKtU7KyBbY
ajsEKaIsUo8
akGjhHKg4q4
akVx5Ys0HmQ
akZvH8yWWEo
aknDctYYZw4
al2fCO32Hbs
al5xyEvhqL8
al9bpUKcf2s
alEIuMn9SjM
aloC7Z22T-U
amI7r-r9KIM
amaeoLMI5Io
amzgKB1BWmQ
an3YSv-rnLI
anNAyOn2sRg
ao-xnMdlWKk
aoF02aL_XTw
aoOB_BBt1jo
apB9GX0MKIM
apMrJbwXWE8
apsFlLnikT4
apvgZAazyAc
aqwBScFICUQ
ar-X3B_ESYA
arBmFawytO8
arMNrGyIfDk
arQoe8HA4Jg
arSEWy2oID4
arWgHzUT8b8
arkyKTKkFPU
arrqGgnosbI
as4sPKprdN8
ashpMyOqnfY
aslcM6t_9GE
aspUuk0IeJ0
at4IpBPgUjg
at6IH0zcVQ4
at6Ppup4cx0
atRgAuBLM5Q
ath53LAkrc4
atiwTmIPrjs
attB-tA7rDM
auFSs0McvnQ
auOqXtRJNlc
auT4K0fnoo8
auWQulQdAyE
auXJyBBwGFw
auY8DfNqt9o
aui8ewH_VH4
auzecbRvbXM
av5UxLUXUA8
avDO0AgbdGU
avMZFBNYZSA
avR-8ZuC4Hw
avljIr0t3jU
awK-5-zqzt8
awLBhYVWG_Q
awT4yuEriTU
axEDPTRkE80
axJT8a1b69Q
axoM0C2eRNk
ayCGRyG3gZU
ayDcdbLdEMA
ayI09Hpy7Sg
ayLWBAVGLnw
ayYxPKAZVFE
azCKD9IE_JE
azE93vBIJM8
b-NItmw2Wb4
b-Prw-uHoT0
b-_r8RDRXCU
b-cUa9YC254
b-vcIrUUyXs
b0C1uvMsSgw
b0MbdapbjO8
b0McIKZUIps
b0fUnT9DRFU
b13NTZLXZjc
b17jIPTeFTA
b1hilh10fWo
b1jYDCPtQbQ
b22kadLmBNk
b27QDeZwHFo
b2DW9nGjDE4
b2X6Xo-tz0E
b2mMAPEv20I
b2nWcWjs3YM
b3-AZcf-oJ0
b35OeR0RQeM
b38_YtFd5HM
b39JrhAZo1M
b3XagUtazTY
b3YIiTBQXfY
b3d6birJqrs
b3yeFIWHTS8
b4Gh_tIP2_8
b4Xj4ZCIN0Q
b5-aM2i-9jQ
b5HolTsd2oc
b5NrnSpAGu0
b5VbWaZuUMI
b5XX28-DjJQ
b5ZAOAYwpsE
b5deKAhJz3M
b5kF9qCbLSk
b5lPmTD9BOY
b62agCZff5A
b66cBHJbv60
b6H5tIWq12c
b6lVD3_FIo4
b6u7QcJ_fxA
b7LeTQiXWXA
b7Rx2Ju-xQ4
b93OeT9fBrE
b9CbE-GWviQ
b9OQOtJNRTw
b9tpWuy4GNY
bA3gCJJC2IQ
bArHws9UttY
bAxOteVEVBo
bB8yXIfrdS4
bBMo-QQsHK4
bBhB0ct351U
bCtaTltBb5s
bDSkmxEMTtQ
bDv-ho0E-no
bDwoipCqhEw
bDzMmiRmLSU
bEFE1CASEDg
bEIEQAfs4l0
bEZrxIE3dsg
bEc9pF6XfpQ
bEcUs2m_gCI
bEepi-dicJE
bEoUZ61WxdY
bEsA8baqe94
bFKUVy7v7Nc
bFbS3OuIdAg
bG1Q_O0_Yys
bGMiMbEROTM
bGfDLgk7wDE
bGgQ5XIeEpk
bH8j5z-_zvU
bHGeug8HcIE
bHOoomXx9S8
bHXn345-JBs
bHg5456Orbs
bI78KD-TIDw
bIG11wGROkU
bIGKcHkIe5A
bIZCnaqrujk
bJ4iP3DcvLk
bKBJwrLa6c4
bKFYrmvTa-o
bKJQVKiGp9s
bKOT8MJMm4M
bKVw8BFLSWw
bKpv9r8svEQ
bKu8lNjmjpk
bLXTaAEMNuY
bLf4aLnatM0
bMHyW7lpNbg
bMMKKV_x0fU
bMN9pIB675g
bMYZFF_6Y2s
bMowilwB6RA
bMuibGGQ7ZE
bMurFvPfLIw
bMyoM3DrHtg
bNHyyTUYDyM
bN_sZUDswmI
bNicJvWweFg
bNwRWwx0nR0
bO8ZqLBKdlg
bODRgu2rEcw
bONaW3K_0lk
bORmP3eP3N8
bOTDP0ZKh1Y
bP5F7Z0PQRc
bPIaVePm_OE
bPMmyMOrZAU
bPyuoQpsYWc
bQ5-o5Z_cLI
bQFN7VZ3qUU
bQT47zEBVPk
bQXvn2oFyxc
bRXxq84Vdmg
bRkor5ka73A
bRrkwi_pdOg
bS2iuBpDxxs
bSD30GGHC7Q
bSfc1ONEocU
bSnuRom5kng
bSqS0BnzFX0
bT2qSej9Hmo
bT3IMTuzCvU
bT4EfcACP6M
bTbBL90vk_I
bTl1ByVMJm8
bU6WI0FH9KA
bU6ZHuRifoA
bUZz0M11j_E
bUtc7gpNbtQ
bVFIYSpwAgU
bVGsh_1X8VY
bVhVNuCk2xg
bVnOEtNlR8g
bW79yW9C8ZM
bWGJ1fVLXgc
bWW4F3tM_IQ
bWiFbPF8Ci4
bX37AQwv838
bXiFJkmH3hM
bXuoBAP9GOI
bXyTwachWYc
bXzSBILoMWg
bXzWk4-mXgM
bYI903JkEPk
bYNsGTct3xI
bYQg0koMJss
bYUSjrlhPas
bYZQLF63h9c
bZF_9NwmXR0
bZGtI2CnBZA
bZdbyGAtcYQ
bZeIqEMEq7Q
bZhPOgp7AeY
bZqj8VDK-aY
bZtpbYleKNw
b_3zZqQtAYI
b_A3nzyUOgI
b_O_XhddQnc
b_ZfxlU2Y2E
b_fVPZWjZ_I
b_hbSmfrLcA
b_ktsWmuxow
baB4EA15drw
baFAe6zCU30
baTtTL8EJKI
baaaIe87uT8
bajERaXO0Rs
bbAAx93vFnk
bbsN1DbDZnw
bcCeuGfhOoc
bcIeaX805Ws
bcKQGgewplA
bcM3P-fh2l4
bcPBQiYgKq8
bcSiGbrRMPI
bchsgv_BkRs
bdBEzXWihOM
bdaHNIL0Fm4
bdaqBrJQsHA
bde2IaEzo9I
bde2lPzHFQs
be5R-_Vmi2I
beE9w8GhvS4
beQjdOJ8Y0o
belbvFJuF0k
bfF36f6FJUA
bfFxffoEGB4
bfY5vfRF0Xc
bfokuTsbZJU
bfsS0Ay0Y6k
bgAoHV8jesc
bgXAMYad698
bglA-24QAMM
bh4VuZIbRXE
bhO17V2rU2g
bhRj60uk6_k
bhUjqW38Sic
bhytEOZsVEo
biMCnUCwXPg
bim-4jkvW9M
bina_YZckm0
biwCvT0V-Jc
bizOXAuxEJo
bjCHv7dSx3U
bjDXGt7Qbsw
bjPwn3ot6oI
bjV7jTY6gw8
bjgzjHtoLkc
bk3Iuu7MpsA
bk8w8pWJuD8
bktCfYh9RdA
blI8F5rlER4
blPWjgSSDrA
bl_cd4kthD4
blxzGWytGn8
bmUYvY_15b4
bmccCkP32CU
bmf_YGElJ3s
bnkcsNwEYyw
bnrJQoAst9s
bnum_Dy_QyI
bnwbEGLxK2A
bo3ph18mCMA
bo5YTK1l7ZY
bo7ALXfmL4Q
boXbx3FXWfk
boYX1npzR3U
bogM4Cm766I
bp0WLwv9zyY
bp94rAyrx9w
bpB5FlVCcSY
bpQf_hnpXu0
bpWm8lpM8ok
bpl3HP_qFV0
bpsf9FynGXc
bpuaKTHctpU
bpzwbM8tIhs
bq716brudYI
bqBITBpegUs
bqITeaBJx0M
bqpeVuRXsKY
bqqF7XKjqJs
bqrHqoxpG14
br0WPeMQWQY
brGhXIEfh_c
brIZaIujRog
brNKZDYWpXY
brO4bBhmqQA
brZVkv0p7XA
brfkw8XReqo
brwo_3ZF0BA
bsKzx-Ha89U
bs_jcCB28R0
bspciili3L8
btIWj7sdh98
btLj3MG_kHg
btMia54iW5U
btQu5-TmpUY
btYuQcEntlk
bu-BzmqHO6M
buZZ0yc5N4s
buZjCdBBO4Y
buarGmcsimg
buoqs-it-bg
bvG336q6Qy8
bvjiNBq2wzY
bvttBwKS2kY
bvx0BcGFT4Y
bw9MFj_Klh4
bwK6ZJzmf6g
bwfbVtci460
bwtCr6WCBGc
bx0ECM4EgJI
bx8jsPpyVWY
bxBTTkQ1Sio
bxDwI8OhEog
bxUcDHuTXxk
by_cxuxYLB0
byawG9mmMcs
bybCNilzIyQ
bynYZCel0rY
byogUIUs8MI
bz0-1Skcxm0
bzM3F7FaJuY
bzRakvZWZ1A
bziOeEPhl3I
bzwzJ9d6udI
c-4Ie9EK_-A
c-8ZwwoSAME
c-JsPjwJLGY
c-dOBP15KsY
c-fYAccUjlM
c04EhxQiDzw
c0DiBBzxFnM
c0K2COsiEGw
c0Pt7EnanA8
c0kJ38PSLoc
c0zr4V1tbZw
c1WFFtIlY-s
c1dZdtDWVSU
c1k0lZJdga4
c2-0zcgm5mg
c24VO3XSPZw
c29tViMiffI
c2Bed93_cuk
c2_7Q0_K-n4
c2hrZQAJphQ
c2vWQQ76KCo
c2wT7YVjlbw
c3-CNwWR38A
c34KWQp8j_E
c3i6-IrxCc8
c4GyJpEXgws
c52Uh9SvIGI
c5VlwJohlFM
c5ooLpeKSQo
c6LRfknHhCc
c6PSwihSjK4
c6SMn6FFipw
c6kdI_zHH1k
c6rTLOx3vsg
c6sVjQ_8S7s
c7OjqEZdtgM
c8DuDn8T0VM
c8Jqkzz2XEc
c8NkYtt17Hg
c8lO7f0qbDk
c8zHi0FDk5Y
c9-4nxcjHOY
c9Ew0mQzBEE
c9a_Z3Lq9_c
c9r504ZTymA
cA9bCwwgHKU
cAoHiJE28_Y
cB2hI7_MS2Y
cBFrERpm9gI
cBK0SPw5d80
cBufUCerzIc
cBw3atmTqaQ
cCG95y3Ge-w
cC_LMjniiI8
cCjGbRz1MJ4
cD-fdfQo1DI
cELxiyaAyLE
cEN5Dfsr1fw
cEX8fbhQpuA
cEayScZOHIQ
cEnz-y1Pk7I
cEtVWlkDHM8
cF4ibb4vtn8
cFIr_U4ciDk
cFcJMWzqaqg
cFeVsauMkoM
cFt541mOQfQ
cG3OF0AC8mk
cGTycqyZ8I4
cGb5kgahHZ0
cGhWlyVVO1U
cGi5SHzDi-8
cH5J163KmBo
cHF3JmqdofM
cHmw55OXCz4
cHrPzMAGS40
cI62UhKpyF8
cIJ7lK7SV1Y
cIOH6WqfowU
cIrrCYIO-Zg
cIyHTJc7Bqs
cJDfGJh-vRk
cJbPeiY71XI
cJj_xZAbd44
cJjvl_e4cTo
cJr338nd85U
cK1ED2knTKs
cK9WeYCVYQA
cKJs4mDVVeI
cKQlpb1g30Y
cKcnM0rbu4g
cKox31kOgvQ
cKq13v_Ov9s
cKqjrRqDKik
cL6GTpyqim0
cL_zcpC8EuI
cLcPLfYWs2s
cLfMNnK2Nds
cLk2tDxz4pU
cLqrrhnf7ng
cLz5qy-wVBI
cM66gEZ_n8U
cMMVbHCTUPw
cMe25cSMDVI
cMmk9RgzueA
cNcQDpIal-g
cNj0EAp6Vos
cNj4n6NTWxI
cNtuRkPU02w
cNxRcUM1vFY
cO-b_GZr20U
cOLC16tQNZo
cOnCwCWQurY
cP62RZx-3Jg
cPGCvEwudZA
cPdQoUaRsRM
cPiptdFBQMM
cPkpiYvVHRY
cPvnVIYszpo
cQIHxk-vG7c
cQbGar_R7Dc
cRVv86Vq3BA
cRf9aaEIXn0
cRkOMDDRRTw
cSJjXSkgCx4
cSeQR98O5XA
cSjQzgyHVhg
cSxIkDXm89Q
cT4v3m_WLd4
cTGzy6yItOQ
cTQh6ssmi28
cTcpRBQbnbc
cTpjgCb433E
cUMXN5aEreY
cUOVpbJ1RH0
cUet_E8Oonk
cUo4QuoO8oE
cUzSaB_foPw
cV1hjCJbuhE
cVE6W3iE4yw
cVWYjzzD-pM
cV_iyFwTUeY
cW18rPzQldY
cW1xcz0P2Hs
cWgx86S5aGI
cWzOx6LCk-w
cX7jwBwtMNk
cX9rYRKVU74
cXBBDR79pIQ
cXn5bkCnGk0
cXvjdF2bnR0
cY1vo2qUNlU
cY9tQqvLnhw
cYJSB-YGFO8
cYf2mT7UP80
cYgeUDwO1K4
cYr1mUcz2fg
cYuA7EYu6Mw
cZ0UThY9PPo
cZKeKszHy-g
cZOmPqCCX9U
cZX-58pBpho
cZ_wZrsSbLM
cZrBcR4pLBQ
cZs434Qb56s
cZz4705Sx1s
c_9oMkFc-nk
c_FmXPPe5kg
c_rSF-vrorw
cb-GZlhK6y0
cbHOzxlKq_s
cbwHyPqUj5E
cc47HHVt6nA
ccVXWgsOxks
ccrQllgMwiQ
cczejQAtCDU
cdF6EbTlZKk
cdNlnAuqC6c
cdQzzuYtvvE
cdide9lvabg
cdvYBltZNvA
ceABWbCk4Sg
ceDXnoAZQcE
ceODGM_0FgY
cei2xMW-SIA
ceuGMiTMims
cfCO92dNSn0
cfThTCxy8AM
cfXO9QrRiHY
cfgXQ0h4snw
cfrRLLIQYwQ
cfvvS5QyfC0
cghwyauksjg
ch3Ga6oJ-2s
ciOi5GsV4iQ
ciQ2YRe9As0
ciSprEgV91s
ciZ65DOgLZg
cip7aOkBnmU
ciq7J3XoHyY
ciy1XLt8eYs
cj8CaYSQm9E
cjMyeOX8wWE
cjS6kDTaVsE
cjVqFcbt3No
cjX3knInYgU
cju7Ox99Axk
cjvP-9CcWaY
cjwEuZwcCAs
cjyH8ZHSxgk
ck8SpinHUvo
ckkx24tY9ws
cl3p3dYG0BU
clIiZMABFxU
clJc4KIdKyg
clN6aiqcLZs
clcA0Y2I0sI
clzcxa6qW4o
cmU4Gs-rd50
cmoEntUP3V0
cmqP3F3na_w
cnAjT9qIpFw
cnVBu7eJQn8
cniTnpDoh7w
cntgiyxD5hg
coBWixlzb24
cokBrJIYBp8
colUSTFhF6E
cot6iblZqko
cp0Y-5COVXo
cp4HphM89JA
cp5m_XiFO74
cp7iPFgR7ws
cpGbNe5BUQY
cpJimWN8Ihg
cpVOrHFXZj8
cpVhckvpzpM
cp_nkMiJ_-8
cpdAPs2zrUc
cpfwCl5alqY
cqCXx8hUdIk
cqh9Q3SHz6w
cqp0TNAuko4
cqtln5-IS74
cqy9-tq9ldE
crlqj7EELJI
crto-f8jgtg
crv-HiGFg-k
cs5uT0WIsO4
cs94lWRoXZY
csvirLAsUF8
csyTcKyGEjw
ct5-cnuChKo
ct7Iasg4ETQ
ctHSDozu-dQ
ctdQvwHxbdM
ctjcddyfLvo
ctltxSMN0t8
cu-XN9JIDQ0
cuXlaWMKcSQ
cv1suICviRw
cv9UnxEUA4Y
cvD3pT7AiTc
cvVc7BZjLwk
cvfPGo6To4A
cvtJPnLBvFs
cw71uzZuXrU
cw91kjJ_Aqo
cwEUVHfDwWY
cwNy4jdfSP8
cwUDpoUGEuI
cwY0y8xn8Z8
cwZ-Mcwu-Gg
cwltfSAzig0
cwq5iR6-4AI
cx0uUlp-wrE
cx9d9tD3gtI
cxF66hBnvzM
cxHWrXRJLnU
cxN_xzylP_c
cyC1wwWCMFo
cyia8CIXIBI
cyiwL0i4nEY
cytEooA2Vag
czLrAdPfIAA
czOpfGXMNIA
czYjOBT-J-k
czlKkozCFb4
czt10k_AVCI
czwH7eLFx5o
d--Tx8AvsqE
d-6Sh14f2Z8
d-MJaeNl6b0
d-_3phePt5o
d-hvV15zlpo
d-rrvuy5Y8Y
d07mrmKFbms
d0B9Uq_JYqo
d0C25nGboOg
d0L7GG_4a1Q
d0PG9BZe1Wg
d0d3TAq-0rI
d0g1fIJIs88
d0lTRl_Fnyk
d1HBXE8Azk8
d1mYN0ewbVE
d2MRzU0vPSU
d2T-mYXBjrY
d2Y3Yg2TXj0
d2aQBR4L4Xw
d2kGo40keds
d2mCb-QSmZk
d2q7r9Ou1pY
d32mqyPUIy0
d39qfgQ-MXo
d3K_EOKtJn8
d3Twhecmxes
d3bShMwI9GY
d3nq4kc63gs
d3oZIZVomCY
d41-rhGl1aI
d46oXnl0eVk
d4TP1DENGCY
d4k9bIgR5vM
d641PQkpfs8
d6760h4xW9U
d67kZOd1rXA
d6IQndtruM8
d6PwgK3F7m8
d6eCSDQ9zQE
d7-JN568j-g
d7AUoRQw6LM
d7MVOIOccHk
d7PWdvsv3xk
d7ZKOFiwws8
d7f9M540IBk
d7tX7EkdyME
d81MSi_Jgtw
d843-ZSLlk0
d8CN64nFWjM
d8YICc9JP9Y
d8iTo2AJNQk
d8jt-p1x8fk
d9HgL060thA
d9KZ_6ZHzVk
d9Ukmw2ZXfM
d9iZcQundR8
d9xeYJCjJLk
dADMCmQ7KQ8
dANsTf4D4jA
dAgQmL6M1rM
dAjtuVfuHVk
dBIsv3LbhHk
dBQ9O3oP0fs
dBwLEsxQJns
dCNZf7XezVE
dCSxP7obzGs
dCfci4Bd9oY
dCsRpsV-ljM
dD7LF6kuZ7c
dDIPVuPeCeo
dDKAp7Bfbi8
dDhft13CAPI
dDkRW9HIdcU
dDkca0lnaaw
dDmriO5Qb8k
dEgvQuJW690
dEv0pToTS_c
dFTT3mWf_aY
dFUCHgXSPhU
dFZ6OkxUfdc
dGWHshayCzc
dH437frE3GQ
dHchwTNVWEc
dI5QU1s_uOE
dIJy2O6Xegs
dILP5MVyXfw
dIOP9iYCwE0
dIV7bGjVeZ8
dI_1R3vx8Kw
dIqqkG4qYy8
dJ2nUh2N6ns
dJNxTGhFSjI
dJdTyX2JvEE
dJeLtRbdwYk
dK8iIRptvwA
dKKgcW0-R-Q
dKU2Wv3ea14
dKjNTkrPWU4
dKy10Hre6XI
dLiOYPfzbqU
dLn-lcBptZY
dMBDjRP9fs4
dMO3nQAtDSA
dMR30CacpBM
dMfl0TdwZ28
dMo9an0Y8l0
dN5LuEKNMJI
dNGN9rKDmfM
dNOTS7J5atE
dNUxN-IbFxY
dNdAlejamTk
dNnM9iZ_1Wg
dNtL52OliMQ
dO0aqVDT3Oo
dOCAg4h-3hg
dOHbGAUK6kA
dOSG9o48GYU
dOT2abzHQhM
dOjM54l81ss
dOjayHUj4Fo
dOwZERRsTyA
dP6UR9Xx8iM
dPLhmURVpbE
dPTEmX_urZY
dP_ovczU2pE
dPalkalqmdo
dPkdr9JBxfA
dQYtiPR-spw
dQzj5P_IWvU
dRwMPAZOiUc
dS9FtN6zx1Q
dSFxc8SRZjE
dSGxXctk4ts
dSmFz4VHFUk
dSu-tgH146c
dT-hphWHKEY
dT9t5JgEUeY
dTWUNqE1dg4
dTbJVorZdO0
dTbq7d8hFyg
dTv_Utu3ynw
dU67pooMz_M
dUg34iiOn5w
dUkYXN7KNBM
dV6w1P3I2ZM
dVDP3MKtk0I
dVGv4NosUY0
dVbzzgOExc0
dVffAkkX75E
dVgMEFKLe80
dVs50KIxriw
dVuVpVJcteM
dVzZm5oJBHs
dWJEuSpVqGA
dW_gHody3vY
dX-5HqKL2UM
dX-EL8Va2OM
dXNWtCKl5WY
dXPdBspQ84Y
dXYDydPNoN0
dXd9vPT32BA
dYWjx-OaIjs
dZHpoZFDQOM
dZ_c4QuPoOc
dZ_dneJCOZ0
dZp6NZB9I6c
d_7zu_L0IC0
d_JrRA9wPp4
d_cffaK1R8c
d_mcVWZVxJ8
da55Q9vXQFc
da7mKWvYJYE
da8wexAqKi8
daa7QhIZY4s
daa_Ez93xp8
daiCIZm7S4c
dakQyZAVajo
dbB3qFm28Ak
dbPbT_c7vw8
dbpy5qctgm0
dciq0omHPUs
dd68pl6CkFQ
ddciesPIWy0
ddsfEFVvdXw
debq_dC_ru4
deyazDl-neY
dfFGGUrUAbc
dfHXn5SI1j0
dfNolfdHnAo
dfR4Ch3LBXs
dffzIhXUIo4
dfh6CvWLCrY
dgAhF3CW_1E
dgFKdT6kWv0
dgNZm-bM5wc
dgQSaNJWCg8
dgYKOenQMtg
dgr1sPR7pqk
dgx1XCvrzgs
dhBdSdn12wk
dhg0cWS2ako
di03s-IOvOo
diAQxIHCooc
diWuf5XtgDM
ditzDwNszeQ
diu4_8MC8qM
dj0vdBWQ9lw
djLdLpaXrDI
djak2bVG1fk
djtXKbMDC3c
djtqCH9EH3w
dk0NKkZgBSw
dk8t-waO1-0
dkBStXkq7ug
dkKM0XjnlKU
dkM4AlNQYvk
dkpqGFo39WY
dksSXgGWURc
dl5XE78wYcA
dmBHfFcVlps
dmbRUCIQNZ8
dn091vU2e9s
dnfGz4KvKaQ
do9dHmiPdHw
doJKqVc_Nss
dozWQtkXvMc
dp3iNMzcMpU
dqCI7c8bNr4
dqDmfXjoaMU
dqO2yv-QQ5I
dqd-6JQVpT8
dqstazQD1Pk
drOhfdzkQvc
drbjaRK9bNU
drzK6JBG19M
dsGGYawvb2Q
dsJwMq0tOcQ
dsbZTciqhZw
dsdZKS9BRjw
dshJyBNqHBM
dtATuEVuEic
dtEgoiPJ8EA
dtKToKS3fHM
dtPbhK7o6Jw
dtX6_tjzBkA
dtXM-2xYq0I
dth5Ddt_-Cg
dtpO6D-rq-Q
du0tG609vVc
duDlFViCDQc
dvKJzeDV674
dviKpT1sqk8
dw7LXJ6ID_M
dwW6apZLyoc
dweKrWGE-L4
dwfiD_1D2zo
dwz48WruXRo
dx7bywpZgMQ
dxyEM_w8TgM
dyFSyddautU
dyINYwR4MM4
dyoyTlncaEc
dyr_L-M3IIM
dyyYtwFKXZE
dz0z3bhMRm4
dz5lys1bib0
dzJo4Mv2cyo
dzM2eurobTo
dzbgjrL73KA
e-3ZLN-IZ_A
e-8T7t4HduQ
e-EqHOWgsoI
e-OJeeA7qUk
e-XVNxWav9Q
e-aP0G7o4ZU
e-oOzoqcfhQ
e-pOzaaMTYo
e0263En6j2w
e0638qGuapU
e0d1ay9hRJk
e0gJQ-4ihVU
e1wR-jGgLQc
e22ZgCSpD-g
e29FeTk9Vb4
e2p1OMXwPZQ
e2p2ZJ_QLkA
e2scee-cOJQ
e2tA903dLyQ
e37TtqFlqDY
e3EMtTgcFWM
e3iPT8ttLfc
e4bKGzCqxVs
e542JvXsAqU
e5jGhRx5pCw
e5yeob9Sl1M
e6XekSBy2Mo
e6aKOCz2FLQ
e7JEwUJW-14
e7bc68i2rFI
e7x8I6H98Js
e86mcK2I1PM
e89-7ZAc-E4
e89JhJelYao
e8E9VmFgIuI
e8WzmwMDh6Y
e93yHYa6GLY
e9W1UfNPV2g
e9eejUAbaH0
e9fzIM_E7Y8
eAGyCg2KtDI
eAhYZeHrsQs
eAphX7BJuYE
eAwqpm5NST0
eCL-XyP6iVY
eCcE2KRrhGc
eCq5i3cg6Tk
eDDRmvsKRjs
eDW4C9BmyCo
eDqGQL8Xm98
eDur804uMKw
eEUWrUAcEBQ
eFIhmGyTSE0
eFusu0uAQTU
eFwQzNf2D5Q
eFzmOmrgLXM
eGY7Jd5YU38
eGc6eOPnFQs
eGg2h4IHtCw
eGqwQpwrpj8
eH6mlQCnJOU
eHL82HxY9uk
eHLIJ4ynjCM
eHQnC7YLIxI
eHbY5bQO19I
eHft8mHu_sY
eHh_mKg3cUY
eHn0U4DHet4
eHsMm7RxDfg
eHu5-gsKRc4
eHutPqb6BmI
eIB9X0edM5w
eIbWQnkXfPU
eIn1f0wyqg0
eIn9gZC3frw
eIwtj2_8QH8
eJ39sQx-Mp8
eJrNat6kWs4
eK2zJRfjftY
eKPxVGJquxk
eKWED14bjSA
eKjr9oDx_c0
eKyvMnM-zbk
eLR9b5TCTMc
eLbtKprhuQs
eMUU24vR1aA
eMhxS92e24Q
eN--9rgSG1M
eNvImulWKWY
eO0SrtJn0D4
eO6lQaqC2yw
eOHFN9mQLtA
eOop6TJv46E
eP2j1uNZFSA
ePABNhUxHk4
ePqMV2ZwpQ0
ePxCYKMav6A
eQ4dv1Rw__o
eQOkj9BLAJs
eQW06amgaE4
eQf8sYtvxZA
eQh3AXhAfOM
eR-PTYqJC_g
eRDLrwLdyh0
eRXEGbYznhc
eRjjuu8xGdE
eS4eBWeJSzg
eS6VWdn4Ru8
eS8DG1dbhbs
eSHYROXZC4c
eSQIF5-bgUw
eScAzRL2OxM
eSoD53qtGXg
eSoaXODb0Q8
eTTmMOLbO48
eTrsE0ySS9c
eTvgOeGo67E
eU16a9DJ8HQ
eU9BbwOu9sM
eUOpxrcErNI
eUS4KpvndP0
eUW5G-lfsLA
eUaM47n5nfE
eVICRu9RaKo
eVO6WxAaL1g
eVQ-wPSdlqk
eVTkYMuyXxs
eV_wotPyXf4
eVe5QIdWvMc
eWDAyiafyaE
eWbP2ZSNUxk
eWoEF0133T8
eX2HOPyq_1I
eXMHIuFlOQs
eXSxXQp8tZU
eX_htYnyKWo
eXkQDgTp2m0
eXrO_THWtjo
eYKMKpxvIEI
eYPt_j2ZDQU
eY_hrwLyjPs
eYbB0ConLcE
eYnx0VGVLtg
eYygkbAU6mU
eYz8C2FugZc
eZ6-0FYuXmc
eZAseOrDyJ4
eZP2YQ_fzUg
eZUFn5gIDNQ
eZjVCdJ3lck
e_4MyJIQHBE
e_IVAY_mKBA
e_TcMTiYaN0
e__BuwQRS14
e_aQVwQHuzc
eaItn29wwzU
eai_xdD3ZYU
ear231Z-4Ms
eas2bF9rkOI
easS0e2_gEA
eatfIaksmyw
eaxZ6NHoTCI
eaybZaLTHH0
eazY00rHw6I
ebTAHuiZAqE
ebj1uL9XU9Q
ecCxUGTdkEw
ecZK1OZH5M0
ecpk1k_i6Ww
edsl6lp5w-4
edzwcwhUK6U
eeH_dhil3EU
eeTDKwmkhSI
eeUkLj-7EgQ
eeY-2M7DbRc
eebh2VwS_9k
eepdbC31fhQ
ef-Y7dy8XkI
ef1ukzRPFR0
efaWb-mF3wc
egGz7AQ-2no
egVmGbbAVrc
eh2crO_iMeE
eh8bI_--7J4
eh9xcVU9_dg
ehEh1aKY7Ms
ehmTMzpuZsI
ej6b5GxYUkU
ejAb_8PmQxo
ejDfg5DG1ak
ejFxULFJPFA
ejyhFtEh0wU
ekFlWU5uLBc
ekrtAtaAb4U
el-EO2TXADs
elQNPZ93HeE
elvEUvG4mDA
emAMf97P8js
emGpRiunXg0
emcc7DIrYFQ
emeiuZM8yzk
enB1jgkWEWA
enBXSQc9ryo
enJcUczVRrk
enUrY60pcks
enbT0kTixwI
endQzKfhrbI
enqjcJ63R5M
enw-Yju9ob0
eo0g8z0qwHE
eo81djRL-i0
eoX7-4VrxvM
eo_xfaX4ehU
eomCnXjRcsI
eoq7qBM_wWo
epmXTsfP2ic
epn3Ohhh--8
epr0kgCxJL4
eptS07g9OT8
eqI0QPqCHfA
eqxMUIsBor4
er0v9TZ_V_8
er2WtxwVxP8
er9kX2DggaI
ercaHQIeIso
erhBwc8c8wE
erqZX-yP_zk
es-LJxNQzVQ
esEZhCH_5ro
esMMo48vnag
esNkAs4Orng
esWOAMTnQfY
eseLC91lOD8
esoYnu1CZVM
et-2Dzhv54c
et0SFLna2yE
et2CXYdK-a8
etDudt8_aO8
etXpjSqfC-U
etfkgNIejvU
euA1IcmxVh4
euLa1_RQQEI
euP2wuQ1w9s
euhdduOoqzk
evHNx1R8ll8
evLC5sBnvuE
evNLTmKt50o
evp-ySy386o
evqQTVP-w3M
evreA-xE658
evvYVx5BDlI
ewKZy4e6ifM
ex2B1shKqgc
exBCbZZVKe0
exEono8mm1U
exIRfhQrb6g
exN222-PK7k
ey3l06jmGMc
ey72BxHQP40
eyL2Al6ViSU
eySGTbOWE1Y
eySJMKUoAkM
eyqHIOIfJ5g
eytSTdgacpw
eyy4MACLLk4
ezzyb0FP3zg
f-DHgQ0f114
f-aXmhl8PpQ
f-qaA9y6EtI
f01XJncaDTg
f03lRRmTrr8
f0N41qY1bbg
f1K9t5CxrL4
f1TWfvuv6aY
f1_DQb1YWls
f1qqWJddNTU
f1wrt7M06E8
f2IXsgZKKIQ
f2Kpxjh0fhw
f2NXjYH-KX0
f2VqDC-h8mM
f2Wy03Efg0o
f2bEvI4yvWE
f37mWqE182E
f3HGeBTRrKs
f3ayPoj0OpE
f3d-e4xGL_A
f3jn5q58vZU
f3tbVPACnP0
f4dKeuMowEs
f4h0XhuCARI
f4hX7-wlGe4
f55BuupU8XY
f5EMliDdg3M
f5saV0nLGHY
f5tV_X5Wqbs
f5wZtOKVtH0
f6FS-t1toBA
f6iwdKAtXGU
f6pSJebKPmI
f6t_hAP26OE
f7BGULwHR8k
f7SYmcKw4vQ
f7YFeVFcviw
f7w_RSQYR_4
f7zjJd4ge-Y
f85ro63qYY0
f862A1IAZ_I
f86CaqnhcR4
f8BBXELzfFI
f8Ed3dqJ4q8
f8O6x59gRus
f8SLjnPrdMw
f8cqKIaIfSM
f8yVxDKtG88
f9MreFTCgBs
f9ZYjgiBlOQ
f9mEKOk69n4
f9oz6vgu2oM
f9piYz6-_5M
fA2rnmVnnYM
fAGaLim1jh4
fAHTb-x8e_8
fA_ESPKLNLA
fAdWCX9W0Fc
fAniV8xqWik
fBTAXfkxzIc
fBwdSG2fjUo
fC8T8HEdMeA
fCOurhJ1H1U
fCUNo7BQY4c
fCijBh1wVeg
fCj6aSZD79U
fCu6SztdPqM
fD6m4_EpXys
fDaJouZwbtg
fDjwC4UlR1U
fE0rvY6C4Gc
fE18ESuj2P0
fEb8UWjkhBg
fEmZVB87ees
fEyi0eXfmik
fF6htRtptIk
fFE3XPOhq5A
fFMPztgY3O4
fFYLry_NOok
fGVmaqDiftk
fGeSgp81SQs
fGmHDxXFbxE
fGt5mdsFfhg
fH1lbakMwoM
fH2AsCGEZAA
fH3_x29DleI
fHbecR8N8QY
fHs5T9uwvEg
fIJXEOOeqNs
fIRbtUJzn6Q
fIX6RaB1q8c
fIXdu9W-FkQ
fImmXvmrhMU
fIvb6ln7ESU
fJ127GzN-cY
fJ8_RYUlZtE
fJBDR6nILsQ
fJEFZ6eJ458
fJmRpl9elhM
fK2AtekWte8
fKNSfOT4CiQ
fKTcTHDGCx8
fKXPym_cxog
fL5VFdj8qyY
fLA1AUD54Ck
fLBqjMMAMOc
fLWjEqhBano
fLhdFaGpc20
fLlIgWw1hm0
fLtq2Kl4CRI
fM5WZiCDNLg
fMOr6BKtDlY
fMUMOmk17e8
fMpIv1CSU6w
fN3YS7KpL7w
fN3qCwiq_U8
fN5CiV9TREs
fNCuaP41htc
fNrytKhevNc
fNtL9HdIxdc
fNxuD49HBag
fOI_r06vlOA
fONUab7_Xus
fP9pv7ATECk
fPH10kCZTOM
fPhtDVhfWo4
fQ35eEQUspY
fQ8R4ii-MVQ
fQJFNS7He-8
fQZfEn6tQjg
fQ_toEoayrI
fR8ywy4f1ls
fRHoBmiAtGo
fRLEKADuH7I
fRqPoKiCvts
fSBL-5XP0mI
fSDdJsStH_U
fSSoNi_ZEVI
fSl5i10WnKw
fT7J1rD8u6Q
fT7OZolu5x0
fT99gXFPR3c
fTQGzgyFKug
fUBoThtrJs8
fUF3IrucwtM
fUUUQyT6vCA
fUZkLiEXIKI
fVWzQhWt7Eg
fW7GDUCFOLM
fWOd_wRdFng
fWPuriJuw74
fWbDkgOaEhw
fWbgfzd971Q
fWjHEXZBTW8
fWoFXXoyx_U
fXFrmVANxik
fXJZzKA0IvQ
fXLbmTbDLoQ
fXajsTkudb0
fY5aKm-QgpA
fYEWu4RWUgY
fYNXefX6rUY
fYWTBqEjMUk
fZ7Lx7VTXhk
fZEa90hEXAw
fZS0xHSd0yo
fZYIT_rrCE8
fZkJucqfVcE
fZuETQO1lPM
f_3GZ2Ah-vc
f_4rylrKgo4
f_B8UfrzRHg
f_CnMtieUJs
f_Qs74TYgME
f_X2eXGe-yY
faD-cQwR0_U
faSBC541dmg
facUfvYTlM4
fahLWYBulkU
famZBhn9N88
fb3W7qBKFA4
fbJHv1s6Hbk
fbZjjXAyznQ
fbdjiy5Qjeg
fbprLXmwn54
fbySE-qjZqU
fci7d9VupEw
fd4fvqMJ-ow
fd6mnmNMcNk
fdNAmbB7szM
fdaXkRNdNAE
fdbL__5xjfA
fe6AV5P0fzg
feBNRGsIjoY
feQrDu60imo
ffm-QdjNM38
fftTiDpG-B0
ffvEDRQcj3g
fgcMTs6i6ms
fgg_JfQZ458
fgqg4CrHyJQ
fgrvvxXSwqQ
fh2n0AHx73M
fhHDV7KEobk
fhTP9iOLBRg
fhobx1swuec
fhpUXbbfhK8
fi7aeeBAjzY
fiHjCYkwevM
fiQfA7TzVFg
fiVh9dH0N20
fiaHWLtHUJ8
fj9YvHVODS0
fjBYHT5So38
fjZ3TEIN-TU
fjhj4oUXHGM
fk0f97vFHm8
fkHcG5FcLpY
fkMB111KxKQ
fkSWXyu8uow
fkhA9enXSRQ
fktMt08dl3E
fkyZQ_Z8iyg
flBKXxrkkRU
flD4lTxHRvU
fljg-29yz_s
fmOKLCimccU
fmUniJoUAlI
fmWY7JVc1sA
fmgjiTZlgX8
fn3khDAh-ME
fnv6UkaZPFU
foKFFVrjD2g
foVUQbaVAsE
foibTWwRc94
fpEnzSaEWgw
fpH_5DCgSEY
fqokADhxA18
fqsDeJegq18
frMQusOou6U
frRZntdR3yc
frZRQ-Jki0I
fs31f4R90_4
fs5XfebgFM4
fs84WO5TkS4
fsM0RJinTg0
fsMBa5APpr8
fsn77gF4B4c
ftCg2kY8wvs
ftFGpLoBbIA
ftVjSQNiUro
ftc9wHSwo5Y
ftj2HR3-elU
ftsnfPrVo30
fu4nycKrC8I
fujKRXz3s5A
fv-pqmSMgeo
fvTt_gZf1Fw
fvX9Po-tApU
fw1wUjyfbTc
fw4tzKwWtY0
fw6IX6qAl0g
fwEzLTkjYPY
fwq1ix00PhQ
fx71LTe3Nxk
fxD9uFv0r0A
fx_g3T1SMqY
fy3qVZ0_v8Q
fyKSoYBcBUU
fyWEOGgFhuI
fychhc2Rrao
fytiZCJ5ez0
fz4Yj8chAtw
fz7LGpor13c
fzDoIbGGWBI
fzVm2V4BRUU
fzcOxA5AckY
fzcq-GCQqjQ
fzhNlhB69a4
fzxuwDWkE30
g--ScMtn_h0
g0NuqFa30ho
g0V6Af42_yM
g0ykf6U744I
g198X9CT9yg
g1AkeiYkDYg
g1qQwQtnmzY
g2IvYXSBefc
g2oM1yfxFqc
g2q1hMmTyK4
g2rsfOhEHG4
g3J0Nxmdbvc
g3oaWP0CwSM
g3wUvSmt9vU
g42ql2buQ1Y
g4H1TLVPyAQ
g5lAX46KEzs
g63pVe-Hw1Q
g65CeuFlcPI
g6AnQDRHouc
g6CbvY1-2nM
g6KLmj1fMRQ
g6biwcXTwiA
g7RKvVnwkvg
g85mVu9WTT8
g8HthKBCEN8
g8Icb7wnFps
g8hLR2HDl_Q
g8jWRzShPGY
g8lBdiia0x8
g9Cp5XqILjI
g9EG3wn6e40
g9nMbZ_Rado
g9ovkIXF3kU
g9warxTiCyg
gAIlwpVqONE
gAasIqjGDiY
gAb4kHpEGr8
gAiGzljHxyU
gAsdYFziC2w
gB3XzleQkkA
gBCdyUR0W1g
gBbhQPfyCfA
gByhzqtiS6o
gC3fI5erzKE
gCbNPtSHppM
gCqmYU8ka5s
gCs_S1sIFvo
gD0Yygx6F-Y
gDFyjVuDR-E
gDJbZxZ3aGA
gDS6n4kN9aM
gDS9zOTuKpM
gE7vUhyeDUc
gEFH5SI_iNk
gEGvVwBwcH0
gEoZGwEHlkE
gF1t4JHd5Sg
gFJBwQjSMDQ
gFZ6pNv_6OY
gFg2mNDKVhI
gFjo3X0wXsE
gFmIrEmS11M
gG5FKyHBZ6U
gG5XlDFlllw
gGDURtB2zws
gGENqaKScGo
gGcVZ37Cqkw
gGkDojmKjvo
gGulGspS5pU
gH7u5ue9CRI
gHAZLPDeHrc
gHDY9zstmY0
gHycgfdZlkE
gIHnyEm2G7g
gISwAYeBo7U
gIpDsrPoev4
gJ_vNCJYxUQ
gJmWVrPPF48
gK9S_nitCcc
gKbVdtKdqv0
gKhuvQzGp80
gKpuEncy2s8
gL3zoxdfh6o
gLAbfLtM16k
gM-b3pSVs5I
gM9QZq2yaxU
gM9emiBzr2c
gN6-5KI7dTw
gN6rElARVxE
gNIWo073Ivw
gNPOP67FM68
gNjC5XhQmiw
gOBtmp5ot_E
gOQhjHtlYTU
gOd-Cf3VrdQ
gOpVIbBmSAc
gPXH7KbFQLA
gPnDQwfJl28
gQWV_b1e27s
gQd14Nik4xk
gQf84o28Ga8
gQoGUEhmgBw
gQs-FHE6z6w
gR-TnsadC0s
gR6QmVKxEZU
gR9VyKOfPYo
gRZKB1EvqKQ
gS0EBBXpnVo
gSFEEC5ANTo
gSH0tvDWaSA
gSULq7yumBs
gSWqHsitpLc
gStRhJ9zTc0
gT9_fXlF9MM
gTMjt-iR7rk
gTUYbFiTAtI
gTpCFEOyrnY
gTq6M4Xk1ts
gTwwjX65i5k
gTxmi4P9rpE
gU0l0F_7QMs
gUIyweF8G8w
gUV_K5P3iaM
gUdZLF3MkZE
gUf8r2yxA_s
gUkuL8G4Uak
gUlyHSNKiSA
gVHj2nx79rM
gVPRPK74SkU
gW1VqgLsqZs
gWDDp1MSwB4
gWMLKMED8Ds
gWRFv7Ac_XU
gWUSMv_-Tsg
gWY6VDgXIs4
gWckCRsjQNE
gXRkAJE0X3I
gXrOEl8RYTM
gXrbCqvxqhM
gY5q0Qv0Xu4
gYTfISRb3AM
gYvX_MW86b4
gZ83kUnNzko
gZb0EXVIriY
gZmcefNN8eo
gZuUdf5DUbQ
gZxGWZnZGhU
gZzVkU5XEvo
g_41zoaCHwM
g_Vy8yVoyoU
g_Z9ahHpu4w
g_aZ2rshzMY
g_y98J7m2jQ
ga-Y8xA2tzc
gafIzFHKkao
ganZgGGQ7eE
gaqThQ6e-qI
gawiQN8LDtQ
gb60-16AWTs
gb7h7HeYzsY
gbFen-RzBsY
gbeeAXCDuPY
gbtXKuUJrLg
gc5amTzuIs4
gc66zYRN5KY
gczuU94yBkY
gd0XcAErcWs
gd1glLd1810
gdNqY_lsD8U
gda_e-q0g6o
gdfZeg2rnU0
ge2YsO7M5dg
ge4VpWcrIwQ
ge7pDUoEie4
geFd1hcqcjA
geeq-4nJDZA
gel7FcptbO8
gfTC8UQ40gM
gfbL_VhYkkg
gg6hCj5Qm2A
ggD_R42K170
ggIL5bPNdAc
ggaei8DKq3k
ggmwCN9xlaQ
ghBylo2CCVQ
ghmcw1K8Myk
giVgSKJ7YkI
gipY7zM70GA
gjqYjPkmNKo
gjum4ko-lys
gk8M8SZRDIM
gkDUX1nhuCY
gkFnYDpLlLA
gkLiaMk9GRs
gkPme7h0AUQ
gkYL1r4ABjY
gkaXI-zhBGM
gkrPVt1FOGQ
glyjuztsmGM
gm0Gg-EKvo0
gm6u3OMX57k
gmPW3X9JAgc
gmS3ewGCoTk
gmxqQsZGZIQ
gnhhPcFItv0
go0LqlN9TXk
go8EXTlYYc0
gobqweccdPU
gpDkai7hLiE
gq7LR1KQVFE
gqBOu3hIEcs
gqDfRC3Rj_k
gqEkZSbPtVQ
gqPNAt5OwDs
gqdI6WABuJ4
gqj1QOuWzGw
gr93aASufEs
grDI9iXxP_s
grKropSM2Go
grjkJsiYyoA
grlhoIjD_D4
grsle0Rluus
grzG_I5CDq0
gs-4c2G3Ae8
gsInMu437BE
gspOQzdmVys
gstlvtpgQlA
gt-onVaY_lY
gt0Zz3sJNvY
gt49afr6RJo
gtPJwbdpHZE
gtZVa1rGJNg
gtljh-ZFMng
guUli2aL2oM
gvKhYMSJgo8
gvePKDfse5k
gvjHsGVnOSM
gvrk8vyaerI
gvzvkzXECWc
gwBN9MTt-Y8
gwG1U3jdU_g
gwItKNuNIaQ
gwYBDcqS2YM
gwfu-tyyusE
gwsEA5X5hxI
gxAr6HAXqg0
gxIzUnT9xSE
gxUkFgFgHOU
gyfVWvRSkSU
gyzlpLhEMtU
gzEkvTmbqKI
gzJ0VbuLQF0
gzOCtrUuhr4
gzOfFEZ2cno
gzaP4EKCRCE
gzgLxxSWTlo
gzoPLwJR87Q
h-ONpwltea4
h-VMuPwn2wE
h-WsAzMgigQ
h-a5K7p5Ba4
h-a78y5S1Qw
h-bNO1H4_1g
h-uK8P2bLPk
h-yI-meMVcg
h-zdnbfttk4
h04oeo1vC80
h0O1tM9IyuE
h0T793tKqBI
h0pdAFbujpE
h119U_RwQS8
h1c3OT4Fui0
h1e7c57VEAs
h1t7lcb8dNA
h241E-gA-5E
h25t-pJALa4
h2FUkW7JDek
h2M2MLe1ptE
h2WK9R2fUpI
h2iaKMi1L-0
h2nMPblzw7E
h3Apu_1cht8
h3Gfajbbu-w
h3baegddka8
h3dw5_YNOms
h3e1FQ7qrWA
h3jPo6_9TNU
h3jbo-NpiYw
h3zEjX9kbmI
h4G5G6T0iNw
h4LA0PGi52c
h4MuzYjm0zs
h4bbyOJKrZs
h4dnMBcFG-Y
h4qctVl7khs
h4rNuzdFZtU
h551wyNsrrs
h59TXAYofYM
h5DLbvazGWM
h5GsQ1GT7zc
h5iXfq8KBK4
h5rVNybUpFY
h66D1BmdvGA
h6FrVfpDG6k
h6oXgJHMyHI
h6tm8NkbWQk
h6v7yFCkQ2M
h6vWFQXNEyQ
h6xn6WycRZo
h7HB5uWxf1Y
h7Kc5nsALBE
h865Dz2ZT20
h8a1dalrdlU
h8rBQWsiIso
h97Yh7aLSFQ
h9IgBUlbx7A
h9u7jrYXCFc
hA1e01AiA3c
hA5uvi3aZPI
hAP7DTsg054
hAVsQcbZX-E
hAXptSYzcvg
hAbqqLVscsw
hAsOi1xJkpQ
hB7xo9TaDaM
hBBNtUEx8i4
hBE0LvISqVQ
hBWhGv5cxRg
hBsCGt5eE7k
hBwFKaWjJEg
hC8amWh08To
hC9FB2wd9YE
hCDhDX6pBzU
hCRLO7d6fpM
hClQgMqPn4U
hCuf9tADvsc
hD-X1BJ--3w
hDCrwyI37Qg
hDRa2lfy51w
hDc-wmXLG3Y
hE4ykKd0BGg
hE7h8BfX83o
hEGolLAi0bE
hEmACDTvZzo
hFFmQzPMzU0
hFKsSMr8pX8
hF_OrLCC578
hFb0jp60C3E
hFdX6RPSEzQ
hFg9gN_3PxY
hFhfpmzjzjI
hG4RuN-Oaa8
hG4y6lq3Ud4
hG7Ig3pjpj4
hGEcp2KGD3Q
hGMmaE4VVZM
hGQvJOaUrkA
hGS2_XPtFBM
hGWImtaQU1w
hGg8-DJRhmk
hGwD6WHz2Q8
hHIE6PBCPYA
hHPsYS05Dhw
hHR4z6liNp0
hHjyGPWRmP4
hHvT6_IakH4
hI0lTAtcLEM
hIMGzH-t39s
hIMHyWjOaDA
hInAYyiWTUM
hJ7bGeIGdIw
hJ8p4rVlGwA
hJlHq-Ar5GI
hJsbH6eXldk
hK2xGNkjNHE
hK2zeJiXD7E
hK4VEQr12j8
hKCPaw35Oto
hKImtKpOdTs
hKLWt1pMzZs
hLQ9kk7-5Gs
hM-IIB2hNWM
hMCCwZ-_DHc
hMOy9C_S5kI
hNBc0PVj3Gg
hN_8a_2gyBg
hNfrdmfPj9A
hO0UoQXzzqo
hO4QsYnieSo
hOYYrSebJTs
hOdkB-sOY2k
hP3MSfxbPqo
hPZc1agVxUw
hPzhNxErMX4
hQ2KknuoyIE
hQ6kdr1zePs
hQlD8VcOebk
hQy0zIIcDE0
hQzUm77lKhA
hR5H70A7Lxw
hR7ZdRwt2IE
hRmdpqgzfX4
hRo_saig8Yo
hS-QOwFP2f0
hS9iLpByIvE
hSJyIjtyxNE
hSh9JylMM-I
hSsckO-vQT0
hTJROkfOGXo
hTN9fxfaVCY
hTQ8hEt665o
hTU4IXT1xeA
hTZkS8v7PXY
hTcCazFP42o
hU7g7kgV-eg
hU9Ikr1QhEw
hUFsPFYvuzY
hUJKa2a2E5U
hUVe9d4CrCw
hUfNwiNRfdk
hUsKm5UOgqc
hUvYVUKQC4s
hVIX24ELpaA
hW3wxGq-cTE
hWBHtc8fUVU
hWV2kULzwCE
hWrqoIm3dgg
hXNeyRbi_o4
hXbxQTdUhJM
hXrCv1kztac
hY1fC5JVYHs
hY9sRTGRBiQ
hYGsAqFmQrs
hYSwQGsqdu4
hYe8ax_UttA
hYmsCwHe-3g
hZIS75dLnbI
hZLzt1yIoCw
hZWBQB00gkM
hZu3pmV_5QY
h_K9RlgyVTc
h_pvXDDezMc
ha2YlP1Zp9w
haGcaXk2yoY
haq7WKWBtUI
haqv4-PXCSg
hbVkE8FthYk
hb_uZli_dF4
hbsKTKXNU9s
hc-qhtvvUzA
hc81wjy_xJM
hc9gvQo7weE
hcWxSWo4tlE
hcZDQvgBPK8
hcdhO0vCsEM
hddy0CoFUUY
hdjqriu8LDQ
hdr3Uwet7MU
hdvVboWFFOg
heYGKOgDYnQ
hea2n7jl2xI
hepJH39vBuo
hfFjq9Pqz7Y
hfIBpUsXSWY
hfQUw6qj6os
hfZeZxEYAUU
hfzi9AzKboE
hgROKx43vXw
hgSKqdDXM2Q
hgf2nKf4l_Q
hgitkAfBAg4
hgzCBEzZOtY
hh-53I8NtMA
hhJfCCtE-QI
hhMmT2M4Lz0
hh_sVdo23A8
hhzF55hkZVc
hiWNhVUsyIY
hiihyvXE_rg
hj4fo4mCLD0
hj5zhSrF4kk
hjKzb9OsBPI
hjWKYxFARzc
hjcXdnPPCag
hjg26d35X0w
hjqUxeAj3Wg
hk30DBtGiiA
hk3Y-APWzUs
hkEN7R1pECg
hkG65ad8ldA
hl0OPiYVqgQ
hl86v-MDcp4
hlGbKDBzdw4
hlt15dbVJVM
hm7GSX0Q-Xs
hmm2Ij-dGPo
hn9bDaMOcMA
hnEQ9GtwIAo
hnWbLyeB3-Y
hnei2FvCGQI
hoZCbxuItoM
hogxbk3MZ-Q
hozEvjUHKO8
hpn_n84U9eQ
hpoeSLE0RrY
hq6wG2NVnj8
hqETDnFJ5W4
hqha565_Lbo
hr-Lm8CnWtA
hrQYGeHjgdY
hrmzDitpMtM
hrpxBR7xCZc
hrwhMz3nw1Y
hs8tguEHh9c
hsSMmXQ-dEk
hscnjnTTbKc
hsr4i6KTysw
htAGAJSL6Fg
htBlI0IW31g
htNek1bvxwQ
htQs53184BY
htpflG7iI90
hu79uHV51fA
huFsQFfAbRs
huQRDazHuPI
hucx6punX-I
hv15aKQ6uEI
hv755XM6C0E
hvYO75KcfRA
hwZ5sLWD6yk
hwZGZNINJZ4
hxV07bU8iok
hxYnfq5xUq8
hxbZ_BTQMkA
hxdEBFT3WBs
hxl_zfjJcm0
hxljNm7tMAw
hxmm3FF-s-0
hyFQo5gypHw
hyFoaa35G5g
hyPVSsH1Ubo
hyqq3Tn3HhY
hzhv3dof5G8
hznUxNPF3FQ
hzvpFJknYuw
i-6j3WKoy0g
i-7okkSKfYw
i-QgDBv7Crs
i-pxiZkThXQ
i03wfM-kHkA
i042aASz_nw
i07jwpgvR5c
i0I5ksw4hXI
i0QyRM57zPg
i0aeuH_dghw
i14EDAwQ830
i1K6rNcZZSk
i1PjnYByVeQ
i1vgmLSYcJk
i2aqfnsOFwI
i2b8FzeEr3M
i2iQxGqipfQ
i2q_SWdvxm0
i3BbZnSn1mU
i3OqwRG4nHQ
i43A8yHgRsU
i4eTrZi8iao
i4o9vRHbI6I
i4vDLGb3NBs
i4vURpvIXbo
i50ywJBKY_c
i5WzDy95tAs
i5dPyX9zbmk
i5h_wypVYCg
i6-ctUOqW-Q
i63CAauIgFo
i6SM53kZ764
i6TwqCOWf7E
i6undzFrAL8
i7FHdsJyNV0
i7Fpv1raPtc
i7UWqtr4fBU
i7mzqU4yBK8
i85qtPhp0vw
i8V0coPP_R8
i9PaGJTbSy8
i9miqsrNdCA
iA9tu1Vz89A
iACBN4pYj7Y
iAEwwgexyR0
iAxZ95gD09k
iB0KvQWmim8
iB3IJx1jOGU
iBBvDf0ExoA
iBIdu-AGNVs
iBMyReBEhB4
iBgRghYY6iQ
iC1S-w0TPY0
iC5x7aljE0o
iCVahmC5Crg
iCdRxIHVLyU
iD375cNvfJs
iDeB9KR1zSk
iDfMrequ87U
iDwN4HsGqIU
iEJ-XyxD2rY
iFgdENqk-Fk
iFh6rpf_KOQ
iFiHlc7TSuw
iG2ZgTKUUpk
iG2h12DgZ3c
iG7n70PgjZA
iG9DSsnOwg0
iGCulfKb1W4
iGR4n-hA2sM
iGgX8zCPthc
iH8M6vzJtPM
iHD-G-b6O04
iHDogA90Pug
iHLV_45kVeg
iHZgFtxjIsM
iHi1oHShuSg
iHmijxDO570
iI7dgXSa5VA
iIHsV4DsvNI
iIiOlaLzjlc
iIrk5cXsb6E
iJ3bneHmsik
iJD-gDBa5L0
iJctexup_NA
iKQLY8mWq8w
iKgAUk9KBto
iKhYo5kSdrI
iKmkMCrra8c
iL7xp-u7QXE
iLrKGcqTLIY
iLrf-OvBnuo
iM3tfizIzTg
iM8iVeDnCHo
iMSwcZ_vTTo
iMqgSH07ovU
iMzuEkQu6hU
iN4ze5YUgfk
iNFsP37kLak
iNiIS5ni3Lw
iNiSsddPkXY
iONG6QCDsqA
iOThoPVwplE
iOVOuTy23GQ
iOWVO_3gOVM
iO_meZrRJoI
iP3StEQOodM
iPYwElwDpy0
iPeytnTFWDo
iPyl5fJk2xE
iQ6wLQAJ_2o
iQc8qv5D2r4
iQtld3GgdJs
iR7FB-8gse4
iRJIoYBxB8U
iRP9lC3QMfQ
iRQHbT4rk-k
iRgLCB8GlIE
iSEUbcv_tFA
iSOQEdAVam0
iSUsbKF3_qc
iSs9-tcYA8k
iTQdunmP5T8
iThc5yd-XrA
iTk0TIbKUEU
iTmndEvqiBc
iTuZ91JZN4s
iTx3tVeEBFc
iUHreh0zn6w
iUIUI3NA3O0
iUcbK2jLnnU
iVKbHio_pbc
iVVcWZt2x1I
iW_8FELoE6I
iX363QB0KFY
iXE_U-mkoKY
iXMvPniYw8E
iXWs9KicYeI
iXZbjKaqFT0
iXeraxm1h6U
iXs2W7-zUoQ
iXutK5pEGFA
iYEPeEnomag
iYP8UzS-h5Y
iYRFEm7U9CE
iZCqjEGZODw
iZLcRtN43s0
iZXv3-AUYC4
iZdKIDf-bNc
i_M4EZlCeHM
ia4TjYuThJ0
iaK3RxRIXpU
iaMwrDY7wP4
iaRdihYgusE
ia_9BgivsLQ
ialNUHjI0j4
ib-_fBufTcg
ib7OlbPBNF4
ib8d-QBJ9As
ibH3mcRnwc4
ibiQmeIL7Fk
ic35lEfWvH4
ic8CBS1ukts
icgx6HY_eKE
icr50ZUyMGs
idEEojs8kwc
idFV0JMlImk
idXN95y0R14
idaC8v6rA2s
idfvxdoypUw
ie51nG8QCmA
ie5LE5HILLU
ie8eX_MNxiM
ie90MaKpPN4
ieNfDi7LnIA
iejZWAxQvHA
if7cMFzoJeU
ifDVWmQ0Uhk
ifHPPqj59nM
ig6iSS4eVdo
ig7HPHJm-6w
igQe0uDmBJE
igYzKXwVj0Y
igyeHyWyqX4
ihFqus4ALWk
ihR7G704iSU
ihTNGx-z6M0
ihfryXvmi9w
ihiJ9pYdkTs
ihvGTgXd0og
ii8zK3rodLU
iiBoBaj8SdI
iiLft_CGJpU
iiRjG2xaF7o
iiWoJ4YnukM
iiWwGqRj0zw
iiafq11A9Kw
iimdNoNuifA
iiqzmX8nfxI
ijEJulP3RHI
ijK1PAyVc2M
ijfGmbhK35M
ik8d86gxluM
ikGjt4F1XFA
ikVJHGRUITM
ikdCKAJ6pDk
ikkZP-umr0k
ikoH7eZIwbk
ikzN7N0iqbk
ilDiJNPYGx0
ilwseiQOeqE
im1Gld1Gcy8
imj88O0mhjo
ioAe-gAiNy8
ioHFZ0NXVSc
iofuls84_OY
ioyIzmgXu8Y
ip0j1nS0baQ
ip1a_fUv1UI
ip4bEvOqKnA
ipe6l0IoPWw
iputNRSFQfg
iq1_JyT79ZQ
iqTC1d2oeqU
iqc1sPaWfJs
iqtw74jY_tk
irAkJPoTF1M
irC_H1yCLGo
irFh7_AULQ0
irOBm8nH08c
irXw8-OPuzo
iraxVIK_WxE
ircb24QCy3s
iroBcB_Z4wQ
irrWfXzbeU8
irv7PYXrKbo
irwg5qtEOrw
is7N0FXzLBg
isKKL7swrwE
isPy4w14PsM
isjLcnQ0cGQ
ism3Rm3w5Do
it0P3VCnEig
itPX0saECWI
itZLpOVWgeQ
iu4OlMBEqYM
iuFDIFuw78c
iuQy1b5x-wI
iubbUYwn-FM
iugOPyHXJQs
iuimlXKOF6E
iumwKKeBM20
iusWDqRqiMQ
iv6TQwULXGg
ivFwwSlafxc
ivRh0I6Ps4c
ivWEiE2nlt8
iw-P60GC7so
iwtLX7p-YP4
ix8wEewxqyQ
ixFAhgSlEL4
ixKO6jNNjGI
ixLel6hPRxM
ixfmh3wPbAY
iy2GMLISjAA
iy8FtqfFpHI
iyLhREj02t8
iyfdPGFzXpc
iyinbncMcto
iyrBrGIkBH0
iz29NIs9mSU
izAnxBMNxpY
izqNMQFS6kA
izr8Fyegpi0
j-Mi5eO6TqE
j-YWXCWfuW0
j-wOEVp4J6k
j070F-PaSdM
j0oenvwv2Ao
j0tiGPzTBac
j1HrFgI77eI
j1beG4HoJqo
j1cb_ZC9VJc
j1tOVs7EgCI
j1yaE-__5RA
j2CsnkWWXIo
j2UqohGK8EY
j2VLVV4mkrA
j2Wiw5xNi9g
j2dGg2bjanE
j2nTFe08TP8
j2uOAEP0JD8
j3BKEovnjVM
j3avmlLVjBs
j3io8OQQsfw
j3k3GwVOGkE
j4EGBdD1r24
j4F9u34a7YM
j4WDCxxFdpI
j54F6Ozj7aI
j54YQ_6wrlc
j5JuXF2tw6U
j5R-vTOqUG8
j5m87rLPzXk
j67EAgaxnvs
j6NSMxrzzoU
j6YgnsppMYg
j6x7nv-3Eow
j72UOCG2tuA
j7K04YHbZjU
j7Map1NA5Ks
j7RQ0pIW9jg
j7dDU9I4tl8
j7inrovKvGI
j8FnC4kQbL8
j8XvZqkYLww
j8ffgRRh67g
j8skGrinxpc
j8tWuIh3grY
j8vQhGO1HyU
j9MyYHaNqGE
j9N9nklq2CA
j9a7Qldq91I
j9wem_L8uSA
jAAfAUJ-RFM
jASQIcJ5bTc
jAZ0FZaNR6o
jAdSE6Aw6NA
jAqYDjAgwXA
jAt68Pfputs
jAuV7jaqk9U
jAucuw48fCw
jBCx0_MoaWs
jBaGWLM9DEo
jBm2q-g0ZgA
jBpTRdtRdxE
jCCzs5vLpJk
jCPLLoo6-U4
jCQvkuTcmA8
jCRNp7Olgpw
jCRVZWqXbLc
jCd96Ai4jGE
jCk8Z2-q9pY
jD1kFqqNl9I
jDFweL90XvM
jDSERPzAKNE
jDYq7WfuVB0
jDkHCjupn6U
jDomYBSiuPc
jDyK2AgcUyY
jE09nDrfXQk
jE6zMEe2AFc
jEZgEINvS00
jEbf9UuP5sU
jEhZ7-NYzco
jEqJTZloSLI
jEyUDwNQqH8
jF05IgJ3bUE
jFKUcT9U0Z8
jFLkusA8xC4
jFt8QtQ5jTQ
jFznH5-cDWc
jG-AZyj2v1c
jG7pO2jle5U
jGEIdiWA-KQ
jGMi6XOBkLc
jGZeOtdtGcE
jHTcNMEIPyc
jI2HItJTtgU
jIC0vDxAYx4
jIIZl9r1rB0
jIOJADvT0_0
jIR3JaJRenM
jItQCTUskn0
jItj-ka6ydI
jJ7Is5xDtrY
jJfkQYTkf7A
jJksJK1kmdo
jJrM1doOL2I
jKYJSXdrYko
jKsTnab441o
jLMFslwH1b0
jLVMwJem-aU
jLiOf9OxZ-g
jMCt_XNXcjc
jMI0HX2oWFU
jMa7cQg_hng
jMmw6yEipJk
jMpPMTbtOMs
jNdVeTmlPdM
jNeJAt0ae9c
jNfoqwvDk2w
jNpVkyqufh0
jNzZvxLnjAI
jOJZ16nl9Qs
jObVYmv3ZoU
jOvIo29gea0
jOwirAzVpFs
jP01h1C1pWw
jPP6knMHLQU
jPoRvdyfAWM
jPpSKcLeO70
jPqvFODSAgY
jQBGR6YAy-4
jQEF6RA--hc
jQIZyyDAj80
jQOgAZEC3nU
jQan8Y065bM
jQb4eETFNng
jQl9PpyQHKg
jQr9zkLiivc
jQsU4_1n8BE
jQul9l-0tFQ
jRBSopt6lcA
jRJ57WMTY1I
jROtep3mkng
jRQ0DE0Fm_A
jRe-vvI4u_Q
jRiyxFiW71Q
jRxCPuHNTf4
jSUdS8cvxQs
jSbiFi-A7dg
jSpMq0CrEuM
jSxCpVb2RPs
jTF5Nh_ctiQ
jTXFkx0NxYE
jTnoF0ET0q0
jU94ePa7W5g
jURKh0r92CE
jUa1aaYeZis
jUss7U30Eus
jVfrQetN4tk
jVmlwdGHJeg
jW7xZtlwNg4
jWErEpphPtU
jWZytF4_d2Y
jWoxhRRWUBY
jX-d1zdzejQ
jXS99IUTFM4
jXWnDtdSagc
jXd9gz9iVmk
jXpEbr344e8
jXrkF7oYFYU
jYKg0ZoLxo0
jYhfoPorYWM
jZIOogSIlZE
jZV3rz-T784
jZfchPOn6xo
jZvcLPNz_Rs
jZyd6wkHNsI
j_7qHPjwZV8
j_AZMlypn0A
j_I-2nacqog
j_OWhKdKy9Y
j_SB27WyP80
j_UfwB13g0s
j_VMViWsdAA
j_aSjl45IIo
jaIL2s2xUco
jagwKjGrjr8
jamOiFZSIfY
jazEPx9zWmk
jb8RdeDSnNk
jb9sxLMFtic
jbcF4ptX3WI
jbg3fw3Ck-Y
jc-9hR1fWFE
jc-lTHeWjZY
jcAadI3ywf0
jcNwWtoBVIo
jcrc5Yp4wiU
jd2AVOxakQc
jdN6rYoWy7Y
jdVzt3l6Os4
jddxU01rT3Q
je1ymVVbWFo
jeZn4WCtWQ4
jemUWup6Lbs
jepDznoJ51Y
jetKFAozctg
jf5hZXcYJzw
jfYX6mUndKo
jfictHhw0k0
jfrRTp5H0Xk
jg3zQwhe61o
jg6KlMHW114
jgI1-sKCx-M
jgUcy6WdRqY
jgh_ymR4LRg
jglHgEl3oX4
jh3KvIOP_i8
jhCRWA292Ww
jhGwdsGJTsY
jhKsPUlI5us
jhOkiU1-UOs
jhS-r6EO6Ck
jhVW7zSd6pw
ji50anCBTMY
jjQ0pPCqQZ8
jjgyQ2Ma7_s
jjnvTRM93d0
jk-B2VTqPV8
jkharnW8th8
jkjWCmJx4GA
jl0eqCjInCg
jlRjoePsc84
jlRnjkxxF3I
jmNaxptnROg
jmPxy_WmRek
jmhmQbocCCg
jmsjr-xf09c
jmx75-p7Cwo
jnQmdl1MCsk
jnTeun8sw28
jniEfgeM_BE
jo-3jCMX1x0
jo2oJP0Vo9g
joBxsVCXs7o
joIZqzFw_Vc
joL-YntWMfs
joOXD2hjpXk
jpEudF6Y6cs
jpcaNbNzFak
jpx1_aKew0w
jq0slY4dkmU
jqF2gM2xW3s
jqMShWjI72M
jqPrVZeUgiU
jqQbuJtJsoA
jqY406kVsy0
jqk1RjcxwZI
jrHQ_CjkfNE
jruiHEnB6eQ
js-RVfdChZI
js3rghZ48e8
js4MZM9AbrE
js7lCTzsipE
jsI3M9ltB68
jsNMD48Kvcs
jsYSXS_Cgzc
jsjrjyN4oHY
jt68RzPGPzw
jtP0YacLAEA
jtXDwkIltQ4
jteezEwlK8o
jthA7u33zwQ
jtwJWvadRDI
jtx1zFQWW9w
juAKTKaporA
juCb7rL42qg
juIA2GrHuU0
juZXeg2tzr0
jucjiBOr-h0
juyhT3Dg2C0
jvIgbEDnPSs
jvNZEGaaX5I
jvgGCx8uLTg
jvl0tCFRg4w
jw7vNn16VGU
jwIBp8d14mg
jwIoXbWxyMs
jx014IlL2Bw
jxBEypiOy4A
jxC4Y3Lyeew
jxISrlQZfUU
jxOpovo_IRY
jx__la8vpCU
jxl7HAgP22c
jxtArXXR_BE
jxx1G2YSoJQ
jy0havB9gqQ
jyjI-21zfrM
jymf1-hxb1E
jz1ahYq7tc0
jzCniyH6LtI
jzNefVxqb1Q
jzWwZxCHtMs
jzwd2D7cuIU
k-0GoVQDHh4
k-dwWCV-vaA
k-skB-teNjc
k0W3J7hiLVU
k158sV9CZgw
k1GPnSFag8k
k1eQrwXGk6s
k1fzopwKlnk
k2JaNzK6aT0
k2KjEzugcR8
k2MOD3WOfQ0
k2kTcsk2P_A
k3LWeqXROAg
k3Z0oi74hzc
k3rcfiqu_Eo
k45RXbpYaGo
k4l3cp3cTZc
k4tV-1fYcSU
k53i-8PwnR4
k5SlNC7F7-Y
k5kDYq07nh8
k5nijgpnn_c
k5vhmzuyrcE
k6racG_P1Cs
k70_8xfJ5WY
k7XZmGByJ4Y
k7inwbdTqTg
k7wIAvTQxu0
k8CIEm7Ztqc
k8RNGdwfjiY
k8RaGU4onz4
k8SMm-dvX0c
k8ZEZ8ZA2Cc
k8oVEW3nqKo
k8z9jRHd7wE
k9C0CqvHXMs
k9HUsHmsNnU
k9LkU8Zz_DA
k9QG1qZU2_s
k9h78WdL0Vk
kA5htLoavEc
kADovO7zxww
kAOO7Y6DJlc
kAQbrSO-jvI
kAnm9YjEbT8
kBAjP0TNUVQ
kBKWt7dkXKI
kB_H2AQq-38
kBqI7MGA0Oo
kBxsFYlTRFQ
kC1bCQ6Jhns
kCS81JwNc1M
kCZ5J2CHpRY
kCZuoE2vB7A
kD-P1qE0ae4
kD19Fvz7bP0
kDDgeB06HU4
kD_9Web1VZE
kDhYGQJDi90
kDyoZsHWuUQ
kE-SuLTiJWY
kEWPwcHHH14
kEfLepF7nEs
kEieHMZ2mGU
kEksPT1HLcw
kF7VR8en9sA
kFMMhH05XIE
kFQJLOFeFHw
kFZ6YauksC0
kFchX1KzWWg
kFwCmJtRdEQ
kG2vbEXWyWM
kGONxgar2ZM
kGTXsmDrQD8
kGUuVOxmiZg
kGY3PSBId_g
kGYaKUfKTOc
kGZNhoZfISE
kGqAxshhtFU
kGtP46qa0p0
kH-Jpw_0-88
kH6Nogy2jdk
kH6eSBat9x8
kHBBM0HLJUg
kHIEbbr3DBk
kHg_Nh_INhc
kHxNvo3JwFM
kI4JDYTEesk
kI8Boid2Ins
kI8SXQyek8I
kIJq2DSwbro
kIaRTUVST7k
kIjJtbt8-Wc
kIsoX7Qb8-s
kJcbL3P9xC0
kJdh1jceelk
kK2kkKJKQG0
kKIE24WDlzo
kLNzWG-WAiY
kLm7zaXhTMI
kLs06gP0UrA
kLuy8cxUK5o
kM0eIlp7D_Q
kMlnZxVKT2c
kMnbQ7OxPDs
kMnjQMdG60M
kMzNhjn3Djw
kN-Wnbm6E3k
kNIEMoBKSE0
kNWOG5Ck9OE
kNlDQEPp5kg
kO9eCMtC4AU
kOReYuKsIEA
kOUwwkrak50
kOvOIgDdqtU
kOxjwHBS_aA
kP0vyaAXpCI
kP3tusaGCAI
kPRbq0jFpgE
kPbkqAyrHys
kPjLvbDBpPA
kPmdBRgNoNQ
kPsrNI3VT1E
kQ5rqWs6_Jg
kQ6G9oK8cm8
kQrylRWygKE
kQs5dNRtBZU
kR5_NtIx-po
kRNg-WGSITg
kRwKR2YnZCU
kRxWDzZWOac
kS32eagsD7M
kSE9MncSGYs
kSN0RS-XzTE
kSfhuztygO8
kTDBjd5rH9g
kTEJjgvYFRI
kTWY_QUMfWw
kTbcg0Xhwfk
kTdOkWagzu8
kTjsYKic0og
kTogHouXGt4
kU6ju9prcXY
kU9Zq1znjYw
kUit66IboMg
kUwCLUPua0g
kV-Mbt89A2k
kV9w0ZuowCA
kVBkIujCk4I
kVW0xc8Pagg
kVs8SPKBXXU
kVuB8nmACxE
kWDeYuPgyug
kWpekNJP_Ss
kX1AFxMaBWQ
kX7Du82f47o
kXEPzb2cm5w
kXSW0Vksl-4
kXX_KmqDDO0
kXjSFE5-zCs
kXmgtz8UdkY
kXoSzDlD768
kXqWXgr3TnQ
kYLVbldGDbU
kYN6QO4wTJY
kYVX7mXi7Ag
kYZSWFzzZeU
kYvvZLSYd04
kZ-CrIEzBY0
kZoAeQAEQvs
k_o6buzA-JU
k_yf8umLmBg
kaGGozXuljY
kaLCR5NfYR0
kaRrDkDQedg
kaWM-C-QsFw
ka_iNR68O-g
kajUdUYpqJo
kazl3czQeT4
kb5c_FrT8dY
kbctYibDYBY
kboOhrFXcw4
kcFP6znC-g0
kcHSfNaVXag
kcb_oTSEjrM
kcfs-MFmKv4
kcjEe-I58y4
kclGGG7_JKw
kd0Kr9pl0Po
kd8trTWWC-A
kd97WMlcNpM
kdMleuSEjnc
kdqUbP0MxCA
ke755RgW-Cs
keD2uuFqQcQ
kfM2HTfQwmc
kfPOjAWUZzA
kg5Ak77eu4U
kgNMIA7x9fY
kgUZuJUnvWk
kgdjiOFqnpM
kgl3vFX6Q50
kgsJdHT1YjI
kgvYNkfEut4
kh1OIaF-XZM
kh8YpLDPv80
khjGTeJKeV0
khpgsoukiZk
ki45seRTJ5A
kjGakN9jFCc
kjK7FWFe3LE
kjNTsxj3rbI
kjSiI3b9xUA
kjyQIS__nuY
kjzATjV-lVg
kk47sbUsww0
kkk0zcoqkEM
kkoeZIjzfVk
kkwc8lWIxbA
klMKX5uIHpk
klUqnKU_20Q
klimz53U5tI
km4TNaRTBQE
kmIso9TSRQc
kmM0sJXJtM8
kmRmwlhRKuM
kmbGwf8d9TE
knoWo9ayWDg
knvuQdyga_o
ko1VN8fWAIw
ko8vOe0CAnY
koBWkrn4xx8
koCq7oIHx0g
koHih_glqeY
kodA3_cX8aw
koj7I-UNbco
kpDFrdNcI20
kpU7awkMyss
kpXzVPCZUnI
kq2FhfI5qCk
kq40yG_UPEM
kq4krLvUOyI
kq59rK6bqno
kq66ytY47C8
kqBDbUjP5yU
kqHVmK55CPU
kqJ7dJVHuMM
kqbx23u85mY
kqlW_6_iG9U
krZ4yR6MdQk
krh3ZvXhxLQ
krmtQT978X4
kryhumnup8U
ksWwdbTtLoc
kt1nknylz4k
kt4JuucgWH8
kuXhZFEB3lk
kuXogDo1aoc
kuYNhhkQMyM
kuuT9I7JYLw
kv3kCwhj7qk
kv8btvS3dVY
kvF8gqJfHko
kvmar8yr8Rs
kvtbfjQEDTc
kwQXIEjAWFg
kwT4aGFymrA
kwxna6txBQE
kx57B9TgCa4
kx7NtnVdlF0
kxLVjyBBIw0
kxUKSqiwyks
kx_irTihheU
kxhvBQvfetE
kxrlpyn1Xbo
kxvqv2lc4UQ
kyLy8lNho0I
kydeQErwlqI
kyncFfkM8RE
kz3yTuyoKBM
kz5qx4L8_6Q
kzkeelRG7x4
kzuYowO8Rbk
l-01iGO-fAg
l-fUPWIhITQ
l-u5ho7HBZ0
l-y3HFx6StU
l0I-wocQojE
l0W5Mi7b4NE
l18UBrsDVAI
l1SyQukk_AQ
l1riXs7YLdo
l1yuFHIdsoA
l29sxbEl_M4
l2HIPCSnMlE
l2TxAoC72PI
l2VtTxymwQU
l2f7D6320D8
l2quVBsiWJ0
l2vvlMg1yQo
l3DVpg8OROU
l3NFgDeRV_Q
l4BAW0N4yG4
l4i3dkoiNy0
l4kWChKbU6E
l4nAQlDGvAY
l5TNQrObJ4w
l5WPnQH6-Wc
l5XqPaturc4
l5l5x4U_x8k
l5vbxcbC2Lo
l6Zd5Y_-BoM
l79EqOHCrl0
l7SFd3MZx1A
l7bnp8kDjcc
l7o-J6dGRhc
l8ARb7djug0
l8mUQBlFLGQ
l962JlsCBuE
l9AkoEGRVzE
l9GS3UFT7cs
l9OGyrg9ZaQ
l9UNWPIxrJY
l9mT_C9RVJM
lA59qjCLSIA
lABxGaGAtso
lAa-Esms63g
lAg9mhmMFx4
lAmzVLonk74
lB8pxUAVNFU
lBNtuhsuvOs
lBhSsUcduYc
lBl7nZJZoj8
lBplPr9jkk8
lBq-6ajRXMA
lBrt3FKvv4o
lCKqaVHbWa4
lC_LTguKh-8
lCxtgLAWIa0
lDbtG9n-EzE
lDoWGnIM-JM
lE6wjpGyk-c
lEGlBSTerIc
lEsXDCYeQn0
lFWxio7dk7k
lGHJ2LG1OGo
lGdhiYakWzU
lGprlR-6BYQ
lHIOLOuJMtA
lI1B86Dewx8
lIaHwpTmj_0
lIo0Don4-Sk
lIr7xRHjeGs
lJh8p-Pqdno
lJrW9rAGNCk
lK1DHiz4jk4
lKcpRaD_FUI
lKu4dE4wam8
lL3FQkqA3TU
lL3fEzRM6jQ
lL4uV3iZUNg
lL7DMkOTCbU
lLN2RlMuOXs
lM-X8bMTbhg
lM0rwgfyrPA
lMftqEvKUJ8
lMvhozrbReU
lN8GmjVePcQ
lNAITwQa4GA
lNYHrDMYXtQ
lNfhkRKWFUA
lNg86DE-SfA
lObsDMV3ovo
lOmITUByhbU
lP4gyUHl_Qc
lPEh_yGgV9M
lPIxyTo30HI
lPRQedkSg1I
lQ44ixuptOw
lQQaY7CeExc
lQUVqE8lT-E
lQxgfQR8CVQ
lRD14UeOEAM
lRSJvK2km-A
lRZq6dPu1wU
lRaBUPdQnJA
lRm92PwvfKk
lRwYyUSTz7Q
lS2ntq7OVmo
lSJOeYe93fg
lSJhkcuAKwA
lSKQlx9T7Y0
lSd49avTOgY
lSdq-3NTr7g
lSw8p1noXJE
lT1MPSU0So0
lT8aNqvhaxc
lTEHcnfN9lo
lTGiCmr1qxI
lTbJ1Vo2P6Y
lThvImaqMY0
lTkgPJ6uKeM
lUQksDj-yAo
lUUhD5OcaFE
lUbNd6gEiPY
lUeGznDQiXk
lUvYRPbfZG4
lVUBEuMIqSc
lVYXV3qnvoc
lVc2gBvTVao
lVfX906agLQ
lVz3doxi5QA
lW0ZvgBVF34
lWId2LLTZdI
lWWm-rmvHi4
lWwFPM8ut0s
lX5l4fMgjuw
lXHahcOntIg
lXghuy6iKQ4
lYnibRzUR8M
lZBo6oUDVC8
lZXJGhWZcRU
lZroBhkL57M
l_MaLp1L4-c
l_mTJWOIHq8
laXDifSGuo8
lasJ6VukQ5E
lav2fMIpiHQ
lawRyq-wB9M
lb3UNBXy4TY
lb3eLy9hrOg
lb6NIQ6IG00
lbQ_uD2ruLA
lcGefI1mjrY
lcRczH3tq2A
lcS5jdSyMgI
lcl8NP4F2WI
ldXpBvXOb5E
ldvtbNUeNuo
le1N5Gn8GA4
le8F2oYttyQ
lfJ2uisE65A
lfLfbuwLIKg
lfkZvUU-gyU
lfp-UGoSszA
lfxnjvoH-wQ
lgA90UvgThE
lgDRVdFpz1c
lgL41hCkPVg
lgk_nF_kgAs
lh8AmWwonuM
lhNUccr1Jkk
lhaS9lKoBDA
li70i4RVXDM
liVdhDgjWg0
ligSJscmv0w
lixLRlXivAQ
ljFfHEBdS2Y
ljKtZT2kiiA
ljbYCDrjhls
lk0zBI_4FOQ
lkDgCD1Jj9o
lkETciJDlZA
lkrWs7mR0KU
ll1r3S4133U
llV9eazvSyQ
llfCDEuMjDY
llw648CKy_8
lm4C0gv1XGM
lmR6tVaz_l8
lmVyvm4EGdw
lm_4LX3qHtY
lmzRrvq7SWc
ln0jp0vAj7w
lnFnJQ_rsXw
lnG9FSqq6QM
lnjn2Yepqj8
lnkCnS4rXqU
lnn1gGfxyDs
lnxhKkw0chk
loEbpqeFvVc
loemelcgBQc
louflKixuNs
lpCcWFWHGCY
lpeqALiU7AU
lpfiH2oH4zk
lpuF01V4jis
lq8ZFfsLgoU
lqcbLgDCLHE
lqs68HGYyXE
lr09N8Xzixk
lr6pdZnJgg8
lrUm2We9twI
lrocw4fjaT8
lrqgB0RGTCA
lrz8K3Pq9M4
lsFoqyRA_wI
lt4cIgGPhnU
ltLhWL1Gzoo
ltPWdwxTQTI
ltRh3SAd9rs
ltczHzXGwPA
ltnmJtoSR8w
ltzrwSkb0A8
luE8rWAxjZM
luOSvPCg8HE
luRbKZy4FYY
luSrhWORxiY
luXEYiWWG3M
luwf-Zi1dKQ
lvPDoKSYDEE
lvT-RykDZdc
lvkJniSdrjU
lwBrtiHoSNM
lwY_5oMAF7k
lwceA_lFw7E
lwtKJjMDwBA
lx8dkSSkgmc
lxAkW6fhxUk
lxLizn__xrg
lxnYFzzoxRg
ly4h6MsNnhM
lyQscCGijI8
lyakMVfMBG8
lz4ANKpXDIY
lzmbmLAP1a8
m-8eyTam1Qw
m-OqyfU2Sgg
m-PE4mHaWm4
m-UybfBpwaE
m-pm4FC7suw
m042ulHFAds
m0DWG-b7k38
m0T7PUR4hHM
m0htswRpitU
m1-VnY_IIn8
m1COVtAbXxQ
m1o98LuJuxk
m22Zf4ewt3I
m26e2h5mXpA
m28PyEsle_w
m2PMqjIky4A
m2PfZGpZYUM
m2Q2lgh84vU
m2V3ATXXL24
m2Yw0uOF8bI
m2_b5m1bJUw
m2_vUHMJI0o
m2erJWb9nnQ
m2jnJD4Y_XU
m2lkUYC1Hws
m2zcSmoymlY
m3v5dMdEmXs
m3z7rF9vHY8
m49cXZ54ock
m4N5UL4_WKs
m4bBNtv3-pE
m4g5BeAYCEY
m4qXLWMIPrs
m4x1cIfujLM
m5Px6jICrUU
m5VPDGnMzcI
m5wZiVjHQSM
m7UibvmajxI
m8CKQrq3rNE
m8bgB81Hots
m8jxs4KP1Tk
m95QTC56Fvk
m98CF4_J-eA
m9CJUAaJi18
m9UB9WxSTYs
m9vSbxrrc1s
mA-3DOxyh2M
mA1i5Vwe3ug
mA2ES2fJU9M
mADOXtTNdgM
mATcKKb6Afk
mAZ1Fghc6uw
mAiXpBE4mcE
mAulMiul0NI
mBSogHqS2SY
mC6VFoBqZYI
mCDdh9q0SG8
mCX7n28z9iw
mChPZOEHVcs
mD6vhOqYr-g
mE49Lp8UOVw
mE6EEe7PzkM
mEfvKs7Ueow
mEiHp_MCvRk
mEwmKHjyeiM
mF1CHvptjQw
mF71lr2otP8
mFDSp0R66DM
mFSyGwrpXLc
mFvDf3qVGZE
mG12xv3ne8w
mGQoBBhbyF0
mGR9IOLwooE
mGaD59AEvR0
mGgmeuSSHFk
mGh_uAgQrAM
mGsCz7Olx_8
mGsxApJiGqw
mHkZe5sGhq4
mHsO_7jNc4I
mIHAN_8QStk
mIPLOigQuhk
mIje9K8t_Sc
mIuSO4d2IJA
mIzCWOfVyY0
mJSn-ztb_3A
mJb0UvKsFec
mJbhXLJpWeQ
mJnsIB3fl-A
mJvqvNf1oHQ
mK-NBeqB2D0
mKCB5XJFO3A
mKJ4eI8prPQ
mKVBIcHbhp4
mKs81BvBpRw
mLQ6-DS2Mcs
mLWN9JFAq1s
mLXX5pKr2d4
mLcd9kGB76A
mLvINebZh4E
mM09e1IlPmA
mMJrfT9dJMU
mMK-WZRLev4
mMtmy_0QkJU
mMxjhZYt6YY
mN142dKV254
mNjb9qttaRc
mNnK5aJ3Yik
mO91hTX5hMg
mOBPnDr-OAg
mOQZjwOQd4o
mOR8bCor13M
mOijy3hHbZY
mOsFw6cSlfk
mPLR-ukxPWw
mPQ-yXsMVb4
mPR6HBR2Ky8
mPYqweOP-HI
mPeTDytqAtE
mPi8vtTDxAM
mQOjBolxUV4
mRS5W2QfBHQ
mRmASTDE364
mRrGSCJcFcg
mS0JHgPjaNM
mSD1is-qWc0
mSOjt2HDCs8
mSZU0A-RXQA
mSgPgVdzMYI
mSgTwklJpAE
mSu_e0iqfjo
mT1lob73B1o
mT4aPWsSngc
mTMxyTPC3r8
mTUqY03O-EU
mTpPebUm3Xc
mTqHLlJjYSs
mUdoipStmEk
mUeD0tl017Q
mUmLvqhlGe0
mUmYY3U9F38
mUyxUAjBGlw
mUzcTesEuPc
mVaKHbLo7UM
mVj-Wt5117s
mVjSvABf_3Q
mVsp51nHPJQ
mVwamxPv-VA
mVxTOktq6WA
mWMtAaaX-pM
mWNpU11ZUdg
mWWz42JvMow
mWxk0ROq6gQ
mWyLL0jWbTc
mX9PPZn9Pr4
mXJrPmsuBus
mXTVtq7kEIU
mXhz0x6I1zE
mXlrWpE5-uA
mXp2NEqM8zE
mYNgNNbbm4A
mYPaER1gYcQ
mYs0n4JJoCM
mZ7Sdbbon0I
mZHzpZPdXsg
mZQxIPRhTUM
mZsbYKFgtbU
mZyjyx9p39M
m_3RCyQHavk
m_GMZlpWUNw
m_JjaQOy5Pk
m_n09b03t4M
maExv9Ma8oA
maMydvk3hcc
magW7gvJut8
masFJ8U9PB4
mbJQekjvs30
mbf_9kLSehA
mbs7o-GBn8U
mbxf5oeIews
mc-Xvok1ArE
mcCmxviuxF8
mcU2BncKaI4
mcZ7Q7pi0Qg
md1MFUAq904
md1QS-WP4s0
mdJWxSm-92s
mdMGQ5SSgOQ
mdlJ9qt3iCo
mdnyJRycuDs
me9U3XeCOro
me9wj9SyhMo
meAaia9_v9Q
meB0aXjyMGU
meMEMBZL9Rc
meN7nROtILE
mfAcjGv9Ofg
mfGneGo_2S0
mfTlOpbKPcQ
mfUh7Wa6K9g
mfVkVSugh4w
mgCG3u6q6MM
mgFjZgQL_DY
mgJUxoyd9MQ
mgO_thCnS4Q
mgdkp1E7biM
mgpENERAHng
mgu2-wn10p4
mhJbyxi0HJc
mhfFxh_sKgs
miXr5S5nv5I
mibnCnJyZiM
mifs881uvig
mihjcnLRWqw
mjBq1owFHvY
mjGPo7CcQqU
mj_sqxh0z9U
mjaR4MG71Wg
mjiH0omBGR8
mk0Tj1A-bMY
mkBA2RmWE8Q
mkGSr43bags
mkLctZiSxYU
mkNov4iZlYg
mkP6TT24_jA
ml5mOTRa-50
ml9Gs-c3FoU
mlK6_3dkPUE
mlSIPS7Ac68
ml_VzmXKkLM
mm3ouXw_qx4
mm7Gg1vde7c
mm_wz_yNncY
mmkwtyiNHwo
mn6RJSMba7E
mnJMe-2FHaM
mnlLaMmpQsI
mokhNQkbNC8
mp7d-UgCMmw
mpIGd9m-U-Q
mpMOGWL1r_M
mpPiw4fAOPE
mq9jyZ43uH8
mqFjklmryzc
mqXdtJS6CGc
mr67TRR4X6E
mrnnWZjeClw
msLC1juRCgk
msR73lUW3ko
ms_sveM-LIU
mtKCyYWB8q4
mu6Zgut7SOY
muDryhvXgBU
mudy_9vE6Ss
mupJDMxjHKM
mv6ms9Ndg3A
mvF_kKdE9U8
mvG8u4CNXN4
mvVr34n8jg4
mv_NETd-Z6k
mwJdRrFC1PE
mwK6VSGbylI
mwT8yJBODfg
mwrCBuJ2cBM
mx07kPA9Ozg
mx67QCplHXE
mxHMhzxdxOg
mxSiec0l4y4
mxadjjx3jHo
mxqsSVJg5-k
myBuCr_rS8M
myNRur4-Y5Y
myaBURs2yDA
myog0XL6aBM
mz8FohS3Qlo
mzZzOdiGht0
mzkKfIqN03g
mzwfi1afwWM
n-OsV8Bb3ZM
n-UThTBYOFk
n-VpUsbk7U8
n-X1YA7OYNI
n-dcmdcXEHI
n-dhYARJE3Y
n-jdFyu3bD0
n02dLridsvk
n062XCvt8kk
n0AVnNFrJGM
n0GlDrLHK3s
n0hy5rQvQxo
n0sNMbgRjJU
n0wnU4seTDI
n0xu7EAWSl0
n1C9sel2fug
n1LHAP1fKGE
n269qDwFRBM
n2TFeSHJoM0
n2nkGUAhL7w
n2zYHdhfgz8
n3-6d74QAX4
n36VB-yPe0U
n3IDmMw9f1A
n3TEZhr1VxA
n3UI1ZPedeM
n43Be-VsUMw
n48l6lgIpmk
n4AXoQT8qxs
n4Gvs5SkdTI
n4U3gJ46smU
n4XVlIiTcqE
n4syz4vzYGA
n5QW3YdVyVk
n5Rito1pWaE
n5aBd1NarJM
n5lwY6YkXUQ
n5tos86kd98
n6PbmyZwKF8
n6iRv1FgZt8
n6tsPQ3LOys
n7WFhyAVlGo
n85tTdDTy9o
n8w-PeOYHZs
n8yltziVW-0
nA5pX4WugMY
nA8mYyGa-1o
nAHqKMzj74Q
nAfDJZaAKZQ
nAoSQ6xytfY
nAosvgwsGQI
nAwOOpBIo-0
nBD6zYkjRe0
nBE7XaGARoM
nBpqmYHxf0I
nCDYEgYT86c
nCXMzr7-vjg
nCsHqqwWWIw
nCv1TzraWGE
nD2hPKi_OOs
nDLK7lptGms
nDlcAa1hhx8
nELC2jyi27w
nEMNoX6GqKg
nEkn13HJr0E
nEu4YHlDYL0
nFCJrdegDVA
nFDugrrJGSc
nFKRO0KazWo
nFUKwTb-VdQ
nFjlxpoAjWM
nGBs9NMvEQ8
nGfhLBMqvmU
nGkmGAktYFI
nGlbspKP5mk
nHAsDx6H7Yg
nHXRog-HnuM
nHfuZdCn4o0
nHiCeMaLHtM
nINyjWui0gw
nIRkJdH7R9M
nIbliXkFT8A
nIqTwzmk9mM
nIrVKgyzkEs
nIvVld8gHUE
nJ-inu64bCw
nJ3BRZgnCzM
nJ8luHRPlfQ
nJCu5uY2uDA
nJO_QtpJXs8
nJyZo23Fyxc
nK3Ef-2SR5g
nKGAobgSayk
nKGYA0QFoDA
nKLw0s_Z94o
nKQzjbxQHpY
nKRCxHPM16o
nL2D59Gfg9Y
nLO8rphChD4
nL_zRNJXlU4
nMAMq3iS1e8
nMG7o_pKggo
nMs42s6iZAI
nMyJKU2tJco
nN-N3bSG-_I
nN8Yhf7zhmA
nNfFyehy5n0
nNuFY1Tb6zw
nORFSYBWUEk
nOwSG4R9nCY
nP3OBgcyW2c
nPhDvT5oA2s
nPuUibrKpuQ
nQ5sYoJc4n8
nQJz2h9W4vk
nQQ-gUnJFVw
nQnovtUn4_A
nRIj1M4dNUM
nRMtiv8lHpw
nRfxOppK8Oo
nRu8DEvOnIE
nRu8OeNfnzc
nSHLKkmU9G4
nSJd8dWJC0U
nSJlPnrZRfk
nSZebuMPAoU
nSpI8H4DpXg
nSufvin_9f4
nT64digGb6s
nT7va2lw48k
nTEW19scdMU
nTtH7U-kw0s
nU6bhBK4I4A
nUCxwbMWqGQ
nUK56Xdao7g
nUWGqJFtp9I
nUiLacGLbyA
nUlBqDxzRSg
nUlaOjpASwA
nUrFUeBIqBw
nVC-uD6Eu7k
nVF7ucXx-Bw
nVP-2tuhN0g
nVQYNfF3R7Y
nVTyJXGacEk
nVWquuJmDQQ
nVg4X7sK4Vs
nVoNRC-Kdw0
nW5EOxA4obQ
nXKU_6rBRo0
nXQFjRboTFQ
nXXBqf4ZCLs
nXYt8QS__kU
nXmt_EdXzdc
nXrXuEy_rJk
nXtGf6quLAs
nY-CTRhTEQk
nY1vfdJsyZE
nYRJD-2HvyU
nYWrVvd3M1U
nYZz5PVULaw
nYkttuLHrM8
nZ1KcHWZjx0
nZeMJL1SC44
nZm_w5Y-RsA
n_6vNei1tGs
n__fd1owhaY
n_h43NedIQ8
na8EpesG-tw
naVExWi8jGE
naeHuJ1nTSI
nb99pYLeOaA
nbIZo6WSHTY
nbmmld2fKvw
nbrGKeljAkY
nbtq-iurWrw
nc2e3VlPxOQ
nc5FZpZLNuk
ncrkBYthZvw
ncxofEUQwTg
nd0td6HIdU0
ndQ-tM_M1hw
ndZ8CdrtGLw
nduKkG2Rljk
neBC2rZvp58
neGx08CMgbc
nf8RSzFoXeE
nfKz8lEGVv4
nffE_nHTeS8
nfzM8XfVi8w
ng3H-sEFhcQ
ngX6LX-RDFw
ngnngMV3Xhk
nhMCZtZb-TE
nhT0AxRTvyU
niO-9RdA1DI
niSxMkWM634
nj7YdZmHl8c
njNJCUShAAU
njdQKGuQojg
njiDe2rIOjc
nkAZXPeWh4I
nkNuhpex3ek
nkkMiJHL44M
nlL9qO8YGlw
nm7mAEHqi14
nm8FIECarkQ
nnFaLW89V_8
nnMNKno5Ua4
nnPLPInLRAw
nnWb4Mqa-4M
nnheQwo7Qbk
nnqe6RrXYEk
nnzvsqrLiLs
noGVH6Z5XRU
no_ohfwQRVY
nomJ7X0VJMQ
nop8ytjkJKQ
noq7u8bYf4Y
np7PREVandk
np85TEukIIA
npZebDSiJgo
npZiTYk67HE
nq7tWu3FsRA
nqMTwyr2ffQ
nqTHjaqPv0k
nqZMKIsAfWY
nqlA0DYGLkU
nqrq0-uN3P4
nr3DcuYfblM
nsgwWFTdNbs
nshtMKA3bRc
nsl-Uvcy2L4
nt2Oe5D7PF0
ntJCCcGuQNA
ntW44KJGY5I
ntmOo9PPE-E
nuGbuR4NHio
nuMIM9JaycQ
nuT0oW2uzoI
nuUwIn_X19A
nurfCpnx8lY
nuusLEy9DGE
nvFnZet2hc8
nvKg_MyX6zs
nvLP8o1fVsg
nvlwDcwEDGE
nvuf2SJSxQw
nw02PmpTCzs
nw1hpP_TJfE
nw2KreiZ2PE
nwKWxXjW1rI
nwNdgUz2erM
nwQF4wFdtqo
nwXsxhaCEyw
nwZtXpz_7dg
nxZlW7ceFN0
nxaLdKRpwys
nxcMUc2czSA
nyMzNONHSKg
nyT-CtOB1xc
nyXR3JqOs3s
nyhQS46jNuA
nytxhZj0xD0
nz2I4DnLFso
nzEJtoMTZ4Y
nzpHxI9RP5U
o-5GuOIyrfY
o-P10fpJ7ok
o-ytPRkplwM
o0jufmjb6VU
o0kW3BTYG00
o0kszkGpeSc
o0kt7v2R8ZQ
o14nNJv87sc
o1M_4IH9pTk
o1hatUhyrtU
o1jut9j3HYA
o1wmQftHa7o
o226w4hg5xw
o2_jiA8Tocg
o2n5OuP5AqQ
o3-wdtTfBf0
o317K2QSm8g
o3qPddQbziA
o3qyCXMuvNE
o3xCy_gz9bg
o41gOjbNQpg
o5fU0cV9yh8
o5saDjsoN1k
o64YSk9gvfo
o6HqvHeLKZw
o6J39EN-Vlw
o6PRLzkhcFg
o6_PkJq1EHI
o6lIke6AFKo
o6pqAQ8vKZw
o9JYsryJGEE
o9VGNtVPy_Y
o9a2PpK1l2U
o9bwCfNB05I
o9iBe2zytJw
o9sjmpuVxog
o9yQfR-lIbc
oA1CGSNlgek
oA8SX16nE0Y
oAoDILwcELk
oAqU1W6A0jQ
oB5bo5edn0I
oBMY-BGGse4
oBfdubXbPt0
oBp15KLadbg
oCQu2SS93mo
oCrlFm1MxWQ
oDBsSp-nvAE
oDE0wNpvQBQ
oDN_14lw_b8
oDYmX0UeyAE
oDgbdee08DE
oDjEKT3FPYI
oDv1douDbMQ
oEdbcHXgqNQ
oFT8cUcFcu8
oFVgTFx-muM
oFZ6Bq0dEko
oF_3ZZgWkEQ
oFdiZ0drKMU
oG2UpCdwNiY
oGIuVfUTLAg
oGYFrJuM9Hs
oGtc1SwFqp8
oHMk_L2ovvI
oICDs9jnGKs
oIWsJTmZ2RQ
oIdPtHHHDm4
oIyrvhE8uPw
oJ1ew-1a5YA
oJ3v17RQbdg
oJ9eH6AKpMY
oJD0WS646c4
oJK-Ks8F2LQ
oJMLpWUI23Q
oKZVbmTbO3E
oKfVq1A-bis
oKoihvG0RYg
oKys3qcdogY
oL8MF6M_QTY
oLRuQl3T0iQ
oLlSQZqBOLY
oM-FORvsXDM
oM6ZZ60mWr4
oMWbGRYCVHc
oMfzN8Ysk1M
oMhCc9vYgkQ
oMqZOeElKr0
oMzaOagkxZI
oNKl7N8Hngk
oNoC7_Qh2DM
oO00uqMvgow
oO1Dbp-PHQE
oOP4R5BCIrU
oOWwbNtrBCQ
oOlMyxptCwY
oOujX8hDBts
oOuk0rx_aYQ
oP0hMxxdcek
oP72qCYU1sc
oP7tUQdX08w
oP8DZoqBaqE
oPBfWNuTV58
oPG5faoEZss
oQRyTrdcMWU
oQX_lRbSVkc
oQzooqQQk2Q
oRTdL7__q2Y
oSMn-_rFR74
oSVz8gpCEbU
oSbCEmwhTGE
oTNOhjRAjts
oTRcYZFfUys
oTUtZsdcpzs
oTbZjxJLPWM
oTyaSenRwMY
oULSL9xu0NI
oUkQL4xFYTo
oV4Uam3G7e8
oVKWS-vLSa8
oVbFKWNJ04I
oVolbUcyS7c
oW2J37eAFkc
oWHxWF5-MGc
oWQXJeyUDRM
oWrxYsXmhPw
oXGtzU9nDts
oXH416FcasM
oXN9swU1F4w
oXNnGZfMR8U
oY-grb_bf48
oYdByycJAB0
oYewFk6ABBU
oZ4wSRDvgVA
oZ979UF3nF4
oZKo7eplGwc
oZL5rT9WT6I
oZSw1-PRWeY
oZVCwfRyVy8
oZ_HRNRjujk
oZcQWpBE_2E
oZn0GcRvY2s
oZtLXkhFQQY
oZy_JwPRVNA
oaA51BXaWKU
oaB5l9snYKc
oaCozM8khnM
oaEPlIzHEy0
oaPvyHXW8qw
oaQdqWn5U2U
oabRjuL2nTM
oah0UN4cv-M
oan9rANqs40
oapUVwE7dS4
oaqH7pQhF5g
obFpk0j_18U
obTgJFAhWXk
oc5OhaxzX3g
oc9NnBIgz6o
ocMsLOE7L40
ocxCQ43hUUA
od3LkN8Ncxw
odC3grxhVKY
odRFEAlskRg
odYwkjisqkA
odcz7Izuc5c
odxKPjut-Ac
oe3QfPtnxk8
oegTDacdkis
oeib_0gwnRU
ofMwy-121vM
ofN9ImjEgoI
ofQR45rZsAg
ofTi4yxqr2M
ofY_j-BjMcs
ofifL9fnudE
ofn0g4MjZd8
ofu1N96oVKk
og6xHuQzRoE
ogCTS5KWIGw
ogefll1dx7w
ogh2a8FsWnQ
ohEImVkFTL8
ohI6n7mXBoA
ohRXmZcEMaU
oh_20IzI6cI
ohaOZzPXXS4
ohhCGtqFJds
ohnH5DYFNV4
ohtTS05f1zc
ohzansUWlMc
oiRLhVM0cU4
oijT01EcHYQ
oj08xDxNRAs
oj3eEf8gfnA
oj40TTDrqzA
ojLbO3sm8nI
ojijDDE2oso
ok3XpJY9d8I
ok6qrO6Qn-c
okOxbmtR1ak
okXwkqYAKyY
ok_qk0mKz4I
oki5S-h8KkU
oknTSYLkvNY
okz02seLNgo
ol2FWD8YdMw
olBOX08k8YU
olGdAYL57gE
ola-GSQ4oY4
oli5XSxiw2w
oloUzm5zM1o
omI6aM9vdQM
omUJ1-YYJOM
omYl8uSHbgQ
omeeCtCCvpw
omgPoAu7_Lk
omxFQQhGrUo
omzqcgRsX_8
onRAF-GoN6w
onT45NB0z-4
onWx4nUf5qs
oo4v9YJ0MNo
ooURDzF_93E
ooVSnZYi5E0
oouIXKh3yRM
op3xBLOro7Y
opBmyOwiv8Y
opCQRvz9bqk
opaZvhTNJm0
opdzsEmb8WU
oqB45kNe0Wg
oqM1WW1a3dY
oqSFfgONoYg
oqVYvjsduKs
oqdjRAe7C44
oqmrl0stWRI
oqqSCE0hZXQ
orEmLFE_ec0
orIu_4y32W0
orU5hsi0ZDg
oroq1g29870
orprgymlk3U
orqZjeA99jI
orsIs_P73cE
ory8UVaAm5w
osPn3qJm0_I
oscDT-awbo0
ot04LV17VV0
otF5R6weQy4
otU1rRc_jCo
otUY1pYJx_8
otdzE0W7gSY
otoeNtw_M9Y
ouBMuDp9gCc
ouKn37ipAwc
ousW3trcT_g
ousiR45HZ2Q
ovaeDO05vc8
owAGgNdkqLw
owXB0RhIEZ0
oxcXwnjjCVw
oxu_UQLr-K4
oyoWtqUVIBE
ozCccAEfth4
ozgQlXXCqF0
ozpimWU1Mic
p-2pIZ-bmJ0
p-D3_YDDhPg
p-K1AJ3bUm0
p-bxalSSsv8
p-t6Yqp2Zss
p-uukDXlfT0
p011koqxMzE
p0CeKMmLxwQ
p0D7dyKKAUo
p0DoEhwpS7s
p152xYefYHc
p1Jm0jPeM5g
p1aSqx2FhqA
p1efn63vY6k
p1j_5-VXPp0
p1oDX-pF1gI
p1yLJnaivMY
p2AxH5PWaZ0
p2DGeV5PsKQ
p2U7XyaGJik
p2WD0INf1EY
p2xiGjyqKsg
p2zDqqsiIQo
p3vKqqsB7zI
p3y6rZ--Tas
p42mesaBNkg
p47fU8nQ22M
p4JPRW5iTnY
p4VRz29MGNk
p4XMpLLRXn0
p59C0Th3I3M
p5V4akU25UA
p5Z2Phc0RfU
p5aSVeQfwPk
p5grnQfI_Ck
p6JLOZiYUak
p6NlemaU0UI
p6PJr7LZXjc
p6PxX9-2G0U
p6aogiwFrqE
p6dkufcYqW8
p75til2iQZc
p7Xga4zPyJQ
p7ZyJQQdcto
p7zMPrTM3Z4
p83RYszeLCU
p8TYL7sjg2Y
p8cqt3wrmm0
p98tAew0PRo
p9MoXyDGdOs
p9StZukrSpM
p9ZqdjzItZM
p9cKQ6Z7M7o
p9hrJvvLrn0
p9r8D7LY9IY
pAHENDr6Ld8
pAHwp1HuLTo
pB2D2YRgHfQ
pBAeuq5Y8Go
pBGjUyacw7k
pBWSLJqVd6o
pBdimIG-6Jg
pBjl_rUa9O4
pBpsvmgDiTw
pBuaIajYJv0
pC2-IcYwX7Y
pCBqpb1VCiw
pCCWsMTLsqs
pCH39Nl8DBw
pCVofxRmpRA
pCb-IZonwh8
pCj4so5q6f8
pDLgrAL8Kik
pDgdKcbYqgI
pDsMaTkLpLM
pDya1CA7bwc
pEKfFx1kLgg
pESoMyrXico
pEcC092DnnA
pEnty3Jt_lA
pEoBkWKak24
pEsl-r6ey70
pEubwiqb2HU
pF7JSS9pZg0
pFB1sVQmLj8
pFCfFuUJYU4
pFR11fydS44
pFxGl0TGLjs
pG5Be8bTTTw
pGRhPmbrISY
pGaW44TtPCY
pGfOKhZZpKw
pGoDEoHARXg
pGqC106cIi0
pGqek4XO_j0
pIDomcudj7s
pJF4K0eZOhw
pJjSBLGr0mM
pJxGKNQXIEw
pKHhZKryOkM
pKSw5u7cX0Q
pKUeeEiYdxE
pKYvypxhkxM
pLMbzwXTFXI
pLgqfF9dzgw
pM97hmoT8hs
pM9b-xX3XOw
pNSjERQE4lM
pNYn6SLNN9I
pNjOr1juDZc
pNng5C0halE
pNqUOT1ohhU
pOneeUOkm0Q
pP82X8vrqpA
pPM3t0sK_QQ
pP_gIvMf9xA
pPjtOCyEMXk
pPuHeOE8Qo8
pPwPs5V9ypM
pQ63Uv46sVU
pQE0jj9lwd4
pQK8UDv_yPs
pQLMVxrPX-M
pQSaC_ZVIuI
pR3VJyZ2umk
pR6BrlLHXcc
pRKXIp9q8Ds
pRZcQmpNDJM
pR_JFjbzXA8
pS7Ye_DfwIk
pSCk2J2ZNMs
pScKYHeTS80
pSksDgYbfG4
pSoNo0DgZIU
pSseSaXEmCk
pSxPnH8igJc
pT7I9WD29VQ
pT9UAREJfqk
pTGo25O1JCE
pTOBgQ4Entg
pTQKBp64wwk
pTYXNoby_XA
pTd4tVryF4s
pTe0v6TDwDI
pTfUZPAQEso
pTzwcjx_-4M
pU2XqFSk8Vc
pULUdJLh3vA
pUW5qXrKNz8
pUsxPxUmcKw
pUz5uJTN1Fc
pV2X2V3IQAc
pV4nOHcHJtM
pV5dY_gTdTI
pV8SmCMRT-Q
pVgLfbMlPWY
pVytJGCd_SI
pVzpbSB4W9o
pW1-a0V8EUQ
pW2j8w8QJmg
pWNFXIRleHQ
pWU6EWKygYY
pWZ8VRa4Fos
pWjnVEREkH8
pWpVRBA3G3A
pWqrFVnfKOY
pX5C6PdOIE8
pX6h7pvTqzg
pXRCDOxR0DI
pXWKD9KtuP8
pXwFgKVeTj4
pYWsoZFf5WI
pYiREVHVAns
pZFiN4hc6C0
pZgp8yAyJbQ
p_0ReiQlVFM
p_1nWexZJl8
p_6dv_ETwA4
p_VFkhBfDTI
p_isjPfMW3k
p_zNuFQMC34
paVV2VIpZkE
pa_8OZjGHes
pafu19gjXyQ
patAj-g6prI
pb3ol9Gnhfw
pbRYeW0kyLw
pbeov4jmniY
pcHdZcuqtKI
pckdIUYdBcE
pdEAV3pBwtA
pdMwaWQawP4
pdOUDX1bH6k
pdpDNwNmPAg
pe1a6xSwHUA
peIByishElo
ped10K5zrRY
pejNNKo-JXE
pfU5FT6TBnI
pfYOfe20nDo
pfh5w3Kjie8
pg9ImodrbT0
phF0XCY2C_4
phfVd9tCofk
phh8efCL9lM
phmuwVB1tZk
phv5xZUVlrA
phvW4Qovc9g
phzAjS_vzyg
piBy8k-tdq4
piFozXcRF_s
piFvxq_WwDg
piK6CZCtaBc
piSUGdAUZCE
piY8_cJ0yCo
pigRmsq6qI4
pipC3arBXLQ
pirP7Xrp5oo
pix0rg08uwk
pj4wYqJQwNM
pjMezuHErw0
pjSytGV5F0Q
pjdZUwrqpIw
pjq9LzpgIFU
pkFtnU9OkUc
pkgoiqSQ42g
pklr7aVTCdc
pkn7FN0I6xk
pl9nXBqPm30
plHftlowDho
plUjfsqY2x0
pliVQu-Z_9A
pm1je6FX-b4
pmTSmb11Duk
pmXkmsXTG9Q
pmd4_guunTo
pmqFHL0KmBk
pmu0DS0oYnw
pn-ge6EZjUk
pn6Ayt4wG5g
pnMGhlAtUko
pnqZLwoPljU
poCNBj8nTH8
poPm2sWKybI
poRw4tubjyA
podfh5B9nGE
polTFYIZf58
popJt72pTeE
por2Bp1tl4g
porZm3jXjGE
pp5NAv3OEUY
pp67BgIINqk
ppEcjFU5Eu0
ppMZb_Y2kL0
ppSLw7E3TVA
ppVh5ukTe38
ppeKgVC24So
pqMnSHRnJxo
pqQ1po9Yl0s
pqzPOuYvTwE
pr9rBH_LkGw
prHMdRfC9wg
prclUq-sp3w
ps4RPfrzIyU
psVkuvKjAgE
ptcdaBLzI48
pteh_iyXDfM
ptzgIQrkN4Y
puE78-rvg5E
puFpl-UopLc
puIeqovsGaM
puImxj7bzuM
puPqhMgbh_s
pv--FWsbvRc
pvBd_AozGUc
pvTDXGtRBFo
pvyQznksjbk
pxrl8CJ3ilA
pyJoiIm0wAU
pyMSKfRrmdU
pyys8KJQ1bE
pz-DUL0BbzY
pzFXQQt0XEc
pzXEgi54Zxs
pzXHVCFVMXA
pzlDXjXngHg
pzmRx70LUEE
pzruvmQlsA4
pzwp7dUCobI
q-IW73y-sV8
q-iU2Ga9tls
q-l82Q-Vtdo
q-uJiWse0Sk
q07r4PFoHf0
q0W1iEcfQBA
q0wFcgxgWr4
q1LQZKvb06k
q1QnuN85-0U
q1W8FsnAYP4
q1kfBT1MPnY
q203RUTi5Gs
q2Cm5j_F3xE
q2ESI6oDOYM
q2JDs0WEs7U
q2PfYPhP91Y
q2zrPB6IJos
q33bjS_H054
q3BPOSIdjdQ
q3E80FuK7WI
q3aDy690FbE
q3g9ELjPWTc
q3jsgNAE3C4
q3uP1Y0L7-I
q4SORMDZF0E
q4guTum9rUw
q4mlwuaHFCs
q5B1sGeO03c
q6k47sH0BBU
q6lY7Hd0Ors
q6p0mYi8yWI
q6zR9uHeqXA
q797SulVgps
q7abziIyaTY
q7gkZBNx60o
q7jik-35afY
q7nS8NF_xMI
q85bvOOPAsU
q8NIQ42HYkw
q8Oz41dmTPo
q8WKg4XWTJo
q9e3o2JBOcA
q9nFFWc11U8
qAMiC5Xm6LI
qAff5vPF34I
qAr1NRQ4wjM
qB6pxHaRLtE
qB9RWqo-Iy0
qB9YxjtAY0w
qBPGOZt-EZU
qB_82HzqQ8s
qC8UcvXNYSw
qCTnUX1-Jc4
qC_9jdnUY1E
qCtQhlOlyFk
qD7ULHsGN1U
qDAkWn1NbPM
qDCMT4H4fCQ
qDgQPHsa8-s
qDnqcg0bIvY
qE4ou0VEKyc
qEfDTUERFOE
qEkwbJ7W0io
qEnatcnUTjk
qEpvgC6PdF4
qFdpImYo_sU
qFkuZvagftw
qFo6H_5te8A
qFoudgKinlo
qFtWDUVe7VM
qG05sDHwAJo
qG44fwqAdv8
qGDqebeOIjQ
qGRXy5b8edE
qGtWRryUwcI
qH3iGu3nWmI
qHthDL6D6EA
qIRzFx8PyZU
qInkf5DwNTs
qIsMfEu0zRo
qJKwFlDLhyQ
qJTG8dje_hI
qJaKZG2woIM
qJvZnGRMaeg
qJwI289blgw
qK0ioUEJ_cU
qKASwHzms7M
qKRRH2aMXBQ
qKfXIg9lWew
qKyi_LMaGVw
qLG6CQax2_o
qLNE6AgNLdg
qLb4rWCAbjA
qLfVy6nufMM
qLlr0P4b7_k
qM5U2jnlvUU
qM6NCYscKlA
qM9tLM5HGzM
qMMskRUOZKg
qMVX3gy8izQ
qMhqIc5C214
qMvBDyM22v0
qNCUolWJI7k
qNJJ6dnDct4
qN_v-976muQ
qOPvd42iXNw
qOQS-zC7Ug4
qOw7daWLjVU
qP14J9C6Bcg
qP9ssbs7zEM
qPUHIYs4sBA
qPcJm_t4HFs
qQ0t2onVj9I
qQJ-dSvVhQI
qQljyTjnm2Q
qQqdqybIdyw
qQzIDJF4cGs
qR-_ULp1PV4
qRj6xyvpzw0
qRvZqtTg9fg
qSYylzs7Hc4
qScyDIwSo2s
qTVRFw-SA_A
qTjBGEDTKC4
qTrBshSP4eQ
qUMa-44WwfA
qUPTAmm9xNU
qUyw3moYhpY
qV7Yr-2Xh1s
qVJqvjjEvVs
qVJxHep-LIg
qVVWyTXiiLQ
qVbejcMNd-o
qVhofZjmiDM
qVinHyl-YRc
qVv8LjQFi5A
qVxXc6msm7M
qWNnS8G5uk0
qWse-y-UNhE
qWss4gM8lWc
qX6vcsPoEBw
qXSnK3gAlaQ
qXV88oqRHNY
qXWw1FpQQZg
qXsDCJ88RuU
qYBZ07yJqW0
qYIjoqrkPFI
qYTlR0DOfbE
qYaBZUxDDms
qZ3FeH5ykYs
qZBlpr5yQKA
qZV6EOLz_SI
qZqf3PEymq4
q_8wCPYX9J4
q_9veLjxRG8
q_Baw3EV72g
q__hf4STWHk
q_cJaG-z84c
q_wqJ88EqZ0
qaZTzDJPc2s
qar_Zc1xvOg
qavts1ZvAZo
qbT0m7HGD7Y
qbXU3JXVQMw
qbqSIohS-Ac
qbuQmHFyyjo
qcFmNNShLEw
qcNbAWi6D4U
qcPXKAVgd_M
qcl9jPUb5wI
qdTni589sv8
qecsr7QQoJ4
qeflo4JCHdg
qel66xb3mpw
qf3Djgvy9Ak
qf4o_UzkCM8
qf5P-HK6g3s
qfM9biWXAis
qfTHSoNsELE
qfX9GESDcd4
qgCAB2Kz-M4
qgICHW_8Q0E
qgKSNNkU8jw
qhA6ptTmaS0
qhPO8SfdRKM
qhXmY_3vfwU
qhZgeha7gMk
qi5kxaNNOhI
qi8iE-g34jM
qiF1CVvIqXo
qiGjkOJ0Z6g
qiPC1eclymE
qilJkLfRJPw
qix3bGxzI20
qj0myoje8Zc
qj8a_0LAR0c
qjCjoWJtnCg
qk0SE1FTOoM
qkBrEXg9-9o
qkLd5X-fRfY
qk_YbgZVPpE
qkgG4l1UDPQ
qkjmRHCzdvI
qm5n1_ClTc8
qmFwPCXmYRk
qmTpF1FwZLs
qmaUHJWa3zw
qmlpQ0amisI
qmsKxh567uU
qmue8MqkBZE
qn10kPGGMd4
qnFa20IYb7Y
qnH_N8MpZ0s
qndCYaSt5bE
qngxHDOlXYU
qnhlKwFzcak
qniO4sC1Gg8
qnjQUPvcAYE
qoC6DNtm7s4
qokUPnHahoI
qokvR-pf2B0
qovw9KntpDA
qp2HZKfncY8
qpnGg6ULJPM
qqddzK7zpHY
qqzJtZAY178
qr1VXiSd1fo
qrCCNDm33i4
qrElusfullY
qrGuVSmtCmY
qrM-RHB302A
qrwG_jjWbzk
qsl--Kht1jk
qtINI7gS8QI
qtKTfOs-y1k
qtOgf73xp5I
qtVjfvl75co
qt_9z6QFKnA
qti3lphYCxY
qtjUuLvklaU
qu9VB3L36MA
quX4v077g84
qurT-WyALIg
qv5d4npfYnI
qv_Wi9iRgRc
qvxH5N8mCmk
qwSG6dAiQLs
qwcMWv9DKHE
qwlBNpI_ab8
qy0YgfREP38
qy8lSDuyK6s
qySu2L_oeYY
qyVmT64-LAM
qym_h3lBGsA
qyuU60slw5Y
qzjwy365rN8
qzrARq3WOFc
qzs7k7wgsyg
qzt6WO6lKLc
r-5GH2-HUXo
r-BaqRzGy3I
r-HNqABuqnk
r-fgpx1zvtE
r-o5FapiR2M
r-r8_T29iDQ
r0Osm_bsCVA
r0VfpY6S6uQ
r0aj4iQjh3E
r16ZWZH8Qfw
r1HvG74dRcw
r1ZVrE5JW8s
r1rP26OCu0s
r20V1r2yqQ8
r24E-avjCY8
r25gw1gYlNg
r2S3jfDVcMs
r2UwL14W9RA
r2b7RpV-gCw
r2cKgFcBYrs
r3H6IFy7Aw0
r3d5wyu22JM
r46Tj_2fIss
r4I-sNEtwuQ
r4NS6tpkbOw
r4XsSz8yV6Y
r57ATXKX8Cs
r5QWX5iOHc0
r5RIWhDgVEc
r5UsA_H6CWM
r5Xag9Nb07w
r5puyJqLNbQ
r6W-hiAL65U
r6dL6upszQ4
r6sqAZWHbHU
r6yNUicxOgc
r7--WUtnXaw
r7VDjLKwbFQ
r7rbjnQHArc
r7w0zfO6TFQ
r7wqktk0h3U
r8AwKyT-lu0
r8FBCW9L2fw
r8LS-_WCnsw
r8Uz9fKdIOA
r8V48INyIaE
r8WaBey4OrA
r92bNQe78vk
r9BM1OhMzhs
r9eCvEgALtI
r9wdj9s3iI8
rAHyTJOKxx8
rAk-A-AY-Sc
rBONK0clh_0
rBabEuZbN6o
rBbjX9bU2ss
rBiaodxzkSA
rBitsAd4-qI
rBpS1k5ikFA
rBvBirQJY6k
rBzExtamW88
rC7c6R2AKDM
rC8P1VOLRc8
rCWON4RhsL0
rCY7TCslJ8k
rCbweJWr2Nk
rCpx326TVvM
rDUgYBTs6uM
rDVfoxIiLJY
rDca5_Po1s4
rDjgrEyp9Uo
rDmErHoM4JM
rDzh_xuZC6M
rEEzcomw8HE
rEbnhXUTYVE
rEqY6l38VWg
rF2GR2k_T64
rF7BLI7oFCY
rFI66hTMTao
rFzN9xTTYHM
rG0_GKjTVUs
rGDTD-nNLSQ
rGJ8Hx9JBZc
rGexLV6LDJY
rHJw2xKjV18
rHPuqPt4MIA
rHcqwDI7xl8
rHgJNFCCq0M
rIHyjVYN2BY
rIUQ06PiAyU
rIwm391XDCY
rJ-owkd3ruA
rJ0Qpwo1uLg
rJ6sGiCiQt8
rJNDIQOT120
rJxgcTtXNs8
rK7q8Br7DDI
rKDd4RXjoxM
rL1u4JZKMM0
rL7rfnAUxAY
rLGbpda-Ays
rLJgTprYE30
rLMhVBOH2rg
rLOkuoZmAXU
rLoW0bsQ4nU
rLssS4EfjqU
rM3N0JSIXcY
rM5pRA0WDDQ
rM9o83W6gxM
rMC42l-mn9I
rMCiQ8DxpbM
rMMhzZg2FS0
rNGIoRe41RM
rNKlXbY8e4c
rNUzklsOK90
rNkQP6PPUqQ
rO8aBrG2Pcs
rOCLUGWnoeg
rOYhzCp2gaI
rP7EGGLnQNg
rPEy1wKy4Uw
rPdE-daobSk
rPlnFZBw25M
rPw2XRWc6Rc
rPw_FcTndzE
rPxQkV9-f14
rPzInMJmoPA
rQL00ZV2ZRM
rQLB82TJO5o
rQO1y7sAJUU
rQjV5C7w9Y8
rQpH31rVH0I
rR3EP7GjRlo
rR8hgiDvpY8
rRClWWKy2zw
rREy8bsdnB8
rRJ9FZAk1j0
rRJkhSqMXcY
rRNqabFcn50
rSWp1HYlgW4
rSd8l3CaSDo
rT4jMNO5tGg
rTE51HvgxUI
rTHSNQJwzQs
rTZIwm1C144
rUIe6cqO_kE
rUWuECVRfog
rUdhn5MrBjw
rUrL2Ri-jHs
rUyBl0SH4cQ
rV3_Fpb_G5Q
rV7E4clG1ZE
rVIdo2pmSNk
rVRSCc9sIbk
rW1bT1c6gLc
rW6yz-ztsSs
rW9npjCNzOk
rWOBm0AKmvk
rWfgBWLn-xY
rWkll4UorrY
rX7ruvXNAi8
rXEhskF52-E
rXynUeyeSic
rYKtkyyFJvA
rYXPsZbJE28
rZ0sJwX78wk
rZ31RAlo0pU
rZ338xdzE2Y
rZ8qJ6sTqeA
r_9p3CBvGBo
r_ZUNrBWjYk
r_nej_0QLNI
r_oS3YaBRXI
r_vUtg00HsM
raIsZVG8CqA
raZcw1-6SVg
ra_46CQJWNs
rakZAN2Yieo
rasCsQo6aWs
rb82BmrofIc
rbLGrL82Hn0
rbOyFEX-0hs
rc8ATc81Hf4
rcIGc1jkZM4
rcIgYIow1I0
rcpHOmwB8kA
rd5LuIzFnN8
rdEcOtI0FUU
rdTuHJRVOVo
rdd3vGTOi94
rdhtneWPr0Q
rdjrT6Mz68M
rdwkT7_QLRw
rdx_x9n-yh8
reBa0uYg18U
reOLkqV2_38
reVs5P6R1oI
relquAttNJg
rentivpRCUI
resJk2dKPJs
rf51osTYuF8
rf5jPec6xM0
rfF86ph_5f8
rfFb-vM7Yu0
rfK9ZilE-f8
rfY9sJpPkzk
rfhKTHJMOeI
rfnZ9LbsW40
rg_Nu3Y6UNM
rgoY20JsdDQ
rhYiuuwwP04
rhlV21z--MQ
rht2M8c8hJM
rhy-NcwAABc
ri2KkjvFc9k
ri2Qk72XrSI
riFmHPeWAeQ
rjH7TAvvIDo
rjM95CMjI5w
rjSWmsITbPI
rjiXNB_ZCyQ
rk55PHhYoyA
rkfi8pjO8KY
rlbMAyf4_Dk
rm7WzcQyPUk
rmFI0xxbRPs
rmTBuToMHTg
rmZUKjVbSpo
rmr1GgkZuG8
rnJcfQ1c4O0
rneX2HgSQto
rnkUFsp1UWU
rnlVnBENK_Q
roBL3yMrYCs
roCPHhWR0Dg
roEn2MSMNiI
roKsaYL36Zk
roMwKc5u6p0
roUEc5A10NQ
roe5pVD1R88
rozQgqfh8_8
rp83U6siodI
rpX8MNMQNTc
rpXjP1RdZw4
rpYJJtYMSJ0
rpv0Wgfg_d0
rqLlTOO52Po
rqXU3YJcxPY
rqpEm7et9zc
rqpy2b1aFLY
rrJIjyyk43g
rrdC7BXCLFA
rrfVPfoJUmI
rrj1Mz3BAKw
rs3xwRQwjqk
rsiBHbW9JG0
rsm96fWNnB4
rsvqJuYirpM
rtAJ6er9oPc
rtQ-oDK9FNA
rtgeZuBh2Is
rtqTt6iDO0M
rtzAitcaxEg
ru3WYxsIarg
ruAKYqM9OTU
ru_hzRW-mq8
ruy-0ZMNQko
rv2q_CQgiT0
rv4rtpkO2Mo
rv8YWBftgm4
rvM1Gk9PJJM
rvruZ3njvgw
rw50loHMTxg
rw7jzB81J2Y
rx1KvNITeQM
rxLjyHubjTM
rxR07XEDMSs
rxylBTxSieo
ry1zBhW8p-k
ry6NNcuNosM
ryFfmVR1je0
rypEIuzJZ2M
ryvtAS9uIks
rywrpZoiU9E
rzFoBUBLd90
rzX8Hhbgw8Q
rzYMv5TXCpc
rzlpwx4Y6uI
s-4vLSnFxNY
s-EqM2hWEys
s-NRs8gQwdo
s-XJGOs_-Z4
s-m6wp0SWuo
s0lCAZwpQ8s
s0uRbQHkpQs
s1AIUmj0XSE
s1keRlpe3r8
s1mUUR4twCk
s2BqGPHYYGI
s2bg3-8Rjzg
s2iANommv80
s2ihS5sn4Vg
s2uJ04eoqlE
s36QYmjtK7w
s37dTNYJNvU
s3O9RzjLHoQ
s3_E7TUYB98
s4JBRKtk2ps
s4ObiLXLpfc
s4aXen7KAWo
s4bv6jPe7Us
s4eOiBMW8-c
s5R2ggQeAVc
s5SAjlEWuUM
s5qMzkrDKpM
s6CURQuaBcI
s6Fkf1os8Qs
s6IHM3Wfyxg
s6WSkng0C0I
s6dqsKqOlfk
s6xDkfKWTsM
s79fbUun4BA
s7ElqVvhUjA
s83nvfqt30s
s92kf92cYQA
s9MW3khD9LE
s9Mxdy6F0a8
s9QfgP3e2G8
s9jHVl23E7g
sARjxQPOXJU
sBCtsK22fpg
sBw1dFeUZfo
sC0K5t6Xass
sC8AC0_bhXo
sCgmUiha-1g
sCkg4gefL-w
sCvIf_z8z3A
sCx_lhD5kG0
sCzX-kWOhVo
sDkvPpYO83w
sDwWw5CuyFM
sEKga0fSCVw
sET45FAmFbM
sEbLyZiSzWM
sEh3qcJunGU
sEod2xVfyo8
sFLaYJTAECc
sFO1hnWfJTI
sFOYB3m15M0
sFYjXjwWYnM
sG0vgYWZ7Ys
sG6e-UmpU9U
sGaIHoS7s1U
sGmG54xMmMs
sH-hky_sZCY
sHr4ANb-Gv0
sI4bsQD6weA
sIBgVZkHu1o
sIFbSR_kgq4
sIZCTaMbCKY
sIlHGYqEnhk
sJAoFE3_sjs
sJfk6jjoIzU
sJxjHLa3g5I
sKhVIkvT5OU
sKoKNJZ04Kw
sLRCn6I9-Zk
sLlTp8zr9gU
sLqUazFn_xY
sLwCXt6ZtcM
sM8FqKQE5cY
sMX6SRII-Sk
sMXKUvdwOrc
sMXfEJevo_k
sMa6It6bIeM
sMcbOQecUMo
sMhjYZ5rPCI
sMtOyUr8nD0
sNMrJamLJIA
sNNC7K3BYTY
sNSxO6Inu1Q
sNcTXE6uWqY
sNxJtoWu8jI
sO5qjMVng-4
sOYgn7a-ZYI
sOqnufxN2TY
sP7YnFs6A0g
sPN9lnm82qY
sPY3pDGEDO0
sP_7RY0w2R4
sPipPsZUcYs
sPjNlyI2MHk
sPt90b73FDg
sQ4CdBsCA6Y
sQ7LSggaLS4
sQAGCD4J758
sQTNFuQQFHU
sQpd4_pteeI
sR9cmrVmXsQ
sRJAcTBSFyU
sRLF5QCLN3E
sRQ7usVR_dg
sRU2DD6i13E
sRxK2u7dbIg
sSRVzC5vv08
sT7XrDSUcl8
sTGEDTyNZqo
sTI5XiHFRC8
sTWljfkF4eY
sTdmbLCuLEE
sTpGUoKpeG8
sVu3Lj8F3K0
sW0vWi9VMIo
sW2xscDhFtE
sWPPUHU9Gtk
sWTDTLpdbBs
sWVOhyMQgso
sXbui6j41gw
sXfdyUiFrLw
sYTBBIiLpJY
sYmLFAFnK7Y
sZdrRZMUrfQ
sZfn7aEKEuA
sZpr68FJ4SQ
sZysDv4yfA8
s_8XQJFHED4
s_F2Qxu1ET0
s_LPhLgfNe0
s_Oh0q92nxU
s_Qu6mrFZTQ
s_jMyk_uqas
s_sStUVOze8
saEdUtOY6hU
saSX2iPnVBY
saeWpg3LuI4
sanBbvkPjLc
scBNPbf08lw
se60mTXGdlo
se_NSswlb0A
seiYY6TWEMs
seopY0LzWbE
sfNa1VZQQpY
sfRwU6Ewp3w
sfkI5LBRGos
sfyJWRjvEwE
sfyp22wOOo4
sgn-vDFYHBU
sgpfcpQoDZ8
sh0pKyOPFxw
shP8p2MRlZ8
shQVwBonS_Y
shYga5oeuHo
shjzvIIB8xM
shyBdfl6Gvo
si8pxXAlstk
si94d8MGdR4
siBHGPMMNsY
sioG6onyozE
siphPpoK0s8
sjKEYvPIkfY
sjKGGEpeY2s
sjMRwMEGTs8
sjzWZozW1Ew
skOS62qJNi8
skUUaqXInsE
skegdVEx2Tc
skpS_IK6uQU
sktKXk9nSFs
sl1T6BlqrqQ
sl6yWIWL6H0
slQg5KUkm3o
slvDZ3LNOAQ
sm54cgYZRDc
smAsntvA4QM
smBkhFHhP1I
smEgN2GR5kQ
sm_Msn5KCPU
snqBixy1lno
so7nBQWKyhw
sobUvfRDqeo
spKIm3B9Psw
spRwD4Gp6qQ
speapprBaCI
spkyK_ETcZc
sppHxkO3f4I
sptsRxK41Io
sqUHtDkC7jU
sqljssRWiVo
sqrn1TOaH8E
srE5Q6Adp1I
srJNAzS6Gf0
srX3V6051gc
srlYBvM8v0w
ssFemYs3Y3Q
ssSqRvN3Vm8
ssVDiE-LZM8
ssuOyR3mK64
stCQTyuR2YU
stRMZw193bU
stXO3CIt69w
stcHP4F9Alo
su3Zo_Vaexo
suf91y1bl9I
svDZVJHxjH4
svJA5VO8NL8
svMRLbrTySM
svNFavDVCbs
svNkTgQnp38
svPn-NK4bWY
sviJ7-44T4A
svou63heybg
swH9gkSLsw8
swUkm3q-JO0
swdXU4RYpDg
swiog6omT_c
swvf36PR4X8
swwa8IDKeuY
swwaFVGYAUg
sx2pKRQNEC0
sxPwmqyr58s
sxkDD9e1-kk
sxoxa05hqtY
sxzbsF2oOYM
syPPxsNrJa8
syXc4v_EV9E
syYt7EVLUdE
sytTvHPJZRQ
sz83Rz0rq1c
szsNWlDfL7Y
szscbcu3B_Q
szx8XBccE8E
szyL-wFg4Ns
t-2qcAKX62o
t-6YGaFmOoo
t-BOfELvanQ
t-D1depCabU
t-HJ5OhLlAU
t-hpsN3RAps
t-psRs_tb5Q
t-vPD7ChbLY
t-w01SZR3Po
t05p60vSMhQ
t0ObkFfLn6g
t0RxSDP4A3g
t0W077_5wQ4
t0YwD5S51Wc
t0cQpiWhlYg
t1UQmaC-joU
t2FJt9T9iX0
t2iNaMh3oqg
t2q8RKqG9z8
t2uIoE-MD2Q
t3Ds1im9WpQ
t3FNdfooU0U
t3UMUHWt3EQ
t3uRoQ4cOjk
t3wxzdiqsus
t41E64MJNeU
t45v8d64E2U
t4CnkhhqxqM
t4d0dW6egAE
t4uY1lV0dxI
t50cnXeS-zE
t550_K6DN38
t5R-81bW95A
t5Y4_TDe3cE
t6Ahpc8KK4k
t6J-bDTKozQ
t6lwVigVyAI
t6mr8Y9pLp4
t6sthFIVfq0
t7aZPe4c_Zs
t8JPrNQr9qs
t8kjfkCVWlQ
t8pGMCpK540
t8wyAhqVG_U
t9M9vURENb8
t9Mc59c6L1k
tAEixWxbELM
tATNtA5ZwEI
tAmCNhSTPXY
tBiYdDXbXoM
tCBLnR7S-zk
tCGGm8Hvxdo
tCOdOn99JHU
tCfgvHOo6Ls
tDIx9BqibYs
tDLI_1VN_P8
tE-FsEcmBtY
tE-iWTRu9rg
tEQ36Kamvdk
tEWbASQzXQ4
tEbAaQZsd2M
tEs40H0w5ak
tEuCE57AVvE
tGG0t8oup-k
tGO5MnbTpLA
tG_Y5twPTwg
tGbXxDZBx0A
tGgVUQCirR4
tGghbHHpHbo
tGjl88HABmQ
tGmEWva4tKQ
tGpk3n52W5M
tHoQjl8oTEg
tI22SJv1ryc
tIXNFeHWcww
tIjibgK4Y6M
tJ-pj65jV8c
tJ3oUh979kM
tJYvM6UXSho
tJcXpRmenhw
tK3wPiBu-xw
tKEsjkq_ljM
tKt4gNSOOoQ
tLE_HZ9P6hc
tLQB_-RlYWY
tLZLF_wItVs
tL_Od32uSgc
tM02x5zPrvA
tMeMYN709U8
tN7fSblyuvs
tN8hCiamVhc
tNkJjE4xRjY
tNuvSfOiLPk
tNyIPSD5H0E
tO4VwK4AwoM
tOJDKQXU7HI
tOOG5bZcjO8
tOYuCHWpXvE
tP7IMN9umyE
tP8W4QLb-_k
tPCgAlcoHlM
tPDzaWElg3w
tPfAlJiSHnY
tPua7PSyuT8
tPyS2CYI9_8
tQZp46K8hCw
tQj-rHp9QJE
tQu1NXPB4rg
tRASsTOCU7E
tRHQu7P3dio
tRLwv_6qV8g
tRYQOCVK4Oc
tST8SbJWtIo
tSkf5snIhY4
tT8wvlSo0cA
tTD3hhbtFto
tTlMIGgcubo
tTpHEUU0CLk
tU26ijz2oyQ
tUPbJgvcZHE
tUTDEIBwoT0
tUVu18Mo44g
tUbM0qsJRYo
tUl7CZFRv18
tUlnLBFncCU
tV2AaV2M20U
tV6IMJJZ00w
tVL_RTzb4g4
tVXOwE2r5Nc
tVoXDtVLdjI
tWoAYVS1Lvc
tWwEXKbBIWg
tXIZIvzKbn8
tYg5ufOxizw
tZKYvCYp-Z0
tZbBCLa6LhQ
tZiqdvWxS_E
tZpZ7awmTAs
t_MRZG6lDtY
t_k6cFkwNeo
t_l4xaMiwJo
ta3ecExlLxU
taAyKYBiI1c
taLNY2O_c3Y
taycYwD1Sc4
tbIfWc6mDss
tbnDkbLBTMI
tbrBFnNJUg4
tbsNL2JPjzg
tc2UUBLVq3I
tcAvocp636w
tcliSH6MjJk
tcoqI5Xrt9E
td0D6mXF_jY
td1yVawUUfk
tdALAYzzVnA
tdbZPUjLArE
tdhBt7FyRzI
te004-uCNTc
te2xKEGjME4
te7jjo9x3D8
teSMdaOBfBw
teZl1WL8z0k
teyoIR7VHrk
tfVclVzDYVs
tfXyhV1Q1T0
tfdql1scy0U
tfdzNiSo-1k
tg07MO1YC1g
tg8u51K5Sh0
tgEXNQuUTEk
tgEv4LXkIkU
thOH4AFd4vw
thkWtbqrnJ4
ti4PJmmJyCU
ti6aj-cfu_4
ti6kdRCGNw0
tiQ-4nf2mJQ
tiiotzzOfTA
tiju8FaYTIQ
tikm8dQ6Pnc
tilZn0PuN5s
tiqlEma53Eo
tisFu_n521o
tixKNB695lU
tkQyIfRQcw8
tkv7Gq_YGdw
tlOG0Mc2mMc
tlbFL1tlodg
tm7pcc7EO7I
tmVFTY_8F-U
tmlswH_FC4c
tmpWqJdm7DI
tmzBmk9WTi8
tn1Z11qTtfc
tn4YtjVZACw
tn5FVn_KnxA
tnCxa29mDnk
tnD2lqVzRdE
tnIluN4ydQY
tn_4iy9pROM
tnsIc4vPQqc
tnyPI_0uFLg
to60jMWr4bk
to8GCMk0R-w
toKHEfTCCBQ
toNx8nLhg1A
tpMwEUyQFDg
tphPkPO0TGo
tq4JgE5xB98
tq7KZfWffrM
tqbZo3q97Fc
tqbtHauYqYo
tqnW07yLn2o
tqxsIc0nux0
trHWMzgtbd8
trL2m6yCZAE
trSBGyozrp0
trmRQ54Du4k
tryTB95piHw
ts0YtLniSfc
ts3GjqYi_vY
tsFhrAraPhE
tsNbbSqwZaY
tsS8JA_vRHI
tskYIeTGhA8
tsxp-tzx9bE
ttBMN2Nnvbs
ttHh9Ye_oWM
ttioIe0IYqU
tu48VZAWFgs
tu4o_H1H280
tuVRIu-snU4
tvEBfe9kmTk
tv_VTCWEtCo
tvcy-PhZnlo
tvgIBlt7KII
tw14rtBigwE
twGIlT74ETQ
twlb65yTweQ
tws1kwPRWKM
twyDFTguRXc
tx_61j9M8AI
txwQEW7sBFM
tyLeM8Wr9ec
tyXZPwlV9NE
tyfWhDP69LM
tyytnQy-Ers
tz9VHftmh9M
tzpbsgPkomg
tzsYNuGzSnw
u-FnEiqolB0
u-IBepTcicU
u-MRczYSSKY
u-O37-i8IxU
u-Uh_N-hfs8
u-WZotZPuHg
u-ealm9FwLw
u-ldHMVuhqI
u-rfgxYIznA
u-wvVH0INjE
u0476U-Mxk4
u08M4vWjzoQ
u0KIvi6GOXI
u0gvsxkQsF4
u1f3ARDk8g0
u1ikAsnNAFM
u1wNjqCVmbw
u229wpi72vI
u2Zqr6cY6zc
u3hey8cDPuk
u3ytKHBol78
u482hTsZD-E
u4G1dCDNjjI
u4XkjSZpiRw
u4ZV7HPjRZk
u4aBV4N0uuw
u5HYquwEQxQ
u6JDRYoDGk4
u6pso2VDXIc
u6w10HVJR38
u7APGF1EHh4
u7EPgtM8Oxo
u7WyTymqUFE
u87AprlluqA
u8S6OyIubI8
u9e8TXkgRlA
u9l1_vK6TWw
u9tpkA9P-WQ
uAkSlCHO5Es
uAr1g1bT_k0
uAvsd_YT7Pw
uAxBgdsQ5A4
uAyT2tGrSBY
uBXxEJ-_D4g
uCR1jBQJDuY
uCa8nlpQDIY
uCxKptwt2wU
uCyHratr07o
uEA37MocZYk
uEBQ7KG0bog
uEKxdHnRuio
uEUyibE_S2s
uEdh54dHbic
uEqDpANBpYs
uF0HB4BcRec
uF9Oj2VDHQM
uFURyyF2kic
uFadiPDPgNc
uFrZA3t6XJM
uG5QPRNwDN0
uG5QrH-O008
uH-nv4isTDo
uH8Rf8kTshI
uHU6FaerrfI
uHYDFff1NMc
uHZakBYLE6s
uHbX_JQDA7A
uI4o16Vzd6w
uIN839trtx4
uIUjKVXNa48
uIXi4Rp9Cmc
uI_2a2BPJ-A
uJGXeC4PYNQ
uJTd-K5C7Yg
uK0Dx7hUojM
uK11SJsiWGY
uKu-j3pUeRs
uL0Orh2fYC8
uLDv422FP44
uLYLdQRx_Og
uLbu6c70IeY
uLh0k3ZuPY0
uLrAwSdZY_8
uM2-qPkgZKI
uM8QjBuCHJk
uMD84F26WE4
uMPlswyGO9w
uMRAXKc2seM
uMxvNqoiUZQ
uNM7qo9Sfh0
uNiw22E2OUo
uNl_xVvTrd4
uNuMnOy6sHg
uNuWkUip2UA
uO-nfXt_JYs
uOI8c6qwrFo
uOcTghS44OU
uOhnSoqzMiQ
uOi0xSfK0D0
uOrRk7ZtiHM
uPNwxhAvS1g
uPVISd4EmHs
uPjc3ceRPRo
uQIPE55gm8Y
uQxqTKpdGEU
uR2KMMqNkKo
uR8vRbLw2n8
uRDZqVJmMk4
uRXyVKlhP30
uRo4-js2MgM
uRsiG0GoOtM
uRstcp4xvog
uSTdfJpDeGU
uSozZ5vuyns
uTBwF0pVkps
uTCVIwtWtfc
uTOdyUQh8_I
uTcqQhrDkn8
uUKjuZpKYX4
uUOKDmocohU
uUTAV7XlE0E
uV7uDYsk4Ng
uVS2qLciC6A
uVYOkfvgBf4
uVaEV0NROIg
uVpe1-2f8XU
uVyE-_FNv3Y
uW1XGPcvs1s
uWDcg-mQ3uE
uWKMTPCYnGo
uWKb7SsZAws
uWaUzE8MT3g
uWnXY-m_f2k
uWsoPDM7Qt8
uXMScKmIr9c
uXN5yKdwcoQ
uX_JMA0nkR0
uXhsHo3IAu8
uXmSFmPHyho
uYccQOA8Jwk
uZ4BRreQlB4
uZHSFPPlSgA
uZOBpSMHdUg
uZRMb0fmN54
uZXElO_DaSo
uZgnhXuVLs8
u_1gtvD9DTA
u_4FrxA7ong
u_7bOiDjD0I
u_81acAeg-Q
u_eUwv76Ky4
u_glUz6CiyY
uaEE-Wka_8k
uafn1m-wTb0
uauN1ufyJi4
ub8B231KTzk
ubO1BvHohAk
ubc_nBUXd0Q
ubdh1RDJka4
ubuYW2VddzE
uc0lNJtTh4M
uc8LcXu9tNI
ucMYODmDDCM
ucWUswUA4ag
uclSAECJcTM
ucojlM8mncQ
ucrp0nnm32g
ucxM7IsXk3I
ud5dX63Ug6M
udnDuk_5Yi8
ue7cTHgj_sg
uefP81YqELU
uehM0wbNO8g
uet-dYA8Nw0
ueyU0niyg2s
uf6VGTS1y-U
uf86DHVAvyM
ufPRg7s3qm4
ufWoDGDEP1s
ufeLFL__egk
ufzZiLq8ztg
ug7n4v_w1IA
ugL3Z4824Ww
ugXI14k292g
ugZOxHZ_EUo
ugzgxL7lyAI
uhKQc4xoROA
uhg8N0yKwro
uhiTsx2wVXM
uhjZbW5_uTE
uho_0AtImUY
ui27zGQwYhs
ui2eyiZpgAA
uinFiq79kqE
uj0SAXwXAFw
uj6B1vg1flk
ujFbcXI1bTs
ujNBsq1stSU
ujkHi4pplpY
uk5wuyjWD78
ukCReRxx1xY
ukrOTFvmLhI
ukrTNPsqBos
ul0kAP4Q6zs
ulFPXVorXjM
ulP_RdIK0sE
ulcYAy7AGH0
um16VXHQodw
umA6_Coh4eo
umAdZvlY58g
umuZusvwQzc
umy571f86Iw
un3za-BuUCQ
un8hk5lFNhI
unCTO0wL9UY
unE_yZLKl0E
unIdGD3kUXg
unTObLfC0-A
unbZw8dmNnM
uneZi1CcAG0
uo_gtKTgun0
up4O_bM1nr4
up7NBiB63hc
uqLiuIsg9cQ
uqVWiG1KmQg
uqXRkXWfG7g
uqeg_0fKJVo
urShjH3zupo
urV4gwtLyWE
usfWc1jGR4M
uso1sA4GX3U
usvWR5Jx82c
ut-eeH6yXqw
ut7FBVN4mYQ
ut7_rq15iOc
ut8EnCY74_0
ut8v16X9F0o
utMdZtLJ_YQ
utV0ll-2--s
utqulTXMRcE
uu9OVMWx81k
uuDP5R7SeQc
uuVZpR9Vw_I
uueo04-rH1w
uul7XJhEzQI
uvNYBTJq2HA
uvUdRReQXn8
uwo_FtKNlY8
uwyXISKBrK4
ux2tbw5Qekw
uxgAlfR-PZU
uxnJsB4WGPI
uxs3lr_vjoE
uy5_OJrOeLY
uzzNDWTu7Rg
v-H-9EkFQJI
v-ObmGuCQiw
v-d2R7jwRF8
v-jkrHBbncs
v-ltBiPc8j8
v-n_YngVH3Q
v0HaIkbQlyg
v0RLhlXsmNo
v0lhWL5ZujI
v0qX5mvrXgU
v1C5C28njQE
v1EZhj8l_XE
v1MsTk2Eo7o
v1Q4Z9bg8Gg
v1Z2pSvmOpg
v1a2fUuyfs8
v1fqU98ZczE
v1jlyiJHUFg
v1xSg-P3BF8
v27HpXNun2c
v28J9eHZv9Q
v2DjD0cj3Gc
v2K4njBb-Uw
v2Pi63CwVv4
v2dx2kqfJvs
v2i2jKUO_1c
v3CjfBezEK8
v3FOluMm0l0
v3M8sjN2qyw
v3mLQc9PwUc
v3sFsldBhyM
v47W_j6cW_M
v4MRTTpVSWY
v4b8M_m4zzI
v4oUKKm3Hfk
v5ERbIp5A7A
v5gHvqIsYe8
v5t91BsAvvE
v6TAUEeIdcE
v7GkDr3M22I
v7XBBYR5HdQ
v7xHMhjlup8
v878-1gJBag
v87kFQIsYqY
v8AzzoWK_z0
v8JPC0t5_mw
v8pkkT2XAik
v92eux8ODTo
v9FfP6Rd14E
v9QHsiAHR-M
v9jOmZ09BIw
v9mF1q5DMiU
v9n3I39-AGA
v9r1RBvUeLQ
vA-1oN0juVg
vA6V5yba1NQ
vAnRBu_mOx4
vAyVp7_kUF4
vB-EjlRMk3o
vB-LlZaaopE
vBD2jhIwH8k
vBV8G-oRTqA
vBerBzTPM6U
vBlGeQYey-0
vBwexfgQQbE
vCSI4jl-zXw
vCXJf5pG18M
vCt2L7nAH30
vDATJHt1nOk
vDR_qYhe6hg
vDTJlxS8lS8
vD_PAhBv2u8
vDayj6qNDx4
vE4mM-IYliw
vE7ddmHFrEE
vEINadUUBNw
vEWGwSEp6Uo
vEXhhxZua8I
vEc0PQznbm8
vF3joCRQ_iQ
vFFnFrXsyoM
vFdxeMCnNfI
vFmsPjc1m2c
vFnNqfEql_8
vFp9TNOAt6s
vG3OOpx668Q
vGF-X3c_YR0
vGKpHHVTijw
vGOxYcNTMo4
vGPvwJAOHDY
vGmTU6Rjp8M
vHBIycP0xDo
vHGDkfqNMPI
vI0K8eqMaVI
vI901NNX3P8
vJrU8HF-_3w
vK3-L_mGPd0
vKRy2EHpFVs
vKvFD0iSd-8
vLAB8m6zGDw
vLFLaktB_Gs
vLVcKxOS32s
vLb_LSN9YAc
vLif_5U0Zf4
vLuQkc7ADJM
vMF-gix6vf8
vMFnSzP4Uxk
vMNS29tgByM
vMVyURyjH-s
vM_CLAWweIQ
vMgBV5BIkZg
vMoYc7zZE7c
vNPZPj20QB8
vNtoDA3w-ic
vNwgrEpmlEY
vOee6f9u1q8
vOpEUM_iybs
vP75BE_2nrQ
vP9wiLj47f8
vPCN4oFXTFQ
vPF-n9AgS4s
vPMl_k_nvF4
vPfKTR3MNxo
vPx6XMvn-vM
vQ3cavyUVWg
vQ6rM3G95ps
vQC-PyaTQJc
vQHDLtN4HKc
vQLeTgO9M9s
vQS3SANU_OY
vQroIt9EmGQ
vR3CSaThgvc
vRh-guz0r74
vRlHmSH9nmM
vRz5v2TS6D4
vS2g2Y-MXQM
vS7Qgz973Aw
vS9lOndSYKs
vSE0BPPG9v4
vSc87zr3pOU
vSff-PYyf9s
vSlY9i_1p_I
vTFBfPXW8hI
vUD3giei-gM
vUFxSqVABTc
vUMptSnc1_c
vUZ8AWTT3qs
vUesAWQL67g
vVGWxrEqXcE
vVZU9GRjMrA
vVju_rlz3a4
vWMHDUM6X2k
vWgjjJq1ysA
vWrD6DtZths
vX1i5rkZ6cY
vX6bwjuQG28
vXB0mOcUtHw
vXV7tjS5spY
vXuJJpWhFBE
vY3_Rlpmwjg
vYG7f1C8ySQ
v_19_zZcgis
v_4dsn9uDfM
v_O-V3BSLc4
v_SK1oF__Rg
v_hO5-Sx9VU
va11uJfHd_4
va2OJm1NFWI
va4pdDHbveU
va8p78b6z90
vajYpDFC4BM
vbI9cLYGos8
vbIFuVlX5qY
vbU4QMH-x6w
vbmGpe88NBg
vc-GD_xmJss
vc9UMotEua8
vcLKDI2aj-Y
vcZGCsdfgxg
vcgbHRUEpZg
vdA_q1Kx7Oo
vdGqKHMn-xQ
vdMay9ztXEo
vdR5UpIZPAY
vdRk_noeVOE
vd_JgCDNT1A
vdkOWcPKKiI
vdlNM-TuOhs
vdwYBjSLoS8
vdwn0J4fmro
veLnnBfrfsQ
veb2eTuITsE
velrB8cVf2c
venDdOE9q4Q
vezdo6w487A
vf-U2bnsoe0
vf5EWmIKOKI
vf7GFmtdBhQ
vfQYWK215X4
vfaNnm5Q7Sc
vff24FV2Si0
vgCagAYdtg4
vgPC2XrPyho
vgfregTUpfs
vh6wTtwtyzk
vhJRDntDK54
vhT-AQvusqs
vhWHKG0voTI
vho-TvR8e_0
vhqoIzoX_1U
vhqt2Gz7iBQ
vhr_dBp4TwQ
viBvYW83Thc
vicYhnaQT0M
vihAn15mLpI
vizK2uTmMdM
vj0X2LM_TZw
vjGfTSGnnDw
vjIHBfaEdGw
vjSign5x2xM
vjfmK08ggZQ
vjoG6jkgEMI
vkCEJ-QvRU0
vkF7Hcwl11o
vkm1uEPLQmM
vktVWAhgPVM
vlOIrBXfe8o
vlx8npDFiZc
vmKZXKzFGLw
vmPUJhINmCQ
vnSjgYXhmPI
vn_do0ITWM0
vnaH00aebyg
vnqSgOnoPFY
vo6BUojve-s
voD692UbffE
voUq0Zd9t6k
voWgXTsK0Sg
voX8DMvgIko
vomRJ7Ivg_k
vozE3V-09fk
vp-Rw0U-MUI
vp3Xx_RmAxs
vp86eWyGfL0
vpWWA7WbpI0
vpjRFJg8FyA
vpwqIORTfZc
vqStFuj4Dys
vqZIkYBCdDQ
vqcD6o8gNIs
vqtuhNYrWnc
vr7m9O6Gw38
vrTXVLpGBmY
vrWtJ4H4WpA
vrcRT75dSSc
vrfyxVIWJJo
vrl8e-GXH0Q
vrsqEUN4e8Q
vs-i_gxdIi8
vsNPKBROnVM
vsZr6BbEXA8
vszX-_N2qg8
vt-AVgnH7o0
vtXJc_hEaXc
vtqZLGqUYhQ
vtt4agtphQM
vu3PKzkXkGc
vu8qeW-Wq5M
vuARXGyTV9M
vuNBVcTNQFk
vuTI6avg-f4
vv66zJffEpM
vvHvdC3fQS4
vvLCwDHgJgM
vvUsSIkOA-k
vvyDWLUjQ8c
vwQFijvEedA
vwY2wt82ck8
vwcBNGLzP0c
vwcLRo1r_Is
vxLvJkxw9Ew
vxOdjD8N45M
vxzb1wFEdQ8
vy0rjhtFXcA
vy7OupmIFnA
vyCSIiHNFEo
vyd7vjphAsY
vz4yU7h-Il8
vzFETuyuk7Q
vzGJlzp9pe8
vzUadHePqjg
vzaEOp2shxM
vzdo24cejLo
w--cXAOjIfY
w-FK2bPqfaE
w-M_fQMREXw
w-UtgRQqa7s
w-arJ24Iwqs
w-g7ILFU0WI
w0M7kog08pQ
w0rjH_E8h7E
w0sCH48Risg
w1-n9s35p2c
w258TbBK1B8
w2E-bLpPP1A
w2Iz1BX5Bwo
w2aB_seWf-I
w2jmvtZSaXY
w2sVgRvnsnk
w35XbQh7J0w
w372ExKz8JM
w3R57cdb6wI
w3crv7ro8hw
w3kqYVVpKNk
w3rHrKdjxXM
w3uCj3hr7SQ
w4-HLoykObU
w46UDul2uzo
w4A8cJU96_4
w4RZD13tf7U
w4almiaoXZ4
w4dZgvgnu0w
w4soexRlcMk
w5iZXv5Xhzs
w7Kpt8uUdGU
w8ESsEH5BJA
w8iigxMh6WQ
w8zVvlgtTc4
w9AfUj4Rsi0
w9X_BXdeFsc
wA93xAZ-vt4
wAAKHkfL7R8
wAevgHzzDho
wAhKKRqzuvM
wAmJzw1ZNhA
wBNOprM5BZM
wBWp0EdlyjQ
wBnv3WjNBMM
wC-zZRoGCdc
wCPZW90tsis
wCiBBX8aBrc
wCnxqm0xq1A
wD8fK49m_h0
wDCN4Y6Yqgk
wDMi2NUc42A
wDR0ZE4ttsw
wDjwAWoxnFY
wDn8LETo3sA
wE58JddxsXU
wE6sdV4lSgo
wEQB1caOtJM
wExJ6_sVUj8
wF9oCFjjf84
wFFhyncdzsk
wFIQ9_e8N7I
wFLtFtmaM48
wFWXb4d_0GQ
wF_D75qYamM
wFgVRbNf-EU
wFyOYebH1ec
wG0BxjCO-y0
wGB9JnlRM9k
wGUwCdML4S8
wGxpMa6kRRs
wGzAVXxOZ5Q
wGzKRX_vxpo
wH2vX2yAUGo
wHDHYuHMYrs
wHOFnUHphjw
wHR3Q9WCjPs
wHS5FerzBOk
wHcgpaKaFWA
wHd-hiH-wUI
wHfh9oYMlv8
wI1afjOmG7Q
wI9QElHI_6s
wIGOeaORtrM
wIPesMzbokI
wJ5buxs6lKs
wJLg-lqq7p4
wJYK4MuGaH8
wJaMbyyvjAs
wJeYUwnPnr4
wKZ4iYAgqhE
wKoLz2IbPfE
wKvBhyAOeuE
wLP5sK8HRW8
wLexhzEj1XU
wLfvArZNVI8
wLhVeNbtTW0
wLi3fsE-Tp0
wLtwf-v5P_0
wLu8P4awWzI
wMBBNIWTSxo
wML4ZNl0mZU
wMTvQdr6kpU
wMz8u4ilinI
wN40vhoTC1A
wN4IS_x9yHM
wNEcbY4tf3E
wN_RHBybEEc
wNjii5YfG4Q
wOLWFilF8g8
wOSN3KMkWaM
wPLNmUkt57Y
wPlyRErip14
wPsAISN_I9w
wPs_HftsAII
wQWrDKaEN6c
wQqa5DQdbOw
wRRvtHVul0c
wRTSyAlgRs8
wRixIexssTQ
wS42vyM-teg
wS6n9RxLUlk
wSLDP7Dt8yk
wSRzCqWZ4fQ
wSVqMG9F5fw
wTFlySvreNk
wTsXQ3XY5SI
wUP9PRdaW14
wUPxM2APjC4
wUUlJd8lvfo
wUqvPVTfK5I
wUw2mxJSqPM
wUwhEC4tp9o
wVIKXoSpndg
wVb8i6LWtF8
wVcUKiNa6Cc
wVdVQpJix1s
wVdhdYbq4DQ
wW8zT9UZdFE
wWXjklhKN7w
wW_l2q1IclA
wWnDlYU7UaU
wWs9aM3KhBs
wX9RXD7QzDQ
wXC3LbcqdwM
wXXMqC6TqeU
wXXa1MJWvAg
wXjurujdvTo
wXuwtWz98RQ
wY7DuFKMxgw
wYDWGMgTwmg
wYnFPLHBPvM
wYrkeCKFujM
wZcbwmtEuKc
wZqNPVnuBJo
wZvPA7RrYEA
wZxKrqjFqpc
w_H7LkeFLqM
w_p3G4i4Cg4
w_uCHraxVuc
w_v2uR0TyQ0
waDCBfFXodg
waOhUGAW7NA
wb2a9RNsTWY
wb5fvvoKqQk
wbFQk0gi7Jw
wcEiumY67D4
wcPfgbDpz6c
wcSB-ELKOtE
wcp1jADPS1w
wd19thLO1hI
wdCSXRSh8lw
wdNYT87XiLo
wdR6uvWLSOQ
wdSsXikn2zU
wdf4aUNovFY
wdiIMjdLdag
wdorZBUJOb4
wegiRd8XlRQ
wgKaeVunNuk
wgxSpabbJXA
whF4G1gmjYw
whL-qBC8WWw
whw7B3CSAv8
whxrelbk2Xw
wiWZFFp87u4
wiWc3UCsJyQ
wil1TTrOR5c
wiq7WERHJwo
wiqnTvcj-RE
wj5YatosFHg
wjAwl7krazY
wkMtHduNnFA
wkeireH9BVc
wlLPCyNryTU
wlVuTpqYv9U
wlchG9WV_CM
wld1Br5Xue4
wlnbdTqXVso
wlow6iZs3cc
wlsRlmMV5xs
wm6gGMf-Fw0
wmFajIgE0iQ
wmIF4F5mQWU
wmZ0nuGkmak
wmdwhkYifPg
wmiK2PpUDlA
wmoG0hgxCWE
wmzIICDPigM
wn9fF0dQzHY
wnCEgo2oxzE
wnIMH2i3uqI
wnvZY4fTbHs
wnwkPgQm6Kc
woNsIEwhvog
wofQROjXOlY
woko9pN7R60
wpsJ_MwpvlA
wpusiVD9DkQ
wqDJqYv_IB0
wqDzFjENHMM
wqfnq8nMCoY
wqg0HORPyqs
wqopGlxuNn4
wqs2bb-mRP0
wrYH6hmAf6o
wrZWMwDIFTA
wre0lFIj0O4
wrk0cYrGYJE
wryfrKWIHOg
wrzoPOTnIK4
wtIA9mAibGo
wtaEs2bFA74
wuEXsrt0oMM
wuGkB2G-UZY
wuW3MH4J_so
wuZJeMMN6Vo
wuiWKoeT_jE
wvSaitjmVsg
wvUNZtu6OCk
wvVdGUYovWs
wwKG9CX8tGM
wwP-Jis6cuQ
wwxt8QU04PM
wxBxtWcLAow
wxNbxttc4cI
wxQL1nJYmx0
wxXn54O1Wqk
wxxezD69jEw
wxz8NeE95wc
wyAsjAfor_0
wyIdHWLjRiU
wyJkq9zRZoE
wyi6RAiljkY
wz755vsvrBc
wzHuuyMA230
wzJp2r-IyxE
x-0ZgvpJhLY
x-93DkZcknU
x-DNyvBVuIw
x-JBvWQ6Obg
x-h6v4fCTNw
x05JHcMVvdo
x0AsD427tt0
x0Q3K6vn8B4
x0ROtoZg8gU
x0awoXS0Vpw
x0dpZcnMnTQ
x0iPdbFf3rc
x0n0zv7Qz0Y
x1Br9HIp-8A
x1Ccu5x8MFk
x1ICi0XkIoE
x1YlIpXChbA
x27L8vCoqYo
x2T9zJcgXJI
x2XdXkb7T5Y
x2_rCcKcKSA
x2fxTCXEzos
x2t9hscOL50
x2wwpOXePp8
x32Rj0zGHkw
x3FX5HzGihI
x3GPk2gjFD0
x3HOGVXhA3U
x3Xh9edxE7o
x3d41IAsbIo
x3fIAMTo7xE
x3w4TdWXRf0
x45YzaHbDUQ
x4E093iMJyc
x4MB_Cg3nL4
x4rUaLwmTgM
x4xFlzsoyDI
x5AbpRLdn8I
x5L6LUMEG_s
x5Trvc42hjY
x5XCTk-NdmM
x6mKt6NT-6s
x6u8gWGve0o
x77VxaB46nE
x78uny0sNWM
x7LD3T5BMv0
x7Owwmo86ro
x83RwjuWawc
x8CTKIUnx5w
x8MLIyU_91w
x8cd4iPxwgM
x8x1mXUDGtc
x9VsjImDMQg
x9WHfuwBEo0
x9bOGKMtmfA
x9gbs7_As1I
xAAzbovx2lw
xAtjSrMsPwg
xB07ZkardZI
xB4UnIDaDpw
xBRA4g2vdhQ
xBWRC1g9YZE
xBccmc-6Kek
xBfIrYGSXSk
xBlXFGxl4rQ
xBqyG0PR1Z8
xBtv803mDQg
xBwvuTC8eJ0
xCIZufvCL2Q
xCQJjxDJCFE
xCT3jbHLYcM
xCWNfhkyKnY
xCaVoCI9R2U
xCfwo1FM2vE
xClMQX6jeHg
xD1PAHHJ0dg
xD3izoiiG7c
xDQTvBh_WTE
xDcDayUi0aM
xDjppBgoA7c
xDyl1X_79Vw
xEOqtmqYE4Y
xE_vFJ7np1k
xEh9g4gaunk
xEtOBDAWR-o
xFIzXufFvSI
xGPsMsXvHKo
xGrNcsWUat8
xH3cnHx4xwE
xH42mgPf0k4
xI-38IWPQ0Q
xIZTq5ac8Qg
xIqcGkFkO-g
xIyNWlaZyAI
xJ2PYr4Dv3U
xJHh7LYsOTE
xKBnQc-NDJo
xKQ_pokP-KY
xKhLjSBM48s
xKm-5JwuVNA
xKp-mnHR_LA
xKqvcJSzozE
xKtFqimRR8Y
xL-vshMhPAM
xL5j4aSg-JI
xLC91mth0CA
xLEcfICPh5w
xLGo8NygHGk
xLI8s7rdp4Q
xLW6GdJWCfI
xLZ6w9fxHgQ
xLhjg7VURf4
xLwyMFLLpM4
xM4gjkq-HPs
xMnvVO0BoRg
xMopli2iFK0
xN09RXM27VA
xNJaJvpJ8FA
xNr_DxnlSqk
xNs8hh7kOas
xO7OpbgFuiM
xOTguxKB968
xP0gn2OLOhI
xP1dscfeAoc
xP8cNMl61Ls
xPAJe_bc5rc
xPBjzpDZlBk
xPDd2UWbpTc
xPXv2yvjm1Q
xQK3X40o0x8
xQQtCopWIto
xQXO9ZvgbGs
xQ_hXRBoe8g
xQhLDk-gclk
xQsKUWSI9pQ
xR4wp1Ff8tU
xRArifw7i-I
xRXFJtKkwyc
xRdea8P6Sjw
xRtyXIrvA0g
xSA1276BGXM
xSR2eWqp_Hg
xTA77PzgrBw
xUJVblJmBm8
xU_3tm0Kwu8
xUx6CoBLqP0
xV7aiHQ5Om4
xVAeWyOp4n4
xVfE-jywepg
xVqgtA3j5AE
xVwsOL5k8Hg
xW-8kz4UvLk
xWLf6lXS9ME
xX8sckddTfw
xY-X2z5WBAE
xY7s2z1_BE0
xYCoufX0sTs
xYe7yCoXmbQ
xYu5qiMpaLw
xZDzc976sz8
xZdrgha8I0k
x_3kP4KRoS0
x_6_u_CWY4I
x_DWqwnCUhA
x_FJ9t-hwWE
x_UIYV1M-NI
x_UeHhKGqsk
x_Y_popVvc8
x_dLMJM4eLQ
x_nxsr9sgU0
x_ouvqkqLZA
xa1Jmk_Dsxc
xaDaO2A-qYs
xafxrhe1S2Q
xbNz5kGwQvY
xbmGAi5uO9c
xc-lfq45yDQ
xc5zZMnUB-Y
xc8-eB8JlhE
xcBOY7oUMrc
xcb3WcupctY
xcmnOA40Kr4
xcyRy4RdoiM
xdKB6DtKuww
xdQyGYXhju4
xde-qmwyzLc
xdgaq2i9EzY
xe-B02nqPNc
xe1SS8-E-yg
xeEbJh5CYnI
xeW24mLinWs
xegp0Y68t8M
xeopP9MPsL0
xfEeJDCB_8k
xfIbNQj3XDQ
xfKCClkGqhY
xfTERoetKbI
xfWvDHeN1Ks
xfaVWVKAtAQ
xfdLL95mxwY
xfnU2rPNTjo
xftYRm5SciI
xfxU2VVGVu0
xg7wfbWbquk
xgFr3sd9eWM
xgOW5jc_ZHs
xgOlTCs_ZGg
xgQbWGdKGS0
xgswBlC3MDI
xhBDow1PhlM
xhFlF3eaNVg
xhRffQ0_Crw
xh_f5YL6Yf0
xhddWh6632o
xhgt7poElqM
xhp0z4py2FM
xhw87IYyDn0
xi9aADOV5gQ
xiNapiHaRkE
xiOcf6k49vE
xijUBLoZ-xk
xiuS_2_Nsx8
xiznV_VX6qQ
xjH8_ttw5XA
xjQw3_6Ws38
xjjao41QMns
xjqiaAD-pPs
xkiF236svXI
xkrjvxtq7UM
xkuRbEZxYms
xlEBgC5WZxc
xlIEq7G92sQ
xlyhkgV9Yv0
xmCTXbgaSYg
xmM1xRVgpZ8
xmTF71UQld0
xmZ5twALNwo
xmdZy8LkqAM
xnNVCdu0_wE
xnYnZegbt3o
xnb0IGDqPoU
xnyuhpUiPaU
xoZOIu5HQ54
xovQFIVRDgo
xowXgbOium0
xp4U-7icClE
xpuzx53Vr9E
xq-umRSelKU
xqDVkpEte3w
xqY3uYy5jEg
xqsMT7D4I1Q
xr00DILErv8
xr67d5fLMm8
xrGWYyijLt4
xrGfmnfnPIs
xrZsh89Gy9g
xraao61KWn4
xridufKgeVM
xrkkwo354fE
xs7LMvRlAFc
xs85unBgkOs
xseG2jG-FRA
xsrGfUw6fFM
xtIHoHBUrA0
xtaabpRZ1qI
xu8YwmfI9fo
xuHjWDeLm_I
xuIQQ0SIVao
xuVZ8G9H2lE
xuWo2U83jK0
xubAnGhxakw
xunLgzx28CI
xvN80ISgvhs
xvTFyubjzeU
xva9C5OuL98
xvn4gPdSRFU
xwDIWKlugZg
xwEnSqQL-18
xwG0BLcjvMU
xwP45SHqegE
xwPDR6tlIas
xwYBmCX16yc
xx37IQvRm3c
xx37oXn3mhc
xxPM8nYiJMo
xxgXC5Qr6S8
xy8FWDrMvTE
xyg8tq5qlkU
xyirYpJ0PUI
xykpyXx6Qo4
xyuLsHj4sTE
xyzCDL7Vvyo
xz5dc8dn4TU
xzGKwf_-HWg
xzOXn94ojOg
xzUmJMzEl58
xzW4Y-58bdo
xzXQ9-EtfUI
xzn4K7U6QCs
xzrgldgxI5c
xzssuwWOzsQ
xzwK-qjdwcs
y-9B2Ocx3yY
y-KzvEa4VYE
y-pQJ1_4h0w
y-rQY5gcPtY
y-ulFBqlslA
y0dGUUBaeeU
y0nOvE2-r9E
y0oc8GEiNMY
y0vxSbiv9N4
y1KPOHy11KE
y1MJEQ0TDMU
y1R9FJgL2-o
y1UTa4qN798
y1dlGQz53z4
y1fTQ63PK4Y
y1uTW2mTvag
y1wbpQGbLY0
y24e6l2XkzY
y2RCVVVxjkw
y2Sl7xUmdK8
y3S2erON-K0
y3cBgF6mF9s
y3igfTKoxBc
y3vKYcozARk
y4K6YDRJi0s
y4ofwhi5AJY
y4qASjaF9w4
y5AVYcMiKqU
y5QcdTnx-gY
y5QjzTAGTxk
y5skFNsmqZk
y61etxDmAzw
y67l870JPIY
y6C8lq4SbJQ
y6UzAVuZxCY
y7AXoYWjUtQ
y7T7vTsAJJw
y7ypS-luCXk
y84B7-H-ejE
y8Faouh4WMA
y8Okvfh13JM
y8VE_ENw5hc
y8VjIOikrfo
y8XjR9heZPI
y90y2gBquic
y9PfaX3EEzE
y9PwubhfBcY
y9va_xvBC6M
yAe3hJFZHnk
yAyKKAiMRZw
yAynjj1p-Ek
yB6hBwoIXzc
yBjDMHz0o_Q
yBnvTsE-rJ0
yBpL-GSnhus
yC4ez-KtKPc
yC9O3-zOD64
yCE1pQuTrTE
yCLzxCZnd8E
yCldovY9i3w
yD13fir89Ps
yDhEx1_Rsco
yE4UwDyfMO8
yEEfw5xjX9w
yEY8oj9plU0
yEgJwWye68k
yFlt_iCFJXU
yFvtCd0_g4w
yG0QNHE1cNw
yGLAFdt9008
yGemhJgvP90
yHKjY1eVhNE
yHVo-TuGeDs
yHX6EuYAI2c
yHaqkkuY4xQ
yHbNwcGDgRQ
yHuqIiA7-ds
yI-bb97xWNs
yIA0Yk3_qvY
yIMUNx-RULk
yIYzg0f4QS0
yIvYf118FRE
yJS2Vgdx434
yJhq2DAbOQI
yKavY2M6kY8
yKmzG-HSsA8
yKsbHfL8VTI
yLN4GZ0yKs8
yLNxsjPzk3g
yLji8_40N5I
yMRN7mjH7PE
yMUCxBHqOUM
yM_ui9k-zvs
yN30Znklwg4
yNN-Onv3C9g
yO8iQ-fL8sE
yOAjd1Z7PxY
yOo3m1vaKb0
yOw9NDUhaeA
yPCj-693C9s
yPQng-aIJSA
yPSheTxsAPU
yPt9hYzD3pw
yPyCn2slApM
yQC5gMh2YaY
yQRKfWRbWB8
yQypRb461MM
yR1OCBcBqZc
yRcdW37ZCMU
yRlao0UXYmw
yRoSvnLJmDo
yRthbbGAiow
yS14AjS63xU
ySGFCxWe5ms
ySHMMYTH1Ik
ySW8muInHI0
ySeltRRNuGk
ySnnmfmKl4c
ySuWCEYHJfE
ySwGBPhwyJI
yT7y31YCMPA
yTTsUta5h40
yTcoXq_R5g0
yTjX-qoi0vw
yTk3xzoHuwU
yU0c2q0OMFs
yU5AMAXGSio
yU5CcUs5zb0
yUrVZwfb39c
yUz3noB-WBQ
yV6igQb9-Q4
yVMCse9bm9g
yVzhgQS0ndk
yW2R2wG8nMs
yWVEkouBO7E
yXaLeov3eCA
yXl8ty-9eFE
yXzricKMEdk
yYE3X35V2Io
yYQsqgkpOD0
yYeAKwLHVFQ
yYvfEfAqte4
yZJuGsN0ybc
yZLQLmHINT8
yZNYJ_922Rw
yZTVY1REKyw
yaCR80pjeX8
yaUF0S9l4C0
yaiQFX8nR1U
yakbUYtdNHQ
yaszgo5rPLM
yayAwqElUT4
ybDSSXBD6uM
ybYOD4rSC80
ycRtHtZCbI4
ycfh47Yq5Q0
ycq4V8yOmNk
ycyxU9FJ_ow
ydQmG-HPzuU
ydZr-NvzWDo
ydindpUYpA0
ydxYCckqe48
yeJ1ZnSYHPA
yeLK7t4y-mc
yenK4lO0h0Q
yeoZxlXXd8U
yer0qBcFJUM
yf91uUdmST4
yfKNNK1JsbQ
yfazNcD5P3A
yfhixBjAiVY
yfuImCyZnP8
yg0y5u-o3vA
ygKiZO19uzo
ygbg6CRb1yY
yhR-7cqFzew
yhR7c3Bl8jI
yhp3dudl52A
yhrenpcpHbU
yiAZLKoCp60
yiIo0pvXdew
yjUfUc_Ol8g
yjaQCRCP5nw
yjfsgcxuv4k
yjpkfT5F8c4
yk42us4rgYQ
ykNcs8XRuF0
ykQKa1_Y94c
ykV3WYODhsE
ykWNgUHXLe4
yk_opUnyXTA
ykfbnxtFjUM
ykhUSnXmuuQ
ykoDFubSzJk
ykpZ8_YZn7o
ylS_2fauvzM
ylddW-4pUDg
yleeL5_1_C4
ylfAXsbaqj4
yliVL6v2khU
ylmnBfkPRII
yluvgHMu-do
ylwKbdpvZK0
ylzbwGXse0g
ym0CUs8Gb2M
ymWAEmi4CLE
ymcb0MCy7us
ymffr180-tM
ymgVN4aOwQ0
ymhWgTAerck
ymuPs82E7PQ
ymxrwoQ9sls
yn-YvZoc4t4
yn6_762otS4
ynAAzASJ1nc
ynANyHbI4hU
ynGq8iYYP_8
ynnFdVxhqh0
ynsyG_gtYdI
ynw7owV94aQ
yo3GB4UFcNA
yoC3iYH91pc
yoMFgEVxGDU
yoltGadVuzM
yp4xDfigBlY
ypXypKYEwI0
ype_OeCVuWA
yqcVyPBNHxw
yqqGUHi7dHk
yrF0HjyuBTs
yrJuFz9PrIk
yrUfc2q4-7s
yrpYB7YkJfc
yrusK1PHH-M
ysCuk4J7Nys
ysD2cdoVctw
ysQiuZZFJVw
ysdABGFwY68
ysxsCRd7PUM
ytjMrLEZ_IA
ytqUnUWL18Q
ytx4n0lyDT4
ytzDiXhvnD4
yu1uHEaZ5UE
yuhHf6f9QAQ
yv7NfNuuiLs
yvC-KvPmIMc
yvPAASu9k_I
yvYQZeDUUUA
yw7K_wd1vSo
yw8Kf5X5GZ8
ywIRVXZnDsQ
ywPUnwbwoKw
ywRQsmsC9SQ
yx81Q79ORLA
yx8dZyH0NjU
yxNWeeViEXs
yxYyOrI7YCM
yxdzgz2DCm8
yxtef94X9Vc
yxu6MAY99rw
yy1DSm2l7mw
yyNMTshYWg8
yyT0TmMD3Jc
yyU9QD7VmJ4
yyqHX4J8j_o
yzdXl2wqzgA
yziGwa5iirQ
yzyvPF4XQtA
z-2Ov5TEVq8
z-2Xub5S8JU
z-EHqi_AP-4
z-TDI8p6ssQ
z-dTBUanDts
z-yrYLAh_cs
z03_m6t2ZiM
z0BDETAUn2U
z0QQS2UbO5s
z0TH8hi4BFY
z0aSn3jWtQo
z0wg4P8kz90
z1-nfzjtqOg
z13joZLTE1M
z1Ynh0DtRa4
z1o0oDCAUpA
z2894wGGV4I
z3FGDRk6g90
z3KqLL7CL7U
z3NjuPvEjyc
z3pQvbhnIGA
z3weRSOdSSU
z4Pl2IvZup4
z4RsWQSCNDs
z4YSW5yTTdo
z4hCov3DIFs
z4lCm4etRnk
z4qplMskJZE
z57nVza1bMs
z5CzmEZ67d0
z5gzArY2_dM
z6ADAoA0EVw
z6CPK78q34o
z6Tw0J6ejnU
z7-DhMqgwXk
z7BP798g_Ec
z7NiHTh1T20
z7aeD_WJqQg
z7d_Wf8-8sU
z84I8N8Urdw
z8EMqZjyjHw
z8ZLNrjsYVU
z8kXLK7WtT4
z8wLiniNXyE
z9A2TmZ1bNw
z9N8hPXdf14
z9h46xx44Nw
z9kfWsnCDxg
z9tYC5ijV-M
zAAJcUHuC7w
zAJ27zxjX-E
zAefa1wAIJI
zAk3hF4tnAc
zBAt_rVkPv0
zBI7moGX08w
zBMZYOl3TZY
zBO4pp7xCvA
zBT0LPGHepo
zC0jKZnZPWc
zC_RhFed3wQ
zCtJmz7GmyY
zD8jPgZCgWI
zDSoeRLVGbY
zDkCyf4DRZA
zDp_GlK5rv8
zDrkt3ET4qc
zErIpcwBXus
zEucyPzJQuk
zEwvE8sm03I
zFbBt1u8XOs
zFrmPyecGFE
zG5eJjapGcY
zGKaUXJ_OfU
zGssm6fnxyw
zHRqB0Zih5k
zHavmO7mQMo
zHcJ7cDLciQ
zI9EwukWJp4
zIRk3I2pN7k
zIV8kwWymHQ
zIWp_TqUY8w
zIXjmr_acJw
zIgSvDxkSk8
zJ-jd3U_4go
zJJnEmhRtEE
zJPx42HQsM0
zJaV5jJlfww
zJlsnTr5Z8M
zK1_GHyAlAA
zK2O9bLgUFg
zKBb4n6cTBU
zKYcbbQvdbI
zKhgv10sIvM
zKugrHnwHlk
zL64qpN1x5g
zL7VMAvoglQ
zLJkKh_ygSg
zLMrQQclrNs
zLVjRl14Z5U
zLeLeAtH1UQ
zLnx7SAbu-w
zLo7qkeo0Is
zLyO792Ul10
zMM5mQErdng
zMTm4I2CJSY
zN3P7I-7Rc0
zNAQdJdxlh8
zNIxIwlXI1A
zNL9x-bmJJQ
zNndpkHCCJw
zOYbz5VYdcc
zOefMWOA9Ys
zOfoY9mkGfc
zOnUfkG1HYY
zP8ODTQsJdA
zPGoDPxn62E
zPPMKYMDtV8
zPT5F-fZcWg
zPXqMupnfp4
zPpWmrTdxu4
zPrz4e7m3tQ
zPu_IT-raxo
zPyNfeUF6LA
zQ2Iqlq8OVA
zQDcuNSLCXQ
zQS4o26QgJU
zQdrgwFlX0c
zQoYcv3yfGs
zR8-VEOQvOM
zRLn6aLN6k8
zRtlQRltLzI
zRzPe9Rek8Q
zS5gZ2hdUT8
zSQtRKGACe4
zSaiJh4Dm5I
zSfAFXqmUJ4
zSw-mmo05Ds
zT7HDFX5ESA
zT7lffQaewQ
zTbB5t3Hz1Y
zTjNrX-Olbo
zTr5rwVsFJo
zTrDf74N8gM
zTundyo3sls
zULpy7XQAKU
zUrbEFLIp6E
zVzLmUJR-zg
zW4gxQZKLlA
zWADRcKNiUE
zWH7xR33VMk
zWHnIVmAIiY
zWO2lUgi2bo
zW_KP8fYOVc
zWbqr-Ynr10
zWl2Mqua6cc
zX1B2k1esEc
zX9oZvxKiy0
zXFHjSeRSFU
zXUKOibIHtM
zXZq5wYm2qU
zXj40o7LaW0
zXtcJDNHauw
zYZvy3Qiomk
zYclWMzhcQA
zYk6VDL428M
zYlDAcRZpWA
zYoTg2rqee8
zZEmnpVLhMI
zZmGg7etNXA
zZsNFz91f38
z_50Ozzo5Zg
z_gJRe-WumI
z_lHMez2PQM
z_xpj6Kt8g4
zb44FPpSZD8
zbFz6W3LueQ
zbURxuoBswE
zbpiAPD6sJE
zcHHz-mSzgQ
zcYVoYnZPac
zcsYK3LwBuI
zdN3P9uFUJo
zdXJM3sOgj8
zdZPlTV6k80
zd_DXqGVDRQ
zdtB5nYJuK0
ze-p3eKdxoE
zemK1EOy_II
zerbhw-40I0
zetuHwEdxFY
zfKMUjl5DJU
zfRJTGiORB0
zfXQjQdB4I4
zg4bgu11eEU
zhjImeAVJz8
zhp260IexK0
zj1G04uuiGs
zj7e0Y4A55E
zjHEjlmj4ZM
zjLPhY8Q-RM
zjlo2svwJVE
zjnbLzYXeik
zjqOgG5U2F8
zjxdGOBW-0c
zkBFJCuV-gw
zkbq1Ktu1bs
zlJ18WRqKlg
zlQ6jGstjlU
zlX74h2Hlmw
zlZnup7MLs8
zmLq0N7tkD0
zmSQvsuyBO8
zmvxK_U75BQ
zmyvkQDTQ7g
zmza3ssT2VI
zn2JD4Sitqs
zngfQlXw9t8
zo7G5mfOs2Q
zomDoEbTH-M
zovaFn2Wlc0
zoyuoGlwyD0
zp3JJ02c99A
zp467mASZ14
zp5UwHa4Xhg
zpMy5pZQL0s
zpTcsCSrj_0
zpijc7ktPYM
zpqg7h6G-cQ
zpxIE3-AqHo
zq3iTlFgs5E
zq73azwXhhs
zqTgODHG5R8
zqXKG_0MWMw
zqlVzBxk3kw
zqusQiW0xo4
zr9dRqsLXyc
zr_aOJPB8_I
zrja63hM2P0
zs44CLv5jf4
zs5ikDdpPwU
zsKFjvHpVzk
zta43JSLZDk
ztk6T0B5ZWM
ztkXP7M-shM
zuhzKYAzn_M
zumtwSs7AQE
zv4XZs3goGs
zv4mugZyGBM
zvF-8FzBr4Q
zvbyiSUSFR8
zvlmb5oRpzI
zwFxTggN62E
zwGu1f1x9LY
zwN6c8Pzi_I
zwdFPriQcrM
zwhsXje1s4I
zwxkiUnByW0
zwyI0O28fOY
zx1_XHYf3g4
zx8VubBtMpM
zxBreL5KMWk
zxTssTi5VZE
zyCwkN6yF8Y
zyHZvnAO_gc
zySd45MFGg0
zyaVFY56S0k
zz-eTKM1KBo
zz2sExxYcNU
zzYbH_qThx4
zzefQC-0R64
