-0gRIj0vkIU Carlsen Shows How to Crush a Super GM with 1...b6
-18a84JHLdo Zugzwang on Demand || Xiong vs Duda || FIDE World Cup (2019)
-2Q2OHFZXWg Mr. Beast Big Brain Moves and Hikaru Nakamura
-3otg-asbvc No Risk, No Champagne || Ju Wenjun vs Goryachkina || Women's World Championship GAME 9
-52He4PF-NA First Contact! | Praggu vs Anand | Tata Steel Chess India Blitz (2018)
-5u5uuMdAJc Move of Legends!
-6hO5K0m16Y First Ever Game Between Ding and Fabi || Warming Up For The Candidates!
-6kZWBE2jdw 125-game Unbeaten Streak - Hello Everyone, I'm Back! :)
-6lBiQiI0Q8 True Meaning of agadmator
-7VLF0XQghw Anand Should Get A Brilliancy Prize for His Game against Leko | World Rapid Championship | Round 3
-9PMGdZYZFA One of My Games || Happy International Chess Day Everyone! + Chess Quiz Announcement
-9cCbATiUTQ To Boldly Go Where no Man Has Gone Before || Giri vs Caruana || FIDE Candidates (2020)
-AaAqhgqZbs One Ding to Find Them || Liren Ding vs Grischuk || Gashimov Memorial (2019)
-BzocnDPuIs Crazy Supercomputer Move! | Carlsen vs Donchenko  | ECCC (2018)
-C539zLta8U Pogchamps Decided by a Single Square! || Rainn Wilson vs sardoche FINAL GAME
-CoYV4tVouk Zwischenzug! Part 2 || Nakamura vs Carlsen || MC Invitational (2020)
-D0gznjeySE Just A Boring Game Between Petrosian and Smyslov... Or is it?
-En_grRzx3g Luck of the Irish - Best Masons come from Ireland
-NMvutCoN7k In The Endgame, The Gods Have Placed Carlsen || So vs Carlsen || GAR (2021)
-NozSoqprUM The Ruined Immortal || McShane vs Caruana || FIDE Chess.com Grand Swiss
-Nx0ucWFCto Nona Gaprindashvili Sues Netflix for 5 Million Dollars!
-OOwx7Q4q0U Rossolimo's \
-UNGDPtsEeg Draw? Too Late for Such Things! | Fischer vs Larsen | (1971) | Game 5
-VsLqn9i95Q Magicians Walk Among Us
-ZNS8LP_0Mg Leela, You've Got Me On My Knees, Leela! | Andrew Tang VS AI Leela Zero
-ZxQABkfSU0 The Bishop Pair || It Always Prevails... Most of The Time
-cK1got1iv4 Ready For November? | MVL vs Caruana | Grenke Chess Classic 2018.
-e74VRvOdic I Feel Sorry For The People Who Weren't Taught Chess, They Will Never Know How Beautiful This Is
-g1o5YC2lyw Journalist Christoph Rottwilm Gives Carlsen a Run for His Money
-g6vcGt-4Ic Finally, A Sense Of Humour! || Leela vs Stockfish || TCEC Superfinal Season 17
-gPMKfAVp2A Elegant and Simple, Learn from his Game || MVL vs Topalov || FIDE Jerusalem Grand Prix (2019)
-gndvuTY1Ek \
-i6TpAZIpMs Your Optimism is Misplaced | Caruana vs Naiditsch || Grenke Chess Classic (2019)
-kd9uAj0Twk Praggnanandhaa's Last Move as Non GM
-kn0MrF-g2A Equality at the Cost of Passivity || Ding vs Nepo || Croatia Grand Chess Tour (2019)
-lHtIhq7Ncg Kasparov Sacrifices his Queen on move 12!
-lWES1-WBD4 The Hesitant Queen || Wei Yi vs Navara || FIDE Grand Prix (2019)
-pVcdcD5x5M Rey Enigma vs Anatoly Karpov!!! || Grand Final || Spain's Got Talent (2021)
-v7AKiophk8 So Much Poison || Nepo vs Anand || GCT Tata Steel Rapid (2019)
-wIcNHWimBk Evening of Chess and Cosmology
-x1YH6OTRxg \
-yIfJ_vmqPY \
-z-ahsh6w5A If it Wasn't Losing, it'd be Completely Winning! || Vidit vs Nepo || GCT Tata Steel Blitz (2019)
0-vRJt763ow The Hungarian Attacking Legend - Rudolf Rezso Charousek
01ZusfU2hCo \
02oTVq4H_5I Black is the New White
04A5a-JelhY Chess is Never Without Drama
04R6_OMyMYc Never Play The French! | Isle of Man (2018)
05ouOyAPIQs The Spanish Immortal - What Sorcery is This? #3
06j7_zZXO1c No Reverse Gear 2800ish Caruana!
08wqqenaDXs First Ever Decisive Game Between Grischuk and Fabi || Warming Up For The Candidates!
091ydFZRoag Is That... Leela? | Carlsen vs Caruana 2018. | Game 2
0A8-8M8fb04 The Bobby Fischer Story | Fischer vs Huebner | Palma de Mallorca Interzonal (1970)
0GhkecfaXlQ Voyboy Wins $1000 for 1 Chess Game While Playing Yasuo Mid!
0IxlsSFPP3c Explicit Torture Footage (Not for the Faint Of Heart)
0J05Z5rRQEQ Fischer's Victim - The Prelude | Fischer vs Taimanov | Palma de Mallorca Interzonal (1970)
0JG7_h5nBhI Road To Candidates 2022?
0K32hs78gKA Almost Immortal | Wesley So vs Aronian | Candidates Tournament 2018.
0LyGwgG-b3Q Fortune Favours The Strong | Anand Faces Hou Yifan | Tata Steel Chess 2018. | Round 11
0NOT94lUjJc The Last Queen Sacrifice of 2017. - All Hail David Navara!
0Q67TTulruo Watch Where You're Pointing That!! || Wesley So vs Carlsen || Skilling Open Knockout (2020)
0QVLVZxKUjM Impervious to Magic || Benko vs Tal || Cura๺o Candidates (1962)
0UP-oVMOSNM How To Tame Your Dragon || Grischuk vs Carlsen || Saint Louis Rapid and Blitz (2020)
0WvgaW2_ncU The Incredible Ding | Karjakin vs Ding Liren | Candidates Tournament 2018.
0ZfktUE5TL4 Brilliancy Forgotten in Time | Radjabov vs Ivanchuk | Candidates Tournament 2013. | Round 2
0_3y8ZCAYhY Happy Birthday Misha - The Greatest Pirate to ever Pillage the Chess World!
0aZ_BXr0yXk Are You Team Magnus or Team Nepo?
0b6km10Q4aU The Last Great King's Gambit! || Ivanchuk vs Giri (2013)
0bMpdj51dO4 Third Time's The Charm?
0bcCob_MFA8 Bobby Laughed at Black's First Move | Fischer vs Addison  | Palma de Mallorca Interzonal (1970)
0cSAC6R8SwY Bronstein Would be Proud  | MVL vs Anand | Grenke Chess Classic 2018.
0ffG3u9NFTY Paul Morphy's Worst Game is Better Than My Best Game
0kVdmBJmEjQ Praggnanandhaa Beats a 2700+ GM #iomchess
0swsSdPWwGM Played in Every Game, Except This One || Svidler vs Carlsen || Chess24 Legends of Chess (2020)
0to-BpOufJQ OMG MOVE !! || Carlsen vs Nakamura || Airthings Masters (2020)
0wXh6xbZdTY So Much Action, So Little Time! || Firouzja vs Narayanan || BanterBlitz Cup
0z_bdCKsy8c Sorry About That :)
0zoMd4I5sxU Ministry of Finance | Fischer vs Spassky | (1972) | Game 20
100DEWI7t_E Curse is Lifted | Van Foreest vs Carlsen | Tata Steel Masters (2019)
103oGE74dNY So Deadly | Caruana vs So | Your Next Move (Rapid) (2018)
10rV41kWiqY Biggest Blunder in Chess History - Karpov vs Bareev - Linares (1994)
11fbezQn25Y Kasparov Will Face Carlsen For The 1st Time In 16 Years!
12Dmdk8hET4 Everyone Talking About Queen's Gambit - Welcome to King's Gambit
12x-hAvSQVY Beginnings of Chess as We Know it Today || Morphy vs Anderssen (1858) || GAME 2
16EIrX90iBA Human Confirmed! | Carlsen vs Anand || Grenke Chess Classic (2019)
1A7SJLFxcu0 Our Taxi Driver Was Not A Chess Enthusiast | Tal vs Botvinnik 1960. | Game 4
1BQn5VUIjqI Deadly Sacrifice, BUT Wrong Game | Tal vs Botvinnik 1960. | Game 9
1DZDoKElZFo Croatian Tennis Legend Ivan Ljubičić Plays Chess
1Ggpr19ztJY Mikhail Tal tries to Save a Drowning Hyppo for 40 minutes
1IAkc691Vtw Garry Kasparov vs Filip Martić (My Nephew) - Another High Noon in Croatia
1JIGvilwRSk Carlsen Goes For Scholar's Mate... Oops | World Rapid Championship (2018)
1KEl3WEhEA4 Soviets Organized a Tournament to Show Their Supremacy, But One Man Wouldn't Have It
1KJxBPOnX0U When It Rains, It Pours | Anand vs Carlsen 2013. | Game 6
1KRcG4BSsCM Just Two Bros Having an Awesome Time || Alekseenko vs Nepo || FIDE Candidates (2020)
1LBHs4NDI7k World Champion Plays 2. Na3! | Carlsen vs Georgiadis | Biel Chess 2018
1NFIIF7cb9o Human Version of Perfect Chess
1OUEd-yTRsU Nepo Has Landed!
1OUhS2RGuDY Position From the Thumbnail!! || Caruana vs Nepomniachtchi || Chessable Masters (2020)
1P8YNfudEHM Opening Preparation is Useless Against Anand - Tata Steel Chess 2018. | Round 10
1UIhjmdYvXk World Championship Bullet Training
1VRIjbzkO98 Mixing it Up || Capablanca vs Lasker || WCC Game 3 (1921)
1YaTfmeRu98 Master of Preparation - 1.b4!!
1_UUB1A_aAs Godlike Performance | Carlsen vs Korobov | World Blitz Championship (2018)
1a93F5of5OI No More Anish Giri Jokes! | Tata Steel Chess 2018. | Round 8
1aCIMMjMWpU Garry Kasparov schools young Wesley So in the ways of the Scotch
1bogl50gs0A Fabi The Pawngrabber! | Caruana vs Aronian | Candidates Tournament 2018.
1d1YehnVa1Y No One is Immune! | MVL vs Navara || Riga FIDE Grand Prix (2019)
1dFmHEUjjq8 Spidey-Sense Malfunctioning? || Giri vs Mamedyarov || Croatia Grand Chess Tour (2019)
1eIVZNBV4Hs How to Ruin a Beautiful Game But Also Win It
1fUidqqVu8o There's Bad Bishop and Then There's THIS BISHOP
1kb5BSFH6Nc Only Tal Could Sacrifice Like This
1mxzIbvoJ5s Free Rook Lift! || Grischuk vs Xu || FIDE World Cup (2019)
1rfUYaenKA4 Perfect Attacking Game? | Ding vs Mamedyarov || Norway Chess (2019)
1v3mJre8-3E Never Underestimate A Drunk Canadian Grandmaster! :)
1xJ9H0iGECM Havana Knights || Lasker vs Capablanca || WCC Game 10 (1921)
1yM0D1iZLrg Deep Mind AI Alpha Zero's Positional Masterpiece With the Black Pieces
20sska5h_TM A King Hunt for the Ages! Well...
22SYBBp9ROU Richárd Can Crush Anyone, Even Magnus!
24AwFkLemtg Make Every Move Count! | Aronian vs Gelfand | Candidates Tournament 2013. | Round 2
27Qwf9Euv5c Pure Sorcery || Radjabov vs Xiong || FIDE World Cup (2019)
27id2q5iu78 Queen Blunder or a Genius Move?  || Giri vs Tari || Tata Steel (2021)
2BcPdee9LMw Major Upset in Pro Chess League - Awonder Liang Beats Hikaru Nakamura
2DKoOaR8_BQ Nepo's Opponent Plays Better Than Stockfish?!?
2E5WAMMfyvo It All Comes Down To The Endgame | Praggnanandhaa vs Wesley So | Leon Masters (2018)
2EOLYhzPd7k Lightning Chess by Film Director Herman Leitner - Bonus Video Included
2Fs7lBAaYZU Magnus Carlsen HACKS Chess!
2GGtfG8CFgs \
2HfpWHhvH64 Someone STOP This Man || Dubov vs MVL || Airthings Masters (2020)
2HzlBIEFXo8 The Second Brilliancy Prize! | Nimzowitsch vs Tarrasch | St. Petersburg (1914)
2I-4IY72wVY Magnus Carlsen vs Nihal Sarin! (2021) || The Game You Requested :)
2JMZsi7mGsE Is 26 Moves a Miniature? A Classic Nepo Brilliancy
2J_-u91PUF4 Master of Home Preparation  | Tal vs Botvinnik 1960. | Game 14
2KgxNgiUjqM Anand Wins Tal's Memorial 2018. | Brilliant Game in the Style of Tal Himself
2KjLrgrLhPc When you Have to Choose between Moves, Play the most Romantic one!
2PGVGBLPwIc If It Worked For You, Maybe It Will Work For Me | Anand vs Carlsen 2013. | Game 8
2QF_IXO5nCc Impressed Yet? || Coria vs Capablanca (1914)
2QG5bTFMHUU No Draw, I Resign!
2R6cV6JcY_k The Man Who Quit Classical || Nakamura vs Grischuk || Berlin FIDE Grand Prix (2022)
2Rme4o0Zo6k Petrosian's 8 Move Miniature against a Grandmaster
2W9dID8xe7o Smooth! - Magnus Carlsen Wins World Blitz Championship 2017 | 1,5 Points Ahead of Everyone Else
2WofCE4kSgY Greatest Blindfold Chess Game Ever Played || Paul Morphy vs George Salmon
2Z4OQBLSljQ Meet Maia Chess || A Human-like Neural Network Chess Engine
2ZUE-OmmcEw “Watch 16 Negative Men in Action\
2ZlUfQYQ1-0 The Only \
2gPs3yG7T1E Thank You For 100000 SUBSCRIBERS! | $500 Lichess Arena, Giveaway, Q&A and a nice Mikhail Tal Game
2gp592aMuvI The Mistake, The Attack and The King Move That Settled All || Keres vs Tal
2iPG8ipdw_8 Is Ivanchuk a Genius? I'm sure Shirov Would Agree
2icR1eWDtv8 The King of Iron Fist Tournament!
2k-SUdGYKQc Quickly Everyone, Morpheus is Fighting Neo! | WBC | Round 15
2mvO1ZX7M7M Ah... The French! | Kovalev vs Kuipers | Tata Steel Challengers (2019)
2nNYjl2lAs4 Feeling That I'd Already Lost || Borgov vs Harmon || Netflix's Queen's Gambit
2nygAJ5gq0w Compliments from Magnus || Ding vs Firouzja || FIDE World Cup (2019)
2r6k6eMAJlo Hint of the Future | Capablanca vs Alekhine | Savorin Cup (1913)
2tnwzOV_PEY Nezhmetdinov VS Tal || What Happens When Two Magicians Meet?
2vLgRd0-zQQ What Madness Is This?? || Duda vs Carlsen || Aimchess (2021)
2wH92fzejKw Ivan ᘊrić of Croatia Wins European Chess Championship 2018.
2x9tA9S5JIY Pride of India | Praggnanandhaa Becomes Second Youngest Grandmaster in Chess History!
2z2WSpRgQDM The Era Of Magnus Begins | Anand vs Carlsen 2013. | Game 10
340Qipmh9xo Najdorf Summons Paul Morphy!
34K0RZmlpWo Clash Of Leaders | Carlsen vs Aronian | Candidates Tournament 2013. | Round 8
34uFRTAGMVE The Praggnanandhaa Bind || Praggu vs Vocaturo || Xtracon Open (2019)
35jiOqL8Xrw Grandmaster Maurice Ashley Plays Willson the Chess Hustler in NYC Park
37T3SobAbcI When All Seems Lost || Gelfand vs Anand || Chess24 Legends of Chess (2020)
3BcMVBz8j-k Taming The Madras Tiger | Anand vs Hou Yifan | Grenke Chess Classic 2018.
3BgG4bUDHa4 !@#$%$#!! || Dubov vs Carlsen || Airthings Masters (2020)
3DMX342ssPQ Knights Are Tricky Bastards! || Best Game of Day 2! || FIDE WORLD CUP (2021)
3D_ssQwqv7s David Navara Crushes his Opponent with a Tal Move
3KhcVkvYmzc The Invented Immortal | 15 Moves With the King
3LKgOW_dya8 Undefeated For An Entire Year!!! || Aronian vs Carlsen || Grand Chess Tour Finals (2019)
3MgKUgf8JzY Praggnanandhaa's Sister Vaishali Takes Down a 2650+ GM
3MxHZ86zTl8 Way Too Complicated | Morisson vs Capablanca || New York (1918)
3NFlYsVHQkM 1 Million Subscribers Golden Play Button
3Ot_l1EB2dc This Opening is TOO STRONG! || Aronian vs Nakamura || Airthings Masters (2020)
3P4Kvlxh8o4 \
3PYexWw3nE8 All Comes Down To This! || Nepo vs Carlsen || FINAL GAME - ARMAGEDDON
3RKe12PR6hI Fortune Favors Those who Grind || Nepo vs Anand || Sinquefield Cup(2019)
3Rt2vFCxw9w Never Play h3 against Mikhail Tal
3Vh9h82-qRE Norway Has 2 World Chess Champions! - Congratulations Aryan Tari
3W-Dg36dENY Bobby Copies The Ladies | Spassky vs Fischer | (1972) | Game 19
3WgEE9hYyBw Another Day, Another World Record! || Van Foreest vs Carlsen || || Tata Steel Masters (2020)
3XVCKhZd6No g5 Is a Thing! | Meier vs Caruana | Grenke Chess Classic 2018.
3XcXozyXA4g Can He Be Stopped?? || Carlsen vs Dominguez || WRC (2019)
3_8Fjc55ywk London System is Unstoppable-ish
3_NEiVp-_w8 How To Get Featured on agadmator's Channel || Esipenko vs Carlsen || AirThings Masters (2022)
3_ipuhvCs6U When a Knight is Stronger Than 2 Rooks || Xiong vs Carlsen || CCI (2020)
3bsSgSBPMSs There is But One Move! || Mamedyarov vs Caruana || Sinquefield Cup (2021)
3cS9tYp_6Lw Chess Principles? Anyone?? || Stockfish vs Leela Chess Zero || TCEC Superfinal (S15) Game 61
3cmX7T5Ylgg Never Play.... f5?? || Tari vs Esipenko || Tata Steel Masters (2021)
3f-0bXbajuo Blindfold Penguin vs Cloud9 League of Legends Team
3fW4g8hLNv8 The Move of All Moves | Capablanca vs Marshall | Game 11
3fxuWEbv6FY Four Queens on the Board in Such a Crazy Game!
3iKZPafJGrA The Great Mequinho - Mecking vs Najdorf in Najdorf Variation
3im-MzP2Qfc I'm Lazy and I Know It | Capablanca vs Marshall | Game 13
3j5gYJEGyK4 Now That's A Champion's Move!
3kNznwra7yg My Choice For The FIDE Olympiad Brilliancy Prize!
3ph5hPsxdt0 Alexandra Kosteniuk Shows Why She is The Chess Queen!
3qO-Wj9Wu6Q The Cheapo! || Anand vs Carlsen || Chess24 Legends of Chess (2020)
3taHp9EC5Kw Deep Mind AI Alpha Zero Refuses a Draw from Stockfish
3w45AtUmxp8 Checkmate in The Middle of The Board || Nepo vs Carlsen || Skilling Open Knockout (2020)
403EYdt3MuU Strike While The Iron is Hot! | Petrosian vs Fischer | (1971) | Game 8
40eHHDsy0bI Benoni is Back! | Xiong VS Caruana | US Championship 2018.
41Tw0yVXML0 There's Nothing to Do Here | Tarrasch vs Capablanca | St. Petersburg (1914)
42wuMKVh5xo Earth vs Space || 50th Anniversary Chess Game || Karjakin vs Cosmonauts
45sOGixOEBU 9 Moves Blunderfest
45wRk5ZaGvc Never Too Early for A Surprise! || Carlsen vs So || Aimchess (2021)
46R3VYW0fjU Hikaru Smashes Everyone!
48qg4Z8VheE Title Stolen For Future Video || Caruana vs Duda || Tata Steel (2021)
4ASeyAk9UEs Fortune Favors the Strong | Gligorić vs Fischer | Palma de Mallorca Interzonal (1970)
4AXrSRM63BM Champions Of The Old and New World || Morphy vs Anderssen
4C1sSM5ybP8 The little Wonder called Awonder
4CtVkqg_dgc And We're Off | Carlsen vs Anand || Altibox Norway (2019)
4DaL5StB-ew Future vs Former World Champion | Kasparov faces Tigran Petrosian
4Ez2CuGFpjo Simple Over Funny | Capablanca vs Morrison || New York (1918)
4FQhOSKELCg Anish REALLY Wants to Challenge Magnus! || Giri vs Ding || Candidates (202X)
4Fnegshsb-4 Sometimes You Just Lose Terribly || Ding vs Dubov || Lindores Abbey (2020)
4G0fQEwGmWQ Just a Boring Game Between Petrosian and Smyslov... Or is it? (1080p)
4L1ZlHmMH4Y You Can't Just Sac a Piece... Oh... || Nepo vs Caruana || Chessable Masters (2020)
4MjekTJrPSY Lord Of The Olympiad | Ivanchuk vs Guijarro | Batumi Chess Olympiad (2018)
4ONdu4cEeGA Looks Scarier Than it Is :) || Rajabov vs Aronian || Paris Rapid & Blitz (2021)
4OpBsD4lW7I Wolf's Bane | Uhlmann vs Fischer | Palma de Mallorca Interzonal (1970)
4RuEcjTThUs La Paire de Fous des Enfers || St. Louis Rapid & Blitz GCT (2019)
4TUJ7KFspGU Game of FIVE QUEENS!
4ULhgFjtF4g agadmator Friday Arena with Valentina (sister)  - Join for some Fun and Games - lichess.org
4UmYcj_Vvd0 Can You Beat Chuck Norris? || Firouzja vs Artemiev || Tata Steel Masters (2020)
4Wb4ref508w Accepting Some Challenges Before the Dentist
4X5n7EIS9O0 This Guy Played 48 Games Blindfold Simultaneously
4YUAouQq3n0 What a Time to Be Alive!
4_Uz2KviIyw Completely Winning, But Not Really || So vs Nepo || World Fischer Random Championship (2019)
4c1o6QIm1xI Control the Center, They Said
4dJZUii3MHc Marshall Law | Capablanca vs Marshall | Game 7
4dQE9GxzhgI I Was Very Happy || Ding vs MVL || Grand Chess Tour Finals (2019)
4fMuLhkD9_E Tactics, Tactics! | Carlsen vs Firouzja | World Blitz Championship (2018)
4hIfY6CP7tU The Great Escape || Carlsen vs Giri || Skilling Open Knockout
4hwBkVKMhkg Morphy Goes to Paris!
4izdC_F33RY Here to Entertain! || Dubov vs Mamedyarov || Tata Steel (2022)
4oKoIeeoq8U Masterclass || Anand vs Giri || Gashimov Memorial (2019)
4rhISuMSW0Y AlphaZero is a Game Changer || Nepo vs Carlsen || Croatia Grand Chess Tour (2019)
4sTE_4ZmmZI The Happiest Candidate || Wang Hao vs Giri || FIDE Candidates (2020)
4zQ8b59ChYQ Happy International Women's Day || Judit Polgar - One of The Fiercest Attackers Ever
50-M1TMwHxI Nezhmetdinov VS Tal || The Smile of Caïssa (1959)
51nN2hBLl_4 e Captures What??? || Firouzja vs Dubov || FIDE World Cup (2019)
58FdYo5tbNs No One Can Win This Position || Firouzja vs Nakamura || Chess.com Bullet Championship
5BJF-hre1a8 Happy Birthday Jobava Baadur! - May You Entertain the Chess World for Many Years to Come
5Fdh-ebElZg Sooooo Close, Not Even Kidding || So vs Carlsen || Lindores Abbey (2020)
5G0Pypl4tbo It's Mating Time! || Carlsen vs Belov || World Blitz Championship (2019)
5G0SuWglyeg Experience! || Firouzja vs Giri || MC Invitational (2020)
5L3oZjxo8bo Everybody Sing This Song! || Duda vs Karjakin || FIDE World Cup Final Game
5NT3tEeB7Vs ...Always a Genius || Ivanchuk vs Zelčić || Tournament of Peace - Zagreb (2019)
5NiV8PRX2Yk Señor Capa Plays Like a God and, my Dear Boris, it is Impossible to do Anything
5O_dNtgEiTQ The Timeless Magician || Tal vs Miller || Thank You For 500000 Subscribers!
5PE8XG0esRs Now THAT was Unexpected! - What Sorcery is This? #5
5PFjM_MQ2do Violence is My Last Option || Artemiev vs Aronian || Aimchess (2021)
5RbW_1qywDE It's Over 2900!!! | Caruana vs Naiditsch | Grenke Chess Classic 2018.
5TXkTmXzFWQ \
5Z6RUgNKaQM I Will Become World Champion! | Bobby Fischer VS Young Victor Korchnoi
5Zhv3Orp8Wg Major Upset in Pro Chess League - Awonder Liang Beats Fabiano Caruana
5_Osl3HPPcI Nepomniachtchi Goes All Alpha Zero on Anand | LCC Round 7
5cxU6hBg7qs I Am Inevitable! || Carlsen vs MVL || Grenke Chess Classic (2019) - FINAL ROUND
5hxtuiIS3hg I Can't Get No Satisfaction || Carlsen vs Bacrot || FIDE World Cup (2021)
5j1dgH9LyT0 Garry Kasparov's Most Memorable Moments | Part 4 | Hardest Move To Find
5j5tud6DXXE A New Opponent! - What's His Power Level?? || Morphy vs Harrwitz (1858) Game 2
5jA74vty5lk Bobby Fischer Dismantles the Greenblatt Computer
5l56arAx-oU The Best Kasparov Combinations You've Never Seen
5l7-Rt7lVPQ Garry Kasparov's Most Memorable Moments | Part 3 | 19 Move Loss Against IBM's Deep Blue
5ql3bvMXmEM This is Hollywood | Carlsen vs Svidler | Candidates Tournament 2013. | Round 14
5vyzLAq18ws agadmator vs Magnus Carlsen (the App) - Age 11
5wHufHWUMes Bobby Fischer Crushes Everyone and Then Continues Crushing Everyone
5x12o1wgEnM They Call Him Beast For A ReAsOn!
5yw58UAnYLU David Bronstein Crushes World #3 with a Novelty
5zzkGdcBPR4 One Freshly Squeezed Stone, Coming Up! || Nakamura vs Ding || Chessable Masters (2020)
613pMX5td04 Your Focus Determines Your Reality || Carlsen vs Nepo | World Blitz (2014)
62pZLLlIZWU Only One Goal - 2900! || Carlsen vs Giri || Tata Steel (2022)
64Po0qJqHFU Jose Raul Capablanca | The Saga Begins
68LjfXQxtS0 The Lazy Cuban | Alekhine vs Capablanca | St. Petersburg (1914)
69403o7VT_g Mind Games || Caruana vs Carlsen || MC Invitational (2020)
6ARLp5ETOMU Aronian's Favorite Square | Aronian vs Grischuk | Sinquefield Cup (2018)
6B7GEfQEk1Q The Ukranian Immortal - Brilliancy, after Brilliancy, after Brilliancy
6Cei3384iVk The 3000 ELO Chess Position
6Co9eoTp5Tk Tweet That, Tweety Bird | Carlsen vs Giri | World Blitz Championship (2018)
6CreaYFH-lI Team Carlsen vs Team Kasparov - A Showdown at Google Headquarters #probiz
6Ecg0Clw1xY Welcome to Elite Chess || Wesley So vs Firouzja || || Tata Steel Masters (2020)
6GLcLr8MriI The Winner of The Championship Chess Set - Luka Jović | Congratulations
6KAjVWYB58Q Basic Chess Principles || Lasker vs Capablanca || WCC Game 2 (1921)
6OuBQVQFNO8 \
6Q0q6aZNT48 More Blunders Online than OTB? || Ding vs Nepo || MC Invitational (2020)
6Q6wWwKYTbU What if Magnus Played Like Tal || Grandelius vs Carlsen || Tata Steel (2022)
6SZODyUpXO0 A Tactical Brilliancy || Nakamura vs Duda || Lindores Abbey (2020)
6UKLWL5WvWI Bronstein Spent 58 Minutes on his 9th Move - Know this Game!
6YO-kogvyhM Brilliant Manoeuvring | Aronian vs Karjakin | Sinquefield Cup (2018)
6ZoJdMdw-hs Stop Trying to Hit Me and Hit Me! | Capablanca vs Lasker | St. Petersburg (1914)
6dsGBIGgSdo How Can This be a Mistake!?? || Firouzja vs Wesley So || Aimchess (2021)
6dtt_oPgkyM A Very Different Antagonist || Harrwitz vs Morphy (1858) Game 3
6enmZmE2JlI No More Trolling! || Caruana vs Xiong || U.S. Championship (2019)
6giA0gsDB7A In Memoriam Robert ᘊnta - We Will All Remember You
6gpj09tMkGo The Morphy Formula! || Lichtenhein vs Morphy || 1st American Chess Congress (1857)
6kKNK0_jlFE Shaknado - The Second One | Mamedyarov vs Wesley So || Riga FIDE Grand Prix (2019)
6mKKSEGnPLo The Best Player in The World?
6nwsuucyGR8 He Does it Again! || This Time It's MATE IN 9!!!
6oyXQvIvO-s Best Game of Day 1 || Xiong vs Liang || U.S. Championship 2020
6qZDMNl8yXA Merry Christmas Chess Puzzle to Brighten Your Day :)
6rOQztBkNN8 Surprise, Disgust, Happiness || Carlsen vs Giri || Chessable Masters (2020)
6s5xVBjmsk4 Proof That Magic Still Exists!
6skWDUlxp5o Queen Trapped - Or is it? || Nepo vs Giri || Chess24 Legends of Chess (2020)
6xHo53e2ttk Bobby Fischer Helpless against the Magician from Riga | Part 2
6xr1SksOQic You Missed a Spot! || Nepo vs Carlsen || MCI (2021)
6yeyEIlS_7E In Memory of Arianne Caoili || A brilliant Attacking Game
6zOmPhVAKeU Garry Kasparov vs Mario Kovač - A London System in Croatia
7-01EcLXBvQ Never Too Early for Zugzwang! || Leela vs Stockfish || TCEC Superfinal Season 17
7-MborNxYWE Deep Mind AI Alpha Zero Sacrifices a Pawn and Cripples Stockfish for the Entire Game
71FtpZxNbvk Fabi Shows us How To Handle the Petrov || Caruana vs Lenderman || U.S. Championship (2019)
71GZ3z2YDvA agadmator's 500k Arena - Join us for some fun and games - lichess.org
72YBQ5Fxe7o First Blood! | Caruana vs So | Candidates Tournament 2018.
74E_f_XKY0g Deadly Egyptian || Amin vs Nakamura || GCT Cote d’Ivoire (2019)
74NkCI0Uy5g Grand Finale! || Nepo vs Grischuk || FIDE Grand Prix (2019)
76AJcr_XZeg Vidit Fights Until The Very End! || Berlin FIDE Grand Prix (2022)
76Dw3Fu8jnI Carlsen Tricks Ding Liren Again in Champions Showdown
7B9p2PrsKWY Bobby Fischer's Secret Online Match vs Nigel Short in 2000
7D8O_gnE0bA Hikaru Nakamura Wants to be \
7DdM9FREs_Q Thou Shall Not Pass! || Navara vs Navara || Gashimov Memorial (2019)
7E0jE9o6JsE Decisions, Decisions || Nakamura vs Carlsen || Lindores Abbey (2020)
7FWuExjgUxw The Perfect Warrior || Carlsen vs Nakamura || World Blitz Championship (2019)
7FnczHj943c Vi sitter här i Venten | Nepo vs Yangyi Yu | FIDE World Team Championship (2019)
7GMTGU79K_M Morphy Wins a Brilliancy with Rook Odds!
7J5cAy_B0bE Tug-O-War || Lasker vs Capablanca || WCC Game 4 (1921)
7JA5G6hhFIQ You Can Watch This One! || Firouzja vs David Anton || Tata Steel (2021)
7NWtBYHqeJE The Shortest Game of Magnus Carlsen's Chess Career!
7OGWU9mdm3A Double Blindness | Grischuk vs Ding Liren | Candidates Tournament 2018.
7Pt3AKSo-4w Dance of the Engines || Leela vs Stockfish || TCEC Superfinal Season 17
7RHKh-4k_LU The Monster Knight Move | Anand vs Caruana  | Your Next Move (Rapid) (2018)
7VIRc-L7bug Magnus Carlsen vs Ian Nepomniachtchi || World Chess Championship (2021) || Game 2
7XfKwUrAifk Man of Tata Steel || Carlsen vs Anand || GCT Tata Steel Blitz (2019)
7_IzXUKbIqY Reigning Croatian Champion Marin Bosiočić vs Filip Martić (my nephew)
7aRU-cp5hvQ Point Of No Return | Carlsen vs Caruana | Bilbao Masters (2012)
7afEVRsueLQ Beware of Greeks Bearing Gifts!
7bDlstdLua4 The Crazy Gruenfeld | Svidler vs Gelfand | Candidates Tournament 2013. | Round 5
7bS0bl_3tMg Champion's Mindset | Rubinstein vs Capablanca | St. Petersburg (1914)
7chVkrqFzWg Hikaru Joins Lichess!
7e9Hgv3noq0 When You Wake up Too Late || Ding vs Nepo || Candidates (202X)
7eiXRvLBgRc Bishops... Bishops Everywhere  || Grischuk vs Duda || Fide Grand Prix (2019)
7h3yh2axWxo Activity Above All, Mr. Anderssen! || Morphy vs Anderssen (1858) || GAME 7
7hSHkM5mhP0 They're Elite for a Reason! || So vs Swiercz || U.S. Championship (2021)
7mZXgLLnfxY Pandora's Box || Wesley So vs Carlsen || World Fischer Random Championship (2019) GAME 3
7n1Si78jRHQ Second Ever Game Between Fabi and Ding || Warming Up For The Candidates!
7rCXchJPqko Why So Colorful? || Aronian vs Amin || WRC (2019)
7tF49hR0UmQ Not Today! || Akobian vs Nakamura || U.S. Championship (2019)
7z7F1vtnK3Y Welcome The Elite || Mamedyarov vs Duda || WRC (2019)
8-54GlUG1CE What a Dingsaster || Ding vs Alekseenko || FIDE World Cup (2019)
81yKaWFm3tU How To Slay a Giant? || Löwenthal vs Morphy (1858)
83LAIAKs1b0 Outspeeding the Speed Demon || MVL vs Nakamura || GCT Cote d’Ivoire (2019)
890OwB5tgjc Worst Position in Chess History || Giri vs Meshkovs || PRO Chess League (2020)
89RtMGwRUxQ When You Only Need a Draw but You... || Carlsen vs Nepo || Chess24 Legends of Chess (2020)
89keoLwMzGs Bishop Pair From Hamburg  || Duda vs Grischuk || Fide Grand Prix (2019)
8AjKwOT124E Chess is an Evil Game || Caruana vs MVL || Tata Steel (2021)
8Eu1qf069Ro Lasker vs Capablanca | The Negotiations
8G9YTkHLuPg I Can Fight All Opponents, but Not Age || Caruana vs Kasparov || C.S. Chess 9LX (2019)
8G9y73hapTY Always the Most Colorful Player || Aronian vs Karjakin || GCT Superbet Tiebreaks (2019)
8HbYTKrGNmw The END of Najdorf || Van Foreest vs Grandelius || Tata Steel (2021)
8LXOJM7hNtQ The Beast Awakens! || Kasparov vs Caruana || C.S. Chess 9LX (2019)
8MrDYgq_NxU Celebration in The Swimming Pool | Spassky vs Fischer | (1972) | Game 5
8N-Wqo3Hy5A Bobby Fischer vs Garry Kasparov - The Chess Time Machine
8NAcQtrCysk First Game EVER Nepo and Carlsen!
8Njo4iNO09w Pawn Storm of The Century || Carlsen vs Caruana || World Fischer Random Chess Championship (2019)
8TR4Dlv1SSg Dominate Just One Piece!  - That's All It Takes
8TYx9EHtUkA Seriously, How Does Something Like This Happen? :) :) :)
8Tnf_J3fTgU Play Time's Over || Paulsen vs Morphy (1857) || 1st American Chess Congress
8UP9bHPDaf4 Battle For The Future || Blood From Stone!
8V1UfeKzl9A When Super Grandmaster Meets a Grandmaster
8WZYzm2vAOY My Opponents Make Good Moves Too | Fischer vs Zerquera | Palma de Mallorca Interzonal (1970)
8XRxRkewFbk Anything Can Happen! || Carlsen vs MVL || Grand Chess Tour Finals (2019) | B2
8YgMzPlE1Ng What's That? || Anand vs Giri || Sinquefield Cup (2019)
8Z9_B82sYRo Never Enough Drama in Chess || Wang Hao vs Caruana || FIDE Chess.com Nations Cup (2020)
8b4WbIMp9L8 The Immortal Blitz Game | Nakamura vs Firouzja (2018)
8d8bUgICOEw The Storm is Coming! || Abdusattorov vs Carlsen || World Rapid Championship (2021)
8dX8Rtd5UGI The Lockdown Showdown Najdorf Spectacle || MVL vs Ivan Ljubičić
8dpk9ojzSpY Champion vs \
8dsrIH3akr0 What Knightmares Are Made Of || Mamedyarov vs Kasimdzhanov || FIDE World Cup (2019)
8eyfVb1PqRw The Strongest Chess Player You've Never Heard Of?
8h7RkJqBdOo A \
8inuGXz_om0 Anna Muzychuk Won’t Defend Her Titles. She Doesn’t Want to be Treated Like a ‘Secondary Creature’
8iscRRqpBo8 A True Legend! || Gelfand vs Ding || Chess24 Legends of Chess (2020)
8kMFEFeApdg How'd Those Pawns Get There??? || Carlsen vs Le Quang Liem || WRC (2019)
8rnmJx25slo Scary Moments || MVL vs Aronian || FIDE World Cup (2019)
8uLJ7TcblXI Don't EVER Google Kevin Spragget (images) :D
8vkXrXDe8T8 The Night the Lights Went Out in Georgia
8wCJalNkTEI Grandmasters and Engines Couldn't Solve This Puzzle. Then Came The Magician
8xLrOcfaX9c Everybody Loves Raymond, he Sacs the Queen on move 5!
8ydNEP_PjT4 Tomb of the Unknown Soldier - Morphy's Fried Liver with Rook Odds
9-gt3GvYWcM Nasty Discoveries || Nepo vs Aronian || FIDE Grand Prix (2019)
914_p2-wiJw Mr. Hoodie Guy | Capablanca vs Bashkirov | St. Petersburg (1914)
94W--f7VT5w The Only Game They EVER Played || Mikhail Botvinnik vs Bobby Fischer
95MqyvzQG-o Impossible to Solve! || Mamedyarov vs Korobov || GCT Superbet Blitz (2019)
96KAblzFze8 Why Did he Resign? Well... :)
96ZLYOqDtQM No One Attacks Like Wesley || So vs Aronian || MCI (2021)
96eYFGeZ3No Marble, or Wood? | Fischer vs Spassky | (1972) | Game 8
96waRrDfWTs Tal Would Be Proud || Can You Spot the Crazy Mate in 7?
97rluHGNugs He makes it look So easy - Magnus Carlsen vs Wesley So
98Fzj0gFFnE Minister of Attack | Karjakin vs Carlsen || Gashimov Memorial (2019)
9AUl8cLBx1c I Have a Plan. Attack! | Caruana vs Nakamura | London Chess Classic 2018
9BWJuOscXa4 League of Legends  | Lasker vs Capablanca | St. Petersburg (1914)
9Gw5gVYlNU0 This Man Can Ruin Anyone's Day
9HzjUa1ZBnw Where's Capablanca When You Need Him? || Nakamura vs Topalov || Fide Grand Prix (2019)
9J6Ka4Yr1io Beat a Grandmaster... in 9 Moves... with 1.b3... in 2021!!?
9KuM0wfF6hI May Your Weekend Start Better Than Mine
9MUoC_6EesM Clash of Leaders  | Mamedyarov vs Caruana | Candidates Tournament 2018.
9Mu2nnGd1so Study The Endgame! | Riumin vs Capablanca | Moscow 1936.
9O0peafLmFk Where Carlsen Fails, Leko Prevails | Leko vs Caruana | Schachbundesliga (2019)
9QH49LILecU 3 Days for One Game || Paulsen vs Morphy (1857) || 1st American Chess Congress
9QVGEqB6kcI How Philidor got his Name
9QkKiVmkRHM Merry Christmas Everyone | Big Announcement + Puzzle
9QpnFjG3LbQ Thumbnail Says Enough || Alekseenko vs MVL || FIDE Candidates (2020)
9RtUY5i3eek Unofficial World Championship! || Magnus Carlsen vs Wesley So!!
9S6kuA9nqgs Quiet Game, They Call it - Yeah Right!
9SBZ_-ghKYM It's Getting Late In China || Ding vs Caruana || MC Invitational (2020)
9ShiAEHXhds The Croatian Immortal
9SodPjD5V-s \
9Uas07p_T4A Only Tactics Beat 2800 || Ding vs Carlsen || Chessable Masters (2020)
9W3ZW8c0qU4 It's Now or Never! || Firouzja vs Vidit || Prague Chess Festival (2020) - TB Game 2
9WkbjyZy6ZE Speed Isn't Everything, But It's A Lot! || Fabi vs Wesley || U.S. Championship (2021) TB
9X23mZ7I6oA Magnus Carlsen Tries the Minibar Gambit!
9YDn-Yo88K8 How To Train Your Dragon || Robson vs Nakamura || U.S. Championship (2019)
9YXqQY2zomU One Final Push?
9ZYb_Iauo74 \
9dOqIPQXeUg 14 Year old Kasparov Wins in 12 Moves
9dU6cbBgZqc Zebra Being Eaten Alive || Giri vs Carlsen || Croatia Grand Chess Tour (2019)
9homA3nEvto Beat The London System! || Learn The Ultimate Defense
9i6WDQheOog A Clash of Chess Legends - Lilienthal vs Nezhmetdinov
9jnZg07qoMM Who's Tricking Who Here? || Firouzja vs Cori || Hoogeveen Matches (2019)
9l4eW5kXmdM Son of Sorrow || Nakamura vs Giri || MC Invitational (2020)
9lx6-uArEpo I do Not Consider it Good || Capablanca VS Lasker || WCC Game 11 (1921)
9mHM0nm8WlA Crushing Magnus Gone Wrong | Carlsen vs Svidler | World Blitz Championship (2018)
9nJ9sEGgb_c Computer Doesn't Approve, Magnus Doesn't Care || Dubov vs Carlsen || Opera (2021)
9nTBaQNaL_k Magnus' Favorite Player | Caruana vs Carlsen 2018. | Game 5
9o6TYNtnMCk The Archangelsk Immortal || What Sorcery is This? #7
9o_zC-42JaA Tal's First Encounter With Paul Keres
9olxm3wqFrM Best Attacker With The Black Pieces!
9pO8m4_KMeU Ian Nepomniachtch vs Magnus Carlsen || World Chess Championship (2021) || Game 1
9sYkEHyOlXs \
9t4RM9XMbwQ Never Stray From the Way || Carlsen vs Karjakin || Norway Chess (2021)
9uIkTgDUnA8 Challenger to King Magnus! | Grischuk vs Caruana | Candidates Tournament 2018.
9vya5fJnXgk This is Why We Love Chess
9w6si0FFX8U What Just Happened? || Carlsen vs MVL || MC Invitational (2020)
9yoXlr8x5xg This is Why Chess Will Always Be Interesting | Stockfish vs Komodo | TCEC (13)
9yvkltPZ3iU Always One Step Ahead! || Carlsen vs Nakamura
A-Dwl3Dza9Y 13-Year Old Carlsen Sets a Deadly Trap for Kasparov
A2wxAUR8Qmg This Game is A Journey! || Carlsen vs Duda || Charity Cup FINALS!!!
A3IrzMhhdRs Heavy is the Head that Wears 3 Crowns
A7ePiu2SouE It's Destiny... But Whose Destiny... || Carlsen vs Giri || Chessable Masters (2020)
A82NI_42kgY Game of the Century | Bobby Fischer vs Donald Byrne | New York (1956)
A8XpSCL2f_Y Magnus Carlsen vs Ian Nepomniachtchi || World Chess Championship (2021) || Game 6
A8ySo69hwUY Telegraph | Nigel Short: \
ABrTqg4G5Xc Another Bishop Pair From Hell || Artemiev vs Anand || GCT Superbet Rapid (2019)
ABwfYQFAbKk Fabi Forgot he Could Castle! || Caruana vs Kasparov || C.S. Chess 9LX (2019)
AC4BU55OkbU Svidler's Deadly Trap | Svidler vs Carlsen | Candidates Tournament 2013. | Round 6
ACiqwCK4LP8 Finals on the Line! || Duda vs Anand || FIDE Online Olympiad (2020)
AEEMJCUpPXo 2900!!! || Yi Wei vs Carlsen || GCT Cote d’Ivoire (2019)
AG3hTrQDFzw A Lot Can Happen in A Minute!
AILUoB9HNug Happy 100th Birthday, Estonia! || Mikhail Tal vs Paul Keres || 1959. Candidates
AJ1K-g8prXc He Defeated Bobby Fischer, but This is Kovaპvić's Immortal Game
AJP021Pl7mc Closing in on Tal | Ding Liren vs Efimenko  | ECCC (2018)
AJSfADW1thI Sacrificing the Queen Just For Fun :)
AKqny63UCM0 Your Sunday is Improved! || Robson vs Xiong || U.S. Championship (2021)
ANDpsUrru-E Nona Goes Nuclear!
ANPBfcXmVb0 Winner in The Thumbnail || Aronian vs MVL || St. Louis Rapid & Blitz GCT (2019)
AOI2Hn8pUWk Vassily, Your King is on d4!
AOZTkfCwK_c What is \
APfad_SeCmE One of Kasparov's Biggest Blunders - Man vs Machine 2003 - Game 2
APtmwb_oxHo Too Much Fun Not To Do It! || Carlsen vs Grandelius || Chess24 Banter Blitz Cup
AQyYrUwhhM8 Who Stole The Moisturizer? | Rosell VS Lagarde | Sunway Sitges (2018)
AQzNoxzSg84 Rage Against the Machine || Donchenko vs Caruana || Tata Steel (2021)
ARW0C83OwXw Almost There, but Not Quite || Kovalev vs Caruana || Tata Steel Masters (2020)
AU55bQyu0ok Grishop Pair! || Grischuk vs Topalov || Gashimov Memorial (2019)
A_nuR7QLgxQ Knight Beats Rook if Magnus Has Knight!
AaKWUiiEHgA The Original Immortal Game
AbX58AO4Fo4 The Word is Compensation | AlphaZero vs Stockfish
AclnydhUeU0 An Enjoyable Tactical Game by Grischuk and Caruana from Champions Showdown 2017
AflKZwxojJs A True Master is an Eternal Student | Yi Wei vs Firouzja | (2018)
Agf8SLlz8gI You've Got to Know When To Hold'em! || Grischuk vs MVL || Candidates (202X)
Ai-8tk_RXBs The Whiskey Immortal || Carlsen vs Karjakin || Lindores Abbey Chess Stars (2019)
AjlgsR9eb64 I Dedicate This Game To The Birth Of My Son | Rashid Nezhmetdinov
AkE5Z-oy5Mc Morphy Head in The Superfinal?! || Yu Yangyi vs Wesley So || FIDE Chess.com Nations Cup (2020)
AkScNFyR8L0 The Best Game Of The European Team Championship 2019?
Akas7N49gQ0 How to prepare for a game against a higher rated opponent?
AkfSWN9FNww You Hear That Mr. Anderssen? That Is The Sound Of Inevitability!
Akgb6ULpwk8 Brilliant Miniature in the Sicilian By Two Time Ukrainian Champion Anton Korobov | WBC | Round 12
AkkmT4sJ47A Happy 50th Birthday, Vishy! || A Game Between Legends || Anand vs Kasparov
Ao-mjJgwXLg Ivanchuk Doesn't Believe Alpha Zero | #gibchess 2018. | Round 8
Aq6zvBSp35Q Shaknado (rated R for Rook Lifts) | Duda vs Mamedyarov || Riga FIDE Grand Prix (2019)
Aq7SrDM1Dgg agadmator's Immortal vs Magnus Carlsen (The App) - Age 11
AvZo_FXtdaQ Forced, yet Brilliant || MVL vs Svidler || FIDE World Cup (2019)
AwKMvHnSheI Amazing Final position in the Famous Planinc Miniature
AxKmO0SCNkc What REALLY Happened || Firouzja vs Carlsen || World Blitz Championship (2019)
AxZnAigThso Anand Basically Crushed Stockfish!
AzebesAZIBI Ivanchuk Unleashes the Marshall Attack - What a Feast! Linares (1991)
B02B71L9CLg One Ding to Rule Them ALL || Ding vs MVL || Grand Chess Tour Finals (2019)
B0LDOpB662k Step Closer to Candidates || Anand vs Fedoseev || FIDE Chess.com Grand Swiss
B0_3bBJWu3M Neural Network AI Leela Plays a Human Move | Leela Zero faces GM Andrew Tang!
B2uVvaupBDE Impress Friends With Your Vast Knowledge!
B4E3TMAafnw agadmator Friday Arena 4 - lichess.org
BAu_TyiBFNE The Only Chess Player Magnus Carlsen Never Defeated
BF09ksHO0Uo Attack Like Garry Kasparov! || Caruana vs Kasparov || Ultimate Blitz Challenge (2016)
BH-qLjGBwRA Exchange Sac on Move 5! || Carlsen vs Svidler || Champions Showdown: Chess9LX (2020)
BKrmvdRixdU Ruler Supreme || Ding vs Caruana || Sinquefield Cup (2019)
BL1D09auURU Magnus Carlsen 2.0 - Youngest IM in History
BLAlEvPuKYQ I'm Back, And So is Mamedyarov! Tata Steel Chess | Round 6
BLrdT2c-21M But Can he do it on a Cold November Night in London? | Carlsen vs Caruana | Norway Championship 2018
BOllfYhP3W0 The Man Who Wanted Everything || Liang vs Ivanchuk || Sunway Sitges (2019)
BQJf96s98lM GG YO! || Ding vs Nakamura || MC Invitational (2020)
BQQkNx3E2vk World Champion Goes Full Barbarian Mode! || So vs Carlsen || Opera Finals (2021)
BWLaCKXVtYs Running Into Mate While Avoiding One || Caruana vs Giri || Chessable Masters (2020)
BX2Pz3FioxA 9 WINS IN A ROW AND THEN THIS!
B_Eur_gLzhE Winning is Scary || Vidit vs Carlsen || Opera (2021)
BaKTnsOkctQ Unnecessary Queen Sacs Are The Best! || Firouzja vs Duda || WRC (2019)
BbMpMHOY00o Million Dollar Baby  | Karjakin vs Caruana | Candidates Tournament 2018.
Bc3o4UBECAI A Prodigy Confirmed! || Morphy vs Löwenthal (1850) GAME 2
BcVu_ZM8R5A Robert James Fischer, Champion of The World | Spassky vs Fischer | (1972) | Game 21
BdMKJbRnobQ Kasparov Returns To An Interesting Future
Bef5Xsmu6zM Stockfish Attacks! OR does He? || Allie Stein vs Stockfish || TCEC Superfinal Season 16
BexOePLJkGA Don't Forget About Chucky!  | Ivanchuk vs Radjabov | Candidates Tournament 2013. | Round 9
BgsUylEtdY4 Blitz is Without Mercy - Could Yuriy Have Stopped This Attack? | WBC | Round 3
BlIOsBm1FFQ These 10 Moves Show True Beauty and Mystery of Chess
BlLjWm8mu7k Obvious, but not Really || Carlsen vs Grischuk || Steinitz Memorial (2020)
BlTCyNFJsfM 11-year-old Aditya Mittal Crushes a Grandmaster with a Blistering Attack
BmGZfvfwDVY Nimzowitsch Plays e4, What a Splendid game
BmXoSdl1ryg Better Movie Ending Than Armageddon
Bmq1Pa5jg8Y The Controversial Resignation!? || Hao vs Nepo || Candidates (202X)
BpRpFNwG0iM Now You’re Just Some Fabi That I Used to Know
Br0AdoKEeIw Chess Equivalent of Spitting in Someone's Face
BrcGhN8oBr4 The Tiger is Hungry | Anand Takes Down Carlsen! | WRC | Round 9
BrcctgwPx2o Hikaru Still Doesn't Care
BupPt5XtUwg We Expected Nothing Less || Duda vs Firouzja || Prague Chess Festival (2020)
Buvprw4blNc Caruana's Impossible Fork | Caruana vs Dominguez | St. Louis Rapid (2018)
Bvj-1bsyZkA $1.250.000 | Spassky vs Fischer | (1972) | Game 15
BzkoBd73Z8I The Candidates Tournament! || Radjabov vs MVL || FIDE World Cup (2019)
C14zLbNm9vs Can it Really be?? Another One??? || Kipping vs Morphy || 1860.
C17wrLYb30o Did Fischer Blunder a Pawn, or Taimanov the Game? | (1971) | Game 5
C4YWFzQ36Js The Final Match! || Carlsen vs Wesley So || World Fischer Random Championship (2019) GAME 1
C4dX0pWUOqI Leela: MY TURN! Qd6 Scandi Part 2 || Leela vs Stockfish || TCEC Superfinal Season 17
C5b_5PE1AYo The Unsung Hero Beats Fabi and Naka | Caruana vs Izoria | US Championship 2018.
C5iDzNiqHrI Ding is On a Rampage! Overtakes Firouzja as World #2
C853kfX-X88 Streamers Battle Part 2 - Lichess.org
C8lcyEyrZZE The Black Death | Capablanca vs Blackburne | St. Petersburg (1914)
CAFu0M_Bih4 RZA vs Lex Fridman CHESS!
CFvjytywYvA Cause of All Subsequent Embarrassment! || Morphy vs Anderssen (1858) || GAME 3
CHdeVAXZWwk Who Dares Play e4 Against Fabi? | Robson vs Caruana | US Championship 2018.
CKQ4gk52OGM Endgames are Fun :)
CLYtahYthIc Game of the Day | Artemiev vs Carlsen | World Blitz Championship (2018)
CLuxscpenJc When Your King is TOO ACTIVE || MVL vs Caruana || Chessable Masters (2020)
CNT9Oqq4nT4 The Alekhine's Gun | Suttles vs Fischer | Palma de Mallorca Interzonal (1970)
CNupBPlTXLE I'm Taking a Break from Youtube - See You Soon :)
CNzNvH-_YxU One Move Is ALL I Need || Caruana vs Firouzja || Tata Steel Masters (2020)
CPoKKpw932w That's No Way To Treat Your Bishop || Carlsen vs Nakamura || MC Invitational (2020)
CPrMkuSSs5w 10 Years As #1 !!!
CSxW_JzXZSk Official Statement by FIDE President Arkady Dvorkovich #ChessOlympiad
CUQQ4dym5ZU Learn The Ultimate Chess Opening || The Evans Gambit!
CWRD2By568Q Much To Learn, You Still Have || Nakamura vs Firouzja || Lindores Abbey (2020)
CWkhRH0bk5E Attacking Without Sacrificing || Carlsen vs Kovalev || Tata Steel Masters (2020)
CXghghAb7RA agadmator vs Magnus Carlsen (the App) - Age 10
CXyT7dRPjS0 Wesley Never Blunders! || Carlsen vs So || GAR (2021)
CZBBfML4Ar8 monkaS || Carlsen vs Nakamura || Lindores Abbey (2020)
C_j47Utl1yU In The End, Only Result Matters || Ju Wenjun vs Goryachkina || Women's World Championship GAME 15
CdD7E2BkZes No Wonder He's Playing Next To a Fire Extinguisher
CdLP5RzNric Najdorf DENIED! || Carlsen vs MVL || MC Invitational (2020)
Cg5GvWm-0kE Happy Birthday Bobby! | Game 1 From Bobby Fischer's \
CgMblRBsDw4 This One Is  A True Fighter! || Nakamura vs Firouzja || FTX Crypto Cup (2021)
CgYcxUS3Ids The Hero of IOM - Zaki Harari 2024 vs Maxim Rodshtein 2695
ChzaGRSbBbs Magnus Carlsen Wins First Lichess Titled Arena as GM Danny The Donkey
CiAB5zbOVoA Who Will Overtake Magnus? || Caruana vs Nakamura || MC Invitational (2020)
CkCP4LQqLyQ Story of How Benko Tried to Play Active Against Tal
CnNTQrYxMkc Voyboy vs BoxBox! || \
Cnu9mCBtyFc Bobby Fischer Annihilates Bent Larsen 6-0
Co4mv62F1Ac Revenge That Came Too Easy | Capablanca vs Riumin | Moscow 1936.
CpzbpSJiQek AlphaZero Warned Us About This!
CrMNVx5DxBE Insane Attacking Game | Mamedyarov vs Karjakin | Norway Championship 2018 | Round 3
CuEIHPVW41o Chess Legend Garry Kasparov Comes Out Of Retirement !
CuF05juSn6k The Frenchman Rides Again! || MVL vs ANAND | Croatia GCT (2021)
Cxn9sOPDvoo Like it's Nothing || Caruana vs Anton Guijarro || FIDE Chess.com Grand Swiss
CxzBKhVaRkU Bobby Fischer beats a Grandmaster in 10 moves! (But Reshevsky plays on)
D-qeuGf2oPU Absolutely Insane \
D6-DLt1nYr8 WoW!! Nepo Is Disgusted With Maxime's Next Move
D6dOrm00DAk Real Men Play Najdorf | Naiditsch vs Carlsen | Grenke Chess Classic 2018.
D71ZmajK86s Destroying a 20-Move Engine Line! ...sort of :) || So vs Carlsen || Opera (2021) FINALS
D7j07ooya0k A Completely New Game! || Nepo vs Wojtaszek || FIDE Grand Prix (2019)
DA9QgmRHlI4 Principle of Two Weaknesses | Naiditsch vs Svidler || Grenke Chess Classic (2019)
DAYCgMrmS8E Legendary Game 6! || Paulsen vs Morphy (1857) || 1st American Chess Congress
DDPm4CvGLZk Mysterious Mr. Potier || Morphy Starts The 8 Player Blindfold Simul in Paris!
DGUfKIgbDv8 I Gave You All I Had
DH8sgYQtHpQ How Amazing Can The Games Get? || Carlsen vs Nakamura || Magnus Carlsen Grand Final (2020)
DHMbwROL8JQ How To Attack with Black in 2020! || Tari vs Firouzja || Altibox Norway Chess (2020)
DKiy8oipkcI The Hidden Poison || MVL vs Carlsen || Grand Chess Tour Finals (2019) | B3
DN036qmnc5E First He Ruins His Birthday and Now Valentine's Day! || Magnus Carlsen vs Wesley So || FINALS
DN2MZZS6djQ Hit F for Frustration || Nepo vs Giri || Croatia Grand Chess Tour (2019)
DUYE7bZsAUM Engines Suck! | Insane Game Between ᘊrić & Maghsoodloo | Batumi Chess Olympiad (2018)
DUvesZJOnf4 25 Moves Without CAPTURES!
DZOH68vGE8Q King Of The Castle - Final Battle! - Lichess.org
DfKN97oBgw4 What Tactics, What Speed! || Firouzja vs Giri || MC Invitational (2020)
DhUVEmbewKQ Worst July in 17 Years | Fischer vs Spassky | (1972) | Game 10
DjJ19FkU3ZU Endgame Lesson From Capa | Kan vs Capablanca | Moscow 1936.
DlVG_4A92kA One Head, Three Crowns? || Carlsen vs Artemiev || World Blitz Championship (2019)
DnBBmPGL1uA The Immortal Rook Lift by 11-year old Josh Waitzkin
Do2dkrPQiOQ Please Don't Take It Just Because You Can!
DpGK-Chj5lU Greatest Queen Sacrifice of 2021! (#2)
DqsjWJ-7q5A The Ending We Deserve || Mamedyarov vs Aronian || Croatia Grand Chess Tour (2019)
DsqZjwOuP24 New Poison || Caruana vs Aronian || Sinquefield Cup (2019)
DtDUO0tEU4g Nepo of Loxley || Nepo vs Xiong || Saint Louis Rapid and Blitz (2020)
DuLSFOsKRlc Grischuk's Brilliant Positional Queen Sacrifice | WRC | Round 13
E2uk6Jwr2K8 Careful When Memorizing Moves! || Firouzja vs Kovalev || Tata Steel Masters (2020)
E3wbzaCNkGQ In Bullet, No One is Safe! || Carlsen vs MVL || Speed Chess Championship Semifinals (2020)
E55Axr3eLHo Hakuna Matata || Carlsen vs Nepo || MCI (2021) FINAL GAME!
E6UszH7fsT8 Unstoppable | Reshevsky vs Fischer | Palma de Mallorca Interzonal (1970)
E8AjuWQuwG0 Disturbance in The Force! | Carlsen vs Ivanchuk | Candidates Tournament 2013. | Round 12
E8XuWkKUxqM Anatoly Karpov Plays 11... Ke7 | Learn From The Best!
EAi1ChYloKU Meet Allie Stein! The New Neural Network Engine vs Stockfish || TCEC Superfinal Season 16
EESKqMc2lDk One IS Enough! || Artemiev vs Firouzja || Aimchess (2021)
EHLOy73imsc What a Fighter Yuliya Shvayger is! She Set a Nice Trap and Ekaterina Walked Straight Into it.
EHY7XRv_qYM Sacrifice a Rook To Sacrifice The Queen!
EHqR0-FszHM Proof AI Can Write Poetry!
EIJgls5X4hY Super GM Grasping For Air || Deac vs Giri || Superbet Chess Classic (2021)
EKHGkmEUw_I Deadly as Ever || Anand vs Mamedyarov || Gashimov Memorial (2019)
ETcwNlJi0dE 100%... Unprecedented! | Larsen vs Fischer | (1971) | Game 6
EUMVH0OojQM I Choose White! || Carlsen vs Nakamura || Magnus Carlsen Grand Final (2020)
EWC3wnEQeRs Too Weak, Too Slow! || Part 2
EWbZvqU3IhQ Is There a Gender Gap in Chess? ||  Magnus Carlsen vs Judit Polgar
E_-cgoEj9s8 How Does The Knight Move? || Caruana vs Giri || Tata Steel (2022)
Eas20kFpAYw Anand's Immortal - A game for the ages! (According to Magnus Carlsen) || Remake 60fps
Ec-nWod0If4 The Great Akiba! | Rubinstein vs Capablanca | San Sebastian (1911)
EgEMQz3-kmA Caruana's Worst Nightmare Comes from India | Tata Steel Chess 2018 | Round 3
EiWrF4gw3EA Now That's How You Trap a Queen || Anand vs Korobov || GCT Superbet Blitz (2019)
EiiXBFQCe8M They Call Him Chuck Norris for a Reason! || Giri vs Artemiev || GAR (2021)
EmWB7qM6I9Y King's Gambit to Crown the King! First encounter of Fischer and Spassky
En1dt00I0iY This is Chess in 2021! || Aronian vs Rajabov || Airthings Masters (2020)
EtDaNTequUU Ivanchuk is Doing it! One Step Closer to World Cup Title
EvXOC5BGQQQ 15-Year-Old Eline Roebers Beats a Grandmaster to Win First Place
EwTH8-DsF3w Bongcloud VS 2700+ GM?  || Nakamura vs Xiong || Saint Louis Blitz (2020)
ExJoLm9pO9g King's Gambit is for Children || Yangyi Yu vs Vitiugov || FIDE World Cup (2019)
F-7H-lHWjZ4 The Zwischenzug! || Salem Saleh vs Carlsen || World Blitz Championship (2019)
F0otMIgIkJU Just Magnus Things Pt. 2 | Carlsen vs Aronian || Grenke Chess Classic (2019)
F2f6rIgAamw Qa7!!! || Caruana vs Nepo || Sinquefield Cup (2019)
F3ViGd1CWvA Can't Even Blink || Carlsen vs MVL || GCT Cote d’Ivoire (2019)
FAY2B_zq6tw Take What You Can, Give Nothing Back || agadmator The Pirate
FC1CN9vtBTI Your Soul is Mine! || Carlsen vs Nakamura!! New In Chess Classic (2021)
FCjn7m8FPqE Tal Resigns, and then his Wife WINS the Game!
FFTxIq6l2KM Best Chess Game of 2020!!! || Dubov vs Karjakin
FNquW4J6VU4 Magnus Afraid of Anish's Najdorf? || Carlsen vs Giri || Opera (2021)
FOOp7mz6ixw Highest Rated Man vs Highest Rated Woman pt. 2 | Carlsen vs Hou Yifan | Grenke Chess Classic 2018.
FPakuRzK3jQ Bobby Like Elvis Presley | Spassky vs Fischer | (1972) | Game 9
FQ4wx3-1YJc Mikhail Tal goes All Pirate On Smyslov || Meet The Pirate Of Latvia
FQZ4HqPOeUo So Many Lines, So Little Time || Ding vs Yu || FIDE World Cup (2019)
FTcZlmJWe8g First Time For Everything | Spassky vs Fischer | (1972) | Game 17
FTgLAq5jBmo Playing Magnus is Like This || Carlsen vs Svidler || Chess24 Legends of Chess (2020)
FUAvjj8McHk Game that Haunts | Capablanca vs Tarrasch | St. Petersburg (1914)
FVE-VEWWMSI Immortal That Wasn't Meant to Be
FVGn9yk0F7k Just When You Think You're Safe || Nakamura vs Karjakin || Lindores Abbey (2020)
FX5jp6SIFH4 Showing Everyone How It's Done || Giri vs Guijarro || European Team Championship (2019)
FXHHCt3xfC0 Battle For The Future - ARMAGEDDON! || Firouzja vs Carlsen || Norway Chess (2021)
FXbI5iFhboY Fabiano Caruana Wins Grenke Chess Classic 2018. | Vitiugov vs Caruana | Round 9
FaKqqb97po8 The Amazing Be5 by Tony Miles, First English Grandmaster
FaXTuryw9Qo One Ding To Rule Them All #3 || Ding vs Carlsen || Opera (2021)
FbgLMtrAcaE Asking Questions | Carlsen vs Anand | Tata Steel Masters (2019)
Fc294MAG2EA Vicious Attack Decides Who Gets into the Candidates Tournament 2020
FeeBYkek0TY Top 10 facts about Mikhail Tal
Fejzg71QY4o Magnus Carlsen Is 'The Man' Of The Island #iomchess
Fm-OhsyPFPA Other Openings Even Exist? || Nakamura vs Carlsen || Magnus Carlsen Grand Final (2020)
FmpdqJ-dBwQ Has There Ever Been Such a Bishop? || Dominguez vs Carlsen || Saint Louis Rapid and Blitz (2020)
Fphu3mkgd2s “Terrible, Anti-positional, Incredible.” | Tal vs Botvinnik 1960. | Game 17
Fs76gurJBcY Don't mess with Hou Yifan!
FyVERg-Pth8 Sacrifice, after Sacrifice, after Sacrifice
FzuOFf9M7II One of The Deepest Moves Ever Played in Chess | Breyer vs Esser (1917)
G0YzAsLbuBk Historic Blunder of The Lonely Knight | Fischer vs Taimanov | (1971) | Game 2
G17uEOPaxwg Impossible to Crack, This One Was || Nepo vs Carlsen || AirThings Masters Finals (2022)
G3ZCogTxFoc Magnus Carlsen Wins Tata Steel Chess 2018! | Tiebreaks | Round 2
G6ZwPBVmURU Mikhail Tal Hit in the Head with a Bottle and Beaten up!
G86hitujN5I Every Move a Draw, Except This One! || Gelfand vs Abdusattorov || World Rapid Championship (2021)
G90SVhxKeig The Greatest Queen Sacrifice in Chess History | Nezhmetdinov vs Chernikov (1962)
G9qRFNbo39E Cool as a Cucumber || MVL vs Nepo || FIDE Candidates (2020)
GDWhnGOMRkg Everyday I'm Shufflin' | Ivanchuk vs Petrosyan | Sunway Sitges (2018)
GDk5JAdGv9E Squeezing Water from Stone | Magnus Carlsen Shows Why He's The Best
GEDtzA-RbGg The Modern Caveman || Carlsen vs Ding || MC Invitational (2020)
GFfSMz8atKM Prelude to France vs Croatia | Ivan ᘊrić vs MVL | Tata Steel (2015)
GGlJEOWEG_Q What's The Best Move Here?
GIMzHvj2amc Dark Wine-colored Costume | Fischer vs Spassky | (1972) | Game 12
GMumxkX4J7g A Move of Legends || Jobava vs Carlsen || World Blitz Championship (2019)
GNV5Z8Xxk4s The \
GOBacVMptSg Battle For The Future: Deception || Firouzja vs Carlsen || MC Invitational (2020)
GPt5cimZCK8 Hikaru Loses to a Phone Call!
GS-Sh7bNd5w Full Alpha Zero Mode || Carlsen vs Wesley So || World Fischer Random Championship (2019) GAME 4
GShlaa4KEGY Early Bird gets the..Checkmate? :)
GSqvN8TOvFg Complete Madness | Aronian vs Mamedyarov | Batumi Chess Olympiad (2018)
GT9Q80Ov3Q0 WE HAVE A NEW YOUNGEST CHESS GRANDMASTER!
GTREDZ4qf4I Once You See it, It's Too Late || Tal vs Larsen || Candidates (1965)
GZGkfUM8OiY This Man Does Not Play Chess - He Carves a Masterpiece
G_sGV-kUZBQ Your System Needs Work | Nimzowitsch vs Capablanca | San Sebastian (1911)
GbVXzwzC9_M Morphy Game in 2019! || Artemiev vs Hráპk || European Championship (2019)
GdzqhmeSDvY Ian Nepomniachtchi vs Magnus Carlsen || World Chess Championship (2021) || Game 3
GeICfXtcVq0 agadmator's Thursday 3+0 Tournament for Subscribers - lichess.org
GfrLfPer95k In Cold Blood! || Caruana vs Lupulescu || Superbet Chess Classic (2021)
GipO_zHcPjE Find a Plan and... || Ding vs Carlsen || Magnus Carlsen Grand Final (2020)
GlpjSagH34w 2 Pieces Sacrificed in First 7 Moves! || MVL vs Nakamura || Speed Chess Championship Finals (2020)
GsryjRlxZeA agadmator Plays The Evans Gambit!
Gt6_3xXqfRc Not Today! | Capablanca vs Chajes || New York (1918)
Gth1_XbcxYQ Call an Ambulance But Not for Me
GuH9vpaiPkg Capablanca Educates the Nutty Professor :)
GulevvPUZto Tigran! Tigran! | Petrosian vs Fischer | (1971) | Game 2
GvSyp_AHfe8 How I Tricked an International Master - My Plan Was To Resign
GxVr7nN7EzQ Smyslov Hoped This Game Wouldn't Become Famous | Tal Had Other Plans
GzGAMmMCpJ0 The Future of Chess Was Foretold Early || Karpov vs Hort || Alekhine Memorial (1971)
GzfVZJYpjz4 Going All Out || Firouzja vs Ding || FIDE World Cup (2019)
H16Kzo04B-E Carlsen vs Pentala Harikrishna - Wild Game!
H1tPZk6r_1U Greatest Queen Sacrifice Repeated in 2019!!! || Nezhmetdinov Would Be Proud
H2sL6sW2acw Clash of Titans || Duda vs Carlsen || Fide World Cup Semifinals TB (2021)
H3Ao7varYrc Best Part of a Chess Game Often Goes Unseen
H9j7467gxGs Where No Man Has Gone Before! || Anderssen vs Morphy (1858) || GAME 2
HBY1xhxguNY Breath of Fresh Air || Maghsoodloo vs Esipenko || Gibraltar Masters (2020)
HDvJzRbNits Simon Williams' Response to Ding Liren's Immortal?
HEu20WzV6wE Sexism in chess and stuff - The Full English Breakfast
HGtOjDJZNL8 \
HIvaPMe2AnU The Unnecessary Immortal Game - What Sorcery is this? #4
HK7hXxyvPh8 Carlsen's Immortal Queen!
HOJJRQAtl_c The Day Magnus Collapsed... and Still Won
HPh1u78q3Ro Tired of All the Draws? Check This Out :)
HQeE07snGyI World Has a New Youngest Grandmaster | Gukesh D
HRC_xvA8v1Q The Only Game Ever Played between Mikhail Tal and Viswanathan Anand
HUp12pSuI8E Hunter Becomes the Hunted || Goryachkina vs Ju Wenjun || Women's World Championship GAME 8
HVbyqtlJPwM Like Watching The Good Stuff || Dubov vs Artemiev || || Tata Steel Masters (2020)
HXTVUhY5YpY The Pirate Strikes Again!  | Kramnik vs Aronian | Candidates Tournament 2018.
H_LdpPCLG8c Two Can Play that Game | Alekhine vs Capablanca | Savorin Cup (1913) | Game 2
Hb42PK7hsEU A Great Day For Classical Chess!
HbO7PYDY0rU First Time Chess Made Me Sad || Carlsen vs Nakamura || MCI (2021)
HbZRwSXiHJE Spotless! || Giri vs Shankland || Tata Steel (2022)
HcGx_zsLOZ4 You’re strong. But... || Keymer vs Vallejo Pons || Grenke Chess Classic (2019) - FINAL ROUND
HcUVwk4ylM0 Löwenthal's Immortal? || Löwenthal vs  Morphy (1858)
Hdv4GCBaDHk Between Scylla and Charybdis || Wesley So vs Carlsen FINAL GAME!
HfCYN2dM608 Karpov is Helpless against Ivanchuk's Weird Plan - Linares (1991)
HgEAcD6aZoE Bobby Fischer plays 1.b4!
HgYeBGkM4Ng Move That Shook The Planet || Anand vs Kramnik || NO CASTLING MATCH!!
HhCiv2Zw5is Throwing Punches | Carlsen vs Caruana 2018. | Game 9
HhGDG6d523k Magnus OP! || Carlsen vs Nepo || Skilling Open Knockout (2020)
Hk0FMmo4mt4 OBVIOUS MOUSE-SLIP DOESN'T EXIST!
HkBz79W5tV4 This is Why Chess Will Always Be Beautiful
Hko6WLt8NVY Keres Respects Petrosian too much in Round 1 of the Zürich 1953 Candidates
HplmSKXrdYw Play To Win Or Play To Lose! || Firouzja vs Artemiev || Aimchess (2021)
Hr7j3Z6uPDU Grünfeld Tutorial - Part 2 || Carlsen vs MVL || St. Louis Rapid & Blitz GCT (2019)
HsCAY5SxWwo Garry Kasparov's \
Hujoa7N5wkU Naka is King || Xiong vs Nakamura || U.S. Championship (2019)
HzVyKjsRbrs 800% Talent of The Chess World || Carlsen vs Ivanchuk || Chess24 Legends of Chess (2020)
I1U0bf9YAuo Careful with that Axe, Evgeniy! || What Sorcery is This??? #9
I2YaOtGfyHk Guess Who Won? || Hansen vs Nepo || AirThings Masters (2022)
I2rdtR9R5to Anand vs Nepomniachtchi REALLY AWESOME GAME || Croatia GCT (2021)
I424Qyka0UE Never Castle Too Early! || Caruana vs Carlsen || World Fischer Random Chess Championship (2019)
I4fJNUlpRB0 The King of All Time Controls - Magnus Carlsen Wins Chess.com Speedchess Championship Finals!
I6ZT3eLl8hU First Ever Chess Playing Car! || Caruana Takes Tesla Model 3 For A Ride
I8RLkd6SjHc Mikhail Tal Pulls a Rabbit out of the Hat vs Anatoly Karpov | Thank You for 5000 Subs!
IA5yramCR9I Original Tal vs Yugoslav Tal || Dragoljub Velimirović Faces the Magician
IABVWQTAN9M Nakamura's Immortal Queen!
IAQzWhNZnlg Alpha Vincent | Keymer vs Caruana || Grenke Chess Classic (2019)
IAoMYEmYeqU This Chess Master Was Offered To Play a Game of Chess For His Life
IBMFqGqTBeI EQUAL Does Not Mean DRAW || Carlsen vs Savchenko || WRC (2019)
ICR6WLJi8dk The American Beauty - Move that Triggered a Shower of Gold Coins
IFOznqPX9JI Return of Wonder Boy || Radjabov vs Ding || FIDE World Cup (2019)
IGOLeH-62k8 Just a Nezhmetdinov Game to Brighten Your Day :) | Part 3
ILdEZ98xZ10 This is How A Gentleman Resigns
INfNjiyUcQk Soul of Silicon | Caruana vs Carlsen 2018. | Game 8
IO_mqpxTYQQ Rook in Quarantine || Caruana vs Ding || MC Invitational (2020)
IPcVpCLhWzE Stop Horsing Around, Guys || Nakamura vs Nepo || MCI (2021)
IQPiIfAGiM4 Nakamura Schools Komodo in The Ways of Old
IRQi7Ju46HU Caruana vs Nepomniachtchi - Tiebreaker To Decide the Winner of London Chess Classic 2017
IUdcacIKR38 The Secret Recipe | Carlsen vs Ding || Norway Chess (2019)
IZpi5Ul4svk Tigran's Fortress | Fischer vs Petrosian | (1971) | Game 5
IZx3S99gOAQ Bravest Rook in chess history - Steinitz's Immortal (Battle of Hastings)
Ib05HINpMsI 7 Years Ago Fabi Performed a Miracle
IcjQvaBlWfo Fantasy Before Fantasy || Carlsen vs Ding || Chess24 Legends of Chess (2020)
Idw0cgmjWQ8 Battle For The Future: High Ground || Firouzja vs Carlsen || MC Invitational (2020)
Ie-kBwgB7Ck Pawns Are The Soul of Chess || Ju Wenjun vs Goryachkina || Women's World Championship GAME 4
IiHNeWiGT6Q The Funk is Over! || Dominguez Perez vs Carlsen || Opera (2021)
Ij96c7M-t-I Only Superhuman Moves Count || Anand vs Carlsen || || Tata Steel Masters (2020)
IlWF10cRC3k This Move was Magical!
IlaNcSProxs Now THAT'S a Miniature || Svidler vs Albornoz || FIDE World Cup (2019)
ImDbJUL58X8 Ding vs Carlsen || The Attacking Genius || St. Louis Rapid & Blitz GCT (2019)
Inna91HKNb4 I'm a Pawn Grabber and I Know it | Capablanca vs Ragozin | Moscow 1936.
IqJ07duiIYs Great Day for Alexander! | Alekhine vs Capablanca | St. Petersburg (1914)
IuIJLwNahhc Someone Else Always Has to Carry on The Story || Caruana vs Rapport || Tata Steel (2022)
IvKMJD98XyM Just Thug Life Stuff || Carlsen vs Grischuk || Chessable Masters (2020)
Ixe-wBDDmTQ That One Time When Nepo Faced Ding || Chess.com Speed Chess Championship
IzzVFVnYxgk Let me be Frank | Capablanca vs Marshall | Game 8
J-TGxCBdBVA Praggnanandhaa Wins Xtracon With 2741 Performance!
J-VJAuEe2YA Taking World Champion for a Nice Walk || Firouzja vs Carlsen || Aimchess (2021)
J6kzcev62vY The 100 | MVL vs Liren Ding | Shenzhen Chess Masters (2018)
J6sp7HWAStY Epic! Sambuev Crushes SuperGM Wei Yi - A beautiful Miniature
JASgXvz03fo Attacking Like a Mad Man || Boden vs Morphy (1858)
JAiJepVYka4 The Jedi Mind Trick || Carlsen vs Nepo || Tal Memorial (2011)
JCNjVZEFM8U I Felt Like I Was Playing The Strongest Moves, But Then I Analyzed My Game :)
JDyu4q-nU7Q Magnus is A Queen Stronger!
JEwtYodD5MU Magnus Loves Fighting Chess!
JIqppHlG-Fw Youngest Ever Player To Defeat Magnus Carlsen!
JJd--gh8mGs Viking Power || Nakamura vs Carlsen || Lindores Abbey (2020)
JK7cr65T4-o A Heart in Perfect Symmetry | Aronian vs Carlsen | Candidates Tournament 2013. | Round 1
JKekhZXevGY Moves of Desperation and Nail-Biting Action || Hikaru vs Magnus FINALS
JOdZT-Ej77Q It was a Good Move, Until It Wasn't
JQZDiVDwAq4 Vidit vs Praggnanandhaa! || Tata Steel (2022)
JReWlPDzjjY Back To Normal Stuff? || Caruana vs MVL || MC Invitational (2020)
JToTvdsSah4 Wizard Jobava Baadur vs The Gentleman Nigel Short
JUwwgvCipbQ Last Years' Losers | Karjakin vs Carlsen | Norway Championship 2018 | Round 2
JVdiRyRHI14 Ian Nepomniachtchi vs Magnus Carlsen || World Chess Championship (2021) || Game 5
JYHsi0qzdGE Dubov Performs a Miracle
JYfGjx4ofuY Where did I go Wrong? || Duda vs Xiong || FIDE World Cup (2019)
JaaG2eE_nXw Queen for a Bishop!
JaeEJbspF0c Voyboy vs Hutch! || The Grand Finale || Chess.com Pogchamps
JcrwGJidjr0 HE IS UNSTOPPABLE!
Jdd1kw4_Qzw Last Classical Game Nepo Won Against Magnus
JfDrBdB_nO8 Hikaru STILL Doesn't Care! || Mamedyarov vs Nakamura || FIDE Grand Prix (2022)
Jghl_JiAdDc The Gloves Are Off | Tal vs Botvinnik 1960. | Game 8
JmF4JazWwJ8 Hikaru: Thank You for THe Bishop!
JoEfdscqBUI Grand Prix Attack! || Carlsen vs Ding || MC Invitational (2020)
Js5urckenug Vladimir Kramnik Retires from Professional Chess! | ft. Kasparov vs Kramnik (1996)
JsAoCV7Ms9Q Game that Cost Bobby Fischer First Place in Zurich 1959.
JtK9m_frVQc Mikhail Tal gets a KISS for a Brilliant Move! - Misha Impossible
JtciR22YSbQ Like Kasparov in 1987 || Goryachkina vs Ju Wenjun || Women's World Championship GAME 12
JtqJoQx8OkA Astronaut Greg Chamitoff VS NASA Ground Control - Houston, we Have a Checkmate
JwDSOei_jIg Quiet The Haters! | Carlsen vs Caruana | Sinquefield Cup (2018)
JxANh3DwetQ Parham Maghsoodloo is 2018 World Junior Champion With One Round to Spare | Performance 2900+
JzC-sMP1G-s Armenian Lion Still Untameable || Artemiev vs Aronian - - GAR FINALS!!
K-Cn9TFWu_U Daniil is Alpha Zero Confirmed || Dubov vs Carlsen || MCI (2021)
K-gQKAqmkCI When You MUST Win! || Safarli vs Nihal Sarin || FIDE World Cup (2019)
K0gBybDFcMg Decline a Draw Only To Lose? || Stockfish vs Leela || TCEC Superfinal Season 17
K3gTmzjSj48 Meet The New U.S. Women's Chess Champion - Carissa Yip!
K56VGZuqHk4 Magnus Doesn't Agree With My Last Title
K59jdZ06-hU Wesley and Jesus Team Up Against Fabi
K6WYWwfs9tk Battle for the Future: Endless Grind || Firouzja vs Carlsen || Altibox Norway Chess (2020)
KBbTtJtV24M I've Had Dreams That Weren't Just Dreams
KECST1iLscU Draco Malfoy Plays a Brilliant Game, But Then This Happens
KGF-crFuESs A Crack In The Armor || Lichtenhein vs Morphy || 1st American Chess Congress (1857)
KKwk7KvVtJM Still Highest Rated in The World! | Wojtaszek vs Carlsen  | ECCC (2018)
KM3ZoUnPntA Anand Wins a Game Carlsen Lost 11 Years Ago | MVL vs Anand | Norway Championship 2018 | Round 7
KMiNJZHA6eg Chess is Ruthless! || Caruana vs Anand || Tata Steel Masters (2020)
KQWjkA5RVvo This Chess Puzzle will Make You Fall in Love with Chess
KSjrYWPxsG8 Youtube Takes Down CHESS PODCAST for Being HARMFUL or DANGEROUS
KXO56I-orww Now My Grind Begins | Chajes vs Capablanca || New York (1918)
KY3vUWPwWr4 Brilliant Attack Brilliant Defense Brilliant Game
KYcgrFlXfVc Dubov Takes Carlsen into a DEEP DARK FOREST || Airthings Masters (2020)
KZXLREZEgzo Wearing Emotions on a Sleeve || Carlsen vs Nakamura || Magnus Carlsen Grand Final (2020)
KZwKZYjztTg Last Time Someone Crushed the Soviets Until Bobby Fischer | Capablanca vs Eliskases | Moscow 1936.
KZyzLjE-kKo Indian Tal vs Egyptian Tal = Headache :)
K_Mil1a8ryA The Attack is Now Irresistible!! || Anderssen vs Morphy (1858) || GAME 9
KacJLdsPHIA After 40 Years, They Meet Again! || Nona Gaprindashvili vs Maia Chiburdanidze (2019)
Kd8CMsugQWY Show This To Your Friends And They Will Start Playing Chess
Kd9x7_v2bYg Spassky vs Tal || First Game They Ever Played!
Kfx6l2SKfyU Grischuk Beats Magnus Carlsen in 7 Moves (Chess960) - Well Played, Sir :)
KgqT3sNiRS0 Is Carlsen the Toughest Opponent? | Anand vs Carlsen 2013. | Game 2
KhJhIBqsiaI Neural Network AI Leela Zero Against IM lovlas' French Defense!
KjKFrDiZwFM Skill or Luck? | Radjabov vs Aronian | Candidates Tournament 2013. | Round 6
KjZo4bLorsw Rival or Customer? || Carlsen vs Nepo || GCT Tata Steel Rapid (2019)
KlpE7B6hCTY One Doesn't Simply Challenge Hikaru to Blitz
KmPft6vo65M Anand's Immortal - A game for the ages! (According to Magnus Carlsen)
Kn9kllbYjNQ Wrong! | Duda vs Giri | Tata Steel Masters (2019)
Kq9r_5rHO5A Naming His Daughter in Honor of Paul Morphy
KqZBGiFTuwc That is One ACTIVE King || Wesley So vs Nepo || Sinquefield Cup (2019)
L0OLHBFiNCA Invincible! ...Until Proven Otherwise || Carlsen vs MVL || GCT Cote d’Ivoire (2019)
L18FEJ75Lf4 The Unexpected Queen Trap
L3DvxGX1Dt0 Liren Ding vs Adams || FIDE World Team Championship (2019)
L44zpSrQ2rU 1. b3! || Adhiban vs Giri || || GAR (2021)
L5hyHo175kw Only One Genius Among Them || Lasker vs Capablanca || WCC Game 14 (1921)
L73s5rUUQ0w Incredible Pawn to b4! || Naroditsky vs Xiong || U.S. Championship (2021)
L7OAzXagk4A The Chosen One!
L7PSjwia-Ww Losing 100 Elo points, But Still Winning? || Dubov vs MVL || GCT Paris Blitz (2019)
L7RIDfDG8wY Ron Weasley Sacrifices Himself for the Team
LAsoyOUbufM Sad, Sad Ian... || Nepo vs Carlsen || MCI (2021)
LB97RPmbZA0 Magnus Conquers Denmark || Bjerre vs Carlsen || Energi Danmark Champions Battle (2019)
LBb8ry50-_U The Only Winning Move! | Anand vs Caruana | Norway Championship 2018 | Round 8
LCoSe7kQZOY There's No Remorse Like the Remorse of Chess
LFcUYVLgMvU Chucky, The Unpredictable! | Aronian vs Ivanchuk | Candidates Tournament 2013. | Round 10
LG9Wvf11YJQ Coolest Way To Do IT! || Aronian vs Ding || Grand Chess Tour Finals (2019)
LHK_0U2CqSE Mikhail Tal is Reborn, and he comes from Egypt :)
LHL5SkYONjg Why Wouldn't It Work? || Wang Hao vs Paravyan || Gibraltar Masters (2020)
LHQrdgEwGSA Luke, Use the Fork! || McShane vs Adhiban || FIDE Chess.com Grand Swiss
LJ7hsDJg7AM Careful When Preparing Openings!
LK5DoAt_iMg Stories Of Bobby Fischer | Caruana vs Aronian | Grenke Chess Classic 2018.
LK9cqwU_H6g The Most Creative Top 10 Player in the World
LKYIdhP9EUU Now That's a... || Dubov vs Nakamura || Magnus Carlsen Grand Final (2020)
LKi21kWrUZw Grandmasters Can Play Anything - OR Can They?
LN51LXLhY8k Evans Gambit Mistakes \
LRd9yY-erog “If Winning, Clarify; if Losing, Complicate.” || Mamedyarov vs Duda || Tata Steel (2022)
LYG6M_hAh2w This Man Wins Every World Chess Championship Match
LYmcsE75U1E Crack in the Wooden Shield || Carlsen vs Nakamura || Lindores Abbey (2020)
LastB8_J5Vg Peter's Boomsday Project | Svidler vs Georgiadis | Biel Chess 2018
LgPOU6QN4qM First Chess Game Played in The New World Championship Logo Style
LtMLtzmckkI Magnus Carlsen Checkmates Billionaire Rex Sinquefield | Ultimate Moves (2018)
LtiwdxPrTYI Vishy is Not Fabi || Carlsen vs Anand || Gashimov Memorial (2019)
LuYrVbF5T98 Armageddon Respects No One! || Artemiev vs Firouzja || Aimchess (2021)
Lvf5tqjhI2s Bobby! BObby! BOBby!! BOBBY!!! | Fischer vs Petrosian | (1971) | Game 9
LywBIiion64 Nakamura: Playing Magnus Again Will be Fun! || MVL vs Carlsen || Speed Chess Semifinals (2020)
Lywdl_CZExk FIDE President Stops the Candidates Tournament!
LziBrwIEhas What's Wrong With Everyone? || Navara vs Carlsen || Gashimov Memorial (2019)
M2D3nanrmyw Showing Little to No Respect || Magnus Carlsen vs Pepe Cuenca || Banter Blitz Cup
M32hCx__Hto When You Need a Draw, Play To Win!
M7uc6BP2820 Actress, Model and World Chess Champion
M9BHBZRnSoU The Correct Attitude || Giri vs Firouzja || MC Invitational (2020)
MBxrYZKf3EQ A Little Taste of November
MC78wJC5m48 Smooth Game by Carlsen against Rustam Kasimdzhanov | World Rapid Championship | Round 5
MEOqo0jEUkw Somebody Stop This Man!
MFlTIbRrfZU But for How Long || Carlsen vs Nepo || MCI (2021)
MG5aVezETII Nope! || Ding vs Movsesian || FIDE World Cup (2019)
MJX7-WnziZ4 \
MJlcNpRuACA Final Fantasy
MJw9DyueJVw When You Play the Game Of Trompowsky, You Win, or You Die
MM3Af7i6obg Oops! || Caruana vs Carlsen || World Fischer Random Chess Championship (2019)
MNyrbGiyY3E The Greatest Move in Chess History - Or So They Say
MSOzp4d8itU The Sorcerer's Revenge | What Sorcery is This??? #8
MSbL_MU-wJ4 agadmator Friday Arena #5 - lichess.org
MVfvl8PLjvw Is This The Worst Move Ever Played?
MX52ViikkXI Pretty Loud for a Quiet Game || Caruana vs Nakamura || MC Invitational (2020)
MXwNfIV1Pyk Croatia Beats Argentina 3-0 in The World Cup
M_T9_PyuuG8 Blood, Sweat and Tears | Carlsen vs Caruana 2018. | Game 4
MaCs6a_acH8 Nezhmetdinov VS Tal || \
MaMv4cQtEnw No Reverse Gear Elizabeth! || Harmon vs Beltik || Netflix's Queen's Gambit
MaeMyCrCg4I agadmator vs Magnus Carlsen (The App) Age 9 - Getting My Revenge
Mc7gz7Dzz0M Nakamura Pushes The Pawn 4 Squares Against a South African Chess Hustler
Md-tdoGei8Q Crush Your Opponents With The Evil Budapest Gambit - PROchess League
MeHoVVVxQh8 Big Move for Big Vlad || Carlsen vs Kramnik || Chess24 Legends of Chess (2020)
Mf-UPPG2tVw Every Move is a Killer Move! An Extremely Wild Game
MfL6-gSNWI8 Second Chances || Grischuk vs MVL || GCT Paris Blitz (2019)
MffmJdVVJy4 Journey of a Thousand Miles Begins with a Single Step
MgIR3erX4_s Beat your Opponent without Capturing his Pieces!
Mh2e2GvFy5w Bobby Fischer Laughed at it, Magnus Carlsen Plays it
Mhpc4MALt3E \
Mj0C4RZnf-E First Time For Everything || Alekseenko vs Giri || FIDE Candidates (2020)
MlBTORGCgrM Total Domination || MVL vs Nepo || MC Invitational (2020)
MlVfJoEVWqU Don't Bring Your Queen Out Too Early | Tal vs Botvinnik 1960. | Game 20
MnpmDSh4Myc Return of THe King's Gambit! || Nepo vs Kosteniuk || AirThings Masters (2022)
MoHapszCVKA How to Counter Magnus!? || Van Foreest vs Carlsen || Tata Steel (2021)
Mo_N6ZVucAo Monster Zugzwang | | Kostić vs Capablanca || Game 4 (1919)
MqPF2uZzDlM One of The Greatest Chess Games Ever Played - Morphy vs Anderssen 1858 (game 9)
MsgHEXMCxH4 Vidit's Bishop Pair is... Truly, Truly, Fully Operational
MvZjU3KFX6w Alekhine Would be Proud || Caruana vs Carlsen || MC Invitational (2020)
MxKVRTgcg4E Morphy Too Fast or Bullets Too Slow?
MyN22D2Sm4U Victor the Terrible | Korchnoi Creates a Miniature for the Ages
MyPeSMy1QDQ Vidit's Miracle Move!
N4qxBOQjBBM The Amazing Shakh | Mamedyarov vs Georgiadis | Biel Chess 2018
N551jGnvjUc Welcome to Everyone's Favorite Chess Tournament - The Pogchamps!
N8NUkOs_uI0 Playtime's Over! || Dubov vs Nakamura || Lindores Abbey (2020)
N9-_mnZ0e1k He Keeps Missing it!!! || Morphy vs Anderssen (1858) || GAME 3
N91yTB1tcM8 Sound of Silence || Aronian vs Grischuk || CCI (2020)
NBiulkyqgv0 Unbelievable! Anand Survives Mate in 1!
NENKPRWCB4Y Paul Morphy falls Victim to 1...f6! - Who is Mr. Barnes?
NG8m8bD-jVc Tell Me, Do You Bleed? | Petrosian vs Fischer | (1971) | Game 6
NJzUFFpR2dc Bishop Pair From Hell - Familiar? || Ding vs Carlsen || Croatia Grand Chess Tour (2019)
NKp5SZR2Rq8 And Another One! || Nepo vs Giri || MC Invitational (2020)
NLDcBu8Z2s8 Everyone Playing For A Win || Nepo vs Firouzja || MC Invitational (2020)
NMj6YOI-20Q Expectations vs. Reality || Caruana vs Giri || Candidates (202X)
NOkre0J6PJY Bobby Faces Iron Tigran | Fischer vs Petrosian | (1971) | Game 1
NQhTPyrxzqQ Magnus' Predictions | Carlsen vs MVL | Biel Chess 2018
NQvk4IE4Pg4 Challenger vs Champion | Caruana vs Carlsen | Grenke Chess Classic 2018.
NTbcGEhJVh0 Chucky is Timeless! | Svidler vs Ivanchuk | Candidates Tournament 2013. | Round 13
NUFaDXLlgq0 It's a Christmas Miracle! || Naroditsky vs MVL's King
NU_selgPpbo A Crime Against Chess! || Wesley So vs Carlsen || FTX cc (2021)
N_D56CkBao8 Zwischenzug! || Nakamura vs Carlsen || MC Invitational (2020)
NaMs2dBouoQ Google Deep Mind Alpha Zero Sacs a Piece Without \
Nc016v0zJ9w I Believe in Fortresses | Carlsen vs Caruana 2018. | Game 6
Nf3gzxgfvcs Fabi Joins The Prestigious E Club!
NfG4kHHks-o The Game EVERYONE is Talking About!
NfmJqOecI44 Who Needs Queens to Attack? | Tal vs Botvinnik 1960. | Game 15
NiBVjrlTs0Q The Thrill of the Hunt! An amazing king-hunt game (Modern Scandinavian)
Nj0FuITXUf4 World Champion Carlsen vs World Junior Champion Xiong
NkBH0D2lL0k Remember to Stay Hydrated! || Nepo vs Pichot || MCI (2021)
Nkqn8I5tITE Crime and Punishment | Spassky vs Fischer | (1972) | Game 11
NlB_bnBil6k agadmator's Monthly chess Trivia - Video of Yesterday's quiz
Nm7Ih5gCWdw Nakamura Has A Winning Position! Magnus Carlsen: So?
NoV4i9ibUak Like Bobby Fischer, Only Better | Anand vs Carlsen 2013. | Game 4
NpL4SOmjV5Y Even The Reigning Russian Champion Can Blunder | Tata Steel 2018. | Round 10
NpuYapKlDCc Win or Lose, it's Always Interesting || World Fischer Random Chess Championship (2019)
NqXbiyDVrvg Modern Harem || MVL vs Ding || Grand Chess Tour Finals (2019)
NrlCRUqas64 Fischer Random Virtuoso || Wesley So vs Yu Yangyi || FIDE Jerusalem Grand Prix (2019)
NscI6-Y4MQI A Nice Quiet Game || Nepo vs Aronian || Sinquefield Cup (2019)
Nt_nGbfXO7M 21st Century Polish Immortal!! || Van Foreest vs Duda || Aimchess (2021)
NuXsihSbz8Y Magnus Carlsen Faces Kasparov for the First Time
NxtEDLpJoqQ Google Deep Mind AI Alpha Zero Refutes 1.e4
O0rqGoOOMDs Castle if You Want to Live! || Arnold Schwarzenegger vs 12-year-old Michael
O2Jww4vIVQw Infinite Chess | Impossible Puzzles on An Infinite Board
O53CYPtJZKE Frenchman Goes For the English | MVL vs Georgiadis | Biel Chess 2018
O5J9tWVilWM Have Fun Right Out of The Opening
O66p_n_UEi0 Gone in 50 Minutes  | Tal vs Botvinnik 1960. | Game 13
O9DuAnKNFLs The Greatest Opening || Morphy vs Kipping || 1860.
OBErU0-VSXI Blunders are There to Be Made | Kostić vs Capablanca || Game 2 (1919)
OBX4l5xv_cs Magnus With The Moves!
OHfbOHJJb2s First Champion - Now the Challenger! || Abdusattorov vs Nepo || World Rapid 2021 FINAL GAME
OLV0Srw-T4M Bishops Are Better Than Knights? - Nana Dzagnidze Wins Women's World Blitz Championship 2017
OQq57uq4Ejw First Saitama, Now Nepo - Bzzzzzzzzzzz || Nepo vs So || FTX cc (2021)
OWDsnpH3b4o Instant Transmission || Carlsen vs Aronian || Grand Chess Tour Finals (2019) - R2
OYtaDFIzCH8 One Day You Give Your Opponent a Lesson, The Next Day he Gives You One
OcKu-ioQbD0 White's Next Move is God-Tier || So vs Firouzja || MCI (2021)
OirAUDpvhP0 Craziest Chess Game Ever | \
OjKIbt1UM9k Total AnNihalation! || Sarin vs Safarli || FIDE World Cup (2019)
Okk9m4i-IB4 Fischeresque! || Carlsen vs Nakamura || Lindores Abbey (2020)
Onck-TE3jZs Let's Do This!
Opmx8427VvI Soon to be Married Couple Play a Blitz Game to Decide the Family Name
OroYGyIfn7k Bobby Fischer's Rooks Of Hazzard :)
OssV1F5302s Kasparov Ruins a Masterpiece against Navara
OtJJV_-10a8 That's How You Use The Entire Board || Firouzja vs Aronian || Champions Showdown: Chess9LX (2020)
OxDSSOUemD0 agadmator's 500k Arena PART 2 - Join us for some fun and games - lichess.org
Oz43d2BJinE Blundering My Queens in Morning Hyperbullet on Lichess.org
P0ykmOmr-F4 He Did it... The Mad Man Did It!
P1ggmyiVh0s Sometimes He's Great, Sometimes Unstoppable! Artemiev vs Ding || GAR (2021)
P4Tf6xk5fjs Definition of EFFORTLESS || Carlsen vs Mamedyarov || WRC (2019)
P6uLA5lOrC8 Chess Brings People Together! | agadmator's Subscribers Video 2019.
P7TTGj4QrGg Happy Birthday Misha! || Tal vs Fischer (1970)
P7Z7pAoaK-8 Attention! It's Fabi vs Shakh | Batumi Chess Olympiad (2018)
PBCu3l8I2js Praggnanandhaa Beats 1000 Elo Higher Rated Wesley So
PCNk4fzrjOw Brilliant Attack - Brilliant Defense! || Dubov vs Vidit || Tata Steel (2022)
PCoCL3UPlRU Early Bird Gets the...? || Morphy vs Bird (1858)
PDFaBRR3W3w Against ALL Odds! || Morphy vs Maurian (1854)
PDttvQTvR4A Harakiri Nakamura | Nakamura vs So  | Your Next Move (Rapid) (2018)
PFpdTosDIuo Thug Life || Grischuk vs Nakamura || FIDE Grand Prix (2019)
PJ3bvTVNHRA Chigorin Spots a \
PLVFKURrtXI History Will Not Be Repeated! || Carlsen vs Utegaliyev || World Rapid Championship (2019)
PO9hEJ7-pJw Anti-Positional Moves no Longer Exist
PQH_29v2GEU The Clash We Needed || Nepo vs Wesley So || Blitz in Paris (2021)
PRVHMYJGQ7E h4! || Grischuk vs MVL || Riga FIDE Grand Prix (2019)
PRo1fM_TMqk Unbelievable! Magnus Carlsen Loses Because His Opponent Made an Illegal Move
PTO-qkFpDD0 Greatest Queen Sacrifice in Bullet Chess History
PU--4CF9qPo Hikaru Can Not Believe His Eyes! || Nakamura vs Carlsen || NCC Finals! (2021)
PVp9WbVw_DQ Nxd7! WHAT??? | Fischer vs Petrosian | (1971) | Game 7
PXj0z-AR5eA One Month Left!
Pa_Jqi944z8 \
PcWoT94Bvrk 8 Years Waiting for Revenge || Morphy vs Löwenthal (1858)
Peu6PdhWTZU Just a Nezhmetdinov Game to Brighten Your Day :) | Part 1
Pfs1oK-jpFw Yasser: Kasparov Smashed The Clock With His Closed Fist and the Pieces Jumped off Their Squares
PjhX_g54yIc This Will Make Your Head Spin
Pot1_mVM064 World #1 vs World #2 || Caruana vs Carlsen
PpYC6jA7whE Passed Pawns Must Be Pushed!
PqIyxZfzhq4 Stay Home! - Join me for some fun and games - lichess.org
PraXe9gfUMk Big Trouble in Round 1 || Carlsen vs Kuzubov || FIDE Chess.com Grand Swiss
PtWyhkhKouU agadmator Best Moments - EPISODE 4
PuD42g79pFs 14 Year Old Praggnanandhaa is World (U18) Champion!
Pz0niLQgjCA \
Q2XDg3ug4zY Britain's Got Talent - Amazing Queen Sacrifice by 19 year old Martyn
Q3JQ5mUQTvY It's not Over till it's Over - Learn from my Mistake
Q4-36QYDzTg 2900 Will Not Be Easy  || Duda vs Carlsen || Tata Steel (2022)
Q7V8CfInS7g QGA Always Delivers!
Q9CpUGtbWHU Who's Afraid of a 2800+ Caruana? Not This Guy :)
Q9sHZ46e7zE A Very Gentle And Safe Game || Ding vs Vidit || Chess Super League (2021)
QB46U8nwNDI Magnus Carlsen Actually Trusted His Opponent! || Firouzja VS Carlsen || Chess24 Banter Blitz
QDVilkuWt4U Endgame Lesson from Bobby | Hort vs Fischer  | Palma de Mallorca Interzonal (1970)
QDaeU5iRR3U The Perfect Game! | Mamedyarov vs Carlsen | Sinquefield Cup (2018)
QEylXLEJ-Eg Evans Gambit on The Highest Level || AlphaZero vs Stockfish
QGfpFtSCvVY Nobody is Born Cool... || Nakamura vs MVL || Speed Chess Championship Finals (2020)
QILWmBbg0OE This Man Is Here to Fight! || Caruana vs Naroditsky || U.S. Championship (2021)
QJx13gB4pqY Defying All Odds || Dubov vs Duda || Fide Grand Prix (2019)
QKD2UZq9USs Rubinstein's Immortal Game! - One of the most beautiful games of Romantic Chess Era
QO2ciNJPMSI Finally, The World Champion! | Capablanca vs Lasker | St. Petersburg (1914)
QOEfbhRhnE0 The Wildcard || Kirill Alekseenko
QQ-GXURHyJA Mistakes Are for Everyone || Aravindh vs Firouzja || Chess.com Titled Tuesday
QRY15xKT2lU Who Knows What Secrets We'll Uncover | Svidler vs Shankland | Hoogeveen (2018)
QUd4jPIX0Gs Karpov's Immortal - Anatoly Crushes the Field - Linares (1994)
QVKnNu1Jquk He Who Wins the Coin Toss... || Caruana vs Nakamura || MC Invitational (2020)
QVhzN4eZqcc Reti or Not, Here I Come! | Duda vs Aronian | WBC (2018)
QbiUffGiZ7U Game Ends Before it Begins
QcxS_bDy-uo Bobby Fischer Helpless against the Magician from Riga | Part 3
QhjCO_9eI4U Human, After All || Carlsen vs Giri || Chess Legends (2020)
QiDrvPIp5X4 Firouzja's Immortal Game?
QjZm4_AEjEk Alireza is The Future?
QlEYEf-iXvE Ivanchuk Forces Gelfand to Resign in 18 Moves - Linares (1991)
QmAdZ-2xI54 Such Elegance! || Keymer vs Dubov || Fide Grand Prix (2022)
QmDBHOktEfA World Champion Always Wins! || Wesley So vs Magnus Carlsen || Opera (2021)
Qo8s_uZo7go The Brilliancy Prize || First Ever Online Olympiad for People with Disabilities
Qp4IXqNyuKo Study The Endgame! || Nakamura vs Aronian || Fide Grand Prix Final (2022)
QtaL2ucpw8k How to Defeat Bobby Fischer with the French Defense
QtwXp9Bb7Y4 Guardian Angels Sleeping on the Job | Grischuk vs So | Candidates Tournament 2018.
QuEIk3AAl-I Knight is Dark and Full Of Errors || Wojtaszek vs Svidler || FIDE Grand Prix (2019)
Qus5baZ6NHU Triangle of Death || Bernstein vs Capablanca || Rice Memorial (1916)
QwSypURBByQ Such a Move Haunts a Player Long After it's Played || Mamedyarov vs Aronian || Superbet CC (2021)
QwuzCA6a6c4 Devil is in The Details || Carlsen vs Xiong || CCI (2020)
QypLPILvw3k Nerves of Steel | Carlsen vs Caruana 2018. | Game 1 RAPID
R0m4M1JKqMw 2020 Just Got A LOT Better || Ivanchuk vs Ding || Chess24 Legends of Chess (2020)
R1GN2xJyO2I Why Did Bobby Fischer's Opponent Resign? Can You Solve it?
R4Lgg06iyXM \
R4iZctfoEqU lichess Team Arena Streamer Battle - lichess.org
R58bztaQk9M Sometimes Crushing Magnus Just Isn't Enough
R5UHZUMwVxA Another Magician from Riga?
R65L4IbfYIg Immortal Zugzwang That Wasn't Meant to Be || Firouzja vs Vitiugov || Prague Chess Festival (2020)
R74Kc3AUDfg Morphy vs Anderssen!!! Match Of the Century Announcement
R87dpKVfvUI All Pawns and No Hope!
R8ydyxQrQfk Revenge is a Powerful Motivator
R9CJKu2tSug \
RA1u-HBKxaQ Young Judit Polgar vs First Woman GM Nona Gaprindashvili
RAiiaylg8SY Wesley Doesn't Even Blink || So vs Rajabov || Opera (2021)
RCdmQaINxJk The Madness Continues || Duda vs Vidit || Prague Chess Festival (2020)
RGrClgXPNOw The Legend Begins
RH2dwz8Ppjw Two Queen Sacrifices are Better Than One! || The Bar and Library Immortal
RHYm4fLQ3rM Too Weak, Too Slow! Magnus Carlsen Trash-talking
RJ7NuBTdgkE Play the Sveshnikov, They Said || Harikrishna vs Cori || FIDE Chess.com Nations Cup (2020)
RKSGA62SPlM Highest Rated Man vs Highest Rated Woman | Carlsen faces Yifan | Tata Steel 2018. Round 7
RKw3DR71uFk The Beast Awakens || Owen vs Morphy (1858)
RLaqXTAgYRQ How Much is TOO MUCH?? || Dubov vs Rajabov || Airthings Masters (2020)
RN732DEw4Gs Magnus Who? || Grischuk vs Carlsen || Opera (2021)
RNm72VY6yfU 3 Year Old Chess Prodigy Misha vs Anatoly Karpov
RUiotgnyyU0 The Croatian Rhapsody | ᘊrić vs Bosiočić | European Championship 2018.
RXSrfqUpr6A The Beautiful Light Square | Aronian vs Mamedyarov | Norway Championship 2018 | Round 4
RbQiz3ZPiLc Anti-Positional Brilliancy | Carlsen vs Grischuk | Candidates Tournament 2013. | Round 4
Rc8Jnl224ek Crush The Berlin Defense Easily With This Move!
RddugKPlLV0 Youth is a Gift of Nature - Age is a Work of Art
Reu9fQyMXbU Magnus Carlsen Beats Liverpool Defender Trent Alexander-Arnold in 17 Moves!
Ri-toZuNncM \
RiSgnCi0Znc The Real Challenge | Capablanca vs Frank Marshall
RpLIBFNyXsc How Much Respect is Too Much? || Carlsen vs Vitiugov || Tata Steel Masters (2020)
RqXwv5TlXKs Grip of the Iron Tiger - Petrosian's Famous King March
RrujOdgC6Cc Clear Your Schedule! || Tal vs Spassky (1973)
Ru_dAg9Dazw Dr. Gregory House vs Arrogant Chess Prodigy Nate
RusRNUDeosU Alekhine's Three different Mates. That is too much!
RvSNB8YuSc0 Super GM Misses Mate in 2 || Aronian vs Yangyi Yu || St. Louis Rapid & Blitz GCT (2019)
RyBd7ndyTUE We Have A Challenger!!! Who Will Face Magnus Carlsen for the Title?
S-P4D59Qh30 agadmator's Unannounced 3+0 Tournament for Subscribers - lichess.org
S0mj14rWm3w Expect the Unexpected || Ding vs Wang Hao || FIDE Candidates (2020)
S2JedouTRZo Anna Rudolf Accused of Cheating with an Engine Hidden in her Lip Balm!
S2oNCXlgXVk Story of a little boy who wanted to play Chess
S4v-jZMXm4s agadmator vs agadmator BOT || Clash of the Century
S53PSXFLH9k Chillin' With Niles K.S.H.M.R.
S5hWaI3Dkpw The Harrelson Blunder | Caruana vs Carlsen 2018. | Game 1
S6Nh0uMFTU8 The 23-Move Blindfold Brilliancy || Paulsen vs Morphy (1857)
S6enPhK-sN4 Sleeping on The Job || Firouzja vs Giri || || Tata Steel Masters (2020)
S7UjlRxpE4c Battle For The Future: Vengeance || Carlsen vs Firouzja || MC Invitational (2020)
S7b45Llyf4E Yasser Seirawan is Second to no one, even Karpov!
S9AADUlANsw Mikhail Tal vs Alexey Suetin || Not Bad for a Dead Man || Thank you for 1000 subs!
SAS6ng6kt-c Congratulations! You Are an Excellent... | Capablanca vs Janowski || New York (1918)
SAlgj_8CgcE No Pieces Or Pawns Were Harmed in the Process!
SByhM7j2A2M The Power of Tal's Smile | Fischer vs Tal | 1959. Candidates
SD6GP-KHgHk Battle for the Future || Firouzja vs Carlsen || Lichess Titled Arena
SDP2l8rmJrU Inspiration to Everyone || Ding Liren vs Anand || Lindores Abbey Chess Stars (2019)
SFeCTEFJoeg Falkbeer's Amazing Kinghunt - Can you find The Forced Mate in 9? :)
SFn9HvzkOqI Just Grabbing A Pawn  || Leela vs Stockfish || TCEC Superfinal Season 17
SG5z-MDXwDY Another Fortress To Believe in || Nakamura vs Ding || Chessable Masters (2020)
SJAA_6ZXXOY Passed Pawn is A Criminal || Carlsen vs Rapport || Tata Steel (2022)
SJEg7ZznZy4 I Was So Happy! || Amazing Game and Interview With Vassily Ivanchuk || #gibchess || Round 9
SJwiVpTJ8us Worst Enemies and Best Friends | Capablanca vs Marshall | Game 23
SL0yHChwWMM Hikaru Doesn't Like What He Sees || Nakamura vs Carlsen || NICC Finals!!
SMGMuDBlDRA #saynoto2900 || Karjakin vs Carlsen || Tata Steel (2022)
SPbt6GPRPHI Only Move! || Firouzja vs Caruana || MC Invitational (2020)
SRRu8H8025E Engines Have Knightmares Too | AlphaZero vs Stockfish
STERuA9R8qk You won't Believe This, But Tal is UP A PIECE!
SU8nB4ycykI Alireza's Mini Game of The Century
SZIKIelJgYQ Say Hello To Serious Sam | Shankland vs Liang | US Championship 2018.
S_A-8odvjUc When Morphy Bluffs, You Run! || Thompson vs Morphy || Game 2 (1857)
S_Z_CUNo19Y Do You Even Math, Bro? || Firouzja vs Carlsen || Lindores Abbey (2020)
Samgf0EnuaU Fortune Favors The Strong | Capablanca vs Lilienthal | Moscow 1936.
SfAFGgGkffw Keep Your Eye on the Paul! || Morphy vs Anderssen (1858) || GAME 5
Sh_k7y5_QTM Queen vs 2 Bishops - - - Who Wins?
Sl3YXcCFYsw I Came Here To Win! | Paikidze vs Wang | US Championship 2018. | Armageddon
SoWhMh_NGnE OK, WHAT??? || Aronian vs Nakamura || Lindores Abbey (2020)
Sowh6su9CBU Engine Likes! || Ding vs Anand || Sinquefield Cup (2019)
SryfC7a3lu4 \
StTSwSmz_CU Greatest Queen Sacrifice of 2020! So far :)
SuzO2LmeJIs Chucky Goes Into Overdrive | Gelfand vs Ivanchuk | Candidates Tournament 2013. | Round 4
Sw4EtXkFx6Q Greatest Chess Games Ever Played || Anand vs Lautier (1997)
SxYqUPawAWc Best Game of Day 2! || Nepo vs Caruana || MC Invitational (2020)
Sy4sqZRDSJI Wow, Just Wow! || Nakamura vs Carlsen || MC Invitational (2020)
SywuaUK735w Grandmasters Miss a Simple Mate in 2!
SzqPSEjlhis Game of The Season! || Caruana vs Firouzja || Pro Chess League (2020)
T-eKoQi6KGI Was This Really Played in 2020??? || Vidit vs Navara || Prague Chess Festival (2020)
T0vG-s4-ACo King in the North! || Nepo vs Mamedyarov || Croatia GCT (2021)
T3nBepJfItM Oh Yeah! || Nepo vs Dubov || Airthings Masters (2020)
T3yfNB27Sv4 In Chess, Berlin Wall Still Stands || Aronian vs Rajabov || Airthings Masters (2020)
T41u4qXYrsQ To Win, Sometimes You Must Lose || Harrwitz vs Morphy (1858)
T5I_fB-wNPA Queen Sac To Win The Title - Well Played Sir
T5Y-gtWSBKQ All Hail Sir Knight, The Uncapturable! || So vs Rajabov || Skilling Open Knockout (2020)
T6ziyOniRls A Nasty Discovery? || Carlsen vs Aronian || Croatia Grand Chess Tour (2019)
T8ykbjxJKAw Power of the Bishop Pair | Leela Chess Zero vs Houdini | TCEC CUP2 Finals
TCfyFxQCSQM Battle For The Future: Heart and Soul || Carlsen vs Firouzja || Tata Steel (2021)
TD9koH7TIxU No Pressure, No Problem || Carlsen vs So || MCI (2021)
TIbsQH2Qa4w Engines Are Stupid! || Firouzja vs Nakamura Insane Blitz
TM_X_veb83I A German Bobby Fischer? | 13-Year Old IM Vincent Keymer Wins Grenke Chess Open 2018.
TPBut0wFTdg Two Different Queen Sacrifices in The \
TTKZf_rgepg To Sacrifice or Not To Sacrifice | Carlsen vs Radjabov | Candidates Tournament 2013. | Round 7
TXIYTO_MvKA Make Room For a A New Member of The Elite!
TXvlzeM8Uu8 A New Morphy Had Arisen | Corzo vs Capablanca | Game 8
TY7NUH3LpVM My Keanu is Stronger! || Nakamura vs Carlsen || FTX Crypto Cup (2021)
TcFybbcm58A Nepo and ᘊrić Have Something Very Cool in Common
TcOhrQR9wwI “When You Play the Najdorf, You are Quite Invincible”
Tfyqr9Ls51c ALERT - - - Queen Sac on Move 8!
Tg21fFuSqqc Botvinnik 2.0 | Tal vs Botvinnik 1960. | Game 10
TgPp7ltPd8Y agadmator vs Hikaru Nakamura || The Podcast Showdown!
Tk8M53ScBzA Stockfish Goes Barbarian Mode Against Leela! || TCEC Superfinal Season 17
Tl1EMJwSL-M The Modern Opera Game || Sadhwani vs Mamedyarov || PRO Chess League (2020)
Tl1uFuVLEl8 Improving on AlphaZero || Robson vs Sevian || U.S. Championship (2019)
Tl8sJvmVRgc Outplayed | Capablanca vs Corzo | Game 9
TnNjfknSnpY Ian Nepomniachtchi vs Magnus Carlsen || World Chess Championship (2021) || Game 7
TntCGKLWFXw Sorcery! || Nepo vs MVL || MC Invitational (2020)
TpCHk3fLFko Magnus Moves the Knight 7 Times in The Opening
Tt2ysQ6VwqU How To Crush SUPER GM Like a Boss!?
Tt6uB_q3Nec If Your Piece is in the Way, Just Move It!
TuOXpsk_0ls Hello Everyone! - Lichess.org
Tws7srJ4exA Carlsen's Second is First! | Hao Wang vs Dubov | World Rapid Championship (2018)
Txm-_Fx7tEM Jinxed || Giri vs Ding || MC Invitational (2020)
Txoc9zl-5p8 Spot the Beauty || Firouzja vs Kostenko || FIDE World Team Championship (2019)
TyxpK2IuTto MVL Makes Sure Karjakin's Punishment Continues!
U-VEfwOSe9A Bobby Fischer Praised Lilienthal for This Victory over Capablanca
U4B8_yKfc98 Squeezing The Unsqueezable || Carlsen vs Nepo || Skilling Open Knockout (2020)
U4OWOoPrnxY The Copycat | Petrosian vs Fischer | (1971) | Game 4
U4RjhGitbdk I See Everything || Morphy (BLINDFOLD) vs Kipping || 1858.
U5XPfNwAJ3E Ghosts... Ghosts Everywhere!
U7HSA1rU9UI A Slap in the Face! || Aronian vs Esipenko || Fide Grand Prix (2022)
U8K7YKV-B4I Chess is Complicated :) || Carlsen vs Kasimdzhanov || FIDE Chess.com Grand Swiss
U8RwLmWV-tk Welcome to Planet DUBOV!! || Dubov vs Carlsen || Airthings Masters (2020)
UDNdBX6OPNQ Crazy Rook Lift by Vincent Rothuis, Winner of agadmator's $500 Arena
UFLw8g1Ejlo It's a New Day, But for Who? || Kosteniuk vs Carlsen || AirThings Masters (2022)
UG4A0R9oeFY The Impossible Winning Move | Duda vs Caruana | Batumi Chess Olympiad (2018)
UJ2zbmsFqqU Monster of Norway | Carlsen vs Aronian | Norway Championship 2018 | Round 3
UM30aLJXt-I Bobby Accepts the Challenge! | Fischer vs Matulović | Palma de Mallorca Interzonal (1970)
UMJJEXK-JNY Form is Temporary, Class is Permanent! || Ivanchuk vs Praggnanandhaa || Sunway Sitges (2019)
UNk6GgW_9VM The Modern \
UPkH545RS4s Take my Wife, Please!
USNFqF2PN4g agadmator's Long Awaited Q&A Video
UTIzhIVSXYQ The Greatest Gift!!! || Aronian vs Carlsen || WRC (2019)
UW5VwXotnqE Everything is Hanging! || Shirov vs Firouzja || Grand Swiss (2021)
UXs1L7yFncc Hello Magnus My Old Friend!
UYI3sZTXscY agadmator Friday Arena - lichess.org
UYY9I3YJJu0 Grünfeld Tutorial - Part 3 || Karjakin vs MVL || Sinquefield Cup (2019)
UYu_maf9oNY Bobby Fischer's Amazing 17 moves Victory in the Evans Gambit
UYxHUz2BX1k They called him \
UafjWtx_dyk In The Endgame, The Gods Have Placed Carlsen! | Anand vs Carlsen 2013. | Game 5
Ub73nKMU7xA Can You Spot \
UbSHS_3mhVI Wesley So? Or Paul Morphy in Disguise?
UddvFwqI9h8 Before Creation... Must Come Destruction!
UdzFY8vPi70 Hikaru Back in Classical! || Nakamura vs Esipenko || Berlin FIDE Grand Prix (2022)
Uhf9C9kvg5s Can YOU Solve This? || Goryachkina vs Kosteniuk || Women Fide World Cup Finals! (2021)
UiNDlaBKVgg Best Game of 2019 || Bishop Pair From Hell Strikes Again!
Ukd3MhHmQk8 Operation Chair | Fischer vs Spassky | (1972) | Game 16
UkvxSqTqjNs Cancer Ruined his Tournament, But The Prize for Beauty, as Always, He Took With Him
UnMn02sOsM0 Vassily Ivanchuk's Blindfold Brilliancy - Loek Never Saw it Coming
Undasf0tKYQ Mate in 6 MOVES! || Is PogChamps an Embarrassment for Chess?
Uom2kq7T1bI Hikaru, I've Come To Bargain | Caruana vs Nakamura | London Chess Classic 2018
Up-abU1vXUc Witsch Hunt | Nimzowitsch vs Capablanca | St. Petersburg (1914)
UpzbiSUx2_4 How To Checkmate With Bishop and Knight EASY
Uqd_15i0YbQ Greatest Playlist On Youtube
Uu0QYWdRLlI Winning Big! | Lasker vs Marshall | St. Petersburg (1914)
UvDNMfSg3D8 Chess? That's Simple! | Capablanca vs Frank Marshall | Game 6
UvZc681yvSM Legendary Fever |  Kramnik vs Caruana | Candidates Tournament 2018.
UwMtkMUwFTA Attack! Always Attack! || Nakamura vs Caruana || GCT Paris Rapid (2019)
V1R0UZdBSe8 It Takes 2 to Party || Carlsen vs Anand || Croatia Grand Chess Tour (2019)
V6rmp6j3jOI Just Magnus Things | Meier vs Carlsen || Grenke Chess Classic (2019)
V7KD681njQw The MOUSE SLIP! || Nakamura vs Dubov || Lindores Abbey (2020)
V7sJJEHm5Vo This is What Helpless Looks Like || Aronian vs Keymer || Berlin FIDE Grand Prix (2022)
V84nRgiuOzw No Way, Jose! | Tarrasch vs Capablanca | San Sebastian (1911)
V8DJGK7n7B4 Engine-Like Defense || Owen vs Morphy (1858)
VCANcla4a1s Mikhail Tal: Pure, Crystal Clear Classical Style | Taimanov vs Fischer | (1971)
VDUnKespEQQ Alireza Firouzja vs Anton Korobov - Enjoy! || WRC (2019)
VFZcV93DBtE A Crazy, Poisonous Game by Tis The Wiz - What Sorcery is This??? #6
VFvDiBWlgBg Meet Kassablanca! || The Hidden Gem Of Xtracon
VFvrcBRqwoE Attacking Without Sacrificing - Zugzwang Edition || Carlsen vs Aronian || CCI (2020)
VGVJ-DNdU6A 2,000 Spectators Roared When Smyslov Stopped The Clock - The Soviets Are in Shock
VGhaNSy8iYs Sac, Sac and Mate! | Fischer vs Larsen | Portoroz (1958)
VJ1CV3yQHJI Rook-Queen-Rook Sandwich Anyone? First Unofficial World Championship Match!
VKXdC62IBZk You Heard of American Beauty - This is The Russian Beauty
VK_-lAHuupE If you Beat Magnus Carlsen, Do it With Style like Bu in World Cup!
VL-0ct6pcBc Omae Wa Mou Shindeiru || Giri vs Nepo || MCI (2021) Finals!
VN4vHTLo8oM Vassily Ivanchuk vs Samuel Shankland - Capablanca Memorial (Elite) (2017)
VODTyOKx-Qs Lasker Against The Windmills - The Mexican Immortal!
VQ6XLX5pPzw Barbarian Mode On! || Kramnik vs Carlsen || Chess24 Legends of Chess (2020)
VRR-cSnJ0SU Timeless Chess Lesson by Capablanca
VSdIHix1Qnw Fall of Captain America || Shankland vs Xiong || U.S. Championship (2019)
VSqUeRvf_5k The Knight Before Christmas
VT7btecxfpg What's Cooking? | Carlsen vs Grischuk || Altibox Norway (2019)
VXW6yohdM2s Absolutely Insane! | Carlsen vs MVL || Altibox Norway Blitz (2019)
VbZ-S5zHwdQ The Calm Before The Storm | Tal vs Botvinnik 1960. | Game 5
VeyTBdPPJlM Mamedyarov is Back in The 2800 Club, and Navara was the Ticket
Vg7KtEkQKCc Fabiano Caruana Wins The London Chess Classic 2017 | LCC Round 9
VhNp0ygJhuQ Homebrewed Poison || Goryachkina vs Ju Wenjun || Women's World Championship GAME 5
VjOBKxYaAeY Magnus is A Cowboy Confirmed!
VlWNNXq_3uk The Staunton Challenge || Morphy Travels To England!
Voe3r0-XHTA In The Style of Old Masters!
Vq0uTq0Z3Xk AlphaZero Plays a Tal Move | Chess Has A Bright Future
VqYALhRyQjA Clash of Challengers | Caruana vs Karjakin | Norway Championship 2018 | Round 5
VsdsuQV_4MM Solutions on the Ceiling || Wesley So vs Aronian || EPIC Blitz in Paris (2021)
VskdBHqS7ak All Hail King's Gambit! || Carlsen VS Ding || MC Invitational (2020)
VuXqXFwavCQ $45000 Game of Chess
Vu_cnUDfJj8 The Immortal Playoffs Game! || Carlsen vs Ding || Sinquefield Cup (2019)
VvRRWnjOnyw Take The Knight, Penguin! | Carlsen vs Tang | Lichess Titled Arena
VxjecNAEsA0 13 Year Old Raunak Sadhwani is India's 65th Grandmaster!
W-o6dmuuZkM India's Golden Duo || Vaishali Scores Her First GM Norm!
W0NaE3dUX6g World Needs A New Hero || Carlsen vs Wesley So || GCT Cote d’Ivoire (2019)
W6poPAiBsLc Searching for Bobby Fischer - Final game from the Movie
W7rYTyNenm4 Your Honor, I Object! | Capablanca vs Black || New York (1918)
W8Fpr_9-PxA I Will Have My Revenge! | Bobby Fischer's First Win Against Mikhail Tal
WDg4V9eI8ic At Least I Still Have My Music | Fischer vs Taimanov | (1971) | Game 6
WE-Z0f8RdWE Garry Kasparov vs David Letterman | Late Night 1989
WFm2REAUduw The young Demon Hikaru Wins Casino Royale with a Brilliancy!
WGxtuAhTcm8 Kasparov is Furious after Losing to Radjabov's Brilliancy
WJdsEUrMaGE Over 9000 IQ Move || Aronian vs Vidit || FIDE Chess.com Nations Cup (2020)
WMxU0-aRqoU Magnus Goes on a Killing Spree
WOF2s2vKCfo Alekhine's Defense by Alekhine Himself!
WRoRRC5YVCQ Final Contest Begins! || Morphy vs Paulsen (1857) || 1st American Chess Congress
WShNOnoQw_8 The Final Match! || Dubov vs Nakamura || Lindores Abbey (2020)
WTFm04Wqlbw Not Enough Time to Win! Najdorf vs Reshevsky (Zurich 1953)
WV8ao8Z2Gi4 Karpov's Mysterious Queen Sacrifice Against Judit Polgar
WXqqofNaEDA Smells Like Teen Spirit | Neural Net AI Leela Zero Keeps Trolling Her Opponents?
W_uXDywQj70 Alexander Alekhine and 5 Queens - The Harem
WbJ3pqHaU88 Free Rook? I Think Not! || Meek vs Morphy (1857)
We5wEhEhjso Mini Masterclass on Chess Principles || Morphy vs Meek (1857)
WeIzn4_1wAE Careful Where You Place Your Bishop, It Might Stay There || Carlsen vs Rajabov || FTX cc (2021)
WgOA3nENz7w What Would AlphaZero do? | Giri vs Carlsen | Tata Steel Masters (2019)
WiMDseVtAak Fight Club | Leela vs Stockfish | TCEC Season 14 Superfinal | Game 54
WjhDlWtRkNc Mecking a Mess | Fischer vs Mecking | Palma de Mallorca Interzonal (1970)
WkAbsQm1L5Q The \
WmRvVSrigvo Ju Wenjun Wins Women's World Rapid Chess Championship 2017 Without Losing a Single Game
WuoN9xjNFm0 Walk Like An Egyptian || Nakamura vs Amin || GCT Cote d’Ivoire (2019)
WvHl2Ph1pB8 An Exchange Gone Wrong | Carlsen vs Wojtaszek | Gashimov Memorial (2018)
WxbxCmLXCDg 12 Year Old FM Beats a GM in 12 Moves!
Wy34DK487cY How's It Hanging? || Nepo vs Nakamura || Sinquefield Cup (2019)
WyIvl5dPxDE When Magnus Offers a Gift, You Run!
WyZOWeQetwE There's Always a Bigger Fish || Wang Hao vs Praggnanandhaa || Gibraltar Masters (2020)
Wz-sTBred8o Knights are Made for Outposts! Smyslov's Positional Masterpiece
X06Z9rskUwc Happy 100th Birthday Latvia + Thank You For 300.000 Subscribers!
X0XrlzjEHOA Simply Helpless! || Carlsen vs Caruana || Champions Showdown: Chess9LX (2020)
X16jU09TiDk Cameras, or Me? | Spassky vs Fischer | (1972) | Game 3
X1x7doHkA2U Most Spectacular Finish to a Spectacular Game!
X5SRA7m52jg Hikaru Nakamura Beats a Super GM in 11 Moves
X8-90cPf61M Invoulnerable | Taimanov vs Fischer | (1971) | Game 3
X9n39tQg4wU \
XEMi9HkE-Aw When You Think You're The One Attacking
XF3P3KRn7EM The Magnus Effect - Creating Something Out Of Nothing
XGFnE5_yrnE How Bobby Fischer Saved Game of Thrones
XHJKCD_q-p4 His Face Was Radiant With Admiration || Anderssen vs Morphy (1858) || GAME 4
XHQ1Bif_I-k Queen in Quarantine || Ding vs Caruana || MC Invitational (2020)
XJgmRYCweBc Mikhail Tal beats Kasparov in 17 Moves - 1 Month before his Death
XKrgEWb2AGQ Magnus Carlsen and Random Guy off the Streets of Oslo vs agadmator
XLFsO5dSbAo World #2 VS World #3 - Aronian VS Mamedyarov #etcc2017
XNW9fevrpdw The Lazy Variation Wins! | Giri VS Navara | Gashimov Memorial (2018)
XNph4tIuZVM Never Play f6, Even if You're A World Champion || Melkumyan vs Carlsen || WRC (2019)
XOgdT6qTrWo Capa Being Capa || Banks vs Capablanca || Rice Memorial (1916)
XOlfEqmOBaY This Dark Knight Will Never Rise Again || Carlsen vs MVL || Opera (2021)
XPCeKGZeZYo Next Level AlphaZero Attacking Chess || Adhiban vs Grandelius || FIDE World Team Championship (2019)
XPSEemySGTc Garry Kasparov Undefeated on Day 1!
XPVk_Yhqs48 This is Why I'M World Champion! | Fischer vs Spassky | (1972) | Game 4
XUAigV4LxVQ Dangerous... || Carlsen vs Ding || Magnus Carlsen Grand Final (2020)
XW2eXoPxIIQ Opponents and Their Promises || Morphy vs Harrwitz (1858) Game 6
Xaw6BylexBU Tired of Long Boring Games? Check This Out :)
Xc6fCPPb2zU Imagine The Unimaginable || Morphy vs Barnes (1858)
Xf8Ozp_Ny4o Vlad The Pirate | Karjakin vs Kramnik | Candidates Tournament 2018.
Xft5qu9QbQk Karpov is too Strong for young Vladimir Kramnik - Linares (1994)
Xfu6hjQKrGM Kasparov Shocks Karjakin with King's Gambit!
XiZpBvFlEjM Who Will Be the Next Challenger? || Press vs Ding || FIDE World Cup (2019)
Xmq3XPr817g Meet The Man of Steel | Tata Steel Chess 2018. | Tiebreaks | Round 1
XmtYAEZTxRM I Alone Decide My Fate || Grischuk vs Caruana || FIDE Candidates (2020)
Xq1ecRIKb5g How Come MY Opponent Never Blunders? | Mamedyarov vs Navara | Batumi Chess Olympiad (2018)
XrQMtoC1J6k Tal's Greatest Move - Thank You for 10.000 SUBSCRIBERS!
XsJb9eTsOUU Too Solid for Covid || Giri vs Nepo || FIDE Candidates (2020)
XsU-s6jU8_Q Giri Winked at the Camera After This Game
Xs_k-F79B6Q Ivanchuk: My Opponent Played Weird Moves | #gibchess | Round 5
XtheZiFPL-0 This is the End | Capablanca vs Alekhine | St. Petersburg (1914)
XuA6sKebK6o 2 Queens Good, 5 Queens Better :) || Duda vs Dubov || Opera (2021)
XuLo2lgv5Bk Under Pressure || Caruana vs Firouzja || MC Invitational (2020)
XviH8gn7Ro8 The Title is At Stake - FIGHT! || Nakamura vs Carlsen || WRC (2019) - FINAL ROUND
Y0H78hDHjXI The Brilliancy Prize! | Capablanca vs Bernstein | St. Petersburg (1914)
Y1FZwb04iIs The Divine Comedy || Carlsen vs Ding || BATTLE FOR THIRD PLACE
Y1FzGccw-4A No Good Deed Goes Unpunished? || Ding vs Carlsen || Chessable Masters (2020)
Y5vNPesC5cw Karjakin Tries the Fischer Maneuver!
YAg92Klhr-E Who Needs Pawns When You Can have THIS! || Dubov vs Nepo || Opera (2021)
YIVcY4PUlsA What Just Happened Here? || Ivanchuk vs Lenič || European Team Championship (2019)
YLRCmT7_Vn8 He Does it Again! || Karjakin vs Fedoseev || FIDE World Cup Semifinals (2021)
YLTIz46uJVs Unbelievable, But This Is Winning For White! || Stockfish vs Komodo
YMTo1xZRYgc Banging his Head Against an Elevator Door After Losing to 11-Year Old Judit
YMwR4RhxxiY Epic Moment || Ding vs Giri || MC Invitational (2020)
YN-MrDsC1Yc Brace for Impact!
YOUDb1x0t4k Balls Of Steel || Carlsen vs Nakamura || Croatia Grand Chess Tour (2019)
YPke_rmBGN4 Pawngrabbers Unite! || Caruana vs Grischuk || GCT Paris Rapid (2019)
YXZc2scY0DU Instant Sunday Improver || Firouzja vs Giri || ChessBrah Invitational Finals (2020)
Y_G9bkO940Q Rapport vs Carlsen || A Bad Plan || St. Louis Rapid & Blitz GCT (2019)
Y_i4v3pu7Ds Bobby Plays 1.b3 | Fischer vs Filip  | Palma de Mallorca Interzonal (1970)
YaPf5ETh2JU Happy Birthday Garry Kasparov
YcNpl5o0C3M Second Bravest Rook in Chess History! || Leela vs Stockfish || TCEC S18
Yf1Rvo0ohyI Cool As a Cucumber || So vs Carlsen || Opera Finals (2021)
YfuuUaUwRcQ Incredible Resource! || Carlsen vs Caruana || World Fischer Random Chess Championship (2019)
Yg88GKmD8E8 What a Move!!! || Nepo vs Caruana || MC Invitational (2020)
YgYvRbPNTNA The Endgame | Svidler vs Carlsen  | ECCC (2018)
YlrQ9hA9rQE Ganguly Style || Yangyi Yu vs Ganguly || FIDE World Team Championship (2019)
Yp8AIci_78A Game 6 Always Delivers! || Carlsen VS Nepo || AirThings Masters Finals (2022)
YtXZjKItuC8 Queens Are Overrated! || Leela vs Stockfish || TCEC S18
YtuyBf40FmY Brilliant Strategy, Unless It's Not! || Nakamura vs Carlsen || Magnus Carlsen Grand Final (2020)
YuQKrV5dXkM How To Tame a Monster Knight || Firouzja vs Mamedyarov || WRC (2019) - FINAL ROUND
YvUxJtNF5Ho The Scandinavian! || Anand vs Carlsen || GCT Tata Steel Blitz (2019)
Z-2FpiEzeYI The Most Famous Chess Game Ever Played || \
Z-BApfi9bqc Odd Square for the Queen | A Fun Classical Game I Played
Z0C0jdwu2XI A Super Fun Game! || Dominguez vs Aronian || FIDE Chess.com Nations Cup (2020)
Z1Odmq4NPlc One To Remember | Carlsen vs Caruana | Bilbao Masters (2012)
Z3Jk7TW9DZs Testing out my new setup - join for some fun and games - lichess.org
Z3P4LzF0wQc Knight's Bar | Caruana vs Carlsen 2018. | Game 3
Z4TB9ldmH4M We Have a Fight! || Morphy vs Paulsen (1857) || 1st American Chess Congress
Z5itAreVfkg One Won the Event, The Other Our Hearts || Nakamura vs Carlsen || Magnus Carlsen Grand Final (2020)
Z7Bgy_UDjh8 Magnus Carlsen Dominates Speed Chess - A Rough Day for Wesley So
Z8W8_NJBAIM Thank You All For 700000 SUBSCRIBERS!
ZBoHHEZPZk8 The Drowning Hippo || Mamedyarov vs Radjabov || FIDE World Cup (2019)
ZCpt_cPzwsA You May Be Cool, But You're Not \
ZE8XbnwfJDE Elitism in Chess, Drama and Battle of The Century || xQc vs Nakamura
ZEY8z71Wn2I This Game is Just The Best
ZG2cux1DZ7c \
ZHfumZVPjVA Google Deepmind AI AlphaZero's Unpublished Brilliancy
ZIYHYNBDCw4 Standard Theory Blunder | Wenjun Ju vs Lagno | World Rapid Championship (2018)
ZJ2pgq6qaXs How Simple and Complicated Chess Can Be
ZJhQ2tUNmFI Every World Champion's Worst Nightmare - Carlsen faces Ivanchuk!
ZLLMaQQKdfg \
ZM4XIu0OHjk I Went For The Head! | Svidler vs Carlsen || Grenke Chess Classic (2019)
ZMwF2zCjOQ4 Magnus Carlsen vs Ian Nepomniachtchi || World Chess Championship (2021) || Game 8
ZN8D4eBnw0g Eye of The Keymer | Keymer vs Carlsen || Grenke Chess Classic (2019)
ZQXo__TugPI Gulko beats Kasparov in a Miniature - A Sacrifice gone Wrong
ZTY-9GbpClI Wow! (Not For The Faint of Heart) || Carlsen vs Xiong || Clutch Chess International (2020)
ZWuffolRAjQ Do You Even Lift Bro? || Grandelius vs Giri || Mr. Dodgy Invitational (2021)
ZYCqiMI83iw Battle For The Future - CLASSICAL! || Firouzja vs Carlsen || Norway Chess (2021)
ZYRkA4ZOd6E Bishop Pair From Hell DENIED! || Ding vs Nepo || MC Invitational (2020)
Z_qRySqXXPg Game of Hanging Queens || Gelfand vs Nepo || FIDE Grand Prix (2019)
ZevbNHq340o Will Magnus Finally Win a Tournament? || Carlsen vs Nakamura Game 4!!
ZjucI_dWkQg Chess is Funny Like That | Karjakin vs Sevian | Isle of Man (2018)
ZjyET-MiJ2s No Spoliers, Game Too Good! || Artemiev vs Vidit || FIDE Chess.com Nations Cup (2020)
Zn4sQCwBzq4 Magnus Better Be Ready in November!
ZoQIeH4XCNI The Curse is Broken! | Mamedyarov vs Ding Liren | Candidates Tournament 2018.
ZuKiepylihE Zugzwang For the Ages! || Fedoseev vs Carlsen || FIDE World Cup (2021)
ZxyOYMB1MbU Future Lies in The Youth Of Today
_0kTnmsG_RY Every Move, A Lesson | Marshall vs Capablanca || New York (1918)
_22xUIaok7Y Hikaru Nakamura Makes Chess look Simple
_34MbEKWi9k This Is Winning, Yes. But for Whom!? || Mamedyarov vs Ivanchuk (2021)
_7Tq7QJd7zc King Announces Checkmate!
_7_jUlnZVro This Is What Happens When You Don't b4! || Carlsen vs Aronian FINAL GAME
_BNll-AdXOs Afraid of The Legend || Rosenthal vs Capablanca || Rice Memorial (1916)
_CTDXbfo1Zo Journey of the f Pawn || Caruana vs Carlsen || World Fischer Random Chess Championship (2019)
_Co4_AVwcek Mamedyarov vs Carlsen || Dollar vs Bitcoin || FTX Crypto Cup (2021)
_E_1SCCwHPo The Nameless Immortal | Sasikiran vs Artemiev || (2019)
_JWPsUpnGys Hikaru Nakamura | The Winner of Paris #GrandChessTour
_Je_uQxAIzo Clash of Leaders || Carlsen vs Nakamura || GCT Tata Steel Rapid (2019)
_R2Ay22Tw7A Wrath of Kan || Nakamura vs Carlsen || Saint Louis Blitz (2020)
_T01lTxHJXw Both Karjakin and Esipenko Miss a Simple Tactic | WBC | Round 9
_UZNNGYgcjQ Will Fabi Hit 2800?
_XJOz8v6nOw Afraid of the Strongest Move? || Capablanca vs R. Lopez
_YBBOGc8mVg Giri Sacrifices the Queen! Yes, you read that correctly :)
_bUNFE1jSUY If It's Good Enough for Magnus || Caruana vs Wang Hao || FIDE Candidates (2020)
_brwwPwp4fY Legendary Streak Begins! | Chajes vs Capablanca || Rice Memorial (1916)
_d2kwQYU6Pc 4 MOVES CHESS GAME!
_fHOHMXtY4g Boris, The Sorcerer | Gujrathi vs Gelfand | 19th Karpov Poikovsky (2018) | Round 5
_jx_jySDkN0 Magnus Carlsen Retires From Chess!
_k8dL_1okt0 \
_m5q2XMufN4 Ah... The Bishop Pair :) | Karjakin vs Giri || Riga FIDE Grand Prix (2019)
_mKiUwtFpus Fortress to Believe in! || Nakamura vs Carlsen || Magnus Carlsen Grand Final (2020)
_n2qglBU_1Q We Are Not Men. The Responsibility Is Far Greater.
_nPd8SdMF3U Ding, Look At Your King! || MVL vs Ding || FIDE Candidates (2020)
_ou9UxMznnE Tal's Record in Danger! | Ding Liren vs Svidler  | ECCC (2018)
_tqD0cKX2p0 Speed Demon Wins It All | Nakamura vs So | Speed Chess Championship 2018.
_uQIXE1e1Fo What Sorcery is This #2 - Fox vs Bauer 1901
_xGFQKSuDD0 King's Gambit! | Gunsberg vs Capablanca | St. Petersburg (1914)
_y01kCtTgk4 Save the Queen? Nah || Wesley So vs Liren Ding || Croatia Grand Chess Tour (2019)
_yzmOIwcFes Time Is Precious, Vassily! | Ivanchuk vs Aronian | Candidates Tournament 2013. | Round 3
a1mxE8KOHkE Kasparov beats Journalist Leon Watson after Car Crash
a2IXsljYZAQ agadmator's 2nd Subscribers Tournament - lichess.org
a41jQgDmvOM WARNING!! Insane Miniature Ahead || Anand vs Nepo || FIDE Chess.com Nations Cup (2020)
a57iqqT3BNU Levon Doesn't Care | Svidler vs Aronian | Candidates Tournament 2013. | Round 11
a5OhF7tET4I The Beast Returns, Again! || Firouzja vs Kasparov || Champions Showdown: Chess9LX (2020)
a5sdGAlq1XM A Surprise for Capa || Capablanca vs Lasker || WCC Game 9 (1921)
a7XvU4magQQ Sometimes In Life, You Have to Give a Little, Not to Lose Everything
a877Y_WvPoo God Of Bullet Returns | Magnus Carlsen Wins 6th Lichess Titled Arena
aCGe1stkKnk Brilliant Attack Meets Brilliant Defense || Liang vs Korobov || Sunway Sitges (2019)
aFWFFMs8pVc Bobby Fischer Praised Tigran Petrosian for His Queen Sacrifice
aFxeAhmjzA8 Both Nezhmetdinov and Tal Lent Me Their Strength in This One
aHCBEV4vAeA Sick for the Last 4 games, Magnus Carlsen Wins The Grand Chess Tour 2017! | LCC Round 9
aIqWZAJKppU These 2 are Incredible! || Xiong vs Duda || FIDE World Cup (2019)
aJurbP8scd0 У моей малой, у моей малой-ой-ой.
aJwVHUGhArY Is This The End? || Aronian vs Ding || Grand Chess Tour Finals (2019) | R2
aK7mhESZQeg 10 Moves and Game Over!
aKEogPV7Mlg Thank You And See You Tomorrow! || Rajabov vs Carlsen || FTX cc (2021)
aKXW7Ep6Utk Best Move of The Match | Anand vs Carlsen 2013. | Game 9
aLZOgxg-Rr4 Slaying The Giant | Botvinnik vs Lilienthal | Moscow 1936.
aMsVprtnAVQ We're in the Endgame Now | Google Deepmind AI AlphaZero shows Stockfish a Thing or Two
aN8rsxynSEo The Knight is Coming! | Nakamura vs Karjakin | Norway Championship 2018 | Round 8
aPEU3NXxI7s Chess Prodigy and Founder of Deep Mind, Demis Hassabis
aVy1FF3bEK8 Staring Death in the Face || Tari vs Firouzja || Tata Steel (2021)
aYgxu0JYEdY Chucky Loses Because Of Fair Play | Grischuk vs Ivanchuk | Candidates Tournament 2013. | Round 8
ab2erJNjZ6I Most Difficult Opening for Magnus Carlsen
ah0Nio4Z0zI 18-year-old Nurgyul Salimova Takes Down Nigel Short
aiWWrW4xWD4 y u do dis, Boris | Fischer vs Spassky | (1972) | Game 14
ak6gJ9aKZAQ f6??? Not OK! || Wesley So vs Caruana || GCT Superbet Blitz (2019)
alRdhDdl7dE Nate Hill vs Voyboy! || Chess.com Pogchamps
apsSLL3zlqs The Story of d5 || Karjakin vs Firouzja || WRC (2019)
aqUcDk0WKac The Mighty Mouse! || Kasparov vs Caruana || Champions Showdown: Chess9LX (2020)
awjqaWwUxqo When in London... || Carlsen vs Aronian || Grand Chess Tour Finals (2019)
axJ8v5YO7M4 UnBielevable! | Mamedyarov vs Carlsen | Biel Chess 2018
axOmdUZgwPs Morphy Head On! | Naiditsch vs Keymer || Grenke Chess Classic (2019)
ax_Bhpv68ao Running Out Of Time || Lasker vs Capablanca || WCC Game 12 (1921)
b-Mh14MEXgY \
b3qbUHeFO4A I WILL Be World Champion!  | Aronian vs Karjakin | Candidates Tournament 2018.
b4HzAunOBes The Man who \
b8ysTftlY7I Not a Walk In the Park || Nakamura vs Caruana || MC Invitational (2020)
b9NVk5jXaCg The Hidden Dragon || MVL vs Carlsen || Sinquefield Cup (2019)
bAjIrlNkqkY It's Not Much, But It's Honest Work :)
bBp-Amyt8Ys One Move is All Bobby Needs | Fischer vs Larsen | (1971) | Game 3
bCdygQzvwWs Clash of Generations || Firouzja vs Anand || Tata Steel Masters (2020)
bG-KPOvAy24 The Tal Recipe - Complicate, and They Will Blunder
bGCwQQnRAIk Some Doors Are Best Left Unopened || Van Foreest vs Carlsen || MCI (2021)
bGSgJrHZhKc Carlsen Wins World Rapid Championship... But Only if He Beats Grischuk | WRC | Round 15
bIhZ04aXv1A Use the Clutch! || Caruana vs Carlsen || CCI (2020)
bMOTgHXzVyY This Position Has Never Been Reached Again, And for GOOD REASONS! || Boden vs Morphy (1858)
bOjbkc3Nkns Some Positions Should Never Happen || So vs Firouzja || MCI (2021)
bPFCasdNcQU Super Grandmaster Title? || Carlsen vs MVL || Croatia Grand Chess Tour (2019)
bPLFSrwA-SA Joining the Elite | Artemiev vs Nakamura | Gibraltar Masters (2019)
bPaUnJP04yM Chinese Superstar | Ding Liren vs Duda | Batumi Chess Olympiad (2018)
bUQ2uAoqfyI A simple Bishop Check, an Unstoppable Checkmate
bVTknW2nXU4 Horsing Around || Carlsen vs Nakamura || MC Invitational (2020)
bXN6lUUA7Fg All Hail King Richárd!
bXpZgf6MA0A The Will to Win || Carlsen vs Aronian || Lindores Abbey (2020)
bbdpp0aufJ8 Levon Aronian Wins World Cup 2017
behatDL3rtI Dubov's Night At The Opera
bfJ3PJvXZOs In Honor and Memory of Vugar Gashimov - The Pride of Azerbaijan
bimBviwJhlM Grandmaster Yi's Immortal King Hunt
blz-iG-D3sI Fischer is Fischer, but a Knight is a Knight!
bnDLyQIdixE g5! b4!! || Keymer vs Aronian || Berlin FIDE Grand Prix (2022)
btm6epszymM Prodigies - They're Everywhere | FM Christopher Yoo vs 2700+ GM
bwr1xBkMZpI Sicilian Means Fight!
bxyi28n_MKs When Your Endgame is So Good || Zubov vs Carlsen || WRC (2019)
by6w1KLAyWM Best Things in Chess Never Happen
byFnDvLYBYg Prepare for the... || Nepo vs Carlsen || Chess24 Legends of Chess (2020)
c-m-Grfkxmg Excellently Sacrificed Piece | Wesley So vs Praggnanandhaa | Leon Masters (2018)
c0_k1HldhJU Magician And His Wand | Tal vs Hjartarson | Thank You For 200000 Subscribers!
c1ORsOwFTpc Magnus Has 9 Lives
c246i1sEUAM Garry Kasparov vs Goran Martić (My Brother-in-law) - A High Noon in Croatia
c41A3xEoM0c Just Magnus Mind Tricks
c4pc_Y96pDA London System is the Worst Great Opening
c6sXCFAwmu4 It's Payback Time - Bobby Fischer vs Tigran Petrosian | USSR VS The World
c84a8I9E-Gc Double Blindness Action || Nepo vs Giri || Chess24 Legends of Chess (2020)
cAIhA88SMuk Looking Up Too Much Makes You Lose Perspective || Leela vs Stockfish || TCEC Superfinal Season 17
cAe1xAWJvxQ \
cBa_87MeSpw I'm Sexy And I know It | Radjabov vs Gelfand | Candidates Tournament 2013. | Round 8
cBcIGRnyDx8 Only One Move Stops Morphy's Onslaught || Morphy vs Lichtenhein (1857)
cFd0DwoCvwQ Tal Variation and 135 Moves - A Long Day For Nakamura | #gibchess | Round 2
cH_HOGNiaXw Faster is Always Better! || Aronian vs Nakamura || Fide Grand Prix Final (2022)
cHfUMIqGrbA One Move to Ruin Them All! || Carlsen vs Ding Liren!
cI-2doMpXQw Follow The White Bishop! || Carlsen vs Nakamura || MC Invitational (2020)
cK4IAWZRs_0 Garry Kasparov's Most Memorable Moments | Part 1 | Final Game Against Karpov | 1987.
cKC9Kzc8Dxk The Hidden Brilliancy | Mamedyarov vs Navara | Biel Chess 2018
cLIh0liB4zk I'm Ready, Magnus! | Caruana vs Anand | Batumi Chess Olympiad (2018)
cM4WgTlqRGc Hanging by A Thread || Dubov vs Nakamura || Lindores Abbey (2020)
cMWtbb7qacA \
cNSH88vVnmw Game Worthy of the Finals! || Carlsen vs MVL || Grand Chess Tour Finals (2019)
cN_1jdBNbyA Everyone Loves Rapid! | Caruana vs Aronian  | Your Next Move (Rapid) (2018)
cO4bhApoNxo Halloween Gambit turns into a King Hunt
cOoghYsLYCU The Thriller | Aronian vs Grischuk | Candidates Tournament 2018.
cQap4I_-u4E I Played a Tal Move.... or so I Thought :)
cQiYWl9Vb_g Next Level Chess Puzzle
cUg0eYSorPM Knightmare of a Puzzle || White to Mate in 10 Moves! (+ Important Announcement)
cUxo53Um_is Whoops?! I Guess it Wasn't Pinned :) || Carlsen vs Giri || || GAR (2021)
cVrUlghzErc Damn You, Modern Chess! || Ding vs Carlsen || MC Invitational (2020)
c_xGt2KyDA4 Chess is Still Magical! || Dubov vs Guijarro || Airthings Masters (2020)
cbAgjcXrLck I... Am... Eternal || Carlsen vs Svidler || Chess24 Legends of Chess (2020)
ccUDhR8pORA You Snooze, You Lose | Caruana vs Mamedyarov | St. Louis Rapid (2018)
ccyyHF6hnWQ Looking For Adventure || MVL vs Carlsen || Grand Chess Tour Finals (2019)
ceFVY1GcBA8 Garry Kasparov's Most Memorable Moments | Part 2 | Historic Blunder Against Anand
ciOmSv2zHHo Before Tal and Nezhy, there was Rudolf Spielmann
cjOnc5hhIEA Bobby Fischer Sees First Hand Just How Impenetrable The Iron Tigran's Defense Really is
ckWDcHh3AoY Karjakin's Crime and Punishment by Fabiano Caruana | LCC2017 | Round 4
ckjxgOWgkmg Enough With The Scrambled Pieces || Nakamura vs Carlsen || Saint Louis Rapid and Blitz (2020)
cocbOmTO3ac Daniil Dubov || Mate in 13!!!
cq7Im3utFMc Trolled by the World Champion || Caruana vs Dominguez || U.S. Championship (2019)
cu3GNvLWOSM Think That's Air You're Breathing? || Carlsen vs Artemiev || AirThings Masters (2022)
cuBrh2JIU7s Wanna Win Matches 6-0 Like Bobby Fischer? Study the Endgame!
cybclCjzfGQ World #1 vs World #2 | Kramnik vs Carlsen | Candidates Tournament 2013. | Round 9
d-XUQDITgmI The Primus! | Botvinnik vs Capablanca | Moscow 1936.
d2Y6B0WwslQ Pause The Video! || Caruana vs Nepo || GCT Paris Rapid (2019)
d2f8HOqDF78 Let's GO AGANE! || Hikaru Nakamura vs Wesley So || Grand Prix Finals!
d32GRiIR5lA Chess? That's Simple | Carlsen vs Yangyi Yu || Norway Chess (2019)
d6DNg9_RnoA Botvinnik crushes Capablanca with an Anti-engine Move
dBj_wcAJQPs Destroyed by a... Chessable Course?? || So vs Carlsen || Opera (2021) FINALS
dBscHl_JTJ8 Hikaru, The Bullet Dodger!
dEfOLfsYwkg \
dEuYzxFvIQQ \
dF38FS-1nGE Killing Spree || Nepo vs Mamedyarov || Croatia Grand Chess Tour (2019)
dIYks9IwF68 Fischer Goes for Alekhine's Defense | Minić vs Fischer | Palma de Mallorca Interzonal (1970)
dIfYSou55HY Without Error There Can be No Brilliancy || Carlsen vs So || Lindores Abbey (2020)
dJE4LpNYuLw The Danish Masterpiece - Stunning Attack by GM Carsten Hoi
dMYvUONvfMQ Imagine if he WERE a Najdorf Specialist
dMl3orMCKF4 Magnus Carlsen vs Ian Nepomniachtchi || World Chess Championship (2021) || Game 10
dMoEZZT1-Yc Sometimes You Gotta Win Ugly || The 3... Qe6+ Scandinavian??
dOJNO8BRx_U He Who Dares, Wins! | Caruana vs Carlsen 2018. | Game 12
dQiYBM86O1E Ian Nepomniachtchi vs Magnus Carlsen || World Chess Championship (2021) || Game 11
dRXWCKoIBec A Challenger? || Nepo vs MVL || Candidates (202X)
dUis8CXH1g4 Again With The Simple Stuff || Carlsen vs Caruana || MC Invitational (2020)
dWjK0kJMneo NOT. A. SINGLE. GAME! || Morphy vs Harrwitz (1858) Game 4
d_dQN272mV0 All Hail The Streamer Candidate!
daSzeqSUUz8 Baskaran Adhiban Wins Reykjavik Open (Bobby Fischer Memorial) With a Miniature
daduMu9FYq4 Winning 100% Games || Praggnanandhaa vs Awonder Liang
dcjGpnWpEWM One Door Closes, Another Opens | Anand vs Mamedyarov | Tata Steel Masters (2019)
dduMtP2P6wE Wait For It... || Grischuk vs Tikkanen || FIDE World Team Championship (2019)
dgoxteyh1ZU The Dutch Immortal! || Van Foreest vs Giri || Tata Steel (2022)
dhgAHqOuLSc That's No Way To Treat Your Queen! || Praggnanandhaa vs Adhiban (2021)
djXEMBp1TuA Nothing Is Impossible! || Kasparov Loses in 7 Moves!!
djnwrvDgztY Just a Nezhmetdinov Game to Brighten Your Day :) | Part 5
dnOExUCprdE Never Play f6! | Grischuk vs Vitiugov || Riga FIDE Grand Prix (2019)
dqijGRgC50k Finally, Morphy Goes for Morphy Defense! || Barnes vs Morphy (1858)
drv9_38XU88 Magnus Will Crush Your Hopes and Dreams || Carlsen vs Dubov || Airthings Masters (2020)
dtU42S9S3pI Peter Against The Windmills | Svidler vs MVL | Biel Chess 2018
dtUXzkMq2c0 Positional is the New Black
dukaDcqz8TE Unstoppable Force Meets an Immovable Object | Nezhmetdinov vs Petrosian
dv52uwNfFZg \
dzAX9Q29FSk Giri Against The Great Snake | Tata Steel 2018. | Round 12
dzKUkunzkHs The Sugar Bomb! - One Of The Craziest Chess Stories You'll Ever Hear
e-w06IVnht0 Neural Network AI Leela Zero Destroys an IM - Already at 3000 ELO
e3E40CKXSII The Only Man Kasparov Ever Feared - This is Ivanchuk's Immortal
e3Qp_uT1cy0 Anatoly Karpov's 20-Move Brilliancy against Beliavsky - Linares (1994)
e3bCBAAb0co Caruana Wisdom: It Helps to Know That You're Winning!
e5djM0rGVCc Incredible Manoeuvre!  || Grischuk VS Duda || Fide Grand Prix (2019)
e5dxEQ5q9Q8 King's Gambit Requires Kings! || Morphy vs Anderssen (1858) || GAME 1
eDUCzsu0ZIU Everybody Sing This Song || Duda vs Grischuk || GCT Paris Rapid (2019)
eDdQC1MI3UM \
eDrrTdDPAcs What Happened To Alireza?
eGrzBbUXTtw So, the Pirate! | So vs Karjakin || Riga FIDE Grand Prix (2019)
eIXDxXsLTak Unassailable! || Lasker vs Capablanca || WCC Game 8 (1921)
eNWGEpQSFLQ Reminds me of The Evans Gambit | A Fun Game I Played
ePVfCB_ucDI Disgusting Engine Lines | Caruana vs Carlsen || Norway Chess (2019)
eRV5qFoYbZ8 The Best || Fabiano Caruana vs Magnus Carlsen || Altibox Norway Chess (2020)
eRrBaAI5Q_E First Restrain, Next Blockade, Lastly Destroy | Nakamura vs Grischuk | Sinquefield Cup (2018)
eSiSjdRD90I Who is French #1?
eYizgdNyHo4 Chillin' With Rajabov || Almost 3 Hours of Vast Knowledge
eYpnXx2jrtw Sicilian Just Got A Lot More Fun!
ed2Tw4ilH7o The Oldest Chess Game Ever Recorded (1475)
eeJ0iaJgB68 Carlsen Crushes Nakamura While Making a Sandwich - Chess.com Speedchess Championship Finals
eevubPd5QIs Clash of Old Rivals | Lasker vs Capablanca | Moscow 1936.
eg730avi0h0 How A Champion Bounces Back
ejnfjRf1U5g Charlie Chaplin vs Samuel Reshevsky || Did The Game Actually Happen?
elUucRUAZqY Some Pawns Are Too Juicy || Nepo vs Carlsen || Chess24 Legends of Chess (2020)
en9BO-uIVhg Botvinnik's Engine Move | Tal vs Botvinnik 1960. | Game 12
enXV1nN3--0 I got Crushed by Kingscrusher - Hyperbullet on Lichess.org
epaZnMhd3ik The #suggestion Miniature || Caruana vs Ding || St. Louis Rapid & Blitz GCT (2019)
eqV1TRJU5fM The Elegant Barbarian || Nepo Shows Us How it's Done!
ez_JCnLFGx8 Craziest and Most Complex Game So Far | Svidler vs Grischuk | Candidates Tournament 2013. | Round 9
f-ZOwHdNLO0 \
f1rHcW3l2XY Playing d4 Before it was Cool | Capablanca vs Corzo | Game 11
f2VuxEnLm7Q Levon Aronian Wins Tradewise Gibraltar Chess Festival 2018! Insane Game in Tiebreaks
f2gPo9w6Q8E Two Rusty Engines Go At it - TCEC Season 10 Rapid | Round 15
f5qE9mOkZsk Brilliant Preparation + Top Engine Moves =? || Sarana vs Carlsen || FIDE Chess.com Grand Swiss
f7EqfVjjQuk The Real Hero || Dominguez vs Gareyev || US Championship (2019)
f8GP6z3mBsg German Bobby Fischer Becomes a Grandmaster! || Keymer vs Sjugirov || FIDE Chess.com Grand Swiss
fA-4QrRX2xg Mystery of 1.a3 Revealed! || Anderssen vs Morphy (1858) || GAME 6
fAb_CQ1CB5I The Bluff! | Vallejo Pons vs Anand || Grenke Chess Classic (2019)
fBSgTCyaE6o You Shall Not Pass! || Caruana vs Shankland || U.S. Championship (2021)
fBvSW0Mrbnc Patzer Sees a Check, Patzer Gives a Check || Artemiev vs Ding || GAR (2021)
fEx3tkp5COc Very Strong Losing Move || Grischuk vs Ding || FIDE World Cup (2019)
fExRsamAEKc Hikaru is the Guy You Send to Kill the Boogeyman || Carlsen vs Nakamura || FTX Crypto Cup (2021)
fFRVFHP4GLE Game Of The Year?! || Carlsen vs Giri || Gashimov Memorial (2019)
fHmuvCsYlNA The Russian Zugzwang | Karjakin vs Wesley So | Candidates Tournament 2018.
fIKD90EPMBI Samay Raina vs Magnus Carlsen ONLY 15 SECONDS ON THE CLOCK!
fK-_tfF18uc Praggnanandhaa Plays a Perfect Game against a 2600+ GM Jorden van Foreest
fKgyAuh7JYI Activating Instant Kill | Nakamura vs MVL | London Chess Classic 2018
fLMaT7sb2vQ No One can Attack Paul Keres!
fMPi0LLxguc A Winning Position against Carlsen isn't the Same as Winning | LCC Round 7
fQ1P7JUadZE Magnus Carlsen Crushed in 26 Seconds!!!
fQv-O74ByRM Be Careful when Grabbing A Pawn, Gligorić, it Might be Poisoned!
fTbrPOaJals \
fTjYWU6xpX4 Morphy Destroys his Childhood Friend With Rook and Knight Odds! Amazing game :)
fUjKkegj2dw Unofficial French Championship || MVL vs Firouzja || MC Invitational (2020)
fWzIvS-jJFY All Pride, No Sorrow || Thompson vs Morphy || Game 3 (1857)
fYgd5ZLdHz8 You Snooze, You Lose | Caruana vs Hou Yifan | Grenke Chess Classic 2018.
fbcQBUXuIuE Careful What You Wish For! || Anderssen vs Morphy (1858) || GAME 4
femS_-aAG_A Oh Hell No! || Mamedyarov vs MVL || Riga FIDE Grand Prix (2019)
fgLih08ilqI Mother of All Grinds || Wei Yi vs Nepo || FIDE Grand Prix (2019)
fgW1xh8lsn8 Move 5 Novelty! || Mamedyarov vs Praggnanandhaa || Tata Steel (2022)
fk096nWsqeA Really?? That's Your Move? || Aronian vs Carlsen || GCT Tata Steel Blitz (2019)
fmEtTNkDQSg A Very Sharp Line | Ding vs Caruana || Altibox Norway (2019)
fpHIMa-Asgk In The Spirit of Barnes! || Owen vs Morphy (1858)
fsbBn3bf06A Caruana's \
fwQLMncztFQ Lost in 12 Moves! || Vidit vs Firouzja || Prague Chess Festival (2020)
fxtPmioYJrU Complicated even for Tal's Standards - Student Surpasses the Teacher!
fygrQX84tPs Incredible Upset! 10-year-old (1733) Beats A Grandmaster (2575)
fyr3C6d2gZA Finally, The Match We Deserve! || Nepo vs Carlsen || AirThings Masters Finals G4 (2022)
fzST6IZhAqg Leela Makes a Little Joke | TCEC Season 14 Superfinal | Game 63
g-aKbh37BEQ The Genius || Dubov vs Nakamura || FIDE Grand Prix (2019)
g-cdwK6Y1ec This 14-Year Old Doesn't Care Who Sits In Front of Him
g-qwAj9Eacg One Does Not Simply Waste a Move Against Capablanca | San Sebastian (1911)
g08qtNIoJhM Dawn of A New Era || Leela Wins Season 15 TCEC Superfinal!!!
g0sJSSyu-CM The Queen Hunt! || Capablanca vs Black || Rice Memorial (1916)
g4pVhY1cu2o Here We Go Again! || Ding vs Carlsen || MC Invitational (2020)
g552jyD68ls Calling Mikhail Tal | Gelfand vs Kramnik | Candidates Tournament 2013. | Round 7
g5BXYXIKg-g Too Dangerous Even For Magnus!
gDW-ePOLsa0 Sour Bite to End the Meal | Capablanca vs Kostić || New York (1918)
gE5fUkHkr8Q Be in \
gFLFBKlndGs Way Of The Dragon || Artemiev vs Giri || GCT Superbet Rapid (2019)
gHkbdTAv52k Carlsen's Second vs Carlsen's Nemesis || Dubov vs Giri || FIDE Grand Prix (2019)
gI3wwT3cWgE Greatest Chess Game Ever Played
gKXaHP9xOqc Move Your Queen 6 Times in The Opening Like Aronian | #gibchess 2018. | Round 9
gMy8FVo2GbA Queen Sacrifice That Never Happened
gP28rPlv7Wk The Deadly Wildcard || Korobov vs Anand || GCT Superbet Rapid (2019)
gPJibSgeFew Is The London System Unstoppable?
gTqvXodLMCE \
gZlwXSF6_ig Not One, Not Two But Three Times!!!
gaCrOZtNYCA YES! It was Played in This Game || Carlsen vs Sarin || Chess24 Banter Blitz
gdZJVECZxbI Ian Nepomniachtchi vs Magnus Carlsen || World Chess Championship (2021) || Game 9
gdbGfLtwzNM Find Out if You're Cool (~˘▾˘)~ || Dubov vs Giri || MrDodgy Invitational 2.0
gdpiV9ldrAw Lack of confidence | Anand vs Carlsen 2013. | Game 1
geZp2fuUDuo Armageddon Game for $20.000.00 | Navara vs Wei Yi
gfJdPxwEK0w Carlsen vs Anand || Lindores Abbey Chess Stars (2019)
gfZZxYpV5Wc Odd Place to Put a Rook || Xu vs Grischuk || FIDE World Cup (2019)
gffKZm3FG8o One For The Books! || Ding vs MVL || MC Invitational (2020)
ggVGMvq2Q68 Ivanchuk Squeezes Wei Yi in the Rapids to Win the Match (Hoogeveen 2017)
gkXe5SL5DFo Steinitz Killed Romantic Chess! Did he now?
gr5Xkhmia3Q The Berlin Immortal | Aronian vs Big Vlad | Candidates Tournament 2018.
gsvITjkjYv4 Bobby Goes Engine Mode | Fischer vs Ivkov | Palma de Mallorca Interzonal (1970)
gtUvgKkL-7Q Bravo Gentlemen, Bravo! || Wesley So vs Carlsen || World Fischer Random Championship (2019) GAME 2
gv6d9FQErqk How Much Respect is... || Carlsen vs Nepo || Chess24 Legends of Chess (2020)
gw94eqkNz5k Speed Demon Keeps Offering His Queen | Aronian vs Nakamura | Speed Chess Championship 2018.
gwoFFKZHE1g Passed Pawns Must Be Pushed!
gx0fkj1AM00 You Only Get One Chance | Capablanca vs Kostić || Game 3 (1919)
gxWm-3MGC6A Could You Beat Kasparov in This Game? Carlsen Almost Did it
gyjT4Ax2dqo Only Giri Can Stop Me | Carlsen vs Duda | Tata Steel Masters (2019)
h-BM4lYygZs Moment of Truth! | Carlsen vs Ding Liren  | ECCC (2018)
h69DCH0noXM Gentlemen's Brawl | Capablanca vs Schlechter | San Sebastian (1911)
h9if1eUR7vY Another Surprise on Move 1! || Giri vs MVL || MC Invitational (2020)
hARZAJjVi-s Monster Queen || Shirov vs Caruana || FIDE Chess.com Grand Swiss
hBacUuRVvHQ To Catch a Bird, Just Pour Salt on its Tail! | Larsen vs Fischer | (1971) | Game 2
hFdmddDTWwg Magnus Carlsen Blunders a Piece in The Opening - Tata Steel chess 2018. | Round 8
hFtQUvEiLcM Crush Your Friends (and Enemies!) Quickly :)
hGBEp1MzD3g Wonder Boy vs King Ding || FIDE World Cup (2019) - GAME 2 Blitz
hGlP886yZDg No One Became World Champion by Accepting a Draw | Tal vs Botvinnik 1960. | Game 1
hIA8y9m_5GM Exceptionally Strong Losing Move | Caruana vs Carlsen | Bilbao Masters (2012)
hIr8jgw8DS8 #1 TRENDING! -- Konstantinopolsky Variation Too Much For Magnus Carlsen
hKUGmFOZng8 The \
hKvr9B0abHM The \
hKwgShWPvto No Reverse Gear David | INCREDIBLE! | Korchnoi Memorial (2018)
hOSPTuvyxwg Psychology of Armageddon || Nakamura vs Ding || Chessable Masters (2020)
hP3b3cay_Wc Lasker's Immortal - Walking the plank (England 1911, Dutch Defense)
hPeUkZhSFco An Incredible Epic Battle! || Nepo vs Carlsen || AirThings Masters Finals (2022)
hS-0Qkb0nZ8 Leave No Stone Unturned || Grischuk vs Sethuraman || FIDE World Team Championship (2019)
hTMvoVVdBP8 ChessQueen's Immortal Queen
hUfzRrR2HF4 The Next Great Cuban || Dominguez vs Giri || WRC (2019)
hXKnFj51OQI He Played h4 Before it Was Cool! || Levon vs Magnus
hZLjWFD8z3o ALIREZA IS THE FUTURE!?
h_OBcp6cAgw Magnus = Supercomputer
hecXeywQJPQ What Happens When Creativity Meets Magnus? || Carlsen vs Dubov || Airthings Masters (2020)
hj4BRReRZQs Ding Liren vs Praggnanandhaa! (+ Karjakin Banned From Chess)
hka6JNORv2Q The Captures Captures Immortal!
hl6DvjEIdSo Unstoppable, He Has Become!
hlqJxgsR2ic This Man Is A Hero!
hmrTh_joj5w Magnus Sacrifices Everything!
hop0YnDrLhI Who Believes in Fortresses? || Carlsen vs Matlakov || FIDE Chess.com Grand Swiss
hpspTdwsZG4 Real Magic over the Board - Velimirović Attack by Velimirović Himself
hsZpK42HGWE Hardest Move To Find || Topalov vs Mamedyarov || Gashimov Memorial (2019)
htgV5yGNCZM Best Game of DAY 1! || Ding vs Firouzja || MC Invitational (2020)
hvs7qbfu_Rc Black is the New White | Carlsen vs Caruana 2018. | Game 7
i-PjVT78u58 The Iron Idiot | A Forced Mate in 10
i-uG9ilOSwc The Pride and Sorrow of Chess || The Saga Ends!
i-zniba3WfI Age Of Caissa Chapter 2 is Here!! || A Post-Apocalyptic World Ruled by Chess-Playing Robots
i0hXcfDI7Sg Incredible Moment! || Carlsen vs Láznička || WRC (2019)
i1Cx4JzuYyY Magnus Captures a Poisoned Pawn!!
i3QMrf-Rfeo 8-year-old Homeless Refugee Tani Wins New York State Championship
i6tXFRgoA20 10 Fun Chess Games for Beginners
i8l1Xo6MQS8 Karoly ruins Mikhail Tal's Brilliancy by NOT playing the Best Moves
iABXr4crdLU Magnus Doesn't Count Pawns
iBJ_mL31tYI Any Nasty Discoveries Here? || Aronian vs Carlsen || CCI (2020)
iBtnMBzt14s That's Just Impressive! || Aronian vs Carlsen || GCT Tata Steel Rapid (2019)
iCwdRulLjr8 In the Midst of Chaos || Duda vs Carlsen || Charity Cup FINALS!!!
iJNZXj9PABA Wang Hao Retiring From Professional Chess || Enjoy This GEM
iJr-47axjmo Anand dazzles the World with a Brilliancy against Caruana
iKYXGyx1mE4 Are You Ready, Magnus? || Nepo vs Alekseenko || Candidates (202X)
iKok7cq5d-g World Champion Wins! || Wesley So vs Carlsen || Skilling Open Knockout (2020)
iLeKnOXNIJE Who Blinks First? || Carlsen vs Vidit || Tata Steel (2022)
iQJJpkYYzDw Can you Find the Move Bobby Fischer used to Crush Benko?
iSwTCq4Kiek Now That's A Queen's Gambit!
iT5LBG__XbU All Hell Breaks Lose || Carlsen vs Giri || Chessable Masters (2020)
iTNyIaB9Dk8 The Magician and The Dragon - Epic Battle in Chicago
iUmqxKGmtMY Waste of Time... or IS It? || Capablanca VS Lasker || WCC Game 13 (1921)
iY7DuZJ1i_o Grandmaster Yi is Legendary!  || Wei Yi vs Giri || FIDE Grand Prix (2019)
ieOuQ0jQXgo Wow. Just Wow! || Giri vs Firouzja || Tata Steel Masters (2021)
ik5APBuuktE A Modern Immortal King March! || Ding vs Carlsen || Charity Cup (2022)
ioj6uiqrY7s A Great Day for Azerbaijan! Mamedyarov's g5 Move is Amazing
ipRo2a0bZ4o Too Complicated Even for GMs || Rakhmanov vs Grandelius || FIDE World Cup (2019)
iqEkCwRuf7s It's Official: Hikaru is Immortal!
is0QcB3Bqh8 Pride of Mongolia | Üitümen vs Fischer | Palma de Mallorca Interzonal (1970)
iu5hMy_CIUI What Sorcery is This???
iyS3CWYNkGo There is No Spoon || Caruana vs Carlsen || Chessable Masters (2020)
j0B569jKkiA Garry Kasparov Crushes his opponent like Mikhail Tal
j4E41hlQTZk What Knightmares Are Made Of (pt.2) || Carlsen vs Nakamura || Chessable Masters (2020)
j4cTlCD2e14 Time Trouble! || Ding vs Grischuk || FIDE World Cup (2019)
j5ut_uytScA World Champion Takes back a Move against 17 Year old Judit
jALIH8XPF80 Hecht's Little Immortal - \
jAwSBrLk3Uw A Queen for a King - One of my Favorite Bobby Fischer Games
jAxgXXwrrCs Bobby Fischer's Opponent Resigns on Move 1
jAzTr1HM5t8 Knocking at the World Top 5 Door!
jB21fPLEu-0 Big Vlad's Poisoned Pawn  | Kramnik vs Radjabov | Candidates Tournament 2013. | Round 11
jFOXR0uwFHc How Many Tactics Can You Squeeze in One Game?? || Vidit vs Firouzja || Prague Chess Festival (2020)
jG1x0JGlOEA Always the Daredevil || Firouzja vs Aronian || GAR (2021)
jHaDokDO6ds Keres Gives Bobby Fischer a Valuable Lesson in Caro–Kann
jHcMY3Jvo2s Nigel Short's King March Creates a \
jHyxryNusug Walking Through a Minefield || Carlsen vs Artemiev || Aimchess (2021) FINALS!
jMHxDv80tUU Chance at Revenge || Caruana vs Ding || Candidates (202X)
jMksEm4-U1k Spassky Lights a Cigarette after Blundering a Rook to Karpov
jNF-_QAtukM Karina Szczepkowska Shows Us How To Crush The Dutch Defense
jNtXOVBoPus Anything He Touches Turns to Gold || Dubov vs Giri || Airthings Masters (2020)
jPZkpIIV9Zo Slap Your Opponents With This Amazing Idea!
jQqNnK8oVzs DrNykterstein (Magnus Carlsen) Plays King's Gambit || Lichess Titled Arena
jTAGCi97gNI Highest Rated Man vs Highest Rated Woman || Carlsen faces Yifan || GAR (2021)
jVVqYP8eZWY So Far So Good || Carlsen vs Wesley So || World Fischer Random Championship (2019) GAME 5
jWOmjc-FSRk agadmator vs Maia || A Human-like Neural Network Chess Engine
jXwj-c7b43U No Way You Guess Who Wins This Game || Duda vs Shirov || WRC (2019)
jYEMssGiPTg World Champion Material? | Caruana vs Nakamura | Sinquefield Cup (2018)
jcwkTcwIZJQ When in Doubt, Push h4! | MVL vs Carlsen | Sinquefield Cup (2018)
jfVwI1bRTH4 Always Expect the Unexpected! || Carlsen vs Aronian || Airthings Masters (2020)
jhDb-m48pvo These Two Never Disappoint! || Carlsen vs Anand || GCT Tata Steel Rapid (2019)
jhIKW7gQhT4 Impeccable Technique! || Grischuk vs MVL || Fide Grand Prix (2019)
jj_6AoDt6PM DrNykterstein (Magnus Carlsen) Wins 11th Lichess Titled Arena
jogRIRM1rq8 Chess Rule #1 - NEVER PLAY f6!
jrg7QFMl5oc Veselin Draws First Blood! | Topalov vs Mamedyarov | Gashimov Memorial (2018)
juCNqGUJDQ4 The Only Thing Missing On My Channel is HERE!!!
jxkAPO261y8 Four Knights of the Apocalypse || Sevian vs Caruana || U.S. Championship (2021)
jz2oKkQcWxI The Brazilian Immortal ft. The Evans Gambit!
jzT3uT4krYI So Strong, So Fast | So vs Carlsen | Norway Championship 2018 | Round 6
jzmnQZl1FMg Morphy Misses Mate in 5 After A Queen Sac - Can YOU Spot it?
k3TsenDaDrM Stop Horsing Around, Bobby! || Friðrik Ólafsson vs Bobby Fischer || 1959. Candidates
k3f4soW6w8s Moment of Truth! || Firouzja vs Carlsen || Tata Steel Masters (2020)
k67gXoXnzzI First Game Against a Master! || Morphy vs Löwenthal (1850)
k6C1daSk6f0 Bobby Fischer gets Eliminated from the Tournament! But the Game Remains
k8m30sSVCj0 Missing Mate in 2! | Meier vs Carlsen | Grenke Chess Classic 2018.
kDeIJgPDIag What is Best in Life?
kE9w1k6LNWM Welcome to the Deep Dark Forest
kEvaSmppw3w How To Train Your Dragon pt.2 || Kramnik vs Ivanchuk || Chess24 Legends of Chess (2020)
kG0X5INtn98 The Impossible Tactic! || Caruana vs Nakamura || MC Invitational (2020)
kGPi4S1WwPw The Tiger Returns!
kGT-jB-39pI Mikhail Tal the Great, Mates in Eight! (12 years old)
kKUjVTeAA1E Magnus Adopts a New Family Member!
kNF0LkIodXw Obsessive Learner Max Deutsch Challenged Magnus Carlsen. He Had One Month to Train
kQV4rm95_9c Who Will Face The Great Sasha? || Duda vs Dubov || Fide Grand Prix (2019)
kSuO6q6HlK4 Magnus is Not The Only One!
kWxZJK6KEp4 Evans Gambit by Paul Morphy Himself
kYW7fnK2Cmc Astronaut Frank Poole VS Supercomputer HAL 9000
kaBvn0wl4fg Unworthy | Capablanca vs Bernstein | San Sebastian (1911)
kbmfcPZliWc How To Beat Magnus Carlsen?
kceNvn89Ezo Battle For The Future: Opportunity || Carlsen vs Firouzja || MC Invitational (2020)
kf2xaPjL8zY Battle For The Future! || Carlsen vs Firouzja || WRC (2021)
khGSnbSfxt4 Taste of The World Championship || Carlsen vs Nepo || MCI (2021)
kitw2l94lC0 You're Not Going Anywhere || Navara vs Duda || Prague Chess Festival (2020)
kmRzv05e4Dw This is Why Chess Will Always Be Interesting || Vidit vs Grandelius || Tata Steel (2022)
knD_gPHuLh0 Boris Spassky's Brilliancy over Bronstein goes to Hollywood!
kq7Tuj2a32c Maxime, Maxiime, Maxiiime, Maxiiiime
kr3A5llI8AU Maia Chiburdanidze Takes Nigel's King for a Long, Long Walk
krGmDYqnha8 Hmm... A Nice Rook Lift?  || Duda vs Grischuk || Fide Grand Prix (2019)
ktnweRXlW_E Anatoly Karpov Strangles young Judit Polgar - Linares (1994)
kuOCWwbQ9gI One King Move is Not Enough! || Carlsen vs Van Foreest || Tata Steel (2022)
kw0Uh8CIpe0 Bobby Fischer's Positional Masterpiece against Tigran Petrosian
kxF8tcA4SI4 He Would Have Been 85 Today! :)
kz6s_XN4TTQ Vladimir Kramnik Loses to a Librarian
kz7Fjl-7o6M Be Afraid Fabi, Be Very Afraid | MVL vs Carlsen | Biel Chess 2018
l0cI_J5XbBo Sky's the Limit || Praggnanandhaa vs Topalov || Gibraltar Masters (2020)
l2feawW--IE Endgame Boss Approaches
l9p06NLYdGg Winning is Nothing Without Having Fun
lAhP3rwaT6o London System Masterclass || Carlsen vs Kramnik || World Blitz Championship (2019)
lEdfZIF5HPo These Guys are Awesome || Dubov vs Nepo || Russian Chess Championship (2020)
lEslI2BBHx8 Who's Afraid of The Big Bad Fork? || Carlsen vs Aronian || St. Louis Rapid & Blitz GCT (2019)
lFXJWPhDsSY Alpha Zero's \
lG2jczgThvk Is Judit Polgar The Greatest Attacker Ever?
lH3DLomkMrI It's Never Too Early to Blunder Mate
lLanpmki-Hk Big Trouble for Little Morphy || Meek vs Morphy (1857)
lOXKWcF_INQ Magnus Can Sacrifice Anything, Anywhere! || Carlsen vs Nakamura || NCC Finals! (2021)
lSJjeoGwQJI It's Fully Operational! || Carlsen vs Nakamura || Magnus Carlsen Grand Final (2020)
lWMnFbiZiDs FRENCH DEFENSE TOO STRONG || Grandelius vs Harikrishna || Tata Steel (2021)
lZupnEyEZdE Magnus Like Bobby || Carlsen vs Caruana || World Fischer Random Chess Championship (2019)
l_2_Vax1Scw Never Change Daniil, Never Change! || Carlsen vs Dubov || Opera (2021)
lamCFcTG41A Nihal Sarin Beats an International Master in 13 Moves!
lb3_eRNoH_w Google Deep Mind AI Alpha Zero Devours Stockfish
lcGskIvAQYM Victor Korchnoi vs Magnus Carlsen - A Rare Cross-Generational Battle
lc_aJQfsmD4 agadmator Birthday Arena - Lichess.org
lcgMxtAfzvM That is One ACTIVE Knight || Nepo vs MVL || Sinquefield Cup (2019)
lcu1UUNQ1uE Mysterious Queen Sacrifice || (mystery solved, PGN was wrong on websites)
lfUsBiVz9ts 1 MILLION SUBSCRIBERS!!! :) :) :)
lffv5BtjlPk Esipenko vs Carlsen || Incredible Game - Incredible Match
lfxEAz3LmYE Armageddon! | Carlsen vs Anand || Altibox Norway (2019)
lg0auiiefTs Exotic Cuisine | Anand vs Ding || Altibox Norway (2019)
lgT-QjcA0f0 Bobby Fischer Scenario Part 2 | Grischuk vs Kramnik | Candidates Tournament 2013. | Round 10
lh_NeBZhqPM We Broke Lichess!
ljaMFvEXAHI First Game is Always the Toughest! || Boden vs Morphy (1858)
lkEeOGNSCUY The Plot Thickens! | Leela vs Fish | TCEC Season 14 Superfinal | Game 86
llKoAemF7lM The 4th Awakens || MVL vs Mamedyarov || Riga FIDE Grand Prix (2019)
ln0Xv-1sjOs Nakamura Really Wants to Beat Carlsen for his 30th Birthday! LCC Round 6
lqYLxa5ikKI The Legendary Alekhine vs Vasić 11-Move Miniature
lr1M4VEWac8 d3! - and Black is Lost | What??? | A Beautiful Gem From The Greek League
lrqXR_twCP8 Tempting Fate | Tal vs Botvinnik 1960. | Game 3
luUdHoRg5CQ The God Of Bullet | Magnus Carlsen Wins 4th Lichess Titled Arena in a Row
luW--mtTPtA I'm Back! || Carlsen vs Nakamura || New In Chess Classic Finals! (2021)
lubThC5bL70 Road to Candidates || Andreikin vs MVL || FIDE Grand Prix (2019)
lvXIv8YOXhY Finally, Respect! | Vidmar vs Capablanca | San Sebastian (1911)
lyEfRwkj3Yg Nakamura Beats 3 Super GM's With The Same Opening Trap | Your Next Move (Blitz) (2018)
lzat1_hLFGg Romance in Biel | Georgiadis vs Svidler | Biel Chess 2018
m3qRVL9WEPo Even Grandmasters Struggle With Principles || Vitiugov vs Bluebaum || FIDE Chess.com Grand Swiss
m561kOJ30po Caruana vs Kasparov || Even Not Making a Move Wins || C.S. Chess 9LX (2019)
m5c_HkBFAt4 So Many Snacks, So Little Time! | Jones vs Gukesh D | Isle of Man (2018)
m8QRviSW9gM Whatever it Takes! | Keymer vs Meier || Grenke Chess Classic (2019)
m8affZnmM3I Anish Gets a Piece of the Pie || Giri vs Carlsen || Chess24 Banter Series Final
mC8EIz06aPo Ian Goes Ultra Instinct || Nepo vs Nakamura || MCI (2021)
mDnukR0zWis 3000 Rating Performance!
mGyphN3aL7o Don't Watch This... Waaaaay Too Complicated... || Duda vs Carlsen || Charity Cup FINALS! (2022)
mHPojuNgryY Oh Capablanca! | Ivanchuk vs Adhiban || Capablanca Memorial (2019)
mHrikBMTVi0 Wrong Side of the Miniature || Nakamura vs Carlsen || Magnus Carlsen Grand Final (2020)
mJGfjaxAoxQ Yup. Perfectly Normal || Speelman vs Firouzja || FIDE World Team Championship (2019)
mNFEbYP8L1E Once a Genius... || Ivanchuk vs Nisipeanu || Tournament of Peace - Zagreb (2019)
mOJndfymKWk Something in The Air || Wesley So vs Anand || Tata Steel Masters (2020)
mOkNvNEZS4U I Can Only Show You The Door || Nakamura vs Carlsen || MC Invitational (2020)
mOqmLYlFdBo AlphaZero vs AlphaZero || THE PERFECT GAME
mPgXVZwgVRc Better Player is \
mT5SNRA3Vfw Nothing Can Hurt This Man! || Harrwitz vs Morphy (1858) Game 5
mV-qKzSInac Tal Baron Checkmates Magnus Carlsen with a Pawn!
mYOHjfmuZ1k The Bishop Pair Tutorial || Firouzja vs Harikrishna || Prague Chess Festival (2020)
mZ_EWAwZYmw The agadmator Podcast #1 || Maxime Vachier Lagrave
mZm3thcxN3w The Nevergreen Game
mZryg5ImMvk We Tried to Play Sharp Against Judit Polgar :)
maGMLVdZCzQ The Prison Break | AlphaZero's Master Escape as Black
mfofE64b0rE Never Go Aggressive against Rashid Nezhmetdinov
mgUDIBAuhTc Bobby Fischer Makes Quick Work of Paul Keres || 1959. Candidates
mhMMW02XV4Q Challenge Accepted! || Ding vs Radjabov || FIDE World Cup (2019)
mhupEQUHo2A Crime and Punishment - Bobby Fischer vs Boris Spassky 1972 - Game 11
miTGCFF0DWA So Close, Yet So Far |  Lagno vs Wenjun Ju | FIDE Women's World Championship 2018
mjKK8k-FJRg When Chess Masters Resign in Completely Winning Positions
mk3UiCeFRZ8 Snatching a Draw From The Jaws of Victory || Giri vs Carlsen || Chessable Masters (2020)
mpRYkiYwdNw Trolling Peter with 1. c3 || Carlsen vs Svidler || Steinitz Memorial (2020)
mqnnGMbGmd0 Kasparov Traps Caruana in his Mating Net
mrS3BGLY44U Revenge is a Dish Best Served in Wijk | Carlsen vs Rapport | Tata Steel Masters (2019)
mtOumUAJoxY Hello, Phillidor! || Nakamura vs Dubov || Lindores Abbey (2020)
mwequC3PAUM Daniil Dubov Leaves Tata Steel #shorts
mwgk3MxDLD4 Will Magnus Remain Champion?
mx4hsgoOBpY Awesome Suggestion by a Subscriber - Enjoy!
mxV5cOgyHho When The Strongest Move Just isn't Enough | Janovsky vs Capablanca || New York (1918)
mzvAR2N39P8 Storm of the Century | Tal vs Botvinnik 1960. | Game 6
n2ry_OD9Tdc Skype | Caruana vs Carlsen 2018. | Game 10
n2xAInGXK50 Blown Away by my Course || Giri vs So || MCI (2021)
n3STuH3EttM Levon Aronian vs Hikaru Nakamura! | Final Round of Gibraltar Chess Festival 2018.
n7CW2zvKafo Chess Principles? Nope!
n8Y3XGNkf6E Naroditsky's Immortal Queen || 98.8% Accuracy!!
n8ZzqHhGjtc Artificial Inteligence Leela Zero to Become as Strong as Alpha Zero? | Only if We Help!
n9FaoRu_We8 Simple Tactic to Beat The World Champion? || Harikrishna vs Carlsen || Chessable Masters (2020)
nAZ-ucQe88w I'll Just Throw in One More Check || MVL vs Maghsoodloo || Gibraltar Masters (2020)
nCwi_Pbb9Pk Garry Kasparov Strangles Fritz X3D - Man vs Machine 2003 - Game 3
nDjX2CbZ0UE Magnus Carlsen vs Wesley So || FINAL DAY of FTX Crypto Cup (2021)
nF9ArdBxrtM Go Big or Go Home || Morphy vs Anderssen (1858) || GAME 11
nGYke9C7VOs Hello, Old Friend
nJ21bBhhchM \
nLHK7tbmL0Q Qd6 Scandinavian! Is it Good? Part 1 || Stockfish vs Leela || TCEC Superfinal Season 17
nOLxweSGLDY \
nQbgmjQPsnE Danish Negreanu | 6 Time WSOP Braclet Winner Playing Chess
nT0Q_-jyBhE Bobby Fischer Scenario All Over | Kramnik vs Svidler | Candidates Tournament 2013. | Round 8
nWQS4pUtTe8 I Dare You to Sacrifice the Queen, Mr. Tal! 20k Subscribers Giveaway :)
nYcaLG5PYZs Now That is One Crazy Najdorf || Caruana vs MVL || Sinquefield Cup (2019)
nZtqIXMrdlQ Here I come! | Tal vs Botvinnik 1960. | Game 18
naZ_ElWrhhE Vidit Gujrathi Takes Down Captain America! | Gujrathi vs Shankland | Danzhou (2018)
ndLF8R-PleE In The Blink Of An Eye || Cheparinov vs Carlsen || Banter Blitz Cup (2020)
ndtwVUQ6ggQ Merry Christmas With a Wild Game from Ruslan Supermariov
neSGXbtCKFA It Takes 2 to Tango | Duda vs Grischuk | Speed Chess Championship (2018)
ne_su9-yIfI Most Important Question in Chess
ng8k_77zZKY 3000-ish Performance! | Carlsen vs Grischuk || Gashimov Memorial (2019)
ngTFSnUt8RE Too Strong a Move Even for 2800 | Carlsen vs Mamedyarov | Biel Chess 2018
nj3Uxfy-4Jc Hikaru Doesn't Care
njQnUph_Cbc Fool Me Twice, Shame on Me || Morphy vs Löwenthal (1858)
nkFGiv-2A2k Ukrainians Just Built Different || Brilliant Attacking Game by Korobov!
nmu4FE79y_8 Chess Respects No One
nqKGSl2CTXk \
nw71gGfwQQU Premoving \
nw7xxLGtW70 London Has... || Carlsen vs Ding || Magnus Carlsen Grand Final (2020)
nwX4Hb3kNfY MVL is Out of The Candidates Tournament 2018
nwyS9MrMOkM World has a New Big Vlad! || Artemiev vs Esipenko || European Championship (2019)
nxa4RCgamrw Pretending to Be A Pawn | Carlsen vs Amonatov | World Rapid Championship (2018)
nzzfx16723E Helpless Queens and Shattered Dreams | Mamedyarov vs Grischuk | Candidates Tournament 2018.
o0DGnff5s2Y Hikaru is the Guy You Send to Kill the Boogeyman #2
o14h5lSad-k Going All In | Aronian vs Caruana | Candidates Tournament 2018.
o1TwwCBVZUk Morphy is Like Superman - As Strong as He Needs to Be!
o6XRbHjlN_0 Armageddon | Ding vs So || Altibox Norway (2019)
o7Jt6ZwkE1s Wooden Shield Formation Failed! || Carlsen vs Nakamura || Lindores Abbey (2020)
oAwMuGEy0Js Homer Simpson Creates a Stunning Miniature
oBT4pl-PUVc Ivanchuk Makes a Mistake Najdorf Made 63 Years Ago | #gibchess 2018. | Round 6
oC6cMWY5OJs The Undisputed Opening Choice!
oEEEnwr5azI Alireza Firouzja Climbs to #6!
oE_S7IihBmY Aronian Crushes a 2700+ Grandmaster like it's Nothing
oF_b_sY056w Pawn Push is All it Takes! || Nepo vs Giri || Chessable Masters (2020)
oFcM4a4Kz8c Brilliancy That Never... || Carlsen vs Ding || Magnus Carlsen Grand Final (2020)
oG_2f6xQMeU Move that Will Haunt Taimanov Forever | Taimanov vs Fischer | (1971) | Game 3
oIMaTKOZG-8 Bether Than The Original || Harmon vs Borgov - Final Game || Netflix's Queen's Gambit
oJnDL2Zu-rM A Worthy Opponent! | Fischer vs Petrosian | (1971) | Game 3
oPicxHYxefQ Facing a Grandmaster - Always Trust Yourself
oSW93Ikf9po The Sneaky Checkmate Attempt | Mamedyarov vs Big Vlad | Candidates Tournament 2018.
oTAPKCHvTh8 Bravest Rook in Chess History - Steinitz's Immortal (Battle of Hastings) || Remake 60fps
oUo4eizg8pk Crazy Queen Sacrifice Against AI Leela Chess Zero
oVCuUr7MuXQ The \
oVb06B8uIQ0 Reporting a Murder || Kasparov vs Caruana || C.S. Chess 9LX (2019)
oWVLbd44jOo Strongest Piece in Chess || Duda vs Rapport || Tata Steel (2022)
oXSldT71NAE F*** You Factor | Svidler vs Carlsen | Chess24 5th Anniversary Celebration Match
oZ4nuod4jyc Knight Delivers Mate in 9!
o_TrLX2hnxY Hikaru Started Caring? || Nakamura vs Aronian || Fide Grand Prix Final (2022)
odVzq6aUrRU Thats' How You Play in Riga! || ᘊrić vs Shirov || Grand Swiss (2021)
oeZdUdWxj60 Battle For The Future Rages On! || Firouzja vs Carlsen || GAR (2021)
ogNLcn-y22Y Defeat is Better than a Draw! | Naranja vs Fischer | Palma de Mallorca Interzonal (1970)
ogXPl26ZcpI agadmator's 100000 Subscribers Stream - lichess.org
oiJE_DXl4kA Challenger? Or Champion?? || Capablanca vs Lasker || WCC Game 1 (1921)
ojV_ndBJIrE Still Not Enough! || Aronian vs Dubov || World Blitz Championship (2021)
om_ZHnEchW4 This Game Is Super Hot! || Nepo vs Carlsen || AirThings Masters Finals (2022)
ooebTJ9a5ok No Draw! We Play! || Ding vs Carlsen || MC Invitational (2020)
op-nfTHT_Y8 Raja Means King! || Rajabov vs Aronian || Airthings Masters (2020)
opERN7rT044 Puzzle Rush! || Carlsen vs Aronian || GCT Tata Steel Blitz (2019)
oqEhtLK0aK0 lichess Team Battle - Join us for some fun and games - lichess.org
ow15WrZ_T9Y Magnus Carlsen Shows Ding Liren who's Boss
oxS_3JrutKk Carlsen’s Finnish Nightmare
oyKZhzriu_U The Curse of Giri  | Ding Liren vs Grischuk | Candidates Tournament 2018.
oyThZAu83qI Welcome to \
oyWW_A-CDTY Don't Watch This... Too Complicated... || Caruana vs Duda || Tata Steel Masters (2020)
p-xa0SkpIiA Chess Brings People Together! | agadmator's Subscribers Video 2018.
p17kCSkWJ3w It's About the Journey || Ding vs Giri || Sinquefield Cup (2019)
p1P91PnzMwk This One's For Carlsen! | Ivanchuk vs Kramnik | Candidates Tournament 2013. | Round 14
p393G67bfNM How is This Possible? | AlphaZero Shows Us the Way
p3dm1yscM1c The Milwaukee Ball Game | Fischer vs Spassky | (1972) | Game 18
p3iNXmt9Bik He Does it Again!
p3mkk-H3JRY Who Cares About The Position! || Ivanchuk vs Carlsen || Chess24 Legends of Chess (2020)
p4Td-zbT05E Zero Respect || Morphy vs Paulsen (1857) || 1st American Chess Congress
p63vSgf4crI Bobby Fischer Wins US Championship with 11/11
p6We-irrbpM Ok, I'll Allow That || Caruana vs Alekseenko || FIDE Candidates (2020)
p7rznZmIXI0 Nezhmetdinov VS Tal - This Game is Magical
p9Cw_t1MXKY The Nightmare... is... Over?? || Carlsen vs Aronian || Opera (2021)
p9G7V4qV13c What Would YOU do Here? || MVL vs Caruana || Croatia Grand Chess Tour (2019)
p9mJKkX82SQ Magnus Carlsen Pranks Jan Gustafsson by Playing on His Friend's Account
pE_3AJy6DT0 Such Elegance | Caruana vs Carlsen 2018. | Game 2 RAPID
pGzoUh-pUO8 Secret Weapon || Caruana vs Wang Hao || FIDE Chess.com Nations Cup (2020)
pIre4MB6pVw Gives Me Great Pleasure to Show You This || Barnes vs Morphy (1858)
pJG9cuH9MMc Praggnanandhaa is One Game Away from Creating History!
pJooF1ABmDo The Final Boss || Aronian vs Carlsen || FIDE Chess.com Grand Swiss
pNqJla-p7SQ End of the Road, But for Who? || MVL vs Nepo || FIDE Grand Prix (2019)
pRKYcQL2HE0 Nobody Grinds Like The World Champion! | Carlsen vs Nakamura | Sinquefield Cup (2018)
pTGhZPaex8Y Sesse Who? || Kovalev vs Carlsen || FIDE Chess.com Grand Swiss
pViRuIVwZ08 You Only Get One Chance! | Capablanca vs David Janowski | San Sebastian (1911)
pWhR085ZxOI Gloves are Off || Carlsen vs So || GAR (2021)
pXIfznW1daA Story Of A Lonely Knight
pYC1X42OdwI Praggnanandhaa vs Carlsen !! || Can He Do it Again?
pZOVL-u45hY Monster Wall || Jumabayev vs Karjakin || FIDE World Team Championship (2019)
pZQuY7ITpD4 Unimaginable || Paulsen vs Morphy (1857) || 1st American Chess Congress
pcFAamrviq0 Rise of the Colossus
pcdpgn9OINs Deep Mind AI Alpha Zero Dismantles Stockfish's French Defense
pcuCAHn8VWI Nimzos Just Getting Destroyed || Praggu vs Esipenko || Tata Steel (2022)
pefcbt4LJ-s Operation Blade || Caruana vs Carlsen || St. Louis Rapid & Blitz GCT (2019)
peii70HZjWs The Impossible Checkmate!? | Tal vs Botvinnik 1960. | Game 16
peyW-jGXIOI Outclassed! - Legendary Streak Continues | Fischer vs Larsen | (1971) | Game 1
pfPhYmPD0B4 Faster Than Sesse || Caruana vs Carlsen || World Fischer Random Chess Championship (2019)
pongZXpUTlg It's 2021 and This Pawn is Still Poisoned || Grandelius vs MVL || Tata Steel (2021)
ppEABTjd9PY The Tal Move || Donchenko vs Firouzja || Tata Steel (2021)
ppucjZl69WI Grandmaster Loses in 7 Moves! | Candelario vs Rizouk | Batumi Chess Olympiad (2018)
pq0fzKRKk74 Nakamura Tries To Checkmate Anand With His King :)
pqOXgKvaBxU A Turning Point or... || Löwenthal vs Morphy (1858)
pqQAZivrxtI The Madness Begins! || Radjabov VS Ding || FIDE World Cup (2019) - GAME 1 Rapid
pqmX7tsfh70 The Wounded Champion || Lasker vs Capablanca || WCC Game 6 (1921)
pqpia9JlM5A At Least, This Game, Paul Keres Was Not Unlucky | Keres vs Spassky | Interzonal 1955
prKNMrj8vA0 When Result is More Important Than The Game
psbzXC-wspk Creating, Not Just Playing || Duda vs Dubov || Fide Grand Prix (2019)
puDyCVcqYWU It Finally Paid Off! | Fier vs Vidal | Batumi Chess Olympiad (2018)
pw2ewGSOdxw Kryptonite || Ding vs Carlsen || GCT Tata Steel Blitz (2019)
pyM5MImsJVk agadmator Best Moments - EPISODE 1
q5rvOXui70Q Magnus: “Horror. When You Are There You Feel Pure Horror”
q8r2eRB5ck8 Magnus isn't the Only Carlsen that Plays Chess
qAPqm6Zlkck Just Good Chess || Van Foreest vs David Anton || Tata Steel (2021)
qAXiKjNoU3o Will He Do It??? || Carlsen vs Giri || MC Invitational (2020)
qE8PutAft9c Neural Net AI Leela Zero Shows Imagination
qECuyDwDF3I Aronian Crushes So! Wesley can Not catch a Break
qFEnHss5QCg Checkmate in the Middle... || Ding vs Carlsen || Magnus Carlsen Grand Final (2020)
qJCXGjyOalQ agadmator Best Moments - EPISODE 3
qJGyONTZOS8 The Knight before a Deadly Shak Attack
qKAX1N3qh2I Curse of The Evans || So vs Carlsen || MCI (2021)
qLOmniU3vPk Happy Halloween with a Scary Halloween Gambit Game
qLv5etk5TjQ When You Absolutely Have to Win
qMdFfvVt3X8 Welcome To Croatia! || Anand vs ᘊrić || GCT Zagreb (2021)
qO0xH2khBrI RealizE This Simple Concept and Never Worry Again!
qQ5g2b-mQ7I This is NOT the Evans Gambit!
qQMZ18TPKxY Who Surprised Who Here??? || Karjakin vs Anand || Gashimov Memorial (2019)
qQgGvELyhDw He is 58 But Attacks Like Tal
qViSW8R-mmE Annie Wang Earned 218 Rating Points for Winning the U16 World Championship
qVtoYb7wWyA Bobby Fischer vs Boris Spassky | World Chess Championship 1972. | Game 6
qY05wg3ooqI That Awkward Moment When Your Wife Plays 1.f4 Against You & Crushes You in 23 Moves!
qYC6GUSovqI Wesley Needs Your Help With This One
qYl2F7EnP1s Jinxed a Little! || Shankland vs Karjakin || Tata Steel (2022)
qZ8LsZ2lhVg Capablanca Saga || The Conclusion!
q_6Zl1jNWYQ Magnus Carlsen's Improved Bong Cloud
qbxEj4oovqQ WTF Guys, Principles? | Caruana vs Carlsen || Norway Chess (2019)
qdDUU_LMuf0 A Surprise on Move 1! || Firouzja vs Ding || MC Invitational (2020)
qdcVpEt2BWk Streamers Battle part 1 - Lichess.org
qdoz89fMsLQ Too Complicated for Blitz | Your Next Move (Blitz) (2018)
qggefYM5T5Q Tal Treats Petrosian to A Night at the Opera
qglPRvHysRc 30...Rh6! Is This Chess or Poker??? || Nepo vs Caruana || World Fischer Random Championship (2019)
qjqKljxYtdU Spassky vs Fischer - King's Gambit! (First Game They Ever Played)
qlAYdHDIPBE Yes, Let's Allow That || MVL vs Caruana || FIDE Candidates (2020)
qleVGNlyb_s Magnus Carlsen: \
qnSU5dytbPI Time is of The Essence! || Nakamura vs Carlsen || MC Invitational (2020)
qnStY119D9k It Took Magnus 14 Years to Finally Beat Nepo!
qph0fbYp7_Q agadmator's CakeDeFi Christmas Arena - Lichess.org
qretOcossQM Rainbow Room Bro Smashing | Carlsen vs Brancato (New York)
qrnuiTGHNlU This Happens To All of Us || Morphy vs Löwenthal (1858)
qsA5Eo8A5xs Classical BLITZ Masterpiece! || Carlsen vs Ding || GCT Tata Steel Blitz (2019)
quoFYkE-4CU When a Natural Move isn't So Natural || Nakamura vs Aronian || Lindores Abbey (2020)
qx-t3XDUTcE Today is All About the Horses || Ding vs MVL || Candidates (202X)
qxi3YQR6Xzk Thank You For 400000 Subscribers! || A Nice Tal Game + Giveaway!
qyA1Pd4euO8 All The Time In The World Is Not Enough
r-xTunK0WcY The Immortal Pawns Game - 17 Consecutive Pawn Moves by White
r5lqnRLNPa4 Morphyesque || Najer vs Anand || FIDE Chess.com Grand Swiss
r84OmZqviqo Silent, Yet Deadly - Fear The Najdorf!
rB4q0nUXUbQ Never Play f6! | Caruana vs Karjakin | Sinquefield Cup (2018)
rBYxpRmxwCw Casual Game Against my Nephew (Recorded by my Other Nephew that invented the chair spin)
rExUzubMmBU Like a Surgeon!
rGSQ_WknuZY When Anish Plays For The Crowd!
rIg_pISlMu8 What a Gentleman || Carlsen vs Shirov || FIDE Chess.com Grand Swiss
rKe20hAcDGU How is This Possible? || Esipenko vs Nepo || AirThings Masters (2022)
rLITd9fcS88 The Endgame Has No Gods || Carlsen vs Duda || FINAL GAME || FIDE World Cup (2021)
rLKgzfP17wE World Champion vs Women's World Champion!
rN3iNNv4f50 Does Nepo Stand a Chance Against Magnus?
rP3I91LdWlE penguin vs drunkenstein | World Rapid Championship (2018)
rPUPvigzek4 Praggnanandhaa is BOSS
rQ8EE3u2yRo When You Find the TOP ENGINE MOVE unassisted :)
rQCotrdadGI This Is Better Than Netflix
rTae7g9p8e8 Brilliant Execution! || Vidit vs Dubov || Berlin FIDE Grand Prix (2022)
rU74r2JATbA Ivanchuk Does the Impossible! Can he Win the World Cup?
rUYgvwc7loA They Shoot Horses, Don't They? || Aronian vs Carlsen || Aimchess (2021)
rUlG6qdB6OE International Chess Day Bullet vs Subscribers
rUwe1d6YFzM Bullet Played to PERFECTION! || Nakamura VS MVL || Speed Chess Championship Finals (2020)
rWTZXpposcY Cruel Cruel Armageddon
rbwGn1dPWYA Everyone Should Know This Game By Heart!
rc57xiKQal8 Anand spends 1:43 mins on 4th Move in Blitz and Wins!
redeb_uWLqI First Rule of Fight Club
reoAqOLDvxs Complete Madness On The Board | Aronian vs Ding Liren | Candidates Tournament 2018.
rg4xlN7kBME Just When You Thought You Were Safe || Morphy vs Boden (1858)
rgVNaT13pos A Juicy Pawn? What Could Possibly Go Wrong? || Duda vs Grischuk || Fide Grand Prix (2019)
rgaCu9LKMhU Carlsen and Caruana Like 2 Engines - London Chess Classic Kicks Off
rhCD6b3jC4w Awesome Game! || Grandelius vs Naiditsch || FIDE World Team Championship (2019)
rhI4DKGSjtk Stockfish's Immortal | | Fish vs Leela | TCEC Season 14 Superfinal | Game 66
rizjJ6uYFTE Aronian Plays g4 and All Hell Breaks Loose | #gibchess 2018. | Round 7
rjFik7BGN30 Absolute Thriller! || Praggnanandhaa vs Carlsen || Tata Steel (2022)
rjsASOZi_ao Magnus Plays the Botez Gambit xd
rk03dyTzz20 World Champ Sacs the Queen to Start the Festival! | Carlsen vs Navara | Biel Chess 2018
rkuRor-fFM0 Game of Endless Possibilities || Carlsen vs MVL || Grand Chess Tour Finals (2019) | TB
rn8l_WnEcBg Most Unexpected Turn of Events | Tal vs Botvinnik 1960. | Game 7
rpdtWgMGlBs A Wanderer isn't Always Lost || Morphy vs Paulsen (1857) || 1st American Chess Congress
rqclKk4E248 And it's Only Move 11 || Duda vs Carlsen || Lindores Abbey (2020)
rtXWADL3k98 Full Barbarian MODE vs Magnus Carlsen!
rtahGEcfoIk Go for the Jugular! || Carlsen vs Caruana || CCI (2020)
ruQjs0eoQbQ We Can Never See Past The Choices We Don't Understand
rwl7REsbu8A Wishy Anand a Happy Birthday | Enjoy his Crazy Miniature vs Ivanchuk
rxNI0AYkb_w Never Play Passive, if Passive is not Your Style
rzeqol2cSAo First American Chess Congress! || Morphy vs Thompson || Game 1 (1857)
rzl7PjJqveg The Fall of Leningrad | Tal vs Botvinnik 1960. | Game 19
rzoczdYJjKc Rajabov and agadmator vs Jozarov || Stream Highlights
s26e107sBI8 SO, What's on the Menu? || Carlsen vs Wesley So || Skilling Open Knockout (2020)
s4FH2RU5xQg A Deadly Dare to Give a Guy Like Tal || Tal vs Olafsson || 1959. Candidates
sEBRH9OXCJM Magnus Carlsen Wins Because His Name is Magnus Carlsen? | WRC | Round 7
sH2Y4QAtIwg The One Above All | Ivanchuk Faces a Deadly Opponent
sHO4OmA1W4Y Mouse Slip in 1858 || Morphy vs Löwenthal
sHti3A_UR3g 12 Wins in a ROW To Win Iranian Championship!
sKSY73_vZYc Who Dares Summon Me?! | Speed Demon Hikaru Conquers St. Louis
sLbD8eNa8oE Magnus Carlsen Crushes Ding Liren like Fischer Crushed the Candidates
sO1N6hiB2uE Showing His True Power || Caruana vs Dubov || || Tata Steel Masters (2020)
sO8fmPQ_WJg Children with Candy | Spassky vs Fischer | (1972) | Game 13
sOIgMfB2Dv8 Magnus Carlsen Sticks his Tongue out and Laughs as he Tricks Grischuk
sOubwuSgRIw Mate in 8, But Really it's Instant  || Barnes vs Morphy (1858)
sS-3Ezex72E Nakamura Defeats Karjakin in Chess.com Speed Chess Championship
sSKsermyonU Can A Human Defend This? | Kramnik vs Ivanchuk | Candidates Tournament 2013. | Round 6
sUByA2qYdxU A Knightmare for Caruana
sUfNxARK_2s I don't Always Sacrifice my Queen, but When I do, I do it Twice
sVAV79_DsE0 Where Are ALL MY PAWNS??? || The Eight Pawns Gambit
sVy2YoJO_AI A Case of Double Blindness || Firouzja vs Caruana || Tata Steel (2021)
sX2DYN84kPU Chess 101 - Never Trust Your Opponent!
sdcwy8US0DY You Play Everything Logically, but You Can't Defend Your King
se9anuvDyoo Thrill Of The Hunt | Aronian vs Anand | Your Next Move (Blitz) (2018)
she3VmuIa_0 Birthday Present Like No Other || Kramnik vs Ivanchuk 1995!
siIOk9kgfmo Epic Moment in Chess History | Giri Offers a Draw - Matlakov Declines
siONtR1aoFc No One Ever Defeated a Grandmaster Quite Like This
sjjPaL_PxSU A Disgusting Engine Line Lurks Hidden || Morphy vs Boden (1858)
sjrN-KZook8 When Absolutely Everything Goes Wrong || Firouzja vs Nakamura || MC Invitational (2020)
slLUZVqRuOY 4 Year Old Chess Prodigy Misha vs 95 Year Old GM Yuri Averbakh
sooEw27kr4Q Story of How I Won $30 Playing Chess
spfytrADjHk Strange Doctor | Tarrasch vs Capablanca | St. Petersburg (1914)
spj5to6PgLI First Official World Fischer Random Champion!!! || Wesley So vs Carlsen || GAME 6
sry2d8r8L-I The Oldest Trick in The Book
st7B6dOnEnU If You Want it, You're Gonna Fight for It!
stFsHpjDTwY Best Female chess player Crushes Vishy Anand
sxLNIfv5A6Y Magnus Carlsen's worst Defeat
t0QxRXbNu5E Tal Creates Absolute Madness on the Board!
t0nKhZKI9-Q Caissa Is Not Happy | Grischuk vs Carlsen | Candidates Tournament 2013. | Round 11
t2ts2lxenZs Careful What You Wish For! || Alekseenko vs Grischuk || Candidates (202X)
t9-EANQQhmY Rook and Bishop vs Rook || Show Your Friends ATBATL!
tBIbpW70nKA Vishy, Vince and Najdorf | Anand vs Keymer || Grenke Chess Classic (2019)
tDT7t1KAYsg Dance of the Knights || A-Major Upset || Capablanca vs Sergei Prokofiev
tEIYf4J6vA8 When Two Sicilian Experts Meet | Fischer vs Polugaevsky | Palma de Mallorca Interzonal (1970)
tKT2HUT8RiQ Lack of Cojones || Trent vs Carlsen ft. Norwegian Defense
tKXO3Oez__s That's Just Too Much!
tMYsXkKfFfE Forced Checkmate in 26 Moves? | Tata Steel 2018. | Round 12
tNnPsVW5Eus No One is Immune to Back Rank Issues || Nakamura vs Carlsen || Lindores Abbey (2020)
tNsdtGug10Q Incredible Blunder by Mr. Morphy! || Anderssen vs Morphy (1858) || GAME 8
tSmkjDER26g Larsen's Brilliant Attack proves Deadly after a Draw is Refused
tVTYutECdlc Magnus Who? || Carlsen vs Abdusattorov || World Blitz Championship (2019)
tVnX42umatA Bill Gates vs Magnus Carlsen CHESS GAME
tWRwIFqFfek Activity Above All! | Ivanchuk vs Carlsen | Candidates Tournament 2013. | Round 5
tWeBj0cj9hM Another Quick Kill by Alexander Morozevich
tXSD5rXuUkI Are You Ready??? || Carlsen vs Giri || MC Invitational (2020)
t_lIUdy8p3A World Champion Lost in 7 Moves? || Carlsen vs Nepo || MC Invitational (2020)
taYw-qdPxvo Kasparov's Shortest Game
tbMijp8nMYA Kasparov vs Carlsen!!!
tcC2a23WPMo Someone Say Caveman Chess?
tdC7os0aP2o Chess Brings People Together! | agadmator's Subscribers Video 2020.
teJn5yic438 Nice Horsey! || Giri vs Hao || Candidates (202X)
tes583TB7q4 Blunder For The Win! | Caruana vs Mamedyarov  | Your Next Move (Rapid) (2018)
tgdfzjGIG7o Grünfeld Tutorial - Part 4 || Nepo vs MVL || FIDE Grand Prix (2019)
the6Qszd4Oc Crush a Grandmaster With The \
tk5KW9FOFuo I Sold My Channel to Chess.com for $1000000
tlMFQPUPGDY You Should've Gone For The Head | Caruana vs Nakamura | London Chess Classic 2018
tn5DoRJ2CaM Spassky's Stolen Chair! | Spassky vs Fischer | (1972) | Game 7
tnpOuE3V-kQ Greatest Queen Sacrifice Repeated in 2019... Again!!! || Meet Indian Tal
tohxooPCML8 I Don't Know How Much Longer I Can Hold This
tt5WJW885nQ Gelfand's Immortal Bishop  | Gelfand vs Aronian | Candidates Tournament 2013. | Round 9
ttnoiClKEUo Someone is Hunting the Candidates || MVL vs Deac || Superbet Chess Classic (2021)
tuSGeB18u7Q There is Only One Ivanchuk
tvMftUQJl5Q Bobby Fischer Lost 2 Bets Trying to Solve this Puzzle (Mate in 3)
twOu0LYhEI8 Croatia Beats England 2-1 in World Cup | Next Up, The French Defense
twbmkfJj8b8 The Russian Brawl | Grischuk vs Kramnik | Candidates Tournament 2018.
txrznoBFnjM Magician and the Machine | Capablanca vs Spielmann | San Sebastian (1911)
tznRp7gQWy4 BoxBox vs Forsen! || \
tzyrm-v4zYk Russian Immigrant Minister Beats World Chess Champion (Original Title)
u-3pmCO1KVQ Can't Spell Chess Without Hess || Adly vs Hess || FIDE Chess.com Grand Swiss
u0e7xzxz9dI Brilliant Miniature by World Championship Challenger Fabiano Caruana
u14_UP1R3M4 Capablanca-like Brilliancy in Croatian Championship
u1o1eL7JFrc 2 Losses in One Event? || Magnus Carlsen vs Levon Aronian || Altibox Norway Chess (2020)
u2FteoS9LqQ Passed Pawn Is a Criminal  | Caruana vs Ding Liren | Candidates Tournament 2018.
u5-Xd1cIW9Q A Pawn is All I Need | Leonhardt vs Capablanca | San Sebastian (1911)
u5PfkGd57wg Man vs Machine |  Karjakin vs Aronian | Candidates Tournament 2018.
u5qUUgWKNV8 Nepo Requested I Show This Game!
u6jjBZ8iHKM Bad Moves are Sometimes Good || Dubov vs Nepo || MCI (2021)
u8hhBzi50Ig The Will To Win | Geller vs Fischer | Palma de Mallorca Interzonal (1970)
u9_aQyHdfdk Forced. Mate. in. 10!
uAstyhZQEp0 Excellent Game to Improve Your Day | Petrosian vs Martirosyan | Aeroflot (2019)
uBxrB_9FaFQ Garry Kasparov vs Hikaru Nakamura! || Champions Showdown: Chess9LX (2020)
uDKDkUW2dkU Queens Are Overrated! || Esipenko vs Hansen || AirThings Masters (2022)
uDi6s89ooak Garry Kasparov's Immortal Game
uFJ3WGFiUrw Capa's Endgame Lesson || Janowski vs Capablanca ||  Rice Memorial (1916)
uHTqLVo58UE Magnus Doesn't Play For Money! | Carlsen vs Potkin | ECCC (2018)
uIjeTCsXM1c What A Bloodbath! - This is Kashdan's Immortal
uJUgWKflM8Q O Karpov! My Karpov! | 1...a6! - A True Challenge For The World Champion
uLqrsTPHPC8 Most Beautiful Part of A Chess Game...
uM0jfgY8VcI No Such Thing As A Free Pawn | Karjakin vs MVL | Norway Championship 2018 | Round 4
uM7MpevxQjQ NEVER GIVE UP! || Nakamura vs MVL || Skilling Open Knockout (2020)
uNEMsF4C2rs Battle for The Future Begins Now!
uNgS3PqqHww Sherlock Holmes vs Professor James Moriarty - A Game of Shadows
uP_1eA_BOok In Memory of Wolfgang Uhlmann || Fischer vs Uhlmann (1960)
uSR-KasWNjY Leela Takes the Lead! | TCEC Season 14 Superfinal
uTkywASmD80 Battle of Prodigies | Praggnanandhaa vs Firouzja | Youth Chess Olympiad 2017
uV7KQpdkiMY New Poison in the Marshall Attack! || Carlsen vs Ding || GCT Tata Steel Rapid (2019)
uYOES3zZDu0 World Chess Champion Misses Mate in 1
u_R8KmdFFlY NANIIIIIII?!?!!!! || Giri vs Nepo || MCI (2021) Finals!
uaCdidd0SW4 If it Looks Too Good To Be True... || Rapport vs Praggnanandhaa || Tata Steel (2022)
ubKm_a4cXOA Brilliant Checkmate by 14-year Old Magnus Carlsen
ubWLkxXxhu0 The Plot Thickens || Giri vs Xiong || FIDE World Cup (2019)
ubtO9iyNZ0o Alekhine the Executioner - The Famous Bishop Check!
ue7UEbb8_ug Bobby Fischer Refuses to play the Candidates for the World Championship!
ugHGotF7tR0 Greatest Queen Sacrifice of 2021!
uhCaBobnW4k Checking Up on Chucky || Bogner vs Ivanchuk || European Team Championship (2019)
uhIfc8s8jfc When You Refuse A Draw Offer From a SuperGM
ui8U5tOgvYA SuRprise of The Tournament! || Erigaisi vs Aronian || GAR (2021)
ujKIkntEjcA Fabi Summons His Inner Tal | Caruana vs Akobian | US Championship 2018.
ujN6WCPFHAQ Battle For Everything! || Caruana vs Firouzja || Fide Grand Swiss (2021)
ukEK0D09B-4 SO MUCH DRAMAAAAAA (58 is not 60!) || ARMAGEDDON || Giri vs Van Foreest || Tata Steel (2021)
ukoIKfO1MqQ Have a Great 2022!
umPzpj-fGlM Immortal Hikaru Strikes Again! || Nakamura vs Carlsen || FTX cc (2021)
unVXNiiBogw If You're Gonna Lose, Do it with Style! | Svidler vs Andreikin | World Rapid Championship (2018)
uqJy6sLUBL0 Global Swarming || MVL vs Mamedyarov || Riga FIDE Grand Prix Armageddon (2019)
uqzxnz6d7JM Most Beautiful Chess Game Ever Played - \
urqNIMGMCK0 Favorite Player from the Past || Nakamura vs Carlsen || GCT Cote d’Ivoire (2019)
usoOaTGvAI4 Like Telling a Story || Ding vs Aronian || Grand Chess Tour Finals (2019) | R
uu1yAWz4Mj4 Capablanca is Sad His Opponent Didn't Play the Best Moves || Rice Memorial (1916)
uxJJzGCkNMQ Cool Guys Don't Look at Explosions || Carlsen vs Artemiev || AirThings Masters (2022)
uxYwBzu4a6c Using the Entire Board || Lichtenhein vs Morphy (1857) || 1st American Chess Congress
uxq4EGALn5Y Unbelievable | Praggnanandhaa Misses a WIN on Move 8!
uyCYGur-TPM \
uzUCm8n9hPU I Spy With My Little Eye | Onischuk vs Shankland | US Championship 2018.
v-JAeVJa5Qk Or ARE THEY? || Nepo vs Carlsen || Chess24 Legends of Chess (2020)
v-wKEmLRekc Before Beth Harmon, There Was Vera Menchik!
v2w-iUjZ-ug Big Disappointment, Big Save || Carlsen vs Nakamura || Magnus Carlsen Grand Final (2020)
v6QTZRy_95g Queen Sac For The Ages
v6Xcn81vkHo The Grind, The Endless Grind || Carlsen vs Nakamura || MC Invitational (2020)
v7hc715hvVg Marshall Saved his Famous Weapon for 8 Years Before Using it Against Capablanca
v8RN8n4gDEA Battle For The Future Continues! || Firouzja vs Carlsen || BanterBlitZ Cup FINALS
v9dQAqb7Vpg \
vAEVvXQMoFQ Dr. Jekyll, Mr. Hyde - Fabi Wakes Up | Karjakin vs Caruana  | Your Next Move (Rapid) (2018)
vBIt_IB5f84 The \
vE2Lk148_H4 King Ding | Shankland vs Liren Ding | Tata Steel Masters (2019)
vEi_yuNMibc 12. exf6!!! || Nisipeanu vs Nakamura || FIDE World Cup (2019)
vF6TZfFE1eY Qxb8!!!
vHzU8MXDGbc No Opening Like The French! || Nakamura vs Nepo || MC Invitational (2020)
vJ3JqtFpbb4 End of an Era? || Capablanca vs Lasker || WCC Game 5 (1921)
vJJbOtDSZHc How To Crush Nakamura with the Black Pieces? 12-Year Old Alexander Shows us The Way
vO8wfOuiGOE Najdorf Would Be Proud | Carlsen vs Svidler | Biel Chess 2018
vOw04ZIHgr8 Morphy Burst Out Laughing At Himself For This Move
vP2J4WNN4Qg The Christmas Special | AlphaZero vs Stockfish
vQRvWxiW_M8 The Tiger Is Full | Anand is 2017 World Rapid Champion! And This Game is a Bloodbath
vQpBxStX-N8 I'm Sorry, Little One | Carlsen vs Karjakin | Sinquefield Cup (2018)
vQqbDUVTkx0 Facing The Speed Demon || Nakamura vs Firouzja || World Blitz Championship (2019)
vU-fzwDFeRE It All Comes Down to King and Pawn!
vWMJmxQnXpg In The Vortex Of Turbulence || Morphy vs Preti || (1858) Paris
vWU16I1Mors Mailman Always Captures Twice! || Aronian vs Carlsen || MCI (2021)
vWnynW3vA0c Vassily Ivanchuk Unable to Tame the Armenian Lion
vYxbAoVtAE4 Attack and Defend! | Capablanca vs Marshall | St. Petersburg (1914)
v_Mff0JqjEM Perfect Endgame Technique Doesn't Exi....
vaJ2wj3azyw You Will Not Believe This Game  || ᘊrić vs Suleymanli || European Club Cup (2019)
vaRJKw0-gpc agadmator CakeDeFi Arena - Lichess.org
vbvm56ZOWdc Legendary Mr. Barnes || Morphy vs Barnes (1858)
vdnkVzt8A2s Operation Candidates!
vdsw1f3rs2M One Journey Ends, Another Begins! || Duda vs Vidit || Fide World Cup (2021)
vhJRebuRhEs This Game Is a Legend in Itself || Anand vs Kramnik || Chess24 Legends of Chess (2020)
vi-od08C-Xc When Even Brilliant... || Ding vs Carlsen || Magnus Carlsen Grand Final (2020)
vjHlSvVaweU The Perfect Game | Svidler vs Radjabov | Candidates Tournament 2013. | Round 3
vkDe0lGz44w The Engine Mistake? | Bluebaum vs Anand | Grenke Chess Classic 2018.
vkvhtfY3eeU What Comes After a Drawing Streak? | Carlsen vs Mamedyarov | Tata Steel Masters (2019)
vn14ZEFvFMo One Of Magnus Carlsen's Worst Blunders
vnWgdOz-_sI Nezhmetdinov shows why they call him \
vncWmDwthOc Not Your Everyday Kinghunt || Cori vs Firouzja || PRO Chess League (2020)
vpC7i0JdtSk Most Amazing Attacking Game - Grischuk vs MVL on Chess.com
vqKRGZiO4_c Did 8 Year Old Sammy Really Beat All Those Men?
vrFa4B0Ghjk The agadmator Podcast #2 || Hikaru Nakamura
vt-XGRb30hM When The King Joins the Party || Nepo vs Anand || Chess24 Legends of Chess (2020)
vubfWRqIhoM What's The Idea Here? Undeveloped Pieces Allow for Some Dirty Tactics!
vx2p45gn3as Sometimes You Just Have To Relax
vzKh8i6lOo8 It's nice to Beat Bareev while Sitting at Home, Drinking a Cup of Coffee
vztVylqnBSo White Sacrifices ALL of his Pieces! The Immortal Sacrifice Game
w-Wje5d-E48 Oldest Grandmaster in The World Turns 100!
w0efZdnPnHQ agadmator's CakeDeFi Christmas Arena - Lichess.org
w0pqE-_WN0M Anish Giri's 25 move Brilliancy Against Morozevich
w1CjNxsn9Qg The Ultimate Chess Weapon!
w2BWmSBog_0 Neural Net AI Leela Zero Blunders Her Queen | Rated 3233!!!
w2EIWwsFIhc A Spot at the Candidates! || Hao Wang vs Howell || FIDE Chess.com Grand Swiss
w4mo8ZcMUXU Simple, Elegant, Beautiful || Carlsen vs Wesley So || Sinquefield Cup (2019)
w7wfJ0A9lNI This is What Perfection Looks Like ( ͡° ͜ʖ ͡°)
w8tfRKXbXes Don't Make Your Life Miserable (Like Me) -  Know Your Openings!
wEm8Kth5Itc Deadly Stare, Deadly Game || Ju Wenjun vs Carissa Yip || Cairns Cup (2020)
wEuFFFWHZLQ To Create Chances, One Must Also Give Chances | Carlsen vs Caruana | Tal Memorial (2013)
wHslUMwifOM Spectacular Checkmates Still Happpen!
wIc27g8I_74 The Great Dane! | Fischer vs Larsen | Palma de Mallorca Interzonal (1970)
wLVfaHvIJI4 Unstoppable! | Capablanca vs Janowski | St. Petersburg (1914)
wLY8_4GtvL8 Leela Chess Zero vs Stockfish! | TCEC Season 14 Superfinal
wM1P_KBpJLs Who Needs a Queen? | Praggu vs Eljanov | Isle of Man (2018)
wM5EoFaX8h8 Infinite Possibilities || Nakamura vs Dubov || Lindores Abbey (2020)
wMIxQBAEvpk Fortune Favors The... | Carlsen vs Wesley So || Altibox Norway Blitz (2019)
wPVB2aRYZZs No More Horsing Around || Karjakin vs Carlsen || St. Louis Rapid & Blitz GCT (2019)
wPVeJfPLtME Spassky's Immortal - \
wQhAwWMj1IU With Great Power Comes Great Responsibility! || Svidler vs Dubov || Fide Grand Prix (2019)
wRJVCbpLp1o Insane Preparation | Carlsen vs MVL | Grenke Chess Classic 2018.
wSUyJKT44lg Star of The Show | Carlsen vs Gelfand | Candidates Tournament 2013. | Round 10
wSmo3zuqP4c Can Vassily Ivanchuk Defend His World Rapid Champion Title?
wVnWBNioAbU agadmator Friday Arena + Hand & Brain With Jan - lichess.org
wXRKDyRqstY He Who Lives By The Sword, Dies By The Sword | WRC2017 | Round 10
wXq8pm-fLWc Bobby Fischer Crushed in a Simul (25 moves)
wbAIfZjpgmA What Actually Happened Today? || Vidit vs Nepo || FIDE Online Olympiad (2020)
wbt81FFerP0 Are You Human or Engine? || Duda vs Grandelius || Tata Steel (2021)
wetYwGCVodQ One Vlad Retires, Another Rises! | Yangyi Yu vs Artemiev | Gibraltar Masters (2019)
wixNx3slT6E Just a Nezhmetdinov Game to Brighten Your Day :) | Part 2
wlPl__FzaTI You Can Now become a MEMBER of agadmator's Chess Channel
wnoMqGVvLpw Heavy is The Head that Wears the Crown
wnxtW-juKrY Monster and His Knight || Carlsen vs Tari || Altibox Norway Chess (2020)
wpOZdmGVkrk Breaking News!!! Teymur Rajabov Withdraws from the Candidates Tournament
wqWD3HSw7T0 Sorry Capablanca, this is Modern Chess | Tal vs Botvinnik 1960. | Game 2
wscam-VkwiY A Lesson in Rook Lifts || Morphy vs Löwenthal (1858)
wuCEXPMpTRY We Never See The Good Stuff! || Wesley vs Amin || FIDE Grand Prix (2022)
wucPzhM0WdM Mikhail Tal Slays The Sicilian Dragon (18 move miniature!)
wui0YweevtY Bishop Pair from Hell | Artificial Beauty of AlphaZero
ww46E9KYUig The Madness Continues! || Yu vs MVL || FIDE World Cup (2019) - GAME 3 Rapid
wwHy80xAL98 Some Mistakes You Can't Make Twice || Nepo vs Ding || FIDE Candidates (2020)
wwMLmI7SfLU Hats Off To The Winner | Caruana vs So | Norway Championship 2018 | Round 9
wx1bsu5eVAQ Winner of the DGT2010 Giveaway is..... + a nice Tal Game
wzs08a5N7rQ Champion Of The World | Tal vs Botvinnik 1960. | Game 21
wzxc8_nMiOI Game that was Promised || Carlsen vs Nakamura || Magnus Carlsen Grand Final (2020)
x1KubHyawQY It's Poisoned || Vitiugov vs Duda || Prague Chess Festival (Masters)
x2nlO74Rx4s Dark Knight Rises || Caruana vs Carlsen || CCI (2020)
x3Qf-mzXsk0 Zugzwang Symphony | Capablanca vs Kostić || Game 1 (1919)
x3YtwUW6jyw They're Getting Younger and Younger || Kramnik vs Firouzja -- MASTERFULL GAME
x4rh003JCA8 Cosmic Samurai || Giri vs Nepo || Chessable Masters (2020)
x6qC4Tgd9wo Vishy Imprisons the White Queen! | Anand vs Carlsen 2013. | Game 3
xAXtSt3uYIw Bobby Fischer and David Bronstein Were Amazed by This Game
xAYJIEB0lJU Ivanchuk Misses Mate in 1 against Anand!
xD3ihGw-3t0 Pulling a Magnus? || Dubov vs Nakamura || Lindores Abbey (2020)
xEhV3ZPlqeM King Magnus vs King Liren | Tata Steel Masters (2019)
xGxLR75YzaE Nepo's Brilliancy Almost Wins the Olympiad  | Nepo vs Bacrot | Batumi Chess Olympiad (2018)
xIIjD4xSSIA Garry Kasparov faces Levon Aronian - A Wild Round 4 in St. Louis!
xIUJotP8r2g Magnus Faces The NEW Evolved Bongcloud
xKToxZ6zRig Supercomputer || Nepo vs Carlsen || GCT Cote d’Ivoire (2019)
xKZG7BNEAvU agadmator vs Magnus Carlsen! (the app)
xMoFt8eD5BM Slav is the New Black! || Caruana vs MVL || MC Invitational (2020)
xSTqYxQAQN8 The Battle for e4! Anand vs Ivanchuk - Linares (1991)
xYB5MQ23a1Q One of Karpov's Most Devastating Losses
xZEj8HDvtvQ Little Bit of Everything || Carlsen vs Nepo || MC Invitational (2020)
xaXF60NBY00 Challenge Accepted! || Guijarro vs Grischuk || FIDE Chess.com Grand Swiss
xbbtjcqk6AI Bobby Fischer Helpless against the Magician from Riga
xcT1e8aBhPQ Don't Believe in Fortresses! - Henri didn't
xdIUOQUfzSc Magnus is An Artist, Not a Butcher!
xdPbDyT9WPQ Magnus Agrees with the Engine!
xdzvYSx2aFg The Beast of Baku Awakens? || Kasparov vs Jorden ROUND 2!!
xfk18H1zlVE A Record 3103 Rating Performance!!!
xg9j-uF0tGw Mamedyarov Beats Anand in 20 Moves | St. Louis Blitz (2018)
xg_ayJS8fLg This is REAL CHESS || Nepo vs Caruana || Croatia Grand Chess Tour (2019)
xgnlVOQR0yk \
xiXqQ5wqElg DrDrunkenstein (Magnus Carlsen) Sacrifices his Queen on Move 10!
xj4l0uZdnh0 Always Be Ready When Luck Shows Up
xlyhqMNcHsY Brilliant King Hunt by India's 2 Times National Champion Karthikeyan Murali
xoZC9Rr3UUE BoxBox vs Voyboy! || \
xrmyWhJHoUY The Marshall Attack! || Radjabov vs Ding || FIDE World Cup (2019)
xsXqxgglk3M King's Indian Supreme | Larsen vs Fischer | (1971) | Game 4
y-42HP_TPt4 In The Spirit Of Mikhail Tal || Carlsen vs Mamedyarov || Croatia Grand Chess Tour (2019)
y-n9ddfKys4 Vishy's Evil Knight | Karjakin vs Anand | Norway Championship 2018 | Round 9
y1EZ1gAxruM A Beautiful Endgame || Caruana vs Vidit || FIDE Chess.com Nations Cup (2020)
y24cmKR9Vb4 Improving the Position of the Ding || Ding vs Carlsen || MC Invitational (2020)
y3d4Mlb2qpA Eye Contact! Well, almost || Ding vs Radjabov || FIDE World Cup (2019)
y6bji1VIgB0 And the Winner is! | Carlsen vs The Unbeatable Ding | Gashimov Memorial (2018)
y6qcxoYEq9I Brilliant Attacking Game by World's Newest Grandmaster, Zhansaya Abdumalik!
yAAOWkMGKD4 Peter Svidler Became an 8-time Russian Champion & re-entered the World Top 10!
yAGnsVoUg9U Thin Line Between Inaccuracy and Blunder || Carlsen vs Caruana || CCI (2020)
yD0NWyAjr8w Game of Kings! || Ding vs Radjabov || FIDE World Cup (2019) - GAME 1 Blitz
yD_OXhX31Z8 One of The Most Beautiful \
yDoXc9Dz3Nw Magnus Like Lasker | Gelfand vs Carlsen | Candidates Tournament 2013. | Round 3
yDqfLCUkT58 What a Move || Duda vs Nepo|| Fide Grand Prix (2019)
yFPSonFz4eI Supi Crushes Magnus Carlsen in 18 Moves!
yGnpewUKP88 Invisible to Engines | One Of The Greatest Moves Ever Played
yH2Yur0YuqI Impressive King March from GM manwithavan (Magnus Carlsen)
yHzlY8nxkXo Stronger Than Logic | Smyslov vs Fischer | Palma de Mallorca Interzonal (1970)
yIHdmAGX0pw This Will Put a Smile on Your Face :) || Koneru vs Kashlinskaya || FIDE Grand Prix (2019)
yJoxKO8kGtY Funniest Evans Gambit Game Ever Played?
yKjGVeW1dtU The Spectacle We Deserve! || Aronian vs Artemiev FINAL GAME!!
yKmReeJ67R0 He Who Trolls Last... || Svidler vs Carlsen || Steinitz Memorial (2020)
yLOWhDJxtpA Bobby Fischer's First Victory against a Soviet Grandmaster (16 years old)
yNV5Uzwz90o Rook Captures Pawn??  || Carlsen vs MVL || Opera (2021)
yNnJkFT8F78 Super GM Misses Mate in 1!
yPv5epfOfYw I'm Gonna Make Him an Offer He Can't Refuse || Aronian vs Artemiev  - - FINALS!!
yS1NxmwXhzA So Close it Hurts! || Nakamura vs Carlsen || World Rapid Championship (2021)
yTrsfoJLbp8 Godlike Preparation || MVL vs Carlsen || WRC (2019)
yXRksHUYGes Doing The Magnus Against Magnus || Rakhmanov vs Carlsen || WRC (2019)
yX_TByt7Urk Why Do You Think I came All This Way? || Nakamura vs Radjabov || FIDE Grand Prix (2019)
yZzz4Q08FhQ Another Chance to Equalize | Svidler vs Carlsen | Biel Chess 2018
ycTtc6EQKSA Veni, Vidit, Vici || Vidit vs Ragger || Prague Chess Festival (2020)
yfR_beo5Ns4 The Hungarian Botvinnik | Portisch vs Fischer | Palma de Mallorca Interzonal (1970)
ygfe-G8g1i4 It Was A Pirate! | Stockfish vs AlphaZero
yhGTVAHI-30 Come Out and Play, Chicken! | Spassky vs Fischer | (1972) | Game 1
ymsRvNi4j80 Anand Shows Hou Yifan Who's Boss #iomchess
ynhaCh-wDVs You're Unworthy! || Meier vs Caruana || Grenke Chess Classic (2019)
yno8DvO7i1w Barnes Gone Mad? || Morphy vs Barnes (1858)
ypNNv0ttYtI Attacking Without Sacrificing pt.2 || Carlsen vs Xiong || Clutch Chess International (2020)
yrIRxBlOSUo This is Chess in 2021!
yrNjIX2JvPQ 3 Time Argentina's National Champion Maria Florencia Fernández Beats WGM Mitra Hejazipour
yvya8xN1mW0 Happy 27th Birthday Hou Yifan!
yyH7jw2hS6k Returning the Favor? || Carlsen vs Ding || MC Invitational (2020)
z-rHmj3VnwI One Of The Most Violent Games I've Ever Seen ft. Vincent Rothuis (opperwezen)
z268eJrXuC8 Ivanchuk Plays A Weird Move Just to Annoy Kasparov
z5FEsUjweLQ The Youngest Participant! || Cori vs Sarin || FIDE World Cup (2019)
zCyAc-pKHto The Incredible Praggnanandhaa || Xtracon, World Youth Championship, 2600 and Now This!
zH0vNsVdEsM \
zHH0ozEUGEU Going All In | Marshall vs Capablanca | St. Petersburg (1914)
zI-xeddkohg Try and Solve this Funky Puzzle I Composed :) (first one ever)
zIb3Dz44s2M Class In Victory and Defeat!
zJU1whqM8yM Alekhine's King Traps the Queen!
zK3q2fqWN1M The Only Move! || Morphy vs Löwenthal (1858)
zOzVUJIPh5Y The Grind! | Radjabov vs Carlsen | Candidates Tournament 2013. | Round 13
zRBOthWHuf0 Closer Than Close || Nakamura vs Wesley So || Speed Chess Championship Semifinals (2020)
zRtgATVFRy0 Hello, Top 20! || Firouzja vs Xiong || || Tata Steel Masters (2020)
zTjalEjDdB8 Legendary Streak Begins! | Fischer vs Rubinetti | Palma de Mallorca Interzonal (1970)
zUH3OKrLV-0 When Your Pieces Are Hanging but You Have a Mate in 10!
zUyj5XfomsI Anatoly Karpov VS Eugenio Torre 2018! | Tournament of Legends (Platja d'Aro)
zW0ZBxo3HZs BARNES Power! || Morphy vs Owen (1858)
z_T4qBYrG3k 1950s Hamburger Joint! | Caruana vs Gelfand | Batumi Chess Olympiad (2018)
zc3ry09lGyQ Beliavsky Sacrifices a Piece, but Tal Wins the Game!
zfR0mEMhYi4 agadmator's Saturday 3+0 Tournament for Subscribers - lichess.org
zgFQtUNwo7U One Square Makes All The Difference! || Shankland vs Svidler || FWC (2021)
zm8RNdFo7Ww Impossible is Nothing! | Vallejo Pons vs Carlsen || Grenke Chess Classic (2019)
zmnzbQB0DME Who Dares Question Me? || Capablanca vs Hodges || Rice Memorial (1916)
zoaY5py8Pdc Dangers of The Scotch || Ivanchuk vs Shahade || Chess.com Titled Tuesday (2020)
zr3R17xaDc0 Every Step an Earthquake, Every Breath a Hurricane || Artemiev vs Caruana
zrma9k5hsS8 Can Man Beat a Machine? || Ding vs Caruana || FIDE Candidates (2020)
zsKiIkPJ89A Dangerous Game | Capablanca vs Marshall | St. Petersburg (1914)
zso1SUl3NlU Mess With the Bull, and You get the Horns - Karpov vs Torre (Thrilla in Manilla, 1976.)
ztInWGB51f8 There Can Be Only One! | Carlsen vs Caruana 2018. | Game 3 RAPID
zvID1F7mIB4 That Wasn’t Too Bad!
zygRli1vLuk How Bad is This Bishop? || Goryachkina VS Ju Wenjun || Women's World Championship GAME 10
