-0m_0oiAuLA Blitz Chess #185 with Live Comments Dutch Defence
-0uEKeVtFL8 Blitz Chess #534 with Live Comments Slav Schlechter
-1HGCI46vH0 Tata Steel 2016 Round 7 Recap
-1grcy7UqdQ Blitz Chess #3095 with Live Comments Modern Benoni vs peksi with White
-1jMf3pxU_8 Blitz Chess #1347 with Live Comments Scotch Opening
-38tcGFv3vY Blitz Chess #3823 vs IM DarkPassenger English Opening Black
-4SgW-tQfpk Blitz Chess #4760 vs chessbaws Spanish Four Knights Black
-4cMqif_gyI Blitz Chess #2481 with Live Comments Nimzo Indian Classical vs IM Alexser with White
-5e_KeR58CU Blitz Chess #454 with Live Comments Kings Indian
-5vHFduYy38 Gashimov Memorial Round 9 Recap with Fabiano Caruana vs  Shakriyar Mamedyarov Slav Defence
-5vQDB5MhvE 15 Min Rapid Chess #194 with Live Comments Kings Indian Classical with White
-68BPJCoj70 Blitz Chess #671 with Live Comments Sicilian Kan
-6XpwBFloRw Blitz Chess #276 with Live Comments Modern Defence
-6cXR5OMpXw Blitz Chess #3442 vs Iende Grunfeld White
-7Tm0gMbl18 Sinquefield Cup 2014 Round 10 Recap
-86i0fJDy0w Rapid Chess #260 vs pritsapidoulas Larsen Opening 1b3 Black
-8cvFgvwsKs Blitz Chess #2997 with Live Comments Ruy Lopez Exchange vs GM TurkishStar with Black
-8iCYlRNTyQ Blitz Chess #2863 with Live Comments Sicilian Hedgehog vs limerick with Black
-9Ee4eFtCxI Twitch Livestream Sep 23 2015 on Lichess.org Pt 1
-9zVCeecMgY Blitz Chess #370 with Live Comments Sicilian Rossolimo
-A2XZkBz3TI Blitz Chess #3007 with Live Comments Queens Gambit vs GM Gruk Simen Agdestein with White
-AWZ9wgP0sU Blitz Chess #566 with Live Comments Modern Defence
-B6JBRpBr9o Calculation and Tactics #013 - Conquest vs Hennigan 4NCL 2007
-BO66G0VnOY Blitz Chess #4171 vs CM RST2003 Kings Indian Petrosian White
-BtrWyMUKG4 Blitz Chess #3172 with Live Comments Black Knights Tango vs Anisha09chess with Black
-Bzg36VooYk Blitz Chess #3189 with Live Comments Nimzo Indian Saemisch vs IM raylear with White
-Cm6yRka1sM Blitz Chess #771 with Live Comments Nimzo Saemisch
-CvYeZVytMU Board Layout Test plus Bullet Session
-Dx24BgEJgc Blitz Chess #2389 with Live Comments Modern Defence Hippopotamus vs IM Dorot with Black
-EgfrtmDYoM Blitz Chess #4214 vs IM torbenns T Sorensen English Opening Black
-FdAzSSmQfA 15 Min Chess #143 with Live Comments English Defence
-GdgZpkZ91Y Blitz Chess #988 with Live Comments Caro Kann Panov
-H9oe4PgAG8 Blitz Chess #829 with Live Comments Kings Indian Makagonov 6 h3
-IZ8Fn7hAb0 Blitz Chess #3090 with Live Comments Italian Game vs Lavrenti with Black
-Il7wXyiNf8 Blitz Chess #3022 with Live Comments Bogo Indian vs Oct11 with Black
-ImPmOdU5VY Blitz Chess #2584 with Live Comments Slav Defence vs TheGratefulDead with White
-IoFAHy-qZ4 Blitz Chess #1953 with Live Comments Nimzo f3 vs zhuzhenghai008 with Black
-Iy071O3qrs Blitz Chess #715 with Live Comments Trompowsky
-JEaXdfDzvI Blitz Chess #696 with Live Comments Sicilian Najdorf Be2
-Jhx9ptMkGE Blitz Chess #40 with Live Comments - English Defence 1 c4 b6 (b win)
-K_MVMFR12w 15 Min Chess #101 with Live Comments Kings Indian Saemisch
-LQHTRDqLPM Rapid Chess #241 vs ararse English Opening White
-N_4YPv_X68 Tata Steel 2017 Highlights Round 9
-NvOQXV52U0 Blitz Chess #3352 vs GM MareAnguis Nimzo Indian Classical White
-O77QnjjvwQ Blitz Chess #1450 with Live Comments Queens Gambit Chigorin vs kromos
-Offc9PWpys Blitz Chess #592 with Live Comments Nimzo Rubinstein
-PpWaHR4gaM Blitz Chess #4080 vs Kuzja 379 Benko Gambit Black
-Q6umJpr33s Blitz Chess #230 with Live Comments Slav Main Line Dutch System
-RFln-PW2p0 Blitz Chess #4702 vs DonFulgenzio Sicilian Taimanov Black
-RlVcfTbN9M Blitz Chess #3994 vs IM UY Scuti Ruy Lopez Black
-SMyqVVVt2A 15 Min Chess #31 with Live Comments - Sicilian Najdorf
-TFOAmIHHK0 Blitz Chess #2963 with Live Comments Tango Defence vs peregrine 64 with Black
-TdSibLAh8k Blitz Chess #966 with Live Comments Caro Kann Fantasy Variation
-Te3ZHk2baE Coming Livestreams on Dec 31 and Jan 01
-TkX1WRQZMM Blitz Chess #928 with Live Comments Philidor Defence
-UkxKXIU1_o Zurich Chess Challenge 2014 Round 4 Recap
-VJtsNIAG0Q Blitz Chess #3816 vs firetiger Benko Gambit Black
-VySZwkD8qk Blitz Chess #4362 vs WGM Huba Reti Opening White
-WYVtB6fgBM Blitz Chess #3057 with Live Comments English Defence vs GM MareAguis with Black
-X6NEKtC7hM Blitz Chess #3345 vs IM mishel M Agopov Nimzo Indian Classical White
-_T_HWtG-ec Blitz Chess #1346 with Live Comments Queens Gambit Vienna
-bnKNTWateI Blitz Chess #1353 with Live Comments Ruy Lopez Steinitz
-bspEDkY5zY Blitz Chess #1400 with Live Comments French Defence
-dDMIHcV4Kc Blitz Chess #1470 with Live Comments Catalan Main Line vs zeigmata
-eJs-L3CFGI KIS 1 d4   Chapter 14   Preview
-eWlD7g1yu0 Blitz Chess #3817 vs mrxyz Two Knights Defence Black
-ekkjSoGsD8 Blitz Chess #2051 with Live Comments Slav Defence vs GM Linkmus Tanguy Ringoir with White
-f-X_9MulWg Blitz Chess #188 with Live Comments Slav Chebanenko
-fIR6JAKKPc Rapid Chess #268 vs korbmorb Dutch Leningrad Black
-gMHXD4OKDY Blitz Chess #4521 vs Saveliev Urusov Gambit Black
-gP9bOHZUjE Blitz Chess #2929 with Live Comments Catalan Closed vs Dodgy with Black
-gmO1bxsCr4 Blitz Chess #1147 with Live Comments Nimzo Indian Sämisch
-hEa5c3pJXk Blitz Chess #358 with Live Comments Queen's Gambit Noteboom
-hr1ZFmRexQ Dortmunder Schachtage Partie des Tages Runde 2: Gustafsson - Kramnik (German Audio!)
-i1zW9tzhXY Blitz Chess #4606 vs tapkus Caro Kann Panov Black
-igAPBA-B-4 Blitz Chess #892 with Live Comments Queens Indian Nimzo Kasparov Line
-jITh8Rk8dc Livestream Aug 10 2015
-jvFcxbldOc Blitz Chess #309 with Live Comments French Tarrasch
-kRSZ_5geNU Blitz Chess #4545 vs DudeII Benko Gambit Black
-kVmYFQQkOg Blitz Chess #3046 with Live Comments Queens Gambit vs IM Hroft with White
-ket79aIHTM World Championship 2016 Game 1 Carlsen vs Karjakin
-lzATuAe5y0 3-Min Session on ICC June 17, 2012
-mHhN5Wi6b0 Blitz Chess #3679 vs Aladdin Ruy Lopez Cozio White
-mL8Pd8Toq4 Blitz Chess #508 with Live Comments Alekhine Defence
-mW_SXSEqpM Future channel updates
-nD_aEAPK9o Blitz Chess #1693 with Live Comments Benoni Defence vs IM Satager Alejandro Needleman with White
-oZjS91FnFA Blitz Chess #1413 with Live Comments Sicilian Defence vs GM Parligras
-ptnVYHrUPM Blitz Chess #4912 vs Pastukhov Nicolay Reti Opening White
-qgU7BPAn_w Stay at home and enjoy Chess #7
-rHgrv3HWgs Blitz Schach #114 mit Livekommentar.avi
-rh3E4Z1b48 ICC Livestream March 14
-rhnmCyLDnE Blitz Chess #1056 with Live Comments Trompowsky Attack
-rp6RD3K3w8 Scotch FREE PREVIEW
-uZqgeiq3s8 Blitz Chess #2626 with Live Comments Nimzo Indian Classical vs GM Yardbird Eric Lobron with White
-vPd1-iAqb8 Blitz Chess #1886 with Live Comments English Defence vs korak with Black
-vf0GfbcHi4 Blitz Chess #4310 vs WingTsun Benko Gambit Black
-vu3dItPB10 Blitz Chess #1952 with Live Comments English Symmetrical vs iende with White
-wPycxqQUko 3 Minute Madness #008
-xa9Cv9rxHM Blitz Chess #4807 vs notaboos Slav White
-xbF9Vpv9kU Blitz Chess #574 with Live Comments Slav Defence Dutch Main Line
-yQb6Fj0F4I Blitz Chess #817 with Live Comments Kings Indian Makagonov 6 h3
-y_dRiMeXSw Blitz Chess #4251 vs GM Blackcoffee English Opening Black
-zR_olpZk_I Blitz Chess #3045 with Live Comments Four Knights vs IM TheGovernor with Black
0-NPXMTSfYU CE playing Mallorca Open Rd 4 C Sielecki vs GM Y Solodovnichenko Elo 2574 Semi Slav
013nCQMNrbY Blitz Chess #593 with Live Comments Neo Phildor
01PxOJkU44I Blitz Chess #3044 with Live Comments Wade Defence vs Matabolix with White
01jE9IYjY20 Blitz Chess #3505 vs FrankeD English Black
03aIsjncad4 Blitz Chess #3150 with Live Comments Benko 1 g3 vs GM ikica I Ivanisevic with Black
04ELGYd57jk Blitz Chess #4653 vs BosonHiggs Caro Kann Two Knights White
04HAKY-YRSE Blitz Chess #4766 vs Empires Dutch Defence White
04yk8xYMRSI Blitz Chess #1792 with Live Comments Kings Indian Fianchetto vs maradona with White
05qKe_0qyks Blitz Chess #1352 with Live Comments Modern Defence
06zZCgMXVbI 15 Min Chess #40 and 41  with Live Comments - QGA and Sicilian Kalashnikov
07eUrnq5RZM Blitz Chess #3953 vs SNOEBE Petroff White
07yQIjI1m-g Blitz Chess #1978 with Live Comments Kings Indian Classical vs IM Garpun with White
08RJtCJloNE Blitz Chess #3257 with Live Comments Nimzo Indian Rubinstein vs hestehov8591 with Black
08j82SmpHj0 Blitz Chess #2286 with Live Comments Ruy Lopez Exchange vs IM DarkPassenger with White
09Iz-56VPn8 Chesscube - Warzone Bullet 2012-02-06
0A4Ix3FNyTA Blitz Chess #3550 vs natrost2000 Kings Indian Saemisch Black
0AToF6HjN_w Blitz Chess #3079 with Live Comments Nimzo Indian Saemisch vs IM petitcoprit with White
0AX4oZv_2Xo Blitz Chess #3579 vs FM queenfish English Opening Black
0BlAkSeYPiw Blitz Chess #1561 with Live Comments Queens Gambit Declines vs CaptPicard
0CJKPcMisrw Blitz Chess #1011 with Live Comments Nimzo Indian Classical
0CpW2iZTohA 15 Min Chess #12 with Live Comments - Queen's Gambit Ragozin
0FN5-oHi7Go Blitz Chess #3854 vs Joop Trompowsky Black
0GUxTr1UDKU Long Xmas Blitz Kibitzing on ICC with a mystery player
0GV7vUvYmcY Blitz Chess #2934 with Live Comments Slav Defence vs Shytn with White
0H07WaYHhmU Calculation and Tactics #017 Chesstempo Tactics Trainer
0HERMGy7rY8 Blitz Chess #3783 vs mmweber English Opening White
0HI55RsMndQ Blitz Chess #1710 with Live Comments Queens Pawn London vs SNOEBE with Black
0Id1LvS4YeY Blitz Chess #3405 vs IM Mimito Queens Pawn White
0IewCf48A_0 Blitz Chess #4227 vs FM EddieMarsala I Cohar Tromp Black
0J7nNY1yNAI Blitz Chess #1248 with Live Comments Czech Benoni
0K2eevjrkf8 Blitz Chess #682 with Live Comments Nimzo Indian Saemisch
0KFqOKT5Igk Blitz Chess #1928 with Live Comments Ruy Lopez vs MarzipanCat with Black
0Kf55pKH1NA Blitz Chess #1383 with Live Comments English Double Fianchetto vs IM Docx
0LShder1oPI Blitz Chess #66 with Live Comments - Sicilian Najdorf/Scheveningen - Mating Attack (w win)
0N5ouVGOACc Dual Commentary Blitz Match vs jdcannon
0N6kComOXpg Blitz Chess #266 with Live Comments Pirc Defence
0Nm0Jzyua5g Blitz Chess #1642 with Live Comments Grunfeld Finachetto vs guidez with White
0PO5Eu6U7lI Blitz Chess #1000 with Live Comments Vienna Game
0PuYd5yjHcw Blitz Chess #3880 vs GM Bochkarev Benko Gambit Black
0QEXUEvtMSM Blitz Chess #602 with Live Comments Veresov Opening
0QTuZ03WmGg Blitz Chess #469 with Live Comments Scotch Opening
0QY6_HZsGvs Blitz Chess #1277 with Live Comments Trompowsky Attack
0QkiRf1v5j4 Blitz Chess #2377 with Live Comments Ruy Lopez Closed vs IM Skat with Black
0Qn7njIKQX0 Blitz Chess #1234 with Live Comments Queens Gambit Declined Bf4
0RvzXII3dcA 15 Min Chess #144 with Live Comments Sicilian b3
0SVNJ1VgES4 Blitz Chess #4812 vs aldrvoronov Catalan White
0SgmTWAJnmU Blitz Chess #4151 vs GM mandragoro G Schebler Sicilian Sveshnikov White
0TFgNQ983is Blitz Chess #76 with Live Comments - Grunfeld (w)
0TyHBxH-VhQ Blitz Chess #1583 with Live Comments Queens Pawn vs Nevermind with White
0V2AFlOCIvo Blitz Chess #1676 with Live Comments Ruy Lopez Exchange vs mikepov with Black
0V8pFaRr4vU Blitz Chess #2659 Live Comments English Opening vs bellus Black Opening Challenge Week
0XT1glDF1Tw Middlegame Strategy #004   Pillsbury vs Marco Fight for the Centre
0Xd7ybwZXYM Blitz Chess #3655 vs IM zxcvb Ruy Lopez Exchange Black
0YrGQ5q5S64 Blitz Chess #3240 with Live Comments Queen Pawn London vs papoal29 with Black
0Yt4zlovsV0 15 Min Chess #177 with Live Comments English Opening
0ZctXxjzMTU Blitz Chess #2237 with Live Comments Nimzo Indian Semisch vs CyberSmyslov with White
0ZreVnJbLdE Blitz Chess #4099 vs GM petitcoprit A Kelires Benko Gambit Black
0_Op64XJlus Blitz Chess #2162 with Live Comments Nimzo Classical Zurich vs maradona with Black
0_xNZo4Xi8o Blitz Chess #1940 with Live Comments Kings Indian Averbakh vs maradona with White
0a4KLjhqf-k Blitz Chess #2373 with Live Comments Sicilian Defence vs Cando with Black
0aPQ0bf8AvE Chess Openings Q&A #2
0aQy4oWhX_o Blitz Chess #3678 vs IM Pauwels Benko Gambit Black
0bMIhBqVIZM Blitz Chess #4101 vs gilsh Queen Pawn Black
0cY4InVpCck Blitz Chess #4721 vs uka27 Sicilian Moscow White
0e3Tp1kZMyQ Nimzo Ragozin for Black - Ragozin sidelines Preview
0fB6XXsfnow Blitz Chess #1479 with Live Comments Kings Indian Makagonov vs MichaelH IM Michael Hennigan
0g0SFtd7gz4 Blitz Chess #3341 vs GM Yardbird E Lobron Queens Gambit Tartakower Black
0g5rQKO9Y2Y A new layout for the daily Blitz Videos? Feedback welcome!
0gUPvgK2y9o ICC Livestream Dec 28
0h02c5NwUYM Great Games of Anand and Carlsen Part 19: Kramnik-Anand, Bonn World Championship 2008 Game 5
0iESULoyHNU Books Out to Contest Winners! Congrats!
0ivdDF9pV88 ICC Livestream July 19
0kSMh8Zodj0 Blitz Chess #1359 with Live Comments English Defence
0km-yS5JUuw Blitz Chess #4358 vs Sackbauer Queens Pawn Black
0lckGoklrE8 Blitz Schach #139 mit Livekommentar.avi
0mlx26XMe2s Blitz Chess #4665 vs TasmanianDevil Vienna Game Black
0nSQgxdT3o4 Blitz Chess #2379 with Live Comments Slav Defence vs hoax with White
0o2hxJBexWc Blitz Chess #2278 with Live Comments Trompowsky vs WGM Merula G Fischdick with Black
0oLtEk28lUo Blitz Chess #1843 with Live Comments Queen Pawn Colle  vs GM Chilosa with Black
0rMJb4C9jXs Blitz Schach #47 mit Livekommentar
0rnj6OTc4RM Blitz Chess #1969 with Live Comments Benoni vs eranh with White
0rsx_ZqR1dw World Chess Championship 2012   Game 4   Gelfand vs Anand
0rup5tacrYs Blitz Chess #876 with Live Comments Trompowsky
0s9NTTsi7qU Blitz Chess #866 with Live Comments Sicilian Najdorf
0sUd1fYkAsw Blitz Schach #147 mit Livekommentar.avi
0sVxd4KGL0w Blitz Chess #4395 vs Spigge74 Ruy Lopez Exchange White
0tJRew_pSjk Merry Christmas Live Stream Dec 27
0u3AGZ3LpE8 Blitz Chess #3910 vs IM IM Princepanic W Hendriks Italian Black
0u7aQ9plrmE Blitz Chess #4180 vs schiele Kings Indian Petrosian White
0vHKOFlMmr0 Blitz Chess #1865 with Live Comments Slav Exchange vs Kontorist with Black
0vr3pOHWjpE Chesscube - Warzone Final 2012-04-02
0wgSLw5CARw Livestream on the ICC Nov 28 2016
0xQH0Kk2iqY Blitz Chess #553 with Live Comments French Tarrasch Guimard
0xnXc3W-h2U Blitz Chess #3704 vs FM gmgattass Scotch Black
0yJvlaSmY74 Blitz Chess #3318 with Live Comments Queens Gambit vs GM Bones F Holzke with White
0yVvBFAecdE Book Review:  Bologans Black Weapons
0zrNmJkuS6A Blitz Chess #2526 with Live Comments Nimzo Indian vs backdoor13 with White
109br01JcKU Chessexplained Livestream Dec 22 2014
10NOZDiO_Ns Blitz Chess #1614 with Live Comments English Symmetrical Hedgehog vs Ponpokon with White
11PdBtfOwdA Blitz Chess #3578 vs carrocero Ruy Lopez Black
11jG4XNBnxo Hourly Bullet Arena on Lichess June 19
11wyngfKOrM Blitz Chess #2485 with Live Comments Nimzo Indian vs GM R Hungaski with Black
12995tsuNi8 Istanbul Chess Olympiad 2012 Rd 10: Anish Giri vs. Levon Aronian - the bishop pair in action!
13FyTMa2bF4 Blitz Chess #3776 vs CrossShark Reti Opening White
147VB-W68gM Blitz Chess #1193 with Live Comments Nimzo Indian Saemisch
148KRDEsixw Blitz Chess #1575 with Live Comments Slav Defence vs guidez
14jmSQUp4q0 Blitz Chess #363 with Live Comments Caro Kann Exchange
14mTwZMzFYM Blitz Chess #2891 with Live Comments English Opening vs IM rainmaker O Sepp with Black
14oW7JuDvCY Blitz Chess #4371 vs Morning Star Reti Opening White
15L0mcIQgHc Blitz Chess #4954 vs IM Arrowlimit Sicilian Rossolimo Black
17qx3idRVt0 Blitz Chess #1949 with Live Comments Queens Gambit Accepted vs Seniles with White
17rQC3fdaJo Blitz Chess #3524 vs IM Joorge Larsen Opening Black
18EBI8pJIzQ Blitz Chess #975 with Live Comments Keres Defence
18rNqULMCjw Sinquefield Cup 2014 Round 6 Recap
1ASe4_yjE_0 Blitz Chess #4319 vs IM Bulten E Lie Kings Indian White
1B-c0YPdkaw Repertoire for 1 d4 - Part 11 Benoni and Benko aka Volga Gambit.avi
1CHD42QOwzA Blitz Chess #2085 with Live Comments Ruy Lopez Cozio vs Aladdin with White
1Cv6pYd7B6g World Chess Championship London Candidates Tournament 2013 Round 12 Recap
1CwqWJJbkoU Blitz Chess #3556 vs Galbraith Vienna Game Black
1DyFHAB8Sp8 Chess Endgames #014- Basics - Knight and Pawn vs Knight
1EOpNRLo31s Blitz Chess #2819 with Live Comments Slav Defence vs FM Alka with White
1EPAgDlzR4E Blitz Schach #56 mit Livekommentar
1FBmww4G6WA Blitz Chess #2239 with Live Comments Queens Indian vs Cheater with White
1FepC089SYY Blitz Chess #3204 with Live Comments Alekhine Defence vs fernandomata with Black
1FhlWQE4jDA 5 Min Blitz Match vs  Kingscrusher with dual Commentary on Oct 08 2011
1GUKhd17EvU Blitz Chess #4517 vs Heidschnucke Four Knights Black
1GrJpENLi1M Blitz Chess #2175 with Live Comments Kings Indian Classical vs maradona with White
1HNR4AMsgxo Blitz Chess #2745 with Live Comments Albin Counter Gambit vs IM Seyduna with White
1Ha60pNPsK4 Blitz Chess #452 with Live Comments Neo Philidor
1J4CqgD2YnM Blitz Chess #4873 vs Chessdraft Queen Pawn Torre White
1JtOKMD8XIg Blitz Chess #1724 with Live Comments Nimzo Indian Zurich vs JoSa with Black
1KI6Hu0Zl2Q Blitz Chess #1800 with Live Comments Reti Opening vs nevermind with Black
1MOGjvLDzco Blitz Chess #498 with Live Comments Dutch Stonewall
1O4U_ADTtYw Blitz Chess #2014 with Live Comments Philidor Defence vs GM Chemberlen Alexei Gavrilov with Black
1PJ8sMY1kN8 Blitz Chess #3111 with Live Comments Slav Defence vs IM Templar Assasin S Arslanov with White
1PVKUB2u_YI Blitz Chess #2004 with Live Comments Queen Pawn vs GM Yardbird Eric Lobron with White
1PbWYtzVN_0 Blitz Chess #4802 vs English Symmetrical White
1Q9GEoay9Ss Blitz Chess #2759 with Live Comments Queens Gambit Accepted vs GM Agokoy with White
1QhvOizPRtc Candidates 2014 Round 13 Andreikin vs Aronian Trompowsky Attack
1R6Mni3hk7I Blitz Chess #392 with Live Comments Caro Kann Bronstein Larsen
1SyGE2IW-58 Blitz Chess #90 with Live Comments - Queen's Pawn vs  GM Magerramov (b)
1T8vUyzU2ZQ Great Games of Anand and Carlsen Part 9 Ivanchuk Anand Linares 1992
1UOssnPHrew Blitz Chess #2930 with Live Comments Kings Indian vs GM imabeast with White
1V2m6lHSC3E Bullet Rematch vs  Kingscrusher Part 2 Sep 23 with Dual Commentary
1Vi4WS-LMJI Blitz Chess #984 with Live Comments Queen Pawn London System
1W0ymsqWqF0 Blitz Chess #4435 vs northhampshire Dutch Classical White
1WLAYyxVyek Blitz Chess #2325 with Live Comments Queens Gambit Declined vs kiesari with White
1Ws6aao2lNU Blitz Chess #1415 with Live Comments Kings Indian Makagonov vs papoal29
1WwZ7GAeluU Candidates 2014 Round 14 Highlights
1XIaTyKsIyc Blitz Chess #880 with Live Comments Open Game
1Y-PbPqG3Uo Blitz Chess #3417 vs zavenc English Opening Black
1YA-4Kz1PWs Carlsen and Karjakin at the World Rapid Champs   Rd 15
1YPROxjvYtg Candidates 2014 Round 8 Highlights
1Z_4Tu6pToA Blitz Schach #46 mit Livekommentar
1a7tk6Kx-bU Tata Steel 2017 Highlights Round 12
1a8wGyjddug Geschwätzblitz auf Chess24 in Deutsch und Englisch am 27.03. 15 und 17 Uhr
1apXd5kaGSg Blitz Chess #4515 vs Mr Queenadder French Exchange White
1celXar1fss Blitz Chess #760 with Live Comments English Reversed Grand Prix
1d5Wb6_66Bw Blitz Chess #4298 vs MaxPower Kings Indian Black
1eBeVQOrnyg 15 Min Chess #107 with Live Comments Slav Defence
1evXsF0HtYY Blitz Chess #708 with Live Comments Sicilian Smith Morra
1ex9PHvt6Uc Blitz Chess #4387 vs IM Tetrarch Sicilian Maroczy Bind Black
1fAxwKRK7eE Blitz Chess #4085 vs GM Jesper L Karlsson Bird Opening Black
1g4qZI-1nvI Blitz Chess #2100 with Live Comments Queens Gambit Declined vs zhuzhenghai008 with White
1gLeQ-1OaV8 Rapid Chess #234 vs Matsubuchi Sicilian Maroczy Bind Black
1iaCP-67398 Blitz Chess #4854 vs Alexlucky QGA Black
1ijxCBKCp0M Blitz Chess #2853 with Live Comments Sicilian vs FM Joejan with Black
1kA56N7fABw Black Repertoire 1.e4 e5 - Part 2 King's Gambit
1kFqJUdwND8 Blitz Chess #4445 vs GM Teamglud J Vang Reti Opening White
1kPf-ZUKrHI Blitz Schach #103 mit Livekommentar
1mFxiGJ-ch0 Blitz Chess #4021 vs Kamel French Tarrasch White
1mbj9p5Lrzc Blitz Chess #1834 with Live Comments Pirc Defence vs FM kunifax with Black
1n-qylzL_sA Blitz Chess #3696 vs Paranoid Dutch Defence White
1oqEUvEu3OM Blitz Chess #2052 with Live Comments Bogo Indian vs ercoleiaccone with Black
1pKfTSr2v4E Blitz Chess #3806 vs GM Bones F Holzke Queens Pawn Black
1pN-lJqapKg Black Repertoire 1.e4 e5 - Part 6 Four Knights Game (excl. Scotch 4Ns).avi
1pNJo_pNfh0 Blitz Chess #462 with Live Comments English Reversed Grand Prix
1qa1gYEnieE Blitz Chess #347 with Live Comments French McCutcheon
1qe73HT7_R8 Upcoming Projects
1sSrGuqX5HA Blitz Chess #4637 vs Omcom Petroff White
1sjScEMzXKM Blitz Chess #1276 with Live Comments Ruy Lopez Berlin
1u_h7CMucKQ Blitz Chess #1360 with Live Comments Bogo Indian vs GM Grivas
1wTR3wv4Yps Blitz Chess #4069 vs IM vaske D Vasilevic Ruy Lopez Steinitz White
1wev9Y3J2lg Blitz Chess #3198 with Live Comments Vienna Game vs GM Grigory Oparin with Black
1x0XpEvONlY Blitz Chess #720 with Live Comments Ruy Lopez Chigorin
1xdcdVUJ5OY Blitz Chess #3263 with Live Comments Trompowsky vs MaxE with White
2-tJikjRk34 Blitz Chess #3410 vs G Bianchi Modern Benoni White
21K0cFpOA6c Candidates 2014 Round 12 Aronian vs Kramnik Queens Gambit Declined Exchange
21RNpXs3i7M 15 Min Chess #105 with Live Comments Scotch Four Knights
21Yos54j4Cs Blitz Chess #1563 with Live Comments QGD Ragozin vs Papoal29
223MpZqV6Yk Midnight Session: Battling Stockfish with material odds!
22EIEGwNVBw Sinquefield Cup 2015 Round 2 GOTD Topalov vs Nakamura Ruy Lopez Berlin
22JKYC5XiSc Rapid Chess #259 vs TheLobster Alekhine Defence Black
22_oNud1JvE Blitz Chess #2906 with Live Comments Sicilian Alapin vs Girome with Black
23d_noeOk8U Your games reviewed #005   Fight for the centre 1900 vs 1600
24rLqXluRQo Blitz Chess #2618 with Live Comments Nimzo Indian Classical vs FM karlstad with White
263Pekikor0 Blitz Chess #1284 with Live Comments Dutch Defence
27Uk2RGVKgU Blitz Chess #4508 vs BM Mehdi Alekhine's Defence White
27rrkxMWV24 Blitz Chess #2393 with Live Comments Benoni vs GM BadHedgehog with White
27tY8ahJbMo Blitz Chess #4454 vs bariton Irregular Opening Black
28ioQtLH5Fo Blitz Chess #1985 with Live Comments Two Knights vs GM Gliglu Monika Socko with Black
28j_2PoGex8 Blitz Chess #2333 with Live Comments Kings Indian Classical vs Javelin with White
28o_yPhOX1g Blitz Chess #4161 vs IM PrincePanic W Hendriks Sicilian Black
29W5IylePcU Blitz Chess #457 with Live Comments Philidor Defence
29WZ0wrMNtU Blitz Schach #100 mit Livekommentar
29nhjhexLHM Blitz Chess #3068 with Live Comments Kings Indian Makagonov vs GM Falstaf A Demchenko with White
2AoQJoXrVMU Blitz Chess #4910 vs Kaljakeisari Kings Indian Fianchetto White
2AtI21vP5hE 15 Min Chess #7 with Live Comments - Benko Gambit
2DG48iF3i88 Blitz Chess #3156 with Live Comments English Symmetrical vs IM JamyTheSaint with White
2EU5c32fXcU Blitz Chess #659 with Live Comments King's Indian Makagonov
2FI3PBMYS_8 Blitz Chess #4018 vs FM Drahacik Ruy Lopez Black
2G7ecqMehOY Blitz Chess #405 with Live Comments Black knights Tango
2GNq1i7Rfok Blitz Chess #4755 vs chess commandos Four Knights Black
2GpWN6zV64w Blitz Chess #2833 with Live Comments Bogo Indian vs dbv with White
2GqjLF8eIQ8 Magnus Carlsen at the Rapid World Championships Day 2
2H90hGNhFJ8 Blitz Chess #987 with Live Comments Caro Kann Advance
2HgNKnI9mJU Blitz Chess #1921 with Live Comments Ruy Lopez Chigorin vs pointdujour with Black
2InUyRSVly4 Blitz Chess #244 with Live Comments Ruy Lopez Schliemann
2JIFk3-YQCs Blitz Chess #2289 with Live Comments Reti Opening vs FM hutamaki with White
2KJ8_sYf4dY Blitz Chess #1331 with Live Comments Sicilian Kupreichik Variation vs IM Agopov
2KVSSp6y6vI Blitz Chess #3220 with Live Comments Nimzo Indian Kasparov vs Ezdanitoff with Black
2LSXgmZpA1U Blitz Chess #1313 with Live Comments Kings Indian
2Lc1gYY9uzo Blitz Chess #4792 vs Shahist A Queen Pawn White
2N1LZkYHEeQ Blitz Chess #2096 with Live Comments Nimzo Rubinstein vs dabroya with Black
2N2_Efe-m7s Blitz Chess #1855 with Live Comments French Tarrasch vs EyesWideShut with White
2NIAaSLHfDo Tea Session with Chessexplained #5
2O-Q5LrYEKM Blitz Chess #4967 vs Artur Arustamyan Reti Opening White
2O25QqYIG1c World Chess Champ. Game 1  Anand vs Gelfand - Dual Comm. with KIngscrusher
2O2JCAwGbzE Blitz Chess #4965 vs FM lauts Sicilian Rossolimo Black
2O8PT5erKII Blitz Chess #2516 with Live Comments Bogo Indian vs GM Lunaticx P Michalik with Black
2PwU_KjlVME ICC Livestream Jan 26 2015
2RQ3Gl35roY Zurich Chess Challenge 2014 Round 3 Recap
2U6SynsT_ps Blitz Chess #4596 vs kerin84 Modern Defence White
2Ukx6JzSC98 Blitz Chess #530 with Live Comments London System
2UudtiMENVs The critical moment decides - two of my league games
2XA7PHK943Q Blitz Chess #4635 vs NewKasparow Sicilian Rossolimo White
2Y31lqXlZbA Rapid Chess #261 vs nvf Ruy Lopez Exchange White
2YhDgOL5lfM Blitz Chess #4622 vs tojevtip Bogo Indian Black
2YhpgA533Oc Livestream on the ICC Feb 20 2016
2ZdN7woi36g Gashimov Memorial 2015 Round 3 Recap
2ZjrfFgWGDE Blitz Chess #444 with Live Comments Kings Indian Attack Uhlmann Variation
2ZyflTWn30s Blitz Chess #2294 with Live Comments Dutch Stonewall vs hoax with Black
2_3wh8_Wyw4 Blitz Chess #4374 vs jesschess Scandinavian White
2_8buLTCcuc Blitz Chess #4834 vs davor 1 Queen Pawn White
2aQ5gXED17k Blitz Chess #4345 vs WeShallOvercome Queens Pawn Black
2akhs1gKYgY Blitz Chess #3344 vs Rupe Kings Indian Black
2bIdPTxjEOA Blitz Chess #239 with Live Comments Nimzo Saemisch
2boYxvLcZCU Blitz Chess #2590 with Live Comments Catalan vs KS with Black
2cH9EJOfuTo Blitz Chess #1095 with Live Comments Kings Indian Makagonov
2cHxl4mcCWY Blitz Chess #913 with Live Comments Semi Slav Anti Meran
2cPZu7ftKPI Blitz Chess #246 with Live Comments Caro Kann Panov
2cb-DXbNWt4 Blitz Chess #166 with Live Comments French Defence
2dB56mQgCyk Blitz Chess #3989 vs Embiid Benko Gambit Black
2dsQfm6u5cY Blitz Chess #846 with Live Comments Trompowsky Opening
2eGyvlAGbKI Blitz Chess #4955 vs kinglear Sicilian Rossolimo Black
2eaGrm9au1A Blitz Chess #2097 with Live Comments Slav Defence vs IM Jose Jacosta with White
2eo1YmWepeI World Championship Candidates Moscow 2016 Round 9 Recap
2evxoCgeKLg Blitz Chess #861 with Live Comments Nimzo Saemisch
2f6_ykgwktk Blitz Schach #102 mit Livekommentar
2fA8lOW3wIc Blitz Chess #4497 vs tiriricas Pirc Defence White
2gDs1O5CGXg 15 Min Chess #64 with Live Comments Nimzo Kasparov Line
2hA9ozRE2Os Blitz Chess #1453 with Live Comments Dutch Defence vs xgxdx
2hVAzXvl-oI Blitz Chess #2977 with Live Comments Bogo Indian vs LMLLM with Black
2hXWPKXUaOg Blitz Chess #3291 with Live Comments Sicilian Moscow vs GM Blitzzmaster G Pap with Black
2hh1r-F7umI Blitz Chess #2585 with Live Comments Grunfeld vs CuatroPrincesas with White
2iYnLmJJlAw World Championship Sochi 2014 Carlsen vs Anand Game 6
2mlLr3kmjSY Blitz Chess #32 with Live Comments - Ruy Lopez vs GM Groszpeter (b draw)
2n-K0nbDM4c Blitz Chess #3628 vs Uitvreter Nimzo Indian Rubinstein Black
2nR_ArNSg3o Blitz Chess #3876 vs Enghany Benko Gambit Black
2nVVNDo27_w Livestream on the ICC Jan 16 2016
2nl9WOJcapE Blitz Chess #3737 vs Plussss English Opening White
2oWBtbP7SVo Blitz Chess #1568 with Live Comments Nimzo Indian Rubinstein vs sisis with Black
2ohTqDrNvRA Candidates 2014 Round 7 Svidler vs Anand Ruy Lopez Berlin
2pQ_aqvd09Y Carlsen and Karjakin at the World Rapid Champs - Rd 13 14
2qZ2R0Mris8 Blitz Chess960 #1 with Live Comments
2r00EAhZlQw Blitz Chess #4249 vs SwagnusCarlsen Sicilian Dragon Black
2sNLXnjywrQ Blitz Chess #3378 vs GM Yardbird E Lobron English Opening Black
2thSs13-nck Blitz Chess #595 with Live Comments Pirc Defense
2us8NkD_auQ Blitz Chess #2181 with Live Comments Nimzo Indian Classical vs GM Adaro with White
2v0dP03eeHg Blitz Chess #1425 with Live Comments English Symmetrical vs Raduoua
2v7bdwL5GZo Blitz Chess #3779 vs hove English Opening White
2wMJG2xyc9s Blitz Chess #1577 with Live Comments Sicilian Dragon vs FM deEccher Stefano de Eccher
2xaede4aDa8 Blitz Chess #3394 vs AnttiLaato Kings Indian Makagonov White
2xuKLtG6DMc Blitz Chess #3840 vs GM MGur Mikhail Gurevich English Opening Black
3-72t8tCzbw Blitz Chess #3685 vs FM gmgattass Sicilian Dragon Black
3-fVrw1X54c Blitz Chess #2538 with Live Comments Queens Gambit Ragozin vs avc1964 with Black
3006HHhr-Ww Candidates 2014 Round 14 Topalov vs Andreikin Ruy Lopez Berlin
30ZKvAAYuVs 15 Min Chess #133 with Live Comments Benoni Defence
30jyj6oSDSc Blitz Chess #81 with Live Comments - Kings Indian Fianchetto (w)
32dJJKpanEI Blitz Schach #34 mit Livekommentar
341v-flHzUk Blitz Chess #4842 vs candela Italian Game Black
34MlwWIooGE Blitz Chess #1588 with Live Comments Nimzo Indian Rubinstein vs Panopticon with White
35qv0syx6d0 Blitz Chess #4166 vs GM OM Yasser Seirawan Benko Gambit Black
36D5x57eT7M Blitz Chess #2426 with Live Comments Kings Indian Classical vs GM Doccy Dr John Nunn with White
36krXuq37Lc Blitz Chess #1375 with Live Comments Nimzo Rubinstein
377iclQ7tCs Blitz Chess #2879 with Live Comments Queens Pawn Torre vs bariton with White
37CKC3jz7QM Blitz Chess #2623 with Live Comments Kings Indian Attack vs FM Wolwerine with Black
38CkZaokRM0 Livestream Aug 17 2015
38rt1fZkUxw Blitz Chess #1350 with Live Comments Bogo Indian vs anonymous IM
39IcMmIKVis Blitz Chess #4059 vs Urosh English Opening White
39hHY4lvwLo Morning Coffee with Chessexplained Jan 19 2018
39leSPdz_Rw Blitz Chess #1227 with Live Comments Queens Pawn
39sm7Gpjy9A Blitz Chess #3491 vs IM vaske D Vasilevic Queens Pawn London Black
39vxxhHkfpk Blitz Chess #74 with Live Comments - Larsen 1 b3 vs IM Dutreuuw - insane game (w)
3ADzPHhHFbU Blitz Chess #3993 vs Northhampshire French Tarrasch White
3AWlevN9gMM Gashimov Memorial Round 8 Recap with Shakh Mamedyarov vs  Hikaru Nakamura Slav Defence
3AsQiqB-cyY Calculation and Tactics #015   Chess com Tactics Trainer 2600 level
3DMkXrXRPYM Blitz Chess #3454 vs GM Reinaldo Vera Nimzo Indian Rubinstein Black
3EUyzoxCAxk Blitz Session on ICC Dec 29 2012 - Nimzo Indian, English and Sicilian
3EuBgUIHNQs Blitz Chess #3623 vs IM rainmaker O Sepp Four Knights Black
3JybFIDw1mU How to get signed copies of Keep it Simple 1 d4
3KwFkR2AHmI Blitz Chess #2777 with Live Comments Veresov Opening vs Cheater with Black
3L-G6pR26RE Repertoire for 1 d4   Part 12 1 d4 d6 and 1 d4 g6
3LTGicyRIRU Blitz Chess #2743 with Live Comments Nimzo Indian Saemisch vs IM Tsubasa with White
3Lfk7dPMy5I Tea Session with Chessexplained #18
3LiK48uiRSI Blitz Chess #2713 Live Comments Larsen Opening 1 b3 vs Whiplash White Offbeat Week
3Lr0tWjRoOE 15 Min Chess #140 with Live Comments English Opening
3Mm5Ekn7eZo Blitz Chess #2651 with Live Comments Kings Indian vs IM Gabarchuk J ivanov with Black
3Mp32cJ0pH4 Blitz Chess #4776 vs Zucchini81 Kings Indian Attack White
3PUK1V8ZP_8 Blitz Schach #115 mit Livekommentar.avi
3PfUT9kAYb8 Blitz Chess #1488 with Live Comments Siclian Kan vs danielaus
3PkPX9fAqGk Blitz Chess #585 with Live Comments Queen's Pawn London System
3QdNj2F_ZJA Blitz Chess #2850 with Live Comments Snake Benoni vs Mozgokliuj with White
3RNkKOoIqIc In Memoriam Svetozar Gligoric: Najdorf vs. Gligoric, Mar del Plata 1953
3Rb5Hi61bkI Blitz Chess #807 with Live Comments French Rubinstein
3RvA6rFpTmk Blitz Chess #4943 vs PhantomAnton Maroczy Bind White
3S23cDZ7izU Blitz Chess #2607 with Live Comments Nimzo Indian Classical vs Shytn with White
3S89QshW9Nc Blitz Chess #4295 vs rpenquin Benko Gambit Black
3SAQVRkAe7c 15 Min Chess #51 - Reti Opening
3SBxYhn7gfI Blitz Chess #1901 with Live Comments Czech Benoni vs IM Dromedar Jesper Hall with White
3SjWFEOFg80 Blitz Chess #2554 with Live Comments Queens Gambit Accepted vs IM StepbyStep with White
3TFZv8KQdJs Blitz Chess #2262 with Live Comments Kings Indian vs FM Demo05 D Kerigan with White
3Tj0cUBGJ9U Blitz Chess #1211 with Live Comments Bird Opening
3UFVaaIZNH8 Blitz Chess #3803 vs GM DrainYou S B Hansen Scotch Game Black
3UHj5HzKsbM Blitz Chess #2190 with Live Comments Dutch Stonewall vs GM SnowKid with White
3UQF3krthPY Blitz Chess #2348 with Live Comments Queens Gambit Ragozin vs IM Tetrarch with White
3UUvaUsybto Blitz Chess #4035 vs Croque M Kings Pawn Black
3UVnTiL-cr4 Blitz Chess #3674 vs Matabolix Sicilian Moscow White
3UofqEmJAA0 Blitz Chess #1803 with Live Comments Slav Defence vs onduras with White
3V519PKuSOw Blitz Chess #4027 vs IM SurferRosa O Kobo Ruy Lopez White
3V5Az3vjweo Blitz Chess #4093 vs satranchess Italian Game Black
3V6YmncZdck Blitz Chess #4556 vs Riverboca Modern Defence White
3V8dc5Ph-Lo Blitz Chess #149 with Live Comments - Old Indian
3V_sUa4uhHs Blitz Chess #3927 vs Girome Vienna Game Black
3VbhqsboHu0 Blitz Chess #3423 vs PK15 Catalan Bogo Black
3Vu6G2tQoiE KIS 1.e4 contest winners drawn!
3WIbHK4qkI8 Blitz Chess #226 with Live Comments Siclian Dragon Maroczy
3Woj2UP1LkU Blitz Chess #3237 with Live Comments Queens Gambit Declined vs IM scacho with White
3XGFxXhct5M ICC 5min Blitz Schach mit Livekommentar #27
3Yh8JWJyMcQ Blitz Chess #4391 vs toodeepforme Reti Opening White
3YoPnLNP55U Blitz Chess #2170 with Live Comments Classical Kings Indian vs FM HSK M Hartikainen with White
3ZOrsD34_rI Blitz Chess #1194 with Live Comments Sicilian Taimanov
3ZXFUzxM8_E Blitz Chess #3099 with Live Comments Kings Indian Classical vs Nefertem with White
3ZrNlR6a1ok Blitz Chess #1311 with Live Comments Slav Defence
3_LGCr2B40k Blitz Chess #1636 with Live Comments Kings Indian Fianchetto vs Jesse with White
3a2QcgI0kI0 Blitz Chess #2924 with Live Comments English Symmetrical vs FM ercoleaccone with White
3aLd0pX-Rx8 Blitz Chess #4962 vs MOMO1404 Queens Gambit Tarrasch White
3bV_y1fYOjQ Blitz Chess #3261 with Live Comments Kings Indian vs FM Wolwerine L Alexandre with White
3bzGAMqQaA0 Blitz Chess #4858 vs almani1979 Kings Indian White
3cnqwsgIdpM Blitz Chess #4729 vs Wadaskathabodrabhoma QGA Black
3crHpJUA14c Blitz Chess #196 with Live Comments Modern Defence
3d3PVvR6aaU Blitz Chess #1117 with Live Comments Kings Gambit
3dOmQZy3ygA Blitz Chess #3684 vs Myway English Opening White
3eyxbvUoKVA Blitz Chess #4231 vs FM deEccher Siclian Dragon White
3fIX3rDM1Y0 Fight like Magnus released  - 2 free hours for you
3fityqw7MOQ Blitz Chess #4146 vs GM Suat Atalik Queens Gambit Accepted White
3gp4MtgF5sM Blitz Chess #4563 vs pepsi pepsi English Symmetrical Black
3gyEqLIrBQw Blitz Chess #2988 with Live Comments Bogo Indian vs IM DarkPassenger with Black
3hjXTIvuTNM Blitz Chess #2498 with Live Comments Czech Benoni vs matima with White
3iZw7jFuOU8 Blitz Chess #92 with Live Comments - Grunfeld Russian Variation vs  IM (w)
3ix8n08DmWI Blitz Chess #4558 vs Riverboca Nimzo Indian Romanishin Black
3j42aa4I9-U Blitz Chess #1208 with Live Comments Dutch Defence
3kOOJVrlFjw Blitz Chess #2868 with Live Comments Reti Opening vs osthans with Black
3kz_eUtOTRk Blitz Chess #1756 with Live Comments Kings Indian Averbakh vs AkabaInTheHouse with White
3leemwk7oF4 Blitz Chess #2185 with Live Comments Slav Defence vs josuevm with White
3nVh9TfOg24 Blitz Chess #2889 with Live Comments Modern Benoni vs papoal29 with Black
3ntGxKQRdzM Blitz Chess #2306 with Live Comments Queens Pawn London vs ALIAS with Black
3opqFNm_m0Q Blitz Chess #2357 with Live Comments old Indian vs ChessIPO with White
3pmaH9zdlAU Blitz Chess #4419 vs Chessmaster640 Irregular Opening White
3ppYajPGeuA Blitz Chess #4647 vs KremenetskyAlexander Queens Pawn Black
3rMQxY2xZTA Blitz Chess #4552 vs mehranasteh French Tarrasch Black
3rMcTWgKzqA Rapid Chess #239 vs bahamaswadeh Sicilian Maroczy Bind White
3sF_-e_hUBA Blitz Chess #4268 vs IM DarkPassenger Reti Opening White
3sMPClosOWQ Blitz Chess #1973 with Live Comments Trompowsky vs Wargasm with Black
3sSEi23pd3w Blitz Chess #3005 with Live Comments Dutch Leningrad vs Zhuzhenghai008 with Black
3shP4X_z6hI Blitz Chess #4551 vs Rinachess Reti Opening White
3twv0XZrFS8 Blitz Chess #826 with Live Comments French Tarrasch
3txoOJ6ACzs Blitz Chess #730 with Live Comments Sicilian Alapin c3
3v2z7xQeAS0 Blitz Chess #749 with Live Comments Trompowsky
3w3S4pyxnmc Blitz Chess #1064 with Live Comments Semi Slav Triangle
3wERl41K-ww Blitz Chess #1376 with Live Comments Siclian Grand Prix
3wYv6xInBL0 Blitz Chess #2449 with Live Comments Queens Indian vs yyh20040918 with Black
3xsY3F3Cboc Blitz Chess #1931 with Live Comments Nimzo Indian Rubinstein vs zhuzhenghai008 with Black
3xtq1MJpl_Y Blitz Chess #2335 with Live Comments English Opening vs IM JamyTheSaint with White
3xyweRP--yk Blitz Chess #2912 with Live Comments Czech Benoni vs IM Joorge with White
3ykb3xNiFf0 Blitz Chess #2499 with Live Comments Queens Gambit Declined vs Enzo25 with White
3zNxKvGjbYc Blitz Chess #1408 with Live Comments Queens Gambit Chigorin vs FM Mataleo
3zin9wF9YwY Rapid Chess #248 vs Iggyrock Sicilian Maroczy Bind Black
4-kTxHJW9ko Blitz Chess #1170 with Live Comments Bogo Indian
40R_eRWaql0 Blitz Chess #1991 with Live Comments Queens Gambit Declined vs GM teamglud J V Glud with White
41I8MmuBtEY Blitz Chess #299 with Live Comments Slav Main Line
43t-q_XhTz0 Blitz Chess #2381 with Live Comments Kings Gambit vs asdghjrtyiop with Black
43za3qtISpo Tata Steel 2014 Final Round Recap
44-_tUyxDrw Blitz Chess #4498 vs sharifo Alekhine's Defence White
44WfPkSWyfY Blitz Chess #79 with Live Comments - Ruy Lopez Exchange (b)
45H8oLxGTik World Championship Candidates Moscow 2016 Round 11 Recap
45U3YSCFvnQ Candidates 2014 Round 12 Highlights
45hVCn5eEfQ Blitz Chess #4348 vs GM UltraMate English Opening Black
46rwu8CA5-I Blitz Chess #2580 with Live Comments Kings Indian vs BoltThrower with Black
47B8PGwhBoQ Blitz Chess #2302 with Live Comments Slav Defence vs legend2014 with White
47iwt5a0tK8 Blitz Chess #2370 with Live Comments Slav Chebanenko vs GM Goldmund A Rustemov with White
48ORqTGD1IM Blitz Chess #4863 vs Gmedmundo Queen Pawn White
49jFXu9O4mI Blitz Chess #4671 vs Faibonix Petroff Black
4A2TJmtwriw Blitz Chess #261 with Live Comments English Owen Defence e6 b6
4A4lvMZ3w7g Blitz Chess #391 with Live Comments Nimzo Rubinstein Hubner Variation
4B3I-ntqmUQ Blitz Chess #3581 vs GM Tal Baron Nimzo Indian Black
4B6opfdZJJE Blitz Chess #3206 with Live Comments Bogo Indian vs mmweber with Black
4BDwancAXuw Blitz Chess #4520 vs magho French Winawer Black
4CZ_-1EJZZ0 Blitz Chess #4645 vs vladtok QGA Black
4CutKKuVKZE Blitz Chess #2827 with Live Comments Queens Gambit Accepted vs Grigoryan with White
4DPSq2IUVuo Blitz Chess #4489 vs Riverboca Scotch Four Knights White
4E6tEWrUPY0 Blitz Schach #133 mit Livekommentar.avi
4FJ9gn_2CLs Blitz Chess #4844 vs Muha750 Queens Gambit Tarrasch White
4FdTJ_v67GI Blitz Chess #2462 with Live Comments Czech Benoni vs FM HSK M Hartikainen with White
4FtHM2CbKqw Blitz Chess #707 with Live Comments Sicilian Alapin
4GDG5NjYqPU Chess Endgames #015 - van Wely vs Kramnik Good vs Bad Bishop
4GLdH6DIVaU Blitz Chess #3906 vs giovannijow Sicilian Kan White
4GdEwkKYc8c Blitz Chess #3847 vs IM jimmy schlumpf  U Schulze Queen Pawn Anti Benko
4HL12ke78Xk Blitz Chess #3933 vs pedroopaiva Siclian Scheveningen White
4IspQ_GQf44 Blitz Chess #1943 with Live Comments Scotch Opening vs AkabaInTheHouse with Black
4JkVr8uo_as Blitz Chess #4155 vs jc arias Queen Pawn Colle Black
4Jlctw1Z6Kg Istanbul Chess Olympiad 2012 Rd 9: Nakamura risks it all to beat Kramnik!
4JojWIpXP98 Blitz Chess #545 with Live Comments Sicilian Najdorf
4JpxUeyteNE Blitz Chess #2609 with Live Comments Queens Gambit Declined vs GM A Adly with White
4KYMavkcLG8 Blitz Chess #164 with Live Comments  Queen's Pawn Colle
4MD3XXhxupg 15 Min Chess #138 with Live Comments Caro Kann Panov
4MNa5S-IQqE Istanbul Chess Olympiad 2012 Rd 5: Aronian attacks Ivanchuk - Zatonskih shocked
4N-XJaw5PIg Blitz Chess #713 with Live Comments QGA
4N1Br8hr4UA Blitz Chess #2525 with Live Comments Modern Benoni vs Wargasm with Black
4OJYheaqMhA Blitz Chess #2131 with Live Comments Reti Opening vs anpigo with White
4PHWS4KrkVE Blitz Chess #1649 with Live Comments Keres Defence vs peksi with White
4PZ36eJcNBg Blitz Chess #1574 with Live Comments Kings Indian Petrosian vs veganito
4QLHRfMhe_k Blitz Chess #4726 vs perama Slav Exchange White
4QT0ijuoAcU 15 Min Chess #167 with Live Comments Queen's Gambit Declined
4QVgIX-YxOc Blitz Chess #2279 with Live Comments Modern Defence vs IM Invisibleman with White
4RYAeVB8A9Q Blitz Chess #3086 with Live Comments Ruy Lopez Zaitsev vs Carrocero with Black
4S14jHW7kH4 Blitz Chess #3643 vs IM AMoreno Ruy Lopez Black
4S6bSyOtbXA Blitz Chess #4924 vs Kasteajedrez Slav Chebanenko Black
4UDQ5zrpZoQ World Championship Candidates Moscow 2016 Round 13 and 14 Recap Final Video
4UKi3qsH3DQ Blitz Chess #3759 vs Shellfish Trompowsky White
4USUtWPMCXM Bullet Rematch vs  Kingscrusher Part 1 Sep 23 with Dual Commentary
4UzBuPo3QQM Blitz Chess #4008 vs Myway Sicilian White
4VbkW_WlkEc Blitz Chess #537 with Live Comments French Exchange
4WB0axWFHCA Blitz Chess #3328 with Live Comments Old Indian vs FM ALIAS R Zhenetl with White
4WXaHFdNWkY Blitz Chess #4469 vs xj5 English Symmetrical Black
4WeBuYmhqAs Blitz Schach #62 mit Livekommentar
4XLASkghNnk Blitz Chess #4826 vs Yurri Sicilian Rossolimo White
4XxFLIGyVuA Blitz Chess #3098 with Live Comments Sicilian Maroczy Bind vs saknight with White
4Y8OEg1AHt8 Tea Session with Chessexplained #1
4Z5auBH50JI Blitz Chess #4494 vs ESP 918 Orang Utan Black
4_4SDheCu7g Blitz Chess #410 with Live Comments Siclian Smith Morra
4_rXbMsWq8Y 15 Min Chess #99 with Live Comments Symmetrical English
4aXWMZxA_qk Blitz Chess #435 with Live Comments London System
4aaprfRAWZ4 Blitz Schach #104 mit Livekommentar
4bKU9XD-7Nc Highlights of the 30 muted videos
4bNxzv2IlPw Blitz Chess #3223 with Live Comments Scotch Game vs cdani2 with Black
4bezWg86ENc 15 Min Chess #56 with Live Comments Bishops Opening
4cC4q685KGw Blitz Chess #2152 with Live Comments English Defence vs ferdia with Black
4cZgcs-rvOY Rapid Chess #263 & 264 vs knightKenan Reti and English Opening
4dV6i280wIg Blitz Chess #2831 with Live Comments Kings Indian vs WONPAWN with White
4dfageOHMk4 Blitz Chess #4148 vs viaInovich Nimzo Indian Classical White
4dohhYd2ZQg KIS 1 d4   Chapter 11   Preview
4dt4bxCU0yU Blitz Chess #1581 with Live Comments Queens Gambit Tarrasch vs refxfer with White
4e5mYKK1ij4 Blitz Chess #1363 with Live Comments Queens Indian
4fKGfhK5jSE Blitz Chess #4282 vs Myway Budapest Gambit White
4fliAAkXcIQ Blitz Chess #2480 with Live Comments Kings Indian Classical vs IM Olegas O Krivonosov with Black
4hczCuC7_Ow Blitz Chess #2059 with Live Comments Queens Gambit Accepted vs IM Jugulator with White
4jW2M4D2iUw Blitz Chess #290 with Live Comments Sicilian Smith Morra
4kBb07c1CfY Live Blitz Game D.Fridman (2653) vs. S. Rublevsky (2693)
4klUKcZrIow Blitz Chess #4060 vs Nefertem Sicilian Najdorf White
4lBleBiyy9Y Blitz Chess #1657 with Live Comments Queens Gambit Declined Orthodox vs BornInBC with White
4la15TckNgU Blitz Chess #2501 with Live Comments Veresov Opening vs Cupid11 with Black
4lrgAGnNrSU Blitz Chess #3740 vs chess4good Evans Gambit Black
4mbmux8mqL8 ICC Livestream Feb 01
4nW4w6k91xk Blitz Chess #835 with Live Comments Ruy Lopez Chigorin
4oJarnR0RkE Blitz Chess #3388 vs IM inmortal Trompowsky Black
4os4eCCwQVU Blitz Chess #555 with Live Comments Modern Defence
4qWRNwgKFhg Blitz Chess #894 with Live Comments Caro Kann Burmakin Variation
4qYHJsIzX8c Blitz Chess #2895 with Live Comments Sicilian Taimanov vs pasha with Black
4rZaHSp1lM0 Blitz Chess #1627 with Live Comments Queens Pawn vs Blitzrider with White
4sZG_hN_cB4 Blitz Chess #874 with Live Comments QGD Bf4
4uEGHIDZngw Blitz Chess #2150 with Live Comments Nimzo Indian Classical vs mh1982 with White
4uYPupCyUE4 Blitz Chess #1222 with Live Comments Torre Attack
4uqrnozBwCc Blitz Chess #4505 vs mared2 Petroff Black
4w-46M_ih84 Blitz Chess #646 with Live Comments Sicilian Sveshnikov
4wMg0sVQaqE Blitz Schach #99 mit Livekommentar
4xdC_Nr3hqs Blitz Chess #4829 vs PastukhovNicolay Queens Pawn White
4xnF0Wy2xDU Blitz Chess #4365 vs rotebete Queens Pawn London Black
4y4cxzTNyyY Blitz Chess #1827 with Live Comments Caro Kann Panov vs GM taktikus Zoltan Medvegy with White
4yHVFgcyN7Q Blitz Chess #1472 with Live Comments Grünfeld 5 h4 vs CoolWizard GM Dimitri Jakovenko Elo 2730
4zrs-fwcohg Blitz Chess #306 with Live Comments Caro Kann Bronstein Larsen
519DoeKJwOM Blitz Chess #1720 with Live Comments French Winawer vs GlenQuagmire with Black
52IunvIu5ho Geller vs the Sicilian - a classic attacking game
52MGiJKzn7w Blitz Chess #2188 with Live Comments French Winawer vs Fritzka with Black
52fRSngE9U0 ICC Liveshow Nov 06 2017
52pYXEK4TmI Blitz Chess #3254 with Live Comments Queen Pawn Torre vs Uptowngirl with Black
530tplbX_hw Blitz Schach #23 mit Livekommentar
54nBlJTklAY Blitz Chess #2916 with Live Comments Grunfeld vs IM Astaneh with White
54ppcdp1128 Blitz Chess #2276 with Live Comments French Winawer vs Fritzka with Black
55DIzu-vQ2E Great Games of Anand and Carlsen Part 20: Carlsen-Jakovenko, Nanjing 2009
56fWqs8GG20 Blitz Chess #4675 vs mani0063 Queen Pawn Colle Black
57G1_vPko6k Blitz Chess #2792 with Live Comments Italian Game vs cau with White
57KOC7m8yQw Blitz Chess #1132 with Live Comments Dutch Leningrad Viewer Challenge
58B5ObTUTSY Blitz Chess #3792 vs IM Tacticquotacotac M Cotonnec English Opening White
59n2wHt4yKw Blitz Chess #701 with Live Comments Ruy Lopez Schliemann
5Afl0R8zAo4 Blitz Chess #1893 with Live Comments Sicilian Moscow vs Hisoka44 with White
5AphpDq1KcU Blitz Chess #1725 with Live Comments Nimzo Indian vs KillerQueen with Black
5B5n3_MHVGs Blitz Chess #969 with Live Comments French Defence Steinitz
5BJQBKT0GWE Blitz Chess #1555 with Live Comments French Tarrasch vs thxgg
5BMLZcxosgQ Blitz Chess #953 with Live Comments Nimzo Indian Zurich Variation
5BsS5BM6t0U CEs GM Tournament   The Good, The Bad and the Ugly Pt II
5CHEq9xDSmw Blitz Chess #2394 with Live Comments Queens Gambit Ragozin vs Papoal29 with White
5D8IDU8ub3w Blitz Chess #930 with Live Comments Catalan Open Variation
5DUbJoz4_o0 Blitz Chess #2495 with Live Comments Kings Indian Four Pawns vs FM Amnezia with Black
5DXcTQY3lbk Blitz Chess #4526 vs bachess 76 French Exchange White
5DhYXZuagEU Blitz Chess #4269 vs IM Joorge Joorge Opening White
5F9nVg_WR1E Blitz Chess #3326 with Live Comments Queens Gambit vs Mozgokliuj with Black
5GM0sG3UPKk Blitz Chess #2091 with Live Comments Slav Defence vs IM Kirlian Carlo d Amore with White
5GQJjDSwOKo Blitz Chess #4931 vs ZeBebelo Gruenfeld Fianchetto White
5H0NHObNX88 Blitz Chess #4055 vs vishwa64 Siclian Kan White
5H68SELAm40 Opening Disasters #001 Motwani vs Sielecki The Lone Warrior
5HIE1b6b7as Blitz Chess #1660 with Live Comments Danish Gambit Declined  vs bedford with Black
5HXf02Mxkvw Blitz Chess #2073 with Live Comments Trompowsky vs IM Alexser with White
5HppgrrDrqE 15 Min Chess #109 with Live Comments Kings Indian Defence
5HzIvFo-v0w Blitz Chess #2658 Live Comments French Tarrasch vs IM Mrgladsaxe N Mikkelsen White Opening Challenge
5HzxkMqzc8E Blitz Chess #2303 with Live Comments French Winawer vs swop IM M Mueller with Black
5IJajNe1BlU Blitz Chess #165 with Live Comments Queens Gambit Accepted
5INTB5Z9BvY Tata Steel 2016 Round 11 Recap
5JHHg72qp7Y Blitz Chess #2443 with Live Comments Ruy Lopez Closed vs GM Yardbird E Lobron with Black
5JYSfoWfSd8 Announcement Chess24 Banter earlier today Sep 04 at 4 30 PM CET
5KPNJSbtnz8 Blitz Chess #2737 with Live Comments Double Fianchetto vs FM Wolwerine L Alexandre with White
5KX7obcsRF0 Blitz Chess #3096 with Live Comments Blumenfeld Gambit vs IM Borizlo B Zlotnik with Black
5KnIbSgj330 Blitz Chess #2371 with Live Comments French Advance vs djfox with Black
5Kuf_6TH9H0 Blitz Chess #1143 with Live Comments French Tarrasch
5LjsVgifbNo Blitz Session on ICC Nov 13 2012
5LvanveSFcg ICC Livestream May 15
5MrP_FrW8Gg About video comments and my replies
5O14ZwuG9fI Blitz Chess #4040 vs Littlemaster Sicilian Kalashnikov White
5PLSVFpo6EE Blitz Chess #1106 with Live Comments Sicilian Closed
5Q2d-zhZCPU Blitz Chess #1713 with Live Comments Modern Defence vs IM StepbyStep with White
5QAZ8gwDXMs Blitz Chess #2678 with Live Comments French Steinitz vs Aspandos with Black
5SlNDxr1_7Y Blitz Chess #1927 with Live Comments Ruy Lopez vs GM Lunaticx Peter Michalik with Black
5Uq67g9cOKQ Blitz Chess #4115 vs FM KONT Queens Pawn London Black
5UtH7W10TfA Blitz Chess #3571 vs FM Wolwerine Ruy Lopez Black
5V3fp3vdMmw Blitz Chess #3029 with Live Comments Queens Gambit Ragozin vs IM Antidrome with White
5V9Zgy2XafQ Blitz Chess #3081 with Live Comments Queens Gambit Exchange vs acibor with Black
5WBMtgO-mfw Blitz Chess #2987 with Live Comments Wacky Defence vs IM Alvar Alonso Rosell with White
5Wt0oepToWY Blitz Chess #4705 vs Mohammad1763 Catalan White
5WzYAdgbyRg ICC Livestream July 31
5XHCx6P56oY Blitz Chess #3819 vs skiman English Opening White
5Xd4PDfsFYE Blitz Chess #4929 vs LoiuseMichel Trompowsky Black
5YLeFS10N8s Livestream Aug 31 2015
5YvXZg8WVwg Blitz Chess #2627 with Live Comments Queens Indian vs ZhuZhengHai008 with White
5ZLYBfZiquw Blitz Chess #3866 vs amarcord Caro Kann White
5ZbjEscxlL0 Blitz Chess #2517 with Live Comments Kings Indian vs GM Psycho Cowboy Simon Williams with White
5ZtKCOVFEUs Blitz Chess #3926 vs Chuchundra Kings Indian Attack White
5__8ADmYjcQ Opening Challenge - looking for feedback!
5_j6w6uM_FU Blitz Chess #1213 with Live Comments Queens Pawn
5_vqkZbwDNw Sinquefield Cup 2015 Round 3 GOTD Carlsen vs Vachier Lagrave English Opening
5bOs3vvSp5o Blitz Chess #3143 with Live Comments Trompowsky vs sobachu with Black
5bikATv63e0 Blitz Chess #1022 with Live Comments Kings Indian Makagonov
5bkMGa_6WLE 15 Min Chess #127 with Live Comments Queens Gambit Exchange
5btWyrmcfvM Blitz Chess #3663 vs GM Lunaticx P Michalik Slav Defence White
5bvA1Rv1dC0 Blitz Chess #3487 vs IM Numerianus S Beltran Rueda English Opening Black
5c35P1DwK80 Blitz Chess #1107 with Live Comments Caro Kann Burmakin Variation
5ejhy97E5lc Blitz Chess #4821 vs Humboldtkalmar Catalan White
5etkzbIRgwQ Blitz Chess #372 with Live Comments Semi Slav 6Qc2
5fy1j_KDwKs Chess Endgames #008 - Basics - Queen vs Rook without pawns
5gOlEY8fqkY Blitz Chess #284 with Live Comments Sicilian Najdorf
5hugoWxhPfc Blitz Chess #4064 vs IM Checharov Queens Pawn Black
5i_sIIvICUw Blitz Chess #965 with Live Comments Reti Opening
5ibxMTunLXE Blitz Chess #3334 vs Redox Queens Gambit Declined White
5k5NawCDbds Blitz Chess #4686 vs mahrous atef Bird Opening Black
5m_sbdw95mQ Blitz Chess #645 with Live Comments French Winawer
5mekAKvw7uk Blitz Chess #1439 with Live Comments Blumenfeld Gambit vs tizteh IM Vladimir Smirnov
5mpuS_FRlf0 Blitz Chess #2415 with Live Comments Nimzo Indian Classical vs Auto Mate with White
5nKNDY0nvH0 15 Min Chess #61 with Live Comments Caro Kann Bronstein Larsen
5o-ftwjPdZ4 Blitz Chess #2151 with Live Comments Modern Defence vs IM Karlstad Yuri Krupenski with Black
5oE5de5g47U Blitz Chess #1136 with Live Comments Slav Defence
5pAn2DO1XGQ Blitz Chess #1908 with Live Comments Sicilian Closed vs FredMatsuura with Black
5pKryOsuZ0I Blitz Chess #4292 vs IM A Yasseen Ruy Lopez Chigorin Black
5pN-OB09UlU Blitz Chess #2921 with Live Comments Nimzo Indian Classical vs WGM Huba with White
5pyDQNNxPDQ Blitz Schach #39 mit Livekommentar
5qETUBsSXAU Blitz Chess #3359 vs Brady6 Slav White
5r1Z6jFtqDA Blitz Chess #1549 with Live Comments Grunfeld vs metaboisso IM Boissonnet
5rkOkGSeOGI Blitz Chess #2851 with Live Comments Caro Kann Panov vs GM Radamanthis with White
5s9iM4V7gNk Blitz Chess #1700 with Live Comments Sicilian Kalashnikov vs pointdujour with Black
5sQHvwAgFqM Blitz Chess #4856 vs Dnnv Queen Pawn Torre White
5sf_wnxpZ_4 Blitz Chess #4174 vs FM Softplay English Symmetrical White
5tv4y6rfAd8 Blitz Chess #1831 with Live Comments Reti Opening vs ManofLight with White
5u6PPOHfHrY Blitz Chess #2749 with Live Comments Dutch Leningrad vs ZTFS with Black
5u97d6TSZyo Chess World Championship Match Chennai 2013 Game 3: Carlsen-Anand, Reti Opening
5vbHAlocyhE ICC Livestream Dec 21
5w1dYncwDaU Blitz Chess #1051 with Live Comments Slav Chebanenko
5xEU_WQP5O0 Blitz Chess #2388 with Live Comments Benko Gambit vs Myway with White
5zedXg6Uhgs Blitz Chess #1749 with Live Comments Sicilian Closed vs natrost2000 with Black
5zptihlPKX4 Blitz Chess #2579 with Live Comments Queens Gambit Declined vs Woss with White
6-7FEUglzlo 15 Min Chess #55 - Kings Indian Petrosian
6-dkq-bmkEQ Blitz Chess #3200 with Live Comments Queens Gambit Declined vs IM Olegas O Krivonosov with White
60g2SWDsFRY Blitz Chess #4791 vs tim808 Spanish Four Knights Black
616ln9R78RE Blitz Chess #3476 vs IlkkaM Kings Indian Classical White
61xCAz-WPqo Tata Steel 2017 Highlights Round 6
620dq_Bg73c Blitz Chess #891 with Live Comments English Opening Reversed Grand Prix
62UlLeaIWfE Blitz Chess #1200 with Live Comments Benko Gambit
62uK5tqit88 Blitz Chess #3513 vs Woodpusher2010 Kings Indian Makogonov White
63ZRdkwRY1E Blitz Chess #442 with Live Comments Two Knights Defense
63gRnxrUYnI Blitz Chess #767 with Live Comments Kings Indian Makagonov 6 h3
65U3BA4SlEA Blitz Schach #96 mit Livekommentar
67CE95sDhvs Blitz Chess #139 with Live Comments - French Defense
69H7n30fztI Blitz Chess #3535 vs Ploppe Nimzo Indian Classical White
69zflz2LO3A 15 Min Chess #186 with Live Comments Kings Indian Petrosian
6AXIVctB2PY Blitz Chess #546 with Live Comments French Rubinstein
6BCeO2oaSR8 Blitz Chess #3011 with Live Comments English Symmetrical vs FM AlonzoMosely with White
6BRSDu3_MuE Blitz Chess #1817 with Live Comments Sicilian Kan vs iende with Black
6BvPoCXjiJY Blitz Chess #637 with Live Comments London System
6CAfu8Z5PDM Blitz Chess #3884 vs GM Mandragoro Scotch Four Knights Black
6CFjZ50jcyw Blitz Chess #2622 with Live Comments Queens Gambit Chigorin vs Jahudor with White
6DAG0T59W8I Blitz Chess #1623 with Live Comments Kings Indian Four Pawns vs Panopticon with Black
6DClnuYz7E4 Fight 1 e4 like Caruana    Preview Ch 7
6DDQU-skin0 Blitz Chess #3809 vs IM Kirlian Carlo d Amore Reti Opening White
6E6UHiR-j2o 15 Min Chess #35 with Live Comments - Ruy Lopez Berlin
6EVMjHc9_R8 Blitz Chess #944 with Live Comments Double Fianchetto
6GG8rV6qvfA Blitz Chess #4589 vs FaultyBagnose Pirc Defence White
6GbZj2XYUc4 Blitz Chess #204 with Live Comments Nimzo Indian Classical 4 Qc2
6GmbKPLqD_o Vacation Video #3 Quick Simul Aug 23
6HZMHCxUVp4 Blitz Chess #390 with Live Comments Caro Kann Bronstein Larsen
6HuvlrTxyYU Blitz Chess #636 with Live Comments Sicilian Dragon Classical
6JbuCl-l638 15 Min Chess #112 with Live Comments Ruy Lopez Closed
6KoD-QSulBo Blitz Chess #4700 vs justaddmagic French Exchange White
6LfROqqVx7k Blitz Chess #990 with Live Comments Alekhine Defence
6Lxry1qRWLo Blitz Chess #2019 with Live Comments Queens Indian vs BajenMan with Black
6MAvj5h9br8 Blitz Chess #3498 vs FM HouseOfFun I Cohar Queens Gambit White
6MgSGb9aLvA Candidates 2014 Round 11 Highlights
6MpymyiRWZQ Blitz Chess #1349 with Live Comments French Defence
6Mxi3xswxHE Blitz Chess #1570 with Live Comments Kings Indian vs guidez with Black
6NPDEkZnw58 Blitz Chess #905 with Live Comments French Winawer
6Nx8VFEmIOo Blitz Chess #4546 vs Riverboca Scotch Four Knights White
6O8dYIpBuT8 Blitz Chess #1019 with Live Comments Benko Volga Gambit
6PM7SAeT01E Blitz Chess #2672 Live Comments Queens Pawn vs rekt1 Black Opening Challenge Week
6P_5DoNk2tk Rapid Chess #265 vs Marekmrvicka Semi Slav White
6SMZzhtJuuA Aronian vs McShane - Tal Memorial 2012 Game of the day - Slav Defence
6SdJmklokHc Blitz Schach #97 mit Livekommentar
6SxZuODMu2I Blitz Chess #3622 vs ASidorov Kings Indian Makogonov White
6U0xvDQK_ms Blitz Chess #2366 with Live Comments Queens Gambit Ragozin vs IM Reylear with White
6UChjbwdeNM Blitz Chess #3901 vs Myway Scotch Game Black
6UZiYNGJnlo Blitz Chess #4441 vs guidez English Opening White
6VOReSlfsoY Blitz Chess #234 with Live Comments Sicilian Scheveningen
6VaOidKp88w Blitz Chess #733 with Live Comments Caro Kann Panov
6VoyNfvcH18 Blitz Chess #899 with Live Comments Scotch Opening
6XmgU9JAqdM 25 10 Rapid Chess #226 with Live Comments Italian Game vs Frank216 with Black
6ZrQ3dNdRtY Blitz Chess #2386 with Live Comments Vienna Game vs Dubya with Black
6_dIHqUebkM Candidates 2014 Round 6 Topalov vs Kramnik Queens Gambit Declined Bf4
6a5eQ37r-cs Blitz Chess #4848 vs Lavi12 Sicilian Maroczy Bind White
6aDYeilRNek Blitz Chess #2227 with Live Comments Queens Gambit Chigorin vs kromos with White
6aWBXlL3UK4 Blitz Chess #3258 with Live Comments Modern Defence Sniper vs natrost2000 with White
6aeGFJSobF8 Blitz Chess #3544 vs Ungeziefer Ruy Lopez Smyslov Black
6bbjpdzjMHQ 15 Min Chess #10 with Live Comments - Sicilian Sozin
6c3SZN7m23g ICC 5min Blitz Schach mit LIvekommentar #9
6cxa3Qv5WeI Blitz Chess #1655 with Live Comments Larsen Opening 1 b3 vs IM Joorge with Black
6d-GxUd4h1Y Blitz Schach #81 mit Livekommentar
6dV7usSaUJ8 Great Games of Anand and Carlsen Part 18: Carlsen Gelfand, Tal Memorial Moscow 2011
6dlI9yGPEus Blitz Chess #4158 vs pasofino Ruy Lopez Exchange White
6dzWZN3T4Ts Blitz Chess #1333 with Live Comments Kings Indian Four Pawns Attack vs anonymous IM
6eOYXHoRNPY Nimzo Ragozin for Black - Ragozin Qa4+ Preview
6fQ7pszvZB8 Blitz Chess #1386 with Live Comments Queens Gambit Tarrasch Variation
6ge9Iizaw5E Blitz Chess #1445 with Live Comments Bogo Indian vs Wargasm
6grEr86nuR8 Blitz Chess #3985 vs GM Ricardi Siclian White
6h3H0vfmEWU Tata Steel 2015 Round 5 Recap
6k3wR5GSUs8 Blitz Chess #3233 with Live Comments Trompowsky vs Tukey with White
6k8Sh8rlIus Blitz Chess #2468 with Live Comments Queens Indian vs ZhuZhenghai008 with White
6kv9aPNqyLU Blitz Chess #3034 with Live Comments Queens Gambit Tarrasch vs BitsofKoin with White
6l5yEc7l9-w Calculation and Tactics #009   Bologan vs Milov Moscow 2003
6lLSeh_mMV0 Blitz Chess #2153 with Live Comments Slav Defence vs phatkat with White
6lZsF6_tiVI Blitz Chess #1088 with Live Comments Sicilian Defence
6m5NHGzX7Y8 Blitz Chess #3091 with Live Comments Queens Pawn Chigorin vs kromos with White
6mNNDZcVw2M Blitz Chess #3489 vs CuatroPrincesas Scotch Opening Black
6nNTwf9eIC8 Dual Commentary 5 min Blitz vs. Kingscrusher Game 2
6oq-bkAn5P0 Blitz Chess #3060 with Live Comments Nimzo Indian Saemisch vs GM ProfessorSmith with White
6pTRIZrgskI Merry Christmas Live Stream Dec 26
6r3C8EULkBU Blitz Chess #2042 with Live Comments Kings Indian Classical vs JohnDTerminator with White
6sAwZrO78PU Blitz Chess #4140 vs Debomartarte Sicilian Closed Black
6sH2aPOcLTM Blitz Chess #2788 with Live Comments Nimzo Indian Classical vs IM mishel M Agopov with White
6t1s-uQGUYI Blitz Chess #4748 vs Honigdachs Sicilian Rossolimo White
6t93eJhTN7I Blitz Chess #1622 with Live Comments Nimzo Indian Saemisch vs Doofenshmirtz with White
6tSVHuoPMOA Blitz Chess #932 with Live Comments Alekhine Defence
6tr0hh6j9t0 Blitz Chess #3725 vs IM VanImpe C Troyke English Opening Black
6tw-v-jDrZE Blitz Chess #2878 with Live Comments Sicilian Smith Morra vs H Sacrifices with Black
6twCLZZ8AjE Announcement Chess24 Banter today July 02 at 9 PM CET
6u_oY_9CwG8 Blitz Chess #3976 vs IM flyaway L P Supi French Tarrasch White
6ufUUMVsSRU Blitz Chess #4074 vs refxfer Queens Gambit Tarrasch White
6v2b8IrFlwo Black Repertoire 1 e4 e5 Part 7 Scotch Game
6vQSLrnA_AU Blitz Chess #2455 with Live Comments Queens Indian vs GM Yardbird E Lobron with Black
6w0g7uanRDk Blitz Chess #1166 with Live Comments Benko Gambit
6wKpg_fZMrI Blitz Chess #1869 with Live Comments Siclian Kalashnikov vs GM Lunaticx Peter Michalik with Black
6wO-xiqqKXU Blitz Chess #4304 vs umsokn Sicilian Maroczy Bind White
6wS0B2MEUbU Blitz Schach #91 mit Livekommentar
6wwIe7nMu_Y Blitz Chess #4507 vs osaid Slav Defence Black
6x0Oxo6c-jc Blitz Chess #3368 vs IM Checharov Nimzo Indian Rubinstein White
6xPfFkpOh70 Blitz Chess #3364 vs HarnFer13 Bogo Indian Black
7-3XJ4TA8Dc Blitz Chess #1264 with Live Comments Grunfeld
7003tKd-IDI Blitz Chess #3296 with Live Comments Queens Gambit Declined vs IM Lightlike M Zumsande with White
707UdPzD_9s Blitz Chess #2783 with Live Comments Queens Pawn vs Ezdanitoff with Black
70JKlnhTYkc Blitz Chess #4779 vs kerin84 Kings Indian Attack Black
738NcyjSTuo Blitz Chess #2768 with Live Comments Nimzo Indian Classical vs GM Aguzeda with White
73V8a1GniaI Blitz Chess #4326 vs Uitvreter Benko Gambit Black
73wSdrh-Vgs Blitz Chess #1069 with Live Comments Caro Kann Advance
74BwpIbIwRA Blitz Chess #3967 vs IM Jugulator Sicilian Taimanov White
74G89MZif1s Blitz Chess #2840 with Live Comments Old Indian vs KourisM with White
74brE2pvwDQ Blitz Schach #69 mit Livekommentar
75ibw1VTfFM Blitz Chess #4788 vs Boris Z Sicilian Nimzovich White
75lLWD4BS_8 Tea Session with Chessexplained #16
77LYaEYAwV0 Blitz Chess #2932 with Live Comments Reti Opening vs GM Psychik T Roussel Roozmon with Black
77oHnhpVYSI Blitz Chess #1599 with Live Comments Queens Gambit Chigorin vs kromos with White
77rDcAvWCwY Blitz Chess #3452 vs IM totus Ruy Lopez Chigorin Black
78k2fZTdnWc Blitz Chess #4153 vs GM TakeMeHome Ruy Lopez Exchange White
79ZUjVxGsvI Blitz Kibitzing on Russian Champs Nepomniachtchi and Andreikin
7AqpvAIM5jI Blitz Chess #4423 vs GM BlackCoffee English Opening Black
7B4YFVJ9EAQ Blitz Chess #489 with Live Comments Caro Kann Bronstein Larsen
7BcYQ8KVzTY Blitz Chess #1030 with Live Comments French Steinitz
7BlzWE3PWeM Blitz Chess #2459 with Live Comments Kings Indian Gligoric vs TheChichos with White
7Cjd_rFJJE4 Blitz Schach #36 mit Livekommentar
7D19l0QV32k Blitz Chess #2661 Live Comments Sicilian Rossolimo vs GM Yardbird E Lobron Black Opening Challenge W
7DiBOJNx7DM Blitz Chess #4633 vs marschall91 Modern Defence White
7Dj3ZonS7iU Fight 1 e4 like Caruana    Preview Ch 1
7F0gTMUrltg Blitz Chess #3959 vs GM Taktikus Z Medvegy French Rubinstein White
7GaRYT7bAuA OTB Tournament Game   Sielecki vs Durakovic Sicilian Maroczy ECC Bilbao 2 of 5
7Gf_YkyO0OI Blitz Chess #1813 with Live Comments Kings Indian Fianchetto vs staribak with White
7I8pmON-DeU Blitz Chess #1856 with Live Comments Dutch Defence vs FrenchDefense with White
7IIb27OqMBA Blitz Chess #2146 with Live Comments Queen Pawn Colle vs zwickmuehle with Black
7K-_3VaEFNY 3 Min Session on ICC Apr 07 2012
7K7wh6r-Uj4 Blitz Chess #3120 with Live Comments Vienna Game vs GM Rikikits M Lagarde with Black
7LQ1xuZnooc Chess World Championship Match Chennai 2013 Game 6 Anand Carlsen, Ruy Lopez Berlin 4 d3
7LTB4AeZdEY Blitz Chess #1854 with Live Comments Sicilian Najdorf vs AgentFoxMulder with Black
7Lfb8hS-m1A Blitz Chess #2714 Live Comments Dutch Defence vs chessrex Black Offbeat Week
7MaWuuCmZOg Blitz Chess #2664 Live Comments French Tarrasch vs smile64 White Opening Challenge Week
7OENcGKRzv8 Blitz Chess #3723 vs GM renet64 O Renet Queens Pawn Black
7OKbh-BwuQY World Championship Game 8 - Anand vs Gelfand (proper audio!)
7OujM_7XB60 Blitz Chess #1566 with Live Comments Caro Kann Smyslov Variation vs GM Womacka
7PIPIwELpG4 Blitz Chess #1412 with Live Comments Nimzo Indian Saemisch vs IM Docx
7QD-9wCgokw Blitz Chess #475 with Live Comments Nimzo Indian Kasparov Line
7QMyqOFGhck Blitz Chess #4681 vs dominic88 Spanish Four Knights Black
7RHyvx1408Q Blitz Chess #2358 with Live Comments Kings Indian Classical vs ElFenomeno with White
7S0q6MU8gv8 Blitz Chess #3525 vs Waves Benko Opening 1 g3 Black
7SlRmXKBo2Q CE on CE - Bad Wiessee op Rd 5 - IM Sielecki (2439) vs Lichtenstern (2210) Queens Gambit
7TAzS9tNQoE Blitz Chess #2520 with Live Comments Kings Indian vs pointdujour with Black
7TIMGIjV4nM Blitz Chess #1103 with Live Comments Kings Indian Makagonov Viewer Challenge
7TVzbEmjClQ Blitz Chess #4523 vs incike Sicilian Moscow White
7UFEJTVn0YY Nimzo Ragozin for Black - Nimzo sidelines Preview
7UJDi4r-KtI An easy way to play against the London - two of my classical games
7UZxISQlimI Blitz Chess #4353 vs Debomartarte Sicilian Acc Dragon Black
7VZHNFzzK64 Bilbao Masters Final: Magnus Carlsen vs. Fabiano Caruana - an endgame virtuoso at work
7VoqBSqpFAY Blitz Chess #1074 with Live Comments Modern Benoni
7Wkr6lSMyqQ Dortmunder Schachtage Partie des Tages Runde 1: Caruana - Naiditsch (German Audio!)
7Ww4G8D3qMw Help the young daughter of a chessplayer - Update
7X6tAlWeGC0 Blitz Chess #4210 vs Uitvreter English Opening Black
7XQGRyqrY1g Blitz Chess #2223 with Live Comments Two Knights vs IM providence J Bryant with Black
7XhK_WqNyyU Blitz Chess #3939 vs IM VanImpe C Troyke English Opening Black
7Yld0Ki3ifE Blitz Chess #3814 vs IM KAPAMA3OB N Noritsyn Reti Opening White
7Z38_Fd9EzI Blitz Chess #2864 with Live Comments Queen Pawn London vs IM abeautifulmind R Lötscher with White
7ZAAb1ReSCM Blitz Chess #2201 with Live Comments Queens Gambit Ragozin vs Supercheese7 with White
7ZE6VPbaXQw Blitz Chess #1097 with Live Comments Benoni Viewer Challenge
7_B5bUFI7oU Blitz Chess #4485 vs wae Ikordi Sicilian Hyper Acc Dragon White
7_JDr0gKwrA Blitz Schach #144 mit Livekommentar.avi
7_Zh3FdM8Fk Blitz Schach #65 mit Livekommentar
7_kmsigCuew Blitz Chess #2979 with Live Comments Kings Indian Fianchetto vs SvMihajlov with White
7bBv820v5Lg Blitz Chess #4081 vs IM Joorge Czech Benoni White
7cRhR84P58A Blitz Chess #1486 with Live Comments Philidor Defence vs ChessIPO1
7dDqTcpkeBQ Blitz Chess #2328 with Live Comments Stonewall Attack vs Tyrel with Black
7drB7Xh0DJY Fight 1 e4 like Caruana    Preview Ch 6
7eHW1mCZcPQ Blitz Chess #1081 with Live Comments Pirc Neo Philidor
7eNqo3R-FsA Repertoire for 1 d4   Part 14 Dutch
7edVmrM1fDw Blitz Chess #721 with Live Comments Queen's Gambit Triangle Line
7gNik_rAQCY Blitz Chess #572 with Live Comments English Symmetrical
7gXBuu5oX1E Blitz Chess #2869 with Live Comments Benko Volga Gambit vs GM GOODZYLLA with White
7gq7qXKgkcQ Blitz Chess #3356 vs GM UzbekTiger T Vakhidov Reti Opening Black
7gqcx8BAcBs Blitz Chess #1292 with Live Comments Kings Indian Smyslov Variation
7hFPwgYr9Dk Blitz Chess #107 with Live Comments   Queens Pawn b
7hY7SBFM_Uo Blitz Chess #3588 vs IM rainmaker O Sepp Reti Opening Black
7h_Obiy7Q2U Blitz Chess #955 with Live Comments French Steinitz
7j7Dj2zUf-w Blitz Chess #1647 with Live Comments Grünfeld 5 h4 vs Mozgokliuj with White
7jN2re49YOc Blitz Chess #378 with Live Comments Kings Indian Makagonov 6 h3
7k4XN6luj8Y Blitz Chess #4704 vs Rilke Reti Opening White
7lUI9bSuhuU Blitz Chess #1297 with Live Comments Scotch Opening vs IM de Gleria
7mMIGgG69G0 Chesscube - Warzone Bullet 2012-08-28
7mbVfwiL0Qs 3 Minute Madness #003
7n0bhV_oWXQ Blitz Schach #116 mit Livekommentar.avi
7nScnQ4qBLQ Chesscube - Warzone 2012-02-17
7nUAwUr3HNk Blitz Chess #993 with Live Comments Two Knights Defence
7ovvp3SoLtI Blitz Chess #4611 vs Ros66 French Exchange White
7p6NyBxsqpI Blitz Chess #788 with Live Comments Scotch Opening
7pTLJrHILmg Blitz Chess #956 with Live Comments Kings Indian Saemisch
7r9hqJWSDvk Blitz Chess #1223 with Live Comments Modern Hippopotamus
7rWhPsKsjCI Blitz Chess #3784 vs Tyrel Queens Pawn Black
7sSYem00reo Blitz Chess #2778 with Live Comments Nimzo Indian Classical Zurich vs iniyanp with Black
7sUGw33OqSg Blitz Chess #638 with Live Comments Ruy Lopez Chigorin
7tNBlyVIUW8 Blitz Chess #889 with Live Comments Larsen Opening 1 b3
7tVRFpTEWgI Blitz Chess #4642 vs ezmax2000 Petroff Black
7tVVTMFIZZo Blitz Chess #1579 with Live Comments Queens Pawn vs Coriolanus with Black
7tgg0sbtrrc Blitz Chess #171 with Live Comments Sicilian Alapin 2 c3
7vPQ-4Ir2_I Biel Round 7 Recap with Wang Hao vs. Magnus Carlsen Queen's Indian
7vZyq8JhfAw Blitz Chess #2071 with Live Comments Modern Defence vs IM Olegas Oleg Krivonosov with Black
7vef4Q6WeYg Blitz Chess #4119 vs HurdaciMuharrem English Opening White
7vwOGzShVRo Blitz Chess #211 with Live Comments French Classical
7w2LW8G63RY Blitz Chess #3308 with Live Comments Slav Defence vs neas with White
7xIcfthSWIY Blitz Chess #3609 vs IM Sorma G Caprio Nimzo Indian Classical Zurich Black
7yTpqwWihls Blitz Chess #2978 with Live Comments Kings Indian Petrosian vs Prometeo77 with White
7ywrrgXyUyU Blitz Chess #1110 with Live Comments Chebanenko Slav
7zAChz8ryUI Blitz Chess #1670 with Live Comments Bogo Indian vs PointduJour with Black
7zAPO3lUtD4 Blitz Chess #1476 with Live Comments Trompowsky Attack vs oj3
8-P2oJ9dt1o Blitz Chess #1958 with Live Comments English Opening vs GM Yardbird Eric Lobron with White
8-PX6nLy1uo Monday 30 Live show cancelled
80c-r_o-RMM Blitz Chess #2225 with Live Comments Slav Chebanenko vs AALEXXX with White
80hdqswYsW8 Blitz Chess #2856 with Live Comments Slav Defence vs IM abeautifulmind R Lötscher with White
80ngo3fHNsE Blitz Chess #2993 with Live Comments Sicilian Alapin c3 vs IM neverend J Ruiz with Black
811-cD5Dm0U Blitz Chess #2559 with Live Comments English Opening vs GM Jedimaster with Black
818oeK-s6_A 15 Min Chess #148 with Live Comments Sicilian Kalashnikov
83e757xP0aY Hourly Superblitz Arena on July 11
844v5jfaLrA Blitz Chess #1811 with Live Comments Sicilian Rossolimo vs Pegaz with White
84jwX-I2E1o Blitz Chess #2067 with Live Comments Kings Indian vs GM Doccy Dr John Nunn with White
86IgN_lnty0 Blitz Chess #2711 Live Comments Nimzowitch Defence vs MarzipanCat Black Offbeat Week
87-fJbDaTms Blitz Chess #3321 with Live Comments Bishops Game vs FM damjan04 with Black
87yU5DmU9jU Blitz Chess #801 with Live Comments Queen Pawn London System
88uJbmYzy5A ICC 5min Blitz Schach mit LIvekommentar #4
89peHifL9HA 15 Min Chess #106 with Live Comments French Exchange
8A40uT0sQdQ Blitz Chess #3996 vs JustKid Scandinavian White
8B7-_-93bAw Blitz Chess #937 with Live Comments French Rubinstein
8BhaqwgmP9c 3 Minute Madness #007
8BoGrMtWzxM Blitz Chess #1703 with Live Comments Kings Indian Petrosian vs Katsumoto2 with White
8CMQWriePPg KIS 1 d4   Chapter 1   Preview
8Cau_ZOBLpw 15 Min Chess #152 with Live Comments Scotch Four Knights
8DfKtcmKUM4 Blitz Chess #21 with Live Comments -  Philidor - instructive endgame (b win)
8E3a0R7F5WE Blitz Chess #1789 with Live Comments Sicilian Closed vs nevermind with White
8EL6T6BX7BM Blitz Chess #3850 vs DaSilva Sicilian Kan White
8F1JdeUXhlw Chesscube - Warzone 3 min 2014-06-06
8F1Rx6_6dDM Blitz Chess #2471 with Live Comments Queens Gambit Ragozin vs ZhuZhenghai008 with White
8FPXCxk7xD0 Blitz Chess #1719 with Live Comments Ruy Lopez Exchange vs biffobiff with Black
8G198WRMMzo Blitz Chess #4447 vs BPaulsen Irregular Opening Black
8G2Z9eURXik Blitz Chess #1630 with Live Comments Kings Indian Makagonov vs GM Sauerkraut Slavko Cicak with White
8HedJfkT73Q Blitz Chess #4047 vs GM TeamGlud J Glud Sicilian Kalashnikov Black
8IU6FEgPMIE Blitz Chess #3194 with Live Comments English Opening vs IM HyperJao R Paciencia with White
8IV_kjVB5uA Blitz Chess #1701 with Live Comments Queen Pawn Colle vs Fishpuppy with Black
8IbbFmp-w6c Candidates 2014 Round 7 Andreikin vs Topalov Queens Gamibt Declined
8Ier1vCVTMo Blitz Chess #639 with Live Comments Sicilian Scheveningen
8JrbsH9B3tk Blitz Chess #401 with Live Comments Queen's Gambit Declined Bf4
8L0S9zfdnig Blitz Chess #1031 with Live Comments Torre Attack
8L68fH3LatQ Blitz Chess #746 with Live Comments Reti Opening
8LAT7p-U6M0 Blitz Chess #4741 vs Ajedresista1986 Nimzo Saemisch Black
8LesEeTfXGE Blitz Chess #163 with Live Comments Kings Indian Fianchetto
8M7thCqBxXs Blitz Chess #4641 vs AC DC 1974 Irregular Opening Black
8OLse-Nb1d0 Blitz Chess #1316 with Live Comments Reti Opening
8OQg1MV9lQg Norway 2013 Supertournament Round 4 Recap
8OhYKJyZXmc 15 Min Chess #72 with Live Comments Benoni
8On_eL2s-bM Blitz Schach #112 mit Livekommentar.avi
8PLniKvjTOM Blitz Chess #1275 with Live Comments Italian Game
8RqqI2mSlyo Blitz Chess #747 with Live Comments Sicilian Najdorf
8Rvd2yW9tso Chessable Event in London with IMs Bartholomew and Sielecki on Nov 29
8Tc5lSF9-T8 Blitz Chess #1686 with Live Comments Nimzo Indian Saemisch vs Struggle with White
8UIfVmrRhfM Short Break due to illness
8Uu9mIz-QMk Blitz Chess #1996 with Live Comments Trompowsky vs jadoubefirst with Black
8VQKXy-rRCI Blitz Chess #1779 with Live Comments Grunfeld vs mulen with White
8Vk7knLzc_o Blitz Chess #4828 vs Varshkoo QGA Black
8VmfK_lGkLs Blitz Chess #2564 with Live Comments Queens Pawn London vs franseslag with White
8VvhkfFK4tU Blitz Chess #1709 with Live Comments Nimzo Indian Seamisch vs atactico with White
8W94fuIwETQ ICC Livestream Mar 07
8WHUtbAtHac Blitz Chess #2986 with Live Comments Nimzo Indian Classical vs GM mikolka1985 N Maiorov with Black
8X4rjZMawAE Blitz Schach #164 mit Livekommentar.avi
8Xt7UMtBSco Blitz Chess #3589 vs NotLarsen Queens Pawn London White
8Y6WKh4kdok Blitz Chess #430 with Live Comments English Symmetrical
8YxlWIYZo3A Blitz Chess #4639 vs eusebio babilon Queen Pawn Black
8_42Q8EaCyo Blitz Chess #67 with Live Comments   Caro Kann Advance vs IM Beikert (w draw)
8aA0XP-gg90 Blitz Chess #1875 with Live Comments Italian Two Knights vs chesshacks with Black
8aFQCdXMTCc Livestream Nov 09 2015
8aSCFoZzn2M Streaming on Lichess.org with guest Michael
8bHoHuG4Ejk Blitz Chess #3673 vs motorhome Ruy Lopez Norwegian White
8cUYq6U482Y Blitz Chess #1556 with Live Comments French Winawer vs Queentrapper
8dserbDtpcg Blitz Chess #3844 vs zavenc Benko Gambit Black
8eXDEGFjnnU Blitz Chess #1268 with Live Comments Philidor Defence
8fbigszwKis Blitz Chess #1296 with Live Comments Kings Indian Makagonov vs GM Cicak
8fhS32dsENs Blitz Chess #4167 vs Almer4 English White
8hmIWF0N3mM Blitz Chess #2438 with Live Comments Dutch Defence vs GM Goldmund A Rustemov with White
8i2Mua6ZnCI Blitz Chess #2746 with Live Comments Sicilian Rossolimo vs IM Checharov with Black
8iXqRoNbnDc Blitz Chess #1076 with Live Comments French Winawer
8j7haOxZfIw Blitz Chess #4437 vs Panayotis Sicilian Dragon White
8juN8cVLQwA Blitz Chess #2280 with Live Comments Sicilian Najdorf vs IM Michael Hennigan with White
8jvSY3OaT48 Blitz Chess #3304 with Live Comments Four Knights Glek vs Mozgokliuj with Black
8kb_wm9bja4 Blitz Chess #2180 with Live Comments Benko Opening 1 g3 vs IM dropstone D Paravyan with Black
8l3uTXmtypg Test Live stream for Chess24 April 7th
8mMfXwqkI4w Kibitzing on GM online Blitz games
8mNP4eQ4hkY Blitz Chess #357 with Live Comments Queens Gambit Declined
8nafgLJSLqo Blitz Chess #3130 with Live Comments Queens Gambit Tarrasch vs JustKID with White
8rSNxLmFuUo Blitz Chess #4414 vs Victory16 English Opening White
8t75-_FJduc 3 Min Session on ICC Apr 11 2012
8t_0VS3Q-Z4 Blitz Chess #2148 with Live Comments Kings Indian Classical vs Katsumoto with White
8ulUkHKGCDs Blitz Chess #1806 with Live Comments Dutch  vs GM Psycho Cowboy Simon Williams with White
8wFA42vdGSI Blitz Chess #576 with Live Comments Slav Schlechter Variation
8wwFgGdhUbc Blitz Chess #4570 vs Waurp Alekhine Defence Black
8xwqa4G1fDQ Blitz Chess #214 with Live Comments English Opening
90NEnoPaNu0 Blitz Chess #1075 with Live Comments Sicilian Moscow Variation
90m1Qqjs0Bc Blitz Chess #1799 with Live Comments Nimzo Indian Rubinstein vs FM BeyondMadness with Black
919DutYIt6M Blitz Chess #3148 with Live Comments Larsen 1 b3 vs IM Joorge with Black
91tbGuKVZWk 1700 rated amateur beats GM with Smith Morra Gambit
92cLJAmnzKI My Book 'Nimzo and Bogo Indian' - What's it all about ?!
93VdneQemqc Blitz Chess #2942 with Live Comments Kings Indian vs JustKID with White
94Mb2oymLQ4 15 Min Chess #134 with Live Comments Kings Indian Classical
95cbPi9fa_c Blitz Chess #2530 with Live Comments Queens Indian vs ninjashiba with Black
961XjnrFako 15 Min Chess #96 with Live Comments Sicilian Najdorf Classical Variation
973Cip4ZLhU Blitz Chess #4381 vs ALTBAUCHARME Queens Pawn London Black
97nDE-c0LCE Blitz Chess #2703 Live Comments Reti Opening vs legend2014 White Kingside Fianchetto Week
98-COPsMuOU Blitz Chess #4476 vs IM B Ahlander Benko Gambit Black
984FfmEbF00 Blitz Chess #1422 with Live Comments Scotch Game vs Lavendish
98f_HXvZM-c Blitz Chess #3300 with Live Comments Slav Defence vs PED with White
992cywxv7mQ Blitz Chess #3940 vs IM Sarimmahlina Siclian Four Knights White
9B9-LMEvTUs 15 Min Chess #171 with Live Comments Grunfeld Bg5
9BfLAcfWf0c Stay at home and enjoy Chess #1
9C-VIUMHL5g Blitz Chess #4032 vs IM Jheronimo C Vittorino Ruy Lopez Black
9C53-_PVxnc Calculation and Tactics #004   Sargissian vs Caruana Ohrid 2009
9C96MVH_8O8 15 Min Chess #59 with Live Comments Dutch Leningrad
9D099tekCss Blitz Kibitzing on mystery GM Raffaello
9DSZBm_sMG4 Blitz Schach #158 mit Livekommentar.avi
9E_5vWCj7OQ Blitz Chess #3761 vs FM KarlStad Nimzo Indian Saemisch White
9EiUbofvNxg Blitz Chess #2635 with Live Comments Catalan vs chrisgu with Black
9EuyO-pBtMk Blitz Chess #3613 vs monkk Nimzo Indian Classical Zurich Black
9FbzeSH7uT0 Blitz Chess #4750 vs Honigdachs Queen Pawn White
9Fk3RkZGhNY Blitz Chess #2439 with Live Comments Nimzo Indian Saemisch vs IM Alvaralonso Rosell with Black
9Fm2WbH9Xls Blitz Chess #198 with Live Comments Scotch Game
9K-FzijNJS4 Blitz Chess #4195 vs IM Joorge You know what Black
9K1cULMVKSU Blitz Chess #3449 vs Cowboystiefel Bogo Indian Black
9K2PxrFCkHA Blitz Chess #2213 with Live Comments Czech Benoni vs GM SnoWKiD with White
9KCrFq-uLDU Blitz Chess #1241 with Live Comments Kings Indian Saemisch Benoni
9Kd3Qo6RBqg Blitz Chess #4128 vs IM Serlock Benko Gambit Black
9L-AwkAABD8 Blitz Chess #2344 with Live Comments Kings Indian vs GM Korotylev with Black
9NbPlkc9ctA Blitz Chess #3646 vs FM Wolwerine L Alexandre Kings Indian White
9PdUDyZHIM4 World Championship Sochi 2014 Carlsen vs Anand Game 8
9PjeFEcAizs Blitz Chess #272 with Live Comments Sicilian Rossolimo
9Q8eTa3s5bU Black Repertoire 1.e4 e5 - Part 3 Vienna and Bishop's Opening
9QR9fxtBbZ4 World Chess Championship London Candidates Tournament 2013 Round 3 Recap
9QuUfPv_Uew Blitz Chess #2923 with Live Comments Nimzo Indian Rubinstein vs IM Alexser with Black
9RqHu0yfC2Q Blitz Chess #3008 with Live Comments Ruy Lopez Closed vs jergus with Black
9SGr0-9q2bo Blitz Chess #2450 with Live Comments Queens Pawn vs Havank with Black
9SfnxtSkrKc Blitz Chess #1496 with Live Comments Slav Chebanenko vs DuQuesne
9T_VXd4X8Ug Blitz Chess #3332 with Live Comments Catalan vs Justoneguitar with Black
9UCPEyc4dAA Blitz Chess #1083 with Live Comments Blumenfeld Gambit
9VAvMpIY2Ho Blitz Chess #3441 vs GM Atomrod K Arkell Queens Indian Black
9VBLpI7eEEo Blitz Chess #288 with Live Comments Modern Defence
9W2qyxxCJQI Blitz Chess #2427 with Live Comments Kings Indian Classical vs ultrarunner with White
9XaRbezwB7k Blitz Chess #4086 vs GM MGur M Gurevich Catalan White
9Y-THZN9fxo Blitz Chess #2565 with Live Comments Nimzo Indian Classical vs papoal29 with Black
9Yk5aySXkfw Blitz Chess #4240 vs IM Checharov Modern Defence White
9ZBfLQmYOCA Blitz Chess #3692 vs FM SM3M Pirc Defence Black
9ZZ6tecQQsg Blitz Chess #2506 with Live Comments Czech Benoni vs SNOEBE with White
9_EahK0pQ44 Blitz Chess #769 with Live Comments Kings Indian Classical Bayonet
9_REBOOhkPI Blitz Chess #238 with Live Comments Nimzo Saemisch
9_SSdFnIqb4 Blitz Chess #2307 with Live Comments Kings Indian Classical vs WGM Badgirl A Burtasova with White
9c9kLLPBnKY Blitz Chess #1971 with Live Comments Kings Indian Attack vs bungabunga with Black
9cY4Ir1c1JQ Blitz Chess #822 with Live Comments Benko Volga Gambit
9dv-oyhG8z0 Norway Chess 2014 Final Round 9 Recap of all games
9eCC-_62mD0 World Championship Sochi 2014 Carlsen vs Anand Game 9
9fM99sK9iBs Blitz Chess #1426 with Live Comments Kings Indian Gligoric vs IM Zet
9fcwExRmQpI Blitz Chess #50 with Live Comments - Sicilian Alapin 2 c3 (b win)
9fy4OlJNO8I Rapid Chess #270 vs  a_m_sh Maroczy Bind White
9g4JytqCgKQ ICC 5min Blitz Schach mit LIvekommentar #2
9h9Hh0jK4bg Blitz Chess #552 with Live Comments Slav Chebanenko
9hLDTSK6tUs Blitz Chess #1658 with Live Comments Two Knights Traxler vs kaspinha with Black
9hLI-anh9ls Blitz Chess #981 with Live Comments Larsen Opening 1 b3
9hrcPja2gcI Livestream March 09 2015
9jPcWTANtZk Blitz Chess #3040 with Live Comments Nimzo Indian g3 vs probable Cheater with White
9jS0dA4MvDQ Blitz Chess #825 with Live Comments Slav Exchange
9jT1RwbMuL8 Blitz Chess #4946 vs GM Medela 2019 Nimzo Indian Black
9jdiTHDpMaM Blitz Chess #4168 vs taliano Jobava Opening Black
9lz3H_0zoWI Blitz Chess #4110 vs IM rainmaker O Sepp Queen Pawn Black
9mpMyUq9B-o Blitz Chess #2911 with Live Comments Benko Opening 1 g3 vs IM MaestroASK A Kireev with Black
9o9xQQibNrA Blitz Chess #4607 vs tapkus Modern Defence White
9pDl5hNG98k Blitz Chess #106 with Live Comments   Kings Indian Saemisch w
9qvLN3I3pcg Blitz Chess #2776 with Live Comments Sicilian Rossolimo vs FM SM3M with White
9rMBIdx2H8I Blitz Chess #453 with Live Comments Englund Gambit
9rjHWFYBi2g Candidates 2014 Round 12 Topalov vs Svidler Siclian Taimanov
9rwqnx7dM1A Blitz Chess #364 with Live Comments Nimzo Indian Saemisch
9sIDGtPUaUw 25 10 Rapid Chess #198 with Live Comments Slav Defence with White
9t9SyuArLmk ICC Livestream Nov 30
9tgBqjRlVnw Blitz Schach #73 mit Livekommentar
9tuTuAwuyz4 3 Min Session on ICC July 26th 2012 (proper Audio sync)
9uuZg32jez4 Blitz Chess #3456 vs peregrine 64 Siclian Classical Black
9v6LIizQV9k Blitz Chess #4090 vs Nefertem Sicilian Rossolimo Black
9v6arKosmS0 Blitz Chess #332 with Live Comments Philidor
9w6jYgnVNpY 15 Min Chess #137 with Live Comments Modern Defence
9wCGmWhB37Q Blitz Chess #2570 with Live Comments English Opening vs TasmanianDevil with White
9ygNF45Wkr0 OTB Tournament Game - GM Nijboer vs IM Sielecki Ruy Lopez
9yhz6cLMt5I Blitz Chess #4406 vs IM kaliman Sicilian Kan White
A-6zLmpo9dw Blitz Chess #628 with Live Comments London System
A0iwo_n-XWo Tata Steel 2013  Round 3 Recap
A16NhzcwTmU Blitz Chess #3066 with Live Comments English Opening vs echeck with Black
A1fvqMeXJ7U Blitz Schach #145 mit Livekommentar.avi
A2nk_ksBwYc Blitz Chess #2192 with Live Comments Ruy Lopez Deferred Exchange vs GM Eros E Hansen with Black
A6grkYAvhWE Blitz Chess #3914 vs IM PrincePanic Italian Black
A7IIfKV5_co Blitz Chess #176 with Live Comments Sicilian Rossolimo 3 Bb5
A7IwJTIoTww Blitz Chess #3064 with Live Comments Queens Gambit Triangle vs IM swop M Mueller with White
A8dxa384ThI Blitz Chess #1838 with Live Comments Dutch Defence vs El Kaiser with White
AAPDtATi-tM Blitz Chess #2857 with Live Comments Sicilian Smith Morra vs Girome with Black
AAqA-GfYVag Blitz Chess #1947 with Live Comments English Opening vs atactico with White
AB66TlTEQUQ Livestream on the ICC Nov 21 2016
AB9CtgIeIUY Blitz Chess #494 with Live Comments English Defence
ACs3JrTffxE Blitz Chess #136 with Live Comments - Sicilian Kan
AEJbxVceTfw German and English Banter Blitz on Chess 24 today
AEL_NOkTLMg Blitz Chess #3228 with Live Comments Reti Opening vs GM Sauerkraut S Cicak with Black
AF3ghuClQFU Blitz Chess #98 with Live Comments - English Symmetrical vs  IM (w)
AF50Gr-5Uxo Blitz Chess #3472 vs IM MWeston Italian Game Black
AFGFXhV3Huw Blitz Chess #2734 with Live Comments Queens Pawn vs Ziryab with Black
AFf0GLZfWoI Blitz Chess #904 with Live Comments Czech Benoni
AFf8mMUFj3k Blitz Chess #2870 with Live Comments Sicilian Najdorf vs Aruminos with White
AG64HQZTDdQ Channel Overview and Playlists
AH1VZL5BUBM Blitz Chess #4009 vs IM Kawas C Lakdawala Scandinavian White
AH4QYJFNdNg Blitz Chess #2671 Live Comments Sicilian Alapin vs eddieu White Opening Challenge Week
AHlLit5JLY4 Blitz Chess #156 with Live Comments - Benoni (My first ICC Blitz game as an IM)
AIvE1GleChU Blitz Chess #4125 vs GM El Marmalade E Magerramov English White
AJyJrAj_osc Blitz Chess #2507 with Live Comments Ruy Lopez Exchange vs AharkAnto455 with Black
AKXe9dItMFA Blitz Chess #1462 with Live Comments Sicilian Najdorf vs KillerChess unknown IM
ALE1nCr0AGM Blitz Chess #4676 vs Bugs Bunny Trompowsky Black
ALP3MN-vpaQ Blitz Match gegen GM Ilja Zaragatski in Deutsch (Dual German Audio)
AMvE7JczV5o Chessexplained's Benko based Repertoire vs 1 d4 released
ANC73BTLZqE Blitz Chess #3962 vs GM Teamglud J Glud Ruy Lopez White
ANlBwDdB2UA Blitz Chess #3360 vs jokern Ruy Lopez Breyer Black
AONRHtRDhg0 Repertoire for 1 d4   Part 7 Nimzo Indian II
AOVNcV5vcd8 Blitz Chess #1067 with Live Comments Sicilian Rossolimo
AOhRQupazEs Blitz Chess #3961 vs bcnv Trompowsky Black
AOupBgj9bz0 Blitz Chess #3656 vs iende Sicilian Scheveningen Black
AOzNza2TVX8 Blitz Chess #3714 vs IM Dorot Modern Defence Black
APyz696Gzn8 Blitz Chess #2947 with Live Comments Queen Pawn Keres vs GM Dragon 70 M Khachiyan with Black
AQML1DfUz98 Blitz Chess #3539 vs IM Lightlike M Zumsande Queens Gambit Declined White
ARWX9HYHfeQ Blitz Chess #4500 vs glim Sicilian Hyper Acc Dragon White
ARjeKIt7OgU Blitz Chess #1981 with Live Comments Kings Gambit vs guidez with Black
AS6xLwL2vSw Blitz Chess #4566 vs Shahist A Sicilian Maroczy Bind
ASO9eVPgavU Blitz Chess #629 with Live Comments Sicilian Rossolimo
AST02LPAEFM Norway 2013 Supertournament Round 9 Recap
ATJMVWiYGIM Blitz Chess #1529 with Live Comments Queens Gambit Declined vs Acerook
ATLuF2kNJrE Livestream Oct 26 2015
ATQU2kBTwwY Chess Openings Q&A #4
AUcfNyCvykI Blitz Chess #4609 vs tapkus Modern Defence White
AVAgQDa9wqE Blitz Chess #99 with Live Comments - Sicilan c3 vs FM (b)
AVm5dGRjjK8 Blitz Chess #2483 with Live Comments Budapest Gambit vs BloggsFred with White
AX2qoq6MtxI Blitz Chess #4412 vs IM cortex408 I Bjelobrk Queen Pawn Black
AY-CKYiryvk Chess World Championship Match Chennai 2013 Game 9 Anand Carlsen, Nimzo Indian Saemisch
AZghWWQKjU8 Blitz Chess #2361 with Live Comments French Exchange vs IM Ta1 N Borge with Black
A_VaP4BoCmc Blitz Chess #3848 vs Aphorism Sicilian White
AaOaLqRuWio Blitz Chess #3634 vs Ataraxis Bogo Indian Black
AajC_OMwjCQ Blitz Chess #3317 with Live Comments Scotch Game vs dimICC with Black
AakwFdSt_8U Blitz Chess #3558 vs Fabritius Modern Benoni White
Aaor4nCaRfU Blitz Chess #4875 vs Namotal1 English Opening Black
AbjBFGbmcyc Livestream on the ICC March 13 2016
AcU7XRsQ_44 Blitz Chess #260 with Live Comments Ruy Lopez Breyer
AeKsWnP6ogU Blitz Chess #05 with Live Comments - Modern Benoni (w win)
AfMwvL0_7lM Blitz Chess #1548 with Live Comments Nimzo Indian Rubinstein vs spice2nite
Ag14rjOopRU Fight 1 e4 like Caruana    Preview Ch 4
Ah6BdEg7avA Blitz Chess #1997 with Live Comments Modern Benoni vs FM Alka with Black
AhOp59UJfAs 15 Min Chess #175 with Live Comments Sicilian Maroczy Bind
AiJ4h8m0wEg Blitz Chess #3467 vs ADELMO Semi Slav White
AiPOBl4T66k Blitz Chess #1176 with Live Comments Pirc Defence
AirZHt8Tpyc Blitz Chess #2126 with Live Comments Modern Defence vs Chemberlen A Gavrilov with Black
AisaVzMp2kE Blitz Chess #1741 with Live Comments Pirc Defence vs RaduRoua vs with Black
Ajn7xLx17T0 Blitz Chess #4114 vs Akito Queens Pawn London Black
Ak0DzKXtPyA Opening Disasters #002 Tatai vs Korchnoi French Exchange KO
AkBEm43REl0 Blitz Chess #2050 with Live Comments Queens Gambit Accepted vs Wargasm with White
AkzMPlH0wrI Blitz Chess #4592 vs Johnhendra QGD Exchange Carlsbad White
AlO6cUxNxrU Blitz Schach #95 mit Livekommentar
Am6-UsONjxo Blitz Chess #4841 vs vikstefan Ruy Lopez Chigorin Black
AmXhM3SmUzI Blitz Chess #906 with Live Comments Nimzo Indian 4 f3
Anx5929Dkp0 Blitz Chess #2253 with Live Comments Dutch Defence vs NICO with White
AoalUf0XObE Blitz Chess #2164 with Live Comments Slav Defence vs Hultin with White
Aoz3YE4uvDQ Blitz Chess #249 with Live Comments Catalan Main Line
Apqkm3f1Xzg Blitz Chess #2553 with Live Comments Slav Defence vs Calsen with White
AqPcpbAacCo Blitz Chess #2268 with Live Comments Sicilian Kalashnikov vs GM SnowKid with Black
AqSFu39KU80 Blitz Chess #35 with Live Comments - Pirc Defence vs IM Dutreuuw (w win)
Aqg81WQ-v20 Blitz Chess #2655 Live Comments Sicilian Moscow vs ZhuZhengHai008 White Opening Challenge Week
AqxRltGeeis Blitz Chess #491 with Live Comments Sicilian Rossolimo
ArI4A40qrXo Zurich Chess Challenge 2014 Rapid Recap
ArMfFz0ucIQ Blitz Chess #2958 with Live Comments Kings Indian Classical vs RicksonGracieJJ with White
ArilC7WarA4 Blitz Chess #4019 vs GM FightClub Ruy Lopez Black
Au4Vcs1XFk8 Blitz Chess #2452 with Live Comments Reti Opening vs IM JW J Westerberg with Black
Avz0PVKQc_s Blitz Chess #738 with Live Comments Caro Kann Advance
AwauGdmUOmg Blitz Schach #49 mit Livekommentar
AwsizIDQ8fI Blitz Schach #138 mit Livekommentar.avi
Ax4m0nrIe3w Blitz Chess #2035 with Live Comments English vs GM CapilanoBridge Hikaru Nakamura with White
AxOhYVIMgzw Blitz Chess #2136 with Live Comments Bogo Indian vs GM Suat Atalik with Black
Axeh45Q1E5Q Blitz Chess #1933 with Live Comments Kings Indian Defence vs GM Psycho Cowboy Simon Williams with Wh
AzfWSKO3OyM Blitz Chess #635 with Live Comments Queens Gambit Declined Bf4
B-B4BiDY0sc Blitz Chess #2317 with Live Comments Sicilian vs Speedster with Black
B-oqqKwz_Mc Blitz Chess #3147 with Live Comments Torre Attack vs crs64 with White
B-wHoR2qMm4 Blitz Chess #3767 vs CrossShark Reti Opening White
B0HwVZmUkKM World Chess Championship London Candidates Tournament 2013 Round 2 Recap
B0qYbljH5Tk Blitz Chess #3203 with Live Comments Kings Indian vs GM pikaso Zviad Izoria with White
B15j15Qlj2I World Rapid Championships 2014 Day 2 with Nakamura Carlsen Aronian and Caruana
B1RGwd8HHbo Blitz Chess #281 with Live Comments Pirc Fianchetto
B1t-HwwFBHQ OTB Tournament Game   Pijpers vs Sielecki Ruy Lopez
B2F2aHW_228 Blitz Chess #45 with Live Comments - King's Indian vs. GM Sasikiran (w win)
B3Bg1Dp21Sk Blitz Chess #4530 vs aaabbbert English Symmetrical Black
B3BxzSOU4w0 Blitz Chess #1380 ith Live Comments Sicilian Grand Prix
B3VrJ-P-6_4 Blitz Chess #3870 vs WIM ol4ik O Vasiliev Sicilian Taimanov Black
B3_HI8Tlidw Blitz Chess #2177 with Live Comments Nimzo Indian Sämisch vs FM ercoleiaccone with White
B49L3xtytVA Blitz Schach #80 mit Livekommentar
B5SKDfva3oA Blitz Chess #2539 with Live Comments Dutch Defence vs f5 with White
B7PTrJRd7Ko Blitz Chess #2547 with Live Comments Queens Indian vs GM taktikus Z Medvegy with Black
B8DhvYFlZ8w Blitz Chess #4597 vs IM Ich2 QGA Black
B8GPffdMTG0 Blitz Chess #1619 with Live Comments Benko 1 g3 vs LastWarning with Black
B8jSOgpwU9Q Blitz Chess #1704 with Live Comments Slav Defence vs GM Jubilant with Black
B9Tg_9v4Fos 3 Minute Madness #12
B9sCo_0aO_U 3 Min Session on ICC Apr 27 2012
BAVGKMQJT2s Blitz Chess #3379 vs Prometeo Black Knights Tango White
BBEjSRaGfBA Blitz Chess #2996 with Live Comments Old Indan vs GM Yardbird E Lobron with White
BCZF4NoKYfY Blitz Chess #4919 vs AlekVS Queen Pawn Pseudo Benko White
BCZLqwG_jxY Blitz Chess #2399 with Live Comments Benko Gambit vs bruinplayer with White
BD1XrACg2XQ ICC Livestream July 10
BDDQmlijdWQ Blitz Chess #2345 with Live Comments Queen Pawn vs IM Alvar Alonso with Black
BDw7Dc1_HEk Blitz Chess #2728 Live Comments Benko Opening 1 g3 vs osthand Black Offbeat Week
BErlyPdFeiU Blitz Schach #78 mit Livekommentar
BHruNPNr9yI Blitz Chess #3285 with Live Comments Ruy Lopez vs FM Wolwerine L Alexandre with Black
BIe_B3kZCJ8 Blitz Chess #3333 vs FM Damjan04 Nimzo Indian Rubinstein Black
BJSYHehA5H4 Blitz Chess #4742 vs shadow killer English Opening Black
BJVwJ5m6zkA Hikaru Nakamura Blitz Rampage
BJcCyJRCeMo Blitz Chess #2615 with Live Comments Queens Gambit Ragozin vs IM Branimir Maksimovic with White
BKZcWZaWorI Blitz Chess #584 with Live Comments Sicilian Smith Morra Declined
BKbQOBX048A Tata Steel 2017 Highlights Round 3
BKz3R6SGFgc Blitz Chess #559 with Live Comments Queens Gambit Declined Bf4
BLE0s9gAS2I Blitz Chess #522 with Live Comments Kings Indian Attack
BLRnosopqsI Blitz Chess #2669 Live Comments English Opening vs IM totus M Klenburg Black Opening Challenge Week
BLk_W1YVLDg Blitz Chess #4691 vs vesuviortk Sicilian Alapin Black
BM0wR3BdX9o Streamers Challenge Livestream
BMAa055rrE8 Blitz Chess #3764 vs pollypolly English Opening White
BNEa28Bs6L4 15 Min Chess #117 with Live Comments French Tarrasch
BP9wNNr1_1c Blitz Chess #2928 with Live Comments Ruy Lopez Chigorin vs GM imabeast with Black
BPARX-Vh2pc 3+2 Blitz Team Battle
BRDHLg65sm8 Blitz Chess #4176 vs Piscogambit Queens Pawn Black
BRhDu5_-SMY Blitz Chess #3911 vs AkabaintheHouse Four Knights Black
BUVz-N9OZ9E Blitz Chess #1889 with Live Comments Sicilian Smith Morra vs FernandoMata with Black
BUse45AiIQc Blitz Chess #1934 with Live Comments Ruy Lopez Anti Marshall vs BakuntsRafael with Black
BVWb1AxyZSo Blitz Chess #4759 vs vadimnb Scotch Four Knights White
BYd1qXAXqRo Blitz Chess #4263 vs IM CIS Y Lapshun Sicilian Alapin Black
BYrqLGI5tNg 3 Minute Madness #005
BYzzj9_Nd1M Tata Steel 2015 Round 4 Recap
BZjgPptd5gg Blitz Chess #104 with Live Comments   Reti b
B_aHRmSXFUk Blitz Chess #4894 vs AssassinForKing Queen Pawn London Black
B_oWxdBHyww Blitz Chess #4126 vs AkabaInTheHouse Sicilan Alapin Black
BbMbwCsRVtg Blitz Chess #901 with Live Comments Caro Kann Smyslov Karpov Line
Bbh-dZ9jWSc Blitz Chess #1322 with Live Comments Modern Benoni
BcV6wKOZMgg Blitz Chess #2297 with Live Comments Kings Indian Classical vs IM Providence J Bryant with White
BeDuloAFhBc Blitz Chess #859 with Live Comments Caro Kann Panov
BfGwEtiWZBQ Blitz Chess #326 with Live Comments Kings Indian
Bg98CbNoKM0 Blitz Chess #3288 with Live Comments Modern Defence Sniper vs IM Bulten Espen Lie with White
Bgxj978jU-k Blitz Chess #4720 vs Balashnikov Kings Indian Attack White
BhtEgt2J_1s Blitz Chess #1638 with Live Comments Kings Indian Fianchetto Panno vs JohnnyBallgame with White
BiktqYB6f0A Blitz Chess #4397 vs kromos Alekhine Black
BirfY380Q4w Blitz Chess #3856 vs Zwackelmann Alekhine Defence White
Bj3EWDmw0LM Blitz Chess #336 with Live Comments Bogo Indian
BjB0mgC9tMo Blitz Chess #2272 with Live Comments Sicilian Rossolimo vs michaelmyers with Black
Bjy5NiHX68w Blitz Chess #812 with Live Comments Modern Benoni
BkYizQlZllo Blitz Chess #865 with Live Comments Queen Pawn Torre
BkZEjyKMM94 Blitz Chess #3718 vs IM VeniVidiVici A Katz English Opening White
BkerUfpmBDg Calculation and Tactics #016 Chess com Tactics Trainer 2000 level
BlCjwUpFBCA CE playing Mallorca Open final Rounds vs IM de la Torre Elo 2454 and GM Galego Elo 2462
BlXKpgevVq8 Blitz Chess #3608 vs IM MWeston Queen Pawn London Black
Bmoc7IHj9q8 Blitz Chess #3977 vs FM Drunkenight C Duncan Caro Kann Panov Black
Bn9HgSB4EwY Blitz Chess #4859 vs bloody cheater Centre Game Black
BndwLClRFZQ Blitz Chess #2135 with Live Comments Bird Opening vs Frenchdefense with Black
BoJ-nfgvzr0 Blitz Chess #888 with Live Comments English Symmetrical
Bq-a5O74s1k Check out The Woodpecker Method!
Bq8wTLlMDQQ CE on CE - Bad Wiessee op Rd 8 - IM Meins (2439) vs IM Sielecki (2439) Queen Pawn London
BqJLDoIyaE8 Tata Steel 2016 Round 9 Recap
Br2Xk8JRQs4 Blitz Chess #3922 vs GM Yozhik English Opening White
BrcgDyonwdU Blitz Chess #2198 with Live Comments Polish Defence vs duca with White
Bs1_dTJ2428 Blitz Chess #4855 vs Schijnoffer Nimzo Indian Classical Zurich Black
BsCzS7JsSS8 Blitz Chess #2233 with Live Comments Vienna Game vs SevaBer12 with Black
BsmVsLQLryI Blitz Chess #1328 with Live Comments English Keres Line
BtF5yHVyq60 Blitz Chess #4534 vs Pirate1234 Sicilian Rossolimo White
BvP3eGy8FTc Blitz Chess #3134 with Live Comments Queen Pawn vs GM mandragoro G Schebler with Black
BvTiL5_mOSo Blitz Chess #2260 with Live Comments French Winawer vs MJB223 with Black
BxiFwCXwD98 Some Nakamura Blitz Kibitzing and some games by me - Jan 03 2013
ByYy1-ue1Nk Blitz Chess #488 with Live Comments Sicilian
BygGOa4RHgI Blitz Chess #3507 vs GM Sergei Slipak Nimzo Indian Classical Black
BzFeW1vgzFc Blitz Chess #1696 with Live Comments Modern Benoni vs Truemove with Black
BzRH6klF7Gk Blitz Chess #1736 with Live Comments Nimzo Indian Saemisch vs GM Gruk Simen Agdestein with White
BzjdCQwRWmI Blitz Chess #4457 vs FORK 1975 Benko Gambit Black
Bzjsw5y7r7k Blitz Chess #1003 with Live Comments Queens Gambit Classical Bf4
C-84G0lRn68 Blitz Chess #4664 vs tep test French Exchange White
C-_pi8x2Fu0 Blitz Chess #160 with Live Comments King's Indian Fianchetto
C-n5OMYxjcE Blitz Chess #1708 with Live Comments Italian Game vs usommer with Black
C17DJefxqcI Blitz Chess #538 with Live Comments Benoni
C1KIV_a5Ze8 Blitz Chess #236 with Live Comments Nimzo Rubinstein
C1TNEFkgD8k Blitz Chess #3612 vs GM UzbekTiger T Vakhidov Kings Indian Makogonov White
C1wRNZZX5BI Blitz Chess #412 with Live Comments Slav Defence
C2UBBIDYUK8 Blitz Chess #1646 with Live Comments Kings Indian Makagonov vs GM Mandragoro G Schebler with White
C2c67JdZKs0 Blitz Chess #195 with Live Comments Sicilian Najdorf
C2eJwO6Q9Ts Blitz Chess #2828 with Live Comments Scotch Gambit vs FM BaconButty M Harvey with Black
C2fc7x08GN0 Blitz Chess #2257 with Live Comments Queens Indian vs ShayCormac with White
C3kuielQPgA Blitz Chess #2905 with Live Comments Queens Pawn vs El Marmalade E Magerramov with White
C44gVblqArM Blitz Chess #3229 with Live Comments Ruy Lopez Yates vs IM Providence J Bryant with Black
C4Y2CBwFZ6M Blitz Chess #460 with Live Comments Ruy Lopez
C4tbZV-VnFc Blitz Chess #1692 with Live Comments Dutch Stonewall vs fernandomata with White
C5EQMGDmoI4 Blitz Schach #171 mit Livekommentar.avi
C5fGhsAMGoc Blitz Chess #132 with Live Comments - Grunfeld
C5s5bL5FuJI Blitz Chess #1437 with Live Comments Ruy Lopez Deferred Steinitz vs OnlyX IM Suat Soylu
C6YYIHBJMLc Blitz Schach #153 mit Livekommentar.avi
C73qejOGx_w Blitz Chess #544 with Live Comments Trompowsky
C7UvWPX28MU Blitz Chess #3960 vs SNOEBE Queen Pawn London Black
C8Sn4kl03BA Blitz Chess #2969 with Live Comments French Classical Steinitz vs AkabaInTheHouse with Black
C9Lu85u70i8 Blitz Chess #4568 vs TasmanianDevil Sicilian Acc Dragon
CAFEgu6o1P8 Blitz Chess #4839 vs birbotta Benoni White
CAT_tHZD6c4 Blitz Chess #3963 vs GM Yardbird E Lobron Caro Kann White
CA_lq3Cd8zQ Blitz Chess #1762 with Live Comments Modern Benoni vs HestErBest with White
CBEtt5wu4gQ Blitz Chess #3506 vs MaxPower Nimzo Indian Classical White
CBd93kXtIPo Tal Memorial 2013 Round 9 Recap (Final Round)
CCNzhXCRuOU Blitz Chess #2941 with Live Comments Sicilian b3 vs Lovelife with Black
CCqdM8dvQx0 Blitz Chess #3546 vs jpassos Nimzo Indian Classical White
CDIdDDRHirI Blitz Chess #4016 vs AltbauCharme Caro Kann White
CE1FzXhynHY Blitz Chess #3924 vs GM Sauerkraut English Opening White
CE_idGuunMA Blitz Chess #2197 with Live Comments Snake Benoni vs Mozgokliuj with White
CEm5jVe94CM Blitz Chess #1436 with Live Comments English Defence vs gawk
CFaW7VIUTBg Blitz Chess #1502 with Live Comments Danish Gambit vs jc arias
CG3e0mCj6VA Blitz Chess #1344 with Live Comments Trompowsky Attack
CGzfx19VHhw Blitz Chess #2812 with Live Comments Nimzo Indian Huebner vs FM Sebs S Mihajlov with Black
CK9Q5AvbJLc Blitz Chess #2063 with Live Comments French Tarrasch vs IM Demian with White
CKLi-eGKHng Blitz Chess #1161 with Live Comments Ruy Lopez
CKlOzndf6H8 Blitz Chess #220 with Live Comments Nimzo Indian Saemisch
CKystQ1zxTw Blitz Chess #1541 with Live Comments Blumenfeld Gambit vs zenken
CL4hy4E-73c Blitz Chess #1133 with Live Comments Sicilian Alapin c3  Viewer Challenge
CMa7ycMRciA Blitz Chess #3788 vs IM W Sarwat English Opening White
CN1-MTKH77I Blitz Chess #2078 with Live Comments Queen Pawn Tarzan Attack vs maradona with White
COO-ECWsafc 15 Min Chess #163 with Live Comments Queens Gambit Tarrasch
CP2QeFzbOp0 All my Chessable courses on Sale and Dirty Harry Infos
CPedHstSmc4 Don't be afraid of big names! A game from the European Club Cup 2012
CQbjBfHu0tM Blitz Chess #1286 with Live Comments Reti Opening
CR86-aYaTqI Blitz Chess #4361 vs GM Mamosta K Haznedaroglu English Hedgehog White
CRK-G_lHUaQ Blitz Chess #4431 vs alexser English Hedgehog White
CSAPLcIsFTc Blitz Chess #3164 with Live Comments Queens Gambit Exchange vs blitzking with Black
CSYmNZMgDkk Blitz Chess #1728 with Live Comments Siclian Maroczy Bind vs Horobetz with White
CSZPv1Uv6nU Blitz Chess #1341 with Live Comments Siclian Closed
CUjpvB3FzeY Blitz Chess #2489 with Live Comments Queen Pawn Colle vs FM Guineo with Black
CUyO_OMJFIA Blitz Chess #1168 with Live Comments Grunfeld
CWB3R3pEghc Blitz Chess #493 with Live Comments English Symmetrical
CWhKSwRaKZc World Championship 2016 Game 2 Karjakin vs Carlsen
CX3qbiFwYjw Kramnik vs Grischuk - Tal Memorial 2012 Game of the day - King's Indian
CYEx9iNUmDA Blitz Chess #2417 with Live Comments Queens Indian vs GM Yardbird E Lobron with White
CZgcVkfgS2Y Blitz Chess #3885 vs GM Yardbird E Lobron Queens Pawn White
CaNSDujYbUQ Blitz Chess #4877 vs clearEye Queens Pawn Torre White
Caaoki1V_iM Blitz Chess #4898 vs FM Don KisHot QGA Black
CaqDPu2r0KU Blitz Chess #338 with Live Comments Caro Kann Panov
Cb2atQMcD48 Blitz Chess #4427 vs IM jagua Caro Kann Two Knights White
CbQa4f8gbLM Blitz Chess #577 with Live Comments Scandinavian Qd6
CclWtjNMUjA Blitz Chess #89 with Live Comments - Kings Indian Averbakh (w)
Cf-Ai8LETuU Blitz Chess #2709 Live Comments Alekhine Defence vs IM Town Tavern Black Offbeat Week
Cf7x0biOF2c Great Games of Anand and Carlsen Part 2:   Carlsen-Ernst Wijk 2004
CfIFg8evBec Candidates 2014 Round 7 Kramnik vs Mamedyarov Queens Gambit Ragozin
ChUsjxuQ-fo Blitz Chess #854 with Live Comments English Defence
Cj33AKcck9w Blitz Chess #1976 with Live Comments Ruy Lopez vs cmarin with Black
CjbiHJmdJcs Blitz Chess #2076 with Live Comments Bogo Indian vs GM Alejandro Hoffmann with Black
Cju-zRpCVVk Blitz Chess #3519 vs GM Suat Atalik Queens Gambit Declined Black
CkJv5lctmss Blitz Chess #4281 vs Myway Sicilian White
CkhejTtZ6W4 Blitz Chess #37 with Live Comments - Reti Opening vs GM Kruppa (w loss)
Ckw4JC1BdJg Blitz Chess #3882 vs Aphorism Sicilian Maroczy White
ClgDL8mxLwE Blitz Chess #1847 with Live Comments Queens Gambit Tarrasch vs PlagueOfFrogs with White
ClpOI6HgdX8 Fight the London System with Black Pt 1 - ...d5 Setups (Queens Gambit)
Coo9gWoZrN4 Blitz Chess #2157 with Live Comments Caro Kann vs elpumaargentino with Black
Cp-x44Yfvyk Blitz Chess #1538 with Live Comments Budapest Gambit vs birutek
Crcq3EVtHNo Blitz Chess #3545 vs GM Hayek Kings Indian Makogonov White
CsPWUpuWCO8 Blitz Chess #3863 vs zavenc Caro Kann White
CtI81NZHDdo Blitz Chess #3573 vs Notkevich Ruy Lopez Black
CtjBlqwCv3Y Blitz Chess #1955 with Live Comments Scotch Opening vs GM JackDaniels  Pavel Maletin with Black
CvUzMdVKO7Q Blitz Chess #4046 vs Tuborg Caro Kann White
CvvYFOSnivI Blitz Chess #3883 vs Rumilives Four Knights Black
Cw2zQUd4dBw Blitz Chess #658 with Live Comments King's Indian Classical Kortschnoi Variation
CwCiRdmK9io Blitz Chess #2030 with Live Comments Queen Pawn London vs Stokksnes with White
Cx0xFGuvtX0 Blitz Chess #1404 with Live Comments Queen's Gambit Chigorin vs GM Rechlis
Cyn6RoP3HhM Blitz Chess #536 with Live Comments Catalan
CzLVBnm6Ryo Blitz Chess #2392 with Live Comments Queens Gambit Rogozin vs Supercheese7 with White
D1XOLaipeuU Blitz Chess #1070 with Live Comments English Opening Mikenas Variation
D23e_YdxGkk Sicilian Moscow 1 e4 c5 2 Nf3 d6 3 Bb5+ FREE PREVIEW
D24rutrkmzQ Blitz Chess #1616 with Live Comments Queens Pawn Colle vs SMETA08 with White
D29NQAPgDi0 Blitz Chess #1024 with Live Comments Sicilian Hyper Accelerated Dragon
D423BLsQC2g Blitz Chess #1776 with Live Comments Pirc Defence vs drenica with White
D46uPy01Ixs Blitz Chess #52 with Live Comments - Caro-Kann Panov (w loss with funny mouseslip)
D5Enkb9Pcf4 Blitz Chess #3324 with Live Comments Larsen Opening 1 b3 vs IM Joorge with Black
D5Lt3oudMF8 Blitz Chess #4797 vs aaabbbert Queen Pawn Black
D6-T35dowas Daily Bullet Arena on Lichess Jan 11 2018
D7-MpSpQCPw Blitz Chess #750 with Live Comments Kings Indian
D7lp_sbSN64 Blitz Chess #518 with Live Comments Keres Defence
D7t8Qix9rog ICC Liveshow Oct 30
D8EAB4A_uPE Blitz Chess #654 with Live Comments Trompowsky
D8gByh4b3bg Blitz Chess #3153 with Live Comments Queens Gambit Accepted vs phatkat with Black
D9AQ_tfS4b4 Blitz Chess #3177 with Live Comments Queens Pawn vs FM AlonzoMoseley with Black
D9K37wOKYVo Blitz Chess #3125 with Live Comments Slav Defence vs AkabaInTheHouse with White
D9muJiqA7CY Blitz Chess #4379 vs FM Burgsvik B Andersson Sicilian Sveshnikov White
DBBXxFsnRMI Blitz Chess #1155 with Live Comments Scotch Gambit
DBMJDIWCkOo World Championship 2016 Game 8 Carlsen vs Karjakin
DC_jj8YgRTE Blitz Chess #3947 vs Pollypolly Trompowsky Black
DCn0uQismeQ Blitz Chess #4713 vs LeFisk Petroff Black
DDELMArQtLs Blitz Chess #1754 with Live Comments Sicilian Sozin vs FM deEbeck with Black
DDdtpCNWSmk Blitz Chess #4733 vs Barsuk0112711 Petroff  Black
DDqTwY2pfp4 Blitz Chess #319 with Live Comments French Tarrasch
DE4O9b3rerg World Championship 2016 Game 10 Carlsen vs Karjakin
DFIBH4lQ4f4 Blitz Chess #3813 vs IM aplusk A Moskalenko Benko Gambit Black
DGESVOm8s4o Great Games of Anand and Carlsen Part 13: Anand-Topalov, Sofia 2010
DGOynJEirQ4 Blitz Chess #1915 with Live Comments Slav Defence vs IM pop eye with White
DGzbKmWxHUI Blitz Chess #3722 vs Notkevich English Opening White
DHiQUAiLDXA Blitz Chess #2372 with Live Comments Keres Defence vs FlammaSaevitia with White
DISyJBYau78 Blitz Chess #2140 with Live Comments Sicilian Taimanov vs jopacs70 with White
DJmCZIpWuwU Blitz Chess #3384 vs GM TakeMeHome Nimzo Indian Classical White
DJqPItCCmuQ Blitz Chess #3418 vs IM PrincePanic W Hendriks Kings Indian Makagonov White
DK6l30k-hbk Blitz Chess #3769 vs Marius1 Benko Gambit Black
DKTSTdBWt9I Blitz Chess #2871 with Live Comments Dutch Defence vs Killy with White
DKvjJm9EB1s Blitz Chess #4364 vs oviwan68 Kings Indian Petrosian White
DKvrstBtADg Blitz Chess #3925 vs Valai Reti Opening White
DLwfThdVLQE Blitz Chess #2511 with Live Comments Queens Gambit Declined vs FM Alka with White
DMdbaoxFxo0 Blitz Chess #3226 with Live Comments Trompowsky vs IM Seyduna with White
DNAHLkBJiVw Blitz Chess #1231 with Live Comments Caro Kann Two Knights Variation
DNBEwIN7z4M Blitz Chess #1871 with Live Comments Old Indian vs GM Yardbird Eric Lobron with White
DNN00jHvTzM Blitz Chess #2816 with Live Comments Queen Pawn vs IM UY Scuti with White
DNi9QHg88RY Livestream Nov 16 2015
DNxfcuHM1mY Blitz Chess #2695 Live Comments Queens Gambit Tarrasch vs Doccy Dr John Nunn White Kingside Fianchet
DOoiHpcSaTc Blitz Chess #2719 Live Comments Orang Utan vs mno White Offbeat Week
DPd9-RG5tLE Blitz Chess #1119 with Live Comments Caro Kann Burmakin Variation
DQgROr3voic Blitz Chess #1832 with Live Comments English Defence vs GM taktikus Zoltan Medvegy with Black
DRoVakI7hZQ Blitz Chess #4241 vs IM Fonsofan A Lorente Zaro Reti Opening White
DRqtOUWG1U0 Blitz Chess #2836 with Live Comments Dutch Defence vs IM Wilson Palencia with White
DTJGYtAjtRQ Blitz Chess #1645 with Live Comments Ruy Lopez Chigorin vs FM wolwerine Luiz Alexandre with Black
DUftiLoD15w Blitz Chess #3597 vs AgentFoxMulder Queens Gambit Vienna White
DV1ngSE4cRs Blitz Chess #123 with Live Comments -  Ruy Lopez Classical Yates
DVIPiSQHlqc Blitz Chess #989 with Live Comments Caro Kann Two Knights
DVJLDD-oJBk Book Review The Kaufman Repertoire
DVMk2dC1HL8 Blitz Chess #2029 with Live Comments Goring Gambit vs kill88 with Black
DW6yoXgchDE Blitz Chess #3358 vs Tolstrup Queens Pawn London White
DWBvXE6rbdA Friday Night Stream with Blitz and some Chess960/Fischer Random
DWooITalg6U Blitz Chess #2319 with Live Comments Nimzo Indian Rubinstein vs IM D Mischuk with Black
DXVxQd1cx48 Blitz Chess #294 with Live Comments Nimzo Indian Classical
DYDSmnTt018 Blitz Chess #1666 with Live Comments English Defence vs IM Fantozzi Igor Teplyi with Black
DYbC-AyuT5M Rapid Chess #254 vs essolessek Sicilian Acc Dragon Black
DYyr9_9br3Y Blitz Chess #2338 with Live Comments Bogo Indian vs Notkevich with White
DZ8IfXkjZwI Blitz Chess #2681 with Live Comments Queen Pawn London vs ALIAS with Black
DZH7qSDFe0Y Blitz Chess #2244 with Live Comments Kings Indian Averbakh vs Fritzka with White
D_OvaSnG7Ys Blitz Chess #1407 with Live Comments Trompowsky Attack vs PTNELES
DauMDK4YIcE Blitz Chess #1573 with Live Comments Sicilian Smith Morra Gambit vs nightmareduck
De5EcV3gikg Blitz Chess #1164 with Live Comments Kings Gambit
DeEXq_Q2MZQ Blitz Chess #320 with Live Comments Nimzo Rubinstein
Dg78Z-tcZ_M Blitz Chess #1233 with Live Comments Queens Pawn
Dg8HN-XZ634 Blitz Chess #1656 with Live Comments Kings Indian vs Greenhaven with Black
DhRwOpFpeKs Blitz Chess #710 with Live Comments King's Indian Gligoric
DipjpmPCNx0 Blitz Chess #3521 vs SMETA08 Ruy Lopez Smyslov Black
DjIaELsku04 Blitz Chess #2095 with Live Comments Ruy Lopez vs IM Kirlian Carlo d Amore with White
DkiaNZZ9mUs Blitz Chess #467 with Live Comments Modern Defence
DlZV71FVBkg Blitz Chess #4823 vs Viswan Queens Pawn Black
DlcbFyroKro Blitz Chess #1124 with Live Comments Caro Kann
DmJb8H8jHi0 Blitz Chess #604 with Live Comments English Symmetrical
Dn4lA1lP3tI Blitz Chess #714 with Live Comments Caro Kann Panov
DnZH8AMP8Xo Blitz Chess #1778 with Live Comments Nimzo Indian Rubinstein vs Mozgokliuj with Black
DojhSNhwTzo Blitz Chess #2167 with Live Comments Vienna Opening vs Baffler with Black
DpXUJoeLYc4 Blitz Chess #4506 vs MLes Reti Opening White
DqI33-bqfzA Blitz Chess #2467 with Live Comments English Opening vs ZhuZhenghai008 with Black
DqioyXpL2cs Blitz Chess #4803 vs aa80 French Exchange White
Dqu63OEoMQo Blitz Chess #3693 vs GM Yardbird E Lobron Nimzo Indian Classical White
Ds6PGW38vYY Blitz Schach #45 mit Livekommentar
DsLs9C22ulc Blitz Chess #832 with Live Comments Caro Kann
DsMiI99Jryk Blitz Chess #4610 vs Willly Bogo Indian Black
DtVJxxnniPQ Rapid Chess vs IM Greg Shahade (curtains) - Dual Commentary
DtrFTMlJkeI Blitz Chess #2754 with Live Comments Queens Gambit Ragozin vs IM MWeston with White
DuH9nYdSa9c Blitz Chess #4532 vs sankist Queen Pawn Black
Dvj8TOsM-So Blitz Chess #3688 vs HypnoticSpecter Slav Defence White
Dvr9LGtsaGc Blitz Chess #243 with Live Comments Ruy Lopez Zaitsev Variation
DwFFS5zwJsI Blitz Chess #533 with Live Comments Sicilian Kalashnikov
DxPmnW-_ZDM Blitz Chess #2772 with Live Comments Nimzo Indian Rubinstein vs GM endlessfighter with Black
DxQ1LA1g1pg Blitz Chess #2027 with Live Comments Reti Opening vs IM Demian with Black
Dxo9oRz9xk4 Blitz Chess #740 with Live Comments Neo Philidor
Dxx2xkl8M4Y Blitz Schach #55 mit Livekommentar
DyClDNszJQU Blitz Chess #610 with Live Comments Sicilian Rossolimo
E-5Lo2YC3wA Blitz Chess #4672 vs sodon84 Reti Opening White
E-OjXVJFdcs Blitz Chess #2329 with Live Comments Benko Gambit vs bruinplayer with White
E-x_s5p8b7w Candidates 2014 Round 3 Topalov vs Aronian Ruy Lopze Anti Marshall
E10emHYOfNY Blitz Chess #657 with Live Comments King's Gambit Falkbeer
E1Kc2j6ySA8 Blitz Chess #1214 with Live Comments Slav Defence
E1ZksZDw0Ss Blitz Chess #2025 with Live Comments English Hedgehog vs FM karlstad Juri Krupenski with White
E2BQydKG_l4 Blitz Chess #1624 with Live Comments Pribyl Defence vs TrojanKnight with White
E2w_CttWqN0 Blitz Chess #1483 with Live Comments Italian Game Two Knights vs  ceppy01
E5RHLEwm2T8 Blitz Chess #790 with Live Comments Kings Indian Attack
E6-hAyk6FnM Blitz Chess #1944 with Live Comments Modern Defence vs Seminol with White
E6I7OP_5-8k Blitz Chess #4787 vs Honigdachs Petroff Black
E75EUGbH-A0 Chesscube - Warzone 2013-04-22
E8Elwutgz44 Blitz Chess #4222 vs IM mosquerita M Mosquera Reti Opening White
E8Sn5S5maBo Blitz Chess #2563 with Live Comments Modern Defence Hippopotamus vs bariton with Black
E8W0FzQZY5E 15 Min Chess #149 with Live Comments Grünfeld with h4
E9RguId4IgI Blitz Chess #793 with Live Comments French Classical Steinitz
E9_taeCBDV0 Blitz Chess #4104 vs GrekUlises Benko Gambit Black
E9pbzBbHtVA Blitz Chess #1689 with Live Comments Sicilian Rossolimo vs IM Nekotik Valeri Bronznik with White
EAG52vDya0k Blitz Chess #2122 with Live Comments Modern Defence vs zeigmata with Black
EA_m_BOan8k Blitz Chess #497 with Live Comments Grunfeld 5 h4
EAoZ8f7Y5eE Blitz Chess #3470 vs bellus Queens Gambit Declined
EB3c-v_q1zo Live stream today one hour earlier European time again
EBKBHZKNt-o Blitz Chess #1018 with Live Comments Kings Indian Makagonov
EBf053Ei4dg Blitz Chess #4794 vs alphazeromind Sicilian Moscow White
EBsvEpOh3AI Blitz Chess #3207 with Live Comments Queens Gambit Accepted vs IM vcs V Shen with White
EBvpzCNeY1I Blitz Chess #2649 with Live Comments Queen Pawn Veresov vs IM Branimir Maksimovic with Black
EC0Ttl6K-dY Blitz Chess #49 with Live Comments - Queen's Gambit Declined Exchange (w loss)
EDFoUdN02QM Blitz Chess #2436 with Live Comments Alehkine Defence vs UuummSomething with Black
EENCNYXkWTE Blitz Chess #4602 vs IM Ich2 Sicilian Acc Dragon White
EEP69DFYVoI Blitz Chess #404 with Live Comments Benko Volga Gambit
EET_zDyiJxU Blitz Chess #2246 with Live Comments Nimzo Indian Rubinstein vs funchessvideo with Black
EEVl47FePWQ Blitz Chess #4925 vs IM Arrowlimit English Symmetrical Black
EGwBacNLsf8 Blitz Chess #4141 vs Kicha Ruy Lopez Exchange White
EHCE68qr5oQ A look at analysis from Zuerich 1953 by D Bronstein
EIcIQFfR1GE Blitz Chess #4573 vs Semargi Sicilian Rossolimo White
EIme6R0sREw Blitz Chess #4952 vs Hammurapi English Symmetrical White
EKTKSdtsqBE Blitz Chess #3303 with Live Comments Italian Game vs MLRAKA with Black
EKYezvJrfiA Blitz Chess #3391 vs HODM Queens Gambit Declined White
EKcnaHDDu6o Blitz Schach #154 mit Livekommentar.avi
ELVEKjc90Dg Blitz Chess #4103 vs SpaceNeedle Italian Game Black
EM2BC795118 Blitz Chess #3537 vs MattP English Opening Black
EM_mxGa4SwI Blitz Schach #142 mit Livekommentar.avi
EMtvSpK-FmE Monday Night Liveshow Jan 29
ENVdJ7nwlr0 Blitz Chess #2684 with Live Comments Grunfeld Fianchetto vs IM Tetrarch with White
EOJiy_8bVNU Blitz Chess #346 with Live Comments Trompowsky
EP-K8eDZbxk Blitz Chess #923 with Live Comments Bogo Indian
EP8qmkhPApM Blitz Chess #4738 vs Kraftzug Siciilan Maroczy White
EPmrll092hc Blitz Chess #4895 vs Sigulot Dutch Stonewall White
EQZgaji656k Blitz Chess #51 with Live Comments - French Winawer - Exchange sac and interesting Endgame (b win)
EQxFa_MZSIM Candidates 2014 Round 6 Aronian vs Andreikin Reti Gambit
ESM5cKjYVMM Blitz Chess #2600 with Live Comments Ruy Lopez Breyer vs FM Wolwerine L Alexandre with Black
ETFK7h6B2qk Blitz Chess #3390 vs IM Joorge Larsen Opening 1 b3 Black
ETNs072iTSY 15 Min Rapid Chess #191 with Live Comments Benoni with White
ETwJ2VuouCQ Blitz Chess #3265 with Live Comments Sicilian Moscow vs IM QuintilianoR with White
EU2jqymT9yg Blitz Chess #4232 vs barsuk 071243 Sicilian Dragon Black
EUSssxLnJhg Blitz Chess #4323 vs Papoal29 Reti Opening White
EUWmExLElV8 Blitz Chess #4336 vs IM Dromedar J Hall Sicilian Rossolimo Black
EVACJsyGQmc ICC 5min Blitz Schach mit LIvekommentar #17
EVB_vRZ-UYg Blitz Chess #80 with Live Comments - English Symmetrical (b)
EW1aZXzrQFI Blitz Chess #4780 vs fsm666fsm English Symmetrical White
EWjRjzCoYjc Blitz Chess #2663 Live Comments Modern Defence vs IM Jimmy Schlumpf U Schulze Black Opening Challeng
EWk-iso6I9U Blitz Chess #2634 with Live Comments French Defence Winawer vs AkabaInTheHouse with Black
EWw09ungOOs Blitz Chess #1609 with Live Comments Ruy Lopez Exchange vs GM Yardbird Eric Lobron with Black
EX3jbVI2vXE Blitz Chess #3534 vs MWeston Italian Game Black
EXLsteNUKrU Chesscube - Warzone Bullet 2014-06-11
EYoDQcHasBU Blitz Chess #2419 with Live Comments Scotch Gambit vs Osram with Black
Ea0BMUVyNA8 Blitz Chess #698 with Live Comments English Opening
EaJTwY82EO4 15 Min Chess #26 with Live Comments - Sicilian Dragon Classical Variation
EaaMQIlUfK0 Norway Chess Round 1 Recap ft  Grischuk vs Caruana Modern Benoni
Ec2LE6fpe9Y Blitz Chess #3522 vs GM Maxim Dlugy Kings Indian Makogonov White
Ed3E9RvqjVI Blitz Chess #774 with Live Comments Caro Kann Advance
EdJY-FVHXOY THE move of the year: Vorontsov-Troff, World Youth Champs U14 Maribor
EfF_0xnHdVI 15 Min Chess #75 with Live Comments Sicilian
EfIaS9UbH2M Blitz Chess #1304 with Live Comments Queen Pawn
EfQ8h4ary5U Blitz Chess #2604 with Live Comments Ruy Lopez Chigorin vs CrossShark with Black
EfqS6gyuHrY Blitz Chess #1111 with Live Comments Grunfeld
Eh2zAeQ7I8U Blitz Chess #3675 vs Myway Sicilian Myway Black
EhJ1W1L_urA Blitz Chess #4226 vs GM Doccy Dr John Nunn Kings Indian Petrosian White
EhdQ0EUd2hk Blitz Chess #4106 vs QiWang Kings Indian Averbakh White
EiQ55Nsi4bI Gashimov Memorial Round 6 Recap with Shakh Mamedyarov vs  Magnus Carlsen Nimzo Indian Classical Qc2
EjLWKLWdCZA Blitz Chess #2383 with Live Comments Italian Game vs IM Molton Ly with Black
EjQvuNGtYfc Rapid Chess #240 vs Dodo48 London System Black
EjRYeWj_KzI Blitz Chess #3493 vs IM Luis Torres Nimzo Indian Classical White
ElUB1lkzah4 Blitz Chess #2523 with Live Comments Larsen Opening 1 b3 vs Blu with Black
ElVHv7TCNOU Blitz Chess #3839 vs IM Olegas O Krivosonov Reti Opening White
Eld_9qRWbgc Blitz Chess #3169 with Live Comments Kings Indian Makagonov vs osthans with White
EluoOO1blC0 Blitz Chess #4661 vs AlexanderErin Queens Pawn London Black
EmCGT1TZKWc Tata Steel 2015 Round 3 Recap
EocLDhfKWV8 Blitz Chess #3878 vs chezwhiz Sicilian Taimanov White
Eq73KUr8L8I Blitz Chess #1368 with Live Comments English Anti Grünfeld vs anonymous IM
Er1iVbMbwmU Blitz Chess #539 with Live Comments English Opening
ErRO1-CSrFo Blitz Chess #2124 with Live Comments Ruy Lopez Steinitz Deferred vs GM Disintegrator with Black
EridlZ6xS5U CE playing Mallorca Open Rd 5 FM Adel Lachaichi Elo 2213 vs C Sielecki English Defence 1 c4 b6
Erk2NMf1WK4 Blitz Chess #3708 vs deksanba Banko Gambit Black
EswRsS_8M_E Blitz Chess #4775 vs mysterious expert Grunfeld Fianchetto White
EtVLBM80PRk Blitz Chess #2931 with Live Comments Ruy Lopez Chigorin vs Lzikon with Black
EtigmmmhYTE Tea Session with Chessexplained #4
Etn0o75dYkg Blitz Chess #3092 with Live Comments Scotch Game vs IM swop M Mueller with Black
EuwNVgt6Njc Blitz Chess #2315 with Live Comments Semi Slav Triangle vs IM DarkPassenger with White
Ev_HFxdUAGc Sinquefield Cup 2014 Round 2 Recap
Ew2czmhf3BI Blitz Chess #2533 with Live Comments Bogo Indian vs backdoor13 with Black
Ew8TgvPptlo Blitz Chess #2675 with Live Comments Semi Slav vs KingGashimov with White
Ew9KE70L2pE World Championship 2016 Tiebreaks Carlsen vs Karjakin
Eysby8xPWJI ICC Livestream Feb 29
F-CadseEjAw World Chess Championship London Candidates Tournament 2013 Round 11 Recap
F06QzeIxcF0 Blitz Chess #1781 with Live Comments Closed Catalan vs atactico with White
F0Bwl5zlQBI Blitz Chess #4475 vs omerov Sicilian Alapin White
F0yux5puYTc Blitz Chess #4461 vs WeShallOvercome Queens Gambit Tarrasch White
F141oWGjNuo Blitz Chess #2954 with Live Comments English Anti Grunfeld vs slimjim4389 with White
F1pXSU50r28 Blitz Schach #88 mit Livekommentar
F20jcbSEbSg Blitz Chess #155 with Live Comments - Sicilian Scheveningen / Najdorf
F2L7DgbhCZQ Blitz Chess #2685 with Live Comments Bogo Indian vs SharkAnto55 with White
F3jWW9vExCU Blitz Chess #2761 with Live Comments Sicilian Taimanov vs chavo with Black
F4wd06I1l8w Announcement Chess24 Banter today June 25 at 9 PM CET
F5jtphDNqOQ Blitz Chess #3874 vs FM Mataleo Sicilia French Wing Gambit Black
F6cbAcyAylk Blitz Chess #2041 with Live Comments modern Defence vs franocta with Black
F6pgt7AcRUE Blitz Chess #2976 with Live Comments Queens Gambit Chigorin vs kromos with White
F6sNyA5iYoI Rapid Chess #250 vs ura84 Slav Defence White
F6tforTliDM Blitz Chess #3485 vs MasterOf Puppets Trompowsky Black
F7HDFffQz3I Blitz Chess #210 with Live Comments Sicilian Accelerated Dragon
F82670px0A4 ICC 5min Blitz Schach mit Livekommentar #24
F8WDEIk8z4g Blitz Chess #91 with Live Comments - Kings Indian Attack vs  IM (b)
F8ysby49WTA Candidates 2014 Round 10 Kramnik vs Svidler Dutch Defence
F9WRN7e4D1s 15 Min Chess #21 with Live Comments - Sicilian Morra-Smith Gambit
FA3dodToEMs Candidates 2014 Round 9 Anand vs Topalov Sicilian Najdorf
FA7dK6jrY_w Blitz Chess #4250 vs ThomasTallis Reti Opening White
FA_9RlY-6NA Blitz Chess #3877 vs SMETA08 Ruy Lopez Exchange White
FAn8DCQQMFw Blitz Chess #255 with Live Comments Torre Attack
FAtw22I9wYs Blitz Chess #2178 with Live Comments Modern Defence vs IM supersasha M Berkovich with Black
FBoYx5CQfgU Blitz Chess #1868 with Live Comments Nimzo Indian Kasparov vs FM Blitzkicker with Black
FCIEB-EXKD8 KIS 1 d4   Chapter 12   Preview
FCUw6_EzEYM Tata Steel 2014 Rounds 1 to 3 Highlights
FECF5mogRX4 Blitz Chess #4626 vs CM InsaneHasReturned Kings Gambit Black
FEGpiP-n5qA Sinquefield Cup 2015 Round 5 Recap with all games Focus on Carlsen vs So Sicilian Najdorf
FEHNl7S8LVo Livestream July 20 2015
FEjVAONGJ5k Blitz Chess #845 with Live Comments Slav Defence Chebanenko
FG6gkf5XLKM Blitz Chess #2061 with Live Comments Blackmar Diemer Gambit vs IM Olegas Oleg Krivonosov with White
FHozPPRrAbo 15 Min Chess #86 with Live Comments French Steinitz
FHq0ux1qJB0 Blitz Chess #3898 vs IM Isokol I Sokolin Benko Gembit Black
FI35D-RG6T4 Blitz Chess #921 with Live Comments Italian Game
FIhltKpCnts Blitz Chess #4599 vs Mole Creature Sicilian Acc Dragon White
FJRBhCwCKMU 15 Min Chess #130 with Live Comments Ruy Lopez Bird Variation
FJd4QG0UC44 Blitz Chess #1972 with Live Comments English Symmetrical vs Idealist with White
FJqIenHjxQs Blitz Chess #3377 vs IM zimONE R Makoto Reti Opening Black
FKRFfcXvjmI ICC Livestream Oct 09
FLGHOA_2-s4 Blitz Chess #2189 with Live Comments Czech Benoni vs JAndrew with Black
FMKHtftsHWA Blitz Chess #1043 with Live Comments Kings Indian
FMjZY7H7vgY Blitz Chess #2885 with Live Comments Sicilian Alapin vs timofonica with Black
FNi_5RoaYSI Blitz Chess #954 with Live Comments Petroff Russian Defence
FNkHrhCZgh0 Blitz Chess #1367 with Live Comments Nimzo Saemisch vs anonymous GM
FOoXVN4WeB4 Blitz Chess #3243 with Live Comments Queen Pawn Torre vs hAutAjArvi with White
FPUW5pzhhLM Candidates 2014 Round 13 Highlights
FQ6v8zhc4yQ Blitz Chess #1372 with Live Comments English Defence
FRVDiGUh0p0 Blitz Chess #298 with Live Comments Caro Kann Advance
FS691L87oa4 Blitz Chess #3338 vs GM Goldmund A Rustemov Dutch White
FSLr6yqH8xE Streamers Challenge on my Twitch channel Sep 16
FSlvLUbwza4 Blitz Chess #2088 with Live Comments Trompowsky vs Guilherme with White
FStj0Tj1hQE Blitz Chess #960 with Live Comments French 2 Qe2
FTGiyVxFObU CEs GM Tournament   The Good, The Bad and the Ugly Pt III
FTnptrhF600 Blitz Chess #2077 with Live Comments Trompowsky vs Mozgokliuj with White
FTwgi0lzl_E Blitz Chess #4740 vs LegoOleg Caro Kann Two Knights White
FTyhfkNRfPA Blitz Chess #142 with Live Comments- Sicilian Kan
FUsmKXqc4k8 Blitz Chess #1100 with Live Comments Caro Kann Smyslov Variation
FVfdoTZssNA Blitz Chess #772 with Live Comments English Defence
FWfdrPrwZjU Blitz Chess #2081 with Live Comments Queens Gambit Chigorin vs IM Olegas Oleg Krivonosov with Black
FX2LAFNs0eY Blitz Chess #3346 vs Neurobyte Kings Gambit Black
FX4iV2nyxc8 Blitz Chess #3224 with Live Comments Slav Triangle vs spassi with White
FXAdIMSwZC8 Blitz Chess #556 with Live Comments Sicilian Moscow Variation
FXOjRGYJB34 Blitz Chess #4255 vs Cheater French Defence Black
FXZAKGoq5v4 Blitz Chess #4331 vs Jasrom Reti Opening White
FXujK3TVUdQ Blitz Chess #2750 with Live Comments Old Indian vs IM PrincePanic W Hendricks with White
FZLYVmEz_g4 15 Min Chess #65 with Live Comments Sicilian Rossolimo
FZi5B5FdTKg Blitz Chess #1531 with Live Comments Philidor Defense vs tigerpaul
FZt_w__vyt8 Blitz Schach #83 mit Livekommentar
FZta7_QsKHA Blitz Chess #1265 with Live Comments Ruy Lopez
F_VffX0MLSs Blitz Chess #3794 vs IM Isokol L Sokolin Benko Gambit Black
FaiFRdjxVNs Calculation and Tactics #014 - Chess com Tactics Trainer 2400 level
FbMAT5kY1-g Blitz Chess #3009 with Live Comments Queens Gambit Declined vs GM Yardbird E Lobron with Black
FcnpjgfX6kE Blitz Chess #1419 with Live Comments Siclian Four Knights vs FM Flashlight
Fd2_d_5Vd0U Blitz Chess #4213 vs wjw English Opening White
FdBjvRYIrOA Blitz Chess #1737 with Live Comments Nimzo Indian Classical vs IM StepbyStep with Black
FdVCBjHwyWw Blitz Chess #348 with Live Comments Scotch Game
Fdtqk6wCGJo Blitz Chess #3250 with Live Comments French Defence vs FM ScacchicAgelast with White
FeexIBkZxJY Blitz Chess #895 with Live Comments Nimzo Saemisch
FflAaLPvoKQ Blitz Chess #463 with Live Comments English Defence
Ffm-T8-vHQs Blitz Chess #418 with Live Comments Catalan Opening
Fg3XO--tsK4 Blitz Chess #2715 Live Comments Bird Polar Bear vs GM Jedimaster White Offbeat Week
FgCYPgvpKwM 15 Min Chess #2 with Live Comments Ruy Lopez
FgXPL7R8dDs Blitz Chess #3657 vs FM JamyTheSaint Nimzo Indian Classical White
FhCqsms9FfI Blitz Chess #2888 with Live Comments Queens Gambit Declined vs IM Olegas O Krivonosov with White
FhX0Fu-B_eo Blitz Chess #3003 with Live Comments Reti Dutch vs GM DrainYou S B Hansen with Black
FhxLAkKW9eE Blitz Chess #596 with Live Comments French Tarrasch Guimard
Fi9qmB5i0RI Black Repertoire 1.e4 e5 - Part 1 Intro
FiWJ038qiVg ICC 5min Blitz Schach mit Livekommentar #29
Fjc8sANdQ4U Blitz Chess #2794 with Live Comments Queens Gambit Ragozin vs AgenFoxMulder with White
Fk27VXGlwz0 Tata Steel 2014 Round 6 Recap
FkBBbfmZmyY Blitz Chess #129 with Live Comments - Benko/Volga Gambit
FkYVROzdGoU Blitz Chess #2683 with Live Comments Caro Kann Advance vs IM bulletmaster S Narayanan with Black
Fkdz9E3w5_M Blitz Chess #3603 vs IM Longinvs Kings Gambit Black
FlCpDl0c2-o Blitz Chess #4683 vs MulaMoes English Symmetrical White
FlL5ZbH819o Blitz Chess #2667 Live Comments Benko Gambit vs BonifaceVIII Black Opening Challenge Week
FlXSZkqyx_M Blitz Chess #809 with Live Comments Bogo Indian
Flubftrjgew Blitz Chess #4722 vs yukaghir Queens Pawn Black
FmDxx6qE-YA Blitz Chess #542 with Live Comments Modern Benoni
FmOzzL4WC3A Rapid Chess #258 vs  MattesCooper Kings Indian Petrosian White
FmUbYyLxllk Blitz Chess #3762 vs bruma Benko Gambit Black
FnAcUn2HvCc 25 10 Rapid Chess #209 with Live Comments Sicilian with Black
FpGLcCp-7FM Blitz Chess #2252 with Live Comments Evans Gambit vs IM MischukDL D Mischuk with Black
Fr_-nJFpz8s Chesscube - Warzone Final 2013-05-04
FsPIPeQV0bU Blitz Chess #2068 with Live Comments Trompowsky vs maradona with White
FsbdqCCU8K8 Blitz Chess #4061 vs MaxPower Colle Black
FsstH7ExUrk Blitz Chess #541 with Live Comments Caro Kann Panov
FtY-GRmU62Q Lichess Bullet Arena #002
Fu9XgwBVBxA Blitz Chess #2410 with Live Comments Kings Indian vs IM Kakarotto with Black
Fv3LhTlWca0 Blitz Chess #4370 vs Lelu81 Queen Pawn London Black
FvZ1H8dqlOY Blitz Chess #4535 vs San11 Petroff Black
FwVQ9YfBuXw Blitz Chess #2614 with Live Comments Flank Opening vs ansatsu with Black
Fx9Sh6WiBtA Blitz Chess #4130 vs IM Olegas O Krivosonov English Black
G1MvfwLXY8U Blitz Chess #3763 vs GM EightMilesHigh Benko Gambit Black
G3XI2S4je98 Blitz Chess #810 with Live Comments Modern Defence
G43dINJybdw Blitz Chess #4172 vs bobbystruk1 Reti Opening White
G51Q7Bn4TqQ Blitz Chess #3021 with Live Comments Scotch Opening vs probable Cheater with Black
G5Wi89fXtnQ Blitz Chess #1740 with Live Comments Nimzo Indian Saemisch vs zaratustra2013 with White
G69ojwf3e0o Blitz Chess #3282 with Live Comments Modern Defence vs IM MaestroASK A Kireev with White
G7-p0dSQU2k Blitz Chess #3529 vs natrost2000 Czech Benoni Black
G77-JRec674 Blitz Chess #4038 vs GM Yozhik Caro Kann Bronstein Larsen Black
G7FxcPSK_yg Blitz Chess #3852 vs Piscogambit Queen Pawn Anti Benko Black
G7RBZKobBx4 Blitz Chess #857 with Live Comments Wade Defence
G7VqX1y60Z4 Blitz Chess #303 with Live Comments Bogo Indian
G7_vfQ3DJqc Blitz Chess #2250 with Live Comments Reti Opening vs wbri with White
G7lboqB41Xs Blitz Chess #241 with Live Comments Caro Kann Bronstein Larsen
G7qITWxxNig Blitz Chess #3705 vs IM Dromedar J Hall Czech Benoni White
G8KkPix7JUc Blitz Chess #782 with Live Comments Queens Gambit Tarrasch Defence
G8z7FyhceuU Repertoire for 1 d4   Part 15 Budapest, Tango, Old Indian
G9CLn6EXcTU Blitz Chess #527 with Live Comments Queens Pawn Colle
G9Z0GoSsBCk Blitz Chess #2290 with Live Comments Sicilian Kalashnikov vs Acertijo with Black
G9zAzyi-Cn4 Blitz Chess #1465 with Live Comments Kings Indian Averbkah vs Iazgim
GANliC7x-zA Blitz Chess #4830 vs little bit Ruy Lopez Black
GAOxOMAE2iE Blitz Schach #86 mit Livekommentar
GAn2_b8y7ZI Blitz Chess #2718 Live Comments Alekhine Defence vs GM Yardbird E Lobron Black Offbeat Week
GCDh4N9caWM Blitz Chess #2285 with Live Comments Nimzo Indian f3 vs Yellowsubmarine with Black
GD6MjuR_JPI Blitz Match vs Computer4-Impossible on Chess.com
GEgCzranUKU 15 Min Rapid Chess #188 with Live Comments Siclian Rossolimo with Black
GEiW3bm4NZQ Blitz Chess #2092 with Live Comments Philidor Defence vs GM BoGoSS Thal Abergel with White
GGaWjG4R5MY Blitz Chess #1175 with Live Comments Ruy Lopez
GGrqX7YESDA Blitz Chess #4248 vs FM deEccher Goering Gambit Black
GImWmV1e8nI Blitz Chess #4902 vs GM Oleksiyenko Reti Opening White
GJPWjw8KfAs Blitz Chess #1598 with Live Comments Nimzo Indian Rubinstein vs kumaran98 with White
GKdf2r3R0Pc Blitz Chess #368 with Live Comments Pirc Defence
GLEhXlkgSiM Blitz Chess #4169 vs IM Kirlian C d Amore Reti Opening White
GLaNbLd4yhY Blitz Chess #4623 vs SnackYourPawn Benoni Black
GMMpupk6F3o Blitz Schach #170 mit Livekommentar.avi
GNJgdO7xAIE Blitz Chess #2202 with Live Comments French Advance vs Wargasm with Black
GNen-NHH3WM Blitz Chess #3671 vs Mohamedng6 Sicilian Rossolimo White
GNtltY9MdjY Blitz Chess #2766 with Live Comments Sicilian Taimanov vs Dristigheten with Black
GQ21pip2820 Blitz Chess #2630 with Live Comments Philidor Defence vs FM Memento with Black
GQTZNAwTwBQ Blitz Kibitzing with GMs Nakamura, Fedoseev and Seirawan Feb 05 2013
GRBM9cpB-b4 Blitz Chess #3706 vs GM D Fridman Nimzo Indian Kasparov Black
GSYGvd0rztU Blitz Chess #660 with Live Comments Larsen Opening 1 b3
GSzglAFq5IA Blitz Chess #1884 with Live Comments French Exchange vs GM Mandragoro Gerd Schebler with White
GT2iNyUMivM ICC Livestream Apr 11
GTk3xqyJO-Q Blitz Kibitzing on Alexander Morozevich on ICC
GUX041qmLho Hourly Bullet Arena on Lichess July 05
GV5RJiOOVks Blitz Chess #1840 with Live Comments English Defence vs FM Kunifax with Black
GV_hpGCppl8 Blitz Chess #4066 vs cau Ruy Lopez Exchange White
GVdEu64mDD8 Blitz Chess #4338 vs chessrex Irregular Opening White
GWcKMOnMR_8 Blitz Chess #3971 vs bukanero Ruy Lopez White
GWueFWqRCeA Blitz Chess #1374 with Live Comments Dutch Defence
GWxYmoQxzps Blitz Chess #1650 with Live Comments Czech Benoni vs dbv with White
GYS5mQBOvUs 15 Min Chess #179 with Live Comments Nimzo Indian Classical Variation
GYh-RSjijOE Blitz Chess #4218 vs IM FightingDragon C Koepke Sicilian Dragon Black
GZNKOwrpRoI Blitz Chess #3416 vs coolit2015 Benoni White
GZxTXXFuAD8 Blitz Chess #2425 with Live Comments Kings Gambit vs GM Vladimirovich Dimitry Andreikin with Black
Gbs36BjGP8s Blitz Chess #1150 with Live Comments English Hedgehog
Ge8UuIH79JI Live Banter Blitz on Chess24 in German (3 PM CET) and English (5 PM CET) on Mar 27
GelOanNViTA Blitz Chess #818 with Live Comments Bogo Indian
Gf3f_0k_LpA Blitz Chess #333 with Live Comments Nimzo Indian Saemisch
GfJ4JGqTFhI Blitz Chess #1891 with Live Comments Dutch Leningrad vs FrankeD with Black
Ggbv_RSwX8A Blitz Chess #3687 vs Ancient Modern Defence Black
GiVVz2DLMR8 Blitz Chess #3815 vs IM swop M Mueller Queens Gambit Tarrasch White
Gj9a0cXubzQ Blitz Chess #4940 vs IM menechri Sicilian Bowdler Attack Black
GjOxdvdXU3U Blitz Chess #4867 vs Egivichka Queen Pawn White
Gk35ZKf72VE Book Review Tarrasch Defence
GkSrcdjXuQ4 Blitz Chess #2130 with Live Comments Bird Opening vs FrenchDefense with Black
GkVtMVSYAL0 Blitz Chess #1448 with Live Comments Queens Pawn Torre vs guidez
Gl1czaVxn1U Blitz Chess #3431 vs Practice 007 Grunfeld Fianchetto Black
GlCJe8rOdFA Blitz Chess #1603 with Live Comments Kings Indian Saemisch vs ercoleiaccone with Black
Gm6nujDB4h4 Sinquefield Cup 2014 Round 1 Recap
GoMU7maPukQ Blitz Chess #102 with Live Comments -  Sicilian Taimanov (w)
GoV_mtsIGwQ Blitz Chess #3232 with Live Comments Ruy Lopez vs noyadua with Black
Gp-e_zwzh68 Blitz Chess #1221 with Live Comments Kings Indian Makagonov
GpytCP2xtsg Livestream Nov 02 2015
Gq7p5CI9-wY Tata Steel 2013 Round 2 Recap
GqopGnpr0lY Blitz Chess #317 with Live Comments Kings Indian Classical
GrEzdgWdyHA Blitz Chess #1281 with Live Comments Queens Gambit Ragozin
GrO-NRODBXI Blitz Chess #652 with Live Comments Benoni
GrQnmVPYOCo Blitz Chess #2324 with Live Comments Budapest Gambit vs Myway with White
GrwzMKffVHs Repertoire for 1 d4   Part 5 Queens Gambit conclusion and Book Recommendation
GsGdBAn9Ayo Blitz Chess #3511 vs KorpaB English Black
Gt4zN7JTC3o Blitz Chess #3219 with Live Comments Ruy Lopez Exchange vs peregrine 64 with White
GtPcqmqTUuw Chess Endgames #012 - Basics - Bishop and Pawn vs Bishop of same color
GtrV7vegNaY Blitz Chess #4185 vs habramson Maroczy Bind White
Gu7Gve4X25E Blitz Chess #4002 vs SMETA08 Sicilian Scheveningen Black
GvHQBcKsmcE Blitz Chess #3027 with Live Comments Czech Benoni vs IM Joorge with White
GvMNVl-MX7Q Blitz Chess #909 with Live Comments London System
GvUCM8-V4yc Blitz Chess #681 with Live Comments Nimzo Inidian Classical Zurich
GviuESALnNU Blitz Chess #2991 with Live Comments Reti Opening vs GM mikolka41985 N Maiorov with White
Gw18BKJx5SM Blitz Chess #3928 vs IM junior64 R Garcia Benko Gambit Black
Gw29pvtaLN0 Blitz Chess #280 with Live Comments Chigorin Defence
GxAkln7_ZLE Blitz Chess #4580 vs orfeas21 Queen Pawn London Black
GxIB6qSE6yQ Blitz Chess #4818 vs BlauerSamt Closed Catalan White
GxK4xH4gqvI Blitz Chess #2218 with Live Comments English Anti Grunfeld vs rpenquin with White
GyJ6VpFqDYI Blitz Chess #1604 with Live Comments Irregular Opening vs GM yozhik with White
GyeYBA-iOsA Blitz Chess #3001 with Live Comments Nimzo Indian Classical vs IM StepbyStep with Black
GzHHK2tDPYk Blitz Chess #2001 with Live Comments Nimzo Indian vs GM Yardbird Eric Lobron with White
GzIJbSOUMfA Blitz Chess #3732 vs dimrepus Kings Gambit Black
GzYBMsDU-8Q Blitz Chess #282 with Live Comments Kings Indian Saemisch
H-5UT0s6db4 Blitz Chess #2173 with Live Comments Nimzo Indian Rubinstein vs maradona with Black
H-QGJSVZSQo Blitz Chess #237 with Live Comments Pirc Fianchetto
H0kKIujJqNM Blitz Chess #2217 with Live Comments Modern Benoni vs IM MTG with Black
H0tlo_cuFaU Blitz Chess #535 with Live Comments Kings Indian Makagonov 6 h3
H2K_i3qCHaI 15 Min Chess #151 with Live Comments Grünfeld
H2k8Z0Co6dI Blitz Chess #1767 with Live Comments Ruy Lopez Chigorin vs Carrocero with Black
H3Qt_pE4cSs Blitz Chess #3721 vs IM VanImpe C Troyke Modern Defence Sniper White
H3pVty32zNw Blitz Chess #1906 with Live Comments Kings Indian Smyslov vs FM HSK Marttu Hartikainen with White
H3trOfffH_o Blitz Chess #3420 vs ZorroBlack Alekhine Defence White
H44Gyx9sB0g Reddit Opening Week 03 2016 Black vs 1 Nc3 Van Geet Dunst Sleipner Linksspringer
H4ocupbgom0 Blitz Chess #4118 vs GM taktikus Z Medvegy English Hedgehog
H5abofVIEsA Blitz Chess #4256 vs AutumnSky Sicilian Taimanov White
H6FKTdujWfE Blitz Chess #983 with Live Comments Queen Pawn Colle
H6GvLUGO6oo Blitz Chess #175 with Live Comments Nimzo Indian Rubinstein
H6jIc9vFwH8 Blitz Chess #2968 with Live Comments Sicilian Kupreichik Variation vs newbie87 with Black
H9nOGcix0iE Rapid Chess #266 vs Anna Nass Dutch Leningrad Black
HBakKD5gMIw GM Blitz Battles Qualifier Live Stream
HBcoVVovztE Blitz Chess #182 with Live Comments Reti Double Fianchetto
HBf1uKu5Hm4 Blitz Chess #4953 vs GM Medela Queen Pawn Black
HDNqldJebTg Blitz Chess #4382 vs veteranrus Sicilian Maroczy Bind White
HE51CqK0OXc Blitz Chess #3114 with Live Comments Ruy Lopez vs Pomberito with Black
HF4ycOmp8pY Blitz Chess #4861 vs omeha Italian Black
HFwryBRswE4 Blitz Chess #23 with Live Comments - King's Indian vs FM (w loss)
HH9SfUi0DfQ 15 Min Rapid Chess #190 with Live Comments Four Knights Game Glek Variation
HJ22-dvQNaE Stay at home and enjoy Chess #2
HJ91V95wRhc Livestream May 04 2015
HJfYefLCwtg Blitz Chess #2782 with Live Comments Bogo Indian vs Boltthrower with Black
HKfOax9YH9o Livestream on the ICC Oct 24 2016
HL120JU2Vvk Blitz Chess #2700 Live Comments Modern Defence vs GM olimpus A Bachmann Black Kingside Fianchetto We
HLrCUMc4E3E ICC Livestream June 06
HMAA7gI1_qA Blitz Chess #1528 with Live Comments Bogo Indian vs Galaad
HMEpgbjMM5s Blitz Match No 6 vs Computer4Impossible on Chess.com
HMIp5Y7H7zs Blitz Chess #1895 with Live Comments Sicilian Smith Morra vs FernandoMata with Black
HMc6ZwxqYHc Blitz Chess #1677 with Live Comments Kings Indian Classical vs offer with White
HNBr6fRIk3c Blitz Chess #3775 vs IM Checharov Larsen 1 b3 Black
HNbPzWEz2xo Blitz Chess #1641 with Live Comments Nimzo Indian Rubinstein vs Carnap with Black
HOK6LKBWrD8 Blitz Chess #728 with Live Comments Nimzo Indian Rubinstein
HObJXLl03Vg Blitz Chess #365 with Live Comments English Opening
HPAoaZGeISY Blitz Chess #898 with Live Comments Queens Indian
HPBowJGyrgQ World Championship Candidates Moscow 2016 Round 2 Recap
HPbZXRwB9o8 Blitz Chess #1569 with Live Comments Queens Pawn London System vs GM endlessfighter with White
HQ9uaqtOVX4 Blitz Chess #3677 vs GM El Marmalade E Magerramov Ruy Lopez Archangelsk White
HQZTETuSsQs Blitz Chess #501 with Live Comments Sicilian Rossolimo
HQuFgOUvUGY Blitz Chess #3502 vs IM Jugulator Queens Gambit Accepted White
HRC5jTCKNvA KIS 1 d4   Chapter 7   Preview
HRH6ZRjjTtk Blitz Schach #101 mit Livekommentar
HRiNrz8r3UU Blitz Chess #3790 vs Marblerevealer Reti Opening White
HSjFmpjvfj4 Blitz Chess #48 with Live Comments - Sicilian Kan - Model Attack (b win)
HTTanc38RpQ Blitz Chess #2447 with Live Comments Four Knights Game vs Equibrianl with Black
HU4OsYDyAbM Blitz Chess #4670 vs ecengineer Three Knights White
HUBdVxe3iSs Blitz Chess #3773 vs bruma English Opening White
HUs-LMKutxg Livestream Sep 28 2015
HWUkikajO0Q Blitz Chess #856 with Live Comments Benko Gambit
HXKZD5XiD9A 15 Min Chess #9 with Live Comments - English Opening Reversed Grand Prix
HYW_UnHFI4g Blitz Chess #4223 vs urosh Sicilian Black
HYvG_0klHQo Blitz Chess #4718 vs Kraftzug Scotch Four Knights Black
HZze-iP7W6s Blitz Chess #757 with Live Comments Nimzo Indian Zurich
H_buzFITMo0 Blitz Chess #4814 vs jaoso78 Scotch Four Knights Black
H_vSOGJurhk World Championship 2016 Game 5 Carlsen vs Karjakin
HaECb5xmgGE Blitz Chess #1564 with Live Comments Ponziani Opening vs Chessmaster 640
Hc8SFo0M8o8 KIS 1 d4   Chapter 15   Preview
HcY1yz0tH-k Blitz Chess #3033 with Live Comments Nimzo Indian Saemisch vs FM Bagelhead with White
Hch8O6K-Mu8 Blitz Chess #3028 with Live Comments Catalan vs IM Olegas O Krivonosov with Black
HcvuYxvFiGA Blitz Chess #4810 vs Linkeboda Queen Pawn Torre White
Hczxl4WHZPI 15 Min Chess #174 with Live Comments Ruy Lopez Deferred Steinitz
Hd8VVhT8BYk Blitz Chess #1503 with Live Comments Kings Indian Double Fianchetto vs bilibud
HdGqwmocIJ0 Blitz Match vs GM Niclas Huschenbeth
Hd_2qpA33Gk Blitz Chess #4192 vs GM SnoWKiD Kings Indian White
HdqlbFw7QVM Blitz Chess #3897 vs IM Alexser Reti Opening White
Heka5v84kGA ICC Livestream Feb 22
HfQ8A5HhupE 15 Min Chess #95 with Live Comments Ruy Lopez Cozio Variation
HfSPkRW9Ejw Blitz Chess #4424 vs CaptainArcher Queen Pawn London Black
HffqNcDaFvw Lichess 45 45 League Games Reviewed - Scarff vs Prune2000
HfmCI404K6Q Blitz Chess #4133 vs aganqu Benko Gambit Black
Hg3EjndpXXU Blitz Chess #4327 vs vishwa64 English Opening White
HgPbXgW-UU4 Blitz Chess #3482 vs IM barrio P Barrionuevo Kings Indian Attack Black
HhBAE5tJL2w Blitz Chess #4936 vs anaconda25 English Symmetrical Black
HhPjdDrEz7M Blitz Chess #85 with Live Comments  - Benko-Volga Gambit vs GM Kruppa (b)
Hhp0uSxReeg Blitz Chess #980 with Live Comments Catalan Opening Closed
HhsK6oiAUDg Blitz Chess #2488 with Live Comments Dutch Defence vs Paranoid with White
Hj1aiIj4FME Blitz Chess #1852 with Live Comments Dutch Defence vs GM Endlessfighter with White
Hj6zEhxk0kA Blitz Chess #3604 vs IM MWeston Nimzo Indian Classical White
HjSrtPsNnD0 Blitz Chess #1072 with Live Comments Caro Kann Advance
HjacLu0ZZkg Blitz Schach #70 mit Livekommentar
HkrUfzL2oOI Blitz Chess #773 with Live Comments Reti Opening
Hl1wv67yLTA Calculation and Tactics #005   Sielecki vs Rothuis Kleve 2010
HlYF8QJgsNc Blitz Chess #3890 vs IM clearbluewater English Opening White
HmPlVbV69X4 Blitz Chess #560 with Live Comments Kings Indian Saemisch
HmoyY_yrlZU Blitz Schach #41 mit Livekommentar
HoMXMZPoJ-A Blitz Chess #3637 vs IM abeautifulmind R Loetscher Queens Pawn London White
HoloqRe55h0 Blitz Chess #2055 with Live Comments Kings Indian Attack vs Houshang with White
Hoxo9gcpIRk Blitz Chess #343 with Live Comments Evans Gambit
HpQHEmqOp20 Blitz Chess #4254 vs Kings Indian Fianchetto White
HpX-ebDk428 15 Min Chess #104 with Live Comments English Defence
HpfFDqEbYBo Middlegame Strategy #003   Petrosian vs Schweber Kings Indian Clamp Structure
HpjAKcDm3RQ Blitz Chess #4215 vs IM Cassoulet J Dourerassou English Opening White
Hqy2mDOIo2g Blitz Chess #2265 with Live Comments Slav Defence vs FM KONT with White
Hs5DOBl7-J4 Blitz Chess #643 with Live Comments Black Knights Tango
HsZcD2BhAP8 Blitz Chess #2807 with Live Comments Reti Opening vs OscarWilde with Black
Htnn_R4H_Mo Blitz Chess #1127 with Live Comments Kings Indian Classical
HtsdZS0ZOJo Blitz Chess #780 with Live Comments Kings Indian Classical
HtzsWY1uO24 Blitz Chess #3837 vs IM dali English Opening White
Hud7haQSjKQ Blitz Chess #3602 vs GM mandragoro G Schebler Scotch Four Knights Black
HuumO9o3740 Blitz Chess #1207 with Live Comments Queens Pawn
Huv9wcpbWHM Blitz Chess #1797 with Live Comments Nimzo Indian Rubinstein H࿋ner vs dbv with Black
Hv0U-znvY8s Blitz Chess #3802 vs IM Seyduna English Opening White
HvT1has18Iw Chess Openings: Who's afraid of the Albin's Countergambit?
Hvg4i3TXug8 Blitz Chess #181 with Live Comments Kings Indian Classical
HvifLTjwOuY Livestream July 27 2015
HxRDjxhKKFI Blitz Chess #881 with Live Comments Slav Chebanenko
HxwS-atZ19k Blitz Chess #3599 vs dimICC Scotch Opening Black
Hy4CPIJnC0s Blitz Chess #377 with Live Comments Benko Gambit
HzJuA1vQkfg Blitz Chess #3703 vs GM Kastor R Vasquez Schroeder Ruy Lopez Chigorin Black
HzclgZGFdEo Blitz Chess #2187 with Live Comments Grunfeld Fianchetto vs Wargasm with White
I-Sg_U24PWo Blitz Chess #3639 vs fishpuppy Benoni White
I0FYt69LxLU KIS 1 d4   Chapter 13   Preview
I0GDXzh6rOM Blitz Chess #3383 vs IM SibTeam Queen Pawn London Black
I3OoUpawOug Blitz Chess #1167 with Live Comments Ruy Lopez Classical
I5UAd18JWO0 Twitch Livestream Sep 23 2015 on Lichess.org Pt 2
I5pv83pwh40 Blitz Chess #3869 vs FM deEccher Slav Defence White
I6mA2Gx0mK4 Blitz Chess #2275 with Live Comments Sicilian Alapin c3 vs dadaismwins with White
I6u4-HpkXiA Blitz Chess #2967 with Live Comments Grunfeld vs Oolong with White
I7_wAP0SlbI Blitz Chess #431 with Live Comments French MacCutcheon
I7cQ67gPg3g Announcement Chess24 Banter today July 24 at 7 30 PM CET
I7gKGdP1KVY Blitz Chess #2666 Live Comments Sicilian Moscow vs IM Antidrome White Opening Challenge Week
I8TWcVdYpAQ Blitz Chess #4450 vs FM SoftPlay English Opening White
I9FGmRVY8J4 Blitz Chess #64 with Live Comments - French Defence (w win)
I9brBnIyc6U Blitz Chess #349 with Live Comments Ruy Lopez
IAGDB8Uerz4 Repertoire for 1 d4   Part 6 Nimzo Indian I
IAYxOPcP57A Blitz Chess #2475 with Live Comments Kings Indian Classical vs EpicEffects with White
IAp6hXcZ8ig World Chess Champ. Game 2  Gelfand vs Anand - Dual Comm. with Kingscrusher
IC_uM3nIcCc Blitz Chess #4800 vs SchachStratege Neo Philidor Lion White
ICciLWCUIys Blitz Chess #4302 vs Findles QGD Classical White
IDJwm9eegJM 15 Min Chess #169 with Live Comments Kings Indian
IDXOr7UIcUQ Blitz Chess #407 with Live Comments Nimzo Indian Rubinstein
IDeDKvLZQHo Blitz Chess #2176 with Live Comments Queens Gambit Triangle vs IM inmortal G Mahia with White
IExzxWvVkUI Blitz Schach #166 mit Livekommentar.avi
IFzL8S495_w Blitz Chess #1490 with Live Comments Slav Defence vs FM deEccheer
IGoW_YvEP68 15 Min Chess #145 with Live Comments Budapest Gambit
IH5OHZ0Vxck Candidates 2014 Round 1 Karjakin vs Svidler Sicilian Taimanov
IHNBDRWIZu4 Blitz Chess #279 with Live Comments Queen's Pawn Colle
II99hHPabj0 Blitz Chess #1892 with Live Comments Bogo Indian vs Culture with Black
IJamN84z07M Blitz Chess #4186 vs IM hawksmoor D hergott Sicilian Alapin Black
IKOKxOIdP-Q Blitz Chess #1848 with Live Comments Nimzo Indian H࿋ner vs guidez with Black
IKfZ0ZspBi8 Blitz Chess #316 with Live Comments Reti Stonewall
IMENCH8Lz90 Blitz Chess #2937 with Live Comments Kings Indian vs Lextra with White
IMcJavhbUd4 Blitz Chess #1105 with Live Comments Colle Opening
IMiD54VcSBA Blitz Chess #1385 with Live Comments Siclian Najdorf Fischer vs anonymous IM
IMp79BTfxOA Blitz Chess #3635 vs IM sarambi Nimzo Indian Classical White
INX_gqIN4cw Blitz Chess #2653 Live Comments Dutch Defence vs SevaBer12 Black Opening Challenge Week
IOM1Qwhyelw Blitz Dual Commentary vs GM Niclas Huschenbeth
IQD_GQlsxk4 15 Min Chess #16 with Live Comments - Sicilian Kan
IQMQhG3NdLA Norway Chess Round 2 Recap ft  Caruana vs Svidler Sicilian Taimanov
IRtDn6DqlyI 15 Min Chess #121 with Live Comments Modern Defence
ISwMBi9grfc Blitz Chess #144 with Live Comments - Philidor Defence
ITEUMbIIqxQ Blitz Chess #847 with Live Comments English Opening Karpov Variation
ITSbuGi4V1Y Blitz Chess #3958 vs GM Rogo D Rogic Ruy Lopez Exchange White
IUN5qLszDkg Blitz Chess #1370 with Live Comments Ruy Lopez Closed vs anonymous IM
IUbDmbt9dsA Blitz Chess #582 with Live Comments Sicilian Kan
IUeB6SBX_DM Blitz Chess #797 with Live Comments Queen's Gambit Alatortsev Line
IUlPSEYIG7k Blitz Chess #2112 with Live Comments Sicilian Rauzer vs go goodchess with White
IVRdnM-q8VE Blitz Chess #2191 with Live Comments Slav Defence Chebanenko vs Stalkerman with White
IW6lG-UlUHg Tata Steel 2017 Highlights Round 11
IWxAhF8xH1Y Blitz Chess #1026 with Live Comments Modern Defence
IXotXztthcU Blitz Chess #1138 with Live Comments Pirc Defence
IY38dqB7dBI Blitz Chess #3574 vs MattP Nimzo Indian Classical White
IYuPhtxidxk Blitz Chess #4790 vs sodon84 Slav Defence Black
Ib3ivrXOQdI Blitz Chess #4746 vs Riverboca Kings Indian Petrosian White
IbHmAwSpSmI 15 Min Chess #33 with Live Comments - Sokolsky Opening (Orang Utan 1.b4)
IcE-ZjqlQ3c Blitz Chess #4383 vs OpeningMagician Reti Opening White
IcsN-xlJ-90 Candidates 2014 Round 7 Highlights
IdFzJEJwQ_g Blitz Chess #947 with Live Comments French Steinitz
Idl5tSUmqM8 Blitz Chess #608 with Live Comments Queens Gambit Chigorin
Ie54WsyPtMo Blitz Chess #745 with Live Comments Queens Gambit Bf4
IeE-8uEF5rw Blitz Chess #4120 vs seply Queen Pawn Black
IeFJyspiJA8 Blitz Chess #4041 vs Kiketf Benko Gambit Black
IeLF5C30Tg0 Blitz Chess #4616 vs Angel280189 Scotch Four Knights White
IeudHp8Og9Q 15 Min Chess #120 with Live Comments Queens Gambit Accepted
IfUEn4O75rw Blitz Chess #4329 vs Matteo02 Queens Pawn White
IfwuV5I77D8 5 Min Blitz Match vs  Kingscrusher with dual Commentary Game 1 on Aug 26 2011
IfxKnhjQO2g Lichess 45 45 League Games Reviewed -  quirked vs GnarlyGoat
Ig0tyPOirkk Blitz Chess #2808 with Live Comments Grunfeld vs DemirG with White
IgAwxkztOYI Blitz Chess #1267 with Live Comments Caro Kann Bronstein Larsen
IgIahGxa51c Blitz Chess #3750 vs Mozgokliuj Catalan White
IgpswibfmWU Blitz Chess #1487 with Live Comments Benko Gambit vs Chessmarc
Igqoev_XAQw Blitz Chess #2043 with Live Comments Ruy Lopez Chigorin vs Kastor GM Schroeder with Black
Ih3ZhS6B_eE Blitz Chess #2751 with Live Comments Hedgehog vs GM Jedimaster with White
IjBVzagPSpI Blitz Chess #3909 vs IM FightingDragon C Koepke English White
IkQu7oFSTho Blitz Chess #4127 vs GM Bones F Holzke English Opening White
Il7omhJO-7o Blitz Chess #151 with Live Comments - Czech Benoni
IlBxylrcSMo Blitz Chess #1191 with Live Comments Ruy Lopez
IlJCCCVxZjg Blitz Chess #1513 with Live Comments Kings Indian Saemisch vs PersistentFrip
IlflskyCuZs Blitz Schach #119 mit Livekommentar.avi
IlvZbezsM6Y Blitz Chess #4243 vs SNOEBE Kings Indian Petrosian White
ImQ4dzGyagk Blitz Chess #4429 vs MarzipanCat English Opening White
ImeFGy9IkTg Blitz Chess #3978 vs GrekUlises Sicilian Taimanov White
Io0mnMef4x8 Blitz Chess #4349 vs Acertijo English Opening White
IoTmcW52CoU Blitz Chess #3918 vs Uitvreter Catalan White
IotL5h5iQFY Blitz Chess #2652 Live Comments Sicilian Alapin vs osthans White Opening Challenge Week
Iplpt4AYUfk Blitz Chess #2527 with Live Comments Classical Dutch vs GM Psycho Cowboy S Williams with White
Iq1ccVLJ2Xw Blitz Chess #691 with Live Comments Modern Benoni
Iq5o_md3X1c Blitz Chess #4207 vs holl01 London System White
IqJ7DPu0qN4 Blitz Chess #2263 with Live Comments French Winawer vs jdc with Black
IrOYtLMSXmk Blitz Chess #4921 vs Denis kapoero Catalan White
IrQKtyODln8 Blitz Chess #2859 with Live Comments Sicilian Rossolimo vs IM Dromedar J Hall with Black
Is8mvP5J0K8 Middlegame Strategy #010:   Exploiting Space -  Rubinstein vs Nimzowitsch Berlin 1928
ItquyP-1rGs Blitz Chess #4211 vs FM ZiaMahmood Queens Indian White
IutEmibCgQ4 Blitz Chess #3542 vs Mozgokliuj Queen Pawn Torre White
IvSFbaAfnho Blitz Chess #2629 with Live Comments Queens Gambit vs FM Mako T Straeter with White
Iw3Ep-XdYo0 Blitz Chess #302 with Live Comments Kings Indian
Ix8SFLbvRZY Blitz Chess #2949 with Live Comments Scotch Four Knights vs GM Dominator with Black
Ixj7Lu8pOJw Blitz Schach #63 mit Livekommentar
IyBTJYnwm1g Blitz Chess #4005 vs PK15 Sicilian Rauzer White
IyoD072EmNU Blitz Chess #2648 with Live Comments Semi Slav vs aykenar with White
Iz4p-ekY0Ds ICC 5min Blitz Schach mit LIvekommentar #14
J06R-kvOUuo Blitz Chess #1461 with Live Comments Dutch Stonewall vs ehud45
J118821LAh4 Blitz Chess #3804 vs Valai Catalan White
J2TLHt2PlvU Blitz Chess #4601 vs Mistermarple Ponziani Black
J2niajhK_Ro Blitz Chess #4512 vs Jaroslay English Opening Black
J2qsNhlJgso Blitz Chess #800 with Live Comments French Winawer
J3VZPVgwNZQ Blitz Chess #4388 vs kiramalu Sicilian Taimanov White
J41nD01X5xs Blitz Chess #334 with Live Comments Sicilian Dragon
J6RqS3rGW6E 15 Min Chess #157 with Live Comments Sicilian Sozin
J7r43ubr0aM Blitz Chess #1212 with Live Comments Snake Benoni
J8sXdcJun1U Blitz Chess #1250 with Live Comments Semi Slac Anti Meran
J9InNYyVCds Blitz Chess #2133 with Live Comments Bishops Opening vs IM Olegas Oleg Krivonosov with White
JB6F28-kBOA Blitz Chess #2551 with Live Comments Scotch Game vs letmewin with Black
JBKv6zIBubI Blitz Chess #3389 vs JustOneGuitar Slav Black
JCRl3rErVEA Livestream on the ICC Oct 3 2016
JDXmZvHuZtI Blitz Chess #893 with Live Comments Sicilian Scheveningen Classical Be2
JDe6XOt8u0s Blitz Chess #4190 vs H Sacrifices Reti Opening White
JDwsHiP4KXY Candidates 2014 Round 11 Topalov vs Karjakin English Double Fianchetto
JEXRwxotDgs Blitz Chess #75 with Live Comments - Kings Indian Classical (b)
JEvzdx-Tj3c 15 Min Chess #29 with Live Comments - Slav Defense
JF9zaepQGzQ Blitz Chess #146 with Live Comments
JFfnw4O-wac Blitz Chess #3495 vs GM Glamurius I Kovalenko Nimzo Indian Classical White
JG8XGawpJKo Blitz Chess #268 with Live Comments Kings Indian Saemisch
JGS2JklaVCs Blitz Chess #470 with Live Comments Caro Kann Panov
JGY3fVxkKPg Blitz Chess #461 with Live Comments Scandinavian
JGlTCP4-b3E Tata Steel 2014 Round 4 Recap
JJ3wEYV9nLU Live Blitz Game IM Rr vs. GM Loek van Wely
JJQPm6_EqiI Blitz Chess #731 with Live Comments Sicilian Najdorf English Attack
JJRkd8cCiU4 Blitz Chess #1285 with Live Comments Grunfeld Fianchetto
JKqUXHj0k14 Blitz Chess #1180 with Live Comments Nimzo Indian Saemisch
JLrewTPb4AY Blitz Chess #3124 with Live Comments Irregular Opening vs GM mandragoro G Schebler with Black
JLxeqCbqrhM Blitz Chess #3113 with Live Comments Grunfeld vs EngaBhoy with White
JMUFtgUYn9A Attack with the Evans Gambit - two model games played on Chessworld.net!
JNmpa6u9-hQ Blitz Schach #130 mit Livekommentar.avi
JODpPig5QxA Blitz Chess #3146 with Live Comments Ruy Lopez vs HarryPoter with Black
JOoFTQbAzpg Blitz Chess #4956 vs kosik253 Queens Gambit Black
JQMFjDQC8V8 Blitz Chess #4850 vs EvaJenny Queen Pawn Torre White
JQi2wEmet1E Blitz Chess #1565 with Live Comments Queens Gambit Chigorin Defence vs DoItNow
JREtj2ojmmM Blitz Chess #3279 with Live Comments Queens Pawn vs GM Farinata with White
JS5Ef8xwRqU Blitz Chess #4876 vs kvant16 English Opening Black
JTAHXcVcMQY Blitz Chess #3916 vs GM DrainYou S B Hansen English Opening White
JTAc_B1mDzM Blitz Chess #4525 vs FightingDragon Petroff Black
JTN7ulpC654 Blitz Chess #2617 with Live Comments Caro Kann Burmakin vs FM Wolwerine L Alexandre with Black
JUS_Qw9cVxs Blitz Chess #3047 with Live Comments Queens Gambit vs Hovercraft with Black
JW6Vj4r6wCE Blitz Chess #2406 with Live Comments Trompowsky vs MrBoris with Black
JWXiRV6qlhE 1 e4 Thematic Tournament on Lichess.org
JX1catkwjAk Blitz Chess #4934 vs IM Arturo Vidarte Gruenfeld Fianchetto White
JZ5vkI9r7TE Blitz Chess #2762 with Live Comments Sicilian Maroczy Bind vs ADELMO with White
JZgzhQBxPh4 Blitz Chess #2069 with Live Comments Reti Opening vs IM PudelsKern with Black
JZxLbb-SQpQ Blitz Chess #996 with Live Comments Neo Philidor
JaN_jRiUT2g Blitz Chess #4922 vs TheHiddenDragon Kings Indian White
Jaruu3ht7_M Blitz Chess #173 with Live Comments English Symmetricial
Jb5ssVYsjr0 Blitz Chess #167 with Live Comments Black Knights Tango
JbrJ1AUj1Oc Blitz Chess #3380 vs IM Branimir Maksimovic English Opening Black
JbucFM5qQbU Candidates 2014 Round 13 Karjakin vs Anand Queens Gambit Declined
JcU63AwaKW0 Blitz Chess #2877 with Live Comments Reti Opening vs GM Puretepy with White
Jcdy0HkyIrQ Blitz Chess #4030 vs DexterMorgan English Opening Black
JchF6NHo6MA Blitz Chess #4238 vs Blindfaithcream Kings Indian Petrosian White
JdWtPxgjrck Blitz Chess #3948 vs GM AttackGM J Hodgson Trompowsky Black
JdZ3FJmNvPo Blitz Chess #4762 vs mauripoluthrona Petroff Black
JdjKTpgT2d0 Blitz Chess #1141 with Live Comments Modern Benoni
Je4mZgl2Ndo Blitz Chess #4843 vs Muha750 Reti Opening Black
JgeC5YCiUco Blitz Chess #4013 vs Chuchundra Sicilian Rauzer White
JgobK_4P9HM Monday Night Liveshow Feb 05 - Kibitz on Carlsen vs Hansen Ultrabullet!
JhWSTMmV7dA Blitz Chess #2008 with Live Comments Queens Gambit vs IM Eightmileshigh with White
JhhGLR-zcZ4 Sinquefield Cup 2015 Round 7 Recap with all games
JiT6zWXXVYM Blitz Chess #3323 with Live Comments Grunfeld Defense vs IM metaboisso C Boissonet with White
JiebFQ-_B-I Xmas Livestream Dec 25 Viewer Challenges
JjxKje9_CPQ 15 Min Rapid Chess #193 with Live Comments Maroczy Bind with White
Jl1UQ3S5d8Q Blitz Chess #1485 with Live Comments Slav Defence vs  Shimmy IM Simon Ansell
JlANE3nfCfA Blitz Chess #4774 vs dieger Queen Pawn Barry Attack Black
JlmVIbyd_uM Blitz Chess #2282 with Live Comments Slav Defence vs felon with White
JmiouWH3E50 Blitz Chess #4426 vs kromos Alekhine Black
JnEpbWkt3Og ICC Livestream July 17
JnJpq3ujDhs Blitz Chess #3155 with Live Comments Queens Gambit Accepted vs IM TimWakefield with Black
JnTfw2A49mE Blitz Chess #3037 with Live Comments Queens Gambit Declined vs AlWafi with White
Jo7UP1k2FwQ ICC Livestream August 29
JoFpeGpUe7c Blitz Chess #331 with Live Comments Philidor
JpTZmMObmec Blitz Chess #3031 with Live Comments English Opening vs Aspendos with Black
JpgBmdl6Gck Blitz Chess #929 with Live Comments Kings Indian Seirawan Variation
Jq7y963_gAM Blitz Chess #1225 with Live Comments English Defence
Jt19kOb5Vdc Blitz Schach #68 mit Livekommentar
Jucx_w5oW1E Blitz Chess #1084 with Live Comments Kings Indian Makagonov
JvP90Oql1KI Blitz Schach #152 mit Livekommentar.avi
Jv_ryuaWTGs Tata Steel 2017 Highlights Round 1
JvafNkHoCd8 Rapid Match mit Dual Kommentar vs SyromerB (German Audio)
JvryBn8kU4U Blitz Chess #3373 vs GM UlTRaMate E Can Grunfeld White
JyWKCfnKjoI Blitz Chess #420 with Live Comments Caro Kann Fantasy Variation
Jz6QwOSU8fc Blitz Chess #3733 vs bokho Benko Gambit Black
K-QvCvv7F60 Blitz Chess #4384 vs Myway Sicilian Rossolimo Black
K0W0GltYnbY Blitz Chess #1691 with Live Comments Sicilian Alapin 2 c3 vs paloverdekid with Black
K0zg90hAvYQ Blitz Chess #777 with Live Comments French Tarrasch Guimard
K1ffUp_7axY Blitz Chess #103 with Live Comments   Two Knights 4 Ng5 b
K4XCaHRnxdg Blitz Chess #4415 vs IM cortex408 I Bjelobrk Maroczy Bind Black
K5EYfCnviS4 Blitz Chess #4317 vs MyWay Sicilian Rossolimo Black
K5Fzxx-ICc0 Blitz Chess #1187 with Live Comments Reti Opening
K5csnvkbk0Y 3 Minute Madness # 10
K6Qxn2OBisM Chess World Championship Match Chennai 2013 Game 2 Anand Carlsen, Caro Kann Classical
K7LBiCtdOwg Blitz Chess #100 with Live Comments -  Slav Exchange (w)
KADMbWLkq_Y Blitz Schach #155 mit Livekommentar.avi
KAxL5ISLSUM Blitz Chess #2893 with Live Comments Nimzo Indian Classical vs FM karlstad with White
KBtj1PcAlGQ Blitz Schach #109 mit Livekommentar.avi
KCBNDrH02Nk Blitz Chess #763 with Live Comments Pirc Defence
KDMhwbkvI6g Blitz Chess #1339 with Live Comments Italian Game vs  GM Saric
KDvikusk9lY Middlegame Strategy #005 Sielecki vs Chlechowitz Entry Point Exchange Sac
KE2ZY5famrI World Championship 2016 Game 6 Karjakin vs Carlsen
KE36Pqb3jHI Blitz Chess #2687 with Live Comments English Symmetrical vs AkabaInTheHouse with White
KFAx8YDv274 Blitz Chess #2292 with Live Comments Nimzo Indian Classical vs moDern33 with White
KFCws2J3NSM Blitz Chess #2897 with Live Comments Queens Pawn vs pizdez with Black
KFJRJL5HsCc Blitz Schach #59 mit Livekommentar
KFMyBuL42xk Blitz Chess #3846 vs GM DrainYou S B Hansen Reti Opening White
KFVN-PqyqmM Blitz Chess #4638 vs Erizo90 Sicilian Kan White
KGAId8sLBzU Blitz Chess #2773 with Live Comments Sicilian Taimanov vs concrete with Black
KGFREmQxYpE Blitz Chess #2867 with Live Comments Nimzo Indian 4f3 vs Tukey with White
KGKAYvmwYZU Blitz Chess #2456 with Live Comments Modern Benoni vs IM Dromedar J Hall with White
KGN7Ua4MHpc Blitz Chess #202 with Live Comments Queens Pawn Colle
KGk3X3FZcOg Blitz Chess #3920 vs papoal29 Reti Opening White
KH47svrpHaQ Blitz Chess #44 with Live Comments - Dutch Defense vs IM (b loss)
KHAyJlomhQg Blitz Chess #4049 vs GM MareAnguis Sicilian Najdorf White
KHgDwAosdow Blitz Chess #716 with Live Comments English Defence
KIOwXvwL8Ak Blitz Chess #1330 with Live Comments French Defence Steinitz
KJ0tc4XM_HE Blitz Chess #3514 vs SunTzucchess Ruy Lopez Black
KKjPWzRmmsA Blitz Chess #4477 vs IM Dorot French Exchange White
KLB5nNYJcXA Blitz Chess #495 with Live Comments Modern Defence
KLFNaw_bjxU Blitz Chess #4712 vs Candela Urusov Gambit Black
KMG_rsXSOxw Blitz Chess #3630 vs IM Lightlike M Zumsande Queens Gambit Classical White
KNL0oK9ebq4 Blitz Chess #318 with Live Comments Queens Indian
KNNfXOZ9Zwc Blitz Chess #4771 vs English Anti Grunfeld Whte
KNUXZQQJQQ4 Blitz Chess #4864 vs afarag Modern Defence Black
KNWeG21sb0Y 15 Min Chess #155 with Live Comments Blumenfeld Gambit
KOINqaXCBLs Blitz Chess #93 with Live Comments - Caro Kann Advanced (w)
KOiaLg_nvYg Blitz Chess #1938 with Live Comments Queen Pawn Veresov vs Timewaster with Black
KOtZwDOTqfc Blitz Chess #31 with Live Comments - Old Indian (w win)
KPUd0OPIHko London Chess Classics 2015 Round 9 Recap incl Playoffs
KQSpUNHhW3Q Blitz Chess #1727 with Live Comments Slav Chebanenko vs IM HestErBest with Black
KQbDggMsOJc Blitz Chess #2171 with Live Comments Queens Pawn vs ThomasTallis with Black
KR9oF6iuvdY Blitz Chess #08 with Live Comments - Modern Defence 1 d4 g6 (b draw)
KSiU_2rNtR4 Blitz Chess #4909 vs Verdik Sicilian Dirty Harry Black
KTxv43E7-BQ Blitz Chess #4237 vs FM SM3M Queen Pawn Veresov Black
KU2bAaTJs6g Blitz Chess #4380 vs Aldino Sicilian Acc Dragon Black
KUBnlX7hQy0 Blitz Chess #1203 with Live Comments Queens Gambit Accepted
KUXgZh7nF58 Blitz Chess #2876 with Live Comments Sicilian Closed vs cdw with Black
KW_Vbhz7WQQ Candidates 2014 Round 12 Mamedyarov vs Karjakin Nimzo Indian 4 f3
KXfuNcheVqM Blitz Chess #1759 with Live Comments Four Knights Glek Variation vs capi45 with Black
KYBQ_do3Zm4 Blitz Chess #3201 with Live Comments Queens Pawn London vs FrankeD with White
KYneKT-RXNA Blitz Chess #1784 with Live Comments Slav Defence vs GM Swatch with White
K_4vz3EE8t0 Repertoire for 1 d4   Part 4 Queens Gambit Declined
Kat6VRaDKNg Blitz Chess #2466 with Live Comments Queens Gambit Declined vs HarnFer13 with White
KbAge5n51LE Blitz Chess #3956 vs PED Scotch Black
KbNzOBkYJIE Blitz Chess #4846 vs apokaluebsen QGA Black
KbPVLp0M_w8 Xmas 2014 Bonus Video:  Blitz Kibitzing on ICC
KcQMHZIQFoE Blitz Chess #1273 with Live Comments Grunfeld
Kd3nQuarAR0 Blitz Chess #4036 vs IM Olegas O Krivosonov Ruy Lopez Berlin White
KdX4XnSYcwU Blitz Chess #4889 vs lico Kings Indian White
KeRbhdq8FuI Blitz Chess #3653 vs Seibt Reti Opening Black
Ke_Vq_069Uc World Championship Sochi 2014 Carlsen vs Anand Game 7
Kfis91_YXEA Blitz Chess #1290 with Live Comments Kings Indian Makagonov
KgJvLwbUXlw Blitz Chess #1878 with Live Comments Grunfeld vs mulen with White
Kgqjq8326r0 Blitz Chess #2502 with Live Comments Norwegian Defence vs IM AGF with White
KhnOlb-sCh8 Blitz Chess #2830 with Live Comments Sicilian Taimanov vs Yamp with Black
Ki1a4Y2OJic Blitz Chess #606 with Live Comments Sicilian Moscow Variation
Kj2799Rs9_s Blitz Chess #384 with Live Comments Kings Indian
KjnO6OZXA6w Blitz Chess #148 with Live Comments - Semi Slav / Catalan Gambit
KjyaBC5rhF0 15 Min Chess #132 with Live Comments Vulture Defence
Kl7DNADYRGg Livestream March 17 2015
KmC6WVSFEKE Blitz Chess #3048 with Live Comments Nimzo Indian Kasparov vs IM MrSerious W Paschall with White
Kmd5Gy4ua-Y Blitz Chess #4650 vs Tom2165 Ruy Lopez Schliemann Black
Kn02rXLsvvE Blitz Chess #3276 with Live Comments Queens Gambit Accepted vs GM Farinata with White
KnHra3_m68o Blitz Chess #724 with Live Comments Nimzo Saemisch
KnPvgA33yJs Blitz Chess #4173 vs vishwa64 Queens Gambit Declined Black
KoK4GqsgO10 Blitz Chess #672 with Live Comments Modern Defence
Kou7ba6UjiI Blitz Chess #2172 with Live Comments Kings Indian Fianchetto vs Katsumoto2 with White
KpVwdImg9jc Blitz Chess #205 with Live Comments Reti Opening Lasker Defence
Kpy-EXeLVOg Blitz Chess #4150 vs IM taksi Italian Game Black
KqT6MqP3RMo 15 Min Chess #81 with Live Comments Benko Gambit
KqYzD1bP_zc Blitz Chess #3661 vs FM khekhm T Kantans Grunfeld White
KrKsbQuZ4_I Blitz Chess #908 with Live Comments Nimzo Saemisch
KrbqpJSQBXU Blitz Chess #4598 vs Skatchess Sicilian Moscow White
Ks46mqr-krY Free Chessable Course with Video!
Ks_arkk6Cu8 Blitz Chess #616 with Live Comments Reti Opening
Kt1WxoiIipA Announcement Chess24 Banter today July 30 at 7 PM CET
KuVTHr50uOc Chess World Championship Match Chennai 2013 Game 4: Anand Carlsen, Ruy Lopez Berlin Wall Endgame
KueoP-ys34E Book Review - A Greet - Beating Unusual Chess Defences 1 e4
KwDCHtd3s0E Blitz Chess #1557 with Live Comments Grunfeld vs smile64
Kz5wDP2oDPs Blitz Chess #1631 with Live Comments English Reversed Sicilian vs IM Supersasha Mark Berkovich with
KzKR1JZ6vI0 Blitz Chess #1184 with Live Comments London System
KzZlcipP1n0 Candidates 2014 Round 5 Andreikin vs Anand Ruy Lopez Berlin
KzfC1qmMDvo ICC Livestream July 03
L-KBkOomsQ0 15 Min Chess #114 with Live Comments Double Fianchetto
L-TG-P5dZxM Blitz Chess #2473 with Live Comments Slav Defence vs laboratorio with White
L1LYOaCh8EE Blitz Chess #1967 with Live Comments Trompowsky vs carlosallgames with Black
L1ql3oUkOfM Blitz Chess #3168 with Live Comments Grunfeld vs leodar with White
L1r9ZyA-jF0 Blitz Chess #4400 vs Bjornn English Opening White
L1vBRsNySqU Blitz Chess #2938 with Live Comments Trompowsky vs FM AsaGladiator A Hoffman with Black
L2lYhonU8pA Blitz Chess #4969 vs GM arkonada50 Kings Indian Attack Black
L3DWy4af0oI Blitz Chess #4220 vs vishwa64 Benko Gambit Black
L3U5AtoB5TA Chesscube - Warzone 2013-04-17
L4D85HqTWOQ Blitz Chess #962 with Live Comments French Classical
L5L9a0Gh4ZU Blitz Chess #3923 vs Uitvreter Benko Opening Black
L5OkbG0i35M Blitz Chess #4644 vs Todka Pirc Defence White
L5eNL0cz_SY Blitz Chess #1113 with Live Comments Grunfeld Slav Hybrid
L5yR5GWJGE0 Blitz Chess #422 with Live Comments Kings Indian Makagonov 6 h3
L6Ypp04hPtg Announcement Chess24 Banter earlier today Aug 14 at 4 30 PM CET
L6ja69b0urk ICC 5min Blitz Schach mit LIvekommentar #3
L6oZbnM9R20 Blitz Chess #4175 vs walter Reti Opening White
L7FIZfrmb1M World Championship 2016 Game 11 Karjakin vs Carlsen
L7R9hXmi1W8 Blitz Chess #4885 vs bishop1984 Evans Gambit Black
L7f3945AMWE Tal Memorial 2013 Round 3 Recap
L9TRGfPUMCs Blitz Chess #472 with Live Comments Caro Kann Panov
L9XG4qlLIeI Chesscube - Warzone Warmup 2013-12-23
L9n_dLh5L3s Blitz Chess #231 with Live Comments Modern Defence
L9t5v0V8XaQ Chess Giants #006 - Botvinnik vs Vidmar Nottingham 1936 - IQP Perfection
LBOCWgHhXcE Blitz Chess #3988 vs Tuborg Caro Kann White
LBhiTzj4lIM World Championship 2016 Game 7 Karjakin vs Carlsen
LCWr5tQd__A Blitz Chess #1608 with Live Comments Dutch Defence vs NICO with White
LCqpifXaAxg Istanbul Chess Olympiad 2012 Rd 11: Vasily Ivanchuk vs. Wang Hao - beware of the knight on e5!
LE6ZUi8cbyw CE on CE - Bad Wiessee op Rd 9 - IM Sielecki (2439) vs Perske (2277) Kings Indian Classical
LExryEkAXSc Blitz Chess #4923 vs ianina Hedgehog White
LHrxgIlAoFI Blitz Chess #4735 vs pacicka French Exchange White
LI45XPxX9ZY Blitz Chess #1683 with Live Comments Nimzo Indian Saemisch vs Girome with White
LI73U37etNI CE on CE - Bad Wiessee op Rd 1 - Lehmann (1953) vs IM Sielecki (2439) Bird Opening
LIMuxFpJwW4 Blitz Chess #1393 with Live Comments Slav Chebanenko
LJdapsTY6Gk Blitz Chess #2382 with Live Comments Queens Gambit Declined vs oak with White
LMnZ9KMtRE0 Blitz Chess #4630 vs Khaizen80 Bird Opening Black
LNSDSgd1Xgw Weekly Wednesday shows in German and English starting today on Chess24
LN_wypGNv-8 Titled Arena 5 on Lichess.org
LNcwBu2abMY Blitz Chess #3097 with Live Comments Ruy Lopez Chigorin vs FM damjan04 with Black
LNjz-1YWD7I Blitz Chess #3845 vs DementedMonkey Reti Opening White
LPLjUC35uDI Blitz Chess #2529 with Live Comments French Defence vs IM Wilson Palencia with Black
LRIu4g4xcVE 15 Min Chess #102 with Live Comments Ruy Lopez Cozio Variation
LSCnRryNHf4 Blitz Chess #2033 with Live Comments Queens Pawn vs IM Vegita Stefan Docx with White
LSy37jVhlaM Blitz Chess #39 with Live Comments -  Sicilian Grand Prix (b win)
LTpErro_D78 Blitz Chess #756 with Live Comments Dutch Defence
LTwjUlpoaBo Blitz Chess #762 with Live Comments Trompowsky
LTxAOLNmV2w Blitz Chess #1979 with Live Comments Nimzo Indian vs Demetrios with White
LUSujoVzmc0 Blitz Chess #1188 with Live Comments French Advance
LUhuRan_mQY Blitz Chess #2169 with Live Comments English Opening vs GM taktikus Z Medvegy with Black
LUooO7ZLdfQ Blitz Chess #3786 vs IM Broker Reti Opening White
LUvl8AyT4PY Blitz Chess #4719 vs BoehseOnkelz Trompowsky Black
LVD_M7VkBq8 Live Stream Feb 9 feat Carlsen vs Naiditsch Rapid Playoffs
LXEwdl5nc0s Blitz Chess #3658 vs Paradoxx Italian Game Black
LXGXgrsUYN4 KIS 1 d4   Chapter 5   Preview
LZyhJSCXeGs Blitz Chess #3734 vs BalticKnight English Opening White
L_9p_OMh0s0 Blitz Chess #1926 with Live Comments English Symmetrical vs GM DrainYou S B Hansen with White
L_ZvZItOEJQ Blitz Chess #2154 with Live Comments Sicilian Acc Dragon vs GM sinbrain with Black
LaV3Gl5f1T0 Blitz Chess #918 with Live Comments Nimzo Rubinstein
LaWXVhPpnRQ Blitz Chess #1468 with Live Comments Grünfeld 5 h4 vs fizteh IM Vladimir Smirnov
LcFG8dDyV1c Blitz Chess #3941 vs GM AttackGM J Hodgson Trompowsky Black
Ld3sflVivt0 ICC 5min Blitz Schach mit LIvekommentar #13
LduSwrPSASg Blitz Chess #382 with Live Comments Ruy Lopez
Le-TV8NXe9o Blitz Chess #3145 with Live Comments Kings Indian Fianchetto vs IM isokol I Sokolin with White
LeKgZ1xTx0A Blitz Chess #2298 with Live Comments Kings Indian Classical vs ibs with White
LetsYCq35Y0 Blitz Chess #3337 vs FM damjan04 Nimzo Indian Classical White
Lf-I_sv5w-M Blitz Chess #3531 vs IM kruppe C Cobb English Opening Black
Lfj10jM2PO0 Blitz Chess #4309 vs GM El Marmalade E Magerramov QGD Exchange White
LflzGxef7ko Blitz Chess #697 with Live Comments QGA
Lg5M4hIFO-k Blitz Chess #2837 with Live Comments Sicilian Taimanov vs GM Megayarick Y Zinchenko with Black
LhK22lTJQ5U Blitz Chess #233 with Live Comments Ruy Lopez Exchange
LhZIKGgHkaM 15 Min Chess #6 with Live Comments Modern Defence
LhsVz9q64CM Blitz Chess #2365 with Live Comments Ruy Lopez vs wanshun926 with Black
LiRcxVYS5WE Blitz Chess #483 with Live Comments Petroff Defence
LigShl99kto Blitz Chess #2521 with Live Comments Old Indian vs GM El Marmalade E Magerramov with White
LjM-6RYunp8 Blitz Chess #112 with Live Comments - French Winawer
Ll5OuOXgoRk Blitz Chess #396 with Live Comments Sicilian Schevenningen
LlJPdBNBi4k Blitz Chess #4678 vs Badas Alekhine Defence White
LlrcnvSu-V0 Blitz Chess #2397 with Live Comments Ruy Lopez Deferred Exchange vs Astigmatist with Black
Lm4t1NetUYQ Blitz Chess #619 with Live Comments Modern Defence
Lov2Ja_OLaM Livestream on the ICC Jan 02 2016
LqE9Ai0OLfA Blitz Chess #2490 with Live Comments Queens Gambit Tarrasch vs Johansson with White
LqfSSW3OOLI Blitz Chess #3952 vs Ahbalsamico Ruy Lopez White
LrI2v0Qgw8s Blitz Chess #4053 vs avc1964 Reti Opening White
LrkFe4d0XE4 Blitz Chess #4806 vs tomk91 Grünfeld White
LsivGuDddNQ Blitz Chess #4229 vs Piscogambit Reti Opening White
Lt5VsY5pGnc 15 Min Chess #126 with Live Comments Vienna Game
LtPSi25p1hs Livestream on the ICC Sep 19 2016
Lta8WyxWEb8 Blitz Chess #1146 with Live Comments Modern Benoni
Ltc5-ZTHTYA Blitz Chess #4651 vs Justiniano565 English Opening Black
Ltfx-cHzLoo Blitz Chess #2435 with Live Comments Queens Indian Petrosian vs GM Yardbird E Lobron with Black
LthYNnuQxJo Blitz Chess #702 with Live Comments Caro Kann Exchange
LuVSUfVdIA8 Norway Chess 2014 Round 8 Recap of all games
LusdUD_fmo0 Blitz Chess #1863 with Live Comments Czech Benoni vs IM Erebos with Black
LwNDxiQ9g1M Blitz Chess #270 with Live Comments Queen's Pawn
LxGSdm3oZEw Blitz Chess #1389 with Live Comments Scotch Opening
Lx_dU0_dnA8 15 Min Chess #22 with Live Comments - Nimzo-Indian
LylGSHfRe50 Blitz Chess #1717 with Live Comments Nimzo Indian Saemisch vs chavo with White
M-DAKaMRudE Chesscube - Warzone Final 2012-07-09
M-g688pvHEA Blitz Chess #1058 with Live Comments Ruy Lopez Schliemann Gambit
M0cimtuI7Gw Blitz Chess #232 with Live Comments Kings Gambit
M1dOn4QclnI Blitz Schach #157 mit Livekommentar.avi
M2Jf01Q86dA Candidates 2014 Round 7 Karjakin vs Aronian Ruy Lopez Berlin
M2fqU_6vc-Y Dual Commentary 15 Min Game vs btr73186
M4Rt-J5yWtw Blitz Chess #3838 vs GM Federicov Benko Gambit Black
M5ffEOFtntI Gashimov Memorial Round 4 Recap with Fabiano Caruana vs  Magnus Carlsen Ruy Lopez Berlin
M6p_4dyLYJA Blitz Chess #1675 with Live Comments Sicilian Kalashnikov vs Silvo with Black
M7w5TtS-7AI Fight 1 e4 like Caruana    Released!
M8oRqwBBNjI Blitz Chess #3247 with Live Comments Slav Defence vs matty2000 with White
M9D5nlNpuXI Blitz Chess #1685 with Live Comments Ruy Lopez Exchange vs FM Blitzrider with Black
M9W4GqL11zA Blitz Chess #842 with Live Comments Sicilian
MBW2aeVj3TQ Blitz Chess #935 with Live Comments London System
MC3mEmKcDr0 Blitz Chess #428 with Live Comments Bogo Indian
MC5RohlabpY Blitz Chess #526 with Live Comments Queens Pawn London System
MCVty-ON6og Blitz Chess #1508 with Live Comments Kings Indian Makagonov vs maradona
MDHPdgsEf5E Blitz Chess #1396 with Live Comments Sicilian Alapin 2 c3
MELxmTPCk24 Blitz Chess #1764 with Live Comments Kings Indian vs GM mandragoro Gerd Schebler with Black
MG23ss_P-Hk Blitz Schach #132 mit Livekommentar.avi
MGJ_FGviZuA Blitz Chess #4464 vs ASidorov Alekhine Black
MGTTJZ8iUyA Blitz Chess #3744 vs FM ScacchicAgelast Benko Gambit Black
MIH8JLxenbk Blitz Chess #1102 with Live Comments Ruy Lopez Worrall Attack Viewer Challenge
ML_bWNBbvnU Blitz Chess #1635 with Live Comments Bird Opening vs cuccia with Black
MMQIMpl1K1I Blitz Chess #4438 vs guidez English Opening White
MN1KEi4X7Iw Blitz Chess #1295 with Live Comments Sicilian Najdorf vs FM L  Alexandre
MNN41xTaS_E 15 Min Chess #178 with Live Comments French Winawer
MOHq6liLRqM Blitz Chess #3975 vs peregrine 64 Sicilian Najdorf Black
MOOLLU1aRVc Blitz Chess #3651 vs FM JugadaAjugada Larsen Opening 1 b3 Black
MOZr7i8xtVY Blitz Chess #2093 with Live Comments Vienna Game vs EDL with Black
MObLpei9yrY Blitz Chess #2293 with Live Comments Modern Defence Hippo vs IM fivetrick with Black
MPokLnPryPI Blitz Chess #3199 with Live Comments Ruy Lopez vs DDT3000 Ruy Lopez Breyer with Black
MQ7Yl3VwcOg Blitz Chess #2109 with Live Comments Modern Defence vs Breidholt with Black
MQbkTYum3SE Blitz Chess #890 with Live Comments Kings Indian Makagonov 6 h3
MQtqUkpxhow Blitz Chess #2431 with Live Comments Queens Gambit Declined vs m7b5 with White
MRP-cBXmaVg Blitz Chess #4212 vs devo Queens Pawn Black
MRf5gekJ_Us Blitz Chess #1320 with Live Comments Sicilian Moscow Variation
MS5gvFhPpp8 Blitz Chess #3821 vs IM HyperJao E Paciancia Old Indian White
MSK0W_9d-Vs Tata Steel 2016 Round 8 Recap
MSc7VyriIWM What to do with the muted videos ?
MV3G2GeD5a0 Great Games of Anand and Carlsen Part 3: Anand-Ivanchuk Las Palmas 1996
MV44YspAwTE Blitz Chess #1999 with Live Comments Sicilian vs IM Giant with White
MWDHU6Ef7hg Blitz Chess #1903 with Live Comments Caro Kann Advance vs motorhome with Black
MWEamSFpZxI Blitz Chess #28 with Live Comments - English Opening vs FM (b loss)
MWjyR3ISqH4 Blitz Chess #573 with Live Comments Benko Gambit
MYD714qawZo Blitz Chess #2540 with Live Comments Trompowsky vs leoneeel with Black
MZT212PDUqE Blitz Chess #4455 vs IM neverend J M Ruiz Sicilian Maroczy Bind White
MZeFNzKlQGo Blitz Chess #1950 with Live Comments Caro Kann Panov vs atactico with Black
M_LzYyRJQLQ Announcement Chess24 Banter today Feb 20 at 7 30 PM CET
Mapohrb7fpk Blitz Chess #2769 with Live Comments Bird Opening vs IM igor D Strauss with Black
MbXskvy1Cuk Tata Steel 2017 Highlights Round 8
MdeN0gd7y3k Blitz Chess #3283 with Live Comments Queens Gambit Accepted vs IM Fantozzi I Teplyi with Black
MdyVYYAiVzc Blitz Chess #362 with Live Comments Queens Gambit Declined
MeDyvYLE9tU Blitz Chess #3716 vs IM Skat Ruy Lopez Black
MeZXBe4MOd4 Blitz Chess #2139 with Live Comments Bogo Indian vs GM Suat Atalik with Black
MeidxwneNsc Blitz Chess #503 with Live Comments Colle Opening
Mf0pwwjcHNQ Blitz Chess #1846 with Live Comments Kings Indian Fianchetto vs humbertomoyano with White
MfGUxVOiZ3Q Blitz Chess #447 with Live Comments Caro Kann
MgCFRKQ14h0 Blitz Chess #4559 vs Chessindian Pirc Defence White
MhEl3LXphyI Blitz Chess #4699 vs NEVERREMATCH Kings Indian Classical Black
MhXigDNT8lA Blitz Chess #1278 with Live Comments Keres Defence
MiTePUWV6Ks Blitz Chess #4588 vs passw0rds Petroff Black
MjWdjEYLKC8 Blitz Chess #2639 with Live Comments Philidor vs FM Wolwerine L Alexandre with Black
MjZzvs5IQAc Blitz Chess #1699 with Live Comments Pirc Defence vs Katsumoto2 with White
MjvAGjnkqJU Blitz Chess #951 with Live Comments Nimzo Rubinstein
MkARdbfYSK0 Blitz Chess #4687 vs mehrdadrokh Veresov Opening Black
MkK7ZswtGDA Blitz Chess #2861 with Live Comments Sicilian Scheveningen vs NotLarsen with Black
MkzY7XxPbt4 15 Min Chess #23 with Live Comments - Bogo-Indian
MlCm5bMGWS4 Blitz Chess #4443 vs AkabaInTheHouse Alekhine Black
MlF2n5NSihw Blitz Chess #3369 vs PED Ruy Lopez Exchange Black
Mlguo2U9iEA Blitz Chess #4421 vs RumiLives Alekhine Black
MlvvvsZUIg4 Help the young daughter of a chessplayer
MmAJPe78xYA Blitz Chess #4631 vs WinniePuuh Benoni White
MmZjB0VUMPk Blitz Chess #3443 vs SMETA08 Ruy Lopez Black
Mn36lr2Ux0s Blitz Chess #2259 with Live Comments Slav Defence vs Charlemagne with White
MneJlwy7qok World Rapid Championships 2014 Day 1 with Nakamura Carlsen and Jobava
Mo8mcCLd8y8 Blitz Chess #1001 with Live Comments Chigorin Defence
MoP14mXGQSU Blitz Chess #2598 with Live Comments Nimzo Indian Classical vs IM DarkPassenger with White
Mo_ykzi4--E Chesscube - Warzone Final 2012-09-24
Moc56oSZOjs Blitz Chess #4770 vs Polfruk Irregular Opening Black
Mol5Oh29M1I Blitz Chess #686 with Live Comments Catalan Bogo
MomhaKQQrNg Book Reviews! What I liked in 2018!
Mp4Uu-inhVo Blitz Chess #4017 vs GM Yardbird E Lobron Queens Pawn Black
Mpjx3wmb5Xs Blitz Chess #2605 with Live Comments Old Indian vs IM MrSerious W Paschall with White
MqeD_BGfCcg Blitz Chess #3965 vs GM MGur M Gurevich Kings Indian Makogonov White
MrBk9kNd73U Blitz Chess #2694 Live Comments Modern Defence vs Calsen Black Kingside Fianchetto Week
Msg0nIykarU Blitz Kibitzing on Hikaru Nakamura
Mtm3jm0asqM Blitz Chess #3526 vs MyWay English Anti Benoni White
MuNGRlhGNAo Blitz Chess #4113 vs GM Endlessfighter Sicilian Rauzer White
Mv1WIcj2Q38 Livestream Jun 08 2015
Mw_DQ_sNA8s Repertoire for 1 d4   Part 8 Kings Indian I   Two interesting sidelines
MxbKb-jtjI4 Blitz Chess #2304 with Live Comments Sicilian vs komboman with Black
MyD655SFieI Blitz Chess #4655 vs tiluchi95 French Exchange White
Mz3ZwBjhALc Blitz Chess #1382 with Live Comments Reti Opening vs IM Boissonet
MzO4yzu2H90 Blitz Schach #51 mit Livekommentar
MzpCIig-Uaw Blitz Chess #709 with Live Comments Dutch Defence
N-NaWs0vvYA Blitz Chess #4266 vs Tukey Ruy Lopez Breyer Black
N0JTPNr9vf0 Blitz Chess #4355 vs FM ercoleiaccone English Opening Black
N1QAbSkKOeQ Blitz Chess #3287 with Live Comments Queens Gambit Accepted vs Paranoid with Black
N1gXDMQmDvk Blitz Chess #3510 vs natrost2000 English Anti Benoni White
N2_O19BCURU Blitz Chess #3799 vs BronStorm English Opening White
N2kZftHYNUg Blitz Chess #1930 with Live Comments QGD Exchange vs IM MirpeleMupele with White
N2njtgyThSg 15 Min Chess #25 with Live Comments - Modern Defence / Owen's Defence
N33YGdq2E6U Blitz Chess #4434 vs ThomasTallis Alekhine Black
N3b-Usst4Hs Blitz Chess #1987 with Live Comments Modern Benoni vs IM erebuni2750 M Matekozian with White
N3i_2fv8-Tk Blitz Schach #71 mit Livekommentar
N4zdOVgrcsQ Blitz Chess #1726 with Live Comments Dutch Defence vs omerov with White
N6Ed7zwo-Os Blitz Kibitzing on Alexander Morozevich
N6WQblhpwI8 Blitz Chess #4510 vs E chess Italian Game Black
N9Ahf78nUR8 Blitz Chess #96 with Live Comments - Sicilian Rossolimo Bb5 (b)
N9fG8mdk-xM Blitz Chess #1798 with Live Comments Nimzo Indian Saemisch vs ADELMO with White
N9nVXuu4SVo Blitz Chess #1586 with Live Comments French Defence vs Nikhil with Black
NAdyoqn2pUM Blitz Chess #2566 with Live Comments Queens Gambit Classical vs IM StepbyStep with White
NB5LQiMdStA Blitz Chess #2411 with Live Comments Dutch Defence vs FM Lala with White
NBo_s2LCNzg Blitz Chess #2066 with Live Comments Bishops Opening vs IM PrincePanic Willy Hendricks with Black
NDWFIIeztOc Your games reviewed #001 - Struggle in the English opening 1500 vs 1650
NDlmTl7S9sI Blitz Chess #1126 with Live Comments Nimzo Indian Sämisch
NEc56IRX7E0 Blitz Chess #54 with Live Comments - Benko/Volga Gambit (b win)
NFM8SF1DgEk Blitz Schach #92 mit Livekommentar
NFuRCk61pPc Blitz Chess #1257 with Live Comments Queens Gambit Declined Exchange
NGTCeR0DnuQ Blitz Chess #128 with Live Comments - Wade Defense 1.d4 d6 2.Nf3 Bg4
NGzixlelVVg Blitz Chess #3999 vs Bronstorm Sicilian Najdorf Black
NHdf6EmE6g4 Blitz Chess #307 with Live Comments Sicilian Smith Morra Gambit
NHmMs8YrEvg 25 10 Rapid Chess #199 with Live Comments Sicilian Taimanov with Black
NJ0kWUFHZYw Istanbul Chess Olympiad 2012 Recap Round 2: Ivanchuk unlucky, Aronian lucky, Short fires at Fier
NJwKRi75f1M Blitz Chess #2689 Live Comments Modern Defence vs IM Serlock N Kalesis Black Kingside Fianchetto Wee
NKcZxqds8sg Blitz Chess #4043 vs GM Maxim Dlugy Queen Pawn London Black
NLGm3cwliHI Blitz Chess #4010 vs Nefertem Ruy Lopez Black
NM4QRD2faeY Blitz Chess #4886 vs Rrhyddhad Grünfeld Fianchetto White
NMMGpDJWlnY Blitz Chess #371 with Live Comments Sicilian Closed
NMN8OMksV38 Blitz Chess #2919 with Live Comments Sicilian Taimanov vs Ancient with Black
NMOTDs35mHU Blitz Chess #34 with Live Comments - Queen's Gambit Decl. vs GM Doettling (w win disconnection)
NN4xPIUDa7E Blitz Chess #1951 with Live Comments Siclian Kan vs JanBoekelman with White
NNceqeQpdcc Blitz Chess #2477 with Live Comments Ruy Lopez Breyer vs IM EirikG E Gullaksen with Black
NNknSQLwma0 Blitz Chess #2463 with Live Comments Kings Indian Classical vs GM Yardbird E Lobron with Black
NOXv527f0Eo Blitz Chess #3293 with Live Comments Sicilian Sozin vs Conceited J Holland with Black
NPVdsdMNov8 Blitz Chess #2231 with Live Comments Sicilian Sveshnikov vs Hasinator with Black
NPaPNMX84OM Blitz Chess #1628 with Live Comments English Symmetrical vs Batman46 with Black
NPbCcfQn46Y Blitz Chess #3862 vs FM ercoleiaccone Benko Gambit Black
NQQtFvVvsNE Blitz Chess #872 with Live Comments Four Knights
NQ_R936oK7k Blitz Chess #1130 with Live Comments Kings Indian Fianchetto
NSWYpH9W8x8 Blitz Chess #3089 with Live Comments English Anti Grunfeld vs MarksBay with White
NT2wsNePm-U Chesscube - Warzone Final 2012-07-07 for Channel Anniversary  - 1 Year of CE
NUH6_4SFi68 Blitz Chess #2821 with Live Comments Sicilian Rossolimo vs IM Skat with Black
NULDOuwSLYs Blitz Chess #4366 vs WIM tomatela Kings Indian Petrosian White
NUQBPb9nsx0 Blitz Chess #3974 vs Sterva English Opening Black
NV0kxLozgyw Blitz Chess #4696 vs Masoud1351j Scotch Four Knights White
NW_puSpmvKs Blitz Chess #2111 with Live Comments Pirc Defence vs FM Drahacik with Black
NWsOhjz4SLw Blitz Chess #3402 vs IM Kakarotto Queens Gambit Ragozin Black
NYVZA4A_U0Y 15 Min Chess #128 with Live Comments Nimzo Indian Rubinstein
NZ06KXD6gbk Blitz Chess #388 with Live Comments Caro Kann Bronstein Larsen
NZUMwITyPR4 15 Min Chess #161 with Live Comments Closed Catalan
NZbqDLgVuXs Blitz Chess #1702 with Live Comments Benoni vs icelemontea with White
N_2BLtnmdY8 Chesscube - Warzone 2012-02-27
N_aFfzaN82A Blitz Chess #4325 vs IM Dromedar J Hall Sicilian Closed Black
NaKna5AGbHo Blitz Chess #3736 vs MeatGrinder Italian Game Black
NbmTMB7muDA Blitz Chess #3166 with Live Comments Nimzo Indian Classical vs IM TimWakefield with Black
Nby5HB3otVc Stay at home and enjoy Chess #8
NcyzWeTiQ5E Blitz Chess #2712 Live Comments Czech Defence vs A Sidorov Black Offbeat Week
Ncz8SKmLWAw Blitz Chess #383 with Live Comments Catalan
Ndb1rEzEr8U Candidates 2014 Round 8 Topalov vs Mamedyarov Sicilian Najdorf
Nfeo0ijWsdQ World Championship Game 10 - Anand vs Gelfand
NfiMvMfwVRA Livestream Sep 21 2015
NgqUmSVbdFk Book Reviews! Featuring current and old highlights and two howlers
NgwkXgurqQw Blitz Chess #446 with Live Comments Old Indian
NiQO7oxp69A Blitz Chess #896 with Live Comments Catalan Closed
NiTkgHeaFuk Norway 2013 Supertournament Round 6 Recap
NjyJ7Yp-vSQ Blitz Chess #1590 with Live Comments Sicilian Grand Prix vs Littlewave with White
Nm4bQhHiKgA Blitz Schach #167 mit Livekommentar.avi
NmN9YEGW6qY Blitz Chess #883 with Live Comments Kings Indian Averbakh
NnGgNr0EBr4 Blitz Chess #1431 with Live Comments Ruy Lopez Deferred Steinitz vs Fritzka
NoTdXxViPgc Blitz Chess #3800 vs Pollypolly Benko Gambit Black
NoVvL-7zdAo Blitz Chess #369 with Live Comments English Opening
NoYkFcP7K4s Blitz Chess #2138 with Live Comments Ruy Lopez Closed vs IM Reti  J Echevarria with Black
NomiiQiMIlk Sinquefield Cup 2014 Round 4 Recap
NooS1OV-9BU Announcement Chess24 Banter earlier today Aug 28 at 4 30 PM CET
NrkZRScXKos Blitz Chess #4020 vs GM AttackGM J Hodgson English Opening White
NsymS6-G7MA Opening Disasters #007 - Mathias vs Sielecki Stong taste of Scotch
NvpPNthQmys Blitz Chess #4786 vs English Opening Black
NxIepa2wwto Blitz Chess #2440 with Live Comments Wade Defence vs IM Alvaralonso Rosell with White
NyJLqRV6IPg Blitz Chess #4852 vs EfimCity QGA White
Nyi3bQJSZiU Blitz Chess #2330 with Live Comments Sicilian Rossolimo vs IM KAPAMA3OB N Noritsin with Black
NzI662tpyZ8 Blitz Chess #3178 with Live Comments Dutch Defence vs FM TestViking with White
O-wI9W6AvqQ Blitz Chess #4643 vs mojtaba 95 English Symmetrical White
O1eJi4UxD4Q Blitz Chess #4177 vs IM torbenss T Sorernsen English White
O2tweG_LVWI Blitz Chess #2010 with Live Comments Ruy Lopez Exchange vs seramoral with Black
O4MwwBXSwgc Stay at home and enjoy Chess #6
O4xSxH70YpA World Ch. 2012 Game 11 - Gelfand vs Anand
O58e-yQBMZs Blitz Chess #2883 with Live Comments English Symmetrical vs IM cascade with White
O5Fkn1fpEsU Blitz Chess #3082 with Live Comments Semi Slav Anti Moscow vs ansatsu with White
O6hS88PjwU4 Blitz Schach #159 mit Livekommentar.avi
O75zhqMvFW8 Tata Steel 2017 Highlights Round 2
O7lDWHq5tFQ Blitz Chess #1644 with Live Comments Queens Gambit Declined vs DeadManWalking with White
O9JkSr7Nc8M Blitz Chess #3463 vs Backsoon Queens Pawn London Black
O9_lesdI1RQ Blitz Chess #4899 vs edgemen English Symmetrical White
O9u-oODyrYM Blitz Chess #1185 with Live Comments Kings Indian Makagonov
OAFuUX02tBY Blitz Chess #1327 with Live Comments Slav Chebanenko vs GM Julian Hodgson
OA_v4Pxoqg4 ICC Livestream May 09 Viewer Gift Special
OAbefq9ieB8 Blitz Chess #1417 with Live Comments Sicilian Najdorf vs archthebeast
OBzLv08znf0 Blitz Chess #86 with (almost) live Comments - Catalan (w)
OCKfwDgPChs 15 Min Rapid Chess #182 with Live Comments Neo Philidor
OE5hvqorIpo Blitz Chess #3805 vs Porqueno Reti Opening White
OF897EGsRcU Blitz Chess #4752 vs Sky777 Bishops Game Black
OFC9iY4h_kg Blitz Chess #768 with Live Comments QGD Bf4
OGPjoLjcG58 Blitz Chess #2127 with Live Comments Queens Gambit Accepted vs sisis with White
OGvQI7LtHRs Blitz Chess #3729 vs GM Geheimpolizei Reti Opening Black
OHcxJ5dBxJg Blitz Chess #2536 with Live Comments Ruy Lopez vs franocta with Black
OI5DCa6phDs Livestream April 27 2015
OJ2w1QvhKno Blitz Schach #149 mit Livekommentar.avi
OJfbrVXFg-E Blitz Chess #649 with Live Comments Queens Pawn
OK7XpEVOUzI Livestream on the ICC Apr 03 2017
OKAFtVGhQJE Blitz Chess #4245 vs GM DrainYou S B Hansen Benko 1 g3 Black
OKq9ejXhFJk Blitz Chess #2254 with Live Comments Bogo Indian vs Sophia Loren with Black
OKrhpU2bGpw Tata Steel 2016 Round 4 Recap
OMUc4AHMcO8 Rapid Chess #244 vs ajdin derlic Caro Kann Exchange Black
OMXsQaHCfkY Blitz Chess #2901 with Live Comments English Opening vs JustKid with Black
ONJeeQxJ9ws Blitz Chess #2013 with Live Comments Queens Gambit Declined vs DexterMorgan with White
ON_HSRW35uk Blitz Chess #1309 with Live Comments Queens Gambit Tartakower
OODiicZDOxA Blitz Chess #4092 vs IM Joorge Larsen 1 b3 Black
OOSWnCwd0cs Important! Live show tonight starting one hour earlier at 8 PM CET
OOjXzxRZo-8 Blitz Chess #3084 with Live Comments Queens Pawn vs IM C Boissonet with Black
OPoXJh9G7dA Blitz Chess #3080 with Live Comments Kings Indian Makagonov vs mobeel with White
OTD070tBxQw Nimzo Ragozin for Black - Model games Preview
OU5vz465Zo4 Blitz Chess #1559 with Live Comments Bogo Indian vs BruceLee with Black
OUgjcg8dP0w Blitz Chess #1086 with Live Comments Slav Chebanenko
OVeXCZKfmvY Blitz Chess #408 with Live Comments English Symmetrical
OX0Q32ifxc8 15 Min Chess #27 with Live Comments   Sicilian Smith Morra Gambit
OXsGoQ0Qp6U Blitz Chess #1545 with Live Comments Larsen Opening 1 b3 vs Josesande
OY-oo_KvrgQ Blitz Chess #2248 with Live Comments Bogo Indian vs IM KAPAMA3OB N Noritsyn with White
OYBdCDeMCLI Blitz Chess #1242 with Live Comments Larsen Opening 1 b3
OYG113yB1X4 Blitz Chess #1897 with Live Comments Queens Gambit Exchange vs IM Fivetrick Manuel Pena Gomez with W
OYX2hc3OATg Livestream April 13 2015
OZ8PDj7Bbtc Blitz Chess #1118 with Live Comments Sicilian Defence
OZIkV6pjpIY Blitz Chess #1114 with Live Comments Nimzo Indian Classical Zurich
OZycc5Ks9uU Blitz Chess #3381 vs kromos Grunfeld White
O_WoMYnZTeU Xmas 2014 Bonus Video Blitz Kibitzing on ICC II
O_mdbK9tLnQ Blitz Chess #4179 vs EyesWideShut Nimzo Indian Rubinstein Black
O_qRQM22E8w Blitz Chess #1739 with Live Comments Catalan Main Line vs Pointdujour with White
OaX1-aR-pMU Blitz Chess #589 with Live Comments Queens Gambit Ragozin
Oafu_cdRs28 Tea Session with Chessexplained #12
ObNDdNTK190 Blitz Chess #4963 vs Speckledband Sicilian Smith Morra Black
ObvGSadlzfg Blitz Chess #1982 with Live Comments Queens Gambit Classical vs AgentFoxMulder with White
ObyXXn1I9zY 3 Min Session on the Internet Chess Club - August 5 2012
Oc-bAqGF8gk Carlsen and Karjakin at the World Rapid Champs - Rd 12
Oc70QomkeYI Blitz Chess #3680 vs IM dafresh Benko Gambit Black
OcoYdcnRNys Blitz Chess #3069 with Live Comments Ruy Lopez Yates vs Providence IM John Bryant with Black
OfGCnOJayjw Blitz Chess #2016 with Live Comments Nimzo Indian Rubinstein vs SavantePille with White
OfrsYSFDSWQ Blitz Chess #3392 vs IM HyperJao E Paciencia Queens Gambit Declined Black
OgdefoR4o_U Blitz Chess #1539 with Live Comments Blumenfeld Gambit vs maxharm
OhROJ78HgF8 Chess Giants #008 - Timman vs Geller Amsterdam 1973 Queens Gambit Tartakover
OjkIp3B2jGM ICC 5min Blitz Schach mit LIvekommentar #1
Ol9gd6SGa_k Blitz Chess #2049 with Live Comments English Symmetrical vs ZTFS with Black
OlRkeZDgXbY Blitz Chess #2571 with Live Comments Ruy Lopez Breyer vs IM JamytheSaint with Black
OloLfKI3Vh8 Blitz Schach #33 mit Livekommentar
Omum2-aCF48 Blitz Chess #4259 vs IM Nostradamus F Eid Sicilian Black
OnPk84K5YOE Blitz Chess #1228 with Live Comments Sicilian Dragon
OoAL4dNxhAk Blitz Chess #3387 vs IM broker Queen Pawn London White
Oosk0f2FBqk Blitz Chess #4098 vs IM Zipferlak G Beikert English Opening White
OpvZyVkX1TI Blitz Chess #219 with Live Comments Alekhine Defence
OqZ_qJ6d284 15 Min Chess #69 with Live Comments Kings Indian Four Pawns
OrH_HPP02HI Blitz Chess #3445 vs GM yozhik Reti System Black
OsNv64MNk6U Hourly Superblitz Arena Berzerk on July 20
OtE7xsbEjl8 Blitz Chess #4514 vs Tokayto Scandinavian White
OtfSSIPSmvA Blitz Chess #2045 with Live Comments Semi Slav vs swop IM Mueller with White
OuIZLR1LerA Blitz Chess #3944 vs GermanSevorin Ruy Lopez Exchange White
Ov38da50Sp0 Blitz Chess #172 with Live Comments Bogo Indian
OvqtGEYuPzI Blitz Chess #3691 vs IM petitcoprit A Kelires Catalan Black
OwkY5NeyTy8 Blitz Chess #359 with Live Comments Sicilian Dragon Maroczy Bind
Ox1X5uL4JOs Blitz Chess #2775 with Live Comments Ruy Lopez Chigorin vs concrete with Black
OxPk4Ie6Nbg Blitz Chess #3946 vs IM Checharov French Tarrasch White
Oy9EgtQpJAo Blitz Chess #1040 with Live Comments Sicilian Defence
OyBIdwBp2ak Blitz Chess #1578 with Live Comments Ruy Lopez Bird vs cau with Black
OyQxXP7v_94 Blitz Chess #4144 vs IM Joorge English Opening White
OzYZkJ8aR6c Blitz Chess #94 with Live Comments - Englisch Symmetrical (b)
OzorvR4uwXE Blitz Chess #1828 with Live Comments Reti Opening vs fillmore with White
P-KGVPNw4Ds Blitz Chess #1087 with Live Comments English Defence
P-xJ15N41bo Livestream on the ICC Jan 23 2016
P092hT7HGW0 Blitz Chess #4714 vs RCone Modern Defence White
P0N9a5seUNw Blitz Chess #4502 vs BlackBranca Alekhine's Defence Black
P0kXktxZyHs Black Repertoire 1 e4 e5   Part 5 Ponziani Opening
P12JN_miqBM Candidates 2014 Round 10 Highlights
P1IaRi5YDj4 Blitz Chess #594 with Live Comments Bogo Indian
P1ObDoRlP_Y Blitz Chess #2353 with Live Comments English Opening vs IM S Beltran Rueda with Black
P24Uxpd6s0I Blitz Chess #3754 vs GM MareAnguis English Opening White
P3hXx1NqNdc Blitz Chess #1744 with Live Comments Bogo Indian vs WIM HolyMess Elmira Eliava with Black
P4-aJfpWkCs Blitz Chess #1495 with Live Comments Sicilian vs PenelopeCruz
P4-cE5fx6dQ Livestream von Chessexplained
P4MIa5XqwM0 Blitz Chess #2801 with Live Comments Veresov Opening vs FM Kunifax with Black
P4ZO5oDZh80 CE on CE - Bad Wiessee op Rd 3 - Kannenberg (2210) vs IM Sielecki (2439) Queen Pawn
P4wtXZ_ypjg Blitz Chess #4100 vs IM MWeston Reti Opening White
P55fETA8xK8 Chesscube - Warzone 2014-06-02
P7V1gdVanX4 Blitz Chess #1236 with Live Comments Kings Indian Makagonov
P7VDM3sRLj0 Blitz Chess #3372 vs giul Irregular Opening Black
P7iROHE_QmA Blitz Match No  5 vs Computer4Impossible on Chess.com
P8IjC1wRkBQ Blitz Chess #1858 with Live Comments Czech Benoni vs Amnalle with White
P8o8XmTtOv8 Blitz Chess #1080 with Live Comments Nimzo Indian Classical Variation
P9GkfuKeju8 Rapid Chess #235 vs Iatsiuk Sicilian Maroczy Bind White
PACRFBydmkA Blitz Chess #4805 vsBC1956 Ruy Lopez Chigorin Black
PAjLVqE2n34 Blitz Chess #78 with Live Comments - Modern Defence (w)
PAvhTwHf2QQ 15 Min Chess #85 with Live Comments Queen's Pawn London System
PBQr22Q4hCo Great Games of Anand and Carlsen Part 16: Karjakin-Carlsen, Bilbao Rapid Blindfold 2007
PBbhjYZgICM Blitz Chess #1310 with Live Comments Queen's Gambit Triangle
PC8J_a7MVmo Blitz Chess #2744 with Live Comments English Opening vs IM Branimir Maksimovic with Black
PEyI3kJCAEM Blitz Chess #3310 with Live Comments Queens Gambit Declined vs Shytn with Black
PF71zk6dxWs Blitz Chess #3554 vs IM KenRovired K Roser Nimzo Indian Kasparov Black
PFJqMYPzpT0 A Nimzo model game - Korobov vs Zhigalko, Baku Open 2012
PGJ8xG3H5uc Blitz Chess #4944 vs hinuttaja English Anti Nimzo White
PGJBm6nWxzw Blitz Chess #2791 with Live Comments Semi Slav vs FM Mogwai with White
PHBHR3LXsU8 Blitz Chess #4621 vs TasmanianDevil Reti Opening White
PILY0F5Lcpo Blitz Chess #3834 vs kiskio Sicilian Kalashnikov Black
PIZuqiG6110 25 10 Rapid Chess #219 with Live Comments Italian Game with Black
PK03qS0fksk Blitz Chess #1432 with Live Comments English Anti Grünfeld vs Flukton
PK1j0RV2UQQ Blitz Chess #131 with Live Comments - Grunfeld
PK30UwLjiM8 World Championship Sochi 2014 Carlsen vs Anand Game 5
PKAv7jMCNfk Blitz Chess #4290 vs Invincibility Modern Defence White
PKk4MsKFee0 Blitz Chess #2567 with Live Comments Larsen Opening 1 b3 vs IM Joorge with Black
PLT_5acnGEU Blitz Chess #1866 with Live Comments Queens Gambit Declined vs DavidSXM with White
PLpLfBw24DM Blitz Chess #2832 with Live Comments Sicilian Smith Morra vs fernandomata with Black
PMXtkF7FDtk Blitz Chess #2134 with Live Comments Nimzo Indian Classical vs GM kurumania with White
PNIFqUoq8yU Tata Steel 2013 Round 6 Recap
PO4CYl48NFs Blitz Chess #3695 vs walter Kings Indian Black
PP9W4XRnimM Blitz Chess #3422 vs Mozgokliuj English Symmetrical White
PPGtjecMF_A Blitz Chess #168 with Live Comments Modern Benoni
PPy2dvcRmBs Blitz Chess #1633 with Live Comments Kings Indian vs Broomer with White
PR4aHBMDzUA Blitz Chess #4386 vs IM Thebestitcanbe Benko Gambit Black
PRA4mvOiHyw Blitz Chess #4928 vs FM Mikevito Reti Opening White
PRDP57ysY98 Blitz Chess #3170 with Live Comments Ruy Lopez Exchange vs Baracouda with White
PRjgb3yfHyw Blitz Chess #291 with Live Comments Modern Benoni
PSsH5AdsiQo Blitz Chess #4480 vs tep test Petroff Black
PT6RlTYXAPs Blitz Chess #3396 vs IM Joorge Czech Benoni White
PUHrgw16vMY World Championship 2016 Game 3 Carlsen vs Karjakin
PVUQD7h8240 Announcement Chess24 Banter today Aug 7 at 7 30 PM CET
PVyV0BdYuR0 Blitz Chess #3208 with Live Comments Bogo Indian vs IM MWeston with White
PW6_CbS2duM Blitz Chess #4483 vs Maris Koops Sicilian Rossolimo White
PX0sruHtbN0 Blitz Chess #3903 vs GM Lunaticx P Michalik Italian Game Black
PYlxiuc7r00 Zurich Chess Challenge 2014 Round 1 Recap
PZHoG9Sblq8 Blitz Chess #1423 with Live Comments English Reversed Sicilian vs clark kent
PZNpEQk3PPY 25 10 Rapid Chess #220 with Live Comments Nimzo Indian Rubinstein with White
PZfsQUTnBmA Blitz Chess #3518 vs Dirigo Queens Gambit White
PZkLdBXmjec Blitz Chess #1695 with Live Comments Slav Defence vs getnice89 with White
P_4pJWDEuYU OTB Tournament Game   Sielecki vs Vocaturo Kings Indian Classical ECC Bilbao 4 of 5
PcTVTl_wRy4 Blitz Chess #2026 with Live Comments Catalan Bogo vs rahisel with Black
PdIwkKN1tRE Blitz Chess #3458 vs IM SibTeam English Opening Black
PdjuZ1HHsFE Blitz Chess #3295 with Live Comments Italian Game vs FM IvanYeletzky with Black
PfCN6Q7Xgzc Blitz Chess #2203 with Live Comments Keres Defence vs PeritoGeral with White
PgEEAbw7Rzg Blitz Chess #2741 with Live Comments Reti Opening vs IM LIghtlike M Zumsande with White
PgladG0RbrQ Blitz Chess #4411 vs Matabolix Queen Pawn White
PhkhR-WmA0A Dual Commentary Blitz Match vs Triumphant1
Pj58NAgiPIY Blitz Chess #1361 with Live Comments French Tarrasch
Pj5Aum0QlMY 25 10 Rapid Chess #214 with Live Comments Queens Gambit Accepted with Black
PjP-KE2IB0c Blitz Chess #3274 with Live Comments Queens Gambit Declined vs GM Bones F Holzke with White
PkhWWu2ky5g Blitz Chess #1068 with Live Comments Reti Opening
Pl6sPe6rz-g Tip   Podcast Schachgeflüster (German Audio)
PmQO18Pxvic Blitz Chess #3129 with Live Comments Philidor Defence vs tigrechileno with Black
PmT_ClrJnss Chesscube - Warzone Final 2012-06-16
PnurEMCLItA Blitz Chess #1671 with Live Comments Italian Game vs hadov with Black
Po6nJTAPQrw Blitz Chess #1765 with Live Comments Queens Indian Kasparov vs BPaulsen Bryan Paulsen with White
PpSvxvQ9Ngg Blitz Chess #2359 with Live Comments Dutch Classical vs GNK1230 with White
PpThT8yCR70 Blitz Chess #2384 with Live Comments Kings Indian Classical vs pflidkoping with White
Pq0h0tU0yls Blitz Chess #3641 vs IM Lianyu Queen Pawn Colle Black
PqmXMrfXoKk Blitz Chess #2343 with Live Comments French Winawer vs MmmadsHansen with Black
PrPQ6JpBv5E Blitz Chess #3313 with Live Comments Reti Opening vs IM cascade with Black
PrgaP_T2mxI 15 Min Chess #89 with Live Comments Grunfeld Reversed
Psp1s9vtQL8 Blitz Chess #580 with Live Comments London System
Pt5-MFvGqg8 Tata Steel 2015 Round 01 Recap
PtIJDdwFSpw Blitz Chess #897 with Live Comments Benko Gambit Main Line
Ptkat-0WM-c Livestream on the ICC Mar 27 2017
PtqNZvjrEf4 Blitz Chess #855 with Live Comments Sicilian Rossolimo
Px6LYeqkcTk Blitz Chess #879 with Live Comments Slav Chebanenko
PyFeNV_bgAM Blitz Chess #1705 with Live Comments Slav Defence vs Silvo with Black
PynIwwyGPUc Blitz Chess #2854 with Live Comments Queens Gambit Accepted vs GM Mikolka1985 M Maiorov with White
PzJmebo-G7c Blitz Chess #4491 vs Anacreonte Spanish Four Knights Black
PziiJddWc7k Blitz Chess #2920 with Live Comments Modern Benoni vs PM with White
PzkD7WjGURk Blitz Chess #4430 vs Tuborg Benko Gambit Black
Q16P8sutNIQ Blitz Chess #1526 with Live Comments Nimzo Indian Saemisch vs Ornitologo IM Tatai
Q1l1WiOtJ_k Blitz Chess #2212 with Live Comments Grunfeld vs TheKnyght with White
Q27NjDdKJ90 Bullet Match vs  Kingscrusher Part 1 Sep 23 with Dual Commentary
Q3Gb7j1-Wv0 Blitz Chess #4039 vs GM Yozhik Ruy Lopez Exchange White
Q3LaID5pCpo Blitz Chess #3480 vs ASF Alekhines Defence Black
Q3rbWJHwrOg Blitz Chess #2984 with Live Comments Queens Gambit Accepted vs GM Yardbird E Lobron with Black
Q3yaoX_v6eI Blitz Chess #465 with Live Comments Slav Defence
Q49rsIGnYuQ Blitz Chess #751 with Live Comments Caro Kann Fantasy Variation
Q4tgPiG6Hbg Blitz Chess #184 with Live Comments Kings Indian Classical
Q5Fd9t8vhI8 Blitz Chess #1851 with Live Comments Dutch Defence vs Galaad with White
Q5xuDl6GpGA 15 Min Chess #45 and #46 Kings Indian and Sicilian
Q63_lqimL4M Blitz Chess #1197 with Live Comments French Defence
Q6Iie6CGEpc Hourly Superblitz Arena on July 30
Q6NifFyfAQg Blitz Chess #4565 vs mende gok Irregular Opening
Q73-DCh753s Blitz Chess #1894 with Live Comments English Symmetrical vs GM EX Rustam Khusnutdinov with White
Q7RB6lh0o1M Blitz Chess #19 with Live Comments - Nimzo Saemisch vs FM (w loss)
Q8X5STdXNl8 Blitz Chess #4193 vs GM BadHedgehog Ruy Lopez Black
Q9JkZVsKuPE Blitz Chess #3325 with Live Comments Nimzo Indian Classical vs Fizz with White
Q9Lr7E1Ry2A Candidates 2014 Round 9 Andreikin vs Svidler Sicilian Najdorf
Q9wllTiP9n8 Blitz Chess #1706 with Live Comments Dutch Stonewall vs Marita with White
QA5WrI4yHo4 Blitz Chess #4459 vs panoramic17 Sicilian Maroczy Bind White
QAevHYrWmpE Blitz Chess #1929 with Live Comments Benoni vs icelemontea with White
QBBx37ha8rQ Blitz Chess #600 with Live Comments Grunfeld
QC0oHky2uC8 Blitz Chess #3660 vs FM ALIAS Old Indian White
QCqhX15pyWk Blitz Chess #925 with Live Comments English Defence
QDCvRcpIKPU Blitz Chess #4677 vs Vlad Drakula Irregular Opening White
QDUFHreGrxo Calculation and Tactics #010 -  Chess com Tactics Trainer 2200 Level
QEaTR9XDD1M Blitz Chess #978 with Live Comments Caro Kann Panov
QEgqL9B1ukQ Blitz Chess #2965 with Live Comments Benoni vs Joop with White
QFi7r6laqZY London Chess Classics 2015 Round 3 Recap
QGIgX3p-ABE Sinquefield Cup 2015 Round 8 Recap with all games
QHihLk8CfLM Chesscube - Warzone Final 2012-06-25
QHrD5SMNwBM Blitz Chess #2887 with Live Comments Dutch Leningrad vs IM Olegas O Krivonosov with Black
QI2dVy6nAGE Blitz Chess #1946 with Live Comments Nimzo Indian Classical vs GM Yardbird Eric Lobron with White
QI4zpukWjfE Blitz Chess #484 with Live Comments Nimzo Indian 4 f3
QIny3nZ_Z24 Blitz Chess #1912 with Live Comments Slav Defence vs MaxPower with White
QIvgiS-ENes Tal Memorial 2013 Round 2 Recap
QJlDAK8wJx4 Blitz Chess #3119 with Live Comments Irregular Opening vs IM MrSerious W Paschall with Black
QMnvDmpFsLI Blitz Chess #4087 vs AALEXXX English Hedgehog White
QOnfkzsl2Dw Blitz Chess #315 with Live Comments Ponziani
QP0ybz3qRKg Blitz Chess #2104 with Live Comments Trompowsky vs Aladdin with White
QPG8VsCGUAk Blitz Chess #3633 vs GM Eros E Hansen Grunfeld White
QQu21H4zHlI Blitz Chess #2650 with Live Comments Queens Gambit Classical vs the gambler with White
QR22uN99HmY Blitz Chess #1183 with Live Comments Slav Defence
QRJGpSHGWKk Blitz Chess #4612 vs kidrill Dutch Defence Black
QSF7wQE8gGU Blitz Chess #3246 with Live Comments Ruy Lopez vs kromos with Black
QSMVVNErUh8 Blitz Chess #2994 with Live Comments Caro Kann Two Knights vs tapialov with Black
QTOnL1qSXP0 Blitz Chess #4346 vs GM BrutalForce R Janssen English Opening White
QTj2E8fCbGw 15 Min Chess #160 with Live Comments Two Knights Traxler Variation
QTxSchNvzJk Livestream Sep 07 2015
QTzJhAaGW24 Blitz Chess #4403 vs SevaBer12 French Tarrasch White
QU6z1TdYAcE Blitz Chess #4054 vs IM Zipferlak G Beikert Riy Lopez Exchange Black
QUpEVcEexmc Lichess 45 45 League Games Reviewed - endrawes0 vs skillet
QVJ1VSu2Wg4 Blitz Chess #2818 with Live Comments Catalan vs flagman with Black
QVYy20s2kQA Blitz Chess #3336 vs IM Joorge Larsen Opening 1b3 Black
QWNIbyve8w8 Blitz Chess #1459 with Live Comments Queensgambit Tartakover Variation vs Lampost
QWUGlT_58ts Blitz Chess #4137 vs jaffa Sicilian Rossolimo Black
QXcPpERL9DA Blitz Chess #335 with Live Comments Caro Kann Advance
QZKWpuopN4s Blitz Chess #4555 vs ReadySteadyG Benko Gambit Black
QZzjn6klT6Y Blitz Chess #2910 with Live Comments Nimzo Indian vs BitsOfKoin with Black
Q_DYbDhYhUY Blitz Chess #3523 vs FM Alka English Opening Black
Q_zp6plJRWY Modern Classics Ep 3: Morozevich-Vachier Lagrave - Additional Line
Qb0kItXyJLA Blitz Chess #2309 with Live Comments Kings Indian Classical vs WGM Badgirl A Burtsova with White
QbdqsKW9a6s Blitz Chess #4261 vs anekdoten Sicilian Dragon Black
QdBuHb7qAXQ Blitz Chess #1535 with Live Comments Dutch Stonewall vs ehud45
QdrEfDgXrvs 15 Min Chess #94 with Live Comments Grunfeld Defence
QfA5KtygxO8 Blitz Chess #1962 with Live Comments Larsen Opening 1b3 vs IM Joorge with Black
QfRwH0r5UXM Blitz Chess #3400 vs SvMihajlov Queens Gambit Declined Blackl
QhtcaisbLXo London Chess Classics 2015 Round 4 Recap
Qi8j8xcHoDs Candidates 2014 Round 1 Mamedyarov vs Topalov Slav Defence
QlhJhlQrs30 Blitz Chess #174 with Live Comments Sicilian Smith Morra Gambit
QmdiqpqZMhk Blitz Chess #2594 with Live Comments Queens Pawn vs Yvain with White
Qmo2sXTmJlU Blitz Chess #2764 with Live Comments Sicilian Closed vs Danyman10 with Black
QmshAVwEiK0 Blitz Chess #3707 vs Paranoid Dutch Defence White
Qn0-SlEw9Q4 Blitz Chess #1303 with Live Comments English Hedgehog vs GM Schebler
Qo1fyNXq798 Blitz Chess #509 with Live Comments Nimzo Saemisch
Qq-o_P4TEUs Bullet Match vs Kingscrusher   both players half asleep
Qq3eTKb3KBo World Championship Candidates Moscow 2016 Round 7 Recap
QqGnu_eR7Ts Blitz Chess #2316 with Live Comments Nimzo Indian Classical vs GM Roadking with White
QqIyRLof_QA Blitz Chess #569 with Live Comments Kings Indian Makagonov 6 h3
QrqYxA-lQgI Blitz Chess #2166 with Live Comments Ruy Lopez Smyslov vs GM Bochkarev with Black
Qs-v936HRaU Blitz Chess #1523 with Live Comments Nimzo Indian Saemisch vs mikolka 1985 GM Maiorov
QsBO0H6Sv60 Blitz Chess #4285 vs AlanG English Opening White
QsGGRI-36Wo Chesscube - Warzone Bullet 2012-06-21
QsLqFljSmx8 Blitz Chess #2337 with Live Comments Queens Indian vs Galaad with Black
QsMOkaYhJ0Y Blitz Schach #57 mit Livekommentar
Qt20-L1s3Xo Blitz Chess #970 with Live Comments Ruy Lopez Chigorin
QtLxV1BDJ-o Chess World Championship Match Chennai 2013 Game 10 Carlsen Anand, Sicilian Moscow Variation
QtbNkLr9hpU Blitz Chess #1325 with Live Comments Trompowsky vs GM Julian Hodgson
Qv1YemsyRa0 Blitz Chess #71 with Live Comments - Sicilan Bb5 (w)
Qv85kshmT5A 15 Min Rapid Chess #189 with Live Comments Kings Indian Classical
QvjQ8VqW5To Blitz Chess #3728 vs MTCicero Kings Gambit Black
Qvr-_r9Nqjs Blitz Chess #273 with Live Comments Caro Kann Advance
Qw_KiOfqsCM Blitz Chess #1924 with Live Comments Kings Indian vs MaxPower with Black
Qy7Hkx_RZBE Blitz Chess #1358 with Live Comments Benko Opening 1 g3
QzB1ajTvcuk Tata Steel 2013 Round 7 Recap
QzDpQFotgbs Blitz Chess #2829 with Live Comments Kings Indian Averbakh vs hestehov8591 with White
Qz_n-dj5Gkc I am doing the elometer test
R-0-c_mFX3Y Blitz Chess #3272 with Live Comments Nimzo Indian vs FM hutakami with Black
R0PHKUVDRVU Blitz Chess #1348 with Live Comments Grünfeld
R0eD-cXQHzk Blitz Chess #1867 with Live Comments Modern Benoni vs JammyDodger with White
R10u_-tOrzU Blitz Chess #1324 with Live Comments Dutch Defence
R1R_5PM2cpI Blitz Chess #481 with Live Comments Queen's Gambit Tarrasch
R1xHRQicErc Blitz Schach #87 mit Livekommentar
R2V8z0BorbA Blitz Chess #754 with Live Comments Italian Two Knights Defence
R2uRzeDtBxA Upcoming Chessable 1 e4 project and other news
R3BQLtXdV-I Blitz Chess #1429 with Live Comments Nimzo Saemisch vs Yardbird GM Lobron
R3HQOCYZM5Y 15 Min Chess #84 with Live Comments Caro Kann Panov
R3Plr7h8qT0 Blitz Chess #1746 with Live Comments Two Knights Traxler Attack vs parmupill with Black
R4kCFk6KOOA Blitz Chess #13 with Live Comments - Old Indian (w win)
R5DuTvS7tgQ Blitz Chess #2739 with Live Comments Queens Gambit Semi Tarrasch vs GM Elmar Magerramov with White
R5tpirE_fTY Your games reviewed #004   A Sicilian Najdorf battle 1800 vs 1800
R6HI4HFKCAg Chess Openings Uncovered Ep 2 - The Caro Kann
R6fgxnoXk9U Blitz Chess #4584 vs IM Ich2 Irregular Opening Black
R6woZx-GnGw Blitz Chess #1607 with Live Comments Nimzo Rubinstein H࿋ner vs Westphalia as Black
R7TAiiqQGk0 15 Min Chess #97 with Live Comments Nimzo Indian Rubinstein b6
R8AOoShvexU Blitz Chess #3632 vs FM ercoleiaccone Queens Pawn London White
R8TRciIHA3w Blitz Chess #4246 vs IM M Hennigan English Opening Black
R8hvtGSLgp8 Blitz Chess #2599 with Live Comments Queens Gambit Ragozin vs Asteras with White
R949yitCdfo I'm on Vacation - Olympiad Updates starting August 27
RAvOjdJbWJw Blitz Chess #3414 vs IM Alexser Czech Benoni White
RBOd10VkXaU Blitz Chess #3025 with Live Comments Grunfeld Fianchetto vs IM Antidrome with White
RC3h41A60i4 Blitz Chess #4444 vs IM Neverend English Opening J M Ruiz White
RCC01gel2GI Blitz Chess #3720 vs ahmedksa Italian Game Black
RCrAhw_o4ps Blitz Chess #4468 vs veteranrus Dutch Leningrad White
RDJZLiaNYho Blitz Chess #1329 with Live Comments Ruy Lopez Yates Variation
RDP30MO7lqE Blitz Chess #3361 vs ClaudioMan Kings Indian Makagonov White
REI4-KhbGqk 15 Min Chess #48 - Kings Indian Classical
RESmGi08hEg Blitz Chess #2763 with Live Comments Sicilian Alapin c3 vs Genius2544 with White
RHSjlXY-k48 Blitz Chess #2646 with Live Comments Kings Indian Fianchetto vs damir1813 with Black
RIXp4l0GxR0 Hourly Superblitz Arena on Aug 10
RL57j8Dezcg Dual Commentary Rapid game vs. btr73186 aka TheGoodKnight - French Defence Steinitz
RMT6WBVKspk 45 Min Game on ICC Feb 10 2013 - Owen Defence (...b6)
RMre2Vjdnms Blitz Chess #3564 vs BarthoMG Nimzo Indian Rubinstein Black
RNAKKspzuus Tata Steel 2016 Round 3 Recap
RNC2LFywjjI Blitz Chess #26 with Live Comments - Philidor Defence (b win)
RNPZvieEjvs Blitz Schach #160 mit Livekommentar.avi
RNQcStLglFY Blitz Chess #4851 vs MariaK Dutch Classical White
RNeo9AVEjIo Blitz Chess #1055 with Live Comments Sicilian Hyper Accelerated Dragon
RNvnHRpbSU0 Vacation Video #4 Hourly Blitz Aug 25
RO5KUfENhdM Blitz Chess #3297 with Live Comments Queens Pawn vs IM supersasha M Berkovich with Black
RPv3JHwf35g Blitz Chess #1984 with Live Comments French Winawer vs IM Joorge with White
RQFsa4vMkAU Blitz Chess #2420 with Live Comments Kings Indian Classical vs canjimo with White
RQGdNOtZG58 Blitz Chess #3730 vs IM VanNostrand English Opening White
RQIqkdZL7M4 Blitz Chess #4442 vs FM ercoleiaccone English Opening Black
RQhKwbMWJhI Blitz Chess #193 with Live Comments Ruy Lopez Schliemann
RQzhwe3NtS0 Blitz Chess #902 with Live Comments Slav Chebanenko
RRSY3pSn6d0 Blitz Chess #1294 with Live Comments Modern Defence vs IM Krivonosov
RRyEpWFGohQ ICC Livestream Jan 12 2015
RS0In1a5dNg CE playing Mallorca Open Rd 2 Christof Sielecki vs Javier Nicolas Zapata Elo 2142 Blumenfeld Gambit
RSIezzsG5W4 Blitz Chess #919 with Live Comments Nimzo Rubinstein Hubner
RScNLhEx6gM Blitz Chess #2549 with Live Comments Queens Indian vs IM mishel M Agopov with White
RT36BEEplFk Blitz Chess #933 with Live Comments Modern Benoni
RV5hbApt6M4 Blitz Chess #2601 with Live Comments Modern Benoni vs smile64 with Black
RWNR6QiCmhY Blitz Chess #1821 with Live Comments Scotch Game vs AkabaInTheHouse with Black
RWX9fsWNRtY Blitz Chess #2673 with Live Comments Kings Indian Classical vs smile64 with White
RWYXbq4T_xQ Blitz Chess #4880 vs Crotina Alekhine White
RX9sLol9nic Blitz Chess #3822 vs Eu7 Queen Pawn Colle Black
RXQu_NMmQKU Blitz Chess #3302 with Live Comments Ruy Lopez Breyer vs FrankieJay with Black
RXTl5EUvgcM Blitz Chess #4343 vs WingTsun Queen Pawn Colle White
RYGQHy92rCI Blitz Chess #3825 vs IM HyperJao E Paciancia Benko Gambit Black
RZCcOo_svxE Blitz Chess #1823 with Live Comments Quadruple Fianchetto vs iende with White
R_HoYPVXlJM Blitz Chess #3436 vs GM taktikus Z Medvegy Queens Indian Black
R_INTwTmywI Blitz Chess #2881 with Live Comments Dutch Defence vs Killy with White
R_mzokBBYPg Blitz Schach #66 mit Livekommentar
R_pIjV8Kzng Blitz Chess #1939 with Live Comments Nimzo Indian Saemisch vs Aladdin with White
R_vEnFDwD0g Blitz Chess #476 with Live Comments French Tarrasch a6
Ra6q4Oi_FTY Blitz Chess #3868 vs IM Greenskull Queen Pawn London Black
RaO661Po-uQ Blitz Chess #2961 with Live Comments Modern Defence vs RicksonGracieJJ with White
RbaH-RTi8B8 Live Blitz Match vs GM Huschenbeth Nov 22
Rbn8EI-Jpnw Blitz Chess #2720 Live Comments Old Benoni vs Johansson Black Offbeat Week
RdTz-2SAe0s Blitz Chess #3351 vs ThomasTallis Semi Slav Anti Moscow Black
ReC9Wy9YACk Blitz Chess #1338 with Live Comments Reti Opening vs IM Loiseau
ReKbaseNB7c Tal Memorial 2013 Round 6 Recap
Rf_cCkiNsnE Rapid Chess #245 vs susmit French Defence Black
RhTHbx7EHyY Blitz Chess #557 with Live Comments Grunfeld
RhdO-falhwk Blitz Chess #3984 vs SmoothieGirl Bird Black
Rhkr1rk-Z78 Blitz Schach #156 mit Livekommentar.avi
RjudA9jLxlo Blitz Chess #3221 with Live Comments Budapest Gambit vs MyWay with White
Rk7QFl384XE Blitz Chess #3343 vs Myway Sicilian Myway Variation Black
RlWWXJjWHqs Blitz Chess #1135 with Live Comments Caro Kann
Rovwqdvj-Lk Blitz Chess #2966 with Live Comments Ruy Lopez Chigorin vs Lzikon with Black
Rp_Nsd7mKN4 Blitz Chess #1809 with Live Comments Bogo Indian vs GM Gruk Simen Agdestein with Black
RpcI8UwUFMQ Blitz Chess #711 with Live Comments Sicilian
RpelsUeNjjY Livestream May 25 2015
RpmUFk8PjN8 Blitz Chess #2101 with Live Comments English Opening vs IM Demian with Black
RpnBbjqufZk Blitz Chess #3921 vs BronStorm Scotch Opening Black
Rqoh3OIYFtU ICC Livestream Jan 25
RrATDLw1AMU Blitz Chess #4300 vs IM Gabarchuk J Ivanov Kings Indian Makogonov Black
RsxU-gSAZks Blitz Chess #3753 vs GM yozhik Ruy Lopez Black
Rt9ElVOaGoo Blitz Chess #3242 with Live Comments Ruy Lopez Steinitz vs Sertoespj with Black
RtdcMr6LW9U Blitz Chess #2843 with Live Comments English Hedgehog vs FM ercoleiaccone with White
RuhobxefzkM Blitz Chess #419 with Live Comments Queen's Gambit Declined
Ruy18t_iP-c Blitz Chess #1521 with Live Comments Scotch Game vs Viruta
RwBSqApCq2k Blitz Chess #3347 vs smile64 Queens Pawn London White
RwalbysBYwA Blitz Chess #1101 with Live Comments Ruy Lopez Exchange
RwlXXbXP8yA Blitz Chess #3238 with Live Comments Slav Defence vs Danyman10 with White
RwumuV1JJEY Chesscube - Warzone Final 2012-06-30
Rx69Bkk1k7E Blitz Chess #3827 vs GM AttackGM J Hodgson English Opening White
RxdF2F3i4b0 Kramnik vs. Aronian Match Appetizer
Ry3sgxQoJzY Blitz Chess #1571 with Live Comments Sicilian Dragon vs DerKnipser with White
RyENa4W_wEA Blitz Chess #4396 vsYkJunior Slav Defence White
RyjFAcBT2kU Blitz Chess #304 with Live Comments Sicilian Maroczy Bind
RzEzJagBuVQ Blitz Chess #2972 with Live Comments Nimzo Indian Sämisch vs WGM Huba with White
RzbNfEvpdRo Blitz Chess #4393 vs AkabaInTheHouse Reti Opening Black
RzknW_YIORk Blitz Chess #3154 with Live Comments Queen Pawn London vs FM Mogwai with White
S-oQn3YWsaE Blitz Chess #1975 with Live Comments Nimzo Indian vs IM Joorge with White
S-vJF_A5hzw Blitz Chess #3105 with Live Comments English Opening vs Dalmatinac I Saric with Black
S1jJMxRTns4 Blitz Chess #614 with Live Comments Ruy Lopez Schliemann
S1npkNkUMRA Blitz Chess #4157 vs IM AjedrezHoy G Llanos Queens Pawn Black
S2Ba0SHpvsY Blitz Chess #4680 vs Humboldtkalmar Queen Pawn London Black
S2Ra6A8brnY London Chess Classics 2015 Round 1 Recap
S3LmN6NAnaM Blitz Chess #61 with Live Comments - Catalan vs IM Krivosonov (b loss)
S4iVwx3RRlk Blitz Chess #4276 vs GM Doccy Dr J Nunn Kings Indian Petrosian White
S4vTTXMg1Ms Blitz Chess #2957 with Live Comments Queens Pawn Torre vs zavenc with Black
S5HeJ4ZOSGk Blitz Chess #157 with Live Comments   Kings Indian Averbakh Benko Line
S5ar9aUXf5w Blitz Chess #1995 with Live Comments Semi Slav vs IM hannibal2 Andreas Diermair with White
S68Ej-F6YwI 15 Min Chess #54 - Caro Kann Panov
S6d_z-oiuW8 Blitz Chess #3540 vs JustKid English Opening Symmetrical White
S7IZvqRHvvI Blitz Chess #1394 with Live Comments Modern Defence vs GM Kruppa
S83gOu4maGI Blitz Chess #620 with Live Comments Czech Benoni
S8jTnMj9xWw Blitz Chess #4715 vs Kiselicki Scotch Four Knights White
S8sKW6dEngY Blitz Chess #2311 with Live Comments Semi Slav Triangle vs IM swop M Mueller with White
S9H-olhSE6E Blitz Chess #2226 with Live Comments French McCutcheon vs Fritzka with Black
SAt-W15XEYI Blitz Chess #4474 vs Girome Bishops Game Black
SB3zXtdRG0Q Blitz Chess #14 with Live Comments - King's Indian Classical vs GM La Paz (b win)
SC7ZCYnLBoU Blitz Chess #1687 with Live Comments Benko Gambit vs hoax with Black
SDZZ-6bLl1c Tea Session with Chessexplained #15
SDx8l0eR1jE Blitz Chess #3211 with Live Comments Slav Chebanenko vs IM Sarimmahlina with White
SEpIeY3Tc3o Blitz Chess #2925 with Live Comments Queens Pawn London vs IM scacho with Black
SF6Oxg890HY Blitz Chess #2665 Live Comments Sicilian Closed vs IM DeMarcus Black Opening Challenge Week
SFAXBIl9pwI Blitz Chess #3746 vs Charlemagne English Opening White
SFwUHpAfwvE Playing Blitz on Lichess vs the Twitch crowd
SG47KJSVpI8 Blitz Chess #3017 with Live Comments Ruy Lopez vs FM JugadaAjugada with Black
SG6q7xmiyyo Blitz Chess #4749 vs BoehseOnkelz Queen Pawn Torre Black
SGWCsYZ_yEU Blitz Chess #3957 vs IAMLIFE Siclian Maroczy Bind White
SHK95l3W-sY Blitz Chess #1694 with Live Comments Italian Game vs gear with Black
SHNXWojsSgo Blitz Chess #1620 with Live Comments Bogo Dutch Hybrid vs JustKID with Black
SIfR_jOOWng Blitz Chess #2000 with Live Comments Nimzo Indian vs DrModel with Black
SKQmrUkuShU Blitz Chess #1202 with Live Comments English Symmetrical
SKikF8SEM6E Blitz Chess #2367 with Live Comments Scotch Opening vs Indolente with Black
SLFJ1yuoYg8 Blitz Chess #2578 with Live Comments Ruy Lopez vs IM Chessasuke C Hevia with Black
SMG0gwIty_c Blitz Chess #4538 vs Crocodile small Sicilian Moscow White
SOFHVWwYqdk 15 Min Rapid Chess #183 with Live Comments Trompowsky
SOYFUdqmQdk Blitz Chess #2281 with Live Comments Grunfeld vs JanBoekelman with Black
SOlQ5nUF2OI Blitz Chess #4575 vs Oleg114 Sicilian Moscow White
SPAwSAKagyQ Blitz Chess #673 with Live Comments King's Gambit
SRXFV-lKrJs Blitz Chess #3222 with Live Comments Nimzo Indian Rubinstein vs TheJedi with White
SRm6LsUbE_o Blitz Chess #2267 with Live Comments Czech Benoni vs Rumpnisse with White
SRoIh-ofyrM Blitz Chess #3830 vs rpenquin Reti Opening White
SSEH7xQxooM Blitz Chess #1753 with Live Comments Nimzo Indian Classical vs GM DonaldDraper with Black
SVab0WTdYCU Blitz Chess #1757 with Live Comments Kings Indian Classical Bayonet vs GM MegaZZ  Zhao Zong Yuan wit
SVcKCVNH75E French Defence FREE PREVIEW
SVfuxFQg_HU Blitz Chess #1240 with Live Comments English Opening
SWeO-K2iLr0 25 10 Rapid Chess #202 with Live Comments Queens Gambit Exchange with White
SY-ar6JSqCk Blitz Chess #1447 with Live Comments Modern Defence vs bariton
SYFiij3azv0 Blitz Chess #3555 vs duca Nimzo Indian Classical White
SYOSDN5qCzk Blitz Chess #1261 with Live Comments Scotch Game
S_JcGjLZU1M Blitz Chess #1391 with Live Comments Caro Kann Exchange
SaUn10Tyo7I Blitz Chess #4352 vs MiodragJevtic English Opening White
Sb3yDK3hB2s Blitz Chess #3174 with Live Comments Semi Slav vs FM Wolwerine with White
Sc_eDVQrj8U Blitz Chess #1500 with Live Comments Irregular Opening vs atactico
SeSO9vRqhFw Blitz Chess #267 with Live Comments Ruy Lopez Schliemann
SeX5k7BsXqA Blitz Chess #152 with Live Comments - Ruy Lopez Exchange
Sehm0ItI34U Blitz Chess #2731 with Live Comments Catalan vs JustOneGuitar with Black
Sf8uLOXqt00 Blitz Chess #3429 vs IM DeMarcus Reti Opening White
SiFa46xmE2M Blitz Chess #3210 with Live Comments Kings Indian Fianchetto vs IM abeautifulmind R Loetscher with B
SlgQQYu3k5E Blitz Chess #1123 with Live Comments Czech Benoni
Smjc07Udqks Blitz Chess #2395 with Live Comments Queens Indian vs zeigmata with Black
Sn5EMSHCfN0 Blitz Chess #3528 vs Wereweolf Queens Gambit Accepted White
SnDTn-hvFQU Biel Round 2 Recap with Carlsen vs Wang Hao and Bacrot vs. Morozevich
SnW3u-1mRaE Blitz Chess #1307 with Live Comments London System
SnWQPghGo5A 15 Min Chess #115 with Live Comments Orang Utan Sokolsky Opening
SnmJ3LrlA3I Blitz Chess #1029 with Live Comments Kings Indian Makagonov
SoPTIavI794 Dual Commentary Video with Kingscrusher - Classic Game Rogoff vs. Martz
SpL4l_-Gw70 Blitz Chess #1602 with Live Comments English Symmetrical vs Zequeno with White
SpTt4J3GsUE Blitz Chess #3032 with Live Comments Queens Gambit Accepted vs oqabl with Black
SqHE0tgXInQ Blitz Chess #3577 vs MaxPower Queens Pawn London White
Sr4DtadTbRE Blitz Chess #3128 with Live Comments Modern Benoni vs IM Stilettos RGV with White
SrszjuAEElE Blitz Chess #3 with Live Comments - Reti Opening vs GM Seirawan (b loss)
SsQJifXK7TE Blitz Chess #3912 vs IM Isokol I Sokolin Reti Opening White
Su2TwmQ9A8s Blitz Chess #3073 with Live Comments Dutch Defence vs mhb with White
SvzK2gUjzD8 5 Min Blitz game vs GM Rausis to test the Audio - Ruy Lopez Exchange with Black
SxOefDAhP4M Blitz Schach #32 mit Livekommentar
Sy4BTKSTkEU Blitz Chess #4405 vs GM Goldmund A Rustemov English Opening Black
SzP6QOV0tIw Blitz Chess #2552 with Live Comments Ruy Lopez Breyer vs FM Memento with Black
SzxQAWOALFg Blitz Schach #124 mit Livekommentar.avi
T-Zv_HHcLcA Blitz Chess #2839 with Live Comments Kings Indian vs Nefertem with White
T-oeTC6sq80 Blitz Chess #838 with Live Comments Grunfeld Defence
T03Md-AKL_U Blitz Chess #445 with Live Comments Slav Defence
T15pVBkAVog Blitz Chess #423 with Live Comments Nimzo Rubinstein
T18V8tU0AYU Blitz Chess #4201 vs Kicha Old Indian White
T2nbcQ3bFdM Blitz Chess #4063 vs GM Chemberlen A Gavrilov Benko Gambit Black
T3LUjygZVoo 15 Min Chess #4 with Live Comments - Kings Indian Attack
T4zvu_6Wr68 Biel Round 3 Recap with Wang Hao vs Hikaru Nakamura (Sicilian Najdorf)
T5ZrissyRiU Blitz Chess #3765 vs GM Numantino Ruy Lopez Exchange Black
T64DCGug9Vo 15 Min Chess #76 with Live Comments French Hecht Reefschläger
T69pUVYpOuE Blitz Chess #4202 vs FM ZiaMahmood Modern Defence White
T73H4zkmZls Blitz Chess #4560 vs FraMal66 Benko 1 g3 Black
T73b-3xIa94 Blitz Chess #3191 with Live Comments Ruy Lopez Chigorin vs IM HouDima with Black
T7JaXor00zM Blitz Chess #4649 vs MENZC Caro Kann Two Knights White
T7b85m195eo Blitz Chess #4509 vs E Chess Queens Gambit Declined White
T8cbvzYx-do Blitz Chess #3904 vs GM Goldmund A Rustemov Modern Defence White
T9I9j8zG6JU Blitz Chess #4083 vs arin Sicilian Rossolimo Black
TAJkN-6A4Bk Blitz Chess #4124 vs GM AttackGM J Hodgson Wade Defence White
TB58jdXmiBo Blitz Chess #223 with Live Comments Sicilian Alapin c3
TDc7pAElyjg Blitz Chess #1654 with Live Comments Scotch Four Knights vs IM Olegas Oleg Krivosonov with White
TFlvZyFk6oA Blitz Chess #669 with Live Comments Scotch Four Knights
TG7HM-kK35M Blitz Chess #939 with Live Comments Sicilian Kan
TGMOpfMI6Bk Blitz Chess #4051 vs GM Reaperman English Opening Black
TGxhvH-s-dA Blitz Chess #1935 with Live Comments Kings Gambit vs GM Alexander Raetsky with Black
TH6i61MFx2Y Blitz Chess #3879 vs IM KAPAMA3OB N Noritsin Scotch Black
TIIvTz5-iJA Blitz Chess #852 with Live Comments Neo Philidor
TKS8UfYtQmg Tea Session with Chessexplained #24
TKU66-TA3k8 Blitz Chess #2113 with Live Comments Bogo Indian vs IM Hesham with Black
TKdE4LnIPvU World Championship 2016 Game 4 Karjakin vs Carlsen
TM1SpVikphc Blitz Chess #1007 with Live Comments Kings Indian Classical
TN6WW0-waEQ Blitz Chess #3831 vs TigerPetrosjan M Manninen Queens Pawn Black
TNH67orPl8k Blitz Chess #1738 with Live Comments Italian Game vs Tacticguy with Black
TNLbTLzkSWQ Blitz Chess #3473 vs GM Yardbird E Lobron English Symmetrical White
TNzIcKlGrFE Blitz Chess #1512 with Live Comments Queens Pawn vs Aiel
TOHaxDJot_c Blitz Chess #718 with Live Comments Ruy Lopez Worrall Attack
TOV-kovHFZM Blitz Chess #451 with Live Comments Slav Defence Exchange
TPHeRbU79mU Blitz Chess #478 with Live Comments Ruy Lopez Neo Archangelsk
TPZMRIQzA9c Tal Memorial 2013 Round 7 Recap
TPvF4J1DVgU Norway Chess 2014 Round 4 Recap ft. Karjakin vs Grischuk Grunfeld
TQBHd_NvtYg 15 Min Chess #38 with Live Comments - Queen's Pawn
TQdUCoM1YPY Blitz Chess #1904 with Live Comments Kings Indian Makagonov vs motorhome with White
TQpUflcK4F8 Stay at home and enjoy Chess #5 (old sound setup, sorry)
TQqFl6qQeoY Holiday Giveaway! Win books!
TSf5ZDD3roY Blitz Chess #2474 with Live Comments Pirc Defence vs ThomasTallis with Black
TTH9Cu55DA0 Blitz Chess #4356 vs FM ScacchicAgelast Trompowsky Black
TTKyVP8F87o Blitz Chess #2108 with Live Comments Bogo Indian vs GM Yardbird Eric Lobron with Black
TU4CzohJN-Q Blitz Chess #3808 vs GM Lunaticx P Michalik Reti Opening White
TUtUuB0QlRk Blitz Chess #554 with Live Comments Modern Benoni
TVREW8w0GOA CE on CE - Bad Wiessee op Rd 2 - IM Sielecki (2439) vs Roettig (2081)  Dutch Defense
TWEWrev1Y9w Blitz Chess #4159 vs jaffa Italian Game Black
TXBYFkIxa0w Blitz Chess #2707 Live Comments English Opening vs Aegis White Kingside Fianchetto Week
TXCSX0SR5XI Blitz Chess #406 with Live Comments Queen's Indian London System
TXlPF73FPLw 25 10 Rapid Chess #212 with Live Comments English Opening with White
TXlRqQtE13U Blitz Chess #2946 with Live Comments Queens Gambit Accepted vs GM Kenstar K Salomon with Black
TXm3oyZmWBw Blitz Session on ICC Nov 3 2012
TY6t_NclDag Blitz Chess #952 with Live Comments Queens Gambit Classical Bf4
TZULsU-dIPY Blitz Chess #1533 with Live Comments Queens Gambit Vienna vs walter
TZx1fXfM6Ko Blitz Chess #766 with Live Comments Kings Indian Makagonov 6 h3
T_YQ_5mdGW8 Blitz Chess #1434 with Live Comments Kings Indian Averbakh vs Tja IM Helge Nordahl
TagIoXOmG2I Blitz Chess #4833 vs afarag Kings Indian Attack Black
TayE_YjnSjI Vacation Video #1 Hourly Superblitz Aug 21
TchTBzUQoYs Rapid Chess #237 vs chessqom Alekhine Black
TdLB2m-lH9o I got a twitter account now!
TeDngC8NQF0 Blitz Chess #3983 vs MiodragJevtic Ruy Lopez Cozio White
Ten30y1bCQ8 Blitz Chess #1050 with Live Comments English Symmetrical
Tf6Uj_gbwbw 15 Min Chess #79 with Live Comments Benoni Saemisch
Tf7PMxPUEMY Dortmunder Schachtage Partie des Tages Runde 9: Bartel - Caruana (German Audio!)
TfcUGHY_U1k 3 Minute Madness # 11
Tg7RahoO6Co Modern Classics Ep 1: Ivanchuk-Yusupov, Brussels 1991, King's Indian Fianchetto
ThaCduGkxcc Blitz Chess #4849 vs Adalekoth QGA Slav Hybrid Black
Ti1MPRpnpHo Blitz Chess #4585 vs LoiuseMIchel English Symmetrical Black
TiV3vSVYOv8 Blitz Chess #247 with Live Comments Old Indian
TieeI5wqRa8 Blitz Chess #3415 vs FrankeD Queen Pawn Black
TjzxINx-N2g Blitz Chess #1005 with Live Comments Kings Gambit Accepted
TkNOIrFVz3Q Blitz Chess #1804 with Live Comments Modern Defence vs IM UBO SATLAH Marc Dutreuuw with White
Tkcc2YifTNE Tea Session with Chessexplained #27
TlT4uHWMb3Q Blitz Chess #141 with Live Comments - Czech Benoni
TlUCE4gZuvc Blitz Chess #3301 with Live Comments Reti Opening vs G Bianchi with Black
TliMgvxpXSY Chessexplained's English Opening 1 c4 released on Chessable
Tm-HbxJbJM0 Blitz Chess #2945 with Live Comments Trompowsky vs IM Antidrome with Black
Tm_22w52WSI Blitz Chess #3331 with Live Comments Benko Gambit vs Cryptochess with White
To8KIu3Zm0I Blitz Chess #1387 with Live Comments Kings Indian Classical Bayonet
TodO7GCa2R8 Blitz Chess #4257 vs AkabaInTheHouse Sicilian Alapin Black
Tof9VLuQE8g Blitz Chess #2031 with Live Comments Grunfeld vs JohannesH with White
TopzimZxGSk Kibitzing on the ICC Open Final with Hikaru Nakamura and more titled players.
Tr2sct-UCqc Blitz Chess #4341 vs zoujun 1966 English Opening White
TrN6srmeX_s World Chess Championship London Candidates Tournament 2013 Round 7 Recap
TrQSHvvAe8Q Blitz Chess #1659 with Live Comments Benko Gambit vs GM ReaperMan with White
TryJ0DF_v68 Blitz Chess #3411 vs Makingnosense Grunfeld Black
TtMN7ZiFYBk Blitz Chess #1964 with Live Comments Wade Defense vs Klunk with White
TtiD2zZ5ccg Tea Session with Chessexplained #7
TusSYYIY9-M Rapid Chess #242 vs alqdhafi1969 Sicilian Black
TviTfaxN7ow Blitz Chess #1998 with Live Comments English Hedgehog vs ercoleiaccone with White
Tw8b0fhsf-Q Blitz Chess #3533 vs peksi Larsen Opening 1 b3 Black
TxDC---zZNA Blitz Chess #4025 vs FM ZiaMahmood Benko Black
TxKyum6tnJg ICC Livestream September 18
TxMg0osmAXM Blitz Chess #3409 vs CuatroPrincesas Sicilian Najdorf White
TyKyrXUrrYw Blitz Chess #761 with Live Comments Caro Kann d3 Line
Tyyje_OfhRg Blitz Chess #1690 with Live Comments Ruy Lopez Bird vs Fritzka with White
Tz55j51IBNI Rapid Chess #231 vs Smerdjakov Modern Benoni Saemisch White
U-6ilmVIhw0 Gashimov Memorial 2015 Round 4 Recap
U-VUGfUly7M Blitz Chess #910 with Live Comments Nimzo Rubinstein
U1FlYm9IVS0 Blitz Chess #4314 vs Paranoid Benko Gambit Black
U1fY96BZGf0 Blitz Chess #507 with Live Comments Slav Exchange
U1qPZQKIhgM Blitz Chess #313 with Live Comments Sicilian Taimanov Viewer Challenge 1
U2Gl_HEwjNQ Blitz Chess #2915 with Live Comments Queens Gambit Accepted vs BalvenieScotch with Black
U2R6Akbp12o Blitz Schach #50 mit Livekommentar
U4Bgt_MRWSI Blitz Chess #4529 vs Chamaco1967 Alekhine's Defence White
U53WVdJvjXg Blitz Chess #1006 with Live Comments Evans Gambit
U574ugrZTeY Blitz Chess #3151 with Live Comments Queens Gambit Declined vs IM Olegas O Krivonosov with White
U5QLqcqHpnA Blitz Chess #2510 with Live Comments Ruy Lopez Breyer vs DeepStrategy with Black
U5bmpmOzsiY Blitz Chess #3595 vs GM Gruk S Agdestein Scotch Game Black
U6gHGpTUpcE Blitz Chess #3781 vs FM Mataleo English Opening White
U6t-wbJ3ZGk Blitz Chess #4318 vs Bitburger English Opening Black
U88p9WcAeoc Blitz Chess #4824 vs WarShoe Sicilian Taimanov White
U8RkGfz9Nt4 Blitz Chess #4095 vs IM Fantozzi I Teplyi Benko Gambit Black
U8f2lNC64hE Blitz Chess #432 with Live Comments Modern Benoni
UA2nLuhAgM0 Blitz Chess #3179 with Live Comments Sicilian Maroczy vs Sniper2016 with White
UA2xBn7LWNQ Blitz Chess #1089 with Live Comments Queens Gambit Declined Semi Tarrasch
UAWVI9gqXz8 Blitz Chess #4725 vs mohammedarrami Petroff Black
UAgwhgET2y4 Blitz Chess #1186 with Live Comments Reti Opening
UBxJp2J_mBU World Championship Game 15 - Tie Break Game 3 - Gelfand vs Anand
UDjIDz6ZiqQ Blitz Chess #4957 vs dubic Sicilian Rossolimo Black
UE3QO5uqKGk Blitz Chess #2824 with Live Comments English Symmetrical vs Myway with White
UFCgyJCUPeg Blitz Chess #4392 vs Dersu64 Alekhine Black
UGHmU92Lf08 Blitz Chess #1492 with Live Comments French Defence vs guidez
UGRil40xfVo Blitz Chess #1071 with Live Comments Benoni Defence
UGdsUYE4YXY Back on Twitch for an evening
UIoJ-9nIDXs Blitz Chess #2591 with Live Comments Sicilian Rossolimo vs Estivella with White
UJ9DNcCYCOU Blitz Chess #4577 vs tubi2002 Double Fianchetto White
UJprFGTT3jE Blitz Chess #3139 with Live Comments Italian Game vs FM Softplay with Black
UKPCBBadkIs 15 Min Chess #142 with Live Comments Slav Defence vs IM Richard Jones
UKSP6qSqNL4 Blitz Chess #3109 with Live Comments Modern Defence vs GM TurkishStar with White
ULfBHhlRSvI Blitz Chess #2402 with Live Comments Ruy Lopez Yates vs IM DeMarcus with Black
UMbwlSZyIAw Blitz Chess #1758 with Live Comments Larsen Nimzovich vs ferdia with Black
UMftPWdhvQo Blitz Chess #3386 vs AnttiLaato Ruy Lopez Exchange Black
UMzwRY91Jvs Blitz Chess #1390 with Live Comments Nimzo Indian Sämisch vs GM Lobron
UNBX5nEObPU Repertoire for 1 d4   Part 10 Grünfeld
UOVVt6AyCVY Blitz Chess #806 with Live Comments Nimzo Indian
UOWiHR83q04 Candidates 2014 Round 14 Anand vs Svidler Ruy Lopez Marshall Attack
UObEQozT6sE Blitz Chess #225 with Live Comments Slav Chebanenko
UPDgxF0qB0Q Blitz Chess #3871 vs IM Isokol I Sokolin Benoni White
UPDs9XBEsHw Blitz Chess #296 with Live Comments Slav Viewer Challenge II
UQSp_aaVVLU Blitz Chess #940 with Live Comments Slav Chebanenko
UQYl3KN6K8A Blitz Chess #2503 with Live Comments Ruy Lopez Worrall vs lukkomies with Black
UR5ZBJo5hBo Blitz Chess #1611 with Live Comments Queens Gambit Declined vs IM ayman ali Ayman Al Halila with Whi
URICErRUIU0 Blitz Chess #694 with Live Comments Caro Kann Fantasy Variation
URvNo6I41qg Blitz Chess #858 with Live Comments Semi Slav
USp-SpQ_iUc Blitz Chess #2513 with Live Comments Queen Pawn Colle vs mohamadrafeaa with Black
USqQ9Zdy1tU Blitz Chess #3290 with Live Comments English Symmetrical vs GM Glamurius I Kovalenko with White
USqirb07Kpo What's up with the Channel in the next weeks
USsmPuQVVls Blitz Chess #2710 Live Comments Kings Gambit vs Jorega White Offbeat Week
UUgjmw7aYJE Blitz Chess #741 with Live Comments Benoni
UWsHGRe-478 Blitz Chess #1802 with Live Comments Ruy Lopez Exchange vs kingest1912 with Black
UXDihrPVe1Y Blitz Chess #634 with Live Comments Nimzo Indian Rubinstein
UXqzIbpSgFQ Blitz Chess #295 with Live Comments Nimzo Viewer Challenge I
UYwrxB8jWP8 Blitz Chess #1216 with Live Comments Blumenfeld Gambit
UZ1FuZ0wIK0 Introductory offer on Keep It Simple 1 e4 ends in 2 days
UZWKv-pozB4 Blitz Chess #2528 with Live Comments Four Knights Game vs FM HSK M Hartikainen with Black
U_5wXF2gMh0 Blitz Chess #1961 with Live Comments Sicilian Taimanov vs Diplodokus with Black
U_iVe_rKGjk Blitz Chess #4001 vs dimICC Sicilian Sveshnikov White
U_n21_GL9CA CEs GM Tournament   The Good, The Bad and the Ugly Pt I
UaKw3aQi8Ks Blitz Chess #1455 with Live Comments Siclian Kan vs BillyCorgan IM Michiel de Jong
UbC15ulbSb8 Blitz Chess #4603 vs Shahist A Ruy Lopez Chigorin Black
UcrVVP67qsM Blitz Chess #3751 vs GM Kastor R Vasquez Schroeder Evans Gambit Black
UeS2bPJbb-k 15 Min Chess #156 with Live Comments Slav Defence
Uegr-7fFWJQ Blitz Chess #3058 with Live Comments Queens Gambit Tarrasch vs Justkid with White
UfmxQE6hW24 Blitz Chess #4679 vs forgottenprophecy Double Fianchetto White
UgLXkcfZG9A Blitz Chess #878 with Live Comments Sicilian Najdorf
UhOk_56S_-s Blitz Chess #1510 with Live Comments English Defence vs joaquincel
UiQ8_3OtmnU Blitz Chess #2142 with Live Comments Italian Game vs krystef with White
Uj7xwp9C-nQ Blitz Chess #4417 vs IM Olegas O Krivonosov Reti Opening White
UjOAZsfJa-0 Blitz Chess #1062 with Live Comments English Defence
UkqXWNqyRD0 Blitz Chess #4932 vs FM haychesspoker Sicilian Rossolimo Black
UlBTSzvt-vI Blitz Chess #1435 with Live Comments Open Siclian vs IvanYeletsky
Un9C4FGtD2I Blitz Chess #3433 vs IM AZ79 A Pihlajasalo Benko Opening 1 g3 Black
UngpTLtraEM Blitz Chess #2313 with Live Comments Queens Gambit Classical vs pocoapoco with White
Up1m6wb2fiE Blitz Chess #2391 with Live Comments Ruy Lopez vs Mishutka with Black
UpoTHfzz8hc Blitz Chess #1783 with Live Comments Vienna Game vs IM Town Tavern with Black
Us9e2vQMd3Y Blitz Chess #830 with Live Comments QGD Bf4
UsalZBtrMGA Blitz Chess #2849 with Live Comments Sicilian Alapin c3 vs IM MWeston with Black
UtgA3PgYZoU Blitz Chess #759 with Live Comments Torre Attack
UuC1Rh3IEcc Blitz Chess #17 with Live Comments - Queen's Pawn London (w win)
UuO9wAJdDvQ Blitz Schach #38 mit Livekommentar
UvBPcjBVJbE Blitz Schach #172 mit Livekommentar.avi
UvGb7sqcP1E Blitz Chess #2950 with Live Comments English Defence vs IM rainmaker O Sepp with Black
UvSdj-0IkXI Blitz Chess #1224 with Live Comments Sicilian Moscow
UvuF81doWyY Blitz Chess #259 with Live Comments Nimzo Indian Kasparov Line
UwX4ilcMx7Y Blitz Chess #4667 vs davood1369 Kings Indian Black
UxTSRrf1GiA Blitz Chess #630 with Live Comments Grunfeld
UyLY4i9pLU8 Blitz Chess #567 with Live Comments Grunfeld
UyfOmwjnMW4 Blitz Chess #2210 with Live Comments Dutch Stonewall vs Babybunny with White
UzdjnfOcku0 Blitz Chess #2770 with Live Comments Bogo Indian vs Habilis with Black
UzsKIUaXyW8 Blitz Chess #3625 vs GM Jack Daniels P Maletin Queens Pawn Black
V0sX6soW_YU Blitz Chess #323 with Live Comments English Defence
V1e5La37jw0 Blitz Chess #3013 with Live Comments King Indian vs IM TheChamp R Skytte with Black
V2Q9Kb2IVL8 Blitz Chess #1300 with Live Comments Grunfeld vs anonymous GM
V301udTFkSk Blitz Chess #3798 vs IM petitcoprit A Kelires English Opening Black
V4-OPGuXbAI Blitz Chess #351 with Live Comments Sicilian Najdorf Be2
V4K-ON3RTGY Blitz Schach #54 mit Livekommentar
V4cUIr5Ae30 Chesscube Warzone Bullet 2014-06-03
V51iCiIzrcw Live Blitz Match vs GM Tal Baron (FIDE 2560 Elo) on lichess.org
V5HNUZlJg0U Blitz Chess #4413 vs GM Yardbird E Lobron Old Indian White
V5hBWYHTrGQ Blitz Chess #356 with Live Comments Ruy Lopez
V5yZVrrLFjM Blitz Chess #2508 with Live Comments Queens Gambit Vienna vs Kontorist with Black
V79rHKKFbzM Blitz Chess #3587 vs FrankeD Modern Defence Hippo Black
V7wNlSjdYSA Norway Chess 2014 Round 3 Recap ft  Karjakin vs Agdestein French Defence
V8_ycC7U_8E Blitz Chess #662 with Live Comments Budapest Gambit
V8r9TtC-z9A Blitz Chess #4452 vs ChessIPO1 Pirc Defence White
V9gmGq0ym7c Blitz Chess #3902 vs GM Dynamo63 A Kuzmin Kings Indian White
VA27HpAdvN4 Blitz Chess #736 with Live Comments Larsen Opening 1 b3
VAZvqCtXOik Blitz Chess #82 with Live Comments - Queens Gambit Exchange (w)
VBpqPhuklRE World Championship Game 14 - Tiebreak Game 2 - Anand vs Gelfand.mp4
VCE87h9ttrQ Blitz Chess #1065 with Live Comments Slav Chebanenko
VDYmmljF6hA Blitz Chess #1547 with Live Comments Kings Indian Averbakh vs ansatsu
VFUCh96kQIw Livestream Nov 23 2015
VGutY7hR2Yw Blitz Chess #1156 with Live Comments Italian Game
VHqzfTyJdBk CE playing Mallorca Open Rd 1 David Lazarte 1857 vs Christof Sielecki Ruy Lopez Deferred Exchange
VIsSzBIKYis Blitz Chess #2074 with Live Comments Trompowsky vs ThomasTallis with White
VJF4Q7hCAPQ Blitz Chess #783 with Live Comments Modern Defence
VJQ6YGfdNbE 15 Min Chess #131 with Live Comments Catalan Opening
VJyUDNBJZkc Blitz Chess #3990 vs IM Lightlike M Zumsande French Tarrasch White
VLudp0weS2c Blitz Chess #3292 with Live Comments Queens Gambit Semi Tarrasch vs GM El Marmalade E Magerramov wit
VMNRdmvDdNk Blitz Chess #250 with Live Comments Sicilian Rossolimo
VMRL2E1OFjw Blitz Chess #4739 vs tom2165 Reti Opening White
VMpLgbG5CN0 Blitz Chess #2842 with Live Comments Queen Pawn Torre Attack vs HouseOfFun V Cohar with Black
VN_ih9EdLB0 Blitz Chess #4911 vs FM mehdi hp94 Sicilian Dirty Harry Black
VPcThKoyKbg Blitz Chess #4187 vs IM chesscounter S Ravichandran Queens Pawn Black
VPvj8OJGWmc Blitz Chess #2486 with Live Comments Queens Gambit Accepted vs GM R Hungaski with White
VQn4-5PVicQ Blitz Chess #4516 vs Iniciativa Centre Game Black
VSpE-atiPJw Blitz Chess #1793 with Live Comments Ruy Lopez vs BestMan with Black
VTqTX5MHiug Blitz Chess #1397 with Live Comments English Defence vs anonymous GM
VUPQ4-AZ_UQ Blitz Chess #3503 vs IM Skat Ruy Lopez Smyslov Black
VVtUS_IxL-8 25 10 Rapid Chess #210 with Live Comments Grunfeld with White
VW1nf4zWaeY Blitz Chess #224 with Live Comments Sicilian Najdorf
VWTgu0FigRo Blitz Chess #2810 with Live Comments OrangUtan vs GM kurumania with Black
VX5lwxG0ULQ Blitz Chess #1898 with Live Comments Sicilian Smith Morra Declined vs FM BingoBongo with Black
VXTwP8hVlfw Blitz Chess #2999 with Live Comments Queens Gambit Declined Exchange vs IM kruppe C Cobb with White
VY1Iriy0ATk 15 Min Chess #8 with Live Comments - Sicilian
VYR-Qn9drpo Blitz Chess #1592 with Live Comments Nimzo Indian S๎misch vs Panopticon with White
V_bGM24SGvs Blitz Chess #327 with Live Comments Queens Gambit Declined
V_sWXwSBU80 Livestream on the ICC Nov 14 2016
Vb6g6QcsltM Blitz Chess #4162 vs maradona Kings Indian Petrosian White
Vbkwq-Gbdh8 Blitz Chess #3408 vs chessftw Grunfeld Black
VcU9BXaoOfs World Chess Championship London Candidates Tournament 2013 Round 1 Recap
Vcu3mQE-oAE Blitz Chess #257 with Live Comments Caro Kann Panov
VddbP6TE15o Candidates 2014 Round 13 Kramnik Topalov Semi Slav Moscow Variation
Ve5OcAzLjMo Blitz Chess #3652 vs Aknok Dutch Defence White
VeST-4n-b4U Blitz Chess #277 with Live Comments Ruy Lopez Closed
VeSWuHqGJ1I Blitz Chess #3907 vs JanTheMan English Hedgehog White
Veaf5ndHs4w Blitz Chess #4773 vs Namotal1 English Opening Black
Vf29eAZ8gVk Blitz Chess #4024 vs MaxPower Philidor White
VfYsQEna41s Blitz Chess #4418 vs GM dalmatinac I Saric Alekhine Black
VfxUUQlV9zY Blitz Chess #2654 Live Comments Sicilian Rossolimo vs asiarsi Black Opening Challenge Week
Vgh6CADZCwI Blitz Chess #675 with Live Comments Black Knights Tango
Vh1xQ5JZYjY Blitz Chess #4029 vs SMETA08 Philidor White
VhPE2KGkO2M Blitz Chess #927 with Live Comments Dutch Defence
Vi8V0ttflAw Blitz Chess #121 with Live Comments - Irregular Opening vs. GM Grachev
ViATuAMH0NE Blitz Chess #1680 with Live Comments Evans Gambit vs IM LuckyResha Alexei Reshetnikov with Black
ViLXI6LXc1M Blitz Chess #4730 vs PandorasBox13 Reti Opening Black
ViwRClWnM6Q Chesscube   Warzone Bullet 2014-06-05
VjpiRX7L_Pc Blitz Chess #1444 with Live Comments Siclian vs  rainmaker IM Olav Sepp
VkpvVEb6rxE Norway Chess 2014 Round 6 Recap ft  Topalov vs Kramnik Nimzo Indian
VmenekbU-lc Blitz Chess #385 with Live Comments Scotch Four Knights
VnLGdeD6zWk Blitz Chess #1842 with Live Comments Grunfeld Fianchetto vs FTFS with Black
VoS6Yg7O2Rg Sinquefield Cup 2015 Round 6 Recap with all games Focus on So vs Nakamura Kings Indian
VoXzsUM7Wzc Blitz Chess #341 with Live Comments Modern Benoni
VpFTNalQ-D4 Blitz Chess #3582 vs IM petitcoprit A Kelires Kings Indian Black
VpdVy1VEFRA Blitz Chess #4267 vs IM Allgunsblazing S Kozhuharov Larsen b3 Black
Vqb1Y3fqfJw Blitz Chess #1562 with Live Comments Ruy Lopez Chigorin vs treshtigresh
VrvF_UAbjp0 Blitz Chess #837 with Live Comments Four Knights Rubinstein
Vt9MgseH7VA Blitz Chess #2396 with Live Comments Ruy Lopet vs Wolwerine with Black
VtRuojNSwjw Livestream on the ICC Dec 12 2016
VtZFGhYbRKs Livestream Oct 19 2015
VtmyJ264v7k Blitz Chess #2273 with Live Comments Sicilian Closed vs IM sirin M Annaberdiyev with Black
VvU9zG43uAM Candidates 2014 Round 1 Andreikin vs Kramnik Nimzo Indian Classical
Vvh5QQiIb10 Blitz Chess #679 with Live Comments Benoni
VwlpzNE978s Blitz Chess #2441 with Live Comments Italian Game vs IM Cassoulet J Dourerassou with Black
Vx8eP3P48vw Blitz Chess #4287 vs IM Meteor84 T Asanov English Opening White
VxXQLTQS8qI Blitz Chess #2582 with Live Comments Queens Gambit Declined vs GM DrainYou S B Hansen with White
VxjhGY-_7GU Chess Endgames #011 - Tal vs Semeniuk - Converting the exchange
Vy5hSbCmvIM Blitz Chess #2037 with Live Comments Vienna Game vs IM TheChamp Rasmus Skytte with Black
VyFJucBVj3g Blitz Chess #3307 with Live Comments Grob vs Grob with Black
VyPiqTFE45E Missed Win vs. German Champion GM D. Fridman (2653)
VyQH1dy5uCI Chesscube - Warzone Bullet 2012-08-10
VyYx95UKBGo Blitz Chess #3913 vs GreyWarden English Opening White
VyvZEHiOl0s Blitz Chess #1232 with Live Comments Queens Gambit Chigorin
W-pDG40AfZ8 Blitz Schach #163 mit Livekommentar.avi
W0zhHf19Aug Chesscube - Warzone Bullet 2012-07-02
W1wGS_yr_7A Blitz Chess #3459 vs IM Olegas O Krivonosov Queens Gambit Declined White
W2I3OhrrQkI Blitz Chess #2216 with Live Comments Kings Indian Bayonet vs crapablanca with White
W2NtATD1GL4 Blitz Chess #4901 vs bear856 Reti Opening White
W31mcUDFDwo Blitz Chess #3479 vs GM Yardbird E Lobron Queens Gambit Declined Black
W54Bd7WwCOY Blitz Chess #2116 with Live Comments Semi Tarrasch vs Borizlo IM Zlotnik with White
W6ZCyTKD1lY Chesscube - Warzone Final 2013-04-29
W6bsYAf9hd0 Blitz Chess #492 with Live Comments Queens Pawn
W7xL_zq2uwM Blitz Chess #676 with Live Comments Philidor Defence
W8LPki7ROIA Middlegame Strategy #009:  The Greek Gift - Sac on h7
W8QSvfNUb3U Blitz Chess #4769 vs Phiba French Exchange White
W8R2WWhfNPU Blitz Chess #4112 vs umsokn Scotch Game Black
W8rl8_tDRMM Blitz Chess #1340 with Live Comments Caro Kann Panov
WA4OITx466E Blitz Chess #154 with Live Comments - Sicilian Scheveningen
WAIu40LTVCs Siclian 1 e4 c5 2 Nf3 e6 and others FREE PREVIEW
WAJNLmo2NCA Blitz Chess #3056 with Live Comments Ruy Lopez Cozio vs BarthoMG with Black
WAs6WvxNupQ Blitz Chess #1922 with Live Comments Sicilian Scheveningen vs Arostos with Black
WBKMCn1sKPk Blitz Chess #3426 vs CharmCityChess Ruy Lopez Smyslov White
WCIVE0fS8Qc Blitz Chess #3363 vs IM Isokol I Sokolin Old Indian White
WCvw8Y8fbcY Tata Steel Round 11 Recap
WDgvT91L0b4 Blitz Chess #1478 with Live Comments Kings Indian Classical vs Olegas IM Krivosonov
WEPLNJGZ2Zo Blitz Chess #3085 with Live Comments Queens Indian Petrosian vs IM Alexser with White
WEWCtlejacY Blitz Chess #4632 vs Trianero Petroff Black
WF0mDip1Aqw Blitz Chess #499 with Live Comments Italian game
WFVWCCE1bIE Blitz Chess #706 with Live Comments Modern Benoni
WGEzwZSvFcM Blitz Chess #1669 with Live Comments Nimzo Indian Rubinstein vs DaTribe with White
WGe6IVEfhfM Middlegame Strategy #006 - Tal vs Kolarov - The routine sacrifice
WH4PxfhBCJE Blitz Chess #1411 with Live Comments Caro Kann Fantasy vs IM Dourerassou
WHGApxuFJP4 Blitz Chess #2657 Live Comments Dutch Stonewall vs ZhuZhengHai008 Black Opening Challenge Week
WHvjlJUdJiQ Blitz Chess #520 with Live Comments Modern Defence
WIOn2K-OWDM Blitz Chess #3275 with Live Comments Nimzo Indian f3 vs VisualEYES with Black
WJZ1wQkiJF8 Blitz Chess #3382 vs GM VerdeNotte G Jones Kings Indian Makagonov White
WKhBUIgI2yQ Blitz Chess #3448 vs GM plamkasidi D popovic Kings Indian Makagonov White
WMHTKNbI048 ICC 5min Blitz Schach mit LIvekommentar #5
WN3M2HZlHbo Blitz Chess #3504 vs FrankeD Catalan White
WN8V4fYcf_k Blitz Chess #4937 vs Pirat52 Sicilian Rossolimo Troll Variation Black
WODhNuC49Gs Blitz Chess #427 with Live Comments English Symmetrical
WPxZpS9XRNQ Blitz Chess #1321 with Live Comments English Opening Keres Line
WQWncw1YsUo Blitz Chess #1885 with Live Comments Nimzo Indian Classical vs Horobetz with White
WQnGRMXFu3s Blitz Chess #590 with Live Comments Slav Schlechter
WQvapUYFltY Blitz Chess #53 with Live Comments -  Italian Game/Giuoco Piano (w loss)
WQwc1CKOxSw Reddit Opening of the Week Poll
WQy-7UnQoVg Blitz Chess #409 with Live Comments Philidor Defence
WQziUbJTEZ0 Blitz Chess #3278 with Live Comments Queens Gambit Accepted vs IM DarkPassenger with Black
WRwgcfJpJHc Blitz Chess #2835 with Live Comments Kings Indian Attack vs ennecerus with Black
WSJemkpMHUQ Blitz Chess #4274 vs FM BobHaak Maroczy Bind White
WSVSHp2uOgo Gashimov Memorial Round 5 Recap with Magnus Carlsen vs  Teimour Radjabov Kings Indian Kramer Variati
WT4OZHY8yHc Blitz Chess #4422 vs AkabaInTheHouse Reti Opening White
WUcmk9WTcTc Blitz Chess #1877 with Live Comments Bogo Indian vs GM DrainYou S B Hansen with Black
WUk6pgXC2Q0 Blitz Chess #4224 vs FM isildur97 Reti Opening White
WXcy5SgEIoA 25 10 Rapid Chess #216 with Live Comments Alekhine Defence with Black
WZ5S3t3tLMg Blitz Chess #22 with Live Comments - Nimzo Rubinstein (w win)
W_wmvILBJrk Blitz Chess #1601 with Live Comments Ruy Lopez Closed vs IM Newwch with Black
WcSpnP3-hZ8 15 Min Chess #141 with Live Comments Kings Indian Makagonov Benoni
WecuKNm_eh4 Blitz Chess #4942 vs Mec engineer1 Sicilian Closed Black
WefVxNjtK34 Blitz Chess #4191 vs amarcord Sicilian Closed Black
Wf2-XW003_U Blitz Chess #1398 with Live Comments Modern Benoni vs anonymous IM
WfF3P-he5-Y Blitz Chess #1688 with Live Comments Sicilian Kupreichik vs pasha with Black
WgR3LNwMx6g Blitz Chess #228 with Live Comments Nimzo Indian Rubinstein
Wg_WXDzFVek 15 Min Chess #92 with Live Comments Caro Kann Classical Variation
Wha0BwUq_UU Blitz Chess #3605 vs GM Chemberlen A Gavrilov Queens Gambit Declined White
WiPoS47YHgQ Blitz Chess #1543 with Live Comments Kings Indian Four Pawns Attack vs pasha
WigKFHSVwgY Blitz Chess #3133 with Live Comments Catalan vs peregrine 64 with White
Wignta3OBWk Blitz Chess #4808 vs iroboter Nimzo Indian Zurich White
Wj7tz7lUgrk Blitz Chess #3140 with Live Comments Queens Gambit Accepted vs FM GUINEO with Black
WjCweGrA1K0 Blitz Chess #339 with Live Comments Reti Opening
WjRuWivIw0k Blitz Chess #4456 vs Trinity8 French Tarrasch White
WjhsyBIPAJ4 Blitz Chess #3062 with Live Comments Owen Defence vs mkuri with White
Wk4EKZGqvMY Blitz Chess #3585 vs IM ChanandlerBong A Olsson Italian Game Black
Wk9EZtxv-XE Blitz Chess #2125 with Live Comments Nimzo Indian Classical vs FM ercoleiaccone with White
Wkx5m3lH5to Blitz Chess #4033 vs IM Lightlike M Zumsande Scotch Black
Wl7AV6ekwmw Blitz Chess #624 with Live Comments Modern Defence Czech
Wls5t1EYZBY Blitz Chess #3629 vs FrankieJay Ruy Lopez Chigorin Black
WluZWVTTR1E Blitz Chess #1420 with Live Comments Kings Indian Saemisch vs IM Docx
WmzXGvVpWPY Blitz Chess #87 with Live Comments - Modern Defence (w)
Wn39x_9jRA8 Blitz Chess #1291 with Live Comments Dutch Defence vs GM Moskalenko
WnXuVTCJEEs Gashimov Memorial Round 3 Recap with Hikaru Nakamura vs  Shakhriyar Mamedyarov Caro Kann Advance Sho
WngBMqCDELw Blitz Chess #2430 with Live Comments Ruy Lopez vs GM Narkissos with Black
WnyHKBs2TfQ Blitz Chess #1983 with Live Comments Nimzo Indian vs GM Z Integrator with Black
WoZ_rXcKEpI Blitz Chess #1099 with Live Comments Nimzo Indian Rubinstein
WoyiVjEbYL8 Blitz Chess #1052 with Live Comments Siclian Maroczy Bind
Wp3PPovF_pI Chessexplained Livestream Archive from Nov 19 2014
WqAZo8WKBeY Blitz Chess #4389 vs FM Burgsvik B Andersson Modern Defence White
WqVlvkB8uyA Blitz Chess #1365 with Live Comments London System
WsCkww518Yc Blitz Chess #3832 vs Matteo02 English Opening White
WtFtzpf5IIE Daily Blitz Arena Black Friday Sale ends
Wtbksi2ld8g Blitz Chess #938 with Live Comments Kings Indian Saemisch
WtqDX2OSTg0 ICC Liveshow Nov 13 2017
WuRv3Z4OWng Blitz Chess #2990 with Live Comments Ruy Lopez vs IM Reti J Echevarria with Black
WuTwQLgPp94 Blitz Chess #1152 with Live Comments French Steinitz
WuaotyB8stI Blitz Chess #125 with Live Comments - Kings Indian Defence
WukSyzBmDbY Blitz Chess #3444 vs MTCicero Nimzo Indian Classical White
Wum8OA22KFE Blitz Chess #719 with Live Comments Grunfeld
WvLEa2YiOrA Blitz Chess #1712 with Live Comments Larsen Opening 1 b3 vs IM StepbyStep with Black
WvuZUqX1kPU Blitz Chess #3826 vs Joop Trompowsky Black
WxhBkhnN8_0 Tata Steel Round 9 Recap
Wy7NfVBHRsI Blitz Chess #561 with Live Comments Kings Gambit
WyISbk09DNg Blitz Chess #3931 vs Debomatarte Benko Gambit Black
WySDh_YA1ME Blitz Chess #3568 vs BadDays Grunfeld White
WyYRX7J1F9M Livestream Blitz vs Channel Subscribers on Lichess
X-jp4GmN-ss Blitz Chess #1748 with Live Comments Owens Defenece vs parmupill with White
X00AscPVwpA Blitz Chess #4544 vs johanhendra Reti Opening White
X0M5g4CoKaA Blitz Chess #1323 with Live Comments Grunfeld vs IM Cotonnec
X0UWCKG45UY Blitz Chess #1613 with Live Comments Four Knights vs GM Yozhik with Black
X2kwRE-Mm2U Blitz Chess #398 with Live Comments Queen's Pawn
X3TfpaXRb70 Blitz Chess #931 with Live Comments English Symmetrical
X3gcpo6K1BM Blitz Chess #4553 vs MrTophatJones Petroff Black
X59pIDe4nxc Blitz Chess #1626 with Live Comments Caro Kann vs SNOEBE with Black
X5pKBFQs7oU Blitz Chess #1853 with Live Comments French Tarrasch vs Marfol with Black
X5su_GH_TM8 Blitz Chess #4659 vs Nimzozo Alekhine Defence White
X6PuDO2No0s Blitz Chess #413 with Live Comments Sicilian Moscow Variation
X6kZgIqhehM Blitz Chess #46 with Live Comments - Catalan vs. IM Krivosonov (w draw)
X71NJjbebKY Blitz Chess #2813 with Live Comments Italian Game vs GM Dragon 70 M Khachiyan with Black
X7EDnaEGrBQ Blitz Schach #85 mit Livekommentar
X7O8JzQyzTw Gashimov Memorial 2015 Final Rounds Recap
X7zyqZcMYpc Blitz Chess #875 with Live Comments French Tarrasch
X9Yu-6aLP_Q Blitz Chess #1850 with Live Comments Bogo Indian vs IM abeautifulmind Ronald Loetscher with Black
XAsHFvCz7ik Blitz Chess #4253 vs rpenquin Quadruple Fianchetto White
XBmfMdoziEA Blitz Chess #2624 with Live Comments Queens Gambit Ragozin vs goodnightmrtom with White
XCA_t8KdsGA Blitz Chess #3820 vs pollypolly Queens Pawn London Black
XDLM2dNW1Xg Blitz Schach #79 mit Livekommentar
XDdW-GpMnNE Blitz Chess #779 with Live Comments Nimzo Indian Saemisch
XDiHIJBaNGQ Blitz Chess #3072 with Live Comments Scotch Four Knights vs legend2014 with Black
XHBUKgmesDo Blitz Chess #1567 with Live Comments Nimzo Indian Kasparov Variation vs Flyaway anonymous IM
XHybb-IXGKE Blitz Chess #4892 vs Defence of Remisov Orang Utan Black
XJ9zVLCjLjw Blitz Chess #4373 vs prolo Reti Opening White
XJLmdcSrh1Y Blitz Chess #4567 vs Rubik87 Bird Opening Black
XJWny5xu63I Blitz Chess #2595 with Live Comments Nimzo Indian Saemisch vs Girome with White
XJx4tPDoOR8 Blitz Chess #2084 with Live Comments Ruy Lopez vs GM UltraMate Emre Can with Black
XKKJX3lVHj8 Blitz Chess #3249 with Live Comments Reti Opening vs IM MrSerious W Paschall with Black
XKhstK7VmJQ Blitz Chess #1812 with Live Comments Scotch Game vs IM swop Matthias Mueller with Black
XKqMoH9qe04 Blitz Chess #4825 vs FrankStein68 Closed Catalan White
XMKLUjkmMEU Blitz Chess #2691 Live Comments Sicilian vs fernandomata Black Kingside Fianchetto Week
XMLwfG_brH4 Blitz Chess #4727 vs Alaeldin14 Sicilian Rossolimo White
XO-MvShAYcI Blitz Chess #137 with Live Comments - Ruy Lopez Chigorin vs. GM Dr. John Nunn
XO1JTeXsoWA Tournament Game vs. GM Siebrecht - Queen's Gambit Declined
XPGkUQHYPtU Blitz Chess #1661 with Live Comments Kings Indian Fianchetto vs climb512 with White
XPOz-gj-JoU Blitz Chess #979 with Live Comments Modern Defence
XPlgSNG7Hkc Tea Session with Chessexplained #17
XPy_WA2NeC4 Blitz Chess #3981 vs IM Numerianus S B Rueda Slav Chebanenko Black
XQ_xfwbcw8M Blitz Chess #4908 vs  Zahkaschen Reti Opening White
XRK0fQdhbRk ICC 5min Blitz Schach mit Livekommentar #26 - was eine Klatsche :-(
XRS2hnTpvXE Blitz Chess #2705 Live Comments Reti Opening vs GM agokoy White Kingside Fianchetto Week
XRXbPzKY4zk Blitz Chess #2960 with Live Comments Nimzo Indian Classical vs GM mikolka1985 N Maiorov with Black
XTFoor1PPGE Blitz Chess #3964 vs cdw Benko 1 g3 Black
XTH2btXTWoU Blitz Chess #2301 with Live Comments Kings Indian Classical vs FM HSK M Hartikainen with White
XTlJ2Xm15to ICC Livestream June 26
XUE6lTfQ2N4 Blitz Chess #3888 vs papoal29 Siclian  Rossolimo White
XUrtwhTLqPk Blitz Chess #4836 vs SilencerBaba Italian Game Black
XUzl7wmSBjo Blitz Chess #4541 vs Chessindian Four Knights Black
XWBq6CXiY5Q Blitz Chess #963 with Live Comments Grunfeld 5 h4
XYROk43AjtE Blitz Chess #4460 vs Panopticon Alekhine Black
XZ1Xf5PPLdg Blitz Chess #3181 with Live Comments Four Knights IM Seyduna with Black
XZDFp3St3po Blitz Chess #4275 vs CM Satranchess Maroczy Bind Black
X_QxvHTChSk Blitz Chess #3697 vs IM Branimir Maksimovic Queen Pawn Veresov Black
X_ra4lek3GQ Blitz Chess #350 with Live Comments Kings Indian Fianchetto
XaMiDPEhfPs Blitz Chess #3184 with Live Comments Queens Gambit Classical vs Ezdanitoff with White
XaXqlZuKpy8 Blitz Chess #2576 with Live Comments Queens Gambit Declined vs GM agokoy with White
Xb-QyUMJlBY Blitz Chess #2556 with Live Comments Nimzo Indian Classical vs GM taktikus Z Medvegy with White
XbfvZRz0T6o Book Of The Year Award Sale!
XbnuMnuTzW0 Blitz Chess #4490 vs apola Caro Kann Two Knights White
Xc2_dzB_5Y8 Middlegame Strategy #001   Spassky vs Averbakh Exploiting Pawn Weaknesses
XcbHwVfdAI4 Blitz Chess #886 with Live Comments Sicilian Alapin c3
XclheWF-Oo0 Blitz Chess #3615 vs FM wtfai Nimzo Indian Classical White
Xd0gNGHJBj8 Blitz Chess #2786 with Live Comments Queens Gambit Declined vs AgentFoxMulder with White
Xd81FRfXZMk Livestream March 30 2015
XeAwsly4e3Y Blitz Chess #617 with Live Comments Caro Kann Advance
XgUuzjaiFCc Repertoire for 1 d4   Part 2 Slav Defence
XgYziSEI7q4 Blitz Chess #688 with Live Comments Slav Chebanenko
XhRslF8sz2s Blitz Chess #4706 vs Bizzo Irregular Opening White
Xhj-r2uOR5E Blitz Chess #4152 vs IM PrincePanic W Hendriks Sicilian Black
XirHZyHQebE Blitz Chess #360 with Live Comments Dutch Leningrad
XjLnf6hZcgQ Sinquefield Cup 2014 Round 5 Recap
XkT5KxuMG-U Blitz Schach #84 mit Livekommentar
Xkbmpe_Yw9o 15 Min Chess #77 with Live Comments Kings Indian Classical Petrosian
Xkpco86Re9w Holiday Shows, Videos and Sales
Xku8Ga6Dsio Blitz Chess #4385 vs GODZILLA Reti Opening White
Xl5JvZEWrIA Blitz Chess #3108 with Live Comments Trompowsky vs IM Vegita S Docx with Black
XlErDusxRZs Chess is fun... or not... if you play the comp
XnpXpI6XaRg Blitz Chess #1035 with Live Comments Blumenfeld Gambit
XnsA7_Q_Jos Blitz Chess #4871 vs Skoshevoy54 Catalan White
XoySdXlAU5g Blitz Chess #3936 vs makingnosense Sicilian Four Knights White
XpDbkyVSLRw Blitz Chess #4591 vs Mtan Sicilian Maroczy Bind White
XpVOkD8qJh4 Blitz Chess #2349 with Live Comments Nimzo Indian Classical vs papoal with Black
XqxtN7bOa7o Tea Session with Chessexplained #21
XrhVTIxyors Blitz Chess #4927 vs GM horeet Veresov Black
XstkibRlkgs Blitz Chess #254 with Live Comments Nimzo Indian Classical Zurich
XtpO1Ow_fZY Blitz Chess #3185 with Live Comments Slav Chebanenko vs IM Minisko P Pacher with Black
XvZJ5xKKUe4 Blitz Chess #1162 with Live Comments Nimzo Indian
Xw2SYzXx2L0 Blitz Chess #1054 with Live Comments Czech Defence
XwTtZwZoG7w Blitz Chess #1714 with Live Comments Ruy Lopez vs Sertoespj with Black
XxDuabL1ejg Blitz Chess #2847 with Live Comments English Hedgehog vs Babyfischer with White
XyLcIjRS4fA Blitz Chess #3421 vs IM lotus eater Queen Pawn London Black
XyrMXyD6iKY Blitz Chess #3188 with Live Comments Sicilian Rossolimo vs IM broker with White
Y-0yqzk-aMs Blitz Chess #2909 with Live Comments Queens Gambit Baltic vs HouseOfFun with White
Y-C8uiDOZbE Blitz Chess #3743 vs szengin2013 English Opening White
Y-Q5EsjkZRU Blitz Chess #1165 with Live Comments Catalan Benoni
Y0aEJ52g9So Blitz Chess #802 with Live Comments Kings Gambit
Y2eld_m8zH8 Blitz Chess #4432 vs TIGERTANK Alekhine Black
Y2n--pa_kbA Blitz Chess #4710 vs podidyk Sicilian Taimanov Black
Y2rgeUUW5HQ Blitz Chess #3777 vs IM aplusk Italian Game Black
Y3XIavzD8OM Blitz Chess #2724 Live Comments Orang Utan vs gillian White Offbeat Week
Y4_-kY4NmgU Blitz Chess #4102 vs Tukey English Opening White
Y4omx828Ygs Blitz Chess #2535 with Live Comments Old Indian vs IM supermouse L Quang Long with White
Y5ALlFFE4t8 Blitz Chess #2119 with Live Comments Trompowsky vs GM Doccy John Nunn with White
Y6zf548Jzus Blitz Chess #3350 vs IM Neverend J Moreno Ruiz Queens Gambit Accepted Black
Y70wGMLXNkY Blitz Chess #4838 vs FM JoFLo Bishops Game Black
Y7uYoPtNyY4 Blitz Chess #1220 with Live Comments Veresov Opening
Y85-LN0Mbqg Blitz Chess #3886 vs rmb0611 Scotch Game Black
Y8RMVdyqtYI Blitz Chess #601 with Live Comments French Advance
Y9Cayx-jE0Q Rapid Chess #232 vs Kholpikov Kings Indian Classical White
Y9aHTLB2fb4 Blitz Chess #380 with Live Comments Keres Defence
YA4pvxPSS4M Blitz Chess #437 with Live Comments Ruy Lopez Schliemann
YAzRakuFZD0 Blitz Chess #3087 with Live Comments Queens Gambit Accepted vs matmaster with White
YB0bkIuc5B8 Blitz Chess #841 with Live Comments English Symmetrical
YBA26AA3ODU Blitz Chess #1936 with Live Comments Queens Gambit Chigorin vs R2D2 with White
YBCnWh3Raf0 Blitz Chess #140 with Live Comments - Larsen Opening 1.b3
YBYqNaBc2M0 Blitz Chess #1205 with Live Comments Sicilian Sveshnikov Viewer Challenge
YBrF4SX1W8o Blitz Chess #4673 vs Anaadi QGA  Black
YC6cQbK7xNA 5 Min Blitz Match vs  Kingscrusher with dual Commentary Game 1 on Aug 29 2011
YCQ1wxx4QNI Blitz Chess #4408 vs iende Grunfeld White
YCi-lpaPRYs Chessexplained Livestream Archive from Nov 24 2014
YCnVfqCBPFU Blitz Chess #4669 vs Ferrari2017 Scotch Four Knights White
YDrt-EuY0nI Blitz Chess #4970 vs pro100still English Opening White
YE2sNUetAJ8 Blitz Chess #795 with Live Comments Bogo Indian
YEXIe1XThGs Solving Chess Problems #1
YFlwos9tECc Blitz Chess #3583 vs Paranoid Dutch White
YGSajFkFBvM Blitz Chess #4096 vs Plussss English Opening White
YIM99XyPNgE Candidates 2014 Round 8 Svidler vs Karjakin Kings Indian Attack
YIaAmzUV8VI Blitz Chess #3094 with Live Comments Kings Indian Attack vs Mozgokliuj with White
YKDqot3iQX0 Blitz Chess #1509 with Live Comments Modern Benoni vs inafewminutes
YKT_dPWgveA Blitz Chess #134 with Live Comments - King's Indian Classical Mar del Plata
YKWazhY6Lyo Blitz Chess #1956 with Live Comments Slav Defence vs GM DrainYou S B Hansen with White
YL156aVXC_U Blitz Chess #68 with Live Comments   French Advance (b win)
YN7gNUngApE Blitz Chess #3474 vs FM GUINEO Queens Gambit Declined Exchange Black
YNiGgJ4pR28 Blitz Chess #2120 with Live Comments Nimzo Indian Classical Zurich vs maradona with Black
YOPMGbvVENs Blitz Chess #2844 with Live Comments French Advance vs Girome with Black
YPa9ouymtFc Blitz Chess #946 with Live Comments Kings Indian Saemisch
YQt-UxT6J_k Blitz Chess #1403 with Live Comments Italian Two Knights
YR6fERMm3Yg Blitz Chess #1402 with Live Comments Ruy Lopez Steinitz
YUP-ve5sRtg Blitz Chess #4938 vs CM Henry Onyekuru 21 Reti Opening White
YUsoERP2ECQ My OTB Classical games   Sielecki vs Vermeeren English Opening
YUzYt36lX48 Sale on Chessable ends   Reminder about Live shows
YV1KKv2ueRk Blitz Chess #794 with Live Comments Philidor Defence
YXWDeygpR8Y Blitz Chess #787 with Live Comments Reti Opening
YXpres7Lb00 Blitz Chess #2628 with Live Comments Kings Indian vs Babyfischer with Black
YYXX7BQ-TlU Blitz Chess #1774 with Live Comments French Winawer vs MasterZachary with Black
YYtzKBZqHfc Blitz Chess #4763 vs FM Ianfindlay2314 Petroff Black
YZ3u2Khsc7o Blitz Chess #4652 vs Mihailo95 Irregular Opening White
YZI-hDf27WY Blitz Chess #1833 with Live Comments Grunfeld Fianchetto vs FM Alka with White
Y_7OSG66Y5I Blitz Chess #4688 vs emiljoal Scandinavian White
YapzF27y0gE Blitz Chess #1269 with Live Comments French Exchange
Yb5w0ztek1A Rapid Chess #233 vs Djie13 Kings Indian Petrosian White
YbuPBNOOxsE Blitz Chess #4654 vs GeorgeBrassens Scotch Four Knights Black
YcaJHzfKuOQ Blitz Chess #258 with Live Comments French Advance
Yd5WcN3O_Hg ICC Livestream July 11
Yd7PxbdTzaY Blitz Chess #1734 with Live Comments English Symmetrical vs Chessheroes with White
YdA8VZxNXYQ Blitz Chess #816 with Live Comments Kings Indian Attack
YdHvpRwH6SI Blitz Chess #2183 with Live Comments Kings Indian Classical vs DIRTYSEXYMONEY with White
Yeny6d4k9kc Blitz Chess #1916 with Live Comments Queen Pawn Torre vs Undone with Black
YepuMBqxusE Blitz Chess #3955 vs IM broker Ruy Lopez Black
YfM5SrlD9RA Blitz Chess #3123 with Live Comments Queen Pawn vs IM Joorge with White
YgiC7nlVrOk Blitz Chess #752 with Live Comments Queens Gambit Exchange
YjEaDxKmnec Blitz Chess #2686 with Live Comments Ruy Lopez Berlin vs Chapo2 with Black
YkCY_1_ZMbk 15 Min Chess #158 with Live Comments Alekhine Defence
YktLXgHuMZY Blitz Chess #786 with Live Comments French Tarrasch
YlSQNu-sU50 15 Min Chess #146 with Live Comments Open Sicilian
YlTkB_kweIM Blitz Chess #2592 with Live Comments Reti Opening vs Nos with Black
Ylfru3-i2-Y LiChess Bullet Arena September 21
Yn2c8EGFVVk London Chess Classics 2015 Round 7 Recap
YnB7g7Bwbpg Blitz Schach #44 mit Livekommentar
YohT-NdrC9Y Opening Disasters #005 Ree vs Piket Danger in the Queens Indian Colle
Yppi9jkrCXY Middlegame Strategy #007 - Botvinnik vs Chekhover Activity over Structure
YrJWjByBzvU Blitz Chess #1160 with Live Comments English Reti
Ys3oR_So_1M Blitz Chess #1314 with Live Comments Benoni vs FM Ikeda
YsAITGGKON4 Blitz Chess #1008 with Live Comments Slav Schlechter
YsHXBI6ZhMo Blitz Chess #2706 Live Comments Modern Defence vs ThomasTallis Black Kingside Fianchetto Week
Yt77SkwQotQ Rapid Chess #230 vs YYU4 Old Indian White
YtjXLckxJMQ Blitz Chess #3041 with Live Comments Nimzo Indian vs Estivella with White
Ytuwm368V4k Blitz Chess #1890 with Live Comments French Rubinstein vs IM Joorge with White
YtvL_MqhEG4 Blitz Chess #1917 with Live Comments Neo Philidor vs GM Doccy John Nunn with Black
Yu04jyvhiZY Blitz Chess #3192 with Live Comments English Symmetrical vs GM Sauerkraut S Cicak with White
Yu0QV99dQ_s Blitz Chess #540 with Live Comments Nimzo Zurich
YutwVjV-4TE Blitz Chess #3248 with Live Comments Kings Indian Makagonov vs FM HSK M Hartikainen with White
Yv6b1LSmEyI Interview by Bryan Castro of Betterchesstraining.com
YvYZbjnH8jE Tata Steel Round 10 Recap
YvkKHoX3k84 Blitz Chess #4533 vs gavsav Four Knights Black
YwUiPGFeTPw Blitz Chess #1918 with Live Comments Queens Gambit Declined Exchange vs IM vaske with White
YwdqpwjKTsg Blitz Chess #1957 with Live Comments English Defence vs FM karlstad J Krupenski with Black
Ywjyhtpef3I 25 10 Rapid Chess #225 with Live Comments Scandinavian Defence vs Migs 19 with White
Yx0JcfbK8Ok 15 Min Chess #1 with Live Comments - Nimzo Indian
Yx7UxuWr1D4 Blitz Chess #1769 with Live Comments Sicilian Scheveningen vs IM zxcvb with White
YxFwQrn6Shw Blitz Chess #3891 vs IM IndianKing Benko Gambit Black
Yynslkx0jUw Rapid Chess #267 vs DynamicBrain01 Ruy Lopez White
YzJbqKPDHzE Blitz Chess #4221 vs Chanikya Queens Gambit Chigorin
YzNXGDyrKD8 25 10 Rapid Chess #206 with Live Comments Sicilian Dragon with White
YzbSn9vbxzI Blitz Chess #1905 with Live Comments English Opening vs GM Yardbird Eric Lobron with Black
YzjSBI8L1_g Blitz Chess #775 with Live Comments Modern Defence
Yzy96PgfBRs Blitz Chess #680 with Live Comments French Steinitz
YzyC45f9px0 Blitz Schach #67 mit Livekommentar
Z-SRtZzBWRs Blitz Chess #1899 with Live Comments Ruy Lopez Chigorin vs GM Goldmund GM Alex Rustemov with Black
Z-_P6a0Ni74 Blitz Chess #2670 Live Comments Modern Defence vs GM DrLectur G Grigorov White Opening Challenge Wee
Z-wds6PMlRk Blitz Chess #1966 with Live Comments Modern Defence Hippo vs FrankeD with Black
Z1-cfaTSlvo Blitz Chess #2729 Live Comments Vienna Game vs IM B Lepelletier White Offbeat Week
Z1uCufX8L6I 15 Min Chess #110 with Live Comments Double Fianchetto
Z2bNygAtfwI Blitz Chess #3393 vs FM Ercoleiaccone Grunfeld Black
Z3LqFANFzrU Blitz Chess #4888 vs Wisla QGA Black
Z4WBEPNOR8E Calculation and Tactics #020 Lichess Tactics Trainer
Z4Xdqoq5D1o Blitz Chess #1085 with Live Comments Skandinavian Defence
Z4rr6k7m4hU Repertoire for 1 d4   Part 13 1 d4 e6
Z6ZUmcpElC4 Candidates 2014 Round 5 Karjakin vs Mamedyarov Sicilian Moscow Variation
Z7e7LdNo0io Blitz Chess #2913 with Live Comments English Opening vs IM Dromedar Jesper Hall with White
Z7mCDR9kVvQ Blitz Chess #2736 with Live Comments Vienna Game vs GM MareAnguis with Black
Z8IGJC6UFw0 Blitz Chess #2908 with Live Comments Grob Opening vs IM ural A Reprintsev with Black
Z8me5_cWJL8 Blitz Chess #4446 vs EpicEffects Kings Indian Petrosian White
Z8zKm3iAkvg Blitz Chess #3354 vs NotLarsen Ruy Lopez Exchange Black
Z9KHNPpZxEg Blitz Chess #813 with Live Comments Caro Kann Karpov Smyslov Variation
Z9weHKB3OnA Blitz Chess #1319 with Live Comments Queen Pawn
ZAimSAaWQio Blitz Chess #178 with Live Comments Kings Indian Attack
ZAxyu83q5O0 Blitz Chess #4378 vs wjw Benoni White
ZBQDcXW5jx8 Blitz Chess #4527 vs Srbislav Four Knights Black
ZCkoophcR1M Blitz Chess #4662 vs masoud1351j Scotch Four Knights White
ZD-IU2H2UdU Blitz Chess #1796 with Live Comments Kings Indian Makagonov vs pogoboynr with Black
ZD96TbloTng Blitz Chess #2147 with Live Comments Nimzo Indian Classical vs MarzipanCat with White
ZFN3tzx6P10 Blitz Chess #4107 vs spiderstepnose Modern Defence White
ZGBRCRUEdoM Blitz Chess #325 with Live Comments Bogo Indian
ZGLj4uSmAj0 Blitz Chess #1888 with Live Comments Nimzo Indian Rubinstein vs coolit with White
ZHxbP4kwfIo Blitz Chess #1243 with Live Comments Kings Indian Averbakh
ZIP0J0NHqrI Blitz Chess #3561 vs JustKid Kings Indian Makogonov White
ZImLZ-rGIGE Blitz Chess #4674 vs FM lauts Kings Indian White
ZIo2N1uvX78 Biel Round 5 Recap with Hikaru Nakamura vs. Etienne Bacrot King's Indian Petrosian
ZIs2i63fWx8 Blitz Chess #907 with Live Comments Philidor Defence
ZJXsZKvxIgc Blitz Chess #882 with Live Comments Grunfeld Exchange Main Line
ZJn9VJIydbI Blitz Chess #2992 with Live Comments Sicilian Sozin vs IM A Petelin with Black
ZJxqmwNn17E Blitz Chess #1430 with Live Comments Kings Gambit vs FM Czentovic FM Bjornsson
ZLUbcmCw7Uk 3 Min Session on the Internet Chess Club (ICC)
ZOHMC0Wfuzw Blitz Chess #1219 with Live Comments Dutch Defence
ZPVyPZfoB7k Blitz Chess #120 with Live Comments - English Opening Symmetrical
ZPjo88VBSoA Blitz Chess #4377 vs IM leon28 R Mendoza Sicilian Rossolimo Black
ZQPULeZ0mwE Blitz Chess #581 with Live Comments Slav Defence
ZR0Eyccqg9Q Blitz Chess #36 with Live Comments - Modern Defence 1 d4 g6 (b win)
ZRKaSrTR7bY Blitz Chess #2852 with Live Comments Kings Indian Attack vs Fritzka with Black
ZRNntQliE6U Blitz Chess #3365 vs AkabaInTheHouse Italian Game Black
ZRQFSveOqqE Livestream on the ICC Oct 31 2016
ZSDv_hGdrBo Blitz Schach #131 mit Livekommentar.avi
ZScmtgVffXE Blitz Chess #1674 with Live Comments Grunfeld 5 h4 vs IM Fantozzi Igor Teplyi with White
ZSuhIhzx2Lc Blitz Chess #3833 vs DementedMonkey Queens Pawn Black
ZTlrZ05_VHU Blitz Chess #4228 vs IM Lightlike M Zumsande Sicilian Alapin Black
ZUDjO2KXtWY Blitz Chess #1515 with Live Comments Bogo Indian vs mikolka1985 GM Maiorov
ZUV8iRZ9MzE Blitz Chess #1618 with Live Comments Kings Indian Makagonov vs JammyDodger with White
ZVWxY6tmsFk Blitz Chess #4233 vs IM IndianKing V Saravanan English Opening White
ZX_DEDHX9L4 Blitz Chess #3899 vs GM Mamosta K Haznedaroglu English Opening White
ZXqJymxXpO8 Blitz Chess #4488 vs SerkanMaster Scotch Black
ZY-A9jd4G6Y Blitz Chess #3873 vs Girome Sicilian Rossolimo White
ZYHV20LsjZU Blitz Chess #1546 with Live Comments Slav Defence vs lotus eater anonymous IM
ZZTaLkWXGQA Blitz Chess #3102 with Live Comments Four Knights Reversed Halloween vs Michael Player with Black
Z_a5cNbzR1g Gashimov Memorial Round 1 Recap with Magnus Carlsen vs  Shakryiar Mamedyarov Queens Gambit Cambridge
ZaUmT28pYBo Blitz Chess #2569 with Live Comments Grunfeld Fianchetto vs guldporse with White
ZbyrbUUgHqg Blitz Chess #245 with Live Comments Fajarowicz Gambit
ZdOZMEEhoB0 World Championship Candidates Moscow 2016 Round 5 Recap
ZdaR1DW2TEE Blitz Chess #641 with Live Comments Caro Kann Bronstein Larsen
ZdiBNy2fnrk Blitz Chess #1777 with Live Comments Scotch Game vs ZeDaCana with Black
ZeAyeTo5gG0 Blitz Chess #510 with Live Comments Caro Kann Exchange
ZeBk_S5IBiM London Chess Classics:  Carlsen-Polgar English Symmetrical
Zetn6YGj_b4 Blitz Chess #4723 vs dors English Symmetrical Black
ZgKZWAotiSQ Blitz Chess #2679 with Live Comments Slav Defence vs FatAndMad with White
ZgmNCTw4kG4 Blitz Chess #4915 vs verdik Maroczy Bind White
ZiEzym7DHMM Blitz Chess #2855 with Live Comments Nimzo Indian Classical vs Anima with Black
ZiV3X8CVcfs Blitz Chess #1477 with Live Comments Queens Gambit Chigorin vs oj3
ZjsZBSyrpLk Blitz Chess #1519 with Live Comments Kings Indian Makagonov vs Westphalia
ZjyJbWIg1fo Blitz Chess #1805 with Live Comments Queens Indian vs R Uebezahl with Black
ZkjM8w2EAbw Blitz Chess #912 with Live Comments Keres Defence
ZlDoLk3plPE Blitz Chess #723 with Live Comments Sicilian Moscow
ZlFMkHhApxk Blitz Chess #4062 vs IM Harmony 1957 Sicilian Taimanov White
ZlPJxcsHxvM Different time for Chess24 Banter on Aug 15 at 5 PM CET
ZlQcBxPm27g Blitz Chess #2376 with Live Comments Queens Gambit Declined vs Larssov with White
ZmvxnOI6xUg Blitz Chess #833 with Live Comments Kings Indian Makagonov 6 h3
Znxt1cYr9zw Blitz Chess #1504 with Live Comments Kings Indian Classical vs Hisoka44
ZoXRNIRiNZM Blitz Chess #4684 vs tillubombay Petroff Black
ZpBJ1AWXhhI Blitz Schach #150 mit Livekommentar.avi
ZpGRZvHVMDE Blitz Chess #4939 vs martin 1000MG Semi Slav Triangle White
ZqH9epRyi_c Blitz Chess #209 with Live Comments King's Gambit
Zr_IIri_ULY Blitz Chess #1401 with Live Comments Ruy Lopez Exchange
ZrvBaYRPmJ0 Blitz Chess #519 with Live Comments Sicilian
Zu_ZWI8y_ko Blitz Chess #2159 with Live Comments Reti Opening vs stolencandy13 with White
Zure9TkXL-4 Blitz Chess #4658 vs karpovcarlsen61 Sicilian Smith Morra Black
ZvDLJNHeOuQ Monday Night Liveshow Feb 19
ZwGniasQk8w Blitz Chess #1872 with Live Comments Kings Gambit Adelaide vs IM ural Alex Reprintsev with Black
ZwMRZuEDeB4 Blitz Chess #265 with Live Comments Caro Kann Panov
ZwrDtdTsQEw Blitz Chess #2048 with Live Comments Queens Gambit Declined vs LMLLM with Black
Zx1eDC7AGik Blitz Chess #4816 vs foreveryoung1988 Philidor Defence White
ZxU5p6CO_qw Blitz Chess #4862 vs alivdi Slav Noteboom Black
Zyx2jqfAZnY Blitz Chess #758 with Live Comments Kings Indian Saemisch Benoni
ZzK4EkduaSg Blitz Chess #1648 with Live Comments Sicilian Kupreichik Variation vs Ashibarai with Black
Zzqp-YvTkUU Blitz Chess #1698 with Live Comments Kings Indian Classical vs GM Zuckertort with Black
_-lMvDjDEqo Blitz Chess #3945 vs PatzaiKhan Benko Gambit Black
_0hFZIs73c8 Blitz Chess #2215 with Live Comments Torre Attack vs GM Krup Y Kruppa with Black
_0rocZuWrtY Blitz Chess #575 with Live Comments Nimzo Rubinstein Reshevsky Variation
_1oL7Jj45BQ Blitz Chess #1766 with Live Comments Benoni vs GM Yardbird Eric Lobron with White
_2PamZiNMgo Blitz Chess #2160 with Live Comments Nimzo Indian Classical vs GM Ricardi with White
_2uvmFvfJIU Rapid Game 10+10 vs  TheGoodKnight Dual Commentary
_3kfz13EIp4 Blitz Chess #1681 with Live Comments Queens Gambit Declined vs pointdujour with White
_3vc0tCSoqc Blitz Chess #3342 vs IM Noghay R Bigaliev Slav Defence White
_4EulE7M8Ps Stay at home and enjoy Chess #3
_4uLoKLWEZM Blitz Chess #217 with Live Comments English Opening c4 e5
_4xDjwrSU6g Blitz Chess #571 with Live Comments Caro Kann Bronstein Larsen
_5Eh4D_zm1U Candidates 2014 Round 4 Mamedyarov vs Andreikin Slav Chebanenko Meran Hybrid
_5buc95pDEw Blitz Chess #3647 vs GM Agokoy Queen Pawn London Black
_6CkYA61lk8 Blitz Chess #2716 Live Comments Clarendon Court vs GM UzbekTiger T Vakhidov Black Offbeat Week
_71cCe7t9GI World Championship Candidates Moscow 2016 Round 1 Recap
_7hfA3sBODk Blitz Chess #2748 with Live Comments Queens Pawn Torre vs KS with White
_9NruhCeCq8 Blitz Schach #120 mit Livekommentar.avi
_9YRcQWgz1A Blitz Chess #3404 vs DroolingBaby Queens Pawn White
_A45S1MW-uA Blitz Chess #1053 with Live Comments English Defence
_AEdSE85aHk Biel Round 9 Recap with Etienne Bacrot vs Hikaru Nakamura Semi Slav Anti Meran 6 Qc2
_BltJzLlyf4 Blitz Chess #2401 with Live Comments Nimzo Indian Classical vs IM neverend J Moreno Ruiz with Black
_C1Cl7UWWhw Blitz Chess #3774 vs IM trolbets Benko Gambit Black
_DTuJPDK22Q Nimzo Ragozin for Black - The Catalan Preview
_Dmv94tczec Blitz Chess #3650 vs IM Serlock N Kalesis Nimzo Indian Classical Black
_FvkswXQ87k Blitz Chess #1120 with Live Comments Nimzo Indian Sämisch
_GaLoIzXV-U Dual Commentary Rapid game vs. btr73186 aka TheGoodKnight - Queen's Indian Petrosian System
_GhvEOwK3Mc Blitz Chess #4436 vs Uitvreter English Opening Black
_Gi64pBwxSU Blitz Chess #2018 with Live Comments Slav Defence vs ananin with White
_H9fQLjC4Dw Blitz Chess #936 with Live Comments English Symmetrical
_Hp8NmsSyqU Blitz Chess #4401 vs Hourglass Alekhine Black
_IUbQj31Wm4 ICC Livestream August 07
_I_y2F-Q6cU Blitz Chess #2428 with Live Comments Queens Indian vs Yardbird E Lobron with White
_K0CFx0Ddvo Blitz Chess #765 with Live Comments French Winawer
_KAJCpoun7Y Blitz Chess #216 with Live Comments Stonewall Attack
_KBBQ1L62cM Blitz Chess #1639 with Live Comments Bogo Indian vs FM Joejan with Black
_KGUTEO3RvU Streaming on Lichess.org Jan 18
_Kiln-CfG2U Blitz Chess #525 with Live Comments Queens Pawn
_L9PEgu0JHg Review of: \
_LJSQJz_VcY Candidates 2014 Round 9 Mamedyarov vs Aronian Nimzo Indian 4 f3
_LQlAdTuFqg Blitz Chess #3065 with Live Comments Grunfeld vs hestehov8591 with Black
_NDqraksOMQ Blitz Chess #2421 with Live Comments Ruy Lopez vs Fritzka with Black
_PvxjQFhZ-Q Blitz Chess #3195 with Live Comments Bogo Indian vs Ezdanitoff with Black
_RWFO5ysUSg Blitz Chess #4796 vs Wadaskathabodrabhoma Orang Utan Black
_S81JPgsVwQ Blitz Chess #3100 with Live Comments Reti Opening vs IM VanImpe C Troyke with Black
_SUL93q_N1s Blitz Chess #625 with Live Comments Queens Pawn
_TTFh3OmaKU Blitz Chess #1830 with Live Comments Slav Defence vs MaxPower with White
_Tfw4eZK9dY Blitz Chess #4537 vs kbmc Sicilian O'Kelly White
_UeoPh7CmYE First Opening Challenge Week Completed (almost...)
_Vtm_xzTsgk Reddit Opening Week 03 2016 Black vs 1 b3 Larsen Nimzovich
_WKEI88TBtw Blitz Chess #4042 vs FM Drahacik French Defence White
_X2P1ByZ234 Blitz Chess #3455 vs IM SibTeam Nimzo Indian Classical White
_XXRlGXENZk Blitz Chess #2515 with Live Comments Dutch Defence vs GM Psycho Cowboy Simon Williams with White
_YARzPWgDSQ Fight the London System with Black Pt 3 - ...Nf6 e6 Setups (Nimzo, Queens Indian)
_Z4Kh-NzXj8 Blitz Chess #591 with Live Comments Sicilian Najdorf
_aXUFgT8Jug Blitz Chess #3083 with Live Comments Nimzo Indian Saemisch vs WWeston with White
_ahnZbYtQBo Blitz Chess #3366 vs IM Isokol I Sokolin Old Indian White
_apExJ6ElFI Blitz Chess #2414 with Live Comments Two Knights Defence vs capalingling with Black
_ar6dTGZR7c Blitz Chess #2825 with Live Comments Queens Gambit Declined vs FM bobball with Black
_bGqeNulGDs Nimzo Ragozin for Black - Against 1.d4 deviations Preview
_d70gLiCiwE Blitz Chess #4111 vs debomatarte English Opening White
_dMv1_SWWII Twitch Livestream Oct 06 2015 on Lichess org
_dc71-RHgvk Blitz Chess #3575 vs gbray Benko Gambit White
_el4QcERoUM Blitz Chess #3349 vs IM VoxDei B Maryasin Kings Indian Makagonov White
_fHfrD_DkXQ Blitz Chess #3020 with Live Comments Modern Defence vs Aspendos with White
_fPWOp5REb8 ICC Rating Pools Explained or \
_glFkVOuQVI 25 10 Rapid Chess #217 with Live Comments Sicilian Alapin with Black
_hIUymH8qB0 Blitz Chess #119 with Live Comments - French Tarrasch
_i4FyHMg32M Blitz Chess #4056 vs DexterMorgan Siclian Alapin Black
_iPqyD-qW5I Blitz Chess #633 with Live Comments French Hecht Reefschlaeger
_lGXtBiaTEY Blitz Chess #2793 with Live Comments English Opening vs JohnDenver with Black
_lI7ypvtZUY Blitz Chess #4666 vs enavaro Double Fianchetto White
_lciWVHdaFY Blitz Chess #743 with Live Comments Queens Gambit Ragozin
_lgASBoG6is Blitz Chess #3280 with Live Comments Blumenfeld Gambit vs Woodpusher2010 with Black
_lxUYG2hXjA Blitz Chess #2284 with Live Comments Sicilian vs Bacrot1 with Black
_mIZLEwZBGY Blitz Chess #4154 vs maradona Kings Indian Petrosian White
_n-rY191_Xo Blitz Chess #1246 with Live Comments Queens Pawn Torre
_n5DafUoLHU Blitz Chess #2224 with Live Comments Nimzo Indian Saemisch vs cryptochess with White
_nD6dX8rHVo World Chess Championship London Candidates Tournament 2013 Round 10 Recap with Guest FM J.Kaufeld
_nQePKTZG_c Blitz Chess #2643 with Live Comments Modern Defence Hippo vs CosmicPulse with Black
_nZ_HhtWy14 Blitz Chess #4685 vs kbmc Sicilian Alapin White
_n_pE4NGAPs Book Review Judit Polgar teaches Chess 1 - How I beat Fischers Record
_nk4IlImryU Blitz Chess #3175 with Live Comments Nimzo Indian Kasparov vs GM MegaZZ Zong Yuan Zhao with Black
_npRlLXZcv0 Blitz Chess #729 with Live Comments Ponziani Opening
_nunpNwIx70 Blitz Chess #4472 vs GM Suat Atalik Reversed Grunfeld White
_oERiRnW1iM Blitz Chess #3059 with Live Comments Ruy Lopez vs SMETA08 with Black
_oQTewC-Cio Blitz Schach #111 mit Livekommentar.avi
_oR2A99PwTk Blitz Chess #138 with Live Comments - French Tarrasch
_ooakZCDtSc Blitz Chess #4330 vs Matteo02 Sicilian Rossolimo Black
_p6IPAiXF7c Blitz Chess #2024 with Live Comments Kings Indian Classical vs JohandeBakker with White
_qB07NmNf1Q Blitz Chess #229 with Live Comments Caro Kann Panov
_qULlHFloCQ Tata Steel 2014 Round 9 Recap
_qd3GJT9CNc Blitz Chess #868 with Live Comments English Opening
_s4BxyDvPgs Blitz Chess #1092 with Live Comments Caro Kann Burmakin Variation
_seuuVozG2Q Blitz Chess #2940 with Live Comments Ruy Lopez vs wbri with Black
_swqowgYRxQ Blitz Chess #3654 vs IM Stefanov Old Indian White
_uJL1CPttlo Blitz Chess #2442 with Live Comments Slav Defence vs IM Alvaralonso Rosell with White
_uSk408lz-Y Blitz Chess #1989 with Live Comments Irregular Opening vs DexterMorgan with White
_ujZdTE2fcs Blitz Chess #945 with Live Comments Ruy Lopez Exchange
_vOS7wkpP9o Blitz Chess #1036 with Live Comments French Advance
_vV3qjH-Htc Blitz Chess #04 with Live Comments - Sicilian Kalashnikov (b win)
_voZ07Adx0k Fight 1 e4 like Caruana    Preview Ch 8
_w7ul_aDce0 Blitz Chess #1632 with Live Comments English Opening vs PITCHUS with Black
_wGodeifofI Blitz Schach #64 mit Livekommentar
_wP9qyKQk5g Blitz Chess #3584 vs sekere Queens Gambit Ragozin
_waSP0nvhAE Blitz Chess #3565 vs GreyWarden Kings Indian Makogonov White
_wh5MspHH8A Fight the London System with Black Pt 2 - ...Nf6,g6 Setups (Kings Indian, Grunfeld)
_xTToCJV3zs Blitz Chess #4948 vs Training Day Sicilian Alapin Black
_xYYsrks2f0 Blitz Chess #4301 vs NM Fizz Nimzo Indian Rubinstein White
_xr1yyh40Uo Blitz Chess #2206 with Live Comments Double Fianchetto vs VenegasO with Black
_yRtUAdQxq8 Blitz Match #2 vs Computer4Impossible on Chess.com
_z4owG8_MTI Blitz Chess #3227 with Live Comments Kings Indian Petrosian vs GM Sibelephant V Artemiev with Black
_zLMCNQgQC0 ICC 5min Blitz Schach mit Livekommentar #25
_znaGrirab8 Blitz Chess #2587 with Live Comments Slav Defence vs IM W Sarwat with White
a-8IJ_MN02w Blitz Chess #352 with Live Comments Semi Slav
a08eE6snUIg Blitz Chess #2340 with Live Comments Nimzo Indian Classical vs IM StepbyStep with Black
a2b22pMzVQM Blitz Chess #663 with Live Comments Modern Defence
a2rXnMVNx7I Chess Endgames #002 - Rook Endgames - always look for counterplay!
a4Isv-7DDVc Blitz Chess #3112 with Live Comments English Opening vs IM Branimir Maksimovic with Black
a4QL4TseeJE Blitz Chess #3935 vs arseutut Ruy Lopez Breyer Black
a4cHnQ-Tr2M Blitz Chess #2922 with Live Comments Queens Gambit Declined vs mbachez90 with Black
a75UD8RGEhc Blitz Chess #1585 with Live Comments Modern Defence vs IM Checharov with White
a7J9CFKuuaw Blitz Chess #2603 with Live Comments Slav Defence vs Havank with White
a7e43jsIJwI World Championship 2016 Game 9 Karjakin vs Carlsen
a7ugmdFaaUg Blitz Chess #3719 vs IM rainmaker O Sepp Reti Opening Black
a87ccUTi-rE Your games reviewed #002  Attack on the uncastled King 1400 vs 1400
a8OCAn3YzD8 Blitz Chess #2355 with Live Comments Kings Indian vs GM MegaZZ Z Zhao with Black
a94rKvZDK0w Daily Blitz Arena
aADlpTuklE4 Blitz Chess #3982 vs GM AttackGM J Hodgson Modern Defence White
aASMz77XhQw 25 10 Rapid Chess #211 with Live Comments Queens Gambit Declined with Black
aAlQSseaKzI Blitz Chess #2493 with Live Comments Queens Indian vs GM Taktikus Z Medvegy with White
aB6R4v3zMis Tata Steel 2017 Highlights Round 4
aC7j4Si-Q1k Blitz Chess #4471 vs IM Joorge Larsen 1 b3 Black
aCfz9chs_Vg Blitz Chess #367 with Live Comments Chebanenko Slav
aCyM9XxD9oQ Blitz Chess #1012 with Live Comments Caro Kann 2 c4 Pseudo Panov
aDYiJwMWa1A Candidates 2014 Round 8 Kramnik vs Andreikin Slav Chebanenko
aE_DtI2x87A Blitz Chess #3322 with Live Comments Kings Indian Makagonov vs hestehov8591 with White
aFqr5GYBdvY Blitz Chess #2902 with Live Comments Bogo Indian vs GM Kenstar K Salomon with Black
aHOc0aT2rj4 Blitz Chess #4716 vs LeFisk Petroff Black
aHpVSI3jzlc Blitz Chess #434 with Live Comments Sicilian Najdorf English Attack
aHtFZEMITU8 Blitz Chess #1441 with Live Comments Kings Indian Makagonov vs Babloo GM Sasikiran Elo 2669
aIAm_7RtdQ8 Blitz Chess #4344 vs Brooklyn2003 Sicilian Rossolimo Black
aIPj3hmP8IE Blitz Chess #2288 with Live Comments Torre Attack vs IM Drk D Kopec with Black
aIPlQ_0JFZ8 Blitz Chess #1116 with Live Comments Ruy Lopez Berlin
aJAzbPEfiUw Blitz Chess #1791 with Live Comments Closed Sicilian vs DONK with Black
aK8K3hn9Kos Black Repertoire 1 e4 e5 Part 8 Scotch Four Knights
aLQAHqils_0 Blitz Chess #2374 with Live Comments Kings Indian Classical vs HematiteBrown with White
aOS7DuW6_ZA Blitz Chess #3088 with Live Comments English Defehce vs ravan with Black
aPzg9svhaTA Nimzo Ragozin for Black - Nimzo 4.Qc2 Preview
aRSRVDF1w-c Back in Black
aSDH1IjMl4Q Blitz Chess #1718 with Live Comments Kings Indian Averbakh vs IM MichaelH Michael Hennigan with Whit
aSLEc4yEih8 15 Min Chess #47 vs. IM Richard Jones - Caro Kann Bronstein Larsen
aSeyhRNS1ic Chesscube - Warzone Final 2013-04-23
aSmkwJsuXiU Blitz Chess #1859 with Live Comments Slav Exchange vs valmafias88 with Black
aSn22Muwuu4 Candidates 2014 Round 2 Aronian vs Mamedyarov Queens Gambit Ragozin
aTIgrT8sYyA Chessexplained Livestream Dec 15 2014
aTZbwcIBEcc 15 Min Chess #71 with Live Comments Caro Kann
aUCgVAb56IU Biel Round 10 Recap with Wang Hao vs. Anish Giri - Grunfeld Russian Variation
aVi27qEWGXI Blitz Chess #2214 with Live Comments Modern Defence vs Silvo with Black
aX3xNzRH2B8 Blitz Chess #3938 vs dimICC Sicilian Sveshnikov White
aXk9OtnL1jQ Nimzo Ragozin for Black - Nimzo 4.a3 and 4.f3 Preview
aYDeLmf6aNA Blitz Chess #2903 with Live Comments Queens Indian vs Gibbonstail with White
a_MZ8Q9pwTI Blitz Chess #4470 vs veteranrus Dutch Leningrad White
a_wkvrwcHus Blitz Chess #4837 vs MaximZMS Closed Catalan White
aa9gm7BRRMM Blitz Chess #1540 with Live Comments Nimzo Indian Saemisch vs ercoleiaccone
ab6nNSVTx9Q Blitz Chess #4077 vs IM trolbets English Opening White
acAgkPl9aJ0 Blitz Chess #1210 with Live Comments Sicilian Hyper Accelerated Dragon
adKNbSNNzD0 Blitz Chess #411 with Live Comments Caro Kann Bronstein Larsen
afnI8pI5SqI Blitz Chess #2385 with Live Comments English Opening vs IM Cassoulet J Doererassou with White
agoIgKMfVMM Blitz Chess #653 with Live Comments Sicilian Rauzer
ahXvpNV6jNo Blitz Chess #4711 vs LeFisk English Opening White
ahrLyW26TL4 Blitz Chess #2660 Live Comments Ponziani Opening vs GM Magerramov White Opening Challenge Week
aiA6Cf5bEZ0 Blitz Chess #4147 vs FM dwg6 D Walker Larsen Opening Black
aj7VITEGxy8 Blitz Chess #1342 with Live Comments Nimzo Indian 4 f3
ajdD94z6vcU Blitz Chess #2235 with Live Comments Nimzo Indian Saemisch vs SwagnusCarlsen with White
ajrR6xZnpJc Blitz Chess #1750 with Live Comments Reti Opening vs walter with White
akzab4gtvOA World Championship Game 3  Anand vs Gelfand
al1FPoUj5M0 Blitz Chess #3403 vs GM Farinata Sicilian Rossolimo White
alWtC943OnA Blitz Chess #3586 vs Chuchundra Queens Gambit Declined White
alhISk9neNI Blitz Chess #2186 with Live Comments Nimzo Indian Zurich vs Supercheese7 with Black
amP9xt_O9zM Live for ICC Simul Nov 21
amwZbo-zyeU Blitz Chess #4481 vs blackheartb Reti Opening White
annm5WqYn9s Blitz Chess #3002 with Live Comments Grunfeld vs IM StepbyStep with White
aoRCapDX9kU Blitz Chess #3701 vs rmb0611 Four Knights Black
apJ-Ba0WqvE Blitz Chess #1716 with Live Comments Bird Opening vs Marita with Black
apMM0VXDzxo Blitz Chess #4122 vs IM PrincePanic Sicilian Black
apSyf1ocYTk Blitz Chess #961 with Live Comments Sicilian Rossolimo
apiPL5gm6lw Blitz Chess #72 with Live Comments - Sicilian (b)
aq6Oq3rbekE Blitz Chess #4206 vs jeffpk11 Sicilian Dragon Black
aq9spckTy80 Blitz Chess #4156 vs IM Antiduck A Brown Danish Gambit Black
asAVuluyZEc Blitz Chess #3559 vs IM SurferRosa O Kobo Ruy Lopez Black
asHUv_J2KRs Blitz Chess #505 with Live Comments Caro Kann
asuZaZuDOPg Blitz Chess #2757 with Live Comments English Symmetrical vs GM DrainYou S B Hansen with White
at34B0T7XnE Blitz Chess #587 with Live Comments Trompowsky
atLsaSWNUwY Blitz Chess #3271 with Live Comments Sicilian Dragon vs tapialov with White
atT4mwszrfA Blitz Chess #2900 with Live Comments Queens Pawn vs IM rainmaker O Sepp with Black
au4uRhHPS24 Blitz Chess #400 with Live Comments French Defence
au9XEoeI63o Blitz Chess #459 with Live Comments English Symmetrical
au_HFSKflZM Candidates 2014 Round 9 Highlights
avvQWompauw Blitz Chess #4615 vs Tsiehta Petroff Black
awC-rppN25w Dual Commentary 15 min Games vs. TheGoodKnight - Tango and Old Indian Defense
awGK1MfFhxU Blitz Chess #2557 with Live Comments Neo Philidor vs GM Doccy Dr John Nunn with Black
ay84BC2Qvr8 Blitz Chess #4804 vs phiba Grunfeld Black
b-mdFmf9nGs Blitz Chess #4917 vs fsm666fsm Queen Pawn Pseudo Benko Black
b-wRTtUoMnI Blitz Chess #4015 vs GM Glamurius I Kovalenko French Tarrasch White
b0Hj9VFHRqs Blitz Chess #3465 vs IM LordJim J Bosch Queens Gambit Ragozin White
b0NAtiiirKc Blitz Chess #3991 vs GM Kastor R Schroeder Ruy Lopez Chigorin Black
b1delllWLaU Blitz Chess #285 with Live Comments Larsen Opening
b28G_wzTpGw Blitz Chess #1253 with Live Comments Kings Indian Makagonov
b2lAxKvwrjo Blitz Chess #2798 with Live Comments Modern Defence vs GM Yuka D Hausrath with Black
b3TDNkTKcHo Blitz Chess #3316 with Live Comments Slav Defence vs IM Kirlian C d'Amore with White
b49MNPCFhro Blitz Chess #4350 vs IM PrincePanic W Hendricks Tromp Black
b4GBX67S4Fk Blitz Chess #251 with Live Comments Scilian Sveshnikov
b4LVhf8YS9k Blitz Chess #2575 with Live Comments Ruy Lopez Breyer vs Urosh with Black
b4fvNV1nB0Y Blitz Chess #203 with Live Comments Sicilian Alapin 3 c3
b5JRm65VIl8 Blitz Chess #3043 with Live Comments Slav Chebanenko vs catfight with White
b5fR3YmndO0 Blitz Chess #3162 with Live Comments English Opening vs GM Taktikus Z Medvegy with Black
b6csyIYPt3w Blitz Chess #4219 vs SNOEBE Kings Indian Petrosian White
b7Xd1zk9poo Blitz Chess #2823 with Live Comments Vienna Game vs Softis with Black
b7aDopMbaZU Blitz Chess #1109 with Live Comments Kings Gambit
b7tH8xCuWz8 Blitz Chess #4164 vs VincentVega Benoni Black
b85LVxRd_Qw Blitz Chess #2437 with Live Comments Caro Kann vs GM Yardbird E Lobron with White
b9AffAwuryA Blitz Chess #3061 with Live Comments English Opening vs GM MareAguis with Black
b9EbcHsVe2E Blitz Chess #4026 vs jasrom French White
b9SgkCD2BKs Blitz Chess #3255 with Live Comments Nimzo Indian Classical vs justoneguitar with White
bA8aSAtSPjU Blitz Chess #1524 with Live Comments Larsen Opening 1 b3 vs fdrive anonymous IM
bANLte8su_g Live stream today one hour earlier European time
bBUajqQB-uc Blitz Chess #1731 with Live Comments Queen Pawn London vs ADELMO with Black
bCpNYhruhMk Blitz Chess #1494 with Live Comments Kings Indian Classical Bayonet vs atactico
bCpsCzSwU1w Blitz Chess #994 with Live Comments Sicilian Najdorf
bD8yczq2Djg World Chess Championship London Candidates Tournament 2013 Round 8 Recap
bDrjGH7_r9s Blitz Chess #3553 vs jokeface Durch Defence White
bDwD05VMw38 Blitz Chess #4023 vs Tuborg Benko Gambit Black
bE24yi5qe3w Blitz Chess #4736 vs forgottenprophecy Vienna Game Black
bE2b7076NtI Tea Session with Chessexplained #8
bELXKy_Stx4 Gashimov Memorial Round 2 Recap with Magnus Carlsen vs  Hikaru Nakamura Slav Defence
bEcWOwecoxY Blitz Chess #3500 vs IM abeautifulmind R Loetscher English Symmetrical Black
bFZ_toPe_f4 Blitz Chess #2461 with Live Comments Queens Gambit Declined vs HarnFer13 with White
bGk6NKPRTMA Blitz Chess #3828 vs IM Olegas O Krivosonov English Opening Black
bHSmS0RARDY Blitz Chess #517 with Live Comments Caro Kann Advance
bILU3fAsN0g Blitz Chess #2610 with Live Comments Slav Defence vs Puranjay with White
bIi0_HfmcYY ICC Livestream August 15
bIrA3uCma68 Blitz Chess #2121 with Live Comments Modern Defence vs Mozgokliuj with Black
bK7T0w7wxu8 Blitz Chess #2256 with Live Comments Ruy Lopez Breyer vs FM wolwerine with Black
bKi383rh8Cc Blitz Chess #4163 vs IM fonsofan A Zaro Ruy Lopez Exchange Black
bKklx1GNKUs Blitz Chess #627 with Live Comments Kings Indian Makagonov  6 h3
bKyUcwpYfEE Key games from my tournament victory in Latschach/Austria
bLVwUVYyRfU Xmas Livestream Dec 25 Simul Part 2
bMndY3kCghc Book Review: Shanklands Small Steps -  currently on Sale
bN3ghmFNi4w Blitz Chess #2007 with Live Comments Ruy Lopez vs GM CoolWizard Dimitry Jakovenko with Black
bPFZ-Q49Sr4 Blitz Chess #1873 with Live Comments Sicilian Alapin vs spirob with Black
bPbm5uq4zXg Blitz Chess #3484 vs IM AGF Dutch Stonewall White
bPiog3BytFk Blitz Chess #4695 vs Hugh Jass Sicilian Rossolimo Black
bPsUY4ffs2s ICC Livestream May 29
bQ-BqE9nQEQ Blitz Chess #1520 with Live Comments Kings Indian Averbakh vs htjdot10
bQBREUOz_yg Blitz Chess #4595 vs FaultyBagnose Queen Pawn Tromp Black
bTzChgE8K4A Blitz Chess #3127 with Live Comments Kings Indian vs GM Z Integrator with White
bUDtHr4mTfk Tata Steel 2016 Round 2 Recap
bUF_OXOPDy0 Blitz Chess #3190 with Live Comments English Hedgehog vs TheKnyght with White
bUjzmpkgA70 Blitz Chess #1988 with Live Comments Nimzo Indian vs IM SmallStardo with White
bX2AvwHrYag Candidates 2014 Round 2 Kramnik vs Karjakin Queens Gambit Accepted
bXQRl2kUviY Blitz Chess #4628 vs tojevtip Bogo Indian Black
bXXVs8IZipc Blitz Chess #4751 vs Pr7 96 Queen Pawn Colle Black
bXfgzuRApEs Blitz Chess #41 with Live Comments - Slav Exchange vs IM (w loss)
bY97XOoua6Q Blitz Schach #169 mit Livekommentar.avi
bYHSvLlSGzw Blitz Chess #3760 vs ToiletSeat71 Italian Game Black
bZ0tJwuElnk A new rapid format for the channel
bZLg9CHSAFg OTB Tournament Game - IM Sielecki vs IM Miedema Queens Gambit Tarrasch
bZdEMWZoXDM Blitz Chess #1173 with Live Comments Nimzo Indian
bZyGtVBhvfI Gashimov Memorial 2015 Round 2 Recap
b_2PESkJLhg Blitz Chess #964 with Live Comments Sicilian 2 f4
b_T7T92tXJY 15 Min Chess #63 with Live Comments Siclian Kan
bbHyOA3n898 Blitz Chess #2722 Live Comments Modern Defence vs FM AsaGladiator A Hoffman White Offbeat Week
bbZiFBRITv0 Blitz Chess #3440 vs FM ALIAS R Zhenetl Old Indian White
bblGlXy4Pv8 Blitz Chess #884 with Live Comments Benko Opening 1 g3
bdEcrtXxtos Blitz Chess #612 with Live Comments Bogo Indian
bfvJyCN2_fs 15 Min Chess #53 - Alekhine Defence
bfz9Xe73ats Blitz Chess #3855 vs shebab2007 Siclian Najdorf White
bgEmukWRbug Blitz Chess #3244 with Live Comments Catalan vs IM Olegas O Krivonosov with Black
bgknla-RjAY Blitz Chess #1048 with Live Comments Trompowsky Opening
bhXcRLGJNms Blitz Chess #4868 vs CM Blueagle Sicilian Moscow White
biSja-4nHLU Blitz Chess #397 with Live Comments Slav Exchange
bitvSLNqBEw Blitz Chess #2518 with Live Comments Kings Indian vs codysf with White
bj1vtGL_mZA Blitz Chess #1826 with Live Comments Queens Gambit Declined vs ThomasTallis with Black
bju0DwcVO3g Blitz Chess #4600 vs mahendrabisht Italian Game Black
bkSBkJMNVGU Blitz Chess #300 with Live Comments Trompowsky
blINJQw3sPs Blitz Chess #704 with Live Comments Skandinavian
bmlaee0fBCA Blitz Chess #991 with Live Comments Open Sicilian
bna8evli46A Blitz Chess #4134 vs itunfap Queen Pawn London Black
bpOXbq5KRVA Blitz Chess #2822 with Live Comments Sicilian Smith Morra vs lotbec with Black
bpnQbo26DSM Blitz Chess #3469 vs FM ercoleiaccone Grunfeld Black
bpwrQCJxNs4 Blitz Chess #1443 with Live Comments Reti Opening vs Wargasm
bq1hCPl4pUM Blitz Chess #3054 with Live Comments Queens Gambit Triangle vs Waves with White
brC2_RNQAe8 Blitz Chess #1354 with Live Comments Caro Kann Panov vs anonymous IM
bri87lbn4bo Blitz Chess #4293 vs Matteo02 Caro Kann Two Knights White
brrTjRiTE_s Blitz Chess #2234 with Live Comments Catalan Opening vs frederico with White
bs0vYE4VSB4 Middlegame Strategy   Solving Positions Part 1
btS3Oqj7nkQ Blitz Chess #4048 vs IM EirikG E Gullaksen Ruy Lopez Black
buLa7QheSi4 Blitz Chess #1963 with Live Comments Scotch Opening vs IM VanNostrand with Black
buRluJPUSdI Blitz Chess #70 with Live Comments   Queen's Pawn Anti Benko (b win)
bup05pQYlm4 15 Min Chess #58 with Live Comments Kings Indian Classical
bvMnHIKjHTg Blitz Chess #1810 with Live Comments English Double Fianchetto vs IM Sophrosyne Stefan Soors with Wh
bw6u_KJ2Y3s Blitz Chess #4636 vs coco cr Petroff Black
bxYT5BhP174 Blitz Chess #4199 vs IM HyperJao E Paciencia Benko Gambit Black
bx_Me1hNrqU Blitz Chess #3881 vs IM softrain Sicilian Dragon White
bxatmECK0U4 15 Min Chess #116 with Live Comments Modern Benoni Fianchetto
byG-MMXtenY Blitz Chess #1373 with Live Comments Grünfeld Defence vs GM Dvirnyy
bzEDzIc4Hio Blitz Chess #1163 with Live Comments Queens Pawn
bzcnpeCpvwQ 15 Min Chess #185 with Live Comments English Opening
bzt78y9SNsQ Blitz Chess #59 with Live Comments - Nimzo Classical/Capablanca Variation vs IM (b loss)
c0nVTBMQq1w Keep it Simple 1 e4   Celebrate the print book release!
c13Lm2QHZ0c Candidates Coverage delayed
c2vq84bbwWw Blitz Chess #4200 vs zavenc Kings Indian White
c2wr9UczChs Blitz Chess #1287 with Live Comments Benko Gambit
c44IFePAEOA Blitz Chess #4079 vs iende Scotch Game Black
c4OW6MBknfg Blitz Chess #2296 with Live Comments Bogo Indian vs GM Yardbird Eric Lobron with Black
c4mKXZxLvTc 15 Min Rapid Chess #197 with Live Comments Nimzo Indian Rubinstein with Black
c72rixcu9pw Blitz Chess #3731 vs dimICC Scotch Game Black
c76cw-BeVb0 Blitz Chess #1039 with Live Comments Modern Benoni
c8XlMkNkyIo 3 Min Session on ICC, Sep 22 2012
c8vpI3Cnkjg Blitz Chess #3694 vs jbj Queens Indian White
c9bPK5My1k8 Blitz Chess #521 with Live Comments Trompowsky
cAfP0rkgqFU Blitz Chess #1582 with Live Comments French 2 d3 vs TheRocket with Black
cBBTRtFFnsU Rapid Chess #251 vs tavakoli Reti Opening White
cDEFjPRwrl0 Gashimov Memorial Round 10 Recap with Magnus Carlsen vs Fabiano Caruana Queens Pawn Opening
cDsyrmU492o Blitz Chess #4959 vs chmielu5000 English Opening Black
cE8fFpPnVMo Blitz Chess #1576 with Live Comments Kings Indian Exchange vs walter with Black
cFjndJwhUdY Blitz Chess #651 with Live Comments French Tarrasch
cGstEy0rCS0 Gashimov Memorial Round 7 Recap with Hikaru Nakamura vs  Magnus Carlsen Nimzo Indian 4 f3
cH2MBXsmfDE Blitz Chess #2022 with Live Comments Slav Exchange vs IM Christian Toth with White
cHRytGmSqV8 15 Min Chess #42 and 43  with Live Comments - Neo-Philidor and King's Indian Sämisch
cIrJQ_Qg6_I 15 Min Chess #11 with Live Comments - Queens Gambit Declined Exchange
cIzqMbxhrhM Blitz Chess #3496 vs Freedoom Misc Open Games Black
cJk-NejbiHQ Blitz Chess #1469 with Live Comments Kings Indian Makagonov vs StepbyStep unknown IM
cJmPvlZAxvo Fight 1 e4 like Caruana    Preview Ch 3
cJv0ZyDS1as Blitz Chess #3460 vs Whiplash Kings Indian Black
cKEI8DbZb7Q Blitz Chess #1537 with Live Comments Ruy Lopez vs agg69
cLxWtl9qxOY Blitz Chess #2221 with Live Comments Larsen Opening 1b3 vs IM MWeston with Black
cM4C67rGaV8 Blitz Chess #4305 vs Kokaburu English Opening Black
cM4Ocs-IntA Blitz Chess #3896 vs IM Olegas O Krivosonov English Opening Black
cNhcqqhoIoc 15 Min Chess #119 with Live Comments Sicilian Grand Prix Attack
cOUWDoYOhOE Blitz Chess #3457 vs ferdia Dutch Stonewall White
cObOWtqSDNk Twitch Livestream Sep 29 2015 on Lichess org
cOi45YRBNPU Candidates 2014 Round 10 Anand vs Mamedyarov Siclian Najdorf
cPjhpWvakjw Blitz Schach #82 mit Livekommentar
cPtlqppByW0 Blitz Chess #3494 vs GM Chemberlen Bogo Indian Black
cQSVg8bXrFU Blitz Chess #4890 vs chess commandos Grünfeld Fianchetto White
cQ_iKTx0Yrk 15 Min Chess #91 with Live Comments Sicilian Najdorf Fischer Variation
cSBOTizJW6Q Blitz Chess #2118 with Live Comments Old Indian vs GM El Marmalade E Magerramov with White
cSkXrI8p--w Blitz Chess #1883 with Live Comments Benko Opening 1 g3 vs IM Michael Hennigan with Black
cSmIu8-eNXw Blitz Chess #3987 vs pollypolly Owens Defence White
cTVPdpwhDhs Blitz Chess #2795 with Live Comments Reti Opening vs IM StepbyStep with Black
cTqc9ciolc4 Blitz Chess #2914 with Live Comments Slav Defence vs Idealist with White
cUIjYlKSbjg Candidates 2014 Round 2 Svidler vs Andreikin Sicilian Kalashnikov
cUUoHRE10LA Blitz Chess #4703 vs Waurp Sicilian Taimanov Black
cV5XenpoBFs Blitz Chess #2039 with Live Comments Old Indian vs chessproking with Black
cVDKWQFID7g 15 Min Chess #5 with Live Comments - Sicilian
cWTKUCndTZc Blitz Chess #1235 with Live Comments Spanish Four Knights Rubinstein
cX7YtsrZSgw Candidates 2014 Round 11 Kramnik vs Anand Catalan
cXYA5QKOBWI Blitz Chess #1600 with Live Comments Slav Chebanenko vs SuperSaiyaJin with Black
cXlcEe9zj2w Livestream on the ICC Oct 17 2016
cXy2FjONAvs Blitz Schach #74 mit Livekommentar
cY1AGS1Q_CY Blitz Chess #1790 with Live Comments Benko Opening 1g3 vs rosseta with Black
cY6lIsv-HJE Blitz Chess #605 with Live Comments Nimzo Indian Saemisch
cZEALr5Iofs Blitz Chess #474 with Live Comments Caro Kann Exchange
cZy1LrRj9VI Blitz Chess #1864 with Live Comments English Symmetrical vs seramoral with White
c_KKouPzQ1Y Blitz Chess #3614 vs GM Kastor R Schroeder Queens Gambit Tarrasch White
c_TSFhOlqMU Blitz Chess #3412 vs IM B Alqudaimi Sicilian Rossolimo White
ca0tTOOhb6A Blitz Chess #2314 with Live Comments Kings Indian Makagonov vs paulomar with Black
caYWu3k7WU8 Blitz Chess #3315 with Live Comments Queens Gambit Declined Exchange vs Yvain with Black
cbJUWQuQwv0 Blitz Chess #253 with Live Comments Sicilian Kan
ccM_OLU3Xwc Blitz Chess #2799 with Live Comments Slav Chebanenko vs AlphaCentauri with White
ccre3S2dCsg Blitz Chess #4604 vs karengrigoryan Reti Opening White
chx2tGTQCrc World Chess Championship London Candidates Tournament 2013 Round 13 Recap
ciPLidRa3kQ Blitz Chess #598 with Live Comments Kings Gambit
cihtIg3s_LA Blitz Chess #2787 with Live Comments Ruy Lopez Chigorin vs GM Pablo Ricardi with Black
cjR6TZl9bPE Blitz Chess #1591 with Live Comments French Tarrasch vs Nikhil with Black
ck1AwxRMpmY Blitz Chess #3686 vs FM gmgattass Kings Indian Makagonov White
ck6UBas5YLo KIS 1 d4   Chapter 8   Preview
ck773WmFRe8 Blitz Chess #3572 vs IM Jimmy Schlumpf U Schulze Grunfeld White
ckAFY4-FZQw Blitz Chess #1751 with Live Comments Larsen Opening 1 b3 vs IM StepbyStep with Black
ckpdbGL8plk Blitz Chess #664 with Live Comments Caro Kann Advance
cmdiQEN8Ilw Blitz Chess #2433 with Live Comments Queens Indian vs Zhuzhenghai008 with White
cn5Gy01iauo Blitz Chess #1438 with Live Comments Caro Kann Panov vs kanari
cnC8BWLUxws Blitz Chess #674 with Live Comments Caro Kann
co1XM1lNxaY Blitz Chess #2826 with Live Comments Sicilian Closed vs SmokeAndMirrors with Black
co9XyC5AZQc Blitz Chess #4022 vs jc arias Caro Kann Black
cpng7WNGVNc Blitz Chess #4258 vs bleszek3 Sicilian Maroczy Black
cql5f5M5UjY Blitz Chess #920 with Live Comments Centre Game
crCBk9xW4rI Blitz Chess #2184 with Live Comments Queen Pawn London vs IM scacho with Black
crmMmTNYfbw Blitz Chess #1482 with Live Comments Nimzo Indian Saemisch vs  clearbluewater unknown IM
csUUJv1eVyo Pirc Modern Philidor 1 e4 d6 g6 FREE PREVIEW
csb8Vj1E6sg Blitz Chess #2132 with Live Comments Modern Defence vs chesskidz with Black
cssOm0Nynes Blitz Chess #1452 with Live Comments Slav Defence vs walter
ctAZIVH00FM Blitz Schach #141 mit Livekommentar.avi
ctQZNttYb84 Blitz Chess #1416 with Live Comments Caro Kann Bronstein Larsen vs liguai
ctv88jkTM1g Rapid Chess #262 vs Poutrovski Queen Pawn London Black
ctydG9oowkE Blitz Chess #4068 vs IM Joorge Larsen 1 b3 Black
cvh3hXpATFw Blitz Chess #3648 vs FM Fingerslip Ruy Lopez Breyer Black
cvxo3K37evk Blitz Chess #399 with Live Comments Italian Game
cwWhXoanxL4 Blitz Chess #4709 vs SeniorNapa Black Knights Tango Black
cwpGUuaeLRQ Blitz Chess #3167 with Live Comments Queen Pawn London vs GM Maxim Dlugy with Black
cxElRTLVbLQ Tata Steel 2016 Round 6 Recap
cxtz-dFkzs4 Blitz Chess #4216 vs SNOEBE London System Black
cyMiJ0pXp6M Blitz Chess #2300 with Live Comments Nimzo Indian Romanishin vs IM Hearachee J Nilssen with Black
czgX5n9Uzt4 Blitz Chess #3640 vs Ataraxis Modern Benoni White
czplXHlIjqE Blitz Chess #2676 with Live Comments Reti Opening vs GM Doccy Dr John Nunn with White
d-G5PpoND68 Blitz Chess #1815 with Live Comments Borg Defence vs GM Psycho Cowboy Simon Williams with White
d-YtKVa-QV0 Blitz Chess #3745 vs Krutov Modern Defence Hippo White
d-zXM7OUr-8 Blitz Chess #1381 with Live Comments Nimzo Indian Sämisch
d1FpMsiK8oU Chesscube - Warzone 2012-08-05
d1eRZ1gH-Uo Blitz Chess #2434 with Live Comments Kings Indian Classical vs IM StepbyStep with White
d2MTV8Hy7is Blitz Chess #1345 with Live Comments Larsen Opening 1 b3
d38SUo7IhCI Blitz Chess #4747 vs DynamicPulse Petroff Black
d5TY99kS5MQ Blitz Chess #3795 vs IM Michael Hennigan English Opening White
d5W49ugs9RA Merry Christmas Live Stream Dec 28
d5qr3JRHgXs Blitz Schach #37 mit Livekommentar
d6RQhmXfve4 Blitz Chess #2811 with Live Comments Reti Anti Dutch vs Dristigheteni with White
d73ygPjcH9U Candidates 2014 Round 14 Aronian vs Karjakin Sicilian Closed
d7_lFaOSVdY Blitz Chess #3711 vs IM erikf English Symmetrical White
d7wwF1BszgI Blitz Chess #799 with Live Comments Bogo Indian
d8dbS4Qq3H8 Blitz Schach #123 mit Livekommentar.avi
d982NBdz89w Great Games of Anand and Carlsen Part 10 Huzman-Carlsen. ECC 2008
d9MG-ZIrhbo OTB Tournament Game - Varnam vs Sielecki Sicilian Kan ECC Bilbao 1 of 5
dAnSQmIdk5I Tea Session with Chessexplained #13
dBFLOXh-2Tg Blitz Chess #4822 vs SG17 Centre Game Black
dBrCE7_5Hns Blitz Chess #1968 with Live Comments Nimzo Indian Kasparov vs IM impitoyable with White
dC85RSBX5Bo Blitz Chess #366 with Live Comments French Tarrasch
dCqVmpqwzHI Blitz Chess #3231 with Live Comments Kings Indian Makagonov vs rakki21 with White
dCs7YP4YNr8 Tata Steel 2016 Round 12 Recap (live)
dCzCf0gb5Nw Blitz Chess #4271 vs GM Jesper L Karlsson Bird Opening Black
dDsu_dsaZ5s Tea Session with Chessexplained #22
dDy5T1LNWnE Blitz Chess #2 with Live Comments - Reti Opening vs IM (w draw)
dE0YGcIzdVs Blitz Chess #2491 with Live Comments Alekhine Defense vs umsokn with Black
dE82GWNvr3g Blitz Chess #329 with Live Comments Modern Benoni
dFrOGtQ_oEw Blitz Chess #849 with Live Comments Grunfeld
dIIEeOjgB2k Blitz Chess #1192 with Live Comments English Opening
dIaEU_afsxE Blitz Chess #4335 vs Mossingen Reti Opening White
dJ90ThvtO2E Blitz Chess #3551 vs IM Sorma G Caprio  Kings Indian Attack White
dJP2jtROXEs Blitz Chess #1481 with Live Comments Trompowsky vs sisis
dJPd0BZOD6s Blitz Chess #1399 with Live Comments Siclian Najdorf Fischer Sozin Variation
dJkQ3CZ3Wy4 Blitz Chess #1045 with Live Comments French Tarrasch
dKJLrlbETRg Blitz Chess #1463 with Live Comments English Defence vs Lininstein IM Lemnys Arias
dKUfzfnL4Ow KIS 1 d4   Chapter 4   Preview
dKb8PSpiJdM Blitz Chess #843 with Live Comments Nimzo Indian Zurich
dLUcUNd604w Blitz Chess #3782 vs IM gvsc Itialian Game Black
dMg5LZWuOFk Blitz Chess #2429 with Live Comments Ruy Lopez vs Struggler with Black
dNQ91s5ZF8k Blitz Chess #4094 vs WGM Huba Reti Opening White
dNXt4VVuQBw Blitz Chess #122 with Live Comments - Reti Opening
dNvY1Utx-dY 15 Min Chess #52 - Queen Gambit Declined Bf4
dOUHvnF67Xw Blitz Chess #2753 with Live Comments Kings Indian Classical vs DarkNightMF11 with White
dOdYjhdA6eM Blitz Chess #1378 with Live Comments Grünfeld vs GM Ponkratov
dPGIwMVo7TM Blitz Chess #27 with Live Comments - Slav Defence (w win)
dSQfDtBoDVk Blitz Chess #1857 with Live Comments Bogo Indian vs II with Black
dS_bBhZ9qrg Istanbul Chess Olympiad 2012 Rd 6: Kramnik pins and wins against Aronian
dTN1f2dY33E Blitz Chess #2637 with Live Comments Grunfeld vs IM HestErBest with White
dTV9aI91HIk Blitz Chess #353 with Live Comments Albin Counter Gambit
dTfEGSPNfUk Blitz Chess #12 with Live Comments - Nimzo Saemisch (w loss)
dTn7T5cvUNk Blitz Chess #3748 vs Estivella English Opening White
dUCPvI07aAg Blitz Chess #3251 with Live Comments Kings Indian Makagonov vs dimICC with White
dV9_jansZG4 Blitz Chess #1196 with Live Comments Kings Gambit
dV_vl_aSSy8 Chess Endgames #006 - Najdorf vs Averbakh - The right exchange
dXmShIfGAUs Blitz Chess #735 with Live Comments Grunfeld
dXszOQ6eoKA Blitz Chess #3636 vs chessmaster640 English Opening Black
dY4FMmMNDl4 Blitz Chess #977 with Live Comments Kings Indian Fianchetto
dZ8QuUoTWXE Blitz Chess #2747 with Live Comments QG Tarrasch vs goodnightmrtom with White
dZ_-e0V2qRk Blitz Chess #3872 vs peregrine 64 Sicilian Maroczy Bind Black
dZnGZtJWHMA Blitz Chess #2647 with Live Comments Modern Benoni vs m7b5 with White
da0E1-HrFXs Tata Steel 2015 Round 6 Recap
daEj476Brt8 Blitz Chess #3117 with Live Comments Kings Indian Makagonov vs IM Seyduna with White
daXYFvWk6rk Blitz Chess #2448 with Live Comments Queens Indian vs GM Yardbird E Lobron with White
dblhR5N9KXo Kibitzing on Blitz Match Hikaru Nakamura vs Dimitri Andreikin (Elo 2715)
dckE83nbJpA Blitz Chess #3135 with Live Comments Sicilian Rossolimo vs Aspendos with White
ddhmyrRYs2I Blitz Chess #959 with Live Comments Queens Pawn London System
de5rqn8WaMM Tata Steel 2017 Highlights Round 5
df8U0V9atvo World Championship Game 9 - Gelfand vs Anand
dfXiba6fLys Blitz Chess #3683 vs Joedavric Modern Defence White
dgVJieUFvZA Blitz Chess #1369 with Live Comments Caro Kann
dgq2kiwlMI8 Blitz Chess #4571 vs gracz15 Petroff Black
dh8f0ZZD9Ho Blitz Schach #35 mit Livekommentar
dhL-x44lFS0 Blitz Chess #2320 with Live Comments Dutch Defence vs IM Melekone M Karttunen with White
dhXz-FgT-oA Blitz Chess #2423 with Live Comments Kings Indian Classical vs GM Falstaf A Demchenko with White
dhuq5YUpbeM 15 Min Chess #34 with Live Comments - Queens Pawn
di3s3iaXDVk Blitz Chess #3477 vs eltrompo Spanish Four Knights Black
dj7izXT6yZ4 Blitz Chess #3018 with Live Comments Queens Gambit vs AkabaInTheHouse with White
djJrQ957PGI Blitz Chess #2161 with Live Comments Sicilian Alapin c3 vs Matabolix with Black
dkUSmpEFv8A Blitz Chess #2390 with Live Comments Old Indian  vs Bloggsfred with White
dkjq7QhTNIE Blitz Chess #2894 with Live Comments Sicilian vs Girome with Black
dl1o6hefwaE Blitz Chess #3163 with Live Comments Sicilian Maroczy Bind vs MTCicero with White
dmByqmAEKnU Blitz Chess #3260 with Live Comments Bogo Indian vs DroolingBaby with Black
dmVCAJUrE80 Blitz Chess #1206 with Live Comments Grunfeld Viewer Challenge
doJLAIyuYTY Blitz Chess #785 with Live Comments Benoni
doKcMvVDQhE Blitz Chess #4196 vs yoey03 QGD Semi Tarrasch White
doU-TIz0_X0 Blitz Chess #3466 vs GM Yardbird E Lobron Queens Indian Black
doaDIUqE-cU Blitz Chess #871 with Live Comments Modern Defence
dpz_BOmVU_E Blitz Chess #992 with Live Comments Queens Gambit Chigorin
dq0Er4VYn0M Dortmunder Schachtage Partie des Tages Runde 6: Naiditsch - Gustafsson (German Audio!)
drEJ_NOzxro Blitz Chess #3012 with Live Comments Ruy Lopez Chigorin vs IM Moulthun Ly with Black
drSySw57WUo Blitz Chess #2360 with Live Comments French Tarrasch vs SevaBer12 with Black
dscV-PjvCLE Blitz Chess #116 with Live Comments - Nimzo Indian 4.f3
dsl1gHbFN2w Blitz Chess #3269 with Live Comments Modern Defence vs bearcub24 with White
dtVk8OCdsAs Blitz Chess #4409 vs GM Mamosta K Haznedaroglu English Black
dtWZlk43ib0 Blitz Chess #1919 with Live Comments Italian Four Knights vs Javachip3 with Black
du7QU0RCE54 Blitz Chess #2064 with Live Comments Kings Gambit vs GM Leshy Bryan Smith with Black
duJYBF7fxes Blitz Chess #1094 with Live Comments Dutch Leningrad
duTdpcAOS5Q Tal Memorial 2013 Round 4 Recap
dvJV-IT5kuw Blitz Chess #2860 with Live Comments Kings Indian Fianchetto vs hestehov with White
dvOiXbQ0R2U Blitz Chess #2258 with Live Comments Ruy Lopez Schliemann vs vereor with Black
dveia5fYva4 London Chess Classics 2015 Round 2 Recap
dvt_FfIHpTo 15 Min Chess #124 with Live Comments Reti Opening
dw32iynHuvs Blitz Chess #3376 vs Plussss Slav Defence White
dwTibxMxE-E Blitz Chess #4138 vs GM Yardbird E Lobron Queens Pawn Black
dwqsfEXmeMk Rapid Chess #253 vs RagingTiger Nimzo Indian Classical Black
dxFJOm2ZTh8 Blitz Chess #2735 with Live Comments English Stonewall vs Sertoespj with White
dxjuqyuhi8A Dortmunder Schachtage Partie des Tages Runde 8: Caruana - Kramnik (German Audio!)
dz397ownN74 Blitz Chess #3051 with Live Comments Scotch Gambit vs bukanero with Black
dzLX2LmCrs8 Blitz Chess #4557 vs echecs85 Slav Defence White
dzZqpl3mjZI Livestream May 11 2015
e-gpXpUr3gc Blitz Chess #1032 with Live Comments Sicilian Najdorf
e0VKUObRwUU Vacation Video #5 Hourly Blitz Sep 2
e1gJ0W9em6w Blitz Chess #4347 vs arin Sicilian Rossolimo Black
e25D_3-mO1U Calculation and Tactics #012 - Chess com Tactics Trainer 2000 Level
e34gLhAvVgk Blitz Chess #3205 with Live Comments Queens Gambit Declined vs mmweber with White
e3Z63CAGhEo Blitz Chess #1480 with Live Comments Caro Kann Panov vs LMLLM
e3gl1AbAQFo Your games reviewed #006 Centre 1400 vs Queenside 1300 in Rapid Chess
e3vKGY3iuqY Blitz Chess #578 with Live Comments Caro Kann Two Knights
e5htx8-j1vA Blitz Chess #3516 vs MasterOf Puppets Trompowsky Black
e5nP_F5jshM Blitz Chess #3462 vs IM mipele murpele Slav Defence White
e6ObSRSQDQ4 Blitz Chess #2326 with Live Comments Kings Indian Saemisch vs Dagginn with Black
e7XWDzhR4zc Blitz Chess #863 with Live Comments Queens Pawn Torre
e9Dm70X45MY Blitz Chess #1272 with Live Comments English Symmetrical
e9YelD5yVsM Blitz Chess #3497 vs ASidorov Nimzo Indian Classical Zurich Black
eBttGnT06gs Blitz Chess #500 with Live Comments Reti Opening
eBvH2mYfeh8 Blitz Chess #1090 with Live Comments Dutch Stonewall
eCEVOQ9SjRw Blitz Chess #1665 with Live Comments Reti Opening vs ChrisDchess249 with White
eCPJsPZ4fCQ Blitz Schach #72 mit Livekommentar
eCTf33IVPfg Blitz Chess #4198 vs IM Gymbuddy B Cheng Grunfeld Bf4 White
eD7VnPm6b1g Blitz Chess #4758 vs w elkhashab Queens Gambit Exchange White
eDWKwy-igEY Blitz Schach #165 mit Livekommentar.avi
eDa5C2zBdF8 Blitz Chess #3340 vs ADELMO Nimzo Indian Rubinstein White
eDdHalPYofM Blitz Chess #1337 with Live Comments Slav Chebanenko
eDj0BAao4h0 Blitz Chess #3076 with Live Comments Queens Gambit vs IM I Sokolin with Black
eET4gWa00UU Blitz Chess #712 with Live Comments Caro Kann
eEv7v2DHd1I Blitz Chess #3557 vs maradona Nimzo Indian Rubinstein Black
eFYw0ZI1zmU Different time for Chess24 Banter on Sep 14 at 5 PM CET
eGmz3iDHpGw Blitz Chess #2545 with Live Comments Slav Defence vs Meatgrinder with White
eGvzMvTFTMs OTB Tournament Game   Nogly vs Sielecki Catalan Bogo ECC Bilbao 3 of 5
eGxjNPUREE0 Blitz Chess #376 with Live Comments Kings Indian Saemisch Benoni
eH3RVZla6V4 Blitz Chess #2512 with Live Comments Bogo Indian vs alip with Black
eHD5hIAkHkg Blitz Chess #1653 with Live Comments Caro Kann Panov vs EstrelladelMar with Black
eI8S0vplX8c Blitz Chess #562 with Live Comments Nimzo Indian Rubinstein Hubner Line
eIIF2suAzTc Blitz Chess #3842 vs GM DrainYou S B Hansen Queens Gambit Declined White
eKrYokhVBZQ Blitz Chess #2240 with Live Comments Modern Defence vs IM Jugulator with Black
eKsuU6J49IY Blitz Chess #2469 with Live Comments Two Knights Defence vs ShayMcCormac with Black
eL0_xXPg_fI Blitz Chess #4082 vs Nefertem Ruy Lopez Black
eL2sLUvv6pI Blitz Chess #4316 vs Girome Sicilian Rossolimo White
eL6yjFPO_D0 Blitz Chess #3014 with Live Comments Modern Defence vs IM Zablotsky with White
eLJ7ydVcAWs Blitz Chess #618 with Live Comments Kings Gambit
eLweZgSmmOM Blitz Chess #650 with Live Comments English Opening Keres Line
eMFgDR2IXyA Blitz Chess #3202 with Live Comments Alekhine Defence vs fernandomata with Black
eMlGx5bYjgU Blitz Chess #1137 with Live Comments Grunfeld Defence
eNRI-ycZqQs Blitz Chess #3241 with Live Comments Kings Indian Makagonov vs IM totus M Klenburg with White
eNvYPDcljUo Tournament Game vs GM Hoffmann
ePSDEqhg7d0 Blitz Chess #1189 with Live Comments Modern Defence
ePYwCANjKWA Blitz Chess #2482 with Live Comments English Symmetrical vs GM DrainYou S B Hansen with Black
eRDF1vwveuU Blitz Chess #170 with Live Comments Pirc Defence
eRyA3W3YhiY Sinquefield Cup 2015 Round 4 Recap with all games - Focus on So vs Aronian Nimzo Indian
eS7PeKkp83g Blitz Chess #2638 with Live Comments Queen Pawn vs Aspendos with Black
eSHnQtNMVnw Blitz Chess #1835 with Live Comments Queens Gambit Declined vs IM VanNostrand with White
eT6BiMfWLEY Blitz Chess #1551 with Live Comments Nimzo Indian Kasparov Variation vs sambuca
eTSbf3EOPH0 Blitz Chess #2005 with Live Comments Ruy Lopez Schliemann vs IM Jacosta with Black
eTp8DPFZkEM Blitz Chess #43 with Live Comments - King's Indian vs. GM (b win)
eUJk-9Obo7s Candidates 2014 Round 8 Aronian vs Anand Reti Opening
eVAerHIbBrM Siclian Rossolimo 1 e4 c5 2 Nf3 Nc6 3 Bb5 FREE PREVIEW
eVyOYSKE_KY Sinquefield Cup 2014 Round 3 Recap
eWClVGGmUP4 Blitz Chess #2080 with Live Comments Ruy Lopez vs Warhabid with White
eWW_rfbc0zo Blitz Chess #1406 with Live Comments French 2 b3 vs Myway
eWn_B2diIZU Blitz Chess #1580 with Live Comments Nimzo Indian Saemisch vs confusa with White
eWwKXrouamM 15 Min Rapid Chess #187 with Live Comments Dutch Defence
eWxSZ2kjkuA Blitz Chess #3756 vs kaens English Opening White
eXt3zQuIGCw Blitz Chess #3451 vs eljugador Kings Indian Makagonov White
eYY6FdcwVaw Blitz Chess #558 with Live Comments Modern Benoni Saemisch Line
eZ5zUovPLn8 World Chess Championship 2012 - Game 7 - Gelfand vs Anand
eZHCZwg4GTA Blitz Chess #4037 vs GM Yardbird E Lobron Ruy Lopez Black
ea4c9epxL-M Blitz Chess #4184 vs Akito Queens Pawn London Black
ebB_kU5Wx-o Blitz Chess #3905 vs GM Goldmund A Rustemov English Opening Black
ebEtJefSLQU 15 Min Chess #168 with Live Comments Queens Pawn London System
ebix7Ccbtx0 Blitz Chess #3213 with Live Comments Italian Game vs usommer with Black
eboc74CtWKM Blitz Chess #2149 with Live Comments Modern Defence vs IM Fantozzi Igor Teplyi with Black
ecEU6k7vjvk Blitz Chess #609 with Live Comments Sicilian Alapin c3
edhXSZMHODk ICC Livestream Feb 15
ef0f3mLB9t4 Blitz Chess #2494 with Live Comments Queens Gambit Accepted vs FM Alka with White
efcyRayIHGo Blitz Chess #2755 with Live Comments Kings Indian vs IM Isokol I Sokolin with White
eg9r1BIYncM Blitz Chess #839 with Live Comments Nimzo Indian Saemisch
ehJsA5a41IA Blitz Chess #4772 vs jesuachov Modern Defence Whte
ehg_nY-oVlE My book to be released in the next days!
eiQ6jPOKlPk Blitz Chess #3517 vs hestehov8591 English Opening Black
eiTHhSKZCo4 Chessexplained Livestream Dec 01 2014
eietNFrUqhM Blitz Chess #2898 with Live Comments Dutch Defence vs Killy with White
ekOlbihXT2s Blitz Chess #2002 with Live Comments Larsen 1 b3 vs IM Joorge with Black
elyXm_hZyIQ Blitz Chess #4181 vs IM Lightlike M Zumsande Sicilian Alapin Black
emx1-zCwNx4 Blitz Chess #2846 with Live Comments Kings Indian Makagonov vs Loofas with White
eodRKFi91JY Blitz Chess #1819 with Live Comments Queens Gambit Vienna vs IM Miniska Milan Pacher with White
epP7isGr7Do Blitz Chess #942 with Live Comments Queen Pawn Chigorin
epbrXrfGpJw Blitz Chess #1876 with Live Comments Benoni vs KingLAG with White
epezySMYxOw Blitz Chess #1239 with Live Comments Nimzo Indian Saemisch
epfxKaeelHA Blitz Chess #3355 vs ThomasTallis Nimzo Indian Classical White
epwTR4HecMw Blitz Chess #4045 vs FM Mataleo Belgrade Gambit Black
eqDmwEGxFJI Blitz Chess #2704 Live Comments Modern Defence vs Nightlord Black Kingside Fianchetto Week
eqXPSf2dm9A Blitz Chess #2334 with Live Comments French McCutcheon vs GNK1230 with Black
erKODKbO468 Blitz Chess #3818 vs FM GuerreroDaLuz English Opening White
erSg0tFxKxM Blitz Chess #4372 vs avnerelias Sicilian Rossolimo Black
ervSYa_WDTo Blitz Chess #147 with Live Comments - Alekhine's Defence
esHgG9Gc0Qk Blitz Chess #2933 with Live Comments Reti Opening vs Mozgokliuj with White
eslkaSFCikw Rapid Chess #249 vs KillerKaz Reti Opening White
etnV8Pp96pA Blitz Chess #2219 with Live Comments Modern Benoni vs Mozgokliuj with White
ev-GjNvqgT4 World Championship Sochi 2014 Carlsen vs Anand Game 10
evCER2XP6kI Blitz Chess #3259 with Live Comments Nimzo Indian Rubinstein vs TheJedi with Black
evjU6TXe2M4 Blitz Chess #2899 with Live Comments Kings Indian vs IM Garpun G Nureev with White
ewglYywfzo4 15 Min Chess #125 with Live Comments Sicilian Chekhover Variation
extx1Hif_ag Blitz Chess #690 with Live Comments Nimzo Rubinstein
exy_Ziy5vRc Blitz Chess #130 with Live Comments Chigorin Pseudo Albin
eytzpw5H3qs Chess Endgames #010 - Gligoric vs Smyslov 1953 Convert an extra pawn
ezk7xSi6Ivw Blitz Chess #586 with Live Comments English Hedgehog
f--Mu6IDcNo Blitz Chess #4262 vs SevaBer12 English Quadruple Fianchetto
f-zukGMTusQ Blitz Chess #1959 with Live Comments Nimzo Indian Classical vs TheSage with White
f05rl4tWFVo Gary Kasparov's 50th Birthday - 2 brilliant attacking games from his youth
f1KefQ23RTc Blitz Chess #3253 with Live Comments Kings Indian Makagonov vs maradona with White
f1YnWQ2Jqmo Blitz Chess #1980 with Live Comments Double Fianchetto vs IM Joorge with White
f2ECMXw9ziQ Blitz Chess #4799 vs tom2165 Scotch Game Black
f2PKCln8BBU Blitz Chess #169 with Live Comments Blumenfeld Gambit
f2SLQcg8Ns4 Blitz Chess #4006 vs Superpuma Alekhine White
f3l376pwVmQ Blitz Chess #803 with Live Comments Trompowsky
f3rna-WZtwk Blitz Chess #344 with Live Comments Benko Gambit
f41PGSnt-Hw Blitz Chess #1460 with Live Comments Grünfeld Bg5 vs sudhar1999
f4Z7AYK7UzY Blitz Chess #47 with Live Comments - Colle Opening (b loss)
f56LaGlHMf0 Blitz Chess #3374 vs IM Lotus Eater Queens Gambit Declined Black
f5z9UZKZWak Blitz Chess #2936 with Live Comments Queens Pawn Colle vs FM Guineo with Black
f6XHvIpgIkk Blitz Chess #4084 vs FM Mogwai Benko Gambit Black
f7GgekpiQZ0 Blitz Chess #3103 with Live Comments English Opening vs GM Yardbird E Lobron with White
f7pZwPxve30 Blitz Chess #2409 with Live Comments Dutch Stonewall vs crapablanca with White
f82rEQPmSsY Blitz Chess #2874 with Live Comments Slav Defence vs ASidorov with White
f9v0fSHbEh8 Blitz Chess #486 with Live Comments Queens Gambit Chigorin
fAJjlfP0KKU Blitz Chess #3887 vs IM mathman Siclian TaimanovBlack
fAK77yAlFpk Blitz Chess #3934 vs IM Olegas O Krivonosov Reti Opening White
fCaB-fYtz24 Blitz Chess #321 with Live Comments Larsen Opening b3
fCpzbNSuidc Blitz Chess #2568 with Live Comments Bogo Indian vs GM Cheetah with Black
fCsOkVKoPwg Blitz Chess #1697 with Live Comments Modern Defence vs ZoKo with White
fDBL03px3Ac Blitz Chess #1177 with Live Comments English Defence
fDBvbSbaJwU Blitz Chess #2072 with Live Comments Alekhine Defence vs invinciblexi with Black
fDN15Nfqmy0 Blitz Chess #4548 vs Armindeymahi Three Knights White
fELujfW0iqA Blitz Chess #4865 vs RandomOracle Caro Kann White
fFC-MiUZNxA Chess Openings Uncovered Ep 3 - King's Indian Classical Main Line
fFcIQvjTQWs Blitz Chess #4334 vs sco ish Queens Gambit Declined Black
fGcUOQVtKug Rapid Chess #269 vs Pat6578 Reti Opening White
fHAceAuvivs Blitz Chess #1527 with Live Comments Nimzo Indian Saemisch vs SuperSaiya Jin
fHNcwY8jYdY Blitz Chess #3074 with Live Comments Queens Pawn London vs Towinning with White
fICFNzSSbCU Blitz Chess #2939 with Live Comments Slav Defence Chabanenko vs AkabaintheHouse with White
fJGCaM0Au-k Livestream on the ICC Feb 13 2016
fKG5P1O3gSM Blitz Chess #4827 vs RuzhanskyPavel Vienna Game Black
fKSYgz1rZFA 15 Min Chess #154 with Live Comments Pirc Defence
fKT7sn-wFoM Blitz Chess #189 with Live Comments Queens Indian Defence Kasparov Line
fKfiEXCDZk0 Blitz Chess #200 with Live Comments Dutch Stonewall
fLGjpZyOH5s Lichess 45 45 League Games Reviewed -  hetraie vs Atrophied
fM2c0AnQa9M Blitz Chess #25 with Live Comments - King's indian Petrosian (b draw)
fNYc5R1p8Rs Blitz Chess #4306 vs IM Satager A Needleman Sicilian Acc Dragon Black
fPF_xfvXUwM Blitz Chess #4572 vs desertitus Queen Pawn Torre Black
fPaYgUrdLcU Blitz Schach #126 mit Livekommentar.avi
fQlAynjNLs4 Lichess Titled Arena Jan 18th - I play some and watch Magnus play Bullet
fR2ZTIrNQXI Blitz Chess #2028 with Live Comments Modern Benoni vs IM Vegita Stefan Docx with White
fRID6o-7yCA Blitz Chess #4367 vs IM swop M Mueller Queens Gambit Tarrasch White
fRTQA0mi2Os Blitz Chess #792 with Live Comments Caro Kann Bronstein Larsen
fT8pF2SsKR4 Blitz Chess #2062 with Live Comments Two Knights Defence vs FM Alexy1 Mark Timmermans with Black
fVnlyJpnL40 ICC 5min Blitz Schach mit LIvekommentar #7
fVuNjoVsOVM GM Kibitzing for Christmas
fVyu5ltRIes Blitz Chess #57 with Live Comments - Sicilian Najdorf/Scheveningen (w draw)
fW8-k9IiiAk Blitz Chess #3810 vs GM Bones F Holzke Italian Game Black
fWm5h1Kxk58 Blitz Chess #207 with Live Comments Scotch
fWmZsaB0Iog Blitz Chess #2690 Live Comments English Opening vs IM Serlock N Kalesis White Kingside Fianchetto We
fYJjeqIvl4w ICC Livestream July 24
fYQsqpTS-Xc Blitz Chess #2047 with Live Comments English Opening vs FM Mataleo with White
fYSjECYYke0 Blitz Chess #4136 vs GM Gregoriy Oparin Queens Pawn White
fYbfNJ016bk Blitz Chess #2012 with Live Comments English Opening vs thegladiatorpy with Black
fZ2gKdrmZEY Blitz Chess #1752 with Live Comments Trompowsky vs nevuking with Black
fZfzGLJXK1Q Blitz Chess #4407 vs pway Alekhine Black
fZktdcpTHIY OTB Tournament Game - Sielecki vs Fleck Slav Defence
fZsJ6Vog7Hw Blitz Chess #1910 with Live Comments Nimzo Indian Classical vs Girome with White
f_UCWDw8peY Blitz Chess #4028 vs FM EddieMarsalla Trompowsky Black
f_Y6h7JOuiU Chess Openings  -  How to refute the Latvian Gambit
fa1XgjOclsg Blitz Chess #1530 with Live Comments Nimzo Indian Rubinstein vs Ashkeef IM Nasser Saeed
faH6hisyAmA Blitz Chess #3851 vs FM ercoleiaccone Benko Gambit Black
faM3j8rBRYw Blitz Chess #24 with Live Comments - Grunfeld (w win)
faYwr705sys Blitz Chess #836 with Live Comments French Rubinstein
far4cwm2gfI Tea Session with Chessexplained #9
fcZkgFPZihA Blitz Chess #2242 with Live Comments Modern Defence vs OmegaPi with Black
fclbCqDYi0g Blitz Chess #3548 vs IM AllGunsBlazing S Kozhuharov Queens Gambit Accepted White
fdfRqk7wyU8 Blitz Chess #2291 with Live Comments Slav Defence vs FM Hobber with White
fdhgN_sT_1c Blitz Chess #1073 with Live Comments Slav Defence Sokolov Variation
fdrkqU5DGCk Blitz Chess #3562 vs peksi Dutch Defence White
ffLmg3dwO5U Blitz Chess #314 with Live Comments Sicilian Alapin Viewer Challenge 2
fiJoVKGAA4s Blitz Chess #4448 vs IM Cassoulet J Dourerassou English Opening White
ficey8Y9jpc ICC Livestream June 13
fjNM7s-dM_I Blitz Chess #4312 vs Tuborg Sicilian Maroczy Bind White
fjhR2vSGDXk Live Kibitzing:  Bullet Match GM Hikaru Nakamura vs IM Danny Rensch
fk0YYHV7lnA 15 Min Chess #93 with Live Comments Slav Chebanenko
flEPy8wQgNE Blitz Chess #180 with Live Comments Kings Indian Makagonov 6 h3
flFZZJLajUg Blitz Chess #4458 vs IM bumper10 Queens Pawn Black
fmxr3YVKkXY Blitz Chess #1259 with Live Comments Kings Indian Saemisch
fnQoUHxKWTA Blitz Chess #2056 with Live Comments Caro Kann Exchange vs IM Jagua with Black
fnjE189qcs8 Blitz Chess #4581 vs joflo Double Fianchetto White
fo60m0lcJG4 Tata Steel 2016 Round 5 Recap
foJ8aCfbP30 Blitz Chess #1763 with Live Comments Sicilian Sveshnikov vs ARuperez with Black
fo_KhFbN89k Blitz Chess #4065 vs WIM Lendy Caro Kann White
fpfHmS5nya8 ICC Livestream Mar 28
fpvu0MPHu8k Blitz Chess #2220 with Live Comments Nimzo Indian Rubinstein vs maradona with Black
fq1isQxo5E0 Blitz Chess #823 with Live Comments Benko 1 g3 - fixed upload
fq215zfx-Rw 15 Min Chess #150 with Live Comments Kings Indian Fianchetto
fq72eeHJWjQ Blitz Chess #722 with Live Comments English Opening
frjgUbSRAjY Blitz Chess #725 with Live Comments Queens Indian
fsMFWyfqqDM Blitz Chess #2182 with Live Comments Ruy Lopez vs jopacs70 with Black
fskV_JNbKSk Chess Openings Q&A #1
fsuSfTMqdYI Blitz Chess #30 with Live Comments - King's Indian Classical (b win)
ftjR5Jzg02Q Dortmunder Schachtage Partie des Tages Runde 3: Kramnik - Bartel (German Audio!)
fumyxIY7HkY Streaming on Lichess.org Jan 17 2018
funN42GQ9eU Blitz Chess #2562 with Live Comments Queens Gambit Declined vs GM Sergio Slipak with White
fvYs9ElTyzU Candidates 2014 Round 6 Highlights
fwGtecZQTNM Blitz Chess #101 with Live Comments -  Queen's indian vs  GM (b)
fxTuloHjcUU Blitz Chess #3520 vs IM Kirlian C d Amore Queens Pawn London White
fxaBrzKoVCU Blitz Chess #1299 with Live Comments Caro Kann vs IM Matthias Mueller
fxiR_OeT1sQ Blitz Chess #4893 vs dors Grünfeld Fianchetto White
fybFoStdSv8 15 Min Chess #50 - French Defence Tarrasch
fztRHBGCQxs Blitz Chess #4554 vs vikstefan Caro Kann Two Knights White
g-DPzg4lKc8 Blitz Chess #504 with Live Comments Quadruple Fianchetto
g-MgjxI53P8 Blitz Chess #2625 with Live Comments Ruy Lopez vs GM Doccy Dr John Nunn with Black
g-vMiuQJJa8 Benko based repertoire sale ends on Nov 1st
g0Qrw2SfOKw Blitz Schach #107 mit Livekommentar.avi
g12gjuCG-4g Blitz Chess #3481 vs Chuchundra Benko Gambit White
g1AfB55df3I Blitz Chess #2774 with Live Comments Queens Pawn London vs Tolstrup with White
g1SLDhqXm0w Blitz Chess #1108 with Live Comments French Tarrasch
g21nLy_IWsw Blitz Chess #482 with Live Comments Kings Gambit
g26vGSV9zm4 Blitz Chess #4694 vs DynamicPulse Trompowsky Black
g2vjsXO1ch8 Blitz Chess #615 with Live Comments Caro Kann Panov
g3EaQlo5bA8 Blitz Chess #1937 with Live Comments Queen Pawn Colle vs OleOlsen with Black
g3J5FgcAAnw Blitz Chess #4782 vs chessfully English Symmetrical Black
g3h90gGOEpc Blitz Chess #4947 vs kimmoval Larsen 1 b3  Black
g4PQmtppQs4 Tata Steel 2014 Great Game in the Challengers Group    Jobava vs Bok
g4Yi33ld_2o Drawing of the KIS 1.d4 contest winner!
g5bWA_nGHrc Blitz Chess #4793 vs yemolala Petroff Black
g5wuUP8og4I Blitz Chess #1336 with Live Comments Benko Gambit Declined
g6pFW7xwMps Blitz Chess #4465 vs IM SnakeEye Grunfeld White
g6yHgSa85Ao Blitz Chess #2196 with Live Comments Catalan Bogo vs taktikus GM Medvegy with Black
g9AJ6g8EqHY Blitz Chess #3742 vs FM ScacchicAgelast Reti Opening White
gA4eGzwy49k Blitz Chess #2156 with Live Comments Ruy Lopez Zaitsev vs FM Larso with Black
gBzr6r-MC08 Daily Superblitz Arena on Sep 16
gCSrnyP188c World Championship Sochi 2014 Carlsen vs Anand Game 11
gDKCudsdvF4 Dortmunder Schachtage Partie des Tages Runde 7: Kramnik - Leko (German Audio!)
gE4bqF1ZuMo Blitz Chess #3186 with Live Comments Queens Gambit Tarrasch vs IM swop M Mueller with White
gEHmdMbrggQ Blitz Chess #3320 with Live Comments Italian Game vs Supermister with Black
gExesh7LzTQ Blitz Chess #1775 with Live Comments Dutch Staunton vs FM MarcoCorvi with White
gGCQbreb_o4 Blitz Chess #692 with Live Comments Bogo Indian
gGuvP2rjHjs Blitz Chess #2006 with Live Comments English Anti Grunfeld vs iende with White
gIVJHss5Rc0 Blitz Chess #3659 vs GM Yardbird E Lobron Trompowsky White
gJeoTUdKl-w Blitz Chess #4587 vs Checc Dutch Leningrad White
gJokbI3tWUw Blitz Chess #1077 with Live Comments Queens Gambit Semi Tarrasch
gK81IjB47gc Blitz Chess #3665 vs Matabolix Kings Indian Makogonov White
gMyD3WPxhNc Blitz Chess #2144 with Live Comments Modern Defence vs rhyssteele with Black
gNg98ayGLvc Midnight Blitz vs the Twitch Crowd
gNwbzoXgwKM Blitz Chess #4737 vs Kraftzug Scotch Four Knights Black
gOKnEpkNoCA Blitz Chess #4004 vs IM HyperJao E Paciencia Scotch White
gOhYkzJawKE Blitz Chess #4897 vs Cleareye Queen Pawn White
gOlsUoB7r0M Blitz Chess #1729 with Live Comments Queen Pawn London vs Groundhogplay with Black
gPGsLA5q4vA Blitz Chess #751 with Live Comments Caro Kann Smyslov System
gPkBDe3lOt4 25 10 Rapid Chess #223 with Live Comments Damiano Defense vs knightshine with White
gQEdIwEy2nY Blitz Chess #2875 with Live Comments Sicilian Maroczy Bind vs Mozgokliuj with White
gQNKBfcSIbQ Great Games of Anand and Carlsen Part 15: Anand-Ponomariov, Sofia 2006
gQu_AglS1cs Blitz Chess #3397 vs IM abeautifulmind R Loetscher Kings Indian Fianchetto Black
gSA6TzpAYr8 Blitz Chess #402 with Live Comments English Opening
gSE1QjjMdUE Blitz Chess #373 with Live Comments Viewer Challenge Catalan
gUqEPN0hJ-Y Blitz Chess #2586 with Live Comments Italian Game vs IM PatBateman V Marques with Black
gV4p1_JCB0o Blitz Chess #4958 vs dubic Reti Opening White
gVzOn3Tywks Blitz Chess #3309 with Live Comments Ruy Lopez Breyer vs GM Yardbird E Lobron with Black
gW-TRwsqMNc Blitz Chess #579 with Live Comments Slav Chebanenko
gWIila8uuy8 Blitz Chess #2820 with Live Comments Nimzo Indian Saemisch vs CG2000 with White
gXJj9cfBNe4 Blitz Chess #2310 with Live Comments Catalan Closed vs Warhabid with Black
gYU2dNQWzMc Candidates 2014 Round 2 Topalov vs Anand Reti Opening
gYlSsFPry9Q Blitz Chess #2726 Live Comments Veresov Opening vs IM swop M Mueller White Offbeat Week
gZYT6xKss2Q Blitz Chess #3835 vs GM Bones F Holzke English Opening White
gZr_jXmgDjc Blitz Chess #1506 with Live Comments Caro Kann Two Knights vs Bobbynnik Anonymous IM
g_RgGTtgbEc Blitz Chess #2312 with Live Comments Catalan Bogo vs IM petitcoprit with Black
g_sp2G1hD5Y Blitz Chess #4594 vs Shahist A Petroff Black
ga1NWQyCMuI Blitz Chess #2195 with Live Comments Italian Game Hungarian vs iende with White
gbVqVw08qX8 Great Games of Anand and Carlsen Part 11: Anand-Grischuk, Mexico City 2007
gcqMmtJWynw Blitz Chess #3217 with Live Comments Ruy Lopez Exchange vs dsevall with White
gdDe9HRyufA Blitz Chess #2137 with Live Comments Nimzo Indian Classical vs GM Yardbird Eric Lobron with White
geQe6q6tHUY Blitz Chess #1247 with Live Comments Kings Indian Averbakh
ges2zzXkg3w Jussupow Chess Fundamentals and more on Chessable
gfMZ6I-NqRk Blitz Chess #1522 with Live Comments Dutch Stonewall vs muisback GM Mamedov Elo 2660
ggdqHajUqrU Blitz Chess #4280 vs goodnightmrtom Sicilian Black
gihbvyN6raI Blitz Chess #523 with Live Comments French Tarrasch Guimard
gjKJYXqZNzw Blitz Chess #4656 vs Mike nramos Sicilian Rossilimo White
glYDGxQUBqo Blitz Chess #2959 with Live Comments Ruy Lopez Chigorin vs GM Yardbird E Lobron with Black
gluXx922Cag Blitz Chess #3239 with Live Comments Bogo Indian vs IM Heroe with White
goDGgMYQkAA Blitz Chess #3895 vs IM mishel M Agopov English Opening White
goMKsI0UBKo Blitz Chess #4368 vs ThomasTallis Queens Pawn Black
goejycyovp4 Blitz Chess #3590 vs GM Impaler Benko Gambit White
gowLC1gdLP8 ICC Livestream April 24
gpxxdFw0Xlo Blitz Chess #1151 with Live Comments Ruy Lopez Worrall Attack
gpzibM-Gzhw Blitz Chess #2354 with Live Comments Queens Gambit Classical vs Hultin with White
gq3CMh2URHo Blitz Chess #2756 with Live Comments Sicilian Smith Morra vs FM Drahacik with Black
gq3mLDFxOso Blitz Chess #748 with Live Comments Sicilian Four Knights
gqLzDu9DWpo Blitz Chess #943 with Live Comments Vienna Game
gr5sByndc5A Blitz Chess #967 with Live Comments English Double Fianchetto
grecSxWQ_9Q Blitz Chess #2400 with Live Comments Kings Indian Classical vs GM DrainYou Sune Berg Hansen with Whi
grg3i2_9hCs Blitz Chess #4543 vs IM Ich2 Benko Gambit Black
gsKMRtQ7NHU Blitz Chess #3118 with Live Comments Nimzo Indian Saemisch vs DexterMorgan with White
gsKTYzut2-o Blitz Chess #3726 vs lukkomies English Opening White
gsdyyqwDZ5k Blitz Chess #4313 vs GM Moulthon Ly Sicilian Rossolimo Black
guwFOuNA19A German and English Banter Blitz on Chess24 Feb 22
gvJCrlk83zs Blitz Chess #3353 vs FM Kont Spanish Four Knights Black
gwvPMhfs0Q4 Blitz Chess #2677 with Live Comments Bogo Indian vs FM ercoleiaccone with White
h1HjgsjbjLY Chess Endgames #001 - The principle of two weaknesses - with a book recommendation
h2Ly79-6EkA Blitz Chess #2199 with Live Comments Trompowsky vs FM DontCry with White
h2lqTHOhV98 Blitz Chess #3006 with Live Comments Nimzo Indian Saemisch vs IM MrSerious W Paschall with White
h40C-H6obbU Blitz Chess #2404 with Live Comments Old Indian vs ALIAS with White
h5AYOo7Xc7A Blitz Chess #1270 with Live Comments Nimzo Indian Saemisch
h76luJZH3TQ Blitz Chess #685 with Live Comments Queen's Pawn
h7NKlHCTq60 Blitz Chess #1046 with Live Comments Slav Exchange
h900KY5iKKI Blitz Chess #3859 vs Peregrine 64 Ruy Lopet Exchange White
h9lqWw_bOms Blitz Chess #84 with Live Comments - Larsen 1.b3 vs IM (b)
hAcpjm4u9uY Blitz Chess #1970 with Live Comments Veresov vs GM Ultramate Emre Can with Black
hBOOYFE9FJo Blitz Chess #4109 vs IM rainmaker O Sepp Kings Indian White
hBh8hMKC6_c Blitz Chess #2817 with Live Comments Sicilian Alapin c3 vs AkabaIntheHouse with Black
hCK95B1j4YM Chess Endgames #013 - Benko vs Parma Bishop vs Knight advantage
hCi8D31EJHg Blitz Chess #3160 with Live Comments Nimzo Indian Saemisch vs RokoMotion with White
hDSOfpqijv8 Blitz Chess #2269 with Live Comments Sicilian Kalashnikov vs BlackOperator with Black
hDxrNPeFU2E 15 Min Chess #147 with Live Comments French Advance
hE-aBfCunYg Blitz Chess #3591 vs Tolstrup Kings Indian Black
hED8ypAUa3A Blitz Chess #4479 vs blackheartb Sicilian Hyper Acc Dragon White
hEnnET3FwMs Blitz Chess #2017 with Live Comments Alekhine Defence vs WalterBishop with Black
hFW4Aw-crf0 Blitz Chess #114 with Live Comments - French Tarrasch
hHB8aX_o7jw Blitz Schach #136 mit Livekommentar.avi
hHO1phTSM_E Blitz Chess #192 with Live Comments French Winawer
hI25l7-9F-M Blitz Chess #3327 with Live Comments Reti Opening vs GM taktikus Z Medvegy with Black
hImlRwNU83s Blitz Chess #2541 with Live Comments Queens Gambit Declined vs HarnFer13 with White
hJQ0b7X0vHI Blitz Chess #1357 with Live Comments Slav Defence
hJbWI3svzJ0 15 Min Rapid Chess #195 with Live Comments Slav Triangle with White
hLhUke4-HT0 Blitz Chess #3536 vs JustKID Queens Gambit Tarrasch White
hLi3y_YxIss Blitz Chess #677 with Live Comments Modern Defence
hLjOZFWVqs8 Blitz Chess #07 with Live Comments - King's Indian vs GM (b win) - funny cheating claims
hMV9gcpQdzU Zurich Chess Challenge 2014 Final Round 5 Recap
hP8jauVX14w Blitz Chess #4561 vs mastergian French Exchange White
hPXGjGVZ-KA Blitz Chess #1965 with Live Comments Kings Indian Averbakh vs Pomberito with White
hPvHZsisjEs ICC 5min Blitz Schach mit LIvekommentar #20
hQBOXx5MCDE Blitz Chess #4831 vs realChessExplained Sicilian Alapin White
hQQoe089-Wg Blitz Chess #2243 with Live Comments Bogo Indian vs IM Raylear with Black
hS4G4arjaVA Blitz Chess #55 with Live Comments - Sicilian Kan vs. IM (w draw)
hSCny54WlAs Blitz Chess #2974 with Live Comments Queens Indian Defence Petrosian vs GM taktikus Z Medvegy with W
hSFh-vvBhac Blitz Chess #4781 vs Honigdachs Queen Pawn White
hTgiN0uUWZ4 Blitz Chess #450 with Live Comments Caro Kann Panov
hTm1ytm7A_Q Repertoire for 1 d4   Part 3 Slav conclusion,QGA and Queens Gambit Declined Intro
hU7pW4NWUaE Livestream on the ICC Sep 26 2016
hVPQep-eDgI Blitz Chess #2003 with Live Comments Modern Defence vs tuitimin with Black
hVeDKpuKkZo Blitz Chess #1252 with Live Comments Caro Kann Panov
hWk6HNlPmoA Blitz Schach #140 mit Livekommentar.avi
hWmQsJ8ZjIA Announcement Chess24 Banter today Mar 27 at 7 30 PM CET
hX0NbdCKybo Blitz Chess #2038 with Live Comments Snake Benoni vs Mozgokliuj with White
hXdPGHgVwFQ European Club Cup last 4 Rounds Recap
hZWgZmZwYMk Blitz Chess #4907 vs Verdik Sicilian Dirty Harry Black
hZffUvhQ3G4 Blitz Chess #831 with Live Comments Dutch Stonewall
hZo2mrGTObU 15 Min Chess #113 with Live Comments Sicilian Smith Morra
h_K3b4RCzNY 15 Min Chess #24 with Live Comments - Queen's Gambit Declined Exchange
h_VIBox26p8 Blitz Chess #997 with Live Comments Kings Indian Seirawan Variation
h_jCE_u-bXI Blitz Chess #4840 vs carachun Dutch Stonewall White
h_z_3M0LX9Q Blitz Chess #4617 vs Zezo Master French Defence Black
hcVvJAIlZYo Blitz Schach #31 mit Livekommentar
hcgqbLA0wuw Blitz Chess #3126 with Live Comments Queens Pawn vs IM Drk D Kopec with Black
hcm3HWWWVFg Blitz Chess #4914 vs verdik English Opening White
heLUOuGOBsA Blitz Chess #1605 with Live Comments French Tarrasch vs AHUT with Black
heO6R9q551k Blitz Chess #2951 with Live Comments Anti Benoni vs Zwackelmann with White
hgALGKtTpug Blitz Chess #1014 with Live Comments Slav Exchange
hgaMkbF-AVo Blitz Chess #2952 with Live Comments English Defence vs IM rainmaker O Sepp with Black
hh8QK_I9wwY Blitz Chess #2207 with Live Comments Bogo Indian vs GM Yardbird E Lobron with Black
hiMabhhcm_U Blitz Chess #159 with Live Comments Sicilian Smith-Morra Gambit
hk1msCNQMx0 Blitz Chess #2698 Live Comments Modern Defence vs QuintillianoR Black Kingside Fianchetto Week
hm9_XO2dCBs Blitz Chess #3264 with Live Comments Bogo Indian vs IM petitcoprit A Kelires with Black
hmUuzK9O8yM Blitz Chess #3419 vs ReyAztec French Tarrasch White
hmYBfKRtbRw Blitz Chess #3986 vs Bronstorm Scotch Black
hmdctxZSVzI Blitz Chess #3138 with Live Comments Larsen 1 b vs IM Joorge with Black
hng_6ifzLtM Blitz Chess #190 with Live Comments Grunfeld
hnjSDxD4THA Blitz Chess #695 with Live Comments English Opening
houe3-mGrdM 15 Min Chess #30 with Live Comments - Nimzo Sämisch
howIa2f9soE Blitz Chess #1497 with Live Comments Kings Indian Saemisch vs Linkmus IM Ringoir
hp1ELqM3OHM Blitz Chess #848 with Live Comments Queen Pawn Colle
hpSAJbtoNDM Blitz Chess #3771 vs IM Tetrach Benko Gambit Black
hpuF1DXJ_Fo World Chess Championship London Candidates Tournament 2013 Round 6 Recap
hpxpxyyrPPY Blitz Chess #3747 vs Astigmatist Sicilian Black
hqRO_hLuxLA Tal Memorial 2013 Round 8 Recap
hqfpcGWWoAo Norway 2013 Supertournament Round 7 Recap
hsPL_eNhlOs Blitz Chess #1747 with Live Comments English Opening vs guidez with White
hsRpcCzkxPA Blitz Chess #4149 vs fansa Maroczy Bind White White
hsXbtwHEGtw Blitz Chess #973 with Live Comments Colle Opening
htSiQFB7g2Q Blitz Chess #1312 with Live Comments French Chigorin
htlJrTgpRGk Blitz Chess #764 with Live Comments Slav Defence
hu0wdw17mX8 Blitz Chess #3875 vs Mozgokliuj Reti Opening White
hvAPCWuw23s Blitz Chess #1218 with Live Comments Pirc Defence
hvNjS_DRSdw Blitz Chess #3335 vs GM Farinata Ruy Lopez Yates Black
hw9TGe9WwiY Blitz Chess #632 with Live Comments Ruy Lopez Schliemann
hwEVqYsdiJM Blitz Chess #1332 with Live Comments Kings Indian Classical vs IM Nureev
hx1Jh6h77pY Istanbul Chess Olympiad 2012 Rd 8: Naiditsch breaks down Leko
hxL_-i1t_R0 Blitz Chess #88 with Live Comments - English Symmetrical vs  GM Oogard (b)
hxTyk_4awO8 Blitz Chess #3450 vs FM ScacchicAgelast Slav Defence White
hxtvaitXR34 Blitz Chess #4531 vs sasanisbest Scotch Four Knights White
hyorerWXKYE Your games reviewed #003  Exploiting a superior pawn structure 1500 vs 1500
hzKiwDZRKP0 Blitz Chess #197 with Live Comments Reti Opening
i-O3fNc35dQ Blitz Chess #4296 vs SMETA08 Queens Gambit Semi Tarrasch White
i0BFpqANwbA Blitz Schach #90 mit Livekommentar
i1n9m53wrRU Rapid Chess #256 vs coffeetime Philidor Black
i2_74U9dBC0 Blitz Chess #3427 vs IM Kirlian C d Amore Grunfeld Fianchetto Black
i316xu5HIok Blitz Chess #2322 with Live Comments Nimzo Indian Classical vs GM Zuckertort with White
i3MjzVo5Au0 Blitz Chess #1229 with Live Comments Queens Gambit Declined Classical
i3rr0zCfbzg Candidates 2014 Round 3 Mamedyarov vs Anand Slav Defence
i45ii687Tqs Blitz Chess #1028 with Live Comments Nimzo Romanishin Variation
i5JaCyG6beM Blitz Chess #1925 with Live Comments Modern Benoni vs YkJunior with White
i5PE6bDITZ0 Blitz Chess #2573 with Live Comments Black Knights Tango vs GM Yardbird E Lobron with Black
i5_YQSGkGbo Chess Endgames #009 - Bascis - Rook and Pawn vs Rook Pt 1
i67lMVfauSg Blitz Chess #2558 with Live Comments Snake Benoni vs GM Reaperman with White
i6KLpOgACWQ Modern Classics Ep 3: Morozevich-Vachier Lagrave, Biel 2009 - Sicilian Najdorf
i6_iJRt6j7w Blitz Chess #737 with Live Comments Kings Indian Classical
i6jLTklB7D8 Blitz Chess #2701 Live Comments Sicilian w g3 vs IM TheMissingLink White Kingside Fianchetto Week
i6nfWYnklQU GingerGM Stream on 24th and Blitz Arena
i7UrSHSPmOo Blitz Chess #1606 with Live Comments Snake Benoni vs Mozgokliuj with White
i7bJg4LFYbE Blitz Chess #3992 vs GM MGur M Gurevich English Opening Black
i7i-qzCkAHQ 15 Min Chess #103 with Live Comments Bogo Indian
i9FWTgz6O80 Blitz Chess #998 with Live Comments English Symmetrical
i9FvOR-D0ps Blitz Chess #2363 with Live Comments Ruy Lopez Closed vs laboratorio with Black
i9b6mv99sMU Blitz Chess #2351 with Live Comments Nimzo Indian Classical vs IM StepbyStep with Black
iAQqWTT7sCI Zurich Chess Challenge 2014 Round 2 Recap
iAuIy9G8y_0 Blitz Chess #1371 with Live Comments Dutch Defence
iD-ck4RqNPs Blitz Schach #113 mit Livekommentar.avi
iE-QOOxRgBc Blitz Chess #3432 vs shabahang Queens Gambit Declined White
iE5NTKy1q6E Blitz Chess #4847 vs gasvad007GM Ruy Lopez Exchange Black
iEVH0UJB9XY Blitz Chess #1682 with Live Comments English Defence vs FM DarkVirus with Black
iEYu6x9FQoo Blitz Schach #143 mit Livekommentar.avi
iEwtMpS41Ew Blitz Chess #490 with Live Comments Caro Kann
iFeuq1_KtUQ Blitz Chess #1818 with Live Comments Kings Indian Fianchetto vs Rei1 with White
iGDKrgPAzCQ Tea Session with Chessexplained #11
iG_vamgp1IY Blitz Chess #4798 vs MyNameIsJohnGait  Reti Opening White
iH1bzsRypVI Rapid Chess #246 vs EdBed Bird Opening White
iH5E_EFhJrI 5 Min Blitz Match vs  Kingscrusher with dual Commentary Game 2 on Sep 18 2011
iHEplvLyy94 Blitz Chess #3093 with Live Comments Queens Pawn  vs pocoapoco with Black
iHF64fUJSb0 Blitz Chess #1466 with Live Comments Queens Pawn London System vs Kirlian IM d'Amore
iIHXYZgFzbY Blitz Chess #4369 vs Veteranus Sicilian Maroczy Bind White
iIcAdbLGjhk Blitz Chess #4701 vs  pacicka French Exchange White
iJQOckxwMtc Blitz Chess #3998 vs IM Otipap Sicilian White
iJc7gml-JTo Blitz Chess #3004 with Live Comments Kings Indian Makagonov vs IM Ivan Deseatnikov with White
iKL-IMGLzDs Blitz Chess #2616 with Live Comments Queens Pawn vs ThomasTallis with Black
iKoNxBmjmIM Blitz Chess #583 with Live Comments Caro Kann Panov
iN2uTfjpCH8 Blitz Chess #1824 with Live Comments Sicilian Alapin c3 vs GM taktikus Zoltan Medvegy with White
iOucRoBISw8 Chess Endgames #016 - Yermolinsky vs Kasparov Good Knight vs Bad Bishop
iPWZGs5AWh8 Blitz Chess #3620 vs GM Z Integrator Nimzo Indian Kasparov Black
iPeDsQVnL2E Calculation and Tactics #018 Chesstempo Tactics Trainer
iQbQ0yHCUUM Blitz Chess #4265 vs DonEscobar Maroczy Bind White
iRRcwBF6-a4 Blitz Chess #4724 vs Candela Petroff Black
iRgE9x8HVaY Blitz Chess #3173 with Live Comments Trompowsky vs FM Kunifax with White
iSXsgjBHXyg Blitz Chess #2697 Live Comments Modern Defence vs GM babloo K Sasikiran Black Kingside Fianchetto We
iTjCu0NtT5k Blitz Chess #2255 with Live Comments Nimzo Indian Classical vs GM Botvitrosian Garcia Palermo with W
iUHLDXlue2Q Blitz Chess #3894 vs IM mosquerita Scotch Game Black
iVmZXvGjYMI Blitz Chess #3216 with Live Comments Nimzo Indian Classical Zurich vs rpenquin with Black
iXesyq-e2ac Blitz Chess #678 with Live Comments King's Indian Attack
iYyXaFxp2B4 Blitz Chess #4277 vs IM totus Sicilian Black
iZty3qLf4ag Blitz Chess #2465 with Live Comments Slav Defence vs MarzipanCat with White
iaUQIWhpkp4 Blitz Chess #4966 vs fredipetriti Nimzo Indian Saemisch Black
iabgBBlHiDo Blitz Chess #3672 vs Chuchundra English Opening Black
icF5e_GFxjI ICC 5min Blitz Schach mit LIvekommentar #11
ictes1UMJdM Blitz Chess #4593 vs E Chess English Opening White
icyAkgLFiqY Blitz Chess #1615 with Live Comments English Defence vs Faucheur with Black
idXASxayq_k Blitz Chess #549 with Live Comments Kings Gambit
ieqefVm_ATc Blitz Chess #2398 with Live Comments Slav Chebanenko vs MasterOfPuppets with White
iexROPQ4kDA Blitz Chess #4328 vs FM SM3M Queen Pawn Veresov Black
ihLfqL9ohwA Blitz Chess #623 with Live Comments Queens Pawn
ihSTpmcZ_CY Blitz Chess #1066 with Live Comments Nimzo Saemisch
ihW6ER5zNos ICC 5min Blitz Schach mit LIvekommentar #16
ihzWuS5Ykjw Blitz Chess #4410 vs Dersu64 Kings Indian Petrosian White
ii5EwKYiV44 Announcement Chess24 Banter today Mar 20 at 7 30 PM CET
iiu2KqoAZgE Blitz Chess #1516 with Live Comments Sicilian Sozin vs chavo
ijSJ-A6IZvo Blitz Chess #1992 with Live Comments French Defense vs IvanYeletsky with Black
ijUWjRjq1sg Blitz Chess #443 with Live Comments English Opening
ijVnOnPrRXY Blitz Chess #2336 with Live Comments Kings Indian Classical vs IM dali with White
ikLa599IyJw Blitz Chess #387 with Live Comments Kings Indian Makagonov
ikTXjntmwyE Blitz Chess #3611 vs wizardbar Nimzo Indian Classical White
ikjRsvNQaEY Blitz Chess #3712 vs Yamp1 Ruy Lopez Black
iljjfaVUb4k 25 10 Rapid Chess #221 with Live Comments Modern Benoni with Black
in7zs1nSLGk Blitz Chess #3488 vs SalmaHayek English Opening White
ioCPUplS0pE World Chess Championship London Candidates Tournament 2013 Round 4 Recap
ipj2uLbdU_U Blitz Chess #2478 with Live Comments Kings Indian Benko vs IM Sylar T Anton with Black
ipl4S1wObUw Blitz Chess #458 with Live Comments Bogo Indian
iqKSZz1g960 Blitz Chess #4000 vs Hirna Modern Defence White
ir_zoI1hPhs Blitz Chess #2721 Live Comments French Defence 2 b3 vs kromos White Offbeat Week
isD-iRDMois Blitz Chess #2612 with Live Comments Sicilian Rossolimo vs FM Wolwerine L Alexandre with Black
isGKgSJsbI0 Blitz Chess #4542 vs bad net Caro Kann Two Knights White
isisjTW6nWY Blitz Chess #4234 vs AkabaInTheHouse Sicilian Alapin Black
itr-_UUEVKw Chesscube - Warzone 2012-06-21
ivVa_-HizBo Blitz Chess #622 with Live Comments English Defence b6
ivaxe5vPbio Blitz Chess #791 with Live Comments Slav Defence
iw9symHGwJs Blitz Chess #4239 vs Machete Benko Gambit Black
iwfWrw7dP6A Blitz Chess #2973 with Live Comments Sicilian Smith Morra Gambit vs FM Drahacik with Black
iwu8lgX8tKo Blitz Chess #1427 with Live Comments Siclian vs Fingerslip
ixRR-MPldTI Blitz Chess #3968 vs GM Teamglud J Glud Italian Game Black
ixgoJboGl-o Blitz Chess #3741 vs gilsh QueensPawn Black
iy34PPH-aCQ Blitz Chess #3700 vs FM Mako T Sträter Queen Pawn Torre Black
iz47OQaO0z8 Blitz Chess #3724 vs bruma English Opening White
j-6NwJdmmYs Blitz Chess #3149 with Live Comments Reti Opening vs Harrypoter with White
j-qkXQn_tx8 Blitz Chess #4926 vs IM buki23 Sicilian Alapin White
j-xpvXDhP_Q Tea Session with Chessexplained #10
j-y5LhOhgc0 Blitz Chess #2688 Live Comments Grunfeld Reversed vs ansatsu White Kingside Fianchetto Week
j03UGjGVDkE Blitz Chess #2102 with Live Comments Trompowsky vs Jaro with White
j06jyH-TB8Y Blitz Chess #4217 vs johnstuartplant Queen Pawn White
j1EaGq03Ito Blitz Chess #2631 with Live Comments Queens Indian vs ambidexter with White
j1yfJSlprBI Blitz Chess #2733 with Live Comments Reti Opening vs IM  Mirpele Murpele with White
j24BbxD8T4I Blitz Chess #3144 with Live Comments Nimzo Indian Saemisch vs Tanman12 with White
j2qxxL9JDMM Kramnik vs. Aronian, Game 1 - Live Broadcast Part Two.mp4
j358TtzELG4 Chesscube - Warzone Bullet 2012-06-27
j3ZFyfOhjP4 Blitz Chess #2380 with Live Comments Dutch Defence vs GM Jesper L Karlsson with White
j3znMh8mNsM World Championship Game 12_ Anand vs Gelfand
j5uUYAZ2oA8 Blitz Chess #2780 with Live Comments French Winawer vs GM AttackGM J Hodgson with Black
j6NtbbmvwO8 Blitz Chess #2884 with Live Comments Bogo Indian vs IM Isokol I Sokolin with Black
j6gok3Hwd_I Blitz Chess #864 with Live Comments Dutch Defence
j72_HaZIgxg Blitz Chess #115 with Live Comments - Scotch Four Knights
j8AYyjWPAFU Blitz Chess #3471 vs IM EightMilesHigh Slav Defence White
j8DyjKEvNTQ Blitz Chess #1552 with Live Comments Kings Gambit Quaade Variation vs Jahudor
j8fbGHTGvmI Norway Chess 2014 Round 7 Recap ft  Caruana vs Topalov Sicilian Najdorf
j9qOlRAOd9s Blitz Chess #60 with Live Comments - Queen's Gambit Declined Exchange -  Model Game vs FM (w win)
j9zsySaR7tg Blitz Chess #3980 vs Chanikya Nimzovich Defence White
jA0CMriuqJY Blitz Chess #1505 with Live Comments Nimzo Indian Classical vs bobhaak anonymous FM
jA0h8M4lt18 Blitz Chess #739 with Live Comments Queen's Gambit Triange Line
jAaoB-JzHSI Blitz Chess #3512 vs AkabaInTheHouse Ruy Lopez Smyslov Black
jCVwdyWloQk Blitz Schach #151 mit Livekommentar.avi
jD33GvYjpVM ICC Livestream Apr 04
jD6Nws7KlgQ Blitz Chess #485 with Live Comments Caro Kann Advance
jDPPCx5WziU Candidates 2014 Round 5 Svidler vs Topalov Ruy Lopez Möller
jDko20N0jFQ Blitz Chess #311 with Live Comments Slav Main Line
jFMWEQ2awjw Blitz Chess #455 with Live Comments Kings Indian Defence
jGEeQ4tjE9o ICC 5min Blitz Schach mit LIvekommentar #18
jGUkX80V990 15 Min Chess #32 with Live Comments - English Opening
jGy2MxME_7M Blitz Chess #3348 vs GM Chemberlen Queens Gambit Tartakower Black
jJ9_yrUS46s Blitz Chess #2020 with Live Comments Ruy Lopez Berlin vs GM Doccy John Nunn with Black
jJdkPlk51FY Blitz Chess #1262 with Live Comments Semi Tarrasch Caro Kann Panov
jK-FC2F656s Yearly SuperBlitz Part 3
jKR2Lepnq_0 Blitz Schach #121 mit Livekommentar.avi
jKfw9G449QY Blitz Chess #4492 vs karimaster Reti Opening Black
jL42gY0wnOc Blitz Chess #3132 with Live Comments English Symmetrical vs IM Demian with Black
jLJARqPXLpM Blitz Chess #3666 vs GM Lunaticx P Michalik Ruy Lopez Black
jLSlMR3n2kU Blitz Chess #111 with Live Comments - Benko 1.g3
jLjMRxXzFPg Black Repertoire 1 e4 e5   Part 4 Centre Game and Danish Goering Gambit
jLu7E_a0HPU Blitz Chess #1735 with Live Comments Ruy Lopez Yates Variation vs kromos with Black
jNSKN_7M5kg Blitz Chess #2086 with Live Comments English Defence vs patzerplayer with Black
jNZ3TROQNQo Simul @ Lichess.org
jNcxlUTp584 KIS 1 d4   Chapter 6   Preview
jNy1ZaYXV5U Blitz Chess #3039 with Live Comments Ruy Lopez Exchange vs IM WilsonPalencia with Black
jOxoBHK1oOw Blitz Schach #134 mit Livekommentar.avi
jPxaQlj0IFM Blitz Chess #438 with Live Comments Italian game
jQ9cFj0mKxg Blitz Chess #2492 with Live Comments Nimzo Indian Rubinstein vs Zhuzhenghai008 with Black
jS2UUCAeBvQ 15+10 Rapid game vs. btr73186 with Dual Commentary - Catalan Opening
jS6Xb3UPe1w Blitz Chess #289 with Live Comments Benko Gambit
jShvZMKdKJk Blitz Chess #3314 with Live Comments Kings Indian Makagonov vs hestehov8591 with White
jSiKkwiBORU Blitz Chess #3644 vs kromos Ruy Lopez Smyslov Black
jSyvTR78ksU What is going on at the moment
jTd6ryAaP2I Blitz Chess #3270 with Live Comments Sicilian 2 b3 vs maes maes with Black
jTmOElf1ld0 Blitz Chess #693 with Live Comments Caro Kann Classical
jUZ20wx0VP4 Blitz Chess #2758 with Live Comments Sicilian Dragon Maroczy Bind vs Joop with White
jV1vLF_gkMQ Blitz Chess #2917 with Live Comments Queens Pawn vs Aspendos with Black
jVzwOY6pv3A Candidates 2014 Round 4 Aronian vs Svidler Grunfeld Exchange Rb1
jW4zN4Il4w4 Blitz Chess #911 with Live Comments Dutch Defence
jWPY8152WEs Blitz Chess #2015 with Live Comments Modern Benoni vs IM abeautifulmind R Loetscher with Black
jWaEUC4MH4A Blitz Chess #700 with Live Comments French MacCutcheon
jWd2-CXohec Nimzo Ragozin for Black - Ragozin 5.Bg5 Preview
jXq4--F816I Blitz Chess #1 with Live Comments - Bird Opening vs GM Hikaru Nakamura (b loss)
jY8nuLk6vqA ICC Livestream September 05
jYRKFQTORDk Blitz Chess #480 with Live Comments Alekhine Defence
jZ8v1DohQFM Blitz Chess #2970 with Live Comments Kings Indian vs FM Darktruder with White
j_1e5TYYw9A Blitz Chess #487 with Live Comments Ruy Lopez Exchange
j_ZDkkQ0ov4 Blitz Chess #2989 with Live Comments Nimzo Indian Classical vs IM MWeston with White
jaWq3BW8mSo Blitz Chess #2277 with Live Comments Nimzo Indian Rubinstein vs MrBoris with Black
jbTPWcYh3C4 Carlsen and Karjakin at the World Rapid Champs - Rd 11
jblohRhd8-w Blitz Chess #599 with Live Comments Sicilian Kalashnikov
jc3HRKCM5-Q CE playing Mallorca Open Rd 6 C Sielecki vs GM Dragan Paunovic Elo 2480 Kings Indian Averbakh
jdFxaniDvcI Blitz Chess #4482 vs anirudh453 Sicilian Moscow White
jemNJ1_abNE Blitz Chess #2802 with Live Comments Ruy Lopez vs GM daro94 D Swiercz with Black
jeotdX7QDN8 Blitz Chess #1679 with Live Comments Nimzo Indian Saemisch vs JustOneGuitar with White
jfEYpZYbKzA Blitz Chess #1954 with Live Comments Queens Gambit Accepted vs DrWily with White
jgsaDgan_Ug Blitz Chess #914 with Live Comments French Winawer
jhCODXsXwpo Blitz Chess #2369 with Live Comments Queen Pawn vs AALEXXX with Black
jlvTvpMjK2U Blitz Chess #1121 with Live Comments Philidor Defence
jlyVVqqAcGc Blitz Chess #1355 with Live Comments Sicilian Kan
jmGamoJ8DtU Blitz Chess #4941 vs Mec engineer1 Kings Indian Fianchetto White
jnJrKtmuEKw Blitz Chess #514 with Live Comments Modern Benoni
jnMf5AXk97A Blitz Chess #4511 vs bulikk Alekhine's Defence Black
jnXjDkP4Wv8 Blitz Chess #3256 with Live Comments English Opening vs Fuga with Black
jnh_iPS3AYk 15 Min Chess #57 with Live Comments Nimzo Indian Rubinstein
jo9Ab29bx3Y Blitz Chess #3446 vs IM Checharov Nimzo Indian Classical White
joZyJ9DyZ40 Blitz Chess #342 with Live Comments Kings Indian
jpkCVnWck3w Blitz Chess #3180 with Live Comments Four Knights vs GM yozhik with Black
jr5DzAgAdCo Blitz Chess #65 with Live Comments - Benko Gambit vs GM Kruppa (b win)
jr9EmixU_BU Blitz Chess #11 with Live Comments - Old Indian (b win)
jrTC-nwki5E Blitz Chess #3664 vs IM AZ79 Antti Pihlajasalo Four Knights Black
jrxOLojvtSc Blitz Chess #3385 vs IM Alexser Nimzo Indian Rubinstein Black
jt-ppZc94XQ Blitz Chess #4519 vs DonFulgenzio Modern Defence White
jtMOo8dLj6A Blitz Chess #3560 vs FM Erazer007 Queens Pawn London Black
jtsLWlgl_so Blitz Chess #3917 vs GoBlazers Italian Game Black
jtvbbe__FkU Blitz Chess #3785 vs jokeface Kings Indian Fianchetto White
ju4tceDXmcg Blitz Chess #4883 vs Pandorasbox13 Queen Pawn White
juOZ0f_XJqU Blitz Chess #3171 with Live Comments Kings Indian Saemisch vs AlonzoMosely with Black
jvUKUvjvFP0 Blitz Chess #4961 vs soptik Kings Indian Fianchetto White
jwB_zmIRqJI Blitz Chess #1449 with Live Comments French Advance vs floatingself
jwHNVG6bVhI Blitz Chess #1464 with Live Comments Slav Defence vs mirpele murpele unknown IM
jwhpK2RTciw Blitz Chess #83 with Live Comments - English Symmetrical (w)
jwpSZb22xL8 Blitz Chess #263 with Live Comments Bogo Indian
jwtvTA24Dy0 Blitz Chess #4097 vs tigerpaul English Opening White
jxDy_nh4RZ8 Blitz Chess #436 with Live Comments Caro Kann Advance
jxJPa9_ummo Blitz Chess #2546 with Live Comments Irregular Opening vs Crapablanca with Black
jx_l3EfiVGM Blitz Chess #3969 vs Zwackelmann Neo Philidor White
jyBYlhg-9mI Candidates 2014 Round 6 Anand vs Karjakin Ruy Lopez Berlin
jylY6XnGUxI Blitz Chess #1204 with Live Comments Queens Gambit Chigorin
jzKAAU7bnic Blitz Chess #3212 with Live Comments Reti Opening vs chesspritz with Black
jzgvZvZz7aE Blitz Chess #4203 vs Aladino Reti Opening White
k-8hX-7hrg0 Blitz Chess #3439 vs Matabolix Kings Indian Makagonov White
k-HoqdQWLj0 Blitz Chess #135 with Live Comments - Czech Benoni
k-QvQNwF444 Blitz Chess #3889 vs GM Ultralisk Siclian Taimanov Black
k-gNz04xGfc Blitz Chess #2356 with Live Comments French Winawer vs virre with Black
k-uieLi4Icg Blitz Chess #1525 with Live Comments Queens Pawn London vs bingobongo anonymous FM
k0u9Pjhx4kk London Chess Classics 2015 Round 6 Recap
k2cNj8ZwBI0 Blitz Chess #2542 with Live Comments Old Indian vs Blu with White
k3USwjDCRr8 Blitz Chess #2200 with Live Comments Kings Indian Classical vs volfoni with Black
k3hed2rygPY Blitz Chess #3461 vs IM PrincePanic W Hendricks Kings Indian Classical White
k3u8sWlM5S4 Blitz Chess #1785 with Live Comments Caro Kann Burmakin vs IM FiveTrick Manuel Pena Gomez with Black
k43ImTtmKLs Blitz Kibitzing: US Champ Hikaru Nakamura vs. Russian Champ Dimitri Andreikin
k47GuZAz9J0 Blitz Chess #3949 vs FM Alias Siclian White
k4OF2yypD4o Blitz Match No  3 vs Computer4Impossible on Chesscom
k4hJAhptIHI Blitz Chess #3791 vs FM SM3M  Veresov Opening Black
k5VRoTFyi10 Blitz Chess #4260 vs Girome Sicilian Marozcy White
k5fI0fyRv9g Blitz Chess #683 with Live Comments Caro Kann
k5luLZjyIEo Blitz Chess #862 with Live Comments Queens Gambit Ragozin
k61n1TZ6slQ Blitz Chess #2168 with Live Comments Veresov Opening vs IM taksi with White
k6GkYI3MtyE Blitz Chess #4743 vs Wodaskathabodrahoma Sicilian Rossolimo White
k6S_2pgFX7I Blitz Chess #3626 vs villevainio Queens Pawn White
k6V0VIxLlj8 Blitz Chess #3478 vs GermanSevorin Queens Gambit Declined White
k6XuSewv8wg World Championship Candidates Moscow 2016 Round 8 Recap
k6vJDfMsBYs Blitz Chess #2682 with Live Comments English Opening vs DexterMorgan with Black
k7-Z_YEQTJU Blitz Chess #2611 with Live Comments Ruy Lopez vs IM COMBINATOR35  D Reyhan with Black
k7d9Q79LvA8 Blitz Chess #1059 with Live Comments Queen Gambit Declined Exchange
k9h3E2Kb2r8 Blitz Chess #3286 with Live Comments Old Indian vs FM ALIAS R Zhenetl with White
kA-FduyKOMc Blitz Chess #4682 vs Voinov Urusov Gambit Black
kAFoz-1bxcw 15 Min Chess #44 Slav Defence vs IM Richard Jones
kB-ARp_A0OM Tata Steel 2014 Round 8 Recap
kChV7o-wg_I Blitz Chess #2892 with Live Comments English Opening vs ravan with Black
kD2UEsLXyE0 Blitz Match No 7 vs Computer4Impossible on Chess.com
kDKyqRuU9kw Blitz Chess #1258 with Live Comments Caro Kann Panov
kDSw2Jd8B-M Blitz Chess #1366 with Live Comments Kings Gambit Adelaide Counter Gambit
kEtF2cap_Fk Blitz Chess #4462 vs kromos Alekhine Black
kFkNfK8d9Xc Blitz Chess #3158 with Live Comments Nimzo Indian Saemisch vs Silhouettes with White
kFm1TQG0EW0 Blitz Schach #122 mit Livekommentar.avi
kFp3AoibRBc Great Games of Anand and Carlsen Part 6 Carlsen-Grischuk, Linares 2009
kG4bdKYZfcw Blitz Chess #4811 vs Kraftzug English Opening Black
kJ2oouCs8kQ Blitz Chess #1773 with Live Comments Philidor Defence vs IM Gor Igor Yanvarjov with White
kKBfjFDbLOo Blitz Chess #2866 with Live Comments Sicilian Defence vs AgentFoxMulder with Black
kKUKm6wFdg0 Kingside Fianchetto Week Opening Review
kKgjzWfWlw8 Blitz Chess #1887 with Live Comments Trompowsky vs IM Alvar Alonso Rosell with Black
kKlQCrDwtH0 Blitz Chess #1091 with Live Comments Englund Gambit
kKlvAlAVSdo Blitz Chess #2962 with Live Comments French Defence vs FM SM3M with Black
kNAqz-HERAw Blitz Chess #2194 with Live Comments English Defence vs IM numerianus S Beltran Rueda with Black
kNXPU2AN4eo Blitz Chess #4420 vs dimICC Kings Indian Petrosian White
kOSAlsGr1No Blitz Chess #1199 with Live Comments Maroczy Bind
kPdiOAZtKmM Blitz Chess #1037 with Live Comments Nimzo Indian Classical
kQYZLZFSNwM Blitz Chess #4072 vs mehmet20072007 Ruy Lopez Modern Steinitz Black
kR5fAgq7P0Y Blitz Chess #3218 with Live Comments Trompowsky vs IM S Satyapragyan with Black
kRfLxi7BZfQ Blitz Chess #4627 vs Kraftzug Sicilian Accelerated Dragon White
kRmWkSrsFi4 Blitz Chess #4707 vs SvetlanaVinogradov Queen Pawn London Black
kRppaAdgn2M Livestream Oct 05 2015
kSc-UbjMaKI Blitz Chess #414 with Live Comments English Defence
kVqVtoFoL14 Blitz Chess #4288 vs FrenkieLamp Kings Indian White
kWT57RErHtg Blitz Chess #4359 vs MaxPower Reti Opening White
kXZq2ye4fGI Blitz Chess #4466 vs arin Sicilian Rossolimo Black
kYefl6SHsJ4 Blitz Chess #1409 with Live Comments Queen Pawn Game vs ceppy01
kZLQcXoIqww Blitz Chess #607 with Live Comments French Exchange
kZhZj4jDpps Sinquefield Cup 2014 Round 7 Recap
k_Ag_C2Tn5w Blitz Chess #3689 vs superind Grunfeld Black
k_Vr1miBODA Blitz Chess #1475 with Live Comments Sicilian Dragon vs sandora88
ka1jiB1uoxo Blitz Chess #1544 with Live Comments Veresov Opening vs ZoKo
kbD_JPYES9M Blitz Chess #3772 vs IM rainmaker Benko Opening 1 g3 Black
kbGLSZN-Zao Blitz Chess #4011 vs AntiiLaato Ruy Lopez Exchange Black
kbhQ88L99k8 Blitz Chess #1112 with Live Comments Slav Defence
kcLZVXmzyq8 Blitz Chess #4783 vs BloodyCheater Larsen Opening Black
kd4tr9ZYKkQ Blitz Chess #532 with Live Comments French Tarrasch Guimard
kdStBgZxnfI Blitz Chess #56 with Live Comments - Benko/Volga Gambit (b win)
keE3jonK0DY Blitz Chess #2403 with Live Comments English Defence vs IM Rafaelmar with White
keS_8WU-F-0 Blitz Chess #529 with Live Comments French Classical
kefPOmupnTg Blitz Chess #4624 vs BELFOUT Caro Kann Two Knights White
kf3f8yMvYdE Blitz Chess #2364 with Live Comments English Opening vs IM petitcoprit A Kelires with White
kfL6cMlUaMg Blitz Chess #958 with Live Comments English Defence
kggmEL4uv5I Blitz Chess #301 with Live Comments Queen's Indian
khRg5yPnxyE Blitz Chess #4935 vs IM plimsol Sicilian Dirty Harry Black
ki6YZVKvM7k Blitz Chess #1153 with Live Comments Kings Indian Makagonov
kiH8mr5rblQ Blitz Chess #4608 vs IM justiniano565 English Opening Black
kjAWe6zQK1M Blitz Chess #1096 with Live Comments Catalan Opening
kjLDkMsoakA Blitz Chess #109 with Live Comments - English Opening Symmetrical Botvinnik
kjmz1Z9Mgo8 Blitz Chess #1280 with Live Comments Dutch Stonewall
kkSgPzlDqrc Blitz Chess #403 with Live Comments English Opening
kk_qAn2Jlug Announcement Chess24 Banter today May 22 at 7 30 PM CET
kkyBBi6ZdHw Blitz Chess #1433 with Live Comments Kings Indian Makagonov vs Uxus
klQJtIhX4Oc Blitz Chess #177 with Live Comments Ruy Lopez Berlin
kmXuk6OaBxY 25 10 Rapid Chess #204 with Live Comments Queens Gambit Tarrasch with White
knhmgOLMUVE Blitz Chess #2075 with Live Comments Benko Opening 1 g3 vs IM MaestroASK Alekey Kireev with Black
knkKM3MuosY Great Games of Anand and Carlsen Part 5: Topalov-Anand Sofia 2006
kohMcj1bd4c Blitz Chess #355 with Live Comments Sicilian Najdorf
koslveZTgkA Tal Memorial 2013 Round 1 Recap
kp8XjJQYwGA Calculation and Tactics #007 -  Harikrishna vs Volokitin Bermuda 2005
kpnFSBDY7mY Blitz Chess #3627 vs SymphonnyNew Slav Defence White
kpqUdKKCrD8 Hourly Superblitz Arena on Aug 12
krnhPqCd0XQ Blitz Chess #3015 with Live Comments Queens Gambit Lasker vs GM Yardbird E Lobron with Black
krxwfy4jgAI Blitz Chess #2451 with Live Comments Modern Defence vs Some Patzer with White
ksIm3C6FgZU Blitz Chess #506 with Live Comments Modern Benoni
ksXdhX2bwkc Blitz Chess #2179 with Live Comments Slav Defence vs IM abeautifulmind R Loetscher with White
ksnDXPtde_g Blitz Chess #4303 vs Ahn Sicilian Maroczy Bind Black
kt7QFyMuH_c ICC Livestream May 02
kuQBAaJluMw Blitz Chess #201 with Live Comments Bogo Indian
kwgfMh92paI 15 Min Chess #122 with Live Comments Ruy Lopez
kx0WG6KMP6E Blitz Chess #222 with Live Comments French Classical
kxAuFOFxi68 Blitz Chess #2193 with Live Comments Benko Gambit vs FM wolwerine L Alexandre with White
kxJZ-J4mEqY 15 Min Chess #78 with Live Comments Scotch Game
ky-JbKUMpSE Blitz Chess #1082 with Live Comments Philidor Defence
kyAAVaH4Kjo Monday Night Liveshow Feb 26
kyXUGzU7nIk Blitz Chess #844 with Live Comments Four Knights Rubinstein
kylEvb7qxus Tea time with Chessexplained Feb 01 2018
kylSsEFLRT0 Blitz Schach #93 mit Livekommentar
kyzrxoNhz44 Blitz Chess #4582 vs joflo Scotch Black
kzA-iUnfcjE World Championship Game 16 - Tie Break Game 4 - Anand vs Gelfand
kzEBHZFOj8Q Blitz Chess #4076 vs GM arkonada A Rotstein Sicilian Taimanov Black
kzrfGXW_4To Tata Steel 2017 Highlights Round 7
l-xoAUxeRw0 Blitz Chess #1195 with Live Comments Grunfeld Defence
l049GnBW7t0 15 Min Rapid Chess #196 with Live Comments Centre Game with Black
l0TZ5XN9LKE Blitz Chess #642 with Live Comments Pirc Classical Line
l16EeYKmL2g Blitz Chess #2597 with Live Comments Sicilian Rossolimo vs Myway with Black
l20T54Dg7N0 World Championship Candidates Moscow 2016 Round 4 Recap
l2KppcaWYCU Blitz Chess #974 with Live Comments Torre Attack
l2VEZ21Sesc Blitz Chess #2519 with Live Comments Ruy Lopez Breyer vs GM Yardbird E Lobron with Black
l2fHxYYvIM0 Yearly SuperBlitz Part 2
l2kH6sjf4rw Candidates 2014 Round 5 Kramnik vs Aronian Queens Indian e3 System
l3GRgJiGOEw Blitz Chess #2453 with Live Comments Kings Indian vs deranged with White
l3QunE5LbVo Blitz Chess #3549 vs Superpuma Italian Game Black
l3R0zpQtqjQ Blitz Chess #4513 vs Akib Kings Indian Petrosian White
l4JqZlPBrmk Blitz Chess #2079 with Live Comments Italian Game vs jeisonbolivar with Black
l4giZ5GIEQk Blitz Chess #2454 with Live Comments Ruy Lopez Breyer vs Truemove with Black
l4vX2QMkKT8 Blitz Chess #4887 vs mortezahosseini Vienna Game Black
l5DnzAH4sAg Blitz Chess #3435 vs sacanoveta Siclian Maroczy Bind White
l5i9EJcmyzk Blitz Chess #3530 vs FM damjan04 Nimzo Indian Classical White
l6-TrhJhAU4 Blitz Chess #2668 Live Comments French Tarrasch vs kromos White Opening Challenge Week
l6VEtD8sosA 15 Min Chess #39 with Live Comments - Caro-Kann Exchange
l6zQkkMgV8g Blitz Chess #2981 with Live Comments Queens Indian Petrosian vs GM mikolka1985 N Maiorov with White
l7gO59AXwNA Daily Blitz All Beserk!   3 weeks vacation coming
l7gO_N_QpSA 3 Minute Madness #002 incl Test for new mouse and sound
l8vIc8BXIOE Blitz Chess #194 with Live Comments Closed Sicilian
lB0gLGD1Ids Blitz Chess #1801 with Live Comments Dutch Defence vs superpuma with White
lBBazpVQx_8 Blitz Chess #2848 with Live Comments Sicilian Taimanov vs FM MJYSONG with Black
lDNLl-71sEE Blitz Chess #4375 vs IM Cortex408 I Bjelobrk Sicilian Maroczy Bind Black
lDdik2aCaVw Blitz Chess #124 with Live Comments - Reti Opening
lDmubaoFBzg Blitz Chess #2251 with Live Comments Dutch Stonewall vs BlindGuardian with White
lGxuAlkCuLc Blitz Chess #3699 vs slimjim4389 English Opening White
lHF_yAALImQ 15 Min Chess #70 with Live Comments Kings Indian Saemisch
lJNKDvhP75o ICC Livestream May 23
lK1qXkCz6Ic Blitz Chess #4698 vs Hugh Jass Queen Pawn Opening White
lLGT48cY4_8 Blitz Chess #949 with Live Comments Caro Kann Classical
lLLyVgBiMhU Blitz Chess #4208 vs firespitter Queens Pawn Black
lLXl7QfKfq8 Blitz Chess #2531 with Live Comments Kings Indian vs GM Sauerkraut S Cicak with White
lMPevHGYBu4 Blitz Chess #345 with Live Comments Grunfeld
lMnvQkEMVrQ Blitz Chess #108 with Live Comments   French b
lMooo-_LU7M Chesscube - Warzone 2012-12-31
lNv1iXz05Zk Blitz Schach #58 mit Livekommentar
lPmgiHiPprY Fight 1 e4 like Caruana    Preview Ch 5
lQy_Caw3Uf0 Blitz Chess #1230 with Live Comments Sicilian Closed
lRPKc_FJ08Q Nimzo Ragozin for Black - Nimzo 4.e3 Preview
lTiJLpcKX1I Blitz Chess #3067 with Live Comments Reti Opening vs eddieu with White
lU2ln0iW7u0 Blitz Chess #4634 vs vladtok Trompowsky Black
lUSSoDWwryE Blitz Chess #1017 with Live Comments Slav Exchange
lUUVc9tF9w0 Blitz Chess #424 with Live Comments Kings Indian Classical
lUZPdVtHT50 Blitz Chess #3593 vs GM Z Integrator Reti Opening Black
lY_RYcS38LY Tea Session with Chessexplained #14
lYeYc4cDX8M Blitz Chess #145 with Live Comments - English Symmetrical
lYtyrEzeVag Blitz Chess #2596 with Live Comments Vienna Game vs Kontorist with Black
lZHRCXSAbt4 Blitz Chess #564 with Live Comments Symmetrical English
lb7tP0feVP0 Blitz Chess #4964 vs Berovski Queens Gambit Semi Tarrasch White
lbXIFkIW6dY 15 Min Chess #164 with Live Comments Sicilian Taimanov
lcP-EY_3Wxc Chess Endgames #003 - Basics - Mate with Q,R,B+B and B+N
lcndZkzEXTw Blitz Chess #4270 vs Schiele Ruy Lopez Exchange White
leyWWDJ0mGo Blitz Chess #2765 with Live Comments Scandinavian Defence vs Bananas with White
lf-ORA-Kstk Blitz Chess #1016 with Live Comments Veresov Opening
lfQmw1vmCiw Tata Steel 2014 Round 10 Recap
lfXzM2f5ZVU Blitz Chess #1134 with Live Comments Trompowsky Attack
lgl1LqpO2dw Blitz Schach #161 mit Livekommentar.avi
liSP2nKUGuE Blitz Chess #2804 with Live Comments Queens Gambit Semi Tarrasch vs SMETA08 with White
lizjchyFsXs Blitz Chess #2249 with Live Comments Nimzo Indian vs astroke with Black
lj-Ipkpq4b0 Blitz Chess #2318 with Live Comments Bogo Indian vs InTheDark with Black
ljEthP6nJrE CE vs Stockfish 6 unlimited Match with material odds
ll5SRSMSBQA Istanbul Chess Olympiad 2012 Rd 7: Sutovsky starts fireworks vs Fressinet
lnGnKEVxusE Blitz Chess #2460 with Live Comments Ruy Lopez vs Guidez with Black
lpIEfNF8hSw Blitz Chess #4439 vs BGB Alekhine Black
lpPVcN1NAvI Blitz Chess #322 with Live Comments Nimzo Sämisch
lpwQWrTAs4A Blitz Session on ICC Oct 19 2012
lqVVzsO7m98 Blitz Chess #4264 vs Aladino Old Indian White
lqpFSLEKHZE Blitz Chess #877 with Live Comments French Rubinstein
lt9tqrCPbV0 Blitz Chess #3766 vs IM UY Scuti English Opening White
ltA4KzBbuuk Chesscube - Warzone Final 2013-04-27
ltQcfYk1Oaw 15 Min Chess #82 with Live Comments Reti Opening
ltoHQwPEwE4 15 Min Chess #62 with Live Comments King's Indian Classical
ltz5BsWq3Yk World Championship Game 13 (1st Tiebreak game) - Gelfand vs Anand
luDMmJPnKTY Blitz Chess #4820 vs tayfon45 Queens Pawn White
luFAfiZFhhQ Blitz Chess #2283 with Live Comments Larsen Opening 1 b3 vs IM Joorge with Black
luJGetXsLu8 Blitz Chess #828 with Live Comments Dutch Stonewall
lv5QWu_WqCE Blitz Chess #1761 with Live Comments Ruy Lopez Chigorin vs petzi with Black
lvQl5Y2Icww Blitz Chess #4501 vs ak61 Petroff Black
lyRSYrPSUJQ Blitz Chess #626 with Live Comments English Defence
lzYlb2FMEF0 Candidates 2018 Round 3 Show
m-6XQkEJleA Blitz Chess #3141 with Live Comments English Opening Mikenas vs chessftw with White
m0MH6mqSgcs Blitz Chess #2350 with Live Comments Kings Indian Classical vs Panayotis with White
m0hLlKnnAVU 15 Min Chess #176 with Live Comments Scotch Opening
m1q3rbOhOBw 3 Minute Madness #004
m2RmZ60PcTg Blitz Chess #179 with Live Comments Nimzo Indian Classical 4 Qc2
m3N3-PU-kqY Blitz Chess #2479 with Live Comments Queens Gambit Declined vs Paralax with White
m3w5SgI24-o Blitz Chess #4765 vs IM Ich2 Queens Pawn White
m40nCyvVvHk World Championship Candidates Moscow 2016 Round 10 Recap
m43t2P4RrUI Blitz Chess #4866 vs IM Ich2 Veresov Black
m480plXei5E Blitz Chess #1362 with Live Comments Ruy Lopez Exchange vs anonymous FM
m4AA-_-0ZSA Blitz Chess #1870 with Live Comments Grunfeld Fianchetto vs iende with White
m4IBFB3p05g Blitz Chess #4117 vs Debomartarte Four Knights Black
m5ha7oZ7-28 Blitz Chess #4753 vs chess commandos Kings Indian Petrosian White
m6xmyVZxXfE Blitz Chess #3966 vs Assumpcaos Ruy Lopez Black
m7aTk3HH1kk Blitz Chess #2693 Live Comments Reti Opening vs fernandomata White Kingside Fianchetto Week
m8-JAqlEvWs Candidates 2014 Round 13 Svidler vs Mamedyarov Siclian Najdorf
m8Dk6EPLWHI Blitz Chess #2114 with Live Comments Old Indian vs volfoni with White
m8gZs_Udvqc Blitz Chess #2087 with Live Comments Sicilian Maroczy vs MattP with White
m9gR02QvV5E Blitz Chess #4284 vs Plussss Sicilian Maroczy Bind Black
mB8uhHC4mLA Blitz Chess #4308 vs FM ercoleiaccone English Opening Blackl
mCVnXk428c0 Blitz Chess #3607 vs FrankieJay Kings Indian Makogonov White
mD9K4XsnK3Y Blitz Chess #421 with Live Comments Sicilian Smith Morra
mDHHqYmbDK8 Blitz Chess #4007 vs FrankieJay English Black
mEepbt_37n0 15 Min Chess #173 with Live Comments Siclian Maroczy Bind
mFgTMpxbChk Blitz Chess #2089 with Live Comments Modern Benoni vs Krimson with Black
mG8wuTXgjEw Blitz Chess #1814 with Live Comments Philidor Defence vs dagoberto with Black
mGwWB4Uu21g Blitz Chess #3860 vs IM VanNostrand Sicilian Rauzer Black
mHBAHaaYKiE Blitz Chess #3464 vs FM dwg06 English Opening Black
mHmsbCXEFUA Blitz Chess #4882 vs ACpantoja  Evans Gambit Black
mIhIJPAhVgI Blitz Chess #4311 vs JALICOcheese Queens Pawn Black
mInwGSOxMkU Blitz Chess #4619 vs IM Satyapragyan Reti Opening Black
mIsaaHjmZ3Q Blitz Chess #1914 with Live Comments Nimzo Indian Romanishin System vs GM Yardbird Eric Lobron with
mJ4BTVE7BUQ Blitz Chess #4815 vs PabloMorillo Queens Gambit Declined Black
mKK7Fo0-Sfk Blitz Chess #4294 vs kromos Queens Gambit Chigorin White
mLi4PoZ7F5Q Blitz Chess #1458 with Live Comments Scotch Opening vs mobeel
mLos55-yB-k Blitz Chess #1634 with Live Comments Modern Benoni vs IM Brel with White
mM4vFIKkySQ Blitz Chess #4539 Alejandra1 Benoni Black
mMiZVLnmFFE Blitz Chess #2230 with Live Comments Benko Gambit vs FM Wolwerine with White
mMjc2u5Zgr4 15 Min Chess #67 with Live Comments Grunfeld
mNKKqV-a1f0 Blitz Chess #208 with Live Comments Grunfeld
mNYEmMJQvwo Blitz Chess #4354 vs IM Nostradamus Queens Pawn Chigorin White
mO2Wp6OX440 Streaming on Lichess.org Jan 21
mOAW_Yo5ns4 Blitz Chess #1589 with Live Comments Nimzo Indian Rubinstein vs Meller333 with Black
mOm21qpkmYA Blitz Chess #4299 vs Fuga Benko Opening 1 g3 Black
mPFy-L-q1vA Chess Endgames #005 - Basics - Rook vs Knight and Rook vs Bishop without pawns
mPlW2JS0c5s Blitz Chess #10 with Live Comments - Old/Czech Benoni (w win)
mQFwO0hrRXI Blitz Chess #1171 with Live Comments Kings Indian Classical
mQisHcBNe14 Blitz Chess #2784 with Live Comments Italian Game vs ansatsu with White
mRNJVdPTU_g Blitz Chess #3824 vs MrMicky English Opening White
mRUbR28aFM4 Blitz Chess #948 with Live Comments English Symmetrical
mRtbp41YuCY Blitz Chess #4273 vs Brum Brum Ruy Lopez Black
mSrzmBJCTUs Lifetime Repertoires - Nimzo and Ragozin Released
mT0OlJ-Nr-w Blitz Chess #4105 vs FM Alka English Opening White
mUKlunhuGzY Blitz Chess #1862 with Live Comments Slav Defence vs IM StepByStep with White
mVGL5ku4_A8 Blitz Chess #2299 with Live Comments Sicilian Rossolimo vs PED with Black
mVoluUs4ovw Blitz Chess #4075 vs Debomartate English Opening White
mW7QwccrBeU Rosenmontag 9 Uhr Geschwätzblitz
mWCJ0B1uHrY Chess Openings Uncovered Ep 4 - The Nimzo Indian
mWFeI4rRBis Middlegame Strategy   Solving Positions Part 2
mY-B8PbadaQ Rapid Chess #257 vs  niclang Modern Defence White
mY-O1OCoF5E Blitz Chess #1560 with Live Comments Nimzo Classical Zurich vs Linkmus IM Ringoir
mZmvF2z5UtI Blitz Chess #4576 vs pokotaev vlad Sicilian Alapin Black
m_fFn1M3lXs Blitz Chess #1880 with Live Comments Italian Two Knight vs GM Infernal XaM Pavel Ponkratov with Blac
ma2gslst0Ps Blitz Chess #3157 with Live Comments Queens Gambit Accepted vs IM petitcoprit A Kelires with Black
maET40-ULDA Blitz Chess #3136 with Live Comments Queen Pawn Colle vs CYurt7 with Black
maWKXGKehw8 Blitz Chess #4950 vs IM Spacejunkie Maroczy Bind White
mbEX3BMsmJ4 Blitz Chess #1558 with Live Comments Kings Indian Four Pawns vs rcamarena IM Camarena with White
mbo0F825KdQ Blitz Chess #4904 vs Balashnikow English Opening White
mctuqf76mjw Blitz Chess #1532 with Live Comments Bogo Indian vs SuperSaiya Jin
mdfxJ6ezRQI Blitz Chess #1326 with Live Comments Leningrad Dutch vs  IM Krivonosov
mdp5JHNv51E CE playing Mallorca Open Rd 3 GM A Kveinys Elo 2547 vs C Sielecki Nimzo Hubner Variation
me6CarNQQ18 Blitz Chess #4754 vs trabucodonosor Scotch Four Knights Black
mgNEXj6fFTI Candidates 2014 Round 12 Anand vs Andreikin Caro Kann Classical
mgSVBiKkUkM Blitz Chess #4817 vs BlauerSamt Scotch Gambit Black
mgcEi0-V_XA 3 Minute Madness #13
mhRZAPFzGfw Blitz Schach #148 mit Livekommentar.avi
mh_rWMworoM Blitz Chess #1900 with Live Comments Philidor Defence vs Truemove with Black
mi1pJ2fRwjk Blitz Chess #2422 with Live Comments Bogo Indian  vs IM Reylear with Black
mi8Vkk92MdE Blitz Chess #1501 with Live Comments Queens Pawn Colle vs SEH
mjtEVUDm4OQ Blitz Chess #1629 with Live Comments Ruy Lopez Exchange vs Blitzrider with Black
mleP6Oj2WK8 15 Min Chess #98 with Live Comments Slav Defence
mmG-P1dYaik Blitz Chess #448 with Live Comments Kings Indian Makagonov 6 h3
mnDPeb9Yumk Blitz Chess #1033 with Live Comments Old Indian
mnieCEHDMsg Fight the London System with Black Pt 4 - London vs. other moves (1...d6,g6,f5,e6)
mo4Q00AvCes Blitz Chess #1787 with Live Comments Queen Pawn London vs GM Rikikits Maxime Lagarde with Black
moo9tR5znWQ Blitz Chess #550 with Live Comments Ruy Lopez
mpMRrKGVLjo Blitz Chess #656 with Live Comments French Tarrasch Guimard
mpXgBozn3Io Blitz Chess #2805 with Live Comments Nimzo Indian Classical vs GM CoolWizard D Jakovenko with White
mphAh-41JAo Blitz Chess #968 with Live Comments Nimzo Rubinstein
mqpz2SoSOK8 Keep It Simple: 1.d4 - Overview
mr8qeotsR3Q Blitz Chess #1266 with Live Comments Modern Defence
msfZNtlYzus Blitz Chess #511 with Live Comments Modern Defence
mtdh-7XAObE Blitz Chess #1274 with Live Comments Old Indian
mug9xQ_rgNA Blitz Chess #2918 with Live Comments Dutch Defence vs virre with White
munHCv0GOZw Blitz Chess #4463 vs GM Bones F Holzke Reti Opening White
mw1shqHpA6I Blitz Chess #3717 vs northhampshire English Opening White
mwSE4nyhOu0 Blitz Chess #477 with Live Comments Nimzo 4 f3 Saemisch
mwqNFMhyrVA Blitz Chess #3434 vs IM KAPAMA3OB N Noritsyn Queens Gambit Triangle White
mxg0YecfvzY Blitz Chess #3298 with Live Comments Queens Gambit vs supersong with White
mz6JfbS1y3c Blitz Chess #3399 vs IM Providence J Bryant Queens Gambit Declined White
mzpnyye3v8c Blitz Chess #1254 with Live Comments English Symmetrical
n-qRfl9C73U Blitz Chess #3413 vs IM Joorge Larsen 1 b3 Black
n25yGbhxpv0 Blitz Chess #4289 vs IM zxcvb Sicilian Acc Dragon Black
n2SbfJd0G4c ICC 5min Blitz Schach mit LIvekommentar #12
n3394Il7Mcg Blitz Chess #2702 Live Comments Modern Defence vs QuintilianoR Black Kingside Fianchetto Week
n33h4gUcdXE Blitz Chess #2692 Live Comments Modern Defence vs IM Olegas O Krivonosov Black Kingside Fianchetto W
n3RU322ILdc Blitz Chess #2143 with Live Comments Modern Defence vs Silvo with Black
n4-mjxuQtXU Blitz Chess #4052 vs Tuborg Kings Indian White
n4vJm-kUDK8 Blitz Chess #1768 with Live Comments Nimzo Indian Saemisch vs IM supersasha Mark Berkovich with Whit
n55y-o-0PAE Tata Steel 2015 Round 2 Recap
n5iQGdDYfpc Tata Steel 2016 Round 10 Recap
n5nsm3Baq2o Opening Disasters #006 - Ahn vs Ruck Know the old tricks
n6K7tzMh1Eg Blitz Chess #375 with Live Comments Bogo Indian
n7MukrVtd6Y Blitz Chess #2432 with Live Comments Queens Gambit Declined vs IM Cassoulet J Doererassou with White
n7Q1D1E3NYw Blitz Chess #256 with Live Comments Reti Opening
nA4sfO0AtFM Blitz Chess #328 with Live Comments Sicilian
nAsWkssBU1Q Blitz Chess #781 with Live Comments Queens Gambit Declined
nBO8ybN3Ouw Blitz Chess #3159 with Live Comments Kings Indian Classical vs MeFish with Black
nBZcSKGJlU8 Blitz Chess #1244 with Live Comments French Advance
nD2JzOxB3Ls Blitz Chess #4209 vs IM leon28 R Mendoza English Anti Grunfeld White
nDpOdURnSbw Candidates 2014 Round 4 Karjakin vs Topalov English Opening Reversed Dragon
nErtPB6dMkw Candidates 2014 Round 9 Karjakin vs Kramnik Queens Pawn London
nF6-IHHj2j4 Great Games of Anand and Carlsen Part 4: Carlsen-Ivanchuk Bazna 2011
nFFTN1jsoOM Blitz Chess #4070 vs debomartarte Ruy Lopez Modern Steinitz Black
nId-dWuAhz0 15 Min Chess #153 with Live Comments Acc Dragon Maroczy Bind
nJK8E7grocY Blitz Chess #4390 vs Karlow WU English Opening White
nJpu7y5nNhU Blitz Chess #187 with Live Comments French Advance
nKBhkYkGWTE Blitz Chess #3370 vs Kevinking Nimzo Indian Classical White
nKOv3Atu2j8 Blitz Chess #2858 with Live Comments Nimzo Saemisch vs GM Fightclub with White
nM65e00iwQk Blitz Chess #4564 vs Keres Defence Black
nMDQnkpj4Kg Candidates 2014 Round 11 Svidler vs Aronian Reti Opening
nNApkDj_DvE Blitz Chess #3016 with Live Comments Slav Defence Exchange vs rpenquin with White
nNfUsAbOc2U ICC Livestream Mar 21
nOWRaKMDNZw Blitz Chess #1795 with Live Comments Queens Gambit Accepted vs FM NFork with White
nPBMxQHinak Blitz Chess #1911 with Live Comments Nimzo Indian Rubinstein vs zhuzhenghai008 with White
nPFwWXaRVzM Blitz Chess #3424 vs OscarWilde Nimzo Indian Classical White
nPLc8u0oxlo Blitz Chess #3667 vs GM El Marmalade E Mageramov Catalan Black
nPR7jBj2P58 Blitz Chess #922 with Live Comments English Defence
nPf5AMiIn1A Blitz Chess #3036 with Live Comments Four Knights vs RONENOSH9 with Black
nQ-MrgAPpZI Blitz Chess #425 with Live Comments Kings Indian Makagonov 6 h3
nR_8AOJIypY Blitz Chess #563 with Live Comments London System
nRdJM6CAiFE Blitz Chess #3853 vs IM HyperJao E Paciencia Ruy Lopez Exchange White
nSJGLpAEAig ICC Livestream Dec 14
nSiE7gJt1y8 Blitz Chess #4324 vs GM Suat Atalik Benko Gambit Black
nVADUnQd8d8 Blitz Chess #1044 with Live Comments Two Knights Defence
nXKR9HbRK2w Blitz Chess #1771 with Live Comments Neo Philidor vs kill88 with Black
nYAgHeeazhI Blitz Chess #1652 with Live Comments Sicilian Najdorf Be2 vs CuatroPrincesas with White
nYTj9wQlOJI Blitz Chess #1298 with Live Comments Caro Kann
nYX5zaOUyoo Blitz Chess #689 with Live Comments King's Indian Makagonov h3
nYbs7PEO9jw Blitz Chess #2602 with Live Comments Scotch Opening vs CuatroPrincesas with Black
nYpW_wG1XSY Blitz Chess #161 with Live Comments Russian / Petroff Defence
nYvwkJPDBXk Blitz Chess #1388 with Live Comments English Symmetrical Hedgehog
nZ1vcXerD1g Blitz Chess #1722 with Live Comments Nimzo Indian Classical Zurich vs IM Luffy with Black
nZKwoNJ2wv8 Blitz Chess #3281 with Live Comments Caro Kann Two Knights vs Mozgokliuj with White
nZMWBJM0xHE Blitz Chess #3284 with Live Comments Slav Defence vs IM Fantozzi I Teplyi with White
nZmk7gFU0HE Blitz Chess #3367 vs LMLLM Queens Gambit Declined Black
nZnPv8fXjho Norway Chess 2014 Round 5 Recap ft  Carlsen vs Aronian QGD Ragozin
nZp9alOvHGI 15 Min Chess #49 - Four Knights Italian Game
n_l2GF8zA_Y Blitz Chess #3010 with Live Comments Semi Slav Anti Meran vs ThomasTallis with White
n_s3w9TOZ-k Rapid World Champs Carlsen-Mamedyarov live Commentary
nb0CQQBzPXU Blitz Chess #3829 vs Pollypolly English Opening White
nchOVtrFayg Blitz Chess #3735 vs zachattack English Opening White
neOYsuvRpIE Blitz Chess #3245 with Live Comments Reti Opening vs GM jaws with White
neyXYFp3dGE Livestream on the ICC Oct 10 2016
nf2vOqEb6Yk Blitz Chess #4869 vs chanuchess Irregular Opening Black
nfQphMBpTl0 Blitz Chess #2662 Live Comments French Tarrasch vsMarzipanCat White Opening Challenge Week
nfTYcOLlNBA Blitz Chess #278 with Live Comments Sicilian Taimanov
nh3gH0MDOk4 Blitz Chess #2619 with Live Comments Kings Indian vs yellowsubmarine with White
nh3wLGBduFQ Blitz Chess #1507 with Live Comments Trompowsky Attack vs pablopizarro
nhNVQIjITkc ICC Livestream Jan 04
nhdY9z6i6FA Blitz Chess #1595 with Live Comments Modern Benoni vs Tigerauge with White
nhiG6qEtmVk Blitz Chess #666 with Live Comments Owen Defence 1    b6
niG-T8zWvyQ Blitz Chess #753 with Live Comments English Opening
niZQOP7M4r4 Blitz Chess #1913 with Live Comments Nimzo Indian Classical vs MegaZZ GM Zong Y Zhao with Black
nirWAkSLFrY Blitz Schach #40 mit Livekommentar
njKAgn8tVQs Blitz Chess #242 with Live Comments Nimzo Indian Rubinstein Hubner Line
nkMS1T-PYvU Blitz Chess #2044 with Live Comments Queens Pawn vs Silvo with White
nknrjL8cl6A Blitz Chess #2742 with Live Comments Bogo Indian vs GM Lunaticx P Michalik with Black
nlc8_m37LWU Blitz Chess #2725 Live Comments Owens Defence vs Arsenius Black Offbeat Week
nlcUkKwZDq0 Blitz Chess #3225 with Live Comments Sicilian Closed vs LordfoSwords with Black
nlsWK8rXeZ0 Blitz Chess #2814 with Live Comments Grunfeld vs Sofrito with White
nnQO7l_ihZU Blitz Schach #106 mit Livekommentar.avi
no5BqAVcgFY KIS 1 d4   Chapter 2   Preview
npCTYgj9rsk Candidates 2014 Round 3 Svidler vs Kramnik English Symmetrical
npIhv_dIHok Blitz Chess #934 with Live Comments Queen Pawn
npqV8hR3N4A Blitz Chess #4376 vs IM jolucas English Opening White
nrCQ9HlB4is Blitz Chess #3197 with Live Comments Sicilian Maroczy Bind vs GM Sauerkraut S Cicak with White
nrcIAmhBjBA English Opening Repertoire released on Chess24
nrm8tgyUY5c CE on CE - Bad Wiessee op Rd 4 - IM Sielecki (2439) vs GM Melkumyan (2678) Queens Gambit Declined
nskVOp-B8nA Blitz Chess #3101 with Live Comments Ruy Lopez Exchange vs AnttiLaato with Black
ntWSAKsut-Q Blitz Chess #77 with Live Comments - Sicilian 2 c3 (b)
ntgK1bhxE_4 Blitz Chess #2727 Live Comments Orang Utan vs IM Pop Eye White Offbeat Week
nti1uW6eyWU Blitz Chess #2457 with Live Comments Kings Indian Classical vs GM Suat Atalik with White
ntpRGzFy_RY Dortmunder Schachtage Partie des Tages Runde 4: Leko - Caruana (German Audio!)
nu2WnpeIxBA Blitz Chess #2222 with Live Comments Modern Defence  vs kiremitciyan with White
nue9uRZQvWk Blitz Chess #264 with Live Comments Modern Benoni
nv6qTJ7Ieto Blitz Chess #1144 with Live Comments Reti Opening
nw2TvfBziXI Blitz Chess #3121 with Live Comments Sicilian Maroczy vs richbe with White
nxKDcwdFvGQ Blitz Chess #4809 vs chess ines Petroff Black
nzYZ-vOuzrE World Chess Championship London Candidates Tournament 2013 Final Round Recap
o-LDtXun0ls Blitz Chess #1554 with Live Comments Slav Defence  vs MagnaMasculus
o0cfUXtMnOY 3 Minute Madness #009
o0woOJU7D1I Chesscube - Warzone 2012-03-19
o1Nrtih_ipo Blitz Chess #2550 with Live Comments Nimzo Indian Saemisch vs IM Branimir Maksimovic with Black
o291nRMOO4Q Blitz Chess #310 with Live Comments Caro Kann Bronstein Larsen
o2d0bH3ds6Q World Rapid Championships 2014 Day 3 with Carlsen Aronian Anand and Grischuk
o32p3_Ar8PM Blitz Chess #2387 with Live Comments Bogo Indian vs zeigmata with Black
o3TQmS0FBIw Blitz Chess #3116 with Live Comments Bogo Indian vs Prometeo with Black
o4TXGdceIy0 Blitz Chess #2985 with Live Comments Kings Indian Fianchetto vs W Stewart with White
o4nbln4duiY Blitz Chess #2838 with Live Comments Queens Gambit Declined vs Speedster with White
o59xyqsWhwo Blitz Chess #4693 vs Yang23 Queen Pawn London Black
o7097xCC7FI Blitz Chess #2953 with Live Comments Italian Game vs IM MWeston with Black
o7_OwHyumoU Blitz Chess #1190 with Live Comments Sicilian Dragon
o7xlWoxM_P4 OTB Tournament Game   Stremavicius vs Sielecki Benko 1g3 ECC Bilbao 5 of 5
o9Lcj0t494s Blitz Chess #73 with Live Comments - Modern Defence (w)
oA2dM50p6rQ Blitz Chess #870 with Live Comments Caro Kann Two Knights
oAVtJTaR1Yc Blitz Chess #1009 with Live Comments Dutch Leningrad
oAa4JchZnNk Chess World Championship Match Chennai 2013 Game 7 Anand Carlsen, Ruy Lopez Berlin 4 d3
oBNwpR3G-SE Blitz Chess #2544 with Live Comments Kings Indian Classical vs Baracouda with White
oDh9JbC4HTU Blitz Chess #4333 vs Victory16 English Opening White
oDsCMXltP1Y Blitz Chess #248 with Live Comments Sicilian Paulsen English Attack
oEF_l3L8bYI Blitz Chess #2964 with Live Comments Slav Defence vs GM agokoy with White
oEY2tMcMwT0 Modern Classics Ep 2: Anand-Bologan Dortmund 2003 - Caro-Kann
oEZIXJkU4W4 Blitz Chess #2271 with Live Comments Nimzo Indian Rubinstein vs IM DaGame O Ladva with White
oF2oK59EM20 Blitz Chess #464 with Live Comments English Defence
oGR6aMHStqQ Blitz Chess #4315 vs IM Junior64 R A Garcia Benko Gambit Black
oGwFUXta5Rk Blitz Chess #1861 with Live Comments Kings Indian Fianchetto vs LentheMan78 with White
oHcCcI034jY I am on this great new Chess Podcast Site   Check it out!
oHhW-jlqapA Blitz Chess #3715 vs Derpfactory English Opening White
oHlkiCW_PU8 Blitz Chess #110 with Live Comments - Old Indian Defence
oKSc5sxDTWk Blitz Chess #3567 vs Cavs2015 Ruy Lopez Breyer Black
oKm9Gm1WLFw Blitz Chess #2752 with Live Comments Kings Indian Makagonov vs jokern with Black
oLFI3PUfz2s Blitz Chess #3997 vs ihansama Queen Pawn Torre Black
oMQVrBXE-9o Rapid Chess #247 vs unknownway Black Knights Tango Black
oMUwQNhWtvY Blitz Chess #551 with Live Comments Slav Defence
oO7WJUD1JLc World Championship Coverage and the new 'Support the channel!' button
oOC1sJJ80cA Blitz Chess #3063 with Live Comments Queens Gambit Tartakower vs IM MrSerious W Paschall with Black
oOYr77HeHhI Blitz Chess #1078 with Live Comments Modern Defence
oOabUNGVQ_I Blitz Chess #3183 with Live Comments Kings Indian Classical vs maradona with Black
oOrP5g0aYts Blitz Chess #3566 vs IM swop M Mueller Queens Gambit Tarrasch White
oPrHAnbqMsU Blitz Chess #1023 with Live Comments Kings Indian Classical Bayonet
oQfRLus4gr4 Keep it Simple 1d4 released   Simul tonight at 9 PM CET
oQrMdfZfm4M Blitz Chess #3026 with Live Comments Kings Indian Saemisch vs pauserreta with Black
oRKq4CCoCt4 Candidates 2014 Round 5 Highlights
oSH9XBtMm_w Blitz Chess #2444 with Live Comments Larsen 1b3 vs IM Joorge with Black
oSK1ZXpXnZU Blitz Chess #468 with Live Comments Bogo Indian
oSpsTh04JwE Blitz Chess #4116 vs IM Lightlike M Zumsande Reti Opening White
oStN8bdZfXs Candidates 2014 Round 10 Karjakin vs Andreikin Siclian Taimanov
oUfqvmKFi0o Blitz Chess #1715 with Live Comments Wade Defence vs FM Demo05 Demre Kerigan with White
oUwCAjQPzo0 Blitz Chess #917 with Live Comments Slav Defence Main Line
oWI66PGB9c0 Blitz Chess #3235 with Live Comments Wade Defence vs Plussss with White
oWvOelwLNtM Blitz Chess #2509 with Live Comments Albins Countergambit vs ASidorov with White
oX5F14CFRFM Blitz Chess #456 with Live Comments Sicilian
oXzl-QgX6rI Reddit Opening Week 03 2016 Black vs 1 g4 Grob and 1 g3 Benko
oY6EXNUkp6k Lichess Bullet Arena #001
oYaqQl5K50U Blitz Chess #308 with Live Comments Reti Opening
oYfD4nUZjLg Blitz Chess #3908 vs MarzipanCat Siclian Black
oZL1GuyI9uA Blitz Chess #655 with Live Comments Nimzo Indian Classical
oZqOELql8sU Livestream on the ICC Dec 19 2016
oZwLdUcv3FE Blitz Chess #3294 with Live Comments Sicilian Kan vs JanTheMan with White
o_KNosw6Hps Blitz Chess #924 with Live Comments Benoni
oaTmsAHUzeo 15 Min Chess #20 with Live Comments - Semi Slav Triangle Marshall Gambit
oaouCNJpipQ Blitz Chess #1451 with Live Comments Kings Indian Makagonov vs TheBriggy
oasso3RY4uQ Blitz Chess #3937 vs the gambler Queen Pawn Black
odMQtAry2vM Blitz Chess #1047 with Live Comments Sicilian Rossolimo
odij-8eoM30 Blitz Chess #4842 vs vovaapelsin Catalan White
oe41Jt748lg Dortmunder Schachtage Partie des Tages Runde 5: Karjakin - Fridman (German Audio!)
oeBv3lN_GZg Blitz Chess #1098 with Live Comments Kings Indian Attack Viewer Challenge
oebEqzZN-pE Great Games of Anand and Carlsen Part 1 Anand-Lautier, Biel 1997
oeihk1kgluk Announcement Chess24 Banter today Apr 10 at 7 30 PM CET
oeq2VPT3e48 Blitz Chess #4142 vs Big Master Queen Pawn London Black
ofQToBhA_q4 Blitz Chess #1377 with Live Comments French Exchange
ofZIiBNTT6k Blitz Chess #2424 with Live Comments Semi Slav Anti Meran vs IM Town Tavern with White
ogUy-nm6zao Blitz Chess #1829 with Live Comments Trompowsky vs GM Psycho Cowboy Simon Williams with Black
ohEt_PtsDlw Blitz Chess #3624 vs Ataraxis Modern Benoni White
ohoNuTybDjU Blitz Chess #1594 with Live Comments Bogo Indian  vs DoItNow with Black
oi0UUnS50e0 Blitz Chess #2347 with Live Comments Modern Defence vs IM Tetrarch with Black
oiAj0h7ck24 Blitz Chess #1125 with Live Comments Ruy Lopez
oiYX-kWAQWw Blitz Chess #1684 with Live Comments Trompowsky Attack vs playwaycool with Black
oig7JbW_HNs Blitz Chess #1994 with Live Comments Sicilian Alapin c3 vs IM Agontuk Sayantan Das with White
oj4G611Lieo Blitz Chess #1154 with Live Comments Queens Pawn Colle
ojm5Ez93UUA Blitz Chess #3483 vs Alekhin28 Slav Defence White
ojppOxZhcxQ Blitz Chess #2090 with Live Comments Italian Game vs GM SnowKid with Black
okseyr86xcA Blitz Chess #1610 with Live Comments Reti Opening vs IM VoxDei Boris Maryasin with White
oksld5XcIHk Blitz Schach #61 mit Livekommentar
omV1bU9_2kU Blitz Chess #2346 with Live Comments Slav Chebanenko vs Hultin with White
omcliB0ilIc 15 Min Rapid Chess #192 with Live Comments Goering Gambit with Black
omlw_y6V2w8 Blitz Chess #4860 vs lightinghamad Queens Pawn White
omnsEy5DSxg Blitz Chess #2732 with Live Comments Pirc Defence vs FM Wolwerine L Alexandre with Black
onCpGKEyI3w Blitz Chess #389 with Live Comments Kings Indian Makagonov
onvGG9Cyiy4 Blitz Schach #53 mit Livekommentar
ooOlNpNnex4 Blitz Chess #2797 with Live Comments Modern Benoni vs JantheMan with White
ooamWo7fbik Blitz Chess #2238 with Live Comments Ruy Lopez vs gbray with Black
oobzIUK-V0U Blitz Chess #1249 with Live Comments Kings Indian Saemisch
oooG_Zu3tWk Playing some Rapid Chess on Lichess.org
ooxAM6qBx3k Blitz Chess #1745 with Live Comments Queens Pawn Chigorin vs kromos with White
opDyzXl4F24 Blitz Chess #4562 vs ashranwaar Sicilian Moscow White
opLhUjcyCv8 Blitz Chess #4629 vs SG17 Centre Game Black
oqs4kyYRYX8 Calculation and Tactics #011 -  Lemos vs Vernay Gibraltar 2010
orEmK3QzVyM My first unboxing video ever! Check out this nice gift idea!
ordR-HNAZ4M Blitz Chess #717 with Live Comments Slav Defence Dutch Main Line
osAvjSDNeFk Blitz Chess #2054 with Live Comments Kings Indian vs IM TigerPetrosjan Marko Manninen with Black
ot0Mhb5i7NM Blitz Chess #3789 vs FM Mataleo Italian Game Black
ouIoTE0pJgY Blitz Chess #63 with Live Comments - Sicilian Grand Prix Attack (b win)
oucO3GnezVA Gashimov Memorial 2015 Round 1 Recap
oucPcJQ8jDI Blitz Chess #3864 vs IM clearbluewater Sicilian Najdorf White
oug-RwP1myc Blitz Chess #4337 vs Plussss Modern Defence White
ovIzoMhATcY Blitz Chess #808 with Live Comments Dutch Stonewall
ov_IjJY6vpM Blitz Chess #2209 with Live Comments Sicilian vs GM Numerianus with Black
owP9-PDSHTg Blitz Chess #4449 vs IM DeMarcus Alekhine Black
owPalpqMXU0 Live Stream Feb 23
oxiy4RUe0Mk Blitz Chess #4547 vs IM Ich2 Queens Pawn Black
oyU7zHooDQU Blitz Chess #3865 vs FM kunifax English Opening Black
oyiC3HspcVU Blitz Chess #1424 with Live Comments Nimzo Kasparov Line vs ercoleiaccone
ozQvuIXawpg Match vs IM John Bartholomew Fins
ozYvaLW5sEA Blitz Chess #2760 with Live Comments Nimzo Classical Zurich vs IM StepbyStep with Black
p0rab3rkTt8 Blitz Chess #1732 with Live Comments Queens Gambit Declined vsTOTOROCHF with White
p1cuSUcBEaU Dual Commentary 15 Min Game vs btr73186 #2
p2B-GMpDQ6Q Blitz Chess #515 with Live Comments Sicilian
p36YMWv0pHM Blitz Chess #1672 with Live Comments Nimzo Indian Saemisch vs IM Arametse Sergio Estremera with Whit
p3S24KohPEY CE on CE - IM C Sielecki vs GM A Kovchan Modern Defence
p3ZI4WPlMPk Blitz Chess #4129 vs FM kunifax Pirc Defence White
p3ddaGtLpJ0 Blitz Chess #4321 vs GM MareAnguis Benoni White
p45w8PjMemk Blitz Chess #784 with Live Comments Queens Pawn
p4GcR9HXG4U Simul on September 5
p5iF01XBRrU Blitz Chess #3339 vs PK15 Catalan Bogo Black
p6Tw6rIAWwM Blitz Chess #1131 with Live Comments Nimzo Indian Kasparov Line
p7k4fSfJ3tM Blitz Chess #4342 vs arin Sicilian Rossolimo Black
p8SJMFm9Oq0 Blitz Chess #824 with Live Comments Dutch Defence
p9Szw6KePfc Blitz Schach #76 mit Livekommentar
pADYhDQ-cic Blitz Chess #1977 with Live Comments Nimzo Indian Rubinstein vs Nebel with Black
pA_Zso9TMrE Blitz Chess #524 with Live Comments Queens Gambit Tarrasch
pBFMi6xAJKg Xmas Livestream Dec 26 Bullet Tournaments
pEN6u9v_UmQ Blitz Chess #287 with Live Comments English Defence
pE_PHqdV5zA Blitz Chess #3438 vs IM Alexser Nimzo Rubinstein Black
pF-uzbrxTlY Blitz Chess #4879 vs Puki73 English Opening Black
pFCGTdPM26Q Blitz Chess #3713 vs NotLarsen English Opening White
pF_XqNT92Z0 Chess Endgames #018 - Basics - Queen vs pawn
pGaEput-6A0 Blitz Chess #3329 with Live Comments Queens Gambit Declined vs dsevall with Black
pHMFHPYGZtk Correspondence game on chessworld.net - Sicilian Scheveningen
pIJYSgHT7aI Chess Giants #005   Petrosian vs Pachman Kings Indian Attack
pK4Ra1YQUcU Blitz Chess #4297 vs GM Generalisimus R Mamedov Kings Indian Petrosian White
pKGHWkvN4Zc Blitz Chess #1474 with Live Comments Slav Defence vs Molton IM Moulthun Ly
pKW6GH_RfeI Blitz Chess #4425 vs Dersus64 Kings Indian Petrosian White
pKyi3JyWnpE 25 10 Rapid Chess #215 with Live Comments French Tarrasch with White
pLaJ4mjOltA Xmas Livestream Dec 25 Simul Part 1
pLzGTWs0I54 Middlegame Strategy #002   Fischer vs Gadia The eternal Knight
pM0D-XiLofw Internet Chess Club Mix: some Nakamura Bullet, some Blitz by others and two 3 min games by me
pMBsoz2GVGI ICC Livestream Jan 11
pMXXl0Hm2oY Blitz Chess #4394 vs GM Yardbird English Opening Black
pMkRt0ZpLso 15 Min Chess #60 with Live Comments Open Sicilian
pOwWhUR0H_8 Tea Session with Chessexplained #3
pOzlL3ISeqo Blitz Chess #3631 vs IM Lightlike M Zumsande Scotch Game Black
pPceHddD_2A Blitz Chess #770 with Live Comments English Symmetrical
pPkFJ0BV2Bg Blitz Chess #4618 vs Muha750 Sicilian Rosslimo White
pQBLRD9eeWc Blitz Chess #734 with Live Comments Benoni
pQnyFlv24rI Blitz Chess #4291 vs IM Serlock Queens Pawn Black
pQyHzvHAwTs Blitz Chess #4272 vs IM Jugulator London System White
pRd1q0VzG90 Blitz Chess #127 with Live Comments - Nimzo Indian Defence 4.Qc2
pRnXQZCZ0qU Blitz Chess #885 with Live Comments Italian Game
pSGNMT9uvik Blitz Chess #3115 with Live Comments English Symmetrical vs RQuintiliano with White
pScXsf3GkY8 Blitz Chess #4918 vs dubic Brainslip Defence Black
pShOOgRnhbA 15 Min Chess #13 with Live Comments - Vienna Game
pUDri3__ca8 Kramnik vs. Aronian, Game 1 - Live Broadcast Part One.mp4
pUNbHpCEt2c Blitz Chess #2740 with Live Comments Trompowsky vs IM Antodrome with Black
pVQYGkHAJHU Blitz Chess #3486 vs Arostos Queens Gambit Tarrasch White
pWKOpQyc68k Blitz Chess #4194 vs FM Isildur 97 Queens Pawn White
pXTEMZTLksU ICC Livestream May 30
pXb3Suqyapk Different time for Chess24 Banter on Aug 22 at 5 PM CET
pYx4eW1VSyI Lichess 45 45 League Games Reviewed - isaypotato vs revoof
pZUqcWzJjGU Blitz Chess #1142 with Live Comments Kings Indian Averbakh
p_k3Ymn-KMQ Blitz Chess #2785 with Live Comments Queens Gambit Declined vs IM kruppe C Cobb with Black
p_y-kIRxVH0 Blitz Chess #1860 with Live Comments Caro Kann Advance vs GM Luckyguy with Black
pb9I3ABACO0 Blitz Chess #4416 vs ThomasTallis Alekhine Black
peOAL5RbTFE Blitz Chess #1122 with Live Comments Slav Exchange
pefQgiIQUuw Blitz Chess #3606 vs GM ARK A Kore Queen Pawn Black
pez_wfCdTPE Blitz Chess #2295 with Live Comments Nimzo Indian Classical vs IM Artus A Pieniazek with White
pgEqUDHaVi8 Blitz Chess #778 with Live Comments Sicilian Defence
pgKGc-T4R0E Candidates 2014 Round 10 Aronian vs Topalov Slav Chebanenko
phbVWfYHZx4 Blitz Chess #776 with Live Comments Sicilian Kan
piwPbAscJls Blitz Chess #252 with Live Comments Queen's Gambit Accepted
pj7_IDqrlts Blitz Chess #3071 with Live Comments English Pseudo Grunfeld vs bariton with White
pjb6eD5XSjs Blitz Chess #4108 vs GM Falstaf A Demchenko Italian Game Black
pk334XbN04E Blitz Chess #3527 vs GM TakeMeHome Scotch Four Knights Black
pk7cIwd5wM0 Blitz Chess #2129 with Live Comments Nimzo Indian Classical vs Aladdin with White
plzLg8wq6J8 ICC Livestream June 20
pmWzZAwzGzk Blitz Chess #1418 with Live Comments Nimzo Rubinstein vs HernFer13
pn8CrILWtUM Blitz Chess #2504 with Live Comments Kings Indian Classical vs nacado with White
pnkoBQNwkdc Blitz Chess #1421 with Live Comments Sicilian Scheveningen vs IM Docx
ppN-twJ4xOA Blitz Chess #3995 vs IM Otipap Sicilian White
pp_e-k2DP6k Blitz Chess #4903 vs Saraconnor Sicilian Dirty Harry Black
ppc451DCslU Blitz Chess #2245 with Live Comments Kings Indian Classical vs FM HSK M Hartikainen with White
pqgXpMExH8E Audio Test Video   Please comment on the sound quality
prKHDB55_xM Blitz Chess #1226 with Live Comments French Advance
ps0u0MXVb0U Livestream May 18 2015
pt5S7MVNJko Blitz Chess #995 with Live Comments English Double Fianchetto
ptAh-yiWexU Blitz Chess #1788 with Live Comments English Hedgehog vs WIM Padurariu Smaranda with White
ptvSPCjDqHA Blitz Chess #4920 vs rdarruda Nimzowitsch Larsen Black
pufRIi2Ozys Blitz Chess #2738 with Live Comments Czech Benoni vs Aspendos with Black
puo7mOacw0g Blitz Chess #4071 vs IM clearbluewater Neo Philidor White
pupmGJ_tn1U Blitz Chess #3277 with Live Comments English Opening vs IM MWeston with White
pvWRqTYHNZ0 Blitz Chess #2405 with Live Comments Queen Pawn vs IM Alvar Alonso with Black
pwWIpy1P_Go Blitz Chess #1038 with Live Comments Sicilian Taimanov
pyZydw4Jo9Y Blitz Chess #4528 vs DrMenghy Alekhine's Defence Black
pzVpTbLl1nM 25 10 Rapid Chess #227 with Live Comments Grunfeld vs DOROSK with Black
pzwa8Xm_Q7Y Tea Session with Chessexplained #20
pzx9v5J2xRU Blitz Chess #2862 with Live Comments English Opening vs GM Blackcoffee with White
q-65Gvs3j3o Blitz Chess #2458 with Live Comments Queen Pawn vs IM Scacho with Black
q-ocHQjzAkM Blitz Chess #1822 with Live Comments Ruy Lopez vs IM Fivetrick with Black
q0JZ6cd-C2A Blitz Chess #1237 with Live Comments Caro Kann Two Knights
q0OVX9QJyg4 Blitz Schach #168 mit Livekommentar.avi
q19dbncKB84 Blitz Chess #3857 vs FM ercoleiaccone Benko Gambit Black
q1YdQDiY8lY Blitz Chess #957 with Live Comments Modern Benoni Fianchetto
q1xAWArUxG8 Blitz Chess #2500 with Live Comments Bogo Indian vs alfie791 with Black
q2ou0LmsOGo Blitz Chess #1063 with Live Comments Dutch Stonewall
q3_VP_CjWgQ Blitz Chess #4767 vs kvin Caro Cann Two Knights White
q5atF7TqNW0 15 Min Chess #172 with Live Comments Queens Pawn London System
q5vIwdfI7HY Mixed Session on ICC Nov 25 2012
q6_EEpMZsFM Blitz Chess #4884 vs Humboldtkalmar Catalan White
q8x-g_xBh-0 Blitz Chess #1238 with Live Comments English Symmetrical
q9waNQBYWCg Blitz Chess #4853 vs SG17 Centre Game Black
qAI90x446xo Blitz Chess #3787 vs LADealer Italian Game Black
qCPq707dJic 45 Min Game Feb 11 2013 - Dutch Stonewall
qCXi8QDyHbI Blitz Chess #3362 vs IM totus M Klenburg Ruy Lopez Breyer Black
qD_iMZBzBKU Blitz Chess #4835 vs IronButterfly Sicilian Moscow White
qDaLp9a_Wv4 Blitz Chess #3702 vs rpenquin Reti Opening White
qEE25HOOUHw Blitz Chess #4605 vs Smitty77 Sicilian Rossolimo White
qEYef0EMk14 Blitz Chess #2841 with Live Comments Kings Indian Attack vs IM Kirlian C d Amore with Black
qEkn3AxyCCs Sinquefield Cup 2015 Round 9 Recap with all games
qEy99vNm_as Blitz Chess #1782 with Live Comments Queens Gambit Chigorin vs dagoberto with White
qEy_777ucEk Blitz Chess #206 with Live Comments Queens Pawn Modern Defence
qFa5s2ZCwjk Blitz Chess #588 with Live Comments Kings Indian Attack
qGAhGbhcQqU Blitz Chess #274 with Live Comments Italian Game
qI2jZqcUz8k Blitz Chess #2115 with Live Comments Ruy Lopez Steinitz Deferred vs pedroopaiva with Black
qIB2Z9t7iP8 Blitz Chess #4178 vs wagnerbi Benko Gambit Black
qIj3s__HGp8 Blitz Chess #3594 vs IM vaske Kings Indian Makogonov White
qKZ1OrVbIqg Blitz Chess #3541 vs IM Supermouse Le Quang Long English Opening Symmetrical Black
qKyE8rYIr08 Blitz Chess #811 with Live Comments QGD Bf4
qLIXcZY1KCU Blitz Chess #2845 with Live Comments Scotch Opening vs timofonica with Black
qLX6hXj9i0c Blitz Chess #473 with Live Comments Siclian Najdorf English Attack
qLdU0Au3piI Blitz Chess #218 with Live Comments Ruy Lopez Closed
qMQ6YEfHUec Blitz Chess #3893 vs GM JediMaster Reti Opening White
qMRfqjfLbRo Blitz Chess #3942 vs IM tangguo Ruy Lopez Exchange White
qOU3zsxN2_8 Chess Giants #001 - Tal vs Smyslov, Candidates 1959, Caro Kann
qObwMAFeFpI Blitz Chess #3600 vs ElJugador Ruy Lopez Chigorin Black
qOt7srlaEKI Blitz Chess #2352 with Live Comments Sicilian Maroczy Bind vs lukkomies with White
qPA6-oT1Yc8 Blitz Chess #3662 vs vidalnovich Benko Gambit Black
qP_Nd2dOGZE Blitz Chess #2872 with Live Comments Bogo Indian vs IM Foton M Krylov with Black
qQKeqXXFkvw Blitz Chess #3669 vs Loboman Ruy Lopez Classical White
qQL2IEGPxV4 Blitz Chess #4744 vs mgran Petroff Black
qRREdzNZnr0 Blitz Chess #2287 with Live Comments Bogo Indian vs BradyHarder with White
qRT0WQGMD4I Blitz Chess #3950 vs Matteo02 Queen Pawn Black
qRXTa1wK1yY Blitz Chess #2476 with Live Comments Dutch Defence vs IM Melekone M Karttunen with White
qShucILvcRg Blitz Chess #3563 vs IM SurferRosa Queen Pawn London Black
qSnSLUJZZjM Chess Openings Q&A #3
qSu-wskDBMU Blitz Chess #4906 vs Pirat52 Polish Defence White
qUAZMmNqTbg Blitz Chess #393 with Live Comments Ruy Lopez
qUUgvnmm7LE Blitz Chess #3552 vs IM Isokol I Sokolin Queens Indian Petrosian Black
qV70gENNIxI Blitz Chess #105 with Live Comments   Slav Exchange w
qWupIdxgTJE Blitz Chess #1263 with Live Comments Queens Pawn Colle
qX3q5H9lacQ Blitz Chess #1198 with Live Comments Catalan Main Line
qY0SOMDhrBw Blitz Chess #3768 vs GM DougHefferman English Opening Black
qYWTLhlmF-Y Blitz Chess #1020 with Live Comments Sicilian Rossolimo
qYkrrmd4hoQ Opening Disasters #008 - The loose knight
qYtqSAMtVYg Blitz Kibitzing with GMs Van Wely, Lobron and Predojevic
qZJ9vqtyIKY Blitz Chess #4322 vs GM MareAnguis English Opening White
qZUF3tfHYkM Blitz Chess #3668 vs LivingLegend Queen Pawn Colle Black
q_F8lkvomwc Blitz Chess #3570 vs prolo Slav Defence White
qaepBWybiBM Blitz Chess #726 with Live Comments QGD Bf4
qbgZySwwX4M Blitz Chess #3547 vs GM Gentelman S Bouaziz Ruy Lopez Breyer Black
qcQfWHYuVB8 Blitz Chess #1317 with Live Comments French Defence Steinitz Variation
qcqEuK9Jpn8 Blitz Chess #815 with Live Comments Kings Gambit
qd5VfRg9_rA Blitz Chess #2099 with Live Comments Belgrade Gambit vs HermanSteiner with Black
qdVwyorK6HQ 15 Min Chess #180 with Live Comments Nimzo Indian
qe37rH7pVE8 Blitz Chess #3757 vs DaSilva English Opening Black
qemMQI6f6BE Blitz Chess #3580 vs GM Yardbird E Lobron Nimzo Indian White
qg2GH7aw8mE Blitz Chess #916 with Live Comments Ruy Lopez Chigorin
qgfDGjVZcok Tal Memorial 2013 Round 5 Recap
qgjdohhBzDQ Blitz Chess #1553 with Live Comments Caro Kann d3 vs JanBoekelman
qhiGg8Aouiw Blitz Chess #4728 vs jibil Sicilian Rossolimo White
qhrTEWhwFBg 25 10 Rapid Chess #224 with Live Comments Ruy Lopez Exchange vs gmbmw with Black
qhy88Fz7zPc Blitz Chess #1536 with Live Comments Reti Opening vs josesande
qibVWkqSlac Blitz Chess #819 with Live Comments Kings Indian Classical
qic1z4rM8lQ Yearly SuperBlitz Part 1
qik-IaVbbTA Blitz Chess #2321 with Live Comments Sicilian Kan vs IM Cassoulet J Doererassou with Black
qjKZM3pXvEA Livestream on the ICC Sep 12 2016
qjnMkOGcVHA Blitz Chess #4247 vs FM Burgsvik Sicilian Sveshnikov White
qkMAq0gx7Q4 Blitz Chess #4625 vs sedizor Caro Kann Two Knights White
qkVU5nx9d_w Blitz Chess #2995 with Live Comments English Symmetrical vs IM Noghay R Bigaliev with White
qktc4F2eqP8 Blitz Chess #1027 with Live Comments Reti Opening
qm9RMMDbypE Blitz Chess #4933 vs ak61 Kings Indian White
qmnm397fn-g Blitz Chess #4590 vs mobilejaskol95 Queen Pawn London Black
qnq2QhsGCro Blitz Chess #1820 with Live Comments English Defence vs FM karlstad Juri Krupenski with Black
qodxy8Yo-Io Blitz Chess #2642 with Live Comments English Opening vs IM Numerianus S Rueda with Black
qorE3gJ0eNc Livestream Aug 03 2015
qqfVVf7WF8U Blitz Chess #1288 with Live Comments English Hedgehog
qqsTbUCjFqk Blitz Chess #1217 with Live Comments Kings Indian Saemisch
qsiYuIYDFmE Chess Giants #003   Karpov vs Unzicker Nice 1974 Ruy Lopez Chigorin
qsjwKuZuDyc Titantic Battle in the Benoni: Kortschnoi vs Kasparov, Luzern 1982
qspt0xslkHY Blitz Chess #3053 with Live Comments Scotch Game vs Melekone M Karttunen with Black
qtJZNKy4UJw Blitz Chess #4668 vs tsiehta Petroff Black
qu0Eb15LndI Blitz Chess #2274 with Live Comments French Defence vs IM Dorot with White
qu4pkJz8AFo Blitz Chess #2723 Live Comments Owens Defence vs Chapo2 Black Offbeat Week
qu7nu0u_yRo Blitz Chess #2241 with Live Comments Slav Defence Chebanenko vs bariton with White
qun9gmOlNcE Blitz Chess #4540 vs srbislav Four Knights White
qw_EFORNN2k Blitz Chess #394 with Live Comments Kings Indian Attack
qwd80VYLpFs Keep it Simple 1 e4 released on Chessable!
qx8I1tr-UEU Blitz Chess #3811 vs IM alkhateep Benko Gambit Black
qy3OlacS7w4 Blitz Chess #4091 vs JanTheMan Queens Gambit Tarrrasch White
qz-XXAsxgKs Blitz Chess #820 with Live Comments Semi Slav Anti Meran
qzCapSwiGzA Monday Night Liveshow  Feb 12
qzPMcCUh6z8 Blitz Chess #4960 vs NM PhantomAnton Sicilian Rossolimo Black
qzU3JwICxmY Blitz Chess #1060 with Live Comments English Opening
r-2CxwPBwBE Blitz Chess #3709 vs IM PrincePanic W Hendricks Italian Game Black
r-40Q7VDfdA Blitz Chess #2980 with Live Comments Ruy Lopez vs WGM Huba with Black
r-z3Qo60Wa8 Blitz Chess #670 with Live Comments King's Indian
r0laC83V-sk Blitz Chess #1104 with Live Comments French Tarrasch
r1Fn1zk3Xe0 Blitz Chess #603 with Live Comments French Defence
r1Y5nklgQWI Blitz Chess #4832 vs realChessExplainedQueen Pawn London Black
r2HavFuV1po 15 Min Chess #17 with Live Comments - Queen's Pawn Torre Attack
r2bHdGv-w4o Blitz Chess #648 with Live Comments Caro Kann Bronstein Larsen
r35KvIs0av0 Blitz Chess #4236 vs barsuk 071243 Queen Pawn White
r3FYO9nGUfQ 25 10 Rapid Chess #203 with Live Comments Queens Gambit Exchange with Black
r3LNgPG2c0s Blitz Chess #1041 with Live Comments French Tarrasch
r3tAlNPvERQ Blitz Chess #3758 vs IM Zipferlak G Beikert English Opening White
r4X3T-makrY Blitz Chess #804 with Live Comments Caro Kann Advance
r5CLcCsOkxc Blitz Schach #77 mit Livekommentar
r5M92zEswp4 Blitz Chess #215 with Live Comments English Defence e6 b6
r5nISmeQie0 Blitz Chess #2327 with Live Comments Sicilian Taimanov vs JudgeMeek with White
r6EmC86e8jw Blitz Chess #2790 with Live Comments Slav Chebanenko vs IM Kirlian Carlo d Amore with White
r708nH5jEuA Blitz Chess #4139 vs IM IndianKing  V Saravanan Maroczy Bind White
r7l8u13RHeQ Blitz Chess #2975 with Live Comments Kings Gambit vs GreatMao77 with Black
r7xlH_qmFuk Blitz Chess #4518 vs peresin Pirc Defence White
r8GF_3lP-XU Blitz Chess #2613 with Live Comments Kings Indian Classical vs yyh20040918 with White
r8N1GZfVN6w Blitz Chess #293 with Live Comments Caro Kann Bronstein Larsen
r9BsOabqOZM Blitz Schach #146 mit Livekommentar.avi
r9dWHLfnRq4 Blitz Chess #2036 with Live Comments Ruy Lopez vs franocta with Black
r9eDvka0b8k Blitz Chess #3196 with Live Comments Ruy Lopez Breyer vs Cavs2015 with Black
rAbZ6eKRLWI Chesscube - Warzone Final 2012-08-16
rAdBeAGPI2A Blitz Chess #1351 with Live Comments Dutch Stonewall
rAr_4f-vAVI Blitz Chess #4050 vs MrBoris English Opening Black
rB7WAC7TCTg Blitz Chess #1511 with Live Comments Reti Opening vs carlesdc96
rB_YiY9B1O4 Announcement Chess24 Banter earlier today Aug 21 at 4 30 PM CET
rDOr2JNDoQg Blitz Chess #4067 vs GM ARK A Kore Evans Gambit Black
rElnT4Asa2M Blitz Chess #3739 vs FM Mogwai Reti Opening White
rErQI9chILI Blitz Chess #3919 vs arczboev Sicilan Acc Dragon Black
rEyAn_tO9O8 Blitz Chess #4404 vs PloGrinder Sicilian Four Knights White
rFWk0R4l_YY Blitz Chess #1772 with Live Comments Dutch Defence vs Saquito40 with Black
rG541ix4eD0 Blitz Chess #305 with Live Comments Ruy Lopez Chigorin
rGAptROK01U Chess Endgames #004 - Capablanca Tartakover Rook Endgame
rGDB_K8G4fE 15 Min Chess #100 with Live Comments Old Indian
rGQ7-Qib71Y Blitz Chess #09 with Live Comments - Dutch - great tactical battle (w draw)
rGoSTe5trhE 15 Min Chess #14 with Live Comments - Modern Benoni Fianchetto
rHDN7Mxe1dQ Blitz Chess #732 with Live Comments Kings Indian Makagonov 6 h3
rI07VAYc2XY Blitz Chess #873 with Live Comments Kings Indian Saemisch
rIHBn2Ifw6I Blitz Chess #1283 with Live Comments Kings Indian Classical Kortschnoi Variation
rKoa444ZDMU Blitz Chess #1384 with Live Comments Nimzo Indian 4 Qb3 vs GM Kosyrev
rKsbWy5vVt0 Blitz Chess #4398 vs IM Lightlike M Zumsande Reti Opening White
rMF_hICOc_s Blitz Chess #2487 with Live Comments Centre Game vs NICO with Black
rMHjzLGdBGI Fight 1 e4 like Caruana    Preview Ch 2
rMo_OPAr_B8 Blitz Chess #3569 vs MyWay Scotch Game Black
rNVqRaEgMT4 Blitz Chess #597 with Live Comments Caro Kann Bronstein Larsen
rNjipe86wfc Calculation and Tactics #006 - Chess.com Tactics Trainer 2000 Level
rQGhV0cJldA Blitz Chess #4399 vs Pepekan Alekhine Black
rQqnxtzA2X8 Blitz Chess #1786 with Live Comments Kings Indian Double Fianchetto vs iende with White
rSuFgVG3p6g Blitz Chess #2342 with Live Comments Dutch Classical vs GM endlessfighter with White
rT-7FY0ecJQ 1 e4 e5 2 Nf3 others FREE PREVIEW
rT8bBtbFyf4 Blitz Chess #867 with Live Comments Alekhine Defence
rTHVay5mcHk Blitz Chess #4493 vs Zezo master French Exchange White
rTQx2RsBwcs Repertoire for 1 d4   Part 9 Kings Indian II    Sämisch Variation
rU8ndyBoxdg 15 Min Chess #15 with Live Comments - Queen's Gambit Declined QGD Orthodox
rUoOXm3hG2c Blitz Chess #2803 with Live Comments Ruy Lopez vs FM CapitalG K Gulamali with Black
rVXXFj-ry6c Blitz Chess #4197 vs Valai English Symmetrical Black
rVl7MWPuxJQ Merry Christmas Live Stream Dec 25
rWKiknsNcPQ 15 Min Chess #159 with Live Comments Sicilian Dragon Classical
rX5-DmPnRv4 Blitz Chess #3306 with Live Comments Queens Pawn London with White
rY3egWSw6hc Blitz Chess #2362 with Live Comments Snake Benoni vs Mozgokliuj with White
rYUhAL75oPQ Blitz Chess #1960 with Live Comments Grunfeld vs WGM Iva Videnova with White
rYYPa9OBpVA Blitz Chess #113 with Live Comments - Kings Indian Defence
rYxDWazRYNE Kibitzing on GM blitz games with Karjakin - Dlugy - Holt - Slipak and others
r_DI8VSXoxs Blitz Chess #3515 vs Nabucondosor Dutch Stonewall White
r_OJD_imclo Tata Steel 2014 Round 7 Recap
r__pKHqGeTs Blitz Chess #2717 Live Comments Van Geet 1 Nc3 vs FM HSK M Hartikainen White Offbeat Week
rag6gQyTYuE Blitz Chess #374 with Live Comments Viewer Challenge Alekhine Defence
rbMr5Xobjn4 Blitz Chess #4550 vs Spanish Four Knights Black
rctrk7k-I_Q Blitz Schach #52 mit Livekommentar
rcwAl0zkfcQ Tea Session with Chessexplained #26
rcwGJ-ohWTE Blitz Chess #4205 vs Athos Kings Indian Petrosian White
rczDD-ZwWms Blitz Chess #4487 vs Riverboca Scotch Four Knights White
rdzx6EJ3PJw Blitz Chess #2308 with Live Comments Queens Pawn Torre vs ThomasTallis with Black
reIpwJ_PFn0 Blitz Chess #183 with Live Comments Dutch Staunton Gambit
regP9v2mWf4 15 Min Chess #74 with Live Comments Nimzo Rubinstein
rgQGpxRxUyM Blitz Chess #2446 with Live Comments Trompowsky vs GM Agokoy with Black
rh8xOf3j6yA 5 Min Blitz Match vs  Kingscrusher with dual Commentary Game 2 on Aug 26 2011
rhDmZK7HSD4 Blitz Chess #3973 vs MrGartner Sicilian Alapin 2 c3 Black
riJC5T3e5Kw Blitz Chess #3425 vs GM SnoWKiD Sicilian Kupreichik Black
riYum3AdcOM Blitz Chess #2943 with Live Comments Queens Gambit Declined vs HarnFer with Black
riucDwq4iio Blitz Chess #426 with Live Comments Bogo Indian
rj1yQC23k0E Blitz Chess #903 with Live Comments English Defence
rjrkLAGk0oI Blitz Chess #3642 vs FM HSK M Hartikainen Kings Indian Makogonov White
rlxHusHfpck Blitz Chess #2886 with Live Comments Budapest Gambit vs probable cheater with White
rmBzgrTqw9k Blitz Chess #4012 vs IM PrincePaniv W Hendriks Sicilian Kan White
rn1LlYaSoAI Blitz Chess #1844 with Live Comments Philidor Defence  vs Relaxo with White
rn4_mzizRFk ICC Livestream August 13
rnWQKyqAoWM Blitz Chess #3024 with Live Comments Queens Gambit vs IM swop M Mueller with White
rnk4RP9A4QI Tea Session with Chessexplained #23
roBrx5WsU8I Blitz Chess #744 with Live Comments Queens Gambit Chigorin
rpiJqiV7lXU Blitz Chess #153 with Live Comments - Ruy Lopez Exchange vs. GM Womacka
rrWEl7OaXJ0 15 Min Chess #166 with Live Comments Blumenfeld Gambit
rsUvPJs_87g Blitz Chess #3187 with Live Comments Trompowsky vs GM Adaptation Fabiano Caruana with Black
rssGd8tSBtc Blitz Chess #1015 with Live Comments Open Sicilian
rswX-Qvn9yM Blitz Chess #1129 with Live Comments Ruy Lopez Cozio Defence
rtc5k0auO9A Blitz Chess #2266 with Live Comments Kings Indian Averbakh vs antoniob with Black
rvwRBMUng7Y Blitz Chess #3035 with Live Comments Trompowsky vs FM Bagelhead with Black
rwG9fHFKdew Blitz Chess #513 with Live Comments Caro Kann Advance
rwJvKeKmWZQ Blitz Chess #2606 with Live Comments Centre Game vs Danyman10 with Black
rwmMf_Hx2Z4 Blitz Chess #1770 with Live Comments Sicilian Scheveningen vs BakuntsRafael with White
rx3KXs6Mxjk Blitz Chess #2806 with Live Comments Queens Gambit Declined vs fernandomata with White
rxK_rBmyExs Blitz Chess #449 with Live Comments Sicilian Taimanov
ryGiECDeC_Y Blitz Chess #1473 with Live Comments Black Knights Tango vs ReThink
rzFAym2ndvg Blitz Schach #60 mit Livekommentar
rzFE2SVr-0U Blitz Chess #2264 with Live Comments French Advance vs fernandomata with Black
rzHYRFYGxNw Blitz Chess #1049 with Live Comments Irregular Opening
rzbjEMBpYNc Blitz Chess #1201 with Live Comments Bogo Indian
s-0G6_3wvmI Blitz Chess #3070 with Live Comments Sicilian Myway Variation vs Myway with Black
s-OFnv6SBck Sinquefield Cup 2015 Round 1 GOTD Carlsen vs Topalov Sicilian Defence Moscow
s-yuA1iIe94 ICC 5min Blitz Schach mit LIvekommentar #10
s01Ky2Quljw Blitz Chess #3749 vs Charlemagne Benko Gambit Black
s2b43NzGlyk ICC 5min Blitz Schach mit LIvekommentar #19
s3lb1PMX_js Blitz Chess #4819 vs vbar QGA Black
s58--umhvSs Blitz Chess #1315 with Live Comments Scotch Game vs IM Eid
s5BEuKrGQjM Blitz Chess #3576 vs IM inmortal Bird Opening Black
s5JxwDPsxOc Blitz Chess #4340 vs MyWay English Opening White
s5KLh_gfWzY Blitz Chess #466 with Live Comments Caro Kann Panov
s5TldWpRcfo Blitz Chess #3932 vs IM Olegas O Krivonosov Caro Kann Panov Black
s5ZvwXFpPEk 15 Min Chess #28 with Live Comments - Sicilian Alapin 2c3
s5abqBmJ-uA Blitz Chess #976 with Live Comments Nimzo Kasparov Variation
s7dt_uCxkcs Tata Steel Round 4 Recap (see Extra Video from Jan 15 for Aronian vs Anand)
s8PvNZAa3sU 15 Min Chess #139 with Live Comments Grünfeld Fianchetto
s9EeKoFlGUw Blitz Chess #4230 vs avc1964 Siclian Maroczy Black
s9YxJanV97I Meet a friend (chessplayer and coach) traveling the US West Coast
sA48X7tkPRc 3 Minute Madness #001
sBazX4slk4Y Monday Night Liveshow Jan 22
sCsWbbpJQco Blitz Chess #4613 vs El Ajedrecista Sicilian Moscow White
sCxwMc6tGKM Blitz Dual Commentary vs IM John Bartholomew
sG8DwqYU3BU Blitz Chess #1209 with Live Comments English Defence
sGBLmme2mcE Blitz Chess #441 with Live Comments Caro Kann Bronstein Larsen
sGWbUx7knQ4 Blitz Chess #4785 vs lilipoot88 English Symmetrical White
sH-kdRPcXRc 15 Min Chess #170 with Live Comments Sicilian Defence
sICQ3-OL6fc Blitz Chess #1013 with Live Comments French Classical Alekhine Chatard
sIK1efVgbKo Blitz Chess #2880 with Live Comments Bogo Indian vs GM Coolwizard D Jakovenko with Black
sJ0KTTnnmdo Blitz Chess #3900 vs IM Jesper Hall Ruy Lopez Smyslov Black
sJdI84LSgfI Chesscube - Warzone Bullet 2014-06-07
sKcozASzV0Y 15 Min Chess #19 with Live Comments - Sicilian Rossolimo (3 Bb5)
sKjKL4aoRSo Blitz Chess #1174 with Live Comments Nimzo Indian Saemisch
sKs61Brhw20 Blitz Chess #3371 vs northhampshire Dutch Classical White
sL1JIiCnrgA Blitz Chess #4165 vs Aladdin English Mikenas White
sM58lwIxSwU Livestream on the ICC Dec 05 2016
sOcFmkOwQQU Calculation and Tactics #019 - Chesstempo Tactics Trainer
sPRj10xOqa0 Blitz Chess #3038 with Live Comments Nimzo Indian Saemisch vs Girome with White
sPUgYyN-ebg Blitz Chess #1489 with Live Comments Queens Gambit Accepted vs crapablanca
sQBi4tszE3g Blitz Chess #1990 with Live Comments Ruy Lopez Chigorin vs GM Leshy Bryan Smith with Black
sRFLWiqrWu8 Chess Endgames #017 - Vera vs Andersson: How bad is this bishop really?
sRJej2a_KB4 Gashimov Memorial 2015 Round 7 Recap
sS5xRQUrFcQ Blitz Chess #2040 with Live Comments Kings Indian Averbakh vs ApolloCreed with White
sSgACzkg1LU Blitz Chess #1440 with Live Comments Queens Pawn London System  vs Eu7
sTFraobh5Ss Blitz Chess #4536 vs Bestof3 Ruy Lopez Breyer Black
sTmmPmfFecQ Blitz Schach #125 mit Livekommentar.avi
sUugCUal8I8 Blitz Chess #2484 with Live Comments Queens Gambit Accepted vs Danyman10 with White
sVWezyOptA8 Blitz Chess #613 with Live Comments Trompowsky
sVlIhzEN2v0 Blitz Chess #3401 vs MyWay English Symmetrical White
sVtLIx9enpw ICC Livestream Jan 18
sWJDF5CP1n8 Blitz Chess #2270 with Live Comments Sicilian Rossolimo vs IM Fishbowl with White
sWSIP7rgOvc Blitz Chess #3770 vs GM SnoWKiD English Opening White
sWfvBgEiluE Blitz Chess #2407 with Live Comments Benoni vs IM PrincePanic W Hendricks with White
sWog8h4_pcc Blitz Chess #4132 vs Plussss Nimzovich White
sXntsQRzSmk Blitz Chess #3915 vs IM Isokol I Sokolin Benko Gambit Black
sY32kR8DS68 Gashimov Memorial 2015 Round 5 Recap
sYE5a8CifiM Blitz Chess #631 with Live Comments Pirc Defense
sYpNq0RaP3Q Blitz Chess #4930 vs kekss5 Modern Defence White
sZ91gU5GSCU Blitz Chess #2555 with Live Comments English Symmetrical vs saturn36 with Black
sZUSC-3KG7o Blitz Schach #128 mit Livekommentar.avi
s_4FdiZMY_4 Blitz Chess #3165 with Live Comments Kings Indian Makagonov vs GM Maxim Dlugy with White
s_IC42L2oW0 Blitz Chess #1010 with Live Comments Double Fianchetto
sbJhHzOpoIo Blitz Chess #2128 with Live Comments Queens Pawn vs IM Badigo Ilgar Bajarani with White
sbOzKqUINvU Blitz Chess #3621 vs GM Darnoc C Holt Nimzo Indian Classical Black
sbkqp_5GE5k Fighting French - Svidler vs. Vitiugov from the Russian Championships
scH_1jDFGIs Blitz Chess #2103 with Live Comments Italian Game vs IM PrincePanic with Black
scn0d1JRiwA Blitz Chess #2117 with Live Comments Italian Game vs GM Champbuster S Kristjansson with Black
sd0ygAd2BPo Blitz Chess #3929 vs CM KingCrusher T Gavriel Black
sdHtq54ExiQ Blitz Chess #1909 with Live Comments Ruy Lopez vs IM Drk Danny Kopec with Black
seCS_4I8kU8 Blitz Chess #2532 with Live Comments Italian Game vs IM Zipferlak G Beikert with Black
seSNmHwsmF8 25 10 Rapid Chess #201 with Live Comments Albins Counter Gambit with White
seWL6jgZrfQ KIS 1 d4   Chapter 3   Preview
seggVlYGaQo Blitz Chess #4778 vs Zucchini81 Petroff Black
sfLRt6fRRk0 Blitz Chess #4951 vs IM Arrowlimit Sicilian Rossolimo Black
sgJdB3Y9gko 15 Min Chess #66 with Live Comments Scotch Opening
sghPvhIg_Xg Blitz Chess #1617 with Live Comments Nimzo Indian Saemisch vs lionfigueredo with Black
sguJnNKTqzw Masters Final - Carlsen and Aronian both blunder - Caruana on a roll!
sgyp72SZrX8 Blitz Chess #1305 with Live Comments English Opening Viewer Challenge
shZwvDCQnkQ Rapid Chess #229 vs RSA Grunfeld Russian with Black
sjXln7drjaU Blitz Chess #3475 vs IM mishel M Agopov Ruy Lopez Black
sk4yld8ClQ4 Blitz Chess #4402 vs Ramiano2017 Benko Gambit Black
slG6leRs0Zc Channel Update and Chess24 Projects
slaFmA2zq-M Blitz Chess #275 with Live Comments Nimzo Rubinstein
sm2Gm7IeFxA Lichess 45 45 League Games Reviewed - lakinwecker vs MadLoKi
sm4EI1T8n9E Blitz Chess #4451 vs IM leon28 R Mendoza Alekhine Black
smsDnVyQsmA Blitz Chess #1882 with Live Comments Reti Opening vs swop IM Matthias Mueller with White
smtYvp-m3D4 Blitz Chess #2247 with Live Comments Bogo Indian  vs Isokol I Sokolin with Black
snRjhbdnn5w Tata Steel 2016 Round 1 Recap
snzHxiFsHUo Blitz Chess #2236 with Live Comments Two Knights vs Agameon with Black
so2Sx2bsf7I Blitz Chess #1514 with Live Comments Dutch Stonewall vs Inino
soUpPfS9N6w Blitz Chess #2053 with Live Comments Kings Indian vs Panopticon with White
sokR9WTNnew Blitz Chess #3509 vs GM Dalmatinac I Saric Italian Game Black
spKtdZinGDc Blitz Chess #1428 with Live Comments Modern Defence vs mhb
spbTLLc10nw Blitz Chess #186 with Live Comments Nimzo Indian 4 f3
spn9ViN2KRY Blitz Chess #2505 with Live Comments Queens Indian vs frederico with Black
sps3dQIJpIg Blitz Chess #2464 with Live Comments French Advance vs IM TigerPetrosjan M Manninen with Black
sq1j8sQ5vCM Blitz Chess #3152 with Live Comments Kings Indian Makagonov vs e886368a584kkk with White
sqY8T65IBoQ ICC Livestream Feb 08
sqz4GmFE4tY Blitz Chess #2543 with Live Comments Larsen Opening 1 b3 vs Blu with Black
srDPC7pMAaY Blitz Chess #3019 with Live Comments Vienna Game vs Turkster with Black
srf_4J3f_38 Blitz Chess #97 with Live Comments - Modern Defence vs  IM (w)
srtmJX-JajQ Blitz Chess #999 with Live Comments Slav Exchange
ss5mCP-UPoM Blitz Chess #3801 vs IM Olegas O Krivonosov English Opening Black
su22LAmpjt8 Live stream Match vs IM John Bartholomew on Sat Nov 7th
suU5WITjinY Blitz Chess #2332 with Live Comments Sicilian Kalashnikov vs GM MareAnguis with Black
subzlXs-Rj0 Blitz Chess #1282 with Live Comments English Defence
suvcUuSJErE Blitz Chess #4499 vs tep test Petroff Black
svOZGDYqfBQ Blitz Chess #3319 with Live Comments Benoni vs Plusss with White
sw_r1fLgUaU ICC Livestream August 22
sxe4TUZRTwQ Blitz Chess #1673 with Live Comments Queens Gambit Declined vs ennecerus with White
syboRX4K9sk Blitz Chess #4878 vs clearEye Trompowsky Black
sz5VjXy3dbU Blitz Chess #4057 vs Tuborg Caro Kann White
szf8K9YPWBk Blitz Chess #982 with Live Comments French Classical Steinitz
szk5qp5R_VM Blitz Chess #3812 vs IM Lotus Eater English Opening White
t01HY4gIn6A ICC 5min Blitz Schach mit LIvekommentar #8
t0X9YTd9bRg Blitz Chess #1593 with Live Comments Queens Gambit Semi Slav vs HJSimpson with White
t1ewPaJLt74 Blitz Chess #3311 with Live Comments Wade Defence vs GM Bones F Holzke with White
t2XmSu2A14w Blitz Chess #2948 with Live Comments Kings Indian Attack vs Ezdanitoff with White
t3VM8uWu3Aw 15 Min Chess #90 with Live Comments Semi Slav Anti Meran
t3coyfPcIIc Blitz Chess #3616 vs GM UzbekTiger T Vakhidov Nimzo Indian Kasparov Black
t3rsW04OYuw Kibitzing on GM elect Holt and IM Hansen
t4IBNkquH8c Istanbul Chess Olympiad 2012 Rd 4: Ivanchuk strikes and Nakamura scores (reloaded!!)
t4zV9xctboM Blitz Chess #3453 vs sonicdravise Nimzo Indian Kasparov g3 White
t578Il0J_Qc Blitz Chess #2445 with Live Comments Queens Gambit Accepted vs Sjakkmat with White
t5LcvYaestE Livestream on the ICC Feb 27 2016
t88NnpqsC1Q Blitz Chess #3780 vs Aladdin Ruy Lopez Black
t8JEsqg0SMo 15 Min Chess #118 with Live Comments Benko Gambit
t8vFfc81XKw Chesscube - Warzone Final  2012-11-01
tACu3p0bE00 Blitz Chess #502 with Live Comments Nimzo Saemisch Hubner Line
tAXDyIP39YQ Blitz Chess #2032 with Live Comments English Defence vs blitzzking with Black
tBFc9J-TOJI 15 Min Chess #123 with Live Comments Sicilian Smith Morra
tBokNskEOcg 5 Min Blitz Match vs  Kingscrusher with dual Commentary Game 1 on Sep 18 2011
tBr1qO_ElAI Blitz Chess #512 with Live Comments Sicilian Najdorf Bc4
tC3ESBsBHxs Blitz Chess #4188 vs Dinochess Reti Opening Black
tC6swziDwTk Blitz Chess #3077 with Live Comments French Tarrasch vs IM Templar Assasin with White
tC79XMNP8b0 Blitz Chess #417 with Live Comments Italian game
tCAVxvcPX58 Blitz Chess #1446 with Live Comments Queens Gambit Marshall Defence vs vadim nd IM Vadim Zaitsev
tCCWpHL4TMQ Blitz Chess #3042 with Live Comments Ruy Lopez vs Nefertem with Black
tCtQ9kMpuMo Blitz Chess #3214 with Live Comments Nimzo Indian Saemisch vs IM supersasha M Berkovich with White
tDVFaaNznZM ICC Livestream Apr 18
tDebKyaXvj8 German Videos for ICC Members
tDg2IzNpjNQ Blitz Chess #4363 vs GM Brutalforce R Janssen English Opening Black
tEtb_n_1D18 Blitz Chess #1945 with Live Comments Kings Gambit vs Jahudor with Black
tFD9tzEfKmY Blitz Chess #3499 vs SMETA08 Queens Gambit Semi Tarrasch White
tFYkxs4AVtc Sinquefield Cup 2014 Round 8 Recap
tG5tF7SEMUM Blitz Chess #1128 with Live Comments Grünfeld
tHsdyliMfO4 15 Min Chess #3 with Live Comments - Skandinavian
tIUy1P0mpiA Blitz Chess #1139 with Live Comments Budapest Gambit
tIqvovz_4bg Blitz Chess #2412 with Live Comments Queen Pawn vs FlammaSaevitia with Black
tJC_VxLimMw Blitz Chess #621 with Live Comments Larsen Opening 1 b3
tJcfDRGBQuI Blitz Chess #1902 with Live Comments Nimzo Indian Classical Zurich vs rpenquin with Black
tK-0EYJYYa8 Livestream on the ICC Mar 06 2016
tKKH_4rxteo Blitz Chess #1663 with Live Comments Slav Defence vs getnice89 with White
tNQqNefOcps World Championship 2016 Game 12 Carlsen vs Karjakin
tNUOd1dAuec Chessexplained Livestream Dec 08 2014 London Classics Blitz
tNmBdkudVEw Blitz Chess #3230 with Live Comments Queens Gambit Decelined vs peregrine 64 with White
tO1JiqQYdQ8 Blitz Chess #3508 vs IM VanNostrand Slav Defence White
tOVw3Vz6_jo Blitz Chess #2229 with Live Comments Queens Pawn vs zullana with White
tP0RoCslEy4 Blitz Chess #2418 with Live Comments Queen Pawn vs ThomasTallis with Black
tQyxPC47VFU Blitz Chess #3532 vs maxkushner Kings Indian Makogonov White
tRRk7Hn7ynk Chess Endgames #007 - Basics - King and Pawn vs King
tRWkMeIGkr8 World Championship Game 6 - Gelfand vs Anand
tSQsEeyWMfQ Blitz Chess #479 with Live Comments Kings Indian Classical
tT-2HLcL03s Blitz Chess #941 with Live Comments Nimzo 4 f3
tTleAAdqCg4 Blitz Chess #1318 with Live Comments Kings Indian Four Pawns Attack
tTwSC1Ju6UA Blitz Chess #2796 with Live Comments English Symmetrical vs SmokeAndMirrors with White
tWlgjqATCk4 Blitz Chess #1808 with Live Comments English Hedgehog vs confusa with White
tWx--bj8WIE Chess World Championship Match Chennai 2013 Game 8: Carlsen Anand, Ruy Lopez Berlin
tZEzybpMo0c Opening Disasters #003 v d Wiel vs v Baarle Smash the classic Philidor move order
t_AuYhNnrbY World Championship Candidates Moscow 2016 Round 6 Recap
t_LLBOqmO_o Candidates 2014 Round 4 Anand vs Kramnik Queens Gambit Vienna Variation
t_XF-i1D6P4 Blitz Chess #283 with Live Comments French Tarrasch
t_h-r85-MZQ London Grand Prix Recap ft Alexander Grischuk vs Boris Gelfand, Sicilian Defence
taM2vDOxDfA Blitz Chess #3892 vs GM El Marmalade E Magerramov Benko Gambit Black
tbAd2AFPA88 Blitz Schach #162 mit Livekommentar.avi
tbCddkki1xg European Club Cup first 3 Rounds Recap
tbj0kZlV7SE Blitz Chess #1941 with Live Comments Reti Opening vs BakuntsRafael with White
tc4ORa3KwM0 Rapid Chess #255 vs higahashi English Opening White
tcxHPOO8gLw Blitz Chess #4801 vs A Pan QGA Black
tdL6yM-yaAo Blitz Chess #3681 vs Fishpuppy English Opening Black
tdqorlJH-Iw Blitz Chess #2155 with Live Comments Queens Gambit Declined vs FM Czentovic S Bjornsson with White
tdsPKWFLJ9Q Blitz Chess #1289 with Live Comments Slav Triangle Noteboom
teX3kXHwnps Blitz Chess #69 with Live Comments   Sicilian Najdorf vs GM Dziuba (w loss)
tf1OQxFYJ38 Blitz Chess #4244 vs GM Atalik Benko Gembit Black
tf6hLXJp-ts Blitz Kibitzing with GMs Yasser Seirawan and probably Alexander Morozevich
tfHVeDeJ0kU Blitz Chess #2023 with Live Comments Grunfeld vs walter with Black
tgMnvVmkrT0 Blitz Chess #3836 vs IM DarkPassenger Benko Gambit Black
tgq4dabtDlQ Blitz Chess #2935 with Live Comments Sicilian Taimanov vs IM Cassoulet J Dourerassou with Black
th382q80yQQ Blitz Chess #4504 vs oyunsonukale Scotch Four Knights White
thXLVMmPb0E Blitz Chess #2656 Live Comments Sicilian Kopec vs GM Agokoy White Opening Challenge Week
tiT-pfvlmeU Blitz Chess #1002 with Live Comments Sicilian Najdorf Sozin
tkxYDPSq77Y Blitz Chess #4586 vs Korum65 Nimzovich Defence White
tlAsANFuR6U Biel Round 8 Recap with Hikaru Nakamura vs. Wang Hao English Keres Variation
tloDCcPok3U Blitz Chess #3142 with Live Comments Italian Game vs Cryptochess with Black
tm3mSjLqIRs Blitz Chess #4881 vs INDEHOI Scandinavian White
tmsSc3WtaIw Livestream Sep 14 2015
tnBL4ZpvjZg Blitz Chess #158 with Live Comments Sicilian Smith-Morra Gambit
tnEIEEYDOKQ Blitz Chess #3236 with Live Comments Queen Pawn vs Uptowngirl with Black
tnKmVdtWc8c Blitz Chess #4777 vs Zucchini81 Petroff Black
tnOwyAr2-IY Blitz Chess #4183 vs NM Rokomotion S Rokosky White
tnUhPiieRlo Blitz Chess #4478 vs IM supersasha M Berkovich Reti Anti Dutch
tniYLoikOBw Blitz Chess #1178 with Live Comments Blumenfeld Gambit
to3PK33YAlM Blitz Chess #1034 with Live Comments Sicilian Alapin via Smith Morra
toEGLK00hI8 Livestream April 20 2015
toGDsyXDf6k Calculation and Tactics #003   Chess com Tactics Trainer 1500 level
toTyT9-YMlk Blitz Chess #687 with Live Comments King's Indian
toUSP9qAJJs Blitz Chess #416 with Live Comments Sicilian Smith Morra Declined
towT_Xso8Ho Blitz Chess #1467 with Live Comments Irregular Opening vs Poisson
tp8Btad7B-g Tata Steel Final Round Recap
tpOOd7oGusg Blitz Chess #4640 vs Primu Scotch Four Knights White
tq8RQ47cKac Norway 2013 Super Tournament Round 2 Recap
tsUVP_3rcQc Perpetual Chess, Black Friday, KIS d4 print and Live Shows
tsgaxDl-2DM Blitz Chess #2514 with Live Comments Grunfeld vs Gordius with White
tsi0sgBUycg Blitz Chess #118 with Live Comments - English reversed Grand Prix
ttUryJuWi-s Blitz Chess #1534 with Live Comments Larsen Opening 1 b3 vs Josesande
tw12FMfM0Tc Blitz Chess #2011 with Live Comments Modern Hippo vs IM Dromedar Jesper Hall with White
twGWRHrE9A0 Blitz Chess #3052 with Live Comments Queens Pawn London vs bariton with Black
twKyj-XkRk0 Tata Steel Round 8 Van Wely-Nakamura
twOHt_Vea_E Blitz Chess #2378 with Live Comments Neo Philidor vs superknightaj with Black
twaJiQI88lc Blitz Chess #4870 vs matussalen Slav QGA Hybrid Black
txgHHUNbfvc 15 Min Chess #80 with Live Comments Blumenfeld Gambit
tyM92Y8zkek Blitz Chess #3619 vs GM taktikus Z Medvegy Queen Pawn London White
tzTIMttton0 Blitz Chess #1004 with Live Comments Caro Kann Advance
u1BXVCFh5-c Blitz Chess #1664 with Live Comments Sicilian Kupreichik Variation vs BillMurray with Black
u1BoZB4rnfQ Caro Kann 1 e4 c6 2 Nc3 d5 3 Nf3 FREE PREVIEW
u1UR3ZGtdcw ICC 5min Blitz Schach mit Livekommentar #28
u1kqvqsJJ4g Blitz Chess #1245 with Live Comments Bogo Indian
u213FIXZz90 Stay at home and enjoy Chess #4
u310xFjcJi4 Blitz Chess #2232 with Live Comments Nimzo Indian Classical vs FM ercoleiaccone with White
u3Sok9i_dtM Blitz Chess #1668 with Live Comments Scotch Opening vs MyWay with Black
u3zv4TVZIcE Blitz Chess #3268 with Live Comments Sicilian Sozin vs elchampion1 with Black
u58_50zE-p8 Blitz Chess #2522 with Live Comments Queens Pawn vs FM Mako T Straeter with Black
u6U26gLPPpM Blitz Chess #4145 vs Plogrinder Queens Pawn Black
u6WOMgy_AFI Blitz Chess #1255 with Live Comments Dutch Stonewall
u7OtH3Z9_II Blitz Chess #4945 vs IM ich2 Modern Defence White
u7g3ttr5VD4 Chesscube - Warzone 2012-03-14
u7nPGK3EC-Y Blitz Chess #703 with Live Comments English Defence
u8fVYNT-Xns Blitz Chess #2408 with Live Comments Ruy Lopez vs nino dg with Black
u9JkPAS1h0A Blitz Chess #3645 vs Amarcord Queen Pawn White
u9R2FEzZHdU Blitz Chess #1364 with Live Comments Italian Game
u9Y0zlCQhsg Blitz Chess #926 with Live Comments Sicilian Rossolimo
u9cH0sSc6fE Blitz Chess #1518 with Live Comments Larsen Opening 1 b3 vs Joorge anonymous IM
uA9MwfYFWzo Blitz Chess #3796 vs IM MWeston Queens Pawn London Black
uBQrPNm_6_4 Blitz Chess #4916 vs verdik Sicilian Dirty Harry Black
uBqNwiS5fAM State of the channel and current projects
uDK5ktoqVLs Blitz Chess #3055 with Live Comments Queen Pawn Torre vs Mozgokliuj with White
uDjPRzEocBw Blitz Chess #3843 vs Mattes Sicilian Rauzer Black
uEAqTW-w3io Blitz Chess #667 with Live Comments Nimzo Classical Zurich
uEzzSbU2B0g Blitz Chess #1442 with Live Comments English Defence vs ChessIPO1
uFeKfTVEb6A Blitz Chess #2548 with Live Comments Kings Indian vs GM Falstaf A Demchenko with White
uFgszCC5Vrw Tea Session with Chessexplained #2
uGZi3yzxIm8 Blitz Chess #3676 vs ThisWontWork English Opening Black
uHj_1S2AV18 Rapid Chess #236 vs smokiee Alekhine Black
uIkhZInjkbE 15 Min Chess #111 with Live Comments Grunfeld Defence
uIwmODnxSOg London Chess Classics 2015 Round 5 Recap
uJ1x232woSo Modern Classics Ep 4:  Serper-Nikolaidis, St Petersburg 1993
uJCWQ0OTnek Blitz Chess #415 with Live Comments Trompowsky
uJOyapuqkNY Blitz Chess #3262 with Live Comments Nimzo Indian vs Cheater with Black
uJY8UuIE9lM Blitz Schach #110 mit Livekommentar.avi
uJoKs149oC0 Blitz Chess #381 with Live Comments Philidor Defence
uJxQ_k6bzKE Blitz Chess #2982 with Live Comments Sicilian Moscow vs Athos with White
uK35mA_dCcs Blitz Chess #1169 with Live Comments Benoni
uKWQefW242c Blitz Chess #1948 with Live Comments Bogo Indian vs papoal29 with Black
uKrurVCGjec Chess Openings Uncovered Ep 1: The Sicilian Najdorf, Fischer's and Kasparov's favorite Defence
uKxKnfEXKBY Hourly Superblitz on Lichess Jan 10 2018
uLCvqg9v8nI Blitz Chess #547 with Live Comments English Defence
uLFNajZos1w Blitz Chess #3357 vs FM Flashlight Trompowsky Black
uLM1NE0m6mk Blitz Chess #2341 with Live Comments Modern Benoni vs hangingpawns with Black
uLzH5MtbYRQ Blitz Chess #860 with Live Comments Ruy Lopez Exchange
uMrhYQHJ9T8 Blitz Chess #1881 with Live Comments Queens Pawn Torre vs papoal29 with Black
uNJaGNc7F2M Blitz Chess #3710 vs IM Spartacus 77 Catalan Black
uRSFCqc8xvg Blitz Chess #2645 with Live Comments Reti Opening vs FM Greenday27 with White
uRYIFPajpNg Blitz Chess #4657 vs rwth Spanish Four Knights Black
uRwT1MAd0-s Blitz Chess #805 with Live Comments Pirc Classical
uS8Iw_9M1lA Blitz Chess #2009 with Live Comments Modern Defence vs RaduRoua with Black
uS92oLHYEmM Blitz Chess #2581 with Live Comments Kings Indian vs JanTheMan with Black
uSjhYbc1T6M Blitz Chess #4242 vs SG17 Closed Sicilian Black
uTN7WtuRlS4 Blitz Chess #1974 with Live Comments Queen Pawn Colle vs IM Melekone Mika Karttunen with White
uTNVtInJTSo Istanbul Chess Olympiad 2012 Rd 3: Two French games w Jakovenko and Radjabov plus Kramnik v Shirov
uTPB7KJM6bY Blitz Chess #221 with Live Comments Caro Kann Bronstein Larsen
uTfO9z2ndKs Blitz Chess #1612 with Live Comments Spanish Four Knights vs GIRIKYAN with Black
uUWrAIe9t18 Tata Steel 2017 Highlights Round 10
uUlh1gan-EQ Blitz Chess #1807 with Live Comments Sicilian Rossolimo vs mhb with Black
uWiDO7z4Eh0 Blitz Chess #2110 with Live Comments Queens Gambit Declined vs farhan with White
uWiH_zEf-zg Blitz Chess #3972 vs osthans Sicilian Taimanov White
uX0rby_CdwI Blitz Chess #3807 vs GM Lunaticx P Michalik Italian Game Black
uXZK5is9qCg Blitz Chess #2046 with Live Comments Italian Game vs IM Papaoutai Quintin Loiseau with Black
uYZ68HsqdXk Kingscrusher vs Chessexplained Blitz Match Live stream on Sunday 29th
uYn4SfKCdzg Blitz Chess #4339 vs Iwanttobe2700 Benko Gambit Black
uZKlkOPsXTc Black Repertoire 1 e4 e5 Part 9 Defuse the Evans Gambit
uZaaLCId0VQ Blitz Chess #2560 with Live Comments Queens Gambit Declined vs FM Memento with White
uZh2UtleOOI Blitz Schach #94 mit Livekommentar
uZjiyKwRyQM Blitz Chess #1794 with Live Comments Nimzo Indian Saemisch vs Horobetz with White
u_DHxfpTde8 25 10 Rapid Chess #205 with Live Comments Sicilian Taimanov with Black
u_rgYLHCvpU Livestream Jun 01 2015
uahz5AzMWY8 Blitz Chess #1179 with Live Comments Grunfeld Russian Variation
ubeYxIdVXmk Calculation and Tactics #008 - Chess com Tactics Trainer 1800 Level
ud02MOo_8lw Blitz Chess #4795 vs bigwh Reti Opening White
udzqxtCQSU0 Blitz Chess #213 with Live Comments Dutch Defence
ueVvwkWPBpc Blitz Chess #3215 with Live Comments Reti Opening vs IM broker with White
uebVA4lnx9A Blitz Chess #4088 vs Akito Queen Pawn London Black
uehusHH0S3g Dual Commentary 5 min Blitz vs. Kingscrusher Game 1
uezbLc1HIV8 Blitz Chess #2865 with Live Comments Kings Indian Attack vs KyleOchoa with Black
uf7XQzJjXzw Blitz Chess #644 with Live Comments Catalan
ufH02ZndnPM Blitz Chess #1021 with Live Comments French Classical Steinitz
ufV9RusqIeE Tea Session with Chessexplained #6
ufaYB3nfbnQ Blitz Chess #3252 with Live Comments Scotch Game vs iende with Black
ugTOhkrxfrM CE playing Mallorca Open Rd 7 IM Castellanos Rodriguez Elo 2474 vs C Sielecki Sicilian Defence
uhGPN9i5sRg Blitz Chess #4574 vs tohid1pa2paa Scotch Four Knights White
uil1H2qzFX8 Blitz Chess #3861 vs GM AttackGM J Hodsgon Trompowsky Black
ujVFM24kFck 15 Min Chess #165 with Live Comments Sicilian Maroczy Bind
ujj8Vi46BcA Blitz Chess #1542 with Live Comments Double Fianchetto vs Dragon 70 GM Khachiyan
ujm5byJlYkM Blitz Chess #1172 with Live Comments Nimzo Indian Saemisch
ukg3Pq5G_p4 Blitz Chess #915 with Live Comments Reti Opening
ulaWPkUHN9Q Blitz Chess #1158 with Live Comments Ruy Lopez Central Line
umAIT9iZsWA Blitz Chess #4745 vs chessbaws Sicilian Rossolimo White
un63gO0NoPI Blitz Schach #42 mit Livekommentar
unZBQthN_x0 Hourly Bullet Arena on Lichess July 30
unaISMnGeNY KIS 1 d4   Chapter 9   Preview
unxyuo0A4J4 Norway 2013 Super Tournament Round 1 Recap
uoVRb4Zv6k0 Blitz Chess #262 with Live Comments Benko Opening
uoizm3Uhves Blitz Chess #4433 vs zhuzhenghai008 Benko Gambit Black
uojwheXsJaM Blitz Chess #1093 with Live Comments Grunfeld Reversed
up2FhV71PU0 Blitz Chess #4768 vs Polfruk Queens Pawn Black
uq-vbILF6xY Great Games of Anand and Carlsen Part 8 Carlsen-Hracek, Germany 2007
uqUsU3xDEms Blitz Chess #4182 vs Peregrine64 Reti Opening White
uq_O6xez-OE Blitz Chess #1879 with Live Comments Slav Defence vs GM DrainYou S B Hansen with White
uqeb628fYN4 Blitz Chess #3447 vs GM Redkit Queens Indian Black
ur4FUbJGC0w Blitz Chess #330 with Live Comments Sicilian Smith Morra
ur9q9OdU0gg Blitz Chess #4360 vs Debomartarte Italian Game Black
urpLl1AjUzw Blitz Chess #15 with Live Comments - Nimzo Samisch (w loss)
usnN_Cm6Oq0 Blitz Chess #742 with Live Comments English Opening
uswbGt24IuI CE on CE - Bad Wiessee op Rd 7 - IM Sielecki (2439) vs FM Deglmann (2340) Nimzo Indian Classical
uu-AHPvCUZM Blitz Chess #2141 with Live Comments Dutch Leningrad vs IM Zoran Ilic with Black
uuKnrzThpPo Blitz Chess #3797 vs EddieMarsalla English Opening White
uuKtz-k0tTE Blitz Chess #1301 with Live Comments Petroff Russian Defence Cochrane
uuTZLw_BGik Blitz Schach #89 mit Livekommentar
uuZGItSErP8 Blitz Chess #1845 with Live Comments Philidor Defence  vs seramoral with Black
uupK3vYaheA Blitz Chess #1061 with Live Comments Neo Philidor
uvdL4gq6Epc Blitz Chess #4044 vs GM Dynamo63 Ruy Lopez Exchange White
uwJePb1TGnA Blitz Chess #2339 with Live Comments Sicilian Kalashnikov vs FM GuerreiroDaLuz with Black
uwSFgjg8Jqs Blitz Chess #851 with Live Comments French Classical Steinitz
uwurFpwrlAU Tata Steel Round 12 Recap
uxNliC5Zr0I World Chess Championship London Candidates Tournament 2013 Round 9 Recap
uyp3DxPegRk Blitz Chess #2158 with Live Comments Kings Indian Classical vs Westphalia with White
v-ToMNPTRgM Blitz Chess #354 with Live Comments Caro Kann Bronstein Larsen
v0nRxj_KL2E Blitz Chess #3738 vs FM Mataleo Italian Game Black
v0pXOHfjixQ Modern Classics Ep 5: Kasparov-Kramnik, Dos Hermanas 1996 - Semi-slav Meran
v1DkBgKD5dc Blitz Chess #2644 with Live Comments Queens Gambit Chigorin vs kromos with White
v1lXByfkBVE Candidates 2014 Round 14 Mamedyarov vs Kramnik Nimzo Indian Classical
v26YTgZWgOg ICC 5min Blitz Schach mit LIvekommentar #15
v2AVjrTGlLE Blitz Chess #1662 with Live Comments Two Knight Game vs dr imperial with Black
v2XDFn-Qkqw Blitz Chess #3543 vs IM G Llanos AjedrezHoy Bird Opening Black
v2jpVO-oH3w Nimzo Ragozin for Black - Against 1.Nf3 Preview
v39ZvINrte4 Blitz Chess #1836 with Live Comments Siclian Alapin c3 vs Labriz with Black
v3HsYwq_6Rg Blitz Chess #853 with Live Comments Catalan Closed
v3uhv8TnfMY Blitz Chess #1667 with Live Comments Scotch Opening vs MyWay with Black
v4XvkDmEmFc Blitz Chess #4524 vs PandorasBox13 Centre Game Black
v56f9QwtH8Q Blitz Chess #3596 vs ThisWontWork English Opening Black
v5m_Tyrkxdo Blitz Chess #1484 with Live Comments Caro Kann Panov vs pointdujour
v69_IbqpUr4 On Vacation!
v6FMOHW8pCU Blitz Chess #3209 with Live Comments Kings Indian Double Finchetto vs maradona with White
v803NOMM4eU ICC 5min Blitz Schach mit LIvekommentar #21
v9M1FpcagYI Blitz Chess #95 with Live Comments - Neo Philidor vs  IM (w) nice finish
v9Nd9Ss4n-o Blitz Chess #133 with Live Comments- Nimzo Indian Sämisch
v9SIREJe7Po Blitz Chess #4813 vs pandolo French Defence White
v9XQuAvm0MQ Blitz Chess #4732 vs asdasfasfasdasf Grunfeld White
v9jQx5Dy6Wo Blitz Chess #1839 with Live Comments Bogo Indian vs GM Yardbird Eric Lobron with Black
v9mNDGQ1NBI Blitz Chess #1841 with Live Comments Kings Indian Double Fianchetto vs IM Shajmat Jose Gascon with W
vBHNA8jMdfk Blitz Chess #2636 with Live Comments Queens Gambit Chigorin vs FM GreenDay27 with White
vBMGczfo520 Norway 2013 Supertournament Round 8 Recap
vCbHU4RUcxY Blitz Chess #1181 with Live Comments Queens Gambit Declined Exchange
vCcwPNdKpCI Blitz Chess #4131 vs IM Tetrarch English Black
vDQIHcCE5-o Blitz Chess #4784 vs SukMikeHock Catalan White
vE6FhkdJbgw Blitz Chess #16 with Live Comments - King's Indian (b win)
vEOhXY4OKSA Blitz Chess #3601 vs GM gaizca A Alonso Slav Defence White
vESDtyozdAQ 15 Min Chess #83 with Live Comments Ruy Lopez Qe2
vEaVYXlnaBM Blitz Chess #1456 with Live Comments Nimzo Indian Classical Zurich vs StepbyStep unkown IM
vF-UUCqC8g4 Dual Commentary Blitz Match vs IM Greg Shahade on ICC
vG4rh4h3bxI 15 Min Chess #162 with Live Comments Caro Kann Exchange
vH-r4GDypYQ Blitz Chess #3375 vs Kickass Nimzo Indian Rubinstein Black
vHHzoKm3j8s Blitz Chess #4764 vs Nimzo Indian Classical Zurich Black
vI-q-8dSMHo Blitz Chess #665 with Live Comments Sicilian Scheveningen
vI4GTvDJvmo Blitz Chess #2577 with Live Comments Queens Indian vs GM Yardbird E Lobron with White
vJGh3Ansmis Blitz Chess #3752 vs FM KarolM2 Reti Opening White
vJl5qhuB9vg Great Games of Anand and Carlsen Part 7 Anand-Kamsky, Las Palmas 1995
vJn_PJCRGHk Blitz Chess #3670 vs makingnosensel Benko Gambit Black
vKzlsRrcbPg Blitz Chess #1621 with Live Comments Nimzo Indian Saemisch vs xballack with White
vLDCpNe061w Hourly Bullet Arena on Lichess
vLECCoic19Y Blitz Chess #2815 with Live Comments Bogo Indian vs CrystALine with Black
vLdyEYKq_C8 Gashimov Memorial 2015 Round 6 Recap
vMzmYk5Toaw Blitz Chess #2082 with Live Comments Trompowsky vs legend2014 with White
vNxGnxGD6n0 Blitz Chess #2781 with Live Comments Italian Game vs IM Kirlian Carlo d Amore with White
vOyF84kWYc4 Blitz Chess #1733 with Live Comments Sicilian Closed vs matty2000 with Black
vPkCdoGyFI0 Blitz Chess #3299 with Live Comments Nimzo Indian Rubinstein vs IM MWeston with Black
vQGjoxB4USU Blitz Chess #2123 with Live Comments Czech Benoni vs capaldi with White
vR3wq2r_4Sk Blitz Chess #2944 with Live Comments Kings Indian vs IM VanImpe C Troyke with White
vRaKYx_TyAs Blitz Chess #1837 with Live Comments Scotch Game vs GM endlessfighter with Black
vT8xmGVsLgk Blitz Chess #2882 with Live Comments Nimzo Indian 4 f3 vs yellowsubmarine with Black
vTEXhcZbScE Blitz Chess #2955 with Live Comments English Symmetrical vs FM ercoleiaccone with White
vTKq1YhtPAU Blitz Chess #379 with Live Comments English Opening
vTfz2RDvyao Blitz Chess #4320 vs ALTBAUCHARME Dutch Defence Black
vTgNE4io_qQ Blitz Chess #3954 vs IM karlstad J Krupenski Siclian Najdorf White
vUCji3PRI-0 Blitz Chess #4428 vs IM Joorge English Opening White
vUIEL0rwZfE Blitz Chess #3161 with Live Comments Czech Benoni vs GNAK with Black
vUQStpQfmFE Blitz Chess #2680 with Live Comments English Opening vs IM Astaneh Lopez with White
vUVXH7DPQJY Chess World Championship Match Chennai 2013 Game 1: Carlsen Anand, Grunfeld Fianchetto
vV3-m5hKSbc Blitz Chess #4646 vs paythebill Sicilian Rossolimo White
vVOhvshQKu8 Nimzo Ragozin for Black - 5.cxd5 Preview
vWRksr6AatI Livestream on the ICC Mar 20 2017
vWpc-YiQnOQ Blitz Chess #3106 with Live Comments Semi Slav vs IM leskovar with White
vWuZR4IM3wo Blitz Chess #4160 vs IM Serlock Nimzo Indian Rubinstein White
vXFai4bYUNQ Blitz Schach #135 mit Livekommentar.avi
vZKa_8egb8k Livestream Aug 24 2015
v_dQnKcnP-Q Blitz Chess #789 with Live Comments Sicilian Kupreichik Variation
vaWa-EdRRTw Blitz Chess #2641 with Live Comments Kings Indian Classical vs Westphalia with White
vayRvjTIP44 25 10 Rapid Chess #228 with Live Comments Ponziani vs IM panman E Pandavos with Black
vbde27X5lSA Blitz Chess #2971 with Live Comments Ruy Lopez vs IM Drk D Kopec with Black
vbsyZWUtBuA Solving Chess Problems #2
vc6GCWZm0MM Blitz Chess #840 with Live Comments Queen Pawn London System
vcWyjzYTD6U Blitz Chess #1115 with Live Comments Kings Indian Defence
vdlS4mgjitg Blitz Chess #3610 vs FM IvanYeletzky Queen Pawn Colle White
vdyranUEAA0 Blitz Chess #4905 vs roggenrola00 English Opening White
veSr0MqcOVQ Blitz Chess #1457 with Live Comments Sicilian Maroczy Bind vs ageras
velnRX1hV_E Blitz Chess #2640 with Live Comments Kings Indian Classical vs pflidkoping with White
vepG8E_-8xk Blitz Chess #2211 with Live Comments Queen Pawn London System vs the-gambler with Black
vew5Maf32yk Blitz Chess #4121 vs GM Favorit Semi Tarrasch White
vfsFvjke2qg Blitz Chess #4717 vs RafaelSigma Scotch Four Knights White
vg3rU9KpA0I Win 1 Month of Coaching!
vgHIWJaYeA8 Blitz Chess #2470 with Live Comments Ruy Lopez Chigorin vs GM Yardbird E Lobron with Black
vhH-cjou2D0 Blitz Chess #1896 with Live Comments Reti Opening vs FrankeD with Black
viVsB0TipeY Blitz Chess #3107 with Live Comments Bogo Indian vs papoal29 with Black
vjftTC560zw Blitz Chess #1780 with Live Comments Queen Pawn Torre vs IM Alkhateeb Ahmad Thabit with Black
vl_w650ldU8 25 10 Rapid Chess #207 with Live Comments Sicilian Smith Morra with Black
vldf3NMFiKM Blitz Chess #516 with Live Comments Kings Indian
vmh-7QqtHDk Blitz Chess #340 with Live Comments Queens Gambit Tarrasch
voZ9D3r0tM8 Blitz Chess #1215 with Live Comments Benko Gambit
vpF0tBudMmY Blitz Chess #699 with Live Comments Slav Chebanenko
vpOahEh-aFI Blitz Chess #661 with Live Comments Caro Kann Two Knights
vqgYiWHrZRE Blitz Chess #548 with Live Comments Modern Defence
vrIUyvLQRYg Blitz Chess #2834 with Live Comments Dutch Stonewall vs DrMabuse with White
vrXApIK4uGM Blitz Chess #1493 with Live Comments Slav Defence vs KBJ GM Villamayor
vshsSwKKt2c Blitz Chess #3951 vs GM renet64 O Renet English Opening White
vt5ON7n8_q8 Blitz Chess #3330 with Live Comments Italian Two Knights vs LordofSwords with Black
vtPVawxCP8k Blitz Chess #4761 vs Kraftzug Slav Exchange White
vtus-SMO_0w Blitz Chess #2174 with Live Comments Modern Defence Hippo vs Bad minton with Black
vu7rGdq2G5g London Chess Classics 2015 Round 8 Recap
vv-Ze772_T4 Tata Steel Round 5 Recap
vvSg_lBEomg Blitz Chess #1637 with Live Comments Ruy Lopez Chigorin vs HematicBrown with Black
vwaYhMZyevA Blitz Chess #58 with Live Comments - Owen's Defence 1 e4 b6 (w win)
vwx5QRqVBMU World championship Match 2012 Game 5   Anand vs Gelfand
vxD15iVzs-o Blitz Chess #324 with Live Comments Caro Kann Panov
vxN6vj8CVl4 Blitz Chess #4440 vs Conceited Trompowsky Black
vxTVOi16eck Blitz Chess #3501 vs SvMihajlov Slav Chebanenko White
vybdWBCJKt0 Blitz Chess #1920 with Live Comments Kings Indian Fianchetto vs IM Rainmaker Olav Sepp with White
vyi8tyYLFFw Blitz Chess #2107 with Live Comments Sicilian Four Knights vs Lmcr with White
w-L12hsuwMM Blitz Chess #3428 vs CharmCityChess Queens Gambit Accepted White
w-aCJq_jLLE Blitz Chess #985 with Live Comments Ruy Lopez Berlin
w1F31sQSADg Blitz Chess #3490 vs SvMihajlov Bogo Indian White
w2WExM3b-m4 Blitz Chess #4089 vs pway English Opening White
w2W__evY-K4 Candidates 2018 Round 1 Show
w2rrZy5sOxI Blitz Chess #4968 vs bahneh Maroczy Bind  White
w2x4oeydHBo Blitz Chess #4549 vs spongechess Sicilian Kan White
w3ViUnrDeUc Blitz Chess #1251 with Live Comments Modern Defence
w3yeEGkLG7Y Blitz Chess #1471 with Live Comments French Advance vs rainmaker IM Olav Sepp
w4VfNeX20tM Blitz Chess #1159 with Live Comments Catalan Opening
w4pp4TgJQlE 15 Min Chess #129 with Live Comments Bogo Indian
w52gUAtaLUY Blitz Chess #3430 vs IM Antidrome Sicilian Dragon White
w5B7RbvWLQc Blitz Chess #440 with Live Comments Siclian O Kelly
w5Opeb3XvyQ Tea Session with Chessexplained #25
w5n2AgZd_Ns Blitz Chess #1825 with Live Comments Dutch Staunton vs Seminol with Black
w6D5gItT2Zs Blitz Chess #4252 vs GM Theindepentant Nimzo Indian Rubinstein White
w6vui5c4_Ho Blitz Chess #3137 with Live Comments Neo Philidor vs RUMPNISSE with White
w7O1d8G71oo Candidates 2014 Round 1 Anand vs Aronian Ruy Lopez Anti Marshall
w7_NRE3GWDI Blitz Chess #611 with Live Comments English Opening Reversed Sicilian
w8ADU7wRQUE Blitz Chess #647 with Live Comments Queens Gambit Semi Tarrasch
w8RMBKVptXo Blitz Chess #1395 with Live Comments Kings Indian Makagonov vs GM Popilski
w8SX8yAxNrw Blitz Chess #2413 with Live Comments Queens Gambit Accepted vs FEB88 with White
w9DQzO3oaYw Blitz Chess #117 with Live Comments - Scotch Four Knights
w9YybhDeR0E Blitz Chess #2632 with Live Comments Vienna Game vs FM Alexy1 M Timmermans with Black
w9fxS4ZntMc Blitz Chess #150 with Live Comments - French Classical Steinitz
wALu-_p-9zM Blitz Chess #2094 with Live Comments Nimzo Indian Classical vs maradona with Black
wAz8OaQ7vlw Blitz Schach #118 mit Livekommentar.avi
wB__0Dng9lc Tata Steel 2013 Round 8 Recap (forgot Van Wely-Naka...up tomorrow)
wBncVqseIOc Blitz Chess #2779 with Live Comments English Hedgehog vs Bender with White
wBtUUVWVuRI 25 10 Rapid Chess #200 with Live Comments Kings Indian Seirawan Variation with White
wC0K2dl-aCE Bilbao final Round Recap with Magnus Carlsen and Fabiano Caruana
wC89alqCook Blitz Chess #3755 vs fviana Italian Game Black
wCiOLIhWmHo Blitz Chess #286 with Live Comments Slav Exchange
wDz1m-QJ-Wc Blitz Chess #2537 with Live Comments Kings Indian vs IM supermouse L Quang Long with White
wEtKavjgf0c Chessexplained presents: Onlinechesslessons.net with NM Stewart vs. IM Toloza
wHg7rFfDdrg Blitz Chess #1149 with Live Comments Czech Benoni
wHy_3nWq4ew Tea Session with Chessexplained #19
wIsu8FMHWuo Blitz Chess #1643 with Live Comments Caro Kann vs kajeng with Black
wJhLPl8LBCs Blitz Chess #2800 with Live Comments Slav Chebanenko vs Yamp with White
wKWO9yKjHi4 Reddit Opening Week 03 2016 Black vs 1 b4 Sokolsky Polish Orang Utan
wMJgY1U0GbA Blitz Chess #42 with Live Comments - King's Gambit (w win)
wMVmDxByHRs Blitz Chess #1271 with Live Comments Trompowsky Attack
wNKnBCUogk4 Blitz Chess #814 with Live Comments Kings Indian
wNm7EiS3Yvg Blitz Chess #640 with Live Comments Trompowsky against GM Fabiano Caruana
wNpIFSObkRg Book Review: \
wOCzrVMRmUk CE on CE - Bad Wiessee op Rd 6 - GM Lenderman (2597) vs IM Sielecki (2439) Bogo Indian
wP8VbMPKGmo Blitz Match No 9 vs Stockfish Level 8 on Lichess.com
wQ39X06OKrw Blitz Chess #33 with Live Comments - King's Gambit vs FM (b win)
wRNFG5vLoEY Chess Giants #004   Alekhine vs Hofmeister 1917 Pawn Avalanche
wSSzSGGOgp0 Blitz Chess #2696 Live Comments English Opening vs GM SnowKid White Kingside Fianchetto Week
wTUrU7YQ3Cw Chess Giants #007 - Euwe vs Keres Amsterdam 1940 Queens Indian
wTvLLmTmPKY Blitz Chess #2105 with Live Comments Modern Defence vs ZoKo with Black
wUbM_HXcYM4 Blitz Chess #2098 with Live Comments Trompowsky vs FM Pshenichnaya with White
wW-5aGoI1Qg Blitz Chess #3104 with Live Comments Catalan vs IM Zorch Aleksey Ivanov with Black
wXKy_KiNErU Blitz Chess #4486 vs E Chess French Defence Black
wXe-cOZYkVs Blitz Chess #1597 with Live Comments Two Knights vs GM Orange Leonid Gofsthein with Black
wXiSAtipSN0 German and English Banter Blitz on Chess24
wYAFzVGQISA Blitz Chess #796 with Live Comments Skandinavian
wYsHda01CYs Blitz Chess #2589 with Live Comments Sicilian Alapin c3 vs SevaBer12 with Black
wYyCKLDmcXY Blitz Chess #3841 vs waelag Sicilian Defence Kupreichik Black
w_Ht0uv9qlc Blitz Chess #4014 vs Robolito Benko Gambit Black
w_P0Qrykg6U 15 Min Chess #184 with Live Comments Kings Indian
wa-NBE1S-Kg 15 Min Chess #88 with Live Comments Queen Pawn London System
wagqlXRfVAA Blitz Chess #3075 with Live Comments Grunfeld vs FM ercoleiaccone with Black
wajHWXKC4FA Blitz Schach #105 mit Livekommentar
wawf_as0fJk Blitz Chess #312 with Live Comments Bogo Indian
wbbowSlbZ0w 25 10 Rapid Chess #208 with Live Comments Queens Gambit Tarrasch with White
wcMnooCD2Rg Blitz Chess #3867 vs GM Yardbird E Lobron English Opening Black
wd1efwghR8I ICC Livestream Dec 07
weq0cpU_fvM Chesscube - Warzone Final 2013-01-07
weqMig3SM00 Blitz Chess #3618 vs GM Z Integrator Nimzo Indian Kasparov Black
wfCWcBdnRBE Blitz Chess #3050 with Live Comments Nimzo Indian Saemisch vs IM SirJohn I Georgiadis with White
wfJd9ErUzts Blitz Chess #1157 with Live Comments Sicilian with b6
wfZ629d6K_E Blitz Chess #4357 vs kofte Sicilian Maroczy Bind White
wfeZtyVJ0Mo Blitz Chess #4569 vs LoiuseMichel Sicilian Acc Dragon
wiwAExndZAI Blitz Chess #3182 with Live Comments Queens Gambit Declined vs GM Yardbird E Lobron with Black
wjxrDfLobw4 Blitz Chess #4034 vs IM Sillyguy Sicilian Rauzer White
wkHKOjmtjqk ICC 5min Blitz Schach mit LIvekommentar #6
wkNF_AZoQ8Y Blitz Chess #1723 with Live Comments Kings Indian Fianchetto vs ceppy01 with White
wkadsd-ht2Q Blitz Chess #3538 vs PoisonPawn Evans Gambit Black
wlm3bCnrCNk Blitz Chess #2228 with Live Comments Bogo Indian vs IM Isokol I Sokolin with Black
wmTgS5QjGA4 Blitz Chess #1140 with Live Comments Kings Indian Attack
wnJ8KfRStYA Sinquefield Cup 2014 Round 9 Recap
wnMI0bBLJpY Livestream on the ICC Nov 7 2016
wo5Yq9YuEo4 Blitz Chess #1491 with Live Comments Ruy Lopez vs ehud45
woC4DqePv30 Blitz Chess #4503 vs torvic 57 Three Knights White
woH1Uu98DVU Blitz Chess #395 with Live Comments Kings Indian
wqNBR4wejCU 15 Min Chess #108 with Live Comments Kings Indian Makagonov
wqPaoH354ss Blitz Chess #429 with Live Comments Caro Kann Panov
wqR5bNXblxQ Istanbul Chess Olympiad 2012 Recap Round 1: Movsesian goes down, Khenkin's King goes for a walk
wquLwq5mMfo 25 10 Rapid Chess #218 with Live Comments Kings Indian Makagonov with white
wqvrtzLjjN8 Blitz Chess #1678 with Live Comments Ruy Lopez Chigorin vs CrossShark with Black
wrIxv0Wbus0 Blitz Chess #2998 with Live Comments Queens Gambit Accepted vs GM Yardbird E Lobron with Black
wtqdMXoVR1I Blitz Chess #1302 with Live Comments Sicilian Dragon vs FM deEccher
wuQer35K0oQ Norway 2013 Super Tournament Round 3 Recap
wuuTIgXxLaw Blitz Chess #4031 vs dimICC Sicilian Sveshnikov White
wvLHzZIPyLY 15 Min Chess #37 with Live Comments - Scotch Four Knights
wv_tRE54mz8 Morning Coffee with Chessexplained Jan 27
ww5kyjKbhu0 Repertoire for 1 d4   Part 1 Introduction
wwZx1FdzYLo http://fantasychessteam.com - A fun game for the Chess Olympiad
wwwaeOUrX1I Middlegame Strategy #008 - Illescas vs Short The Central Break
wxGFGFhMQ7I Blitz Chess #2065 with Live Comments Pirc Defence vs GM Irresponsible with White
wxdispYxOuY World Chess Championship London Candidates Tournament 2013 Round 5 Recap
wzPHz2YYMMs Blitz Chess #1182 with Live Comments Czech Benoni
wzQKvteCufQ Blitz Chess #4332 vs Queens Pawn Colle Black
wzlqUPjifoI Blitz Chess #4913 vs Abouyahya1983 English Opening Black
x1KmDTX3Xcs Blitz Chess #292 with Live Comments Sicilian Najdorf
x1QrLoVRwII Blitz Chess #4620 vs Navrom Sicilian Kan White
x21CcHm_g4A Blitz Chess #1057 with Live Comments Queens Gambit Accepted
x2Vik9NuW-Y Blitz Chess #543 with Live Comments Nimzo Rubinstein
x2eoRkFhkd8 Candidates 2014 Round 3 Andreikin vs Karjakin Ruy Lopez Berlin
x3c4cCmerPs Blitz Chess #4278 vs EriePA Sicilian Acc Dragon Black
x3cbm9-CfBw Blitz Chess #4692 vs vieto Dutch Defence White
x3lsWurmeOQ Blitz Chess #1711 with Live Comments Grunfeld Fianchetto vs Cupid11 with White
x3yZhNrLmP8 Blitz Chess #971 with Live Comments Kings Indian Classical
x4EdNDZUwm0 Blitz Session on ICC Oct 27 2012
x4ugSc_05tU Blitz Chess #2057 with Live Comments Queens Gambit Declined vs GM Yardbird Eric Lobron with Black
x6ugZK8-XTE Blitz Chess #3778 vs Nimzo English Opening White
x8O3vaMgSB0 Blitz Chess #2608 with Live Comments Veresov Opening vs IM Branimir Maksimovic with Black
xAFsUAr3XF4 Blitz Chess #1148 with Live Comments Ruy Lopez Chigorin
xAzy6WUnYJ4 Livestream on the ICC Feb 06 2016
xCPMg7FOQ0A Norway 2013 Supertournament Round 5 Recap
xD5cG58wlCc Blitz Chess #4708 vs Krov9kin Sicilian Moscow White
xDJzHPDfmJs Blitz Chess #4495 vs inzeitnot English Opening Black
xDMqjrFW3IU 25 10 Rapid Chess #213 with Live Comments Bogo Indian with White
xDviK1l4CM8 Blitz Chess #1410 with Live Comments Siclian Kan vs Westphalia
xEaULNArZKs Blitz Chess #3698 vs GM Yozhik Kings Indian Makogonov White
xGYH8eUinSc Blitz Chess #271 with Live Comments Ruy Lopez Closed
xGp5ZaRWLDY Blitz Chess #2106 with Live Comments Budapest Gambit vs Myway with White
xHVWGYr9_fc Blitz Chess #3406 vs IM Colchonero Queens Gambit Tarrasch White
xHXDMqiG-NQ Blitz Chess #29 with Live Comments - Queen's Pawn Opening vs. GM (w win disconnection)
xI1L7Ii2I60 Chess World Championship Match Chennai 2013 Game 5: Carlsen Anand, Queen's Gambit Triangle Line
xIaFpMh1bT0 Blitz Chess #755 with Live Comments Ruy Lopez Berlin
xInNGeBipJw Blitz Chess #869 with Live Comments Nimzo QID Kasparov Variation
xJHCCS_l-Dw Blitz Chess #1334 with Live Comments Queens Gambit Accepted
xJMy47U3WYg Blitz Chess #834 with Live Comments Kings Indian Exchange
xL6GVOBxPyo Blitz Chess #2416 with Live Comments Queen Pawn vs Doruk2004 with Black
xLklmLn4c6E Tournament Game vs. IM Gruen - Reti Opening
xMBj5bLvXSM Blitz Chess #1907 with Live Comments Italian Game vs IM Sorma Guido Caprio with White
xMUHYRYWYbE Hourly Superblitz Arena Berzerk on July 6
xMVAA1vB258 Blitz Chess #20 with Live Comments - Philidor (b draw)
xMcbzGlQXjM Blitz Chess #950 with Live Comments Queens Gambit Accepted
xMrdMcm7vuw Blitz Chess #827 with Live Comments Sicilian Rossolimo
xMvg_nNxXcg Great Games of Anand and Carlsen Part 17: Anand-Agdestein, World Juniors Baguio 1987
xNPdkf18-KA Blitz Chess #972 with Live Comments Owen Defence
xNXEJhFMfRw Blitz Chess #2070 with Live Comments Sicilian Dragon vs GM MLRAKA Rauf Mamedov with White
xNxdq0bgQaE Blitz Chess #1993 with Live Comments Vienna Game vs IM halambuha with Black
xOo_ZZXlnfE Blitz Chess #269 with Live Comments Kings Indian Classical
xR-LIT4emZQ Blitz Chess #1923 with Live Comments Slav Defence vs Tetrarch with White
xRBDHLXhEqA Blitz Chess #1079 with Live Comments Queens Gambit Declined Bf4
xRBRcY5_I5g Blitz Chess #4073 vs Justoneguitar Sicilian Sveshnikov White
xST3h8m6DKs Livestream March 23 2015
xTLkxI43cTQ Yet another layout try - Feedback welcome!
xTMVHYVQeTk Blitz Chess #2208 with Live Comments Kings Indian Classical vs maradona with White
xThv6edTPfs Blitz Chess #568 with Live Comments Kings Indian Makagonov 6 h3
xVCM00vL_AI Blitz Schach #43 mit Livekommentar
xVL0olJCSDk Blitz Chess #4283 vs waisie Bogo Indian Black
xXRZhnZ22wo 15 Min Chess #87 with Live Comments Pirc Austrian Attack
xXrqa-13CuE Blitz Chess #2767 with Live Comments Kings Indian vs GM GeneraLisimus R Mamedov with White
xY9KHATaAIQ Blitz Chess #2873 with Live Comments English Symmetrical vs GM taktikus Z Medvegy with White
xYBoViEAEC4 Blitz Chess #4135 vs GM CPE Kings Indian Averbakh White
xYSZuSGGu98 Blitz Chess #2809 with Live Comments Catalan vs GM Z Integrator with Black
xZFYi90_-pI Blitz Chess #1707 with Live Comments English Symmetrical vs IM tsedaka26 Gabriel Battaglini with Whi
xZFfXKAn33A Weekly shows on Chess24 in English and German language starting Jan 25
xZYGxsvjMW0 Chessxplained vs. IPhone digs out Queen Sac Masterpiece
x_7LQk-4GDA Blitz Chess #1498 with Live Comments Kings Indian Double Fianchetto vs GiantNick IM Papenin
x_Ia-uYZroI Blitz Chess #1343 with Live Comments Ponziani Opening
xaiDy9As_tI Blitz Chess #4757 vs hanoon20075 Petroff Black
xb4JLG5-AN4 Blitz Chess #1942 with Live Comments Bogo Indian vs FM KONT with Black
xbNlCC1GbvI Blitz Chess #1356 with Live Comments Ruy Lopez Delayed Exchange
xc6NgXm6Sdo 15 Min Rapid Chess #181 with Live Comments Alekhine Defense
xdSy8mapotk Blitz Chess #2060 with Live Comments Kings Indian Classical vs gattoextraviado with Black
xeX1FnBpWdQ Blitz Chess #2496 with Live Comments Two Knights vs Jaguar92 with Black
xetO7e-SeFg Blitz Chess #2205 with Live Comments Evans Gambit vs odisseu with White
xf8V870GE8c Blitz Chess #850 with Live Comments Queen Pawn Opening
xggDk4JcRHA Blitz Chess #3979 vs IM JamyTheSaint Four Knights Black
xghAoTP1Yz0 Rapid Chess #238 vs Jabali11 Reti Opening White
xhnwYzJP6Y0 Blitz Chess #1932 with Live Comments Queen Pawn Torre vs SMETA08 with White
xijdejVfs7E Blitz Chess #528 with Live Comments Bogo Indian
xj0xCH8_66U Blitz Chess #212 with Live Comments Grunfeld Fianchetto
xk3vC1sO00w Morning Coffee with Chessexplained Jan 24
xkS-bDsjreA Live Stream Feb 16
xkcWtVf2UPo Blitz Chess #3943 vs rpenquin Benko Gambit Black
xkwinGMMeIg Blitz Chess #4279 vs Brum Brum Kings Indian Petrosian White
xlTXB4_fXWE Blitz Chess #1405 with Live Comments Trompowsky Attack vs IM Cummings
xlmQKVKrWuE Blitz Chess #3176 with Live Comments English Hedgehog vs FM bobhaak with White
xltrmicu5Lo Blitz Chess #1260 with Live Comments Nimzo Indian Rubinstein
xmO6YOpFpe0 Blitz Chess #4286 vs Galbraith Queens Gambit Vienna White
xnLrm-MT8qA Blitz Schach #129 mit Livekommentar.avi
xnMplx7_kVM Blitz Chess #4734 vs ilalchemer QGD Exchange White
xndA3_xm3pw On Vacation
xoKHS3RTMFQ Blitz Chess #1042 with Live Comments Larsen Opening
xqZ8ZrvJr7w Blitz Chess #2572 with Live Comments Queens Gambit Ragozin vs ZhuZhenghai008 with White
xqZpbV-V10c Blitz Chess #3638 vs IM Tetrarch Queens Gambit Classical Black
xsZYnSsdfb4 Blitz Chess #240 with Live Comments English Defence e6 b6
xsfxRXE47rk Blitz Chess #3289 with Live Comments Ruy Lopez Steinitz vs GM R Vazquez Schroeder with Black
xtH6WSpk3c4 Blitz Chess #2368 with Live Comments Semi Slav vs IM Atakurt A Kurtenkov with White
xtJkwKSrRrI Blitz Chess #199 with Live Comments Caro Kann Exchange
xueZLpFFt0Y Blitz Chess #1640 with Live Comments Queens Gambit Declined Bf4 vs IM JamyTheSaint with White
xxZSIhy75kI 5 Min Blitz Match vs  Kingscrusher with dual Commentary Game 2 on Aug 29 2011
xybFdgWtzZ8 Fight 1 e4 like Caruana    Preview Ch 9
xzI_riulQ3w Blitz Chess #126 with Live Comments - Italian Game Giuoco Piano
xzL44PvK12Q Live stream tonight Blitz Match vs GM Tal Baron
y-1u4KS0wjo Blitz Chess #4663 vs kidrill Queens Gambit White
y-8dDXL3T_U Blitz Chess #2165 with Live Comments Slav Chebanenko vs GM Aether with White
y-b9xXNtp5k Blitz Chess #4496 vs ESP 918 Three Knights White
y-mb1V1XXV4 Blitz Chess #3849 vs Aphorism Ruy Lopez Black
y07AoCX9uNY Blitz Chess #3312 with Live Comments Queens Gambit Declined vs IM Olegas O Krivonosov with White
y0ugsKjsz2U Blitz Chess #2907 with Live Comments Slav Defence vs WIM Revenger E Ubiennykh with White
y2-0gERZKAw Blitz Chess #1256 with Live Comments Queens Pawn
y2JD1hGHX1g Blitz Chess #4522 vs kerin84 Benoni White
y2XtpfLMNMg Blitz Chess #2305 with Live Comments Modern Benoni vs Aspendos with White
y3eYhJuGL5o Blitz Chess #3617 vs GM Geheimpolizei Nimzo Indian Classical White
y49gBMrL5Oo Bilbao Masters Final - Carlsen knocks out Anand (Sicilian Bb5)
y4ts1oy_kmM Blitz Chess #4204 vs IM Siglar M Sagafos Italian Game Black
y5aNJe7-5CU Blitz Chess #4789 vs jesuachov Larsen Opening Black
y62INhzDUHA Blitz Chess #1414 with Live Comments English Hedgehog vs GM Gofsthein
y6iHB3bu0ZA Blitz Chess #3793 vs superind English Opening White
y6pYIGDNSuw Blitz Chess #531 with Live Comments Orang Utan
y6ydL3YjXGU Vacation Video #2 Hourly Blitz Aug 22
y82hQqUvsww Live Stream Mar 2
y8NheoiuHEs Blitz Chess #162 with Live Comments King's Gambit - My quickest win ever on ICC
y9xEB38LAfQ Blitz Chess #06 with Live Comments - French Winawer (b win)
yA6AbZa08A0 Blitz Chess #2323 with Live Comments English Opening vs IM sombra with Black
yAml-KtdIE4 Tata Steel Round 4 - Aronian vs Anand Semi Slav Meran
yBTFKDG5sQU Blitz Chess #3000 with Live Comments Nimzo Indian Saemisch  vs FM ercoleiaccone with White
yBuRz7N2xcQ Blitz Chess #4891 vs FM Don KisHot Queens Pawn White
yCW3LzBxRpM Tata Steel 2014 Round 5 Recap
yD-kDLdn1mw Blitz Chess #4896 vs Cleareye Queen Pawn London Black
yD4_bRFSwNY Candidates 2014 Round 11 Andreikin vs Mamedyarov Catalan
yDd_HycoxZE Blitz Chess #1025 with Live Comments Larsen Opening
yEs1pOPUa88 Blitz Chess #4307 vs CapiK007 Benoni White
yFfxASEN8XQ Blitz Chess #4143 vs IM leon28 R Mendoza Benko Black
yFz5Fvlw7wc Blitz Chess #3267 with Live Comments Caro Kann Two Knights vs GM Impaler with White
yGbw74bilEc Blitz Chess #2534 with Live Comments Queens Gambit Declined vs IM Nedwis N Bortnyk with White
yHBpUSMyRsg Blitz Schach #117 mit Livekommentar.avi
yHI5F-Wvexo Blitz Chess #1293 with Live Comments Ruy Lopez Berlin Defence
yHaMmXWkuC4 Blitz Chess #4484 vs ZG arh Larsen Opening 1 b3 Black
yHrhFbLakr8 15 Min Chess #135 with Live Comments Scotch Opening
yI3gpqJbAoc Blitz Chess #3690 vs peregrine 64 Nimzo Indian Rubinstein White
yICSU0GY7SM Blitz Chess #4648 vs GM Andrey esipenko Petroff Black
yIYs33CfiME Blitz Chess #2708 Live Comments Modern Defence vs Plussss Black Kingside Fianchetto Week
yI_-ZQxqfw4 Blitz Chess #2674 with Live Comments Kings Indian Classical vs GM Yardbird E Lobron with Black
yJ4yctE4biw Blitz Chess #2904 with Live Comments Ruy Lopez Chigorin vs GM Shade with Black
yK-HCsJ67co Blitz Chess #798 with Live Comments Queen's Gambit Accepted
yKiZZI10G0A ICC Livestream Apr 25
yKtzrzlYnTM Blitz Chess #3468 vs IM Jugulator Nimzo Indian Rubinstein Black
yKw8PoW0OYI Blitz Chess #1517 with Live Comments Kings Indian Makagonov vs AlonzoMosely anonymous FM
yMGak2ehbb0 Blitz Schach #127 mit Livekommentar.avi
yMbUBGcSqrg Blitz Chess #2574 with Live Comments Nimzo Indian Classical vs manayera22 with White
yMoXqbi11IA Blitz Chess #3078 with Live Comments Catalan vs IM Olegas O Krivosonov with Black
yNJQ0wWzMjU Blitz Chess #4660 vs Skynet128 Bogo Indian Black
yNS8lgehsJE Blitz Chess #2956 with Live Comments Nimzo Indian Classical vs RicksonGracieJJ with White
yOmHKkbTY-o Blitz Chess #4697 vs Narz Sicilian Request Variation White
yQcQ847nAHQ Blitz Chess #1721 with Live Comments Nimzo Indian Saemisch vs MichaelCorleone with White
yRGzm2cI2wY Blitz Chess #1596 with Live Comments Queens Pawn Torre vs FM mogwai with Black
ySP7EeRuSvk Calculation and Tactics #002 - Vallin vs Nilsen
ySQpyMd6OI0 Blitz Chess #1499 with Live Comments Queens Pawn vs sisis
ySsEuKqo0pE Blitz Chess #337 with Live Comments Larsen Opening b3
yTwPrfbi7b0 Blitz Chess #4189 vs IM Joorge Larsen 1 b3 Black
yUGuk0Y2szg Blitz Chess #1584 with Live Comments Ruy Lopez vs IM HestErBest with Black
yUcBqkUDRpc Blitz Chess #2261 with Live Comments Bogo Indian vs Hometeam with White
yUq5DkcxGYs Blitz Chess #2375 with Live Comments Trompowsky vs MrBoris with Black
yV22nVg7_Q8 Blitz Chess #3407 vs IM Kirlian C D Amore Grunfeld Fianchetto Black
yVjwtI--aiI Blitz Chess #3492 vs GM Rogo D Rogic Ruy Lopez Chigorin Black
yW0ww0eEz0E Opening Disasters #004 Kumaran vs Miles The loooong castle
yY2udq5ZYzg Blitz Chess #3682 vs AnttiLaato Kings Indian White
yYMFBuDRiBA Blitz Chess #3649 vs ChessIPO1 Modern Defence White
yYo4-z41xq0 Blitz Chess #1874 with Live Comments Queens Gambit Declined vs pointdujour with White
yZ1vKp4_pNY Blitz Chess #2524 with Live Comments Benko Gambit vs IM MWeston with White
yaC0mDadEaI Blitz Chess #3727 vs M47 Sicilian Black
yadcXNBzqEo Blitz Chess #3266 with Live Comments Queens Gambit Accepted vs IM MrSerious W Paschall with Black
ybGXz8PY-q8 Blitz Chess #2163 with Live Comments Kings Indian Classical vs duca with White
ybeLeP7idAU Blitz Schach #48 mit Livekommentar
yc-9oN8ulog Blitz Chess #1392 with Live Comments Trompowsky Attack
ychsb2vr1nc Blitz Chess #1625 with Live Comments Queens Gambit Accepted vs IM Gabarchuk Jordan Ivanov with White
ydH_2aFp2DE Blitz Chess #439 with Live Comments Reti Opening
ydboTtj7j4o Blitz Chess #727 with Live Comments Sicilian Najdorf
yeYLanGf6N8 Great Games of Anand and Carlsen Part 14: Kramnik-Carlsen Wijk aan Zee Corus 2008
yf6vuiSTas8 Amazing Attacks: Anna Muzychuk vs Emil Sutovsky
yg3y2FW7k9E Blitz Chess #2896 with Live Comments Queens Gambit Accepted vs IM DarkPassenger with White
ygl5Ij1vPcY Tata Steel 2013 Round 1 Recap
yjmn1uSqzRk Blitz Chess #3970 vs Rickson34 Ruy Lopez Black
yjn-knY1Xu4 Blitz Chess #668 with Live Comments Grunfeld Defence
ykkKq7oEFq4 World Championship Sochi 2014 Carlsen vs Anand Game 1
ymCuQ9w33dI Blitz Chess #3049 with Live Comments Ruy Lopez Cozio vs ennecerus with Black
yn4hb4a-geY Blitz Chess #2145 with Live Comments Queens Gambit Noteboom vs IM swop M Mueller with White
ynjs4CLdLwo Blitz Match No  4 vs Computer4Impossible on Chesscom
yoadSQTqFVE Blitz Chess #2083 with Live Comments Grunfeld Fianchetto vs Maxpower with Black
yoxD0SYzWyI 15 Min Chess #36 with Live Comments - Modern Defence
yqMM48ldx20 Reddit Opening Week 03 2016 Black vs 1 f4 Bird Opening
yqTVh58bbZs Blitz Chess #191 with Live Comments Caro Kann Advance
yrN2x63umI0 Blitz Chess #4857 vs miechen Kings Indian White
ys7zh_z5-Bw Blitz Chess #4473 vs GM Sauerkraut S Cicak Alekhine Black
ysQmW8GEE6I Aronian vs Nakamura - Tal Memorial 2012 Game of the day - English Opening
ysXj_CfKYLY Blitz Chess #1572 with Live Comments Blumenfeld Gambit vs IM Fantozzi Igor Teplyi
yslfuEyVcb4 15 Min Chess #136 with Live Comments Sicilian Maroczy Bind
ysxCshVkKks Blitz Chess #4225 vs GM Sergei Slipak Sicilian Black
yt6a1dPNhsg Blitz Chess #3598 vs GM Kastor R Schroeder Queens Gambit Tarrasch White
ytQvkm4skBY Blitz Chess #3437 vs MarkSmith English Opening White
ytVTwL-6g6M Blitz Chess #986 with Live Comments Caro Kann Panov
yu8gR_P76oE Blitz Chess #4872 vs ElChiclayano Veresov Black
yuAWQ1dp2QM Blitz Chess #1145 with Live Comments Ruy Lopez Exchange
yunD1GUJy_c 3 Minute Madness #006
yv1t7s3IBxw Blitz Chess #4003 vs IM Michael Hennigan English Opening Black
yvKYgIbQv08 Blitz Chess #2472 with Live Comments Bird Opening vs CapaLarsen63 with Black
yvVz0u43iLQ Blitz Chess #4235 vs IM ashkeef N Saeed Englund Gambit White
ywcxqwQqtNE 15 Min Chess #18 with Live Comments - Slav Defense
ywj3vMug5mw Blitz Chess #2497 with Live Comments Queen Pawn London vs Gordius with Black
yx6o7ntOhKo Livestream April 06 2015
yzIeSIlwbtY Blitz Chess #4170 vs Machete Benko Gambit Black
yzOwuH9cOnw Blitz Chess #2789 with Live Comments Queen Pawn Colle vs GM Reaperman with Black
z-E56yX2noA Blitz Chess #2331 with Live Comments Reti Opening vs moDern34 with White
z-czHdXs_qA Blitz Chess #386 with Live Comments Reti Opening
z-oQy7UNnJY Blitz Chess #2204 with Live Comments Queens Indian vs IM ISokol I Sokolin with Black
z-z5fLIFgHI Blitz Chess #3930 vs JanTheMan Siclian Kan White
z0Ud5_WyF4I Blitz Chess #1743 with Live Comments Queens Pawn Colle vs BingoBongo with White
z0YeOPXZH08 Titled Arena on March 02 Insanely strong Bullet Event ft. Magnus Carlsen
z0cc8wdvu0g Blitz Chess #570 with Live Comments Sicilian Kan
z1FBTJbNmTI Blitz Chess #1335 with Live Comments Slav Chebanenko
z1q-Ws_0hc0 Chess Giants #002   Larsen vs Petrosian Santa Monica 1966 Sicilian Maroczy
z1tSIZoZiK4 Blitz Chess #1379 with Live Comments Semi Slav vs anonymous IM
z26_qDGOsPM Blitz Chess #1454 with Live Comments Belgarde Gambit vs mataleo unknown FM
z2foaCbm2Ws Blitz Chess #4614 vs karpeshovdo Queen Pawn London Black
z4OhY4RWamY Blitz Chess #3131 with Live Comments Double Fianchetto vs FM TestViking R Sagit with Black
z4aH6C1X99g Blitz Chess #2633 with Live Comments Semi Slav Anti Meran vs IM Branimir Maksimovic with White
z4uMvpqETXM Candidates 2014 Round 6 Mamedyarov vs Svidler Dutch Leningrad
z4zx9hNBtp8 25 10 Rapid Chess #222 with Live Comments Grunfeld vs vperboy with Black
z5Qxr4TKUYM Blitz Chess #4756 vs Crocodile small English Hedgehog White
z6R99rwrqwM Blitz Chess #1587 with Live Comments Queens Pawn London System vs guidez with Black
z6WTB4gAz4Y Fight 1 e4 like Caruana    Released!
z77UdnIlKGg Blitz Chess #1742 with Live Comments Modern Benoni vs ADELMO with White
z7NOgOb6TCo Blitz Chess #3110 with Live Comments Nimzo Indian Rubinstein vs FM karlstad with Black
z7PkdMERg44 Blitz Chess #4731 vs Schijnoffer Queens Pawn London Black
z84o-z-Ba28 Blitz Chess #1550 with Live Comments Slav Defence vs Kirlian IM d'Amore
z8DGWfSSTro Blitz Chess #1306 with Live Comments Grunfeld Viewer Challenge
z8sbf9_0f6c World Championship Candidates Moscow 2016 Round 3 Recap
z92d6korKh4 Tal Memorial 2012 Wrap Up - McShane vs. Carlsen (Ruy Lopez)
zAXfXhjGftg Blitz Chess #2983 with Live Comments Nimzo Indian vs IM neverend J Ruiz with Black
zAme2QnYQag Blitz Chess #2927 with Live Comments Queens Indian vs GM mikolka1985 N Maiorov with White
zAuANyZYsA8 Blitz Chess #4123 vs GM Edmundo3000 E Andreev Sicilian Black
zBUim2ba-h0 Blitz Chess #2926 with Live Comments Queens Gambit Accepted vs IM Antidrome with Black
zBsuhUefXb0 Blitz Chess #2890 with Live Comments Kings Indian Fianchetto vs IM totus M Klenburg with White
zCodCug0Mh0 Blitz Chess #2561 with Live Comments Nimzo Indian Zurich vs Supercheese7 with Black
zCut6LROcoA Blitz Chess #4949 vs Kings Indian Fianchetto White
zD95qWKH_Ow Blitz Chess #3592 vs FM SM3M English Opening White
zDr2zLMZhfM 15 Min Chess #68 with Live Comments English Defence
zE-QwlxE-yY Blitz Chess #1986 with Live Comments Queens Pawn vs Pfafff with Black
zEVMntaOGMM Blitz Chess #4689 vs Shehewho Irregular Opening White
zEXmtXeppdk Blitz Chess #4900 vs chmielu5000 English Accelerated Karpov Black
zF2ECk1N1hQ Blitz Chess #887 with Live Comments Queens Gambit Triangle
zHOU-TTE7iY Blitz Chess #3030 with Live Comments Slav Defence vs EngHany with White
zI9QrtzYEf0 Blitz Chess #2771 with Live Comments Sicilian Rossolimo vs jsorolla with White
zIVXtnVkwBI Calculation and Tactics #001 - Chess.com Tactics Trainer up to 1500
zImZtRN8qQk Blitz Chess #433 with Live Comments Slav Chebanenko
zJfq7Cy5W_s Blitz Chess #2583 with Live Comments Trompowsky vs ansatsu with Black
zJqPNh8S08c Blitz Chess #3122 with Live Comments Queens Gambit Accepted vs IM HyperJao E Paciencia with Black
zK9_nrk8GeE Blitz Chess #62 with Live Comments - King's Indian Sämisch (w loss)
zKON53gDx4U Blitz Chess #496 with Live Comments French Tarrasch Guimard
zKc53bN7fgQ Blitz Chess #1308 with Live Comments Kings Indian Makagonov
zKciqhyDejI Blitz Chess #2058 with Live Comments Reti Gambit vs GM sk99zt S Krivoshey with White
zLg2HBXyXLE Blitz Chess #1849 with Live Comments Slav Defence vs IM abeautifulmind Ronald Loetscher with White
zLmBj5jS7is Bullet Match vs  Kingscrusher Part 2 Sep 23 with Dual Commentary
zMTWufiNQwQ Blitz Chess #900 with Live Comments Sicilian Four Knights
zNxma-hQAO8 Blitz Chess #3858 vs GM SnoWKiD Sicilian Taimanov White
zP7ZQPXO-dc Blitz Chess #4874 vs kerin84 Kings Indian White
zPUMHBue_5I Blitz Chess #227 with Live Comments English Symmetrical
zQP71ULOwXE Blitz Chess #3305 with Live Comments Benoni     sort of vs Mozgokliuj with White
zQT0KoAMSt8 Blitz Chess #2699 Live Comments Reti Opening vs jbj White Kingside Fianchetto Week
zQd8pcdgevw Blitz Chess #4453 vs AkabaInTheHouse Reti Opening White
zSGN5OGTCsA Chesscube - Warzone 2013-12-23
zSzsjVkZDpc Blitz Chess #4579 vs javadesabadi Alekhine White
zT57r--0oOs ICC Livestream June 19
zU5qc6Oit9c Blitz Chess #1760 with Live Comments Queen Pawn Chigorin vs Silvo with White
zVjXzG8I3EQ Blitz Chess #4690 vs MRNDJIC French Exchange White
zW1skmUUvjU Blitz Chess #4078 vs Girome Vienna Game Black
zWAY6k11jMs Blitz Chess #4578 vs Bimbosky Nimzo Indian Romanishin Black
zX9p5Ck3e9c 15 Min Chess #73 with Live Comments Sicilian c3
zXXcg4V9-E4 Blitz Chess #2588 with Live Comments Nimzo Indian Classical vs basseltabg with White
zXsa2iQSyPc Blitz Chess #4845 vs grafmo Evans Gambit Black
zYTjeMiE_K8 Blitz Chess #2034 with Live Comments Ruy Lopez Chigorin vs fa191828 with Black
zZ16xsX2rcY Blitz Chess #143 with Live Comments - Russian / Petroff Defence
zZQywhU_CaI Blitz Chess #705 with Live Comments Bogo Indian
zZ_p9mIvAs8 Rapid Chess #243 vs Baracuda21 Pirc Defence White
zZfWyl3ZhZA Blitz Chess #3398 vs Whitedragon Slav White
zZqIq-GYGiQ Blitz Schach #75 mit Livekommentar
za7fHyE-hcw Blitz Chess #18 with Live Comments - Philidor - tactical mess/swindle (w win)
zaUSKcnj5AY Blitz Chess #1755 with Live Comments Slav Exchange vs AkabaInTheHouse with White
zb6k6QzVvj0 Blitz Chess #565 with Live Comments Modern Defence
zdARGBLAuIo Blitz Chess #38 with Live Comments - Catalan  vs IM (b loss)
ze9quGay2tY Blitz Chess #1279 with Live Comments Kings Indian Saemisch
zf5S3GSJfOc Blitz Chess #297 with Live Comments Benko Gambit
zi_NsLZRsOw Blitz Chess #471 with Live Comments Catalan
zipxhZgplQk Blitz Schach #137 mit Livekommentar.avi
zistFt_fHC8 Friday Night Livestream - slower Chess to relax
zkFSgrZ7RaE Blitz Chess #3395 vs Grob Grobs Opening Black
zkgSzMRCURc Blitz Chess #1816 with Live Comments Queen Pawn London vs IM swop Matthias Mueller with White
zl1vTrfFuGI Blitz Chess #1730 with Live Comments Kings Indian Double Fianchetto vs Hugues with White
zl4MsF4A4lg Blitz Chess #821 with Live Comments Neo Philidor
zlIp3kmNbg0 Blitz Chess #1651 with Live Comments Kings Indian Attack vs zeigmata with White
zlVn1GbuyQ8 Blitz Chess #4058 vs kofte Caro Kann Panov Black
zlqD5fYtSGQ Blitz Chess #3023 with Live Comments Queens Gambit vs IM Olegas O Krivonosov with White
zm9zVUlBbBY Blitz Chess #684 with Live Comments Sicilian Moscow Variation
zmGKQjafcOQ Great Games of Anand and Carlsen Part 12: Carlsen-Nakamura, Wijk aan Zee Tata Steel 2011
znzTWyGIskQ Warzone Bullet Tournament on Chesscube
zoSHedcletg Blitz Chess #3273 with Live Comments Czech Benoni vs contraste with Black
zossjS6dWbI Blitz Chess #4351 vs Softis Queens Pawn White
zq4-_AcjIsY Blitz Chess #3234 with Live Comments English Symmetrical vs RomanPolanski with White
zqYwKvFxWBg Blitz Chess #2593 with Live Comments Nimzo Indian Classical Zurich vs Addiction with Black
zqtJgsERg9Y Blitz Chess #4467 vs MyWay Alekhine Black
zr4e3ms7NhM Blitz Chess #2620 with Live Comments Queen Pawn vs GM Jubilant with Black
ztYW807Mp3s Blitz Chess #235 with Live Comments Queens Gambit Declined Exchange
zuAHfWFsWe4 Fight 1.e4 like Caruana out on Chessable Nov 12
zw1DGjepeLA Blitz Match No 8 vs Computer4Impossible on Chess com
zwNkN7znEvE Blitz Chess #361 with Live Comments Sicilian Dragon Yugoslav Attack
zw_vxoj0eZM Blitz Chess #3193 with Live Comments English Opening vs osthans with Black
zyIpwNEN8Ac World Championship Candidates Moscow 2016 Round 12 Recap
zyW7LI6MYcQ Blitz Chess #2021 with Live Comments Reti Opening vs rpenquin with White
zyfN-vDxdDI Magnus Carlsen at the Rapid World Championships Day 1
zzZTSDQuMh8 Blitz Chess #4583 vs younes abadeh Reti Opening White
