-0UAxD2swQM Tiffany Haddish on The Card Counter and What She Learned From Working with Oscar Isaac
-4qJUEqDTZI Almost Human \
-4zWC2vBruQ Pixar's 'Auntie Edna' Interview - New ‘Incredibles’ Short
-77ZRrofrRE Motherless Brooklyn: Edward Norton Interview
-7d4BDydIcI Liam Neeson on Why People Love Seeing Him Punch People in the Face
-BQRC4LQYY0 John Ortiz Interview: Replicas and Carlito’s Way
-F0p997P8Yo Emergence Interview: Allison Tolman, Robert Bailey Jr. & Owain Yeoman
-G1Li8z9bLk Stranger Things: Noah Schnapp, Sadie Sink, and Caleb McLaughlin Interview
-IQKv0jAbBI The Raid Remake Gets New Title, Is Technically Not a 'Raid' Remake Anymore
-JuI1atdHwU Chris Hemsworth & Tessa Thompson on Men in Black: International
-KF6Sr9xwto The Boys: Karen Fukuhara and Tomer Capon on Being Covered in Blood 14 Hours a Day
-KoLmRIOLNQ Vikings \
-O3YQE4eb1A 'A Quiet Place 2': Millicent Simmonds on Trusting John Krasinski's Vision
-PEP0bMURvo Game Of Thrones Season 4 Episode 3 \
-PpHiPYVptk Why I Love Consolidating My Digital Collections with Movies Anywhere
-Rg3cwQXYEk Don Cheadle and Benicio del Toro on 'No Sudden Move' and Steven Soderbergh
-RyUg8ESDd0 Heels: Stephen Amell & Alexander Ludwig on Making a Love Letter to Professional Wrestling
-RzHnUJXqAA Sam Riley on Radioactive and Ben Wheatley's Rebecca Remake at Netflix
-SiBqI9juOI Samara Weaving on Nine Perfect Strangers and Shooting Some of the Wilder Moments
-ValKjolFSI Zazie Beetz on Invincible, Atlanta Season 3, and Brad Pitt's Bullet Train
-YdIB65BJPU LaKeith Stanfield and Issa Rae Interview: The Photograph
-_rAp0wCa3Q Jodie Comer on Free Guy and Ridley Scott's The Last Duel
-b3pk9sWQpA Good Boys Cast Interview: Jacob Tremblay, Brady Noon, Keith L. Williams
-cPwco_VSEM Penny Dreadful Premiere Episode \
-fl-zsu6EmM Keira Knightley & Dominic West Talk about the 𠇌ool Hero” at the Center of Colette
-hhEfdUcAAU June Diane Raphael Interview Long Shot and Big Mouth
-nuf5mzMhIY Here's Why National Treasure 3 Never Happened
-oDJfl0XSJk El Camino: A Breaking Bad Movie Was Originally 3 Hours Says Aaron Paul
-pcGAqkGagI Raised By Wolves Showrunner Answers Burning Season 1 Questions and Teases Season 2 (and Beyond)
-tmCKsn6x40 Josh O'Connor and Director Eva Husson on Mothering Sunday and Filming the Intimate Scenes
-u6X-spJ-Nc Best Vampire Movies & Series: What We Do In The Shadows & More - Witching Hour Halloween Party
-u_yXCC_tuc Walking Dead: Why Andrew Lincoln Didn't Become a Movie Star Between Seasons
-y9fdNqYXUM Shazam! Zachary Levi Interview
00W6VXvtvF8 ‘The Walking Dead': Update on Carol & Daryl, Tales of the Walking Dead, and Other Possible Spinoffs
00WBBc5Kf0I Haley Lu Richardson and Joe Alwyn on Filming the Most Emotional Scenes in 'Operation Finale'
01CakQUkFCQ Power Rangers: Jason David Frank & Amy Jo Johnson - Amazing Con Las Vegas 2019
03BrVEyPxY4 Cowboy Bebop’s Elena Satine and Alex Hassell on Julia and Vicious' New Roles
03NqhUkg1WY Exclusive ‘Solo’ Featurette Digs into the Magic of the Millennium Falcon
04hMvDHh8ZQ For All Mankind Season 2: Ronald D. Moore Reveals What it’s About and Teases Season 3
06uViALTd_8 The Rise of Skywalker: Adam Driver Interview
07xQzv4Y744 Angelina Jolie Interview: Eternals, Tomb Raider and Those Who Wish Me Dead
09llKlOUxdg Will Domino Be in 'Deadpool 3'? Zazie Beetz Weighs In
0AgwvfnDWHQ Bob Odenkirk Teases Final Season of 'Better Call Saul': \
0BEbI_lKk5c Alyson Hannigan on 'Flora & Ulysses' and How She Successfully Navigated Transition From Child Actor
0BVymrbpusQ Will Walt and Jesse Appear in Better Call Saul Season 6? Showrunner Peter Gould Weighs In
0COI2TFEudY Was One of Raiders of the Lost Ark's Best Scenes Improvised? Karen Allen Sets the Record Straight
0CQ48KRXQfE Anthony Daniels on Protecting C-3PO's Legacy In The LEGO Star Wars Holiday Special
0DCyngAhn7Y The Walking Dead \
0Ipb5BlwgAM Hugh Jackman and Lisa Joy on Reminiscence, Holograms, and X-Men
0J-qxhjd4tM ‘Stowaway’ Director Joe Penna on the Challenge of Where to End the Film
0J1A7M6Li38 Mowgli: Andy Serkis Interview
0KAHblOGU5k Chelsea Harris Talks Star Trek: Picard and Snowpiercer Season 2
0KIx8S-Gsxk Euphoria Season 2: Sydney Sweeney, Alexa Demie & Maude Apatow on Hot Tub Scene & Lexi/Fezco Dynamic
0LJXQPmFaiQ Radioactive Director Marjane Satrapi on Telling Marie Curie’s Amazing Story in Two Hours
0OHEuvVSNCA Armie Hammer on His Upcoming Opioid Crisis Drama Dreamland
0QAD7mzip2w On The Basis Of Sex Writer Interview: Daniel Stiepleman
0XQxO-0IyjM Captain Marvel: Samuel L. Jackson Interview
0_k3TNYFKNA Jonathan Majors on ‘White Boy Rick’ and the Enduring Appeal of Gangster Movies
0bl7gXsg-Sk Lily Collins & Jesse Plemons on Windfall on Why Plemons’ Character Wears Yeezy Sneakers
0csmE-Fz_h4 Living With Yourself: Creator Timothy Greenberg on Paul Rudd’s New Netflix Series
0dYZZhEYT_g Maya Hawke on Mainstream, Stranger Things Season 4, and Andrew Garfield
0dyX5hccVLk Almost Human \
0eckr_jik9U The Hate U Give Author & Director on the Journey from Twitter to Big Screen
0evk_gBxZ9k Amber Midthunder on ‘The Ice Road’ and Her Thoughts on the ‘Legion’ Series Finale
0gXrSpy_SGs Ralph Breaks the Internet: John C. Reilly Interview
0ivYB7BjH_k Ted Lasso Star Brendan Hunt Explains Why Season 2 Is the 'Empire Strikes Back' of the Series
0j6SoP2Xu4k Chilling Adventures of Sabrina Cast Interview
0jw3Hf_FT28 Jessica Parker Kennedy on The Flash Season Finale
0k56PEx594I The Wilds: Shelby's Teeth and Hair Explained by Mia Healey
0lSIoYiWdbU MODOK Ending Explained by Jordan Blum: Can MODOK Have It All?
0lhM9-KIiic Hero Fiennes Tiffin on After We Fell and Saying Goodbye to This Character
0oUVYWSN5Qo The Devil All the Time Director Antonio Campos on What They Don’t Teach You in Film School
0qST9HOrtlc JD Pardo Compares His Mayans MC Family to the Fast and Furious Family
0sNLiEauQHs 'Frasier' Revival Release Date Teased by Kelsey Grammer
0tuEgumIBKE Wonder Woman: How Patty Jenkins Convinced Robin Wright to Play Antiope
0wLBNT14e0o Stephen Kramer Glickman Talks Co-Hosting the Saturn Awards Podcast
0yv5ncZoFLk Colin Jost on Tom and Jerry, SNL, and Worst Man with Pete Davidson
12xJLae31Ug Arrow \
13XyWmjxglw Hobbs & Shaw: David Leitch Explains Computer Voice
14CE8-I_opE Texas Chainsaw Massacre: Fede Alvarez Explains That Gun Violence Storyline
14aWjVaJ6UY Avengers Endgame Ending: Russo Brothers on Crafting Finale
15XzSD_TzvY Boardwalk Empire Season 4 Episode 7 \
15j4VnAz29M It’s Time to Get to Know Ma Star Diana Silvers
18N5kRigPsc Claire Foy Interview The Girl in the Spider's Web
1ApWpf98jSE James Marsden Interview Sonic The Hedgehog
1CN93TN3knA 'Lost Girls' Star Amy Ryan and Director Liz Garbus on Doing Right by the Dead | Sundance 2020
1L4fmCCN314 Jai Courtney on Alita, James Gunn's The Suicide Squad, and Honest Thief
1LrAhRSHqdE Sam Elliott on 1883, Yellowstone, and What Taylor Sheridan Told Him Before Filming Began
1Otky5g8sIY Nick Frost on Truth Seekers, Spaced, Hot Fuzz, and How He Became Friends with Simon Pegg
1PsrA5xduBc Cillian Murphy and Djimon Hounsou on 𠆊 Quiet Place Part II’ and Marvel’s ‘What if…?’
1UVruLaIduQ Jackass Forever’s Steve O, Wee Man, and Chris Pontius on Trading Stunts, Spike Jonze, and Safe Words
1VfGI5uO_LA The Last of Us: Kaitlyn Dever on That Fan-Casting
1Zs2uM1elYw Ismael Cruz Cordova Interview Miss Bala
1_EYSDFeXmA Nicolas Winding Refn Interview Too Old To Die Young
1cM8oh7rjss Nicolas Cage on Why He'll Never See The Unbearable Weight of Massive Talent
1dQra8B0mok Kiefer Sutherland on The Contractor, Dark City, and What 24 Taught Him About Acting
1e6nVuOjIqU Jurassic World Velocicoaster Ride Reaction
1gH3olUcO5I Happy Happy Joy Joy Filmmakers on Tackling the Complicated History of Ren & Stimpy
1h8-_QiYcIg Arrow \
1jAhM1V6ccA The Raid Remake Plot Revealed
1ktazQubuXE Amulet Filmmakers Reveal the Secrets of Blood Effects: You Blow Into a Tube
1mHIWEm_R3k Nuclear Salvation Teaser Trailer Premiere at The Geekies Awards!
1pPxHa7wuhA Owen Wilson on Loki, Marvel’s Intense Security, and Wedding Crashers 2
1pz0CAOmRyQ Jason Momoa Reacts to His Sweet Girl Co-Star Isabela Merced's Impression of Him
1qS6Jw907lE Doctor Sleep: Kyliegh Curran Interview
1zELkzo9rT4 Anna Camp on Losing the Role of Sookie on True Blood to Anna Paquin
2-bl7sCvq5g Disney Imagineers on Behind the Attraction and the Creative Process Behind Your Favorite Rides
20ohxJVnPzM Robert De Niro on His Hopes for a Good Shepherd Sequel and The War with Grandpa
21u_QiQR5zA Hannibal: Bryan Fuller and Hugh Dancy Talk Network Censors, Season 4 and More in 90-Minute Interview
23WfbH0tDK8 Little Shop of Horrors: Billy Porter Teases His Version of Audrey II
23sYEl1JiKI Fionn Whitehead on Making Voyagers and Black Mirror: Bandersnatch
24SWrKiNm4o Rami Malek on Oscar Buzz and Playing Freddie Mercury
25kcTbd29g4 I Care a Lot: Rosamund Pike Reveals the Significance of the Vape Pen
27cBFFgCFhk Mark Wahlberg and Rose Byrne Interview Instant Family
27l2bz4hv2E Hailee Steinfeld Reflects on Making ‘True Grit’ and Why No Oscar Talk on Set Was Key
2GxF6A8-t2Y Mosul Interview: Matthew Michael Carnahan, Suhail Dabbach & Adam Bessa
2IAhETobi-o The Walking Dead \
2J9omE1oCkM Edgar Wright on The Sparks Brothers, Using Animation to Help Tell the Story, and Why It’s a Feature
2KBTjnFOWxo Something in the Dirt: Justin Benson & Aaron Moorhead on Their Sci-Fi Film
2L9aq3VyW7k Doctor Strange 2: Elizabeth Olsen Teases Signature Sam Raimi Style and How the Script Keeps Evolving
2M8T3x1U-Rc Ryan Reynolds on Free Guy, Deadpool 3, and Filming the Will Ferrell Musical Spirited
2McGJsdCjlI The Boy Who Harnessed the Wind: Chiwetel Ejiofor & William Kamkwamba Interview
2Rp40Ga60ZA Arrow \
2RqeqwAhV1U Cobra Kai Interview: William Zabka Teases Johnny's Season 5 Priorities
2_vbryF5FQU Work It Star Jordan Fisher Reveals How Hamilton Role Hand-Offs Work
2a9js-2CluA Freaks Explained: Filmmakers Break Down the Superpower Story — The Witching Hour
2dhdJPzSYpw Forky Asks a Question: Tony Hale Talks Voice Recording at Pixar & Disney Plus
2g6E13gYg_E Knives Out: Katherine Langford on How Director Rian Johnson Encouraged Her Filmmaking Curiosity
2g_euuqZhbI 𠆏reaks’: Directors and Cast on Their Cool Sci-Fi Thriller
2h9A8cyjTCE The One and Only Ivan: Danny DeVito on His Hopes for Colin Farrell's Penguin in The Batman
2i31OIsMI2k Andrew Koji on Snake Eyes, Warrior Season 3, and David Leitch’s Bullet Train
2inYXTR21a0 Stephen Amell & Robbie Amell 'Code 8' Interview
2mNdAdUjELc Joshua Bassett, Rueby Wood & Aria Brooks on Better Nate Than Ever and Broadway Shows
2oLsIcGzOGA Jenna Ortega on Yes Day, Scream, and Ti West’s X
2pHokUjiNh8 The Boys: Patton Oswalt Explains His Season 2 Voice Cameo
2qI3PvoewIY Will Arnett & Tiffany Haddish LEGO Movie 2 Interview
2qVIycJcppM Narcos: Mexico Season 3: Co-Creator Reveals Why They Are Ending the Series
2rw4xHSPVy0 Doctor Sleep: Rebecca Ferguson Interview
2sgc65Y7B4U Gemini Man: Ang Lee Interview
2siUV817-pg 7500: Joseph Gordon-Levitt Talks Nailing the Technical Details of Aviation
2sq19BQYdCM Charlie Kaufman on I’m Thinking of Ending Things, Slaughterhouse Five, and Future Stop-Motion Movies
2tiGD0T-b9c Eighth Grade Interview with Bo Burnham & Elsie Fisher
2tsYt5V6Gw4 'No Sudden Move' Stars Amy Seimetz and Frankie Shaw on the Scripts Many Twists and Turns
2uty1v52npc Woody Harrelson on Venom: Let There Be Carnage and What Happened To His Beautiful Wig from 1st Film
2vIyBGBZBbc Emily Blunt on 'A Quiet Place Part II' Being Chapter Two of a Trilogy
2xXrbGRlAiY Simon Pegg on The Mandalorian, MI:7, Ice Age, and Future Star Trek Movies
31qAfamDYDs Marisol Nichols Talks Untitled Saw Project and Riverdale
31xfPDo3vkY Hightown Producer On the Provocative Opening Credits
34n41AgU6_k Ratched Stars Finn Wittrock and Jon Jon Briones Want to See This Actor in AHS
37D7SgH8VHU Andra Day on Why She Tried Turning Down Playing Billie Holiday Multiple Times
37ZFegH6uw4 Matt Bomer on The Boys in the Band and His Love of Bill Pope and Roger Deakins
3Amv3TgLpNw Michael B. Jordan and Jamie Foxx on Why ‘Just Mercy’ Was a Personal Story
3B0tvVkmb0k Roger Deakins on 'The Assassination of Jesse James' Extended Cut
3BhYqb8pvBw The Addams Family Directors Conrad Vernon & Greg Tiernan Interview
3BmE-OU6fZs On the Basis of Sex: Justin Theroux Interview
3C8Ed0xGe8E Fargo Series Premiere Review
3CdPcbgWydA The Batman’s Paul Dano & Jeffrey Wright on Way Cinematographer Greig Fraser Is a Painter With Light
3FqHAuwEUG4 Escape Room 2 Director Reveals \
3GydR1JJtUo Antlers: Keri Russell and Scott Cooper on Disneyland, Guillermo del Toro, Russell’s Bon Jovi Video
3Hcan5LzLoY Jeremy Irons on House of Gucci, Voicing Scar in The Lion King, and Watchmen
3JL4dZPx_Io Jane Levy Is Done With Evil Dead for Now but Not With Horror
3JkZZk6OY1s Rose Byrne and Domhnall Gleeson on Peter Rabbit 2 and Working with Animated Rabbits
3KKj3n7Uc4c Tom Cruise Space Movie Director Doug Liman Gives Update on Upcoming Film
3MPdjzSOCyk Dark Phoenix: Evan Peters, Alexandra Shipp, Kodi Smit McPhee Interview
3PX70iK9CVA Victoria Justice Revisits the Cancellation of Victorious: \
3PpwZThHSIQ Boardwalk Empire \
3PwcjVh8idw The LEGO Movie Review \
3QVLxme36zg Thomasin McKenzie on M. Night Shyamalan's Old and Her Amazing and Surreal Past Two Years
3RpH9yYD6E8 His House Interview: Wunmi Mosaku Is One to Watch and Sope Dirisu Proves It
3TToy5cbPgQ For All Mankind Creators on Taking the Series Into the Future
3TzvHkTobFA Why the Russo Brothers Added the y Thanos” Question Late Into the Endgame Post-Production
3U4IHdXXvzU Elizabeth Olsen on ‘WandaVision’ and Working with Sam Raimi on 𠆍octor Strange 2’
3UcnxThh7OQ Anna Paquin, Holliday Grainger and Director Annabel Jankel on 'Tell It to the Bees'
3W8ex2LbWiw Mope Cast and Director on Their Porn Industry True Story
3XLwhdbENvE Fear Street Interview: Fred Hechinger on Simon & Isaac, Movie Trivia with Olivia Scott Welch & More
3_sLtsVRhFU Timothee Chalamet Call Me by Your Name Throwback Interview - Recorded 11.18.2017
3cHchIace0Q The King: Timothee Chalamet & David Michod Interview
3dRscvycbrM Ryan Reynolds Interview Detective Pikachu
3eZNHoIOsSY Jeff Goldblum Talks The World According to Jeff Goldblum
3ej5_vbav68 Channing Tatum Says Men In Black / Jump Street Crossover Can Still Happen
3en0jbLPNYs James DeMonaco on This is the Night and the The Purge 6 with Frank Grillo
3hH7h87axFc Chris Pratt & Elizabeth Banks LEGO Movie 2 Interview
3h_tniSZbio Goldie Hawn & Kurt Russell on Christmas Chronicles 2's Mrs. Claus
3k1CQN9q3HA Sylvester Stallone Interview Rambo: Last Blood
3kRtAX6qvcU Spenser Confidential 2 Is \
3qKHiQP3mUM Stephen Lang on Don’t Breathe 2, the Avatar Sequels, and Why He Stays in Character on Set
3qSu8s0oYGg If Beale Street Could Talk Movie Review - Collider @ TIFF 2018
3sRAQ3Llu6w F9 Director Justin Lin on Bringing Back Fan-Favorite Characters and Plotting the Endgame
3sUprYghqGc Halle Berry on Moonfall and Why People Love End of the World Movies
3tocLrMvoz8 RoboCop (2014) Movie Review \
3ukiDuq36Jw Shawn Levy on Free Guy and How Ryan Reynolds Adds Jokes in Post-Production
3x5LhI54jYM Cobra Kai Season 4 Creators Interview: Who Could Andrew Garfield Play?
3zJbmxvQJZ0 Upload Season 2: Robbie Amell on the Nathan/Nora Dynamic
40EfEkjDmHQ Dave Bautista on Army of the Dead, Dune, and Guardians of the Galaxy 3 - Collider Connected
41S2gxoU3NQ J.K. Simmons & Nina Arianda on Being the Ricardos and Aaron Sorkin’s Script
43flKCPY3Dg Zach Gilford and Kate Siegel Midnight Mass Interview (SPOILER WARNING)
44Fj_kOrWOA The Rise of Skywalker: John Boyega Interview
48fuboRRhzA Top TV Shows 2013 - Dennis and David's Top 5 Picks
4Ap_-Yl0yjI Jumanji: The Next Level Cast Body Swaps with the Film Crew
4B0Q8r6mZYs 21 Bridges: Chadwick Boseman and Sienna Miller Interview
4B8oNLaZ2gk Dakota Johnson, Jon Hamm & Cailee Spaeny Talk Bad Times at the El Royale
4BU5mLBhk9Q Dwayne Johnson on Red Notice and His Reaction to a Black Adam Early Cut
4EqwgbmBy2E 'Marvel's Avengers': Ashly Burch on How a Deadpool Moment Influenced Her Performance as Kate Bishop
4F4wTjVGvcc Is Fast and Furious 9 in Space? Director Justin Lin Responds
4FqXP0Se1Z0 Cobra Kai Season 3: Jacob Bertrand Discusses the Future of Hawk's Mohawk
4H-eCLGliQg Avengers: Endgame Writers Christopher Markus & Stephen McFeely Interview
4K0x590QgHI Rami Malek on No Time to Die and Why James Bond Is the Greatest Franchise
4KK_Gw5vAkI Alfre Woodard on See Season 2 and Why She Still Has Scars From Making Star Trek: First Contact
4Meo3W-R-2Q Jim Parsons on The Boys in the Band and Why He Wrote Ryan Murphy a Thank You Letter
4MpY9WfZrvk The Prom’s Andrew Rannells & Keegan-Michael Key Reveal Their First Celebrity Crush
4N_2KeP-Mt0 Benjamin Walker on How He Joined the 'Lord of the Rings' TV Show & Why a Bigger Budget Is Important
4QWOrek-mr4 Sophia Ali on Uncharted and What Surprised Her About Making a Hollywood Movie
4RJbzd2C2nE Detective Pikachu: Justice Smith & Kathryn Newton Interview
4S4W-vVaklY Shazam 2 Star Jack Dylan Grazer Teases a Funnier, Action-Packed Sequel
4Sy7L2l0WR4 Awkwafina on Shang-Chi and Why She Always Wants to Make the Camera Person Laugh
4T4g8Wr_m7U Hell Fest Cast Plays a Horror Themed Round of Would You Rather
4TexDIh5Qec M. Night Shyamalan on Servant, the Gruesome Eel Scene, and His Upcoming Movies
4VAAh8TKjCI Werewolves Within: Milana Vayntrub and Director Josh Ruben on Their Horror-Comedy Whodunit
4WBM39TbLBI Yahya Abdul-Mateen on The Matrix Resurrections and Black Manta’s Role in Aquaman 2
4XtHMQR2-a8 Triple Frontier: Charlie Hunnam & Garrett Hedlund Interview
4Yt7Q-S-Ys0 Dune: Dave Bautista and Stellan Skarsgård on Working With Denis Villeneuve
4ZyWnzbfuiM Extra Ordinary: Will Forte, Mike Ahern, Enda Loughman Interview
4aSiTqX2ujI The Lost Daughter: Maggie Gyllenhaal on How Elena Ferrante’s Writing Inspired Her to Tell This Story
4c92GoKMd1Y Hawkeye EP Trinh Tran on Casting Hailee Steinfeld as Kate Bishop and Why It’s 6 Episodes
4e5Um7bsc4Y Eddie Murphy Talks Dolemite Is My Name, SNL, and Beverly Hills Cop 4
4eVhSKGFEvY Gugu Mbatha-Raw on ‘Loki’ and How Time Works In the TVA
4floupsy_2Y Ron Howard on His Documentary Rebuilding Paradise, Willow, Solo and More | Sundance 2020
4hKLyCEShY0 Wedding Crashers 2 Story Teased by Director David Dobkin
4hoMOvaEk08 Why Thanos Was Able to Defeat Hulk in Infinity War
4lgqTUEsvCM Michaela Conlin on Bad Trip, a Possible Bones Revival, and More
4oDDLqO7ifU Shia LaBeouf, Dakota Johnson & Zack Gottsagen on The Peanut Butter Falcon
4oRkhKhNmuU Arrow \
4o_alW7az64 Jon Hamm and John Patrick Shanley on ‘Wild Mountain Thyme’, the Beautiful Opening Shot, and Ireland
4qKJq1_XDQw Arrow Season 2 Episode 3 \
4qV8sYtqvgI Emily Blunt and Jamie Dornan on ‘Wild Mountain Thyme’ and John Patrick Shanley’s Bewitching Script
4tZvpKJiQmw Ralph Breaks the Internet Taraji P. Henson Interview
4u9CZqZPBSA Simon Kinberg Teases New Twilight Zone; Says Black Mirror Is an Inspiration
4ugTLOuwkFA F9 Interview: Even Sung Kang Doesn’t Know How Han Survived
4vGR5p8AGOk Narcos: Mexico Season 3: Scoot McNairy and Luis Gerardo Méndez on the Final Season
4y2_z-oVKh0 I Am Not Okay With This Ending Explained by Sofia Bryant and Richard Ellis
4y9dVeOfRvY John Wick 3 Dogs, Explained
5-_pZa7b30U Gina Torres Talks Firefly's Impact Almost 20 Years Later
51_e0VTIcx4 Narcos: Mexico Interview - Michael Pe༚
51ws2OxMxQo Rachael Leigh Cook and Matthew Lillard on He’s All That and Social Media
52xiO0cosJE ‘Servant’: Lauren Ambrose and Toby Kebbell Tease Season 2 Storylines
54qNxWo_FkU Nahnatchka Khan Interview Always Be My Maybe
56uR3v2W8Dk See: Sylvia Hoeks & Christian Camargo Interview (Apple TV+)
59mUuZNuho8 Lovecraft Country: Wunmi Mosaku Details the Painful Experience of Making Episode 5
5DMDYX6AIdg Aaron Sorkin on Being the Ricardos, How He Writes & What Happened with Houdini and Ocean of Storms
5DOpnbaQAhg Dune: Josh Brolin and Javier Bardem on How Film Is More Relevant Now Than When First Published
5JSBZH59urQ Stranger Things Season 4: Shawn Levy on Locations, Delays, and Plotting the Endgame
5JvVQ3ZyOqo Extraction Director Sam Hargrave on How They Designed the 12-Minute Oner Car Chase
5L9GpcwbdOA The Batman Has Deleted Scene Where Robert Pattinson Met THAT Villain, Says Matt Reeves
5M_dD4U7z7s Dolemite Is My Name: Tituss Burgess and Da’Vine Joy Randolph Talk Rudy Tay Moore
5MwFkHe5nhM Ray Liotta and Julia Fox on 'No Sudden Move' and ‘The Many Saints of Newark’
5OHDziFrRd8 Kelly Souders and Brian Peterson on Hot Zone: Anthrax and Smallville
5P1GOiT8qcY Emmy Raver-Lampman Remembers When Leslie Odom Jr. Fought for the Cast of Hamilton
5PEDL4nQwtM Encanto: Stephanie Beatriz & John Leguizamo on Lin-Manuel Miranda's Songs and Disneyland
5QGHGttqKOw Jurassic Park and Thor Ragnarok: Sam Neill Interview
5SRd-YZNeFA Hatching: Hanna Bergholm, Siiri Solalinna and Sophia Heikkilä on Their Coming-of-Age Horror Film
5TLcO_ydrGc Henry Cavill on Whether ‘The Witcher’ Could Take Down Superman
5TxiYUsoI9k Incitement: Director Yaron Zilberman and Yehuda Nahari Halevi Interview
5UiaCUXo4kQ Glass: Anya Taylor-Joy & Spencer Treat Clark Interview
5a0N-Z7PjwY Cary Joji Fukunaga on No Time to Die and If He'd Direct Another Bond Movie
5bhKlVHzGs8 6 Underground: Ryan Reynolds Reveals Why Michael Bay is Such an Unusual Director
5bhjTEJEoHg Michael Shannon on Nine Perfect Strangers and David Leitch's Bullet Train
5ccbgZdHI0U Abominable Interview: Chloe Bennet, Tenzing Norgay Trainor & More
5dLsJVt0198 Muppets Now: Miss Piggy on Disney+ Show, Being Called a Diva
5ePq7n8v3Ac Robert Kirkman on Invincible and the Future of The Walking Dead Franchise
5ftrThQLk_I The Hate U Give: Amandla Stenberg on the Importance of Seeing Color
5kNa2hmIApA Domhnall Gleeson on The Kitchen and Star Wars 9
5mh7SP-NiAA Henry Golding on Snake Eyes and What He Hopes Happens in a Sequel
5ndbkMBe2hw Queen and Slim Interview: Daniel Kaluuya & Jodie Turner-Smith
5pBSaTwNg7I Tolkien: Lily Collins Interview
5qlfk9YW0Bk John Boyega and 892 Cast and Filmmakers on Why They Wanted to Tell Brian Brown-Easley’s Story
5rzGVJEdnpU Maya and the Three: Jorge R. Gutierrez & Sandra Equihua Interview
5szKlpIChg0 Edgar Wright on Last Night in Soho and the Shot That Almost Broke His Brain
5tr5R9Yl8bM Rob Liefeld Talks Deadpool Post-Disney Merger - Amazing Con Las Vegas 2019
5uAOma0sR00 The Hunt Interview: Ike Barinholtz and Jason Blum (Contains Spoilers!)
5we7168zmnA Casey Affleck and Director Mona Fastvold on Their LGBTQ-Themed Period Drama ‘The World to Come’
5x2Siuw7Usc Hellboy: Ian McShane Interview
5zVSLDZNhZ8 Hobbs & Shaw Credits Scenes Explained by Director David Leitch
60_pCNM4e-I Servant: Nell Tiger Free and Rupert Grint Interview (Apple TV+)
60kunUvcLzE Malin Akerman on Why Watchmen Was a Turning Point for Her
61TfkU_E834 Agents of S.H.I.E.L.D. \
61_1ZJJHPpY Mortal Engines: Hera Hilmar & Jihae Interview
62Qa9Kq5lL4 Was the Mamma Mia! Cast Really Drunk on Ouzo on Set? Christine Baranski Sets the Record Straight
63A0yBEVIrI Lady Gaga and Bradley Cooper on A Star Is Born
63MUuPNgpGc Hitman Will Have Hair in TV Series, Says Writer Derek Kolstad
65-yllfI-gI Spider-Man Director Jon Watts Earned a Special Thanks on This SXSW 2022 Gem
66foNnmSFv4 Nick Robinson on Maid and Understanding His Characters Toxic Behavior
6CjSK-U41Rg The Witches: Kristin Chenoweth Shares Her Take on the Film's Surprising Ending
6EIcXMhyzlQ Arrow Season 2 Episode 2 \
6EIvHFc15b4 Men in Black International: Kumail Nanjiani Interview
6EhcIDCGeCM Jeff Bridges Brings \
6Fnnm-nljE8 Jason Momoa Reveals What He Did For His Son in Dune and Why He’s Also Excited for a Sequel
6IJbNRAusug Welcome to Marwen: Merritt Weaver and Leslie Zemeckis Interview
6Iv9EHwqU74 Second-Born Royals: Olivia Deeble and Faly Rakotohavana on Their New Disney+ Film
6UwCFDuFIaY Video Game of the Year Debate
6VkNxxu4nIQ Avengers: Endgame Deleted Scenes: 5 Minutes May Be on the Blu-ray
6WoZyvfSMj4 Katherine Langford on Being Cut From Avengers: Endgame: “Whatever’s the Best Thing for the Film”
6Wqy6lOt3nQ Naomi Watts and Andrew Lincoln Penguin Bloom Interview
6_42JAw81z8 Patrick Ness on Chaos Walking and Writing Snow Blind for Jake Gyllenhaal
6_KOFMLcFfw Velvet Buzzsaw: Dan Gilroy and Zawe Ashton Interview
6ennIrtgKuI Cobra Kai Season 3: Creators Tease More on the History of Miyagi’s Karate
6fLTBNAMLaM Katherine McNamara Talks Arrow and Her New Film \
6fa31Vpmyf4 Star Trek Discovery Season 3: Doug Jones Teases Upcoming Storylines
6i4N2YcoNy4 It Chapter 2 Stars Fan-Cast the \
6jWINWt8PnE Manny Jacinto on His Favorite Nine Perfect Strangers Moments and His Good Place Character
6lL9MUhiOk0 ‘WandaVision’ Has an Epic Ending According to Paul Bettany
6pCD6Pz9XIE Exclusive Clip from 'The Legend of Hallowaiian' Reveals the Fire Goddess
6rR7yWvOsWw Hollywood Stars Darren Criss, Samara Weaving & Laura Harrier on Ryan Murphy's Netflix Series
6szxjuraxU8 Synchronic Interview: Justin Benson, Aaron Moorhead & Ally Ioannides
6uSzBJGmY-w Giancarlo Esposito on The Boys Season 2 and The Mandalorian Season 2
6xfyEa9SNBs Hasan Minhaj on The Morning Show Season 2 and Why He Auditioned With His Mom
6yTR8fsNMWs Christmas Chronicles 2: Tyrese Gibson and Jahzir Bruno on Sequel
6yWmDo_AquQ Gary Oldman & Jack Lowden on Slow Horses, Future Series Plans & Filming an Action Scene at Airport
70OvrS69CiY How to Train Your Dragon Norway Trip Recap: Embracing Our Inner Viking
70_0SsvBjkQ Jason Statham Reveals The Meg 2 Filming Start, Praises Director Ben Wheatley
770QMpUy6jk Interview With the Vampire Series Starts Filming This December, Says Alan Taylor
78y68CiQzSs Eternals: Kit Harington, Lia McHugh, and Don Lee on Joining the MCU
7GzNrjROxkI Ryan Gosling and Claire Foy on First Man and Damien Chazelle
7IFceWcZ0yY Mortal Engines: Christian Rivers Interview
7IN_nPwlvOU Jake Gyllenhaal and Julianne Moore on Spirit Untamed and the Donnie Darko Opening Shot
7JLYtbaCSb8 Jennifer Hudson and Jeffrey Wright Explain Why Monster Deserved an Oscar Nomination
7OFVYWlf9Wc Blinded By The Light: Gurinder Chadha, Sarfraz Manzoor and Viveik Kalra Interview
7Op99RcAzy8 Black Widow Movie: Rachel Weisz Interview (Melina)
7QAJ7zs2c50 Guillermo del Toro Offers Update on His Frankenstein-Inspired Pinocchio, Reveals Release Window
7SQE9d8QDVU Daniel Wu on Reminiscence and His Favorite Jackie Chan Movie and Stunt
7TIoZoEY3n4 Dark Phoenix: Sophie Turner and Tye Sheridan Interview
7TdvdkDIAMY Ethan Hawke on Blaze, First Reformed and Those Logan Quotes
7VnxzuRl_yE Hawkeye Directors Bert & Bertie on Ep. 3's One-Take, This Week's Big Reveal
7WbdSCLijs0 Russo Brothers on Producing Netflix's Mosul with All Arabic Cast
7XQ3em5Ls_4 Euphoria Season 2: Zendaya, Hunter Schafer, & Dominic Fike on Their Characters
7Y03l2YQfUo How Jack Nicholson Was Almost 'The Judge' Opposite Robert Downey Jr.
7c0a_2tfSJ0 O'Shea Jackson Jr. Interview Long Shot and Den of Thieves 2
7cTRMjWGLtQ Ringworld Series Gets Game of Thrones Director!
7dVU59EagQo Mayday: Karen Cinorre, Grace Van Patten, Havana Rose Liu and Soko on Their Feminist Sundance Movie
7eynyFEqXtE The Lost World: Jurassic Park Gymnastics Scene Is Great and Vanessa Chester’s Take Proves It
7h0I-EzHkSM The Lodge: Riley Keough, Lia McHugh, Veronika Franz & Severin Fiala Interview
7iHSjMmrOfI Sabrina Season 4: Could There Be More to Sabrina's Story? Kiernan Shipka Weighs In
7jPp15smhAc Chloe Grace Moretz on The Addams Family 2 and Her Sci-Fi Series The Peripheral
7k9-y-3IMIE Exclusive Knuckleball Trailer
7kK9VDwW-Hc ‘The Office’ Showrunner Greg Daniels on a Potential Reboot and Nearly Breaking Up Jim and Pam
7lTh-ALrYD8 Clone High Reboot: Christopher Miller and Phil Lord Give Update on Revival at HBO Max
7laTLxgd9Bo Hollywood Netflix Cast Interview: David Corenswet, Dylan McDermott and Patti LuPone
7mU0BwqRYdk Phil Lord, Chris Miller & Mike Rianda on Making ‘The Mitchells vs. the Machines’ and the Giant Furby
7q-WpT7y1Fs Doctor Sleep Interview: Director Mike Flanagan
7qQtMR-RC_c Fear Street Interview: Olivia Scott Welch and Kiana Madeira on Sam and Deena's Connection
7ru7MqLIk4s Fisher Stevens on Palmer, Producing Tiger King, and Succession Season 3
7tKP5N_q2iI Scream 2022 Interview: David Arquette and Jack Quaid
7vDQz5XiN_k John Wick 3: Director Chad Stahelski Interview
7vYMWtGbzJc Sebastian Stan on Driving Around Naked on a Moped for 'Monday,' and Why He Loved Filming in Greece
7wWSn8zLu7U John Wick 3: Halle Berry & Chad Stahelski Interview
7xv6XGlnLTg Holmes & Watson: Rebecca Hall & Lauren Lapkus Interview
7yZbtzaMrW0 Brendan Fraser and Bill Duke on ‘No Sudden Move’ and Why Steven Soderbergh is a Detail Genius
80IoTUNDg4k Colm Meaney on Star Trek, Hell on Wheels, Pixie, and Why Guinness Tastes So Much Better in Dublin
80vl2Hq5kgM Christoph Waltz Interview Alita Battle Angel
84PK8w9i9EU Guardians of the Galaxy 3: Dave Bautista on Ending Drax's Journey
8BWjw-Q2D1w Always Be My Maybe Director Nahnatchka Khan - Collider Ladies Night
8DA2ov6m7Tg Michael Stuhlbarg on Josephine Decker’s Masterful Work Directing Shirley
8DnnYn8T__k Over the Moon Cast Discuss' New Animated Fable on Netflix
8EIWrCcei_s Todd McFarlane Interview: Spawn 301 & Status of the Movie
8ELWEjEyfts Tommy Lee Jones Interview Ad Astra
8FbZYzNu0_4 Project Power: Rodrigo Santoro Details the Prosthetic Wizardry of His Transformation
8FcSthwnn_4 Sandra Bullock and Rob Morgan on The Unforgivable and Filming a Tough Scene
8Hvn5O_kbms Umbrella Academy Season 3: Emmy Raver-Lampman’s Hopes for Allison
8L1Ou3u232A Bohemian Rhapsody Deleted Scenes Explained
8LzdCQiEgxg Leslie Odom Jr. and John Ridley on Needle in a Timestack and Cynthia Erivo
8QKe2EMLV5c Evan Rachel Wood Briefly Considered Pulling an Actual Con to Prep for Kajillionaire
8QaLfltkgj0 Space Force Creator Greg Daniels on How They Refocused the Show in Season 2
8RyU-NOnyXM Escape Room 2 Director Explains Minos’ Goals and SPOILER’s Return
8Tp6skALcug Elizabeth Olsen Explains How She Broke Into Blockbusters
8_dLvCIFH6E See: Director Francis Lawrence Interview
8_tJ3qzWJ9M Toy Story 4: Annie Potts Interview (Bo Peep)
8c6_zPR3Q4I Hereditary Deleted Scene: Freaky Foreshadowing
8dRVG-16fRw Tim Blake Nelson and Rob Morgan Talk ‘Just Mercy’ and ‘Watchmen’
8dU6KTHA654 The Walking Dead \
8deaLjQh2cc ‘The Boys’ Comic Co-Creator Darick Robertson Talks Gritty Truth About Superheroes
8e3apUQ5_2A The Boys Season 2: Jack Quaid (Hughie) and Erin Moriarty (Starlight) Interview
8esgrLzPZp8 Halo’s Pablo Schreiber on Playing Master Chief and Filming Season 2 This Summer
8etqYgQkenY The Gentlemen: Charlie Hunnam and Hugh Grant Interview
8giq_h__wQI Top Gun 2: Details on the Crazy New Cameras They Used
8gnWCduWVX8 Brian Michael Bendis talks Leviathan, DC Comics' Latest Event
8hGCuPJKz1M Terminator: Dark Fate Filmmakers and Gabriel Luna Go Deep in Hourlong Q&A
8j5hJX8lImA Ally Maki on Home Sweet Home Alone and the Legacy of John Hughes
8mIN50hzjgc Lee Eisenberg and Gene Stupnitsky on Good Boys, the Ending, and Casting their Leads
8nDSFcBjKbQ Bill Hader on Recording Addams Family 2 In His Bedroom and When He’ll Direct His First Movie
8tRQEJQTTeQ M. Night Shyamalan on ‘Servant’, His 40-Episode Plan, and Future Movies
8uCn5YbxsSg Rocketman: Director Dexter Fletcher Interview
8z0nRKWrpP0 Dwayne Johnson Got Emily Blunt to Reveal Why She Hasn't Done a Superhero Movie... Yet
917dRQcwoF0 Iliza Shlesinger Talks Spenser Confidential and Adopting Her Rescue Dog from China
91PRNTgykCU 47 Meters Down Uncaged: Brianne Tju, Davi Santos & Khylin Rhambo Interview
91ydb2WJnks Tom Hiddleston on Whether Loki Will Ever Get a Love Interest & How Kenneth Branagh Changed His Life
925Ff_JQPc8 Galaxy Quest TV Show Plot Details Revealed by Director Dean Parisot
93d7noZkOAU The Avengers 2: Age of Ultron News Reaction
954-IB72BEM Army of the Dead Spoilers: Vanderohe's Last Scene Explained by Omari Hardwick
97Bw4r0SM6g Seth Green Talks Spider-Man, Avengers: Endgame and His New Film Changeland
97X6d0rGJd0 Kate Mara Reflects on Fantastic Four Experience: \
98xHwV711CE Priyanka Chopra on The Matrix Resurrections, Lana Wachowski, and Citadel
99KhVqdKYWM Kelsey Grammer and Julia Stiles on The God Committee, Frasier and Orphan: First Kill
99YzLDFY0k0 Adam Devine Talks Jexi, Righteous Gemstones and Who He Gets High With
9AqmzMdftgg Dual Interview: Aaron Paul, Karen Gillan, Beulah Koale & Riley Stearns - Sundance 2022
9CfBc0neAek Daredevil Season 3 Interview with Charlie Cox, Deborah Ann Woll
9E8f4Y-1Yrc Pacific Rim Review \
9H8nqFf3Ceg We Can Be Heroes' Yaya Gosselin and Vivien Lyra Blair on Sequel Ideas for Their Characters
9HFiOT5N0fM Bohemian Rhapsody: Lucy Boynton Interview
9HUGZnhn5YA Billy Crudup Explains Whether or Not His Morning Show Character Is a Good Person
9LXzBpYNrZM 300: Rise of an Empire Movie Review
9O4PvXLrjIA Falcon and the Winter Soldier Writer on Marvel's Secret \
9Oe-OYBhOOk 'Eurovision's Oscar-Nominated Songwriters Break Down 'Húsavík' in All Its Icelandic Glory
9PtEDCnsvNk American Horror Story Season 10's Lily Rabe Teases New Installment
9QA1OV-Of_s Aladdin: Naomi Scott Interview
9QTkHBvgKE4 Chloe Bennet Interview Abominable and Agents of S.H.I.E.L.D. Final Season
9Ra6brycBlg Love, Antosha Interview: Drake Doremus & Garret Price
9SrOQxPqLuI Man Of Steel Review \
9SuIePWQlcM Andy Serkis on Venom: Let There Be Carnage and Shooting the Coming Out Club Scene
9UXZJqr58no Russo Brothers Interview: Mosul
9V3e1R16OMo Roxanne Benjamin Interview: Body at Brighton Rock
9YZdmVv-jqo Victoria Pedretti Teases You Season 3 and Hopes of Exploring Love’s Hysteria
9ZnByCRNdIc Zack Snyder's Justice League: Harry Lennix Confirms He's Martian Manhunter (Exclusive)
9_4LWLizFjs Fresh Director Mimi Cave & Jojo T. Gibbs on Making Their Wild Ride About the Perils of Modern Dating
9cDrKoC4kms Our Comic Con 2013 Experience - How was yours?
9cNdaT1-OHw LEGO Movie 2: Phil Lord and Chris Miller Interview
9chQFtZECJE Clive Owen Talks Gemini Man and Children of Men
9d247G_kkeo Richard Jenkins and His 'Last Shift' Co-Stars Share Their Favorite Fast Food Joints | Sundance
9ec9b9_aK50 Arrow \
9kF0vqN6Mo8 The Walking Dead \
9lHUzCzx5rY Willem Dafoe on Abel Ferrara’s Siberia, Robert Eggers’ The Northman, Auditioning for Spider-Man
9qrwAiLlQXc Vanessa Kirby and Katherine Waterston on Their LGBTQ-Themed Period Drama ‘The World to Come’
9rLvp3x5-Ws Black Adam Filming Details & Red Notice Update from Producer Hiram Garcia
9sAmqTyx_CY Heart's Nancy Wilson on Captain Marvel and Touring with Queen
9wIRrt3MjiI The Sisters Brothers Tips from 1851: How to Mix a Drink
9wQOvRuns6k Why the Hannibal Series Never Used Silence of the Lambs
9xqoY1RwRog Angela Black: Joanne Froggatt on Abusive Husbands & Downton Abbey 2
9yHVRllefIU Halo Producers Reveal Why Master Chief Takes Off His Helmet on the Series
9yejiw2vZuQ Julian Dennison on Christmas Chronicles 2, Deadpool, and Godzilla
9ywnPHDrcvQ The Walking Dead \
A-9w89su7Ws Takashi Miike on First Love, His Prolific Career & Why He’s Never Slowing Down - Fantastic Fest 2019
A05WVKN4Tk0 Gina Rodriguez on Carmen Sandiego Live-Action Netflix Film, Teases Franchise Potential
A9BuqorqN-0 Ciara Bravo on 𠆌herry’ and the *Very* Unusual Way She Booked the Role
ABw4UcdEXqE The Suicide Squad’s Juan Diego Botto and Joaquin Cosio on Why They Loved James Gunn’s Script
AC_Ewpx87NI Perry Mason Season 1 Finale Explained: All the Loose Threads
ADLlKp8a1Rw Bumblebee: John Cena Interview
ADd7WcyMhQs Severance: Ben Stiller and Adam Scott on Making the Apple TV+ Thriller Series
AERI5cA5dYs Jackass Forever’s Zach Holmes, Rachel Wolfson, Jasper, and Poopies on Joining the Franchise
AFmrTQJJRDc Mads Mikkelsen and Anders Thomas Jensen on Riders of Justice, Indiana Jones 5, & Fantastic Beasts 3
AGAlwtCybeY M.O.D.O.K. Showrunner on Season 2 Plans and That Scrapped 'Offenders' Crossover
AIKSdpVUSnE Hellboy: David Harbour Interview
AIkH2z0f1_E Haley Bennett on Cyrano, Filming the Balcony Scene, and Why She’s Grateful to Peter Dinklage
AIzHRIWUapg Jake Gyllenhaal and Antoine Fuqua on The Guilty and What They Both Learned About 911 Operators
AJCGs_uzTtE 'The Office' Star Kate Flannery on Meredith's Favorite Boss and the Show's Popularity
AK7cl-evhNc Shang-Chi: Michelle Yeoh Teases Her Character's Connection to a \
AKWSxiD0Z90 ‘Spirit Untamed’ Director Elaine Bogan on How New Technology Makes Animated Movies Better
ALw5IHi1rgo Star Wars Underworld: Ronald D. Moore on Scrapped George Lucas Series
ARQ3YMRGyK0 Crispin Glover Talks Lucky Day, Back to the Future, and Working with Roger Avary
AUCYugtL8bI Kate Beckinsale on Her Action-Comedy Jolt and Having a Cat That Loves to Be Dressed Up
AUS5K0bDVfs Max Borenstein on 'Godzilla vs. Kong' and His Cancelled 'Game of Thrones' Spinoff Series
AVwwBaPehak Andie MacDowell on Maid and Working With Her Real Daughter Margaret Qualley
AW63ltWlRIk Watchmen: Damon Lindelof Interview (Spoiler-Free)
AWb8Yxs9WXw The Suicide Squad: Nathan Fillion, Jai Courtney and Flula Borg on James Gunn's Script
AWnoVAWsmVQ Lily-Rose Depp and George MacKay on Wolf and Being Inspired By the Challenge
AXAsfpUpEYM How The Mandalorian Season 2 Was Made: Boba Fett, Lightsaber Battles and More
AXyUdsOsREo Darlin': Pollyanna McIntosh and Cast Interview
AYjGgvXPCrk The Witcher Season 2: Freya Allan Explains Ciri’s New Eyebrow Color (SPOILER WARNING!)
AZxTvaMNMMQ Lucy in the Sky: Natalie Portman & Jon Hamm Interview
AbwZ005BB4E Mayor of Kingstown: Aidan Gillen & Emma Laird on Their Characters' Connection
AetvPaiWxO0 Battlestar Galactica: New Movie and TV Show Will Exist in Shared Universe Says Simon Kinberg
AfLDnAtJyow Aladdin: Alan Menken Interview
Afl6xqLyBVM The Other Lamb: Michiel Huisman, Raffey Cassidy, Malgorzata Szumowska Interview
Aj56bg3LDQ8 Adi Shankar on The Guardians of Justice, Creativity, and the Deeply Personal Nature of His Projects
AjA_yTHczwU Top 10 Star Wars Heroes - Bloopers
Akpch0IFmM0 Karen Gillan on Gunpowder Milkshake, What If…?, Guardians of the Galaxy Vol. 3, and Thor 4
AnEl5-Bcw2w Jessica Chastain on Producing The 355 and Which Stunt Caused Her to go to the Hospital
AnKA4PK-UwY I Am Not Alone: Serj Tankian, Anna Hakobyan and Garin Hovannisian Interview
Ap0SOTopyY8 1883 Yellowstone: Faith Hill and Isabel May on the Prequel Series and Taylor Sheridan’s Scripts
AqMTrtB1yV0 Hailee Steinfeld on Dickinson Season 3, the Show Ending, and Hawkeye on Disney+
AqnrvJkuFrY Bob's Burgers Movie Update: Creator Explains Release Date Delay
Aru0PW6YN2s Deadpool 3: Ryan Reynolds Offers a Brief But Hopeful Update on Sequel [Exclusive]
AtrGYUh8YR8 Aubrey Plaza & Alison Brie on the Michael Caine Technique Used on Spin Me Round
Auazgl86960 Elysium Review \
AwoQqebRBRI Zendaya and Timothພ Chalamet on Dune's Attention to Detail and the Sequel
Azi3xg5_-Bw Kimmy Schmidt's Carol Kane: Kissing Daniel Radcliffe, Hunters Season 2
Azn8YnpP6Fw Breaking Bad: Why Betsy Brandt Still Hasn’t Watched This Major Episode
AznujsioCdw Bumblebee 2: Five Things We Want To See In The Sequel
B-6SgkSadyc Nicole Kidman & Ansel Elgort Interview - The Goldfinch
B-_dpZlJgB8 Alexander Skarsgård Interview The Aftermath and Godzilla vs. Kong
B1Uaja52RgM Queen and Slim Interview: Lena Waithe
B3JFfnyr5Hc Polar: Mads Mikkelsen & Jonas Akerlund Interview
B4CG_6rRoMU Ronda Rousey on Why She Wouldn’t Let Peter Berg Shave Her Head in Mile 22
B4_wt6vdUpU Widows: Viola Davis and Liam Neeson Interview
B4fVHQJG6yc The Mitchells vs. The Machines: Maya Rudolph, Beck Bennett and Abbi Jacobson Interview
B7eQ96oAqZI Jess Salgueiro on The Expanse Season 4 and Netflix’s Jupiter's Legacy
B81HzQm4Sig Keanu Reeves Confirms He's in Toy Story 4
B8QCdvcWlXg Which Sticker Design Won For Our Nuclear Salvation Web Series For Comic Con?
BH70Et3MsHg Rawson Marshall Thurber on Red Notice, the Original Ending, and The Division Movie
BJjLuauTr2Y This Is The End Review \
BMga7sI76U4 Star Trek Picard Season 2: Isa Briones, Santiago Cabrera & Evan Evagora on Patrick Stewart
BPVqoYLt-Ks Nine Days: Winston Duke and Zazie Beetz on the Fantasy Drama
BQDXaumcL_U The Walking Dead Season 4 Finale Review
BQfW2M8tEng Heels: Mary McCormack & Chris Bauer on Wrestling and Their Characters' Wardrobes
BQj2FxjwHGU Single Drunk Female: Sofia Black-D'Elia, Ally Sheedy on the Messy Dramedy
BSei3sWBCOA ‘Mortal Kombat’ Director Simon McQuoid on Why He Loves Kung Lao’s Fatality
BTBvCYu7ufA The Kids From 'Willy Wonka' Reflect on the Making of the Film and Whether Any of the Candy Was Real
BU3ch1KbU-0 True Detective Season 2 Rumor: Brad Pitt Casting?
BXjrTd8YRPM Arrow \
BXrU-n0hOEg Yvonne Strahovski Weighs in on the Controversial Dexter Finale
BYgPI9BmY9o Margot Robbie on Why Her Dreamland Co-Star Was the Perfect Scene Partner
BbI3ifaRtU4 Save Yourselves! Stars John Reynolds and Sunita Mani on Surviving an Alien Invasion | Sundance
BcXXZ3DuPm0 Blinded By the Light: Gurinder Chadha & Aaron Phagura Interview
BdreGlCDxx8 Eric André and Lil Rel Howery on Bad Trip, Tiffany Haddish, and More
BetOua3cgM0 Benedict Wong on Nine Days and the Importance of Marvel's Shang-Chi
Bf5BBB2yxwE Michelle Monaghan Talks Messiah and Being Edited Out of Constantine - Collider Ladies Night
BfhEp_YtDgI The Stranger Drive-In Q&A with Maika Monroe, Avan Jogia and More
Bh1L7xOYfmk Carrie Coon Explains Why She Joined the MCU for Avengers: Infinity War
BiprjGKPA4Q ‘Mortal Kombat’s Lewis Tan and Mehcad Brooks on Fatalities, Friendships, and More
Bjv95_EAhss Paul Reiser and Sarah Baker on Kominsky Method Season 3 and Making Aliens With James Cameron
BlGmdScE7g8 Ella Balinska, Pilou Asbæk, Shana Feste Interview: Run Sweetheart Run
BnIl7fmlZm4 1917 Co-Writer Krysty Wilson-Cairns on How Viewer Anxiety \
BoAx09GGx9c Dumbo: Danny DeVito Interview
BqrKFE0xY6Y Tom Brady's IMAX Movie Details Revealed!
Brf33rAUwhw Producer Peter Safran on Peacemaker, Eagly, and How Shazam 2 Has Bigger Action
BroB0-hZ3lo Producer Jason Reed Explains What a Disney Production Executive Does
BtF8kb1qRpc Green Book: Peter Farrelly Interview
BubLvniFh5Y Merry Happy Whatever: Ashley Tisdale & Bridgit Mendler Interview
BxPwTe1o4lc Wonder Woman 2 Release Date Delay Explained
BzJRoRgkcA0 Henry Cavill Interview: The Witcher Season 2 & Why He Wants to Continue Playing Superman
C17alYYLqMU Agents of S.H.I.E.L.D. \
C3HggAUi5w8 Lily Collins on ‘Mank’ and Discovering David Fincher Is Funny
C5nQQ0Rrhok The Boys Season 2 Finale: Erin Moriarty on Filming That Epic Fight Scene
C8R2xHWRVvE Arrow \
CBadzZKVUmY Drew Pearce Interview Hobbs & Shaw, Quartermaster and Marvel
CCCIIyEU5-0 Fear Street Director Leigh Janiak Takes Us From Honeymoon to Netflix Trilogy - The Witching Hour
CCxiRsS9EaI WandaVision: Elizabeth Olsen Says Wanda Starts the Show With a Blank Slate
CF3aWCliaZI Things Heard & Seen: Shari Springer Berman and Robert Pulcini on Their Netflix Supernatural Thriller
CFQeGg_KC3w Before You Know It: Mike Colter, Judith Light, Hannah Pearl Utt & Jen Tullock
CHtKXBP6tYE Turning Red: Director Domee Shi & Producer Lindsey Collins on Pixar During the Pandemic
CHzuhGJeQZM Deadly Class Cast Interview
CL1e9qVjZFQ Nick Frost & Jack Lowden Fighting With My Family Interview
COLKXQUv15I Lana Parrilla and Marti Noxon Interview: Split at the Root - SXSW 2022
CddSaddxF90 Black Widow Movie: Florence Pugh Interview
CjmxeOQ6Qig Dream Horse Duo Toni Collette and Euros Lyn on the Inspirational True Story | Sundance 2020
Clmpt19gsko Joe Alwyn Interview The Favourite
CuB57H1-MuM Halloween : Jamie Lee Curtis on What to Expect from the Next Two Sequels
CwEWTN00Uoo Hawkeye: Fra Fee on Kazi's Relationship With Maya and His Inner Conflict
Cz0J3WeoNcM Wild Rose: Jessie Buckley, Tom Harper Interview
CzpP6KGGbZE Jim Gaffigan on 'Luca' and Why David Lowery’s ‘Peter Pan & Wendy’ Will Be The Best ‘Peter Pan’ Movie
D1LYfIVJV2I Interview with Drawfee at RTX Austin 2018
D1Lv6TqoGx0 Masters of the Universe Directors Tease a 𠇌olorful, Fun, and Irreverent” Live-Action Movie
D1Zt5wKc8K0 Gone Girl: Carrie Coon Clarifies a Misconception About David Fincher
D1jQWndBlBw Sing 2 Director Interview: Working with Halsey and Bono
D1mKVvj6Mk8 The Devil All the Time: Harry Melling and Pokey LaFarge Interview
D4LwIfkEcas How Taika Waititi Boosted Rachel House's On-Screen Confidence
D4t4MFGtK8w Miracle Workers Season 3 Oregon Trail Interview: Geraldine Viswanathan and Karan Soni
D7Z8k1rObwU Hugh Jackman on Reminiscence and Using New Technology on Set
DB2WzDslGw4 How To Train Your Dragon 3: Jay Baruchel & America Ferrera Interview
DC92SBYaxZg Robin Hood Director Otto Bathurst Interview
DGpyJhetijo Spider-Man: Into the Spider-Verse: Phil Lord and Chris Miller Interview
DITV7M7uSKw House of Cards: David Fincher Convinced Robin Wright Netflix Would Be the Future of TV
DKQD28FgJFU Kathleen Turner on Kominsky Method Season 3 and Voicing Jessica Rabbit in Who Framed Roger Rabbit
DLSz1CBqvsA Bad Boys for Life Directors Explain the Film's Mid-Credits Scene
DM5K3aCqlY8 Evangeline Lilly on South of Heaven, Real Steel, and the Ant-Man 3 Script
DNGxWsmtd_8 Gladiator 2: Connie Nielsen Says the Film Is Still \
DO5R1IHZr0I Vin Diesel Interview: Bloodshot
DOPMPwwRtf4 Birds of Prey Director on Getting Advice from Rian Johnson, Patty Jenkins
DPPLDa4aUu4 John Cena on Peacemaker, the Opening Credits, and Filming the Underwear Action Scene
DPezWn61Tq4 Tim Story on ‘Tom and Jerry’ and Why He Paid Homage to Tim Burton’s tman’
DQf_SnMTRWw The Wheel of Time: Madeleine Madden & Zoë Robins on the Cliff Jump Scene and Their Audition Process
DWoFeH31npY Margaret Qualley on Maid and Working With Her Mom Andie MacDowell
DZoAjuQ6cRk Zack Snyder's Justice League VFX Artists on a New Steppenwolf and More
DbRX0yC4sHs Paul Walter Hauser on Queenpins and Who He Based His Voice On
DdPm1krzvqs Spider-Verse: Brian Tyree Henry and Luna Lauren Velez Interview
Dh7Wrz3Y4qE Laverne Cox on Jolt, Shonda Rhimes’ Upcoming Series Inventing Anna, and Working with James Spader
DnMhD1ANaL0 John Bradley on Moonfall and the Scope and Ambition of The Three-Body Problem Series at Netflix
Dow8Qn7qNOw Brian Grazer on Swagger, the Movie He Almost Directed, Spies Like Us, and American Gangster
DqxC148N36E Thunder Force: Melissa McCarthy and Octavia Spencer on Jason Bateman’s Crab Claw Hands
Ds8fAywJagE Zendaya and John David Washington on ‘Malcolm & Marie’ and Having to Reshoot Two Days of Filming
DtIn-mcXxE0 Simon Helberg on Annette and The Big Bang Theory Finale
DwSfg2bdwuY The Lighthouse: Robert Pattinson Interview
DxN3Vzks9MI Steven Strait on The Expanse Season 5's Creative Risks & Season 6
Dyt8zifUhCE Aladdin: Mena Massoud Interview
Dzp8s8ARFgY Centaurworld Creator on the Netflix Animated Musical Fantasy Show
E44SdjkG7Dc Zoey's Extraordinary Playlist Spoiler Interview: Skylar Astin Explains That MAJOR Max Reveal
E5LpDmSCYfc Texas Chainsaw Massacre 2022: Elsie Fisher Interview
E6D2tiXJHSs Orion Lee on Making First Cow and That Crushing Last Line
E6GIss_FFU8 Cobra Kai Season 4 Spoiler Interview: Xolo Maridue༚, Jacob Bertand & Gianni DeCenzo
E6L5Nz8Nw_o Pleasure's Sofia Kappel, Ninja Thyberg on Penetrating the Porn Industry
E7zqMrmh3DU The Hobbit: The Desolation of Smaug Review \
E8pxzOcp5Bg Vacation Friends Director Explains How He Designed the Wild Comedy's Trippiest Scene
E95UqxbBeMA Euphoria Season 2: Storm Reid, Colman Domingo, Nika King on Tackling Exhausting Intervention Episode
EDCrzsw3bdE Wedding Crashers 2: Owen Wilson Responds to Sequel Rumors
EDsVpb2pH6I James Gunn on Peacemaker, Wig Wam's Opening Credits Song, Eagly, and Guardians of the Galaxy 3
EEX0M22g7Vo The Boys: Erin Moriarty Discusses THAT Scene on the Road in Episode 6
EJs6cfcysKM Robert Wisdom and Andrew Bachelor on Vacation Friends and The Wire
EJu1Un4jVe8 The Terror Season 2 Infamy Cast Interview
EMzs_M97paw Dakota Fanning Details Her Three-Week Experience Making Once Upon a Time in Hollywood
ENv51I_Y0uU Rob Marshall Interview Mary Poppins Returns
EPZCEaK0pWg The Boys Season 3 May Include Jeffrey Dean Morgan, Per Showrunner Eric Kripke
EQKx6PuE730 A Star Is Born: Anthony Ramos on the Teacher Who Changed His Life
ERQMH5UXJbw Titanfall Beta - First Impressions
ESaVHl7Mf-4 Raya Star Kelly Marie Tran on Lessons Learned From Achieving Many \
ET22mg4xxRE Breaking Bad Season 5 How Will It End?
ETmt6CzKijM Iron Man 2: Kate Mara Revisits Her Casting Which Included a Hint at a Bigger Role
EVC3Hh_fusU Emma Thompson, Daryl McCormack and Sophie Hyde on Good Luck to You, Leo Grande
EWqSqSIwUfY The Boys Season 2: Erin Moriarty on Shedding the Starlight Look in Episode 1
EWyDmjekWKU Ben Affleck Cast As Batman \
E_M849R6Fks Eddie Murphy Documentary The Last Stand in the Works From Oscar Winner Angus Wall
EcpgoYvDSRI Kumail Nanjiani & Emily V. Gordon on How The Rock Is Part of the 'Little America'-verse
Ef9WfAJK4Ho 'Borderlands' Star Kevin Hart Teases Eli Roth's Upcoming Adaptation: \
EguX7HX9j7Y The Witcher: Anya Chalotra & Freya Allan on Yennefer's Transformation and Season 2
EiDQ9ZnamlM Dolemite Is My Name: Craig Robinson and Mike Epps Interview
EipLmb9fMWQ Michael Gandolfini, Leslie Odom Jr. and Alessandro Nivola on The Many Saints of Newark
EkYlnJdgHcw Robert Rodriguez Interview: Red 11 and The Robert Rodriguez Film School
Ekx9q-BYvZI Halloween Kills: Kyle Richards, Judy Greer, Anthony Michael Hall on Sequel and Michael Myers
ElOV21dhYkg Connie Nielsen Gives an Emotional Play-by-Play of Zack Snyder's Justice League Evolution
EmHPpQPW0hM Andrew Garfield on Tick, Tick, Boom and Which Scene He𠆝 Show Jonathan Larson
En3ydcjLiAc James Wan Interview Annabelle Comes Home
EnEcUwXZlrY The Hole In The Ground: Lee Cronin, Seana Kerslake & James Quinn Markey
EnGfXgjVFx0 Hellboy: Milla Jovovich Interview
En_haYa_FZA Star Trek: Prodigy Creators Reveal New Details on Animated Series
EqppeebWK98 ThinkHero New YouTube Channel Welcome Video
Et0X0Pitt3g The Baby-Sitters Club Season 2: Sophie Grace, Malia Baker & Kyndra Sanchez Interview
Etxc4OIAIN0 Eiza González on ‘Godzilla vs. Kong’ and Why She’s Rooting for Kong
EuAkONHxGHc Run: Sarah Paulson Explains The Backstory Behind The Twisted Ending
EvC6Nw3U3Po Lost in Space: Taylor Russell, Max Jenkins and Mina Sundwall on Season 3
F-1oyXHqwH0 The Witching Hour - Swamp Thing Star Derek Mears
F0ADNYb38s4 Leigh Whannell Reveals What Happened to His 𠆊quaman’ Character
F1CwNdfSM8o Sadie Sink on That Shocking Fear Street: 1978 Ending and Stranger Things 4
F3-edNl3hLY Godmothered: Jillian Bell and Isla Fisher on Modernizing a Fairy Tale for the Disney+ Film
F4sUQXEznms 'Fast 9': Here's How the Cardi B Cameo Happened, According to Director Justin Lin
F62u4jcIxS8 Exclusive What Keeps You Alive Clip Teases a Terrifying Transformation
FAJrCL5RIcg Rachael Leigh Cook on Going to “Movie Jail” for Josie and the Pussycats
FAMkYyBxFL4 Cobra Kai Cast and Creators on Season 2
FB2_fcl6wq8 Kat Dennings on Dollface Season 2, The Cat Lady, and Her Love For Her Co-Stars
FBEAWzvVnl4 Cobra Kai Season 3: William Zabka and Ralph Macchio Interview
FDs8kkHL2HE Eddie Murphy on Why He Loves ‘Ridiculousness’ and What the First 𠆌oming to America’ Means to Him
FFna8plHVJQ LEGO Movie 2: Directors Mike Mitchell & Trisha Gum Interview
FGkCulMv-nk Let Him Go Director Thomas Bezucha on Casting Kevin Costner and Michael Giacchino’s Score
FH6gyTVkmLw The Kid Who Would Be King Cast Interview
FHBwMsDNl18 Bill Skarsgård on Being Intimidated by His Role in The Devil All the Time
FHHgO8cYINM Renພ Zellweger on Judy Garland's Extraordinary Ability to Overcome Hollywood's Manipulation
FJVH54vJh6g Jai Courtney on Jolt and Why Fans Will Love The Suicide Squad
FJ_xZDKKXu4 Star Trek: Discovery: Wilson Cruz, Blu Del Barrio, Anthony Rapp on Season 4's New Technology
FOndDLAKGbo Aldis Hodge on One Night in Miami and Black Adam with Dwayne Johnson
FOvuNbtvjSg The Conjuring 3's Ruairi O'Connor & Sarah Catherine Hook on Horror Sequel
FTYQE4RhQYI Spider-Man: No Way Home Was Almost a Kraven the Hunter Movie, Says Tom Holland
FToxtiPZBYY Shailene Woodley and Callum Turner on The Last Letter For Your Lover and Their Dream Projects
FZQK0ydQkuc Shamier Anderson on City of Lies, Super High with Andy Samberg, and His BIPOC Venture Fund
F_sKo1gOkWc How It Ends: How Zoe Lister-Jones & Cailee Spaeny Made an End of the World Movie During the Pandemic
FbTj1wRAFEw Tom McCarthy on the Way Stillwater Changed in the Editing Room
FdrymRStFA8 'Little America' Creative Team on the Making of Their Daring Silent Episode
FeSxCvSSn-I Django Unchained: Marsha Stephanie Blake on the Whirlwind Experience and Being Cut from the Film
FhA2WhtGLxg Justice League: Superman’s Mustache Documentary - Collider Docs
Fj-_kIX2NaE Turner and Hooch Star Josh Peck on Taking Over For Tom Hanks and Working With Dog Drool
FjN1cgJcG34 Ralph Breaks the Internet: Directors Interview
FkExMCheEfs Ron Howard Teases What to Expect from His “Powerful” Netflix Movie ‘Hillbilly Elegy’
Fo1o4GFfhMQ Five Reasons Why Aquaman Hit $1 Billion - Fake News
FprRjLIIY7M ‘One Night in Miami’: Eli Goree on Why Making the Film Was Like Playing High-Speed Chess
FtUapM6Uk8M Keira Knightley Interview The Aftermath
FvNdhl2mibM Daredevil Season 3 Cast Interview
Fwh8wlGe9ek Viggo Mortensen and the lling’ Cast Talk About Making Mortensen’s Directorial Debut at Sundance
Fwqc02remTc James Marsden Has Some Advice for the MCU's Next Cyclops
G-yDhCi0hrw Top End Wedding: Miranda Tapsell, Gwilym Lee & Wayne Blair Interview
G0oZWD1e6rA Never Have I Ever Season 2: Lee Rodriguez & Megan Suri on Narrators and Season 3
G0wL-ePD-bc Why The Shape of Water Was Booted from the Makeup Oscar Shortlist
G1PYfYGDBgc Almost Human \
G2qe-ZomlP4 Cyrano Director Joe Wright on Why It’s His Most Personal Film Since Atonement
G3SHSkSulsU Chilling Adventures of Sabrina: Jaz Sinclair Discusses That Big Roz Reveal
G3ez5sRDtaU Aubrey Plaza Interview: Child's Play
G5VzdS2cdv0 Steven Knight Talks A Christmas Carol with Tom Hardy
GC0hSWV6whY Birds of Prey: Cathy Yan on What John Wick Director Chad Stahelski Brought to the Film
GCJ6ys5RNWI Mortal Kombat Ending Explained, Trilogy Plans Teased by Co-Writer Greg Russo
GDCGSTVbZK8 Triple Frontier: Ben Affleck & Oscar Isaac Interview
GDu8MSgNSZU Zoey's Extraordinary Playlist: Alex Newell on Memories from Glee and Mo's Latest Season 2 Reveal
GFmXUi3YRgQ Jason Segel on 'Our Friend' and Why He's Been So Selective with Recent Acting Roles
GJbAVJu5MoQ Scream 5: Jamie Kennedy Confirms Randy Is Dead
GM7A8p55tJw Jim Carrey on Channeling His Manic Mid-90s Energy for 'Sonic the Hedgehog'
GN3UL7J6a2s Tobias Menzies on Modern Love Season 2 and Rome Memories
GOuv0ZpV2TI Mark Duplass on The Morning Show Season 2 and the Kind of Marvel or DC Movie He𠆝 Like to Make
GQ0LwN7YF2o Dumbo: Colin Farrell Interview
GQehsZAQ1ew Linda Cardellini on If Fantastic Four Was a Concern When Joining Capone
GR475TSqM7c Dear Evan Hansen Director Stephen Chbosky on Deleted Scenes and His First Cut of the Film
GRDVAKoq2yg Hobbs & Shaw Director David Leitch on the Challenges of His First PG-13 Movie
GUlUgRN23ao Mortal Engines: Hugo Weaving & Stephen Lang Interview
GVYeTbKSZMU Almost Human \
GYPPYGctHG8 The Report: Scott Z. Burns and Daniel Jones Interview
GZZKUKDpVjg Muppets Now: What Walter Has Learned From Working With Kermit and the Gang
GZdXlkRJugQ Jim Gaffigan and Rhea Seehorn Interview: Linoleum at SXSW 2022
G_xsJhuWJ50 Billie Piper on Writing and Directing Her First Feature Rare Beasts
GbArZOOvEHg Peyton Meyer and Myra Molloy on He’s All That and Their Favorite Movies
Gba8DLYgDlY The Night House Interview: Rebecca Hall, David Bruckner, Evan Jonigkeit, Stacy Martin
Gc6Txstbqgg Sylvester Stallone on His New Cut of Rocky 4 and the Other Films He𠆝 Love to Re-Edit
Gej5H1UNRAc Alex Wolff on M. Night Shyamalan's Old and Why He Loves Nicolas Cage
GfN2Ms1bN6c New Exorcist Trilogy From David Gordon Green Gets Exciting Update
GfduZxEEp8o Arrow \
GgE2RMmcS2k Triple Frontier Producers Interview
GjE9wtcHz4g James Gunn on Guardians of the Galaxy 3 and the Guardians of the Galaxy Holiday Special
GkRFgEn-Lg8 The Nun's Demian Bichir & Taissa Farmiga Decide: Death by Nun or Xenomorph?
GkUQ91aQXjI Edgar Wright on Scott Pilgrim vs. the World, His Preferred Ending, and How the Film’s Fandom Grew
GlHqSzDdKJ0 O'Shea Jackson Jr. on Swagger, Obi-Wan Kenobi, and Den of Thieves 2
GlyWdoTuVgs Halloween 2018: Behind the Scenes with Jamie Lee Curtis
GmRs0D8N6FM J.J. Abrams Looks Back on Super 8, the Monster Metaphor, That Ending and More
GnqtUdW3SWE Bad Boys for Life Directors on Getting THAT Cameo
GozDQyiokd8 Breaking Bad \
GqUNH6duXjw Mary Poppins Returns: Lin-Manuel Miranda Interview
GrWycCW6v7Q Blake Griffin on His New Prank Series Double Cross and His Favorite Sneakers
GsbdAJYS7xA Kodi Smit-McPhee on The Power of the Dog and His Thoughts on the Ending
GtMRuQSACpw Cherry: Russo Brothers Explain How They Made the Film in Spoiler Interview
GtlkBpJtI2g John Cho on Searching and the Challenges of Acting Opposite a Computer
GuoAuJ56kbo The Hunt Interview: Craig Zobel and Nick Cuse
GwsOwco5SSs The Boys Season 2: Cast Tease Release Timeline, Promise More Gore
Gxswg9TLzME Chris O'Dowd Interview State of the Union
H2MGV0amLfw Stellan Skarsgard Teases Denis Villeneuve's Vision for Dune
H5ngjdMAlkQ Top 5 Astronaut Movies: Counting Down the Best Space Movies to Watch Ahead of 'First Man'
H6ttmnzBuio Colman Domingo Emotionally Breaks Down His Chadwick Boseman Fight Scene
H7oeM3l2pk4 Euphoria: Storm Reid Says Gia Gets Her Own Storyline in Season 2
H9SY24UrAtg Ronald D. Moore Shares Some AMAZING Stories About Writing Star Trek: TNG and DS9
H9uAQHaqocI Margot Robbie and David Dastmalchian on The Suicide Squad and Fritz Lang’s Metropolis
H9xCIrm8Tzs Steve Carell: Welcome to Marwen Interview
HAIg1ThLisI Tolkien Movie Cast and Director Interview
HBOndp7cy68 Lady Gaga, Amy Adams on What Oscar Movies Mean to Them
HCYx_KXPMq0 Cobra Kai Season 4 Spoiler Interview: Peyton List, Tanner Buchanan & Mary Mouser
HChi5YJx-Xc How Family Ties Influenced Justine Bateman’s Approach to Making Violet Starring Olivia Munn
HDtDebRn4ms Wander Darkly's Diego Luna and Sienna Miller on Navigating Painful Relationships | Sundance 2020
HGy031eYI78 Godzilla: King of Monsters Director Mike Dougherty Interview
HK448k4fUgk Queenpins Directors on Avoiding the Movie Trope of Best Friends Falling Out in the 2nd Act
HKbOET7WQQQ Elliot Page Interview: There's Something in the Water
HLNvPQ-mLr8 Jennifer Aniston on The Morning Show Season 2 and Filming Really Emotional Scenes
HMwRH93fXDw Michael Keaton on Worth and Why Making the Film Was An Eye-Opening Experience
HNWu-h1N1M4 Sheila Vand Addresses Changing Character Names After Casting for Easy Diversity Points
HNyebMHF98I Kevin Feige Discusses Decision to Put Venom in the MCU
HRHRhx_UpNA Palm Trees and Power Lines: Jamie Dack, Lily McInerny, Jonathan Tucker on Their Cautionary Tale
HSh45Pvmy44 Outlaw King: Chris Pine, David Mackenzie and More on the Incredible Opening Tracking Shot
HThw244rshA Ron’s Gone Wrong Co-Directors on Making a Film That Deals With Kids in the Social Media Age
HTnjP9Wrvx8 Overlord Interview: Iain De Caestecker, Wyatt Russell & John Magaro
HajgFWM1lK0 Zachary Levi on American Underdog, Kurt Warner, Comic-Con and Why Shazam 2 Is Better Than Original
Hd5gHzR8Wv4 Rise of Skywalker: Oscar Isaac and Keri Russell Interview
HdCcIr5Rs9o Mortal Engines: Robert Sheehan and Leila George Interview
HdGs8x-ZaEI The Suicide Squad: Alice Braga and Mayling Ng on the Humor of James Gunn's Script
He3TXYVtEmQ Kevin Feige on Spider-Man: No Way Home & Bringing the Multiverse to the MCU
HljEmJ0Fkt4 Henry Lau & Kathryn Prescott Interview A Dog's Journey
Hmp7EwPr2b8 The Adam Project: Ryan Reynolds & Shawn Levy Talk Spoilers, Filming Key Scenes
HnG02nsdKHc How Naomi Scott Was Discovered and Put on the Disney Path
HnnaGn3fu6w Stranger Things 4: Sadie Sink Teases Higher Stakes Than Ever Before
HocwXwQ9xFE Jack Whitehall on Jungle Cruise and Auditioning for Harry Potter as a Child
Hq98ZfNz7j4 Stanley Tucci Looks Back on Beethoven and Discusses Making HBO Max’s The Witches
HtpmeOOJck4 Penguin Bloom Director Glendyn Ivin on Casting Andrew Lincoln and Filming with Real Birds
Husdox6ilFQ Godzilla: King of Monsters Director Michael Dougherty Interview - The Witching Hour
HvVYjM9VMEY Mimi Leder on The Morning Show Season 2 and Why She Wanted to Direct First Two Episodes and Finale
HwAAWLO55-I Neil Armstrong’s Sons on 𠆏irst Man’ and Ryan Gosling’s Performance
HxiqcK3dqX8 Hannibal: Why Four Season 1 Episodes Were Scrapped By Bryan Fuller
HxuGTCGGTkg Gossip Girl Star Jordan Alexander on the Show's Biggest Secrets and Wildest Fashions
Hy1_NIw21WM Army Of The Dead’s Dave Bautista on What He Loves Most About Zack Snyder
I213CnQXdoU William Zabka on Cobra Kai Season 3 and Pat Morita's Karate Kid Sequel Idea
I2ovdix3Lvk Star Wars: Visions: Masi Oka on the Difference Between Japanese and American Voice Acting
I6nsShvLyKA Joe Russo Believes There Will Be a 'Community' Movie
I8KJcHt-nfI The Shrink Next Door Creator Georgia Pritchett on the Wild True Story
I8a1zvAEFo8 2 Guns Movie Review \
IAt74YA8jUI Agents of S.H.I.E.L.D. \
IC7ML9CbRDk New 'Venom' Clips Show Off Tom Hardy's Range and a Conflicted Eddie Brock
ICCL6zbgPBc The Walking Dead Season 4 Premiere \
ICr5m8cWF0Y Adria Arjona on 6 Underground and Morbius
IE0CF5MlmF8 Úrsula Corberó on Snake Eyes and Money Heist's Popularity Around the World
IEMrQl1F9-4 Jessica Henwick & Mamoudou Athie on Underwater & Why Oceans Are Scary
IEoAk96AGQM Agents of S.H.I.E.L.D. \
IHg9TSEBvkg John Wick 3: Director Chad Stahelski Extended Interview
IJ-UNR6oanc Mark Wahlberg on Mile 22 and How He Learned the Film's Monologues
IL3UzlPedfI The Lion King: Seth Rogen & Billy Eichner Interview
INgKn6FrGw0 Exclusive: 'Big City Greens' Halloween Special Intro Gets a Spooky Makeover
IV54-FiZAL8 Thor: Kenneth Branagh Shares Awesome Story About Casting Chris Hemsworth and Tom Hiddleston
IXMRroRchPk Mayans MC: Clayton Cardenas on the Fiery Finale, What’s Next for Angel and Kurt Sutter’s Departure
IZXN2dPLaas Sabrina Part 4: Jaz Sinclair and Lachlan Watson Interview
I_SqzWpaY58 Teen Titans Raven Creators Kami Garcia and Gabriel Picolo Interview
Iai4HnmTKiw Escape Room 2 Interview: Holland Roden and Logan Miller on the Most Challenging Puzzle to Film
IbZ1Fw5QRnY Diego Luna on the Rogue One Prequel Series
IbiFAww8Zak Lil Rel Howery on Free Guy and Having Flamethrowers on Set
Ibw778kh__c Palm Springs Ending Explained by Andy Samberg
Ie7IZUoLbko Aquaman: Patrick Wilson Interview
IioKfdgydTg Tolkien: Nicholas Hoult Interview
IkY4qc2IhsY Booksmart Stars & Director Play Cast High School Superlatives
IkapcJ5k-jQ Millennial Must Watch - Ghostbusters (1984)
In3YctT_CzY Dark Phoenix: Michael Fassbender & James McAvoy Interview
Ip4PSH-ju44 Godzilla vs. Kong Director Reveals How Much Those Monster Fights Cost
IpMPGem2gFk Marvel’s Netflix Heroes Were Considered for Infinity War
IqAGdnKjsrw Luke Wilson, David Thewlis Interview - Guest of Honour
IrpRDspCAjM Cobra Kai Season 3: Martin Kove Teases Leadership and Action
Is42nIOYe_w Robert Pattinson & Zoe Kravitz On Why The Batman’s Cinematography Is Genius
It_ed7GI5WA Scary Stories: Guillermo del Toro and André Øvredal on Making their Gateway Horror Movie
IvEO0FrCx-g Carey Mulligan on How One of Promising Young Woman's Most Provocative Scenes Made Her Feel Safest
IvdMeocby98 The Kid: Vincent D'onofrio, Leila George, and Jake Schur Interview
IxP2XMF5qdM Tye Sheridan on The Card Counter and Paul Schrader’s Unique Filming Style
J-NhQ8Yovwg Rose Byrne on 'Irresistible' and Looking Back at 'Damages'
J3NWx0f9X7k Niamh Algar on Meta-Horror Movie Censor & Raised by Wolves Season 2
J6fc8JpEz7Q Yvonne Strahovski Looks Back on Changing Her Last Name for Hollywood
J7KR5LYAFLE 'Timmy Failure' Director and Cast on Adapting the Beloved Books for Disney+
J8OaVh7Mm5I Mickey and the Bear Cast and Director on Tackling the Opioid Crisis
JC4JElmNvmI Wunmi Mosaku Didn't Know She Was Auditioning for 'Loki' When She Auditioned for 'Loki'
JCnYbHNPeJs Maude Apatow and Bel Powley Talk The King of Staten Island and Euphoria Season 2
JE7Pschu2u4 Dolemite Is My Name: Wesley Snipes and Keegan-Michael Key Interview
JEW9k3NsrU8 Exclusive Battlestar Galactica Reboot Details, Experimental Release Strategy Revealed by Sam Esmail
JFX1HySGg2w Mary Poppins Returns: Ben Whishaw & Emily Mortimer Interview
JG0skCaAr2A It Chapter 2 Interview: Bill Hader, Jessica Chastain, Jay Ryan and More
JIktyQIgKS0 1917 Director Sam Mendes on Why He Decided to Shoot the Film in One Take
JInDzAt_5ko Loren Bouchard and Nora Smith on Central Park Season 2 and the Bob’s Burgers movie
JIpccC9wmKs Aimee Lou Wood and Director Oliver Hermanus on Living & Kazuo Ishiguro’s Fantastic Script | Sundance
JJizONIvquY Zoey’s Extraordinary Playlist Season 2: Mandy Moore and Jane Levy Interview
JMCS1QF5B_k SNL's Melissa Villaseñor on Hosting the Film Independent Spirit Awards and Crafting Impressions
JMa0XE27ycE Suspicion: Elizabeth Henstridge on How Each Character Has Their Own Secret and Earning the Ending
JO31fEIXS20 Octavia Spencer Would Pass on a Role Before Working With This Animal
JO7dwhXZHpA What Scares the Sh-IT out of the It Chapter 2 Cast?
JSAF0iusR2I Jon Hamm, Dakota Johnson and Jeff Bridges on Bad Times at the El Royale Incredible Tracking Shot
JVQuF-3YS-4 Amanda Seyfried and James Norton on 'Things Heard & Seen'
JVrUFqKi8YM Everything You Need to Know Before You See Glass
JWQcNOipxs8 Michael Keaton on The Protége and Having Never Played a Role Like This
Jb-iAg99i-A Titanfall Review
JhGDp9X7FgI Solo: A Star Wars Story Range Trooper Helmet Unboxing
Jiv3Fdg-pdM Ed Skrein Interview Alita: Battle Angel
JjKygvpQaKI Destroyer Movie Review - Collider @ TIFF 2018
JjOvZsWTq2c Nobody Easter Eggs, Action Scenes, and More Explained by Director Ilya Naishuller
JjiqfStfWv0 Good Boys: Jacob Tremblay, Brady Noon & Keith Williams Interview
Jn5D4uelTFo Black Bear Interview: Aubrey Plaza, Christopher Abbott and Sarah Gadon
JpJCNc4BJ-Y Ford v Ferrari: Director James Mangold Interview
JpQImXvGtfg Gambit Movie Details: Early Version Was Set in the 70s
JqWxyiXpEhI Gina Rodriguez on Awake and How America Ferrera Changed Her Life
JrXUXj9aaN8 Jason Statham on Wrath of Man and Re-Teaming with Guy Ritchie After 15 Years
Jrae0XYdOr8 Belfast : Ciarán Hinds and Jude Hill on How Every Ruined Take Was Jamie Dornan’s Fault
JxeKQIhE8wY The Sisters Brothers Movie Review - Collider @ TIFF 2018
JyADXSWz4Oc Edgar Wright and the Sparks Brothers on Their Unique Documentary
JycNAozII_c Shaft: Samuel L. Jackson, Jessie T. Usher, Richard Roundtree Interview
K0Pi984Y2zc Thirsty Interview: Jay Ellis & Nicole Delaney
K0ZTwIp9rDk Joel Edgerton Talks The King and Barry Jenkins’ The Underground Railroad
K5-c4XNN8Kk Slow Horses: Olivia Cooke and Saskia Reeves on Making the Antithesis of a Spy Thriller
K5_xaE7IiIo Brave New World: Demi Moore and Alden Ehrenreich Interview
K6iMKT7pJgs Ma: Octavia Spencer Breaks Down Her Creepy Character
K82pmI0ul-8 Watchmen Season 2: Damon Lindelof Explains Why He Probably Won't Make It
K8gihUa0DWU Mick Garris Talks Stephen King Adaptations & Nightmare Cinema - The Witching Hour
K938VlBiqzc Cobra Kai Season 3: Courtney Henggeler on Finally Working with Elisabeth Shue
KCH2miRIUik Raya and the Last Dragon Farting Beetles Explained by Filmmakers
KCcjU0_8m74 Ben Schwartz on The Afterparty, How Sonic 2 Is Epic, and the Renfield Movie with Nicolas Cage
KCoi30id9rM The Invisible Man Star Aldis Hodge Breaks Down That Final Conversation
KD5NFxSmLcM Miss Piggy on the Halloween Special Muppets Haunted Mansion
KG5W7JFT3hk Broken Hearts Gallery: Dacre Montgomery and Geraldine Viswanathan Interview
KMLJDXQg6CM 'Black Widow' Director Cate Shortland Reveals What Marvel Fans Would Be Surprised to Learn
KOAvqFhkW2U Avengers Endgame Runtime Revealed
KOP91HdmRqE Yorgos Lanthimos Interview The Favourite
KPT8DNS6NRY Christian Bale Interview: Vice
KRTl8ves8uY Shazam! Director and Producer Interview
KSggtToDwYI The Wolf Hour: Naomi Watts, Alistair Banks Griffin & Jennifer Ehle
KT2bgl6WCfU Respect Director Liesl Tommy on Making the Aretha Franklin Biopic
KTG1LzPQIm0 The King: Lily Rose Depp Interview
KTJGIxbm6Z4 Work It: Netflix Stars Sabrina Carpenter and Liza Koshy Share Dance Tips
KXbtvQwgyNw Widows: Brian Tyree Henry, Michelle Rodriguez and Cynthia Erivo Interview
KXi5YJ7S_nA Shazam! Zachary Levi Interview
KXyMXKsszuk Gravity Movie Review \
KZQnu0RPkwA Connie Nielsen & Dougray Scott Interview - Sea Fever
K_oACwM8k0o Michael Douglas on The Kominsky Method Season 3 and David Fincher's The Game
KdxFyN4AvqM Gillian Anderson on The Great Season 2 and Filming the Slapping Scene
KfibvUhGTfo Walking Dead: Greg Nicotero Reflects on Glenn's Death: “It Was Rough\
Kg8-6QSB01E Jared Harris on Foundation and How the Series’ Superpower Is Math
KhbklMwTyFU Blumhouse’s New Movie Might Shoot in Six Weeks, Per Jason Blum
KjU0HYZmKrQ Terminator Dark Fate: Did Linda Hamilton Do Her Own Stunts?
Kjo9FmLgHok Green Book: Viggo Mortensen & Mahershala Ali Interview
KkBeu0g9IVc John Cena on Vacation Friends and Matthew Vaughn’s Spy Movie Argylle
KkCrmUwhpcU Jason Statham on Who Wins in a Fight: Hobbs & Shaw or Crank’s Chev Chelios
KkNXj95c61U Oscar Isaac and Chris Weitz on Operation Finale and Tackling Ben Kingsley Into a Ditch
KlfZDlIPvJI Jacob Tremblay on Good Boys and Filming the Movie at His Actual School
Kll6brkF7HE Nick Kroll on The Addams Family 2 and Playing Edgar Allan Poe on Dickinson
Km1BwDpDrDg Toy Story 4: Tony Hale Interview (Forky)
KmTKQ21Tt0s Creation Stories: Irvine Welsh and Alan McGee (Tribeca Film Festival 2021)
KnLzoogCLzc tick, tick, Boom's Vanessa Hudgens and Joshua Henry on Andrew Garfield Fantastic Performance
Kp98drnEJ5A Star Trek Picard Season 2: John de Lancie on Q's Role in the New Season
Kr79rndOJ6I His House: Meet the Director Behind One of the Best Horror Movies of the Year
KrePnyeJYRI Arrow \
Kt3XxIRTovM The Division Movie Update from Director David Leitch
Ktbc1Sj029M Stuber: Director Michael Dowse Interview
KvxYDIQDKQM R#J: Carey Williams Interview - Sundance 2021
KzTChxa0W4Q The One and Only Ivan: Bryan Cranston Reveals 2 Key Qualities He Hopes for in a Director
L-t3nsYLSao Severance: Patricia Arquette & Tramell Tillman on the Many Questions Surrounding Apple TV+ Series
L3R5nCdND4A Cobra Kai Season 3 Final Fight: Peyton List and Mary Mouser Interview
L4MXDZxOA1E Space Jam 2 Director Malcolm D. Lee on Ryan Coogler’s Involvement and WB Cameos
LCwgmjVykqU Director Michael Mohan on The Voyeurs and Everything Sucks Season 2
LDwbGEnFvIg Julianne Moore and Lorraine Toussaint on the Joyous and Rowdy Set of The Glorias
LFrJndQXA8w The Dark Knight: Batmobile, Batpod, & Gotham Secrets Revealed by Production Designer Nathan Crowley
LHLW1zqnSgs Game Of Thrones \
LP_-7-3Da1E Peter Sarsgaard on The Lost Daughter and Filming a Love Scene That’s Directed by Your Wife
LQnj3WSONz8 James McAvoy and Sharon Horgan on Together and Filming 13-Minute Takes
LSrNfQk-EXE Editor Joe Walker on Widows, Blade Runner 2049, and Dune
LTBmWgYuNUE Scrapped Sam Raimi Spider-Man Trilogy Plans Revealed
LVZvCQQ1kAc Chris Pine on Playing Dress Up in Wonder Woman 1984 and Patty Jenkins’ Star Wars Movie
LVfvOB9uLrU The Last Duel: Matt Damon and Nicole Holofcener on Using the Rashomon Storytelling Device
LVm7eZf1i38 Henry Cavill on Enola Holmes and Getting His Muscles Into a Three-Piece Suit
L_6HakWj_kI RWBY Cast Talks Volume 6, gen: Lock, & More! RTX 2018
L_DaU72C8gI I Am Mother: Hilary Swank & Clara Rugaard-Larsen Interview
Lb0Wii4KEm0 O-T Fagbenle on 𠆋lack Widow’ and Playing Barack Obama in ‘The First Lady’ Opposite Viola Davis
LbhFbSbgUsU Marsha Stephanie Blake on Daniel Craig's Sky High Nerves During Her Audition for Othello
LdR2lGSelBk Liam Neeson Would Like to Be on ‘Obi-Wan’ Disney+ Series
LdybWOA1JwI Tyler Stout Answers Nerdy Questions About His Work, Including Halloween & Mad Max: Fury Road Posters
Le2W35OCltE Vikings: Valhalla’s Frida Gustavsson & Caroline Henderson on the New Netflix Vikings Series
LhvyyDHqC10 Amanda Seyfried Reveals Her Mank Scene that Required the Most Takes
LiDy1ovzCN8 Kevin Feige on Shang-Chi, Captain America 4, Loki Season 2, and More
LlKkNDWXq0s Rachel Brosnahan Reacts to 'The Golden Arm' Going Viral: \
LoXa95ejZpc Star Wars Actors Daniel Logan (Boba Fett) & Matthew Wood (Grievous) - Amazing Con Las Vegas 2019
LooXn2cLgJk Josephine Langford on After We Fell and the Cliffhanger Endings
LpPzOyUVNyk DASHCAM Interview: Director Rob Savage Defends Controversial Casting Choice
LpVU47WQngE Bong Joon-ho Teases His Next Two Films After Parasite
LrmwoOgwIAY Game Of Thrones \
Ls26JZHmfaU Sonequa Martin-Green on Space Jam 2 and Becoming Captain on Star Trek: Discovery Season 4
LsCU5BE8dVw Garrett Hedlund on United States vs. Billie Holiday and Pranking Daft Punk on the TRON: Legacy Set
LtuXiTdsj5o 21 Bridges: Stephan James & Taylor Kitsch Interview
Lwz-t3cAjFw The Turning Director Floria Sigismondi on What Inspired Her to Become a Filmmaker
Lx_Q8Fvcnxw Aimee Garcia on Lucifer Getting Revived and the Show's Fandom
M07EiwwZjZA Dexter Fletcher on Rocketman and Sherlock Holmes 3
M1U0UFAnu4I Josh Gad on Central Park Season 2, Shrunk, and the Beauty and the Beast Prequel Series
M5dc_k2N4Ws Brian Banks: Director Tom Shadyac & Banks Himself on His Powerful True Story
MA8ToFa7p4k Robert Kirkman Interviews Frank Miller About His Career, From Batman to Hollywood
MAd70fNtDAk Simon Barrett Interview: Face/Off 2, The Guest, Seance and More - The Witching Hour
MB31tXel3JQ The Lost City’s Patti Harrison, Oscar Nunez & Da'Vine Joy Randolph Answer Questions with Improv
MCB26YcTVDk Bryce Dallas Howard on Rocketman and The Mandalorian
MDebAAr5E7w Severance: John Turturro, Zach Cherry, & Britt Lower on Shaking Up the Status Quo in Thriller Series
MEvo0zlTfkg Restoring Full Metal Jacket for 4K Digital Re-Release
MGsT9I_iFaY Why Don't Godzilla and Kong Kiss in Godzilla vs. Kong? Cast and Filmmakers Answer
MIbsRxGE5gs Dennis Quaid & Marg Helgenberger Interview A Dog's Journey
MIl231LRKpc Alexander Ludwig and Charles Melton Talk Bad Boys for Life and Cuddling Before Every Take
MK464GGNLbw Linda Cardellini Is Open to a Laura Barton MCU Movie But Doesn't Think It'll Happen
MKdnM-cJYHc Westworld: Evan Rachel Wood on the HBO Show's Reinvention, Season 4
MLTGf2CqJac Allison Janney on Breaking News in Yuba County, Tate Taylor & Getting to Destroy a TV for the Film
MMx7alS3_vU ‘The Tomorrow War’s Jasmine Mathews and Keith Powers on Making an Original Blockbuster
MMy5FaGELX4 'Deadpool 2’ and 'Baby Driver's Darrin Prescott Explains What a Second Unit Director Does
MQ6TGn0jJjM The Expanse Season 6: Steven Strait and Dominique Tipper on Series Finale and Going Out Strong
MQt2nSrZaGg Matthew Vaughn on The King’s Man, Crafting the Rasputin Action Scene, and Kingsman 3
MRAe_M7Xb98 M.O.D.O.K.: Aimee Garcia & Melissa Fumero Talk Marvel's \
MROzm5EZjFk Here's Why Now You See Me 2 Wasn't Called Now You Don't
MS84_oTwfYg Edgar Wright and Sparks Interview: Their Inspirations and Forging Their Own Creative Direction
MSi1lgP5xew Jon M. Chu on ‘In the Heights,’ the 𠆌razy Rich Asians’ Sequel, and the Status of the ‘Wicked’ Movie
MUyaK56McAY Teresa Ruiz Talks Narcos: Mexico Season 2 and Learning from Martin Landau
MV4ZQF9w4TM Kevin Feige on ‘WandaVision’, ‘She-Hulk’, pool 3’, ‘Secret Invasion’, and More
MViOiVT1Xc4 Game Of Thrones Season 3 Review and Recap
MWRPfu1-ZR8 Damon Herriman on Playing Charles Manson in Once Upon a Time… and Mindhunter Season 2
MYSJCAMDPRk The Midnight Sky’s Kyle Chandler, Tiffany Boone, and Demián Bichir on the Post-Apocalyptic Drama
MZnJkeKRKKk Star Trek: Discovery Season 3 Time Jump Explained by Doug Jones
Mb_95bvIrnI Anne Hathaway on The Witches and Advice She'd Give to Zoe Kravtiz's Catwoman
McjvCt4LyZg Tony Todd Talks Hell Fest, Cats and His #1 Tip to Nail the Candyman Remake
Me1BJl0-aSQ Black Widow Movie: David Harbour Interview
MeKOTZ1FOiM 'Happiest Season': Watch Mackenzie Davis' A+ Kristen Stewart Impression
Mf5KeQVNoQ8 Justin Lin Breaks Down 'Fast Five's Iconic Rooftop Chase Scene
MiTYLDNu0uU William Shatner on the First Four Star Trek Movies
MjzC--yFrvI Knives Out: Director Rian Johnson Interview
MlgXX_auoYM The Good Liar: Helen Mirren and Ian McKellen Interview
MpABk3WmV4Y David Oyelowo and Mo McRae on A Lot of Nothing, One-Shot Openers, and Conversation Starting Films
MpJtU7AuF5E Cas Anvar on The Expanse's Staying Power and Appeal
MrSOfn66hiU The Expanse’s Wes Chatham and Nadine Nicole on How Season 6 is a War Movie and Climax of the Series
MtgY9DYXha8 Project Power: Jamie Foxx Reveals the Boring But Practical Superpower of His Dreams
Muj54iz6skA Michael Keaton on Dopesick and Why This Was an Important Story to Tell
MvTl09Ds4zg Ford v Ferrari: Director James Mangold 65-Minute Q&A
MyMxefqEOsE White Boy Rick: Richie Merritt and Bel Powley on Researching Their Real-Life Characters
N25nxX30a9A Fast and Furious Ending: Jordana Brewster Hopes to Incorporate Brian and Mia's Kids
N3BF9y7PCCQ Stowaway: Anna Kendrick and Daniel Dae Kim on Filming the Nail-Biting Spacewalk
N9B7VZm4uv0 ‘We the People’s H.E.R., Peter Ramsey, and Chris Nee on Using Music and Animation to Affect Change
NAA28EH4rKs Highlander Reboot Update
NAlzLrejzc0 Joe Russo Reveals How Thanos Almost Narrated Infinity War
NFn5dwttIeI David Arquette on Wrestling Doc 'You Cannot Kill David Arquette' and Returning for 'Scream 5'
NGrtCPQ7Rm8 The Lost Daughter: Dakota Johnson and Olivia Colman on Unique Way Maggie Gyllenhaal Gave Direction
NHFDZu96oc0 Waterworld TV Show in the Works With Dan Trachtenberg Attached to Direct
NHVb7eBc6FI Stuber: Betty Gilpin & Natalie Morales Interview
NIcgBQyYGuM Guillermo del Toro Reveals ‘Nightmare Alley’ Will Be Rated R, Won’t Have Any Supernatural Elements
NJwILrnwMs8 Oscar Isaac and Rebecca Ferguson on Dune and Why They Love Denis Villeneuve
NKV5kUD0x8E Michael Keaton on Batman's First Scene In The Flash Movie
NKhrWAdwA78 Scream 5: Kyle Gallner Teases the Original Scream Magic in This New Installment
NMnD4uZMsZA Reid Scott on ‘Venom’ and Mindy Kaling’s ‘Late Night’
NRm4JEwEQYk Extraction Ending Broken Down by Director Sam Hargrave  [Spoilers!]
NTzQzKMCK68 Karen Pittman on The Morning Show Season 2 and Joining And Just Like That
NUKpBRuW_1Y Narcos: Mexico Season 3: Luisa Rubino and Mayra Hermosillo on the Final Season
NUrSSYFG4gE 'Locked Down': Anne Hathaway and Chiwetel Ejiofor on Making a Film About Pandemic During Pandemic
NVzWWUJAJFI Agents of S.H.I.E.L.D. Cast Whedonverse Favorite Amy Acker
NWFCq7ttin0 Kieran Culkin on No Sudden Move, Succession Season 3 & Looking Back on Scott Pilgrim vs. the World
NWy5rb1FssE Richard Madden on Rocketman and Bodyguard Season 2
NXBiXLJEszA I Want You Back: Gina Rodriguez & Manny Jacinto on Dream Projects, Telenovelas, and Ensemble Casts
NYe9jnAc-eM 'Indiana Jones 5': David Koepp on Why He's No Longer Writing the Script
N_I39DhyuNA ’Yes Day’s Julian Lerner and Everly Carganilla on Getting to Eat Ice Cream Non-Stop
NcmdB8Vo6ek Us Movie Cast Interview
NgLa20abJEI Always Be My Maybe: Daniel Dae Kim & Michelle Buteau Interview
Ngk1VqVWIiU Tye Sheridan on The Tender Bar and How George Clooney Directs with an Actor’s Perspective
NhDD4Zlejko 'Halloween': Danny McBride and David Gordon Green on Crafting the Sequel, Violence, and More
Nhbo_ULsKok Wonder Woman: How Warner Bros. Supported Connie Nielsen as a Working Mom
Nhc-LogGhIU Only Murders in the Building’s Aaron Dominguez on the Reveals of the Season
NhlF15thvYs Diane Kruger on The 355 and Why Jessica Chastain Is Such a Great Producer
NiHeZ--1Ou0 The Snyder Cut: Joe Manganiello on Restored Deathstroke Scene
Nie55G7zM10 Scoob!: Jason Isaacs Interview
NjI08LSYhxs Prophet Movie: Rob Liefeld Updates Us on Marc Guggenheim's Script
NjhWFQ4ii6Q Tim Miller Interview Love, Death + Robots
NkXSjTxcaB0 The Goldfinch Interview: Aneurin Barnard
NkgLTFHRRMY Jason Clarke Interview The Aftermath and Serenity
NklcjXf8xsY The Baby-Sitters Club Season 2: Vivian Watson & Anais Lee On Joining the Netflix Show
NmB9mi8F9_I Jordana Brewster on ’ and the Unusual Way They Trained for the Tokyo Action Scene
Nox2ozJ_Hpo Red Notice Director on THAT Ending and Red Notice 2
Nq4Aw73S08c Loki Director Kate Herron on How Much Control Time-Keepers Have in MCU
NrdYf_ne0Mo Damon Lindelof Explains How (and When) They Came Up with the 'Lost' Finale Idea
Nrf7st5PZmw The Peanut Butter Falcon Filmmaker Interview
NtNJ9-bnQyg Ron’s Gone Wrong Filmmakers on How Film Deals With What Kids Go Through Now
NtU4eI0aluc Mortal Engines: Philippa Boyens Interview
NuEmtW0t1Gw Bill Nighy on Living, Reimagining Akira Kurosawa’s Ikiru, and How He Prepares for a Big Scene
Nx2y4ojZ87A 'Sergio' Star Wagner Moura on Making the Character His Own | Sundance 2020
O0DJxSQ6AJo Hotel Mumbai: Armie Hammer and Dev Patel Interview
O0Plq8f7p7Y Army of the Dead Spoilers: Ana de la Reguera Details Filming THAT Brutal Scene
O0pP3f8IOGU X Movie Interview: Jenna Ortega, Brittany Snow and Mia Goth
O5BYFYwm8HY Jim Carrey Interview Sonic the Hedgehog
O7ftFyXuGxg Frank Grillo Gets Candid on His Career, The Purge, and No Man's Land
O8_BpkqS-MA Midnight Mass Interview: Annabeth Gish and Kristin Lehman
O8_N9AE2_go Lesley Manville on Let Him Go and Why She Enjoys Playing Bad People
O8iOdAzjpRA Don Cheadle on Space Jam 2 and His Marvel Disney+ Series Armor Wars
O9m0Th9uCO8 Dumbo: Eva Green Interview
ODPQo11k8zM Ford v Ferrari: Jon Bernthal, Caitriona Balfe, Tracy Letts, Noah Jupe and Josh Lucas Interview
OE-fkgf7cqQ Clayne Crawford and The Killing of Two Lovers Team on Creating an On-Set Family
OFGksrBMXY0 Scoob! Star Amanda Seyfried on Why It Took So Long to Return to Animation
OFUSusGXS58 Jack Dylan Grazer and Zach Galifianakis on Ron’s Gone Wrong and Recording Together
OFzwyQDpgls Elizabeth Olsen and Sorry For Your Loss Cast on Season 2
OH2MUHDPf6Q Jamie Dornan on Synchronic and His Recent Legoland Adventure
OI4dBUY8uhw I Am Mother Director on the Films That Inspired His Netflix Sci-Fi Thriller
OJK_gEQ5pl8 Harley Quinn: Giancarlo Esposito's Lex Luthor Is a Person of Color
OJgnv0Jz-48 Keanu Reeves and Carrie-Anne Moss on The Matrix Resurrections, Trinity, and Chad Stahelski
OK2wcQXQawU Kristen Stewart and Director Pablo Larrain on Spencer and Why So Many Cared About Diana
OKInM_f78oI Rogue One: Alan Tudyk Discusses Challenge of Reshoots
OKivkb0HZHc M. Night Shyamalan Says His Next Three Movies Are \
OKk-C7pq0c4 Undone: Rosa Salazar, Kate Purdy, Raphael Bob-Waksberg Interview
ONgHnNtunwk Benedict Cumberbatch Reveals If He'd Play Thrawn in The Mandalorian
OQfi1hEVnDI Toy Story 4 Easter Eggs Revealed
ORMg6uzuuAc John Boyega Explains Why Steve McQueen Is a Special Filmmaker
ORrTjXqDHLs Pam & Tommy: Lily James on Her Transformative Role & Authentically Bringing Pamela Anderson to Life
OTpX2YHlcq0 Locke & Key: Hallea Jones and Griffin Gluck on Playing Villains in Season 2
OXAl9izpQjA The Lion King: Chiwetel Ejiofor & Alfre Woodard Interview
OXJ2lbCKvxI Now Apocalypse: Tyler Posey, Avan Jogia, Kelli Berglund, Beau Mirchoff and More
OY8DD1W47uo Gavin Rossdale on Habit and Why He Wants a Constantine Sequel
O_J4YNj0ytE Damien Chazelle on 𠆏irst Man’ and Not Sugar Coating What Happened
Og63U165Fhw Lena Headey on Gunpowder Milkshake and Voicing Evil-Lyn on Masters of the Universe: Revelation
OhAlKfuGF9U Pete Davidson and Judd Apatow on Making King of Staten Island Personal
OhfBqwKHtz0 Yvonne Strahovski on ‘The Tomorrow War’ and What It’s Really Like Fighting Aliens on a Movie Set
OiGXFyCWoxE Want a 'Call Me by Your Name' Sequel? Armie Hammer Explains Why We Should Wait
OkWxQKJOGos Judy & Punch:  Mia Wasikowska, Damon Herriman, Mirrah Foulkes Interview
OlfNdQ33JkM Clueless: Alicia Silverstone Highlights a Favorite Under-Appreciated Scene
Om8Og8VdZnE The Protégé Ending Explained: Director Martin Campbell Reveals Alternate Version
Omk5WqC3PcU The Witching Hour Halloween Horror Special at I Like Scary Movies
OoRSrNwd8nI Harvey Guillén Teases What We Do In The Shadows Season 3 - Collider's The Witching Hour
Oopb56PG1Zo Seth Rogen's Ninja Turtles Movie Will Embrace Being a Teenager
OpMWAIhdkgI Mother's Little Helpers: Kestrin Pantera, Breeda Wool, Sam Littlefield Interview
OsAvId7lJjE Cameron Cuffe Talks Krypton Last Season
OsF2vnsC0uY Agents of S.H.I.E.L.D. \
Ot1yQFeYnV8 Finn Wolfhard & Brooklynn Prince on The Turning and Stranger Things 4
OuyqudFSxIM Kevin Smith on Masters of the Universe: Revelation and Treating He-Man Like Shakespeare (Spoilers)
Ov42Q1LWMbo Arrow \
Oz7rbAxoJjA Kenneth Branagh's Next Film Will Be a \
P3BV0qOZFKY Sebastian Stan Talks Falcon and Winter Soldier Season 2, Kevin Feige
P5Xh59zRqcM Keke Palmer, Krystin Ver Linden, and Peter Lawson on Alice and Why They Love Pam Grier | Sundance
P5qPDDyK_J8 Kevin Costner on Let Him Go and How Rock Hudson's Work in 'Giant' Informed His Performance
P649zZnDQsI Halle Berry on Directing Bruised and Why Wachowski's Cloud Atlas Holds a Special Place in Her Heart
P7TJ8pZhkuo 𠆌oming 2 America’: Bella Murphy and Akiley Love on Making the Long-Awaited Sequel
P8s8xCvOyT0 Child of Light (Video Game) Review
P97pSFxvp1c The Conjuring 3: Vera Farmiga & Patrick Wilson Get Silly & Spooky
P99Q7HezbMI Breaking Bad \
PATnZObKyTE Amy Pascal on the Status of Venom 3 and Producing Spider-Man: No Way Home
PB7-6HWsoDI Hunger Games: Lily Rabe Explains Why She Gave up Her Role
PBjFRvg_8nE Sheila Vand on Working with Ben Affleck: “I Felt Really Seen By Him”
PCDFMQ23if4 Motherless Brooklyn: Willem Dafoe Interview
PFCQpmbcHgU ‘Mosul’ Director Matthew Michael Carnahan and Cast on Crafting One of the Year’s Best Films
PFT1TOjfNZA Mulan Producer Jason Reed on Not Including Songs and Premiering on Disney+
PG97IHdpC-M Vincent D'Onofrio on The Unforgivable and How He Prepares for a Tough Scene
PHeX6_-YWc8 The Tragedy of Macbeth’s Corey Hawkins on What Surprised Him the Most About Working With Joel Coen
PICdz-1aUaY Adam Driver Interview The Report
PIp5Ry9rR2c Anna Camp on Good Girls Revolt's Cancelation and Lasting Impression
PJGwkUuYAXk Arrow Season 2 Preview Discussion
PKbUgI8L49Y The Purge 6: Frank Grillo Teases Possible New Movie with James DeMonaco
PLyGJ1e2xf8 The Marvelous Mrs. Maisel Season 3 Interview: Michael Zegen
PTWFyXRpuVI MCU Movies 4K Release Confirmed: Original Films to Be Remastered
PUeb7bRt3Vs Hobbs & Shaw 1-Hour Q&A with Director David Leitch
PV9vRRcjhoc Ben Schwartz and Matilda Lawler on 𠆏lora & Ulysses’ and What They Took From Set
P_o8WMN614o Jason Segel on Windfall, What His Character Represents, and The End of the Tour
P_rNeK9K3pg Hellboy: Daniel Dae Kim Interview
PaeNmxoXQsc Liam Neeson on Blacklight, Neil Jordan’s Marlowe, and Favorite Film Roles
PaswKpxb0kw The Boys Season 2: Karl Urban and Laz Alonso on Bigger Scope and Scale
PcP0aMFIi0o Constantine Post Credits Scene Explained by Filmmakers
PcPdiGvQjok City of Lies Director Brad Furman on the Murder of Christopher Wallace
PfnI9vzcqNQ Cobra Kai Season 4 Tease: William Zabka Interview
PfpEouGd5T0 Inside Mandy Patinkin’s Disastrous Hunchback of Notre Dame Audition
PgUXwxqslBI J.J. Abrams Says the First Season of His HBO Sci-Fi Series Demimonde Is Already Written
Ph_4FdcLoXI Here's Why Rachael Leigh Cook Remade Her 90s Brain on Drugs PSA
Piic2uO757E Freaks: Amanda Crew, Bruce Dern and Lexy Kolker Interview
Pin6JyRubds Scream 5 Interview: Dylan Minnette and Marley Shelton Talk Wes and Judy Hicks
Pj2DLETItT0 Gael Garc໚ Bernal on Old and the Way M. Night Shyamalan Takes Huge Risks
PkKG-ZbBzZ8 Servant: Toby Kebbell & Lauren Ambrose Interview (Apple TV+)
PkR0eSlAsQo Tick, Tick, Boom's Alexandra Shipp and Robin de Jesús on Jonathan Larson's Impact on Their Lives
PlIsLgZUuA8 Killing Eve: Jodie Comer and Sandra Oh on Season 4 and the Making the Final Season
PlcAZljKwuo Game Of Thrones Season 4 Premiere Review \
PmtQ4rHi9v4 John Wick 4 Cinematographer on Keanu Reeves, Donnie Yen, the Action, and Filming in Paris and Belin
PotxAMbeGmA The Rise of Skywalker: Daisy Ridley Interview
PqVpMwb30v8 Are 'SNL's Weekend Update Joke Swaps Real? Colin Jost Tells the \
Pvi5wo9Eamo Reese Witherspoon on The Morning Show Season 2 and How She Prepares for Really Emotional Scenes
PyXXefJubHE Stumptown Interview: Cobie Smulders, Jake Johnson & Michael Ealy
Q07WF0SqeKs Jamie Dornan and Paul Conroy Interview A Private War
Q3e77y07mcU Bloodshot Interview: Eiza González
Q5bLBFxHkRs Wolf Like Me: Josh Gad & Isla Fisher on Making the Genre-Bending Romantic Dramedy
Q7J1oLuokoY Vince Vaughn and the Cast of Freaky Answer Our Freakiest Questions
Q7MCijHuQIA Zack Snyder Directing Walking Dead / Love Actually Movie for Netflix - Fake News
Q9GOnYfWfS0 Once Upon A Deadpool Interview: Fred Savage
QBa62sV2G24 Funko’s Head of Social on Fundays, Prototypes and What's Coming in 2019
QBhcpZtUvCs The Nun Director Corin Hardy Plays Would You Rather
QBhuQitU4Wg 7 Days: Geraldine Viswanathan, Karan Soni, Roshan Sethi (Tribeca Film Festival 2021)
QD3NmDZyOHE Ghostbusters: Afterlife: What Made Carrie Coon Say Yes to the Role
QF1NhYrZbzg Game Of Thrones Season 3 Finale \
QGRvWkiTYno Felicity Jones Interview: On the Basis of Sex
QMdrzVBwPoY Joseph Gordon-Levitt on Making Mr. Corman and Casting Debra Winger
QN-qmZ8Apfk Michael Pe༚ on ‘Tom and Jerry’ and What ‘Observe and Report’ Taught Him About Improvising
QPhjl2uRIXo Andrew Garfield on Tammy Faye, Tick Tick Boom!, The Social Network, and Spider-Man
QQDXcHmciQA Christine Baranski Reveals the Bravest Decision of Her Career
QQXIB1eF3pU Sharon Duncan Brewster on Dune, Frank Herbert, and the Way He Wrote Powerful Women
QQt57ZWfUn8 Muppets Now: Scooter on the Disney+ Show's Muppet-Level Chaos
QR8A9B1kJ-I The Great Interview: Nicholas Hoult and Elle Fanning
QS3HFqJgoF0 Agents of S.H.I.E.L.D. \
QT8qzYaWMck Long Shot: Charlize Theron and Seth Rogen Interview
QTidrFPyaFs The Morning Show: Billy Crudup and Mark Duplass Interview
QU-r8Ul7b7k Ellie Kemper and Rob Delaney on Home Sweet Home Alone and John Hughes Movies
QWVN3sOg4wY Infinity War: Russo Brothers on VFX & Avengers: Endgame
QXr8bahuZQA Brad Pitt & Tom Cruise Almost Starred in Ford v Ferrari for Director Joseph Kosinski
QY1SNekERrE Falcon and Winter Soldier: Dr. Nagel Actor Olli Haaskivi on Stealing the Episode
QY65j1YOJTs Fantasy Island Director Jeff Wadlow on Making a Film for Just $7.2 Million
QZEyB1jsSHg The Mandalorian: Unique Visual Approach Teased by Joe Russo
Qb_0z61ire4 Nobody Screenwriter Derek Kolstad on Making Bob Odenkirk’s John Wick
Qbw3_aWGYq4 Neill Blomkamp Breaks Down Demonic - The Witching Hour
QcCDRwZ0LRQ The Walking Dead \
Qf_lIeFZ-28 Jamie Dornan on The Tourist, Why He Wanted to Work on the Project, and Belfast's Success
QkhBBOreHpw Allen Leech on Bohemian Rhapsody and Downton Abbey Movie
QkxcI5WRJV8 MacGruber: Will Forte and Kristen Wiig on Learning Christopher Nolan Is a Huge Fan of the Movie
QneGpeLsuM8 The Photograph Interview: Y'lan Noel and Chanté Adams
QpfPLPDuI0o Popstar: The Lonely Island on Why the Bieber-Centric Marketing Wasn't Their Favorite (EXCLUSIVE)
QrdetKB1-Yg Lin-Manuel Miranda on the Songs in Encanto and Working With Alan Menken on The Little Mermaid
QrnMndy24po Robert Zemeckis Interview: Welcome To Marwen
Qsz5IkA4XSk Picard Season 2: Jeri Ryan & Michelle Hurd on Why Fans Love Q & How They’re Filming Series Finale
Qt1mHnQUOEA Bird Box: Director Susanne Bier Interview
Qw2zLWZRnPk Wild Rose & Chernobyl Star Jessie Buckley - Collider Ladies Night
QyWoAfMFQp4 Juno Temple on ‘Palmer’, ‘Ted Lasso’ Season 2, and Why She's Still Heartbroken About HBO's ‘Vinyl’
QyfHGckCKqs Them That Follow Cast and Directors Interview
Qz-wFxVurmE What If…? Director on Possibility of Doing a Marvel/Star Wars Crossover Episode
QzfdESumvaM Director Martin Campbell on 'The Protégé', James Bond, and More - The Collider Podcast, Ep. 332
R0NYwhY4T-g 'Richard Jewell's Kathy Bates, Sam Rockwell and Jon Hamm on Working with Clint Eastwood
R1hQ4tUtgsk Moon Knight’s Ethan Hawke on Playing a Character That’s Malevolent But Completely Sane
R39IMsMANrA Captain Marvel Cat Name Change Explained by Directors
R3G5SY_6viQ Kate Mara Almost Booked Lost During Her First Pilot Season
R4UQ0lPraNw Disney Imagineers Interview: Behind the Attraction, Favorite Disney Rides, and More
R7RHBS_rojE Emily the Criminal Interview: Aubrey Plaza, Theo Rossi & John Patton Ford - Sundance 2022
R9SH6PPedU0 It Chapter 2 Interview: Director Andy Muschietti
RAcOKa4v-3w Eiza Gonzalez Explains Why Being Part of Spirit Untamed Means So Much to Her
RAgO7CKDvzQ JoJo Rabbit: Taika Waititi Interview
RAsdIJvD6L4 The Mitchells vs. The Machines Director Reveals the Film Has a Secret Robot Language
RAyVJut19xM Matt Damon on Stillwater, Steven Soderbergh, and No Sudden Move
RBMo8320MKQ See: Jason Momoa & Hera Hilmar on Apple TV's Post-Apocalyptic Series
RB_lMFiuXoI Birds of Prey: Margot Robbie, Ella Jay Basco and Chris Messina Interview
RCN63pk8URY The Green Knight: Dev Patel and Joel Edgerton on David Lowery’s Fantastic Film
RCpoLE_S3Ps Fala Chen on the Importance of Family in Shang-Chi & What Surprised Her About Making a Marvel Movie
RE4FLZww2SE Cobra Kai Season 3: Mary Mouser and Peyton List Interview
RFBop0OTlpM Wolf Director Nathalie Biancheri Reveals How the Film Was Changed In the Editing Room
RJLkaePIhaY Should Star Wars Directors Be Fans? Sound Editor Weighs In
RJMOxSNUHgs Arrow \
RLK5jgipbxk The Lighthouse: Willem Dafoe Interview
RMzvUlldFuc Sideshow's DC Comics Animated Series Collection Behind-the-Scenes Video
RRKLRrMWpRk Lazarbeam on Free Guy, VR, and Being a Tom Brady Superfan
RTRQNIheKwg Neil Jordan Interview Greta
RU6TpsMIp4I How To Train Your Dragon 3: Dean DeBlois Interview
RWca9hgd_Uc Don't Breathe 2: Fede Alvarez and Rodo Sayagues on Always Being 5 Frames Away From an NC-17
RWtsxWDyQmM Big Mouth Season 2: Nick Kroll, Jenny Slate & Jessi Klein on Their Amazing Netflix Comedy
RZpsfW19IqA Black Widow Movie: Scarlett Johansson Interview
RcXvrytik8Q Brittany Runs a Marathon’s Cast and Director Interview
RdC6x3LnOj8 Scarlett Johansson and Florence Pugh on Black Widow and How the Script Changed
RdClun6GXC8 ‘Gambit’ Is Now More of a Love Story Than a Heist Film
RdEwG5tVFMI Joe Keery Interview: Spree
RfOEdq0eslo Barry Keoghan on Who Is the Most Powerful Eternal and Making a MCU Movie
RksqgjCPYFU Alita Battle Angel: Lana Condor, Keean Johnson, and Jorge Lendeborg Jr. Interview
RlKUXGM5DQE The Wheel of Time: Daniel Henney on the Trolloc Fight Sequence and Lan's Journey
Rm6B5_COhEs Justifed Season 5 Finale \
RoBq6w93zRE Kingsley Ben-Adir on ‘One Night in Miami’ and Why He Stayed in Character as Malcolm X
RpVvhBVACoA Evangeline Lilly Praises Ant-Man 3 Script and Why She Loved WandaVision and Loki
Rqmocsnlp7E Shia LaBeouf and the 'Honey Boy' Cast/Director Laugh Way Too Much During This Interview
RrrhmwZrul4 The Witcher Showrunner on thtub Geralt” and the Show’s Surprising 𠆍unkirk’ Inspiration
RsYMI_WtDpc Without Remorse Director Stefano Sollima on Why He Wants the Action Scenes to Describe Character
RsdYAKe-xcU The Best of Enemies: Director Robin Bissell Interview
Rxo7qurRyNY John Cena on ’ and Why James Gunn's Filmmaking Style Reminds Him of Vince McMahon
RyG-LLs4fRI Raised by Wolves Stars on How Every Episode Reveals More About the New World
Ryoj44e-ZTk Man from UNCLE 2: Armie Hammer Makes Some Fanfic Promises
S--9kTndWgs Ironbark’s Rachel Brosnahan, Merab Ninidze, and Director Dominic Cooke on Their Cold War Thriller
S0zs0MUV9to Jerry Bruckheimer on Bad Boys 4, Top Gun 2 and National Treasure 3
S1De6xDb7wY Avengers: Endgame - Composer Alan Silvestri on Scoring the Big Battle
S2lqdx0vUqM Rocketman: Director Dexter Fletcher Interview
S3Xv--YFKU8 Orphan Prequel Interview: Julia Stiles Compares Esther to Norman Bates
S8YFMAMLHHM Israel Broussard and Jessica Rothe Happy Death Day 2U Interview
S8uCKk4ZHfI Jacob Tremblay and Jack Dylan Grazer on Pixar's Luca, Shazam 2, and Their Top Three Star Wars Movies
SDyDNud5UVI Mary Poppins Returns: Director Rob Marshall Interview
SEb-CaO5Uyc Star Trek: Discovery Cast Talks Season 2
SEb0hQm1umo The Righteous Gemstones Season 2: Danny McBride & Cassidy Freeman on the HBO Show
SEe6OBvC_Uo Performance Capture with Robert Rodriguez for Alita: Battle Angel!
SGMh_r_ofC8 Benedict Cumberbatch on The Courier, Sherlock, Doctor Strange 2, and Grand Admiral Thrawn
SG_F79juZcg Thor: The Dark World Review
SHPLXJcSQII Captain Marvel Directors: Anna Boden & Ryan Fleck Interview
SJ9hragoXj8 Breaking Bad \
SJPQsWMJKDA Matt Cornett and Sofia Wylie Talk High School Musical: The Musical: The Series
SLcaaUsBKnU Bumblebee: Hailee Steinfeld Interview
SMLd2ePxXZM Aaron Paul & Emily Ratajkowski Interview Welcome Home
SQrfJkIDsr0 Moon Knight Producer Reveals How Kevin Feige’s Childhood Trip to Egyptian Exhibit Influenced Series
SSE1Dr5XFtI Kristen Bell, Tom Riley & Michael Ealy on The Woman in the House Across the Street's Perfect Title
SUHFqK3yMVk Superior Cast & Director Discuss Twins, Identity, and Thrillers at NBFF - Collider Witching Hour
SYkn4dwKVc4 Betsy Brandt Calls This Breaking Bad Scene One of the Best She’s Ever Shot in Her Life
SZwaPZhCLAg Alexander Skarsgard on Godzilla vs. Kong and Why They Don't Kiss
S_97RqayI0I David Lowery Explains Why Peter Pan and Wendy Is His Favorite Thing He's Ever Made
ScOV-s4luWA Idris Elba and Regina King on The Harder They Fall, the Luther Movie, and Bitter Root
SdQTMOlb8z4 How To Train Your Dragon 3: Craig Ferguson Interview
SgRDveKL8_c Bill & Ted 3: Keanu Reeves and Alex Winter on Why You Might Want to Avoid the Bill and Ted Cereal
Sh02RE9Y54Q Lin-Manuel Miranda on ‘In the Heights’ and How Famed Lyricist Howard Ashman Changed His Life
ShBT5f5-2mM Lບ Seydoux on No Time to Die and How Daniel Craig Changed the James Bond Franchise
ShX_uxNymUs Todd McFarlane Talks Venom Blu-Ray at the Venom Block Party
Sj7R1vjwMDE Army of Thieves: Matthias Schweighr on the Army of the Dead Prequel
Sk3pkQcuNZc The Walking Dead \
SldFZFmjlzA Dominic Cooke on The Courier and His Movie Adaptation of Follies
SmQMXCMUNF0 Gotham TV Series Trailer Review
SmZsuaYPQaY Paul Greengrass on News of the World and the Truths about Filmmaking
SnYTK4qV4XI Ratched: Sarah Paulson Explains Mildred's Vital Act of Intimacy in Episode 6
Sv67KWbDu_o Practical Magic Director's Cut Details: The Darker Ghost Story We'll Never See!
SwpORYheQs0 Avengers: Endgame Editor on Handling a Decapitation in a Disney Movie
SyKV1w9f-SE Jeffrey Wright on What If…?, The Watcher, and Westworld Season 4
T-BNHJwF6Qs Mimi Leder on The Morning Show and The Leftovers Series Finale
T-INHsgLihI Promising Young Woman Interview: Bo Burnham, Carey Mulligan & Emerald Fennell
T28R45hDlbM D&D: Chris Pine Says Dungeons & Dragons Movie a Mix of Princess Bride & GOT
T4BV1Tgsytc Think Hero's 2013 Video Game of the Year Award! (Belated)
T7sjRXUotPs Daisy Ridley on 𠆌haos Walking’ and Being on ‘The Great British Bake Off’
T7zbFQ8kdaA Jason Blum Is Considering Making a Halloween Horror Nights Movie
TAfGW6YyFTA Emily Ratajkowski & Aaron Paul Nerd Out Over Lost, Game of Thrones
TBmi_PrN5Hg Lin-Manuel Miranda on Encanto’s Oscar Nominations & How Stephen Sondheim Inspired His Next Thing
TC2d_Z_aNNk Uncharted Movie: Tati Gabrielle on What She’s Most Excited For Fans of the Game to See in Film
TCFbEokBbuU Yesterday: Lily James and Himesh Patel Interview
TCWSvioeetU Jason Statham on ‘Hobbs & Shaw 2’ and His Future in the st & Furious’ Franchise
TEq6Tk_8mYA Yara Shahidi on ‘Smallfoot’ and Her Love of Podcasts
TFHtf7vTBmg Clara: Patrick J. Adams, Ari Lantos, and Director Akash Sherman on Their Grounded Sci-Fi Film
THOcHM4oJJE Sean Astin on Lord of the Rings 20 Years Later and His New Perspective on Sam
THu_PTWGlGw Marc Maron on Respect and What Happened with His David Fincher WTF Podcast
TIQMIZGZuA4 Working With Michael Bay Explained by Stanley Tucci
TIzBBLN28h8 Samuel L. Jackson and Sofia Boutella React to Perri's Tattoo 5 Years Later
TL1882a9vgk The Boys Cast on How Each Episode Has Something Shocking or Perverse
TLpBmHhPKwc Better Call Saul: Bryan Cranston on Returning as Walt for the Final Season
TLzXq9xFO1o Joe Russo on What It Would Take for Hollywood to Resume Production
TOErBvo7uw4 William Shatner on Shatner in Space and Jeff Bezos’ Vision For the Future
TPLJl7A3ofk Martin Campbell on The Protégé and Why His Action Scenes Focus on Character First
TPdkkNTBDjg Russo Brothers on Cherry, Extraction 2, The Gray Man, and Chadwick Boseman | CCXP
TSTlvu7VznM Jane Seymour Talks The Kominsky Method Season 2 and Chuck Lorre’s Writing
TSmqX9F5Rps Ruby Rose on 'SAS: Red Notice' and Her Favorite Movies
TTJ1BS5q3qQ Ellen Burstyn on Reuniting With Martin Scorsese on Pieces of a Woman
TVdQaE7--7w Delroy Lindo Addresses Da 5 Bloods Golden Globes Snub
TXmrcqwJfaM Zac Efron, Lily Collins on Ted Bundy Movie Extremely Wicked, Shockingly Evil, and Vile
TXxyDXCkoVM We Can Be Heroes Director Robert Rodriguez on the Secret to Making a Good Kids' Film
TYMvzLiviQ4 Will Ferrell and Paul Rudd on The Shrink Next Door and the Wild True Story
T_FRp35sbKU Chloë Grace Moretz on Mother/Android and Her Thoughts on the Ending
Tdn8p_zZymo Don Johnson Talks Knives Out and Watchmen
TfhvsKArLT0 Better Nate Than Ever Director Tim Federle on Bringing His Book to Life and Sister Act 3
TgodaCzXBMk Jay Baruchel & Dean DeBlois Pitch a How to Train Your Dragon Multiverse
TiQ91XB3CDc Real-Life Superhero Bryan Stevenson Talks Just Mercy and His Incredible True Story
TiTVnwwYs7Y Leigh Whannell Says He Isn't Involved in Chris Rock's Saw Movie Spiral
TjdWAWA4GS8 Jennifer Garner and Edgar Ramirez on Yes Day and the Real Fear Filming the Roller Coaster Scene
TjixGehqB_k Mary Elizabeth Winstead Turned Down an Audition for Mean Girls
TkQfApTSzxc Katherine Waterston Interview: The World to Come, Fantastic Beasts, Law and Order, and More
TkXEz25eBhY Guy Ritchie, Matthew McConaughey, Michelle Dockery, and Henry Golding Talk The Gentlemen
TkaL1r2kL3M Elle Fanning Addresses the Batgirl Fan-Casting
ToQabLG4UHk Mila Kunis and Juliette Lewis on Childhood Fame and the Unique Pressure Child Stars Face Today
TohJUavst-s The Walking Dead \
TqkjDbznRj0 Victoria Justice Reveals What She Admires about Dylan and Cole Sprouse
TrpFtGrMhAo Donnie Yen on Sleeping Dogs Movie and When It Might Start Filming
TruhYacqiys Sheila Atim on Bruised, Halle Berry, and Her Unaired Game of Thrones Pilot
Tu1Hh6gYZkg Chris Pine & Ben Foster on The Contractor and Trying to Depict Real Soldiers
Tw9XlVLtUtw Eternals: Kumail Nanjiani and Lauren Ridloff on What It Means to Join MCU
TwtR8rs2cr0 How The Mandalorian Could Shed Light on Boba Fett According to Daniel Logan
TxRMEh56v3o Mank Actor Tom Pelphrey on His 90-Minute Zoom Audition with David Fincher
TyYFz2VsNdQ Chilling Adventures of Sabrina Cast Interview: Ross Lynch, Michelle Gomez, Chance Perdomo
TyZi9LOTwKA Teenage Mutant Ninja Turtles Co-Creator Kevin Eastman - Amazing Con Las Vegas 2019
U-N4DaJ_Z20 Zoey’s Extraordinary Playlist Star Skylar Astin on The Beginning of Max and Zoey’s Relationship
U13Oj9bZthQ Bao Filmmakers on the Art of Dumplings
U1P51KLzVXw Lucas Hedges Interview Boy Erased
U1bt-hSpoOY How Drunk History Influenced the Ethan Hawke Tesla Movie
U2ymQV-1ISE Euphoria Season 2: Jacob Elordi, Eric Dane, Angus Cloud & Austin Abrams on Standout Moments
U4chsrdIhOs Brightburn: Director David Yarovesky Interview
U5ZvE2-v8II Roger Deakins on Blade Runner 2049, The Goldfinch and The Assassination of Jesse James
U5e-mx44Aq4 Maddie Hasson Interview: Impulse Season 2, James Wan’s Malignant and More
U89c09ZVqGM The Queen’s Gambit: Harry Melling and Thomas Brodie-Sangster on Chess Sequences as Action Scenes
UAD8ioOpBbs Tom Kenny & Dana Snyder talk Paradise PD, Netflix, & Voice Acting | RTX 2018
UAixFcugY1A David Gordon Green on Halloween Kills, the Ending, and Halloween Ends
UCMlfbFk8c4 ‘Nine Days’ Cast and Director Edson Oda on Making an Original Science Fiction Movie
UDJpv7hnnGE Wicked Movie Director Jon M. Chu on What Fans Can Expect: \
UFwX75WQTaI Ready or Not Alternate Ending Revealed by Directors
UG816yv_DDI Here’s Why Infinity War and Avengers 4 Didn’t Film at the Same Time
UHQu3hJHtf4 Amy Adams and Julianne Moore on Dear Evan Hansen & Why Adams Always Cries When Talking About Film
UKubJs6QJ4A Halloween Ends to Start With a Huge Time Jump, Says David Gordon Green
UMOViGuGI5M Ben Mendelsohn Interview Robin Hood
UMToaVuGdfU Naomi Scott Revisits the Terra Nova Cancellation and How It Impacted Her Career
UTeZg0dGoBU Kaitlyn Dever on Dopesick, Michael Keaton, and Why Justified Will Always Be Special to Her
UV9V-GRA_7k Before You Know It Interview: Hannah Pearl Utt & Jen Tullock
UXGgWwI916U The Mandalorian Used New Technology During Filming
UZW5qWU4GiI Jim Starlin Talks Creating Thanos, His Cameo in Avengers: Endgame and More!
U_qKkKerdvg Daniel Radcliffe & Samara Weaving Interview - Guns Akimbo
UaQHMcJBMNE Arrow Season 2 Premiere \
UbAxblf9Lg0 It 2: Stephen King Didn't Add a New Scene After All
Uct2VG5qMnI Stuber: Dave Bautista and Kumail Nanjiani Interview
Ud-H59umZgU Star Wars Fanboys Only Care About One Thing - Star Wars The Force Awakens Trailer Reaction
UdMw129aLXU Terminator: Dark Fate | Mackenzie Davis & Natalia Reyes Interview
UeuqSABQ13s The Rise of Skywalker: Anthony Daniels and Joonas Suotamo Interview
Uh9TwFpSnYE White Boy Rick: Matthew McConaughey and Director Yann Demange on the Importance of Family
Uk-TJbyR0js The Baby-Sitters Club Season 2: Momona Tamada & Shay Rudolph on Big Changes
UmOuch5yosI Wendy: Watch 12-Year-Old Devin France Drop Some Serious Horror Movie Knowledge
UnrNdxjRPa8 Tolkien: Patrick Gibson, Anthony Boyle and Tom Glynn-Carney Interview
Up6Kir1Agl8 Rocketman: Elton John Biopic Costume Designer on His Creative Process
UqfTlPSSCw0 Taraji P. Henson & Sam Rockwell The Best of Enemies Interview
Ur0iWEe7TKE Between Two Ferns: The Movie Director Scott Aukerman & Lauren Lapkus Interview
UrRu9_Y2WCg Terminator: Dark Fate | Linda Hamilton Interview
Utq6cRIml0k The Prom Star Ariana DeBose on the Importance of Hiring Queer Actors to Play Queer Characters
Uw8mtEC8Bbk Noah Schnapp & Fernando Grostein Andrade: Abe Interview
UwXCFXvXrhc Brad Pitt Interview Ad Astra, Fight Club and World War Z 2
Uykkm1AVrQ0 Exclusive: The New Mutants Could Be R-Rated; Reshoots Haven't Happened Yet
V--tXRBr7B8 Cobra Kai: Thomas Ian Griffith Interview - Can Terry Silver Be Redeemed?
V-yOGf2gGxI Christine Baranski on How The Good Fight Will Change Under Biden
V0P1oK3UcBI Helen Mirren on Who Wins in a Fight: Hobbs & Shaw or Victoria from Red
V3XjYx6vwtI Harry Hamlin on Hot Zone: Anthrax, Playing Tom Brokaw and L.A. Law
V5TRoHWqumI Pet Sematary Directors Interview
V7u7SI2L55k Boardwalk Empire Season 4 Premiere \
V93X-neDCEo Conjuring 3 Director on the Movie’s Deleted Demon and Making a Billie Eilish Music Video
VAsz6GVUImA Mackenzie Davis on 'The Turning' and Whether She Believes in the Supernatural
VBVNsr8a5v8 George Perez: Farewell to a Comics Legend - Amazing Con Las Vegas 2019
VC2cXaCRhys Happiest Season Stars Mary Steenburgen and Alison Brie on Making Hulu’s Romcom
VGn0XL-I7Bw Offseason Interview: Joe Swanberg, Jocelin Donahue, and Director Mickey Keating - SXSW 2021
VHFF8ZGREzM Matthew McConaughey Interview: Revisiting Dazed and Confusing & Making Sing 2
VQs8P8Q_FU4 The Morning Show: Steve Carell and Showrunner Kerry Ehrin Interview
VTSifpI010Y Man of Action’s Steven T. Seagle Talks Big Hero 6, Ben 10 and Get Naked
VU4dgZpDSsw Gwen: William McGregor and Eleanor Worthington-Cox on Their Gothic Thriller
VVUE0HNJlaM Fantastic Beasts' Connection to the Deathly Hallows and Harry Potter
VZXaNc_xaa8 Ben Whishaw and Director Aneil Karia Talk Surge, Cloud Atlas and No Time to Die
V_KsDTZT9Sk ‘WandaVision’: Teyonah Parris on Playing Monica Rambeau in Marvel’s Disney+ Series
Vak4eH2J3xE Millennial Must Watch - The Big Lebowski (1998)
VaxZ8s-TlLI Laz Alonso on Wrath of Man, Guy Ritchie, and The Boys Season 3
Vayw5vBlfmk First Man: Patrick Fugit and Lukas Haas on the Physics of Orbital Mechanics
VbCi0g5kA-c Troye Sivan Interview Boy Erased
VcMyPelCQcg Katherine McNamara on Shadowhunters, Arrow, and Untitled Horror Movie
Vh8SW12tmTM Ghostbusters: Afterlife's Paul Rudd and Carrie Coon on s Spielberg Vibes
VhaQoQzPT4c Dash and Lily: Dante Brown and Troy Iwata Offer up Their Own Dares
Vkl_8e1LFW0 The Starling Director Theodore Melfi on Reteaming With Melissa McCarthy
Vm3WmgrM1nk Adam Driver on House of Gucci, How No Actor on Gucci Worked the Same Way, and Hosting SNL
Vmg23pbfGkI New Warner Bros. Studio Tour Hollywood Walkthrough: Harry Potter and DC Props, Costumes, and More
VoHOfuJnb3k Freaks Movie: Directors Zach Lipovsky & Adam B  Stein Interview
Vyje2rV0s24 Sydney Sweeney on Nocturne, Euphoria, and Working with Quentin Tarantino
VzfpiTCYloY Sam Neill Interview: Thor Ragnarok, Jurassic Park, Rams and More!
W-ZcZ_HLRtY Lucy Lawless Revisits Xena & Spartacus and Talks the \
W31tjGOF8P0 The Obituary of Tunde Johnson Cast and Filmmaker Interview
W3TsTeo4pzs Batman and Robin: Alicia Silverstone Wouldn’t Mind Revisiting Batgirl
W3ec51em0p8 Dave Bautista on Bane and What He Would Bring to the Batman Villain Role
W52lob-GPsE Diego Luna and Sienna Miller on ‘Wander Darkly’ and the Disney+ Star Wars Series 'Andor'
W8I-PCZAa5Q Scream 5 Spoilers: Radio Silence on Kills, Easter Eggs & The Franchise's Future
W8c-Wg8_7aQ The Morning Show: Karen Pittman & Néstor Carbonell Interview (Apple TV+)
WB-V47Y0f0c Child's Play: Jennifer Tilly and Don Mancini on the Enduring Legacy
WBwaDGrdTSw James Corden on Singing Penny Lane with Paul McCartney in Liverpool and Peter Rabbit 2
WE0j8eeBKBA Captain Marvel Producers Reveal Changes Made Late in Post-Production
WEdBXqyZ9lk The Boys Season 2: Seth Rogen & Evan Goldberg Tease Premiere, Say It’s 𠇋igger” and tter”
WFXU6dt_DyU House of Cards Season 2 Review
WGfGWcf7I2Y Bioshock Infinite: Burial at Sea Episode 2 Review
WHukvHabsq8 Extraction 2: Director Sam Hargrave on Filming Plans and the Extraction Universe
WIaVbjt_49Q Game of Thrones Theme Song Performed Live at CCXP in Brazil
WMi2GUqP9Gg Peyton Elizabeth Lee on Doogie Kamealoha, M.D. and Responsibility That Comes From Leading a Project
WNOZOiKPGIc Annette: Marion Cotillard on the Challenges of Singing Live on Set
WO_QbZ1_ATU What It's Like to Be Directed by Ridley Scott, According to Travis Fimmel and Niamh Algar
WQDb7jqDnW4 Michael Douglas Talks The Kominsky Method Season 2 and Ant-Man 3
WQHc97IS9vE Robert Eggers Talks The Lighthouse and His Next Film The Northman
WRqJftTzNq4 Dark Phoenix Cast Reacts to the Game of Thrones Finale
WVO5OJCnJ04 The Walking Dead \
WVt3nPdm6GU The Sisters Brothers: Could Jake Gyllenhaal & Riz Ahmed Survive the American West?
WZn0gaRSPgY Redeeming Love: Tom Lewis on the Romance Film's Light and Dark Elements
Wd5HzcOWsdA 'Wild Rose': Jessie Buckley, Tom Harper, and Nicole Taylor on Their Glasgow Country Music Film
WdVNE3MoSPo Edge of Tomorrow 2 Update: Doug Liman Reveals When the Sequel Will Get Made
Wf2kmXsE2P4 Stephan James and Jasmine Cephas Jones on #FreeRayshawn and Being Nominated for Emmy Awards
Wfi2fH3UGWw Wesley Snipes and Eric Newman on True Story and How Snipes Was Almost on Narcos
WhlDDkhSs-A Emily Mortimer Reveals One of the Most Ridiculous Notes She Got on Set
WhoPEvzBvLc The Fabulous Furry Freak Brothers: Adam Devine and Blake Anderson Interview
WietmlmC9z0 Roland Emmerich on Moonfall, How He Figured Out the Ending, and Maya Lord
WinVuV6kqQM Max Harwood on Everybody’s Talking About Jamie and Working with Richard E. Grant on His First Day
WkZWITVc1fc M. Night Shyamalan Reflects on the Evolution of His Career and That Old Ending - Collider Connected
WlopaEsFtEM Carrie Coon Reflects on The Leftovers Finale and Nora's Decision
WnChQafKRRw Mary J. Blige on Her Documentary Mary J. Blige’s My Life & Why it Was Such a Painful Album for Her
WpkNjRXb3a0 Calm with Horses Interview: Barry Keoghan, Cosmo Jarvis & More
WsCTiFRyFGg R.L. Stine on Just Beyond and Making Horror Work For a Younger Audiences
WsYYodkV1kw Patton Oswalt Follows Up His Boba Fett Prediction With One for the MCU
Ws_25YxvqQQ Ghostbusters: Afterlife's Celeste O𠆜onnor and Logan Kim Reveal Their Toughest Sequence to Film
Wu59CSUxikM The Lighthouse Interview: Director Robert Eggers
WwGkOVE5dD4 The Mandalorian: Bryce Dallas Howard on Directing the Star Wars Series
Wy5o9OWQa7c Nicole Kidman and Javier Bardem on Being the Ricardos and How They Prepare for a Big Scene
WygA7NgrUs4 Amandla Stenberg on Dear Evan Hansen and Getting to Write a New Song for the Film
WzRGG05GoLk 'For All Mankind’ Season 2:  Sarah Jones and Michael Dorman on the New Season
X041BMAvH-E Making of Sicario Day Of The Soldado: An Act of War | Exclusive Featurette
X1M2j4mSXqw King Richard's Saniyya Sidney & Demi Singleton on How Will Smith Never Broke Character While Filming
X1hHYqGI8Do The Harder They Fall Director Jeymes Samuel on Crafting the Big 3rd Act Shootout
X20hP_18SIU Elle Fanning on The Girl From Plainville & the Hardest Scene to Film in Her Career to Date
X2AjXZMDXK0 Knives Out: Daniel Craig & Jamie Lee Curtis Interview
X2lNFE-NvdM Kirk Scroggs on The Secret Spiral of Swamp Kid and Positive Monster Influences
X3qhrLDuwZc Benedict Wong Talks Gemini Man and Doctor Strange 2
X7LPGvSUpTU Paige & Stephen Merchant Fighting With My Family Interview
X8WNlnu6hP0 ThinkHero 5 Year Anniversary!
X9B_6nnocMU Geraldine Viswanathan Teases Miracle Workers Season 3
X9unKmoSHMc Hamilton: Why Emmy Raver-Lampman Almost Didn’t Audition
XAJv8wamk84 Chris Morgan on Hobbs & Shaw, His Original Idea for Fast Five, and McLaren Cars
XBgPCD3NZnk Lily Rabe on The Tender Bar and What Surprised Her About Working with George Clooney
XCel23VjPm8 Foundation: Lee Pace on Playing the Emperor of the Galaxy and Why He Loves Speculative Fiction
XCj323Kigi0 Chris Pine Breaks Down This Emotional Wonder Woman 1984 Sequence
XDclud5XM3I The Rundown 2 Update: Peter Berg on Why It Hasn't Happened
XE5Gf7pxm4Q Hawkeye Director Rhys Thomas On Exploring the Price of Clint's Superhero Life in the Disney+ Series
XEYbvplzO24 Agents of S.H.I.E.L.D. \
XFoKCDHXLwk A Dog's Journey: Director Gail Mancuso Interview
XHRClFfEGiQ Horse Girl's Alison Brie and Jeff Baena on Their Mind-Bending Netflix Movie
XK4twaKTZxY New Mutants Director and Cast on Making a 90s Horror Movie
XK_sdsMvDVY The Batman's Colin Farrell Reveals He Went to Starbucks as The Penguin
XMPH7YFNIJg Rosamund Pike Interview A Private War
XTsefyKDkZ0 Joe Cornish Interview The Kid Who Would Be King
XWplU1yrcW4 Extraction Ending Explained by Writer-Producer Joe Russo (Spoilers)
XXl-v4sw6Xc Raya and the Last Dragon Screenwriter on Asian Representation: \
XYX0o4tv5oA Irresistible: Chris Cooper and Mackenzie Davis on Jon Stewart
XagKbxRR6pY Pirates 6 Update: Jerry Bruckheimer Unsure of Johnny Depp's Involvement
XbkNyGpSrzk Funhaus's James Willems talks Internet, Spider-Man, & Online Gaming | RTX Austin
XfvreBN1ogA Hawkeye: Marc Shaiman & Scott Wittman on Writing Rogers: The Musical
XfwtWaJ4GFA Todd McFarlane & Rob Liefeld Interview Comic Con 2019
XhVU5tI9A28 Why Screen Pass is a Great Feature For the Age of Digital Libraries
Xj8zB84Z4us True Detective \
Xk8FAD_jPc4 The Suicide Squad: John Cena and Joel Kinnaman on Why They Loved James Gunn's Script
XkMkLte5j5w Aunjanue Ellis on King Richard and Will Smith's Process for Playing the Role
Xn_0VpYGppI South of Heaven Director Aharon Keshales on Mixing Tone and Genres and Casting Jason Sudeikis
XnznjdTwxKg Thunder Force: Ben Falcone on Casting Jason Bateman as The Crab
XoBFtUxqKVE Ramin Bahrani on His Documentary 2nd Chance and What He Learned from Werner Herzog | Sundance 2022
XofqpnH7IN4 Corey Stoll on West Side Story, Steven Spielberg's Amazing Resume, and Billions
Xp19o6fsSZY Robert Rodriguez Reflects on Pushing for Latinx Representation in 'Spy Kids'
XpedIm8sWnQ Paradise Hills: Emma Roberts, Eiza González, Milla Jovovich, Danielle Macdonald & Alice Waddington
Xq4_hxK9h7g I Want You Back: Scott Eastwood & Clark Backo on Rom-Coms, Dating Advice, and River Boats
Xq7JGCqbzQc gen:LOCK Co-Writer Jackson Lanzing on the Comic Book Series and Star Trek
XqXNAddV6ng Battlestar Galactica Series Finale: Ronald D. Moore on the 4-Hour Original Cut!
Xqi-Tmp_7jo Bill & Ted Face the Music Director Dean Parisot Reveals How Steven Soderbergh Helped Get Sequel Made
XruhGJDcuK0 Save Yourselves! Explained - Filmmakers Break Down Their Pouffe Invasion
XwhP6mDeR4A Jason Scott Lee on Doogie Kamealoha, M.D. and His Hope for Future Seasons
Y18sks75DpU The Prom’s Jo Ellen Pellman on Filming the Huge Finale and Ryan Murphy
Y2rS8YJ6eGQ Lena Headey & Florence Pugh Fighting With My Family Interview
Y5KOBvTgYI8 Actor and Comedian Jim Gaffigan Interview
Y6SyMDxAARw The Photograph Director on the Pros & Cons of Directing Your Own Script
Y7XpCRZbF2M Kevin Smith on How Stan Lee Convinced Him to Expand His 'Mallrats' Cameo
Y7cFNgiHFh8 Girl on the Third Floor: CM Punk, Trieste Kelly Dunn, Travis Stevens Interview
Y8Uso2_e_kc Watch the 𠆍ownhill’ Cast and Filmmakers Descend into Laughter Promoting Their Film
YGgxkwo11o4 Julia Stiles Teases How 'Orphan: First Kill' Travels Back in Time: \
YHhL4sOP9fM Breaking Bad \
YHza7roJ4Jg Jack Whitehall and Darby Camp on Clifford the Big Red Dog, One Direction, and the Big Car Chase
YI-V9Z9G7vU Parasite's Song Kang Ho and Park So Dam on its Universal Appeal
YIMwg5ZQqkc Better Call Saul: Season 5's Most Harrowing Episode Was Hatched While Making Breaking Bad
YI_O44OkcPQ The Many Saints of Newark: Corey Stoll and Billy Magnussen on Making The Sopranos Prequel
YIqWylKAlCM Godzilla: King of the Monsters: Vera Farmiga & Kyle Chandler Interview
YMN_ogubQmY Black Christmas Director Sophia Takal on Her Gutsy Remake of the Horror Classic
YNW1xT-N_Qg Deadpool 3: Rob Liefeld on Sequel Status, Cable Solo Movie and More
YQ-bTMa1mwM The Expanse Season 6: Ty Franck, Daniel Abraham & Naren Shankar on Series Finale
YR9R1igaAIM Thandiwe Newton on Reminiscence and Why Lisa Joy Rewrote Her Character
YTDBiZf-8XM Alan Tudyk on Resident Alien Season 2 and What It's Really Like Talking to an Empty Fish Tank
YToPiy1JyHg Agents of S.H.I.E.L.D. \
YU6nYHpmHXY Arrow \
YWVzjncgsEA James McAvoy on Glass and IT 2
YXLlusvrWVM Ed Helms, Patti Harrison on Their New Sundance Movie Together Together
YYeRfdv9or8 See: Nesta Cooper and Archie Madekwe Interview (Apple TV+)
Y_KvgulVnPk Pose: Billy Porter on Mj Rodriguez and How Awards Can Give Power to the Powerless
Y_TDyPlLbbM Peter Jackson on The Beatles: Get Back & Technology Invented for the Docuseries
YcFDqvzEYko Arrow \
YcWsokiIASA Why Eiza González Pushed Back on Wearing Makeup in I Care a Lot
YeqiwQY2HQA Scott Snyder on The Batman Who Laughs, Batman: Last Knight and More
Yg-pNGmyXmI LaMonica Garrett on Crisis on Infinite Earths, Arrow, and Playing the Anti-Monitor
YjhkaJIhFHA Andrea Hovig on Why She Cried After Meeting Stellan Skarsgard - Hope Interview
Ym7vSNGMINI Promising Young Woman Star Carey Mulligan Breaks Down the Film's Divisive Ending
Yp1k7C5lT2E 1917 Stars George MacKay & Dean-Charles Chapman on the Film's \
YpEL2-DKMec Chloe Grace Moretz Interview The Addams Family and Tom and Jerry
Yrzy58ApuXM Joe Russo on Working with Obamas, Riz Ahmed on Netflix Movie 'Exit West'
YsKXv94Xceo Andrew Garfield on The Eyes of Tammy Faye and Why He’s Drawn to People Defined by Faith
Yu0kd-g7z5Q Boardwalk Empire \
YvOhJNk6XUI Abominable: Albert Tsai and Tenzing Norgay Trainor Interview
Yx0KQdiSFnU Maria Bakalova Interview: Bodies Bodies Bodies and Women Do Cry
Yx1pHBgJGGE The Walking Dead \
Yz7rrqiLAz4 Top 5 Music Biopics
Yzi9vHHgIT4 Lost in Space’s Toby Stephens, Molly Parker, Ignacio Serricchio on Season 3
Z0kWYnsMa1c The Prom: Kerry Washington and Ariana DeBose on Filming the Huge Finale
Z2_Wp9kus0Q Frank Grillo and Joe Carnahan Talk Future Projects and a Possible 'Wheelman 2'
Z3Vz27NdOZI Fargo Season 4: Noah Hawley Calls New Story \
Z3jrmPyKA5w Can Homelander Be Killed? The Boys Showrunner Eric Kripke Weighs In
Z5ag0hn1-bQ Tom Holland, Zendaya and Jacob Batalon on Spider-Man: No Way Home and Fight Scene With Green Goblin
Z72VZa2Shz4 What Happened in The Leftovers Series Finale? Director Mimi Leder Gives Her Answer
Z7DFrWzSa5I ‘The Office’ Star Andy Buckley on David Wallace and Writing the Iconic “Suck It” Song Himself
Z7K_ywikzBo Obi-Wan Kenobi: O'Shea Jackson Jr. on Landing Role After Not Getting Lando in Solo Movie
Z8uYDgis8oU How Scream 3 and Wes Craven Helped Pave the Way for Emily Mortimer
ZB7tUJJJCqM The Many Saints of Newark Director Alan Taylor on Working with Sopranos Creator David Chase
ZEXkaf7_7nE La La Land In Real Life
ZFI0BcxTvT4 Jane Levy on the Zoey’s Extraordinary Playlist Scene That Was Too Emotional For Dancing
ZI2G5hUV8Dk Andrew Rannells on His First TV Job: A 'Sex and the City' Headless Stripper (It Wasn't Fun!)
ZN8Xow0cpWc Rosamund Pike on Playing Marie Curie in ‘Radioactive’ and What Draws Her to a Role
ZO7nxTZJ6T0 \
ZROYIpeXgBU The Terror Season 2 Infamy Creators Interview
ZTFNy3UnO-4 The Witching Hour - Annabelle Comes Home Director on Expanding the Conjuring Franchise
ZVFNMHKVZZg Narcos: Mexico Season 2: Jesse Garcia on What Would Surprise the Fans
ZXOhYt6xT48 First Man: Damien Chazelle on Bringing the True Story to Life
ZXQlhmMfNkA Umbrella Academy: The Heartbreaking Reason Allison’s Story Stayed Relevant
ZatAR2Ozz4M Bohemian Rhapsody: Rami Malek and Cast on Favorite Queen Songs
ZbIMsopbS28 ‘The Climb’ Stars on Expanding Their Short Film Into a Feature | Sundance 2020
ZbbWC-rKrlo Kathryn Hahn and Casey Wilson on The Shrink Next Door, the Wild True Story, and Chop’t Salad
ZdR4-daa-lc Emma Star Bill Nighy Reveals Why He Makes Emily Blunt Fake Vomit
ZdXc3vZdsBY Who Owns the Rights to Hannibal, and Could There Be a Movie? Bryan Fuller Explains
ZfeZ4UoqE_Q Jim Carrey on Sonic 2 and Why The Empire Strikes Back Means So Much to Him
ZhNweBFMUO8 Hawkeye's Tony Dalton on Playing Swordsman and Better Call Saul’s Final Season
ZjzZKJ-k5N8 Jackass Forever’s Johnny Knoxville and Jeff Tremaine on Jackass 4.5 and What’s in the Extended Cut
ZrEI-BNDaEQ How 'The Stranger' Director Prepped for Using Quibi's Turnstyle Technology
Zr_QMlHKEo0 Agents of SHIELD Season 1 Finale Review
Zv3dVR7NhVs Boardwalk Empire \
ZxLn1fstk04 Vanessa Hudgens, Alexandra Shipp, and Eamon O'Rourke on Asking For It | Tribeca Film Festival 2021
ZySVgCEKscI Netflix's Letter for the King Cast Debates Who Could Win A Sword Fight
_2CUUxo0Ptc Aquaman Deleted Scene Revealed
_2X7g72PtbI Sam Heughan on ‘SAS: Red Notice’ and Feeling Like John McClane
_2iTljKTADU Tell Me Your Secrets Ending Explained by Lily Rabe
_3XlI4ZMPuA Jon Bernthal on King Richard, the Incredible True Story, and the American Gigolo Showtime Series
_46PDUFDBTc Boyd Holbrook on Eight for Silver, Netflix’s Sandman, Logan, and More
_5W4X18_Y4g 'Dinner in America' Stars on Making Music and Movies as Misfits | Sundance 2020
_5z4FIdH5ZU ‘The Expanse’: Shohreh Aghdashloo on Season 5 and Why She Thinks Season 6 Won't Be the End
_6rrGyqK6ho The Dark Crystal Age of Resistance Interview: Taron Egerton, Lisa Henson &  Louis Leterrier
_90TNex6NtM Hannibal: NBC Wanted John Cusack or Hugh Grant Over Mads Mikkelsen
_BqUIssLf64 Yesterday Movie: Danny Boyle & Richard Curtis Interview
_C1w41TdieU Master Interview: Regina Hall, Zoe Renee and Mariama Diallo - Sundance 2022
_CBbgM2vnT0 Jovan Adepo Interview Overlord, Jack Ryan Season 2 and Central Park Five
_DK-2CgHRMQ The Sisters Brothers: John C. Reilly Shares a Very Important Producing Lesson Learned
_GprgyvlDq8 Sound of Metal: Riz Ahmed and Director Darius Marder Interview
_IakAN4Sctg Geoff Ramsey Interview at RTX Austin 2018
_ImMWEiWHRQ The Expanse Season 4 Cast Interview
_KRtmlwubR0 Scream Interview: Skeet Ulrich Says Nobody Really Knew Who Killed Who
_P54tML6sxk It Chapter 2 Producer on the Challenges of De-Aging the Young Losers
_U8vXrujReM See 26% More Aquaman, Only in IMAX
_VOg4pJ0Dk4 Amanda Seyfried Reveals Why She Left Big Love After Mamma Mia!
_VraXQ-uNQo The Intruder Interview: Meagan Good & Michael Ealy
_WSuExsK4i4 47 Meters Down Uncaged: Corinne Foxx, Sophie Nelisse & Sistine Rose Stallone Interview
_XwAtnSwyZY Agents of S.H.I.E.L.D. \
_ZJDSncCTqM How the Disney/Fox Deal Impacts Fox's Superhero Movies
_ZdNR9pSu6o Ford v Ferrari: Tracy Letts and Jon Bernthal Interview
__CpM0VjKyQ Gloria Steinem Offers Hope in the Wake of Ruth Bader Ginsburg’s Passing
_a9aEWx9SEU Game Of Thrones Season 4 Trailer Review
_b-3XIVPGoM Frank Grillo's Crossbones Will Return to MCU in What If?
_c3OvaqEDhM After Earth Movie Review \
_d5CPLro_GY Zoey’s Extraordinary Playlist: Jane Levy Reveals the Results of Zoey’s MRI
_eBmBT_Fqb8 Sam Heughanਊnd Lamorne Morris Interview: Bloodshot
_fTEC8SMF3s The Kitchen Director Andrea Berloff Interview
_gL9oEKKUAc Knives Out: Chris Evans and Ana de Armas Interview
_hd9O56zKq8 Dark Phoenix Reshoots Explained by Director Simon Kinberg
_hrOWbxc4KA Paul Bettany and Writer/Director Alan Ball on 'Uncle Frank' and 'WandaVision'
_iYZx3uH9q4 Ozark Season 4: Robin Wright on Bringing Her Style to the Netflix Show
_lV2ucFgAko Guillermo del Toro's 'Frankenstein' Monster Was \
_lXsoagLMNI Harvey Keitel on ‘Lansky,’ Quentin Tarantino, and Why He Turned Down Ridley Scott's Offer to Direct
_lrr1njjtuc Camila Mendes and Jessie T. Usher Interview: Dangerous Lies (SPOILERS!)
_mnTwgcLlkM Will Star Trek 4 Ever Happen? Simon Pegg Weighs In
_n6f_641vjI The Novice: Isabelle Fuhrman, Dilone & writer/director Lauren Hadaway - Tribeca Film Festival 2021
_o-QUxCnYgw Ben Schwartz on 'Sonic', Target T-Shirts, and the Possibility of a 'Parks and Rec' Reunion
_os9L8KqWSw Arrow \
_pZeqJrqhqs Jerry Bruckheimer on Top Gun's Enduring Appeal, Tom Cruise, and Tony Scott's Bold Vision
_pdf3qmk02U Oliver Jackson-Cohen Says Michael Flanagan “Surpassed” Hill House with The Haunting of Bly Manor
_tT3cnHWuok Hilary Swank & Michael Shannon Share Dreams of Traveling and Figure Skating
_w8ScmY3PM4 Shazam! Mark Strong Interview
a-thM4hxGGc Kim Dickens Interview: The Highwaymen and the Deadwood Movie
a3szrZTCKjg The Dirt Cast Interview: Machine Gun Kelly, Douglas Booth, Iwan Rheon
a49LyeGHq84 The Willoughbys Interview: Terry Crews & Jane Krakowski
a6Ji1Uds-Hs Da 5 Bloods Original Cast Included Samuel L. Jackson, Giancarlo Esposito, Denzel Washington
a7EgoH79n1Y Ryan Reynolds on Red Notice and Shawn Levy's The Adam Project
a8WO_tudoQY Keanu Reeves on Comic Series BRZRKR and the Status of the Netflix Movie and Animated Series
a9teDHr_8RM Mile 22 Featurette Celebrates the Martial Arts Brilliance of Iko Uwais
aADW3FyiCcw Renee Zellweger Interview What/If and Judy
aAOG75x5bWM Ed Helms and Randall Park on New Comedy Show True Story with Ed & Randall
aB08JhCl740 Pink Wall: Tatiana Maslany, Tom Cullen, Jay Duplass Interview
aGu1lH665Po The Lighthouse Seagull Explained - SPOILERS!
aHH7_i_hBBE Star Wars: Rise of the Resistance Footage - Ride-Through
aIn59YprqwE Gemini Man Visual Effects Supervisors Interview
aLNAUUpZiVc The Aeronauts Director Tom Harper Discuss Amazon’s Strategy Shift and ‘Wild Rose’
aLWaYDH14TE Free Guy 2: Ryan Reynolds and Shawn Levy Explain Why They’re Not Rushing to Make a Sequel -Exclusive
aNA1UmuaO9c Cancelled Batman vs Superman Movie Details Revealed by Writer Akiva Goldsman!
aNOIrjlTIvI Loki Head Writer Michael Waldron on the Time-Keepers, Loki's Gender Fluidity, and the Multiverse War
aP0CS5jVLVE Wounds: Armie Hammer, Zazie Beetz & Babak Anvari Interview
aVDB_s2ynr8 Stranger Things Season 4: Gaten Matarazzo on One Big Change This Year
aWfPAjmYawk Guardians of the Galaxy Holiday Special Filming Details, Running Time Teased by James Gunn
aWi_Lr9ZrAQ Sharkboy and Lavagirl Return in Netflix’s We Can Be Heroes, Says Robert Rodriguez
aZcB4CcUqKM Rambo Last Blood Cast and Sylvester Stallone Interview
a_H2wPmUaME M. Night Shyamalan on Almost Writing Indiana Jones 4
aaC1-WT3omw Dolemite Is My Name Screenwriters Scott Alexander & Larry Karaszewski Interview
aaVa8gb83SI Bad Boys 4 Update: Jerry Bruckheimer Shares New Details
abMhw3mMIZk Connie Britton on Joe Bell and Why She Loved Playing Tami Taylor and Making Friday Night Lights
ac-B5l_AcUU The Music of Quibi's 'The Stranger'
afzRW-pRoYk Tahar Rahim on ‘The Mauritanian’ and Why He Tried to Recreate the Conditions in Prison
agfhkgu_Js4 Peyton Elizabeth Lee on Making the Disney Plus Film Second-Born Royals
ajGcbU3GB8Y Melissa McCarthy on Superintelligence and the Character She𠆝 Most Like to Revisit
alGkieG99PM Nathalie Emmanuel on 'F9', the 𠆊rmy of the Dead’ Prequel, and Instagram Cat Pictures
aqThebyTe3g Many Saints of Newark: Ray Liotta, Michela De Rossi on The Sopranos Prequel
arJvp71l9Dw Yahya Abdul-Mateen II on The Trial of the Chicago 7 and The Matrix 4
arNlya2RmGw Simon Kinberg on Dark Phoenix, New Mutants and Twilight Zone Season 2
asWXJvW_LIQ Over the Moon: Glen Keane Discuss' New Animated Fable on Netflix
auQNjNkXpBs Julie Delpy Interview My Zoe
axC4K1w5Y5c 'WandaVision' Director Matt Shakman on His 6-Hour Marvel Series and the In-Episode Commercials
axxEQYBaXJo Katheryn Winnick on 'Vikings', 𠆋ig Sky’s Next Storyline, and ‘The Marksman’ with Liam Neeson
ayiSQDuDjdk The Office: Oscar Nunez on Oscar's Southern Accent, His Favorite Boss and His Friendship with Angela
b-3X-GAjH7Y Chloë Grace Moretz Reveals Why Making Tom and Jerry Was a Scary Experience
b-AQ_JMKPYY Destroyer: Nicole Kidman & Karyn Kusama Interview
b-qELDk3rYQ Dark Phoenix Director Simon Kinberg Interview
b0iWbscbl-w Guillermo del Toro Reveals Top 10 Noir Movies That Inspired Nightmare Alley
b2Cnr752xYU True Detective \
b3R9MX2ojC4 Joe & Anthony Russo Talk 21 Bridges and Cherry with Tom Holland
b4ET_tINOcw Arrow \
b5qjEADegRg Vikings: Valhalla Creator Jeb Stuart Reveals How Netflix Show Differs From Vikings and Season 2
b8dQzu_DS8Y Ralph Breaks the Internet: Sarah Silverman Interview
bA9cImmfGbE How Margot Robbie Wowed Kerry Condon as a Producer on Dreamland
bCzLAykLjcM The Morning Show: Gugu Mbatha Raw and Bel Powley Interview
bHVFcxfCS6g Addison Rae and Tanner Buchanan on He’s All That, Mean Girls, and Instagram
bKaIMpM3vTE Man of Action's Joe Kelly Talks Deadpool, Mega Man, and Poughkeepsie
bNlJKYTxAmE Anya Taylor-Joy and Johnny Flynn Talk Emma and The New Mutants
bOMFRgHchtw The Hunger Games: Catching Fire Review \
bS3ejWk0J-g Shea Whigham and Olivia Munn on The Gateway and Their Love of s Thrillers
bUO_GE7onk4 Patton Oswalt Talks MODOK, Looks Back on His Parks and Rec Filibuster
bWNXUTL9CAc Bryce Dallas Howard on Directing Dads and The Mandalorian
bWpH6sq6DAE Joe Keery on Free Guy and His Relationship with Social Media
bXFohymTYPg Jennifer Hudson on Respect and Performing with Prince Before He Died
bXfCBTFmsks How Venom Can Be in the MCU
bXsPW6nas7I Michelle Yeoh on Gunpowder Milkshake, Marvel's Shang-Chi, and James Cameron’s Avatar Sequels
b_6bnb_Wtcc Ms. White Light: Judith Light, John Ortiz, Roberta Colindrez Interview
b_JVrjxkHYE The One and Only Ivan Director on Nailing the Live-Action/CG Combo
b_Lbc69-oWw Kevin Feige on Spider-Man: No Way Home Trailer, His Star Wars Movie, and Future MCU Projects
b_yNcGvY0DI WandaVision: Why Elizabeth Olsen Calls Wanda a \
baxhF-6kaho Exclusive: Bill Skarsgård Drops Out of Robert Eggers' Viking Epic 'The Northman'
bbbPUYa1IH0 Julianna Margulies on The Morning Show Season 2 and Why She Loved Working with Reese Witherspoon
bcB0no0Q1lg Linda Cardellini Explains How Dead to Me Justifies Judy's Forgiveness
bcIMN32uGDU Zosia Mamet on How Girls Led to The Flight Attendant - Collider Connected
bdptNr4Z2yg The Boys Season 2: Antony Starr (Homelander) and Aya Cash (Stormfront) Interview
bgi_J4MP8bQ Carnival Row: Orlando Bloom Interview
biaXqA063OM The Wheel of Time’s Josha Stradowski & Marcus Rutherford on the Epic Battle Sequence
bizGMwk3OOM Good Boys: Molly Gordon Interview
bjlcG90Ptvs The New Mutants Runtime and Deleted Scenes Revealed by Director Josh Boone
bkUkVtdot2A Willem Dafoe & Julianne Nicholson Talk Togo, Disney+, and Ericson Core’s Great Cinematography
blmXXggbl0c Avatar 5 Script Made Stephen Lang Weep, Reveals the Actor
bp51F7Hg3lI Jeremy Renner on Mayor of Kingstown and How Hawkeye Allowed Him to Explore Clint Barton Even More
bpEYdIkGC-g A Star Is Born: Sam Elliott on How Bradley Cooper Nailed His Voice
brAjhxvWZo0 Tony Goldwyn on King Richard and Being Shocked by the True Story
bs2h2OuorJg Stranger Things 3 Will Smack You in the Heart Says David Harbour
bs5K_pEZf-k Fear the Walking Dead Cast Tease What’s Coming Next Season
btgguwh6YyE Always Be My Maybe: Ali Wong & Randall Park Interview
bttXv8VAYx0 Supergirl's Melissa Benoist Talks Season 5 on Saturn Awards Red Carpet
buuI5xTGm9M Midnight Mass Spoilers: Hamish Linklater and Samantha Sloyan Interview
bvR6E0D8DJw Captain Marvel Is Really Top Gun 2 - Fake News
bwHTPrw3DbY Midnight Mass Spoilers: Annabeth Gish on Sarah's Reaction to That Monsignor Reveal
bwh-pSIdPyY The Tragedy of Macbeth’s Alex Hassell on Joel Coen’s Aesthetic Choices
bxBXutEq0zw Game Of Thrones \
bxwwf2mmj8o M. Night Shyamalan on Old and Why He Funds His Own Movies
c-VCx4LgoI8 Elle Fanning & Nicholas Hoult on The Great Season 2, the Slapping Scenes, and Season 3
c1V3FYDnRqs Lily Rose Depp and Tye Sheridan on 'Voyagers' and Their Favorite Films
c25azUCa47o Barry Season 3 and 4: Bill Hader on How They Overhauled the Scripts
c3oSCEw14Zg First Man: Writers Josh Singer and James R. Hansen on Making Sure They Got it Right
c8M2EPaLl2I Gal Gadot on Red Notice and Her Cleopatra Movie With Director Patty Jenkins
c8agtdOuDFg Venom: Tom Hardy on the Jekyll and Hyde Dynamic Between Eddie Brock and Venom Symbiote
c8bYxtjKBk0 Noomi Rapace and Goran Stolevski on You Won't Be Alone: Witchcraft and Switching Bodies | Sundance
c9E2wzsdP7A Agents of S.H.I.E.L.D. \
cCFTLCte3Fg Stephanie Beatriz, Gabriel Iglesias & Allen Maldonado on Maya and the Three
cCy4QK31QS4 The Expanse Season 6: Cara Gee and Keon Alexander on the Series Finale
cEmjGI_tttM 1883’s LaMonica Garrett on the Yellowstone Prequel and Taylor Sheridan
cIjzbxS25RA Dark Phoenix: Evan Peters, Alexandra Shipp and Tye Sheridan Interview
cNlp3AqvfoQ The Tomorrow War Director Chris McKay on Film's Unusual Structure and Not Overthinking Time Travel
cRpRY_Bqq1E Almost Human \
cSVHADnTJPs David Duchovny on The Bubble, Judd Apatow, and TikTok Dancing
cXb4Ghfwxlo Boy Erased Movie Review - Collider @ TIFF 2018
cYRD_6pF_fA Mads Mikkelsen on Indiana Jones 5 and Replacing Johnny Depp in Fantastic Beasts 3
cZyVFEsogKQ Abigail Breslin on Stillwater and Having Matt Damon Teach Her How to do a U-Turn
c_SpE9oemx8 Phylicia Rashad on Black Box, Soul, Creed, and More
cg2jrrVHmSk 'The Conjuring 3' Director Michael Chaves on Approaching the Franchise as a Fan First
cgd0coDJQAY Exclusive: Boyd Holbrook Talks Netflix’s ‘The Sandman’, Reveals How Long They’re Filming
cgwpcsjyyyI Doug Liman Breaks Down the Making of ‘Locked Down’ in 40-Minute Interview
ck-Jr6E-ijA Channing Tatum and James Corden Play Get To Know Your ‘Smallfoot’ Cast Member
clOXmMQ57Zo The Current War: Director Alfonso Gomez-Rejon Reveals What’s New in the Director’s Cut
claqlPA-K2w The Forever Purge Was Supposed to Be the Final Purge Movie; James DeMonaco Reveals Why It Isn't
copFbjdQryM Surface Book Reaction From Microsoft Fanboy, Apple Fanboy Not Happy
cpnBel1o7DM Beauty and the Beast Prequel Series: Josh Gad Gives Update, Reveals Episode Count
cqLqHuzTCNw Just Mercy Cast on Their Riveting Legal Drama
csCee9JEvsI Ghostbusters: Afterlife Director Jason Reitman on How Marketing Hasn’t Given Away All the Surprises
ct4b20QLdvU Scott Beck and Bryan Woods Discuss Haunt and A Quiet Place Sequels
ctFoadjRDF8 The Mandalorian Cinematographer Greig Fraser Explains the Show’s Groundbreaking Technology
cvta5Djyot8 'No Sudden Move' Cast Gush About Working With Steven Soderbergh
cz_VMau0wTY Ted Lasso Season 2: Phil Dunster on Jamie Tartt’s Growth and Jason Sudeikis
d-ybDnHGDDU How Soul Stars Tina Fey and Jamie Foxx Felt About Their Pixar Experience
d4Qujkzn0p0 Snakehead: Sung Kang, Shuya Chang, Jade Wu, and Evan Jackson Leong Interview
d4wwRyuvg8c Eddie Redmayne on The Trial of the Chicago 7 and Timeliness of the Story
d6hhpk8nUqs Ford v Ferrari: Director James Mangold Interview
dC01ZaKi700 Joel Edgerton & Garrard Conley Boy Erased Interview
dEIjd0Xhnqk Serenity: Matthew McConaughey & Anne Hathaway Interview
dH3EjLZybVY Alan Ritchson talks Titans, Hawk &  Dove, The DC Universe  & more @ NYCC 2018
dK81PUuzoZ8 Vikings: Valhalla’s Sam Corlett & Leo Suter on the Huge Action & Season 2
dMNI07MBIWY Vikings: Valhalla’s David Oakes on Playing a Character Like Alan Rickman From Die Hard
dNr-LO40YX8 Bohemian Rhapsody Cast Interview
dTIazqLrlzs Here's What Eiza González Did When Rosamund Pike Won the Golden Globe
dTT8Lduis0w ‘Monster Hunter’ Director Paul W. S. Anderson on Bringing the Video Game to Movie Screens
dUVjGWM8eOg Anika Noni Rose on Maid and What It Means to Her to Be a Disney Princess
dXVDVpAM180 Ben Platt on Dear Evan Hansen and How He Is Able to Sing Through Tears
d_sNi3gePwg Eric Andre on The Eric Andre Show Season 5, Bad Trip, and More
dcrON5kDoms Terminator: Dark Fate | Arnold Schwarzenegger & Linda Hamilton Interview
de5S9zQKRWE Tenet: Kenneth Branagh on Christopher Nolan's New Movie and the Secret Way He Got the Script
df1UhArTaos Pixar's Soul Cast Interview: Mentors That Changed Their Lives
dg4oHP1GmEM Boardwalk Empire \
dgGE3PNB88U Never Have I Ever: Darren Barnet and Jaren Lewison on Hopes for Season 3
dgidDSDjqJ8 Kick Ass 2 Review \
dh4Q-52S2oU 6 Underground: Adria Arjona and Manuel Garcia-Rulfo Interview
dhh1U2N5M50 Army of the Dead Interview: Tig Notaro on Being Green-Screened Into the Zack Snyder Movie
diZiIgba41Y Missing Link Director Chris Butler Interview
djhEzMo1tDg The Sex Lives of College Girls Cast on Their Characters and That Naked Party
dkD521WIpds 'Truman Show' Sequel: Jim Carrey Has a Very Philosophical Idea
dkRt-LHExGE The Morning Show: Janina Gavankar and Desean Terry Interview
dlBx6O1mXxQ Unbelievable: Kaitlyn Dever on the Letter that Moved Her to Tears
dmeRBAVHnuc Doctor Sleep: Ewan McGregor Interview
doKSUKG2D-k Sean Astin on His Acting & Directing Career - Amazing Con Las Vegas 2019
dps7QBjRkBw The Souvenir: Joanna Hogg & Tom Burke Interview
droRkoEh8iE Fear Street Interview: Ashley Zukerman Explains Nick's Draw to Ziggy and Deena
dtFrMzOzLq0 Nightmare Alley Cinematographer Dan Laustsen on How He Works with Guillermo del Toro
dtn3t43MGDg Here's Why Infinity War Opened with the Asgard Attack
duYQeXFCLlQ Twitter Q&A: Get to know Bosslogic!
dwEeQCIi2KE Christian Bale and Matt Damon Talk Ford v Ferrari and Sing a-ha’s “Take On Me”
dwVsGTwiJJk Heels Creator Michael Waldron and Mike O'Malley on Making a Wrestling Show Everyone Can Enjoy
dyzQFePKHS4 Annabelle Comes Home: Vera Farmiga & Patrick Wilson Interview
dzFo39E-5tw Frank Grillo on the Wild ‘Winter Soldier’ Stunt Scarlett Johansson Convinced Him to Do
dzYXvAJD4Ek Extraction: Chris Hemsworth and David Harbour's Characters Backstories Revealed
e0hBJQvoo_M Clerk: Kevin Smith & Malcolm Ingram on Why Small-Town New Jersey Stories Are Timeless - SXSW 2021
e1R2HJyFQ_0 Halo Series Cast & Producers Tease Future Episodes & Breaks Down Making of Series
e274niYVbqs 8-Bit Christmas: Neil Patrick Harris and Winslow Fegley on Their Holiday Film and the Nintendo NES
e3n0evRflCk Could ‘Timeless’ Come Back as Another TV Movie?
e57rfLq0_5I Coming 2 America: Director Craig Brewer on Easter Eggs and Going to Prince’s Oscar Party
e5A4jd9VBpA The Hate U Give Movie Review - Collider @ TIFF 2018
e8HZCiPrkeM The Green Knight Director David Lowery on Making a Non-Traditional Adventure Movie
eA4l_sxDfdQ Boardwalk Empire \
eBUdMv9YBKA Christian Bale Mowgli Interview
eCNJJ8HSNxM The Mandalorian Cast Interview
eIcMuDdQicc Aquaman: Amber Heard Interview
eIcOzGHc-50 Michael B. Jordan's Without Remorse Movie Is Editing Remotely During COVID-19!
eLsLa_hLQg8 Jamie Dornan Interview Robin Hood
eMNvXdpjZ10 The Good Liar: Director Bill Condon Interview
eO-Vge-w1-M For All Mankind: Joel Kinnaman on the Season 2 Finale's Biggest Twist
eODz8Pxwufw Tom Holland and Mark Wahlberg on Uncharted and Filming Cargo Plane Action Scene
ePH-lSHoMto Tig Notaro Interview Instant Family
eRvnPClaq_o Agents of S.H.I.E.L.D. Episode 4 \
eTEaSa3PTUs A Dog’s Journey: Bruce Cameron & Cathryn Michon Interview
eTSOgLl7knE Hotel Mumbai: Anupam Kher and Nazanin Boniadi Interview
eUiItBlGajk Watchmen Season 2: Damon Lindelof Confirms He's Out
eVzaHGayr6Q Clint Eastwood and Paul Walter Hauser Interview Richard Jewell
eZbx0__-Now The Batman: What Jayme Lawson Learned from Her Debut Film Farewell Amor
eZefsijcuXc Jason Blum & Christopher Landon Happy Death Day 2U Interview
e_DdL9euURc John Wick 3: Ian McShane and Lance Reddick Interview
eafHDGsGkPg Millennial Must Watch - The Silence Of The Lambs (1991)
eg4glzwiDbM Jonathan Majors on The Harder They Fall and Kang’s Role in the MCU
eg5R_cNvmHA Never Have I Ever Season 2 Interview with Poorna Jagannathan and Richa Moorjani
ej3ftLjmYlA Damon Lindelof on the Original Three-Season Plan for 'Lost' and the Negotiation to End the Series
ejWUDeSZXew Beast Beast: How to Get Your Feature Idea Noticed by Alec Baldwin
elAi3V_pwd8 Sanaa Lathan on Netflix's Hit & Run, Succession Season 3, and Love and Basketball
emMYo4PTvms Elizabeth Olsen Interview: When She Gets to See Marvel Scripts
eul8JQBW9w4 The Perfection: Director Richard Shepard Interview
f-5ozsZUwFc West Side Story’s Ariana Debose and David Alvarez on the Way Steven Spielberg Shattered Expectations
f-e17OJLMgo Sheila Vand Remembers Robin Williams’ Humbleness and Willingness to Try Anything
f-tnicYbqoc Mission: Impossible – Fallout Blu-ray Trailer
f0tlFdEfCsk Anya Taylor-Joy on The Queen’s Gambit, Robert Eggers’ The Northman, and The Kinks
f3PSKcoKRiA Agents of S.H.I.E.L.D. Pilot Episode Review
f5u4qfxd23E Rachel Weisz Reveals What Surprised Her About Making 𠆋lack Widow’ with Marvel
f8DMPNwghVc Hawkeye: Vincent D'Onofrio on Returning as Kingpin and His Character's Fate
f9Y1NswbrQs Hotel Mumbai: Director Anthony Maras Interview
fAm9KlSanrg Gossip Girl Star Whitney Peak on the Dramatic HBO Max Series
fAqBLmWIafc Spies in Disguise Interview: Masi Oka, Nick Bruno, Troy Quane
fB0ut_USRnM Sofia Carson on My Little Pony: A New Generation and Purple Hearts
fBMd2kTQxzY The Flash's Jessica Parker Kennedy Talks Joining the Cast and More | Twitter Q&A
fBOuAxHQsDA Nicholas Hoult Reflects on Being Part of the X-Men Film Franchise
fDB9f6ckbno Wonder Woman: Connie Nielsen on How Patty Jenkins Stopped the Amazons' Original, Traumatic Origin
fE0COkWYcSM MODOK: Melissa Fumero & Jordan Blum Explain an Emotional Season 2 Plotline
fFAfqj6q5V8 Sean Astin Interview No Good Nick, Stranger Things
fG5ChSZKl4Q How a Hocus Pocus Star Helped Dominique Fishback Score Her First Agent
fGEo19rPtPw The Sound of Silence: Peter Sarsgaard & Michael Tyburski Interview
fH8PwWqlBGc Brightburn: David Denman & Jackson Dunn Interview
fIEUvbrQZh8 Mary Steenburgen on Why You Can’t Watch Her Oscar-Winning Movie
fISK7XvZ3nM Star Wars 9: Colin Trevorrow Reveals TIE Marauder Ship from His Version of Episode 9
fJV8GKc8OOE Mark Wahlberg Says 'Uncharted' Movie is Like 'Indiana Jones' & 'Thomas Crown Affair'
fKnNaTPRzgY MacGruber TV Show: Ryan Phillippe and Joseph Lee Anderson on Will Forte Being Fearless
fMGU8klS574 Idris Elba on Who Wins in a Fight: Hobbs & Shaw, Brixton Lore or John McClane
fMbsGM55daI Marisa Tomei Discusses Why She Regrets Shifting to Mom Roles
fOWS4MXOQ6M Zazie Beetz on The Harder They Fall and Atlanta Season 3 and 4
fPZbrWC_hMA Dan DiDio on DC Comics Future Plans
fRwd2UFZMAA Sean Astin Wanted to Direct a Fantastic Four Movie with Christina Aguilera
fSObzXbGCdE Star Trek: Picard Series Finale Is \
fTrvqiGUBOs Borat 2: How Maria Bakalova Made Herself Smell Terrible for the Audition
fWVyCikL2JA Dwayne Johnson and Emily Blunt on Why It Took Jungle Cruise So Long to Get Made
fZGbf7Oksw4 Vanessa Kirby Interview: Pieces of a Woman and Mission: Impossible 7 & 8
fdChiNAieMg Tony Hale on Clifford The Big Red Dog and Mysterious Benedict Society Season 2
feeIXxT0vIo Tom Hopper on SAS: Red Notice, The Umbrella Academy Season 3, Resident Evil, and Game of Thrones
ffDfa7uGZs0 David Dastmalchian on All Creatures Here Below and Ant-Man
fjsKcML6nic Coming 2 America: Jermaine Fowler and Nomzamo Mbatha on Eddie Murphy and the Sequel
fkC-0V3C_gs Encounter: Riz Ahmed, Octavia Spencer, and Michael Pearce on their Original Science-Fiction Thriller
fnOaN5vhCG8 Maya Rudolph and Will Forte Talk Working on Netflix's The Willoughbys
fq4AZvegvg4 Locke & Key’s Connor Jessup and Darby Stanchfield on Season 2 and Season 3
fqwX9nVqf48 Shang-Chi Star Florian Munteanu on How the Marvel Movie's Stunt Team Made Him a Better Fighter
fsVTuf2lI74 No Time to Die: Jeffrey Wright and Billy Magnussen on the New James Bond Film
ftXcAUO-6do Joe Russo on Tom Holland's \
fxdq5TZhRZ0 Jojo Rabbit: Sam Rockwell, Stephen Merchant & Alfie Allen Interview
fyJFiBkXplA Incredibles 2: Deleted Characters & Scenes
fza0jGkJJgE Resident Evil Reboot Movie's Albert Wesker, Tom Hopper, on Its Faithfulness
fze8nC4wM1k Fear Street Credit Scene Explained by Director Leigh Janiak
g-BV8J6XgOM Unbreakable Kimmy Schmidt Interactive Special: Jane Krakowski Interview
g1UFPqS_TpA West Side Story’s Ansel Elgort and Mike Faist on Steven Spielberg's Genius
g6qNs5eVKbE Lake Bell, Sarah Cooper, Ashley Madekwe & James Ponsoldt Interview: Summering - Sundance 2022
g7Br-P5VuM0 Joseph Gordon-Levitt on Why Dominique Fishback Is His Favorite Part of Project Power
gCPUrFRzIRg Matthew Heineman Interview A Private War
gCTwMQo9VXM Ready or Not: Samara Weaving and Andie MacDowell Interview
gDDRv7cyQwg Deadwood Movie: Ian McShane Has Seen It and It's Good
gDKJZj5w9Y4 Stephen Amell Teases the tion Sequence to End All Action Sequences” in the Arrow Finale
gDO3fSDcCKE Images Comics History: Rob Liefeld Explains the Company's Origin Story
gEgV7Rc_V5U Leslie Odom Jr. Highlights a Scene in The Sopranos Prequel
gGambDwosrU Fantasy Island Cast Interview: Lucy Hale, Michael Pena, Austin Stowell and More
gGmwBlonJuc Titans Season 3: Akiva Goldsman Offers Update on Filming
gGnLDc4jUkA Carrie Coon Says HBO’s The Gilded Age Will Be Edgier Than Downton Abbey
gH8Ur3-YqjE Scoob! Interview: Ken Jeong and Kiersey Clemons
gHM9lmPv6r4 James Marsden on 'Sonic the Hedgehog' and His Advice for the MCU's Cyclops
gHfNd3WHCT8 Terminator: Dark Fate Director Tim Miller Interview
gHoh2cMGNe0 Patrick Wilson on Moonfall, Aquaman 2's New VFX Techniques, and James Wan
gKdFid5-mCo The Six Billion Dollar Man: Mark Wahlberg on Why it’s Taken so Long to Make
gMjLqPj3QPU Outlander Creator Reveals the Toughest Casting Choice He Had to Make
gOIyXLLtzB4 The Addams Family: Allison Janney & Elsie Fisher Interview
gQNfz6vYbj8 Did Marion Davies Ever Forgive Mank? Amanda Seyfried Weighs In
gSAXBNYTFqc Arrow \
gSYRxTCMue0 Daniel Radcliffe & Steve Buscemi on Miracle Workers Season 3 and Harry Potter Deathly Hallows 2
gUs32753bcI The Amazing Spider Man 2 Review \
gYGBRMkqJSU Vin Diesel Knows the Final Scene of the Fast and Furious Franchise
gZ1Hdi-ujeU WandaVision: Elizabeth Olsen Confirms Wanda Still Has a Sokovian Accent
gZmr2S4rEgE Summertime Stars on Their Unique Journey to Hollywood | Sundance 2020
gaHtMv4CRTI Army of the Dead: Matthias Schweighr and Omari Hardwick Discuss the Dieter/Vanderohe Bromance
gbC7ou2m8EA Respect: Marlon Wayans on Making the Aretha Franklin Biopic
gbGmqIBtmCA Telltale's The Walking Dead: 'All That Remains' Video Game Review
gdj9g-koHag Cobra Kai Season 3 Interview: Xolo Maridue༚ and Jacob Bertrand
gdq-kZeveIo Samara Weaving on Snake Eyes and Damien Chazelle's Babylon
geqx7hBSgsA Constantine Filmmakers Reveal Dumb Reason They Got That R-Rating
gifeVmY09hY Watch Collider's Kid Reporter Interview John Cena and the Playing with Fire Cast
girpB78sAZE Angry Birds 2: Jason Sudeikis and Rachel Bloom Interview
gjrV_Hscsys Avengers: Infinity War Directors Remember Stan Lee
gkKKWO6KpKc Stephanie Beatriz Interview LEGO Movie 2
gln1nkGIrX8 Russo Brothers on Next Movie Cherry
gmMAZ8RP-iQ Henry Golding Interview Last Christmas and The Gentlemen
gmhQqKkaPfs Agents of S.H.I.E.LD. Episode 5 \
gokOvvVsjj8 The Witcher Season 2 Interview: Anya Chalotra, Joey Batey and Mimî M. Khayisa
guRdqjk2Iwc Judas and the Black Messiah Ending: Dominique Fishback on Filming That Devastating Sequence
gucgt1Eh9l0 Star Trek: Picard Season 2: Showrunner Akiva Goldsman on What’s Challenging About Q & Season 3
gwSpDTwbdeI Mr. Robot Creator Sam Esmail Breaks Down the Making of His Series in Deep Dive Interview
h-2sAwftsX0 Fresh: Sebastian Stan & Daisy Edgar-Jones on Their Darkly Comic Thriller & Filming the Dance Scenes
h-AY6mCacmg Sandra Bullock & Daniel Radcliffe on The Lost City and Why Bullock Changed Ending of Film
h-VLXfV7wqo Maria Bakalova on Making Borat 2 with Sacha Baron Cohen
h1OzOiDS-98 Why X-Men Aren't in Marvel's What If, According to EP Brad Winderbaum
h23HK6xW5ww Alita Battle Angel: Robert Rodriguez, Rosa Salazar, and Jon Landau Interview
h4JOmlczqXo Tony Goldwyn on The Hot Zone: Anthrax and Dealing With Ghost-Related Dirty Looks
h4dJmenKSec True Detective Season Finale \
h7uR0cJYBZI Rian Johnson Breaks Down ‘Knives Out’ in 55-Minute Q&A
hCOrAsat6pQ Swan Song Director Benjamin Cleary on How Personal Experiences Influenced the Story & Mahershala Ali
hCaMkTA7p-Y Leslie Odom Jr. on ‘One Night in Miami’ and Performing That Powerful Sam Cooke Song
hDhPLBrkXm4 Jon Hamm on Top Gun: Maverick
hDljhWs49zM Nicolas Cage on Pig and The Unbearable Weight of Massive Talent
hE34CPVIh9E The Afterparty’s Dave Franco, Ike Barinholtz and Zoë Chao on Why They Love Chris Miller’s Brain
hGR9Yabu5S4 Battle at Big Rock Filmmakers Break Down Their Jurassic World Short Film
hHVMBRhLwMM Captain Marvel: Jude Law & Gemma Chan Interview
hJE5N0vU4Mk Umbrella Academy: Gerard Way & Gabriel Ba Interview
hJHte3Nhrtw Bumblebee: Angela Bassett Interview
hLvEN3wqP5o The Lost City Directors on Working with Brad Pitt & What They Learned Making Their First Big Movie
hMo9S9D0eN4 Vikings \
hOdnlFKzWUo Kiernan Shipka and Gavin Leatherwood Interview: Chilling Adventures of Sabrina Part 4
hQ7s_SA8e_o Watch Three Days of Living the ‘Hobbs & Shaw’ Life: Football, Fast Cars, and Fights
hQcI8xLPsqw Giancarlo Esposito Interview Better Call Saul, Godfather of Harlem, Creepshow
hUKwy-9sUTI Scream 5 Interview: Jenna Ortega, Mikey Madison and Sonia Ammar
hVJG2XKhtZM Free Guy Cameos Explained: How [Spoiler] Got into the Movie
hXukUM5hn3c Eternals: Angelina Jolie and Salma Hayek on If They Could Have Beaten Thanos
h_0cn2zwVrM Alison Brie on the GLOW Cast's Request for Better Representation: \
haUIRIBYxEc The Batman’s Matt Reeves on Whether Superman Could Appear in a Sequel
hai2TBBy5tY Almost Human \
hbSJG0lg6oc Emergence Interview: Donald Faison, Zabryna Guevara, Michele Fazekas & Tara Butters
hez_aFcNdaE Josh Macuga's Jeopardy! Host Audition
hf7I2s6gW3s William Monahan on Writing The Tender Bar and Neil Jordan’s Marlowe Movie Starring Liam Neeson
hfCIC8Qu5xQ Splinter Cell Netflix Series Details: Episode Length, Animation and More
hgA-H2h63nw New Predator Movie Title, Plot Details, and Timeline Revealed by Producers
hhHC2fTqhig Annabelle Comes Home Cast on Why It's So Hard to Play Scared
hhZg0CWTe4o The Dirt: Director Jeff Tremaine Interview
hi1XwSVTkn0 Jason Blum on The Forever Purge, Insidious 5 & Universal Monsters - Collider Connected
hjR2F_o_5sQ Shang-Chi Actress Meng'er Zhang Reveals She Accidentally Punched Simu Liu in the Face
hjaJNX0Nki8 Agents of S.H.I.E.L.D. \
hkAjbD6BFh4 Servant Creator Tony Basgallopon on Working with M. Night Shyamalan and Season 2
hmDsl1cA5jQ Jackass Forever’s Cast on Terrible Smells, Safe Words and Future of Jackass
hoVme-17JF8 Tom Ellis on Lucifer's Final Season, Being Animated, and Future Projects
hqwS4mhrHC8 Jennifer Connelly on Alita, Top Gun 2 and Snowpiercer TV series
hv64r6n-CE0 Regina King on ‘One Night in Miami’ and Her Directing Future
hvlTz3c-B0U Replicas: Keanu Reeves and Alice Eve Interview
hwOTVwzj0cc Mahershala Ali on Swan Song, the Films Thought-Provoking Questions, and Blade
hyqJoXGoGEQ Mowgli: Rohan Chand Interview
i-nGETR8NMA Batman Vs Superman - Who Should Play Batman?
i1R1gJcvLtA We The People: Kyle and Tim Rauch on Using Music and Animation to Teach People About Government
i1dyvavTkEo Shaft: Regina Hall and Alexandra Shipp Interview
i2UV_c310tg Avengers Infinity War: Thanos' Legendary Snap Documentary - Collider Docs
i2fwOLII3GU Donnie Yen on Raging Fire, John Wick 4, and How Yuen Woo-ping Discovered Him
i6NuVcTSdzQ Ryan Hansen on That Controversial Veronica Mars Season 4 Finale
i8qWI6ndAiU Almost Human \
i9sz0jNGuXU Steve McQueen Interview Widows
iAILg7KP7CI Steven Spielberg Shares His Advice for Up and Coming Filmmakers
iAJL0aLjHtE 𠆋last Beat’ Cast and Director Esteban Arango on Making Their Version of the American Dream
iAc1QIvTjgY See: Alfre Woodard and Yadira Guevara-Prip Interview (Apple TV+)
iDkkmJ4c6ZA Captain Marvel: Brie Larson Interview
iEfRylSV1ug True Detective \
iF_NZZLjEoA For All Mankind: Ronald D. Moore on Season 2 Tragedies and Season 3 Hints
iJ0mYkNmyR0 King of the Hill Reboot Show Will Involve a Time Jump, Confirms Greg Daniels
iJ5oEkrr2q0 The Eyes of Tammy Faye Director Michael Showalter on Getting Jessica Chastain’s Prosthetics Right
iMVNq3p2DuA Mean Girls: Did Karen Write in The Burn Book? Amanda Seyfried Weighs In
iMsq995F35s Amazon's Rihanna Documentary Is Finally Coming Next Summer
iO1N-r2hP2c Sabrina Part 3: Lachlan Watson and Jaz Sinclair Interview
iPs4Tzwpb_w Deadpool 3: Ryan Reynolds Gives Filming and Script Update
iSSbz0EMBUo Spider-Man: Across the Spider-Verse: Each Dimension Will Have Its Own Art Style, Says Chris Miller
iTLOS31qp4I Jules Latimer on Guilty Party and Why Her Character’s Guilt or Innocence Wasn’t Her Sole Focus
iUvWUrL6ioc The Politician: Ben Platt & Lucy Boynton Interview
iXcZR5rDtv8 The New Mutants Sequel, Trilogy Plans Revealed by Director Josh Boone
iZ8IbJxxaNc Ryan Reynolds Answers Popular Google Questions About Himself
iaz1VjPDOGc The Walking Dead \
iizC-iuJ-5E Chris Miller and Phil Lord on The Afterparty, the Spider-Verse Sequels, and New Clone High Episodes
ikQq8ieP8ak Cobra Kai Season 4 Spoiler Interview: Hayden Schlossberg, Jon Hurwitz and Josh Heald
imOQ_40Juaw Maika Monroe Interview: Watcher, God Is A Bullet and the Horror Genre - Sundance 2022
iyGRWuZJX4w American Horror Story: Gabourey Sidibe Is Eager to Return as a Director
j2wxKqbuZVk The Day Shall Come: Danielle Brooks, Marchánt Davis Interview
j4FSURavboY Taron Egerton and Jamie Foxx Interview Robin Hood
j4VouT0IxGI National Treasure Disney+ Series In Development
j5983Kk3qFc Anna Diop talks Titans, Starfire and Robin's Relationship & Doom Patrol @ NYCC 2018
j66dGrvdLTE Gunpowder Milkshake Director Navot Papushado on Giving Each Character Their Own Color Scheme
jDmp-wKyL_w Jungle Cruise: Veronica Falcón on Playing Trader Sam and Joining Ozark’s Final Season
jEohgH56rSU Stumptown Cast: Camryn Manheim, Adrian Martinez, Tantoo Cardinal & Cole Sibus
jG4h5COKa58 The Kitchen: Melissa McCarthy & Elisabeth Moss Interview
jIYqSrfi-F8 Neil Gaiman Explains Sandman Changes From Comic to Netflix
jL-uv_8jXhc Breaking Bad: The Vital Marie Reaction Shot Betsy Brandt Made Happen
jLUsdvDXBBE Fear Street: Ashley Zukerman Breaks Down Those Big 1666 Twists - Collider Witching Hour
jMaF4bg_u_A Kenneth Branagh Wants to Make an Animated Shakespeare Movie
jMx8IKU4dYw How Movies Anywhere and Screen Pass Really Work
jORfoQ66KzI Is 'Star Trek's Chief O'Brien \
jPLil-r1Vds The First Purge: Making an Action-Packed Purge
jPMdvKoIGww Ninja and Pokimane on Free Guy and Being a Professional Livestreamer
jRBIzPrY0_k Imaginary Order: Wendi McLendon-Covey, Debra Eisenstadt, Max Burkholder Interview
jSeLm-Z_sjk Annie Jacob and Isabella Crovetti on He’s All That and How Tanner Buchanan Made Everyone Laugh
jTKbXWGjSe0 Scooby-Doo and the Curse of the 13th Ghost Trailer
jUiXI-1AxTA Benedict Cumberbatch on The Power of the Dog and How Film Rewards Repeat Viewing
jUl0XtYwZKk Disney's Live-Action Remakes Don't Pay Original Creators
jVFl17i8EHM Gloria Steinem Explains Why Mrs. America Can’t Compare to The Glorias
jWCzM8v6oR8 The Babysitter: Killer Queen: Judah Lewis & Emily Alyn Lind on Going Bigger and Bloodier
jYtd-Sn9c2g Star Wars: Visions: Jordan Fisher on the Challenges of Dubbing Japanese Anime in English
jZ4Ht_qgJVo Mary Elizabeth Winstead Talks Gemini Man, Birds of Prey, Sky High & More - Collider Ladies Night
j_7Q5DzahLw How Long Riddler's Plan Had Been In Works Revealed By The Batman Director
j_PbBo-EWes The Walking Dead \
jbPOVnBu4as Alison Brie Details the Wildly Different Showrunning Styles of Community, Mad Men, and GLOW
jgcpEClBMbs Sarah Paulson on Playing Linda Tripp in American Crime Story: \
jhcPv3_qnb4 Netflix’s Too Hot To Handle Interview: Nicole O'Brien
ji-yAaIjnn0 Giancarlo Esposito Interview Stuck
jjLf1mx6vYA Eternals: Richard Madden and Gemma Chan on Their Powers and Filming the First MCU Love Scene
jjpMN-gD5LE Brett Sheridan Interviews Ray Park - Solo: A Star Wars Story
jjvmIo1KMx0 Elisabeth Moss Interview: Making Invisible Man and The French Dispatch with Wes Anderson
jlxBmEZF9Kc Scary Stories to Tell in the Dark’s Javier Botet on Creature Work and His Love of Star Wars
jmRuXaUOYaU Brian Banks: Aldis Hodge and Greg Kinnear Interview
jmmQ24s_5Ig The Politician: Jessica Lange and Zoey Deutch on the New Ryan Murphy Netflix Series
jnZ6YvcTyqw Bob Odenkirk on Nobody, Better Call Saul’s Final Season & Creating Matt Foley Motivational Speaker
jqOGh-krX9o Jaz Sinclair and Lachlan Watson Interview: Chilling Adventures of Sabrina Part 4
jtuhFw_g-Ug Harriet Interview: Cynthia Erivo, Leslie Odom Jr., Kasi Lemmons
jvJv1QPWyYU Dune Editor Joe Walker Reveals How Sci-Fi Epic Came Together & How He Works With Denis Villeneuve
jviY5ACYJPo Jason Blum Explains Why Money and Effects Make Genre Films Worse
jwgWcAxYx8s Sebastian Stan Interview Destroyer
jwkx9rIuFIs Raised by Wolves Season 2: Creator Aaron Guzikowski on His Long-Term Plans and Mother’s Eyes
jzbt-xR8gmE Dan Stevens on Leaving Downton Abbey: “There Was Never a Big Game Plan”
k3MXYHL1pKM Steve Buscemi on The King of Staten Island and Revisiting Airheads
k3t7TQesG38 Mike Colter on 𠆎vil’ Season 2 and Never Getting Closure for ‘Luke Cage’
k4eppk3k608 Diane Guerrero on Encanto, the Film’s Beautiful Message, and Doom Patrol
k4zJC8Tg6Nk Geoff Johns talks Titans, Starfire's Powers, Batman & more @ NYCC 2018
k5VNNn8PIjI Brightburn: James Gunn & Elizabeth Banks Interview
k9fztPtGJfc A Quiet Place 3: John Krasinski Says He Already Has Ideas for Another Sequel
kBVL6OaFGS8 William Shatner Goes Deep on Entire Career from Broadway to ‘Senior Moment’ | Collider Connected
kFVgomun7-E Tiffany Smith Talks Geeking Out at the Saturn Awards and Harry & Meghan
kG6xL0mHmBc Emily Mortimer Breaks Down the “Ritual” of a Martin Scorsese Set
kGG4ABJnUMU Bebe Rexha on Queenpins and the Secret to Playing a Badass Hacker
kGa0miKXYyo Jesse Plemons and Jessie Buckley on Netflix's I'm Thinking of Ending Things
kH5DtEFMhWA Infinity War: Soul Stone Red Skull Connection Explained
kK61kOi_DQs Lynn Shelton and Marc Maron on Sword of Trust and Glow Season 2
kLLdoCzHp58 Perry Mason: Gayle Rankin Explains Emily’s Dilemma in Episode 3
kN0qEwHgQ-k ‘Mortal Kombat’s Ludi Lin and Max Huang on Fatalities, Friendships, and More
kPQCo13_ZW4 The Mandalorian: Giancarlo Esposito on The Magical Virtual Set
kRzpdZMxLSY Turning Red: Sandra Oh & Rosalie Chiang on Asian Experiences and the Industry
kSyklNZDHmQ Halloween Kills: Jamie Lee Curtis, David Gordon Green, Jason Blum on the Sequel
kT_GxnLt_gk Ridley Scott Tells Us Why He Directed Raised by Wolves
kXZnobfd42o Kelvin Harrison Jr. Interview: Netflix’s Monster and the Chevalier de Saint-Georges Biopic
kXdlCKSFs0g Imogen Poots & Alex Wolff Interview: Castle in the Ground
k_GnJBUSgr4 Mowgli: Composer Nitin Sawhney Interview
kam-sDlqB6Y The Unforgivable Director Nora Fingscheidt on Working With Sandra Bullock
kavsLCtoahI Uncharted Post-Credit Scenes Explained by Director Ruben Fleischer
kb0gQyubqL0 Simu Liu on Shang-Chi and What His MCU Superfan Friend Does Before Every Marvel Release
ke85Eos9fhY Roland Emmerich Goes Deep on Moonfall, Why He Didn’t Want to do Godzilla, and His Long Career
keGS4cE6FR4 Seth Meyers & Amber Ruffin Talk Evolving Late Night Without an Audience
kfYSVZTZv8E Felix van Groeningen on How Beautiful Boy Celebrates Life
kmdvK08wVpQ Mortal Kombat’s Joe Taslim on Why Sub-Zero Is Strongest Character (And Not Just Because He Plays Him
knv3Lm9ayF0 Close: Noomi Rapace and Director Vicky Jewson Interview
konVGcvtAX0 Brand New Cherry Flavor's Jeff Ward on Being Inspired by Mulholland Drive
kqNUyVyUQHc Samuel L. Jackson Interview Glass
krl1gbZrl98 'Sweet Tooth': Christian Convery & Nonso Anozie on What Makes the Show So Special and Season 2
ksnuNUXH14U The Goldfinch Interview: Sarah Paulson & Oakes Fegley
kvyz2yqfyLs Wonder Woman Cast! What do you think of Gal Gadot?
kwsl5NLnP5s BOSS LEVEL: Frank Grillo & Joe Carnahan Share Crazy Stories on How Film Was Made
kx4qMvPw50Q Joe Hill Interview Hill House Comics and Netflix's 'Locke & Key'
l2A_IMcZofQ Vikings: Valhalla’s Jóhannes Jóhannesson & Bradley Freegard Tease Season 2 and More
l2lRV-FGl04 Spider-Verse: Shameik Moore and Jake Johnson Interview
l38B2xGIFOQ Aquaman: Director James Wan Interview
l620LhKmFwg All the Scream Movies Ranked by Scream 4 Star Alison Brie
l6WycB3U1qM Ghostbusters: Afterlife Director Jason Reitman on Easter Eggs and Theme Park Ride Ideas
l6icJ6fZdPM Raised by Wolves Season 2: Amanda Collin, Niamh Algar, and Abubakar Salim on the Big Twists
l9Tdr3hH6f0 Sofia Boutella on Playing a Character Spiked with LSD in 𠆌limax’
lA2T6tY4sKY Rambo: Last Blood Yvette Monreal and Adriana Barraza Interview
lBJXy0LNzkE India Sweets & Spices: Sophia Ali, Rish Shah, writer/director Geeta Malik (Tribeca 2021)
lB_HimC7L0Q Hawkeye’s Jeremy Renner and Hailee Steinfeld on Why They Loved Filming the Dialogue Scenes
lF3JyOSI85U Zoe Salda༚ on the Fantasy Epic Maya and the Three and Voicing a Teenager
lFSUO37_aiU The Secret Behind Why FANTASTIC FOUR Sucked
lHlqlQpDge8 The Giant Interview: Odessa Young & David Raboy
lHo24sAJbY8 Home Sweet Home Alone's Aisling Bea and Archie Yates on Nods to Home Alone
lJdGjrCs8qs John Krasinski on A Quiet Place 2, Deleted Scenes, and Ideas for Part 3
lKKGBd3sbAA Dan Stevens on I’m Your Man and How the Film Tackles Epic Philosophical Concepts With Humor
lKQpju_ZEl8 Hobbs & Shaw Director David Leitch Explains How They Landed Those A-List Cameos
lKpXP02ZL0I Steven Spielberg and Rachel Zegler on West Side Story and Which of His Films Changed the Most
lLTt9Uu8Uk0 Adrien Brody and Director Paul Solet on 𠆌lean’ and Why It Was a Dream Role for Brody
lP6prP5arTE The Curse of La Llorona: Linda Cardellini Interview
lPNMRLWLQ7g Almost Human Series Premiere Review
lR5oaWAAFZ0 Timmy Failure Sequel News: Stephan Pastis Has Started Writing the Sequel
lY1kYzBTYzI Bumblebee: Jorge Lendeborg Jr. Interview
l_TCYlvR7pU Why Bumblebee is the Most Authentic Transformers Movie Yet
lb2bwh_PGOo Sweetness in the Belly Interview: Yahya Abdul-Mateen & More
lb9typq53Ew Angel Has Fallen: Director Ric Roman Waugh Interview
lbRONL2EVb0 ‘Yes Day’ Director Miguel Arteta on Why He Hopes Parents End up Doing a Real Yes Day
llfHUJAlv80 Breaking Bad Series Finale Review \
lm1C1m-VhhE Abel Ferrara on 'Siberia,' His Willem Dafoe Partnership, His Upcoming Ethan Hawke Thriller, More
lm_VFQl6zH4 James McAvoy on Improvising His My Son Role and His Dark Materials Season 3
lnZB7T7kXlw Chris Pratt and Edwin Hodge on The Tomorrow War and Jurassic World: Dominion
lneIdKnBC2I Jason Blum on Welcome to the Blumhouse, Ryan Gosling's Wolfman, and Five Nights at Freddy's Movie
lp8rE3dnT14 Arrow \
lqstO3RKOj4 Will Ferrell & John C. Reilly Holmes & Watson Interview
lrnWxhjeGio MacGruber Series Creators on Trying to Get Christopher Nolan to Direct an Episode
lsDSCLEvaMc For All Mankind Season 2 Producers Tease Time Jumps and Cold War Battle
lvDBsHl0Wyo Rocketman: Taron Egerton Interview
lvUnbl5y71k The Art of Racing in the Rain: Director Simon Curtis Interview
lx8_fcBOZKM Joe Carnahan Reveals Filming Details for 'Leo from Toledo' Starring Mel Gibson & Frank Grillo
lxiV__VQlHI Doctor Sleep: How Mike Flanagan Nailed That [SPOILER] Cameo
ly8_8M-aIDU 'Oxygen': Mélanie Laurent and Alexandre Aja Break Down Their Netflix Surivival Thriller
m-CAzPEj0LM Stephen and Ayesha Curry on About Last Night and Making Something Equal Parts Raunchy and Fun
m-JJNPmDqIU Hobbs & Shaw: Roman Reigns & Cliff Curtis Interview
m-cjxwIb9iE Reacher: Alan Ritchson on His Character and Possible Approach to Season 2
m-pNCue3kB4 Brand New Cherry Flavor: Rosa Salazar & Catherine Keener On the Netflix Thriller
m06rbTDpntE ‘The Office’: Who Was Meredith, Oscar, and David Wallace’s Favorite Boss? The Actors Weigh In
m1atWyVWPkI Lin-Manuel Miranda on Tick, Tick, Boom and Jonathan Larson's Song Writing Process
m2Ux85lOAFA Game of Thrones: Hannah Waddingham on Becoming Friends With Lena Headey While Torturing Cersei
m3fM-efrA6I Moon Knight Director Mohamed Diab on His 200-Page Pitch, Designing the Costume &Kevin Feige
m5FBdi3Wo_Q JJ Abrams: Rey and Finn Weren't Initially Fast Friends in Star Wars: The Force Awakens
m68SGv04LG8 Kenneth Branagh Reveals the Big Changes Belfast Went Through in Editing Room
m6bP9nB53Lo Birds of Paradise: Diana Silvers and Kristine Froseth on Playing Ballerinas
m7G1rvq01S0 Yes, Die Hard is a Christmas Movie - 6 Reasons Why
m7t3knszekk Ryan Reynolds and Shawn Levy on The Adam Project, Their Working Relationship & Deleted Scenes
mA7alCmjP0I Instinct: Carice van Houten and Director Halina Reijn Interview
mACJEsBPRI0 Justin Simien and Jaclyn Moore on Dear White People Season 4 and the End of the Series
mBFME4O-nfM Turner & Hooch: Lyndsy Fonseca and Reginald VelJohnson on Having a Such a Slobbery Co-Star
mEVa9X5zZ84 Hell Fest: Gale Anne Hurd & Gregory Plotkin Tease Potential Prequel & Sequel
mEi6H9wDsZc Derek Cianfrance Goes Deep on Making HBO’s ‘I Know This Much is True’ in 90-Minute Interview
mEiWBIe47QE Aquaman: Jason Momoa Interview
mJgsUij_Iu0 How the PG-13 Cut of 'Deadpool 2' Was Kept Secret and a Doctor Doom Movie Update
mK2BnkNlxac Cobra Kai Season 3: Ralph Macchio and William Zabka Explain How [SPOILER]'s Return Finally Happened
mKm9RuC0_kQ Greener Grass Cast and Directors Interview
mNgNW8vxSxU Shang-Chi Director Destin Daniel Cretton on Those Post-Credits Scenes
mOTi71Ywimw Maggie Q on How The Protégé Features One of the Scariest Stunts She’s Ever Done
mRQJkUpcOnk Hobbs & Shaw Director David Leitch Interview
mRl0cHneUq0 Topher Grace Talks BlacKkKlansman’s Relevance for 2018 in Exclusive Blu-ray Clip
mVezXUWJsiA Krysten Ritter on Nightbooks and Getting to Play an Over the Top and Evil Witch
mVggK5O9Ln8 The Walking Dead \
mW-Pxvsh9lM Long Shot: Director Jonathan Levine Interview
maIASx1aw24 Jungle Cruise’s Edgar Ramirez Reveals Fun Behind-the-Scenes Stories
majXtNHUviQ Gina Rodriguez Interview Miss Bala
mbyoqN637EM The Hate U Give Interview with KJ Apa, Sabrina Carpenter and More
meANK_tVw4o Margaret Cho Explains Why Face/Off Took Almost a Year to Film
meL6GcFWqYA Hans Zimmer on Widows, Dark Phoenix and Wonder Woman 2
miE-CtWB8l0 Audra McDonald on Making Respect and Julian Fellowes’ The Gilded Age
micfRstUUk8 NOS4A2 Interview: Zachary Quinto, Ashleigh Cummings & More
milCxHzSqFk Steve Martin, Selena Gomez and Martin Short on Only Murders in the Building
mjWEbKNYpxo Kat Graham on Her Netflix Holiday Movie Operation Christmas Drop
mlGm9qxH4NA Demian Bichir on 'Godzilla vs. Kong' and the 'Let the Right One In' Pilot
mnHuqGSPDPo Pierce Brosnan on Cinderella, Black Adam, and Dwayne Johnson's Performance
mnKmK8HHufA Keira Knightley, Lily-Rose Depp, and Camille Griffin on Silent Night | TIFF 2021
mo-V3Vf7Jfg Godzilla: King of the Monsters Cast Picks Which Cast Member Would Survive a Godzilla Attack
moXa_Cw5nMA David S. Goyer on His Long-Term Plans for Foundation, Plus Updates on The Sandman and Hellraiser
mpm40F86oE8 Gemini Man: Ang Lee and Jerry Bruckheimer Go Deep in 60-Minute Q&A
mq6Hi_gIIGw X-Men: Days Of Future Past Review \
mqo2YjOfzhk Bill Skarsgård on Nine Days and Being Part of John Wick 4
mrZ80fRBYxg Emily Mortimer on Relic’s Difficult Shoot and the Cool Women Who Got Her Through It
muUO2r0gWHo Tyler Perry on A Madea Homecoming, Sister Act 3, and Getting to Make A Jazzman’s Blues
muizoBL-wmo The Witcher Interview: Kim Bodnia on Vesemir’s Decision to Give THAT to Ciri
mvGMA35SoCs Hobbs & Shaw Producer Hiram Garcia Interview
mxu7nxDJCds James Gunn on The Suicide Squad Deleted Scenes, DC Universe, and Harley Quinn
myAkmCc_umA Hailee Steinfeld Teases A Tone Shift for Dickinson Season 2
myCluG3ZuZE Star Trek: Discovery’s Mary Wiseman and David Ajala on Season 4 and Grudge the Cat
mylkN3K2h6o Eddie Murphy on Beverly Hills Cop 4 and Returning to Saturday Night Live
mz0FQsbtgM0 How Sarah Paulson Booked Aaron Sorkin's Studio 60 on the Sunset Strip
n-0rd0k6U5g The Legend of Vox Machina Cast on Turning Critical Role Into an Animated Epic
n0W2r7Q1ITc Star Trek: Discovery’s Sonequa Martin-Green and Showrunner Michelle Paradise Tease Season 4
n2-o7OZpdk0 Gaten Matarazzo on Prank Encounters, Stranger Things Season 4, and the Star Wars Sequels
n29BJOgj06o Archenemy: Joe Manganiello and Adam Egypt Mortimer on Their Indie Superhero Movie
n2E1z_eodjo ‘Voyagers’ Director Neil Burger Reveals What He Had to Cut to Get a PG-13 Rating
n2cCTDdTKHM Kimberly Williams-Paisley and Darby Camp on Christmas Chronicles 2
n7Yx9ltwF7w The Wall of Mexico: Jackson Rathbone, Xander Berkeley Interview
n7dbcMcOeoU Snake Eyes: Haruka Abe on Playing Akiko in the Origin Story
n7p3wHbVsdk Hugo Weaving Interview - Hearts and Bones
nAGWJHwRiak Non-Stop Movie Review
nBDB8faBGQo Sam Esmail Shares Exclusive Details on New ABC Pilot 'Acts of Crime'
nBXj6Mp-kNc Benediction: Jack Lowden and Terence Davies on Bringing Siegfried Sassoon’s Story to the Screen
nENjptVjUXI Dash and Lily: Dante Brown Breaks Down That Boomer Finale Twist
nEjseKEubZk Max Winkler on Jungleland, Charlie Hunnam, and His Obsession With Guy Ritchie’s King Arthur Movie
nIBLnTggKWw Drew Goddard on How  Times’ is His Love Letter to the Crime Thriller
nKUdVkMO_-o The Predator Cast Debates Fighting a Predator or Arnold Schwarzenegger’s Dutch
nKq4zgTdnOI Rachel Brosnahan Reveals Which Unforgettable I’m Your Woman Scene Was Entirely Unplanned
nMI4v2fBE0Y Hollywood’s Jim Parsons, Jake Picking, & Jeremy Pope on Ryan Murphy’s Commitment to Diversity
nMnfnlCgzkQ Scream Interview: Neve Campbell, Courteney Cox and Melissa Barrera
nMpRCEYyQm4 'Censor' Director Prano Bailey-Bond on the Rules of Horror and How to Break Them
nMpSQmf_s7s Vanessa Kirby Interview Hobbs & Shaw
nNM-ouJdEgQ Star Wars: The Mandalorian Press Conference
nNUZQpOXmks Uncle Frank: Paul Bettany, Sophia Lillis, Peter Macdissi and Director Alan Ball Interview
nNin9MWFwEk Dune: Dave Bautista on the Script and Getting Cast by Denis Villeneuve
nNvT_sibG9M Eternals Director Chloé Zhao on Having the First LGBTQ Relationship and Love Scene in the MCU
nOF7nr3mJys Shazam 2: Zachary Levi Believes Sequel Is Better Than the First (and Wants It to Come Out Sooner!)
nTkuKweDX6A Brie Larson & Karan Kendrick on How ‘Just Mercy’ Can Change People’s Minds and Hearts
nUQI_BB31ds Late Night: Mindy Kaling & Emma Thompson Interview
nWUh82dI81U Army of Thieves' Guz Khan and Stuart Martin on the Army of the Dead Prequel
nX0usPmp6VI Fighting With My Family: Paige, Florence Pugh, Nick Frost, Lena Headey, Stephen Merchant Interview
nY0U3z9ztJI The Wolverine Movie Review - How much better than X-Men Origins: Wolverine?
n_WfmnyANF0 Last Night in Soho’s Edgar Wright and Krysty Wilson Cairns on Writing the Psychological Thriller
na-KOuIAF2I Da 5 Bloods: Delroy Lindo Reveals What Chadwick Boseman’s Wife Said After They Filmed a Key Scene
nbjFUYTj5Uc Jessica Chastain on The Eyes of Tammy Faye and Why She Lost Sleep Preparing for Her Singing Scenes
nd290GdNMng Welcome to Marwen: Leslie Mann Interview
nde6D9X9kXo Sydney Sweeney and Justice Smith on The Voyeurs and Filming The Intimate Scenes
nfA8ZBSXnY4 Camille Cottin on Stillwater and Working with Ridley Scott on House of Gucci
ngzilvs21nI Tyler Perry Interview A Madea Family Funeral
nhrXqn8FnFQ Adam Driver and J.J. Abrams Reveal the Importance of Kylo Ren's Helmet in The Rise of Skywalker
nlwwxqyXDiA Perry Mason: Emily Dodson's Finale Decision Explained by Gayle Rankin
nnrAcAO0Xmc Zachary Quinto on The Boys in the Band and His Love of Pedro Almodóvar
noFBPCWpRag Agents of S.H.I.E.L.D. \
np4wpVldU7s News of the World’s Helena Zengel on What Surprised Her About Filming a Shootout with Tom Hanks
nqqZBxfzy2E Midway: Roland Emmerich Interview
ns-YBVL0ih0 Seth Rogen on Scheduling An American Pickle Filming Around His Beard
nsFaUVbPsoI Joe and Anthony Russo Planning to Shoot Next Three Movies in Quick Succession
nt_eyPpBooE Jamie Dornan and Caitriona Balfe on Belfast and Reveal How They Get Ready For a Big Scene.
nvigz312gu4 Glass: M. Night Shyamalan Interview
nwRJO3erU4s Dwayne Johnson and the Cast of Jumanji: The Next Level Play Would You Rather
nxur06bmLhk X-Men: Days Of Future Past Trailer #2 Review
o0KYCHkVA48 Smallfoot: Danny DeVito and Karey Kirkpatrick on the Challenges of Making an Animated Movie
o1g25ueQ3gY Finn Wolfhard and McKenna Grace on Ghostbusters: Afterlife Deleted Scenes
o1m3iV7_XgI Detective Pikachu: Director Rob Letterman Interview
o2_Iw1W79-0 Is Christine Baranski in Grease? The Actor Responds
o5qkT4sHicw Jane Lynch on Her 1990s Guest Star Roles Like Party of Five, NewsRadio, Caroline in the City
o75NdURnl5w Ben Barnes on His EP Songs for You, Shadow and Bone Season 2, and Cabinet of Curiosities
o9q4EJ30s7E Booksmart: Olivia Wilde Interview
oAxbG-qkyIg Where Hands Touch: Amandla Stenberg, Abbie Cornish, George MacKay and Director Amma Asante Interview
oD2j4c1QlTQ Laurence Fishburne on the Power of Quibi’s #FreeRayshawn
oF7jW_kn7-M Villains: Jeffrey Donovan, Robert Olsen and Dan Berk Interview
oFg-7UgfrSU Skylar Astin on that Hercules Video and Clarifies His Interest in the Role
oHfWWuhTSQQ Terminator: Dark Fate Gabriel Luna Interview
oIigNor0Kpc The Voyeurs: Ben Hardy and Natasha Liu Bordizzo on Making the Erotic Thriller
oJPtrrrW5-Y Agents of S.H.I.E.L.D. Episode 6 \
oJgNd3DX7Lo Dakota Johnson on ‘Our Friend’ and Working with David Fincher on ‘The Social Network’
oLQLWNpaUKs JoJo Rabbit: Scarlett Johansson, Thomasin McKenzie & Roman Griffin Davis Interview
oLw1NLcXnBk No Time to Die: Daniel Craig and Lashana Lynch on Which of Them Is the Better 007
oNF4CkRCDlg Joshua Bassett and Olivia Rodrigo Talk High School Musical: The Musical: The Series and Queen
oP9UbGiaTgw Batman v Superman’s Wunmi Mosaku on Zack Snyder’s Balancing Act
oQTlHMVjUEM New Batman Suit Revealed - Our Thoughts and Discussion
oSY-KVpN7Aw James Gunn Reveals He’s Involved in Another DC TV Project
oV5niOQTH98 Stowaway Actor Shamier Anderson on Why He Slept in His Character's Bed
oW1aqA3zLwA Mid90s Movie Review - Collider @ TIFF 2018
oWKChYv_SD0 Ana de la Reguera on ‘The Forever Purge,’ the Army of the Dead Animated Series, and ‘Nacho Libre’
oWo8QVHoNtI Don Lee on Eternals and Why He’s Excited for the Train to Busan Remake
oXEw8gPh8us Jim Starlin, George Perez, Ron Lim & Joe Rubinstein: Avengers Infinity - Amazing Con Las Vegas 2019
oYYYqk9ZEiA Luca’s Director and Producer on That Credits Scene and the Very Different Original Version
oYhc1YqvkIc Uncut Gems Cast Interview: Adam Sandler, Lakeith Stanfield, Idina Menzel and Julia Fox
oYuuGBPCwHQ Yes, God, Yes: Natalia Dyer, Alisha Boe, Wolfgang Novogratz Interview
oZMw9e4_Sao Noah Hawley on Lucy in the Sky and Fargo Season 4
oZu4DQI6DBU Brightburn Director on Superhero Subversion & James Gunn - The Witching Hour
o_KVoIwO-As I Want You Back: Charlie Day & Jenny Slate on First Roles and Upcoming Projects
oaFY_xdQRrA Widows Producer Iain Canning Interview
obIpm2PV850 Extraction Sequel/Prequel Talk from Writer-Producer Joe Russo
ofLVIdn8CYE ‘Mid90s’: Jonah Hill and Cast on Shooting in 4:3, the Casting Process, and More
ofl-bWWgMp0 Secret Society of Second-Born Royals Interview: Niles Fitch and Isabella Blake-Thomas
opnvKH_wIKc Shazam! Stars Asher Angel & Jovan Armand - Amazing Con Las Vegas 2019
orEdjZphwPU Andrea Riseborough and Owen Teague Interview: To Leslie at SXSW 2022
ot3k_aPQq40 Krypton Star Cameron Cuffe on Season 2's Evolution, Evolving Towards a Superman Ideal
otqRsBY6mLY Jurassic World 3 Uses More Animatronic Dinosaurs Than Previous Films
ovwYykZ1O9A Agents of S.H.I.E.L.D. Episode 3 \
owUenldwf4g Kristen Bell and Kirby Howell-Baptiste on Queenpins and Why Death is British on The Sandman
ox_5z1xAXYA The Morning Show: Michael Ellenberg & Brian Stelter Interview (Apple TV+)
ozn7hhzgjSU Shantel Vansanten on For All Mankind Season 2 and The Boys Season 3
p-BNS3POwEg Peppermint’s Jennifer Garner Discusses Her Return to the Action Genre
p0X3z6qVaII ‘Locked Down’ Director Doug Liman on Filming a Heist at Harrods During a Pandemic
p1eH3fxY4fk Arrow \
p1mtm_3qXDA 'The Americans' Season 6 Gag Reel Laughs in the Face of Danger
p3Kq9zu59Xo Stephen Chbosky on Dear Evan Hansen and Why He Created a New Ending
p3w62Z7ZdYQ Sterling K. Brown on Angry Birds Movie 2 and That Three-Season This Is Us Renewal
p7LEswGj-NY The Batman's Andy Serkis on How Matt Reeves Has Created a Gotham City You’ve Never Seen Before
pFgFyjofF6M Krypton Season 2 Interview with Cameron Cuffe and Colin Salmon
pHshdGl-ns0 Kajillionaire: Gina Rodriguez on Why Evan Rachel Wood Is an Ideal Co-Star
pHvBfCee5fY Black Monday: Andrew Rannells Explains Season 2, Episode 8's Dark Ending
pNoWxj-QgXs Halo: Why Rupert Wyatt Left the Showtime TV Series
pOnUBHvGJjw Fantastic Beasts: David Yates Still Committed to Directing All 5 Films, Says Katherine Waterston
pQBWyUSETqA 'Bad Boys for Life' Directors Go Deep in 30-Minute Spoiler Q&A
pTuD8L2V290 Stranger Things 4: David Harbour Teases Gandalf-Like Resurrection for Hopper in Favorite Season Yet
pU-z3xsG4TM Top Movies 2013 - Dennis and David's Top 5 Picks
pV6radZqevM Eastern Promises 2 Update from Writer Steven Knight
pWjtJJzkf1E Idris Elba and Daniela Melchior on The Suicide Squad and Why They Loved James Gunn’s Script
pY2mOZyp_uk Abigail Cowen on Redeeming Love and Fate: The Winx Saga Season 2
p_pKsVV1ahs Bong Joon-ho Interview Parasite
pagJvus6OOg Bobby Cannavale on Nine Perfect Strangers and the Fight Over His Character’s Beard
pb4P8bQ_ePE The Umbrella Academy Season 3: Tom Hopper Teases Upping the Ante and New Filming Details
pbguEkEMYnk Puppet Master: The Littlest Reich - Exclusive Clip
pe3uY1RH0_Y Snowpiercer Season 2: Sheila Vand Hints Zarah May Not Be a Typical Ally
pePUgyZDjx8 Knives Out: Katherine Langford and Jaeden Martell Interview
pg2m1JIkSAY Jason Blum on The Forever Purge, Firestarter, and Scott Derrickson's The Black Phone
phLDnJYC_hA Tom Hardy, His Adorable Dog, and Andy Serkis Discuss Venom 2
phZO9DhXL1E Wolf of Wall Street: Aya Cash Shares the \
pim-RYZAT_c Joel Kinnaman on 'For All Mankind' Season 2 & a Very Funny Story About Dangers of Filming with Food
plDDD1YCpl4 Life Itself Director on What He Learned from Test Screenings
pmFktyplS_g Gobo Fraggle & Mokey Fraggle on Fraggle Rock: Back to the Rock and the Importance of Meditation
pnELZ405Kbk Liam Neeson on The Ice Road, Star Wars, and the Obi-Wan Series
ptAfBQ-yiHs Charlie Kaufman’s Long-Awaited ‘IQ 83’ Adaptation May Become an HBO Series
ptPFnlL-YsM Justice League: Robin Wright on How She Feels About the Snyder Cut
pxfBv7jH2OM Channing Tatum & Reid Carolin on Dog and What Happened with Their Gambit Movie
pyb1NvVkNjc Agents of S.H.I.E.L.D. \
pymjiBKRT9A Friends and Central Perk Warner Bros. Studio Tour Video and Images
pz-gjnOt6dM Narcos: Mexico Season 2 Finale Explained by Scoot McNairy & Diego Luna
pzyTS3lL6tA Catherine Hardwicke Interview Miss Bala
q-dVsF8kJBE Madison Iseman on I Know What You Did Last Summer and Her Reaction to Finding Out the Answers
q-n12mwaWvs Once Upon a Time in Hollywood’s Mike Moh Talks Bruce Lee and Working with Tarantino
q0mQruboER4 Nicolas Cage on Prisoners of the Ghostland and Why He Delivers Lines Like a Jimi Hendrix Solo
q3wPfzhkzFE The Tick Cast and Creators on Season 2
q5fzpQnVwOI The King’s Man’s Gemma Arterton and Harris Dickinson on Rhys Ifans’ Incredible Job as Rasputin
q5t3dyqfad0 Animals: Alia Shawkat, Holliday Grainger, Sophie Hyde, Emma Jane Unsworth
q8LuZ-xa6Io Winston Duke Talks ‘Spenser Confidential’ and Filming with 40 Dogs
qAjknCnUUJs Ready or Not Filmmakers on Turning Hide and Seek into Horror - The Witching Hour
qDWP56EVpcU Gabriel Iglesias on Space Jam 2, Voicing Speedy Gonzalez, and His Sideshow Collectibles Collection
qE26LJ1H9jM Dear White People Season 4: Logan Browning & John Patrick Amedori on the Series Finale
qFleCqYdXU4 Asa Butterfield Reflects on His Spider-Man Audition
qIQNMsA8ytw Olga Kurylenko on Black Widow and Moving to Paris at 16 to Model
qJVwCw6V5V8 Kirsten Dunst and Jesse Plemons on The Power of the Dog and Jane Campion
qLUEVuFDhuY Michelle Williams on 'Venom' and Being Part of Her First Comic Book Movie
qOZOLafxXxg The Hunt: Betty Gilpin & Damon Lindelof Break Down The Controversial Horror-Comedy (SPOILERS!)
qQJpltVp1Q8 Bill & Ted Face the Music Post-Credits Scene and Other Spoilers Explained
qSfFsEqCQ70 Star Trek: Prodigy: Brett Gray and Ella Purnell on Creating a Series for a New Generation of Fans
qTWEACXIZko Tone-Deaf: Robert Patrick, Amanda Crew, Richard Bates Jr. Interview
qUK78OyxH1s James Marsden Interview Dead to Me and Once Upon a Time in Hollywood
qUL75U6CBfU Letitia Wright on Why the Story of “Mangrove” in Steve McQueen’s ‘Small Axe’ Is Important
qW8hTfrb65k The Walking Dead \
qXLEph4I1TI Mortal Kombat's Jessica McNamee Discusses Auditioning for Invisible Man
qY-r0ieSRFE Those Who Wish Me Dead: Jon Bernthal and Medina Senghore Interview
qYNwzIigBJw 'Doctor Strange 2': Benedict Cumberbatch Says Director Sam Raimi Is an \
q_dCPjPJXAA The Boys Season 2: Showrunner Eric Kripke Reveals Tons of Cool NEW Info
qb1iutb-Djo Good Boys Directors on Making a Super R-Rated Comedy with Kids
qb_IPGpy5So Vanessa Hudgens and Alexandra Shipp on Filming Lin-Manuel Miranda’s ‘Tick, Tick… BOOM!’
qeV0bTf6ZYg Booksmart: Olivia Wilde, Kaitlyn Dever, Beanie Feldstein, Billie Lourd, Katie Silberman Interview
qekmmxjQ67k Lily Rabe Revisits the Failure of HBO's Last of the Ninth
qf-98sg_T_U Karen Gillan Talks Nebula, Horror Movies & Jumanji: The Next Level - Collider Ladies Night
qheCW9cjzKk Jon Hamm and Noah Jupe on ‘No Sudden Move’ and Why They Loved Ed Solomon’s Script
qhy_3Y7a49E Possessor Cast and Brandon Cronenberg Talk Brain-Implant Technology
qiC0tyHJ9eA Black Christmas Writer April Wolfe on How Her Screenplay Updates and Honors the 1974 Classic
qoKAumPUfDw Star Trek DS9 Documentary Interview
qp60MPntUZ8 Top 10 Kills in Halloween Franchise
qpMfV8_dfGU I Am Not Okay With This: Sophia Lillis & Wyatt Oleff Interview
qtrks5xBBOs Billy Crystal Gives Update on Monsters at Work, the Monsters Inc Pixar Disney+ Show
qvBumytX4IQ Angela Bassett and Carla Gugino on Gunpowder Milkshake and Black Panther 2
qvS_-WJ8I2Y Matt Reeves on Testing The Batman Before He Was Done Editing and What He Learned
qvv0fVyNzY0 Dark Phoenix: Sophie Turner & Jessica Chastain Interview
r-9yHyaPXJk Kevin Hart and HartBeat Productions' Bryan Smiley on Netflix Deal, Fatherhood and Future Projects
r0JJJb3Eeuk Godzilla: King of the Monsters: Michael Dougherty & Ken Watanabe Interview
r0pH3Tne7SY Zola: Why Janicza Bravo Took “Secret Pictures” of Taylour Paige
r1FTrp_vnCw Eli Roth on Fin and Why It’s So Important We Save Sharks
r30hhOOKWgQ Blinded by the Light Writer Sarfraz Mansoor Talks the Inspirational Film's Journey
r5gdoNIuDgA Denzel Washington on The Tragedy of Macbeth and Studying How Joel Coen Worked on Set
rCY3Lx_cN0Y The Boys Season 2: Chace Crawford and Jessie T. Usher on Being Fearless on Set
rEyUvldA914 Pieces of a Woman Long Take Explained by Filmmakers
rHrgKT6d_9g Captain Marvel: Lashana Lynch Interview
rL_5SjFLgNo Shazam! Asher Angel & Jack Dylan Grazer Interview
rLkuAa4HOMo Sir Ben Kingsley on Operation Finale and the Proper Way to Play a Monster
rNQDgJfAWMo Cowboy Bebop Showrunner on Capturing the Spirit of the Anime, Easter eggs, and More
rOA3yITSl-U Paddleton: Alex Lehmann Interview
rRQyJvEWOWs Benjamin Wadsworth & Maria Gabriela De Faria talk Deadly Class
rSVHmqExjjA Shohreh Aghdashloo on The Expanse Season 6, How Avasarala Has Changed, and Being Part of Arcane
rT1fvcMrirI Real Steel Series: Shawn Levy on the Writer Search and How It Won’t Be Filming This Year [Exclusive]
ramI1nbARBE Unboxing the Spider-Man PS4 Pro
rbOmBu6-hL0 Jon Favreau Interview Lion King and The Mandalorian
rdVPVyQIkQs Millie Bobby Brown and Julian Dennison on ‘Godzilla vs. Kong’ and the 𠆎nola Holmes’ Sequel
reD-ZmJGwXA We Quizzed the ‘Soul’ Cast on Their Favorite Pixar Movie
rewk3q2QBkg Justin Lin Interview: Fast 10 And Fast 11 Will Be \
rgWd4fU42fo The Intruder Deon Taylor Interview
rh4t-03rq7I Elizabeth Debicki & David Oyelowo on the Nolan ‘Tenet’ Meme and 'Peter Rabbit 2'
ri7g8sdI4Xk Run This Town: Nina Dobrev, Ben Platt, Mena Massoud, Scott Speedman, Ricky Tollman Interview
rkIQFyysDi4 Vice: Director Adam McKay Interview
rs_ygKDMHt0 Robert Rodriguez on Billie Eilish’s Happier Than Ever and The Book of Boba Fett
rsfU4ELDpzM The Last Letter From Your Lover Director Augustine Frizzell on Making the Netflix Romantic Drama
rt4f68y-y10 Breaking Bad \
rudxJuxGhn0 Dark Phoenix: Producer Hutch Parker Interview
ruz5zkLwQLk Reina Scully talks Anime, Creating Content, Gaming Culture & More I RTX Austin 2018
rvvyJQnb-bo Rocketman: Taron Egerton Interview
rwF9Gj2FDC4 Lucy Hale on Ragdoll and How the Series Is Inspired by Korean Cinema
rzte5AHQsPo Timothee Chalamet, Steve Carell and Amy Ryan Discuss Beautiful Boy
s-fzlVYtyk0 Breaking Bad \
s1GjgIesaJM Finch Director Reveals the Original Ending of the Movie and Why It Changed
s1Q1dVofxf0 Diane Lane on Let Him Go and Reuniting with Kevin Costner After Man of Steel
s3B3vXNerjI Lily Collins and Ashley Park on Emily in Paris Season 2 and the Season Finale
s3bALF4nlGQ The Perfection: Allison Williams & Logan Browning Interview
s7ov_9-D97w Shaft: Director Tim Story Interview
s8r1-yAEuh8 Matt Bomer on Doom Patrol Season 3 and the Future of White Collar
sAaICp8RcmI Here's Why The New Mutants Can't Premiere on Disney+ or Hulu
sBVxLONdxK8 Vince Vaughn Interview Fighting With My Family
sDJdqPI8l78 Outlaw King: Chris Pine and Aaron Taylor-Johnson Interview
sE2tEJoyeJc Darren Barnet on Love Hard and Making a Christmas Rom-Com with Nina Dobrev
sFaWLnK6vJE Alexander Siddig on Doing DS9 Fanfiction with Garak, Skylines, and Ridley Scott’s Kingdom of Heaven
sGT7QU_ytik Incredibles 2 Animators Jessica & Dave Torres Reveal How Their Personal Lives Influenced Film
sHGbs7TCLas Cowboy Bebop’s Easter Eggs Revealed by John Cho, Daniella Pineda, and Mustafa Shakir
sILrFwh0DS0 Dopesick: Will Poulter and Phillipa Soo on Telling Such a Frustrating Story
sJ64AC6qCOI Moses Ingram on The Queen’s Gambit and Joel Coen’s The Tragedy of Macbeth
sJkEYJiHPBg Dolemite Is My Name: Craig Robinson, Mike Epps and Tituss Burgess Interview
sLSZFGKB1og Jerry Bruckheimer Talks Gemini Man, Beverly Hills Cop 4, and High Frame Rate
sMJV5jwtlqc The Rock on Who Wins in a Fight: Hobbs & Shaw or Bruce Lee?
sOH6lagfVFk Producer Kelly McCormick on Nobody, Bullet Train with Brad Pitt, and the Status of Hobbs & Shaw 2
sOpC2zuFxLs Melissa McCarthy and Chris O'Dowd on The Starling and Filming a Really Emotional Scene
sQhO9DSAJgU The Walking Dead Video Game: Season 2, Episode 2 - 'A House Divided'
sSIQaNH1JOo ‘The Mauritanian’ Director Kevin Macdonald on the Importance of Telling Mohamedou Ould Slahi’s Story
sVb4dT3A40o John Wick 3: Asia Kate Dillon & Mark Dacascos Interview
sWSzYWMb_ew Andrew Howard 'Red Scare' from Watchmen Interview
sX_Y30-s8NY Joker: Composer Hildur Guðnadóttir & Director of Photography Lawrence Sher Interview
saSAYSioc8Q Ad Astra: Director James Gray Interview
scRkWtAVJ2k Aladdin: Guy Ritchie Interview
sfq7QAxPIOg Overlord Interview: Jovan Adepo & Mathilde Ollivier
sfuQX-LKdhI Ted Lasso Season 2: Brett Goldstein & Juno Temple on Swearing and Season 3
sgmhIZ2F090 The Boys Season 2 Spoilers, Easter Eggs, and Vought's Secret History
si1ciRfPopk Emma Stone Interview The Favourite
sinsiOg4qgU Chloë Grace Moretz Interview Greta
sk4u-_PLAdU Muppets Haunted Mansion: Pepe the King Prawn and Yvette Nicole Brown on Working with Gonzo
slmSpqVr53g Sweet Girl Director on Filming Jason Momoa’s Emotional Hospital Scene
smB4mJmuiKc Mortal Kombat’s Jessica McNamee and Josh Lawson on the Most Brutal Fatality
spyuuFEp2IM Sarah Paulson Interview Glass
srIuLZa2aio Jim Gaffigan Interview: Troop Zero, Them That Follow & Light From Light
ss3vA-B6WyQ Desean Terry on The Morning Show Season 2 and and Why He Loves Playing Flawed Characters
stJJYa22BqI No Man of God: Elijah Wood, Luke Kirby, and director Amber Sealey (Tribeca Film Festival 2021)
stJPbkKmenw Luce: Naomi Watts, Tim Roth, Kelvin Harrison Jr. & Julius Onah
suN3XnxJOnk Dash and Lily Stars Austin Abrams and Midori Francis on the Netflix Series
swwI1m-RBHA Sebastian Stan on Stan Lee and Avengers 4
szsD8Whclb4 Yvonne Orji on Vacation Friends and What it's Really Like Filming a Movie Montage
t0YXouD7j4s Star Wars: How Eiza González's Mom Got Her a Force Awakens Audition
t11p6ZMPAe0 Game Of Thrones \
t1qyYL-jvRA Cedric Joe on Space Jam 2 and Filming with the Looney Tunes
t1xx1GGAZ9s Kavalier and Clay Showtime Series Gets Update from Akiva Goldsman
t2Bx0xAiKH8 Jodie Foster on ‘The Mauritanian’, David Fincher’s ‘Panic Room’, and the Ending of 𠆌ontact’
t2VAjPdLIOo Godzilla: King of the Monsters: Ken Watanabe & Michael Dougherty Interview
t33G-SSriZY Outlaw King Interview: Director David Mackenzie
t3BDcbmaBBY Sandra Bullock & Trevante Rhodes: Bird Box Interview
t5AE9JZCkag Welcome To Marwen: Diane Kruger & Janelle Monae Interview
t5Fh6Nd-fVI Casey Affleck on ‘Our Friend’ and How Directing Has Changed Him as an Actor
t5NglxziMXA The Girl in the Spider’s Web: Director Fede Alvarez Interview
t5XNfRPbMhI Mamoudou Athie on Black Box, Jurassic World Dominion, and More
t6HGmBiklPk Bohemian Rhapsody Producer on Rami Malek as Freddie Mercury
t6fctBD2YtY Drew Goddard Talks Bad Times at the El Royale
t6sOUhuEY3Y The Great Season 2: Gwilym Lee & Bayo Gbadamosi on Their Surprising Characters
tBqQlLnByKk Judas and the Black Messiah: How Dominique Fishback's Casting Made Her Feel Seen
tEK1lVApWb0 Thunder Force: Bobby Cannavale and Pom Klementieff on Making the Superhero Comedy
tGjUliAA1G0 Spider-Verse: Lily Tomlin Interview
tMkYAPm88As Sylvester Stallone Reveals What's Next for Rocky Balboa
tN87EI2FTwo Instanty Family Director Sean Anders Interview
tOCfDOdvnhw Narcos: Mexico Season 2 Ending Explained by Showrunner Eric Newman (Spoilers)
tPMdjWxz8wE Arrow \
tQNMybnECaw Rise of Skywalker: Kelly Marie Tran and Naomi Ackie Interview
tQON6aqJaMY Isabela Merced, Marsai Martin, and Mckenna Grace on ‘Spirit Untamed’
tVYzRzQxwHE Tron Legacy Director Joseph Kosinski Teases Unreleased Daft Punk Music
tY4ci7cuP88 Borat 2 Deleted Scenes Would Have Made Borat's Daughter More Feminist
tYmrseseE4o Stop Eating My Sesame Cake! Delroy Lindo Revisits His Unforgettable Scene in Congo
tZIJRm5Njxw Ben Wheatley on In the Earth and Why He Wanted to Direct The Meg Sequel
tZkD4j3R-F0 Battle of the Planets, Magic: The Gathering, and Grimjack Updates from Joe Russo
t_OaPeByxmc Nick Kroll and Lior Raz on 'Operation Finale' and Seeing Ben Kingsley as a Nazi War Criminal
taf0ojvxMGs Maitreyi Ramakrishnan on Never Have I Ever Season 2 and That Season Finale
tcMZ2Ef3qvU Maika Monroe and Dane DeHaan Talk The Stranger and Carl E.’s Prior 𠇎xperiments”
teo6OmEuL6U John Lee Hancock on The Little Things and How Steven Spielberg Almost Directed
tg39PkUUK5Y F9: Tyrese Gibson on How His Character Always Says What the Audience is Thinking
tgWNHX8QF0k Detective Pikachu Stars & Director Play \
tgsXd0uoVIM Benedict Cumberbatch on Possibility of Sherlock Season 5
thaijE0wtxg The Boys Season 3 Is Much Bloodier Than Season 2, Reveals Laz Alonso
thtqCrogPFk Arnold Schwarzenegger on Why 'The Big Screen is Back'
tlau6BEa7og Servant Season 2: Rupert Grint and Nell Tiger Free Tease Future Episodes
tlgJlwUX6X8 Godzilla Review \
tqs1VeTA344 The Morning Show Season 2: Nestor Carbonell on How His Character Deals with Cancel Culture
trquiKne4ls Todd Haynes Interview: Dark Waters
tshybNtl-Fg Saints Row Movie Will Be Influenced by The Warriors, Escape from New York
tu6vj7YOWxk Debra Messing on Searching and Her Newfound Views on Technology
tusOxQUmnMc Captain America The Winter Soldier Review
tvZ9AVIScqA Taboo Season 2 Update from Steven Knight
tx8eQmCYHAQ Army of Thieves’ Nathalie Emmanuel and Ruby O. Fee on Making the Army of the Dead Prequel
txBeAS_fT68 Keanu Reeves Interview John Wick 3
u--2KWvgfss Fast 9: Ludacris on Getting to Space Before Tom Cruise
u-kyffM84HQ Witch Hunt Interview: Abigail Cowen, Gideon Adlon, Elizabeth Mitchell and Elle Callahan
u3lNlP55dNI Corporate Animals Cast and Director Interview
u6Xwd36YsXo Lil Rel Howery Talks The Photograph and Almost Quitting Bad Trip
u878HhTwLvM 'Fletch' Reboot Star Jon Hamm Gives an Update on When Filming Starts
uBrsn-CqNMQ Jon Bernthal, Shea Whigham and John Pollono on Small Engine Repair
uCfvGoa1fYs Tyrese Gibson Reveals 'Fast 10' and 'Fast 11' Will Shoot Back-to Back
uF9t4eSxgcY Star Trek: Prodigy: Kate Mulgrew on Voicing Captain Janeway as a Hologram on Animated Series
uH12aq7om_g Linda Cardellini Is Open to More Freaks and Geeks
uJzTcUIUmhY Top 5 Shark Movie Death Scenes of All Time!
uKkBId3cPa8 Captive State: Rupert Wyatt & Erica Beeney Intervew
uLWaqzaS1Wo Palm Springs: Andy Samberg & Cristin Milioti on Making Their Sundance Hit
uMGEjyzJVYs Child's Play: Brian Tyree Henry Interview
uMNLkfto-30 Simon Kinberg on The 355, Deadpool’s Incredible Test Screenings, and the Battlestar Galactica Movie
uO3VA-5ovII Boardwalk Empire \
uPFGadEpzAw Jacksepticeye and DanTDM on Free Guy and the Future of VR
uQgIQHgHqC8 Marisa Tomei on Spider-Man: No Way Home, Aunt May, and Director Jon Watts
uQktpEfcnmQ Sebastian Stan on The 355, His Next Appearance in MCU, and Why He’s Always Love the Civil War Fight
uRo75iIgwO8 The Walking Dead Comic Con Panel 2013
uWtB7k9S2f8 'Just Cause' Movie: Writer Sees Rico Rodriguez as \
uXt_Q0F2A4Q Saint Maud Interview: Jennifer Ehle, Morfydd Clark & Rose Glass
uYG6Tlz5OrU Aldis Hodge on Working with Dwayne Johnson on the Black Adam Movie
u_pOCc0nEqY LaKeith Stanfield Wants to Make a New Joker Movie with the Safdie Brothers
uaMFZztQ2S8 How I Met Your Father: Hilary Duff, Chris Lowell & Tien Tran on the Best Parts of Making This Sitcom
ucQq6I_NvRQ Invisible Man: Oliver Jackson-Cohen Interview
ucbFc7dfv-c Kevin Smith on Joker and the Shared Movie Universe Concept - Comic Book Shopping Bonus Clips
udyAxAV1_sg Ken Jeong on ‘Tom and Jerry’ and Why This Was One of the Coolest Jobs He’s Had
ueBra2ADpxw Dune DP Greig Fraser on Shooting Denis Villeneueve’s 𠇎pic” Sci-Fi Adaptation
ujEIsQdHPXc X Interview: Ti West Breaks Down the Pearl and Maxine Dynamic
ukbLOwoIh0w Guardians of the Galaxy 3 Title, Filming Dates, Location and More Revealed by James Gunn
umynsUFpp_c Naomi Scott on Getting Cut Out of The Martian and Why It’s OK to Choke
upIPzh-PLy0 Ben Affleck and Daniel Ranieri on The Tender Bar and YouTube’s MrBeast
uqCeu9d8QlY Jessica Henwick on The Matrix Resurrections, Knives Out 2, and The Gray Man
urOP0OWmnGg Rob Liefeld Interview Major X
urWimVksxQU Jumanji 3 Story Revealed by Kevin Hart
us_BJjzn2QE Liam Neeson on The Marksman, Possibly Returning to Star Wars, and Why He Loved The Queen’s Gambit
usmBiL2WLg4 Cobra Kai Interview: William Zabka on Season 4, How I Met Your Mother and More
uu9wm5072fE Tim McGraw on 1883 and Why He Wanted to Be Part of the Yellowstone Prequel Series
uxQn2lwb8FY Tyrese Gibson on Black and Blue, Morbius and Fast and Furious 9 Changing the Franchise
uxbXdkvhWGA The Midnight Sky’s Felicity Jones and David Oyelowo on Making George Cooney’s Post-Apocalyptic Drama
v23UB7vUPmI Olympic Dreams: Nick Kroll, Alexi Pappas and Jeremy Teicher Interview
v2QS9Ds1VXI Laurence Fishburne on 'The Ice Road,' ‘John Wick 4,' 'The Matrix 4,' and 'School for Good and Evil’
v5JNoN4Coto The Matrix Resurrections: Jonathan Groff and Neil Patrick Harris on Lana Wachowski
v7P7-n1Qpmc Stanley Tucci on Swapping Roles with Colin Firth for Supernova
v96bMA-ku_U The Matrix 4: Yahya Abdul-Mateen II Offers New Script Teases
vAtew1PcaOo Elizabeth Olsen, Mamoudou Athie, Kit Steinkellner and James Ponsoldt on Sorry For Your Loss
vC_mZhXcyxk Alison Brie Reveals When 'GLOW' Season 4 Starts Filming; Teases Another Location Change
vI3WxT3bOBY Outlaw King Cast Interview: Tony Curran and Billy Howle
vO6vmzpCrKc The Predator Stars Recast Themselves in the 1987 Original
vQNe0Bc6O-Y John Krasinski Reacts to Jenna Fischer’s Revelation about the Jim/Pam Note from The Office
vREbCkfsC34 Tom Hanks on ‘News of the World’, Finally Making a Western, and the Future of Movie Theaters
vT6aT6DpEyw Overlord Movie Cast Interview
vTaH2SWDX0c The Willoughbys: Alessia Cara Interview
vTn022F8AMc Seth Rogen & Evan Goldberg on Good Boys & The Boys Season 2
vUUpBAsFnuU Armie Hammer on Next Goal Wins, Experiencing Taika Waititi as Director & Master Nap-Taker
vVVqrVd8U5c Paul Feig Interview Last Christmas
vW3CFmkGc9A Noah Hawley on Legion Series Finale and Making a Different Kind of Superhero Show
vWzHx5jsdWo Never Rarely Sometimes Always Cast on Their Must-See Sundance Gem
vZNe4n0_tMM True Detective \
vcQKp5-VOi0 Haunting of Hill House Cast Interview
vdLxDnb7SuA ’Pennyworth’s Jack Bannon and Ben Aldridge Talk the Alfred and Thomas Wayne Relationship
vdSIe6gSFls Better Call Saul: Rhea Seehorn Now Knows About the Kim/'Franklin & Bash' Theory
vdseHAUVqt0 What/If: Blake Jenner & Jane Levy Interview
veMQJYA1tUY Midway: Dennis Quaid & Patrick Wilson Interview
vjJusTfbrvo Skylar Astin Talks Second-Born Royals and His Interest in the Live-Action Hercules
vkVMHJdn_6U F9 Star Nathalie Emmanuel Remembers Her First Day on a 'Fast & Furious' Set
vlXXVk39290 'Mortal Kombat' Writer Greg Russo on Describing Fatalities, New Characters, and Sequel Plans
vnAKVlnQTzY Russo Brothers Interview Avengers Endgame
vrsTStCV8Qc How Meryl Streep’s Process Reassures Geraldine Viswanathan
vs8RiMXa79E Picard Season 2 Details Revealed by EP Akiva Goldsman
vu3iqIqb7wQ The Invisible Man: Leigh Whannell Interview
vu42f6Gr4ik Miranda July Reveals How a Dream About Giving Birth to Kittens Influenced Kajillionaire
vvXwpbWg3jw Kate Beckinsale on Getting Her Toes Sucked in Guilty Party
vw7oh2G_JRs Deadly Class Cast Interview
vxNZ_y5ltPw Motherless Brooklyn: Edward Norton & Gugu Mbatha-Raw Interview | TIFF 2019
w-USx-uf7VE Collider Goes To Halloween Horror Nights 2018
w-ytA27fxW8 D&D TV Show Update From Series Writer Derek Kolstad
w1gvsXSRHco The Boys Season 2: What If Butcher Didn’t Interrupt Starlight in Episode 3?
w2mxzMXUd88 Halo’s Natascha McElhone and Olive Gray on What Excited Them About the Scripts
w3VPytit16o Anakin Skywalker Revenge of the Sith Dark Side Hot Toys Figure Unboxing
w4mEzUglnOQ Game Of Thrones \
w8aHiCuQKoU Spider-Man: Far From Home’s Tony Revolori Talks the Sequel and the MCU
wAS0kp2kvpw Mass: Fran Kranz on Wanting to Explore the Idea of Redemption and Forgiveness
wAzGt2ULFVk Breaking Bad \
wEq4mhWxHAM The Mandalorian Season 2 Director Robert Rodriguez on Reviving Boba Fett
wFhgNd-tFjk The Rest of Us Cast and Director Aisling Chin-Yee Interview | TIFF 2019
wGnjcBCqgVM Brian Banks: Melanie Liburd and Sherri Shepherd Interview
wGxRT_drC84 Freddie Highmore on The Vault, The Good Doctor Season 4, and His Upcoming Leonardo da Vinci Series
wJPHjD7AFnc Midway: Ed Skrein and Luke Kleintank Interview
wKSGb_fq1aU A Star Is Born’s Lukas Nelson on Writing Songs with Bradley Cooper
wNIptoOWbJU John Wick 4: Laurence Fishburne Confirms His Return and Praises Sequel Script
wQRuJajHowI Peter Berg on Directing Tom Brady and Marshawn Lynch in His New NFL Commercial
wQewDkxtD94 Derek Kolstad on Why He Isn’t Writing John Wick 4, the Status of The Continental TV Series, and More
wS5y_HdgFfs Birds of Prey Interview: Mary Elizabeth Winstead, Rosie Perez, Jurnee Smollett-Bell
wS9Kyh797Gc 'Flora & Ulysses’ Director Leah Khan on Marvel References and Matilda Lawler
wSQ79OskMD4 Smallville: Tom Welling, Kristin Kreuk, and Michael Rosenbaum Look Back on the Series 20 Years Later
wSTqfKh_wuo GLOW: Here's Why We Never Find Out Sheila's Wolf Origin Story
wWgskc6vZQo Rise of Skywalker Interview: Billy Dee Williams
wY_9IXVjXbM Taika Waititi's Animated Flash Gordon Movie Is Now Live-Action
wZ4fUSCfNAY James Gunn Reveals Peacemaker Series Editing Status, Episode Runtimes, Story Structure, and More
we6264yWsUk How Luke Skywalker Can Return to the Living in Episode 9
wfQ39_4t80s Mila Kunis on Why Family Guy Is the Greatest Job Ever and Breaking News in Yuba County
wmCoQd7tM6Q How Do You Know Interview: Teyonah Parris on Doing 50+ Takes for James L. Brooks
wmUAVHwL6MM James Cameron on Secret of the Whales and the Way Whales Are Like Humans
wnv_TrLtBxU Peyton List & Cameron Monaghan - Anthem of a Teenage Prophet Interview
wpAeGLnmT3g Yvonne Strahovski Reveals Why She Almost Didn’t Come to Hollywood
wpxFAmVGUD4 True Detective Series Premiere \
wtOqudSaVpA Tom Hanks on the Future of Movie Theaters: \
wu--N9nJTmg Armie Hammer on Rebecca, Call Me By Your Name 2, and Gossip Girl
wx5b9kpHIZk Linda Hamilton Interview: Terminator Dark Fate - Collider Ladies Night
wzN-pFwGYfc 1917’s Roger Deakins, Sam Mendes and Editor Lee Smith Go In-Depth in 40-Minute Q&A
wzVqwzzqVk4 Kevin Hart on True Story and Why He’s So Excited for People to See the Netflix Series
wzXxxIknbtA Vin Diesel Press Conference - Awesometacular with Jeremy Jahns on Go90
x23hvK5j-mw Alexandre Desplat Interview: Isle of Dogs, Wes Anderson, and Star Wars
x2RsSK0MP5E Book of Boba Fett: Temuera Morrison, Ming-Na Wen on the Star Wars Spinoff
x2n8Ykm7lrU Dead to Me: Christina Applegate and Linda Cardellini Interview
x3mR1L4QojY Agents of S.H.I.E.L.D. \
x3sAWX-NK7M Sonic 2 Director on the Post-Credits Scene and Finding Knuckles' Voice
xECOOhaDdaI Bumblebee: Director Travis Knight Interview
xHaiEHI33yI Pet Sematary Jason Clarke & Amy Seimetz Interview
xIaxnIuS_Lw Dark Phoenix’s Andrew Stehlin & Aphra Williams on the Latest X-Men Movie (SPOILERS)
xMSruC4mha8 True Detective \
xN7nNGaMtkw Vice: Amy Adams Interview
xQ47rhNv17E Rachel Weisz Interview The Favourite
xQzt7tAGKZk Too Hot to Handle: Are Harry and Francesca Still Together? Harry Tells All!
xRk2nQRroNQ Jillian Bell Talks Baby Steps to Running a Marathon on Ladies Night
xVUc0nAV4Uw Broken Hearts Gallery Director Natalie Krinsky on the Film's Journey from Black List to Big Screen
xVZvGspcCDI Babysitter’s Guide to Monster Hunting Director Goes from Elm Street to Kid-Friendly Horror
xVmF8mOOoQg Kathryn Hahn on ‘WandaVision’, ntral Park’ Season 2, and How She𠆝 Love to be in ‘Spider-Verse 2’
xY3DmStMTEc George Clooney on ‘The Midnight Sky’ and What TV Series He𠆝 Love to Write and Direct
x_iUrK3P7Jc David Chase on The Many Saints of Newark and the Status of a Sequel
xhNE06hlIHk The Art of Self-Defense: Jesse Eisenberg, Imogen Poots, Alessandro Nivola and Riley Sterns Interview
xhpcWmmy5QE \
xmpnrwlfbhA Share Interview: Pippa Bianco & Rhianne Barreto
xoEN-8KBPgg Justified Season 5 Premiere \
xrXM9s1HPos Marielle Heller on The Queen’s Gambit and Why She Loves Christopher Guest’s Waiting for Guffman
xt7OSRMq1Ek J.J. Abrams Reflects on Star Wars and When It's Critical to Have a Plan
xtQlUwrXDbI 8-Bit Christmas’ Steve Zahn and June Diane Raphael on the Toys They Wanted as Kids
xxvpXzuH9Zw Constantine Sequel Ideas Revealed by Keanu Reeves and Filmmakers
xz5ZVB04vd0 The Wheel: Amber Midthunder, Taylor Gray and Director Steve Pink on Their Relationship Drama [TIFF]
xzqBMY16wAc Is I Care a Lot a True Story? Writer-Director J Blakeson Explains
y-7MdYk3peU A Fringe Reboot May Not Ever Happen, Akiva Goldsman Says
y09VgSJLSJ8 Rey's Ancestry Explained - Awesometacular with Jeremy Jahns
y3DClNECmTQ The Expanse: Wes Chatham on Why Season 5 Is The Best Thing They’ve Done
y4g83Cvf52Q Scream 5 Interview: Jasmin Savoy Brown and Mason Gooding
y5buiHJEvsU Jordan Peele Us Interview
y6zJ6miOhjQ Natalie Portman & Raffey Cassidy - Vox Lux
y8jxNgTj_Kk The Stranger: Avan Jogia on Why JJ Becomes the Believer Clare Needs
y8tss72Y4Jc Simon Baker on High Ground and Why He’s Never Seen The Devil Wears Prada
yAkwgLcTpSU 'The Nest's Carrie Coon and Sean Durkin on Why the Drama Is Really About Love | Sundance 2020
yDBBLdIOp3A How Movies Anywhere Shows the Best Streaming Library is One You Control
yE6qvpRcHJw Pedro Pascal on Wonder Woman 1984, The Mandalorian, and the David E. Kelley Wonder Woman Pilot
yFvwo-j32pw Laurence Fishburne and Billy Zane on MacGruber, Will Forte, and John Wick 4
yHx7Nk2LOks Brett Sheridan Interviews Chewbacca - Solo: A Star Wars Story
yKUzyq721q4 Serenity: Director Steven Knight Interview
yNU5SWIwK2g Felicity Jones and Nabhaan Rizwan on The Last Letter From Your Lover
yPv5oeoU1CA Mary Poppins Returns: Emily Blunt Interview
yQyqCei6v-U The Haunting of Hill House Cast Interview
yT-3ZtFnkiI The Locations of Quibi's 'The Stranger'
yV24Ufn6twM Fear Street's Gillian Jacobs Explains Her \
yYPqHGGbOOo Wolf Like Me's Abe Forsythe on Designing the Werewolf and Subverting Audience Expectations
yYyk-O-AjNg The Wilds Season 2 Teased by Mia Healey: When Production Might Start and Her Hopes for Shelby & Toni
ycfEi-zPYjg Jungle Cruise Producers on Visiting the Secret Disney Vault with Dwayne Johnson
ychxDrWHcRc Narcos Mexico: Diego Luna Interview
yctViCOyEGc Guillermo del Toro on Nightmare Alley, His Original 3 Hour 15 Min Version, and Buying Props on eBay
ydptHxcf_9Y Sonic 2’s Ben Schwartz & James Marsden on Making a Bigger and Better Sequel
yeAAD3WLJtM The Witcher Interview: Showrunner Reassesses That Seven Season Plan
yejju22zu04 Robin Hood Cast Plays \
yjJUyWp2cvg Instant Family: Julie Hagerty, Gustavo Quiroz, and Julianna Gamiz Interview
yjgyFp2-nzo The King’s Man’s Rhys Ifans and Djimon Hounsou on the Rasputin Fight Scene
yoT0zLu0Vbc His House: Wunmi Mosaku and Sope Dirisu Break Down the Netflix Film’s Most Unforgettable Scenes
ypNZKwsZL9A Jason Isaacs Explains Why People Should Stop Letting Him Do His Own Stunts
ytPaKr1q91s Joseph David-Jones Talks the Arrow Finale and the Crisis Crossover Event
ytok8oCvua4 Umbrella Academy Cast Interview
ytt0JNdG_oY Storm Reid Interview: The Invisible Man, The Suicide Squad and More
yw_NURbm66w Joel Kinnaman Reveals Why The Secrets We Keep Was Such a Tough Shoot
ywbXQALX--w ‘Searching’ Director Aneesh Chaganty on Crafting the High-Tech Mystery
ywzizTfNESU The Bubble’s Judd Apatow, Harry Trevaldwyn & Samson Kayo Share Fun Stories From Production
z-jhaRIbtl4 Kristen Stewart on 'Underwater' and Why She's Taking a Break from Acting
z-zyAPUHltM Queen and Slim Interview: Melina Matsoukas
z25BNLE4SDI World War Z Review \
z3E2o-rlVKM Benjamin Walker on ‘The Ice Road,’ the ‘Lord of the Rings’ Series, and New Zealand Dairy Products
z5sEwTcCHMc Watch the Star Wars: The Rise of Skywalker Cast Swap Roles
zCo47Bzx8Fg Director Lisa Joy on Reminiscence and the Fallout Amazon Series
zDLc53axiwY David Strathairn on The Devil Has a Name and Wrestling His Director Edward James Olmos
zDifz-gOcq8 Game Of Thrones \
zDuaKEbPfXo Isla Fisher on Back to the Outback & How the Netflix Animated Movie Is a Love Letter to Australia
zGGtxtFyXGc Euphoria's Colman Domingo Breaks Down That Timely Special Episode
zGN7WZX9zec Charlie Hunnam and George MacKay on True History of the Kelly Gang
zGhfy0cXqe4 El Chicano: Joe Carnahan & Ben Hernandez Bray Interview
zJCBTxy_1vY Destroyer: Director Karyn Kusama Interview
zJryYG0Aw10 Edward James Olmos on The Devil Has a Name and Directing Himself
zKe7XzMLnEg Happiest Season Interview with Clea DuVall and Mary Holland
zLFtvbwklrI We Used Movies Anywhere's Co-Viewing Feature - This Is How We Did It
zMBjAsmJ-V4 Gabourey Sidibe on Life After Her Oscar Nomination: \
zNVdUEDuv8g In the Heights Movie: Jon M. Chu on the Film’s Status, His Inspirations
zNaTmgz6Kxc Scoob! Star Will Forte on That Time He Ate Dog Food
zPSJo8p-5ng Booksmart: Kaitlyn Dever & Beanie Feldstein’s School Memories
zP_WOIqHLns Gael Garcia Bernal and Alonso Ruizpalacios on 'Museo' and the Real-Life Heist That Inspired It
zQeVGME-bdE Vikings Season 1 Review
zQrfkEWgJBU New Bride of Frankenstein Movie Still Alive at Universal
zSV0nC0nvs8 Sam Richardson on ‘The Tomorrow War,’ Chris Miller’s ‘The After Party,’ and Being on ‘The Office’
zSpa17dXD3k Ming-Na Wen on The Bad Batch, Book of Boba Fett, and The Mandalorian Season 3
zX5qPcYepTQ Daniel Dae Kim on Hot Zone: Anthrax and Playing Fire Lord Ozai in Avatar: The Last Airbender
zYIY7zz7pgo Annabelle Comes Home: Director Gary Dauberman Interview
zYYDlG9Hwr4 Captain Marvel: Things to Know About the MCU Prequel
zZg9blId1pQ It Chapter 2 Interview with James Ransone - The Witching Hour
zacyvDSS-Ks The Shrink Next Door Director Michael Showalter on What He Was Shocked to Learn About the True Story
zb8rWkA4SOA Mindhunter Season 2: Jonathan Groff, Anna Torv & Holt McCallany Interview
zb_JWBjOCoo ‘Zack Snyder’s Justice League’: Here’s How the VFX Artists Put Together the New Knightmare
zdSRN3MpPyM Darren Criss Piano Interview: Royalties, Mark Hamill, and Music Theory
zeFzgUfR5GA 'The Forever Purge' Director Everardo Gout Reveals the Movie's Biggest Challenge
zeaTT1nTC5M Sam Levinson on ‘Malcom & Marie’ and Why They Gave the Crew Financial Co-Ownership on the Movie
zezyBJpxvmc Relive: Storm Reid, David Oyelowo and Jacob Estes Interview
zf6kDwo5KH0 Motherless Brooklyn: Gugu Mbatha-Raw Interview
ziMQPrAq7Dk Scarlett Johansson on Producing for Marvel and Making Sing 2 with Tori Kelly
zkJBrZzZjfs Todd Haynes on The Velvet Underground and Having Music Lead the Experience
zl4gE-S76fk Cobra Kai Season 3: Courtney Henggeler Takes Us Behind the Scenes of that Slap
znrQ1bycRr4 Windfall Director Charlie McDowell on Making a Film Without a Traditional Protagonist
zrITflDktds The Report: Jon Hamm & Annette Bening Interview
zrY3zforGXE David Harbour on 𠆋lack Widow,’ Red Guardian’s Future, and ‘Stranger Things’ Season 4
ztJKMiWGzH8 Resident Alien Creator Chris Sheridan on Writing Season 2 and How Episode 8 is a Mini-Finale
zvOVRfhJ-zg Eiza González Almost Couldn't Do Baby Driver - How Robert Rodriguez Made It Happen
zwPjMdz1I1U The Boys Season 3: Eric Kripke on Filming Schedule and Script Status
zySIF3cZxl4 Merry Happy Whatever: Dennis Quaid & Brent Morin Interview
