-1AcV48-GpU Black Mirror: Bandersnatch Every Ending Explained Analysis | All Outcomes
-53u4In4r-Q THE MANDALORIAN SEASON 2 HUGE UPDATE: Temuera Morrison Returning As BOBA FETT
-5BObypNbXU DEVS Explained: How The Machine Works And What The Devs Do | DEUS EX MACHINA
-6HKkiLJS44 Spider-Man 3: Full Plot Leak Breakdown | Inside Source Reveals Outline Of Early Script Draft
-9kkkbS8Tfk STAR WARS: The Rise Of Skywalker: The Leaks Were True, All Of Them | New Clip Confirms Plot Spoilers
-CkhG2N_keA WESTWORLD Season 3 Episode 4 Breakdown | Ending Explained & Who Is In Charlotte Hale's Body
-FQm92GkF9I Tomb Raider Movie: Ending Explained + Potential Sequel Story (2018)
-GAruEb9iOI Yesterday: Ending Explained Breakdown + Spoiler Talk Review
-Hoe7kafmhU RAISED BY WOLVES Ending Explained | Episode 10 Breakdown | Season 2 Predictions, Theories & Review
-J7blTzJyD8 Crazy Fan Theory About Why Nick Fury Called Captain Marvel | INFINITY WAR TALK
-JkdKVwCV94 Spider-Man 3 BREAKING! Andrew Garfield, Kirsten Dunst, Alfred Molina All CONFIRMED As Coming Back
-K_s6E60BF0 Watchmen: Season 1: Episode 1: Ending Explained Breakdown, Easter Eggs + Spoiler Review
-O-WIr3toFM The Mandalorian: Episode 6 Breakdown & Ending Explained Spoiler Review | Easter Eggs & Fan Theories
-R08iGGzW3Q TENET: Neil's Timeline Explained + What Happens To The Character In The End
-Rip_qAbaC4 MORBIUS: Post Credits Scene Leaked | Full Breakdown And Spider-Man Homecoming Fan Theory
-STWEDNwjZk Stranger Things: Season 3 Explained: Everything We Know So Far: Full Update
-SftRgci-88 Escape Room Ending Explained | 2019 | Spoiler Talk Breakdown
-TaC4sO5Tvc RELIC 2020 Ending Explained Breakdown + Full Movie Spoiler Talk Review For The Horror Film
-jggm3KvgG4 The Handmaid's Tale: Season 3: Ending Explained Breakdown, Season 4 Predictions & Spoiler Review
-l_yJTXmELA Watchmen: Season 1: Episode 5 Breakdown & Ending Explained + Full Looking Glass Origin Spoilers
-odrHB8M4_E 10,000 Subscribers Giveaway | THANK YOU
-ww4aZu9lig WESTWORLD Season 3: Episode 1 Breakdown | Ending Explained, Post Credits Scene & Future World Theory
-xN2dNCvVaE 1922 Ending Explained | Symbolism of The Rats + Were The Ghosts Real?
05fm7foG03k Game Of Thrones: Spin-Offs Explained | Everything We Know About What's Next In The HBO GOT Universe
07iycZyMsPY The Boys Black Noir Explained | Who The Character Is, His Secret Identity, Fan Theories & More
0BOilrJ1VBc Spider-Man: Into The Spider-Verse 2 Release Date And Ant-Man 3 Confirmed | BREAKING MARVEL NEWS
0DC4YEgHcuw Doomsday Clock Issue 7 'Blind Spot' Review And Analysis | Watching The Watchmen
0GDeMTPwLUc SAN DIEGO COMIC CON 2019 MARVEL PANEL ALL PHASE 4 MCU MOVIES, GAMES & TV SHOWS CONFIRMED AND LEAKED
0IYQHT3jKXk LOKI Why It's Not Lady Loki: CRAZY Sylvie The Enchantress Evidence And Episode 3 Theories
0PQbrGUxZKA THE MANDALORIAN Season 2 Episode 3 Breakdown & Ending Explained Spoiler Review | Ahsoka & Bo Katan
0Q37o39sYwE The Top 10 4k Blu-Ray Movies For Newbies (2019 List) & The BEST Projector Review | Benq w2700
0RsWIevA2RU DEADPOOL IN THE MCU | Ryan Reynolds Officially Meets With Marvel Studios
0S-ANtyErjY DUNE 2020 Official Trailer Breakdown | Full Description, All Scenes Explained  + Will It Be Delayed?
0TI76m6OcpU American Horror Story Apocalypse Ending Explained: Episode 10: Apocalypse Then Story Recap
0U8Tp9iJWq8 Let's Play Arkham Knight With A Batman Expert | PART 1
0UPXSZDzvFQ All Upcoming Sony Spider-Man Movies | Venom 2, Morbius, Into The Spider-Verse 2, Madame Web + More
0XMJGXJyMcQ Cargo: Ending Explained + What Caused The Zombie Outbreak (Netflix 2018)
0YUFGqJxvE0 Velvet Buzzsaw Movie Review | NO SPOILERS
0ZX6FUZI_YE What's Next For Spider-Man Now That He's Out Of The MCU? | Every Upcoming Sony Marvel Movie & Show
0b3mnj-RcAg Avengers: Secret Wars & Battleworld Leaked As The Next Big MCU Event | Marvel Movie News Update
0c2i2VRpVaE 100,000 Subscriber Thank You!!!! Totally Not Clickbait Face Reveal That Will Make You Vomit
0eA-rEmi824 Marianne: Netflix: Ending Explained Breakdown Of Season 1 + Spoiler Talk Review
0edTz5gBhXU THE MATRIX 4 Resurrections Trailer Breakdown, Leaks, Hidden Details, Theories, Easter Eggs & More
0hGhmjs0nsM MCU Fan Theory [CONFIRMED] : Old Steve Rogers Was At Peggy Carter's Funeral In Civil War
0qnG0BoD39Q X-Men Movies Ranked From Best To Worst | All Films | X-Men - Dark Phoenix | NO SPOILERS
0rPelLh_WzA SPIDER-MAN No Way Home MAJOR Leak Breaks The Internet | Full Image Breakdown
0rixlZivN5A THE BOYS Stormfront Explained | Her True Identity, Comic Book Origins, Powers And Theories
0rlOdIC_qvo Spider-Man In The MCU: The TRUTH About The Disney Sony Deal Revealed In Kevin Feige's Star Wars Move
0sAD78u_r8Q SPIDERMAN 3 Jamie Foxx Officially Returning As Electro | Potential Live Action Spider-verse? | MCU
0sk3QUcYS2w WANDAVISION Episode 7 Breakdown & Ending Explained Spoiler Review | Marvel Easter Eggs & Theories
0xPoz2Y2E5Q ARCHIVE 81 Ending Explained | Full Season Breakdown And Spoiler Review
0yG9dOuKviU HAWKEYE Episode 1 Breakdown & Ending Explained Spoiler Review | MCU Easter Eggs & Things You Missed
114E5xGa-t4 Spider-Man: Far From Home Top 10 Trivia And Easter Eggs | BFP, Sandman, Fergie, Cameos & More
15yo-pU-QN8 LOCKE AND KEY Season 2 Ending Explained | Full Series Breakdown, Season 3 Predictions And Review
18n6Xp_duXQ INVINCIBLE Episodes 6 Breakdown & Ending Explained Review | Easter Eggs & Comic Book Differences
19REEWVpL8w NICK FURY IS A SKRULL!!!! Proof Inside | Captain Marvel & MCU Fan Theory
1Boq5NDaoos Black Mirror: Season 5: Smithereens: Ending Explained Breakdown & Spoiler Review
1D3oUzuj_lY Catwoman TV Show Set In The Matt Reeve's Batman Universe Reportedly In Development For HBO MAX
1DoDQFuSSac Birds Of Prey Leaked Trailer Breakdown | Full Description And Plot Leaks Explained
1G-hX-7pUJs Love, Death And Robots: Suits Ending Explained & All Easter Eggs
1GMjxGYOjpw I found every Easter Egg in Spider-man Homecoming
1GWFC7Bgu0c SUICIDE SQUAD AYER CUT Confirmed? | Studio Leaked As Working On VFX And AT&T Tease It's Release
1Lw0csGyOGo Every Hidden SPIDERMAN In The No Way Home Trailer | Easter Eggs, Tobey & Andrew + Things You Missed
1R4qD7LJ3ig Breaking Bad: EL CAMINO: Ending Explained: What Was In The Letter?
1RVowxAXu_U All 20 Marvel MCU Film's Ranked From Worst - Best | 2018 List | Iron Man - Ant-Man & The Wasp
1SbQ1TlMeCw VENOM IN THE MCU! Director Confirms That A SPIDER-MAN CROSSOVER Is Coming!
1TxLZX7ZOM0 Deadpool 2: Extended Cut Review (The Super Duper Cut 4k)
1b0qz0XuZ2w Game Of Thrones: Season 8: Episode 2: Ending Explained, Story Recap + Episode 3 Predictions
1dIg6PwCgK0 Watching The Watchmen | Doomsday Clock #8 Review & Indepth Analysis
1fYARKdIR90 The Mandalorian: Baby Yoda Explained | Who The New STAR WARS Character Is & Why The Empire Wants It
1g9N82U8EZ4 Avengers Fan Theory: What If This Scene From The Infinity War Trailer Is The Finale Of Endgame?
1gnfVtWwkl8 The Nun: Original 2017 Script
1gsvoKeJWkw AGENTS OF SHIELD Season 7: Episode 8 Breakdown & Ending Explained | Daisy's Sister & Easter Eggs
1n3I4Qvnz9Q THE CONJURING The Devil Made Me Do It Ending Explained | Real Life Story And Full Movie Breakdown
1p_Ifo7gSk0 BATMAN 2021 UPDATE: Andy Serkis Interview, Screenwriter Animated Series Vibe & Debunking Joker Rumor
1q8tj1Ow-_Y Watching The Watchmen Doomsday Clock Issue 1 Review and Analysis Podcast
1s4xNtLWe18 Marvel's What If Episode 9 Promo | What If The Watcher Broke His Oath? | MCU
1urr-KfcKts Godzilla: King Of The Monsters: Trailer 2: Full Breakdown [Monsters Explained & Things You Missed]
1vtS5iObXuQ GODZILLA VS KONG (2021) Official Trailer Release Date And Time, Synopsis,  March, Funko Pops & More
1x8SGL3-om4 Men In Black: International: Ending Explained Breakdown + Spoiler Talk Review
1xCkWDyJWh8 Falcon And The Winter Soldier Episode 5 & 6 Teaser Trailer Breakdown, Theories And Leaks
1xsBdUGSMSU Falcon And The Winter Soldier Trailer Breakdown | Easter Eggs, Hidden Details & Things You Missed
1xvrTnADwvQ We Finally Know What The Batsymbol On The New Batsuit Is! | THE BATMAN 2021 New Easter Egg Breakdown
21hxa_2W46k Mandalorian Actor Completely TRASHES Star Wars The Rise Of Skywalker In Brutal Instagram Post
25SO5___gXQ THE BAD BATCH Episode 12 Breakdown | Ending Explained, STAR WARS Easter Eggs And Things You Missed
25St6wDAKrM LOVECRAFT COUNTRY Episode 5 ‘Strange Case’ Breakdown | Ending Explained + Easter Eggs & Theories
25YDRIycto0 THE UMBRELLA ACADEMY Season 2 Review: It Is Actually Better Than Season 1 | Spoiler Free (ish)
2C10jlJ4g8Q SPIDERMAN No Way Home Official Poster Breakdown | Hidden Villains, Easter Eggs And Story Spoilers
2CtE5TLqsak UMBRELLA ACADEMY Number 5 Explained | Origin, Biography, Powers And Fan Theories
2Kgd-mBob6Y Falcon And The Winter Soldier EPISODE 4 Breakdown & Ending Explained Review | Marvel MCU Easter Eggs
2Kk5sdwWmLA Marvel Phase 5 Full Slate Breakdown | All Confirmed Upcoming MCU Movies And Everything We Know
2TCDi0Au1mY Spider-Man: Far From Home: Official Trailer Explained | Full Breakdown + Spider-Verse In The MCU
2UK7YyImZYg Super Smash Bros Ultimate: All Three Endings Explained | Good, Bad, True Ending + How To Get Them
2Vk3pTgWJPM WANDAVISION Episode 9 Final Predictions | Agatha's Plan, Why Vision Will Die, Quicksilver And More
2W1YXMv7jyk Gretel And Hansel Ending Explained Breakdown + Full Movie Spoiler Talk Review
2bkxgldxEUY Us: The Tethered Explained | Everything We Know About Jordan Peele's Latest Terrifying Characters
2fiN7ua__Q0 WHY STAR WARS: THE RISE OF SKYWALKER SUCKED
2kp4fM9e5B8 AGENTS OF SHIELD Season 7: Episode 2 Breakdown & Ending Explained | Simmons Is An LMD, Theory + More
2pCJcs6ezlk MOON KNIGHT New Trailer Featurette | Disney Plus Marvel MCU Teaser
2s5JtLQP-vw THE STAND Episode 3 Breakdown, Ending Explained Spoiler Review & Book Differences
2uMdGs-Qc04 Avengers Endgame: 10 NEW Amazing Secret Details We Learned From The Directors Commentary
2w6PsDqmYes WATCHMEN: Episode 6 Breakdown & Ending Explained + Full Spoiler Review On The REAL Hooded Justice
2xlY7VM0vuI The Hole In The Ground: Movie Review | NO SPOILERS
2yolcJD32GU Zbox December 2017 Unboxing And Review
2zOIsfeLAeY SPIDERMAN 3 Plot Leak Breakdown | Doctor Strange, The Ending, New Villain Costumes And Story Rumors
3-AZfluRJ4s The Open House: Who Was The Killer? | Ending Explained
33AtqStgVl8 INVINCIBLE Omni-Man Explained | Full Character Breakdown, Origins And Powers
33dYd44JfRk Castlevania: Season 2: Ending Explained + Season 3 Predictions
34gXcMXz37s Avengers: Endgame: Fan Theory: Will Tony Stark Recreate Ultron To Beat Thanos?
34n_IW9bOlI Crisis On Infinite Earths: Episode 3 Breakdown & Ending Explained | Predictions, Cameos & Theories
361yLvbZVAo INVINCIBLE Robot's True Plan Explained + The Character Origins | Comic And Show Spoilers
368AJNfoaLo The Punisher Season 2 Ending Explained + Season 3 Predictions | NETFLIX PLEASE DON'T CANCEL IT!!!
38VLupSnn8Y STRANGER THINGS Season 4: Fan Theories, Potential Release Date, Cast, Story And Everything We Know
3DqNKGNUlv0 MCU OFFICIAL PHASE 4 UPDATE: She Hulk, Moon Knight, Ms. Marvel Added To Disney Plus + Kit Harrington
3KcVz9HLs2Q INSANE DETAILS In IRON MAN 3 You Only Notice After Binge Watching The MCU | EASTER EGGS BREAKDOWN
3OC7NMQrdTY Once Upon A Time In Hollywood: Ending Explained Breakdown & Real Life VS The Movie | SPOILER REVIEW
3PeLtuAO5PE THOR Love And Thunder BIG Updates From Taika Waititi | Hulk, Beta Ray, Loki, Silver Surfer & More
3Zd_EAYLVgo SWEET TOOTH Ending Explained | Full Spoiler Breakdown, Comic Book Differences, Season 2 & Review
3ZkTWv0bG6w Halloween (2018): Ending Explained Review (Spoiler Talk)
3dquHSK1V7c FREE GUY Ending Explained Review | Cameos, Easter Egg Breakdown And Full Movie Review | 2021
3fcTqEQplm8 MOON KNIGHT Theories | Midnight Sons, Ammit's Plan, Jake & What's Going On With Steven's Mother
3hF3KN-7r7o LUPIN Season 1 Ending Explained, Part 2 Predictions And Full Series Spoiler Review
3kbQsELATOw The Dark Crystal: Age Of Resistance: Season 1 Ending Explained Breakdown | Spoiler Review
3lS1oe7Mang El Camino: Breaking Bad Movie Review: NO SPOILERS
3pCqfeBYBIM Justice League Snyder Cut Steppenwolf, Batman Mountain Dew Debunked & Suicide Squad Game Leaks
3wwttvkxsiw What If Doctor Strange Supreme Is The REAL Villain Behind Wandavision And The Multiverse Of Madness?
3xFXAiUIHKo BLACK WIDOW: Taskmaster Explained | Why His Design Has Changed, Origins, Powers & Fan Theories
3znXA0pyPHE LOKI Ending Explained | Your WTF Questions Answered | Kang, Renslayer, TVA, Sylvie, Iron Man & More
41vllyAjONc THE MANDALORIAN Bo-Katan Explained: Full Character Breakdown And Fan Theories | STAR WARS
42uvsY0HGDY Robert Downey Jr. Reacts to Martin Scorsese’s Saying Marvel Movies Are Not Cinema
47k2aUzob4Y MANK Ending Explained Breakdown | Full Movie Review, Real Life Story & Citizen Kane Comparisons
48bxSk7joHQ The Lego Movie 2: The Second Part: Ending Explained | Sibling Rivalry
49b608puEi8 Mowgli: Legend Of The Jungle: Ending Explained [SPOILER TALK REVIEW]
4AUD_QCxVrU John Wick 3: Parabellum: Ending Explained + Spoiler Talk Review On The Movie And Continental Series
4GbOGuCAS_8 Sicario 2: Soldado: Ending Explained
4HgANqa73Ss WANDAVISION Breakdown: Why Agnes Was Faking It | Theories And All The Agatha Harkness Clues
4IyJMVU5XG0 UMBRELLA ACADEMY Season 2: The Sparrow Academy & Lila Explained | Powers, Theories, Members & More
4N9i9XNASI4 Disney Marvel Considering Buying Spider-Man From Sony In New DEAL UPDATE
4RiGfnXxPBA Marvel WHAT IF Episode 4 Breakdown & Ending Explained Spoiler Review | Easter Eggs & Hidden Details
4VuSc48yXr0 COWBOY BEBOP Ending Explained | Full Series Breakdown, Review, Changes & What Happens Next | Netflix
4X5hDBZj5b0 Venom: Post Credits Leaked Information
4XXju4kQvYM Falcon And The Winter Soldier EPISODE 2 Breakdown & Ending Explained Review | Marvel MCU Easter Eggs
4ZcvZ8IhTjA DOCTOR STRANGE In The Multiverse Of Madness New Plot Leak Breakdown | Post Credits Scene
4aGzLPjbofQ Hellboy (2019 Movie) Official Trailer “Smash Things” Review
4e718-mXzlM CANDYMAN 2021 Ending Explained | Full Movie Breakdown And Review
4h53dLccY9k Shang-Chi Official Trailer Breakdown, Easter Eggs, Things You Missed & Hidden Details | TEN RINGS
4j5mcoowptA THE BOYS Season 2 Episode 4 Breakdown & Ending Explained | Review, Predictions, Theories And More
4kXJlBfwqZE Why The Ending Of AFTER LIFE Season 2 On Netflix Is So Perfect + Full Season Review
4kb17VGhSA0 The Walking Dead: Who Are The New Characters In Season 9? Magna, Yumiko, Luke & More Explained
4o2JT3WXYX4 SPIDERMAN No Way Home Breakdown: New TV Spot Easter Eggs, Post Credits Scene Leak & Running Time
4sEBew5q-3A Narcos: Mexico: Season 1: Ending Explained + The Real Life Events That Inspired The Show
4tHd5KydhEI 5 Reasons The Defenders Was A HUGE Disappointment
4xb1zSH12DA COBRA KAI Season 4 Breakdown: Every Easter Egg, Hidden Detail And Reference To The Karate Kid Movies
4z7_-T0ceZ4 Why THE DARK KNIGHT Has The Perfect Ending | The Batman Explained
52HwpW1BPys THE MANDALORIAN SEASON 2: How Boba Fett Survived | STAR WARS Expanded Universe, Fan Theories & More
530agqhqTTE Halloween: Timeline Explained | Full Breakdown Of The Original, H20 & Reboot With Jimmy Champane
53v2zJoG94Y Animas: Netflix (2019): Ending Explained | FULL SPOILER TALK MOVIE REVIEW
56WHHNfPrOM The Walking Dead: Season 9: Episode 7: Stradivarius: Full Breakdown and Ending Explained
5BEpOBMD5Lo SPIDER MAN No Way Home Trailer Two Lives Theory, Easter Eggs & Tobey Maguire Hidden In Plain Sight?
5Hca9uhjrog VENOM Let There Be Carnage Post Credits Scene Breakdown | Ending Explained & No Way Home Predictions
5Ir5yENRSHo RAISED BY WOLVES Episode 4 - 5 Breakdown | Story, Ending Explained, Easter Eggs, Theories & Review
5J3z-Abixfg ARMY OF THIEVES Ending Explained | Full Movie Breakdown, Easter Eggs, Netflix Snyderverse And Review
5JgX32seIOY See You Yesterday: Netflix: Ending Explained | Spoiler Talk Review On The Time Travel Movie
5Othx8-ew-s YOU Season 3 Ending Explained | Twist Finale, Full Series Breakdown, Review And Season 4 Predictions
5RvYgFjCGAw THE BOYS Diabolical Breakdown: Easter Eggs & Things You Missed | Part 1
5TI9XAfY8yo The Crown Season 4: Ending Explained | Full Spoiler Review & The Real Life Events
5VZpRdav9BM THE BAD BATCH Episode 16 Breakdown | Ending Explained, STAR WARS Easter Eggs And Things You Missed
5Wh5Bq48UPs THOR 4 Breaking News Announcement! Alpha Groot And Guardians Of The Galaxy Confirmed For The Film
5WwJr3GbDSY INVINCIBLE Episodes 5 Breakdown & Ending Explained Review | Easter Eggs & Comic Book Differences
5Z8MJQk2DPE Falcon And The Winter Soldier EPISODE 1 Breakdown & Ending Explained Review | Marvel MCU Easter Eggs
5aQnpqVuTB4 100 Mandalorian Season 2 Easter Eggs, Hidden Details And Things You Missed | Full Season Breakdown
5n9KeBiwLrg Spider-Man: Far From Home: Official Trailer Explained | MARVEL BREAKDOWN
5n9oJr_7bhw THE BAD BATCH Episode 13 Breakdown | Ending Explained, STAR WARS Easter Eggs And Things You Missed
5zPavrm1bes Stranger Things 4 Predictions: Everything We Expect To See After The Ending Of Season 3 Explained
60TD0KtwEQ8 OBI WAN KENOBI Trailer Breakdown And Sizzle Reel Explained | Plot Theories And Darth Vader
60YqbrzTKR4 The Walking Dead: Season 10: Episode 3 Breakdown & Ending Explained + Episode 4 Predictions
60buELC_ADU FALCON AND WINTER SOLDIER: US Agent First Look And Introduction Of Thunderbolts | MARVEL NEWS
65iRMXVH3MI The Hole In The Gound: Ending Explained | Full Movie Spoiler Talk
68EkIiHTU8c GODZILLA VS KONG Update: No Trailer And Likely To Go To HBO Max Or Netflix According To Report
68pNvaipY28 THE NEW MUTANTS Explained: Full Movie Breakdown, Review, Ending, Delays And X-Men Easter Eggs
69nK5NL-9SM Top 3 Captain Marvel Theories | Avengers Cameo, Infinity War Tie In & More
6AwEEEdo55k 365 DAYS (365 DNI) Ending Explained Breakdown, Sequel News + Full Movie Spoiler Review | NETFLIX
6IDhE1qLj8s Child's Play 2019 Entire Leaked Movie Plot Breakdown | HEAVY SPOILERS On The Chucky Remake
6IJJxbmcqdY INVINCIBLE Cecil Stedman Explained | Full Comic History, Show Differences And Origin Story Breakdown
6JTwmRVmC90 MARVEL'S THE ETERNALS PLOT LEAK BREAKDOWN + THE MCU'S FIRST GAY SUPERHERO
6JhDCPUEDRg Watchmen: Season 1: Episode 3 Breakdown & Ending Explained + What Ozymandias' Plan Is
6Sh9Ezf8e7I Castlevania Season 3 Ending Explained Breakdown | Full Spoiler Review And Season 4 Predictions
6Wdgab6vjOs THE BATMAN 2022 Official Trailer Breakdown | Easter Eggs Explained & Things You Missed | DC FANDOME
6cWFLogdhfs I found every Easter Egg in The Dark Knight | Batman
6ffrnb0ci9o Insane Details In BLACK PANTHER That You Only Notice After Binge Watching The MCU | EASTER EGGS
6fxPgDXrKdQ BOOK OF BOBA FETT Episode 7 Easter Eggs, Ending Explained & Spoiler Review | STAR WARS Breakdown
6iciBjdFwt8 Kevin Hart Reacts To The Game Of Thrones Season 8 Ending & HBO Taking Control From George RR Martin
6jzi4vFN_6w HIS HOUSE Ending Explained Breakdown & Full Movie Spoiler Talk Review | NETFLIX HALLOWEEN
6om11DK0cvE Game Of Thrones: Season 8: Episode 6: Finale: Ending Explained Full Breakdown | Who Lives, Who Dies
6pX8F_nxyIk Marvel's Black Widow: New Movie Information & Plot Leak Breakdown
6sZ5BSiqwNM IT Chapter 2: Adrian Mellon And The Derry Gay Hate Crimes Explained | Character Biography Breakdown
6yeDvdtpawQ JUSTICE LEAGUE Snyder Cut Major Update: Jared Leto Officially Returning As Joker!
70WeHForFf4 RATCHED Ending Explained Breakdown + Spoiler Review, Predictions & Theories For Season 2 | NETFLIX
70p2GmttOCw Top 5 Real Life Killers, Places And Crimes That Inspired American Horror Story (ALL SEASONS)
71-4R8AJZCo BATMAN 2021 UPDATES: Villains Confirmed, Two-Face, Logo, Fake Batmobile, Andy Serkis, Penguin & More
71EQpfiGAFw SPIDERMAN 3 Updates: Tom Holland Variety Interview, Doctor Strange, Miles Morales, Leaks And More
720H4tvioSw LUCIFER Season 6 Ending Explained Breakdown | Full Series Spoiler Review
72TyTEeK8YE SNOWPIERCER Episode 3 Breakdown & Ending Explained | Full Recap & Review Of 'Access Is Power'
789Y7rqxmpI The Great Hack (2019) Netflix Documentary Review
79X-3SCyvNk BOOK OF BOBA FETT Episode 6 Easter Eggs, Ending Explained & Spoiler Review | STAR WARS Breakdown
7ANxaXVgY_Y Spider-Man: Far From Home: Full Leaked Plot Breakdown + Post Credit Scene Explained | HEAVY SPOILERS
7CHIHIlQgjA SPIDERMAN No Way Home (2021) New Plot Details And Leaks, Trailer Release Date, Spider-Man 4 Scene
7CUCq3a5oZM WATCHMEN: Doctor Manhattan Explained | Full Character Biography, Powers & Season 2 Predictions
7LPoB2NZnhA Chilling Adventures Of Sabrina: Ending Explained + Season Two Predictions
7TfNbRvDDkg Game Of Thrones: Fixing Season 8 | How To Fix Those Character Arcs And Make GOT Great Again
7UO--B8aFVE The Mandalorian: Episode 7 Breakdown & Ending Explained Spoiler Review | Easter Eggs & Fan Theories
7_iVyIdrJgQ MOON KNIGHT Explained | Full Origin Story, Powers, Oscar Isaac Casting & Disney Plus Show
7kQ6eXnyOH0 THE BAD BATCH Episode 5 Breakdown | Ending Explained, STAR WARS Easter Eggs And Things You Missed
7m_2KkD6az8 RICK AND MORTY Season 5 Episode 2 Breakdown | Easter Eggs, Things You Missed And Ending Explained
7myfRqBhEdM INSANE DETAILS In THE AVENGERS You Only Notice After Binge Watching The MCU | Easter Eggs
7s8MKeYm4Og Watching The Watchmen | Episode 1 | At Midnight Review And Analysis With Deffinition & Tom Kwei
7wXGvB37kds WESTWORLD Season 4 Fan Theories & Predictions | Stubb's Fate, Solomon's Real Plan, Dolores & More
7y6OdczZAK4 I found Every Easter Egg in Avengers Endgame
82RY0K2hH94 THE BATMAN 2022 Official Trailer 3 Breakdown | Easter Eggs Explained, Things You Missed And Reaction
83usc4a7T1g Why Idris Elba Saying That James Bond Should Be A Woman Is Stupid
84FVIUptygM RICK AND MORTY Season 5 Episode 7 Breakdown | Easter Eggs, Things You Missed And Ending Explained
87V37f_np28 WANDAVISION Episode 8 Theories: Quicksilver, Agatha Origin Story, Mephisto, Nightmare & Loki
89xVXeUgih4 JUSTICE LEAGUE SNYDER CUT OFFICIALLY CONFIRMED! HBO Max 2021 Release & News Breakdown
8EX-XevBPo0 Top 6 Dunkirk Facts You Didn't Know | Films & History
8EzCp8lldWY Birds Of Prey Changes Title To Save The Movie | Why It Won't Work And The Reasons The Movie Bombed
8H87Zxs8IAw The Super Weird Ending Of THE THIRD DAY Explained | Full Breakdown & Review
8HLgeTKsEPs Avengers: Endgame: Full Time Travel And Parallel Timelines Finally Explained With This Map
8HRbqbxoCJs LOKI Kang The Conqueror Explained | Origins, Powers & His Scariest Variants | Immortus, Doom & More
8Hlc7a-neMI Better Call Saul: Season 4: Episode 10: Ending Explained Review
8MettXjE_Mc Game Of Thrones Prequel Update: Bloodmoon Cancelled & House Of The Dragon Announced
8S08iW7c8QQ Luke Cage: Season 2: Ending Explained & Season 3 Predictions
8UY7tBo6DWo Crisis On Infinite Earths: Episode 2 Breakdown & Ending Explained | Batwoman Cameos & Easter Eggs
8Upza0dV2lA INSANE DETAILS In CAPTAIN AMERICA CIVIL WAR You Only Notice After Binge Watching The MCU
8ZyVLwur17g The Walking Dead: Season 10: Episode 2 Breakdown & Ending Explained + Episode 3 Predictions
8dw44muC59g New EASTER EGGS Found In SPIDERMAN INTO THE SPIDER VERSE | Raimi, Wolverine, Iron Spider & More
8eKBGDZjRDw Avengers: Endgame Official Trailer: 6 Things You Probably Missed
8iKWXIcZDbA MORBIUS: First Look At Jared Leto's Morbius Leaks Online + Trailer Release Date And Time
8kKSUbrOwLo THE PLATFORM Ending Explained Breakdown + Full Movie Spoiler Talk Review | NETFLIX
8myp7Ib021w BATMAN BATSUIT FIRST LOOK BREAKDOWN AND LEAKED FOOTAGE | Massive New Updates + Catwoman And More
8nYbLwM9TH8 The Capture: Ending Explained Breakdown + Season Two Predictions
8pZPT0utuLM SUICIDE SQUAD 2021 Official Lineup Reaction
8tgDNV6OelQ Game Of Thrones: Season 8 Explained: Everything We Know So Far: Full GOT S8 Update
8u5DWbUmEts INSANE Details I Noticed In BATMAN V SUPERMAN After Binge Watching The DCEU
8vQQ2-U4Qv0 The Invisible Man Ending Explained Breakdown | Full Movie Spoiler Talk Review & Questions Answered
8yBYTYxrGW4 Voltron: Season 8 Finale: Ending Explained & Post Credits Scene Breakdown
8zv4EyK_jo0 LOKI Season 2 Explained: Breakdown Of Everything We Know & What The BTS Told Us About Kang & Sylvie
91WFy26uMJM SERVANT: Ending Explained Breakdown + Full Spoiler Talk Review
96Uc5HGNnwM AGENTS OF SHIELD Season 7: Episode 6 Breakdown & Ending Explained | New Simmons Theory & The Twists
9EsK6ju0-1Q Happy Death Day: Full Movie Story Recap & Ending Explained In 4 Minutes | Road To Happy Death Day 2U
9HJxeIg1gyI HUGE Detail In The SPIDERMAN No Way Home Costume Leaks That Seemingly Confirms A BIG Theory
9IO96zY0EXw Ralph Breaks The Internet: Ending Explained & Both Post Credit Scenes Breakdown
9J8z1dz5gFA Joker: Joaquin Phoenix 'STORMS' Out Of Interview After Being Asked If Joker Could Inspire Evil
9Knj3h-0VMs Halloween: Michael Myers Explained | Breakdown Of His Origins, History, Inspiration + More
9Ku4QTqIiC4 Ant Man And The Wasp: Post Credits Scene Theory (FULL SPOILERS)
9OZczRT14DA SQUID GAME Every Ending Clue That [SPOILER] | Things You Missed And Hidden Details | 오징어게임
9P1J2y69szk Joker Teaser Trailer Explained | Breakdown Of Everything You Missed From The 2019 DC Movie
9UBNsiQ132k TRANSFORMERS War for Cybertron Trilogy KINGDOM Ending Explained Review + Full Series Breakdown
9WwkZ3ADggE WESTWORLD Season 3 Episode 7 Breakdown | Ending Explained, Easter Eggs & William Caleb Connection?
9YE2Ggl7Ol4 Selfie From Hell Movie: Ending Explained + What The Film Represents
9_314HcGpZA IT Follows: Ending Explained + What The Monster Represents | Full Film Review & Analysis
9dJMTxADct0 Grand Admiral Thrawn Explained: Full Character Breakdown Of The Star Wars Mandalorian Villain
9hKMw7d0sGs Why THE LAST OF US Part 2 Damage Control Is A COMPLETE DISASTER | Naughty Dog Last Of Us 2 Leaks
9jK61beR9Qs RANT - James Bond Replaced As 007 By Lashana Lynch Breaks The Internet - Is It Good Or Bad?
9jlV7HT_TBM The Witcher Timeline Explained | Full Order Of The Netflix TV Show
9nimGv37rmQ Doctor Sleep: Rose The Hat & The True Knot Explained | Backstory, Powers, Book & Film Differences
9ptN9-2OvBQ Spider-Man No Way Home: How Doctor Octopus Survived, Jamie Foxx Theories, Plot Leaks & Green Goblin
9s5R3cAiQS4 Rim Of The World: 2019: Netflix: Ending Explained + Spoiler Talk Review
9sD4kkyJ4e0 The Twilight Zone: 2019: Episode 4: A Traveler: Ending Explained + Spoiler Talk Review
9tuSNLAy2yY MORTAL KOMBAT Movie Easter Eggs, Fatalities, Hidden Details, Things You Missed And Video Game Nods
9uwj6C9IJHg STAR TREK: Picard Episode 5 Breakdown + Ending Explained | Spoiler Review, Easter Eggs & Predictions
9xEqrr8kJuo DARK SEASON 3 Ending Explained Breakdown + Full Series Spoiler Talk Review | NETFLIX
A0rKaD1gBjM The Walking Dead: Season 9: Episode 6 \
A1RkGvk36bI Velvet Buzzsaw: Ending Explained: Netflix Original Horror | Spoiler Review
A233Ox5y1ZA WATCHMEN: What Happens To Doctor Manhattan Next? | Episode 9 Best Fan Theories, Predictions & More
A3H686tRbdY The Walking Dead: Season 9: Finale Ending Explained | Who's On The Radio? | Recap & S 10 Predictions
A9j1ob-oKCo Marvel's The Eternals To Explain The Origins Of The Celestial Head Knowhere & Beginnings Of The MCU
ADzUs3xhxcY INSANE Hidden Details In HEREDITARY That Make It One Of The Creepiest Horrors EVER
AGpQ1HcrOck SPIDERMAN 3 Everything We Know So Far + Miles Morales, Tobey Maguire & Andrew Garfield Rumors
AHE1PpdqY-8 Spider-Man: Far From Home: Mysterio Fan Theory
AI9P3ukkbLg Spider-Man: Into The Spider-Verse: Ending Explained & Post Credits Scene Breakdown [SPOILER TALK]
AMP5yJgED3o WANDAVISION Episode 5 Breakdown & Ending Explained Spoiler Review | Marvel Easter Eggs & Theories
AOCcJAqPWoc The Devil All The Time Ending Explained Breakdown & Full Movie Spoiler Talk Review | NETFLIX
ARIdWm_P6Uo SPIDER-MAN No Way Home: The One Line In The Script That Changes EVERYTHING About The Ending
ASCArUDqPoA TRAIN TO BUSAN 2 반도 Peninsula Ending Explained Breakdown + Full Movie Spoiler Talk Review
AU0dGacMTig Liam Neeson: Racist Comments, Backlash and Red Carpet Event Cancelled | FULL STORY EXPLAINED
AUpJQXMnXCA Avengers: Endgame: Underwater Earthquake Explained | How The Movie Teases The Next MCU Villain
AZIQU_5n0bk Star Wars: The Rise Of Skywalker: The Identity Of Rey's Parents Revealed? | LEAKS AND BEST THEORIES
Ac1l7tUAzOg Us: Hidden Secret Twist You Missed Explained | Why Jason Seems So Weird
AgNc1zT9xH8 Star Wars: The Rise Of Skywalker | D23 Special Look Explained | Breakdown Of Everything You Missed
AlWwjW_0JIg Mission: Impossible - Fallout: Plot Breakdown + Ending Explained
Aq1JSFcyyTE UNCUT GEMS Ending Explained Breakdown + Full Movie Spoiler Talk Review
AqePPEWIF5U Batman: Gotham By Gaslight Animated Movie Review (NO SPOILERS)
AwO5kGYT7sM Spider-Man: Far From Home: Mysterio Explained | Movie Biography, Powers & Comic Book History
AydN01ttnNg MOON KNIGHT Episode 1 Breakdown & Ending Explained Spoiler Review | Easter Eggs & Things You Missed
B0dL18-By-k MAJOR DC NEWS: Fandome Event Breakdown, Secret Movies, Ray Fisher Drama, Batman Arkham Sequel & More
B30JwXCKtXo Slender Man Movie (2018): Ending Explained + Meaning Of The Monster
B8xxymJTpwU Avengers: Endgame: Everything We Know So Far: CinemaCon Footage, Confirmed Plot Leaks + Thanos Wins?
BKN5YgviwFg Why Tony Stark Is Not Dead In Spider-Man: Far From Home | AVENGERS: ENDGAME FAN THEORY
BKqDW8JGdeY Knives Out: Twist Ending Explained + Full Movie Breakdown & Spoiler Talk Review
BOWE6qjV5xE THE STAND Episode 4 Breakdown, Ending Explained Spoiler Review & Book Differences
BWsP4SJ__EA SPIDER-MAN OFFICIALLY OUT OF THE MCU | DEAL UPDATE | Sony CEO Says Disney & Marvel Deal Is Over
BZOCbBuZ5ts Watching The Watchmen | Doomsday Clock #12 Spoiler Review And Ending Explained
Bazg-4tUH9E THE MATRIX Resurrections Ending Explained | Post Credits, Movie Breakdown, Review & Easter Eggs
Bm2kEUPGPiw Star Wars: The Rise Of Skywalker: Final Trailer: How Emperor Palpatine Survived And Will Return
Br7g6wwmDOQ IT: Chapter Two: Everything We Know So Far About The 2019 Stephen King Sequel
Bs6CWzkMWaY SHAZAM Ending Explained Breakdown + Post Credits Scenes, Hidden Easter Eggs You Missed & Review
Bt7F_sIB-Vw Ant Man And The Wasp: Post Credits Scene Explained (FULL SPOILERS)
BvJ0VD9KxSg Spider-Man NEWS | Tom Holland Had A Cameo In Venom But Disney Made Sony Cut It
Bx2EMeVZ8fM DOCTOR STRANGE In The Multiverse Of Madness Official Trailer Breakdown, Easter Eggs And Reaction
Bz-vXSghtYY AGENTS OF SHIELD Season 7: Episode 4 Breakdown & Ending Explained | Easter Eggs, Theories & More
BzT5bKq5oYc Let's Play Arkham Knight With A Batman Expert | PART 2
BzkNpxMjd5g Leaked SPIDER MAN 3 2021 Set Photos Tease BIG Fan Theory + Harry Osborn? Suit Updates And Daredevil
C1___bjiEGY Lucifer Ending Explained | Season 5 Part 2 Breakdown, S6 Theories + Full Series Spoiler Review
C20NjTyHzBg THE BATMAN Ending Explained: Sequel Theories, Penguin, Bruce Wayne, Robin? [SPOILER] And More
C2JyIpj2tiY Why This Scene in SPIDER-MAN Homecoming Is Perfect
C3kQGN6dIEc VENOM 2: Let There Be Carnage Plot Leaks, Title Reaction, Morbius, Spider-man & Trailer Release
CNLeQ4xuYiQ WESTWORLD Season 3 Episode 5 Breakdown | Ending Explained + Easter Eggs & How Rehoboam Works
CQz05AtauLs Marvel Finally Confirms What Happened To Steve Rogers At The End Of Avengers: Endgame
CTAHlh2u-WA 12 Angry Men Review with Tom Kwei | GREATEST MOVIE EVER PODCAST
CYbzsQuzjII THE BATMAN New Rumor: Barry Keoghan Is Actually Playing A BIG Batman Villain? | Joker Theory
CYihu3U1t8w A Quiet Place Ending Explained Fan Theory With John Krasinski
C_5BUgGArfw Falcon And The Winter Soldier EPISODE 6 Breakdown & Ending Explained Review | Marvel MCU Easter Eggs
Cc-irzyu29c I found Every Easter Egg in Marvel’s Eternals
Cfm108mf2-U TRANSFORMERS War for Cybertron Trilogy SIEGE Ending Explained + EARTHRISE Post Credits Scene
CgX0ZB8JVbI Wounds: Ending Explained Breakdown + Full Movie Spoiler Talk Review & Curse Meaning
ChuLjbYeyNg Marvel's The Falcon And The Winter Soldier Explained | Everything We Know About The Disney + TV Show
Ci_uIOzC5Ys Aquaman: Unite The Seven Poster Explained
CoPE_TXMWkc The Shape Of Water Film Analysis: The Monstrosity Of White Privilege
CqRWAgeuJ0Y DOCTOR STRANGE In The Multiverse Madness Trailer Breakdown | Easter Eggs And Professor X!?
Cs73kADbodM The Predator: Ending Explained Review + Possible Sequel Direction
Cvuq_hhEk_c Game Of Thrones: Season 8: Leaked Plot Spoilers Confirmed | Full Breakdown Of The Finale | SPOILERS
Cwjv1YSKd1I RICK AND MORTY Season 5 Finale Breakdown | Episode 9 & 10 Easter Eggs And Ending Explained
CxTOdM-ulGs INSANE DETAILS In AVENGERS INFINITY WAR You Only Notice After Binge Watching The MCU | Easter Eggs
CxTcxx_WXdE GODZILLA VS KONG Trailer Breakdown | Why Kong Has A Collar On And This Teaser Fight Scene Explained
Cxo8Syi2YAU IT Chapter 2: Ending Explained Breakdown + Full Movie Spoiler Talk Review
CydHGt648Wo Black Summer: Netflix: Ending Explained + Spoiler Talk Review | The Prequel To Z Nation
D2HJ9MUTV2k INVINCIBLE Episodes 7 Breakdown & Ending Explained Review | Easter Eggs & Comic Book Differences
D5lyjRQowio DUNE 2021 Official Teaser Trailer Breakdown | Easter Eggs, Things You Missed And Movie Updates
D97gUjYYxW4 ALL OF US ARE DEAD Season 2 Theories, Predictions & Everything We Know | #지금 우리 학교는 Ending Explained
D9JvRSi_Yh4 DUNE 2021 Ending Explained | Full Movie Breakdown, Sequel News, Review And Reaction
DACKEnv9yjs INSANE DETAIL I noticed in Shang-Chi And The Legend Of The Ten Rings
DDNxxreM-iA Bumblebee: Everything Explained: Full Spoiler Talk Review: Movie Plot & Ending Breakdown
DGXBGRKWhkk I found Every Easter Egg in Spider-man (2002)
DIBD6ccvRT8 THE GRUDGE 2020: Ending Explained, International Differences + Timeline Breakdown | HEAVY SPOILERS
DKC2tBflJSI Guardians Of The Galaxy 3: Beta Ray Bill To Debut & Thor Confirmed As Part Of The Crew
DLN1iMrFODo The Spy: Netflix: Ending Explained Breakdown, Spoiler Review And Real Life Story Of Eli Cohen
DSlz0zieZ4s Lucifer: Season 4 Recap and Ending Explained Breakdown | NETFLIX
DT5XMfRpUXY THE BOYS Black Noir Explained | Full Comic Book Story Breakdown, Powers & Origins
DV_CfB7_jFM Malevolent: Ending Explained Review
DXo6CTrE9T0 Game Of Thrones: Season 8 Trailer Explained Breakdown: Everything You Missed
DcuJo-2_Bkg THE STAND Episode 6 Is OFFENSIVELY Bad: Breakdown, Ending Explained Review & Book Differences
Dgql1QYi73k Glass: Reviews Round Up, Rotten Tomatoes Score And Box Office Prediction
Dmd8XsBQ9yY INVINCIBLE Episodes 8 Breakdown & Ending Explained Review | Easter Eggs & Comic Book Differences
DpoaMPy8T_Y The Twilight Zone: 2019: Episode 1: The Comedian Ending Explained And Spoiler Review
Dsp7zZXes-c MARE OF EASTTOWN Ending Explained | Episode 7 Breakdown And Full Series Review
Dtp0tnimPlo BLACK WIDOW: Trailer Breakdown | All Easter Eggs, Things You Missed, Plot Leaks And Fan Theories
DxFNALnTT9A Andrew Garfield Reveals More Spider-Man No Way Home | Leaks, Venom 3 And Emma Stone
DxPXc2O8eDI WESTWORLD Season 3: Best Fan Theories For The Finale | Dolores Serac Host, Spy Caleb, The Key & More
DyLt9PWE1_s BLACK WIDOW: First Review Leaks Post Credits Scenes, Taskmaster's Identity & More | FULL BREAKDOWN
DzceWcyCMmI Will Smith Slaps Chris Rock At The Oscars | Reaction And Initial Thoughts
E3MNpe0PkK8 The Umbrella Academy: Explained | Everything You Need To Know Before You Watch The Netflix Show
E6md2Tit78M Patient Zero: Ending Explained Review
EBilCAwiaUI Avengers: Endgame Re-Release Footage Breakdown | New Deleted Post Credits Scene Explained
EDOjps8NfqI It Chapter 2: Pennywise Explained | Full Breakdown Of The Creatures Origins, History + More
EE3KfjbSA90 JUSTICE LEAGUE Snyder Cut Major Update: Joe Manganiello Returns As Deathstroke
EMiKbm5Y9Gc Falcon And The Winter Soldier Theories, Predictions And What Happens In The Comics | Marvel
ENYllgANb8s The Full Marvel Infinity Saga Timeline In Chronological Order Scene By Scene | MCU WATCHING ORDER
EPG85NZ-hi0 INSANE Details In The Haunting Of Hill House | Hidden Twist, Background Ghosts & Black Mold Theory
EUJBBNy56o0 Top 10 Most Powerful Quotes In The MCU | Iron Man To Avengers: Endgame
EX0wNf4JvbI Game Of Thrones: Season 8: Alternate Ending | THIS IS AMAZING
E_z6_D2VyKM Avengers: Infinity War Ending Explained + What The Post Credit Scene Means
Ee5R29872_U SPIDERMAN No Way Home Official Trailer Breakdown | Easter Eggs Explained & Things You Missed
EejWE7WgD1A BOOK OF BOBA FETT Episode 2 Breakdown | Easter Eggs, Ending Explained & Spoiler Review | STAR WARS
EfC2MNB6SJw BATMAN GOTHAM THEORY + HBO Max Show Info, Movie Updates, Plot Leaks, New Batsuit Easter Eggs & More
Ek6HTqkNcVA STAR WARS The Bad Batch Episode 1 Breakdown | Ending Explained, Easter Eggs And Things You Missed
EpPJbKrS-qg THE BOYS Season 2 Episode 5 Breakdown & Ending Explained | Review, Predictions, Theories And More
EqEg7SZNOhk Serenity (2019) Ending Explained | The Worst Movie Twist Ever | RANT | FULL MOVIE SPOILER REVIEW
EtE4zDo4n_g Marvel Phase 4 Full Slate Breakdown & Reaction | All Confirmed Upcoming MCU Movies Explained
Eu9lRLOBoe8 Greatest Movie Ever Podcast: The Shining (Episode #1 with Alex Bentley)
EwHCxWi4VvM LOKI Episode 5 Theories: Time-Keepers, Kang, Miss Minutes, Loki Variants, Ravonna, Mobius & More
F--VJgnv-WQ Game Of Thrones: White Horse Explained | The True Meaning Behind Arya's Ending | Season 8: Episode 5
F0q6IslolVE SPIDERMAN No Way Home Ending Explained | Full Movie Breakdown, Post Credits Scene & Easter Eggs
FAphbilKgTE Daredevil: Season 3: Ending Explained (Netflix 2018)
FO929ca4TKk Spider-Man Far From Home: New Post Credits Scene Breakdown & The True Meaning Behind It Explained
FU0Us0LfM_4 Star Wars: Episode IX: Official Disney Trailer: Leaked Information Breakdown
FWm-RDRQxSM Tenet Explained: The Biggest WTF Questions Answered
FX6qforbKyI INSANE DETAILS In Zack Snyder's Justice League I Noticed After Binge-Watching The DCEU | Easter Eggs
Fadt0Lqw2Ok AHSOKA TANO Explained | Who Is The Mandalorian Season 2 Character? | Clone Wars, Rebels & More
FcAuoviaMU0 The Haunting Of Hill House: Ending Explained: How The House Won, The Red Room, Dudleys + More
Fc_yWFXsrKA Avengers Endgame: Spoilers: The Captain Marvel Power That Could Defeat Thanos
FgaO2FDe42o Avengers: Infinity War: Odin Fan Theory
FhFNPt3s0oY RESIDENT EVIL 8 Village Ending Explained | Story Breakdown, Post Credits Scene & Next Game Theories
Fl_YKC0yKmA The Little Stranger: Ending Explained By Director Lenny Abrahamson
FndKlwC8m14 MORBIUS Ending And Post Credits Scene Spoiled By Director | Rant About WTF Is Going On With Sony
FpTl2Ul0eEE Iron Man 2: Insane Details & Easter Eggs You Only Notice After Watching The MCU Infinity Saga
Fv3Uixws7Oo Zack Snyder's JUSTICE LEAGUE Breakdown: Everything We Know About The Snyder Cut | HBO MAX
FxLhIsB080A The Haunting Of Bly Manor Ending Explained Breakdown | Full Season Spoiler Review | NETFLIX
Fy6a9g59HyE Marvel's Avengers Full Leaked Gameplay Demo Footage & Reaction | SDCC 2019
G08DDSZq2KQ Marvel's What If? Explained | Breakdown Of Everything We Know So Far, Casting, Release Date + Story
G1bKiZw6Yig DOCTOR STRANGE In The Multiverse Madness Variant Cameo Theories | Mr Fantastic, Professor X & More
G2-Hq_EAjIA HAWKEYE Episode 5 Breakdown & Ending Explained Spoiler Review | MCU Easter Eggs & Things You Missed
G7k31_vnISg THE MATRIX 4 Resurrections Trailer Breakdown, Story Explained, Plot Leaks, Theories & Easter Eggs
G8ZxT8Zzetg THE FLASH Trailer Breakdown | Easter Eggs Explained, Theories & Things You Missed | DC FANDOME
GC1b47WkK_c Robert Pattinson Cast As Batman In The New 2021 DC Matt Reviews Solo Movie | NEWS
GCG6F8j2PIw Top 5 Deleted Comic Book Movies Scenes That Should've Made The Final Cut | Hulkbuster, Joker & More
GDtJp9id1oM WATCHMEN: Episode 8 Breakdown & Ending Explained | Post Credit Scene Theories + Full Spoiler Review
GEI6V5Thhpc The Mandalorian: Episode 5 Breakdown, Ending Explained Spoiler Review + Who The Mystery Character Is
GLFFfUvQvPk LOKI Episode 2 Breakdown & Ending Explained Spoiler Review | Marvel Easter Eggs & Things You Missed
GLdAyhQ0Ed0 THE MANDALORIAN SEASON 2 Everything We Know | Release Date, Baby Yoda & Boba Fett Darth Maul Theory
GPycx24f_g8 A QUIET PLACE Part 2 Monsters Explained: Alien Origins, Theories And The Detail Everyone Missed
GQyZf0PDo5s Black Mirror: Bandersnatch: Deleted Scenes & Endings Explained
GSZSHZtUFlg THE OUTSIDER: Episode 5 Breakdown & Ending Explained + A BIG DETAIL YOU MISSED ABOUT JACK!
GX-ib4LBGFo Is The Batman Getting Canceled Because Of The Justice League Snyder Cut? | Clickbait Busting
GXzNbv8nP9M Godzilla Vs Kong, Falcon And Winter Soldier & Snyder Cut Superbowl Trailer Breakdowns | Easter Eggs
GbIx2C7YYn4 Watership Down: Ending Explained, Plot Breakdown & Themes | Netflix & BBC Original (2018)
GbnaN6V66zQ BOOK OF BOBA FETT Episode 4 Easter Eggs, Ending Explained & Spoiler Review | STAR WARS Breakdown
GbtGRTa5tsM THE STAND (2020) Ending Explained: Episode 9 Breakdown And Full Season Spoiler Review
Gej8iqJirO4 THE BOYS New Black Noir Theory Breakdown
GejewfrCRTo Marvel's WHAT IF Trailer Breakdown | Easter Eggs, Episodes, Things You Missed & Theories
GenLIzhU2Fg SQUID GAME Breakdown: Every Easter Egg, Clue, Hidden Detail & Ending Explained | 오징어게임
Gj3Gb3V_U_M Spider-Man: Far From Home: Extended Cut Breakdown | All New Scenes Explained
GlQ1-1D2ohI Orbiter 9 Ending Explained + What The Movie Symbolises
GzRGEsW00aI Why No One Understands What Makes The Marvel Movies Good
H0yr9_jI1mA Alita: Battle Angel: Ending Explained | Full Breakdown On What THAT Cameo Means
H5VwRjrAObk RAISED BY WOLVES Alternate Ending Time Travel Theory
H6Qv_kJFMFs SNOWPIERCER Episode 4 Breakdown & Ending Explained | Full Recap & Review Of 'Without Their Maker'
H9Fvs7lSIl0 THE BAD BATCH Episode 10 Breakdown | Ending Explained, STAR WARS Easter Eggs And Things You Missed
HBdCYKaSMI0 SPIDER-MAN 3 Tobey Maguire And Andrew Garfield CONFIRMED As Returning By Sony Latin Trailer Leak?
HDJTa7BCIGI I Figured Out The DOCTOR STRANGE MOM Plot By Watching The Trailer In Chronological Order
HFMr8OCXZHo TENET Explained: What Really Happened To Neil At The End
HFPa5hGnoDs Black Mirror: Bandersnatch: Ending Explained Analysis | My Choices + Outcomes | Spoiler Talk Review
HHT8XPX5fx0 BOOK OF BOBA FETT Finale Predictions: Han Solo Returns, Kylo Ren, Mace Saves Grogu, Qi'Ra & Cad Bane
HJw1Ce1ychk Ghost Stories Ending Explained (2018) + What The Stories Represent
HKFdpg1Afb8 The Top 10 Best 4k Blu-Ray Movies For Newbies (2018 List)
HQbOnldo1gU Watching The Watchmen | Episode 10 | Two Riders were approaching...Review & Analysis
HRFMcQi3pTM LOKI Episode 6 Finale Predictions: The True Villain | Classic Loki, He Who Remains, Kang And More
HVjbSrW0It8 The Dark Knight Returns: The Last Crusade Review & Indepth Analysis | Road To Dark Knight 3
HW8tKKPDqD8 LOKI Episode 1 Breakdown & Ending Explained Spoiler Review | Marvel Easter Eggs & Things You Missed
HbIgMinT8ZE Bad Times At The El Royale: Pre-Credits Ending Scene Explained
HcODRjeWyco Watching The Watchmen | Doomsday Clock #6 Review | 'Truly Laugh'
Hf6OB34m-_A GET OUT Easter Eggs, Hidden Details And Things You Missed
HfQa2uMTgXg Wonder Woman 1984: PLOT LEAKS SOUND BAD | Full Breakdown & Why The Movie Has Been Labeled A DISASTER
HgHoi9rQczI EUPHORIA Season 2 Ending Explained | Full Series Recap & Episode 8 Breakdown
HgIcW_EEGps BAD BATCH Episode 14 Breakdown | Ending Explained, STAR WARS Easter Eggs And Things You Missed
Hi9Xhgm-3YM BOOK OF BOBA FETT Episode 3 Easter Eggs, Ending Explained & Spoiler Review | STAR WARS Breakdown
Hir0rMZntj0 THE NEVERS Ending Explained | Episode 6 Breakdown, Reaction, Recap, Review & Season 2 News | HBO
HkDRIiEkdeo The Cancelled Avengers Game Explained | The Marvel Masterpiece That We Could've Had
Hl1IZB068SE I AM NOT OKAY WITH THIS Ending Explained Breakdown | Spoiler Talk Review & Season 2 Predictions
Hlut_fubP0Y THE STAND Episode 8 Breakdown, Ending Explained Spoiler Review & Book Differences
HmuRMiSpGAc UMBRELLA ACADEMY Season 3 Theories, Predictions And More!
HnkA2l7fxl0 Jessica Jones: Season 3: Ending Explained Breakdown | Netflix Spoiler Talk Review
HrsI-V3N5Lo WONDER WOMAN 1984 Ending Explained | Full Movie Breakdown, Credits Scene, Easter Eggs & Review
Hs0Za0fihdA Watchmen: HBO: Ozymandias' Plan Explained + Where He Is & Who Put Him There | CHARACTER FAN THEORY
Hx5JduBMomo Scary Stories to Tell in the Dark 2019: Ending Explained Breakdown, Sequel Theory & Spoiler Review
I-mwqjcMm54 HOW TO DO DEADPOOL IN THE MCU | The Doffman And Superbam Podcast
I-nYfRp8Kdg Locke And Key: Ending Explained Breakdown, Spoiler Talk Review & Season 2 Netflix Predictions
I3UfwHrO2K0 Bad Times At The El Royale: Who Was On The Tape?
I6-jsPsTBII OFFICIAL SNYDERCUT UPDATE: Zack Snyder Drops Statement That Teases JUSTICE LEAGUE Reshoots & HBO MAX
I8oFfHuzW38 Avengers: Endgame Trailer 3 Explained: Full Breakdown & Plot Theory Confirmed?
I8s2ExNuQGU Glass: The Biggest Twist Explained | M Night's Best Twist Ending Ever?
IFz9YsU7yoY LOCKE AND KEY: Season 2 Theories, What Happens Next, Release Date & Everything We Know So Far
IKt9E3g9LPQ SQUID GAME Il-Nam Explained | Origins, History, New Clues & Why The VIPs All Wear Masks | 오징어게임
IMoeZeHXwjc Watching The Watchmen | Doomsday Clock #3 Review
INJqL3oTsR8 The Lighthouse Ending Explained Breakdown, Real Life Story & Spoiler Talk Review
IPu1tb8gIwQ How It Ends: Ending Explained (Alternative Theory)
IQdj_c8IGpM SNOWPIERCER Episode 2 Breakdown & Ending Explained | Full Recap & Review Of 'Prepare To Brace'
IQlyryMxmMk Marvel Boss Kevin Feige Does An AMA That Answers A LOT of Questions About The MCU
IYVDhWuUmJE THE BOYS Lamplighter Explained | Full Character Breakdown, Comic Book Origins And Powers
IYf4uz8xXms Top 6 Annabelle Facts You Didn't Know | Horror Movie Easter Eggs
IaW8m9ODfhM SQUID GAME Ending: A BIG Thing You Missed About Il-Nam's Final Scene & Front Man Theories | 오징어게임
IcbDrB7pbuM VENOM 2 Let There Be Carnage Trailer Breakdown | Easter Eggs Explained, Things You Missed & Reaction
IeEborU1Jf8 Sicario: Story Recap & Ending Explained | Road To Sicario 2: Soldado
IekZ82bpQ0M MORTAL KOMBAT Ending Explained | Full 2021Movie Breakdown, Review, Easter Eggs And Sequel News
IgJHaeCtqKg STAR WARS: The Rise Of Skywalker Ending Explained Breakdown + Full Movie Spoiler Talk Review
IgWTK2xJyrU BLACK WIDOW Ending Explained, Post Credits Scene Breakdown And Full Movie Spoiler Review | MCU
IhsA5KpprCk SPIDER-MAN No Way Home Deleted Scenes | Mysterio's Return, More Matt Murdock And America Chavez
IjtnnKtK9yM Black Panther 2 Villain Leaked By The Same Source That Announced Taskmaster And Mandarin For Phase 4
Il2DEIxyr4U THE MATRIX 4 How Neo Is Alive | Best Fan Theories On How The Keanu Reeves Character Will Return
Il3kZoxqqw4 Will Smith Apologizes To Chris Rock For Slapping Him At The Oscars | Reaction And Initial Thoughts
Im05jopZL74 LOKI: Why Sylvie Was Right
Inps6gi-790 The Boys: Season One: Ending Explained Breakdown + Spoiler Review & Season 2 Predictions
ItGheH_JbzM Why The Batmobile Scene In The Batman Is PERFECT
Iu1g4LwMXWw Spider-Man 3 Set To Be The 'Darkest' Spidey Film With Chameleon Rumored To Be The Villain?
IwoK9R0Gz0A Overlord: Ending Explained Spoiler Talk Review And Real Life Inspiration (2018 Movie)
J-0Dso2OKRo THE BAD BATCH Episode 9 Breakdown | Ending Explained, STAR WARS Easter Eggs And Things You Missed
J1-t41mPTRo WANDAVISION Episode 8 Breakdown & Ending Explained Spoiler Review | Marvel Easter Eggs & Theories
J4qCQ_qdcy4 JUSTICE LEAGUE 2 News, Updates And Zack's Ideas For The Future Of The DCEU | Your Questions Answered
J8bxRgBZEqA Avengers: Endgame: Full Leaked Plot Breakdown + Post Credit Scene Explained | HEAVY SPOILERS
JA8RKIXnyVI Veronica Movie: Ending Explained and Real Life True Story
JAj9FsL1zQ8 LOKI Lady Loki Explained: Full Comic Book Origins, Powers & Episode 3 Sylvie Theories | Marvel MCU
JAuGp3ONPSA UNCHARTED Ending Explained | Full Movie Breakdown, Easter Eggs, Post Credits Scene & Spoiler Review
JBH9VUIAWr0 Apostle: Ending Explained (Netflix 2018)
JBWWAa3Y2OY VENOM 2 Let There Be Carnage Trailer Breakdown | Easter Eggs Explained, Reaction & Things You Missed
JCWPJAane5Q THE CROWN Season 5 And 6: Everything We Know | Release Date, New Cast, Time Setting, Story & More
JH-BMs920i4 Sonic The Hedgehog Movie To Be Redesigned After Paramount Faces HUGE Backlash By Fans
JKrk4XTn6xU HUGE MARVEL MCU PHASE 4 UPDATE | New Plot Details & Leaks About All Upcoming Movies & Disney + Shows
JNGRYaENu1g Captain Marvel: Ending Explained + Post Credits Scene Breakdown | FULL MCU MOVIE SPOILER TALK
JNKFfzm8I2E Zack Snyder's Original 5 Film DCEU Plan | Man Of Steel, BVS & Justice League Parts 1-3 Breakdown
JTjYHMEXnuU THE MIDNIGHT SKY Ending Explained | Full Movie Breakdown, What The Credits Mean & Spoiler Review
JTz2SFsliZY THE UMBRELLA ACADEMY Season 1 & 2 Timeline Explained + How Time Travel Works In The Show
JWBw0vguzEg CHERRY Ending Explained | Full Movie Breakdown, Book Differences And Spoiler Talk Review | Apple TV+
J_0li-zdE5Y THE BOYS Season 2 Episode 6 Breakdown & Ending Explained | Review, Predictions, Theories And More
JbuEfA5JzKA YOU: Season 2: Who Is Joe's Neighbor? | Best Fan Theories & Season 3 Predictions
Je4J5iCSDh8 Spider-Man No Longer Part Of The MCU As Sony And Disney Cut Ties | ANGRY RANT
JhbuIZbee6g Watchmen Movie Review & Analysis: Watching The Watchmen Podcast
JllioT3utDU The Twilight Zone (2019): First Official Trailer Explained | Everything We Know So Far
Jmqvx0owUew Call of Duty: Black Ops 4: Story Ending Explained: Woods and Mason Campaign
JnRmPpEpCLQ Bird Box: Ending Explained + Analysis Of What The Monsters Represent
Jnko49Jx7Fo Spider-man: Alternate Ending Explained | Full Breakdown Of The Original Post Credit & Deleted Scenes
JoxVxEQUQcY LOVECRAFT COUNTRY Season 2 Predictions And Theories
JsiRjkrNx78 The Mandalorian: Moff Gideon Explained | Character's Backstory, The Darksaber, Baby Yoda & Purge
JtmfnE3vgPI Fast & Furious: Hobbs & Shaw Ending Explained & Post Credits Scene Breakdown | SPOILER REVIEW
K0W8VFVhB0A EUPHORIA Special Episode Part 1 Breakdown & Ending Explained | What Happened To Rue Finally Answered
K1riJUg2EnY BATMAN 2021 UPDATES: New Batsuit & Batmobile Details + Colin Farrell Talks Penguin And The Script
K3h8v8--hfk BLACK SUMMER Season 2 Ending Explained | Series Timeline Breakdown And Full Spoiler Review
K4nsyC7KHas Crisis On Infinite Earths: Episode 4 & 5 Breakdown + Ending Explained | DC & Ezra Miller Flash Cameo
K5xVIItRulc Ant-Man Reportedly Heading To Disney Plus Instead Of Getting Third Film | MCU PHASE 4 NEWS
K89pQG3saS0 Polar: Netflix Movie Review | NO SPOILERS
KAVzxHwVmZQ JUSTICE LEAGUE Full Snyder Cut Breakdown | All Additional Scenes, Story, Changes & Ending HBO MAX
KAw7w_FNTjI Star Wars Jedi: Fallen Order: Story Breakdown & Ending Explained + Full Game Spoiler Talk Review
KB4BEDauvR8 THE BOYS Season 2 Explained: Plot, Release Date, Comic-Con, Theories, Cast & Everything We To Know
KGRAQyZbWgk Let's Play Arkham Knight With A Batman Expert | Introduction With Deffinition
KHFqEMSA954 THE BATMAN Ending Explained | Full Movie Breakdown, Easter Eggs, Sequel News, Credits Scene & Review
KI5x6HLrUrc Why OMNI-MAN Is The PERFECT Villain | Invincible
KLMJ8IFA964 Spider-Man: Into The Spider-Verse: Post Credits Scene Breakdown [Ending Explained]
KOwywkcf-ls SPIDER-MAN Miles Morales Ending Explained | Full Post Credits Scene, Easter Eggs And Story Breakdown
KQh1jeMRRtk The Walking Dead: Season 10: Episode 6 Breakdown & Ending Explained + Episode 7 Predictions
KRG3QCfo8Z8 Stranger Things 3: The Secret Hidden Voicemail Message That Reveals Hopper's True Fate Explained
KYJPGbKJfjk SPIDER-MAN No Way Home: How Venom Was Meant To Save Tobey, America Chavez And Original Post Credits
Ka4IoHmTpuI The Favourite: Ending Explained [2018 Movie Spoiler Talk Review]
KdW-tlanYX0 UMBRELLA ACADEMY SEASON 2 Ending Explained Breakdown, Theories, Easter Eggs & Spoiler Talk Review
KeIPMN96VQ4 STAR TREK: Picard Episode 2 Breakdown + Ending Explained | Spoiler Review, Easter Eggs & Predictions
KgZA9QYJzqk THE BATMAN 2022 Superman, Joker, Mister Freeze, Robin And Scarecrow Easter Eggs All Spotted On Set
Kgq_p6ATqHw The Eternals Official Trailer Breakdown, Black Panther Wakanda Forever, Shang-Chi Clips & MCU Slate
KnWIkEwcyMU LOKI Episode 6 Breakdown & Ending Explained Spoiler Review | MCU Easter Eggs & Season 2 Theories
KoDg5NbZx9o WANDAVISION Your Questions Answered | Deleted Scene, Agatha, Doctor Strange, Missing Person And More
KpFe5V-DdNg PEACEMAKER Ending Explained | Episode 8 Breakdown, Cameos Explained And Full Season Review
Ktsv7r9jrFo The Dark Knight Strikes Again Review And Indepth Analysis | Book 2 | Road To DK3
Kvu6f9IFzv8 LOKI DISNEY PLUS LEAK: Show Is Reported To Introduce Kang The Conquerer Into The MCU
KwvIzLxdD0Q Explaining The CRAZY Ending Of REBECCA On Netflix
L0jwpGLVm80 Captain Marvel: Full Plot Leak Breakdown From Reddit | MOVIE SPOILERS
L2ABC-xWCNw Falcon And The Winter Soldier: Who Is The Power Broker? | Comic Origins Explained And Best Theories
L3tBF9vyBZE The Possession Of Hannah Grace: Ending Explained [MOVIE SPOILER TALK REVIEW]
LBegMVIm3lY Avengers: Endgame Test Screening Reaction: Run time, Hulk Theory Confirmed and Plot Synopsis | NEWS
LC5CaY4fCBI Manifest: Mid Season Finale: Ending Explained [Episode 9: Dead Reckoning Spoiler Talk]
LCknEwFtYKg How It Ends: Ending Explained (Netflix Original Film 2018)
LDiTpjcapcc The Avengers: Endgame: Official Trailer Review
LFzJAeXu9VE BATMAN 2021 UPDATE: Commissioner Gordon, Firefly Rumors, Johnny Depp Joker? Riddler Sidekick & More
LLw4i_uyrn4 SPIDERMAN Into The Spider-Verse: No Way Home And Across The Spider-Verse Easter Eggs
LMCl1xXNXy8 John Cena MCU Casting In Captain America Spin-Off: Falcon & Winter Soldier TV Series Revealed
LQ_TevCzeNc Black Widow: Official SDCC First Trailer & Footage Explained | Full Scene Breakdown And Reaction
LSD3RrFx3MY Avengers Endgame: Deleted Scene: Thanos Kills Captain America & All Of The Avengers Explained
LTT5JQBu-sI Once Upon A Deadpool Explained + Everything We Know So Far
LUenF7VLi8E BATMAN UPDATES: Penguin Look, Robert Pattinson Training, Zoe Kravitz & Matt Reeves Interview & More
LVYWGQ2Q-iI Child's Play (2019) Ending Explained + Full Spoiler Talk Review Of The Chucky Movie
LaubbNG2epY SPIDERMAN Into The Spider-Verse: Insane Details, Easter Eggs And Things You Missed | MARVEL
LbGK7nE7I3M More INSANE DETAILS In AVENGERS ENDGAME You Only Notice After Binge Watching The MCU | Easter Eggs
LgV2UsIlMjk Widows: The Movie's Incredible Ending Explained in my Spoiler Talk Review
LhsGvbmUR8o Joker Ending Explained Breakdown + Full Character Analysis & Spoiler Talk Review | HEAVY SPOILERS
LjViGnHfnxw Dragon Ball Super: Broly: Ending Explained | FULL SPOILER TALK
Lj_Q0Jmu3XM The Mule: Ending Explained & The Real Life Inspiration Behind The Movie
LlLo2eTOJ24 Breaking Bad Movie: El Camino: New Trailer Confirms Whether Walter White Is Alive Or Dead
LmMQzjJ8a5g FIGHT CLUB 43 Easter Eggs, Insane Details,Things You Missed And Every Hidden Tyler Durden Appearance
LsAlwU0aqHE Destroyer: Ending Explained | Spoiler Talk Review
LtkolSiQMuc THE WITCHER: SEASON 2: Everything We Know So Far | Plot, Cast, Release Date, Predictions + More
LvQ0BK4ap8s A Christmas Prince: The Royal Wedding That Ended Up Royal Garbage [My Thoughts & Review Roundup]
LwWauxxfSRw Why I Think THE BATMAN Is Going To Be One Of The Greatest Comic Book Movies Of All Time
Lwps5yp4EOY LINE OF DUTY Season 6 Ending Explained Breakdown | Why Episode 7 Was A Massive Disappointment
LyDSqx0iR4M The Witch: Ending Explained + Why Anya Did What She Did | HAPPY HALLOWEEN
LzLZqt1xkIY Lucifer Season 5 Ending Explained Breakdown + Full Series Spoiler Review & Part 2 Eve Theories
M07V6FC2IJQ Avengers: Endgame: Can That BIG Black Widow Decision Be Reversed For Her Solo Movie?
M2-Nrhzn0X8 The Society: Netflix: Season 1: Ending Explained Spoiler Talk Review + Where Did Everyone Go?
M5MJFhHWU8Y THE LAST OF US PART 2 Best Easter Eggs, Insane Details And Things You Missed | PLAYSTATION 4
MBg2XVgrAqk Marvel WHAT IF Episode 1 Breakdown & Ending Explained Review | MCU Easter Eggs & Things You Missed
MC5FzsUNwS4 Searching: Ending Explained (2018 Movie)
MENn469cLJI Top Movies Franchises With Absolutely Terrible Continuity and Completely Screwed Timelines
MIF1dtGrgis Glass: Ending Explained | Full Spoiler Talk Review On The New M Night Shyamalan Movie
MIluNnJbl_U SPIDERMAN No Way Home (2021) New Plot Leaks, Trailer Release, Electro Costume & Willem Dafoe Rumors
MLFcBZhQMpY Annabelle Comes Home Official First Trailer Explained |  Plot, Curse Of La Lorna, Reaction & More
MRxiVhcrFWs Watchmen: Season 1: Episode 2 Breakdown & Ending Explained | Easter Eggs + Predictions
MShg8FPlqN0 BLACK WIDOW Breakdown: Every Easter Egg, Hidden Detail & MCU Things You Missed
MXTGI4zmSDw Maniac (Netflix 2018): Ending Explained Review + What The Hallucinations Represent
MZa70HQrYXY The Equalizer 2 Ending Explained + Franchise Analysis
MbLqY2zXKp4 Joker: Final Trailer Reaction & Breakdown | Everything You Missed Explained + Toronoto Screening
McSCt25wy_I Game Of Thrones: Season 8: Finale Entire Leaked Episode Plot Breakdown | Who Dies, Who Lives + More
MfffDBLOVz8 Avengers: Endgame: 5 Minutes Of Leaked Footage Explained: Full Description And Clips
MiSkc3xwrgw CAPTAIN MARVEL Insane Details, Easter Eggs And Things You Missed | MCU INFINITY SAGA
MkPFLW11fdE THE OUTSIDER: Episode 8 Breakdown & Ending Explained | Full Spoiler Review & Episode 9 Predictions
MunF4LU_mOg Mary Queen Of Scots: Ending Explained + Real Life Events After The Film
Mw3G47vrl6k WANDAVISION Episode 6 Breakdown & Ending Explained Spoiler Review | Marvel Easter Eggs & Theories
Mw5r-xTB8Qc THE BATMAN 2021 TRAILER Breakdown | Reaction, Things You Missed, Theories, Easter Eggs | DC FanDome
MwHn5oZriLY BREAKING NEWS | DOCTOR STRANGE 2 Director Quits Over 'Creative Differences' AKA He Was Fired
MwWhxewDYgI Game Of Thrones: Season 8: Episode 5: Ending Explained, Story Recap + Episode 6 Predictions
MwbpSIiZqHQ Mindhunter: Season 2: The Real Life Serial Killers
N3KXb5MKEkQ NO TIME TO DIE Ending Explained | Movie Breakdown, Spoiler Review And What Happens Next With 007
N6TCCIpsSdc Avengers: Endgame: Original Ending Explained | Katherine Langford Cameo Confirmed
N7DN1Vx_-o4 JUSTICE LEAGUE Knightmare Timeline Explained | Full Story And The Original DCEU Plan By Zack Snyder
N7ok0K8Akos Sharp Objects: Post Credits Scene Ending Explained
N8FuKTg1VMk RAISED BY WOLVES Episode 1 - 3 Breakdown | Ending Explained, Easter Eggs, Theories & Review
NAmAZAp3348 STAR WARS: EPISODE 9: DUEL OF THE FATES Original Colin Trevorrow Script Breakdown
NGQpFIzEe6g How Morbius Connects To Spider-Man And The MCU + Everything We Know, Release Date, Plot & Cast
NHBDOxu8HEg YOU: Season 2: Ending Explained Breakdown + Spoiler Talk Review And Season 3 Predictions
NISsderHpKM Spider-Man Sony Update: Morbius & Sony Spider-Verse Are Connected To The MCU | Marvel Leak
NJOqYTOcq2M Joker: Ending Explained: Arthur's True Father Confirmed? | ALL EVIDENCE FOR & AGAINST THE THEORY
NLH5Tyc_81E Love, Death And Robots: Beyond The Aquila Rift: Ending Explained | The Hive, Greta & More
NP97i47oWsQ Black Mirror: Bandersnatch: Picking Up The Photo Twice Secret Ending Explained
NSgcvI3CYDQ Marvel WHAT IF Episode 8 Breakdown & Ending Explained Spoiler Review | Easter Eggs & Ultron Theories
NYceaDNTmpU BORAT 2 Most Controversial Moments | Rudy Giuliani, Judith Dim Evans Lawsuits And More
Na8cfY57rZ8 Game Of Thrones: Book Vs Show Differences | The Major Changes D&D Made From George RR Martin's Story
NcChMqXez-w DC Legion Of Collectors Aquaman Justice League Unboxing | UK Box With Deffinition
NdQeK3LuVhc JUMANJI: THE NEXT LEVEL: Post Credits Scene Explained | What The Ending Teases For A Sequel
Nj1OCe_adVY Stranger Things 3: Jim Hopper Fan Theory | What Happened In The Ending Post Credits Scene Explained
NkVYv9ETfOk COBRA KAI Season 3 Ending Explained Breakdown + Season 4 Predictions, Theories & Spoiler Review
NlSWZdAqGV4 PARASITE (2019) Breakdown: Hidden Details, Things You Missed, Easter Eggs And Ending Explained  기생충
NpEZDJK6Qiw Avengers: Endgame: Super Bowl Trailer Explained: Full Breakdown & Fan Theory
NtyWvC0YKzU Disney Investor Day Breakdown | Star Wars & Marvel Recap | Loki Trailer, Rogue Squadron & Phase 4
NxgjRK9IeYY The Arrowverse's Crisis On Infinite Earths Crossover Special | Everything We Know So Far
Ny_Smy52o_s Us: Official Jordan Peele Movie Trailer: Breakdown | Movie Plot Explained
O0hZkqKoSWk FAST AND FURIOUS 9 Official Trailer 2 (2021) | F9 New Teaser | Vin Diesel & John Cena | 4k
O54cW4taPqg The Mandalorian: EPISODE 4 Full Breakdown & Ending Explained Spoiler Review | STAR WARS
OA0hPwasLdo Aquaman: Ending Explained & Post Credits Scene Breakdown [Spoiler Talk Review]
OEio_Cx9ago DRACULA: Ending Explained Breakdown + Spoiler Review | NETFLIX | Doctor Who & Sherlock Easter Eggs
OFfJ3CSsEnE RICK AND MORTY Season 5 Episode 3 Breakdown | Easter Eggs, Things You Missed And Ending Explained
OMQaDdVHIRc THE MANDALORIAN Season 2 Ending Explained | Episode 8 Breakdown, Post Credits Scene & Spoiler Review
ONlvCbCwep0 US: Every Creepy Little Detail Hidden In The Jordan Peele Movie
OO-UZpZyr_w Andrew Garfield Reveals All About Spider-Man No Way Home And His NEXT MCU Appearance
OSnbb4z2UhI Batman: The Dark Knight: The Master Race Graphic Novel Analysis
OXFZJnIHGXU WESTWORLD: Is Caleb Serac's Brother? The CRAZIEST Season 3 Fan Theory That MAY Be True
OXcIpAAKqYI Marvel Studios Are Looking To Bring Daredevil and Kingpin Into The MCU Movies Through Spider-Man 3
OZhZUDHfn4Y AGENTS OF SHIELD Season 7: Episode 9 Breakdown & Ending Explained | Jemma's Daughter Theory & More
OdazBZXuIE8 Joker Full Leaked Plot Breakdown | Entire Story Spoilers & Ending Explained
OfG4NDPOnJ4 Stranger Things: The Upside Down Explained | History, Mind Flayer, Eleven, Billy And More
OjrJw4j82RM Hellboy 2019: Ending Explained: Post Credit Scene Breakdown + Spoiler Review
Ongbp3bJKtg Watching The Watchmen | Doomsday Clock #11 'A Lifelong Mistake' Review
OqTX-AMKXQg I Am The Night: Ending Explained & Real Life Story | The True Black Dahlia Killer?
OqoGDj7iU7A Love, Death & Robots: Ending Explained | Episode 1: Sonnie's Edge & Full Series Review
OuuwF9c_y9s Doctor Strange In The Multiverse Of Madness Explained: Everything We Know So Far
OyS4UlBOWTc Marvel’s Avengers: A-Day | Official Trailer Explained | Full Breakdown And Reaction Of E3 2019
Oznf81GxhKo Suspiria: Ending Explained (2018 Movie) + What The Film Represents
P-mMOIPqIy0 THE MANDALORIAN Season 2 Episode 6 Breakdown & Ending Explained Spoiler Review | Fett Easter Eggs
P7bD5xECic0 THE FLASH AND BATMAN REVEAL Full Image Breakdown And Fan Theories | DC FANDOME
P9I1JoIhm1s Russian Doll: Ending Explained: Netflix | Season One Spoiler Review
PAaxGKkqGow Deadpool 3 Confirmed To Be In Phase 5 Of The MCU By Ryan Reynolds
PFf-WjhjDqc The Batman, Ben Affleck, Michael Keaton, Justice League Snyder Cut Canon | What's REALLY Going On
PJ3PbLp1A9U RICK AND MORTY Season 5 Episode 8 Breakdown | Easter Eggs, Things You Missed And Ending Explained
PK5dfru9e-M THE BATMAN UPDATES & NEWS: Longer Delays? Can It Hit The Release Date? + BIG Composer Interview
POYHD5TEkt8 THE SILENT SEA Ending Explained | Full Series Breakdown And Review | NETFLIX | 고요의 바다
PQ9qLpoDy-Q JUPITER'S LEGACY Ending Explained Breakdown, Comic Differences And Season 2 Predictions & Theories
PWN9RFy51-I RAISED BY WOLVES Episode 8 & 9 Breakdown | Full Story, Ending Explained, Recap, Theories & Review
PXKkmLeb46Q LOVECRAFT COUNTRY Episode 3 ‘Holy Ghost’ Breakdown | Ending Explained + Easter Eggs & Theories
PZsKlOScjJw The Walking Dead: Season 9: Mid Season Finale: Ending Explained & Breakdown - Episode 8: Evolution
PZwulaQC_ME SPIDERMAN No Way Home Trailer Leaks? Reported Villains, Story Reveals, Doctor Strange And More
P_w4OXi2tjg Deadpool 2 had a CRAZY Deleted Post Credit Scene
Pflkl1UHj2g Zack Snyder's Justice League (2021) Full Movie Review | Probably The Best DCEU Film Of All Time
PgWGSGxvFdg WANDAVISION Episode 9 Theories: White Vision, Chthon All Along? The Darkhold, Quicksilver And More
PoQ1YA8a5Y0 THE BATMAN 2021 UPDATES: Batsuit & Batmobile Details, Gotham & Bruce Wayne Look, Penguin + Riddler
PpYOZCYU2gs Every Marvel Character Coming To The MCU For Phase 4 & 5 | X-Men, Moon Knight, Doom, Blade & More
PqHWKAIxjqE THE UNDOING Episode 1 Breakdown | Ending Explained + Spoiler Review And Theories
PwcOTdQUWW0 The Walking Dead: Season 10: Episode 5 Breakdown & Ending Explained + Episode 6 Predictions
Px36mbLRsCE Every Upcoming DC Movie In Production | Batman, Birds Of Prey, Black Adam, Shazam, WW 1984 & More
Q-an42INulA INSANE DETAILS In Doctor Strange I Noticed After Watching Loki, Wandavision & The MCU | Easter Eggs
Q3CayJ3hcIo Chucky Reboot: Child's Play (2019): Everything We Know So Far Explained In 4 Minutes
Q5jlAkNAPvY Avengers: Endgame: Timeline Paradox Explained | How Nebula Does THAT To Herself | Dimension Theory
Q8B-JVHsgLc Star Wars: How Anakin Returns For The Rise Of Skywalker Leaked? | MAJOR UPDATE
Q8rr84wU8nM Every Falcon And The Winter Soldier Easter Egg We Noticed In Episodes 1-6 | MCU Things You Missed
QCENiJu-o6k The Walking Dead: Season 10: Episode 4 Breakdown & Ending Explained + Episode 5 Predictions
QGsWS7FAVtA THE MANDALORIAN: Who Is The Mystery Character? | Best Fan Theories | BOBA FETT, MOFF GIDEON & MORE
QJWVTRG8ZVA True Detective: Season 3: Ending Explained | The Powers Of Lies And Truth
QMQZ0FLfkxk The Dark Knight Strikes Again Review And Indepth Analysis | Book 3  Road To DK3
QO1lc1IHBww THE BOYS Season 2 Episode 7 Breakdown & Ending Explained | Review, Predictions, Theories And More
QRSM1367TDA STAR WARS: George Lucas' Original Sequel Trilogy Plans Explained | Breakdown Of Episode 7, 8 & 9
QRkiL22ZZIg Robin Hood (2018) Is Bad – My Review And Critic Roundup Of The Movie
QXFpTlcqI44 UNCHARTED Trailer Breakdown | Easter Eggs Explained, Theories & Things You Missed
QZmeiIQ2GOQ BIG BATMAN NEWS: Michael Keaton's Batsuit, Ben Affleck Returning? Flash Leaks & Pattinson Batsuit
QZq0pqXU1d0 Watchmen: Season 1: Episode 4 Breakdown & Ending Explained + Lady Trieu’s Daughters True Identity
QbKB_dyaGtE THE BOYS Spinoff Show Officially Announced | Everything We Know So Far
QcUijKdE3Us STAR WARS The Bad Batch Episode 3 Breakdown | Ending Explained, Easter Eggs And Things You Missed
QeFaNiri7oo Marvel WHAT IF Episode 2 Breakdown & Ending Explained Review | MCU Easter Eggs & Things You Missed
QhrMb7ATgaI Captain Marvel Deleted Scenes Explained: Who Yon Rogg Sees As The Supreme Intelligence
QjPxVtM_W14 IT Chapter 1 & 2 Supercut Breakdown | Every Deleted & New Film Scene That Will Be Added Explained
QptkS1Yrx30 Westworld: Season 3 Explained | Everything We Know So Far & Trailer Breakdown
QqBeedf2FMo SPIDER-MAN No Way Home Explained: How Venom Knew Peter, Electro, The Avengers & The Spell Breakdown
QvmHz7XXs2Q Bodyguard: Ending Explained (Season One)
QwwEk7-rcm0 Black Widow Still Alive? BTS Photo Of Old General Ross Confirms Parts Of Movie Set After Endgame
QybZ7AoBmVY Jurassic World 3: OFFICIAL!!! Sam Neill, Jeff Goldblum and Laura Dern Rerturning for JW3
QygX97oTvMk BIRDS OF PREY Ending Explained, Post Credits Breakdown + Full Movie Spoiler Talk Review
R3Gl2KBzLxQ STAR WARS Visions Breakdown | Every Episode Explained, Easter Eggs And Full Series Review | 1-9
R8Va_udN2aA BLOODSHOT Ending Explained + Shared Movie Universe Breakdown | Full Movie Spoiler Review
RA6enLmWHwY WANDAVISION Commercials Explained | Infinity Stone Theories And Hidden Meanings
RCRrLkPYecE GODZILLA VS KONG Trailer Updates, Wonder Woman 1984, Plot Leaks & Everything We Know
RFu0eZgkDVI THE BATMAN New Images Breakdown, Wayne Tower, Glider, Riddler Gang, The Falcones & Mad Hatter Clip?
RJCXE0_OAG8 BOOK OF BOBA FETT Theories: Big [SPOILER] Cameo, How Boba Met Fennec, Qi'ra And More | STAR WARS
RNFMB9Wer7g RICK AND MORTY Season 5 Episode 4 Breakdown | Easter Eggs, Things You Missed And Ending Explained
RPEDn-YpT9M SPIDERMAN 3 & SNYDER CUT News Green Goblin, Fantastic 4, Kingpin, Sandman, Daredevil & R Rated Movie
RQd5cAIpeHE STAR TREK: Picard Episode 4 Breakdown + Ending Explained | Spoiler Review, Easter Eggs & Predictions
R_gEmq99CBw THE MANDALORIAN Season 2 Episode 1: Best Fan Theories | BOBA FETT, Captain Rex & Clone Troopers
RjxsWy6r898 Watching The Watchmen | Episode 11 | Look On My Works Ye Mighty (Ozymandias Origin Story) Review
RvOvRWxpSAw All 19 Marvel Movies Ranked: Ironman - Infinity War (2018 List) | NO SPOILERS
Rwuo2OP1NPs Justice League: Snyder Cut Breakdown | FULL PLOT, CHANGES, DELETED SCENES & ENDING EXPLAINED
Rx01Qs0yZ3Y THE ETERNALS Official Trailer Breakdown, Easter Eggs, Things You Missed, Story Explained & Leaks
S3GBF7IqHBA THE WALKING DEAD Season 10 Ending Explained Breakdown | Full Episode 22 Finale Review & Reaction
S3lbHLx0SLw COBRA KAI Season 5 Theories & Predictions | Chozen, Silver, Tory, Miguel's Dad, LaRusso And More
SCjQF-i7OcQ Watching The Watchmen | Episode 3 | The Judge of All Earth Review And Analysis
SMeE5CCDnWw 100 INSANE DETAILS In The Batman Trailer Only Hardcore DC Fans Notice | All Easter Eggs Breakdown
SOIR-RTBcJc Toy Story 4: Top 10 Trivia And Easter Eggs | Boo From Monsters Inc, The Matrix, The Shining & More
SU2RM3apkhI Why The Ending Of 1917 Is So Perfect + The Real Life Story That Inspired The Film Explained
SWaKnZBfPGI The Batman 2021 Logo Reveal, Robin Costume Leak? & Justice League Snyder Cut DC Fandome Trailer
SX078wAKiEo WESTWORLD SEASON 3 Who Is In Charlotte Hale's Body? BEST Fan Theories
S_eqtQL6fMQ UMBRELLA ACADEMY Sir Reginald Hargreeves Explained | Origin, Biography, Powers And Fan Theories
Spcb3XZRbd4 Game Of Thrones: Season 8: Episode 4 Preview Trailer Breakdown + Cersei Death Theory
SvIxXo01RU0 I Think The MOON KNIGHT Trailer Confirms A BIG Theory | Hidden Details And Things You Missed
T48lnXkH7eg The Dark Knight Strikes Again Review And Indepth Analysis | Book 1 | Road To DK3
T7d-EHi6x1w Bird Box: Ending Explained & What The Monsters Represent [Netflix Spoiler Talk Review]
T8vQ1IMEnag BATMAN 2021 JOKER CAMEO Scene Description And Brand New Leaks On The BATCAVE & WAYNE MANOR
T9xkqgY8uEI Shazam: Both Post Credits Scenes Explained And What They Mean For The Future Of The DCEU
TBo6yJmSwHI Tinker Tailor Soldier Spy: Ending Explained Review + The Chronological Order Of The Film
TCcbvizG-G8 THE OCCUPANT Ending Explained Breakdown + Full Movie Spoiler Talk Review (Hogar NETFLIX)
TCtlAsr7Bgs Batman Gotham Knights And Suicide Squad Kill The Justice League BIG Game Leaks & Trailer Dates?
TLQF_ibZBR8 Crazy Rich Asians: Post Credits Scene Explained (Who Is The Mystery Man?)
TLUUT9XUNks JUSTICE LEAGUE SNYDERCUT Zack Reportedly Working On It, HBO Max News Debunked & Stunt Woman Comments
TLWdN416Fkk The Mandalorian: Episode 2 Breakdown & Ending Explained Spoiler Review | STAR WARS
TMqck00lbfQ The Haunting Of Hill House: The True Meaning Of The Black Mold
TRzx4-976hs Robin Hood: Ending Explained + Sheriff of Nottingham Twist Breakdown [2018 MOVIE]
TSVhBNHxc0g Pet Sematary: Ending Explained | Spoiler Talk Review, IT Connection & Major Book Differences
TTP6dSJmO0s IT Chapter 2: The Ritual Of Chud Explained | Book & Movie Differences + Original Ending Breakdown
TXx6xy_TIWM DOCTOR STRANGE The Multiverse Of Madness Trailer Breakdown: Captain Marvel, Illuminati & Professor X
Tb4eYDJpuao INSANE DETAILS In AVENGERS ENDGAME You Only Notice After Binge Watching The MCU | Easter Eggs
TbQgiDGWVEo BRAHMS The Boy 2 Ending Explained Breakdown | Full Movie Spoiler Review + What Is Really Going On
TdHAMw49qa4 Extinction: Ending Explained + Mind Blowing Twist Ending Breakdown
Tflw6GYA8Q8 SPIDERMAN No Way Home Official Clip | Doctor Strange And Spider-Man Scene
TkPgtf-FMQw I'M THINKING OF ENDING THINGS Explained + Full Spoiler Talk Review | What The Movie Really Means
TkaZYoN5x1c MORBIUS Ending Explained | Post Credits Scene Breakdown And Full Movie Review
Tm-fjTdtWCk WANDAVISION Why SWORD Are Re-creating Ultron, What The Blip Proves And Alternate Vision Theories
Toq6H96iqxM Child's Play 2019: Official Teaser Trailer Explained
Ttsx5bH4HhQ Marvel WHAT IF Episode 3 Breakdown & Ending Explained Review | MCU Easter Eggs & Things You Missed
TuLezXkRdOQ DOOM PATROL Season 2 Ending Explained Breakdown + Predictions For Season 3 | DC TV
Ty9xN5lPF_E Why This Scene In THE BATMAN Is PERFECT!
TyG-xCcjIxo The Blackcoat's Daughter Explained + Donnie Darko & Slenderman Fan Theory
U1b0HW9FOFo X-Men: Full Movie Timeline Finally Explained: Entire Chronological Order: First Class - Dark Phoenix
U3Q5PX9pat0 INSANE DETAILS In A Quiet Place Part 1 & Part 2 | Easter Eggs And Hidden Details
U7Jy5R-ADmY Marvel's What If Episode 8 Promo | What If Ultron Won? | MCU
U8CawnoaF0U Game Of Thrones: Season 8: Leaked Plot Ending Explained | Full Breakdown Of The Finale | SPOILERS
U8lQw2Zb1N4 BREAKING Spider-Man 3 News: Daredevil Is Peter's Lawyer According To Kevin Smith + Villain Lineup
U9i-YHlOZh4 Raising Dion: Ending Explained, Twist Breakdown + Full Spoiler Review & Season 2 Predictions
UA1HZsN-Z8M The Tomorrow War Ending Explained | Full Movie Breakdown, How Time Travel Works And Spoiler Review
UAjXw4GOUtU Mercy Black: Netflix: Ending Explained And Spoiler Talk Review
UCcaXt8_HYQ BIG BATMAN MOVIE NEWS: Batman Beyond, Christian Bale Returning? Zatanna Movie & Michelle Pfeiffer
UGCmn6gNCe4 The BEST MCU Easter Egg You Missed That Ran From Iron-Man All The Way To Avengers: Endgame
UHJSV1gnXIA LOVECRAFT COUNTRY Episode 2 ‘Whitey's On The Moon’ Breakdown | Ending Explained + Easter Eggs
UJXr7poFvRY The Lighthouse: The Real Life Story That Inspired The Movie Explained | The Flannan Isles Mystery
UKrDSHJ9zUo Watching The Watchmen | Doomsday Clock #9 Review & Indepth Analysis
UKwowz7tnDM Justice League Snyder Cut JOKER First Look | Reaction And Breakdown On Jared Leto's New Design
USOA_WY2Lb4 THE STAND Episode 2 Breakdown, Ending Explained Spoiler Review & Book Differences
UTBIOqERc50 John Wick: Chapter 3: Parabellum: Official Trailer Explained | Everything You Missed
UTNNfAVyqj0 BATMAN 2021 UPATES: New Batsuit Details, Hidden Logo Meaning, Cars, Potential Catsuit Release & More
U_Bbsa49xSA Rambo Last Blood: The 10 Minute Opening Scene That Was Cut For US, Canada & UK Audiences Explained
U_SaI3b083A The Skrulls: Explained | Everything You Need To Know About The New Big Bad MCU Villains
Ub4Q6tYdi78 Venom: Why The New Venom Movie Will Suck
UclmaXj5KKI THE MANDALORIAN Season 2 Ending Predictions And Fan Theories | Luke, Ezra, New Razor Crest And More
UkjI89oHbGI Glass: How To Fix The Movie's Ending | SPOILERS
UlLvOXxRdiM What Hulk's Arm Tells Us About The SHE-HULK Timeline | Trailer Breakdown, Easter Eggs & Theories
Ur1JzN1srac GODZILLA VS KONG - Trailer Breakdown: Is Godzilla Really The Villain Or Is It Mechagodzilla?
Ura46EZERnU SPIDERMAN No Way Home Ending Predictions | The Spell, Tobey, Andrew, Sinister Six, Who Dies & More
UuevY4VhuXQ CAPTAIN AMERICA The First Avenger Breakdown: Easter Eggs & Things You Missed | MARVEL MCU What If
UymWqRQaFX8 THE NEVERS Episode 1 Breakdown, Ending Explained, Theories And Spoiler Review
UzMNANIUJDE Falcon And The Winter Soldier Episode 6 Ending Explained: Who Sharon Was Talking To | Power Broker
V0sSF3MTPFw THE BATMAN Brand New Images Breakdown And More Mad Hatter Leaks!!! YES I AM SHOUTING!!!
V1DsUNs3Qvs AGENTS OF SHIELD Season 7: Episode 11 Breakdown & Ending Explained | Easter Eggs & Fan Theories
V21sJIj4x2s JOKER: The Hidden Countdown In The Background Of Scenes Explained | NUMBERS FAN THEORY
V4xAdDc-wK8 THE BATMAN 2021 CRAZY UPDATES: Second Batsuit, Batmobile Reveal Date, Catsuit Details & Leaked Photo
V80GQVv0jg4 Triple Frontier: Ending Explained Breakdown & Spoiler Talk Movie Review | NETFLIX
VAjJixqAPog Every Wandavision Easter Egg We Noticed In Episodes 1-9 | Hidden MCU Details And Things You Missed
VB-IBR4lVNQ TENET Ending Explained Breakdown + How Time Inversion Works & Story | Full Movie Spoiler Review
VCxz6bfms0I WILLY'S WONDERLAND Ending Explained | Full Movie Spoiler Review And The Janitor Theory
VGej79FDi_w Pet Sematary: The Wendigo Explained: Full History And Breakdown Of The Mysterious Monster
VHIl9BdYWic EUPHORIA Special Part 2 Breakdown & Ending Explained | What Happened To Jules?
VJWvaCKEVJY Joker: Ending Explained: The Hidden Twist You Missed!
VL_fPNtrlpA INVINCIBLE SEASON 2 Predictions & Theories | Episode 8's Trailer Scene Ending Explained
VRXs1Xhn_Tg SPIDERMAN No Way Home: Every TV Spot And Trailer Breakdown | Easter Eggs & Things You Missed
VY-PU_Ml0Ic THE OUTSIDER: Episode 4 Breakdown & Full Spoiler Review | HEAVY SPOILERS Ending Explained
VY5AuLHx5Hc CHILLING ADVENTURES OF SABRINA Season 4 Ending Explained, Part 5 News, Easter Eggs & Spoiler Review
VYofcB8xoIg DC FanDome Full Event BREAKDOWN Entire Schedule | Batman Trailer, Snyder Cut, Shazam 2, WW84, + More
VZcJkCs8zCk Tenet: Official Teaser Trailer (2020) Explained | Full Breakdown And Inception Sequel Fan Theory
VZm3VQgMv1c Disney + Explained: Full Breakdown Of Everything You Need To Know About The New Streaming Service
V_avPHjwpkQ Why This Scene In THE MANDALORIAN Season 2 Is PERFECT
Va0xRTEuZ_4 Crisis On Infinite Earths: Episode 1 Breakdown & Ending Explained | Supergirl Season 5 Episode 9
VcUQl40eqVg BOOK OF BOBA FETT Episode 5 Easter Eggs, Ending Explained & Spoiler Review | STAR WARS Breakdown
ViViFqfI5jY STAR WARS: Emperor Palpatine Explained | Darth Sidious Breakdown & The Rise Of Skywalker Return
VnEGovDKHlc Game Of Thrones: The Leaks Were True!!! + My Review Of The Unpopular Ending And Season 8 As A Whole
VnyX0yEy8BI Game Of Thrones: The Night King Explained: New True Identity Theory, History, Powers & Goals
VoEwDyclqPk WANDAVISION Theories: X-men, Fantastic Four, Director HaYwARD & HYDRA + The Ending Explained
Vokx836LiYI Jeffrey Wright Cast As Commissioner Gordon In Upcoming Matt Reeves Batman Movie
VplZayOdGuk BATMAN V SUPERMAN World's Finest Original Script Breakdown | Joker Returns, Batman's Wedding & More
VtkQmpwnq_g Marvel WHAT IF Episode 5 Breakdown & Ending Explained Spoiler Review | MCU Zombie Easter Eggs
VujAkEN-FOo 100 TENET Easter Eggs And Things You Missed | Fan Theories, Ending Explained & Full Movie Breakdown
VvAKTWzUNuk HAWKEYE Episode 2 Breakdown & Ending Explained Spoiler Review | MCU Easter Eggs & Things You Missed
VwnbHiqX8tg WATCHMEN: Why Angela Walked On Water And Became The New Doctor Manhattan | ENDING EXPLAINED
VxgIPHeDyZI Spider-Man In The MCU UPDATE | Tom Holland And Kevin Feige Issue Full Statement On Sony Disney Deal
VxxhHcYYYTA THE UNDOING Episode 3 Breakdown | Ending Explained + Spoiler Review And Theories
VyyR3ZPXGQY WHY JUSTICE LEAGUE SUCKS
W-689iqLDWY Love, Death And Robots: Zima Blue: Ending Explained | Full Analysis And Breakdown
W-Qi7PAwME4 STAR TREK: Picard Episode 6 Breakdown + Ending Explained | Review & Soji Is The Borg Queen Theory
W3jdj_QxFiA Top 8 Amazing Details That You Missed From Infinity War
W5ESulr7oyA KEVIN CONROY WILL FINALLY PLAY A LIVE ACTION VERSION OF BATMAN IN CRISIS ON INFINITE EARTHS
W6P7eTSQSHU RAISED BY WOLVES Episode 6 - 7 Breakdown | Full Story, Ending Explained, Theories & Review
W6p8B_UTTkA THE BATMAN 2021 Exclusive New PLOT LEAKS & A Crazy Batsuit Detail That Could TRIGGER You (PUN)
W8462pxAsaE SPIDERMAN No Way Home: Green Goblin, Maguire & Garfield Costumes, Scorpion, Plot Leaks & Trailer
WJYaiRoa2Og I Think We're Alone Now: Ending Explained + Film Analysis
WK05KVa8e4U The Batman EXCLUSIVE Leaks: Big Plot Info, Mayor Penguin, Riddler's Role & Vengeance Title Meaning
WKUmBneyahI The Silence: Netflix: Ending Explained + Spoiler Talk Review & Monsters Analysis
WQNxEsHk4Cg Kingdom: Season 2: Everything We Know So Far | Release Date & Actor Reactions
WRgUyNDj3ec Wonder Woman 1984 - DC FANDOME Official Trailer Breakdown, Things You Missed & Reaction
WUTSETb9Ak8 The Walking Dead: The Problem With Perspectives
WZVJ7MKKHaI Top 5 Reasons That Die Hard 2 Is More Of A Christmas Movie Than Die Hard
WbgdI187ZrU IRON MAN BACK IN THE MCU | Robert Downey Junior's Return Leaked | FULL BREAKDOWN
WcREPTzGv6Y I found Every Easter Egg in INCEPTION
WjgJNh3LPY8 SPIDERMAN No Way Home Official Trailer Update: Release At Cinemacon Explained And Description Leaks
WlqZZpYqFqE House Of Cards: Original Ending Explained
Wm8-smcuks8 STAR TREK: Picard Episode 9 Breakdown + Ending Explained | Spoiler Review & Episode 10 Plot Leaks
WqAIIobOmLU LOVECRAFT COUNTRY Episode 4 𠆊 History Of Violence’ Breakdown | Ending Explained & Easter Eggs
WqcLtrAmwXs GODZILLA VS KONG Ending Explained | Full Movie Breakdown, Easter Eggs And Spoiler Review | GVK 2021
WqrPQWOb4oU WANDAVISION Episode 3 Breakdown & Ending Explained Spoiler Review | Marvel Easter Eggs & Theories
WrFtUva0jR4 Stranger Things 3: Ending Explained Review, Post Credits Scene Breakdown + Season 4 Predictions
WuKti8H72TQ The Dark Crystal: Age of Resistance: Netflix Season One Review | NO SPOILERS
Wvbh6HT2urY FEAR STREET Part 3: 1666 Ending Explained, Full Movie Breakdown, Post Credits Scene & Spoiler Review
Ww0rmaAGejM Glass: Everything Explained: The Movie's Plot and Ending | Leaked Info
WwdQ2vrLIEQ Zack Snyder's Justice League Ending Explained Breakdown | What Happens Next In JL 2 & 3? | Review
WyIdVJIgiMk Breaking Bad: EL CAMINO: Ending Explained & Full Movie Spoiler Talk Review
X1XNNFE3wBA IT CHAPTER 1 & 2: Every time PENNYWISE Was Hidden In The Background Of A Scene | HORROR EASTER EGGS
XBIyugeI6gQ Ben Affleck Officially No Longer Going To Be Playing Batman News Explained | NEWS UPDATE
XBqXiA-gIwc Slender Man Explained | CreepyPasta Origin Story, Real Life Murder Trial & More
XCEJFCDvkhc TENET Explained: The Best Theories About Ives, Priyah, Michael Crosby, The Scientist And Protagonist
XPMRiv-Kbbc Top 5: Love, Death and Robots Episodes | BEST OF NETFLIX
XT3mE4EXzaI X-MEN MCU UPDATE | Marvel Casting Person of Color Magneto and Professor X | PHASE 4 NEWS EXPLAINED
XTnNYHWAQT4 Mindhunter: Season 2 Explained: Everything We Know So Far About The Netflix Show
XW3j3B_wSTA Killing Eve: Season One: Ending Explained + Season 2 Predictions
XcCbzEgoFLM I found every Easter Egg in Spider-Man No Way Home
XeNEBGA6EiE Top 5 Best Spider-Man: Far From Home Fan Theories | X-Men, MJ Is Nick Fury's Daughter & More
Xf-hRklU9oI Let's Play Arkham Knight With A Batman Expert | PART 3
XiDxMGQq8DM SPIDER-MAN 3 Everything We Know So Far + Sinister Six, Miles Morales Rumors, Tobey Maguire & More
XjFNpFImdd8 God Of War: New Game Plus Mode Review
Xq7bptd_KxI Black Mirror: Season 5: Rachel, Jack And Ashley Too: Ending Explained Breakdown & Spoiler Review
XshqOjZBJRo Mindhunter: Season 2 Ending Explained Breakdown | Spoiler Review, Real Life Case & Season 3 BTK
Xsv5WQ5zwYY Avengers 4: Annihilation First Trailer Breakdown
Xy5nCHoIXSY Why The Ending Of NO TIME TO DIE Is Perfect
XyCcTxKwwjQ Jack Ryan: Season 1: Ending Explained + Season 2 Predictions
Y94tDnmE3bk YOU Season 4: Everything We Know So Far Breakdown, Ending Theories, Release Date And More
Y9A5rGfUlik My Choice For Who Should Replace Hugh Jackman As Wolverine
YG6_fnRr3bQ TENET Explained Why Kat Is The TRUE Future Protagonist | Theory And Evidence
YHyNwUrUAro WATCHMEN: Episode 7 Breakdown & Ending Explained + Full Spoiler Review & Doctor Manhattan Revealed
YNcRCYmAxg0 Marvel WHAT IF Episode 7 Breakdown & Ending Explained Review | Every Easter Eggs & Cameo You Missed
YY2lS57Waw0 The Walking Dead: Season 9: Mid Season Premiere: Ending Explained & Breakdown Episode 9: Adaptation
Y_kvDHvS2CM FALLOUT TV SHOW TEASER TRAILER | Amazon
YbM_HvPWRos The Mandalorian: Episode 8 Breakdown & Ending Explained Spoiler Review | Easter Eggs & Season 2
YdKiiEcksRs ALL OF US ARE DEAD Is Cheong-san [SPOILER] ? | Ending Theories Explained 지금 우리 학교는
YfVO94fNq5k SPIDERMAN Across The Spiderverse Official Trailer Breakdown | First Look Easter Eggs & Reaction
YhiDJk33HgY Afterlife: Netflix : Ending Explained Spoiler Talk Review | The True Meaning Of Life
Yi109-nYUFQ Orange Is The New Black: Season 7: Ending Explained Breakdown + Spoiler Talk Review
Yl3A6faQLyQ LOKI Episode 3 Breakdown & Ending Explained Spoiler Review | Marvel Easter Eggs & Things You Missed
Z-UBMAoZixo INVINCIBLE Episodes 1-3 Breakdown & Ending Explained Review | Easter Eggs & Book Differences
Z5XpGRo017E LOVECRAFT COUNTRY Episode 1 'Sundown' Breakdown | Ending Explained + Easter Eggs & Things You Missed
Z66MIMFFTMM DC Legion Of Collectors Wonder Woman Unboxing | UK Box with Deffinition
ZB_vRgPvmIA THE BOYS SEASON 3 Everything We Know So Far | Release Date, Characters, Trailer, Story, Cast & More
ZKChKXwYDUk Luther: Season 5: Ending Explained + Season 6 News [S5 Episode 4 Spoiler Talk]
ZMZnKSTQepM INSANE DETAILS In SPIDERMAN FAR FROM HOME You Only Notice After Binge Watching The MCU  Easter Eggs
ZO7J7Q0SEro SWEET TOOTH Full Comic Book Storyline Explained | Ending Breakdown, Review & Season 2 Theories
ZPfyKlgiiFo The Conjuring The Devil Made Me Do It (2021) Official Trailer 4k | Hbo Max Warner Bros
ZR7YbEt2tNw The Twilight Zone: 2019: Episode 2: Nightmare At 30,000 Feet Ending Explained And Spoiler Review
ZT6uezGTFxM TENET Ending Fan Theory: Sator Was Actually Working For The Protagonist Without Knowing It
ZU3fL7ca2RU Mandalorian: GROGU Explained: Everything We Know About The Artist Formerly Known As BABY YODA
ZUcB_S4oQhY Game Of Thrones: Season 8: Episode 4: Ending Explained, Story Recap + Episode 5 Predictions
ZWYgaziHipM THE MANDALORIAN Boba Fett Show Announced! Is The Book Of Boba Fett Season 3? Post Credits Explained
ZX4BYvo-Q5s INSANE DETAILS In AVENGERS AGE OF ULTRON You Only Notice After Binge Watching The MCU | Easter Eggs
Z_a9EbOHNGU A Quiet Place Ending Explained + What The Monsters Represent
ZaWwUbyVk6Q LOKI Every Kang Clue | Easter Eggs, Callbacks, Comic And What Could Be Coming In Season 2 | MARVEL
Zk9D8TjcB5U Watching The Watchmen | Doomsday Clock #2 Review
ZlVD7hZ_i70 THE STAND Episode 5 Breakdown, Ending Explained Spoiler Review & Book Differences
ZmLg4NrjiBE Aladdin 2019: Official Trailer Explained Review: Everything You Missed | All Easter Eggs
ZmtObhVshnU GODZILLA VS KONG New Details On The Story, Trailer Release Date, Final Battle, Ending, Leaks & More
Zn8dSco4kM0 The Boys: The Seven Explained: Members, Powers, Comic Book Comparison And More
ZqnbRpVserw INSANE DETAILS In IRON MAN You Only Notice After Binge Watching The MCU INFINITY SAGA | Easter Eggs
Zw3k_uZhZZw The Room Review with Adam Felman | GREATEST MOVIE EVER PODCAST
Zx55aJrRKJc Watching The Watchmen | Doomsday Clock #10 'Action' Review
_1An7PloSY0 Die Hard 2: 5 Reasons Why It Is Even More Christmassy Than Die Hard 1
_22J61NbsYY GODZILLA VS KONG New Leaks, Mechagodzilla First Look, Screening Details, Who Wins And The Ending
_301xHL4lPo Sierra Burgess Is A Big Loser: Ending Line Explained by Shannon Purser
_6ixhmib83M Spider-Man: Far From Home: Official Trailer: Breakdown | MARVEL
_Ul-ZT79u64 THE OUTSIDER: Episode 3 Breakdown & Full Spoiler Review | HEAVY SPOILERS Ending Explained
__m5Az3vjYk Falcon And The Winter Soldier EPISODE 6 Finale Theories And Predictions | Marvel MCU Easter Eggs
_aNJUgFuDC8 Watching The Watchmen | Episode 2 | Absent Friends Review And Analysis With Deffinition & Tom Kwei
_adyCch_kyc Why This Scene in SPIDER-MAN No Way Home Is PERFECT
_eYhU6bUKg0 Godzilla: The Planet Eater: Ending Explained | The New King Of Monsters?
_fE9JYWeBzE Crawl: Ending Explained + Full Spoiler Talk Review And Breakdown Of The Extra Scene That Was Cut
_o-IoxNp_J0 X-Men: Dark Phoenix: Official Trailer 2 Explained | Everything You Missed
_qC9JigZYzU Avengers: Endgame: Official Trailer: Easter Egg Fan Theory
_rprdoX7qMs Let's Play Arkham Knight With A Batman Expert | PART 4
_uy8UpJKcGA STAR WARS: The Rise Of Skywalker Spoilers: Images From Premiere Confirm The Leaks & NEW Plot Details
_vvCO0TBuWo Why This Scene In AVENGERS INFINITY WAR Is PERFECT
a-1n2kk79t8 Shazam! Movie: First Screening Reactions
aA3rxRyffKg AGENTS OF SHIELD Season 7: Episode 3 Breakdown & Ending Explained | Peggy Carter, Easter Eggs & More
aDzGuiLuWXY Stranger Things 3: Dr Brenner Is The Prisoner In The Ending Post Credits Scene? | Theory Explained
aHCIIQS3HAo RICK AND MORTY Season 5 Episode 5 Breakdown | Easter Eggs, Things You Missed And Ending Explained
aJ47sNiPKyg Avengers: Endgame Official Trailer Explained #2 | Everything You Missed | NEW MCU MARVEL STUDIOS
aYPAR4Adc6o Marvel Studios Reportedly Bringing The Netflix Defenders Universe To The MCU | Daredevil & More
aabCim2z6pc Michael B. Jordan Set To Return As Killmonger For Black Panther 2 + How It Could Happen | Fan Theory
abEdGKuzsvY The Science Behind TENET Explained | Time Travel, Block Universe Theory And Entropy
abPtEwUkXNs Did THANOS Know About [SPOILER] In Marvel's Eternals?
abrr1HpEEwU Annabelle Comes Home: Ending Explained + Spoiler Talk Review & The Conjuring 3 Predictions
abs9qnbQ1K0 I found Every Easter Egg in Godzilla Vs Kong
aePE9gGDcz0 The Moment That Defined Why Steve Rogers Is CAPTAIN AMERICA And Why John Walker Isn't
afPKLGh8y7w Bird Box: Ending Explained & What The Monsters Represent [Spoiler Talk Review]
afX_FCB6ngQ FAR CRY: New Dawn: Every Ending Explained + How To Get Each One
aiRF2CbU5x0 HAWKEYE Episode 6 Breakdown & Ending Explained Spoiler Review | MCU Easter Eggs & Things You Missed
arJawRkhwjM Stranger Things Season 4: Everything We Know So Far | The Final Season? Cast, Release Date And More
asQbZhw8E0w Spider-Man: Far From Home Post Credits Scene Leaked & Confirmed By Casting | PART 1
ayILbHPCzPE Spider-Man: Far From Home Post Credits Scene Leaked | Breakdown End Credits Cameo Stinger | PART 2
b4IqviwBuqY Venom: Both Post Credits Scene Explained | FULL SPOILERS
b6gPSkN7-NI Valentina Allegra de Fontaine Explained | Falcon And The Winter Soldier: Madame Hydra In The MCU
bAMKI8z3ABs EUPHORIA Season 2 Ending Explained: Your WTF Questions Answered | Laurie & Rue, Ash and More
bAilscNTVeA WESTWORLD Season 3 Episode 6 Breakdown | Ending Explained, Easter Eggs & Which Hosts Will Help Maeve
bBpYL14W9Bc THE MANDALORIAN Season 2 Episode 5 Breakdown & Ending Explained Review | Ahsoka Easter Eggs
bC0a04NeJAo Watching The Watchmen | Episode 9 | The Darkness Of Mere Being Review
bIDBWElCqh8 TENET Temporal Pincer Explained And The True Meaning Of The Ending
bJdA-6WbMgg MAN OF STEEL Insane Details And Easter Eggs That Only True DC Fans Will Understand | MOVIE BREAKDOWN
bMJSRyP2ok4 Zack Snyder's Justice League Updates: NEW Trailer, Joker Breakdown And Fan Theories | Snyder Cut
bMt93f15Pv4 THE WITCHER Nightmare Of The Wolf Ending Explained | Full Movie Review & Timeline Breakdown
bN7w4PNv2Gc WESTWORLD SEASON 3 Everything We Know So Far & New Trailer | Release Date, Plot, Villain & More
bR0MW57BEC8 The Cry: Ending Explained + Alternative Ending Fan Theory (BBC Show)
bRoyi322JuM The Twilight Zone: 2019: Episode 3: Replay: Ending Explained + Spoiler Talk Review
bW4yKZ5xDDM Jack Ryan: Season 2: Ending Explained Breakdown + Full Spoiler Talk Review
baQo8RDlYao The Flash Movie WILL Be A Flashpoint Adaptation But NOT In The Way You Expect | DC NEWS EXPLAINED
bd0qjSIfggM TOP 5 Moments In THE BOYS Comics TOO SHOCKING For TV | Featuring 3c Films
bhYDGCJWYVo Eli: Netflix: Ending Explained Breakdown + Full Movie Spoiler Talk Review
bke6eOY41Ag The Dark Knight Returns Review And Indepth Analysis | Issue #4 | Road To DK3
bnvkVQR6oaY The Christmas Chronicles: Ending Explained & Huge Cameo
brHV49AiXN4 SPIDERMAN No Way Home Trailer Breakdown | Fan Theories | Doctor Strange, Sinister 6, Mephisto & More
bta9mycjvKM Black Mirror: Netflix: Season 5 Trailer Explained Breakdown | Everything You Need To Know
bvKKYQEJ8jU Tobey Maguire, Andrew Garfield And Tom Holland FINALLY Talk Spider-Man No Way Home | MCU
c3vemGd1fJk BOOK OF BOBA FETT Official Trailer Breakdown | Easter Eggs Explained & Things You Missed | STAR WARS
c8fJ1BI1-U8 The Twilight Zone: 2019: Episode 7: Not All Men: Ending Explained + Spoiler Talk Review
c97Y1DWpGFE STRANGER THINGS 4 'Eleven Are You Listening?' Trailer Breakdown, Things You Missed And Easter Eggs
cGluNPdpM9M RUBY ROSE QUITS BATWOMAN The Reasons Behind Her Shocking Walk Out From The Batman Spin Off
cMk_rYk2DKg STAR TREK: Picard Episode 1 Breakdown + Ending Explained | Spoiler Review, Easter Eggs & Predictions
cO5O45iVNCg TRAIN TO BUSAN 2 Peninsula Everything We Know So Far & Trailer Breakdown, Reaction, Release & More!
cRx9NIW_SHs 52 Insane Details In The WANDAVISION Trailer | Breakdown, Easter Eggs, Things You Missed & Reaction
cSqqSxzc1Ps TRAIN TO BUSAN 2 Peninsula Trailer 2 Breakdown, Reaction, Everything We Know So Far, Release & More!
cVu6ij7p7cQ Rattlesnake: Ending Explained Breakdown + Full Movie Spoiler Talk Review & The Meaning Of The Curse
cZAClri4PWQ SNOKE ORIGIN STORY LEAKED And It Sounds BAD | Star Wars: The Rise Of Skywalker Explained | RANT
caa2S6Kas9Y WATCHMEN: All The Hints And Clues For The Doctor Manhattan Twist | Episodes 1 - 7 Breakdown
caxTRl6uF2E WESTWORLD Mirror World Theory & Evidence | Stupid Mistakes Or Proof Of Rehoboam's Simulation?
ch3xhVoDYwE Watching The Watchmen | Episode 4 | The Watchmaker Review And Analysis
cjgoVWZXbsw THE OLD GUARD Ending Explained + Full Movie Breakdown Review, Sequel & Comic Differences | NETFLIX
ckkzXNjegpk It Chapter 2: Pennywise Explained | Breakdown Of The Creatures Origins, History, Inspiration + More
cqHN-JClnzs THE MANDALORIAN Season 2 Episode 4 Breakdown & Ending Explained Review | Easter Eggs  & Fan Theories
crPja88jP5s Black Widow WHY TASKMASTER SUCKED
csXZ232C2e8 AGENTS OF SHIELD Season 7 Ending Explained | Full Finale Breakdown, Easter Eggs & S.W.O.R.D. Theory
cxdH-N1ag6c Doctor Sleep: Ending Explained Breakdown + Full Movie Spoiler Talk Review & The Shining Easter Eggs
cz0Zgv4ljnA SPIDER-MAN OFFICIAL FULL SONY MARVEL SLATE BREAKDOWN | VENOM 2, INTO THE SPIDER-VERSE 2 & MADAME WEB
czAS3iUjB6c THE STAND Episode 1 Breakdown, Ending Explained Spoiler Review & Book Differences | CBS Stephen King
d-zTZ01shQ0 WANDAVISION Ending Explained And Post-Credits Scene Breakdown | The Future Of The MCU
d0cewhAHkDw SPIDER-MAN No Way Home Leaks Update | Why They're Real And New Images
d2zJJdRELgc Tom Cruise MELTDOWN On Mission Impossible 7 Set | ANGRY RANT & REACTION | Cruising For A Bruising
d95PsnRAcbU Joker (2019) NEW Plot Leak Breakdown Explained | Details Update On The DC Film | HEAVY SPOILERS
dBzr2l613Lo STAR WARS: The Rise Of Skywalker: Full Movie Plot Breakdown, Ending Changes, Rey's Parents Explained
dE8d2Qp-qHQ Chilling Adventures Of Sabrina Part 4: Everything We Know So Far | Release Date, Plot, Cast And More
dEj-KCi-wdw Frank Miller Holy Terror Review | WORST GRAPHIC NOVEL EVER
dFA6fO2CvH0 THE ADAM PROJECT Ending Explained | Full Movie Breakdown, How The Time Travel Works & Spoiler Review
dHl0Ij1Jrk0 Major Channel Announcement And Why I'm Not Covering Peacemaker
dR1QVNySos0 SNOWPIERCER Episode 6 Breakdown & Ending Explained | Full Recap & Review Of 'Trouble Comes Sideways'
dU0QcvA0UOQ SONGBIRD The Worst Thing To Happen In 2020 (almost) | Full Movie Breakdown & Ending Explained Review
dX4CdFJgm6g INVINCIBLE: Was Omni-Man Right?
dXxCFuHqjmc 52 CRAZY Easter Eggs We Noticed In THE BOYS Season 2 | Things You Missed
dYuKQ7aMe9E How Thanos Survived Stormbreaker Explained | INFINITY WAR TALK
dZhv4D4iLtA BATMAN 2021 UPDATE: Robin Casting Call, Second Batsuit Updates & New Plot Leaks Reveal SPOILER Dies
dZiSVOKB7U8 The Birds Of Prey Explained | Origins, Team Members, Best Comics And Everything You Need To Know
ddARVj5sCgU The I-Land: Netflix: Ending Explained Breakdown + Spoiler Review
deRAujdsuew Game Of Thrones: Season 8: Episode 3: Ending Explained, Story Recap + Episode 4 Predictions
dkIsd9zgAiQ The Mandalorian Season 2 Episode 5 PLOT LEAK Breakdown | Ahsoka And The Child Spoilers
dklFPNoJnbc Terminator Dark Fate: Why John Connor's [SPOILER] Ruined EVERYTHING In The Franchise | ANGRY RANT
dky-9wfAMe0 JUSTICE LEAGUE Snyder Cut: Original Ending Explained, DCEU & Grace Randolph Interview Breakdown
dmVQ73JtA-c LOKI Explained: Who Are The TVA, Time Keepers Mobius M Mobius And Kang The Conqueror Theory
doZBFXh_boE JUSTICE LEAGUE Snyder Cut Updates: Darkseid Voice Details, Martian Manhunter & AT&T Defend Release
dvKPDTuK4Ys THE UNDOING Episode 2 Breakdown | Ending Explained + Spoiler Review And Theories
dyWX6m4AM0g Spider-Man: Far From Home: Ending Explained Breakdown + Post Credits Review And Phase 4 Predictions
e0zzdlf1hYw Birds Of Prey: Official Teaser Trailer | HD MOVIE TRAILER | DC
e3MEntNowzg LOVECRAFT COUNTRY Episode 9 'Rewind 1921' Breakdown | Ending Explained + Easter Eggs & Theories
e6WJI6RikTk The Meg: Ending Explained & Book Main Differences
e7VskH60SBQ HAWKEYE Episode 3 Breakdown & Ending Explained Spoiler Review | MCU Easter Eggs & Things You Missed
eA2VI7VWIMY Hobbs And Shaw Explained: Who Is The Voice Behind Eteon? | Confirmed Fan Theory
eFPEHE-jwS4 THE BATMAN: Trailer Update, Sequel News, Lego Toy Set Breakdown, Alfred And DC Fandome
eHyagxcFR0M THE LORD OF THE RINGS: The Rings of Power Official Superbowl Trailer Breakdown | Reaction
eKM52o-yRuk DOCTOR STRANGE In The Multiverse Of Madness Plot Leaks Breakdown
eLTHrd8huRw RUN 2020 Ending Explained | Full Movie Breakdown And Spoiler Talk Review  | HULU
eNFp5GSA9t4 WANDAVISION Episode 1 & 2 Breakdown & Ending Explained Spoiler Review | MCU Easter Eggs & Theories
eQbaD9e7ilY VENOM 2 Let There Be Carnage Plot Leak Breakdown, Trailer Easter Eggs And Everything We Know
eY8TI3s6lXA The Possession Of Hannah Grace: The Real Life Exorcism Story And Inspiration Behind The Movie
ea20rIwMKcM How The Greatest Showman Won Me Over To Musicals
eciKnLINN7g THE OUTSIDER: El Cuco Explained | Origins, Abilities, Meaning And Season 2 Theories
edJedvJAYNk Why The Ending Of Ghostbusters Afterlife Is PERFECT
eegVc_W-GkU TOO HOT TO HANDLE Explained | The Worst Show Ever Made And I LOVE IT
ehKmH6RKqd0 Cobra Kai Season 3 Easter Eggs, Hidden Details And Things You Missed
ehLfGY3RPTQ I found some INSANE DETAILS in The Batman | Easter Eggs & Things You Missed
elp__vO-vX8 Captain Marvel: Trailer 2 Review [MCU Movie Reaction]
eppVlCSqt9E The Umbrella Academy: Ending Explained + Season 2 Predictions | FULL SPOILER REVIEW
etuPsDCypBw MCU New Phase 5 Leaks Full Breakdown On All Upcoming MARVEL Movies & TV Shows | D23, Avengers & More
ewrXrBKgy8Y ALL OF US ARE DEAD Ending Explained | Full Series Review And Predictions For Season 2 지금 우리 학교는
eww2aTCxVXM Star Wars The Last Jedi Reys True Parents Identity and Fan Theory explained and what this symbolises
f4902JRlz68 THE BOYS Stormfront And Black Noir Fan Theories | Their True Identity, Comic Book Clues & More
f8kSPpGVHVs THE ETERNALS Ending Explained, Post Credit Scene Breakdown & Full Movie Spoiler Review | Marvel
f9mr5vtthi4 COBRA KAI Season 4 Ending Explained Breakdown + Season 5 Predictions, Theories & Spoiler Review
fCbI1nXdLqE BOOK OF BOBA FETT Who Is The New Wookiee? Black Krrsantan Explained
fFKsUIfn7Ko Kevin Feige Officially Developing Star Wars Movie | KATHLEEN KENNEDY OUT? | ARE DISNEY DESPERATE?
fJFDkIqrZ4A Euphoria: Season 1: Ending Explained Breakdown: What Really Happened To Rue | SPOILER REVIEW
fMX6P3jNBrQ Jurassic World: Fallen Kingdom Ending Explained + Potential Sequel Theories
fNCSOOpmsvY Birds Of Prey Trailer Explained | Full Breakdown & Everything You Missed + Reaction
fRU0FXhRQb0 I found every Easter Egg in Shang-Chi
fRj-ExfHDcU NARCOS MEXICO SEASON 2: Ending Explained Breakdown + The Real Life Story That Inspired The Show
fZCn5vKCO8E Zack Snyder's Justice League Official Trailer Breakdown | Easter Eggs, Things You Missed And Story
fZtMo8J3jfY Terminator: Dark Fate: NEW Full Plot Leak Breakdown | Full Spoiler Talk & Reaction
fbIENm5JhZY Resident Evil 2: Remake All Endings Explained | FULL SPOILERS
fdEssllUT1s WATCHMEN: Lady Trieu Explained | Who The New Character Is | Origins, Daughter & Fan Theories
fdrMW-1Spko Spider-Man 3 Leaks: Kraven The Hunter Is The Next Big MCU Villain And He Is From Wakanda?
ffhkHWP9wI8 THE BATMAN 2022 New Images Breakdown, Batcave Reveal, Gotham Harbour, Long Halloween And More!
fhzy7BI_JNY Spider-Man Deal Update | Tom Holland: Spider-Man 3 IS MCU Connected + Disney Sony In Negotiations
fk3Ul1i7_aQ Terminator: Dark Fate Ending Explained Breakdown + Angry Rant Review | HEAVY SPOILERS
fnspnAbhD7E SPIDER-MAN DEAL UPDATE | Sony Offer Disney New Deal For 30% Of Spider-Man BUT Venom MUST Be In MCU
ft6P6pKKMyM Watching The Watchmen | Episode 5 | Fearful Symmetry Review By Tom Kwei And Deffinition
fyrtpWK7trU Wonder Woman 1984 Post Credit Scene Breakdown & Justice League Snyder Cut Release Date
fzAoRFo6xkY Justice League Snyder Cut Original Script Breakdown | All Deleted Scenes Explained
g0iz_JyZBEo Top 5 Black Mirror Episodes | The Ones You Need To Watch Before Season 5
g17l2lQmBcs Molly's Game | Who Is Player X?
g1kN7LfcFNc Suicide Squad Kill The Justice League Game Announced By Rocksteady | Brand New First Look Breakdown
g3-n4wWtB2o JUSTICE LEAGUE Snyder Cut Updates: New Trailer, Ending, Blu Ray Release, Martian Manhunter & More
g5UClJpUUys Midsommar: Plot Leak Breakdown | Entire Script Summary Of The New Horror Movie Explained
g6pW3g5c2mI Cam: Ending Explained + Film Analysis (Netflix 2018)
g9Nlqdh1UVs Calibre: Ending Explained (Netflix Original Movie 2018)
gF0I8E-C7NI Maniac: Alternative Ending Explained: Are They Still In The Machine?
gHQPDCX_1z8 Shang-Chi (2021) Official Trailer Breakdown, Characters Explained, Easter Eggs & Things You Missed
gHaF3jQvUBs Ad Astra: Ending Explained Breakdown + Spoiler Talk Review & True Meaning Of The Film
gIQSYu-br5U Star Wars: Episode 9: The Rise Of Skywalker: Official Trailer: Breakdown | Teaser Explained
gM4kvYZh-IM WANDAVISION Episode 9 Breakdown & Ending Explained Spoiler Review | Post Credits Scene & Easter Eggs
gOo2UtMOPSA SPIDERMAN No Way Home New Plot Details, Leaks, Trailer Update + Thor Love And Thunder Christian Bale
gQm1wf9DCLY YOU: Season 1: Ending Explained + Season 2 Everything We Know About THAT Twist | Spoiler Review
gRV-syF3KGQ The Cloverfield Paradox: Ending Explained | A Multiverse of Monsters
gUToSo6pARA AGENTS OF SHIELD Season 7: Episode 7 Breakdown & Ending Explained + 80s Easter Eggs & Callbacks
gUVZLr12w4Y BATMAN UPDATES: Why Ben Affleck Isn't Replacing Pattinson, Batmobile News, Jeffrey Wright & Penguin
gZSuyi1jU1c STAR TREK: Picard Episode 3 Breakdown + Ending Explained | Spoiler Review, Easter Eggs & Predictions
ga-YKYjWNJo Have leaks ruined Spider-Man No Way Home? #Shorts
gbDM841YuHQ Mortal Engines: Ending Explained, Movie Themes & Book Differences [Spoiler Talk Review]
gbkDC43GEM8 Deleted AVENGERS ENDGAME Scene Teases That THANOS Is Still Alive & Can Come Back To The MCU
gclqjyYP1sE The Batman Plot Leak Breakdown Explained | Brand New Details On The Matt Reeves DC Film
gegzRlIvP_4 SHANG-CHI Post Credits Scene Breakdown, Ending Explained & Full Review | Secret Wars, Hulk & More
gfLLa_L-GSo THE OUTSIDER: Episode 1 & 2 Breakdown & Full Spoiler Review + What's Going On & Ending Explained
gfNKhdIhcZQ Why This Scene In SPIDER-MAN Into The Spider-verse Is PERFECT
glRz6_H9XBo NOPE Trailer Breakdown | Story Theories, Things You Missed And Hidden Details
gqgSpjxbYw0 Watching The Watchmen | Doomsday Clock #4 Review
gvEdC5wx8mE You: Season 2 Explained: Everything We Know So Far | She's Back???
gvKPBB7aPT0 SPIDERMAN No Way Home Opening Scene | Peter Parker, J Jonah Jameson & MJ
gvn9QzZweWI DC UPDATES The Batman, Michael Keaton, Snyder Cut Trailer, Suicide Squad Game, Catwoman & Flash Plot
gw9X7Vajvbs SPIDER-MAN 3 Update: Tobey Maguire And Sam Raimi Coming Back After No Way Home For New Film | REPORT
h18hWXtcyFI SPIDER-MAN BACK IN THE MCU!!! NEW DEAL OFFICIALLY CONFIRMED!!! SONY AND DISNEY MAKE AGREEMENT!!!
h5RAUs8_cXM THE MATRIX Resurrections Explained: Your WTF Questions Answered
h5z5JdKTmwE DOCTOR STRANGE In The Multiverse of Madness Official Trailer Leak | Description & Easter Eggs
h8TyVV11xxg DUNE 2020 FIRST LOOK! Brand New Images Breakdown + Plot Details Revealed
h9g95_50Qxk SPIDERMAN No Way Home Explained: The Biggest WTF Questions Answered
hBxWli9zTdM 13 REASONS WHY Season 4 Ending Explained Breakdown + Full Series Recap & Spoiler Talk Review
hCuK1MJUcxY STAR WARS: The Rise Of Skywalker 3 Hour JJ Abrams Cut Breakdown | #ReleaseTheJJCut
hEAsYLIt3l0 Love, Death And Robots: Three Robots Ending Explained | THE HEAVY SPOILERS SHOW
hGQDv3zgTzo WESTWORLD SEASON 3: Simulation Within A Simulation & Mirror World Fan Theory Breakdown
hHQjL14QGSw SOUL Ending Explained Breakdown, Easter Eggs, Original Endings And Full Movie Review | DISNEY
hIWQtWMWL-Q YOU: Season 3: Everything We Know & Major NEIGHBOR ENDING Fan Theory Debunked By Penn Badgley
hNYRMTmCOf4 THE UNDOING Ending Explained | Episode 6 Breakdown And Who Did It | Spoiler Talk Review
hQOFYIFj56M Book Of Boba Fett: Cad Bane Explained | Origins, Clone Wars And Bad Batch Story + Finale Predictions
hSFLN8DGoP8 Why This Scene In THE SUICIDE SQUAD Is PERFECT
hT2AIKgmOas THE SUICIDE SQUAD Official Trailer Reaction And Breakdown | Easter Eggs & Things You Missed | DC
hU-kktj8gbo THE UNDOING Episode 4 Breakdown | Ending Explained + Spoiler Review And Theories
hWeNvUFGgeM Seth Rogen Completely DESTROYS Game Of Thrones Season 8 Writers D&D At San Diego Comic-Con
hZEvqlC9dXI Marvel Accidentally Confirms Time Travel In Avengers: Endgame?
h_phUkzu17g ROBERT DOWNEY JR OFFICIALLY RETURNING AS IRON-MAN FOR BLACK WIDOW | NEWS EXPLAINED
hdutESle61s GODZILLA VS KONG Mechagodzilla Confirmed, More Titans And Brand New Plot Leaks Breakdown
hgwmFMqsWP4 KINGDOM Season 3 Ending Fan Theories + Everything We Know So Far
hi20jcVViaA SNOWPIERCER Ending Explained | Full Movie Breakdown & Analysis Review
hiFu6vl2KkM IT: Chapter 2: Official Teaser Trailer Explained | IT Two Full Breakdown + Stephen King's Reaction
hjGV3Y7JG6k This video will change the way you watch INCEPTION
ho_dfWLAMXk Avengers Endgame: Deleted Scene: Young Thanos Origin Story Explained
hq3FQPY-ZHM Aquaman: No Spoilers Review [DC 2018 Movie]
hrNJNzqZf0g MCU Movie Details That Were Changed In Other Countries | Caps Notepad, Iron-Man 3 China Scene & More
hszrfM7KoBI Dying Light: Game Analysis: A Digital Nightmare
hv-YWpykpag THE MANDALORIAN Season 2 Episode 1 Breakdown & Ending Explained Review | Easter Eggs & Fan Theories
hvR_hbUCu5A New Avengers Endgame Footage Breakdown | Everything You Need To Know About The Re-release
i0vMmy9Nt_I A QUIET PLACE 2: Trailer Breakdown & Everything We Know | Plot, Release Date, Cast & More
i3IENDX32vA THE BOYS Diabolical Breakdown: Easter Eggs & Things You Missed | Part 2
i7W0InNwZa4 STAR TREK: Picard Episode 10 Breakdown + Ending Explained | Spoiler Review & Season 1 Thoughts
i8JfwYc0bqk JUSTICE LEAGUE SNYDER CUT Huge Update: Zack Reportedly Screened Movie For WB Execs & Is Moving Ahead
iBMYJLMzJkQ MEN IN BLACK: INTERNATIONAL - Official Trailer Review
iDocgOM_5nk You: Ending Fan Theory: Did THAT Character Really Die? | SEASON ONE SPOILERS
iH8ByTRx3ZA SPIDERMAN No Way Home: New Plot Leaks, Trailer Theories, Poster And EMPIRE Images Breakdown
iPHJh8d2xxE Star Trek: Picard Episode 7 Breakdown + Ending Explained | Spoiler Review & Episode 8 Predictions
iR4G9iyagZ0 HELLBOUND Ending Explained | Full Series Breakdown, Review And Season 2 Theories | NETFLIX
iYz4LlFClfU WATCHMEN: Episode 9 Breakdown & Ending Explained | All Easter Eggs, Season 2 Predictions & Theories
iZ_nCAMTGyk George RR Martin Regrets The Game Of Thrones TV Series And Says It Hurt The Books
i_JQlve-PO0 TENET Time Inversion Explained + The Movie's Timeline
ihR3FclD2kQ Bird Box: Deleted Ending Explained + Alternative Final Scene That Show What The Monsters Looked Like
ik8ZsBysZjk The Dark Knight Returns Review And Indepth Analysis | Issue #1 | Road To DK3
ioTKNLk1Tu0 THE INVISIBLE MAN: Insane Details & Easter Eggs That Make It The Best Horror Movie Of 2020
ipWAWu2SUTs DC BATMAN FanDome FAKE LEAKS Exposed By James Gunn
ixgylNX3uPg THE UNDOING Episode 5 Breakdown | Ending Explained + Spoiler Review And Theories
j73KOKA6tsA Westworld: Season 3 NEW Opening Credits Breakdown | Hidden Messages, Theories & Titles Explained
j8M7C_vF4hQ The Walking Dead: Season 10: Episode 8 Mid Season Finale Breakdown & Ending Explained
jCPf9MRvJD0 THE BATMAN 2022 Official Trailer 3 | 4k
jEQ_3rK4fjs Watching The Watchmen | Episode 12 | A Stronger Loving World Review & Analysis
jG63XfNRkvE I found Every Easter Egg in Spider-man 2
jIFulE1MJwM WANDAVISION Who Agnes REALLY Is | Theories, Easter Eggs And Agatha Harkness Explained
jPcP14i8Se4 TRANSFORMERS War for Cybertron Trilogy EARTHRISE Ending Explained + KINGDOM Fan Theories
jSHj2vjISks Uncharted: The Lost Legacy ENDING SCENE & FINAL BOSS [NO COMMENTARY]
jTGD1a8RKLw SNOWPIERCER Episode 8 Breakdown & Ending Explained | New Wilford Theory & Things You Missed
jWCh9Halipk So I Did Some Voice Over Work For Celebrity Big Brother 2018 with UNILAD
jXvID540f-I Black Mirror: Bandersnatch Super Secret Ending | Game Within A Game
j_kQ1Hf1hRA The Predator: Deleted Ending Explained & Alternative Sigourney Weaver + Arnold Schwarzenegger Cameo?
jaEdEHK-XMw Star Wars: The Rise Of Skywalker Leaked Plot Breakdown |  How Palpatine Returns & Ending Explained
jaOzBmijrkE CHILLING ADVENTURES OF SABRINA: Season 3 Ending Explained Breakdown & Spoiler Talk Review
jeFmuJpJrbg Hawkeye Episode 3 Echo Uncle Theories: Kate's Dad, Wilson Fisk AKA Kingpin, Jack & More
jey7HZTcfnM Bumblebee Movie Review | World's First Transformers Review | 2018 | NO SPOILERS
jiIcJgJS3ik CASTLEVANIA Season 4 Ending Explained Breakdown | Spoiler Review & Spin-Off Predictions | NETFLIX
jj7MCYrHt3M Joker: Explained: Why All Of The Clocks In The Movie Are Set To 11:11 | FILM FAN THEORY
jo4tFu4MFfk STAR WARS Book Of Boba Fett: The Night Of A Thousand Tears Explained
jvZXIcTwFM8 WATCHMEN: Teaser Trailer Explained | Things You Missed & Easter Eggs
jwFelPRgQCI BATMAN 2021 UPDATES: New Batmobile Images, Paul Dano Interview, Plot Leaks & Filming Resuming Soon
k5uIBcSmRxI Birds Of Prey: Official Teaser Trailer: Explained + History Of The Squad
k9dHwWO-y8U AGENTS OF SHIELD Season 7: Episode 10 Breakdown & Ending Explained | Easter Eggs & Fitz Fan Theory
kB_VhF4bnYA Avengers: Endgame Robert Downey Jr Finally Confirms That Tony Stark Knew It Was A Suicide Mission
kCBPJbUdzUU THE WALKING DEAD Season 10 Ending Explained Breakdown | Full Episode 16 Finale Review & Predictions
kIyrJzGwAMc The Most SAVAGE Marvel Comic Con Panel Shut Down EVER by Anthony Mackie AKA Falcon
kJ3cNWrufD4 LOKI Why Miss Minutes Controls The TVA And Is The REAL Big Villain | Episode 5 Fan Theory
kKfDXCn9Vhw HIS DARK MATERIALS Season 2 Ending Explained + Credits Scene Breakdown | Your Questions Answered
kLEZvMl9TFY Watching The Watchmen | Episode 7 | A Brother To Dragons Review & Analysis
kWMip3fqO5U Creed 2: Ending Explained [MOVIE SPOILER TALK REVIEW]
kWx3Af5em0k MCU Phase 4 Breakdown | Everything We Know So Far, Rumors, Leaks & Phase 5 Explained
kXza2YrjP0w WANDAVISION Episode 7 Promo Trailer Breakdown | Reaction, MCU Easter Eggs And Things You Missed
kZUrsybcMtA The Flight Attendant Ending Explained Breakdown | Full Series Spoiler Review & Season 2 News
kgqcndoMmjk THE BATMAN 2021: Second Batsuit Leaks Confirmed By Trailer, Description And Amazing New Easter Eggs
kgyhf_6Ca_Q PARASITE: Ending Explained Breakdown And Full Movie Spoiler Talk Review
khut4WaMliA THE MANDALORIAN Season 2 Theories Who Is Sasha Banks Really Playing? | Sabine Wren, Dr. Aphra & More
klX_I89eU2o Birds Of Prey: NEW Full Plot Leak Breakdown | Full Spoiler Talk & Reaction
kmzEvMiYuUM American Horror Story 1984: Ending Explained Breakdown & Season 9 Spoiler Review | AHS 1984
knqGnQHhero LOVECRAFT COUNTRY Episode 8 Breakdown | Ending Explained + Easter Eggs & Things You Missed
kpBNIL2xy7I MIDNIGHT MASS Explained | Ending, Full Season Breakdown & Review
kqjVrI-fvoM How The Batman Could've Caught The Riddler At The Start Of The Movie #shorts
kvp_x2uTrS0 THE BAD BATCH Episode 11 Breakdown | Ending Explained, STAR WARS Easter Eggs And Things You Missed
kxSGza9SFKE EXTRACTION Ending Explained Breakdown + Full Movie Spoiler Review
kzKInNO4KVg LOKI Trailer Breakdown | All Easter Eggs, Hidden Details, Things You Missed, Black Widow & X-Men
l-0Wyr1lrAA SQUID GAME Ending Explained | Full Series Breakdown, Spoiler Review And Season 2 Predictions
l02E_lHO0D8 THE BATMAN New Plot Details, Michael Keaton's Returns Suit In The Flash Easter Eggs, Batgirl & Leaks
l0H8VwTyzOI Uncharted: The Lost Legacy Review By Deffinition | GAME TALK
l29pQ_gJamU Why IT CHAPTER 3 Could Be Happening Very Soon | Everything We Know About The Return Of PENNYWISE
l4a3_lmqXfM THE LAST OF US PART 2 Ending Explained & Full Story Breakdown | HEAVY SPOILERS
l5lHMQGE8dY BAD BOYS FOR LIFE: Ending Explained + Mid Credits Scene Breakdown | SPOILER REVIEW & BAD BOYS 4 NEWS
l7fV7Ffl5Tk OBI WAN KENOBI Trailer Breakdown | Easter Eggs, Hidden Details, Plot Theories & Darth Vader Returns
lAfUMHId-oQ LOKI Episode 4: New Trailer Breakdown, TVA, Time Stone, Illusion, Sylvie & Richard E. Grant Theories
lDt3vmEJ7UU BATMAN BATBIKE FIRST LOOK Full Breakdown, Color Of The Batsuit, Arkham & Long Halloween Set Photos
lIFP2ATNyis Chilling Adventures Of Sabrina: Season 2: Ending Explained + Part 3 Predictions
lPMp2T6epLg The Walking Dead: Season 10 Premiere: Episode 1 Breakdown & Ending Explained + Episode 2 Predictions
lQpLKjk8Hhs Midsommar Ending Explained Breakdown + Full Spoiler Talk Review & Analysis On The 2019 Horror
lX9jFStAZ0k Jessica Jones: Season 2: A Fight For Feminism: Video Essay
lY4wTYgWrSI Marvels What If First Look | Leaked Images Reveal Zombie Steve Rogers & Captain America Peggy Carter
lZ-eVR2hSE0 THE STAND Episode 7 Breakdown, Ending Explained Spoiler Review & Book Differences
lZO3tm2917w Why The Ending Of SPIDER-MAN NO WAY HOME Is Absolutely PERFECT!
laj7yDCefM0 Teen Titans GO! To The Movies: Post Credits Scene Explained
lbAxO-i76ik THE BAD BATCH Episode 15 Breakdown | Ending Explained, STAR WARS Easter Eggs And Things You Missed
lboT35l9k_I MOON KNIGHT Trailer Breakdown | Easter Eggs, Origins Explained & Things You Missed
lc3pIZEV-Tw MOON KNIGHT TV Spot Breakdown | Every Easter Egg And Hidden Details In The Super Bowl Trailer
legga7EdF-E THE TURNING Ending Explained Breakdown + Full Movie Fan Theory | Book Differences & Spoiler Review
lkYKeFxYSj0 Love, Death And Robots: The Witness: Ending Explained & Fan Theory
lmXeducKdLY Zombieland: Double Tap: Ending Explained, Post Credits Breakdown + Full Movie Spoiler Talk Review
lmv478P5aHc VOTE LOKI Explained | Full Comic Breakdown, Review & Everything You Need To Know Before The MCU Show
loLzcKoIoQs RESIDENT EVIL 3: The Nemesis Explained | Full Monster Breakdown, Origins Appearances & More
loOqTSdObWk MIDSOMMAR: Every Creepy Little Detail Hidden In The Movie
lrCwqNyYifE Fantastic Beasts 2: The Crimes Of Grindelwald Ending Explained
lto8xgtH-Sg Unbreakable: David Dunn Meets Kevin Wendell Crumb AKA The Beast For The First Time? | MOVIE CLIP
lvZ2AHsnJnk Marvel WHAT IF Episode 9 Breakdown & Ending Explained Spoiler Review | Every Easter Eggs & Season 2
m0aKSG9Yavs COBRA KAI Season 4 Everything We Know | Filming Dates, Release, Story And The ENDGAME Level Ending
m2Cz92PKHvw Christopher Nolan DESTROYS Warner Bros Over Releasing Their 2021 Slate On HBO Max | FULL QUOTE
m3AQAXx38oA We NEED To Talk About How BAD The Last Of Us Part 2 Leaks Are And The NAUGHTY DOG Controversy
m8Faiv_1axs Why This Scene In AVENGERS ENDGAME Is Perfect
mCPNbyaPasM DUNE 2021 Official Trailer | Warner Bros & HBO Max Premiere | 4K Teaser #2
mJk_s7Z1DrU FALCON AND THE WINTER SOLDIER Plot Leak Breakdown | Full Pilot Episode Description And Series Story
mKaCTSyDe58 THE MANDALORIAN Season 1 Recap | Everything You Need To Know Before Season 2 | STAR WARS
mLPospf45Xc TENET Ending Fan Theory: Is Neil Really Kat's Son ??? | His True Origins Explained
mLux6672cuo FEAR STREET Part 1: 1994 Ending Explained, Movie Breakdown, Spoiler Review & Part 2 1978 Predictions
mM0cpXDA2sU Devil May Cry 5: Ending Explained Breakdown: V’s Identity, Nero’s Power & The Future Of DMC
mPrNg_E2YMk AGENTS OF SHIELD Season 7: Episode 5 Breakdown & Ending Explained | Easter Eggs, Theories & More
mSiUb8fMoDI 'Toxic Men' Completely Destroy BIRDS OF PREY Already? | Why This Ragebait Needs To Stop NOW
mU7j17uBxcs ARMY OF THE DEAD Ending Explained Breakdown | Easter Eggs, Full Movie Spoiler Talk & Prequel News
mWIVs0FURGM A Quiet Place Part 2 Ending Explained Breakdown | Full Movie Spoiler Review, Spin-Off & Trilogy News
mY0EYvVIou8 Chilling Adventures Of Sabrina: Christmas Special: A Mid Winter's Tale: Ending Explained
mYsONmdUlms JUPITER'S LEGACY Full Comic Book Storyline Explained | Season 2 Theories & History Of The Utopian
mZizjU_KuJc THE MANDALORIAN Season 2 Episode 7 Breakdown & Ending Explained Review | Easter Eggs & Fan Theories
m_RNWLH2Vvg RICK AND MORTY Season 5 Episode 6 Breakdown | Easter Eggs, Things You Missed And Ending Explained
mbUoV-yrddI The Twilight Zone: 2019: Episode 5: Wunderkind: Ending Explained + Spoiler Talk Review
mfG4a3uMCmA Resident Evil 2: Remake: Mr. X Explained & The Evolution Of The T-103
mfSE64uN4uY Falcon And The Winter Soldier EPISODE 3 Breakdown & Ending Explained Review | Marvel MCU Easter Eggs
mhtCkpIbEHQ Game Of Thrones: Charles Dance Aka Tywin Lannister Confused & Disappointed At Season 8 Ending
mhziRp7mR5s Resident Evil 2: Remake: Final Boss Battle And True Ending Cutscene | NO COMMENTARY
mjSipvDbpIk Game Of Thrones Prequel: First Look And Behind The Scenes Images Explained
moFWcCdEdYs TIGER KING EXPLAINED The Craziest Show On Netflix + What Happened To Them All After The Show
mqMuKOlT9fA Black Mirror: Season 5: Striking Vipers: Ending Explained Breakdown & Spoiler Review
mv4zp0uUhjM Homecoming: Season 1: Ending Explained & Post Credits Scene by Show Director Sam Esmail
mx1hcfJUxEY The King: Netflix: Twist Ending Explained + Real Life Story Breakdown & Full Movie Spoiler Review
mxBOzOO3_AI WANDAVISION, LOKI & FALCON AND THE WINTER SOLDIER Trailer Breakdown | Theories & Things You Missed!
n1eNG1bKrGA The Joker Explained: Full Character Breakdown, Creation, Origin Story And Best Appearances
n52phTwiub0 Tesseract Timeline Explained: Captain America, Captain Marvel, Infinity War & More
nDyy5R0TvmQ Fractured Netflix: Ending Explained Breakdown + Spoiler Talk Review
nFuYwV0IM8U Scary Stories To Tell In The Dark Movie Monsters Explained | Everything You Need To Know
nI_POIW3ZLE SPIDERMAN No Way Home Bridge Scene | Spider-Man Vs Doc Ock
nJc1C22zy3w Breaking Bad Movie: El Camino: Everything We Know So Far & Trailer Breakdown
nK_FCLx72IY THE BATMAN Joker Deleted Scene Explained: Breakdown Of Barry Keoghan | Origins & Backstory
nL8Z5bQacM0 The Walking Dead: Season 9: Episode 5 Ending: Rick Grimes’ Final Moments & That Twist Explained
nN1Ui7ijXww I Watch The IMAX Version Of BATMAN V SUPERMAN And Found These Hidden Details
nQz5m5m6RfQ Watching The Watchmen | Episode 6 | The Abyss Gazes Also Review | Rorschach Origin Story
nRnGoE3co10 The Haunting Of Hill House: Season 2: The Haunting Of Bly Manor Trailer Explained | NETFLIX
nT7w2H-8jTU Falcon And The Winter Solider Plot Leak Breakdown | CHRIS EVANS RETURNS AS CAPTAIN AMERICA?
nWv3lPY19UQ Family Blood: Ending Explained (Netflix 2018)
nXKS5r4B4d8 GODZILLA VS KONG Trailer Breakdown: Why There's A Fake Skull Island, Easter Eggs and Plot Leaks
ndpEhkP_VlI Spider-Man: Far From Home Official Trailer Review
nhZcMCXb8J8 Our House: Ending Explained Review: Netflix (2018)
ns-vooUnBEw WESTWORLD Season 3 Episode 3 Breakdown | Ending Explained, Who Hale Really Is & Easter Eggs
nuFnvZyDBJE THE OUTSIDER: Episode 7 Breakdown & Ending Explained + Episode 8 Predictions
o-XhgdliaRg Every Hidden Background Ghost In The Haunting Of Bly Manor | Things You Missed
o0Q1C9A903k THE BOYS Season 3 Trailer Breakdown | Easter Eggs, Things You Missed And Hidden Details
o8ZMPRvYALc Doctor Sleep Trailer Explained | Everything You Missed From The Shining Sequel Teaser | Breakdown
oAXvn204w6Q Falcon And The Winter Soldier: Were Ayo And John Walker Right?
oAd9apdz4rU The Nun: Full Story & Ending Explained Review (2018 Movie)
oAg_EGC5LSU The Mandalorian: Episode 3 Full Breakdown & Ending Explained Spoiler Review | STAR WARS
oC2GL8CJWLA WESTWORLD SEASON 3: How It Should Have Ended
oFm2IqLIro4 SNOWPIERCER Season 2 Ending Explained Breakdown | Season 3 News And Full Series Review
oGVfrVZ0mqY Why This Scene In X-MEN First Class Is PERFECT
oIchjK1PZFI UNCHARTED MOVIE Tom Holland And Mark Wahlberg FIRST LOOKS Totally Changed My Mind
oIoqKRqQ0gg Ghost Caught On Camera: Is My House Haunted?
oLArQ9ZBf6c Watching The Watchmen | Doomsday Clock #5 Review
oMVyu2uhpZ0 What If Theories | Episode Concepts, Multiversal War, Captain Carter Avengers & Trailer Breakdown
oNxESzQon_E WESTWORLD Season 3 Post Credits Scene Breakdown | Full Ending Explained And Season 4 Predictions
oQKOrqqs0ck Marvel's Avengers: A-Day Prologue Gameplay Full Demo Walkthrough Footage | Story, Villain & Reaction
oZUmJug8Wss Cobra Kai Season 4 Best Fan Theories And Predictions | Silver, Mike Barnes, Tory's Identity And More
oaaaHsart7Q SPIDER-MAN DEAL UPDATE | Sony Will Let Disney Use Character In MCU If He's In Venom 2 & Spider-Verse
oagBoxefhBo THE BOYS Homelander Explained | Who The Character Is, His Origins, Powers, Fan Theories & More
oftPMViKDSU GODZILLA VS KONG - Official Trailer Breakdown, Things You Missed And Easter Eggs Explained
ogkJFfDZA4I The Autopsy Of Jane Doe | Ending Explained & Dead Wife Suicide Theory
ohEIfeARlEI BIRDS OF PREY: Plot Leak Breakdown | Full Movie Summary, Post-Credits Scene And Ending Explained
ojsEY-tJqNM Us: Everything You Missed On The First Watch | Double Meanings, References & Easter Eggs Explained
ojwPUSr3Tl0 Alien Review | Greatest Movie Ever Podcast Episode #2 With Callum Cieciala
on8tJoP-Bec Replicas Ending Explained | 2019 Keanu Reeves
onhygON2Vrk Spider-Man Back In The MCU? | CosmicBookNews.com Report That Disney & Sony Reportedly Come
orNdIMMj2UI BATMAN 2021 New Leaks: Script Pages, Fight Scene Description, Riddler & When Filming Will Resume
or_YlDeL7N4 GODZILLA VS KONG TV Spot | Brand New Footage
ovZrfwvRT-s All The Times That Nick Fury Was A Skrull In The MCU | Iron-Man - Spider-Man: Far From Home
owHGJQDdIQg IT: EVERY TIME PENNYWISE WAS HIDDEN IN THE BACKGROUND OF A SCENE | THINGS YOU MISSED
ozJ2IJ2pA2Y Kingdom: Season One: Netflix: Ending Explained | FULL SPOILER TALK REVIEW
p-hO7b-rH6g KINGDOM Ashin Of The North Ending Explained | Full Breakdown, Spoiler Review & Season 3 Predictions
p3P4zzr7pro Gemini Man: Ending Explained Breakdown + Spoiler Talk Review & The BIG Secret Revealed!!??
p42xbIcluew MARVELS AVENGERS GAME Everything We Know From War Table + Gameplay, Story, Spiderman, Trailer & More
p6L6QmtuIOY Watching The Watchmen | Episode 8 | Old Ghosts Review & Analysis
p91Un8S8HwQ Bird Box: What The Monsters Look Like | The Creature Design Explained
pOoZ4mzV_KI Falcon And The Winter Soldier Episode 5 Cameo Details | Everything We Know So Far
pV0hw33tDkc The Batman Cinemacon Trailer Footage | Description Leaks, Scene Breakdowns & Comic Easter Eggs | DC
p_hlPmo1mUo The Gentlemen: Ending Explained Breakdown + Spoiler Talk Review
p_z9DymhYN0 THE STRANGER: Ending Explained Breakdown + Spoiler Talk Review
pa3BLLOH_NM The Walking Dead: Season 10: Episode 12 Breakdown & Ending Explained
pa4FVbfs-k0 THE SUICIDE SQUAD – DC FanDome Exclusive Sneak peek Breakdown | Theories, Reaction And Easter Eggs
peAsg9ZorRs Pieces Of A Woman Ending Explained | Full Movie Breakdown And Spoiler Talk Review | NETFLIX
pfVc8aACA-k MORBIUS Trailer Breakdown | Easter Eggs Explained, Theories, Leaks & Things You Missed | SPIDER-MAN
pifs0Yqxjds THE OUTSIDER: Episode 6 Breakdown & Ending Explained + Episode 7 Predictions
pnRVcrOzvzA SPIDER-MAN No Way Home New Suit Breakdown | First Look | Black & Gold, Doctor Strange, MJ, & More
pppOGtK9Bgo BETTER CALL SAUL Season 5 Ending Explained Breakdown + Full Series Review & What Happens To Lalo
prADtHC7rbQ NEW Leaked BATMAN 2021 Images Tease BIG Fan Theory + Joker, Penguin Casting, Batsuit, Gordon & More
prPUm8KIO2w JUSTICE LEAGUE: THE SNYDER CUT Trailer Breakdown, Reaction, Easter Eggs And Things You Missed | HBO
prtBZYh9wuE Avengers: Endgame: Fan Theory: Why Thanos Failed And Was Wrong | Snap Consequences Explained
psPafOd-LO4 THE ETERNALS Final Trailer Breakdown, Easter Eggs, Things You Missed, Story Explained & Plot Leaks
psUTZEnrTnA DISNEY MARVEL STUDIOS PHASE 4 CinemaCon Presentation | Full Breakdown Of What To Expect
ptjyqA1dLSM JUSTICE LEAGUE SNYDER CUT Trailer + JUSTICE CON Panel Breakdown & Reaction | Black Superman Suit
ptpEwXlZCyU Sony Confirm Spider-Man: Sinister Six Movie Is Being Built Towards In The MCU
pvEf8sQzqO0 Hellboy 2019 Trailer: Full Breakdown: Everything You Missed | Story Details, Easter Eggs & More
pwIUhnd5cgc Hold The Dark: Ending Explained Review + The Symbolism Of The Mask
pwcARROL1ZA LOVECRAFT COUNTRY Episode 10 'Full Circle' Breakdown | Ending Explained + Easter Eggs & Season 2
q-PYyHZU-Ms WONDER WOMAN 1984 EXPLAINED: How Steve Trevor Is Still Alive | Fan Theories, Plot Leaks & More
qAG5vSb8oYY Why Mutants May Already Be In The MCU | Doctor Strange The Multiverse Of Madness Trailer Breakdown
qBwDxCqLn-o WANDAVISION Explained: The Biggest WTF Questions Answered And Our Theories
qCaQ2lCOHbw How To Kill Wonder Woman
qCvb1NluTUM Spider-Man 3 Will Be His 'Endgame' And The Film In Which He Crosses Mutliverses Through Madam Web?
qEkYXBzp37A Alternate IRON MAN Post-Credits Scene Has A SPIDER-MAN And X-MEN Reference From Nick Fury | MCU NEWS
qHAF-DTcp6E THE BAD BATCH Episode 7 Breakdown | Ending Explained, STAR WARS Easter Eggs And Things You Missed
qM_alWfj8wA The Highwaymen: Netflix Movie Review And Real Life Story | NO SPOILERS
qOdnfgmrIPo In The Shadow Of The Moon: Ending Explained Breakdown + Full Netflix Movie Spoiler Review
qOe9TkJFba8 The Curse of La Llorona: Ending Explained & Spoiler Review + The Conjuring Universe Connections
qQ5IKmzTayM CAPTAIN AMERICA RETURNS! Chris Evans In Talks For A Marvel Movie And Disney Plus Show | Breakdown
qRYY9BuEtCs In The Tall Grass: Ending Explained Breakdown + Movie Spoiler Review & How The Grass Works
qX55tyGnt5I Marvel Finally Confirms The Real Father Of Peggy Carters Kids | More Info On Steve Rogers Mission
qc7mEz35YNs LOVE, DEATH AND ROBOTS Season 2 Ending Explained | Full 8 Episode Breakdown & Review | NETFLIX
qfB2tA0qpWU JUSTICE LEAGUE SNYDER CUT Biggest Changes | Henry's Mustache, Steppenwolf, Darkseid, Ending & More
qgBcUlDYep4 SPIDERMAN 3 (2021) Trailer Release When? Kevin Feige On Rumors And Tobey Maguire Deal Finalized
qkTcnswxFpo IT: Chapter 2: Book Ending Explained | Full Breakdown & Predictions For The New Movie
qp9bfnDBxdM NARCOS MEXICO SEASON 3: Ending Explained | Did Amado [SPOILER] + Real Life Story Breakdown
qrKycPeT_fY WANDAVISION Craziest Theories: Show Within A Show, Ultron, Two Wandas, Cataract, Nightmare & More
qrTfLKr-Acw The Twilight Zone: 2019: Episode 6: Six Degrees of Freedom: Ending Explained + Spoiler Talk Review
qtAPJxy1y3Y THE SUICIDE SQUAD Ending Explained | Full Movie Review, Post Credits Scene Breakdown & Easter Eggs
quSLxigfXiQ HIS DARK MATERIALS Season 2 Episode 1 Breakdown | Ending Explained + Spoiler Review And Theories
quXxMgm-0so MORBIUS PLOT LEAK BREAKDOWN | Full Movie Summary, Spider-Man Tie-In, Villain & Sinister Six Tease
qxycLo6Cf0g Russian Doll: Season Two Explained: Everything We Can Expect From Season 2 + Release Date
qyELw-8zTA0 WESTWORLD Season 3: Serac's HUGE Flaw Explained | Why He Will Lose To Dolores
qyisUK0r_9g DEVS Ending Explained Episode 8 Breakdown + Full Season Spoiler Talk Review
qyjAB7bp_7U Minnal Murali Ending Explained | Full Movie Breakdown And Spoiler Talk Review | NETFLIX INDIA
qz1f3FQ-9Kg WANDAVISION Episode 4 Breakdown & Ending Explained Spoiler Review | Marvel Easter Eggs & Theories
r0k5n2EUnNU I found every Easter Egg in Joker
r2DfEN9Zn28 BATMAN NEWS: Director Matt Reeves Interview That Reveals BIG Things About The Movie
r2iJyNcHkpc 81 INSANE DETAILS We Noticed In Lovecraft Country | Easter Eggs And Things You Missed
r6JSynjpk8g INVINCIBLE Episodes 4 Breakdown & Ending Explained Review | Easter Eggs & Comic Book Differences
rB3hM6bLelM IT Chapter 2: The 8 Minutes Of New Footage From The IT Re-Release Post Credits Scene Explained
rBfkobz2xfk Terminator: Dark Fate: Official 2019 Trailer Explained | Is John Connor Dead? | Full Breakdown
rDiIIaRIdcA Falcon And The Winter Soldier EPISODE 5 Breakdown & Ending Explained Review | Marvel MCU Easter Eggs
rIJBqhuN_aM LOVECRAFT COUNTRY Episode 7 ‘I Am’ Breakdown | Ending Explained + Easter Eggs & Things You Missed
rLyxRmRt0Qo SQUID GAME Theories: Guards And Players, Gi-Hun And Il-Nam's Relationship, The VIPs And More
rOqkLP4HQN0 Batman/The Flash: The Button Review & Story Recap (Deluxe Edition)
rPrbyRJzTk8 SPIDER-MAN FAR FROM HOME: EVERY TIME MYSTERIO WAS HIDDEN IN THE BACKGROUND OF A SCENE
rQG24BDqnzY All 22 Marvel MCU Movies Ranked From Worst To Best | Iron-Man - Avengers: Endgame
rUpJ1h4RwVg Outlaw King: Ending Explained & What Happened To Robert The Bruce After The Film Ends
rZJb3N-_WpI Joker Sequel Update: Joaquin Phoenix Interested Doing Another Movie & The Batman Connected?
rcvF3fegocw BATMAN BATBIKE CHASE SCENE BREAKDOWN: New Batsuit Details, Fan Theories, Leaked Riddler Scene & More
rdTIEBHje5Q Ranking The Batman Movies | 1966 – Justice League
riviYFmuhE8 The Flash: Season 5: Episode 100 Twist Ending Explained, Story Recap & Predictions [S5E8]
rlUkT18ypE8 WANDAVISION How Agatha Harkness Connects To Doctor Strange, Double Vision Theory And Yo Gabba Gabba
rmV2_pJ793E Close: Netflix: Ending Explained + Real Life Story Of The Female Bodyguard To The Rich And Famous
rqZ4A2gmh2Q THOR LOVE AND THUNDER Leaked First Look | Breakdown, Theories, Reaction and Things You Missed
rtfYU5tqf4c Scary Stories To Tell In The Dark Teaser Trailer Explained | Breakdown Of The Monsters
ryyCQ37Qlmk OLD Ending Explained | Movie Review, Twist Breakdown & Analysis Of The M Night Shyamalan 2021 Film
rzcwSya-Ma0 Spider-Man: Far From Home: Post And End Credit Scene Explained Breakdown | HEAVY SPOILERS
s0AYD1qQIPA Thor 4: Leaked Plot Details Breakdown, Guardians 3 Tie-In And Taika Waititi Returning As Director
s1hYEf4lsBk Fantastic Beasts 2: The Crimes Of Grindelwald Fan Theories About THAT Twist
s4rTWpaK4GQ THE MANDALORIAN: Cara Dune Explained | Who The Character Is & Huge SEASON 2 News | STAR WARS
s6vcyrTtzE0 SUICIDE SQUAD Ayer Cut Breakdown: Main Differences Explained And The Snyder Cut Ending Tie-In
s875HO-piTc Spider-man No Way Home Trailer 2 Release Time #Shorts
s8sJP5wI2DM Why Andrew Garfield's Return In Spider-Man No Way Home Is So ICONIC
sALjNOcR1Jc Tau Ending Explained (Netflix Original Horror 2018)
sDiIgIEioPY THE BOYS Season 3 Predictions And Theories | Victoria Neuman, Soldier Boy, Homelander & More
sJL_C4_n0QI LOKI Episode 1 Easter Eggs Explained: Was That Peggy Carter And New Hidden Details Revealed
sLOAckRkSo8 Did STAR WARS The Rise Of Skywalker Steal From Avengers Endgame?
sMN88BdD9hg All 23 Marvel MCU Movies Ranked From Worst To Best | NO SPOILERS
sTyxx8Pd0L4 SHAZAM! Ending Explained Breakdown + Post Credits Scenes, Hidden Easter Eggs You Missed & Review
sUPm25AIYg0 KINGDOM SEASON 2: Ending Explained & Full Netflix Season Breakdown
sVOEBMDH7cs SNOWPIERCER Episode 7 Breakdown & Ending Explained | Full Review Of 'The Universe Is Indifferent'
sVm1T5_-vaU HAWKEYE Episode 4 Breakdown & Ending Explained Spoiler Review | MCU Easter Eggs & Things You Missed
sWbrN76LTJI THE BOYS Season 2 Episode 8 Breakdown & Ending Explained | Review, Predictions, Theories And More
sZh2q5799xA A Quiet Place 2 Explained | Everything We Know So Far & Possible Storyline
secu3DpNc1g Toy Story 4: Ending Explained Breakdown + Full Movie Spoiler Review
sgghfhBQxqE THE BOYS Season 2 Episode 1 - 3 Breakdown & Ending Explained | Review, Predictions, Theories & More
smBjSqQYljs A Tribute To Stan Lee
suP_eGZEb-A Ben Affleck OFFICIALLY Back As Batman For The Flash 2022 With Michael Keaton | DC FANDOME NEWS
sucDjFcr47c The Umbrella Academy Season 3: Everything We Know | Plot Leaks, Returning Characters & More
suoSXEgnKOY SPIDERMAN No Way Home Official Trailer Breakdown | Easter Eggs, Villains Explained & Hidden Details
sxv4NexZ5lA THE BOYS The Deep Explained | Full Character Breakdown, Comic Book Origins & Theories
syGBjdd1iio THE WITCHER Season 2: Ending Explained | Full Breakdown Of The Netflix Show And Spoiler Review
szR1bwNmlOE INSANE DETAILS In the Doctor Strange In The Multiverse Of Madness TV Spot Trailer
tGHpjTKmxWc STAR TREK: Picard Episode 8 Breakdown + Ending Explained | Spoiler Review & Episode 9 Predictions
tJHo97PY7Ek Avengers: Endgame: Steve Roger's Mission Explained: How Did Captain America Return The Soul Stone?
tLXJ0lyDJzg Captain Marvel: Post Credit Scenes Explained | END CREDITS MCU TIE IN???
tMfrngnoU28 Thanos Explained: Full MCU Character Biography, Origins, Creation And Everything You Need To Know
tNhnrGrl-qA Thor: Ragnarok Review | #Swagnarok
tOVhBaI8frI Doctor Strange: In The Multiverse Of Madness Sounds AMAZING | What We Know, Plot Leaks & Disney Plus
tV_wr3jA0Nc Why THE FLASH Scene In Zack Snyder's Justice League Is PERFECT
tWYmMq04UBk Deadpool 2: Ending Explained + What Happens In The Post Credits Scene
tcmPIlgcz1w Falcon And The Winter Soldier Episode 1 Ending | Who Is The NEW Captain America? US Agent Explained
tevJh9twFWY Brandon Routh Returns As Superman In The CW Crossover Event Crisis On Infinite Earths | SDCC NEWS
tz5XaXxv2ZU The Mandalorian: Episode 1 Breakdown & Ending Explained Spoiler Review + Theories | STAR WARS
tzfMZn8S8Xw Batman: Gotham By Gaslight Review
u-5WR9FVzg4 The Curse Of Superman: 2018 Edition
u2crL3_zeTQ Watchmen: Official HBO Teaser Trailer Explained | Full Breakdown And All Easter Eggs
u5Bm7G4luJo CANDYMAN EXPLAINED Character Breakdown, Origins, Trailer Fan Theories & Everything You Need To Know
u6gtRjUMn-Y DA 5 BLOODS Ending Explained Breakdown + Full Movie Spoiler Review, Post-Credits & Aspect Ratio
uCY0CsEE8Ic The Witcher: Ending Explained Breakdown & Spoiler Talk Review + Timeline & Season 2 Predictions
uCt5rUgiklQ The REAL Reason The Game Of Thrones Prequel Was Cancelled
uDBjKk2s_OY Why CCXP Sucked
uEanY2zAxUE The Best Easter Eggs & Parallels In The MCU You Missed | Iron Man, Avengers, Endgame, Loki & More
uF0QFgwIY14 THE MANDALORIAN Season 2 Episode 2 Breakdown & Ending Explained Review | Easter Eggs & Fan Theories
uGo0N-QHF5w JUSTICE LEAGUE Snyder Cut: Ryan Reynolds Green Lantern Tweet & Copyright Claim Confirms Mini Series?
uLlyHE3nRuU Shadow Of The Tomb Raider: Ending Explained + Post Credits Scene Easter Eggs
uMbE_VCKhtE LOKI Episode 4 Breakdown & Ending Explained Spoiler Review | MCU Easter Eggs & Post Credits Scene
uTuh8bRjidI DC Legion Of Collectors Superman Unboxing | UK Box with Deffinition
uTzWx-GlCvk OBI WAN KENOBI Trailer Breakdown: The Grand Inquisitor Explained | Origins, Powers And More
uWig1srsl24 Kingdom Hearts 3: Ending Explained | Final Cutscene Theory
uY16Os_VQr8 Insane DARK Season 3 Ending Theory That Will BLOW Your Mind | NETFLIX DARK S3 EXPLAINED
uYYDXTY53g8 Marvel WHAT IF Episode 6 Breakdown & Ending Explained Spoiler Review | MCU Easter Eggs And Details
uad-AlVeZ7E Time To Hunt Ending Explained Breakdown + Full Movie Spoiler Talk Review
ucWbmwPCfj8 ARMY OF THE DEAD Explained: The Biggest WTF Questions Answered | Timeloop, Robot Zombies, UFO & More
ufOgU6xc3EA The Autopsy Of Jane Doe | Ending Explained & Dead Wife Suicide Theory
ujgnS4vqtzc BABY YODA Explained: Who The Mandalorian Character Really Is | Fan Theories & Season 2 Predictions
ukTrzSgGGsM Batman BATMOBILE Breakdown Our First Reactions To The Look At The New Car
upuL-3ZzpD8 Why Gwen Stacy's Death In The AMAZING SPIDER-MAN 2 Is So Impactful | The Perfect Scene
uqZkxh2yJlo The Walking Dead: Season 9: New Enemy Episode 9 Predictions
urKBTd4fc-Y Rambo: Last Blood Ending Explained & Post Credits Scene Breakdown + Why IGN Is Wrong With Its Review
urMhKa25x7Q SPIDER-MAN Miles Morales Trailer + Breakdown, Reaction & General Thoughts On The Playstation 5 EXC
us-OI-43RMo The Dark Knight Returns Review And Indepth Analysis | Issue #2 | Road To DK3
uslyChZbmGw The Prodigy: Ending Explained | Serial Killer Kids + My Spoiler Talk Review
utKatkwoQQ4 WANDAVISION Predictions & BEST Fan Theories | Quicksilver, Evan Peters, Doctor Strange & Ultron
uwq1T8gtWns SPACE JAM A New Legacy Breakdown: Every Easter Egg, Hidden Detail, Cameo, Character And Reference
uxwfXbSKBu0 CAPTAIN AMERICA The Winter Soldier: Insane Details, Easter Eggs & Things You Missed | MARVEL MCU
v-O3escWmz4 I found every Easter Egg in VENOM Let There Be Carnage
v1c7KaCyDsQ Henry Cavill In Talks To Return To The DCEU In New Superman Projects | Thank You Snyder Cut
v22LXVA4iW8 Dirty John: The Real Life Story Of John Meehan & My Review Of The Netflix Show
v3W80ju0uIw SNOWPIERCER Episode 1 Breakdown & Ending Explained | Recap & Review Of 'First, The Weather Changed'
v5HYkg14yVs THE BATMAN 2021: Firefly Casting Rumor, Penguin Mayor, Riddler Victim Theory & Bloody Extras Leaks
v7OeMzaLjL0 SPIDER-MAN 3 No Way Home Official Title Reveal, Plot Leaks And First Look Breakdown
v9BP4MSmJYc Spider-Man Deal Update: Venom In The MCU And New Contract Between Disney & Sony Explained
vHesGS5oGdQ MICHAEL KEATON In Talks To Return As BATMAN In The Flash Movie + I Need To Address Plot Leaks | DC
vPSutR0IrqQ 21 Bridges: Ending Explained | Full Movie Breakdown + Spoiler Talk Review
vXbXvhH8r8c BOOK OF BOBA FETT Episode 1 Breakdown | Easter Eggs, Ending Explained & Spoiler Review | STAR WARS
vab15_p5Ses Happy Death Day 2u: Ending Explained | Full Movie Spoiler Talk
vfe_Sjcpnv8 DC Legion Of Collectors Most Wanted Box Unboxing UK Review with Bane and Lex Luthor Funko Pop
vhBIZ24d00A SNOWPIERCER SEASON 1 Ending Explained, Season 2 Predictions & Fan Theories EPISODES 9 & 10 Breakdown
vhiMe-huyB4 WESTWORLD Season 3 Episode 2 Breakdown & Ending Explained | Jurassic Park & Game Of Thrones Eggs
vlxIU238SmE MARVEL'S AVENGERS Ending Explained & Post Credits Scene Breakdown | Full Game Story & Spoiler Review
voMlgtcjcOI WANDAVISION Updated New Post Credits Scene Explained: Full Ending Breakdown & Differences | MCU
vsWcJEYrx2A It Chapter 2: Can Pennywise Return After The Ending Of The Film? All Future Appearances & Chapter 3
vvBtX2QtTBo IT: Chapter 2: Official Trailer Explained Breakdown + SDCC Comic Con Footage Reaction & Chapter 3
w-scwwAhr0I Game Of Thrones: Season 8: Episode 1: Premiere: Ending Explained + Story Recap | GOT
w0qiRLomJUY JUSTICE LEAGUE Snyder Cut Updates: Ben Affleck, Henry Cavill & Gal Gadot NEW SCENES + Ray Fisher
w19MeBZw5qI HALLOWEEN KILLS Ending Explained | Full Movie Breakdown, Spoiler Review And 'Ends' Sequel News
w1FGTieNobk OFFICIAL MARVEL'S MCU THE INFINITY SAGA 4K BOX SET TRAILER
w1WmsNzAz6A SQUID GAME Explained: Your WTF Questions Answered | Why It Was Created & The Front Man + BenQ W1800i
w3Y6lKoZxxk SWEET HOME Ending Explained Breakdown, Spoiler Review & Season 2 Predictions | NETFLIX
wAOwLw-iJUA Red Dead Redemption 2: Good And Bad Ending Explained + Epilogue Scene Spoiler Talk
wCJbsGsXHQM I Am Mother: Ending Explained | Full Breakdown And Spoiler Review Of The Netflix Movie
wCfrYqvi6mc DOCTOR STRANGE In The Multiverse Of Madness Trailers And TV Spots | Breakdown & Easter Eggs
wG6CMdkOODw FAST AND FURIOUS 9 Ending Explained, Post Credit Scene Breakdown & Full Movie Spoiler Review | F9
wHXfo7B48vo Game Of Thrones: Season 8: Episode 3: Ned Stark Back From The Dead Theory Explained
wLIwtK9Mh6Q DUNE Paul Atreides Explained: Full Dune Story Breakdown, Character Origins And Powers
wNFlrI_w8ZI Polar: Netflix: Ending Explained | FULL SPOILER TALK REVIEW
wNNRvpuP7no Tenet: Official Teaser Trailer (2020) Explained | Full Breakdown Of The First Look At The Film
wNPzzi8xfEs LOVECRAFT COUNTRY Episode 6 ‘Meet Me In Daegu’ Breakdown | Ending Explained + Easter Eggs & Theories
wT-RW6OW6sc THE IRISHMAN: Ending Explained Breakdown + Real Life Story & Full Movie Spoiler Talk Review
wTHjvaokr0s Ready Or Not: Ending Explained Breakdown + Le Domas History, Le Bail & The Rules Of The Game
wVQ1kjeHW3c Glass: The Agency Explained | Who Is Dr. Ellie Staple? | FULL SPOILERS ON THE END
wa1EMSXdivk Killing Eve: Season 2: Ending Explained Breakdown | Season 3 Predictions + Full Spoiler Talk Review
waK8ih_gvRM We Happy Few: Secret Ending
wk54Gjk-gDE Us Ending Explained | Full Twist Spoiler Talk Review & Things You Missed In The Jordan Peele Horror
wmReKSvTu5s Replicas Movie Review: First Good Sci-Fi Film Of 2019? | NO SPOILERS
wthBubyA88Y HOW TO BEAT OMNI-MAN | Weaknesses And The Best Strategy To Take Down The Viltrumite
ww9eHwmeH9I Spider-Man: Far From Home: Plot Spoilers From The Premiere | Leaks And Ending Explained
wxh6DkwLS4c Why MORBIUS Is The Perfect Best Film Ever Made Of All Time Ever
x3KlnxCH6z0 THE BATMAN 2021: Exclusive Image, Plot Leaks, Filming Updates & Debunking The Court Of Owls Trailer
x7_mXrqiKWQ The Walking Dead: Season 10: Episode 7 Breakdown & Ending Explained + Episode 8 Predictions
x8wCDZA4oRc The Last Of Us: Part 2: Everything We Know So Far | Release Date, Ghost Joel, Story, Trailer & More
x9CZYii4j5U SNOWPIERCER Episode 5 Breakdown & Ending Explained | Full Recap & Review Of 'Justice Never Boarded'
xB9NSuD9eI8 THE BATMAN New Images Breakdown, Riddler Close Up, Catwoman, Batmobile, Wayne Tower & Easter Eggs
xFFU3KQx27Y WESTWORLD Season 3 Episode 8 Breakdown | Ending Explained, Easter Eggs & Both Post Credit Scenes
xLyX2IaY6MM MOON KNIGHT Episode 2 Breakdown & Ending Explained Spoiler Review | Easter Eggs & Things You Missed
xMclt2BHSIE The True Story Of Zack Snyder's Justice League And Breaking Down The Joker Jesus Image
xMy_VKfHqw4 Joker: Leaked Footage Breakdown | All Scenes Explained | THIS LOOKS AMAZING
xYttAVUNh34 Why Billy Butcher May Be The TRUE Villain In THE BOYS | Season 3 And Ending Fan Theories
x_3aiDTEduM 13 Reasons Why: Season 3: Ending Explained Breakdown: Who Killed Bryce Walker Revealed
xhLpXz5aN-w THE BOYS Victoria Neuman Explained | Comic Origins, Vic The Veep, What The Ending Means & Theories
xjcVAb2ToaQ Wu Assassins: NETFLIX: Season 1: Ending Explained Breakdown, Season 2 Predictions + Spoiler Review
xk3ixhH1iqM Avengers: Endgame: Ending Explained + Full Movie Spoiler Review Breakdown
xlpiqezHiYg WANDAVISION The True Villain, Maria Returns, Fantastic Four And Who Is Under Witness Protection?
xt6fP4FFbVY The Batman 2021: MASSIVE MOVIE MELTDOWNS Over New Robert Pattinson Interview & John Campea Comments
xxdaJWKZcrw THE BAD BATCH Episode 8 Breakdown | Ending Explained, STAR WARS Easter Eggs And Things You Missed
xzBqPGlGbcA THE BATMAN 2021 Trailer Bruce Wayne First Look | Reaction, Thoughts, Theories and Easter Eggs
y4aSGioBTIs SUICIDE SQUAD Ending Breakdown: Post Credits Scene Explained + Peacemaker HBO Max Show Predictions
y8N0U_lxRW0 GODZILLA VS KONG Updates, Toy Details, First Look, Axe Fan Theories, Plot Leaks & Kong Battle Damage
y8qjIlJVyTk Batman: The Killing Joke Review | Watching The Watchmen
y9PoJkf--40 MOON KNIGHT Trailer Breakdown | Easter Eggs, Theories And TV Spots Explained
y9nXVAvaDvc RESIDENT EVIL 3 REMAKE Secret Ending Explained + RE8 Teaser Breakdown & Game Review
y9pYm80gA2Q IT CHAPTER 1 & 2: Every Time PENNYWISE Was Hidden In The Background Of A Scene | THINGS YOU MISSED
yAoFpxv_-oc MCU OFFICIAL PHASE 4 UPDATE: Black Panther 2 Release Date, Black Widow, Kit Harrington & Gemma Chan
yD-xHAKLtIM Catastrophe: Season 4: Episode 6: Finale: Ending Explained + Spoiler Review & Carrie Fisher Tribute
yDFlG_xJkUU DC TITANS: SEASON 1 FINALE: ENDING EXPLAINED & POST CREDITS SCENE BREAKDOWN | SPOILER TALK
yEizr_oxR5g AGENTS OF SHIELD Season 7: Episode 1 Breakdown And Ending Explained + May Fan Theory
yFsYC9JCZwc JOKER SEQUEL CONFIRMED!!! Todd Phillips Working On New Movie & Batman Villain Tie-in?
yG75eELXmFk Cinemas Boycott UNIVERSAL And Refuse To Show HALLOWEEN KILLS, Fast 9, Jurassic World 3 & Candyman
yHRse1FqNfk John Higgins: Watchmen Colourist Podcast Interview: Watching The Watchmen
yIJeFe35efE BATMAN BEGINS 100 Easter Eggs, Things You Missed And Hidden Details Only True Fans Notice
yJYKI-jAjvA How Movie And TV Plot Leaks Work On YouTube
yL2y1BydWxk I was wrong about DUNE
yMBTxmOypPE QUEEN AND SLIM: Ending Explained Breakdown & Full Movie Spoiler Talk Review
yOgigcKFm8o DEFENDING JACOB Ending Explained Breakdown & Spoiler Talk Review | Did Jacob Kill Ben?
yPWiCG6Piac Black Panther 2 Update: Doctor Doom Will Reportedly Be The Film's Villain & Fantastic Four MCU Debut
yQjnm5w9glg I found every Easter Egg in Thor Ragnarok
yRDoODNJJhc PROJECT POWER Ending Explained Breakdown + Full Movie Review, Easter Eggs & More | NETFLIX
yRnff7AEsZs MOON KNIGHT Explained | Origin Story, Powers, Best Comic Books And Everything You Need To Know
ySI9QJF5ao8 Sonic The Hedgehog (2019) - Official Trailer Review - WTF IS THIS??? | Angry Rant
yXXHaShKOIM Remembering God Of War 3 | 7 Years On | Still A Classic?
yXhxdk3Im6Y TENET Opening Explained: Opera Scene And Train Yard Breakdown
yZ3QejFXu70 LOKI Episode 5 Breakdown & Ending Explained Spoiler Review | Marvel Easter Eggs & Things You Missed
yZ5zz9UKnVc BATMAN The Long Halloween Ending Explained | Part 1 & 2 Breakdown, Review, Easter Eggs & Differences
yZjphAcZvhs Doctor Who: New Year's Special: Resolution: Ending Explained + Rest Of The Season Prediction
yc6Q1wz3exc YOU: Season 2 Review | NO SPOILERS | Your Average Joe Or Next Netflix Love?
ydq-vrxUFQE God Of War: Ending Explained + Atreus' true Identity
ygyXTPj74Gk THE OUTSIDER: Episode 10 Breakdown, Ending Explained, Post Credits Scene & Season 2 | Full Review
yqew-wi-40Q How To Train Your Dragon: The Hidden World: Ending Explained & Review
yrguAQc-6GU The Dark Knight Returns Review And Indepth Analysis | Issue #3 | Road To DK3
ysbRD0kdmjY THE OUTSIDER: Episode 9 Breakdown & Ending Explained | Full Spoiler Review & Episode 10 Predictions
yzcKC9SNpm8 THE BAD BATCH Episode 6 Breakdown | Ending Explained, STAR WARS Easter Eggs And Things You Missed
z2YbK8JxqPE BATMAN 2021 Updates: NEW BATMOBILE Details, Film Date, Twins Two-Face Theory + Batcave Location?
z9El0c8JL20 GODZILLA VS KONG Plot Leaks, Rumors, New Spoilers Breakdown & Everything We Know So Far
zEO9D58uE08 HIS DARK MATERIALS Season 2 Episode 2 Breakdown | Ending Explained + Spoiler Review
zHMp12ZbOUs CURSED Ending Explained | Full Series Breakdown & Spoiler Review + Season 2 Predictions & Theories
zLJzh8dil3w GODZILLA VS KONG Trailer CCXP First Look Teaser Breakdown | Kong And Godzilla Reveal Reaction
zOFV6gWRsa4 Star Wars: The Rise Of Skywalker: NEW CONFIRMED FULL PLOT LEAK BREAKDOWN | HEAVY SPOILERS
zQOQx3b6Yxo STAR WARS The Bad Batch Episode 2 Breakdown | Ending Explained, Easter Eggs And Things You Missed
zRfo50ro6Xo Game Of Thrones Cast Being Disappointed By Ending Of Season 8
zTnA2toVZLg 1983: Ending Explained | Netflix Original 2018 Spoiler Talk
zZr9hOXZXxw UNDERWATER: Ending Explained Breakdown & Full Movie Spoiler Talk Review
z_az9IhDuHU Ben Affleck's The Batman Script Breakdown | Everything We Know | DC
zcaGKR7ggvA Top 5 Jason Aaron Comics to pick up after Thor God Of Thunder | Scalped, The Goddamned, Conan + MORE
zds0ieaChOE MARVEL CCXP 2019 FULL PANEL BREAKDOWN | All New Phase 4 Reveals | Black Widow + The Eternals Footage
zicPXTkbBDI THE BOYS Season 2: Your Questions Answered | Can Vic Beat Homelander? What Did Stormfront Say & More
zikmWEEVULk Brightburn: Ending Explained | Spoiler Talk Review On The New Evil Superman Movie
zlmRZV7TnfA THE MANDALORIAN Cobb Vanth Explained | Full Character Breakdown & STAR WARS Origin
zmtrNoU3nHk Child's Play 2019: Behind The Scenes Drama Explained | MGM And Series Writer Don Mancini Go At It
zmuwX__Cu9U HAWKEYE Trailer Breakdown | Easter Eggs, Things You Missed, Hidden Details & Comic Story Explained
zosg6UfYrx0 DC Titans: Finale: Episode 11 Synopsis Reveals What's Going On With Batman
zpwdj1jxpsQ DARK SEASON 3 ENDING: Your Questions Answered | Regina's Father, Charlotte, Adam's Burns & More
zqLEy8NmImE THE BAD BATCH Episode 4 Breakdown | Ending Explained, STAR WARS Easter Eggs And Things You Missed
zud8QAl3JxE X-Men: Dark Phoenix: Ending Explained Spoiler Talk Review + Original Ending Plan Breakdown
