--avKAAow5c Woke PSA's | Which Country Tried the HARDEST to End RACISM?
-0cJsQOXeQQ BUSTED: Horseback Border Agents Get a Correction
-3EEJrWSj4g CRINGE: You Can't Watch The Full Video #WalshChallenge
-3at1wF3vJ8 The FREAKOUT is ALL About Roe V. Wade
-6b5FlP7ZnQ WATCH: Shooting at the Austin BLM Demonstrations
-8E4lPp9a9k LOL: TikTok Goes FULL TRANS In Creepy Sexual Rant
-AoligfbJq0 The Evil Spirit Of The Liberal Elites | Ep. 847
-DsJ0oOPtho The Real Threat | Ep. 787
-Fiv7UW_fUk White Guy SUES over Being Paid Less Than Black Female Coworker
-G37T0LajvY Why Don’t Responses Ever Work? | Ep. 277
-HcWM0u3hPc Fly The Flag Or Burn It | Ep. 639
-NIh-nlzIEk CAUGHT: Woke Teacher Wants Christians To Die of COVID
-OhipH5LQW4 The Taliban's Shocking Plan For American DOGS
-QA8AmvrANw Epstein Almost Gets Suicided | Ep. 388
-QAqEOgtDC8 Only Racist People Want Aunt Jemima Canceled
-S4VEin6j8w Which Is Worse: MS-13 Or MSM? | The Michael Knowles Show Ep. 158
-S_Z2TGSORw Andy Millennial Raps About Culture, Feminism, Rock & Roll
-UPottQDn5o The Catch-22 Of COVID-19 | Ep. 519
-VbWp4yiHyA Get In Line And Get Left Behind  | Ep. 829
-WCsYfaTg8Y HELLBENT Dems Freakout Over ACB Replacing RBG
-WnmBEnXdzY Buttigieg Is Eating Beto's Lunch
-YCGyeUfCg4 WHAT? California's INSANE Thanksgiving Rules for Family Gatherings
-Yei82hZqbk BREAKING: Fauci’s LIES May Come Back To Bite Him
-Zs5rQMOjoM VIRAL TikTok: Trans Satanist
-_MrZcf-Y-s CAUGHT: NBC Photoshops To Make Lia Thomas Look Like A Woman
-avKGn8Oz6A Andrew \
-bY78WncX9M Dear Michael: Are Romantic Movies PORN For Women?
-d4ASf1H-Hc Here Are The Dems To Watch In Next Debate
-dXUjLNsqR4 Guys... I think We Were WRONG About Britney Spears
-fPQuVmsYoU Send Her Back? Make Her Speaker! | Ep. 384
-nxKorpDH_Q FAIL: Biden Tries Pandering to Christians
-oIbnjz_u88 The Green Flu Deal | Ep. 514
-rySrgzwV0Q The Democrat's SPENDING Plan EXPLAINED
-tznBypJgdU Help Us, Cocaine Mitch. You’re Our Only Hope | The Michael Knowles Show Ep. 221
-wDtMpYN2nk Trump Is The Worst! (Except For All The Others) | Ep. 435
-xnDurufXLg Quid Pro No | Ep. 454
0-F84Gn3Y6s SAVE THIS: Video of \
0-wDY2UkirM Keepin’ It Real: The Modern Minstrel Show | The Michael Knowles Show Ep. 151
00CuCWwyb0A SHOCKING: 60 Minutes Blames USA for Health Crisis
04qH4E-uo1s Let’s Celebrate January 6th! | Ep. 916
06rM38JA8Fk The Left’s Last Defense: Cry Racism | Ep. 322
07-_cjeyRPk Mayor REFUSES WHITE Interviews While Living with her WHITE LESBIAN Partner
0ARjXC_WSTg Worse Than 9/11 And Pearl Harbor | Ep. 917
0DZDkTV4DLc WATCH: Hilarious TRIGGERED Liberal Give PSA
0Di3xGBHK7Y The Revolution Will Be Televised: Trump TV Debuts | The Michael Knowles Show Ep.5
0Do8gO6cFZA WATCH: Viral Mother DESTROYS Racist School Board
0EqKhh3mO_I Black Beans Matter | Ep. 578
0GO5P0l_jb8 TRANSGENDER SPORTS: Judge Says Males Are Not Males
0H0roSHicSw Democrats’ 2020 Strategy: WAHHHH! | The Michael Knowles Show Ep. 196
0HIbjbUveHU LOL: Dems Want a $1 Trillion Coin Made of Platinum
0KhN3mGx9YU DEGENERATE Activist Harasses and Doxes Woman
0M702QuNuGA We May Get Trump’s Wall After All… | Ep. 409
0OJqvR01_C8 IT'S OVER: Michael Knowles DESTROYS Critical Race Theory
0P95uw_fKt8 Ep. 99 - Should We Accept Gay Marriage? ft. Fr. Michael Schmitz
0UUvIRno_NU It’s A Man’s World |  Ep. 964
0Zt_t0mj97Y Transing Children & Comparing Trump Supporters to WWII Villains - The Left Has LOST IT
0biT7oL62Q0 WATCH: Hypocritical Bidens Think Masks Are A JOKE
0cOs3BXP3aE Even Republicans Misunderstand Crime | Ep. 253
0dgyL_QLTrM Insanely WOKE Commercials | Try To Guess! (Viewer Requests)
0doYN2Qv4qw Criticism of VP Kamala Harris is \
0eli2jUGfXA A Stand Against Puppy Killers And Racists |  Ep. 947
0ggALsWzfx0 Ep. 250 - Florida Woman Corrupts Democracy
0ioGeVcbqsA Everyone Loves Cancel Culture | Ep. 699
0jymPMc313o WATCH: Rand Paul HUMILIATES Smug Dr. Fauci
0kj5q6uhcE8 Full Of Sound And Fury, Signifying Nothing | The Michael Knowles Show Ep. 192
0l4NJUtR8X8 INSANE Story: Black Women Arrested Over VAXX & Cries \
0m_8tirjMxE The Left Has Hypnotized The World | Ep. 309
0o1IsZW6Nkc I Married a LIBERAL, What Should I do? | Viewer Question
0oNlpopC6zo Libs So White | Ep. 477
0owloZ1SaKU Competing Pregnant & Choosing Life over Olympic Dreams | Lindsay Flach
0r8zmtHgXgQ Woke Mob DESTROYS Jenna Marbles
0tEww6xf4FM Mob Rule | Ep. 732
0tWOJIoP-iQ Liar, Liar, America On Fire | Ep. 565
0wfzf4MAAQw The Conversation Ep. 21: Michael Knowles
0xEasnwEwpA Bill Maher: THIS Is Why People HATE LIBS
0xfomWCWKH0 I Spymocrats Threatening Our Republic! | The Michael Knowles Show Ep. 159
0y07EpBemEQ Did Everyone Forget The U.N. Doesn’t Matter? | The Michael Knowles Show Ep. 231
0zLXhKfvigs WATCH: China Expert's SHOCKING Admission
10W0RZmkQ0c Trump Or Surrender | Ep. 620
11XVYmfxgWk WATCH: Hammer Thrower's RADICAL Excuse for Disrespecting The Anthem
15hCDaD6zXw The Kids Are All Right | The Michael Knowles Show Ep. 155
17GgMK31I5M Known By The Friends You Keep | Ep. 473
17dEpEMk4LI CAUGHT! Gov. Cuomo Allegedly Hid Death Numbers From The FBI
18Jx3igtZ4g Eric Weinstein | Open Borders and The Tactics of Identity Politics
19QIBJry59s White \
1AceERyLqn4 Michael's BOLD 2020 Election Prediction
1CDjg1w8WKM WATCH: DISTURBING Worship-Like Vaccine CHANT at Concert
1IgX6csuHNg Art is Free Speech
1L_HW-zZ5UU Michael Knowles Sells His First NFT
1M2e7dSq-jk Many UGLY Women Want to Keep Masking
1NwsYL1wj84 Coach FIRED For Comparing Stacey Abrams to \
1R-ufY0ZxrA WATCH: McConaughey Is Close, but WRONG About Liberalism
1SkLbsYJ3nI Biden's Strange SHOUT: \
1UjKwEr4wVQ RADICAL Woman Claims \
1UmzJ9j62wE 63-Year-Old Madonna's Gross THONG
1VM9cWkjryE Kamala's Freshman Dorm Moment | Michael Knowles
1VVZQ7jBSLI New Book PRAISES George Floyd
1X0qmairO4E The VALKYRIE McEnany Defends ALL Victims
1X9K1UnmyaQ \
1ZAqDxj1U2g #MeToo: Biden's Pick Groped Me in 2003... Maybe
1aU_n1HBcmw VIRAL: Women Shout \
1fxcQyDQ6X4 No News Is Bad News | Ep. 665
1gD_U76MGas WATCH: Joe Biden Wants to MANDATE Masks
1iBManJ1_4c Buh-Bye-Atollah! Trump Scraps Iran Deal, Obama Legacy | Ep. 152
1jM6NVwHr2k REACTION: \
1keALghIsuI Drag Queen and The Price is Right Give 100k to Planned Parenthood
1mB5weHuNiM WATCH: Nickelodeon's \
1n1QjbgpMBQ Democrats’ Pandemic Power Grab | Ep. 516
1olQw2z3QFI Biden Lied, People Died  | Ep. 831
1p7qPWE_GfU LOL: Was Kamala HIGH When She Said That?
1r7p9Tt8kOg LOL: If You Don't Sleep With DUDES You're Transphobic?
1r_reZkokeo RIP CHAZ: You Will NOT Be Missed
1rtgvlvGtQQ Here's The DEAL: Is President Joe Biden a Religious Man?
1sBXgoPJJf0 Keaton Jones: Why We Can’t Have Nice Things | Ep. 73
1v85W-WFyRU Media CRINGE-FEST Over Biden \
1vLPVujAe2k Impeachment Gets Real | Ep. 441
2-E2ZhEbiMo Trump's Path to VICTORY Has Been Done Before
2-Xxf787zNw SAVE THIS: Trump VIDEO Shows He was Right All Along
21i0bIxODf8 Biden Wants To Count Your Votes In 2022 |  Ep. 920
21lBRUD7s9k Michael Knowles Joins Sean Spicer to Discuss INSANE Democrat Bill
23G8IGSYRRM \
27u4KNisORU Fake News Lies About \
29BgKd54rpg Too Few Problems | Ep. 549
2Bt5D86LPaY HAHA: Microsoft Unveils \
2D-hY8-Nx5c The LEFT Compares Stacy Abrams to Runway Supermodel
2FJ2IedLU0o WOW: Joy Reid Claims The Trump Voters Are RACIST
2GY4KuA-TgM Free Speech Is So Rare, You Can't Even Buy It | The Michael Knowles Show Ep. 203
2GlbCkfJMnI CRAZY: Teacher BRAGS About Discussing GENITALS with Pre-Schoolers
2QRVt6lk6yA TRIGGER WARNING: Joe Biden BANS Travel From AFRICAN Countries
2Qf4CM4dZIw WATCH: Black Man STOMPS Elderly Asian Woman As Security Watch
2SpZhjmHRdE When The Left Believes Violence Is Justified
2UENmTMMUrY WATCH: BLACK Women TWERK on Cop Car - Ends How You'd Expect
2VgaItsJ9r0 The Midterm Grand Finale | Ep. 244
2VvYtY4Rux4 TX Sen. Ted Cruz Joins Michael to Breakdown ACB and RGB
2WJwfEhUgK0 Michael Knowles Tries to Guess Gen-Z Terms | Try to Guess!
2WnzCh77mDo Blue-Check Lib FREE, While Meme Poster Faces PRISON Time!
2bz4lSEyMt8 BEST OF THE MAILBAG (05.14.20)
2e2qU3GF_NY NO Votes Went for TRUMP! Says New Star Witness
2fG-g0B7rgw LOL: Based BLACK Woman's EPIC RANT After Trans Person Undresses in Spa
2fKJiKSDzSo Before You Accuse Me (Take A Look At Yourself) | Ep. 811
2fhn5vbbIDk Your Life Is Worth The Risk | The Michael Knowles Show Ep. 841
2gHtG_Nmrm4 CRINGE Fatphobic TikTok Reaction #shorts
2i6Y0WZzui4 Biden's Brave New World | Ep. 906
2j5VJ6iCvJw WATCH: Defiant Owner & Customers Shout \
2kHPiawHQL4 WATCH: Rachel Maddow Spreads DANGEROUS Disinformation
2kgplzzW6_o A Horrible Statement By A Weak Leader |  Ep. 949
2ki94AcxGEk LOL: Joy Behar MISGENDERS Caitlyn Jenner
2mu4s-2fI2c Michael Knowles Crashes a Communist Rally
2nJGM6Btd-Q Mexican Migrants Walk Toward US Border in Biden T-Shirts
2nO9BiZFORA Terry McAuliffe Is A Traitor Insurrectionist | Ep. 878
2oeAywXKHO4 The Silent Majority | Ep. 417
2reesXILqI4 Joy Reid's RACIST \
2tVxhF99CAc The Media's War On White Men | Ep. 891
2tWBYCLUwGw Biden's PATHETIC Speech Was A DISASTER
2txsr_34YY0 Money Printer Go Brrr | Ep. 530
2vKh2ajkyNc 𠇍on’t Body Shame Me” Knowles V Walsh TATTOOS Debate
2xVpCNaBulE Science And Data Are Dead | Ep. 545
31mcNPTCTZg Crazy WOKE Commercials | Try to GUESS! (Viewer Requests)
32ba09ik20Y National Embarrassment | Ep. 644
337xyiHjs_M ELECTION 2020: Is Big FRAUD Evidence Coming?
343N1iajFo0 Are We Getting Stupider? | Ep. 353
347e23VhIPI BREAKING: Michael Knowles Reacts to Kyle Rittenhouse NOT GUILTY Verdict
34FXCkX7Cbk DISTURBING: Children Dancing for Money at DRAG BAR
3C8E7DAK7GA Nashville Shooting | Woke Article BREAKDOWN
3DAdJJd8AAA Mueller’s Campaign To Get Trump Impeached | Ep. 356
3ErrAhKUwPo FRIGHTENING Putin Deep Fake Shows How Real Propaganda Is
3MgbBg2Q2ys WATCH: The HD Footage They Didn't Want You to SEE
3NIV6wTU73g No Justice, No Peace
3NZpslXTQps The Orwellian WARNING of Toppling Statues and Erasing History
3PquB_VGc7A Tom Hanks CANCELED for Good WHITE Male Roles
3Q3JE5VZdwI A Normal Person Wouldn't Vote For This
3RNdYeg0AEE CAUGHT: Employee Admits CNN Exaggerated COVID Deaths
3TAZZnXqwvs Michael Knowles Guest Appearance for The Washington Journal on CSPAN
3WsjSSLl1NI Trump Calls The Left’s Bluff At The Border | Ep. 403
3YveVHgKBFQ BRACE YOURSELF! Joe Biden Has a New Nickname for Trump
3bVRvzWN9pc Conservatives are WINNING on Trans Issues
3cpKCRGQx8o WATCH: Unhinged Leftists Storm Republican's Home
3d3gE62HefA TRANS Swimmer CRUSHES Women's Competition
3eCn3d02sHc Caitlyn Ain’t Conservative | Ep. 759
3hZmjKpjiYo The Experiments On Puppies And Children  | Ep. 871
3lSaRh59Xl0 WATCH: The Most DISTURBING California Propaganda Yet
3lbKxzH_-ro The MOST SICKENING Tweet You’ll See This Week
3mD9sR8QI7w REACTION: Jussie Smollett Caught HOAXING Himself
3mVPGb6sMqQ Something Stinks In Pennsylvania | Ep. 640
3op0Fos_xwA EPIC! Black Woman Destroys White Liberal In Beverly Hills
3u7hdbbgwgM WATCH: Unhinged WOKE Woman HARASS Cop In Racist Tirade
3vTC2N4f5lQ The Trump Card and The Open ATTACK on Conservatives | Dinesh D'souza
3vYAtNMH83A Are Modern Women TOO EASY?
3vltvDTILCg WATCH: Man SURROUNDED by Shaming Lunatics
4-U8BwIHzW8 The Super Legit California Recall | The Michael Knowles Show Ep. 843
4-bbWb5ZvRo MASSIVE Spike In People Going GAY In New Poll
4-kg8wEBN1o Klobuchar? I Hardly Know 𠆎r! | Ep. 295
40cMW_85lvU Being Less White | Ep. 705
41cU6J2CdaU Toxic Effeminacy | Ep. 495
434iLkggS7w Modern Day McCarthyism
43KOwCWuiTM These Classic American Books were REMOVED To Make Schools More Progressive
45SNyd6AF7w REVENGE: Massive Class-Action Lawsuit against Robinhood
461-dGsocXg Shopping By Race Is Racist | Ep. 864
46VxrrbVqCU PBS Attacks Babies For Harming Mothers During Childbirth
4Bqr3dsjgjQ Big Tech Censorship Is All About 2020 | Ep. 399
4D-jlH1xNu4 Harry Styles Put on a Dress | So Brave, So Beautiful
4EGiM7T0Ovw Bad Politics | Ep. 326
4FLMoyYy3lE Spiritual, But Not Religious | Ep. 153
4I71NDkjRO0 VACCINE Smollett: Woke Official Sends Herself a Threatening Package
4OXSVKZ3k0I WATCH! Facebook CENSORED Trump Ad That Quotes Joe Biden
4Ojh57ZSaS4 The View: Leftist Adam Schiff Gets GRILLED
4P1lqRSO9H8 UPDATE: Thousands of Flights CANCELED From Alleged Protest
4PFzQ7JgHj4 LOL: PREGNANT MAN Emoji Debuted By Apple
4PZWm1xUYp4 WOW: College Professor ENCOURAGES Sex Work for Young Students
4QAj0EI8tvg Kyle Rittenhouse Says HOLD MY BEER Nick Sandmann
4QjFsFGbZ-c Ghislaine Maxwell Trial REACTION
4RHBHjgzH_0 LOL: Matt Walsh TROLLS Liberals in Virginia
4UyqC5Mcajw Ep. 47 - F for Flake: Is Trump RINO Repellant?
4Wnip4iS9c4 Get Woke, Go Broke | The Michael Knowles Show Ep. 211
4XRAXZpNz4I FANTASTIC: Leftist Media Unintentionally Airs Beautiful Pro-Life Message
4dGYKPnX5uY Twitter INSANITY: AOC Claimed Ted Cruz \
4dd1KQzT9yc Cuomo’s Close-Up Magic | Ep. 713
4eusx5nhpYQ Guns, Damned Lies, And Statistics | The Michael Knowles Show Ep. 160
4fm99TckUjk Lil Wayne Endorses Trump
4gcReJX-IF0 CNN Implies YOU Are Crazy for Not Wearing a Mask
4iXC-eMM9HE Millennials Can't \
4kEb2f834ng Gaslighting The People | Ep. 727
4kpy-qqsKJY WATCH: Maxine Waters' Most UNHINGED Video Yet
4mwLcfdJtP8 The Shutdown Is Working | Ep. 279
4nc18uexcys WATCH: Tulsi Gabbard DESTROYS Media Propaganda
4pqqS1SO3xY When Cops Can't Stop Rioters GOOD PEOPLE SUFFER
4qEB_FtnFto Ellen (Elliot) Page: Children WILL DIE If They Can't Be Trans
4rV1jBquhA8 EPIC FAIL: AOC Tries to Smear The VALKYRIE McEnany
4siuBNn69_A The TRUTH About The Tulsa \
4u6Htagt2cw Big Man On Campus Strikes Fear In The Heart of Putin & Women's Swimming
4uPBYds3J2Q Woke TikTok Teacher COVID Rant
4u_NSXocfvA You Can't Out-Celebrity Trump
4x0dNxEL_Ps The CORRECT TAKE On Monitoring Students' Online Activity
4ymkel7Ml7E Of Course Bernie Is A Millionaire | Ep. 329
4yzlo95wEaM No Country For Americans | Ep. 816
4z0LT06MXtg Leftist Teachers Fear Online Classes: Parents May Hear!
50ysFwltBz0 WHAT? Middle & High School Girls Encouraged To Protest in Skimpy Clothes
52sUnq2kIQc Beating The LIBERAL Arguments and The Fight For The UNBORN | Danielle D'Souza Gill
53-pqsvOw0I Based Black Woman DESTROYS White BLM Supporter
58Qt6VJnhlA Fake News: From Feminism To Foreign Policy | Ep. 355
5FirljyZAyE VIRAL: White House Video is Too PAINFUL to Watch
5GTROgVYrwA No Food Or Gas And Biden's Just Getting Started |  Ep. 962
5HYXcdh3Ybc CAUGHT! Hypocrite Governor LIED and Broke his Own Lockdown Order
5HbPzJy9gkY A Story Of Detransitioning | Michael Knowles Interview
5I1cB2AW7fs MELTDOWN: Liberal Woman LOSES IT in Her Bathtub After ACB Confirmation
5I7hei-lxWo WATCH: The Trump Video They DON'T Want You to See
5J-wAzN49SQ Radical Teachers Pervert Kids & MOCK Parents
5RMJZcuuTTA WHY? Cardi B's Shocking WAP Performance Goes TOO FAR
5S7OEkWZ91M LOL: Democrat Smokes HUGE Joint In Cringe Campaign Ad
5SggGyKN-ls Coronavirus Kills The Economy | Ep. 500
5TCu2-LvLBo CREEPY Pro-Jab Propaganda on CHRIST Statue and it Gets WORSE
5T_zfzykBxs What's Wrong With Birthright Citizenship | The Michael Knowles Show Ep. 243
5UySBBZaG5U BREAKING: Supreme Court SHOCKS with LGBTQ Ruling
5WenZXQacZw Where Dave Chappelle was WRONG
5b2lELWnY78 5 Examples Why TRUMP is Rightꂫout The Death Penalty
5c1OSwUHrw8 Australia's Horrifying Black Mirror Reality  | Ep. 858
5chQAWiOgwg Trump and Melania's Farewell
5fl-oOS2rXo Time For Civil Disobedience | Ep. 527
5hzasfqdE3k Is Trudeau More of a Threat Than Putin?
5i3u6Ll2PU8 The Afghanistan DEBACLE: Here is What Happened
5iXM9QETLvw The Left Dominates Culture By Perverting Language
5ivp4XWCnRY Slippingꃺrther Down The Slope | Ep. 724
5kWZjTpG9rU TRAGIC UPDATE: 8-Year-Old Boy Dies in Waukesha Car Massacre
5mig8eqE2CU Biden’s Super Monday | Ep. 504
5oaWNJgHjJQ Heres Why The Talking Heads Are Always Wrong
5q_Xr-OEDkA There Are No 'Fine People' In Antifa | Ep. 340
5rAVi4UALAA Assimilation Isn’t Racist | Ep. 330
5s0g7rYjlq8 Happy Birthday To Us! | The Michael Knowles Show Ep. 168
5t72A3uIewE The PARLER App and FIGHTING Fake News
5xhhB-BR4xo LIZZO Twerks Half Naked and Cries about FATPHOBIA
5z2o9Yr8U7s Trump is BACK! The Shocking Polls and Speech Say Everything
5z4glUEqqs4 BLM Leader Justifies Looting Innocent Store Owners
6-GrCMbMDtc A Glimpse Into Michael's Dystopian Future
6-TbLXEZDNg Donald Trump Doesn’t Kneel | The Michael Knowles Show Ep. 162
602Wbv3FMMM WTF Happened To Berkeley?
62YE44fY6gQ Republicans Have Won The Argument | Ep. 245
63Le4C9pvGw LOL: Biden STRIDES Off With Ice Cream In Hand When Reporters Ask TOUGH Question
649_TwnzvLo Conservative BLACKLISTING in Hollywood
64f2SLTNESU LOL: Must Watch Biden's EPIC Attempt to Lay Down The Law
686f00MZAT0 AOC Proves Obama Wrong | Ep. 467
6976ifS7Zx0 Anti-Social Media | The Michael Knowles Show Ep. 212
6ADw0IN6VAg Transgender on Cover of Sports Illustrated Swimsuit Edition
6AxDGVNUl8M Los Democrats Son Muy Estúpidos | Ep. Ep. 373
6EFN6QnqaXI BLM and CRAZY Activists Vandalize St. John’s Church
6EmUKjb7NlY Last Call For The Wall | Ep. 272
6GL4jH_-cpE Fish Tank Murder!?
6GN4CT4DcvU Reacting to Peta's GROSS Sex Ad
6Gl8Nd2NMCU Turn Off, Tune Out, Drop In | Ep. 589
6I1JaFgrAlQ Don’t Be Afraid | Ep. 623
6Jb4fmlzVjs Jen Psaki DODGES Important Israel Question
6KGH3-FJkR0 Ep. 80 - The Shah 2018: Make Iran Great Again
6MIUFSp7eZ0 VIRAL MEME: Did I Spread Fake News?
6RrGkTlNOx8 Did Trump Just Endorse Collusion? | Ep. 365
6S67GP-d8_4 The Democrats’ Dead Rhetoric | Ep. 763
6YT5Hf85xQA The Kim Summit: Reality vs. Fantasy (ft. Sean Spicer) | The Michael Knowles Show Ep. 166
6Z2p_9REvbM Can't Get Laid Unless You Agree With BLM
6_kA01IRLPU VIRAL: WOKE Military Leaderਊttacks Tucker Carlson
6_tsVfx_mbo The GREAT Porn Debate
6a0kIjHxzXI Articles of Impeachment Filed for President BIDEN
6aPpirGs6r4 Jen Psaki Wants You To Just GET OVER IT
6a_3GuFsjV4 CRAZY: College Professor BERATES Student Calling Police Heroes
6bpy9UzlK6M This Day In History: Bill Clinton Was Impeached
6bsAZYXyTBc The Plot Against The President and Exposing The WEB OF LIES | Amanda Milius
6cRoWNRV_cc People Want The Orange Man Back! | Ep. 848
6ctZ-0WckwY What Is A Woman? |  Ep. 970
6h4ho5ISLoE A Conservative Feels TEMPTED by Tulsi Gabbard
6j-Fezge_YQ SHOCKING: FBI Plot to INCITE Riot Goes Viral
6mZRF0JPUpQ HE Said Yes! Tiffany & Co. Makes Engagement RINGS for Dudes
6uYxDmkgrd4 Ep. 187 - Why Won’t Anyone Talk About The Persecuted Christians?
6wRYDgCf6-c Dear Michael: Is BDSM Okay for Married Couples?
6xFVulj-0l4 Race Hustlers Showdown | WORST of the WORST
6yolZSo9UQQ Court Jester Conservatism | Ep. 540
6zIF4PFj0Ks Vaccine Mandate DEBATE | Michael Knowles VS Brian Tyler Cohen
7-RdbA0A1xs WATCH: Illegal Alien HARASS Congresswoman in Bathroom Stall
72_aCRVSL-c Quack Lies Matter | Ep. 607
74dKm60xzD8 George Soros Gave $125 MILLION to WOKE Super PAC
74eAXVfE4Zw Jeopardy! Winner FORCED to Apologize for RACIST \
766w6eOrFsQ Liberation By Fire | Ep. 333
78ItaDa72Cw Chinese Spy Getting FRISKY With Prominent Democrats?
7AbhD8fYLCc Joe Biden: All Bark, No Bite | Ep. 414
7Cn7CayVTek LOL: CNN Finally Admits Biden Laptop Was REAL
7E07stg-aEM DELUSIONAL Article Shames Straight Couple Stereotypes
7H7GHG8DE7E High-Tech Lynchings | Ep. 437
7HDjQJLEpHM WATCH: John Oliver's INSANE Solution for the Israel CONFLICT
7IIfqY8tbaw Hypersonic Nuclear Missile Vs Transgender General | Ep. 868
7J21Wn90_O8 LOL: Kanye BLASTS His Wife's New Boyfriend Pete Davidson
7JxJPWRnC8U Bumbling Biden Greeted By 𠇏*** Joe Biden!” Chants
7MRMMU3Wzng WOW: Watch RACIST Rant ATTACKING Bill Maher
7MVokrE8tRE Let's \
7MibL0R1QQk LOL: Joe Biden Calls BLACK Advisor Racial Slur
7N87b5fp8Y4 Why JORDAN PETERSON Considers Himself a \
7NhrgBPKwfk Republicans Have The Receipts | Ep. 633
7OGCT4XbZvA WATCH: CNN's Brian Stelter WHITE KNIGHTS Fox News For Calling The Election For Biden
7P1gm_RI-Wc LOL: Star Trek Makes Stacy Abrams President of EARTH
7P4oo82z4CI Ep. 59 - Cynical Democrats Suddenly Recant Sex Crimes
7VaNxZHOh5s Mark Meadows Provides a Behind-The-Scenes Look into the Trump Administration
7_66b1jp74w Ep. 184 - The Beautiful Game
7_AC6KjEFBg WOW: Communist Woman DESTROYED By Republican
7bhG6QxlDos PORN Star CRASHES Conservative Summit
7eKRNCU18zE Worst Bomber Ever | The Michael Knowles Show Ep. 241
7fjTYN3j7q0 Our Loathsome Elites | Ep. 715
7fmRMuW0cmQ All News Is Fake | Ep. 538
7h5OPCmgR5c LOL: Biden Prompter BOMBS and Creates a New Book In The Bible, TWICE!
7iLPAevolFE Alex Jones is More Accurate Than CNN?
7ldkO_sJpY0 WATCH: Mother Confronts Liberal DA for Policy Allowing Her Son's Killer to Go Free
7rvGdr3b83I The Secret TRUMP Voters in 2020
7tHDRc32k2I LOL: Clay Aiken's HILARIOUS Campaign Ad
7uQ7_bU_8rs VIRAL TikTok PANSEXUAL Explanation Leaves Michael... SPEECHLESS
7wO2MTeWtdE Ep. 20 - Are Democrats De-Sanctifying Abortion?
7zxE9Fjx5x4 Snoop Diggy Puff Puff Was Awful Even Before He Betrayed Trump
8754mqoNin8 VIRAL Feminist meme Devalues Womanhood
8876IMfAdQE Ultimate Cringe TV Commercial: Try to Guess!
89Af7B-XRnQ WATCH: Founder of Planned Parenthood's HORRIFYING Interview
89utZi_Ew3A Schumer’s Choice | Ep. 227
89yuD_jAqLY Kavanaugh Is ConFFFFFFirmed! | Ep. 230
8Ibbna92Igg Ep. 190 - Have We Ever Had It So Good?
8KF9rYmy_UM President Peace Prize | Ep. 611
8LpjfioqGLM AWFUL: 4 Newborns DIE in Australia COVID Lockdown TRAGEDY
8NXFlAUPod0 TRUMP Dominating Latest Poll For 2024 Run!
8OTKspWL5-0 The Devil In The Details | The Michael Knowles Show Ep. 237
8SlRBjF43Zo Fact Checkers FAIL On Trump's Twitter
8Tf_TY09NjM The \
8YE6s17KBLs The State Of The Union Is Terrific | Ep. 292
8YOWoGpirOM Oh No! Everything Is The Same! | Ep. 274
8ZZws1Dh7zE DREAMER Locked Up For Horrible Crimes Against Children
8cJPGeb1V2g LOL: Jesus was BLACK According to CNN Host
8cNs1im74GY AOC Goes On RAGER in Florida & Is Now Sick
8cyg6k-E3Vk Harvard Student Threatens to STAB All Lives Matter supporters
8dtKyBhQVR4 Pelosi Promotes WEED to Fight the Virus
8e7DifR4tWI Strategic Ignorance | Ep. 595
8hasNHMuRSE Democrats’ Worst Week Ever Gets Even Worse | Ep. 320
8hbJKinQA6c I Don't Think We Will Have A Winner Declared on Election Night - Here's Why
8jI2DF-37yA Bombs DROP on Israel & BIDEN Asks Everyone to Just CHILL
8lEHogLPPvI Biden Abandons Americans Behind Enemy Lines | Ep. 824
8o-ewZP9pB0 Annoying Woke SLOGANS Ranked!
8oofikutECc Big Tech Goes Too Far | Ep. 553
8pfdhZ3uDwo America Is Great, But The NYT Is Not | Ep. 376
8q-NbnnGRNY Wake Up, Stand Up, Be Free | Ep. 657
8rtvEckLdhc Howard Stern PILES on Joe Rogan ATTACKS
8skvWmXyFJM Culture Is Downstream Of Politics | Ep. 462
8tPOl_MO0xg Dr. Gad Saad DISMANTLES Feminism, Identity Politics, Political Correctness, and WOKE Culture
8tXps1oEwVM Are You Not Entertained? | The Michael Knowles Show Ep. 205
8uZXoSil__Q The REASONS for Dr. Seuss Book Banning are INSANE
8xc5m_cOwzs Brett Kavanaugh’s Groundhog (Day) | Ep. 415
8yXJmqijIP0 Michael Knowles Responds to BACKLASH from SNOWFLAKES Reaction
9-M8PA4AdZg LOL: Leftists Don't Know What \
9040c1ZdpGk Booms, Bums, and Bombs | The Michael Knowles Show Ep. 240
91KXRKQPS30 Megan Rapinoe MOCKS Christians with \
93EYvVjUdNg Biden BEGS Social Media Companies To Censor MORE
94SbOK625hQ BUSTED: Maxine Waters CAUGHT Not Wearing Mask
94vfIPWQgRw Lies, Damned Lies, and Statistics | Ep. 609
96GxCiTq3-I Media SILENCE After Texas School Shooter Released
99h0LkW7sCc ARRESTED: Canadian TRUCK Protester Tells His Story
9BBW29gqPZE HILARIOUS Painting FAIL Says so Much About Our Culture
9BqcOAbUCgY More Racism Ginned Up in Biden Presidency, We Must Stand Against it
9Fkd5hasGKo CNN Labels MANY Republicans \
9FnE7ac6Wg0 LOL: Climate DINOSAUR Commercial Is SHOCKING
9GghRW8ECVk Black Host Asks Blatantly RACIST Question
9Gl3YDjlelI The SAT Now Tests For Victimhood | Ep. 350
9I30wRQF6-c WATCH: Kanye Destroys Planned Parenthood on Nick Cannon's Show
9J362Si7q1o The Pink POLO Hero is BACK! McCloskey May Run For Office In 2022
9LQhWY26oOU WATCH: My Footage of Cali Beach Crackdowns
9M1Fz01MeNI WATCH: Colbert's Tone DEAF Just Buy A TESLA Clip
9MKHAsKXKOY LOL: Watch AOC Cry After US Agrees to Help ISRAEL
9Pipotiew-I Ep. 87 - Racism And Our Sh**hole Culture
9Q8KT95dOck Democrats’ Antifa Problem | Ep. 592
9SPlTCtXSKE The End Of History | Ep. 342
9STFfU9qS5U 50 Cent Posts HILARIOUS Trump Endorsement
9T6LOaUgnHk WATCH: Trump Brings The LOLs As Romney Takes A Swipe
9TIMR3J9Oxg CBS' Gross Praise Over Former PORN Kingpin Larry Flynt
9UWl1ZH3ymk LOL: Jussie Smollett Prepares To Get \
9XZdTKdyWBg The Real Conspiracy | Ep. 667
9Y6CrQWAq4Y Texas Wind Turbines Freeze, Leaving Millions Without Power
9Z7UyeE3a9Q SHOCKING SCOTUS Ruling EXPLAINED by Lawyer in Major Transgender Case
9bIvhASjflQ Comedy Is Canceled | Ep. 416
9cN7X5qYrA8 Where Trump Could Hit Biden
9eaU8UAxO_U Viral TIKTOK: Mom Encourages Kid To Be GAY
9giUt_8FhSM EPSTEIN UPDATE: Judge's Family Shot 5 Days After Taking Over Case
9k20MNyDebg VIRTUE SIGNAL Commercials with NO Point | Try To Guess!
9laKh4icggc WATCH: Republicans Go SCORCHED EARTH on Twitter for Censorship of Conservatives
9mZTWCtwdqc WOW: Kaepernick Compares The NFL to SLAVE TRADE
9oWVs00aqEU LOL: Man Uses FAKE ARM To Vaxx Dodge
9r-Q3NutGGU Debate HIGHLIGHTS: Biden Did Even WORSE Than We Thought
9uHMiqQypXk Black Nation of Islam Radical KILLED Police with Knife at Capitol - Media Silence
9wnfBVDC6pQ Ep. 179 - The Third American Revolution
9yXC3M3lD-I Jeffrey Epstein Didn’t Kill Himself | Ep. 444
A-mm-c5v7rc Christian Organization REMOVED From Twitter For Anti-Transgender Beliefs
A0CS67rKkUo The Secular Keffiyeh | Ep. 765
A1wb0sJp9CA Twitter EXPOSED: More Censoring Coming! Says Grown Man With A Nose Ring (Jack Dorsey)
A2MvsrfdQUU CNN Is Full Of Backstabbers And Sexual Deviants |  Ep. 936
A2x7HZHV9tQ WHAT? AOC Wants to Keep RECORDS of Anyone Who Supported Trump
A8Xgq_gTWyw The \
A8hEiSd47aI Dear Michael: Are Women EVER Funny?
A9QdaOMQbAw We Hardly Knew ‘Ye | Ep. 581
AAJWgEXlBBc Wait WHAT? New SEXUAL Identity Explained in VIRAL TikTok
ABA5RQyx0Kw Civil War 2: Electric Boogaloo | Ep. 423
ACd1dLtoNcM WATCH: 2 Year Old Child KICKED off Airline For Not Wearing a MASK
AEnGhInUIW0 Anti-WOKE Comedy and Going Viral | Ryan Long
AF4jyPnZ61c Young PharoahꃊNCELED
AHIk4pfHrvA Tragic Events at The Capital Hill RIOT and Many Questions to Come
AIpA0aSEG0k WHAT? Taylor Swift's Joe Biden Song is AWFUL
AODIpQSXTsI Bomb Throwing At Home And Abroad | Ep. 762
AOIL2bEtK_k Can You Smell What the Rock is CAMPAIGNING?
APvFdPeCCZ4 WATCH: Minority Voters Are FED UP With Democrats
AWXxf4ES6B4 The Real Justice System | Ep. 746
AXJgsaYI-ms LOL: A DUDE Is on The Cover of PLAYBOY
AYK9X6jpG7Y Shapiro Vs Knowles | Can You Guess The Famous Dead Guy?
AZ91WQ31tqU KNOWLES-STRADAMUS: Michael PREDICTS Election Outcome In Early October
AaJ5sx8bdFM SICK: RAINBOW Monkey DILDO Story Hour for KIDS
AbqRY_oP_YY 40% Of Gen Z Is GAY According To New Polls
AcOE7kSZCVk WATCH: LeBron FLOPS Like The Woke Culture CRIES for Attention
Afv3ZLEe-bw WATCH: Barkley SLAMS Woke Media &  Green Criticizes Megan Rapinoe
AhK-9DO_O2U US Gymnast WINS Gold But NOT for America
AhqTAz2dOrM Our Alien Overlords | Ep. 660
AiHLlrMpwhk 𠇌onservatives” For Castrating Kids | Ep. 737
AjKWiIPlpeQ WATCH: Republican Works Up TEARS in EMBARRASSING Jan 6th Hearing
Ak7hXUckJbY The BEST of the WORST TikTok Videos
AlumVNjNdSs Husband Doesn't Want Wife To Be Stay At Home Mom....WHAT!?
Aoxv0N9Srx8 ISIS Is Dead, Kanye Is Alive | Ep. 439
ArlOVMQDe0g Oscar News & Some Disney Employees Hate WOKE Agenda | Megan Basham
Au1s8Ev7Jj8 Winning 2020 One Terrorist At A Time | Ep. 336
AvY0qCVnHnE Is Kwanzaa A Thing?
AwGta766zPk LOL: Hilary's HILARIOUS Presidential Acceptance Speech
AwJ_Q0It6Pc Ep. 69 - #NoMeansNo Unless #LoveWins
Ax50bGV6HlQ FAIL: Leftist Sean Penn's HILARIOUS Tweet
AxLM-gpB51c WATCH:  Hunter Biden is under federal INVESTIGATION
AzoLTKAKdQ4 WATCH: Iran ASSASINATES President TRUMP In Strange Video
B1idezRFSjU Michael Knowles GOES OFF on Megan Rapinoe's Victimhood Speech
B2HRDS0f9hY TRANS Girl Pretending To Be A Boy \
B3CrS39bjj0 VIRAL: Pastor's EPIC Rant Chases off Lockdown Police
B3Z_72z2U8o WATCH: Based BLACK Woman SHUTDOWN CNN Host
B5V42-hL8C8 TN Sen. Marsha Blackburn Welcomes Michael to Nashville! | Talks Supreme Court FIGHT
B84z4k4uOGQ Follow The Communists | Ep. 914
B8ABAvbxsEU Derek Chauvin Murder Trial (Week 1) | Brandon Tatum
BAVh7-8olkg DERANGED NAACP Leader Says “Let Them DIE!” To Anti-CRT Parents
BBPmCYXhOwI Shaming the Wise | Ep. 612
BCWuGoW1wVA The Real Big Liars | Ep. 694
BC_StVky5qo Best Holiday Drinks For 2020
BDvViu0Jf-k Hysterics Aren’t Helping | Ep. 511
BE9dpshKWUM WATCH: BLM Leader Gets RED PILLED and EXPOSES \
BFlHIf6RL2Q SAVE THIS: Bill Gates' JAW-DROPPING Epstein Clip
BHbtwjMwhkA Baby Knowles Announcement!
BJ8JROH6r9Q Blue's Clues Goes DRAG with Pride Parade
BK4l_LYOxWU RIP to the Commander in Tweets | FUNNIEST Tweets From The Trump Presidency
BLEljt1lZnM 15 Years To Slow The Spread | Ep. 645
BLhfYMFVxcQ MAJOR Backlash From Marjorie Taylor Greene NAZI Tweet
BPSAtuER1yw Salon Owner Sent to JAIL For Defying Lockdown
BWJguZZA8R8 LOL: Roads are RACIST! According to Pete Buttigieg
BWQoTHWCTIc Woke Mom Accused of \
BZ96DshBsJc Ep. 175 - Trump’s Masterstroke: Making Dems Honest Again
BZVQ03Q8YBA Reacting to Crazy TikTok Sheep Lady
B_vsQx6vI8o Catholic vs. Protestant Reformation Day Showdown
Ba-jOn5BljA Collude-y Joe | Ep. 419
Bbe-8JsUNPc How𠆝 Our Elites Get So Dumb? | Ep. 493
BdWjxH-I00Q Socialists Target Schools With Bad Ideas
BfbzVbhBLuc Woke REAL Gifts For Liberals | RANKED!
BgzuIhD4OQQ NY Protest Leader Threatens to BURN DOWN The Diamond District
BiM-sClVYAk Still No Collusion, Still No Obstruction | Ep. 334
BipfwtmEoKk Status Quo Joe | Ep. 682
Bl6lF7eQzy4 Cancel Culture Keeps Coming For Chapelle
BlkQUQF3IPI LOL: Hillary Clinton CRIES While Reading Her 2016 \
Bmc48FEkgRg Did Trump Collude With The Russians? | The Michael Knowles Show Ep. 258
BoVD0aKKINA The Beginning Of The End Of Globalism | Ep. 215
BpYC-sk3j80 Ep. 84 - Bitterly Cold Global Warming ft. Richard Lindzen
Bvv7PcaBSTo Infanticide Is Worse Than Blackface | Ep. 291
BwdfpYa-nlA Bill Maher REACTS to Disney Firing Gina Carano
BwvQJDbnu1I Ep. 39 - Day of the Girl ft. Blaire White
Bx_nf3Gwqxc Leftist Race Hustle Invades Ukraine | Megyn Kelly
Byufu7BqiJg Lock Down The Border | Ep. 533
C-P7KdO_Els When Mueller Colluded With The Russians | The Michael Knowles Show Ep. 156
C-PtPeJyuwo CAUGHT! Teacher Indoctrinating Kids into ATIFA
C-ladjYWVe8 Michael Knowles REACTS To \
C2JaMHLIVHQ Allegedly KILLED 18 Grandmothers - BLACK Immigrant Let Off The Hook
C4cg7048JD8 CAUGHT: Woke Public School Teaches Communism to Kids
C4fz62nEn6U LOL: Leaders Perform CRINGE \
CALsrhzc9lQ First Woke Commercials of 2022 | Try To Guess!
CArEosQgI3A James Bond Will Be \
CBDLC-6cfdY WATCH: UFC Fighter Goes After COMMUNIST Opponent: \
CBh3NXVq7-E VACCINE Passports Coming? Wales Moves One Step Closer to Making It Happen
CLETmROzSkU The Misogynistic Left | Ep. 386
CLkImefPBKk Trump Is More Principled Than His Critics | Ep. 307
CNiSZxxgSHk LOL: Viral Taliban Leader Map FAIL
CR33NICWZc8 Forget The Taliban𠅊nti-Maskers Are The Real Terrorists! | Ep. 822
CR6aLV36Hq4 The Virtue Of Nationalism | The Michael Knowles Show Ep. 216
CRU9NM9MsOc Stating Basic Biological Reality Isn't Cruel
CR_BjsZGghU FAKE NEWS: NBC Reporter Lies About Sickness
CRlOQVitK14 WATCH: MSNBC Hypocrisy Caught on LIVE TV
CWmiE30efYY Mr. Mom | Ep. 760
CX2-3f5gSlc WATCH: UFC Fighter WRECKS Leftist Narrative In EPIC Trump Endorsement Speech
CXeGL9H3Li0 Kanye West: Voice Of Reason | The Michael Knowles Show Ep. 149
CYfSgpnvey8 REACTIONS To The Joe Rogan Apology
Cb3utkJaJQQ With Malice Toward All | Ep. 557
CcQxZOUbGVU VIRAL: Woman in Drive-Thru HANDLES Woke Rules Perfectly
Cd5Cgvzr674 Gay, Black, Leftist Male Privilege |  Ep. 965
Cg4z51s9muE Matthew McConaughey: \
CkpWzlJbNKo Kamala Harris Discards White Guys |  Ep. 930
ClrRW9iqOvc WOW: Patton Oswalt Stabs Dave Chappelle In The Back
Clx40SZJEjs WATCH: Official Claims RUSSIA Is Going to ATTACK With No Evidence
CnPw1Jive5o Lockdown vs. Liberty | Ep. 536
CnbI72_Iqbs F-F-Fund The Police! | Ep. 562
CpJyRamy8kc NBA Legend Wants Conservatives BANNED From Social Media
CpNqerC9zSU Democrats’ Demon Craft | The Michael Knowles Show Ep. 233
CqgPBH9r8Qs Trump And Kanye: True Conservatives | Ep. 608
Crg_hrgqJSg Brazen Lying Marxists | Ep. 566
CsLh3Af5pD8 Student Loan Forgiveness Is Welfare For The Rich | Ep. 371
CsxxV6STXHU Splattering Suleimani | Ep. 472
CtVF0ZmnupY Why The Shooter Did It | Ep. 315
CuH_apM06HQ WATCH: Pelosi Claims Religious People Don’t lieve in Science”
CuPoH17ndlY WATCH: Elon Musk Says We All Need To Make More Babies
D4F2AVR9Ux8 LOL: Mandatory \
D4rNJ5tJ4zQ SERIOUSLY? The NYT Says Motherhood Isn't Worth It
D5urHDAoH5Q ORWELLIAN Video: Canada's Public Health DICTATORSHIP
D7HrMLD4eKY LOL: Police Protesters Call Police For Help
D7oE1dNkAdM Breaking Bad's Bryan Cranston Pushes \
D8Jf8gOixms Gay Pride Flags Remain BANNED on Military Bases
D9mW0XxyKto Michael Knowles REACTS: Biden's State Of The Union
DAgjNYpgh38 Florida's Bill FIGHTS BACK Against RIOTERS in Streets
DBgy0mI0ZJI Don’t Let Them Distract You | Ep. 543
DCT7iZq8IRg The Real 'Person of the Year' | Ep. 266
DDTYZpi1FB4 Sex With Masks On
DExoDVCzc4E Terrorists Spit In The Face Of America - Joe Biden Thinks It's Rain | Ep. 827
DFJaysmxRaU Nicki Minaj Is \
DGwItXi-W6E Michael Knowles REACTS To \
DKNqPveLpU8 Switzerland Is NO LONGER Neutral In Growing WAR
DMdRfB7xvtA Ep. 93 - Burger King: Home of the Woke-er
DOOcT8TE-N4 Playing Cops And Robbers | Ep. 568
DPamQ3klh8Q DISTURBING: Trans Child EXPLOITED in TX Court
DQX_8_ycsVU Michael Cohen Throws Spaghetti At The Wall | Ep. 305
DRpIgdH-2pg Michael REACTS to Nick Cannon's SHOCKING Podcast
DWGx1ogzVG8 CNN’s Credibility Sleeps With The Fishes | Ep. 397
DXAy-hlj1q0 Top 5 Most TRIGGERING Christmas Songs
DXh_YAGmasE Michael REACTS to Social Justice Halloween PSA | CRINGE WARNING
DXtz4YyKfTI WATCH: DeSantis Expert TROLL
DZc6rvWQQD0 WOKE \
D_212LdN_Uk HAHA: Leftist Reporter CRACKS and Panic Swears Live on Air
DchTBOqVUZI Shooting Down The Narrative | Ep. 481
DdI4OmiOcuw All Politics is About Religion | Ep. 343
DdUIgiGy_ig Alyssa Milano Kills #MeToo | Ep. 524
DeCqPqDgqxI DEBUNK Cringe NFL Commercials PART 1 | Viewer Request!
DeHLNthYTSI SAVE THIS: Video of Bill Gates' Population Control SLIP
DexW4pYA02c Disney RAPE Culture: Leftist FREAKOUT over Prince Charming Kiss
Dfioncf4nY4 \
DgSQYFdkunQ Lightning Round: Roaming Millennial Explains The World
DgXhx3wnsww Kids Doll's CONTROVERSIAL Button and Sounds
Dh5R-fdX3Jo RACISM Wins the Oscar and Ratings CRASH
DjSWrIm-WjI Kanye's EPIC New Song Speaks Volumes
DjX5NOJZ0ls WHAT? University Pushed MANDATORY \
Dk37ddvEBCg Roe V Wade Should be Overturned? (CLIP)
DlWhRTHBl2M Steve Deace DESTROYS White Privilege
Dmls-OaO1kk Millennial Quotes or Children's Quotes? The Panel Guesses Which Is Which
Dp2QwIMHMOw Nicki Minaj and Tucker Carlson JOIN FORCES!
DpJ5bbnGI-k War On Nature | Ep. 709
DroE_aFIx30 No Time For Compromise | Ep. 731
DsOyGUID1RE Courage is as American as apple pie
Duqme8LvFhE WHAT? A 700-LB Statue of George Floyd
Dy2G4kGmjdI When Karen Met Karen | Ep. 552
E-wiUTCSQbM MSNBC Panel਌ompares Joe਋iden's Cabinet to The AVENGERS | LOL
E0A_yEQDS-k BIG FAIL: Watch Biden's Latest CZAR Disaster
E0oPT9OiuxA BIG TECH's Insane PURGE of Free Voices and Attack on PARLER
E3NZDgUll8U The Problem With Feminism Is That It's Wrong
E4Gn9l3im3w LOL: China BANS \
E5ix9V-Q7R4 \
E794hotUp9w The KRAKEN | Trump's Mythical Beast or Fake News? #KrakenOnSteroids
E8cvNJj_QVI LOL: Eric Swalwell Says GOD is a Woman
EBmjV7LZ2io SQUISH Romney ATTACKS Tulsi Gabbard In Shocking Exchange
ECBkvy2taeQ A History of Violence | Ep. 739
ED0WbkJh9Lk Country Star BETS $10K SCOTUS Will Overturn Election - Would you?
EDc4eRYikfo How \
EHHBV9ccnI4 SHOCKING Virginia Election Result Is A HUGE WIN
EHnmoZQvVUw The High Price Of Free Stuff | Ep. 346
ELzXSG0xTaU Resisting Trump Is All Dems Have Left
EMi1YdTCI6A Why Do We Defend Fredo? | Ep. 398
ENw1v3o7lko A CLOSE LOOK: Biden's Christmas Photo Shocking Surprise
EOZuo2YD-cE AWKWARD Racism At The Emmy's - BLM Hides Its Webpage
EQTD5L4RIyI LOL: Trans DUDE Breaks Women's JEOPARDY Record
EQlw-si8rt4 Michael Knowles REACTS to ANARCHY and \
ERRL-P6XV0E The Ladies Not For Bernie | Ep. 300
ERYs0nuYzM0 The Alt-Right Will Burn In Hell
ETTzxCsBxVI Public Health Propaganda | Ep. 766
ETxEo45jPmY Gina Carano & Michael Knowles TARGETED by Instagram?
EUz0hw8k78w GROSS: Uncomfortable FLIRTATIOUS interview with Colbert and Obama
EWIU5_rzkq4 Biden Executive Order: Transgender Individuals are Back In The Military
EZ58TlDgWa8 Biden BANNING Travel to Florida?
EZ5yCGbuf-w WATCH: Biden's Most RACIST Flub Yet
E_hy-ifyYZA Michael To Blaire White: \
Eb1ceN_GRQI LOL: Lib Crashes Car While Flipping Off Trump Supporters
Ednb_-M73Yg All Gather For The Finale Of The Rittenhouse Trial | Ep. 888
EeFEt42sqFo HOT TAKE: The Cops did NOTHING Wrong at the ATL Wendy's
Ef0VQ5uIpDw Jill Biden SHOULD NOT Call Herself \
EfX2Eyeqpis Strange MURDER of Covid-19 Researcher
EkzC_EM463Q Mueller Proves Democrats Colluded With Russia
El7RlizIEXE The Left Targets Young White Men
Epst94r7Ebs Another One Bites The Dust | Ep. 460
Err3942aUcQ Michael Takes The Cognitive Test That Joe Biden REFUSES to Take
EsHASbZn_q0 LOL: Woke Media SMEARS Ben Shapiro and FAILS Miserably
EspKvjgzwJc Ep. 75 - ‘Net Neutrality’: Trump Makes The Internet Free Again
EywoKOlPmko Joe Biden’s Very Bad Week | Ep. 369
F-BZoGIRlNE If You Ain't਌heating You Ain't A Democrat | Ep. 890
F0e8QVCgf5c Harry's Razors CANCELED Sponsoring Our Show After One Leftist Tweet
F0vG09VXmCU WHAT? Covid Passport Microchip Implanted in Arm
F1UdSEl-GC4 On Eating Babies (And Other Modest Proposals) | Ep. 427
F38g3X7YQG8 Kim Kardashian: \
F3lHm3HBkSo WATCH: Gorilla Lady ATTACKS Larry Elder With Eggs
F4X-M9xA3gM Trump Wins Big With Mexico | Ep. 363
F5dvjCGgqGE CSPAN Caller Calls Michael \
F5rAaTI7yvo Rampant Church BURNINGS - Do We Have The Will To Survive?
F8mBFnZoNbA Trump Calls out Biden's Sexism Towards Men
F9eyene59ig Dancer Forced to Apologize for a Joke Made at Age 9
FBflFAppdTk AOC Abuela UPDATE!
FDO9FOUl-CA They Don’t Want Unity | Ep. 676
FIncGFxotcQ Time To Pay The Barr Tab | Ep. 348
FL8BURcuGsk VIRAL: Racist Rant ALLOWED on Twitter
FLZjOvIouOM Candidate Kanye ENDS The Democrat Party
FM1z_AHy5ek RACE HUSTLER: Trad CHRISTIANS Are The PROBLEM
FOMaGxYi5BU WATCH: TikTok Activist Instructs Followers on How to Disrupt Trump Rally
FRp3cZwxKOo The Artist Formerly Known As Prince Harry | Ep. 480
FRz7bFh9Ngk Spike Lee: BLACKS Are HUNTED Like Animals
FTm-TRWpdlE The Libs Cancel, We Uncancel | Ex-ESPN Sportscaster Allison Williams Joins Daily Wire
FV2J5vxouBo When Democracy Fails | Ep. 479
FVcLhcjfPtw SHOCKING: Crazed Liberal Takes Abortion PILL on TV
FXKuDmAD3gE A Vaxx A Day Keeps The Police Away | Ep. 899
FYcHtSn-RRw WOKE Mob Attacks Lizzo for Going on a Diet
FZzNNT_V3aM 'Believe All Accusers' Unless It Hurts Leftists
Fdc9tOlXWLg Hillary Clinton's Tears Fill Our Tumblers | Ep. 902
FezhoVsAPoU HEATED Exchange During Supreme Court Hearing | Michael Knowles
Fgd_vkU9eH4 Planned Parenthood CAUGHT Again Selling Body Parts
Fgn5tOIhmzo Gina Carano Canceled | A TRUE Hero Refuses to Kneel!
FhaluyBn7zA Russian Dissident TELLS ALL
FhywdnyX3xo LOL: DeSantis Attack Ad is AWESOME!
Fi3YoGV6e_o SHOCKING: CNN Guest Calls for EXPLICIT Censorship of Conservatives on TV and Online
Fi6xrQhu9wY WATCH: \
Fj3dCTk0cto VIRAL: TikTok Girl Blames WHITE People for Black on Asian Hate Crimes
FkojyOpVPME BREAKING: Biden's Dogs Claim He Will \
Fn-RtFBExE0 LOL: The Creepy WHISPERS of Joe Biden
Fn1-Fn12cf4 Liberate America | Ep. 531
Fn3Sgg39pDc Knowles Leaves Professor SPEECHLESS After DISMANTLING Columbus MYTHS
Fo6yIpHBS0Q We’re Bringing the Debate to You | Face the Mob
FoKpQDMSDSw Very Terrible People On Both Sides | Ep. 392
FpdlokGzwTM WATCH:  \
Fq98W7M6SRw Black Students Create FAKE Racist Messages
FqihB0WRQ90 BASED Asian Women RIPS Down Sexual LIB Posters on Subway
FtFxxZz5NoA STOP BEING POOR! Biden's Message To Struggling Americans
FuAOQLPJT-8 The Cult of Self-Love | Ep. 445
Fz6sRgpdPTw Dave Portnoy ACCUSATIONS Seem Ridiculous
G0s8xlruwu8 I WAS RIGHT: The Riots Cured It
G13tVB5CY28 𠇍on’t Call Me A Nazi, Nazi!” | Ep. 772
G4eu6tn-IIk The Greatest Jobs-Producer God Ever Created | The Michael Knowles Show Ep. 195
G545xE5fT4Y LOL: Biden Appoints Leather Puppy Daddy To NUCLEAR Post
G6-TeWloyQs Secretary of State Mike Pompeo | Fighting Evil
G86WVY-Wp7U HIGHLIGHTS: Mike Pence SHOCKS Kamala Harris in VP Debate
G8nALfzWo60 An Offer You Can’t Refuse | Ep. 814
G8u2WuK4S3Q Trump’s High Crime: Hurt Feelings | The Michael Knowles Show Ep. 451
GCpFADJSJCM The Cruelty Is The Point | Ep. 539
GDIXjh3TUu0 USA Today Doesn't Know Men are Stronger Than Women
GDfbJ85M3WI The Proud Boys EXPLAINED
GEVpGE8pdyM Ep. 91 - Lying, Shrieking Harpies: Women’s March 2018
GEwvWWloM4M When WOKE Commercials Go Too Far | Try to Guess!
GIpMnyd26zs Covid Is The Campaign | Ep. 572
GPkhFTsfL6Q Democrats Are Looting Deniers | Ep. 901
GQF8ZK8ArFU \
GQtNmbrvKQw Pierre Delecto: International Man of Misery | Ep. 436
GTYTjnbaTSY CRAZY TikTok Teacher Suggests Kids Pledge Allegiance to PRIDE FLAG
GU4xsikEOlQ Red Flags All Around | Ep. 394
GUoQszcBfJI Can’t Stump Trump(s) | Ep. 447
GW4Ct-jpsiI What We Can’t Say | Ep. 661
GW9t_q88GGk The Party of Jussie Smollett | Ep. 385
GX2HR2q_3BA Golfer Loses Chance at MILLIONS Because Positive COVID Test
GZ8y6amqNJ0 The American Psycho's Plan For Your Life | Ep. 844
GbsKmKLDprE WHAT? No WiFi for the Unvaccinated on Campus?
Ge7WPGZjZcU \
GeRJl9yE6k8 DEBUNK Cringe NFL Commercials PART 3 | Viewer Request!
GfSur2tKbhc Cops Have Guns For A Reason | Ep. 748
GgyIelTR490 INSANE: Woke Procedure REMOVES All Sex Organs
GhPp7HyfKVk Do I believe in Ghosts?
GkEJXmrJEWY Ep. 283 - The Kids Are Alright
Gn427fidm0M The Most Acquitted President Ever | Ep. 700
GoAMbXUm1-o Dr. Fauci’s Science Fiction | Ep. 778
GoVFo20ZCiA Twerking for Toddlers Should be Canceled | Knowles Leaves Hosts SPEEECHLESS
GoliAQC_qrM CAUGHT: Chinese Ambassador Contradicts LIVE On Air
GpsQipkMZPs Children Need MASKS to Play Outside According to Dr. FAUCI
GqSqAebV0A8 Leftists Defend DISGUSTING Criminal | The Orlando Hall Execution
Gsoud6lvngQ Yes, Events Like Capitol Riots Have Happened Before
GuRynaSqAjM INSANE: Comforting Her Crying WHITE Daughter is RACIST
GunmaW1OY_8 SHOCKING: Teacher Shows MASTURBATION Cartoon to 6-Year-Olds
Gv62zPbCSlM What Do CREEPY Robot Patrol 𠇍ogs” & Joe Biden Have In Common?
Gx7KcHSrMBc My Cousin Hillary Clinton Is Deplorable
GxDv8OkxCNY The Philadelphia RIOTS Explained in 2 minutes
H0CfRUXjAyA LEAKED: Goodyear BANS Blue Lives Matter
H1QYVhwKLDY CAUGHT: 60 Minutes SHOCKING Edited Clip of Ron DeSantis
H2XwYH7WQzM Hunter Biden Laptop Story FINALLY Confirmed By New York Times
H48OFuy12To LOL: Chris Cuomo's IDIOCY EXPOSED Again
H87vjXO5QJY It’s The Sun Monster, Stupid | Ep. 308
H8jKahCYDNk Ep. 65 - The Swampy Shore: Reality TV Reality
H9MdBkCXft8 BLM \
HAQL4qA_xn0 Leftist Gov. Signs Law FORCING Diversity Lessons on Kids as Young as 5
HAzrKvMef-Q The NUCLEAR Option | Steven Crowder
HFNJawKoDgI Social Justice Warriors at the Pentagon | Ep. 720
HI-OQ-3A1nw WATCH: Heroic Viral Pastor ARRESTED for Defying Lockdowns
HIOeosYK1_Q The Leftist Debate Over 2+2=5
HIi-A13AkfQ Meghan Markle 2024? Trump Needs to Come Back
HKGeQzwRSHg HEATED Callers Attack Michael Knowles on C-SPAN
HMw2ajJarOY And Then They Came For \
HPbakEYRMNU LIST of States to PROHIBIT Vaccine Passports
HRFgBrI8Pf8 Crackhead Democrats Are Gaslighting You |  Ep. 942
HRI6_DlBgQw The MANY Concerning \
HS24GyCmarg CNN Gets Into The Ring With a Cage Fighter | Ep. 865
HTpECvkyP8o YIKES: Vaccine REQUIREMENTS for Concerts and Cringe Inducing PSA's From Chicago
HXBluJjSJR8 P Diddy Defends Calling White People \
HYGTo9FB_ks FLECCAS TALKS Why The Right Wins Online | The Michael Knowles Show Ep. 8
H_zLAUqwtLo LOL: Mansplaining, Melania, and the Left's Failed Manifesto
Hb3GcquDxA4 Final Thoughts | North Korea Nukes
Hbm0cC4ptEA The Kids Are Not Alright | Ep. 426
HdOlkFjxfJM LESBIAN Megan Rapinoe BEGS For More Abortion In Mississippi
HdphZwzTmD0 Leftists Use Trump As Scapegoat
Hf09CpRJRUo Kim Kardashian Speaks Out on Kanye
HgYkiJ9i5PY BLM Leader Blows Donation Money on Weapons and HOOKERS
Hi0ASJmmOqg Would You Rather Vote For Biden Or Watch A WNBA Game? | Ep. 869
HkF0Ph9yOmc Ibram Kendi Accidentally Dismantles “Systemic Racism” | Ep. 876
HkFy-9Slf0o LOL: Bernie Does His Best BASED Impression
HkdcQSLPMpw We Just Witnessedਊ COVID Miracle  |  Ep. 969
HlbzNcrHYbg AOC's RIDICULOUS Merch Store With Tone Deaf Prices
HlmQkRMdxn4 TOXIC Masculinity: Heroic Men RUSH Save Stranger in Plane CRASH
HmOapgTK73g ILLEGAL Who Killed Texas Teen WON'T Be Deported
Hnnd8Z9iJfY EPIC Showdown: TRUMP Takes on BIG TECH
Hpp0-FBRErQ The Unjust Verdict | Ep. 747
Hr_73PH7pPU Real Journalists Expose Fake News | Ep. 432
Hs8UxlcXNHI The Democrats’ Radical 2020 Wish List | Ep. 317
HvQWKzeIV-Y BAD Parenting: TikTok 6-year Old Prompted to Say She's Trans
HvemYxfQ_x4 For Christians, Are Breast Reductions Wrong? Michael Answers
HvhCIVzVB5A \
HxLNT_absgM WATCH: The ROCK Releases UNBEARABLE Biden Endorsement
HxWDpdnGMKU The European Virus | Ep. 544
HyO49Uj3G8k Vaccines: Fauci vs. Rogan
I0W6xTQCap0 The Devil’s In The Details | Ep. 730
I3gkAY6RH-U Ep. 101 - Military Parades: An American Tradition
I7TIgcqo-DE I Disagree with Joe Rogan On VIDEO GAMES
IA0aJGwN1RY LOL: White People Must PAY to Attend Gay PRIDE Parade
IBN9TyNm04g WATCH: Psaki Fails on Biden's \
ICkeYqAQO58 Sweeps Week | The Michael Knowles Show Ep. 213
IEU2Ws1XcHY Leftist Host IGNORES This Shocking New EVIDENCE in Arizona
IEqj5eHuXto \
IGJJbaK4DYs U.S. Presidents RANKED! Who Was The Most Legendary?
IGN2xolcRdI Are Stricter Gun Laws the Answer?
IKXUGtWNpuA The Daily Wire DESTROYS Biden's Mandate  |  Ep. 922
IMmRCzR6wrU Violent Video Games? DESPERATE Prosecution Brings Up CALL OF DUTY
ISfyJ2BzZ2g SHOCKING: Shelter PUPPIES Shot and Killed Across Australia Over COVID Panic
IUHEU5NQ1HI Achievement Unlocked: I'm A \
I_D5fcjSeTU The Devil In The Details | The Michael Knowles Show Ep. 202
IcaaOF9Llzg The Day The Parties Switched | Ep. 270
IdQoE2vZs1w Dating App for Conservatives???
Ieelj2Ysmpo Judging Race And Sex | Ep. 635
Ig30Sdeq_SI Twitter Allows Pro-Genocide Tweets From China While Banning Conservatives
Ij7btLGohV0 NFL #TakeTheKnee Activists Are Ungrateful, Incoherent, And Anti-American
Ije0oao4L2U Trump Looks To BREAK UP Facebook - It's About Time
IkoJplACa0M WOW: Bill Barr Plans to Pursue “Substantial Allegations” In the Election Process
ImO6alJEezM Mau-Mauing The Flak Catchers | Ep. 742
ImoLT1lvugo Obama BLAMES White People For His Failure To Pass Reparations
IoB83ibpMAI FAKE News: Capitol Hill Policeman NOT Killed By Fire Extinguisher
IpC9B_E2eh4 Build The Slats! Build The Slats! | Ep. 271
IrtRjDSQ1y0 This Day In History: Guy Fawkes Fell To His Death
Isg6sW_NyiU Steve Deace EXPOSES The Attacks On America
Isyx2kwiJIE Transgender Woke Mob CANCELS Halle Berry
It-pWKVPYkQ Muhammad Ali's Son Slams BLM
ItrTc98D82g The Most Popular President Ever | Ep. 754
Ixs6JRd2mvc The Constitutional Stress Test | Ep. 690
J-A-dpggI-Q Rampant Racism, CRT, and The Fall Of Education | Dr. Carol Swain
J-gkToEd25A WATCH: Postal Worker Stands By Voter Fraud Claim
J-xHcU7bXmk The Science Says All Republicans Are Racist |  Ep. 926
J0bPct9jLaY CAUGHT! School Demands BLM and LGBTQ Flags in Classrooms
J0kLIH7pEP0 Knowles DESTROYS Professor Who Thinks SPEECH IS VIOLENCE
J1g0Ztrgka8 LOL: Jennifer Aniston Accidentally TRANPHOBIC
J6krPkrfOLk EPIC: Ted Cruz DESTROYS Woman Who Praised Cop Killers
J86jBWKlu_Q Everything You Need To Know About Impeachment | Ep. 450
J8Ng3I4SPlM Ep. 60 - Luther Revisited ft. Eric Metaxas
J8e_P15sMUw WATCH: Biden Not Sure Why Muslim Terrorist Attacked Jews
J8x8T7ctRrs Are Democrats Finally Moderating? | Ep. 433
JB5bQolSSZc FAKE NEWS: Trump did NOT Concede Despite the Trending #TrumpConceded
JBbQZ8g11FA Big Tech's Blatant Bias Called Out
JBhsqxvDnRo MUST WATCH: Pelosi and Biden GLITCH OUT on Live TV
JBzdUsIhIdc WOW: Yale Speaker FANTISIZES About Killing WHITE People
JG0-dniIxcE Ep. 42 - Trump Wants Hillary To Run Again (#MeToo!)
JHT3VCbC5mk These CREEPY PERVERTS Should Be Fired
JJNT0cb4ItM The Hunter Biden Laptop | Corruption, Lies, and Cover-ups
JLwOyeVqzfM Trump's HILARIOUS Hole-In-One Gold Video REACTION
JOKrZwnsxJ4 No SEX for YOU! Japan's Olympic Plans Involve Cardboard Beds as Deterrent
JPE3NwqWCHc Mom ENRAGED: Woke School Board Pushes Explicit Content To Kids
JQbBrsjbIXQ Terrorists TROLL The USA in Stolen American Uniforms
JUVrVDnt3bI No More Moderators | Ep. 630
JXDujIVhK0A Adios, America! | Ep. 652
JXKVmxBMZFM Worst RACE Hate Crime Hoax Yet
J_bAD4ueaK8 When The COVID Cops Come Knockin’ | Ep. 800
JaL6cehKp4k Bella Thorne: Makes $2 MILLION for Adult Content, Then FAILS
Jd2x69AIANs Animal Farm | Ep. 764
JevwxR0pcLc GROSS: Uncomfortably SIMP Photo of Mr. and Mrs. Markle
Jf8U1vgojOk Michael Knowles REACTS to FATPHOBIA TikToks
JkNrIsZ7aIM Michael REACTS to Meghan Markle's CRINGE-Inducing Interview with Oprah
Jm-c75kGZVk GONE WITH THE WIND Has Been Canceled Along with First African American Woman to Win the Oscar
JodQIlCXt_g Fact Check FAIL: Snopes Posts Embarrassing Response to Daily Wire Article
JrtG4AVAK8Y Our Long National Nightmare | Ep. 482
JuHxJwYGHt0 Enough Is Enough | Ep. 555
Jwj5g-CwOhw What’s Kraken? | Ep. 650
JxpR3qBRYb0 WATCH: Canadian Police RAID Family Home For Breaking \
JzekYXctj-k LOL: Andy Cohen's EPIC De Blasio Rant Live On TV
K0Jsy9QLRKQ Biden Cracks Down on Law & Order | Ep. 850
K0t8jRZHd1s WATCH: Trump OWNS Ridiculous Reporter
K2TT4MX5HMc AOC In Therapy and Still \
K3Myo4sWloQ Girl Asks Relationship Advice on Progressive Boyfriend
K52nkS9BNT4 The DEBATE is OVER! Caitlyn Jenner is the Greatest Female Athlete
K5w85ajAUEM The Price of Lies | Ep. 420
K6BeyiZdSq4 Donald Trump Is Still Your President | Ep. 469
K7Hmoov0S5w Stop The Spread (Of Fake News) | Ep. 520
K7uych4pQoo Brian Stelter's Passionate Pro TRANS THE KIDS Rant
K8sF-v_utJA The Bill Comes Due | Ep. 809
KC_GfN6bhEY The American Taliban | Ep. 839
KCs9E8Pye7Y Saving The World From Cannibals | Ep. 601
KDF0HP_ZwEc Reaction | The GAYEST Woke Commercial #shorts
KKlH7hu91bg Pete Buttigieg On Vacation To CHEST FEED His Baby?
KMvCDs7fdeo SHOCKING: Details Of Why TRANS Bathrooms Should Be BANNED
KNKG5IomjQo Fauci Unmasked | Official Trailer
KNYc6aloWIQ Biden In Bed With The Enemy | Ep. 976
KOWZrBT2MAQ All I Want For Christmas Is $5 Billion | Ep. 269
KR25cFgBmz4 Ep. 77 - Cultural Death and Taxes
KRBYsBu9a-c The Most Sexually Confused TIKTOK Montage
KT70h-uV44I Pocahontas's Government Agency Shouldn't Even Exist
KT_KNfpQNCg EXPOSING The INSANE Hypocrisy Of The Left
KVyJJKqGiIA LOL: A-Rod DROWNED OUT By F-Joe Biden Chants
KW1DKIisuu8 Holding Us Hostage | Ep. 579
KW8SGNbKBVQ The Most Important PLEDGE of our Time
KWmhOQ_UMSU Google's Church of PC Excommunicates A Heretic | The Michael Knowles Show Ep.6
KWyJ9GUu9Gk The Left Goes Too Far | Ep. 301
KXHNXszIT6I WHAT? Did a 14-year-old Girl Come Up With the Social Distancing Plan?
KZwVPOjzgNs ESPN Pedals \
K_FyQVB_wUY Democrats Want To HIDE This Video Of Kamala Harris
K_GOPdlZ2d8 The Search For Jussie’s ‘Real’ Attackers | Ep. 321
K_fxyKLhTlQ Billie Eilish: Porn Destroyed My Brain
Ka3DybP_cCI The State Of The State Of The Union | Ep. 282
KbfOsuIcClA New Playboy Documentary SHOCKS Liberals
Kd4Ab3ov89Q Perez Hilton Explains Why Hollywood Is Falling Apart
KdF3zxTN43U Liberals Cannot Laugh At Themselves
KeFCuL3afHs Michael Knowles REACTS to Latest UFO Leaks | Give Up The ALIENS!
Kgez2wbWrCU WHAT? 4th Grade Teacher Owns A SATANIC TEMPLE
Kgya8Ndgrrw The 1619 Project President | Ep. 687
Kh4YfwkYrxQ Ep. 92 - Find The Texts Or Fire Mueller
KhShoRMDwBU Trans Dudes KNOCK-UP Women in Prison
KiDOu8WuVI4 Using Government For Good | Ep. 793
KjW7Hm0bwvw The Breaking Bad Rule |  Ep. 938
KjtFOjUrWpY YES or NO | Real Answers and Real Drinks with FREEDOMTOONS (Seamus Coughlin)
KkLY1Xa3RTI SHOCKING Video Reveals Unfortunate Ballot Problem
KkgSbrafpCo Woke ESPN Analyst CONDEMNS Fans With Americans Flags and Dogs On Their Profile
Km4KtFKIaw8 We’re Bringing the Debate to You | Face the Mob
KnXlCEoSRN4 VIDEO: Romantic, Surprise KISS Deemed \
Kn_WxBhU3Ps Who Bought Pete Buttigieg? | Ep. 503
KoNWAsPQ6P0 WATCH: BLM Mob Harass Innocent Man To Tears
KoYGfCiJmcY CAUGHT! Black Activist LIED To be on theꃞrek Chauvin Jury
Kp-JbU2f4bU Media Push McEnany For a TOTAL SHUTDOWN
Kr2OfmFbbaQ SHOCKING: New Yorker Sues to Marry Their Own CHILD
Ks6hXfWV8iQ Disney Is Coming For Your Kids |  Ep. 972
KupKAGkO_1g Hunting Down Trump Voters
Kuu2UPS5FYQ Concede Nothing | Ep. 646
KvyT7Xx6H20 Liberal Loyalty Oaths | Ep. 685
Kwsd34USIzs LOL: \
Kx3d9-5bz80 The Libs Who Cried Wolf | Ep. 412
Kz4rjaHzRBc Pandemic Or Dem Panic? | Ep. 507
KzpKQm4WByc Ep. 36 - #ThoughtsAndPrayers in Las Vegas
L-YdTFEAB2c Jordan Peterson Turned Into Super-Villain by BLM Activist?
L-hPtA9VzTk WHITE SUPREMACIST Sentenced To Death
L0Eh2Ov3sj8 How The Daily Wire Plans to Cancel \
L30ax6ATlec WHAT? Woke Elementary Class Takes Kids To GAY Bar
L67BVgTqn4M LeBron James is a Racist Idiot... Some people Say
L85Zsr1BY3U Numbers Don't Lie, But Libs Do | Ep. 919
L9LWh8V_BmE I Believe *Her* | The Michael Knowles Show Ep. 226
LCvRI3XB4Y4 Ep. 72 - CNN is Literally Hitler (ft. Victor Davis Hanson)
LEBN5xMFaZU Grievance Studies | Ep. 289
LFphLbog5Zo Graphic Warning: The Most Horrifying News Story
LFsFdu5wM94 The Iron Curtain Between Left and Right | Ep. 448
LL6rwGIMi_M Oh, Is The Government Shut Down? | Ep. 284
LP-j0rHucH8 Host Claims Teens Charged with MURDER Just wanted a \
LPZhCGFG-0s AOC’s Border Lies | Ep. 375
LPjUS8tuJag The Ghost Of Kyiv | Michael Knowles
LQLEu50cl6s WATCH: Boba Tea Fight!
LRxF4sKVT7Y Ben Shapiro's Sister Vs Madonna
LTcWUsiNIZ4 WATCH: The View BLAMES YOU For New Variant
LU0Qgn6XFwA Renovation By Arson and The Immigration Crisis | JD Vance
LUshQXm_b20 SHOCKING: Travis Scott Concert Mired in DEATH and Satanic Imagery
LWkfsnU11PM Life And Death On The Ballot | Ep. 605
LbZ1LIyEb4k It Can't Get Worse. Biden: \
Lc28H9k6Suc Dems Call For \
LeMPThHJMaE Joe Rogan Calls out Joe Biden's Decline
Ley5EpJygJw HURRICANE HARVEY: TRUMP OWNS MSM Ep. 17 | Ft. NotGayJared, Coming Millennial, Amanda Presto
Lf01oXZKGWA Ep. 79 - It’s Time To Defund The U.N.
LfbqzUEQ48Q WATCH: Black FATHER Destroy RACIST Critical Race Theory
Lff6nAb8RDk DEMS: Attention All Creepy Perves, Come To New York!
Lg8eYBvHu0k Moral Idiots | Ep. 298
LhgCaUPA2Kw SHOCKING: Illegal Alien Plays Soccer with Human Head after Decapitation
Ljfl9UUh2L8 The Military is Going WOKE, Are We DOOMED?
Llbie5-3nAo Ep. 56 - Happy Trump-aversary: 365 Days Of Covfefe
LlsWto7nlT4 Hierarchy And Hypocrisy | Ep. 668
LnGLUCJLURU Michelle Obama Calls BLM \
LobveWv4dFo Trump Handles Media Lie PERFECTLY
LrvbikKxfnQ Journalists Against Journalism | Ep. 405
Lu4RHbfHvqI Berning Down New Hampshire | Ep. 494
LzTQcEo1YCA WATCH: Criminal ATTACK On Two Los Angeles Police Officers
M1jZALiKwFY REACTION: Alec Baldwin Accidentally Shot And Killed A Woman
M1xHcSjY-Hc New York Begs Perverts To Come Pay Taxes | Ep. 977
M5AMgabVVXM FAKE Fauci | Rand Paul GRILLS Fauci For Removing \
M85w4n4_b0w Great-Grandparents Denied Adoption of Baby Girl Due to TRANSPHOBIA
M9448Sk-xkM Would YOU Rather? | With Candace Owens
MAWCbotB8Oo He Who Pays The Piper Calls The Tune | Ep. 430
MBWnyCE-Po4 INSANE: Twitter May Ban Trump After Election
MDMDTUxbB04 Craig Scott | Surviving The Columbine Massacre & The Media's Agenda
MGOFzhUuwBE Ep. 170 - A National Conversation About National Conversations
MK1Fm1Qs3lM Uma Thurman's SHOCKING Abortion Story
MKW2YhQVNpU WATCH: Teacher SCREAMS Mocking a Student's White Privilege
MLtJneCUl1E Snopes HILARIOUS Fact Check FAIL
MLyW7nRw4x4 LOL: Viral GENDERFLUID Explanation Has One HUGE Flaw
MPCJXTuda-k Taliban Leader Can't Read Find Afghanistan on a Globe
MQ61YRHujqY 9/11 Marked A Spiritual Battle With Satan
MQL5mXK33hY LOL: Neil Young Tries To CANCEL Joe Rogan
MTEQNsCn40Q OnlyFans' SHOCKING FlipFlop
MToPgN7Wjis Do It For Brett | The Michael Knowles Show Ep. 247
MVqTfxvtQk0 Why Sanders 2020 Is Going Nowhere
MX2b0TJ_r6A Why The Show Was CENSORED
M_TZPPmS4WU WATCH: LA Inspector Dances as she SHUTS DOWN਋usiness
MaF1D8iFI6A BLM's Actual Goals Listed on Their Website
MbCqR5sVNvI Michael Knowles on the Dangers of Transgenderism | Live at Washburn University
Mf9u8qzIwss AOC's Plan To DEFUND The Military and Police
MgNVHBKCS18 Si, Se Pwodway | Ep. 734
MhH6xIaLoa8 Conservatives On Trial | Ep. 701
MiPg9viNxe8 Democrats’ Climate Catastrophe | Ep. 410
MiWSXg8zsxM Football Coach FIRED for Not Supporting BLM, Fights Back!
MjGwDU1R4Cs The Circle of Strife | Ep. 691
MlW-h1Y3f2U WATCH: Woke BLM Radical Call for MORE Looting and Rioting
MnsxWMl07qo WATCH: Child With Leukemia Thrown Out Of Ronald McDonald House
MoC0qm-OuD8 WATCH: Based Black Woman DESTROYS Critical Race Theory
MpEmDq3Bn0w Irrelevant Hippie Liberals Make War On Joe Rogan |  Ep. 933
MrLi4T0-ZFQ The Dems Who Cried Wolf | Ep. 619
MtQTlwJa5zs Compare BLM \
MvM35JfYnVg A Nation Of Dopes | The Michael Knowles Show Ep. 208
MxV-lpRT_ZA Tom Hanks and Joe Biden Think We’re Stupid SOBs |  Ep. 929
N-Dv6yEGFfU Propaganda War |  Ep. 952
N06OBMDnT_w Why Conservatives Should Consume Leftist News
N0fh5G10Ytc Ben & Jerry's Goes FULL Woke
N12lUAq_KxY For The Left, Life Is An STD | Ep. 347
N3Sa3LXarj0 White KindergartnersਏORCED to Watch Dead Black Kids
N4noP2a38fs LOL: Joe Biden's TINY Crowd and SHOCKING Gaffe
N5uPJT0ddpI WATCH: Racist Black Teacher MOCKS Scaring Innocent WHITE People
N5uVtc4cma4 INSANE: The New UN Supports Antifa and We Should Defund it Immediately
N6qIA8i8WUQ There Is No Alt-Left
N9SVhdHoNcc You Come At The King, You Best Not Miss | Ep. 464
NB__xB_cMQk Jake Tapper: Mean Girl
NCgBWqtwrR0 10 Facts About Martin Luther You Didn't Learn In Youth Group
NFxuOGJxgdU Charlie Kirk DROPS Info on KANYE 2020 and President Trump
NHPoxsCcnUI Earthquake at The Daily Wire
NI8SLdxQafI What EXACTLY Are White People Superior At? #Shorts
NJdTI3LGR90 The Invasion Is Here And \
NMUauqFo2Tc WHAT? California Wants to BAN Cars?
NTMq6NeBvZg Top Physicist Dr. Anthony Rizzi | America's History, Science, and God
NWATbBle9QU WHAT? Joe Biden Supports TRANSITIONING 8-Year-Old Child
NWlCsUGVxGI The Fall of Rome 2.0 | Mike Anton
NZJzAY00U3I The NFL Is Gay | Ep. 795
NZnbJwrexqc WATCH: Navy Ship Named After a GAY Pederast
Nbnv-pxjLNY New AUTONOMOUS ZONE Around George Floyd Memorial
Nc9doN1nD3M Living In Reality | Ep. 768
NcPFhsfa1WE TRANS Dude BEATS The **** Out of a Woman In MMA Fight
NdiE-vbZXnA The Afro-Cuban White Supremacist | Ep. 621
NeGk_g_wt1I Chris \
Nh-dAtYXP9c Nancy Pelosi and Democrat Yammering Through The Ages | Ep. 102
NhcJeIxWkbU Epstein’s Pimp Got EPSTEINED - No Cameras and All
Nin0GhCmGCo Nick Fuentes Claims He's Being TARGETED on the No-Fly List
NjN3Lk0qDyI Liberals Struggle with MASSIVE Crime Surge Excuses
NkmU6CojsUk 115 (More) Days To Slow The Spread | Ep. 719
NoUINAwzDxk America's Honor Is Missing In Action | Ep. 834
Nq7QDJRp5rM PETA Offers Animal Friendly Idioms
Nq_ceb16-tI All Human Conflict Is Religious | Ep. 458
NqzBQqK4Uhw De Blasio Choses Destructive Protest over Church Gatherings
NsBeSyn_aLw Ep. 22 - Everything You've Always Wanted To Know About Ben Shapiro (But Were Too Afraid To Ask)
NtHHuJ8__0A UNHINGED Leftist SNAPS with Gross Tweets Towards Trump
NtQt6VDyy4U Is Woke America The Real Global Enemy? | Ep. 870
NuO-k0Cd2uc Big Tech Tyranny | Ep. 632
NuPun3ZnE3w Did Trump Rape That Woman? | Ep. 370
O1m_HtQiU2k WATCH: Russian Army Ad Makes Woke USA Look Like a JOKE
O296iT59Cbs WOKE \
O5i8QP62k8o This Is What Demons Sound Like | The Michael Knowles Show Ep. 835
O7UI005YtuA CREEPY Male Feminists Are Just Trying To Get Laid
O7_3o5T6Zw0 WHAT? Tony Hawk Releases Skateboard Soaked in His BLOOD
O9G6jVl30y0 Ep. 61 - Kill The Elephants, Or Else They’ll Die
O9fXil7gddM Dr. Fauci: High Priest of Progressivism
OCSCw5YzSAM Michael Reacts to WAP
OEd52-RVdvI LEFTWING Judge Put BAN on The THIN BLUE LINE Symbol
OEvEkoTXH2o All Politics Is Religious | Ep. 638
OFNbrQQSpsk Bad Jokes: Roseanne And The Left’s Fake Outrage | The Michael Knowles Show Ep. 163
OJpJsOmOnCA Caught With Their Pants Down | Ep. 631
OLoLjvG_v54 Michael DESTROYS Paul Rudd's WOKE Video on Cuomo's Ridiculous YouTube Channel
OM_g0wVTyKE Why Trump Is Going To Win In 2020 | Ep. 357
OMkI-SIB-Vs LOLing At The LGBTQ Town Hall | Ep. 431
ONDCl0aIeqk Ep. 64 - And The Fake News Trophy Goes To…the CFPB!
ONkp0wavnhk WOW: Rapper Compares CHRISTIANS To Genocidal Maniacs
OPRRoFZJJ6U Sleepy Joe Collapses | Ep. 374
ORO55qyeCzY Rand Paul EVISCERATES Left's Insistence Kids Can Pick Gender
OTfQ02aeHdc VIRAL: Former Hollywood Darling Endorses Larry Elder
OUfvP7qsQ_U Simone Biles QUITS and Wins Athlete Of The Year
OXKyvfG1ZFA Former PORN Star Mia Khalifa TRASHES America on July 4th
OXVoI5Nh2sA The Silenced Majority | Ep. 591
OXmBmfpXMYw Ted Cruz's Trip to Cancun Is a Nontroversy
OZY0scW4aFg Our Leaders Are Gasbags | Ep. 452
OitGx9VGqzA Fake Hate Crimes, Real State Crimes | Ep. 299
OkKETq4L22w President Joe Biden Gives Radical Leftists POWER In Government
Ol0q2xmNa2A DON'T Send Our Daughters To Fight | Rep. Chip Roy
OlHme6hCJJU The Progressives Push Porn on Kids & Politicians' Faux Religion | Matt Fradd
OoXiGRSYKfU C’mon, Man | Ep. 729
OoaqZghGoiw Ep. 173 - Civility vs. Niceness: Act Like A Man!
OodBlIRtORY \
OrO4AiyJUwc Harvard Sucks | Ep. 366
OztN90E1zNQ FIGHT: In-N-Out Burger Takes a STAND Against MANDATES
P0DHgpDWZR4 We Need Jordan Peterson and Atheism Isn't Enough
P0K9TCEo4Uk Toxic Michael-inity | Ep. 280
P0f2CGDE9i8 Another High-Tech Lynching | The Michael Knowles Show Ep. 218
P3nk5bPPWVs Save The Planet: Use Plastic Straws | Ep. 193
P8IdfUKWrnY We All Know Joe’s Corrupt | Ep. 636
PCLoURPekzM Caught! AOC Was Not In The Capitol Building
PG-lXAf23rw Fighting for Life | Lila Rose
PGOGXRoplqM Ep. 33 - Is Trump Playing 4-D Football?
PJ2pUZZDLNc Most Important Thing Conservatives Can Do
PK70Hwq95O8 Woke California Will PAY Reparations To BLACK PEOPLE
PNIckBRmAbA WHISTLEBLOWER Claims The Washington Post Lied | \
POIdc5hQ2js How The Left Gets Everything Backwards | Ep. 268
POY6V7I7LIw This Day In History: U.S. Cuts Diplomatic Ties With Cuba
POjKgPLKyyI Sex Before Marriage—Woman Asks if it'll Harm Her Future
POz1pDb12xI BEWARE RICH, GRINNING PROPHETS! Joel Osteen And Prosperity
PQXewlZlYcs Ep. 82 - Bannon Book: Fact vs. Fiction
PRm-sPk0tik The Laverne Cox “Transphobic ATTACK” | Is it Fake News?
PTMdoaXmZkE Based BLACK Woman's EPIC RANT
PU4qqGY1CTo The Attack on Super Heroes | Eric July
PYrLtBU1KN8 The Art Of No Deal | Ep. 306
P_0IXT4FrlE AOC's Shocking Sexual Assault Claim
PaPe761F2I4 The Left Loves Humanity, Hates Humans | Ep. 486
PbZ_dms7ipE Spooky WOKE Halloween Ad | What Is Happening?
Pc_sUk7_7fU Welcome To The Michael Knowles Show
PdBPKi7jwSg What Ever Happened To AOC? | Ep. 402
Pdma-KIMweI The Masks Are Just \
Pe2NwITNPd0 WATCH: Trump Hilariously MOCKS Meghan Markle Running for President
PfxlLeE4LwQ WATCH: Lunatic MSNBC Guest Wants to 𠇋URN DOWN\
Pi5qa7e25c8 Paid Parental Leave: The 𠇌onservative” Welfare Program | Ep. 313
Pk77lEHXhJQ DEBUNK Hilarious Pro-Choice TikToks | Viewer Request!
Pm0vzj22-3U America's Original Sin | Ep. 400
Po-lQ6Y9r2o Wrecking The Dems Impeachment Insanity
Pp_l7e5S8zQ Who Determines What Speech Is \
PsCRcUgefgs What The Alabama Law Actually Says | Ep. 349
PtQ3G3KluRQ Liberals need to understand \
PuzdRAIyRws Michael Knowles: Leftist Educators Are Waging War On The Truth
PvGvLKRf2io Walls Work | Ep. 285
PwVxe0sIRQc CHARLOTTESVILLE EXPOSED | Ft. James Allsup | The Michael Knowles Show Ep. 11
PxM2vm9utg8 Ha Ha, You Lost | Ep. 229
Pzf6N31tkn8 WATCH: DeSantis DESTROYS Media's Biased Coverage
Q-oYk2fGmoc Epic CNN Diss | McEnany Won't Call on \
Q2k3Q7EvCNY BATTLE OF BERKELEY Ft. College Rep. Pres. Bradley Devlin
Q3i5UZ3gpvg Did The Founding Fathers KNOW About Abortion???
Q7Bam4jPu2Q YES or NO | Real Answers and Real Drinks with Will Witt
Q7O-5v8_5oM How \
Q7etoAKPKPE Who Built The Cages, Joe? | Ep. 707
Q7uc25ZGw2I Most TRIGGERING Commercials | Could NOT Be Made Today!
Q9L5tSbyU_8 LOL: The Trial of Smollett's Hate Crime HOAX Got Even Better
QF3NTnP8sUE The Gang-Raping Of Brett Kavanaugh | The Michael Knowles Show Ep. 224
QHiOySnmOLk LOL: Beto is Back! ENTICING Voters With Electricity and Weed
QJUeBmRvIYM LIVE EXCLUSIVE: The Mooch and the Memo
QKJHy_W24HI WILL SMITH Brags About He & His Wife SLEEPING Around
QKcHeiOpOjk Schr཭inger's POTUS (And Joe Biden’s Cat) | Ep. 653
QNGVIa_fVG0 LOL: Girl Scouts Focus Their POWER on RACISM
QOXYbS4lf6g WATCH: Capitol Hill Bomber Live-Streams Attempt
QP757f9GD6A \
QRJO_m3hhME Angry Radical RANTS On America's \
QX8UxbFz3mU DNC Guests Want to Defund the Police
QYI_AMYywX4 NEW Pro-Life Bill: Fathers Can Prevent Abortion of Their Child
QbEzmAQMja8 Zero Tolerance: Separate Fake GOP From Party | The Michael Knowles Show Ep. 169
QecrBXUlVJE America Will Never Be A Socialist Country | Ep. 293
Qedri6H_Rzs NEW Transgender Ruling! Madeleine Kearns Discusses This Landmark Decision
QjceS39hA6k Eric Metaxas | If We Don't Fight, No One Will
QkmHMIqRlHA O.J. Simpson Just KILLED Liz Cheney....'s Career
Qm7JMS3VZH4 You’re Not 𠇏iscally Conservative, Socially Liberal” | Ep. 288
QmSUr7mzLPM The Unvaxxed Second Class  | Ep. 873
QnGNTfQlQlA SJW Mayor Allowed \
QnewSzjdv3I Biden Bans Africans | Ep. 895
QqoKYWRmn28 Undergrads In Wonderland | Ep. 318
Qrt62IbJXgg FAMOUS College Creates RACIST Vaccine Requirements
QwxjIMWkrBc America at the Point of No Return | Michael Anton
Qz6j8TJXj_0 CNN: Don Lemon Makes RACIST Accusation about Rittenhouse
QzSE8g8tKYo Notre Dame Isn’t A Museum—It’s A Church | Ep. 332
R-xkafSgXdE WATCH: Woman EXPOSES CNN Bias Live On-Air
R1iDZWI3ZCg Ep. 186 - Would He, Or Wouldn’t He?
R3EeNfs1fZc TOXIC Relationship: I Was Her \
R4mRtPQoQ44 Airline BRAGS About Plans to Hire Less WHITE MEN
R7AylHljJSI The Least Bad Option | Ep. 518
R7sMtV95gro With Trump Gone, They’re Coming For You | Ep. 681
R8BqXM1Axuw Michael REACTS to Biden's Doubtful Story of Seeing Gay Kiss For The First Time
R8Cep1tPBsI LOL: Fantastically AWKWARD Speech from President Joe Biden
R9HzpZMQ3ys WATCH: CNN Host Gets Embarrassed Caught in Obvious LIE
RABJd_-tOXE Culture Wars: The Phantom Menace | Ep. 803
RBPhlqRITNM Joe Biden Is Destroying Everything |  Ep. 927
REfD9Idf7oM Burned To Death at BLM Protest
RFlv8X9G1dk WATCH: Biden Basically Says Russian Invasion Is Fine
RG4tzQpL7as Jussie Smollett’s Attacker Goes To Jail |  Ep. 961
RHuJk2sq-ps Democrats Triple Down On RACISM Amid Possible NUCLEAR War
RIszMT3PXO4 Final Thoughts | Turn On, Tune In To Trump TV
RJ9NXf7k50Q Republican Congressman MISSING in Afghanistan
RQri_vAOnDw Sleepy Joe’s Eternal Lockdown | Ep. 686
RQzysQgRKVs The 𠇏ree Speech” Myth | Ep. 677
RRBrXNSJ9lg Will Dr. Fauci ALLOW Thanksgiving?
RTvyZFISKLg TRUMP: Calls Out INSANE Anti-White Racism
RXq689D8mCk NFL Star Quotes Hitler to Support BLM
RYQvcKz6G5M BLACK Host Tells Bill Maher To SHUT UP #shorts
R_K6hM1x8as #MeToo Slacktivism Disrespects Victims
RaG5m1uQEQQ WATCH: Pregnant Woman Verbally ATTACKED At The Woman's March
RaosQhfuCSU ABORTION Up To Birth Passed By Democrats | Details EXPLAINED
Rb1_wwtVVqs Elon Musk Takes The Red Pill
Rb5fYQdmP1k Racist BLACK Professor: \
RbqjzzVRcy8 Consequence Culture | Ep. 751
RhCZiPD_dAA CAUGHT! CNN's unbelievable Bernie Sanders Mt. Rushmore Hypocrisy
RiZMuYxgfx0 America Is Becoming Britain | Ep. 438
RkRDahzFWrw VIRAL: \
RlkAxFuc_Io ALIENS: Michael Finally Answers the UFO Question
RlmVNpJzCW0 SNOWFLAKES AND THE END OF DAYS ft. Allie Stuckey
Rpa37yPvLSg Governor Newsom Goes Psycho on Churches
RtXYmpOadtc BREAKDOWN: Biden's INSANE Plan Electric Car Solution
RuYgF1QYFFM Russia Ate My Homework |  Ep. 959
Rv9vDqCwKx4 The emic Freedom” Hoax | Ep. 769
RvZj8evVIPo NAKED ATHENA Protester EXPOSES What Leftists Are
Ry1MRJebweE Gays COME OUT for Trump
RzmBcNtJmag LOL: Viral Anti-White TikTok Video
S2k-TFU5-ZY Viral \
S3CEyyuzroc Running Train On Racism | Ep. 281
S3Pjjr9oQu4 One Small Step For Man, One Giant Leap In Girls’ Track | Ep. 383
S6-u57yPAak ZOMBIFIED by Falling In Reverse | Michael Knowles REACTION
S8L5YzxUc7M Literally Hitler Deports A Nazi | The Michael Knowles Show Ep. 204
S9jJ5I9yuGM WATCH: Kimmel Jokes About Leaving the Unvaxxed to DIE
S9ku3yJHmfA Ep. 32 - Free Speech Hour ft. Dave Rubin
SA6Wh-FCi58 REACTION: \
SAJyUjKPjXI LOL: Unhinged Feminist Does Her Best to SMASH the \
SBs5mtdiQmo AOC: Defunding The Police MEANS Defunding The Police
SGx1xhX4YEc Controlling Words, Controlling Minds | Ep. 790
SHQtta_A-QA “Queer” Is Not A Bad Word | Ep. 362
SHR_-D5jly8 AOC: Planned Parenthood SAVES Lives
SIDIbWdKCyg Political Hacks | Ep. 626
SIHAi2wDT2U Pizza Hut Goes FULL WOKE
SIWvVoQUveo LOL: TikToker Says Fat People Are Oppressed
SK8Up4iOtAE VIRAL AOC: Claims Boarder Concerns are RACIST & Criminal Coyote Says Business is BOOMING
SKmTGaCzGto WHAT? Libs Say BLACK People Can’t Carve Pumpkins
SLr3ojg8uMU Fauci Cancels Christmas... Maybe | The Michael Knowles Show Ep. 856
SMykueWVRf8 TRUMP's Best Video Yet! DEVASTATING for Joe Biden
SO7jt1FIakw Bill DeBlasio Had NO Approval To Paint BLM on Streets
SREtbYyESkY Progressives Need To STOP Lying About TRANS
STVuE1BPDH4 Mutilating America | Ep. 771
SXV6HzETW1U Latest DEBUNKED Hate Crime
SXwGMjOUpcw Officer401 Breaks Down Exactly What Happened To George Floyd
SY43KpT78YQ LOL: Chuck Schumer Says Trump Incited An 𠆎rection’
SYfYvGRlE44 Biden Hires Racist Who Teaches Blacks are \
SbgnG6p59fI SQUISHY \
SeDvpXklgAU Jussie Avoids Getting Epstein𠆝 By Pulling The RACE CARD
Sgux3vT58aY School Pushes SEX Books...Onto 3rd GRADERS
SiJ2bFK-C3A Eternal Lockdown | Ep. 666
Skcboj3n_FI This Commercial Should be BANNED From the Internet
SlAj5Q2_bHA BREAKING: New DISEASE Called WHITENESS!
SltRi_pKOKI WATCH: Epic Rant DESTROYS Democrats at LIVE Hearing
SncilpZjWRg TRUMP Goes Off on \
SqJfq4Tnvlo Steven Crowder Ambushed by LYING COWARDS
SrO471nc_6M We Are On The Brink Of TRANS War | Michael Knowles
SrdvrjQRpgI Fauci Flops Again | Ep. 770
SrxNwGvjz10 School Shooter COMPARISON
SuZtsQ1aUTQ Michael Knowles Vs Dave Rubin | FACE-OFF: Culture War
Sv58IBupnxc Woman ATTACKED in Church | The Big Picture
SvayPmSBEyQ Science Is Dead. (And We Have Killed It.) | Ep. 798
SxDnwMfHP00 Eric Metaxas Defends Martin Luther Against My Popery
SzEJgjjvjv0 WATCH: Joe Rogan Holds CNN Medical Advisor's FEET To The FIRE
SzcTV7KVzKE The Fight is ON
T1jAtCdSxI0 Your Kids Are Under Attack | Ep. 775
T1sH7iKr-FE DON'T WATCH: Peta's GROSS Sexual Fruit PSA
T6-JTJYZGQI WHAT? CNN Names Biden's 42 Executive Orders \
T83o2ALQi7A Michael's First Date With Roaming Millennial
TBK9-RymCLs Boycotts Aren’t Enough | Ep. 738
TD2JY71t4TI Socialism Doesn't Fix Poverty
TDJ_6GPpFQU BLM Protesters BURN Bibles
TEGpNCaJIxk SOY Level CRINGE: Try Guys Freakout Over Dr. Fauci Interview
TEUYJpg5D7E SHOCKING: Asian Hate-Crime Attacker CAUGHT
TEhwyZGOUsQ LOL: Jordan Peterson Drops F-Bomb over Ridiculous VAXX Rules
TFKpo36Dkj0 WATCH: Twitter will NOT Allow Joe Rogan to SHARE Video
TIG1cAeyJio How Odd Of God | Ep. 339
TINppcKrhbk Leftists Terminate Your Freedom | Ep. 820
TIYjmOUMDvA Push to Ban Puberty-Blockers For Children
TMD2T3Plxf0 WATCH: What I Wish We all Were Talking About
TMNIOfa_a4A Democrats Have Nothing To Run On
TN6EO1MjWu8 The Establishment FEARS the POWER of Bitcoin | BitBoy Crypto
TR6DEiijg70 FIRED and Called a \
TS99vkpoKAM CDC Announces 72,000 Americans Un-Died of COVID
TStXrOsWEyc Jan 6th: The Legendary Coors Light \
TU28aya_R_E Can You Guess What This Woke Commercial Is Selling?
TVYRteHUDmw The Misinformers | Ep. 808
TWVO1hYwT3o Trump’s Moral Clarity At The UN | The Michael Knowles Show Ep. 223
TZQoVsC2iVE DEBATE: Michael Knowles vs. Brian Tyler Cohen on Biden's 'Build Back Better' Agenda
TaYfASdU-ik Biden's Czar Wants Putin To Focus On Climate Change | Michael Knowles
Tbw4M-pDVKE Stop Complaining About Gas Prices, You Racist! |  Ep. 957
TcAF98b0fds YIKES: Hate Crime Hoax in Buffalo New York
TdniQM0KuMU We NEED a New HATRED for Marxism
TecswPc2rDo Pelosi's CRINGE Poetry Read To End The War
Tgu_FoJbs4s Race Riots Cure Coronavirus | Ep. 554
TiJt8I4sfnQ Empty Suit Gets Blown Over | Ep. 725
Tj9LhxLOuL8 Prime Minister Psycho Is Just Like His (Maybe) Father |  Ep. 944
TjThEYG96bc The Scientist Has No Clothes | Ep. 541
TkB0S7Z7IWw Ep. 49 - Mueller Indicts Democrats
ToC1A54CR1c WATCH: The END of Dr. Fauci?
TrU1sUQwpiY Disney+ Censors CLASSICS Movies For Children Due to \
Tr_1YfbC5dE A Tale Of Two Marches | Ep. 484
TrwYAQfNaW0 Why Not Just Deport The Dreamers?
TtErYVskikM Biden Has No Time For Dead Soldiers | Ep. 832
Ttox6y8NjIk Andy Ngo DEBUNKS The Media's \
TwkGShAk-vU Mueller’s Rats | Ep. 260
TxEUuYjykL8 Ep. 66 - Watch Trump’s Fingers
TyJ_7Hl_c5g The TRUTH About Electric Cars and Biden's Epic FAIL | Daniel Turner
U23LRBnTfmA WOW: Dr. Fauci Admits He Got EVERYTHING Wrong! (Definitely NOT a Michael Knowles Deepfake)
U2Vpv80HZ6U Trump-Pence vs. Deep-State | Ep. 597
U3Z71JehX5k WATCH: Radical Claim Pro-Choice Is LOVE
U7mfX2L4VNE WATCH: Lib TikTok Star Tries to Shame Trump Supporters, Fails Miserably
U8qxNwBDu5M LOL: Hilarious REACTION To Kyle Rittenhouse Prosecution FAIL
U9TpMxQgpNg SAVE THIS: Viral LEAKED Video from Hunter Biden's Second Laptop
UAEvj6_y-Js Michael Knowles & Matt Walsh Debunk Transgenderism
UBnYd6mO16c 𠇍.E.I.” Must Die |  Ep. 974
UDdEm_iAKos Mark McCloskey Sets the Record Straight!
UGMZmjHwYNY Biden's Oil & Gas Catastrophe Gets Even Worse |  Ep. 975
UM0IMLaX9x8 HERO: Megaphone Guy RAGES Against INSANE California Lockdowns
UMnjql8bvOk Rand Paul EMBARRASSES Dr. Fauci | Trigger Warning
UOaVNx-m0ew Waukesha Killer's Anti-WHITE & Anti-JEWISH Posts - Legacy Media Silence
UPXnB8M9J3Y \
UPupylCGYmg LOL: Biden's Brain STOPS Mid Press Conference
UQ36UNeA85U There Is Nothing More Dangerous... | Ep. 892
UQ_aoU7_e8c Trump’s Big Challenge | Ep. 404
USo8s9Mf4SA Biden Pushes for ISLAM In Schools
UVpibhg0Gsg BREAKING: Is the NSA SPYING on Tucker Carlson?
UVr0tThQgdM The Idiot Percentage | Ep. 813
UX_aPJ9Ntys Liz Warren Thinks You’re An Idiot | Ep. 443
UYM3qiZIzzc YIKES: The Guest Won't Say The Word WOMAN
UayRny3Mgzw The Motherf***er With The Hat | Ep. 275
Uc0yrWlQva0 TIPPING POINT: The Assault In Portland
UcKwVoyNT3g Viral No TWERKING Rant | This Man is a Hero
Ue0LAor9mHI Former Leftist ATTACKED After Speaking About Breonna Taylor
UfUfm5kJDL8 #MeToo: Woman Virtually GROPED In The Metaverse
UhfZnRQ8eTs Democrats OPENLY wishing harm on the President
UiE9ajULKuw DEBUNK Hilarious Pro-Choice TikToks PART 2 | Viewer Request!
Ul5C55SvdHc Biden Goes All-In On Woke War |  Ep. 955
UmECI7cOVyI Hope Springs Eternal | Ep. 659
Un2-1eUvBGU SAVE THIS: Alex Jones VIDEO Shows He may Have Been RIGHT All Along
UohiIRSd5_M Roy Moore Is Out𠅌hristopher Plummer 2017!
Upb2UIHWiQw LOL: ESPN Makes Documentary On NASCAR Noose Race Hoax
UtUTy8b4sYM WATCH: The Media HATES Conservatives Not Trump, He's Just in the Way
Uv5lcB87ZSE HAHA: Joy Behar Disappointed Clarence Thomas Is BLACK
UvfyUDuXtFo VIRAL: TikToker's Shocking Indoctrination BRAG
UvqAcOqrRro PAYBACK: Over 100 Police Agencies Refuse to Protect The DNC
UwS7lRVbZak GAY Pride Oreos Are Coming Out To Celebrate LGBTQ+ History Month
Ux10lbddTKw Obey Or We're All Going To Die! - Libs | Ep. 904
Uz-QGhLgcd0 Polls Say Every Democrat Beats Trump! | Ep. 364
V-tyfik0k2k CAUGHT: Activist Shaun King Makes Himself Look Stupid
V1F3ZnFW8zA Ep. 90 - Better To Be Aroused By Forbes Than Alinsky
V2zNyTxfX68 Whoever Biden Picks Groped Me |  Ep. 932
V6j8KZUVp3I WATCH: Rashida Tlaib's EMBARRASSING Push To Release ALL PRISONERS
V87m4SY0eXs BLACK TEENS Carjack and Kill Grandmother
VAEe41zbiJQ 10 Years in PRISON for Posting a MEME?
VC22U1nsoko Zero Bark Thirty | Ep. 440
VDYZqACAXSM WATCH: U-Haul ANTIFA Video Shows Organization That EVEN CNN Had To Admit
VDsIUCrHP9k Diversity Does Not Make A Nation | Ep. 745
VEzhQYHJS-A BLM and Antifa FUNNIEST Home Videos
VGMHxdal9A8 YouTube Declares War On Conservatives | Ep. 361
VJSvrXAbusg Chris Rock's RED-PILLED Advice on Police
VMVzF5kg58M Ep. 51 - Religion of Peace, Media of Euphemisms
VNj5b4jf9s4 WATCH: Joy Behar Worries The Invasion Will RUIN Her Vacation Plan
VPxddqZdJ1A Michael Knowles REACTS To University President CONDEMNING His Speech
VRT8gGdONwA INSANE Angry Vax Lady is Not Persuasive
VRuz3cDee0M America Goes Through Puberty | Ep. 799
VS3oVQvbNq8 TikToker Says You're Encouraging Obesity by Saying Obesity Is Wrong
VSixs2K5_lU Unknown Knowns | Ep. 797
VTF8wpwHFmQ ELECTION 2020: Latest FRAUD Allegations
VWQxcC58SAY Jihadi Dreamers In Search Of A Better Life | Ep. 302
V_1jfXJrdmM CAUGHT! Jimmy Kimmel Says THE Forbidden Word
V_ookHaczf0 Facebook Allows Calls For VIOLENCE Against Russian People
VdfG4gEDscA The Exalted Dr. Fauci SHOCKS CNN
VhrXRCAaPTk EPIC: Piers Morgan STORMS off Set While Leftist Continues to Insult
Vj2v4dPq2-g Ted Cruz Lays Down The LAW on Big Tech
VkqKAb7hfYw Fauci's Source Of Power Finally Threatened |  Ep. 963
VosLckmxHlU EPIC: Tulsi CALLS OUT Woke Mayor's \
VqUj54qm43o LOL: Epic Commercial Shows FAKE Conservative vs REAL Conservative
Vt8HmZH5eqw Were We WRONG About #FreeBritney??
VvQc7EOJvFc HOT TAKE on Pete Buttigieg Adopting a Baby
VvzHw1CvRmo WATCH: Page Deliver a Perfectly CONFUSED Message
Vw-kP-VNzak ELON MUSK: Finds SHOCKING Covid Test Results
W0-7VpdEx6I Pastor on TERRORIST Watch List After LGBTQ Outcry
W0r5BOlwUFE My HOT TAKE on George Floyd Riots
W253WRdChvw Planned Parenthood Takes A Huge Hit From Trump
W2kHoLXaMRU The High Crime Of Orange Man Bad | Ep. 461
W3YJDtaoKso LOL: New Clinton Foundation FACT CHECK Is a Total LIE
W5nlvG1gdU8 The Courts Won’t Save Us | Ep. 788
W76gtY_-7DY Is AOC An Actress? | Ep. 316
W9G-Kp79Ctk The Great Hope To End Roe V. Wade | Kristan Hawkins
W9S1nDX5oEA Woke EMMA WATSON Gets Eaten By BLM
WAgYlAUdjt4 Biden Gives Tricks For Americans And Treats For Illegals | Ep. 875
WBqc9yK0LQE Ep. 174 - We Live In Supremely Good Times
WCd26waTlCc Hollywood Simps For China | Megan Basham
WDBsjrnu0wo Get Up | Ep. 559
WETb9XhCSSI WOKE OLYMPICS: What ANNOYING Term Will Michael Knowles CANCEL?
WHQvz910-ms WHAT? Navy FORCES Racist BLM Training on Servicemen
WKPDk6ALeDE Ketanji Jackson Groped Me At A Party In The 80s |  Ep. 968
WKrN8IXgnz8 Did Bernie Actually Drop Out? | Ep. 526
WLBVpMSM57E TikTok: Michael DEBUNKS Woke Christopher Columbus HATE
WMbLfH70yEk Students And Admin Walk Out Of Pence Speech
WN-ru_cVblo The Mark Of The Fleeced | Ep. 736
WNuw7nJGGT4 Michael REACTS to Progressive \
WOYPtHApl_0 Should We Stay Or Should We Go? | Ep. 428
WOdtRW-UZzY The Fake Impeachment Trial | Ep. 697
WRTSo2-ynrE AWKWARD: Mark Ruffalo's Strange Earth-Worship EMMY Award Speech
WVj6vX0-pZ8 Unto The Breach INTERVIEW: Nothing Satisfies The Woke Culture | Wokal Distance
WVpimLgoX4I Biden Day 2 |  Allows Dudes Into Girls Sports and Bathrooms
WWEvWC9NjNs SAD! A Week In Review | The Michael Knowles Show Ep. 13
WX4_9yr8GtA LOL: Famous RACE Hustler Ruins Himself in ONE Tweet
W_9HhBcznPk The Climate Change Assault Continues On Ukraine |  Ep. 951
Wc6OK-k4buE The End of the World as We Know It | Ep. 826
WfRl6u8Q7nE Ep. 15 - Trump Rallies, MSM Eats Covfefe
WgVIbxYn8PI Trump's Greatest Hits (2016-2017)
Wh0MyPlzWMI Media SMEARS Trump's Pick for Inspiring The Handmaid's Tale - Epic Fail
WhPxuCXcyjU Michael Knowles REVIEWS \
WiK2mWbUogM LOL: The Truth Behind AOC's IDIOTIC \
Wjsy-Ae03GA SJW Ad! You're NOT Going to Believe This (Viewer Request)
WkJW120AN4Q These Polls Show GOOD NEWS For President Trump
WklOozrgmdE Superman Is Now Super Gay | Ep. 863
WrE59kRQ7Ss Protesters SLAM Fake News for Being Fake News
WsY28A9zZyw MSNBC Says GOP is WORSE than \
WtlY5ii-gAQ Woke Poetry or Broke Journalism | Try to Guess! (These are 100% Real)
WuII3upzVKU GameStop EXPLAINED | From \
WuLjXReVTWU Michael Knowles Vs Matt Walsh | FACE-OFF: Catholic Edition
WuU0H0n2JCs Joe Rogan Triggers MASS FREAKOUT from Anti-White Critics
Ww0FBu5FtME FOUND: Young Biden BRAGS He Broke into The Capital!
WyVsIJ4V8p8 No Safe Spaces When Democrats Are In Charge | Ep. 862
X05yKNaSImQ Ep. 85 - The Art Of The Deal: A Play-By-Play
X0PWzsL8R18 Adidas's SHOCKING Ad Goes VIRAL For All The WRONG Reasons
X3QH6MAjh7M WOKE CIA Releases RIDICULOUS Diversity Video
X4_H9fsxWg8 Locked Down Or Locked Up? | Ep. 525
X5Fi2DhLMh8 CDC: JK: Coronavirus NOT Transmitted by Surface Contact
X5WmnLOYvok WHAT? Sate to Legalize HUMAN COMPOSTING
X8B34uQwjwg WATCH: White Girl FIRED for Giving a \
X9NXOZjRTb4 WHAT? 700 Club's Pat Robertson Wants Trump to \
XAlLJT10fNg WATCH: Burger King's Unbearably Woke Commercial
XDYa2ZfBqWY There Must Be Something In The Water | Ep. 912
XDgvSsul4jA HERO Cop NOT Charged in JACOB BLAKE Incident
XEPrqW4bwaU The Knockdown Blow To Biden's Vax Mandate | Ep. 889
XEysopiXjK4 NO WAY! Michael Destroys Earth Day with Horrifying Facts
XG3pS2OVX2o Who's It Gonna Be, Virginia? | Ep. 877
XGKfP8BpKoo Thomas Jefferson Gets Canceled | Ep. 564
XHibjDduQFw After Russia Is Destroyed, What Comes Next?
XI6tjpthUL4 Elon Musk Joins The FIGHT
XJYMHNxgEBU Democrats = BLM = Antifa | Ep. 606
XKKPGrM5wOo The Media Lie About Everything | Ep. 465
XN08z-SRiFM Viral LA Restaurant Owner: Mayor's Response is SHOCKING
XNGmqv_b6Ew LOL: Tom Hanks' BASED Son Gives EPIC Rant
XNktbSBBcjA The Sacred Feast of “Juneteenth” | Ep. 786
XOS6315SnAQ Barack and the Terrible, Horrible, No Good, Very Bad Week | Ep. 154
XQA-PzNdIVs VIRAL: Terrifying AUSTRALIAN Lockdown Video
XQREe4aIXzY CAUGHT: Oregon School Gives LGBTQ Information to 9-Year-Old KIDS
XQT-kXSQek0 LOL: Protesters Cry Out For Police Help While Protesting the Police
XQl300vA668 LOL: Alyssa Milano's Halloween FAIL
XT_Rif0JHDE 'Mother!' Is A Thought-Provoking, Christian Movie
XUZPwWe6zJs Michael Rapaport’s VIRAL Robbery Meltdown In LIBERAL NY
XUowWGGe2kg Prep School Hosts MANDATORY PORN Workshop
XUqVcqvEgr0 WARNING: Woke Religion INFECTING The Church
XVIJNT_gWgE Biden Stumbles | Ep. 712
XVST7PnMDGw Tucker Carlson: Kyle Rittenhouse Supports BLM?
XVZRC8xag4M Michael DEBUNKS The Borat Rudy Giuliani Photo Controversy
XV_Gawt42Dw Talent On Loan From God | Ep. 703
XVeDRiFaAUs WATCH: Bill Maher Back To His LIB Ways With The Big Lie
XYVSgV880Y0 RANT: McEnany is 100% Right About Goodyear
XZJKk8WrekQ Much Ado About Nothing | The Michael Knowles Show Ep. 220
XZamilDDHaU Saying The Quiet Part Out Loud | Ep. 698
Xa61H3tpWYk Is Trump Being Wreckless On Trade?
XcV1AVNz8P8 The CHAZ Funniest Home Videos
Xe5IDl0wtuE LOL: Fatphobia is WHITE PEOPLE'S Fault
XiPdldJdCK8 Fauci’s Decisions Are More Political Than Scientific. Here’s Why.
XiwBmtw4mlw We're All Alex Jones Now | Ep. 396
Xk8E6kQ4iD4 LOL: Biden Says George Floyd Impact Martin Luther King Jr
XlQ1k6jpipQ The CIA and Taliban History EXPLAINED in 6 Minutes
XmXa9t0zb1M Joe Biden's Tofu Thanksgiving | Ep. 893
XoDN7Wjbobw LOL: Liberal Joins The Satanic Temple After Trump's SCOTUS Pick
XqKJm7BcVYw WuFlu Inc. | Ep. 743
Xx-ZsSClGno The Invisible Coup | Ep. 714
XxEdkZIzXRE What Will Be Trump’s Legacy? | Ep. 310
XxfYkG1dRis Free Kyle Rittenhouse | Ep. 882
Xy4cMxhQbDY \
Xz9G48VOZls WOW: Amazon Literally Allows You To Shop By RACE
Y0evML1OtYA What's REALLY Happening With The Georgia Recount
Y311eXcKWkE The Super Scary Omicron Variant! | Ep. 894
Y7hOYwb1W3U I Am A COVID Survivor | Ep. 913
Y8hMtOTa-lk KARMA: Rioter Accidentally Lights Himself on Fire
Y9J1XQE7rNs The Riots are NOT about George Floyd's Death
YBb5BcXcdpY Even LIBERAL Colleges REJECT the 1619 Project
YFnwcC0N8kE LOL: Lib Teacher Compares No Masks To School SHOOTING in Viral Meltdown
YHyolkHLwMI Word Association Game: LIB Edition #shorts
YIsR2kXrMiA Taking The Red Pill | Ep. 547
YIsciw_8GyU The Devil and Karl Marx | Satanic Poems and Rise of Marxism
YJGL9Skxo9E UNEARTHED Clip Shows Kids Pledging Allegiance To GAY Flag
YKdXa5X2Xck An Inconvenient Muslim Terror Attack  |  Ep. 923
YKhZDi4sFBs LOL: Greta Thunberg's Viral BLAH BLAH Chant
YKv1e3H7YcA COVID LUNACY On Full Display At Drive-Thru
YNflAAibbvQ WOW: Parents Opposing CRT Called TERRORISTS By FBI
YPnzF2lhtnw WATCH: Trump RIPS Covid Relief Bill
YV9vmTr53Ro Simone Biles Should NOT Be Praised for Quitting
YVFz69bdPEk LOL: \
YVQBCsNoknE This Day In History: King George III Died (Long Live The King)
YZkfvKuTuC8 SHOCKING Article: Should I ABORT my Baby and Lie to My Husband?
Ya5AXSqGFzk The American Fight | Gov. Scott Walker
YcWaCnlEpaY Face The Mob | Abortion Is Much Worse Than Slavery
Ydt7wYqBv0c WHAT? Public Library PAYS Kids For \
Yh2xf5RXTE4 LOL: Calling Out FAKE Conservatives
YhR-arpmKyM Fourth Trimester Abortion | Ep. 290
YiY4xjKo014 LOL: Leftist EMBARRASSES HIMSELF at Michael Knowles’ Q&A
YoBy1HxmunM WATCH: Maxine Waters' RANT May Have RUINED The Derek Chauvin Trail
YoWKQFZoLys MUST WATCH: The Democrat Party is a CULT Says Hollywood Actress
YpcXKImaq1U Weak: Biden 𠇋oycotts” 2022 Beijing Olympics
YqG04hMKSIc Segregation For Social Justice | Ep. 722
Yva3DHu_ozc The Most TIRED Biden Has EVER Been | BRACE YOURSELF
YvjHwJLZYPU Vacationing With The Taliban | Ep. 411
Z26c85cjW94 Bye Bye Bernie | Ep. 509
Z2F82EvejwY Biden Calls Ending State LOCKDOWNS early \
Z7BZupKJ4_Y Russia's Invasion of Ukraine Is Biden's Fault
Z8Impx8mn-k Should my Fiance and I abstain from SEX until marriage?
Z9slwQDx5nc The Least Racist People Ever | Ep. 896
ZAeSfL3qroE Killing Babies, Saving Murderers | Ep. 324
ZBVV1idqSdk RIDICULOUS: John Gruden CANCELED While Criminals Keep Playing
ZBaUR4pr9ZQ Anti-Police Radio Host Accidentally KILLS Cop
ZBs1hr0cbY0 New Poll Shows BLOODBATH For Democrats In November
ZD4lN3UpmgM Save Us, Florida Man! | Ep. 806
ZEEuDElUquY Patriots' Player Attacked for Supporting The American Revolution
ZEjbhcmSPaE Mayor Cheat Takes Iowa | Ep. 489
ZG_nOzPmMyE The Big Lie | Ep. 756
ZH5GX-xipsU BONUS | Jogging Has Always Excluded Black People
ZHZBM-P6pMQ SHOCKING: Topless Photo of Ellen (Elliot) Page PRAISED by Progressives
ZKRstfNdNS4 LOL: Epic Transgender Popeyes FREAKOUT
ZLz9pNhtUtM CLASSIC TRUMP Slaps Biden and Pelosi
ZMHmly4tZLY Trump is 100% Right NOT to Wear a Mask
ZQnoIKFpOY0 The Collapse Of The Civilized World |  Ep. 956
ZVTgWGEA6Fo The 2020 Campaign Trail Of Tears | Ep. 273
ZXOcLmOFG44 Knives At A Gunfight | Ep. 789
ZYaO-enHKSs Michael Knowles Joins Sean Spicer to Discuss Obama and Biden Troubles
ZYbGEiGz3nk WATCH: Christopher Columbus = Hitler According to Woke NBA Coach
ZYhsRQqQNiM Who Needs Republicans? | Ep. 573
ZYpyTjeCuHU Never Wrestle With A Pig | Ep. 791
ZZ0wXu9OHXQ Revenge Of The Squishes | Ep. 679
ZZ_l9-EbmRs YES, Some Democrats Did Leave Out \
Z_DrokGIrrs LOL: Joe Pulls Down His Mask to COUGH
Z_igXdyD3BU And The Oscar Goes To…The Leftist Narrative! | Ep. 303
ZaDuauc0gIg They're Trying To CANCEL Jesus Now!?
ZbeqDs_yspY The Transgender SINS of Halle Berry | Madeleine Kearns Discusses
Zc9V_WKbK9c Leftists Melting Down Over Christmas Songs
ZcN9opEkKj8 Beloved Christian Cathedral Converted to Mosque
ZeOtW7xKaX4 ZOOM Cat and Impeachment | Here are The Facts
ZeTjhricD_4 LOL: Watch The WORST Apology in Democrat History
ZeoeT6bF0-Q LOL: Viral TRANS Activist Explains REAL \
ZepBMaOwlLY DEBATE: Should Government Spending Be Increased? | Michael Knowles vs. Brian Tyler Cohen
Zh_ybKSi1N4 INSANE Vaccine Lady Doesn't Know What She's Talking About
ZjCwMMH1A48 Democrats Impeach Trump For Acting Like A Democrat | Ep. 421
ZmnS6-_FO4w No Country For Straight Men | Ep. 408
ZpCmBmhnbjg LOL: If You Say CUCK You're a White Supremacist According to a British TV Host
Zpjf_L-M9CE Ep. 88 - #MeToo Ends: Not With A Bang, But A Whimper
Zq-0xb4o8PM Trump Goes OFF on Lame Anti-Trump Comercial
Zq7eCrgWICk What I Saw In Baghwan’s Sex Cult ft. Bridget Phetasy | The Michael Knowles Show Ep. 148
ZqPI310fy44 WATCH: SF GAY Chorus CREEPY Song \
ZsBBHshvXrQ WATCH: Daily Wire Drops Trailer for Upcoming ORIGINAL Movie
ZsUo-JHVwwY Have Courage To Mock The RADICAL Left | Dr. Gad Saad
Ztxo08pmMf8 WATCH: Jesse Watters TRIGGERS Dr. Fauci Meltdown
Zyci_dwYcIU Bible Literacy For Dummies | Ep. 287
ZyoxctP5ldY WATCH: 17 States Join Texas in Voter Fraud Lawsuit
ZzRa-J1sjkI Donald Trump Isn't Exactly A Populist—He's A Traditionalist
ZzfnTo1sQBs SHOCKING: Olympic Qualifier Protests AMERICAN FLAG During Medal Ceremony
Zznk0Xhgppg Supreme Court \
_-N0MN7mo7E BREAKING NEWS: Supreme Court BLOCKS Biden’s Unconstitutional Vax Mandate
_1KdVQG9sNk WATCH: Pitbull's WARNING Against Communism and Pandemic Overreach
_3a0FaGvd5Y The Pledge To Take Down Our True Enemy |  Ep. 935
_42-ZQggnCE Dangerous To The Right People | Ep. 915
_4IEOnmBLNs Ep. 19 - Feminism: A Well-Heeled Farce
_4dxkUP3Bos The Term \
_5kD9YXgkfI AOC is a Crime Change Denier
_AJCne_SjB8 Masterpiece Cake Shop ATTACKED Again by Radical Leftists and Anti-Christians
_BsC0KCwxkQ Are Catholics Idolatrous Pagans?
_C0SEWzH3N8 Soccer Is A Symptom Of American Decline | Ep. 377
_CZ8ZSXZJYk Modern Love: Having Your Gay Son’s Baby | Ep. 325
_FZqrkII9xU Hypocrisy Is More Offensive Than Blackface | Ep. 418
_FoCT5kbOoQ Claps Not Laughs: Michelle Wolf And The Death Of Comedy | Ep. 147
_G0Ak3CkwTk MY PILLOW Guy Labeled a DANGER to Our Democracy by Liberal
_GXo4pphG5k Candace Owens DESTROYED PolitiFact Fact Checker
_IYL_ZqQ2FA REACTION To UNHINGED Ron Pearlman Videos
_LfBsfNZ8YI Knowles Reacts to CRINGE Fatphobia TikTok
_NYJ3_ObKqg The Moral Incoherence of Veganism | Ep. 263
_Ni5aK28ke0 WATCH: Psaki Has NO ANSWER For Tough Ukraine Question
_Nswdh4WQHE Trump Wins BIG with Black and Hispanic Voters
_OI8zbu2tM0 Smoking Weed And Criminalizing Truth |  Ep. 925
_RA6Hqb-cqc Michael Knowles REACTS to Hilarious TRUMP Moments
_XKU60aPTig The Bully Pulpit | Ep. 497
_YyXEs16p4c Can Trump Actually Deport Millions Of Illegals? | Ep. 367
__1uTCE_oTI Joe Biden EXCITEMENT Debate with Jessica Tarlov
___SCrGi0qE BLM Co-Founder CAUGHT: Spent MILLIONS on at Least 4 Homes!
_dSo8CnsLnU CAUGHT: Dr. OZ REFUSES To Answer Questions From Will Cain
_doFS3MInJA Woke NBC Edits Body Cam Footage to PUSH Agenda
_fS7cjKtJMQ Democrats’s Bulls**t Primary | Ep. 328
_gUFCEN50ss The Left Knows It’s Losing | Ep. 627
_itHDTapz90 It’s Mueller Time | Ep. 319
_kySzUup478 WATCH: AOC's Brain FREEZE Saying \
_oZapZBhHNA LOL: Watch Mitt Romney Relentlessly BOOED Off Stage
_pUXDX4RyqU WATCH: Black TikTok Girl's EPIC Explanation of GOD and The UNIVERSE
_rse_Cznck0 This Day In History: The Roman Empire Began
_sH0tQoIqyM Black Teens Burn Disabled White Man to DEATH | Woke Media Silent
_soncTDl89I Woke Throuple Lists Three Gay Dads on Birth Certificate (But Follow the Science)
_v6-GYiDvDo Is The GOP The Party Of White Men? | The Michael Knowles Show Ep. 262
_vnoClFeCRk The SCIENCE! Media Suggests Wearing 3 MASKS at Once
_wb7OGh2cig Dear Michael: Are THREESOMES Okay?
a0bkzcix0cs This Day In History: The Reagan Doctrine, Then And Now
a2-s-qMG7ZQ HORRIFIC Asian Hate Crime ATTACKS In NY
a3CGwqDdweo Suspect  FOUND After Stabbing UCLA Girl To DEATH
a3u3Hu61SvA Caitlyn Jenner May RUN for Office
a4cQ6WjQIMY Veteran GOES OFF On Biden-Simping MSNBC Host
aA_RT0xBTv4 Trump Was Right! It’s An Invasion | Ep. 255
aDqH1wO4P8o The Best War Ever | Ep. 475
aGwCZIIZd38 EPIC: The Best Speech of the RNC (Day 1)
aHdJRORtVc8 Ep. 74 - The Russians Hacked Alabama
aIPG15uck50 VIRAL TikTok: DECLARES She is a MAN
aIy36S3wJVM WOW: The State Department PRAISES Pronouns Day
aIyBagqQ1NA The Dictatorship Of The Experts | Ep. 515
aK3dRt4qLCo VIRAL: Flood of CRIMINALS Ransack San Fran Store in BROAD DAYLIGHT
aO7CVPLPehI WATCH: Black Activists Claim ALL WHITES Are RACIST
aOymN4JbTkk Jim Acosta’s Best Day Ever | The Michael Knowles Show Ep. 249
aQPa0LZDH84 Is It Wise To Doubt Epstein Story?
aTggdR2WzK4 The Visible Fist Of The 𠇏ree Market” | Ep. 689
aYsQm_7N7-8 Running To Win vs. Running Not To Lose | The Michael Knowles Show Ep. 239
aYuKE_OsdTQ WOW: LA Time Columnist PUSHES for Gun Owner REGISTRY
aYubYKqKCP4 WATCH: Fox News CUTS OFF Kayleigh McEnany
a_4JJolAGlo Boyz To Men: DeNiro, Trudeau, Trump | The Michael Knowles Show Ep. 165
ahfGCdScAc0 Unite The Right, Not The Wrong: Alt-Right's Bad Religion | The Michael Knowles Show Ep. 9
ajN7d6cQYTI Literal Battleground States | Ep. 604
aloEVCWpEAs Doctor? I Hardly Know 𠆎r! | Ep. 663
amoDVhvTK88 Travis Scott: Alleged Satanist Claims \
apF_sOkMpnQ CREEPY: Microsoft Video Sends CHILLS Down Your Spine
apfU9jEYE7A Did a Reporter Call the VALKYRIE McEnany a ‘Lying B***h?'
arTD2_0tBSU Woke Celebrity TikTok: George Lopez's Unbearably Tone-Deaf Video
aswkEp3D05o SHOCKING Testimony: Voting Dump Went 99.4% for Joe Biden
ayTOgCDtvQU TRIGGERED: Major Company Tells WOKE Employees to Suck it Up
az8Bkvf-rV0 More Students Are Now Gaming The SATs
azcZI1K9vZU TrUmP eRoDeS tRuSt In OuR iNsTiTuTiOnS! | Ep. 407
b-3urgEP_mE Parents FORCED Into Ankle Bracelets After New QUARANTINE Order
b25lgX1WtNE Michael REACTS to “SNOWFLAKES” Music Video
b71GijIeh3k The Smoke-And-Mirrors Left | The Michael Knowles Show Ep. 167
b7ilQxLxBz0 RED-PILLED: Tulsi Gabbard SLAMS Leftist Swamp and Big Tech Censorship
b8K9LcmNYew Michelle Obama's GROSS Comments About \
b9SCAR9lc-g LOL: Nancy Pelosi MELTDOWN On CNN
bAMXqxBkeLU SEX: The UK Announces Coronavirus Intimacy Rules
bGWPFSQHCUo WATCH: Juneteenth Crowd TWERKS On Active Ambulance, Slowing Rescue
bGetL4Q0pHs Ep. 46 - The Democrats Colluded With Russia
bGvukQcD02E Guy Finds SHRIMP Tails in His Cinnamon Toast Crunch
bHqB5xJfvBk WOW: Larry Elder Labeled 𠇋LACK FACE”
bKf9CBOY578 WATCH: Democrat Gets Destroyed for Attempting to SUE Nuns
bMxFsUg1kMQ Michael REACTS to Kanye West Featuring a CHURCH at Listening Party
bNQn7n14kLA Tiger King Country | Ep. 711
bNWFABU4TaM WOW: Canadian Official CHUCKLES About Punishing The TRUCKERS
bO_1-Zdzju4 AOC: Hilarious Haters Just Want To DATE Me Tweet
bRIMEth9cNU VIRAL: Mother's EPIC Speech Destroys Liberal Narrative
bSETRILCorE NEW RANT: Nicki Minaj Puts CHINA and the LEFT On BLAST
bU8U1ww0rRM Make Plush Toys Great Again | The Michael Knowles Show Ep. 251
bUoomJUF_Jg LOL: Demi Levato'sਊwkward \
bW5yWqWTYzI The Comeback Kids | Ep. 488
bZdzp_HUVZ4 \
bbwS9revIqU Minnesota Citizens TURN on BLM
bczmddLCdpc Extremely RACIST New Showtime Series TRASHES White People
bd2VcFbQYDM Swamp FAIL: Pelosi Calls to End \
bd3YxOcHnIw Joy Reid's \
bdhbWFrSMsM WATCH: Woke Teacher TRICKS Kids Into ANTI-WHITE Lessons
be4DXywRco8 We’re All Going To Die | Ep. 510
beH-p1pAac4 The Left Is Moving Further Left | Ep. 276
benAkMgqDj4 Real Institutional Oppression | Ep. 560
bjhMwkO56gw PROOF: Karen's OVERWHELMINGLY Vote for Joe Biden
bk-HPsbILGQ Michael Knowles Was 100% RIGHT About The Biden Laptop Coverup
blbpF1fpmQU Ep. 68 - The Consensus Is Always Wrong
bo_FfLk3sK8 Biden’s Next Diversity Hire |  Ep. 931
bqR1tQDZkDc We Were Right About Everything | Ep. 777
bsHHtWDduAg Spiritual Wickedness In High Places | The Michael Knowles Show Ep. 207
bsV6EHHvR8U WATCH: Epic 4th Grade Girl EXPOSES Gender Identity FORCED on Kids
bt8RzFJP94s SHOCKING: Yelp Allows Users to LABEL Restaurants for \
bu6tTsnY874 LOL: Cast Silent After China Bans LESBIANS From FRIENDS
buW2D7M6iNY 7 Lessons From Alabama
by28P39R7l4 Ep. 98 - Feminism Ruined Women (And Everything Else) ft. Faith Moore
byLMzo7JUoQ Slipping The Surly Bonds Of Earth | Ep. 810
c15zfdsa2bY Democrat Leader Jerry Nadler DENIES Antifa Exists
c1ty8_thNxg LOL: Comedian Dana Carvey MOCKS Dr. Fauci
c3Rs3bLWlt8 Black Mass SHOOTER Injures 14 | WOKE Media Silence
c5pe3t7l27U LOL: Triggered Woman Crashes Car Flipping Off TRUMP Supporters
c6wJAtsyPOY Chapelle's HILARIOUS Demands For TRANS Community
c8_Y-orI7HU WATCH: LIB Teacher SCREAMS at Trump Supporters | Viral Video
cDuKDg9I4RY VIRAL: Cop Who MOCKED LeBron Was Suspended and Now Speaks Out
cE6H4-qA2h0 Leftist Change CHAZ to CHOP to Get Welfare Checks
cFXJDgFMSlk LEAK: Did Biden Pick Kamala Harris?
cGEIftWhq9U Terrifying Food Shortages Coming Thanks To Biden
cICuoedHSzc Do LIBS Even Lift?
cIMsRKID6WU Bill Gates Says Lockdown 4-6 MORE MONTHS
cIa7NS3cvV8 WHAT? Transgender Prostitute Shown to Middle Schoolers
cMiM_doxFmg Article Attacks Traditional Relationships, Deems it \
cOJiu07UnKE WATCH: John Cena Go FULL SIMP For Chinese COMMUNIST Party
cOp181F0IVI Michael REACTS to “There Is No “I” in Threesome\
cSmVHuIR5HY Pregnant Florida Woman Has FOUR Boyfriends
cTPQO16ApQo It's Do Or Die Time For Border Wall
cUoslk08nT8 YES or NO | Ben Davies Spills Michael Knowles Show SECRETS
cZWSpsvvAD0 This Is Biden’s Fault |  Ep. 950
c_DbekbQxh4 The Cynical Attack On Joe Biden | Ep. 323
caFUWEAbs68 Racial SLUR Yelled at White NBA Player - Media Silent
cb6AWmk-tpk Democracy Without The People | Ep. 683
cdMgBM-2UJM Talking Turkey At Thanksgiving | Ep. 457
cezJpR2prRM The War On Advent | Ep. 261
cfBuR9IquyQ SOS: They are Coming for Pepé Le Pew!
cfTyljWTsBM Female CNN Host Caught in CRT Lie and Left SPEECHLESS
cfo3ZMsIpK4 Ep. 35 - RIP, Hef: The Playboy Philosophy — plus, Mailbag!
cfyMsDjIJ5I Why AOC Is Wrong About Gender, Patriarchy, And Everything Else | Ep. 379
cgBTNm0pJkE When Culture Is Downstream Of Politics | Ep. 741
chkA5e1i1Y0 They Can Do Anything | Ep. 655
chzoAM62ddo Smart People, Frivolous Press | The Michael Knowles Show Ep. 199
cq-JUgwe7fU Killing An Elephant
crjakVeibKw Trump Single Handedly Destroys Fake News Media
csB8upJl6xA INSANE: Multiple Companies ATTACK and BAN President Trump
csN0ncCfnw0 The End Of Feminism | Ep. 256
ct06R0Fxwsg Bernie’s Pervy Revolution | Ep. 501
cuTVoszqQVo Know-Nothin’ Country | Ep. 733
curcHYKdYxI How I Got Suspended From Twitter | The Michael Knowles Show Ep. 246
cvavOLMxcE4 SHOCKING Leftist ATTACKS on Amy Coney Barrett
cxAhidTBviw AOC and Tlaib MELTDOWN On The House Floor
cxZLnfAvX2c LOL: Watch Hilarious WNBA Parade With NO FANS
cxzjrfEPcAo Ep. 83 - Terrible Performances, Oprah To Jake Tapper
cygVaccITrk Trans Satanists V. God's Gift Of Life | Ep. 897
czeI0Sj2-0k More Black Babies Are Aborted Than Born: March For Life 2018
d-lXN94Szh4 LOL: DUMBEST \
d0Chn3HQ0K4 The End of Debate | Ep. 726
d1NiTF5dKxY The Case For The Death Penalty | Ep. 242
d3OU8lUfLeo LGBTQ: Burger King TAKES SHOTS at Christians and Chick-Fil-A
d4gwl_rHKQ8 SHOCKING Corporate Disney LEAKED Video
d7-qzqW46-c Facts Are Against Their Community Guidelines  | Ep. 855
d747yL8wiHk Ep. 185 - Those Who Don’t Read Bad Philosophy Are Doomed To Repeat It
dDP_lgxQ0E0 Georgia On My Mind | Ep. 658
dEa8mSOXrl4 MUST WATCH: Kyle Rittenhouse Witnesses HUMILIATES Prosecutor
dG9bRDSWGIQ Ep. 40 - Ideologies Are Parasites ft. Jordan B. Peterson
dHzbaOOfyzs WATCH: Michael Knowles REACT to Cringe FAUCI Documentary
dIlXdbyuw38 Transgender Study SHOCKS Radical LEFTISTS
dJhqniwccnQ WOW: Satanic Temple Teams Up With LIBS to Fight Pro-Life Law
dN_7EsCMDOI So About Those Biolabs In Ukraine… |  Ep. 960
dNajBcPFm2w How Every Dystopian Horror Film Starts | Ep. 909
dNkHJZyhsCE WHAT? Fox New Christmas Tree LIT ON FIRE
dOPaYaGxuec REACTION:  YouTube Announces New Content Rules
dOvtPDiLMQM WATCH: Cruz EXPOSES Biden Gun Control Official's REAL Agenda
dPFcy2r0ZSU This Person Is a HORRIBLE Parent
dRC-eBXL2Sc The Tinfoil Hat-Trick | Ep. 584
dT2n0vYjUFc WATCH: Kermit Helps INDOCTRINATE Kids with DRAG QUEEN
dTaRGT-6jw0 The Morality Problem | Ep. 718
dTiU4o9k2f4 WATCH: Biden & Fauci’s DESPERATE YouTube Collaboration
dX0Qpbn7Q9c \
dXj1adKpyqY AOC Hints at Leaving Politics... Sad
daeNt2nyZvU Trump’s Team Goes For The Jugular | Ep. 485
dbSePIrf06s SICK: LIB Mom LOCKED Child Up Until VACCINATED
dd10pLP-Fnc LOL: Random New Yorkers Yell \
dddPTm41XQ0 \
dmBNtfA0iMQ LOL: Woke Prime Minister Caught in BLACK FACE Again!
dmL0NevLZW0 This Election EXPOSED the Failures of Legacy Media
dnM5gnI2o9I Biden Forgets His Cognitive Decline | Ep. 593
doowAlOoFU0 Everything You Need To Know About Election Day 2017
dpO9Zgt1xPE Our Post-Christian Society | Ep. 335
dptTzEgOdiA Washed-Up Psychos | Ep. 360
duuMg33JZE4 LOL: FBI Thinks LEGO Set Is To BLAME For Capitol \
dvwZUg6kMi4 Trans Radicals Make War In Kids’ Minds & Supply The Bullets |  Ep. 978
dwAFtdJt8jk Mobocracy | Ep. 758
dx7At09CBkY Ep. 76 - The Best Words: Trump vs. PC at the CDC
dxaEv4XMqYA My COVID Survival Story | Michael Knowles
dzH15PjRD-M The MASKED SINGER Reaction: Michael Knowles Tries to GUESS!
dzOX3J2JiUc Fauci Unchained | Ep. 684
e00hHcWEhxs ADVICE: Women Only Dating TALL Men
e0EyAWvQIk0 WATCH: Caitlyn \
e0FwBi1FeWA SHOCKING: $15,600  to Each \
e2AtVGRpJnU Ep. 178 - Freedom’s Heroes ft. Ji Seong-Ho
e41yymZ4ZpM Why Aren’t Millennials Growing Up? | Ep. 352
e71D26GjRDY Kindergarten Teacher \
e7u-8WA2kcY List of SQUISHES: These are The Republicans Who Voted to Impeach TRUMP
e8EDIeoY-DA Florida Man Takes On The Woke Enemy | Ep. 907
e8TXvr_Q27U Try to Guess What This Woke Commercial Is Selling
e9LA5CfW5B0 A Confederacy Of Dunces | Ep. 723
eE1MTV6FYPM The Virtue of Restraint | Ep. 717
eHQJud_24iI Ep. 86 - Obama’s Virtual Library and Legacy
eITMuKIQTC0 LIBS: \
eIivSqZ3bm0 Pretty Fly (For A White Guy) | Ep. 297
eJkQ9PsvHI0 WOW: Facebook ADMITS Elites Don’t Have To Follow The Rules
eJrVnQfPHsk Live From the Cesspool | Ep. 395
eN_q5GvFi6c The Left Makes Trump Look Polite | Ep. 267
eOWqlFiDdts CNN Compares Capital Riot to the Rwandan Genocide
eQA6Hlg5u5Y Democrats CANCEL New Year's Eve?
eRAPhaW1gWA Expel Kamala | Ep. 678
eRKDn-Audso CRINGE: TONE DEAF Democrats Break Into SONG
eRMeN44ddj0 Trump Takes The Lead | Ep. 613
eSnqC5bsC3M EVERYTHING IS WORSE ON TV | ft. Red Pill Black, Paul Bois, Jacob Airey Ep. 28
eU5SWa9aFhI AOC or Schwarzenegger: Who Made the DUMBEST Comment?
eWKk0hRK6f0 School Approves Flying BLM and American Flag On Campus
eXrmbPKw_YI WOKE School Forces KIDS To Chant To Aztec DEMON gods
eZ2_uZUbfRg SHOCKING: Pride Photo Wins Award and Features CHILD With Dominatrix Men
eZAOTnD7DVs Trans Ukraine Or Die |  Ep. 954
e_VVY73zzmI Trump On Election Results: ‘We Will Be Going To The U.S. Supreme Court’
eaDNDnH-NvM ‘Gender Fluid’ Toddler? Send Zer To Trans Camp! | The Michael Knowles Show Ep.7
eb4Z3ggyFCQ What Does It Mean to Be a Conservative? (w/@Ben Shapiro)
ebuWoeJlrZ8 WATCH: Cory Booker FAILS To Trap Nominee In Anti-Trump Lies
ecnbZcclXQY The Personal Is Political | Ep. 836
eeaMxTSfqG8 And The Award For Best Week Goes To...! | Ep. 492
efbiuMjA4Po FAKE NEWS: The Phoenix Police Shoot Man in Parked Car
eh1P5q0DbYs America Needs More Guns
eh3JQxf-8g0 Below The Belt | The Michael Knowles Show Ep. 219
eh4tLXSscAs Best Biden GAFFES Discussed in 2020 | The Michael Knowles Show COMPILATION
ei_msL9rTrk WATCH: AOC Says Latinos are Black
eibvsW4PINg Racists, Rapists, and Murderers | Ep. 551
eivZafe_2h0 Fox News CATFIGHT
elBH6YQTMyo REACTION:  Michigan State Representative THREATENS Trump supporters
emqHDKPTaYw KARMA: Coach Leads Entire Team in Kneeling for Anthem - They LOSE
etaCARFBVpE CO Shooter was NOT a \
evlQoharLY8 In LEFTIST Chicago, 1 in 5 Test Positive In Ongoing Study
evpXDv6Ilvg WATCH: Beautiful Woman REMOVED Breasts Now REGRETS Trans Surgery
ew8tBQPmA84 SHOCKING: PBS Pushes DRAG QUEEN Story Hour for KIDS
ez8u8dOqzIs Vote Count Irregularities and Orwellian Media LIES | Dinesh D'Souza
ezXyEHZebyM SHOCKING: 43 People Shot & RADICAL Mayor Blames White RACISM
eztLko_ixOw I Was ATTACKED By a KAREN
f-fdU_kmn_0 LOL: Biden FREAKS Over a Handgun With 40 Rounds
f2YlFQk1NM4 Will Trump's Baltimore Battle Actually Help Him?
f3cF9YnWATg What Ruth Would Have Wanted | Ep. 615
f4Qhlos7AuY Fly Your Own Airplanes, You Tyrants | Ep. 861
f6qiDOT8MZw Save The Planet: Don’t Recycle | Ep. 401
f7f5PQ4WSF4 Has Biden Already Won? | Ep. 351
f7ig8FM-0kc CAUGHT! Chicago Mayor's Leaked Audio Shows Why Liberal਌itiesਊre Failing
f8YB32rRqhw Always One Judge Away | Ep. 571
f9G88FUvXxw Kanye Vs. Skeet (Pete Davidson) ROUND 2
f9SJ4Hf0LEg LOL: White British Dude “TRANSITIONS” To KOREAN
fDvB_mHKiC8 Epic Troll: Reddit User Buys GameStop Billboard in Time Square for the LOLZ
fIPzzM-JdTI Ep. 96 - Amnesty For 3.6 Million? Keep Dreaming
fIbd0DdxNOQ The Emptiness Of #WomensMarch2018
fLe5_W1i0Ew WATCH: Woke Official FROZE Explaining \
fMjjY0jwA-s Head Coach FORCED to Apologize for OANN Shirt in Family Photo
fPmKnj5BwnM The Racial Caste System | Ep. 776
fPuUW_EZbh0 AOC Praises PORN and Sex Work
fQNuzUVJz2U The Left Should Be Ashamed Of Itself | Ep. 393
fQ_qxCIHeZs Hindsight Is 2020 | Ep. 523
fQkBKjAQ9FI Real Virus, Fake News | Ep. 622
fQv4L3pKC_w FBI Involvement on jAnUaRy 6th & Addressing Ted Cruz Controversy
fT5HiLnv2rg EXPLOSIVE: Illegal Ballot Counting Caught on Tape!
fUCUEmKi-18 WATCH: The Left's WAR on Thanksgiving
fUlWFGajGZ8 The Pro-Life President | Ep. 483
fVJXCmx5aL0 Rewrite The Past, Control The Future | Ep. 574
fZyWpcJeXjY How To Stay Calm In Times Like These
f_ejwTC7HgQ Join the Debate: Abortion Is Much Worse Than Slavery
fccit_fePk8 Why We Need You to Join the Fight
fdaDAwR69-Q LOL: Cenk Uygur FREAKS OUT on Airline Employees
ffRWhqNWs2E Being A Democrat Means Never Having To Say You're Sorry
fgDPInEtIj0 The Great Purple Puddle | The Michael Knowles Show Ep. 248
fgZ5_xyZwUU Everyone Lost The Debate | Ep. 478
fiIl8iFoSbw How To Steal An Election | Ep. 641
fifO4BUjIRI Gomorrah-By-The-Sea Goes Down In Flames | Ep. 761
fjfB1wHPFmk Dear Michael: \
fkuTwLCVtQE LOL: Biden Suggests Black People Can't Use the Internet
flRq9nYZw9A AOC Attacks Literal Saints
fnr-2NE0G0M VIDEO: This is THE WORST Anti-Trump Commercial... So Far
fojPrZFZeQ0 Joe Biden Quotes COMMUNIST Dictator Mao
fr0vEN0vkhw Bill Barr | TRUMP'S Plan for ACTION on Riots and Tearing Down Statues
frkP0XNQN-Q WHAT? Viral Pastor Rubs Caughed Up SPIT On Dudes Face
fscI-PDBLb4 MLB Goes GAY... For Pride Month
fseKo344QEA Lib Teachers of TikTok | Michael Knowles CANCELS Woke Teachers
fyjhXceCgnQ Sodom By The Sea | Ep. 610
fzEsQo849NU Explained: Black History Month Makes No Sense
g068DAVI3lI Trump’s Eerie Ability To Predict The Future | The Michael Knowles Show Ep. 161
g0BzJgZD-BM The Media's Secret GRIP on POWER | Tim Pool
g0IXK7bQ8pA WATCH: Rand Paul SMACKS DOWN Dr. Fauci
g1hFLchnUF8 LOL: DeSantis Master TROLLS With the WOKE ACT
g2n_zmwwMTg Do I Need to Dress SEXY For Guys To Notice Me?
g2uN0KauwwA Ep. 44 - Fake News Is Fake News ft. Andy Millennial
g2zVrKYBvNs Nurse FIRED After Exposing a School Helping TRANS 11-Year-Olds
g3Ib6SiFxP0 Defund The Thought Police | Ep. 649
g4FBVKRP5FA Michael Knowles REACTS to The Super Bowl with Clay Travis
g4NmguuDj5U WATCH: More Strange RACISM From Joy Reid
g5OOyxRInuM Mass Delusion | Ep. 695
g5UC8QQfeHk Yes, Babies Are Transphobic
g7JCZyueWCA WATCH: Joe Biden's Latest Hilarious GAFFE
g8fIm0poX3E The INSANE 2nd Trump Impeachment: Democrats Passively Admit it's Bunk
g9cNrFgG8qc AWESOME: Terry Crews EXPOSES Porn for What It is
gGhEg0jsTww Democrats Embrace Crisis | Ep. 372
gHEm5Lf8cAI Rep. Jim Jordan | Republicans Who Do What They Say They Will Do
gHsTTOcmg1c PAINFUL: Knowles AGREES with AOC
gJ0Nzch5mI4 Be More Like The Brave Anti-Mask Girl  | Ep. 886
gK3UIJ7dCdY Professor: Whites Are putized” For EVIL
gLc5hJGTfV8 Ep. 189 -There Is No Such Thing As mocratic Socialism”
gOBGqnxUFSw They’re Turning The Frickin’ Penguins Gay | Ep. 413
gPucd0UIdEs Michael REACTS to Joe Biden Embarrassing Address
gSBjcnn3k0w The M-Word | Ep. 567
gSJjLQQV1hQ What Happened to Liz Wheeler?
gT0ZQdWBdmk Don’t Be “True To You” | Ep. 782
gTsfOnvtDU0 Brett Kavanaugh Cures Alzheimer’s | The Michael Knowles Show Ep. 222
gUuojhylc-E WHAT? Arguably the WORST Governor In America Wins an EMMY
gVxg7hpv4Bc Tell Democrats Child Sacrifice Is Still Evil | Ep. 851
gcdJQrAmOp0 UNCUT: Charlie Kirk and Michael Knowles
gd5K1NRAhXU The World REACTS To Elon Winning TIME Person Of The Year
gdofFXpBQW0 RUTHLESS Murder of Youth Ministers | Leftist Condemns The Punishment For Killer
gg5gAVdih3U RED ALERT! George Floyd Statue VANDALIZED
gigTxn3nxrg So This Is How Liberty Dies? | Ep. 840
giwcH01EXVI Sarah Silverman & Bill Maher SHOCKED Leftists
glHpJmRd31c Your Right To Self-Defense Is On Trial   | Ep. 884
glQo4IAtIdc Megan McCain Pushes for Impeaching \
goJw1p6zbxo Alternative Universes | Ep. 647
gs2eqJGPFGk The Frogs Are Only Going To Get Gayer | The Michael Knowles Show Ep. 197
gt2Nh_9g_2U Fraud, Facts, And Fake News | Ep. 643
gusOl75jh5w KNOWLES' Dating Advice: Romeo & (not a) JEW-liet
gv_u442OE9E WATCH: McConaughey's \
gw2BrT1RWm4 Pocahontas Admits She’s 99.9% White | The Michael Knowles Show Ep. 234
gyV_FiMqKb4 Sweden Proves Lockdowns Wrong
h31GpGjNC4c The Left NEEDS Racism
h40-eP_cA2Q LOL: Watch RACIST Lecture on Critical Race Theory to White Crowd
h7qkMhYU808 Sanitizing The Narrative | Ep. 535
hBg29DDzFVM Democrats Burn Another City | Ep. 603
hFWRaZy4IP4 Hilarious SEXUALITY Term Challenge | Try To Guess 50%!
hHRMpDeisKs REALLY? Obama Uses Funeral To Attack Republicans
hINzlPznzhA Defund The Police Advocate BLAMES POLICE For Crime Surge
hIl8oRz5Ma8 We Honor The Fallen In The Fight For Freedom | Kirk Cameron
hJ1IXTYSjcA Thug Life:਌larence Thomas
hJLqi08UaAg SHOCKING: Seattle Governor LAUGHS Off Criminal Takeovers in the City
hJhSh-UpEW0 Why AOC Is Wrong About Everything | Ep. 311
hKn4lDkmmyg DON'T LOOK! Biased Media Ignores Georgia's Successful Reopening
hL5-AEwDqTg Young Priest EDUCATES Ignorant WOKE Mob
hL6Fy3cTFVQ Knowles’ HOT TAKE: No Anime Pillows
hQjXCNWzZb8 Oh No: Minnie Mouse Now Looks Like Frumpy LESBIAN
hRcwVpFD_V0 DISGUSTING Comedian Jokes Abortions Makes Her \
hRwYIB7aLWo FAIL: Olivia Rodrigo Claims All POPSTARS Were WHITE
hSF0Cj2uUgI SAVE THIS: Embarrassing Kamala Harris FAIL
hSVarWpi9bs Boy Scouts ENDED: First GIRL Eagle Scouts Graduate
hSsxLb6Wtgo Keep Trump Tweeting
hTLjQLq11WE BLM Activist Threatens \
hTMJUY1-z4M The Democrats Have Nothing | Ep. 455
hZhezH3WOrk Ep. 34 - Is Trump Playing 4-D Football?
h_5AcTCJGjw A Crack Pipe A Day Keeps The Racism Away |  Ep. 940
h_F5yBPpmSg AGGRESSIVE TikToker Explains Pansexuality
hcOxlYqPmbg Trump SHUTS DOWN Race Baiting Question
hdMUOI-Z6xM Trans-America | Ep. 651
hdWhORFvSjI Ep. 43 - President Trump at #War
he2V8xBWjaw I Don’t Believe Her | The Michael Knowles Show Ep. 225
heP6BCIVgpE Abby Johnson's MIC DROP Speech
hegXPEYSVIo Nationalism: From D.C. To Jerusalem | The Michael Knowles Show Ep. 157
hepzfeFle68 How Will the Riots Affect Trump's Reelection Chances?
hfPxYX5vb-M WATCH: Santa Is GAY In CRINGE New Commercial
hhdY29koshQ The Conservative Case for Hooters BOOTY Shorts
hk6fewcnmN4 Make Iran Great Again | Ep. 476
hk73ATDJbJY SHOCKING: Mocking Anti-Vaxxer Deaths Encouraged By Acclaimed Liberal
hkXgeC5wlKA The Establishment Always Wins | Ep. 506
hl3AFVkxqhw Pillow Showdown: \
hlu4FgtH6qI BLM: COMMIES In Disguise
hmH4bJQyrCU WOW: The Perfect FAKE NEWS Headline Explained
hnORf4PCtOY The VIEW Cuts Segment When Guest Quotes FACTS
hntcl2wxRjU Biden Flops On Beijing Olympics | Ep. 900
ho8AU4o5U_s Dr. Rachel Levine CONFIRMED in Biden Administration
hpnWy4L0UWs Make-Believe Martyrs | Ep. 586
hrctr_iIiQY VIDEO: Cop Stands His Ground Against Lockdowns
hu7OqM1ScNc A Nation Of Neurotics | Ep. 740
hue8m76jjuI Say Their Names | Ep. 570
hv72W-K1lDU Should REPUBLICANS Boycott Airlines Over Politics?
hvqBAktedgE No Longer Gay?
hxX7U7bWVeM The Next Crusade | Ep. 594
hyIlIbeEUX0 Liberals Want Women to FIGHT our WARS With INSANE New Plan
i0-zpetAbTI The Memes Of Production | Ep. 587
i1gRefkd-j0 AOC: Like, Less Jails = Less People in Jail
i3P5tTmFI5I John McAfee \
i3g4GQ0Jl-8 Mitt Romney Has Always Been Awful | Ep. 491
i5uGdqKEyUk She Groped Me
i6YhHkzr5zg How Did Pride Become A Virtue? | Ep. 358
i8zw1fpPTI0 The Rich Get Richer | Ep. 669
iCx-HNM-6qU Democrat Gov. SMEARS Protesters as Nazis
iEMiTNZgzzI Jimmy Fallon was NOT Doing Black-Face
iEpynh8uxPY WATCH: Hispanic Trump Supporter Asks White Liberal For Reparations
iFEhJTF9QJ0 WATCH: Psaki Give EXCUSES For LOOTING Epidemic
iFFTrUcb0YI WATCH: Cop ALLOWS BLACK Guy To Shoplift
iFxysjQ1sp0 The Inevitable Impeachment | Ep. 463
iGTDN28Pcc4 Did Rush Limbaugh Call Kamala a... \
iHF28NYzjxw Watch This CRAZY Woke Ice Cream Commercial
iHmJYP2AIqw Don’t Mess With Texas | Ep. 662
iInKACvY3_U Two Different Worlds | The Michael Knowles Show Ep. 257
iItj0WwNNXg The Permanent State | Ep. 648
iL1Ls1wmgLs The New Clown World Order | Ep. 881
iM2lpdKrr-w LOL: Dem Senator Throws TANTRUM Over Republican Not Wearing a Mask
iO6Divggdzw AOC's Epic Rant Blames WHITE PRIVILEGE for Everything
iOMitblw-3I Ep. 41 - The NYT Is Trash: An Historical Retrospective
iOZ1yBxfBaU Jordan Peterson | Chaos, God, and Alcohol
iOpiSZgZavk Liberal Slam Poetry DESTROYS Putin's Invasion!
iUiZNfyhLBQ Michael CANCELES \
iVa9BX4ekHs Why The Left Never Says Sorry | Ep. 487
iXKVo02_LUM CAUGHT: Hunter Biden DROPS The N-Word
iZ8unxBUAbU LOL: Dead Cat Receives Mail-In Vote Ballot
i_thO1ziT7U Ep. 67 - Christmas Comes Early! Tax Cuts
ia5gP3zCoBg Ep. 177 - Why The F*** Is Everybody So F***in’ Profane?
id7tAmH6YZ0 WATCH: Unvaccinated People = DRUNK DRIVERS According to Lib Governor
ieDAYLKO-S0 Glorious ACB | Ep. 618
ij-C0lh5qQ4 WATCH: Insane RACIST Interview Handled Perfectly by White Guest
ilP9XA9IxfY Would YOU Rather | with Amala Ekpunobi
ilh3TIXBCE8 Biden’s INCOMPETENT Gaffe Is JUST SAD
in8uEf5eTI8 UNBELIEVABLE: CNN Defends Criminals Destroying Cities
inJMyFzNgQE LOVE IN THE TIME OF MAGA ft. Roaming Millennial | Ep. 29
ipKKTFPVXY4 BLACK Woman FAKES Sob Story on CNN For MONEY
ipXwEYG8TRE USA Skier Chose To Represent CHINA In Olympics | Fine, STAY There
iph0rh8qylw ANTI-WHITE Racism from Democrat Darling Ilhan Omar
iqmidi9nuOY Michael REACTS to Feminist Pro-Vax TikTok MELTDOWNS
irMLYaSQPjs Ep. 58 - Dems Grill Sessions On Russia: Do You Still Beat Your Wife?
irc5SuWu454 Don't Mess With Truckers  |  Ep. 934
is0_qO0LOh8 Governor Moves to BAN Down Syndrome Abortions
ixpnCQekMTE Male Feminist FLAUNTS Pro-Abortion T-Shirt for SAG Awards
iyYQLHRUz88 Bill Burr TRIGGERS Feminists and RACE Hustlers in Hilarious Fashion
izu1s0_s6xQ Kim Kardashian and Kanye West BREAK the Culture's Heart
j0tyP9egY04 Indoctrination 101: Conservative Teachers Censored | Ep. 286
j2o5ADnBW5U WATCH: Sesame Street TARGETS KIDS To Get The Vaccine
j5qZgiGLLwY CRINGE: Prince Harry's Hostage Looking Video
j7e77Bv797U Trump's Crystal Ball | Ep. 391
jAJYTBWQ64Q UPDATE: Cop Who Intended to Fire Taser
jB_J6j4XqwA Skyrocketing Numbers of Young LBGTQ Identifiers
jCBhXarmsDw Donald Trump, Jr. Talks Biden's MENTAL problems
jDBzPpMP0c4 TOXIC LOVE Advice | Reaction
jKp4DCdnrw0 WATCH: Squishy Republican Compares Drunk Driving to Not Wearing a Mask
jMGPxjlhHbg Comrade Bernie Suggests Big-Tech Should Control, NOT The Citizens or The Constitution.
jOwteON3uzI REDDIT Relationship Advice For LIBERALS | Michael Knowles
jPPF9Fdf_S4 WATCH: The Most Hilarious Anti-Trump Ad of 2020
jQ-welNSXrA Rioters And Arsonists For Peace | Ep. 617
jQVm7vtthoU 16-Year-Old Shot and Killed By A CHAZ Guard
jRK2D1eF-hY John Leguizamo Says Latinos for Trump \
jT_xVuZ6W4E WATCH: Creepy Montage BRAGGING on 4 Cent Drop in Gas
jV4eWSP7ock Candace Owens Explains Why You Should NEVER Apologize To Woke Mob
jXIgIHD2AHg Red Pilled Black Woman DESTROYS White Liberal
japM8ybSkJc Trump Is The Best President For Minorities Since Lincoln
jc5KjTrdmho LOL: VIRAL TikTok Finally EXPLAINS Non-Asexual and Aromantic
jc_joggxTL0 WHITE History Month and BLM's Marxist Lesbians | Jesse Lee Peterson
jd6kD_tanlU LOL: Charlie Kirk TRIGGERS Libs
jgGs0ycYrpA Don’t You Know There’s A War On? | Ep. 474
jgoPjZPKHdI The Fire Fauci Pledge Breaks Into Congress |  Ep. 941
jj75R73dFyY TOUGH Religious Question
jjS3K3pVAtQ THE SCIENCE! Double Masks is the New \
jln0tRKCQYA WOKE Santa Bans NERF Guns and Makes Boy Cry
jotQlaH6QAk TRUMP Triggers Libs Doing The \
jp-kKQSEruI Everybody’s Been Woked | Ep. 577
jp1tika-0pk Demi Lovato: “I’m SO FLUID”
jrGfmVcqDYA Where Does Evil Come From?
jxUyEi8BCQk VIRAL: Male-Feminist TikTok Debunked By Michael Knowles
k09xNXc8Nj4 White Rage Against The Machine | Ep. 794
k3VxzaPmcV8 WOW: Stephen Colbert Compares Trump Supporters to Taliban
k5ayH-XFJ7A Woke SJW's ATTACK Adele... Over a Swimsuit?
k8YfUysaUdg Final Thoughts | The Church of Climate Change
k8ztr7IG7Fc Democrats Have A Big Problem
k91W6vAWUqg The Euphemism Treadmill | Ep. 744
k9GyWTdv9jI Are The Tweets Working? | Ep. 389
kAYehOkwQyA 2021: The Year Of  Fake Winners | Ep. 903
kBgYHRO-G-E RACIST: CDC Suggests WHITE People Should Be Discriminated Against in Vaccine Distribution
kD8pqTx92gU SHOCK: Trans Athletes Have  Obvious \
kDBkLxxZLSk American Psychos | Ep. 537
kDCYxfIpC8A JEDI LIVES MATTER Hollywood's Hypocrisy EXPOSED | Megan Basham
kEE4YulpaQg Ep. 182 - The Deepest Bias In American History
kEKKrS61RW4 George Orwell’s Diversity University | The Michael Knowles Show Ep. 217
kFByfrh9JAQ Dixie Chicks & Lady Antebellum TRANSITION to The Chicks and Lady-A
kFGynqYTuEk WHAT? Alaska Government Assembly Invites SATANIST For Invocation
kG9v1rpY5B4 YES or NO | Real Answers and Real Drinks with MATT WALSH
kIcFqtP1Hto WOW: Trump CANCELS January 6th Rally
kJRSEE0LP-I Cry Me A River, Jim Acosta | The Michael Knowles Show Ep. 194
kNyEBTdGNW4 WHAT? Liberal Media Defends PEDOS
kOlVQR-GQQU Alternative Fact-Checking | Ep. 278
kTPycwA6tBc WHAT? Peloton CENSORS #LetsGoBrandon
kVW6vsrjmz0 “Our Democracy” or Their Oligarchy? | Ep. 773
kX99l6cpkZg Does this Make Joe Rogan BASED?
kcHlaRKSZtU Dr. Fauci Attempts to Dictate Church Practice
ke02RycnOLY The Rent Is Too Damn High | Ep. 522
kf3Hznvc9yE Yale vs. White Males | Ep. 779
kf41y0oy1iw Meghan Markle and Oprah: Rude and Racist NOT the Same
khk_TGcIhQk WATCH: Citizens ESCAPE From Australian COVID Camps
kieM31_5p4s Looting Gucci - COVID Made Me Do it | Ep. 898
kj5NKz6ZQQc CRINGE Super Bowl Ad Wants People To Never Grow Up
kk-yceZTvLo Woke PRIDE MONTH Commercials | Try To Guess!
kmL5iNH08wU Destruction For Us, Discos For Elites | Ep. 818
knuPoIvlBCU Free Speech Is So Rare, You Can't Even Buy It | The Michael Knowles Show Ep. 201
kpIPs8KzKso CRAZED Leftist Tries to Attack Michael Knowles
ksxEFSlMnig The Arizona RECOUNT Results
kt4SD8P-tXY TikTok Woman Doesn't Care If You Get Sick
kvNdC77Td3Y LOL: Demi Levato Would Date ALIENS \
kvgfNQWsZaM Donald Trump Is Tricking You
kxldmYZTfRQ Madeleine Kearns Discusses Landmark Transgender Case
ky_RuZiUHMo Are We Ever Going To Build The Wall? | Ep. 354
kzr-Jf9zBFs Happy George Floyd Day  |  Ep. 924
kzwktFr8Vt8 A Hulking Dude Is Not A Female Swimmer |  Ep. 967
l-l2-WJIOcU WHAT? Dr. Fauci CANCELS Christmas
l-u0UmQwcCk WATCH: Jen Psaki Gets DESTROYED By One Simple Question
l1y9C8UoK6s Playboy Thinks Men Areꂾtter Than Women  | Ep. 857
l2btCCSfipY INSANE: Pearl Harbor & 9/11???
l38u7AbaVV0 The Best Defense Is A Good Offense | The Michael Knowles Show Ep. 206
l516sKZkxKs Former Joe Rogan Guest BLASTS Dr. Fauci
l6z1GuaxzZg #ChallengeAccepted
l8pxat6XFFM The Democrats Have Nothing | Ep. 422
lA9PLYIb_WM Ep. 38 - Donald Trump, Traditionalist, or: What I Learned In The UK
lD2DcRWC1Qc WOKE \
lD3EPLKeVu4 TikTok: Preferring NON-FAT People Is Evil
lDzBEM-75Ts WATCH BEST Of Bernie LOVES Communism Compilation
lE97_NYeKmg WATCH: Hilarious Hecklers DESTROY Racist Al Sharpton Speech;
lErQEreUH5U DEMOCRAT: Jews Should NOT Wear Yamakas to limit HATE CRIMES
lFbxuZKU6P0 WATCH: The World Health Organization CONDEMNS Current \
lFqPIJTUSCI YALE Doctor: Homeschooling is BETTER Than Vaxx & Public School
lGfS0hOQrFo Biden Blames GAS PRICES and a Year Of FAILURE on Russia | MK
lJe-RbOW-nQ \
lK1bNpOTKWc Disgusting Viral Vid Tackles \
lN9Hav8TiQQ WATCH: Creepy TIKTOK Guy Wants to Speak to KIDS
lNQVb_V7hC8 Jordan B. Peterson: Ideology Is BS
lOCgLVzzjwc BASED: Black Dads Fix FAILING City School
lPbUPAna5Ko SCARY Video: Is The Child TRAFFICKER Demon Possessed?
lQFdpi8ruGQ Pay No Attention To The Man Behind The Curtain | Ep. 796
lQQ_JnNRB2o Impotent Impeachment | Ep. 680
lVpCgaT_Jy8 Conservatism Uncanceled | Ep. 706
lWsGPCNjdkg The College Admissions Scam Was Inevitable | Ep. 312
lXsvMQJO6dY TikToker Says Weight Loss Is \
lYrE18u6tXk Teachers Union Hold School Hostage With SOCIALIST demands
l_Xu_pINAWs TRUMP Says He Regrets Certain Tweets
la7OxbjouV4 The Hate Hoax Epidemic | Ep. 424
lbOTIR1fUdw LOL: Joy Behar's Accidental RACISM
lcUWlQ9OTnw SHOCKING: Puppies Tortured and Experimented On Under Fauci's Watch
lks7a_jqwKg Science Strikes Out | Ep. 583
lrPwtOYKl88 Who Is Jeffrey Epstein? | Ep. 378
ls39zZcXTA8 Chesterton’s Fence Just Got 10 Feet Higher | The Michael Knowles Show Ep. 171
lxAVlXr_5LE Shocking Ukraine BIOLABS Conspiracy EXPLAINED
m10ACTcNe3Y MAGA Is Here To Stay | Ep. 674
m2V2eilaN1M SNL Fail: Late Night Sketch ATTACKS Joe Rogan
m429vi6d-ME EAT THE BUGS! Liberal Media Really Wants To Make It COOL
m4VnL3iNDeE Andrew Cuomo: Moral Idiot | Ep. 534
m5ptHd3_6bM Democrats Held Hostage By Fringe Base
m7e8IysF-14 WATCH: Kid KICKED OUT of Class for ADMIRING Trump
m7pvp3H94DQ Save A Tesla, Ride A Space Cowboy
m8vMNgvpQ00 Dems Go Too FAR! DeBlasio CANCELS Macy's Thanksgiving Parade
mA5ocrtldos Woke Movie Review | Don't Look Up
mB9dOTGKTds The NFL Says Football is GAY
mBo9eE0hJxo Shell Game Shutdown | Ep. 542
mDC1VMUl67I Why Trump's Identity Politics Play Works
mJI5VuHtGTI WATCH: Biden MUMBLES Answers While Officials FIGHT Taliban With Hashtags
mMbj_qJjMzg Save Confederate Statues from SJW Thugs
mPZo7wnDeho WHAT? Teen Vogue's SHOCKING Push for Period Blood WITCHCRAFT
mRVomXc6wPI Michael's FIRST WOKE TV Commercial Reaction: Try To Guess!
mRqT26z0qMI LOL: Epic Rant From BLACK Woman Destroys Joe Biden
mYiSZaHFyqw The Great Hooters Debate | Ep. 867
mZDHFlhLpxQ WATCH: Trump BOOED For This Vaccine Comment
m_9XNgvDxVQ This Day In History: Global Warming Through The Ages
maHZjthxrq4 Is The Pope Catholic? | Ep. 721
mboYHq5Sbc0 Our Civil War of Religion | Ep. 449
mcM6MuvJCQ4 Matt Gaetz OWNS Weak Republican for Helping Libs
mdTvl4AvrIY First TRANS Athlete Set to DOMINATE in The Olympics
meB9ve6Tg6g Ep. 45 - Bowe Bergdahl: Aiding The Enemy And Obama’s Art of the Deal
mgIJpYRM4to Longing For Global Warming | Ep. 702
mgcfhkJplSU TRANS: \
mgghWyCJSL0 WATCH: CNN Host Has RED PILL Moment
mh1LyUs_prE Whoopi Out?: Holocaust Comment FIRESTORM
mhch-67-v6I Beto Gets SIKED! For Transing Kids
mkANA1DAz1Y Liz Warren Speaks to Native American Caucus
mnLpaR-Givk It’s Always Sunny On Capitol Hill | Ep. 588
mpx077UAXwA Ep. 62 - WINNING: ISIS Is Over
mqL4YF5qtXw Democrats Make Seriously CRINGEWORTHY Response To Trump Taking Off Mask
mrj3pAl_kuY Joe Biden Officially ENDS Feminism
mv9oGK3WXCM WOKE Official Releases Criminal Who Then MURDERS 7 Month Old Baby
mydCqNxv6Sg Biden's DANGEROUS Plan For America | Sean Spicer
n0yC0VEAIkc LOL: Joe's Prompter FAIL
n35QJCtkzW8 The New Red Guard: CNN FLAUNTS Kid for Turning His Republican Father into the FBI
n3CmsKfKvoI NFL: Allegedly Thinks BLACKS Are Dumber Than WHITES
n4J6ivC3TbE Speech REACTION: Biden's Lies, Flip-Flops, and New TYRANNICAL Order
n5R_0Z65K7I National Suicide Squad | Ep. 382
n5jZGs2HTt0 Dave Chappelle HUMILIATES Another WOKE Cancel Mob
n6jBJNZhSvY LOL: Worst VP Video of All Time (Reaction)
nAypxrxCgzU WHAT? Samantha Bee Thinks TESTOSTERONE Doesn't Make A Difference
nFxsoHTaPGU Dear Michael, Does This Make Me Gay?
nGJUnrMfU-I SHOCKING: Twitter Censors Trump's Tweets
nIKC5dgzo4w Biden's EPIC Incoherent Response To Putin | Michael Knowles
nKEMBo2Z5do Mailbag: When Do We Turn The Other Cheek?
nLzcqGN62IA Ep. 71 - The War On Christmas: A History
nMB8a9EQupI BLM Racism Towards White People—White Mother Calls Out The Hypocrisy
nMcWM99rrl4 WATCH: Biden SMUGLY Mock American \
nNdZj280-H0 SHOCKING VIDEO: Black Female Teens Charged with MURDER of Uber Eats Driver
nRLx8V_PCw0 The Future of the GOP | Ep. 752
nS8bf4SINNw Low Energy Joe | Ep. 634
nSD4kiIDznM Sleazy Democrat Gave The Kiss of Death | Ep. 819
nVa70TrwOIE The Vaccine Gets #MeToo'd | Ep. 918
nWlbuVD7IfM Banks BAN Trump While Forbes BLACKLIST Women In His Administration
naXulCWRIec LOL: Olympics Wants to Cancel \
ncHcmqfbUS8 Joe Biden: \
ng_S5MnKoeE WATCH: Michael Knowles ATTACKED During Speech By CRAZED Leftist
ngyOCJFKfyk The Most TERRIFYING Political Videos | You Won't Make It To The END
nhBzJgs5fpo Ep. 180 - Read My Lips: No New Taxes
niDb-2wtfpo LOL: Millennial MELTDOWN on Elevator
njfPAZwLeIc WOKE Race HUSTLE Commercials | Try to GUESS!
nloTWjGI8WA \
nouKBh-n7wI Candace Owens Answers the SERIOUS Questions | Welcome to The Daily Wire
npYXNX_MBvU WATCH: Ana Kasparian ADMIT She Was WRONG About Rittenhouse
nq76SAj5aqk The Fresh Prince of Affairs | Ep. 853
nqEhPzjXkE0 PROOF: The Cop Did NOTHING Wrong
ntnsGe_Ux1Y LOL: Biden's LEGENDARY Fall and Trumps EPIC Response
ntwET4awoPc SHOCKING: Cops Hold Funeral For Abandoned Infants
nukBmCJX5l0 Just Say No! | Ep. 785
nvPm3As2ePU Biden Wants NO WHITE People or Men | Supreme Court
nvU13Lc7mkA The Most SHOCKING Video Clips from Afghanistan
nzgntnR1eDw WATCH: Jon Stewart EMBARRASSES Woke Colbert
o3ikXltRjhA Real RACISM: Blue Checkmark Posts Insane Anti-White Racist Tweet
o5ic1Q3FR8o Michael Knowles ATTACKED By CRAZY Leftist During Speech #shorts
o5qoyPuQGYs An Inconvenient School Shooting | Ep. 860
o7Exs4np0es WATCH: Don Lemon's HILARIOUS Claim
o86GFLqxloY Trump and Lincoln, They Are the SAME
o9NPbfk6EZ4 LOL: LEFTIST PLANT Crashes Republican Rally In VA
o9j7ca9iVxI WATCH: Shocking Statement From CDC
o9n_tzRptNQ Former Hollywood Heartthrob Now Says She is a Straight White Man
o9x9n7EY3Bk Just A Little Prick | Ep. 670
oAfoqKHNH5E The Talibanꃞsecrates \
oB_RYmObN4I I Sincerely Apologize For Those Things I Said | Ep. 265
oBjms2RSJGk Beto’s Rendezvous With Destiny | Ep. 314
oDTZ3W5hhaE WATCH: Psaki Get DESTROYED at Afghanistan Press Conference
oHIIRkVs-JM More Voting SHENANIGANS Helping Democrats in New York
oI0XbLziPZw The Kavanaugh Effect | The Michael Knowles Show Ep. 232
oQ6_0LEqDck WOW: Media DISCOVERS Biden Plays Mario Kart with LUIGI!
oRZKNzYFZuY WATCH: Antifa Gang DESTROYED By MAGA Patriots
oTVg-7pvYbY CNN: Doctors CANNOT Assign Sex at Birth
oVEFfaEao0A Tom Hanks Is SUPER Mad at People Not Wearing Masks
oWFy2N8wWGw No More Mr. Nice Trump | Ep. 296
oWPi-fOgfxY Rewriting Reality At The DNC | Ep. 600
o_6obTdOVy4 ‘Peace Through Violence’: Antifa And The 𠆊lt-Left’ | The Michael Knowles Show Ep. 13
obgBiVACYbY The Masks Are Stupid And Always Have Been |  Ep. 939
ocuwGd9QPjc HERO: Unveils \
odfuNepea8E Yoga is Satanic
oe-wbVQu5SI WATCH: Girl's EMOTIONAL \
ohfhuXfq8IE Ryan Long | Cancel Culture's ATTACK on Comedy
ojIrNRc1Qnc NAKED Celebrities Explain Mail-In Ballot Voting In GROSS Video
ojOIMEoNeYE Mailbag: Are The Gospels Authentic?
om_xcqngxTQ The Hunter Biden Audio Recording EXPLAINED
omukr2ML8BA ALPHA MALE Takes on Abortion and Marriage | Jesse Lee Peterson
ooMFYgaI5O4 Biden FIRES People for Puffing The Sin Spinach - Where's Hunter?
oobOak-j9g0 \
opPUk72vUcQ Hands Up, Don’t Nuke! | Ep. 792
oprUlE2KptA Black Woman DESTROYS Critical Race Theory At British Parliament
oqQnDuJ1nuA James Corden on Weight Watchers Magazine States Fat is Healthy but, Follow the Science
orqVBPUtB2I Fauci's INSANE Attempt To Stay Relevant
ovkgDhx4H9Y Priest Comes Up WIth EPIC Way to Beat Insane LOCKDOWN Orders
ovuT9hPujSE The Left's Disgusting Exploitation Of Tragedy
ow1gTRKLUZ0 The Invasion You're Not Allowed To See | Ep. 846
ow9a2oGKQ-I CRAZY CNN Analyst: Get Vaccinated OR ELSE
owo8D8IjVhc The Fear Of Death Cult | Ep. 735
ozEWddMsPtU LOL: \
p0CwB4sOMDU The REAL Reason for The RIOTS at The Capitol਋uilding
p1jqmiDPShg WATCH: BLM Chants WHITES NOT Welcome in NY
p3TAIosbh-k Woman Brags About Her GAY Husband
p4NMG1cqBRk Oreo GOES FULL WOKE - Tweets \
p4m2mXiLKgU The Perpetual Revolution | Ep. 804
p6rwDQ7tlnU HAHA: Try to Translate What Joe Biden Said
p6toMv1vPZ8 AT&T Commercial Lady Loves Abortion
pBW2pjYCG-k YIKES: Satanism & Paganism on The RISE in America
pC1Cq9oOpaY The Most Uncomfortable Truth For Leftists
pDYDgspVDXY Ep. 55 - Last Night’s Big Winner: The MSM Narrative!
pDtcBlXYZ3s Never Let A Crisis Go To Waste | Ep. 513
pFuYZWRSvHQ WH Response To China Missile Is CONCERNING
pK68Zg9Vy1g BETA ALERT: Trudeau WHINES About Less Women Working
pKiEOQ-W4YM Kyle Rittenhouse Is The New \
pLParJzTf9o Ep. 176 - “ǝpɐM ˙ʌ ǝoɹ” ?
pLTbO_UY6Xs The #1 Way To Fight Back Against Identity Politics | w/Tim Pool
pMmA8NdtNN4 Dems Are The Boy Who Cried Wolf
pN_9V2FtIrU BASED: Elon's Epic FLEX On Woke Twitter Executives
pOWEcrhNDB4 Sophia Bush: DENYING Children Trans Hormones = MURDER
pPgegBDDyuU LOL: Google Connects BEN SHAPIRO to WHITE Supremacy
pSVJ5icoDsM Famous Cuckold ASSAULTS Chris Rock Over a JOKE At Oscars
pWE6rkE8kuU Pelosi's Slam Poetry Vs A Nuclear Power |  Ep. 966
pWS0t1sR2b0 When Everything Is Racist, Nothing Is Racist | Ep. 359
pWbZ1G3LCJ8 WHAT IS THE WEST? Ep. 16 | Ft. Spencer Klavan, Fleccas Talks, Kassy Dillon
pXvOsblQfS0 Trump Was Right About Another 𠇌onspiracy Theory” |  Ep. 943
pYgaULnw8CU No One Reads NYT, Despite Its Terrible Journalism
pZ4tZt_MkgM Uber Camera: Mother Begs For Her Life In Another Senseless Murder
paU5FhP_Bro Sean Hannity Says President Trump Should Pardon Himself
pbNeiKDCR0M The War On Christmas: Matt Walsh Vs. Michael Knowles
pbyuG1WE_0Q CAUGHT: Gavin Newsom MASKLESS With Magic Johnson
pct2OxyQkdQ Experts Are Always Wrong | Ep. 532
pfH5AXqNHJ0 Tampax Says \
pg5xDeCtRD0 Bad-Faith Baby Butchers | Ep. 767
phZnnwfkjMQ TRANS Athlete Vows to BURN American Flag on OLYMPIC Podium
pkGWD0nt0HM Abolish Whiteness | Ep. 569
plj-bIJwqJU The “January 6th Commission” Clown Show | Ep. 815
pmM6lJNDAMM Ep. 188 - Common Sense Gunn Control
pnU70k5t1Ck SATAN CLUB Targets Elementary Kids After Being Allowed In Public School
pqgosQEr-1o LOL: TikTok Explains Why Eating Meat Is RACIST
pr4ApQl-yRc HBO's \
puWK-GdT89A The Big Picture of The Ahmaud Arbery Story
pvf_-YNj5oE Kanye West Calls Himself \
pw-EJUg2Hr0 SCARY Catholic School Hate Crime Has Shocking TWIST
pylnjIbaadI The Satanic Temple Comes To Democrats' Rescue | Ep. 837
q-oSxh80n1o LOL: Jill Biden BUTCHERS Spanish Live on TV
q0eZJBKnulg The Judges Won’t Save Us | The Michael Knowles Show Ep. 563
q11fWhrkn_I My Man Mitt | Ep. 616
q2E_2mIES88 INSANE NYT Article Claims \
q3gFS9JHyf0 Scorched Earth 2020 | Ep. 468
q3yhLiI2J2g Twitter Isn’t Real Life | Ep. 381
q58-3Jrsen4 IS THE SWAMP SWALLOWING TRUMP? w/ fmr. Congresswoman Nan Hayworth
qD_0c_s-Cio Democrats: Don't Let Nuclear War Distract From Old Hate Crimes  |  Ep. 953
qGg8mxhxrWI Mueller Collapses On Capitol Hill | Ep. 387
qGigHn6XIUo High On Our Own Supply | Ep. 780
qJX7mTrH2-A The Real Coup | Ep. 807
qKQkZMG4mS4 The Deep State Must Be Defeated | Ep. 453
qN2AQX18p-c Ep. 81 - Trump’s Button Is Bigger
qNE8Lci9JQQ Ep. 89 - And The #FakeNews Awards Winner Is…Us!
qPJboydRvAQ BLM and Cult-like Religion
qQy6_IbnOYg Reality Gets Epsteined |  Ep. 948
qS62mVf5950 Ep. 181 - BREAKING: Leftists Really Mad About _________ !
qZtSTr6KChs This Day In History: WWII ft. Victor Davis Hanson
qdrJlE8axwI CREEPY | Unsettling Mantra \
qj_JQLaThi8 2021 Just Got Even More Ridiculous | The Michael Knowles Show Ep. 845
qk09H3aBGso Disturbed By The American Flag | Ep. 781
qlC-LNCCgbA LOL: Superman Goes Super Duper GAY
qlfCsnTJhoY Bloomberg Blew It | Ep. 498
qnYxOS5qR70 Coronavirus vs. the Constitution | Ep. 512
qo2IBgmDH-Q Biden CLAIMS Trump Is a \
qp5Od6s0DeM FREE BRITNEY: This is EVIL Stuff
qpN1tDYPLrc PRIVILEGE Check! TIME Magazine Puts Elliot Page on The Cover (Straight White Man)
qqsqIqPYsWc BLM Threatens New York With Bloodshed  | Ep. 885
qsFiU1CUJvQ Don Lemon: Mocks The Vaccine Hesitant As \
qsKvGLbzRx8 Racist/Harris 2020 | Ep. 596
qvHNW6txfOk White Jokes |  Ep. 945
qwD9lceKQ5c Rapid Fire Questions | Lauren Boebert
qx8Cf7L1LTA Obama Didn’t Build That | Ep. 496
r2Vve3YepHo Final Thoughts | The Thought That Stops Thought
r2_tmSLVTcc Iran Protests: What You Need To Know ft. Josh Yasmeh
r4xuh_NhyrI LEAKED: Trump Would Destroy Moscow In EPIC Threat To Putin
r5YZVr6spYE Antonia Okafor: More Guns, Less Rape
r6dhprrJlwM WATCH: White Liberals Sing a GROSS Progressive Anthem
rATxdVC4kKY Biden Hasn’t Won | Ep. 642
rB-JR_jYdiU GROSS: Cardi B's \
rErE8_tJ7LE WATCH: RBG Destroys Woke Athletes with FACTS and LOGIC
rIio3SNT47E Guess The WOKE \
rNMVh3H5qwY Netflix's \
rPKcIUdcbbg LOL: \
rPlGhJBHSBQ HAHA: KFC Removes \
rQiM4xkWIhk Our Clinical Culture | Ep. 337
rS-vgDq2Q_Q Michael Knowles DEBUNKS Professor's Identity Politics Argument
rUaKVOlMwMI Biden Wants $450K Payout To ILLEGAL Criminals
rVBcLy6WzvM Lib CuomoSEXUALS Meltdown as NY Gov Steps Down
rVTJyL9xSAA Fauci Gives Boosters For Christmas | Ep. 905
rWJbgm9GmCM ARMING SNOWFLAKES: ANTONIA OKAFOR ON CAMPUS CARRY Ep. 23
rX3G0lHt534 Twitter REACTS to Liberal Woman's Insane VOICEMAIL
rXUnQWSUcdk The Legal Case to EXPEL Kamala Harris | Conservatives Need To Push Back!
rXVtZY2BMIE Ep. 21 - Bethany Mandel: North Korea, Bad Government, and Babies
rYJQkztn_Fs Hide Your Kids! Jen Psaki is Coming with the JAB
rYt-y2_oUrM LEGO Makes Gay Toys For Kids
rZWrqMo1YA8 TWO MOMS! Army Commercial Strikes Fear Into the Hearts of Enemies
raG-pOokDJ8 LOL: BIDEN Has NO IDEA What An American Is
rgcdBLTGMFE The Lie-Detector Test | Ep. 228
rgin5iFpp44 LOL: Straight Sex is Just \
rikvPktqW-s Refusing To Kneel: Why Isaac is Important For Trump
rj3QdqEa31k WHAT? Grandparents Hugging through PLASTIC Hugging Station
rjtgEXsVQ88 No WHITES Allowed in New York Program
rk-ou9nWh7M Ep. 191 - Silly Season
rlrvD66cZXQ The Trump Doctrine | Ep. 434
rmTlpqa0kko LOL: Epic TRUMP Letter Destroys SAG
rq61tMx7RnI Sex, Thugs, and Rock ’n’ Roll | Ep. 692
rrRquskH700 FIGHT LIKE HELL | Steven Crowder Canceled AGAIN
rthqJZ_gxeE WOKE Boston Mayor Openly MOCKS White People In Racist Rant
rvavXj_97WE WATCH: Prosecutor Take AIM With Finger on The TRIGGER In Court
rwOwgXSHp8Y White House Website Now Asks For \
rwoxs_btITo Flatten The Narrative | Ep. 528
rz08xwDCWDc Dave Rubin | Progressivism Destroys Everything It Touches
s1xy_AgeZRk Steven Crowder | Suspension and The FIGHT for Freedom of Speech
s3lQBdQdoEU Affirmative Action: Warm and Fuzzy Race Discrimination | The Michael Knowles Show Ep.3
s5naFFh5T3Y The Progressive ATTACKS on Sports | Jason Whitlock
s6X5x0TFH7k LOL: Leftist Woman MELTS DOWN Over Trump Voters
s6j9LZI6kbk Knowles & Student CLASH Over Climate Change Debate
s8UIYf5vV8I EPIC: Nick Sandmann Makes it RAIN on CNN
s9se0nqh7fE Biden Leaves Guns, Lots Of Guns For Terrorist Maniacs  | Ep. 830
sAAMGeERkuM The Experts Were Wrong About Everything | Ep. 774
sAMm4SpxQzA NSFW: Mayor Eats SLOPPY Food to Bribe Vaccine Compliance
sCE5PyBofWw State Trooper Only Kneels to God — Michelle Obama would disagree
sHWw9Ir4Zik Death, Taxes, & Hillary Clinton Refusing To Go Away  |  Ep. 921
sHZfY5GYxJg NFL's #TakeTheKnee Is Exactly Why We Elected Trump
sLrt5xi1XXY Thank You, Lord, That Obama Is No Longer President | The Michael Knowles Show Ep. 150
sNPks-4xhDE Trump’s Got Your Impeachment Right Here | Ep. 429
sOyice-B8dM Pete Buttigieg is a Jerk | Ep. 344
sPR9z2FpQj8 The Rock TEARS UP in AWKWARD Video Praising Joe Biden and Kamala Harris
sUTmEWgn_0Y LOL: M&Ms Go FULL WOKE With Progressive Characters
sVAgzF_4WqQ Ep. 183 - We’re Winning On Every Front
sXUm2bY458A McEnany Goes SCORCHED EARTH on Dishonest Reporters
sYI00A7dVAY Republicans Who Fight Back | Blake Masters
sYq67H2OZak Michael REACTS to Women FREAKING OUT in Cars
sZzI_uZKAEw AOC's Confusing Sympathy For \
s_-EsWAvh1c Transing Our Kids Is Their Priority  | Ep. 872
shn0bnyYlRI AWFUL: Pelosi Calls The $600 Check \
sidihM3MKNE The Left Wants a STOP to ALL Police Shows and Movies
sj9DQJOJl90 Rudy Giuliani RAIDED by the FBI
sjZcTw7DZJs The Leftist Snake Eats Its Own Tail | The Michael Knowles Show Ep. 254
sjhFCd9cbEI The Gaslighting Left | Ep. 466
skrBmSVM3B8 Viral TRANS Bathroom SHOWDOWN at NCAA
slQJB4F-KQo LOL: Tom Brady's Subtle JAB At Biden
sluWXWKALh8 Tomato, Tornado? Biden Doesn’t Know The Difference
smDd78MDps8 Michael Knowles REACTS To \
sqkgcb3bOmQ MacArthur Vindicated: North Korea Can Nuke Us! | The Michael Knowles Show Ep.2
srAbccrJvRw WATCH: Kamala SNAPS When Reporter DEMANDS Border Answers
st9n8VIHBAU TONIGHT: The World Premiere of THE HYPERIONS
suMfeX0huxU Dr. Fauci or Bond Villain?
suNEHRl2WKI America’s Favorite Pagan Orgy | The Michael Knowles Show Ep. 209
svt25PciE0c Christopher Columbus Actually Was A Great Man | MKS Classic
swFdY9auwOs Fauci To His Critics: They Hate Me, use They Ain’t Me
t-aCSKP6P5c Goo-Goo Ga-ttaca: The Dawn of Designer Babies | The Michael Knowles Show Ep.4
t0q6T_T18UY Final Thoughts | Knowles's Book Recommendations
t3lucb-2PkE Dear Michael: Am I SINGLE Because Venus is in RETROGRADE?
t6zX2H8UFlI WATCH: Bill Gates Pushes Lockdowns and Discusses Overpopulation
t8ZWtqIzmQI Possible VP Candidate Refuses to Disavow MARXISM
t8ilYVJa0ss The Cult of Self-Love | Ep. 406
t8m6kzoffpU WATCH: Mayor Wreck School board After It Pushes Child Pornography
tA--L5kGLCg Hindsight Is 2020  | Ep. 671
tA5wCake9TU Calling Their Bluff | Ep. 548
tARa1BmHJ2M LOL: Black Law Students Demand CRY SPACES and SNACKS
tE3nXprCPWc Dark Psychic Democrats | Ep. 390
tFQAceDxXc0 No Consequences For The Elites | Ep. 784
tG-5ctGXEho Liberals Cannot Laugh At Themselves
tI7iWcHXs8s Final Thoughts | When Man Creates Man
tIwBZ2Yz7i8 The Blob Declares Us The Enemy of Their State | Ep. 817
tLP2sox77GM WATCH: Jenn Psaki Vs The Doocy
tNK1yJxS7ss THE VALKYRIE McEnany SILENCES Ridiculous Journalist Question
tOE3R3wvdo4 Ben Shapiro Explains The World In 4 Minutes And 38 Seconds
tP0SctBsFgo FAIL: Joe Biden BREAKS His Own Mask Rule
tPUhfGuiTMU I Know You Are, But What Am I? | The Michael Knowles Show Ep. 200
tPV9DnZv7Zo VIRAL Lib Teacher: KIDS Pledge Allegiance to GAY Pride Progress Flag
tW92lhWbjxI SCUMBAG Kneels on 2-year-old White Toddler's Neck for BLM
tWmmhGjb2F4 Michael Knowles REACTS to KAREN Movie Trailer
tXJPcoiwl6c Michael Knowles REACTS To \
t_dGRSsQwGs Knowles RECOUNTS Personal Messages With NORM MACDONALD
ta1Uvz5mP-0 BASED Mom CRUSHES Woke School Superintendent
taBwX4BAbgs How Bad Is It Really On Campuses Today?
taRtNLlFqsw The Best of The Worst WOKE Commercials of The Year! Enjoy
tayFAvJ0Au0 Defund The Rioters | Ep. 558
tb1mt2oUljs WATCH: Family Guy Finally Take on Identity Politics and Falls Short
te5dwuJEdIw SHOCKING Updates on Breonna Taylor Case | The Left LOSES IT
tfW5vp2xpKY Nobel Peace Prize for TRUMP?
tfy6cG7hrXQ WATCH: Shocking Video of Child FORCED to Mask at Daycare
tkHfPrEKOB8 WOW: Radical BLACK Professor Claims All Whites Are RACIST
tkeuqM1C5eQ Mass (Media-Generated) Hysteria | Ep. 502
tkfu0SODRy8 NYT Awarded for Peddling RACISM and LIES
tkj4-ogwe38 It’s Still Trump’s Party | Ep. 710
tlsvBREBi1I Hilarious Woke LGBTQ+ Ads 2 | Try To Guess!
tm9PgtSyKQw What Did He Just Say? Biden TRANSLATION
to7MkN1O94s The Real Trump-Kim Summit | The Michael Knowles Show Ep. 164
tpGka-bD4YQ BLACK Man Suspected of CHILD MURDER Was Unpunished For Previous CRIME
tqEr6S5KzJg Economy Gets Hit Harder Than Chris Rock |  Ep. 971
tsHcAim9Q0Q Make 𠆎m Angry, Make 𠆎m Stupid | The Michael Knowles Show Ep. 236
tula-CKdHUo The Rittenhouse Trial Powder Keg | Ep. 887
tv3aOcBVU7s Democrats Are Living In A Fantasy |  Ep. 958
tx3Zv2tTP0w Cringe WARNING: Netflix Pushes TRANS Issues in Kid's Show
txnVRynLWjk Grifter Nation | Ep. 575
tyOYNC32h6c Divorce, American Style | Ep. 757
tzwFp3pEw1c Inhumane, But Effective | Ep. 716
u-euAJcBUi0 Ep. 18 - Prosperity Podcast: Your Best Car Ride Now!
u1qYWqUlWvQ The Funniest Kamala Harris LIES
u2-X5rwKgHU Annoying WOKE Political Symbols Tier RANKING
u2shTegsJP0 University President Condemns My \
u5FF-K4LuSs Child Sacrifice Through The Ages | Ep. 304
u603q7mSWlw WOKA-Cola: Anti-White Racism Leaked From Coca-Cola
u71iwbpX9hM I'm FORCED to Tell The TRUTH About Rayshard Brooks
u8mfn34w_kk George Floyd Body Cam Footage
u9BqISMxpuE Smug Bill Maher MOCKS Christians and Fails
uAtwSQQ0lQY Joe Biden Is A Shameless Liar | Ep. 338
uCiWkUitrpE Republicans Need to be More Like Vanilla Ice
uCySfFeVN_g LOL: The Taliban DESTROYS George Floyd Mural
uEI9mrMVm48 What Is A Woman? | David Pakman
uEQDkEn8_1s Brave Girl SUSPENDED 38 Times for Refusing To Wear A MASK
uERxwYYaz74 Green Is The New Red | Ep. 294
uEdgW0HbT_k WATCH: Valedictorian Speech Goes VIRAL
uEqFv94VzwU PRO-LIFE Commercial SNUCK Into The Super Bowl
uG8ASMtAgKo Has The World Gone Ugly? | Andrew Klavan
uK9lLaNlHPQ Kyle Rittenhouse: Judge MOCKS Woke Prosecutor
uPSzukY6edQ Disturbing SEX and New Marilyn Manson Accusations
uS5tbaVew58 The 𠇏riendly,” “Peaceful” Taliban Takeover | Ep. 823
uS7mn5fKlug WATCH: Biden TORPEDOES His OWN Argument
uTvh6Q2-2_s Ep. 78 - The Rapture
uXIJYxnqp2I Victoria’s Secret’s FAVORITE Girls REPLACED By Megan Rapinoe
uXegMZj2bPg The Virtues (And Vices) Of Selfishness | The Michael Knowles Show Ep. 210
uYHPo7YUcn4 Two-Year-Old & Pregnant Mom KICKED off Plane | Child Not Wearing Mask
u_MtrnQQDAE Student Opens up About Her Struggle With Transgenderism
uc9lxdkfE2Y Rand Paul Destroys LEFTIST and Refuses to Bend the Knee
ucISQ98yn88 WATCH: Race HUSTLING Host Get EMBARRASSED by Calm Guest
ueEfEggVeXw REALLY? Apparently The MASTERS is Now Problematic
ueK4YSMgbDs A WITCH Starts Woke \
ufkKRC3i2kA GRAPHIC: The \
uhLyIViSJhk President Kamala Harris | Ep. 828
ujBHUVCI9dc Psycho Monday | Ep. 459
ujH9viOpuwg The 𠇌onservative” Case For Caitlyn | Ep. 750
ulq9N4gim-8 Ep. 94 - Cecile Richards, Maniacal Ghoul: A Retrospective
uq68DvpuLh8 WATCH: McCain GOES OFF on Woopie's Defense of Joe Biden
urKloTYhcic LOL: The \
urre--v3Ci4 WATCH: The Insane Excuse for SKYROCKETING Murder and Crime  in Chicago
usTN91jcw-4 Woke POP STAR In AWE of Biden Administration?
v0ur3ndEieY Dems Sexually Harass Barrett | Ep. 628
v17ix5D2PDA BLACK Professor BAFFLES Don Lemon \
v5PKa9xMCaM The Legend of KEN and KAREN is Born
v9TAMYNBa-M The Backlash Has Begun | Ep. 529
vB806OD5Ab0 BASED Moms Say \
vC50gxOaqKA WHAT?਋ill Gates Wants ALL Synthetic Beef
vC7R5HRhnoE Lauren Southern | Lockdown PRISONS and Destruction of The Church and The West
vDsV5EcQyK0 The Dying Wish Doctrine | Ep. 614
vDuE5DFX2gU Sarah Silverman: Caitlyn Jenner Knows NOTHING About SPORTS or TRANS
vF0cjt43DzA Woke Board JAILS President TRUMP From FACEBOOK
vHwtgfU-NJI Ep. 97 - Democrats Smile For Farrakhan, Frown For Prosperity
vNJGlclbjc8 Losing Is Really Winning! | The Michael Knowles Show Ep. 198
vNwy4VLI818 Another HUGE Win For Men Everywhere
vOO8Kwt-Q2o Antifa Is The Heart Of The Left
vPWXuyXgvEQ Sick But Not Tired Of Winning | Ep. 508
vRp5Jbe5GYg Most People OPPOSE Men Competing In Women's Sports - So Why Are Dems Demanding It?
vS9VQUIqJjI Self-Defense? Reaction to The Kyle Rittenhouse Videos
vSasm-SRwzU How Dems Have Ruined California
vSlyiThtW68 The MSM Are The Dumbest People On Earth | Ep. 345
vV0phnH8Grg LOL: CRAZY Woman Crashes Car Flipping Off Conservatives
vVs2FbWXGkA MASSIVE Win for Republicans - The Media was WRONG
vW8kf8-qTaU SICK: Switzerland Shows Off SUICIDE Pods
va09rLZ1ngc Is This The Key To The Millennial Vote?
vcglachVh6I LOL: People BRIBED with WEED to Get Vaccine
vfA1QDDTunY Skirt Grabbing & Vaxx Mandates Don't Make You God | Ep. 852
vgKiIkSePD8 Knowles Wraps Up FBI Investigation
vgLRw3f0kCU CAUGHT! Joe Biden FUMBLES and Liberal Host Covers
vhtHI2kcEXE WATCH: Council Member Wants Non-Mask Wearing Likened to \
vkjcx8tJ-XQ Keep Calm And Cut Taxes
vlFcOiQyb5s Monty Python For President | Ep. 728
vmGzUVe9CFc Finally, Some Good News! | Ep. 517
vnGF1LdMMb0 Michael Knowles Vs Ben Shapiro | FACE-OFF: Famous Dead Guys
vo9L-D683lE Mailbag: Why Are Youth Left Leaning?
vpS3rQWpG7A ATL Massage Parlor REACTION | Woke Media Cry RACISM
vqWpsSL3rqs CRUSHING Dem's Claim That America Worships 'Whiteness'
vreGY-OfFN8 WATCH: Police Commissioner REACTS To Cop Killing In New York
vsH6eoxWlSA Science Worship Leads To Death | Ep. 849
vtQzISNM000 American Taliban Blow Up Biloxi Buddhas | The Michael Knowles Show Ep. 10
vueSBOHnAVA Ep. 63 - Thanksgiving: The Land Was Ours
vv1vl7ZpYfc INSANE Feminist Freakouts Reaction
vvqbB1DBKjU WATCH: Brave 8th Grade Girl DESTROY School’s TRANS Policies
vvu5o69oPY8 Has Politics Ever Been This Fun? | Ep. 380
vxbt-MKmV4g Leftists SHOCKING Reaction to a Great Man Passing
w-SSiP173cE LOL: Crazy FAT Activist HATES Everyone
w-kQ0S50yoM The Democrats’ Faucian Bargain | Ep. 550
w2oH4w_JUhk Ep. 57 - Roy Moore Chooses Now To Live As A Gay Man
w3rBBUR6dPY HYPOCRITE Democrats Cry Foul Play in New York Election
w7AmaCaFZAE Ocasio Is Anti- Immigration Enforcement
w8Daws6lkbk Al Gore Saves the World... Again! | The Michael Knowles Show Ep.1
w8FHOgDWFbA Timothy Gordon FIRED For not Supporting BLM
wCMdtN7guWs Learn To Code-Switch | Ep. 327
wDlO1Z5QsSU 'God Is Dead, And Pajama Boys Kill Him' ft. Jordan B. Peterson
wEY1unPZoqM Joe-mentum | Ep. 505
wIrgOZ6wx1s Pelosi: POOR People Need It, But I Don't
wM3tBBwBIh0 Chris Harrison's GROSSLY Uncomfortable Apology (The Bachelor Host)
wN6LYcreVO8 REACTION: Will Smith SLAP & Strange Speech
wQFnYXNQdNo To Bern Or Not To Bern | Ep. 499
wRXqKn7ZGHU Megyn Kelly Interview | Michael Knowles
wYUlvZ6dkLA WHITE Privilege Flyers Given to School Kids
waG-abKwFw0 WORSE Than Cuties! Unpregnant Movie REACTION (Spoiler Alert)
waaz-de8P_0 WATCH: Ted Cruz's Relentless ATTACK On The BIDEN CAGES
wae7Oj1fOq0 The Conservative Decade | Ep. 470
wavLAIWVXMo BASED DeSantis Bans Dudes from Girls’ Sports
wbzJBFi9dYI The Whiteness Epidemic | Ep. 783
wbzduFMLxkY New Kamala Video: Try Not To CRINGE
wf3Qw5UMgQI A History Of Violence | Ep. 331
wfH0HeDPWOc Rand Paul's BOLD MOVE May FINISH Dr. Fauci
wj4zWpQ2VAs The Never-Ending Power Struggle |  Ep. 252
wjKupvgy694 LOL: Viral FAT Positive Activist Goes COMPLETELY Off The Rails
wj_4Wg00IUY Harvard Professor Wants to BAN Homeschooling
wlCPFQ1EeWw Fight Or Flight For Freedom | Ep. 805
wmYqi662hYE Democracy On The Guillotine | Ep. 602
wmxIkQri3jE The GREATEST Political Ad of All Time
wqTGbtMzkh8 The Power of Melanin | Ep. 580
wrHuC8rz1i4 Trump Ended ISIS In 11 Months
wtsOhxzV9QI Big DOPE Debate and New Marijuana Information | Madeleine Kearns
wu4X5XAru-A Guillotine Raised While Chanting \
wuS3-kiPpr0 Ep. 37 - Christopher Columbus Actually Was A Great Man
wzqgxC6Jnro Honest Comedy In America | Comedian Ryan Long
x3SUhVMBj-U Cecile Richards' Legacy Is Millions Of Dead Babies
x5dkqGcZ6GU What, Pete Worry? | Ep. 866
x5p2MNWBrkY OVERTURN Roe V. Wade? Mississippi Abortion Case
x6zyudd1kZ4 WATCH: Supermodel Asked To Put More CLOTHES ON
x9pIjbfRNIw 'Mrs. America' Gets Conservative Icon EXACTLY Wrong
xC8yE8lEWNY FACT CHECK: The \
xDX7v4RdLEE Angry TikToker Might HATE Men
xE7ut4nd_pw BASED Mom DESTROYS School Forcing White Kids Apologize To Black Kids
xI-QYjuZig8 SHOCKING: California's New Law Involving 14-Year-olds
xIbAWLvUIYQ OUCH: Tulsi Gabbard Absolutely DESTROYS The Relief Bill
xKJ_c_OGxGc WARNING!: Trump Better WATCH OUT For THIS During DEBATE
xPmV3Fty30c Injecting Kids With The Fauci Ouchie Gets The Greenlight  | Ep. 874
xRkIkVsyrJs WHITE \
xSfuj4RU9JY 9 Questions For Robert Mueller | Ep. 259
xSjSkz0y4BM What The Dem Debate Proved
xTPffQ6vr4I The Earthly Elect | Ep. 693
xTvfOcrv4UI The Criminal Injustice Of Coronavirus | Ep. 521
xVS8fI8jb34 Venezuela Is Bernie and AOC's Utopia | Ep. 341
xWamQ1KAxnQ Four More Years | Ep. 656
xX4fjC80Pbs Was Trump Right To Pull Out Of Syria?
xYDJTI2acMk Why Baghdad Wasn’t Benghazi | Ep. 471
xZMowdzausQ WATCH Stunned Bill Maher: Guest ATTACKS Gina Carano in the WORST Way
xarrwtUjL3E WATCH: Unhinged Liberal Convinces Dying Father to Vote for Biden
xbJVORfVgZ4 Father JAILED for Calling His Daughter “SHE”
xcMAAb0_Nec Everything Is Worse Than Watergate | Ep. 673
xf6Wug8PJHM VIRAL: DeSantis Drops MASK Truth On USF Students
xhJLNY5QU5M CREEPY Woke Mayor Asks Kids To \
xk35ACzseqs NETFLIX Pitched Movie On Marxist BLM Founders
xl7svcXHfHk Bad Sports | Ep. 214
xm0D8rFh5LY LOL: Must Watch HILARIOUS Metaverse Church Video
xnc8gsKgGWQ RADICAL Mayor Labels Cops INSURRECTIONISTS
xoYp6h3QYDE National Games | Ep. 696
xqDCbFKapbA Helter-Skelter Here Again | Ep. 812
xqRFdLHAmzQ UNMASKING The True Threat of ANTIFA  | Andy Ngo
xrBr3qA5TNQ Democrat Mayor Tweets a VILE Anti-White RACIST Poem - Media Silence
xu8p3NtynAw LOL: GAY Police Cars to Fight \
xwsHB_lQtTM MLB Goes ALL-STAR Level Woke GOP Leaders Give a Perfect Response
xxPY3PYWCNk The Daily Wire Challenges Biden’s Vaccine Mandate
xyHm6B6xCSI Biden MOVES to Give 11 MILLION Illegal Aliens Citizenship
xyI4DbvT-q8 Beyond Okay To Be Gay | Ep. 708
xz-zVkUKaTQ DEBUNK Hilarious Pro-Choice TikToks PART 3 | Viewer Request!
xz6s661tPQY It Was A Debate! | Ep. 625
xzhode3Lm-s Stranger Things Star Is A SUCKER For SOCIALISM
y-0napzVaug AWKWARD: The CDC Calls for a PAUSE on New Vaccine
y-RrPlmG0oQ LOL: Millennials Now Taking Adulting Classes
y2PwKRHQVrk Two Visions Of America | Ep. 490
y2ae9_Xel6I Threatening Puppies And Doxxing | Michael Knowles
y3dTox97rhA LOL: Angry BLACK Guest Says Pro-Lifers Are Like Suicide Bombers
y3tHxXPCWz8 MSM Pleads Guilty To 5 Charges Of Manslaughter | The Michael Knowles Show Ep. 172
y4_0De0C7mk LEGACY MEDIA: \
y4dQAmLW4wk The GAYEST Woke Commercials Yet | Can You Guess The Company?
y5vVUkYrF78 Trump Concession?: Where The Fight Stands
yAfp5DLPrx8 FIRM Proof The Democrats SPIED On TRUMP
yD5Ojd8fyI8 Airline BANS The Greeting \
yDqkQEJMbAg The Left's Playbook EXPOSED: Grievance, Identity, And SHUT UP!
yEIIvvYi1Qo Jim Gaffigan RIDICULES Trump Supporters and Fails
yEUgyVRF_pk Biden Gives The Gift Of Death, Disease, And Inflation | Ep. 908
yEWNVnJsXI4 The SHOCKING New \
yFvQvxFcEnY Why Was The George Floyd Statue Defaced?
yIy1NMtCiyE Donald Trump v. Hipster Rasputin | Ep. 801
yJo1Sc0xGK0 WATCH: BLM Protester Yells THREATS Before Rittenhouse Verdict
yLwaoKFypFA SHOCKING: New Info in George Floyd Case
yLyhjHvOtvE The Cold Civil War | The Michael Knowles Show Ep. 238
yM3EdlKeF-E I have ONE Thing to Say About LA's New Rules
yPCFL072SAc George Floyd Trial: Girlfriend Confirms Drug Addiction
yQ3X46lpKN4 MELTDOWN: Brian Stelter LOSES IT When Asked About Joe Biden Scandal
yQb3PqJfqx0 LOL: Woke COMMIE Teacher FREAKS OUT
yR5kTWVjqPk LOL: Brothel Bribes Free Sex To Get Vaxxed
yRuUN7ylnTI These Idiots Want Control Over You | Ep. 825
ySLnSvsS4R0 Michael Knowles REACTS to Viral WHOOPI Clip
yTd1zEKbTGI BUSTED: Video Suggests Biden's Townhall \
yTpK4xZZ1ts Blood Microchips to Track COVID? No one is Laughing at ALEX JONES Now
yV3AznPMZ7I Kayleigh \
yVmXw8ijZHI \
yWRtikfFxB0 Covid MADNESS: Kids Forced To Eat Outdoors In FRIGID Temperatures
yYrIDM9_9A4 Everything You Need to Know About \
yYy2daJdGFE GROSS: Chelsea Handler Reminds 50 Cent He's \
ybOMwN1DE54 LOL: Based Congresswoman DESTROYS Shocked Democrats
ybjvIdEQR9o Getting Over Self-Government | Ep. 802
ydFzXme8YFw SHOCKING: 4 Year Old Trans Child on New HBO Series | WATCH
ydyoWLAYSzo Save Dave's Soul: Dave Rubin Talks God
yfMaX5TQvN8 Psaki DENIES Crack Pipe Initiative
yg-L-GvabMU LOL: Woke Olympics Ratings TANK After Communist \
yg-Vnq_7Y3Q Woke \
yljcSGNoemQ Final Thoughts | Defend Civil Rights, End Affirmative Action
ymxHWeiknVE Wealthy, Spoiled, Socialistਏlaunts Hypocrisyਊt Gala | Ep. 842
ynNzPNS93vA The Great Democrat Crack-Up | The Michael Knowles Show Ep. 235
ynODD_zXjRE Are Babies Really People?
ynxhQh1vD6I Animals Aren’t People | Ep. 456
yq5nkJDLyVQ The Real Government | Ep. 753
ysLgBmqlpfw Michael ENDS Racist Progressive Heroes
yt3qGSHGbts Mumford & Sons CAVES to The WOKE Mob
ytvpIZo57zs YES or NO | Real Answers and Real Drinks with Dave Rubin
z2G4QvEFnBA Lil Nas X Selling Satan Shoes with HUMAN BLOOD and it Gets Worse
z3-rHCdj3dI Democratic Socialist Embarrasses Herself On Camera
z5CTiAjPJYA UNHINGED Leftist Woman: \
z7kwuklKe0c LIZZO Wants To Strip for Playboy
z9G2uJS36yg Tucker EXPOSES \
z9lO3QQPabk Ep. 50 - Reformation Day? Dr. Martin Luther Will Have It So!
zBCxTrMOhz4 The Left HATES That Less Babies Will Die
zBWMuuK9NCE LOL: Republican Truck Driver With $153 BEATS Swamp Democrat
zEBm1lpGWw4 TRANS Showdown DOMINATES Women's Championship
zEb2nJcM12k Does This NEW Poll Suggest Trump Will WIN?
zFl8mDQ5Q70 Floyd Mayweather SPEAKS OUT For Vaccine Choice
zHOVSppLM9I FAIL: TAX Records Show Trump's The WINNER
zKe2ytOQaw4 Left Outraged Brandon Bernard Executed - They're Missing The Story
zNNtnaKqbBg HAHA: The View Host May ALWAYS Wear a MASK in Crowds
zNvXHN7fLDw Bernie Has Uphill Battle To Presidency
zOnMugVdosE Hilaria Baldwin: EVERYTHING is FLUID
zQI3BUzhMpQ The Case for Trump’s Second Term in LEADING AMERICA | Sean Spicer
zRimC-6qAhI WATCH: Jenn Has NO ANSWER For Illegal SPYING Allegations
zRnCRKPeh7E CAUGHT! Did Michael Sneak Onto Fox News?
zSHC8vG5-mQ LOL: Stephen Colbert CRIES Because Trump Won't Give Up
zSPNLK5Zl34 Wokesters of the World, Unite! | Ep. 755
zWojwAkk90w The Mask Slips | Ep. 546
zXN7ulNbKLw DEBUNK Cringe NFL Commercials PART 2 | Viewer Request!
zYMGSTz7Wco HOT TAKE: Harriet Tubman should NOT be on the $20
zZCyTExnw7g 5 People Dead In Waukesha Car MASSACRE
za5DqZjU38E Democrats Are Doing Everything Wrong | Ep. 425
zaNuNQ5I_fo WATCH: Activist BLACK Cop Downplays BLM Riots
zbYbiL9rJms LOL: Viral Kamala Interview Is Pure CRINGE
zcWF3CdnkwE UNHINGED Taylor Swift Claims Trump is Trying to Steal The Election
zgYRLz93H7s San Fran Creates Homeless Parking Lot
zh0HnTM6KkM Liberal Mom Forces Her Children to Bow to \
zkExabQNcw0 VIRAL: Elon Musk Laughs \
zlJZZtolF0o TUCKER'S FAULT! Brian Stelter's MELTDOWN On CNN
zmnSrNz1xRs Ep. 100 - The Obama Economy Tanks
zqQpGVRW1R0 Public Health Is Political | Ep. 624
zqcx1X9IenI UNTHINKABLE Action Taken by Australian Government
zqk3TGqCoZI INSANE: Police Are Being Attacked All Around The World
zsICbHntDGg 2020 Is Already Small and Petty | Ep. 264
zvLGLKiB4jg Trans Abortion Rights
zw-uHWuZrxw Reparations Are A Terrible Idea | Ep. 368
zw6lL-0KTQA Firing Nurses Is The Democrats' COVID Cure | Ep. 854
zwGG5k8BA9U SHOCKING: Footage Of Stores LOOTED In Broad Daylight
