--HWaEM3Dh4 1961 President Kennedy Visits France to Meet with President DeGaulle
--Ku0wBTBOY Treasure Islands (1955) 2 of 8
--WatgZIkOY 1960s Detroit Be-In; Hippies in The Park
--adHJmAeS8 1956 Former President Truman Speaks Out Against The Republican Spending
--fU_5zAWZI 1975 25,000 Peace Marchers Protest at Pentagon Against U.S. Commitment to the Vietnam War
--vnoiRJClE 1950s Telephone Repairman on Line. Operators at Switchboard
-0QAnx5G4Rg Duck And Cover (1951) Part 1 of 2
-2_4iv8OXcQ Marquee, Ticket Booth
-2gr6bkvHu4 Barney Google's Trip
-2jITj0jaIg Sylvania TV Seabreeze Cruise (1956) Part 6 of 8
-3_rPuN3KJY 1990s Auto Industry. Manufacturing. Assembly Line
-3kMdIE4HzE 1940s New York City and Harbor Aerials
-4Urbv9uZJg 1960s Hippie Gets Arrested at Festival
-4X2mTuI1eo Woman Slaps Man
-5rRwybfYq4 NEW YORK, MANHATTAN, NIGHT, AERIAL
-68vwp63OM4 CHICAGO, AERIAL, PAN EAST OVER MAGNIFICENT MILE
-6_mxjeNcl4 1969 Yoko Ono and John Lennon Bed in For Peace
-6e5xdXmdCg Treasure Islands (1955) Part 1 of 8
-6epT0CK0VE 1940s Ice Skating Race (Silent)
-7_qFFDntfk 1950s Woman Slaps Man First
-7d8iEzpTxg The Wee Men (1947)
-7eERgXfbu8 1968 Jet Powered Helicopter is Tested
-7ipdi_42gU 1950s Processing and Bottling Milk
-89v0fEjtgQ 1940s Blindfolded Wrestling Match
-8CfSEA6jRs 1966 Robert C. Weaver Becomes First African American To Be Appointed to Cabinet
-8cBKv4tSLE 1961 Moïse Tshombe is Released From Jail
-941IroN24s 1936 Helen Jacobs Wins Her First Wimbledon
-9KiK9bnLqU 1940s Hollywood Classic Pool
-9kd5604QBo Popeye: Aladdin and His Wonderful Lamp (1939)
-AEEbDuxkPo 1940s Eruption of Parໜutin
-AEofkP23PE Film Focus Leader
-AwbzcUgrUo 1959 Auto's Interior Design Color Fabrics & Textures
-BpnS2fskn0 1970s Shape Up For Fitness - Workout Video
-CO6yDkBz5s 1935 Floods in Five States
-C_HsDaux0o 1931 New York City Christmas Parade
-CgBMSN4zAQ 1980s Times Square at Night Neon Signs
-CiY0JjZlPs A Few Facts About Fear
-EL8Nl8TxFI 1940s Manhattan Dustmen and Postmen Starting the Workday
-EODMHHPZ-Y 1962 United Nations Honors Dag Hammarskjöld with Plaque and Commemorative Stamp
-ETLYiezMCo 1947 Louis B Mayer MGM Co Founder HUAC Testimony (Outtake)
-EsBrpWMHbo 1950s Soldier Leaves Home on Cane
-F5jWGV1NFc 1937 Antoine de Paris Debuts Readymade Hairstyles
-FKxZTjFtf0 Devaluation of the Franc
-FRYwUio7To 1950s Woman Dances in Kitchen
-FyXXuMEuVY 1950s British Airshow:  Vulcan, Midge, Swift, Valiant, Provost, DeHavilland
-G2eGwKu80s 1936 Cross Country Bike Race
-G6OQlsikJA 1950s Radio Transmission. Ship in Rough Seas
-G9VlEHItK4 1967 Automobile Race
-GI9ccPPDTM 1920s Cheyenne Horse Parade Rodeo
-HKr8Dl0n0Q 1950s Egyptian President Gamal Abdel Nasser Gets Off Plane (Silent)
-Hfe1sjKCUY 1940s Autombile Sales 6
-IGQQvTTQmw 1950s Propellers Spin Underwater
-J1xEYJgQ48 1966 Winter in Paris
-J9s4GvFPmw Right or Wrong? Making Moral Decisions (1951) Part 1 of 3
-JTQnoKhSto 1940s Record Spinning 2
-Jy21rcngEs Odd Victorian Chorus Line / Music Dance
-KI3Wo0sof8 1960s Soviet Dancing (Silent)
-KtA6UGQTLY 1950s Barbecue Hot Dogs Family in Backyard
-KuN4_PiSFA 1900s Knoxville College Graduating Class Photo
-LGJ27_bXBo What About Juvenile Delinquents (1955) Part 1 of 3
-LHz_1tUtEk 1907 Jamestown Exposition President Roosevelt Speech (Silent)
-LUjQGf7xLc Carnival Foods; Ice Cream, Cotton Candy
-MP7UYMR4Uw To Keep A Promise (1967) Part 2 of 7
-MVF-XBxLWw 1927 Dance Party Baboons, Booze and Ballyhoo / Celebrate Festive
-MWu7zkd1po Bull Whip Breaks Cigarette
-NgabjrAn9E 1950s Devil Plots Against Santa Claus Delivering Toys
-Nn9q3hVg6Q Gold Manufacturing
-O1EvZvbO_4 1960s Nighttime Car Accident (Silent)
-OOd-vdiFk4 1967 Red Chevrolet Chevelle SS on Freeway
-OXv_ftaqnU 1950s Meat: Meatballs, Bacon, Processed Meat
-OvYeHPJ1vg 1941 Society News: Wedding of Gloria Vanderbilt
-P8MasetLeM Concorde
-PEhvqOgD24 1950s U.S. Army Tests Rocket Launcher (Silent)
-PiFN9vrC7c 1948 HUAC Hearing with Alger Hiss
-QBMWiQA42g Mother and Daughter Drive in Red Pontiac
-QNk5yJ637U The Story of Christmas (1958)
-QQc1xRB_Zw The Answer - Promotional Film Westinghouse Refrigerators (1950s)
-QriexbEVpA CHICAGO, AERIALS, DUSK
-RrRnQm5ibw POLLUTION 1970
-Rv9YUGVVCw 1940s Italian Festival of Towers People Carry Crowds Hop
-RxwEtk93A0 1952 Doctor Administers Flu Vaccine and the Shipping of Vaccines (Silent)
-SC6zpTM8yY 1939 New York World's Fair  Part 4 of 6 (Silent)
-S_1bLUutuk 1901 Artist Model  (Silent)
-ShDR6pY3cg 1940s All Harmonica Band (Silent)
-SkJG-uNFxU 1959 Iran Part 2 of 2
-TWCNn7Asno 1930s The Great Depression, Huey Long
-TX_HdqtwGU 1950s Innovations in Packaging
-Tqw2K6DNAI Main Street on the March! (1941)
-U44QYd4ugc 1950s Hands Adjust Thermostat
-U4ssqdq6Bw 1937 Central Park Zoo Fashion Models
-Uc1WAIaKD4 1930s Cowgirl Wrangling A Herd of Cattle
-UdFJp9jCt4 Beijing, China- Jingshan Park
-UeScdnXegg Chicago Aerial: Sailboats Docked in Chicago Harbor
-Unalh1Cl34 October 27 1904 First Run of New York City Subway
-VouUBLiCeo Industry, Factory, Machinery
-VvIe258kGE NASA Robotics (1974)
-WTF3UoUTIw The School Bus And You Part 1 of 2
-Wv2rpM6NpQ 1961 Robert Kennedy Discusses Khrushchev and the Berlin Crisis
-Wx8fvMET0M Telegram and Telephone (1956) Part 2 of 2
-X0xMJEHWh4 Problems with Teenagers
-XcFcmQ00nM 1958 Camaro Car Drives Along Highway
-XmWKlCYFec History of Silent Film Serials
-Y9e7Xv74bI 1920s Hollywood Bessie Love and Harold Goodwin
-YMFvBDTIK8 1940s Father and Son Late Night Snack
-YvX39swG4w 1936 Edsel Ford Questioned by Ferdinand Fecora
-Z8h5kDUqus 1925 MGM Studio Tour Part 3 of 6 (Silent)
-ZXlE0BsTR4 1957 Soviet's Launch Laika the Dog in Space
-ZwpIPz_0v4 A Family Portrait (1947) Part 4 of 7
-_LSU7C-9xI 1950s Mexico Tourists Visit a Cathedral (Silent)
-_n95kmzMvQ Dancers, Fire Breather, Bizarre Stunts
-_nGyeEBXmA 1960s Interview Muhammad Ali Stripped of Heavyweight Championship
-axhsaVLwLk 1900s Winged Man on Top of Car Speed.
-cB1vVhb3ls 1950s Women in the Kitchen
-cN146Lxh5c American Engineer (1956) Part 2 of 2
-cNyR93nh7Y 1960s Barbemint Gum TV Commercial (Korean)
-cUCvqMcQO0 The Story of Television (1950) Part 3 of 3
-cjpSomrQfg 1950s Man Shops for Electric Razor
-ckBx-maHi4 Women In Salon Watch TV
-dtTEmsoCq4 1940 Texaco Advertising in Magazines and Billboards
-e-ghfeWjDM 1930s Alex Handy Drives Golf Ball Through Telephone Book
-eCI5V-n_gk 1960s Audio Engineer Reel-To-Reel Deck
-eQc776-o40 Wife Attacks Husband, Husband and Wife Attack Man
-ekApFX8i9I Sylvania TV Seabreeze Cruise (1956) Part 4 of 8
-fu7jDmCZXk 1950s Little Girl Walks Out of City Dog Pound With New Puppy
-fxYH9zmwB4 1940s Children Pledging Allegiance
-g-RFCOLcOE 1940s Birthday Girl Blows Out Candles on Cake
-hm2nB2rPLE Winston Churchill
-i73o4QtzU8 1970s Birds Eye Frozen Dinner TV Commercial
-i8t53npvsE World War II: Britain
-iQQxgaE3TY Early American Education
-igcp0kph-k Oil Rigs, Construction, Demolition
-jDK7KwOjEs 1938 New York City Memorial Day Parade
-js-EqBmi8U 1930s Geologists Examines Dormant Volcanoes (Silent)
-k7YuEJP7iI 1950s Family Eats Breakfast
-kC80xo5NPo 1960s Las Vegas
-lTSPK_DLms The Color of Health (1960s) Part 1 of 3
-lTeHiyzm4k 1930s Seattle Sailboats
-l_P0M_2pWA 1954 Brooklyn Dodgers with New Manager Walter Alston
-lzLMR1bJ7E 1950s Soviet Air Force Parade (Silent)
-mS_3Sjg_V4 Time Lapse Vine Grows on Pole - Flowers Grow & Die
-mk4f0pz2G8 1965 Funeral of Winston Churchill
-o3ZSyEbwig 1935 The \
-oFLTUvzAMw 1901 Pan American Exposition President McKinley Review the Troops (Silent)
-oetHPAginI Captain Midnight with Ovaltine Promotion (1955)
-okYpeN_hjQ 1940s World War II Soldiers Watch Film
-pcXdW8RfHg 1890s-1920s Women Fashion Through the Decades
-q7kK8pecMU CHICAGO, AERIAL - PAN ON NEAR NORTH SKYLINE
-qZCQixVYUo 1960s American Car Workers
-qrQnfyDYjw 1940s Toast
-r4d4sbLAjY Maxim Coffee TV Commercial
-rLb0hs28EE 1961 TV Commercial: Ideal's Roy Rogers Quick Shooter Hat
-rYO4oyoCOI 1940s WWII Europe and Pacific Invasion
-rgdPPSTbKE 1910s Big Cities in America
-rjjFBMYOtI 1966 Chevy Stunt Driving Night
-svvXrFEuy0 1968 Autogyro Demonstration
-tgRMZkypEk Plane Flying
-tmtvhWIhvU Uranus 8 Frame (Silent)
-u7cGM1zepA 2016 Democratic National Convention Third Wave of Protesters at FDR Park
-unNhiN3Tkc Pan Am: From Little Wings Part 2 of 2
-urJb-DDHHU 1930s Growth Of State Highways
-vTBjwx_B8E 1965 Stuntman Aviator Paul Mantz Crashes Plane and Dies
-vgvUuzPpqE 1935 Joe Louis Seen After Beating Max Baer
-wuJvGE-NP0 1934 Princess Marina of Greece Meets Her Fiance the Duke of Kent
-wx_XmJc5eE 1902 Teddy Roosevelt Addresses Striking Coal Miners
-x6YJjlpIzA 1960s Ball Rolls Out Into Street. Car Sudden Stop / Accident
-xwGWA11x5Q 1966 C'est Si Bon Dancing Lovelies Scopitone
-y3wLNTJHjw 1940s Woman Contortionist Performs On Stage
-yDpG8AKr-w 1960s Disabled Child & Mother with Therapist Part 1 of 2
-yFAUdeo96M 1931 Al Capone in Court for Tax Evasion, Chicago
-yNNmvFeGsI 1930 Chico Marx Laughing on The Beach
-yfJeoywFG8 1950s Executive at His Desk. Tilt Up of High Rise. City
-yz1z3v7NAw How We Get Our Seeds (1950)
-zBSoFuN984 1970s Ivory Soap TV Commercial
-zU2lAK6EsQ Don't Take A Chance (1966) Part 2 of 7
-zaJA95tXrg 1950s Oil | Boys | Lab Experiments
-zoU-mtILsA 1950s Canadian Mounted Police (Silent)
-zovbmm8lX8 1950s European Hula Hoop Craze
-zslxy_GuwA 1940s Students Leave School
0-GUqJDayL8 1950s Explosion, Dirt
001t8qPhHiw 1960s Man with Beeper
00xMPozGBGQ The Hawaiian Islands (1960) Part 1 of 3
01z_4iee7Xc 1970s Japan, a Modern Industrial Nation at Work
02C3g1WOFME Man Almost Run Over by Team of Horses Expression
02OG79hQo_0 The Color of Health  (1960s) Part 3 of 3
02qPVWS_iaw 1938 London Newspaper Headlines (Silent)
02x6m7Sj_7o 1950s American Dairy Association TV Commercial
03B80UqPN9w 1970s Hubert de Givenchy Paris Fashion Outtakes
03aSurKgFAw 1949 Ambato Earthquake
04mJIsEGyJs NEW YORK, MANHATTAN, DAY, FOG, AERIAL
050DqDIKMFE Grandmother Cooks Dinner
05BXjTXwbSY 1930s FDR's First Presidential Campaign and Inauguration Speech
05I2KIuoH9I 1950s England British Pub
05sSMsB6hrk 1950s NASCAR Race
06FObXSod4E Counting Money Part 4 of 4
06iHi4EAlNc This is B'nai B'rith Part 5 of 6
06zmjVnI6zM 1929s Cowboy Slapped, Crowd Laughs
07HNwqs1zd0 1950s Woman Walks Along Street. Enters 'U.S. National' Bank
08KK-zE3H44 The Number One Team (1967) Part 2 of 3
08faDEicdSw 1954 Senator Joseph McCarthy
08gfHxunNRY 1940s Flood Disaster - House Falls Off Bank Into Raging River
09YAwZRm61s Height of the 20s (1925) Part 2 of 5
0AGi8-80Whg CHICAGO, AERIAL - PAN NORTH SKYLINE PAST HANCOCK CENTER
0AMoCgr3Lk0 1950s Snow Skier on Slope
0AlEStLgFVs 1930s Head On Car Crash
0BCCKA6pGZ4 1956 Professional Baseball Game
0C-DF5WAME0 1902 Can Can Dancers (Silent)
0CEgsNBCPKU Boxing. 18th Century Boxing Match. Fat Man Reaction Shot.
0CH3qvw3CDw As Others See Us (1950s)
0C_nNawZHwQ NEW YORK, TIMES SQUARE, NIGHT, AERIALS
0D6yFJiO0Fo Fit for a King (1937) Part 1 of 7
0D7narMeAlI 1903 New York City Skyline from Hudson River
0DDkTE3yRSc 1903 Lower Broadway New York City Towards Battery Park
0Dg8-iyIgxU 1930s World's Largest Chopped Salad
0E6gRlAPV-k 1960s High Heel Sneakers Night Club Dancing a Scopitone
0EIKnoYFIk0 1935 Signing of the Franco Italian Agreement
0Eifo_PkzV8 MONSTER DINOSAUR P2
0EwAMmrelQ8 Ivory Dish Soap TV Commercial
0F3aVdO0ljU 1952 Bloody May Day Tokyo Riots
0FIGVXDA8K8 1958 Paris and Algiers Riots
0GXsYBrottg Circus: Acrobats and Jugglers
0HBP_Yp3QIc 1930s Dust Bowl
0HEWu8fqrRI HIGHWAY ON A BRIDGE COLOR
0HN3SpQiL6s 1920s Coney Island Rides Roller Coaster (Silent)
0I6icgOV-7A 1950s Plane and Train (Silent)
0J-3lvyzxZc 1970s London - Cabs, Double Decker Buses, The Underground
0JNd3n-LJyU Lights Turned On, Plugs, Switches, Knobs
0JyOD3PBZTc 1940s Ford Automobile at Airport
0KMzRi-m2jg Dancing Circle Outside Patio Jitterbug Fun Cu's
0KltQq_We-8 1940s Teens on a Date
0L8ibXOtCg0 1960s Chevy Western Saloon 2
0LUndLNBWOI 1950s Teen Mother Living a Lie
0LX8-ce8iyY Pan Am: Wings to Bermuda Part 1 of 2
0LxObTMJp4Y Little Boy Plays with Dog
0Ly4CW7oenk 1950s Car Driving
0M8303S88wU 1970s Elementary School Children Being Vaccinated
0M8aNmW6_-s 1941 Movie Premiere: Betty Grable. George Raft. S. Henie. D. Topping. Burns
0MQzCKaLhPc 1940s Hula Hooping
0N6ube-Ww9M Water Safety PSA
0N9pheYMHEM 1939 D W  Griffith and Hal Roach (Silent)
0NlhjICCNKM 1938 Louisiana Swamp Land Car Truck Floats on Water for Marsh Crossing
0OAjLwKPBh4 1950s Times Square During an Air Raid
0OUOq54BHck Harvey (1950) Movie Premiere
0PGeQr5Wdlc Man Wearing
0PsgT12Cw7A NEW YORK, MANHATTAN, DUSK, AERIAL
0Q7RLrRBQV4 Priceless Cargo (1946) Part 1 of 4
0QMwKl_b1T0 1935 New York City Parade (Silent)
0QNT5g9s-6o 1956 Vintage '50s Cars All Colors Makes
0Q_BVcLV7WQ 1970s Family Piles out Of Station Wagon  / Vacation
0QhcmgmwefI 1960s Lunar Module Liftoff and Recoupling
0QljHAPAayg 1950s American Medical Association Conference (Silent)
0QoxsvZKFXM 1930s St. Petersburg Summer Fashion Show
0R7HU5aH4gQ 1890s New York City
0RjFplXzvgI Santa Monica, Palm Tree, Sunset (3)
0Rp7VM7bswY Fiorello H La Guardia (1948) Part 1 of 3
0SVwU5Day0Q 1930s Donkey Eats at Table, Sleeps in Bed
0T5CBS6Brj4 1950 Northwest Orient Airlines Flight 2501 Missing
0TCdLRE9urw Double Decker Swan Song (1952)
0TGETSECOSI Commercial: Smarty Bird
0Ta0Te1AcU0 Miracle At Palm Springs (1970s) Part 2 of 7
0TjKgEepsqs Circus. Fat Victorian Women Acrobats. Balance Act / Odd Early 1900s Silent
0ToXI3H31qk 1920s F. Scott Fitzgerald Writing at a Desk in Paris
0TrZB_d7byk 1940s Theater Marquee, Movie Goers (Silent)
0U5Rn06EWsQ 1960 Christmas Shopping Japan (Silent)
0UIJWcog65k Men use Mueller Exercise Belt
0U_TywG6VtE 1940s Trains of the Norfolk and Western Railway
0UmS4VpD_Es 1930s Women on Various Exercise Equipment with Commentary
0V426FsFvX8 1966 Wollensak Reel-to-Reel Tape Recorder TV Commercial
0VwwUDbxQUw 1962 U.S. National Championships Women's Singles Finals
0Wgx6tlOFgc Family Sits Down to Dinner
0Wt3_pEqXDo 1950 Mother Throws Knives Around Her Young Daughters
0XnVN7gT_E4 1950s Finger Painting
0Xuvp1nWwMc 1950s Scientist Demonstrating Odd Machine (Silent)
0YE1vZVUU9c Children Run for the Bus
0YWjXNbMAjU 1935 Three Cushion Billiards World Championship
0YyT-ZxlujM The Universe And Other Things Part 2 of 6
0Z9k8sBwluY 1950s Women Removes Cake from Oven
0ZBDc0eZ3CU 1942 US Marines Fight Japanese in Pacific World War Two
0ZQmvbx7abk 1957 Outtakes of Marines Protecting the Little Rock Nine (Silent)
0ZtsDUlm4bw American Railroads (1958) Part 5 of 5
0_IGdA2-5Pc CHICAGO, AERIAL, NIGHT - PAN SOUTH ON SKYLINE PAST MAGNIFICENT MILE
0_bqAzRro6w Spelling Is Easy (1947) 1 of 3
0_gOKVTwt28 1966 California Grey Whale Watching
0_naDhLmLrM Man Slaps Woman
0a32IP74j8A Facial Expressions
0aSyRO5mBr0 Age of Turmoil (1953) Part 4 of 4
0akVSqHHAqc Ghosts on the Loose (1943)
0b_P_K8KBh4 A Family Portrait (1947) Part 7 of 7
0bmYcIHCvnk 1950s Prop Planes and Passengers - USA,
0cCcgq49gmk Bad Poker Face
0d_gmpAJq3U 1950s Cyclotron Atom Smasher (Particle Accelerator)
0duFsriYFI8 1960s Mexico and South American Travel
0e-u9zmvgNY Batting Tricks
0e1jov340Ck 1950s Big Beluga Scats
0e4MbSZMVZY Telephone Operators
0eMzRpkf3dA History of the Olympics Part 4 of 6
0e_Iel355Jo 1950s Pope John XXIII (Silent)
0fkVU3tLMHI 1940s Man Showering and Shampooing
0gLwkYGUlmI 1960s Hollywood Back Lots / Studio Tour / Stunt Men
0h2siQgrupY 1930s Women In Bathing Suits Perform Tap Dance Routine
0h6whYOvV3M 1940s Diana Theater Tipton, Indiana
0h7xuurXIyY 1936 Prince of Wales At King George V Funeral (Silent)
0h8W-rOsC1c 1970s Henri Marchant Cold Duck Champagne TV Commercial
0hXyQ9SwZ8Q BUDAPEST, HUNGARY, TRAM, COMMUTERS, NIGHT
0i7HMwE-50c 1932 Presidential Nominee FDR Hold Rally One Week Before Elections
0i9TbEjA38k 1930s People Ride in Weird Wheel Contraptions
0ic5u7P70Uc 1920s Hollywood Eleanor Boardman
0isr1l-iiSs 1920s Coney Island (Silent)
0jWrnqGxdro Have You Got Any Castles? (1938)
0jfvktZToEo Home Is What You Make It (1969) Part 1 of 4
0jwUh6jBCFI PUTTING DINNER IN THE OVEN 1940S
0k8Rq_AW7zA Miracle At Palm Springs (1970s) Part 7 of 7
0lJdkXDWk7Q Ken-L Ration Dog Food TV Commercial
0lb5EDvZKn0 Newspaper Headlines
0mULV8I6fpM Cowboys and Native Americans Western Chase Scene
0mUgU52dRYA Little Cowboy
0my-AXpXwS0 Living in New York (1962) Part 2 of 3
0mz3jak3xJ8 Tight Rope Walking
0nP6Ncwub3w Let's Go To the Fair (1940) Part 2 of 2
0nvApfaUK6M 1950s Creating Horn Instruments with Jazz Horn Section Playing in The BG
0nyVgFMRMLI 1964 Civil Rights Bill Signed by President Lyndon B Johnson
0o3i0-44vPk 1960s Aerial of Statue of Liberty / Americana
0ovVIKY7dqc 1966 German Cruise Liner Europa Arrives in New York City
0pFtKPxY49U 1961 President Kennedy and First Lady Visit France
0pGzxs-Ikvg Antarctica and Australia from Space
0pJT91vpUCQ 1914 Dirt Track Car Race
0pKyEgedlJc 1956 Washington D.C. Group of Politicians (Silent)
0peayEASFUg A Manner of Speaking (1959) Part 4 of 8
0prtldGWXgo 1936 New Years Eve Havana (Silent)(Outtake) Part 2 of 2
0rICHFt7Gg4 1954 West Germany Joins NATO
0rTPQ4J_104 1961 Fire in Hollywood Hills Burns Down House of Aldous Huxley
0s0mgyoiZ84 1963 Lyndon B Johnson Assumes Office and JFK Funeral
0s9ogUGfGXE 1940s Hollywood Street Tour of Famous Landmarks and Buildings
0sF2UN1oWEU 1950s U.S. Navy Destroyer Shoots Down Airplane
0sdLFFfs7Wo 1940s Labor Men Processing Metal Sheets on Huge Machinery in Factory
0uAAKraXG34 1965 Los Angeles Watts Riot Aftermath
0uwQ4tWdNzk Lion Egg TV Commercial
0v5ArCs6cwQ 1940s Admissions Office
0vTuLHSTBHE 1930s Famous Chicago Gangsters
0vkYVU3_-IA 1934 Kansas City Fishing Class (Silent)
0wJxe-lU9rM 1956 Dedication Ceremony to Charles Hughes at the Building of Brotherhood
0wm11OeY7bE 1931 New Military Stealth Tactic Demonstrated with Zeppelin in Langley Field
0xGOCzTy45M 1932 Hollywood Filming for \
0xGrNhlkX4c Martians Attack Kids
0xl1RGbObC4 1930s President Roosevelt's New Deal
0xsqrL5hKp4 1940s Men Work Out
0ykdSBGoo_I 1950s Czechoslovakians White Water Rafting Obstacle Course
0yzrB2UFq9c 1950s Food Products
0z1-AE2L1rI Crowd of Teenagers
1-RjTuW7kJA 1972 President Nixon at a Campaign Rally Chanting  '4 More Years'
1-kB0c6XoFU 1980s Hollywood Landmarks Mann's Chinese Theatre  and L.A. Walk of Fame Stars (Silent)
1-w1D_zonso 1950s Father Comes Home, Gives Mother Money
110foAJ_PJo Robot Comp Reel
111EEOlXt3g MS 3 (1959) Part 2 of 2
12LpPTm9EME 1919 Foreign Brides and Children of American Soldiers About to Travel to America
12R1WKGg7Mg 1940s 1950s Broadway New York City From Top to Bottom Part 1 of 2
12Uld_OxG5g 1950s Parents with Newborn Baby
12pEiOCav_M The New Frigidaire of 1936 Part 4 of 5
13A-eJp0PWA 1960 Elvis in The Army 2 Years Are Up
13IET1zBpYE Builders of the Broad Highway Part 2 of 4
1462C90XWUE 1950s Egypt Landmarks Nile River, Pyramids and the Sphinx
148Lh2TVkBA 1950s Ingrid Bergman and Roberto Rossellini
153eoUXwqPU Beijing, China
15Hnq-Mvm-s 1940s War Scenes Philippines Corregidor Bataan General Mac Arthur
15_LecM2dLo 1950s Ten-Pin Champions - Bowling - Dick Weber, Don Carter
162CZjyhDpk Little Boy Scans the Sky - Loop
16Z670bdH9k 1968 Vietnam Protests
16ZpKvrY-_E 1930s A Day in the Life of Helen Keller
16qB9E8Z648 1950s Teens at Gas Station
16u79sgeF8E 1948 Florida Governor Fuller Warren
170Lapkpv8U 1960s Sugar Plum Toy Commercial
172KbE9--FI Barbers
187U4UA9tyE 1950s Workers Lay Electric Line Rochester, NY
18YjGXP6Vlg 1965 Missouri President Johnson Signs Medicare Bill with Harry Truman Attending
18mbuAVRszw NASA Lunar Ranging (1974)
18rpHH5WpKA 1950s Boy On Pogo Stick by Highway
195rpsB6Nn8 1966 Chevrolet Caprice Custom Woody Wagon
19jyqlNlqN0 1920s \
1A4BSpThwmI Man's Foot on Pedal, Driving
1AIkLRUk_UM Sylvania TV Seabreeze Cruise (1956) Part 3 of 8
1AMF4_AKnEo 1950s Bullion Factory
1AQ_68c1P50 1930 Justice Oliver Wendell Holmes Jr.
1AnbVV2Y5Ok Life With a Baby (1946) Part 3 of 5
1AvHu596wPU Excited Boy
1BLuEJWT7Ww 1970s Printing
1BaWf89xjms Red Nightmare (1962) Part 4 of 9
1BnWYJSdHBM 1950s Blinking Computer Lights
1CBMmTg0nlk Waves of the Atlantic Ocean
1CbHm-py754 1901 Divers in Reverse
1Cfa_CHFcV4 1960s NASA Footage - Mission Control / Rocket Launch (Silent)
1CoEIP93AmM Laughing, Fall Over Backwards
1CuJVaENTKM 1930 John & Ken Hunter Set Flight Endurance Record (Silent)
1CvjGo-a9RM 1956 Tennessee River Floods (Silent)
1DFj3APgMuY 1930s Daredevil Bikers (Silent)
1EF_DGEJ_lc 1991 Macy's Thanksgiving Day Parade Santa Claus, Reindeers
1ETO1d4rcsU 1950 Stanley Woodward Becomes Next US Ambassador to Canada (Silent)
1Eq9d9BIAXI Puerto Rico, Isabela Beach, North West Side
1EqywaKvkW0 1950s Various Mercury Automobiles - Promotional Film
1FoLjGeTEPg Runaway Cars
1FzwJg5LkW8 1960s \
1GVxM2QOf-8 1950s Telephone Technician
1Hoa6PgYSKI 1966 California, the Central Valley and How Man Uses the Land for Agriculture
1HxNLj6wbuQ Smokestack Demolition
1IEMDjsSH7w 1966 Della Reese \
1ImUwVdpUIk Plane Flying - Vapor Trails
1J7Hk_lsS8E 1950s Teens in a Classroom
1J7v8Hp_13M Kids Walk Home From School
1K2ym32Qfb8 1936 Olympics Berlin Opening Ceremonies
1KeTcUZ7Nhg 1930s Kids Fighting with Colored Powder
1LPhPrRgYRQ Human Targets
1Li5QM_cxPg 1955 World Series Dodgers Win
1Lq5GC75iaA 1956 Alcatraz Tour (Silent)
1Mk6Eln-cHE 1941 Women's Diving and Swimming Champs: Helen Crlenkovich and Gloria Callen
1OX58mrryKw 1930s Hollywood Stars Model Clothes and Hats (Silent)
1Oe0u_bIFKg 1950s Engineer Adjusts Scientific Equipment
1Pis9sck08g The U 2 & TR 1 Story (1950s) Part 1 of 2
1Pn9c1BrVn4 1941 Fashions: Lace Gowns and Lingerie
1PnIzoEEnL4 For Your Information (1970) Part 1 of 3
1PpN-8dnDjA 1960s Man Runs to Keep Date at Designated Time
1Q0e_Qtut8g 1956 Mississippi Governor, James P. Coleman Responds to Questions about Civil Rights
1QrLmKwnm7I 1920s Press Office Busy (Silent)
1RhXD9IzMWA Steel Man's Servant (1950) Part 6 of 8
1S3aOA9LStI 1950s Rice Paddy in Japan
1Sr0uPJJBI4 1918 Sinking of the Austrian Szent Istvan (Silent)
1TE7K89D7x0 1915 The Lusitania: Launch, Sinking, and Survivors
1U3WP_yB_64 1922 Beardstown Levis Break Flood
1U4zNx_eqQ0 To The Fair! 1964 World's Fair in New York City
1VSJmXp3pgI 1948 President Truman Visiting His Hometown Independence, Missouri
1Vn8dgZK5mI 1920s Acrobat, Marathon Dancers, Airplane Stunts
1WAUm6FXnQY 1956 General Motors Motorama Firebird II Concept Car Displayed
1WqngfQBmFs 1951 Daredevil Gets Into a Chest With  Lit Dynamite
1WrKPB4W-us 1957 Los Angeles Confidential Conspiracy Trial (Silent)
1X5ET0-vT1E Young Pigs at Trough Eating Rolled Oats
1X66crntYwA Film Leader 20
1XFlWFk0iOU 1929 Motorboat Race on Schuylkill River
1XabRMu9xBY 1930s Cars Drive Off Cliffs, Mountains, Buildings
1Y4Pte25sN8 1960s Disabled Child & Mother with Therapist Part 2 of 2
1YIA_taCAcM 1940s Boy Talks to Girl on Phone
1YXhyXk0hR0 1950s Ice Fishing
1YuP_2SwPWI 1960s Taj Mahal Paris Tokyo
1ZpCyER1qp4 1939 Veterans Day Parade Philadelphia
1ZwoyVD5G30 Spike Jones and the City Slickers Perform \
1_-Ey327-Mo 1971 Camaro & Corvette Stingray Meet at The Fork in Road
1_JUXvpn9kw Your Safety First (1956)
1aw_TA94B-M 1919 Belgian Cardinal Désiré-Joseph Mercier is Welcomed in NYC and Honored at Columbia University
1axLLLc57o0 Land Of the Free (1940) Part 2 of 7
1bDwzJbzcwc 1935 Rodeo Bull Riding
1bUqgOiPMYs 1956 Suburban Near Car Collision at Stop sign
1biTHyU96a0 1930 Lewis E. Lawes
1c8iB1ZgB-0 1962 JFK Cuban Missile Crisis Part 2 of 2
1cImi-G0xMk 1937 Shanghai Massacre
1dHofJcNFcw 1950 Boxing: Jake LaMotta KOs Laurent Dauthuille in Final Round
1dKG6xI0HHc Speedboats
1dwdtqPSMbQ 1950s Communications
1fcBtLpC7gw Baseball Stunts
1fiwB8ogJXo 1951 New York City Ticker Tape Parade For General MacArthur (Silent)
1fp1m9yIsRI Beethoven Composing His 9th Symphony, Laments Hearing Loss
1g5c8YuAMQQ Female Factory Workers
1gI0TAa9d7U 1950s Springtime Fever Time - Flower Opening, Trees
1gbagRbIZ0A 1950s Man in Lumber Yard Answers Telephone. Writes Order / Supply
1h0wpGaq3V0 1955 Adenauer Negotiates Release of Germans POWs
1h3sMYfUCH0 1940s President Truman Red Cross Promotion (Silent)(Outtake)
1hAIKSLKTjg Woman Slaps Man, Beats Him with Rolling Pin
1hRovIcBdNI 1956 Everyone Says the Future Is Strange
1hb-wCwNmIU 1950s Meteorologists Tracking a Storm
1htAhnxEYx8 The Land (1942) Part 4 of 10
1htRKH7R03c Laugh and a Half Montage
1iHB1uycWcI 1920s - 1960s Alexander Hamilton Secretary of The Treasury
1iKwhTSI3AM Exercising Youths
1iwAGvBtCwg 1928 Robot Thinks Marriage
1j0mMLTAp1E 1960s Allerest TV Commercial
1j2X7L7ADUM 1930s Railroads, Highways, and Ferries
1jzqebfm6F0 Commercial for Avon Cosmetics for Black Skin Care
1kPtwE49HSU 1939 Tom Mooney Is Released After 22 Years of Being Wrongly Convicted at San Quentin
1kUpy1gnxLg Spinning Globe; Zooms In On India
1kaMTAO17GI 1939 Hollywood Actress Clara Kimball Young (Silent)
1l-x-WsWzuw 1921 General Billy Mitchell Sinks Ostfriesland From Airplane (Silent)
1lXUpOBUuB0 1910s King George V Presents Cup at Richmond Horse Show (Silent)
1ly1FwIRZV4 1950s Ballroom Dancing Contest
1m55aW7tGmg 1940s Houston Hughes Tools Aircraft Sign
1nAyYUzIW4I Teen Girl Cries
1nXp3TFrV1c Woman Slaps Man on Stage
1npFaeKaiu8 1955 Daredevil Performs High Jumping
1o0CttyTuvc 1950s Suburban Family Goes on A Trip
1oC3f-HweAY Pine Sol TV Commercial
1oH9IbEIHak 1940 New York World's Fair Grand Promenade Royal Pavilion
1odTJ1LD5z8 Coney Island (1950) (Silent)
1oivKLXIQYI 1950s People Riding Escalator at 'Modern' Shopping Mall
1p66Hc7v_RA 1966 Wassemer Prototype WA-50 All Plastic Plane
1pHtNJyJ8vg Budapest, Hungary, Tram, Commuters, Night
1pNj09RDXEs 1934 Works Program Tackles Traffic Problems, Auto Inspection
1pv--ncEixY 1960s Dance Montage
1qGwpQk0tZY 1920s Crowd Running
1rqIJLt3wR0 1935 Albany to NYC Outboard Marathon Fred Jacoby Wins
1s7uOSNocII 1950s Little Girl Plays with Cute Puppy in Suburban Living Room
1ttrME4q6F0 1980s New York City Manhattan Skyline Aerial, Dusk
1uFwYVlfDI4 1920s Hollywood Actress Blanche Mehaffey
1ufUXEmY9Cc Grenades and Dinosaurs
1utH4liaipQ 1940s Pearl Harbor President Roosevelt
1uulnKw06yw 1950s Parisian Riots (Silent)
1uunPUVN86s 1950 Commander MacArthur Meets with President Syngman Rhee and Franziska in Seoul (Silent)
1v68ze6VfSA Large Theatre Audience Clapping/ Loop
1vQu_gdu01I 1960s Offices and Personnel
1vaAaEBGvGk 1950s Suburban Home. Couple Leaving for Work in Separate Cars. Kiss
1vi-jp4PGZ4 Merry Christmas (1946)
1wDaEiReP70 1950s Airplane Factory
1wGAWTUyZoQ The Day of Our Years (1955) Part 1 of 5
1wfyaCy3vjg Crest Toothpaste TV Commercial
1x56waI6ino 1931 Prince Michael Of Romania at Parade
1xFRN4gtdfE Vietnam Bombing Part 2 of 2
1yQBJjx9pso 1950s Radar Sentry Advertisement
1yWES739GM4 1934 World Series Highlights
1yZDjuTwj08 1950s Woman Watering Garden Flowers. Green House
1zHiSCPcl9A Jap Zero (1943)
1zLpZV8sESc 1920s Jazz Musicians
2-HhxRLduvI 1950s Construction of the ALCAN Highway Part 3 of 4
206tZJTaWXE STAND BY
20HASYNciQg CHICAGO, AERIALS, DUSK
20Nza-4K4Gw 1950s Theater Marquees
20wwwt1wab4 1967 Shoreham Hotel President Johnson Address to the Consumer Assembly
214LSxgwTPs 1917 Parisian Fashion
21QcSUOGfyI 1905 Aerodrome Flying Machine
21Tfbo3Y6jE 1949 Anti-Communism Movement - Cardinals Spellman and Mindszenty / Pope Pius XII
21w0hrAs4_M Drunk Pigs (Animated)
22zk44yKMoc Villagers With Torches Chase a Monster
231ysWRH4ag A Man Belongs On Earth (1974) Part 2 of 5
23VqoxFpxIw 1950s Tops of Tower and Museum Rochester, NY
24FmUEfCLKA 1935 Wiley Post and Will Rogers Final Flight To Alaska
24S5Wd5Jm6o Jukebox
24__XM6B-7Y Human Reproduction (1948) Part 2 of 5
25_T2DfucVE 1920s Hollywood Movie Making and Streets (Silent)
25e2sLDrlRc 1936 Washington D.C. President Roosevelt Victory Dinner
25tphiY8q64 1967 Auto Race. Modified Corvette
26H7rNH7Qpc \
26ODatb-qiU 1940s Family Picnics (Silent)
26TnQMjVHYw Oil Rigs, Drilling
26XQxiM7uGQ 1950s Girls Doing Makeup
26k-MlKrjMY 1930s Japanese Government Part 2 of 2
271ilSkSagQ 1941 France in German Control World War Two
271vdaKYlZk 1950s Coal Gas Manufacturing
27noJD0G0iU Film Leader 36 in Color with Countdown
285V_vxfVt8 Is Everybody Listening (1947)
28ApROkzYUE Mother and Son in Kitchen
28S3zr0kYFE 1962 NYC Times Square '40's Military Dedication
28lpUrmUx6o NEW YORK, MANHATTAN, NIGHT, AERIAL
29M4HGOmSUs 1950s Children on a Park Merry Go Round
29SYk4V31VU 1900s Department Store
29wAR6M_xMM NEW YORK, QUEENSBORO BRIDGE AT SUNSET, AERIAL
2A5RH4qfQjA 1930s Train Collision
2AcKu72YLp0 1940s Women Wrestling
2BgeHrExM8U 1941 War in the Pacific Manilla, Singapore, and Hong Kong
2CB9H9YO_Cs 1966 Girls in Cages Dancing to Land of a Thousand Dances
2CvN-5JoxfY 1937 Paddle Ball Craze
2Cvx601kcQg 1934 Pennsylvania $1.50 for a Fifth of Whiskey After Prohibition Ends
2Dm8nPHtEE8 American Harvest  (1951) Part 6 of 8
2EbXBTGgZFU The Ballad of the Soup De Jeur Part 2 of 4
2FCiE_yghO8 1930s Great Depression
2HPrqNYi4gE 1920 US Census
2HwIC9AO7t4 Not For Conquest (1965) Part 1 of 3
2IFeAOXiJOo Tuscon, Arizona
2IKIYj541D8 1950s U.S. Southern Plantations
2KHKfE48CvU 1940s Telegram Man Delivers Telegrams
2LTctDG4jds 1942 Canadians Invade Dieppe World War Two
2MA1bYMXhtE Father and Son Eating
2MCnPWoM6MI How Much Affection (1952) Part 2 of 4
2NH2u46sq0U New Orleans, Bourbon Street Sign
2NIyTsfEVFE 1950s Man Swinging from Vines on Tree
2NKKnY_gFSY 1950s Man Opening His Mail at Mailbox. Money Check. Cigar
2OA7FKp0vLY 1960s Car Manufacturing
2Onuz4sUijs 1960s French Woman Sets Dinner Table, Waiting for Late Guest
2OpkLF8s7Wo 1940s Male Workers Entering Factory Gates
2PCjHrKBVu4 Dancing Happy
2PWnAXfV1Fs 1944 D-Day and German Surrender
2QNYnUiM06g Bizarre Dance Party
2RRMfp1HrpY 1932 Winter Olympics
2RogYeSAvAE 1950s Family Room
2RqaHS-MLxM 1970s Doctor Performs Eye Exam on Child
2RrWb4cxUdo 1904 World's Fair Louisiana Purchase Exposition  Filipino Scouts Perform Musical Drill
2S6qYYuP--c 1960s Announcer Waxes Poetic About Cars and Girls
2TObYHOWniI Men Listen to Radio
2Tk2qScf7xM 1910s Aviation Backyard Biplane
2UEttb-g6wU 1950s Aerial of Foggy San Fransisco
2USnaT93X_E 1950s Santa Claus Flying Through Air
2UcTv4DAC2I Explorers Encounter a Brontosaurus
2V7wI0Jt6Jw 1949 Macy's Christmas Parade
2Vg-BsJvEM0 1920s Federal Government Seizes Shipment of Illegal Alcohol
2Vp8QsX2kRQ 1903 King Edward VII Reviews British Military
2WS4hhdcYak 1950s Doctor Check Up and Booster Shot
2YbJzLcP6as 1930s German Costume Party
2YySPITOPdw 1950s Modern Building
2ZUkHtae_OQ The Sheepish Wolf (1942)
2Zg41e78FyU 1950s Central American Meeting (Silent)
2_HulEVZJyc Christmas; Toys, Store Windows, Santa
2aI9T-4Qk_w \
2aLnoazbwGc CALENDAR DATES FLYING BY 1940S
2aMuE3l6x6k 1970s Eveready Alkaline Powercell TV Commercial
2aUtDHcXhYk 1920s Babies on a Changing Table (Silent)
2aiJlX7ibLQ Dancers on Plank Building Skyscraper Swing / Odd
2ajoLODmsMo 1941 Promo Film for Packard 110 Line of Automobiles
2avcYY20bAY 1971 NASA Apollo 15 Space Mission
2b-DSp783HY Los Angeles, Downtown, Skyline, Sunset, Time-Lapse 9
2b-SCBcj78w 1956 Truman Shares His Opinions on the Presidential Campaign
2b8Q7Tdv61Y 1926 Transatlantic Plane Attempts
2beJ4Ey9moQ Counting Money Part 3 of 4
2cNLso6OKXU Reactions
2cU4EwprRCw Flash Gordon Conquers the Universe Serial Trailer (1940)
2cabO5GiaFk The Hospital Ship (1968) Part 7 of 8
2d-3dVqsqBc 1933 Basilica of St John's Lateran Being Cleaned (Silent)
2dIFkj_GxDI Top Job Soap Commercial
2dqtuXRMXBY The Sultan's Favorite Pege Gari and the Harem Girls (1956)
2eil-iFi_LM 1940s Housewife Cooking in an Oven
2f0iSRxahTI 1940s Cars, Service Station (Silent)
2f8TYhmYtAM 1950s Paris French Military Pays Tribute To Simon Bolivar (Silent)
2gGPDOdH6XY 1950s Coal, Smoke Stacks, Train
2gNrZJv17ps 1950s Daredevil Couple Does Acrobatics on Small Platform Above City
2gUVqgSMcDY 1940s Film Ad - American Airlines Early
2h8jc0sUBf4 1950s New York City Traffic 44th and Broadway
2hFJ9RXrzVs RCA Vista Television TV Commercial
2hqVq3iK9Go Men Fighting
2iv_JFU5FDM NEW YORK, MANHATTAN, COLUMBUS CIRCLE, NIGHT, AERIAL
2jJuSmugo-Q CHICAGO, AERIAL, NAVY PIER, CITY SKYLINE
2jNej0OQA8s 1930s Army Pilot Flies Around a Dormant Volcano in Oregon
2jQKgrwyEw0 The Inevitable Day (1961) Part 2 of 6
2kOw330LbdQ 1936 France John D. Rockefeller Jr. Honored / Palace of Versailles
2kPgyNnEPy0 1941 Times Square Zipper Announces Raid on Honolulu / Pearl Harbor
2khTL0u30Ww 1903 Woman Exercising Arms, Legs, Torso
2lBTsXrA6Dk 1950s Laundry Equipment and Maintenance
2ldBdQu3gfA 1935 Jimmy Doolittle Sets New Flight Record For Fastest Time From New York to California
2lmhjMyvjuw Beijing, China- Street Scene at Dong Chang'an Jie
2m7Fj2qyzvI 1951 Government Recommissions USS Tarawa for Korean War
2mIw5kSj_t4 The Prom (1961) Part 4 of 4
2mM3-jcz4rs 1950s Shovel Fills Mine Carts
2mjcL9T-wjw 1920s Hollywood
2msFDhF0jbM 1970s Old Lady Get an Eye Exam
2mtRY1n9VMU 1950s Children Singing La Cucaracha
2nFxeg3zhRw 1927 Charles Lindbergh Lands In Paris
2nLDbeE8rlw 1934 Zephyr Train Stops in Detroit Before Chicago World's Fair
2nenHKaCr3w 1950s Mom in Kitchen. Kids on Campus. Gas Station Attendant
2ogJscXqGjo 1970s Family Bringing Groceries To the Car
2oyvtydio9A New York City, Central Park, Day, Aerial
2p3wyeq6WRw 1920s Stuntman Drives Off Cliff on a Motorcycle (Silent)
2pU_9Iw--0U 1962 Coup d'etat in Argentina
2pbq9rF_m7Q Work of the Stock Exchange (1941) Part 2 of 4
2r5O1Zofqxg 1950s Mexico Men Doing Road Construction (Español)
2rMUxTslO1c Chevrolet Right From The Start (1960) Part 1 of 5
2rSx5XOdyo4 1960s Hippies Kissing
2rVfh1TYiMs 1990 New York City Ticker Tape Parade for Nelson Mandela
2rs7VUtvmE8 1950s Adult's Voice Over Kids Western
2ruekeV4q6s 1920s Fire Truck
2syolv56bHA 1950 President Truman Address Army Reserves About the Korea War
2u7w1IRhreY Pacific 231 (1949) Part 2 of 2
2uHrSUX2xc8 Man Gets Dressed, Gets Slapped
2uoSy3owF98 The Dover Boys (1942)
2vgJXueXhGs 1951 Max Thornburg on British and American Interest in Middle Eastern Oil Part 1
2vvCkDQODUg Flight To Nowhere (1946) Snippet
2w9dvxUh1Wk 1950s Puerto Rico Teenagers Dancing
2wLGY8QB4iI 1950s Old Sturbridge, Reconstructed Town in Colonial Massachusetts
2wQYjB6GK9E 1935 Broadway Testimonial Dinner to Paul Whiteman
2x5Jucq75AE 1967 Elvis Presley Marries Priscilla
2youFk9wugE 1950s Wedding Ceremony (Silent)
2yyS2XHoaqg 1940s USSR Weight Lifters
2z79XkirVLo Family in Kitchen
2zkDYrteOsM Beijing, China- Tibetan Buddhist Lama Temple
2zmgscw8gZ8 1960 New York City Basketball \
2znq5F5o9Fw 1961 Navy Sky Diving Unit
2zohONBRgto 1965 United States Foreign Policy
3-SgmaQgDNA 1907 Walker Whiteside \
309w-LJAB_8 Climbing Man Stunts Climbs Building Anything / Odd Stunt
30kTAoJWDRg 1962 International Agreement on the Neutrality of Laos
31jaPMpcevI Halloween
32mKFzbwIQo 1964 Tokyo Olympics Boxing Joe Frazier vs Vadim Mikhaylovich Yemelyanov
334-XhqRf9Y American Schools
33rP76Ipdto 1960s Word Animation & Loopable Patterns
345WurebtG4 1939 New York World's Fair Part 3 of 6 (Silent)
34YPzZEDICo 1936 Italy - Mussolini Salutes Crowd; Fascist Youth Sing
3570pbSoEJo 1950s Flirting Teenagers
359vWZC8JGU 1935 Veterans Day President Roosevelt Pays Respects At Arlington Cemetery
35QJGaNpVNQ 1957 Milwaukee Open Invitational
35SP-iK-OQg 1940s Men Walking to Factory Work in the Morning
35jybIsSCVs 1920s 5th Avenue NYC Traffic
35rLzzWt3SE New York, China Town, Little Italy
36OGt9GTtRs 1952 Korea Your Silent Guardian
36gx6E6C2dY America on the Edge of Abundance (1966)
36nbQgPf-dE The Big Truth (1951)
37MuWZ-CKmQ 1950s Pretty Girl Chats with Dwarf and Young Man
37VS4Wotbzw 2016 Democratic National Convention Protesters, with Philadelphia Bike Police
382dJ1_ntb0 KIDS IN CLASS 1940S
39EtbAYBcds The Population Problem: Gift of Choice (1965) Part 3 of 7
39eFRlyqK8o Woman Flirts with Butcher
39lpXhyFzDE Chevrolet Right From The Start (1960) Part 2 of 5
39qFNca30tc Revenge Is Sweet (Silent Short)
39vuIP87SSk 1900s Woman Exercising With Dumbbells (Silent)
3AB8S00R8JI 1934 E. K. Harris Lynch Mob Riots Burn Down Courthouse (Silent)
3APVZn0mt-Q A Movie Star (1916)
3ATGIx5U32k Speedometer
3AYkK0uwCiM 1945 Liberty in the U.S. Men Watching Sunset
3AtUdqCmxWU 1956 LAX Adlai Stevenson II Presidential Campaign
3B9RaQo0qDg 1940s Wrecking Ball Demolition of Slum Buildings in City
3BKcqVfu67U 1956 New York Women's Fashion
3Bfnx2wgyR8 1950s Philippines Dancers
3Bv097ENhV0 1920s New Flotation Device Lifeboat
3BxXKnl1vGI Beijing, China- Fujiangmenwei Dajie
3C7Pu-3JzjA Baby in Carriage Rolling Down Steps
3CyAlLoGF1s 1934 Stuntmen Shipped Himself From Philadelphia to Newark in A Ice Cube
3Dm9rNEIPac Bernard Montgomery (1952) Part 2 of 3
3EAHGds60Ek The River Mississippi (1937) Part 3 of 6
3FAsrdIpvIQ 1939 Philadelphia Christmas Parade
3FSyWSceC18 1920s Hollywood Shirley Mason and Francis Mac Donald
3FfyNee9c-A King of Diamonds - Lou Gehrig (1952) Part 1 of 3
3FgdXKqO7fM 1980s Pan Am Jet Taking Off
3FtpiY7q4e0 1925 MGM Studio Tour Part 2 of 6 (Silent)
3G0dcd9qv8U Spelling Is Easy (1947) 2 of 3
3GJbIng7fPw Excited People
3HCVN1NYwjo 1950s Machine Excavator and Its Bucket
3Hh1QTlu8ig Mr. Baseball: Connie Mack (1952)
3HvefFuX3-Y Mom in the Kitchen. Boys Playing Trumpet on Porch / Family Music
3IOdKEJ2vO4 1935 Chicago Cardinal George Mundelein Discusses New Philippine Commonwealth
3IZ3aGKNIVM 1941 New York Football - New York Giants vs. Eastern College All-Stars
3IcmBcCPUmo MADRID, TRAFFIC
3J5araeyZU4 Pearl Drops Tooth Polish TV Commercial
3JRdwIiTOFs Making Contact (1950)
3JRvLso9E5E 1950s Santa Claus Delivering Gifts Devil Mischief
3JcxdG0PT54 1937 Fashion Models Strike in Dallas
3JlHd8F8hPI Santa Monica Ferris Wheel, Night, Time-Lapse 2
3LJzybaoB4I Scientists and Helium
3Lv1BQvjvOU 1902 Karina Dances (Silent)
3MGRdzmWVcU 1950s Brass Doorknob, Modern Furniture, Drinking Glasses Silverware
3MO1opaVOew 1950s Women Exercising
3MxQ5qUecmY Bottling Plant
3N8yN5_Lms8 1927 Hot Air Balloon Race
3NShE7B2atE 1991 Macy's Thanksgiving Day Parade
3NxoewVoEow 1940s US Aircraft Carrier Being Attacked By Kamikaze Planes (Silent)
3OxUCYFU2BY 1937 Count von Haugwitz Reventlow
3PgJopZn6LM Prince and Princess Dance. Evil Wizard. Children's Theater
3Q5IJmMNMbA 1940s Hollywood Stars Golfing in Beverly Hills (Silent)
3QCope9xAJ0 Pacific 231 (1949) Part 1 of 2
3QbrdmiZyb0 1918 WWI German Plane Crashes Pilot Survives (Silent)
3Qrdyms7PZk Wooden Roller Coaster
3SCD-AdF4S4 Couple Canoodles, Mustachioed Man in a Manhole
3TJbp0VWgSg 1923 Library on Wheels
3TmRtaOPYFM 1940s Telephone Operators
3UDyiwe03-w 1960s Car Manufacturing
3Uy_EzhFpLA 1970s IA People Behind the Theater and Movie Business Part 2 of 5
3V-T_Z0aZ2M Couples Dancing Twist in Home Party
3ViswF_5JcM Citgo Gasoline Business Man Suburbia
3WfzWCf1_GQ Casino, Blackjack
3WtDwqykOdw 1904 World's Fair Louisiana Purchase Exposition Horse Racetrack
3XAUllpVUD4 1917 WWI Printing Stamps and Savings Bonds
3XK2vXdHhE8 Tidal Power Part 2 of 3
3XX1R8fC0WE 1968 Paris Riots
3XyQy8nEPOM 1956 Various Roads and Tunnels
3Yc-44QGwD8 Antarctica Exploration
3YssrCE78y0 CALIFORNIA, THE DESERT AND HOW MAN USES DESERT VALLEY FOR AGRICULTURE 1966
3ZxDG1M4rjM 1906 Chinese Fighting and Smoking on the Boat (Silent)
3aRGI5wBqPs 1937 Aspiring Aviators Hold Parade in Honor of Jimmy Doolittle
3aTitChWQJg 1920s Hollywood Marie Prevost
3amWGnnJeF0 1950s Herd of Cattle
3b5BeSCl0Ho 1931 Al Capone Leaving Courthouse, Chicago
3bFFx32Z398 1950s Laboratories
3bO51EHxJnA 1903 Broadway and Union Square New York City
3bob07bfEUU 1933 Inauguration of President Franklin D. Roosevelt
3cfk7Y__Bko 1920s Rocket Plane Fails
3dEMbha9H9A BUDAPEST, HUNGARY, TRAIN STATION, DEPARTURE BOARD
3dTx1FYA4TY 1936 RMS Carinthia In NYC Sets Sail for West Indies (Silent)
3e2bsb46h5Y Emotional Maturity (1952) Part 3 of 5
3eB8040XBcs 1930s Woman Rejects Man, Slaps Him
3eFPkqBLCdg 1957 John F. Kennedy Questions Jimmy Hoffa
3egjv-5qZBc 1930 Women Exercising
3fD35DCmEhI Building A Bomber (1941) Part 2 of 4
3g2R12yq8MI 1960s Fashion Shows
3gOjG3oxs0c The Diesels Roar on the Pennsy (1972) Part 2 of 3
3gnT61LJsSQ 1940s French Riviera Part 3 of 3
3hnibrqOFUU 1956 Emergency Parachute Test (Silent)
3hoxSEPOu5c Concorde
3iNEcabD7IA 1960 Men Seen Escorted From the Courthouse (Silent)
3irLGfW9VhE 1960s Girls Do 1950s Dance Twist on Steps
3jANZiwJ12E 1935 CBS Radio Playhouse
3jlEWTx7FpE 1967 Indy 500 Car Race. Crowds in Stadium. Blue Camaro Paces Track
3k4SDPICgUk Late 1910s Washington D.C. (Silent) Part 2 of 2
3kIhwXWISqo 1935 Philadelphia First Autogyro to Deliver Mail (Silent)
3kUDMNGj7Ns Seconds for Survival (1960s) Part 1 of 2
3l93xzhl7Bw Away with the Balls (1955)
3lBmWnDtdmo 1935 Cardinals, Tigers, and Giants Spring Training
3lgk31KN48Y 1950s High School Students Gather on Steps to Gossip
3lnXIiR6OW0 1950s Family Moving Into New Home Developments / Delivery
3lqJcKLyViw Alien Dancers Attack Man in Audience, Odd
3mMMyQUrHF8 BUDAPEST, HUNGARY, OPERA HOUSE, NIGHT
3mivqV839R4 2016 Democratic National Mississippi Flag Protest Philadelphia, Pa
3nQdIbAKkkw 1930s Man Plays Slot Machine
3ne7l7OAJEw 1945 Empire State Building B-25 Crash
3njT7BDuU5I 1950s Boat and Old Man with a Crossbow
3nwC4QyVdNU Plane Flying
3oUHxDOckuQ BUDAPEST, HUNGARY, SZECHENYI CHAIN BRIDGE, DANUBE RIVER, NIGHT
3p6mlrkDbcQ 1950s Spinning Display of Home Appliances
3pVkUXIxpWE Explosion, Mushroom Cloud
3pWCg12YaGQ 1990s Manufacturing. Assembly Line. Car Dealership
3pdSIqqLcc4 1971 Man in Suit Walking Down Sunny Country Road
3q6D5LJOvHc 1920s Swimwear Fashion
3qIH8o6BXrE 1930s New York City Rush Hour and Busy Office
3qusQuNnvZs 1950s Interior Refrigerator. Woman Places Food in Oven. Auto-Timer
3qv_M7KN_Rc Liberty Belles (1914) (Silent)
3qvcskQ59_U Car Crushed Then Pulled Apart
3rSNQceRJ_0 1957 Robert F Kennedy Interrogates Jimmy Hoffa
3sD1QCvjqX0 1950s Colonial General Store, Shop Owner Shows Shoes to Customer
3srDjMadrCM 1940s Hollywood Film Stars (Silent)
3uCqh1rt0do 1950s Colonial Furniture Maker Finishing Chair
3vZxv-c6mB4 Women On Telephone
3vsAcXhyP80 1930s Woman Slapped, Falls to Floor
3wivvK-jAMU Violent Cartoon Clip 6
3wrmsGaKzMU 1917 President Wilson Declares War on Germany
3wtFrKc77_A 1920s Odd Inventions
3wuPBu0_BaI 1920s Plane Spins Above Ground
3x8gcr-z6oQ 1970s Peace Signs and Currency Symbols
3xLdQria5RE 1980s Man Using London Phone Box
3xXSUfbTqYc 1950s Highway Driving and Gas Stations (Silent)
3yDj5Bysiuw 1940s Sunrise
3yvhfy99rUM Priceless Cargo (1946) Part 3 of 4
3z1ziQyTANM 1940s Woman at Vanity Table Prepares for Night Out
3zH8SWR-ja8 1950s American Landscape. Western Desert. Formation Rocks
4-2GQz19uYo Business As Usual
4-T5AyEzXUA 1900s Rodeo
403UZUkEURY 1937 Mummers Day Parade
40G-ejfzik4 1965 89th United States Congress
40Uu8UKRuGE 1936 Gambling Machines Thrown into the Long Island Sound (Silent)
40YQDRys6QM American Montage Part 4 of 6
416JTJXjHaA 1960s Pan Am: USA Part 2 of 2
418BPrWw_N4 1940s California Bathing Beauties
41FjCww8-fI 1950s Fire in California
41NbHSEodXI 1927 Charles Lindbergh's Transatlantic Flight (Silent)
41UHpoQx6zk 1941 Stalin Calls Upon Soviet Citizens to Fight Against the Germans
42B2Yk2q8y8 1950s Aerial of Pittsburgh Skyline
43LDXH7mXK4 Canada to The Keys (1955) Part 2 of 3
44JWN_0UX5M 1940s Child Visits the Dentist; Military Dentist Inspects a Soldier's Mouth
44NqxO_Gu7k 1930 Geisha Girls On Tour In The United States
45B5IT9j6eo 1971 Chevrolet Plant Warren, Michigan Emission Control for Clean Air
45dZiT4JlOw CHICAGO, AERIAL, LIGHTHOUSE
45t9b0U11vM 1960s Fashion
45w7j-aBVEU Accounting Through History
474muy_mfEE 1948 President Truman Shaking Hands with Senator Arthur Vandenberg (Silent)
47StreVpQmc 1950 Lebanon Soldiers Riding Tanks in Sunny Street (Silent)
47_XH6Kh8NM 1950s Baby Derby
49bxMjV7mAA 1960 NBA Player Bill Russell Gets Off the Plane and Give Interview (Silent)
49mhZ7sSoCw 1929 Stock Market Crash
4A_9VMCTaPk 1910 Liquor Dealers of America Hold Parade in Hoboken
4BvW0SZX_Mk 1923 English Writer of \
4CbIQPDBpKc 1963 John F. Kennedy's Berlin Speech \
4DEw6V_x68g 1950s Gang of Delinquents Bully a Kid at High School Locker
4DKjpTMGrdk 1950s Boy Makes Milkshake
4E-bAiwP1ws New Delhi, India, Parliament, Closed, Time-Lapse
4E7MQHDKQj8 1937 Philadelphia Mummers Parade
4EFJsbQ5iIo Yankee Consul (1924) Part 1 of 3
4EJVn8zQm24 The Land (1942) Part 8 of 10
4EN3q71hGbE 1960s San Francisco Chinatown
4EQT0ClUyVs The White Outlaw (1929) Part 4 of 4
4F6_Qu-YrEk In Control (1960s)
4FXrGURPRiE 1950s Chicago Man Released From Jail in Beijing, China
4Fes0tmx9us 1945 Allies Prepare Axis Surrender in Casablanca
4FwzbcZmYP8 1950s Satellite Dish Antennas for Signals from Outer Space
4FyFeV5WPQ8 1950s Pope Pius XII
4GxSwXAyu1A 1966 California, the Desert and How Man Uses Desert Valley for Agriculture
4HEPg2BvZbw Back of the Mike (1939) Part 2 of 2
4HHMnAvq92U Baby Boomers
4HrPIijlnjQ 1938 Howard Hughes' Round the World Flight and Ticker Tape Parade
4IbprPDoPL0 1971 Oldsmobile Cutlass
4IyFn12sxtw 1910s Farm Life in America
4JGjQhDJTJE A is For Atom (1953)
4JMqsUlbl2E 1957 Confidential Magazine Court Case with Lizabeth Scott and Paul Gregory
4JRyh9Iz8tc 1956 Chevrolet Promotional Film
4KJQ4ZqhTtw 1940s Labor Factory Outside Buildings, Vintage Cars in Parking Lot
4L2hmCIsMX8 Sorting Eggs
4LMSjaB07q0 1907 The Chariot Race (Silent)
4LqkmdF4QzA PanAm Wings To Mexico and Central America (1958)  Part 2 of 6
4LtJlyFKlek 1930s Glassblowing Techniques
4M4TCSfBGIY Hawaiian Vacation
4MJ-cFa4eW4 1970s Dune Buggies on The Sand Dunes
4MrUkYEksc0 How To Say No (1951) Part 2 of 2
4MsjkGArDJs 1954 Major Arthur W. Murray Test Pilots the Bell X-1A (Silent)
4MufC8gCn24 1959 American Astronauts Training
4OFm1-sYD3Q School Board In Action (1954) Part 5 of 7
4OYT75EhCPg Going Steady (1953) 1 of 3
4Okn_03K5aU Office Work
4PBzOONUQo0 1930s Radio Broadcasting and President Roosevelt's Fireside Chat Snippets
4Pef8JwktNE 1970s People and Family, Driving Around
4PgbDn48fD4 1940s African American Tank Division Invades Germany
4QNgytO6rnA 1946 Segment from Winston Churchill's Iron Block Speech (Audio Only)
4QPcjg0DRuE 1940s Britain Winston Churchill  World War 2
4QWncZPuSdI 1950s Aerial View of Pipeline Prep
4QoI92_GJ1I 1950s Milkman W/ Bottles / Delivery
4R7JdUyhlLA 1980s PSA for Health Care from AAPA
4RAn_cbSkCw 1960 B-52 Launching X 15 One Man Space Crafts (Silent)
4RPcGanaYAA 1940s Yellowstone National Park Steam Geyser
4Rj1wq0DVZI Boys Eating Ice Cream
4Rwltn4AsGM Gangster Bombing
4S0iuyRvb_Q 1950s Chicken, Pigs, and Cattle Farm
4SPT0Z0_DJ4 1920s Hollywood Irene Rich
4TGjFSgjRS4 1936 MLB  All Star Game
4UjaD5rKiDM CHICAGO, AERIAL, STADIUM
4UtljuT3jmA 1930s Radio Listening Montage Family Around Radio
4VDAYdyW7hY 1940s Broadway Comedy Rehearsal
4VHkR2G_df0 1940s Christmas; Santa Appears
4W7BdCnNEGA HOW SOUND HELPS US
4WW8Y8g1u7U 1938 King George VI Visits a Boy Camp in Scotland
4WZd-u_UHs0 Rocket Launch, Young Girl Watches On 2nd take
4WnFs0XQhOM 1940s Bathing Beauties Hog Calling. Crowd of Men Rush
4X5J3RIC1fE 1935 FDR Delivers Speech to Farmers in Atlanta, Georgia
4XV0v7YKog8 1950s Boy Builds Model of Atomic Power Plant (Silent)
4XWl92htbFM 1950s Chariot Racing
4Yl1FhbR4Jc Hearing Better: Healthy Ears (1950) Part 2 of 4
4Z9octI3Fnc 1953 Various Chevy Billboards
4bV0q_DwDk8 Philadelphia With Love (1972) Part 1 of 6
4bp65rLboHs 1920s Plane Flies Under Bridges
4brsYo_wM7U 1950s Soda Jerk Bullied at Malt Shop
4cT78EVc690 1940s Bald Men Waiting at the Mo-Hair Institute
4cvQ2nL_XFw 1966 UC Davis Airport Paul Moller Demonstrates His XM-2 Skycar (Flying Saucer)
4e2kvflCXJw Children Study Airplanes
4eECJWOShxg 1956 Model of Circular Building
4eGEZMXBBz4 1920s Terrified Woman
4eVHva9cEDE 1950s Family Watches Televised Speech
4ewrpdJVK5k 1940s Washington D.C. President Roosevelt at Draft Drawing
4g2ujsWWPF0 1938 RMS Carinthia Sails for West Indies (Silent)
4gGxWGqSTz4 1958 Washington D.C. Congress Discusses the National Aeronautics and Space Act
4gnc0BxGTQE 1950s Living Room
4hE6Y4Betmo 1950s Kitchen Sink. Filling Soup Can with Water. Cooking
4hKJmmueKNI 1920s Daredevil Escapes Straight Jacket Hanging From an Airplane (Silent)
4i2lj6IaTDQ FATHER AND SON ENJOY FOOD 1950
4i7RzRYX6_w 1940s Boston Presidential Campaign President Roosevelt
4iCrJTjz9eY This Moving World (1937) Part 2 of 4
4iKjffoYoVw 1950s Grand Canyon Rodeo
4k-gYu6GoVk 1937 Miami Beach - Retirement, Tourism
4kAWZeDoCyI 1970s Girls on Sand Dunes Waving to Plymouth Fury
4kCGJEqZxbI Pans of Jupiter's Moons (Silent)
4m7nmkPVfHI 1983 Ronald Reagan Intros 1
4mZIcHCcSjE 1935 Northeast Flooding
4nNqGamRZrI 1936 Democratic National Convention
4nVIdiXL0ZI High School Marching Band
4nfVfTpMSdM In Control (1966) Part 3 of 4
4ogo2i2j_yw Getting There Is Half the Fun Part 1 of 9
4p8YMYKvHV4 1950s Magicians
4pE_wF7kwH8 1933 Nation Mourns Coolidge at Funeral
4pL3xjPIEIQ Juggling Pins
4pUKatvUgxk 1960s Falling Pennies
4pqOQAwu3Kw 1956 Domed Building
4qIC371wXt4 1936 Washington D.C. Eleanor Roosevelt Helps Dedicate the Negro Boys Club
4r2rCNK3szo Atom Bomb (1954)
4r4KIli2hLg 1930s Newsmen Typing, Running to Phone in F.D.R. New Deal Story
4r5udx3K3sY 1930s West African Vodun Tribal Dancing and Traditions
4r8Bgf9WY3s 1950s Boys Running On Beach
4rSaoQiOQAk 1932 San Francisco Police Investigate Mooney Bombing (Silent)
4rUazt2loPs 1934 Teenagers Doing the \
4t0y1w3hMfs 1940s Ford Automobiles
4uGBQNICeSY 1950s U.S. Air Force Tests Convair F-102 Delta Dagger (Silent)
4ubTqUKPRzE 1958 Caracas Vice President Nixon South American Tour and Return
4w7ObfYOx3E 1920s Hollywood Mae Murray
4wMSarwZTDA 1956 Walter Reuther Comments on USSR
4wTjfcAgCxw 1930s Automobiles Stunts
4xCh3ok7zO0 1930s Wacky Invention: Wiper Goggles
4xLxu_U3VgY Girl Exercises, Eats Chocolates
4xV15cvdyQU 1940s New York City Aerials
4xYvnpyzn8M 1945 United States Starts Post War Savings Bond Drive
4xiZiLiDiwA 1940s Suburban Neighborhood (Silent)
4xipQIsFJDw 1949 Capitol Building in Washington D.C.
4yMb4qk3df0 1900s Congressmen
4yP_KeWKXgM 1900s New York City Crowds & Traffic The Bowery and Tammany Hall
4z5gJbEWIjc 1990s Woman Working at Computer
4zsm3sZTlh4 POW- Loop
507VlFnlNjU 1940s Grandma Reading Magazine
50CY9tlEqrk Mary's Little Lamb (1935)
50KvyjlqpK8 1950s Woman Exits Store Wearing a Mink Coat
50MN4smKDTI Gas Fire in French Sahara
50zDbelR65M Huge Trailer Driving in Rain. Sinks in Puddle / Goofy Gag Early 1900s Silent.
51koIEj7dwY 1940s FBI Police Night Firing Guns Target
521pG2Y5oQQ 1936 Midwest Dust Bowl Dust Storm and Maine Wild Fires
53dAQoOiX0g The Pony Express Part 1 of 2
54h0ugwvTn0 1934 Great Depression Department Store Hands Out Free Clothes to Poor (Silent)
551rrv39Sqw 1930s Novelist Somerset Maugham at Home in The French Riviera
55sCtgBh2ac Bogart
5673Pn52ANE 1960s Things to Do in New York City
56pLDEO2yMc 1930s Assortment of Vintage Vehicles in Various Traffic Conditions
56uRMmn2SPw 1960s Parole Board (Silent)
575u60nIhzU Beijing, China- Beijing West Railway Station
57r4g8JV0x0 1940S VINTAGE VACUMING
58QvzDalX6I 1900s Spinning Tire. Man Tows Car W/ Rope Around Neck / Goofy Gag
58_SXD_dFTs 1938 New Years Eve
590Xew6cpfg 1972 Israeli-Palestinian Conflict
59gSYzSn264 1902 Madison Square in a Blizzard New York City
59uqEfvTgms 1920s Nightclub Texas Guinan
5AE1Zibg6j4 Spinning Turning Globe
5AlCsZdfhsI Street Fair, Vendors, Crowds, Police
5B5CAgtvjCQ 1940s Baby Feet
5BDA1Jgoiw4 1960s Blonde Woman Drives Convertible Chevy on Open Road
5BOBMdxZrEw 1947 John Howard Lawson HUAC Testimony (Outtake)
5By_4Ys-oBU 1940s Midwestern Home Life (Silent)
5C2QO_EMrYk The Hospital Ship (1968) Part 4 of 8
5C2iKYmvlGc 1970s Trucks, Pickups, Vans, Cars Chevrolet Rolling Out Of Container
5Cf02d0Rs7Q 1960s Hippies Dancing at a Music Festival
5ChmE9RUP50 1940s World War II: United States Gas Rationing
5DJK5gVUDr4 1920s Women Hairstyles
5DRAAjqsgSo 1950s U.S.A. Patriotism / Education American Way of Life
5DRAx1u8zSA 1936 DNC President Roosevelt Makes Acceptance Speech
5EayCRDBII8 1930s 200 Year Old Sea Turtle Found in Mexico
5F535HjW-nA 1950s Ladies Exercise
5FGpkBO9nBc 1931 Salvation Army Benefit Madison Square Garden
5Gfy02dNpnU 1960 Volcanos (Czech) Part 3 of 3
5IRIlfRfi30 1950s Ostrich Racing
5IXoU6-ujCQ 1950s Shakespeare Romeo and Juliet Perform Audience
5IlMkpZkd3w Glacier Priest (1952) Part 3 of 3
5JMlAQCpTgc 1962 Epsom Derby Queen Mother Elizabeth and Queen Elizabeth
5Jaj-epwdis 1950s Greaser Drives Aggressively
5Jf58Twh9Z8 1960s Fresh Stick Deodorant TV Commercial
5K4hNx3-CPc 1948 Presidential Election
5Kki9VaGSeE 1951 Iron: Product of the Blast Furnace
5Kuiu9fBdZM 1950s Gossip Parents Talking to Their Kid
5LRQlkrEdRw Flowing River
5LwwQs9bFLY Night Time Atomic Blast - Mushroom Cloud
5M7Y6DE7HoI 1960s Researchers. Chemical and Electronic Laboratory
5Mm3SRfkvJI 1940s WWII Boat Sinking
5NtWhLNHcKk CHICAGO, AERIAL
5ORxnJDTxJs 1930s Man and helper Gathering Luggage outside home
5PFM8VFnF3U 1965 U.S. Marines Called Into the Dominican Republic and South Vietnam
5PrXAWCAVAg Yellowstone Nature
5PwJWEfLSVU 1940s American Combat Crew Poses After Mission (Silent)
5R9uPEtvE84 1901 Gold Mining In the Klondike Canada
5RXZfITyxtM Bulloney (1933)
5RrqpbweRyM Sani Flush TV Commercial
5SKVmYNdzxE 1941 German Torpedo Hits USS Kearney World War Two
5Sn8ImgbtK8 Saturn Rings
5SvXsp64bJU 1945 Men Watching Sunset
5T4F7k_Nhio Puerto Rico, Small Cemetery near Arecibo
5TN8YSkSJDo 1900s Early Ford Quadricycle Automobile
5UAZhR2ctkc 1950s Race Car Winner Waves with Girl in Arms
5UMh4x_h4og 1920s Man Bathes Dangling from a Hot Air Balloon (Silent)
5UYrx1wU9IE 1930s Gangsters
5UgbOiRDgYo 1920s Ladies Fashion
5VI5JnA5mDQ 1950s Chimps at Work
5WPRkIIN6Jk Film Countdown
5X3VulacC9Q 1950s Mother Serves Dessert
5XSW0BNhAX0 New Years Day Parade - Ticker Tape
5XmNWycmzaM 1930s WPA Builds Zoos, Parks, and Pools
5Xv7ZsnXyMo 1940s Post War Germany
5XvLtJhhL00 1940s Northern California
5YKgVOEgyy0 1940s Cash Register (Silent)
5YfWcAj9Lvk 1950s Moscow Soviet Military Parade
5Z-3DjZywiE 1940s Theater Snipes: Short Subjects | Horror Snipes
5a2IVJhefIk Film Leader 15 in Color with 2 Women
5bGvbmKeESQ 1910s Model T
5bZpHWctgwE 1950s Troops Ground | Navy
5bao15upaE0 Bankinter TV Commercial
5byPafFhvPY 1950s Colonial Printer, Old Printing Machine, Newspaper
5cubtiODkbA Strike, Business Meeting
5e6nGYymdU4 1906 Madison Square Gardens Prize Winners at The Physical Cultural Show
5eOvwVlOoLI 1941 Soviet Cadets Depart For War (Russian)
5eTfvnhInjs 1950s British Harbors and Ports
5egyERCgVxE 1941 Packard 110 Automobile Interior Shots
5eivSTPQd2E 1950s France Bicycle Race
5gLDCdIr-qg 1959 Chrysler B-Roll w/ Shots of Hialeah Racetrack
5gQd-os7Ryw Devil's Angels Trailer (1967)
5gpWOwQJqXg 1950s Jets Launch Off Ship
5h4HXIgU8Eg History of the Motion Picture (1956) Part 3 of 5
5hRTtmdIr4I 1951 Opening Ceremony of the Delaware Memorial Bridge
5hU5wkFH9Nk 1937 Ambassador Joseph E. Davies Meets With Mikhail Kalinin
5ij0-I4l0i0 Los Angeles, Downtown, Skyline, Sunset, Time-Lapse 2
5ikjogfEemg 1956 Near Car Collision
5jGL2FEI4B0 1940s Ironing (Silent)
5k2pwwwlK0k 1950s Campbell's Soup Plant
5kAEp_KIaXE 1950s Graduation Procession (Silent)
5kHOts4ciW8 GEORGE GERSHWIN / COUNT BASIE
5m_owGEmHbw 1950s Atlantic City Beach Fishing
5naV87sll8E 1930s Radio Tower Broadcasting \
5nd7I6Fv6N4 1912 Aksarben Festival Omaha Nebraska
5njTEfPr4oM Steel Man's Servant (1950) Part 4 of 8
5nws1ui0zyI 1950s Flight Attendants Prepare Plane for Take Off (Silent)
5osEvHSpgUI 1950s Mutations in Laboratory Mice
5ovM2H_YHCw American Railroads (1958) Part 2 of 5
5pTaemnZdTU 1940s Milkman Delivering Milk
5q6chDafrl8 1940s ALCAN Highway Yukon, Alaska and Canada Activities Part 2
5qLHpCV5uMQ Ain't That A Shame Montage
5rKdpt_eTXQ Violent Cartoon Clip 2
5raj4IiG1Wc 1949 Marshal Tito of Yugoslavia Rejects the Soviet Union
5rjJccF-cbE 1928 Winter Olympics Gold Sonja Henie  & Bronze Beatrix Loughran Figure Skating
5rpK-FBORyw 1908 Women Lights and Smokes Cigarette (Silent)
5scPbEEJoDs 1960s Cars Driving on Desert Highway
5swzCmKTlNY 1934 Grosse Pointe Spring Cleaning
5t38EudDfAo 1943 Argentine Coup D'état and Pro-Axis Riots
5t6ei-SSOXA 1950s Life After the War in Europe and the United States
5tY2tGvXMNY Woman Slaps Her Lover
5tz9SJMmNZQ 1940s Beach (Silent)
5ueiKvgP-fo How To Play Golf with Johnny Farrell (1931) Part 1 of 2
5uizlRPys5I Americana Shopping Clip 1
5uy0DmsfyJc Measure of a Man (1962) Part 1 of 6
5v3fswxQWyY 1993 Blizzard New York City
5vGtZQiBaxc 1908 Presidential Elections
5w_j1EzJl1U Passing Time, Clocks and Calendars
5whrll-0hNw 1930s Japanese Government Part 1 of 2
5wjc5bgiEqc How To Clean A House And Like It (1955) Part 1 of 3
5wuJhXrkfio 1958 Cuban Grand Prix Race Car Crash
5yADYZex914 1990s Auto Industry. Manufacturing. Assembly Line
6-PZBhBJcHU 1930s Vintage Modern Automobile Coupe
60P5VMW6dpw 1960s Array of Menus from Restaurants Around the World
611Nxc_BbJU Women Taking Phone Calls
61Mcbi8fuEw 1950s Packaged Chicken
61NZhC2vU5w Right or Wrong? Making Moral Decisions (1951) Part 3 of 3
61agFSAuHJA NEW YORK, BROOKLYN BRIDGE, AERIAL
61nUNn_19_k 1952 President Truman Tours Renovated White House (Outtake)
61pUZBCrwcU 1939 Shriners Musicians Perform in Atlantic City Parade
62-5pT1YguI POV Aboard Truck W/ Camera in Foreground Sound Stages
620NQby6xYU 1918 WWI Germans Shelling French Towns (Silent)
628RhqiG4O0 1960s Psychedelic Color Field
62oHdMu4Nvg 1957 Prime Minister of Czechoslovakia Antonín Zápotocký Meeting with Foreign Leaders (Silent)
62rdNil9CeY London, 1960s
630IQtpA3ZQ 1900s Emperor Franz Joseph Of Austria (Silent)
64DqB_VwaHc 1936 King George VI With His Family
64I20QAjaX4 NEW YORK, CENTRAL PARK, DAY, AERIAL
64mAHF9HV4I 1971 Chevrolet Impala Car Chassis Driver Road
651qW2uaezI 1928 Hollywood Vintage Car Passing By
65YKC7vWJn4 1956 Miss Universe Winner Carol Morris
65dMHDakO8g 1900s Aviation Oddities
65ddPBr4n9A Water Pollution PSA
65l8Pvy8I88 Excited Boy
65ozV_jB5Ag 1950s Drafting Table. Design Studio. Adding Machine. Office Meeting
65wd3BA-Qdc 1936 Benito Mussolini Horseback Military Parade
662MXEMSqRg 1950s Automobile Commercial
662jk97jL4E 1956 Adlai Stevenson's Presidential Campaign (Silent)
677FVxdQlKs 1957 West Germany Interbau World Fair (Silent)
67TYstt26AY Snippet from Eyes of Youth (1919) by Albert Parker
682bBxnuH5Q LOS ANGELES, HOLLYWOOD BOULEVARD, TIME-LAPSE 3
68EoUGwQ8pI Elephant Caravan
68FhU4ibK9s 1940s Harlem OPA Rationing Board Committee
68aVYRfXCjY Your Theatre (1947)
6ANuNnrAjyo 1950s Map of United States and South America, Tracing Route from U.S. to Brazil Pen Points
6AZGVE7u1q8 1950s Man Driving a Frame of Car
6BFi9UMbw3k 1961 Funeral of Dag Hammarskjöld
6Bhyayjj_uo Made in America Part 5 of 6 (1958)
6Bnf_B_rbes Clapping Crowd. Modern Dance Duo. Theatre
6C008ebHS_M Television Commercial: Girl in Life Size Doll House
6CYXZUFrjIU 1940s Hollywood: Movie and Radio Studios and Landmarks
6CtrbvJ-KNM 1950s Rowboats on River Courtyard
6CvogSkoktY 1970s Inner Rinse Douche TV Commercial
6D6lifef1xg 1905 New York City Subway Interior, 14th St to 42nd St
6DiXpl3eAic American Montage Part 3 of 6
6FPQdU_zA2s 1950s Train Crash | Victims in River (Silent)
6FX5gJL2UWk 1960s Impala Commercial
6G_osLTVOug Car Swerves Down Road
6HApK8ik4UQ 1953 Montage of Various Magazines
6HFOq3WwQ_k 1934 Bathing Suit and Lingerie Fashion Show
6JBZgbB5eig 1920s Man Escapes Straight Jacket While Falling to Earth
6JKjoedZpsw 1950s Scotland Queen Elizabeth II Tours Power Plant
6JdIWpit-Ug 1950s Telephone Operator Helps Woman
6JibJkcaIjA Beautyrest by Simmons Mattress TV Commercial
6KCe_W-_KhU 1958 Fully Stocked Imperial Refrigerator
6KgYKZwALD0 1970s Plymouth Fury from The Rear End
6LyRuvk8esY 1962 Farnborough Airshow
6MSvXcmXPs8 Remington Razor TV Commercial
6MacZ4elkPQ Looking and Selecting 45 Records Dance in Living Room
6NBZlxISTtg The Big Flame Up (1949)
6NokfKAHeOg 1920s Human Cannonball (Silent)
6ODyNgXtjyI 2016 Democratic National Convention Protesters March Past Philadelphia PD
6P02MhY0c5g 1931 Man Flies Tail First Plane
6PELlVUooJU 1950s Europe - Prague, Germany
6PMofxpz_Os 1960s Hippies at a Concert
6QbstPUh1U8 1930s Feats of Strength
6QnmdCS3p-w 1966 \
6QseOrh_I9E Ninth Avenue Food Fair (1992)
6R5OnUAA4JA 1940s Ford Automobile Driving and Parked
6RZ3I-3RCF4 1920s Hollywood Ramon Navarro
6Rrvu6T_0hI 1961 JFK Meets with Soviet Premier Nikita Khrushchev
6Ruzc3_VFpQ 1951 Sugar Ray Kidney Punch
6S_i6uUde6s Dancing Bartender - Loop
6Sq1k4K8hJg 1932 President Hoover and Senator Roosevelt
6TbkbPzcbcs 1956 Walter Reuther Makes Speech at AFl-CIO Meeting
6TgG6p_NIeY 1940s Gas Station (Silent)
6TvJ4o1Cnvs College Kids Drink Car Speeding Dance
6USQk6PH5kI 1950s Trains and Locomotives
6V-tdzriKDo London, Guards Marching
6W7dRM_-U7w Japan's Varied Geography and Land Uses (1970) Part 2 of 2
6WPsaufKhcQ 1950s Man Swaying in Hammock
6XD0CU1yl0M 1980s Airplane and Airport Montage
6XHZsEY1p_M 1930s Prominent Preachers & Evangelist
6XIGhgiSiW4 1918 WWI German POW (Silent)
6XMt4s-EUzs Getting There Is Half the Fun Part 8 of 9
6XaOSZhDesw 1800s Man Discovers Carbonated Drink (Dramatization)
6Y-cIPUGICc Spinning Globe
6YAXPj8SvJU 1940s Locomotives
6YDViq7h82E Bathing Suit Fashion Show In Airplane
6ZDH5qhsb5Q 1940s Seagulls
6ZrxIMYdO9g Made in America Part 2 of 6 (1958)
6_E-hX8TdhI 1955 Austria Regains Independence
6_NBbvgDvKU 1902 Scaffold Housing Around Ice
6_ZPmgJ1MCs 1930s Vintage Science Fiction Wizard and Mad Scientist
6_mIeKAgTs8 1951 U.N. Korean War Memorial Ceremony in Pusan (Silent) (Outtakes)
6aDYVDUaFAA Mother Feeds Fussy Baby
6bl-RvJXDtQ 1980s New York Skyline at Dusk
6c0pBPHlUAM New York, 42nd Street Sign
6c4HiBv99Ds 1960s Passing Down Clothes
6c8MSB3mtUg Mike Makes His Mark (1952) Part 1 of 6
6cJlcY59yfg 1950s Oil Rig Inside and Out Machinery for Black Gold
6cTd7Hw2M6o 1904 Panorama of World's Fair Louisiana Purchase Exposition
6cmTfCvlH2o 1930 John Hay Whitney's Wedding
6dWufsNvAFs 1960s Man in A Small Boat Raising Sail
6dn4XaCKJRU 1961 Dominique Pire Recieves Nobel Peace Prize
6e9V8_eq0vs 1901 Pan American Exposition Horse Parade (Silent)
6fFHanmTao0 Ivory Dish Soap Commercial
6fOM4U7QLp0 Cops (1922) (Silent)
6fh7uRpoGe4 1960s Fashion Show, Exposed Stomachs
6fxUVo7U7go 1940s Bullet Proof Glass
6gw6nwl97-s 1940s Newspapers: Printing the Sunday Comics Section
6h3XNZ2WKfs 1960s Poolside Bikini Go-Go, Modern Formal Dance
6hCG-zAIb8s 1951 Korea 35th Infantry Regiment and United Nations Troops Fighting the Chinese and Communists
6iBwuU61veI 1935 Miss America Contest (Silent)
6iCPl0teeuU The Can Do Outfit (1966) Part 2 of 3
6iYNI5aGBEE HOLLYWOOD SIGN, LOS ANGELES, TIME-LAPSE 7
6ilZ6bRsk2w The Inevitable Day (1961) Part 1 of 6
6itVz0cfarc 1940s Christening a Vessel
6ji8E9RzJZ0 1920s Jitterbug Dance On Outside Patio
6k7y9AQGotg Army Navy Screen Magazine No 53 Part 2 (1945)
6kAJY59ns8A 1940s Man on Miniature Cruise Ship
6kC2VCi9n0A 1920s Hollywood Actor Hoot Gibson
6kX2ZSq7p8M 1950s Beauty Products Packaging Sells
6lH4ySHTFgE 1930s Man Laying on Woman Gets Slapped
6lf5aBaSHrs Appliances
6lz4FstNMAY 1941 Ford Automobile Driving 2
6m8zuUY8m20 1940s U.S. Cadets Cross River with Pontoon Bridge
6mKfExbodis 1950s Industrial Workers
6n1brunntag 1950s U.S. Secretary of State John Foster Dulles| Washington Black Tie
6nm5FJoxW5c 1920s Harlem Back to Africa Movement Protest Part 3 of 3
6oBAC7CEIXk Two Houses Collapse from Earthquake Damage
6oFVcXf7uaY 1960s Hawaii Surfing
6p_F2jFj5DU 1949 Luck Lady II Completes First Nonstop Circumnavigation Flight
6qS-7nop3KM American Railroads (1958) Part 4 of 5
6qk7191VvGc 1941 British Retreat from Greece and the Balkan States World War Two
6r7s1XwzJuI Manufacturing Production Scientist W/ Beaker
6rhIvEbL9ks 1956 Bill Haley & The Comets Perform \
6rntXjtZPBk 1935 Broadway Famous Actors Association Dinner
6rtiQPsHc6U 1945 FDR Funeral Train and Funeral
6sPysA2NrDg 1950s Trekking Through Asian Bamboo Jungle
6tA11cWwCZo 1960s Computer Engineer
6tIseHEI_to 1900s Automobile Runaway
6tkKHlaaOWE 1950s Gossip Girls Talking in a Group
6uj9g9seElw Bumping Along (Silent Short) Starring Charlie Chaplin
6vLE0WVen78 Washing Car (1)
6vQq3ALTtn0 1994 New Years in NYC
6w2ZEtjGRus 1960s Factory Skyline / Smokestacks
6waps0tpBak 1940s Soldiers Honored Two Soldiers After Defending Moscow From Nazi Bombings (Russian)
6xtzBRq1-o4 Telefax, Telegraph, Technology
6yZ9GUM1PY8 1920s Vintage. Family Car in Rain. Flaps and Windows
6yoVrHiXfKk 1950s Sketches of New Car Design Ideas
6yovszAIWY8 1940s Brief Shot of Richard Wright
6zFLoHCDF-8 1950s Red Cross Saving Flood Victims (Silent)
6zVCXWvaQxg 1958 President Eisenhower Answers Reporters About Disarmament and the Middle East
7-BS7iDJNn8 1940s Man Eats Glass, Tacks, Razors
7-PuHEK9jB4 Early Television Screen
7-WB3gtxAy8 1930 Yankee Stadium Boxing Match: Max Schmeling vs Jack Sharkey
70U-qUgKPoY Film Leader 39
70vMvRC5J2E 1940s G.I. Jill's G.I. Jive Show
718-9D4U2HY Stormy Weather
7198vlvR5iI 1960s American La France 900 Series Fire Engine (Silent)
71K8SRy2E0o 1970s President Nixon Coming Out of Voting Booth
71roP-jBhYs 1950s Automobiles
72vUYMqOM6k 1962 Fall Parisian Fashion
738sBak5kyI 1920s Cats Fosters Skunk Kids
73hYEaygcj8 1950s Kitchen Montage
7458teW1eDM 1940s North Carolina Tobacco Auctioneer Contest
746BaqKO9Zc 1941 USA Forces Stationed in Iceland World War Two
74SUtjM4DW8 Building of America Montage
74XDxUnq94Y 1960s Home Design House Wife Part 5 of 7
74ZS_CGM8hs 1950s Hydraulic Dam Electric Towers Scenic View
74iJ2x1YOyc 1900s Vintage Silent Film - Woman and Man Posing
75TD0tXJrHQ 1950s Teens Boys in Malt Shop
77tqYPqWroY Charles Lindbergh, Spirit of Saint Louis, Motion Picture Camera
786bq2pO5ng Woman Walks Through Casino
78LCX_iHsYI Christmas; Santa, Christmas Tree, Toys
78N8sprXUTE Age of Turmoil (1953) Part 2 of 4
78cdCt_V00c 1940s  Exterior and Interior of Ford Automobile Driving 2
7A4IkMJiTzM Fireworks
7AI92KD9tho 1950s Construction Site (Silent)
7BMuKW1rx8E 1930s Farmer Milks Cow
7BQ0_mYs6D8 Luck of a Man (1930) Part 4 of 4
7B_uRmhydk4 1900s Epic Diner Pie Fight! (Silent)
7BnEYyvCtCI CHICAGO, AERIAL, SUNSET
7Bt-U7oiB1g 1940s President Roosevelt's Motorcade and Addressing Congress
7CPVtvS9F0w 1904 World's Fair Louisiana Purchase Exposition David Rowland Francis Speech
7Co7cEtR2pw 1936 New Years Eve Times Square (Original Audio)(Outtake) Part 1 of 3
7CqMSK2gZqI 1940s Men Going to Work
7DVfUtXyHl4 1950s Powder Detergent Commercial
7EVxWG4fYdA 1950s Politicians Making Speeches, Audience
7Fqv_vc1lys 1940s Labor Men in Factory with Molten Metal Assembly
7GUPoIigyIM 1960s Teenagers | Phone Booth | Car Jamming | Dancing
7GkNw4x9Zo0 1963 JFK Makes Speech to United Nations
7HJ0URt3sEc 1912 The Narrow Road
7HT6HhK9fQc Jailhouse Rock Comp Reel
7HbjaV5d0qM Carving a Turkey
7ITXoPwnMrg 1940s WWII Soldiers Dance with Starlets: DeHavilland, Dietrich, Durbin
7IuW_JpVxpQ 1950s Men Exercising
7JOV9VH7UzI 1950s Sunset Over Modern Dome Building
7J_XBfdviro HIGH SCHOOLERS WORKING ON THEIR SCHOOL TASKS 1950S
7KB8GLxFTyQ 1936 Fashions: Women in Hats at Longchamps Racecourse
7Kh7VZxJ0dU 1950s California Disneyland
7LOUzTbZmqs The Circus
7LfcPaCpxm0 It's Everybody's War (1942) Part 4 of 4
7Lx-9cON534 1965 Miss America Pageant
7MsCtmgs-hs Steel: Man’s Servant (1938)
7MzSOV5UsPc 1920s Airplane Stunts. Jazz Band. Man Hangs from Feet
7NmkD-xoLhI 1940 Gallopin' Gertie: The Tacoma Narrows Bridge Swaying W/ Car
7Nx5935hRw4 You Are Crazy! Face Slap
7O3Fea8n03g 1955 Feature Film Snippet \
7PTi2BWre7I 1950s Man Calibrating Gun
7Po-eDsD4EI 1950s Theater Snipes, Now Playing, Coming Soon
7QAohv4DoOM 1950s Ecuador
7QLlOEzhJ7g 1948 East Berliners Line Up for Food Rations
7QY47EIhD8A 1928 Hollywood Actress Natalie Joyce
7QboaUol91k 1930s Wingsuit Failed Aviation (Silent)
7QmzpU4pOjI Valley Town: Studies of Machine and Men (1940)
7R-WdqcQLeQ 1920s Traffic Jam - Early Automobiles
7Sf5gBCb8Vc 1960s San Francisco, Haight Asbury,  Acid Trip
7SrRoKR1Fto 1950s Arcade Fun
7T0o_32_g_I Philadelphia With Love (1972) Part 5 of 6
7T1eBWtSysI 1960s President Kennedy, Dean Rusk and Robert McNamara in a Meeting (Silent)
7TI5t7r1eU4 1920s Fred Thunderbolt Eating Molten Metal and Flames
7TTJU9a7Gbw 1970 First Hours of Car Ownership Part 5 of 8
7TTX7y027nY Ice Cream, Picnic
7U-MtQ6MIaY 1936 Shanghai - Actor Warner Oland (Charlie Chan) in China
7UCiUwtp-sI 1940s Football with a Pig
7UCxG3Y8ex4 1950s Man Reading in Armchair
7UTf233JPyI 1956 NYC U.N. Dag Hammarskjöld Explains the U.N.'s Involvement in the Suez Crisis
7UkA4Ax168I 1940s Automobiles - Ford Promotional Film: Production of 28th Million V8
7UpE_fl0BwA 1950s Bath and Beauty Products
7VY3Wu5vcn4 1950s American Natural Disasters (Silent)
7Vd_bzj9OsE 1898 Spring Street Los Angeles
7WDtMNXXXEg Bernard Montgomery (1952) Part 1 of 3
7WESYL5QFJE The Big Board (1963)
7WR944vLP6w An Answer (1962) Part 1 of 7
7WfVREOHaAk 1920 Babe Ruth Highlights
7Wqc_NhoTwQ Snow Blower Clip NY 2
7WxtbLJxhW0 1920s Family Listens To The Radio (Silent)
7X5mjl6WpRI 1904 World's Fair Louisiana Purchase Exposition Panorama from Gondola
7Xdo0mukYI8 1950s The Gift of Louis Braille
7XmFy9b-d28 1934 Roscoe Turner Tests Model 44 in Detroit
7YqSUprcTUs 1969 Chicago Ticker Tape Parade For Apollo 11 (Silent) Part 2 of 2
7_9sXpYvX1A 1957 Secretary of Defense Neil H. McElroy Discusses the Congressional Budget
7_PjAtnNllg Dinnertime
7_VHYfLqir0 1934 Toy Dog Show Detroit
7aTX6rby1w4 1960s Hippies, London Love-In
7aUU--_hZ4U 1960s Flint GM Workers On Strike (Silent)
7astd5_lFas 1962 Harmelen Train Disaster
7bAdHgjEKt4 Sightseeing in China (1970s)
7bv89GR5Ruk 1920s Woman Pushed Around by Man
7cdgmIjZ2LI 1932 Presidential Elect FDR Makes Acceptance Speech
7cjWWCehS_o Beijing, China- Railway Station
7dhnCZgr4Rc At This Moment (1954) Part 4 of 14
7dkcAzEIPwo Chain Reaction (1958) Part 5 of 6
7dqLk6LFfxA Red Nightmare (1962) Part 2 of 9
7dwvuOghW2o 1942 Japanese Bomb Alaska World War Two
7ekyELnDbjQ 1965 President Lyndon B Johnson Address
7enKfYChxOY 1951 Chevrolet Styleline Deluxe Convertible Family Driving (Silent)
7etEH9KNSQk 1940s Children Getting on the School Bus (Silent)
7ftBfurdNYg 1950s Rome Clergymen
7g2ThZibCa8 Cavemen Capture A Cavewoman, And Cavemen Thrown Off a Cliff
7gAcK4bNjZg 1968 Yellow Corvette Open Road Tracking
7gPDgkXfwsA 1917 Women's Fashion
7gf2hTmPu1I 1930s Harlem, New York
7gizRSsZh-Q 1959 The Mercury Seven Astronauts are Introduced (Silent)
7hMU2_WW6Ks 1940s Wedding Tree Trooper Is Wed to Tune of Real Buck-Saw Music (Silent)
7hOlBC87l9k 1938 Ford V-8 Sedan Automobile Parked Front of Stately Home
7hgekuyKniA History of the Motion Picture (1956) Part 1 of 5
7i55WmHJZx8 1940s Supermarket
7iQ5iAnHacM 1950 Air Force Device Helicopter Rescue in Water (Silent)
7iec9G9RgRQ 21 Club Restaurant Part 2 of 2
7ilmmdIx91c GRAMPY HAS IDEA LIGHT BULB P2
7iySMc58MGk 1950s NYC Pierre Poujade and His Wife Seen Entering Hotel Claridge (Silent)
7jZcBw7s4hg 1960s Oscar Mayer Wieners TV Commercial
7jm8B9NZGlE 1950s Worker Animation
7jm9znthmsA 1950s People Discussing
7jr5NMdCvG0 Scientists, Experiments
7juxj5G8Lmk 1930s Great Depression
7kF_HElNQYY 1950s Boy Flies Model Airplane
7kRh1IZcGWs 1941: That Airman Frakes Takes Two Flights and Two Crashes!
7lA0QQ6B1jo New York City, Empire State Building, Dusk, Aerial
7lNp5KDAL18 1950s Coney Island Amusement Park - Kiddie Rides
7lpWCPUaovk At This Moment (1954) Part 11 of 14
7lu4tZqa7PU 1936 Boulder Dam Opening
7ntI3mRYPJw 1950s City Grid Animation
7oGc_0B-GpU 1960s Helicopter Helps Run High Tension Wire Up A Mountain
7oOH3CNImJI Couple Waltzing
7oiod8Rhwos Montage of Antique Autos. Drive Backwards
7q36iajMmoc 1950s Immigrant Naturalization (Silent)
7qjzevGDngU Beijing, China- Passengers Boarding Subway
7sGaPq2KbUM NEW YORK, BROOKLYN NAVY YARD, DAY, AERIAL
7t96HeXYIBY Playground
7tLx-tdWth4 1948 Berlin Blockade
7uOXUmjS3S4 1933 Salzburg Theatre Puppet Act Debuts in Paris (Silent)
7uUU5ot-xqo 1950s Women Doing Laundry
7uZxbXP31ag 1966 President DeGualle Cuts Ribbon at Rance Tidal Power Station Opening
7ulZE1gHIGg 1950s Greece Nike Missile Battery
7v0GaRE_ViI 1960s Family in Home on Telephone
7vHh_PpTk7o 1959 Senate Subcommittee On Antitrust And Monopoly
7vK2x5xsLic 1980s Myers's Rum Commercial
7vUYhklQ5zs 1960s Dance Party
7wPlu0AT3cY Mickey's Big Chance (1952)
7wbRUaQUr-s Fighter Jet Combat Aerials 43
7we1GkE33MM Jimmy Doolittle (1952) Part 2 of 3
7yDkuqkU7WA 1920s Bathing Suit Fashion (Silent)
7yLC5tX-iiY 1949 Map of United States of America. Telephone Network Graphic
7yXPPSJi-Vo Weird Alien Dance, Man Not Amused
7znFK6tHi7c 1930s Women Fashion 3
8-UpUfhKUEo 1970s Plymouth Fury on Highway Driven by Man Gripping Wheel
8-rcgUfQ2mk 1953 World Series: New York Yankees Vs Brooklyn Dodgers
8-xPAM_OMe4 1933 New York City Giants Honored For Winning World Series
80cef55HbT0 1940s Men's Faces in Extreme Winds
80eROck8rJc 1903 The Giddy Dancing Master (Silent)
80nArC0suCA Spike Jones and the City Slickers Perform \
80uDwULGjQA Fred and Billy Take An Airplane Trip (1951) Part 1 of 2
81VvzY2AR5U NEW YORK, TRIBOROUGH Bridge, AERIAL
81qd0RNHIRc 1945 Easter in New York City
831oYBRRDQ0 Outdoor Winter Rabbit Hunt on Foot in Germany
83CZyd-71WI 1950s Master Slave Manipulator (Silent)
83mMobNDw7E 1941 WWII Sydney Dutch Hospital Ship Arrives
84KTntSXGDY 1936 King Edward VIII and His Wife (Silent)
854QX6kJlAg 1930s Automobiles
85IhZho3PUg Builders of the Broad Highway Part 4 of 4
86ADMkiNOh4 1937 Greenleaf Wins World Pocket Billiards Championship
86aCRQfYss4 1930s 12th Annual Calisthenics and Dance Show
86rbD9D9TDc 1930s Skeletons, Prisoner, Static Electricity
88NbCUuLR8k Mutoscopes from 1906 (Silent)
88lNglFS1yA 1930s Motorboat Skidding Across the Water
89Ty2ugBsv8 Children Board the Bus
89eNut1nftw 1950s High School Hallway, Teenagers
89fNXXETM90 1950s Linus Pauling Talks About the Dangers of Atomic Fallout
89x0ZTs-oK8 History of the Motion Picture (1956) Part 4 of 5
8AACwJydkoo 1980s Statue of Liberty, Sunset Background
8AXDHKILJi0 1970s El Producto Cigars TV Commercial
8AXL4duhuf4 1960 Golden Globe Awards: Jayne Mansfield, Mickey Rooney, Ronald Reagan
8B-_NXWkM6s 1906 Immigrants Arriving Ellis Island (Silent)
8B0Oe6zHNL8 1960s US Naval Base Protest (Silent)
8Bn9EYAq_ac Aliens Fight on Stage
8BudC6EKqe8 When A Man's A Prince (1926)
8Cp7ztNKi7k 1960s San Simeon, Hearst Castle
8EGQAQFvwFE 1951 Daredevil Does a Headstand on a Gargoyle Over Paris
8FC-djmkI90 Measure of a Man (1962) Part 3 of 6
8GBzO_rrD4Q 1950s Woman Hangs Up the Phone
8GPIZE1a-qs Pilgrims Dissenters from England Greeted by Native Americans
8GUVD4HPTF0 1936 NYC Boxing Max Schmeling Boxing Interview Post Joe Louis Fight
8IIG8QBkXUs 1900s Silent Film Comedy - Car Thru Alley Crowd Chases Car Crashes / Slapstick
8IeySRN1Owg Announcer at Manufacturing Plant. Talking Head.
8J9JYA-k_Vg Motorcycle Stunts
8JVT2k2ze40 1960s Wollensak Stereo Reel-to-Reel Tape Recorders TV Commercial
8KOBC5mq8bY 1934 New Driver Crashes Into Police Enclosure Detroit
8KOQD3xojSI Woman Does Laundry
8K_afv3Nb7s 1905 Winter Horse Drawn Carriage
8LRIzwaddFw 1969 America
8LgRsjy6qH4 1940s Ukraine Town Devastation After War
8LsY5b6YHy0 Newspaper Printing
8MLeMFI5F_E Man Gets Up To Change Channel
8MySxhAhxSY 1899 Sir Hiram Maxim Demonstrates His Invention The Machine Gun
8N0mD63-GAo 1960s Student at Library Runs Late for Appointment
8NKSpZlIX3Q 1961 College Football Ohio State Ties T.C.U 7-7
8Na7Tz-B3O4 Walls Ice Cream TV Commercial
8NlopC7zSmo Money on the Move
8NoF7kAkWpI The Surf's Up - Surfers In Hawaii (1960s) (Silent)
8O-ZIBJhEAI 1920s Circus Freak Show: Bearded Lady, Jack Sprat and Wife
8OYvfbVh_dQ NEW YORK, BROOKLYN NAVY YARD, DAY, AERIAL
8Ok7HR-0edU Treasure Islands (1955) 5 of 8
8P3YjBhSai0 1940s Technicolor in Filming Foods Chicken Fruits Table Setting
8PeGszjxpqo 1920s \
8PtQNgQqe6c Change of Address Kit Commercial
8QC0EZb6_hM Crowd Exits Theatre in Panic - Vintage Silent
8QDHO5kMM40 1950s Coca - Cola TV Commercial (Español)
8QTIjSrViqw 1950s Couple Climbs Into New Car W/ Valet Attendant Seeing Them Off
8RA9x_B1VYQ 1918 WWI American Navy Defends Transport Ships on Route To Europe
8RMJSqkJAdA 1990s Cars in Showroom, Dealerships, Aerial of Car Lot
8ROPFoA6ngI 1960s Falling Pennies
8ReWlp0Hvzg 1960s Jell-O Television Commercial
8RjOcE2ckec 1950s Policeman Directing Traffic / Vintage Cars City
8SB3P2i75bk 1905 Tsar Nicholas II  Rallying Troops
8SeVJokBttg 1940 Trotsky Funeral (Silent)
8Tdu9wTD8_Q The School Bus And You Part 2 of 2
8U4sp3DxpwY 1950s Gang of Delinquents Bully a Kid at High School Locker
8UMKT7lnGbo 1929 Professional Faller (Silent)
8UedgjEQVCg 1960s Detroit City Worker Cleaning Up Brush (Silent)
8VJe49oEVeI 1940s Donkeys
8VLNNcvF46E 1950s School Cafeteria
8VmpPFh3y7Q We Belong To The Future (1966) Part 4 of 5
8X69q8aeX0o 1950s Cyprus Mourners
8YedLQrH-cA 1920s Model T Assembly Lines. Cars on Street
8YoBna5Wjz8 The New Frigidaire of 1936 Part 1 of 5
8Z5gtBQOtv0 1920s Marching Band Slapstick
8Z6IxcU0h-4 1941 English Painter Paints Herbert Hoover Portrait (Silent)
8ZX82rULEPU 1954 Argentina Vice Presidential Elections
8_2DPPb1i8E 1970s London - Cabs, Double Decker Buses, The Underground
8_NypRpcaN8 New York City, General Electric Building, Manhattan, Night, Aerial
8_nuZ1dtmk4 Defense of Moscow (1942) Part 3 of 4
8a8b_2w_nYs 1966 Chevy Impact Racing Desert
8a9aMwbCvvw 1945 Pedestrians and 'Electric' Store
8acrGAkE4QI 1940s General Eisenhower Spends Christmas in Tunisia
8arWjE7oS7U How Much Affection (1952) Part 1 of 4
8au8KACEd6Q 1960s Vim Cleaning Products TV Commercial
8b9yM7simK8 1940s Newsboy Selling Newspapers (Silent)
8bIfK5g6YM8 1940s General Pick Helps Build the Ledo Road to Burma
8c04yXvcyqs 1930s Thanksgiving White Turkeys Huddled in Masses
8d94CE4svwQ 1950s People Walking, Busy Sidewalks
8dUzplFpUzk 1905 Dancing Couples
8dr_dm_aRPo 1950s Man in Pick-Up Drives Through Desert
8e4C7Dps6S0 1950s Women Turns on Stove
8e8adSdhVu0 1930s Newspaper Press Printing Newspapers (Silent)
8eV3l2ZVEkQ 1928 Winter Olympics Ski Jump Slope at St. Moritz
8edfFH0rklc 1950s Computer, Early Computers, IBM, Card Punch Machine, Machine, Technology
8egAOJdsrXI 1950s Los Angeles Watts Towers
8f3vD-Y-pG4 1940s Girl Slaps Boy in Classroom
8faIDEecm5A 1922 Washington, DC Peru Chile Border Negotiations
8faJBFx9Mjs 1930s Hiroshi Saito Japanese Ambassador
8fahWybx2xU 1960s Saloon Dancers, Cowboy Bar
8gm3zNBEd74 1940s Spinning Globe Animation
8gpbCpV2Uws 1910 New York Senator Franklin D Roosevelt
8h8QDOCazpE 1940s Downtown Hollywood Mexican Quarter
8hi_WPEByYo 1928 National Opens Golf Tournament
8i8ho3Mez0A 1914 - 1918 Troops in Formation and Boarding Ship
8iiLMSv3PHM 1956 Greyhound Bus
8ion0Yg4-I0 Couple Dances High Above Street
8kXlxGdSLYU 1910s Vintage Pie Fight in General Store (Silent)
8kevwoF_z_0 Newspaper Printing
8lh6L2L0fqA 1950s Early Solar Powered Water Pump
8lnw6C7SAP0 1961 Yonkers Raceway Bert Alley Good Time Pace Chariot Racing
8m7dp29N-lM 2000s Eiffel Tower Paris
8mt1xI1FTSM Social Courtesy (1951) Part 3 of 3
8nWilYbN1ik 1950s Constitution, Bill of Rights, Founding Fathers
8ncaQ-sPuN8 1935 Wrestling Match: Vincent Lopez Versus Man Mountain Dean
8ngr-a7fS14 Sister and Brother
8o5gVo9fpJc Puerto Rico, Small Creek coming from the Mountain
8oKH-EZP0Gk 1950s Aerial Acrobat Dangles From Helicopter
8oft3XG54i8 1950s Car Drives Through Early American Covered Bridge
8olnyRzmO54 Signing of the Declaration of Independence (Reenactment)
8qLcXlgkZwQ Monkeys Circus
8q_oZ_OZvfE 1950s American Air-Lift/ Prague Invasion/ Marshall Plan
8qpxDyv7o24 1950s Daredevil Jumps Into A Pool of Fire
8rPFb01eN2o NEW YORK, MANHATTAN, DAY, AERIAL
8rvBcigMN1M Farming
8tVgSBP1bYU 1940s Voting Poll
8tlPjYlOKDk China, Beijing- Subway Line No. 2
8ucjvgukj8k Inventing Safety Glass (1959) Part 2  of 3
8uuGRUhjGSc 1960 New York City United Nations Exhibit (Silent)
8v4MQrLbc0w 1934 Former President Hoover Dedicates Morris Dam
8vB2OM_bHw4 1938 Ford V-8 Sedan Driving Test Track
8vbnWMW6CY0 Man Pushes Line of Cars Off Cliff
8vrmYnDyE28 1957 France King Mohammed V of Morocco Arrives (Silent)
8wS4xvWa26c For Your Information (1970) Part 3 of 3
8wWQDfnP2gc 1940s Train Robbery
8wpeZEYjY0w 1930s President Roosevelt's New Deal
8wqQxxVjO_w NEW YORK, MANHATTAN, NIGHT, AERIAL
8x7zbwncIbs 1950s Construction Sites, Rochester, New York
8y-1RUb48To ANAUS, RUBBER BOOM CITY 1960
8yAGbTYiJc8 Fly American (1933) Part 2 of 5
8yFKovFJfrA Destruction, Oregon Explosion
8ySKMHcM2ZI 1940s FDR Thanks Newsreels Editors for Service
8zBM4bWySRk 1950s Picking Color for Cars Huge Color Fields Panels
8zqBpVL6yEM 1940s Theatre Snipes
8zw9X4C_YCI 1967 President Johnson Presents Medal of Honor
8zy1vlkgl8M What Do Father's Do? (1950s)
90UrAoGtVkM 1936 Frigidaire Refrigerator Promotional Film
90fpJQ8Yu5s 1940s Men Going to Work
90l-Ch77U4k 1950s U.S. Marines Practice Amphibious Assault
90vn9lolcpU 1945 Man Pointing at Card
91EJBJPPbi4 How Pasta Is Made (1950)
91HlPRx1BV0 NEW YORK, MANHATTAN, DAY, AERIAL
91NHWpC7Kr0 This Moving World (1937) Part 4 of 4
92AUaNZxGjI 1925 Kentucky Derby at Churchill Downs | Flying Ebony | Earl Sande
92kdSh0at0k New Horizons (1948) Part 3 of 5
93UDgQXiDps 1950s United States Postal Service (Silent)
94hE_Jjgvi0 1950s Seasonal Allergies
94hU_TuqBFA 1980s New York City Blues Guitarist and Phone Booth
94hyM099q98 1920s Central Park
95WKWdayuzs 1928 Vintage Car Driving Down Hollywood Street POV
95bqiRrEri4 Turning Dial
963D1WJvSfY 1950s Acrobats Do Unicycle and Bicycle Stunts on a Wire
965PYF1-lYU 225,000 Mile Proving Ground (1953)
965muSGj7PQ LOS ANGELES, CIENEGA AND FOUNTAIN, TIME-LAPSE
96lJuvBWFpI 1919 Mount Wilson Observatory
96n2Cd4de-E 1950s Inflation and Economics
973ya0hZ9GE TRANSYLVANIA, ROMANIA, SNOWY MOUNTAINS, EMPTY SKI SLOPE
97Ga6dnW3DA 1960s Philco Color Television TV Commercial
98Ja62BVX2w \
99ChzM22g_I 1936 Spanish Civil War
99UJkOEW_gw 1960s Family Convertible Car Looks Up NYC Skyline / Driving
99VLqdtniGg Bomb Safety
99tgfVPPGoI 1926 Fashion
9A-F_RegYGQ 1900s Early Aviation Including Orville Wright, Harry Houdini, and Katherine Stinson
9A-lnU2-UNI 1934 First Lady Eleanor Roosevelt Goes Christmas Shopping
9CjnMxdZIVc Bimbo Bunny Eye Pops Cartoon
9CqRrTp7C28 Ken-L Ration Burger Dog Food Commercial
9D5IT0U_oz8 1970s Boy Scouts on a Hike
9DGW3gjh7tg 1930s Couple Dances To the Radio (Silent)
9DJ1DJmEnk0 1933 Zangara Sentenced to 80 Years After Failed Assassination Attempt on President
9DqkEElpnRM Sound Stage Set Sinking of Model Ship Special Effects
9Dzuosh3EKs 1950s Husband & Wife at the Breakfast Table
9EIlXLnASwg 1940s Aerials of Hollywood Hills
9ESN58oy4fM 1969 Moratorium March on Washington Riots Nixon Condemns Actions
9EYeB9Xj0Yg 1935 Max Baer and Mary Ellen Sullivan Wedding
9FOwquAfehw 1920s Swimsuit Fashion
9FPzbWiKVQM 1956 Washington D.C. Soviet Ambassador Georgy Zarubin Seen Entering Building
9Fn2-pNdcJY Radar, Atomic Bombs, Radio
9FwA9NoXgto Scientist, Alien Laboratory, Explosion
9H-dy05QnG4 1966 Glassboro Summit President Johnson Meets with Soviet Premier Alexei Kosygin
9HZRy7Ak_bo 1940s Orangutan Wears Suit
9HjShGlwZ84 1932 Government Changes Industrial Alcohol Formula to Be Poisonous (Silent)
9I6k7FF2NXI 1890s Chicago
9Ix0ZZuWqDQ The Question Tree (1961) Part 2 of 3
9JIPl-QwbB4 Pages of the Calendar (Forwards)
9JP-U-g5ByI Toy Soldier's Heart Trailer
9Jo7meBYj78 1920s Fashion
9KHJF4agTu0 1950s Automobiles Service Station
9KcDun4x36Q 1960s Scientist Testing Fish. Testing Bat Measurements
9Ke4I0Pnjfc Film Cans on Shelf Pan
9KjE6UxdtSY Lawn Sprinkler on Sunny Day
9L4xCD0-I1Y Lets Go to the Fair (1940) Part 1 of 2
9LGJq-wyagA 1930 Raymond Duncan Protests Indian Tax on Salt
9Lu9cZnIiVs 1950s Woman Opens Refrigerator
9MAiL9YjgXs 1970s Manhattan Skyline From the East River: United Nations, NY Hospital
9MBUBkkhBsM Men Arriving at Work
9MRsGfyMvww We Belong To The Future (1966) Part 5 of 5
9NEbWv-8ceA 1950s Passenger Ship Leaves New York Harbor
9NM1pAMN1tw 1960s Pie Face Toy Commercial
9NQiMlRJ73s 1932 Feds Destroys Barrels of Alcohol (Silent)
9NrmLQUu8H8 1958 U.N. Arkady Sobolev on the Soviets Position on the U.S.'s Involvement in the Lebanon Crisis
9OGH26PPDuE 1950s Wheat Fields. Aerials of Manufacturing Plants, Farms, Highways
9PVitKjl7ns Red Nightmare (1962) Part 6 of 9
9PY2NuI9PNU 1940s Corporate Board Meeting
9PyvRHx6_bE From Adam to Atom (1952) Part 3 of 3
9QCx1qA48Tc The River Mississippi (1937) Part 1 of 6
9QDxLOozt2o 1920s Silent Comedy Film Starring Snub Pollard
9QHI9Usv848 1956 College Football: Yale Bulldogs Beats Princeton Tigers 42-20
9QPp6VZfxf8 1950s U.S. Civil Defense Workers Practice a Mock Attack on an American City
9QZvf3M7_gY Fashionable Women Board a Plane
9S3Ll1XSnIE 1920s Foxtrot, Dance Marathons, Charleston, Feat of Strengths, and other Stunts
9SGgpuy8JY4 1920s Slapstick Romance Lady Man Flowers Surprise (Italian)
9SL5bDFosVA 1940s Woman Wrestles Man On Beach
9STPUq_sM54 1950s Man Addressing Banquet
9Tw6ls2vuUM 1934 WPA Women at Work
9UQzmSVvNzU New York City, Manhattan, Night, Aerial
9UR2rEIsxN8 1950s Rome Military Parade and Wreath Ceremony and Riots
9V2kNhiHKd4 1940s Ford Car Sales Lot 2
9VTQJO8zfGo 1970s City Traffic Congestion - Cars, Taxis
9Wsq0ADzEz0 1960s Telephone of Tomorrow
9X4rIFG-tzE Film Leader 37 Unusual Countdown
9Ys5vjFKsv4 1950s Hollywood Bus Tour
9YyiCGK6kZI 1950s Car Montage
9Z89l2zz-Xw 1920s Slapstick Couple
9ZG3HLTKsm4 1956 I Want a Corvette
9Zn0zErRckc 1936 Olympics Jesse Owens Wins Broad Jump Thanks Crowd
9ZyaQO7hJJk 1960s Casino
9_sI_cSvaow Trident Sugarless Gum TV Commercial
9bIqFM8sa9o 1940s Baltimore Presidential Campaign Wendell Willkie
9bUg6rhf1S8 1960s Cowboy In Front of a Cactus
9btNVzeR7cw 1971 Chevrolet Impala Driving Road Grass Park
9c7GbfS-tjs 1960s Operation Security: Saving Bonds
9cDEmNHh8pg 1950s Panel Truck Drives Down Street
9cDF15M-LWo Board Meetings
9cUD5JkCrSs CRAZY CAT
9dJKihpdbBc 1950s Woman Uses Handy Stove
9dQIgAv17hk 1970s Lockheed C-141 Starlifter (Silent)
9eGp9a1eb8k Early 1900s City Life
9eUGDC6xTi4 1949 Netherlands Special Courts Hanns Albin Rauter Trial Part 3 of 3 (Dutch)
9ewjKkSlZFA 1970s Philippines Nightlife In Manila
9f_t2OoQFVs Chicago Skyline from Navy Pier (4K)
9hq_fjdXNbw 1935 General Pershing Receives Honorary Commander for Life of the World War
9hsVLiv3TLo 1910s Early Automobile Motoring and Wheel Production
9ih_hEExnX4 COKE BEACH CARTONS COMMERCIAL
9j3_8J1899A 1940s Havana Carnival President Batista Hands Out Gifts (Silent)
9jBFN7yZ3pw House Collapses
9k-l4b91OFE The FBI - On The Record (1960s) Part 2 of 2
9kOo4IChp1g 1963 RCA Victor Harry Belafonte TV Commercial
9kiR1O2DMtc 1947 Walt Disney HUAC Testimony (Outtake) Part 1 of 2
9l6uM6SrREY 1950s Ladder Fire Truck Racing Through Streets
9lOT2uRIr9M 1920s Textile Factory Production Line (Silent)
9la1ZLPX8tU 1920s Rubber Glider Dives. 7 Layer Plane Collapses
9lyKUZSuzHY 1927 Vaudeville Singer Eddie Cantor Performs 'Oh, Gee, Georgie'
9m7vg6Y4kzQ 1949 Joe DiMaggio Signs New York Yankees Contract
9mf9GWzdcyQ 1936 New York City: Winners of The Irish Sweepstakes Lottery
9n6LxidjO9o Silent Film Snippet \
9nPrAvJfIJw 1920s Senator Royal S. Copeland makes Speech at Veteran Rally
9otciY5PzYU 1950s Mom Grocery Shopping. Loading Car with Groceries
9p6Oe5An1lU 1957 101st Airborne Division Being Briefed on Little Rock (Silent)
9pKoprZNBwU Fashion Horizons with Mary Martin Part 2 of 2
9pn-Rn1Cj1A 1970s American Airlines Commercial
9q1_iFh2eNE 1936 Palm Beach Prince Serge Mdivani Killed in Polo Game
9qIsOjrrDvo 1940s Birthday Candles (Silent)
9quhG9gqRp4 CHICAGO, AERIAL, NAVY PIER, PAN WEST
9qx3s_rEFTw PULSE OF AFRICA 1961: KENYA MOMBASA
9rTzedi-D2U 1935 Ethiopia Prepares for War Against Italy
9rU6wi7jfTo 1919 WWI Veterans Tasked To Mantain Peace as Labor Strikes Erupt in Seattle and Boston
9s3qDq97Xe8 1980s Woman Sunbathing
9sI8ZTQxMQ8 1930s Dancers Does 54 Front Flips in a Row
9s_5dttXN0A Inventing Safety Glass (1959) Part 3 of 3
9tjXG_kfuFA 1930s Man Talks on Telephone
9tzC0afgGis Car Bounces Along Rough Road / Goofy Car Gag Early 1900s Silent
9uIsBhPAie4 Iron and Steel (1920) (Silent) Part 1 of 2
9uPhBqxxy-w 1940s Snippets of Ronald Reagan Acting
9uZrOsTpG4M Steel Man's Servant (1950) Part 2 of 8
9ue6pUPuWbg The Aerial Wire (1914) Chapter 5 of The Perils of Pauline Silent Film Serial
9utDIjAL0-M 1950s Pan Across Futuristic Home Model and Buildings
9vjUUbcABzs 1910s Anna Held Silent FIlm Star
9vn__CVowSc Plane Flying - Vapor Trails
9wtcHVhJWTs 1940s The Bali Bras Store and Design Studio
9x2aCbVcZYU How To Say No (1951) Part 1 of 2
9xegu0c7vDo \
9xiLEa60Yck 1962 Gemini Astronauts and Craft
9xm1bXWTz-E Light Powder Deodorant TV Commercial
9xmlt8DTnA0 Manufacturing Wagons (1953)
9y9fGAYELq0 1990s New York City: Grand Central Station
9yAsf-pb6W0 1936 Southern Farmers Meet (Silent)
9yI4Hehb024 1930s Dangerous Airplane Stunt
9yzzJXsX0lc 1920s Fashion Show
9z03OYv3Ya4 1966 Albert Kastler French Physicist Nobel Prize  Laureate
9z5rvEDKmjE 1950s Police Stunt Driving
9z8mv1WkfdE Snippet from Knight of the Trail (1915) by William S. Hart
9zIdGysltws Structural Steel's Contribution to Modern Civilization (1940)
9zZuWHfrw9k 1930 Senator Robert Wagner Signs Old Age Pension Act
9zsEgpTodZw 1950s Large Metal Gate Open. Security Guard / Protection
9zuMfyFkXYM 1960s Driving on a Desert Highway
A-CvkEUSAO4 1908 Wilbur Wright Flight Demonstration
A0DcG3i_Nsc 1910s - 1960s Extreme Facial Expressions and Reactions
A0IKbIatfC0 1941 British Strengthen Near East Defenses from Tobruk to Iraq
A1TcQkovHIs CAT REACTS  2
A1bI9Z8Kp1I 1940s College Football Texas A&M Versus Notre Dame
A1oczJugw8Q Document Identification - FBI Training Film (1969)
A2Ro-WuUHFU Them Thrills Will Make You Gold (1955) Part 2 of 2
A2ngABL6lVg 1950s Mother Serves Dinner
A3PXxoorb7A 1904 Englishman London To Paris (Silent)
A4CvSdaUwlM CHICAGO, AERIAL, DUSK
A4N1iOrZBVA 1928 Amsterdam Olympic Track and Field Highlights
A4XJuB_tyvI 1950s Woman Cooking
A56hCr_SgM0 1930s Hollywood Celebrity Party. Pat O'brien
A5lVZI1VHOE Wash Day Troubles (1896) Early Slapstick Film Short
A5r40BvnEEE 1960s Early Computer Reels Spinning
A5xcytpGc58 1940s Teenage Dating
A6435RDCgvM 1940s Boy Eating Pancakes
A6Dg6KzoHdw 1940s Ford Automobile Interior
A6UEdqyzOMQ Ford Television Commercial: Truck Rolling Down Mountain
A7Va3B-jxQE 1980s Snorkeling in Swimming Pool
A8RPUo3RRyQ 1950s Canoe in River Riverboat Paddleboat
A9upriIch-w 1940s Midwestern Doctor Makes a House Call (Silent)
A9wZqi8hIxk 1956 East Coast Longshoremen's Strike
AADeKDdcn84 1950s Family in Kitchen. Dad Drinks Coffee. Mom on Telephone / Food
AB8aByyz8LE Beijing, China- Traffic on Dong Changan Jie
ABk_ZBbSJ1w 1960s Impressionist Art. Monet Painting - Boating. Cezanne - Museum Footage
ABsDTy07vcc 1920s Hollywood Actor Norman Kerry
AC8zKsRMS8g Christmas; Cutting Down Trees and Carrying Presents
ADEaiXaPj2E 1950s Chicken Franchise Operation
AERXNzWjSOI 1965 Life in South Vietnam
AEhsrrsmBkg 1966  A Silencer Measures 38 22  Scopitone
AElc3Vbnw-0 1950s Canadian Mounted Police Patrol the Rockies (Silent)
AEoNdcO5QlQ The Playboy - Billy Bevan Silent Comedy
AFWhK1Bh9Co 1920s Woman Slaps Man In Kitchen
AFccA4BMh0Q Ford F-100 Commercial- Truck Stunt Driving
AGjfRbT8W3s Vintage Silent Film Comedy - Woman Throws Stan Laurel Off Cliff
AGk6fKNU7lI 1960s Photographic Department - Deadlines, Pricing Using Dartboard! Fun
AIAL7rnwa48 1900s Police in Various Cities
AIC1Xoq_MHw 1940s Family
AIWjIHeshRc 1950s Woman Scrapes Batter in Cake Pan
AIoaczxydxc 1950s Asian Refugees Load Into Ferry
AIxGtra60cM 1908 Wilbur Wright ; Near LeMans, France (Silent)
AJFZuYkt3Dk SIGHISOARA, TRANSYLVANIA, ROMANIA, VILLAGE STREET
AL2y85TOBsY 1950s Westinghouse Refrigerator Salesman in Showroom / Sales / Appliance
AL3tgGoimIs 1931 Earthquake Nicaragua
ALIsVvLSM2w Fashionable Women on Airport Runway
ALkq82L8e3c 1904 St. Louis Exposition Carriage Pulled by 20 Mules (Silent)
AM5_Ws4DT6w Shooting at Dinosaurs
AMLGFDMWQO8 1950s Man Hands Over Money
AMQnJNpfIEc Chemical Tomb (1969) Part 1 of 5
AMiQI2eut7U BUDAPEST, HUNGARY, SKYLINE
ANK45Pr1Gto 1962 President Kennedy's Cuban Missile Crisis Part 1 of 2
ANm31Kzn0yI 1951 Aquatic Forum Fort Lauderdale
AOUz8q3ymA4 1940s Family in Backyard (Silent)
AOdSqWLh_6g 1955 Pontiac Rotates in Showroom
AP0PGSy2o-A Mad Scientist Plays with Electricity
AP4SvsUWwxg 1966 Alfred Kastler Receives Nobel Peace Prize for Physics
AP9UwLe9Rfw 1950s M'Clure Strait Ship Penetrates the Northwest Passage of The Arctic Ice
APQSsCfQbf8 Smokestack Demolition
APs7DlL4bk4 1950s American Dairy Association TV Commercial
AQESCrh8aZ4 1940s Movie Ticket Booth
AQFDm0mESZg 1933 Four Bear Cubs Raised on a Farm
AQWmVkzqdAU 1951 United Nations Troops in Korea (Silent)
AQYr5ynFhJM 1940s American Junior Red Cross
AQZQWbhj6Lg 1956 United States Missile Launch Tests in Desert (Silent)
AQhlxR6HglQ 1934 Samuel H. Insull Returns to Chicago For Trial
ARBkjpfhE6g Uncle Jim's Dairy Farm (1960)
ARFvdGDARH4 Women Exercising
ARwmmKv0zGY 1935 Northwest Puget Sound Family Hunts For Geoducks
ASf2V6SrNdM 1941 Russians Rally Against Fascist Germany
ASyj1nk5wFo 1927 Babe Ruth Hits His 60th Home Run in One Season
ATCZ4H-248c 1940s Telephone Call
ATUmHKZFbC8 1949 Earthquake in Ecuador
ATgpe4MVgBs Implosions, Demolitions, Destruction and Disasters
AU4qBrKn580 Tokyo, 1960s
AV4IPv86bM4 1953 Group Hazing
AVDg3wyNp3I Times Square, New Years Eve 1936
AVIC4ElaA8U 1960s Automobile Assembly Line
AVVvKxE8w_A Animation Prehistoric. Dinosaur. Caveman Cavewoman. Fishing.
AVm9ZlcZkJE 1950s Drinking Milk at Beauty Salon
AVtujf8STeA 1930s Mumbai (Bombay), India (Silent)
AWOsz4EFQR8 1939 Hollywood Jack Warner in His Office (Silent)
AXAJ7L_P3eM Getting There Is Half the Fun Part 4 of 9
AY0HPqiNwoI How Motion Pictures Move and Talk (1940s)
AY9Mznw5ZfE Newspaper Printing, Delivery
AYfFuOEDMr0 At This Moment (1954) Part 8 of 14
AYy4wJxDI34 1950s Suburban Houses. Little Girl Running Home. Skips / Family
A_D5ARxdQA0 Early Life of John F. Kennedy
A_Uciv0nfao Dancing Happy Feet
Aav0z64SnB4 1950s Army Rolligon Truck Trial Run
AbH4PoA0v8U 1930s Air Sled Delivers Mail in the Snow
AbbAXBpnAho 1970s Disabled Child Draws on Chalkboard
AbrhyjTUslI 1920s Early Trucks and Vehicles and Transport of World War 1 Troops
AcFFLVLffO4 1928 The Future Robotic Workers Going Down to Work
AcFwee-m0b0 1920s Coal Mining in  America (Silent)
AcWRnDggpz8 1950s Aerial of Manufacturing Plants. Vats of Molten Material
Acu7rYNH-VY 1945 General Eisenhower Pays Respect in Arc de Triomphe
Ae_2eX0nVZE Resort Hotel
AecU4_o6_Zs BUDAPEST, HUNGARY, ICE SKATING
AgozcQUbTOE Mean Monkeys
Ah-QaZlNpvs DNA Science Research Cells Division
Ah2mIfIAzP8 1948 Musicians' Union Ends Ban on Manufacturing Vinyl Records
AhVSk0uuga4 1950s Skydive into the Ocean (Silent)
AhbaOtkIZwo 1942 Battle of Midway World War Two
AhpB-7drmVc 1953 Military Procession. Soldiers Salute / Korean War
AhvdmotBXoA 1946 Paris Peace Conference
AiGzbNvUwoU 1930s Casino Gambling
AiHv04wbrW4 Dancers, Baton Twirling
AiRjy6Obpug 1950s Mexico Matador Bullfighting
AiZEUcziUqE 1961 Mercury Atlas 3
Aj-vCBOTglw 1910 Sheepshead Bay
Ak3J2qdKkBI To Each Other (1943) Part 1 of 8
Ak5z7BWsSk4 1960 Modern Transportation Used in The City
Ak7X2YKJwk4 1942 WWII Brazil Declares War Against Germany
Ak7ikULuP6E 1980s Fireworks (Silent)
AkrfdiezTWM 1960s Middle East
AleIJd-Np5k 1948 Bob Hope March of Dimes Tour
AlwE09SOFmI Air Travel Montage
AmS5P8JXhwM 1953 Hong Kong Chinese Refugees Getting Sprayed Down with DDT
AmoB4Xd8IFI Chicago, Aerial, Navy Pier, Grand Ballroom
AnSGhECSNUs 1950s Men Waiting in Line for a Paycheck (Silent)
AnavYJU-NtI 1933 Primo Carnera and Jack Dempsey Get Off Train In Hollywood
AnxRQ2lCz4o 1990s New York City, Driving at Night Pixelation
AoNn0eSvKXI Garbage Piled on New York City Dock
AomqtI39Zlg 1950s Medical. Doctor with Nurse Administer Shot. Inoculation.
Aoob2ichojM Ken-L Ration Burger TV Commercial
AouWyUC9uRE 1950s South and Central American Cities
ApCm9djmfok 1940s Mexico City Part 3 of 4 (Silent)
Ap_iUEnBhLU 1918 Rare World War I Clips: Aircraft and Artillery Battle
AqKprR8DoLc 1905 Ludlow's Aerodrome
AqXhHTBGPaQ Flowers of Darkness (1972) Part 1 of 4
Aq_9JbC0LKA 1910s Andrew Carnegie
AqdmP1XnaC8 Men Jogging, Exercising
AqqPn1LcYZA 1956 Atomic Experimental Lab with Master Slave Manipulator
ArBVWHJN0eQ 1941 World War Two War with Japan!
Ar_oJMkkaY0 1960s Cargo Ship
Arzmyh60sN4 1930s Women Exercising Using Vibrating Belt
As5T4xBKIVk 1940s New York City Aerials
As8BoLSlJ4c 1950s Suburban Family
AtUZuyRLRsY Racing Accidents
AthuGBkCC5M 1930s Car Safety Test
AtrNvicHBSo 1930s-1940s Japan Bombs China's Capital, Chungking War Disaster Spec Explosions
Aub6KXRsvic Shoes Ruined in The Rain
Av5V6HYLL48 1950s Musical
AvaLSX45B_4 1960s President Lyndon B. Johnson Speaks at Washington World Conference
AwWo_AV3Rs4 To Keep A Promise (1967) Part 3 of 7
AwWy28JbdSk 1950s Commercial Fishing in the Great Lakes
Ay9_vM91ecY 1950s Women in Closet. Filling Clothes Bags with Anti-Moth Powder
AyAMs4_slgw 1941 Soviet Union Boot Camp
Ayf8ql54mO4 1902 104th Street Railroad Curve New York City Skyline
AzBlF3ku1-8 1950s NYC Family Watching Thanksgiving Macy's Day Parade on Television
B-GozcED5ls 1940s Cooking Food Montage
B-O7JDqcMIo 1953 New York Yankees American League Champions
B-Yr5sk2Ixg 1960s Columbia University Initiations
B-i1ChJHEwA 1928 Future Workers on Day Shift Shuffling to Work
B0VNwvbkuHY 1937 Vittorio Mussolini Marries at St. Peter's Basilica
B24Ogtz4BNs 1950s Automobile Sales Showroom
B2AVyBsO8JM A Manner of Speaking (1959) Part 6 of 8
B2xfPQ4SDQk 1950s Memorial Ceremony (Silent)
B31eP3MzsZk 1945 Truman Announces Unconditional Japanese Surrender
B3qxSiB-8yE 1950s Chevrolet Commercials
B41PYmwwIE4 1940s Date Meets Parents
B4T7Mrju7jc 1910s  WWI The Battle In The Air: Biplanes And Balloons
B4nFWtbYdmE 1950s Iron Ore Mining
B4qVU-3ySQM Fire in Chicago
B5FpSNbAyP8 1920s Ford Model T
B5XyNDLVzpQ 1936 Hollywood: Woman Rides a Lion / Odd
B7RiaiWQALs 1896 Coronation of Tsar Nicholas II (Silent)
B7fRfZui4PU 1960s Go-Go Dancers
B8MSFeQ3TR8 Couple Driving in Car
B8a_RmLgbYc 1940s Boys Selling Newspapers on Street
B8bcbGXO1uY 1940s Students and Adults in Classroom
B8uYd6p2D6o 1910s Douglas MacArthur
B8vREaborjM Telephone Montage
B9gGD3vzupM The Mark of a Man: Henry Ford (1952)
B9s6Mfcnvog Archery Stunts
B9sgco3jO_E 1950s Lovers Kissing
BA1CI_aSTnk 1950s Texas Marksmen Demonstrates His Accuracy (Silent)
BANNj5k1mwg 1940s Women's Spring Headwear Fashion
BAZkocpD5lU 3 Second Flirt
BAma4S_vO24 1932 New York City Skyline Tug Boats Passing By
BC8POCWPr1c Jimmy Doolittle (1952) Part 3 of 3
BDBM4Dc3R5Q 1930s New York Harbor Personal Submarine Tested
BDV2W3lxtHA 1901 Pan American Exposition Japanese Village (Silent)
BDXs62GL8vg 1956 Center City Philadelphia Traffic
BDaxdNXpxQY 1950s Students Leaving Elementary School
BDjhgsMpU_8 1930 Floretta D. McCutcheon Female Bowler
BDyXzTVFuZk Trained Seals
BEgsA07E9Ok 1940s World War II: Ulithi, Anchorage
BEvCpbJYM6o 1950s Australia Man With Parents Ticker Tape Parade (Silent)
BFJCMAsbkcw Man Chained to Horses, Woman on Bed of Nails
BFPrQWOL43g Newspaper Printing
BFZauDm3r5E 1935 Women's Hat Fashion (Silent)
BFybrL0WCNM Newsboys Trailer
BG5UCAkgems 1914 Silent Film Snippet \
BGL3tdYJEjM 1950s Rochester, New York
BGd3GpJIYOo 1929 Stock Market Crash
BGvFUhylnBU 1937 Amelia Earhart Leaves Oakland For Miami
BHAlvOZOl1k 1903 Be Good Man Woman Kiss (Silent)
BHEVDLsrxQU The Day of Our Years (1955) Part 5 of 5
BH_yppA9dCo 1933 Aberdeen Parade Buy American Drive
BIEcXdm1HUc 1930s College Boy Recreation
BIXl5RAzTnk 1950s Animation of Outer Space
BI_zeyFSlFA 1936 King Edward VIII's Rule and Abdication
BIhvPJsT_CY 1936 Frido W. Kessler's Rocket Plane to Carry Mail (Silent)
BIzNeqCEsFE To Each Other (1943) Part 8 of 8
BJuCv0glTG0 1951 General Douglas MacArthur Resigns
BK-dPu2UiK8 Avalanche
BKnfwiNpYYo 1960s Rural Police Chase
BLG_H_xbgH4 Students Watch TV in Classroom
BLkU_r_GGIM 1930s Al Capone Taken to Leavenworth Prison
BMYFzFy_E1w 1940s Man Breaks Record, Woman Slaps Man
BMhukgbSepI 1903 Gallathea Theatre (Silent)
BN1CwxWX0OM 1960s Reentry of Spacecraft
BN6jkYRZoJY 1960s Guatemala 3 of 5
BNNsn1f1opo Record on Turntable
BNbp6cLP_Kw 1800s Pioneer Woman Baking Bread
BNilrhkGVdg 1960s Beirut
BOAjPMctSA4 Food Glorious Food
BOHEZIH14bs The Land (1942) Part 3 of 10
BOqrvv0nb3g Lipstick
BPIZqTUPpVc 1938 Ford V-8 Sedan Deluxe  Family Getting In
BPLvBa1Xfv0 1930s Philadelphia
BQ7_wcwEV-Y 1960s Woman Gets Out of Surgery (Silent)
BQ7jAbi6V54 1916 Eddie Rickenbacker and His 94th Aero Squadron (Silent)
BQAXdw6UFq8 1950 Gossip Girls and Driver Out of School
BTClE0Gs7HM 1960s Chicago Track and Field Sports International Meet Poland and USA
BTJwL3azo04 1950s Ferris Wheel Pan Down to Amusement Park Midway / Entertainment
BVKZ5tTRfsk Weird Warning Lights Going Off
BVdc135sLR8 1932 Floyd Bennett Field Edna Newcomer Transatlantic Flight From New York To Rome
BWl3Y7K7Qoc 1960s Couple on a Beach
BWlgEtKhUy8 1934 President Roosevelt with His Son in Florida
BY2LwPLOMY4 Food For The Future (1950)
BYJ4DqFFPpg 1910 Couple Escapes Plane, High Flying Stunts | Plane Crashes
BYhPtrxWgng Explosion, Mushroom Cloud
BZNI9e7Qcpg 1960s Power Tools
BZc5XJyKPCg 1957 Ingrid Bergman Lands at Airport with Her Daughter (Silent)
B_5u7bfidWg 1967 Oldsmobile Delmont 88
B_Hs2H3ay50 Funny Face
B_NIPwdyKJs 1920s Jimmy Johnston Motorcade Parade
B_jlgV6SsrQ 1968 Martin Luther King Assassination, Funeral, Robert Kennedy Speaks
BaYUeavqYaI 1933 Walter Folger Brown Talks On Aerial Postal Service
BacjIiB_G-A 1960s Rocket Launch, Young Girl Watches On
Ban3oZs_sOY NEW YORK, BROOKLYN BRIDGE, NIGHT, AERIAL
BbOxxA3Qnbk 1936 Nighttime in Times Square (Silent)
Bbk9o4_bBBM History of Edison Kinetescope Films
BboEg6vP6KI HUSBAND PACKING UP CAR
BcWUKZs-xKo 1980s Original Shoot Mondo Footage II
BchCW7qSpGg HIGH RISE BUILDING CONSTRUCTION, 1960s
Bd30m4Dk0Z8 1970s Accountant Helps Man With Taxes
BdQ_CvTvyvo Winds That Kill
BeA3wwvAsTw Gambling, Roulette
BeoTc-Z7s8Y Circus: Trapeze Artists
Ber6lx-k_ms 1935 FDR Attends West Point Graduation
BevsehZ5P7o 1958 Masters Tournament Arnold Palmer Win
Bfk_CFl7fUI 1980s Frisbee Tricks
BgLTsSKfo3I 1940s Little Boy Bored in Class
BhVXjYG7DEM 1930s Washington D.C. Bonus Army Marches (Silent)
Bi5KF9oIRfU 1940s Newsboy on Bike Throws Paper at Front Door
Bi7apXRmvf0 1939 Duke Duchess of Windsor American Legion Soldiers
Bj9qrw7zyv0 1901 King Edward VII Accession Speech
BjAPrpe-82w 1920s Flapper Doing the Charleston
BjGgnmaw1aU 1940s Woman Driving 2
BjeZwFNy2ls Woman and Car Salesman 1950s
Bk3qOcWljRk 1960s Uniroyal Tires (Silent)
Bk43frppRHA 1957 Wimbledon Althea Gibson Wins
BkGKI1yoT7w 1940s Teens Make a Date
BkmWNZY7Ovk 1970s Vintage TWA Commercial
Bkntr2oYnh0 1962 JFK Receives Honorary Degree at Yale University
BlBgjwuP3ao 1960s Home Design House Wife Part 4 of 7
Bll1Uq_oO0g 1942 General Eisenhower at the Opening of the ALCAN Highway Part 1 of 4
Bm6vzay1bHY Film Leader 34
BmBkDa4mzJM 1932 San Francisco College Student Food Fight
BmUdu8RVJJg '13 Ghost' Trailer (1960)
Bn5zxaVY6m8 1935 Pennsylvanian Coal Miners Living in Abandoned Coal Ovens
BnJvLKsl4WU Time Passing - Time Lapse In New York City
BpZT5g5hr1o 1950s African American Dance Hall with Dancers & Band
Bpcl3p6XpqA 1950s Truck Pulls Out of Cul De Sac
BpjRzxmAFPs 1970s American Cancer Society Commercial
BqNbKHcAyN8 From Adam to Atom (1952) Part 2 of 3
Br7t2859c9I 1910s Vaudeville Acts
Bs31ADqKXGk Bangkok, Thailand, Traffic, Time-Lapse
BsL9mGV6r48 1941 Soviet Farmer Sugar Beet Fields
BtNAXzMHlzE 1950s Breyers Ice Cream Production
BvKsy_v19as 1950s Pittsburgh Steel Mill
BwDn4erT7oI Film Leader 23 with Countdown and Talking
BwioHjYqCL4 First Meeting Between Franklin Roosevelt and Winston Churchill
BwostE5gmXU 1960s Duncan Yo Yo Japanese TV Commercial
Bwr-1pmjqFE 1940s Navy Cadets Run in Swarms
Bx9oWZQ0RhY Bicycles Are Beautiful with Bill Cosby (1974) Part 1 of 2
BykNEY0jE2U 1970s United States Pollution Problem
Bylnl5m7_UE 1950s Brooklyn Navy Men Donate Blood to Red Cross
Byx1bCtA7xA Outdoor Recreation. Camping Rv Truck. Hunting / Car Outdoor Recreation. Fishing Rod
Bzo0GWpLrPw Space Science and Time (1960)
C-4ZV94QVIU Science in New Jersey
C-PoWVfDrZU Board Meeting
C-wS4DThehI 1920s Silent Comedy Film Starring Snub Pollard
C045ZFKelWE In Control (1966) Part 1 of 4
C0TKzkGMkDA 1948 President Truman Wins Reelection
C0TXN9XMgRQ 1920s-1950s Fashions
C0voFl4d44s Kaleidoscope, Computer Keyboard
C2AAG3u5OX0 1920s Fashion Show
C3LdU7eg6Oo 1920s Stuntmen Balance on Wings of a Biplane (Silent)
C3WUK--133k 1961 Bay of Pigs
C5188jr2coM Flatfoot Policeman Monitors 1950s Rock and Roll Dance Party
C88PfCPf4ZY 1950s Close Ups of TV Tuner Knob and Screen
C8K4HdnQzUM 1935 Rescuers Dig Trapped Drivers out of Avalanche (Silent)
C8gILk8zk6I 1952 Pro-Communist Riots in Tokyo
C8n91U8HUX4 Yankee Do: A Story of Sea Power (1960s)
C8x59qWn-mA 1903 Ballet Master Dream (Silent)
C973oejBsmI To The Fair!  (1964)
C9i-CNsE5OU 1940s Boy Ties Tie
CB87MVPCavs Counting Money Part 2 of 4
CBiIYMdoayU Going Steady (1953) 3 of 3
CC4beT5Njs8 1905 Bargain Day New York City
CCHiWSf9dSg 1950s Farming Industry Rochester, NY
CCeLQZ9AZKM Woman Whispers to Husband
CCuty3G-mKg 1930s Blindfolded Acrobat Performs Stunts Above City
CDVEvQhG5ig 1950s President Eisenhower at Columbia University Diploma to Officer
CDhXxm0qRAU 1964 Griffith Observatory Los Angeles
CEdFOlPuWxM Children Open Refrigerator
CFR329uQxwM Faro Nell (Old Californy) (1929) Part 4 of 4
CGcVpFwXoM0 1970s First Hours of Ownership Part 2 of 8
CH8-FXErIsA 1950s NYC Lab Rat Goes Through Obstacle Course (Silent)
CHYneNLmhoY 1905 Around New York City in 15 Minutes Timelapse
CI8zCX8dQHE Sucesos Peruanos (1960s) Part 1 of 2
CINwlhrDZ8k 1940s Australia Dog Flying in Plane and Riding in a Tank
CIhplBOsqgQ Sleek Train Speeding Across Plains Truck on Mountain Curve
CJSkh2RyFNI 1920s Vaudeville Routine
CJgCZjucijI 1969 Philadelphia- South Philly and Italian Market
CKw6ZeQXKsg The Earth and Its Peoples (1948)
CLFRR5G7YkU 1950s Transporting and Shipping Food Packages. Supermarket
CLIXGNZpVaM 1950s Classroom
CMiktkKvum4 1923 Albert De Winton Tied Up and Handcuff Jumps of a Bridge and Escapes
CMpwJ12h18s 1949 Mississippi River - Upper River
CNCpOjrs5zw 1968 BC-8 TerraPlane Hovercraft Demonstration
CNWoiGlB0-Q 1960s Television Commercial E-Z Pop Popcorn
CNxVQmH2R70 1955 84th Congress Convenes
COVb12PZ7xc 1940s Mexican Quarter of Los Angeles
COovdvh9nvg 1918 WWI American Troops Fight in France (Silent)
COwDzLeogis 1940s Supermarket (Silent)
CPDfiOArufI 1910 Los Angeles International Air Meet
CPWDkaJSJ5M 1990s Amish
CPjsebUQOn8 Jupiter Animation 2 (Silent)
CQljV2FBBYg Ring Up the Curtain (1919)
CQr1xqZSG3w Man Crosses Icy River
CRBd5gVPJqs Women Exercising
CSLnvMEbuo8 1920s Jazz Musicians and Dancers
CSLpnqsHsP4 1950s Juvenile Delinquent with Gun on The Playground
CTAeembzC2o Science and Technology
CTY2jmTKXbo 1931 SS Monte Carlo Becomes a Gambling Ship Off the Coast of St. Petersburg (Silent)
CUA4wJ07CHE Asbury Park, Water Park, Summer 1
CUGtredfA9Y The Title is One Part 6 of 7
CUdp6bci0rk 1970 First Hours of Car Ownership Part 7 of 8
CV3aTxjRUEw 1920s Men Confiscated and Destroy Liquor (Silent)
CWe6j6-jrkg July 25th, 1943: The Fall of Italian Fascism (Silent)
CX6ys5R79WY 1960s Piasecki H-21 In Vietnam
CXBjgB_CYtU 1968 Blue Chevrolet Impala
CXVknJQXhBM 1932 Chicago Waterfront Fire (Silent)
CXrjRCnU58s 1940s Man Jumps Through Window, Building Blows Up
CXvDe8654NE 1971 Corvette TV Commercial
CY8-99IifBY 1960s Cartoon
CYFspD9vvR0 1950s Moscow Horse Harness Racing (Silent)
CYKALQ8lzCI 1950s Window Shopping. Retail Stores.
CYMOU0EYnh8 1958 Senator Kenneth Keating Interviews FBI Director J. Edgar Hoover
CYwEM4wBqA0 1958 Secretary of State Dulles at a Press Conference Addressing the Suez Crisis and Nuclear Missiles
CZKHT7wr1L8 1966 Bien Hoa Air Base
CZOLhUifrTE BUDAPEST, HUNGARY, SKYLINE
CZTAsWPC70Y 1953 Navy Ship Hands Hose Down and Sweep Deck
CZyMiyYZr4Y 1950s Shopping Retail Stores
C_SGu0qQ1mM Human Reproduction (1948) Part 4 of 5
C_enDLR6Iw8 1951 Duplessis Bridge Quebec Collapses
Ca6AsQd51m8 1920s Kids Playing at A New York City Hydrant
CaDzvOlLwlA 1940s Factory Workers Coming to Work in the Morning
CaX9qVd6mY4 Angry Director Yells Cut!
Cb4YsGWNWXc 1970s Plymouth Fury on Open Highway Man at The Wheel
Cb7p6_X2OFM 1928 Hand Crank Hollywood
CbH713N_j4E 1940s Men Heading to Factory for Work in the Morning
Cbpy3HkvmD0 To Keep A Promise (1967) Part 7 of 7
CcB8kR72s-o 1935 Dual Control Educational Automobile
CcPOWMB8QZA 1980s In-Flight Jet Over Manhattan Skyline
Cd0yYTpvRRk 1957 Bakersfield Police Officer Makes Arrest
CdFuhS8k19o 1952 Sports: Boxing - Floyd Patterson Training; Football - New York Giants Vs. Chicago Cardinals
CeJdG96lZgc 1945 V Day London (Original Audio) Part 1 of 3
CeaeOIUNq30 1904 World's Fair Louisiana Purchase Exposition Opening Ceremony
CiY3z9uqO-0 My Hometown (1947) Part 3 of 5
Cil1EkxfF0g 1920s San Diego Biplane Fighters Fly in Formation
CioNl3SmN4g Fat Man Hula Hoops
Cip8B90Jt3I 1920s Early Television (French)
Cj5lSzEKzkA This Is Adlai Stevenson - 1956 Presidential Bid
CjoYcm3ckH0 1930s Ethiopia New King at Addis Ababa
CjuDV_TBvQ0 1940s Laguardia Airport Fashion Show
CjzXD3aCvWY 1930s United States Army Tests Artillery
CkCFUSun_Ag 1940s Women Aviators in a Wind Tunnel
ClYGVoTTauU Vietnam War: USAF Bombers Dropping Payloads Part 2 of 2
CpA3yTvqFpM Steel Man's Servant (1950) Part 5 of 8
CpebSBYf434 1950s Chickens from Parade Grounds to Processing Plant
Cpg00Z5t5_M 1930s San Francisco, Great Depression - White Angel Jungle Mother Jordan
CpgpYEd1YvQ Newspaper Printing
Cq7IinJG8xg 1910s Douglas Fairbanks Chase Scene
CqLlcMCOOjc 1903 New York City Elevated Railroad
CqPO-XujB2Q Height of the 20s (1925) Part 1 of 5
CqTj2nPOCN4 Tidal Power Part 3 of 3
CrGQIGw5XuU WOMAN COOKING 1950S
Crgxi4MxdZY Caveman Anthropology - Tools, Painting, Hunting
CrrpMPitB7M 1940s Teens Getting Ready
CstTSukBffM 1928 Clarence Chamberlin and Roger Williams Airplane Endurance Flight Record
CtR73e7tntg 1958 United Arab Republic's U.N. Representative Talks About the Palestinian Situation
CtckG2-3iSs 1950s Juvenile Delinquents
Cu-R9NVjz8A 1920s - Houdini Escape Straitjacket Hanging Upside Down From Building
CuSNxNru1PE Fighter Jet Combat Aerials 74
Cumu2GoMqEg 1950s Movie Camera and Crew Dolly
Cv9xF-GsMS4 1950s Boy at Small Table Stamps Ink Pad / Art Education
CvITl7Lbwxw 1961 Alan Shepard Pilots the Mercury Redstone 3 Mission
CwBqbyqAL1Y 1941 South Carolina U.S. Army Stages Realistic Mass War Maneuvers
CwtPkuVGo-s Fidel Castro Giving an Animated Speech to Crowds
CxTx2Ej9qAs 1963 Civil Rights- The Great March on Washington D.C.
CxbLrIWqvC8 1950s Family Loads Car for Trip
CyRCozEcJ8c 1950s Italian Elections
CycuoMBd6Ek XY Chart
Cz6UwC7QHaw 1950s Kids Watch TV With Dad
CzpsFlTb-_A 1950s Family at the Beach
D-lYcXsLLA8 1950s Engineer with Glasses and a Suit Pulls a Book from a Bookshelf and Begins to Read it
D0KvX85SPZc New Years Celebration
D1TGauCDddo 1930s Gymnast Mailman
D1gWb1nhj5U 1940s Teens Dancing
D1p_izOkzjw In Control (1966) Part 2  of 4
D1psgg6-b4U 1950s Progression of Transportation Tech
D1r8YjTOe74 Santa Monica Pier
D1xXC6nsqkQ Don't Take A Chance (1966) Part 4 of 7
D1z8mZwtMFk 1960s Evening Fashion
D27Wqj1-ERo 1936 Summer Heat Wave
D2i2Y1BvaCQ 1928 Composer, Sergei Rachmaninoff
D2im7aQ19-g 1930s African Americans Exit Juke Joint
D2st9n5tYSo 1949 President Truman Sworn Into Office
D3arMrZKTwg Jet Pack Man BW
D3iTaPHBBCs 1940s Alligator Brushes Teeth
D3jYhQXn96k 1947 Women's Fashion
D4K5ws0UGx4 Radiological Defense (1961) Part 2 of 7
D4TjUwuXu1k 1990s Woman at Computer
D4aprREZsnY 1936 Winter Olympics Bobsleigh
D5QFGfrWiTg 1960s Detroit George's Bar (Silent)
D5XMAmhFTt4 1950s Moviola
D6JtC2kEfGI Counting Money Part 1 of 4
D6fgIXvohxg 1966 Jungle Training For Vietnam
D7JF_Lc7FTI 1935 Italians Train Troops in Alps
D8-tMXlJLXc BIMBOS AUTO
D89bbzmlgDY A Visit to Value Town: Westinghouse Promotional Film (1935)
D8lo3Fhhb7M 1920s Women Fashion Show
D99mc6UZ_6k Kansas City Confidential (1952)
DAAoH_FQ_BY 1959 Chicago Heavy Rain Causes Floods (Silent)
DACOcDUEmRg Driving Headlines
DAn-dYlXLFI 1960s Hippie's Hands Rolling a Joint
DBDNyE4nIp4 1940s 1950s Broadway New York City From Top to Bottom Part 2 of 2
DBJW6cMjciE 1950s Rochester Machine Levers
DCgWcwFytnk 1980s London
DD4xS2yaZ_o 1939 New York World's Fair  Part 1 of 6 (Silent)
DDIkFRevwog 1950s Middle Eastern City (Silent)
DDU_tJ3bhKM 1900s Germany's Emperor Wilhelm II (Silent)
DDr-J6go_d8 1937 Spring Hat Fashion
DDtPrdbn770 1960s President John Kennedy Family Arabs (Silent)
DEYZE4NLL8U 1930s Great Depression, Dust Bowl, Farmers
DEgdqWznQKg 1940s Woman with Flowers
DEhzhoGE-Wg Streets of New York / The Abe Lincoln of Ninth Avenue (1939) Part 1 of 2
DEik1P32ssM VA Drug Treatment Center PSA
DFDimSCDjv8 1950s Hawaii Hula Dancers and Surfing
DFTwC2f1OZI COUPLE PLAYING WITH BABY IN FRONT YARD 1940s
DFmxh0nLQow Dinosaur Fights Hairy Beast
DGaZlI82WMs 1940s Indy 500 Race - Mauri Rose Wins
DGePqHOay74 1920s \
DGluNIYzpLw 1950s Restaurant Waiter Serving Chicken
DH-4d9XmZfY Kids Dance Along to Television
DHWJiRoYLhg 1950s ICBM Missile (Silent)
DHatGaavs1Q 1960s Girls Screaming at Concert
DHk4fgT9u7Q 1950s Breyers Ice Cream Product Parade
DIDF-NUWHyo 1940s Building Suburban Houses (Silent)
DILiq27cWaQ 1920s Couple Canoodles, Man Drinks from Fishbowl
DIjHIYP68CE 1950s Sunset on Lake Reflection
DJ7V8TQVq74 1948 President Truman's and Governor Dewey's Presidential Campaigns Across America
DJeh-QGVpjM 1950s Parents on Monitor; Bald Scientist; Chromosome Chart
DKxBLt9CaYQ 1950s Water Skiing
DLWjn8ae9lo Jupiter Surface (Silent)
DLmTFyAxpQ8 1950 Indian Generals Land in New Delhi and Greeted by Prime Minister Nehru (Silent)
DM7dUs6nuM0 1950s Soviet Representatives
DN5dHZtC2Jo 1960s Servicemen Dignitaries Foreign (Silent)
DNKfHh_87FY NIAGARA FALLS 16
DNiUUdQeUq4 1960s Fancy that Clothing Shop Vintage Running Silk Shorts Peace Symbols Coat
DO3cUk7JB94 Hearing Better: Healthy Ears (1950) Part 4 of 4
DOP-cRjrsZY Where Our Food Comes From (1956)
DPst-UhslNc 1956 Seattle Christmas Parade
DQFDKP4bDIA Children Spring Dances in Prospect Park Brooklyn
DQShfg9oGnY Hollywood Back Lots Suburbs City Mat Construction Models
DQikByKTUt8 Baby Boomers
DRJbSYrw5AQ 1927 Female Humanoid Machine
DRZznhQcZ3k 1937 Trotsky Arrives in Mexico Greeted By Diego Rivera
DSRVA_q_8Es German Couple Enjoy Dinner
DSsZU80SBU8 Dinosaurs
DTjyN7aBdkE 1956 Dusk in Times Square
DUTrtllNyTI 1920s End of the Jazz Age
DUhmRdPOnuI NEW YORK, QUEENSBORO BRIDGE, AERIAL
DUkVrA2k63g Woman Attacks Man in Trash Can
DUtDoQH9vuo 1952 SS Flying Enterprise Disaster
DWOqF2TPRYM 1980s Port Authority Crowds Rush Hour from Above
DWWA97CsBek 1935  St. Peter's Cathedral Lit Up at Night By Candles (Silent)
DWwi0Qs50u0 Superhero Flies Through Air
DX60X4slgmw URBAN USES FOR LAND FOR INDUSTRY 1967 (2)
DXeKySHKXx8 The City (1939) Part 5 of 10
DYbn4A920SA 1963 Ticker-Tape Parade for Astronaut Gordon Cooper
DZEwzxHlqz0 1962 President De Gaulle Meets with German Chancellor Konrad Adenauer in West Germany
DZOf6cnUyMU 1920s Hollywood Actress Sally O'Neil
DZVCWwsLys0 1950s Dating Advice
D_0ZgPVtWSY NEW YORK, STATUE OF LIBERTY, DUSK, AERIAL
D_5ygDbBt1w 1965 Barber and Beauty Products
D_Vt5YhMlc8 1970s Deaf Children Playing/ Learning
D__WDdEFDm8 Man Hangs on Telephone, Slapstick
D_rTPax4Qko 1920s Algerian Man Eats Metal
DagoFxeiFYc Dark Cloud Covers Sun
DblUl99dAmU 1950s Voting in American Elections
Dc-Gdm59ZpM 1941 Russian Tenth Graders and Women Work In Tank Factories While Men are Fighting (Russian)
DdCfu0G4O8s 1980s New York City Night Time Slo-Mo Limo on Bridge
DdN3yjL1YBI 1940s World War II Combat Footage
Ddcf95ic_sA 1956 Haven't Got a Thing to Wear
Den8SMz12gY 1950s Woman on Cool Little Riding Lawn Mower
DfBtFrHGvrw 1945 Marjorie Ross and Leonard Ross Punching Bag Stunts
Dfk9XOoVm-w 1949 Ford Automobiles - Promotional Film
DgLpZXwnUag 1930s King Victor Emmanuel III
DgmU36uiubA Antarctica Voyage, Penguins
Dgq-h2Upeb0 1962 Iran Buin Zahra Earthquake
DiL_E66mLBw 1950s Family Picnic
DieZ4v2V2UQ 1893 A Morning Bath
DjBZN-KRcVw 1960 Volcanos (Czech) Part 1 of 3
DjhS1HxfSR8 Plane Crashes Through House
DlGc0XtqTug 1935 President Roosevelt Buys Baby Bonds
DlJiZLumghk CHICAGO, AERIAL, SEARS / WILLIS TOWER
DlKhfHXVfCY 1936 Southern States Devastation Tornadoes
DlN3vJvZqa4 1937 Parade in Talladega (Silent)
Dm0BfYJ6C_w LIGHT SWITCH ON 1940S
DmKT2aSri8E Film Leader 2 Countdowns
DnA7sUTKGOs 1969 Automobiles
Dnp5VLnv358 1950s Farmer Drinks Coffee
DoxVqn4K5Js Fashion News (1929) Part 3 of 3
DozNcobzibo Early 20th Century Cinema Kinetoscope
Dp5QS_DzL3s 1932 Lindbergh Baby Kidnapping
DpjEJ2q4qIk The Old Shell Game (1948)
Dpm1oHn_-5I 1940s Evening Fashions
Dpmbbvq5TSg 1940s French Riviera Part 2 of 3
Dpps7elasNs Greece U.S. Officers, Traditional Greek Dancers / Ethnic
DqHLJgLUusA 1940s Midwestern Farm Work (Silent)
DqeuTgnhSjU 1970s Plymouth Fury Racing Dune Buggies on Sand Dunes
Ds5Skh6oJGU 6th Chair (1950) Part 3 of 4
DsEqBzFdqlc 1920s Man with Electronic Gadget
DsMh4h__xAE 1918 Armistice Signed Ending WWI  (Silent)
DsvbXyxCOug 1960s Sydney
DtBtdpTdAxI 1960s Cowboy Western
DtMOjsUbnx4 Boy Listens to Radio
Dtg8rVDk7SE 1903 Yacht on East River New York City
DuKlIsVLdDo 1970s Plymouth Fury Taunted by Dune Buggies on Sand Dunes
Dueh0P0R9yQ 1950s People and Animals Hula Hooping
DvNJzz9a7FA 1960s Volkswagen Tailgating
DviqVRftNe4 Christmas; Santa, Workshop, Elves
DwuvvkNae1M 1965 President Johnson Delivers His State of the Union Address
Dx12R7Q-f9g 1940s Baby Births in Hospital
DxRXI3n3R-U 1935 Ethiopians Prepares for War in Addis Ababa
DxbOV5BrjV0 1950s Putting Son To Bed
Dxd8KhZ9vAE 1920s Fire Eater
DxtJLmSvq40 Helium (1966) Part 2 of 5
DyFKjtLNKq8 1939 Paris Labor Union Riot
Dyf_0ybb5aU 1930s Women Exercising on Early Fitness Machines
DyumfkNDnZ4 1960s Gas Station
Dz2gjXqlIuo 1934 Aftermath of Assassination of King Alexander of Yugoslavia
E0jyYUjp8KA 1930 World Heavyweight Boxing Championship Max Schmeling VS Jack Sharkey Fight
E1GPFYUO5Ic 1940s Man's Morning Routine
E1NHUib2eJI 1950s Walk Don't Walk Flashing Red Signs
E1hUvvmzH2A 1958 President Eisenhower Awards USS Nautilus Commander William Anderson with The Legion of Merit
E248v6MWuaI 1960s Home Design House Wife Part 7 of 7
E3EHL2kod4Y 1920s Stand By, On The Air Blinking Signage
E3VKlrIsbDo 1934 Parisian Women Hairstyles
E49ErWR9f5I 1965 Watts Riot, Los Angeles After The Rioting
E4CIcbZbRNM 1949 Convair B 36 Peacemaker
E4LAymUIR9o 1926 Boston Davis Cup Tennis Double Match
E4mD4LiadC8 Cavemen, Cavewomen, Everyday Life
E5AYhxRHtks 1930s Automobiles Design Team | sketches of 3D models
E5M8NtRkBs0 Transatlantic Radio Broadcast
E5ql8fqwvxQ Alarm Clock, Man Yawning
E5sJ-4-Lkpo 1960s East Berlin
E69YV3hX15c 1950s People Watching Store Window Televisions
E6D4YPTrwu4 1930s Father Coughlin Speaks Against Hugh S. Johnson
E6lYdr_vdww Los Angeles, Downtown, Skyline, Sunset, Time-Lapse 3
E77p0CuX7l8 1950s Computer Room
E7J_1DyXjiQ 1952 Eisenhower, Nixon Fishing and Planning Presidential Campaign in Colorado
E7dCCVEHeMk Baby Newborn
E7nfTKHcczI Movietone News Opening Titles 1941
E890cUxIfJI 1940s Wind Tunnel: Line Of Beauties With Hair Blowing
E9CSw2MHHDM Philips TV Commercial (German)
EAAE8azsgfE 1957 Vanguard TV-3 Satellite Launch and Explosion
EAWnvRaRAW8 1966 Debbie Reynolds \
EB2GiNbKZoU 1931 Gangster Louis Buchalter
EBD9q8Ed_78 At This Moment (1954) Part 14 of 14
EBPSIM6awGY 1962 Fall New York Women's Fashion
EBidAm8i93A 1940s Lockheed P 80 Shooting Star and McDonnell F2H Banshee (Silent)
ECUvWhXKpmg How Are We Doing (1958)
ECYl6u7liRs Forging Steel, Steel Furnace
ECkswzixd4o 1945 City College with Green Lawn Palm Trees
EDALMnTywG8 1936 Olympic Aquatic Sports
EDFPMcd21Cc 1936 College Shaving Contest
EDXpUrdF4Pk 1932 Lindbergh Baby Kidnapping (Silent)
EDbw66i46sQ American Television
EEe51QROGj0 Wall Street Crash of 1929 Part 2 of 2
EEnLobMUaXQ 1960s Television Commercial: Tammy's Studio
EEpZnYheqwg 1930s Havana Horse Racetrack (Silent)
EFGg4EVvt1c 1940s WWII Rough Ride Jeep
EFlKQ2QmXuw 1935 Madison Dog Show (Silent)
EGhBE_3Xi1w 1950s Jacqueline Kennedy and Mamie Eisenhower
EH7ZKd41REU 1950s Lumberjack Felling a Tree
EHZAv0DmLAA 1950s Airlines, Airport
EHpxW2EYSFY 1940s Father and Children
EI1eFmZgeRs 1961 Marineland Florida Doctor Checks Up On Baby Whale
EI5sliYaXkA 1934 Dallas Bonnie Parker's Funeral
EICpjqnPy5o Hysterical Face Montage
EIKtTju6E7o 1940s Teacher Standing in Front of Blackboard, Talking to Class (Silent)
EIRBu46eSFc Kodak Film TV Commercial with Mike Tyson
EJClfYrNqW8 1950s Businessman in Office
EKPIHw9eSXk 1930s Great Depression
EKYIfUHiO0Y Square Dance Cowboy Dances Because Feet Are Shot at / Western
ELN7Wotz3AU 1920s The Beginning of Wireless Broadcasting
ELw_IeTU5r8 1934 WPA Painters Sculptors Artists
EMb2Dwvsuv8 1935 Barbara Hutton Divorces Alexis Mdivani
EMeQr7Rq9yU HOLLYWOOD SIGN, LOS ANGELES, TIME-LAPSE 1
ENBLE5OCZic 1935 N.Y.C. High School Vs. Sing Sing Prison Team
ENJtoBiv0Ts 1950s Cooking Around the Campfire (Silent)
ENS2FOOqrmE 1960s Philco Color Television TV Commercial  - Barber Shop
ENWiO8lzU0M 1960s Elementary School Classroom
ER6_RDdqBcc 1935 Infested Crops Spraying Pesticides
ER6xyg11ypA 1930s Cash Register And Exchanging Money
ERnzJxOsBnA 1900s John Bunny Silent Film Comedian
ESivqsIariM Fashionable Women on a TWA Flight
ESld9ifcoDY Trailer: The Madmen of Mandoras (1963)
ETCth260sCQ CAR SALE LOT 1960S
ETO1J-hdYhI 1950s Chemical Research
ETh4C2lFedo Thru New Eyes (1971) Part 2 of 2
ETkAV9E_JGQ 1940s Mexico City Part 4 of 4 (Silent)
EUJQXaAvpRM Gas Station
EVXzpnNQNpM 1957 Queen Elizabeth Tours NYC Ticker Tape Parade (Silent)
EWRMhMbSj7M 1920s Dancing and Jazz Music
EWyJX33tAA0 1966 Land of A Thousand Dances Nino Tempo and April Stevens
EXykxIrZYGE 1931 Actors Warner Baxter and Neil Hamilton at Malibu Beach
EY8Q2Ta2Bm4 In Control (1966) Part 4 of 4
EYAY3fkTBkg NEW YORK, EAST RIVER DRIVE, DAY, AERIAL
EYMi05nTVy4 1920s Featherless Chicken
EYwqh7-0H38 American Montage Part 1 of 6
EYzSme45uPY 1954 Army Quartermaster Corps Demonstrating New Arctic Suit
E_ef8QNgsnw 1940s Hollywood: Movie and Radio Studios and Landmarks
E_ojXg_KJOo 1950s Man Sitting in Armchair Looking Off Set
Ea9xJv2YyPM Aluminum On the March (1956) Part 2 of 7
EaBDC524FUY Circus: Lions and Tigers
EacRvFbrKOw 1940s Fashion, American Women
Eayf8URKCaU 1942 Biplane Drops Torpedo in Water (Silent)
Ec1An_G4zgg Popcorn!
EcEsV3fizoM 1934 United States Military Supply Drop To Flooded Poland (Silent)
EdDUmvPK2OM 1970s Grime and Crime in New York  - Public Transportation Issues
EfWduVBYsx8 1945 Pedestrians Fashions
EfjJeIIeTW8 1934 WPA Restoring Revolutionary  Forts
EgZiMlAgSJw 1940s Women Driving
EgzCkXiXSjc 1930 Amy Johnson Makes Speech After Arriving Back From A Flight to Australia
EhScJsDhqP8 1950s Women Cooking on Stove in Kitchen
EhYwDnptDFw 1945 Waterfall Rolling Hills and Mountains
Ei5x-wulYa0 1940s Washington D.C. Munitions Building Destroyed in Fire
Ei7r2ex5j48 1951 Crime Probe: Senate Group Delves Into Gambling Racket
EiF3tLSUSC4 1944 The Story of Your Store: History of Gimbel's Department Store
Eij-t05sy9M Native Americans, New Mexico, Fashion
EjXFAzJpzxU 1950s Classic Cars at a Gas Station, U.S.A
EjeydzU7188 1950s Soldiers Ship From Japan Closes American Camp Whittington (Silent)
Ek5qz3D5-rY Human Punching Bag
EkUD-oQHWY0 Cartoon Magician
EkXd87SgX3Y 1930s Rare Aerials of Havana, Cuba (Silent)
ElS32KmHTxk World War II Radars Part 2 of 2
ElZsGjyuXRQ 1980s 5th Avenue Stores
ElqKmKBxgjw 1950s Bricklayers | Family at Home
Em1tVaQvZpU What To Do On A Date (1951)
EmJxvUXcQOk 1950s Supermarket
EmTr7IMefl0 1940s Ford Automobile | Driving Fast | Smiling Driver (Silent)
EmihXe3nG20 Where Love Is (1954) Part 4 of 6
EmrWXMWG11g 1950 Pope Pius XII Canonizes Maria Goretti Piazza
Enadl97KQ7g 1933 End of Prohibition New York City
Eno0fk-FKto 1940s Industrial Films Use Backgrounds in Technicolor
EnzuIdvsehE 1960s Daughter Going Off to College. Family in Driveway. New Car
EojqTCshqKU Ringing of Liberty Bell /Early Americana / Patriotic
EouWUGgTLi4 1952 President Eisenhower Inauguration |  V Day Parade in Paris
EpXT3hIiVnE 1940s Detroit Busy Pedestrian Street Traffic (Silent)
EpnEbZvo4d4 1960s Gesture Hand Opening Mailbox, Taking out Letter
ErTpG1A9X-8 'Rocket to The Moon' Trailer (1953)
EsHMzZfdDLU 1930 Sonja Henie Champion Skater & Olympics Gold Medalist
EsTFStdBsGQ 1940s Mexico City Part 1 of 4 (Silent)
EsUagHbE544 Top Secret
EshuxYqJEoE 1930s Forest and Park Ranger with Fish
EszRxelJPbs Man Belongs On Earth (1974) Part 1 of 5
EtNIJw1ODaE CANNES FILM FESTIVAL, 1960s
Et_FPSYakZM 1936 RMS Carinthia Sails for West Indies (Silent)
EtbHj5Juhk0 1933 Malcolm Campbell Breaks Land Speed Record at 272 Miles Per Hour
EthVTE80GZU 1950s Man Walks into Big Building Rochester, NY
EtiGvAsd_SE 1950s Inventors Experimenting With Telephones
EuIpTIpCCzw The Title is One Part 1 of 7
Euvz_to8c7A 1950s Car Crossing The Golden Gate Bridge
EviUnqgPouo 1935 Detroit Tigers Win American League
EwAbasJ9VvU 1930s Babe Didrikson Zaharias Training
EwAhB9RK3II Chevrolet Right From The Start (1960) Part 4 of 5
EwD2Gbk8AGE Both Sides of the Question (1970) Part 6 of 7
EwIYo-yMnv8 1960s Argentinian Navy Revolt Town Destroyed with Tanks (Silent)
EwJ-LvmZRqI Miracle At Palm Springs (1970s) Part 6 of 7
EwRtap1QLRo 1940s Woman Reading, Air Conditioner, Televison (Silent)
Eww1EjRMA9c 1950s Backyard Picnic Fun
Ex3pmjMvo2c 1941 Pacific Coast World War Two: Torpedoed Boat Towed To Shore
Exn3jwnBk_w 1931 New York Yankees Pre-Season Practice
ExskENgxSAo Henry Arnold Aviation Pioneer Part 2 of 2
ExudZ13ac14 1934 State of the Union Address American Family Listening on the Radio
Ey3cKfHem6w 1956 Mainframe Computer
EyU1TPdJzgk 1920s Roller-Skating on a Rooftop
EzxuZnX1XK4 1930s Great Depression
EzzKGjsT-0Y Director Calls Action
F-crE4GAMh0 1930s Human Cannonball Into Water
F-mfSWc6bbA 1950s Children Playing Catch W/ Baseball / Sports
F0DmGpKOuro 1949 Berlin Airlift
F0wo71IABGc 1950s Engineer Observe Scientific Instruments and Gauges
F1GECmVqRgM 1944 U.S.O. Show: Bob Hope, and Frances Langford, and Patty Thomas
F2ZoB2u3rI0 Factory Workers
F2bjZ3wFw9E 1920s Woman Runs in Front of Car. Car Collapses. Goofy Gags Silent Film
F2q_ycuPMxY Fly American (1933) Part 1 of 5
F2r77QrfpPc Woman Receives Flowers
F3hCUSPCtC8 1960s Psychedelic Go-Go Dancers
F46qMkTgK5U 1948 Soviet Teacher Flees and Denounces Russia
F47t3vKgiOg 1920s Hollywood Actor Fred Humes
F4_scaza7U0 Electricians Fix Power Lines
F4satcd5xlA 1920s Harlem's Father Divine
F4xR0k2Pk3M Hollywood Without Makeup (1963) Part 1 of 2
F5OHxp4Nb8A 1950s Whirlpool Promotional Film
F5PBCOFCM2o 1930 John Archer Lejeune United States Marine Corps Lieutenant General
F5wEoSP-lu4 1950s Men Playing with Balls of Fire
F69-bCEZdw8 Los Angeles, Downtown, Skyline, Sunset, Time-Lapse 7
F7BzS1-kf3w 1920s The Radium Institute Marie Curie (Silent)
F7Sbjqd36wY India, POV Train Part 5 of 5
F7fPw6mLBYw 1968 English Electric Canberra Bomber
F8CWOexMamc 1904 World's Fair Louisiana Purchase Exposition Women Delegates Parade
F8INmnksi8I 1928 Fashion Models
F8VZ8sOTUh8 1939 Hollywood Walter Wanger in Office (Outtake)(Silent)
F8h9LiMjffE 1918 WWI American Troops Capture Torcy (Silent)
F8uKpwWZPYA 1932 Jim Mollison Completes First Westward Transatlantic Solo Flight (Silent)
F9-pNwYsl7c 1920 Roslyn Amateur Golf Engineers Club Course
F9EXAM0iO38 1901 President McKinley's Funeral
F9PWXsLqOSs Inside USS Hornet Hangar
F9pkBl1RgBM Red Pontiac
FA4Q3effRHw 1995  O.J. Simpson Murder Trial - Trying On Glove
FA7_TCNtM7I 1960s Topo Gigio Astronaut Mouse in Space
FAigjfeHnPM 1950s Columbia Workers Building Railroad (Silent)
FBWkAsNyDgk 1939 Hollywood American Inventor Lee De Forest In His Laboratory (Silent)
FBbQ3wFpmoI TRANSYLVANIA, ROMANIA, SNOWY MOUNTAINS, VILLAGE
FBpsbFeqesY 1968 NaviPlane Protype in Construction
FE0BtiViZhQ People Blowing up In Boxes
FEXFwwu_e88 Mayan Temples Interiors and Exteriors Art
FEchARfKTxQ 1939 Germany Invades Poland: German Soldiers at Polish Border Checkpoint
FGPoKdNW4Hw 1972 United States Presidential Election (Silent)
FGTbmCU8OuM 1980s Pan Am Jet Flying
FGvT33swVEU 1950s  Light Bulb Educational Short
FHUZ_T5pRkE 1956 College Football: Tennessee Volunteers VS  Ole Miss 27-7
FI0jBrJOzps 1922 Lawrence Sperry Invents Sperry Stabilizers (Gyroscope) for Ocean Liners
FI4lS_ZYorM 1960 John Kennedy Jr is Born
FI769hj_w0Q WINGS TO HAWAII
FIAof3hfdeM 1950s Young Brothers Take Flight on Passenger Airplane
FIVW1cxSm-g 1930s- 1960s Technological Advances
FJB9EE05-vs 1910s Romantic Silent Scene
FJJAlPzMQSY 1940s Dangerous Airplane Stunt
FJSCWoZchYQ 1956 Policeman Directing Traffic (Silent)
FK1DNi2Qa44 1934 WPA Responsible for Philadelphia Airport
FKMpfR39qKw 1950s London Parliament Big Ben Thames
FKmZpZe-wFc 1920s Angry Newsreader. Many Headlines
FKuLLCUe1LY 1956 James Haggerty Discusses White House's Position on the Suez Crisis
FL3-buUZwqI Newspaper Printing
FL99iYHMWOo 1962 France Express Train Derailed
FLur8hd2y44 1950s Lumber Industry
FMyGtIyblbM 1920s Bicycle Plane Flapping
FNHqpUrGHRM 1950s Mens Tennis Match
FOe5IhgRggk Women Shopping, Vacuuming, a Kitchen Interior
FP97Py1oYaM 1960s Agriculture: Pests and Pesticide Spraying
FPb_jUltirA 1951 Daredevils Does Motorcycle Tricks on a Vertical Track
FPiPret9rmM 1950s Demolition of Slums
FPzJhZClB4k 1970s Beer Commercial with Sports Announcer
FQGgawKD7Q8 1980s Wedding
FQZpEEd60qI 1900s Pie Truck Pie Fight! Kids vs. Adults
FUMXYxgyqcs 1980s Hong Kong -  Portraits of the Far East
FUQRsry0m8c 1950s San Francisco, Traffic, Trolley
FUb34qOTrhw 1935 Winter in Atlanta
FV0MINpwWn0 1950s Alaskan Territory Campaign for Statehood Bob Bartlett
FV1AxjxuuLY 1910s Staten Island Launches New Ferry Boat
FV3it0k7MjY 1960s Stage Director Rehearses with Actress
FV7ulvLq7Ks Beijing, China- Traffic on Tiananmen Square
FVQ5SH2FDDM 1970s Film Editing We Saved It in The Cut Part 4 of 5
FVpejzMxLcY Heaven Can Wait - Angels Talking: Earth's a Place of Torture
FXAgcStYpLc 1933 Bela Lugosi in a Snippet from \
FY6JQOQuS6M Snow Blower Clip NY 1
FY8DzDw0_tw 1960s All Aboard! Boat Steam Whistles
FYL3NOsDDJM Cowboy
FYzgwkj85mk 1960s Greenwich Village Busy New York City Eclectic Crowds on Street
FZ4VuHniOv8 1970s Maxim Taste Instant Coffee Commercial
FZICAh_68wc 1940s-1950s USA Canada
F_2zc7caqsc 1950s Mom Sweeping. Hanging out Laundry / Family Suburbs Clean
F_n30Mf1DIs 1928 Fur Coats Ad
F_wOkc4nJ7M 1950s Crash Tests / Crash Test Dummies
Fa7LyjWCiS0 1950s Map Lines Coming From Rochester NY
FacDTm7srgs 1962 Spanish Floods Devastate Homes and Factories
Fald3JJ9Wyw 1930s Famous Boxer Max Schmeling Teaching Kids (Silent)
FauRz0HFvNc 1930s Hollywood - Cafe Trocadero and Bus Stop
Fb_H0c07u0M 1940s Japanese Farm Family (Silent)
FcknpkxPCS8 Three Boats
FclF55upS74 1936 Johnstown Flood
FdI24zt3P_M Living Room Conversation
FdTpOtLQb44 1930s Man with Weird Machine
FeR-fYlUNLk 1900s Vintage Pie Fight Between Cook and Military Officer
FeWRSfn-l4c Pie
FeuqsuUKvws 1940s Family Watching Projector
Ff_EG51XM-k 1950s Golf Sports Driver Head Ball Goes Into Sand Trap Cart
FfbjnlG1X9E 1940s Woman Listening To Radio (Silent)
Ffo7c4-4VT8 Aliens Fight in Theater
FgYEVqC-Osc 1942 Tanker Gulftrade Sunk by U-588 off the Coast of Barnegat Light
Fgon9QYj-d8 The Hospital Ship (1968) Part 8 of 8
FgyYeDe__ng Animals Speak For Themselves (Silent)
Fh73WoPk3Ss 1940s Soldier on Telephone
FhyR5tir2G4 1950s Son Shows Wounded Finger To Mom
Fhz3KW4we8Y 1946 Railway Mail Clerks with Guns
Fj8E6FYXwN8 1936 Versailles Dog Show Child W/ Dog Bulldog Snap Fight
FjaBFB9T3D8 1950s Drop Hammer Forging Steel
Fks4MAybHks 1930s Rotating Automobile Display
FlBVL9OQnMc 1950s Boy Repairs Radio
FlcNptv21KI 1920s Pamplona Running with the Bulls (Silent)
Fnxgn4Pekjk Violent Cartoon Clip 8 Pt 2
FoBw__dAll0 1930s Great Depression, Dust Bowl
FqKe08FoxbM Man Gets Hit in the Face with a Pie
FqjA7Q4RLY8 1940s Ford Parked
FqjVP9WGZVo Adventures in Living (1920)
FqyRTF4ZJK0 1949 Fashion
Fr2Hv31fdMs 1920s Whistling Forest
FrMGlmLbkNc 1944 Cuba Celebrates 42nd Year of Independence
FrbDG07NSkc 1956 Senate Special Committee McClellan and RFK Interview the Witness
FrsEKmNn__s Gulden's Spicy Mustard TV Commercial
Fs4PzlwgBOo 1940s Women Attract Attention
Fs8wRjzO9_c 1967 Vietnam Air Combat and Bombing Runs
FtcnvRCQYzk Mike Makes His Mark (1952) Part 4 of 6
FvAkPRWnwiI 1950s Pan Across Crowd of Happy Young Men (Silent)
FwU_BqeLciQ 1950s Cyrus Eaton (Silent)
Fwg4ciFw6lw The Power of The Eye (1907)
FwvC2XqE2V8 1950s POV Driving Across Bridge & Connecting Ridges
FxJg4Jo90SA 1950s Family Wakes Up
FxR3qn8HpIo Going Home
FxWn_wRekyI 1936 Rome Mussolini Gives Speech From Balcony
Fytpyg1EVVI 1962 Winston Churchill in Monte Carlo Taken Sick Ambulance
G-5EnsKSJQU 1949 Accused Communist Conspirators Jailed in US
G02Xm2nlqS0 1940s Dance Marathon - Exhausted Couples Fall Down
G0qMGBve7Mk 1962 Suncheon Flood in South Korea
G0reRJ2_lhg 1936 China Trains Youth in Aviation (Silent)
G1D8QIJB7X4 1955 U.S. Opens Golfer Jack Fleck Beats Ben Hogan
G1jiuh7EV70 Eating Montage
G1qwUk68nfc Top Job Cleaner TV Commercial
G1skuaXxFWE 1920s Ireland, Rural Life
G29NSrcl1aA White Horse in Meadow
G2GOSDPmanw DEVIL'S FOOD CAKE
G2Z3yHRt8vw CARTOON CAT
G2_0QPVowrs 1935 Wimbledon Championships – Women's Singles
G2kt9n4-rtU 1948 Tokyo and Chiba Food Crisis (Silent) Part 2 of 4
G32ioDq8dD4 1960s Suburban Living
G3g1mz5aIhI 1962 Jackie Kennedy Delivers Speech in Spanish in Mexico
G3zQPZdJOfg 1960 Pontiac Advertisement
G48csdS_CaM 1945 Liberty Film Various Icons of Liberty in United States
G4CtQv_JKzo 1950s Family at Dinner, Family in the Kitchen
G4MILw2Bvqo Time to Work
G4c13SKZUgA 1970s Maxwell House Instant Coffee Commercial 3
G4iC9RnvrjY 1930s Plane Stunts
G4zAr2Omk-Y 1950s Fashion. Women Window Shopping. Clothes
G5AMDUiEVqQ 1918 WWI American Troops Marching Through Bacharach (Silent)
G5EB2JYEcLk 1920s Fashion
G6gqaWka8PI Good Night Sweetie (Silent Short)
G6tQSsm4WQw 1949 American Legion National Convention Parade in Philadelphia
G75ltkR65Ms The New Three Stooges: Dentist the Menace (1965)
G7HsEGtOwkw 1936 Summer Olympics (Silent)
G7TREvbgclY 1930s Overweight Women Have Trouble Exercising
G8N9_7aq2Xw 1950s Angels Talking Looking Down on New Cars
G9wf8SVK9ZI 1980s Waves from Pier Ocean
GA6PS8D6_KA Getting There Is Half the Fun Part 6 of 9
GAKnuUg7Qnw The Hospital Ship (1968) Part 3 of 8
GAoBNvg0DZU 1965 The Beatles Receive MBE at Buckingham Palace
GB7R-x-nKV8 POMPEII, ITALY
GBHLiyurOe8 1940s Telephone (Silent)
GBKl5y4Jszw 1950s Man Rides up On Horse, Horse Drinks from Trough
GBpNZcI39xM 1960s Interview Muhammad Ali Discusses Islam
GC3jXHNiIVA 1944 Bing Crosby, Frank Sinatra and Bob Hope Holds Golf Tournament and Auction for the War Bonds
GC8jROUg7cE 1950s Teenage Girl Smokes Pot with the Boys |Comes Home High to Parents in color
GCA28ftftV0 1960s Home Design House Wife Part 1 of 7
GD2dLYvygdA BUDAPEST, HUNGARY, TRAM, COMMUTERS, RAIN, COLD, WINTER
GDHrtRvn-aM 1940s Children on A Farm (Silent)
GDI8brxVaHQ 1955 Wimbledon Tony Trabert Beats Kurt Nielsen
GDT_bciQbig 1930s Chicago Endurance Dancers (Silent)
GE6VNtvFcIQ Ken-L Ration Burger Dog Food TV Commercial
GEGZDg_Odwo 1967 Indy 500. Cu Flag Waving. Car Race
GEbla9Psg7o 1950s Broiler Chicken Agriculture Business Breeding Leads to Prosperity
GEcEmgq-JhE How To Clean A House And Like It (1955) Part 3 of 3
GFU2cw2bmIQ The End
GFvbk_syO38 1955 James Dean Interview
GG6BQWg3ASI Innovating the Railroad (1953) Part 1 of 6
GGdpxLqEg20 Skyline New York (1955) Part 2 of 6
GGzy8jWcLaY Fly American (1933) Part 5 of 5
GHUe6PN7QxQ 1950s Backyard Barbecue
GHYeY5kZSao Song of the Island (1956)
GHaywfPqOF0 1950s Architecture Modern High Rise, Airport W/ Huge Windows, Apartment Complex
GII553Tj6vI 1931 Billy Sunday Preacher
GIJVNcq88yA 1964 and 1959 U.S. National Opens
GIikolXAU2Y 1938 Ford V-8 Sedan Automobile Driving Hillside
GItJ7AKSoPY Film Countdown
GJRpGjzWmFQ 1941 Packard Automobiles 5
GJcnEIxI48g 1930s Movie Premiere at Grauman's Chinese Theatre
GJgYi5DGD0I sadfasdf
GJj2Or07Ziw NEW YORK, MANHATTAN, CENTRAL PARK, DAY, AERIAL
GKMv3W6ChdE Pop Rings the Bell (1944) Part 5 of 5
GL0zicBsQSs 1940s Founding of the UN and Potsdam Conference
GLjoofTuZuQ 1956 Automobiles on Highway Vintage Model Cars
GMhOZ0LbSfE 1950s Colonial Woman in Household
GMx861yMwZM 1965 Pushy Salesman
GN8aZL5nXds 1934 Death of Bonnie and Clyde
GNHUoXfLhJU History of the Olympics Part 6 of 6
GOTe4vyZwHw 1930 Miniature Golf
GOeEyo-9VHA Couple Fights in Kitchen
GPCjOFGS-Y8 1950s Workers Monitor Telemetric Charts
GPOITDVubA0 Violent Cartoon Clip 8 Pt 1
GQH5oP6Z9zo 1944 General Eisenhower Meeting with Bernard Montgomery and D-Day Invasion (Silent)
GRbD28XI9KU SMILEING MAGICIAN
GRzHIq_cEh0 Men in Soup Kitchen
GSACHIfY-CE 1968 Fairchild XC-120 Packplane
GSXEQPoYlwk 1950s Family Around the Television
GSfGmhHRtPw 1930s Man Eats Inedible Things
GSxYVMIrcSQ To Keep A Promise (1967) Part 1 of 7
GT7qUE856Ao Hollywood Sign
GTEgzA4gFU4 1930s Dog Rides in Airplane, Tank
GTOOETrUKjE 1960s Guatemala 2 of 5
GTaalpKoPBA UNDERSTANDING THE DOLLAR
GU-UNR0TNfs The Town (1944) Part 2 of 3
GUeywO7-ZXw 1972 George Wallace Shooting
GUhWuUkhems 1910s Marie Dressler and Rube Goldberg
GV--rknq03U 1943 John and Joe Kennedy World War II
GVHWjEwMQTM 1930s Women in a Sombrero Smoking
GVKjtc7nHfI Water, Water Everywhere
GVT47BAAUOQ 1965 Selma to Montgomery Marches Martin Luther King
GVVJCBv0tBA 1967 Tan Son Nhut and Cam Ranh Air Base Part 2 of 2
GVdgYGbXvBY 1920s Arthur Goebel Jr. Hangs From the Bottom of a Midair Plane
GVwGiL9xU44 Guinness Beer TV Commercial
GW4x2Z1qcGk The Lion's Whiskers (1925) (Silent)
GWTWinrDQbA 1934 Automobile Factory Reopens
GWf3hWh_wpU 1932 Presidential Nominee FDR Makes Political Speech
GX4XwXkVqR8 1956 Princess Margaret Visits Mauritius
GXUePgXfbow 1939 Hollywood Carl Laemmle Sr  Founder of Universal With His Dogs (Silent)
GXqPfW-Xy5E Two Men Fight
GYJzhxWWBB8 1921 Einstein Making Speech After Receiving the Nobel Prize In Physics
GZTIMFqeGxg 1920s Ladies Evening Wear
G_V3ZATEJF0 1950s Man and Woman Welding
GapLfZhJq7g We Belong To The Future (1966) Part 1 of 5
Gb0utrl_9r4 1950s Daredevils Crash Into Things With Motorcycles
GbSG9-DtU0g Boxing. Staged 18th Century Boxing Match. Knock Out
GbSoUQhjXv0 1920s Man Accidentally Slapped
Gc9pT2esW9k 1960s Philco Town and Country Television Set Television Commercial
Gcu8hsy8hok 1935 New Jersey Staged Accidents Ford Model T
GdKEqb0BHOs Power For Progress (1961) Part 5 of 5
GdbkZeESyFU 1950s Man Looks Through Microscope
Gdyx9xxAAns Film Leader  8
GdzLX-rrA7E 1956 Sharon Ritchie  and 1959 Mary Ann Mobley Miss America Crownings
GeTtRztgA8M 1970s Hippies, Protest, Washington D.C.
GebtHqzsmpU Zorro's Big Legion: Face to Face (1939)
Geu2OZNWpEw 1930s Women Wrapped in Cellophane
GfLeoXiUOco 1950s Woman Rolling in a Bed of Money
GgFzVPj1SNk 1937 Brazilians Make Pilgrimage to Religious Shrine
GgIaFVD-41g 1949 Cannes Film Festival - Opening Night (Silent)
Ggk1aVJChh8 1950s Skiing Sports Thru Wetland Setting / Water Fun
Gh7t10KxonM 1958 Thanksgiving Mamie Eisenhower Presented with a Turkey
GhaKXpabom8 1960s Seattle Hippies in Park
Gi6dD6G9S-Q 1990s Winter in New York City
Giwo3UpVvhI The Car of Tomorrow Today(Silent) (1948) Part 5 of 5
Giz-GlFc_M0 1950s Casting Ballot
GjeeLGsm4GU Rudolph with Santa
GjlzevOEM2M New Delhi, India,  Chandhi Chowk, Traffic, Night (1)
GkTVkN3-IIg 1920s Man Drinks From Cactus
GkjKDfJCO9s 1950s Police Officer Writes Man a Ticket (Silent)
GktYFe4SbNA 1935 NYC Porter Wins $20,000 in First U.S. Lottery
GkwNs8zqiDE 1950s Chevrolet
GkyBaDH26CQ The Bus Driver (1945)
GlP-D3_y0iQ 1950s Girls Talking on the Phone
Gle69IvzZpQ 1950s California Flood
Gm-gGMPQYHQ Men Exercising
GmA35GYx1k4 1950s Executives Look at Sketches of New Car Designs
GmnH1yCcDhE 1950s Snowstorm
GmraPGK6ArI 1940s Spinning Globe on Axis, Color
GmwoE7RVjko 1927 Charles Lindbergh Returns from Transatlantic Flight (Silent)
GnST18YNj90 1918  WWI American Troops Fight in Seicheprey, France (Silent)
GnqwURx6rRY 1940s Women Wearing Weird Hats
GntifuEa7M4 1935 China Clipper Makes First Commercial Transpacific Airmail Service
GoBCbfmPu5o Woman Shoots at Dinosaur
GoRGpPjkkL8 Henry Arnold Aviation Pioneer Part 1 of 2
Gp6DU9L5upM 1950s United Douglas DC-6 Aircraft in Flight
GpCBHsrVvxw Shootout Hotel and Factory, Gangsters
GpSyaxD5H1s 1970s City Council Conference
Gqh0pEHwQUE 1940s Hollywood Film Stars Outside of MGM Studios (Silent)
Gr0lIUAuH1E 1908 Orville Wright France Flight Demonstration (Silent)
GrBf7VVDeQY 1936 Sports. Auto Race Cars Crash. London
GrGUZDVyszw 1940s Rural American South (Silent)
GrMTMt0I3Ag World War II Radars Part 1 of 2
GrOEUmsQ_9o Roulette, Black Jack
GsIQ_WIY2iI 1936 Bethlehem, PA 11 Cute Dachshund Puppies Frolic, Hang out In Socks
GsZ5hULW9cA 1957 Little Rock Nine (Silent)
GscX8gZhf3o 1950s Illinois Tornado Aftermath
GsdZLhob46w 1900s NYC Hotel Astor
GtLE_f697Ao Pilgrims Part 1
GtkABGgqdS8 Film Leader 32 with Countdown
Gtua0votPw4 Famous Flagpole Sitter
Gu-84jfISOs The Moving Generation (1970) Part 9 of 9
Gu4PPe_RvuE 1957 President Makarios III of Cyprus Seen Boarding a Boat
GudVk-1E1is IRONING CLOTHS 1940S
GugpzABP9_c Junior Science \
Guq10kY6k_w 1970 Kent State Protests
GuqO52vp6tE 1930s Fashion Women's Shoes
Gv1kq2ZfIAs 1950s Philadelphia - Police and Fire Response, Emergency Room
GvBKdrEHcrE 1920s Amelia Earhart
GvZzaPh8RJ4 A Manner of Speaking (1959) Part 7 of 8
Gvq0vwLaeko 1927 Charles Lindbergh Ticker Tape Parade
Gvs_zvXsTNs Midwest Holiday (1952) Part 2 of 7
GwBbHgsUS-Q 1950s Sunset with Flamingos and Clouds
GwPIlKdkSwc 1953 Factory Producing Headache
GwaRYDYxtrs Beijing, China- Great Hall of People
GwoWTyiJtdQ 1950s Gossip Kids Driving Home From School
GwrCh_IDvTY 1931 Dürrüᗾhvar Sultan Marries Azam Jah (Silent)
GxX9GxAArlw 1941 Ford Automobile 3 Women Smiling and Talking In Back Seat
GxgL7Z9Zkvs 1940s World War II Food Rationing and Gas Rationing
GyPBq0IT_-0 1929 E.C. Forbes Urges to Buy After Stock Market Crash
GyPW8XZBcQo Fighter Jet Combat Aerials 45
GyjVnLdqelY Nevada, The Tourist Information of the Chamber of Commerce
Gz2mWd98AB0 1970 First Hours of Car Ownership Part 3 of 8
GzzuJDgiGkg 1949 Atom Bomb Test with Mushroom Cloud
H-L0DYsV5q0 1955 Two Daredevils Couples Do Stunts on The Eiffel Tower
H-xMe-KPmog 1952 VP Candidate Nixon Addresses Embezzlement Accusations
H0Z9y89Fu-E 1960s Modes of Transportation Snowmobile Balloon
H0skoXAyDPc 1950s Two Men Survey at Construction Sight / Building
H0u5bLDwtmg 1950s Modern Church
H1R92LFO9dk Grover Whalen (1952) Part 1 of 3
H1U5b4PYqa0 1960s Green Telephone Hand Lifts Receiver
H22hFdyglHk 1928 Hollywood Actor Neal Burns
H2Vwrmz6efc 1957 Seattle's 9th Annual Boat Show
H2kUE6b1yBk Cavemen Fighting
H2pTLBkibp8 1927 Sons of The Masters Live Above Ground
H2qnahml-bc Dancing / Revival / Celebration (1960)
H2y3wq1HW-w 1950s Parking Lot
H4Q4-yDHf8s Keep Off The Grass (1970) Part 6 of 6
H4_NZ9DlZno Wings Over Kitty Hawk: Orville Wright (1952)
H4yCfHo9t0k 1940s Texas Citrus Fiesta Parade W/ Horses
H5UrpXu8vQM 1950s Couple Climbs Into New Car W/ Valet Attendant Seeing Them Off
H5sHhemSDEI 1900s New York City: The Brooklyn Bridge
H6IF_Gatv7o 1920s Parasol Plane
H77f2YA43T0 1950 Washington D.C. Wrestling Wee Willie Davis VS. Laverne Baxter
H7QF8l81P7A New Jersey (1957) Part 5 of 7
H88Y7Jt1dNU Tidal Power Part 1 of 3
H8CbgY0PAFw 1945 Italians Troops Surrender Tripoli
H8SGNCHnwcY 1960s Black Panther Meeting with Fred Hampton
H8hXBOZNl-A 1934 America's Cup
H8rYlxl3v7o 1935 San Francisco Construction of the Golden Gate Bridge
H9Hkrlbu8D0 1958 Adlai Stevenson Talks About Foreign Policy
H9o5CHXR0SA Music In Motion (1954) Part 5 of 5
HAfUE3I8bts NO HAND SPAGHETTI EATING CONTEST BW 1940S
HBPQTbIwhqU 1950s Votes Tallied
HDoUBvU2sqQ Late 1910s Washington D.C. (Silent) Part 1 of 2
HDpj0eijdLk Newspapers, Printing Press
HDrfIk3rU2g 1950s Science and Research. Early Electronic Circuit Board and Parts
HFn-jPAHbSg Radiation Hazard Neon Danger Magnet On
HHh35l2JVsk Both Sides of the Question (1970) Part 3 of 7
HHzP70hbkMU 1944 Allies Liberate France World War Two
HIS0zaim7dw 1960s Hippies, Sit-In
HJ9WlmpKxds 1950s Film Camera (Silent)
HJgbONtWeJI Mother Bathes Baby
HK2kIlJZWBA 1920s Singer Lillian Russell Receives Key
HKLH3q2QU9k USDA Salmonella PSA
HKOOUOcYLBI 1965 Z16 Chevelles
HKpy03efX2Y To Humanize Our Police (1974) Part 2 of 2
HLbGJO1le5s 1920s Flood Aftermath (Silent)
HM2Y8Mp0a2I 1909 Bleriot Takes Off To Fly Over the English Channel (Silent)
HN915xiCU2c 1958 Reporter Interviews a NASA Scientist About Satellites
HNjI5OWUkkQ 1927 The Long Count Fight Jack Dempsey vs Gene Tunney
HOyb75ucogs 1950s Construction Site. Bulldozer
HP-LV2tM3WY Film Leader 12 in Color with Countdown with Woman Editors Hideaway
HPMWQAopLSo 1960s Pollution in Los Angeles
HPY2BETXEpI 1936 Plum Island Fishing Boat Freezes and Gets Beached
HPYPBznksG0 1960s High Speed Car Chase in the Countryside Part 1 of 2
HQ_jUzkfH8g 1920s Man Slapped With Book
HQk-YeCaE2k 1920s Ford Motor Company Melts Down Old and Broken Cars (Silent)
HQllowyFsjk Couple Drinking at Beach Resort
HQmwwX9lvug 1936 Early Plane Prototypes
HRBB_uZpiCw Animated Graph of Countryside Changing to City Scape (Silent)
HRS-aK_ClYM Spinning Globe with Pointer
HRZ7B7lYUR8 Radiological Defense (1961) Part 6 of 7
HSEZB5yRKTA 1920s Aviation Charles Lindbergh
HTDnuMuld4s Thrills on Horseback (1954)
HTKXmXnLbxE 1950s Automated Factory for Fighter Jets
HTfGWOIc6HY To Enrich Mankind (1955) Part 4 of 4
HUZ3b9LtPZ0 1940s Ticket Booth, Money, Cash Register (Silent)
HUqcDLAkqkU 1950s People Leaving Church
HV-mda5IkUI LOS ANGELES, HOLLYWOOD BOULEVARD, HIGHLAND, TIME-LAPSE
HVO43nyerBw 1956 Vice President Alben Barkley
HVVF1Uvl4L0 1966 College Football Air Force Beats Navy 15 - 7
HWEa-5j1VDc Man Watching Television
HWFsn5nC6sQ 1956 Olympics Part 2 of 6
HWnFZ6m-SSU 1950s Guy Girl Relax by Lake Hammock Long Chair
HWxZl7_oo1Y 1936 U.S. Navy Training on a Square Rigger (Silent)
HZJAKAoTIuQ 1966 College Football Minnesota Golden Gophers Vs Northwestern Wildcats
HZXQ6VdMp7s 1957 Queen Elizabeth Visits Canada
H_GsMxMPXn4 Explorers Club (1930) Part 1 of 2
Ha4mLZgwTtY Sand and Flame (1939) Part 1 of 4
HaC2a4mvLhY 1930s Trucking Industry
HalWqrShA3M 1964 The Beatles Return Home
Hanjentx3lc Couples Kissing
HbI_CCpBTpk Kaleidoscope, Hundred Dollar Bill
HbO3VvyCcIA 1950s Long Island (Silent)
HboVHNBkmx8 1936 Texas Celebrates 100th Anniversary with State Fair (Silent)
HcK2tTtdgd4 1950s POV Cam on Lake, Bushes, Birds
Hd7KNGCNDpk Macro Shot of 100 Dollar Bill with Kaleidoscope Lens
Hd8PujG3ML4 New Jersey Education
Hf1bw82EZaU Amusing Reactions
Hf_a351jrI0 New York City, Times Square, Night, Aerials
HfsXCRG8r0k 1940s Pretty Blonde and Girlfriends in Automobile
HfwnKk4033A 1964 President Johnson Signs Civil Rights Bill and Voting Rights Act of 1965
HgtYT-1TviM Very Long Car
HhGeiRZtdRI New Years Eve Party
HhIc8dPvCXY 1950s Man Works w/ Machine to Shape Metal
Hi-9-EUWcig Psychedelic  Lights, Colors (Silent)
HiVfhBra0KQ Bromo & Juliet (1926)
HiYC6e8ZV38 Film Leader 35 Countdown
HislVfxY6E0 1950s Washington D.C.
HjQs3qQAWjg 1934 Men and Women's Fur Coat Fashion Show
HjREVZyfGmE 1930s Lady Walks Up Stone Path
HjpLGvEZYDc 1960s Chinatown at Night
Hjuwia_sSz8 Film Leader 33 in Color
HkEovVU-hwI News Crawl, Newspapers
HlMLjpnUOMM 1950s Curious Curassow Bird in Treetops in Yucatan Jungle
HlWso35KM9E 1940s Turning Dials on Oven
HlpMeAZHOFI 1958 President Eisenhower Visits a Little Girl on Crutches
HlyBpUfWpIc Beijing, China- Tibetan Buddhist Lama Temple
Hm1QEvlf6SM 1930 Amelia Earhart Flies an Autogyro
HmBZs6OZAhc 1960s Wollensak Stereo Reel-to-Reel Tape Recorders TV Commercial
HmYRyCwRCnM 1949 U.S. Vice President Alben Barkley's Wedding
HnWKhaXjCms 1950s School Meeting with Principal about Gossip Girls
HnuVQ7t0grQ A Family Portrait (1947) Part 3 of 7
HoNfP60PrOQ 1960s John and Jackie Kennedy Exit Airplane
HoQzUwbgFgY 1962 Civil Rights U.S. Army at Oxford, Mississippi Integration
Hp2ZVGTUbpE 1937 Hindenburg Explosion
Hpj4KKrCz4U 1950s General George Marshall Speech About Leaving For France
HpoGjAugmc0 1950s Graduates
HqDbWV4ArtE 1962 United Nations Adlai Stevenson Welcomes New Members Countries
HqjkvnLzSJM 1950s Gossip Girls Hang Up Poster and Talk
Hqq03yR7EXI Toys Will Be Toys (1949)
HrUWdC0YCx8 1970s Aviation, Concorde
HseAnfic0U8 1920s Pastimes Baseball and Sack Race
HssfFJmcTd0 1950s Locust Destroying Crops (Silent)
HsuK-d-UID8 1957 New Delhi Labor Hunger Strike (Silent)
Ht2-CK-ylZg 1931 MacFadden Foundation Soup Kitchen
Ht5P3pGX0Og Getting Along With Parents (1954) Part 3 of 3
HtQs__ZxPMA NEW YORK, QUEENSBORO BRIDGE, AERIAL
HtiM2CAjzyw 1950s Three Juvenile Delinquents Arraigned In Court and Sentenced
HtimWWsmSG8 Leave It To Roll Oh (1940) Part 2 of 2
HuDwM7c0F8s 1936 English Protest Against Abdication of Edward VIII (Silent)
HvWXHgFg5pU 1950s Scientist Study Radiation and Radio Isotopes
HvbY3-Du8AM 1960s Man in 'Invisible' Car Picks up Hitchhiker
HvtGylF_EuI The Voice of Truth (1942)
HwN2hyCP-EM A Touch of Magic - 1961 General Motors Promotional Film
HwrnGu8gduI 1963 Revere Stereo Tape Cartridge System Television Commercial
Hx6cKiPCvcI 1931 Fleet Problem XII USS Dirigible Zeppelin Los Angeles Moored  on USS Patoka (Silent)
HxE8POM1FSw 1920s Flagpole Sitting (Silent)
HxIuTmDj7no Atomic Bomb, Mushroom Cloud in Desert
HxU8nck4bpk 1940s Male Factory Workers
HxxbxyE03JU Red Nightmare (1962) Part 8 of 9
HxzHADX1-z4 1950s Suez Canal War, Beauty Pageant Contestants
HyCvc-0ptUE 1959 Robot Commando Toy Commercial
HyGz79ixe_0 Circus: Parade, Clowns
HyOCcHX_QgA 1960s Sugar Plum Refrigerator TV Commercial
Hz6Df3F6SsE 1897 Milan And Venice
Hz98Ma1ZtJg 1935 France Invention of Non Skid Tread Tires
HzHd26LJp9s 1940s Record Spinning BW
HztTfs6PKP0 1948 Presidential Campaign Henry Wallace
Hzz0Oe28l6M 1980s Modern Dance Scene
I00UpkOlmuE Couple By Silhouetted Pickup Truck, Hugging
I00bCKuBcXM The City (1939) Part 2 of 10
I0I-C32WS38 1945 President Franklin D. Roosevelt's Funeral
I0hF25Xtg7c Bathing Suit Fashion
I0xnaunhxZg 1960s Detroit Construction Worker On Site (Silent)
I1bafXjvlc8 1957 John F. Kennedy's Daughter Caroline is Born
I1hgQ0bPc_s 1940s WWII Italians Invade Egypt
I1qT92A99mw 1956 Better than Mink Design for Dreaming
I268yU0RJWw River of Doubt (1913) (Silent) Part 1 of 8
I2gVJT_IcR0 1960s The Shoop Shoop Hula Hoop! Wham-O TV Commercial
I2sJyFLRFSA 1968 White Chevrolet Impala
I2xfbUhg3vg 1900s President Theodore Roosevelt Giving Speech (Silent)
I2zrJNjZs3U 1960s Bikini Clad Dancers
I3ljTbK7x-o International Moves The Browns To Sterling Street (1941) Part 5 of 6
I3ucJAOxfjU Blue Chevrolet Driving
I4eL9br9YXw 1950s The Devil Burns Newspaper Praising Christmas Spirit
I4lZUwsri8Q 1930s Frank \
I5XJFZQgXSE 1948 March of Dimes Rocky Marciano Attends Polio Benefit (Silent)
I5Ym90Guqb8 1930s Life in Havana (Rare) (Silent) Part 1 of 2
I5YvYvHXlZE Man Watches Televised Shuttle Launch
I5kN6Vj7oFo 1960s Moscow Fireworks Over the Kremlin (Silent)
I636XettouQ 1950s Two Men Talking. One Points to Camera
I7BZDxZNNS4 1934 Joy Adamson In Hollywood With Her Lions
I7H-xU8jGE4 1989 London: Underground Subway Sign; Taxi; Postcards; Double Decker Bus
I7Qrt95YsQ0 Ruling The Rooster (1927)
I7xcjenuY78 1970s Clerical Positions to Consider
I81PKtU-soM Bad Reaction, Man Swallows Cigar, Smoke Out of Ears
I8Qyx3aQ3VE Beijing, China- Shoppers on Wangfujing Street
I8onHdjtm68 1930 SS Muenchen Fire
I8tHXFl0kTE 1951 Bobby Thomson 9th inning Home Run
I9Hl5LSfQPM Pan Am: Birth of A Jet Part 1 of 2
I9K8YjLG-4Y 1898 Traffic Passing By on South Spring Street Los Angeles, California
IA9ZOhHiFD8 Scientists and Helium
IATYiDP_iek LOS ANGELES, HOLLYWOOD BOULEVARD, TIME-LAPSE 2
IA_pdkpS0Wc 1930 Marabel Vinson Champion Figure Skater
IAg72xDCdfc Puerto Rico, Small Cemetery near Arecibo
IBSbnh41vO4 1907 Women Playing Bridge
IBaDu8B-h4o 1964 Presidential Primaries Rallies George Wallace, Robert Kennedy, and Nelson Rockefeller (Silent)
ICYW4E2J1yM 1920s John Drinkwater, British Author with Wife Aboard Ocean Liner
IDb7U763kmw Baby
IDpy9Pq4aHo Auto Industry, Factory, Assembly Lines
IE7AXU8QWdI 1950s Woman Grocery Shops at IGA Using Electronic Key Items
IFGARREgZOk 1980s London Bridge
IFUbHdvy2g8 Florida Everglades, Aerials
IG337dmyPfQ Beijing, China- Portrait of Mao on Tiananmen Square
IGDqZ_KCzKY Apollo 11 Lunar Landing (1969) Part 2 of 3
IGKWBZxQB3U Loading Conveyor Belt
IG_NzbX4UFI Let There Be Light: Thomas Edison (1952)
IH0JotgI3R4 Chef Boyardee TV Commercial
IHB1Th5zumU 1920s Man Slaps Woman
IHaSHAZdOTY 1960s San Francisco Chinatown
IHk594nfj8s Getting There Is Half the Fun Part 5 of 9
IINsgxmnDHw Age of Turmoil (1953) Part 1 of 4
IJ82A64nsn0 1980s Air Traffic Control Tower and Operations
IJ9hJErhOiU 1970s Disabled Child Playing
IJISpJSb9BE 1940s Woman Hanging Wash on Laundry Line
IJnClU4hf1g 1980s Paramount Studio and Warner Bros Studio (Silent)
IKn8tdlIves 1970s Man Stands Up from Wheelchair
IL-YIgMOqpY 1937 Construction of the Golden Gate Bridge
ILfOdhUYPW0 1957 Louisiana Hurricane Audrey Aftermath (Silent)
ILsG5Tp_sWU Mother and Baby in Living Room
IM5FTdxP7Oo 1950s Movie Set
IMJcE13hgkE 1950s Mail Sorting
IMP9OG_bGDo 1956 Nuclear Power Plant Model (Silent)
INK-hNjIGRc 1903 Rail Romance (Silent)
INY9-XC3QzQ Puerto Rico, Waves of the Atlantic Ocean at the Resort Area of San Juan
IOUUv-TK_b8 1920s Hollywood Actress Marion Davies
IOdl3wWlnmE Doctor Examines Patient, Microscope
IPE2hMSV414 Men Doing Paperwork
IPMBrf23bYk NEW YORK, ELLIS ISLAND, DAY, AERIAL
IPNpJxYmOxs 1920s Atlantic City Parade (Silent)
IQ1MNFD5VIU 1930s Sailor Arrives in New York After 3 Year Circumnavigation
IQUHNRRsdOc 1949 Pour Alcohol. Turkey Thanksgiving. Food. Dinner Table. Jello
IRjdokl_DHI 1960s Hippie Couple Kissing
IRjvdpPDgiw 1950s Family Watching Television
IRqJeboI-_Q 1942 Internment of Japanese-Americans
ISDCy8MI-3I 1937 United States Marines Deploy For Shanghai
ISTk93ZcGMc 1950s Pittsburgh Steel Workers Strike Ends
ISaBpKGpDhA 1950s Hollywood Home Movies - Swimming Pool Antics
ITVO1yYTjho Woman Small Children Pray to Save Kite from Trees
ITxzJd37EUY 1909 The Cricket On The Hearth (Silent)
IUYSYQXNmZI 1940 New York World's Fair Mini Carnival Land
IV915dyd7ac Buenos Aires 1942 Part 2 of 3
IVnE0AGGOoU 1990s Car Dealership, Lot, Flags
IWF5CGJ_ShM Emotional Maturity (1952) Part 5 of 5
IWHUEjWlKX0 Monkeys Zoo Cartoon
IWWo9d6SUFQ 1967 President Johnson Gets a Grandchild and His Daughter Gets Married (Different Announcer)
IXNizGjwQT0 1900s Silent Nickelodeon Scene
IXuZ02uSHGc 1980s Macy's Thanksgiving Day Parade
IYlA8lEQxFY 1937 Edward VIII Seen In Vienna Following His Abdication
IYoXoY7rEu0 CHICAGO, AERIAL - PAN NORTH ON SKYLINE PAST SEARS TOWER
IZ2Jp7JcL0A 1950s Illinois Manufacturing Motor Boats
I_HC5DTCUaI 1937 FDR and Eleanor Roosevelt Pay Tribute At Arlington Cemetery
I_q9lXRj2wM 1950s Centrifuge (Silent)
IaX_nTPIAWs The Big Day (1946)
IadyQcqYVbQ 1950s Boys Work Out
IarxlNf4lzU Smashing Crime with Dewey (1937) Part 1 of 2
IbQxUFuq348 1934 Women's Hats
IcAH4_TOX1o 1920s Woman Inside Wealthy Salon
IcCKQfVC8m8 1950s Daredevil Goes Off Ramp in a Bicycle Into A Pool
IcJCRjRUjow 1950s California Gang Life
Id0vcPaXsKY 1950s Spinning Globe Animation
Idllw5-YLhQ 1970s Waterford Cigarettes Commercial
Iet33fqk9OE 1930s Fat Men Use Mueller Exerciser Belt
If87yrzMS2k 1950s Teenage Girls Chats on the Phone
IfMLFzVpWXc 1930s Crazy Airplane Stunts
IfR_u2h1PBw 1971 Chevrolet Impala Woman Driving Into the Sun
IfVcc4MIUk0 RCA Victor Portable Vista Television TV Commercial
Ifm3TMm4zyU 1953 Various Neon Movie Theatre Marquees
Ih0cjGA1Vzc 1944 Britain Defends Against German Bombing
Ih7QKtVbGcI 1950s Hydroelectric Plant
IhCq9NjxqWU The Hospital Ship (1968) Part 5 of 8
IhEVj7IkpsY 1960s Rome
Iid5fcIU5c0 River Stream
Iihj1CeovwA 1944 Ticker Tape Parade for Presidential Nominees Thomas E. Dewey and President Roosevelt
IkLratFfvTU Long Island, 1970s - Suburbia, Paper Boys, Newspaper Business
IkSe9hNb7IU 1933 Sir Malcolm Campbell Breaks Land Speed Record at 272 MPH (Silent)
IkjH5LtkS2s 1960s Paris
Ikmg4l_09AI 1920s Pet Goose Does Tricks
IlZz2bHAGLw A Circus Wakes Up (1949)
ImTXLLycmkg At This Moment (1954) Part 5 of 14
Io93tKinjvE NEW YORK, CENTRAL PARK, DAY, AERIAL
Ip2d3wFo3IU 1930s Philadelphia Logan Square
IpXT2VEV2kk Watch Time
IpvzDRzxVc4 1975 Man in Western Outfit on A Hill Showing Big Tate Instant Mash Potatoes
IqZqsI8vQRg 1980s Beverly Hills (Silent)
IqvuaM9bxvI 1980s Halloween in New York City Streets
Iqy_8HQZ1nc 1920s Insulted Woman Slaps Man
IrKch-ScxsQ 1950s Women Discussing Fashion
IrQoJiq1N-M 1950s Modern-Style Vehicles: Roller, Irrigator, Hauler
Irn2igZfs1E 1950s Politician Making a Speech
IruB7R8XOO0 1940s Virginia Marines to Disembark for Cuba
Is0WSprU5cg 1897 Stagecoaches Depart From Hotel Vendome
IsXlpzC12xk 1970 United Auto Worker Calls Nationwide Strike Against the Motor Industry
IsfIqXsNqV0 Watching the Time Go By
IsuMO88nYms Aluminum On the March (1956) Part 3 of 7
It8ZewhEBlc 1919 Two Women Board Air Taxi From NYC to Atlantic City
ItDZwWs0uMQ 1950s United Nations Representatives Arrive at UN Facility (Silent)
ItR_Jz6Tz_Y To Keep A Promise (1967) Part 4 of 7
ItVlzf9vye8 1940s Switchboard Operators
IuNvShNogUg 1937 Jean Piccard Attempts To Reach Space In Cluster Balloons
IuRfqrn2Vy8 1940s New York City and Harbor Aerials
IuS0Rblks3Y 1935 FDR Shares Joke with Alf Landon
Iv9GsnG4gCo 1930s Newspaper Boys Running Shouting and Montage (Silent)
IvQy2hSKDWk 1950s Aerial of Manufacturing Facilities
Iw-mjHgWN50 1950s Fishing
Iw2MSHaWW-Q Miracle At Palm Springs (1970s) Part 1 of 7
IxOx8zBGZRI To the Fair! (1964 NYC World's Fair) Open Titles/Flags
IxsguvOy71c 1950s Auto Gyros (Silent)
IyRnwbOSftg 1901 Pan American Exposition Triumphal Bridge (Silent)
IzTpo1EsVyg 1900s Silent Film Stars Eugene O'Brien and Ruth Stonehouse
J-CmWr_F9P8 Mr. Clean Dish Soap TV Commercial
J-P_amlOW9I 1970 Japan, The Urban Life of Its People
J-W88ZsHz40 Film Leader 16 in Color with Woman
J-f1UQzwaBw 1950s Small and Large Sailboats Three on Open Ocean
J-nRBCxaHL8 Bacchanalia, Wild Roman Party, Elaborate Dancing, Grapes
J0DCAAKgkTM Cars and Drivers Run Amok
J0Za--2prNI 1950s Michigan Representative Robert Griffin on the McClellan Committee Findings
J1BrqbcRsak 1965 Desegregation of the American Workplace
J1Rcdv9XSo0 \
J1cbZipk7xA 1950s Great Lakes Fishing and Business
J27fTUNteDA 1940 Hockey - New York Rangers Win Stanley Cup
J2NOcKOC0lM 1951 Daredevil Couple Shot From Canon
J2P7vqF9lEE 1950s Affordable Fashion Elegant Woman
J3xuhubEPKc Cooking, Baking
J4DYP9IF4Ec Two Trains Crash
J4ugwh8BTqg 1949 Chinese Communist Revolution
J5boekljecU Man Hits Gunman
J5xa4tSPrcE 1942 World War II Dutch Pilots
J6AWqJfraYc 1950s San Fransisco
J81un6swHas 1940s Listening To Music (Silent)
J8f36qJdZII Mueller Belt  Part 2
J9FPV9NYeQw 1950s Auto Show with Chevy, Pontiac, Oldsmobile, Buick, and Cadillac
J9J7ByYyO60 Boxing. Staged 18th Century Boxing Match (Silent)
J9MqaXeaWvM 1950s Paris The New Fashions
J9SR7F8ySvk 1940s Housewife Cooking
J9YQFuskLyM 1956 New York
J9i7q4LgVqw 1950s Car Crash Safety Information Film  with Henry Ford II
J9oTHHKEG-g 1923 Fashion Model Salon Device that Creates a Permanent Wave
JAEz4tG74xM 1940s Factory
JAJQVStZYDk 1940s Telegram - Western Union
JAgX9lZTsWY 1960s London Hippies Fashion Show
JAtYtzJf1Ic 1962 Queen Juliana of the Netherlands State of Affairs
JB62VEWLSzE 1893 \
JC6-cI_zUBY 1920s Thomas Edison
JCLx9_LFVbw 1956 Washington D.C. First Lady Eisenhower Celebrates 60th Birthday
JCSC6sbdtGI 1940s Boy Scouts Captured by Amazon Tribe Thrown in Pit
JCUvVAKcQV4 1930s Game Season Starts in Tule Lake
JDaZumKGskM GRAMPY HAS IDEA LIGHT BULB
JEH67Z25JsY 1940s Men Playing Golf (Silent)
JEQ5BMsYSCw For Your Information (1970) Part 2 of 3
JFMZMO1C8U4 How You See It (1936) Part 2 of 2
JGCiJ3r1_qQ 1965 Sky Craft for Commuters of The Future Flying Saucer Spaceship
JGDAm_3_wg4 1959 Truck Convoy Goes Past
JGZuLC-NJjA Various Smoking Scenes. Cu Coo-Coo Clock / Odd Reactions 1920s 1930s
JGmWMC8oTRw Helium (1966) Part 4 of 5
JHFVDZXP2fg 1950s Italy - Florence, Vatican City, Rome
JHIoQNsjix0 1940s Los Angeles Harbor
JJCxMXzOnyA Voyage II Saturn Simulation
JJEm1aqleEc Life With a Baby (1946) Part 5 of 5
JJHLs61eWzs Midwest Holiday (1952) Part 3 of 7
JJK9ZIzGZ5I 1939 Tyrone Power and Jeanette Macdonald Receive \
JJRNEpQ9-z0 1950s Man Walks Into Building
JJlxpnIHT-Q 1940s Newspaper Printing Press (Outtake)(Original Audio)
JKdfn29Ydcw American Harvest (1951) Part 1 of 8
JKoXPqDSCfQ 1950s Mother and Daughter Meet Man
JKvR9i4C7NA 1960s Computer Room
JM5bBrwhnq4 1980s Brooklyn
JM6gMG8sO4g 1935 Amelia Earhart Putnam
JMw2eEFnArI 1940s President Roosevelt Speech on Labor
JMwZDhlvIPM 1950s Coney Island Amusement Park - Parachute Jump and Other Rides
JNBCtQiQoaw 1968 British Passenger Plane Makes Test Flight to Australia
JNN1zvzZpA8 The Pony Express - 1950s Film
JNY_G5ZKnd4 1940s Semaphore (Silent)
JNy5voG7XOo 1931 Opening Day of The Empire State Building
JObxXVg52-M 1950s Ferris Wheel
JOmCBFntKxA Chicago: It's A Promise (1977) Part 6 of 7
JPUtDGtWxFk 1928 Admiral Richard E. Byrd Trip to Antarctica
JPrkMv8UBuw 1950s U.S.A. Field of Oil Tanks
JQ-UpDUVXJM 1950s Ballroom Dancing Contest
JQ-y6Kr-RMc 1950s Pedestrians and Fashion (Silent)
JQHrjqxLPJc 1963 Colonel Frank Borman Visits France
JQM4ApTJZAw 1940s Ice Yachts Speed on Frozen Lakes
JQMGIsiWOio 1928s Future Machine Gears Calling You to Work
JRH6zLxLV4Q Don't Take A Chance (1966) Part 1 of 7
JRjSB52yXQI Parade Balloon
JSD6_pHMqTY 1950s Stop Sign Yellow Day Breezy Leafy Tree
JSL_Jfxb8_I 1940s Research Laboratory on Human Hair Product, Development Labs
JSP0mde1kYI Oilfield Burns, Oil Towers Explode and Collapse
JSWTTa2z69g 1920 First Lady Warren Harding's Wife and Mrs. Vice President Marshall Post Election
JSnbWjRRx6A Kellogg's Product 19 Cereal TV Commercial
JT13YsBGzmU 1940s Bunnies Get Engaged
JT7X34mLVSo 1920s William S. Hart Early Western Film Star
JTXKJwSaw5w 1939 The Flash Flood Disaster of July
JTtPuiLv1sc 1920s Plane Crashes
JU5RkrugOA0 1941 Refugees from Norway and Crete Arrive on Boat in N.Y.
JUHWcf7H4QY 1960 Christmas White House Eisenhower (Silent)
JUWGob6ECvI 1980s In Flight Passengers and Crew Operations-Cockpit
JV_CkGwvXGk No City Limits: Distribution and Shipping Industry
JVy_qQ7_XQ8 1940s NYC African American Duo and Dancer Performing at Night Club \
JWPqd4cuit8 King of Diamonds - Lou Gehrig (1952) Part 2 of 3
JWpavMD2AnU LOS ANGELES AIRPORT 1960
JXZn83YHhow 1946 Riots in Rome After the Italian Institutional Referendum
JXvSFN3UPTk 1950s Australia Koalas Kangaroos
JYeaY17VZVE 1915 President Woodrow Wilson Runs for Second Term and His Death
JYqB6_BypOU 1927 NYC Alvin \
JYx30OKCLtc 1950s Iron Ponies Electric Trains
JZntt2S_EcQ 1940s Anglo-Soviet Iran Occupation
JZpdotr5DfI 1950s Fish Hatchery, Fish Processing
J_ct5YNZT-k 1969 Philadelphia- 52nd Street
Ja6m-BBGKMk People Walking, Shopping, Busy Street
JaTV1OGFnG4 1937 Landslides Destroy Grande Chartreuse Monastery
Ja_Po5-_yZw Mission: Sonic Boom
Jatf7hRpFw4 1930s Automobile Taxi Curbside in Front of Hotel
Jb2IRmJkaH0 1934 Dr. Harlan Tarbell Performs Magic
Jb3OdmiLMv0 1961 Roger Maris Hits 61st Home Run
JcbbEXJq5GM Car Race- Harpo, Groucho, Jackie Cooper
JceOn20Jjd0 The City (1939) Part 8 of 10
JciyCLh8Sec 1956 Uprisings In Poland After Tito Defies Moscow
JdE_N3XudZY 1950s California and Drive Ins (Silent)
JdFZxGbFpC4 1960s Bowling Tournament (Silent)
JdQ4Nl1hpcw NEW YORK, MANHATTAN, DAY, AERIAL
Jdc-UbTj_q4 1940s Train Collision
Jdey9ZmxZBQ Not For Conquest (1965) Part 2 of 3
Jdn8hu-1Mok 1960s Malcolm X Speech School Integration and Segregation
Je32zLhWPik 1950s Royal Saudi Air Force BAC Strikemaster and Douglas C-47 Skytrain
JeNp-bYyGuI Fox Pop (1942)
JeUzKWqlpKg People Board Plane, Take Off
JetN4rcjNJ0 1920s Shopping Frenzy
JexybHARsv4 Woman Slaps Man on Park Bench
Jf-Fk8dq84U 1950s Corn Sorted, Growth of Seeds in Lab
JfIJYfQZIGI 1934 Jack Purcell Badminton Champion Loses First Game In Three Years in Detroit
JfjQrzsbj40 1930s Aviation Failures: Hank the Birdman
JgLt4x4pKzo 1940s Russian Citizens Riot
JgYmMd-UNDk 1950s College Track Meet (Silent)
Jgf0QDWuc4M Summer Camp
Jh8FdqEkdH4 1967 Paratroopers Demonstrate Tactical Maneuvers
Ji3GwNIk1jY 1980s Audience with 3D Glasses
JilawXGgUrI 1930s Stunt: Biplane Crashes Into House
Jj-tll5SG0g 1960 U.N. Session About American Aggression Towards Cuba
JjMBDNEkSOw 1920s World's Largest Bible
JjfzK9GRH8M Bankinter TV Commercial
JjrMyOsdB8U Beijing China Heavy Traffic on Fuchengmen Nandaji
JjwJZ6REhFQ 1945 Cheering Crowds Welcome Home Military Leaders After World War II
JkTbSzP5PI0 Canadian Mountie and Woman Singing Commercial
JlbBelN3c0g 1960s Crystal Ball
JlpEYHQASps 1940s Couple Getting Served In Car
Jm9bus7L6oo Waves of the Atlantic Ocean
JmF8PfCs5_E 1930s Tamer Cracks Whip Outside of a Cage Full of Tigers
JmWWbBglk7k 1940s Economics and Earning Power - Women Shopping
Jm_NZ_BTMJY 1914 Fur Bathing Suits
JmdxGMBFFoI 1940s European Country Mansion Demolition
JnqHmPy7Kk4 1950s Chicken Colonial Recipes
JoGqbd-xJYI 1956 Boxing: Floyd Patterson and Archie Moore
JobR-w5a968 Dancing Stunts, Tight Rope, Airplane
Jocen1QuSbY 1950s Woman Writing at Desk, Taking Notes
JpWax4cr3Uk 1950s Woman Slaps Man, Rejects Advances
JpaOINNtkts 1935 Broadway Sport Dinner
JqmqwxRVE1I 1950s J. Edgar Hoover Interviewed on Kidnappings
JqunfVRNNTE 1960s Flight
Jqw1DFrSLb4 1950s Futuristic Car Racing Down Highway
JrXfqffxh8Q 1980s Montage of New York City / Manhattan
JscadwSsdc8 1930s Bathing Beauties at Swimming Pool Shoot Bows and Arrows
JsksvfXdJNY 1948 Tokyo and Chiba Food Crisis (Silent) Part 1 of 4
Jt7dfWk8Y-4 Office Worker on Roller Skates
JtRORWGVw60 1930  Representative Ruth McCormick and Alice Roosevelt Longworth
JuxjGC5pPiQ 1950s Video Chat - Vintage Facetime
JvGH8n0_-pw 1960s Slip N Slide and the Water Wiggle! Wham-O TV Commercial
JvS4TC3uZRc The New Three Stooges: Babysitters (1966)
JvlXgYru6nc 1965 Arizona Paul Mantz Dies in Fatal Airplane Movie Stunt
Jw8IyLkBIDQ 1930s Economist Irving Fisher on the Great Stock Market Crash
JydLfUOhbRk 1949 Hollywood Erich Von Stroheim, Yvonne De Carlo, Edward G. Robinson at Mic
Jz1ZGDxvbUI 1937 Ohio River Flooding
JzUYYKww5Wc 1941 Japanese Invasion of the Pacific Manilla
Jzg3p1WioYw 1948 Marshall Plan is Introduced to the Senate
K-7EZC9szMo 1950s Horse Race (Silent)
K-ICNNL7ANw Big Band Fashion Show
K-ly7kxEj24 1920s Automobiles and Traffic
K-y1qlXvqJ8 1940s WWII Soldiers Listen to Radio
K0TS4BjOM0s 1951 President Truman Relieves General Douglas MacArthur of Command
K1DpUwzUhwc 1960s Detroit Road Work (Silent)
K1EcXyon958 1940s Britain Winston Churchill World War 2, Various Footage
K1pqIdBFABo 1952 Helen Keller Comes to Paris to Honor Louis Braille
K203jz9c3Hg 1940s Post War Germany
K20gC16SLLU 1950s Beach Club; Beachside w a Portable Battery Powered TV
K39hVonQ4es History of the Motion Picture (1956) Part 5 of 5
K3IYDy7Hk6Q Jet Pack Man Comes out Of His Ship
K3fKRgiavyo 1940s Men Entering Hallway of Work in the Morning
K48wGy17PPM 1950s German Soccer
K4S29vrbHz8 1941 18-Year-Old Newlywed Wins Cotton Picking Contest -- and $1000
K4S4L4X2XAc 1936 Olympic Track and Field Highlights
K4mKZ0be2Jc Car Chases Montage (Gangbusters)
K4sczd6o_6o Is A Career In Government For You? (1972) Part 3 of 3
K4uggGHlj94 Christmas; Santa and Toys
K580lLZgocI 1953 Chief Justice: Governor Earl Warren Named To U.S. Highest Court
K5ETqYeeM-o American Montage Part 6 of 6
K5rXDw9cbkg 1950s Pittsburgh Office Buildings and Skyrises
K5x-VNWn7HA 1930s Coast Guard Rescue Oil Tanker Crew
K68tV9QePJk 1920s Presidential Candidate Charles Curtiss
K6NtnbZSNVo 1950s Ski Bike Racing
K6gVgztwouc Radiological Defense (1961) Part 1 of 7
K7MvcyxRToc 1950s Middleborough Fisherman Pull In Large Haul
K7jxA96heho Native American Dancing the 'Buffalo Dance'
K8KHVSFXrfQ 1971 Chevy Impala Its Finest Points & Details Woman Driving
K8y-BB5Lzfw 1959 Chevrolet 3100 Pickup Truck
K98wz82Htko 1920s New York City
K9ChXmEkEN8 Girl Dances in Devil Costume
K9IwENX1wzc 1961 NASA Builds Radio Telescope In South Africa
K9cKFjBz57w 1950s New York City Rockefeller Plaza
K9lIISwOAEQ 1918 WWI Night Warfare Signal Rockets And Artillery Fire (Silent)
KADzFCLZHbk 1960s People Hanging Out And Dancing In A Festival Field
KAY_2301VP4 Woman's Foot on Pedal, Driving
KAwuxYUu--4 1944 San Juan Earthquake
KBDruzSOCHM 1930s Ethiopian Tribesman
KBdsutlVDoU 1950s Woman Dancing on Top of Money
KBqyaty9wGE 1955 Geneva Summit Meeting Between Eisenhower and Soviet Union Leaders
KC-fq5MCFPI Luck of a Man (1930) Part 3 of 4
KCv9D8ZkjC4 1980s American Flag
KCyfdIHqqxw 1950s City at Night Neon Broadway Lights
KDaWCFW3298 1980s NYC Club \
KEV7y-0fSU4 1920s Man Does Tricks With Babies (Silent)
KFXl1Rzmmpo 1934 President Franklin D Roosevelt Reviewing the Navy
KFvlC8LfwPY 1950s Rome Steeplechase Race
KGf3PRjznWQ 1970s Clerical Workers and The Pluses of A Career in Automation
KGj8X9cZeNw Average School Day
KGrAKJaVtR0 THE STAGE IS YOURS
KI11rhXRgX8 1915 San Fransisco and 1933 Chicago World's Fairs
KIGD0WolzxY 1980s Resort Hotel, Golf Course
KIbseA7TFLM 1920 President Warren G Harding Meets With Suffragettes
KId1i-8qdIQ The Case of Tommy Tucker (1950)
KJ9rqcZtB3I 1961 Inauguration of John F. Kennedy
KJOvAFucs4U 1930 Marcus Loew Leaving For Europe
KJlJAYDmFaE 1903 Woman Exercising With Weights
KK-p9KcwETI 1950s Gossip Girls
KKTGHFJ3LA4 Crying in Concert Hall. Odd Victorian Chorus Line / Music Dance; Early 1900s Silent
KKvfNhIW8iw 1950s Teen in Principal Office
KM3FQWsXzIk 1949 Cannes Rita Hayworth and Aly Khan Wed in Glamorous Ceremony
KME48nsGweY 1980s Pan Am Jet Taking Off
KNgfjxTtTk8 1980s Macy's Thanksgiving Day Parade
KNs-hsc8jew 1950s Man Walks Into Voting Booth
KNtK0aUzigE 1950s Protests Over the Algerian War in London and Athens
KOAo0fvYeD0 1960s Computer Operators Keyboards
KOISQYbaSDM 1960s Los Angeles Tapia Park Love-In
KPKcmZVVl2E 1950s Stormy Weather
KQ7pKsGsjLg 1939 Sailors Dock for Golden Gate International Exposition
KQK-PJgG4uw Fighter Jet Combat Aerials 47
KRo91jT4Yxc DESIGN FOR DREAMING
KT8cCSxfEfI 1950s Interview with Richard Johnson About Anti-Semitism
KTOdE8Y9OH8 1950s Car Pulls up To Starting Line, Checkered Flag/Race
KTyh4zOBLpE Cool Whip TV Commercial
KU5r4p-kHmE The Night Before Christmas (1946) Part 1 of 2
KUIwRVUkva4 1950s Male Dispatchers at Work
KUpbzg4O0RI 1960s Workers Moving Steel Drums (Silent)
KUvYtWzTvXI 1934 Kelayres Massacre
KVCfvls0mfQ 1925 MGM Studio Tour Part 4 of 6 (Silent)
KVnqMeHyK28 1990s Auto Manufacturing - Undercarriage Assembly
KWpqBQfzhk0 BUDAPEST, HUNGARY, HEROES SQUARE
KX1r5plmAuo Ninjas and Eskimos Fight - IN ITALIAN
KXEWY81fLXE 1970s Pan Am Airlines
KXN3lJBoXYI 1950s Graduation March
KYm9FKPXzd0 1960s Scientist Handles Radioactive Ingot
KYtfwXV_KE4 1975 IA Film Crew Everybody Wants Their Film Yesterday Part 3 of 5
KZnfh7b5Xmk 1935 After Artist Gets Robbed He Recreates Paints His Portrait That Leads To His Arrest (Silent)
K_NNG6X61ew 1950s Desegregation in American Schools
Ka05Hu2tkso 1950s UFO Sightings
Ka3VBolsbZw Golden Gate Empire (PT-1)
Kb1yXs77du0 Industry and Warfare
KbNHel60-Xo 1930s Artists Draw Several Women
KbO46GXjVVs 1950s Girl Cheers Racers on Excited
KbXULnMtD2c 1940s Flying Stunt: Man Crashes Biplane Through Wall (Silent)
KbxpNGDLWqk 1950s Computer Room, Operators, Tape, Keyboard
Kc2ZdQLrSXg 1959 VP Nixon Visits Venezuela, Motorcade Assaulted. Returns To D.C.
KcLiGQ6mBN0 1940s Futuristic Kitchen
Kd-OZFNG-rw NEW YORK, MANHATTAN, NIGHT, AERIAL
Kd4j5iUHnGI 1956 Emperor Hirohito Greets Emperor Haile Selassie
Kd773RohYf8 American Engineer (1956) Part 1 of 2
KdvQzuG1BEk 1935 Cleveland American All Stars Baseball Game: Jimmy Foxx, Lou Gehrig, Dizzy Dean
KdxwTUTgr9o 1964 Little League World Series Mexico vs NY
Ke4MsurB7-0 Royal Triton Commercial (1950) Marilyn Monroe
KeLCJnaTJ6g 1959 Oldsmobile A Story of The Air Scoop Drum & Breaks
KefesueHhlA 1950s Fishing on The Great Lakes
KfANgcRY3-o 1926 Hollywood John Barrymore Being Casual
KfH7tY5O24Q 1934 Famous Dionne Quintuplets (Silent)
KgFf2JuTfHs High School Hijinx (1953) Part 1 of 2
KgNqU5WhA6I 1920s Hollywood Ernest Lubitsch and Monte Blue
KgdQuzh7-eQ 1960 Lightweight Boxing Match (Silent)
KhNdLW2IuDc 1954 Connecticut Air National Guard
Khsab7Wxfnw 1950s Daughter Gets Addicted to Heroin and Then Gets Arrested
Khtsj8-3RRA 1950s Washington D.C. Fort Lesley J. McNair
Ki5vF-5dTIs 1941 Second Sino-Japanese War 5 Year War
Ki7XvKgNo7o 1954 Geneva Conference
Ki96bZrymi0 1956 Winter at the White House (Silent)
Kiabz6Oh93Y 1970s Plymouth Fury on Sand Dunes Admired by Dune Buggy Riders
KjUKv4fCWY8 1941 U.S. Military Trains For World War II
KjULiVr2PEg 1980s Wedding
KjoQmQhoKAI 1950s Community Bazaar. Romantic Couple Watch Sunset
Kk6C9V7rrVI 1912 Train Wreck Saugatuck, Conn
KkObcSG306g 1918 WWI American Troops Fighting In Front Line Trenches (Silent)
KkR-iucPuuk 1940s NATO Nations
Kkn9vpYw1XU Martian Fist Fight
KlCBnTLUUO8 1919 WWI Veterans Return Home and Navy is Divided
Klj1ttTgl_U Amusement Park
KljT4mKNEzY 1940s Georgia WWII Training of Parachute Troops
Km8gdFmttnM A Manner of Speaking (1959) Part 1 of 8
KmqQx5Sy3mM Panama–Pacific International Exposition (1915) Part 1 of 2
KnLLYm3UgIo 1932 Fire in Philadelphia
KnZMDDZpmeA 1934 Detroit Lions Join the NFL
KnhSWKiv2hw Chosin to Hungnam (1951) Part 2 of 4
Kno4P1iwVyE 1940s Kids Pouring Drink in Moving Car
KoRihA3-pv8 Tokyo, Cherry Blossoms at Chidorigafuji with the Entrance to the Budokan
Komw0lrr3B8 1930s Crowd Along Parade Route
KoxLa8rxlts 1950s Students Leave School, Father Comes Home
KpSQn06Q5Rc 1931 New Flotation Device Rubber Suit
KpXWj9GbJDY The Universe And Other Things Part 1 of 6
KqYj9cFOQnk 1950s Wheat Fields
KrrmwKN8OTE Hands Throwing Coins, Money
Kry63WVwUfY Out of This World (1964) Part 2 of 3
KrywAaB5XZk 1930 Women Hat Fashions
KsYo9KfZ_n8 1950s Invention of the Color Television
Ksec5iH6v_s Snippet of The Jazz Singer (1927) by Al Jolson
KtCjaO6eOw0 1930s People Run with Large Statue
KtQZV3is9EI 1940s Spain Romanian King Carol II in Exile
KtRD4pMm0gw Bike Runs into Brick Wall
KuBQDoVhnqI 1940s Passage of Time (Silent)
KuZNqW8c2n4 1950s Texas Underwater Scuba Diving Research
KuqVnj-NOXA 1920s Hollywood Fred Gilman
Kv2gPvHLzBI 1960s Beach Scene Palm Trees
KvKPysNIC2A Joey Chitwoods Stunt Drivers. POV on Two Wheels
Kvrebv3oTDE 1960s Las Vegas Shows and Attractions
KwMsMw0NQFs 1940s Abandoned Ships Litter Tobruk Harbor
KwgOq78KHBk Children's Fantasies (1956) Part 5 of 5
KxFuWND5NgY 1963 March on Washington
KxJLK04oPTE Times Square at Night
KxK1g2Iu3h4 Woman Pulls Food out of Oven
KymlUYdXa5Q 1960s Empty Computer Room
KzbGZveNbtk Woman Attacks Man with Ironing Board
L-A378eKZrs 1933 Japan Brings in New Year with Huge Celebration
L-ovruAle6Y The Chicken of Tomorrow Continuous Search for The Very Best White Cornish Male
L0X_hppwnGM 1950 Worker Twists Knobs
L0Z9cA0f7JM 1950s Woman Driving Car
L0gs9usajfQ 1928 Hollywood Bowl
L0veUe2Vf4I 1950s Uniformed Man Walks Up Driveway
L2R0jdPlsw8 1936 Horse Racing: Royal Ascot Gold Cup
L3tpj0VBiTI 1950s Citrus Orchards and Rice Fields
L62PbuxX2Fk 1935 Packard Commercial Part 2 of 3
L66NfyTB8HE 1970s Greyhound Bus
L75DlFyiRT0 1930s FBI Shooting Rage
L7Z0i7EJbyE 1920s Silent Comedy Film Starring Snub Pollard
L7pI3RNozqY The Corpse Vanishes Trailer (1942) starring Bela Lugosi
L8dVxafZA4Q 1941 Baseball: New York Yankees Win World Series
L8tkKEQl86Y 1931 Kentucky Derby: Winner Charley Kurtsinger
L9PWyfxNDkU Cowboys and Indians
L9m2a1AFTBE PEOPLE CROSSING THE STREET IN TRAFFIC COLOR
LA_pA5HS0DY 1930s Creepy Science Fiction Climaxes of Failure
LAeqqms7PhU Cragsmoor Autumn (1992)
LAexoDdInQs 1939 James Stuart Blackton With Zoetrope (Silent)
LAhqiuYrz-8 1960s Crop Dusting
LBgZh7v2nao 1956 Man In Jetpack Flies Around
LCR7c0tT3nc 1960s Reno
LCYn33WZ438 1950 President Truman Dedicates Friendship Airport to Peace
LCcSvDo94_I 1980s Ivy League Campus
LCoGV1c-gjg 1950s Women Award Polio Mother of the Year
LD4OKTslv7k Behind The Druggist (1953)
LD5S_JlImKU 1970s Excedrin Anti Depressant Commercial
LDD_O0mxTI4 1956 Several African American Boys Arrested as a Large Crowd Watches (Silent)
LDOnbU9D0Pk 1936 News: Fleet in Pacific in Secret War - Navy Battleships
LEodLn65LuQ \
LFRufdKQBIs The Big Winner (1956)
LFan1QSeQeM 1950s Mechanic Works on a Dryer
LGMi5gvM9Z4 1950s Morocco
LG_IneVaCKE 1963 Lee Harvey Oswald Killed by Jack Ruby
LGpBwcOhFIo 1952 Bathing Suit Fashion Show
LGrMvxJSwQk Animated Vegetables: Carrots, Lettuce, Tomato, Pepper, Celery
LHPCIoxLxDg 1935 Italian Troops Deport for Ethiopia
LHXQP5SOG20 1940s Children of The Sahara Desert
LIP_4_M3Yhw 1940s Computer Geek
LJ5b6Z1WH40 1929 Wall Street the Day of the Market Crash
LJCI7OdkW0c 1940s Hollywood: Street Tour of Famous Landmarks and Buildings
LJHnmoRqJxg Rolaids TV Commercial
LJmUY8liq20 1963 March on Washington I Have A Dream Martin Luther King Jr.
LK6XkxkEA1I WOMAN LOADING CLOTHES 1940S
LKJ1Hsj6w74 1940 Cardinal Dougherty's Golden Jubilee
LKdJh0NFffY 1960s Berlin
LLHDZN8JnNI Land Of the Free (1940) Part 5 of 7
LLkrN0XNsCQ 1930s Automobiles
LMOo73yoQUU 1924 Pilgrims How It Started in the 17th Century Part 1
LM_QX2fXSxo 1972 Northern Ireland Riots The Troubles
LNaO2H44zV4 1960s Hippies, Protesting, Music
LO1jPN8PMDc Music In Motion (1954) Part 4 of 5
LOEeASAKGr4 1950s NASCAR Race
LOMRqHev7JI 1950s Yankee Stadium Day Game
LOd79vHE40c 1936 London Child for Woolworth Heirs Count and Countess Haugwitz-Reventlow
LOuLh8Gi4uE 1940 Armistice Day Blizzard
LPzl1kAoT9k 1918 Grand Duke Nicholas Nikolaevich with Russian Military
LQ2k-vLvGH4 1942 USS Montpelier (CL-57) Launched
LQA9zhaUBLI 1918  WWI American Troops Fighting With Machine Guns and Grenades (Silent)
LQJZZ6IU-Ss 1950s Model Car Scene Transforms to Real Life
LQkSLZ6BBeg Plane Flying - Vapor Trails
LR0Ltmy3724 1930s WPA Provides Farmers Work During Drought
LRDG6xd7C8E Land Of the Free (1940) Part 4 of 7
LRL03LEdfq0 Sudden Fried Chicken (1946)
LRzTHjo6WPA 1933 Pilot Crash Lands on Rooftop in New York City (Silent)
LSo-68he_xQ Hand Pressed Into Plate of Steak and Eggs / Odd Gag
LT6e1M1m-zA 1950s Japan and China
LTHAlEBDDp0 1949 Construction of Tacoma Narrows Suspension Bridge (Silent)
LTMfkkq9sHg 1948 Coral Gables 10th Annual Intercollegiate Swimming
LTuTk65ASgw Dinosaurs, Volcano, Fire
LU9z-sd0Jto 1940s 35th Signal Corps
LUDuOOxZejg 1950s Teenager Takes Girl to Prom
LUbr-1fm6u0 1956 NATO Supreme Allied Commander Europe Alfred Gruenther Retires
LWODdmDJl8s 1940s Future Kitchen for Big Gals or Little Gals
LWT8muSQ_dU 1950s Washing The Car
LXmpaBiWqSk 1960s Computer Room
LXxEbXUWXa0 1940s Children Playing on a Seesaw (Silent)
LXznh2sixmY 1990s Season's Greetings - Santa Christmas Store Window Display
LYYeHVRAVCU The Land (1942) Part 2 of 10
LYjGkSlS1ck 1950s New England Wharf
LZC3fbqhyiw 1927 Babe Ruth Sings
L_LHq-bYTes 1990s New York City: Subway Car With Rush Hour Commuters
L_eQaQ_A24Q 1920 Skyscraper Stunt (Silent)
Lb-WY8U03gI 1967 Paris Air Show DeGaulle Boards New SST Concorde
Lb7apSgjSGk 1936 Hollywood. Military Parade. Troops March. Uniform
LbFsSP1hHes 1920s First Lady Grace Coolidge Girl Scouts
LbH-MLQh94U 1929 Start of the Great Depression
LbIqgc9Jwd8 1918-1949 Baseball Various US Presidents Opening Day
LbOdwFFX7xI 1965 Fibers How Creases Evolved
LbR1wB8tIzk 1940s Fashion
LcAnGo0ZWZs 1944 Russians Liberate Lublin, Poland
Lcq55ufKUq0 Pan, Tilt Shot of Minneapolis, MN, Skyline, Sunset (4K)
Ld-yppc2pDY Stunt Costumes Roman, Toga, Women in Fountain, Woman out Of Cake, Grapes
Ld4O3iWC6po 1920s New York City Office Buildings
LdGZmJZv9UQ International Moves The Browns To Sterling Street (1941) Part 1 of 6
LdP9npsWHDY 1940s Mailman & Groceries and Meats Truck in The Neighborhood (Silent)
LdeSj9WTWYo 1950s Military Piasecki H-21 Flying Over Canyon (Silent)
LeHhhgmRb9Y Red Nightmare (1962) Part 3 of 9
LejM9EY6u5Y 1940s Teen Girls at Malt Shop
Lf4-G84b3zE 1958 Elvis in the Army
Lfx6A0OuJ-8 Kellogg's Product 19 Cereal TV Commercial
LgCTxyvQgKQ 1960s Go-Go Dancers
Lh0T1ts_xo0 1940s France Snowshoe Carnival
LhNYnVHifRE 1950s Wholesale Distribution
LiZ7lPAj38k 1950s President Eisenhower Tours Farm Study Center
Li_bmhxQ0HY America On the Edge of Abundance (1966) Part 1
Lj-gX8a0moA Silent Film Snippet \
Lj7cqXgComs Chain Reaction (1958) Part 1 of 6
LjJCYrurb1U Bug Eyed Alien and Human Discuss
LjoKgdWBLIk Little Girl Rushes Into the Living Room. Family Stepping Out
Lk5d0AVN2v4 1960s Hawaii's Land and It's Uses
LlSYwHePOmc 1930s Newsboys Extra Extra Read All About It!
LldEzOcbrVY 1920s Hollywood Actor Raymond Keene
LmqwFfOdtL8 1950s President Eisenhower Addresses Financial Leaders From Around the World
Ln6VzwvQYuI Radiological Defense  (1961) Part 3 of 7
LnLqaQdofFI Last Clear Chance (1959) Part 6 of 7
LnnD6N7IHqI 1930s Head On Collision
LoB1yAS5Tds Telegram and Telephone (1956) Part 1 of 2
LoUljondyVA 1960s Biker Gang Enter Private Beach Area
Lq4i-G2auvE 1958 Congressional Hearing on Nuclear Test Fallout Radiation
LqCxgEvNfpA 1967 Vietnam War Protest at The Pentagon
Ls3sBzT1_AM Photography (1946)
Ls6n2NjDOhc 1957 John F. Kennedy Questions Jimmy Hoffa
LsUgf_duc2o Age 13 (1955) Part 2 of 6
Lu8wMgFhPqM To Win The Peace (1945)
LuOxVf0TuKM Spinning Globes
LuiGsZFZnKw 1940s Man Fires Machine Gun
LvTIAxr4MAU Woman Uses a  Mutoscope
LwVnPlwElKw 1961 President Kennedy Discusses His Views on East Germany
LwwFQfPlEmQ 1958 Washington D.C. President Eisenhower on the U.S. Involvement in the Lebanon Crisis
LxBdAZ597wo 1930s Man Climbs Things, Dives Into Water
LxHFJVeezQw 1910s Early Planes
LxdwCF05yhE The River Mississippi (1937) Part 5 of 6
LxzVaLdtw00 1920s Hollywood Alice Calhoun
LyEKptfVG_M 1950 UN Troops Push Into Seoul
LyQVK6edmu8 1904 World's Fair Louisiana Purchase Dress Parade Boys Scouts Philippines Soldiers
LypM_CrsZ3g 1950s Syringe and Other Drugs Handled by Disembodied Hands
LywAs5yyrMA Hearing Better: Healthy Ears (1950) Part 3 of 4
LyyxfR6hhKM 1955 German Chancellor Adenauer Negotiates Release of POW in Moscow
Lzio7a_YZ_g New York City: Subway POV - Rooftops, Graffiti, Subway Station
M-D0kEZzarY Close up of Casino Games
M-Dh40EjKFw 1969 Philadelphia- Girard Avenue
M-KCadXs59o 1940s Married Couple (Silent)
M0tP0QR3u_E Animation: Human Eye
M12eL1S7uvo 1945 Man Laborer Wiping Sweaty Brow
M1eNLyKPP7w 1943 WWII Bombing of Hamburg
M1nIE5WiEY8 1956 Beauty Pageant Contestants
M2VJ99v6Hdk 1969 Ford Pickup Commercial
M5ADl4F0uQ0 1991 Macy's Thanksgiving Day Parade
M5cfXVn3QR4 1930 Actor Wallace Beery
M5xha6SzK9s 1932 World Series Cubs Vs Yankees Highlights Game 3 and 4
M5zNFQJX2s8 SOLUTIONS TO POLLUTION 1971
M6X9XBHVAEk 1950s Kitchen Montage
M6lir3saBRc 1950s Office and Early Computer
M7LYVfFXzjM 1968 Red Chevrolet Convertible
M7LnKe4n4-M 1990s New York City
M7frjE8B6Ks 1930s Aviation
M8QCZUGdIeA 1935 Florida Labor Day Hurricane
M8eW-CxQ8NY Where Love Is (1954) Part 2 of 6
M8udqJB21Zk Steady Shot of a Communication Tower on a Cloudy Day (4K)
M8uwYK67rtM Countdown
M9L-EbAIMgM 1980s Woman in Bikini Sunbathing
M9Q_7WXVAmg 1918 WWI Battle Of Several Foreign Forces
M9ZWumFHBaU 1963 President John F. Kennedy Address to the United Nations
M9eb7tjJD1g 1950s Hollywood Bus Tour
M9n5_eKM_UE 1930s Three Men Perform Synchronized Tap Dance Routine
M9oSNK0Mcts 1940s Military Parade (Silent)
MAqbTJqWnPg 1948 Presidential Elections
MAyx5CbJ0js 1970s Manhattan, Southern Skyline: World Trade Center and Bridges
MCG-IfT5BpM 1927 New York City Newspaper Press. Stands Delivery Boys
MCfhMuAlzKE 1938 Hollywood Sunset Boulevard
MCluWsAw3EA 1900s Ladies' Bathing Suits
MDkTZlokS9o 1947 Pier 57 Fire and Drydock
MEPlb6QPL-c Snippet of \
MEdeLOAboTQ 1950s All Women Audience Attending Induction Seminar
MFLXeyDAPbo 1932 Canadian Native Americans Wins International War Canoe Race (Silent)
MGZyj0PaKCY 1890s Atlantic City Boardwalk
MGctLZSWvJw 1938 Ford V-8 Sedan Car Inspection
MGlFIyG3x0g 1950s Washington D.C. William Knowland Discusses California Elections
MHExYQdDvoE 1930s Couple Dancing Poolside
MHF0w_thO9g 1960s Great Wall of China (Silent)
MHNuBSlSeHc 1970s Givenchy Walking Along Eiffel Tower
MHdohwBkGlE 1950s Engineer Fits Piece into Machinery
MHw7S2JelmE 1950s Chevrolet Truck with Cargo
MI0BX4pHFek 1970s Nighttime Driving in New York City
MI6skh2NCNE 1930s Building Demo (Silent)
MIIy-6aDOvM 1946 Victory Parade in Berlin
MIg7ygPiY_I 1960 Riots in Algiers
MJFH5jszsS4 1940s Army Telephone Operators
MKEe9D3s2JQ 1901 California Oil Refineries
ML5nbo9fv3c 1949 Costume Ball
ML_olw-_edI 1950s Family Watching TV
MM2PeWYAvPM Beijing, China- Oriental Plaza on Chang'an Jie
MM7RJjlJUfk BUDAPEST, HUNGARY, BUDA CASTLE, TRAM
MMBAbhSQ3c0 1968 President Johnson Announces He Will Not Run For Re-Election
MN_uHK5tkxI FAMILY SITTING DOWN FOR DINNER 1940S
MOLbwJlHI_0 Man Discusses Electric Heat for Him and The Little Woman
MOMJdSiywT4 1920s Hairstyles
MONGsfnHYqk 1950s Peru Andes Mountains
MOSJdwHbYFY 1971 Chevrolet Chaparral Camaro Race Car on Track
MP2oWvh6I44 Mad Scientist in Lab, Laughing, Pacing
MPG3EBt9NN8 Superhero Flies Through Air
MQ0P1_ttLGo 1950s Chevrolet Styleline Driving Uphill and Downhill in San Francisco
MQJ_PKHQ3nU 1965 Los Angeles Watts Community After The Riots
MQX3WeYO9dI 1930s Workings of The Inner Ear
MRDXRQpgEbc 1920s Silent Comedy Film
MSa_2osxA1A Cool Whip TV Commercial
MUOnYUz0lk4 Man Shaves in Bathroom Mirror
MVVfcrYdkTw 1920s Skydiving (Silent)
MVqKNEngmms Lorne Green Spokesman for Chevrolet
MWgFJI82Zow 1920s Houdini Escapes Straight Jacket
MX2NPSWb0a8 1950s Home Economic Class
MXd0O29Eg4I Woman Slaps Man First
MY7OP6iSEOU 1939 Transpacific Yacht Race
MYOLefAJRJE 1900s Aviation, Wright Brothers
MYZuBuzFgZE 1930s Housewife Wins the Kentucky Derby
MYw1_h4IKbY 1950s Jello Whip N' Chill and Toast'em Popups TV Commercial
MZIyo2KRHvM 1944 United States Labor Strike Riots Across the Country
MZQv-lFXQiE 1940s Mother Gets Glass of Water for Little Girl
MZSDJdPuOzE 1950s Freight Train Crash (Silent)
M_2XmyzaKUM 1937 King George VI Coronation (Silent)
M_jh4m_m0Fo 1956 Unrest in Soviet Yugoslavia and Poland
Ma24nxRRw0g 1940s President Roosevelt Makes Speech about Poor
MaB3gkY6lKY 1968 Project Vanguard and Apollo 8
MaPJHZ9HhCo 1930s Moroccan Locust Problem
MbNLA146Cy4 1961 Cairo Protests over the Execution of Patrice Lumumba
MbPUem63SzI 1920s New York City Dancehalls and Nightclubs
MbenE_vI77M 1950s Men Walk Through Mud, 16mm Camera in Brush
Mc5tyeAHVP8 Silent Film Snippet \
McPU5WSuWwI 1980s Macy's Thanksgiving Day Parade
MctaVlRZAFw 1950 Building Sailing Ship (Silent)
Md1g7LLm9WQ Mad Scientist, Laboratory, Bodies
Md5ZHMeKtIg 1950s Early Indoor Soccer Match
Mdeimj-MJs4 CAT VS. FISH
Me0LtW3h6mQ 1953 Asian Peoples. Old Man W/ Child. Passengers Wait to Board
MeOkYuQEDlA 1954 Criterion Theatre Petitions Against Anti Movie Tax
MeTvC-jXzPA 1969 Philadelphia
MewGZyvRkqo 1936 Sports: America's Olympic Hopefuls Line-Up
MfBM6fxeXzg 1937 James Braddock Signs Over Heavyweight Title to Joe Louis
MfFe966PHHQ Philadelphia, Love Park, Fountain
MfSslFqWEvs 1940s Family Listening To Radio (Silent)
Mfc2InU7iF8 1950s Bad Boys in Long Beach
MfnUXS_JGx8 1960s Hockey and Skiing
MfwFN2zpUII 1900 J. Phillip Sousa at the Paris Exposition
MgFrK53nT40 1923 New York City Mary Hay Christens at the Imperial Theater
MgHjQV4n2dM 1941 Atlantic City Miss America Winner Rosemary LaPlanche
MgQ2ECeYaus 1950s Mother-In-Law Ushered Into Car for Test Drive - Crabby
Mgm-sLLsZD4 1950s Manhattan Landmarks and Skyline
Mh2sWD4J8aM 1948 Atlanta Camellia Festival
MhM8WMcacWo 1935 Haile Selassie Asks For Peace
MhNMf4s3HEQ 1934 Fashion: Bathing Suits and Evening Wear
Mhwdg7HMD-M 1950s Girls Swooning at Television; Dad Smokes Pipe
MiXiHntkvMI The Flavor of Life in Shanghai (1970s)
MkErj633tI8 High School Students
MlgW0bPk2jc 1968 Vietnam Congressman Tours Refugee Camp
MlhOB2LxeMY 1975 End of Vietnam War Helicopters Leaving Saigon
MmRHNuVUB90 PULSE OF AFRICA 1961: NAIROBI
MmZk5oUkMIU 1953 Mass Arrests in East Berlin (Silent)
Mmofd8BizxE 1942 American Fight Around the World World War Two
MnPHSLwDpVE 1940s Labor from Farm to Factory to Office Automation, Moving Machinery Parts
MoL7aWzzYmw 1927 Early Automobiles with President Calvin Coolidge
Mo_ln1U3BuE Newspapers
MoqRYBTq7Ao 1950s Woman Registers to Vote
Mp5bEqFba30 To Each Other (1943) Part 2 of 8
MpGjDkmABww 1990s New York City Bus
MpQccLTkdwQ Puerto Rico, the Atlantic Ocean
Mq1mL5tIzlI 1940s Refrigerator
MqubWcKr1mY The Moving Generation (1970) Part 2 of 9
Mr-M72246A8 The Question Tree (1961) Part 1 of 3
Mr6eEYWQXTs 1990s New England Autumn
MrNBLbLwIjw 1949 Ford Custom Sedan and Wagon
MrtmFrA7bds 1953 President Eisenhower Inauguration
MsAJFma_2N0 1920s Hollywood Baby Priscilla Moran
MsiCgfwh9fI 1936 Paris Car Show New Car Designs (Silent)
MsqXs_zc8Xs Beginning Responsibility: Other Peoples' Things (1957) Part 2 of 3
Mt759WCmqQQ 1900 Capture Of Boer Battery (Silent)
Mttj-OWIgfQ 1907 Mammoth Cave, Kentucky
Mtwql8gLZi8 Gossip Parrot
MuVJ95rJL48 1950s Hula Hoop Mania Sweeps World
Mv7wTQD-b0M 1950s NATO Intro Into Church
MvBOHLXY_Fk Western Bell TV Commercial
MvNroyXSbtY 1960s High Speed Car Chase in the Countryside Part 2 of 2
MvUmSVq-LbE This is B'nai B'rith Part 6 of 6
MvcE_W27NUo 1940s People Driving a Ford Automobile
Mvii1pwI2iM 1944 Muhammad Ali Jinnah Holds Meeting with Gandhi
Mvz4EsEv_nU 1938 Samuel Goldwyn Hires President's Son, James Roosevelt (Silent)
Mwmg7YuysdU 1940s Diner (Silent)
Mwno3__Dohw 1930s \
MxHOQ25COk0 Water Supply
MxRNeDrD2QA Beijing, China- Chang'an Jie
N-gCE3D-uf8 1956 4-H Members Receive 4-H Award for Health
N-vcVChJxug 1930s Warren Pershing with His Wife
N-yEPXUEsTs 1930s Cadillac Factory Assembly Line Part 2 of 2
N-zuVjG_RIY 1940s Capitol Building / Washington / Patriotic Citizens
N07U26-TgJA Why Viet-Nam (1967) Part 6 of 7
N0wT8nnxab0 1950s Malt Shop
N0zAlUS2E2g 1960s History of the Sunoco Company
N10G9mZ1S1Q 1950s Coming to America
N19r2I6PN5g Your Silent Guardian - Intro to Korean War Film
N1exLSeT9ig Woman Gets Slapped, Spins Around in Chair
N1hqrm06lV4 Teen Dance Waltz High School Prom
N2QRAdlNHb8 1960s Topper Monster Maker and Bags 'N'' Things TV Commercials
N2XuuGjwYjQ Keep Off The Grass (1970) Part 2 of 6
N2tYDRBkqhc 1928 Hollywood Grauman's Chinese Theater
N2wazX5V3ow 1990s Red VW Beetle Convertible
N33Zp_TjbAU 1980s Modern Dance Scene
N3803icvyBg STOCK TICKER
N3A2zVjHMME The Moving Generation (1970) Part 6 of 9
N3_jX1dMLfQ 1970s Chromosomes and Color Blindness
N403aBITgwg 1904 Horse Drawn Sleigh in Central Park
N4HuncgFHL4 Pig Swine in Meadow, Pata Negra, Iberian Pig
N4NWVPxsVf8 1980s Pan Am Jet Flying
N4QPyrNWATo Both Sides of the Question (1970) Part 7 of 7
N4okH6oh2s0 1966 Housing March in Chicago Martin Luther King Jr.
N59IZp5U-bE 1971 Chevrolet Impala Design Details
N5GUxLWBziw A Thousand Million a Year (1947)
N6-D-YfjEhM 1934 Laura Ingalls Makes Flight From New York to Los Angeles
N666U_5ZY3Y 1890s Automobile Starting and Driving Away
N6G6ufNMoEs 1949 Canadian Prime Minister Louis St. Laurent
N6WQriLam34 1941 World Series: Game 1 Highlights - New York Yankees vs. Brooklyn Dodgers
N7UWWex_uCg 1970s Deaf Children with Teacher
N7apr4wtXrk Children's Fantasies (1956) Part 4 of 5
N7kvTlY9Ym4 Dance Goofy Routine
N7w6smM73co 1949 Indianapolis 500
N83v2PnOvBs 1959 North American X 15 Launched Into Orbit IBM Computers
N8m0SDiWzJQ 1910s Police Make An Arrest And Rioting (Silent)
N9XsauBPFQ0 1904 Eviction Notice (Silent)
NAIIRzajIOU 1940s Undergraduate Cheerleaders' Practice
NAIs2lJlpFw 1980s Pan Am Jet Sitting on a Runway
NAaztzUYujE 1950s Helicopters Used to Move Supplies in Korea
NAoZdoeUMpk Woman Thinking About Chores
NB3pTjlWtLw CHILDREN LEARNING ADDITION 1930S
NBPtCe3w8gE 1958 Archie Scott Brown Dies In Car Crash
NBY_gtxNcGU 1930s America's Cup Part 2 of 3
NBvxf8RkVjg 1940s English Troops in Desert Combat
NCgdMhd8mwA 1940s Map and Lighthouse
NCkgxYAkB2g Snippet from Safety Last! (1923) by Hal Roach
NCoCw7RXsIQ 1960s Driving on the Countryside
ND-DvMU7PJk 1950s Research Laboratory
NDIGE9gtzXw BUDAPEST, HUNGARY, TRAMS, COMMUTERS, RAIN
NDRB85AmLRs Human Pin Cushion
NDslKxiO6hw WATERS OF THE COMMON WEALTH PT 2
NE2gfk1d1-A 1920s Invention of the Bulletproof Vest
NEaIPoO0Wfg 1950 Kids Playing Marbles
NEki8QfGYMw 1935 Peopling Walking on the Frozen Niagara Falls (Silent)
NEri5jXjHPw Where Love Is (1954) Part 3 of 6
NF7MNF0jr54 1950s Aga Khan IV Meets Foreign Politicians (Silent)
NFEraWoNaWY Motorcycle Going Off Small Cliff W/ Rider Stunt
NFU6XCYv-l4 1960s Frankfurt
NFroPHgAgXk Mike Makes His Mark (1952) Part 3 of 6
NH7DeiHrYL0 1988s Toyota Celica TV Commercial
NHdxXCAQ2Nw 1980s London Bridge Beauty Double Decker Bus Over Bridge
NI6aGAM-WoM Palooka/ The Great Schnozzle (UK) (1934) Part 2 of 4
NICiu2UaqW8 Chosin to Hungnam (1951) Part 1 of 4
NIvTd8KUIOs 1960s Chevrolet Billboard
NJWg_INHDuY 1945 Army Navy Screen Magazine No 53 Part 4 of 6
NJi_PSITl5k Keep Off The Grass (1970) Part 4 of 6
NJz_uffYDaY 1948 Stalin and Riots In the USSR
NK8J9Byufz4 1930s Female Graduates, Hoop Rolling
NKbmIgqXIFg 1950s Boy Eats 'Seedless' Watermelon
NKnM3aFf-C8 1967 Oldsmobile Toronado Commercial
NLPlud-5TGQ Groovy Beach Dance Party
NLmZVF5092k Venco Licorice TV Commercial
NLrDZ6sF2d8 1950s Worried Woman Paces in Living Room
NLvKasfWuk0 Midwest Holiday (1952) Part 4 of 7
NM9gyxgMXAs Chain Reaction (1958) Part 2 of 6
NOcdS3J8kl4 Bicycles Are Beautiful with Bill Cosby (1974) Part 2 of 2
NP2ebR-SAjc 1950s Horticulturist Cross Pollinates Orchids (Silent)
NPR2r_yy1UI 1990s Auto Industry. Manufacturing. Assembly Line
NPbYlWBEuUI 1950s American Dairy Association TV Commercial
NR2it-2LrCs 1950s Television Studio, People Watching Television
NRXigLxjnTU 1920s Women Fight Over Bargains Tear Clothing
NRmD7vYyVsE 1957 Little Rock Nine in Class
NSGk1QdarlQ Spinning Spiral
NSh1vOv4EUI 1960s Japanese Rockabilly Concert
NTnaFB0yjNA 1940s Stunt Large Roller Truck with One Front Tire Rolls Over Man
NTrOg3J53x8 Children's Fantasies (1956) Part 1 of 5
NUYONVDGXOU 1950s School Bus Arrives At School
NUvUqD8cG40 1900s Busy Main Street
NV-GaZ98SQo Microorganisms Closeups
NVKnxRaoV_A 1935 John “The Elder” Kelley Wins Another Boston Marathon (Silent)
NVaixd1xEak 1961 Soviet Delegates Fly from Moscow to United Nations
NVcKlH5AfLI Ain't That a Shame
NVvOpFQrilw 1920s Gangster Gun Montage
NWDtpx9ad4Y 1956 West Germany Franz Strauss Appointed Federal Minister for Atomic Affairs (Silent)
NW_fRHb27KY 1935 Broadway Connie's Inn
NWioIRjYK5E 1950s Manhattan Delis and Restaurants
NX2Ex8CtOQ8 1956 Vintage Cars Driving Down Leafy Boulevard
NXF_fWr5Huo 'Homicidal' Trailer (1961)
NYFnUAZ09ng 1950s Telephone Engineers. Montage of Operators / Communications Labor
NYfGjJZUxrM 1934 Testing Highway Guard Rails
NYgimykPOCQ 1940s World War Two Montage
NYkqOZ-Poog Babe Ruth Joe DiMaggio / Sport Baseball
N_HvpoV7LpY 1920s Los Angeles - Automobiles, Motion Picture Industry
Na0ltvjXiYw 1934 Auto Gyro Flys Over Washington D. C.
Na9Hcf4Hrpg 1950s Construction of the ALCAN Highway Part 4 of 4
NbYAyQnNcnY Power For Progress (1961) Part 2 of 5
NcTtr81HL1k 1950 Eleanor Roosevelt Visits Holland
NcfmOVNmIb4 1971 Chevy Impala Ode to New York Woman Driver
NczdrZyWFCk 1930s WWI Veteran Rally New York City
NeSb8vi5MC8 1910s Cherokee Lays on Bed of Nails (Silent)
Nfrdx2SIjBU 1950s Lighting Used in Various Events Baseball to Romance
Nfs2knoDwn0 1960s Car Drives Along Banked Road
Ng4_sZNLjDM 1970s Visiting Sick Girl
NgX97jDOYTU 1969 News Parade
NgbWF6BI8lo 1980s Hollywood Sign (Silent)
NgxNQSQ0wic Throwing Coins, Popcorn
NhI-TGvaB_8 1934 Sandor Endrey Visits Detroit
NhSVwTqD4ZE 1950s American Dairy Association TV Commercial
NhVzy6Fnp3E 1936 Germany -Eifel Automobile Race in The Rain
Ni8rUoNMLcg 1962 Billy Sol Estes on Trial in Texas
NiZAoA-M-Wk 1920s Hollywood Lon Chaney
NipIJNTIUCc 1966 President Johnson Tours New Zealand and Australia Before Attending to the Manila Conference
NixcGMhpCgQ Broadway (1947)
NjocotkFwVU 1980s New York City Ticker Tape Parade
NlWCNeUoQRA 1930s Pig Calling Contest
NlfKcFxYsVY Snippet from Fatty and Mabel Adrift (1916) by Roscoe \
Nlfk0040kUc 1950s New Parents
NlntnigRI44 Sure-Mike! (1925)
Nm0ey9XeZ0A 1904  World's Fair Louisiana Purchase Exposition West Point Cadets
NmKzjllpoTI 1950s Mother and Newborn Baby
Nn2fLs4foI8 1930 Representative Fiorello LaGuardia
Nn6jpqCo7BA 1934 Dionne Quintuplets Are The First Surviving Quintuplets
NnGFNNh24OE 1950s Mom Makes Cherry Pie! Boy Tries It, Dog Reacts; Sit Down For Happy Family Dinner.
NnMXt6-YSa8 1958 Senator McClellan and RFK Questions Teamster Union Leaders
NnV1jMIxTRo 1940s Automobile Park and Then Driving Point of View of the Passenger Beach
NnlIqPzAV90 1961 Jim Brown Promoting Healthy Exercise
Nog17LLS42Y Chevrolet Right From The Start (1960) Part 5 of 5
NojrtBspsWA \
Np1cnNhxkEs 1949 Hollywood Fireworks Display Against Palm Trees
Np2fQjO8aqY 1950s Businessmen and Boss in Meeting
Np3wxGO-uek Jet Pack Man
NqO6rnZWoyQ 1980s Musician W/ Guitar Roams Festive Crowd. Applause
Nrcxr66Ub6g 1920s Woman's Measurements Taken
Ns3jQ_3ZbM8 1958 Chevrolet Impala: Dashboard, Interior Detail, Exterior Shots
Ns6WSrE1oIo 1900s Depiction of Building the Railroad
Nt0sDP_oQJI 1904 Vanderbilt Cup
Nt6nCA1jqLs KIDS ON SEESAW 1940S
Nt7YVNpGkyU 1940s Couples in Love
NtR4UTFQOGM 1945 World War II: Battle of Manila and Clean-Up
Nu86MYAeUnw The Enchanted Square (1947)
NuFZamnmWdc 1939 Hollywood Walter Wanger in Office (Outtake)(Silent)
NuGpMYFJNYo 1918 First Air Mail Delivered in the United States and 1924 First Transcontinental Air Mail Flight
NuSEFnkjuwU 1950s Rocket Powered Aircraft
NvAEUNofyuY 1910s Walter Brookins Performs Stunts at Airshow
NvBI2awcVj4 Car Drives Off Ramp
NvTuKzRNxTs 1930s New York City Garbage Barge
NvUUvLu9mzs 1920s Fashion
Nvt9qhTXt40 1970s Orange Crush TV Commercial
NvzxAnVon-w 1980s New York City Street Scenes Montage
Nw1JWzhQdTk At This Moment (1954)  Part 2 of 14
NwbpUmS7J_c Animated Diagrams, the Human Eye
NwrR8D13TxM The Inevitable Day (1961) Part 6 of 6
NyICPXKlk6w 1910s Women Tumbling
NycCUgbhPrs 1980s New York City Aerials
NzDD3yJpYgs 1920s Early Television
NzZd5zU-dVg 1950s Bermuda
O-DYU1VLQjI 1930s. Cops Raid a Casino
O-ylSgFykuU 1900s Beginning of Hollywood Movie Studios
O-zvUKuymIY 1930s Woman Slaps Another Woman
O0sWFc9YSIo 1933  Louis Armstrong Performing \
O1yPt-LY-HI Deviled Ham - Musical Short (1937)
O2-iOacbY30 1940s Automobile Sale Lot
O26NbWbJGDk 1920 San Francisco Nationals Men Swimming Johnny Weissmuller
O2XvVMzqLlc 1950s Statue Comes to Life Midget Sprinkles Magic Dust
O2dH82ya9H0 Beijing, China- Street Scene at Chang'an Jie
O2pYiNbrPqk 1920s Nightclubs Harry Richman 'Ain't She Sweet'
O30xcwyjXb4 Kids on The Beach
O3q0GpPI8d4 1990s Foreign Cars. Manufacturing. Assembly Lines
O4M6Vi5lU6k Newspaper Printing, Headlines
O4bP41HRbFE 1931 Underworld Shuns Funeral for Gangster Legs Diamond
O4k563PhWjY 1960s Lincoln Statue
O5RmSx37XWw 1940S KIDS ON A SCHOOL BUS
O6PVb0r1fzY Asbury Park Beach, Summer
O6jyCXrx7fQ 1929 Louis Bleriot Celebration of Flight over English Channel in Monoplane
O7TGa7N-xpE 1940s Man Reads Paper Outside
O7aDj20Eyxk Elderly Woman Playing Trumpet in Electric Heated Home
O84F-DwdaKo 1956 Netherlands Welcomes Hungarian Refugees
O8BKNOQhaA8 1933 President Roosevelt Inauguration and the Beginning of His First Term
O8dPh6cyh_U 1927 \
O9w1FLHL8Pg Snippet from A Fool There Was (1915) by William Fox
O9wo-5pf0KM Spinning Globes
OALNGYL_2Gs 1960 All Women U.S. Air Force Unit (Silent)
OAVQ2xogYU4 Pan Am: Rome Sacred City
OAdT3fAwwTw 1970 First Hours of Car Ownership Part 8 of 8
OAo2hYsIOdE Old Ladies Walk Desert Trail
OBbp2Ua7XjA 1940s Businessmen and Workers Leaving Office
OBem3Iz9Mf4 1950s God in Life and Death
OCEtl7Ah3LM How Potato Chips Are Made (1950)
OCJFr04te80 1933 Jews Celebrate Rosh Hashanah in New York City (Silent)
ODKsEyI-n5Y Silent Film: Bedroom - Woman Faints into Man's Arms
ODSXGR6wbco 1956 Dr. Milton S. Eisenhower on John Hopkins University and the Presidential Election
ODXqFFMXEoE History of the Olympics Part 5 of 6
ODz0BddkbOY 1950s New Jersey Baby Derby (Silent)
OE37XlfVVJA 1950s People Leaving Church
OEcGSVnavs8 Hollywood  Actor 1928 Billy Dooley
OEkqyAzTRZA 2000 Isle of Capri, Italy
OF3F6z7ItKA Mental Hospitals (1953) Part 1 of 3
OFJFWFRzRu4 The Town (1944) Part 3 of 3
OFuqGx2BtnM 1960 Algiers Riots
OGFKyzC4Ycs 1940s Old And Young Man Play Checkers
OGFQMTLqCF4 History of the Olympics Part 1 of 6
OHMhDroQFX4 1956 Women in Tutu Lifted and Spin
OHXcZp0UsoM 1950s Tracking Shot. Office Interior. Drafting Paste-Up
OI11ugNL9FM Wandering Willies (1926) (Silent)
OIGS-CdBLsc 1937 Invention of the Single Sided Propellor
OITVNyMfUj0 Training For Service: Telephone and Telegraph Operator US Army (1920s)
OJ7KfIJQePU 1945 Factory, Smokestacks, Water Tower
OJKTUlzrsaY 1932 Total Solar Eclipse
OJlFPCMtNOE Fighter Jet Combat Aerials 44
OJlsObyQeKA 1971 Chevrolet Car Impala The It Car In '71
OK6YMu7qHRo Violent Cartoon Clip 1
OKBfild75PA BUDAPEST, HUNGARY, TRAM, RAIN
OKZU4g_zd6A Philadelphia With Love (1972) Part 6 of 6
OKb7BH3YbAA 1960s Outer Space Machinery Meteors Jupiter
OLZsQ8GndjQ 1956 Democratic Presidential Primaries Debate with Adlai Stevensons and Estes Kefauver
OLllad3r-lY New York City, Queensboro Bridge, Aerial Shot, Dusk
OMh6SU_Oiu8 1920s Microscope Laboratory Various Microorganisms
ON3DmN14j4k Jerky Turkey (1945)
ONF2hn_Mrow Silent Film \
ONTXIvduNcY 1956 Monaco Royal Wedding: Prince Rainier of Monaco and Grace Kelly
OOZINeXIdFs 1950s New Parents with Newborn
OP2imNGfOms 1960s Greyhound Bus Commercial Time is Money
OPTEhIET_60 1960s Bermuda College Week (Part One)
OPa5TvRrWPk 1950s Western Electric Strike (Silent)
OQ1l5YF9hCE Tempo Tissues TV Commercial (German)
OQT_0vO3gBo 1940s Press Board a Military Plan
OR0-RuyB4yc 1960s Mom Chases Son in Galoshes
OR0kxx_yD0M 1950s Barbershop Group of Men Getting Their Hair Cut
ORKgXf5gIqU 1930 College Fashion Dartmouth College
OR_WOF90uc8 1950s Couple at Swank Christmas Party
ORq-S7je2l4 1920s Little Boy Playing in a Toy Car (Silent)
ORsQaBnPkjs 1971 Chevelle by Chevrolet in Depth Look at The Gleaming Details
OSgyKcaBTE4 1930s Little Boy Unicycling (Silent)
OTarqige0Ho Factories, Assembly Lines
OTqqqB670t4 1934 Salinas Lettuce Strike
OU0iI6f2tlM 1950s TSTR Intermittent Sawtooth Generator
OUtTcUvR2h8 1930s Wedding Couple Frozen in Ice Exchange Vows & Rings
OVUOTQhcvA4 1960s Hawaii Surfing
OVmB2cAqGi4 1920s Early Helicopters
OVrOXx8CuOs 1960s London Supermodel Twiggy Models Her Own Clothes Line (Silent)
OWjaG5g6_Cg This is B'nai B'rith Part 4 of 6
OXKXdEDpGQs 1980s Soccer Players on Sports Field
OZLRWTRZoWA 1968 Dassault Mirage G Demonstration
OZU1T-F3kW4 1935 Mussolini Meets with Prime Minister Ramsay MacDonald and Premier Flandin (Silent)
OZbYUKT_Qss 1952 Korea Airport Air Force Airplane Takes Off
OZf-YsTKfxU 1971 Chevrolet Cheyenne with Camper Conversion Van
OZiHtJUdc7M Snow Foolin' (1949)
O_U3RD62HT4 Philadelphia With Love (1972) Part 2 of 6
O_bMrKBPjME 1968 Gold Chevrolet Caprice. Profile on Road. Automatic Window Up. Ventilation
Oa-GL6DB61w Canada to The Keys (1955) Part 3 of 3
Oa4WfbviGvI Bernard Montgomery (1952) Part 3 of 3
OaGcN-xI45A A Family Portrait (1947) Part 1 of 7
OaUhuGGYN6g 1930s Gangster Legs Diamond
OaiJZN9NZWI My Hometown (1947) Part 2 of 5
OaiLiuSA23Y Man Balances on Pole
OaqquXUixyk 1941 Ford Automobile Backed up by Woman Driver
ObF-trpesLc 1965 \
OblbY0jqzfU 1920s Traffic on Hollywood Boulevard (Silent)
ObsrEuxjcAc 1930s Fat Woman on Trampoline
Obw2aSrZwYE 1936 Hollywood: Polo Match - Joe E. Brown, Gloria Swanson, Joan Crawford
ObyfqevnmG4 1935 Easter Sunday on Fifth Avenue (Silent)
Obzz0JfTbjc 1950s Theater Snipes - Intermission, Concessions
OcFdfwUvI4s 1902 Transporting Cut Ice
OcpHWNoftEo 5 Cent, Ice Cream Cone
OdpzQZeCMmg 1930 St Pauls Cathedral Reopens War Scenes
OeGFuwr0mRQ 1960s Desk Soldier Smokes Pipe and Shakes Hands (Silent)
OeGaSBSq9r4 1920s Coney Island Beach
OeGoaGmNOOY CHICAGO, AERIAL - PAN UP FROM LAKE MICHIGAN TO SKYLINE, DX
OeMzm4jrmyU 1940s American Voting Process
OfA3wRU_k0w 1920s Guy Bates Post
Og1_rRIc5kI Christmas; Santa Gives Gifts to Children
OgR-DRSsvEE Los Angeles, Downtown, Skyline, Sunset, Time-Lapse 13
Oh7dIuggQWY Women Tumbling
OhaJj5KzHtE Santa Begins His Christmas Journey
OiQmI3gucAY 1947 Samuel Wood HUAC Testimony (Outtake)
Oig4TdAHg70 CHICAGO, AERIAL, PARK - PAN UP NORTHEAST OVER GRANT PARK
Oj2ONBTjM6o NEW YORK, EMPIRE STATE BUILDING, DUSK, AERIAL
OjE3X_T-dOA 1990s New York City Vehicles at Toll Booth to Enter the Lincoln Tunnel
Ojh2eb6Zq_8 1970s Kodak Commercial
OlUaX1RqIiA 1929 Stock Market Crash
Olzc2sN-hiM Two Men Fight Over Girl
OmHn06-OtFo It Can Be Done (1960) Part 6 of 6
OmoTAWz5mB0 1940s Nurse Takes Patient's Temperature, Looks in Mouth
OoImS_s1XuI 1920s Couple Dances the Rocking Chair
OoU216OXuQY 1940s Baby Slides Down Chute, Waves to Animated Moon
Op-z2CsJI9s 1920s Women in the Jazz Age
OpdvJggCNP4 1970s Maxim Taste Instant Coffee Commercial 2
OpoE9IZy2QY Hamateur Night (1939)
Opwj3YNQNqQ Lone Star Beer TV Commercial
OqNJ_A9tzck 1970s Disco Dancing White Win in Manhattan's New York
OrCH40uUDzc 1950s Malt Shop
Orv2jHv8Ewo 1945 Men's Foot Race Competition
OsIrNQRx87o 1959 Chevrolet TV Commercial
OsOgqBW94LQ What About Juvenile Delinquents (1955) Part 2 of 3
Ot7umyBmtJw Wacky Boxers
OtLf-SfBkXw 1920s India Brahma Sacred Cows
Otop1OqDEiI 1950s Injured Man Being Carried Into Doctors Office Examined
Ou3Q1nCNflU 1960s Hippies, Protest, Parade
OuYhJIqeaOk 1920s Guest Etiquette
OvZ_skjK1GM About Faces (1954)
OwI8YdZpqoI Large Chandelier Falls In Opera House, Crowd Exits in Panic
Owz42GHnHMk The Plow That Broke The Plains (1937) Part 3 of 6
OxQAFfjQRNA New Delhi, India,  Chandhi Chowk, Traffic, Night (3)
Oxd36TMAMBc It Can Be Done (1960) Part 3 of 6
Oxg8Wpj5fE4 1960 Senator Proposes an Alternative to the Landrum-Griffin Act
Oxtv2Aq2s48 1960s Report on The Status of Vietnam War
OyVnJx1BBsY 1940s Congressional Bipartisanship Under President Truman
OyaRR4SXweY 1930s Man Launches Himself from A Cannon
OysajFo0oHw 1930s Dockhands Unloading Cargo From Ships (Silent)
Oz11SuIO_iM 1941 New York City Movie Premiere: A Yank in The R.A.F.
Oz2GNQoIkCw Honky Tonk Fashion
OzIawvnNPTY River of Doubt (1913)(Silent) Part 8 of 8
OzWdnGq5ViI Men Drafting
OzyrVdXta8w 1950s Threat of Takeover by Computers
P-Nn6ICZYbk 1930s San Francisco Spring Festival
P02kbLxRXa0 1930s Gerald L. K. Smith and Charles Coughlin
P0Qhzr7zQEM Seventeen Days (1945) Part 4 of 4
P0T-m_X35gw 1968 Apollo VIII Launch and Lunar View
P177VYKo4J4 1912 Paris Eiffel Tower Parachute Man Leaps (Silent)
P21aF_yerGQ 1962 President Kennedy Observes America's Cup
P266AtpmrAY 1950s English Boat Race (Silent)
P2AoIFDs-LI 1950s Man Walks Up To House
P2U2ZgExvSI 1935 Atlantic City Chief Federal Agent J. Edgar Hoover
P2XdHrFhIoQ 1950s Woman Sprays Insecticide All Over Kitchen
P35cKqHdmKk Long Island, New York, 1970s - Suburbia
P3kWD8Oocio 1950s School. Kids on Playground, Slide, Seesaw, Jungle Jim, Park
P4VGFVPlf3A 1956 My Cake Is Ready
P4tShj0PWe0 1940s Nature's Colors Reproduced in Industry
P517IGsl2XQ 1940s Automobile Parked and Driving 2
P6llG9OnTOs Car Driving Down Residential Street
P7LwCLAr3C0 1935 Packard Commercial Part 3 of 3
P7npw_r_ciE 1918 WWI American Shell Ammunition Dump (Silent)
P8SwgUj4Jeg 1935 Broadway NBC Studios Radio Recording of \
P8nWZAttn9U Girl Leaves School
P98LQ_RxeB0 1950s International Automobile Show (Silent)
P9CF4ehVTFk 1956 Guy Mollet Negotiates Independence with Tunisian Bey, Lamine Bey (Silent)
P9lq4t8_ooQ 1920s Fashion, Swimwear
PAHKrqQhXVc Hall of Wonders (1954) (Silent) Part 2 of 2
PAUWcLM9iYU 1950s Levittown, PA - Architect Design, and Various Shots
PAvH_ltxtfw 1950s Guys in Office Working
PB2evWJmVek Snippet from Garden of Eden (1928) (Silent)
PD94rhuf1wA 1930 Juan De La Cierva is Honored By President Hoover For the Invention of the Autogyro
PDO5oEjTEI0 1930s Cotton Harvesting and Picking and Manufacturing
PDd_FkRVR4g 1941 Battle of Shanghai
PF673GRof_c Pan Am: Grand Tour Part 1 of 3
PFMEKF7FP8o 1930s Hollywood Sights and Studio Back Lot
PFNib7r4iDo Height of the 20s (1925) Part 4 of 5
PF_WYsuLLpA American Montage Part 5 of 6
PFwc9fdf8YA Woman Fixes Hair
PGOgODIOwjc 1940s U.S. Troops World War II Victory Parade (Silent)
PGkSaZqQvjg 1965 Martin Luther King - Selma Civil Rights March
PGy7vxxt1UM 1930s Ringling Bros. and Barnum & Bailey Circus
PHOBKNVzq3M The City (1939) Part 4 of 10
PHTSzDG-2PQ PanAm Wings To Mexico and Central America (1958) Part 5 of 6
PHfCCQ8uVUg 1960s Chicago Peace Rally (Silent)
PHiD4CbSXbQ High Wire Act
PInyY68ShPg Little Girl Loves Pudding - Loop
PK2xfoviBnE 1960s Home Design House Wife Part 6 of 7
PKPCq_4F3UE 1899 New York City Police Parade
PKxFwC5loio 1950s Fashion Models (Silent)
PLW173pD8pc 1961 Indianapolis 500
PM37NuGmU-c 1940s Liberty Bell Ringing
PME4mTjqF1w 1924 NYC Prince of Wales Visits US
PMNMglf8AHM Beijing, China- Night Traffic passing the Tienanmen Gate
PMWcXEnEY10 1950s Beautiful Blonde Has Wardrobe Malfunction on Beach
PMdNWVvk3Bg Kaleidoscope Typewriter Keys
PMgmv_66J7Q 1920s Early Automobiles, Drivers, Pedestrians
PMlKQNpfHyY Newspaper Printing, Headlines, Typing
PNILNo7xmCo Teenagers Partying Alcohol Prevention Ad Pennsylvania LCB
PNbX7247gg8 1915 RMS Lusitania Departs From New York City
PNqzHnBfSc4 Getting There Is Half the Fun Part 7 of 9
PNtH7IvMeDE Emotional Maturity (1952) Part 4 of 5
POzq4u6x5Lc Beijing, China- Along Dong Chang'an Jie
PPihvP_x0Mg 1950s Mr. Butler Discusses Eisenhower's Health
PPqzFcvguGo 1940s NYC Aerials (Silent)
PPxXhY2k3lo Intense Reactions
PQvYXskqttE 1953 John Kennedy and Jackie Bouvier Wedding
PRX1zUPJyls 1950s Translation Computer (Silent)
PS9SjmmgQTs Puerto Rico, Waves of the Atlantic Ocean at the Resort Area of San Juan
PTUlrDR3pSA 1956 Philadelphia Independence Hall Eleanor Roosevelt Commemorates Ben Franklin (Silent)
PUqe0B76vlQ 1920s Nevada Gold Mining Gilbert Brothers
PVH6_qL4CVU 1932 Grand National Steeplechase Horse Race
PVHlM-BVRRc 1960s Ford Mustang
PVKcH2L0byo 1957 Teamster Meeting Jimmy Hoffa Speaks (Silent)
PVqIDM6m_bY Circus: Main Entrance
PX946QpUxUE 1955 Indiana Oil Refinery Explosion
PXDqOCbAYcI FRENCH RIVIERA, 1958
PXrJPproVCY CAT REACTS
PYgo47f_JVs 1940s European Rugby Match Footage
PZ0NSzKm8g8 1935 Ethiopia Italian Families and Hindu Merchants Flee to Djibouti
P_VpoPr-KYI 1900 Ghost (Silent)
P_y09XQyvZA Music In Motion (1954) Part 1 of 5
PaLJzvHqIbY 1920s Luther Burbank Walks in The Garden (Silent)
PaqddQdt8B8 MS 3 (1959) Part 1 of 2
PbIK6lOy5G8 1930s Giant Windmill
PbMnqOdbs6o 1950s Hot Metal Coils on Conveyor Belt
PcSn2tw0RIo The City (1939) Part 6 of 10
Pcd-QqMoljQ 1961 Longwood Gardens Fashion Models
PcwMooa6kdU Chicago Aerial: Docked Sailboats, Soldier Field, Pan North on Skyline
Pd-jHXn2Sgk 1953 Italian Expedition Scales World's Second Highest Mountain. K-2
PdhOL5iMhJk 1950s School Laboratory
PdmSgS9AnQU Castle
PdqQvBQA3Y8 1935 Ethiopian Army Mobilizes Towards Eritrea Border
PeS4D8En6jw 1920s George Eastman Kodak Film
PebJOjwSHbo 1940s Women's Work Is Not for Sissies!
PfrEevk4Ckw 1939 World's Fair New York' Electro'
Pg5su8fGMvM 1950s Ken-L Ration and Ken-L Meal Dog Food TV Commercials
PgIL3ZGkzqw 1900s Silent Film Comedian Louise Fazenda
Pg_Dbv3BC_g American Thrift (1962)
Pgi5E82lpEw 1940s Checkers (Silent)
PgzJrYU7aWU 1920 Homemade Whiskey Stills
PiINi_VewZg 1944 General Eisenhower Strategizes with General Patton in France
PjFNv0bnweU 1957 Dwarf Chases After Car, Waving Arms, Then Gets Upset and Angry!
PjUIBkWSw6Q 1932 Sioux City Milk War (Silent)
Pkvuqfs99qs 1960s Road Workers Suspended on Mountain in China (Silent)
Pkxl7oD42E4 New Jersey (1957) Part 2 of 7
PldZ9tpqeUQ 1925 London
Plr8VPshdck 1956 Ford Customline Victoria TV Commercial
PmVpXh9k618 1960s Picnic / Community Pool / Family Fun
PmxR_rF7f88 The Light in Shadows
PoM-FRtgtTo 1973 Hollywood Linda Lovelace Notorious 'Deep Throat' Actress
PpdPhXRWs2s 1920s Flapper Women Modeling Latest Inventions
PqMy2RmNIL8 1940s United States Jets and Rockets (Silent)
Pr4uNjHHPYs Terrible Driver
PrszSrWc0SA 1950s Cranes Lowered I Beam
PrzB6AZGPx4 1920 America Cup Sailboat Race
Ps3p4ZjUYbE Women Working in Factory
Pt1JCIEA9tU 1970s Tire Salesmen
Pt5LeKAi9es 1910s Volunteer Firemen of America Host Parade Before Convention
PtUIVVfaV3w Gorilla and Dinosaur
Ptb3MbeBc6A This is B'nai B'rith Part 3 of 6
Pte2zm98ZWg 1940s USA Workers Punching Time Clock
PtqxI2G-yqE 1950s Butchers Pushing Hanging Cow Carcasses
PuJmPhooCAw 1960s Soviet Military Parade
PuP0NpLPmBc Remington Rollershave TV Commercial (German)
PufkQWtcQ1U Tools of Telephony (1958)
PvOCGTrFeTI 1920s Flapper Fashion
Pw6YxQ9MjPw 1920s Large Pack of Kids Chase Puppies
PxdHOQ5lmVo 1950s Chevy 4 Wheel Drive Vehicle
PxiEuKYugdw New Jersey (1957) Part 6 of 7
Pxkk_2d-eKE 1950s Midget Riding in Car with Invisible Driver
PxrLPhQZQOo Silent Comedy Short featuring Bobby Dunn (1924)
PyOAvXwWt8I 1890s, 1900s, 1920s Women Fashion: Swimwear and Bathing Suits
PzhDAUbjTzg 1950s European Football / Soccer Match, with Slow-Motion Goal
Q03Lreioxok 1950s Street Market. Police Direct Traffic / Vintage Cars City
Q1TCpJsu5XA 1920s Luna Park Coney Island Water Fountain Waterfall
Q2qgT6UF5LQ 1936 Hollywood: Gloria Swanson Crawford Hand out Trophies
Q3gAINqGKss 1960s Taxi Cars Only Car Driving
Q3hiUPwNwOk 1940s Family Breakfast
Q3tYsh7JxuY Your Neighbors (1952) Part 1 of 2
Q4SjdHavzZE 1950s Family Loads Luggage in Open Trunk
Q4V4qhWoNRU 1950s Kodak Cavalcade Slide Projector TV Commercial
Q5utVe6nW8c 1940s Russian Troops Shoot Down Nazi Fighter Plane
Q7FIH_B4jL0 1930 MS Holtheim Freighter | Accident | Man Into Ambulance (Silent)
Q8JOLiuDwoI 1930s Loew's State Theatre Marquees
Q9CpirxJnvc 1950s Newspaper Spin
Q9W9R-xGRtY 1930s Great Depression, Riots, Communists,  President FDR Speech New Deal Program
Q9q8ZMvwGQI 1966 Phù Cát Air Base Construction
Q9x2l6G4aNI 1940s Labor Women in Bottling Facility
Q9ywOvE2J2g PanAm Wings To Mexico and Central America (1958) Part 4 of 6
QA4lzriS9RI NATO (1953) Part 2 of 2
QAD78i1e-Hs 1910s Women's Hat Fashion
QA_mPHzvNPo 6th Chair (1950) Part 2 of 4
QB7TprKfejA 1960s Election Night Going Trans World Airlines
QBMxXZ01IFI 1940s Attorney Charles A. Roxborough is Promoted to Public Administrator by Governor Kelly
QBj-BrMPrt4 1948 Carolinas AAU Boxing Finals
QBnGFB7h2ic Bikini Dancers Poolside, in Pool, Jungle Theme Dancers
QCAN-zzmIgY 1945 Army Navy Screen Magazine No 53 Part 1 of 6
QD2zkRCCENM 1970s The Case Against Rubella
QDMmmz3T0Jc NEW YORK, BROOKLYN BRIDGE, DAY, AERIAL
QDw4EnsfqUM New York, Traffic
QE3niXBqslI 1937 Works Progress Administration Parade
QE856vSHdyY 1945 Bay of Biscay General Franco Returns Home Spain
QEPT0bnn_To TV Commercial: Mad Lab
QEcvhk3Q6II 1940s Boeing B-17 Flying Fortress Gets First Army Test
QEeF_VnzHu4 1960s Secretary of Defense McNamara Speaks about Vietnam
QElE_cRUwTg NEW YORK, MANHATTAN, NIGHT, AERIAL
QEliG5GsnI0 1940s Man Says \
QF9fk3d074E 1960s Computer Panel Buttons & Lights
QFa7g7ZDA-s 1927 Lindbergh Returns and is Greeted by President Coolidge
QG06l_hVriI 1940s Teen Couple
QG2YBZ_27K0 The Title is One Part 4 of 7
QGL09jYum0o 1935 Washington D.C. President Roosevelt Signs the New Constitution for the Philippines
QGvI7BLOgqM Water Repellent Fabric
QH5fQ6UX4YM 1950 Air Raid Practice
QHOqQVaMaQQ Fully Stocked Refrigerator
QHbP9sv1F6k MISCHIEVOUS MAN WINKS AT CAMERA
QI0gnCS4Msg Time - Calendar Changing #1
QIXRZ_gHKbI 1957 Rome Pope Pius XII Addresses Crowd (Silent)
QIapTkqgZrY 1930 Frank Wykoff Sets New World Record in the 100 Yard Dash
QJAspCuNQME 1938 King George VI and Queen Mother Visit France (Silent)
QJjLYK6zL7M 1960s Steel Manufacturing Factory
QKHJCRB9i7w 1939 Banff King George VI & Queen Elizabeth Royal Tour of Canada
QKVasrHfWL4 1910s WWI Submarine Combat (Silent)
QLTYz97fHP8 1910s Lord Baden Powell Reviews Boy Scouts in London
QLiSLf9h_5o 1940s Troops Disembark Train, March onto Base
QNGH-yqsPkI 1950 Ruth Hussey Gets Honorary Degree From Brown University
QNS7lezrBn4 1950s Dairy Farm and Cows
QNxaMGL1W5w 1960s Several Men and Women Exit the Courtroom (Silent)
QNxp63WCAyc Theodore Roosevelt with Narration from American Journalist Mike Wallace
QOKRHKGbfMA 1940s Woman Turns On Lamp
QOUgtPRf_aM 1940s Automobiles
QP2ncmU45mc 1937 America's Cup
QPVZpRauOs8 Fighter Jet Combat Aerials 55
QPneHyUP2ks 1939 English Prime Minister Chamberlain Famous Speech Regarding Germany
QQHKuszSj0o 1950s Blizzard in a U.S. City (Silent)
QQIfkfKwzlA DOG FEET SOCKS
QQOQUAyCRkY It Takes Two To Make a Champ (1938) Part 3 of 4
QR3Js4zkW2s 1935 Taxi Drivers Self Defense
QR6WU_nWzD0 1961 Vice President Lyndon B. Johnson Visits Saigon
QRDFq4l1OyA 1920s Lovers Frolicking
QRVcsQ_H9io A Manner of Speaking (1959) Part 8 of 8
QRgDF_JhrKU 1930s Paddle Bike
QSjVR5m94fs 1953 Indianapolis 500
QT-Oscd3Yq8 A Family Portrait (1947) Part 6 of 7
QT_z7apXC-E 1960s Detroit Mailmen (Silent)
QTmJOnOaN5w CHICAGO, AERIAL - LONG SHOT OF SKYLINE FROM SOUTHSIDE
QUXhsjyEfeM Give and Take (1957)
QUcJ7q2ev6c 1940s Teens at Fair
QUurpASQ5js 1937 Chicago President Roosevelt's Addresses to Farmers
QUvobVn3dbY 1958 Premiere of \
QVzWb1yaNyc 1913 Sidney Smith Cartoonist Creator of \
QWDaOgHZEaE 1940s Cheerleaders Practicing
QWHpw4YY0f4 1950s Gossip Girls Runaway from Other Girls
QWTTG91LSJE 1930s All American Football Highlights/ 1939 Sugar Bowl
QWU4aIR2kWU 1950s Ostrich Riding Vintage
QX9J9sCFsqo Children in a Classroom
QYRqzZlE-hc 1942 United States Army War College Demonstrates Putting Out Incendiary Bombs
QZGA3cbT4vI 1945 Couple Walking Down Scenic Country Road to Lake
QZZLvmJTQPk 1950s Teenage Girl Laying on Floor Eating Sandwich Dials Telephone
QZt_DpO9PxM 1941 British Invade Iraq for Oil World War Two
Q_R-WuU9B_g Passengers in Plane
Q_iG6JaGUUM 1930s Mirror Trick, Identical Twins
Q_owGxwp7cs Career Day Part 1 of 5
Qa-kwB_lzj4 1960s Civil Rights Protestors Sing in a Church
QaYLYG7GGWs 1930s Former Slaves Talks About Their Childhood
QajSHGWiVOA The Color of Health (1960s) Part 2 of 3
QbICLv8D8YU 1950s Scientist Adjusts Electron Microscope
QbOFalr3les It's Carving Time - 1940s Thanksgiving
QbYFAKp1C5Y 1930s Life and Death of an John Dillinger
QbsHMmmUCMk 1941 Ford Coupe Super Edition Pulling Up
Qcis06QbVGM The White Outlaw (1929) Part 3 of 4
QcrAE-j9HNs 1930s Great Depression, Dust Bowl, Farmers
Qd5m-xSykR0 1930s Alaska
QdNg9-73fHA 1928 Hollywood John Gilbert
QdXUwEvGQgs 1960s Las Vegas Strip
Qe-JbldDuiQ Downy Fabric Softener TV Commercial
Qe9ZQCkW8Jo 1970s Automobile Manufacturing - Assembly Line
QeAkblW5wWs 1967 England Donald Campbell Crashed Bluebird K7 Hydroplane
QeE0NspymGI Human Targets, Woman and Horse Diving Stunt
QeUKmwZCR4M 1980s Airport Aerials, Inside Operations
Qer5nlBj99A 1940s Large Building Demolition, w/ TNT Plunger Detonator
Qf4A8l1TJKc 1940s Boy Scouts Demonstrating Flag Signaling
Qfpr1ETJ8Nw 1919 Curtiss NC-4 Transatlantic Flight and 1939 Anniversary Flight
Qgcqd44_cSc 1960s Man Stretches with Hula Hoop
Qgit_91po9w 1944 Soviet Red Army Recaptures and Liberates Ternopil (Russian)
QhtUq1KlksU 1934 Sophie Tucker Performs \
Qi5q4ZJhcTE 1950s American Landscape. Car Parked Along Desert Scene
QijChkN1Xzc The City (1939) Part 3 of 10
QipugmI9M14 Mr. Clean Dish Soap TV Commercial
QjL-ZNGttZI 1930s Woman Cracks Eggs, Chicks Emerge
QkHzyPizNVg Kaleidoscope Spotted Horse, Odd
QkS8yLkGTwg Sucesos Peruanos (1960s) Part 2 of 2
QktKt8srB9M Men Throw Slot Machines Into River
QlPKSq4VBEY 1940s Automatic Tea Dispenser
QlWZ41uRkLA 1930s USS Constitution Passes Through Panama Canal
QlaMuZIkLis New York, 42nd Street
QmBMSAokBQg Bartender Pours a Beer
QmFxyYYK3HE 1956 Spain Expats Return Home After Being Trapped in the S.U.
QmUKzOGmhuw 1950s Activist on a Hunger Strike is Interviewed
Qn6h8hgmtqQ 1935 Howard Hughes Test Flight of the H-1 Racer
QnV2mLK_qfQ 1940s Life  as a U.S. Soldier in World War II (Silent)
Qo8XB7ri6lw Students in a Classroom
QodlJo_pD0M 1948 French Coal Strike
QpTQlR9yagU 1960s Car Speedometer Going Faster / POV Driving
Qp_tXJkMbVM 1950s Fishermen, St. Paul's Fiesta
QpsoDDGAYe8 1923 Henry Dixon Cowell Plays Piano Strings
Qrv1IkC4fTc 1950s South Africa Johannesburg and Cape Town
QsAvN8haB-g 1971 Chevy Impala Driven by Woman
QsGDzjcBD5I 1969 Philadelphia High School
QsWjRIQ_ufQ CHICAGO, AERIALS, DUSK, LOOKING WEST
QtMNjzChwOE 1930s American Landscapes and the Steam Engines
Qtdlj_DjTMY Man Slaps Woman, Gets Shot
QtrMHTLBI7Y Age 13 (1955) Part 1 of 6
Quj9YjG7_J8 1980s Roller Skaters Dance as Group
QvYzDwrDPBs 1930s Bebe Daniels and Ben Lyons Arrive in Detroit
Qvsv1Ut-nAg 1920s Chinese Economic Collapse
QwIi0C_oMs8 Treasure Islands (1955) 8 of 8
QwJudJYbmrc The Land (1942) Part 9 of 10
QwSFGNwBDAQ 1959 Pontiac Performance
QwoX_9yAxvg 1968 Summer Olympics Mexico George Foreman vs Jonas Cepulis
Qx-DDon7hgA 1932 World Series Game 3 and 4 : Cubs Vs Yankees (Silent)
QxjxbN438Kw 1970s Children Getting Vaccinations & Inoculations
QxxpDcKe7Rk 1955 Miss World Pageant Susana Duijm Wins (Silent)
Qy9Y_LTMMlA 1950s Vacation. Family on Home Porch W/ Luggage. Boy on Tricycle
QyAC_sTLjTE 1910s All Girl New England High School Gets Out
Qyjp5dQMVMI 1968 Chevrolet Lorne Green on Bonanza Set
QytrkEBG5Sg 1950s Dad Relaxes Reading Newspaper. Mom Sewing on Floor / Family
QzGk_zkWYqA 1930 Boston Concert Singer Madame Helen Alberti Tries To Fly
R-9z1VvaYlU Students at Lockers
R0lG6LgGvKw 1950s Electric Plant Rochester, NY
R0mU8zCOFlM Are You Popular (1947)
R0sWMlJ4qYE 1950s Beauty Contestants (Silent)
R19PG-mVv58 Plane Flying Towards Horizon - Vapor Trails
R1mmAR15wjs 1940s Parade, Soldiers, Flags, Crowds
R2WosrLQ6D4 1940S GROUP OF GUYS
R2eIVQCVbzI 1956 United Nations Troops Maintain Peace in Suez
R2ou4gXmaAc 1950s Pamphlet Circles in Red
R42U0RCEnUE Flying Upside Down
R4qdpZRqSN4 1950s Women Exercising
R51REX0J2iM 1960s Man with Pontoon Shoes Walks Across Ocean
R52uk2RVtqw 1966 Chevy Impala Super Sport Drag Race
R5UlnEfcOjQ This is Our Town
R5tvy7C7e9U 1950s Teens Meet for A Date
R6Va86njsZA Switchboard Operator
R6upqSFK9AA Sylvania TV Seabreeze Cruise (1956) Part 7 of 8
R7FE8Sw8yq8 1940s Man Eats Light Bulb, Tacks, Razors
R7RPJhGJfEg 1934 FBI Agents Kill Gangsters Pretty Boy Floyd and Baby Face Nelson
R7iqO5VpvSU 1930s Daredevil Motorcycle Crashes
R7jNHXJnndA 1920s House Collapses Gag W/ Stan Laurel
R8EqJQvAORQ 1941 Harry Hopkins and Stafford Cripps Visits Moscow (Russian)
R8PADbbp0bQ 1930s Life in Los Angeles
R8Tf1iyFTro 1932 New Orleans Vs Springfield in American Legion World Series (Silent)
R8cxKxaEKlM 1920s Man Runs From a Mob
R8qKPkx1EfM 1920s Golf Game
R95vwbdTs6Y 1950s Man Gazes Down Pipes
R99E89AwJfE 1910s Wedding Fashion
RA1wQYMAms0 1934 The Duke of Kent Marries Princess Marina of Greece and Denmark
RCAQdje9yVc 1920s Charleston Contest
RCHfbJshdUc 1910s Couples in Love
RCpo_UtWm-Q Hand Plants Corn Tasting Eat Corn in Field & Kitchen
RE1ccC37-JQ An Answer (1962) Part 6 of 7
REEUqBgFkZw 1960s Casino
RFh2UA3deEs Colorful Patterns
RFyzRPhblPo 1902 Cutting Ice
RG31OgzbL94 1939 Eleanor Roosevelt Addresses the Press
RGKzL7RGGUE 1956 Henry Cabot Lodge Jr. Addresses the United Nations Security Council Meeting on the Suez Crisis
RGYJJe5ppHM 1890s Celebrities
RHbqpQHnoPc 1936 Presidential Election Times Square
RHxppTX_suc 1950s Doctors Doing Laboratory Research, Nurses Doing Clerical Work
RIj2WuI3oXM 1960s Helicopter Crews Get Briefed and Board Helicopters In Vietnam
RIptZ1E1Qz4 Aluminum On the March (1956) Part 5 of 7
RIvrZL2hfZE 1950s Race Car Crash
RJV_sTnSlTk 1950 Girl Plays Violin While Teacher Suffers
RKc0Uzreqik International Moves The Browns To Sterling Street (1941) Part 6 of 6
RKiC1RsOT-Q Airplane Flying at Sunrise - Vapor Trails
RKrnVU2-IRc 1960s Women on Video Telephone
RLBEw6VMfo0 1920s College Life and Golfing (Silent)
RLtxhHbwhfE 1956 NFL Game: Redskins Beat Giants 33-7
RMF62uQGBjE 1934 60th Kentucky Derby
RMlWGVV-GZo Puerto Rico, Sentry Box of Castillo San Filipe Del Morro
RMp1z_S9lNQ Meet Me Down At Coney Isle (1930)
RNY84xM916g A Tribute to Mother (1940s)
RNdVVFphBjM Car Comes Apart in Pieces
RNmsPdflzLA Maxim Coffee TV Commercial
ROpY9uOqnqg 1960s Driving into Las Vegas at Night
RP9i2sCqLcU Right or Wrong? Making Moral Decisions (1951) Part 2 of 3
RPs9FOeAPdE 1956 President Eisenhower Returns to White House and Condemns the Suez Canal Invasion
RQaT2sBGJyM 1960s Fashions for Spring
RQauZuLg8pk 1920s Motorboat Race (Silent)
RRCYjZVT-Y0 1951 British House of Commons is Restored After Being Destroyed by German Bombings
RRQmfdX_SPQ 1930s King Carol of Roumania
RSNXg_7BvQk 1936 Japan Practice Air Raid Drills
RSVoolROEbU 1949 President Eisenhower Attends Graduation Exercises at Columbia University
RSpU_iPWksc 1965 NYC Arrests Outside Cafe Wha? in Greenwich Village (Silent)
RSucngT3mew 1960s Computer - Punch Card Sorter
RTYjipomKMQ Shocked Reaction
RUBmZ0oHANc Career Day Part 3 of 5
RUPvz34tfRc Italian-Americans (1967) (Italian)
RUWyIWoMDrc 1934 Christmas Italy Motorist Give Presents To Traffic Cop
RUYuPvXFtDE 1934 Camp Kids and The WPA
RVnE6bzcogU 1950s Zoo Animals: Camel, Zebra, Elephants, Turtles, Leopard, Gorilla
RW63H759o3s 1948 Vicks Vatronol Nose Drops Commercial
RWDX4lnC7j8 Time-Lapse Lily Opening
RWF7I6rb2Zs Moon Space
RX1u4RvDuXU Coast to Coast in 48 Hours (1928) Part 1 of 2
RXvkg_9XEcM History of the Olympics Part 2 of 6
RY1i8gVdVHA 1935 Brussels Funeral of Belgian Queen Astrid
RY2ZnX2d5ow 1950s DeVry Technical Institute Lecture on Electrical Currents
RYDkE2kfUiA Man Checks on Sleeping Lover
RYjIx4wJ60w 1930s Man Hula Hoop
RYmPTlUWPfc 1957 Dwarf Enjoys Motorized Car Seats, Windows, Antenna in 1957 Chevy Bel Air
RZWdU_UYMVc Living in New York (1962) Part 1 of 3
R_HRWGWr8YQ 1920s Hollywood Harry Myers
R_hibEgwgeY 1936 Sports. Thames River - Rowing Oxford vs Cambridge
RaInSagt2mI 1950s Demolition Derby
RaVc5CIVpUc Ivory Soap TV Commercial
Rau-B63wspU 1964 Presidential Campaigns Barry Goldwater and LBJ
Rb8WSk1DNzo 1918 Ernestine Schumann-Heink Performs for WWI Veterans in Palo Alto
RbsZ6G9vaZo 1966 Chevy Impact Drag Race
Rc1E3bs54is Salsa Dancers
RcFle8e5R1A Illegal Gambling
RclH-Gkm0mg Floating Along the River
RcnIp2MWsp0 Treasure Islands (1955) 7 of 8
RdHfoSStgWc American Family Watching Television
RdVs82ZfbYw 1950s Broiler Chicken Feed Operation
RdW1Iwc2wIM 1930-40s Compilation of Film Leaders with Voice
RdpjiwiZ-DM 1946 Newspaper Kill that Story
Re_v31txpCk 1940s Tom Haywood's Kicking Machine
RemWih14Qdo 1940s Men Play Automobile Polo! Cars Wreck
ReuZNwvRy7I 1939 Will Rogers Hosts Political Event
RexJqbNWa_E 1940s Man Smoking A Pipe And Listening To A Record
RfWitRgYdXU African Drumming and Dancing. Worlds Fair
Rfqh_mKyCu8 Baby Newborn
RhkSz2psQrc 1950s Gulf of Mexico Scouting for Oil Deposits
Ri8Tyavw2xU 1950s Oven Timer
RiQwxNCw-IQ 1960s Couple Laughing (Silent)
RiV0zAIiFI4 1948 Americans Airdrop Supplies During Berlin Blockade
RiWtsHK_ims 1900 Watermelon Contest
Rj5MNMpJUuA 1950s Fisherman on the Dock
RjuF3w6Gmls 1930s President Roosevelt Throws out First Pitch
RlI6TN1_bLU Factory Workers
RlKuIQJYyBw Radiological Defense (1961) Part 5 of 7
Rlb-gQJMBhA 1950s Medical Office Procedures
RmCLl5GovEE 1930s Great Depression, Destitute Men
RmHqBxvbRh0 1956 Fire Truck Firemen running with stretcher
Rm_Ci_ZP8aI 1930s Naples Mount Vesuvius Erupts
RnB3MNA49_I 1938 National Amateur Athletic Union Meet
RnjnJ-8_h7o 1956 Better Get Her Into the Kitchen
RoFZ-zXgSuY 1950s U.S. Capitol Building (Silent)
RoMstuJ5HRE 1950s Industrial Advances in American Cities
RpuXLnQc0Bk RCA Space Exploration TV Commercial
RrPmOXeFWgw Roman Man Slaps Woman
RraCW1Zmqko 1901 Pan American Exposition Esquimaux Village (Silent)
RsBEJxJ9un8 1950s Bridal and Lingerie Fashion Show
RsIXUc3eO5Q The Universe And Other Things Part 6 of 6
RsczKETQPGI 1930 Bear Cubs
RtaOPVdwQsI 1904 Construction of the Panama Canal
RtbcKpTNSSc 1920s Bathing Suits
Ru0jkligX4A Prohibition Night Clubs/ Dancing
RuG4tpdf35w GIRLS WITH HUGE SUNGLASSES 1940S
Rv8aUwpjmGk History of the Olympics Part 3 of 6
RwIGs-eenkk 1939 Long Island Pan Am \
RwVZcGiTmgk Men's Formal Wear
RwoHjAzRvzw 1950s Drive-in Theater Snipe - Franklin Park Drive-In, Ohio
RwsNFrnf2fw 1955 Fashion, Evening Wear, Beatniks
RyA0Kcvh1kk Fashion Horizons with Mary Martin Pt 1
Rz-HNGKdfpQ Puerto Rico, Isabela Beach, North West Side
Rz-XdtOeCJs 1941 World Series New York Yankees vs. Brooklyn Dodgers
Rz7TpLkMjt8 Silent Film Stars Charlie Chaplin Theda Bara, Harold Lloyd
RzzropCU-ZM 1980s In-Flight Jet Coming up To New York Skyline
S-r7PzjoJYM 1940s Hollywood Studio
S0PPE-FOLEA 1937 Clyde Pangborn Takes Off the \
S1Dw6-FmPV0 1930s Ford Automobile Manufacturing
S282FeBVuiw 1950s Championship Baton Twirling & Award Ceremony
S2bOWqBbru4 CHICAGO, AERIAL, NIGHT
S2g5bfdjYto 1956 World Series Game 5 Yankees Beats Dodgers 2-0
S3P_SPdS7nk 1934 Henry Ford Says Great Depression Is Over Will Produce 1M Cars
S3SiwmuDByc Home Is What You Make It (1969) Part 2 of 4
S46Q4c9B1r8 1950s Businessmen Meeting in Modern Office - Pipes and Bow Ties!
S4PDyaytIyQ 1950s Driver's Foot Depresses Clutch
S4lxRjlvS90 Western Bell Promo (1970s) Part 3 of 3
S4wRMVdpMaU 1960s Science: Micro-Photography Lab. Normal & Non Cell Division
S51x0Dunls4 1950s House of Lauritz Melchior (Silent)
S5ccs7tiDe0 1927 Newsboys
S5dW0D0kt3s 1950s High School Baseball Game
S6JTNf7Vaqs 1930s Flagpole Sitting, Stunt
S6PcQ57vd9o 1936 England. Horse Cavalry. Camouflaged Jeeps. Bounce
S7ZRIEk7i10 Same Old Story (1941)
S7aPRXGmLDs The Story of Oats and Oatmeal - Part 3
S7ap6u5PnvU \
S7lCmxGn5KA Newspaper Reporters, Printing
S7oV_C5F3_c 1940s Labor Man with Fish Net and Man with Table of Fish
S7qvSb0zg4M 1950s Couple Watches TV
S84Bp48Q5kg 1940s Teenage Girls
S8DL-CvWc34 1936 Women's Fashion
S8M83FbsN9s 1950s Oil Drilling Rig in Ocean
S8U5qK_4TmM 1953 NYC Thunder Bay Movie Premiere at Loew's State Theater
S9KX5iEz6rg 1956 Josip Broz Tito Visits Moscow, West Point Graduation Hats in Air
S9Wj7ptMPRY 1928 Failed Attempt at Flying Across the Atlantic
S9_zN61KjsM 1960s Philco Town and Country Television Set TV Commercial
S9lppS4Drko 1956 London General Glubb Goes to Buckingham Palace to be Knighted
SAK5F5HF5EM 1923 Avant-Garde Composer Henry Cowell Plays Piano
SAbJ04XZ9co 1964 The Beatles Receive Variety Club Award
SAsKgX_FYhw 1935 Women Hairstyles
SB4SNULUYSw Ken-L Ration Burger Dog Food TV Commercial
SBKKkYv6MUQ 1970s Pickup Truck Moves Along Dusty Dirt Road in New Mexico
SBiucVyudIs 1970s Peace Signs And Currency Symbols On White Background
SC6IowaxA90 1950s Kansas City Airport Prop Passenger Planes and Passengers (Silent)
SCnpN9KlrXA Poolside Bikini GO-GO, Modern Formal Dance
SCw190YYleg Young Trapeze Artists Practice
SDAci8hRwDM 1950s Statue of Liberty
SDC9xKdeXm0 1950s Sports (Silent)
SE5_fV5ADcY 1922 Willie Spencer Wins 6 Day Bicycle Race & Bicycle Sprint
SEgqPagBmiY Hearing Better: Healthy Ears (1950) Part 1 of 4
SF9Uzuu-2fk 1950s Doctor
SFLxOXPWBIc 1930s Funny Deadpan 'You Be Quiet Now We Gonna Make Sound Pictures'
SFMhkN7Lazw Color Film Leader 17 in Color | Countdown | Woman
SFNBUkAl0sY 1930s Jitterbug Jazz Dancing
SFOnbPm8Nv4 1941 U. S. Joins World War II Americans Registering For Service
SGFb6CxQaK8 Telephone Operators
SGUHCiP9viQ Beijing, China- Over the Rooftops of the Palace Museum
SGb__5exFt4 Students in Classroom
SGm4Oqq6LbM 1950 College Football: S.M.U. Mustangs Vs Ohio State Buckeyes 32-27
SGsytSwt2QQ 1956 Austrian Skier Toni Sailer Is Welcomed Back Home With a Parade
SHObhQ4zYvM 1928 Irish Tenor, John McCormack
SHSbUcYDEAE Car Hit by Train
SI7wB1vcVAA 1920s Harlem's Black Magic African Voodoo
SIG-5glMbds 1949 West Germany Konrad Adenauer And Theodor Heuss
SIYhhW5wyP8 1930s Man Uses Bat Wings to Attempt Flight
SInZ_UB-k_M 1920s Man Lights Cigarette
SIx68G5TBzg Patty Bird (1952) Part 3 of 3
SJ8d1RVIwNo A Safe Day (1939) Part 1 of 2
SJjq9Z4jYJ0 1912 The Titanic Departing, Disaster Headlines, And Carpathia Rescue
SJuaaYPGbTk 1900s African American Graduates From Historically Black Colleges
SKWI5lJ_nU0 1940s Savings Bonds PSA With Bing Crosby
SKcVUPWwu_Q Film Leader 9
SLFmZB8SVMo Disco Ball
SLG7NVeqMdU 1950s Texas Ranchers Discuss the Poor Conditions of Environment for the Cattle (Silent)
SLeFF4DobtI Fighter Jet Combat Aerials 41
SMP34MsJ3G4 Cotton, Dixie's Greatest Crop Part 2 of 2 (1920) (Silent)
SMfzs8yF63A Women Use Bizarre Exercise Machines
SMqnsxTCGnc Fit for a King (1937) Part 3 of 7
SNBtUicsf9M Yankee Consul (1924) Part 3 of 3
SNC24bWzlBw 1940s Woman Reading Magazine (Silent)
SNVw-WwYaPE 1950s Public Education in the United States
SNpbvadTQCs 1960s Beech-Nut 5 Mint Gum TV Commercial
SNw1HJjlcaw Fashionable Women by the Pool
SO-wKnmqhC4 1920s Bathing Beauty Parade
SOAzuKwL3JY Man and Flight (1956) Part 2 of 2
SOS80_RxNI8 Children Attacked by Weird Dancing Aliens
SOX1zzz2XHs 1950s Boy Stocking Shelves in Grocery Store
SO_nQozIjtA 1940s Ford Interior| Men | Women Passengers Admiring |Testing
SPHfxlghOMQ 1935 Boxer Primo Carnera Training
SPVDyk4zGJA 1920s Early Metal Detector Used For Finding Silver and Gold
SPbegk0VfJA 1956 Washington D.C. Protests Over the Hungary Revolution
SQPd2FI-VfU 1932 Great Depression Many Jobless Go Back to Work (Silent)
SRR1EsYtFVg 1970s Sporty Autos by Plymouth in Scenic Settings
SRfYnBYgiiE 1930s Casino Roulette
SRxMYD-8RhM 1950s Kodak Brownie 8 Movie Camera TV Commercial
ST6btQ8qJts Floods, Lightning, Fire, Natural Disasters
SVSgfE5YziQ 1956 U.N. Charles Malik Pleads for Formal Reassurance of Lebanese Independence
SVfJmoRFab4 Players Tobacco TV Commercial
SWq2jZD3pfw Spot News Part 2 of 2
SXBpUGJJ6_0 1965 Los Angeles Watts Riots
SXgPFc1O4gI 1940s Teen Party
SYxFugzj_oo Commercial for Laundry Detergent House Husband
SZA5CL9GTdg Dancing Girls with Parasols . Outdoors Chorus Line W/band
SZGIzMMZFcU 1960s Doc Satchel Speaks at Black Panther Rally
SZbNzJj4Puk 1940s Reverend Charles Hill Gets Elected into Detroit City Council
SZbxwkUcdPA 1960s Reno at Night
S_dTXJaQF_0 Newspaper Printing, Headlines
Sa9I0EE3QJ4 1960 John F. Kennedy Presidential Campaign
SaJX3mJFTgw 1936 Santa Anita Handicap Top Row Wins (Silent)
SampGLO8JWE 1930s Women Dining, Eat Forks, Plates
SaxLIbaD3NQ Film Leader 5
Sb2vpJruRrM 1960s Astronaut In G-Force Training
Sb3hTL00Pv4 1914 Women's Hat Fashion
SbDZfbchb1I 1960s Black Panther Rally - \
SbKPuGwiscQ 1940s Drive-in Movie (Silent)
ScERTXCDXYg 1936 Chicago Semi-Final Olympics Track and Field Jesse Owens
ScEwjFailZ8 1940s Ford Automobile at Roundabout
Scf7mMSnOEc 1935 King George V Siver Jubilee
Scsj8pML0q0 1939 The Cathedral of St. John
Sd79UigP8RM Carnival
SdIbSMeH3E4 1950s Engineering and Architecture in Domed Building
Sdzz-OKgJyM 1920s Daredevils
SeIxZ7xUEp4 This Moving World (1937) Part 1 of 4
SeoX9n2yTqg 1950s Bell Science DNA Mutation Research Laboratory
SeutoRpKRM8 Woman Trying On Hats in Shop - 1914
SfRlnuxlLI4 Chicago Aerial: Navy Pier, Looking West on Skyline
SfxkFJrNm1g 1900s Vintage Silent Slapstick - Car Crashes and Runaway Cars
SgPt0d6VCkk 1930s America's Cup Part 1 of 3
ShcBa-HiCRo 1933 Japanese Aerial Bombings Force Chinese to Evacuate
Sis2Q0J08fY 1930s People Getting in and out of Automobiles
SjVcwkcBSz8 1971 Chevy Pick Up Truck Pulling Load of Trucks
SjW7QOKDQZg 1990s New York City Commuter Montage: Expressway, Subway, City Scenes
SjYHr-fEMOQ 1968 VW Beetle Driving on the Los Angeles Freeway
SjyXt1GkVww Fireworks
SkMY3dsCmQ8 1960s Breck Creme Rinse TV Commercial
SkTW54eXtNg Skyline New York (1955) Part 4 of 6
SkU1z3u5U6g 1964 Civil Rights LBJ Signs Civil Rights Bill Gives Martin Luther King Pen
SkcJRY2wguw Sani Flush TV Commercial
SlSyMrCzbA0 American Revolution Reenacted War Scenes
Sla0kf9nG_A Transistors (1959) Part 1 of 3
Sn569xJDPq0 1940s Car Manufacturing, Auto Industry, Coal Mining Labor
Sn8dG5Ubf6U 1967 Oldsmobile 98 Station Wagon Commercial
SnfbNceo408 1950s Men Cruising Around on a Boat (Silent)
So6Hf5hqNiU 1918 WWI General Pershing Decorates Soldier on Battlefield (Silent)
SoTcKfsSj_U 1932 Los Angeles Olympics Highlights
SowaloWZ9sE 1958 Brussel's World Fair
SpJLqMLK7-Q 1937 Mummers Day Parade Philadelphia (Silent)
SpMpkgNbiQQ 1954 Postmaster General Arthur Summerfield Hopes to Increase Postal Rates
SpaenuNly8g 1950s Chevrolet Corvair - Parking Meter W/ Time Expired
SpcVj4-bzhU 1950s Senator Hubert Humphrey
SpkIduZsW-w 1929 Anita Page
SpmSkZ4sH94 1935 Cities and Towns During the Dust Bowl
SpsB3QHdnjk 1950s Steno Pool. Secretaries Typing. Writing. Computers Punch Cards
SqJlz6pWtzo 1950s France Bicycle Race
SqRPo5Wx4xk 1960s Driving Example: Car Pulls Out In Front Of Other Car
SqWXZV2iOhs Why Viet-Nam (1967) Part 1 of 7
SqyTZoQ1awY 1970s Exercise Facility, Disco Dancing, Club Lights
SrSni6MZKwA 1929 Wall St Crash
SrbNqecKufY 1940s Electric Fan (Silent)
SreOBwgWCpo 1920s Silent Comedy Film Starring Snub Pollard
SrlaDJ8Yj_A A Letter to Linda (1950) Part 3 of 3
Srv60AT71BI Rolaids TV Commercial
SsWfduNo-Dw Beijing China- Guomao Qiao Intersection
Sshn1K3JWks 1956 Hungarian Refugees Arrive in New Jersey
SsqE23_jZv0 1966 U.S. Midterm Elections Senator Charles Percy and Governor Reagan
St4W3RBK1Wo 1950s Dr. James Van Allen Interviewed
StyXJAYkXpY 1901 Pan American Exposition Canals (Silent)
SuDzzo8dWxM 1914 World War I German Army Marching and Cavalry
SuVVtMn9flM Bang & Olufsen Beosystem 2400 Commercial- Stereo System
Sv73wrp3VG0 1970s G.I. Joe Commercial
SvM2WMm3RcU 1940s Futuristic Cars, Video Telephones, Kitchens
Svdf0Z2j7Uw 1941 General Douglas MacArthur Singapore
SvkfbKU0Dcc Pan Am: Wings to France Part 1 of 2
SvmNdWiWpIA 1936 President Roosevelt Visits Hyde Park and Warm Springs Campaigning for Reelection
SwCfM6mjxw4 Chosin to Hungnam (1951) Part 3 of 4
SwSKu5nDsD4 1940s Dancing Everywhere
Swo3N7I_hTk Businessmen
SwvCCoG_C8c 1970s African American Day Parade in Harlem (Silent)
SwyuPUB8bh8 The Question Tree (1961) Part 3 of 3
SxIQ3MA-9WU 1940s Teen Gets Milkshake at Counter
SxhPkgNHfDI 1930s America's Cup Part 3 of 3
Sy3eg-WHNYg 1950s Gas Meter and Reading
SyNUpN0P4lM The Great Depression, Winter
SykNt8ZmjGw 1957 Chevrolet Bel Air Drives Through Country Lane to Roadside Picnic Table
SytWs_Ne1ww Tahiti, 1960s
SzR-tshp2UM 1920s Women's Suffrage Movement- Alice Paul Coolidge
SzmcwG1GXBs Computer Geek
T-B2NEk0-rQ 1930s Mexico Children Doing Calisthenics
T-LQhNxP_Xk 1960s Tape Player (Silent)
T0C038ETIeM 1931 Siamese King Prajadhipok (Rama VII) Visits U.S.
T0jSW0Iw_70 1953 Military Procession: U.S. Troops in Korea Formation Fighter Planes Overhead
T0qqrd4qsSY STUDENTS GRADUATING 1940S
T1F34d_ANLQ 1949 Mount Parໜutin Erupts
T1UVRVRNvrE 1930s Vicks Ad
T1tFfk2PWus Chicken Coop, Plowing
T2FXoP22Yec 1962 President Kennedy Tours NASA Facilities
T32UKPuJsd4 1955 Helicopter Rescue Demonstration Goes Wrong
T3KzWZRkt98 1931 USC Trojans Versus California Golden Bears
T3YG0GknYV4 Pan Am: Wings to Bermuda Part 2 of 2
T3nOiBleCE0 1950s Car Crash (Silent)
T3w4Qi4XjiY 1952 Bend of The River Movie Premiere
T42RDpG3Aqk 1934 Assassination of King Alexander of Yugoslavia
T4hb-_D-H0c Bug Eyed Alien Monitoring
T4hitFySZeI 1964 Craig Breedlove Sets Land Speed Record at Bonneville
T4oOli9O8rU Roulette
T51bgAJon9c 1959 New York City Office Buildings
T5D6tFjn6Ak 1950s Los Angeles Skyline
T5OLwshJZBs 1965 American Troops in Vietnam
T6-zPIuPJJQ Kraft Flavor Frozen Dinners TV Commercial
T6J6fUwEL1M 1969 CWA Workers on Strike with Bell Telephone
T6bibY6guok 1935 Hialeah Horse Racing Champion 'Brevity'
T6yixhubbeQ 1956 Spain Circus Strongmen Performs Acrobatic Stunts
T7AZEd_iuMk 1904 Shredded Wheat Biscuit (Silent)
T7JsP9bzgNE Wall Street Blues (1924) (Silent)
T8EL26S59qw Don't Take A Chance (1966) Part 3 of 7
T8Fu_YbJMWM 1965 Ancient Manuscripts are Transcribed at St. Catherine Monastery
T8nZ0lA6994 1970s New York City: Piers and Battery Park; Downtown Skyline
T90T5Oh3BZM Los Angeles, Downtown, Skyline, Rain, Time-Lapse 1
T9U3iqT7fCg 1920s Coney Island Amusement Park
T9U_S7HrKPw 1920s Harlem Back to Africa Movement Protest Part 2 of 3
T9ZIJPiWWe0 1950s Gas Light In Front of Home
T9bPt64Vyo8 1970s Streets of New York City
TAliVKuupbk Cat Comp
TAqY_maHweQ 1950s Audience Applauds at Banquet
TAuGco-lkhw 1970s Philippines: Bataan and Corregidor
TB3QC5NcKEY 1960s Fashion and Art
TB83rAsaI_c Couple Eat Grapes, Lovers, Man Drinks Champagne from Feet Fun
TBR2CDNmqZI 1940s Strongman Stunts
TCDkj3RE8R0 1940s Black Railroad Workers
TCl0oYh-oQM 1930s Crowded City Scene, Trolleys, Steam Ship, Locomotive
TCrNajUx9ss 1950s Counting Ballots
TDKf_L0Cvs4 1980s New York City Peep Show Marquee
TDWOpdGj1WA 1940s WWII Newspaper Headlines
TDwu_iCrO74 Age 13 (1955) Part 3 of 6
TE8aB3biXdw 1928 Hollywood Actress Vera Steadman
TEBdwNLp0lY Behind The Lens (1940) Part 2 of 2
TFSVRC12nhM CAT MAKES WISH BONE
TFVHJqxoIEw 1950s Phone Call
TFttGfwYV7A 1930 Women's Fashion Show
TG4Kh6R1DO0 1950s Unhappy Baby Cries in a Highchair
TGCwrYsdUpw Office Work, Drafting, Filing
TGvGNgQ9dl0 Fred and Billy Take An Airplane Trip (1951) Part 2 of 2
THOGkEVuX5w 1937 Philadelphia Mummers Day Parade
TIOYkFk0N6Y Chicago: It's A Promise (1977) Part 7 of 7
TIRMP4RwM9I 1960s Women Hugging Her Daughter
TI_tMFVrOiw 1958 Architectural Model of Office Complex Rochester, NY
TIv8C8nL_Vo 1962 Typhoon Wanda Hits Hong Kong
TJ2OXMCQDPk 1948 Shinnecock Lighthouse Long Island, New York Demolition
TJ79hHVoajg 1950s 3 Boys Tempted by The Devil Throw Rocks at Santa Claus
TJ9jCGW79Mg Pop Rings the Bell (1944) Part 2 of 5
TJNeOMPb4dc Wealthy Woman Exits 1929 Cadillac Imperial Sedan, Enters Building
TJNnBbrlpQ4 1950s Couples Dancing at Nightclub
TJbjQGDNW9Q 1941 Wedding of Gloria Vanderbilt and Pat DiCicco
TJqBl9bcTCc Vegas Dancers
TKEpAdEfYhE 1920s Chicago Strongman Ricardo Nelson Demonstrating Strength
TKROt7HKlBM 1900s Turn-Of The-Century Fashions
TKwOMNEKPzs 1950s Summer Heat Wave (Silent)
TLXC5xMLHBQ 1953 Wedding of Senator Joe McCarthy
TLicR6rucAs Plane Flying - Vapor Trails
TLj-zYxVjtw 1936 Olympic Opening Ceremony
TMjViga-2io 1920s Women Plays Carillon
TNNJqCpuO6c To Keep A Promise (1967) Part 6 of 7
TNQmjDRvk6Y The Diesels Roar on the Pennsy (1972) Part 1 of 3
TNe1YRRLcWA Beijing, China- Afternoon Traffic on Chaoyangmen Daji
TNuoBUxg6WE 1950s Chemical Plant
TOFwitm_-c4 1980s Flambeau Cutting Board TV Commercial
TOJfbT0kklk 1930s Women Shopping at Kresge's 5-10 Department Store
TOKkRF_lAsc 1967 New York City Central Park Vietnam War Protest
TONPKeT6CP8 To Enrich Mankind (1955) Part 3 of 4
TPcMkBqO4VI 1950s Dancers Doing The Twist / Dancer Carried Out On Stretcher (Silent)
TQOcoWbd5Mc Crazytown (1953)
TS33Z_Ii9L0 1930s Fashion Show
TS6INNRkIrk 1935 Glenn Cunningham Wins the 1500 Meter Kansas Relay (Silent)
TST9ODtxFJQ 1961 Death of Gary Cooper
TSg_AAq-AmY 1940s World War II US Pacific Front
TSoMPONpflw Keep Off The Grass (1970) Part 3 of 6
TTJoIESBObQ 1950s US Harbor - Shipping / Maritime Activity (Silent)
TTZ_lLWz0Ac 1950s Woman Gets Tattoo of Her Social Security Number
TTtZYd28t5I The River Mississippi (1937) Part 2 of 6
TU4V3DxpoYY 1950s Modern Office Hallway, Architect and Design Men with Blueprints
TV9aHIWiq9M 1950s Gas Pedal, Woman's Foot
TVMkKaYcTtU Detroit: Portrait of a City (1951)
TVXScYUHxbc 1930s Dust Bowl Farmers Flee in Covered Wagons
TW42wiyt1Nk Stunt Pilot Crashes Into House
TWCd-s5FuT0 1920s Cigarette Collection
TWHTpdlY0nA 1940s Labor Men at The Wharf Loading Fish
TWdMk7tliec 1950s Belgian Congo
TWoxMxdRX0A 1940s Labor Workers Polishing Sheet of Metal with Grit
TX5RmdO8IBk Board Meeting
TXxYjRAgrFs 1950s Car Manufacturing Part 2 of 3
TY8_xu6oIfc 1950s Modern Houses Architecture Dog Comes out Of Dog House
TYPpPR2g7cE 1960s RCA Victor Solid State Stereo Record Player TV Commercial
TYQRxJZC61I 1950s Switchboard Operated at Work
TYX-OulUsss 1940s Victory Parades and WWII Combat Footage
TZucReuJPRM 1970s Los Angeles Zsa Zsa Gabor, Barbara Eden, Debbie Reynolds and Escorts Out On the Town
T_ENz7y09R0 AUTOMATION TECHNIQUES IN MODERN INDUSTRY 1960
T_Ee3mM_rkc 1950s Beach Scene with Couple Listening to Radio
T_QT20zzKBY 1950s Mom Preparing Food in Kitchen
T_lcjLNO6MA 1903 Woman Exercising
T_phzjuzelo 1960s Black Panther Meeting Feeding Children
Ta7nkBg35bI 1900s Laughing Fat Man Missing Front Teeth
TaNiKBFVUVo 1950s Broiler Chicken Farmer Borrows from Bank
Tbp2Pq2ktGc 1920s Man Untied from Chair, Slapped
Tbyg_iN2CjM The American Explorer (1933)
Tc4jAMk0hnA 1945 World War II African American 784th Tank Battalion
TcAKAFvwhUU 1920s Broadway Show Prep Carroll
TeZvONmYWrw Explorers Encounter Pterodactyl and Brontosaurus
TfIM43791bA The High Wall (1952)
ThgOmpiyHmU 1955 Polio Scourge Halted! Dr. Jonas Salk
Ti5kr8zkdg4 1950s Mother Gives Daughter Allowance
Ti5lPybGMFQ Cave People
TiOWwuUabrA 1975 Inside Major Studio Film Distribution Center Part 5 of 5
TiT3cGlPBrs 1940s Washington D.C. Union Station
TiZA8yvc_sU NATO (1953) Part 1 of 2
Tiq_dIoKaPw 1950 Mrs. Barkley Launches then the President Jackson now the Empire State V
TirPpv7GIsQ The Hospital Ship (1968) Part 1 of 8
TjhATSsM-1Q 1990s Cars Driving
TkJ2wvbKSso Animated- Laughing Penguin- Loop
TkWDndiiH_M 1944 President Roosevelt Wins Fourth Reelection
Tl983ekMrhQ 1930s Telephone Operators
TmQ4h0C75aI 1912 Olympic Games
ToNqr0y6noc The Prom (1961) Part 3 of 4
TogS378IPAY The Number One Team  (1967) Part 1 of 3
TpMLfzBg-3w 1949 Mississippi River - Upper River
TpUXPICynUY 1940s Zoo Elephant and Hippo
TpdNiH14yQM Newspapers, History of the Printing Press
TqdQegfy81g 1933 Wooden Wedding
Tr1pZXEBPoU 1960s IBM Promotional Footage
Tr5LLPcDYbA 1955 Pontiac Interior
TrikjraP_rc 1930 Mary Roberts Rinehart Authoress
Trm-0bEZN14 1925 Floyd Collins Trapped In Mammoth Cave National Park's Crystal Cave
TsAuKUWh-M4 1945 V Day London (Original Audio) Part 3 of 3
Tt8N5YU9X0A 1901 President McKinley Inauguration
Ttea8VEWv_M 1950s U.S. Bonds, and Billboard Ads for Bonds
TtrYscDIo6I 1920s Hollywood Actress Alice Terry
Tu57F0rl3Bk 1965 Integration / Civil Rights Act
TuLU7IfOcd0 1928 Hollywood Bobby Vernon and Ann Cornwall
Tuy3dYG3JnY 1950s Golden Gate Bridge (Silent)
TwnHJ6z5UlQ 1935 Amelia Earhart Lands In Oakland From Honolulu
Tx64nukbNPE WINGS TO ITALY, 1967
TxmlLDRm0do Motion Picture Techniques (1947)
TyEX0zn5ljU On the Boardwalk (1950)
TzkUDWTKMyM 1950s Office Interview. Stressed Forman Smoking.
U-xVuTreugQ 1960 JFK Wins Presidential Election
U07Ceq984sE 1940s Dry Cleaning Industry
U0WZExKwn44 Fighter Jet Combat Aerials 32
U0dXN3BbzzA Air Force Junior ROTC (1960s) Part 3 of 3
U0nBqvCiwi4 Women Pick Apples, Farming
U0sYloKPeSw Woman and Guard
U0w2orVExzk 1950s Oklahoma Tornado Aftermath
U1Akm5gs4Ao 1981-82 Renaissance Football Championship in New York City
U1DoXn67KI0 1941 Army Parachute Troops in Mass Assault by Air
U1csNiTaKxI 1918 Women's Fashion Show
U2DiNFXA0no Fat Man Wrestles Woman on Beach
U2sKMdycGdw 1940s Classroom Fire Drill and Safety
U2vIhn37SU8 Woman Doing Laundry Slaps Man
U3NwA7Zf9hg 1930s Man Buried in Sand
U3rZfnEvCes 1940s Woman Does Laundry on aWashboard
U4BnVjreapo Beijing, China- Tian'anmen Square
U4Pv8A8_-4Q 1950s Statue of Liberty Shots with Various Ships and Boats
U4lf6oE6UHU 1920s Celebration
U4vppz2qrKo 1900s Motor Car Races Horse Drawn Buggy
U5j1ErU9uCw 1930s NFL Football
U5ykkhaTTc4 1971 Model Economy Cars On The Highway
U6h3qCiZgSg More Clocks and Calendars
U7D32tsCgOo Car Drives Off Ramp, Crashes
U7sMGpcOPkc 1930s Farmers Fleeing the Dust Bowl (Silent)
U84e4Oq8tqQ 1920s Coney Island Rides
U8jHcaPv4sk 1945 Mummers Day Parade
U8qlk3IFAIc The Fence Buster - Babe Ruth (1952) Part 2 of 3
U94A0xjws2M Fashion London Style (1974) Part 1 of 2
U9ZYmhT3co4 1918  WWI American Troops Arrive in Brest (Silent)
UA2_P8py-Aw 1970s Lab Researcher Working on Vaccine
UACDp080Va4 1930s Princess Ileana of Romania Visits Syria
UB4txqokGZU Motorcycle Drives Through Glass
UBFQgKaN3zI Puerto Rico, Sentry Box of Castillo San Filipe Del Morro
UC37EtgCE0Y Chemical Tomb (1969) Part 3 of 5
UC7MxoBEvnA The FBI - On The Record (1960s) Part 1 of 2
UCLkRM7GDpk Malaysian Hill People Farming, South East Asia
UCdJwV8xUvU Operators in Training
UD3f3tTIIIE Confetti, Streamers, Balloons
UDM40VgpDNU 1930s Prince of Wales, Edward VIII Visits Disabled Veterans (Silent)
UEeoB_KvM5g 1940s Woman Leaves Voting Booth, Political Convention
UFOImkNMaPg 1960s Airplane Passengers in Seats
UFkhzLNXk8I 1920s Joe Campi Parachutes Out of a Plane in a Straight Jacket
UFyX2zwF9as 1950s Mexico City Aztec Pyramids (Silent)
UGOdNB5_CTo 1941 Washington D.C. Winston Churchill's Address to Congress
UGjq-O8MZ6A 1950s Hand Shake on Street. Policeman Directing Traffic. Smile.
UHUC3lMjMqE 1939 Calgary Native Americans of Western Canada Welcome King George and Queen Victoria
UILwYRyv7C0 1950s Broadway
UIgl7Wr3358 Career Day Part 2 of 5
UIhierrW094 1990s New Cars Loaded Into Lots
UIkdrn8sZW4 1950s Woman Answers Telephone Looks up Info in Book
UKrAwTXlcRM 1950s Santa Climbs Down Chimney Leaves Toys Comforts Little Boy
ULC1_4-R4GI Fresh Spray Deodorant TV Commercial
ULR8eNReWUU 1933 United States Navy Tests Out Seaplanes (Silent)
ULTvtdc_910 The Population Problem: Gift of Choice (1965) Part 5 of 7
UMR_BNSfa2Q Babies
UMT1zZgS5qo Violent Cartoon Clip 4
UM_PzfUzfKc 1950s Women in Kitchen
UNNCBWLA-Ik The Hawaiian Islands (1960) Part 3 of 3
UNdpKptkHLs Innovating the Railroad (1953) Part 5 of 6
UO8lHeq4-IQ Human Reproduction (1948) Part 3 of 5
UOtoFxa-7bM 1960s P.O.V. Over Dashboard of Car on Open Road / Driving
UPsApYDOhzI 1970s Girls in Shorts Jumping on Sand Dunes Buggies Racing
UQg22DaX0cE Meet Me Down At Coney Isle (1930)
UQxs7EwufT4 Sears Tower, Chicago (4K)
URDTVL3tKEQ The Fence Buster : The Story of Babe Ruth (1948) Babe Ruth Tribute Film
URLTZesp7m8 Blindfolded Balancing Act
URO8DwQodck 1950s Atlantic Premium Oil and Imperial Gasoline Commercial
URVl6DqyBQw Lady Gaylord Dog Pull Toy TV Commercial
US-CYoAK4v0 1950s Teens in A Car
USB1wfVFtbo 1950s Kids Playing in a Swimming Pool
USLvVPy_F3o 1935 President Roosevelt Watches His Son Compete in Crew Match (Silent)
UT289u1gGwk 1910s Silent Film Snippet Featuring Hobart Bosworth
UTLNQv4sIxo HOLLYWOOD SIGN, LOS ANGELES, TIME-LAPSE 2
UTQsEbnP0c0 Manufacturing. Road Testing Red Convertible Camaro
UTh0uPfgNp8 Lord and Lady Mountbatten
UTpC2YkeGmw Farewell To Childhood (1951)
UUCQtA7l1IU 1955 Le Mans Disaster
UUHtr4vFajY 1950s Christmas Kodak Brownie Starmite Camera TV Commercial
UU_3IHW_c1Y 1920s Barrel Plane and Flapper Plane
UVQ03bFqEiE 1902 London
UVYxDulo0fE 1934 Belle Island Teenagers Rollerskating
UVcyqxfHquw 1930s Detroit Young Boys Show Off Pets at YMCA Show
UW_Wx1slexI The Gyro-Sifter Machine! Odd
UWcuBq3eTIM 1918 WWI American Tanks In France (Silent)
UWcxomA_Lno Feats of Strength
UXJtapI2BdM 1956 Gentlemen in Dapper Attire Crossing Busy Street
UXLz8MPhfuA Pan Am: Wings to Japan Part 1 of 3
UXzH-92gKlc Film Leader Countdown Color
UY3Jl6_HQBc 1950s Construction Site with Businessmen
UY45IPkayGI 1942 Gas Mask Training Video
UYWsTAD2Pfk Both Sides of the Question (1970) Part 2 of 7
UYX9dj7X2hE 1930s Automobile Trunk
UZOUupPJgxo NEW YORK, MANHATTAN, DAY, AERIAL
UZVEp78b0XI 1950s Early Calculators and IBM Data Processors and Printers
UZmizk1rWoY 1949 Lady Wrestlers
UbBOU62COGc Cowboy Poll Vaults Over Fence
UbGtpGlS_cM 1950s Woman Adjusts Thermostat
Ucpbshccuik 1920s Wild Party, Women Dancing on Tables (Silent)
Ud2SU-0mTKM The Mighty Electron (1950)
UdRvlIuYi7k 1914 Military Inspired Women's Fashion
UdVduC9BBFc 1960s Line Graph Steady Incline (Silent)
Ue0pvPMa9SA 1940s Broadway Performance (Silent)
Ue1Bmcrx26A Motorcycle and Car Stunts
UeRLOAHvuqc 1950s Man Reads Telegraphs
UfS0pqeeKLQ 1903 Girl Exercising with Stick
UgGO4dGx6s8 1960s Chevrolet Headquarters
UgNNPixikVA 1930 Rabbi Stephen S Wise Leading Zionist
UgNS9bBV1ro 1935 Hollywood Count Kurt von Haugwitz-Reventlow Engaged to Barbara Hutton
Ugr8PiJ3hFc 1950s Tracking of Truck Transporting Molten Material. Security Gate.
Ugw8BfRgo0E 1950s Graphic Artists Sketching, Pan Out To Modern Office
UhUsPNlaTNs 1950s Mexico City (Silent)
UiTs6RF08Ow 1933 Chicago Prohibition Ends (Silent)
UiUoW34PCjc 1920s Bootleggers (Silent)
Uk1_CKu1D-4 Los Angeles, Downtown, Skyline, Sunset, Time-Lapse 14
Uk2qsRFArjw Cartoon: Pimento U, College Men Rescue Damsel in Distress
UkOwijEjj1w This Moving World (1937) Part 3 of 4
UklrlSQVTEo 1940s Crop Dusting
UlBP7YHv_Uc 1950s Girl Running Home
UlSrO1To4o0 1960s Black Panther Raids and Arrests
Um33Q9fifA0 1963 Senate Subcommittee Hearings on Organized Crime
UmQuE6kro88 Film Leader 22
Un56LTAnxzU 1935 Packard Commercial Part 1 of 3
UoNXfsg6_YA Newspapers, Journalists
UopqDZs-I1k 1950s Casino Crowd
UpR4453KrqA 1950s Teenagers Play Basketball in Playground /Sports
UpTDZ7FZ_ec 1930s Mom and Kids Leaving the House
UpuSu1Tvgkw 1935 Berlin Zoo Giraffe with Baby
UqXhClOP3Ec 1942 Survivors of the Sinking of the USS Jacob Jones (DD-130)
Ur34wnG3ST4 Men Work Out
UrvOq2h_PCU Globe, Map
Usi1DijqJG4 1950s Boy Eats Corn at Dinner Table, Food, Seeds
UsqVa4U3QRQ 1950s Funeral (Silent)
UssONFYPutQ 1930s Wacky Invention: The Kicking Machine
UtGf_cTrSnQ Pepitas TV Commercial (German)
Utnv4RrBL_g 1936 Sports: Boxer Max Schmeling Victory Parade in Germany
Uu47b-bKM3g 1950s Jeep in Yucatan Jungle
UuEvXyjitfU 1920 US Navy Warship \
UuaQui8u1uQ From Adam to Atom (1952) Part 1 of 3
UvVAF02hBhQ Pan Am: USA Part 1 of 2
Uw5q41FxSzI 1933  Louis Armstrong Performing \
Uwx6tOzEkHE STUBBORN MULE TUGS AGAINST THE FARMER 1940S
UwyBh5DqbvE 1940s Water Acrobats
Ux-mhiU9MUA 1940 New York World's Fair Gardens
Ux5V04gNrkc 1950s Girls Exercising, Cheerleaders
Ux8M-5ZsJpI Western Bell Promo (1970s) Part 1 of 3
Uy17tuFHmcM 1950s Fishermen Fishing in the Great Lakes
UyOLRfSv2Wc Thinking About School Bus Safety Part 2 of 2
UygTHTCsMHU 1970s Fred Hampton Speaks About Bobby Seale; Black Panthers
UzFdvB9AntI 1967 Road Rally Entries. Red Corvette, White Corvair / Cars
UzY13DiLSis 1950s Business Meeting Starting
UzkqOBtjlM0 Luck of a Man (1930) Part 2 of 4
UznYinjoo6U Old Cars, Train Collision
V-Q--z5S83E 1936 Olympics Gene Venzke Sets World Record for 1500 Meters (Silent)
V-goswTzeck Two for The Seesaw Trailer (1962)
V-wtqfbLZiw DOORBELL RINGING MAILMAN DELIVERING MAIL 1940S
V-yspzAHI6Y 1960s Sally Rand Burlesque Fan Dancer Art Museum of New York City
V1B44ymxIMY 1908 Wilbur Orville Gives a Flight Demonstration in Le Mans, France (Silent)
V1FcER8nang Casino, Roulette, Black Jack
V1OYdK30FMY 1930 Pamplona Running With the Bulls
V1rDC5tfaN0 Where Love Is (1954) Part 6 of 6
V1zHZEj5UT8 1950s Kids Doing Tricks With Yo-Yo
V2SY8DJAgoE 1958 Teamster Union Leader Gives Testimony
V3-A1zLb_FY 1936 Secretary In Bathing Suit
V3A974F5YMI Times Square, New Years Eve 1936
V3OKSUdqobs 1950s Packaging Breyers Ice Cream
V4OCHGTrzc4 1955 Chevrolet 210 On The Road
V4P3EEf3ov0 1930s Airport
V4Qw9yu29Oo 1940s Aircraft Workers on Assembly Line - USA
V4wSseIf0i8 1933 Mae Marge with Daughter
V62c45I3FYk Fit for a King (1937) Part 5 of 7
V6SYtWqRPX8 1940s Cowgirl Car Hop (Silent)
V6v4vjY9A1k 1944 Canadians and British Fight In Netherlands World War Two
V7KQzIEVaRs 1970s Disaster Relief Commercial
V7LoNmH1y7A 1960 Democratic National Convention JFK Wins Primary
V9i8z5acNb8 Safely To School (1958) Part 2 of 2
V9rBsPaabYI 1950s Children
VBQu8kf-BzE Baby Newborn
VBoBIYzO3MU 1970s Clerical Jobs Including Computer Operator
VCgu0qQSMOA Treasure Islands (1955) 3 of 8
VCv4UIAt3vw 1950s Educational Short: Atomic Energy
VDiX57y7qZI 1950s Family Home Suburban House. Kids on Bicycles. School Crossing
VE0-6Y8WEe0 1930s Great Depression in New York City
VE7GzoYVBMw 1960s Texas State Fair / Cotton Bowl / Big Tex
VEDW5WeQaX0 1901 St. Petersburg, Russia
VF2hWYygQV8 1960s Family Living
VF39VSRRnuc 1950s Aerial Plane Into Sprawling City Through Clouds Canals Mountains
VFP-uVIy_Ps 1940s Movie Theater Double Date
VGBGFS2rZdo 1930s Mexico During the Cristero War
VH9bNToBYwc Radiological Defense (1961) Part 7 of 7
VHNciS9I1Wo 1916 Vintage Silent Pie Fight with Charlie Chaplin
VIE3ubh6VbA 1930s Cartoon - Aesop's Fables: The Jail Breakers
VIF5ABc0T_0 Smashing Crime with Dewey (1937) Part 2 of 2
VJQN1Oza-I0 BUG EYED ALIEN
VJbqEJ8Vjqg 1900s Nickelodeon Snipes
VJt9FP4MWEw Busy 1960s Hospital
VKnx9D3PloA 1933 Harlem
VLWmPT7pejQ Cavemen Making Tools and Bartering Getting Along Without Money
VMNfL6qqFpc Atomic Bomb Explosion
VMdff0uWa0o 1945 CU of Man's Hand Handling Soil
VMlnjaDDXps 1950 Busigny Village for Homeless Children
VN4zZqZ9d60 Mental Hospitals (1953) Part 2 of 3
VNl8E8wQU-k 1910s Glider
VNsVxtGxHU4 1936 Mussolini Threshing Wheat Propaganda
VQirVK1jJwE GROCERY MARKET 1950S
VR04RQ6AF0M Cypress Gardens Water Skiing
VR0Hnp4pUGU 1897 Lick Observatory Mount Hamilton San Jose, California
VSK6jiNsnCQ 1940s Egypt Italians Invade the Suez
VSO25Tm0QU4 1928 Hollywood Warner Theater
VTA1oSVixRk 1898 USS Maine Blows Up (Recreation)
VTiEcNGks9k 1930s Couple At The Beach
VTvozLIes-4 Superhero Fights Aliens
VTxyNDIriCg NEW YORK, MANHATTAN, EAST RIVER, DAY, AERIAL
VUR7PaR-i30 1950s French Village
VUXqZtQ9Ujw 1935 Colonel Ezra Parmalee Prentice Exhibits Dairy Cows
VUYUHFArmSo Commercial: Phantom Raider
VVbUa2VQKgw Red Nightmare (1962) Part 7 of 9
VVtB1OOf3t0 1940s Factory Workers
VVzcC1CV9HY 1955 Pontiac
VWU-RK_mpkw The Land (1942) Part 7 of 10
VWj5nXx1vhI 1950s Farmhouse Modern Chicken Feeding
VX2wPCFRgW8 1970s Nestle's $100,000 Bar Commercial
VXux3EptF9Y 1920s Charles Lindbergh Being Honored (Silent)
VYYE7IkDXbs Saturn Rotation (Silent)
V_25uA5ixqY 1950s Teenage Boy Pestered by Parents
V_GxwLrLaYM 1939 King George VI Visits Canada and the US
V_NYZrBdMfU 1930s Great Depression, Joblessness, Picket Lines
V_dwVUMG4eE 1930s Washington Senators vs New York Yankees at Griffith Stadium
V_vSV_chQcY 1971 Chevrolet Line up Of Trucks & Recreational Vehicles at Hoover Dam
Vb8L4FanKic 1940s Bell X-1 Rocket Plane Launched from a B-29 Superfortress
VcAP5b5b3u8 Factory, Welding
VcAkOsO-1Ok 1950s African American Couples Dancing to Henry 'Red' Calhoun and His 9 Piece Band
VcIO48gbN0A 1950s India Landmarks Taj Mahal and New Delhi
VcUemBwR10c We'll Take the High Road (1956)
VcvI8wALyFk 1920s Hollywood Actor George Lewis
Ve7gLKZUeIQ Rocket Accidents and Explosions
VeHbDMzK3Zw 1960s Blood Transfusion / Muscle Back Weight Lifting
Vfh-2zcm7BA 1960s Greyhound Bus Commercial
Vg8ygvKb7oU 1930 World's Largest Steer
VgAjDcSiRS8 1950s Cattle Roam Across Plain with Snow Capped Mountains in Back
VgKgvhAlwYk 1901 Pan American Exposition Electric Tower (Silent)
VgXsRdT5Ng0 1940s World War II: United States Food Rationing
Vgg8s2H9Q0E Soldier Jumps on Hand Grenade Explosion /Korean War Re-Creation
Vhwo1cRFF2M 1930s LA Zoo Leopards and Lions
ViVwQKCMC0E 1940s Old Woman Slaps Young Man
VixXzi3H4Mw 1950s Doctor Writes Prescription for Patient
VjeL5S_LwnQ 1897 President McKinley Dedicating Washington Monument in Fairmount Park Philadelphia
Vjh6dNagQ9E 1960s Family Loads Into Station Wagon
VlC7OZqefIk 1950s Teenager Joan Makes Candy
Vma6kLbSLmw 1940s Post War Defense Plant Fabricates for Civilian Market
VnlgNJUmwv0 1960s Freight Train and Subway Train - Coming at Camera (Silent)
VnspibgfX2U NEW YORK, MANHATTAN, DUSK, AERIAL
Vo4ye-sNYfw 1950s Vanilla Processing and Harvesting
VpAWyadpHJw Beginning Responsibility: Other Peoples' Things (1957) Part 3 of 3
VpDAmPvqKU0 1948 Germany Becomes West Germany and East Germany
VpwUmVYL4ck Geek Scientist
Vq3Ud9Y3RzY 1935 Clem Sohn Sky Dives Out of Plane in a Wing Suit
VqpZ07-CELk 1938 Ford V-8 Sedan Family Interior Back Seat
Vr1LrLCDSpk 1960s US Helicopters In Vietnam
VrReFLpAoe4 1948 Freedom Train Contains Important Historical Documents
Vr_dhkA-kiI 1950s Meeting in Mayor's Office
VrjgxjEUW24 1950 Korean War - Amphibious Landing at Inchon / General Douglas MacArthur (Silent)
VsEM-cSXP2Q Air Force Junior ROTC (1960s) Part 2 of 3
Vsc62f0M_tQ High School Hijinx (1953) Part 2 of 2
Vsnu2UWuO_c Why Viet-Nam (1967) Part 3 of 7
Vt6wh3XsxQ4 1941 Great Wall of China
Vt_87MjE66o 1940 Tacoma Narrows Bridge \
Vtp2d4SIG0o 1940 Hollywood John Barrymore Profile of Face Pressed Into Concrete
Vv1ODn7G8nE 1920s Man Pushes Cars Up Hill, Over Cliff
Vv4WNnTmmPA Los Angeles, Downtown, Traffic, Night, Time-Lapse
VvHuRbMcttE 1930s Automobile Taxis Pulling Up Dropping Off Passengers
Vvu7muKAgNU 1947 Northrop YB 49 \
VwLLZceXd_w Mail Room, Typewriters, Insurance Claims
VwWmXoQdOeo Crest Toothpaste TV Commercial
VxHEplowlAM 1940s Soviet Farmers Harvesting Wheat (Russian)
VyZVR0NLP6g 1954 West Germany Allies with West
Vyp3MIdjGR4 1950s Gossip Guy and Girl Go on Date
Vz2ROs7ZNDQ 1967 Oldsmobile Commercial
Vz5NiZtTl_k 1950s New York City Skyline from East River (Silent)
VzA83W55fUQ 1936 George Bernard Shaw Interviewed About the King
VzrUIv2GfBc 1900s Coney Island Women's Beach Fashion
W-39K5I51To 1940s Weird Water Car
W-KSLYMawkw 1966 President Johnson Meets with South Vietnam Leaders in Honolulu
W-Nh4u-MKHs 1950s Delinquents in Pool Hall
W-eDtJWsMJM 1939 Robot Band
W-jXGTGXmMI 1960s Blue Angels Airshow in Chicago
W0iAu_drarI 1970 Detroit Ford Facility (Silent)
W1aRkXj7dks Home Is What You Make It (1969) Part 3 of 4
W2AsjoZh4jQ Faro Nell (Old Californy) (1929) Part 3 of 4
W2D12Ix-ICo URBAN USES OF LAND FOR INDUSTRY 1967 (1)
W2YpCaeSl8Q 1950s Children Crossing Busy Street
W3G_lPhTpTQ 1927 Manhattan Shipwreck Kelly Flagpole Sitting
W43g6bsvZRc 1932 DNC FDR Primary Acceptance Speech
W4bHpw7o6X0 1960s Mexico Making Straw Hats (Silent)
W6f7tHfIZ5A 1915 'Just Nuts' Excerpt with Theda Bara and Harold Lloyd
W76wWlzwcNQ 1960s Dialing on 'Dataphone'
W7MMQoBTB-A Suburban Neighborhoods
W82JzR1QR4s 1953 Explorers Down Shigar River on Rafts
W85JrWrj3vA 1962 Ole Miss Riots as James Meredith Enrolls at University Mississippi
W8dvZKr5xXE Ladies Exercise
W9_YMo_CelI 1950s Family with Baby in Modern Living Room
WAJI3Phfuf8 Asbury Park, Water Park, Summer 2
WAZ8O3mNwGg 1941 President Roosevelt Creates Uranium Committee or S-1 Executive Committee
WAd_3OVpvC4 1940s Picking Fields of Cotton
WBbo6ta2gfQ 1944 British Military Liberates Brussels World War Two
WBflMuarvk4 1950s Woman Slaps Man, Rejects Advances
WCEVErsKooc 1960s Chrysler TV Ads: Three Different 10 Second Spots
WCjYY-8LR5s 1960s Future. Overhead Woman with Car Telephone
WCpg2KhlCsA 1935 College Basketball NYU Violets Beat Cal Golden Bears 41-26
WD004SO5E4M 1950s Map of United States
WDCCgTDsqAg 1950s Woman Inputs Info into Machine
WDoh99Cs3YU 1954 Kentucky Derby
WDqX-iDWXjo New Horizons (1948) Part 1 of 5
WDueQgxFi6E 1931 Clergy Blesses King Boris of Bulgaria and Army in Annual Epiphany Dedication (Silent)
WFL9AykzLHw 1937 Hindenburg Crash
WFOm6J5pFXg TURNING OVEN ON 1940S
WGiuxsrLJjA Dollar Power (1974) Part 1 of 3
WGyZaC_aDXA 1950s High School Baseball
WHL5-UZCBRo 1950s Teen Vandals
WILTTQ-Vvrc New Delhi, India, Across Udyog Bhawan Metro, Time-Lapse
WI_ugP5eUV4 1910s Fashion
WIuNBb43n18 1950s Rochester Gas & Electric Corporation
WJu1JxqyvXA 1899 L Train Manhattan to Brooklyn over the Brooklyn Bridge
WKb8RaNR6kg 1968 Rome Riots Battle of Valle Giulia
WKeMvOEXuQU Shocked, Terrified Reactions
WKnJZQDqYxY KID DRINKS MILK 1930S
WLBwEdPwBi0 Women Working Out
WLFElCifSko 1954 Italians Welcomed After a Successful Karakoram Expedition to K2
WLMTV8BZvDI Creepy Man in a Bee Costume - Loop
WLXqUxihhqE 1950s Woman Vacuums Living Room Carpet. House Cleaning
WLmzias3m4U 1945 President Truman Addresses Armed Forces About FDR's Death
WLpCgUSVHsc 1959s Women in the Kitchen
WLuOQlp-5uQ 1968 Tokyo Student Protests
WM1gg0KvUeY 1959 Astronaut Alan Shepard Talks About Being Chosen First for Mercury
WMJ7gjIjg2Y CHICAGO, AERIAL - SKYLINE, RIVER EAST PLAZA
WMb8Xxw_uMo The Second Chance (1958) Part 4 of 4
WNYFlQTX3dE 1960s Metropolitan Museum of Art: Modern Art Gallery - Jackson Pollock
WNjEQ_5YTsU 1941 Forest Fires in Lakehurst
WOTPAS5p9jA 1950s Scientists Leaving an Atomic Research Facility
WOuULWPXLvg NEW YORK, BROOKLYN BRIDGE, MANHATTAN, DAY, AERIAL
WP3NXWUNCO4 Plane Flying Through Dark Sky - Vapor Trail
WP7P-CFpHtw Kids Dance Along to Television
WPgx6MLQ5bU Silent Film \
WQ41-ougiUM 1960s Detachment of Modules
WQFnj63kwj8 1937 Parisian Riots
WQRdzlfR_lQ 1950s Mom Shopping with Baby
WQqoMcOctcU 1948 West Berlin Blockade
WQxGRdsVTqQ 1960s Club Dancing, Club Band Cu's, Go-Go Like
WR8RQlxWNPA 1945 Train Passing by Into Hills
WR9TQ8kLVt0 1950 Screen Actor's Guild Lobbies Against Communism
WRK08uk513E It's Everybody's War (1942) Part 2 of 4
WRij0RInTKM 1983 Neil Bonnett Wins World 600 at Charlotte
WRtWfgiGrJ4 1950s Colonial Man in Stocks
WS-a7QX1ryQ 1935 Chicago Chinese Influenced Fashion
WSoQtVWbgGE 1940s The Flag At Iwo Jima Wa
WSvA9oz9LA4 1927 Charles Lindbergh Spirit of St. Louis
WT1TzbOlkLg 1960s Congo Joseph-Désiré Mobutu Interviewed (Silent)
WT4uncepqUM 1940s Teenager Puts on Makeup
WT5qDghooMg 1950s Taiwan Elementary School (Silent)
WTWJ3ArvhjM 1941 White House (Silent)
WTeYQbT7YV8 1950s Movie Sound Room - Reel to Reel Tapes
WTyRb462fkQ 1950s Teenager Couple
WUMzjn2kLKk Women in Fashionable Evening Wear
WUYPrN8j_Qs 1940s Man Pushes Plunger Down and Explodes Dynamite
WUf5ZeDawz8 A Man Belongs On Earth (1974) Part 4 of 5
WUfTKE9HGKM A Wireless Lizzie (1926) Part 2 of 2
WVPS1QOvRFk SCHOOL JUMPING JACKS 1940S
WVbm4Cd0jSQ 1965, Paperback Book Vending Machine
WViiVfsegcU 1952 Republican National Convention with Eisenhower and Nixon (Silent)
WW9W-9mikoc 1950s Dairy Farm Cow Milking and Milk Transport
WWIGfBQghJs 1951 Baseball \
WWwyOO9f73w FRENCH RIVIERA, 1960s
WXaR1Q7K9cI It Takes Two To Make a Champ (1938) Part 2 of 4
WXnv_-f-a9w 1950s Family Window Shopping at Pet Store. Cute Puppies / Retail
WY_ewBdiB3o A Letter to Linda (1950) Part 1 of 3
WYnMKhGkbkw Seventeen Days (1945) Part 2 of 4
WYvMegtgTw4 1956 East German Military Parade (Silent)
WZ-hds3Lgxs 1932 National Air Races: Pilot Dies in Failed Landing Attempt (Silent)
WZ7Lx40dcVs 1918 WWI Captain Eddie Rickenbacker
WZB9hMPd7V8 Newspaper, Printing Press
WZCQP1lAU-8 1938 Pre World War Two Anti- Semitism in Germany
WZpPTTznZMc The Title is One Part 2 of 7
WZtZOn50ihA Priceless Cargo (1946) Part 4 of 4
WZuyUIvOYtU 1949 Indianapolis 500 - Bill Holland Wins (Silent)
W_rfYcZE3JY 1940s Lake George Huge Alaskan Glacier Break-Up
Wa3Q-hqbuVo Explorers and a Brontosaurus
WaNoDsTi2r4 Film Leader 3 | Multiple Countdowns |
WaqUrz-zluk International Moves The Browns To Sterling Street (1941) Part 4 of 6
WaxZLV652mY 1950s Construction Site Hardhat Area Cranes Steel Wood Frames
WbLHrnAvylQ 1939 Pope Pius XII Coronation
WcdFMgBSfKQ 1950s Children Playing on Monkey Bars, Monkey Cage W/ Monkeys Playing
Wcv0RKpzsxQ 1950s Man Reads Paper with Feet on Desk
Wd2N1keKd3A 1950s Australian Surfing
Wd2kwwwvXjE 1920s Man Jumps Off Moving Airplane (Silent)
Wdv2U2e6G30 Palooka/ The Great Schnozzle (UK) (1934) Part 3 of 4
WeFRH7hVO9I 1910 St Louis Teddy Roosevelt Flies An Airplane
WeVVh6_zYF0 Puerto Rico, Small Cemetery near Arecibo
WfHFwETYc3A Cobweb Hotel (1936)
WfQ61N354cI 1967 South Yemen Aden Riots
WfcVppjNe2E 1950s Telephone Operators. Offices.
Wg5DGfKKmB8 1930s Women Use Bizarre Exercise Machines
Wg_ExbE4Ux0 1930 Nashua Fire
Wh7RUcf21hk 1950s Movie Shoot Fog Machine - Studio Film Lab
WhX7IlBvDLs 1950s Turkey in Rotisserie
Wi49nFaqQTk 1950s Smoking Man Watches TV; Turns Off Tube to Read Newspaper
WiHco1s_y9g 1940s British Dignitaries in India W/ Nehru
WibiBID28jc 1900s Couple Ride in Motor Coach
Wj3Rdj9bCwk 1914 Richard Bennett Surrounded by his Children Constance, Barbara, and Joan
WjCYw9Dn38k 1959 Royal Wedding: Iranian Shah Pahlavi Marries Farah Diba
WjXK6_MOMUM 1935 Mount Vesuvius Erupts
Wk8XVdgQ-VA 1980s In Bar Making of A Frozen Drink
Wl0VtYWqbPM 1900s Women in Industry Part 2
Wl9mhf0L86c Made in America Part 3 of 6 (1958)
WlG4SOF7J7o Both Sides of the Question (1970) Part 1 of 7
Wm6M08rHsE0 1900s Two Acrobats Do Handstands
WmMcQuIbhPw 1931 Flock of Sheep Missing After Bad Storm (Silent)
WojsY2KEzRw The Boss
Wr6OiVuiemI Beijing, China- Dong Chang'an Jie
WrHT5w1ooJ8 1960s TV Commercial: Pepper Doll
WrMxPRU-Tzs 1930s Mueller Belt
WrcTq-NavM8 Military Work Out
WrrxgMxAG7E 1950s Foreign Dressed People Leaving Conference (Silent)
WsJWe0yHv6M 1957 NFL Championship Game Detroit Lions Vs Cleveland Browns
WsM9wcfPJeE People Waving at Camera, Waving Money
WsOEMeBfZu8 Greyhound Dogs Frolicking On a Sound Stage
WsXEiIjznpw Little Lambkins (1940)
WscskNzRaRY Mother in Iron Lung Gives Birth
Wt60JxIGBTM Concorde
WuP3d7QlYog 1956 and 1960 Richard Nixon Presidential Campaign
WvhtnqVx2XM 1959 Step Van and Panel Truck
WvwyQti8JPg 1920s Man Untied from Chair, Slapped
WweMcpVm78A 1954 Columbus Mother of The Year
Wx41LVvK4Ak 1966 El Camino Cowboy
WxLIurArlF4 Human Reproduction (1948) Part 5 of 5
WxvfJiVZQBU NEW YORK, BROOKLYN BRIDGE, DAY, AERIAL
Wy3nf7hS-Dk 1930 President William H Taft Chief Justice of the Supreme Court
Wy9AwgZuvfc 1972 Imelda Marcos Stabbing Attempt
WzLSUjUSOig The Word from Unity, James Sikking
Wzj-LLe9kHY 1936 London Funeral of King George V
X-67sDVtdKg 1940s Chicago Howard Hughes
X-JlZGDzJso 1930s King George V
X-VD_xDsuds 1956 Testing of the USS Barbero's Regulus I Nuclear Cruise Missiles
X-efOcuvR9c 1930s Couple Endurance Walk (Silent)
X0BEhEAGEnU 1980s Las Vegas Casino Games
X0a99wHwHqI 1951 Santa Anita Maturity Strub Stakes
X1MVYi-Rpgk 1940s Los Angeles
X1_XxqpSEx4 1937 Philly Mayor Moore Inauguration
X1_xZ55Q-Qc Angry Bull Charging Color Animation
X1bo3hjKijw 1949 Dinner Salad. Serving Meal. Pour Syrup Pancakes
X1pFsGSiwRo 1930s Dog Show
X1tuWkijXTY 1950s East Berlin Food Lines
X2Kr2PPpi2Y 1952 Boxer Rocky Marciano
X2OxpuJ68_Q Getting Along With Parents (1954) Part 2 of 3
X3df-rskWsY Paying Bills On Time
X3tBa-Ckc-M 1961 Fidel Castro Amidst Crowd in Cuba
X4-ox-Hgbr4 1970s IA New York Broadway Theaters Ushers Crowds Part 1 of 5
X4VxsPLOzGg 1950s Man Fidgets with a TV Radio Tuner and Antenna
X50T-qRRn9k 1920s England Mourns Unknown Soldier
X53gJBgpgls Color Countdown With China Girl
X5URMypgrmA 1934 The Assassinations of King Alexander,  Louis Barthou, and Engelbert Dollfuss
X5g4UKFDkRU 1967 Apollo I Test Launch Explodes and the Funeral of the Crew
X6dGUY_wTmA Mail Sorting
X7QdCR8m4cE 1950s Telephone Operator Helping Woman on Phone. Directory Search
X8HamdpsITE 1970s Jesus Christ Superstar
X8Yfgh0sgSk 1930s Two-Headed Cow
X8dzENa2MRU 1950s Germany Santa Helicopter Waves Children Run Parade Crowds
X9UVXbebmdo 1930s Horse Drawn Wagons Racing
XABRKF_cjdk People Killed by Scaffolding
XAO9JfrBuvA Men Throw Slot Machines, Garbage Into River
XAVelqzj4Nk 1928 Aerial of Hollywood
XBcv_qbNfy8 The Car of Tomorrow Today (1948) Part 2 of 5
XBjd-ERvog8 1950s Teens on Dates
XCJDvO38ETM Christmas; Santa, Parade Floats
XCYctz_fKf0 1964 Girls Screaming for The Beatles
XCkSEZ0ZTtw 1927 Lindbergh Takes Off For His Transatlantic Flight (Silent)
XD3-iA-Fcig 1940s Forest Hills Tennis Bobby Riggs Vs. Don McNeill
XDJauqHH53k 1940 Galloping Gertie Bridge Wobbles
XDOEGcD8XQY 1940s Adding Machine (Silent)
XDdq4DrxjzY 1950s Smokestacks
XDliLffRB4s 1950s Turkish Diplomat Greeted By Francisco Franco
XEIU4FHZ42M Children on Rides
XEXvrK_mlLs 1980s Jet Landing, Taxiing to Departure Gate
XFZkKFlqBt8 1970s Sugar Plum Hair Dryer TV Commercial
XFgLJL5BZkk Why Viet-Nam (1967) Part 4 of 7
XFt4iZsJaE8 1934 First Lady Roosevelt Promotes the Boys Club Building
XG1r3nuSI_o Men, Machines, Equipment
XH2TYvoCHlw American Look (1958)
XH3VZD4jaU0 1920s Couple in the Window
XHXGA3VM2d8 1950s Fields of Flowers
XHYNF0uiowc Chemical Tomb (1969) Part 2 of 5
XHadZmsotXA 1930s Women Using Early Exercise Machines
XHcOxlvfQOM The Prom (1961) Part 2 of 4
XHcn0W0S0wQ Funny Faces
XHvvPsML3Mg 1930s The Great Depression, Rioting
XIjIMw6Cuik Plane Flying Over Mountains
XJ2zeWGPqho 1956 Adlai Stevenson Interview on Presidential Campaign
XJJWq40USI8 Woman Slaps Man, Apologizes
XJfAy9CFSYw Commercial for Citgo Antifreeze for Cars
XK-OdlrQGsA 1950s Family and Sick Children
XKnYXzdkn4M 1980s New York Museum of Art
XKqXZQqGlWk Gym Workout
XLFN0nJzNwA Fighter Jet Combat Aerials 1
XLfyNxspRw0 1950s Plastics Tools
XMHRma00VHg 1930s Cadillac Factory Assembly Line Part 1 of 2
XMu6qtA5rxQ 1940s Taconite Ore Rock Mining Process
XO42y1MPCzc 1969 Dodge Charger TV Commercial
XOEbw7UrH_E 1948 Bogota Riots After Assassination of Jorge Elir Gaitán
XOH3dF4Y4NU 1968 Lone Star Beer TV Commercial
XOk6PoB0vY4 1950s Kodak Brownie Scope Sight Turret Movie Camera TV Commercial
XOxaqSkn1LQ 1960s Vietnam Helicopter Medics
XPGvtNMWx4Q 1960s Nuclear Submarine
XPMoOxC_6aI 1940s Ford Automobile Getting in the Car
XQAbU8fmbgs Little Making Faces- Loop
XQEGIHFLu3A The Car of Tomorrow Today (Silent)(1948) Part 3 of 5
XROhh8s6W7E The Truman Story (1948) Part 1 of 2
XRT9bG7yanY 1930 Edda Mussolini's Wedding to Galeazzo Ciano
XSaKmpJNQZY 1900s Aviation Attempts
XSlbt6yh0_4 1950s American Signs (Silent)
XT0iPrVSVQg 1940s Secretary Knox Holds Meeting With Other Navy Officials (Silent)
XTfr-eW8ueU 1950s Woman Diving Into Pool Swimming Underwater / Fun
XUi0LyKiRlc 1951 Chevrolet Styleline (Silent)
XV70zBDV1Lk 1950s Airplane Crash Landing Test (Silent)
XW-Hs01EArw Betty Boop: No No A Thousand Time No (1935)
XWH5yiFMuBI 1920s Hollywood Actress Norma Shearer
XWI9m7TWhTY Telephone Operators
XWMngk--GEs 1945 Throng of Happy Children
XWOse8uQjvo 1940s Couples at Table and Woman on Phone
XWo8tmAzuh8 1958 Lake Mead U29 Hydroplane Shanty II Speed Test (Silent)
XWqADtAPT8k Drag Race
XWs21pAzlP4 1940s Midwestern Town (Silent)
XWtBuwFOJGo 1950s Daycare and Orphanage
XXMgzM5gsH8 1950s New York Stock Exchange
XXfHulLHuQw You and Your Friends
XY8yghwfc14 The City (1939) Part 1 of 10
XYvZ_9btY6U HOLLYWOOD SIGN, LOS ANGELES, TIME-LAPSE 3
XZ4wIzn1evw 1930s Brain Destroyer
XZtzNG7v-AQ NEW YORK, QUEENSBOROUGH BRIDGE, DAY, AERIAL
Xa2_b0dHHOo 1933 John Nance Garner, FDR's First Vice President
XaMlsPtngoA 1940s World War II: Helicopters Identifying and Marking Crashed Airplanes
XaqDO_oDDU8 Duncan Yo-Yo Shorts (1970s)
Xb9wO8gU6OE Vampire Attacks Sweaty Man
Xbqkevawxus 1940s Atlantic City Recreation
XcDPxBAqp0Q 1920s Altoona Speedway Board Track Racing
XcDonBPmPys Cartoon Dinosaur Monster
XcW4kLjv1ow 1960s People in Lines Getting Vaccinated For Polio
Xdu4jxetIJM 1950s Little Boy Plays with a Toy Truck. Little Girl Plays with Puppy
Xe7PP74RcNA 1950s Black Wedding (Silent)
XeHAEZG3Q4U 1971 Chevy Impala from All Angles Inspires Flight
Xeut9VeV9_o 1950s Ski Resort (Silent)
XfZupYf1Z9k 1940s FBI Police Firing Range Guns Shoot Target
XhNm0K7_rxM 1967 Toy Slot Cars on Electric Race Track. Wipe-Outs
Xi6-nheUCto 1954 Korea USO Show Marilyn Monroe Visits Part 2
Xi8AlsdJdew The Moving Generation (1970) Part 7 of 9
Xj-5ochX9T8 Last Clear Chance (1959) Part 5 of 7
XjPEuxT1ljk 1940s Hollywood Pantages Theatre
XjqQDCVXDiA 1950s Bobs Big Boy Burgers
Xl64rmbR23M 1950s Two Young Boys Box
XlAX87tUunE An Answer (1962) Part 2 of 7
Xlv96schtpk 1960s Horses | Grooms (Silent)
XmFQFOM5P8w Faro Nell (Old Californy) (1929) Part 2 of 4
Xng17IbXN-A 1940s Supermarket (Silent)
XoGH9tHxXq0 Power and Land (1940)
XoSzFOIR084 1960 Volcanos (Czech) Part 2 of 3
Xoik_2THJdQ 1901 Pan American Exposition Mock Battle (Silent)
XpTywHAXpmA 1940s U.S. Life
XqD02fAu75Q 1935 King George V Celebrates Silver Jubilee
XqGA_46M8-c Future Cars the Jetsons Cartoon
XqUzshhGE0M Film Leader and Focus
Xr6VJjye-i4 1930s Actors in Togas
XrSsMrS26zA 1947 President Truman Visits Mexico City, Ottawa, and Rio de Janeiro
XsbhQ5jcXS0 1920s Opera Tenor, Giovanni Martinelli Performing
XsfTZQi5JRs 1941 U.S. Ferry Command Flies American Planes to Canada
Xu8E7dwPhuM 1924 Pilgrims How It Started the Mayflower
XuAGx-fwxIQ 1950s Homemaking Montage, Cooking, Cleaning, Laundry
XuKiEfwKWGg Cheer Laundry Detergent TV Commercial
Xuop6DtoiCM Beijing, China- Traffic on Chaoyangmen Daji
Xv2uuu3stQ8 1940s Passenger Planes
XvBry9PtSfE 1950s Lapel Pin: I'm Voting Democratic
XwOZ4Xep8IY 1950s Caveman Animation of Inventions
Xwx9TKDk2OQ 1941 Canada Windsors Visit Duke's Ranch
XxDiS5P8tbc 1950s Canadian Rockies (Silent)
XxSoc-ZrPNc 1930s Husband Climbs to The Top of Girder
Xxd7T71xW38 1962 NFL Game: Colts VS. Rams 30-27
Xxf3dDAqQF4 Santa Monica Ferris Wheel, Dusk, Time-Lapse
XxpGWYvuO1g 1960s Lunar Laser Experiment Seismic Seismometer Short
XyY3p8tnNXU 1920s Fashion- Swimwear
Xyksuk4WHrw 1957 Cape Canaveral Vanguard TV-3 Satellite Launch and Explosion
Xz2qC427l_U 1969 West Philadelphia
XzI5PyWf6FU 1928 Fannie Hurst Novelist and Her Lapdog
Y-VeWtpR_uc 1970s Color Commercial for Cold Power Detergent with Julia Meade
Y-fWPSYatcY Patty Bird (1952) Part 1 of 3
Y0V-U5S5zRw 1950S MAN PUTS SUITCASES IN TRUNK
Y0nVwUpBUQg 1920s Department Store (Silent)
Y12_KKvawxA School Board In Action (1954) Part 7 of 7
Y1L8CiVrqQo 1935 New York Dock Company Warehouse Fires (Silent)
Y1mBQSN88l8 1946 Bomb Testing at Bikini Atoll
Y1pp66FWbC0 1944 General McArthur Liberates the Philippines from Imperial Japan
Y26iAMsbZaA Circus: Ringmaster, Magician
Y2k9H2tgeAk 1939 New York Harbor SS Normandie Docked (Silent)
Y3BWtNTyCT4 1971 Chevrolet Impala Chassis Driven on Open Highway Road Car
Y4CYwLC_ZaA 1957 Guy Puts Hand to Head, Wondering; Shows New 1957 Chevy Belair to Pretty Girl and Midget
Y4aHB656Nls 1936 Mayor Laguardia Throws Gambling Machines into the Long Island Sound (Outtake)(Silent)
Y4mWtqS471M 1940s Railroad Dumpster Car Dumps Iron Ore (Silent)
Y6DnyuS7R1o 1980s Macy's Thanksgiving Day Parade
Y6W5d1v0e5Q Casino
Y72Qo__cunI Strike, Business Meeting
Y7gA0Lj4bR8 1960s Cape Canaveral, Florida Rocket Launch (Silent)
Y7lOa4nkVyc Electricians Climb Transformers, Power Lines
Y9xvkw8oj50 1936 Coal Powered Truck
YA2Q9EcpfQ8 1971 Monte Carlo by Chevrolet Cruising New York
YAPvEhntmag Breakfast, Desert, Soda
YBkgFj4Vl78 1928 Theater Icons
YC6VbzwGAuE 1950s Freedom the Right to Live Without Fear, To Work Where You Want
YCQdxiZ9sb0 Los Angeles, Downtown, Skyline, Night, Time-Lapse
YDDJCTKnDfI 1950s Two Kids Watch TV in Playroom
YDHq27yDCH0 1930s Detroit Flying Bicycle Plane
YE0S3H_8w-w 1920s Circus: Hula and Belly Dancers
YEG2Gnr1Uis 1960s Television Commercial: Crazy Clock
YEVWv_PVZZ4 1962 Harmelen Train Disaster
YEtBzE-uAwI The Great 1906 San Francisco Earthquake
YFCPicez3ZM 1940s Children in Wagon (Silent)
YFCV8ftYXPc 1950s Dump Truck
YFGm0_p2L2Y 1959s Women Sewing
YFtbi5Bg9mM Flapper Listens to Music
YFwQn8PklFA 1920s NYC Subway Station
YG0FShICpXs Age 13 (1955) Part 4 of 6
YGG2eSOVXHc 1930s Gangster Francis 'Two Gun' Crowley
YGoem1GKLds 1920s Jack Earle's Motorcycle Stunt
YH3wdE2qn0I 1940s Police Open Safe Deposit Boxes
YH8bb9UJ7xo 1960s Berlin Policemen Stunts
YHFXUt29AjE Puerto Rico, Small Cemetery near Arecibo
YHpb7q8SnGA 1962 Flight 923 Crash
YIRxAzDecHc American Heart, Lung and Blood Institute Commercial
YIWxzrRztaQ Tribe of Primitive People
YIfxXn3jYrE My Hometown (1947) Part 5 of 5
YImJ1rOE1bA Dapper Suit Gets Wet
YInpss7mkac 1990s New York City Candle Light Dinner
YK2GHdVAuig 1900s Waiters Very Weird Reaction. Victorian Restaurant Crowd (Silent)
YKTwkTEwIbw 1930s Police Pushes Man Into a Lake
YKmpHvOzlxE 1920s Keystone Cops Car Gags
YL1yFq9izNo 1950s Flower Parade and Mardi Gras
YLKRliRimcY 1940s Broadway New York City Part 3
YLLQBdMxSK8 1956 United Nations Troops Arrive in Suez as British Soldiers Hold Back Crowds
YLemPfVzuHE 1940 College Football Army Vs. Williams College
YLuYXZCKBjo 1960s Florida National Bank Commercial
YMQFXxDN6eg 1960s Paramount Studios, Film Production, Art Linkletter
YMTivEgzq9k Animation: Rooster Slaps Hen
YNAGj2yM_4g Mitchell BNC 35mm Motion Camera Excu Lens T. Roosevelt
YNR02VVBT1o 1950s Mexico (Español)
YNSMPC2y374 1939 Refugee Program For Jews (Original Audio)
YNWWCIZMeOk 1950s Family Getting on Bus
YOGEhqL2I8U 1990s Automobile Manufacturing - Robotic Assembly Line
YOYrB2wI5-s MOTHER HANDS DAUGHTER A GLASS OF WATER
YO_vcjjywDs 1944 Winston Churchill Arrives Back From Moscow After Meeting with Stalin
YOkX4anzfiE The River Mississippi (1937) Part 4 of 6
YOq7cyQ8DQc 1936 Olympics. Track and Field Jesse Owens National AAU Championships
YPY-8tp0m1c Is A Career In Government For You? (1972) Part 2 of 3
YPYIpqjnLFs Pony Express & Stagecoach
YPYW_6SXp60 1924 Washington D.C. Frank Hines Signs Legislation Granted Bonus Certificates to WWI Veterans
YPel79_UNEw The Diesels Roar on the Pennsy (1972) Part 3 of 3
YQQrnmqVtcI 1951 Scrappers Scrap Hitler's Yacht Grille
YRHnohO_9uM 1950s Laboratory
YRQQf71ZVBs 1930s Wyandotte, Michigan Building Demo P2 (Silent)
YSUp-ISc15Y Electrical Pulses on Oscilloscope
YT-DrnKA5Ic Boardwalk and Beachgoers
YTXl6IBpc3A 1940s College Boys Playing Game with Large Plastic Ball on Field
YUFOSCrus3k 1940s United States Marines and Color Guard Ceremony
YUMRcvBE4ts 1920s Evening Fashion
YWm0OC6csZw 1901 Pan American Exposition At Night Electric Tower (Silent)
YX0gxSnz4D8 1950s Lumber Mill
YXGsyHc4UA8 1941 Australian-French Forces Invade Syria World War Two
YXKJHh1yBSE 1960s Bikini Women Twist Poolside
YXc7XZqTcbY 1960s Verrazano Bridge In New York City
YXlfYudnSOw Horse Dives Into Water
YYdruDluHUk 1917 WWI Red Cross Nurses Helps Care and Feed American 'Doughboys' Overseas
YZdeJY-vLvo 1941 World War II The R.A.F. Ferry Command Takes Off for England
YZyy_5-8UVk 1950s Modern Home, Kitchen, and Appliances
Y_7hV-Y8l18 The White Outlaw (1929) Part 1 of 4
Y_Exp994WLM On Their Way (1921)
Y_h9E9u2TSc 1968 Mustang Fastback GT Carroll Shelby Driving (Silent)
Y_uaKDK0A28 1950s High School, Lockers, Teenagers
YaD4qT_wNIk 1960s Fletcher's Castoria TV Commercial
YaxlFh6Av4c 1940s Newspaper Boys Running Shouting and Montage (Silent)
Yb8Rls17j7w 1920s Hollywood Actor Jean Hersholt
YbD-4hTbkf0 1896 \
YbZQV6jqViU 1950s Ocean Bottom Storage System is Tested (Silent)
Yc3pdFiQEko Archery Stunts
Yc_wH9m5Q-w Christmas; Santa Gives Little Girl a Doll
YceuapHZgTo 1950s Yellow Butterflies on Lake, Jeep on Trail
YckIMwxn1yo Bottling Plant
Yd2DONRUL_g 1960s Drugs
YdYqbgbKfIg 1920s Harlem River Shore Front Before Improvement
YdeyggQSMIk 1960s Wonders of Philadelphia - Promotional Film
YdlX6eXrroc Two for the Zoo (1941)
YdriZnEhWUE 1950s Marching Band (Silent)
YeAh06ONeQs 1941 WWII U.S. Manufactures Bombers and Warships
YePuDiUfFYc Circus: Bears on Bicycles
YfIZjhvwwlU 1934 Rocket Car Arrives in Detroit Airport
YfXvd4MCCW8 1965 Washington D.C. President Johnson Announces Poverty Assistance Program
Yfc_pDFzncc 1936 Mayor Laguardia Smashing Gambling Machines
YfmmNs0u0Xs Brontosaurus vs. Allosaurus
Yft5vD9LhxY 1960s Hippies Dancing at Festival
YfuVug5dh2w 1990s Winter New York City Columbus Circle
Yg3JXXZ-EFk Miniature Couple Dance on Miniature Set, Clock Spins
Yg56JwZlDac Tiny Thumbelina Toy Commercial
YgD9qO21QKw 1970s Crest Toothpaste Commercial
YgswQ0tPsgY 1930s Invention Flexible Glass
Yh7k61MezVo 1940 New York World's Fair Goodrich Rubber Products
Yh8DOjmz0JU 1960s Hong Kong
YhGP0_d_2RY 1950s Old Man And Boy Play Checkers
YhilN9K3oMA 1952 United States Presidential Election
YhtwHyHeYwU 1949 Steve Gibson & His Red Caps Jazz
Yi7wEqLPAss 1936 New Jersey Forest Fire
YikZCHGv6xw Before the Day (1960) Part 2 of 2
YjwDmrnHuBU Women Using Weird Exercise Machines
Ykhw8V1G5X4 1920s Kitty Hawk Memorial
Yks8JOZOhdc 1904 World's Fair Louisiana Purchase Exposition Panorama from German Building
Ykv1umMAEvU 1941 Canadians Invade Germany World War Two
YkwjJNttuWA 1920s Dance. Luxembourg Hop Religious Procession / Odd
Yl5xqtFhW_g 1950s Monticello and Thomas Jefferson
YlY-tlPMQ1s 1930s Dillinger Captured
Ylktwa3lhR4 1960s Detroit Construction Worker Drives Off (Silent)
YloWo-ssYPQ German & Bavarian Horns on the Alps
YmU7uP2yg1c 1900s Cars
YmohbL23eHw 1940s Labor Men Setting Up Wood Trimming Machinery
YnWAOxXd9RY 1950s Pacquin Cold Cream TV Commercial
Yog2iqfk0VY CHICAGO, AERIALS, NIGHT
Yp-tMorR9Pw Americana Shopping Clip 1
YpGint_5JEw 1953 East Berlin Riots
YpVdc2GXF_Y 1940s Belk-Martin Department Store
YplLm0e9w4I 1960s Family Sits Down to Dinner
YqvfXERPlgQ 1940s Christmas Shoppers, Street Scenes
Yr1MXam0P-Y 1940s Male Factory Workers Walk Towards Camera
Ys3JvzWvBPo 1960s TV Commercial: Tammy, The Ideal Teen
YsgyCsN1SbQ 1950s Shoppers Rush into a Department Store
Yt-kft0Y140 1935 Miami George Bernard Shaw Comes to America
YtEnAoS7YZo 1950s Suburban Family Cookout
YtW36LBfoOY 1910 Harry Houdini Makes First Controlled Airplane Flight in Australia
Yu0dL5OEnAs 1960s Ham Sold Under Variety of Names for Your Information Like Butt
Yu7U0BLWPGg 1902 Boots Polished Men (Silent)
YuzTQiwv__0 Leave It To Roll Oh (1940) Part 1 of 2
YvRR8XJfPec 1963 Lincoln Statue
Yx0rbB9I6OM 1917 Benedict College Graduating Class Photo
Yx6YwTOFV-E 1940S WOMAN PUTS SOMETHING IN WASHING MACHINE
YxO6gknvKJI 1970s Pepsi 'Psychedelic' Commercial
Yxbqw8IL0aE 1930s Great Depression, Rioting
YyUZgi9hhhM 1950s Tennis Serve & Volley
Yysy2QMFuO8 1950s Barbershop Quartet
YzIo70Lq83Y 1950s Squash, Broccoli, Beans, and Beets
YzJqv5gt748 1940s Kids Spray Insecticide on Trees /Farm/Agriculture
YzqrPrKiGnw Man and Flight (1956) Part 1 of 2
Yzvq3nLKc-8 1948 Florida Everglades Gator Wrestling
Yzw25R9KDUI 1960s Protests Over Communist Infiltration of the Soviet Clergy (Silent)
Z-99akKUHd0 1950s Science and Research. Lab Technicians. Microscopes. Engineers
Z-Zemev5eyI 1970s Disco
Z-zbETKXrC8 NEW YORK, BROOKLYN NAVY YARD, DAY, AERIAL
Z08aP4wxsvw HAIR DRYER 1940S
Z28o8L4YNFE 1959 Various Display Engines; Chevrolet
Z2SQ3CjGhX8 1950s Men Work Out
Z2_GQ-Y9hOI 1960 New York Mid-Air Collision - Aftermath
Z2nYbIsdB1g 1960s Women Clothes Shopping
Z2pzXE3ls7w Steel Man's Servant (1950) Part 1 of 8
Z2xrEu2GIf0 1950s Cigarette Packs
Z3RNSoWX7Bo 1904 Apparitions (Silent)
Z3ZFyh57pPI How Much Affection (1952) Part  3 of 4
Z46kxoSaTxE 1910 John Bunny Nickelodeon's First Fat Funny Man
Z4Qf0AdXIUg 1940s Car Getting Gas
Z4buARkqykk 1960s Photographic Department
Z4zqejt5X80 1968 San Fransisco State College Riot
Z5DrZ_rebeM Let's Create Some Problems (1967)
Z6AnS6ssziQ 1930s Hollywood: The Beckoning El Dorado... Metropolis of Make-Believe
Z6u59OnCSHk 1950s Trial In Session (Silent)
Z7BJ4J5yNy0 1940s Kunming Fire Starts After Bomb Raid Evacuation
Z7SioA_cW-U 1950s Footage of the Sun During an Eclipse
Z7bovYjgZ8I 1940s WWII Wounded Veteran Arrives Home
Z7sbok4nhFU 1904 Just Before The Raid (Silent)
Z8GaLXkceDw MAN PLAYING POOL VOLLEYBALL
Z8icoxYqOJk WOMAN PUTS AWAY GROCERIES 1950S
Z94ier6hbwI WOMAN STIRRING POT 1950S
ZAGJVECjFG4 1940s Newspaper Writers Office (Outtake) (Original Audio)
ZAVXG9kWgLg 1939 FDR Speaks at Treasure Island Exposition
ZBOrAKAVyz4 Parade of Motors
ZBWRyv98j0c 1965 Robert F. Kennedy Supports Bill S 1592 on Firearms Control
ZBqAZEbAYHo 1936 Fashion: Jewels on English Beauty / Royal Diamonds
ZCZ9J18Ps4k 1980s Fashionable Fall - Ins A-B Roll
ZCcUNmBe_-U Exterior, Interior,  Operations, Coca Cola Bottling Plant/ Manufacturing
ZCsoKgHdVXU WATERS OF THE COMMON WEALTH PT 1 WS TC
ZD8vUsxjUgY Time of Disaster
ZDAlPQm0hK8 Flappers Pampering
ZDGH2LLi4u0 1950s Luxembourg Palace Paris Peace Conference
ZDN_scZ_Isw 1940s United States Fighter Jets and Bombers (Silent)
ZDTIvnhmpzg 1940s Spanish Mariachi Music, Flamenco Dancing
ZE4OdvEjM5g 1970s Husband & Wife / Explanation of Color Blindness and Chromosomes
ZEVGH9vyNDs 1929 Acrobatic Acts (Silent)
ZEZ67OIivz8 1990s Man at Computer
ZFbhh6xdieE Jitterbug Jam Crowds Dance Night Legs Clapping
ZFdBf4ewCcI Getting There Is Half the Fun Part 9 of 9
ZGBWKr3kU2g TRIDENT GUM COMMERCIAL
ZGSt86ZEiUk 1956 Hungarian Revolution (Silent)
ZGk-kbePHz8 1970s Vietnam War, Anti-War Protests, Arrests
ZH18wMcCDB0 1980s Las Vegas Neon Signs, Vegas Strip
ZHQakuaWLm4 1956 Washington Emphasis Education In the Space Program
ZI-sf44YCTY Policemen Stunts
ZI5XW6QyGww 1905 Young Ladies Visit Coney Island for a Day of Fun
ZI8-ux1OW1U CAR BRAKING COLOR 1950S COLOR
ZJScM_PPtY0 1940s Troops Return Home from War
ZJksaP43G7M 1918  WWI German HQ Shelled By American Troops (Silent)
ZJsXZz_QxEc 1928 Bathing Suit Models
ZKFKND65EMY 1959 Iran Part 1 of 2
ZKW7i1qOVeU 1940s Young Boy in Military Uniform Salutes
ZKje8TbX3A8 1945 Shot of Statue of Liberty with Words Liberty
ZLJ6RvvuDH8 1957 White House Press Conference Eisenhower 'Missile Gap' Speech
ZME5C2ugrJo Atomic Bomb Testing
ZMOcRU2BI0E 1960s Saigon, Vietnam
ZMotG8KbMZs Fighter Jet Combat Aerials 46
ZMr6ScxfEGA 1936 New Years Eve Times Square
ZN8wlpnLBYg 1930s Hollywood Movie Premieres Variety Magazine
ZNBbiDliTaw 1940s Salinas Rodeo
ZO0S1vRRvB0 1950s Suburban Streets and Playgrounds
ZODeXUHVQ10 1950s Aerial of Dry Rocky Terrain with Vehicle Roads
ZOLyqc3rYv0 Dialing Deals (1950)
ZOnVIy6UGEY 1971 POV Chevy Truck Driving up To Camera
ZOt4of9D1nw Teachers and Students
ZP4g2JvXlEM 1950s Super Electronic Brain Has Spurred New Industries
ZQFPGIo91eE Malcolm X: Struggle For Freedom (1965) Part 4 of 4
ZQMtBO_D5Jo Women in Kitchen
ZQUS3ihPsAU The Ballad of the Soup De Jeur Part 1 of 4
ZQbCyFxCVeA Vandalism (1953)
ZR1KMTZ2Yjg 1950s U.S. Steelworker Strike (Silent)
ZRP8x28_c0o 1935 Italy Mussolini and King of Italy in Military Dress
ZSSRqTzGlL4 1950s National Guard Responding to Flooding
ZSdIZ19s0zk 1934 Paris Festival Josephine Baker
ZT9VV_7zkT0 1930s Women on Exercise Wheels
ZTKCQT0wDkc 1920s Coney Island Carnival & Fair
ZV1lj5miWqU 1940s Aerial Shots of Early Los Angeles: Hollywood, Beverly Hills and Studio Lots
ZVWU6fapa5o 1969 Philadelphia - Germantown High School
ZVvDWkrHbNA 1960s Hippies Dancing at Festival
ZXCihb2aW6U Cavemen Makes a Weapon, Cavemen Battle
ZXD6rWNu3T8 1950s Horse Race
ZXKWiDR2vac Couple by The Window
ZXKtwcxhzs8 Boy Eating
ZYCrUs-tmME Fashionable Women at Airport, Fly over Grand Canyon
ZYWficycSjM Asbury Park Beach, Summer, Umbrellas
ZZ71p-FBDbE 1950 Daily Life (Silent)
ZZPIqGBiUJw 1950s Zoo Animals: Lions, Llamas, Deer
Z_9axte-_lc 1935 Hollywood Max Factor Studio Opens
Z_UJ1MMPimY 1950s Concrete Pipe Plant
Za3woxVKJTc Deadly Racing Accident
ZamuAgmtT-c 1950s Rochester, New York Streets
Zb86Q9RVhtY 1940s Chicago City Council Chamber Youth Conference
Zc-n5qI32Rk NEW YORK, HELL GATE BRIDGE, AERIAL
ZcCght2rqAM 1949 SS Noronic Fire
ZdGjYe5_iuU 1960s Pearl Drops Tooth Polish TV Commercial
ZdIztV3pSAU Pony Express
ZdupVLy6gGk 1950s Natural Gas Conversion Station
ZeNCN8wRQ50 GI Joe TV Commercial
ZeWGg2u5oXg 1940s Detroit Pedestrians Crossing Woodward Avenue (Silent)
ZebUahR9Xro Man Stretches with Hula Hoop
ZfZ042PvhUk 1956 Atomic Energy and All Its Good Uses
ZgcMKt_K7WI 1966 Operation Paul Revere II
Zhv2jT5Xzgo 1950s Kodak Motormatic 35 Camera TV Commercial
ZiFzfLHO2Fc 1960s Scientist at Microscope
ZiQf_XlZln0 Xenia Disaster Relief PSA
Zj37_aXpQ4E Miracle At Palm Springs (1970s) Part 5 of 7
ZkPDBaWZzVE 1920s Dancer Josephine Baker Folies Bergere
Zl_zBhKcXLk Human Reproduction (1948) Part 1 of 5
ZmwbMDAkpEE Not For Conquest (1965) Part 3 of 3
ZnPApe1UBiw 1939 Lincoln National AAU Track Meet
ZopeVSa7bxQ Jupiter Winds (Silent)
ZpbLRSXgZkg Mr. Clean Commercial
ZqJC31l25Kg 1930s Glendale Film Star Mails Herself
ZqZoecnUkgc 1960s Renaissance Art. Knights Parade Armor. Sculpture
Zqkj205IFBc Head On Collision
ZqlpqVXWfAk 1903 Madison Square New York City
ZsRulnzoWPo Beijing, China- Buddhist Temple
Zsprlqs4yOY 1920s Art Goebel Jr. Performs Parachute and Airplane Stunts (Silent)
ZtEPG5rytsY 1920s Tugboat Ferry (Silent)
ZtGCo7EW5Yk 1968 Assassination of Robert F. Kennedy
ZuF5NprbIWw 1950s Baby Goes Home, A Guide To Care And Feeding
ZuKeJo9ADig 1903 New York City East River Skyline
ZuP3YdLPaVA 1940s Newsboys Selling Papers \
Zv9G-H5qLfo 1900s Man Pulled out Of Car. Car Falls Off Cliff / Destruct Gag Silent Film
ZwsRHt6jjmQ 1948 Florida Fashion Show
Zx63FCM_2O4 Fisherman Shares a Drink with A Bear
Zx7kR3iGVV4 1950s Speaker of the House Sam Rayburn
Zxawn9Y_35U Grandmother and Granddaughter Inspect Refrigerator
Zxc6KZzWP44 Leader
ZxnwunTkfNY 1964 Gulf Of Tonkin Incident Start Of Vietnam
Zy1eYiTmYiY 1911 Dreamland Fire
ZySsTTYYq58 New Jersey (1957) Part 7 of 7
ZzY94Skmg3I 1980s Bikini Girls Swimming, Jumping in Pool
_0LWuoZnScM Assembly Line, Factor
_0e9HJf_ZpI 1940s Man Tunes TV Antenna
_1nO03s9skI 1960s Driving: Interior POV From Rear Seat
_1wsXp5q7wY 1950S FAMILY WASHES CAR COLOR
_23R2t1A_Rs Children's Medical Services Commercial
_264JwRdkPM 1950s Panama
_2Ce4Ym7zII 1920s Man Hangs From Airplane By Teeth (Silent)
_2n2wenDsWE 1958 BLUE CAR DRIVES ALONG ROAD
_31OoDnLZNQ 1950s Family in Car
_3JdQEe_2_E Stalking Dinosaurs
_3dp3n8Mcy4 1971 Attica Prison Riot
_4AkIhxX9WU 1931 Maria Montessori Teaching Kindergarten (Silent)
_5i5iYF6Qk8 Going Steady (1953) 2 of 3
_5vt3_N4TyA 1941 U.S. Navy Launches Cruiser Atlanta, World War II / Margaret Mitchell
_5wXT4k7LXw Women in A Supermarket
_5zu9rDR5dY 1960s Hawaii's Origin, Land and Climate
_64fqyqcwhM Dance Girl Audition / Theatre Vaudeville
_66pJfAB2qw 1939 Rose Parade
_6Gj7J1eh9E Silent Film Snippet Gloria Swanson and Bobby Vernon
_6gYtYUN4Cc NEW YORK, SKYSCRAPERS
_6tM4CnOqA8 1950s Track and Field (Silent)
_6zjbgr-7dc 1936 Australia Line-Up of Men in Bathing Suits
_73Uh0auPVU History of  Television Broadcasting
_76Xt1Ww8No New York Cracks down on gambling, Smashing Roulette Wheels
_7o73qez9Js 1950s Tractor Trailer Goes Past Dusty Road
_8ooVULGLs4 1931 Will Rogers Talks About Assisting With the Red Cross
_8wFDAbTuSU Binoculars, Brontosaurus
_9hvxroxQY4 1930s Cadillac V-16 Interior and Exterior Close Up
_AlYq4AzEF4 1937 Chinese Clipper Delivers Mail to the Philippines
_BCFuPny3GU Coast to Coast in 48 Hours (1928) Part 2 of 2
_BJgZIGyWEc The Car of Tomorrow Today (Silent)(1948) Part 1 of 5
_C3ldXKgiWY 1934 Barbara Hutton Returns From Honeymoon With Alexis Mdivani
_C4R80756Ec NEW YORK, MANHATTAN, CENTRAL PARK, DAY, AERIAL
_COLYWkh4lQ MONSTER DINOSAUR
_D86JWxg2LY California Picture Book (1930)
_DEnko0jL2E 1950s Chevrolet Cars
_DkqXalQkK4 1956 Construction Workers and Cement Mixers
_ET1p02QiDY 1960s Futuristic View: Housewife Shops From Video
_FSwNIyXkYg Pan Am: Grand Tour Part 2 of 3
_FXmt08T2Ns 1918 WWI Americans Use French 75mm Field Gun (Silent)
_F_WanWsP14 1940s Electrical Transformer Tower Explodes
_GG1IZMaIdg 1964 Harlem Parade in Honor of Jim Brown (Silent) Part 3 of 3
_HPk-CHlICk 1960s Rocket Launch
_HqjbaKb_-E SENIOR COUPLE AT RESORT HOTEL
_I2bBMP3doI 1950s Chickens Packaging Plant Modern Mass Production Operations
_Irb39gR2T8 Clothes Dancing
_JGqp4tPWyM 1950s Chicago United Steelworkers Of America Meeting (Silent)
_KE7GUerMPg Fit for a King (1937) Part 4 of 7
_LDGBd3xQE4 1940s Family Watches TV
_LH5q_mS2C4 1909 William Howard Taft's Presidential Inauguration
_LU1oNHPj_s 1941 Roosevelt Churchill Meeting World War Two
_Ldapx3xv0s NEW YORK, MANHATTAN, DUSK, AERIAL
_LgyXy-hiXQ 1958 Queen Soraya of Iran Arrives in New York City After Her Divorce with the Shah
_MJQrC-m7x4 1920s Washington D.C. WWI Veteran Delegates Enter the White House
_MgRnpNkQgU Radios on The Beach
_N_vcGXkEMo 1903 Egyptian Fakir with Monkey
_NnjBooAQ10 Rocket Launch
_OrpLUpG6Ow Helium (1966) Part 3 of 5
_QPHidj0NpU 1943 Walt Disney Holds Meeting at Walt Disney Studios (Silent)
_QSQbkywVmw 1928 Wright Brother Highlights
_RJ4GKqFW48 1970s The First Hours of Car Ownership Part 1 of 8
_ReaHK26UVY 1949 Hollywood Producer Addresses Crowd on Importance of Movies
_S3y9RgF3L8 1940s New York City Crowds Line Up to Meet Hopalong Cassidy
_SEGzdPZ-0k CHICAGO AERIAL: SAILBOATS DOCKED IN HARBOR; SHEDD AQUARIUM
_SFR7Rb27wU 1960s Working With Money
_TAypVMJHkM Ladies Filing
_TXerh7EiLU Report From Texas (1944)
_UOlUS5UKDU Popcorn Popping
_VuPcmV3yzQ 1950s Golf Tee Off
_Vy5RGJNvGg 1956 Hungarian Uprising Against USSR
_WJfDWmKc8E How You See It (1936) Part 1 of 2
_WZSFXuEEzc Dramatization of Mobsters
_Xzvk0Kwif4 1939 New York World's Fair Part 5 of 6 (Silent)
_YZx5-jEPJw 1940s Diesel and Electric Locomotives
_Z9du6N6f2E HOME CONSTRUCTION, LOS ANGELES, 1960s
_ZBI8vi_Dt4 1960s Cavemen Finding New Way to Eat Meat
__Jyi_uB5uU 1940s Soldier Gets Teeth Examined
__fjr3UBYMc 1950 Watermelon Jubilee
__fmW3I6Zpc 1900s Teddy Roosevelt Rides in Car and Give Speech (Silent)
_aJDo55V96E 1960s Modern Art Museum (Silent)
_aM0CgPXUyc 1936 Summer Fashions
_apm82lh-K4 Beijing, China- Pagoda at Jingshan Park
_bVAI4k-N6U 1919 New York City Traffic Lights Double Deck Bus
_bfbhmCX6qo 1980s Skateboard Tricks
_c6k0CAbSus 1939 Maine Thomas H. Smith Attempts a Transatlantic Voyage in a Aeronca 65-C
_eKU2WsUpJU 1952 Korean War
_eN-CmNUuOw 1950s Man Rides up On Horse, Horse Drinks from Trough
_e_NaqENKbw Midwest Holiday (1952) Part 7 of 7
_faLQYIP4p0 ELEMENTARY SCHOOL GETTING OUT 1940S
_g0fVJmquSA 1960s Car Speedometer, Stopwatch Timing Zero to 80
_gIjI1-mQvA 1950s Children in Classroom
_i9m8pgmsVk Film Leader 19
_iA2PY9xF-c 1950s Teenage Party
_iPrOF1Pluc 1960s Elementary School Teacher in Classroom
_iPwH_VLA6M 1920s Dancing Girls
_ikOTO0WAvU 1930s Rome 10,000 Students Do Their Daily Dozen for Il Duce (Silent)
_jTkKqLzGJM 1956 John Foster Dulles Discusses the Suez Crisis
_jx0Ol-uhOA 1918 WWI American Snipers (Silent)
_l4YZQiSmEg 1950s Diagram of Automated Factory
_lMnFPzkuXE 1950s Women's Fashion Show
_lrO7B2VRDg 1950s Teenagers Play Ping-Pong (Silent)
_n8Sr3MuNMw Apollo 11 Lunar Landing (1969) Part 3 of 3
_nveypt47wk 1950s Voting
_oDJXzi-lXg Building A Bomber (1941) Part 4 of 4
_oN-Jg9k5Vg 1940s African American Artists Teach Art Classes in Schools and Colleges
_pFSCM0y9No Keep Off The Grass (1970) Part 1 of 6
_pKOOJ-IK5E Vintage Silent Slapstick - Car Crashes and Runaway Cars
_qCYDlDSvT4 For Better But Worse (Snippet) (1915)
_qk4h-0fTFA Caveman Playing Football With a Pig
_rWPNp_MRWY 1941 USS Wilkes-Barre (Astoria) Begins Construction
_sGr-1lRctI Canada to The Keys (1955) Part 1 of 3
_sVrLqRUATA 1933 President Franklin D. Roosevelt Ends Prohibition
_sYRCg9Jq1A 1920s Early Buses, Streetcars, and Roadways
_t9aGa9r-JY 1970s Hippie Fashion
_tGPc86HpzM 1940s Nurse Examines Inside of Patient's Mouth
_tJJebsPZX0 Earth From a Spaceship
_tOrcHnh_lk MATH TEACHER SCHOOL 1940S
_tRTafX9qKE 1970s Orange Crush TV Commercial
_tWHDmk1-KY King of Diamonds - Lou Gehrig (1952) Part 3 of 3
_tk7lU2MY_g Silent Film - Caveman, Cavewoman, and a Hermit
_ubT3Zgv_6c 1935 London Duke of Gloucester Engaged to Lady Alice Scott
_v4ZxLEnFCk 1947 Election Process in the U.S.
_vO0f6qUOEE 1930s 24 Dead by Tornado in the Midwest (Silent)
_vS6E7FE0z0 1960s Fashion
_vr13d6ccqs 1899 Boats- Marconi Rigged Schooner and a Single  Masted Steamship
_wNHjCqShs0 Malcolm X: Struggle For Freedom (1965) Part 1 of 4
_wg4-BcJrKU Jolly Roger Flag Flapping in the Wind (4K)
_xlSstFjyy4 1920s-1960s Thomas Jefferson's History, Artifacts & Personal Papers
_yPIEoVvA04 1945 Army Navy Screen Magazine No 53 Part 6 of 6
_yV57b0sW9c 1956 Hungarian Refugees Flee to Austria
a-GuJEMQBng POV of 1970s Gas Station Attendant Cleaning Windshield
a-q2PDShlwQ 1950s Cyprus Vote for Independence (Silent)
a-vIXvhm5Mw 1915 Panama–Pacific International Exposition (Silent)
a0-Xoy7jguI Mars Rover Mission Simulation
a0ORu2KaVAA CHICAGO, AERIAL, LIGHTHOUSE, LAKE MICHIGAN
a0q_x1HmPvY 1955 Broadway After Dark
a11YbyI3zy4 1950s Milk Man Fred
a1Yu4AKnBQ0 The Can Do Outfit (1966) Part 3 of 3
a1mtejocWqc NEW YORK, MANHATTAN, DUSK, AERIAL
a1nPKIzSKI4 1927 Sacco and Vanzetti Execution
a2FK4aPA8es 1935 Jack Dempsey Receives Steer for His Restaurant
a2ppLlzJytw 1950s Graphic Artists at Work on Drafting Tables
a3XnYoqtWck 1960s Casino Nightlife
a3kEgg6lORc 1920s Christie Comedy Girls Fashion Show
a3yMsYtD5UI 1940s Moscow Council Awards Citizens For Putting Out Fires From Nazi Bombings (Russian)
a52YHl_qu5s 1920s Gymnastic Mailman Stunts
a5VR5LQ0wJA 1950s Cyprus Riots
a5lRQC3kHfg 1950s Devils Dancing in Hell Santa Claus
a6MEvMLA9mY 1956 United Nations Troops Preserve Suez Ceasefire
a6Q5dg7a1gU Why Viet-Nam (1967) Part 5 of 7
a70aNVkGxvU 1950s Construction Site (Silent)
a73eUiDX7CE 1950s Car Manufacturing Part 3 of 3
a7LakE-uPYM The Inheritance - Billy Bevan Silent Comedy
a7Y6U3IqjaY 1930s Duncan Sisters Raise Money with Herbert Hoover
a8Oz--tEcQ4 Film Leader Countdown
a8qlj8pNgWk Newspaper Printing
a8sKiv4v-UM 1928 Ladies Evening Wear
a9Cgo-ANZJw Newspaper Deliveries, News Stands
a9GpfR2vpSs 1966 Luna 9 Lands on Moon and Transmits Photos Back
a9eEWFXXaso 1960 New York City Art Gallery Modern (Silent)
a9oK_xXvQrQ 1968 Chicago DNC Riots
aACcsrlC_lU 1960s Street Musicians, Hippies and Flower Children, Body Painting
aAGN7d1Slt0 1950s Musical
aC3ZXMyvZXA 1940s Automobiles
aC7qTA2miz8 Spinning Globes
aCDzq2KnjIo 1940s American Town Runs for Shelter
aCNCSxexc3c 1967 Auto Race. Drag Racer Approaching Start-Up Line / Sports
aCRYmmuiHhw 1968 TerraPlane Hovercraft Prototype Demonstration
aDhRuq2NRyY Budapest, Hungary, Tram, Commuters, Night
aEtxJPL60AU 1972 Japanese Emperor Hirohito Visits USA
aF-lHNbk5_E Volcano Eruption
aFJ1FRSBjNI 1960s Suburban Tract Housing
aFukWkrGaxw 1960s Beer Commercial
aGmTrpN_Idg 1950s Scientist Works With Glass Tubes in Laboratory
aHw6VHnvYn4 1935 FBI Arrests Robert V. Miller Arrested
aJekHxjQJV4 Sand and Flame (1939) Part 3 of 4
aJwwG_6_Yis 1961 France Derailed Train Crash
aKOc0JtPGmU BOY EATS AT TABLE 1940S
aKyQQoSACGM 1920s Ballroom with Patrons Singing and Dancing
aL0gsRuCDKI 1970s Shell Gas Commercial
aL16cDk0kHM 1940s Firemen Play 'Hose Ball' with Fire Hoses
aLPVoRuylU4 FLIPPING BURGERS 1940S
aLXEwpEtW2c 1950s Students Sit on School Steps
aM3osqcL6Oc 1980s New York City Street Scene
aMIh1P9EUzE 1956 President Eisenhower at a Swearing In Ceremony
aN1FPpDphd4 1970 First Hours of Car Ownership Part 4 of 8
aNFB0SFNCjk Felix the Cat - Drunken Spree
aNHOrsRtXDI Cowboy Bites a Glass Bottle and Drinks It
aNMYo6_F4sc Social Courtesy (1951) Part 1 of 3
aNerN_j5Rng 1936 Broadway Paradise Restaurant Midnight Merrymakers
aNfKbvdf6NE 1935 Quetta Earthquake
aOGvQgXtfqs 1950s Soldiers Being Interviewed (Silent)
aP4CBR4GOIA 1933 Lionel Barrymore Honors May Robson For 50 Years Acting
aPv9qni4Ye0 1950s Telephone Repairman Climbing Telephone Pole / Repair Labor
aQekvoQs9tg 1960s Downy Softener TV Commercial
aQwp_md1UGc 1960s Hippies Dancing Outside
aRWL434fQfo 1933 Chicago Beer School Reopens As Prohibition is Repealed
aTQoSDLAkos 1940s Ping Pong
aTgtZvAF_ng 1950s Children Playing at a Trampoline Park
aTvhD2aCg2A 1962 Death of Eleanor Roosevelt
aU-iHmwddoY 1898 Commodore Dewey Defeats the Spanish at the Battle of Manila Bay
aUEgO8AI-Gc 1920s Mid-Air Refueling (Silent)
aVOhSQBu8QE 1960s Ranger VII and Surveyor 1
aVdzVqq-hZ4 River of Doubt (1913) (Silent) Part 6 of 8
aVjTkYSAYFA 1930s Great Depression Bread Lines and Jobless
aVqk1st4JmY 1970s Classroom
aWCbKtRuY8g 1970s Jimmy Carter Announces Presidential Bid
aW_GJQq6TfE 1956 President Eisenhower and Mamie on Vacation in Augusta, Georgia
aWyq57fTZRg 1963 President Johnson Speaks to Joint Session of Congress
aXPtVxVelIM 1950s Guy and Girl Drink Coke on A Hillside Horse Race
aXU1y_fzrEY 1960s Hippies, Joan Baez,  Protest, Phil Ochs
aXU2GKKCDAw Calendars, Swinging Pendulum
aXqQ8cIe2GA 1941 U.S. Women's Singles Championship
aXt-9acOD-4 1900s Silent Film Star Charles Ray
aXwEFo8WLlA 1990s Industry. Manufacturing. Steel. Oil Rigs. Cars.
aY9H7ckxFAQ Jimmy of the Safety Patrol (1951)
aYGzPF5csQE 1936 NYC Hindenburg Flying Over Manhattan
aYitqgzYvWM 1950s Video Telephone Call
aYvCSvVE2KA 1950s John Foster Dulles Meets with French Foreign Minister Christian Pineau (Silent)
aZ211NYg9zU 1966 Vietnam Cargo Ships Deliver Supplies
aZT0-47yIgs CHICAGO, AERIAL, SEARS TOWER
aZtbTr5Lpl0 1940s Cooking and Flipping Hamburgers on the Stovetop
aZyLIbaV_k8 1938 RMS Carinthia Arrives in the Caribbean (Silent)
a_3dwoW4QMw 1966 Vietnam Air Strikes And Airlifts
a_mME_Z2mOI 1960s Playtex Commercial
a_zgnNG3Hn4 How Much Affection (1952) Part  4 of 4
aa8fns8aCk0 1960s Cartoon Blows Up Car
aa90TZ0D9kg 1935 St. Moritz Olympic Training Bobsledding and Figure Skating
aa99qEQjLFM Engineer, Businessmen
aaYaTFbwMw4 1940s Old Mission Santa Barbara Monastery
abDw8PO8_to Tango Dancers, Argentina
abH8oHLU-GQ Vending Machines
abONf31a6N4 To Humanize Our Police (1974) Part 1 of 2
abRvEr0uZbY 1950s Devil Gives Santa Grief as He Delivers Gifts
abo0cpZEpbI 1960s Early NASA Astronaut Training in Pilot Chair
acHwD9htJAo TWO BOYS EATING ICE CREAM 1940S
ace7CLvBohc 1930s Great Depression, Dust Bowl
acj31AtbM4g 1960s New York Greenwich Village Fashion & Lifestyles
acoq4E7reM0 1960s Evening Fashions
adbbfkVqX9Y 1956 Cars General Motors Dream Cars of Tomorrow Motorama
adwi5gXX1MA 1940s Jungle Man Chased by Elephant; Elephants Running; Hunters Shooting
adxiRutQE5k Film Leader 25 in Color with Woman and Talking
aecfs_D3v8g Miracle At Palm Springs (1970s) Part 3 of 7
afW9Z-Trj_0 1930s Policeman Spots a Couple (Silent)
ag2XPws5jds 1950s Medical Innovations: Portable Respirator
agIR3Y6IYoE 1950s Hollywood Ronald Reagan in a Studio Lot
agymrDoaR2A 1926 New York City Pinup Contest
aher3812jwM Height of the 20s (1925) Part 3 of 5
aiRbYA06vrU 1950s Walrus Swims in Arctic Ocean
aiXN52PjUJ0 1968 Winter Olympic Torch Carried From Olympia to Paris
aiXh27LQwp0 1936 50 Mile Motorcycle Obstacle Course (Silent)
aj2FfHCxF2w 1970s People In Wheelchairs
aj3Oyh7dJMo 1925 The Darwin Case / Scopes Monkey Trial / Clarence Darrow
ajRRdJgt4y4 1962 Parisian Fall Fashion
ajVG7EHJ_yw 1948 Mobile Bay Harbor
ajwFa-_B8oA 1950s Sweden
alBHJyDYtzw 1950s Record Turntable
alBd0Dag1PE Family Watches Televised Parade
alq_PnWsAGU 1940s Boy Drinking Milk
alsgC8DRQUE 1950s Fishing Boat
amzgwBNpFtA 1966 The Beatles in San Francisco (Silent)
an6cZtg95kA 1918 WWI German Plane Attacks American Zeppelin (Silent)
anF6am3TK24 1900s Early American Industry
anV8SfLUIMM 1940s Labor People Working on The Railroad, Chinese, Mexicans, Asians, Latinos
apD24J1e1XQ 1930s Wellesley College Girls Annual Hoop Roll
apI28uWhqew 1927 Swimming Competition George Kojack Johnny Weissmuller
apnz8B6InpA 1930s NYC Stuntman Floats Across the East River on a Chunk of Ice
apqbNwnpCTk Woman in Pajamas Slaps Man
aptp_FtvguY 1969 Philadelphia- Nixon Theatre
aqRiRJVQFM8 1920s RCA Television
ar2VPTa2Wzg Two Men Fight
arMtst0yqeI NEW YORK, BRYANT PARK, NIGHT, AERIAL
areOtU2JVoo 1960s Mother Teaches Children to Read Clock Twins
aru5AedB9ig 1920s Hollywood Actress Laura La Plante
asjxZIQLVPI Commercial: Motorific
asoXcE3gcpc 1948 Netherlands Special Courts Hanns Albin Rauter Trial Part 1 of 3 (Dutch)
atIHzLv8iBw 1937 London Skipper Sopwith Sailing the 'Endeavor'
atSCprNXVY0 Los Angeles, Downtown, Skyline, Sunset, Time-Lapse 11
ateNyo9BcPk 1965 Kashmir Crisis
au7VnTO9Mto 1970s Disco
auCMvkxiFgU Ham Varieties of Ham from Pork, Shank, Cured
auKYOt6JRNw Where Love Is (1954) Part 5 of 6
auSbvb5_WlA 1945 Germany Sign Surrender Terms in Rhiems
auwu0RJckHw 1949 Blizzards, Plane Crashes
auwyPuCw1m0 1932 USS Dirigible Akron
awC8qVKyUqM 1950s Washing Machines
axkvc9VEVV4 Factories, Smokestacks
aykHWBcxPpo Physical Fitness (1961) Part 2 of 3
b1C7WJP3Rqg 1940s London Queen Elizabeth & King George Inspect Factory
b1Sr0R4jQLs President Roosevelt Aging From 1932 - 1945
b1XgrtycuHc Reel to Reel Audio Recording
b1qPlnnzC5o 1950s Musical
b3J7FwVnOrc NEW YORK, BROOKLYN NAVY YARD, DAY, AERIAL
b3WfVoA4syQ 1960s Man on Phone with Cigarette in Mouth
b3eytEOoLgk Man Struggles W/ Doctors on Operating Table / Silent Drama
b3y0MspWxR8 1940S CASH REGISTER R C ALLEN
b4B2yXp1By0 1953 Daredevils Does Motorcycle Stunts on A Wire Between the Alps
b5NZOGDNb6o 1940s New York City Western Electric Strike (Silent)
b5OqpTu4l0U 1935 Baltimore Preakness Stake Omaha Wins
b5Pf7r0TG4o 1930 Family at Dinner Bows in Prayer
b5Uft-DZLPs 1950s Three Juvenile Delinquents Arraigned In Court and Sentenced; Mother Cries
b5Uxhb8UIuc 1960s Computer Operator
b5ePwsdqdxY The Prom (1961) Part 1 of 4
b67YdwJpTTY 1950s Cars Crash, Fall Off Hill
b6isMCIdFwY 1941 Dutch Power. Planes Ships Submarines
b6lcEjIfNqg Fly American (1933) Part 4 of 5
b7rvDHeBb_8 1990s Man Working at Laptop Computer
b7x02IDpv00 Clouds
b81otOlJEa4 1970 Modern Mexico
b82ud-03sYM 1950s Sir Anthony Eden Addressing The Press
b89B7jKgy5I We Belong To The Future (1966) Part 3 of 5
b8FuGTMhbj8 1956 General Motors AC Spark Plug Division Researches Rockets and Guided Missiles
b8rcfh-8gP8 1971 New York Harbor & Food Distribution Couple Chevy Monte Carlo
b8v93W-sJI0 1950s Teens in Malt Shop
b8vujjEdfxE 1950s Women Cooks on Stove
b91HXvsps3c Japan's Varied Geography and Land Uses (1970) Part 1 of 2
b9AiHSBB7CA 1934 Cuban Protest Against Batista End in Conflict and the Return of Ramon Grau San Martin
b9pykNhr4hU 1950s Politician Talks About Protecting Personal Freedoms
bA42WJyKXnE 1950s Beach Friends
bA8VMJWMiaw 1939 New York World's Fair Part 6 of 6 (Silent)
bAntpD2-X4c 1930 London Naval Treaty Conference and Signing
bB1K-t0m1I0 1940s New York Children Playing (Silent)
bB7KsA8ZIlk 1910s History of Hollywood Films
bBLZVRqVncQ 1950s Banking School
bCGz85MswAk 1940s Boy Drinking Milk, Eating Chocolate Pudding
bCPghocLnP0 1950s Mother Slices Bananas, Breakfast
bCQYHBWFCro Fit for a King (1937) Part 7 of 7
bCZf5UnqQ9E 1937 British RAF Airshow
bC_N-cvEIYU 1944 Pope Pius Blesses Allies in Vatican World War Two
bCrt0c8OFIo Puerto Rico, Isabela Beach, North West Side
bDSjtybBxOs 1924 New York City Parade (Silent)
bDcI5UO_Up4 Downy Fabric Softener TV Commercial
bE_rCENnJv0 Funny Faces, Reactions, Slapstick
bEgwcTsMPNM 1960s Adding Machines, Computers
bEppc9nzar4 Snippet from Easy Street (1917) by Charlie Chaplin
bEy7dlopK3o 1933 Coal Mine Union War
bFdOgmljItM 1956 College Football: Tennessee Volunteers Vs Kentucky Wildcats 20-7
bFsm3FOeyh8 Hands Counting Money
bGOY1xkaH4I 1941 Mercury and Ford Promotional Films
bHCXfKWYBgk 1980s New York City
bHlNJUpfNF8 The Land (1942) Part 6 of 10
bHqXntVWUjE 1971 Strapping Young Men Jogging Eyeball Chevy Impala
bIPgAy0m8Xk CHICAGO, AERIAL, KINZIE STREET RAILROAD BRIDGE
bJB4WzPqSXI GEORGE GERSHWIN
bK3RCkTqpLU Animated- Alarm Clock
bKmAMc1RUsk 1936 Highway Anniversary 1901 Automobile Motorcade (Silent)
bKnUPRcx3xY 1950s Student Works on Microwave Technology
bKwW94LV1Ao 1950s Mercury Automobiles - Promotional Film
bLAkMp7UGYI 1934 Coral Gables Open Invitational
bLN97NmJj3s 1947 Marriage of Queen Elizabeth II and Philip Mountbatten (Silent)
bMr3f6e54kM 1941 Indiana Locomotives and Factory Create Tactical Smokescreen
bNsvdCFtcFE 1925 MGM Studio Tour Part 5 of 6 (Silent)
bO6FK_FBxBU 1931 Lowell Bayles Dies In Fatal Plane Crash (Silent)
bPMnpHTdiqc 1960s Inside View of Space Craft
bPUbVA0giOI Beijing, China- Beijing West Railway Station (2)
bQ4uivyY9mU 1930s Inmate Gets Slapped
bQ5MVMUZ4fI 1920s Troops Corps of Cadets U.S. Military Academy (Silent)
bQD8jkRf3Vg Man Loses Hat- Loop
bQKSU9y8IwY 1950s Typical Teenage Girls
bQinMPWn3hI 1950s Generators in Factory
bRYU_9WDkIk 1969 Ford Commercial (Galaxie 500, Mustang, Fairlane, Falcon)
bRmladzqBno 1950s Cheerleaders and Sports Fans in an Stadium
bRojYnUks0U 1950s Jack Webb on the American Way of Life
bSKhDUQsrQY 1950s Central Park and NYC Tourist Attractions
bSkml860ODY Man Slapped on The Back of The Head
bSsTp6dIH_4 Ancient Fistory (1953)
bSyLgmlzvII 1957 USS Long Beach First Nuclear Surface Vehicle Being Constructed (Silent)
bT6TDJi2i4Y Film Leader 30 with Countdown
bU5jV4H3_Vc Caveman Waking Up, Reading News, Chasing a Cavewoman
bUV0kj0ec4o 1960s Automobiles Driving on Freeway
bUf4jPp44Nc 1920s Making a Newspaper (Silent)
bUx6JF_7yLM 1950s French Premier Guy Mollet and Antoine Pinay Enter a Meeting (Silent)
bV3gTnaddUc 1930s Waterman Arrowbile The Highway Compatible Airplane
bVWq1CKRjCA 1950s Vending Machine
bV_UEL9J37I LOS ANGELES, HOLLYWOOD BOULEVARD, TIME-LAPSE 1
bVg5qpoJOzE Chariot Race
bWTASgk-mRs 1928 Grace Moore Performance
bX8odnq3oIU 1970s Lockheed C-141 Starlifter
bXIg5OUWFiA Bulls in Meadow
bXkB6iCInok Chevrolet Right From The Start (1960) Part 3 of 5
bY00ZSd962Q Steel Man's Servant (1950) Part 8 of 8
bYWal5rviB8 1930s Bar (Silent)
bZJYtpkaNL0 1960s Hippies, Drum Circle
bZKU2Vmb4bE 1940s French Fashions by Jacques Griffe
bZj5Kr5KLqo 1950S CAR IN ROOM SPINNING COLOR
b_AtdHysByU 1970s Chevy Truck in Dirt Rally Race
b_kbEUd1v4c 1941 Death of Sara Delano Roosevelt
baFK5_wNgdo 1960s Players Tobacco TV Commercial
baHoIsGm0T0 1941 Movie Premiere: Kay Francis. Dorothy Kilgallen. Nancy Carroll.
bb0DpIVRZac The Day of Our Years (1955) Part 3 of 5
bbNMmAUAeRc 1940s Teens on a Date
bbfOWQHmp9E 1950s Oil Refineries
bbylgA1gIVs Why Viet-Nam (1967) Part 2 of 7
bcdwFyneesI November 2, 1935 Notre Dame Versus Ohio State
bdUDoAw4bu4 1950s Aerial of Chicago
bdivjTVIUdE 1950s Zoo Gorilla Beats His Chest
be67fxvtwz4 The City (1939) Part 9 of 10
becHI1iFH7s 1950s Girl Eats Lunch Alone
bet7PPxIUUE Greyhound Wanders around Sound Stage
bf60rMKvy74 1935 President Roosevelt Signs Social Security Bill
bfLavTXJQ6c Plane Stunts
bfMg2FJUuPg Ask Me, Don't Tell Me (1961)
bfxnk0i6ScA 1940s Radiologist Pioneer Benjamin W Anthony
bh-2TlJQ_mQ 1960s Band Performing And People Dancing
bh8uVI_1Nfs 1957 Celebrity Golf Tournament with Bing Crosby, Jimmy Durante, and Bob Hope (Silent)
biRxlfvEhmM My Hometown (1947) Part 1 of 5
bifgfy94BjQ Woman Knife Thrower Throws at Children
bjM9vkhe71c 1960s Gift to Medicine - New Eye Institute for U.C.L.A.
bkam92JRBqQ 1920s Aviation, Charles Lindbergh
blIANAFrSpM Mad Scientist, Laboratory, Tesla Coils
blkdj48e4IM 1938 Great Hanshin Flood
bmeTcVeGa7o 1950s Drilling Hole Into Ground. Laying Telephone Poles
bmvpqQJCmLM 1930s Reconnoitering with An Old Flame (Silent)
bn3cnc_N-_E 1941 British Colonial Campaign In Libya War
bn9fQYX5eGI Asbury Park, Water Park Summer 3
bnO3DsDmRr4 OIL TANKER, OIL REFINERY
bnyPq0Dx5sw The Pony Express Part 2 of 2
boBVtRU2F_0 1960s Guatemala 4 of 5
boBZLYDnX6g 1990s Car Lot
boZ9opwd8gY 1945 Japanese Footage of Hiroshima
bq6KHjCAcjU CHICAGO, AERIALS
bqUrO4aqTAc 1937 FDR Second Inaugural Address
bql8nY7lwMc Man Sits to Watch Television
brQEYt52Tu0 1960s Montage of License Plates (Silent)
bsV-C6KCLVs 1949 End of the Berlin Blockade
bseDlDTd7kU 1930 Fishermen Use Cormorants To Fish
bt1i8-7prYw 1955 President Eisenhower's Heart Attack
btrERilla5Q 1950s Woman Brings Groceries Into Kitchen
buQP6RK_Tbg 1950s Three Boys Practice Their Trapeze Act At Home
buotAqLWAdw 1956 Steamship on the Ocean
bv0oivhUJYs 1920s Little Kids Get Ice Cream at Samarkand Freezer Bucket Store
bx1COHDUqPA 1961 FIBT World Championships (Silent)
bxAQ65sGWVk 1960 New York Mid-Air Collision - Aftermath
bxsR4kcSp84 Opera Singer
by-vyupcBfg At This Moment (1954) Part 12 of 14
byGkK35l2Xc 1939 New York World's Fair Part 2 of 6 (Silent)
byxLQUVbKsU 1956 Five Boys Questioned by Press in Port and Airport (Silent)
bzBA7YwzMx4 1950s Kodak Brownie Starflash Camera TV Commercial
bzCD5dvBX30 We Created Tampa (1963) Part 3 of 3
c-nc-SEhldc Steady Shot of Moving Oil Derrick (4K)
c1-9qcXGfUw 1958 San Francisco Giants Practice
c1bXxAazLPU 1948 Netherlands Special Courts Hanns Albin Rauter Trial Part 2 of 3 (Dutch)
c1mw6NX1f-s 1950s Mercury Automobiles and Convertible - Promotional Film
c24gZriWOTQ 1902 Sailors Waltzing (Silent)
c2EnawiIRJM 1950s Coney Island Rides - Cyclone Roller Coaster
c2LAPzwPLQk 1950s Processing and Packaging Butter
c2zKiOiWah0 1940s Dedication of the Tomb of the Unknown Soldier (Silent)
c3KTEMxqYJQ 1920s Motorcyclists Drives Through Glass (Silent)
c3UYK9tPF2U 1960s US Issues Indictment of North Vietnam
c3oZoPadvws 1956 President Eisenhower Goes Fishing with his Grandson
c48btwtfqm0 1966 Nubile Women in Bikinis Dance to Popular Band on Yacht
c4MA-revqI8 1938 California
c52B8Gd6cp8 1950s Cold War and German Reconstruction
c558x1fX8Hc 1960s Nile River Basin and the People of the Upper River
c55V1Z1UisU 1950s Commercial Fishermen
c5AYg9d7n8s 1960s Score Hair Cream TV Commercial
c5_EPpH78Oc 1920s Newspaper Press and Delivery Boys
c6ntrvOf4XE 1930s Ping Pong Tournament
c7E6spwEpo0 1920s Labor Around the World
c86E6AZFu6c 1930s Man Hits Gold Ball Through Phone Book
c8JV3PLe6_s 1960s Old West Shanty Town Horse and Carriage
c8rkjpwVcbY 1941 Soviet Blood Drive (Russian)
c9-05Mg8kmY 1940s Old Woman Slaps Young Man
c96uxj8Eq4g 1940s Children Pledging Allegiance
c9rb4JARzbI 1940s Los Angeles City Scenes
c9wTb7b_J-M 1960s Iowa Governor Candidate Campaigns for Re-Apportionment
cAKlag7Qqko 1950s World's Largest Power Shovel in Coal Mine in Cadiz, Ohio
cAeIOUrhWuU 1960s United States Army Helicopter Use In South Vietnam
cArDMoDjTb8 1964 Harlem Parade in Honor of Jim Brown (Silent) Part 1 of 3
cAzVWqM6a-s Santa Monica, Palm Tree, Sunset
cBDGn1qqF_0 Jupiter Animation (Silent)
cBYkm1KLeOs 1959 Chrysler Imperial - Various Shots & B-Roll (Silent)
cC8Lf3zanXk Groovy Woman Smells Cleaning Liquid - Loop
cCj_GZnwFtM 1930s Mad Scientist
cDVbWEVt7zA OIL DRILLING, EXPLORATION, 1960s
cDbzr0OBhQE 1940s New York City and Harbor Aerials
cDoen_-MkMc Streets of New York / The Abe Lincoln of Ninth Avenue (1939) Part 2 of 2
cFLnZC0uKz0 1943 Walt Disney Studios Animation Studio with Fred Moore (Silent)
cFNvMfZmLuY 1930s Women Exercising
cHXqZXnubHM New Delhi, India,  Chandhi Chowk, Traffic, Night (2)
cHo00VLr4TQ Man Shaves in Mirror
cIBRHbdcMGo 1948 Army Transport Plane Crashes and Crew Gets Stranded in Greenland
cIiA2ySdCzA Uruguay (1949) Part 4 of 4
cJ1uR19U_Ok 1950s Movie Director Attends Premiere
cJ7hfHkrgk0 Plane Flying, Old Woman in Window Seat
cJVSDlLPGB8 New York City, Manhattan, Dusk, Aerial
cJgEt95B3Ro 1930s Girl Gets New Hearing Aid, Goes to Concert
cJnbS7x7XcM 1950s Capitol Records Los Angeles How Records Are Made
cKOdzssScio 1931 Albert Einstein Visits the United States
cL6j4IcTqUc 1930 Skydivers Test Automatic Parachute
cLecJm4etGA 1934 College Football:  Pittsburgh Panthers Vs USC Trojans 20-6 (Original Audio)
cMALqxvWbJY The Plow That Broke The Plains (1937) Part 1 of 6
cMdHbwgneYc Made in America Part 6 of 6 (1958)
cMjtcIxRChg Beijing, China- Tienanmen Gate
cNOpAiJL_1k The Great Depression and the New Deal Part 2 of 3
cNRz80tIRwU 1971 Computer Room
cNYB1kZwhEY 1937 Shanghai Bombings and American Evacuation
cOk8Z74GmeA Mother and Son in Kitchen
cP03-5UZleo 1950s Indiana Company Baseball Game, Victory Celebration
cPHyHQhqWR4 1941 Horse Racing Champs: Bill Gallon, Alsab, and Whirlaway
cPyEMKujbv8 NEW YORK, QUEENSBOROUGH BRIDGE, DAY, AERIAL
cQfb0ki6KmA 1950s Great Lakes
cROUZZhV87o 1960s Traveling by Camper in Mexico
cS7QeU11Ht0 1930s Endurance Dancing (Silent)
cST14hUUCZY 1939 King George VI Visits D.C. and FDR (Silent)
cSVoiw_b2bc 1936 New Years Eve Times Square
cTBo_jNU0M4 1950s Boy on Radio Headphones
cUWhuUEH_h8 Pan Am: Wings to France Part 1 of 2
cUXuYM-LmqE Career Day Part 4 of 5
cUjkq5H-Hqc The Can Do Outfit (1966) Part 1 of 3
cV4rFXqG79Y 1949 Inauguration of Harry S. Truman
cVRLsHjKUjQ 1930s Annapolis United States Naval Academy Military Graduation
cVVtFddzdc8 1931 Official Opening of Empire State Building
cVc5tBF392Q 1950s Suburban Neighborhood
cVtgZE0h8-U Film Leader and Countdown
cWmUdbQUckk 1964 Catskills Barrel Jumping Competition
cWpTzF_iVWo 1956 Press Secretary James Hagerty on President Eisenhower's Recovery
cX6ew-Oiqbk 1928 Hollywood Actor Jimmy Adams
cXYQOeTaCos 1960 Manufacturing a Space Rocket (Silent)
cXllnkbZql8 Devil Dance
cXoJUgheZGM Film Countdown
cY8Wc0xJCRw 1931 Actress Lilyan Tashman Gets Photo Taken
cYeH-S3hqFA 1950s IBM 705 Electronic Computer In Office
cYpG8-iOn4s 1970s United States Air Force Thunderbirds Air Show
cZfvM67O7XE LION AGREES CARTOON
cZil5lldNjY 1942 Brazil Join Fights the Axis World War Two
cZkE7xr1eXg 1920 The Start and End of League of Nations
c_QYxv9PtUs Mad Scientist, Laboratory, Tesla Coils
c_Y8tyQst3o Film Processing Hanging Machines
cb904l1qrcY 1950s Television Studio TV Cameras
cbKgxUOGl6o 1970s Vanquish Pain Reliever Television Commercial
cbpjHFhMHDQ 1962 Longshoremen Strike
cbvwClnuWsQ 1940s Ford Automobile Interior and Exterior Driving
ccl3a_DExq8 Couple Flirting
ceIZefH0dk8 1960s French Man Driving With Shaving Cream On His Face
cehc3vZzAQA 1950s Italian Student Track and Field Athletes Interviewed
cewnEBZZFx0 Voyager Encounters Neptune (Silent)
cfgD-opxvpU 1949 Ford Commercial
cg1XZOshO8w 1950s Mother Daughter Talk About Christmas and Santa
cgJcaO10KNw The Power to Serve Part 1 of 2
cgTIqzI4YS0 1960 JFK Greets Supporters During Presidential Campaign
cglPyax-Ek8 1950s Wales Track Meet (Silent)
cgwOzcufSVA 1931 Actors Paul Lukas and Carmel Myers
ch3SZa8fT_U 1940s Woman Driver, Smiling Companion Pull Up in a Ford
chFdv_uKHlg 1930s Lions Pull Cart
cimdLd01tpc Getting There Is Half the Fun Part 3 of 9
cj4HdhyBl3g Land Of the Free (1940) Part 7 of 7
cj6lCrpl-vw Crowd Runs in Panic from the Phantom of the Opera
cjZmCwOlvGU 1946 Winston Churchill Speech Missouri
cjvVw-EkB50 Power For Progress (1961) Part 4 of 5
ck7rnWBH8RU 1940s Teen Plays in Mirror
ckVT4MI3P3U 1950s Drafting Compass. Drafting Room Design Blueprints
cmUgEA51zbY 1950s Graphic Designers Working on New Car Mock-Ups and Sketches
cnMCEeHZr4o 1918 First Air Mail Service Takes Off (Silent)
cnaFYw2bah8 1970s Psychedelic Neon Lights Flower Power Face Painting Pepsi Commercial
coZ7UqgRbXY Work of the Stock Exchange (1941) Part 3 of 4
cowWpazERao 1960s Lick Observatory
cpBlvn_QIrw House Destroyed by Atomic Blast
cpUp5HQdNcY It Can Be Done (1960) Part 1 of 6
cq8Dnra8PoE 1927 Peaches Browning
cq8o_TRuWhI 1950s Theater Snipe, Drizzle Guard
cr1uSshuKPQ 1971 Surfer Girl Bikini Camaro Surfboard
crWdiF1nryM Gambling, Roulette
crz_oqGm2s0 1960s RCA Victor Total Sound Stereo Cabinet System Television Commercial
csS2PEh_Irs 1930s Snowshoe Races, Hurdles
ct0drWnnqZA 1950s Chevrolet
cufZdb2cq_4 1970s Dune Buggies Frolicking in The Dunes
cvF6b4sd3L0 Couple Dance on Clouds
cvw-_ReFJZU Bill of Rights
cvw3r47R8EU 1958 Interview with Willie Mays and His Wife Margherite
cxldMBiHVhY 1950s World Leaders At Top Level Meeting (Silent)
cxwCpFJaf0w 1950s Teen Girl in Malt Shop
cyX607gbRU0 Grilling, Street Vendors, Pedestrians
cyyXk4EW-TY 1920s Teapot Dome Scandal
d-ibMXD9OUc 1958 Chancellor Konrad Adenauer Meets With Secretary John Foster Dulles
d0OcorEWEWM 1940s World War II People Gossiping
d0WSf-oppz8 1909 World Series Game 1 Pittsburgh Vs. Detroit
d0hPx1vZ86Y Iron and Steel (1920) (Silent) Part 2 of 2
d102vpAmo7o 1940s WWII War Reporter Martin Fletcher Back Form the Pacific
d1J9SZrqAwE 1950s Hollywood Bus Tour
d2AHBAQ_BHk 1950s Business Man Answers Phone
d2e9rS9TCaQ Miser Wants Leprechauns' Gold Animation
d2h9w643_ns 1950 General Eisenhower Becomes Commander of NATO
d2nieujzQ3U 1897 President McKinley's First Inauguration
d3bnYRVI6s4 1937 Mikhail Gromov Lands in San Jacinto From Moscow
d41itmYKASo Skyline New York (1955) Part 3 of 6
d4Bs2trCd4E 1940 Scotland King Haakon of Norway Reviews Exiled Troops
d5PLpZJRCow 1960s Airport | Plane Travel (Silent)
d5yv0lOMp4o 1956 Adlai Stevenson  Political Election
d5zmejxCL7U 1970s Pedestrians (Silent)
d6ACYBTrGo0 1960s Dialing & Talking on a Telephone
d6ZzI9QeeFE 1964 President Johnson Gives State of the Union Address
d6h8a_6Nh_U 1933 Chicago Teacher Revolt
d73Fvv8d-2g Newspaper Printing
d7CIVNujDIU 1930s New England Forest Fires
d7FHDd4PDaU 1945 World War II Battle of Iwo Jima
d7SBjlUTlHk 1930s Great Depression
d81jWynzlYU Aluminum On the March (1956) Part 1 of 7
d880DYtE7Zw Chinese Flag
d8JeW3qwtag 1933 President Franklin D Roosevelt Inauguration
d8xUDLqbqag Fashionable Women at a Cattle Ranch
d9E8OBE_K9Q 1950s Family Watches Television
dAdpMdYrRrI 1970 Charles Manson Giving Interview In Court
dBKhCRGVeS0 1980s Airport Buses and Taxis
dBRCiQ6ZJSI Bangkok, Thailand, Diplomacy Monument, Time-Lapse, 1
dBe4dfHsP2o 1950s King of Jordan Hussein (Silent)
dCN994IXcQY Superman: Jungle Drums (1943)
dCUdf6Ji23g 1950s Toy TV Commercial: Mousetrap Board Game
dD8of7kldbU 1950s Coney Island NY - Crowds on the Beach
dEXUm4Gd1DE 1966 Hunters Air Force Base Boot Camp
dEz4mEkPx1g 1933 Early Broadcasting Radio
dF9apsTSD0A 1934 Dr. Ballantine Newbeller's Stratosphere Gyro
dFMkS_bIT7A 1960 Christmas Foreign Kids (Silent)
dFZa0FpX42I 1940s Woman Models Roman Fashion
dG03ryitvfA 1939 USS Squalus Rescue
dG7aqBCGKrU 1949 President Carlos P. Romulo of United Nations Speaks on Atomic Bomb
dGWslvRpePc 1970s Philippines: A Fusion of East and West
dGmhORmNeMc Manufacturing. Disk Brake Demonstration / Car Research
dH3TvFvnq1s A Tale Of Two Kitties (1942)
dI6cUcWMy04 Woman on Couch Reading Magazine
dIO0fW-6Pzg 1950s Men At Bar Watch Horse Race
dI_J__FzpTg 1940s Chicago Conrad Hilton Hat Fashion Show
dJ4Qr_pH5tM 1928 Opening Ceremony of the Rocky Mountain Tunnel in Colorado
dJDmm6P01Yk Gangster in Court
dJssMYogKH0 1961 Red Corvette on Turntable at Fancy Auto Show
dKESZRJZr7Q 1956 French Soldiers Hand Flag Over to Moroccans (Silent)
dKbUkzNLbsw 1951 Korean War General MacArthur is Relieved of Duty (Silent)
dKxGIQHBy-Q 1950s Ferris Wheel
dLGyg7ryy0E 1950s Salesman Selling 1956 Chevrolet Car to Couple
dLV94bcMPes Sports, Logs, Football
dLf9As70LOM 1970s 420 Friendly Smoking & Passing & Rolling Doobies Joints
dM6QCJtgbWg 1950s Grains
dMjCuywkTEU 1920s Horse Drawn Firetruck
dNRhhUqKqn0 1930 Dieudonne Costes and Maurice Bellonte Arrive at Curtiss Field
dOJCypVBCio 1950s Military Ceremony (Silent)
dPKZduIppMA 1930s Biplane Formations
dPagJ9lges4 1940s New York City Window Washers
dPxQ5YotaU8 1940s Flower Delivery
dQIVU2ylHew 1942 Prelude to Second Front World War Two
dQXzCULaVko 1950s Future Games Jetpacks
dQtjh73DemE 1950s Representative Emanuel Celler Speaks on Communism
dQyQa6xpD3Q 1910s Soap Making (Silent)
dQzIwxA_ml4 1960s Quaker Oats Puffed Wheat Cereal TV Commercial
dR0bc1JX2qU 1920 Silent Film Snippet \
dR4r5lLbIiA 1950s Suburban Neighborhood
dS6FHF063o0 1928 German Zeppelin Flies Over New York City
dSbSYZIazds 1928 RNC Herbert Hoover Charles Dawes (Silent)
dTXeuUoSz8w The Day of Our Years (1955) Part 4 of 5
dTZuLvgKCqs 1920s Hollywood June Marlow and Ralph Graves
dTsbTXO8SfU 1940 Republican National Convention Wendell Willkie Gives Speech
dU5NGfG2DHM Telephone Repairman. Boring Meeting
dUKu8hTc2cg 1949 Berlin Blockade Ends
dUPALhdeIGg 1960s Helicopter Maneuvers In Vietnam
dURoXj5AoLI 1960s Ancient Religious Manuscripts From Egypt Being Photographically Preserved
dUigO2xivw8 1960s Berlin Wall
dUjjXWynzo4 1950 Bricklayers | Family at Home
dVWWVZkrWIU 1969 Philadelphia- Market Street
dWIf_dSW-7s 1935 General of Salvation Army Evangeline Booth Visits Los Angeles
dWSOzhBBxs4 1957 Bing Crosby and His Wife Kathryn Grant (Silent)
dWTA7hBbvh8 Seconds for Survival (1960s) Part 2 of 2
dW_HNCDt980 Man Interviews Woman in Her Backyard
dWumZKXKCtU Film Leader 35
dWwfDhvvOic 1960s Cam Ranh Bay Air Base
dYc9yXbNPB8 Follow Me, Girls (1918)
dZrOlDVCOXo Funeral of Winston Churchill
d_8scLjUbnY Audio Recording, Switchboard Operators
d_GcQmBnqXw Ken-L Ration Burger Dog Food TV Commercial
d_VW_sM2GEM CHICAGO, AERIAL, TRAFFIC - LOOKING NORTH OVER EXPRESSWAY
dbkaoadaLyI 1898 Long Branch, New Jersey
dc5aP7uk99E 1920 Secretary of Navy Theodore Roosevelt
dcfSAz6NleA 1981 Ronald Reagan Intros 3
dcs7d85HM5w 1920s Daily Routine; Alarm Clock; Slippers; Shower
dcvEq_m42C0 Glacier Priest (1952) Part 2 of 3
dd8xY9iBYos Scared Facial Expressions
ddFe7xLEtzM Beach Volleyball
ddivSOk5osw 1950s Tractor, Agriculture, Farming
deRNwKwR-xM 1970s Anti-Drug Commercial
dei1isM2UUo At This Moment (1954) Part 9 of 14
deue5SMPJes 1940s Couple Changing  Baby
dexEUIxWydE 1950s Produce Section, Grocery Store
df903kxOhvY 1950s New York Man Driving Convertible Feels Much Stress from The Commute
dfCQPYPVRpg 1932 Floods in North Manchuria
dfECJ1pkJSE 1950s President Eisenhower Holds Annual Whitehouse Garden Party for Disabled Veterans
dfJnjvfK-EM 1904 Opening Ceremonies of New York City Subway
dfQrsXIiai0 CHICAGO SKYLINE, AERIAL, NAVY PIER, LAKE POINT TOWER
dfXAqE-1jEY 1946 Snow Thrills Sports
dfhJqBE_sWY Wrecking Ball Demolishes Building
dhC5N7BhDTc 1950s U.S. Land Blasting and Mining in Mexico
diKHwhrHf4w 1950s Flooding in West Germany
diP5t6YDdbk 1970s New York City Police on the Streets
djYLQTtMEng Film Countdown
djwvJXUKhuk 1950 Korean War Medical Advances
dk2Fa_nXQV4 1960s Pie Face Toy Commercial
dlDpPnQl7MU 1930s Germany Worlds Largest Zeppelin Von Hindenburg
dlPLOyfSHX0 1920s San Francisco Scrapping Giant Artillery
dm21DQjx2P4 1932 Wichita Falls Celebrates It's 50th Anniversary
dmD-nR6pFbw 1950s Telephone Installation. Suburban Homes. Upright Phone.
dmPY3C_vAPk 1950s Herding Cattle Down Road Into Pen Branding
dmPrDSkzDkE 1960s Chicken in Rotisserie Oven Toaster Plastic Juice Container
dmepY-FGr4Q 1910s German Troops March Through Berlin (Silent)
dmp5AUJClBo New Delhi, India, Chandhi Chowk, Traffic, Dusk
dmrWzF3Z3Iw Volunteers of America with Jane Powell PSAS
dn-NDIcsIbs Explorers Find a Dinosaur
dn7MoMgcrpM 1957 Near Car Collision Accident 2 Cars
doEtsBzfjt4 1961 John F. Kennedy Inauguration Speech (Excerpt)
do_S40wxeMI Saturn Zoom (Silent)
dq4JGOwIWn0 1970s Land
dqRRR7WOQHM 1964 Barry Goldwater Campaigns in Los Angeles
driJBRnEwCs 1902 The Kiki Dancers (Silent)
drsCOwi5SlY CHICAGO, AERIAL
dsUQU5c2u8I 1970s NYC Bocce Ball
dsdGmFn6iXo 1936 Convicted Lindbergh Kidnapper Bruno Richard Hauptmann on Death Row (Silent)
dsjxsGhCY5E 1970s Dancing Dawn TV Commercial
dtGEhlmCGNs 1930s Circus Visits Wounded Soldiers: Midway, Man Sealed In Ice, Human Cannon Ball
dtN81F4uciU 1960s Tour of William Randolph Hearst's Mansion
dtbfWJnx6p0 German Costume Ball. Dancing Celebration / Odd Festival
dtpwCKhkzQ0 1950s Car Dealership
dttWmLlKuCQ 1960s Soviet Dancing (Silent)
dujNAdiBqyI 1949 Miss America and Mrs. America Pageants (Silent)
dvNop9xIpo8 1940s Switchboard Operators
dv_H0YYyBjg Film Leader and Countdown with Women
dvomn3kGXGs 1980s Halloween
dvrfaoGGHS4 Los Angeles, Downtown, Skyline, Sunset, Time-Lapse 8
dvxE9eGgImU 1937 \
dw2sizTq6lQ KIDS LEAVING FOR SCHOOL 1940S
dwa1DLQl9fU 1953 Food Line. Refugees Eating
dxS-mG7J0vs A Man Belongs On Earth (1974) Part 3 of 5
dy9_vVARg6o 1960s Soviet Memorial Service
dyeL6V_--2Q 1960s Las Vegas Lights
dz4rgWCoHW8 1950s Various Fish Signs/ Food
e-B5P97WLOQ 1910 Daytona Beach Barney Oldfield Sets World Speed Record
e-VNWcA-YtQ 1950s Emergency Caller. Hurricane
e-a0Yh8UvyY Man Slaps Bride
e-fAga_Yf10 The Land (1942) Part 1 of 10
e-q7R_WaKTQ 1972 George Wallace Assassination Attempt
e01UA93VtF0 1951 Daredevils Do Wire Stunts In Between Two Alpine Mountain Ridges
e0tNNG23s7k 1950s Stubborn Donkey
e0uQG9ro3jo 1930 Clowns Cheer Cripples
e1B2WjP-FzM 1935 Barbara Woolworth Hutton Seen with Kurt Haugwitz Reventlow
e1JEs6Grong Women Buying Appliances
e1eUqyszcww 1950s Car Manufacturing Part 1 of 3
e1lRHkDkwhU 1932 Bonus Army Riots in Washington, D.C. (Silent)
e1rDtKu3TyI Happy and Sad Reactions
e23LzdrLH8g 1910s Automobiles
e2ulNWUhPIQ 1950s Santa Claus at Home Children Worldwide Singing Native Songs in Costumes
e3QKkmBfpOM Both Sides of the Question (1970) Part 4 of 7
e3cJ0SZOrEE 1970s 14 Million Men & Women in Clerical Jobs in U.S.
e453O5XWA0w 1950s Packing Suitcases into Cars
e52dvK2xaPk 1949 Washington D.C. North Atlantic Treaty Signing
e56mpl5Htos 1930s Women's Swimsuit Fashion Show
e5ZSuY3yhpQ Music In Motion (1954) Part 3 of 5
e5aHC8lVQ6Q 1940s Milkman (Silent)
e6hBtALUMfU Explorers Club (1930) Part 2 of 2
e6qXBwSbw9M 1950s Students in Laboratory
e73jWQ1-ZTs 1930s Famous Writers Michael Arlen | Joseph Conrad | Hg Wells | John Galsworthy on Ship (Silent)
e75TDulFEEM 1920s Couples Kissing
e8LkC-de7CQ 1910s Early Aviation: Wright Brothers / Curtiss / Bleriot
e8qiqy66Nds Proudly We Hail
e9nOChY6hgk 1930s Italy Funeral Procession with Mussolini
e9qtFDI-IpY 1960s Milky Way Bar TV Commercial
eAMUwJeCDYM 1950s Sex Education Film
eAUVa2Uo-yE 1950s Arkansas Governor Orval Faubus Gets Off a Plane (Silent)
eAWJXz7V0Co Beijing, China- Night Scene at Dongangmen Dajie
eArUKLLxeEA The Trouble Shooter: Bernard Baruch (1953)
eBHUKnILups 1940s College Classroom
eBRhPTjyaHY 1960s Passenger Planes
eCZYxeVtB1A 1950s Television Static
eCaggoUmXOU Woman Sunbathing
eD5vjwj3YdY Gillette Razor TV Commercial (Spanish)
eDXt_te6zKA 1935 Huey Long \
eDl8RDtO1aE 1940 Millrose Games
eECYoNBHHps 1965 Lyndon B. Johnson Inauguration and Inaugural Parade
eEGw_lvxm_o Husband and Wife Watch TV
eEZ1oHTUTFQ 1960s Home Decor
eFU6Coktopg Little Girl Loves Pudding - Loop
eI4ZfGrfdzU New Horizons (1948) Part 5 of 5
eICJh4wnbas Slapped!
eINe0ylyiII 1950s Car Showroom
eIafmVVjAUY Cocoa Krispies TV Commercial
eIw_t1AExYk 1950s Heisman Trophy Award
eIzKGr4ICyU 1950s Explosion in a Mine
eJL9aSgfLr4 21 Club Restaurant Part 1 of 2
eJU6dLmyg0g Teenagers on the Phone
eJfKq5x67Zs 1950s Helicopter Flying Over Mountains
eJq5GzRWZCQ Radios. Juke Box. Dancing. Music. Trumpet. Old Folks
eKIfsDRFDrs 1948 Presidential Campaigns of Harry Truman and Thomas Dewey (Silent)
eKSiseQDlEY Los Angeles, Downtown, Low-Angle Skyscrapers, Night, Time-Lapse
eKdH9ii53Cc Minor League Baseball
eMCShygrVqQ 1961 The Berlin Wall Gets Raised
eN3NYsZnCjI 1930s Goodwill Industries Recycling Center
eNYR4wKMF0Y 1930s Ray Katz Draws Ruth Etting
eOSEd_zaPOI Fashion London Style (1974) Part 2 of 2
eP0fhBYWKk8 American Harvest (1951) Part 4 of 8
ePAAaKH12DE 1950s Cash Register Market Carts Food Check Out
ePgEUbyOT-I 1966 \
ePmcPuQWla8 1931 Underworld Shuns Funeral for Gangster Legs Diamond
eQT6IfCmRO8 1930s Stunts with Elephants and Pigs
eR-QwRSgv-o 1950s Office Building
eRY1AD7EfFk Atomic Blast - Tall Mushroom Cloud
eRjOw8LHcKs Buenos Aires 1942 Part 3 of 3
eRoxjwHUBzU Beijing, China- Morning Traffic on Fuijingmennan Dajie
eS17IcQqiss 1936 Collision Proof Stainless Steel Car
eSDttqOdBTo 1960s Animated Phone Messages
eSFN-9pSRhs 1950s Two Girls Whispering in the Other's Ear
eSPAMFI1fKk 1960s Design Dream Team for Car of The Future
eSjKKRuO4P8 NEW YORK, MANHATTAN, NIGHT, AERIAL
eU3dD-HMEHs 1896 Paris Streets and Marseilles Harbor
eUxzc1qT4Pw Fat Women Dive in Pool
eUzuXgfm6yM 1935 Ponca City Hail Storm Aftermath (Silent)
eV1x4n772vk 1901 Pan-American Exposition Crowd Forms After President Mckinley is Assassinated (Silent)
eVwttPEMzf4 1960s Man  in Hat Waving Racquet
eWODNq_nz5Q 1930s Newark Mrs H. Foster Bain Gets Her Pilots License
eWibMxZbRIM Atomic Bomb Destruction
eXYp7ZI0PAw 1930s El Train Stop In NYC (Silent)
eYDVLOKdvZI Work of the Stock Exchange (1941) Part 1 of 4
eYMOzbF70cs 1966 Election Day American Voters at the Polls (Silent)
eYRoe1F55AQ 1963 Signing of the Nuclear Test Ban Treaty
eYhholLRqRE TV Dinners, Processed Foods
eYvwRwRQx9w Builders of the Broad Highway Part 1 of 4
eZ-p6O22JGU 1962 Benyoucef Benkhedda Tours Algiers As Algeria Gains Independence
eZHi3s_6Bmk 1970s Doctor Talks To Patient (Silent)
e_KlrATQO3M Early Television Production
e__Bbh-lkeE 1916 WWI German Zeppelin's Bomb London
eaBXZeVsClI 1956 College Football Michigan Wolverines Beat Michigan State Spartans
eaGPG6wrFvs 1952 JFK Elected to Senate
eaTa-ANdSF8 1902 Table Dancer (Silent)
eakamghlN44 1980s Toyota Corolla FX 16 TV Commercial
ebHO6zErt6s Aluminum On the March (1956) Part 4 of 7
ebQ1U1ik1xI 1937 United States Sells Bulk Scrap Metal To Japan
ebd_dvHnUwA Imaging the Uranus' Moon Miranda
ecNyF5mCvlU Plane Flying Into Sunrise
ecznd5gKWBg 1967 Student Taking Drivers Test in Driver Education Car
edCrZQ34K6Q 1968 Air Force Demonstrates Ejector Seat
edGyfN7i79U Innovating the Railroad (1953) Part 4 of 6
ee-NdN2D_6k 1940s Teen Couples Sharing Food
eeOC0sgGGe0 1958 Hearst Castle
eea94HS1kBk 1910s WWI Students Help With Farming
eefXUPOkAdA Willie Whopper in 'Stratos Fear' (1933)
eei32eE9tFU 1926 Boston Marathon
eeoao5ur1tw 1928 John B Rockefeller 89th Birthday Golf Richest Man in The World
eesw9VR5ow8 Morro Castle Survivors
efHZdxVL434 Sylvania TV Seabreeze Cruise (1956) Part 8 of 8
efMEf2oJ_aE Malcolm X: Struggle For Freedom (1965) Part 2 of 4
efrIBaQFjWY 1936 Mussolini Mobilizes the Italian Army To Ethiopia
egaHj7TOx64 1950s Close up of Fruit Delivered to Grocery Store
ei0ikCRrjpo 1930s Elephant Wedding Animals
eibNeN34WsQ 1969 Dodge Charger Commercial
ejBYG_Q_nc4 Hartley's New Jam TV Commercial
ejBztXwFpto Children Exercising, Soccer
ejFB2nD3HF8 1956 Car Designed for The Electronic Highway of The Future
ejK4Y_MUqAo BEIJING, CHINA- N-East Traffic on Zuo'anmen Xibinhe Lu
ejMHWFtaTIA International Moves The Browns To Sterling Street (1941) Part 2 of 6
ejx8ggO-Azg 1950s Men's Beach Volleyball
ejzaiYGk-f8 Pioneer of Progress (1952)
ekMvqoAGjAE 1950s Executive Offers Doctor a Cigar
ekbq38R027o 1940s Labor Men Churning at Vat
eknjBeKisPM Insurance Paperwork
el80SLa0kGY 1952 Bend of the River Movie Premiere Portland, Oregon
elS_tHIvYSA 1930s Japan Celebrates Anniversary Victory Over Korea (Silent)
enchk_hgBDY 1935 United States Air-Force Reveals the Boeing B-17 Flying Fortress
enzc7uDcgtU 1934 Grosse Pointe Yacht Club Fencing
eoic98kAOH4 MARLBORO CIGARETTE COMMERCIAL EXTRA LONG
epAub_0wegc 1930s Wooden Bathing Suits
eq3F4LP9YQk Panama–Pacific International Exposition (1915) Part 2 of 2
erCRr46fxh4 1990s Woman Working at Laptop Computer
erDne318aE8 1957 7 Up Elitch Gardens TV Commercial
escDIYQRkQs 1969 Philadelphia- Market Street
esi9AmAx_lY Fashion News (1929) Part 2 of 3
etDF2wYxbwk 1950s American Family Watching Television
etz4PNqS7iE 1950s Santa and Christmas Presents Under the Tree
evQdcjEtV48 1944 US -Japanese Conflict in the Mariana World War Two
evnvVKfuOmA 1932 DNC Senator Alben Barkley
ew3NJDXFF0Q 1920s Futuristic City
ewL5hJB2gW4 1959 Designers & Stylists Build Prototype of Dream Car
ewT384EVkKw 1957 Egyptian President Gamal Abdel Nasser Disembarks From Airplane (Silent)
ex4S4FLKyqY 1940s Lexington, Kentucky and University of Kentucky
ey5M7h3j1cw Chicago, Aerial, Skyline: Navy Pier and Water Filtration Plant
eyQiGNLAJBw Midwest Holiday (1952) Part 1 of 7
eyRo7G-G_dM At This Moment (1954) Part 6 of 14
eyWUi6Z_FRA 1958 President Eisenhower and Mamie Board the Columbine Part 2
ezW7c9D7JWY Marrakesh, Day To Day
eztA3ShCwZ0 1927 \
ezwezisAyqE 1940s Hollywood Actors Perform Down By The Old Mill Stream For G.I.
f-9g-OsnaKE 1950s Family Gathers Around Television
f-Bp8t0GPIY 1950s Family Buys New Car
f-bEs2fnF-A 1950s Quebec Horse Carriage Ride
f-q5RbWdGSM 1930s Dancers, Fire Breather, Bizarre Stunts
f-stIZ5eDKM 1934 Eleanor Roosevelt Wins Outstanding Women's Award
f0SzJc1OjKg 1950s Gossip Kids Leave School at End of Day
f0dII27ZEj8 1950s Great Lakes Water Sports
f0hBmjUvQyc 1920s Evening Fashion
f0joF6-oB7U 1948 Fashion
f0zmW2u2JU0 Home Nursing Story: The Road Back
f1BEa6jw-gk New Horizons (1948) Part 2 of 5
f1EBTJpy0ck 1940s Barbershop Haircuts- Mohawks
f1eZ4QBlApI 1939 Paris Bastille Day
f1iQW1TGL_Q 1944 Americans Fight in Germany World War Two
f1jg5iF78I0 You're The Star (1953) John Wayne
f1sghWC9_Hc New York City B-Roll: Subways, Graffiti, and Street Murals
f1udQVADZX4 1940s Atlantic City Parade  - Miss America and Mummers
f2t9fI7CYWs 1965 Chevrolet C20 Pickup Camper 327
f3_DBn3ri5I B-Movie Sci-Fi: Spacemen Explore a Strange Planet
f3ag9dTEqLE 1956 B-52 Bomber (Silent)
f3jaw0F3oWA Spelling Is Easy (1947) 3 of 3
f3tzKPH518c At This Moment (1954) Part 1 of 14
f43enyZ87EU 1918 WWI American Long Range Artillery (Silent)
f4Zd7ANXgWc 1950s Suburban Middle Class Family in Living Room / Americana
f4mEtHUA5Ok 1935 Crowded Chicago Beaches
f52J-kGxlgU 1940s Girl Going to Bed Guy Going to Bed
f5K0OCYcFx8 Philadelphia With Love (1972) Part 3 of 6
f5VX7iv1Vo8 1970s Woman Watering Plants
f5f1KCCXkCA 1936 Baseball Season Opens
f65WWUJXzEM 1904 World's Fair Louisiana Purchase Exposition Naval Battle
f94q4knN0gY 1930s Laguna Beach Beauty Contest (Silent)
f9BzXYTgEwk 1920s Men with Wings Trying to Fly
f9RIhrFxE08 1950s Man and Woman Dance Around Appliances
f9X89Zp8Q6A Them Thrills Will Make You Gold (1955) Part 1 of 2
f9jiZdA6syE 1963 Revere Stereo Tape Cartridge System TV Commercial
f9obdmNI5tQ 1935 Amelia Earhart Lands in Mexico City After Completing 1700 Mile Journey (Silent)
f9y3yd2d4PI 1920s A Day in the Life of Edison
fA3odC7IYyg Silent Film \
fB4UpumI9XQ 1936 Summer Heat Wave New York City
fDhRzuqiMrs Better Golf (1927)
fE5qdAWJD0g 1940s Delivery Man Brings Package to Happy Housewife
fEQlBcs1b2c Man Eating
fEf0JlhHpK4 1930s Driving Over a Bridge Driver
fFoEK5p4nF0 1954 Italian K-2 Climb
fFyPYc6uHLc 1949 Ohio River - Upper Valley
fGSX2aU-ol8 1950 President Truman Meets General McArthur on Wake Island
fHU4u84Jw7o 1960s Cars Speed Comically Through Streets of Paris
fHYzw6qLYBs 1950s Strip Mine Site: Crane Dumps Dirt Into Train Cars (Silent)
fI8pk8N5LEU The Hospital Ship (1968) Part 6 of 8
fIOs-oDVNZ0 1950 Devry Instructor Explains Automation
fIbm8My3gGs Thinking About School Bus Safety Part 1 of 2
fJrP_SEI3xo Beijing, China- Inside the Tibetan Buddhist Lama Temple
fJtQpE56Uwo 1946 Nuremberg Trials (Silent)
fKJ1sFlv_oc 1908 Boy Detective (Silent)
fKORqicuagY To Each Other (1943) Part 7 of 8
fK_iezlYo08 Listen! Sound Picked up From Outer Space by Radio Telescope
fKr4XG2csu4 1956 Republican Presidential Campaign Rally (Silent)
fKw8BKJ11xg 1910 Los Angeles International Air Meet A. Roy Knabenshue's Zeppelin
fL5AWjLldY8 1960s Band Performing on Stage
fLLt13nFSrY 1940s Woman Reads Newspaper
fM2uIIpAeM4 1960s Car Race Winner Stills
fM3VLJD53_s 1940s Flipping an Hourglass
fM7pcRSXZN4 1940s WWII United States Wartime Industry
fMQQsXavDTI Film Leader 10 Countdown
fMzj2_OuLTk 1968 Blue Camaro Convertible Open Road
fN3FIkkSzuw Couples Dancing Twist in Home Party
fN5GtW2BrCs Flowers of Darkness (1972) Part 4 of 4
fNEj-guHvFc Midwest Holiday (1952) Part 5 of 7
fNz5aT3Ql9s Christmas; Children Dream of Santa
fOB80n43vrk 1918 WWI German Navy is Dismantled
fONo9EDqWaI 1960s NASA Rocket Detaching Boosters
fOWFwnafsII Girls Tap Dancing
fP0gS4MGliM 1958 Cape Canaveral Explorer 4 Satellite Launch
fPFA3kmhqrQ 1980s British Flag Union Jack Flying Over English Fortress
fPYG9FSoVCc It Must Be Good Edgar Bergen and His Puppet Charlie McCarthy Comedy Skit
fQMkXp5x2Yc 1950s Suiyuan Chinese Soldier Military Parade
fRWtGeLR4gU New York, Radio City Music Hall
fRXlVn44qQA New Jersey (1957) Part 4 of 7
fRmFPLmG_l8 The New Frigidaire of 1936 Part 3 of 5
fRz3YxMerFQ The Laughing Industry (1937)
fSA-yqSmM3U 1970s Reporters Talk About Suburban Long Island, New York
fSGEnStaUuc 1928 Thomas Edison Presented a Medal in New Jersey
fSUg9bkIen8 1927 Bathing Suit Models at Most Beautiful Women's Back Contest
fSX7Wv3ow9s 1935 Cruise Liner SS Normandie Fire
fT8Jnt-CCY8 1950s Workers from the Electric Company Work on A Telephone Pole
fTBBeBVyPCI 1936 Boston Red Sox Beats Philadelphia Athletics 9-4
fTNVeF367oA Old Woman Slaps Man, Man Slaps Another Man
fTZyhtV23mM 1940 Trotsky Assassination (Silent)
fTr9O5dFym8 1956 Duplainville Train Wreck (Silent)
fTse86xJG38 1954 Virginia Ed Sullivan Knighted by Apple Queen Patricia Priest
fTunqc-lDpo Impressive Dog Tricks
fU5FsyXW42I 1950s P.O.V. Jet Fighter Dogfight
fURsir6Xm3Y 1935 College Football Dartmouth, Navy, and Columbia Pre Season Training
fUw6HE9YuSc 1980s Night Time in New York City: Broadway and Times Square
fVFt61jmoyI 1920s Hollywood Actress Mary Philbin
fWMNm2VCcgs 1949 Commonwealth Conference Combats Reds Nehru
fWSKjRS4ksQ 1935 Belgium Belgians Honor Cardinal Merciet
fWnlYy-sVDI 1937 John D. Rockefeller Golfing
fX9KJYk7ay4 1940s Old Aerial of New York & Suburbia
fXRIERhJNw0 1932 Tom Mix And Tony the Wonder Horse
fXwRbSGfzZw 1951 President Truman Unveils the Mural of the Four Chaplains
fYDq_cjn560 Redesigning the Monitor Part 1 of 4
fYNaMqkXGJY 1950s Lipstick Product Comparison
fZA1WIaELNU Girls Swoon At Television
fZJzOiYJUcM 1950s Eastern European Festival (Silent)
fZU-7MwbRH0 1965 President Johnson's Inauguration
fZXZoqkXDm4 1971 Disembodied Arm and Hand Turning Knobs on Computer Panel
fZYhfViV4Y4 Wooing His Lady Love
fZZokaAsBjc American Harvest (1951) Part 8 of 8
fZpLLeP_UTI 1920s Inside Grand Central Station
f_LzGnKcJ18 Man Hits Slot Machine with Sledge Hammer
f_WqVIcpHCw 1935 Navy Men March
f_wniqBC8wE Plane Flying at Sunrise
f_zY2R0SUfc Typist, Newspaper Printing
fa23FnPUYFM 1930s Immigrants Job Choices
fa_t54332is 1971 Cheyenne Pick Up Truck Outer Details
fazkhAvLIB4 1950s Progression of Farmer Technology
fbfj3CpY23o 1956 Marines Helicopters on Maneuvers
fcRy0oM4-CY 1950s Boy Eating Pudding Color
fcrNAHc_Fbg CARTOON MAN'S FACE TRUNS INTO A FROG
fcrz5ib0KXQ 1970 Henri Marchant Cold Duck Champagne Commercial
fcuIUKSY8Ns 1950s Medical Schools
feDAf0lrpeA 1944 RAF Bombers Sink Nazi Battleship Tirpitz
feuM-inM8EA 1889 Johnstown Flood Reenactment
ffzUS4PjJwY 1950s West Point and New York City
fgWOwLm0F1s 1930s Great Depression, Homeless, Hungry
fhO0PlniwkQ The Fence Buster - Babe Ruth (1952) Part 3 of 3
fhpxRzRlLXc 1950s Draft Designs for Concept Vehicles of The Future
fipwHYAI1Ec Car Driving, Passes Camera
fjcONzN1fqU 1920s Mae West
fjgQswvf4Fs 1950 General McArthur Lands In Korea
fjm4qY8q9P4 1970s Hubert de Givenchy Paris Fashion Outtakes
fkHYV7AkqD0 1950s Quaker Oats Commercial
fn-WR629ztY We're In The Navy Now (1926) (Silent)
fnKl5AK_MUc Kids in Forrest with Nets (Spanish)
fnSqCFEUjd0 Film Leader 14 with Countdown
fniYwf_0evI 1920s Falling Calendar Days of the Week
fnuka26MWUw 1950s Fish
foaJZeugUPw 1945 Blonde Woman Crying
fp_SQebp-m8 1958 Henry Cabot Lodge Jr. Addresses the U.N. Security Council
fqChomt9wfY Golf Magic (1950)
fqYitwSPnbU 1940s Atlantic City Scenic Boat Ride
fqiqqtpqeHg 1950s Machinery and Factories (Silent)
frA7GOx9Kck Great God Gold (1935) Part 2 of 3
fry3U2GD5ZA 1920s One Man Band Music
fsD0dA6ES8c 1936 Joseph E. Davies Returns to the US
fsH4usEacJ4 1930s Head on Train Collision
ft7V54SX_zU 1940s Family Getting Into A Car
ft9qltkcNZc 1960s Hippies, Ashbury Haight
ftEW5k8jyFg Labor Meat Plant Operators, USDA Inspectors with Slabs of Meat on Hooks
ftQ2ZlgynsQ 1933 Louis Armstrong Performing \
ftZ1K79oFi0 The Rabbit and the Tortoise (1970s)
ftaAT-Eki1s 1950s Teenage Boy Talks to Dog, Parents
ftjqilfOgiY Baby Exercises
ftx-Z3Lv_NQ Wristwatch Plane Lands Animated Dinosaurs
fv5T8ldUW6o 1920s Speakeasy Dancing Champagne, Automobiles
fv8T8M4OlY8 1930s Michigan Stamp Cup
fvJhZzwGSfI Life Montage
fvRacZePUGY Ajax Dish Soap TV Commercial
fvYU1V4qRSA 1950s Man Tunes in and Sits in Front of TV
fvnnOHsy6bE Birds Eye Frozen Dinner TV Commercial
fvt4DnQasNo 1910s Women Workers, Ford Factory, Policemen
fw1gZjO2DBU Film Leader Purple
fw_drtT8Fcs 1950s Pay Phones in Public Booths. Salesmen.
fxEa0v3G3KY 1953 Queen Elizabeth Coronation Spithead Fleet Review (Silent)
fxfkxK0Wcgo Milk Processing
fxnYCC78P7Y 1920s Wild Party (Silent)
fzwNAXmNYfE Violent Cartoon Clip 5
g-R2Prv36dQ 1950s Big Band in TV Studio
g0dT9NMNuT4 1950s Party Goers Draw Alcoholic Beverages from Tap
g2zIqa2wjcA Tokyo, Cherry Blossoms at Shinjuku Gyoen Park
g3e0SR1loso By the Clock - Promotional Film Westinghouse Refrigerators (1950s)
g3jEYSVIrKw 1940s Lake Arrowhead Water Sports
g4XWuAhqDjM 1992 U.S. Air Force Thunderbirds Aim High
g6vPCodawXg 1930s Hollywood: The City of Wonders
g7P8nSwMoBs 1920s Eleanor Roosevelt with Mr and Mrs  Henry Morgenthau
g7Qfwumq8IM 1961 Greek Orthodox Archbishop Micheal Leads Holy Cross Ceremony in Asbury Park, NJ
g7QjpUP4tNs Dollar Power (1974) Part 3 of 3
g9j3Uz0QAXs 1940s Dentist Working on a Male Patient's Mouth
gAEcowABl4Q 1949 Chiang Kai-Shek
gAIgSgvbKFo 1918 -1948 Captain Eddie Rickenbacker
gAM4oYF8YZc 1940s Mailman (Silent)
gB5pJgIHctI 1950s Electronic Appliances
gBD8vweaZRE 1967 Oldsmobile Commercial 2
gBoFc15vWuM Vaudeville Act
gDWS-4t6J34 Children Dismissed From School
gD_dtwBNLHk 1930 U.S. Opens
gFGyyq0Jyp0 1930s Washington D.C.
gFL6dyCU3Jg 1960s Bell UH-1 Iroquois Helicopter In Vietnam
gFqtCNJQHr8 Skyline New York (1955) Part 5 of 6
gFxfXqMmz6Q Gobs of Fun - Screen Songs (1950)
gGL5PZyjcwI 1967 Red Convertible Camaro
gHa0JhYbU7E 1960s Teacher
gHa5mnejcgw Motorcycle Stunt
gIrpshqnfV0 1920s Screwball Comedy Act
gJZHt6IDbns 1972 Northern Ireland Riots, Ulster The Troubles
gKahFCt2g_I 1950s Lilacs  Rochester, NY
gLFl_nF1O20 Town Without Pity Trailer (1961)
gM95XUmnfBA 1940s Police Practice Disarming Gunmen
gMAGM-ylcIU 1941 Nazi Germany Invades Europe And Africa
gMtdOZ77T48 1930s Roller Skate Race
gMyZ3XVJhXU 1936 Olympics 100 Yard Dash Jesse Owens Breaks Track Record
gNz66RqnqMk Life With a Baby (1946) Part 4 of 5
gPL7dgpfpyg 1956 James David Zellerbach Becomes New US Ambassador to Italy
gPl0kWDiYzU 1928 Maurice Ravel Piano Concert
gPxt4l5wUkg 1940s Texaco Radio And Mailing Advertising
gQpdbn3Qn3c Man Walks up Steps, Into Camera
gSEMPG0cAWQ 1920s Farmer Hypnotizes a Chicken
gSRSRzoYIzc 1937 President Roosevelt Visits Yellowstone National Park
gS_XAIDnnTM Your Job Security (1937) Part 1 of 2
gTkxGEHq8E0 1946 JFK Elected to House of Representatives
gTsmzoKuZp4 The City (1939) Part 10 of 10
gTspks-DPx0 Puerto Rico, Sentry Box of Castillo San Filipe Del Morro
gU4FaGBf-WQ 1964 Berlin Wall Is Sealed After 17 Day Opening for Christmas
gUMcLwUx0-o 1940s Circus Stunts Acrobatics
gUtAviyTaT8 1936 Chicago Amusement Park Ride - Parachute Drop
gV9Ea2ylE3o Brief History of The Telephone
gVDB-y4-vgo 1960s Creme Rinse Television Commercial
gVIoiSmc49k 1940s Television Salesman
gVZY6ExpHHg 1960s Stagecoach, Team of Horses, Double Decker Bus, Camel Train
gVb7TojAMc4 Treasure Islands (1955) 6 of 8
gVrfdgLSRD0 1967 Vietnam War Protest in Washington D.C.
gVtMoExLFGw 1967 President Johnson Gets a Grandchild and His Daughter Gets Married
gW-RWq-4ckg Hall of Wonders (1954) (Silent) Part 1 of 2
gWFX7TW32j0 1934 WPA in The Arts Orchestra, Negro Choir
gWIl81IFkKc 1936 Howard Hughes Unveils Hughes H 1 Racer
gWViisytGqo 1930s Cowboy Brings Horse to Roof of Hotel
gWdxVA31tVI 1960s  Classy Dance Routine (Silent)
gWojZs7VNac Scientist, Laboratory, Tesla Coils
gWqLjNkWUTQ Walls Ice Cream TV Commercial
gWvopKEzXBw 1900 Texas Guinan in Her First Appearance as a Cowgirl
gXAKo6CR5xo Downy Fabric Softener TV Commercial
gXAxGh1WcYQ 1950s College Track and Field Meet
gXz-7ympCSE 1935 Dual Control Automobile (Outtake)(Silent)
gYJXdW7PHFM 1939 London Woburn House Jewish Refugee Relief (Original Audio)
gYiELIdpTAw 6th Chair (1950) Part 4 of 4
gYy0NyLSwFY Patterns For Survival (1950)
gZ-MPGybtm8 Electric Company
gZ4NTuyf1mo Man In Block of Ice
g_2d3sDITYs 1960s Vietnam War
g_EjcDunfSE 1940s Bishop J. A. Gregg Talks About His Hope For the African American Youth
g_In6xBzKXM 1932 Prototype of an Ornithopter 'Gray Goose'
gaGoT4OxLAA Innovating the Railroad (1953) Part 2 of 6
gaUKIKeTg8I Car and Airplane Stunts
gac7n3Ytk0g CHICAGO, AERIAL, NIGHT - SKYLINE PAN SOUTH MILLENNIUM PARK
gagVR4dtt5g Dateline Tomorrow (1946)
gbrbvjmFGlk 1950s Juvenile Delinquent Slashes Tires
gbu9qCnVbL0 1940s Hollywood Cameras on Set
gc4drDH-V5U Flowers of Darkness (1972) Part 3 of 4
gd3w9MozBGY Cascade Dishwasher Soap Commercial
gdA3sUzDfOg 1956 Game and Dancing On TV
gdPmh6Vln7s 1927 President Calvin Coolidge Awards Flying Cross to Charles Lindbergh
geODX6nCcn0 The Title is One Part 7 of 7
geppcYbVyYY 1949 Communist Victory Parades in Shanghai
gf1IAdnYUdA 1960s Man Adding up Film Costs
gfH4_A4Hyqw Beijing, China- Traffic on Chang'an Jie
ggGvumK_ZI4 1970s Doctor Discusses Baldness
ggPWJj_ZXvw 1968 Columbia University Riot
ggRJjxgQo_U 1938 Women's Hairstyles
ggypFZ02Q_A Last Clear Chance (1959) Part 3 of 7
ghO7qxBqJZA 1980s Macy's Thanksgiving Day Parade
ghoGIAiP_Ys Newspaper Printing
giQH3Hj972g 1950s Piasecki HRP Rescuer Demonstration (Silent)
gioCKtjuduI 1970s Diet Pepsi Commercial: Girl at Boating Club (Silent)
gjRIpTRPxiE 1950s Lady Reads Book In Armchair
gjuaPYKUukA 1980s Aerobics
gjvc9btl2Hk 1927 National Amateur Golf Championship (Silent)
gkBS1wSyT5U Unemployment Lines
gkCE5bBfexM 1930s Duck Builds a Nest in A Tree
gkc3pII8Vro 1940s Traffic in the Big City: Cars, Taxis, Buses (Silent)
glNycIx-hGk 1920s Nightclubs Vaudeville Jim Durante
gmGAoiTvT8w Duck And Cover (1951) Part 2 of 2
gnQCmMBNTjg Kaleidoscope Stars
goOBvC02ipY 1930s London Shuts Down in Honor of Visiting Princess (Silent)
goxAfnERbMw 1980s New York City Club Scene
goz2HC3Y6K4 1950s Secretaries
gpWoJ_xU4Ls 1950s Voting Booth, Ballot
gplEwZywHn0 1980s Vintage Las Vegas
gptGUkUZZ60 1950s Grandmother Plush Toys
gqGmak2vU4c 1950s Secretaries
gqi7hqHZHQY 1920s Alvin \
gqpq1Vx2ia0 1950s Mamoru Shigemitsu (Silent)
gr9kAxvB25c NEW YORK, MANHATTAN, EMPIRE STATE BUILDING, DAY, AERIAL
grFEfgiiDig 1930s Hollywood Angelus Temple with Aimee Mcpherson Church
gs7fTnQD8HA 1960s Girl Sews Hem in Dress
gsCC9F8txiA 1934 France Cross Country Race (Silent)
gtUaaXSCoPc New York, Traffic, 2
guBTPiNxeCY It's Christmastime (1952) Abbott and Costello Comedy Skit
guVQjyt9ee4 1950s Colorful Assorted Beauty Products
gvgoWB7NrSs 1960s Hippies Dancing at a Jam Session
gvinRtMOay4 1960s Agriculture: African Cattle Pesticide Dip (Silent)
gweIEI-Zl3E Cheerleaders
gwwdMJx2HKs 1930s PanAm Provides Domestic Flights Within China
gxaKAjtoT1Q Grover Whalen (1952) Part 2 of 3
gxlhhUoPjGg 1931 Ruth Nichols Sets the Women's World Altitude Record
gyUCMpU6yGo 1956 Washington D.C. Senator William F. Knowland Discusses Changes to Unemployment Legislation
gypd22wt3vc 1967 First Nonstop Transatlantic Flight in Helicopters
gzZuZRIFaAM 1942 German U-578 Sunk R.P. Resor Off Coast of New Jersey
gziaSWwhUwc Plane Flying at Sunrise - Silhouette
gzrsB1AMh3Y 1930s Hollywood - Cafe Trocadero and Bus Stop
gztXrVX_k2U Film Countdown
h0D5T2S2KIo 1950s Boy Bowls
h0ECa60aNiw 1940s School Class, Raising Hands (Silent)
h0rGSyNhkys 1934 Winter in Washington D.C.
h0sCUFvCMTU 1941 History: U.S. Supreme Court Convenes for New Term
h0x7F0gRG8M 1950s Brooklyn Street
h0xhbH8EfR0 Cowboys on Horseback
h1Af5aq9jOU Reis-Fit Rice TV Commercial
h1bGebALjpU 1940s Ford Deluxe V8 Convertible Commercial
h1kn2Ilrug8 JFK: The Man and The President (1963)
h1xt38fqmQQ 1940s Family Picnics (Silent)
h25CZksm3io Puerto Rico, Waves of the Atlantic Ocean at the Resort Area of San Juan
h3J30hfYApA 1936 Summer Olympics Highlights - Track and Field
h3mGk8-o5Hg 1937 Hindenburg Flying Over NYC and Crashing
h3mgjaEfL58 1970s Family Eating Breakfast
h3stUg0nFx8 1938 Ford V-8 Deluxe Sedan Interior
h4Ivw3iX0z8 1970s Rural Mexico
h4JDJcjhrcs 1940s Newspaper Boys
h4U01Sr45UA Movie Audience
h4ffkNH0HEQ 1937 New York City WPA Extension Protests
h5E8QI5VgMI 3146 80sVHS
h5I3yH9oPD8 The Moving Generation (1970) Part 5 of 9
h5f--nKDG2Q 1949 United Nations Meet After Rumors of Atomic Blast in Russia
h5twNdIMJ-k 1920s World's Wealthiest Cat
h6HKkbtf8kc Roaring 20s - Biplane Wing Walker Daredevil
h6d-fXQ37Ao RV Camping
h6etYu019ZY 1936 King George V, Edward VIII & George VI (Silent)
h7KhzfY5Cz8 1960s Computers / Automation / Food Packaging (Silent)
h8MXfnJCeA0 1938 Ford V-8 Sedan Man Loading Automobile Trunk
h8Uww45ov9E 1966 Wonder Boy Besotted Girl Sings to Bookworm Boyfriend
h8pTSteDk-8 1900s Woman Exercising (Silent)
h8q8PSvngd4 BUDAPEST, HUNGARY, DANUBE RIVER, BRIDGES
h9bfcdwAn1s 1920s Airplanes Perform Tricks (Silent)
hA6K32GNjh4 April 1961 Bay of Pigs Invasion
hAPH5ekzv_8 1932 Lytton Commission Greeted by Former Emperor Pu Yi in Manchuria (Silent)
hB8kuF2X174 NEW YORK, MANHATTAN, NIGHT, AERIAL
hD-8f4LUpmg 1956 Blizzard In Pennsylvania
hDSnstJxIJ8 1960s Mr. Potato Head TV Commercial
hEAhLaiNonw Is A Career In Government For You? (1972) Part 1 of 3
hElYgyl6D-8 1927 Showing Diamond Ring to Potential Bride
hErYDW1_fBI Music In Motion (1954) Part 2 of 5
hF7sBuay_Z0 1940s Australia Bull Whip Demonstration
hFhfFeWsBt4 Pouring Liquid
hG969JW90HM 1950s Tire and Wheel Balancing Machine
hGBb3ykh2Xg 1940s Men Squeezing Through Factory Gates
hH6qGQH62N0 Survival Under Atomic Attack (1951) Part 1 of 2
hIpAL8zhrCk 1940s School Lunch
hJvEnnfx-lA Happy Humpty Cartoon
hKq8TRfyltw Cab Calloway Performing (Silent)
hKxU0-S5hJQ Pony Express Part 2
hL1fU0HiEOo Gentlemen Get Slapped
hLHicd4Y054 1950s Fads, Yo-Yo, Hula Hoop
hLhG5txEHwY Snippet from The Great Train Robbery (1903) by Edwin S. Porter
hLkftHURPk0 This is B'nai B'rith Part 2 of 6
hLmQuzfJueA Film Leader 21 with Countdown
hM4p1J2gTsU Pouring Oil
hMeLvsaWuNs 1890s San Francisco
hMtepVZqlMU An Answer (1962) Part 4 of 7
hNY0JZifxO8 1930s Sir Malcolm Campbell Joins Movietone
hNguA76NI-Y Beijing, China- POV on Dong Changan Jie
hNtpQafltWA Grandmother in The Kitchen
hO4wTTK29Zw 1940s Teens on the Phone
hOCFELA4Yog The Friendly Ghost (1945)
hOKMr5HSmdM 1940s Quick 4-Story Building Demolition
hORaxVcygXM 1935 Easter Sunday White House Egg Hunt (Silent)
hP8YXlSWNPI 1904 Labor Day Parade
hPS1OldecPM 1962 Astronauts Returning from the Friendship 7 Mission
hPjG94PYOhM 1942 WWII American Propaganda Against Gossip
hPjlNwsIrug 1950s Manhattan
hQE7Py6j5FM 1960s Detroit City Workers Demolition (Silent)
hRElW-bT_cI Trailer: The Three Stooges in Orbit (1962)
hRqRmjbseqk Boraxo Commercials With Ronald Reagan Part 2 of 2
hS001HI71yM 1947 John Howard Lawson HUAC Hearing Find in Contempt of Congress
hS1fNYVZV8g 1950s Hollywood Suburbia (Silent)
hTjRKWt4AwM 1950s Training the First Astronauts
hULfY4R6BH8 Social Security (1940) Part 1 of 2
hVLxF_rb8hQ 1956 College Football: Iowa Hawkeyes Vs Notre Dame Fighting Irish 48𠄸
hVQZGtGCltw 1940s Post War Suburbia Aerials
hVYB3W80eWg 1948 Congress Accuses Elizabeth Bentley of Being Soviet Says
hW8qVLD2Bf0 1931 Dr. William Marston Uses Polygraph Machine in a Study on Women's Emotions
hWVUA3Rt1Pk 1932 Texas Rodeo (Silent)
hWwPfRwcrG8 1950s Laundry Technology Advances
hXZ9RbTpQFA Bad Reactions
hXl2deWo2b4 1950s Church on Fire (Silent)
hXnistgfygA 1936 New Years Eve Havana (Silent)(Outtake) Part 1 of 2
hZZxOvYxiFo KIDS CROSSING THE STREET 1940S
h_OKFHd33QU 1950s Macy's Department Store Workers on Strike Picketing Store (Silent)
h_VMSFz-kWk 1950s Yucatan Snow Capped Mountains, Lake
h_qDxPwlVI0 1934 Ohio Train Collision (Silent)
h_q_YYAZYc8 1990s Winter in New York City
h_v4qoRyS-4 1950s Abandoned Fishing Town
haueTJhG_BY 1940s Children in a Classroom
hbSHd8F9g-w 1949 Colorful Assorted Rugs. Slippers. Nightgown. Bed. Interiors
hc-1pHyYJ_o 1970s Customized Volkswagen Beetles
hcCkHE2NH6w 1941 Soviet Farmer Harvest Wheat in Azerbaijan
hcL2wyIjuB4 1900s Politician William Jennings Bryan
hcO5djwNcmo 1990s Customized VW Beetles
hcV7yguD8ws 1967 Newark Riots
hcjm2qXDN1E 1940s Volunteers Campaign Against Tuberculosis
hdWAkaeXkhw 1950s Montage of Telephone Operators / Communications Labor
hdsT4bxoMqs Behind The Lens (1940) Part 1 of 2
hdy44WRmOtg 1962 NFL Game: Green Bay Packer Vs St. Louis Cardinals
heMhQF9lRX4 1966 BOAC Flight 911 Crash Kills 124 in Japan
hecX5SlaXAo 1900s Women Running for a Sale
hf0bB34nXK8 1940s Northern California, Waterfall, Fishing, Redwood Forest, Boating
hfdrMsavVGc 1960 Chevrolet Corvair  - Parking Meter W/ Time Expired
hfrLglwEc48 1937 Hindenburg Explodes
hftp8eS1Ung 1940s Politicians Campaigning in Streets
hhErXTgsZag 1920s Pancake Machine
hhmLS-RVNDM 1968 Oldsmobile Delta 88
hir64h3DvA4 Dollar Power (1974) Part 2 of 3
hjWm_FZZcW0 1935 National Plane Parley at Langley Field in Virginia (Silent)
hjXwoeZFJFs 1930s Great Depression, Dust Bowl
hjlWXdgL8dE 1937 President Roosevelt Holds Banquet in Honor of James A. Farley
hkmZg0-WSxc 1940s Postman Delivers Mail to Mother and Daughter
hlUBdq3rElo Jerky Turkey (1945)
hlUzndZLahg Power For Progress (1961) Part 3 of 5
hlmvwXwTusI 1958 USS Nautilus Nuclear Submarine Submerges Off the Coast of Alaska
hmxEKFqVIGw 1902 Dude And Burglars
hnR2JDd9dm8 1950s Home Alone Poor Rich Boy Dreams of Santa Claus
hoXOs0aL-i8 1930 Spider in A Web Eating
hosRhg95yu8 Kaleidoscope, Baseball, Football
hpGdIvZHX7Q 1950s Students Duck and Cover
hpVN9xK3rpc 1950s Garden in Full Bloom Rochester, NY
hptycAFsGHs 1967 Tulsa Southwest Raceway
hq23p1aoHHo Native Americans Depiction in a Western
hq7grudP6s0 Simmons Beautyrest Mattress TV Commercial
hqeR0HvN9PU 1960s Super Stuff! Wham-O Toys TV Commercial
hqhqWlpf2OM 1935 Portland Students Try to Get into Old Schoolhouse After Redistricting
hqsFETOWKRs Survival Under Atomic Attack (1951) Part 2 of 2
hrKpM2G6GdY The Title is One Part 5 of 7
hsHNVpW64hU 1940s Toddler Shaves Man
hsZtnmiUm-o 1935 Hollywood Spring Fashion Show
htZKW6bEgjw Scientist, Laboratory, Stethoscope
htxU61cb904 Dating Do's and Don'ts (1949)
hudg54J-HnI 1941 NCAA Basketball: Long Island University Wins N.I.T. Championship
hvbaOlhaMjI Manhattan Aerials
hvvO9v7NrpQ 1934 Los Angeles Floods and Mudslide Aftermath
hwBP5xAAVls 1940s Telephone
hxYjy9BMnUA 1917 The United States Acquires the U.S. Virgin Islands
hyMckgK7xPM 1934 Floods Devastation Torn Homes Rescues
hyn5fnkHSUQ 1940s Technicolor Used in Advertising to Sell Cigarettes
hzJiqu4WGlU 1940s America Biggest Family (Silent)
hzJxgBTV4lo 1947 Walt Disney HUAC Testimony (Outtake) Part 2 of 2
hzNBcNx9Eeo 1960s Roast Beef in 'Modern' Oven
hzbCvcHcewY Telephone Operators at Switchboard
i0VFfv_Ku6I 1937 Chicago Memorial Day Massacre
i19zzQRfD0M 1950s Crowded Denver Courtroom (Silent)
i1Ni6CKW7E4 1956 Man Discusses President Eisenhower's Dinner Before His Coronary Illness
i1P2ALBhBRQ Baseball | U.S. Presidents Throwing First Ball
i1SFKxPokng HOLLYWOOD SIGN, LOS ANGELES, TIME-LAPSE 6
i1Yy4thqg-c Mother and Little Girl Window Shop. Retail Stores
i24Jt-moFtw 1927 Pete DesJardin Diving
i2WbepczTSY Chimpanzee Tricks
i2nQj0W29sw Farming
i3CiGV8C3YA 1980s Dancing Roller Skaters
i3EVRw8dIwg 1950s Vesta Paella TV Commercial
i47z5uZJTDg Students Ride the Bus
i4Q0hn6UJ2o 1949 Russian Representative Andrey Vyshinsky Walks Past Reporters at United Nations
i4caiBN9b6Y 1940s Automobiles - Advertisement Film for Ford V8 with Smooth Ride
i4nZpxS4L90 1920s Crowded New York City Street Corner
i4zt34MRBI8 1934 Sculpture Dug Up on Belle Island
i55uw_jbL1o 1950s Man Testifies
i57Xu51uE58 1955 Argentina Coups D'état Ousts Juan Perón
i5EdvvaDEpM Life Montage
i5kZPJYXW9c 1940s Westminster Dog Show Winner \
i6ez6xaaYZk 'The Tingler' Trailer (1959)
i71Zj-E14Vo 1930s Politicians Talking
i7iPVXCHIz0 1928 City in The Future
i7qqnxMQJQ8 1961 Clown School
i7ukCiUAIOE 1950s Laurel and Hardy in Later Years
i7wj6XmLLGg 1910s WWI David Belasco and Charlie Chaplin Promote Liberty Bonds
i8ED5Jp9mug Getting There Is Half the Fun Part 2 of 9
i8FbHIykbOY Reporters, Newspapers, Headlines
i8WH-v0zMK4 1920s Stunt: Plane Crashes Into House
i8ZIhue5cKE 1900s Indian Merchant. Lavish Victorian Room. Waiting for Man (Silent)
i9_ih1KD05U 1980s Philadelphia Area Punk Rockers Moshpit Interview
i9k9X_yVE2U 1934 Heavyweight Champions Primo Carnera and Max Baer Training
iAxXX7k0e0Y 1906 Wilkes Barre Centennial Parade
iBDVgMh69Iw Cigar Commercial
iBeNn3vej68 Film Leader  4 Multiple Countdowns |
iC5tV42Ma1w Hotel 'The Plaza' Ext. Limo Taxi / NYC
iCBA1mDEQAI 1956 Vintage Cars in Parking Lot Philadelphia
iCNbK6ovaj0 Children Playing Outside Building
iDHawJXvpBQ 1950 The Screenwriter & His Entourage | Print to Celluloid
iDojpv_SKdc 1950s U.S. Plains Farming, Agriculture, Cattle (Silent)
iEmaCfBNqsA 1960s Guatemala 1 of 5
iExqiH1pXRg 1950 College Football: Oklahoma Sooners Vs Texas Longhorns 14-13 (Silent)
iFcmoj5HZR8 1930s Woman Rides Lion
iFd8uo7ogpM 1910s Vintage. Hand Crank. Frustrated Driver / Cars
iGlaRz1BgrA 1950s Daredevil Performs Stunt In Steel Ball
iGqXEj7fQ4s 1940s  Pedestrians Crossing a Busy Detroit Intersection
iHNXxztf3_A New Delhi, Chandni Chowk, High-Angle Buildings
iHpKD6VPgdw 1923 Rodeo with William McAdoo and Rider Yakima Canute
iIInp6yGGUI Traffic
iIX2xbnfIvY 1920s Winged Man Dives Off Bridge
iJ1hhmQrU4A 1950s Factory Workers Receive Pay
iJDuSlHJMnU 1970s Girl Runs From Creepy Guy
iKSa_AMcEhk 1950s Strongmen Perform in India
iKWgSkzXCek 1994 New Years in NYC
iKwr6MElBT0 1950s Pro Hair Stylists
iKzAfetiznc 2011 Formula One - Afiq Ikhwan Wins JK Racing Asia Series
iL1elroo71k 1949 General Lucius Clay Awarded The Two Oak Clusters President Truman (Original Audio)(Outtake)
iLcNmZ3L2KQ 1950s Automobiles
iMBUsp-rKZo Work of the Stock Exchange (1941) Part 4 of 4
iMJ-v2XNGHc 1944 British Troops Liberate Athens, Greece
iN8zb72xmmo 1970s Colgate Commercial
iNoGZiwZNkI WWII Pearl Harbor Attack
iOPXvr7wzn4 Kaleidoscope, Bocce Ball, Shuttlecock, Golf Ball
iOgHlAOCAPg 1920 Franklin D. Roosevelt Sailing with Family
iOxxGKi9xJU 1928 Hollywood Montmartre Cafe Roy Fox's Orchestra
iP2raBkTUuc 1930s Great Depression, San Fransisco
iPekWbK5vgQ Tight Rope Walking Across Canyon, Stunts
iRGy2lW47hc 1924 President Calvin Coolidge, Thomas Edison, Henry Ford, Harvey and Russell Firestone's
iRJg3d5IQp4 It Takes Two To Make a Champ (1938) Part 1 of 4
iRYRjALdhkA 1920s Men Scale Tall Buildings
iRZh8wk1GNg 1970s Japan, the Rural Life of It's People
iSHslF32qxU 1940s Buildings Collapsing
iSVMEzKZwiY New Iron Horse (1950) Part 1 of 2
iSqB6pg2bCo 1950s Steel Cable Factory (Silent)
iT51C0kNfqs 1954 Go Kart Racing
iT7jCwaVykw 1935 Entire Town Including Amelia Earhart Gets Fingerprinted at Firehouse (Silent)
iTW4nEntrOQ 1950s Power Plants
iTpnXkkkNAw 1950s Board Meetings Men | Women | Generals (Silent)
iU1483XA4fI Snippet from Birth of A Nation (1915) by D.W. Griffith
iU1eDbuPhrw 1950s Family Picnic
iU9hEgdD_Nc School Board In Action (1954) Part 4 of 7
iUBA-4XbeZo 1950s Dutch Youth Builds Model Plane
iUZTYoXxzYs 1954 Refugees Return Home After Greek Civil War
iUuCuMlnH9g 1950s Hollywood Bus Tour
iVKxnAEllUc Crazy Scatting
iVPPTFPPgSI 1990s New York City Bus and Traffic
iWCKcC3Si_Y 1937 USS Panay Incident
iWTe-AJPN1I Life With a Baby (1946) Part 1 of 5
iWwK_jpDCLQ 1934 WPA Adult Education, Vocational Training, Teen Education
iXKeODv5xVw 1950s Truck Pulls Into Driveway
iXSQEatX3m0 1956 Elvis Presley in Court for an Assault Charge (Silent)
iXcB2GIWVzY 1950s Hollywood
iYryHrSMsSs An Answer (1962) Part 7 of 7
iZQumycrhWo 1960s Westinghouse Circular Oscillating Fan
iZUyiLHuQ_g Speak Easy Dancing Champagne College Kids Drink Dance
i_5cGP50sqU CLOTHES LINE COLOR 1950S
i_hDYHSgipg 1948 Tokyo and Chiba Food Crisis (Silent) Part 3 of 4
i_lRa1wBw1U 1940s Board Meeting, Refrigerators
i_ncSBfMJbE 1950s Unhappy Dwarf on Park Bench with Pretty Girl
ia1uUPftX50 Air Force Junior ROTC (1960s) Part 1 of 3
iaFmtpccvAM A Safe Day (1939) Part 2 of 2
iaJxnXmOJfw 1941 Soviets Reserves Meet At Mobilization Points To Receive Orders
iahfQOqP2c8 1960s American Forces Radio
ibWvSqFQVZw Man Kisses Woman, Woman Slaps Man
ic0xjRsIwXg 1920s Acrobatic Water Skiing (Silent)
ic3s6xmEl40 A Letter to Linda (1950) Part 2 of 3
ic6m2V1tPIc 1950s Electronic Controlled Tractor
icEQ4m-YsqQ 1960s Hippies, Concert, Love-In
icGVC3YZNaA 1937 German Nazi LZ 127 GRAF Zeppelin in Flight
icTpoAh3X9M River of Doubt (1913) (Silent) Part 3 of 8
icmePzDjkFI People Crowd Around TV
icy6SB8QsKY High Society, New Years Eve Gala
idOU111ids8 1970s New York Adult Film Industry
idhcHqRdXfo 1950s Driving Through Los Angeles
idlTE8J3ZhM 1941 Ford Super Deluxe Promotional Film
ieFF_FP-XuU 2016 Democratic National Convention Protesters at the Mississippi State Flag
ifAPCEmOaEk Fly American (1933) Part 3 of 5
ifBoh2zzlCU 1931 USS Akron ZRS-4 Zeppelin Crisis
ifiozbmxiQA 1940s Teen Dance Party
iftP3iN5nD8 Singapore, 1960s
igFf1kk8uA4 Car Hit by Train
igKhwvT54Ww 1980s Wall Street B. Powell Skater
igvfb2ILXOc 1950s Japan Celebration of a Festival (Silent)
iiazKR_1BtI 1930s Mining For Diatomite
ijmm3oZQ1y4 1962 Typhoon Amy Hits Taiwan
ik63gVfRwS0 1956 Hungarian Revolution Against the Soviet Union
ikXOHpFXSHQ 1940s Woman | Smiling | Thinking
ilCBduxIHto Palooka/ The Great Schnozzle (UK) (1934) Part 4 of 4
ilIuutEDax4 1960s Chrysler Employment Building (Silent)
im8V1O78chQ 1940s Woman at Vanity Table Prepares for Night Out (Silent)
imDxQ9CHskM Buenos Aires 1942 Part 1 of 3
imK4zrRHLoc 1968 Warsaw Pact Invasion
im_6ikrrdRY 1923 NYC Gloria Gould and Henry Bishop Wedding at St  Barts Church
imeSI6GISC8 1960 Indianapolis 500 2 People Killed by Scaffolding
impDAGrVNoc 1980s Woman Swimming, Man Swimming
imzyiLbxldA 1950s Modern Building Day and Night
imzzKhob_QU 1950s East Berliners Fled To West Germany
inAzn-dD7lg 1930s Man Frozen in Block of Ice
inPHahTXoU0 NEW YORK, MANHATTAN, SUNSET, AERIAL
ins6ziX0xnE 1936 New Years Eve Times Square
ioUmy56yZF4 1920s NYC Parade Near Bowling Green Park
iofhp8L88Qc School Board In Action (1954) Part 1 of 7
ip36OC8go9A 1950s Produce Section, Grocery Store
ipQe_g65dXs Car Drives Into Lake
iq-qa1woqHc 1927 Flight 'Bird of Paradise'
iq3A-wFDWEU 1964 President Johnson Campaigns in Detroit
is8DNwAfMm8 Fiorello H  La Guardia (1948) Part 2 of 3
isuXeoPSRfw Redesigning the Monitor Part 3 of 4
itOPWPt1wG4 1935 First Mother Roosevelt Honors Typical Mother
it_MQqfanMM Little Boy Scans the Sky - Loop
itoIh_aj-EM 1937 Philadelphia Mummers Parade
iu5bmsnfWcQ 1945 Army Navy Screen Magazine No 53 Part 2 of 6
iuiPJKCDZPo 1960s Home Electricity, Fabric Irons
ivOfrh9oNFQ 1950s Chicken Recipes from Colonial Time
iva5hjWL_DQ 1950s Paris
ivgLdRmjfdc 1970s Computer Card Punch
iviSmdW4kCQ 1990s New York City: Subway Tunnel, Trains, Sparks, Commuters
iwG37ggOeqQ 1934 Christmas Stake Horse Racing
ix_JnYNfIes 1950s Mountain Climbers on Top of Snow Covered Mountains
iyiIE-FKqSU 1933 Postmaster Farley Announces the Federal Government Will Take Over Air Mail Service
iz1TcsyLou0 1910s Palm Beach Horse Drawn Trolley and Boston Work Horse Parade
izEeidM1K4Y 1950s Company Leaving Town Because of Slums
izJFSMwtgvM 1969 Philadelphia Italian Market and Reading Terminal
izyyEefZlvU New Vintage Car. Track Shot. Cut Away Engine & Chassis
j-Ls8r6KwQY 1940s Fancy Women Fighting
j-afScRHubk 1940s Mother Helps Dress Her Son (Silent)
j-c-z9ZMMaA Palooka / The Great Schnozzle (UK) (1934) Part 1 of 3
j0OARea_wNs 1930s NYC Stuntman Climbs the Woolworth Building
j1cIf-Jx6_4 1967 Chevy Camaro
j1vmsgyce1Q 1935 President Roosevelt Welcomes Admiral Byrd After Two Year Expedition in \
j21J9tRGH7Y 1930s Teacher in Classroom
j2CRWIq_Iuo 1935 French Fashion: Beautiful Ear Contest
j2qU-x4EElo Barney Oldfield's Race for Life (1913)
j5Q8EI9-PbM 1948 England Celebrates Birth of a Prince
j5ayxkXY5x4 Fiorello H  La Guardia (1948) Part 3 of 3
j6hNpb7jtjw 1950s Florida Long-Range Supersonic Interceptor Missile
j6qkwR427Oc 1940s Wartime Production in America
j6qvMq0OSH4 1935 Broadway Show Earl Carrol's \
j6z-ZDssqhE 1962 Sugar Ray Robinson vs Terry Downs
j7IZudUJTZU 1945 Empire State Building B-25 Crash
j8EwgEsSYQ0 Pan Am: Birth of A Jet Part 2 of 2
j8iqZZwPDYo How to Carve a Turkey and Be a Big Hit at The Party (1940s)
j9AWKD06uaA Unemployed in Food Line
j9IgnDbno5M 1940s Film Processing Facility (Silent)
j9UxQleK-CU 1902 Uncle Josh Picture Show (Silent)
jA5Ut4Xh_tg NEW YORK, EMPIRE STATE BUILDING, NIGHT, AERIAL
jAMxRhBMDQ4 1930s Great Depression
jAVFY3B2soU The Importance of Teachers
jB1UwaccSRI 1960s Clark Teaberry Gum TV Commercial
jB4lpXGCLZA 1940s Baby Shakes His Head Back
jBKhk6oI51k 1928 Hollywood Mack Sennett Studios
jBPpue4kjRU 1930s Seismologists Create Artificial Earthquakes in Switzerland
jBVrPLj288E 1937 Al Smith Addresses Democrats in Washington D.C.
jBqMGIgw_-k Greyhound TV Commercial
jCC1thzVwYY 1930s Hollywood Bloopers
jCEMzQC_ut0 Vulture in Flight, Endangered Species, Wilderness/ Birds
jCHf_XUDJfo 1931 Calshot Spit Schneider Cup John Boothman
jCYLouMvrGM 1930 Garde Républicaine
jCZhug95LDk American Harvest (1951) Part 2 of 8
jCp0IAY08Fo 1950s Juvenile Delinquent Gives Cop Grief
jCzVcXzlpvQ 1920s Harlem Back to Africa Movement Part 1 of 3
jDCdI4P6CoQ Lucky Junior (1948) Part 3 of 3
jDhuf-g1-Ms All's Well (1941)
jDkd1Pf8TBc 1940s Teenagers Shopping in Record Store, Dancing, Listening to Music (Silent)
jE913tj-NUc 1950s Winter Military Training Exercise in the Mountains (Silent)
jEYHegOdZK0 1918 World War I Battle Footage - Aircraft and Artillery
jF50y10z3nw Newspaper Printing, Headlines
jF7aHWLSh68 Christmas, Santa Claus and Reindeer
jFR_hlxmyAA 1962 Buin Zahra Earthquake
jF_JWnASVC8 1950s Man Fishing (Silent)
jF_v07VnmNk 1896 Paris, Street Scene
jGUzWtQyZ80 1950s Crash Test Dummies Perform DMV Safety Tests (Silent)
jGmrfmtAySM PEOPLE DANCING AT MUSIC FESTIVAL
jGusGDi805Y 1930s Woman Modeling Bathing Suit with hat on
jHL0UbEuWVo 1938 Hollywood Waitresses Make More Than Extras
jHggoTTghNA 1950s Mom and Dad in the Kitchen. Drinking Coffee and Budgeting / Family Money
jHhj4S8etmg 1918 Various World War I Clips / France / Battle Scenes
jHrmvMDakR0 1940s Stunts - People In Exploding Boxes
jIABw-K07Fw Telephone Operators
jIvDzmHOXSs 1932 After Bank Failure Town Prints Oyster Money (Silent)
jJP3wQ7a_ng 1904 NYC New Yorkers Take First  Subway Ride
jJoAxfvANDY 1928 Santa Fe Springs, California Oil Fire
jJtvYVAPrHI 1960s Computers - Light Panel, Pin Feed Printer, Data Reels
jK9_1KnpcBk Chicago: It's A Promise (1977) Part 1 of 7
jKLXKHhVbiY 2016 Democratic National Convention Protesters
jKLkbW4qZog 1957 Chicago Gabe Paul and Warren Giles Meet To Discuss Dodgers and Giants Relocation (Silent)
jKj4aBw7dvM 1960s Astra Beer Commercial
jKkQ_mshVvU 1950s Rochester Gas and Electric Emergency Service Truck Pulls into Hospital Rochester, NY
jLKmyVor10U 1950s Bumper Cars
jLXhesfaHiE Speakeasy, Gambling
jMOQV30bJ2I 1948 Tennessee Governor Gordon Browning
jMhDtz-5BcE 1961 NASA Launches Injun 1, Transit 4A, Greb 3
jNBpqi05n4o Silent Film (1920s)
jNNZpsu0ulo 1900s Early Projector
jNSybMXAsmg 1936 Arthur Brisbane Funeral
jNdZiFuNpMA 1940s Interior New York City Public Library
jNn1nRVGwwI 1940s Nail Salon Filing Nails  Getting Ready for Wedding
jNprjH9rZsQ 7 Up TV Commercial
jNuBa-K7hsY Baby in Bonnet Slaps Boy in Bowler
jPSHkVYdpxw 1960s Tammy Doll TV Commercial
jQeyKzmV-oY 1956 Washington D.C. White House Mamie Eisenhower Has a Visit with Kids
jRRti7zxpkQ I'll Sell My Life (1941)
jRbA15SQIKA DEVIL'S FOOD CAKE 2
jRpgTSgkW1M 1927 Dance Party W/ Balloons, Booze and Ballyhoo
jS4siJZZMlY Martian Robot Burst Into Santas Workshop
jSnQqpNE37U Don't Take A Chance (1966) Part 5 of 7
jSzcoaQ8kJs 1920s Girls Scouts Of America
jTkEKbfKgzw Social Security (1940) Part 2 of 2
jTpwbOvdMF0 Building Demolition
jU19LVI_2b4 Both Sides of the Question (1970) Part 5 of 7
jUsUM3HZ7zA 1950s Frigidaire Refrigerator Promotional Film
jVYOqXcKlcQ 1920s LA Baseball Players Perform Funny Stunts
jVjmPuKfUPc 1955 Man Floats Down the Rapids of the Niagara Falls in a Barrell
jW-pp_bcZnI Western Bell Promo (1970s) Part 2 of 3
jW-s6G92FFw Spinning Globes, Lightning Strike
jWB7ARTaViY 1900s Gymnasts
jWV8M53PjZo 1930 Riverside Memorial Church
jXNHb8VvyfM WOMAN LOADS WASHING MACHINE 1940S
jXUuW9Kmlus Red Nightmare (1962) Part 5 of 9
jY-AZKPxAsg 1950s Housewife Vacuums Everything
jYvzHLMGiXU Redesigning the Monitor Part 2 of 4
jZKdxv_tcs4 1950s Car Salesman and Customer
jZLml5isa2g 1950s New York City Landmarks Central Park and Rockefeller Plaza
jZX52bdFOqA It's The Brain That Counts (1943)
jZcqu3Jpx6c 1950s Teens 'Hallelujah' 'Amen, Brother'
j_bg0ur306A 1970s Deaf Children Learning, Speech Therapy
japwm-TO9GQ 1901 Parade of Horseless Carriages
jc5d1k4dLqQ 1928 Hollywood Warner Bros Studio
jcRS2h4x9Rs 1930s Milford Students Learn About Their Community
jd5cpsQh6lM 1950s Public Swimming Pool Children and Adults Waving at Camera
jdLfQTW3B0I 1940s Teenage Phone Call
jdSyuY9n7BA 1960s Convertible Breaks Down
jdaqYjjlV9U Private Snafu - Censored (1944)
jdb6mS9a-nU 1920-1950  Santa Claus
jdk75apw7Mc 1950s Aerial View of Suburban Housing
jefbl5twD8Q Prehistoric Man (1953) Part 2 of 2
jeyjVChrgGk 1950s College Track Meet (Silent)
jfEfaifEaAw 1930s Womens Fall Fashions
jg2MJY_Rb_c Work Pays America (1937)
jgU1rnVeXLc School Board In Action (1954) Part 3 of 7
jgsQ4J2ohdE 1950s European Alps
jhThq0FCnKE 1941 World War Two: Sailor W/ Cast On Arm In Hospital Speaks To Camera
jhk1JQfvgHU Western Bell Telephone TV Commercial
ji50J086ehA Film Countdown
jiA5qVCJunA 1940s Etiquette - High School Teens Ride to School on Bus
jiFH-t6PSso A Christmas Dream (1946)
jiRgupYP5TQ The Truman Story (1948) Part 2 of 2
jk8tpeaCdg0 1958 Washington D.C. Sherman Adams Seen Entering Room after White House Scandal (Silent)
jkrBA1Jadbo 1950s U.S. Military Testing a Film Camera
jlF-rVgnmP0 Uruguay (1949) Part 2 of 4
jm8g1VMcVNI 1932 President Herbert Hoover Seeks Reelection
jmD8MrGCEaU 1950s Doctors Luncheon Meeting
jmW1kgPE7hs 1950s Spain
jmc1_6O85H0 1934 Detroit Hotel Turtle Race
jmef97i8bzE 1934 WPA Blind Paralysis
jn6xx8pFw68 Physical Fitness (1961) Part 1 of 3
jnbnKpoYBJM 1930s Alcatraz Island Prison
jojzVa017x4 1955 Chevrolet Commercial
jp6WJwkmyBc 1950s Girl Dances in Living Room
jpV8Lhxk4VM NEW YORK, MANHATTAN, NIGHT, AERIAL
jpVYD83cK_A 1950s Santa's Magic Workshop Dreamscope Sees Children Sleeping
jpi5n78GTaM 1933 Agua Caliente Handicap Gallant Sir Wins
jq4EFRYJTNc 1950s New York City Traffic and Skyline (Silent)
jq4HA7YQ77A Man Attacks Woman, Woman Slaps Man
jqEcdWDymiY 1936 Wimbledon U.S. Women Win Wightman Cup
jqNJs17_7LY 1950s Military Workout
jqZ552AIpps Colonial Decree to Pioneers, Settlers Early Government
jqqcknNbuT8 1930s The Dymaxion Aerodynamic Car of The Future
jshHDM93PSE 1932 USS Akron Floats Away Navy Men Cling to Rope for Life
jtNn9FsxO-M 1919 End of WWI and the Treaty of Versailles
juJefj0fIkM 1927 Hawaii Pilots
jvJIPkAR9L8 1960s Fred Hampton Trial Footage
jvj00RJpNmk 1930s Yo Yo Tricks (Silent)
jvkuOHnNKns NEW YORK, CHRYSLER BUILDING, NIGHT, AERIAL
jwXgpfXi72Y 1940s Vacuuming (Silent)
jwZMpaDUtVQ 1940s Cop With Nightstick
jxBNmpgSbdI 1938 Automobiles - Silent Ad Film for Ford V8 Standard
jxtDyUSYEbQ 1920s Windmill Stunt (Silent)
jxxa3RSWOAc CHICAGO, AERIAL, SKYLINE, SUNSET OVER CITY CENTER
jyEozqhHEBI Another Time Another Place (1970s) Part 4 of 4
jyKuBM3nJgU Canadian Mountie Commercial for Canada Dry Ginger Ale
jylB0w5gMM4 1920s Traffic Jam - Early Automobiles (Silent)
jzed1OKyjaQ 1934 U.S. Early Military Aerial Formations (Silent)
jzg6notHVu4 Bizarre Film Leader and Countdown
k-EHENv1Zx8 1970 Dodge Challenger Commercial
k-RQsY32XAo 1970s Mr. Clean TV Commercial
k0ImRfuMqbU 1937 King George VI Coronation (Silent)
k1EkOwopTGU 1960s Committee Meeting (Silent)
k2LuHW3BYeg Ajax Dish Soap Commercial
k2TjG7saXs0 Jimmy Doolittle (1952) Part 1 of 3
k2vu2ZZsRQg Physical Fitness (1961) Part 3 of 3
k3OwuNfekkU 1938 Cecile B. DeMille Filming in His Studio (Silent)
k3Zkp_cuGXA 1930s Coney Island
k3m5VfjZ170 1950s Couple Seated in a Sales Office
k4kVw7lePSI 1934 Chicago Go For a Polar Plunge
k625kyXh2qs 1940s Mexico City Part 2 of 4 (Silent)
k6OfOajEYfA Pan Am: From Little Wings Part 1 of 2
k6TAj3UBevk School Board In Action (1954) Part 6 of 7
k70nYMcIsqM The Car of Tomorrow Today (Silent)(1948) Part 4 of 5
k81INkfZK6I 1960s Car Race
k8ES4yUg_FM Film Leader 28
k8PHtecpAds 1941 Madison Square Garden Tennis Game: Frank Kovacs vs. Don Budge
k8eAeztcQvs Man and Woman Driving
k8pLgzYZTVE 1966 Chevy Sales Campaign
k9VpfwBcdOQ Ivory Snow Baby Laundry Detergent Commercial
k9f40K_wyFQ 1950s Junior Bull Riding Charity Event
k9r0UKyczOY 1950s Men Look at Blueprints
kAnw11CO59Q Motorcycle Stunts
kApf94bQHQk 1940s Cars Sales 4
kAvYEJqhpkY 1930s Two Men Fighting
kAzospa1MFs 1900 Second Boer War  (Silent)
kBFOti6GJks It's Everybody's War (1942) Part 1 of 4
kC1jXBdInUY 1941: Great Marquee. Tyrone Power. Annabella. Carole Landis
kC5Sf5RfOlE 1913 French President Raymond Poincaré Reviews Navy
kDKRlKNSuw0 1940s Modern Dry Cleaning
kE9xwV0szlA At This Moment (1954) Part 13 of 14
kEIl623vJUQ 1962 John F Kennedy Makes Speeches & Celebrates Birthday
kEJqkffkb1Y 1940s Coney Island
kEXIV1FL9lc 1940s Infantry Rush Through Smoke Screen W/ Gas Mask
kEfWYI-MoFY 1920s Hollywood Actress Lillian Gish
kEmiJHKI6v0 1950s Fireman Cleaning Truck Retail Shops. Lumber Yard
kF9beh5F9vo 1956 Don Larsen's No Hitter
kFAw7opMM00 1960s Chevrolet Car Manufacturing
kFcBmRf62SQ Juggling Pins
kGjdEDOvOco 1950s Desalination Plant
kGxXsNDG7vo 1960s Film for the American Forces
kHDg7pgwFKI 1920s Stock Car Race (Silent)
kHVM2hC_MCI 1965 Showgirls
kHxk1P2UlgY 1957 Neil Mcelroy, Nathan Twining, Lyndon Johnson, and Styles Bridges Meeting About the Sputnik
kIZ3fpV_cdY Miracle At Palm Springs (1970s) Part 4 of 7
kIaDYlLaFCo 1900s Early Aviation: Winged Bicycles and Various Odd Plane Inventions
kJO6d29DfI0 1950s Egg and Man Animation (Silent)
kKJ5-aM93I8 1937 Marines Depart San Diego For Shanghai
kKaxjefKg-E 1918 Militant Suffragettes Arrested
kKhvng-nBbg 1930s Toronto General Pisano Performs Rifle Stunts
kLXYjHSv5VQ Dr. Atom - Animation
kLdP08R9E7I 1933 Henry Wallace Triple Aid Program For Midwest Farmers During Dust Bowl
kLzzxpc-iSM 1950s Gold and the Federal Reserve
kM0QMrnFjG0 1963 John John Kennedy Greets His Father at the Airport
kMDEK2FUzo4 1920s Boston Herbert Hoover
kNClwXKXJnk 1940s WWII War Bonds Advertisement
kNHBsys8Qi8 1940s Newspaper Presses and Headlines
kNVZo5G_6N0 1940s College Kids Play Football on Beach, with Diving Catches
kOF9KAiL7aQ Teenage Girl in Her Room
kOFivH6ry8k Snippet of Manhandled (1924) by Allan Dwan
kPoqTmG0Wi0 1950s Queen Elizabeth II and Prince Philip Visit Scotland
kQZZh31FQbE Red Convertible Corvair Test Drive in Parking Lot / Car
kQdK845ZBvs 1940s British Columbia Children on Farm (Silent)
kQm_V5SBOJw 1950s Electric Company Workers Frees Branch Stuck In Electric Line
kQw0WpDP9fI 1950s Montage of Telephone Supers. Retail Stores Shopping
kR6R0nHgv28 1920s Hollywood Charles Buck Jones and Charles French
kSlW0bJkTOQ 1902 Silent Film Snippet  \
kTU4kZPceoE 1950s Oklahoma Welfare Office (Silent)
kTmKoULOxAA 1940s Chinese Farm Family (Silent)
kVC7kMpFfr8 1940s Men Heading to Work in the Morning
kVQ47k8rFMw Bangkok, Thailand, Elephant Monument, Time-Lapse 1
kWAXovWzRJ8 1910s Nightlife
kWFYs394GX8 1927 Clara Bow Kisses Passionately
kWPMTpmznac Times Square Night. Crowds at Roxy. Vintage Cars New York City
kXER3nyr4kg 1980s Man and Woman Playing Water Volleyball
kXKB1CjxW70 1950s Progression of Lighting Technology
kXYJtTFV80k Prehistoric Man (1953) Part 1 of 2
kXoEZ82SiBc Head on Collision
kYPiZMfmU3Q 1930s Guglielmo Marconi Delivers Speech
kZH9JtPBq7k 1900s Railroad Construction
k_qVa3q4GlE An Answer (1962) Part 3 of 7
ka-c1uhvP-k 1950s Crowd of Blue Collar Men
ka1RzyDPz_o 1941 American Industry Ramps Up After Declaration of War
kafghsowitA Wiper Goggles, Wacky Inventions
kbDQt70ME8U 1930s Man Wears Odd Hat/ Shoes
kbIjxgjz-Ag 1960s Martin Luther King Jr.
kbN6f9vHZWU 1970s Scientists Develop Vaccine
kbR7EteXJk8 1950s South Dakota Senator Karl Mundt Advocates For Use of Television in Cold War
kblPutuZ1VM 1950s Picnic on Grass Family Blanket, Super 8 Camera / Food
kbwUa2gi0Gk 1929 Man Puts Out a Women's Cigarette with A Whip
kcWgSIfkddY 1930s Radio Comic in Funny Hat
kcXLtpC-_bo Priceless Cargo (1946) Part 2 of 4
kd8Ucc9OAsQ 1940 Aftermath of Collapse of 'Galloping Gertie' Bridge (Silent)
kdcvimS-pfc The New Frigidaire of 1936 Part 5 of 5
kdtOKIECgxs 1963 Civil Rights Demonstrations Arrest MLK Police Spray Protestors With Fire Hose
keFa27Kykyw 1950s Paris Landmarks Eiffel Tower and Notre Dame
keo5yKIvi6k Groovy Woman Smells Cleaning Liquid - Loop
kf1RbvBBcb8 1960s Honolulu, Hawaii
kf1wefQdNRg 1980s Roller Skaters in Front of Fountain
kfGUdpo4UTs 1950s Modern Office Machines
kfVRQYnkkek 1957 Albert Anastasia Murdered in a Barber Shop(Silent)
kgDkvtulUI4 What About Juvenile Delinquents (1955) Part 3 of 3
kgyR3V_E54c 1948 Israel-Palestine Conflict
kgzo1TVtex8 1934 Saylesville Massacre Textile Protests Turns Riot
kh5pC5HUDQM 1926 Women's Fashion and Exercise
khCUFqVhgVw 1940s Little Girl Drawing a Picture with a Crayon (Silent)
kht0Sab1TG0 Lays Potato Chips TV Commercial
ki-ffKet3fU At This Moment (1954) Part 3 of 14
kj1LYvF40DM 1940s WWII London Bombing
kjXyBFehPq4 1960s Man Figuring Budget With Client, Frustrated by Amount Numbers
kjdgY5pTXDM Plane Flying Over Clouds
kjqbwzLnZ0E Helium (1966) Part 5 of 5
kk1HxEIxO9A 1960s Animation of Rocket Take-Off / Separation / Satellite Launch (Silent)
kkGot9pk3Sw Commercial for Clorox 2 for Color Clothing
kkVAiS5Dc0k 1920s Stunt Airplane Crashes Into Barn (Silent)
kkXXD8cP5yk 1950s Can Opener, Vacuum Cleaner, Fan
kkjzINLfBew 1990s Car Drives Along Road
kkuZVYxiETI Power For Progress (1961) Part 1 of 5
kl-bPtl6hX4 Where Love Is (1954) Part 1 of 6
kl051YBrDwk 1950s Commercial Cold Power Detergent Family and Babies
kl9PPvYbX6U 1917 Sally the \
klYaTxLA0b4 1956 Arkansas Representative Oren Harris Talks About the Grand Canyon Mid-Air Collision
kmkNrTOgmm4 1956 National Cherry Pie Baking Competition
kmq6wWrvWYo 1955 DNC John F. Kennedy Nominates Adlai Stevenson for President
kmxarCYIjCw 1920s Paris
knBoslZBoys 1920 Man O' War Race Horse
knCt3EFv6XM India, POV Train Part 4 of 5
knHB4pwGO_Q 1950s Teens Fixing Cars
kobAUf8ptdE Kaleidoscope Tennis Balls, Psychedelic colors
komteSRNSKY 1934 Winter in Austria
kotq-O6lCAQ Emotional Maturity (1952) Part 2 of 5
kox0HqF183w 1950s Engineer Writes Scientific Equations on Blackboard
kq3JkVbF9UM 1965 Goodyear Songs of Christmas LP TV Commercial
kqm4q4I_8WU 1940s Reporters Taking Notes (Silent)
kqsiNWcwDaE Beijing, China- Elevated View of Modern Buildings along Dong Chan'an Jie
kquKl3Zl1tE Vietnam War: USAF Bombers Dropping Payloads Part 1 of 2
krRuKTXPg4s Cook Out
ks3d5sTMdpo 1932 George Washington Bicentennial Commemorative Coin
ksAEyn2u1Go 1930s Ethiopian Military Show
ks_wU8VtDDs Campus On The March (1942)
kslzWTn9C-U 1945 Ralph Bunche Talks About Upcoming San Francisco Conference
ksrbRzrYY-k To Each Other (1943) Part 5 of 8
ktBIeruoMqQ 1926 San Luis Obispo Oil Fire
kufUHciD0Ec The Circus: Children of All Ages
kv8ZZh1F38s 1950s Mailman Delivers Mail. Man Sanding Boat.
kvL5rCOJrQw The Government of Japan (1945) Part 1 of 2
kvaSgdx_HBw 1940s Romantic Couple Kissing
kvhyVbtSJ6A 1980s Racing Montage I: Indy, Drag, Stock, Speedboat
kvtpsJSZuEk 1950s Packing and Shipping Seeds
kwFbcYtdTgI Mike Makes His Mark (1952) Part 6 of 6
kw_ZCJpc0KY 1960s Chinatown at Night
kwbjUq27RN8 1950s Teenage Boys
kxelxqtkkdc 1950s RCA Victor Living Stereo Promotional Film
kzLjSoDWtDs Beijing, China- POV Traffic on Dong Changan Jie
l-NddJeF_Xo 1950s Washington D.C. Burning Money To Make New Money
l-PCvgcFQWM Kraft Frozen Dinner TV Commercial
l-XFm8iPRbo 1959 President Eisenhower Visits Air Force Academy
l0JFBo-rqUQ 1920s High Rise Acrobatics and Dancing
l0xxENfKSc0 1932 Mayor Laguardia Elected Times Square
l1Hk_LLCARA 1920s Outside Grand Central Station
l1YC58tzi9E 1960s Jerome Cavanagh, Mayor of Detroit Bids for Olympics
l1dmr7MVmVw 1920s Man Rescues Woman, Gets Slapped
l2K3oAaS9PE America, the Bountiful
l2XkwGlqgsI OLD WOMAN IN SHOE RUNS
l45DWMOwNkk 1952 Immense Snow Storm Cripples Sioux Falls (Silent)
l4MgB411sPY 1937 New Jersey Storm Causes Flash Flooding
l4oVlzp7qcI 1950s Passenger Planes
l50XdZwtQ2U 1959 Navy Training Film - Transistors / Switching
l5bGuwbs7i0 1930s Men and Women's Fashion
l6FVt59sHM0 1950s Wedding Newly Weds Leaving a Church (Silent)
l6aLKOWz0vE Pages of Time - (Backwards)
l6mISsa9eP0 1950 College Football: Army Cadets Vs Michigan Wolverines 27-6 (Silent)
l6mnv9DI-N0 Lucky Junior (1948) Part 2 of 3
l6nzO42Cs_E 1935 Huey Long Denounces Hugh Johnson
l7LMTtO738U Early Telecommunication
l7OXv0kcQck YOUNG COUPLE JOGGING
l7RPnM6D07Y 1950s Teen Girls at Malt Shop
l7bz8MXwb4k 1950s Admiral Byrd Flying Over Antarctica and Returning Home
l80ztTCzdB0 1960s Washington D.C. Landmarks
l872jqJW37A 1941 British German Naval Conflicts World War Two
l8CG0E0c64w Mother Playing with Children
l8PCSwUzKec 1938 President Roosevelt Tours Canada
l8cQvbIDHic 1912 New Haven Rd Train Crash
l9nbrW3BiNY 1904 World's Fair Louisiana Purchase Exposition Piker Parade
lAM2zp6D64M Women Exercising
lBD8QszyI6k Laboratory, Hunchback
lBKC02evNUc Long Line of Ladies Clock In - 1920s
lBK_EGRx3vo 1950s The Working Class of Ecuador
lBRsXsg91CM 1955 Vienna Signing of the Austrian State Treaty
lBalBmR_P3M PSA: ALI MACGRAW AMERICAN CANCER SOCIETY
lC_i4eVRSIo 1936 Hugh Johnson Denounces Huey Long and Father Coughlin
lCz2HFHN2ZY 1960 New York Harbor Cruise Ship Docks (Silent)
lDJ2-vASytk KIDS IN WAGON 1940s
lDl14z-gTCQ Impressive Balancing Act
lFoVyihhYEA Black Label Beer TV Commercial
lFvJiH5m0qc Sylvania TV Seabreeze Cruise (1956) Part 2 of 8
lFzkVBBmJ0Q Beijing, China- Subway Line 13
lGe0IGtP7Sw 1940 Presidential Campaign
lGzjAN9KovQ 1950s Canadian Rockies Man Fly Fishing (Silent)
lHMFWSzzy10 1931 Wiley Post First to Fly Around The World in an Airplane
lHPvTDbTXCw Woman Stretching
lHQBUA3JN-s 1927 Rudolph Valentino Ambushed in The Middle of Romance
lIL-j3C1_48 Car Hijinks
lIR76bC7ApM 1918 WWI American Troops On Route to Europe (Silent)
lJDOCBj_IN8 1949 NYC Night (Silent)
lJPICuXcj7A 1930s French Fleet Practices Naval Maneuvers
lKB-JJ4-R40 1949 British Bristol Brabazon Aircraft is Inspected and Takes Off
lKUB4AOOJKw 1936 Belgium King Leopold Reviews Troop Maneuvers and Training
lKVC0fzlC14 1940s Woman Dusting
lLIm9IuZLRY Carnival Sequence Animation
lL_oRkHigk8 Stills of Uranus' Moons (Silent)
lLbFw1dQznU Fit for a King (1937) Part 6 of 7
lLuZJqxrCxU 1950 Circus Coming to Town
lLuzoGKL55k Ten Points To Progress (1925)
lM-LhnQ20qo 1940s Demolition of a Smokestack Causes Surrounding Damage
lMUq8FTUVxs 1900s Early Automobiles
lN0L9MDPnSM 1960s Psychedelic Go Go Girls (Silent)
lOgCJbxjbNg 1930s Upside Down Baseball Tricks
lOoG4PHdA0I 1930s Woman Modeling Pantsuit with Sailor Motif
lQQA38d65eQ A Wireless Lizzie (1926) Part 1 of 2
lRkkJ18jypw 1940s Girls Flirt with Boys
lSrGg3BySOM 1960s Hippies, Protesting, Arrested
lUS-3VLoOJk 1930s NYC Boat Captain (Silent)
lW4PE6GoRlI 1958 President Eisenhower and Mamie Board the Columbine
lWBJDIHuSRA 1900s Paddle and Bicycle Planes - Odd Aircrafts
lWBedl3uKOo 1940s Midwestern School Give Vaccinations and Families At Home (Silent)
lWTVsrTtqqs 1950s Teens Eat Cotton Candy
lWgnoDdJFWg 1940s WWII Tokyo Rose Broadcast
lWmVZrozli0 1950s Night Fishing
lWsCRuJgrXg Plane Stunts
lXyXg52XcL8 The Great Depression and the New Deal Part 3
lYKQpgvPRGY Sailors Running On Deck
lYOmCAY5p2A 1950s Men Watching TV
l_jBKjGnBHs Wall Street Crash of 1929 Part 1 of 2
la3ZeD6yaeI 1940s Policeman
laJC_nl9ggo 1970s Fashion Montage
lbNp0Xm3p68 1950s Homemaking Montage, Cooking, Cleaning, Laundry
lbfxwbzlS60 1930s Babies Being Examined Roughly (Silent)
lcWl2a0hd3s 1930s Children Playing On Playground
lczCmjfLrbU Rockettes / NYC Dance Legs
ld4m-1HazDE 1939 Sunken Submarine Squalus
lddexvnAp1s 1920s Newspapers Printed and Distributed
ldnJx7pnx2k BUG EYED ALIEN PROBE
leGn1U3HwCg SUMMERTIME
leYj8bP5uFU 1935 New Jersey Steam Locomotive Vs. Electric Locomotive Race
lei04BwZ2IA Plane Flying Over Water
leuu1Hk7qRM 1920s Women's Fashion
levD0gEb2E8 1940s Officers Salute. Cavalry Charge
lf8JTU0xvfw 1941 Ohio Tire Manufacturing Plant
lf8u_qif7go 1940s Men Working on General Motors Assembly Line
lfayksMPgik Children Leaving School
lg6ggjzKiZ0 Key to Our Horizons (1952)
lgLPsGaHUZ4 1920s Keystone Cops Car Gags
lgMhTVT8gd4 Budapest, Hungary, Trams, Night
lh7KL86eJQU Tamer Waltzes with Tiger
lhKUtDR6WH0 1934 Detroit Tigers VS White Sox Opening Day
lheT0UExdk4 Years Passing - Animation
li6y6KS1ztk 1970s Family Picnic
liM2H9Syf9M 1920 Opel Rocket  Race Car
liUoWyL9lx4 1962 Prime Minister John Diefenbaker Dedicates Trans Canada Highways
liXG6zwLZz8 1970 Charles Manson Interview in Court for Helter Skelter Crimes
lio5WNnP6hg 1943 Allies Invade Sicily
lj7tbqx8kd8 River of Doubt (1913) (Silent) Part 4 of 8
lkHOPEvuVB0 Man Exploding in Chair- Loop
llHLJoEdbX8 1950s Korean Doctor Gives Medicine to Children
llKcVUBkKs4 1922 First Uses of a Lie Detector
llY91O-QH1Q A Manner of Speaking (1959) Part 2 of 8
llnjiMXVhW0 1930s Great Depression, New York City
llu81KyJLTg 1950s Delinquents Break Into School
lmT_Y86nL_Y 1957 London John Foster Dulles and V. K. Krishna Menon Seen Leaving a Meeting
lmnrWn9fngM Baton Twirling
ln-WbOEkAVo 1950s Guy Slicks Hair Back Funny
lnc34nwZOYE 1950s Blue Convertible Car
loBZrHwR31c 1941 Public Works: Huge $36 M Dam Nears Completion in Tennessee Valley
lpRKUQK4pxQ Jack Frost (1934)
lqV8LgtMOlY 1920s Fashion, Evening Wear, Bathing Suits
lqoYiE_nwMk 1948 Tokyo and Chiba Food Crisis (Silent) Part 4 of 4
lr-vG0P2dLA 1950s Nurse Preps Patient For Blood Test
lsiAwqyTVNo 1901 Marconi Demonstrates His Telegram Machine
lsxxgWxR6J8 1950s Religious Ceremony
ltOCDWD5zJo 1940s New Baby (Silent)
ltSOEWbpHC4 Commercial: Globemaster
ltZHHTpnaG8 1935 Mussolini Tests Phosphorus Gas and Flamethrowers (Silent)
luJaLQLOK9U August 1945 Atomic Bombings in Hiroshima Nagasaki
luOnqQWoiio 1934 'Mars Express\
lv5D0FFI0_k 1940s Military Cafeteria
lvRSvoA-Yo8 1949 Fashion. Girl Pirouettes with Ice Bucket
lvp3Dl2e5Ac The Littlest Expert: Horse and Buggy Days (1953) Part 2 of 2
lw1xactzuoI Your Neighbors (1952) Part 2 of 2
lwOPypDGeMU 1927 Al Jolson The Jazz Singer Premiere
lxx6U4qh2cI 1941 Packard 110 - Promotional Film
ly9hcWzNt24 We Created Tampa (1963) Part 1 of 3
lyNSPB7TjiI 1960s Animation Demonstrating Satellite Communications
lyQdOohpY4A 1920s Pedestrian Traffic in New York City Times Square
lzHhq6lBIUc 1950s Boston | Faneuil Hall | Harbor | Flower Market | Harvard
m-EYafDlqnQ 1930s Great Depression in New York City
m-_0ZMsziuU New Jersey (1957) Part 1 of 7
m-lSCpTVO70 Woman Dancing - Loop
m0tbqZgmpL4 1960s Mainframe Computer Room
m1jewQiXdIQ The Hospital Ship (1968) Part 2 of 8
m230hah5PA0 1950s Particle Accelerator \
m2GFi4vtmpg 1960 Mhamed Yazid Interviewed on U.N. Intervention in Algerian Independence
m3naAtIkrDY 1941 World War II  Planes Fly Overhead of Battleships
m4TCsBes-kE 1960s Teen Girl Reacts at Beatles Concert
m4c-E1e0byU 1932 Italian Navy Sea Maneuvers
m5RZ0fSzb98 1940s Hollywood John Barrymore Writes in Walk of Fame
m6eKjOb0t1c 1949 Ohio River - Lower Valley
m6gtGa6alNw 1920s Bicycle Stunts
m74u_CeenHM 1940s Chimpanzee Boxing
m7n63i05rAA Violent Cartoon Clip 3
mA04WPTYxCo The Story of Television (1950) Part 2 of 3
mANBpCzG8Kw Snippet of Lon Chaney in The Hunchback of Notre Dame (1923) by Wallace Worsley
mAPfpNkgdHU 1920s Fashion
mAhym_x_IOU 1950s Engineer Uses a Stencil  Man Solders Electronics
mBGQbQHbRfo 1957 Caroline Kennedy Is Brought Home from Hospital
mBH1GNIeZ-w LAND ELEVATION SYMBOLS AND EXAMPLES 1960
mBHBo79kVD8 1952 Korean War
mBWRt-K6tbU 1957 Paris French Assembly In Session (Silent)
mBXfWJkrGgY 1936 Mayor Laguardia Throws Gambling Machines into the Long Island Sound (Original Audio)
mBt70r70MHc 1932 Connie Mack Honored at Philadelphia Athletics Stadium
mC-mUWy0kOE FATHER AND SON TRICYCLE 1940s
mC8YbU4FK80 1964 New York World's Fair Amphibious Car
mCzTZ_wgxsk South America Rainforest, Tree Climbing
mDs1wsrIQBA 1950s Young Couple Washing Car in Driveway of Suburban Home
mEqmrTezsbE 1960 President Kennedy Delivers Presidential Election Victory Speech
mEzoGnxLjyU Aerial, 9th Avenue Street Fair (1992)
mFBswVg80ZI Apollo 11 Lunar Landing (1969) Part 1 of 3
mFFhfWgYH2g 1940s Shoe Store - Salesman Measures Woman's Foot
mFQu1FG_g0Q Snippet from Fantasmagorie (1908) by Émile Cohl
mFzqhGrN6_0 1968 Concorde SST is Towed From to Debut at the Paris Air Show (Silent)
mG2cdZ6MEVM Transistors (1959) Part 2 of 3
mG6mOp92K_Q 1940s Teen Shows Off Dress to Parents
mG8BWxJxEBk 1980s Female Agent Handing Forms to African American Couple
mIhjtRTsJfc 1905 New York City Fashion Show
mIuj-Q5_ln4 1940s Circus Tiger Tamer
mIyMHRH50YM 1937 New York Giants
mJEu4A5HXpk 1956 Highway of The Future GM Car Show Motorama
mJFZ0cUJUeY 1930 Drag Race
mJYT4XPrhbg 1918 WWI Americans and Germans Fight With Mustard Gas (Silent)
mJc65eETLKQ Yankee Consul (1924) Part 2 of 3
mJnWX3UtKoM 1945 Army Navy Screen Magazine No 53 Part 5 of 6
mKJk1cFrwh8 1937 Hindenburg Crashes (Original Audio)
mLLl-bz9Kqk 1950s Wheat Thrashers. Farmers. Corn and Wheat Fields
mLQsYsgJZz4 1940s 81st West Africa Division British Fight in Burma
mLpSEmndRzM 1940s United States Prepares to Goes to War
mN_nmyjMN1U 1940s President Roosevelt Makes Televised Speech 'I Hate War' to Keep U.S.A. Out
mOwAvw4UwoE 1950s Daredevils Hang From Flying Airplanes
mP9okw97Jrs 1934 FDR Enjoys Some Time on His Yacht
mPQgusvV54k Plane Flying Over Sunset
mPozd1Aa_9k THE BIG DELIVERY WAGON Heinz 57
mPxN_-ehOV8 1940s Soviet Military Parade and Cold War Annexation
mPzFus6t7jA 1940s Department Store Opening in The Morning
mQCU1X-TJAc 1950s Woman Reads Newspaper
mQEqE2DTPHc Searching for Files
mQXOr55qLHc 1950s Thailand
mQuen7Vy_Ks 1950s Emergency Callers. Oil Refinery Fire. Telephone Operator Super
mRMFG0ZV3Ac 1960s Young Boys Build Sandcastle
mSA_-W7s5-w 1950s  Beauty Pageant Winner Crowned
mSMrK1uleHc 1939 King George VI and Queen Elizabeth Visit in Washington D.C.
mSoUitfMNgQ Home Is What You Make It (1969) Part 4 of 4
mTudQSIimpI 1921 President Harding Makes Speech in Plymouth on Pilgrim Tercentenary (Silent)
mTvmYhQEv8U Why Viet-Nam (1967) Part 7 of 7
mU3tUmsn55A 1960s Las Vegas Casinos
mU9WjJLD2dU 1945 FDR Funeral Train and Funeral
mUM778ox6Wk 1950s Gossip School Bullying Meeting with School Principal
mUqRSWhn770 Western Bell Telephone TV Commercial
mVdp8bE5EC0 2000 Rome, Italy
mWKvwV_poC8 1950s Colonial Church
mWdq-VCe6JA 1949 Arkansas Governor Sid McMath
mXP8SwMl3k0 1980s Driving Through the Lincoln Tunnel
mXdlVdoWYpQ Radiological Defense  (1961) Part 4 of 7
mY4FC1agG-k 1940s Wiggins Presents Dr Wheat Boy Scout Award
mYQXYVEXaHA BUDAPEST, HUNGARY, HEROES SQUARE
mYbKftPpdAc 1934 Maurice Rossi and Paul Codos Complete Trans Atlantic Flight
mYm6jR7SjTQ 1940s Philadelphia Military Textile Factory
mYvHl1AYwCU \
m_IcPD7YYsQ 1930s Fashion, Evening Wear
m_QvYFOTyK8 1956 Marshal Tito Visits Paris (Silent)
m_bq5Id6upg 1956 Just Like a Man
ma0f0fSTYXY 1950s Gas Station
mbCDDtM8CeI Preface to Life (1950)
mb_5eeL808U 1940s Steam River Boats
mbzbIhquAAU Your Job Security (1937) Part 2 of 2
mc-0IrQDI_E HOLLYWOOD SIGN, LOS ANGELES, TIME-LAPSE 8
mcRVWecCtn4 1950s Designers Making a Mold of A Prototype Car Part
mdJ3wASIfew 1940s General 'Ike' Eisenhower | Mamie Eisenhower
mdJwRfKMWzs 1919 President Wilson Makes Speech in San Diego
mdWvt0Qqs7s Chicago: It's A Promise (1977) Part 3 of 7
md_cPhAvnm0 PLANE FLYING - CLEAR SKY - VAPOUR TRAIL
mdvBhjfDB1s 1950s Women Cooking on Stove in Kitchen
me1tg63QhUA 1960s Chevy Impala Woman Driving (Silent)
mePGR3ckSKI 1939 New York World Fair Mayor Fiorello H. La Guardia Opens
mfAPffkqicc Last Clear Chance (1959) Part 4 of 7
mfDp-HZSjf0 Water Skiing
mfeCuyg9R6I 1960s Washington D.C. John Foster Dulles Shaking Hands (Silent)
mfeMMPKnWKU 1950s Scientist in a Lab
mfeqy3koJ-8 1954 Sidi Mohammed Ben Moulay Arafa Tours Casa Blanca on Tour Through Morocco
mfms-hkWslw 1940s Male Workers Buying Lunch in Cafeteria
mgFGJCr1Dtg MONSTER FROM TOP HAT
mgMd9RGa_eA 1956 NFL: Chicago Bears at New York Giants  17-17
mgkmGYP2pIw 1917 British Troops Defend Their Interests in Egypt and Invades Palestine
mhtol0PGSiU 1950s Typical Teenage Boys
mi4AkanwVoI 1980s New York City Skateboard Tricks
mip3yr27Yf8 The Life of Franklin D. Roosevelt
mjH0igjYnnY 1929 Stock Market Crash Start of Great Depression
mkDP6jIzdS8 1990s Gong Being Hit
mkTADIpSM18 An Important Day (1951) Polio Public Service Announcement
mkv2VRDuc4A 1940s West Point Cadets Graduation (Silent)
mlKOTSA_0tc 1918 WWI Americans Fight Near Exermont (Silent)
mlx4nX0pmB8 1941 Pacific Combat Footage
mm7yWf3bxFc Thru New Eyes (1971) Part 1 of 2
mm9rURepsEA Business Meeting
mmEpUZMFqao Citgo Credit Card Commercial
mmZwEQdCZgg 1950s Dwarf and Girl Meet Man in Robe; Girl Is Happy
mm_Jod5Q__4 1943 Walt Disney Camera and Inking and Painting Studios (Silent)
mmhHGG2B1Rg 1953 President Eisenhower Meets With Several World Leaders
mnWeT9IzvYk 1950s Acapulco
mo6hGSxvnTw Levi's Double Knee Jeans TV Commercial
monV7pPmRg8 Pop Rings the Bell (1944) Part 1 of 5
mpw9rn24ISs To Enrich Mankind (1955) Part 2 of 4
mqFxhmm7W8I Man Takes Sledgehammer in The Gut
mqPYEUqrGNc 1960s Life in Japan Town & Country
mqunwq7Se98 Plane Flying - Silhouette - Vapor Trails
mrNjsQ0FHP8 Dancing Montage
mrR0AZKJsss Motors on Parade
mrq5ks27vn4 Life With a Baby (1946) Part 2 of 5
msL6oIBHIyM 1949 Rita Hayworth Marries Prince Aly Khan
msQMxXNpaEI Trident Sugarless Gum Commercial
mtEpvTKEiBA Man Shot in Stomach with Cannon
mtd6m43p6Xs 1956 College Football: Oregon Ducks Versus Oregon State Beavers 14-14
mu99b7negbc Deviled Hams Clip (1937)
mubnyrkCVXE 1920s Hollywood Dolores Costello
mv0Jw1hk1vw 1940s Midwestern Cattle Farm and Butter Churner (Silent)
mvay0_5GnF8 1960s Woman Prepares Food
mwJHr8dLf_0 Man and Son Eat in front of TV
mxKRMnJc5s8 1950s Jobs in America (Silent)
my2cVDooa1U 1920s Warner Studios at Night
myO16CA3FwY Filing Cabinets
mybDWE89Ueo Plane Flying Across Horizon
mzTgMdrBe-w 1901 President William McKinley Assassinated
mzrgVeKWDGI 1960s POV Driver Shifting Gears, Picking up Speed
n-115aj0bV0 SIGHISOARA, TRANSYLVANIA, ROMANIA, HIGH-ANGLE, CITY
n-TLpzzwSyI 1940s Refrigerator Factory
n-dHQdkHxMk 1950s Orphans Around a 200 Lbs Ice Cream Cone
n-e2tNonccA 1930s Baby Gorilla (Silent)
n-gVYMbf5HY Santa Monica Pier, Night, Time-Lapse
n-kOT8p5a-I We Created Tampa (1963) Part 2 of 3
n06QiZxZEqg 1951 Max Thornburg on British and American Interest in Middle Eastern Oil Part 3
n0IZOPzx0DQ 1950s Blind Girls Reading Braille
n0LhHc00bZk Children Eating, Street Vendors
n0QQNh_VQMk Mike Makes His Mark (1952) Part 2 of 6
n0SOqePGlqI 1920s Hollywood Actor Tom Mix
n0jZQ81kxxk 1940s Washington DC Night Aerials
n0pXPXKcYhE 1950s Businessmen Watching a Presentation
n1B7T5AJmhY 1960s Crest with Fluoristan TV Commercial
n1Hej97_yiI 1950s Daredevil Balance Above City on His Fingers
n2C3EAhkoXY 1930 Ruth Nichols Sets New Flight Time Record For the Continental US
n2hE0t1rP0k 1930 PGA Championship
n2nbHptjnpE 1941 World War II Soldiers Salute
n2oq9o7-YoY Puerto Rico Atlantic Ocean
n5HmBQtLNwU 1935 Lover Lane
n5Lc8_RoOR0 1950s Ice Cream Truck Delivering Fresh Ice Cream
n5hoQ4STocc Toots and Casper (1927)
n5mxKCeGx3o 1950s Football Stadium
n6EXWa8fTzA Los Angeles, Downtown, Skyline, Sunset, Time-Lapse 10
n6iX84YjT0s 1920s Hollywood Actor George K Arthur
n6mRT5sYiV4 1920s Hollywood Actress Dorothy Gulliver
n7PmCgj3K3Y 1945 President Roosevelt's Funeral Train to Washington
n85kicArdb8 CHILDREN AT DENTIST 1940S
n8HyfXpTfuw 1927 Harlem: Dancers Doing the Lindy Hop
n9GTOeWSqI8 The Bill Bailey Movie with Agnes Moorehead
n9kSUevv9JA 1940s Washing Machines
nA019uYOio8 1935 Heavyweight Champion Jim Braddock with Family
nA0HpmIv8XY 1951 NYC 75th Anniversary of the MLB
nA0lStJBOA4 1931 Herbert G. Taylor Wins Silver Skates Derby (Silent)
nAFJ_qna_uY 1965 Boraxo Commercials With Ronald Reagan Part 1 of 2
nAOwmOyp-z4 1930s Boston Harbor Liner Crashes Into Fairfax Oil Tanker Fire
nC2uG4OJoQg 1930s Al Capone Arrested
nCOT4URtNII To Each Other (1943) Part 3 of 8
nCRq5b-4Ujo Fashion News (1929) Part 1 of 3
nCxOiSfbkzs Private Snafu - Gas (1944)
nDflqYWA6oQ 1941 Soviet Farmer Gear Up For War
nDswoldJNi0 1950s Santa's Magic Observatory He Sees Everything on Earth
nE5_uAth-Sc 1920s Haitian Voodoo Traditions and Dancing
nFDIrd59njQ 1960s Man Gives Speech in Lavish Ballroom
nFHY6nqf8_M 1950s Abacus
nFJ4BFe4jG8 1950s Office Building Rochester, NY
nFTUhlCapAE 1938 Santa Anita Park Opening Day
nFVruMzUlnw 1950s High Tension Transfer Station Rochester, New York
nGFEtR1MjAU 1950s USS Nautilus First Atomic Submarine
nGW1W6qK4Es RAILROAD FREIGHT TRAIN, 1960s
nH4UAwfWVNk Asbury Park Beach, Convention Hall
nHC-mXczG2w Christmas; Children on Christmas Morning
nIQzu0jYWf4 1950s Family Watching Television
nIt0kT-aFrc Gas Station
nJs54hFsGrY Swimwear Fashion Trends From the 1890s -1950s
nJuCAHEdsQM 1941 President Roosevelt Addresses White House Correspondents' Association Dinner
nK3JMwKGcJk 1910 Funeral of King Edward VII
nKEdrQz0RgA 1966 Daytona Beach, Sebring, and Nurburgring
nKLhrQGj_Qs Gulden's Brown Mustard Commercial
nKkjZu2KVjs 1950s Busy City Street
nKkv14S1LXA Cheer Laundry Detergent TV Commercial
nLQEN_RER68 Fat Lady Sings - Hildegarde Ruth
nM7mKhaowpM 1940s Telegraph (Silent)
nMHhm_4bvHw 1940s Weird Faces, Creepy Couple,
nMPKaICAQjc ARE YOU READY FOR SERVICE ?
nM_a8SP0Ygs 1966 Girls With Garter Belts & Stockings Bicycling
nNwRj11oEvY 1940s Crossing the Street (Silent)
nO49pjEAckg 1927 In The Future Workers Shuffling Living Underground
nPIrn9lvrBk Child Walks Home, Crosses Street
nQD92d-ZTko HUSBAND AND WIFE AT HOME 1940S
nR3SNwztXbI Dancing. Jazz Music. Burlesque Show Girls / Celebrate Festive
nRp2u8d7lrg 1920s Radio Broadcasting
nS0FMJeh4rs 1935 Easter Sunday Hollywood Bowl (Silent)
nSi1TkLrCsw 1970s Vista Comercial
nTAaI-3HNoc Ronald Reagan Intros 2
nTMVZXy_nNE 1930s Failed Helicopter Attempts
nTlypwHgiQ4 1960s Skimming the Water
nV-go1cuzgE 1945 Harry Truman Announces Victory Over Germany WWII
nVHEAL9woQY 1940s Teacher Has Problem Doing Math, Angry Teacher
nVJ3aYI6_1k 1940s Long Beach Hog Calling Contest
nVXX_YhflIE 1950s Reenactment of the War of 1812 (Silent)
nWEvmRlDGq0 Implosions, Demolitions, Destruction and Disasters
nWNY0dxzBAo Just Married Couple Dance in Modern Home. Architecture
nWO2jg13kDY 1970s Sports Fury by Plymouth Driven by Man in Helmet
nWybd_xaZ2k 1930s Alhambra Worm Farm
nXr60ZiJAcc 1920s Hollywood Actor Antonio Moreno
nXycVJyLpz8 1800s Dentist Works on Female Patient
nYN2wfCQuck The Power to Serve Part 2 of 2
nZSyu2OPP7E 1947 Adolphe Menjou HUAC Testimony (Outtake)
nZYHGLZJG7k 1990s New York City World Trade Center Sunrise
n_SoQmumlks CHICAGO, AERIAL, LIGHTHOUSE, LAKE MICHIGAN
n_nImAKS6Xc Los Angeles, Downtown, Skyline, Rain, Time-Lapse  2
naTncSuwKYI 1950s Delta Winged Jet Fighter
naYcKdrE-3E 1949 Prince Aly Khan and Rita Hayworth's Wedding
narlJEMU60s Murphy Beer TV Commercial
nbSHThN4-aU 1920s Chicago Motorcycle Stunts
nc8Xtkh4e44 1890s Easter Sunday New York City (Silent)
nclxjJKLh34 1920 President Warren G Harding's Newspaper Co. in Ohio  with Suffragettes
nczdIEinxRY 1940s Red Cross Program Director Evelyn C. Bond
ndKAzzbipuU 1980s Rolling Stones Photo Montage - Various Frame Rates
ndO7R2IgHxo Social Courtesy (1951) Part 2 of 3
ndlvNwo8Dmo FOLLOW THRU (GOLF)
neBef6fLAh8 1930s Life in Havana (Rare) (Silent) Part 2 of 2
neKlbFHPNio Seventeen Days (1945) Part 3 of 4
neWppgi14TE Aluminum On the March (1956) Part 6 of 7
nebC1asQe6w Man Drives Bizarre Magnet Car
nedInA2QGy0 1932 Winter Olympics
nezETUrY5hI Cadbury Chocolate Commercial
nf-2ehz6uyg 1950 Gestures, Bodily and Facial for Public Speaking Success
nf37ZY_WhC8 1930s Cadillac V-16 Young Women Driving & Joy Riding in Caddy
nf9yd-50u5s Chicago Aerial: Shedd Aquarium, Harbor, and Skyline
ng8DPhugI5o 1940s Family Praying at Dining Room Table
ngXej-SXUTE 1950 Columbia and Excalibur Crash in New York Harbor
ngw1F7GjITA 1940s Women Factory Workers
nh1MfR869zw 1904 New York Firemen Run Drills in Union Square (Silent)
nhvDRSa5CQ4 1910s Magician Sawing a Woman in Half (Silent)
niTwvPHSn0g 1950s Family Hand-Me-Down
nk2Y7u-1fAw 1940s Family Picnic
nkk21Tjczvg 1950s Family Breakfast
nlekL3Owk38 1930s Baseball St. Louis Cardinals vs Chicago Cubs
nnUiBowRY7Y A Family Portrait (1947) Part 2 of 7
nnYc67Vn-JM 1940s Pastry Vending Machine
noLGL6MZB1Y 1937 Anti War Rally in New York City World War II
np2D9UrD1zE Red Nightmare (1962) Part 9 of 9
np3lde2udYQ 1935 Farming With Circus Elephants (Silent)
npIoqB_LVIo 1960s Crop Dusting
npXY5edDEik The Importance of Education
npYNyibWMiU 1940s High School Class (Silent)
npfYB90-dVQ 1980s Stock Race Cars Passing at High Speed, Crowd Watching
nprA7itfqwA 1950s Hands Turns On Faucet
nrF2Aybpd9Y 1948 Philadelphia Baseball Connie Mack 86th Birthday
nsSgBJvvSd4 1950s Stock Car Champion Race
nspE15SAtO4 1940s Mother and Daughter (Silent)
nt3DPnlqIXE 1967 Oldsmobile Commercial
ntm8sDGnL5Y Gangsters Compilation
ntsHykY3Jow 1935 Washington D.C. Senator Huey Long Assassinated
nuxFMqip1Xc 1939 King George VI Funeral
nvP7oI7iz8o Improving Posture (1949) Part 2 of 3
nvmyEiDTCDM 1990s Auto Industry. Manufacturing. Assembly Lines
nvw2A9k-h3g 1940s Labor Metal Manufacturing Facility
nvxYfHmhLMA 1960s Soviet Union (Silent)
nwAaQKA07sQ 1950s Voting Ballot from Around the World
nwMP_ybpybI It's Everybody's War (1942) Part 3 of 4
nwhCfMuVizg 1927 Charles Lindbergh Tours the U.S.
nwvcj1Fu5Pc Chain Reaction (1958) Part 6 of 6
nxsAqirdO9k Man Sweeps Off Dock
ny3GwGR4ZOc 1950s Packaging Warehouse (Silent)
nyCOr5YN5Rw 1930s Palisades Park Wedding on Roller Coaster Ride Event Bride Kiss
nyE0uDVcZLE 1950 Sir Alexander Cadogan Addresses UN on US Involvement in Korea
nyYTf6FHkuE 1990s Assembly. Car Manufacturing. Auto Industry
nyYiZrFlk7o 1967 Oldsmobile Commercial 3
nydiB3xmmhc 1953 Boy Apologizes
nz0iBwaNEMA 1940s President Truman Announces Post War Savings Bond Drive
nzp6CvuxHKs 1919 Chicago Wrigley Field Dan O'Leary, 78, Starts 100 Mile Walk
o-w1KymBxas 1990s New York City: Grand Central Station Time Lapse, with Clock CU
o05mILQj7uI 1920s Philadelphia General Smedley Butler Chief of Police
o1R6XNvDIJo FRENCH RIVIERA, 1950s
o1UF7rwbuFw 1934 Kerns Hotel Fire
o22o4OuYoOI Building A Bomber (1941) Part 1 of 4
o2pI28xyJno 1970s Brooklyn Bridge
o2v9RFEtp7Y 1950s Forest Service Employees Respond to Forest Fire
o3PoqPZTVmc 1962 Bernard Judge Architect of the \
o465rvRNBC8 1990s Foreign Cars Drive Into Lot, Car Dealership
o4770kI_CFI Women Exercising
o4LuH5sUAqE 1937 Vittorio Mussolini Visits America
o4kYsy_Re50 1936 New Years Eve Times Square
o5mpOI-B5qM The White Outlaw (1929) Part 2 of 4
o6gwMLePCGE Snippet from \
o7ATJTVZdi4 The Day of Our Years (1955) Part 2 of 5
o7Z-vNb8-e0 1950s Family in The Kitchen
o7rLpNsVQNE 1903 New York World Newspaper Boys
o8Ig8F8ZBVY 1960s Blind People Working
o8TPMUy6q8w 1936 Movietone News: Opening Titles
o8k7kqED2_s 1995 OJ Simpson Verdict
o8wQNG2tmK8 The Golden West (1941) (Silent)
o9E0SzN03rU Young Man On Computer
o9IzEE46PPk Pop Rings the Bell (1944) Part 4 of 5
o9dhRNA-Cbk Getting Along With Parents (1954) Part 1 of 3
oAAlvHNocfQ 1940s Californian Orange Orchards and Santa Catalina Islands
oAPXTedKTUM 1970s Worldwide Marriage Encounter Commercial
oAVY9aS1c4g Gym Workout
oAgV8xpHDq0 1928 New York Fur And Hat Fashion Show
oAyUnOIp4gg 1950s Drive In Burger Joint
oBmiTiHXt-c 1963 President Johnson and His Family Posing for a Portrait
oBviv5XEuxw 1890s Acrobatics Perform at Coney Island
oC3bmWDLm-k The Moving Generation (1970) Part 3 of 9
oCIf4D1NZJY Cascade Dish Soap TV Commercial
oC_CWW3mKW8 Color and Lights
oD2EwRz4bKw 1950s Daredevil Dangling From the Eiffel Tower From His Teeth
oDPMZQLxdnk 1920s Hollywood John Barrymore
oEE11kdpvIE 1910s Parisian Fashion
oELUCBsjCg4 1930s Newspapers Rolling Off of Presses
oEm4IjBx-V4 1950 Eisenhower Becomes NATO's Supreme Commander Allied Forces Europe
oFHNe-0bzAU 1950s Blowing Out Birthday Candles at Dining Room Table
oFRi_t5JGDo 1950s Man Enters Doctors Office
oFWPKjLsEzI Boys Play With Trucks
oF_e6tfbMw8 Queen Mary and Young Elizabeth at Horse Show
oGp1hvsr7lc 1950s Men at Work on Scaffold Building Girders Roof
oH4T36Rl4rM 1969 Philadelphia: West Philly and South Street
oHMplkuhslU 1927 New Years Eve Crowds in Time Square
oHQUIwZ_TCc 1960s Car Crash Testing
oHRz5gvEblc Opera Singer
oHlpAZgyt_Q 1934 Actress Gloria Swanson Arrives in Detroit
oI3mTTUnE3U 1900s Vintage Woman Exercising With a Stick (Silent)
oI9M2gH-TkY 1930s Dairy Parade, Celebration
oIgggAwjJcA 1930s Bricks of Coal Factory Wrapping Machine
oJ3k7Pp1ecM Giant Lizards, Weird Laboratory
oJeBcCnueHg 1947 Boeing B 47 Stratojet
oJhPjBMPKuM WOMAN MAILING LETTER 1940S
oJnMmWyn09s New York City, Manhattan, Night, Aerial
oKYpTD_6B3o 1920s Hollywood Actress Billy Dove
oLIN6N4D87w 1935 FDR Signs Social Security into Law
oLhx5xRfRtM 1937 FDR Jr 's Wedding with Ethel du Pont
oMNAhoyde7s 1950s Ronald Reagan Lighting His Home
oMfpSbSdrXE It Can Be Done (1960) Part 4 of 6
oMiKbCbPOz0 1935 New York Winter Garden Theatre's 25th Anniversary
oMq145em72M To Each Other (1943) Part 4 of 8
oNL_r7jbNWk 1931 Guglielmo Marconi Inventor of the Telegram
oO6UxEmA29Q 1950s Mountain Top Skimming of Soil by Earth Moving Machine
oOC9Q5IFXBA Pan Am: Wings to Japan Part 2 of 3
oODdNsXYshg 1950s TD Office Building Rochester NY
oPqryNPuy_o 1959 Charles Van Doren at Quiz Show Scandal Senate Hearings
oQ6Yd6x6Yyo 1940s San Francisco Treatment of Japanese-Americans
oQ756eQGRZw 1960s Space Satellite Meteors  Saturn
oQA1_pkB7lc 1933 FDR and His White House Staff
oQ_7kaNuJW0 1950s Oil Derrick Middle of Ocean
oQp7aCL19b4 1947 V 2 Rocket Test Launched in New Mexico (Silent)
oQx3bEDGvzs 1940s Kid Get Ice Cream For Vending Machine
oR1VhgOASDY Bicycle Stunt
oSPjjCcdiPs 1957 Witness Identifying Man in the Sam Sheppard Murder Case
oSQr2pSoFOI New York City, Manhattan, Empire State Building, Aerial
oSYk_OzZDE0 1934 Chimpanzee and Terrier Form Friendship (Silent)
oSddyI2uPDw 1930s Edward VIII, Prince of Wales Riding Horseback (Silent)
oSmOS4IdbME 1949 Fashion Show
oSzqByQ2I2c 1940s Pasadena Route 66 With Signs
oTCsdGj_DA8 1927 Harlem Dancers Demonstrate the Lindy Hop Dance
oTL5l-VWe_8 1940s Detroit Pedestrian Traffic
oTsajuSmjtc 1931 Bootleggers Caught with Canadian Whiskey (Silent)
oU0mLZPkMUY Wind Blows Monkey Sails
oUtuBK2Q93U Omberline Makeup TV Commercial
oUvS_ZAGR-0 Baseball, Two Trains Collide
oVc_fZfwlBQ 1914 Belgian King Albert and Philippe Pétain Inspects Belgian Troops
oW0oZNFqiIA 1962 Father and Daughter with a Puppy
oWYH5x0yChY 1940s Voters | Voting Booths | Ballots
oWfmvm-P_6M The River Mississippi (1937) Part 6 of 6
oWtsN5x4x4U 1956 Olympics Part 1 of 6
oWwCNGKtLEo \
oXUZx8aIK7Y 1950s Santa Claus in Store Window Toys Kids Feliz Navidad
oYNIh-cpXE8 1956 DNC Elects Adlai Stevenson II and RNC Elects Dwight D. Eisenhower
oYn1tImE9is 1960s Various Classic Inspired Dance Routines
oZcjGHazglA 1963 President John F. Kennedy is Assassinated
oZf0DbHOACc 1970s Convoy of New Trucks, Cars, Vans on Bridge
oZjiVw8W5F4 1960s Paint Brushes Manufacturers
oZmY4Y0YU9w Silent Film \
o_WvqfjXuKs 1936 Helen Wills Moody Painting
o_cxfMTc9qw 1940s Theater Snipe
o_enEX9EZ_g 1960s Driving Example. Kids Play in Suburban Home Front Yard
oaXKlT32tY8 Factory Assembly Lines
ob8NCyfmxlw 1950s Spaghetti Eating Contest
oc6pncbmsPE The Goal Rush (1946)
oc__RVlFnek 1940s You Tell 'em, Sarge! Corny Speech About Telephone Service; Soldiers Going Home World War Two,
ocoFOlKoMZ0 1935 Broadway Casting Call For Earl Carroll's \
odx9BMdoUPE 1965 President Johnson on the Vietnam War
oeG_iqoVfC8 Levi's Double Knee Jeans TV Commercial
ofGCWaKl_rM Mental Hospitals (1953) Part 2 of 3
og7x5fbPDSI 1970s Top Choice Dog Food Commercial
ogDGvIdKGt8 1903 King Edward VII and King Victor Emmanuel Go Yachting
ogFoer7DpHE WOMAN OPENS FRIDGE 1940S
ogzyTPB7npI 1956 New York Giants Bill Rigney and Willie Mays
ohXiL0uqOok 1950s Atomic Testing
ohfoT6Le8YE 1971 Chevrolet Impala Car Chassis Driver Road
oi21KK2zZFw 1940s Beauty Pageant
oiFV0aYgzNA 1928 Ed \
oiiGLz8EXuA 1960s New York Shop Snow (Silent)
oinSWvVd-gE 1950s Construction Site. Telephone Lines
oioKqr17NKo Forging Steel
oiwVu9x9fHc 1960s Beach Scene, Bikini Go-Go Dance
oj6ZRFnMwDM 1950s Babies African-American
ojesGTkcq-w 1970s Man Drives On Snowy Roads
oji2zsYDJdg 1941 American Workers Strike in Protest During World War Two
okehO0vInOs The World in the 1880s
okmKG1zbC3g 1940s Labor Picking Cotton
olQKkCw9-ww 1948 Ghandi Assassination
olcSHkc4CJQ 1955 United Nations 10th Session Meeting (Silent)
olyOdR0bol0 1960s Pan Am Building Interior and Exterior Shots
olzjTiW3uDc 1969 Philadelphia
ombFL4ydnWw 1950s Daredevils Water Skis with a Kite
onXtCGWicik 1956 Labor Riots in the U.S. (Silent)
onj7QQ7KJKM 1966 Gunter Air Force Base U.S. Extension Course Institute
onpXXIft0w8 1970s Employment for Secretarial Trades
ooZzDlDitfU 1920s Douglas Fairbanks and Mary Pickford
oplWXByBbBs 1940s College Campus, Lecture Hall
oqBgzQZrzBM Square Deal Quix Commercial
oqLN5G9ZCS0 The Land (1942) Part 5 of 10
oqduWH4hcHs 1935 Atlantic City Miss America Beauty Pageant
or4EYgJNl1I Broken Slot Machine
orOFiVuRw5Q 1960s Manufacturing
orpNAcod0C8 Electric Baseboard Heater
os088DcKntA 1950s Great Lakes Landscapes
os6KmJtYroQ It Can Be Done (1960) Part 2 of 6
osTrFPUykSM Cars on Television
otPoJFkESuM 1958 Chevrolet Cars: Shots of Dashboard, Seats, Taillights, Steering Wheel
ou6J3VypcWI Men's 1800s Fashion (Silent)
ou9jRhuaQHg 1969 Philadelphia
ovPnHW8D_4Q Pine Sol TV Commercial
owE28EaDOcY 1930 Cecil B. DeMille
owRLOo4OsgY 1935 Babe Ruth Spring Training
owWsZB5dwvI Wholesome Family Summer Vacation Fun - U.S.A. 1960s
owZXGcOcq8E 1920s Bathing Suits
owfuNOrUw5c 1946 Five Die in Alcatraz Prison Riot
oxN2uQRQQy4 Construction, Assembly Lines
oxXVGgMfpas 1930s Great Depression Soup Lines and Food Rationing
oxYlXagh9WI 1940s Ticker Tape Parade for Howard Hughes
oxbLN8CgN0Y 1950s Girl in a Fit Over Her Drug Addiction in color
oxxYmjasc8A 1920s Women Dancing Together to A Phonograph & Piano
oyX2kXeFUlo 1936 Emperor Haile Selassie of Ethiopia Addresses League of Nations
oybp-Xuu5ks 1920s Buddhists Make Pilgrimage Up Mount Fuji
ozGQvi5QloM 1960s Las Vegas and The Troops
ozRHEBbH86U 1950s U.S. General Election
ozkY0FWZJPo Railroad Story (1951) Part 1 of 2
ozudSxt0LKE 1940s Ringing Doorbell (Silent)
ozzUdlNM7eI 1940s U.S. Navy Fighter Planes, Bombers, And Transport Planes Models
p-4KLKIYYaQ 1900s Audience Kids Stand on Heads in Theatre Seats
p-5mrVy0inY 1957 Grass River Construction of the Snell Lock (Silent)
p-Fw5fNKThY FRENCH RIVIERA, 1960s
p-LAwl4aBac 1960s Driving on Desert Highway
p-Y3x7qUV5w Beijing, China- Behai Park at Night
p-c066nLYiU 1965 The Age of Computers Into Technology
p-sEaHvoIWc 1960s The Whirlee Twirlee Toy! Wham-O TV Commercial
p-vQHXwlNIs Farming
p0lFJk1F25g 1960s Steel Factory
p1h6raQry34 1920s Bar Room Brawl
p2UDeqb3YaU Sorting Eggs
p3HTVGVmLSI 1930s Fat Man Bites Tongue
p3nXB8gnGRs 1959 31st Anniversary Will Rogers Memorial Hospital
p3sbATAuYBw 1960s Lumber Mill
p48-n8WwAd4 1962 The Amazon, Life Along the River in Peru
p4bxtoLZ-MU Man Climbs on Wings of Plane
p4jbS5l4umw 1920s Debutantes Singing 'Hail the Gangs All Here'
p5Epn77DrMc 1950s Engineer Pours Chemicals in a Lab
p60mB_BOtyk Film Leader 24 In Color With Countdown
p6B1-bNSfWE Man Escapes Straight Jacket Dangling from Plane
p6ESrr1rhOc 1940 Philadelphia Cardinal Dougherty Celebrates Golden Jubilee
p7e13g06KuM 1936 Alsace Queen Wilhelmina of Netherlands W/ Princess Juliana
p7ihxW1iTMY 1927 Chorus Line Dancer Rehearsal Irving Berlin
p9pNlrjRo48 1940s Pulling Into The Diner
p9xJFH57cvw Film Leader 13 in Color Purple with Countdown
pAKKKUWj2mA 1966 California, Highlands and How Man Uses the Land Part 2 of 2
pAKgEhtK18M The City (1939) Part 7 of 10
pAtXuMJLgbE A Family Portrait (1947) Part 5 of 7
pBA38JBd8-A 1960s Nuclear Experimentation in Laboratory
pBLdeVWljAs Film Leader 6
pBOMiABYSrM 1920s Automobile Manufacturing
pCQvP1Pp0_s FAME Preview
pD65k9lIBko 1945 Polling Place Registered Voters
pDN7CgxFal4 1947 King George VI and Queen Mother Mary Visit The Zulu People in South Africa (Silent)
pDTVeyWtjoc 1970s Women Belly Button Baring Contest
pE4OfAaa1Ng 1960s Burlesque Fan Dance
pEEFFFv04lg The Great Depression, Homeless
pEPtH8WWeSo 1945 B-25 Bomber Crash into the Empire State Building
pEVO7EgXWBU 1940 Worlds Fair New York Beech Nut Miniature Circus
pEZ5CeAh7-M 1920s 'Jersey Ringel' Airplane Stunts
pEn_nOru6as 1939 I Am a Smart Fellow Robot Talks
pFeIx7MvegM 1956 Near Accident at Crossroads
pGASTyYaawM The Population Problem: Gift of Choice (1965) Part 6 of 7
pGAUbYQZpuM 1965 United Nations Discusses Kashmir Crisis
pHdyXDCdtC0 1960s Statue of Liberty
pHrdR40c8DY 1930s Harlem's Voodoo Culture
pITo7DD9Z3E 1956 Olympics Part 3 of 6
pIWNBJRKWxY 1902 Execution Shooting of a Blindfolded Man
pJG1Pi4CvFA French Riviera, 1940s
pJPiZ9tmgcQ 1970s Diet Erba Baby Food TV Commercial (Italian)
pJT7dk4ZoWo Empty Theatre One Man on Stage
pJnMdmDuErk 1950s Baby in Highchair Tosses Food
pKIs9uUz7R4 1950s Commander Richard Evelyn Byrd South Pole
pKIul9jzRoE Duquesne Case (1941)
pKbV5IxAssc 1958 Funeral of Film Producer Michael Todd w/ Elizabeth Taylor
pL7OCYribnc 1936 RMS Queen Mary Is Loaded with Supplies in New York Harbor (Silent)
pLZAGj8QKqw 1900s Presidential Inauguration's From William McKinley to Franklin Roosevelt
pLkHB0vLHxM 1941 Aerial Bombing of Chongqing
pLvN312XnOM 1941 Japanese Ambassador Nomura Meets With Secretary of Defense Hull Hours Before Pearl Harbor
pMSrlzOT2_4 1950s Woman Uses Washing Machines
pMfrxkWxyVI Yukon Jake (1924) (Silent)
pO3oyFMHK3k Man Fishing in The Wisconsin Dells (4K)
pOND6RTvQ0Y 1920s Women's Fashion at the Racetrack
pP1QydZFYeY Happy Discovery
pP1uVd5Kwks 1906 Office Drama
pPO_Mv9WDrY Dateline: Chicago, 1934. G-Men Kill Dillinger
pPyYSavcitQ Improving Posture (1949) Part 1 of 3
pQwhn7q5gl8 1950s Older Woman Speeds Nice Car Through Country Roads/brush - Nervous Male Passenger Scared
pR4Q8GBKXLQ New Jersey Is a Place to Dream
pS8kNxyIYO0 1950s Life in the United States
pSbCg_KMGVQ Sylvania TV Seabreeze Cruise (1956) Part 5 of 8
pSdIsdnM2zE 1935 Excelsior Stakes King Saxon Wins (Silent)
pSkq1kW3A6g 1918  WWI American Troops Fight For Longueval (Silent)
pSoWJd2z1PE 1940s Turning on Light Switch (Silent)
pSpnSjDZ23w 1928 \
pT8RB4HywDE 1940S WOMAN SCRUBBING CLOTHES
pTA-JNIR7gk Film Leader 31
pTUSn0_B5F8 What is Money (1947)
pUQFhmTa6oM To Enrich Mankind (1955) Part 1 of 4
pUkhhJPmHks 1930 Lindbergh Takes His Glider Pilot License Test
pV5J1RVY624 1920s \
pWP830XJzC4 1920s Automobile Manufacturing
pWRfnNNk0ro New Iron Horse (1950) Part 2 of 2
pWjZWnnQRdA Plane Flying Through Clouds
pWx42weilNQ Film Leader 26
pXZljeoho5s Man Dries Shoes
pXdo_H68QAo 1930s Muana Loa Eruption
pYAUEPffBmc 1903 New York City Subway Excavation
pYAvrFQkFq4 1935 Los Angeles Wildfires
pYFno99wAlk 1960s Manufacturing
pZ1YU8mpZJE 1950s Weird Jousting Game (Silent)
pZ58C_z-Vjo Jupiter Zoom (Silent)
pZ6-zvAtYU8 Age of Turmoil (1953) Part 3 of 4
pZqCtqQKPl0 1949 Signing of the North Atlantic Treaty
p_oTMo-NtXo 1944 General Eisenhower Pays Respect in France
paRisncgBLw 1940s Ski Jumping Champs Alf Engen and Torger Tokle
pav1pyXQ-EI 1970s Dune Buggies on Sand Dunes Racing for Fun
pb8pwY3ypEg Age 13 (1955) Part 5 of 6
pbLIVbtpDE0 1940s Sex Education
pc1gGdHGY5A 1904 World's Fair Louisiana Purchase Exposition  Asia
pc8UFV67E2I 1960s Indian Stunts with Prime Minister Nehru in Attendance (Silent)
pchw-IhP1as 1962 Geneva Accord Laos Neutrality
pdQk-OO88Cs 1902 Charleston Chain Gang South Carolina Thomas Edison
peNJoiXTS1s 1940s Baseball World Series Detroit vs. Cincinnati
peqVKRsi-60 Human and Bug Eyed Alien Communicate
pes-fcQ6dWY 1965 South Vietnam Coup
pf5Xi3vrtMU Film Leader 11 in Color with Countdown Editor's Hideaway
pfdIALX0fjg Film Countdown
pgb18k6jaRw 1934 WPA New Deal Has Men Clearing Slums
pgdZ0Rl1-m0 1903 New York City Young Boys Splash in Fountain
phHTdSY3UPI Animals Speak for Themselves
phTES1MztKw Chain Reaction (1958) Part 4 of 6
phWMbIjsbS4 1970s Happy Family - Recreation, Picnic, at the Pool
phdH_9k497c 1937 New York Atlantic Cat Club Winner
piGF4juhQbk LOS ANGELES, CIENEGA BLVD, TIME-LAPSE
pj5Sfxu9ifY 1950s Sailor Fixes Ship Radar Equipment
pjpSTVd0CWs 1934 Dorothy Higbie Detroit Golf Course
pjvMKCPtxAs Hollywood Without Makeup (1963) Part 2 of 2
pk1aE9OXh94 1956 West Berlin Brandenburg Gate
pkIB_Llk3Dc 1937 Coyote Canyon Straw Hat Fan
pkWK3GCdLfw 1923 Monticello Dedication on Thomas Jefferson's 180th Birthday
pkehsxyeXmI 1920s Newspaper Press And Newspaper Boys
plXJE8R0YM0 1950s Vintage Car Parks. Medium Shot. Man Inside
pm0hiyDCenY CAR SALES 1960S
pm2XflgOljI April 1970 NASA Apollo 13 Space Mission
pmHK-sBbcIo Kung Fu Fighting
pmMdMR4Lrg8 1960s Detroit Construction Worker On Strike (Silent)
pm_bQtygLLU 1950s Female Contortionist
pmk6TWC7nWE 1956 John Foster Dulles Talks Discusses Technological Advancements Between the U.S. and U.S.S.R.
pmy8_9US0WI 1935 Harvard Football Players Including John Roosevelt Sing and Dance in a Chorus Line
pmyC2ia8gQY 1960s Malcolm X Giving Speech About Self Defense and Birmingham Church Bombing
pnC5y3_6jok 1940s College Football Game
pnIYcZYVylo 1931 Comedian Ed Wynn
poCp4trzfss 1950s Teen Boys Work on Car
ppDmrvQPQeo 1941 Soviet Troops Use Armored Trains (Russian)
pphp7k9TKvI 1930 R101 Final Departure and  Aftermath of the Crash
ppv-rg116iw 1935 Scooter Motor Powered Airplane
pqMmEM9V4RM 1898 Klondike Gold Rush
psZ-EE0gsBs 1950s General Douglas MacArthur Sends Off West Point Cadets
pscU1eNWWCk 1956 Farmer Loses Deed to His Farm
psuLSVuuD-o Flowers of Darkness (1972) Part 2 of 4
psvltSx0w-k 1960s Retail Salesmen Inspecting Products and Television
ptVKSs92Lb0 1950s Manufacturing. Printing Telephone Directory 'My Town'
pteoRlrCjrM 1950s Horseshoes, Archery, Skeet Shooting, Golf
pub-q4mlJfI 1937 Secretary of Interior Harold Ickes Demolishes Atlanta Slums
pusykhoNE9o Newspaper Printing
pv30h0pZaVo Pigeons
pvNGJZRS5Gs 1930s Parade of People in Weird Costumes
pw8RzubRf0Q 1936 Lindbergh Baby Kidnapping Ransom
pwCoOTq6nbA 1950s Kitchen TV Show
pwPKD_aUFF0 1971 Chevrolet Impala Design Details Woman Driving
pw_HQj3Gqec 1941 Ford Standard Deluxe Coupe Convertible Automobiles
px3xytbNzcs 1960s School Integration and KKK Protests (Silent)
pxFIpzxFyBY 1966 Manhattan Boat Show
pxOa5YEgxNM 1940s Hand Feeding Pelicans
pxtYikx6_SU 1930s Elizabeth Boone Chewing Tobacco on Her 101st Birthday
pyBY78xMR8M 1980s Memorex Video Tape TV Commercial
pyCp-zUoW88 NEW YORK, EAST RIVER DRIVE, DAY, AERIAL
pyi-bXUXCg8 1950s Homemaking Montage; Cooking and Laundry
q-9r2y1nONg 1930s Automobiles
q-DPZqSxWo8 1960s Dial Soap and Shampoo TV Commercial
q-FnZbK81z4 1930s Great Depression Soup Lines and Food Rationing
q-HR4TO9JEs 1950 Ringing Bells (Silent)
q-MYLn96FnE 1930s Newspapers Being Typeset and Rolling Off Presses
q-Xg9xfNxqU Career Day Part 5 of 5
q-iooLQrlRs 1930s Daredevils Perform for the Holidays (Silent)
q-nvqx85hZM Helium (1966) Part 1 of 5
q-vqMEynlUw Wrigley Field, Chicago (4K)
q01WLM6RwSY G-Force Experiments
q0UAXHYc584 1927 Mass. Nicola Sacco and Bartolomeo Vanzetti Sentenced To Death
q0vztnIPXIY 1950s Murray Hill Bell Telephone Laboratory
q1-eoCcqeEU 1930s Milk Vending Machine
q1eYBUEEkd4 1920s Mud Volcanoes
q1v_5Ze4DuM Illegal Casino
q1yxBhz0kYM Superhero Rescues Girl
q20lIaQzOpU 1950s Students in Classroom
q2bDG2W87tI News Anchor at Desk
q2nl7xdzSaY 1960s Beatles Fans in San Francisco
q3G9vYbKB3A Land Of the Free (1940) Part 6 of 7
q3hCZjmZh7I 1950s Restaurant
q4NpYG2nIWA 1950s Students at Desks
q4X_PU4Ffxw 1956 Rock Hudson Promotes Savings Bonds
q4rVCh99Tts 1950s Kids Play in the Front Yard of a Suburban Home. Sales Woman Approaches Door
q4uKGW7f31g 1963 Second Anniversary of the Berlin Wall
q5hEMr3pQXo 1962 Woman Using Sewing Pattern
q6C3ejzzKCM Jewelry Store
q6_6dJFRgb0 1940s Egyptian Sudan: African Sand Storm
q6oJKRKp-s0 1950s Parade Chicken American Style Being Served
q7bLnkx95w4 1924 Philadelphia Czarina Grand Duchess Victoria Melita in Exile
q7sjVHKGtA4 1941 Bombers. Planes / War
q8Qsweo2X9M 1948 Chief of Staff of the Army Eisenhower Speaks about Getting into Politics
q8SmumQvY-w 1956 Olympics Part 4 of 6
q94cmLbePO0 1950s People Board Passenger Plane
q9DyY78fHig Cartoon Zoo Animals
q9H3VIEnx3s International Moves The Browns To Sterling Street (1941) Part 3 of 6
q9x3BBuhAaE 1933 Huey Long in Fight Speaks to Crowd, Share the Wealth Movement
qA2NHoCzdTg 1950s Construction Site. Blue Prints. Home Development
qA4fPWzqMUU 1960s TV Changing Channel
qAraqu9djQo The U-2 & TR-1 Story (1960s) Part 2 of 2
qBDM5OwwIQ4 Dancing
qBMGTG6gBJw 1949 Vegetable Tray. Refrigerator. Mom Slicing Food Kitchen
qBP4JoS_LrE 1900s Car Out of Control
qBVeAZiE11s It Can Be Done (1960) Part 5 of 6
qBdNkngyFkw The New Frigidaire of 1936 Part 2 of 5
qBj-konmccY 1960s Durango & Silverton Narrow Gauge Train
qC6gYM9T4q8 1960s Crest with Fluoristan TV Commercial
qD6VvQhClvQ 1962 John Glenn Mercury Atlas 6 Orbital Flight
qD9L0jFZdQQ 1935 Broadway Hollywood Restaurant
qDU1f0ej0S0 1940s Lieutenant McNary Inspects Troops in the Italy 5th Army Military Band & Honor Guard
qEYRGC4RDA0 1936 Olympic Trials in New York City
qGvULrIMrc8 1940s Golf Swing (Silent)
qH2RQBYwbvw Life of Winston Churchill
qH2lk7E_YoQ 1950s Office Steno Pool. Montage of Secretaries. Typing. Writing
qHZ-qZE9ruw Blue Car Tail-Gates Red Corvette (Silent)
qHsj-vtjFAs 1928 Steamship \
qI3qmjAaqJk 1950s People on Phone. Policeman. Grandmother / Telephone
qIZ8Fzjm7lQ 1950s Speedboat
qJOF9U8YQA4 1935 Broadway Al Jolson NBC Broadcast Recording Session
qJdf_eJpAcc 1931 Rockefeller Center Plans and Construction
qK7W_IoTvU4 1901 Pan American Exposition President McKinley's Last Public Speech (Silent)
qKZdpqzZwRs 1950s Chariot Racing
qKdUzS1Usu8 1949 Hollywood Billboard for Cannes Film Festival
qKgPLpHDADY 1951 Kansas City Flood
qKjFjQsF69M Santa Monica, Palm Tree, Sunset (2)
qKlS3lnhvJY Loading Groceries
qKmzzMldHLU 1966 Chevy Impact Engine
qLRTYSDr9kM 1980s Racing Montage II: Drag, Stock, Speedboat
qLn2Vs41qjU 1960s Elementary School Playground - Female Teacher
qMchbjM9oGg 1960s Office Secretary at Computer
qMe5_UkJl5U 1950s Atom Bomb Blast
qN7SV4w6Jng 1935 Ethiopian Army Moves To Front Line
qNIL9F8MFxs 1961 Paris Massacre Riots
qNitWf5v7lc The Big Bad Wolf (1936)
qNjmOloXarQ 1940s Italian Fashion
qNxmj1bO__g 1950s POV Slow Driving Through Desert Terrain
qOG31fGCaqw Formal Modern Dance Set
qOIcEDPdClY 1945 V Day London (Original Audio) Part 2 of 3
qQ7j9jK_f3I 1940s Milkman
qRSKE0RSHzI 1940s Exterior and Interior of Ford Automobile on the road
qRs1Min2qV0 Snippet from Tillie's Punctured Romance (1914) by Mack Sennett
qS-q4EDBA4Q River of Doubt (1913) (Silent) Part 2 of 8
qSFSf5tZSSU 1920s Texas Guinan 'Queen of The Night Clubs'
qSa6I9duJG8 The Sun
qSaMp4twVhA The Second Chance (1958) Part 3 of 4
qSa_TmvaezA 1960s Player's Tobacco U.K. Television Commercial
qSnE2boB1Ys WOMEN MOVING GROCERIES 1950S
qT7kDJ9lji0 1951 Daredevils Let Cars Run Over Them
qTFoo4I6lOQ A Miracle for Mrs. Smith (1947)
qTbnqwY0IHY Newspaper Printing
qTxH1wy1voI 1903 Sicilian Women Washing Clothing in Public (Silent)
qVSkgH2f3U0 1905 Panorama View from Times Building and Early Times Square
qWTnzBIMmto 1950s Cop With Nightstick Walks the Beat
qWhXXGifx1Y 1920s Calvary and Conestoga Wagons (Silent)
qWlpsHbJpLA 1962 John Glenn Lands Home After Mission
qXaiZThMDVA 1950s Men Fishing Silhouetted by Sun Reflection
qXjWIwEvjFM 1930s George \
qXkoF2pjBJs 1950s Boxing - Knockout Shots
qYzp6lnqaB0 1950s Family Picnic
qZ0cKb0h-Ho Children Exercising, Soccer
qZ5h9v07et4 1956 So Glad I Got Invited to The Motorama
qZX4-z9Ks5A 1930s Hollywood at Night with The Trocadero Cafe, and View Down from Hollywood Hills
qZeaR08EgDE Concorde
qagAeKhQk80 1950s Family In Car
qbKyMxoS5Nw 1961 Vice President Johnson In Manilla During Southeast Asia Tour
qbijkXfYhTw 1980s Breakdancer Poppin' and Lockin'
qbo45iKKj-I 1950s Teenagers and Parents
qboEVTVr3iY 1960s Scuba Diving The Kissing Fish
qc6mQj8VeXs 1960s San Francisco Trolley Cars and Clocks
qcIjqvCayAA 1934 WWI Vets Receive Food and Shelter From the Government After No Pay
qcTpO25WhPE 1957 London Queen Elizabeth II Meets Jayne Mansfield and More (Silent)
qcqY8xQb514 1920s Hollywood William Haines
qcr37jm3wXM 1961 Construction of the Berlin Wall
qeWy3U35uio Snippet from Reaching for the Moon (1930) (Silent)
qeY9InoMHto 1956 School Crossing Guards Female School Teens Public & Parochial
qedK0ooHvEI 1940s Experimental Flying Contraptions (Silent)
qelaQx-6mQU Western Montage
qg5ctm8cY_Y New Delhi, Chandni Chowk, High-Angle Buildings (4)
qgEcwzA7XoY Seventeen Days (1945) Part 1 of 4
qhRZc-9LnIY 1936 Governor Franklin Roosevelt at Empire State Celebration
qhUxVvlRTVs 1950s Wine Tasters (Silent)
qiScCaLG2WA 1972 New Orleans Rault Center Fire
qidjJKisdRo BELEM, MARKETPLACE OF THE AMAZON 1960
qiue3nYveME Flashing Figurines (1955)
qjNLRFbJ-M4 1940s WWII Military Parade
qkIp4JLgfSk Film Leader Color Bars
qlgZbWsYjFQ Couples Dancing
qmspSKv9oU8 1950s Kodak Brownie Starmatic Camera TV Commercial
qn0t_audA7w Don't Take A Chance (1966) Part 7 of 7
qn_46rug1gA 1955 Wimbledon Championship
qnrTE00dYu0 1917 American Soldiers Depart for World War I
qoCm356HQKY 1950s General Franco Observing Spanish Military Maneuvers
qooHQGUWRKQ 1980s New York City: Variety Photoplays Theatre Neon Marquee, Night
qoyJYAkxd08 1967 Chevrolet 'Chaparral' Race Car on Track
qpIktP531Rg Taxi Tangle (1931)
qpZhDBNojU0 1940s President Roosevelt with His Grandchildren and Rallies (Silent)
qq5mFjH_jUE 1950s Teenage Phone Call
qqBjEAGiddA 1936 New York Men Review Plans for World's Fair (Silent)
qqFp-Q3YJJo 1956 Submarine Surfaces
qqVS0SKUcJU 1939 HMS King George V is Launched
qqWsd-rGoB0 1898 Alaska Gold Rush
qrGU6P-X58A 1943 The Aftermath of the Allied Bombing of Rome (Silent)
qr_1F_3qxus 1954 Oldsmobile Automobiles - Promotional Film
qrrcvy5lgmg Newspaper Printing, Newsstands
qrs6oz3Lcd0 1964 VW Beetle TV Commercial - Snow Plow Driver
qsB9MTmxUWE Trailer for Two for the Seesaw (1962) Starring Robert Mitchum and Shirley MacLaine
qsm_29xjBO8 1970s Men Use Rowing Machine
qsptYEOIe68 1970s Old Pickup Truck Pulls Into Gas Station
qt17oOSScMQ 1969 World Series New York Mets Win
qtf3iQ1hoQY The Universe And Other Things Part 4 of 6
qun6jf7g1Ws 1956 Madison Square Garden Mike Todd's Birthday (Silent)
qv1w5YKxg-M 1960s Lightning and Factory Switch
qvV0RuP_LFA The Great Depression and the New Deal Part 1 of 3
qvdeatDk98w 1960s Computerized Lights on Faces
qvebOQlPof0 Processing Coal Into Electric Energy
qvzfWB4nPCw 1962: U.S. vs. Mississippi - Campus Riots Mark Integration
qw7X12amnj0 1960s Rocket Launch
qwP5Y9qbscc Light Powder Deodorant TV Commercial
qwZYYCdcUgk 1950s Austria
qwppBm43eb8 1950s Consumerism Cartoon
qwrml9ECVvk 1936 Smuggling North China. Dock Workers Chinese Troops / Delivery
qx0_dqiljf8 1936 Cruise Ship RMS Queen Mary Maiden Voyage
qx7Hv6YeEvw Apollo 11 Moonwalk (1969)
qxIe7ExH3F4 1950s Washington D.C. WWI Pilot Edward Peck Curtis on Air Traffic Regulations
qxZ_7Gv1uEY 1950s Hollywood Marilyn Monroe
qxwgv-ELZv4 1950s Color Identifies Package Technicolor Products
qy8MEUsPh0s 1936 JFK Attends Harvard University
qyVphSoNEEQ A Manner of Speaking (1959) Part 3 of 8
qzcmc79UYKk 1890s Fashion and Dance
r-Q-Pcu-tpw 1970s Mexican Child Playing
r0Hbj2Ll6QI 1950s Police Pursuit Stunt Driving
r0LSBCsx5Wc 1930s Aimee McPherson Church Service
r0XDBUSBYkw 1950s Boys Fighting
r0YMydxiqjU 1960s Car Manufacturing
r1M1DVUHc6c School Board In Action (1954) Part 2 of 7
r1SSMf8CjnE Pan Am: Grand Tour Part 3 of 3
r1aOULsl0Tk Uruguay (1949) Part 1 of 4
r22Y-fKdyHg Editing Room
r3Kf3oKMcfQ 1950 Slo-Mo-Shun Breaks Mile Straightaway Record of 160 MPH
r3SORch6jBU 1940s WWII Segregated Hospital - 383rd Hospital In Burma
r3avDtQOsf0 1967 Chevy Camaro SS
r41aTzL0lAg 1950s Exterior Mini Mall. Cars in Parking Lot
r44XjK6EM_g 1930s Great Depression Wall St. and Soup Lines
r4Hs5eCOaRc 1920s Stunts and Gimmicks
r4lYA1Q27vk 1966 Western Saloon
r5M_5cxr0QU 1970s New York City X-Rated Theaters
r5QFTeS51Ug Missile Explosion
r5ihc6jRLSY 1971 Chevrolet Monte Carlo America's Personal Luxury Car
r6XLU4NmhWk 1960 Christmas Play | Luncheon & Gifts for Old Folk  (Silent)
r6YvWkwvJUw Goshen Harness Racing. Horses Trophy Winner
r73qH0G-j10 1950s Engineer Writes Scientific Equations on a Chalkboard
r7LYDiCc1yw 1923 Fashion Paint on Women's Knee Caps
r7f3IruFsOc 1930s Little Boy Plays With Deer
r7wLlx-povM 1950s Industrial Kitchen
r7zr4kDJf5k We Driver's (1950s)
r8CoQREOQBQ 1960s Wedding Reception - Dancing (Silent)
r8aSrEwvlFU 1980s Sunset Boulevard Hollywood (Italian)
r9INDWcFnYU 1930s England's Dyna-Sphere
r9x7bH7knA0 Commercial: Tammy and Her Accessories
rA8cQUzVUP0 Poultry on The Farm
rAHWS3QwVeM 1940s Theater Snipes
rCHaXWG4AZc Factory Assembly Lines
rCM343h_siI 1932 Hollywood Shops, Doctors, and Clairvoyants (Silent)
rCTDv3m1A1U Follow Thru: 1920s Golf Part 1 of 2
rCscw2iPX6I 1950s Mining Site and Equipment
rD3c7AD3W-U 1939 World's Fair New York President Roosevelt Makes Opening Speech
rDja0agZC2Y To Keep A Promise (1967) Part 5 of 7
rE2q1U4ndDw Monument Valley Utah Western Set Building Movie
rE7Ufatpu6c Man Sizing Up a Winchester Rifle; Test Shooting a Rifle
rEa1Ee3kn80 1944 Presidential Campaign
rEuZgO5kuR0 1931 Able Coleman (Hebrew Hercules) Vs Jim Londos (Golden Greek)
rEvhx97yUx0 1950s Teens Dancing and Dating
rF1-gK9koSc 1962 NYC Times Square Military Dedication Brenda Lee
rFaD_tLKSvE 1960s Home Design House Wife Part 3 of 7
rFbede6Da_M 1970s Fabritank Rainwater Storage System Installed In the Bahamas (Silent)
rFheATW5pUo Coming Out Party (1941)
rFpY_hahAXk Silent Film Snippet \
rFq-AlZVNx0 1960s Soviet Musical Theatre (Silent)
rGAoU-K2Wfc 1938 Chicago Guns Melted Down into Medal of Honor
rGFSgP5qi-0 1933 Former President Hoover Visits Reno (Silent)
rGNcZdCrghM 1950s Visine Eye Drops TV Commercial
rGSh48OviCo 1938 Hollywood - Waitresses Make More $$ Than Extras
rHF0TMR9VPo Declaration of Independence Debate
rHXo6_0ZVw0 1928 Hollywood Pathe Studios
rI8YfH_lSOs 1962 Washington D.C. Lincoln Memorial
rIRoHSK2suQ 1950s Window Shopping
rIaSzLjQLq4 NEW YORK, MANHATTAN, NEW YORKER, DAY, AERIAL
rJJRI8Tc57w 1959 Manhattan Vincent Gigante \
rJQFc29HBWo Living in New York (1962) Part 3 of 3
rJZF82e8fs4 1926 France Bloody Sunday Political Riots
rJgcwo32TFc 1936 Léon French Water Jousting
rKN-zXIJCqg 1936 Airship Goodyear Blimp Carrying Cargo
rKRJhZJvL8U 1970s Fury by Plymouth and Airborne Dune Buggy
rKqypms4YV0 NEW YORK, HELL GATE BRIDGE, DUSK, AERIAL
rLGbF1qFmrg 1940s Happy Family Packs Car For Road Trip
rLT6ME1ebZo 1958 Senator Henry Jackson Speaks on the Need for NATO Co-operation
rLTIaW0v4Bg 1900s Victorian Couple Dancing at A Restaurant (Silent)
rMFLtxYqzo0 1966 Gemini 8 Launch And Recovery
rMcqOSZ1Low 1970s Hospital Exterior
rMgdmJiYNZw 1960s Oscilloscope
rNSoMWDHqWg 1950s American Landscapes (Silent)
rNgt0hZQKkA Chimpanzees Dressed in Football Uniforms
rOOoU13AaPM 1950s Daredevils Does Motorcycle Stunts
rOhD_02b2Oo 1950s Firefighters Put Out Industrial Fire (Silent)
rP51hAopIiY 1930s Baseball Tricks
rPQL-52-ktk 1940 England Prince Bernhard of Holland Reviews Exiled Dutch Troops
rPQkON7Gcy8 The Second Chance (1958) Part 2 of 4
rPlvBHTrfYw 1950s African American Family Leaving For Church
rQTK-vsdSQc Horse Under Tree Silhouette
rQj65dxuTUM 1920s Seminole Native Americans
rRStt9hiJvQ The World at Your Call (1950)
rSInOFenpJw 1898 Orange Groves Along the Trolley Tracks In California
rT-DFbSs1zg Downy Fabric Softener TV Commercial
rU015PLy-jE Film Countdown and Leader
rUd9-wMp5Ow 1950s Riots in Berlin and the Marshall Plan
rVX-YzFXNIE Brunch a Bunch - High Society Fashion Ins: A/B Roll (1980s )
rVgdm_sqe24 Al Capone Leaving Courthouse, Chicago, 1931
rVsotch8iMc 1900s Women Clocking Into Work
rWXtiKqVers 1930s Chicago Aurora Downs Horse Races 'Gold Step'
rWyldWa84Mg 1950s Woman in The Kitchen
rXSrX3DIlIM 1941 World Three-Cushion Champion: Willie Hoppe Wins
rXYD3KO6NJw 1960s Blue Angels Airshow in Chicago
rXx3w3tWOrg 1935 Broadway Ben Martin's Riviera
rY2rk700q44 1914 Herbert Hoover Leads Campaign To Feed Belgians (Silent)
rYGynWz2dvI 1960s RCA Victor Total Sound Stereo Cabinet System
rYTwSsNuoKQ 1968 Swiss Cadets Are Trained by U.S. Military in Gliders
rYiNxnp1PC4 1940s Men Work Out
rYlwH9t-SR0 1950s New York City
rYuCXEAxAS0 Cartoon Train Heist
rYyIpMsJp-M 1930s Cave Women with Rolling Pins
rZAEIIRSqcg 1970s Maxwell House Coffee Commercial 2
rZO8B6o4Ea8 1950s Flamingos, Birds, Long Legs, Eggs, Chicks
rZOT33AqRAg 1950s Japanese Festival (Silent)
r_1Bcuq9MPY 1950s Rural Japan (Silent)
r_C86fk85sc 1940s Human Cannonball
rahQUtixWfU 1976 San Diego Naval Station
rb14ldlLTyw 1930s Shipping and Transportation
rbH2zqJDOyQ 1960s Malcolm X Talking About Self Defense and Gun Control
rbLuJrCs8ms 1930s Aviation Failures: Pedal-Powered Plane
rc7pkmuNWqs 1935 MSG Charity Show
rcyB5qgUzEc 1930s Bulldog, Dogs Barking
rczNJFIaItk Tractor
rdvV1Jyu71o 1940s WWII America Launches New Warships
re0aB8v72gQ Midwest Holiday (1952) Part 6 of 7
rePadi3HkgQ 1926 Women's National Golf Tourney Mrs. Stetson
reVaPQnWJ8o Los Angeles, Downtown, Skyline, Sunset, Time-Lapse 6
refXYsc5imc Angry Woman
rfQE1swFaUA 1950s Teen Youth Group Discussion, Teen Reactions
rgeVzOQR2qk 1960s Art Factory
rgoN6fP5zoA 1938 Ford V-8 Deluxe Sedan Automobile Driving in Suburbia
rgonQO474OI 1940s Sex Education Video
riVdoE12POM 1960s Soldiers Marching In Streets
rjGepX6IV78 1925 MGM Studio Tour Part 1 of 6 (Silent)
rjtK7nt1Nf4 1901 Mount Lowe Rubio Canyon
rk0YvwRAgUo Glacier Priest (1952) Part 1 of 3
rk2LbKb6Qzs 1939 Hollywood Colonel Sesly Reading a Newspaper (Silent)
rkKgUoYrqEE Beijing, China- Dong Changan Jie Tiananmen Square to the Left
rlGdcmTyjws 1949 Professor António Egas Moniz Examines Head X-Ray
rlgy9kmb9FE 1967 Public Service Film: Safe Driving / Parked Car Door Opens Suddenly
rlucOd43_Vw Transistors (1959) Part 3 of 3
rlxzGlQfMiY 1930s Various Trains
rmONEjlNIDQ 1937 Ohio River Flood
rmQAOZNiPRE 1960s Student Studying in a Library
rno8boOrY5E The Fence Buster - Babe Ruth (1952) Part 1 of 3
rnzJycZEs2E 1968 Chevrolet Commercial
roBM23ElBCk 1950s Old Farmer on his Porch (Silent)
roE0Det3frQ 1920s Man Voluntarily Gets Buried Alive
rpAw6NVeizY 1940s Ford Commercial
rpVatLr-FkI 1901 President Theodore Roosevelt is Sworn Into Office
rqeFeve7f78 1940s Molybdenum Ore Mining Surveyors
rql-TBcmELY 1980s London: Big Ben, City Traffic, Double-Decker Busses
rqmcz53Xr20 1931 Glassblowing Family Makes Christmas Ornaments (Silent)
rqnZ-GuirkA 1968 Navy Launches Jet
rr8tKbtJP-o 1957 Queen Elizabeth Is Greeted By President Eisenhower in D.C.
rrIJwwplje4 Puerto Rico, Isabela Beach, North West Side
rsPK2OQAflc CHICAGO, AERIALS, PINK SUNSET AT DUSK
rsaARtqUh4g 1944 Soviet Red Army Recaptures and Liberates Ternopil (Russian) Part 2 of 2
rskLJtiHgxM 1960s Go-Go Girl Dancing Psychedelic Colors
rsv_aqc3gbc 1963 John F. Kennedy Saying Goodbye to John John as he Boards Air Force One
rtDbGLGC5Q4 2000 Naples, Italy
rtmMSq42qWA 1950s Freighter Sunk On the British Coast
rtn_5PqEecU Red Biplane Taking Off, Flying, Stunts
ruimXwuccgU 1933 Maureen Orcutt Wins Golf Tournament
ruzGZgpoHbI The Title is One Part 3 of 7
rveKYN4tWZ8 1950s Mississippi River Steamboat
rvmIme7tASU Spot News Part 1 of 2
rwDV6DXG9fU School Board Meeting
rwFIDC2f4Vk 1956 Avalanche Ski Patrol Fights Way to Victims
rwpqwezN5CE Last Clear Chance (1959) Part 1 of 7
rxnCXQmSeNk 1930s Farmer Talks About the Great Depression and Poverty
ryM0kMqM31g 1940s WWII Burma Road
rzC7_mZwZDc Treasure Islands (1955) 4 of 8
rzJqFDrSZPw 1960s Chevrolet Commercial
rzS4h7KBoW4 Beginning Responsibility: Other Peoples' Things (1957) Part 1 of 3
s--Qs9qvNsA 1933 Eton College Cross Country Race Obstacle Course
s-Al4-uoFf4 RCA Studiomatic Changer TV Commercial
s04M4slQS1U 1940s Detroit Jewelry Shop - Woman Clerk Shows Man a Watch
s0AXXVAWO1o Film Leader 27 in Color with China Girl
s0c73gRSIu8 1950s Lighthouse on a Beach
s0hBG5wCzeY 1938 Douglas D Corrigan 'Wrong Way Corrigan'  Ticker Tape Parade
s1IlbGi4QhM 1940s World War Two Battleships in San Francisco Bay
s35ChaaVDuo 1934 Women's Fashion Show
s3NeMFSCuqw Color Film Leader then Countdown
s4CHzDsA6yo 1950s Liquor Salesman Training
s4kx0UmwasE 1930s Fashion
s4uZYjupVZ8 Height of the 20s (1925) Part 5 of 5
s4wkXv-9lZ8 1961 Santo Domingo Dictator Rafael Trujillo Assassinated
s5uYki8Ezz0 1938 Military Patrol Aircraft
s5vhLrytMAM 1928 Bernarr McFadden Plaster Sculpture
s6hgBQnE3hA As Others See Us - 1950s Etiquette Film
s6xQB2Gp07g Sand and Flame (1939) Part 2 of 4
s78F0KXDFH8 1980s Fifth Ave New York City People Feet Rush By
s8AwSk99aas 1950s Bad Boys Tempted by Devil to Harm Santa
s9GfJbwfF58 The Littlest Expert: Horse and Buggy Days (1953) Part 1 of 2
s9VBB_e53lM Kids Trying on Shoes
sAUcffbt1EA 1980s Airport Aerials, Operations, Baggage, Customs
sB0A_96GQU0 The Population Problem: Gift of Choice (1965) Part 2 of 7
sBdSY1atZN0 FUNNY FACE
sBl0Str4ApU Human Cannon Ball
sCOVli06uqs 1940s Doctor's Office Older Gentleman Waits
sCyNJeP5v_A Dapper Man Kisses Lady
sDDelO8cXIk Billiards
sDH8YS9itbA 1955 Women Daredevils Does Stunts From a Helicopter Over New York City
sDkD6IlXUxM 1962 College Football: Army Black Knights VS Syracuse Orange 9-2
sEJ8so1_wP4 1927 S-4 Submarine Salvage Diving
sESI3tFIeqU 1956 Marines Demonstrate New Transport Helicopter
sEfxLTUi8PU 1940s Nuremberg Stadium Blown Up
sF39k8GEaxY Dance Contest Marathon Various Angles
sF5TGY1_bYM New Delhi
sFDiDE_XHjA 1960s Philadelphia
sFInjMfrAQc 1950s Aerials of Cities with Graphic Super of Statue of Liberty
sG5b3h5Vq-U 1900 Aftermath of the Boxer Rebellion
sHMbvZ-I62E 1972 NASA Apollo 16 and 17 Space Missions
sHVQucYU5dU Time Goes By
sI-vOIEAYYg 1920s Paris Excited Newsboys on the Streets
sIADplqz2xo Facial Expressions
sII5e6ccZvc 1950s Italy
sJGl3lh_eqY 1936 Francis Ronald Swain Sets Altitude New Altitude Record in a Plane 9.5 miles (Silent)
sJeCtQvrqrk 1950s Mass Baptism African-Americans, Dancing, Clapping
sKnadxtBXAg Panned Stills of Saturn's Moons (Silent)
sKomryGmoUg 1967 Oldsmobile Vista Cruiser Commercial
sLYsioliuHg 1948 Berlin Blockade
sMNRNm5wSFc 1936 England Baby Prince Edward and Royal Family
sMbvPadGUDw 1941 Geneva Conference. Japan Withdraws from League of Nations
sNCJFWwFk8s 1938 Jim Londos Fights Jim McMillen (Silent)
sO-0alEcUqs 1934 Panchen Lama Living Buddha on Tour in China
sQpz8yTk4ZI 1971 Chevrolet Impala Car Chassis Driver Road
sRGxy5tzpVo 1935 Military Influenced Fashion
sRNSbL_VQ5I World War II Propaganda: Red Cross Mother
sRsdrJ-D8o8 1940s World War II German Bombers
sSaJRGTPJOE Chicago: It's A Promise (1977) Part 4 of 7
sSdstXWOP00 1957 NYC Marilyn Monroe and Husband, Arthur Miller Leave Hospital (Silent)
sSgSrprTB_g The Story of Oats and Oatmeal - Part 2
sStn89ArN24 At This Moment (1954) Part 10 of 14
sT1m2GDeOY4 1950s Science Fair Winner Lets Out a Yell
sT4iGeQiDik The Population Problem: Gift of Choice (1965) Part 4 of 7
sTSECTWVbyw 1910s Cowboys Break in Door Man Underneath Door
sTe8qTijaG8 Man Hitting Lock with A Rock (4K)
sU06xclD1VM 1957 Chevrolet Promotional Film - Corvette Convertible and Others
sU6dU2bXQ4k 1908 William Jennings Bryan For President
sUUjcFocYts 1950s Factory Rebuilding Army Trucks
sUZ0PyVDjy8 PanAm Wings To Mexico and Central America (1958) Part 1 of 6
sUf9nQ0UsC4 The Plow That Broke The Plains (1937) Part 2 of 6
sV0SIjwku4g 1942 New Years Eve
sVDUzy0RubY 1923 Emil and Bob Meusel New York Giants Yankees Baseball Brothers
sWJrpBC5JB8 1930s Headlines of the FBI Rounding Up Several Public Enemies
sWOh4I8Mwog BUDAPEST, HUNGARY, PEDESTRIANS, STREET CROSSING, NIGHT
sWZqwrrR8O8 1935 Babe Didrikson Wins Women's Golf Texas State Tournament
sX1YxtJo_YY 1934 Opening Day Chicago's Century of Progress World Fair
sXinaLmxHKg Christmas; Santa Hands out Presents
sXlJtb56wLg 1960s San Fransisco Paraders Hail Hindu God Hare Krishna Procession
sXw0IPD-lyU 1930s Hollywood Sunrise Service in the Great Bowl
sYCQZRp_ToE Computer Geek
sYGl-aoLW6Y 1928 Staten Island Miers and Collier Land after Circling Globe
sZ8qg6wdMdE 1948 Wisconsin State Legislature
sZE9KVuDeqU Malcolm X: Struggle For Freedom (1965) Part 3 of 4
sZEa6GrLEg4 1950s Marmite TV Commercial
sZIvMKGU6KU Woman Exits Grocery Store
sZnrEif2HMU 1960s Ronson Electric Razor Commercial
sZse6nUMGYA Car Stunts, Men Run Over
sZuo54BrZmE 1950s Earth Moving Machines in Action Vintage Cars
s_0WPBHeUxY 1950s Telephone Operator
s_bnYpqyJe8 1950s Futuristic Cars Outside of Modern Office Building
sarxwgiuOQU NEW YORK, CHRYSLER BUILDING, DUSK, AERIAL
sauJwHTDCv8 Car Maneuvers
sbONTePpYCs Beijing, China-  Afternoon Traffic passing Tienanmen Gate
scMURjvD3yI 1947 Seoul Riots
sdUeX7vheY0 Children's Fantasies (1956) Part 3 of 5
sdbygzg8-y0 The Night Before Christmas (1946) Part 2 of 2
sdcNIj6C8-g 1940s U.S. Workers Punch Time Clock
seEJ_yHC6H4 1950s Engineer Studies Monitor and Work With Different Scientific Equipment
sew8rcr7R4w 1903 Train Laugh (Silent)
sexQVzNs-l8 Safely To School (1958) Part 1 of 2
sf6fd8fkeJU Uruguay (1949) Part 3 of 4
sg4uikYXIHI 1959 President Batista Flees as Castro Takes Over Cuba
sgBQ_9_p5ns The Plow That Broke The Plains (1937) Part 4 of 6
sgTHXa6_-sc 1920s Frank P. Walsh Poses with His Family on a Yacht (Silent)
sgX38V3q8t0 1936 Summer Olympics Opening Ceremony
sgqMZ5ZzJxY 1940s New York Harbor and Pier Aerials
shTPds7ge4E MARRIAGE OF RITA HAYWORTH AND ALY KHAN
sihGhmwUcwg 1950s Teenage Crowd Cheering
sijhL4qIIkU Fatal 1964 Indy 500 Racing Accident
sisjcBjozFE 1920s Celebrities: Andrew Carnegie, Thomas Edison, Henry Ford, George Washington Carver, JP Morgan
sjWb0tfIdnc 1920s Group of Women Singing 'Hail the Gangs All Here'
sjdAsmeEuWg 1934 New York Harbor Partially Frozen Over
sk1zp6e9PlQ 1966 Chevy Impact Assembles Itself
skF-4s73yfA 1950s Gossip Woman Talks on Phone
skc1d30FHdM We Belong To The Future (1966) Part 2 of 5
skvda0SjbrM Fighter Jet Combat Aerials 34
slNdyS3sU_0 New York, Skyline, Night, Time-Lapse
snDMW_ChMr8 1950s Las Vegas Men and Women Gambling
snqQzj_5bO4 1940s Hollywood - Famous Landmarks, Motion Picture Industry and Nightlife
so5YgKDPL30 Modern Dance, Parisian Dancers
socHUy9-CUM 1930s Various Modes of Transportation
soqCfA1_a-o 1956 United Nations Dag Hammarskjöld
sq1wPcLx98Q CHICAGO, AERIALS, DUSK
sq2KTPmr5JI 1934 Young Inventor Attempts to Fly with Gliding Bicycle
sqFL39dxlvk Cartoon Classroom Cheering - Loop
sr8IxbhmHJE Teen Dance Waltz Gym Various Locations, Party Pooper
ssK5GsBURbY 1937 Paris Duke & Duchess of Windsor on Honeymoon
sspORdDY8BU 1980s Hollywood AIDS Gala Celebrities Elizabeth Taylor
stRqH9G6Zsc 1950s Building a Rocket Ship
stzl1a7wg8c 1920s Cars Drive Off Cliff
sv1ht-Z3TzQ High Rise Acrobat
svGlN3aM5X0 Brothers Exchange Pants
swt38pmlTfk 1903 Flatiron Building New York City
sx20AmhNJdk 1950s Family Reads TV Guide
sxWCE4PdvZ4 Beijing, China- Inside the Tibetan Buddhist Lama Temple
sxZTmIxt7fA 1920s Clara Bow Romance Love Kisses Hollywood
sxq-cdK0Rak 1923 Brooklyn, New York WWI Veteran Parade
sy4TG8lLB4o 1950s Mother and Child in See Thru Rowboat / Water Fun
syF8AdpVCg4 Big Press Printer Toy Commercial
syQqIB5fTcg 1930s Wildfires Sweep New England
sz2j0EXfz1o Crazy Car Stunts
sz3a1W-5fJE 1950s Ragu Spaghetti Sauce TV Commercial
szVs8wEBzYo Kellogg's Cocoa Krispies TV Commercial
szxcLmEHRsc 1935 Couple Riding an Aquaplane
t-25gnRg2DU Call The Play with Mel Allen (1950)
t0TYXFvG9w0 Winter Turns to Spring Animation
t0dt1ykglpc American Harvest (1951) Part 5 of 8
t0h36l_hsJk Beijing, China- Traffic on Fuchengmen Beidaji
t1-FkKytq2A Steel Man's Servant (1950) Part 3 of 8
t1FuEHvOJm0 Machines on The Farm
t22alvPNqyM Technicolor of Industrial Films (1949)
t2RWTNMKxEY 1960s Car Junkyard
t2fMqwX-E6U The Ski Look - 1960s Winter Fashion Film
t39dzRUPjWM 1956 Solar Powered Irrigation System (Silent)
t3CZjL6HLxM 1930s Emperor of Manchukuo Puyi Visits the T𔷚i-ji Temple
t3arG6UTyl4 1950s Malt Shop
t3cAaqvKXcU Pan Am: Wings to Japan Part 3 of 3
t40JwAxaFuM The Inevitable Day (1961) Part 3 of 6
t4cLPPDFydQ 1958 Ford Edsel - Promotional Film
t4sJOFZDDVw 1934 Lazaro Cardenas Inaugurated as the 45th Mexican President
t54xMnsuhmQ 1927 Sioux Native American Puts Headdress On President Coolidge
t5k-Z95EYHE How To Clean A House And Like It (1955) Part 2 of 3
t6CK8WC51J4 1940s U.S. Postman and Post Office
t6DPxIgYRWY 1968 Mexico City Tlatelolco Massacre
t7oXILwPiuI 1940s Jewish Newspaper
t8_JxotHRXE Explorers Shoot at Dinosaurs
t8ex8Dci_gw 1967 Paris Air Show
t8oBM_91h5A Woman Skips Rope High Above Street
t9Sk_FYy1Us 1950s Welford Students Leave School
tABZCHnC-yg Mysterious - Montage
tAhusHKvsvw 1960s Detroit Street Cleaner (Silent)
tCjpWRBzYNE 1956 Air France Launches in First Trip to Holland
tCxR6GAoRHA 1980s Halloween on New York City Streets
tDBD6lMlA5g 1940s Forest Hills Women's Tennis Alice Marble Vs. Helen Jacobs
tDVf9TOAcvI 1936 Zeppelin Hindenburg's Maiden Voyage to Brazil
tDuon8A0t7k \
tEeNkVCPPGs 1983 Indianapolis 500 - Shots of Indy Cars
tEjXrOZMzC4 1950s Pope Pius XII Address Italians (Silent)
tF2cXFpryYQ 1900s Immigrants Arrive at Ellis Island
tF5AzDplEJ4 1980s Brooklyn Jewish Neighborhood
tFYd0409F6k BOY BRINGS GROCERIES TO LADIES CAR 1950S
tGbrW_Ff26c 1950s Genesee Falls Rochester, NY
tHNqY033Jto 1960s Groovy Beach Dance Party
tHO_UzJaOwM Los Angeles, Airplanes Approaching, LAX Early Evening
tHaJ8a4doJk 1950s Fishing Boats in Harbor. Trains. Coke Trucks. Traffic
tHdVuXb-Euc 1970 Kent State Shooting
tHyIxk9lRHs 1902 Woman Applies Makeup (Silent)
tI-U_OY0zso Last Clear Chance (1959) Part 7 of 7
tI_J2jfAqf4 1940s Suburbia (Silent)
tJUt_iXBYbc 1945 2 Young Girls with Teddybear
tJaKtksFpOc Out of This World (1964) Part 3 of 3
tJcWfEO2H_o 1936 Summer Olympics Diving, Claudia Eckert
tJjk8TfxV1Y Spinning World
tLs7bZZpfn0 1935 Queens Withers Stake Rosemont Beats Omaha (Silent)
tLvhTn1B2No 1949 Truman Announces the Soviets Explode Their Own Atom Bomb Headlines (Silent)
tMR1hgsyPaE 1927 Broadway Ziegfeld Follies
tNmHwyPkX8Q Ancient Mayans
tO7HARPFGdI 1913 Secretary of the Navy Franklin D Roosevelt
tOE6cw2QHPM Skyline New York (1955) Part 1 of 6
tONFCcL3yY8 1945 Manhattan Night Time Neon Signs
tONSftBFlb4 dfgh
tOVTkgbogE0 1968 B-36 Bomber
tOaCf06rJmQ 1920s Bad Reactions
tOmTlHgarSI CHECKING OUT AT THE PAINT STORE 1940S
tP7HPA1nH-8 1940s Big Ten Indoor Track Meet UIC Vs UMICH
tPD4TYRMHnQ 1950s NATO Troops at Incirlik Air Base (Silent)
tPOg7JhFcRs 1950s Los Angeles Home Movies - Landmarks and Swimming Pool Activities
tPVhR4mp1us TRANSYLVANIA, ROMANIA, SNOWY MOUNTAINS
tPhWs-ClEmo 1956 Olympics Part 6 of 6
tQ49VW2h3Uo Orlane Makeup TV Commercial (Italian)
tRVNZ6unAug 1957 President Eisenhower Inauguration
tRZoUJhPgho Last Clear Chance (1959) Part 2 of 7
tRxqhT6XRl8 1940s ALCAN Highway Yukon, Alaska and Canada Activities Part 2 of 4
tSrCY0WKWgM 1900 Paris Exposition Universelle Palace of Electricity (Silent)
tSsndkEzKaE 1960s Modern Ballroom Dancing, Dancing
tT6v2buTMiw 1920s Bull Riding (Silent)
tTFDK2NWG44 1934 Santa Anita Park Open
tUR-ScujHC4 1950s Doctor's Office Examination of Patients ,X-Ray
tUcFjq8E-4o 1960s Super Sonic Plane Family Meal Served on Plane
tUjfTZW_f6w 1936 Dallas Bar 60 Cents an Hour
tVAzvwEnFoM 1940s Figure Skating
tVJ5EdACLls 1936 Winter Olympics Sonja Henie
tVhNqQskOt4 1940s Ferris Wheel (Silent)
tVoNdCrGG4c 1950s Rolligon Truck Rolls Over Man Odd
tWeddgt8pOw 1940s Train Robbery
tWeuLBhClU4 1930s Marseilles, Harbour, Church of ND De La Garde,
tWswjTl8Pxs 1920s Hollywood Mae Marsh
tXCjlAeu9iE 1952 Remains of Louis Braille Moved to Paris, Helen Keller
tY9MJtJyTVE 1960s Hippies, Drug Culture
tYBGTYyJfCU 1950s Military Personnel Talking to his Superior
tYLOy9qkjQ0 1940s Undergraduate Female Sports
tYPSVKaPuSI Land Of the Free (1940) Part 1 of 7
tYymHP-9ly8 1991 Victory Parade for U.S. Troops from Desert Storm
tZHkBsD5ewQ 1920s Birdhouse Contest
tZJxoM7yj9g 1950s NOAA Weather Balloon Test (Silent)
tZe2rEQJOho 1959 Senate Hearing of the Committee of Armed Forces on ICBM Production
tZzzNLRbClU 1950s Telephone Service Trucks. Military Radar. Rocket Launch
t_DHohR1u8g An Answer (1962) Part 5 of 7
t_Iml1ch7KI 1935 New York Max Baer and Joe Louis Train for Upcoming Bout
t__LkgYPrtk 1940s Teens in Malt Shop (Silent)
t_gOOLseuJ8 1940s Pretty Blonde Woman at wheel of Ford Auto
t_m-YNPtGz0 1920s Panama City
t_o4Xe45hp0 1950s Lights Turning On at Night
taMf6jrYL3w 1940s Baby Newborns in Hospital
tabKzGpW0Kw The Ballad of the Soup De Jeur Part 3 of 4
tajqF3z4l9k 1950s POV Film Within a Film in Schoolroom
tb-AFLmS5ow 1920s Odd Automobile Inventions
tbR4OpabeJk Another Time Another Place (1970s) Part 3 of 4
tblb-vK-EMY 1933 Bill Signed Ending Prohibition New Yorkers Celebrate in Night Clubs
tc-HM5_iwF0 CHICAGO, AERIAL, SAILBOATS DOCKED IN HARBOR
tcKTJ9ZX7kk 1960s Office Secretary at Computer
tcvGyitQPQ4 Businessmen, The American Communist
td1dGlXLCNM How To Play Golf with Johnny Farrell (1931) Part 2 of 2
tdyBWUAdVEw 1938 FDR Dedicates Gettysburg Memorial
tdzb-FuxIzE Newspaper Printing, Newsstands
teCCflKICZ0 Roulette, Slots, Dancing
teEjbOldOos 1940s Drive In Movie Theater Speaker
tfP1Ec93Oho 1937 Detroit Automobile Workers Hold a Sit In Strike
tfR7ig-fO-g 1935 Broadway Testimonial Dinner For Grace Moore
tfZ_JuYaRbo 1926 Snippet of Silent Film \
tf_HeteXa1A Conquer By The Clock (1942)
tgke-YktKx0 1930s Inuits in Alaska
tgnkgBGZVBk 1956 John Stevenson On Campaigning For President With His Father
tgxUeKZ78NY Spooks Run Wild Trailer (1941) Starring Bela Lugosi
thbniLjtlrI 1950s Cuba Man Lands And Gathers News Stories (Silent)
ti2LA8ZIoIQ Beijing, China- Subway
tjph2zukFJ8 Survival Under Atomic Attack (1951)
tkx1j5bUdHo Fighter Jet Combat Aerials 28
tlWnaaB4fA4 1950s Chevrolet Corvette, Buick, Cadillac - Promotional Film
tlZ1dvt3wWY 1950s People Going to Work
tleTydIPz_A Pony Express
tlk6ebfOkaI 1956 Epsom Derby Horse Race and Santa Maria Elks Rodeo
tnmGeBwXpxw Don't Shove (1919)
to6_tf7Zevo 1920s Hollywood Actors Around Hollywood and On Set (Silent)
toidjT9lCx0 1935 Atlantic City Miss America
tpEgxyDhv8E 1950s Children Help Their Father
tpGOt1s1YWI 1950s Scientist Observes and Notes the Monitor
tqUJ_z4VQUo 1956 James Dean Talks About Driving Too Fast
tqWAk2HTxJA 1930s Football Game
tsEA-lrzwvY Navy 'WAVE' Officer Reads Letter of Request
ttH_zjXkV8I MyFootage Compilation Reel
ttgD8fLfoDA Measure of a Man (1962) Part 4 of 6
ttuzor_EiR0 1940s 92nd Infantry Gets Personal Time To Themselves In Italy
tu97Avb6hdg Beijing, China- Buddhist Lama Temple
tuBPd4rk7Go 1940s Summer Heat Wave
tuEnRjePKuY 1949 San Pietro Rome Pope Pius XII
tvJs5KtfeVo 1910s WWI German Troops; Archduke Ferdinand; Live Battle Scenes
tw5ZIRov2Cc NEW YORK, MANHATTAN, DAY, AERIAL
twC9QTya1jo Family Driving in Chevrolet 1950s
twLCO-Sz7D0 1991 Macy's Thanksgiving Day Parade
twUkF4nrnnA 1960s Downy Fabric Softener TV Commercial
twhxBJiU4xg 1944 Soviets Invade Germany World War Two
twtbIowazu0 1920s Two Men Take a Drive To The City in a 1927 LaSalle
txCJC0bKXSc 1967 Da Nang and Tan Son Nhut Air Base
txKzAuagJSU 1950s War Hospital (Silent)
tyxb78oU9zU The Plow That Broke The Plains (1937) Part 5 of 6
u-MCxhd_3Bk India, Train POV Part 1 of 5
u-rL1MOJCcw 1930s Friendly Duck
u-sRJztWWuo 1950s President Herbert Hoover Meets Boys Club of America
u0HucXgf3as The Midnight Girl (1925)
u0io84_0YyY Little Girl Reads Comics
u0roRtPDlMw 1930s Hitchhikers and Train Hoppers
u1KXrOI5o2o Street Fair, Vendors, Food, Eating
u1oUjLtwG5U Women on the Phone
u1tPIoILMCQ Violent Cartoon
u2_vggoB9p0 1939 Women's Diving Olympic Trials
u32ENlho3GY The Word from Unity, Audrey Meadows
u3GDOp3XY_c 1920s Swimsuit Fashion
u3_SBNLGvMw 1932 Philly Athletics Training
u4HCQqAwjBE My Hometown (1947) Part 4 of 5
u4kWvlV_O2c 1940s High School Prom
u5G_bhw2sWI 1971 Chevy Cars Girl Surfboard Mod Display
u5huaXAgjKs 6th Chair (1950) Part 1 of 4
u6M6feB9yGQ 1936 Nova Scotia Moose River Cave-in Rescue
u6PS2iOT8pY 1950s Chicken Farming Broiler Raising
u6TwCr2WGPg The Moving Generation (1970) Part 8 of 9
u8pvzM8ahaQ 1935 FDR Jr Competes in Harvard-Yale Regatta
u9XaB-rd7Zs Shy Lovers
uArouGLUgJg Made in America Part 1 of 6 (1958)
uBn8kiE_DMQ 1920s Hollywood Greta Garbo
uCAvcAkeJK4 1957 New York Harbor MS Grisholm (Silent)
uCDsWQwjS-M 1970s New York -  Linda Lovelace Exits Theater
uD8lZiFvFgw 1967 White Convertible Mustang W/ Teen Girls / Parade
uDKeF0ab4WM 1957 Miss America Pageant (Silent)
uDTX1683Q0E 1967 Detroit Riots
uDUZqXk-wqM Brush Fire in Tasmania
uEFSbSvoSXM 1927 New York Yankees Babe Ruth's 27th Season
uEFmMpU5l70 1935 Burning and Smashing Gambling Machines
uEMIwsm51HQ 1950s High School Prom
uEXIVsCIfMA 1954 John F. Kennedy Rushed to Hospital For Emergency Surgery
uEe68zAT83w 1967 Oldsmobile Toronado Commercial 2
uF6QvVhYs3w Builders of the Broad Highway Part 3 of 4
uF8PBZfDm_Q 1972 Moral Issues
uFHj83Csj7s 1920s Slapstick - Famous Vintage Movie Slaps!
uFK3hez03Ww 1950s Scientists, Laboratory
uGmf_hxog5k 1950s United States Army Recruits Two Giant Men
uHf2u_0DrqQ 1966 Washington D.C. President Johnson Addresses the American Legion National Convention
uIN9xz0Ux-Q 1960s Businessman in Boardroom
uIVJytBx-g8 1960s Modern Dance in Kimono, Go-Go, Bikinis
uJYh4d5m0KY 1930s Thrilling Stunts
uJqyAgf8Sgg 1934 WPA Helping Theaters All Black Production of Macbeth
uK9_O1UQ5fk 1920s Women in Bathing Suits
uLFKwTny_fY 1950s Whirlpool Washing Machine Factory
uLGdaZ4kKok 1950s Costume Party with Drugs
uLbBRTpBVzo 1957 Admiral Radford and His Wife at His Retirement (Silent)
uLvtnA30a5Y 1935 Windshield Wiper Goggles
uM1_mPC-fvM 1950s Santa Claus in Store Window Laughing
uMVHhTbyMBw 1980s Gateway to New York
uMmBeYub6mo Sand and Flame (1939) Part 4 of 4
uNVOtqEA7nM 1960s Detroit Post Office (Silent)
uNaWpjHSiMw 1960s San Simeon
uNdNvgwZdtc 1935 Miss Miami Beach
uNoDMM8MB4E 1966 Let's Do the Twist a Scopitone
uOD8kH8m7Zc Gangster Slaps Woman
uOOnCDMRb7w 1945 WWII General Davis Inspects African American Troops in Belgium
uQ0Oay8lE2A Businessmen in Boardroom
uQ2WlSuVDIQ 1950s Farmers in Field Study Plants
uQ5qXEt-LoY Tom Thumb in \
uR1yNMqzQNw 1950s Dating Advice
uSblLEwkvXY Thrill Dish Soap TV Commercial
uTBxUOrVbKo 1936 New Years Eve Times Square (Original Audio)(Outtake) Part 3 of 3
uTK8YJjC6ow NEW YORK, MANHATTAN, DAY, AERIAL
uTKBoQUytHU 1941 Puppet Emperor Puyi of Manchuria
uTNPEoHhb0w 1970s Plymouth Fury Out On the Dunes
uU0meYlCl5w 1950s Washington D.C. President Eisenhower Places Wreath at Tomb of The Unknown Soldier
uXYhzQFIbmw Comically Long Car Gets Hit by Train
uXizboMeIlU Rolaids TV Commercial
uXo4-h3_WTM President Roosevelt Aging From 1932 - 1936
uXt6mkupDNg NYC Street Scene: Pedestrians, Real time and Slo-mo
uZ0AoDI3he8 1930s Santa Monica Message in a Bottle
uZTNTqHbHRA 1970s Anti-Drug Commercial
uZxFBfVMcaU 1963 2nd Armored Division Mobilized in Operation Big Lift
u_AdBknAAwc Various Chorus Lines
uaBPJ2KF9kM 1957 Aftermath of a Natural Disaster (Silent)
ubNMKt5Q5vA 1905 Tsar Nicholas II Arriving Bloody Sunday
ubr1xSQ5iJo 1935 Lawson Little Wins United States National Amateur Golf Final Championship Tournament
ucXqADX-TKQ 1970s  New York City: World Trade Center
udOJM7b0w9c Robot Musicians
udXE6nGD-iw 1950s SS United States World's Fastest Ocean Liner
ue0yPnbtDF4 Crazy Car Stunts
ueE6h49fK1M 1920s Hollywood Renee Adoree
ueKkCT9MaPo 1956 Olympics Part 5 of 6
uefxPevu3Mo Massachusetts (1947)  Part 2 of 2
uf6bdWI_fyk 1937 Leon Trotsky Arrives in Mexico City on The Hidalgo (Silent)
ufYVrDAqTfo Los Angeles, Downtown, Skyline, Sunset, Time-Lapse 12
ugAbUzeiuR0 1956 Street Basketball
ugYW90ZHRG8 1950s Colonial Grist Mill
ugmVcpM1iCo Sock Footage - Tilt Up Shot of Minneapolis, MN, Skyline, Sunset (4K)
uh4Gxk-qkls 1960s Home Design House Wife Part 2 of 7
uhAJQ9GddDg 1940s Rural Truck Deliveries and Lumber Hauling
uhIFylqgD2k 1940s Aircraft Workers on Assembly Line - USA (Silent)
uhRpaASp3BY Steel Man's Servant (1950) Part 7 of 8
uhw_Fp8GmHw 1950s Coffee Vending Machine in Action
uibNkntdvBk Pop Rings the Bell (1944) Part 3 of 5
uirSNKVaLjY 1940s Cooking and Appliance Demonstration
uiufaOEDlxA 1920s Slapstick Theater Fight
uiy9tffoMlc 1931 Bobby Jones Teaches Golf Lesson With Mechanical Golfer
uj4BeBoVYNo 1950s Line Printer
ukGR2qUJQ8Q 1970s Taste in Vans, Cars
ukIyOsqbEGg 1960 Rome Archbishop Geoffrey Fisher Visits the Vatican
ukS4veuY-kI Aluminum On the March (1956) Part 7 of 7
ukouve-1_WI 1920s Jetpack
umLjNxkr08k 1940 Philadelphia Air Observance Week (Silent)
umrv2cGHxEo CHICAGO, AERIAL, NIGHT
umu5Qcmk3ak Film Leader 29 Countdown
uoM89kNa7RA The Hawaiian Islands (1960) Part 2 of 3
upF5My6KJYY 1960s Guatemala 5 of 5
upW2g3IflEE Chicago: It's A Promise (1977) Part 2 of 7
uq5AOIgMP7A 1960s Girls Go-Go Dance on Boat With Radios
uq8G14rCVYA Auto-Mat
uql2WOyh1Ek 1950s Schools, Recess, Trampolines
uqyvsI6DWu8 Plane Flying Over Clouds Away from Sun
urGtXpnOUMA 1968 Chevrolet Assembly Line Car
urQdTu9MptM 1960s Malcolm X Discusses Self Defense and Gun Control
usWfFHLDY2U 1944 Soviet Red Army Recaptures and Liberates Ternopil (Russian) Part 1 of 2
ut-h9mlFO2E 1928 Firmament Stars
uu1cUHFTT50 1949 General Lucius Clay Delivers Retirement Speech to House of Representatives (Original Audio)
uu3niao1YRc 1930s Tom Mix Western Scenes
uuGef10pm_k Fontaine Fox in \
uuOXOD-4mzo 1938 Embassy Theatre Marquees
uuc26LqJgbU 1940s WWII United States Women's Naval Reserves Train as Medics
uuentHBH1PU 1956 Construction Equipment Builds Roads
uv8eSKA-Oxk Sylvania TV Seabreeze Cruise (1956) Part 1 of 8
uv9IiBk-IkI 1950s Civil Rights Protests End 'Separate But Equal' (Silent)
uw8IouxMaf4 1963 President Kennedy's Visit to West Berlin and \
uwAuoR_BPPs 1950s Flood Aftermath (Silent)
uwBmQq96DZc PAINT STORE 1940S
uwMEGoJpZJg 1954 Navy Tests New Flying Boat Convair R3Y Tradewind
uwSEJjvMzvY 1920s Hollywood Actor Reginald Denny
uwb3fyDLu34 1960s African-American Family Leaving Home in 'Sunday' Dress
uwnZxaYfHtk Patty Bird (1952) Part 2 of 3
uwv2to5a6H4 1800s Housewife in Kitchen, Mixing Ingredients at Table
uxntjHf8kZ8 Hospital Scene
uy4xHPQBzcs 1941 German Prisoners Sent from Desert to Australia
uyLHV90-irQ 1936 Spanish Civil War | Francisco Franco
uyMG-8teHyQ 1900s Glenn Curtiss Aviation Pioneer
uzEAQpAk7RU 1950s Stock Car Race
uzRVgYkqtpI 1928 Famous Hollywood Streets
uzjoeXd3Mas Golden Gate Empire (PT-2)
v-86niy-8Ak Tulips, Leaves, Nature
v-K-DY-N-Sk 1950s Women and a Kitchen Sink
v-MtiTVvjc0 NEW YORK, MANHATTAN, DAY, AERIALS
v028dRfgN-8 WINGS TO GERMANY, 1963 (B
v09zu3t9iqY 1940s New York City Window Washers
v0NOgQJL7Y4 PanAm Wings To Mexico and Central America (1958) Part 6 of 6
v0sRb6VyZy4 Philadelphia With Love (1972) Part 4 of 6
v15u2pPDOOE 1940s Mother Tucking in Her Baby
v1Q9jRjySb8 Great Day Hair Dye TV Commercial
v1Q_6ZobRtk To Each Other (1943) Part 6 of 8
v1WK9UHnlA8 1960s Family Living
v1Zyz1_mt7Q 1935 Pope Pius XI Commemorates 19th Centenary of Death of Jesus Christ
v2Lw5FEveQM Inventing Safety Glass (1959) Part 1 of 3
v2je44kvjEk BOY SELLS NEWSPAPER 1960S
v3gIIoILIKs Excited Cowboys
v3kbpAwMyRc 1930s House Party
v4R3RaQgAWU 1940 World's Fair New York
v4V7DKiAlac 1934 SS Morro Castle Tragedy
v4WgKaLI8VQ 1956 Chicago International Livestock Show
v4au7BbaBps NASA Lifesaving Satellite (1974)
v5daEKCQJNo 1940s Hand Holding Gleaming Silver Metal, Coffee Pot
v621l04N1QQ 1960s Water Skiing
v624bd4-wN4 Snippet from Vanity (1927) (Silent)
v6cTbjK6NbY Let's Sing Again (1936)
v6irR--vs7A Creepy, Foggy Forest
v6nQzVDuzqY Father and Daughters Applaud TV Program
v7m9igTAxGU 1941 United States of America Enters World War II
v7z-4nriSoM 1950s Drafting Table with Sketch
v84vqw5ynvU 1935 President Franklin Roosevelt Dedicates Hoover Dam to Former President
v8CODwPm3Ds Atomic Explosion, Mushroom Cloud, Long Shot
v8mEZUbiok0 1920s Radio Broadcasting
v9gJVb_qyJg Children at School
v9xnnNYVoIA 1950s Lawyers in Library Research Books
vA65VkPBAM0 1958 Washington D.C. Secretary of Defense Wilson Congratulates Dr. Wernher von Braun (Silent)
vA6h8nvXh3s Innovating the Railroad (1953) Part 6 of 6
vATPFeA8mOA 1960s Computer Punch Card Telephone Automation
vAlcDPg7MYg 1930s Family Talks About Winning the Lottery
vBHeQHydWeo Red Nightmare (1962) Part 1 of 9
vC2825TaVxA 1960s Parents Leave House with a Baby (Silent)
vCtbIO3oRcU 1948 Queen Wilhelmina of the Netherlands Abdicates (Silent)
vD1rhlqaP00 This is B'nai B'rith Part 1 of 6
vE0hInWd7ZE 1950s Three Men Get Into Car
vE7ZcentG5A 1950s Yankee Stadium and Other NYC Landmarks
vEGmOoJJ0BM Screenwriter
vELHUcFHjmg 1950s Woman Walks Along Street. Enters 'U.S. National' Bank
vEMeY0lZns0 Pirate Reacts Smiles
vFTMMK91Xeo 1950s Family Leaving Suburban Home, Loads up Car / Beach Fun
vFz7gNiDukY 1950s Clark Premium Gasoline TV Commercial
vG1iLAN2AWI 1934 La Cucaracha Song
vGYFmPcwtFQ Guglielmo Marconi Demonstrates Wireless Telegraph
vGxUmdFgJIQ 1950s POV Driving on Various Types of Roads Highways
vHeB4dwNn7Q 1945 World War II Battle Of Iwo Jima
vHv5w2F-Nc4 Men Working in Drafting Room
vIpblKLIi4E 1968 Hollywood It all Started in 1907 Beginning of Filmdom
vIuql_ie-x4 1940s Steel Workers Report for Work
vJNy6g6bXXs 1936 Dental Industry
vJO-i5wIUIQ 1900s London, Streets, Tramway, Picadilly, Hyde Park
vJO6gNpvxkw 1936 Father Divine
vJsJYtL9pxc 1960s Hand Moving Clock, Clock Optical Flying Over People Working
vKO7uf-5png 1951 Max Thornburg on British and American Interest in Middle Eastern Oil Part 2
vKORBF0R0aA 1950s Choir Men in Tuxedos Sing
vKSB20vP43s Chicago Aerial: Soldier Field and Shedd Aquarium
vKWYv2auURw 1968 Los Angeles Part 1
vKx3eWNQHbI 1980s New York City Photo Montage - Half Frame Test
vLBySaofz2Q 1956 Saint Nicholas Parade Amsterdam
vLItdMQPFFM 1960s Construction Workers Laying Brick (Silent)
vLVrlXxx9Rg CHICAGO, AERIAL, DUSK - SKYLINE PANNING SOUTH
vLWEs35VlwA 1950s Philadelphia Independence Hall
vLXxTqh50hE Rolaids TV Commercial
vMJwztkY0nQ Super Hooper Dyne Lizzies (1925) (Silent)
vN3PSOMMFpA The End
vO6lz3-221Q 1933 Easter: Women's Fashion Show In Coral Gables
vOza6VMSn8w 1950s Chicago Toy Convention
vP3e3ABZwlU 1917 San Francisco
vPN28FaUXrI Los Angeles, Downtown, Skyline, Sunset, Time-Lapse 4
vPOD8FrEVU0 Man Gets Into Car, Car Explodes
vPYieAr0O_Q The Case of the Hot Weather Blues
vPijxxsXQTw 1939 Poland : Soviet Army Invading Eastern Europe
vQ42_NwGIWs 1950s Guy Girl Relax in Hammock, Interrupted by Mother-In-Law; Guy Exasperated!
vQHzsiEThRs 1951 Chevrolet Styleline Stills (Silent)
vQX-aoXscik 1950s Woman Uses Handy Stove
vR96GzQHdC4 1960s Hippies in A Drum Circle
vRMyXQRk9Xc 1950s Airplane Repair Men At Work
vSTTcSgFNnw 1940s Discussion on Commerce and Advertising
vSlf-iyrIac comp4
vT3M9Jyvo7I How to Go Places - 1950s Family Travel Film
vTP9hZk0iBo American Harvest (1951) Part 3 of 8
vTt30EPG86A The Inevitable Day (1961) Part 4 of 6
vUBLqNDfcrA 1925 MGM Studio Tour Part 6 of 6 (Silent)
vUVQZ6TMSZs WOMAN LOOKING AT TV 1940S
vUazPs0ugEg 1950s Gas Station Attendant
vUqhFTRP61s 1940s Automobile Pulls Up and Parks (Silent)
vWOmKCK3zk8 1950s Canada Navy Helicopter Lifts Off from Ship
vWSBlcgAK-M 1950s Engineer Using Electronic Equipment
vX6Den2GQs0 1929 The Fearless Greggs Launch Themselves In Cars
vXM4T7umNnk Skyline New York (1955) Part 6 of 6
vXpdfXrTuDA Beijing, China- Afternoon Traffic on Chaoyangmen Daji
vYoVFQg9wvw 046001 030211
vYp0S69hrXo A Man Belongs On Earth (1974) Part 5 of 5
vZ0Qaoen8n0 New York, Soho
vZ0bbB2lt3g India, POV Train Part 3 of 5
vZ2-CMct3Zo 1920s Hollywood Streets and Landmarks (Silent)
vZGbogR-0jo 1960s Stunt Driving
v_o5MVCrMww 1936 Winter Olympics Hockey USA V. Germany
v_zElrIrN7c Puerto Rico, Sentry Box of Castillo San Filipe Del Morro
va3i5L-xlKM 1950s Woman Dreams of New Kitchen and Living Room
vaOe2Lsmfi4 1957 Anthony Anastasio \
vaVIPmSxEFs 1950s Family Breakfast
vacucs0kDko 1920s Man Dangles from Hot Air Balloon
vakQhJus5LE 1890s New York City
vaoBG-kFTz8 1940s Stainless Steel and Gun Production
vawerq74MjI Lyndon B. Johnson
vazJRC-yAyM Charlie Chaplin and Satchel of Money
vbfDKBclLsA Americana Shopping Clip 2
vcAsNeIQocc 1980s Drag Racing Starter Lights, Straight Run Drag Racing
veA8H-8pLLk 1968 Paris Students Protest Vietnam War
veNEunA7ek0 Luck of a Man (1930) Part 1 of 4
veZc56XmeKA PanAm Wings To Mexico and Central America (1958) Part 3 of 6
vedFPgyA6Do 1965 Gemini 5
vef3se7iYs4 1932 Hugh Gibson's Speech at the Conference For The Reduction And Limitation Of Armaments
vfJfuMPY3HA Truck Comes Toward Camera Around Curve Drivers in Truck, Truck Fast Corner Accelerator Pedal
vfRd9OOcOGE Triceratops Fights an Allosaurus
vfWvuQMkS2w Grover Whalen (1952) Part 3 of 3
vhaGxBbBDkk 1936 Philadelphia Fire Department Celebrates 200th Anniversary (Silent)
vhvT2vS8vKA Emotional Maturity (1952) Part 1 of 5
vi_efp7p_r8 Woman Curls Hair
vibV9v22hxw Made in America Part 4 of 6 (1958)
vlAcxvuH_XI Water Activities
vlfEkqRBz7M 1956 Susan Jane Poling Promotes Voting
vls-1Ow3eOM 1950s Church
vmKFP6ztBnw 1923 Ricardo Nelson Bend Iron Bars and Rip Telephone Books
vmPhLMAeH2A 1950s Scarlet Macaw
vmaXPcCsTvE 1935 Amelia Earhart Plugs New 48 Hrs Cross Country Flight Service
vmfnbbr_4NQ 1950s Jimmy Hoffa and his Lawyer, Edward Bennett Williams, Entering the Courthouse (Silent)
vn43kqzRrHA 1940s House Fire (Silent)
vn7jbaH2M5s 1950s Republic F 84 Thunderjets Taking Off (Silent)
vnFUeKkApyE 1930s Metro-Goldwyn-Mayer Studios
vnhYslI5Om0 1967 President Johnson Shaking Hands
vojTC9lgWqI MODERN INDUSTRY IN THE CITY 1960
vpC2FBUZ_D8 NEW YORK, MANHATTAN, DAY, AERIAL
vpTDeMlYP_E 1950s Martin Luther King Jr. On the Phone After an Attempted Break-In (Silent)
vpkCFX2lmBo 1936 Sports. Rome - Steeplechase Horse Racing Jumping Over Camera
vqZQ3z-QdUI Faro Nell (Old Californy) (1929) Part 1 of 4
vrBjsTdu8-w 1950s DEA Drug Bust (Silent)
vs9Lk0dOXIM 1950s People Window Shopping in Outlet Centers
vsGkquOkm8w 1940s Ford Automobile Assembly Display Sequence
vsRKXVZ5Fhc 1920s Ladies Fashion
vsfqLgvjeIM 1935 Brazil World's Largest Crane
vt4H7-uqsT4 What About Prejudice?
vt8QVBWrAXs Kids on Weird Playground. Soft Serve Ice Cream
vuAf9YlaSYs 1940 Ticker Tape Parade for Presidential Nominees Wendell Willkie and President Roosevelt
vv867U0xb9w 1930s Women Fashion Hat and Mink
vvZ-7VQ3Bho 1960s Family Watches Television
vvy6QFr9KBM 1960s Freedom Award Ceremony
vwRzWWpStWU 1940s High School Gym Class Exercise
vwk5h3267Do 1937 Midwesterners Move to Alaska
vwqepvmuQLM 1960s Bermuda College Week (Part Two)
vx6nDGZHtlM 1957 Birthday Party for Senator Theodore Green
vxOyFWpRQck 1950s Kabuki Theater Japanese Costumes
vxabcl5yo5E The Moving Generation (1970) Part 1 of 9
vxbsdsMSQM4 Plan Flying Towards Sun - Vapor Trails
vy_DgTZlFYo 1937 Flint Auto Workers Sit Down Strike
vya3iMLxnTA 1940s Sleep (Silent)
vzDgkUF-LBI Chemical Tomb (1969) Part 5 of 5
vzUldqfaNCk 1944 Badgett Quadruplets Celebrate 5th Birthday With Army Service Men
vzXNG5HbwjQ 1960s Timothy Leary
vzjyZL9GMWc 1940s Business People
vzwKGfgyLAQ It Takes Two To Make a Champ (1938) Part 4 of 4
w-4aiAQg0-0 1980s Pan Am Jet Landing on Runway and Taking Off
w-l5DmCgDmE Asbury Park Beach, Summer, Volleyball
w-poqAsoFDo 1930s Ethiopia King Haile Selassie
w0BNf2xUlpE 1975 Budweiser Beer Commercial
w11sjtCBfUw 1960s Frisbee and Hula Hoop TV Commercial
w13uGPJjMhE 1920s D.W. Griffith Receives Recognition for War Bonds Work
w2K3hnqBpaY 1960s Hippies, Party, Draft Card Burning
w3SUEHKW5FM 1950s Man Hitchhikes Along Highway
w53P7C1IZdg 1936 Democratic National Convention: Franklin D. Roosevelt Is Nominated for President
w5H60IjnDbE 1950s Electronic Manufacturing . Parts Assembly Packaging/ Air Delivery
w5xQXYUkRoo 1950s Deer Feeding in The Forests of Yucatan
w6aIHF8GUMI 1956 Car Accident Car on Fire Firemen to Rescue
w6d1tUDLeAo Chicago Aerial: Shedd Aquarium and Harbor
w79EZsF7lmA 1927 Charles Lindbergh. Spirit of St. Louis. Crowds / Person Plane
w7I4Pu9ZKks 1930s Automobiles and Fashion
w7ORyr7QTHI 1934 President Roosevelt Arrives and Speaks Rally in Portland, Oregon (Silent)
w7b7yMIEguw 1940s Theater Snipes
w8IQZh5NfSg 1957 V. K. Krishna Menon India's Minister of Defense (Silent)
w8KolwdSvDw 1950s Adlai E Stevenson Rebukes John Foster Dulles Stance on China
w9-VsEpbwF0 Antarctica Exploration, Experiments
w93p4iFJpaY 1940s Russian Marshals During World War II
wBz4zAni8dE 1950s New York City 'Fathers of The Year' Ceremony
wCmE5D-YDK0 1910s Man Breaks Down Door Falls Into Bathtub
wD19TUWABTs Western Bell Telephone TV Commercial
wD5qQNyW8sY Pontiac Engine, Car Parts
wD6LJitaK18 Operation Pastorius (1942)
wD9VIcz51Ag 1970s Maxwell Coffee Commercial 1
wDCUB2pBU7E 1950s Videophone or Telephone TV
wDNoc18Oxvc 1946 Military Parade in Paris
wDPjITZBt0I Bill Cosby in Aesop's Fables
wDadOC2aSiI 1941 World War II U.S. Trains Aerial Forces
wDjfdNQvpTI 1966 Wollensak 5280 5300 Stereo Reel-to-Reel Tape Recorder - TV Commercial
wEcLj1oWrO8 Man Dives Off Bridge
wFQH1VD2fCE 1930s Mobster Dutch Schultz Has Day in Court
wFn8DeyMCCM NEW YORK, MANHATTAN, DAY, AERIAL
wFo_nOgSCbY 1905 Waterloo Police Pull Over Carriage on Bikes
wFqQTm4Mo-I 1950 Empire State Building Riggers Install Mirror (Silent)
wGAYfgDy_uQ Vietnam Bombing Part 1 of 2
wGaqNb4y3eU 1930s Automobiles Women Driving
wGfpS7xDHqc 1970s Governor Ronald Reagan in Hollywood (Italian)
wGrX0gCEYPw 1927 Dr. Herbert Ives Seen Testing the Early Television
wGxwpLvh2rM Woman Rudely Awoken, Slaps Man
wH6aCxSkbZ8 1950s Kingston Cold War Missile Control Center
wHBbkB8KR-8 1950s Prison Van Enters Russian Zone (Silent)
wHiTxEGdFNQ RCA Victor Prompter Tape Cartridge Tape Recorder TV Commercial
wHqq8rvFk70 IN OTHER LANDS, ITALY, 1920s
wHqtkRcwGbk 1980s Peaceful Anti-Communist Protests
wHvYhHMEFEM 1921 William Jennings Bryan 3x Presidential Candidate
wIJX4h3iWws 1930 Epsom Downs Derby Aga Khan's Horse Blenheim Wins!
wIQF5esoU6M Keep Off The Grass (1970) Part 5 of 6
wJ0ltlRh6v4 1950s Telephone Technicians. People on Telephones / Gossip Rumor
wJD2aPddcJA Massachusetts (1947) Part 1 of 2
wJMBfqOoE4w 1960s Gimpo Rhee Syngman (Silent)
wJPBt7kTbDQ 1930s Paris Horse Race President Albert Lebrun & Sultan of Morocco on Terrace
wJuidSnOsZ8 1950s Suburban Family in the Morning
wKJxRxCUWn0 Bluebeard Trailer (1944) Starring John Carradine
wL27fAudhig 1910s Charlie Chaplin
wLNjLLwpdtk Plane Flies Around World
wLQLspC8jUQ 1930s Man Scales Column
wM3Nq2Y0BZA Great God Gold (1935) Part 3 of 3
wMq0JDMwpMA 1963 President Johnson in the Oval Office
wMsAvFk0fs0 1950s Dial Dry Powder TV Commercial
wNDX85aAfDM 1938 King George VI and Queen Mother Elizabeth Return To London (Silent)
wNL7vBfAhbE 1940s Snowblower Clears Snow from Road
wNWaWpIkWhE 1950s Drug Peddler Gets Arrested
wNf9BPTjvYo Voyager 2 Trajectories 1 and 2 (Silent)
wO24PPbA7jk Redesigning the Monitor Part 4 of 4
wOcVD4kwNs0 The Fight For the Sky (1940s)
wOkhMEFdCHk 1927 Troop of Girl Scouts Model Hats
wPevFAsNuaM 1940s Discrimination in Society
wQTFOSjXAyM Terrorist Youth Training
wQaMHJhPxyU Waves of the Atlantic Ocean
wRT6l5IgyWk American Railroads (1958) Part 1 of 5
wRyoGGNZqfI Three Mile Island
wSJbvJeAzNM 1950s Young Boy Playing Checkers W/ Grandmother
wSmAONMkhvs 1956 Aerial of Bridges
wTWPAdT0o8w 1950s Pope Hold Mass
wU-k5x6jw64 The Universe And Other Things Part 3 of 6
wUKypnxyUsQ 1900s Automobile Out of Control
wV152dn_iJc 1950s Coca-Cola TV Advertisement
wVbbVEwT9gM Mother Works with Sewing Patterns
wVfhWhqTf14 Wacky Human Ball Act
wVo6EXYYk6Y 1930s Fish Shaped Submarine
wW5ksROhW7U 1960s College Campus
wWE2SyKVqaw 1935 Factory Strikes
wWiuS3x8ewM 1941 Cadets Training at West Point
wWrn_VoxSgA 1960s Berkley Students Protesting
wXFz-d2PxeI 1930s NYC Roxy Theatre Christmas Show
wXWtVUL7M5Y History of the Motion Picture (1956) Part 2 of 5
wXZBsNKVM2w Football - Soccer
wXmv58tG-5s 1935 Broadway Opening Night of\
wYVt_g8j6IE Another Time Another Place (1970s) Part 2 of 4
wYkZJZl-Bac 1936 Birmingham The New Deal Goes into Effect
wZ2QOwC6UKs 1970s Women in The Air Force PSA
wZVGdzbJ58c 1970s Environmental Protests I Want To Live Clean Air
wZbM5cqeyDw A Car for Every Purse and Purpose (1920s) - General Motors Promotional Film
wZivyeRe56A 1960 Bakersfield Train Crash Site Debris (Silent)
wZlaDzXO6eU 1940s Women's Fashion
wa-DdRFQSv4 1960s Regal Crown Sour Fruits TV Commercial
wa25b3H1QpQ 1941 Churchill Delivers Speech to Congress Regarding the Declaration of War by Japan
waCq8WZ326Q 1949 Golden Gloves Amateur Boxing Championship (Silent)
waJ5-p_iWdI 1950s TV Commercials: Band-Aid; RAID; Tide
wacGddI5oRs 1937 Mussolini Makes An Appearance in Rome
wagPqoLSJw8 1890s Celebrities
wajkf8WihYs 1950s Dune Buggies Ride Through Sand Hills
wasfoQbkGTA 1942 Battle in Atlantic World War Two
wbm7Ys5l_34 1903 New York City Fish Market Lower East Side
wbu1qf7Lk8g 1960s Fidel Castro Giving Speech
wbu28aAqRYk Beijing, China- Portrait of Chairman Mao
wcBlJcj4MzY 1900s Couple Dancing
wcKgUL7vcPQ Animated Diagrams: The Human Eye
wctvodfR1ec 1950s Farming, Gardening
wdX6TnFz3-4 1950s Suburban Backyard; Boy Jumps Off Diving Board Into Swimming Pool
weN_E76uS8Q CHICAGO, AERIAL, DUSK
wez6E3ck3y4 1970s Hippies Dancing and Playing Bongos at a Festival
wfl4I39i0BY Fashionable Hats
wfnWJvLd5pM The Government of Japan (1945) Part 2 of 2
wgIYdHjlx8w New York City Past, Present, and Future (1937)
wgKwcNXJ-v8 1960s Governor William Stratton of Illinois
wgUneNpSlWg 1940s Italian Fashion
wghJkB10AjY Cotton, Dixie's Greatest Crop Part 1 of 2 (1920) (Silent)
wgwiDj7upSI Fat Man Gets Run Over By Crowd
wh-EV7U5028 CHICAGO, AERIAL
whPb8h96G04 1960s Vegas Showgirls
whRzseltCBY 1958 Fatal Car Crash at Cuban Grand Prix
whqiYg1z7RM 1940s Woman Enjoying Her Air Conditioning
whxhLjDzTdE 1923 T-1 Martin Bomber Converted Passenger Plane Test Run
wioNbL6hiDs 1960s Apollo I Review and Redesign
wjgTqq-4KIM SIGHISOARA, TRANSYLVANIA, ROMANIA
wjh6bANjhVk 1900s Metal Plate on Top of Mans Head Broken W/ Hammer
wjpPxypub6c 1920s Hollywood Actor Lew Cody
wkD2fM-GbHY 1910s Silent Film Actors
wkGri6e0tQk 1962 French President De Gaulle Visits Germany with Hopes of Diplomacy
wklMFmYiX8k 1935 Hollywood Jimmy Durante in a Beauty Parlor
wkwH4gOmO5o 1950s Breakfast Foods
wkyq2VspkLo Film Countdown
wlwcbdwSXE4 1971 Cheyenne Chevrolet New Pick up Truck Driving on Highway
wmAnbGrQct8 1930 Hollywood Famous Landmarks, Motion Picture Industry and Nightlife
wn4n2GYXDLw 1931 Harmsworth Cup (Silent)
wnWSQCC6bAA 1950s Modern Product Packaging and Marketing
wndObHk7NY4 1930s Couple Kissing At Wedding, Time Passes
wnpaDMO3rRg 1950s Colonial Horseshoer Makes Horseshoe
woTpGxiFb18 1950s Standing in Line, Concert Goers
wpXiDUCOnL4 Don't Take A Chance (1966) Part 6 of 7
wpvAw6uCjps 1960s Hippies, Cape Code Psychedelic Paint-In
wqiu9dF0LSM The Ballad of the Soup De Jeur Part 4 of 4
wqwB_cgFB2w 1940s Soldiers Run to Motorcycles
wrUo48RZSGI Spanish Village Setting. Church Bell Dead Body Fed to Shark.
wruQDOh1HXk Caveman Football
wrxvdiFIIYo 1950 Progression of Manufacturing Tech
wtPOcjZ2Oyc 1920s, 1930s, Inventors, Scientists, Inventions
wtuRG_7UYzU 1950s American Landscape, Tracking Shot Of Trees
wuGfRbGZ4ec 1950s Executives Gather Around New Design of Cars
wucyw3La9Qk Follow Thru: 1920s Golf Part 2 of 2
wuvJ0CJClWY 1950s Assorted Fabric
wuz2uGC-H4s 1957 South Korea President Rhee Syngman Waves to Crowd (Silent)
wv2Ghyycw30 Groovy Woman Smells Cleaning Liquid - Loop
wv2HzFmMF-E 1960s Hippies, Cape Cod Paint-In
wvGhVcounsE World War One: Pre-War Germany
wvSELsso2C0 1947 Ayn Rand HUAC Testimony (Outtake)
wwW42V0madg 1950s Children Served Vegetables
wxApdFcbMU4 1950s Colorful New Cars Transported by Highway, by Train / Automobiles
wxOTWW95C4s New Jersey (1957) Part 3 of 7
wyQUm2AQP9w 1960s Rutgers Fraternity Initiations and Stunts
wytTcSrNWNs 1950s Boy Works on Soapbox Derby Car in Driveway
wzr1cZKlrxU Car Design (1950s) Part 1 of 2
x-MvLmB8f_Y 1940s Men Walking on a Street
x0HQXbHyWhg 1940s England Parachute Regiment Memorial Ceremony (Silent)
x3AJfe9zoqM 1950s Woman in Bed. Reading Magazine Answers Telephone
x3owMQxM8uc 1935 Mussolini Reviews Military Parade in Rome
x4Mw3vSmqWA Chariot Racing from a Film
x4TuP0qIvwU 1950s Modern Office Building, Lobby, W/ Grand Staircase
x58rhkm8FDo Vintage Cars
x6T23ghzGVs 1950s Making Dolls on a Production Line
x6ayg_MUD2Q 1930s Switchboard Operator Gets Sassy
x77gFvZCdrw Age 13 (1955) Part 6 of 6
x7vqCagwPyo 1910s Women's Fashions
x83ZSlop9i8 Family Watching TV
x8Y4MntEvPI 1930s Electricity, Sparks, Tesla Coils
x9CwqfAM5Nw 1968 Red Chevrolet Camaro Open Road
x9hH-bVkFbE The Moving Generation (1970) Part 4 of 9
x9uVfXR9isQ 1941 NYC World Heavyweight Championship : Joe Louis vs Billy Conn
x9zbSui_OpM 1961 JFK and Jackie Meet With French President Charles de Gaulle
xA4yR8nX9lc 1969 Eisenhower Funeral
xAM9CvEoCCo 1904 St. Louis Democratic Convention Women Delegates
xA_KngqFPuI 1920s Man Sits on Flagpole on Top of a Mid-Air Airplane (Silent)
xAdlyYSa2lA 1930s African American Poverty in the South
xAll04NYTgw 1923 Emile Coue Pop Psychologist
xBThqwxF0Z0 1950s Edward R. Murrow on National Security and the Rights of Individuals
xBXktCmQNdQ 1960s TV Program Interrupted by News Bulletin
xC4MEH-M_1U 1920s Lillian Boyer Does Stunts On Plane Wings
xCV8f0GC3q4 The Indian Runner's Romance (1909) (Silent)
xChE5r95ox0 1955 Ford Thunderbird - Promotional Film (Silent)
xDRjl3XhwaI 1910s World War One  Funeral of Archduke Ferdinand; Russian Troops Marching and Captured
xEze-ohX9Ok 1950s School Girl Rips Down Poster
xFEhAPmOY64 Mike Makes His Mark (1952) Part 5 of 6
xFIjclTIHww The Population Problem: Gift of Choice (1965) Part 7 of 7
xH2InaLK2IQ 1941 Soviet Students and Women Replace Men in Factories
xH6HC-QyMEw 1960s Supermodel Twiggy Interview
xHbHYwfuQPc 1950s Westminster Abbey Buckingham Palace
xIX4EHqbhQs 1934 Death of Baby Face Nelson
xI_pYb9Iak4 1950s Cop Orders Glass of Milk in Malt Shop
xJ_VeEGSI7E Man Blows Into Slapping Machine, Odd Invention
xJcW2r2r8wU 1950s Dating
xK48sURyDjY Snippet from Reaching for the Moon (1930) (Silent)
xKLYovXeJls Balloon Land or The Pincushion Man (1935)
xL3uNXQcmuc 1950s Lincoln Fields Chicago Horse Racing
xLNJo4TF3Bg 1902 NYC Construction of a Skyscraper
xLWr3eXwr3s Straight Crook (1921)
xMAZRo15Ybg Chicago, Aerial, Night - Skyline Looking North, One Museum Park
xMCiN4HikYk 1950 Assassination Attempt on President Truman in Congress
xMipBlSnEik Information Operators
xN54koOb0Do 1920s Man Kisses Woman, Gets Slapped
xOCqe2c9SOs 1963 Miss America: Miss Ohio Crowned Miss America
xOP_wO476zk American Railroads (1958) Part 3 of 5
xOp3SmlNmJk 1950s Space Patrol by Radio Beam
xP4crH08n8s OSCILLATING FAN 1940S
xQDd5eDO4Q0 1940s Ford Woman Driving
xQMtoShzLzI 1930s Glass Industry
xQT4YeB3alg The Universe And Other Things Part 5 of 6
xQVgWvrYACQ Children's Fantasies (1956) Part 2 of 5
xQuMNgx9QbQ 1950 Lebanon Family Smoking Hookah (Silent)
xRa9YJRIxqs 1930s Family Sitting In The Living Room
xSIMLfFcmYo 1931 Edward Earle and Billie Burke Fundraiser
xSKMPP1xqps 1950s Jet Fighters
xTIlFx8NDPU Beijing China- Dong Changan Jie
xTLJYFv6OZQ 1950s Workers Install Pipeline
xUhnpqyHmFI 1940s Mother Teaches Her Daughter About Sexual Education
xVKAAEFIjmE 1936 Summer Fashions
xVga_B-g-S4 Chicago: It's A Promise (1977) Part 5 of 7
xVtsilwgISQ 1980s Smith- Corona PWP 6 Portable Word Processor TV Commercial
xWNMHdIhjN8 1917 Russian Revolution
xWpC8DryyWk Graduation Ceremony
xXAgVWZsfIk 1950s Family Driving in Car
xXXzUNqWo2c 1969 Stokely Carmichael Speech
xXZcXTmVUPA TV Commercial: Dancing Magilla Gorilla
xXbktlgIpHU Surface of the Sun
xY9nwhsXCaA 1960s Animation of the Evolution of Life
xYRWT1-7NgM Boys are Late for School
xYj7IBAAyUE 1950s Men Remove Golf Clubs from Convertible Car / Recreation
xYq5NmJe0w8 Fighter Jet Combat Aerials 52
xZ7P0PPaG4Q 1971 Chevy Cheyenne for Pick Up Trucks by
xZLXd19xLMk 1950s Boy Playing with an Irish Setter
xZR0KrH3yrg 1950s New York Stock Exchange
x_1j0-WXBaA 1936 New Years Eve Times Square (Original Audio)(Outtake) Part 2 of 3
x_ChmUP0NWk 1950s Donkey Ears
x_FdGqn_rrk 1950s Sex Education, Reproductive Organs
x_asl9h4xkI 1960s Marching Band in Parade (Silent)
x_ij1Qnoav4 1945 Japan Surrenders to General McArthur End of World War II Celebration
xaNAEH8B8gQ 1930s Man Plays Giant Upright Bass
xaikVkWAxyk At This Moment (1954) Part 7 of 14
xbNBZF8IWLk 1970s Hippies Protest Outside White House
xbOl84xwf9c 1940s Woman Washing Clothes By Hand (Silent)
xbn_Q1mc7XM Baby Birth
xc2f_efVE98 1930s Movie Premiere - Box Office, Theater, Crowd
xckRpMXGlfs Great God Gold (1935) Part 1 of 3
xdieMqrowj0 The Plow That Broke The Plains (1937) Part 6 of 6
xdqpWE0UGAA Back of the Mike (1939) Part 1 of 2
xdy14POh6LQ 1958 Artistic Process for The Design of Chevrolet Cars: Clay Models and Measurements
xe24dyi_eR4 River of Doubt (1913) (Silent) Part 7 of 8
xe83OVgW6DQ New Horizons (1948) Part 4 of 5
xegP8ONyZss 1960s Car Manufacturing
xeiGpxDfKKc 1935 New York City First Low Income Municipal Housing
xf5zE2W2zGQ 1950s Mother Serves Ice Cream Cones to Children
xg9S9h9N2GI Opera Singer - The Fat Lady Sings
xgGPu65RPNo 1930 Eleanor Holm Sets Backstroke Record
xg_RcrHibdg 1940s WWII Commander Meeting
xiIBP_nn2Bk 1950s Various Experimental Fighters
xieUJmzpWoY CAT REACTS  3
xih-q_KbDRI 1950s Argentinian President Aramburu Disembarks From a Ship (Silent)
xiwT7y2Ndfc 1950s Cattle Grazing in a Field
xj9Fp70sGCQ 1940 World's Fair New York World of Tomorrow Glamour
xjcImwoXqG0 1970s Los Angeles Highlights Spot the Celebrities!
xk1mAgYE1BA Film Countdown
xkGEkRX96xc 1950s Korea: American Troops Firing Twin Barreled Anti Aircraft Gun (Silent)
xl8MwCrJn-k 1960s Office Building
xlEVy9Na3Iw 1950s Gas Company Works on Gas Line
xlFP6kF_fGk 1960s U.S. Marines Deport for South Vietnam
xlHV4tebhrE 1962 Magician Convention
xlIolZE5JaA 1950s Fresh Water from the Sea
xnk71Z28-Vo 1960s Man Gives Checkered Flag/Race
xnrMupReKEM Chemical Tomb (1969) Part 4 of 5
xoFayPOx6DU 1931 Freight Train Derails Killing Four Men and $1,000,000 in Livestock
xoZyVXwR6QE The Great Depression, Homeless
xpPVw-N-Yac 1941 Ford Used Cars Promotional Film
xpP_ACZ24Xs 1950s People Working on Round Items: Pies, Engine Caps, Tables
xpWr2gaJqGE Clear Track Ahead (1946)
xpaOtFHlkxI 1930s Various Models of Automobiles on Roadways
xpfvu2dudjY 1936 Hollywood Actor Kent Taylor Signs Autographs (Silent)
xpw55DPkbTs FAMILY SAYING GRACE 1940S
xqXGGw5d490 1937 Butt Kicking Machine
xqn8TRmtofQ 1950s Personna Razor Blades TV Commercial
xqrRSaMG_wI 1935 Arlington Classic Omaha Wins
xqslXbGnExc 1934 University of Northwestern Ohio Women's Football Team
xrvr00YEcQU 1950s Mens Fashion
xs08CqSuBuI 1965 The Flight of the Phoenix Fatal Airplane Stunt Crash
xsRrJRhQvnc 1950s Couples Smokes
xszds7KhQBg The Story of Television (1950) Part 1 of 3
xt9Ow1_pYmc Fighter Jet Combat Aerials 26-28
xtNjKeeNMnc 1990s Vans Sitting in Lot
xu3R8yeFmVE 1941 Nazi Germany Begins Bombing England (The Blitz)
xuPIg9HB7xE 1930s Students in Classroom Take Hearing Test; Audiometer
xufLUdY4auA Measure of a Man (1962) Part 2 of 6
xufnA4-IpL4 1950s Man Checks Soil Dirt, Harvest, Farming
xugkh3EZTQw 1950s W.F. and John Barnes Company Working on Tele-therapy Technology
xupOvIThCcU 1950s Levittown, PA - Various Shots
xvFgt2nHrEQ The Population Problem: Gift of Choice (1965) Part 1 of 7
xv_gI-WH3_s The Number One Team (1967) Part 3 of 3
xvoTBQ3Gpc0 1940 New York World's Fair  'Tomorrow Town' Trains Progress on Wheels
xvuNHl6uaPs 1930s Women Shopping: Department and Grocery Store
xw9-AHplcd4 Man Drives Magnet Powered Car
xw_kc2iKKXA Bringing Up Baby By Push Button
xyj0gdX_ZIM 1930s Men Use Mueller Exercise Belt
xz2IR-tInbE 1970s American Airlines Commercial
xzW8TyBg3f8 1935 Puyi Pays Visit to Emperor Shōwa in Tokyo
xzWlUbqocT8 Toothless Old Man Laughing / Reaction Gags
xzhtbwt2jqk 1942 Fort Worth Craig Wood and Betty Hicks Win U.S. National Crowns
y-bLWfj0HS8 Screamtacular Demo
y-fHlIAWvaA 1950s Housewife with Maid Selecting Gown
y-v9H_DMJSw 1962 America's Cup
y04TizX8Mrg 1973 Mercury Marquis Brougham
y1N3z_7iDMY 1943 Walt Disney Studios in California (Silent) (Outtake)
y1t6Ga3KqyU 1965 Ford Mustang Fastback 5-Speed - TV Ad
y2qcqXDr_24 1960s Knobs. Buttons. Dials. Meters. Spectrograph
y2zl2lzW8vA 1950s Prepackaged Foods
y41BqMtMeqk Chain Reaction (1958) Part 3 of 6
y4OMbT-uIto 1946 Despotism |  Restricted Respect & Concentrated Power
y4YGFURql30 Fighter Jet Combat Aerials 33
y4ZAMQ_zhiU 1950s American Flag Waving in the Wind
y4s-4DfqQHQ 1959 Project Mercury Astronauts in Zero Gravity Weightless Training
y76ZM0ib_hY 1930s Los Angeles Rodeo
y7nammAoNY4 1960s Las Vegas Night
y8fIGO6P7pc 1939 Modern Bubble House on The Hills
y8kA1BAVPrA 1928 Autogiro Aircraft Flies Over the English Channel
y94WuPnJimQ Tokyo, Cherry Blossoms Tree at Chidorigafuchi Green Way
y9TXY3IbOvo New York, Apartment Building
y9sGWnPPkIY 1956 London Laszlo Tabori Becomes the Third Man to Run a Four Minute Mile
y9t5Ij38aWY 1950s Woman Buys Jewelry
yA97DuIP4HA 1919 NYC Governor Al Smith
yAVQSEJPn10 Putting Color In Our Lives (1953)
yAYXE-xrBN4 Lucky Junior (1948) Part 1 of 3
yAx6UH42y7A 1950 Marilyn Monroe Commercial
yBAd40mml8w 1950s Woman Loading Film Into Projector. Lights out / Presenting
yBDlb7mcRVY Movie Theater Intermission Cartoon
yCEQ-ybRtOw Perv Gets Slapped
yCEQW16uqo0 1924 Hawaii Active Volcano Kilauea
yDRvq45UxvQ 1950s Children Preparing For Their Future
yDbLC1Cjpek 1960s RCA Victor Wireless Wizard Remote Control TV Commercial
yDf8gJTzm4A 1962 Mexico President Kennedy Visit
yDmVy3VoFN4 1949 Canadian Weightlifting Competition (Silent)
yDwslc0uZYQ 1950s Woman Looks at Campaign Posters
yE3oY9eNsWk 1950s Kitchen. Mom Serves Ice Cream to Excited Kids / Family
yE6lkf0rMCU 1960s Pontiac Commercial
yEJ3BiwdJ0I 1900s New York City (Silent)
yENh-f6XdxM 1930s Men's Swim Practice
yFTc9aoDMFs 1960 Pontiac Promotional Film - New Models and Options
yGCShhbY6Tg 1950s Kennedy Brothers Meet to Plan for JFK's 1960 Presidential Campaign
yH0VcHTUmkU 1960s Film Regarding The Population Problem
yHAE2OQZlm0 Improving Posture (1949) Part 3 of 3
yHDxD-0VPs8 Windy Spring Animation
yHGETZ8Kfbo 1960s Airport Signalman
yHHyzRqLJXA 1950s Bowling Alley Sports Pins
yHpccDS_sfE 1917 - 1948 General John J. Pershing
yI9ksofpXs0 Puerto Rico, Small Cemetery near Arecibo
yIeAQNnx1Yw 1930s Ted Fio Rito Performs
yInuF38pZew 1900s Spanish Festival Street Scenes / Celebration
yJOOe4huKNA 1929 Stock Market Collapse
yJVUAQZrs0c Cobra Shoe Polish TV Commercial (Spanish)
yJdAcYdwMoU Beijing, China- Fountain Display and Laser Show
yK1k6o3iNbw Sulfrin Shampoo TV Commercial (German)
yKJvKE0pDtY 1969 President Nixon's Inauguration
yKYk_fVhw6M 1970s Women Being Vaccinated
yKceK38sW58 1950s New York City Skyline at Night
yKgIXZpWSdc Little Girl Loves Pudding - Loop
yKgNsNRR7io 1950s Jitterbug on Glass Over Camera on Beach
yLVf7s4S44Y The Home Ball Team (Silent Short)
yLVz3vS_CD4 1952 President Truman Gives Post-Renovation White House Tour
yLpp1tgkCeE 1920s Stunt Man Scaling Building
yMBWfwdwhe8 Animated, Boy and Girl Kiss
yMP5AO3jDUc Film Leader 18
yMavul_IrhA How Loudspeaker Systems Are Made
yMrYwT8YDkU 1941 Ford Deluxe Sedan Woman Driving Auto, Smiling
yMzy49-XEF4 1964 Harlem Parade in Honor of Jim Brown (Silent) Part 2 of 3
yN84wBAi590 The Primitive Man (1914)
yOFiI0ryKWw 1961 Babies Day Parade
yOH7m0f_aiY 1951 Sonya Klopfer and Dick Button Figure Skateing
yOYdtkVwqh8 1937 Princess Juliana of the Netherlands and Prince Bernhard Honeymoon in Paris
yOwVhda6UCI The Second Chance (1958) Part 1 of 4
yP5pWOFcI6k Santa; Merry Christmas
yPNYYVXbIhs American Harvest (1951) Part 7 of 8
yPbZDcFTfjc 1950s Devil Tempts Little Girl to Steal at Christmas Santa Watches
yPn-AP6ooA8 1940s African Tribal Dancing (Silent)
yQPcoMrjDLE 1940s Newsboy on Corner - Extra Extra Read All About It!
yRHlrK_6Rac 1950s Police Make a Drug Bust (Silent)
yRNFZc1X14s 1941 President Roosevelt Pearl Harbor Speech the United States Attacked
yR_ntTp2_-0 SIGHISOARA, TRANSYLVANIA, ROMANIA, HIGH-ANGLE, CHURCH
yS65yhykwXU Teacher's Pest (1950)
ySABLDCFQK0 1967 Junior Miss Pageant Rosemary Dunaway Trible of Arkansas Wins
ySGKeGO58kY 1930s  African-American Civil Rights
ySKhWejCZgg Woman Slaps Girl
yT-k-CN5vVg CASH REGISTER 1950S
yT3O_ZbH3e8 Surfing and 1971 Camaro Clip
yT6FA7pPRMo 1935 Brooklyn New York Firefighters Putting Out a Blaze
yTLpOnn4Rlo 1950s Computerized Feeding Plant
yTXYqTSn7Og The Inevitable Day (1961) Part 5 of 6
yURZrf1RKHc 1936 Jack O'briens Reducing Salon
yV4glgmrhJk 1960s Helicopter Combat In Vietnam
yVamcv1bWHo Silent Film Snippet \
yVhnePGWmWU 1967 Junior Miss America , Rosemary Dunaway Trible, Studies Toy Race Cars
yWEZ76PRm6k Philadelphia, Love Park, Statue, Fountain
yWneyK9-MjA 1956 John Foster Dulles Condemns Communist China
yXFQwLIbOZ0 Industry, Assembly
yXkJXGsrVYw 1940s French Riviera Part 1 of 3
yXmA8ESk3Ak American Montage Part 2 of 6
yXpG9-Co0RE Innovating the Railroad (1953) Part 3 of 6
yY4yTlR1ksQ Cartoon Animals Snoring - Loop
yYPxNQtSIik 1950s Bike Crashes Into Wall
yYZTrp_fQ1U 1950s Family at Breakfast
yYlnB6T3qJA 1953 President Eisenhower Speaks to U.N.
yZ2PX4cTUBA 1935 FDR and Vincent Astor Launch on Astor's Yacht
yZFgP0KlgMY 1927 Charles Lindbergh Lands Spirit of St. Louis
yZub5Sc7Y58 Excited Baby and Dog
y_d09N2gmsA 1935 Laura Roth Plays With Her Pet Tiger
yaQIe5flOC4 1920s Early Attempts at Rocketry
ybHIbVkvReQ 1960s College Basketball Villanova v Providence
ybMRf-QdQ70 1947 Warsaw River Vistula Flooding and Bridge Collapse
ybxFKaFKKvY 1931 Mussolini Hosts Military Parade on the 9th Anniversary of the March on Rome
yc46QTP1mQI 1950s Little Boy Pretends He's a TV Cowboy
yehx6s6qg84 Car Design (1950s) Part 2 of 2
yfZka8MCQc0 1990s Hudson River Sunset Couple
ygsMHAbXqOw The Land (1942) Part 10 of 10
yhiFYSIMtow Film Countdown
yhz4zbKN4_w 1940s Exterior Theater, People Line up For Movie
yiMKf_61njU 1930s Electric Chair
yitH3CQLDnY 1960s Women Dance With Black Background
yjKDXhZWRbc Measure of a Man (1962) Part 5 of 6
yjpTJqcCJ-4 1950s Seattle Coast Guard Depart for Operation Deep Freeze
ykMUoPFNIuM Measure of a Man (1962) Part 6 of 6
yks01f-peWI 1930s Detroit Police Test New Task Force Vehicle
ykv_mtlm3hw 1930s Television- FDR
ykzAdF5MctU 1928 Hollywood Bobby Vernon and Jack Duffy
yl5p1YTh9eQ 1930 Reginald Denny and Bebe Daniels
yl8j7ABRda8 Christmas; Animated Santa, Sleigh, and Reindeer
ylj6E1TLaaU 1933 Newark Airport Captain Eddie Rickenbacker
ylxpuIp6H6A 1900s Shaw College Graduating Class Photo
ylyagEH1WGQ Building A Bomber (1941) Part 3 of 4
ym1gsJTTZAI 1956 Gettysburg President Eisenhower and Mamie Attend a Church Service (Silent)
ym59UvLsvVM 1930s College for Babies Praised by Parents (Silent)
ymtjlvnKT5w 1940s WWII Sidney Walker, aka Beau Jack at Boot Camp
yn7Qyo-5AJE 1969 Philadelphia's Italian Market
ynF-EKTVVPw 1940s WWII Bomber Raids and Liberation (Silent)
ynGJt7m2-YM 1950s Chevrolet Test Drive
ynJSpHGDAww 1930s Stuntman Encases Himself in a Block of Ice
yo-3kyLfxzA 1930s Human Pin Cushion
yo2EG5X1S6c Film Leader
yoopgEqOKPU 1939 Philadelphia Mummers Day Parade
ypLQ_LFHLJ0 1941 Americans Manufacture and Test New M4 Sherman Tanks
ypqAaJo5J8Q Little Girls Dancing
yqZoMZMPSIY Building Explosions
yr2vH99ozHE 1940s Mother and Baby (Silent)
yrRnO8fG43E 1947 Chevrolet Thriftmaster 235
yrV59lrdizA Another Time Another Place (1970s) Part 1 of 4
yrZ0n_KEvZk 1950s Film Making
yriYhNBjZ6c Peach Thrill Dish Soap TV Commercial
yroqDa7S3rc Beijing, China- Flower Display during National Holiday Week
ysMtiD71rQc 1941 Soviet Soldier Returns From War (Russian)
yselBxTHJ6Y 1950s Telephone Repairman on Pole. Friendly People Shake Hands
ysesvLf3GZE 1920s Fast Paced New York City; Cars & People Weave in & Out
yso9xqacKTs 1960s and 1970s Calendars from Different Countries
ytE6Tvc-3pg 1960s Eleven Men Ride on Bicycle Tandem
ytXdIHB5Kqw 1962 George Cabot Lodge and Ted Kennedy in Massachusetts Senatorial Race
yuEMHqha0eA Out of This World (1964) Part 1 of 3
yuKuMIrnBdo 1950s Oil Drilling Rig
yuXFYt_D1vM 1950s Post WWII Berlin
yurHufTj6ws 1950s Girl Does Heroin with the Drug Peddler
yusbvgon73k Scientists in Meeting About Silicones
yvGDlIv6Am8 1956 Highway of Tomorrow General Motors Car Show Motorama
yvqFFknIq9M A History of Printing
yvte528yskE 1950s Woman Writing Order for Telephone Sales / Supply
ywBzweHbGh4 1930s Cadillac Test Drive
ywYBiV3iCAA 1940s Monsignor Fulton J. Sheen Advocates For WWII
ywsTrVoWCuA 1945 Pedestrians
yxlyVOfsolg 1960s Future Touch Tone Telephone
yyb7kmtZeEw Spike Jones and the City Slickers Perform \
yzCUx2UhPVo 1920s Wesley Barry Child Actor
yzI6RW4T7p0 1937 Recession New York Stock Exchange
yzZPkBR7NvY 1950s Gossip Kids Walking into School A Happy Ending
z-W5ur1lb5o 1950s Modern Office Hallway - Workers Entering 'Authorized Personnel Only' Door
z-yQ2dG61WU 1954 First Trial of Sam Sheppard (Silent)
z0Y4Y4DsKO4 1950s Newspaper Headlines (Silent)
z1EZPoXRtRE 1950s College Campus
z1yKjc-EAks 1930s The Political Career of Huey Long
z356ewS26tQ Fit for a King (1937) Part 2 of 7
z3B8pdJljes 1966 Canada Tiny Tike Hockey
z3jso5weV84 Shark Attack, Octopi
z3rNeF-XQ-s 1905 Execution by Hanging
z571y3DdQbE 1926 Rudolph Valentino Funeral
z5TQyOA2Zp8 1954 Vancouver British Empire Games Mile Record
z5eR4qb1VSo Railroad Story (1951) Part 2 of 2
z67yEOCZKFA 1920s Man Hit with Vase
z6CBsJOBJXg Flying Plane Blocks Out Sun
z7WTF9tTUQY Boxes on Conveyor Belt
z8wGXyW5x50 Fashion Show
z94Tm6ydlOw 1990s NYC Original Shoot Mondo Footage (Silent)
z9bZhflatEs 1990s Winter in New York City
z9zJtluyoM0 1980s Couple Talking, Tropical Drinks
zASCuG-zSb4 1960s  \
zAxiFzdH0wM Record Player
zB1g1PLRmkk Fighter Jet Combat Aerials 38
zBCBEtnEiJE 1930s New York City Workers Commuting
zC-cG1yvoZU 1940s Chicago Red Cross War Fundraiser
zC6IUb1TJgE \
zC9DHQ2RA4o Silent Film Snippet \
zCHFPr8iXFk 1950s Westminster Abbey King George VI and Queen Elizabeth II at Ceremony
zCIOkbFqMs8 1930s Chicago Puts Coin in the Bottom of the Liquor Bottles To Prevent Bootleggers
zCW6_Ve8SBY 1941 Soviet German Conflict World War Two
zD9NNOQ6Nn4 1962 John and Jackie Kennedy Head Out on a Boat
zDdCL8o_Ptk Dillinger Captured
zDdU1iFhD4g 1961 College Football Georgia Tech Beats Rice  24 -0
zDmnOTqLpD0 1940s American Couple Listens to Radio (Silent)
zDpi4rLP2gM Cars on Ramps
zEDvBQnnZSw 1920s Woman Pushed Around by Man
zFNbJxJvb3Y 1960s Woman with Reel to Reel Tape Recorder
zH5-gag1aaM Buenos Aires Part 1 of 2
zH7ZjxUUgNU 1920s Nightclubs Speakeasies
zHCZdjifGdY 1950s Students After School
zHEx5BkEWv4 The Philippines: Pride of The Orient (1960s)
zHkJA7Aa7RQ 1950s Summer Heat Wave in the City (Silent)
zIFto2qpVMg Mr. Piper and the Story of Hansel and Gretel (1963)
zIp-4uyi2o8 1950s Home Interior Design - Selecting Patterns
zJUTRtGfXdQ Woman Dances in Television Studio
zJiqA1cYVOg 1937 Opening Day at the Del Mar Racetrack
zK9RsQA5luQ 1935 Broadway Opening Night of \
zKQDSFfnjok 1940s Boy Scouts
zKZs57GSL_8 Commercial Fashion Show
zL4hYj4HJEA Woman Accidentally Slapped
zLIMDatnN10 1934 Niagara Falls Frozen Over
zNa5iD2kRAk 1970 First Hours of Car Ownership Part 6 of 8
zNu-nXiUgfY This Land of Ours: Massachusetts (1947)
zNyHwyQhsdc Felix the Cat in \
zOM7OJaTPyI 1956 Dallas John Foster Dulles Speaks on the Cold War
zOW-ah6th_M 1950s Crowds Pedestrians on Crowded Street as Dr Paul Dudley White Narrates
zOWjs-I3oLo 1950 Korean War - MacArthur and U.N. Troops are Repulsed at Yalu River by Chinese Forces (Silent)
zO_z7XJvacE 1970s Girl Runs From Creepy Guy
zOc9LDkSL5k MARRIAGE OF PRINCESS GRACE AND PRINCE RAINIER III OF MONACO
zOiHLpaAH1o Baton Twirlers
zOs2N6zMYRc Radio Montage
zP-lE310J3E Jupiter Rotation (Silent)
zPRo7TL-vgg 1962 Germany Little Boy Riding Pony - Racing and Jumping
zPSJ3Z9yK4k 1990s Steel Mill, Steelworks
zPkeRK6hukk SIGHISOARA, TRANSYLVANIA, ROMANIA, MUDDY STREET
zPoch9mGiwM 1914 World War I Soldiers
zPuxpQzFlA0 1950s \
zQ7YlLH_rYg Insurance Agents Commercial by Nationwide
zRBe8s61HRo River of Doubt (1913) (Silent) Part 5 of 8
zRuuPXgByKY Good Boy! Black and White Greyhound Dog
zSTGD0cMds0 1910s Madge Evans and Douglas Fairbanks Jr.
zSz8005zTvk Land Of the Free (1940) Part 3 of 7
zTcuZjzyI5U 1930s Clock Maker Shows Off Grandfather Clock 30 Years in the Making
zTsWqkyFtjE 1962 College Football: USC Trojans VS Duke Blue Devils 14-7
zUGBGrwfYVM 1940 New York Worlds Fair Frank Buck's Jungle Land
zUs9LhcdzWw Fat Man Sleeps on Beach
zWIykzZ8cMg 1960s Kool Cigarettes TV Commercial
zWP4YvCTIwU 1930s We're For Safety (Silent)
zYOKZBp2log 1950s Televised Boxing Match
zZDwMU2BDr4 Punto Blanco Socks TV Commercial
z_MUcpUl8G4 Before the Day (1960) Part 1 of 2
z_jqh8r8AIc 1940s Automobiles
zad3lru07Zk 1960s Finding Parking
zbLwMbE8jwY 1930s Woman Rejects Man, Slaps Him
zbs5-3G8C1A 1900s Wright Brothers Plane Take Off
zbt8SB8Rz9w The Town (1944) Part 1 of 3
zc4MNZIQeAA Chosin to Hungnam (1951) Part 4 of 4
zcmAHnaUgxo Emotional Teenagers
zdQ-EAwh91Y CHICAGO, AERIAL, DUSK
zdjuf_7B1bM 1940s Factory Workers in Line, Receiving Pay
zdjw7g2OyIk 1904 World's Fair Louisiana Purchase Expo Secretary Taft Makes Speech In DC Replica
zdsw1RLxAOw 1903 New York City as Seen from the Hudson River
zeU8XuXx9-A 1958 Suburban Neighborhood (Silent)
zeW8xsIgM80 1940s Teenagers Doing the Jitterbug
zevPgnlZ7yY 1920s Farming
zevY4fa80FM 1969 Chicago Ticker Tape Parade For Apollo 11 (Silent)
zfFUIq4Vq3w Jack Frost (1934)
zgnQzdJspgI 1928 Man Sits On Flagpole (Silent)
zh4x8OJKof0 1930s Growth Of Federal Highways
zhnn2XNRKk8 1930s Automobile Driving From Parking Lot to Home
zi2lgdsA_DE Brontosaurus Stuck in Mud
zi71o5Qa9UI 1940s Animatronic Band
ziD_w88I8_E 1950s Cattle Lay Graze Along Riverbank
ziGucWpRG3A 1930s Oakies Fleeing the Dust Bowl
zirmtBEisrQ Mickey's Big Game Hunt (1928) (Silent)
zj5VH4GIp4A The Dwight D. Eisenhower Story (1952)
zjWclzG37ac The World Montage
zkKZZVNoAR4 PORT OF CALL AMSTERDAM, 1969
zlKeTemjOXM 1930 Army Navy Football Game
zlZ-lxboc-k 1980s Man Jumping Out of High-Rise Building Window
zm30IFnjdjo 1980s Doorman Closes Door of Taxi for Passenger
zm_KNwWBuLI 1928 Sir Harry Lauder Performs Bagpipes with Sir Thomas Lipton
zn3SMXCMFh0 1918 WWI Medics Attend To Wounded Soldiers (Silent)
znBzWKo776Y LOS ANGELES, HOLLYWOOD HILLS, SUNSET, TIME-LAPSE
zns0NlQz01w Puerto Rico, Waves of the Atlantic Ocean at the Resort Area of San Juan
zoA7nGbO5o4 1950s Casino Roulette
zoC3iNcUYRs 1925 Elsa Schiaparelli Lingerie Fashion
zpCxNNI1axE 1960s Interior Design
zppaatJH6bI 1932 Amelia Earhart Presented Flowers by New York Mayor
zq01D6M-OJM 1950s Washington D.C. Jayne Mansfield Gets Off Tour Bus (Silent)
zqe3JwnssVA 1950s Natural Gas Odorizing Factory
zqgAecfMu-s 1937 Marathon Dancing
zqj-xlX6fys 1964 New York World's Fair
zqu0s7Tf7eU 1908 Orville Wright Flight Demonstration: Le Mans, France
zr05AZTtLz0 Man on Chair Playing Guitar /Music
zr902Ftqemc 1950s Middle Eastern Leaders Meet (Silent)
zrTw5E5LpIM 1950s Men Working Switchboards
zrf8ymHrB58 1950s Lifeguard Rescues Swimmer
zrt6Nx_Rh6w Man Scales Building
zsrYYlbZdik 1945 Pedestrians Warner Bros Theatre Marquee
ztxXlwbK-dU 1956 Fountains and City Hall Philadelphia, PA
zupT-_zhdWg 1951 Kefauver Committee Frank Costello Hearing (Original Audio)(Outtakes)
zvRyWD8RMEc Thomas Edison Giving a Speech
zvhnS50D1wU New Years Eve, Couples Dancing
zw4zqfojyik 1934 Tom Campbell Black and C.W.A. Scott Arrive Back Home (Silent)
zwS32dBQtb4 1930s Farmers Plucking Feathers Off a Turkey
zwloyVe6x9w 1928 National Professional Tennis Singles Vincent Richards and Karel Kozeluh
zwqWejYtyKc New York: The Dynamic City - Promotional Film (1970s)
zy2_LGJvloA 1935 College Football Princeton Versus Dartmouth 26𠄶
zyYwyo-mNDQ 1959 Harvard University Campus
zyc5uA8xuQE Martian Robot
zzU36mwBEnE 1956 President Eisenhower Signs The Servicemen's and Veterans' Survivor Benefits Act (Silent)
zzrTB68PO6o Santa and the Fairy Snow Queen (1951)
