-11bFONAbzg FREAKY SHIT - SCP: Containment Breach - Part 1 - Let's Play (+download link)
-15h2iK7MEs Detroit: Become Human #4 -  THIS IS WHAT LIGMA DOES TO YOUR BODY.
-298FTOLP6M I HAVE TO PEE! - The Crooked Man (10)
-48hMNzyWek SANTA BACKS OFF HATERS (Facerig - Part 8)
-4FZo8IGDUM EVERYTHING IS EPIC! - Shadow of the Colossus: 2nd Colossus (Taurus Major)
-4_3TBCUZXo CHESTS HAVE JOINED THE BARRELS! - Amnesia: Custom Story - Part 1 - Nepsis
-4wYSELJrcE CAMPFIRE FROZEN COVER
-6a1DOjt0UQ LAST EPISODE - Amnesia: Custom Story - Part 7 - Killings In Altstadt
-6dNin-p1Kg I GOT KICKED OUT?!
-73iXbNNZ6o PewDiePie Games in Dreams Are AMAZING!
-7PqMj9jN9w I TRY NIPPLE WARMERS (5 Weird Stuff Online - Part 10)
-8j-X7f9bUA NEVER GIVE UP!
-8t6FbQ_eWU She Showers With Her MOM?! - TLC #14
-9bsr3bKmQA SEXY UNDERWEAR!- (Fridays With PewDiePie - Part 54) (Mail & 5 Million Subscribers!)
-Ak4TJhLJLU ESCAPING! - The Walking Dead - Episode 3 - Part 2
-Anyq7-N0zY Saving my Minecraft Dog At ALL COSTS! - Part 10
-ChqImO0brY Gorn - VR - Part 2- ALL HAIL CRAB KING
-Cn2fUrUKRo LEVEL 3 | HELLO TIMMY
-DXzJ6jxhOM Q&A TIME :D - (Fridays With PewDiePie - Part 42) (900th Video!)
-ErhNzEUrdM SAVE THE EARTH // MoonBase Alpha
-GFPpQGDF4g THIS IS THE GREATEST GAME I'VE EVER PLAYED!
-I889IN4ePs [Funny] FACADE - HOW ABOUT A P*NIS? - 4th Attempt
-J1UPn4hJ5c MISS LOPEZ DIES! ;_; - The Sims 3 - Part 2
-KE8v44VS_k Stolen Bike Meme [MEME REVIEW] Ì†ΩÌ±è Ì†ΩÌ±è #1
-Ml_qG66Yx0 GHOST SCARED THE FUCK OUT OF ME! D: - Amnesia: Custom Story - Part 2 - Disponentia
-MqnE7TPcRw THE DELETED PEPSI AD
-NL5AduvX1o CUTEST MONSTER EVER! - SCP: Containment Breach (6)
-QoszlJIDLE FINALLY AN ADVENTURE TIME GAME!
-R0ijKPJGyc The Stanley Parable (3)
-RCeZi0rxTs I KILLED YOUR FATHER. -- PewDiePie Animated
-ReYRc6R1Ok PARTY HARD! - Amnesia: Custom Story - Gary Dark Secrets - Part 1
-T0qWkeOGzM [Funny] Ao Oni - YOU CANT DO SH*T BRAH! - Part 5
-T4bmlCQS9c OCULUS RIFT: GIRLFRIEND SCARES ME WHILE PLAYING! (Alone)
-VcBYRzAPsI MOST DISTURBING DOLLS EVER! - Grey - Playthrough - Part 2
-Wd509Itgno When Anime Meets English **YLYL**  - YLYL #0070
-Y_T0M4pAcU My Minecraft Storage System Makes All Girls Go Crazy - - Minecraft Hardcore #14
-YjvOGofM9Q MANLY TEARS! - Walking Dead: Episode 5: Part 2 (No Time Left)
-bif4sQfAe0 ET PHONE HOME! - Deadpool - Part 9
-bwdXTBAoeg GOING THROUGH THE PORTAL! - Ni No Kuni: Wrath of the White Witch w/ Pewds (2)
-dpBlL0TPg0 IM THE KING OF THE SEA! - (Inside - Part 4)
-fWXLAkHmxA Hitman VR is Hilariously Bad..
-g7yAXPuu6A We smash another record! LWIAY - #0070
-g89cbTpNmk LYING TORSO!!! - Amnesia: Custom Story - Part 3 - The Cruel Ways...
-h9shQtmxjE [Horror, Funny] Ao Oni  - THIS IS SPARTA - Part 8
-jRB-QoscIg IT'S A TRAP! - Octodad - Part 6
-kKnZ_wE2sU I AM ADDICTED.
-oCOuKk2H1Y Eternally Us
-qe4Wgdk8pk IT GETS EPIC! - Fahrenheit / Indigo Prophecy - Part 8
-tC0LeKvI0k Hole in the Wall - (Kinect With Girlfriend)
-u0FiM7Kwyg VOLCANO ERUPTION!
-vmL_2lBhFI CANT THINK OF A TITLE YET LOL - Amnesia: Custom Story - Part 1 - Death Can Await
-xwD9IZVqIE Try not to CRY challenge (I almost cry, not epic) YLYL #0052
-xy8wpIo0Oo UNICORN SIMULATOR.
0-XhpZtobQE Karen Compilation 4k Most Bruh Moment  2020
0-fyoq4454U LEVEL 1 | LET‚ÄôS PLAY DOCTOR
01Xs66QCxPo HEART OF DARKNESS (5)
01tLtWDYEUs REACTING TO PEWDIEPORN - (Fridays With PewDiePie - Part 107)
023uE8DwWtE KAWAII OVERLOAD - Lovely Planet
04DbWK5E970 DON'T TRUST SMOSH! - TTT
04JhoFjKvn0 Rating YouTubers House Tours #3
04RCJp5YNp8 WHATS BEHIND THE DOOR?! - The Walking Dead (Episode 2) - Part 4
05YQQtu_JEk SLENDER IS BACK! - Sanatorium (New Slender Game) - Part 1 (+Free Download Link)
06KCKkMevkE FEEL TRAIN HAS ARRIVED! - Infamous: First Light DLC - Gameplay - Part 4
06SW0pO-C88 THE BEGINNING OF THE END! - Walking Dead: Episode 5: Part 1 (No Time Left)
07-1vJmttAA FLYING IN VR!!
07-peTQJBTs TRY NOT TO LAUGH CHALLENGE! #1
07qn3QeIXmM How To Make $$ In: The Forest
08aBvA9U8w4 Lets talk about why I left (not reupload) MEME REVIEW] Ì†ΩÌ±è Ì†ΩÌ±è#32
0ERp2aVIHTA THANOS CAR THANOS CAR THANOS CAR [MEME REVIEW] Ì†ΩÌ±è Ì†ΩÌ±è#34
0FH0k_NZV6U MARSHMALLOW RAGE CHALLENGE!
0FIG0EXmK94 BEHIND THE SCENES OF PEWDIEPIE
0FXkERWuyG0 Nova / Sp00n / Cry / Pewds - Worms Revolution (5) Match 3
0Fy8SLaP-Mc You Laugh You Lose - Season 3 FINALE YLYL #0053
0GHSTomWGlU MY HATE FOR RUBENS MOM - Afraid Of Monsters - Part 12
0GRsPTEG7Sk Brb,  The Army
0H6A9dBpCr0 OUR FAVOURITE HORROR FILM - Hausu
0HwlhGOxsE0 Skate 3 - FUNNY MOMENTS - Part 1
0Ir1J-Ec5Oc I'M DISSECTING A FROG!
0J836Uqs_o4 THE ILLUMINATI REVEALED!
0JJr9uZodg8 WHO WORE IT BETTER? - LWIAY - #0014
0KS1TFg1Rx8 LETS START AN ADVENTURE BROS! - Shadow of the Colossus: 1st Colossus (The Minotaur)
0Ku_iNKOv38 50 MILLION
0LTZtgdxlF4 BEST. ENDING. EVER! - Deadpool Ending - Part 10
0NaqKTPsldA WHO GETS TO LIVE? - The Walking Dead: Season 2 - Part 4 - Gameplay / Walkthrough FINAL, ENDING
0NecGquJlMU MOST FRUSTRATING GAME EVER! - Cat Mario (Syobon Action)
0ODPt69fk30 THE WALKING DEAD: MICHONNE (Full Game) - Part 4 - ENDING
0OrANjgeYe0 Slender w/ Oculus Rift
0Pl_m4IB9Mc This video was made by MAGENTA GANG [MEME REVIEW] Ì†ΩÌ±è Ì†ΩÌ±è#38
0QX28cOzAJg ALIEN SURGERY! (Surgeon Simulator - Part 7)
0QXrrAEjE9I Amnesia Co-op!
0S3Pp45zJfI LIFE CHANGING GAMEPLAY (Senran Kagura)
0S6lczYYyuk TOP 10 FASHION MEMES
0SSrvjDaVFA KSI is Cancelled Ì†ΩÌ≥∞ PEW NEWSÌ†ΩÌ≥∞
0S_sdmctd0s EXPLORING UK! - (Fridays With PewDiePie - Part 67)
0Sy7daiu9fs EPIC PEWDIEPIE POSTERS! - (Fridays With PewDiePie - Part 20)
0TYEzVs0Vak JUMPSCARES ALL OVER THE PLACE! - The Witch's House - Part 4 - Playthrough
0U6ZgImZ5vo Blacklight Tango Down: Team Deathmatch 38-4 (PC Gameplay/Commentary)
0U9bfGEM-5U Stephano Dubstep (Original Mix) by HuYnH
0VKQnFHHOrQ EPIC ENDING! - Pesadelo - Part 5 - Ending (Final)
0VV1KlEoSdo I HAVE A VIKING BEARD!  - (Fridays With PewDiePie - Part 96)
0WHrg1VHjJo FREAKY NEW STORY! - Amnesia: Rain (1)
0WOvtZU2LAQ YOUTUBE COPYING!
0WoKEoxTvDU Amnesia: Through The Portal: Custom Story: Part 4 - TROLLFACE, IN MY AMNESIA?!
0XTZZ3uqQ0k Fallout 4 Funny Mods & Glitches (Part 2 of 200)
0Xq30oskrLg Nightmare House 2: Playthrough - Part 1 -  THIS GAME IS SCARY ;_;
0YZiqFB08zg Exmortis 2 - SAVE THE WORLD.. SOLVE SUDOKU! - Part 2
0Ye5ybkPjvk POTATO PEOPLE WALK AMONG US
0bcrbx0e_Cg Respekt
0dtx3lh7fxs NEW VIKING MCDONALDS!
0e1MbM7gQ20 Stop this...  - LWIAY #00109
0eKT2GY8DXs Kids
0eP_Kr3VQcY FOR THE FANS
0g_DF-XIcjE MEME GAMES | PewDiePie
0hoVAoXE4gM BEST EPISODE! :D - To The Moon - Part 12
0iM4C2976UE IM BACK BROS! :D - Olaf's Demise - Amnesia: Custom Story - Part 1
0iyIdto1Whg Cringe Compilations Needs to be STOPPED /r/Cringe  #87[REDDIT REVIEW]
0kE8p-Qgqhw When Horror Games Are Too Scary!
0l35jAGQPOI Are we ready to get married?
0looVXRbaDk Genius needs to be stopped!
0mCq2rToipg SPACE SURGERY (Surgeon Simulator - Part 4)
0mJiPcKybzU I React To My Old Videos... - (Fridays With PewDiePie - Part 80)
0moq_TnfYco Channing Tatum Simulator
0oh1FZZFpmQ HE IS REAL!
0p3tWJbMTeQ THERE IS NO G0D. - LWIAY - #0009
0pGmjt3m53U Portal 2 DLC - DOPEFISH & PEWDIEPIE - Part 1
0priMq1ukao TRY NOT TO LAUGH #08 **MAKE IT STOP EDITION**
0qXUA0PvM-k Doom 3 - Part 1 Lets Play Doom 3 Walkthrough Playthrough
0rA6ciN8tkM I BROKE HAPPY WHEELS! - Happy Wheels - #70
0rD43Fs__CY The Last Of Us Gameplay - Part 8 - Sexiest Zombie Boss Ever!
0ryw5AJUYZc DAT ASS! - Happy Wheels - Part 31
0sZEQvF0wRY Vegan Teacher is in Love with me
0shGkcnKAnI THE FARTRIX - South Park: The Stick of Truth - Part 12
0tZZGgz9U7Q THIS GAME IS AMAZE, GOTTA CHECK OUT!
0wLljngvrpw The Last Of Us Gameplay Walkthrough Playthrough Let's Play (Full Game) - Part 1
0wuBbymxkMI THE LONG WAIT IS FINALLY OVER! - The Last Guardian - Part 1
0xCqWJNMwSI MUST RESIST! - Heavy Rain - Part 4 [Playthrough / Lets Play]
0xseWjZwbbw Amnesia: Abduction [Custom Story] Part 11 - STEPHANO RETURNS
0xvyvrFj5ds ULTIMATE RAGE GAME! - Heart of Darkness (1)
0zYI8FjSF_k Im on a break!
0zYNODQYtI0 PEWDIEPIE ILLUMINATI CONFIRMED (BroKen Podcast w/Jackcepticeye - Part 13)
1-c7az6CUDM WE'RE BACK BABY! - The Calling Wii - Part 20
1-r1E-iF2EA Five Nights At Freddys - SCARIEST GAME EVER!)#(¬§/&T!(/Y()U)I=O?? (lol no) -
101xCVogy8o Alice: Madness Returns (15) - MY NEW DRESS IS SO PRETTY!
10wZr90BPR8 THE WORLDS SCARIEST BUTTHOLE
11gxV1HapqM WHAT DOESN'T KILL YOU... WILL TOUCH YOUR BUTT - The Crooked Man (6)
12DyoKxgjko Amnesia: Playthrough Part: 33 - I WANNA TWIST AGRIPPA'S NIPPLES
14qSjwQEx9I SURVIVING IN THE FOREST - Pewds Animated (By Coyotemation)
15Mcob5_tyU They figured out atoms existed thousands of years ago but we are still depressed lmaoÌ†ΩÌπå BOOK REVIEW Ì†ΩÌπå
167fauhjzPg MOST F#%KED UP PART! - South Park: The Stick of Truth - Part 9
16GeJe0Mjh4 I lost my best friend...  - Minecraft Hardcore #7
18OJ0cCJX78 WORST SCARE EVER! ;_; - SCP: Containment Breach - Part 2 - Playthrough (+download link)
19zPCedRGuE The Most Dangerous Game Ever...
1AVJD_GzID0 this game Makes NO SENSE!
1B1f9PGLbIs I'm Back in Minecraft! - Part 39
1BmELlWQdEE NAZI ZOMBIES! - South Park. Stick of Truth - Part 7
1E7ARBEleXw FASTEST MACHINE EVER
1HDyppv-s9Q PEWDIEPIE CUP LIVE
1HOJDzTEQgY .EXE HORROR GAMES | PewDiePie
1J_MKRJUENE Picking Between 30 girls! Jubilee React #12
1JvmK7XH1Ao Answering Questions on Quora!
1KE7soI0vzI CRY, KEN & PEWDS VS. THE WORLD !
1KWvy6LUGsk EXPLOSIVE UPDATE! (Humble Bundle Weekly: Save The Children)
1Ka3yeI9j6U ADAM SANDLER CLICKBAIT ADVENTURE (Turbo Dismount) - Part 5
1M8_C_I2ZNo THIS GIRL SCARES ME! - Existor (Evie) - Part 3
1MME3tXSQKA JUMPSCARE CRASCH! - Condemned: Criminal Origins - Lets Play - Part 16
1NNLdx764cg OBSCURE FROZEN GAMES?!
1QUpdYmkScc Amnesia: Playthrough Part: 9 - Scariest, Darkest, Out of oiliest part so far...
1RM0FQKY0wk Bad Commercial Timing...
1RsbElr6ixo Amnesia - FRICKIN COGWHEELS D: - The Machine - Part 2
1UwDmI3eYOw WHAT THE FUKA, YUKA. - Corpse Party (Chapter 5 - Part 2)
1VKVOZpboiY Magicka: DUNKA DUNKA - Part 2
1VWTo5U0AAA AM I PREGANANT? YLYL #0003
1WOIB-JzYVU SLENDER - ;_; MOAR SLENDER MOAR TEARS! - SLENDER - Part 2 (+Download Link)
1Xysj0SKwn4 HARRY POTTER FANFICTION (Animated)
1YJ9WOR6AQo NEVER HAVE I EVER... (BroKen Podcast - Part 10)
1Z6wByiH0Mk I LOSE MY SH!T - Bloodborne Gameplay - Part 4
1Zmmrw_Ue_g THE TRUTH REVEALED! - The Crooked Man (11)
1_nYWh5otWM Smosh Draws My Thing!
1a-13xgJH70 PENUMBRA DOGS BITES MY ASS! - Amnesia: Custom Story - Part 3- Disponentia - FINAL (Ending)
1bv68IsZ-Vg THE MATRIX EDITION! - Conker's Bad Fur Day (19)
1c0sjga_aPo MY WORST VIDEO
1c_ORyVoCiU TWO HEADED TURTLE!
1egYn0Tb-rs PEWDIEPIE Song - Dj Fortify
1fJ6LULiSMQ STEPHANO IS HERE! :D - Amnesia: Custom Story - Lost The Lights - Part 7
1gBaCtOjCL4 [Horror / Funny] Ao Oni - SO STUPID - Part 4
1gDaiSrvd-A Ì†ºÌºüRAGDOLL GAMESÌ†ºÌºü
1hM8n5c9YKg WARRIOR GOAT // Goat MMO - Part 4
1hOTCgkGVQs EXTREME JUMPSCARES! - Within Deep Sorrow
1huEifW99qo WTF THAT VAGINA HAS ARMS?! - Cry Of Fear - Walkthrough - Part 14
1iO8afbn9qU She's Trolling Us! - Fahrenheit / Indigo Prophecy - Part 11
1j8eKeZBAJs Nice Try KSI - Among us #6
1jNhkC4-rYk Guy Takes The Fattest L - Jubilee React #21
1kIvbr3Jfx0 TELEPORTING NAKED GUYS ARE BACK! D: - Amnesia: Custom Story - Lost The Lights - Part 8
1keE74XCZTY GOOD GAME
1kqDWdgYOtM YOU DEFINITELY DON'T WANT TO GO DOWN HERE... - Daylight - Part 4
1lK0tEC0tJ8 Condemned: Criminal Origins - Part 1 - Let's Play Condemned Walkthrough Playthrough
1ldUL7o_nXA THE EPIC STORY FINISHES! - Amnesia: Custom Story - Part 2 - Martin's Survival
1n7cV5veMIo I SLAV AND LOST
1n_cPIhag28 I hate twitter
1pJxqjxf3xA PET FACE-SWAPS? // YOUTUBER EDITION!
1pRh6edafrE James Charles OSPIE?, Ariana Grandeyy FAIL TATTOO, Tekashi69 JAIL not epic Ì†ΩÌ≥∞ PEW NEWSÌ†ΩÌ≥∞
1pigvWPociY Deadpool - BEST FANGIRL EVER? - Part 4
1qJZY8TPodc PREQUEL MEMES /r/PrequelMemes/ #9 [REDDIT REVIEW]
1qtg5yyXvXg Ju-On The Grudge Scary Moments (Funny Montage)
1qyyXfQL5jU You Laugh = You're a Gamer - YLYL #0062
1rcUTi8iYdM ADELE IS A POTATO! - Amnesia: Custom Story - Part 1 - Harmsfuls Wrath
1s4gbIi2ECs [Funny/Horror] I KILLED RUBEN! - Afraid Of Monsters - Part 8
1s5IEqGAJ4c HOW TO BE COOL FOR SUMMER
1shCmkA9y7s JOJO REFERENCE / Cyberpunk Full Playthrough Gameplay Part 2
1sxXOr6sFU8 CRINGIEST HUG EVER / Quantum Break / Full Gameplay / Part 6
1vS4BgzVN8Q RUBENS MOM MAKES A COMEBACK - Cry Of Fear: Playthrough - Part 3
22VvpWHmJoE CATCH ME! - Hunger Games #1 (Garry's Mod)
2456NIa49fw [Horror, Funny] Ju On The Grudge (PC)  - Part 5
25967AMGm3U McPixel - ULTIMATE GAME OF RANDOMNESS (11)
26RGhdvPmmM Amnesia: MOAR JUMPSCARES - Baldo's Discovery - Part 2
26qVo4kNMSU I'M LOSING SUBS!!!!
2AwLt_IxBtM LLAMA OR DUCK? -- Greatest iOS Games Of All Time.
2Bc4wtKdkEU THE POWER OF TELEVISION! - Infamous: Second Son - Part 9 - Gameplay
2Bos1xkJfAs I'M LEONARDO DA VINCI (Besiege #3)
2D2vWXt1uII This building will change Minecraft FOREVER  Minecraft - Part 34
2E7DaEo3MLw WE'RE ELECTRIC! - Kinect Party
2EPi1R9oZIw WHAT WENT . . . . . WRONG? - LWIAY #0016
2Ec8uY7x4mE WE MUST DESTROY ALL MILK! - Prop Hunt #2
2FKQAyZ6zpA Draw My Thing w/ InTheLittleWood, Maxmoefoe, Cinnamontoastken, & PewDiePie
2FQmdBGomCo Vanish
2H5rhvAHlWo OH. MY. GOD. -- Catherine -- Part 2
2HY4XTBZHy0 WHAT'S BEEN HAPPENING?!
2HebI10r3F0 The Adpocalypse....
2IjYa_V7saQ NEW MERCH STREAM [360 p]
2JovVmaipPY HOT LUNCHLADY - Bully - Part 5
2K4_dNwyc5o Nah. - RL Minecraft - 2
2KWPSGIaGvA TRYHARD. (Star Wars Battlefront #2)
2KvcNKwjwZg ULTIMATE GOREFEST! - Mortal Kombat X (All Fatalities)
2Lf6UwihmGo THIS GAME IS NORMAL... - Alice: The Madness Returns - Part 2
2P1zSJYfwT8 HOW TO BACKFLIPS! - Backflip Madness
2P47J-mVycQ ENDING! - Amnesia: Custom Story - Lost The Lights - Part 12
2PazPpM5_r0 FIVE NIGHTS AT FREDDY'S 2 - THE HARDEST JUMPSCARES!! (NIGHT 3)
2QXLMFafQt8 I LOVE YOU. Portal 2 - (Pewds Animated) #2
2SXoEytvufM BIG BREASTED GLASSES  (Hunie Cam Studio - Part 2)
2SXsUNG8neU CAN YOU MAKE LOVE TO BREAD?
2Sbxzyr1WgY GUESS, SHE CANT BE SPIDERMAN..... YEAAAAAAAAAH ! - Doom 3 - Playthrough - Part 10
2TS_yzLg2HE There's Nothing Manlier Than BroForce
2TYjKNpsvl0 Amnesia DLC: Justine Part 2 - AAH YOU CAN SEE HIS PENIS
2TenC87YE6E WHAT NOW? - The Walking Dead - Episode 3 - Part 5
2U8OHYXeC3I I Found An Igloo In Minecraft (Life changing)  - Minecraft Hardcore #12
2UsBZ9Hmtk0 My NEW WIFE ((not clickbait)) -- Together VR
2Voszqw17t0 The most hurtful video...
2VpCYjddFVc [Funny, Horror] Amnesia: Mystery Chapter 3 - AWESOME CUSTOM STORY MADE FOR ME - Part 1
2Vv1U-jYylo SAY MY NAME - (uPDATE vLOG).
2WYQs_iciPM We Won The Squid Game!
2XzekL8NxJw HOW TO: RUN FAST! - SpeedRunners #3
2ava3rUPY8E WEIRDEST \
2bneCe7NosQ The Sims 4 - Gameplay - Part 1 - MY ANACONDA DONT WANT NONE, UNLESS..
2btFUGcgj6M We Need To Talk... (Clickbait)
2cdrQf2Cp_k I MADE MY GIRLFRIEND CRY (Push me Push you)
2eilgnTmza4 JAPAN AND FINAL FANTASY RECORD KEEPER TOUR VLOG!
2gADntFQQ9U BUILD YOUR OWN SPONGEBOB! (Pewdiepie Animated)
2jqibXXOhFU CRYING ACTUAL TEARS. (Agario) -- Part 8
2k-9D4ZMU2s Jesus needs your HELP! , Ricegum EXPOSED, FAKE gamer girl Ì†ΩÌ≥∞ PEW NEWSÌ†ΩÌ≥∞
2kKcymhoqmo FARMING SIMULATOR 2015
2kpR0BdouNE Bich Lasagna V2. - Beat Saber / PART 1
2l_GbIdok5A I've made a HUGE mistake...  LWIAY - #0067
2m89AUgTxFk My Workout Review
2mIDI-Y24Ns Pok√©mon Go: HOW TO CATCH GYRADOS (BeastMaster 64 Episode 2)
2n0RMSmViz0 ANIMU IN REAL LIFE!
2osdz9Z5JKY Minecraft Warden Update is a NIGHTMARE!
2q5clycNvwk I Gotta Go!
2qELLpLOIAI MEAT THE CANNIBAL - Outlast DLC - Part 2 (Whistleblower)
2qozpQkUDFQ The Walking Dead - Lets Play - Episode 1 (A New Day) - Part 1 - [Walkthrough / Playthrough]
2rHEyMr78vg CANCEL BREAD #90[REDDIT REVIEW]
2rM4sRF0SOU IS THIS GAME TOO MUCH?? - Corpse Party - Part 2 - Chapter 2 (End)
2t5bzEpQ7NY SADDEST ENDING - Journey - Part 4
2u5NwBqA9Cg CLEVERBOT RAP! - Cleverbot - Part 5
2uiQoddAEcM GANGNAM STYLE DANCING! - Just Dance 2 - Part 6
2yO2sbNH3bo MY NEW WIFE! (HuniePop) - Part 1
2zHXp_gvL34 Is YouTube Really Worth It?
3-8E1ThMF2c NEW MINECRAFT GAME | Minecraft Dungeons
3-kzEAn7-Gw Amnesia: Zombie Escape [Custom Story] Part 5 - COOL STORY BRO
3-y_EpmqBsw Nightmare House 2: Playthrough - Part 9 - BOSS TIME!
308WK8r67og Amnesia - The Machine - Part 1
30InPs3sy20 HEART OF DARKNESS (4)
30Nzko8Y--c REACTING TO PEWDIEPIE HATE VIDEOS (PewDiePie React)
319FCXsCGYk [Funny] First Attempt at FACADE - GIMME A KISS AND SOME WINE WOMAN - Part 1
31ojdfiHblA How High Can You Survive A Jump in Minecraft? - Minecraft Hardcore #13
31pmktKHnyE BEST MODS IN THE UNIVERSE!
32s6iS9ihpA My Best Impostor Game in Among Us #7
33FLS7HCRMw Pewds & Family in Botanicula!
34x9esCNld0 Reacting To My Wifes Favorite Clips - YLYL #0075
35Wg3Ot4bHE MOST RANDOM GAME EVER! - Wario Smooth Moves
36smb94HGNo Sonic.exe
39opU_8hTfw Crashtastic!
3Ag0BzLkaD4 I found the END of Minecraft! - Part 18
3BeKjV8CKPQ AND NOT A SINGLE FUCK WAS GIVEN! - Lucius: Part 5 - Playthrough
3BpY2J79F7k FUN WITH A PORTALOO - Bully - Part 21
3C5XALaTanA What the new UFO Pentagon Footage Tells us..
3CHnJNXqcmw \
3CZYMfE5vLM Tekashi69 BAN, Ninja caught selling underwear, Alinity facing 32 year prison.  Ì†ΩÌ≥∞ PEW NEWSÌ†ΩÌ≥∞
3CvMALbPoYE Ì†æÌ¥îÌ†æÌ¥îÌ†æÌ¥îÌ†æÌ¥îÌ†æÌ¥îÌ†æÌ¥îÌ†æÌ¥îÌ†æÌ¥îÌ†æÌ¥îÌ†æÌ¥îÌ†æÌ¥îÌ†æÌ¥îÌ†æÌ¥îÌ†æÌ¥îÌ†æÌ¥îÌ†æÌ¥îÌ†æÌ¥îÌ†æÌ¥îÌ†æÌ¥îÌ†æÌ¥îÌ†æÌ¥îÌ†æÌ¥îÌ†æÌ¥îÌ†æÌ¥îÌ†æÌ¥îÌ†æÌ¥îÌ†æÌ¥îÌ†æÌ¥îÌ†æÌ¥îÌ†æÌ¥îÌ†æÌ¥îÌ†æÌ¥îÌ†æÌ¥îÌ†æÌ¥îÌ†æÌ¥îÌ†æÌ¥îÌ†æÌ¥îÌ†æÌ¥îÌ†æÌ¥îÌ†æÌ¥îÌ†æÌ¥îÌ†æÌ¥îÌ†æÌ¥îÌ†æÌ¥îÌ†æÌ¥î /r/hmm top all  #54 [REDDIT REVIEW]
3D7JXQeNrj0 MAKE-UP CHALLENGE w/ GIRLFRIENDS (BroKen #6)
3DsKvEL4HVk 2spooky4uÌ†ºÌæÉ  Amnesia: REPLAY Part 4
3EF5TOYSCNw WE ARE ON TV!
3FaLqkhErjs Top Airline Passenger Freakout Cringe
3FkikOc89ck MOST OFFENSIVE GAME? (Love Death)
3Gk6BOtv8_k I finished Dark Souls with 0 Deaths (No Cheat)
3HT9V1Oqpn4 FIVE NIGHTS AT FREDDY'S FANFICTION
3HZAryGmvDM HIPSTER PIGEON FITS! - ScribbleNauts: Unlimited - Part 7
3I6Hd50X-_I A NEW BRO! - Shadow Of The Colossus: 4th Colossus - Equus Prime \
3IL87zjvEx8 It's Panic Time - LWIAY #00110
3LNvxngwr2I A Horror With A Twist..
3LonpYZyKOk THIS IS LOVE, RIGHT HERE BROS! - To The Moon - Part 5
3MULG0x8QJE I'M SMOSES - Infamous: Second Son - Part 2
3P6Xe7UFII0 MAKING DRINKS IN VR (& DRINKING THEM)
3SVZ2oXmYbc HUGE ANNOUNCEMENT!!!
3Smj53EL904 Nightmare House 2: Playthrough - Part 8 - RODRIGUEZ IS SEXEH
3Vg5N2JUaSs KILL PEWDIEPIE - (Town of Salem)
3W_X25NWh-8 OFFICIAL ART TUTORIAL VIDEO 2015 (Art of FanArt #3)
3XRE5RAjGx8 HALF MINUTE HEROES!
3YwnCp0-PFA WILL THEY BANG OK? / Until Dawn / Part 2
3_mt33jWpjE I Give Life Advice to Strangers on Yahoo Answers.. (good) /r/yahooanswers top all
3_sjCW2vXa8 ZAYN LEFT 1D. SIGN ME UP INSTEAD!
3av9nrbXA1c [Funny/Horror] Amnesia: PewDiePies House - Part 3
3cV-JsSjqVI 10 people ruined by YouTube - LWAIY #0037
3ci_lKkZrv8 AMNESIA FINALLY MADE ME INSANE ;_; - SEALED - Amnesia: Custom Story - Part 1
3dNQeAL7C1c SUPERNATURAL 64
3ebqfemfxsA TAKING RANDOM CALLS (Fridays With PewDiePie - Part 112)
3fFs_oTB9ps CRAZY GRANNY! (GTAV Funny Moments Online #3)
3fmwGZpQQjQ The Last Of Us Gameplay - Part 14 - Poor Ellie!
3gUgstH2kHA GETTING INKED! (Savannah Vlog 1)
3gZAj36qPLE Octodad: Dadliest Catch - MARRIED TO AN OCTOPUS?! - Part 1
3i9UFKS0j1U MOST AWKWARD GAMEPLAY EVER! Deadpool -  Part 7
3k_9-Qsyz8Y YOU'RE FORCED TO WATCH! - Maere - When Lights Die (Made for Oculus Rift)
3lvtsYIZE54 POWER RANGERS ARE AFTER ME! - Ib Playthrough - Part 4
3lxaPD-g5-w RETURN TO BUTT PARK!! -- Rollercoaster Tycoon - Part 2
3m4mF9-7L-Y James Charles is cancelled
3mQiXd6_rQU DRUNK ALICE - Alice: Madness Returns - Part 6
3peD1XtMg8g Kids Obsessions Needs to be Stopped.. TLC #23
3q3Y2YjlZI8 MY FAVORITE SHREK GAME!. // Shrek: Extra Large
3rnyWFseF9s FLIRTING WITH EVIE
3sKYMcHz3_A CREEEEEEEPY! ;_; - Amnesia: Custom Story - Part 1 - Black Death
3tRZm5WMKAE FACADE - FUNNY MOMENTS MONTAGE (400k Subs Special)
3tTt4jKSsLY TECHNO MUSIC JUMPSCARE D: - Haunted Investigations - Part 2
3tWbvPqbyPI WE ARE IN THE GAME! - Dragon Land
3uej6nF17PE IT GETS WORSE! - Silent Hill - Lets Play - Part 9
4-eobk9E-Dw SWEDISH COMMENTARY (w/ Subs) Amnesia: Custom Story - Part 1 - The Small Horse I
4-pQM3kSAJU [Funny, Horror] Amnesia: FINAL - BLACK FOREST CASTLE V2. - Part 4
400QGTbabTE AMNESIA STYLE! :O - Doom 3 - Let's Play - Part 7
40EokRo4nTc Ragdoll Olympics
40NS3xntmzE MY BIGGEST HATER'S BACKSTORY
40z5BThPZx8 [Funny] Sumotori Dreams - DRUNK SUMO WRESTLERS  (and download)
41RhwNNSz_0 MY BIGGEST THANKS, KOTW UPDATES, GIVEAWAY - (Fridays With PewDiePie - Part 17)
429WCrxZqe0 I Hit 10 Years Of YouTube Uploads! - LWIAY #00117
42uJFwVKITQ SELFIE HORROR! - DreadOut - Part 1 - Act 1
43q2G5YLzRw DONT DO THIS WHAT SO EVER!!!!! ! ! ! ! ! ! ! ! ! !!!!!!!!!! ! ! ! LWIAY #0024
44xhGvcdl90 Scare pewdiepie season 5 leaked  - Amnesia: REPLAY Part 3
45aEy1p4r_A HATRED
47sfzWu47V4 PEWDIEPIE: THE ULTIMATE BABYSITTER! - Heavy Rain - Part 8
47vcvq6pvLM IT'S HERE AND IT'S AWESOME!!! / Just Cause 3 Gameplay
47zErt2u3NU FIVE NIGHTS AT FREDDY'S 2 - BALLON BOY ;_; (NIGHT 2)
48pfscRZqXo DARE TO WATCH? - Amnesia: A Machine for Pigs Gameplay Walkthrough Playthrough - Part 2
48ufRGIUPZo BALD BIEBER? - Pewds Hair Salon
49nXsenaA3s TESTING KOREAN BEAUTY PRODUCTS
4CWRhJ8yLsQ SCARY KIDS! - Fahrenheit / Indigo Prophecy - Part 15
4CjLK1mB_II THE 5 YEAR OLD THAT WILL SURPASS PEWDIEPIE
4E96vYUG7bw THE MEME AWARDS 2018
4GP7QGeWohY NEVER RAGE SO HARD IN MY LIFE! (NIGHT 4) Five Nights At Freddy's
4H_2dYEnBDQ MASTER BARREL WEAPON!: Custom Story - Amnesia: Part 2
4HfP2NXR8Rw DETECTIVE PEWDIE SOLVES ANY CRIMES! - Condemned 2: Blood Shot - Playthrough - Part 5
4HtSJT2ChRk Slender - Revisiting Slender is Pure Nostalgia..
4IQSwP9TNrY IT'S BEHIND ME ISN'T IT? - Morbus #1 (Garry's Mod)
4KGtqT70Ihc (Greatest Game Of All Humankind)
4KNLZZvXoTc SHANE DAWSON IS OUT OF CONTROL! - Happy Wheels - Part 44
4LPn_UHdabk I TRY 100% PAIN. (5 Weird Stuff Online - Part 17)
4LwaujiRG0A SLAMDUNK MASTER! - Happy Wheels - Part 36
4LxDzKT63ig DROWN FOR SENPAI! - Yandere Simulator - Part 5
4MGAWx1nm48 Goat Simulator - IT'S HERE & IT'S AWESOME!
4NiSsW4clKU POKEMON GO IS DANGEROUS!! (Pok√©mon Go - Part 3)
4NsvSecFvbc OCULUS HACK for Alien = No Pants!
4Oa6vBAPxcI Nova / Sp00n / Cry / Pewds - Worms Revolution Part (2) Match (1)
4P61GK-aY6A Tik Toks That Will Melt your Brain...  [TIKTOK#10]
4QnLRnKwFM0 Jake Paul is CANCELLED
4Qy_HtfWiPE DON'T WATCH! - Eyes (Indie Horror)
4VH9J45uQWs Funny Omegle Fan Surprises! :D - Omegle - Part 2
4Ve4lrgOktU BADASS MODE ACTIVATED! *BOOP* - The Suffering - Playthrough - Part 4
4XxugTP-TM4 (‚ïØ¬∞‚ñ°¬∞Ôºâ‚ïØ‚ÄãÔ∏µ ‚îª‚îÅ‚îªÔªø - Amnesia: Custom Story - Part 3 - Followed By Death (Ch 2)
4_hHKlEZ9Go Goodbye Comments.
4a_TPJxdz1s B'TCH I'M FABULOUS! - Cry Of Fear - Part 11
4aslqnS09hU THE COOLEST WEAPON! (Bloodborne DLC Gameplay - Part 2)
4awKvTfgKfU HOW TO: MAKE SWEDISH MEATBALLS
4b3jGvtCAIU SCOTT SHELBY FIGHTS ALL SCRUBS & GETS ALL THE LADIES! - Heavy Rain - Part 10
4b60lne9rD4 TRAPPED INSIDE A BUTT! - McPixel - Part 6
4bhaaYkMG0Q Penumbra Black Plague - Top 5 Scariest Moments! - funny subtitles
4cQx0nKPcsM CINNAMON CHALLENGE FAIL - (Fridays With PewDiePie - Part 22)
4d0TUHfpUoc THEY ARE ALL DANCING FOR US :D - Cry Of Fear - Co-op - Let's Play - Part 33
4dWIQ9N_tSc [FUNNY] TOP SCARIEST MOMENTS OF GAMING! (JUMPSCARES) episode 8
4esVjFQB_94 THE FEELZ - Among The Sleep - Part 4 (END)
4hqZqXnCmO4 Thanks
4icgsBAGnNg MAKE-UP RAGE CHALLENGE
4imI_lg8mJY ANGRY HENRY.
4jlDCS-z7TI 2020 Memes are gonna be EPIC - LWIAY #00105
4k-LxaUUyzc A LIVING NIGHTMARE! - Doorways - Part 2
4lfPmqGxYJY HARDEST TRUCK GAME OF MY LIFE.
4liAawdt55g CRAZY SCIENTIST! - Outlast Gameplay Walkthrough Playthrough - Part 6
4ndORV6qx8c Stairs (Badass Pewds Plays)
4pwen5vUw9A WHAT. IS. HAPPENING?! -  (Jazzpunk) #5
4qb3PckuYEI FROGGY 2012 - (The Witch's House - Part 3 - Playthrough / Walkthrough)
4qqhblaH3l8 JUMP PENETRATION! - Amnesia: Custom Story - Part 5 - Killings In Altstadt
4v777SLrT-s CLASSY GOAT! - Goat Simulator
4veZ2F8Vfeo Swing Copters - FLAPPY BIRDS SOUL RETURNS.
4yGLOHNPEhQ I KEEP GETTING RECOGNIZED... In VR - VR Chat #0001
4yazo_aARvo KILLING ZOMBIES! Mail Time! - (Fridays With PewDiePie - Part 49)
4zaKyGLVOvM KEEP TALKING AND NO ONE EXPLODES! (PewDiePie Animated)
5-tgO--55yI YOU WILL ALL BURN! - Lucius: Playthrough - Part 8 - Ending (Final)
50SQU8E-zpQ DEAD ANIMALS - To The Moon - Part 9 - [Playthrough / Walkthrough]
5163pfq4xAg READING MEAN COMMENTS. - (Fridays With PewDiePie - Part 78)
5289Gt3m9Jc Amnesia: Playthrough Part: 13 - SCARY PAINTING IS MAKING FACES AT ME D:
52K7N8kFFRY MY NEW COMPANY!  (Hunie Cam Studio - Part 1)
52PtNDXTvfU \
52XSfgxIudI Drunken Bar Simulator - VR - Asserting my Dominance over Tseries
56zBtMz-BAw SLENDER Is Watching! - Black Snow - Part 3
57fTojKivXo MA NEW DOGE - (Fridays With PewDiePie - Part 69)
58XDgRCKxl0 THE HOTTEST GAME IN THE UNIVERSE / Bayonetta / Part 2
59WBQFXqlSM YOU HAVE 60 SECONDS TO CLICK ON THIS VIDEO! (60 Seconds)
5BXMDIVioNE We lost (not happy)  LWIAY - #0072
5BwtTnxCv7I Neverending Nightmares - Part 2 - WHY DOES EVERYONE WANNA MAKE OUT WITH ME?!
5CEa3QqIB40 THE GREATEST CAKE
5CKv514ztdQ Reviewing YouTuber House Tours #2
5C_7OaBIk0c SAMMY SUE LIKES TO SCISSOR - Amnesia: Custom Story - Part 1 - Tenebris Lake
5D6kld6GSJ0 He married his daughters age - TLC #14
5DXRdOvZYsE 8 MILLION BROS!
5DvgE04YzU8 THE PEWDIEPIE IQ TEST
5HmKeuw5ntY DON'T TELL MARZIA: THE GAME - Doki Doki Literature Club - Part 3
5K6aq-EfRtE NO HATERS ALLOWED IN THIS VIDEO
5LG1WrOWpl8 Minecraft Big Brain - Skyblocks #2
5MvqOQ87z-Y TEACHERS PET! - Bully - Part 3
5MzQSH4dXfk LETS GO ON SAFARI! - Uncharted 4 - Part 7
5OFGDfFZULo I AM THE DEVIL! (Lucius 2)
5Oh-CW3nSIU This hit me out of nowhere... - Finding Paradise - #5 ENDING, FINAL
5PC5SGL4yhI JUMPSCARED BY BOOBIES! | PewDiePie
5Qn3EzaE3yc AMNESIA MADE ME CRY :'( - Amnesia: Custom Story - Part 2 - Killings In Altstadt
5RzSUp1DR7g Enviro Bear 2000
5SBFZhLA6NI THE Z U C C movie 720p HD LWIAY #0030
5SvOeoGDUng UNDERTALE - Part 7 (Pacifist Ending)
5TU-lm1TtWg #TANAFORPRISON
5UgEXod2RSY Bye Bye Minecraft  - Part 49
5UvWbvRpdY8 Big Ed And His 90 Day Wife BROKE UP?!  Ed & Rose - Part 2
5V5p7QyCE44 PLEASE GIVE ME A LARGER PENIS.
5WF0D4piAsA NINJA is drafted for WW3...  [MEME REVIEW] Ì†ΩÌ±è Ì†ΩÌ±è#74
5XqaB3OVHR0 CHRISTMAS THIEF! // A Very Organized Christmas
5Y0UNoS-Uqg Scariest moment in Amnesia... /w LIVE Commentary part 1
5YC5UQ8PQCc SLENDER GOAT.
5YoIIfODkX4 F@#%K WRECKING BALLS! - Dark Souls - Part 9
5ZB4_-NPojk Why I Gave Away My 100Mil Award.. LWIAY #00169
5_m-ozgAA_c This video could save your life!
5cJx_IqaUwA WHY OFFICE JOBS SUCK? - One Late Night
5dMaS9zncaI I'M A CAR!
5dqkIJxFFDw NO SLEEP TONIGHT! - Dream of the Blood Moon - Part 1 (Free Download)
5eBX1fw3LhE [Funny] Amnesia Scary Moments w/ Facecam! EP 4
5fmvHKk9l2w I'M SUPER HOT -- Super Hot -- Part 1 // Gameplay // Walkthrough // Playthrough
5gWdiDI8tp4 I Found Wardens Hidden Base and Loot in Minecraft
5gfkCRt1xcE COD WWII - LEAKED!
5goxj6G4D6Q The Dobre Brothers
5hPz3fojTLU ULTIMATE PRO SLEDDING! - Gmod Sleds
5hjerq7u3pw THE HARDEST LEVEL EVER EXISTED EVER I HATE THIS GAME NOW OK GREAT
5kOX6bZAZj4 WEARING FEMALE UNDERWEAR SAVES LIVES! - McPixel - Part 3
5lRtMeYNVeM Tyler Learns The Truth! - Fahrenheit / Indigo Prophecy - Part 12
5nPZAi4cBZc Critics Say This Is The Best Sims 4 House Creation!
5nZxIXyjyEo Protect waman at all cost!  - /r/whiteknighting/ #25 [REDDIT REVIEW]
5owENvvZUMU Alien: Isolation - Survivor Mode - TERRIFYING
5pEPpNpbnCI BROFIST (PewDiePie Song, By Roomie)
5qoTI_Uu-mU DreadOut - Part 1 - Indonesian Horror Game
5s3ekoDVo6Q Big Ed Faces BIG BACKLASH!  Ed & Rose - Part 3
5sKRjB_XLFk Enlisted Pro Gameplay / I've Become Enlisted..
5sxgok7MfE0 BEST. FATALITY. EVER. - Mortal Kombat X (All Fatalities) | PewDiePie
5tozZt7PqDw MY HOUSE IS HAUNTED! - Paranormal - Part 5 - Beta 8
5tquIYxxcQY Amnesia: Zombie Escape [Custom Story] Part 1
5tuJYMN2j58 RAGE GAMES!
5u8VYTQg4q8 James Charles RESPONDS , Tati RESPONDS, Projared RESPONDS
5wrfguOKlac REDDIT WANTS TO EAT ME! (Agario Part 1) | PewDiePie
5y2GTQ9jLbw THERE IS NO GAME.
6-_4Uoo_7Y4 DELETING MY CHANNEL AT 50 MILLION.
60C-bDF6PCk AWKWARD TOUCHING! (D4 - Part 3)
61686cq6s7c I'M BANNED..
639BCcy4spg Outlast Gameplay Walkthrough Playthrough - Part 3 - I'M NOT A LITTLE PIG!
63MyK7W81Xk HUMBLE YOUTUBERS /r/Humblebrag/ #10 [REDDIT REVIEW]
63NT6gImb9o WILL GIVE YOU NIGHTMARES! - The Crooked Man (3)
64eRDfEkqaM PLATYPUSSIMULATOR
666G9lbzIHk How Fish Is Made (HowItsMade #2)
66YF5s0oaAw BRUTALLY MURDERED SIMULATOR - Corpse Party - Part 1 (Chapter 5)
66uIwEoGVZk Amnesia DLC: Justine Part 4 - IM SO FUCKED D:
6Aj-D8Z8AME What's the meaning of life? Ì†ΩÌπå BOOK REVIEW Ì†ΩÌπå - March
6CAFMdHP0_M Mortal Kombat Fail
6Dh-RL__uN4 bitch lasagna
6DzTxyPHg2s THE FEEEEEEEEELLS!!! - Finding Paradise - #3
6FOJGg67UMk ROGUE GOAT // Goat MMO - Part 3
6FjdbO-CGC4 DISSECTING FROGS! - Bully - Part 4
6GGyrT3EQ84 15 Pounds Of Fun.
6HH-eD8bPdI DR. PEWDS SURGERY (WARNING GROSS)
6HgtnTwtVMw DRAWING YOUTUBERS
6HlMJO7WPR0 PPAP Pen Pineapple Apple Pen CRINGE.
6I4HDFSOc6U My favourite manga
6JLQWnyPPrI WHAT SHOULD I DO HERE? ? ! ? ! Walking Dead - Season 3 - Episode 3 (FULL)
6JNE1Kt8aOQ Inventions That Will CHANGE YOUR LIFE!
6JUR-yU4Wdw DRAWING FANFICTION!?
6KTVv9AGxQU HOT & COLD - Alice: Madness Returns - Part 7
6LyAmjOya-Y MS PAINT (The Art of Fanart)
6MEKM2amQ2E What went wrong here?
6NLy743EFIA Looking at my Analytics
6PM4snxz6Eo A NEW ADVENTURE! - Kingdom Hearts (1) w/ Pewds
6PsZD_y-T7A TRY NOT TO GET SCARED CHALLENGE!!
6QnA6laWaoc ZEBRA
6Qy1HmJ5V1I THE GUCCI FACEMASK + REVIEW - LWIAY - #0049
6RSHZmO-gk8 I SACRIFICE MY GIRLFRIEND (Kinect Party)
6SmCvKr4H68 TOP 5 MOST DISGUSTING CANDY. (5 Weird Stuff Online - Part 12)
6TOUoO5HhCA SOMETHING HAPPENED... [4/22]
6UFkZuul1qI Fatal Frame 2 Playthrough Part 6
6UoWLn4qNoI HOLY FLYING GOAT! (BeamNG #2)
6YR1y-qKtt8 Simp Police is exposing Simps  #74[REDDIT REVIEW]
6ZCS9trzaCw An Inspiring Story of A YouTube Commenter.
6_dPR4BMkzQ THE END OF BREAD (I Am Bread #4)
6br9PRrHTbM SCULPTING FANFICTIONS!
6cU7Jk2DPoc EPIC GAME CONTINUES! - Ib Walkthrough - Part 3
6dO2iKz9XgA I WANT MY LIFE BACK! - Dark Souls II - Part 2
6eBo7p-GXww Barbie Virtual Makeover - GOTY EDITION!
6f3ggHmxY-8 FIVE NIGHTS AT FREDDY'S COPIES!
6f42pQPP5TU I'm A Pretty Girl (PewDiePie Song) by Schmoyoho
6fXrhqUCmC4 Ì†ΩÌ≤¢ I M P O S S I B L E ? ! ? ! Ì†ΩÌ∏°
6h2S8uFnlCE I Found Markiplier In this Game. (amazing)
6huUwgqXfx0 KILL YOURSELF IN VR?! - (HTC Vive - Part 03)
6k35n8_7pC8 The Funniest Joke Ive EVER Heard.. [MEME REVIEW] Ì†ΩÌ±è Ì†ΩÌ±è#77
6kRWRbbu7-g TESTING JAPANESE TOILETS
6mxA4VSQ18o 10 MILLION BROS UNITE! - Charity: Water
6mxoVIgnGbA TRY NOT TO LAUGH! #07 **moustache edition**
6nP8SLkK0cM HIGHSCHOOL GIRL PEWDIEPIE
6ndUlcSrMtY SO MUCH SCREAMING! D: - SURVIVORS: Beta (+Download Link) - (Co-op Horror!) - Part 1
6nvLf_S7NRM Sumotori Dreams - YOU'RE MY B*TCH! - Part 2 (and download)
6q0uAevwQ2Q SMITING MY FANS! - Smite Gameplay
6q1weArxFlU Thank You
6qa3X87SFKE LEVEL 8 | CALL OF PEWDIE
6qmwPvvkUBw MY MENTAL BREAKDOWN - Bloodborne - Part 2
6t0CoN6cyWk I Eat Forbidden Bananas..Ì†ºÌΩåÌ†ºÌΩñÌ†ºÌΩåÌ†ºÌΩñÌ†ºÌΩå
6t2Ft3_UrPE GUESS WHO'S BACK? - Amnesia: Rain (2)
6tOregF63sA CANT WE ALL JUST GET ALONG? - Amnesia: Custom Story - Part 7 - Tenebris Lake
6uPD5q5BHR8 I paid Belle Delphine $0 (she is happy) TikTok part 12
6wAEw4PKMzI MY DEEPEST YOUTUBE SECRET... (Trolltube - UNCUT)
6wqiyvXIu9c YOU WILL HATE ME FOR THIS BROS // Until Dawn // Part 10 // Ending
6x9070FZ6I0 MEET MY FAMILY! - (Fridays With PewDiePie - Part 86)
6xkjgnPJzCk THE MERMAID!! - (Inside - Part 3)
6yBBO8PzWFI DRAW MY LIFE - PewDiePie
6yQ70Oid5zk ThisÌ†ΩÌ≤ïVideo Ì†æÌ∑°IsÌ†ΩÌ≤ó WholesomeÌ†ΩÌ≤ï#68b[REDDIT REVIEW]
6yXKqV1JdgA The Last of Us 2 - ENDING...  - Part 8
6yiMhbK57RA FLYING MONSTER! - Amnesia: Obscurity (2)
6zOC8QmBHMk DONT TELL MY GIRLFRIEND!
7-VEg5ouQ6w PINK BUNNIES AND OTHER CUTE THINGS! - Ib Playthrough - Part 5
70ZTpF3StWQ TRY NOT TO LAUGH / EPISODE 1 / NEW SERIES  - YLYL #0034
70nytc04pug NO MORE TWERKING FOR MILEY... (TTT)
71FLPvjHVj0 Playing Fortnite to stop Tseries (Im desperate)
71zTmGgmtvk I LOSE MY SHIT AND BREAK MY CONTROLLER...  / Dark Souls 3 / Part 4
73XDeGdl94w My Workout (10% Muscle increase)
74ARbmfpcuo I F*CKED RUBENS MOM! - Afraid Of Monsters - Part 13
752ndK2u_fs Funny Squid Game Meme *MEME REVIEW] Ì†ΩÌ±è Ì†ΩÌ±è#90
762TcGx9QWQ Amnesia: Playthrough Part: 4 - The bro is not a bro D:
769qlvMXYHw KIDNEY TRANSPLANT SUCCESS! (Surgeon Simulator - Part 2)
76euUwKmvKk What is this game (Onechanbara Z2: Chaos)
76weNpnyWVA Amnesia DLC: Justine Part 5 - AWKWARD CREDITS ARE AWKWARD (FINAL)
779VV9T1Tx4 Ender Dragon Hardcode.. I almost died... - Minecraft Hardcore #16
78IfMhVFBLk QnA with future Wifey
78c3_mW3hrw ZAMBIE BALLOONS?!!?!??!?!?
794Bpp8M1pE I might as well upload this since we are losing.. - Book Review
79XgafTW4PA There's something wrong with me (serious video)  LWAIY #0038
7A3fNaEqIMo PARANORMAL JEREMY IS BACK! - Doom 3 - Let's Play - Part 5
7AldEzC5fFk There is no video / There is No Game
7CgsGo9PRUg MOST HORRIFYING ENDING IN VIDEO GAME HISTORY! - Kraven Manor (2)
7DqnT-IhOR8 I AM A SKRILLEX! (3 Free Games) Motion Leap
7E0qBskfnNc POK√âMON PACK OPENING - SICKEST REACTION!! (PARODY)
7FF3tP8jlLg WHAT IS MY WEAKNESS? - Ì†ΩÌ≤® South Park The Fractured But Whole | Walkthrough Gameplay Part 3
7Fc9cJAH-tE I NEED YOUR HELP! :(
7GBa5Nv4FoM THE ULTIMATE MECHA HOUSE BOAT! - The Forest - Part 9
7HH4NpPHZSw YOUR NIGHTMARES COMING TRUE! - Corpse Party - Part 2
7MeFId_k1LA YOUTUBEISOVERPARTY (deleted version)
7NFXygkRiVI F&%CK JUMPSCARES! - Amnesia: Obscurity (1) w/ Heartbeat Monitor
7PIMiDcwNvc Marzia & Felix - Wedding 19.08.2019
7PuANCzUc8A REVENGEFUL LEE! - The Walking Dead: Episode 5: Part 3 (No Time Left)
7QSUllRuPXY EATING TOILET CANDY!! (5 Weird Stuff Online - Part 26)
7TrF-tLic3Q WOULD YOU SHOOT? / Quantum Break / Part 2
7V9a-s5kdu8 RAGE HORROR.
7Vej7sV3IAY CHRISTIAN CHANNEL. - LWIAY - #0008
7Vj5M0qKh8g THE RUBY PLAYBUTTON / YouTube 50 Mil Sub Reward Unbox
7WJBJ9OI1ds THE NEW SLENDER MAN?? - The Hat Man.
7YBDQDhtdjo Double Hetler.
7YicLK07lZA GTA V, FISH EDITION.
7Z-DMRTqadw Guess Who? (Garry's Mod)
7_2jhLZd4h8 THE FOOT CHALLENGE
7_U6lsdHYE8 HOW TO BE MLG! - Prop Hunt #3
7a-n8hELH24 YES PAPA MEME EXPOSED [MEME REVIEW] Ì†ΩÌ±è Ì†ΩÌ±è#33
7abl2PpD0GI BOSS BATTLING TIME FREAKING ME OUT D: - Silent Hill Part 7
7ckQm6RpwsA EPIC SPORE CREATURE! - Spore: Creature Mode - Part 2 (Prof Dickinssons son returns!)
7dqBX3y8p6g I GOT ROCKET BOOTS! (5 Weird Stuff Online - Part 16)
7eL37eOji7Y EPIC GLITCH! - Facade - Part 9
7eUB2voqORU PEWDIEPIE FANFICTION CONTEST
7fIWlkKyyXQ ELECTRIFYING SENPAI! - Yandere Simulator - Part 6
7gd2RlvHljs WE RIDE COLOSSUS TO MORDOR! - Shadow of the Colossus - 12th/16
7ihadHLpLWM SANIC BALL
7ix5pxqF7AA IS THIS A GAME OR A MOVIE? / Quantum Break / Part 3 / Full Gameplay
7n5U54WwG2c \
7qnKCXqzYXg WHY THE WEDDING IS CANCELLED - Overcooked 2 with Marzia
7r9shUPjsWA WHAT WILL THEIR BABIES LOOK LIKE #2
7rJUVmo8zmw IM IN TEARS, FINALE! South Park The Fractured But Whole | ENDING Part 13
7roOyZTupXg GREATEST SLAP OF ALL TIME! - Walking Dead: Season 2: Episode 4 - Part 2
7twF1t3Q1BE Amnesia: Abduction [Custom Story] Part 2
7uLZT8iEHLU This Reddit post got me teared up.. LWIAY #0092
7ua3g6NKvHY 97% of people cant tell what this is  #82[REDDIT REVIEW]
7vRlB3vKQSg 3:00AM AT THE KRUSTY KRAB
7w1KygZmu1g BOOBIES & VAMPIRES - Nosferatu - Part 1
7xBLndxNqVs I'm out of ideas for this channel...
7yP35-V042c South Park: The Stick of Truth - Gameplay - Part 1 - DOUCHEBAG JEW | PewDiePie
7yWL_HLLT3E CAN'T STOP DOING TRICKS! - (Trials Fusion w/ Friends)
82DNKlvlpI8 RIDING BIKES WITH NO LEGS - Happy Wheels - Part 22
8A5y1bDNi04 WHO'S THE REAL WITCH? - The Wolf Among Us - Part 3 - Episode 3 Makes sense too
8AvuSkS-kuY Update Vlog - LWIAY #00140
8B2dwVbTKDg WHERE IS PEE STORED? [MEME REVIEW] Ì†ΩÌ±è Ì†ΩÌ±è #9
8CQLIwwS-e4 SCP MONSTER?! - Alice: Madness Returns - Part 12
8CWPxcKcE7I Thanks!
8CsLB43xvQ8 Assumptions About Me...
8GU3jWgz3m4 NEVER Bring Your Minecraft Axolotl to the Nether....... - Minecraft Hardcore #20
8GhJ_vKgIyo [Funny, Horror] Clock Tower Part 1 - FRICKIN DWARVEN SCISSORMAN!!!
8HHZiNdrZGA I Made The WORST Minecraft MISTAKE There Is. .. - Part 40
8HehfOtRbUk Pewdiepie Is BANNED in China  LWIAY #0096
8HhhHUzSz2s HATE PEWDIEPIE
8IsTFI-akMM [Funny/Horror] Amnesia: TOUCHING NAKED WOMEN MAKES YOU GO TO HELL - Unsterblich - Part 1
8Le7yEPA5SY I did an Oopsie in Minecraft  - Part 21
8MGoqH0-u1c UNDERTALE - Part 5
8NCMC1ATmDk THERE'S A BUG ON MY FACE? - Siren Blood Curse: Part 10
8Ny55xLU6l0 KEEP CALM AND MAKE TEA! (AmpuTea)
8OK9WvurggM WALKING IN HAPPY WHEELS! - Happy Wheels - Part 56
8PLgOaVXmGU We need to talk about YouTubers promoting this... (BetterHelp)
8Q6pVF-S48Q DRINKING PISS FOR VIEWS
8QrCf43L8rw Kim Kardashian // Break The Internet - PHOTOSHOPS
8TnOc5K9Spk memes that keep me from skratting it all  YLYL #0058
8Tyathb-j8Y GUILLOTINE SIMULATOR (Oculus Rift)
8XRMMR4XU5s ANIME AF.
8aN7SUx_5NU TOILET EXPLOSION DEATH?? - (Lucius 2 - Part 4)
8aZAaSZfqqA THIS game is scary?????????????????????how??????????? - Doki Doki Literature Club - Part 1
8evLIBXr3jQ STUCK IN A MAZE
8f3mNcrJH3g GARDEN GNOME TOWER - Scribblenauts: Unlimited - Part 13
8gvxaYH6sO0 Pewdiepie NETWORTH revealed! Ì†ΩÌ≥∞PEW NEWS Ì†ΩÌ≥∞
8gzDFpskQbs Can You Spot the FAKE Gamer?  - Jubilee React #2
8hp6Ea_Cphc important message
8iSK3aFPt-8 NEW TERRIFYING HORROR GAME! - KHOLAT
8iqg9AiqzR4 I used to love this... ?
8iqy9RjIyWQ We BUILT the GREATEST thing in Minecraft - Minecraft with Jacksepticeye - Part 4
8ivpvQKVsco HOW TO HACK POKEMON GO! (Step By Step Guide)
8jlYMji_8jg The Walking Dead - FINISH HIM! - The Walking Dead - Episode 1 (A New Day) - Part 6
8kI-CtnWez4 Terraria - Part 5 - I beat the HARDEST Boss on 1st TRY! world record
8l_ZdLrNbzQ Woman Want 1 Million Dollars From Her New Husband - TLC #5
8n5XNYSLSag THIS VIDEO HAS NO MEMES - LWIAY #0043
8nLO3Ef91b4 THE FABULIZER! #3
8oXTvHWZIMk The Walking Dead - ZAMBIE KILLAN! - The Walking Dead - Episode 1 (A New Day) - Part 4
8piA_MQ5gQQ YOUTUBE'S SECRET UNCOVERED!
8q65TJ7C12o THE LEGEND OF STEPHAN AND CINDERELLA (Animated)
8qI9sUyfe88 PEWPEW LAZERS! - Doom 3 - Let's Play - Part 6
8sBJDso6l6A BUFFALO BUFFALO BUFFALO BUFFALO BUFFALO BUFFALO BUFFALO
8sBoyO_4FbI THE GAME OF THE YEAR 2017...
8sYNMf6AIbs CONTEXT.
8tEsxbCl21E SCARE PEWDIEPIE - OFFICIAL TRAILER - YOUTUBE ORIGINAL SERIES
8vL_U9VZvwk MOAR SPOOKS! - Pewds and Cry Plays: Garry's Mod: Scary Maps - Part 2
8wD802jdUJ4 i Ì†ΩÌ∏°hate Ì†ΩÌ∏°this Ì†ΩÌ∏° game - Trap Adventure 2 - #002
8yMwiXt0HOw FALCON PUNCHED! - Amnesia: Custom Story - Part 3 - Nintendo Castle Horror
8zNf17seIOM SCARY BEWBS! - Amnesia: The Small Horse: Part C - Part 2
9-4KnW_38CU VR was created for this - Phasmophobia /w Jacksepticeye
9-NijEwNYnA YOU LAUGH YOU LOSE \
9-srJEwu2nM GIRL MOTORBOATED ME! D: - The Calling Wii - Part 21
90Lmk7cUTdg BEST. MAP. EVER!!! - Happy Wheels - Part 48
91n83085CHU FLYING OCTOPUS! - Scribblenauts: Unlimited - Part 2
96SZCm0RudE Would you press?
96fLZarjbC0 THE LORD OF THE CATS. (Postal 2 - Part 2)
985lJuyWwlw 100% 100% 100% 100% 100%-- Catherine -- Part 6 | PewDiePie
9AemOdm8LrU IF YOU DONT LIKE AMY SCHUMER THEN YOU ARE A ....
9B6sP8I_qAA LITTLE REASONS TO SMILE - (Fridays With PewDiePie - Part 68)
9BANQXSmca4 UNEXPECTED ENDING - Walking Dead: Episode 4: Part 7 (Final)
9BM1DcSD3n0 DO IT AGAIN! - Skate 3 - Part 7
9CCDwMqnOEE HELP ME GET OUT OF THE TV! - Infamous: Second Son - Part 8 - Gameplay
9CCUwVh0Wzo HOW TO DANCE!
9CHFSG55-Pg Amnesia: Playthrough Part: 31 - DANIEL DID SOME NASTY SHIT
9EDtbxGxqsg HmMmMmMmMmMmMmMmMmMHmMmMmMmMmMmMmMmMmMmMmMmMmMmMm #76[REDDIT REVIEW]
9F-WPOCOLpI PLAYING WITH STRANGERS PUBG SQUADS
9F-bmJCa9vc I'M GHOST RIDER!? - Road Redemption
9FI4MXtRCmI Random Boss battles #83[REDDIT REVIEW]
9Fd722zh0M4 [Funny] Octodad - Molesting Father, Tentacle pr0nz husband, SecretÔªø Pewdie - Part 3
9GOuYM0epiE THE SOLDIERS ARE DRUNK - Beyond: Two Souls - Gameplay, Walkthrough - Part 3
9IINOQXl-6Q The Last of Us - Part 4 - Walkthrough / Playthrough / Let's Play - The Clicker Zombies!
9Jc97lB-lo8 HAPPY WHEELS 3D RAGE! + Ainsley Dies
9Jd1bHVYV2M In my defense..
9JqJDRkKlt8 THE PEWDIEPIE \
9K8wfz7fkBs SHE DID WHAT?! / Bayonetta / Part 3
9KqEdZiaCbY DEEP OCEAN IN THE DESERT?! - Journey - Part 3
9MXIiQuvT0A TIK TOK TROLLS funny compilation TikTok - Part 2
9N5cM8vyAWA Thank You  -  LWIAY #00165
9NEhkqbRM9Y Ranking Guys Based on Apperance -  Jubilee React #16
9NmKX3E4wu8 [Horror, Funny] Ju On The Grudge (PC) - DONT WATCH THIS ONE, DONT! ;_; - Part 4
9OBh4CyplCU POKEMON GO FROM YOUR COMPUTER!! (Pok√©mon Go - Part 4)
9POfmE1jNyw SCARIEST PART! - Amnesia: A Machine for Pigs Gameplay Walkthrough Playthrough - Part 4
9Q4Ib0rdFpY I IDENTIFY AS... South Park The Fractured But Whole | Walkthrough Part 7
9StmGwmNolo [Funny/Horror] Amnesia: SO MANY SCREAMS IN THIS ONE ;_; - The Attic - Part 2
9TW_vbG7OEM They say this game is hard..
9TfbfS7dbKc I Made a Huge Mistake in the Nether - Minecraft Hardcore #3
9TyU2gIRgtI DO YOU EVEN ARCHER BRO?! - Probably Archery
9WLcwuYXBg4 VIKING RAGE! - Volgarr The Viking #1
9ZY06FUYrG0 HARRY, WHAT ARE YOU DOING HARRY??
9c2YYCCYUBQ You Lose You Laugh  - YLYL #0061
9cVMoYMqMFU Prop Hunt - Garry's Mod - Part 1 - HOW TO TURN INTO A LAMP!
9dQhUp-YmjM HOW TO SPEAK SWEDISH (BroKen #2) | PewDiePie
9dzRxKDovGM Amnesia: Playthrough Part: 21 - WTF IS A WOODEN CRANK?
9f8vH-_wOOg The Wolf Among Us - Episode 2 - Part 1 - THE WOLF IS BACK!
9fWwNj437e0 THIS GAME WILL CHANGE YOU! - Daylight - Part 2 - Gameplay
9fi_VVT6J-Q How NOT to Cook Meth! (Payday 2)
9gXmxhXymZk Toilet Simulator 2013, Robot Vaccum Simulator 2013 & Curtain Simulator 2013
9hPxn8fOcZ4 My friends expose me..  /r/quityourbs/ #26 [REDDIT REVIEW]
9jS9Qhc63C0 Are You Racist? (Test)
9jeJbdVl2jI Minecraft Multiplayer Fun
9k_CLHkhBW0 BOOBSBOOBSBOOBSBOOBSBOOBSBOOBSBOOBSBOOBSBOOBSBOOBSBOOBS - Uncraft Me
9lNpdPRkhi4 I BEAT THE AKINATOR
9lkqdQsLcQE GIANT NYANCAT! - Scribblenauts: Unlimited - Part 3
9mnyKy0AS4U Nightmare House 2: Playthrough - Part 6 - DERP
9oQGHoARBq0 I kept this hidden for 10 years.. - - LWIAY #00143
9plfmbiQ57w TEABAGGING IN VR - (HTC Vive - Part 01)
9rcXk_29CS4 [Funny/Horror] Amnesia: WHY CANT WE BE FRIENDS? - Nightmare
9t5ItWlWyDg GREATEST VOICE-ACTING IN ANY VIDEO GAME EVER - The Typing of the Dead - Part 2
9y871YfIeAk Playing PUBG Mobile Zombie mode to STOP TseriesVIRUS
9yMmqckmV5E HOW TO FLIRT WITH GIRLS! - (Fridays With PewDiePie - Part 57)
9ydL73M-6Xk YouTube Culture?
9ykjgNAgTT4 SPAWNING SATAN IN SIMS 4
9zH_4RPaCvI Terraria - Part 6  - My wedding 2.0
A-fRDRPHb3I FINISHING! - FACADE - FINAL Attempt
A1Nt2cns2zs GAINING YOUTUBERS TRUST... (Trouble In Terrorist Town #1)
A1iqCa0Qv1c Dreams - The most UNIQUE game I've EVER PLAYED!
A2Gh4PBt9k4 Big Ed Returns With More Cringe Xd
A4Z9o3ptDyE THIS GAME.. IS MESSED.. UP! - Corpse Party - Part 4 (END)
A4wqHeoZ2mI DON'T WORRY ABOUT IT!  - (Pewds Animated)
A7_3IvchOhk I GIVE UP... / Getting Over It / #4
A82nS-EoqFo CROWBARS ARE GOOD SWIMMERS! - Amnesia: Custom Story - Part 3 - Insanity : Nocturnal Confusion
A864aJtXyqY THIS VIDEO WILL KILL YOU! (The Graveyard)
A8F_j9NiUOU BURNING ALIVE - Outlast DLC: Part 3 (Whistleblower)
A9rOTxy_Aps MY SETUP TOUR 2018 v2
AAODp5upEF0 Decade of Pewdiepie, photos from my childhood
AARzzUlBocY its legal [11/22]
AAUiyQyEARs \
AB2TDgMr8P4 SPONGEBOB GOES TO STRIPCLUB!!!
ABmkrD2BXow STOP CALLING ME THE KAZOO KID!
ACmQY8vyjAw Sculpturing Kim K's Butt!
ACr9bKzVb50 CRAZY GRANDMA! - Fahrenheit / Indigo Prophecy - Part 6 - Playthrough
AFBAcCM5qrU Things we all have done - #85[REDDIT REVIEW]
AFeQRNvOqSg NAUGHTY SELFIES?! - Corpse Party - Part 2 (Chapter 3)
AJS6GmyoAsQ BroKen Podcast #1
AJcDqagy9HQ Rating the dumbest deaths in history..
AK62INlzOgY YouTube Highschool. (CutiePieMarzia)
AK9G9ausEks LAYERS OF FEAR (Full Game) (3)
ALdcQLLAmSI (GONE SEXUAL) CHICKEN HORSE
ANCvUG5tf5Y THIS GAME WILL TURN YOU INTO A MAN!
AP1Scjdy_Kc I MADE IT TO THE TOP! / Getting Over It / #8 FINAL, ENDING
APAp8Tgzcf8 Travis Scott Apology Review Ì†ΩÌ≥∞PEW NEWS Ì†ΩÌ≥∞
APqDaIDyKeA IT FEEDS! - Black Snow - Part 2
ARC6mZTmLOs I Found The New Forbidden Minecraft Block.. - - Minecraft Hardcore #23
AS8taGppr4A I See You
ATYXYBLD5uI POKEMON GO | GOING TOO FAR? (BeastMaster 64 Episode 1)
ATgLmELcZRY NEVER SAY THIS TO A GAMER!
AUEN8o6gQUo 7 SECOND CHALLENGE! - (Fridays With PewDiePie - Part 85)
AVUBqm1GuKE The Worlds Cheapest Date - TLC #26
AWOF2-Jyw_4 Responding To My Minecraft Crimes...
AWqoUpOhx6s CREEPIEST SLENDER GAME! - Slender (Mod)
AXKGowf65mY THE ULTIMATE YT GAMER COLLAB
AY3OX809dzM WOULD YOU TRY THIS NEW HOT POCKET????? [MEME REVIEW] Ì†ΩÌ±è Ì†ΩÌ±è#30
AcKLS8D-B80 The Worst Cooking I've Ever Seen...
AdMGchRQVbg We are storming Area51 [MEME REVIEW] Ì†ΩÌ±è Ì†ΩÌ±è#61
AdseIdK2Ga8 SHOULD I BE PISSED ABOUT THIS?
AelzlLDT0pM DOING THE IMPOSSIBLE!
AgG7oiKRE_k The Last Of Us Gameplay - Part 5 - Walkthrough / Playthrough / Let's Play
Ah5MYGQBYRo Ending the Subscribe to Pewdiepie Meme
AjsSSOuH0dA A SAUSAGE FEST! - Prop Hunt
AjtWDWezTlI TWILIGHT? GO F*CK YOURSELF! - Nosferatu - Part 5
AkAPcXsLPBA MY KISS WITH HARRY STYLES!
AkdZiERMjjI BEHIND THE SCENES FOR THE MAKING OF SCARE PEWDIEPIE
AlbJJVICBFc SEXIEST. MONSTER. EVER. - The Forest - Part 5
AmanAPUcZlw THIS GAME MAKES NO SENSE! #2
AnSFJXZjOGU PewDiePie: Legend Of The Brofist - COOP Mode! - (Legend Of The Brofist - Part 04)
AnyFCLkLWpU Siren: Blood Curse - Playthrough - Part 2
AqEeXAOItEs RUN LIKE YOU HAVE DIARRHEA! - Battleblock Theatre #1
AqnJCsEoscE KISSING MY GIRLFRIEND
AruBk4pWrws BESSIE THE BEAST.. RETURNS!
AsbdFHU36Cg MASTER THIEVES! - Monaco - (4 Player Co-op) Cry, Ohm, Ken, Pewds
AtO6EZoYCBA This Guy Wants To Sell His WHAT? For $35 000! - TLC #6
AuavqTEaWQU EPIC LEDGE JUMP! - Shadow Of The Colossus - Part 9 - Storm Echo \
AwMAwoS4cjE Ghost of Tsushima #1 - SAMURAI TIME
AwQWvm4Zzw8 [Funny/Horror] Amnesia: LETS GO SHOPPING - The Unforgiven - Demo
Ax12hEOhqIc I GIVE UP........ - Resident Evil 7 - Part 7
Ax5yPacxur8 [Funny, Horror] Exmortis - WORST PARTS START NOW!! -  Part 2
AxGeguwy5m8 YOU SPIN MY HEAD RIGHT ROUND RIGHT ROUND WHEN YOU LIMO DOWN LIMO GO DOWN DOWN - Roundabout Deluxe
AxMisL-0tk8 WHACK GAMES
AxRVqcAwzUE How Pringles Is Made (Shocking) (HowItsMade #1)
AxoDPIFJYcE MY NEW LOOK! - Beyond: Two Souls - Gameplay, Walkthrough - Part 7
AyYmTkR3pS4 Amnesia: Through The Portal: Custom Story: Part 3 - IT'S RAINING PIGGEH AND BROS
Az6tyJ6JotQ BEST FAMILY EVER! - The Sims 3
AzIfojeBRuw Amnesia: Custom Story: La Caza - Part 3
B-OnfhYJfiM WE'RE SO SMART! - Ibb & Obb - Part 2
B0E0bghg00E MY TOILET DIED! ;_;  - Condemned 2: Blood Shot - Lets Play - Part 4
B0E4Rit6oPc NIPPLE FACE - Battle Block Theater #3
B1Fdg8VVTec STEALING JETS! (GTAV Funny Moments Online #2)
B37t7b3CK58 Amnesia: Custom Story: La Caza - Part 2
B4BBFjk_Dao How to  w/ KickThePJ
B4qarUGYX8I TOP 10 REASONS TO FLY UNITED!
B5hzJMbBaHE Deadpool - EASTER EGG BABE PARTY - Part 6
B67OBHNCopk YOU HAD ONE JOB! - with editor Brad1  /r/youhadonejob/ #33 [REDDIT REVIEW]
B6Ev659VLb8 The Most Adorable Horror Game Ever.
B7UwdBNRFS4 I'M SORRY, THERE IS CLEAVAGE THOUGH! - Heavy Rain - Part 16
B7bSivO77Ec SWEDEN VS USA! (NEW BroKen #1)
B7q4YsqsGyE People are freaking out over Bowsette... and here's why [MEME REVIEW] Ì†ΩÌ±è Ì†ΩÌ±è#36
B88au83E_ec THIS. GAME. IS. AWESOME! - Sunset Overdrive
B8e00_4TqFY MrFeast KICKED OUT Of Store, What Happens Is Shocking
BALmm9EzpDY A DAY IN THE LIFE OF A YOUTUBER! - (Fridays With PewDiePie - Part 89)
BATg388DiDQ Try not to Laugh Challenge - Beta 1.0  YLYL #0057
BBTpuIUT1tc STEPHANO IS BORN! - Ni No Kuni: Wrath of the White Witch w/ Pewds (4)
BD75xpLh4wU POODIEPIE PARTYE! - (Jazzpunk) #4
BEi_1aV6-TE Tik Toks that makes you want to cancel nature..  [TIKTOK#9]
BFhkQqo4BSk DIE IN THE GAME = DIE IN REAL LIFE!
BGEPcDLs3AQ HITCHHIKER SIMULATOR (Rides With Strangers)
BG_ESa_8-zQ Discourses of Epictetus idk
BGi17Tw_zYQ AM I A GOOD PERSON?
BI3I79s6ghQ HOW TO: GET FANGIRLS.
BI7zlb7nUUw GAME OF THRANS - Episode 1
BIkvy7fVOgc Time To Say Bye.
BKJK3deta6I REALISTIC JETPACK SIMULATOR // Piloteer
BNHl6C-KyKU THE ULTIMATE RAGE.
BNsGoG7yogI Technically The Truth... #64 [REDDIT REVIEW]
BPnQiqhQY5c How to: Survive ANYTHING
BQk6Ha3I_90 BAD TATTOO? (3 Free Games)
BSWmecEayzA This was completely spontaneous
BTzZ9Tn9joY Responding To The VTuber Controversy (omg)
BUaKeMm_SJI THIS IS NOT A BEACH ITS A BATHTUB. - YLYL #0005
BUfl8XW5K6E STOP BULLIES.  BUY HEADPHONES. #BullyHunters Ì†ΩÌ≥∞ PEW NEWSÌ†ΩÌ≥∞
BX3r67rVan8 MAIL TIME! - (Fridays With PewDiePie - Part 51)
BXO1J3y2i6w No Swear Electric Challenge. (The Impossible Game)
BZHfyiQYVhw I AM THE DEVIL! (PewDiePie Animated)
BZRgYLlvF2Y COMPETITION FOR MY SUBSCRIBERS! -  (Fridays With PewDiePie - Part 2)
Ba3IP_XOgxs Man Loses EVERYTHING To Wife...  TLC #9
BaJcA_j-cI0 ENDING! - Lets Play: Silent Hill 1 - Part 18 (Final)
BcOSvBWv0JA TOP 5 WORST (or best) CHRISTMAS GIFT IDEAS!
BgTvENNproM WOULD YOU KILL BABY HITLER?
BgtWvrORqa0 VEGAN GAME FOR VEGANS
BhIjsKSMQuk Barbie Adventure: Playthrough - Part 2 - ONLY FOR HARDCORE GAMERS
BhkBifP4aiQ PewDiePie Fanfiction Animated: Pewd's Secret
BkhBMpacJfE TOP (100) STREAMING FAILS
BlCXgpozrZg Sponsored by USA - This game was made by the government...
BlGS9OES_pA WE'RE GOING TO THE HATTER! - Alice: Madness Returns - Part 3
Bl_Ubt1MBWE THOMAS. WAS A TRAIN ALL ALONG. #2
BmxCR4_abd4 His Name Is Pewdiepie - Extended Version (By Roomie)
BnR13ebPorE BIRDS SPEAK AXENESE! - Cry Of Fear - Playthrough - Part 25
BnnVSCRiq6M HOW TO POOP: TEACHING MY SON -- Ark -- Part 6
BoeM9Jsle84 OFFLINE: Streaming for: CharityWater
BomQERnt6O4 Barbie Adventure: Playthrough - Part 1 - RAGEMODE
Bp5zAGVP0K0 YOU LAUGH YOU LOSE , TRY NOT TO LAUGH SUPER HARD EDITION  YLYL #0039
Bpyb6RslpnI PHOTOSHOP COMPETITION (Wtf Edition)
Bq2pP5yfLyg RICK ASTLEY?! - Scribblenauts: Unlimited - Part 8
BqPbPyx6UuU I DON'T WANT TO PLAY ANYMORE! D: - Silent Hill - Part 4 - Lets Play
BqZ8VrKxwfo New Minecraft Update is a disaster.. - Minecraft Hardcore #19
BrMMYtkiEK0 Try Not to Laugh: Oblivion Edition YLYL #0044
Bt2N_UeTrJ8 PIKACHU USE THUNDERBOLT! - Condemned: Criminal Origins - Lets Play - Part 12
BtGVVFrNotc DRILLING BULLS! - Amnesia: Custom Story - Part 4 - Insanity : Nocturnal
BtLOs67vkRI PickUp Artists Needs To Be STOPPED Ì†ΩÌ¥¥ ‚ö†Ô∏è
Bv3MLlYqPZw A FAST-FORWARDED \
BvbOI7Djtac PRAISE THE LAWD FOR YOGA PANTS! - Infamous: First Light - Part 2
Bvc5vBK-wbs HAS FANFICTION GONE TOO FAR? // Sonic Dreams // Sonic Movie Maker
BvmyJRoKtuo Man Lives in his Jazucci... TLC #24
BwBhgONTTbQ HOLDING THE TEARS! - Life Is Strange - Episode 5 - Full
Bwt0ol4FtmA REAL NAKED GURLS! - Happy Wheels #71
BxglZNV1fqA EVERYONE IS DEAD! - TTT
By_Cn5ixYLg YouTube Rewind 2018, but it's actually good
BybeL6iOo4Q AWESOME NEW FREE HORROR GAME! - Erie: Part 1 - Let's Play (+Download Link)
BzvJADDVJ_k TRIGGERED BY TUMBLR.  /r/tumblrinaction/ #18 [REDDIT REVIEW]
C0V4TH1Pn2s Fatal Frame 2 Playthrough Part 1 - SCARY GAME IS SCARY ;_;
C0kaHon3I3o CATAPULT SIMULATOR! (Besiege)
C1ObitoLwhM Trap Adventure 2 - WHO MADE THIS GAME AND WHY Ì†ΩÌ∏°Ì†ΩÌ∏°? ! \
C24s3SA0IHE The Biggest Liar Cheapstake! - TLC #16
C2W_W0XQUGk ONE DOES NOT SIMPLY RIDE A ZOMBIE INTO MORDOR! - Cry Of Fear - Part 6
C2fRC55rA8w vlog from the afterlife  Japan Vlog Part 2
C2kD4JrDZoQ SCARIEST GAME IN FOREVER!! - LAYERS OF FEAR (Full Game) (1)
C66jqS41dd4 A GURL??! - Silent Hill - Lets Play - Part 11
C6YK_BzNpqs STABBING BARRELS WITH STEPHANO! :D - Happy Wheels - Part 57
C7eMPUVEH00 THE IMPOSSIBLE QUIZ! - The Impossible Quizmas
C7quxBo6pdk DeadPool - AWESOMENESS CONTINUES! - Part 2
C8C8cI3Nx_E Pulse - Part 2 - GOTTA HUG THEM ALL!
C8o6udnHNlw BETTER THAN FIVE NIGHTS AT FREDDYS?! (Boogeyman)
C8r3GhpWJEI You Laugh You DONATE  - YLYL #0069
CAEZ5KzUBGE Alien: Isolation - Gameplay Walkthrough - Part 2 - I'M NOT ALONE HERE, AM I?
CBJcC6ZqVPY Ì†µÌ∫ÉÌ†µÌ∫ëÌ†µÌ∫é Ì†µÌ∫ûÌ†µÌ∫ïÌ†µÌ∫ùÌ†µÌ∫íÌ†µÌ∫ñÌ†µÌ∫äÌ†µÌ∫ùÌ†µÌ∫é Ì†µÌ∫ôÌ†µÌ∫äÌ†µÌ∫íÌ†µÌ∫ó Ì†µÌ∫íÌ†µÌ∫óÌ†µÌ∫èÌ†µÌ∫ïÌ†µÌ∫íÌ†µÌ∫åÌ†µÌ∫ùÌ†µÌ∫éÌ†µÌ∫ç Ì†µÌ∫òÌ†µÌ∫ó Ì†µÌ∫ñÌ†µÌ∫äÌ†µÌ∫ó  [MEME REVIEW] Ì†ΩÌ±è Ì†ΩÌ±è #13
CBwJF75wZnw THE SIMULATIONS OF THE MATRIX
CF3jK8ai0l4 New GTA Definitive Edition is hilariously bad
CFy-JKPhbOk Oculus Rift: AaaaaAAaaaAAAaaAAAAaAAAAA!!! for the Awesome
CIQpouCWaKo Showing Jack My Tik Toks [TIKTOK#13]
CJd62TwHhO8 I Forgor Ì†ΩÌ≤Ä  -  LWIAY #00169
CMZO2ls7WV0 WILL HE FALL? - The Last Guardian - Part 5
CNl_QTTk50o Pewdiepie Minecraft Olympic Games
COy6qxWZRUI FANS vs PEWDIEPIE
CPXhjBAYZSg Best of 2015 Montage - PewDiePie
CRBDtVjtJf8 SHARK LIFTING
CRlNq2_lNNg I NEVER CHEAT! - Amnesia: Custom Story - Gary Dark Secrets - Part 4
CS2rs_Lja7Y BULLYING IS BAD - Misao (3)
CSSQvuXZ594 My Minecraft Addiction Needs to be STOPPED  - Minecraft Hardcore #18
CSmn_x4x9tU GOOD ENDING - Infamous: Second Son - Gameplay - Part 11
CTKU3nX-vps BARRELS... BARRELS EVERYWHERE! - (Sunday With PewDiePie)
CWE8Wb-wKOc THE MOST FABULOUS GOAT
CYlXKLickFI FIRST SHES A DOLPHIN, NOW SHES A SPIDER - Ju On The Grudge (PC) - Part 13
CYxtOfvkXeo HARRY POTTER FANFICTION
CYxw78Fhaug SUPER EPIC ULTRA IMPOSSIBLE JUMP! - Happy Wheels - Part 38
C_t5K7f8SWs WHEN SHE GIVES YOU THAT LOOK  - Uncharted 4 - Part 11
CaXcynhgPUc HELLA SCARY! - Neverending Nightmares
CbhnuRhbX5I A GAME THAT I DON'T SUCK AT?!
Cbn31vBH1C8 WHY IS THERE MORE? - Impossible Quiz 2
CdRSxUHd_Zg 666th VIDEO! - Paranormal - Part 3
CdjsOAfaqtI FASTER THAN EVER! - Nightrider: Turbo
Ce11NMlBOTo Which is my worst CONTROVERSY?
CeFdeORYPOQ IRRESPONSIBLE MOM (New Character!) - Happy Wheels - Part 62
ChpMS-4axZk WITNESS THE MIRACLE OF CHILD BIRTH
Ck0s9A_g-CU REAL LIFE HORROR! - As Above So Below: Catacombs Challenge
ClqRIMpClWM I joined a Photoshop Competition (NOT GOOD)  /r/photoshopbattles top all #55 [REDDIT REVIEW]
CmXQcs-iScA Top 10 Ways Humanity Goes BYE BYE Ì†ΩÌ±ãÌ†ΩÌ±ã
CmsomX8J9gw ScribbleNauts: Unlimited - Let's Play / Playthrough / Walkthrough - Part 1
CmvBfELf6TM READING HATE COMMENTS ABOUT MY NEW HAIR!
CoP2C77aeYk I FOUND MY CLONE!! - (Fridays With PewDiePie - Part 105)
CovGv3KQozk Friendship Is Magica!
CqFONvld5jQ DOCTOR MODE! - Cry Of Fear - Let's Play - Part 29
CquAVMFPDYM Pewds and Cry Plays: L4D2 - Custom Map - Part 1 (mini series)
CrGa54rpvF4 SCARIEST GAME? - Outlast Gameplay
CrwacCIRAEQ SLENDER JUMPSCARE! - Happy Wheels - Part 58
CswqRxiKXW4 AMNESIA MAZE SINGING - Amnesia: Custom Story - Part 4 - Killings In Altstadt
CuDHX8D8Fns HIT BY MY OWN CAR! [5/22]
CxerH3TpsgY A WORLD RECORD! - (Fridays With PewDiePie - Part 64)
CzB63T-R134 they finally made a scary game - poppy's playtime
CzZ80Dl9Moo KSI responds Ì†ΩÌ≥∞ PEW NEWSÌ†ΩÌ≥∞
CzrUVbvGNeM UNBELIEVABLE GAMEPLAY!!! - Uncharted 4 FULL GAME Part 1 / Walkthrough/ Playthrough
D-khPBtPjn4 NERD RESPECT! - Bully - Part 2
D0D7cEbqtzg I NEVER RAGED THIS HARD - The Last Guardian - Part 9
D0WJ38C5o2o MOST INTENSE GAME MINIGOLF OF THE CENTURY OF THE UNIVERSE, I SWEAR!
D0fte0DEOHs Spiderman fans please explain yourselves..  #97[REDDIT REVIEW] /r/blursedimages
D3UebgcVsIM THANKS I HATE IT - /r/thanksihateit top all #49 [REDDIT REVIEW]
D4DEdPaFDNE Try Not To Laugh #06 - I HAD TO KILL HIM WITH FIRE...
D6GCYjyifnM CATAPLUTTER! - Silent Hill - Part 13
D8oAy2Phn8s The Worlds Most Powerful Handheld Laser! (5 Weird Stuff Online - Part 14)
D9OUSSeeF8o BARREL ROOM EASTER EGG!  - Grey - Lets Play - Part 4
D9o_vJlyoHY THE SCARIEST MOMENT! - Resident Evil 7 - Part 5
DAJnyRlcY10 GAME HAS JUMPSCARES ;_; - Condemned: Criminal Origins - Walkthrough - Part 2
DBDXUr47LxU TRIPPIEST GAME EVER?
DBhsbTjn7RI The LOUDEST Sound in the World.. w/ Jacksepticeye
DCkydkdhL8M How to AVOID Avengers Endgame Spoilers [MEME REVIEW] Ì†ΩÌ±è Ì†ΩÌ±è#56
DFTAdx_EASA Games That Defined Me Growing Up
DHdH316gm_Y LAND CRABS! - Pirate Ship Wars #2 (Garry's Mod)
DIDe8JctUGs I found the LIGHTNING TRIDENT in Minecraft! - Part 24
DIfZYTm3Ub4 (Shitty) FOOD PORN
DJQvOaj00IE Google Map Top Fails (very epic fails)
DJq3nXQ7vUE I'M ON ENDER'S GAME RED CARPET!
DK2Eb0WroPI I GOT THE ZUCC HAIRCUT - LWIAY #0031
DKpeheWp980 The Walking Dead 400 Days Gameplay DLC (Shel) Part 4
DLaoI_Cv1D4 THESE GLASSES MAKES YOU DRUNK
DMosGpt4XtA Pok√©mon In Real Life?!
DMw6o7497To DANCE PEWDIEPIE DANCE! // INDIES VS PEWDIEPIE JAM WINNERS!
DNjq99nVPXs BEST VR EXPERIENCE SO FAR!!
DSNe6syMXKs MY FAVORITE HORROR GAME (The Joy of Creation: Reborn)
DUT4r5pY3p4 Dual Minecraft Lets Play! Episode [004] - Heading Back Home!
DVZ6FqKMcgM MUST SEE ending! - Half Life Alyx - Part 6
DVeTX4w_QXs RUN TO THE LIGHT! - Cry Of Fear: Custom Maps: Memories: Let's Play
DWVvKrXWOSE MY NEW TATTOO!
DYlesHOaPkY Unboxing 100 MIL YouTube AWARD!!
DZD5laMuW8U Reacting To Strangers Secrets
DZHQwtIkgv4 Zero Death, Pewdiepie game!
D_BL6RQRunc FINGERING SHREK (Art of FanArt #2)
D_WfBl0yejg MOUSTACHE SHOOTING PUGS! - Scribblenauts Unmasked Gameplay - Part 4
D_Zjr4fK7R0 WHO'S YUR DADDY? -- Catherine -- Part 7
D_c4uruJV2U Talking about some stuff Ive never talked about..
D_hlbyptFoo The Walking Dead: Season 2: Episode 5 - Part 4 - Ending - Final - MANLY TEARS.
D_sdz70Ifno MEGA JENGA!
DaGNSJ2b8tM STEPHANO A TRAITOR?! - Amnesia: Custom Story - Part 2 - Sins Of Our Past
Dauk89UVftM What is Tik Tok and is it Safe?  TikTok - Part 8
Dd8nxXW9_bg How To: GET IN SHAPE! (Shape Up)
DdQhRCto_MI PEWDIEPIE HITTING UP THE CLUB - Conker's Bad Fur Day (9)
Di3IwY_FQ2I Ib - GUILLOTINE KNOWS CHOPNESE!!! - Let¬¥s Play Ib - Part 2
DjqLaUhtPR4 Justin Bieber Simulator 2015
Dkq_2gHYSBY MY GREATEST ACHIEVEMENT! - Stanley Parable - #4
Dn57_71Fyuk THE WALKING DEAD: MICHONNE (Full Game) - Part 1
DoFZmdjJu6s CHOICES. EVERYWHERE. (Dyscource)
DofeZTYjPLg DO NOT Ride The New Minecraft Mount! - Part 43
DphQtvXKaYs [Horror, Funny] Ju On The Grudge (PC) - Part 7
DqTzI06Uk3g EVIL BENGT'S COMEBACK! - Happy Wheels - Part 66(6)
DqX5QUzVpHI The Last of Us: Left Behind: DLC - SO DAMN CUTE! - Part 2
DrMeWrOcypc MANLIEST GAME EVER! - Bromancing Saga II: Brofessional Mansassins
DrUvsgJTlUA SNAPPY SNU! - Amnesia: Custom Story - Part 1 - Lost The Lights (+BONUS)
DrZfYbOr6sE WEIRDEST PICTURES OF THE INTERNET?
DuL2y6V9dvI WHEN VIDEO GAME WORLDS CRASH... - Kingdom Hearts (3) w/ Pewds
DvoRAKhk_tI wtf am I doing with my life.
DwJvLuoBmpY YOUTUBER EDITION! - Mount Your Friends
Dy3ege2nD6M #THANKSMAS Cyberpunk Part 4 / Among Us End
E0Y4PwAtpV8 I WON AN AWARD!
E0asAgpHvaI This video is Mildly Infuriating.. /r/mildlyinfuriating #47 [REDDIT REVIEW]
E17qI5lVGVg CANNON BALL! - Happy Wheels - Part 64
E1hzmNW3sAU THE HOUSE (SECRET BONUS MAP) - Ju On The Grudge (PC) - Part 14
E1jMKygqYQ0 ILLEGAL HORROR GAME?! -- Satan Satan.
E1zLaK1TH54 VR Has gone TOO FAR!
E2J4cSQie8A MY NEW SHOW! Impossible YLYL #0048
E41Gmib1esk Gretel & Hansel
E4aw3y1TAvs THE (WTF) END -- Catherine -- Part 10
E5GJGLGse1o THE HOTTEST ALIEN! - Alien Isolation - Gameplay Walkthrough - Part 7
E63Rhzc3PEE PHOTOSHOP THIS PLEASE!
E6AkVnREPxQ POKEMON GO GAMEPLAY / ADDICTION! (Pok√©mon Go - Part 1)
E6o1cDACF58 IM THE BEST PLAYER IN THE WORLD EVERYONE ELSE IS A SCRUB I SWEAR #LOl 100% - Mortal Kombat #4
E77IZHX3Ctg MOST HEARTBREAKING GAME EVER! - Can Your Pet - Lets Play
E9XVVW7G_Fg YouTube News Are Giving Me $25 Million! Ì†ΩÌ≥∞ PEW NEWSÌ†ΩÌ≥∞
E9vF215E5lw My IQ Revealed!  LWIAY - #0075
EAYujIqIMW0 SCREAMING WITH MY GIRLFRIEND.  - (Fridays With PewDiePie - Part 100)
EAseH3ji1_o New Challenge: You Laugh You Lose  YLYL #0056
EAsqIPdqscA BROFISTING MYSELF??
EBsAH-XuI-0 MY BALLS LIFT OFF! - Amnesia: Rain (7)
EC7gdOUvsAc The most awkward moment Ive ever seen.
ECU0aOkLsvU Ideas from people with BIG BRAINS  #42 [REDDIT REVIEW]
EDYQnhLxjJU Slender: The Arrival - Part 1 ORIGINAL SLENDER GAME RELEASED!
EHINZ2Arr2U TIME FOR REVENGE!
EHayl-2GoRc SHRUBBERY SIMULATOR (Suicide Survival)
EI6kf7PGIwQ This Video Will Make You Anxious... // Rocket League
EId-Bl5OhAE I ate every single Italian snack.
EJs0LiIfPV4 SPONGEBOB IN REAL LIFE?
EK100A-nfC4 MOST PAINFUL GLITCH EVER / Quantum Break / Full Gameplay / Part 7
ELF-koTSnUM Misery STALKER: Call of Pripyat - Mod - NOT playing this again....................................
ELgTmW6iNaU PEEKING ON GIRLS! - Lucius: Playthrough - Part 7
ENjss9ujOUA [Funny, Horror] Amnesia: MONSTERS EVERYWHERE! D: -  BLACK FOREST CASTLE V2. - Part 1
EONv6RzsCFo I am Smarter than Reddit #88[REDDIT REVIEW] /r/AskReddit
EP-9-ZHH_Lg Explaining The Doomsday Argument to my Dog.
EPVtrHk-dCs FACEMAN - The Man With A Million Faces.
EPuYJTBl_QM You Laugh You Donate - YLYL #0071
EQ4NEBPU-Hw I WON MOST HANDSOME 2017! - LWIAY #0017
EREn1n48ALY NEW SHOW: Modern Art Tonight.
ERbw3-dhlS8 Gamer Girl Vs Male Gamers! What Would You Do?!
ESFRqmitki8 WHERE TO FIND BLUE BOOBS? - Impossible Quiz 2 - Part 2
ETI9czgFdtk IMPOSSIBLE QUIZ BOOK FINISHED!
EVSzviQ-GTM AMNESIA MAP :D - Happy Wheels - Part 35
EVeVIUlXL30 BURIED ALIVE!? - Eleusis (2)
EXfTZzT1ilw The LAST EPISODE  / The Walking Dead / Season 4 / Last Season / Episode 2
EYyWHoVxcGc NAKED SHOWER?! - (Lucius 2 - Part 3) | PewDiePie
EbNwSPYzfeY ! TITLE THIS IMAGE !
EcUMfnkSTrA FABULOUS DUCK
EcjdNfNPC4c HANDSOME LOCKER GUY! - Condemned: Criminal Origins - Lets Play - Part 17
EdGd5mHJvig THE WAR IS OVER! - Conker's Bad Fur Day (18)
Ef42EJcu-T4 now i regret ever playing this game... Doki Doki Literature Club - Part 5
EfnDkNpXDBk DOES HE MAKE IT?
Eh8kTn065Qs ANNOUNCING ME NEW WEBSITE - LWIAY - #0050
EhRYhTAtaKM jAMES cHARLES oPSIE, SHane = OP{SIE, ROBLOX ADMITS OPSIE WOAH! Ì†ΩÌ≥∞ PEW NEWSÌ†ΩÌ≥∞
EivRj_VfMgo WHAT IF...?
EjdnJ-Meu3I COME AT ME BRO! - Bully: Scholarship Edition - Part 1 - Lets Play / Playthrough / Walkthrough
EjsemI4kCws ITS TIME TO STRIKE BACK!
En4mjx1Rx5g Going to forest in japan - Japan Vlog Part 1
Eqzb9_PaChU MINI CHAINSAW! - Mad Father - Part 3
Es4NQJ81k6o Asylum 626 / Hotel 626 DONT WATCH IF YOU NEED TO PEE! (TRUST ME)
EtlL3Hfavus Raiding a Woodland Mansion in Minecraft - Part 15
EtwBOaosoU0 TOP 7 THINGS YOU CAN FIST (Social Experiment)
EtxdUV3hZ1E HOW TO MAKE VIDEOS!?  - (Fridays With PewDiePie - Part 92)
EuEe3WKpbCo 7 Reasons Why Sinks Are Bad.
Ew9oewvyd0M Mark Zuckerberg Is Not Human
EwenHx82pzA THANKS FOR 500'000 BROS :D - (Fridays With PewDiePie - Part 28)
Ex0FRLg03ls ALCOHOLIC SIMULATOR
ExOrn0sMuWo ELECTRIC SHOCK + JUST DANCE = ?
ExaNNAIysks It's Evolving, Just Backwards. [MEME REVIEW] Ì†ΩÌ±è Ì†ΩÌ±è#79
EzA7mbful5w My Minecraft was HACKED - Minecraft - Part 46
EzAVcy8chr4 ALL OGRE
F-dHVYHaFvI I'M FIONA FROM FROZEN! (5 Weird Stuff Online - Part 04)
F02gAChxDoY DOES THIS GAME COUNT AS CHEATING?
F0c8U3x_vKM LIKE THIS VIDEO FOR A FREE LOOTBOX!
F1hlv2f7D1M What Happens When You Hammer An Iphone? (GONE SEXUAL)
F273w87w87U I'M NOT MAD! - The Unfair Platformer - Part 1
F2Lkk9xpUk8 DRUNK SANTA - Bully - Part 9
F3KsTDTJLzA Very Serious Update Video
F3Xm8c1gtRA Do all GAMERS THINK the Same? - Jubilee React #1
F4xOCP9jJjs Banned from DATING?! (BroKen #12)
F5QWUOAcg_Q The BROFIST is declared a HATE SYMBOL! (this is bad)
F5aZfTUiU2c CRYING TEARS OF JOY! - The Unfair Platformer - Part 2
F5qpKe42YK0 THE PASSION OF THE CRUST! (I Am Bread #3)
F6UgAD636aE I'm Back With A Huge Announcement! LWIAY #00148
F882_Ih61Sc We lost? Ì†ΩÌ≥∞ PEW NEWSÌ†ΩÌ≥∞
F9z6LZAasls I BROKE MY ASS (BMX XXX, Part 3)
FAU2bSLNGtU Gretel & Hansel (3) - THE WITCH'S HOUSE
FC_-Sjva85A IT'S TIME TO LEAVE..
FCjiMVHbXlQ Harlem Shake FAIL
FCrlHazSoJs New PS5 Console Design is WILD [MEME REVIEW] Ì†ΩÌ±è Ì†ΩÌ±è#80
FD-g0Vc64mQ MTG Magic Arena Gameplay (EPIC) - Angry white people
FEbhHYliAXo DEPUTY DANGLE!
FFGViT9Dji8 Reacting to YouTubers Reacting to Pewdiepie vs Ì†ºÌµ±Series
FFcnp3f3WbQ Man Got Catfished - TLC #14
FG4cZjgIzIM JUMPSCARE - Happy Wheels - Part 34
FG5QVNzJDOE IS HE DEAD?! - The Last Guardian - Part 8
FG9jIcX3fUo CEILING CAT IS WATCHING - ScribbleNauts: Unlimited - Part 5
FGAfCTF8xAE THE KILLER IS REVEALED! - Heavy Rain - Part 20
FGZv3VDOnDA SNAIL RACE 2017
FJMQjF6I4Bw NEVER call me a SIMP! [MEME REVIEW] Ì†ΩÌ±è Ì†ΩÌ±è#76
FKZPLZiBSt8 The Last of Us 2 -10/10 Is My RATING of This Game - Part 4
FMVBiH8iqiQ DON'T FLAG THIS VIDEO!
FMmFCVFeYvs THE MOST INCREDIBLE GAME OF 2016 - The Last Guardian - Part 2
FN614Nwo-r8 THEY SHOW THIS TO KIDS? ? ? YLYL #0010
FOXPkqG7hg4 MCPEWDIE SAVES THE DAY! - McPixel: Let's Play - Part 2
FOhNXs-0dE8 Pewdiepie without context
FQMVzOq05r8 DON'T DOWNLOAD THIS APP (FaceSwap Live)
FReYV-hNVjs HAPPY WHEELS RAP! - Happy Wheels - Part 65
FS9LPwSZI0s Alien Makeout Simulator.
FSaQS4HeKGs GARBAGE DAY (Uncut)
FSmJW1Ww4hI MAY THE BEST BABY DIE!! (Who's Your Daddy? Part 3)
FT-c2rK92dY LOOK WHO I'VE FOUND!!
FVuEjvGg_4c Family Guy In Real Life?
FWPWrz7pIz4 I Love Kids -  - LWIAY #00151
FXFpcUyHdTY SANTA IS AN EVIL MANNEKIN! ;_; - Condemned: Criminal Origins - Lets Play - Part 9
FXTgITg-UAM Reacting to Sushant Singh Rajput
FYHEc7w1nlE Little Nightmares, Gameplay, Part 1, CREEPIEST GAME EVER?!
FZGakQjkyKI DANK MEMES *Try Not To Laugh Edition - YLYL #0043
FZJ6E8szlTE WE GET LAID! - Fahrenheit / Indigo Prophecy - Playthrough - Part 5
FZjRPPNvtc8 FINALLY SOME ACTION! / Until Dawn / Part 4
F_BQ9GO7Y88 Memes that makes me skratta YLYL #0059
F_S-0MERdUo [Funny/Horror] Amnesia: ITS NOT OBVIOUS ALWAYS D: - Unsterblich - Part 2
F_av3PgOylo HAPPY WHEELS COMPETITION! - (Fridays With PewDiePie - Part 31)
F_xWajDyq18 Black Ops: Wager Match: Daytage: Lazytage #2
FfHSRXd6s2o I'M OFFICIALLY RETIRING AND HANDING AWAY MY CHANNEL - LWAIY #0036
FfOMENqRVo4 DECIDE WHO I SHOULD EAT NEXT!  LWIAY - #0052
FfgrV7i5jrA Keanu Reeves
Fh3knetKm5U B*TCHES AND GLITCHES! - Skate 3 - Part 4
FhKHn5r1mrA MY WORST JUMPSCARE - (Sophie's Curse)
FiW6nq55Tx8 DONT TELL MARZIA
FinMGtpTud0 How to be Happy **Tutorial**
FkTqYc4E6eQ JUMPSCARE RAVEFEST / Dungeon Nightmares
Fkh17pul-e4 Neverending Nightmares - Part 1 - PLEASE STOP, BELIEVING!
Fm112ERjB_o WHAT THE F%CK AM I PLAYING?
FmEE4ySmRms YouTube Highschool ANIMATED
Fm_UCHv47uA MY BIGGEST HATER! (Pewdiepie React)
Fn4DMmbfynY \
Fp-4pTMwk3U [Scary] Amnesia: STEPHANO GOLDEN EDITION IS BACK - The Attic - Part 1
FpUKQ9m7Cqc Siren: Blood Curse - Part 1 - Lets Play Siren Gameplay [Walkthrough Playthrough]
FqjywvpCQgg LET'S WATCH A MOVIE? - Fahrenheit / Indigo Prophecy - Part 1 - Playthrough
Fqxi8z4Ci14 MTG Magic Arena Gameplay (EPIC)  #2 A N G E R Y  W H I T E  W A M E N
FtrkiYmmRRU FRIENDZONE SIMULATOR / Emily Is Away.
FttjE-tCZtI Be nice to me
Fv_hkg2RVtc DONT DO DRUGS! - Heavy Rain - Part 13
Fvrbcr0rX7w I AM BREAD! #1
FwCMcLXGjEI PEWDIEPIE THE HUNTER! - Silent Hill - Part 12
FyrDaizk0W8 SHE WANTS MY SWEDISH MEATBALLS D: - The Calling Wii - Part 22
FzSV16rX2O0 CAN YOU WATCH THIS WITHOUT MOVING? (Don't Let Go! - Part 2)
G-fRWPmr2RA Reacting to 6 Bros vs 1 Secret PewDiePie - Jubilee React #17
G0DMnEYJ4AQ Amnesia: Through The Portal: Custom Story: Part 2
G0P-iZKobfg HOW TO: MURDER YOUR BIKE! - Prop Hunt #8
G1f2OLSGDG0 NEW INDIE HORROR! - Eleusis (1)
G1nCSPsrK04 SMELL FARTS IN VIDEO GAMES!
G5DbYJI-TCA Just Cause 4 - Pewdiepie: The Action Movie (Trailer)
G5JBZk-DiQU I made a GIANT Robot Dog for My Minecraft Dog
G5uyDg8GKes I'M ASKING YOU TO CHALLENGE ME! - Animal Super Squad #2
G6AVgx9xmN4 Amnesia - STEPHANO IS HERE TO SAVE THE DAY! - The Machine - Part 5
G6HLo5LD_HY Amnesia: To Give Is To Force - Part 4 (FINAL + BONUS)
G6HvfaUO22s BREAK INTO BAZILLION PIECES! - Next Car Game
G6VnZrxkFW0 BACON TOOTHPASTE?! (5 Weird Stuff Online - Part 03) - (Fridays With PewDiePie - Part 94)
G702v4dTPyg HUG THAT TEDDY! - Among The Sleep - Part 2
G7kaXPB7vko OTTTD - GREATEST TOWER DEFENCE GAME OF ALL TIME!
G88AawE3oPk I GOT PUNCHED?
G8YEpH6HtsU 16 Waman COMPETE for 6 Guys (insane reaction) - Jubilee React #5
G9wI_iNJg2Q How to do a MAKEOVER! - (Fridays With PewDiePie - Part 56)
GAK0LrKN2qQ A BUTT BANK?! (5 Weird Stuff Online - Part 07)
GB2gnayGlkI Man Puts Mayo in His Hair....... Ed & Rose - Part 1
GCst68yJ7co PIGEON BOYFRIEND SIMULATOR! - Hatoful Boyfriend - Gameplay - Part 1
GD6luD-93ug UNEXPECTED ENDING! - Eleusis (5) Final
GD_wct93CQ8 BroKen Podcast #2
GEsLlFr0pYE InFamous: Second Son - Gameplay - Part 1 - Walkthrough / Playthrough / Lets Play
GH_NzA_aM4Y SLENDYTUBBIES 2
GHrolaULX5E Try not to EPIC laugh CHALLENGE (Very cool) edition  YLYL #0046
GHsCq0GXTCE (WARNING) THIS GAME IS TWISTED. // Stray Cat Crossing // Part 1
GIpOwp-UrcM UNDERTALE - Part 6
GLSFXFP_qJ4 PEWDIEPIE: LEGEND OF THE BROFIST - Part 1
GMNN0lNCISE I'M PREGNANT! - Skate 3 - Part 8
GP5k7I70qlI Outlast Gameplay Walkthrough Playthrough - Part 1 - THE HORROR BEGINS HERE! - Full Game
GPFaEw4ZA2I I ALWAYS WANTED TO TOUCH THIS! ! ! ! !!!!!! !   !!!!! ! ! !
GR--y1q7wbs What a MILLION Dollars Gets You Around the World?
GS9nELYhdW8 I DON'T LIKE THESE..
GSvHRhz3QhU A FAMILIAR FACE RETURNS? - Walking Dead - Season 2 - Episode 2 - Part 3
GUUnJsiQxdU How dare you say this to me Joe Rogan!
GVddxH1_34o RAGE BREAD (I Am Bread #5)
GWDSEFmLYpk Is Your Child A Failure? - Paradigm
GWMa_7rKgbk ACCIDENTALLY THROWING MY CONTROLLERS (HTC Vive - Part 6)
GWuLliM66rE BLOW DAT WHISTLE GURL! - Outlast DLC Ending: Part 8 (Whistleblower)
GWz07FTSTtM THE SIMPSONS IN REAL LIFE?
GXuuVuKIEc4 LOGAN PAUL WINS OVER KSI?
GY2NeEkdzyg SPICY CHICKEN CHALLENGE! (Fridays With PewDiePie - Part 108)
GYpOapkr5MA Married in Minecraft Epicly - Part 29
GZbfcXOo2vo I wrote a Song - LWIAY #00145
G_tLIX4aRj0 HARDCORE JUMPSCARES! / Until Dawn / Part 3
G_wh0vPEdgQ Amnesia: Playthrough Part: 5 - NOPE
GaRTSHAM0as Detroit: Become Human #7  - WE FINALLY HOOK UP (EPIC)
Gc1I9itun8Q Why Are 96,000,000 Pigs in my Minecraft? - Part 22
GdJcBoJYwRY I WAITED 4 YEARS FOR THIS!!!!
GdTimWq8qpk Penumbra Overture - Penumbra Overture Part 6
GdsQTXG3Ilg As Above, So Below: CATACOMBS CHALLENGE - Episode 1 (2)
Ge3TYSUc4PI YOUTUBERS TAKE OVER DISNEYLAND
Gf_MXeWiyJo BOB RETURNS - Skate 3 - Part 9
Gglbg8CAxyM Can we save YouTube?
Gj2Jx7mRvkM SWEDISH COMMENTARY (w/ Subs) Amnesia: Custom Story - Part 2
Gj9QT-7HefE 1'000'000 SUBSCRIBERS!!! WE DID IT BROS! :D - (Fridays With PewDiePie - Part 35)
GkPhhR_1hTg Who is the REAL Pewdiepie?!  /r/foundfelix/ #30 [REDDIT REVIEW]
GkTtlN2M6Nw PEWDIEPIE IRL? - LWIAY - #0006
GlOPV-Uolmo MARIO & LUIGI: A LOVE STORY
GlcmWlGUc1M GET A GOAT FOR FREE! (BroKen #7)
GmrUYRPR5xw GUESS WHO'S BACK!? - Uncharted 4 - Part 4
GnkmQ2rllAM WHY I GOT UNVERIFIED
GnuZ4wRZH98 HOW TO DRAW HOT GIRL! (PewDiePie Photoshop)
GpDmSfo8sYM QUALITY GAMEPLAY / Bayonetta 2 / Part 1
GpOS0l-yoS8 WOULD YOU RATHER?
GrVpSMIWK50 .L-S-D.
GswzJL63qO8 TOILET FULL OF PERIOD! - Rise Of Nightmares - Part 5
GupKvt70QTc THIS HONESTLY SHOCKED ME SO HARD!! - The Walking Dead: A New Frontier Gameplay Part #2
GvvsoENWOi0 THE VANISHING OF POOPIEPIE - (The Vanishing of Ethan Carter Walktrough)
GvwxQqYX4HU Amnesia: Through The Portal: Custom Story: Part 1 - OUR BRO IS DEAD ;_;
Gwmp_-EP75Q The Last of Us 2 - We Finally Get Vengeance!? - Part 5
H-Y2LLYTgE8 HELLO KITTY JELLY BEAN CHALLENGE
H-z9fWZJPjQ THE END - Corpse Party (Chapter 5, Part 5 ENDING) Final
H0g3Z77synI MY DELETED TWEETS.
H1ZhGrd2ofU YOU LAUGH YOU LOSE ***Stale Memes*** YLYL #0041
H3injjyNbZE ELECTRIC BEAST! - Shadow Of The Colossus 7th Colossus - Sea Dragon \
H3nzJGT_f3s TRY-HARD-FACE-ULTIMATUM!  - Happy Wheels - Part 54
H3xNXtJJVZU PIGGEH ARMY! - Amnesia: Custom Story - Part 2
H4Jp8OvfbMc BOOT TO THE BUTT! - Condemned: Criminal Origins - Lets Play - Part 10
H54GlASBJAs ORNSTEIN AND SMOUGH - Dark Souls - Part 10
H8bH1v0M1GI CRINGEMAS CHARITY LIVESTREAM - Pewdiepie/Markiplier/Jacksepticeye/KickthePJ and Emmablackery!
H9FTkSqjYs8 Need help -  LWIAY #00167
HAxqEsLAB2s CAT MARIO 4 - THIS GAME CAUSES INSANITY!
HBDNbpWSUx8 Okay, This Is Epic ( Bonus Meme ft. Ben Shapiro) [MEME REVIEW] Ì†ΩÌ±è Ì†ΩÌ±è#40
HBhXBX3Pb6A I Speedrun Minecraft - Minecraft Hardcore #15
HBrpGpKeEvw well...
HDJMZWzW8Ko 92% GETS TRIGGERED WATCHING (Impossible)
HFCIneodFsY Worst Game Ever Made? // 3 Games w/ Pewds
HGpT7blcQek WHO IS THE LEADER OF THE ILLUMINATI?
HIhWmF_NC24 CRINGEMAS! w/ PewDiePie, Jacksepticeye, Emma Blackery, Markiplier, KickThePj
HKNj9CSzKxA How to make a Minecraft Creeper NEVER EXPLODE again. (Tutorial) Minecraft - Part 35
HKPbLSQDGd4 We made history!!! *again* LWIAY - #0055
HL-usDKLnik PEWDIEPIE SIMULATOR! // IndiesVsPewDiePie
HLZA-s_W0Ak Minecraft 4k Graphics VSync On 1080p MAX ULTRA SETTINGS
HLr76cdGj8E THIS GAME BRINGS OUT MY WORST SIDE! - SpeedRunners #2
HMtT38J_nQQ SO UGLY! - Cry Of Fear - Let's Play - Part 27
HNudSxfIkW4 BLOODY FURRY FURY
HORIiz_9Q4M How much does Pewdiepie Make
HOgo5rZ6qbs TRY NOT TO SMILE CHALLENGE #1
HPoZ42JKhuc Joining The Navy
HPy6oJ63kKU I ACTUALLY READ COMMENTS
HRDx937tdQY Amnesia: Playthrough Part: 23 - 360!
HRHCDONpOPs SCARIEST GAME EVER! #1
HT7HdtwNSpU [Funny/Horror] MOAR CHOPPING! - Afraid Of Monsters - Part 6
HTfdvoIaBhI Swing Soccer - HAPPY WHEELS MEETS SOCCER AND SWINGS.
HUE8wErmcmU (Just Die Already #1) LEG REVEAL! w/ Jack and Ken
HUOmOa7FvLM YouTuber Impressions!
HUXgkHRuNHI New Favorite Hair Color
HVQTldBaMv4 KSI Challenged Me (response).. - LWIAY #00137
HVl0zT0fXes The Memes of Tik Tok... TikTok - Part 5
HWF742aWK3I [Funny/Horror] Afraid Of Monsters - Part 7
HXeI7WZOpEs MY SECRET IDENTITY! - Prop Hunt #6
H_dNnpNe97c The History of Sweden is Weird..
H_trJkpi5Fo Ì†µÌ≤∑Ì†µÌ≥áÌ†µÌ±íÌ†µÌ≤∂Ì†µÌ≥âÌ†µÌ≤ΩÌ†µÌ≥âÌ†µÌ≤∂Ì†µÌ≥ÄÌ†µÌ≤æÌ†µÌ≥ÉÌ†µÌ±î  LWIAY #0080
HaUh-ahctHo NEW VIRAL DANCE MOVE! - (Fridays With PewDiePie - Part 77)
Hac-dp1n8Lo Please dont hate me for this.. LWIAY #00128
HamGPh1aTVA Amnesia: Playthrough Part: 15 - DANIEL IS A QUITTER
HbUyjPy73PQ SONIC's x MARIO's
HbZjUyFNlXg Try not to SAD CRINGE challenge  /r/SadCringe/ #24 [REDDIT REVIEW]
HcOw8mxVdvQ Designs that will make you MAD! #60 [REDDIT REVIEW]
HdVDIqcl_70 92% CANT BEAT THIS CHALLENGE (IMPOSSIBLE)  - LWIAY #0027
HduaXmGiRTQ Resident Evil 7: Biohazard - Gameplay - Part 1 - IT'S FRICKIN' TERRIFYING!
HeUietgDuVc #71[REDDIT REVIEW]
HeZtOmiJGOQ RATING YOUTUBER APOLOGY VIDEOS
HiNly5_4V7o WHAT WOULD YOU DO?? - The Walking Dead - Season 2 - Episode 2 - Part 4
HiO12Ut2zm4 A CHILDHOOD ROMANCE - Finding Paradise #2
HjokxE9ntQI WHAT THE MEDIA DOESNT TELL YOU ABOUT PEWDIEPIE LWAIY #0041
Hkn5b0xmac4 Five Nights of Freddy's VR - This game is NOT scary #2
HlPWRDXnjPg THIS GAME WAS MY CHILDHOOD!! (World of Warcraft)
HlmeYKSHmvk I'M ON MY PERIOD! - Alice: Madness Returns - Part 5
Hm2I7KghX_A Reviewing Your Godlike Minecraft Creations!
HmdzFbYdLks I RULE THESE LANDS (Tokyo Jungle)
Hq1ONgZma4U GENUIS PEWDIE PLAYS! - Anna - Let's Play - Part 2 of 4 Walkthrough
HqGd1qXakzk PLEASE DON'T LET HER BE DEAD! - Corpse Party - Chapter 4 - Part 2
HqUuwkzx6QA My NEW House *101% real*  - Subnautica - Part 3
HqpECat4whU MEET THE HUNTSMAN - Huntsman: The Orphanage Gameplay - Part 1
HrhTXF_5sA8 WTF HAPPENED TO EVIEBOT?
HsKPc4qzUro One Chance To Save The World!
HsYNj6Aw9OU PIANO CHALLENGE! (Piano Tiles 2)
HtQLaxZ4x34 CHUBBY BUNNY - (Fridays With PewDiePie - Part 25)
HuIb3XTQVJw Im most handsome 2018! *gamer girls react* LWIAY - #0063
HuUzPbwQ1Y4 TRAINING TO BE COME THE BEST! - Anki Training
HuYk84Ov9h8 LIGHTHOUSE SECRETS - To The Moon - Part 2
Hurz0ZQbbMU HARDCORE PARKOUR!
HwYC-QfH9rE LEGS HAT! - Happy Wheels - Part 67
HxTCdv7nz9k I'm The Greatest At Lying - Among Us #5
HxyevXjbqIM One of my favorite games is back!
HyAuduhaJdw Walking Dead - Final Season - Part 3 - They put me in the game!!!! ***Epic***
HzC2dkFaEbo BIGGEST NOPE EVER MADE! - DreadOut - Part 2
I-46P6hZnuk Revealing my big secret... IM. A. GAMER.
I0JOvzYg4zI KEANU TIME ! Cyberpunk Full Playthrough Gameplay Part 3
I2qRZwIVg8c FRICKING CLOWNS EVERYWHERE! - Amnesia: Custom Story - Part 1 - Laughing in the darkness
IAPi3o1cBQM Introducing: POOPDIE
ICIGls819UU WE'RE FINALLY BACK! - Alice: Madness Returns: Returns - Part 14
IDLbR4U8Ng4 SHE CALLS THE POLICE FOR A BBQ... and then she realizes  [MEME REVIEW] Ì†ΩÌ±è Ì†ΩÌ±è#27
IDeCpT_qZ10 THIS COUPLE IS THE WORST! / Facade Animated
IFf0S-S1eT8 THE SALAD KING RISES -- Agario -- Part 5
IHHb4XIcu5M COME FOR THE NATURE, STAY FOR THE BOOTY.
IIJvmXjyPVo BOOBS IN THE THUMBNAIL.
IJIOEj5ezaQ [Funny] Octodad - Loving Father. Caring Husband. Secret Octopus - Part 1
IJuqRbqepFI SHE WANTS MY YOUTUBE MONEY!
ILXz5euy63o ENDING ALREADY WTF?!  - Slender: The Arrival (4) FINAL
IMNTLI8qkPY How Rare Is Your DNA?  [TIKTOK#5]
IMilbgw3k8o I Found The Strangest Videos Online..
INYgt3Mri3U DO YOU EVEN FISH? - (Shutshimi) BRO
INuJXrUQJB0 Do All Millionaires Think The Same? - Jubilee React - 8
IPGHrgHWO7s SENPAI SUCKED MY ASS (PewDiePie Song)
IPSomL6SZ30 PewDiePie Fanfiction Animated: Wild Falcon Lover
IPhbMDIHAeA WORLD DOMINATION! - Beyond: Two Souls - Gameplay, Walkthrough - Part 15
IPkccp9zuY4 TAKING AND SAVING LIVES - Heavy Rain - Part 7
IR9qSDofW3Q Amnesia: Custom Story: La Caza - Part 6
IRxcWbZi34Q WHEN SANTA GOES BERSERK.
ISpmBbzrshM THIS GAME IS THE TRUE MEANING OF SUFFERING. / Getting Over It / #1
IT3UodbpE5E THIS IS A TRUE STORY! /r/thatHappened/ #15 [REDDIT REVIEW]
ITRUdkg3Zts PUNCH ME IN DA DICK! (Pom Gets Wi-Fi)
IXAI3FOBuE0 YOU WAS AT THE CLUB  Tik Tok  part 14
IXdpjC7NHWc VR Chat #8 - I'm the REAL Pewdiepie!!
IXecKFcVg9U Soccer Physics - Multiplayer
IZR6wwF8kNQ I HATE THIS GAME - (Slither.Io - Part 02)
IZVXZP_mkSk HOW TO TALK TO GIRLS.
IZXgjR9INsA It's been real, but I'm out! - LWIAY #00106
IaFcNA06FJU THE FORTNITE MEME HAS GONE TOO FAR
Ib-gygD19pQ F%CK. THIS. SHIT. F%CK. | PewDiePie
Ib9P3DfbQJg BURNED NIPPLES! - Heavy Rain - Part 11
IbSPjLCnSRE GOING TO SPACE?! - Eleusis (3)
IcIYp-LrNdQ How To: Become Slender Man! (Gmod - Stop it Slender)
IcJhmhA8tHE Answering Very Personal Questions
IcQFQ8E17lw SCARY FISH! - Amnesia: Custom Story - Lost The Lights - Part 6
Ietj9rfNgYc BMX BROS
Ifpq10K6zhs GREENTEXT MEMES  /r/greentext/ #6 [REDDIT REVIEW]
Igbv2F6xyCA BATMAN WANTS BATBOOTY **Batman Telltale - Part 1**
IjLbzNt_iik Curse Of The Aztecs - INDIANA JONES OF HORROR!
IjN-NHVTpQo IT'S ALL ABOUT THE MONEY - Conker's Bad Fur Day (2)
IkX4J18Z3wE I give up...
Ill-HXjQWUs CocoMelon - The New Biggest Channel on ALL YOUTUBE!
ImHcwrglC_8 DRAWING YOUTUBERS!
IocftOFjR3M IT'S ON MY BUTT!!!!!!! (5 Weird Stuff Online - Part 27)
Ip9BMKNzZ_Q BUTTER UP MY POOPER?! - Corpse Party - Part 3
Ipyg2fVX_do EXPERIENCE SWEET, SWEET JOY!! - Dark Souls - Part 2
Iq8UqxCaeQY I Fell Into The New Minecraft Lush Cave! - Minecraft Hardcore #22
IqQvgIdeWKA Nova / Sp00n / Cry / Pewds - Worms Revolution Part (3) Match (1)
IrZm1CUydzo 10 BILLION MONTAGE!
Irx2vsinXbk RIDING HIPSTER SNAKES! - ScribbleNauts: Unlimited - 11
IxS9vKLydys How to TROLL your Minecraft friend (too far?) - Minecraft with Jacksepticeye - Part 9
IxhXSY24W2k I hate Lilys Garden and her teeth
IxlStWnEbks WHO IS YOUR YOUTUBE BOYFRIEND? (Test) - (Fridays With PewDiePie - Part 81)
Iywcw0N1GrE THIS CHALLENGE WILL TURN ANYONE CRAZY! - IMPOSSIBLE BOOK - Part 2
IzB4JqA9l6A I went Creative Mode in Minecraft..
IzWbm4QOh1I THIS GAME IS A PIECE OF CAKE! - Dark Souls II - Part 4
J-tc1_AQ_zc How To Be Attractive (According to Russian Dating Websites)
J1lgOslU2L8 OMEGLE FUNNY REACTIONS - (Fridays With PewDiePie - Part 55)
J2-MEDCvRMo We need to talk about these Oopsies Ì†ΩÌ≥∞ PEW NEWSÌ†ΩÌ≥∞
J2WgPj6_EHY IM SO KAWAII - Amnesia: Obscurity (4)
J2ke-hWuhtg FREAKY ASS BUTTERFLIES! - Siren: Blood Curse - Playthrough - Part 4
J3BltOoCFbU STOP calling me A BOOMER!!!  LWIAY #0098
J5P-7qGkomk Pigeon Simulator
J8V_PqkTrrA Scorn - Part 1 - NO \
J9GpfqyUAVI LEVEL 4 | TIME TO DIE MR. PIE
JBp9w_W4neM JAPANESE SHIA LABEOUF - YLYL #0014
JCtkkCajtto I HATE PEWDIEPIE (Animated)
JDcBqKnqNM8 This was very Cringe.. Among Us #8
JG8GBsqacXE THE BEST KISS [8/22]
JGOSDFxaQZY I Did Something Awful in Minecraft! - Part 48
JGpP3cu1_mw Amnesia: Abduction [Custom Story] Part 4 - STEPHANO IS BACK!
JHhO5JKofgc Big Ed Tries to EXPOSE Rose LIVE! - Part 4 FINAL
JI4e7QlXsQ0 We All Know This Was Coming... - ZombieU: Hardcore Mode - Part 2/2
JIRx_8SQaKw EVERYTHING EXPLODES... TWICE!
JIz0-6_mPIE Gender Reveals Are Something Else..
JJmzGaSRKSc BRAIN TRANSPLANT (Animated by: ScribbleNetty)
JK7ejm2Tk08 Everyday I'm PewDiePie! - Dance Mix
JLLwKZ2fJyg I've made the biggest mistake ever (Man of Medan Part 4)
JLREgYXXdB8 I Broke My Ass
JLotqzeL9xY CRACKERBREADPIE (I Am Bread #2)
JOn_3txklwE MY 1000TH VIDEO SPECIAL! - (Fridays With PewDiePie - Part 48)
JPenEDIZQ-s SEX WITH YOUR CAR SIMULATOR // 3 Free Games
JPs_Tc7d_i8 NAKED DANCING?! - Sims 4 - Gameplay
JRdeMlJHVkk STARING AT BOOBS - Siren: Blood Curse - Walkthrough - Part 3
JSLKZjysmAM YOU SHALL NOT PASS! - (Fridays With PewDiePie - Part 58)
JSPf4KkNJko Who Is Not A Middle Schooler? Jubilee React #20
JTFBy0_HK9M DO YOU SPEAK DEODORANT? - Afraid Of Monsters - Part 21
JUgiUf6oG7Q SATISFY YOUR GIRLFRIEND CHALLENGE
JVOZ7hzGlBk PIMP HAT! - Bully - Part 8
JX-Y134YkK4 OCULUS RIFT SPOOKS! - Doorways: The Underworld - Part 1
J_bc0Mzn-U4 THIS IS GONNA HURT...
JbBda7Ow-pE Never Go This Deep Down.... - Subnautica - Part 6
JcCNjk5aRMw UGANDAN KNUCKLES LASAGNA  - Cooking Dead Memes
JdutOPd7LTQ Amnesia: A Machine for Pigs Gameplay Walkthrough Playthrough Part 1 Full Game
JeNY05R-BNw BOOM HEADSHOT! - Amnesia: Custom Story - Part 1 - Nintendo Castle Horror
JgR0nYkx81g IT'S TIME TO RIDE THE DINOSAUR! -- Ark -- Part 4
JggSapLRgwI SCARED, DRAGON, GLADIATOR! (3 Games 1 Video)
Jk1iT5q81Pk DUCK GEAR SOLID
Jkc0QxQ-3t4 On The Stage!
Jkyy4JOu9jE Mr Beasts hosts Meme Review? (he maybe does)   [MEME REVIEW] Ì†ΩÌ±è Ì†ΩÌ±è#51
Jl9xVC0FcvQ BOO HOO CRY MORE
JlA-w-LORG8 CHRISTMAS SPECIAL! Amnesia: Custom Story
JmF51ijsBuU PROSTITUTE CHICKEN - FIVE NIGHTS AT FREDDY'S 2 // (NIGHT 4)
Jmr0uCTKi9o Belle Delphine must be stopped... LWIAY #00127
JnLLZchh5lU Crysis 2: Video Commentary / Vlog - Partnership? Livestream? BlackPlague? :)
JntTS-7uMXg BEST PART! - Outlast 2 - Part 5
JoKKXmF43v8 This game will change your life forever.. (Alpaca Evolution)
Jp-0tDUGydY THE WEIRDEST PICTURE ON THE INTERNET
JpH3Do3xW6k Stop Harrasing Me! - LWIAY #00112
JpIH9ONamvU WE DID IT!! - Dark Souls - Part 15
JpMIoI5TWYE Livestream Fails
JpnDfDPinPk This was not what I expected..
JqvdAuuXVyA I build a Giant Flying Meatball in Minecraft
Jr5SWivl0ZQ Dead Island: Co-Op w/ Morfar & PEWDIEPIE - PART 3 1080p
JrjGL6q2Ytk THE ENDING MADE THE GAME AMAZING!! - The Last Guardian - Part 10 ENDING FINAL
Jrvfoybj98Q SHOOTING MY 50 MILLION AWARD!
JsRZ9C8l0qI \
JstwmqL-Fts I HAVE BEWBS! (A Mothers Inferno)
JszzrbAUzko E3 CRINGE 2018
JxAUHg8AguA I broke my balls
JxjANFjJaEk HANGOVER FROM HELL
JxxISGO2DNA GAMING WITH MY GIRLFRIEND
Jy1Hhm3CDQ4 LEAKED JUSTIN BIEBER PHOTOS!
Jy8fAyXTij4 GREATEST PERVERT GAME OF ALL TIME. (Love Death 4: Realtime Lovers)
JytfNroz27g RUSSIAN ROULETTE CHALLENGE!
JzD38SANSLc Outlast: ENDING - Final -  Gameplay Walkthrough Playthrough - Part 12
K10s2eK5MRc I Finally Did It! - LWIAY #00120
K2VrBRfVQcI Ok, Epic - Half Life Alyx - Part 4
K2i-fPWWy4A Video flagged for: False Information  [MEME REVIEW] Ì†ΩÌ±è Ì†ΩÌ±è#73
K3cx6vHISd8 SHARKS, SHARKS EVERYWHERE! - The Forest - Part 4
K3oUtrJmXYs EDGES2CATS WILL RUIN HUMANITY
K4_Gv2ORCFU Uh oh... LWIAY #00147
K4v3oMrjw94 SCARIEST PIZZA GAME EVER DELIVERED! // Funny Pizza Land
K5cawups8OA FINAL BATTLE WITH BOOT - Condemned: Criminal Origins - Lets Play - Part 21
K5diJPL9HTg I'M ON SWEDENS OFFICIAL HATE LIST..
K5owJ0Wg7PI Can You Melt Obsidian and Cast a Sword? LWIAY #0045
K64iWfFe0L8 THIS BEACH IS DISGUSTING!
K6PJyAOyuzw HAPPY WHEELS 3D!!! (Guts and Glory Part 1)
K6cWi6Q-Cq0 TRY NOT TO LAUGH CHALLENGE #02
K7Mg5n4BDyo Amnesia: Through The Portal: Custom Story: Part 5 - FINAL
K7rQ--88VmM Bros!
KC0DlJza3dk Kids Decide Who Gets $1000 Is Very Cringe...
KDCCfyhurXY The Last of Us 2 - Why Are We Still Here? Just To Suffer... - Part 7
KDZ9BrrjTV0 We found a Water Sheep in Minecraft! Minecraft w/ Jacksepticeye - Part 2
KEB8HGriBBo GROSS YOUTUBERS // BroKen #12
KFX29IZ_M0Q BEST BIKER GAME OF FOREVER.
KJ504lPCdSs Somethings Wrong With My Feet (Feet Reveal) - LWIAY #00172
KKHrNv4d9G0 Before your eyes -- A game that changes when you blink
KKMlZFZ_GrI Who Made This Game?! AND WHY!?!
KKNvbyYS9NI IS THIS TOO FAR?  South Park The Fractured But Whole - Part 10
KLena-xfE2A Worms Revolution (4) w/ Cry, Nova & Sp00n! Match 2
KMcRXxoxGw4 The Walking Dead - EPIC ENDING! - The Walking Dead - Episode 1 (A New Day) - Part 7
KP50IDyvFZ8 I BROKE THE WORLD RECORD! / Mirrors Edge 2 Catalyst / Part 4
KPqFZWjtqqI F*CK THIS SH*T! - Amnesia: Custom Story - Part 1 - Followed By Death (Ch 2)
KQ5_jumTeT4 Outlast 2 - Part 1 - SO HYPED FOR THIS
KQz9LftS6ls DO NOT RIDE SNAKE / Getting Over It / #7
KS1gJMde3V4 \
KSddAqfUJ4A HOW TO MAKE MONEY $ ON YOUTUBE $
KTccpq6ZukY NEVER Tell Me The Odds! #68 [REDDIT REVIEW]
KTsphcJw_Es MOST BADASS GAME OF ALL TIME.
KUjBuXvGKAY Scariest moment in Amnesia... /w LIVE Commentary part 2
KV50ILapApE HOT AND SPICY SEAWEED!? (5 Weird Stuff Online - Part 18)
KWVoJochQ_U I am very smart (only 1000 IQ+ can watch this) #36 [REDDIT REVIEW]
KYYncckwVD0 GAS PUMPING SIMULATOR
KYgcRkSoyIU TRY HARD LEVEL 2000 - Let's Play: Parappa The Rapper - Part 2
KZdQjDipyGk I Get RickRolled = The Video Ends. -  LWIAY #00157
K_21OV62Xiw [Funny, Horror] Amnesia: STEPHANO KISSED HIS GIRLFRIEND - BLACK FOREST CASTLE V2. - Part 3
K_ySqb6psdk S.W.A.T. PLANT - Afraid Of Monsters - Part 20
Kbl3b_mmyXE I tame a Fox in Minecraft (very cute) - Part 27
KedTREoxAW0 WHY DO PEOPLE HATE PEWDIEPIE?
KfSfKgp4Ht8 Five Nights At Freddy's: The Sequel | PewDiePie
KfrIbN1mG0M When the timing is PERFECT - Twitch Moments
KgNCNluTE4c BOSS & BEAR / Pewdiepie - (Legend Of The Brofist - Part 03)
KgPSc1llHIw AMNESIA WET PANTS MOMENT
KhNE-Qzbeok Amnesia: Playthrough Part: 6 - Chemistry and shit
KhbegHMGqnU MINDBLOWING FINAL!! / Quantum Break / Full Gameplay / Part 8
Kiy62UiMYLo SWEET EUPHORIA, I FINISHED IT! // Five Nights At Freddy's (Night 6) END
Kj-68mx4We4 STORY BEHIND \
KkJX5zOls58 WORST JUMPSCARE EVER ;_; - Silent Hill Part 6
KldmEyFshnI PewDiePie: Legend Of The Brofist // DOWNLOAD AVAILABLE!!!
KnR468bEU8w BARBIES AND POTATOES! - (QnA & Mailtime) - (Fridays With PewDiePie - Part 44)
KobO2FZYMtA DRUNK AT WORK! - Bully - Part 6
KomQm9Jo4iE FIST OF JESUS.
Kpq_9PqUPPE F*CK YOU BRIAN! - Pewds & Friends Animated (By Coyotemation)
KrWmeGHHNoA LUCAS KNOWS A SECRET! - Fahrenheit / Indigo Prophecy - Part 13
KsV_Kmp9T3w THE WORST THING I`VE EVER DONE
KsdtuH8HcoA BRAIN SURGERY SUCCESS! (Surgeon Simulator - Part 3)
KtJmlx0T9iU LIKE MY NEW TATTOO?
KtzBsKbPkHA THIS CHANNEL WILL OVERTAKE PEWDIEPIE! LWIAY #0046
Ku1ykhGP764 Youtube copyright seriously pisses me off.. Ì†ΩÌ≥∞PEW NEWS Ì†ΩÌ≥∞
KuPGZCvtk00 MLG MLG MLG! - Speed-L√§ufer
Kv4HsLQdRQQ HUFF AND PUFF - Wolf Among Us - Episode 4 - Part 1
KvayJaRMsx4 Shy Kid Gets Humiliated At School Ft. PewDiePie | Jacksepticeye  -  LWIAY #00159
Kvz-QjbF4OA Kids are very dumb #35 [REDDIT REVIEW]
KwIUp8NWIVw YOUTUBE TOUCHED MY SPAGET - LWIAY #0018
KxnDtM6Rh1E HOW TO MAKE BOMBS TO EXPLODE BARRELS! - Amnesia: Custom Story - Gary Dark Secrets - Part 8
Ky_OiCnKDqc Why are anime titles so dumb? w/ The Anime Man
L-3c6d0EYMA THE LEGEND OF TINY KNUCKLES - VR Chat #0006
L0tz_8e1-ck i bet you cant understand a word in this video.. YLYL #0047
L0zVJmsz5ww PEOPLE ACTUALLY BELIEVE THE EARTH IS FLAT.
L1GdvM645RM Reacting To My Public Appearances
L1VCOp5eplE SCARIER THAN AMNESIA!  - Dark Souls - Part 3
L3e8NFscJIM JUMPSCARE FROGS ;_; - Silent Hill - Part 14
L3fLU2hItDU Oswald The Elephant
L4Knx07qunQ [Funny/Horror] Amnesia: FIRST MY LEG, NOW MY FOOT ;_; - WHITE NIGHT - Part 4
L4q6aK9Zous I'm Rank #1 in Warface: Breakout!
L4ulCYxqfjo CHANGING MY FANS LIVES
L4wAqzijLAs HURRY! CLICK TWICE TO DEFUSE THIS BOMB! (Keep Talking and No One Explodes - Part 3)
L55LjpWJuCA This Subreddit Needs to be STOPPED! #75[REDDIT REVIEW] /r/MEIRL
L5SM3PavvlU HOW TO: TRAP BICHES
L5uAbA-ModU THE WALKING DEAD: MICHONNE (Full Game) - FINALE - EPISODE 3
L65fPvrrSuQ Oculus Rift Horror Game - WORST JUMP SCARE?! - Alone In The Rift
L679Tquvkdk EVERYTHING I KNOW HAS CHANGED! - Default Dan
L7-Jc26iupY HOW TO: PICK UP WOMEN.
LBcke5Btoss THE ANIMALS ARE LOOSE! - Smosh & Pewds Plays: GTAIV
LDEgam0on6M WELCOME BACK TO THE GANG! - The Walking Dead Season Two - Episode 3 - Part 1
LDKED5Nt4PM W T F A M I W A T C H I N G
LHHIXpkpBNQ KNOCK SOME SENSE INTO KENNY! - The Walking Dead - Episode 3 - Part 4
LHjji5bSkBQ YOU LAUGH YOU ABSOLUTE WUT - YLYL #0027
LIxJlgugxGU Outlast Gameplay Walkthrough Playthrough - Part 4 - I DONT WANT TO KISS YOU!
LJnMu33waxw HARDEST BOSS EVER??  Dark Souls 2 - Part 6
LNNs7-M1ERQ Drunken Wrestlers
LP0MSIfrhHg World of Tanks - Sweden FINALLY invades the WORLD!
LQ94jIowzf8 PIRATES OF THE SKIES! - Guns of Icarus
LRcI4KTbBdg WHO'S YOUR DADDY? (1)
LSXGKUOz6wE I'M GOING SUPER SAIYAN! - Bloodborne - Part 6
LTCy3sao7bI This game will be the end of me...  Finding Paradise - #4
LUorfqI4IaM NO HUMPING THE WILDLIFE! (Pewds & Cry Animated)
LWCUMLEbQ00 Boobs In The Thumbnail (Animated)
LWmp0FIOpmc HARD Vs. EASY - (Fridays With PewDiePie - Part 76) (Trials Contest)
LX7Ykc5oLg4 Morphine
LXuTeQZrUGM I Trusted My Fans With This... -  LWIAY #00166
LZ0rGTsdfwk Bye
LacmGjyEycI SAN FRANCISCO VLOG!
LbYrnK6tY1g Outlast Scary (& Silly) Moments
LcjkJ00e85Y SMACK THEM TITTIES! - Nosferatu - Part 10
LcyIopv-4UQ I Share My Secret...
LfmzDY_0bFI PEWDICKPIE
LgFG5OgPnq0 Leg Soup. (Postal 2 -- Part 4)
LgLB7HtD0wU SCULPTURING PATRICK. (The Art Of Fanart #5)
LgSMlpDpl1M JUSTIN BIEBER IS MY DAUGHTER! D: - Happy Wheels - Part 4
Li6c8n69bsU Fixing Sonic the Hedgehog
LjzfP-xut7Q STARTED A FIRE IN THE BUILDING! (Experiment Gone Wrong)
LlW7Es7gStA THEY ACTUALLY DID THAT?! (mad)  #0097
Lm7VmuXKidw THE END OF THE WORLD! - Siren: Blood Curse: Playthrough: Chapter 5: (Part 8)
LnO6Yqxx_M8 CRINGE TUESDAYS #1
Ln_iHvT4EW8 I'm getting cyber bullied... VR Chat #0002
LoAo66YF04Y I CAN'T BELIEVE THIS FACE! - Battleblock Theatre #4
LoRoODZcRqc (Meme Edition) You LAUGH You LOSE  YLYL #0042
Lq8QxKnN_5I LOST my HAIR, When Hearing New Meme Music! [MEME REVIEW] Ì†ΩÌ±è Ì†ΩÌ±è#76
LroxS0COulo Idubbbz Content Cop
LsWwhmy8wf0 My Minecraft House Tour - Minecraft Hardcore #24
Lsy4Wf0XxNI CAUGHT THE KILLER?! - Heavy Rain - Part 9
Lw2DpU9tpL0 MY GIRLFRIEND PLAYS AMNESIA - Amnesia: Custom Story - Part 1
LyZnRswj9G8 This is America ($399) LWIAY #0034
LyairRpLYFw The ONLY one who can DEFEAT SHAGGY! [MEME REVIEW] Ì†ΩÌ±è Ì†ΩÌ±è#48
LzsdOmIu4d4 PEWDIEPIE QUIZ 2017 / Animal Super Squad /
M-8urAhcyxs Marzia quits YouTube, Voiceover Pete BANNED, WSJ BACK at it again?! Ì†ΩÌ≥∞ PEW NEWSÌ†ΩÌ≥∞
M-ULrrzTeK4 I Make Swedish Bread And Fail Completely
M05V1zhVH-8 THIS NEEDS TO STOP!
M0bq3RvD_NQ Going Through Your Partners Phone...
M1tSF9STTOE SO THE JUMPSCARES BEGIN... - The Crooked Man (2)
M3BlpkaZp-k PETTING DOG MEME. (Important) [MEME REVIEW] Ì†ΩÌ±è Ì†ΩÌ±è #2
M4gJm8fHOvw The Last Of Us 2 - Part 1 - IT'S FINALLY HERE!
M5P10lxp1RQ DRUNK WRESTLING! - Sumotori Dreams - Part 4
M5q7tpRAHv8 [Funny/Horror] Amnesia: - HUGE ASS STEPHANO - Mystery Chapter 2 - Part 2
M6-zP-Wc9Ig PLEASE WATCH ! ! ! ! !
M6nnYaUjeqw I will get in trouble for this (not good) /r/cursedcomments #58 [REDDIT REVIEW]
M8ctycCHJpI THIS JUMPSCARE WILL MAKE U SHIT YOUR PANTS / Until Dawn / Part 7
MBEKENv2vqg dog vlog
MC7jkKpjqc4 ‚ñÅ ‚ñÇ ‚ñÑ ‚ñÖ ‚ñÜ ‚ñá ‚ñà BEANS ‚ñà ‚ñá ‚ñÜ ‚ñÖ ‚ñÑ ‚ñÇ ‚ñÅ (important)   /r/beansinthings #12 [REDDIT REVIEW]
MCI1eWOiTLg DAT ASS FOR SENPAI - (Yandere Simulator - Part 13)
MCLfgEjTyas BACK FROM SUMMER ;D
MIvzG5sro9E BEAUTIFUL ENDING -  The Crooked Man (13) FINAL
ML8clbnz4TI [Funny Animation] Amnesia: BRO R.I.P. 1839-2011
MLcPOw36Atc YOU WERE THE CHOSEN ONE! - Happy Wheels - Part 20
MLnpLQ0iGnM GIRLFRIEND SCARES ME WHILE PLAYING D: - Pewds and Cry Plays: Gmod: Scary Maps - Part 1
MMJw0wE2y7c The Last of Us 2 -WHAT JUST HAPPENED??????????!!! - Part 2
MMSzuqd9f68 BIRDS. AREN'T. REAL. [MEME REVIEW] Ì†ΩÌ±è Ì†ΩÌ±è#39
MMfy2YYboJs Improving memes in Photoshop
MMvFS_mEHrU MY PLEDGE. - (Fridays With PewDiePie - Part 87)
MNM270hOKLI FIVE NIGHTS AT FREDDY'S ON DRUGS. -- Deep Dream
MNyzkh5CIdw My Apology For My Apology Video.. -  LWIAY #00125
MORVanKwln4 ROLLER COASTER ACCIDENT! (Rollercoaster Tycoon - Part 3)
MPbSBkxH2Lo EXPOSING FAKE PEWDIEPIES!
MPlscJZQEvU Amnesia: Playthrough Part: 18 - LETS GET THE FUCK OUT OF THE STORAGE
MQ4NKVurnO0 Tekashi 6ix9ine saved by polite cat [MEME REVIEW] Ì†ΩÌ±è Ì†ΩÌ±è#28
MSF0My9d79U FRIDAY 13th :o - SEALED - Amnesia: Custom Story - Part 2
MSXFlks4r7g ZOMBIE PR0N! O.O - Grey - Let's Play - Part 7
MSazRwHSl3Q YOUTUBER VERSUS - SpeedRunners - Part 2
MStTlqvHg5k OH THE HORROR! - Hannah Montana: The Movie: The Game: The YouTube Video
MT8I0Or9PUs Detroit: Become Human #6 - THIS.Ì†ΩÌ∏§ IS. Ì†ΩÛûâé P I C ! ! ! Ì†ΩÌ∏§
MX0XtvtxPhc Amnesia: A Machine for Pigs ANNOUNCED! Darkness 2 Giveaway - (Fridays With PewDiePie - Part 18)
MXiopMXJADg Tik Tok Girls have gone too far.. TikTok - Part 4
MXjS7YlKnVU FANBASED INTROS! -  (Fridays With PewDiePie - Part 4)
MYWA4cX5kmQ Condemned 2: Blood Shot - Lets Play - Part 1 - Walkthrough Playthrough Lets Play Condemned
M_8MOpcBWX4 we need to talk... [9/22]
M_MyvJAXav0 MEXICANS DONT ACCEPT ME D: - The Suffering - Playthrough - Part 5
M_rfdz7vplU My New Car! (Crossout Funny Moments)
Mbm2SzeRH2o THE GREATEST IMAGES EVER CREATED! - PewDiePie Animated
MfXSMvoA2rQ THE JACKSEPTICEYE ROAST
MfbiMqudIAQ Ju On The Grudge (PC) - Part 11
Mh3cv1Ong2Y Amnesia: Zombie Escape [Custom Story] Part 4 - WATER MONSTER IS BACK ;_;
MhNQm2-Yhoo No. More. Simping.. Ì†ΩÌªëÌ†ΩÌªëÌ†ΩÌªë - LWIAY #00133
MhlXBDxtmX4 Jurassic Heart - A TRUE LOVE STORY! (Dating Sim)
MiJqDqRJnv0 DONALD RETURNS! (Disney Infinity)
MiYEbLQM2dg New Drama News Show: DRAMA SCOOPS! (Pewdiepie, pewdiepie, pewdiepie)
MjW9SStz2cs GREATEST STORY EVER TOLD - Overcast: Walden and the Werewolf
MjwmVjB73xw Amnesia: Playthrough Part: 25 - OMG HE'S BEHIND ME!
MkVZf2qaA70 I PLAY FAN MADE GAMES! - PewDuckPie, PewDie Flap.
MkXVM6ad9nI FUNNY MONTAGE.. #2
Mm46X-w7Efk SCARY ROLLERCOASTER!
MmRVOs1IJec HAIRDRESSER CUT MY BALLS D: - The Calling Wii - Part 25
Mng1AETEtyY A STYLE TO DIE FOR -- D4 -- Part 3 (Final)
MoPxS0r1qTM FROZEN 2 ANNOUNCED!
MoUskQXic-Q Time for something new...
MouwCIDUPlg I CHEATED! - Dark Souls - Part 4
Mp2xMrmg8-A FORBIDDEN SNACKS /r/forbiddensnacks/ #21 [REDDIT REVIEW]
MsplPPW7tFo LEVEL 7 | I‚ÄôM NOT CRAZY  (OUTLAST IRL GAMEPLAY)
MvhbQCB8djE THE BIGGEST TROLL EVER MADE THIS GAME.. - The Evil Within - Gameplay - Walkthrough (Chapter 3)
MvnRjrwRKM4 EPIC NEW HORROR GAME! :D - Let's Play - Mad Father - Part 1 (+ Download Link)
MwAce4BD_9c Surgeon Simulator 2013 (BEST DOCTOR IN THE WORLD)
MxjI8_v7938 The Worlds Most Competitive Game. (BroKen)
Mxk1I4zX5JA AO ONI IN AMNESIA!? - Amnesia: Custom Story - Part 2 - Cry Oni
MytxkcXV1Hk Thanks, I hate it #38 [REDDIT REVIEW]
MyurD6wWgEk MAD respect if you do this.. /r/MADLADS #45 [REDDIT REVIEW]
MzWSHgJ7O2s A LIFE CHANGING STORY - Amnesia: Custom Story - Part 1 - Martin's Survival
N0cY6b8IcXI ADVENTURES OF DONALD! (Disney Infinity)
N1EQjIVfhug [Funny/Horror] Amnesia: IM BACK - GaryDemo
N1Roy3yNINY Dancewall Remix - GREATEST DANCING GAME PROBABLY 4EVER
N1WhDkyRGDg UNDERTALE - Part 2
N1nREo5eIy0 TORTURING FOR SENPAI!! - Yandere Simulator - Part 7
N2ntCdMggj0 I Lied About Going on a Break - LWIAY #00108
N3WZ5F1CCLA WHEN ART BECOMES REAL!
N4XkUklRAZk FINALLY RECEIVED MY AWARD!
N4kO9Snv4qw GREATEST BOSS BATTLE IN VIDEO GAME HISTORY! - Alice: Madness Returns - Part 8
N5Tv0FT35GE SO DAMN KAWAII - South Park: The Stick of Truth - Part 8
N7NTwbBr3lo PewDiePie on the News! (Interview - Svt)
N8V4-TnupiU Im so lucky...
N9-MdqjnW7E THE KNUCKLES MEME IS OFFICIALLY DEAD - VR Chat #0007
NA1sartCxl0 E N O U G H ! ! ! ! ! ! ! ! ! ! ! ! ! ! ! ! ! ! ! ! ! !! ! ! ! ! ! ! / Getting Over It / #5
NAv1psfx0pk MOST THRILLING GAME EVER! - (Keep Talking and No One Explodes - Part 1)
NCLRQWp5flY Cursed Comments Needs To Be BANNED #68C[REDDIT REVIEW]
NDmEcNjYW90 LETS MAKE A GAME!
NF1iwS6qFhk Being Shy is a Superpower.. - Dharr Man React
NFEWiT31ptM [Horror, Funny] Ao Oni - STEPHANO MAKES A CAMEO - Part 7
NIVv0GvBZZ4 Fatal Frame 2 Playthrough Part 8
NKn2jQXYYr0 HOW DIRTY IS YOUR MIND?
NLJiK8BFv7U HARDEST. GAME. EVER.
NOGZROv5Lbo SAVING EVERYONE // Until Dawn // Ending - FINAL
NOrj9RMfYJc FABULOUS DUCKS! - Scribblenauts Unmasked Gameplay - Part 1
NRVgQ3xc6JI PHOTO ALL THE PANTIES! - Infamous: Second Son - Part 5 - Gameplay
NRrxVxilkXE ENDING! - Amnesia: A Machine for Pigs Gameplay Walkthrough Playthrough - Part 5
NSy3cTqKJuc TWEEK BROS! - South Park: The Stick of Truth - Part 2 - Gameplay
NTJY_EhT8OM I found an EPIC treassure in Minecraft  - Part 6
NVBVZ0zWJSo Ì†æÌ¥îÌ†æÌ¥îÌ†æÌ¥îÌ†æÌ¥îÌ†æÌ¥îÌ†æÌ¥îÌ†æÌ¥îÌ†æÌ¥îÌ†æÌ¥îÌ†æÌ¥îÌ†æÌ¥îÌ†æÌ¥îÌ†æÌ¥îÌ†æÌ¥îHmm Ì†æÌ¥îÌ†æÌ¥îÌ†æÌ¥îÌ†æÌ¥îÌ†æÌ¥îÌ†æÌ¥îÌ†æÌ¥îÌ†æÌ¥îÌ†æÌ¥îÌ†æÌ¥îÌ†æÌ¥îÌ†æÌ¥îÌ†æÌ¥îÌ†æÌ¥î /r/hmmm/ #8 [REDDIT REVIEW]
NVxyUUfMwAo THE PEWDIEBOT IS TERRIFYING!! (Pewdiebot - Part 1)
NWDBbJUBpzI 0.000578% Chance Among Us Impostor - Among Us #11
NXMl9JM_GZs The Great ~~~ OFFEND EVERYONE IN THE WORLD ~~~ Game
NYQRsS64rQs ONE NIGHT AT FREDDY'S (Scariest Game Ever - VR)
NYilBju7Wps EVERYBODY IN THE HOUSE SAY EEEEEYOO - Happy Wheels - Part 12
NZ6DK2cz5VE Fatal Frame 2 Playthrough Part 3 - YOU THINK YOURE TOUGH?
NZitXZHdoJg MOST FUN WII GAME? - WarioWare: Smooth Moves - Part 3
NZnGd4_dCI0 YOU AND DUCK ARMY? - Scribblenauts: Unmasked - Gameplay - Part 2
NZpIxiWPjtk The Evil Within - Gameplay - Part 1
N_8PCKLjJJ4 I Found Infinite GOLD Source in Minecraft - Part 45
Na8vHaCLwKc Among us / I Lie to YouTubers.. // #1
NbVN7UQWQ7w [Horror / Funny] Ao Oni - STUPID FRECKIN PIANO PUZZLE - Part 3
NdLbHLyipIU We are NOT the neighbours kids..! [MEME REVIEW] Ì†ΩÌ±è Ì†ΩÌ±è#87
NhMptotuYeM Beyond: Two Souls - Gameplay, Walkthrough - Part 1 - OUR NEW STORY BEGINS!
NhkiAfz2tAo BOMBERBROS!
NiMBk0NSLiw [Funny/Horror] Amnesia: LOTS OF MR CHAIRS - WHITE NIGHT - Part 1
NidE0fa4wcY PEWDIEPIE CRINGE
Nk7-evKcK2s I Laugh Sive Gets A Raise - YLYL #0076
NkPEL_2d_UA ANOTHER EPIC END! - The Walking Dead - Episode 3 - Part 6
Nku8Ao0fR78 The House 2 - DONT WATCH THIS BEFORE BED - Part 2
Nmf0UHqEKBo NYANCOW - McPixel - Part 4 - Playthrough
NmnWsaCtZG4 ZOMBIE DJ! - Afraid Of Monsters - Part 16
Nmuk3yrkIno My new Minecraft House is EPIC! -  LWIAY #0086
NpP02s3EJ44 Swedish Cartoons from My Childhood!
NpskBL6Zpys IS THAT A PEWDIEPIE REFERENCE?  South Park The Fractured But Whole | Walkthrough Part 9
NqbRVVc9GU8 JAPANESE MOUTH WIDENER?! (5 Weird Stuff Online - Part 08)
Nqh8dSzQV-g I'm not afraid to say it... LWIAY - #0061
Nr0h7H-EOmU Resident Evil 8 Village #6 / Surprisingly Good Ending!
NrTVS3symzI AN EARTHQUAKE! ! [7/22]
NrWjXyGJzoI PLEASE BUY THIS!
NrvfFmpdcG0 NASA HIRE ME!!! (Scrap Mechanic)
NsODFmfyWfs Funniest Tik Tok Of ALL TIME xD [TIKTOK#7]
NsevBxOWFXs How to: RESPECT WOMEN!
Nu2KvrrM0xw Who is not Straight? Jubilee React #13
NxO8pdI9k9s SEXIEST. GAME. EVER. - (Gang Beasts - Part 01)
Nz3Ngt0AMDA HOW TO MAKE REALLY GOOD THUMBNAILS ON YOUTUBE
O-_xlnL3l7E BARRELS IN MY MAIL! - Opening Bromail
O0jiqpJcrac [Funny/Horror] Amnesia: IM A BUNNY! - PewDiePie's Nightmare (Ch 2) - Part 2
O0tUHYNjzik The Kim K Kompetition!
O3Z95eEF_yM Bulletstorm Highlights
O54tcW4eupI Animal Crossing with Marzia
O7Ahq5S8fBg PEWDIEPIE PROPOSE TO CLEVERBOT! - Cleverbot - Part 2
O7Kh-R-5vmM WEIRDEST PICTURES OF THE INTERNET #2
O8HJ_qBV_VU I GET LAID!... Huniepop / Part 3
OAc-tt7yI2Q SLENDERMAN IN MY MAIL! - (Fridays With PewDiePie - Part 43)
OBhrMlmwjxU LAYERS OF FEAR (Full Game) (2)
OC9_1UwzWlQ NO, IM NOT INSANE.!!!!!!!!!             !!!!!!!!!!! / Getting Over It / #6
OCc6BN9XLVw THE HASSELHOFF NOSE JOB -  South Park: The Stick of Truth - Part 17
OEFR8-34ZUc HUMAN GOLFING! - Trouble In Terrorist Town #3
OEUsKLW1th4 MTG Magic Arena Gameplay (EPIC) #3  hehe
OGesZIFu5qI MEANEST GAME EVER! - The Stanley Parable (HD Remake Demo)
OGpnZpEMlgE Running Minecraft on MAX Graphics 16k - Minecraft Hardcore #8
OI5-LjhxsbE A NEW AMNESIA? - Doorways Gameplay - Part 1 Walkthrough / Playthrough
OL2FWmVH7KI THE EMOJI CHALLENGE!
ONUZSrVVKXk DO I TAKE DRUGS?
OR18WrD-aes CRAFTING FOR MY PETS
OSCi273dx08 CAN'T BELIEVE THIS IS OVER... - The Walking Dead - Season 3 - Episode 5 FINALE
OVfsWlD59cg Instant Regret Clicking this Video (Memes) YLYL #0021
OVnvhhL8wYg THANKS FOR 900'000 SUBSCRIBERS/BROS! - (Fridays With PewDiePie - Part 34)
OW36nW0LAi4 [WARNING] SCARIEST GAME EVER?! - Let's Play - Ghoul's Forest III - (Doom 2 Mod) - Part 1
OWzSrkQQ0s0 RONALDO'S SECRET IDENTITY REVEAL!
OXBFCdQhIQA FORTNITE CRINGE
OY2ydWCSvUA GOOGLING MYSELF!! MY NET WORTH.
OZMBG4Pn3Sg SLENDER - Part 1 (+Download Link) Reaction Facecam
OZdRRa1jpTY Top 10 Weirdest Games On iOS (Japanese)
OZuJvOOY0sA MY NEWS NETWORK!
O_p3XcsDdhg Minecraft 2017 Graphics Set on MAX + Texture pack
OaU5GU-qW70 THE END?! - Limbo: Playthrough - Part 6
ObBAw3BXRf8 CLUSTERF#CK / ClusterTruck - A game about f#cking.
OdigEcARi9Q A KISS... [3/22]
OeJX-uEoLX4 RIDING RAPTOR TO VICTORY! - Conker's Bad Fur Day (11)
Oehta9BkA7I FREAKIEST GIRL EVER! - The Calling Wii - Part 28
OfgJTHboi9c Gym Fails is Hilarious!
OflcDZYTSn0 The Walking Dead - THEM BANDITS! - The Walking Dead (Episode 2) - Part 3
Og02p2Y4fRQ 31,970,288 Subscribers!!!!
OgZwozwS7Is ENDING! - Let's Play Ib - Part 9
Oh1erg3YrHM Seniors Needs to be STOPPED!
OhWZavn2OvM Hong Kong vs Joker Ends Fortnite  [MEME REVIEW] Ì†ΩÌ±è Ì†ΩÌ±è#68
OiPlipRQkM4 WarThunder - I Joined The Swedish AirForce
OipjYGmNzZk MARZIA BECOMES A BRO
OkcdKKVuLg4 THE YOUTUBE HEROES!
Old1YzSG_S8 I went on a break for 30 days & THIS HAPPENED - LWIAY #00107
Omwb2cpKP_Y HARDER THAN GETTING OVER IT - IWBTB
On9PezFoT1I [Funny/Horror] Amnesia: 30 MINUTE SPECIAL! :D - Followed By Death: Chapter One
OnQIK56QY10 UNICORN SENPAI SLAP
Oo2CbxaOyMc Oculus Rift: The Future is Here...
OoRlp3--ckU The secret to STOP Ì†ºÌµ±Ô∏èSeries!!!  Ì†ΩÌπå BOOK REVIEW Ì†ΩÌπå
OpEWTTCv9ik Detroit: Become Human #3 LIL TAY IS IN THIS GAME!
Oq9Hmq9UeNM 40 Year Old Pewdiepie...? - LWIAY - #0013
OrDLDxsPLoo AWESUM UPDATES! (Disney Infinity 3.0)
OrktI4FRYrU UNCHARTED 4 ENDING - Final - Part 13
Os5abttbQrg Resident Evil 8 Village #5 - Heisenberg is the Greatest
OscOsJLqXj8 WORKING WITH THE BARRELS! - Lucius: Part 2 - Playthrough
OtDSh1pGKiA AMNESIA STYLE :D - Cry Of Fear - Let's Play - Part 22
OtRLwkj8Dp4 Sasuke Memes are NOT OK  [MEME REVIEW] Ì†ΩÌ±è Ì†ΩÌ±è#47
OuFOFjPCmuA MOST DIFFICULT GAME EVER! - I Wanna Be The Guy: Gaiden - Pt 1
OuTlcKNGzaw I'M NEVER PLAYING THIS AGAIN... - Affected (Oculus Rift Horror) - The Mansion
OuvfUfobOCg I'm Quitting Minecraft Forever..  - Minecraft Hardcore #4
OvpG-3H8t9M I made an AC-130 Bomber for my Minecraft dog.
OxPyWzRBQ6E Anki DRIVE - HOW FAST?!
Oxdg0G2EowY CAN SHE DO THIS?
OyA3t9FbLAc I'M TRIPPING BALLS - Eleusis (4)
OywS2U2tuvo I FU(#!NG DID IT!!!!!!!!!!!!!!!!!!!!!!!!!!!!!!!!! // Five Nights At Freddy's 2 (Night 5)
OzVZ9TJWxMw NINJA GOT LIGMA [MEME REVIEW] Ì†ΩÌ±è Ì†ΩÌ±è#29
P04dWshDFMs BROFISTING STRANGERS ON THE STREET - (Fridays With PewDiePie - Part 26)
P2Wp0VJlcHA PEWDIEPIMP!!
P3UQMqojJrg MY ARM! - The Wolf Among Us - Gameplay, Playthrough - Part 5
P3nfFpp6uxM Sup?
P3qhrUO5FmQ PEWDIEPIE GETS PIED
P3shz9zHrPA ENDING! DONT MISS! - The Walking Dead (Episode 2) - Part 6
P4DKCWdTyPk Realistic Kissing Simulator
P4LhWSN3YSw This Is The End... (Bloodborne) - Part 6
P5mnhYQC9qU PLEASE DONT FEEL BAD WATCHING THIS GAMEPLAY
P7JbwWLN4xI The Last Of Us Gameplay - Part 10 - Joel Gets A Hug
P9R9sGCN-II GUESS WHO'S BACK? - Misao (2)
PAirtjLSIng $4 SUÌ†ºÌµ±Ô∏èREM VS. $400 SUÌ†ºÌµ±Ô∏èREME
PC7Gk4cDqEQ GABE APPROVES! - The Walking Dead - Episode 3 - Part 1
PDvNrq93ktI What does 10 000 BELLS in Minecraft sound like? - Part 33
PE-U1k4XUQk Limbo Walkthrough - Part 1 (Playthrough / Let's Play)
PGbAWTqUuxQ Here we go again (Happy Wheels #77)
PHgc8Q6qTjc Congratulations
PJ_FYyb0S94 BARRELS!
PJzjHya-tvw Simulator Simulator 2015
PMEcXTSwalo [Funny/Horror] Amnesia: PewDiePies House - Part 1
PMMjfE98Tw8 TEA TIME WITH SATAN.
PMfuAbpbE00 MALE PREGNANCY MOD?! - The Sims 4
PN4gEchJtY4 E3 AWKWARD AND CRINGY MOMENTS 2017
POhsRpnErqA Someone Is Selling My 50 MIL Award On Ebay #77[REDDIT REVIEW]
PPBP1LwBVZw JAPAN VLOG!
PRWX9mErpDs SPOT THE MICROAGGRESSION - South Park The Fractured But Whole | Walkthrough Gameplay - Part 6
PT5jlpykeLc THE FUTURE IS HERE!  // Touching Objects In Video Games // | PewDiePie
PT5qFiBr7Rk IMMA WIZARD! (Stranded Deep #4)
PTItZAuIP6k KIDNEY TRANSPLANT (Animated)
PUFMbQ8DS3o The YouTube Algorithm needs to be STOPPED
PUe-BLqeFwk I Got A Giant Creeper Computer in the Mail! - LWIAY #00115
PUphNi8xeK8 SCARED SHITLESS! - Nosferatu - Part 3
PV4NGwn_xdI Elden Ring #1 - 0 DEATH PLAYTHROUGH
PX4zk0G4IjM LIFE IS CRINGE - Life Is Strange - S2E01
PX5QgITQAwk Bitch Lasagna   v1.2
PXO5DZiYJR4 LIBRARY OF NAKED MEN! - Amnesia: Custom Story - Part 6 - Killings In Altstadt
PXw0tcWEBt4 A LOVE STORY OR A PORNO? - (Gang Beasts - Part 02)
PXy0r6aLMsM PLAYSTATION 4: Playroom
PZq70eRsQHI BROOM TRIED TO KILL ME! - Amnesia: Custom Story - Gary Dark Secrets - Part 5
PatFY1yROhE GENIUS PEWDS (FO REAL) - Amnesia: Obscurity (3)
PbB02hcgVys Among Us New Update Is Hilarious - Among Us #9
PbfX3ZyHLJg My 100 Mil Award BROKE! - LWIAY #0091
Pczk9zPIoWo P.O BOX TIEM! - (Fridays With PewDiePie - Part 10)
PeoRnSJKPzo DIRTY FANART REACTION (Fridays With PewDiePie - Part 109)
Pgj3kNI1jDQ Americas Cheapest Family... - TLC #15
PmrK1yFwjP0 Amnesia: SO MANY JUMPSCARES AND TELEPORTING NAKED GUYS ;_; -  Baldo's Discovery -  Part 1
Pn_OWKkN_J8 BARRELS IN THE TREES! - Amnesia: Custom Story - Part 2 - The Attic (Chapter 2)
Pnjn32YLu7E THEY SEE ME ROLLING... - Cry Of Fear - Let's Play - Part 28
Prhvu_RVNc4 EDGAR COOKS FOR SANTA!
PuEoixnhKUg I'M A GENIUS! - Bully - Part 17
Px8FPY6UXaY IKEA SIMULATOR 2015
Pxgvgh9IFqA Why Cool Cat needs to be STOPPED ($50 000) Cringe Tuesdays #5
PxhbXkJ6OHY CHRISTMAS EDITION! - ScribbleNauts: Unlimited - Part 9
PyPf-KsGqjs CUTEST HORROR EVER. - Bulb Boy
PzDlGhX--70 TSUNAMI ISLAND. (Oculus Rift) | PewDiePie
Q0Ov47QVfg4 Amnesia: Playthrough Part: 7 - SCARY MONSTER IS SCARY
Q1AL6s-UtE4 VALENTINE'S DAY FOR LOSERS. (Legend Of The Brofist - Part 06)
Q1aUUwhv0ug A DAY WITH PEWDIEPIE! (Vlog) - (Fridays With PewDiePie - Part 46)
Q1qEkbBcWl4 IT'S HAPPENING - LWIAY #0032
Q2YRv091PRo PANTSU 4 SENPAI (Yandere Simulator Part 2)
Q2x0ydhzwrU CAN WE COPYSTRIKE THE EU? LWAIY #0040
Q3L0gArhmaE SOMEONE STOP THIS MADMAN! (Flex Tape)
Q3fAhDq1SDE HAPPY HALLOWEEN! :D - Lucius: Part 4 - Playthrough
Q4GzD2jK1lk Reading AWESOME Comments!  - (Fridays With PewDiePie - Part 95)
Q6M255BZ0HU YOU INDIA YOU LOSE  - YLYL #0026
Q6QoGgsnGKk Her Son Wont Stop Growing At Night (Shocking)...
Q78C8mlDtx4 WE FINALLY SEE THE CROOKED MAN! - Wolf Among Us - Episode 4 - Part 3 (END)
Q7LOfOhBIrE PLAYING SMITE WITH BROS!
Q7vJhDbynMo STREAM FAILS YLYL #0015
Q8IPSc34dew Resident Evil 7 - Part 2 - IS THIS TOO MUCH?
Q8NWHpoXVos NOTICE ME SENPAI (Yandere Simulator Part 1)
Q98_N2TQwKA THE ULTIMATE EFFIGY! - The Forest - Part 6
QA7W4XNXDzw PEDOBEAR (Gone Sexual)
QAPUK5gqCQ8 i need your help... LWIAY - #0053
QB3EgIiZWn4 Prop Hunt Garry's Mod: Funny Moments Montage #1
QCSGnUTlK8Y BEST CO-OP GAME EVER! - The Adventures of Cookie & Cream
QGX2mJ6IbS0 I'M RACIST?
QGlNYtxlFtc TRY NOT TO SLEEP CHALLENGE (super duper scary)
QH2rVRQABHw I'M TWO TIMED BY ONE DIRECTION!!
QHHceBFv4HI PORTA POTTY SURPRISE!  - Infamous: Second Son - Part 7 - Gameplay
QI0TOpVS_k8 AMNESIA IN REAL LIFE?
QKlUTCtY0Zs I met a Minecraft Girlfriend - RL Minecraft - 1
QLCUAPsUcoQ ROAST YOURSELF CHALLENGE (Diss Track)
QLzUWJ0zk5M I WAITED 6 YEARS TO PLAY THIS..  The Last Guardian -  Demo
QNLARCvIATo Our secret trip
QNNNnvWOirE Never Dig Straight Down... Minecraft Hardcore #2
QNvB7Wcip9Q LUCAS GETS A HAPPY ENDING! - Fahrenheit / Indigo Prophecy - Part 17
QPHXSIODfz0 FACE PLANT! - Paranoiac (4)
QRgSeOifk7o Images That Precede Unfortunate Events..
QSeSZV7f82k Resident Evil 7: THE MOST DISGUSTING PART!!! - Part 4
QUyOXOsXGtA Don't be racist... be like Pewdiepie /r/comedycemetery  #28 [REDDIT REVIEW]
QV7hQn-NIDs PTERODACTYLS EVERYWHERE! - PewDie Plays: Silent Hill - Part 2
QVUtiR5mtrw POTATO JUMPSCARE ADVENTURES. (Full Sail).
QY7sv9sd0Cw SLENDER MEETS AMNESIA?! - Labyrinth (+ Free Download)
QYOgmDr_-ZE TRY NOT TO CRINGE CHALLENGE 2 (w/ MARZIA)
QYWDiA920ik SAVE THE COKE!!! - Happy Wheels - Part 39
QZKPGjHHU4Y GOING TO WONDERLAND! - Kingdom Hearts (5)
QcYdQcwVFDs Man Hides BIG SECRET From Wife Then TAKES OFF! TLC #10
QcdqGbJN0wM IM NOT LOOKING! --- Agony
QclYZnscCrI Amnesia: Zombie Escape [Custom Story] Part 3 - FLYING JESUS
QcmrD0cTthc DAT TWIST THOU... - Beyond: Two Souls - Gameplay, Walkthrough - Part 16
QcrPSWnozmk THIS KID IS GETTING SUED *and you'll never guess why*
QdbW8lgCWBA WOULD YOU KILL TRUMP?? (Surgeon Simulator - Part 8)
Qdc0aAetWds MOST BEAUTIFUL MOMENT EVER - Journey - Part 5
Qel3kAWETrk SHOWING THAT GRIFFIN WHO'S BOSS! - The Witcher: Wild Hunt - Part 2
Qi4BAG-Dql8 IT'S SO SAD ;_; - To The Moon - Part 11
QjaNmXffU2k Amnesia: Abduction [Custom Story] Part 5 - STEPHANO LEFT US :(
QnSWw_1MLQo Happy Wheels - Part 101
QqL3u9iUr38 MY BOBY IS READY! - Turbo Dismount - Part 2
QqhFlF8cxKE Soccer Physics.
QsS-fbP2l7k SHARK VS OCTOPUS! - Octodad - ENDING! - Part 7
QstOY5aDfQE LOGANS SHOW RETURNS. SCARE PEWDIEPIE, WHEN? Ì†ΩÌ≥∞ PEW NEWSÌ†ΩÌ≥∞
QvuFijdBAHU SAD END ;_;  // Stray Cat Crossing // Part 4 // Final - Ending
Qxgh3GaUxX4 SHE'S A MAN! - Condemned: Criminal Origins - Lets Play - Part 11
Qy7mDjFn4TU Hillbilly Cheapskate Is The Worst Kind.... TLC #20
QyCv5bmvivU STOP REPORTING MY VIDEOS!
QzgLkivRb74 YOU DON'T MESS WITH SCOTTY! - Heavy Rain - Part 19
R0EnRcmsF7M MOAR GHOST N STUFF! - Ghost Hunt 1 - Let's Play - Part 3
R0FGb7HmkWc Life Is Strange - Episode 3 - Part 2
R0oYiCBoyfk ALL OF MY HATE! - Unfair Mario (1)
R1_orwIf60c JUMPSCARE GALORE! (Hello? Hell...o?) - Part 2
R1yKw8SzgOM I SHOULD BE BANNED FROM THIS GAME... - One Hand Clapping
R32TaD79U50 STEPHANO GETS KIDNAPPED! - Amnesia: Custom Story - Part 1 - The Cruel Ways...
R3fr2r_FkKE JAKE PAUL IN THE TITLE
R426g9356aQ DOLPHIN CLASSROOM SIM 2014
R42OXmf8vrs It's over
R4wPnk9Pw9A WHERE IS PEWDIEPIE?!
R5L5HLb_MI0 RIDING WITH MY TOP DOWN - Happy Wheels - Part 33
R63DJu8eOhQ I GOT KIDNAPPED!
R6Ri6MiETrE The Youtube Rewind 2018 made HISTORY!  LWIAY - #0059
R6wzEuqdSdM James Charles Memes (epic)   [MEME REVIEW] Ì†ΩÌ±è Ì†ΩÌ±è#58
R9rLCPW-eUI [Cuphead] this game is a little hard
RAUCqaYkJTk This is absolutely NOT Funny... LWIAY #00129
RCLVNbSGH-w GRENNY DED ;_;  (GTAV Online #4)
RCy281yQui4 Lets fix the comments..
RF78s4nphEY You Blaff u Bloof (success)
RGdzrjYBP4c I DONT CARE! - Amnesia: Custom Story - Gary Dark Secrets - Part 6
RH7wMFrWYoA ITS ALL OVER!
RI0VL-KNQk4 DOUBLE HORROR! - Amnesia + Ghouls Forest 3
RIfNvRWmOfk MOST BEAUTIFUL GAME 2016!! (Abzu - Part 1)
RJ2XlUga7Mc I built a GIANT MEATBALL in Minecraft (emotional) - Part 16
RJVLczBM73s Five Nights of Freddy's VR Very Epic
RJ_L7yiHw_Q I'M SO DONE.
RJlY4b8P6yQ BOMBS, BOMBS, BOMBS, BOMBS! - Bombsquad (Ouya)
RKBplWbWt8g DVD screensaver hits corner?!!! [MEME REVIEW] Ì†ΩÌ±è Ì†ΩÌ±è#44
ROhG24NWqHM TWERKING PIGS! - Amnesia: A Machine for Pigs Gameplay Walkthrough Playthrough - Part 3
RP9LDJFqASw INFLATABLE DINOSAUR! - (Fridays With PewDiePie - Part 45)
RPMVM6wsSWE I'm stepping back..
RQayAl5-fTs IT'S OVER... Resident Evil 7 - Part 8 - ENDING
RQuXwdl6k10 PHOTOSHOP CELEBRITIES!  (The Fabulizer) #1
RS9BbNt9MHY WE READ FANFICTION! (BroKen #5)
RT9lml4FMog TOP 10 TUMBLRERER
RTRDbQjaiWA The Wolf Among Us - Gameplay, Playthrough - Part 1 - THE BIG BAD WOLF!
RVFFK-T39LE AMNESIA: IN HARD MODE? - - Amnesia: REPLAY Part 1
RWEZj9TbLzc The REAL Reason Marzia Quit YT - LWIAY #00114
RWKHsE_LCbo AMAZING FREE INDIE HORROR! - Kraven Manor (1)
RWSr3x3OkAQ I GOT COVERED IN BLOOD!
RWibR2Lfdqw SUPER MARIO 64: CHAOS EDITION - HALP!
RbQRzxsjrVM Norwegians Cant Watch This.
RcfhKVbQt7Y RUN YOU DIRTY PEASANTS! - Happy Wheels - Part 6
RfAu50Rf-7k MENTAL TORMENT - The Game. (great)
RiH8j-bRbNc KING OF THE WEB FOR CHARITY - (Fridays With PewDiePie - Part 15)
RkTL4sVjhTo THESE FAN GAMES ARE INSANE! (Fridays With PewDiePie - Part 119)
Rki0-UztA7I NEED MOTIVATION? (Motivational Game)
RkvczNWh9ZM ARE YOU A MAD LAD? /r/madlads/ #2 [REDDIT REVIEW]
RlfxZXLbyWQ I'M ON A HORSE! - To The Moon - Part 6
RmkY-L0KNt0 AARON PAUL // Turbo Dismount - Part 4
Ro0Q4ehyGQc ANGRY SWEDISH BOY GETS ANGRY / Getting Over It / #2
RoFSqtrivFs Breaking News: 'Pewdiepie Has QUIT YouTube' Ì†ΩÌ≥∞PEW NEWS Ì†ΩÌ≥∞
RoPVjk34eS0 DON'T TOUCH ANYTHING! - Heavy Rain - Part 14
RotY9RbG7h8 HALLOWEEN MAKEUP TUTORIAL
RqGnkfDhmtQ MY FAVORITE GAME EVER
RrFMFwjNKxU Playing best game ever made
RrsDXR7Qwz0 HiLARIOUS BADASSORY - Just Cause 2
Rs10O06UF6E It's time to STOP! - LWIAY #0090
RsDXnIHq2K8 UNDER THE SEA!
RsWQfZl-Xtc Papers, Please!
RvcULPVLBpA Trying to Explain Parallel Universes With My Last 2 Remaining IQ
Rwp1mEvgOTY ‚û° THE FORBIDDEN VIDEO. ‚¨ÖÔ∏èÌ†ΩÌ∏Ç
RwrgU4cnEvY The WEIRDEST Camping Game EVER - The Forest VR
RzQYEsL4MtM Mobile Ads NEEDS to be Stopped! (Important)
RzhV6Vt_xY8 Epic Minecraft Memes - LWIAY #0084
RzwcYXGQz9w This has to end..  LWIAY #0097
S114aEfuk0s HEARTBEAT MONITOR - Amnesia: Custom Story: FEAR AMNESIA - Part 1
S1QZrGGy7uY NFT Has hit a new low...
S27byuc5FHk I WAS IN THE NEWSPAPER :O - (Fridays With PewDiePie - Part 23)
S2HUekBSYf4 [Funny, Horror] Amnesia: PewDiePies Nightmare - THAT P*NIS IS HUGE, I MEAN THAT STEPHANO IS HUGE
S4QLbaGBcQg wtf has happened to this channel...
S4ktS0uowFk THE FACEMASK CHALLENGE (5 Weird Stuff Online - Part 25)
S55R9MA313c Trisha Paytas without makeup - Cringe Tuesdays #6
S6Y90aRIfwY 7 Days (2) - SHE'S COMING!
S6d46EW1L0g THIS GAME IS RIDICULOUS // Ben and Ed, UNCUT
S7Drrmd24gQ Amnesia: Cannibalism [Custom Story] Part 1
SAmVGkI-Zog DON'T EAT THE FOOD! - The Walking Dead (Episode 2) - Part 5
SDX9az1Au5o WE CHANGED FORNITE. Ì†ΩÌ≥∞ PEW NEWSÌ†ΩÌ≥∞
SDfZY99vO3s Cancel PewDiePie NOW! - LWIAY #00124
SEwPLDL0Q9c Gretel & Hansel (2) - THIS GAME IS BRUTAL!
SFnMkigtHyI Bottleflip Challenge 2019 w/ Jackman
SGg49C6tU14 7 Second Challenge w/ Dan and Phil
SIlw-AsYDyc [Horror, Funny] Ju On The Grudge (PC) - WHERE BACK WITH CHP 3 BROS! - Part 8
SK7iFSx0yFQ GET PEWDIEPIE'D (PAX VLOG 2016)
SK8sa2wIyGg the duck is coming
SKCrRH-1l_k Is Cancel Culture Good or Bad?  Jubilee React #9
SKMWsn_6AJQ The Joker VS Society meme
SL7sGAfcE5M Nova / Sp00n / Cry / Pewds - Worms Revolution Part (1) Match (1)
SLHoFHDTI-0 TRIP, TRIP BALLS. | PewDiePie
SLO5YuI0xZI [Horror, Funny] Ao Oni - SOUTH PARK VERSION
SLl6bRoF08s OUTLAST 2 / Gameplay / IS IT SCARY? / Demo - Part 1
SPgVUYM6O1Q Portal 2 DLC - DOPEFISH & PEWDIEPIE - Part 3
SRhueFPsCeY This needs to stop.. LWIAY #0095
SRqHZw3DOuQ SUPER SAIYAN LUCAS! - Fahrenheit / Indigo Prophecy - Part 18 - Final (Good Ending)
SULJh7cU8pg Deadpool Gameplay - Part 1 - Walkthrough Playthrough Let's Play | PewDiePie
SUNG_9UDp7w I'll prob regrets this one..
SUYu2Rxopn0 TRY NOT TO BE SATISFIED CHALLENGE
SU_XoQkVUtg Black Ops: Wager Match: Daytage: Lazytage
SVDI6B6HSoA WHAT HAS SCIENCE DONE?! (Evolve)
SVSsTXvjkdk SKATE 4 SKIING?! (Snow)
SWdxNsinBsg PEWDIEPIE CRINGE - LWIAY #0025
SX5kKwf5swk 98.2% cant solve this, Impossible! - deltarune part 3
SYL8jW00H6w FRIDAY VLOG WITH PEWDIEPIE :D Q&A T-SHIRTS ETC - (Fridays With PewDiePie - Part 1)
SZ0jA_0x9kA Pulse - Part 1 - CUTEST HORROR EVER!?
S_R67tMtnLk Among Us But I RAGE QUIT #4
ScY0jK7wXIQ HEART OF DARKNESS (7 - Ending)
SdQMoUwLjls The Walking Dead - MEETING CLEMENTINE - The Walking Dead - Episode 1 (A New Day) - Part 2
SeJ8K0uBETU I'M A LEGO!
SgZ54OoEif0 BEER LLAMA BLUESCREEN.
SgaflpsDGtw FUNNY OMEGLE REACTIONS - (Fridays With PewDiePie - Part 74)
SiBXgBUUihM Try Not Laugh, But Loser has to Sing *ft Jackepticeye - YLYL #0074
Sk6_yurXCJg Jump King - i HATE this game
SkXvl228W2A WHO'S THE HOTTEST ON YOUTUBE? (Science)
SlJZLLnhR7k This is Unacceptable!~ #73[REDDIT REVIEW]
Sn6NpZ6s3cM Addressing the haters -  LWIAY #00170
Snv0Nu3Anqk HEART OF DARKNESS (6)
Sr4LReuBfhw The Binding Of Isaac - THIS GAME IS AWESOME - Part 1
SrJPMd-c67c TURNIPS FOR WHAT?! - Space Farmers
SrOQuZrkKkw NUDE SWIM
Ss2d_kngzHo My game was banned... - Poopdie
SsHGYhWpXZM We need to STOP INSTAGRAM Filters!
Ss_CbwsMBRQ He's 12? ZAMN! *MEME REVIEW Ì†ΩÌ±è Ì†ΩÌ±è#91
Su97VPBw3BA MIND = BLOWN, HOLY SH!T - (Life Is Strange - Episode 4 - Part 2)
SuWBTe-Xd-M Magnificent Sculpting.
Sv0UARw3xTU AO ONI IN AMNESIA?! - Amnesia: Custom Story - Part 1 - Cry Oni
Sv47hkQmTuQ FREAKY ZOMBIES! D: Condemned 2: Blood Shot - Lets Play - Part 2
Sv92Fzbj5ks CAN YOU HANDLE JUMPSCARES! - Amnesia: Mental Memorial #2
Svx_4RviODs PEWDIEPIE QUIZ! - Happy Wheels - Part 51
SwEQ_tzbKNg SHARKNADO: The Game!
Sx0-c4lj2yI NEED A HOT DATE?
Sy5ewcG8paw Useful Swedish words that you should know..
SyElmtT8MQw I found a Nether Castle in Minecraft! - Part 12
Syfm9V4OXzI DUST THEM DIRTY HOES OFF! - Phantasmal
Sz1n9ZFy5sI SARAH JESSICA PARKER PLAYS GTAIV!
T2lYBUyslKk Minecraft Disaster Happened. *almost quit* - Part 38
T4bhTjB3T-E 8 YEARS LATER... Same reactions! - Amnesia: REPLAY Part 2
T4o7rBIToDg SAILOR MOON FATALITY! - McPixel - Part 8
T6yA7C___lQ Amnesia: Abduction [Custom Story] Part 9
T71F2NPPFjM BACK TO SCHOOL! - Silent Hill - Part 3 - Lets Play
T9y-qD0Ed0s I HAVE LOST MY MIND. - IWBTG
TAr5r0CeBE4 I'M AN AVIATOR! - Altitude0
TBFs83DVSH4 COME PLAY GAMES WITH ME!
TDb1gsbcLIY I got PRANKED in Minecraft (Not Epic) - Minecraft with Jacksepticeye - Part 6
TE1RY6-8o7A SANTA'S TWERKSHOP! | PewDiePie
TEA2BsawZ-Y THE CLIMAX / Bayonneta 2 / ENDING
TEhO4xEne-E QWOP PEWDIEPIE!
TGhkmWCFjiA Fanfiction: Flowers For My Valentine. Read By: PewDiePie & Cry
TGjVMqTRLmQ 7 Days - HORROR MINECRAFT?!
TGl2X0m2oes CAN WE COPYSTRIKE DREAMWORKS? LWAIY #0039
TINASKjjNfw The Last Of Us Gameplay - Part 2 - Walkthrough / Playthrough / Let's Play - First Zombie Encounter
TIWw3nuuADU CHEATING ON GIRLFRIEND? -- Catherine -- Part 1 / Walkthrough / Playthrough /  Gameplay
TIfY9XU1WCA BACK BETTER THAN EVER! - Nosferatu - Part 6
TIq-307wiQk TRY NOT TO CRINGE CHALLENGE (PewDiePie React)
TNjuhzS4zFs Insert Title Here (Steve)
TO8VG5rHxXk ELLIE, WHAT ARE YOU DOING IN HERE?! - Infamous: First Light DLC - Gameplay - Part 3
TOeYowWTiXU GIANT FLYING SHARK?! (5 Weird Stuff Online - Part 01)
TOmuxnye0X0 I REACT TO TUMBLR #PEWDIEPIE (PewDiePie React)
TPkGgaApUGE I GOOGLE MYSELF
TQF6Rd_Yvrk DOCTOR APPOINTMENT
TRKmvG1EBw8 FORTNITE PATRICK MEMES [MEME REVIEW] Ì†ΩÌ±è Ì†ΩÌ±è #11
TRzztdHPGQ0 The Stanley Parable - All Endings (1)
TS3dxL0E1kc YOU LAUGH? YOU LOSE! CHALLENGE - YLYL #0001
TTkO2mk3Z0U CORMANO!!!! - Sunset Riders (Co-op /w Cry) - Part 1
TUaHgVIcq04 OOPS, DIDN'T MEAN TO POST THIS..  /r/OopsDidntMeanTo/ #5 [REDDIT REVIEW]
TUss83f8Hz0 THE REAL REAL TRUTH ABOUT TANACON
TWjYrvu7E5I Am I Straight? - Jubilee React #14
TX_NPrR1878 MY NEW SETUP!
TXhHPhzwiTk DANCING IN HAPPY WHEELS! - Happy Wheels - Part 63
TXzLgLhgMhQ I Spent $500 on Magic to Amaze my Wife
TZDY4HgyFFQ THIS GAME PICKS YOUR BRAIN! - The Evil Within - Gameplay - Walkthrough (Chapter 2)
TbLIluNacg4 Outlast Gameplay Walkthrough - Part 2 - PANTS GETS POOPED!
TbhAvtgzimU Does It Really End There?! - Black Snow - Part 4 - (Final)
TcVmQZfxh1g PLAY SCARY GAMES THEY SAID! - Barbie Game
TcfsuOd03Rg Conker's Bad Fur Day (1) w/ Pewds
Tck3Dmmmq-E UNDERTALE - Part 3
TcsjO7B9SmA NEW GTA5 KILLER! - Miami Traffic III
Td8eAJ7Wd_U I'M A VAMPIRE!!! // NOSGOTH
TeteMdY2dtw Terraria #4 - I've made a severe, continuous lapse of my judgement.
Tilvxc1LPrM The Walking Dead: Season 2 Gameplay - Part 1 - Playthrough - CLEMENTINE IS BACK!
TipxZRco5l8 Call Of Duty: Black Ops 4 - LEAKED GAMEPLAY
TkSXtzzFCXU The Last Of Us Gameplay - Part 11 - Scary Sewers!
Tn_sC8AlfUs BROFIST HALLOWEEN!
Tqe1rYF-dkA HOW TO (NOT) SURVIVE THE APOCALYPSE! (Nether)
TsFWG97SQYw SHOOTING BEERS! - Grey - Part 5 [Playthrough / Walkthrough]
TsKAYSc2-MM EPIC PARKOUR! / Mirrors Edge 2 Catalyst / Part 3
TsVpk00atGc THE MOST HATED PERSON ON THE INTERNET (Net Neutrality)
TuIcBPm90aM JAKE PAUL
TuVBuB9-wsE THEY'RE EVERYWHERE! - Daylight - Part 6
TvJrPYWDZc0 RICK ROLL DANCE! - NEVER GONNA GIVE YOU UP / CALL ME MAYBE - Part 7 - Just Dance 4 - (Xbox Kinect)
TvSyE6XGAeQ I Followed A Forbidden Recipe..
TvxkKs2J0Vw Can this video get 1 million comments?
TwY25_9rXCk How Not To YouTube /w Cry - (Foul Play + Wyv and Keep)
Tx75WKrLDs4 GIRLS ARE SO COMPLICATED! - To The Moon - Part 4
TxEw3NxDxYs THEY SEE ME ROLLING! - Lucius: Playthrough - Part 6
TxfBDVLUe2k ULTRA GAY! - Just Dance 3 - #3
TyErLoiNNy4 MY FRIEND DIED, SAD STORY PLEASE WATCH JK ITS ABZU (Abzu  - Part 2)
U-GZCj7Kfms I TRIED SO HARD! ;_; - Silent Hill - Part 5 - Lets Play
U-kLiyRyHqE JOIN MY SNIPER CLAN!!! - Infamous - Part 3
U0MTDLzF3Mw JUMPSCARES INC - Mad Father - Part 2
U1eD-hzXusY RUN FOR YOUR LIFE! (w/ Balance Board) - Night of the Sacrifice (Ikenie No Yoru) - Part 1
U2DDG86c9zE LINK, CONFIRMED PEDOPHILE? (How-Old.net)
U4_IiCusOOc Reacting To The Worst Plastic Surgeries
U4l-QnLwNuQ TOTALLY ACCURATE BATTLE SIMULATOR!
U5NWoGreytE GOT WORMS? (Worms: Clan Wars)
U5tqr3SX1D0 SACRIFICE FOR SENPAI - (Yandere Simulator - Part 14)
U6GWgiNLnAY BARRELS ARE HELPING ME :O PARALLEL DOOM UNIVERSE?! - Doom 3 - Playthrough - Part 8
U6SuQdUbE64 I ATE A BABY! (Gta Online Part 6)
U6ZPgObGZtk AINT NO PARTY LIKE A PEWDIEPIE PARTY! - Happy Wheels - Part 24
U71uwhCAE4o Amnesia: Playthrough Part: 19 - MACHINE ROOM
U7EYCHha6AI [Horror, Funny] Ao Oni - HE WANTS MY FRICKIN HAIR D: - Part 9
U7NiVW2j0eM I'M IN A VIDEOGAME!!! (Facerig - Part 6)
U8LHgq3Jlnw NET NEUTRALITY MEMES [MEME REVIEW] Ì†ΩÌ±è Ì†ΩÌ±è #4
U8niNAKs1Ds Amnesia: Playthrough Part: 29 - MOO SAYS THE COW!
UA59y8iCRCQ I summoned The Wither Boss in Minecraft - Part 25
UAlIq7BKNxg Mine All Day (Minecraft Music Video)
UBvVh_oG1O8 ARE YOU A HIPSTER? (BroKen TLDR #9)
UEtFtwXd_4U To The Moon - LET THE TEARS BEGIN!.. - To The Moon - Part 1 - Let's Play Walkthrough Playthrough
UG8JJde4dy4 I'M THE BEST KANGAROO IN TOWN! - Dead Lab
UGDYmxwn6i4 Livestream FAILS
UGkm-TR6OhA FNAF 3 LEAKED DLC???
UHz6LLOSjhc RIDING SANTA! - Happy Wheels - Part 40
UK15xIMc1DY Kids are dumb. /r/kidsarestupid top all reddit  #52 [REDDIT REVIEW]
ULcPJigycbI GIRLFRIEND VS BOYFRIEND: CHEF
ULfaAHLDUOk BAR FIGHT SIMULATOR.
UNiRYCTpcGM My Minecraft Sheep is Cancelled - Part 14
UNjHtu1p2OM This Game Made Me Insane..  - Half Life Alyx - Part 3
UNu5A1wGJQc You Haha, You Lose! YLYL #0066
UO7fM-f0-OA ‚ùå ONLY REAL GAMERS CAN WATCH ‚ùå /r/GamersRiseUp/ #14 [REDDIT REVIEW]
UPJIy7Oicgs BROKE BACK ZAMBIES! (State of Decay)
UQiZirqXdyE PEWDIEPIE THE RAPPER - Let's Play: Parappa The Rapper - Part 1
UT3WVZhGe_8 Why is Everyone is Singing Baka Mitai??  [MEME REVIEW] Ì†ΩÌ±è Ì†ΩÌ±è#84
UTXCu1VQDRw CREATING MY GIRLFRIEND - The Sims
UTf6zaE1kng Why is Dad Winning?  [MEME REVIEW] Ì†ΩÌ±è Ì†ΩÌ±è#81
UTzfcb47Stg He Has Been Visiting Her at Night..
UVuTlgnWLSs CAN YOU BLOW MY WHISTLE BABY? Outlast DLC: Part 1 - Whistleblower
UXFpr-6ggbY Cry of Fear - Trailer (MOTY 2011)
UYkC4dfq20o THIS KID IS THE NEW PEWDEPIE! - YLYL #0007
UZ-FKgIFPPg NIGHTMARE FUEL! - Pesadelo - Part 4
UZj_pD2nXXY Resident Evil 7 - Part 3 - I dont want to keep playing this...
U_y3lLbW3NE Real Life Horror Stories - DOUBLE JUMPSCARE!
U_yMkqdZxcQ THE MOST DANGEROUS GAME ON THE PLANET
UaN33DnxVLE I'M DATING ONE DIRECTION!
UbgJ9F8iLAw NOPE! - Slender: The Arrival (3)
UbnmlfxnNAs BEST PARTY! - Corpse Party - Part 1 (Walkthrough / Playthrough / Lets Play)
Uc4oGMcWL1s CREATE YOUR CHINESE SELF?
Ud3N7BFsDG0 DONT GIF THIS - LWIAY - #0048
UdhWXWEGWL0 Beastmode.
Ue-6yxNLsq8 THE FURRY ADVENTURES CONTINUES! :D - Pewds & Cry Plays: Bloody Trapland - Part 2
Ug6ebzU-G94 Who is NOT a BTS STAN????!!!!!! Ì†ΩÌ∏°Ì†ΩÌ∏°Ì†ΩÌ∏°
Uh8LnaPKziI H A N D  S I M U  L A T O R
UiEGaHiDsdA LIKE A TRANSAURABAUWS! - Happy Wheels - Part 7
Ukbjw_H8Iu0 TIME TO FLY! - Shadow Of The Colossus 5th Colossus - Delta Phoenix \
UnEXnReSZRo SHOUTOUT COMPETITION #3! - (Fridays With PewDiePie - Part 40)
UndHRgDFHc4 I'M GOING AWAY!
UpPI2K4QZog The funniest thing in the universe..
Uqq8kU04pmY HOW TO USE YOUR PSYCHIC ABILITIES
UrJVL3CftIU Blursed images is HILARIOUS /r/bluresedimages top all  #53 [REDDIT REVIEW]
UrP2Aysv2DY WHO CAN YOU REALLY TRUST?! - The Walking Dead Season Two - Episode 3 - Part 3
UsV5DnpMR2g Kids Are Very Dumb /r/Kidsarefingstupid REDDIT REVIEW #85
Uuc0g_aAYGc MOST FABULOUS DLC EVER (Awesome Level Max)
Uv7K-j-aJ2Y WHAT NOT TO WEAR ON A DATE (5 Weird Stuff Online - Part 25)
Uv7dpG5x8zA The Walking Dead: Episode 4 - Part 1 - Around Every Corner [Lets Play / Playthrough]
Uvg32yRi3oM Call of Duty: Black Ops: Team Deathmatch 48-4 Launch (Commentary/Gameplay)
Uw-uNtzKyKI SNIPING RUBENS MOM - Cry Of Fear - Part 9
Ux-YVt9iJLE The Frickening (HD)
Uy1Ds4qC-ig THE HARDEST LEVEL EVER?
UykigaZ_d4g [Horror, Funny] Ju On The Grudge Part 2  - DONT WATCH THIS BEFORE YOU SLEEP ;_; - Part 2
UzqZwh0-p34 I'M SO KAWAII - Pewds Animated (By: Anothink)
V-4sLymIv0M I played Minecraft Hardcore for 12 Hours (bad things happened)
V-Mz1nscx4k EPIC PARKOUR / Mirrors Edge 2 Catalyst / Part 5
V-hwrOcuXOM Accidentally bought illegal items of Wish
V25aWzgAA_Y WHEN THE BEAT DROPS YOU DIE! - TTT
V2QecyxkEY8 Your Balls Will Vanish
V3PJawQhmMo A Troll Never Dies...
V40s9deHg1A Planet Fitness Gym Are Hypocrites
V4Joo-yb5TA SANTA SCARED US!
V7DSJEZqXSM THE MOST EROTIC MOMENT OF MY LIFE
V8zyAKMU1Jw WHAT HAPPENED TO... RESIDENT EVIL 7?? / Gameplay / Part 1
VA6SK6gcGn8 I DESTROY people at MY OWN Game
VAm27OdSplU MOUTH SIMULATOR
VAtSC2f7iNc WET PANTS GENERATOR 2000 - Daylight - Part 5
VAyWIypLCH0 PARIS VLOG.
VBXFlxV9DkM PERVERTED JOURNALIST! - Outlast Gameplay Walkthrough Playthrough - Part 9
VCCxGxeWrB8 REGRETTABLE PORN (Animated)
VDOHUdCe_Us Super Hidden SECRET Half Life JEFF Reference (insane) - Half Life Alyx - Part 5
VEDEQDk2rB8 The Hate Finally Got To Me..
VEJY_MhOVks MY AMAZING GRAFITTI! - Infamous: Second Son - Part 4 - Gameplay
VGFoJm6JDBI The forbeedden game - Bee Movie DS - Part 1 (FULL SERIES)
VGXTcXIY_ss MILK SODA? (5 Weird Stuff Online Part 23)
VGt-BZ-SxGI Minecraft Part 1
VHiAvH1QLQA There was an attempt to... /r/therewasanattempt /r/therewasanattempt #44 [REDDIT REVIEW]
VHtuC7dKmNM I WANT LOKIS BADASS HELMET! - Happy Wheels - Part 37
VKZ33rNKzNU SPIDER HAIR MAN - Paranoiac (5)
VLAXxAoWAok I'M CALLING OUT YOUTUBE!
VMARzsvnY-0 I DIED! ;_; - Paranormal - Part 4 - Beta 7
VO7BkG6mTFs 12 Year Old Simulator
VOochquOIoo S O Y B O Y S
VPnOrwE5jBs MOST UNEXPECTED ENDING! (Inside - Part 5/FINAL/END)
VRediw14EXQ wE neEd tO TaLk
VSWRakDWgeY I'M COMING HOME
VUWmXF6ACDw TERRIFYING NEW HORROR! - Daylight - Gameplay - Part 1
VVpibO-n6HQ Amnesia: Abduction [Custom Story] Part 14 - LAST PART
VVwKZfS3BOM NEVER SHAKE SOMEONES HAND... Funny Handshake Fails
VWvIjZVy2us THE GREAT HAND JOB - The Forest - Part 8
VY4wCi1pPkU THE DIAMOND PLAY BUTTON!! (Part 1)
VYgK5aAqZnI ALL WOMAN ARE QUEEN  /r/nicgirls #13 [REDDIT REVIEW]
V_qsvU3TA14 Girlfriend scares the crap out of me - Kingdom Hearts (4)
Vaqb4hMBdfM ENDING... - Beyond: Two Souls - Gameplay, Walkthrough - Part 17 - Final
VbnI9jpqohY THINGS GET... WEIRD... - Corpse Party - Chapter 4 - Part 1
VdE1b1Pi7ls The Legend of SALAD ASS. -- Ark -- Part 2
Veeeq-Yf63c ONE MUST BE SACRIFICED - Misao (4)
VgB3CdZrCZY PLAYING HALF LIFE ON DRUGS
VgLMCNKrZII THE PEWDIEPIE CHALLENGE
Vgi1Ygd9_kM TOO MUCH GORE! -- Whack Your Neighbor
VgvvfSvg2bQ What is Jake Paul up to?
VhjCMsWrfrk FUNNY MONTAGE #4
Vi3MQL-M41o VIRTUAL REALITY ZELDA -  The Childhood Feels...
Vk8UEWHYfEg PewDiePie   Hej Monika Remix by Party In Backyard
VmD7n6PGgkQ Why the internet is freaking OUT over Obama's last name  [MEME REVIEW] Ì†ΩÌ±è Ì†ΩÌ±è#66
VnUKMbRSI4Q PANTY SHOTS FOR SENPAI! (Yandere Simulator - Part 15)
VnUrPE9nYZE [Horror] Which - CREEPIEST GAME EVER - Part 1
Vnyl15PqsYM FART RO DAH! - South Park: The Stick of Truth - Part 3
Vo49Vo1t5YU PLEASE STOP KISSING
Voi5IHNxkHQ Resident Evil 8 Village #2 - Sorry Mom
VorEFidI8WU Dr Phil hosts Meme Review [MEME REVIEW] Ì†ΩÌ±è Ì†ΩÌ±è#63
VpqRt4dKYq8 VEGETARIANS EAT ME FACE! - Pewds Animated (By: Anothink)
VqAcCdS-6n8 HAPPY WHEELS COMMUNITY HAS FAILED ME. (Happy Wheels #76)
VqAoOSywZd0 DRINKING FROM THE FOUNTAIN OF TITS
VrZohfbbdOM THE FUNNIEST RACE OF YOUR LIFE. (Japan World Cup - Part 2)
VrzQRzmrLMI HAPPY WHEELS MUSIC! - Happy Wheels - Part 61
Vs73Cz8a1ZY EDGAR COOKS - Ep1 (World Chef)
VsVjKpsyN7o I found a PewDiePie Boss in Minecraft! (Real) - Part 26
VthUwkvsJfY PLAY DOOM THEY SAID! - Doom 3 - Playthrough - Part 3
Vv1ClXavPX8 PEWDIEPIE: AT THE MOVIES (Animated)
Vvbr-UCWG5I BARRELS KEEP ARRIVING IN MY MAIL! D: - (Fridays With PewDiePie - Part 37)
VwKMRkNJ7Io AN ENDING WORTH DYING FOR! - Bully (23) Final!
VwSI_iPiKZ0 Happy Wheels - 68 -  FOR GOOD OL TIME SAKE!
VzJoIWdcJm0 Pewdiepie did an Opsie - LWIAY #0079
W02Zfo3NuoI Instant Regret.. - #86[REDDIT REVIEW]
W2H0iQ-m_7A HOW TO POOP WHILE STANDING. (BroKen #3) | PewDiePie
W2TU-ko4Myo What if Sonic was real?
W2TdgZpU3pA wtf... my hair
W3LWl7T0kNE YOU LAUGH YOU DIE  - YLYL #0031
W3QPBZvYxeg A WONDERFUL VACATION! - (Jazzpunk) #3
W4ZjbmTCP9E MY SON IS MESSED UP! - Octodad - Part 5
WA7abSMagms WIERDEST GAME EVER? - Feed The Head
WE6tDn75mV4 HOTTEST GIRL ON YOUTUBE
WGjjSzHrc5w How To: KILL SLENDER MAN! - Slender Woods - Part 2
WHWRHUso5Rs Help me.
WInGv1RgnvU WHY I HATE BARRELS! - Amnesia: Custom Story - Part 3 - Baldo's Discovery
WJ1BPTrUylg We Need To Stop This WomaN! - TLC #25
WJ8anfvviEY Ao Oni - Part 1 - Let's Play Walkthrough Playthrough Let's Play Ao Oni
WL5PPQSZN54 SCARIEST GAME EVER #5
WLT5_tQqqIY THE PEWDS FATHER - Conker's Bad Fur Day (10)
WNNJ1OH7GC4 Damned w/ InTheLittleWood (2 WIMPS, ONE GAME) Part 1
WNUtEAFiDE8 How to Find Netherite EASY - Minecraft Hardcore #10
WOSBRWdITN8 S P E E D R U N N E R S
WOSC6uGtBFw Projared is a Gamer   [MEME REVIEW] Ì†ΩÌ±è Ì†ΩÌ±è#57
WOlnF4jgSJ0 READING COMMENTS (Fridays With PewDiePie - Part 117)
WQtkI23Nr9o Paranormal Activity / SUMMONING SATAN IN VR!! (HTC Vive - Part 8)
WROzEM1pdAE WILL YOU PRESS THE BUTTON?
WReU33kCsRg PINK POWER HOTNESS! - Infamous: First Light DLC - Gameplay - Part 1
WRgFbqgZBro Belle Delphine ATE me?  LWIAY #0081
WS54qL3GeaI Subnautica Part 1 (OMG GAME)
WTr5BQdIdbk HUGE UPDATE: MY NEW 2ND CHANNEL!
WU9uOYHoQ-s we_got_him.mp4
WURdSJTTVwk How to hide any real emotions Ì†æÌ∂Ä  [MEME REVIEW] Ì†ΩÌ±è Ì†ΩÌ±è#42
WXzpw0J5ZgI THINGS YOU DIDN'T KNOW ABOUT ME. - (Fridays With PewDiePie - Part 61)
WYjp24FwsDQ THIS CANT BE HAPPENING!?
WZcnfbwQ1Ts Insanity
W_Nn6F3v0dk Tik Toks Latest Dumb Trend..
W_VxNAC0xiA BECOME A CUTE BABY OR SUFFER! - Misao (6) \
WaP7nHQEV-o Pewdiepie Died (Felix Kjellberg Reacts) -  LWIAY #00156
WbCHGBW6gLk P.T (Silent Hills) Demo Full Playthrough + Ending THIS GAME WILL BLOW YOUR MIND!
WbPAZCmuc8c BADASS SHARK! (Stranded Deep #3)
Wc6HznPOm1k MY LEAKED ANALYTICS  LWIAY #0042
WesTxFXDJV4 LOGAN PAUL INTERVIEW LIES/ MEME RESPONSE
Wf-gWhjfW9I LA VLOG
WhIOXSy_7BI OCTODAD GOES ON A DATE! (Octodad Shorts #1)
WhdpXvnwSRo CHRISTMAS PAYDAY!
WimOwPwU_vI This video is for FELLOW KIDS ONLY! /r/FellowKids/  #22 [REDDIT REVIEW]
WinmkZ9ANng LOOK WHAT THIS WILL DO TO YOU! - Dark Souls - Part 13
WkwBKGkX9dY Just Dance 3 (FUNNY) - WHY AM I DOING THIS? - Part 1
Wl1BpU8Uo2I ENDING! - Grey - Let's Play - Part 8 (Final)
Wl253R_Yri4 Sims 4 - Gameplay - Part 1 - MY NEW CHARACTER!
WlGHn8Ksfxg ONLY IF.
Wm-HtcQ48_I Minecraft just became 10x better! - Part 32
Wm1mS4CQrew WATER MONSTER ;_; - Amnesia: Custom Story - Part 2 - The Cruel Ways...
WnEfjp_3ZP4 ITALY UPDATE -  (Fridays With PewDiePie - Part 3)
WnOD_PMKtSc KILL IT WITH FIRE!!! - Siren: Blood Curse - Chapter 9 - Part 12
Wog1Zwx9jV0 Im actually having... FUN? In MINECRAFT (hacked) - Part 2
WrNXBL9zB7Q The Three: Not So Amigos... (SpeedRunners)
WtnPFQ56nfM Pesadelo - WORST SCREAM YET! - Part 3
WuMzBTDz9DI Raising money for Indian 9 year olds. ($246'000 Raised THANK YOU)
Wv1E7AmzUqI He payed $150 000 to look like BTS JIMIN
Wvr-RBs2Yvk [Creepy] WORLD WAR 1 DINOSAURS - 1916 - DER LADEN!Ôªø 1944
WxIr_-JVyaw DailyDose Predicted My Future - LWIAY #00153
WxNOXHZu6e4 WHO WOULD YOU DATE? - Bro-K Cupid - w/ UberHaxorNova Guest
WxdnKX6cbyw GETTING FREAKY! - Condemned: Criminal Origins - Lets Play - Part 13
Wy350_QTBxQ DUBSTEP MONSTER! - Monstrum
WyuQRMZfgbc The Last Of Us Gameplay - Part 6 - Catching Up With Billy
Wyw0GhtZAYc YOUTUBE MADE A MISTAKE
WzC2f5PSIyw My minecraft Dog is TRAPPED underwater (HELP ME!!!) - Part 9
X-_K-S10Ccg GORN - Gameplay - Epic VR
X0h_vYvkg6Q CLEVERBOT IS CHEATING ON ME! D: Cleverbot - Part 3
X1Bi6Q-fp2E STRIPPER SIMULATOR - (3 Free Games)
X28gzkhBUos I¬¥M SEXY AND I KNOW IT - Dead Space 3 - Part 2 (Demo)
X3-TsbQJlmk Hello? Hell...o?
X3A7C4uVK3w depression.wmv (polybridge)
X3HON0P6q6c FUNNY MONTAGE (bonus)
X4dAPKYPhDQ OLD VS. NEW PEWDIEPIE! (Fridays With PewDiePie - Part 111)
X65bB0uUexU HOW TO BE UGLY! (Photobooth Tag) - (Fridays With PewDiePie - Part 72)
X6KADrUM7fU WANNA MEET IN REAL LIFE?
X8avqq2iOBM POWERPUFF GIRLS IN REAL LIFE
XAI8B3xTIHo I scream for my mom while playing Amnesia
XBc7Dr_UoRQ THE ADVENTURE CONTINUES! - Shadow of the Colossus - 13th Colossus
XCPhOg5zSGs THE HOTTEST BOSS? - Dark Souls - Part 8
XEMEYM43Ihk You LAUGH You LAUGH Challenge (Impossible)(NotEasy)  YLYL #0068
XFqnrpSjuwA SO FREAKY I HAD TO STOP PLAYING !
XGAVllVvux0 YOUTUBERS IN THE FUTURE?!
XGWBDqkRjDE [Funny/Horror] NEW GUN! C: - Afraid Of Monsters - Part 9
XHIW-Ier0Jo DRAMATIC SHOWER TIME! - Fahrenheit / Indigo Prophecy - Part 2 - Playthrough
XH_Hzrd3WMc Twitch Girls be like... (Man of Medan Part 3)
XHzJ1KXLgUE JOIN A CULT FOR SENPAI - Yandere Simulator - Part 10
XJmcdoVdtQ8 DONT TURN ME INTO ONE... Morbus #2 (Garry's Mod)
XJrqVaWmKOc DISS TRACK ME
XKDnshdvz7Y I'M EVIL! - Lucius: Part 1 [Playthrough/Walkthrough] Gameplay
XKshyxrD3CA Surgeon Simulator 2 - Coop /w Ken - THE NOSTALGIA IS REAL!
XLXFEg3jZ6c THE WORLD WILL CHANGE!... - (Fridays With PewDiePie - Part 14)
XLdkonYteO0 YOU LAUGH YOU BLIND! v.2.0 -  YLYL #0051
XN_LMW08ffI Jake Paul Goes to Prison! *epic*  - LWIAY #00121
XNnmWqCs2K0 The House 2 - DONT WATCH THIS BEFORE BED -  Part 1
XOMWzg_NveE You Laugh you DRINK - YLYL #0067
XONXcdJ0278 Dual Minecraft Lets Play! Episode [002] - New World... Again
XOdmXULuic0 HAS VIRTUAL REALITY GONE TOO FAR?! (HTV Vive - Part 1)
XPQLImOug2k WAXING MY CHEST HOFF!
XQJhbhC05EE MANLY TEARS! - Beyond: Two Souls - Gameplay, Walkthrough - Part 12
XR6Sxp4tvk4 FISHFACTORY OF DEATH - Cry Of Fear - Playthrough - Part 20
XRWuWSA13I8 SWEDISH COMMENTARY! (/w subs) - Happy Wheels - Part 32
XR_F2wmnFk8 The Walking Dead - CARLEY IS BACK! - The Walking Dead - Episode 2 - Part 2
XTBguF4C8mI CUTE KITTENS NEEDED! - Amnesia: Custom Story - Part 1 - House of Creep 3
XU5JJraK7jQ Alien: Isolation - Gameplay - Part 1 - (Playthrough / Walkthrough ) - SO DAMN EXCITED FOR THIS GAME!
XW99sBf4BUI Happy Wheels - Part 1 - PewDiePie Lets Play
XWKULYGdKfM TOP 10 FREE HORROR GAMES! - (Fridays With PewDiePie - Part 70)
XWMAXwLF8pU OUR FINAL MISSION! - Beyond: Two Souls - Gameplay, Walkthrough - Part 13
XWj37S4qJes THE DISASTER ARTIST
XXqFdytRCnk HIDE OR DIE! - Paranoiac (2)
XYJu1hHF7AU THE PEWDIEPIE CULT / VR Chat #0003
X_-dwbXGu8M [Funny/Horror] Amnesia: CHAIRMODE ACTIVATED - Dark Mansion
XaHVTI627OM CHRISTMAS BALLS (5 Weird Stuff Online - Part 20)
XaVL6Z8r9lE THAT ENDING THOUGH!!!!! - The Walking Dead: A New Frontier Gameplay Part #4
XbwE6pk2Ze0 I play a forbidden Amnesia mod
XdMCyi_Avzc (WARNING GROSS) CURING MY TRYPOPHOBIA
XdZ6Dy96Q_s I'M THE BULL THAT BULLWORTH DESERVES - Bully - Part 19
XdwpfuzFMoM I'M A REAL DENTIST! - Surgeon Simulator Ipad - Tooth Transplant
XfWGM5jwIy0 VOTE FOR NEXT LET'S PLAY! - Gravity Bone: Playthrough: Part 1/1
XfbOSBBJc0I The Greatest Simulator Game Ever!
XfjL4fEghXQ Shoutout to Jacksepticeye
Xgtc_5DMpXA DANK MEMES - YLYL #0061
XhzSqECHk4Y FREAKIEST GLITCH EVER! - Haunted Memories.
Xkf2-tvmZf0 Cat Simulator.
XkquWd_aDvY ABSOLUTE MAD LADS ONLY!  /r/madlads  #16 [REDDIT REVIEW]
XkvP7VOA7oc MY MOST AMAZING SPEECH. / Riftmax
XlCHEONTqnc WE ARE ALL GOING TO D1E. (AI)
XozZYCqNo8Q Minecraft Skyblock #1
XpOSIjd433Q ANNOUNCING REVELMODE!
Xp_PAa-G0A4 BALDIS BASICS //SECRET ENDING//
XpxiH5lOKTw Minecraft VR is A NIGHTMARE!
XrtAB799STE Getting Cancelled Speedrun Any% #89[REDDIT REVIEW] /r/CursedComments
XsO72JBmWG0 The Alphabet Will Never Be The Same... (Metamorphabet)
XsptKQ8t-sM OBNOXIOUS YOUTUBER STARTER PACK - LWIAY - #0011
XtYDs6hoggM I BECAME A ZOMBIE
XwFmhh3QZxQ YouTuber House Tours / Its Getting Worse Edition #4
XyljwOuVWIA Amnesia DLC: Justine Part 1 - NO ONE TOLD ME YOU CANT SAVE IN THIS GAME...
XyocvH1bmrw [WARNING] THIS VIDEO COULD MELT YOUR FACE! (Day 4)
Y-crrainaDk I'M A KITTY CAT - Catlateral Damage
Y-iGQXhtHOw TOP 5 HIDDEN SECRETS! - Five Nights At Freddy's (PARODY)
Y0v-A_UsECQ WHO IS MORE POPULAR? (Higher or Lower)
Y39LE5ZoKjw DELETING MY CHANNEL
Y52XyWLzZqY OCULUS RIFT HORROR REACTION! (Lost in the Rift)
Y5TmWut-BS4 GETTING AWAY WITH MURDER!
Y5WkldjnqUE TRUE ENDING! - The Witch's House - Part 6 - Playthrough
Y5g4FEd2tgI DEDGEBALL MULTIPLAYER!? - Lethal League - Part 1
Y6D7qpp_7Hk THIS PART WILL ANNOY YOU GUARANTEED - The Last Guardian - Part 7
Y6mO4n_A6Dc Dark Souls - Part 1
Y6ukccLghl0 IT WAS STEPHEN ALL ALONG! - Outlast Gameplay Walkthrough Playthrough - Part 11
Y8r8Q3iWdos [Horror / Funny] Ao Oni - CONSUELA PLAYS - Part 2
Y9UH8i_-6ME ELLEN DEGENERES CLAN - Afraid Of Monsters - Part 19
Y9yCUSue0iw THOMAS. WAS A TRAIN ALL ALONG.
YA5FRALXqX4 SIMS 4 POOLS!
YAhpRoecHl8 THE GRUDGE GURL IS BACK! - Amnesia: Custom Story - Part 1 - Disponentia
YBgE6gVi05E Comments.
YC4TnbHzIMI Famous people who can't STAND PewDiePie - LWIAY #00118
YFCzMgP9GPE I'M GOING TO PRISON! (Hard Time)
YKw8YV1qpzQ The Haunted: Hells Reach - GORY GAME IS GORY
YLoAYWf-tfU Nop.
YR0VAVBH3qY Rating Memes from 0-10 [MEME REVIEW] Ì†ΩÌ±è Ì†ΩÌ±è#64
YRqayjGOpYc [FUNNY] TOP SCARIEST MOMENTS OF GAMING! 100'000 Subs Special! (Episode 6)
YRskDaY8FU8 HEADBUTTING JESUS! - Condemned: Criminal Origins - Playthrough - Part 5
YSAFr7by81U FAITH IN HUMANITY LOST! - Beyond: Two Souls - Gameplay, Walkthrough - Part 5
YSmdPPW1eiM TOP 10 AMAZING WEBSITES!
YSr5mo8_WDc MTV CRIBS! -  Cry Of Fear - Playthrough - Part 26
YVBNce1cFKM What Really Goes On Behind The Counter Of MacDenalrds / Citizen Burger
YVhDbYt_awA BADASS CLEMENTINE! - The Walking Dead: Season 2 - Part 3 - Gameplay / Walkthrough
YVoSDA8LxTk REGRETTABLE PORN
YVxaK8WQhJo I challenge the Ender Dragon in Minecraft (Ending) - Part 30
YWMODWoH_YA A TWERKING CAN! - Prop Hunt #5
YWvM3DsL_gI YouTuber House Tour Review #1
YY8fa9ymFwM My Face Reveal 2.0 - LWIAY #00149
Y_KKZYYOjsE Nicolas Cage Dating Simulator 2015
Y_QX7wHdpqw How To Get Ebola? - (Fridays With PewDiePie - Part 84)
Y_TTsEfFrHA LET THE HUNT BEGIN! - The Witcher 3: Wild Hunt - Walkthrough / Playthrough / Gameplay- Part 1
YaSpTSMWZig I got the World Record in Minecraft Mini Games (truth)
YcFxgPySfys M-M-MONSTER! - Among The Sleep - Part 3
YdDmu7tP2go CINDERELLA AND STEFAN ADVENTURES! - Dungeons & Dragons (BroKen #9)
YdVdF7xH2oo JUMPSCARES GALORE! - Jeff The Killer
YduZqu3QpSw LIL TAY IS A FULL WAMAN NOW - YLYL #0029
YeumUzxF9bM SYMPATHIZING WITH A KILLER? - The Walking Dead Season Two - Episode 3 - Part 2
YgSN7s-Yg9Q BUTT GAME WITH MY GIRLFRIEND.
Ygc3RrT_HMc SCARE PEWDIEPIE - Level 1 | Preview
YhSImgCPYfs Pewdiepie vs Tseries the Anime  LWIAY - #0069
YhqB65dZBMQ A YoYo Master Teaches Me How To YoYo
YlXFDUL6Qa4 Is Wish A Scam ?
Ymt4lpzv62g STAR WARS: THE LAST JEDI (spoilers)
YntjLqpigjA CAN YOU SPOT THE OCTOPUS? - Alice: Madness Returns - Part 11
Yo7x3LnWOYw Tik Tok Is Cringe, but some are good  [TIKTOK#2]
YoFJKWnGbYk THE WALKING DEAD: MICHONNE (Full Game) - Part 2
YphyH9ot8EM BAN THIS GAME / VR Chat #0004
YqCvyvXc-U4 This Book Loves You - ANNOUNCEMENT!
Yr14Io0wsiU I Google Myself..
YrBnjg3efNo Time For Some Honesty!
YrOJvhV65ME New Minecraft Update! - Minecraft Hardcore #21
Yrmz8jexoJQ PEWDIEPIE CHRISTMAS SPECIAL! (12 DAYS OF DRUGS) By: Cypherden
YsCaIFcgjUs MAKING MY FANS WISHES COME TRUE! | PewDiePie
YswpifZJrUE GETTING IT ON! -- Catherine -- Part 5
Yu-O5zDYkZc WHAT THE BOX?
YuihlgsgNSo I slept in the Nether in Minecraft..  - Part 5
YulJWy1Wq7Y STOP RUINING SONIC.
Yv5CxnYvP3A SEXIEST HORROR EVER - Amnesia: Rain (3)
YvYnZJ2buBs FLUFFY! - The Crooked Man (9)
YxFZxTOatDo FINDING STEPHANO!!! - Amnesia: Part 3 - PewDiePie's Revenge
Yy4Q7xWLXAg BEST GAMING SETUP OF 2012! - (Fridays With PewDiePie - Part 33)
Z-3PoIK_b3Y PERVERT HORROR? - Corpse Party: Book Of Shadows - Part 2
Z-JkdGYAHl4 YouTube Removed The Dislike Button.. Ì†ΩÌ≥∞PEW NEWS Ì†ΩÌ≥∞
Z03caBU3ia8 Fatal Frame 2 Playthrough Part 4
Z4kRiZJbSAM GETTING BLOATED. (Shiftlings)
Z5o27Ts2-ac FINAL! - Amnesia: Custom Story - Part 3 - The Attic (Chapter 2)
Z7Cb9BSp6Hk (PRO ONLY) PVP. MLG BRO. (Bloodborne PvP)
Z7wisyad4p0 DRAW EVERYTHING! (Draw A Stickman)
Z8XIrwYFKU4 I'M GETTING A SEXCHANGE!? - Outlast DLC: Part 7 (Whistleblower)
Z9_sjHswSdI CHEWBACCA!!!! - Slender: Sanatorium - Part 2
ZAA-BWvG_0o The New MINECRAFT BLOCK is AMAZING! /r/Minecraft Top All V
ZCHAGwk1HJ8 SO SCARY YOU WILL POOP! - Outlast Gameplay #2
ZCPeXCRdcPI HATERS GONNA HATE - QWOP (flash game)
ZF3bxb3fzFM TEENS REACT, CHARITY & MORE STUFF - (Fridays With PewDiePie - Part 39)
ZFyqoXZHbvc (CHALLENGE) You Lose You Laugh, Can you do it?
ZHQ6dxAcRmY FINALLY FINISHED SLENDER BROS! :D - Slender: Mansion - ENDING
ZKFcghQTqiY USE THE KRUCIFIX, THEY SAID.... - Nosferatu - Part 2
ZLk0PQijNbA I am being slandered online.. -  LWIAY #00164
ZNdPHViu96E Cyberpunk Full Playthrough Gameplay Part 1 / Love it so far!
ZQBEEyrQS18 BIKE IS A TRAITOR!! - Happy Wheels - Part 46
ZQG91KPBNTk Try not to MIND BLOWN challenge! /r/im14andthisisdeep top all  #50 [REDDIT REVIEW]
ZQRJGRyg3dw Reacting to YouTube Rewind MEMES - LWIAY #00102
ZR1RwIUuYPk MAKE CHOICES FOR ME IN CHOICE CHAMBER
ZRoz7rygHvc BroKen #3 w/ Cry
ZSPB08U2sGc Siren Head is TOO SPOK 4 ME
ZSv1iiT3jlc YOUTUBE HONESTY HOUR CHALLENGE
ZVVsA5gkb_g WE DID IT :D - (Fridays With PewDiePie - Part 19)
ZVv-5xXmhd8 You Laugh You Clean - YLYL #0062
ZWIJHvezWYY SCARIEST GAME EVER #2
ZXJshpnCutc My Response to my Editors
ZXPaoDKNij8 THE CUTEST GAME THAT WILL EVER SCARE YOU!
Z_0vO0kpvZY CREAM TO THE FACE CHALLENGE
ZaRRR7b6X0M CHARLIE, CHARLIE CHALLENGE IS REAL!?
Zb21y5e4LCc TWISTER WITH A TWIST.
Zb_0XiJqW68 PARENT OF THE YEAR AWARD - Happy Wheels - Part 5
Zbr8bRUDdv8 MY FIRST TIME...
Zc6ua-dUZkY CARDS AGAINST HUMANITY ANIMATED
ZcFmJ_sce68 You Cringe, You Cringe Challenge (Cringe)
Zd7-2mcwD_k unFUNNY MONTAGE!
ZddvddGEQg0 Ace of Seafood - The rise of the Anthropods
ZehB5TVIUIM [Funny] SCARY MOMENTS IN VIDEO GAMES - (episode 5)
ZfQ-ZodGWzo Fear 3 Part 2 | BROFIST? NO!
ZgAS1VGoCpY PEWDIEPIE GOES GHOSTHUNTING! - Let's Play - Ghost Hunt 2 - Part 1
ZgfcrLUd9Vs Amnesia Top 10 Scary Moments (and funny) CustomMod: Abduction
Zgm_iM3f_ME Don't Laugh Challenge, NEW SEASON!!!!! YLYL #0050
ZlalFGeHxII ELECTRIC SHOCK MY BALLS (Fridays With PewDiePie - Part 116)
ZmtduMbiAB0 KNEEL BEFORE YOUR KING! - Bully - Part 20
Znyw-wU5aBk DODGEBALL SIMULATOR (Stikbold)
ZoV9UbzTMcg BANNED FOOTAGE. - Resident Evil 7 DLC
ZpH34VYPWxU Got Problems? - (Fridays With PewDiePie - Part 83)
ZqR8d6yjeZg HEART ATTACK Jumpscare! - Slender Woods - Part 1
ZqWfVi93E5g THEY STRIP WHEN YOU LEARN..
ZsTEgAjLB-o THE AMAZING BRICK!
ZuffWCjhxII MOVING TO A DIFFERENT COUNTRY! - QnA w/ Pewds
Zv7mc3TygO4 I DON'T LIKE MARVEL MOVIES
ZwNxYJfW-eU FAPPING SIMULATOR 2016 (3 Free Games)
ZwRcVrXHKdY Amnesia: BROKE MY COMPUTER - GRUNT'S CASTLE - Part 1
ZyUqPEMOhlM Nightmare House 2: Playthrough - Part 3 - SWEAR FREE EPISODE!
ZzQNYYLok6k TELEPORTING NAKED GUY CAN RUN! - Amnesia: Obscurity (5) Final
ZzeWme_wzKk WHACK YOUR EX / CALL OF BIEBER / BREAKFAST SIMULATOR
ZzjGNTd76Jg I take on the STRONGEST Mob in Minecraft
_-716zAgeAA 2500 SUBS, 100th VIDEO THANK YOU + SHOWING MA GAMING RIG
_0YYHJqMy6g RollerCoaster... of DEATH!!1! (Rollercoaster Tycoon - Part 4)
_3RwS1wSClw THIS GAME IS FREAKY! - The Evil Within - Part 2
_46rn1zYW04 Tik Tok is Cringe [TIKTOK#1]
_4V_8dda1og NONSENSICAL FOOTBALL
_4VgLfqzPxw UNDERTALE ANIMATED
_5Vj_gFJTuQ The Last of Us: Left Behind - Part 1 (Full) DLC - Gameplay Walkthrough Playthrough Let's Play
_5e5jWADSE0 WHO IS THE REAL GLORIA BORGER??  LWIAY #0035
_7joIW7gog4 I HATE THIS - Warning Trypophobia! (very ew) - Subnautica - Part 4
_7xWp2iQDwU DON'T LET GO! (No matter what!)
_AYI5uqmMOg CAST AWAY: THE GAME (Stranded Deep #1) | PewDiePie
_AatGduGclc LEVEL 2 | WE‚ÄôRE NOT ALONE
_Bo-l5-xWvI GET NAKED, GET DRUNK, GET DEAD - Lakeview Cabin (Free Indie Horror)
_ClxF1IebLY DONT WATCH! ;_; SCP-087-B ( + download link in description)
_D4tCC3MEPw THIS ISN'T EVEN MY FINAL FORM - TWAU - Episode 5 - Part 1
_EgHc4fCrAs PEWDIEPIE ON TV! :O:O - (Fridays With PewDiePie - Part 24)
_Flzbmqcq4o I NEED MY FANS! (Charity)
_HYPnP96oIQ [Funny/Horror] CHOP CHOP CHOP - Afraid Of Monsters - Part 5
_Hf13K3UW1I The Impossible Game? (Geometry Dash)
_Ibly5vHDnY PEWDIEPIE TATTOO - LWIAY #0026
_Ix0HzGTVBY DOGA - DOG YOGA
_Jn70lcj0wA MY WORST DAY... [2/22]
_MjKztERfv0 A Weird Game. For Weird People. (D4: Dark Dreams Don't Die, Gameplay / Walkthrough / Playthrough)
_NKn8hXNlAM I PEE MY PANTS ;_; - The Lost Souls - (+Download Link) - Let's Play
_OakD7JziJo 1 Girl Vs 10 Guys with An EPIC Plottwist
_TSZe3mfGYg VALENTINE'S SPECIAL!
_Uxu3SZtRlI [Funny] Octodad - Banana/Tentacle Pr0nz - Part 4
_VlsB40v8b8 TOP 10 WEIRDEST WEBSITES.
_Z93gVqa8OE PewDiePie Fanfiction Animated: Dragonslayer
_Zq83YORkOI Five Nights at Freddy's Security Breach Gameplay Markiplier Reaction 4k 8k HD Trailer Secret Full
_ZqcSccSchg I'm in Ender's Game behind the scenes!
_ZufkBm0vZs Kim Kardashian: The Game - BISH WHAT?
__So8JEIfxA Reacting to Our Child... - LWIAY #00134
__jciO6PpH4 TAKE ME RIGHT HERE! - Happy Wheels - Part 13
__u_98OirB0 PEWDIEPIE IS GONE?!
_dMsFwhSohI SCARY LAB MONSTERS! - Erie - Part 2 (Final) Ending!
_dRCOoEy9YE I TRY POOP CANDY! (5 Weird Stuff Online - Part 11)
_dyPXm7hedg FaceApp Review
_eoFXXNehiA [HEART ATTACK WARNING] - Amnesia: Custom Story - Part 1 - Can't Remember
_hI2RsnjMn8 Amnesia Rebirth - Its been 10 Years..
_iQ0uRkvVos FINAL FANTASY 15 (XV) - BEST MOMENTS!!
_jCGmp7c6lo FIVE NIGHTS AT FREDDY'S 4 -- NOT SCARY?... (Night 1, Night 2)
_kCWURLtjpQ You Can Play As E V E R Y T H I N G ! ! ! !
_l44DAKX3Vw (Heart Warning) - Night of the Sacrifice (Ikenie No Yoru) - Part 2
_lFdoktVkKk Amnesia: Playthrough Part: 2 - Kill an old dude
_mOVlkAuvgE THIS GAME IS BRUTAL! - (Chivalry: Medieval Warfare)
_mWfxZY6T24 Master, forgive me -  #41 [REDDIT REVIEW]
_nVQgqlo0Ow [Ã≤ÃÖZÃ≤ÃÖ][Ã≤ÃÖUÃ≤ÃÖ][Ã≤„ÅúÃ≤ÃÖ][Ã≤„ÅúÃ≤ÃÖ] [MEME REVIEW] Ì†ΩÌ±è Ì†ΩÌ±è #14
_pPQrUOGprw ALIEN vs PEWDS - Conker's Bad Fur Day (20) FINAL, Ending
_qG2OoLhUk8 BROS PRESS MY BUTTONS! (Will Your Press The Button?)
_tOHd5JTU6U GIRLFRIEND SIMULATOR. -- Kanojo VR
_uigJsr9sFA I am SO proud of this community. LWIAY - #0060
_vI0Wmxc2cY [SCARY] bong chong dong ghost lets play playthrough walkthrough
_vZqWMBSJAw Amnesia: Playthrough Part: 34 - LAST EPISODE!
_weuzXU-gWY Couple Coach React to Pewdiepie & Marzia
_zllJ2HHAVQ NO WAY THIS IS REAL...  LWIAY - #0004
a0S425nVBng \
a2U5FUV6EfM THIS IS HOW YOU LOOK [MEME REVIEW] Ì†ΩÌ±è Ì†ΩÌ±è#52
a2ztALd_2E0 WHY AREN'T YOU LAUGHING?! - Pewds Animated (By Coyotemation)
a3hiqH-put4 /r/Minecraft - There's BEES in Minecraft? (not good) #43 [REDDIT REVIEW]
a4rIHyDFL44 Fortnite Prop Hunt Jacksepiceye BETRAYS me, Hacked (EPIC) $10 000 CHALLENGE
a55vWNlfR3k THE LAST AMNESIA STORY! - Amnesia: Mental Memorial - Part 1
a7jv-z87vb4 Dont Laugh Dont Lose Challenge Episode 001 YLYL #0051
a7oKP82RAwI BUNNY MASSACRE! ;_; - The Forest - Part 3
a7vn3A6jl60 I made a promise.. -  LWIAY #00160
aAluwbON3jY Beat Saber - Part 2 - Memes and vr was a mistake..
aCPSw0srSsA Demon Simulator - DEMON GOAT
aCRUFW8R74s This is absolutely NOT Funny - LWIAY #00141
aDREallgAFQ ENTERING THE MATRIX!
aFM7YmJlYx0 WHAT'S BEHIND THE PIGS? - Wolf Among Us - Episode 4 - Part 2
aGW7VtEgR2s IT'S TIME TO VOTE!
aIqAHYuFdSw Why am I still here.. (Japan Update)
aItulO6hgQM ALL ENDINGS - Heavy Rain: DLC: The Taxidermist
aKVYpNXrPBc AGARIO WITH FANS! -- Agar.io -- Part 6
aL_ccsdULC4 ALL ON ONE COUCH - Cry & Ken - When Vikings Attack
aLiK_nP7wTI Forbidden memes -  YLYL #0065
aMWNOaFGsXo SMASH SUBSCRIBE
aOXAtnb-grk I Found The New Biome in Minecraft! (Nether Update) - Part 41
aPkP1WTZ3xg DON'T PUT THIS IN YOUR MOUTH..
aQVMnW6LGfM UNMONETIZED
aS5xpGiPMpU EMOJI'S IN REAL LIFE
aU8YGoH8rLw Reacting To The Worlds Biggest House  ($500 000 000)
aZZ8UnCTVJA THIS VIDEO WILL HIT YOU IN THE FEELS - Infamous: Second Son - Gameplay - Part 10
aZkV1M6P6bQ STEPHANO IN MY MAIL! - (Fridays With PewDiePie - Part 11)
a_amPi2_ZG0 WHO'S YOUR YOUTUBE GIRLFRIEND!? (Test) | PewDiePie
aaK6Ompd344 PANTY SHOTS, PANTY SHOTS EVERYWHERE. - Corpse Part 2 - Part 1 (Chapter 2).
ab7OTvsdJho Text and Drive...
abKM-7VAwks FREAKIEST BABIES EVER! - Cry Of Fear: Walkthrough - Part 2
abObpmh9mlw THE FUNNIEST MULTIPLAYER GAME! (Gang Beasts - Part 06)
abgZRFbsYz8 Tik Tok Isnt Funny YLYL (I didnt laugh) - YLYL #0073
abuOxkagdAI I Went On Holiday...
acLyyBCXDkw They did surgery on a grape   [MEME REVIEW] Ì†ΩÌ±è Ì†ΩÌ±è#43
acyyWic-6JU REACTING TO TRUMP BECOMING PRESIDENT! [10/22]
adnsXWLQIDo THE REAL ENDING! - Misao (7) \
adrGadNSLBU PEWDIEPIE DATING SIMULATOR
afMqsOZb0ks The Last Of Us Gameplay - Part 12 - So Many Feels ;_;
afdbYnQsadA WHO DO PEOPLE HATE?
ag081fW3cKY EXCITING NEWS! Humble Bundle Weekly
ah7LYxysuJ8 About A Copyright Strike
aiGZWlLN23g SENPAI WILL BE MINE!
aiU3q0ZAuBs Stop finding my old SCHOOL PHOTOS!! LWIAY #00100
aiyNH2EJjxw The Biggest Lie of Me EXPOSED - LWIAY #00135
aj5WWmRsnzI THEY WANT MY MILK! - (Lights & Shades)
aj6QHdhIwRI SLENDER - FINAL ATTEMPT! - SLENDER - Part 4 - Let's Play
alVx6YLFOk0 HOW TO DRESS LIKE A SUPER HERO! - Scribblenauts: Unmasked - Gameplay - Part 3
amKsUMOPCSA WTF HAPPENED TO: MARIO & LUIGI
amQ8vr1EwZU Amnesia: An Unexpected Arrival - I HATE IRON MAIDENS - Part 1
anuJj1YPZRI IS YOUR CHILD A FAILURE?
ao17QINWq3Q Keyboard Drumset F-cking Werewolf
aoVdPf4cnTw #ZABIE IS REAL!? - Walking Dead: Season 2: Episode 4 - Part 3 - END
aqJ5B9wZcHs RAGE MODE ACTIVATE! - Condemned: Criminal Origins - Lets Play - Part 20
ar25iJORncI We went to Canada for something EPIC!
aryapXCL6xg YOUR REWARD: TITTIES! (BMX XXX, Part 2)
arzJwipWvfQ THE ULTIMATE SURVIVOR! - ZombiU: Hardcore Mode - Part 1/2
auHEjieszAo YOUTUBER GENDER BENDER #2
avBT-ZfiBGU EPIC GAME, EPIC ENDING - South Park: The Stick of Truth - Part 14
avuHvnsRQrs Watch this video in 2X SPEED! LWIAY - #0057
axGueRhR7iQ I'M NOT A PERVERT! - Prop Hunt #12
axjIyXFgqDA CAN YOU HANDLE THE GORE? / Until Dawn / Part 9
axmUSmpF0nY NEW GUN IS AWESOME! - Afraid Of Monsters - Part 17
ayxyc9Mhe3k FIVE NIGHTS AT FREDDY'S: PREQUEL PREQUEL PREQUEL PREQUEL
azVdCm0As28 Trials: Evolution (Rage Edition)
b-qYfK6xVHg The Stanley Parable (2)
b037fgPG9Ow My favourite author
b0Xu49bD_SM I'M A REAL MOVIE STAR! (Yoostar 2)
b1FuflefNV8 WHAT'S LANA BACKWARDS? (QnA) - (Fridays With PewDiePie - Part 90)
b1juOJK4yKs MOST FABULOUS GAME IN THE UNIVERSE! (First Person Lover)
b1ptt8HnUpc THAT'S NOT WHERE THE DENTIST GOES!!! - Heavy Rain - Part 15
b1xCyw4CHrU RAT BURGER DELICIOUSNESS - Hamburger Game Multiplayer
b3SgVAYdlxM FINAL - Cry Of Fear - Co-op - Let's Play - Part 34
b3wwq28yRDk Amnesia: Playthrough Part: 30 - STUCK IN PRISON!
b4M81RVdmpw NOBODY SUSPECTS A THING! - Octodad: Dadliest Catch (Pre Build) - Part 2
b4bat1YO3C4 I KNOW WHAT YOU DID LAST... (Lakeview Cabin - Part 2)
b4tMmvYOsp4 KIDS ROOM OF CREEPERS - Condemned: Criminal Origins - Lets Play - Part 18
b5O8MTWRHig MONKEYS EVERYWHERE! D: - Silent Hill - Part 8
b5yBqi2Xnww SLENDER MAN & ME IN THE GAME! - ScribbleNauts: Unlimited - Part 6
b6VAlwv45q4 NEVER GO FULL SUMO
b9Su6O-kgA8 THE WORST GAME OF ALL TIME - The Sniper 2
bAVU-Z32sWI ULTIMATE TORTURE DEVICE! - Doorways - Part 3
bAlc6UEm7_M Making A Hot Dog From My Old Job - Cooking With Pewdiepie #2
bBIywvBizsY TOP 10 USELESS WEBSITES.
bC00NbXWT3g Amnesia: Playthrough Part: 24 - SCARY PARTS ARE BACK ;_;
bFNKGLzGrQY The New Zelda Game!! (not clickbait)
bGdBsc5H1Qw Deadpool - DO YOU LIKE TACOS?! - Part 5
bHqwER2A6Sc Parents Tell Kids About Birds And Bees...
bMGrURHxsT0 BEST TOILET EVER! -  Happy Wheels - Part 43
bMLdNrB5hAo Arizona Sunshine with Jacksepticeye FLOSSING in VR with Green Man. ~ UNSEEN FOOTAGE ~
bMpgsD5o8bs Thoughts on Getting Robbed
bN0vMB6jd3U I Hate Weird Perspective... #94[REDDIT REVIEW] /r/confusing perspective
bOASYpAoCtM TERRIFYING MONSTER - Paranoiac - Part 1
bOgApS67xZ0 Logan Paul STRIKES Content, Pokimane says BAD thing.. MatPat UNFORGIVABLE!
bRG6sy3VaWU Here's the mf tea ‚òï  [MEME REVIEW] Ì†ΩÌ±è Ì†ΩÌ±è#54
bT-yZf7hisI The REAL reason I wasnt in YouTube Rewind
bTB25cgO8YM GG
bVfEAcCmAN0 EPIC BOSS FAIL! - Doom 3 - Let's Play - Part 4
bVu8OWN90eY How To Get Started On YouTube
bWHmYGw7qAc Family Guy Called Me Out... LWIAY #00170
bWtZewDHVOw DELETED VIDEOS
bXe1iGfeNjQ IF LOOKS COULD KILL.
bY0eY7nQF0I ARE YOU JUST GONNA WATCH ME BURN?! - TTT
b_0ZcbtEzzU AWKWARD GAMES. - (Fridays With PewDiePie - Part 75)
b_5ETyfKEVU TIME TO DELIVER THAT BABY! - The Walking Dead: Season 2 - Episode 4 - Part 1
b_gitOw1TZU Jake Paul & Ricegum SCAM Mystery unbox ? / Ninja New Years Cringe / Ì†ΩÌ≥∞ PEW NEWSÌ†ΩÌ≥∞
bayWDY21dQ0 I Hate Optical Illusions.. #93[REDDIT REVIEW] /r/OpticalIllusions
baylWdHClNE THE MOST ANNOYING SOUND IN THE WORLD!
bbjQxExli6Q WE KNOW WHAT HAPPENED! - To The Moon - Part 7
bcCyJzify7E THIS IS TOO MUCH... - Outlast 2 - Part 3
bcvxz2IrtA4 THIS GAME SHOULD BE ILLEGAL / Getting Over It / #3
bdI8cvCp_sQ TIME FOR A SACRIFICE! - The Cursed Forest #3 (END)
bdtWVQ-P_7U What do I regret with my YouTube career? / QnA
beYAEnSSeTM DUCK MEETS HIS DESTINY! - The Walking Dead - Episode 3 - Part 3
bhAg8jpAYe4 The Scariest Colossus! - Shadow Of The Colossus - 10th/16 Colossus \
bhHLxT1y6pg What is happening?! LWIAY - #0065
bhnbYq40vY8 Amnesia: Abduction [Custom Story] Part 8 - PIGGEH!
bk1UXOdjlmI SO CUTE!! T_T - Uncharted 4 - Part 12
bkBaHes7AVM You NEED to play this game! - Deltarune - Part 2
bl3ngulxUFk ARE YOU NOT ENTERTAINED?! (Yoostar 2)
blEN-yLjKgs The forbidden move - South Park The Fractured But Whole - Part 11
bleWDHyzoVs JUMPSCARES EVERYWHERE! - Dead Space 3 - Part 1 (Demo) w/ Heartbeat Monitor
bm-ummtKNOw Reading Fanfiction...
bmJkYegM1NM VERBAL TENNIS! - (BroKen Podcast w/Inthelittlewood - Part 9)
bmecPRaL2n0 Visiting my hometown (Google Maps)
bmf_5z2RCNg GOAT MMO // MICROWAVE GOAT?! - Goat Simulator - Part 1
bmy4GAjZArc IT'S HERE! - The Crooked Man (7)
bngSPcW8zcI PIMPS 4 LYF (Japan World Cup - Part 3)
bnkDBfV3OoM Which YouTubers Could I Beat in a Fight??
boKguvyMwpo Beware - YOU NEED TO SEE THIS GAME! (Driving Horror Game)
bp0Dj3a5Lgk YARRRRRRRRRRRRRRRRRRRRRRRRRRRRRRRRRRRRRRRRRRRRRRRRRRRRRR - Pirate Ship Wars - Garry's Mod - Part 1
bscPnL_PBW8 IT'S WAR! - Conker's Bad Fur Day (14)
buSxBpWbhCE FANFICTION GONE VIRAL GONE SEXUAL
bvWqNVnJW48 I f************ LOVE Science!
bwBQPpGPves PEWDIEPIE GOING TO AMERICA!- (Fridays With PewDiePie - Part 27)
bwagNm5Bq9M headbutt... EVERYONE!!! - Skate 3 - Part 10
byM_XKWm_Nk SEXY POTION - Amnesia: Custom Story - Part 1 - Sins Of Our Past
byj6GEqa70M CHRISTMAS SHOPPING SIMULATOR 2015
bymDk2mYAHI Quantum Break FULL Gameplay - Walkthrough Part 1 // THIS GAME LOOKS REAL
byxEledFpEE Old people are SAVAGE!  /r/oldpeoplefacebook/ #27 [REDDIT REVIEW]
c-eY-Z98IrA ONE NIGHT STAND - (3 Free Games)
c0w9mMK_D6k THE ONLY ADVANCED WARFARE YOU'LL EVER NEED.
c0xwXpVeWd0 Deep Down In My
c0zcFb7clzg YOU PLAY ARE A MURDERER?? // CALM TIME! (Disturbing)
c1DZKTz2fmA Playing Minecraft With You Guys
c1SD9QsqPyU [Funny/Horror] Amnesia: - MR. COW D: - Mystery Chapter 2
c2PNyK_qO-A WHO'S YOUR YOUTUBE BOYFRIEND? (BroKen Podcast w/Emma Blackery - Part 12)
c2TvRZto2cM I Laugh, My Editor Sive Gets A Raise. - YLYL #0077
c2qUTXxI1mM Giraffe Simulator - TALL GOAT!
c3epyNYZZ7c FIVE NIGHTS AT PIKACHU'S.
c7ni13SAUns Ib - Part 1 (+Free Download) Lets Play Ib Walkthrough Playthrough
c7rT4M5wXt8 IMPOSSIBRU! - Siren: Blood Curse - Playthrough - Part 13 - Chapter 10
cA-AT80GjxA Will pay $5000 to fix this - LWIAY #0077
cDakFiMJ-T0 RANDOM OMEGLE BRO SURPRISE!- (Fridays With PewDiePie - Part 36)
cEj85RKCVUE The Fidget Spinner Simulator.
cHJdPjU0BcU KINECT GAMES WITH GIRLFRIEND - Just Dance 4 / Kinect Adventures
cISWxaayz6A GAMECEPTION! - The Stanley Parable - #2
cJHrfUhLDEU FREAKY CHICKEN PORTAL OF DOOM AND FRIENDSHIP! - Portal 2: Coop: Custom Maps - Part 1 - Pewds&Cry
cL9tZK76BdY PENIS FIGHT w/ GIRLFRIEND (5 Weird Stuff Online - Part 06)
cLdxuaxaQwc My Response
cLeN6ItbSKk AT LEAST WE HAVE STEPHANO ;_; -  Amnesia: Custom Story - Part 3 - Killings In Altstadt
cMLI_Tgdbek .  YLYL #0079
cNR9Z0uVoFg Never do this in Minecraft... - Skyblock #3
cNoiQjpBm1I PewDiePie - Space Invaders (My own game)
cOeLz87i0XE My comment section is the worst on YouTube LWIAY #0099
cQhjedMETtw PISSED PEWDIEPIE IS PISSED - Amnesia: Custom Story - Gary Dark Secrets - Part 7
cS0Y2ldpKvo Dying Light - Gameplay - ZOMBIE PARKOUR INSANITY!
cSHWUe0A5QI GREATEST VEHICLE IN HISTORY! - Dead Rising 3 - Part 2
cUn96ycHO8E Never Skip Brain Day.
cVhjZgPlpUw [Funny/Horror] RUBEN... AND RUBENS MOM... - Afraid Of Monsters - Part 11
cWiiVU0JkOA n e v e r.  b e e n.  t h i s.  t e r r i f i ed.
cWzhZv7VaV4 WEIRDEST ANIMATIONS ON THE INTERNET!
cY9kbO4GY_s Top 10 FORBIDDEN items /r/itemshop #46 [REDDIT REVIEW]
cYdxd5gRPFU MY AWESOME NEW HAT! -  Limbo: Playthrough - Part 3
cYjTmlpMJ3o MY GIRLFRIEND STALKS ME! - SlendyTubbies (Oculus Rift)
cZ3lny1YVLQ WTF HAPPENED TO: FROZEN | PewDiePie
cZGZYn2qq1Q Speech Expert Analyses My Voice *10 Years ago to Now*
c_auCnDltUQ Pizza Delivery (2)
caqjW2-cNsw WHO THOUGHT THIS WAS A GOOD IDEA??
catfGVcm39c BILLY MAYS HERE! - Amnesia: Custom Story - Lost The Lights - Part 10
cd-yI4vehEQ DAT ASS! - Cry Of Fear - Part 7
cdBazFF23oE WHAT'S INSIDE THE FINAL DOOR? #1000 // Spookys House of Jumpscares
cdKLib5m4ZQ MY GIRLFRIEND'S FAVOURITE GAME
ce2VCot74-Y High on Helium
cet-KqNRZ1E DID SOUTH PARK STEAL MY LOGO? WOW. South Park The Fractured But Whole | Walkthrough Part 12
cfREs6k5ilo THE BEST RUN!! / Mirrors Edge 2 Catalyst / ENDING
chu_QVbR45Y THE VERY ORGANIZED SPOOK.
ciPduu6JnkQ PEWDIEPIE IS HACKED! (Fridays With PewDiePie - Part 113)
cj--c6VAryg YOUTUBE DRAMA **PART 2**
cj00r1VFdnc AMNESIA: A Machine for Pigs - (Fridays With PewDiePie - Part 16)
cne9Dc3bqYw YouTube Banned Me... (the truth) LWIAY #00139
cr7uLrVOUHk Worms Revolution (6) w/ Cry, Nova & Sp00n! Match 3 (FINAL)
csVcUikRj70 Pesadelo O In‡ªúio - I WANNA CRY! :'( (Part 2) Brazilian Horror
cskmG__kZHQ I'm BANNED for life... Ì†ΩÌ≥∞ PEW NEWSÌ†ΩÌ≥∞
cu9U9LGncPI BEST GAME EVER? - Journey - Part 1
cw5R8_DGbBo KILLING FLOOR EMBRYOS! - Amnesia: Custom Story - Part 1 - Interius
cwA3aptsFsk Blade and Sorcery #3 - Pewdiepie vs Thanos, WHO would WIN? (Vote)
cyMLt3pAVuw UNLIMITED POWER! - Condemned: Criminal Origins - Let's Play - Part 3
cyYWGpzrOY0 IM NOT CRYING!!! .... (Life Is Strange - Episode 4 - Full Gameplay)
czgLsEj6DYw I'M NUMBER ONE AT THIS!
d1-pLmKhgIg We made AMAZING progress in Minecraft Skyblocks! - Skyblock #4
d1tAfXKc7-c We broke another WORLD RECORD!  LWIAY - #0066
d2M-nC-deBc SCARIEST MOMENTS SO FAR! - Cry Of Fear - Let's Play - Part 23
d2eU1jf5Qfg The Most Annoying Video on the Internet
d38MrVnBFXg We made history!!!! LWIAY - #0054
d4A9cwhWWXY Going Through My OLD Instagram (+ announcement)
d4DEHs_KAzs You Laugh You Bad YLYL #0065
d5EFP7UgsEw MY GIRLFRIEND GOES CRAZY (Friday The 13th)
d6IR8v61ZGk I get stoned.
d7s4R-SFckM Facepalm is Facepalm now - #95[REDDIT REVIEW] /r/facepalm
d815pNxwR48 THE SELFIE CHALLENGE - (Fridays With PewDiePie - Part 98)
d85CglPD12Y NOOO GARY NOOOOO! - Let's Play Ib - Part 8
d9AAm4WFsrs PHOTOSHOP FAIL! (Pewdiepie Photoshop)
dAFj_4wnbPI THE END?! - The Crooked Man (5)
dAWH1qHevzw [Funny] Amnesia: STEPHANOS HOUSE - CUSTOM MADE FOR ME :D
dB4Jmyaooes A TEACHER'S DARK SECRET! - Misao (8) \
dBK_bRzhHiQ GHOST SPOTTED!
dBp9TNkJ_hU I'm Done With Minecraft Now.. - Minecraft Hardcore #17
dCplVTo9zs8 Ju On The Grudge Facial Reactions (Mistake Upload)
dD2btZwAocw DAT TWIST DOE! -  TWAU - Part 2
dEJzprv013U YOU LAUGH YOU GET DEMONETIZED / YLYL #0004
dEcy9auLFRU MARTIN DIED :( ...TWICE! - Amnesia: Custom Story - Part 2 - Nepsis
dF7np7liv3o Tfue is NOT happy with Faze CLan Ì†ΩÌ≥∞ PEW NEWSÌ†ΩÌ≥∞
dFQ3bIQ9ha4 GOOSE PIMPS GUARANTEED - The Cursed Forest #1
dFbAnPBB690 WORST DATE EVER! - Beyond: Two Souls - Gameplay, Walkthrough - Part 10
dHSADPHrVCI [Funny/Horror] F*CK! - Afraid Of Monsters - Part 10
dHX4V1_LGnQ I Did The Job Boss, I Did The Job Boss, I Did The Job Boss, I Did #67 [REDDIT REVIEW]
dHhiD6t_bW4 Fall Guys ALL WINS Get in here!
dIDFqHtoZK8 PHOTOSHOPING YOUTUBERS!
dJY8iT341F4 JAI HIND / IM HALF INDIAN!! - LWIAY - #0047
dJg1ptpqN2g I found an Ikea Bird in Minecraft! - Part 17
dLG-h9xiqL0 The House - I HATE THESE GAMES ;_; (bonus vid)
dLxZYV2iaa8 THE WORLD NEEDS TO KNOW OF THIS GAME! (Muscle March)
dMnbzU6pYcA TWERKING EAGLE SCIENTIST! - Prop Hunt #11
dMxHztgVu2I MAN EVIE
dNzicGeWvjE BROFORCE #2
dOLnGx5PsFs NAKED BUTTS IN MY FACE D: - Amnesia: Custom Story - Lost The Lights - Part 11
dPjJJxUTr4Y Happy Wheels is Cancelled
dQ33GooCMi0 FRECKIN SEWERS! - Afraid Of Monsters - Part 14
dR8yHXpLQlA STOP DOING THIS...
dSHikMQw3MM JUMPSCARES & RAVEPARTY! - Rise Of Nightmares - Part 2
dSOGGGgXh7Q UNREAL MIND TRICK! (99% CANT DO THIS)
dSuQ5cV4nMc ANIMU BUUBS (Pewds Does Everything)
dTtGkcmmgHU MODELS WITHOUT MAKEUP. (Pewdiepie Photoshop)
dU2Vi1rBDuQ Ì†ΩÌ≤® SOUTH PARK THE FRACTURED BUT WHOLE Ì†ΩÌ≤® FULL | Walkthrough Gameplay Part 1 - DEMONETIZED EDITION!
dVJjl1vb0P0 YouTube Highschool (Tobuscus)
dXSpZZHyfrQ BIGGEST PACKAGE EVER! - (Fridays With PewDiePie - Part 53)
dXpuDLWWY7g HUGE KANIN FOR SALE!!! - Amnesia: Custom Story - Part 2 - Laughing in the darkness
dZtBXJp4bLI HOW TO: BE INVISIBLE - Prop Hunt #9
d_99i0CpeNM STINGRAY, BEST FRIENDS FOREVER. (Stranded Deep #6)
da-JcuuYQzQ PEWDIEPIE THE SALVATOR! - The You Testament
daOijFStfLA SEE? I'M AN AWESOME DAD! - Heavy Rain - Part 3
daT6o4Cn2lw I have a fortnite tattoo now.
dbs1ethGBR0 SO MANY LOSTS! - Walking Dead - Season 3 - Episode 4 (FULL)
dccDZhIPKZc FRIDAYS WITH PEWDIEPIE  - LWIAY #0028
ddCDkGX86Tg HOW TO: SURVIVE IN SURVIVAL GAMES. #1
ddFoTCB7f6w MY DOG ATE ME! -- Agario -- Part 10
de_rbQGxahw ALIENS. EVERYWHERE! - Alien Isolation - Gameplay Walkthrough - Part 6
df4ZYC8MZIA Mobile Ads NEEDS to be Stopped! (#2) (#AD)
dg587kRuGas Amnesia DLC: Justine Part 3 - HIPSTER PEW IS BACK!
dga92AKirZo Penumbra: Scary demon dogs are scary
dgw9o2a39Q0 Resident Evil 8 Village #1 - Mommy / Gameplay / Full Playthrough
dh843ygbzaU MORE RAGE THAN EVER! - Cat Mario (3)
dhWY59CLGBc THE HERO YOUTUBE DESERVES.
di9bRFTR3Lc Ibb & Obb
diT6jc9flkc YouTube Rewind 2019, but it's actually good
djKwa9tPAJ0 COPS VISIT MEME POSTER - YLYL #0017
djfDo8G_zS4 CLOP - BEST GAME EVER!! - Clop - (QWOP meets unicorn!)
dlG6VNHCwYQ MY TOE ;_; - The Calling Wii - Part 23
dlQ2CnBwX1Y FINDING THE HOT GIRL - The Witcher: Gameplay - Part 3
dlw-PG5EFIE My Dog Reacts To Himself.. (failed)
dm7dzxdzDdo Fridays With PewDiePie Winning Song! (Brostep) - by Omnipony
dmNLbLLSjus TAKING PHOTOS LIKE A BAWS! Condemned 2: Blood Shot - Let's Play - Part 7
dn683uAGDN0 The Most Insane Couple Ever.. TLC #11
dnZ0knmY6ig Nightmare House 2: Playthrough - Part 10 - FINAL
dnhpxLl-EUs AMNESIA!?
dpc3R2rzXqI THIS GAME IS A PORNO?!... - Corpse Party: Book Of Shadows - Part 1
dsW91ziqRog FREAKY NEW MONSTER! ;_; - Amnesia: Custom Story - Part 3 - Tenebris Lake
dsXhuOwPTTc WHAT IS WRONG WITH YOU?! - The Walking Dead - Season 2 - Episode 2 - Part 2
dt3BvMyHjlc FUNNY GAMING MONTAGE | PewDiePie
dtMJhsIfrzY SINGING OPERA - Opera Slinger
dtkTnxMtTus ABORTION INSIDE GAY MANS BUTTHOLE - South Park: The Stick of Truth - Part 13
duDvz2Ong0k THE COOLEST GAME FROM THE 00'S!  .. Guitaroo Man
dvKNyQvBG40 Miley Cyrus: Twerk Ball
dvtvXYc9x04 THE WALKING DEAD: MICHONNE (Full Game) - FINAL - EPISODE 2
dw1p2Beb7C8 I'M IN THE GAME! :D - McPixel (DLC) - Lets Play - Part 10
dxIJBvACjdE WARNING: THIS PONY GAME WILL RUIN YOUR CHILDHOOD! (Pony Island)
dxLU8sFSqGE This Game Looks UNREAL (World Exclusive) Man of Medan Part 1
dyIRB_CBV5s SLENDER - SLENDER MAN RETURNS! - SLENDER - Part 5 - Let's Play
dzMEXqE5Xbk THIS GAME IS SO SCARY... Power Drill Massacre.
dzNOWr69tZ8 SNIFFING NIPPLES // The Forest Multiplayer
dziomlv7UgQ To The Moon - ENDING! - Part 14
e0HbhMehcNA Ranking Girls by Appearance - Jubilee React #15
e0nFrzzdMhs The Game That Offers Free Heart Attacks - Catharsis
e3y3OR2wuFQ GONZALO RETURNS! (Facade)
e48IJUAV8ho DYING MY HAIR BLUE
e4AcPfAXoc8 BROFAMILY HAS GATHERED! - Sims 3: Supernatural (Expansion Pack) - Lets Play - Part 3
e5gN1gpZVkQ SO MUCH CANDY! - (Fri- Saturday /w PewDiePie)
e6q41nVwJoo Pizza Delivery
e7Ru2x4qHlI I QUIT FOR A NEW JOB! - (HTC Vive Part 04)
eBUubfkc7kg Strangers Rank Their Intelligence Is KARMA - Jubilee React #18
eDjuT37iycM WHITE FACE HAUNTS MY COMPUTER! - Imscared: A Pixelated Nightmare - Part 1
eEf7QkjX-QY WHO'S DAT POKEMON?!
eFK1_miZ0eU SCARY CYBORG ELEPHANT - (Oculus Rift)
eFTroV60-C4 STOMP IT UP!
eHFK4DaNWqI SOUTH PARK IN REAL LIFE.
eHLMAtJHPDQ GUESS WHO MY FAVORITE POK√âMON IS?! - Condemned: Criminal Origins - Lets Play - Part 7
eHYkTUmsJlY BAN PEWDIEPIE! Ì†ΩÌ≥∞ PEW NEWSÌ†ΩÌ≥∞
eIDGKFvfP40 DEATH, DEATH EVERYWHERE! (BloodyTrapland #2)
eIE7yThn0D0 OUR NEW BEST FRIEND, √ÖKE! - Nosferatu - Part 9
eJEMzUd3Tns I Should Have Listened.... - Terraria - Part 3
eKO9ofZTjAo GREATEST BMX GAME OF ALL TIM. (BMX XXX, Part 1)
eLf9-N3i8LM MOST OFFENSIVE GAME EVER... CONTINUES! (Cards Against Humanity)
eLgz3Uak9q0 SWEARING IN SWEDISH - (Fridays With PewDiePie - Part 6)
eMsHWz6YuLA PEWDIEPIE ANIMATED MONTAGE
ePhdAzyme-M Ì†ΩÌ¥¥ LWIAY  LIVE Ì†ΩÌ¥¥
eQ8Oh62TN-8 ‚òÖ¬∑.¬∑¬¥¬Ø`¬∑.¬∑Ì†ΩÌ∏≠ ·¥Ñ Ä è…™…¥…¢ ·¥ò·¥á·¥°·¥Ö…™·¥á·¥ò…™·¥á Ì†ΩÌ∏¢ ¬∑.¬∑¬¥¬Ø`¬∑.¬∑‚òÖ LWIAY #0029
eQfzqXiNfug WHY PEWDIEPIE IS THE DUMBEST YOUTUBER
eRdzflNv8YY [Funny/Horror] Amnesia: PewDiePies House - Part 2
eS4rlDJ1aVQ KIDS DROP THEIR PHONES , THE REASON WHY , WILL SHOCK U! [MEME REVIEW] Ì†ΩÌ±è Ì†ΩÌ±è #16
eTgoEMTAR54 DONT HURT CLEM!! - The Walking Dead - Season 2 - Episode 2 - FINAL, Ending - Part 5
eTyUq61tYm4 RAGE QUIT.
eVoXmDdI6Qg 5000 IQ IS REQUIRED TO WATCH /r/iamverysmart/ #4 [REDDIT REVIEW]
eWeKldPEIY0 MOST DISTURBING MONSTER EVER?! - Cry Of Fear - Part 4
e_55DIoF6NA CALLING BROS TO VOTE
e_QyfZgnxiI THIS WAS THE WORST! ! - Outlast 2 - Part 4 (Live)
ea2FXcjk3Wo YOU SERIOUSLY NEED TO STOP POSTING THESE...
eaR-kphfl28 LET NOTHING STAND IN YOUR WAY! - Crashtastic #2
ebhSF-TmUy4 BEST. CHARACTER. EVER!
edQSVYcLWtY A Message to Dr Phil Man.. (tik tok is also in this video) Tik Tok  part 13
edaINg_ZPCo ROOM 69 - Fahrenheit / Indigo Prophecy - Part 14
eeESNk1Hk34 SHE WONT STOP STARING - Mad Father - Part 5
eeeGsxpOjNQ Life Comes At You Fast
efMD0Kjx8RE fUNNIEST gAME oN sTEAM / Party Animals
efXTz0h7ov4 NEVER Look Inside the Eye! - Subnautica - Part 7
eh6dNp5mkVU Am I Introverted or Extroverted?! - Jubilee React #3
ehlDaAcwvTY Octodad - SECRET OCTOPUS?! - Part 3
ehn8mJ8vvsI the dark side of YouTube...
ei-i1P6pxxk Don't come to my house..
ejTbigS7C2U WE'RE HAVING A THREESOME? -- Catherine -- Part 8
el534pe5vYQ Chaosturn - PewDieStep (+ Broart)
el8eklOmQXI THIS GAME WILL BREAK YOUR SANITY! - Dark Souls - Part 5
elXQWaZMsBY CHIMP GOES TO STRIPCLUB (GTA 5)
en1KzsYCjHQ FASTEST GAME EVER?! - Half Minute Hero: Super Mega Neo Climax Ultimate Boy - MultiPlayer Ep. 1
enyAqtoaE2w GREATEST GAME OF ALL TIME RETURNS
eoU-PaiIqxo Amnesia: Playthrough Part: 1 - Windy Doors
eoUVBL1Ou-4 Ì†ΩÌ∏ÆÌ†ΩÌ∏ÆÌ†ΩÛûãØunny things that looks similar..Ì†ΩÌ∏±Ì†ΩÌ∏±Ì†ΩÌ∏±  /r/Pareidolia/ #23 [REDDIT REVIEW]
eoqR4L5B27M Koreans React To Pewdiepie
ep-01Jl-c-E Flying Into My House in Flight Simulator 2020
epP3EHMUnlY ALL HELL BREAKS LOOSE!... LITERALLY! - Doom 3 - Walkthrough - Part 2
epQpv6un9uo CAN YOU GUESS WHAT THIS IS?
epUHnVd03Hw MY NEW GIRLFRIEND
eproDe3ibhs FIST ME DADDY - Bloodborne - Part 3
eqE9kDhvGSw DRUNKEN SHARK! - The Forest - Part 10
es-P-v2IGkM IM LOST AND SCARED. (Fridays With PewDiePie - Part 115)
esVRiC6s9f8 Tambourine Tower to the Moon.
esVdcPv1g6E TERRIFYING MONSTERS! - Dark Souls - Part 11
etS9Gr9wBW4 Tik Toks That Makes Me Laugh [TIKTOK#8]
euBs0KYf5WY Dhar mann Calls Out Pewdiepie
euOyDDjmVuE SANTA CLAUS?! - Amnesia: Custom Story - Part 1 - Insanity : Nocturnal Confusion
evcMQ7Lk8NU The MOST Dangerous Place In Minecraft!  - Part 42
f-EJKZUI2f8 2014 PEWDIEPIE IS BACK!
f-HzcB8c3eE Goat Simulator - GOAT IS BACK!
f-R15KZL1tQ DELETING MY PORN! (3 Free Games)
f0eb_FvV7pQ MY COMEDY SPECIAL!
f1LCMrTFSNI A LOVE STORY (Happy Wheels #75)
f2hO9Wi0_RE Im Here to Help..
f2obiZ3XOgw Playing Just the tip, with my girlfriend (Starwhals).
f38U8rfMlJU Things Humans Were Never Meant To See...
f3CvL7vPKG8 SCARIEST MONSTER EVER! - Dark Souls - Part 6
f3dmPMImx0E My Coming Out Story.
f5UVKnaCyhg Ì†æÌ¥î HmMmMmMmMmMmMmMmMmMHmMmMmMmMmMmMmMmMmMmMmMmMmMmMmMmMmMmMmMmMmMmMm /r/hmmm/ #7 [REDDIT REVIEW]
f5jG1mmVKtM MY WORST JUMPSCARE! - Affected (Oculus Rift Horror) - The Asylum
f6DKSXZzUr8 THIS WAS SO PAINFUL... (HTC Vive - Part 9)
f7it9zPadmk SMACK DAT - Happy Wheels - Part 15
f94aMZW9ztw REACTING TO MY GAY SEXTAPE!!
fAuUd1HiWe4 MY GIRLFRIEND PICKS MY OUTFITS!
fDNi3dthvrU The Walking Dead: Season 2: Episode 5 - Part 2 - GOODBYE FRIEND ;_;
fDYFfAY8d1E Lil Tay-WE LIVE IN A SOCIETY WHERE 9 YEAR OLDS ARE FLEXING
fEUHkslC1nY YOUTUBER BLOODBATH! - Trouble In Terrorist Town - #2
fFWRa5pMOAo TROLL ROBOT - The Calling Wii - Part 29
fFzM-7_dSyE Best Week Ever.  LWIAY #0089
fG0xdaqYHvA PEWDIEPIE'S CHALLENGE -  Animal Super Squad #3
fGjJ8lAS2VM YOUTUBE HASN'T GONE TO MY HEAD. - (Fridays With PewDiePie - Part 104)
fHn2NVJsIMg Bloodborne - Part 1 - Gameplay / Full Playthrough / Walkthrough
fHydVdjNGeo SCARY ALL THE WAY! - The Witch's House - Part 2 - Playthrough
fI947wgrVsk WALL TWERK - (Fridays With PewDiePie - Part 65)
fKO-w3MdOL4 MY SECRET COLLECTION
fLBk2jBECzg 15 Year old Does Steroids..
fLRCCDWKknA DETECTIVE PEWDS IN ACTION! - The Wolf Among Us - Gameplay, Playthrough - Part 4
fLmAaVLBC4o MIDNIGHT MADNESS!
fLu54aF9Rug MAKES YOU CRAP YOUR PANTS! - Let's Play: Parappa The Rapper - Part 3
fM8tUwcxfSE PENUMBRA ALL OVER AGAIN?! - Cry Of Fear - Playthrough - Part 15
fMPWIuMhFLc Amnesia: Recuring Nightmares - MARTIN VETTU
fOJKHe-gYcQ HOTTEST GOTY - Gang Beasts
fORh5rodVSg G R E E N T E X T /r/Greentext/ #32 [REDDIT REVIEW]
fR947Qv4dHo this was me before youtube...
fRG2VIBWvN0 Kids Describe Colour To A Blind Person
fWWT9s69j3o Rating The Dumbest Deaths in History #3
fWrV9DnUlEU OCTODAD MEETS SURGEON SIMULATOR?! (Octodad Shorts #2)
fXbAcVWS3wU HuYnH - Fridays with pewdiepie! (Original Mix)
f_XW6qZR4lM SHE'S OLD NOW Omg Ì†ΩÌ∏ÆÌ†ΩÌ∏ÆÌ†ΩÌ∏ÆÌ†ΩÌ∏ÆÌ†ΩÌ∏ÆÌ†ΩÌ∏ÆÌ†ΩÌ∏ÆÌ†ΩÌ∏ÆÌ†ΩÌ∏Æ - The Walking Dead / Season 4 / Last Season / PART 1
fb3EHZuOloc Cursed Comments (I'm sorry) /r/CursedComments #1
fd2rxirTvv8 Forcing my wife to play spooky game
fdINWZp2_2c Watch Dogs: Gameplay / Walkthrough / Playthrough  - Part 1 - WHERE ARE ALL THE DOGS?!
feH9ZjOXljM CHOPPED IN HALF! D: -  Rise of Nightmares - Part 4
feYE_0-Ts_w Am I a Boomer? /r/boomer top all reddit
fem8jQ9H4AI Cry Of Fear: Let's Play - Part 1 - AMAZING NEW HORROR GAME! Walkthrough Playthrough
ffeZD8B9BMo [Horror, Funny] Ju On The Grudge (PC) - DONT WATCH THIS ONE, DONT!  ;_; - Part 3
ffjZG3sgbxE 5 Reasons, Not to give a Shit.
ffo7EHGGHLM JUMPSCARE FEST ;_; - Ghouls Forest 3 - 3D REMAKE!
fjFL_44QFT0 64 Year Old Man Loved Balloons... Too Much - TLC #22
fjGcd0M07Vk TRUCK YOU! -- Tricky Truck -- Part 2
fkubh11IUls CREATING ATROCITIES!
flW5bZc_NLY WHO WILL LIVE AND WHO WILL DIE!? - Corpse Party (Chapter 5, Part 4)
fmX4DQPTfm8 DEATHCOUNTER! - Limbo: Playthrough - Part 2
fovmDVLW_x4 Amnesia: Playthrough Part: 16 - SCARIEST MOMENT again  (LAST EPISODE??)
fqEyA20_-Oc BURNING POOPER! (Agar.io) Part 2
fq_rzA3RAmY Worst TIMING I've EVER HAD in a videogame....... - Subnautica - Part 2
fsbZZT6dZIA Sekiro Full Gameplay (0 Deaths Run)
fsihcz9xlOg [Funny] Portal 2 DLC - WE'RE BACK! - DOPEFISH & PEWDIEPIE - Part 4
fuPknhfvMAI The Last of Us 2 -Not Sure What To Feel Anymore Edition - Part 3
fvTtrAcaGLY IS MY DAD GAY? (Google Feud w/ KickThePJ)
fwliWFUnJWc MY NEW JOB
fxI5wTEr97g CRAZIEST GIRL ON THE PLANET! - Existor (Evie) - Part 2
fxaolymJ9Lw [Funny/Horror] WE GOT THE GUN - Afraid Of Monsters - Part 4
fz-BkIuW6iQ WHAT YOU SEE WHEN YOU DIE #2
fzridCEr5do MADE ME SHIT MY PANTS! - Limbo: Playthrough: Part 8 (Final) Ending!
g-FDuNq7JzE THIS WAS HONESTLY JUST DISAPPOINTING... **HELLO NEIGHBOR**
g-wdRroa4ms Shadow of Mordor - Gameplay - Part 1 (Gamescom Demo) ULTIMATE ORC SLAYING!
g0jDU31ieDg FAKE STEPHANO! D: - Amnesia: Custom Story - Part 8 - Tenebris Lake
g1d7hrfc7wM The Pewdiepie Song(s)
g28hg7TQSsU Potatoman Seeks The Troof!
g2lb5ZGappM The Weirdest Laws You Dont Know About...
g3W8ieackaE POOP MOOSE - (Three Free Games)
g4WZwIcAzvk HOW TO: GET NOTICED BY SENPAI! (5 Weird Stuff Online - Part 15)
g50y_Jz7G8U My fans have turned against me... LWIAY #0041
g6-sx7sIL6I I Havn't Been Honest.. - LWIAY #00122
g6Luzz2s7F8 BOOBIES, BOOBIES EVERYWHERE! - Heavy Rain - Part 5
g6SkbYNtB6A NACKED GIRLS! - Happy Wheels - Part 74
g6brBns1JZs Views not guaranteed.. - Papers Please - Part 2
g7Td6QM6CrE SANITY BROKEN! - Unfair Mario - Part 2
g9LYpZNerio MY SEAMAN CAN TALK! (Day 1)
g9W6F1RpKG4 BARREL CANDY! - Opening BroMail
gA4wPCzQplE I'M IN MINECRAFT NOW! (Facerig - Part 7)
gAAECc0LDy0 The Chinese Star Wars... That no one knows about... (The Battle Wizard)
gBBB3nyakRA Rating The Dumbest Deaths in History #2
gBXQ9eQpijc The Howler - A GAME ABOUT YELLING!
gBu21qdGDl4 MOST F*CKED UP GAME IN THE WORLD // 3 Free Games
gC7q17VoB6M FLAPPY BIRD KILLER!
gE-ZqJg4o38 SHAVE? (Fridays With PewDiePie - Part 110)
gF1o4OLeo8s 100% FLAWLESS! - Big Rigs
gF_P_cJZf7w NAKED HORROR NIGHTMARE! (Lakeview Cabin)
gH42QOlES_M WELCOME TO STARPUGS! - Pom Get's Wi-Fi - Part 3
gH4QNo72ABE GIRLFRIEND VR SCARE - (HTC Vive - Part 05)
gHyz4e4F2V0 IT HURTS! ;_; - Heavy Rain - Part 12
gICHHgfB36s The World Strongest Family... TLC #18
gKk0fbU2AkM [Funny/Horror] Amnesia: MY LITTLE PONY - I Dream: Custom Story - Part 4
gKxcjqgHiFo JUMPING OUT OF MY CHAIR! - Amnesia: Custom Story - Lost The Lights - Part 5
gLTJoVkVDUI I LOVE B*NCHES!  - Skate 3 - Part 6
gMCkMK36dbk THANK YOU BROS! - - (Fridays With PewDiePie - Part 13)
gMyut514Jd0 HOW TO BE SKINNY!
gNFHTkFTEyw IS THIS REAL OR FAKE?! (3 Free Games)
gNKktRXpW6w TAPE CHALLENGE
gNNSlfcOBAY What Celebrities are MEAN in real life?
gO55Mxy_PI8 $1 PEE VS $680 PEE
gPi8a5zKu_E WORST THINGS ON THE INTERNET? (BroKen Podcast - Part 11)
gPzJjRpLAug ‚úãHOW I BECAME KING OF SWEDEN [[[TRUE]]] STORY‚úã
gQL3iOVc9Ds HILARIOUS BUG! - Amnesia: Rain (5)
gRYHXAI6eBY I'M A VAMPIRE! :D - Conker's Bad Fur Day (13)
gRyPjRrjS34 A Funny Montage
gTP9Hae00OY [Horror, Funny] Ao Oni - RUN YOU STUPID SON OF A P*NIS - Part 10
gUBtijsBUJo Man's In Love With His Car.. (gone bananas) TLC #21
gUHL-OrSMoE KARAOKE KITTEH! - (FaceRig - Part 2)
gVytIaNJmHA A NEW CHARACTER! - Happy Wheels - Part 72
gWX5hQYFIEw I've never given up like this..
gXCYG_QuXLs SECRET GENIUSES PLAYS: Portal 2: Coop: Custom Maps - Part 3
gY7qxNOf5f8 FINALLY A GOOD VIDEO GAME.
gZyoz7cqSeo Blessed Images because my house was robbed /r/blessedimages top all  #56 [REDDIT REVIEW]
g_3aNnKo_zc Mount Your Friends - ULTIMATE GAME OF MANLINESS!
ga7wMjVoLGg Try Not To Cringe: E3 Edition
gb94Y-SjDU0 GOODBYE - The Walking Dead: Episode 5: Part 4 - FINAL (No Time Left)
gbvvf77pySE STAR WARS CHALLENGE! - Star Wars Battlefront
gc0ZuEO0DPs REACTING TO PEWDIEPR0N - LWIAY - #0001
gdQwEWgZX7M FIVE NIGHTS AT FREDDY'S 2 - Walkthrough / Playthrough / Gameplay - (NIGHT 1)
gd_4juHPDaM Save the Children - 25 Million Bros!
gdkjjKeZ9ds The Worst Couple I've Ever Seen..  TLC #8
ge_Q0M2vWew TOP 5 WEIRD ROBOTS.
gf5D0AH8i0k LEVEL 10 | GAME OVER
gfdF1BpSqz8 RUBENS DAD REVEALED! - Cry Of Fear - Let's Play - Part 30
gfjgISRI5E4 $50 VS $500 WHISKEY
ggsqvFsgoKk How long will I keep doing Youtube? QnA
gh8veIDL2os I'M CHEATING?!
gk7LJOBRWlM Slender: Hospice - Part 1 - WE'RE BACK! :D
gkJofIuTagA I Made 58024 Furnaces in Minecraft & This Happened..  - Minecraft Hardcore #11
gkLu3cxJgE8 Amnesia: Zombie Escape [Custom Story] Part 2
gmOhATmbuXc GAMEPLAY TO DIE FOR! // Survival Games #2
gmUZs8ptF00 NETFLIX Actually Did Something... GOOD?
gmgc7bIf5PQ GOT CAUGHT FAPPING! - Outlast DLC: Part 5 (Whistleblower)
gmoBhg4vlcw [Funny/Horror] Amnesia: TURN THE WHEEL! - PewDiePie's Nightmare (Ch 2) - Part 1
gmqnd6nJjKM KILL YOURSELF OR THE GIRL? / Until Dawn / Part 6
goz1GBjGIK0 GAME OF THRANS - Episode 3
gp7xtX_I3cg How to become a pigeon and escape life forever.
gposrkl6cks THE ORIGIN OF HORROR! - Lets Play: Silent Hill 1 - Part 1 [Playthrough / Walkthrough]
gq3twWhv19E EVIE LIKES KIDS
groWlgeffkA KISSING OBAMA :D - McPixel - Part 5
grphMTBly7Q Supergirl is Super Cringe
gruTi-jstyM No More Room In Hell (Co-op): Cry & Pewds Tries To Play - Part 2 (Mini Series)
gsUhVzMse4s This is the end... LWIAY - #0064
gsiWx2wzRbw EPIC ENDING! - McPixel - Lets Play - Part 9
guXVq6LOEsY GREATEST ATTACK IN VIDEO GAME HISTORY - South Park: Stick of Truth - Part 4
gvJ_vJ0NUts THE (GUCCI) FASHION MEME
gvYwA_1T670 Pewdiepie's Tuber Simulator - The most RELEVANT game
gvjXMXx8ok4 Checking out Naraka
gw4SMgJjulM EARTHQUAKE! - Happy Wheels - Part 49
gx4dd54OjaY PewDiePie's Tuber Simulator ** FREE DOWNLOAD **
gywVPIYxkgU Detroit: Become Human #2 ALWAYS THANK THE BUSDRIVER
gz8dEfL50fQ [Horror, Funny] Ao Oni - WTF, JUST WTF - Part 12
h-_cN3_zGuI I'M BACK! - Scribblenauts: Unlimited - Part 10
h0Np-zzCCQY I'M BACK! :D - Happy Wheels - Part 47
h2K2-MdIva4 EVERYTHING IS AWFUL #61 [REDDIT REVIEW]
h3cOoI_Cksw CAN NOT BE UNSEEN! - Misao (5) All Endings
h4XifO5eWIo I WAS ON SOUTH PARK!
h5lHiTIUFDI GOOD / BAD ENDING?! Five Nights At Freddy's 3 (Night 4, Night 5) - Part 2 | PewDiePie
h5xNrK6SDkw Top 10 Creepiest Websites!
h6FhV693seo why am I so embarrassed..
h7n-wXauzPU The UNTHINKABLE happened in Minecraft - Part 28
h7vheRVUbZE RETURN TO SLENDER
h8ABwqA6lEs This Video is... Nice #69[REDDIT REVIEW]
hADNvX4pVIo BEST PARENT EVER! - Happy Wheels - Part 2
hAxSuGgq6rk OUR OWN MEME CREATIONS?! - (BroKen #4 w/ Jacksepticeye)
hC7c1fhW1YM Dual Minecraft Lets Play! Episode [003] - Exploring!
hEeQnKIQn-4 Icarus Proudbottom in: The Curse of the Chocolate Fountain - Part 1
hGEe4vEiRZk Is Pewdiepie Hitler?
hHOt7eEzbxo A Love Story.
hHR9aM494rs Can this video hit 1 million likes?
hHaUpoLAa0Y THE BACKDOOR - YouTube Highschool
hItD7nvISGA 100 000 000 Subs - LWIAY #0087
hNXCnIOH2io EXPLORING NEW WORLDS - Kingdom Hearts (2) w/ Pewds
hOVWWMePZzM PewDiePie Animated Christmas Special!
hOkIj7bleEo SMASH OR PASS REACT **DELETED VERSION**
hQ7fSmaXj8I STAR WARS?! - McPixel - Part 7
hSLNCXgRcSE My secret mission to stop Tseries... (Iceland Vlog)
hT0uqXlZ70A I plant 20 000 000 Trees in Minecraft (Not Creative)
hTNU1t67TkI WE ADOPT BABIES! - (Fridays With PewDiePie - Part 106)
hTwujtJfyOY The Walking Dead 400 Days Gameplay DLC (Vince) Part 2
hX8olhncnRY Amnesia: Playthrough Part: 20 - MORE PUZZLES! YAY
hXHckEbvGHM Biggest Plot Twist Of All Time! - Evie: Existor - Part 4
hYtpUJE6ZwY Am I A Virgin? - Jubilee React #7
hZg4-AtRVHQ dont say it. . . . . . .. . . . .
h_5Pco0Alic GAME OF THE YEAR 420BLAZEIT
h_cPZlmJlVA NOPE NOPE NOPE NOPE! - Grey - Part 6 [Playthrough / Walkthrough]
h_s7Ms_xYyI Jeffrey Bezos
hbVUF5b307s BEST GAME 2016!!!!!!!!!!!!!!!!!!!!!!!!!!!!!!!!!!! - (Bear Simulator)
hbYcTf2OO7s Richest Youtubers
hc8bKk1feLw THE CRAZIEST DAY EVER
hc9Ia9FVHWI STOP! Ì†ΩÌªë DON'T CLICK Ì†ΩÌ∂Ø If you are: Ì†ΩÌ±Æ F . B . I . Ì†æÌ¥∑ [MEME REVIEW] Ì†ΩÌ±è Ì†ΩÌ±è #8
hdEFjSeaMrY EPIC MATRIX BATTLE! - Fahrenheit / Indigo Prophecy - Part 16
hdO7zzfABCM NEVER TWERK ON STAGE.
hdkhsMrCeAM Congratulations, but to whom? Ì†æÌ¥î LWIAY - #0073
hdsFIWQ6nxM ADAM SANDLER DATING SIM
heojhL1glU4 who im voting for president..
hhhcvsN_Wsk SCARIEST GAME EVER #3
hiEnQbDJSHc The Witch's House: Part 1 + (Free Download Link) - Walkthrough
hiFDPXsg_4g WHO'S THE REAL ONE? (Inside - Part 2)
hjCsOmDmjEU My Response S02E01 Ì†ΩÌ≥∞ PEW NEWSÌ†ΩÌ≥∞
hjiiqvOs4Hk POOP POOP POOP POOP POOP POOP POOP POOP POOP POOP POOP (Muddy Heights 2 - Part 2)
hl0Qna3VNjE We found the CRAZIEST world in Minecraft! - Minecraft w/ Jack - Part 1
hm3v0CXT0uE ULTIMATE RAGE QUIT.
hmRt1GgCqxg YOU LAUGH, YOU DIE - YLYL #0020
hnUMnnsO4qI 2017 REVIEW!
hnzas4FtAsg RICK AND MORTY IS DEEP!
hnzg_-hnba4 [Funny] FACADE - NO LOVE FOR LESBIANS?! - Part 3
ho70DT1Fvdw I'M GOING TO SPACE! (Kerbal Space Program)
hoGXoX8NrO0 ANKI Drive YOUTUBE TOURNAMENT! (SANIC PEWDS)
hokkA77ib3c The Dark Side of Shane Dawson
hp8KR8XCLBI THE YOUTUBE GAMES SIMULATOR. | PewDiePie
hpD_4nWEFaA THIS... Is How You're Supposed To Eat A Pizza..
hrDgvIOV6CQ IS THAT A MICROAGGRESSION??
htaYJKhC-FE I'm a Hypocrite... #exposed  LWIAY #00146
htpG5wbiMzo I WIN (Lucius 2)
hxednU44lws SLENDER - SCARIEST GAME EVER ;_; - SLENDER - Part 3 - Let's Play, Playthrough
hxy_OwU2N0Q ASS ASSAS' - Assassins Creed 4: Black Flag: Multiplayer
hyIglpemX-Q IM SO SORRY FOR THIS! - Uncharted 4 - Part 9
hzIy5jE9xTU BEST Ì†ΩÌ±è GAME Ì†ΩÌ±è 2  0  1  7  Ì†ΩÌ∞î - Animal Super Squad
hzsToplklDs WHO'S THE BEST GAMER ON YOUTUBE? // Best Fiends' Race Against Slime
i-3yZu0EHAA Gary Vee is a Wee Bit Cringe
i1iQKtR6uMo LOSER DELETES HIS CHANNEL. (Lethal League)
i27NN3eS8uM BRO WANTS MY ASS IN THIS ONE! - Amnesia: Custom Story - Part 2 - Followed By Death (Ch 2)
i28VP36mHWE Bad Design is Hilarious! #66 [REDDIT REVIEW]
i2LiLjfTBe8 NORTH KOREA, OUR LORD AND SAVIOR!
i2fJSQzrHsU WHO'S YOUR DADDY? (Animated)
i3HFTnUHAs0 Mr Beast, It pains me to do this - LWIAY #00132
i3VcIcARcas Apology (for real this time) LWIAY #00126
i3vnqXOE3rs GAME OF THRANS - Episode 2
i5K80SwknjE BIG MOMA IS HERE FOR A VISIT - Siren: Blood Curse: Playthrough: Chapter 6: (Part 9)
i63xO2FH-2I Heavy Rain Gameplay Lets Play - Part 1 [Playthrough / Walkthrough]
i80gqc24wks THE ENDING OF THIS WAS THE BEST!! South Park The Fractured But Whole | Walkthrough Gameplay Part 5
i9WvkSaR8Ho CAUGHT TAGGING - Bully - Part 14
iCb9QNxq36w The REAL YouTube Rewind |LEAKED| family friendly 100% edition - LWIAY #0019
iChrCvUpBM0 FALLOUT 4: LEGEND OF ARNOLD - (Part 1 of 200)
iE8LPiFzuuo The Most Dangerous Game! (3 Year Edition)
iGGURBJrJz0 MAKE LOVE TO A FLY!? (Swap The Fly)
iH4SDmCOpUI CRAZY NINJA EX-WIFE -- Postal -- Part 3
iHimitRvXH4 BEST INDIE GAME 2016?? (Inside - Part 1)
iI24Y37LrrU WHY IS THIS GAME SO TERRIFYING?
iJ-E-CIjiTI SEXIEST GAME CHARACTER EVER! - (Black Desert Character Creation)
iJ2g0eUJ_Ps [Funny, Horror] Exmortis 2 - WORST JUMPSCARE EVER ;_; - Part 1
iJkB9GKejkA The Walking Dead 400 Days ENDING - Part 5 (Wyatt) Final
iLEOBHpRBYo REACTING TO MY MOST POPULAR VIDEOS
iLoM3lGGJxk NAME A BETTER GAME... I'll Wait.
iMJ6BaWdi9s help.
iMwDLGDefHA CAR WRECKING SIMULATOR!
iQzJzqHO4b0 THIS MAN IS GENIUS! (and here's why)
iROAUHfCrnU Cyberpunk - pART 5
iROLBXa1BkQ / The Room / THIS IS GREATEST MOVIE I'VE EVER SEEN
iReFh3JPTdM THINGS GETS HEATED! - The Showdown Effect
iWdDLkLMYOw GIRLFRIEND VS BOYFRIEND!
iX_2aDHTJnQ THIS IS SO SAD. LOGAN CRIED VS KSI
iYdXqK6qpnI CATFISHES... LITERALLY - Conker's Bad Fur Day (5)
iZSB-UfrmPs CLICK FOR NAKED WATERMELONS! - Happy Wheels - Part 75
i_4qVGI6TIs Camping Simulator 2017
icdDPuiNwGE Morgz is CANCELLED.
ie3UMwenV9s LEVEL 9 | NAUGHTY PIE
ieTYCAOMyc4 YOUTUBE IS BROKEN?!
ihsqEbaM3S4 Among The Sleep - Part 1 - BABY HORROR! - Playthrough / Walkthrough / Let's Play
ii4Ev8Dyo20 YouTube Heartbreak... - Hunger Games
iiP4IUf8L2A How pewdiepie became most subscribed! Ì†ΩÌ≥∞ PEW NEWSÌ†ΩÌ≥∞
ijHHLh7QpdI Trials Fusion - THE COOLEST BIKER TRICKS EVER!
ilCEQroNY_s MY GIRLFRIEND PLAYS AMNESIA (Valentines Day Special) - Amnesia: Custom Story - Part 2
ilNaQeK2li0 Elon memes everywhere! LWIAY - #0068
iloOmQDes4I SHOWER WITH DAD SIMULATOR 2015.
ilwDMDxNDO0 Area51 Happened [MEME REVIEW] Ì†ΩÌ±è Ì†ΩÌ±è#65
im00eAi3LLU My Response to My Response (will delete this later maybe) - LWIAY - #0007
im6dZwTGftY Read the description
imWyoz9pZFQ Squish
inVMgiQZIL4 I FOUND THE WEIRDEST THING IN JAPAN!
ipskDu7tdAE WHERE IS WHOOPI GOLDBERG WHEN YOU NEED HER? - Afraid Of Monsters - Part 18
iqM2yrJd4hk Goodbye Joergen - LWIAY #0082
iqkg0ZBQZMQ MY NEW SHOW / You Laugh You Lose YLYL #0049
ircSobK464U Fear 3 part 1 | I dont wanna be the g*y russian guy
isUar327y3o ABORTION... ON A MAN? - South Park: The Sick of Truth - Part 10 | PewDiePie
itGRS6JXK1s Woman Dates 20 Guys And Its Uncomfortable.. Jubilee React #11
itNDhu8cnso HACK PEWDIEPIE (Legend Of The Brofist - Part 07)
itw8njkk5vQ LADY GAGA HAS A NEW POKER FACE - Amnesia: Custom Story - The Haunted Stairwell (SCP-087)
ivM4y2o2bXs BED OF CHAOS! - Dark Souls - Part 14
iw4JfKcVWzc THE GREAT MIGHTY POO - Conker's Bad Fur Day (4)
iwfgAjEhIIU OBSCURE BARBIE GAMES!
ix1Ne74ZRp4 GIVING HEAD TO SENPAI. (Yandere Simulator - Part 12)
iyGI1uHyyws Forced Positivity on YouTube
iyOOciZeAmU HOLY SHET! - The Last Guardian - Part 6
iyWijCsI1Hg TOUGH DECISIONS! - The Walking Dead: Season 2 - Part 2 - Gameplay / Walkthrough
izwCDpG4OFk THE FALL OF PEWDIEPIE! - LWIAY #0005
j-lcicOtUus POGOSTICK MAN - Happy Wheels - Part 27
j091EzG2b8s YouTube Rewind 2019 failed and its my fault!
j0_m4k4Af38 I make spaghetti in Cooking Simulator (part 1)
j0ehu3biynA Woman Addicted To Eating Sand..  TLC #17
j0nmETC8ISM Ive Seriously NEVER Been THIS Lucky!
j3881Uvw8qg PewDiePie on South Park??
j5aO3i-75lg Death Note Movie Review
j5lXCpxZhgs CHEATING DEATH!
j5ueSAu4DzI ABSOLUTELY DESTROYED VIDEO -- YLYL #0006
j7c7W8R3p6Q HOW MUCH DOES PEWDIEPIE MAKE IN A YEAR?
j7n5VOZ5qJE DISSING YOUR MOMS! (BroKen Podcast w/Jackcepticeye - Part 8)
jA0xR2Ho9UU WHO'S MORE LIKELY TO...?
jAhfePpDMjo I actually hate this - Minecraft Hardcore #5
jB-Q7iP5l50 SHE HACKED MY FACEBOOK! - The Calling Wii - Part 24
jBAyLamoUhM FIVE NIGHTS AT FREDDY'S 2 // LUCKIEST MOMENT OF MY LIEF!!! (NIGHT 3)
jBa_DUEW0wg LITTLE NIGHTMARES **FANTASTIC NEW HORROR GAME**
jCpPYa9WeuM [Funny/Horror] Amnesia: STEPHANO, GOLDEN EDITION - WHITE NIGHT - Part 3
jDrnoPs7eQI SLENDY? - JUMPSCARE D: - The Walking Dead: Episode 4 - Part 2 - Around Every Corner
jEExcR41NTQ 6 Vegans Vs 1 Meat Eater - Jubilee React #6
jFQTxm-RvXE SCARIEST PART! - The Witch's House - Part 5 - Playthrough
jGMLNkMwHcg AGE OF BOOBARIAN.
jGigdqKQ-kM MARINA JOYCE EXPOSED
jGujD_IMBzs THIS GAME IS DISGUSTING / Until Dawn / Part 5
jIK9b6mOF80 WILL THEY KISS? - Heavy Rain - Part 18
jK01wsBavHo Don't Shit Your Pants: King Of Shitting!
jKBbWO5Tmao Fingered.
jLuMFyAL61Q Minecraft But I regret Everything.. - Minecraft Hardcore #1
jMnO5FP3PaE Draw Me Challenge
jOdZUhGyhIU SUPER SMASH MEMES [MEME REVIEW] Ì†ΩÌ±è Ì†ΩÌ±è#31
jPsYIzgprKw ELECTRIFY MY BUTT CHALLENGE
jQK1BKMLM8E Big Hero 6 Mom Is a Lie...  [MEME REVIEW] Ì†ΩÌ±è Ì†ΩÌ±è#88
jRC-UlucmRU LEARN SWEDISH SWEARWORDS
jRF9QjvSK2A Amnesia: Playthrough Part: 12 - GUEST ROOM ISN'T AS FRIENDLY AS IT SOUNDS
jReT0ktW1Gc We found the CRAZIEST Nether in Minecraft! - Minecraft with Jacksepticeye - Part 3
jSHESH9wG9g Would you date Pewdiepie?
jUBdzQF0waU HOTTEST GAME OF THE UNIVERSE!
jUu3Z0T8hpE IT'S FINALLY HERE! - Happy Wheels - Part 69
jVeaUu4ONhY OUTLAST 2 / Gameplay / SCARIEST MOMENT!!
jXdCo3ISSw4 [FUNNY] Top 10 Scariest Moments Of Gaming /w PewDiePie (300th VIDEO SPECIAL) :D
jYlgMhP5dnE THE ULTIMATE PRESSURE! (Keep Talking and No One Explodes - Part 2)
j_KJuDUqD0w PERFECT WOMAN! - Saints Row 4: Character Creation
jaJBHWi4ZCE EVERY HORROR MOVIE EVER. -- Lakeview Cabin.
jajap2iS66Q I'M A MARIONETTE!
jbRV-5NzL1I WHAT IF?
jcSB1B99Clg PEE MY PANTS - Night of the Sacrifice (Ikenie No Yoru) - Part 3 w/ Heartbeat Monitor
jgn00qHdEOg Me and the Boys (hosted by Mary Ham) [MEME REVIEW] Ì†ΩÌ±è Ì†ΩÌ±è#59
jhO7nd5u8cs Ì†ΩÌ∏¢ HIS VOICE WILL MAKE YOU CRY Ì†ΩÌ∏¢YLYL #0008
jhYqfLAqOlU THIS GAME IS MINDBLOWING!!! // Universe Sandbox ^2
jif0OJUS2mk Doctor Reacts To my Injury (serious) - LWIAY #00142
jjSTmgQVjMA SUPER AWESOME NINJA DRUNK METH MASK! - Anna - Let's Play - Part 3 of 4 Playthrough
jkB93kVoSyg DOG CHALLENGE
jkSvKkdfDSw WHAT IF PEWDS WAS A GIRL? - Misao - Part 1 - (Free Indie 2D horror game)
jl-bqELepRM Amnesia: Playthrough Part: 26 - BACK IN 1080p! :D
jl3qKn39Ieg Magical Ponycorn Adventure
josQ60BObpA I'M SANTAS LITTLE HELPER - Bully - Part 11
jpyOcPU-o8k STREAM FAILS
js38hszjVrA ;_; - To The Moon - Part 13
jvAnZU5X-ts ORANGES, ORANGES, ORANGES, ORANGES! - Prop Hunt
jvDNW8DmsiY LEO WINS THE OSCAR! - Leo's Red Carpet Rampage
jvO1GDJXOgo YOU LAUGH YOU SLAV - YLYL #0022
jwzcq0sZUVI PREPARE TO CRY! - Finding Paradise #1
jz4xXvfty6s MY WIFE IS AWESOME! - The Stanley Parable - #3
jzJ0R8NQJvk MADE ME CRY :'( - SCP: Containment Breach - Part 4 - Let's Play (+download link)
k1Km9HmEEJ0 POOP ON PEOPLE! (Muddy Heights 2 - Part 01)
k1MIYlUVhXc BEETHOVEN SIMULATOR
k1mAqt9yKYY I LOST my horse in Minecraft (REAL TEARS) - Part 4
k2SNpz19n64 GAY EAGLE - Amnesia: Custom Story - Part 2 - Interius
k2oSkpSzYzU Tik Tok GAMER girls - TikTok - Part 9
k3m-wfD9uVU DUMBO THE BADASS ELEPHANT
k6Wr-GGu4TU WHAT HAS BEEN SEEN...
k6jagnMwWN4 5 Seconds Of One Direction.
k7jjnelnib4 TRIFORCE POWER! - Silent Hill 1 - Part 15
k8G_sdtTbiE SEXIEST ARMOUR EVER! - Dark Souls - Part 12
k9pP6G-AAHw Guy With Large Mustache
kCh-MMBCI-M OUTLAST 2 ANIMATED
kCjboXbqiLE TAKE YOUR PANTS OFF! (Update Vlog)
kD8VFScoBCk Cold Fusion
kEGaLDmQD8M Found the RAREST Biome in Minecraft - Minecraft with Jacksepticeye - Part 7
kF1pomfQKu0 COME INTO THE CLOSET! - Amnesia: Custom Story - Part 2 - Nintendo Castle Horror
kF_tZhTI9uo YOU WILL REGRET! - Haunt: The Real Slender Game - Part 1 (+Free Download Link)
kJIgq5n7WDc REACTING TO HATE VIDEOS #2
kJY95LPjzlo DONT MESS WITH INDIANS! - Beyond: Two Souls - Gameplay, Walkthrough - Part 9
kKit5-FzaM4 COMPETITION, T-SHIRT GIVEAWAY & FANART - (Fridays With PewDiePie - Part 7)
kL080idp3OQ who im voting for president.. (part 3)
kLN63skDAIQ CLICKBAIT (YouTubers Life - Part 2)
kO5OsJHTiSU Bad Design Deserves To Go To Jail. #96[REDDIT REVIEW] /r/baddesign
kPeXIKjN9mc THE SWEDISH MOOSE TEST
kQCAbvPNAQE SHOULD I SHAVE?
kQgLIt6aaQw STEPHANO, WTF ARE YOU DOING HERE? (Easter Egg) - Cry Of Fear - Playthrough - Part 19
kQye2uNafk0 TOP 10 PEWDIEPIE VIDEOS
kRmYaqZmhcE THIS GAME KILLS ME! - Night of the Sacrifice (Ikenie No Yoru) - Part 4 w/ Balance Board
kSb2rmREiQ4 LIFE AT THE FARM - Beyond: Two Souls - Gameplay, Walkthrough - Part 8
kUd9act5EP4 MY NEW HOUSE AND MY NEW POOL
kWigaAi0kdE My 6 Billion $ Setup Tour
kYVZBZqzOsM MY OWN STRIP CLUB?! - The Wolf Among Us - Part 3
kYeH666HcyY NOW AND THEN. (Fridays With PewDiePie)
kZLMiRHRuXo MEATBALLS. (Bloody Trapland #4)
kZn1Xhtam0M [Funny, Horror] Amnesia: To Give Is To Force - Part 1
kaFKYZqQpoo YOU SPEAK CHOPNESE? - Nosferatu - Part 4
kbR0UQrX05M CAN NOT BE UNSEEN... Skate 3 - Part 2
kecbfJQfokc HOTTEST BOSS OF THE UNIVERSE. // Postal 2 // Final Episode
kgzjX2H9zTQ Tik Toks That Makes You Wanna Uninstall  [TIKTOK#11]
kjchtdPFiuU WE'RE GOING BACK IN TIME! - To The Moon - Part 3
kjr7jatbfjY Pewds Plays: High School Musical: Sing It
kkT99M6evkQ BOKU NO PICO REACTION
klZaeTk8H2w COOLEST PUZZLE GAME EVER! (Drei)
klnITf_EZRQ TIMETRAVEL BOSS! // Life Is Strange - Episode 2 FULL Gameplay Walkthrough
kmKM03XGeYk PEWDIEPIE: THE RETURN - LWIAY #0023
knZD-mhUZ2s WHAT MAKES YOU SMIEL?! - Dark Souls II - Part 3
koj36UnQvHc INSANE ENDING!!! - The Wolf Among Us - Part 4 - Episode 3
kozmWR9NlIU VIDEOGAME: THE GAME
kq9-XB-vE3k BRITNEY SPEARS CONFIRMED ORANGE 100% REAL!! - Fabulizer #4
kqtCekkWmig Ive considered steroids - Jubilee React #22
krFQqMFj-2A Amnesia: Custom Story: La Caza - Part 1
krIiWWz2SSI Elon Musk CONFIRMED!Ì†ΩÌ∏ç - LWIAY #00116
krNWIt5bud4 McPixel - Part 1 - THIS GAME MAKES TOO MUCH SENSE! - Let's Play Walkthrough Playthrough
kuDiUkqQLOw SHOCKING! - Heavy Rain: The Taxidermist (DLC): Part 1
kvF7vpYuqYw DELIVERING A BABY! - Outlast 2 - Part 6 - ENDING
kvm6maa4OXU Important message! - Ni No Kuni: Wrath of the White Witch w/ Pewds (3)
ky3JxyxwND4 Tik Tok But Please Make it Stop [TIKTOK#6]
kzMyW9TCXp0 The Most OFFENSIVE Subreddit (thick skin only) #62 [REDDIT REVIEW]
kziZezg0s0Y Reacting To KSI Reacting To My Reddit - LWIAY #00123
l-Rbz59uNX8 Reacting to Keanu Reeves Memes - [MEME REVIEW] Ì†ΩÌ±è Ì†ΩÌ±è#60
l-jBD85NDy4 SMASH OR PASS
l0TBaIFe7x8 Amnesia: Abduction [Custom Story] Part 12 - THE BARRELS ARE AGAINST ME!
l0hait9qXOE Goodbye my Minecraft horse.. - Part 19
l0pDBsFWeSw I Cheated In Squid Game Roblox..
l16tmO61rrU No Beard Filter Needs to Be STOPPED -  LWIAY #00155
l2joZkZuxag WEDDING SIMULATOR?!
l2uq9D_Y_dE Animal Crossing Christmas With Marzia Special
l2v6McsOXOk WORTH KILLING FOR? - TTT
l42fUzw_a7E [Funny/Horror] Amnesia: BE PATIENT, ARE YOU F-ING KIDDING ME???!?!  - Terret's Mansion DEMO - Part 1
l4VbLwMBF8Y MY OWN GAME CHARACTER! :D (SpeedRunners)
l6YiAqOgGOI LOGAN PAUL TIDE POD MEMES [MEME REVIEW] Ì†ΩÌ±è Ì†ΩÌ±è #5
l73BDS95OpM Among Us but IQ is 600 // #2
l7TTUiCku7E GHOSTS N STUFF - Ghost Hunt 2 - Let's Play - Part 2
l7ddWtP1DW8 I took the bloat pill..
l8IXvm7M5Vw I hate mukbang
l9K2Qwbf8T0 EATING A SCORPION (5 Weird Stuff Online - Part 21)
l9yeGUXcnvE CREEPY DOLLS D: - Let's Play Ib - Part 6
lA2SF6DBYUE DON'T WATCH LATE AT NIGHT!
lA6B6iHyTJQ MY FANS TORTURE ME... (PewDuckPie - Part 3)
lE97ee-MmN8 HUGE ANNOUNCEMENT!
lGBj2XCWJwE THIS is the MOST INSANE couple.. TLC #12
lGsZLjBjPlw You SLAV You Lose #3
lHB9yzsQGnY Why I stopped. Ì†ΩÌ≥∞PEW NEWS Ì†ΩÌ≥∞
lHnCPDX7V1c AMAZING RYTHM GAME! -- Crypt Of The Necrodancer
lKpxNByANSk [Funny] Octodad - Loving Father. Caring Husband. Secret Octopus - Part 2
lMDaCBxItXU SWAPPING HEADS! - Rise of Nightmares - Part 8
lNBH4gfPkjI WHO IS SLENDER MAN? - Slender: The Arrival (Secret Level) Revealed
lNbJoncamAA WTF IS THIS CHANNEL? (Ft. H3h3)
lO7mryQjIes SEAHORSE
lONpqi8XB5I Plug & Play Animated.
lOkmrIyNlKE MOST STUPID GAME EVER! - The Typing of the Dead - Part 1
lOoHki1_q-0 PEWDIEPIE, THE ROMANCER! - Fahrenheit - Part 9 - Playthrough / Walkthrough
lPYAT6qHwow THIS GAME REQUIRES DIAPERS Outlast 2 - Part 2
lQ5CrdlLEEw No More Room In Hell (Co-op): Cry & Pewds Tries To Play - Part 3 (Mini Series)
lQeNzisZsEg Helicopter Car!
lQz6xhlOt18 FLAPPY BIRD - DONT PLAY THIS GAME!
lRmg9ScpPSE Deadpool - MOST HILARIOUS GAME EVER? - Part 3
lSBXc4ROEkg PERHAPS SOON! - FACADE - 6th Attempt
lSPwIqZVMrQ EPIC MOTORBOAT RAFT! (Stranded Deep #5)
lSYIKTwcWmI FINAL EPISODE! (SECRET BONUS MAP) - Ju On The Grudge (PC) - Part 15
lTtq6kWcsl4 FACEBOOK IS KILLING ME D: - Cry Of Fear - Playthrough - Part 17
lU71gGZVEwA I GOT FIRED..
lURhVaIju5E NEW POKEMON GO GAME (FEELS SO REAL)
lUtoLyyeOwQ Call of Duty: Black Ops: Wager Match: Gun Game
lX-PIer2v54 The Binding of PEWDSAAC
lXBbv1_i_QA A BLOODY ENDING! - The Walking Dead Season Two - Episode 3 - Part 4 Final Ending
lZ__MEq_taw Nightmare House 2: Playthrough - Part 2 - SHIT BRIXX
laDMwaayjD8 Don't Fund This ‚úÖ #70[REDDIT REVIEW]
lakfertrSTQ WE GOT THE KILLER! - Fahrenheit - Part 10 - Playthrough / Walkthrough
lbLj3dCEGsI STEPHANO GUIDES THE WAY! - Cry Of Fear - Custom Maps - Part 2
leOb6ndKiWU Explaining why I REFUSED to play Minecraft - LWIAY #0085
lf1gkcoPemU DA FUCK AM I PLAYING?! - Amnesia: Custom Story: The Small Horse: Part C (Part 1)
lfwrgpB4TzY This Game Will Destroy You
lgzzgvy3X5U HOT SAUCE FAIL
lhfzlKhWUhc GETTING DIRTY WITH DA SOULS / Dark Souls 3 / Part 3
liMkmUXdxCc You Laugh, You PAY -$100000 - YLYL #0078
ljXgQ6nFVuY The Last Of Us Gameplay - Part 9 - Scariest Part!
lkxqCiseuoU FINGER HANDS?! (5 Weird Stuff Online - Part 09)
lln1VQ3iD6g Amnesia - I HATE TELEPORTING NAKED GUYS - Redemption - Part 2
lmhtqOP7zok DESPACITO 2 CONFIRMED BY MARKIPLIER [MEME REVIEW] Ì†ΩÌ±è Ì†ΩÌ±è #22
lnOKRd3QQpM Big Announcement: New Show! YLYL #0055
lntbnFHlkxQ Merry X-Mas
loNqR8AyY6E GREATEST STORY EVER TOLD! - Porn Get's Wi-Fi - ALL ENDINGS - FINAL #4
loX2-DqAsJY Calling (Wii) Scary Moments! (Funny Montage)
lpNkSH2s2So VR Chat #9 Watching Pewdiepie in VR
lq3Wlxb5U7U [Funny, Horror] Amnesia: PewDiePies Nightmare - Part 2
lrAWy7qBo9A Can Two Married Men Spot Who Is Unmarried? Jubilee React #19
lrBorEl9m-Q HAPPY WHEELS - FUNNY MOMENTS MONTAGE #2
lvi2LbXcn6g Cheated by my girlfriend? (100% not clickbait) _ Catch A Lover _
lwB5eiyky_8 The Last Of Us Gameplay - Part 13 - It Can't End This Way...
lx2Npcuvu40 BAKING SIMULATOR.
lxw3C5HJ2XU Jabba the Hutt (PewDiePie Song) by Schmoyoho
ly4eWIb1BhY Little Nightmares - ENDING - I LOVED THIS GAME!
lyG942-zMmg I've made a HUGE mistake in Minecraft - Part 20
lyhyBhWSs9s SPOOKY 3D! - Scribblenauts: Unlimited - Part 4
lyl6ibqnyis BOTTLEFLIP CHALLENGE!
lzEqog5Tuls I GAVE A GIRL AIDS? (STORYTIME)
lzm2zJZpANc This was a mistake.. - LWIAY #00138
m-euJkoOrvg Im 14 and This is Deep...Ì†ΩÌ∏¢Ì†ΩÌ∏¢Ì†ΩÌ∏¢ #72[REDDIT REVIEW]
m-xd1ySbutw MERTEL KEMBET (Biggest Loser Edition)
m1Q2Lbw8K2g MOST IMMERSIVE GAMING EXPERIENCE OF ALL TIME.
m1sdWS5UQZo LEVEL 5 | PLEASE ENJOY YOUR STAY
m3KcDfURFvQ TONGUE IS CRAVING DAT BOOTY! - (Facerig - Part 4)
m51FsEHBlwA Detroit: Become Human #1 / MY FANS FORCED ME TO DO THIS
m5cS9BkabXE I Got Scammed  - LWIAY #00130
m5jyD3pRe_A [Funny, Horror] Amnesia: To Give Is To Force - Part 3
m6V2Kdps86A We need to CANCEL Julia (Petition) (Man of Medan Part 2)
m7o3FuGhMi8 I SHOULDN'T HAVE DONE THIS..
m8Hq8-ZR1J0 THIS GAME MAKES EVERYTHING LOOK REAL! - (Facerig - Part 5)
m9EuwQlBiCk WORST PLACE EVER? - Dark Souls - #7
mA8gFUZh51I THE BEST (HORROR) GAME.
mDTFXrjl2Lc The president of South Africa's Numbers - Cringe Tuesdays #7
mGYcNB3Y-Ag Amnesia: Abduction [Custom Story] Part 1
mGZC61dBIWg RESPECT WHAMEN: THE GAME. Doki Doki Literature Club - Part 2
mHg0nrjSHYs LETS GO ON A JOURNEY BROS! - Brothers: A Tale Of Two Sons: Gameplay - FULL GAMEPLAY
mImCXjRCtHw THE MOUTH CHALLENGE!!
mJ95wsJcBb4 Ì†ΩÌ≤ñÌ†ΩÌ≤óÌ†ΩÌ≤ñYobama Ì†ΩÌ≤ñÌ†ΩÌ≤óÌ†ΩÌ≤ñ [MEME REVIEW] Ì†ΩÌ±è Ì†ΩÌ±è#45
mJn11-BB_pQ DOUBLE WIERD EPISODE BUT ITS OKAY - Amnesia: Custom Story - Part 2 - Lost The Lights (I fail)
mLHRWC-0nFw SUPER SCARY NEW HORROR GAME, GOTSA CHECK OUT YO! // Layers Of Fear // Part 1 | PewDiePie
mM4esmMCY_s A GIFT FROM YOUTUBE!! (Fridays With PewDiePie - Part 114)
mOwX1ZNY2Jc Minecraft mobs I could beat in a fightÌ†ΩÌ≤™Ì†æÌ¥¥
mPRIOmXb9C0 Most Fun Horror Game IN YEARS
mQbU5KEOBKs Cursed Comments Has Gone Too Far... #81[REDDIT REVIEW]
mQnR7w6oghc HOT BABES! (Not Clickbait)
mR2XiOBmHew BEST RUNNING EVER! - Rise Of Nightmares - Part 3
mSKXS4-2BYQ Octodad - MY WIFE IS A B*TCH - Part 4
mTDQp8zLe3k [Funny/Horror] Amnesia: HALLOWEEN SPECIAL 30 MIN - Mystery
mU2ltvo9sQk Amnesia: Abduction [Custom Story] Part 13 - ALRIGHT, I'll JUST GO... WAAAAAAAAUH
mY3D915j0iM TURBO DISMOUNT! - Part 1
mYVdPms4Xss I'M SICK!
mYugwGNOIeM VIBE CHECK VIBE CHECK VIBE CHECK VIBE CHECK   [MEME REVIEW] Ì†ΩÌ±è Ì†ΩÌ±è#69
m_LdMuBRWBE GIRLFRIEND PRANKS ME WHILE RECORDING! - Shadow Of The Colossus: 8th Colossus - \
m_rRlmu6B-4 THE OFFICIAL GUIDE TO THE INTERNET
md0uk7Gs5v8 2SPOOK45U! - Corpse Party (Chapter 5, Part 3)
mdlfmc1QeCQ NAKED DONALD TRUMP SPACE SIMULATOR
meWMU3UN8Gk AND THE WINNERS ARE ... - (Fridays With PewDiePie - Part 8)
meqT-KSYj7I 7 SIGNS YOURE A TOXIC GAMER!
mgOaAlMm9fc THE WALKING DEAD: MICHONNE (Full Game) - Part 2 - EPISODE 2
mhgS6TNkX9Q ONLY Minecraft Veterans can understand this.. -   YLYL #0064
mjbbw5Y6wjI Exmortis - BRO ENOUGH TO WATCH? ;D - Part 1
mjxzkmf3ks0 Why i'm joining team 10... - LWIAY #0003
ml7XA9BZ3iw AM I A PRETTY GIRL? - (Fridays With PewDiePie - Part 71)
mm1a4wRmKI0 GOD BLESS JAPAN FOR THIS GAME!
mncvoqJdXlM I'M IN THIS GAME! (D4 - Part 2)
mrIbKGx7-tM REMIX SONG CONTEST! - (Fridays With PewDiePie - Part 12)
msE3pIqa7eY FOR LADY GAGA! - Afraid Of Monsters - Part 22
muODMU2wcfk I KISSED A MAN.animation
muaYHRUdkdc NEW YORK VLOG
mvmKC3mx3yQ Why I dont want to take your selfie . ||||||||||||||||||||SOMETIMES|||||||||||||||||||||
mw9zcTTdAbc I'M SO DONE. (I Am Bread #6)
mxA0f03cLR4 NAZI TEDDYBEAR JUMPSCARES! - Conker's Bad Fur Day (16)
mxEELaqdCg0 I'M DOING BRAIN SURGERY? The Evil Within - Gameplay - Part 3
mxiGk8k9134 DINOSAUR SURVIVAL SIMULATOR - ARK - Part 1
my36uLhilkY Tokyo Vlog
myTOXhitU7E Saddest Story Ever...
myX1bJ6GvX0 THERES NO WAY I CAN SHOW THIS.... South Park The Fractured But Whole | Walkthrough Part 4
mzaV-yYxOPY I AM INSURGENT!
mznO_E3_BQo I shouldn't be allowed to play this game.. - Blade and Sorcery - Part 4
n17YESArkPE THIS ENDING IS SERIOUSLY MESSED UP!!
n1WQ1B21xx0 HOW TO BE A SALAD! - (Fridays With PewDiePie - Part 60)
n2fvtBYv3u0 BANNED FOOTAGE. - Resident Evil 7 DLC V2.
n2sGrYEM8Ec 15 Men vs 5 Women is Cringe - Jubilee React #4
n3LtGhdlt_Y GETTING ON TOP W/ MY GIRLFRIEND (Get On Top)
n4K5eZbyzEc Things I Wish I Knew...  - (Fridays With PewDiePie - Part 99)
n4KWKcEFTwg New Camera! (Update Vlog)
n5nPR4rmBu0 BOOBS, SHOULDER OR BUTTCRACK?
n648c_beeRI HACKED ZELDA NIGHTMARES.
n7WZbz9A_2w WHAT WILL THEIR BABIES LOOK LIKE?
n9pmRI5XYh8 DUCK GAMES.
nBkN-e_Sogc LET'S CHANGE EVERYTHING / Quantum Break / Full Gameplay / Part 4
nCh-HnwaUBU THE TRUMP TROPHY
nDZZPF9_zwU Next Gen Graphics Is Kinda Nuts..
nDy5xcX21A8 The Ultimate Among Us Impostor Duo - Among Us #10
nE-Q6YlaXyE ITS ALL OVER NOW... (Bourbon Whiskey Review)
nFKXxHZio1A GET THE CAN! - Prop Hunt #4
nFmSepfF48o LOGAN PAUL
nGtb5CzF0Fw Fatal Frame 2 Playthrough Part 2 - MAYU IS A SLUT!
nIuLxsAvYi8 2 MILLION BROFISTS! - (Fridays With PewDiePie - Part 41)
nJQVrhTearI PEEING IS AWESOME! - Conker's Bad Fur Day (6)
nJY4AEEKlPA \
nJfIJWSY9EM HOLY MOTHER OF GOD! - DreadOut - Part 3 - Final (END)
nKzQWrbQwZM Photoshop Competition (WTF BROS?! Edition)
nN0rwD5hl-U TELEPORTING NAKED GUYS... EVERYWHERE!!! - Amnesia: Custom Story - Part 2 - House of Creep 3
nOk-EPrVDv8 I swore to never play this game...
nPCMfFdlIKg Micheal Bay Simulator - Just Cause 3 - Part 2
nPFHqWYJz-4 Ninja made a bad tweet - LWIAY #00101
nR3pamVhIMk Please stop this Ì†ΩÌ≥∞ PEW NEWSÌ†ΩÌ≥∞
nRqc70gVNuI NO ONE SHOULD EVER PLAY THIS GAME EVER - Doki Doki Literature Club - Part 6 FINAL
nTV0GoxDqLc HOTTEST COP ON THE BLOCK! (Sims 4 Get To Work)
nTiMu-bXA4w No More Room In Hell (Co-op): Cry & Pewds Tries To Play - Part 1 (Mini Series)
nTzOT4c2Xvg HIDE N' SEEK w/ GRENNY! (GTAV Funny Moments Online #4)
nUfb4UxnvJk stop the reddit drama LWIAY #0094
nVZYnwE4I7c SAVING PRIVATE PEWDS - Conker's Bad Fur Day (15)
nVcJmFDxrJQ PLAYING WITH MY NEW GF! (Diep.io)
nVyuyXXwEws Woman Addicted to Eating Matressess - TLC #19
nWA1xIXfWOA SLENDER WOMAN?! - Slender: The Arrival (2)
nWtyPfO_WcE LOSING TO MY GIRLFRIEND... - (Gang Beasts - Part 05)
nX1C70DIlDw ‚ú®Try Not To Get Satisfied Challenge ‚ú® #92[REDDIT REVIEW]
nXNTnUiwkIE THE BEST PACKAGE IVE EVER RECEIVED.
nZp_GkqdTvE ALL ENDINGS - Mad Father (7) - Final
naResG2_ZOI UNDERTALE - Part 1 (Full Series)
nbGSGh5a-Ic MY NEW TOAD!!
nc5Juxyh8pQ The Worlds Most Disappointing Theme Park. -- Rollercoaster Tycoon -- Part 1
ncObICTamNY DEATH IS COMING... YUP! - Doom 3 - Walkthrough - Part 9
ndK-itPSvBs DON'T HUG SPEARS! - Condemned: Criminal Origins - Lets Play - Part 19
neOQSX-pBXE I TRY A BREAST ENLARGER (5 Weird Stuff Online - Part 05)
neg-2qTG2Uc THE WALKING DEAD: MICHONNE (Full Game) - Part 1 - EPISODE 2
nfFYtSuXJqM FOOTLOL
ngRuGUK6UgA PUNCH THE BABIES!
ngYhA2KxtIU This video should never have been made and im sorry but its ok i guess idk lol
nhE0ymwciHg The Walking Dead: Season 2 - All Endings - ALL OUT OF TEARS..
nhYk_Qv6eiU Playing Your Worst Nightmares.
nhZnUgH-ymA Proximity Chat in Among us!  - Among Us #12
njF1S4oQbgs YOU LAUGH, YOU TERRIFIED - YLYL #0024
nkSWwanJPOI TRY NOT TO CRINGE ~HANDSHAKE EDITION~
nkqSJFTNCJY [Funny] FACADE - YOU CANT THROW ME IN TO THROW ME OUT !!!! - Part 2
nogzOSVld9g SO IT FINALLY BEGINS - The Cat Lady - Part 1
nomNd-1zBl8 WHAT DOG?
nrZLA-0U5LA Amnesia: Playthrough Part: 28 - THIS PART IS SERIOUSLY DISTURBING D:
nsGKgdTZSxI THE BIGGEST PROP IN THE WORLD! - Prop Hunt #10
nsUfUGX9_qk KIDNAP SENPAI. (Yandere Simulator Part 3) | PewDiePie
ntCuHCOEM44 LAMEST PARTY EVER! - Beyond: Two Souls - Gameplay, Walkthrough - Part 2
nuATcGhzExE CLICK ON BOOBS - Get Confused!
nwudtghlgFM DAT ASS! - Amnesia: Custom Story - Gary Dark Secrets - Part 2
nxQO53J2_OQ FUNNY MONTAGE #3
nyAxFtE8y7s SCREAM YOUR LUNGS OUT! - Gnilley - Let's Play (+Free Download)
nyIUTLu1MCA 4 NIPPLES, 1 ELECTRIC SHOCK
nyQJ9h_eIK8 CHRISTMAS SIMULATOR
nzvTqqiB4QE ANYTHING BUT THE BARRELS!
o-5LU6zYAzA SCARIEST PART! ;_; - Grey - Part 3
o-XtYHb46gk GUESS WHO'S BACK? - The Walking Dead: A New Frontier Gameplay Part #1
o-rnZzgu3hQ THIS MONSTER IS AWESOME! [The Evil Within 2]
o0hJ1XwPPDM UNFAIR SONIC.
o1Lq5UQkuY4 The Last of Us 2 - 10 Hour Abby Speedrun - Part 6
o3tSAKerrnU How tall am I really? *big reveal* LWIAY - #0074
o3uk3cUNEbU The Forest - Gameplay / Walkthrough / Playthrough - Part 1 - WE MUST SAVE TIMMY!
o5FsaKWFdAM BADASS WITH M16 - Cry Of Fear - Playthrough - Part 16
o6bkMpyrMkc LIL PUMP IS GOD
o6zXWyTypWg DON'T EVER LOOK AT HER! - Oculus Rift: Specter Seekers
o98oBUj_-IM Someone found my old Reddit posts... its bad -  -  LWIAY #00162
oAdL6dibKbQ SCHR‡µ≠INGER AND TESLA STYLE! - Portal 2: Coop: Custom Maps - Part 4
oAopav-lHxE HEART OF DARKNESS (2)
oBjWLXLroWc Master Surgeon! (PewDiePie Animated)
oCHr6lyXlsA PARTY HARD.
oDEEN2pXb64 Ib - GOOD ENDING!!! - Ib: Let's Play- Part 10 (Final)
oDp4baf39Uo JUMPSCARES AROUND EVERY CORNER! // Layers Of Fear // Part 2
oEhKr8HWy1g EVERYONE WILL BE TERMINATED! - Bloodborne - Part 5
oFc6aBtfg-g THE BROKEN PODCAST IS BACK  (Animated)
oG6graUz--o BROFORCE #1
oGNEVRp2mJI TWO SWEDISH POLICE OFFICERS ON A JOURNEY - Cry Of Fear - Coop - Playthrough - Part 32
oGx0FObmD6A Minecraft Hardcore Woodland Mansion Is Awful..  - Minecraft Hardcore #15
oHM5WcRFFZc GOT BARREL BLOCKED! D: - Amnesia: Custom Story - Gary Dark Secrets - Part 9
oHeJiPcVU94 SEXY BALLERINA! (5 Weird Stuff Online - Part 02)
oIRiniCbjSE I AM 1000% DONE
oJ2IlT9-t00 A message to Obama [MEME REVIEW] Ì†ΩÌ±è Ì†ΩÌ±è#41
oJNDHy20Ebs DISGUSTING JEALLY BEAN CHALLENGE
oLAw5EGe1zY I Raid an END City in Minecraft (Epicly) - Part 31
oLCRSTzotX8 HELP ME MAKE THE RIGHT DECISIONTNTT - The Wolf Among Us - Part 2 - Episode 3 - Shts confusing.
oLCtuFAmojw PEWDIEPIE IS AN A$$! (PewdieBot Free Version)
oLaOsNwmieE FABULOUS! (PewDiePie Song, By: Roomie) | PewDiePie
oLohPEKhk7Y HAUNTED HOUSE SIMULATOR - Linger (Oculus Rift)
oMXnB-ZjBeM [WARNING] R. KELLY'S FAVORITE GAME! - Eternal Damnation - Part 1
oNu2nTAduDA I Trapped Someone in Minecraft for 100 Days.. and this Happened  - Part 46
oOzJAgwfhxo You Laugh You Lose (Minecraft Edition) YLYL #0063
oPPO_wqlG9Q I bought forbidden Wish Items (Cops Came To My House Big Oopsie)
oRCx6wj5vYY THIS TITLE MAKES TOTAL SENSE! - Amnesia: Custom Story - Part 5 - Insanity : Nocturnal
oSTjPTBwNCY SO FULL OF WIN! - Condemned: Criminal Origins - Lets Play - Part 15
oTAiaqsBbm0 3 FURRY HEROES
oU4D1PAnJUI The Mastermind - South Park The Fractured But Whole | Walkthrough Part 8
oUC9mRtO6R0 My REAL girlfriend
oVOEO8VBQZg GHOST HUNTING TIME! - Haunted Investigations - Part 3
oVjAqIf3GN0 ONE DIRECTION GHOST PEPPER CHALLENGE CUPCAKES!
oW6WpNpJChI WORST GAME EVER?!
oWSXngtlBR8 FISTING SIMULATOR (3 Free Games)
oWepZ5z98qE BEST GAME EVER? - Shadow Of The Colossus - 3rd Colossus (Earth Knight) \
oX5rrYHlqTM YOUTUBER SPIRIT ANIMALS
oY5PixtuvYY SCARE PEWDIEPIE - Level 3 | Preview
oY5pHRMQSFE VIKING BALLS (Full Sail)
oZ_qiYc133U Ì†ΩÌπå BOOK REVIEW Ì†ΩÌπå January
oa0_5iOrAn4 MY GIRLFRIEND AND I FACESWAP
oaywuR71W3s DON'T TRUST MARRY!!! - Let's Play Ib - Part 7
oc_k5BwafMQ PSY - Gangnam Style: Just Dance 4 (One Direction & Britney Spears) - Part 8
od5w-cXfr1g MY FLAWS
oddeuD8engE I Waited 15 YEARS to Play This.... - Half Life Alyx - Part 2
oeasx5eaKtg Buying Anything My Dog Touches
ofQa6uHoppw AMNESIA SCARY REACTIONS (and funny) moments with Subtitles! w/ PewDiePie EP3
offpXmHOMOE MR. CRAB IS ADORABLE!
oft4BFvoD08 Rick Astley Hosts Meme Review Ì†ΩÌ±èÌ†ΩÌ±è -  LWIAY #00158
ohdWzsXSv8w Watch people (Ì†µÌ∂ìÌ†µÌ∂îÌ†µÌ∂ô Ì†µÌ∂ëÌ†µÌ∂éÌ†µÌ∂õÌ†µÌ∂éÌ†µÌ∂ìÌ†µÌ∂å) inside... /r/watchpeopledieinside/ #17 [REDDIT REVIEW]
olx4XJybNhM I FAILED the EASIEST Test
opX0jijKojI She actually did it! Tik Tok part 15
oqYzNWuoCa4 IT'S JUST A PRANK BRO - YouTube Highschool
orCH4ob_uvw PENIS CREATIONS. (Besiege #4)
os2Jt_6Yc-c DO YOU EVEN SQUAT BRO?
osPKCm7jmeQ WHY I DON'T PLAY VIDEO GAMES ANYMORE..
os_r9wAb8Cc Terraria - Part 2 - I LOVE this Game!!
ou2YK9VCU2c WE'RE A TOTAL BADASS - The Suffering - Let's Play - Part 2
ow7C5RaXuUc I'M IN EUROVISION!
oxUQFqUM3dw CRY WORTHY CUSTOM STORY -  Amnesia: Custom Story - Part 1 - Tricky Minds
oyFD-_DGNuY NO ONE THINKS IM COOL :( (Mail Time) - (Fridays With PewDiePie - Part 59)
oyRNObnZ850 Quickscope Simulator
oz9EJVaeE-c BEAR WRESTLE!
p-DPZ6M6-7E I FOUND an OCEAN TEMPLE in Minecraft! (epic) - Part 11
p-KQW-cSpoc PewDiePie Reacts To: Elders React To: PewDiePie... | PewDiePie
p07omlVBxhU FINALE! ENDING! - Alien Isolation - Gameplay Walkthrough - Part 13 (Ending)
p1LNo7uzqZw MOAR GRUDGE! - Ju On The Grudge (PC) - Part 12
p1skpV2fhN0 Nooooooooooooooooo - Minecraft Hardcore #6
p26HeBXQHbM Millenial CHEATS To Win $1000
p33NtCtIjrM PROOF THE EARTH IS FLAT  [MEME REVIEW] Ì†ΩÌ±è Ì†ΩÌ±è #10
p3JuWnkjzXk I'M IN LOVE WITH CTHULU - Scribblenauts: Unlimited (14)
p4g9_R6cg7s SALADASS vs SCORPION -- Ark -- Part 5
p6rlbtP6n0A As Above, So Below: Catacombs Challenge
p86Nw7nAgjw Dream came true, thanks gamers  LWIAY #0093
p8Kp18WpxQw I WON!!! + PUBG #1
p8L-LjWHpjw This is getting out of control...
p8wK3fUvqfQ BEST EASTEREGG EVER?! - Uncharted 4 - Part 3
p9owqEwIDaQ MY NEW CHANNEL!
pBnrSCB9WbQ I'M NOT INSANE! - Paranoiac (6) FINAL / Good Ending
pCDZsHuXV9E RULE 34
pC_26Y3FPvM WHO WILL SAVE SHAUN MARS? - Heavy Rain - Part 21 (Final)
pCvITV9kaN8 THE SADDEST PART. . . - The Walking Dead: A New Frontier Gameplay Part #3
pD24uwTkLxA PEWDIEPIE RAGEQUITS! - Amnesia: Custom Story - Lost The Lights - Part 9
pDLrB2TwkCo Little Nightmares - Part 2 - THIS GIVES ME SHIVERS
pDUGmRMx4g0 NEVER LET GO!
pDtOy3_tdhI CREEPY ASS PONY! ;O Amnesia: Custom Story - Part 3 - The Small Horse Part B
pF12wjeZsrU DEMON COWS! (Scariest Game Ever)
pF9vXTDhQWM Things You Should Never Google (WARNING GROSS) #3
pGV3FAcF7dU WHATEVER ALICE! - Alice: Madness Returns - Part 4
pGYrlgurrTs SWEDISH SCHOOL OF HELL - Cry Of Fear - Let's Play -  Part 13
pHNbitDDW3A YOU WONT BELIEVE THIS CLICKBAIT (PewDiePie React)
pHQEunIsa9c I'LL KILL YOU ALL!!!!!!!!! (Dead by Daylight)
pHxlZ4dTXug Is it Ì†µÌ≥òÌ†µÌ≥ºÌ†µÌ≥∏Ì†µÌ≥πÌ†µÌ≥∏Ì†µÌ≥≠ Ì†µÌ≥óÌ†µÌ≥∏Ì†µÌ≥æÌ†µÌ≥ª yet? -  [MEME REVIEW] Ì†ΩÌ±è Ì†ΩÌ±è #7
pIYLGzGdTjY WE'RE GHOSTHUNTERS! - Ikenie No Yoru (5)
pJmmlH9ghgY MAN-BEAR-PIG IS REAL! - South Park: The Stick of Truth - Part 16
pKtNThEPWM4 CANADA IS ACTUALLY AN RPG?!.. - South Park: The Stick of Truth - Part 11
pLHt1hMVsDQ Unluckiest People Caught in 4K / #91[REDDIT REVIEW]
pLQjBkZfddc WE STOLE A COP CAR [13/22]
pN6ksB3-QJ8 $20 Vs $700 Drink Test.. (epic fail cringe)
pNCkp6x5yT8 Laugh.. and Nicolas Cage will visit your Nightmares YLYL #0060
pNar3Dh9zDk I read 721 books in 2018
pQlImUd1mR8 Pewdiepie Cringe Submissions
pQwMTSFf9yU GET EVEN
pRtROLfyV54 THE PURE GAMER SKILL DEMONSTRATED IN THIS VIDEO WILL SHOCK YOU
pSOOt4-40gU Funny Among Us Memes Haha / [MEME REVIEW] Ì†ΩÌ±è Ì†ΩÌ±è#85
pSi5IzMs13o Addressing the Reddit Controversy - LWIAY #00104
pTIRYfaZGCQ EXPLODING BROFISTS! - Saints Row: The Third (Co-op /w Ken)
pTcjuMm7yOw BTS stan changes race to Korean..
pTdjcLlElD4 Try Not To Laugh VS Jacksepticeye!
pUFumN5UsiE This video has amazing quality LWIAY - #0068
pUUGvSAlV1c MOST LETHAL WEAPON IN THE WORLD.... WATER! - Nosferatu - Part 7
pUrn9XJ0AKs POWER RANGERS // ULTIMATE GAME OF BADASSORY!
pVVphLz8UfU I NEED YOUR HELP! - BEST FIENDS CHARITY
pVp20VRyYuw Amnesia: Playthrough Part: 11 - BREAD FIRST - CAMP CORNER!
pWurXvzdrgg Anna - Let's Play - Part 1 Walkthrough Playthrough Lets Play Anna
pXO76dbictU HAPPY WHEELS - FUNNY MOMENTS MONTAGE
pXaDLHptL_w CAN YOU HANDLE THESE SCARES? // Layers Of Fear // Part 3
pYLdsJjoHoM BE GONE SPAWN OF SATAN! - Conker's Bad Fur Day (17)
pYS8Av10B00 Can this video get same likes and dislikes?
p_xhAqbiz3A 10000000000000000000000000000000% PAIN - YLYL #0018
paHz3_4zliE Some books Ive read..
pb_DmiVywtc [Horror, Funny] Ao Oni - MR CHAIR SONG - Part 6
pbkn2v6Iq-Q IT'S OVER 9000 (WIERDEST MOD EVER!) - Amnesia: Custom Story - Part 1 - The Small Horse
pbsYCcWFpK4 SCIENCE RULES - Bully - Part 16
pcJ7ErHljiA I MESSED UP! [1/22]
pcnQmw9M-JA Until Dawn - Part 1 - A HORROR GAME MOVIE! // Gameplay // Walkthrough
phbn-NfCWxw I CAN TIME TRAVEL! (Life Is Strange - Episode 1 FULL Gameplay)
pif_odZEPxI TRY TO AVOID HIS EYES!! - Corpse Party - Part 1 (Chapter 3)
pkRMDegkAaE MY FAVOURITE VIDEOS
pkgCG5FkdlQ IS THIS GAME TOO SEXUAL?! / Bayonetta 2 / Gameplay / Part 4
pl8cagt9gK0 Playing Minecraft Christian Servers to STOP TSERIES
plF5hpAlf6U Tik Tok Celebs House Tours Is A Thing Now..
pls_bLP-_cs LOGAN PAUL IS CANCELLED! Ì†ΩÌ≥∞ PEW NEWSÌ†ΩÌ≥∞
pmYAxei_LPc SENPAI SUICIDE! -- Yandere Simulator -- Part 4
pnRmoqg4UHI Minecraft with Carson
poO-kfLEcP4 WE INVADE CHINA (Agar.io) Part 4
pqtQnAwTfYY Im so done.
pr2AgOMx5Go Among Us Got Talent - Among Us #13
prt1bk2B-gs MAKING FLAWLESS BRIDGES! // Bridge Constructor
psbRNw6fiLg GOAT Z - 99 Problems - Official Music Video - Vevo
psjU_2kOH2w BEATBOXING ABOUT MY DOGS BUTT.
pss3lcx_C_8 MINECRAFT IS SCARY?
ptZLhpLWiy8 MUSCLES THE HEDGEHOG
puMQRP-OIM4 TWIST THEM NIPPLES! - Condemned 2: Blood Shot - Let's Play - Part 6
puZ3poLO9GA Guess who's back?
pubzkzO5OBo Call Of Duty: Black Ops 3 - Gameplay
pwH06zCX5J4 AND SO IT ENDS... - Shadow of the Colossus (14th-16th)
pz0hWlevaJ8 5/5 Rated Pewdiepie Fan Game
pzYxlKSgxh0 GAME BANNED FROM KIDS? - Talking Angela
pzwRpY-Mu9c TRY NOT TO LAUGH! #05 **DANK EDITION**
q-Iom_0uwwA I POOP ON FIRST DATE!
q0G-qLlIans Ì†µÌ≥úÌ†µÌ≥∏Ì†µÌ≥ΩÌ†µÌ≥± Ì†µÌ≥úÌ†µÌ≥ÆÌ†µÌ≥∂Ì†µÌ≥ÆÌ†µÌ≥º  [MEME REVIEW] Ì†ΩÌ±è Ì†ΩÌ±è#37
q24S9eZHSLo everyone in the room has a headset!!!!!!!!!!!!!!!!!!!!
q2cbCsy9gRk Untitled Goose Game. is epic
q368xQdM1Ls Among Us Is Mildly Infuriating  #81[REDDIT REVIEW]
q38buNr59jI SCARIEST GAME EVER #4 | PewDiePie
q3G6DBfYcaw THIS IS THE WORST JOB IN THE WORLD. - Five Nights At Freddy's #2
q5hbzXPS2Rk SCARE PEWDIEPIE (HUGE ANNOUNCEMENT)
q6-Upc54lg8 99.41% Cant Watch This Without Facepalming **super hard** /r/facepalm top all #57 [REDDIT REVIEW]
q6FjS5KzJds Donating A lot of Money  - YLYL #0072
q7r6YbPttlo Do Girls Like Manboobs?  (BroKen Podcast w/Markiplier - Part 7)
q8G0zn-uRa4 FAMILY FRIENDLY (Official Announcement)
qACGF9qDnD4 I Uploaded This By Mistake....!!
qBJLiIE7Og8 THIS HORROR GAME CAN HEAR YOU! - Lurking
qBZm1UiLaBM WHAT HAPPENED TO MY HAIR?
qCLmXN1aRrw Dictator time! - Tropico 6 Beta livestream!
qCWi-38ONVk GIVING BIRTH BOSS (Dark Souls 3 / Part 2)
qD252CNzRmE Amnesia Schizophrenia - STEPHANO & PIGGEH MONTAGE (PEWDIEPIE&FRIENDS)
qD7_BFOvqf4 Funny Xbox Live Messages (haha) #63 [REDDIT REVIEW]
qE5Y9xDvcEI DON'T TRY THIS! - Impossible Quiz - Part 2
qEZJ1mf4pC0 BARRELS!!! - The Game (Slender Based)
qF0zM5MlmCw Are We Gonna Survive Drinking This? (100 Year Old Whiskey)
qF3kccnJ8K4 What is Mark Zuckerberg DOING????  [MEME REVIEW] Ì†ΩÌ±è Ì†ΩÌ±è#83
qFHxkZdz4HA DON'T Subscribe to Pewdiepie
qH9gc-PfoVo the scariest moment of my life.. Amnesia: REPLAY Part 5
qHPjiduaSEo Rating Guys From 0 - 11
qHo3kQ-FV5w Sonic looks EPIC now!   [MEME REVIEW] Ì†ΩÌ±è Ì†ΩÌ±è#70
qI54SJLFzek SUNFLOWER POWER! - Plants vs Zombies Garden Warfare (PC)
qKsLEPdpLjk LOOKING AT PR0NZ WILL KILL YOU! - Afraid Of Monsters - Part 15
qLDZF7V3_q4 IS THIS TOO HOT FOR VR? w/ Marzia
qLsW0ZRgiqQ Lumber Island
qPnTTA8BC8A Please watch for watch time thanks - Plato, The Republic
qRWy0FjfKRA SLAP THAT BUTT
qRuQJ_dnxRs Kylie Jenner gets OWNED by an EGG LOL instagram most liked EVER EPIC [MEME REVIEW] Ì†ΩÌ±è Ì†ΩÌ±è#46
qS78I8n3NTg CAT DEMON HAUNTS YOU FOREVER! - Avian
qTHYOsBrOKk OCTOPUS IN WHEELCHAIR!? - Siren: Blood Curse: Part 7
qTMKdfk8fwc YouTubers Morning Routine..
qV9HjDVjprU IMPOSSIBLE BOOK - Part 1
qWALSDmAvdg I GET COVERED IN POO!!!! [6/22]
qWdAPYiu8DQ SAVING THE HAPPY WHEELS BOY? - Fahrenheit: Playthrough - Part 3
qXnP3vFpcBU Amnesia: NEW MONSTER ;_; -  Library of Alexandria
qZR2wFnlR08 IT'S ALL ABOUT THE JAZZ MAN! (Jazzpunk)
q_46Vm-5reg Just Another Day In Russia  - #79[REDDIT REVIEW]
q_W4RL3HBdQ Double Down - The movie that SHOULDVE WON an Oscar!
qbcbB7Pp5Io WHAT'S IT LIKE BEING A CHICKEN? (Oculus Rift)
qcbHDUIwHKo COWBOY HITLER LIVES. (Westerados)
qciqozxAgaQ NEVER GIVE UP! - The Crooked Man (8)
qdn0CebVy9I AMNESIA CONTINUES! - Amnesia: Custom Story: Lost The Lights - Part 3
qe-rZVpLg8k LET ME BE YOUR HERO!
qfO1yao3220 BIGTITS & BIGBY - The Wolf Among Us - Gameplay, Playthrough - Part 2
qfTOTsCzMBQ NICE PAIR OF DOUBLE D'S! - South Park: The Stick of Truth - Part 5
qhcdpM69ih4 NICE GUY PEWDIEPIE - /r/niceguys/ #1 [REDDIT REVIEW]
qhk6Ee52CBM HAPPY WHEELS MEETS ZOMBIE? // UNDEAD RIDER
qhu7Xhrt2dE ZOOTOPIA MEME [MEME REVIEW] Ì†ΩÌ±è Ì†ΩÌ±è #3
qi5_PdQ1A4I Wooden Floors
qid4rqFjkFw NO MORE CLICKBAIT!
qixQxzuKJVs FREAKY ALIEN BABY?! - Paranoiac (3)
qj9Auh0hRAc Mr Beast Made Someone Lose 800000 Because of Me   - LWIAY #00131
qmEXKOg-pYE How We Started On YouTube / Where We Live / Admit Being Cheater (BroKen Podcast w/Minx - Part 5)
qm_zeVtgFzc The Walking Dead: Season 2: Episode 5 - Part 1 - THE BEGINNING OF THE END IS HERE!!!
qn3G1wNm6FY Worst Tattoos Ever  - #40 [REDDIT REVIEW]
qnyw8cFdx04 GLORY TO THE BROS (Vainglory With Fans)
qoFeSkbUxEs The Walking Dead 400 Days Gameplay DLC (Bonnie) Part 1 Walkthrough Playthrough Let's Play
qoU6NbBgcUg SELF ADVERTISING! - (Fridays With PewDiePie - Part 63)
qoqGkjDojzo I AM A THIEF! (Storytime)
qov0ypksviU What do Indians think of Tseries vs Pewdiepie?
qoxupsho6pI DID WE ACTUALLY DO IT?...
qpLFWwo7tL0 I found AMAZING loot from FISHING in Minecraft! - Part 23
qpkbkhMCRI0 THE BEST CHEATER WINS? (ScreenCheat)
qplEfE6GVrI DON'T LOOK BACK! - Dying Light #2
qrzgSEwt0pU MANLINESS OVERLOAD!
qtJ9hBaPbSk BRO TRYING TO BE SEXY WITH POSES - Amnesia: Custom Story: Lost The Lights - Part 4
qtdDXGPvk_E SPONSORED BY SAAB
quXU1HMdNvo [Funny/Horror] Amnesia: PIGGEH HUMPED MY FACE - Escape (Custom Story Made For Me)
qujgqReNP_0 MEET MY BAE! - Alien Isolation - Gameplay Walkthrough - Part 4
quwJJncG0w0 VALENTINES DAY CHALLENGE! (Best Fiends)
qvVUbfIywsg The Greatest Sonic Game since 2015
qvm6-9WnCfw Amnesia - I LIEK TRAINS! - GRUNT'S CASTLE - Part 2
qvvVMzcjnOw WTF GAME 2000
qzRIc14LC9U You Laugh You Win A BILLION $$$ (maybe, its not impossible that it would happen) YLYL#80
qzbyrEeBxCo CAN ZOMBIES LOVE?! (Contagion) #1
r-bd7iDnE6M PEWDIEPIE BUTT TATTOO REACTION
r0ef2LeH6L8 TRIP TO THE UK! - (Fridays With PewDiePie - Part 50)
r14fn7vrI-4 STEPHANO TRAP ;_; - Amnesia: Custom Story - Part 1 - The Abductions
r1crlpJZSP4 Amnesia: Playthrough Part: 17 - HAHAHA.... OW!..... OWOWOOWHOHOOH NOHOHOHO
r2qlw8BY8dw THE MOST INTENSE MOMENT - The Last Guardian - Part 4
r579P6AULWY SHOWER SIMULATOR
r5iVqFjLn08 Amnesia: Playthrough Part: 8 - THERE'S SOMETHING SWIMMING IN THE WATER D:
r6-ku5s3JS0 (Very Scary) Buying and Opening a Real Dark Web Mystery Box! **Cursed**
r6pI9JEJfhU WHAT YOU SEE WHEN YOU DIE?
r6tplLv6Gao People break their legs on purpose. why?
r752B-plb24 Are You A Beta Male?
r8rCbHB1i8A Ni No Kuni: Wrath of the White Witch w/ Pewds (1)
rAEJzweIRA4 CO-OP MODE TIME! - Cry Of Fear - Let's Play - Part 31
rAopaM8QAF0 GET A LITTLE BIT SEXUAL! - Uncharted 4 - Part 5
rBOSHj5ogMo THE NEW GOOGLE GLASSES ARE AMAZING! ! !
rBTsU6JkRec BABYSITTER BLOODBATH!
rCm2mFk5xok GOOD FOR YOUUUUUUU! // PewDiePie Animated
rDArfS9x9sQ PEEING SIMULATOR!
rEMj4cke2S4 NETFLIX AND KILL (BroKen Podcast w/Cry - Part 14)
rH6PpsTIsvo THE WORST SCARE! - Amnesia: Rain (4)
rHThevcR7xY Ju On The Grudge (PC) - YOU'RE NOT A DOLPHIN! - Part 10
rIiUQgPOQhM I'M A CUTE BUNNY! - Outlast Gameplay Walkthrough Playthrough - Part 10
rIz1oU5IQ4w SCARE PEWDIEPIE - Level 2 | Preview
rKyn3rMfZOA CRAWFORD CREW! - Walking Dead: Episode 4: Part 4
rLCeIsFhY9k BABY GOT BACK! - Among The Sleep (DLC Prologue)
rNbNEcKpFz4 Tik Tok: Unleashed Tik Tok  part 15
rNnEqavGrVk Amnesia: Abduction [Custom Story] Part 3
rOZ0OHaPmnk The Impossible Quiz.
rOeCgUv4B6s The Walking Dead - OMFG MOMENTS EVERYWHERE! - The Walking Dead - Episode 2 - Part 1
rPRf1HcFXCo Detroit: Become Human #5 - THIS. Ì†ΩÌ∏ûIS. Ì†ΩÌ∏ûSO. Ì†ΩÌ∏ûSAD... Ì†ΩÌ∏¢
rRlP7QRs9hA Roasting Fans - LWIAY - #0010
rSD6kEirHaM EATEN ALIVE BY A T-REX
rSrelt1o5sM I BECAME A BUTTERFLY! - Alice: Madness Returns - Part 10
rT8PFD-xAgM This may be the dumbest video in a while..
rTUPaPOH_pE Mildly Infuriating w/ Editor Brad2 (aka Sive1) #34 [REDDIT REVIEW]
rTv5fXMwSz4 YOUTUBE'S NEW SECRET!
rVYDbHB0EMg CRAZY GIRL! - Siren: Blood Curse: Chapter 8 - Part 11
rY1M2YoDAlU DONT LOSE YOUR HEAD! - The Wolf Among Us - Episode 2 - Part 2
rY8EfSj2EzI Grey - Lets Play - Part 1 - IT'S FINALLY RELEASED! Horror Mod Playthrough / Walkthrough
rYrSw9KcspM SEAGULL HORROR! - The Forest - Part 2
rZYEEKOkTdw CUTEST COUPLE ON YOUTUBE! - The Sims
rZjtMV83KVM MY DOG IS IN THIS GAME?! - The Last Guardian - Part 3
rai4efjvtcw Amnesia: Playthrough Part: 32 - OH AGRIPPA YOU SO SEXY
raspGsvKf48 Spoiled Kids Needs To Be Stopped..
rbLAEU0-h4I THERE'S NO ATTIC, IN THE ATTIC D: - Amnesia: Custom Story - Part 1 - The Attic (Chapter 2)
rc1VR54nHV0 How to be famous on the  internet! DamnDog w/ Animeman
rc1XYAJCZ80 FUNNY GAMING MONTAGE!
rcCxWEN4Cas WHO'S THE KILLER?! - Garry's Mod: Murder
rdaQsl9jqmw Walking Dead - Final Season - Part 4 END - this is so sad
rdle7qxtVag ALRIGHT ALRIGHT ALRIGHT -- Catherine -- Part 3
re5zhYextws LETHAL WEAPON: BOOT! - Condemned: Criminal Origins - Playthrough - Part 6
reOhOJFLcV4 Someone Hackedf Me And Stole My Private Hidden Videos..  -  LWIAY #00161
rgSr1NkFV-g YOU LAUGH YOU LOSE - YLYL #0009
rhedpNtqsQo LOUDER THAN OPERA! - Outlast Gameplay Walkthrough Playthrough - Part 7
rhrTx59CK3U Read the description - Tekken 7 #01
rjBtzqPmjJ4 HERE TO SAVE THE DAY! // (Legend Of The Brofist - Part 02)
rjiccAZe1w8 MAKING THE DODO EXTINCT -- Ark -- Part 3
rjkkVRJP3PI THERE IS SOMETHING INSIDE THE CAKE!!
rjnE80-ezV4 I'M IN THIS GAME!  - Wormax.io (size matters)
rkoT3f7kKvw GOD SAVE THE PEWDS - ZombiU - Part 4
rn8kp7iu9v0 Ostrich Simulator - FEATHER GOAT!
rnWBwnnvvOg THIS PLOTWIST BLEW MY MIND!!!! - Secret end
roVufx_O77g YOUR NUDES ARE LEAKING!
rofAYCg_Puw I DIDNT SAVE!!!!!!!!! - The Calling Wii - Part 27
roqZrOUn7dE STOP MOMMY / DADDY TWEETS!!! (#StopDaddy2015)  - (Fridays With PewDiePie - Part 93)
rpzJaKvZFZg Seagulls.mov
rrDD5NTnoU4 This man has -1000 respect for women and the reason why might SHOCK you
rv8UnA_1Os8 NINJA RESPECTS ALL WOMANS Ì†ΩÌ≥∞ PEW NEWSÌ†ΩÌ≥∞
rvoXW1DkDqU I'M BATMAN - Bully - Part 15
rxEFwyfZyt0 DON'T FORGET!
rxPOFp45AIg **wtf is going on with Youtube**
rxwGu27DlbQ The Walking Dead - BELLY HURTS FROM LAUGHING XD - The Walking Dead - Episode 1 (A New Day) - Part 5
rzCJcJVHBsE MY YOUTUBE CHANNEL 5 YEARS AGO...  - (Fridays With PewDiePie - Part 97)
rzOE8ygVZss NEW YORK VLOG - Fri/Saturdays? With PewDiePie
rzU_fLcxIN0 The Last Of Us - Part 3 - Walkthrough / Playthrough / Let's Play - Meet the Girl
s-Us4JlPdF8 Minecraft Hunger Games w/ James Charles
s0LhPnjCrXE WHY DOES HE EAT ME?! - Amnesia: Rain (6)
s1QHyWWFEZM MY DOUBLE DELDO DESTROYER! (Besiege #2)
s1_yoQlJIB4 TELEPORTING IN EPIC POSITIONS! - Amnesia: Custom Story - Part 2 - Insanity : Nocturnal Confusion
s26JfwmlIKc WARNING : ONLY INTELLEGENT PEOPLE CAN WATCH THIS. /r/iam14andthisisdeep
s3EiS7aqCmM ASS IS OUT! / Animal Super Squad GOTY Edition
s3Rgv-0xsi0 The Walking Dead 400 Days Gameplay DLC (Russel) Part 3
s5iKvV2Jx74 HE'S SEXY AND HE KNOWS IT! - SCP: Containment Breach - Part 5 - Let's Play (+download link)
s6Jf-WfDQoM EVERYTHING EXPLODES!
s6xaO9QxmJw The Stanley Parable - A Story About Mindfuck
s7u-xAWWyK4 Are all YouTubers Psychopaths? - Ì†ΩÌπå BOOK REVIEW Ì†ΩÌπå - February
s8HRA--2oBI I Met PewDiePie in YouTubers Life 2
s8ejJi6oieY WHEN HE DOESNT BUY YOU CHOCOLATE - The Evil Within (Chapter 4)
s8h4XU67bNU I Hate Kids - - LWIAY #00150
s8s_Jf7IIfc BLOOD, EVERYWHERE! - The Suffering - Playthrough - Part 1
s9kFSpKK7Uk HOW TO BE COOL - TRY NOT TO CRINGE CHALLENGE
sA2bR0BRfVY Mr Beast Squid Game Review
sAlR9EKk93k TENTACLE PRONZ! - Silent Hill - Lets Play - Part 10
sBBP0hW-ZCM IF THIS VIDEO GETS 500K LIKES....
sBbtApOWrGo SMOKIN DA BUD
sC6PMzUx1vA PLOT TWIST! :O - To The Moon - Part 10 [Playthrough / Walkthrough]
sCr8DyaR4yI Can you make the PERFECT hamburger? (part 2)
sDKPtObKlcw THE ANIMU GIRLFRIEND SHAME..
sEul-0swi1Q Amnesia: Abduction [Custom Story] Part 7
sFE8aDEH47U DUCK GAME.
sG2OC574mkA WHAT. THE. ACTUAL. F#&K?! - South Park - Part 6
sGN2oYYV3xg BEST. BIKE GAME. EVER. (BikePark)
sHOJHzhCfqk MIRRORS EDGE 2: CATALYST - Gameplay - PART 1 - SO EXCITED!!!!!!!!!!
sHliQjkz3DQ Explicit Hentai Covered By Jack's Face / HuniePop Part 2
sLJ9my42vR4 I Did A DNA Test... (I Guess Im Cancelled Now)
sLa2LMHcjW0 SHOVEL.mov
sN94dhGsS6I [Horror] Which - BOTH ENDINGS HEART & HEAD - Part 2
sNoRDv2Qtqo Amnesia: Playthrough Part: 27 - TORTURE ROOMS ;_;
sOGIh3rtMkI BURGER SINGING TIME - (Facerig - Part 3)
sPBJihaYspg WEIRDEST GAME EVER - Revenge of the Sunfish (and most disturbing O.O)
sQDRiYbGNWo How the Fifa World Cup should be... (Goofball)
sQiupUGjKaU READING MEAN COMMENTS #2 - (Fridays With PewDiePie - Part 91)
sRh70tvussU PUMPKING PROS!
sSjdU297yfA The Evil Within - Gameplay - Part 1 - Walkthrough (Chapter 1) - IT BEGINS HERE!
sTCDfE_sKnM How About That...
sV0d6m1ttcA DON'T WATCH BEFORE YOU SLEEP! - The Cellar [Flash Horror]
sVGTCtPP8Ts Dark Souls 3 / Walkthrough / Playthrough / Let's Play / ZERO DEATHS
sVo2eyjSjZ8 YouTube is Stinky
sX3OSEIRZqo LEGO MINECRAFT?!
sXCBYSFObag HUMPING DINOSAURS ISN'T RACIST! - Happy Wheels - Part 50
sXM58RS4FIs Dear Nintendo
saOGAp11dXk Team Fortress 2 (DLC) Meet The Medic (Surgeon Simulator 2013 - Part 5)
sak-taOOyYg Apology for the video I made.. - - LWIAY #00125
sbPjVsfnS_c This book will change your life! Ì†ΩÌπå BOOK REVIEW Ì†ΩÌπå - April
sc2TFLaOcAg THE WALKING DEAD: MICHONNE (Full Game) - Part 3
sd0_2zxQh10 Ending the Drama - LWIAY #00136
se8NKA2vfH4 JESUS IS AN ANGRY LION! - Condemned: Criminal Origins - Lets Play - Part 8
seakAbF1Jfo BACK TO SCHOOL! - Walking Dead: Episode 4: Part 5
sesCaT0VrO4 Try Not To Laugh at Youtubers Try Not To Laugh Challenge YLYL #0038
sf9gdjBU_Z8 SHES BACK! - The Walking Dead: Season 2 - Episode 2 - Part 1 - Gameplay / Walkthrough / Playthrough
sfr86PAOPLw BEST HIDING SPOT EVER! - Prop Hunt #7
sgRFp5-hmd8 KANIN OR POLISBIL?! - Cry Of Fear - Part 8
sgULslWU7fA I BROKE MY CHAIR! D: - Haunted Investigations (Demo) - Part 1
shNYC-YsNsc ONLY 1% CAN MAKE THIS / YLYL #0016
shhmSr5RgCY I MET DEMI LOVATO!!
shoM6Bn6Zlc DEEP SEE FISHIN'  - Beyond: Two Souls - Gameplay, Walkthrough - Part 14
siMs4uqJvYU FOLLOW THE POKÏ¶∫LLS! - Afraid Of Monsters - Part 23
skFOyjFJ4pc YouTube Trending TAB EXPOSED #truth Ì†ΩÌ≥∞ PEW NEWSÌ†ΩÌ≥∞
skJvorHo_YU THE PEE IS THE KEY - The Calling Wii - Part 26
sl_U0wMcLzY Ì†ΩÌªë STOP! -- YOU NEED AT LEAST 200 IQ TO PLAY THIS GAME Ì†ΩÌªë
smZAkzFGj8g HAVING A WONDERFUL TIME! - Corpse Party - Part 3 (END) Chapter 3
snxeJSnzJsY Farming Simulator 2013 Mods
soQPHAibItE Fear 3 Part 3 | Memory P*nis!
soQqMoQuKY8 IM ON SWEDISH TELEVISION - (Fridays With PewDiePie - Part 9)
soUrtxiCyVU HARDEST BOSS EVER (Bloodborne DLC Gameplay - Part 1)
sooupr87gEg THERE ARE NO MORE GOOD GAMES..
spk4it8eTRc Amnesia: Custom Story: La Caza - Part 5
spwMlAkGkao BUTTS
sqFVrfinlYk MARVEL INFINITY WARS DISINTEGRATION MEME MAKES ME HAHA  [MEME REVIEW] Ì†ΩÌ±è Ì†ΩÌ±è #19
srScJAs2i1c I found a DOG in Minecraft!!! - Part 7
ss1bLhGYjkc CREEPY BABY - Rise Of Nightmares - Part 7
stsnuh3kFGE Amnesia: Playthrough Part: 14 - HEADING DOWN THE CREEPY ELEVATOR
su045ytF_z4 (OwO) /r/creepyasterisks/ #31 [REDDIT REVIEW]
su7G8pu9Des A GUN? F*CK THAT! GIMME TOILET LID!!! Condemned 2: Blood Shot - Lets Play - Part 3
svOk49mVtrI JESUS CHRIST... ON A BIKE WHAT IS THAT? -  Stray Cat Crossing - Part 2
swY1VhD3EgU HORRIBLE DEATH! -  Limbo: Playthrough - Part 4
swb2rNd00cQ Fatal Frame 2 Playthrough Part 7
sxTtg-_XzRs Fall Guys: Live Hedgehog Edition!
sxUPFpwcwH8 WHERE IS CLEMENTINE? - The Walking Dead: Episode 4 - Part 3 - Around Every Corner
sxrzdev5l3A Why People Are Freaking Out About This Meme  [MEME REVIEW] Ì†ΩÌ±è Ì†ΩÌ±è#65
syStk3A7bfg POKEMON IN AMNESIA?!
szfuo1m6uJ8 We Need To Talk.. (Important) (Clickbait)
t1JGxNARW0E I BOUGHT A Submarine! (real) - Subnautica - Part 5
t2LvD3uiJCc BABY HORROR?! - Among The Sleep - Part 1 - Gameplay / Walkthrough / Playthrough
t2fD0-UzUUA BABY THROWING SIMULATOR (HTC Vive - Part 7)
t4NLcLOXXX8 Drake be like... MEME REVIEW] Ì†ΩÌ±è Ì†ΩÌ±è#91
t4hNzuFZc6s DUCK SIMULATOR
t5_vM51mnFY SPORTSFRIENDS!
t8Tm3CCviZI YOUTUBER COMPETITION, WHO'S THE BEST?! - SpeedRunners - Part 1
t8m0UZ-1VLY KAWAII SHARKS! (Stranded Deep #2) | PewDiePie
t9-4eMdBejk YouTube's New Update Has A BIG FLAW! Ì†ΩÌ≥∞PEW NEWS Ì†ΩÌ≥∞
tA2QhuARNhE PEWDIEPIE'S REVENGE!: Custom Story - Amnesia: Part 1
tA7xqZZIQEQ THE ROAST OF YOUTUBE (Part 2)
tBNzuAtH2Nw SEGWAY ACCIDENT!
tC6WieI9rjg Resident Evil 8 Village #4 - The First Scare So Far!
tCadZObwl2k YOU LAUGH YOU WIN! YLYL #0054
tDlCdWnEWVQ ULTRA JUMPSCARES - Timore
tEFcSNp1h7A Shane vs Cat Ì†ΩÌ≥∞ PEW NEWSÌ†ΩÌ≥∞
tF_5aqi_nsE MARZIA THE DINOSAUR? -- Ark -- Part 3
tHJ44Thjyf4 THIS GAME IS RACIST | PewDiePie
tHSz8zZGLok NICKI MINAJ ANACONDA BUTT SCULPTURE!
tHmAPWOo2jY U SLAV U LOSE  - YLYL #0025
tIZLzoqTToc How the Marvel Avengers Series Ends (SPOILERS) leak [MEME REVIEW] Ì†ΩÌ±è Ì†ΩÌ±è#53
tJWChYAU5vk Baby Yoda, Papa John,  [MEME REVIEW] Ì†ΩÌ±è Ì†ΩÌ±è#72
tJi0s_oLivw TOAD SHITS ON ME!!
tJrTsrfbV5o PEWDS & FRENDZ PLAY (GTAV Online #1)
tKdxPbGBRbM IM IN JAPAN FOR A DAY
tKeF6rEF3oo Amnesia: Abduction [Custom Story] Part 6 - I NEED STEPHANO ;_;
tLbGWYi41dE Pesadelo O In‡ªúio - WORST JUMPSCARE EVER! (Part 1) Brazilian Horror
tN4Y2IhfZKE ARE YOU SCARED OF CLOWNS? - The Carnival
tN9vBO_b6b0 Minecon is the Greatest! - Cringe Tuesdays #3
tNE65Vg1OEM VOTE.
tNPr_hVCBqo INDOOR FIREWORKS, OUTDOORS... (5 Weird Stuff Online - Part 22)
tNwFexjnbyM HAPPY WHEELS - FUNNY MOMENTS MONTAGE #3
tPTx06WOrx8 Problematic Meme VR Chat #0005
tQeBRMp4S7s Unintentional Opsies #29 [REDDIT REVIEW]
tR-Wb9KqCDs REVIEWING \
tSMaa2auQDc TRANSFORMING INTO HEADS?!  - To The Moon - Part 8
tSP7VQP3XTk TIME TO PARTY! - (Fridays With PewDiePie - Part 62)
tTzmUKEPerA What's inside my closet? (MUST WATCH) epic reveal
tV3Yup6-qCY Santa Is Cancelled on Twitter - - LWIAY #00144
tVKvaBeXs9w 10 Things You Should Never Google (WARNING GROSS)
tWlAhv-4ilw THESE MONSTERS MAKE ME NOPE! - Alice: Madness Returns - Part 9
tY0a-d67drE PEWDIEPIE'S SONG (By: Dan Bull)
t_51VZZCXSM FACADE GOES HORROR! Slender Man Horror Game (them graphics) Playthrough Walkthrough
t_yAJNoyMvc !! HOT !! EXTREME !! PARKOUR !! GONE VIRAL !! HOT !! / Mirrors Edge 2 Catalyst / Part 2
tb5ksJhmLjU EYE TRANSPLANT! - Surgeon Simulator Ipad
tbqarAFGspE SLENDER - MY GIRLFRIEND PLAYS! - SLENDER - Part 6 - Let's Play
tcM7s74tePM TUMBLR WONT BE HAPPY. (Cards Against Humanity #2)
tcXuQ7VXAk4 FLAMETHROWER TIME BABY! - Alien Isolation - Gameplay Walkthrough - Part 8
tdEgwZaP5Zo Stop doing this.. - #84[REDDIT REVIEW]
teMLOKJ67Z0 SEAMAN KNOWS MY SECRETS (Day 2)
tgDtz3Uiyxg FALCON PUNCHING IN HAPPY WHEELS! - Happy Wheels - Part 55
ti2ZrDv4l5w GRASS SIMULATOR IS STUPID! (Animated)
tileIc7c25I SUICIDE FOR SENPAI! - Yandere Simulator - Part 8
tjhL7EbsNLU INDIES VS PEWDIEPIE
tlS-SF_ctOQ COME JOIN THE PEWDIEPIE PARTY! - Outlast Gameplay Walkthrough Playthrough - Part 8
tmOxLVn9lCw MY LITTLE PONY CREEPY PASTA (All Luna Games)
tn4As9uSV6g ANIMATED BOOBS MAKES GAMES GREAT  - Deadpool - Part 8
tpNIgJQXPuM WHO STOLE THE PANTIES? - Bully - Part 12
tpTUdT4NJrw MAGICIAN GOAT - Goat MMO - Part 5 / END
tqAqxxxTBs8 BEST ENDING EVER! - Siren: Blood Curse - Part 14 - Chapter 11 & 12 (Final) Ending
trAW5hT2-kg GIRLFRIEND VS BOYFRIEND: FIGHT! (Gang Beasts - Part 04)
tshdPNADOm4 I Am Fish
tszleE5QnRs I'M FREAKIN SANIC!  - Infamous: Second Son - Part 6 - Gameplay
ttjU9dNd4ZQ top 8941 marketing fails OF ALL TIME XD
tttCATaj_vc MORE FREAKYNESS! - SCP: Containment Breach - Part 3 - Walkthrough (+download link)
tub533T0aX4 I DON'T WANT TO GET MARRIED! - Outlast DLC: Part 6 (Whistleblower)
txCUQ42yEa0 PENUMBRA WORM IS BACK!!! - Amnesia: Custom Story - Part 4 - Tenebris Lake
txsq_8dmjIk MARIO + PORTAL = RAGE (mari0)
ty4Wgu-N9gg WE'RE GOING TO WONDERLAND! - Alice: The Madness Returns - Part 1
tyb5tY4SIVo My Response to...  -  LWIAY #00163
tzKm7sh2OtE PEWDIPIE QUITS YOUTUBE, EDGAR TAKES OVER.
tzgB8n0gf7A Mr Beast... I am SO SORRY! - LWIAY #00152
tzx-9xI1T1s SWEDEN SIMULATOR
u1RLQ1XEJxc MY FAT GIRLFRIEND - Bully - Part 10
u1s1kXBxxn0 SHE'S FLIRTING WITH ME! D: - Existor (Evie) - Part 1
u33dwH42FVc IT BEGINS! - Dark Souls II - Gameplay - Part 1 (Tears Edition)
u3tXwOjRPak I MURDERED YOUR FAMILY! (Stranded Deep Animated)
u44TI73cVN0 TRIP TO THE ASYLUM - Bully - Part 18
u4GvsRxb6g4 TOP INSANE STOCK IMAGES (Recreated)
u4_6tUqKPCQ WHY I QUIT BUZZFEED
u4c4kKlba60 PERVERT SIMULATOR 2 | PewDiePie
u57obOmxrts Tired of trying...
u5v6PN2KV9U FIRST ALIEN ENCOUNTER! - Alien Isolation - Gameplay Walkthrough - Part 5
u68_aiIClCA [Funny] Afraid Of Monsters - BRING IT B*TCH, OKAY NEVERMIND D: - Part 3
u6bS7gAw58s DON'T START YOUTUBE BEFORE WATCHING THIS!
u7Jp3UZKmK4 A NEW HORROR ADVENTURE! - The Crooked Man (1)
u7gXn7ggxFc FOOT DELIVERY - Cry Of Fear - Walkthrough - Part 21
u7rC64-Rz6k Cat Mario 3 - THE ABOMINATION CONTINUES!
u7rIGPe3W18 I WAS TOLD THIS WOULD WORK AAAAAAAAAAAH - - Minecraft Hardcore #16
u8YwCg4iNV0 JAKE PAUL EXPOSED
u9cGsjpYszY Dead Island: Co-Op w/ Morfar & PEWDIEPIE - PART 11
uA2eHu56POI Funny Gameshow Fails
uBCHhavNWE0 NAVEL JUICE 100% (Postal 2)
uB_4QT6RGeM SNIFFIN' BUTTS WITH MY GF
uE1GF_6wOH0 LOST IN SPACE. / Pewdiepie Animated
uEQeAd0jNdk THIS ENDING IS INCREDIBLE!  (Abzu  - Part 4)
uF-ptFu2BBs WarioWare: Smooth Moves - WE GOT THE MOVES! - Part 2
uFtFMvRZ6oo Blade and Sorcery #1 - Most FUN I've had in VR!
uGrdwFhaBzM People Still Believe This????????
uHUorXkqBbA CRAWLING ZOMBIES! ;_; - Amnesia: Custom Story - Part 9 - Tenebris Lake
uI15rxzZDtM PEWDIEPIE ASKS CLEVERBOT OUT ON A DATE - Cleverbot
uJpmXzvBmio Amnesia: Custom Story: La Caza - Part 4
uK3z_w-0gYw YOU CAN RELY ON ME! - Morbus #3 (Garry's Mod)
uLbpJR3zJ-c Five Nights At Freddy's ANIMATED // PewDiePie Animation By: Cypherden
uN-TvWzeEvA Rip Ohio /r/softwaregore #48 [REDDIT REVIEW]
uO7YavZ4cIQ WHY GOD, WHY?! Spore - Part 3
uPGo6mgWzvI INSIDE BROS HOUSE - Olaf's Demise - Amnesia: Custom Story - Part 2
uPHlSrR1kbE I'M GONNA KICK YOUR ASS! - Conker's Bad Fur Day (7)
uRlcwFioQM8 FREE KISSES! - Serious Roleplaying (Gmod) w/ Cry
uSbPXP653o8 MADNESS CONTINUES! - Paranormal - Part 2 - Free Indie Horror Game. (+Download)
uSkEOcVN2Lc Guessing The Price of Art Makes Me MAD
uT7fYAPQ23I THIS IS WHY YOU SHOULDNT CHEAT! -- Catherine -- Part 9
uVNautEM2Ug Biomutant - New Game LIVE
uVnKUDNgKn0 CRAZY KINECT HORROR? - Rise Of Nightmares - Part 1
uZpUnmuOISQ YOU SHOOT! - Portal 2 (Pewds Animated) #3
u_ErxlI03V4 I'M SWIMMING AROUND IN A VAGINA  - You Have To Fertilize The Egg (Bonus Upload)
uaAeeLjp_Go PONIES ARE EVIL I TELL YOU! - Silent Hill 1 - Part 16
uaLoDObiFPs PROFESSOR DICKINSON IS BORN! - Spore: Creations #1
uc70N_IPXQ4 FASTEST WAY TO CATCH POKEMONS! - (Pok√©mon Go - Part 2)
ucpMDHA1u5c BROSA IS A SEXY BEAST! - Condemned: Criminal Origins - Lets Play - Part 14
ufk0egl9t7E MOST INTENSE 1H GAMEPLAY EVER
ugNwY9cXnsA 39 MILLION // MY TATTOOS // SHOUT-OUT COMPETITION!
ui30ZzcbVgo Speedrunners w/ Twitter Penalty!
ui4UN9IIp1g HOW TO BE BEAUTIFUL!
uiTyxzMu20s Stock Images needs to be Stopped! /r/wtfstockimage reddit top all  #56 [REDDIT REVIEW]
uionPzrC7FU FART PROTECTION! (5 Weird Stuff Online - Part 19)
uj_VNo6AC5s TANACON GOT CANCELLED - and heres WHY! 1
ukuRyCf9CDY DEADLY BROFISTS! - Pewds & Cry Plays: Bloody Trapland - Part 1
ukzFxeuTzps Surgery With The Boys
ulIwePLwFns 1 MILLION $ FOR CHARITY!
ulTok4F_g04 There Are No Accidents... /r/Theyknow  #80[REDDIT REVIEW]
ulXwGuUx2L0 AO ONI
unfJAxNHVd0 LAYERS OF FEAR (Full Game) (ENDING) (4)
uoBbHAgCnKw Sumotori Dreams - With my girlfriend! (400th video)
upIYj1jG34s FaceRig - What If You Were A Hamburger? - Part 1
upL5tLmGptE SURPRISING FANS ON OMEGLE VIDEO CHAT! :D - Omegle (Special Video Upload.)
upiAWaq0Em4 FREAKY SH'T! - Paranormal - Part 1 - Free Indie Horror Game. (+Download)
upueueKL1Z0 Tazer Vs Questions.
uq6PgSa6-28 How to CHEAT in Minecraft (Forbidden) - Minecraft with Jacksepticeye - Part 5
uq8M6bkdnEA EATING FAKE BACON (5 Weird Stuff Online - Part 24)
uqYkMp_ANnM Amnesia - SOLVING PUZZLES LIEK A BOSS (not really) - The Machine - Part 4
uqiUc4FFPzU THE LIGHT PR0N RETURNS! - Corpse Party: Book Of Shadows - Chapter 3
usnzZJPOnJw Minecraft New Thanos update is CRAZY
uuDLM8kPC30 NEVER COMPLAIN or NEVER COMPLIMENT?
uvRlpcu3yjQ I hate it  #37 [REDDIT REVIEW]
uve3CQWxRq0 Minecraft can sometimes be bad.. Minecraft with Jacksepticeye - Part 10
uw4pqN3tXBc SHE'S ALWAYS WATCHING!  Anna - Let's Play - Part 4 of 4 Playthrough Ending
uwNKLuy-x-I A HAPPY DAY!
uwSuPegXJuo MY WEIRD CREATIONS
uxd3Grp-UqE KSI VS LOGAN PAUL...RESULT in DRAW - REEEEEEEFUND
uxr6pWVpUpI WHO AM I? *in 10:00*
uy6vFIxfsjg YOU LAUGH YOU FEEL PSYCHICAL PAIN {COPYSTRIKE EDITION} YLYL #0028
uycD83eChY8 LADY GAGA MODE...ACTIVATED! - Cry Of Fear - Part 12
uzMSqnwmMz4 BECOMING A FIDGET SPINNER.. (Extreme)
uzQ6t7Mulgc Things You Should Never Google (WARNING GROSS) #2
uzwk5gDnY4E AMNESIA SCARY REACTIONS (and funny) moments w/ PewDiePie EP1
v-rr9GbSaxQ CHAIRMODE IS THE SH'T! - Amnesia: Custom Story - Gary Dark Secrets - Part 3
v-sJ106h1dU Reacting to Tseries Passing Live  LWIAY - #0071
v1DL3T-TGfA THE PEWDIEPIE GAME!
v2wZZMj57Ec WANNA BE TURTLES! - Cry Of Fear - Playthrough - Part 18
v30JQw3c0ik HEADSKETBALL  - Outlast DLC: Part 4 (Whistleblower)
v6gIYk6sRqw Minecraft Is Easy
v8RjqMTHMcQ Comment Update!
v8eIuhPstno BUT CAN YOU DO THIS? - LWIAY #0020
v9bXJUWV0RY Things Were Better Before.. *PROOF*
v9cHwV4bPjM Amnesia: Playthrough Part: 10 - So dark ;_;
vAnVb_oBF7I 3 HEROES, 3 QUESTIONS! - Smite: Tournament
vBDv3j84iYI GIRLFRIEND VS BOYFRIEND! #2 - (Fridays With PewDiePie - Part 66)
vCjo65xboBw HOW TO GET SUBS (Teach Me Senpai) - (Fridays With PewDiePie - Part 88)
vD-uIirvI88 Are You Ready For Whats About TO COME?!  - LWIAY #00111
vD7Sc7O3nLc THE BEGINNING OF THE END - The Crooked Man (12)
vEomMTTmMbs PEWDIEPIE LIVE ON STAGE! - (Fridays With PewDiePie - Part 32)
vF8eCmj7rUQ WHERES YOUR FACE AT?! - Doom 3 - Walkthrough - Part 12
vGhBBw3DwoE PLEASE NO!!!  - Uncharted 4 - Part 10
vGrWny0YKdE DOUBLE TROUBLE - Amnesia: Custom Story - Part 2 - Can't Remember + Aphyxia
vHalF60_KxY INSANE BOWLING! - Cry Of Fear - Playthrough - Part 24
vHyZfLk2KrU I'm Actually TALL! **PROOF** - LWIAY #00113
vIEBPbUIosE DR. PEWDS DELIVERS... A BABY! - Beyond: Two Souls - Gameplay, Walkthrough - Part 6
vJTXWxX6qZo I'M GONNA BE A MOTHER!! \
vJpzxiwp9KM RATS ARE KINDA COOL AFTER ALL! - The Suffering - Let's Play - Part 3
vO7eyFoSbAc The Hardest Game In The Universe?
vOwub_d0qbE Not Even Obama Can Stop Obamacare - Agario - Part 9
vPlC2feIzfk My face is famous  -  LWIAY #00168
vQ9Mi--YcmA SENPAI NOTICED ME! - GTA 5 - Part 2
vRZ_u5dPCDs SlendyTubbies - SCARED TO DEATH
vValtBioF0I DON'T TOUCH THE BALLS! (Gmod)
v_9VktYTf64 DONT TAZE ME BRO! - Condemned: Criminal Origins - Let's Play - Part 4
v_GJnrSf9k4 I have a BIG Announcement! LWIAY #0083
vaXBtyY0FFA WHO'S THE KILLER?! - Corpse Party - Chapter 4 - Part 3 (END)
valC_lDhWVg Is YouTube Screwing Over Small Channels?
vcFCyBhWo-E SHIA FLY HIGHER
vcHNnDuKgvU YOUR EYE WONT BELIEVE THIS.
vcLvj4z8UnI SO MUCH DEATH! ;_; Cry Of Fear: Custom Story: The Stairway - Part 2
vd7Mbyxk_jQ KANYE WEST CAUGHT CHEATING!
vdGiqRjTd34 I'M POPPY!
veRPGLZqAM0 WHAT'S IN MY MAIL?! (Mailtime!) (Fridays With PewDiePie - Part 52)
veYSwGigsY0 LEVEL 6 | THE ULTIMATE HANG
vfKNwR5bLYc WHY IM TAKING OVER ANTARTICA - LWIAY #00171
vgEOqq7aGgE AMAZING AS THE LAST OF US! - Uncharted 4 - Part 2 - FULL GAME
vgh8YsCdV6M DON'T TOUCH THAT HOLE! - Uncharted 4 - Part 6
vhi9txstACc thomas was alone
vhl9wWLv2Yo Dank Memes #59 [REDDIT REVIEW]
vjqCs3TdZtM GTA 5 (Grand Theft Auto 5) Gameplay - FREE HUGS!
vk2pg7DeRpI ASIAN-MIDGET-ASSASSIN KILLING BUTTERFLIES AND SHIT! - Siren: Blood Curse - Let's Play - Part 5
vkA1rFrNLWs do you know how big my mousepad is?
vkXm-evtfNE The worst thing Ive ever smelled...
vkoDkpr5n_A [Horror, Funny] Ao Oni - WE'RE ALMOST FINISHED C: - Part 11
vmCv-5iEjsY YuGiOh is THE GREATEST Anime of All Time.
vmPRJJSQQl8 HARDEST GAME I'VE EVER PLAYED! - Impossible Quiz 2 - Part 3
vmQT8ekO7Xo Amnesia: An Unexpected Arrival - WE HAVE TO LEAVE STEPHANO ;_;  - Part 2
vnr0kCmkMO0 I QUIT (for now) [END]
vq8pDx78jzw Human Benchmark TEST Is INSANE!
vqVt5S6pReQ Dead Space 2: SAVE STATION SONG!
vqloAjgr3mo PIRATE EDITION! - Limbo: Playthrough - Part 5
vrvVrttTT_k WHY?! JUST CAUSE! ....2
vuSHrVHKmdI MY BIG SECRET
vuuAMd2DaT4 I brought back Marzia for this
vyRJfjz-GMw DODGIN' BULLETS LIKE NEO!! / Quantum Break / Full Gameplay / Part 5
vyr1YxhxlDU Amazing Frog #2
vzJmUDOLv4g HOLY PERIOD MICROWAVE! - Pom Gets Wifi - Part 2
w-BaL5A4ylo THIS GAME WILL BREAK YOUR SANITY! - Cat Mario - Part 2 (Syobon Action)
w1jvlIRbyY0 BUTT TOUCHING SIMULATOR
w26hmoyLbJ0 THE BEST GAME OF ALL TIME.
w41K0CM6LsM THE TRAIN
w4AImq08j9o Why I'm not in YouTube Rewind 2017
w4G77WgjtFQ No one understands this movie... and why
w4GReha-6DI Twitch Con 2018 - VeryEpic Cringe Compilation (funny moments Ì†æÌ¥£Ì†ΩÌ∏Ö)
w5-4tSfyft4 I AM THE KILLER! - Fahrenheit - Playthrough - Part 4
w6AE9nzf0fc aRNOLD GOES NUDE MODE / fALLOUT 4 (part 3 of 200)
w7VAR_6jW2A WHERE IS YOUR HEAD? - Dark Souls 2 - Part 5
w8ZRYdR6UuQ Pewdiepie Airplane flew over NY LWIAY - #0076
w8vx_2BhnmE THE GAME WITH THE GREATEST ASS
w9osIOqkzdQ THE PEWDIEPIE MOVIE - Teaser Trailer #1
wAHhLwkHqw4 HORSE AND JUSTIN BEAVER ON NEW ADVENTURES! - Scribblenauts: Unlimited - Part 12
wAaov-ubjfE SPOOKAWAY!
wCkTXKF3LwA Pavlov VR - Meeting fans in VR!
wFBa4O5RSsY Resident Evil 7 - Part 6 - THE CRINGE FROM THIS GUY..
wFFS34vcAA0 Minecraft with RTX Looks UNREAL! - Part 47
wFxCAWqvmBE Ninja did WHAT in Europe? [MEME REVIEW] Ì†ΩÌ±è Ì†ΩÌ±è#55
wH533kbXm2c NEVER ask who JOE is! [MEME REVIEW] Ì†ΩÌ±è Ì†ΩÌ±è#67
wHQKij7tATE I got RAIDED in Minecraft!!! - Part 8
wILTPumur0E \
wJwDiX0ASYw THE BEST MOMENT EVER!! (Abzu  - Part 3)
wK6UgAVyDBQ KILLING BARRELS! - Rise of Nightmares - Part 6
wKLm4Dmd5WU EXPLODING NIPPLES. (Agar.io) Part 3
wKpFP_FNIhM Duty Calls
wKutrYtv3H0 Fixing Sonic in Photoshop
wL4DkQrd1ho I'M ON A GOSSIP WEBSITE!?
wLP_E7xFE2U THE CHRISTMAS POOP - South Park: The Stick of Truth - Part 15
wLT0qFRwAj0 PHOTOSHOP THIS! - LWIAY #0002
wLbN2em_YUA HOW TO DRAW. - (Fridays With PewDiePie - Part 82)
wLcWf8fN54o 99% people can't watch - Cringe Tuesdays #2
wLdOUR_H8gw Reacting To My Deepfakes..
wMGkB_t4BqA Tik Toks That Makes You Wish You Never Came Into Existence [TIKTOK#12]
wO4HkwnXbhk KILLING DRACULAS HOMEBOY! - Nosferatu - Part 8
wOMUIFl8sHQ SCARIEST PART! - Outlast Gameplay Walkthrough Playthrough - Part 5
wP1moQm40yE BABY BABY BABY OOH- SHUT UP BOY! -  Happy Wheels - Part 9
wPp6ZVD58qk The Story of a YouTube Commenter.
wS94Cs7J4Lg HOW TO KILL THE CROOKED MAN - The Crooked Man (4)
wU1a5dzoHBI 2020 Is GONE
wUVBB3hc0Co MY NEW STYLE!
wVKVCAcpEII GOING TOO FAR?
wVf9l-So3aU FUNNY VIDEO MESSAGES FROM FANS! - (Fridays With PewDiePie - Part 102)
wWC6bT5g0p0 RAGEFEST 2015 (PEWDUCKPIE 2)
wWsxR-jN3mo SPANK YOUR BOYFRIEND GAME...
wYT1Qq6mo4I YouTube Rewind 2018 review
wZB4zxvGAQk Life Of PewDiePie! (Vlog)
wZTryyGF0UY The End Is Near -  LWIAY #00167
wZZWWmDQZmU A Very Organized Pewds
w_bj91nnEB8 Best Fiends + Stripping w/ Sam Strippin - (BroKen Podcast - Part 6)
waeR5S2mXXs BABY GONE SEXUAL - (Who's Your Daddy? - Part 2)
wb6k6ur_8pA Y U NO LIKE MELON!? - FACADE - 7th Attempt
wcJ1l_L6DtM POLISBIL KILLED ME D: - Cry Of Fear - Part 5
wcnvzl9Xlg8 FRIDAYS WITH PEWDIEPIE - (Fridays With PewDiePie - Part 5)
wdzMyALXbrQ THIS WAS SO EMBARRASSING.........
wdzNWXFYSmo Recording Videos Is Hard..
weRJQ5q36zk MOST COMPETITIVE GAME EVER! - SpeedRunners - Gameplay - Part 1
wfST5Y1Nces / Green Needle // Brainstorm / - Which one do you hear?  #78[REDDIT REVIEW]
wfmjPOUbe-k Jeepers Creepers: The Game? -- Lakeview Cabin - Part 2
wgJ5od1aHJ8 AGRIPAS NIPPLES NEEDS TENDER LOVING! - Amnesia: Custom Story - Part 5 - Tenebris Lake
whceteDJKK0 Mukbang - (55 000 000 epic SpicY Calories)
whl1Oq8fML0 [Funny/Horror] Amnesia: BATMAN PLAYS - WHITE NIGHT - Part 2
wjTzCZX14ws Five Nights At Freddy's 3 - SPOOK YOUR SOCKS OFF! (Night 1, Night 2, Night 3) - Part 1 | PewDie{ie
wkDjZ7WtKQs USE THE FLARE SARAH! - Daylight Pt 3.
wl3fVUzXAj4 How To: Stop Strangers From Peeing On You.
wnCWpPtL0Jo WTF ENDING! -  The Wolf Among Us - Gameplay, Playthrough - Part 6 - Final
wnLSQ_Sm_cc (5 Weird Stuff Online - Part 28)
wnc5cTCSPoE MORE BLOOD, PAIN & TEARS!!! - Bloody Trapland - Part 3
wnvaqGuiLlI Rare Insults is a Treassure!  /r/rareinsults top all #51 [REDDIT REVIEW]
wogXZxbmD64 we finally did it!
wp0mUp2g144 I HAVE NEW HANDS! (Surgeon Simulator - Part 6 w/ Razer Hydras)
wqU-S-Jq6gA The Walking Dead - DUCK IS FULL OF LUCK! - Walking Dead - Part - 3
wsZ1NaHI0n0 Gentlemen.
wteM_Jy9CrQ FUTURE?
wu9jTdR35MY UNHOOK BRA SIM
wutdQ_kzNn0 MARZIA HAS LIGMA LWIAY #0044
wwMWIQfPVjw IT'S OVER! :( - Amnesia: Rain (8) FINAL
wwyPwO6FSa8 I vlogged the Honeymoon..
wx9Jv5uxfac Can this video get 1 million dislikes?
wxCRkFap0v0 IT WILL MAKE YOU SCREECH! - The Screecher (Don't Starve)
wyAom32qoTI HAMBURGER. HAMBURGER. HAMBURGER. HAMBURGER. HAMBURGER.
wzOl43bYgq8 If you havnt played THIS GAME YOU HAVNT LIVED A FULL LIFE
wzPJd0aBEMg The Last Of Us ENDING! - Final - Part 16
wzaQduFJJ1g YOUTUBER SCULPTURES!
x0Pj_aDQBIc KEYBOARD WARRIOR... LITERALLY! - Typing Of The Dead - Part 3
x0v1k8c53SY SCARIEST EPISODE!!! - Amnesia: Custom Story - Part 6 - Tenebris Lake
x2XxNZb5FvQ JOHNNY D NEEDS HELP Ì†ΩÌ≥∞ PEW NEWSÌ†ΩÌ≥∞
x2c2-unwnFw ELECTRIC SHOCK CHALLENGE! (My Girlfriend Zaps Me)
x2ebXmizW4g FUNNY VOICE MESSAGES FROM FANS
x2oA0HZS1BI EVERYONE NEEDS A HERO
x3fTcAaFQoc DONT WATCH WHILE EATING! - Conker's Bad Fur Day (3)
x4aD_cJAoJE This video is blocked. [MEME REVIEW] Ì†ΩÌ±è Ì†ΩÌ±è #35
x4e1IXgvT24 MOST AWKWARD GAMEPLAY / Super SMASH Bros
x5QT4iusgmU SEXUALLY ATTRACTED PIRANHA - Amnesia: Custom Story - Part 4 - Baldo's Discovery
x5mlFY7XuOA We broke a world record! LWIAY - #0062
x5oTfrMCK64 MARIO XXX LUIGI FANFICTION
x7-o_aj-XyQ WHAT'S IN MY MAIL?
x8-Ze2KqbaU DUMB WAYS TO DIE 2 // 3 Free Games
xAQBrfbA0HE HOW HOT AM I? - (SuperHot Full Game)
xBNhMUi73jE DETECTIVE PEWDIE! - Heavy Rain - Playthrough - Part 2
xBQYLXX2Mk0 THIS GAME WILL MAKE YOU WEEP (That, Dragon Cancer)
xCcIPadfBBg MOST EVIL CREATURE IN VIDEO GAMES - Alice: Madness Returns - Part 13
xCulp6wz2Es ANTI-FREEZE DRINKING CHALLENGE! | PewDiePie
xDXibmXkinc HELP ME... - Let's Play: Silent Hill 1 - Part 17
xDuNSbF5xxo CAN'T...... STOP................ DYING.............................. - Bloodborne DLC - Part 3 FINAL
xH1X1N1P4DY Leaking My Email Address... - LWIAY #00119
xHgAJ86lOjA DON'T CHEW ME BOY! *NOMNOMNOM* - Happy Wheels - Part 14
xJzA-BrP2rg FIGHTING FINALE - The Wolf Among Us - Part 4
xKqihXKtLG4 The Last Of Us Gameplay - Part 15 - Final Chapter
xKrg6TIuSK8 MONSTERS IN MY HOUSE! - Candles (Free Indie Horror)
xL4vvQgg1W4 PEWDIEPIE REACTS TO BUZZFEED REACTING TO PEWDIEPIE (PewDiePie React)
xL8N0E47fRs TRY NOT TO GET WEIRDED OUT CHALLENGE! (PewDiePie React)
xLzUlNldnkY SUPER MURDER SENPAI - (Yandere Simulator - Part 11)
xN5XlqT0iwo WHAT THE ACTUAL F*!K IS THAT??? // Stray Cat Crossing // Part 3
xOt-Gufln98 YOUTUBERS LIFE (Part 1)
xPEjZYQaxus MOST SCARED! - Slender (Haunt) w/ Heartbeat Monitor - Part 2
xPmA13iYL2k BULLFIGHTING!? - Shadow of the Colossus - 11th/16
xQ2WrglmsJk Just a Prank Bro (Animated)
xQl7Tr5DB5Y Taking A Trip To The Past..
xQzBs3UTzMA A CROOKED MILE - The Wolf Among Us - Part 1 - Episode 3
xVVYkyZzCFY I will retouch your photos ($5000) - Delusional Artists #39 [REDDIT REVIEW]
xVlfd8-FWB8 I bought a new camera (240p) - LWIAY #00154
xWltikCALgU Swedish Pancakes Is The ONLY WAY TO MAKE PANCAKES! - CWPDP #1
xX9XsR2S0sk I GOT EXPELLED FROM SCHOOL! - Bully (22)
xYT9192W-OA NIGHTMARE JUMPSCARES! Dreadout - Act 2 - Part 2 | PewDiePie
xZ6wJ6_uQIg PewDiePie: Legend Of The Brofist
x_uliInbqhk [Funny, Horror] Amnesia: CHAIRMODE WORKS! - BLACK FOREST CASTLE V2. - Part 2
x_zQcwbgGmc it finally happened... Doki Doki Literature Club - Part 4
xaBIMMGDR7E IT'S CHRISTMAS!!! (Legend Of The Brofist - Part 05)
xaSZm3Cx2Zw FEW DEATHS, LOTS OF RAGE - Limbo: Playthrough - Part 7
xb1WgC5r8SM AWESOME PEWDIEPIE COSPLAY! :D - (Fridays With PewDiePie - Part 30)
xbTJk_EVwv4 EPIC MUSIC COMPETITION FINALS!- (Fridays With PewDiePie - Part 29)
xbbK9F0knTI Streaming for charity! Offline
xdjj5sAOfBg DIWHY top All Reddit - 5 Minute Crafts - Needs to be STOPPED! #59 REDDIT REVIEW
xejFV2JCmSM I Built A Cake Ladder in Minecraft to prove god is real - Part 36
xh-JFYgTaVQ SANIC GAMES.
xjizo4wAxVk Judging Our Fans! w/ Jacksepticeye
xjj62VF0C-o I HAVE THE POWER! - Amnesia: Custom Story - Part 1 - The Small Horse II
xkNDn_ESpiY RUBBER BAND CHALLENGE.
xl125ZovpAA Reviewing Memes With KSI  [MEME REVIEW] Ì†ΩÌ±è Ì†ΩÌ±è#86
xmTzkoWpg4Q SENPAI'S BOOTY - Yandara Simulator Animated
xnN1yVDjE4g the male fantasy..
xol-zeXb1_c Blade and Sorcery #2 - Dont show this video to mainstream media...
xpDnU7xhrYo HOW LONG CAN IT GROW? (Slither.io - Part 01)
xpaurit-7u8 Don't EVER Call Me A KAREN! [MEME REVIEW] Ì†ΩÌ±è Ì†ΩÌ±è#78
xpvusowzCvM RAGE LEVEL: MENTAL BREAKDOWN.
xqeX20cWlgA Among Us But IQ is -500 // #3
xrIttOFaqN4 Rescuing Villagers in Minecraft   - Minecraft Hardcore #9
xraNTMmltNg FETUS PICS! - (Fridays With PewDiePie - Part 79)
xsJKj9rabtg PEWDIEPIE CALLING ALL BROS! - (Fridays With PewDiePie - Part 38)
xspsjQTQNqM BottleFlip Challenge Championship 2020!
xthOjZTfqdE GODZILLA PLAYS GODZILLA
xu7TB9rC9U8 WORST GAME ON THE PLANET! ** WARNING GROSS ** (PewDiePie React)
xukgniwV9XU CANT STOP LAUGHING! - Ì†ºÌΩë Ì†ΩÌ≤® South Park The Fractured But Whole | Walkthrough Gameplay Part 2
xvJ7BHGcbr0 Minecraft but the FLOOR IS LAVA
xyXGWB0NVDc (Deltarune) FULL / Gameplay Part 1 / This Game is Hysterical!
xyirz-dXHcg HARRY POTTER JUNIOR ANNOUNCEMENT REACTION!
xzLSrevDA94 I TOLD YOU ABOUT THE STAIRS BRO! - Amnesia: Custom Story - Part 2 - Tricky Minds
xzlDeL2kFpg DISLOCATED ARMS!
xzzFOX_iDew The Strangest Movie You'll Ever Watch... (Japan World Cup - Part 1)
y-2vcDmg3Lk TWO ARMS! - Surgeon Simulator Co-op
y-u-FTckaVg [Horror, Funny] Ju On The Grudge (PC) - FENCING WITH P*NISES - Part 6
y-zTMymaHic TOP 5 SHOCKING WEBSITES
y0Z05gVKoJg The Battle of Josh will be recorded in History Books [MEME REVIEW] Ì†ΩÌ±è Ì†ΩÌ±è#89
y22k7kbpFxM BOXING MATCHES! - Bully - Part 7
y2QtrIaSX38 I Got Cancelled Again..
y3S1qFTsygU HELP ME DECIDE BROS! - The Wolf Among Us - Gameplay, Playthrough - Part 3
y3uhVlzuVzw OBUNGA Ì†ΩÛú•ÆLAS Ì†ºÌ∂ÉÌ†ºÌµ∑Ì†ºÌµ∏Ì†ºÌµ≤Ì†ºÌµ≤Ì†ΩÌ≤ñ GIRL [MEME REVIEW] Ì†ΩÌ±è Ì†ΩÌ±è #26
y4-imnzPlNM Surgeon Simulator 2013 (Full Version) - MOST TRAGIC GAME EVER MADE (A love story)
y4de20w7nRs TERRIFYING Horror Mod! - Black Snow - Part 1 - Walkthrough / Playthrough / Let's Play
y4uGGiUxtmw SO MUCH BUTTHURT - SpeedRunners #4
y58011M73cQ Jack Black BURNED down my Minecraft House!!
y5Pgre11bFg Creeper? Aw man... [MEME REVIEW] Ì†ΩÌ±è Ì†ΩÌ±è#62
y8RQzzmNZy0 The Last Of Us Gameplay - Part 7 - The Story So Far...
y8Rl-ARqznQ THANK YOU BASED HAND. (The Forest) Part 7
y8aSUZ2UWSo RIDING STEPHANO! - Happy Wheels - Part 45
y9Z0q4HsbW0 Stardew Valley - Part 1 - Cope Stream
yA7R-7nJ2vs Thank you! (We raised $450 000 for Charity Water)
yAy5nX6VXXo THIS IS HOW WE HUNT IN SWEDEN! | PewDiePie
yB4Q3ezW9fM I summoned a forbidden Minecraft Boss - Part 37
yBxWipg67Vk TOWEL REQUIRED
yD4ZZgZToKw REACTING TO SPICY PEWDIEPIE MEMES
yD8EtmRuiWM JASON IS F~CKING TERRIFYING (Mortal Kombat #3) | PewDiePie
yDS9MH1jRuw PAINFUL WEDGIE - Bully - Part 13
yDzqpXA_h6Q [FUNNY] TOP SCARIEST MOMENTS OF GAMING! (with screams) episode 7
yFBpOzvL-XA Mr Beasts plants 20'000'000 TREES - LWIAY #0078
yFQTmHMQBPg I WON MY FIRST GAME! - PUBG Mobile
yFosKD3bCz4 IS THIS ILLEGAL?! (Welcome to the Game)
yHicCItalhk ANNIVERSARY!
yHn0oQfcRwU This video is mildly infuriating...Ì†ΩÌ∏°Ì†ΩÌ∏°Ì†ΩÌ∏°Ì†ΩÌ∏°Ì†ΩÌ∏°Ì†ΩÌ∏°Ì†ΩÌ∏°Ì†ΩÌ∏°Ì†ΩÌ∏°Ì†ΩÌ∏°Ì†ΩÌ∏°
yHq0GPKmM_A PICARD IS HERE? - Alien: Isolation - Gameplay Walkthrough - Part 3
yI5dShMEidk WHAT'S IN MY BACKPACK?
yIMJc5-SVb8 PLACE THE NIPPLES (3 Free Games)
yJlbLNKMRZM HOW TO GET BIG ON YOUTUBE?
yKqwxX9CGwE Shrek Simulator - SHREK GOAT
yMBGW0mRtRk GLITCHIEST GAME EVER?! - Skate 3 - Part 5
yMWel-ct3nw Resident Evil 2 - Scariest game EVER in the UNIVERSE OwO SUPER SCARY EXTRA
yMuEeUyMfUo STOP DOING THIS! - Copyright Striking Criticism etc
yNIl4Aij1L8 THE GREATEST RAPPER WHO EVER LIVED? 100% (Parappa The Rapper 2)
yNRvu5buFxM this game is not akward at all - Life is Strange - Season 2 Episode 2
yO-eCb8vL5s YOU KNOW WHAT? F\
yPYkG-jZxqI Vapour - FREE NIGHTMARES.
yQfQXukFbAo Would You Rather? (BroKen #8)
yQlLKNtrFhM TOILET JUMPSCARE, BEST SCARE - The Cursed Forest #2
yR-0xtFFOqI How to Win at Among Us (100% Effective) // #3
yRzjcY-SrRA DRAWING TOGETHER WITH FANS! - (Fridays With PewDiePie - Part 103)
ySyoESEU5NU Rating James Charles \
yTOn6hrxGE8 Fatal Frame 2 Playthrough Part 5
yTR_fSKgyPI When Minecraft Meets DayZ (Unturned)
yU7kwLYBoPE BEST HORROR GAME EVER!?
yUFsmtGWcfY Amnesia: A Machine For Pigs Scary Moments Montage
yWFZ5PJ0NKs WORLDS GREATEST FROG! (The Amazing Frog)
yWIZpZdpTUw THE DIAMOND PLAYBUTTON (Part 3)
yXPlZLGhBeo GOING THROUGH THE STARGATE? - TTT
yZkFlmHwBps FINAL - Amnesia: Custom Story - Part 4 - Followed By Death (Ch 2)
y_YZWuztuc8 Five Nights At Freddy's - MULTIPLAYER
ycs89_O__IY INDONESIAN HORROR HOTTIES! Dreadout - Act 2 - Part 1
ye5_4R7eUas THE PEWDIEPIE CUP!
yfc4pYRs5T0 E3 2019 Summarized
ygGb3N_Nko4 The last hope for my channel... LWIAY - #0056
ygsAGKgD6Cs Just Die Already with 19 year olds
yh4ZtcLbLeg IT'S SO BEAUTIFUL! - Journey - Part 2
yi7KGA_i2r8 Half Life Alyx (3) is OUT & it's AMAZING! - Full Playthough
ykiwB0vksRA HOW TO KICK PEOPLE! (Divekick)
yncoNo7tr2s We finally play Minecraft! - Minecraft with Marzia - Part 1
yoWYuAaFqt8 PHOTOSHOPING MY GIRLFRIEND! (Fabulizer #2)
yoY5X23KF5s Dying Light - Gameplay - Part 1 PARKOUR MEETS ZOMBIES?
yolLrrSxjiE DONT WATCH! ;_; SCP-087-B (update) - Part 2 - Download Link
yooi6Kv71es Rating/Reacting To Reaction Channels
yp8eVXTKQkc FLAWLESS FREESTYLE! - Dance Central - Poker Face - #3
ypp-2pLME9s BUTTMONSTER -- MOST DISGUSTING BOSS OF ALL TIME -- Catherine -- Part 4
ypxD3WIVu5U SCREAM TO WIN? (Iron Pants)
yrhZcucdLH4 VLOG - Singapore - BROS ARE EVERYWHERE!
ysbRXMC05Qc We might NOT hit 100 MIL because of this... LWIAY #0088
yt80Yu1iPms BOOB SIMULATOR! (Simulator Games) #2
yvvXNe4XUSY Disney Infinity: FAN TOY BOX COMPETITION!
ywr4sgQQXM0 [Horror, Funny] Ju On The Grudge (PC) - ATTACK OF THE DOLPHINS! - Part 9
yyU9leR9KIU I Found The Minecraft Bastion!! - Part 44
yz-EqwKfOXc ASS OF STEEL! - Happy Wheels - Part 29
yz9JaGzcXic I'M BACK! :D - Amnesia: Custom Story - Part 3 - Tricky Minds. Part 1 - Can't Remember, Continuation
yzJokj2gelY DONT Name Change your Horse in Minecraft to this... - Part 13
yzo7HMHFR4c POK√âMON VR // MY CHILDHOOD DREAM COMES TRUE!
yzshoDMBkqE LOGAN PAUL RETURNS  Ì†ΩÌ≥∞ PEW NEWSÌ†ΩÌ≥∞
z-3xIw730pg WORLDS MOST OFFENSIVE GAME? - (Fridays With PewDiePie - Part 73)
z0JuGFUXtJA FROODAY DE 13th!
z1rtviBRNTw Adressing the Rumours..
z3DXN8o_loM FINAL EPISODE (REAL ENDING)  - The Calling Wii - Part 30
z4XpAgDqpSQ Amnesia: Abduction [Custom Story] Part 10
z5qkTlWe6VM The greatest loot in Minecraft. - Minecraft with Jacksepticeye - Part 8
z7jACBLEnQs HARDER THAN DARK SOULS! - PERVERT SIMULATOR 2 #2
z9nyvWE60Tk 92% WONT GET THIS JOKE. ARE YOU THE 9%?  /r/facepalm #11 [REDDIT REVIEW]
z9xVnz3M0Ow I am Knife Flipp Master 2021
zAq74xXeLJg A Normal Day In Sweden...
zBO12dt7tHk Jacksepticeye Slapped Me
zBTO5HeHGYc Top 10 Streamers Caught Cheating
zC3_gjwLHSY World of Tanks / Sweden Invented Tanks
zCY2Gapsstk THIS GAME IS AMAZING! - Life Is Strange - Episode 3 - Full Gameplay!
zEQTvzAdQgI UNDERTALE - Part 4
zFHjZ7U7iS4 I Found The Greatest Tik Tok  [TIKTOK#3]
zFZWWJADtys Stream Fails - Part 2 - Streamers getting TROLLED compilation (not including me)
zGifbSpO4jk POKEMON ADVENTURES! - Happy Wheels - Part 28
zH2J3pluADw I CALL OUT MY #1 HATER!
zHLKeLjKKPk HEARTBEAT SENSOR GOES CRAZY - Amnesia: Custom Story: FEAR AMNESIA - Part 2 (Final)
zHlyLxd6RGU WANNA PLAY WITH HER? - (Emily Wants To Play)
zHzJFPjuRtY SUBSCRIBER COMPETITION 3! - (Fridays With PewDiePie - Part 21)
zJkBlkrrEVw I'm SUEING this Meme for identity Theft! [MEME REVIEW] Ì†ΩÌ±è Ì†ΩÌ±è#71
zK9om3TdvA8 CEPTEN SPERK VS PEOODIEPIE
zLN_kLicAfk HOW MANY FLIPS CAN A PANCAKE? (Happy Wheels #77)
zLfYD2OOtsc Terraria - Part 1- The most REQUESTED game Ive EVER GOTTEN!
zLpVBsvcrAg Tik Tok Survival Training..........................................................................Ì†ΩÌ∏≤
zMWJ5q_V5hQ PEOPLE DIE WHEN THEY GET KILLED / Until Dawn / Part 8
zMkLoaQEb9M HUNTER GOAT // Goat MMO #2
zP4EZVaSK9I WALL-E IN AMNESIA?! - Amnesia: Custom Story - Part 2 - Harmsfuls Wrath
zQ5scEuTgLE Netflix Is Ruining EVERYTHING I LOVE
zQNPaRcvivg Cyberpunk 100% Story No fun Here - Part 4
zQqTCPD5jJI THE WEIRDEST PIZZA.
zTW9GjBW6ho all about the  Ì†ΩÌ±èR E S P E C TÌ†ΩÌ±è  in Japan..Ì†ΩÌ∑æ
zTbnBMqdRHY Are Ghosts Real? (Proof)
zTxxlPGohz0 Minecraft is scary!!! - Part 3
zUGvSZUjGP4 Wtf happened to this channel... (5 Weird Stuff Online - Part 13)
zUHsyK4fylE GMOD MEETS 8BIT! - Thief Town
zVENT2klg6g SUPER SENPAI - Yandere Simulator - Part 9
zW8fpEOOw0w PEWDIEPIE QUIZ 2016
zXXfKN5swzE HEART OF DARKNESS (3)
zXcs6HqVOU8 Resident Evil 8 Village #3 - I HATE BABIES
zYZ1Fd7iH90 PAUSE challenge, EXPOSED  \
zY_HTExRVPk GREATEST SKATER IN THE WORLD! - Skate 3 - Part 3
zZMk2Cjja0w Amnesia: Playthrough Part: 22
zbgxk5OvpcM Unboxing 100 MIL Award 2.0 - LWIAY #00103
zc6iMpaYIUM New Sonic fix leaked
zcq0Ib86J1A PLASMA GUN! PEW PEW PEW PEW PEW PEW DIE! - Doom 3 - Playthrough - Part 11
zczDybwtRTw £òºONFIRMED‚ç£ PewDiePie is in Fortnite. - Season 7 -  LWIAY - #0058
zd2DfuVYqN4 SPOOKIEST GAME EVER?
zd8Yg7wRX7c MY ONLY HOPE TO STOP T SERIES... /r/ANormalDayInRussia/ #20 [REDDIT REVIEW]
zdJPuNEJqKs DRAWING FANFICTIONS #2
zdwY0J3coG0 THE WORST GAME EVER CREATED.
zf5EWJ4Y-3E This Is Bad... - Minecraft Hardcore #12
zgeHTafo9mg PEWDIEPIE IS DEAD
zgemXv32HXo Amnesia: Playthrough Part: 3 - First encounter with the bro
zhaOGcpajeM As Above, So Below: CATACOMBS CHALLENGE - Episode 2 (2)
ziBwc5ZYzl4 VIRTUAL REALITY IN PUBLIC!
zikckiMFlNA DANK PEWDIEPIE SPICY MEMES
zj9HzJqzMoA My fanbase is the absolute worst...
zjZgXw8-Sb0 BRO IS CRYING - Amnesia: Custom Story - Part 4 - The Cruel Ways...
zk4foqmpMHg SCARE PEWDIEPIE 2 - EPISODE 1 (official)
zkZLP8TdYmQ THIS IS PRON. - Bloodborne - Part 7
zkw9aI1-feM every fitness celebrity influencer is lying to you..
zlPxW56jfLU I'm in Italy
zlVSXzSbE_8 WHO WILL LIVE? - Walking Dead: Episode 4: Part 6
zn0y3Opb8Wk Lets Talk About Money.
zoSi3ONCTmU Magicka: SWENGLISH - Part 1
zpWYQ1YtgnI Will Smith hosts Meme Review w/ Elon Musk  [MEME REVIEW] Ì†ΩÌ±è Ì†ΩÌ±è#50
zpn3mA8K9d4 MOST BIZZARRE GAME EVER! (Day 3)
zpsiIMx36kQ MAYA'S BIG DATE
zq5VUWF3fRQ PEWDS VS MARZIA
zqG7gj7NL8s TOILET TIME // 3 Free Games
zrgPbKTh9aY GUESS WHO'S BACK? // Turbo Dismount - Part 3
zsAM4IORGrA WHY DO MY FANS HATE ME?
zsU1SOvKoyg AWESOME SECRET BONUS THINGY - Amnesia: Custom Story - Part 2 - The Small Horse II
zshaLmvbrPM LIKE AN ACTION MOVIE!! - Uncharted 4 - Part 8
zspAWmeHpRo He has to Pick One as WIFE / TLC #13
zsvB_pQUMD4 IT WAS ALL JUST DREAM?! - The Walking Dead: Season 2: Episode 5 - Part 3
zudXXIMUeV4 Why I HATE Ice Age Baby.. [MEME REVIEW] Ì†ΩÌ±è Ì†ΩÌ±è#75
zvZbyUADqd4 dont sh!t your pants rap. (Parappa The Rapper Part 4)
zvpVRTobCC0 Reacting to Winning Most Handsome Face 2020
zwzRqwSSj3M Fear 3 Part 4 | Bitches love to backstab!
zzsveDRFxEA GUITAR SMASHING TIME! - Siren: Blood Curse - Let's Play - Part 6
