--i77mVv01w KANYE ESCORTS CHRISTINE // FALLOUT NEW VEGAS |MIXED SIGNALS|
-1HHQJy0NJQ The Caged Brute // Path of Exile (NO COMMENTARY WALKTHROUGH)
-1xBhBwXeMw Genshin Impact ~ Dragon Storm (NO COMMENTARY)
-3GLqpNMGqk Floor 25 // Beholder 2 (NO COMMENTARY WALKTHROUGH)
-8nnkevLqmA The Ripperdoc // Cyberpunk 2077 (NO COMMENTARY)
-9wDIlIdRJM FOB NOVEMBER // Halo Infinite (NO COMMENTARY WALKTHROUGH)
-A8r2aBVklg Gig, Sr Ladrillo's Private Collection // Cyberpunk 2077 (NO COMMENTARY)
-BezOTgMQSw Shoemaker's Favor (WORLD 6: Inn) // Guardian Tales (NO COMMENTARY WALKTHROUGH)
-HY6fQQJDBc XCOM 2 // OPERATION SILENT VANGUARD
-JEm2nz5fAI MYRIAD // Halo Infinite (NO COMMENTARY WALKTHROUGH) // Halo Infinite (NO COMMENTARY WALKTHROUGH)
-Ja3RdyoGmM Nocturne OP55N1 // Cyberpunk 2077 (NO COMMENTARY)
-Jwxcbojbuc BALKARUS // Halo Infinite (NO COMMENTARY WALKTHROUGH) // Halo Infinite (NO COMMENTARY WALKTHROUGH)
-LDqFit6KK0 Rimworld NO COMMENTARY Beginning Crash To Ending Liftoff ~ Part 25
-Swnod7XG0c Node 1A // SUPERHOT MIND CONTROL DELETE (NO COMMENTARY WALKTHROUGH)
-W9jPTOPdEU TRUMP BELOW THE WALLS // FALLOUT 4 |PRECIPICE OF WAR|
-X4d1xFqgS0 MARRIAGE COUNSELING // GRAND THEFT AUTO V
-Z6MHrmWL14 WOLFENSTEIN: THE NEW ORDER // CHAPTER 10
-Z8O_hyOwOc Traitorous Weaponry // New World (NO COMMENTARY WALKTHROUGH)
-ifxH817NRQ Holdin' On // Cyberpunk 2077 (NO COMMENTARY)
-ixorZXz2H4 QUARANTINE ZONE // Halo 2: Anniversary (NO COMMENTARY WALKTHROUGH)
-oYObDna-BI Call of Duty Warzone Update 1.28:  How to Shrink Game Size By Uninstalling Game Modes (PC)
-pFosKRLFd8 Quadra Type 66 Avenger // Cyberpunk 2077 (NO COMMENTARY)
-qX7A5fcT10 GRAYSCALE AF // CONCLUSE: PART ONE (FREE HORROR GAME)
-r6ZDqF7HwA From Start To A Dyson Swarm ~ The Dyson Sphere Program Part 8 (NO COMMENTARY)
-sL6JOHRnsA Financial District // The Last of Us |Pittsburgh|
-wGS0_NBA6Q Historian Roots // OUTRIDERS (NO COMMENTARY WALKTHROUGH)
00aYQtOmVK0 KANYE, KIDNAPPED! // FALLOUT NEW VEGAS |SIERRA MADRE GRAND OPENING|
02GSVFGt_Jc Diablo Bounty ~ Diablo 3 (NO COMMENTARY)
02Pvx9-5oLY ALBERT FISH: CHILD RAPIST, SERIAL KILLER, AND CANNIBAL |PSYCHOPATHS|
034RZW_Q8Hc Gig, Cuckoo's Nest // Cyberpunk 2077 (NO COMMENTARY)
03i3bE_903g ACT 1: Main Quests // Dead Island
06S_qRhSfLU From Start To A Dyson Swarm ~ The Dyson Sphere Program Part 2 (NO COMMENTARY)
0AAN3odh5zo What a Mess, Clear the Mold // CONTROL NO COMMENTARY
0Avg_gtDH8c The Crystal Tower ~ The Elder Scrolls Online
0CcR7bLNRn0 FUCKIN DRIVING WITH TIGERS ARE SCARY // SAINTS ROW THE THIRD |EYE OF THE TIGER + TIGER'S ESCORT|
0F-hBh3prCE Intruders in Black // Path of Exile (NO COMMENTARY WALKTHROUGH)
0F5Vo3gKWFM Dying Wish // OUTRIDERS (NO COMMENTARY WALKTHROUGH)
0HOEpZWdxQM KANYE NAVIGATES THE DEPTHS // FALLOUT NEW VEGAS |THE DIVIDE|
0HSLqiqhyl4 ACT 1: PASSPORT TO LIFE + EXODUS // DEAD ISLAND
0Ljsh6kuuJo KANYE IN SPY TRAINING // FALLOUT NEW VEGAS |PROJECT X-13|
0O2JpFOu6eA TRUMP FOILS THE HEIST // FALLOUT 4 |THE BIG DIG|
0RH4JIgEgBw INSIDE // Full Game Walkthrough
0TLKb4_3itE The Source of the Oasis (WORLD 2: TEATAN KINGDOM) // Guardian Tales (NO COMMENTARY WALKTHROUGH)
0VLif0oVou4 Belly of the Beast // Cyberpunk 2077 (NO COMMENTARY)
0VmW5TGEktg Dead Secret // Part 3-Ending
0WTFxbyWX-o Wasting Away  ~ The Elder Scrolls Online
0bMdkL3k1Vs A Necessary Alliance // The Elder Scrolls Online
0cl3J5XLwG8 Historian   Vision // OUTRIDERS (NO COMMENTARY WAKTHROUGH)
0fEqfE2Ix0Y THE SILENT AGE // CHAPTER FOUR: THE ENTRY
0hn1FlaZh8Q Slaver's Bounty // Wasteland 3 (NO COMMENTARY WALKTHROUGH)
0koWeLQUy8w WOLFENSTEIN: THE NEW ORDER // CHAPTER 5
0nV6d3_UV9w Fairy's Mischief (WORLD 6: Inn) // Guardian Tales (NO COMMENTARY WALKTHROUGH)
0oY3NU5s-GU Broodhold // Destiny 2 NO COMMENTARY
0q6HUzCvZrg The Gun // Cyberpunk 2077 (NO COMMENTARY)
0sqMDJAc56I JIMMY IS KINDA COOl // SAINTS ROW THE THIRD |SEND IN THE CLONES|
0v0_XpWpoBU GRAVEMIND // Halo 2: Anniversary (NO COMMENTARY WALKTHROUGH)
0vgFAJZeuHk The Nilfgaardian Connection (Part One) // The Witcher III
0yIe7zUwoQE WATCHDOGS ~ Part 8 (NO COMMENTARY)
0zupZo5QTbw Search and Destroy // Cyberpunk 2077 (NO COMMENTARY)
12A2Cj2muo4 Training   Dish Destruction // Just Cause 4 (NO COMMENTARY WALKTHROUGH)
17AlEqbNMAE Reclamation Day // Fallout 76 (NO COMMENTARY WALKTHROUGH)
18ZujgO0rP4 KONA // Part One
19yaSSt08Ic WATCHDOGS ~ Part 4 (NO COMMENTARY)
1DVTeH7tgno The Long Tomorrow // THE OUTER WORLDS
1Ezn0tA4veg REPOSSESSION // GRAND THEFT AUTO V
1F9D_4EnAbI Innuit Village (WORLD 8: Mt Shivering) // Guardian Tales (NO COMMENTARY WALKTHROUGH)
1JF55UpHrJs Cooking Appointment // Genshin Impact (NO COMMENTARY)
1Mzuyplto0c Inn Passage 1 (WORLD 6: Inn) // Guardian Tales (NO COMMENTARY WALKTHROUGH)
1Nv_f1o3yt4 Cyberpsycho Sighting, Phantom of Night City // Cyberpunk 2077 (NO COMMENTARY)
1ODkUnBUfwc TRUMP GOES BACK IN TIME // FALLOUT 4 |THE MEMORY DEN|
1QSBsYu_Pok The Walking Dead: The Final Season // EP 2 |Suffer The Children|
1Qc3ATeg4KI Bad North // Mollan
1RXGS51Y_S8 Redstone Mines ~ Minecraft Dungeons (NO COMMENTARY)
1Tw6CIiKT_c Second Conflict // Cyberpunk 2077 (NO COMMENTARY)
1UWjT0j_1l0 City of Blood ~ Diablo 3 (NO COMMENTARY)
1bT86GbZKes CRYSTAL MAZE // GRAND THEFT AUTO V
1cm36zee4qc Unexpected Allies ~ Diablo 3 (NO COMMENTARY)
1drWvmarsWo Old Boys' Club // CONTROL (NO COMMENTARY)
1ek1IN01hyE Culling Serpents and Lost at Sea ~ The Elder Scrolls Online
1kcqhbDeMyM Winter Preparations // Lost Ark (No Commentary Walkthrough)
1lCVawES2B8 DISCERNING THE TRANSMUNDANE // THE ELDER SCROLLS V: SKYRIM
1n_toc5lGqM Floor 12 // Beholder 2 (NO COMMENTARY WALKTHROUGH)
1o2RRbIIGCg THE PURSUIT // THE ELDER SCROLLS V: SKYRIM
1qIkxmQIQ5I ACT 2 Leshy, The Scrybe of Beasts // Inscryption (NO COMMENTARY WALKTHROUGH)
1qhPdkUTh2c Between Innkeeps // New World (NO COMMENTARY WALKTHROUGH)
1r3Unhm0AdE Kim Kardashian West As A Pizza Delivery Guy
1st3IXFtVEk LAYERS OF FEAR 2 // Act 1: The Unmooring
1vY0XkxGeBQ Rimworld NO COMMENTARY Beginning Crash To Ending Liftoff ~ Part 9
1xEwxQVn6wE Gig, Greed Never Pays // Cyberpunk 2077 (NO COMMENTARY)
1xeNOykmFMY The Broken Spearhead // The Elder Scrolls Online
1xmoFoswg60 THE SILENT AGE // CHAPTER ONE: THE PRESENT
1y2NEUanqSI Cinema Verite // Wasteland 3 (NO COMMENTARY WALKTHROUGH)
24pHmBIvqx8 Valheim - Start to Eikthyr SOLO (Part 1)
25snXottI_Y Type 66 640 TS // Cyberpunk 2077 (NO COMMENTARY)
2GxG1oCSW9g A New Disease // Lost Ark (No Commentary Walkthrough)
2Hw7ebFbDao GIVING DEAD HEAD, DOGGYSTYLE: RIP WALTER :'(  // THE WALKING DEAD: S1|E4|P1
2Sz77maDw-g PREY // PART 15
2UT2WSyzMAw What a Mess, Clear the Clog // CONTROL NO COMMENTARY
2ZcZSMvkGzM Funeral Pyres // The Witcher III
2bCXKANNczE Bad North // Sark
2eK0Iwm8Zok Judgement // OUTRIDERS (NO COMMENTARY WAKTHROUGH)
2eRKC0u-Pro CHAPTER 10: QUESTIONABLE ETHICS // HALF LIFE : BLACK MESA
2jWcaUmspzE XCOM 2 // OPERATION FORGOTTEN KNIFE
2pTp_5DMd0Y The Rescue // Cyberpunk 2077 (NO COMMENTARY)
2vCnyjqaTeM Gig, Lousy Kleppers // Cyberpunk 2077 (NO COMMENTARY)
3-gdcEGa9ZE THE DINNER // Beyond Two Souls (NO COMMENTARY WALKTHROUGH)
3-lNZEJvvNA CHAPTER 1: ANOMALOUS MATERIALS // HALF LIFE : BLACK MESA
3-m4sOmirk4 The Chimerist's Last Experiment // THE OUTER WORLDS
31Ixps_c-xg MY IMAGINARY FRIEND // Beyond Two Souls (NO COMMENTARY WALKTHROUGH)
31pS056b6Cs Gig, Eye for an Eye // Cyberpunk 2077 (NO COMMENTARY)
37XUz4nGRPw XCOM 2 // OPERATION BURIED HYMN
3CdYTanqWgw Rimworld NO COMMENTARY Beginning Crash To Ending Liftoff ~ Part 42
3HCnPmXEbwQ Jurassic World: Evolution (NO COMMENTARY)
3LI4cNd8_ls KANYE BRINGS THE GUN SHOW // FALLOUT NEW VEGAS |GHOST TOWN GUNFIGHT|
3NfG_xr1lKM Node 1B // SUPERHOT MIND CONTROL DELETE (NO COMMENTARY WALKTHROUGH)
3Nvuf1ooZ5I Gig, Family Heirloom // Cyberpunk 2077 (NO COMMENTARY)
3UKZZHQlWes Machine Gun // Cyberpunk 2077 (NO COMMENTARY)
3WFmtI9dDVc Oasis (WORLD 4: Desert of Madness) // Guardian Tales (NO COMMENTARY WALKTHROUGH)
3WZqGS8jY74 INDIANA SQUAD // Halo Infinite (NO COMMENTARY WALKTHROUGH)
3fzO0sEcLRs DARKNESS RETURNS // THE ELDER SCROLLS V: SKYRIM
3hCclx3LjxA Missing Warriors // Lost Ark (No Commentary Walkthrough)
3i17OnchZyU Elf on a Shelf // Wasteland 3 (NO COMMENTARY WALKTHROUGH)
3iYSW-3TUuo Gig ~ Occupational Hazard // Cyberpunk 2077 (NO COMMENTARY)
3kQWkOc6U18 Humanity // OUTRIDERS ENDING (NO COMMENTARY WALKTHROUGH)
3map-XysxdY Bad North // Kunoy
3ntwWXKLnKQ Gig, A Lack of Empathy // Cyberpunk 2077 (NO COMMENTARY)
3oJgo2mm5A8 Keen Sword // Lost Ark (No Commentary Walkthrough)
3p8rZrGd-E0 Bound by Blood (NO COMMENTARY)
3r3iyEoNpTY Amateur Chef Neria // Lost Ark (No Commentary Walkthrough)
3s3o6qg7eT0 Cyberpsycho Sighting, Under The Bridge // Cyberpunk 2077 (NO COMMENTARY)
3skRQLdrhBA WOLFENSTEIN: THE NEW ORDER // CHAPTER 15
42Lka94Y4Hg Curinure's Invitation ~ The Elder Scrolls Online (NO COMMENTARY)
43K9JfntT_Q ACT 1 Prospector // Inscryption (NO COMMENTARY WALKTHROUGH)
43S30mTBHFA Turning Pewdiepie Into Guy Fieri
45JMMvyngWI MAN OF MEDAN // Part Four (FINALE)
46fgABcc5IU The Traffic Light Langston's Runaways // CONTROL NO COMMENTARY
47mSqc-hItk ACT 1 ENDING, ACT2 BEGINNING // DEAD ISLAND
481TIrcjLaw Gjadil's Legacy ~ The Elder Scrolls Online (NO COMMENTARY)
4E9TNaaRBlA 11BREAK // SUPERHOT (NO COMMENTARY WALKTHROUGH)
4ELgOkSRKLM Rimworld NO COMMENTARY Beginning Crash To Ending Liftoff ~ Part 27
4FRqAZoJAbk The Triune Reborn Bounty ~ Diablo 3 (NO COMMENTARY)
4FfiqD0efnw Mondstat Glider // Genshin Impact (NO COMMENTARY)
4FhvCc2a9zw Taste of Honey // New World (NO COMMENTARY WALKTHROUGH)
4IHOepFUd6k A Suspicious Collection // Lost Ark (No Commentary Walkthrough)
4IPm_DiNs24 Innocent Scoundrel  // The Elder Scrolls Online
4KgwgBNFJAo PREY // PART 13
4KsOemzyfbA MAN OF MEDAN // Part Three
4NzG2_P02iw PROLOGUE and THE EXPERIMENT // Beyond Two Souls (NO COMMENTARY WALKTHROUGH)
4PD3vH3oZKQ REQUIEM // Halo 4 (NO COMMENTARY WALKTHROUGH)
4QnTqtODiSg Gig, Tyger, and Vulture // Cyberpunk 2077 (NO COMMENTARY)
4QqsUinjO5Y Virtual Morality // Episode 1: Who Killed Teddy Long?
4Rg_jWWEc10 THE JAGGED CROWN // THE ELDER SCROLLS V: SKYRIM
4ULBvaQo_F8 To Zagoras Fortress // Lost Ark (No Commentary Walkthrough)
4UfLxS1rrNk KONA // Part Five (ENDING)
4VjffJPnTiI XCOM 2 // OPERATION IRON DRAGON
4_Slm9ICHls The Moral Machine // aka how a perfect machine acts
4eNBe-jn_68 Ghost Town // Cyberpunk 2077 (NO COMMENTARY)
4ii2dCPQXdc The Woods // The Last of Us |Bill's Town|
4lNfR16SJfE Sinnerman // Cyberpunk 2077 (NO COMMENTARY)
4mBuPa51CWc The Elusive Crane // Fallout 76 (NO COMMENTARY WALKTHROUGH)
4o2NYTRoHro Spiritfarer // Part One (NO COMMENTARY)
4qBvhRv17kQ The Plagues Source // Lost Ark (No Commentary Walkthrough)
4rY-oWphaYc 32CORE // SUPERHOT (NO COMMENTARY WALKTHROUGH)
4voM6lJn8Jk Quarex's Hellacious Journey // Wasteland 3 (NO COMMENTARY WALKTHROUGH)
4x4UCX6Qpp8 BLUEBELL SQUAD // Halo Infinite (NO COMMENTARY WALKTHROUGH)
4xQmvGMCNkU Hunter Typhon // OUTRIDERS (NO COMMENTARY WALKTHROUGH)
4xzRXahe2pA Deliver My News // Lost Ark (No Commentary Walkthrough)
4yHbfybU07g Mt Shivering Passage 4 (WORLD 8: Mt Shivering) // Guardian Tales (NO COMMENTARY WALKTHROUGH)
4zKhbiUAZAI Cyberpsycho Sighting, Smoke on The Water // Cyberpunk 2077 (NO COMMENTARY)
4zzDPaQEh2Q Wayward Souls // Fallout 76 (NO COMMENTARY WALKTHROUGH)
535JHLs73KQ The Moving Letters Langston's Runaways // CONTROL NO COMMENTARY
53pmsq5cBlI Tablet of Revelations // Lost Ark (No Commentary Walkthrough)
56ciaq-YqMI Who Goes There // THE OUTER WORLDS
572atKEUqRo Node 2 // SUPERHOT MIND CONTROL DELETE (NO COMMENTARY WALKTHROUGH)
57QDM7BTKJM Rimworld NO COMMENTARY Beginning Crash To Ending Liftoff ~ Part 3
57ZjhuJzIzE Cherish Your Books // Lost Ark (No Commentary Walkthrough)
590_bm1aW4w The Priest // Lost Ark (No Commentary Walkthrough)
5BzN1SqZRRo KINGDOM OF LOATHING // CHAPTER 1: IT BEGINS
5Ck2cL3EmEA Predator to Prey // OUTRIDERS (NO COMMENTARY WALKTHROUGH)
5EQuD6BPdyU FIRST INTERVIEW // Beyond Two Souls (NO COMMENTARY WALKTHROUGH)
5GFY7hUAK3E Top Floor - ALL ENDINGS // Beholder 2 (NO COMMENTARY WALKTHROUGH)
5GRLoDxmu3Y Blood and Iron Bounty ~ Diablo 3 (NO COMMENTARY)
5GWo1_OMp84 Dungeon's Little Kitchen (WORLD 3: MAGIC SCHOOL) // Guardian Tales (NO COMMENTARY WALKTHROUGH)
5J1BmR4wGUI KANYE MEETS UP WITH DEAN DOMINO // FALLOUT NEW VEGAS |FIND COLLAR 14: DEAN DOMINO|
5LBEZEZtJ-s The Walking Dead: The Final Season // EP 3 |Broken Toys|
5OZ838EonVY Lowest Floor of the Dungeon (WORLD 7: Dungeon Kingdom) // Guardian Tales (NO COMMENTARY WALKTHROUGH)
5QzvrvRxr9w HACKER v HACKER // SAINTS ROW THE THIRD |HTTP://DECKERS.DIE|
5ReQ-a57cg8 Symbiosis // Borderlands 2
5SpyfFONcyo Way Into Mt Shivering (WORLD 8: Mt Shivering) // Guardian Tales (NO COMMENTARY WALKTHROUGH)
5Tjd52cj_cs XCOM 2 // OPERATION LAZY DREAM
5UNcT9qhRVI Hurdle // Genshin Impact (NO COMMENTARY WALKTHROUGH)
5UOD6iMKGR0 Hunter Sandsifter // OUTRIDERS (NO COMMENTARY WALKTHROUGH)
5adToLApR8A LAYERS OF FEAR 2 // Act 2: The Hunt
5dKxRUxGbug TRUMP BREAKS UP GANG // FALLOUT 4 |TO THE MATTRESSES 1|
5dWG9r2k1QU The Foundation // CONTROL NO COMMENTARY
5eAnkZ3Z5Es Big in Japan // Cyberpunk 2077 (NO COMMENTARY)
5fUuCuO7JFQ The Distress Signal // THE OUTER WORLDS
5iAd2qmoreY Engineer Rescue (WORLD 2: TEATAN KINGDOM) // Guardian Tales (NO COMMENTARY WALKTHROUGH)
5jBdCfOS7B8 Gig, Life's Work // Cyberpunk 2077 (NO COMMENTARY)
5lT741PC-aI Ladiez Love Flamethrowers // Party Hard Tycoon
5mnLV1I7H_4 Finnish Tango // CONTROL NO COMMENTARY
5nBlpUvOiWU Rimworld NO COMMENTARY Beginning Crash To Ending Liftoff ~ Part 29
5qW1o4F_xmw Aicessar's Invitation ~ The Elder Scrolls Online (NO COMMENTARY)
5rwZo1Dd_Wk Enigma Spy Adventure // Level 2 - Forest
5ssvZQ2E1Tc We Gotta Live Together // Cyberpunk 2077 (NO COMMENTARY)
5xEvcsjNBLk WEST OF LOATHING // PART FOUR: HELPING THE MAYOR
645VlywUQTs REPOSITORY // Halo Infinite (NO COMMENTARY WALKTHROUGH) // Halo Infinite (NO COMMENTARY WALKTHROUGH)
68twH1i5SFY WHOLE LOTTA WOUNDAGE // THE WALKING DEAD | SEASON 2 | EPISODE 5
69PDl8V1j2A The Black Soulstone ~ Diablo 3 (NO COMMENTARY)
69XUU9XBms4 Episode Two // Captive Audience
6B2Gsvw19UU Graveyard Keeper // 9.5 Hours No Commentary
6Boax_uMkKY 32LONGWAY // SUPERHOT (NO COMMENTARY WALKTHROUGH)
6CkSUQ3VPMk defall hack // SUPERHOT MIND CONTROL DELETE (NO COMMENTARY WALKTHROUGH)
6EGFr40Q158 Genshin Impact ~ Sharpening the Axe Wont Hinder the Work (NO COMMENTARY)
6GAWjmsf0_g The Gift // Cyberpunk 2077 (NO COMMENTARY)
6JB53LE1V88 Play It Safe // Cyberpunk 2077 (NO COMMENTARY)
6Jy4_iq9lzs Temtem // Beginning to Badge One
6NnCG7VqPTA SIMULACRA // Part Three (ENDING)
6P9L6dNNC30 PLAYING WITH SEMEN // THE GREAT SPERM RACE
6RkABnVc3gM Angel of Death ~ Diablo 3 (NO COMMENTARY)
6SI3QKLObQs Level 6 (TOWER) // Guardian Tales (NO COMMENTARY WALKTHROUGH)
6Sk6E1T4iLs CHALLENGE 1 // BLOCK'HOOD |IT'S ALL ABOUT THE WATER| (EARLY ACCESS)
6T7E1wU779Q COURIER SQUAD // Halo Infinite (NO COMMENTARY WALKTHROUGH)
6VncpAtB35U BIKINI GIRL FUCKS HIM UP!! // SAINTS ROW THE THIRD |3-COUNT BEATDOWN|
6WujYzI0qMs BULB BOY // COMPLETE PLAYTHROUGH
6_oU2ZM_viI Quiet Teatan Village (WORLD 2: TEATAN KINGDOM) // Guardian Tales (NO COMMENTARY WALKTHROUGH)
6aYIuYE3wVo 30GATE // SUPERHOT (NO COMMENTARY WALKTHROUGH)
6ak-YWknpsA Hunter for Hire // Fallout 76 (NO COMMENTARY WALKTHROUGH)
6ayTYjAqXn8 CROWS NEST // Halo 3 (NO COMMENTARY WALKTHROUGH) // Halo 2: Anniversary (NO COMMENTARY WALKTHROUGH)
6cRgv627-6I Welcome to Pridehome // Lost Ark (No Commentary Walkthrough)
6gTgq96sy5Q GUILTY AF // HER STORY
6iKy2YPA8LM Operation Tonga // Call of Duty Vanguard (NO COMMENTARY WALKTHROUGH)
6jG-soRr5U0 Astillero Blackout // Just Cause 4 (NO COMMENTARY WALKTHROUGH)
6nvwDLDuILI To Morai // Lost Ark (No Commentary Walkthrough)
6oEwCWbNNr8 Happiness is a Warm Spaceship // THE OUTER WORLDS
6qHc-dsG5DE ALONE // Beyond Two Souls (NO COMMENTARY WALKTHROUGH)
6qUAY18nRkQ Windmill Repair // Lost Ark (No Commentary Walkthrough)
6teAmdWz-4M A New Alliance ~ The Elder Scrolls Online
6u7bQncOOwg WATCHDOGS ~ Part 1 (NO COMMENTARY)
70sslOazhCE SpratKings // THE OUTER WORLDS
72gRNG5uCoo MOURNING NEVER COMES // THE ELDER SCROLLS V: SKYRIM
74bw3LQ6km4 The Sceptre of God // Path of Exile (NO COMMENTARY WALKTHROUGH)
74fCmrAUgFs First Things First // Lost Ark (No Commentary Walkthrough)
751ceQCYU4g XCOM 2 // OPERATION GOLD STAR
79rWqsYiQSQ Gig, Fifth Column // Cyberpunk 2077 (NO COMMENTARY)
7ATu69WKPMo Last Diary (WORLD 3: MAGIC SCHOOL) // Guardian Tales (NO COMMENTARY WALKTHROUGH)
7Cr00LTG9nY ACT 2 Grimora the Scrybe of the Dead // Inscryption (NO COMMENTARY WALKTHROUGH)
7DSBIpkAEbA \
7DSzMbENsL4 XCOM 2 // OPERATION REBEL CRONE
7Gj6BjBLjWw Sins of Our Fathers // OUTRIDERS (NO COMMENTARY WALKTHROUGH)
7Meya4GUPHU SELLING CORPSE MEAT?? // Sheltered |Week 5| EARLY ACCESS
7Ovg5_SgiZk The Walking Dead: A New Frontier // Ep 5 |ENDING|
7VrMRljqCec The Village with a Lake // Lost Ark (No Commentary Walkthrough)
7WnVTBVonGQ Sewers // The Last of Us |The Suburbs|
7gPvV1Tfl5o Transmission // Cyberpunk 2077 (NO COMMENTARY)
7nnOW6G0fjw ASTRONEER // No Commentary (NO COMMENTARY)
7pDSgrPxCZQ Rimworld NO COMMENTARY Beginning Crash To Ending Liftoff ~ Part 13
7plHbDoqPs8 Resistance Headquarters (WORLD 10: Unrecorded World) // Guardian Tales (NO COMMENTARY WALKTHROUGH)
7q7dxBLy5yg Outside // The Last of Us |The Outskirts|
7qObnkXDaPw FORTUNE SQUAD // Halo Infinite (NO COMMENTARY WALKTHROUGH)
7qV0KP0NJ4A Souls of the Dead ~ Diablo 3 (NO COMMENTARY)
7s6pUI5aSUQ Like Moths To A Candle  // The Elder Scrolls Online
7vkLWgx1tAE NEXUS // Halo Infinite (NO COMMENTARY WALKTHROUGH) // Halo Infinite (NO COMMENTARY WALKTHROUGH)
7wtgfxICWVY FIRE IN THE BUNKER // Sheltered |Week 6| EARLY ACCESS
7yzbJ0IjIx4 TRUMP ESCAPES THE BUNKER // FALLOUT 4 |OUT OF TIME|
7zhGfY_XliA Epistrophy ~ Rancho Coronado // Cyberpunk 2077 (NO COMMENTARY) // Cyberpunk 2077 (NO COMMENTARY)
83nvuxI_Rng After the Storm // Genshin Impact (NO COMMENTARY WALKTHROUGH)
88BGnfGukgs Ganthar the Trickster Bounty ~ Diablo 3 (NO COMMENTARY)
89eDp7cW7yo CHALLENGE 4 // BLOCK'HOOD |AQUACULTURE| (EARLY ACCESS)
89tSi1LHW2s Garland Kings New Star // Just Cause 4 (NO COMMENTARY WALKTHROUGH)
8F0HQ1V3vPs To Medrick Monastery // Lost Ark (No Commentary Walkthrough)
8Fp70wu5kDk RONIN MISSION: BLEEDING OUT // Saints Row 2
8IZWuvji-U0 The Rest of the Crew // New World (NO COMMENTARY WALKTHROUGH)
8McAD6ik9hc Genshin Impact ~ Going Upon The Breeze (NO COMMENTARY)
8Mqwk2WE3hg Means of Livelihood // Lost Ark (No Commentary Walkthrough)
8Qg88RiMa5Q HARPOON SQUAD // Halo Infinite (NO COMMENTARY WALKTHROUGH)
8XvnZCRjnL8 This Town Aint Big Enough // Borderlands 2 (NO COMMENTARY WALKTHROUGH)
8aq_oz2dnZY ACT 3 The Painter // Inscryption (NO COMMENTARY WALKTHROUGH)
8c8CcyxEOEc 26STAIR // SUPERHOT (NO COMMENTARY WALKTHROUGH)
8ctR3spO9Y0 Shielded Favors // Borderlands 2
8dR6gh8er5Q Spreading Evil // Genshin Impact (NO COMMENTARY)
8jIar558Y9U Cyberpsycho Sighting ~ Bloody Ritual // Cyberpunk 2077 (NO COMMENTARY)
8jr7Od0ir5M KANYE HEARS OUT THE ROBOT // FALLOUT NEW VEGAS |HE CAME...AND WENT|
8lSg9brNsZs Blindsided // Borderlands 2
8m_BRpiVARE BLOOD ON THE ICE // THE ELDER SCROLLS V: SKYRIM
8oTtwp5OKGw The Wolf's Den ~ Call of Duty Modern Warfare
8pb3BZy4utc Old Comrades ~ C𠂺​l​l​ ​o𠂿​ 𠂽​u​t​y​ M​o𠂽𠂾​r​n​ ​W𠂺​r𠂿𠂺​r𠂾​ (NO COMMENTARY)
8qfzjTCQEQg Slaughterhouse Clive // THE OUTER WORLDS
8r5qAM7hDCM Gig, The Union Strikes Back // Cyberpunk 2077 (NO COMMENTARY)
8s9pqqFUmmw A Real Game About Eating Disorders // Shrinking Pains
8teVH4KF3eY THE HORN OF JURGEN WINDCALLER // THE ELDER SCROLLS V: SKYRIM
8vRIiDfDKIE Unknown Dungeon (WORLD 1: KANTERBURY FOREST) // Guardian Tales (NO COMMENTARY WALKTHROUGH)
8xKzKqNz6jQ They Won't Go When I Go // Cyberpunk 2077 (NO COMMENTARY)
9-6HxlHm-6M \
9-ZzSH8bHjg The Light of Hope ~ Diablo 3 (NO COMMENTARY)
90GKwwZrpI0 EPILOGUE // Halo 3 (NO COMMENTARY WALKTHROUGH) // Halo 2: Anniversary (NO COMMENTARY WALKTHROUGH)
91214PyG8yU TRINITY RESTORED // THE ELDER SCROLLS V: SKYRIM
93xbbQMNWQE Cleaning up the Berg // Borderlands 2 (NO COMMENTARY WALKTHROUGH)
94WJR1zJpZM From Start To A Dyson Swarm ~ The Dyson Sphere Program Part 7 (NO COMMENTARY)
96N8Moa2JGU Gig, Bloodsport // Cyberpunk 2077 (NO COMMENTARY)
97FQ9T1EGxA Magic School Passage 3 (WORLD 3: MAGIC SCHOOL) // Guardian Tales (NO COMMENTARY WALKTHROUGH)
97p-XbOkEzo Relic Collection // Lost Ark (No Commentary Walkthrough)
99aReUxlzR0 Cremating Flames // Lost Ark (No Commentary Walkthrough)
99viatjf-LY KANYE SAVES SCIENCE // FALLOUT NEW VEGAS |OLD WORLD BLUES|
9BPD2mdEog4 Polaris // CONTROL NO COMMENTARY
9C5J1TvVYsA All Along The Watchtower // Cyberpunk 2077 ENDING (NO COMMENTARY)
9Ds0d3rbqM4 Machines of War ~ Diablo 3 (NO COMMENTARY)
9ERcyrP7R8o ANNEX RIDGE // Halo Infinite (NO COMMENTARY WALKTHROUGH)
9EjRuXGPGRg Fiery Dust // Path of Exile (NO COMMENTARY WALKTHROUGH)
9FtSJUFOnt4 The Fall of Westmarch ~ Diablo 3 (NO COMMENTARY)
9GS62P_bjPk Rise of Insanity // Part Six (Ending)
9IjtzB0fQcY ACT 1: Sidequests// Dead Island
9NfbEy-7qNA THE SILENT AGE // CHAPTER SIX: THE ISLAND
9O06HFP3Jzo DEATH INCARNATE // THE ELDER SCROLLS V: SKYRIM
9P-6F8K4WIM 05SUBWAY // SUPERHOT (NO COMMENTARY WALKTHROUGH)
9QjHBiMWPYo The Fellowship of the Dungeon (WORLD 7: Dungeon Kingdom) // Guardian Tales (NO COMMENTARY)
9SLVpFkmEYE WE SMOKE EM // SAINTS ROW THE THIRD |TRAIL BLAZING|
9VBdk5uU2tY CRY WOLF // THE WOLF AMONG US |EPISODE FIVE: ENDING|
9WZh42icnGo With A Little Help From My Friends // Cyberpunk 2077 (NO COMMENTARY)
9YGappv_GZ0 Handsome Jack Here // Borderlands 2 (NO COMMENTARY WALKTHROUGH)
9Yws7BFt5bY CASING THE JEWEL STORE // GRAND THEFT AUTO V
9_Zf3IW6sYk ARTHOC // Halo Infinite (NO COMMENTARY WALKTHROUGH) // Halo Infinite (NO COMMENTARY WALKTHROUGH)
9_nmnAQTrxI 17ELEVAT // SUPERHOT (NO COMMENTARY WALKTHROUGH)
9c599w_OVoo From Start To A Dyson Swarm ~ The Dyson Sphere Program Part 9 (NO COMMENTARY)
9dmWPaixDx4 Shion Coyote // Cyberpunk 2077 (NO COMMENTARY)
9hs350SkWTk KANYE GETS THE GIRL // FALLOUT NEW VEGAS |GUESS WHO I SAW TODAY|
9iBppxddfDc Breaching the Fortress ~ Diablo 3 (NO COMMENTARY)
9iugrPpX4-k Redlight, Greenlight // Call of Duty Black Ops Cold War NO COMMENTARY
9kTQ5CJDt9g Kaeyas Gain // Genshin Impact (NO COMMENTARY)
9qNk36NmWio Song for a Hero // Lost Ark (No Commentary Walkthrough)
9qijUsguLtY LIKE OTHER GIRLS // Beyond Two Souls (NO COMMENTARY WALKTHROUGH)
9qv6k7heZf4 Automatic Love // Cyberpunk 2077 (NO COMMENTARY) // Cyberpunk 2077 (NO COMMENTARY)
9rtSDCwJLz4 Genshin Impact ~ Forest Rendezvous (NO COMMENTARY)
9u7bljI1NPs Wanted: Lieutenant Kugo // Lost Ark (No Commentary Walkthrough)
9uj7nMAsDgI Enigma Spy Adventure // Level 2 - Namslau
9xp-ol4oxHw The Invisibility Cloak (WORLD 3: MAGIC SCHOOL) // Guardian Tales (NO COMMENTARY WALKTHROUGH)
9znr0Y5xRUs Numa Numa Trail // Call of Duty Vanguard (NO COMMENTARY WALKTHROUGH)
A-kJoOoY46A Training   Special Delivery // Just Cause 4 (NO COMMENTARY WALKTHROUGH)
A1yNt0NZDu0 Babylon // OUTRIDERS (NO COMMENTARY WALKTHROUGH)
A2wDMd8Gn3c Belated Help // Lost Ark (No Commentary Walkthrough)
A3YTWDqTXP0 CHAPTER 3: OFFICE COMPLEX // HALF LIFE : BLACK MESA
A4DcILx5nS0 City of Shen Passage 2 (WORLD 5: City of Shen) // Guardian Tales (NO COMMENTARY WALKTHROUGH)
A59eUqBXjFA Bad North // Fair Isle
A6gLejk5L7I MAIZE // PART FOUR: THE END
ACFqOqETH5g Rise of Insanity // Part Three
AGx2xqeEz2E WHERE YOU HANG YOUR ENEMY'S HEAD... // THE ELDER SCROLLS V: SKYRIM
AK9wYKHgwuY Demons in Pridehome // Lost Ark (No Commentary Walkthrough)
AKAFcABa7BM Flowers for Sebastian // THE OUTER WORLDS
ALtUGVDE_9o Fallen Guardians (WORLD 1: KANTERBURY FOREST) // Guardian Tales (NO COMMENTARY WALKTHROUGH)
ANBQtO8uKKE ARRIVAL // Halo 3 (NO COMMENTARY WALKTHROUGH) // Halo 2: Anniversary (NO COMMENTARY WALKTHROUGH)
AS0rS5VWPGQ Shoot to Thrill // Cyberpunk 2077 (NO COMMENTARY) // Cyberpunk 2077 (NO COMMENTARY)
AUBPHzsZSSs Rise of Insanity // Part Two
AWP4w233AM4 Stories Among Ships // New World (NO COMMENTARY WALKTHROUGH)
AX1CAdc0GHs Way of Salvation // ACT 2 Chapter 5 |Dead Island|
AcJFbEDyZxo Accidental Casuality // Just Cause 4 (NO COMMENTARY WALKTHROUGH)
AdNnXOgc0TE Stalingrad // Call of Duty Vanguard (NO COMMENTARY WALKTHROUGH)
AevHTQuymFA PREY // PART 6
Ah8M9qe-SAA The Temple of No // Crows, Crows, Crows
AiX88HvUvK4 Rimworld NO COMMENTARY Beginning Crash To Ending Liftoff ~ Part 32
AioFjSt4lPo do they take my insurance?? // PERFECTION
AjxcbXwLgTk Node 0 // SUPERHOT MIND CONTROL DELETE (NO COMMENTARY WALKTHROUGH)
AkK9WJAfCG4 Bad North // Crunch
AlHkSognndA The Final Station // Part 2
Am3NZ6C0NsI Sally Face // Episode One: Strange Neighbors
AmsnLybV410 The Streetkid // Cyberpunk 2077 (NO COMMENTARY)
AovHQLkqi5c CHAPTER 9: RESIDUE PROCESSING // HALF LIFE : BLACK MESA
ArT0Le32EN0 Hunted Oreyard Queen // OUTRIDERS (NO COMMENTARY WAKTHROUGH)
AtPxKz0nfAw CRAZY HOT CHICK SMASHES PEOPLE // SAINTS ROW THE THIRD |SEXY KITTEN YARNGASM|
AtiTE8kjaeM The Hukynd's Heart ~ The Elder Scrolls Online (NO COMMENTARY)
Ax2W-1XWKak Brick In The Wall // Call of Duty Black Ops Cold War NO COMMENTARY
AyyILzZyQMA Chapter 3, GABOS  -  Prison Architect (NO COMMENTARY)
B3ApLlvSy2k Detour // OUTRIDERS (NO COMMENTARY WAKTHROUGH)
B4l5vYnWRTU Heads or Tails // Wasteland 3 (NO COMMENTARY WALKTHROUGH)
B6db119CgdE Old Growth // CONTROL NO COMMENTARY
BFdl-oT91Fk Court Back Side (WORLD 8: Mt Shivering) // Guardian Tales (NO COMMENTARY WALKTHROUGH)
BLPHAa4Gq3Q Wanay Extraction // Just Cause 4 (NO COMMENTARY WALKTHROUGH)
BN1H8fXHL_Q Gig, Trevor's Last Ride // Cyberpunk 2077 (NO COMMENTARY)
BOEA2PiQDBY Rustle up a Meal // New World (NO COMMENTARY WALKTHROUGH)
BQ2lTW7TZyU Inn Passage 2 (WORLD 6: Inn) // Guardian Tales (NO COMMENTARY WALKTHROUGH)
BQNHHpf6-ow The Doom in Wotham ~ Diablo 3 (NO COMMENTARY)
BRnINTWDhlQ Gig, Radar Love // Cyberpunk 2077 (NO COMMENTARY)
BUdHQP4fh7I KANYE BEATS HIGH SCHOOL // FALLOUT NEW VEGAS |X-2 HIGH SCHOOL HORROR|
BWFPXPgLh1w IT GETS VIOLENT // LIMBO | SECOND HALF
BYnjqDkBouo Ryan Reynolds As A Beluga Whale
BZyEdFgSdW8 Wanted   Hailstorm // OUTRIDERS (NO COMMENTARY WAKTHROUGH)
BeWam8vRbSI The Fallen Star Part 2 ~ Diablo 3 (NO COMMENTARY)
BfYRscQOGjc RANSOM KEEP // Halo Infinite (NO COMMENTARY WALKTHROUGH)
BgjsoMtI-iE THE COVENANT // Halo 3 (NO COMMENTARY WALKTHROUGH)
BlLiFlk0Vmg FOB ECHO // Halo Infinite (NO COMMENTARY WALKTHROUGH) // Halo Infinite (NO COMMENTARY WALKTHROUGH)
Bq_o7JWFgUI Lost in the Snow // Genshin Impact (NO COMMENTARY WALKTHROUGH)
BtSt7GfrSzI Safehouse // The Last of Us |Bill's Town|
BtwPGAfbRNU XCOM 2 // OPERATION DEVIL'S MOUNTAIN
BxuP1CfEogI Boat Drinks // Cyberpunk 2077 (NO COMMENTARY)
BzCVFQeePJw Rah Kanterbury Border (WORLD 9: Rah Empire) // Guardian Tales (NO COMMENTARY WALKTHROUGH)
C-9I-u2S3ds Iron Golem // DARK SOULS (NO COMMENTARY WALKTHROUGH)
C1J38BUuIjk Langstons Runaways, The Flamingo // CONTROL NO COMMENTARY
C3vKxigR8lI When the Wind Dies Down // Genshin Impact (NO COMMENTARY WALKTHROUGH)
C4g9SIVSmpA Magic School 5th Floor (WORLD 3: MAGIC SCHOOL) // Guardian Tales (NO COMMENTARY WALKTHROUGH)
C6aL_JA68Uc Guide:  Better Together // Lost Ark (No Commentary Walkthrough)
C8JhzlK687A THE SPRINT SEX CHALLENGE AND MASSAGE CHAIR ESCAPADE // Crazy Japan
C9BBUYdxfeA Love Like Fire // Cyberpunk 2077 (NO COMMENTARY) // Cyberpunk 2077 (NO COMMENTARY)
CBY9uV4tV1A THE MAN IS BONKERS // EW/WE
CDHw7aVWIqk The Ebon Sanctum ~ The Elder Scrolls Online
CDpdSp6hHRg Phasmophobia CRASH COURSE GUIDE | Everything You Need To Know.  All Items/Methods.
CE86kQIVc8w Kusanagi CT 3X // Cyberpunk 2077 (NO COMMENTARY)
CEIe1vPIgQc The Ice Palace // THE OUTER WORLDS
CGYdRB3Z8E4 The World in the Mirror (WORLD 3: MAGIC SCHOOL) // Guardian Tales (NO COMMENTARY WALKTHROUGH)
CHKpuOtvpJc Teatan Kingdom Passage 1 (WORLD 2: TEATAN KINGDOM) // Guardian Tales (NO COMMENTARY WALKTHROUGH)
CKo6Jg7sGKk From Start To A Dyson Swarm ~ The Dyson Sphere Program Part 3 (NO COMMENTARY)
CNPsWazcT_s Blood Tide // Fallout 4 |FAR HARBOR DLC|
CO13okbh9zg TRUMP TELEPORTS // FALLOUT 4 |THE MOLECULAR LEVEL|
COv6eFry7nk 29TRAIN // SUPERHOT (NO COMMENTARY WALKTHROUGH)
C_8qG7SzQX8 COMPLICATIONS // GRAND THEFT AUTO V
Cb8qvJI-XeQ FOB BRAVO // Halo Infinite (NO COMMENTARY WALKTHROUGH) // Halo Infinite (NO COMMENTARY WALKTHROUGH)
Cdh9e_IkWTw Antidote Research // Lost Ark (No Commentary Walkthrough)
ChsANtaVeiM Teatan Kingdom Passage 4 (WORLD 2: TEATAN KINGDOM) // Guardian Tales (NO COMMENTARY WALKTHROUGH)
CnHn80iit_s The Tomekeeper Bounty ~ Diablo 3 (NO COMMENTARY)
Cq6iyyf3j-c Thorton Galena Gecko // Cyberpunk 2077 (NO COMMENTARY)
CqD9ssxhDmU Pirate's Den (WORLD 2: TEATAN KINGDOM) // Guardian Tales (NO COMMENTARY WALKTHROUGH)
Cs0w6ySB5d0 Rimworld NO COMMENTARY Beginning Crash To Ending Liftoff ~ Part 44
CsZ8ioo6-KY XCOM 2 // OPERATION LEVIATHAN |FINAL MISSION|
CskEu59NJ-c Frontier // OUTRIDERS (NO COMMENTARY WAKTHROUGH)
CvJH_O4QgO8 XCOM 2 // OPERATION DAMNED GIFT
CwT1vWDNvEw Einhars Menagerie // Path of Exile (NO COMMENTARY WALKTHROUGH)
Cxt75pQIe5Q quarantine broken // SUPERHOT MIND CONTROL DELETE (NO COMMENTARY WALKTHROUGH)
CypUFaXqb5E GAME ENDS WITH THREE WAY AND FILM// SAINTS ROW THE THIRD |THREE WAY|
Cyuli8e2eiA WOLFENSTEIN: THE NEW ORDER // CHAPTER 3
Czyw6UEbpAI Red Hoods Hideout (WORLD 1: KANTERBURY FOREST) // Guardian Tales (NO COMMENTARY WALKTHROUGH)
D2SGjgI-2mY ALL BOSSES + ALPHAREX FIGHT// ARK SURVIVAL EVOLVED
D5SOJjIq-bY THE CLOTHESPIN BRA-REMOVAL CHALLENGE + TOP IN BUTTHOLE CHALLENGE// Crazy Japan
D61rafYw8M4 Orwell: Keeping an Eye On You // Episode One: \
D9snBRdtqDQ The Outriders Legacy // OUTRIDERS (NO COMMENTARY WAKTHROUGH)
DB-vp2tZFJQ Highblock Halls ~ Minecraft Dungeons (NO COMMENTARY)
DCFJhLjee84 Lost in Love // Path of Exile (NO COMMENTARY WALKTHROUGH)
DE5ydz3Vx1U TRUMP FINDS MISSING KITTEN // FALLOUT 4 |HERE KITTY, KITTY|
DN9udnLGvsI Hull Breach 3 // Fallout 4 |FAR HARBOR DLC|
DOAeFH_Fv90 Dungeon Kingdom Passage 2 (WORLD 7: Dungeon Kingdom) // Guardian Tales (NO COMMENTARY WALKTHROUGH)
DT2WtD7svz0 Home Away From Home // Wasteland 3 (NO COMMENTARY WALKTHROUGH)
DTQ3GYJa5wE To the Brilliant Ridge // Lost Ark (No Commentary Walkthrough)
DYcTE3KcMw0 OBSERVER_ // Full Game + Ending
DZmFkMbWpKY The Bound Shaman Bounty ~ Diablo 3 (NO COMMENTARY)
DaIYIPxArq0 Don't Lose Your Mind // Cyberpunk 2077 (NO COMMENTARY) // Cyberpunk 2077 (NO COMMENTARY)
DboTxuVNJow The Beast In Me, Badlands // Cyberpunk 2077 (NO COMMENTARY)
DcXxmLmxoJE HOT GIRL RUNS OVER PEOPLE // SAINTS ROW THE THIRD |SUPER ETHICAL PR OPPORTUNITY|
Dd8YvzxbGxo TRUMP CLEANS OUT THE CASTLE // FALLOUT 4 |TAKING INDEPENDENCE|
Dg8ZKGAg_aI CHAPTER 12: \
Dj7g6HBHSIs Queen of the Highway // Cyberpunk 2077 (NO COMMENTARY)
DkG7WIUV-SQ A Good Defense // CONTROL (NO COMMENTARY)
DqlpbZCYli8 FOUNDATION // Halo Infinite (NO COMMENTARY WALKTHROUGH) // Halo Infinite (NO COMMENTARY WALKTHROUGH)
Drsi_Mno6iI BLEAK FALLS BARROW // THE ELDER SCROLLS V: SKYRIM
DsXFVnLIV3k Salt Works // Lost Ark (No Commentary Walkthrough)
DseHkr75yW0 The Unknown Passage (WORLD 7: Dungeon Kingdom) // Guardian Tales (NO COMMENTARY WALKTHROUGH)
DugbB-KggE4 Pumpkin Pastures ~ Minecraft Dungeons (NO COMMENTARY)
DxX3ykF-2Fw Prisoner of Fate // Path of Exile (NO COMMENTARY WALKTHROUGH)
DyZ_lowKYI8 Office Floor 2 (WORLD 13: Lilith's Tower) // Guardian Tales (NO COMMENTARY WALKTHROUGH)
Dzn1h1WU0XA KANYE CLIMBS THE ANTENNA // FALLOUT NEW VEGAS |X-2 STRANGE TRANSMISSIONS|
DzsxX91NKqs 10DESPER // SUPERHOT (NO COMMENTARY WALKTHROUGH)
E-UcnX-S5aA Fall of the High Heavens ~ Diablo 3 (NO COMMENTARY)
E1k_42ZXnbg Otzi The Cursed Bounty ~ Diablo 3 (NO COMMENTARY)
E2NLSFU_aYg A Mystery Attack // Lost Ark (No Commentary Walkthrough)
E2mnCzJVga4 Celeste - First 10 Minutes No-Commentary Gameplay
E3SjzVHD1UU A Long Shot // Genshin Impact (NO COMMENTARY WALKTHROUGH)
E4Smhjv_wgk SUPER HOT CHICK ON HO BOAT // SAINTS ROW THE THIRD |THE HO BOAT|
E5T6fBFS5Do TRUMP ATTENDS SECRET MEETING // FALLOUT 4 | |
EAqQZtOtlTc Adria Bounty ~ Diablo 3 (NO COMMENTARY)
ECJVTk0xxa4 TAKING CARE OF BUSINESS // THE ELDER SCROLLS V: SKYRIM
EDjujfQLtrI POISONING CLOWN? // DROPSY | P2 |
EGcB9U-Pk0Y RESCUE FROM FORT NEUGRAD // THE ELDER SCROLLS V: SKYRIM
EGweF86Zm6Q Old Powers // OUTRIDERS (NO COMMENTARY WALKTHROUGH)
EXr4budUY74 BARROTH // Halo Infinite (NO COMMENTARY WALKTHROUGH) // Halo Infinite (NO COMMENTARY WALKTHROUGH)
EYC2zlLgdVQ Adele As A Polar Bear
EakqIjBGMJk Rimworld NO COMMENTARY Beginning Crash To Ending Liftoff ~ Part 24
EcV7JN_wop4 Nowhere Left To Run // Call of Duty Black Ops Cold War NO COMMENTARY
EdLzm9sPC-o CHAPTER 8: ON A RAIL // HALF LIFE : BLACK MESA
Eg-CDLMv7Qw MAN OF MEDAN // Part Two
EhsBPPxnt8Q The Fallen Star Part 1 ~ Diablo 3 (NO COMMENTARY)
EjTGdnXMiWQ Level 5 (TOWER) // Guardian Tales (NO COMMENTARY WALKTHROUGH)
El6QzGYIJs0 Amazing and Innovative // Lost Ark (No Commentary Walkthrough)
EmICLN7P7fE WORLD OF HORROR ~~ Bizarre Bruit of the Blood curdling Botanist (NO COMMENTARY)
En7DtDrbhaM Space Oddity (Infinite Money) // Cyberpunk 2077 (NO COMMENTARY)
EndYn9WvbMc Russafeld ~ The Elder Scrolls Online (NO COMMENTARY)
EoJWFk15v1M TRUMP ALLOWS A REPORTER // FALLOUT 4 |JEWEL OF THE COMMONWEALTH|
Es2EMjg1UaY CHAPTER 2: UNFORESEEN CONSEQUENCES // HALF LIFE : BLACK MESA
EtKvkW8CQP0 Introductory Test Site (WORLD 5: City of Shen) // Guardian Tales (NO COMMENTARY WALKTHROUGH)
EtguSXLZNkA UPRISING // Halo 2: Anniversary (NO COMMENTARY WALKTHROUGH)
EuDm3aY2U-A A Heart of Gold // OUTRIDERS (NO COMMENTARY WAKTHROUGH)
F-5ikC-JsL0 Outrider Style // Genshin Impact (NO COMMENTARY)
F-eYWFtJ8IU Frequency // OUTRIDERS (NO COMMENTARY WAKTHROUGH)
F4DOLAFFcJw Occupied Saltern // Lost Ark (No Commentary Walkthrough)
F9zf-hTo1RE New Message // Itch.io Horror Game
FB2aa8uFwZw UH I DON'T SPEAK RUSSIAN //METRO 2033 (Prologue and Chapter 1)
FDT16Gi1MYQ Happy Together // Cyberpunk 2077 (NO COMMENTARY) // Cyberpunk 2077 (NO COMMENTARY)
FDsw8XTp_O8 Buried Memories ~ The Elder Scrolls Online
FE8nlf1FUk4 Gig, Guinea Pigs // Cyberpunk 2077 (NO COMMENTARY)
FEKTjGwpK0Y Full Disclosure // Cyberpunk 2077 (NO COMMENTARY) // Cyberpunk 2077 (NO COMMENTARY)
FG8P6x7SZEI Cyberpsycho Sighting, House on a Hill // Cyberpunk 2077 (NO COMMENTARY)
FH4-v6Z1AK0 REGRET // Halo 2: Anniversary (NO COMMENTARY WALKTHROUGH)
FHp0VESHB1w Retaliation // OUTRIDERS (NO COMMENTARY WAKTHROUGH)
FJUrNoi0HA8 Chapter 5, Bootstraps -  Prison Architect (NO COMMENTARY)
FKIJPqA1nVM Gig, Dirty Biz // Cyberpunk 2077 (NO COMMENTARY)
FLlj0DCa34M The Beast In Me ~ City Center // Cyberpunk 2077 (NO COMMENTARY)
FPrm15Tq_i4 Piccadilly ~ Call of Duty Modern Warfare (NO COMMENTARY)
FSbmYdyYn8o Varuts Gift // Lost Ark (No Commentary Walkthrough)
FTKP26dIjNg Bright Moons Warm Sands // The Elder Scrolls Online
FURHLwyDZRk TOWN OF SALEM // TROLLING 2 VICTORY AS JESTER
FW9Z2vZ8pS0 BIPBAP // Halo Infinite (NO COMMENTARY WALKTHROUGH) // Halo Infinite (NO COMMENTARY WALKTHROUGH)
FZF9WTAXjw4 Both Sides, Now // Cyberpunk 2077 (NO COMMENTARY)
F_zSLIiSUIA Mt Shivering Passage 1 (WORLD 8: Mt Shivering) // Guardian Tales (NO COMMENTARY WALKTHROUGH)
FgZkFbH-t1E FOOD POISONING // Sheltered |Week 1| EARLY ACCESS
FizU4oe9_Ec Succubus Town (WORLD 7: Dungeon Kingdom) // Guardian Tales (NO COMMENTARY WALKTHROUGH)
Fj8vn1NK4dY I AM A COMIC BOOK HERO // SAINTS ROW THE THIRD |NYTE-BLADE'S RETURN|
FlXgZNweOzk Cabin Resort // The Last of Us |Lakeside Resort|
FozYh-iKSVs XCOM 2 // OPERATION CRYPT WAGON
FuCoNt39azc Much Needed Repairs // Lost Ark (No Commentary Walkthrough)
Fy9oGz-OBbo Tiger Clan Dojo (WORLD 5: City of Shen) // Guardian Tales (NO COMMENTARY WALKTHROUGH)
G-R0-yBqLuY WATCHDOGS ~ Part 3 (NO COMMENTARY)
G0GWi9e4py8 Clear the Repository of Bones ~ Diablo 3 (NO COMMENTARY)
G1CEs7mH6rU THE FREAKY DOG DANCE AND EMBARASSING ANAL MACHINE GUN// Crazy Japan
G1n5LcqohZM XCOM 2 // OPERATION SPIDER CHALICE
G35XOBchGXU Rimworld NO COMMENTARY Beginning Crash To Ending Liftoff ~ Part 1
G50DHuD7jK4 Bandit Road // Lost Ark (No Commentary Walkthrough)
G77XZTAxrAs RUSTY LAKE HOTEL // COMPLETE PLAYTHROUGH
G940ZR4urvE TRUMP ENTERS BUNKER // FALLOUT 4 |VAULT 81|
G9udOC-hHbA Chapter 4, Conviction  -  Prison Architect (NO COMMENTARY)
GCTQDi-sKt0 Trailing the Coven ~ Diablo 3 (NO COMMENTARY)
GCb-TnbK7FI At Dead of Night - PART 2 (NO COMMENTARY)
GDx0qrAtZpI ENDING??? // CONCLUSE: PART FOUR (FREE HORROR GAME)
GIgsHXdXkck End of the Prophet // Cyberpunk 2077 (NO COMMENTARY)
GJCezL0elzk Magic School 1st Floor (WORLD 3: MAGIC SCHOOL) // Guardian Tales (NO COMMENTARY WALKTHROUGH)
GJw3wsZJF2M Emergency Rescue (WORLD 7: Dungeon Kingdom) // Guardian Tales (NO COMMENTARY WALKTHROUGH)
GKWflmeZ6rM The Hunt // Cyberpunk 2077 (NO COMMENTARY)
GPp1G7jks4Y NERVOUS RON // GRAND THEFT AUTO V
GSErAtq69fc Dungeon Entrance (WORLD 7: Dungeon Kingdom) // Guardian Tales (NO COMMENTARY WALKTHROUGH)
GSX428asqgc Rimworld NO COMMENTARY Beginning Crash To Ending Liftoff ~ Part 21
GStBUqRNkhg THE SILENT AGE // CHAPTER TEN: MOBIUS STRIP
GTqSZ3PCCGI The Cursed Realm Bounty ~ Diablo 3 (NO COMMENTARY)
GVnHuifWKlk The Battle of El Alamein // Call of Duty Vanguard (NO COMMENTARY WALKTHROUGH)
GWhYVOaoNyg KANYE AT MIT(ish) // FALLOUT NEW VEGAS |WELCOME TO THE BIG EMPTY|
GZmS8Ks2vD8 sensory birth // SUPERHOT MIND CONTROL DELETE (NO COMMENTARY WALKTHROUGH)
GaRvw1bEGu8 HUNIE CAM STUDIO // AIDS EPIDEMIC
GfDG1ddQgTU Meteolab Grab // Just Cause 4 (NO COMMENTARY WALKTHROUGH)
GfzI8UOwFKk Prologue // Darkwood
GjaUiBOrObw KINDERGARTEN // WHAT THE EFF
GknIXIPTu8U Don't Trust The Game
GlRHnBaP6b0 Enigma: Spy Adventure // Level 4 - Warsaw
GmS5ZqA0RU8 Secret Ingredients // Genshin Impact (NO COMMENTARY)
GzbMVWBAtDE LOUD AND CLEAR // THE ELDER SCROLLS V: SKYRIM
H2WipkOm_88 Safe Passage // Fallout 4 |FAR HARBOR DLC|
H7d6_7FNCKU Wanted Scalp King // OUTRIDERS (NO COMMENTARY WALKTHROUGH)
H97NSSKqBfs Night In The Woods // Part Seven (Ending)
HBXpA2CtRvY Genshin Impact ~ Birds Eye View (NO COMMENTARY)
HCsqR8X4bjE THE STORM // Halo 3 (NO COMMENTARY WALKTHROUGH) // Halo 2: Anniversary (NO COMMENTARY WALKTHROUGH)
HENraOnZNWY Unknown Caller // CONTROL (NO COMMENTARY)
HGQtmGVfLqQ WORLD OF HORROR ~~ Lighthouse (NO COMMENTARY)
HJF5J6qGbGM IK NOVUS // Halo Infinite (NO COMMENTARY WALKTHROUGH) // Halo Infinite (NO COMMENTARY WALKTHROUGH)
HLlYH9qG25Y Cyberpsycho Sighting,Letter of the Law // Cyberpunk 2077 (NO COMMENTARY)
HN9xmDh4YZk Mt Shivering Court (WORLD 8: Mt Shivering) // Guardian Tales (NO COMMENTARY WALKTHROUGH)
HO8LF3DGaHw Gig, Monster Hunt // Cyberpunk 2077 (NO COMMENTARY)
HOcenef8qRY ACT 1 Angler // Inscryption (NO COMMENTARY WALKTHROUGH)
HS2M5D7z31s Legends and Fairytales // Lost Ark (No Commentary Walkthrough)
HT45O2K-ylI TRUMP FINDS A COURSER // FALLOUT 4 |HUNTER/HUNTED|
HUHHdkqXz1M Asylum // OUTRIDERS (NO COMMENTARY WAKTHROUGH)
HY1fJRKEGnY War of the Worlds // Wasteland 3 (NO COMMENTARY WALKTHROUGH)
HZH5AYslkoo KANYE HEARS OUT THE ROBOT // FALLOUT NEW VEGAS |WHEN VISITORS ATTACK!|
HZRGFiy03Ks SNOOPING IN OTHER'S BELONGINGS // LIFE IS STRANGE |E1:P3|
HdnveGG2zLw Night In The Woods // Part One
Hf0Q9H8_SFk Blossum of Revelation // Genshin Impact (NO COMMENTARY)
HfdA5LrddKQ Partners In Crime ~ Elder Scrolls Online (NO COMMENTARY)
HkIcwbDjkxc Symbiosis // Borderlands 2 (NO COMMENTARY WALKTHROUGH)
HlRIEDRDkHk Maimai P126 // Cyberpunk 2077 (NO COMMENTARY)
HlaXWdaMDFc Wanted   Hannibal // OUTRIDERS (NO COMMENTARY WAKTHROUGH)
Hlems56-PlE Nordlys // Battlefield V (NO COMMENTARY WALKTHROUGH)
Ho68r0RcoLM Night In The Woods // Part Six
HqB449GbJHI Subjugate the Bandits // Lost Ark (No Commentary Walkthrough)
HqlNHWfa5MA A Step Into Darkness // Free Steam Horror Game
Hxw1c7ecfRk Historian Connection // OUTRIDERS (NO COMMENTARY WALKTHROUGH)
I15Y38ontAM Genshin Impact ~ Crash Course (NO COMMENTARY)
I2a5w0vyTas THE PARTY // Beyond Two Souls (NO COMMENTARY WALKTHROUGH)
I3OOMmLKR2w Viva la Resistance (WORLD 2: TEATAN KINGDOM) // Guardian Tales (NO COMMENTARY WALKTHROUGH)
I56i77H7qKw The Forgotten Chapel - SECRET LEGENDARY QUEST // OUTRIDERS (NO COMMENTARY WALKTHROUGH)
I5BzDR4sHXk Make Yourself At Home // New World (NO COMMENTARY WALKTHROUGH)
I7WFzZVMNv0 Character Creation // Cyberpunk 2077 (NO COMMENTARY)
ICZxrAklC7c KANYE LAUNCHES SURPRISE CONCERT // FALLOUT NEW VEGAS |STRIKE UP THE BAND|
IDXrYwFgjXk Rimworld NO COMMENTARY Beginning Crash To Ending Liftoff ~ Part 22
IDslNigHSkg Respect the Hunter // Lost Ark (No Commentary Walkthrough)
IGc-QeVHdyE WATCHDOGS ~ Part 5 (NO COMMENTARY)
IJNBdLbPPEM Finding the Monument // Lost Ark (No Commentary Walkthrough)
IJsn2h38JNs HAIL SITHIS // THE ELDER SCROLLS V: SKYRIM
IKTmAV0VS4k Orwell: Keeping an Eye On You // Episode Five (Ending): \
IKVs_EnsfrQ Armen's Request // Lost Ark (No Commentary Walkthrough)
ILW0wsg7l8A Valheim - Start to Eikthyr SOLO (Part 2)
INxLKsgGN0I THE BUBBLEGUM MAN AND CRAZY NASCAR // Crazy Japan
IPOWmnDqAyc I'M SO SNEAKY // THE WALKING DEAD SEASON TWO | EP1 | PT 2
IRjZ-hp7d8M A Family Matter // THE OUTER WORLDS
IUEq5AVyDMs THE PILLAR OF AUTUMN + EPILOGUE + LONE WOLF \\\\ Halo: Reach (NO COMMENTARY WALKTHROUGH)
IUuJmEiv8FM DARK BROTHERHOOD: FIRST CONTRACTS // THE ELDER SCROLLS V: SKYRIM
IW6eawsc3Es Relics of Summerset ~ The Elder Scrolls Online
IWu-0pnV-Ek Unknown Presence // OUTRIDERS (NO COMMENTARY WALKTHROUGH)
IX5avAf6-EA Thunderbarge   Icon Coil Delivery // Just Cause 4 (NO COMMENTARY WALKTHROUGH)
IXgClMBDQQU Squid Coast ~ Minecraft Dungeons (NO COMMENTARY)
IXw52qyjeMY Chapter One ~~ Mirrors Edge (NO COMMENTARY)
IZk75aRoH2c Chasing Shadows // Genshin Impact (NO COMMENTARY)
IcKXVgcMw2I The Walking Dead: The Final Season // EP 1 |Done Running|
IdMU_P-jpts Arch Nazare Racer // Cyberpunk 2077 (NO COMMENTARY)
IfgPft8OvZc WEST OF LOATHING // PART SIX: DEFEATING THE EMPEROR (ENDING)
Ih10koIhBxE Main Lobby (WORLD 13: Lilith's Tower) // Guardian Tales (NO COMMENTARY WALKTHROUGH)
IjRtH9h2nbs HOMELESS // Beyond Two Souls (NO COMMENTARY WALKTHROUGH)
ImCkQadg0ZI The Final Station // Part 3
Ipn3VkqNmWQ WOLFENSTEIN: THE NEW ORDER // CHAPTER 11
Iq0hqWEakj4 Mt Shivering Passage 3 (WORLD 8: Mt Shivering) // Guardian Tales (NO COMMENTARY WALKTHROUGH)
Iq8pNM07T0M Stolen Food // Lost Ark (No Commentary Walkthrough)
Is68Yb1o6Zc Gig, Hacking the Hacker // Cyberpunk 2077 (NO COMMENTARY)
IsC5QrxsguY Endless Dark // OUTRIDERS (NO COMMENTARY WALKTHROUGH)
J1evQH1-Zi8 Shepherds of Enoch // OUTRIDERS (NO COMMENTARY WALKTHROUGH)
J1wqSkBH6JQ Historian Survival // OUTRIDERS (NO COMMENTARY WALKTHROUGH)
J4AArqSm_hI PROLOGUE // DEAD ISLAND
J5bfyw09a0g Road Maintenance (WORLD 2: TEATAN KINGDOM) // Guardian Tales (NO COMMENTARY WALKTHROUGH)
J9yk5wEDr3s PLANT ERECTION VIA STAR HORMONES // Grow Home (Entire Game)
JC089boZkFw Off the Leash // Cyberpunk 2077 (NO COMMENTARY)
JFHKMts6EHU Fool on the Hill Ending // Cyberpunk 2077 (NO COMMENTARY)
JOcELxFxxHA A Shattered Crown ~ Diablo 3 (NO COMMENTARY)
JW-t3mJFSSY One Last Thing // New World (NO COMMENTARY WALKTHROUGH)
JWUgxvwD9qM Intro // Sea of Thieves (NO COMMENTARY)
JYzsmozJ54g Reported Crime ~ Needle in a Haystack // Cyberpunk 2077 (NO COMMENTARY)
JcWgXY80zpE Behind the Lines // Just Cause 4 (NO COMMENTARY WALKTHROUGH)
JfWKaOV7edQ Training ~~ Mirrors Edge (NO COMMENTARY)
JhjDBmYxmDk Marianne's Lab (WORLD 2: TEATAN KINGDOM) // Guardian Tales (NO COMMENTARY WALKTHROUGH)
JikbRho1F_Q DIVINITY: ORIGINAL SIN 2 // Troubled Waters (GAME BEGINNING)
JmTCR2CRkL8 DRAGONSLAYER // THE ELDER SCROLLS V: SKYRIM
Jnw16KBwB-I GEORGE CLOONEY AS PIKACHU?
Jqanz8GEci0 Cleaning House ~ The Elder Scrolls Online (NO COMMENTARY)
JrYzpnFTZwY Gig, The Frolics of Councilwoman Cole // Cyberpunk 2077 (NO COMMENTARY)
JwEmjDIGeIA OKRO VAGADUUN // Halo Infinite (NO COMMENTARY WALKTHROUGH)
JwWHkdgvUPU Clear Khazra Den Bounty ~ Diablo 3 (NO COMMENTARY)
Jx1wI95pnEU THE MAW // Halo: Combat Evolved Anniversary (NO COMMENTARY PLAYTHROUGH)
JyiZO6iV6v0 Gathering Clues // Lost Ark (No Commentary Walkthrough)
K1ZNMjtZMiw Source of Demons // Lost Ark (No Commentary Walkthrough)
K4ttAElH80U Big Trouble in Little Vegas // Wasteland 3 (NO COMMENTARY WALKTHROUGH)
K6wx1aAs0Es Character Creation // OUTRIDERS (NO COMMENTARY WALKTHROUGH)
K7jVH6WNMsQ FRIENDS REUNITED // GRAND THEFT AUTO V
K8Uo86tz2ss Inferno // OUTRIDERS (NO COMMENTARY WALKTHROUGH)
K9a4bNqDDV0 Poem of the Atoms // Cyberpunk 2077 (NO COMMENTARY)
KB8iUk7sbCs Suicide Guy // Levels 1-8
KBvkcykf-tM FOB FOXTROT // Halo Infinite (NO COMMENTARY WALKTHROUGH)
KDVGtAZY4Ao Node 2B // SUPERHOT MIND CONTROL DELETE (NO COMMENTARY WALKTHROUGH)
KFCS4mynhvI Dagger in the Mist // New World (NO COMMENTARY WALKTHROUGH)
KG-5KDKcFsw Beholder (NO COMMENTARY WALKTHROUGH)
KGEj0OtOygk TRUMP EXPLORES THE UNKNOWN // FALLOUT 4 |THE GLOWING SEA|
KGrKvcE1plw Cacti Canyon ~ Minecraft Dungeons (NO COMMENTARY)
KI_Pb7OK7XI CORPSE ON BOTTOM FLOOR?? // Sheltered |Week 4| EARLY ACCESS
KK3dgHs9Ky0 A Free Market // OUTRIDERS (NO COMMENTARY WAKTHROUGH)
KOeM2TdaIfo BirdGut
KS66lMAhNK0 The Nail // CONTROL NO COMMENTARY
KTdu2Dtpbhc FEELS GOOD MAN // SAINTS ROW 2
KZflnv7W8Og Rimworld NO COMMENTARY Beginning Crash To Ending Liftoff ~ Part 10
K_Z7RhfcSPo To Luterra // Lost Ark (No Commentary Walkthrough)
KbB-yHRd2zo The Siege of Bastion's Keep ~ Diablo 3 (NO COMMENTARY)
Kdn8b_nkr8Y The Hand Chair Langston's Runaways // CONTROL NO COMMENTARY
KpYtIGoKHDA The Imprisoned Angel ~ Diablo 3 (NO COMMENTARY)
KpxMQTJhzDQ Encroaching Corruption // New World (NO COMMENTARY WALKTHROUGH)
KsDeMdn3T6M The Battlefields of Eternity ~ Diablo 3 (NO COMMENTARY)
KsctcUcFVvo MIDNIGHT and EPILOGUE // Halo 4 (NO COMMENTARY WALKTHROUGH)
KuMIlJnlLJM SEXY CHICK PLANS HEIST // SAINTS ROW THE THIRD |WHEN GOOD HEISTS GO BAD|
KxFL261kMKE Blindsided // Borderlands 2 (NO COMMENTARY WALKTHROUGH)
L-lJb3YLrRc Stocking Up Supplies for the Caravan // Lost Ark (No Commentary Walkthrough)
L0LwGUMfL_s The Walking Dead: A New Frontier // EP 1 |Number 1 Hater|
L0_fku9MiaI 15HOSPIT // SUPERHOT (NO COMMENTARY WALKTHROUGH)
L5KtOnPjhPc WOLFENSTEIN: THE NEW ORDER // CHAPTER 7
L62CdX7JTlY Soggy Swamp ~ Minecraft Dungeons (NO COMMENTARY)
LCO4gFECqes SUICIDE GUY // Levels 9 and 10
LCQZRC8OGIo WATCHDOGS ~ Part 7 (NO COMMENTARY)
LI-eS7BQK5s Escape the City // The Last of Us |Pittsburgh|
LIuiePZrVLg I GIVE u MY FRUIT // TEN SECOND TATTOO
LKKf6UM_lj0 Beat On The Brat ~ The Glen (EASY METHOD) // Cyberpunk 2077 (NO COMMENTARY)
LKrdbpagU1U Historian - Timeless // OUTRIDERS (NO COMMENTARY WAKTHROUGH)
LLfK_bevUBw CAYMAN SQUAD // Halo Infinite (NO COMMENTARY WALKTHROUGH)
LQRL5i1HCqY Cesars Theory // Just Cause 4 (NO COMMENTARY WALKTHROUGH)
LSib-fOBg4Y CHAPTER 5: BLAST PIT // HALF LIFE : BLACK MESA
LVU0gO8yGL4 Ronin Stronghold: Humbolt Park Science Museum // Saints Row 2
LYHtPUuUiqE Siegebreaker ~ Diablo 3 (NO COMMENTARY)
LYJfWsUze2Y Dead Secret // Part 2
LYPTs_n-bsk GIRL RACIST AGAINST BELGIANS? // SAINTS ROW THE THIRD |THE BELGIAN PROBLEM|
L_6J8OYA9Rc Betrayer of the Horadrim ~ Diablo 3 (NO COMMENTARY)
La3eZhib3qQ Bad North // Stalberg
Lbjg5Kb7vS8 Dedication // OUTRIDERS (NO COMMENTARY WALKTHROUGH)
Lc5M7H7Jm0M Virtual Morality // Episode 2: Death By Selfie
LcFGuLjBXdA THE GREAT JOURNEY // Halo 2: Anniversary (NO COMMENTARY WALKTHROUGH)
LcIzUvb7JEY Node 3 // SUPERHOT MIND CONTROL DELETE (NO COMMENTARY WALKTHROUGH)
LjBNqHzScy4 M'ap Tann Pelen // Cyberpunk 2077 (NO COMMENTARY)
LjylmvBbzMg Rah Empire Passage 4 (WORLD 9: Rah Empire) // Guardian Tales (NO COMMENTARY WALKTHROUGH)
Lk48mCghJls KEYES // Halo: Combat Evolved Anniversary (NO COMMENTARY PLAYTHROUGH)
LlQbzXvcn7U Wanted Brickhead // OUTRIDERS (NO COMMENTARY WAKTHROUGH)
Llj1VWw_W50 XCOM 2 // OPERATION DEATH KING
Lphlwh45noM 98DOG2 // SUPERHOT (NO COMMENTARY WALKTHROUGH)
LqxsI0WOTZ8 99DOG3 // SUPERHOT (NO COMMENTARY WALKTHROUGH)
LrpwTRajDzg Invaders Supply Storage (WORLD 2: TEATAN KINGDOM) // Guardian Tales (NO COMMENTARY WALKTHROUGH)
LucibOY4Stw Lost Research Journal // Lost Ark (No Commentary Walkthrough)
LwglxMBN1oI Gig, Going Up or Down // Cyberpunk 2077 (NO COMMENTARY)
Ly_V5kpNvEc Rah Empire Passage 3 (WORLD 9: Rah Empire) // Guardian Tales (NO COMMENTARY WALKTHROUGH)
LzULOr3u4yM LEO DICAPRIO BECOMES THE OSCAR - BEST ACTOR 2016
M2oDugYKFgU CARRION - FULL WALKTHROUGH GUIDE (NO COMMENTARY)
M38dZSWZOA8 WTF, THEY KILL MY THIRD WIFE!! // THE WALKING DEAD: S1|E3|P1
MA3CTKdDrWc FOB HOTEL // Halo Infinite (NO COMMENTARY WALKTHROUGH) // Halo Infinite (NO COMMENTARY WALKTHROUGH)
MC6o0UtRLdw TRUMP LOVES COMIC BOOKS // FALLOUT 4 |THE SILVER SHROUD|
MDF6yXE1uPY Go Big Horns // The Last of Us |The University|
MFoVY-Ivolg Dayspring Barley // New World (NO COMMENTARY WALKTHROUGH)
MGqeuNSN0mE TSAVO HIGHWAY // Halo 3 (NO COMMENTARY WALKTHROUGH)
MGwHoFkN0v8 FORGE OF TEASH // Halo Infinite (NO COMMENTARY WALKTHROUGH)
MIHOa7dxr98 Gig, Fixer, Merc, Soldier, Spy // Cyberpunk 2077 (NO COMMENTARY)
MIbY4N5RbZE The Midnight Show with Lenny Motts // Indie Horror Game!
MJE8FeA923E Turning Point // OUTRIDERS (NO COMMENTARY WALKTHROUGH)
MJec_4gZE14 WOLF ATTACKS // Sheltered |Week 3| EARLY ACCESS
MLpFMzpo8dc Call to Action // Wasteland 3 (NO COMMENTARY WALKTHROUGH)
MP0ikl7MbRc FATHER/SON // GRAND THEFT AUTO V
MQYcnnTqziE Hull Breach 2 // Fallout 4 |FAR HARBOR DLC|
MQ_sT1Q7WrE Gig, Two Wrongs Makes Us Right // Cyberpunk 2077 (NO COMMENTARY)
MRLr9m5a6oQ Rimworld NO COMMENTARY Beginning Crash To Ending Liftoff ~ Part 33
MTL5CFH9ecY Rising Force (WORLD 3: MAGIC SCHOOL) // Guardian Tales (NO COMMENTARY WALKTHROUGH)
MTYRde4GLUk XCOM 2 // OPERATION REBEL WOLF
MVRXnK9bgKs A Voice From Above The Sky // Act 2 |Dead Island|
MY6vyw1CGtw Asylum Demon // Dark Souls (NO COMMENTARY WALKTHROUGH)
MahcSpgobZQ Rimworld NO COMMENTARY Beginning Crash To Ending Liftoff ~ Part 31
Mcfa_PDbYXE Balance Due // THE OUTER WORLDS
Md9XL-pkrJc What's In A Name // Lost Ark (No Commentary Walkthrough)
MgGKjOiqQKA Released Light of Destiny // Lost Ark (No Commentary Walkthrough)
MioCRPjtUjg Gig, Scrolls Before Swine // Cyberpunk 2077 (NO COMMENTARY)
Ml409PIQb60 Teatan Kingdom Passage 3 (WORLD 2: TEATAN KINGDOM) // Guardian Tales (NO COMMENTARY WALKTHROUGH)
MmcAKLt74dQ SACRED ICON // Halo 2: Anniversary (NO COMMENTARY WALKTHROUGH)
Mn1f0YfTQ_U Song of the Dragon and Freedom // Genshin Impact (NO COMMENTARY WALKTHROUGH)
MnvEueFI7tA First Training (WORLD 5: City of Shen) // Guardian Tales (NO COMMENTARY WALKTHROUGH)
Mu7bKnB2b4I EPISODE THREE: WHAT WE DESERVE (ENDING) // THE WALKING DEAD: MICHONNE
Mv0SahpmPYQ Hilltop Hops // New World (NO COMMENTARY WALKTHROUGH)
N-0Adl-Pt7U Magic School Passage 2 (WORLD 3: MAGIC SCHOOL) // Guardian Tales (NO COMMENTARY WALKTHROUGH)
N18aFyB-5CY EN GEDOON // Halo Infinite (NO COMMENTARY WALKTHROUGH) // Halo Infinite (NO COMMENTARY WALKTHROUGH)
N1B4VLEjJvo Magic School Passage 4 (WORLD 3: MAGIC SCHOOL) // Guardian Tales (NO COMMENTARY WALKTHROUGH)
N49MhTbtVFU Secret Cave (WORLD 5: City of Shen) // Guardian Tales (NO COMMENTARY WALKTHROUGH)
N5DsghKMTCs XCOM 2 // OPERATION SPIDER STAR
N6D8IeWQusA THE GHOST ELEVATOR PRANK // Crazy Japan
N6gvm2tFgYk Sever the Right Hand // Path of Exile (NO COMMENTARY WALKTHROUGH)
N75fATpVhqE ASSEMBLANCE
N9g-WCfdi5o Nip Them In the Bud // Lost Ark (No Commentary Walkthrough)
NBHqYjx0mA0 SHIT GETS BAD // METRO 2033 (CHAPTER 2 | PART TWO)
NCRtxfJT_Cw Rimworld NO COMMENTARY Beginning Crash To Ending Liftoff ~ Part 43
NEaaMSXV1Cw THE TOWER // Halo Infinite (NO COMMENTARY WALKTHROUGH) // Halo Infinite (NO COMMENTARY WALKTHROUGH)
NHGhahtd60E Hull Breach// Fallout 4 |FAR HARBOR DLC|
NJDc4RedHQE Argosh Bounty ~ Diablo 3 (NO COMMENTARY)
NJyY8P65rYA A LOT OF EYEBALL DAMAGE // The Walking Dead | SEASON 2 | Episode 3
NNo7FuZUbkE NEW ALEXANDRIA \\\\ Halo: Reach (NO COMMENTARY WALKTHROUGH)
NPVU7GSzN8Y PROLOGUE and DAWN // Halo 4 (NO COMMENTARY WALKTHROUGH)
NQHPXoc1bOY Niko Master of the Depths // Path of Exile (NO COMMENTARY WALKTHROUGH)
NfeG_arNMnM Bad North // Bjornholm
Nfu9B7MrpM0 The Doom That Came To Roseway // THE OUTER WORLDS
NiHDnDISJ_Y XCOM 2 // OPERATION SKY STAR
NlGlrZJUaiI Gig, Flying Drugs // Cyberpunk 2077 (NO COMMENTARY)
NmD6R1IPCko The Capitol Building // The Last of Us |The Outskirts|
Noz0JQTM68g Down On The Street // Cyberpunk 2077 (NO COMMENTARY)
NwyR8xAyJKA Intro // Wasteland 3 (NO COMMENTARY WALKTHROUGH)
NxWMqGNDXfo Historian - Inspiration // OUTRIDERS (NO COMMENTARY WALKTHROUGH)
O2N08nexMpg Gig, A Shrine Defiled // Cyberpunk 2077 (NO COMMENTARY)
O2galuwPcKs DOOM // RIP & TEAR
O3cEnfYnnXo High School Escape // The Last of Us |Bill's Town|
O3mUfmbnnwE ACT 3 The Photographer // Inscryption (NO COMMENTARY WALKTHROUGH)
O449lrHYzgY KANYE RESCUES THE ROBOT // FALLOUT NEW VEGAS |THE COURIER |
O4DFWQT0Bsg PREY // PART 10
O6nOZd1-wvE Sacrifice // OUTRIDERS (NO COMMENTARY WALKTHROUGH)
O6zsdiH3xcY KANYE GOES NUCLEAR // FALLOUT NEW VEGAS |THE SILO|
O72iiBfinbs 34FREE // SUPERHOT (NO COMMENTARY WALKTHROUGH)
O8N8fOVw6IM A CHANCE ARRANGEMENT // THE ELDER SCROLLS V: SKYRIM
O8QScB9-Q4s Mundaun - Day 1 (NO COMMENTARY WALKTHROUGH)
OBcNqKSBCn0 Detention // Part Two
OCkujJzffFw Invader Invasion Point (WORLD 2: TEATAN KINGDOM) // Guardian Tales (NO COMMENTARY WALKTHROUGH)
ODLQNh2Kcj0 chippin in // Cyberpunk 2077 (NO COMMENTARY)
OEPgAB-6oRg THE SILENT AGE // CHAPTER NINE: INSIDE ARCHON
OEgZ8jv3cz8 The Psychopath // Wasteland 3 (NO COMMENTARY WALKTHROUGH)
OGl1keKAJiM Lord of Lies ~ Diablo 3 (NO COMMENTARY)
OJUMWjr6OtY The Dweller of the Deep // Path of Exile (NO COMMENTARY WALKTHROUGH)
OKvMsqu-Jec Dungeon Kingdom Passage 1 (WORLD 7: Dungeon Kingdom) // Guardian Tales (NO COMMENTARY WALKTHROUGH)
OLhs6kc1-tk KANYE RESCUES THE GAL // FALLOUT NEW VEGAS |LAST LUXURIES|
OM-7b7UyxkQ Victario's Secret // Path of Exile (NO COMMENTARY WALKTHROUGH)
OOEr1kHXRks JOINING THE STORMCLOAKS // THE ELDER SCROLLS V: SKYRIM
OSOpg4zKPaw TRUTH AND RECONCILIATION // Halo: Combat Evolved Anniversary (NO COMMENTARY PLAYTHROUGH)
OT5XCq3GVHE 19OLDBOY // SUPERHOT (NO COMMENTARY WALKTHROUGH)
OUhwIebAo8M HOW TO BE A GREAT LIAR // LIFE IS STRANGE |EPISODE 1:P1|
OVFsYs_X37w PREY // PART 7
OW_WuRjt0zo Undertale // Part 1 (NO COMMENTARY WALKTHROUGH)
OXEYid54--E Where Legend is Asleep (WORLD 5: City of Shen) // Guardian Tales (NO COMMENTARY WALKTHROUGH)
OZVsLFSBwWg Never Fade Away // Cyberpunk 2077 (NO COMMENTARY)
OcBnb1K0ViY Forging Ahead // New World (NO COMMENTARY WALKTHROUGH)
OdfAjvkb9V0 BEFORE THE STORM // THE ELDER SCROLLS V: SKYRIM
OhIEApSP5Lk Hidden Flower Garden (WORLD 1: KANTERBURY FOREST) // Guardian Tales (NO COMMENTARY WALKTHROUGH)
Ol4yqsCWfcs Gaping Dragon // DARK SOULS (NO COMMENTARY WALKTHROUGH)
OuDor8k8tyU PREGNANT AND DANGEROUS // THE WALKING DEAD | SEASON TWO | EPISODE FOUR
OvM_xPsm44I Following the River // Cyberpunk 2077 (NO COMMENTARY)
Owqwo92gwiw Phoenix // Call of Duty Vanguard (NO COMMENTARY WALKTHROUGH)
OxY80g5xjKk HOT CHICK ESCAPES JAIL // SAINTS ROW THE THIRD |I'M FREE - FREE FALLING|
OzyEmxDjKQ4 Legacy of the Ancients // Lost Ark (No Commentary Walkthrough)
P3PnW0hP8cQ Oxenfree // Part One (NO COMMENTARY)
P4vnwgxwQyU I Walk The Line // Cyberpunk 2077 (NO COMMENTARY)
P5C_b7yWPqc Morai Ruins // Lost Ark (No Commentary Walkthrough)
P5egAYYKSMc The Beast in Me, The Big Race // Cyberpunk 2077 (NO COMMENTARY)
P8IsBU0T_Dg Basics of Survival // Lost Ark (No Commentary Walkthrough)
PBGZtF9hCAI In the East Oratory // Lost Ark (No Commentary Walkthrough)
PBSBlAoDaJc Transmissions: Element 120 // Complete Playthrough
PCXCiSD3ajA Another Monument // Lost Ark (No Commentary Walkthrough)
PDDfYHEmfzI Gig, No Fixers // Cyberpunk 2077 (NO COMMENTARY)
PGN2bwFwskg Overseers Orders // New World (NO COMMENTARY WALKTHROUGH)
PIAP7dMU8w8 Ranch House // The Last of Us |Tommy's Dam|
PKT9VWJ4RpE PREY // PART 9
PP29O_f7yr4 Burnt Encampment // Lost Ark (No Commentary Walkthrough)
PP6UzJnEDnU Cursed Chest of the Plunderers Event ~ Diablo 3 (NO COMMENTARY)
PQqb1J4uips A Captive Audience // CONTROL NO COMMENTARY
PRd2CshaQ24 Hunter Splittooth // OUTRIDERS (NO COMMENTARY WALKTHROUGH)
PVXM5Dp06GI RUSTY LAKE: ROOTS // BONUS: FAMILY EMBLEMS
PWGk-lreojg KANYE AND GOD, TOGETHER // FALLOUT NEW VEGAS |FIRES IN THE SKY|
PfiFiULLJiQ WEST OF LOATHING // PART TWO: RUNNIN' FOR SHERIFF
PgnVcnKfjd8 Between Settlements // New World (NO COMMENTARY WALKTHROUGH)
Phubbcv7ksg Shadows in the Desert ~ Diablo 3 (NO COMMENTARY)
Pi17szPPf-o Aeropuerto Scramble // Just Cause 4 (NO COMMENTARY WALKTHROUGH)
PjRQ9_iFyBw Temtem // Badge One to Badge Two
PoDaGWAXPPM 04DROP // SUPERHOT (NO COMMENTARY WALKTHROUGH)
PpX4tC7mA7Y TRUMP RECLAIMS OUTPOST // FALLOUT 4 |TAKING POINT: OUTPOST ZIMONJA|
PsRVSDkf_rg Node 3C // SUPERHOT MIND CONTROL DELETE (NO COMMENTARY WALKTHROUGH)
Pvu8Grs4pzQ Terra Infirma // OUTRIDERS (NO COMMENTARY WALKTHROUGH)
PwIjTrB-zC0 Agency Distress Beacon // Just Cause 4 (NO COMMENTARY WALKTHROUGH)
Px3HMCiFPX8 WEST OF LOATHING // PART THREE:SAVING THE RAILROAD
Px6aRIeBuj4 Take Control // CONTROL NO COMMENTARY
PxWkIaEvqmg Suspicious Goblin Ritual (WORLD 1: KANTERBURY FOREST) // Guardian Tales (NO COMMENTARY WALKTHROUGH)
Pzh5GbKr9lY PREY // PART 11
Q-J56pawRXg ACT 1 Trapper // Inscryption (NO COMMENTARY WALKTHROUGH)
Q1LFru7poek Arcology Blues // The Ascent (No Commentary Walkthrough)
Q6_McsSfwj8 A Frying Pan, Spick, And Span // The Witcher III
Q74ixWRYX0M My Body Requires This // Wasteland 3 (NO COMMENTARY WALKTHROUGH)
Q8C4WcrzdMQ Genshin Impact ~ Winds of the Past (NO COMMENTARY)
QAVRrmhTnlQ Through Sacred Ground // Path of Exile (NO COMMENTARY WALKTHROUGH)
QD2ghpGVai0 CUBE ESCAPE // THE CAVE: COMPLETE WALKTHROUGH
QG71PaZmi8E REBEL REBEL // Cyberpunk 2077 (NO COMMENTARY)
QI6CiVomek0 27OFFICE // SUPERHOT (NO COMMENTARY WALKTHROUGH)
QIgyQkN_M0E Under No Flag // Battlefield V (NO COMMENTARY WALKTHROUGH)
QIqUeXMC1jc Clearing Cannibal Jamboree // Wasteland 3 (NO COMMENTARY WALKTHROUGH)
QMjNLFeuAmE The Final Station // Part 1
QPvNnMlH2G0 Beat on the Brat: Kabuki // Cyberpunk 2077 (NO COMMENTARY)
QQTA-66WPPs Stadium Love // Cyberpunk 2077 (NO COMMENTARY)
QXzn8wqZQfk THE LIBRARY // Halo: Combat Evolved Anniversary (NO COMMENTARY PLAYTHROUGH)
QcfrX5FW_fc Fortunate Son // Cyberpunk 2077 (NO COMMENTARY)
Qdm9a87VRmI Teatan Kingdom Passage 2 (WORLD 2: TEATAN KINGDOM) // Guardian Tales (NO COMMENTARY WALKTHROUGH)
Qdu1D9C1oJY Support the Border Post // Lost Ark (No Commentary Walkthrough)
Qe5QX1F1f3M ALDUIN'S WALL // THE ELDER SCROLLS V: SKYRIM
Qjn4KYHrQGw PELICAN DOWN // Halo Infinite (NO COMMENTARY WALKTHROUGH)
QjzLxIzGCWQ The Enemy Within // CONTROL NO COMMENTARY
QrJcvb9NUPk FOXHOUND SQUAD // Halo Infinite (NO COMMENTARY WALKTHROUGH)
QtpBNQ5i25I HARD ANSWERS // THE ELDER SCROLLS V: SKYRIM
QvexLy90N40 Storm Warning // New World (NO COMMENTARY WALKTHROUGH)
QzJM5SYdLDo Distraint // Complete Playthrough
R7NEWMGuFK4 Truffle Fever // New World (NO COMMENTARY WALKTHROUGH)
R856KRIgtr0 A Quest for Glittering Gold // Sea of Thieves (NO COMMENTARY)
RLqNemcUXNc Cyberpsycho Sighting, Lt Mower // Cyberpunk 2077 (NO COMMENTARY)
RMi1XlOy6Vs Wanted Blitzkrieg // OUTRIDERS (NO COMMENTARY WALKTHROUGH)
RSmqeLi2kAA Bonds // OUTRIDERS (NO COMMENTARY WALKTHROUGH)
RUc_IiWDjco KANYE SAVES THE DAY // FALLOUT NEW VEGAS |THE END|
RVEZhBkRPR8 Armen and the Demon // Lost Ark (No Commentary Walkthrough)
RWkMoaWyQbE The Final Station // Part 4 (ENDING)
RcY9HVf6BXk SILENT AUDITORIUM // Halo Infinite (NO COMMENTARY WALKTHROUGH)
RjESYK8-L0Y ACT 3 Epilogue // Inscryption (NO COMMENTARY WALKTHROUGH)
RjMtgXc4-MY THE FATHER IS A BONG?? // BULB BOY
Rn9z5l3YnCg Lava Zone (WORLD 7: Dungeon Kingdom) // Guardian Tales (NO COMMENTARY WALKTHROUGH)
RnTrAd3dfyM Downtown // The Last of Us |The Outskirts|
RnYHDH8_7wg Raymond Chandler Evening // Cyberpunk 2077 (NO COMMENTARY)
RnoBwfqljbU There Are Ghosts In These Stalls // Itch.io Horror Game (NO COMMENTARY)
Ro9korHz5vI Soul Shriven In ColdHarbour // The Elder Scrolls Online
RoDt_C4PNKg ACT 2 Ending // Inscryption (NO COMMENTARY WALKTHROUGH)
Rp80zQd3vTU The New Kid In Town ~ South Park The Stick of Truth (NO COMMENTARY)
Rq4NfwT4WEk Genshin Impact ~ The Art of Cooking (NO COMMENTARY)
RtAEMu_rLEM Crossroads of Destiny // Lost Ark (No Commentary Walkthrough)
RzThtnHNa9g Bad Hair Day // Borderlands 2 (NO COMMENTARY WALKTHROUGH)
S2zypSHmxzc TRUMP DISCOVERS CHEM LAB // FALLOUT 4 |DIAMOND CITY BLUES|
S5inH5xixpU Firewood // Part 2
SCfjLzbULy4 WOLFENSTEIN: THE NEW ORDER // CHAPTER 8
SEGFGd6ZK8w Beneath the Spire ~ Diablo 3 (NO COMMENTARY)
SEvbiF3VGq0 Alien Isolation (NO COMMENTARY WALKTHROUGH)
SFrHiBNCqGU The Ride // Cyberpunk 2077 (NO COMMENTARY)
SGv3VJdJ7eE MOIRAI // Free steam game with great game mechanic
SIqUDLwdoaQ But Why // Lost Ark (No Commentary Walkthrough)
SLB_2ziEp94 Gig, Playing for Keeps // Cyberpunk 2077 (NO COMMENTARY)
SNCD4D5GPXo Fool on the Hill Beginning // Cyberpunk 2077 (NO COMMENTARY) // Cyberpunk 2077 (NO COMMENTARY)
SPRPVUWknTI Crazy Fun // The Pedestrian
SSMyEXtAA-Q XCOM 2 // OPERATION HIDDEN MIST
SSgQ3ZE2TVc To The Eastern Ruins // Lost Ark (No Commentary Walkthrough)
STKINn8v4bE Reign of the Black King ~ Diablo 3 (NO COMMENTARY)
SV-84rbWLWA Gimme Danger // Cyberpunk 2077 (NO COMMENTARY)
SVyIfFOVUFU USING POWERS FOR EVIL // LIFE IS STRANGE |E1:P2|
S_8n9_Vp8wY KANYE IS BORN // FALLOUT NEW VEGAS |AIN'T THAT A KICK IN THE HEAD|
Sg2QjSOvIug CONSERVATORY // Halo Infinite (NO COMMENTARY WALKTHROUGH)
ShxEXSOE-XQ KANYE MEETS CHRISTINE // FALLOUT NEW VEGAS |FIND COLLAR 12: CHRISTINE|
SoPeHKr-xbw \
SqZVa5BQpVU TRUMP AGAINST THE BROTHERHOOD // FALLOUT 4 |A CLEAN EQUATION|
SqrSC5vT8_M TRUMP ANSWERS REPORTERS // FALLOUT 4 |STORY OF THE CENTURY|
Ss6H4x_qcOk LONG NIGHT OF SOLACE \\\\ Halo: Reach (NO COMMENTARY WALKTHROUGH)
SsaUlTTpS0M The Declaration // Lost Ark (No Commentary Walkthrough)
SsavprIjwlI Historian Evolution // OUTRIDERS (NO COMMENTARY WALKTHROUGH)
StgB26nLXGU Turning the Tide ~ Diablo 3 (NO COMMENTARY)
Stjy4-UheYs Dungeon Kingdom Passage 3 (WORLD 7: Dungeon Kingdom) // Guardian Tales (NO COMMENTARY WALKTHROUGH)
Sv8oFKrKU7Y A Royal Audience ~ Diablo 3 (NO COMMENTARY)
SvTovjcCxQ0 Hunter Moldfang // OUTRIDERS (NO COMMENTARY WALKTHROUGH)
SveavwCPKfA Gig ~ Last Login // Cyberpunk 2077 (NO COMMENTARY)
Sw-JcSRufWk THE WORLD-EATER'S EYRIE // THE ELDER SCROLLS V: SKYRIM
SwqMTI6CbJ0 Manor of Masques ~ The Elder Scrolls Online
T-LhLwiHzN0 Night In The Woods // Part Two
T02KV8-fNLQ TRUMP FIGHTS THE RAIDERS // FALLOUT 4 |WHEN FREEDOM CALLS|
T0IEQMgAkcM OXENFREE // Part Two (Ending) (NO COMMENTARY)
T3K2GVM5_1Q Thrax 388 Jefferson // Cyberpunk 2077 (NO COMMENTARY)
T9ew52VeJ68 The Beast in Me, Santa Domingo // Cyberpunk 2077 (NO COMMENTARY)
TDsfW-Gd6Mo INFINITY // Halo 4 (NO COMMENTARY WALKTHROUGH)
THz-1F7ejIE KANYE FINDS THE LONESOME ROAD // FALLOUT NEW VEGAS |THE REUNION|
TOKRW94RoPI Gig, Breaking News // Cyberpunk 2077 (NO COMMENTARY)
TPMxxoRxyRI HARDCORE PARKOUR // MIRROR'S EDGE | PART 1
TQ3XifNjhjs Enemy at the Gate // Path of Exile (NO COMMENTARY WALKTHROUGH)
TT3OcCcBJxE Silent Alleyway (WORLD 2: TEATAN KINGDOM) // Guardian Tales (NO COMMENTARY WALKTHROUGH)
TTM1bFcefgI Urban Hell // Urbex
TTptjfE9H5A A Dirty Job // Path of Exile (NO COMMENTARY WALKTHROUGH)
TUyeagZ_NdI Brad Pitt And Natalie Portman As Mcdonalds Mascots
TbCc1_O4QSY The Secret History of Solis // Just Cause 4 (NO COMMENTARY WALKTHROUGH)
TcAvC_isAmE XCOM 2 // OPERATION STORM FACE
TcHgLj4kjX4 Epistrophy ~ Badlands // Cyberpunk 2077 (NO COMMENTARY) // Cyberpunk 2077 (NO COMMENTARY)
TcPFIriJaj4 Psycho Killer Ending // Cyberpunk 2077 (NO COMMENTARY)
Thy3Cb8nb60 Gig, Going Away Party // Cyberpunk 2077 (NO COMMENTARY)
TjJnHDAZJ0o Genshin Impact ~ City of Freedom (NO COMMENTARY)
Tjgt65Vr1GM Rimworld NO COMMENTARY Beginning Crash To Ending Liftoff ~ Part 18
TkSegptt_04 INTO THE BREACH // First 20 Minutes of No-Commentary Gameplay
TlWVIB4EwUs WTF IS GOING ON //JAZZPUNK |PART1|
To9MsyhMmBc WE FINALLY F*CK UP LARRY //THE WALKING DEAD: S1|E2|P2
Tp-OHkRnTvo Chamber no. 5 // itch.io Horror Escape Puzzle (NO COMMENTARY)
TqBba3maBOs One in the Hand Bounty ~ Diablo 3 (NO COMMENTARY)
Tqedh5OzzGo Forests Treasure (WORLD 1: KANTERBURY FOREST) // Guardian Tales (NO COMMENTARY WALKTHROUGH)
TrJx6YIYDW0 Looting the Light and The Dreaming Cave  // The Elder Scrolls Online
TsMpr6y4V-I Wild Escape // Genshin Impact (NO COMMENTARY)
TvwrI4JxzHg Tapeworm // Cyberpunk 2077 (NO COMMENTARY)
Tw0xYmv3THw World of Tomorrow // Hitman (2016) [NO COMMENTARY]
TzYdYWUwqpM At Dead of Night - PART 1 (NO COMMENTARY)
U-1LmyQJa1w Desert of Madness Passage 1
U1JJHQpP11I Brilliant Ridge // Lost Ark (No Commentary Walkthrough)
U2wvthXljYA Shielded Favors // Borderlands 2 (NO COMMENTARY WALKTHROUGH)
U3VvVeFsico Lucky Find // Genshin Impact (NO COMMENTARY)
U3pRKL2NlvQ Savior // Lost Ark (No Commentary Walkthrough)
U4HttuvJ8dk Desert of Madness Passage 2
U4c7Cb24y0g Refugee Camp Slums (WORLD 9: Rah Empire) // Guardian Tales (NO COMMENTARY WALKTHROUGH)
U4pi3i9zS4g The Psijic's Calling ~ The Elder Scrolls Online (NO COMMENTARY)
U7oKs0Di4iI The Sims 4 // Fooling Around (NO COMMENTARY)
U9YaZZY2E4Q Emergency Passage 1 ALL STAR (WORLD 13 Lilith's Tower) // Guardian Tales (NO COMMENTARY WALKTHROUGH)
UAFI2FUfInc Threshold // CONTROL NO COMMENTARY
UAFKFVoZphs HIGH CHARITY // Halo 2: Anniversary (NO COMMENTARY WALKTHROUGH)
UHoqr-zwIPw Double Life // Cyberpunk 2077 (NO COMMENTARY) // Cyberpunk 2077 (NO COMMENTARY)
UJqN-D7cGkU THE SPIKED ALLIGATOR CHALLENGE AND DIARRHEA WORKOUT// Crazy Japan
UM3yFABQTIY Invader's Base (WORLD 2: TEATAN KINGDOM) // Guardian Tales (NO COMMENTARY WALKTHROUGH)
UPUiuPk3N4E Gig, Family Matters // Cyberpunk 2077 (NO COMMENTARY)
UQamXQgM8ds Finding Dolf (WORLD 6: Inn) // Guardian Tales (NO COMMENTARY WALKTHROUGH)
UTCMEGGMPH4 ACT 2 PO3 the Scrybe of Technology // Inscryption (NO COMMENTARY WALKTHROUGH)
UWdTdP-FwhU The Return of Abd al Hazir ~ Diablo 3 (NO COMMENTARY)
UWvoZJRLtf8 DAMPENED SPIRITS // THE ELDER SCROLLS V: SKYRIM
UXATU6EbPbY Rimworld NO COMMENTARY Beginning Crash To Ending Liftoff ~ Part 5
UY1AuNzRjRA Demon Raid // Lost Ark (No Commentary Walkthrough)
UYp9dKxVdZ0 Rayfield Caliburn // Cyberpunk 2077 (NO COMMENTARY)
UZQNTzER544 The Hospital // The Last of Us |The Firefly Lab|
U_45c3oV63Q NO COMMENTARIO // MIRROR'S EDGE | PART 1
UdXUvb63yHg Hunter   Coldclaw // OUTRIDERS (NO COMMENTARY WAKTHROUGH)
UfQN6ViEh-E Rimworld NO COMMENTARY Beginning Crash To Ending Liftoff ~ Part 26
UiTe8PPLi5s Welcome to the Oldest House // CONTROL (NO COMMENTARY)
Ul3S_eoCgvk The Road to Sanctuary // Borderlands 2 (NO COMMENTARY WALKTHROUGH)
UnjrKK7H4Uk Cyberpsycho Sighting ~ Demons of War // Cyberpunk 2077 (NO COMMENTARY)
UojW13tLcHA Captive ~ C𠂺​l​l​ ​o𠂿​ 𠂽​u​t​y​ ​M​o𠂽𠂾​r​n​ ​W𠂺​r𠂿𠂺​r𠂾​ (NO COMMENTARY)
UtkkT2dZyLQ Pudgy Pyrotechnicians // Genshin Impact (NO COMMENTARY)
Uv1ZWa0LV80 SIMULACRA // Part Two
Uz-lfGsUgPs Galena G240 // Cyberpunk 2077 (NO COMMENTARY)
V-A173qpYZI TRUMP RESCUES THE DAMSEL // FALLOUT 4 |EMOGENE TAKES A LOVER|
V2smDCEaMuE WHAT REMAINS OF EDITH FINCH // SECOND HALF (ENDING)
V3P2Om2hi0M The Only Traitor (The Final Station DLC) // Part 1
V5Xi_vyp2Bo What the Robbers Want // Lost Ark (No Commentary Walkthrough)
V6KigfetBpU XCOM 2 // OPERATION CURSED SCEPTOR
V6gLff3in7k This Town Ain't Big Enough // Borderlands 2
V8G1CFwSaig Old Tastes Die Hard // Genshin Impact (NO COMMENTARY WALKTHROUGH)
V95wWErbwJQ Magistrate's Focus // New World (NO COMMENTARY WALKTHROUGH)
V9Mc3RU5ii0 Firewood // Part 1
VCc4Axba98Q Alone and Forsaken // The Last of Us |Pittsburgh|
VE-9aT8GsrA Far From Home // Fallout 4 |FAR HARBOR DLC|
VEokSKQ6R-E THE DARK BROTHERHOOD FOREVER // THE ELDER SCROLLS V: SKYRIM
VEuPpZE90wI Collector of Anemo Sigils // Genshin Impact (NO COMMENTARY)
VGlwjwWJQM4 TRUMP LEADS THE INVESTIGATION // FALLOUT 4 |GETTING A CLUE|
VIaQ2n8eJTI Avarice Conquest (SUPER Easy) Tutorial  // Diablo 3 (NO COMMENTARY)
VLQ9ZmUwBIw NAKED, ALONE, AND AFRAID // MANLY COSMOCHORIA
VOgzBKhT_jM Node 2A // SUPERHOT MIND CONTROL DELETE (NO COMMENTARY WALKTHROUGH)
VRpK9V4sGMU CHAPTER 6: POWER UP // HALF LIFE : BLACK MESA
VWFxdjsP1hg KENNY FINALLY SNAPS // THE WALKING DEAD: S1|E3|P2
VYxyo7GgkjU SCOUNDREL'S FOLLY // THE ELDER SCROLLS V: SKYRIM
VaPpiA3ZbNs Lava Slime Habitat (WORLD 7: Dungeon Kingdom) // Guardian Tales (NO COMMENTARY WALKTHROUGH)
Vaooy9yejqw DIPLOMATIC IMMUNITY // THE ELDER SCROLLS V: SKYRIM
Vat3dfD_-Ck Rob Kardashian Rescues Blac Chyna // ASMR
VboSfJ3gCQU Clear Cryder's Outpost Bounty ~ Diablo 3 (NO COMMENTARY)
Viezo146Tv8 Epilogue // The Last of Us |Jackson|
VoP_o5xDRiY Level 3 (TOWER) // Guardian Tales (NO COMMENTARY WALKTHROUGH)
VovuT0dLfp8 PREY // PART 4
VqdO6HJTs9E Rimworld NO COMMENTARY Beginning Crash To Ending Liftoff ~ Part 47
VtpcQEvAYMI The Legacy of Cain ~ Diablo 3 (NO COMMENTARY)
Vv_c1MN29xo MAIZE // PART THREE
VxB_jfyhQxk PART FOUR (ENDING) // Deluded Mind
W0jlTrBBuDU Fast Travel Home // New World (NO COMMENTARY WALKTHROUGH)
W3zyXQ4ay6A Robotica Raid // Just Cause 4 (NO COMMENTARY WALKTHROUGH)
W9sNum_gHyw Empty Abode // Genshin Impact (NO COMMENTARY WALKTHROUGH)
WGLOUeLTx5I Devil's Secret (WORLD 7: Dungeon Kingdom) // Guardian Tales (NO COMMENTARY WALKTHROUGH)
WI5DH46vMEM Clear the Cave of Burrowing Horror Bounty ~ Diablo 3 (NO COMMENTARY)
WIJpVFiZ-2c Gig, Rite of Passage // Cyberpunk 2077 (NO COMMENTARY)
WInFSiRGmNQ Warn the Magistrate // New World (NO COMMENTARY WALKTHROUGH)
WIwAClYCsYo Pisces // Cyberpunk 2077 (NO COMMENTARY)
WKo9R_Gw6SM Valheim - Eikthyr to The Elder (SOLO) Part 1
WLNQXYR00SI Identity Crisis // Call of Duty Black Ops Cold War NO COMMENTARY
WQD5UQhKAzQ 20BALLRO // SUPERHOT (NO COMMENTARY WALKTHROUGH)
WSBrHrNF5lw THE SILENT AGE // CHAPTER SEVEN: THE HOUSE
WUS60Qr0zn4 CHAPTER 4: WE'VE GOT HOSTILES // HALF LIFE : BLACK MESA
WUUddUkkRwc Don't Bite The Sun // THE OUTER WORLDS
WUWN3Ht7ekw Epistrophy // Cyberpunk 2077 (NO COMMENTARY) // Cyberpunk 2077 (NO COMMENTARY)
WV6-Dx1fyo0 TRUMP SAVES HIS VALENTINE // FALLOUT 4 |UNLIKELY VALENTINE|
WVMmPiyb0cw Floor 1 // Beholder 2 (NO COMMENTARY WALKTHROUGH)
WVq5-0SYeas Why Call Them Back From Retirement // THE OUTER WORLDS
WWkDl04lGRY The Bard ~ South Park The Stick of Truth (NO COMMENTARY)
WWuUTyMbA5I KISS ME ELEANOR // ELEANOR'S STAIRWAY
WXIafl7CSdQ The Final Test // Hitman (2016) [NO COMMENTARY]
WZsGwejXXXs Little Chef on a Hunt // Genshin Impact (NO COMMENTARY)
W_P5MGE7WLY JESTER SQUAD // Halo Infinite (NO COMMENTARY WALKTHROUGH)
Wfl6SIloSs0 The Space in Between // Cyberpunk 2077 (NO COMMENTARY) // Cyberpunk 2077 (NO COMMENTARY)
WgGOLKfBa7w Tip of the Spearhead // The Elder Scrolls Online
WjE9ZypH8M8 WITH FRIENDS LIKE THESE... // THE ELDER SCROLLS V: SKYRIM
WkA_3SALbJs Supplies and Storage // New World (NO COMMENTARY WALKTHROUGH)
WknQtiOCVWI Settlement Priorities // New World (NO COMMENTARY WALKTHROUGH)
WlfUeMf_FGo Best Minion Ever // Borderlands 2 (NO COMMENTARY WALKTHROUGH)
Wq8Ojoay_uI Wanted   The Perforator // OUTRIDERS (NO COMMENTARY WAKTHROUGH)
WqRwDdjuVP4 Fortaleza Release // Just Cause 4 (NO COMMENTARY WALKTHROUGH)
WrYoPqCl1uY GETTING MY REDWINGS // F.E.A.R. Intervals 01, 02, 03
WrodAx-CfQY short aging // SUPERHOT MIND CONTROL DELETE (NO COMMENTARY WALKTHROUGH)
WwmUxKZQ9Qs HOW TO: BARRELMANCY // DIVINITY: ORIGINAL SIN 2
Wz5VUeRS4IU WHISPERS IN THE DARK // THE ELDER SCROLLS V: SKYRIM
X-r4V9K6bFw Quadra Type 66 Javelina // Cyberpunk 2077 (NO COMMENTARY)
X0Qvic16Y-A Bad North // Gasholmur
X1mXVqNe5s8 Havel the Rock // DARK SOULS (NO COMMENTARY WALKTHROUGH)
X6K3J-ELjxQ SOVNGARDE // THE ELDER SCROLLS V: SKYRIM
X9Ohphh-hTA DRAGON RISING // THE ELDER SCROLLS V: SKYRIM
XAYIql9zCdg Fallen Tears // Genshin Impact (NO COMMENTARY)
XB6nMrio9BI Stolen Tears // Genshin Impact (NO COMMENTARY)
XCp4CXfnRIY Subnautica  \\\\ A Wild And Wet Playthrough
XDzrVHooAig TRUMP THE DETECTIVE OF CRIMES // FALLOUT 4 |LONG TIME COMING|
XEOzPPuX-Z0 Grace the drinker // Lonely Things
XFUpCBkP0BQ Chernobyl Liquidators Simulator (NO COMMENTARY PLAYTEST)
XICjBZwtuR0 On The Border // Lost Ark (No Commentary Walkthrough)
XJ2g7xd74AI Let The Wind Lead // Genshin Impact (NO COMMENTARY)
XJ9EWPgWckY FRANKLIN AND LAMAR // GRAND THEFT AUTO V
XNIz1XF0rpM Old Prophecy Calls // Lost Ark (No Commentary Walkthrough)
XQEDxq6ggwY Emergency Passage 2 (WORLD 13: Lilith's Tower) // Guardian Tales (NO COMMENTARY WALKTHROUGH)
XW2v3H_1nYw ICA Training // Hitman (2016) [NO COMMENTARY]
XW3o86HYH80 The Aspect of Pain Bounty ~ Diablo 3 (NO COMMENTARY)
XXpT71ItPv0 Club 27 // Hitman (2016) [NO COMMENTARY]
XZQhgHzV9_k RUSTY LAKE: ROOTS // SECOND HALF
Xbt5VTyb2dA WATCHDOGS ~ Part 2 (NO COMMENTARY)
Xd49L998UGM Healing Hands // Lost Ark (No Commentary Walkthrough)
XdWSKBRQJAU Wild At Heart // The Witcher III
XhO6U7tR65U WORLD OF HORROR ~~  Spine Chilling Story of School Scissors (NO COMMENTARY)
Xq1LisyGCRM Intro and My First Gun // Borderlands 2 (NO COMMENTARY WALKTHROUGH)
Xq4wEut261c THE SILENT AGE // CHAPTER TWO: THE FUTURE
XrI6EakzV6k Node 4A // SUPERHOT MIND CONTROL DELETE (NO COMMENTARY WALKTHROUGH)
XvM6TSyNoL8 The Marooned Mariner // Path of Exile (NO COMMENTARY WALKTHROUGH)
XxfBW4iCyuQ Powder Kegs // New World (NO COMMENTARY WALKTHROUGH)
Xzc_JanzpBY INNOCENCE LOST // THE ELDER SCROLLS V: SKYRIM
XziafiT_Ic4 Valheim - Easy Elder Boss Beat (SOLO)
Y-Ys23EZaa4 Moonlight Butterfly // DARK SOULS (NO COMMENTARY WALKTHROUGH)
Y5As-iWBxRE An Indominable Spirit // Path of Exile (NO COMMENTARY WALKTHROUGH)
Y6vdG_wITSI City of Shen Passage 4 (WORLD 5: City of Shen) // Guardian Tales (NO COMMENTARY WALKTHROUGH)
Y7435wKntKo XCOM 2 // OPERATION WINTER KNIFE
Y9niXc_PDMU The Snakes Gem // Lost Ark (No Commentary Walkthrough)
YA5TaUt4fdo WE MEET ADELE //THE WALKING DEAD S1|E2|P1
YJ5TXHccDLk EPISODE TWO: GIVE NO SHELTER // THE WALKING DEAD: MICHONNE
YJTrhMcV2KI Chapter 1, Death Row  -  Prison Architect (NO COMMENTARY)
YM-MLPfr95I Rimworld NO COMMENTARY Beginning Crash To Ending Liftoff ~ Part 17
YNvBFpKW3RI Armen Beseiged // Lost Ark (No Commentary Walkthrough)
YTC1UIPjWtk Restore the Street // Lost Ark (No Commentary Walkthrough)
YTTOs1-biPg Episode One // Captive Audience (GREAT ITCH.IO GAME!!)
YTt-f5Ld6q8 License to Glide // Genshin Impact (NO COMMENTARY)
YWagohrF1Pg Rimworld NO COMMENTARY Beginning Crash To Ending Liftoff ~ Part 36
YY0KwefFAEg 25FALL // SUPERHOT (NO COMMENTARY WALKTHROUGH)
YZbn9SaMPkQ Chapter 2, Palermo -  Prison Architect (NO COMMENTARY)
Y_yWQXHCSM8 RUSTY LAKE: SAMSARA ROOM // COMPLETE PLAYTHROUGH
YbEU_5C0_D4 From Start To A Dyson Swarm ~ The Dyson Sphere Program Part 6 (NO COMMENTARY)
YbYTOOPMkzo CAT AND FATHER, DEAD // Sheltered |Week 2| EARLY ACCESS
YlBg5372cOc THE WAY OF THE VOICE // THE ELDER SCROLLS V: SKYRIM
Yo7BbMSyCys Halo Infinite Bot Arena
YovStAUzpPY Pyramid Song // Cyberpunk 2077 (NO COMMENTARY)
Yq0H_ylXErg THAV SEBARIM // Halo Infinite (NO COMMENTARY WALKTHROUGH)
YqjZTe_OrMM WOLFENSTEIN: THE NEW ORDER // CHAPTER 13
YrNXDTDe-FA DAYMARE 1998 // PART ONE
YsIf1SpJ7_E ACT2: DROP BY DROP MISSION // DEAD ISLAND
YuZuysxfE4s They Call Him Raptor // Genshin Impact (NO COMMENTARY)
YuhycHsyPPg Hotel Lobby // The Last of Us |Pittsburgh|
YwaIANIY0T8 The Road to Alcamus ~ Diablo 3 (NO COMMENTARY)
YzHV8fBCSjc Rimworld NO COMMENTARY Beginning Crash To Ending Liftoff ~ Part 2
Z-LGrWRiPog FOB CHARLIE // Halo Infinite (NO COMMENTARY WALKTHROUGH)
Z-NYTikoQMM Still Hesitant // Lost Ark (No Commentary Walkthrough)
Z-UHdFkScKA Suprion FS3 // Cyberpunk 2077 (NO COMMENTARY)
Z0T1rOuLiaA Best Left Forgotten // Fallout 4 |FAR HARBOR DLC|
Z3uM4QEt_d4 PERHAPS TOO MUCH MAKEUP? // THE WALKING DEAD | SEASON 2 | EPISODE 2
Z4WrhybLGqk Gig, Race to the Top // Cyberpunk 2077 (NO COMMENTARY)
Z4a3KRATb_w Song of Valor // Lost Ark (No Commentary Walkthrough)
Z5HDzg9V0nE WORLD OF HORROR ~~ Alarming Account of Abnormal Arms (NO COMMENTARY)
Z7Wj_NYVxuM Finding the Fairy (WORLD 6: Inn) // Guardian Tales (NO COMMENTARY WALKTHROUGH)
ZGNoK6k4RLc Binding Evil ~ Diablo 3 (NO COMMENTARY)
ZJFVI9KWmVM 09FIGHTC // SUPERHOT (NO COMMENTARY WALKTHROUGH)
ZJlkC4tG0PA The Information // Cyberpunk 2077 (NO COMMENTARY)
ZLxdhnodNM0 The King of Fury // Path of Exile (NO COMMENTARY WALKTHROUGH)
ZQ2ioyTZ3Rs Archon's Grove ~ The Elder Scrolls Online
ZS4NubTttjQ Decorative Blooms // Lost Ark (No Commentary Walkthrough)
ZSKMERbQz_4 Gig, Psychofan // Cyberpunk 2077 (NO COMMENTARY)
ZT7GeGFl7sY Orwell: Keeping an Eye On You // Episode Three \
ZTfPgdWYxDk WOLFENSTEIN: THE NEW ORDER // CHAPTER 4
ZVjPY1O1LFA Tragedy Written in Stone // Lost Ark (No Commentary Walkthrough)
ZW2HJijNeZQ The Last Monument // Lost Ark (No Commentary Walkthrough)
ZWRVHbgvbQk 12 Minutes (PART THREE: Multiple Endings ) // NO COMMENTARY WALKTHROUGH
Zc5fapE6yqA Meetings Along the Edge // Cyberpunk 2077 (NO COMMENTARY)
ZgYuQ04PPa0 Mentor // OUTRIDERS (NO COMMENTARY WAKTHROUGH)
Zh2V1J94BfQ The Other Ingredient // OUTRIDERS (NO COMMENTARY WALKTHROUGH)
Zl8_xQnKFKc 07SHOTS // SUPERHOT (NO COMMENTARY WALKTHROUGH)
ZlXAfZRfn7I TITAN SQUAD // Halo Infinite (NO COMMENTARY WALKTHROUGH)
Zmnfm0tH6YA WATCHDOGS ~ Part 6 (NO COMMENTARY)
Zp7U7hEZpTs Raid and Rescue // Lost Ark (No Commentary Walkthrough)
Zu5vI1Kv-Qg Pigeon, Duck, and Child // Genshin Impact (NO COMMENTARY)
Zvlle7vWVyA Mercy Mission // Path of Exile (NO COMMENTARY WALKTHROUGH)
ZyImj8sj4LA KANYE GETS THE SHOW RUNNING // FALLOUT NEW VEGAS |CURTAIN CALL AT THE TAMPICO|
_69jOGzWsKI CHICK GOT YO SIX // SAINTS ROW THE THIRD |GUARDIAN ANGEL|
_EgkGtPBZG4 WOLFENSTEIN: THE NEW ORDER // CHAPTER 6
_HqfoFh4T7A The Old Man at the River // New World (NO COMMENTARY WALKTHROUGH)
_I-2XuUzyiI SPIRE // Halo Infinite (NO COMMENTARY WALKTHROUGH) // Halo Infinite (NO COMMENTARY WALKTHROUGH)
_KZY5iZb8WY Killing Two Birds With One Stone // Lost Ark (No Commentary Walkthrough)
_LXV62vsYMI They Will Be Remembered // Lost Ark (No Commentary Walkthrough)
_O2Dl8dhiv8 Guide: Learning about Pets // Lost Ark (No Commentary Walkthrough)
_QTauMFg5kc Dead Secret // Part 1
_RjvSCZFemI Chamber of Secrets (WORLD 3: MAGIC SCHOOL) // Guardian Tales (NO COMMENTARY WALKTHROUGH)
_Tsoqokg75E KONA // Part Two
_U9CxnEb2Ok Cultists Secret Ritual (WORLD 2: TEATAN KINGDOM) // Guardian Tales (NO COMMENTARY WALKTHROUGH)
_Ul3T50Vy7s XCOM 2 // OPERATION FADING TONGUE
_WkQCUgJ1UY Intro // SUPERHOT MIND CONTROL DELETE (NO COMMENTARY WALKTHROUGH)
_X3-M-fi8PI NOCT // MASSIVE WORMS
__JoAPDRydk Elijah Wood As Danny Devito
_a-DBhHdGN0 Fridge Duty // CONTROL NO COMMENTARY
_bfHnwzD05M Salvation // OUTRIDERS (NO COMMENTARY WALKTHROUGH)
_cgWUEfD5w8 Dream On // Cyberpunk 2077 (NO COMMENTARY)
_eiUm3I357o Blistering Love // Cyberpunk 2077 (NO COMMENTARY)
_nw-1L4817o Mayhem // OUTRIDERS (NO COMMENTARY WAKTHROUGH)
_qLxbjZtmvw Armens Whereabouts // Lost Ark (No Commentary Walkthrough)
_vIruaERbHw Things the Nomads Have Lost // Lost Ark (No Commentary Walkthrough)
a1U1AXCNO-k Civilization VI (No Commentary)
a42jQXvD9OA Old Friends // CONTROL NO COMMENTARY
a4BpD8q3tq0 PREY // PART 8
a4ON-Pc2NJY MAIZE // PART TWO
aDbwaGxAtA8 wpnmstr hack // SUPERHOT MIND CONTROL DELETE (NO COMMENTARY WALKTHROUGH)
aEULTQUHM-U Emperor 620 Ragnar // Cyberpunk 2077 (NO COMMENTARY)
aEjeMtjdeWs Big Iron // OUTRIDERS (NO COMMENTARY WALKTHROUGH)
aEwPLJ7Cg34 Rimworld NO COMMENTARY Beginning Crash To Ending Liftoff ~ Part 40
aG5darClS6U Space Crime Continuum // THE OUTER WORLDS
aG_vB-1AQ34 WOLFENSTEIN: THE NEW ORDER // CHAPTER 16 (THE END)
aKW1nTpx56I The Harbringer ~ Diablo 3 (NO COMMENTARY)
aLKHTQJIkTA By His Bootstraps // THE OUTER WORLDS
aLit80LWqA4 14SERV // SUPERHOT (NO COMMENTARY WALKTHROUGH)
aNR_X9bn2iA STARLIGHT SQUAD // Halo Infinite (NO COMMENTARY WALKTHROUGH)
aNl6z8LaFpM A Merry Chase // CONTROL (NO COMMENTARY)
aQ9eeveTMN4 Magic School 4th Floor (WORLD 3: MAGIC SCHOOL) // Guardian Tales (NO COMMENTARY WALKTHROUGH)
aQXgK393v1E Riders On The Storm // Cyberpunk 2077 (NO COMMENTARY)
aWhaC3hPPns Rah Empire Passage 1 (WORLD 9: Rah Empire) // Guardian Tales (NO COMMENTARY WALKTHROUGH)
aX188A6mszU Freedom Fighters // Hitman (2016) [NO COMMENTARY]
aaJOvjJH_3U Protect The Food (WORLD 6: Inn) // Guardian Tales (NO COMMENTARY WALKTHROUGH)
abvCg-HOo0w Desert Temple ~ Minecraft Dungeons (NO COMMENTARY)
ad3rBKmCq4c WOLFENSTEIN: THE NEW ORDER // CHAPTER 1
adNRJ6y1RjQ Rimworld NO COMMENTARY Beginning Crash To Ending Liftoff ~ Part 12
adnvE2sCbPA Gig, Many Ways to Skin a Cat // Cyberpunk 2077 (NO COMMENTARY)
af72_ZqPCCg ACT 2 Magnificus the Scrybe of Magicks // Inscryption (NO COMMENTARY WALKTHROUGH)
ahseDc17p3w Dangerous Forest (WORLD 1: KANTERBURY FOREST) // Guardian Tales (NO COMMENTARY WALKTHROUGH)
ajrLPef--l8 KINGDOM OF LOATHING // CHAPTER 2
alg2ktpeXBY Reported Crime, Comrade Red // Cyberpunk 2077 (NO COMMENTARY)
aloKGJzQZdM CHAPTER 11: SURFACE TENSION // HALF LIFE : BLACK MESA
amHzYHS18xk Situs Inversus // Hitman (2016) [NO COMMENTARY]
ayq2-QCQl4s New Light // Destiny 2 NO COMMENTARY
b93HUWL1hF4 HUNTED // Beyond Two Souls (NO COMMENTARY WALKTHROUGH)
bBGPbTu80Ds Spatharii Bounty ~ Diablo 3 (NO COMMENTARY)
bCapKx39vr4 Lords of War // Wasteland 3 (NO COMMENTARY WALKTHROUGH)
bEDRMsX5BEE Glide with the Wind // Genshin Impact (NO COMMENTARY)
bGEbM9bEZ9s KANYE THE REPAIRMAN // FALLOUT NEW VEGAS |INFLUENCING PEOPLE: PART 1|
bSrcinUVVXY Graveyard // The Last of Us |Bill's Town|
bStxoHzrD6s KANYE VISITS THE DRIVE-IN MOVIE THEATRE // FALLOUT NEW VEGAS |MIDNIGHT SCIENCE-FICTION FEATURE!|
b_ze9UqdH0w HALO // Halo 3 (NO COMMENTARY WALKTHROUGH) // Halo 2: Anniversary (NO COMMENTARY WALKTHROUGH)
bbOgM5jghb4 Don't You Be My Neighbor // Wasteland 3 (NO COMMENTARY WALKTHROUGH)
be7wceEnGU4 Proxy War ~ Call of Duty Modern Warfare (NO COMMENTARY)
bg1oOu4QJeQ CRAPPY VERSION OF LEFT 4 DEAD 3 // SAINTS ROW THE THIRD |ZOMBIE ATTACK|
bgrgbomq5Mg Comes Now The Power // THE OUTER WORLDS
bgvl_bZPIXE KANYE RESCUES THE HOSTAGES // FALLOUT NEW VEGAS |BACK IN YOUR BACKYARD|
biMJF9cjIKs HORN OF ABOLITION // Halo Infinite (NO COMMENTARY WALKTHROUGH)
bl9gvKrr04w DOGS AND ZOMBIES // THE WALKING DEAD SEASON 2 | EP1 | PT 1
bnuKYzVcOnQ Lightning Breaks // Cyberpunk 2077 (NO COMMENTARY)
boA2qAXVdkE THE CURE FOR MADNESS // THE ELDER SCROLLS V: SKYRIM
brGGaomp7gg KANYE GETS THE PROTOTOPE SUIT // FALLOUT NEW VEGAS |X-13: ATTACK OF THE INFILTRATOR!|
bsuuBMfG0Ts THE PILLAR OF AUTUMN // Halo: Combat Evolved Anniversary (NO COMMENTARY PLAYTHROUGH)
bt0lXAm7LHE Insane Car Glitch // Cyberpunk 2077 (NO COMMENTARY)
buePplnM9Ng TRUMP TRACKS DOWN KILLER // FALLOUT 4 |REUNIONS|
c3EeCJETTPo DONALD TRUMP IS BORN // FALLOUT 4 |BEGINNING|
c3UVYbfExEw Soothsayer's Needs // Lost Ark (No Commentary Walkthrough)
c62aE_ktW0k My Brother's Keeper // CONTROL NO COMMENTARY
cARBNOuBU0w FOB GOLF // Halo Infinite (NO COMMENTARY WALKTHROUGH) // Halo Infinite (NO COMMENTARY WALKTHROUGH)
cBNfTl-LnmY Darkwood // Chapter 1 |Part 1|
cCGAJtuMH94 Historian Change // OUTRIDERS (NO COMMENTARY WALKTHROUGH)
cD7Z3g7-BHw Choose Your Allegiance // New World (NO COMMENTARY WALKTHROUGH)
cFhSb2uYzT0 I Fought The Law // Cyberpunk 2077 (NO COMMENTARY)
cIZIL9ZyNyc Rimworld NO COMMENTARY Beginning Crash To Ending Liftoff ~ Part 11
cKK8w0TXz68 The Walking Dead: The Final Season // EP 4 |Take Us Back|
cLZNIJ5RnOI THE THROAT OF THE WORLD // THE ELDER SCROLLS V: SKYRIM
cLtXOmzwOqA Scary Bamboo Rabbit (WORLD 5: City of Shen) // Guardian Tales (NO COMMENTARY WALKTHROUGH)
cMoXf9ve9r0 Rah Empire Passage 2 (WORLD 9: Rah Empire) // Guardian Tales (NO COMMENTARY WALKTHROUGH)
cNN7ObBVpkQ The Stainless Steel Rat // THE OUTER WORLDS
cPQsG9DWbH4 SEXY CHICK WITH GUN // SAINTS ROW THE THIRD |GANG BANG MISSION|
cXWckszRhkQ Gun Music // Cyberpunk 2077 (NO COMMENTARY)
cdZA4DDgnEA Magic School 2nd Floor (WORLD 3: MAGIC SCHOOL) // Guardian Tales (NO COMMENTARY WALKTHROUGH)
cdiSDfh1pro Hunter Spinewretch // OUTRIDERS (NO COMMENTARY WALKTHROUGH)
cfL9fg3qMXM Langstons Runaways, The Mannequin // CONTROL NO COMMENTARY
chgNpt_sJU8 Dungeon Kingdom Passage 4 (WORLD 7: Dungeon Kingdom) // Guardian Tales (NO COMMENTARY WALKTHROUGH)
ciAvCKJnu8Q 28STATION // SUPERHOT (NO COMMENTARY WALKTHROUGH)
ctY9CM--6cI KANYE GETS INTO EXCLUSIVE VENUE // FALLOUT NEW VEGAS |TRIGGER THE GALA EVENT|
cwRV79xOL4g Flower Shower // Lost Ark (No Commentary Walkthrough)
cxCK_zCjz_U ACT 3 Golly // Inscryption (NO COMMENTARY WALKTHROUGH)
cyKICqPi1II Bad North // Skillowick
czZrk3TCcJk Artificer Gomes // New World (NO COMMENTARY WALKTHROUGH)
d04BAxhgOh8 Quartz EC L R275 // Cyberpunk 2077 (NO COMMENTARY)
d0DHYIhnimM Quadra Type 66 Cthuhlu // Cyberpunk 2077 (NO COMMENTARY)
d0RPLARmA80 Woman of La Mancha // Cyberpunk 2077 (NO COMMENTARY)
d0u2SKxc-yI Return Fire // OUTRIDERS (NO COMMENTARY WAKTHROUGH)
d1Rbf4T9k0M Ezekiel Saw the Wheel // Cyberpunk 2077 (NO COMMENTARY)
d9tPJVigWDg Rimworld NO COMMENTARY Beginning Crash To Ending Liftoff ~ Part 37
dAnXs1Q8K1I Dinner Party // World's Fastest Let's Play
dEyhWKZVH9Q THE ARK // Halo 3 (NO COMMENTARY WALKTHROUGH) // Halo 2: Anniversary (NO COMMENTARY WALKTHROUGH)
dFGqvDxgLJw Cooking Showdown // Genshin Impact (NO COMMENTARY)
dKeiaTqI8a4 I Don't Wanna Hear It // Cyberpunk 2077 (NO COMMENTARY)
dNPzHUUCGTA ACT 1 Ending // Inscryption (NO COMMENTARY WALKTHROUGH)
dPDgw2aCCRM Sara Is Missing // WE FOUND HER?
dQqWAvcO5H4 A Day in the Life // Cyberpunk 2077 (NO COMMENTARY)
dVuxMlCuzQc FOB ALPHA // Halo Infinite (NO COMMENTARY WALKTHROUGH) // Halo Infinite (NO COMMENTARY WALKTHROUGH)
dZXG4kGAGoI Fiery Forge ~ Minecraft Dungeons (NO COMMENTARY)
daemIs507K0 Pure Blood ~ Dead Island
dbTMpFV5qHg CHAPTER 13: LAMBDA CORE (ENDING)// HALF LIFE : BLACK MESA
ddnTDLNp0c4 THE BINOCULAR SOCCER GAME AND THE TINY ARMPIT MAN // Crazy Japan
di-G285C8SA HOT GIRL WANTS THE BIG BOY // SAINTS ROW THE THIRD |A REMOTE CHANCE|
dk-8_ZZWTRc Practice Makes Perfect // Cyberpunk 2077 (NO COMMENTARY)
dp0nSnpHaHM Gig, Freedom of the Press // Cyberpunk 2077 (NO COMMENTARY)
dp7oV9L57xk Prime Evil ~ Diablo 3 (NO COMMENTARY)
dq1oUPRLsoo Murder in Lillandril ~ The Elder Scrolls Online
drQ79a2jEaw Don't Feed the Monkeys (NO COMMENTARY WALKTHROUGH)
du37CUoOW6I The Queen's Decree // The Elder Scrolls Online
dv-mnQhkD7M Rayfield Aerondight Guinevere // Cyberpunk 2077 (NO COMMENTARY)
dy11SEh6WqA WE BREAK BAD // THE WALKING DEAD || 400 DAYS
e13Fc62ro40 Rimworld NO COMMENTARY Beginning Crash To Ending Liftoff ~ Part 28
e13uBQNRI0Y The Taste of Fear ~ The Elder Scrolls Online
e2Ln5uRKnFE Azmodan Bounty ~ Diablo 3 (NO COMMENTARY)
eC2XZ5JXpOs Great Gray Wolf Sif *SUPER EASY TRICK* GUIDE 2022 // Dark Souls Walkthrough
eEvPFkzPlHs Pour One Out // OUTRIDERS (NO COMMENTARY WALKTHROUGH)
eH_2t4-t3mU RUSTY LAKE: ROOTS // FIRST HALF
eHikUOxDU3g LANCER SQUAD // Halo Infinite (NO COMMENTARY WALKTHROUGH)
eHlSYkri6NM Skilled Adventurer Test Site (WORLD 7: Dungeon Kingdom) // Guardian Tales (NO COMMENTARY)
eHxUcQKTops \
eRbTUjK33nE Beat on The Brat Finale, Hugh Razor // Cyberpunk 2077 (NO COMMENTARY)
eTBARoN4VVk XCOM 2 // OPERATION BLINDING DAZE
eUFByGggEtQ Cyberpsycho Sighting ~ Six Feet Under // Cyberpunk 2077 (NO COMMENTARY)
eVNhcEqYSco BADASS GIRL RIDES TANK // SAINTS ROW THE THIRD |TANK MAYHEM|
eW3NnC8esfM Prologue: Hometown // The Last of Us
eWEZiIOT43g The Illustrated Manual // THE OUTER WORLDS
eauXNxaxLEo The Battle of Midway // Call of Duty Vanguard (NO COMMENTARY WALKTHROUGH)
ec0PyyxYsII Gig, MIA // Cyberpunk 2077 (NO COMMENTARY)
ecOmqZ-DnIg Only Pain // Cyberpunk 2077 (NO COMMENTARY)
edbE0cyz_2M Gig ~ Flight of the Cheetah // Cyberpunk 2077 (NO COMMENTARY) // Cyberpunk 2077 (NO COMMENTARY)
ei2RoIkK5U8 EXODUS \\\\ Halo: Reach (NO COMMENTARY WALKTHROUGH)
eoxs5KWcCew HE TORTURES HIS BROTHER, WTF // THE WALKING DEAD: S1|E1|P2
evOIwBofbZI 343 GUILTY SPARK // Halo: Combat Evolved Anniversary (NO COMMENTARY PLAYTHROUGH)
ewrPFmoiep8 PREY // PART 5
ezu_O2ratXM To Lakebar // Lost Ark (No Commentary Walkthrough)
f-pwFXti9Lc WORLD OF HORROR ~~ Curious Case of a Contagious Coma (NO COMMENTARY)
f034SfU8_wg Gig, Sparring Partner // Cyberpunk 2077 (NO COMMENTARY)
f27Z7qcStlQ Node 4 // SUPERHOT MIND CONTROL DELETE (NO COMMENTARY WALKTHROUGH)
f3rlbs8AVaQ Wanted Maneater // OUTRIDERS (NO COMMENTARY WALKTHROUGH)
f6GyDX134pM Reformation // Fallout 4 |FAR HARBOR DLC|
f77Eta6piqI Rimworld NO COMMENTARY Beginning Crash To Ending Liftoff ~ Part 48
f7eV71-k5oU Harvester's Nest (WORLD 2: TEATAN KINGDOM) // Guardian Tales (NO COMMENTARY WALKTHROUGH)
fGAYnEy4F-o Training   Drone Activity // Just Cause 4 (NO COMMENTARY WALKTHROUGH)
fI6bMQg6WIs Skippy // Cyberpunk 2077 (NO COMMENTARY)
fMxEXA80djU The Walking Dead: A New Frontier // Ep3 |Kate Is Mine|
fNFXDQH7SIU RUSTY LAKE PARADISE || Part 2: No Commentary
fQ6G5H60Viw Rise of Insanity // Part One
fSQUOrOjneA The Siren's Cadence // Path of Exile (NO COMMENTARY WALKTHROUGH)
fVwMa0msNpw Sharp and Cruel // Path of Exile (NO COMMENTARY WALKTHROUGH)
fWBjC42w0Kg The Nomad Village Fugitve (WORLD 2: TEATAN KINGDOM) // Guardian Tales (NO COMMENTARY WALKTHROUGH)
fWVlTW2nLHk Rimworld NO COMMENTARY Beginning Crash To Ending Liftoff ~ Part 34
fZhnjrfNza8 Escape Room Game (WORLD 7: Dungeon Kingdom) // Guardian Tales (NO COMMENTARY WALKTHROUGH)
f__4fnWPc9Y Regis Philbin As The King Of Atlantis Aquaman
fd2Ov7MvrxQ Gig, Small Man Big Evil // Cyberpunk 2077 (NO COMMENTARY)
fmeZqEnwERo From Start To A Dyson Swarm ~ The Dyson Sphere Program Part 4 (NO COMMENTARY)
fmxHIUeWdBo Rigging the Game // OUTRIDERS (NO COMMENTARY WALKTHROUGH)
fnp5sSIyQXY A Skinning Knife // New World (NO COMMENTARY WALKTHROUGH)
fo2LxdgJ8TE Gig, Getting Warmer // Cyberpunk 2077 (NO COMMENTARY)
fyWHRTNScnE Talkin Bout A Revolution // Cyberpunk 2077 (NO COMMENTARY)
fyec9a5etrs Gig, Dancing on a Minefield // Cyberpunk 2077 (NO COMMENTARY)
fz1cSfOPaoo THE SILENT AGE // CHAPTER FIVE: THE CORPSE
fzBeJ8iTtVI Unwelcome Guests // Wasteland 3 (NO COMMENTARY WALKTHROUGH)
fznb3fg93J4 Life's Treasure // OUTRIDERS (NO COMMENTARY WAKTHROUGH)
fzzrgXjd0UA The Ballad of Buck Ravers // Cyberpunk 2077 (NO COMMENTARY) // Cyberpunk 2077 (NO COMMENTARY)
g0TVrg80mT0 The Hold Out // Fallout 4 |FAR HARBOR DLC|
g6Q7UA9WzT4 ZERETUS // Halo Infinite (NO COMMENTARY WALKTHROUGH) // Halo Infinite (NO COMMENTARY WALKTHROUGH)
g8V0fCARtjs Downtown Shen City (WORLD 5: City of Shen) // Guardian Tales (NO COMMENTARY WALKTHROUGH)
gDa9SxRNYkA TRUMP SAVES THE HOSTAGES // FALLOUT 4 |CURTAIN CALL|
gEpsD-zzwNU dog 3 mem // SUPERHOT MIND CONTROL DELETE (NO COMMENTARY WALKTHROUGH)
gF4wJQQW8BU PULLING FAVORS // GRAND THEFT AUTO V
gFTFqYkyCNc 12 Minutes (PART ONE ) // NO COMMENTARY WALKTHROUGH
gFeV9OuoL10 Magic School Hidden Safe (WORLD 3: MAGIC SCHOOL) // Guardian Tales (NO COMMENTARY WALKTHROUGH)
gG7XJu_pj2A Commitment to the Cause // New World (NO COMMENTARY WALKTHROUGH)
gLEMQIeq5Zg The Showstopper // Hitman (2016) [NO COMMENTARY]
gLJ_SdUPcJk EPISODE ONE: DO NOT GO GENTLE // THE LONG DARK (NO COMMENTARY WALKTHROUGH)
gObqEMYZcvs WHAT REMAINS OF EDITH FINCH // FIRST HALF
gRKGt69fYDk Beat on the Brat, The Glen // Cyberpunk 2077 (NO COMMENTARY)
gRME2HKAhJU Echos of a Cold War // Call of Duty Black Ops Cold War NO COMMENTARY
gRtgUMPrsJs Minister's Residence (WORLD 9: Rah Empire) // Guardian Tales (NO COMMENTARY WALKTHROUGH)
gStNwgTTxFI Thorton Colby CX410 Butte // Cyberpunk 2077 (NO COMMENTARY)
gUFYhEWZJbw The Way Home (WORLD 6: Inn) // Guardian Tales (NO COMMENTARY WALKTHROUGH)
gWRsLrXtGVU A Command Post in Need // Lost Ark (No Commentary Walkthrough)
gXQcKGAE7no TWO BETRAYALS // Halo: Combat Evolved Anniversary (NO COMMENTARY PLAYTHROUGH)
gXqitGBKvq8 First Step of the Training (WORLD 5: City of Shen) // Guardian Tales (NO COMMENTARY WALKTHROUGH)
gaV0YGZKyGc Pay For The Printer // THE OUTER WORLDS
gb9CY-fWu14 PREY // PART 2
gboz0rYWMZo Nature's Call // OUTRIDERS (NO COMMENTARY WAKTHROUGH)
gc2iuPlrKf0 Fortress Under Attack // Lost Ark (No Commentary Walkthrough)
gdLYZjYz21Y Black Martial Arts (WORLD 5: City of Shen) // Guardian Tales (NO COMMENTARY WALKTHROUGH)
geBcT-dneQU Playing for Time // Cyberpunk 2077 (NO COMMENTARY)
giY6TNDs6Us Shadow Over Mondstat // Genshin Impact (NO COMMENTARY)
gkVRfwIpsd0 Lady Nightingale // Call of Duty Vanguard (NO COMMENTARY WALKTHROUGH)
gl01dx6wku8 Epistrophy ~ Wellsprings // Cyberpunk 2077 (NO COMMENTARY) // Cyberpunk 2077 (NO COMMENTARY)
gqx9S2Fr3gc Untamed and Unleashed ~ The Elder Scrolls Online
gsls7cVL86I Echoes // OUTRIDERS (NO COMMENTARY WALKTHROUGH)
guVuV0MrBnw Rimworld NO COMMENTARY Beginning Crash To Ending Liftoff ~ Part 41
gxL29fEGATY The Face of the Enemy // CONTROL NO COMMENTARY
gxuf0BGkWWw Magic School 3rd Floor (WORLD 3: MAGIC SCHOOL) // Guardian Tales (NO COMMENTARY WALKTHROUGH)
gyZ2UPXg23g Bitter Return // ACT 2 Chapter 7 |Dead Island|
gycQhjZo5Bw Dinner with an Owl // LOL DRESSED IN HUMAN CLOTHES!!
gzBJ7SNppGc Unexpected Encounter // Genshin Impact (NO COMMENTARY)
h1wizb57TaE A BLADE IN THE DARK // THE ELDER SCROLLS V: SKYRIM
h2R8EvW9_H8 MAN OF MEDAN // Part One
h6_WXwhsqg8 MISSION SUCCESS // JAZZPUNK |ENDING|
h8NUpJ6-QHQ Heroes // Cyberpunk 2077 (NO COMMENTARY) // Cyberpunk 2077 (NO COMMENTARY)
h8gYC7pAwtg My Country Calling // Battlefield V (NO COMMENTARY WALKTHROUGH)
hAVe-Y54qZk HOT CHICK HOLDS THE FORT // SAINTS ROW THE THIRD |STAG PARTY|
hD9sdXC_syk BREACHING SECURITY // THE ELDER SCROLLS V: SKYRIM
hDG7ixomGvA ASSAULT ON THE CONTROL ROOM // Halo: Combat Evolved Anniversary (NO COMMENTARY PLAYTHROUGH)
hFN9H0De_lw Investments and Interests // Lost Ark (No Commentary Walkthrough)
hFYtd6xIPyw WARSHIP GBRAAKON // Halo Infinite (NO COMMENTARY WALKTHROUGH)
hHZzBOxT4aU BRIGLARD // Halo Infinite (NO COMMENTARY WALKTHROUGH) // Halo Infinite (NO COMMENTARY WALKTHROUGH)
hHjeelNHS6I Divine Deputation ~ The Elder Scrolls Online (NO COMMENTARY)
hLMpgsSjapc Columbus V340 F Freight // Cyberpunk 2077 (NO COMMENTARY)
hLRWqO7QMjA A Stranger in Need Bounty ~ Diablo 3 (NO COMMENTARY)
hMEoa5itIXc CHALLENGE 2 // BLOCK'HOOD |A KNOWLEDGE ECONOMY| (EARLY ACCESS)
hMFWtHP6jLk Perfect Shot // Genshin Impact (NO COMMENTARY WALKTHROUGH)
hNp6X0NJ560 From Start To A Dyson Swarm ~ The Dyson Sphere Program Part 5 (NO COMMENTARY)
hP2IzEpldWA Return to Refugee Camp (WORLD 9: Rah Empire) // Guardian Tales (NO COMMENTARY WALKTHROUGH)
hQ8sQc1TuGE XCOM 2 // OPERATION CRYPT GIANT
hQcrnF1Fz74 Cyberpsycho Sighting ~ Let the Bodies Hit the Floor // Cyberpunk 2077 (NO COMMENTARY)
hSnosf1JGbg Frontier Justice // Wasteland 3 (NO COMMENTARY WALKTHROUGH)
hTUQPI5KE24 The Hunt // The Last of Us |Lakeside Resort|
hUOAAtZwS0M Rimworld NO COMMENTARY Beginning Crash To Ending Liftoff ~ Part 30
hYPRRt9lFrY Operation Red Circus // Call of Duty Black Ops Cold War NO COMMENTARY
h_Q9VJkKU2w Operation Whiteout // Just Cause 4 (NO COMMENTARY WALKTHROUGH)
hjIlN8AarWE WELCOME TO THE CIA // Beyond Two Souls (NO COMMENTARY WALKTHROUGH)
hnf8I7ZRVOU WEST OF LOATHING // PART ONE: BORING SPRINGS
hp1qZM2k86I THE SILENT AGE // CHAPTER THREE: THE MACHINE
hrooJ_j9bSg Lost In Translation ~ The Elder Scrolls Online
huh2ZufdI94 Forgotten Hill: Mementoes // FULL GAME+ ENDING
hvEm4vpy2_w The Scientific Method // OUTRIDERS (NO COMMENTARY WAKTHROUGH)
hvSuXGM8eQA IN PIZZA LAND // JAZZPUNK |PART2|
hw-xMbLfqoA Rimworld NO COMMENTARY Beginning Crash To Ending Liftoff ~ Part 4
hwnQGswbSb4 The Only Traitor (The Final Station DLC) // Part 2
hxo4u0Jkam8 The Great White Beast // Path of Exile (NO COMMENTARY WALKTHROUGH)
iBfetJ0Z0MQ TRUMP FIGHTS THE DEVIL // FALLOUT 4 |THE DEVIL'S DUE|
iCaSNgT22JQ SEIZURE, OR ARE YOU JUST HAPPY TO SEE ME? //METRO 2033 (CHAPTER TWO | PART ONE)
iEcse7kWcuo TO KILL AN EMPIRE // THE ELDER SCROLLS V: SKYRIM
iIDzXgHbqfY Gig, Jeopardy // Cyberpunk 2077 (NO COMMENTARY)
iKJB328ni1Y PALADIN SQUAD // Halo Infinite (NO COMMENTARY WALKTHROUGH)
iMN5X_u9HAA ORDO MAL // Halo Infinite (NO COMMENTARY WALKTHROUGH) // Halo Infinite (NO COMMENTARY WALKTHROUGH)
iMeXub1-VVg WE FIGHT THE MAN // SAINTS ROW THE THIRD |CONVOY DECOY|
iR3VG0ZG9O8 A Matter of Time // CONTROL NO COMMENTARY
iRNo9LJzyAw HORROR HOSPITAL // CONCLUSE: PART TWO (FREE HORROR GAME)
iSufEqfd-4c Rimworld NO COMMENTARY Beginning Crash To Ending Liftoff ~ Part 49
iTZtuds8huQ SIMULACRA // Part One
iUoaUZCi6cY Beat on the Brat, Pacifica // Cyberpunk 2077 (NO COMMENTARY)
iUw6zdcvzNU Night In The Woods // Part Four
ibo6ySPYWvE MORGAN FREEMAN??//THE WALKING DEAD S1|E4|P2
ijxQVBP5MjE Bad North // Papey
iqOUHWDs7EA FLOODGATE // Halo 3 (NO COMMENTARY WALKTHROUGH) // Halo 2: Anniversary (NO COMMENTARY WALKTHROUGH)
itJ9xCuRNkI Milo Yiannopoulos As A Q-Tip
itWwJmQv4OU The Runaway's Tale ~ The Elder Scrolls Online
it_rHFhDcDA TRUMP INSTILLS CONFIDENCE // FALLOUT 4 |CONFIDENCE MAN|
ixj7Dg0ioi0 Rimworld NO COMMENTARY Beginning Crash To Ending Liftoff ~ Part 7
j3sMFQU5vJA Orwell: Keeping an Eye On You // Episode Two \
j4KqOm5TGxg Treasure Cave (WORLD 5: City of Shen) // Guardian Tales (NO COMMENTARY WALKTHROUGH)
j6mzR47Wfas Losing My Religion // Cyberpunk 2077 (NO COMMENTARY)
jBR0cc3E0dc Warning: Grave Robbers // Lost Ark (No Commentary Walkthrough)
jE7h38be4nw Bad North // Herm
jGaXQk1ZaYY The Walking Dead: A New Frontier // Ep 4 |DAT KISS|
jH74w0Ca1iI Lush Hideout Safe and Sound // Path of Exile (NO COMMENTARY WALKTHROUGH)
jKdzwBaT8To Bird in the Ruins // Lost Ark (No Commentary Walkthrough)
jLcsjQqqA3g End of the Line // Call of Duty Black Ops Cold War NO COMMENTARY
jNX3mSE-5a8 Desert Entrance (WORLD 4: Desert of Madness) // Guardian Tales (NO COMMENTARY WALKTHROUGH)
jO5GAf0-cjo GAT IS BACK // SAINTS ROW THE THIRD |WEIRD SCIENCE|
jO7BxxGxNPA Enigma Spy Adventure // Level 1 - London
jQjmf4pKmpw The Only Traitor (The Final Station DLC) // Part 3 (ENDING)
jSJpVxC0dlM Pearls Before Traitors ~ The Elder Scrolls Online
jSw1Bk0SvLk Deal with the Bandits // Path of Exile (NO COMMENTARY WALKTHROUGH)
jTMQuvUhkCc Rimworld NO COMMENTARY Beginning Crash To Ending Liftoff ~ Part 6
jUN-KhSTJB4 WRITH KUL // Halo Infinite (NO COMMENTARY WALKTHROUGH) // Halo Infinite (NO COMMENTARY WALKTHROUGH)
j_PetwhkCkg Alan Wake // Episode One (NO COMMENTARY)
jeSb40M2LDc Seek or Die | Mist of Death
jevrldY8WZk 16DONUT // SUPERHOT (NO COMMENTARY WALKTHROUGH)
jfU21dsdbB8 SKIMMER ALPHA // Halo Infinite (NO COMMENTARY WALKTHROUGH)
jnDmEyR9a_s THE CONDENSER // Beyond Two Souls (NO COMMENTARY WALKTHROUGH)
jnECBxUQM9I Mizutani Shion MZ2 // Cyberpunk 2077 (NO COMMENTARY)
jzj3V33KQ4A Desert Elf Village (WORLD 4: Desert of Madness) // Guardian Tales (NO COMMENTARY WALKTHROUGH)
k-auka5yKaw THE EMBASSY // Beyond Two Souls (NO COMMENTARY WALKTHROUGH)
k3sjp_JqNyU Cyberpsycho Sighting, On Deaf Ears // Cyberpunk 2077 (NO COMMENTARY)
k8CY--YxEEA Trumpty Dumpty = Trump + Humpty Dumpty
kCRI-EJkJuU Gig, Troublesome Neighbors // Cyberpunk 2077 (NO COMMENTARY)
kEKXWHuxsS8 Rise of Insanity // Part Five
kELCIeGCNW4 Cyberpsycho Sighting, Second Chances // Cyberpunk 2077 (NO COMMENTARY)
kEMCMWci3Vg Historian Memories // OUTRIDERS (NO COMMENTARY WALKTHROUGH)
kHKj6xxx6ig Gig, On a Tight Leash // Cyberpunk 2077 (NO COMMENTARY)
kI-dHqu-dUE KONA // Part Four
kJ6bKfmHsPI Genshin Impact ~ Sparks Amongst The Pages (NO COMMENTARY)
kJeDJs9jNr4 HALO // Halo: Combat Evolved Anniversary (NO COMMENTARY PLAYTHROUGH)
kNucaDdyHW4 Break the Sword Cemetery Seal // Genshin Impact (NO COMMENTARY)
kPHWEFmrAY8 GRAVITY BONE // The inspiration for JAZZPUNK
kQIeA1A4Lyw Rimworld NO COMMENTARY Beginning Crash To Ending Liftoff ~ Part 15
kT-QL7fbo5A BOXER SQUAD // Halo Infinite (NO COMMENTARY WALKTHROUGH)
kZ1bpos4-BQ Rimworld NO COMMENTARY Beginning Crash To Ending Liftoff ~ Part 45
kZJySLYzEwc A Possible Solution // Lost Ark (No Commentary Walkthrough)
kb-qdRzVcGI 99DOG1 // SUPERHOT (NO COMMENTARY WALKTHROUGH)
kd8rwqC9Kno Genshin Impact ~ Knights of Favonius (NO COMMENTARY)
kfM-c25u7Tc The Way Life Should Be // Fallout 4 |FAR HARBOR DLC|
kfS69Fyp7nM MESSAGE TO WHITERUN // THE ELDER SCROLLS V: SKYRIM
kilPFE1yhxY The Arms Dealer // Destiny 2 NO COMMENTARY
kkhLPO6yhjc Defeating the Bell Gargoyles // DARK SOULS (NO COMMENTARY WALKTHROUGH)
kplQMi7UJlo 21MEETIN // SUPERHOT (NO COMMENTARY WALKTHROUGH)
kpqJcWOwWjE Peridium (or Pereneum?)
krvtLg_wpBU A Pearl of Great Price  // The Elder Scrolls Online
kxjNiIyNdOo Rimworld NO COMMENTARY Beginning Crash To Ending Liftoff ~ Part 39
kxlaCETRwV0 Payback // OUTRIDERS (NO COMMENTARY WALKTHROUGH)
l0neTrj5LaQ Cleaning Up The Berg // Borderlands 2
l2BgNcFNOu8 Dragon Talons Hideout (WORLD 5: City of Shen) // Guardian Tales (NO COMMENTARY WALKTHROUGH)
l2YewY_lnAc Send in the Clowns // Cyberpunk 2077 (NO COMMENTARY)
l4vvhBfg27c State of the Holy Lyre der Himmel // Genshin Impact (NO COMMENTARY)
l6V7z9Rl_EI The Other Side of the Portal (WORLD 10: Unrecorded World) // Guardian Tales (NO COMMENTARY)
lIeU-DZpz5c Strength in Numbers // Fallout 76 (NO COMMENTARY WALKTHROUGH)
lIwiN3DhXFM A CORNERED RAT // THE ELDER SCROLLS V: SKYRIM
lMDZgHJyVFM LAYERS OF FEAR 2 // Act 3: Bloody Roots
lMfc3Zs1PJM Darknight Hero's Alibi // Genshin Impact (NO COMMENTARY WALKTHROUGH)
lNwAGk_kyQM OUTSKIRTS // Halo 2: Anniversary (NO COMMENTARY WALKTHROUGH)
lP6Ys0Euo98 WOLFENSTEIN: THE NEW ORDER // CHAPTER 2
lVh2Ip_JZdQ 12 Minutes (PART TWO ) // NO COMMENTARY WALKTHROUGH
lew1b0PlZcc The Iron Crown // Lost Ark (No Commentary Walkthrough)
lf6qOaiYT3k Maghda ~ Diablo 3 (NO COMMENTARY)
llG7IjUZk_0 Abyss Mage // Genshin Impact (NO COMMENTARY WALKTHROUGH)
llenNfNLz9Y WAKING UP FROM A BENDER // LIMBO | FIRST HALF
lqgKbOL8NOg BATTLE FOR WHITERUN // THE ELDER SCROLLS V: SKYRIM
lsPd3yBK9As Rimworld NO COMMENTARY Beginning Crash To Ending Liftoff ~ Part 14
lsT7qVBVS-o Trace the Stone Tablet // Lost Ark (No Commentary Walkthrough)
ltg8AUxTVrI The Gig // Cyberpunk 2077 (NO COMMENTARY) // Cyberpunk 2077 (NO COMMENTARY)
luq0-pe9KjA TRUMP DRAINS BASIN // FALLOUT 4 |PULL THE PLUG|
lvCPJQjELvI PREY // PART 16 (GOOD ENDING)
lw769wyHB50 KANYE AND THE JUKEBOX // FALLOUT NEW VEGAS |FIELD RESEARCH|
ly-8UrvCZ5Q HOUSE OF RECKONING // Halo Infinite (NO COMMENTARY WALKTHROUGH)
m-y2U92Bi8w Volcano Paradise // Dwarf Fortress (NO COMMENTARY)
m1m8wF_KSSA PREY // PART 12
m3AI9DSUubc Self Reflection // CONTROL NO COMMENTARY
m5yRSh-NRcM THE ORACLE // Halo 2: Anniversary (NO COMMENTARY WALKTHROUGH)
m7ZVvroL3b8 Viper Clan Dojo (WORLD 5: City of Shen) // Guardian Tales (NO COMMENTARY WALKTHROUGH)
mAMtgp3I6y8 The Budgerigars?? // SEPTEMBER 1999 [Horror Game]
mFxJGTR25z0 LET'S PLAY // SLIME RANCHER: EARLY ACCESS
mOU8GpvZJf0 Disasterpiece // Cyberpunk 2077 (NO COMMENTARY) // Cyberpunk 2077 (NO COMMENTARY)
mPm1tKmmDc0 Deputy Knight (WORLD 7: Dungeon Kingdom) // Guardian Tales (NO COMMENTARY WALKTHROUGH)
mQvoazNS2K0 ONI SWORD BASE \\\\ Halo: Reach (NO COMMENTARY WALKTHROUGH)
mROMLhVNVGg The Commuter // THE OUTER WORLDS
mSgHH9pDxTs Bad North // Cantwr
mV9XpoIY3Wk Gig, Hot Merchandise // Cyberpunk 2077 (NO COMMENTARY)
mWYmwwMolyo METROPOLIS // Halo 2: Anniversary (NO COMMENTARY WALKTHROUGH)
mXV2NbvNtcs Rimworld NO COMMENTARY Beginning Crash To Ending Liftoff ~ Part 46
mYlan0AOM3g JUST MAKING DINNER // CARROTS AND CREAM
mZ_KBb44vYs The Nilfgaardian Connection (Part Two) // The Witcher III
m_lA4Gsbnv4 Rise of Insanity // Part Four
md_4_B4P28o Gig, Welcome To America Comrade // Cyberpunk 2077 (NO COMMENTARY)
mjn87pVCK5Y That Sweet Sweet Scent // Lost Ark (No Commentary Walkthrough)
mkAF8yM_JXM City of Shen Passage 1 (WORLD 5: City of Shen) // Guardian Tales (NO COMMENTARY WALKTHROUGH)
mmLFlBIcj7U Legend of the Darknight Hero // Genshin Impact (NO COMMENTARY WALKTHROUGH)
mmfNuMqc-P4 Hydroelectric Dam// The Last of Us |Tommy's Dam|
mp27BaGCZpI Hunter Haurus // OUTRIDERS (NO COMMENTARY WALKTHROUGH)
mrjVLJ1YqJc Hunt Down a Cryo Abyss Mage // Genshin Impact (NO COMMENTARY)
msdWtUTzQWY Giant Sewer Rat // DARK SOULS (NO COMMENTARY WALKTHROUGH)
mt59Ip5yEx4 Abandoned Food // Lost Ark (No Commentary Walkthrough)
mtJkV25gQAA FOB LIMA // Halo Infinite (NO COMMENTARY WALKTHROUGH) // Halo Infinite (NO COMMENTARY WALKTHROUGH)
muk6TeikhL0 Gig, Goodbye Night City // Cyberpunk 2077 (NO COMMENTARY)
mvNCBNMm1Bs Gig, Error 404 // Cyberpunk 2077 (NO COMMENTARY)
mvSpRFL3-Kw KANYE GETS DOUBLE 0' STATUS// FALLOUT NEW VEGAS |PROJECT x-13: Part 2|
mz83TqpTKF8 Forward to Death // Cyberpunk 2077 (NO COMMENTARY)
n-exp_upoT8 DEFEATING ALL FACTIONS // FALLOUT NEW VEGAS
n2dnhVOSAEI Bad Hair Day // Borderlands 2
n5KddL5pf-Q XCOM 2 // OPERATION STONE THRONE
n6Gtb4LIro0 Rimworld NO COMMENTARY Beginning Crash To Ending Liftoff ~ Part 19
n9B-nuhjtvo PREY // PART 14
nBKE1YG965U Magic School Founder's Room (WORLD 3: MAGIC SCHOOL) // Guardian Tales (NO COMMENTARY WALKTHROUGH)
nByMMlFkWw4 Jenny of the Woods (Part One) // The Witcher III
nCRRvKd8qXM Eliminating the Bandits // Lost Ark (No Commentary Walkthrough)
nGf9_KbJzdU THE SILENT CARTOGRAPHER // Halo: Combat Evolved Anniversary (NO COMMENTARY PLAYTHROUGH)
nKNaj-DhNss Epistrophy ~ Coastview // Cyberpunk 2077 (NO COMMENTARY) // Cyberpunk 2077 (NO COMMENTARY)
nLxlPIpCr5M Virtual Morality // Episode 3: Shit Gets Viral
nMHfqv3A_aY KANYE TRACKS DOWN THE DETONATOR // FALLOUT NEW VEGAS |THE JOB|
nOBQKk1cG14 WTF IS DIS GAME // DROPSY | P1
nRKEYfhBbas At Dead of Night - PART 3 (NO COMMENTARY)
nRPvlo1vj2M WTF? // The Confraternity Of Toast
nSzztfkhG7k The Extremist Wizards (WORLD 3: MAGIC SCHOOL) // Guardian Tales (NO COMMENTARY WALKTHROUGH)
nTLe6UJKLMg Chris Rock As The Rock
nTqgJkWDaGU Epistrophy ~ The Glen // Cyberpunk 2077 (NO COMMENTARY) // Cyberpunk 2077 (NO COMMENTARY)
nUkBjT5XOXQ The Perfect Private Prison - Prison Architect (NO COMMENTARY)
nXUnLZvKKWg CHALLENGE 3 // BLOCK'HOOD |TYCOON| (EARLY ACCESS)
nXz6oO4ykkQ Bad North // Auskerry
nYSE7X6d01Q PART TWO // Deluded Mind
ngILI6IE-AA The Warrior Priests of Medrick // Lost Ark (No Commentary Walkthrough)
niSHLwjnLn8 Darknight Hero's Crisis // Genshin Impact (NO COMMENTARY WALKTHROUGH)
nj0tEmUyqVc SOLARIS // Watch and LEARN!! (NO COMMENTARY)
nlJN0oRiLkQ The Heist // Cyberpunk 2077 (NO COMMENTARY)
nln42nJHZxM No Place Like Home // OUTRIDERS (NO COMMENTARY WALKTHROUGH)
noDbagaFSyA Where You Belong // Fallout 4 |FAR HARBOR DLC|
npAFdz5dx-g Valheim - Eikthyr to The Elder (SOLO) Part 3
nskkHqi5xF0 KANYE MAKES ROBOT CLIMAX // FALLOUT NEW VEGAS |PICKING YOUR BRAINS+COMING OUT OF HER SHELL|
nu8R8-pECrc Piety's Pets // Path of Exile (NO COMMENTARY WALKTHROUGH)
nunXI99KURA Precious Cargo // The Witcher III
nw1MWmbtpG0 Cyberpsycho Setting, The Wasteland // Cyberpunk 2077 (NO COMMENTARY)
nxfDsXMjHFI Gwyneth Paltrow As A Secret Pug
o-fjQTGPMNk What a Mess, Even More Mold // CONTROL NO COMMENTARY
o5YK7z52Qe4 KANYE FACES SECURITY // FALLOUT NEW VEGAS |PUT THE BEAST DOWN|
o6mK6tNySkE RIVEN GATE // Halo Infinite (NO COMMENTARY WALKTHROUGH) // Halo Infinite (NO COMMENTARY WALKTHROUGH)
oBBYUFpmeHo Bad North // Gwelltog
oGzFEZWTNMU EPISODE ONE: IN TOO DEEP // THE WALKING DEAD: MICHONNE
oHVJkytfJjw The Pandemonium Gate ~ Diablo 3 (NO COMMENTARY)
oI9gwJkL9lU Warning: Robbers // Lost Ark (No Commentary Walkthrough)
oLlNrq04eS4 Hunter Bigjaw // OUTRIDERS (NO COMMENTARY WALKTHROUGH)
oM2YpS4w-qY Fresh Meat Delivery // Lost Ark (No Commentary Walkthrough)
oN145azi0wE KONA // Part Three
oTmYSmSi8Co TRUMP HONORS HER MEMORY // FALLOUT 4 |RETURNING THE FAVOR|
oZH6ubdJmds REDOUBT OF SUNDERING // Halo Infinite (NO COMMENTARY WALKTHROUGH)
oZWbhwzLsLY The Cleaning Machine // THE OUTER WORLDS
o_-ZpZ8aX5o FIDDLE WITH HIMSELF? // SAINTS ROW THE THIRD |MURDERBRAWL XXXI|
oaOqiofPWmc The Quarantine Zone // The Last of Us
oaiMhgsiTEY 10+ HOURS OF NO MAN'S SKY
oiOAYQJhnsU THE ARBITER // Halo 2: Anniversary (NO COMMENTARY WALKTHROUGH)
ol6vVD5zpT4 ARMORY OF RECKONING // Halo Infinite (NO COMMENTARY WALKTHROUGH)
onbA8oAahKE Level 14 (TOWER) // Guardian Tales (NO COMMENTARY WALKTHROUGH)
oonmtYZNnf8 TRUMP RESCUES THE SHIPMENT // FALLOUT 4 |SPECIAL DELIVERY|
oshkz9gvNtw MR. PHILIPS // GRAND THEFT AUTO V
otm5mT-x6LA Firewood // Part Three (Ending)
owwG9cgJFPE Hunting Party ~ Call of Duty Modern Warfare (NO COMMENTARY)
oxk-ddlt5Ig Captain Gerber (NO COMMENTARY)
oy2X_ZvaGnY RUSTY LAKE PARADISE || Part 4 (Ending): No Commentary
ozSa01ApXYg Night In The Woods // Part Five
pBvX2vs5doE The Witness // Free EPIC Games Giveaway
pEFeLaRGN8o TRUMP RESTORES POWER // FALLOUT 4 |BUTCHER'S BILL|
pEO4CZucxH8 Wanted The Hornet // OUTRIDERS (NO COMMENTARY WAKTHROUGH)
pHzQOG3Cht4 NAVAJO // Beyond Two Souls (NO COMMENTARY WALKTHROUGH)
pI-3V6R1s6o TRUMP GETS GANG LEADER // FALLOUT 4 |TO THE MATTRESSES 2|
pKeEz-JiMt4 KANYE ASSEMBLES THE TEAM // FALLOUT NEW VEGAS |FIRES IN THE SKY|
pMN_DWOZqZc Head Against The Wall // ACT 2 Chapter 6 |Dead Island|
pMhS-7YDtJ0 BRIEF PUBERTY SIMULATOR? // LIFE: THE GAME
pSlJtrJHikc Supermarket Journey // ACT 2 Chapter 6 |Dead Island|
pUSsND--KbE Morgan Freeman As Vanilla Pudding
pUxfecdtioQ Gig, Big Pete's Got Big Problems // Cyberpunk 2077 (NO COMMENTARY) // Cyberpunk 2077 (NO COMMENTARY)
pZ5w4Iy9b0k Cut a Path for Me // Lost Ark (No Commentary Walkthrough)
pbTbL3zrfDA Line of Defense (WORLD 2: TEATAN KINGDOM) // Guardian Tales (NO COMMENTARY WALKTHROUGH)
pbda2fK0lCA A Fistful of Digits // THE OUTER WORLDS
pgFfflnOAP4 Reported Crime, Roadside Picnic // Cyberpunk 2077 (NO COMMENTARY)
ph2MLCLWLTQ Hide and Seek Trio (WORLD 2: TEATAN KINGDOM) // Guardian Tales (NO COMMENTARY WALKTHROUGH)
pjQy5pskhfM Magic School Passage 1 (WORLD 3: MAGIC SCHOOL) // Guardian Tales (NO COMMENTARY WALKTHROUGH)
pkKqNSyCChg The Vicious Gray Turkey Bounty ~ Diablo 3 (NO COMMENTARY)
pkQJaDMt4VI Langstons Runaways, The Rubber Duck // CONTROL NO COMMENTARY
plwvngIDpwc CORTANA // Halo 3 (NO COMMENTARY WALKTHROUGH) // Halo 2: Anniversary (NO COMMENTARY WALKTHROUGH)
ppGymhpol8g GIRL ANGERS LUCHADOR // SAINTS ROW THE THIRD |RETURN TO STEELPORT|
pps_ixoecFM Small Man, Big Mouth // Cyberpunk 2077 (NO COMMENTARY)
pt8TKYGBucI Defender of the Faith // The Witcher III
pvhtV3nRAI8 Charlie Gets Fired // Episode 1: Charlie Pitches a Pilot
px8BS60veD8 Clean House ~ Call of Duty Modern Warfare (NO COMMENTARY)
pyVFWxlcV44 Guard Post in Ruins // Lost Ark (No Commentary Walkthrough)
q1E2QT5LLOA Half Formed Understandings ~ The Elder Scrolls Online
q1qRNVmIK68 Gig, Wakako's Favorite // Cyberpunk 2077 (NO COMMENTARY)
q2L1b9N6-o0 Embedded ~ Call of Duty Modern Warfare (NO COMMENTARY)
q40BwjBOBfA Keanu Reeves As Jesus Our Lord And Savior
q7CESqQZ_Qs Level 13 (TOWER) // Guardian Tales (NO COMMENTARY WALKTHROUGH)
q910LELXMx8 06JUMP // SUPERHOT (NO COMMENTARY WALKTHROUGH)
qAVcpFK9Lug Archfiend's Seal (WORLD 7: Dungeon Kingdom) // Guardian Tales (NO COMMENTARY WALKTHROUGH)
qBzA0qcnx58 FORERUNNER // Halo 4 (NO COMMENTARY WALKTHROUGH)
qDpXDUMk090 XCOM 2 // OPERATION HELLISH TERROR
qK4g7ttkX8M KANYE UPGRADES HIS CONTENT // FALLOUT NEW VEGAS |SONIC EMITTER UPGRADE|
qNvSFka6Fx0 Node 1C // SUPERHOT MIND CONTROL DELETE (NO COMMENTARY WALKTHROUGH)
qP6525HpO4E GIRL IN POWDER ROOM WITH GUN // SAINTS ROW THE THIRD |WE'VE ONLY JUST BEGUN/HIT THE POWDER ROOM|
qPTuzXFa-GU Gig, For My Son // Cyberpunk 2077 (NO COMMENTARY)
qRp0-AajGeo NEW LEFT FOR DEAD? // SAINTS ROW THE THIRD |AIR STEELPORT|
qX3Z1HkyPTo TRUMP SEEKS SEMI-NATIONAL TREASURE // FALLOUT 4 |THE GILDED GRASSHOPPER|
qa_l7JBVikU Desert of Madness Passage 3
qbRCFph08cY Devil's Brewery (WORLD 7: Dungeon Kingdom) // Guardian Tales (NO COMMENTARY WALKTHROUGH)
qcVfCQMqNsc Into the Furnace ~ Call of Duty Modern Warfare (NO COMMENTARY)
qkvfRAdkZ8k WOLFENSTEIN: THE NEW ORDER // CHAPTER 12
qkxWYINYu9M Town Where Light Lingers // Lost Ark (No Commentary Walkthrough)
qmY_vt4hNqA CHALLENGE 5 // BLOCK'HOOD |THE PRICE OF OIL| (EARLY ACCESS)
qnc45VZZFJU PREY // PART 3
qtZlya7XTLs CARRERA SQUAD // Halo Infinite (NO COMMENTARY WALKTHROUGH)
qwERBlL3AtI Possibilia // Multiverse Romance
qwTKot5eDHs BLINDSIGHTED // THE ELDER SCROLLS V: SKYRIM
r-D4BBuBaDc The Militia of Bilbrin // Lost Ark (No Commentary Walkthrough)
r12v-4902nc Intro // THE OUTER WORLDS
r5N34EG0g8o Sword of the Stranger ~ Diablo 3 (NO COMMENTARY)
r73JBXquLRw A Memory of What It Was // Lost Ark (No Commentary Walkthrough)
rAScW8Yfttw An Unexpected Betrayal ~ The Elder Scrolls Online
rBr3pr4VesU Behind the Scenes // Genshin Impact (NO COMMENTARY)
rCMXnshzx9c The Breached Keep ~ Diablo 3 (NO COMMENTARY)
rCXAggcSvCs WOLFENSTEIN: THE NEW ORDER // CHAPTER 14
rEhs4aEsNRQ Chosen One Cults Hideout (WORLD 4: Desert of Madness) // Guardian Tales (NO COMMENTARY WALKTHROUGH)
rJVMez4wYEg Beyond // OUTRIDERS (NO COMMENTARY WAKTHROUGH)
rK98t_-AH5U PREY // PART 1
rLHpEAPBvDk COMPOSER // Halo 4 (NO COMMENTARY WALKTHROUGH)
rLKPe-hyVC0 Covenant Initiation   Crones Rest // New World (NO COMMENTARY WALKTHROUGH)
rLQoD6kBDCk Shimmerine ~ The Elder Scrolls Online (NO COMMENTARY)
rM7PPwLUB5Y Thunderbarge   Obtaining the Ion Coil // Just Cause 4 (NO COMMENTARY WALKTHROUGH)
rMhX3h6msSY The Tower Sentinels // The Elder Scrolls Online
rN3k4WRjJlM Sole Survivor // New World (NO COMMENTARY WALKTHROUGH)
rNaghhpDAW8 That Green Fellow // Genshin Impact (NO COMMENTARY)
rQVXw7rem98 Level 2 (TOWER) // Guardian Tales (NO COMMENTARY WALKTHROUGH)
rRQQvsuf5mY Foxfire // Lost Ark (No Commentary Walkthrough)
rRurVjzWqxM The Weight of Death // Lost Ark (No Commentary Walkthrough)
rSX0wjZvF3g Valheim - Eikthyr to The Elder (SOLO) Part 2
rZAePjtxub0 Thorton Colby Little Mule // Cyberpunk 2077 (NO COMMENTARY)
rZUYVMqM6Y8 WORLD OF HORROR ~~ Far out Fable of a Fear Festival (NO COMMENTARY)
rZYSAVOLk-U Journey // Complete Rush-Playthrough
r_dSHNNFz7Y Preparing the Rain // Lost Ark (No Commentary Walkthrough)
rbRW6cs5tXc Code Breaking Aliens?? // Location Withheld
rbTuiuh6uag The Abyssal Cabal ~ The Elder Scrolls Online (NO COMMENTARY)
rdj7vbhxwzc FOB JULIET // Halo Infinite (NO COMMENTARY WALKTHROUGH) // Halo Infinite (NO COMMENTARY WALKTHROUGH)
ri56GXP6SDY ACT 3 The Archivist // Inscryption (NO COMMENTARY WALKTHROUGH)
rp8rxFLK3d8 Invader Takeover (WORLD 2: TEATAN KINGDOM) // Guardian Tales (NO COMMENTARY WALKTHROUGH)
rq1FX6C0iAw Demons in the Cave // Lost Ark (No Commentary Walkthrough)
rq4c_hgVKRk TRUMPT SAVES THE CONSTITUTION // FALLOUT 4 |LAST VOYAGE OF THE U.S.S. CONSTITUTION|
rrnhiKScrJM INTRO:UNBOUND // THE ELDER SCROLLS V: SKYRIM
rsZ9_P9w3i0 Genshin Impact ~ Unexpected Power (NO COMMENTARY)
rtFcIZvZZRI Ventis Plan // Genshin Impact (NO COMMENTARY)
rz4YHoV306E YES I WAS OBSESSED // NOTES OF OBSESSION
s-7xgDvlSBA EMILY IS AWAY TOO
s02y533qUe8 Rimworld NO COMMENTARY Beginning Crash To Ending Liftoff ~ Part 50
s7nSqJlB5_w THE ROAD // Halo Infinite (NO COMMENTARY WALKTHROUGH) // Halo Infinite (NO COMMENTARY WALKTHROUGH)
sBt3JoFx-rg Old Dragon Village (WORLD 5: City of Shen) // Guardian Tales (NO COMMENTARY WALKTHROUGH)
sCBtN9Dx_DA WOLFENSTEIN: THE NEW ORDER // CHAPTER 9
sCDlGHcrTpY Fracture Jaw // Call of Duty Black Ops Cold War NO COMMENTARY
sCt0az4OtJY Node 3A // SUPERHOT MIND CONTROL DELETE (NO COMMENTARY WALKTHROUGH)
sGHG6n8bZ2k Buried Secrets // The Elder Scrolls Online
sHmdE83ZyTI BIG BETCHES // SAINTS ROW THE THIRD |TOUR DE FARCE|
sI8tBWg6rfk WELCOME 2 THE TRIP ZONE | You Left Me
sLOOCPJATOE Underground Tunnel // The Last of Us |Bus Depot|
sNGehpratXs Aregal Salt Plains // Lost Ark (No Commentary Walkthrough)
sRhwUzQPh9o EVERYONE LIKES POWERFUL CHICKS // SAINTS ROW THE THIRD |TAKEOVER THE CITY|
sW8gtMDf4yk Ex-Factor // Cyberpunk 2077 (NO COMMENTARY)
sWfS9NLh5mI BACK IN ACTION // SAINTS ROW THE THIRD |STEELPORT HERE I AM|
scUzxHwbNsg TRUMP TRACKS DOWN MEMBER // FALLOUT 4 |BUTCHER'S BILL 2|
sdCuzM21EcE Hades (NO COMMENTARY WALKTHROUGH)
seUBX8TDE6s Gig, Serial Suicide // Cyberpunk 2077 (NO COMMENTARY)
sjFQX0BFlcU Let The Waters Flow // ACT 2 Chapter 5 |Dead Island|
sl7LPsXXzm0 Imagine // Cyberpunk 2077 (NO COMMENTARY)
smMAN6g6N-0 Gig, Old Friends // Cyberpunk 2077 (NO COMMENTARY)
snbo-R-mPh8 Directorial Override // CONTROL (NO COMMENTARY)
soNc-1OgTzw KONA // Post Credits Scene
sueA3nw1sks DIRECTOR MURDERED // SAINTS ROW THE THIRD |THAT'S NOT IN THE SCRIPT|
swTWliOO2KE TOWN OF SALEM // 2 LEGIT 2 QUIT
swdOdmPEnHQ Thorton Mackinaw MTL1 // Cyberpunk 2077 (NO COMMENTARY)
t0wCiGeeme4 Episode Four (Season Finale) // Captive Audience
t2_j298dTdI Ominous Energy // Lost Ark (No Commentary Walkthrough)
t3TcLTQuSE4 MARSHMALLOW RUBBER-BAND CHALLENGE + TONGUE TWISTER BALLSACK BREAKER // Crazy Japan
t3U8gOHx3VU BARRACUDA SQUAD // Halo Infinite (NO COMMENTARY WALKTHROUGH)
t5938EczC3E GANG CHICK LEARNS DANGERS OF TRAFFICKING // SAINTS ROW THE THIRD |TRAFFICKING|
t7TUYBSatCc Epistrophy ~ North Oak // Cyberpunk 2077 (NO COMMENTARY) // Cyberpunk 2077 (NO COMMENTARY)
tAhUUdfqItU To The Forgotten Land // Lost Ark (No Commentary Walkthrough)
tBwI5ol0sW8 SANCTUARY // THE ELDER SCROLLS V: SKYRIM
tDAKINoKnqU Charlie Gets Fired // Episode 2: Charlie the Waiter
tDpErG_gZj8 Quadro Turbo R 740 // Cyberpunk 2077 (NO COMMENTARY)
tGiK7-xZumM RECLAIMER // Halo 4 (NO COMMENTARY WALKTHROUGH)
tHQVQQDVcMU supthrow hack // SUPERHOT MIND CONTROL DELETE (NO COMMENTARY WALKTHROUGH)
tJH9123hQwM Return to New Tristram ~ Diablo 3 (NO COMMENTARY)
tJqok83Fx6c RECIPE FOR DISASTER // THE ELDER SCROLLS V: SKYRIM
tPbMiSB2GxE Expedition // OUTRIDERS (NO COMMENTARY WAKTHROUGH)
tSPboini8OU A Gilded Cage // Hitman (2016) [NO COMMENTARY]
tXOBWvAbKZs dog1 mem avar1ce 2 mem grenade hack // SUPERHOT MIND CONTROL DELETE (NO COMMENTARY WALKTHROUGH)
tZsGv-yhVHg Night In The Woods // Part Three
tdTEbAlIjN0 Solution Vital // THE OUTER WORLDS
tdz8ZBxbOvg 31LOBBY // SUPERHOT (NO COMMENTARY WALKTHROUGH)
tfQ7VXdxvVk Know Your History (8/26/2020 Event Completion) // Call of Duty Warzone (NO COMMENTARY)
tgUjyFwRcmY Villefort Alvarado Vato // Cyberpunk 2077 (NO COMMENTARY)
tkpo7RqLmaA Suburbs // The Last of Us |The Suburbs|
tmORq-hhNyY The Witch ~ Diablo 3 (NO COMMENTARY)
tnnm2m3egAo Beat On The Brat ~ Arroyo (EASY METHOD) // Cyberpunk 2077 (NO COMMENTARY)
tpGv2Bt9eTA Cyberpsycho Sighting, Lex Talionis // Cyberpunk 2077 (NO COMMENTARY)
tpJW-s54V5o Sweet Dreams // Cyberpunk 2077 (NO COMMENTARY)
tpOQR49vRrg Gig, Olive Branch // Cyberpunk 2077 (NO COMMENTARY)
tqGzDzXpcZE Second Training (WORLD 5: City of Shen) // Guardian Tales (NO COMMENTARY WALKTHROUGH)
tqWEXeqtqBs Cyberpsycho Sighting, Discount Doc // Cyberpunk 2077 (NO COMMENTARY)
twWB_Kt6LQo CHEERS // BLOCK'HOOD
u0ESnA3Uvts Kanterbury Refugee Camp (WORLD 9: Rah Empire) // Guardian Tales (NO COMMENTARY WALKTHROUGH)
u1sHg3zmA0Q Heart of Sin ~ Diablo 3 (NO COMMENTARY)
u4gYH8NpBPc Storming the Walls ~ The Elder Scrolls Online
u56radOC3HU Bad North // Roughrock
u6aB7DCwM_Q Drinking Sapphire Wine // THE OUTER WORLDS
u6g94aaJu_M Ancient Craftmanship // New World (NO COMMENTARY WALKTHROUGH)
uAljoJ-PJ3c EVERYBODY DIES - THE ENDING // THE WALKING DEAD S1|E5|ENDING
uCmvHEOHcd8 LAYERS OF FEAR 2 // Act 5: Forever (ENDING)
uD0QEUwdrOA Cyberpsycho Sighting, Seaside Cafe // Cyberpunk 2077 (NO COMMENTARY)
uDFQplx8kfU Onslaught // OUTRIDERS (NO COMMENTARY WAKTHROUGH)
uE4oJtbszKM SHUTDOWN // Halo 4 (NO COMMENTARY WALKTHROUGH)
uG4c46mlCXA 02ALLEY // SUPERHOT (NO COMMENTARY WALKTHROUGH)
uGtjWUxTxi0 TRUMP AND THE SECRET BELOW THE SCHOOL // FALLOUT 4 |VAULT 75|
uMfPams7UVU Divine Intervention // OUTRIDERS (NO COMMENTARY WAKTHROUGH)
uNUbdl1xOVU Paid in Full // Cyberpunk 2077 (NO COMMENTARY) // Cyberpunk 2077 (NO COMMENTARY)
uOTCxkwlHpc Supplies for His Survival // Lost Ark (No Commentary Walkthrough)
uSfFiVaDRC4 Gig, The Heisenberg Principle // Cyberpunk 2077 (NO COMMENTARY)
uSwjnlLbYaU INTRO // HALF LIFE : BLACK MESA
uUtowp4xZj0 Rimworld NO COMMENTARY Beginning Crash To Ending Liftoff ~ Part 23
u_WH8N40tvI Violence // Cyberpunk 2077 (NO COMMENTARY)
uc2rOh9ub1M Rite of Passage // Fallout 4 |FAR HARBOR DLC|
udxpczi84bU Rimworld NO COMMENTARY Beginning Crash To Ending Liftoff ~ Part 38
uho7MD6AKJs Mouse Hole (WORLD 6: Inn) // Guardian Tales (NO COMMENTARY WALKTHROUGH)
uhqGzVOMjio Creeper Woods ~ Minecraft Dungeons (NO COMMENTARY)
ujPU3iXYcYI THE HERETIC and THE ARMORY // Halo 2: Anniversary (NO COMMENTARY WALKTHROUGH)
umHQnGd9nf4 KANYE TRACKS DOWN THE PARTS // FALLOUT NEW VEGAS |INFLUENCING PEOPLE: PART 2|
unjE_NHq3Rc MAIZE // PART 1
upeke8xJCAI XCOM 2 // OPERATION FALLING FEATHER
upoZ7qbUhe0 TRUMP LEARNS THE SECRET SYMBOLS // FALLOUT 4 |TRADECRAFT|
us1bvMJQoiI \
uwNNhEsnulo KANYE RESCUES DOG // FALLOUT NEW VEGAS |FIND COLLAR 8: \
uwuhSTwMTho Genshin Impact ~ The Blessings of the Seven (NO COMMENTARY)
uzbz3wL2A1A The Pickup // Cyberpunk 2077 (NO COMMENTARY)
v004MVxpPkg XCOM 2 // OPERATION STORM CLAW
v0esVat82AA The Cursed Eternal Chest Bounty ~ Diablo 3 (NO COMMENTARY)
v1SIGtQw06g TIP OF THE SPEAR \\\\ Halo: Reach (NO COMMENTARY WALKTHROUGH)
v4ZUl_ODsQE The Pyramid // CONTROL NO COMMENTARY
v5dXt8QO6AA Blood and Sand ~ Diablo 3 (NO COMMENTARY)
v6sSkS_r_iA 03CORRID // SUPERHOT (NO COMMENTARY WALKTHROUGH)
v8GqMYdX2_Y FRIEND REQUEST // GRAND THEFT AUTO V
vAFJ3bKTYtU The Lone Wolf // New World (NO COMMENTARY WALKTHROUGH)
vBttcDQ8wBE Epistrophy ~ Northside // Cyberpunk 2077 (NO COMMENTARY) // Cyberpunk 2077 (NO COMMENTARY)
vDCWoR_2od4 PYRAMID SQUAD // Halo Infinite (NO COMMENTARY WALKTHROUGH)
vETa_3iqiXk The Kind Old Gentleman (WORLD 2: TEATAN KINGDOM) // Guardian Tales (NO COMMENTARY WALKTHROUGH)
vEe-h61H7Yc Gig, Catch A Tyger's Toe // Cyberpunk 2077 (NO COMMENTARY)
vHULXUGxEGU Level 4 (TOWER) // Guardian Tales (NO COMMENTARY WALKTHROUGH)
vMvfCMJauI4 Welcome to Colorado // Wasteland 3 (NO COMMENTARY WALKTHROUGH)
vPDp0W3g108 Ache for Cake  // The Elder Scrolls Online
vRunfu-d0GY Operation Chaos // Call of Duty Black Ops Cold War NO COMMENTARY
vSq9INadNhk KANYE PASSES THE TEST // FALLOUT NEW VEGAS |X-8: DATA RETRIEVAL TEST|
vSt-JDQPLfg Villefort Alvarado V4F 570 Delegate // Cyberpunk 2077 (NO COMMENTARY)
vTUgVUsh8Q8 Tullu Sprint // Just Cause 4 (NO COMMENTARY WALKTHROUGH)
vXrP6g0EyNE CUBE ESCAPE // SEASONS: COMPLETE WALKTHROUGH
vYtu1OPNlpI LAYERS OF FEAR 2 // Act 4: Breathe
v_3a4PR9OxA Hunter Wendigo // OUTRIDERS (NO COMMENTARY WALKTHROUGH)
v_MwauQNzOk WHAT THE // NO TIME TO EXPLAIN | | PART ONE
vcm8ymAnneU A Dark Place // CONTROL NO COMMENTARY
vkScai3JlDk BOLT With His Name // THE OUTER WORLDS
vmKuOmQjUI4 The Museum // The Last of Us |The Outskirts|
vphcv7F3vjM The Spirit of Luterra // Lost Ark (No Commentary Walkthrough)
vqQ-brAT2mI DELTA HALO // Halo 2: Anniversary (NO COMMENTARY WALKTHROUGH)
vrzNMWGeAl0 The Walking Dead: A New Frontier // Ep2 |Going HAM|
vscUIUzWr6s PRONTO SQUAD // Halo Infinite (NO COMMENTARY WALKTHROUGH)
vujrlWH_Awk Gig, Severence Package // Cyberpunk 2077 (NO COMMENTARY)
vuxfb9cimPs Patrick Stewart As Slenderman
w0lB5isIT9M Trouble in Kolsh Forest // Lost Ark (No Commentary Walkthrough)
w4W0lJU8n-c Langston's Runaways, Japanese Paper Lantern // CONTROL NO COMMENTARY
w7tvjMsHBjw 01KICK // SUPERHOT (NO COMMENTARY WALKTHROUGH)
w8PBFGKzR6Q What a Mess, Burn the Trash // CONTROL NO COMMENTARY
w9YI-3Ryp5o BENGAL SQUAD // Halo Infinite (NO COMMENTARY WALKTHROUGH)
w9pE79Pc44s PART THREE // Deluded Mind
wEh80AGctZo The Wrath of Thirain // Lost Ark (No Commentary Walkthrough)
wGeihfaHFjs TRUMP CLAIMS THE FACTORY // FALLOUT 4 |THE FIRST STEP|
wItEqH09GCQ Detention // Part One
wNNlk09N4dE WEST OF LOATHING // PART FIVE: CLOWN MISCHIEF
wQ-8szlJkBs Office Floor (WORLD 13: Lilith's Tower) // Guardian Tales (NO COMMENTARY WALKTHROUGH)
wRvablzyqsU Rimworld NO COMMENTARY Beginning Crash To Ending Liftoff ~ Part 16
wVK-wStQY4Q Rimworld NO COMMENTARY Beginning Crash To Ending Liftoff ~ Part 20
wVm5Vo4xg0Q Lost Libations ~ The Elder Scrolls Online
w_49wK0YOQc NOT MY FIRST RODEO // THE WALKING DEAD: S1||E1||PT1
w__udiTn8-M NO COMMENTARIO | | Ark Survival Evolved
wc4t82bpTZA Science Building // The Last of Us |The University|
wcLUO10l794 Relics // OUTRIDERS (NO COMMENTARY WAKTHROUGH)
wdfECG1buQ4 INKA SAHAM // Halo Infinite (NO COMMENTARY WALKTHROUGH) // Halo Infinite (NO COMMENTARY WALKTHROUGH)
wgX5OMs163M Destroy the Bandits Supplies // Lost Ark (No Commentary Walkthrough)
wglfdFd4ccY A New Home // Frostpunk (NO COMMENTARY WALKTHROUGH)
whwLmhGXjGA NOT MY JOB // THE NOVELIST || COMPLETE PLAYTHROUGH
whwcnrS4AX0 Kanye West As The Nutty Professor
wiNsZ9nm_B4 KANYE LAUNCHES THE MISSLE // FALLOUT NEW VEGAS |THE LAUNCH|
wjep6R5MNps Rimworld NO COMMENTARY Beginning Crash To Ending Liftoff ~ Part 8
wkPDyI7OpiA Reported Crime, Crash Test // Cyberpunk 2077 (NO COMMENTARY)
wlgyMHMhW5Y EXCAVATION SITE // Halo Infinite (NO COMMENTARY WALKTHROUGH)
wnx1Y0kNFL8 SIMULACRA: Pipe Dreams // Horror Flappy Bird
woZTBeK1zjU GONE HOME // SHIT GOT ME SICK
wrXYk09hx5M SEPARATION // Beyond Two Souls (NO COMMENTARY WALKTHROUGH)
wrgZwIdMgCU THE SILENCE HAS BEEN BROKEN // THE ELDER SCROLLS V: SKYRIM
wruGODt2-nw THE SEQUENCE // Halo Infinite (NO COMMENTARY WALKTHROUGH)
ws5Z5IFWUYo WORLD OF HORROR ~~ Freaky Feature of Found Footage (NO COMMENTARY)
wu6-XE826ns NO COMMENTARIO // THE WALKING DEAD || 400 DAYS DLC
wvGDDNdsRzQ Sharp as Needles // Lost Ark (No Commentary Walkthrough)
wwlIk9e5a-g A Rock Heart // Lost Ark (No Commentary Walkthrough)
x3Tfd7Uh38o Shen City Food Storage (WORLD 5: City of Shen) // Guardian Tales (NO COMMENTARY WALKTHROUGH)
x3p_g3k7QkE Villefort Cortes V5000 Valor // Cyberpunk 2077 (NO COMMENTARY)
x5rQov_Dhr0 Jungla Scatter // Just Cause 4 (NO COMMENTARY WALKTHROUGH)
x7sxUc406hM THUNDER SQUAD // Halo Infinite (NO COMMENTARY WALKTHROUGH)
xAjINx4vwZk Node 3B // SUPERHOT MIND CONTROL DELETE (NO COMMENTARY WALKTHROUGH)
xDlLzoZD-P4 THE FORESWORN CONSPIRACY // THE ELDER SCROLLS V: SKYRIM
xFKEyoKVyqA TOWN OF SALEM // TROLLING 4 DAYZ
xHZko3vxv74 Baring Teeth // New World (NO COMMENTARY WALKTHROUGH)
xI8lTCjxiSk Reported Crime, Honey Where Are You // Cyberpunk 2077 (NO COMMENTARY)
xJL1n_FLkf8 Gig, The Lord Giveth and Taketh Away // Cyberpunk 2077 (NO COMMENTARY)
xKAQ1lx80vU ricochet hack // SUPERHOT MIND CONTROL DELETE (NO COMMENTARY WALKTHROUGH)
xNiFGJfqUmg SUPER HOT CHICK AT PARTY // SAINTS ROW THE THIRD |PARTY TIME|
xQhh_feCcwk Aperture Desk Job (NO COMMENTARY WALKTHROUGH)
xX4Rk_4nuYM In The Aftermath // Genshin Impact (NO COMMENTARY WALKTHROUGH)
xYUGLZ1Yphk Breaking the Seal // Path of Exile (NO COMMENTARY WALKTHROUGH)
xZgCGk_9aWo HOT GIRL FUCKS WIT THE MAN // SAINTS ROW THE THIRD |STILLWATER BLUES + MY NAME IS CYRUS TEMPLE|
xbNi3Zhtjfo TREVOR PHILIPS INDUSTRIES // GRAND THEFT AUTO V
xdyymdhNO_0 THE PACKAGE \\\\ Halo: Reach (NO COMMENTARY WALKTHROUGH)
xgkJtrqsyYU The Broken Blade ~ Diablo 3 (NO COMMENTARY)
xjDArg9DocQ The Illapa Project // Just Cause 4 (NO COMMENTARY WALKTHROUGH)
xkq_lTtGpDQ GETTING WEIRD // CONCLUSE: PART THREE (FREE HORROR GAME)
xlZkS3rctts Brennan Apollo // Cyberpunk 2077 (NO COMMENTARY)
xsfxRpn8BZE Mountain of the Singing Winds // Lost Ark (No Commentary Walkthrough)
xxO37yYEs0c COBRA SQUAD // Halo Infinite (NO COMMENTARY WALKTHROUGH)
xxge7oCBAY0 Catching Stros M'Kai Angler (Eltheric Grouper) Easy // The Elder Scrolls Online
y-Vcl0p16wU TRUMP ENTERS THE SECRET CLUB // FALLOUT 4 |ROAD TO FREEDOM|
y-iPVv1HNYQ Detention // Part Three (ENDING)
y-wFh-nFIWo A Small Step for Hilichurls // Genshin Impact (NO COMMENTARY)
y0roGe-tx8U Herrera Outlaw GTS // Cyberpunk 2077 (NO COMMENTARY)
y3E-6GRYxhI Call the Banners ~ South Park The Stick of Truth (NO COMMENTARY)
y44X2e3OeRg NIGHTFALL \\\\ Halo: Reach (NO COMMENTARY WALKTHROUGH)
y6jG1v4t9cE XCOM 2 // OPERATION HEAVING STALLION
y7J10LKexIE GETTING CYBER // SAINTS ROW THE THIRD |STOP ALL THE DOWNLOADING|
y88GTpfgjpc Gig, Until Death Do Us Part // Cyberpunk 2077 (NO COMMENTARY)
y8zc6tgNnzk Disappeared // Wasteland 3 (NO COMMENTARY WALKTHROUGH)
yAijTr_ieSs A Like Supreme // Cyberpunk 2077 (NO COMMENTARY)
yEeGvS0gU5I Turn Back The Fog // Fallout 4 |FAR HARBOR DLC|
yF9IcrZTq6E Stairway to Heaven // Cyberpunk 2077 (NO COMMENTARY)
yRALkBSqvLc Snowman Village (WORLD 8: Mt Shivering) // Guardian Tales (NO COMMENTARY WALKTHROUGH)
yRmoKeJmLQ8 Direnni Acropolis ~ The Elder Scrolls Online (NO COMMENTARY)
ySFCcu5Cyt8 Ted Dansen As An Ostrich
yVy2OILxZOg BOUND UNTIL DEATH // THE ELDER SCROLLS V: SKYRIM
yYkrB2BLpkI FOB DELTA // Halo Infinite (NO COMMENTARY WALKTHROUGH) // Halo Infinite (NO COMMENTARY WALKTHROUGH)
yYn9eWNRm00 piercshot hack // SUPERHOT MIND CONTROL DELETE (NO COMMENTARY WALKTHROUGH)
ycAjodPObcI Thorton Colby C240T // Cyberpunk 2077 (NO COMMENTARY)
ycCU5Jc7tCs Cyberpsycho Sighting, Ticket to the Big Leagues // Cyberpunk 2077 (NO COMMENTARY)
yeCCOWqci8s The Great Hunt // Fallout 4 |FAR HARBOR DLC|
yfFLYihvwq4 Wanted Headmasher // OUTRIDERS (NO COMMENTARY WALKTHROUGH)
yfH_vBgu4yU NOBLE ACTUAL \\\\ Halo: Reach (NO COMMENTARY WALKTHROUGH)
yifTQ6k7D0k Rimworld NO COMMENTARY Beginning Crash To Ending Liftoff ~ Part 35
yldZ6igDT3w There Is A Light That Never Goes Out // Cyberpunk 2077 (NO COMMENTARY)
ytv5ZGLz778 OUTPOST TREMONIUS // Halo Infinite (NO COMMENTARY WALKTHROUGH)
yvf3HrceR6Y RUSTY LAKE PARADISE || Part 1: No Commentary
yx8ZKSWwbaQ Episode Three // Captive Audience
z0rdkPenNJI The Matriach's Bones Event ~ Diablo 3 (NO COMMENTARY)
z1GteCuSPZY Ronin Mission: Road Rage // Saints Row 2
z4ILXCFxfFA From Start To A Dyson Swarm ~ The Dyson Sphere Program Part 1 (NO COMMENTARY)
z5XTtp2R1Mg The Sexy Brutale (NO COMMENTARY WALKTHROUGH)
z88DzEfhGnA Spiritfarer // Part Three (NO COMMENTARY)
z9jvxxJhcSM KANYE'S FRIEND, KIDNAPPED // FALLOUT NEW VEGAS |THE TUNNELERS|
zACT2J0fvpU FIRST NIGHT // Beyond Two Souls (NO COMMENTARY WALKTHROUGH)
zC8l7wOfal0 Highway Exit // The Last of Us |Bus Depot|
zDKllVOxN1w Gig, Serious Side Effects // Cyberpunk 2077 (NO COMMENTARY)
zExCuEyAbKM Shen Mountain Fist (WORLD 5: City of Shen) // Guardian Tales (NO COMMENTARY WALKTHROUGH)
zHn_qhSBzVo THE SILENT AGE // CHAPTER EIGHT: OUTSIDE ARCHON
zJkrskQ02j0 Gig, Backs Against The Wall // Cyberpunk 2077 (NO COMMENTARY)
zMrFO4WStIw Reported Crime, Disloyal Employee // Cyberpunk 2077 (NO COMMENTARY)
zN86GVSMdBI Highway of Death ~ Call of Duty Modern Warfare (NO COMMENTARY)
zNoI9fr8GIA Ghom Bounty ~ Diablo 3 (NO COMMENTARY)
zSkwpP3f-bY Illusions of Grandeur ~ The Elder Scrolls Online
zTMUcFI9IXo Desperate Measures // Call of Duty Black Ops Cold War NO COMMENTARY
zb_iym22Ntc Mt Shivering Passage 2 (WORLD 8: Mt Shivering) // Guardian Tales (NO COMMENTARY WALKTHROUGH)
zejEnzHezFM Intro // Destiny 2 NO COMMENTARY
zevyAPdypoE Light Guiding Ceremony // Genshin Impact (NO COMMENTARY WALKTHROUGH)
zh8k92SkZb4 Orwell: Keeping an Eye On You // Episode Four \
zkD1WoL6voU PART ONE // Deluded Mind (Scary as HECK Steam Game!! :) )
znHy5hgV1BE Errors Unseen // THE OUTER WORLDS
zsJEQ7q2c6g CHALLENGE 6 // BLOCK'HOOD |FEED ME| (EARLY ACCESS)
zyInb7E6FDM The Butcher Bounty ~ Diablo 3 (NO COMMENTARY)
zzgUwgAIgnw Spiritfarer // Part Two (NO COMMENTARY)
