-1Fwtq3jW54 Kyle Dunnigan Never Wants to Do Stand-Up Comedy on a Cruise Ship Again
-1YvC4tuSmQ This Week On Howard: Kimmel, Barinholtz, and a Tribute to Dennis Hof
-2lDimAehCg Kristen Stewart Wants to Get Married but Not Because It's Traditional
-5ArJ8P_MoI Memet Is Getting Married … on a Live Show Day
-5DkQqKZNO0 Amy Schumer and Her Chef Husband Have a New Quarantine Cooking TV Show
-6koBrlyjX8 This Week On Howard: Def Leppard, Alec Baldwin, and Plantaingate
-CE6t24mPBc Def Leppard Covers David Bowie’s Classic Tune “Ziggy Stardust”
-F2VLDC242w Howard Sings With the New York City Gospel Choir to Celebrate the Release of His New Book
-F88TLQH2qo Tom Morello Couldn’t Even Play Guitar When He Formed His High School Band
-I_2wlMI2YE \
-IvKQIQ9Fyk Howard and the Stern Show Pay Tribute to Eddie Van Halen
-MaFAryVMug Denis Leary Gets Mistaken for Willem Dafoe, Kevin Bacon, and Ellen DeGeneres (2017)
-SBezSiJGfM Mark Ronson Recalls the Amy Winehouse “Rehab” Studio Session
-UoyFkpeRl0 If Ronnie Died, Which Staff Member Would Hit on His Fiancພ Stephanie?
-V0DaSRF-YQ Richard Spilled His Pee Bucket
-X0qXIW43wg Ellen DeGeneres on Why She Can't Stop Dancing
-XHYavwZDYI Maroon 5 Cover “Let’s Stay Together” on the Howard Stern Show
-Y7oaNM4u4k How Adam Sandler and Rob Schneider Pitched \
-aCVA2DXMKM Paul McCartney Has Seen the Upcoming Beatles Documentary From Director Peter Jackson
-bpmVuxcy8k Gin Blossoms Cover Oasis’ “Wonderwall” in Howard Stern’s Studio
-fahPJiM7Q8 Howard's Staff Reacts to His S Sunday Morning” Segment
-gDXKCkPe68 Sarah Silverman Fell for Her New Boyfriend by Playing ll of Duty”
-hWzduNqlmA Red Hot Chili Peppers “Give It Away” Live on the Stern Show
-hlrKLjLY9c Billy Corgan Remembers Kathie Lee Gifford “Hitting On” Him on Live TV
-hq5LNDDHzo Khloe Kardashian Confirms She's Dating James Harden
-iSCS2ISrAU John Stamos on Playing With the Beach Boys, Bruce Springsteen, and John Fogerty
-jOzVeTJKYc David Alan Grier Had Terrible Seats for President Obama’s Inauguration (2009)
-lNvbpmPyQs Bobo Calls Up to Ask Howard an Outdated Question
-m3iqEwF6L8 JD Admits He’ll Cry if the Bengals Win a Playoff Game
-r8Uf3o88Zo Tan Mom Derails the Newest “Tan Talk”
-sy8fg9-8wU Robert Pattinson Talks Superhero Roles and Why He Was Nearly Fired From \
-vqZpazODWk Robin Compliments Gary’s Breath but Michael Rapaport Disagrees
0-YF3cszc3c Kendrick Lamar Hung Up on Dr. Dre When the Rap Mogul First Called Him (2017)
0-f9YyH1vzM Sal Governale Has Been Researching “The Urantia Book”
00SCJStKfnc Russell Crowe on the Complexity of Portraying Roger Ailes
00v7aZ4EE74 Lindsay Lohan on the Great Love of Her Life and Why They Broke Up
02HDL67Pe_8 Bill Maher’s Advice for Democrats
04XfnzZArT0 Johnny Knoxville Shot Himself in the Chest for “Jackass” (2010)
04XqKG9t8ns Jon Stewart Almost Had a Late-Night Gig on NBC
06FD4eG7980 Embedded With Sour Shoes: The Trailer
0DkhIywNmys Adam Sandler Cheered Steven Spielberg Up During Filming for \
0EEDMfjASiM Bill Burr's Helicopter Escape Plan
0FkcFbp8EA0 Howard Stern Remembers His Neighbor Regis Philbin
0HDJARvvo7w Cher Nearly Backed Out of Eating Cow Tongue With James Corden
0IEyZKl-eu0 Tom Morello Remembers Meeting Chris Cornell for the First Time
0IugeZbp494 Adam Levine Covers Chris Cornell’s “Seasons” on the Stern Show (2017)
0JwtC7RJnGM Wolfgang Van Halen Shows the First Guitar His Dad Gave Him
0MS0DL_n-tU Who Would JD Save: Ronnie or Jon Hein?
0OzYe8TFhJE How Steve Martin and Martin Short Made “Only Murders in the Building” During COVID
0SAtpW0urUU Memet Walker and JD Harmeyer Sing Karaoke
0SkyFEy_gJo Tan Mom Kicks Off Jimmy Kimmel's Surprise Party
0ZClaktRbPg Andy Cohen Reveals Why Brandi Glanville Is Off 'Real Housewives'
0ZZCz8PWzC8 Ronnie Mund and Jason Kaplan Fight Over Free Cookies (2010)
0dc85uN9ujk Stone Temple Pilots ncing Days” on the Howard Stern Show
0e-8RqPbfIM Ronnie the Limo Driver’s Sexed-Up 70th Birthday
0h8zY4lm0-8 Will the Farter Honors “Howard Stern Comes Again” With a 21-Fart Salute
0hmaXdNz9uk Miley Cyrus on the Surgery She Had to Save Her Voice
0nvqPHWFopw How Kirk Hammett Left His Band Exodus to Join Metallica
0nwxzI9kQrM Bush’s Gavin Rossdale “Glycerine” on the Howard Stern Show (1995)
0pzx9j0R-eY Why Whoopi Goldberg Says She Wants to Stay on “The View”
0qZxSKOupEw Why Paul McCartney Didn’t Like Being Called the 𠇌ute One” in the Beatles
0qlwxu3Hcso Howard Misses His Office “Shusher”
0tA7JlM0kqQ This Week On Howard: Peter Frampton Visits and Richard Christy Tastes Wine Through His Ass
0tIhR6wo6DE Ellen DeGeneres on Caitlyn Jenner's Gay Marriage Stance
0tQMgqe4SeE Sal Thinks Cardinals Are Signs From the Dead
0tYsfSIXivY Machine Gun Kelly Shares the Last Thing He Did With His Late Father
0vBrmhd5EFo Ronnie Mund Doesn't Know Who Brought the Donuts
0yomesF9OTk Dennis Rodman Hung Out With Kim Jong-un on His Private Island
1--JWOOoJZc Jeffrey Dean Morgan Really Got His Nose Broken by Andrew Lincoln on “The Walking Dead” (2018)
10MQY33cYCg Stone Temple Pilots “Interstate Love Song” on the Howard Stern Show (2000)
15hRZQSXUmA What Tom Brady Told Al Michaels About Ending His NFL Career
19NLa84n0eo Ronnie Says “Goodbye” to His House Before Moving to Las Vegas
1BiAwFEujdw JD Still Loves O.J. Simpson in the “Naked Gun” Films
1Cu1NbkgFvQ Tan Mom Is Trying to Get Celebrity Guests for “Tan Talk”
1DgEOLjfvnE Stephen Colbert Talks \
1EAvrkFdqxE Sal Governale Is Ronnie Mund’s Hero
1Gv11cGQB6I Andy Cohen Gets a Ton of Dick Pics Including One From High Pitch Erik
1IDb6nKUWyw Gregg Allman Reveals the Real-Life \
1L-hgp9_vO4 Should Pete Rose Be in the Baseball Hall Of Fame? (1994)
1NUAcHRq0K4 Adam Driver Was a Marine Before Becoming an Actor
1NpNfvfTT6E Alec Baldwin on Fatherhood and the One TV Job He Really Wants
1Psq53ymHQE Are Brent Hatley’s Headaches Caused by Stress From Swinging?
1PucQ15GWEs David Gray “This Year’s Love” in Howard Stern’s Studio
1PyPJde4veU Jake Gyllenhaal Says He’s In Love and Wants a Family
1R5hptnTBNY Is Gary Dellte Related to a Famous Renaissance Painter?
1RwwhJZCTzs John Legend 𠇊ll of Me” Live on the Howard Stern Show (2013)
1U3084gx4t8 Why Kevin Bacon Initially Didn’t Want to Take the Role in 𠇏ootloose”
1VvNEfuHhoY Avril Lavigne Performs an Acoustic Medley on the Stern Show (2013)
1_KWkrHJbV8 Ben Stiller Shares a Story About His Late Father, Jerry Stiller
1cTnm6oSnOU How “Weird Al” Yankovic Got His Start in Song Parodies (2016)
1fWv43tak5Q Ronnie Mund Demonstrates How He Washes His Butt in the Sink (2013)
1hzohTf--aw JD Harmeyer Accidentally Kissed Will Murray’s Wife on the Lips
1j3VXxHpwlY Sal Governale Gets the Flu and Blames Gary Dellte
1okSr-io9nQ JD Harmeyer Bought His Wife a $450 Gucci Belt
1r7KQ6JuiQA Would Medicated Pete Let Benjy Date His Mom?
1rHCwj59iMg Lenny Kravitz Shares What It’s Like Working With Mick Jagger (2014)
1sh5KGndNTc Natalie Maines Gets Candid About Her Contract With Sony
1uriuzej9V8 Drew Barrymore’s Unforgettable “Late Show” Moment
1w0TPB5AulM Sebastian Maniscalco Scored a Role in Martin Scorsese's \
1z6bIWl-eBA Eddie Vedder Hopes for a Unified America
20PYkxoGTos Richard Christy Says His Toe Injury Won't Keep Him From Running
2333_Q5eBFw High Pitch Erik Gets in Two Accidents the Same Day of His Driving Test
24XdW3Q2fB4 Kristen Wiig on Getting Jamie Dornan to Play Her Love Interest in rb and Star”
24eBNfn-4Fc Andy Samberg Remembers His “SNL” Audition
29q9wPU7ySk How Politics Affected Johnny Weir’s Olympic Career (2011)
2AIhIKY70bs Metallica Laughs About the Night James Hetfield Punched Lars Ulrich
2A_eRglvKvk Jake Gyllenhaal on Filming Love Scenes With Jennifer Aniston
2CC3Ny_KT1M Mariann From Brooklyn Meets Howard Face to Face for the First Time
2D1nl23DfmQ Bob Odenkirk on Writing “Matt Foley” and Working with Chris Farley
2Eh3FtFpzZA Adam Sandler's “Uncut Gems” Character Took Inspiration From Howard Stern
2IIsc_sTICo Sheryl Crow Made $42,000 Singing a Jingle for McDonald’s (2017)
2KctsMptvIY Hillary Clinton Talks Befriending the Rolling Stones and Fanning Out Over Fabian
2Kq1FkpnwCU Why Robert Smigel Wanted Conan’s Late-Night Show to Be 𠇊nti-Letterman”
2Lb83sFnsqU Seth Rogen Is Cool With His Employees Smoking Weed at Work
2RmHpbLwOFQ Dwayne “the Rock” Johnson Owns His WWE Name, Not Vince McMahon (2004)
2XjKhAVadcE Finneas Puts His Sister Billie Eilish’s Career Ahead of His Own
2XkKvtWUMOU J.J. Abrams on Why Luke Skywalker Isn't in \
2YZHpJKIEok Jimmy Kimmel and Beth Stern Join Howard During At-Home Stern Show Broadcast
2ZTNCLteKOk How Johnny Knoxville’s Son Found Out About “Jackass”
2aglZj9LSY8 Sal Aces a Bird Call Quiz
2aujntZyQAA Did Gary Put Himself at Risk of Getting COVID-19 by Hugging His Son?
2e_d8MZ4rzk Bobo Compares Stern Show Callers to “SNL” Writers
2f8BlJxBHcM Sarah Silverman Gets Candid About Being Spanked and Foot Fetishes
2fedj2sICVQ Gary Dell'Abate Overhears Ronnie Mund's Loud Love-Making in the Bahamas
2g_8ZB_gD6I Why the Osbournes Agreed to Do Their Reality TV Show (2002)
2glfA-_He18 How Dave Grohl Getting Dumped in 7th Grade Led to Him Becoming a Rock Star
2i4X8XD7bZo Paul Giamatti Talks Playing “Pig Vomit” in “Private Parts” (2010)
2kB9jIyJz1g Green Day \
2kHUA-Zma1U Hillary Clinton on the Howard Stern Show Pt. 1
2kwp8VnCrsM O.A.R. Cover the Beatles Song “I Want to Tell You” Live on the Stern Show (2016)
2uHuQmxVLf4 Slash on How Meeting Steven Adler at 13 Made Him Take Up the Guitar (2007)
2w61elChIaA Sal Predicts the Winner of the Super Bowl While Hypnotized and Jon Hein Shares This Year’s Prop Bets
2wFYMhD6tV0 High Pitch Erik Kisses Benjy Bronk on the Lips (1999)
2yz9QcyI6Yk Jamie Foxx Says He 𠇏-cked Up” the 1st Time He Met Prince (2017)
3-G_iEbuhxU Andy Cohen on the Time John Mayer Was His Wing Man at a Gay Bar
321bkwjoM9A Lisa Loeb “Stay” Live on the Howard Stern Show (2006)
34E8yuktuog Paul McCartney Says No One Cared About His Music … Until He Met John Lennon
36Oj2t6lZuo Who Can Get More Women’s Phone Numbers: Benjy or Brent?
37KJlIwDoZU Jamie Foxx Shows Off His Spot-On Impression of Ray Charles (2017)
37nDQgfAzSA What George Clooney’s Life Has Been Like in Lockdown
37zJRTsIfgc J.K. Simmons on His Early Struggles as an Actor (2015)
3DTsF72bmK4 Lars Ulrich Plays “What Does Lars Like Better?”
3HcWL2TGYSs 2019 Year In Review: Staff Favorites
3Kc0xuVMtEI Cardi B Looks Back on Her Time in Strip Clubs
3QJbgMD9lZ8 Gary Dell'Abate and Sal Governale’s European Vacation
3QMahXaXvqs Goo Goo Dolls Cover Sponge’s “Plowed” in Howard Stern’s Studio
3UJMh0WuAb8 Highlights from Medicated Pete's Sit-Down Interview with Howard
3UTpytHimL8 Jason Kaplan Gets a Clean Bill of Health From His Doctor
3UnQfTIeE5g Howard Changes His Mind About 1 Person Not Being in the Wack Pack
3W2igauGjU8 Liam Gallagher Responds to Getting Carded for Cigarettes in New York
3_OLYTk_sPQ Stone Temple Pilots “Plush” Live on the Stern Show (2000)
3bULY24kG5g Def Leppard's Rick Allen Recounts the Days Following His Life-Altering Accident
3dr-ad9dGh4 Johnny Knoxville on Why He Turned Down a Spot on the “SNL” Cast
3gr_CJI9frk Ronnie the Limo Driver Talks Playing an F.B.I. Agent on the TV Show “Limitless” (2016)
3kd1261HE3k Why Neil Young Recorded rn” in an Actual Barn
3ljTSrhNy5A High Pitch Erik Had Road Rage in L.A.
3lurzTgtVG8 How Benjy Bronk Picked His New Therapist
3mjVelnbf28 Ben Stiller on PSA Tests: ‘\
3nEDAnNFcuM Melissa McCarthy Almost Quit Acting Days Before Landing 'Gilmore Girls' (2014)
3o5xCQH06Jo How Melissa McCarthy Created Her Character for \
3ocyILFPX0U Fred Armisen, Bill Hader, and Seth Meyers Recall Prince’s “SNL” Afterparty
3onikZYyrgQ Who Are the Top Three Rock Bands of All Time?
3s8kIPmKkCg Richard Lewis Went to Summer Camp With Larry David (2010)
3sYihkK3Jbo Ringo Starr on the Bond He and His Beatles Bandmates Had (2018)
3tO1gGLkIMQ Howard Gives Gary Dellte a Time-Out
3uJnylLe1PE Jerry Rice on His Journey to Become an NFL Star (2007)
3uqo4q0V3gc Chris Wilding Gives an Update on Andy Cohen and Gets an Offer From Gary Dell'Abate
3wEUzZyEcyc Lady Gaga’s Stylist Glued Her Underwear to Her \
3wK8eADpKKQ Nikki Sixx Gets Candid About Addiction (2007)
3wRqurb5kjQ Seth Rogen Remembers the Time He Met Steven Spielberg While Smoking Pot
3wc2YXDpiDM This Week On Howard: Joe Namath Visits and Bobo Shows Off His New Look
41cdwlG6UHQ This Week On Howard: David Alan Grier, Mark Ronson, and the Newly-Wet Game
42f1x9qBulU Robert Smigel Defends Chris Farley’s Chippendales “SNL” Sketch
44Cvc-c4bzA This Week On Howard: Maren Morris Performs & Howard Names His Best Interview
46IWKgsTcrw How Robin Williams Impacted Rob Schneider’s Start in Stand-Up Comedy (2017)
47MuTDHMD94 Alanis Morissette Was Dropped by Her Record Label in the s
49an9H_dts8 Ronnie Gives a Caller Advice on Having a Threesome
49tuffvFZpo David Spade Talks the Future for His Show “Lights Out”
4BJihh5SH6A JD Was Distracted by Bruno Mars’ Bulge
4CS7_wkxMoA Alanis Morissette “Ironic” on the Howard Stern Show (2004)
4C__P2qgsjM Will There Ever Be A Tan Mom Governale?
4D-8DJUzamQ Seth Rogen Reveals \
4EToPHB4Jzw Jon Bon Jovi Explains the Nickname He Has for Paul McCartney
4H8FGgKhhog Sammy Hagar Clears the Air About David Lee Roth
4Hh2eAK6Nnc Why Joey King Won’t Date Another Co-Star After Jacob Elordi
4ID1-BuW-3c Lance Armstrong on His Decision to Tell Oprah Everything
4M-uGSPr8dk Nikki Glaser Reveals a Romance She & Bobby Bones Had While on ncing With the Stars”
4OBgOmLopm0 Dave Matthews 𠇊 Whiter Shade of Pale” Live on the Stern Show
4UzxYuELZcE Sal Governale Is Losing His “Native Hairs”
4_muX376QYU Tom Morello on His Days as a Stripper and Rage Against the Machine’s Naked Protest
4_sO-DgIOBY Is JD Harmeyer Overspending?
4afRFjZzlrA Sal Lied About His College G.P.A.
4bt_4CisRKw Ronnie Mund’s Driving Habits
4cRfL5R2l7o Jimmy Kimmel Explains the Changes to the 2020 Emmy Awards
4iRniiLPxG4 Why Emily Ratajkowski Loved Being Pregnant
4jJ1W_1gvCk Drew Barrymore on Being Emancipated at 14 and Living With David Crosby (2016)
4mKRM2QHtp0 Joe Walsh Remembers Jamming Backstage With Jimi Hendrix (2018)
4vhLwten9_E Ice Cube Recalls How He Landed His First Film Role (2016)
4wHjEG7mZns Howard Convinces Sal Governale to Quit Vaping Live on the Stern Show
4wdJ3t6QNwg Fred Armisen, Bill Hader, & Seth Meyers on the Australian “SNL” Sketch That Never Aired (2015)
53fZLhj6TBU Pete Rose Saw Just How Big Joe DiMaggio’s Penis Was (2010)
58DGBVuakLs Adam Levine Reveals What Prince Thought of His “Purple Rain” Cover
58QKYRQUe4g Ronnie the Limo Driver Leaves His House to Get Bagels and a Haircut
58rokQlsRTU Kevin Hart Recounts His Mom's Clever Lesson
5A1W_731UKQ Cheap Trick “I Want You to Want Me” on the Howard Stern Show
5AUbECaBKRk Stone Temple Pilots Cover the Beatles’ “Revolution” on the Stern Show (2001)
5AnfDu7CqH0 Why Joey King Deleted a Tweet About Her “Kissing Booth” Co-Star Jacob Elordi
5C_1NN4KMO4 What’s It Like Drumming Behind Dave Grohl in the Foo Fighters?
5DkNBFshjB8 What Jimmy Kimmel Thinks of Adam Carolla's Tweets About COVID
5E3PA9J5qcI Chris Cornell Covers John Lennon’s “Imagine” on the Howard Stern Show (2011)
5FelM1X9eyQ Howard Uncovers the Many Feuds Going on at the Stern Show Right Now
5FpXc6x1FP0 Nick Cannon Told Pete Davidson to Date an Older Woman
5GGYOFS6U3s What Is the Greatest Guitar Rock Riff of All Time?
5HBeD2T7p9E Sheryl Crow \
5IMIBvcFqq8 Gary Dellte’s Record Room
5INKoMJyOf0 Rosie O𠆝onnell Was Live and Braless for Her Recent Charity Special
5IeHOjtKi4Y Paul Rudd Is Nicer to Ants Since Playing Ant-Man
5KFVzYaM6Sk Howard Was “Miserable” at Gary’s Dinner Party
5KUdaPeqyD4 Howard and Robin Wear Vibrating Panties Together (1998)
5KwpWvaJf-U Cyndi Lauper “Time After Time” Live on the Howard Stern Show (1995)
5Njp3ggzIn8 Arnold Schwarzenegger Originally Wanted a Different Role in 'The Terminator' (2015)
5O5bm-O7t74 Howard and JD Debate the Best Superpower
5O658zicB8M This Week On Howard: Jimmy Kimmel and Celebrating Howard's New Book
5OvEtbH1WAc Why Michael Che Doesn’t Want to Date a Celebrity
5P1VksW5ETE Collective Soul “Heavy” in Howard Stern’s Studio
5RdHkbBNpE4 Shuli Egar’s Quarantine Beard Reminds Howard of Tevye From 𠇏iddler on the Roof”
5Stgj_DF1e8 Why Jon Hein Once Got Kicked Out of a Casino
5VEKcDRkZEg Sal Says He 𠇌ommunicated” With a Squirrel
5bPSlUvkJj8 How Ronnie Shaves His A**hole
5daRD8Bh07s Jamie Foxx Tells Howard Stern How He First Teamed Up With Kanye West
5g8sj7pEZeY Seth Meyers Talks Underrated “SNL” Cast Members
5kDMJvKtGRQ David Alan Grier Tells an Epic Prince Story
5nqVTWrbj9U Howard and the Stern Show Staff Beg Ronnie to Reveal His Vote
5ryOv8O6H0s Why Billy Joel Quit Writing Song Lyrics
5xAVo29KOIQ Bree Olson Opens Up About Charlie Sheen's Alleged Anger
642DtkOwQCY Ronnie Found Out Stephanie Has Been Keeping Photos of Old Boyfriends
66NrpZo92D8 Richard Christy Poops His Pants and Traumatizes Dr. Drew
66Sg4Pq17cw How Lenny Dykstra Got an Edge on MLB Umpires
67A1Df94m4Q Lenny Kravitz “Let Love Rule” on the Stern Show (2001)
68BWgpj9T5k Kristen Stewart Assures Fans Her “Twilight” Romance Was Real
68SkOBc20HE David Gray Covers Bruce Springsteen’s “Mansion on the Hill” in Howard Stern’s Studio
6DpEcmBhxMM Is Ronnie the Limo Driver Ruining Stern Show Happy Hour?
6F3y8_UUnvw Benjy Bronk Shows Up to Work in a Wig and Eyeliner (2011)
6KauxZ8IaeA Ronnie the Limo Driver Is Still Partying With His Friends During the Pandemic
6M3Iya0mRQw Tracy Morgan’s Stand-Up Comedy Advice for Michael Che
6MQbTAzqF0g Robert Downey Jr. Remembers One of the Last Scenes He Shot With Stan Lee
6MplFBIvaL0 Memet Walker Wants to Take Gary Dellte’s Job
6N68miPEe9U Ben Stiller Almost Made a Rolling Stones Movie Starring Brad Pitt
6O5WNTW8Z1A President Trump's Inauguration Was “One of the Hardest Days” of Hillary Clinton's Life
6OGGKGCIBHE Gary Dellte Gets Caught Raiding the Candy Box
6P6g5mHvIHM Bobo Has a New Partially Dyed Goatee
6RdS4uL2rvQ Jimmy Kimmel Tells Howard About Bombing at Bill Gates’ Roast
6VA18TqnKGQ Dave Grohl Was Asked to Be Tom Petty’s Drummer
6VkESVtFkF8 Norm Macdonald Got Conflicting Advice From Rodney Dangerfield (2011)
6WWH6Av9y2E Jimmy Iovine's Dream Retirement
6XVAPvCmmrQ Ronnie Refuses to Respond to Apples
6ZVC_i5zZYk What Is the Greatest TV Theme Song of All Time?
6_DTyowC1wM Eddie Vedder Gave Bradley Cooper Advice for 𠇊 Star Is Born”
6a2Fq9I1dak Dave Chappelle on Bar Fights, Marriage, and Strip Clubs (2001)
6c3QdId1aaQ How Jon Stewart Became Friends With Pete Davidson
6ckg1028Lik Joey King and Patricia Arquette Made a Deal While Filming “The Act”
6ddVpNikXUo The Wallflowers 𠇆th Avenue Heartache” Live on the Stern Show (1997)
6ddtv00PKV8 Emily Ratajkowski Was Sued for Sharing a Photo of Herself
6e1rwImZ754 Judd Apatow and Ben Stiller Pitched a Movie to the Rolling Stones (2015)
6fqbKzG7ynA Seth Meyers Does His Own Makeup, Lighting, and Wardrobe for “Late Night”
6gTwQ5TZCjA Is This Jerry Seinfeld’s Last Stand-Up Special?
6gsogxwkBss Gary Joined a Scotch Lovers Facebook Group
6hpbW2h8SdQ Jerry Seinfeld Talks His Early Days in Stand-Up With Eddie Murphy
6kILYWbKSKM Benjy Finished the New York City Marathon After More Than 8 Hours
6lM20BMUD1M Tom Morello on the Rock & Roll Hall of Fame and His Friendship With Ted Nugent
6lUgMRsn0KQ Paul McCartney on Not Competing Against the Rolling Stones or Taylor Swift
6nDDNYAFThc Emily Ratajkowski on Having to Grow Up Fast
6nLFIBoBVq8 This Week On Howard: Kim Goldman, Wack Pack Puppets, and \
6qsuSq1JBDA Beck “Novacane” on the Howard Stern Show (1997)
6s6zsZhY9Ow Sof໚ Vergara Was Surprised by Ed O’Neill’s Real Voice on “Modern Family” (2015)
6uOZK7Yx1QA Jimmy Iovine Hid Stevie Nicks From Tom Petty in His Basement
718WHLZA6_c Steve Nowicki Went to Eddie Van Halen Con ... and He Got Engaged
71ooo7UppBM Tracy Morgan Returns to the Howard Stern Show (Full Interview)
76X7PhKT3I4 Katy Perry \
76emxTx5IQU Sal Governale Botches His Mock Job Interview
7828dsvkX5c If George Takei Passes Away First, Can His Husband Brad Date?
79nU653N7iM David Letterman Talks Quarantining With His Teenage Son
7ATInFps8Eo Howard Stern Debuts His New Les Moonves Puppet
7BrSNadmLU0 Does Howard Stern Need a New Catchphrase?
7C1S1_htg24 This Week On Howard: Ronnie's Mexico Trip, Gary's Jigsaw Puzzle, and High Pitch Erik's Truck
7DUyc8XaNws Lady Gaga Wrote “Telephone” for Britney Spears but She Turned the Song Down (2011)
7HQr0e9bCDw Did Richard Christy Intentionally Have an Accident in His Diaper?
7IKoSxmehHI The High Pitch Erik Puppet Makes Its Debut
7IY1PeficdE Benjy Bronk Chews Up Raw Potatoes and Spits Them Out While Preparing Dinner
7J6UnYhRZWk Tan Mom Records Her New Song \
7JbXVLREygo Emily Blunt Stole This vil Wears Prada” Line After Overhearing a Mean Mom at the Store (2015)
7Jgh-ehN8iQ Dustin Diamond Went to Disney Jail After Getting in a Fight at Disneyland (2000)
7K8j55V3Lvw Jamie Foxx Recalls Quentin Tarantino's Directing Style on \
7PGEa-w9pjo Daryl Hall “Kiss on My List” on the Howard Stern Show
7QJBh7PyFFo Steve Nowicki Built Eddie Van Halen’s Guitar and Power Drill
7Rx4ND9qPfQ How Metallica Went From Playing Obscure Cover Songs to Their Own Heavy Metal Hits (2016)
7TnjIjsj3HQ Metallica Recalls Hard-Partying Days and Destroying Dressing Rooms
7WlO5bQfdA0 Anderson Cooper on His Mother Gloria Vanderbilt's Fascinating Life
7YvoZjFXjjc How Gov. Andrew Cuomo Is Coping During the COVID-19 Crisis
7aHdJXV_dIk JD Harmeyer Describes His Scary Sleep Paralysis
7b81BDY3FL4 Snoop Dogg on the Howard Stern Show (FULL 2018 INTERVIEW)
7bOEu6P_NFY Does JD Harmeyer Have Pseudobulbar Affect?
7dFz4sJ5RPs Howard Plays Viral Videos of People Refusing to Wear a Face Mask
7duHx7E_vEA Ben Affleck on Taking Acting Notes From Director George Clooney
7hb139T9fyQ This Week On Howard: Ronnie Gets Roasted, George Takei Returns, and Benjy Is a Hero
7jTCbr5t8iQ Tracy Morgan Gives an Emotional Speech About Nurses & Doctors Fighting COVID-19
7jsab8aiixA Tony Siragusa Remembers His Father (2012)
7kGg5UazgkA This Week On Howard: Russell Crowe and 20 Years of Gary's “Love Tape”
7kKMnBbV0tM Colin Jost Sh*t His Pants While Golfing
7k_SvLUIOsM JD Harmeyer Caught Playing Video Games During a Work Meeting
7kcDICWTk9k Amy Schumer on Adjusting to the Celebrity Lifestyle
7l4bhLXJebo Seth Meyers’ Wife Gave Birth in Their Lobby
7n5jaJcDvRY Matthew McConaughey on “The Wolf of Wall Street” and Being High in zed and Confused”
7nYz2Mi50bE Jon Bon Jovi & Train's Pat Monahan “Wanted Dead or Alive” at Howard’s Birthday Bash (2014)
7ofWjTXiGcA Porno for Pyros “Pets” on the Howard Stern Show (1997)
7ooxX2cwSOI Red Hot Chili Peppers Share Stevie Wonder’s Reaction to Their Cover of “Higher Ground”
7q8wADEQ2HA Sal Governale Brought to Tears by 12-Year-Old Caller
7r31jKsFrdA Adam Levine Learned Guitar at 11 by Playing Led Zeppelin Riffs
7sIMhk_RL5Q Ben Stiller Was “Surprised” to See a le Guy” Commercial at the Super Bowl
7tbV1gDQtbo Robin Quivers, Geraldo Rivera, and Richard Belzer Play Jeopardy
7wCjNN6U_ec How Pat Smear Joined Nirvana
7yyX0rpqcTM Jon Hein Stands By Eating at Chick-fil-A
8-JPhG12vzk Donald Trump Asked Tom Brady to Endorse Him at the 2016 RNC
80l_1l88YIU Ellen DeGeneres on Her Decision to Come Out at the Same Time as Her TV Character (2015)
82TwKtQtHmY Sal Governale Hypnotized Into Thinking His 𠇌-ck Is Gone”
83g5udjMeAQ Louis C.K. Recalls Joe Pesci's Thoughts On Comedy & Cunnilingus
84XNCOJP5CE What Happened When David Spade Performed at a Dry Casino (2019)
85JKknzehlE Robin Quivers' Birthday Dinner Causes Controversy in the Office
863sFtszZ8Y Bree Olson Resents Charlie Sheen's Comments
86wSndZwAVQ Amy Schumer Yelled at an Audience Member During a Live Show (2018)
87R4_lDxjSU Michael Che's First Day at \
89NCntwMjws Metallica Gives Credit to Punk Rock for the Band’s Longevity
89qMtcZaHDY Why Claire Danes Didn’t Want to Star in “Titanic” (2015)
8AVb_5dyVgk Sacha Baron Cohen Almost Incited a Riot While Filming 𠇋runo” (2012)
8GRSy1M2yBY Billy Joel Hid His Meat During a Visit From Paul McCartney (2010)
8GXeJXCP9T0 Coldplay 𠇌oloratura” Live Exclusive on the Stern Show
8IxDWpgGH3I Paul McCartney Picks the Best Song He’s Ever Written
8PjSsF54k-w Scarlett Johansson Has a Crush on Gordon Ramsay
8Q7pF2GiOkw Bon Jovi “It’s My Life” Live on the Stern Show (2000)
8T1dAd-kKng Newly-Wet Game Preview: Brent vs. Ronnie
8VI0EXsrdyM Ronnie Feuds With King of All Blacks Over the Election
8djfZWmzSQA Graham Nash 𠇌hicago” on the Stern Show (2013)
8djjPofl0bw Bobo Claims He’s “Hung Out” With Fred Norris
8hPZLAEPtrY Ronnie Gets the Results From His Psychological Exam
8hohvXCsqFo Eddie Vedder on Kurt Cobain’s Criticisms of Pearl Jam
8jZiMDVQjpA Kelly Clarkson 𠇊 Moment Like This” Live on the Stern Show (2017)
8jj7NyrneWU Gary Clark Jr. “This Land” on the Howard Stern Show
8mN9CNKxkpo Sal’s Cardinal Calls in to Talk to Him
8qHjTaP2FEQ David Spade Is Being Asked to Perform Comedy on Corporate Zoom Calls
8qP5i4p7uJI Gary Sells His Famous Vinyl Collection
8tzIc_hqz8Q Machine Gun Kelly ” Live on the Stern Show
8w2lNpixqOc Adam Levine Performs \
8yIDqfIVRvg Alanis Morissette “Head Over Feet” on the Stern Show (2004)
8z765Lt-ip0 Chelsea Handler Looks Back on Her Relationship With Ted Harbert
9-J-Rj9tMhA Amy Schumer on the Sexual Assault Story in \
930L1csCThE Liam Gallagher Says He's Open to an Oasis Reunion
94MsJSv42tM Gary Dellte Gives Sal Governale a General Knowledge Quiz (2010)
95DR7ufeiYo Brent Hatley’s Infamous Political Campaign Video (2015)
97F9-OViLNE Eric Andre Got Advice for  Trip” From Sacha Baron Cohen
98TpY2FGvv0 Michael Rapaport Taunts JD Harmeyer in Fantasy Football Playoffs
9DLDOM3EiN8 Ronnie the Limo Driver Shows Howard and Robin All His Sex Toys
9DViQxF2ENE JD Harmeyer Shares Details From His 10-Day Honeymoon
9EMTqmw66B0 Miley Cyrus “Party in the U.S.A.” Live on the Stern Show (2017)
9HO8xPVINuE Sal’s Christmas Card Has a Typo
9IRPSr-Kods Tracy Morgan Gives Props to Eddie Murphy’s Spot-On Impression of Him
9IiHMFLHphg Jay-Z Signed Rihanna in Their Very First Meeting (2010)
9JX1U2RL8zQ Martin Short Looks Back at His One Season at “Saturday Night Live” (2014)
9KS2-o4OPPo Seth Rogen and Howard Stern Size Up Orlando Bloom's Full Frontal Nudity
9MdbURARYgI Kevin Hart Almost Starred in a Judd Apatow TV Sitcom (2016)
9QgF-t5qwQI How Hank Azaria Created the Voice for Moe the Bartender on “The Simpsons” (2017)
9Qqtvl1Qo68 Johnny Knoxville on Pranking Eric Andre and the Cameo They Missed Out on for “Jackass”
9RlmmS4cPwk Kevin Hart on His Friendship With Justin Bieber
9Ww8GD8vhmQ Rachel Maddow on Getting Advice and a Job Offer From Roger Ailes
9ZYrP7CF4fU This Week On Howard: Will the Farter, Sal's Ailment, and Ronnie's Retirement Plans
9_9bfqv-jt0 Richard Shreds His Kansas City Chiefs Jersey
9f7JIyOrgwY Kevin Hart Shares the Lessons He Learned From Other Comedians (2017)
9jOklUtuinE Machine Gun Kelly Jokes About Pete Davidson’s BDE
9kIfMojqALo Howard Stern Shares Memories of Joan Rivers
9kciQGgMTTg David Spade Dated Woman in Van Halen's \
9n-PW3XhZ0E Jim Carrey Bought Charlie Chaplin’s Cane
9oMSFWQEcmU Sal Governale’s Pop Geography Quiz
9pL15T-6CtU Metallica “One” on the Howard Stern Show (2013)
9qXgA0q8lt0 Steve Miller on the Rock and Roll Hall of Fame
9tat-XkK6OM 𠇊lex Jones” Fumes Over Howard’s Stance on Vaccines
9vQ1oZtrww8 Foo Fighters “Shame Shame” on the Howard Stern Show
9wncO5AYgw8 Coolio ft. L.V. “Gangsta's Paradise” on the Howard Stern Show (1995)
A0Mr9Wobn40 Jimmy Kimmel and Howard Pick the Best Talk Show Guests
A1d2ceKuQmY Brent Hatley Has Permission From His Wife to Hook Up With Other Women in L.A.
A5WqPnsWGcg Kate Hudson Had a Different Role in 𠇊lmost Famous” Originally (2016)
A6yzkYHrxqQ Ringo Starr Remembers Being Asked to Join the Beatles
A7fMFZhzlLE Jeremy Renner on Playing Marvel’s Hawkeye
A9cyaSRbKJU Drew Barrymore Is Going to Fight to Keep Her Talk Show Successful
ACoXABwqHg4 Green Day “Waiting” Live on the Stern Show (2001)
AEhz5yFNgRg Hillary Clinton Has Seen a Change in Senator Lindsey Graham
AFYpGwKrcIo David Spade Tried to Break the Rules at the Vanity Fair Oscars Party
AIkY0pB5TVI What Drove Neil Young to Leave Buffalo Springfield and Crosby, Stills, Nash & Young
AIp8ElF8kjo Ringo Starr on Crafting Songs With John Lennon and Paul McCartney
AM_Mo5rc5HM Tan Mom Has a Discussion With Her Alter Ego “Shuli Mom”
AN61QVOQEbw Dennis Rodman Goes on a Date With Robin Quivers (1996)
ANcGLMO3wv8 Bill Burr Learned Comedy From Going to Summer School (2017)
ANjv524Hh2Y Dave Grohl Announces Foo Fighters’ Madison Square Garden Concert Live on the Stern Show
AQI8AiiDn20 This Week On Howard: Michael Rapaport vs. Brent and Spoon Covers John Lennon
AQQyIEV0iP8 Counting Crows “Round Here” on the Howard Stern Show (2008)
AQflVi8cMvU Howard Gives His Thoughts on Season 16 of “The Bachelorette”
AS7WOMHAn0s Mila Kunis & Ashton Kutcher Had a Handshake Agreement They'd Never Get Married (2016)
ATtFEqSGtn4 How Jay-Z Uses Rap to Tell His Story (2010)
AUZQj5rl9rM Ben Affleck on Dealing With Paparazzi and His Divorce From Jennifer Garner
AZcx20azpp4 Quentin Tarantino on Police Brutality
AbyKhl4N6G4 James Gang 𠇏unk #49” on the Howard Stern Show (2006)
AcTzpqlWWpk What Jon Hein Would Do Differently If He Owned a McDonald’s
Agf1W5Sylgo Brandi Carlile Covers CSN's \
AidJ-1-LEIk Howard and the Stern Show Make Super Bowl Prop Bets
AjObaTnEKU8 Gary Dellte Once Walked In on His Parents Having Sex
Ajr0KukHKsE Peter Frampton on Recording 𠇊ll Things Must Pass” With George Harrison
AkoruRqE7bs Nikki Glaser Unfollows Bobo on Twitter Live in the Stern Show Studio
AmKJLCg_7cE Ronnie Mund Provides New Info on His Dean Cain Photo Controversy
Ao897iGgieQ Kyle Dunnigan Is Living With His Ex Amy Schumer and Her Husband
AoGWfRc3wfk Ozzy Osbourne Thought He Was Going to Rehab to Learn to Drink “Properly” (1996)
AqehwY1MQvg Party Bros Chad and JT Went Viral With Free Masks
Ar2mqdUhVPA Brent Hatley & His Wife Go Out With the Couple They Want to Swing With
Av_pn1Uw9jA Alanis Morissette “You Oughta Know” on the Howard Stern Show
AyhTeiA5n0U Sal Used to Watch Porn With His Brother-in-Law
B3aZEVoig2M Jamie Foxx's Unforgettable Experience Meeting With Prince
B4FKFYDKw5U Mike Tyson on Going Broke, Retiring from Boxing, and the Lesson He Learned from Joe Frazier (2013)
B7BXWkT0jFM JD Harmeyer Spent His Thanksgiving at a Vegetarian Restaurant
B7cv7GJCG60 The Black Crowes Surprised Oasis With Their Fights
BBFK-t2Hx3o Courteney Cox Talks Staying in Shape Without Chasing Youth
BBL2YHv_Rd0 Did Tony Die on “The Sopranos” Finale? Howard’s Staff Gets in a Heated Debate
BDTXORW8oXw Brent Hatley Admits His Swinging 𠇎xperiment” Went Too Far
BKSGe_KDN3A Jake Gyllenhaal and Howard Stern Discuss \
BMA9ipAWsbU Rob Zombie \
BOddXs4uzxc Simon & Schuster's Jonathan Karp Calls Howard Stern His “White Whale”
BPxa71S_f70 J.J. Abrams on Why He Directed \
BRs1oRcmCAE Jake Gyllenhaal Discusses How He Would Have Played Batman
BSZb18EAYYQ Drew Barrymore on Reuniting With Tom Green on Her Show
BSvDQfxuDyA JD Explains: “Hot Bench,” Fantasy Football, and Filet-O-Fish Sandwiches
BVLfbY1MBKw Billie Eilish Wishes Flying Was More Environmentally Friendly
Bg1OrOsaJfE Counting Crows “Mr. Jones” Live on the Stern Show (2003)
BlgnzzONXpw Ice-T Brings a Gangster Mindset to His Cop Role on \
BloemgiMiCA How Sacha Baron Cohen Snuck Ali G Into the Oscars in 2016
Bq-G6QMUC4M Ben Stiller Remembers His Mom’s Friendship With Bob Saget
Br4XyByO8rk Harry Styles on Writing Songs About His Exes … and Having Exes Write Songs About Him
BtpFP8JTb0s Why David Crosby Sold His Publishing Rights
BtqoIaiHRI0 Will Super Bowl LVI Be Al Michaels’ Last Broadcast?
BuwtkDXwL-I Bill Hader Got Fired for Spoiling the Ending of “Titanic” (2015)
ByZQKKCqiOs Gary Dellte Has Been Drinking More Tequila … And Eating the Same Amount of Chocolate
BymRk8DdZ1o Sal Swears Gary’s Deceased Brother Visited Him in a Dream
BziBc47uDjg Why Anderson Cooper Is Raising His Son With His Ex
BzsOj2sqfL0 Dr. Agus on Latest COVID-19 Testing, Coronavirus in Animals, and More
C35VpHXfSzI Ronnie the Limo Driver Says 𠇍u” Instead of 𠇍ude” (2011)
C6yBwm1JRlQ Ronnie and Stephanie Are Packed for Las Vegas
C8ub7Howuv8 JD Harmeyer Reveals He Has a Spoon Collection (2013)
CABGAxfsHUE This Week on Howard: Beat the Limo Driver, Sal's Dog, & a Bagel Caper
CEiGQczRyOY Gary’s Character Says One Line on “Paradise PD”
CF4fOBjEB6k Kristen Wiig Revisits Her “SNL” Send-Off
CFXlEEGt7us Howard Remembers Marfan Mike
CFXt3oD4wT0 How Khloe Kardashian Found Out About Caitlyn Jenner (2016)
CFhfItXvHJQ Will \
CFlSSd9obXE Did Ronnie Post a Commercial on Instagram?
CIFWGhdgO6w Matthew McConaughey Recaps Being Arrested for Playing His Congas Nude (2000)
CJC8eiOur4I Richard Christy Considers “Jeopardy!” Conspiracy Theories
CPpck1OjHvM Eddie Vedder Plays 𠇎lderly Woman Behind the Counter in a Small Town” and “Sometimes”
CQAwnN81tq4 Steven Tyler Reveals He Played a Sugar Packet as a Maraca on “Sweet Emotion” (2013)
CSJZFHaolH4 Reggie Jackson on His Most Heated Encounters With Yankees Manager Billy Martin (2009)
CSvElfxDnsQ The Black Crowes “She Talks to Angels” on the Howard Stern Show
CTqcz9iBiVA Kristen Stewart Is Getting Married and Wants Guy Fieri to Officiate
CVX6_CTPTr8 How Cheap Trick Almost Wound Up on John Lennon’s Final Album (2016)
CVgE-F1TTJ0 JD Harmeyer Has a Wild Night With Weed Gummies
CY64A0UW4EY Shuli Egar Questions Brent Hatley’s Swinging Story
CZ02-y73MxE Lindsay Lohan Talks Acting and Living Abroad
CZMcZ4I5G5k Mayim Bialik Had Never Seen “The Big Bang Theory” Before Being Cast on the Show (2014)
C_eszsAF3Fw Rod Stewart Almost Didn’t Put “Maggie May” on His Album (2013)
Cl9ZwF--nPo Rachael Ray Threw a Better First Pitch Than Gary Dell'Abate
Cm161gQp53A David Spade Remembers the One \
CpP7X6d6uGo Snoop Dogg Got Matthew McConaughey High on a Movie Set
CrHW9fyUs34 This Week on Howard: Leslie Jones, the Soy Sauce Challenge, and Richard Cries About the Chiefs
CsSGC_OpFvA Brent Hatley Takes Heavy Metal Singing Lessons
CspPyyVAqhE Jason Kaplan Details His Double-Dinner Evening
CtaQ7OljVwI Arnold Schwarzenegger on “Twins” and a Possible Sequel Starring Eddie Murphy (2015)
CxON6zc4R0o Sally Field Reflects on Her Iconic Film Roles (2016)
CxdeN1Cu3JA Ronnie the Limo Driver Reveals Hearing Loss From NASCAR Incident
CysuT9mHZ34 Mindy Kaling's Two Weeks Writing for “SNL” (2014)
D-N42LHdaSU Howard Stern Remembers His Friend and “Hero” Leslie West
D1WND0LDc5g This Week On Howard: Paul Rudd, Jimmy Kimmel, and Brent's L.A. Stories
D2qs0vYlHdM Howard Stern Remembers Stan Lee and the Superhero Movie They Almost Made Together (2018)
D3q1HLGdjVE Richard’s Old Van Had a Real Toilet for a Passenger Seat
D4MEtDvKPGU John Fogerty Shows Howard Stern His Original Journal
D7FKNNKK2aw Howard Looks Back at Benjy Bronk’s 𠆏ootloose’ Speech
DAUNtFs3hMI Lenny Kravitz Wrote Madonna’s No. 1 Hit Single “Justify My Love” (2014)
DDoDwK9bW08 Stephen Colbert Recounts His Meeting With David Letterman
DE6w7WDPkF4 J.J. Abrams on Granting A \
DF_PqpV3uE4 How Machine Gun Kelly Got the Role of Tommy Lee in “The Dirt”
DJbWwfqMSpU Would Kim Goldman Have O.J. Simpson on Her Podcast?
DL0auwO0bWE Noel Gallagher “Wonderwall” Live on the Stern Show (1997)
DLOeTHSyVog Billie Eilish Recalls a Horrible Date She Went on at 13
DM2lK_ZjnNs Counting Crows 𠇊 Long December” on the Howard Stern Show (2002)
DMQVMRrIQng Dave Grohl on the One Night He Got to Play With Iggy Pop
DNV4kN0-dbk Mila Kunis’ Parents Spent $890 of Their Last $900 on Acting Classes for Her (2016)
DR_P3J8tx0Q Jeffrey Dean Morgan Was Jumped at Knifepoint but Then Stabbed His Attacker (2016)
DUKKfVyf1gg What Billie Eilish Learned About Fame From Attending the Met Gala
DV-q2NC0Dlo Gary Dellte Hijacks the News
DV4BDOecG5o Liam Gallagher Explains How His Brotherly Feud With Noel Gallagher Began
DcNPsLe9Shs Metallica “Nothing Else Matters” on the Stern Show (2013)
DdI8ut16F-c Kevin Hart's Childhood Memories of His Father
DeUwex_mvoo Steve Miller Performs Live Medley on The Howard Stern Show
Djtf75xF5SA Benjy and Jason Fight Over NYC Marathon Coverage
DkWxkvSzcuw What Paul McCartney and John Lennon Talked About in Their Last Conversation
DmStBM5LT5A Ronnie Mund Remembers His Intimate Encounter on a Boat
DoDldTHHPLE Paul McCartney on the Origins of “Sgt. Pepper's Lonely Hearts Club Band”
DqjzaVyMPIM Claire Danes Dishes on Her Future With \
DrITjJGoWZY Ronnie the Limo Driver Puts a “Petcock” in Howard’s Car (2007)
DusJt_WJkno How Tobey Maguire Got the Part in “Spider-Man” (2002)
DutaWo1LqA8 The Howard Stern Show: Best of the Bunker 2020
Dx3h58TqCJ0 Whitney Cummings Reads Her Untold Harvey Weinstein Roast Jokes
DxITb545aS0 How Many Copies of “Howard Stern Comes Again” Does High Pitch Erik Weigh?
DxuykdrDIVg Collective Soul Covers Soul Coughing’s “Super Bon Bon” in Howard Stern’s Studio
DylJgANDOhk Ronnie the Limo Driver Officiates a Wedding in Mexico
E0j7zyDe8Ts Hank Azaria Explains How He Crafted His \
E7wLoYp40cI Seth Rogen on the Time Tom Cruise Tried to Talk to Him About Scientology
E9T1v4HYlDs David Spade Shares Stories of Filming “Tommy Boy” With Chris Farley (2013)
E9c7nNQRkXc Ian Somerhalder Answers Howard’s “V Wars” Questions
EDnzJTs7BWc Wolfgang Reveals There Was a Van Halen Reunion in the Works Before Eddie Died
EEO3D-aiVB4 Gary Eats During Howard’s Speech at the Holiday Party
EFCeXH2JTuM Howard Gets a Highway Rest Stop Named After Him (1995)
EGMJG7SARCc Memet Walker’s Tearful I.Q. Test Apology
EIrt842VwMY Howard Talks Nikki Glaser Out of Getting Plastic Surgery
EJneyjfy7U4 How Fred Norris Pulled Off His Rolling Stones ‘Harlem Shuffle’ Hoax
ELYqjWuLqp8 Alec Baldwin Is Getting in Shape Thanks to Pete Davidson
EPOeKnI31ys Dr. David Agus Gives an Optimistic Outlook for COVID-19 Pandemic
EQSrZITJ1SU Porno for Pyros “Porpoise Head” Live on the Stern Show (1997)
ESQ3zuf5hDQ Memet Walker and Ralph Cirella's VMA Twitter Battle
ESSnmuLIKGg Andy Cohen Ranks the Men of the Howard Stern Show
EUbs2glo3yU Gary Dell'Abate Fumes Over Jason Kaplan's Report on His Plantain Chips
EVjJyV0Anms Joe Buck Called an N.F.L. Touchdown While Peeing on Live TV (2017)
EXaQKxfyBks Hugh Jackman on How He Became Wolverine and Why He's Stepping Away Now
EXdI3uZtYCQ Pete Davidson Talks Quitting Social Media and Getting a Death Threat
E_1ir6opAYY Sal 𠇌ompliments” Bobby Flay on His Burger (2009)
EdKo9IzWwFM Fake 𠇊lex Jones” Was Mistaken for Real Alex Jones
EgmdrONopKg Ronnie Mund Puts Poison Gas in Howard’s Limo to Kill Bed Bugs (2010)
Eh3bIOPxAwo Did Alanis Morissette Write “You Oughta Know” About Dave Coulier? (2004)
Ek2gcbdP7Is Warren Sapp Describes What It Is Like to Tackle an NFL Quarterback (2012)
EmS1UdI46zk How to Draw Howard Stern With DC Comics' Brian Buccellato
EpZ29eJRkHg It Took Bradley Cooper 2 Years to Record His Dialogue for “Guardians of the Galaxy” (2015)
EpxzXwSCunI Mark the Bagger’s 1st Appearance on the Stern Show (2006)
EqVnU6Xki2o Why Conan O𠆛rien Credits Lisa Kudrow for His Start on Late-Night TV
ErVT16M8GBk Chris Rock Got Leslie Jones Her “SNL” Audition but She Almost Turned It Down
Es-D4MuaTVA Jon Stewart Explains What Makes Dave Chappelle and Jerry Seinfeld Great Stand-Up Comedians
EtbYh9Erf40 Matthew McConaughey Used His Oscar to Teach His Kids a Lesson (2020)
EtpMXyDJyX0 Arsenio Hall Was Friends With Richard Pryor Until the Day He Died
Ev-8RsKFPHs How Sacha Baron Cohen Snuck Ali G Into the Oscars
EwxUiEFx-8c Who Does Hillary Clinton Think the Best President Was?
ExXt_Kva5eo Andy Cohen Almost Loses His Virginity
ExrIg9-61Bw Mike Piazza Was Only Drafted by the Dodgers Because Tommy Lasorda Was a Family Friend (1998)
F-QKA9cFD3I Wolfgang Van Halen on Waiting to Go Through His Dad’s Unreleased Music
F-zfC-coWWQ Ronnie’s Stuff Got Ruined During His Move to Las Vegas
F1qZLzQHet8 Joan Rivers Remembers Her Time on “The Ed Sullivan Show”
F2KQm6IaXXw Dana Carvey Imagines John Lennon From Heaven Asking Paul McCartney About Kanye
F92Scdk8vag Train 𠇍rops of Jupiter” on the Stern Show (2006)
F99YQaRfSZE Which Stern Show Staffers Don’t Have a Will?
FAQTGRbgSS8 Howard Remembers Dawn Wells and “Gilligan’s Island”
FAaMeUQXm3o Jon Hein Hates One Thing About Baseball Returning During COVID-19
FAjAHBhXrPk Why Miley Cyrus Got a Note From Yoko Ono Tattooed on Her Back
FC8s8wXZtcA Why Elton John Is Releasing His Previously Unheard Demos
FC9Aa2Bimxo David Wells Visits the Stern Show After Pitching a Perfect Game (1998)
FCNfGlQMP2Y This Week On Howard: Charlize Theron, Seth Rogen, and Tracy Morgan
FCweX1QQ7x4 Which Stern Show Staffers Belong in the Radio Hall of Fame?
FE7DJwNJibc Aurora Covers David Bowie’s “Life on Mars?” on the Stern Show (2016)
FGIk7aTa-yg Joe Namath on Working With O.J. Simpson on “Monday Night Football”
FJBzjALaL-M Kathy Griffin Says She Danced Topless With Sharon Stone on Election Night
FKfiIoaqU60 Gary Dellte Eats Howard’s Cake Early
FOTwrdcY1PU Brandi Carlile Performs Her Song \
FQoK_pCvB1A Ed Sheeran Covers 50 Cent, Coldplay, and Blackstreet Live on the Howard Stern Show
FUkjiAOafxo Fiona Apple “Sleep to Dream” Live on the Stern Show (1997)
FWMNDgOPTBY Robert Downey Jr. Responds to Martin Scorsese’s Criticism of Marvel Movies
FXM_70CYZug George Takei Reveals the Nude Painting of His Husband
FYKsUvO7Dlw Gary Dellte Falls Asleep at Work (2010)
FYuZd2dxGUo Paul Anka Wrote Frank Sinatra’s “My Way” and Gave Him the Song for Free (2007)
FZZ7CIcradE Did Jeff the Drunk Lie About High Pitch Erik Being Unvaxxed?
FZmpgi3ynXw How John Stamos Met His Wife
FZqq1yp6P0E Noel Gallagher 𠇍on’t Look Back in Anger” (Acoustic) on the Howard Stern Show in 1997
FataIfEyPGE Quentin Tarantino Explains His Approach to Writing and Filmmaking
Fg96Poy0bHg Machine Gun Kelly Reveals the “Jackass Forever” Stunt He Was Originally Supposed to Do
FkihOPMSeFU Kim Goldman Reacts to O.J. Simpson’s Twitter Activity
FoaBirApUQM Arnold Schwarzenegger Gives an Update on the “Twins” Sequel ft. Eddie Murphy
FqK3MG4iQ0k Jimmy Kimmel Made a Documentary About the  New York Mets
FravnY6GwTg Hillary Clinton on the Howard Stern Show Pt. 3
Fs7-rQ9dZDw Jerry Seinfeld and Howard Stern Talk Always Being Aggravated
FszBbfxDn4o John Legend ncing in the Dark” on the Howard Stern Show
Fxc5aDIipmo Mark Ronson Explains Why He Wanted to Produce a Song With Howard Stern
FxsnC1YSa8A George Clooney Talks His Near-Fatal Motorcycle Accident
FyQDoIhEI4s 𠇊lex Jones” Is Upset He Got Bumped From Hollyweird Squares
FyUWkcb7BM4 Ringo Starr on What Led to Him Temporarily Leaving the Beatles
G0RTtVR1ptE George Takei Responds to William Shatner’s Recent Dig
G2tGNXXX6Yw Michael Rapaport and JD Harmeyer Go Dutch at Dinner
G4711DwQN5M George Takei Explains the Vulcan Salute's Jewish Roots
G5eCEDMMApc Howard Says “No” to rfoof”
G5uwuhWQU4Y Robin Quivers Scores a 34 on Dr. Drew’s Narcissism Test
GADH1B64tq8 Chelsea Handler Felt “Parented” on Her E! Show
GADXMTETmQQ Paul McCartney Reflects on John Lennon’s Insecurities
GB47ICC0xrU Rob Reiner on Making “This is Spinal Tap” (2016)
GBO6KbL7j-Q Richard Is Unbothered by Eating Spoiled Meat
GCtalKyLZJg Howard Gives Robin a Tour of His New Home Studio
GDkizNlweSc Kate Beckinsale Says She’s the “Grandma” of Vampire and Werewolf Movies
GE7iLxK7bVQ Ronnie “the Limo Driver” Mund's Car Knowledge Questioned
GF9jkPuykAs Is Anyone Else on the Stern Show Planning to Retire Like Ronnie Mund?
GGW54iEhNy8 JD Harmeyer Picks Who in Late-Night Is Doing the Best and Worst At-Home Broadcasts
GIdUUF9WgqY Here’s Everything Howard Hated in 2020
GIp7KP3G-_4 Willie Nelson Gets in the Car When He Wants to Write Music (2014)
GLAkF_T9Xgc Andy Cohen on His COVID-19 Diagnosis and Having to Quarantine From His Son
GNqA4qnZp5U How Steve Martin and Martin Short Prep for Talk Show Appearances
GPWs20ZOI3I Stephen Colbert & Howard Stern Rock Out to Rolling Stones Karaoke
GQ1L5h7hHsM Jake Gyllenhaal Describes His Training for \
GR9x4VZnB2U Howard Talks Dolly Parton Withdrawing Her Rock & Roll Hall of Fame Nomination
GRCm6D1YJno Green Day “Wake Me Up When September Ends” Live on the Howard Stern Show
GRYmzUCvPCc Paul Rudd Accidentally Ran Over Jennifer Aniston's Foot With a Segway on 𠇏riends”
GSGH0u7ScwM Dr. Agus on a COVID-19 Vaccine, Immunity, and When Things Will Go Back to Normal
GSHhbGL-BlY Chelsea Handler Performed at Dave Chappelle’s “Summer Camp”
GUMHSDzLBy4 Kristen Stewart on the Pressure to Define Her Sexuality
GUSGNAX6eBM Ronnie \
GXH1N-HCEV8 Sean Penn’s Daughter Confronted Fidel Castro About Gay Rights
GZwq9mZI6-k Steve Nowicki Demonstrates Tom Morello’s Guitar Effects
GcRSHsGy5sw Mila Kunis on the Howard Stern Show (FULL 2016 INTERVIEW)
Gg-bag9E4Ac John Mellencamp Performs a Medley of His Hits Live on the Stern Show (2001)
GilzbcZOcHU Steven Tyler, Slash, and Train 𠇍ream On” at the Howard Stern Birthday Bash (2014)
GkJeDO3qI-Y Velvet Revolver “Slither” Acoustic Performance on the Stern Show (2004)
GkXBVSFjA6E Bones UK Cover “I’m Afraid of Americans” in Howard Stern’s Studio
GlePyeoHuOA All Rise For Special People's Court
GmkDvWvnjc4 How Jerry Seinfeld Changed This Mean Joke Into a Funnier Joke (2017)
Go08r1S-pDE Kate Hudson Was Supposed to Play a Different Role in \
GqD0rhajhr0 Trevor Noah Isn’t Opposed to Marriage but Is Against Living Together
GrCkRDfcLYI JD & Richard Both Cry Over Bengals and Chiefs Playoff Wins, Make a Wild Bet for AFC Championship
GtTv2TSXct0 Ed Sheeran Reveals Original Lyrics to \
GvjwNdBH9HY Did Gene Simmons Discover Van Halen? (2006)
GxmGyJrvDi4 Billy Corgan Performs the Smashing Pumpkins Hit 𠇍isarm” on the Stern Show
Gys5cKJGr74 This Week On Howard: Alec Baldwin, Holiday Party Recap, and Sal's Political Views
Gzkf_nSmwoQ Seth Rogen's Intense Experience Watching \
H-B_rQr2XeY JD Loses His Virginity to a Woman He Met on MySpace (2006)
H-iJvZHFwO8 Howard Recalls Something Little Richard Once Revealed on the Stern Show
H2f83iQkJ-U Richard Christy Can’t Stop Crying About the Kansas City Chiefs
H3-ZwpqSdQ0 JD Harmeyer Nearly Drowns in a Shallow Pool After Riding Down a Water Slide
H5g1hGER9M0 Does Colin Jost Get Jealous of Scarlett Johansson’s On-Screen Romances?
H7Ybu0YfBBA Ronnie the Limo Driver’s Donut Hole Breach
H9PyUhYwh5Q Mandy Moore Reveals How Long It Took to Land Her Role on “This Is Us”
HEuQJXoB_ww Ralph Cirella Called Out for His Dinner Etiquette
HGKWdJ34C44 Eddie Vedder on Performing With Bruce Springsteen and Getting Advice From Neil Young
HK5Yl-c5Kfw Chris \
HQmo7YIMbFw Jimmy Kimmel Wants 𠇌onan” to Win an Emmy
HVqaezji7Lk Sarah Jessica Parker Got the First Role She Audition for on Broadway at 8 Years Old (2016)
HWrxEcZOUmY Andy Cohen on Fatherhood and Why He Posed for the Cover of People Magazine
HXrQKf-3ffA Charlize Theron on Playing Megyn Kelly in a Roger Ailes Biopic
HZXmdTGJK0c Billy Corgan “Tonight, Tonight” Acoustic on the Stern Show (2012)
HaWLz58GeEw Matthew McConaughey Took Peyote and Pet a Mountain Lion
HaZggUPXQ7k Norm Macdonald Impersonates Quentin Tarantino, Larry King, and Rodney Dangerfield
HdxqA0ltmw0 Hugh Grant on Why He Turned Down \
HjKo37Moc4I Jason Kaplan Still “Hits 'Em With the Hein”
Hk8xIs0ADMg Stevie Wonder Hired Leslie Jones’s Dad to Run a Radio Station
HnfUQPppUvM Jennifer Hudson on Landing Her Oscar-Winning 𠇍reamgirls” Role
HqAwVN2WyUU Ashton Kutcher Once Lost a Modeling Contest to Josh Duhamel (2017)
HweBxlK9TDk Lars Ulrich Almost Went Pro as a Tennis Player (2011)
HzjmtV4C8qg John Fogerty Performs \
HzzAABkowQM Fred and JD Have Messy Workstations (2011)
I6I2QfXpigk Tan Mom Talks Flashing the Camera During Her Coronavirus Benefit Concert
I701kdmy3Hs JD Harmeyer Is Benjy Bronk’s Exercise Guru
I8_EcfooK1k Arnold Schwarzenegger Didn't Want to Say “I’ll Be Back” in “The Terminator” (2015)
I8b9qr-KzI8 Should Gary Dellte Be the First One Back in the Stern Show Office?
I9r_3G8PN8w Howard Stern Investigates MSNBC's rtgate”
IC5YqKub-v4 Stephen Stills “Treetop Flyer” on the Howard Stern Show (2009)
IEm0FTc3ppk George Clooney Told Ben Affleck Not to Play Batman
IEsw1hGp0vg Snoop Dogg Hired a Full-Time Blunt Roller
IFh6PvOgVjA Kate Beckinsale Got Screamed at by Harvey Weinstein for What She Wore to the “Serendipity” Premiere
IJY0im49ueA JD Harmeyer Can’t Work a Lighter While Smoking Pot for the First Time
IKOv68AOmV4 Dave Grohl “My Hero” Live on the Howard Stern Show (1999)
INHKjO1rJao Bill Maher Explains Why He Never Got Married
IO8RCGMlmys Ice Cube Responds to Gene Simmons' N.W.A. Comments
ISdwhkDd-UM High Pitch Erik Refuses to Work With Wolfie
IT2kuSo4kVU Charlize Theron Doesn’t Want to Get Married
IXPHoyzTjSk This Week On Howard: 'Alex Jones,' Fancy JD, and Tan Mom on Cameo
IXaCb644YlQ Will Billy Joel Sell His Music Catalog?
IZV5ykzaGe8 Red Hot Chili Peppers' Chad Smith Pays Tribute to Taylor Hawkins
IaigYVVjOts Beetlejuice Returns to the Stern Show for First Time in 5 Years
IbaCWRQRhA0 Wack Pack Happy Hour Is Full of Chaos
Ichrr6aWaBo Robin Quivers Does a Virtual Wine Tasting and Defends Ordering an $800 Bottle
IhcfVnlnF6M Taylor Hawkins Once Got Slapped by Prince Harry
Ijb8XwuUCOE Marc Maron Showed Up 𠇊 Little High” for His “SNL” Interview (2013)
Ikn72oU3H6I Seth Rogen Got Upstaged by Jerry Seinfeld When He Was Just 14 Years Old
IoaxG9nW-X8 Madonna Got Fired From Dunkin’ Donuts (2015)
Ip2ataWOoxU Dana Carvey Has Made Amends With Mike Myers
IrtNe65gMT0 Buzz Aldrin Remembers the Moon Landing (2010)
Is6O-tVzyXQ Mike Pearlman Shares 5 Rules for Not Getting Ronnie Angry
ItPWUem8O7A Steve Rannazzisi Comes Clean About 9/11 Lie To Howard Stern
Ix1dSydbb3c How Old Is Benjy Bronk?
Ixnqzbe45zU Duran Duran “Notorious” Live on the Stern Show (2007)
Iy61Ykg9hOw Howard’s Staff Clams Up in Front of the CBS Cameras
J0ZrC08S51A Jon Hein’s L.A. Diet
J1xOsCDSqRo Coldplay on Splitting Money Evenly and How They All Met in College
J1zuRSlckD8 Graham Nash “Ohio” on the Howard Stern Show in 2013
J3nKFVsdhHE How Jason Sudeikis Won Olivia Wilde's Heart
J66pifSoWLc Chelsea Handler Smoked Weed on Willie Nelson’s Bus
J9GK1hdwm5k Howard Stern Birthday Bash 2014 - Bryan Cranston
JCERyLTMVT0 David Crosby on His Health and His Thoughts on Dying
JCgggWZsfcU Robert Downey Jr. on Performing With Sting and Attempting His Own Music Career (2016)
JDTIP_7XvFs JB Smoove’s Unaired \
JDt66E6AeM8 Ben Stiller Explains His Decision to Quit \
JEW9QrY1vf4 𠇊lex Jones” and “Gene Simmons” Go to Battle With Product Plugs
JFUzyByWrCg Collective Soul mber” Live on the Stern Show (1997)
JFwpS9qVtGs Kevin Nealon Worked as a Mall Santa (2014)
JIRYd0E1nCI Jimmy Kimmel Meets the Ronnie Puppet in His New L.A. Outfit
JLtMD2p3dXM Sarah Silverman on What She’s Looking for in a Man
JNC-vwnHQ54 JD Harmeyer Blows His $800 Tax Refund at the Strip Club (2007)
JNnEJLcIYDM Sheryl Crow “Strong Enough” Live on the Stern Show (1997)
JQcliCwkfgY Harry Styles Recalls the Night He Was Robbed at Knifepoint
JTmv7SJwfG0 Eddie Vedder on Meeting Eddie Van Halen and Asking for His Autograph
JVzZK2mLGi4 Jon Stewart on How Paying Interns Made “The Daily Show” Better
JWCjkFqXgSU Memet Walker Attends a Peloton Class With Benjy Bronk
JZ97zd0vOOI Former Navy SEAL Robert O’Neill Recalls the Night He Killed Osama bin Laden
Ja7MKUiuZII David Alan Grier Talks Auditioning for \
Jbz1HOvrP7s Ronnie Mund and Shuli Egar Give a Caller Romance Advice
JgYDOTGSQOw 2018 Year In Review: Ronnie the Limo Driver’s Revelations
JhF14KmuJhs Howard Remembers Beetlejuice’s First Time on the Stern Show
JiYy4xYtdfE Who Is the Greatest Drummer of All Time? Lars Ulrich Settles the Debate
JmspeRa6bi8 Tom Morello Reflects on the Chemistry of Rage Against the Machine
JqOR88d3RPA Ronnie the Limo Driver’s Dildo-Adorned Roast Throne
JqjoEkOg-Bo David Crosby Doubts Crosby, Stills, Nash & Young Will Ever Reconcile
JrWfrVO5u7A Shuli Egar Pranks Brent Hatley at a Soccer Game
Jwv2dLQUMFM Chris & Ralph Talk About Aaron Carter’s Porn Debut
Jx2Y2_bPkws Usher on How He Came to Mentor Justin Bieber
JxiXE3BKu10 Cheap Trick’s Exclusive Cover of “Gimme Some Truth” for the Howard Stern Show
Jxy-VQ1KmPw Ronnie Argues What T/A Stands for During Beat the Limo Driver Contest
K-44oY9l_KM Jimmy Fallon Got Emotional While Reading His Chapter in “Howard Stern Comes Again”
K-emxzJSxkA Jon Stewart Is Learning to Play the Drums
K2C15yrpW4k Chris Robinson Recalls Bob Dylan Flipping Off the Rolling Stones
K3-_FSblQJw James Corden Was Glad He Didn’t Have a Live Audience During the Election
K4g_71yLKX4 Hugh Grant on How He Created His Own Fake Talent Agent
K79OY-CUqBk Mike Doughty Performs \
K8PC6IfqbWc Richard Christy Has Befriended a Raccoon
KBNiskfjY_Y Chad and JT Got Kicked Off Fox News for Talking About Their “Small Dongs”
KDKQkx1NiiU Lance Armstrong Reflects on His Cancer Diagnosis With Howard Stern
KE3pw1jKhG0 2019 Year In Review: Brent Hatley’s Swinging
KI5OTc3xG-0 Dave Grohl’s Mom Said No to Inducting Foo Fighters Into the Rock & Roll Hall of Fame
KJ97Kq1RZgU John Mayer “Like a Rolling Stone” Live at Howard’s Birthday Bash (2014)
KJRRo0sNZms Pamela Anderson on Raising Her Kids With Tommy Lee (2015)
KOnlXNlpgQw Seth Rogen Regrets Eating a Burger King Angry Whopper and a Weed Brownie
KPojbs0xUis  Booey” by the New York City Gospel Choir (ft. Gary Dellte)
KQE9a8PTZtQ Memet Walker Says His Bad Cowboy Is Wanted Dead or Alive
KUYb-V4GYZc Gary Clark Jr. 𠇌ome Together” on the Howard Stern Show
KVnpk2UQLQs Steve Miller Got Guitar Lessons From Les Paul
KY63Cf5DDFo Shuli Shaved His Beard for His Mom
KZ4SxXx9bkc Benjy Bronk Doesn’t Have a Winter Coat
Kbp2KmPfqN4 Howard Looks Back on the Best Promotions for His Book
KdqndvO9hnc Chris Rock on His Leading Role on rgo”
Kfu8IFFtbXk Hank the Angry Drunken Dwarf vs. Gary Dell'Abate in Rock-n-Roll Trivia
Ki-nBVpXTmM Jimmy Kimmel Says Award Shows Need Hosts
KpMFI76CSiA Sal Governale Misuses the Word “Mitigation”
KqNqYoDc5to Why Lena Dunham Got Fired by HBO for One of Her Early Acting Roles
KqgU7YvfKtc Rob Reiner on Directing “Stand By Me,””The Princess Bride,” “Misery,” and More (2016)
KrX5dff0RJ8 Olivia Wilde Directed a Music Video on an iPhone (2016)
Ksm-mTvCTWw David Crosby Shares Some Sex Advice
Kt62ssnkfsQ How Paul McCartney’s New Album Came to Be
KvnvOWTEmME Did This Johnny Carson Impression Get Dana Carvey Shunned From “The Tonight Show”?
KwcaBpf-plc Joe Namath Explains Why Tom Brady Is the Best Ever
KxeorYf9-W0 Emily Ratajkowski Never Wanted to Date a Celebrity
KyvctLHhB_E Hillary Clinton Honors “Gutsy Women” in New Book
Kz1NiKz-FiY Jim Carrey on Dating Renພ Zellweger and Linda Ronstadt
KzYGjni_x-w Russell Crowe Bought a Dinosaur Head From Leonardo DiCaprio
L0DoXHtroDw Does Robin Quivers Put Too Much Milk in Her Coffee?
L0KQKGAA3Zs Conan O𠆛rien Explains What Makes Howard Stern's Interviews Unique
L17KcfoMLW8 Steve Nowicki Observes Brent and Katelyn Hatley at a Swingers Party
L4S56goJmbo Chad & JT Talk Their 𠇎pic” Lift Session With Arnold Schwarzenegger
L8r7E6DDofU The Smashing Pumpkins 𠇋ullet With Butterfly Wings” on the Howard Stern Show (2018)
LFMBVO1Pipo Robin’s Lie Detector Test: Is She in Love With Howard? (1995)
LFTn1-huNmE Jon Hein Tells ESPNU's 'Power Hour' the Origin Story of Hit 𠆎m With the Hein
LJB5VASaPvM Jeff the Drunk and Carly Simon Sing “Mockingbird” Duet (2002)
LJyDsqDFtrE Beth Stern Tests Out Her New Microphone in Howard’s Home Studio
LKHVO2ZNRzI Billy Joel Signed His First Music Contract at 15 Years Old
LL0CZAAS_xE Richard Christy Spends His Money and Vacation Days on Halloween
LLUk76UfWhI David Spade's rley” Dog Story
LOwCN5h4hKY Sal Governale Talks to His Brain
LR2I0dvfkYQ Charlize Theron Is Ready to Find Love
LRfOYSiVgAY Tan Mom's “Nicole Kidman” Prank
LVOAOWcAwQM Miley Cyrus “The Climb” on the Howard Stern Show (2017)
LXhoIgGfHeA Sal Governale Swears He Quit Vaping … but Also Admits to Vaping This Weekend
L_I9eGnYgvo Sean Penn Shares How He Got Into Character for “Milk”
LdFXOvVab2o Steve Miller “The Joker” on the Stern Show (2016)
LfSKMCEufCY This Week On Howard: Seth Meyers, High Pitch Erik's Weigh-Off, and rtgate”
LhiJOAOvM6o Jon Stewart Compares COVID-19 to the 1918 Pandemic
Li3mKmFIszA Kevin Hart Explains Why You Never Wanted to Perform After Bernie Mac
LkSHVwYeqi0 Gary Took His Wife to a Bridge for Valentine’s Day
LmzIwcrJJtw How Steven Tyler Helps Others Stay Sober (2016)
Ln2h3gzI-tU rek From Texas” Calls Into the Stern Show (2013)
Lnl8ZXC3QMM 𠇊lex Jones” Interviews Howard Stern About His New Book
Lnv57zRRQaw Jane Fonda Took Acting Classes With Marilyn Monroe
LpksMjvEsPg Cheech and Chong Got Their Comedy Start in a Strip Club (2008)
LprcotuXvmw Pete Davidson’s Biggest Fear Is Getting Caught Masturbating by His Mom
Lpt-hBtrgaQ Ed Sheeran on His Daily Phone Calls With Elton John and Not Signing 15-Year-Old Shawn Mendes
LtvmIY25p6A Sal Governale Brings Howard’s Late Birthday Gift to the Office
LuZbZD0vHCM George Takei’s Articulation Is Infectious
LuuidNItdLc Marc Maron Partied With Sam Kinison in the s (2013)
LwpoyagJ_3Q Nikki Glaser Tried Really Hard to Get a Date With Blake Griffin
LxHEvJHMUVs Ronnie Wrote a COVID-19 Poem Titled “The Virus”
LzQfAWI1zQE Adam Carolla on His Return to Stand-Up Comedy
M0Eu_FqcJrQ Does Gary Dellte Have Too Much Free Time?
M0dW9AmjfXo JD Harmeyer Defeats Michael Rapaport in Fantasy Football
M0q7CGZvqrY Brandi Carlile Is Down to Be Soundgarden’s New Lead Singer
M2-csFbqLDI Howard Shares Highlights From Medicated Pete’s Radio Show
M3qcVIRdtYI Howard Stern Competes Against Gary Dellte in Trivial Pursuit
M56AVvXS5iE Khloe Kardashian's Best Blowjob Tips
M7cggaNFk00 JD Dislikes the Rules of “Wheel of Fortune” and Scripps National Spelling Bee
M9BQmGWvhl0 Ronnie “the Limo Driver” Mund Is a Major Cher Fan
MBBXD-O9nGU Here’s Everything Howard Stern Hated in 2021
MBECSl16SRU Adam Sandler's Wife Gave Him Feedback About His On-Set Kiss With Jennifer Aniston
MCWGayBZNGY How Khloe Kardashian Got the Body She Wanted
MIsbyv5T7-Q Andy Cohen on His Relationship With Lance Bass
MJbq6gMqgaI Jon Hein vs. High Energy Jon
MME1bmg09OU Does Claire Danes Care About Awards?
MN_Jnrmwys4 Howard Plays Viral “Karen” Clips
MP5SF1aYKdo Gary Dellte Wears Shorts and a T-Shirt to Work (1994)
MSJUyG7gbBc Katy Perry Shows Her Pregnant Belly to Howard and Robin
MVAh2HunpHc Gary Dellte Displays His Wife’s Paintings Behind Him
MYxaT3AT-cI Rachael Ray Remembers the First Time She Appeared on Oprah's TV Show
MZfYr_W30MU Howard Asks Paul McCartney Who's the Better Band: Beatles or Rolling Stones?
M_3bTcKgVUo JD Harmeyer Doesn’t Know How Tall He Is
MarHeBQdnyI Miley Cyrus “Prisoner” on the Stern Show
MasrXmEn1Zo Lenny Kravitz 𠇊re You Gonna Go My Way” on the Howard Stern Show in 2001
McD4DIXNlPI Apples Is Still Clocking Ronnie Even After His Move to Vegas
Mcgalo5yo7o Eric Andre Had a Birthday Party Full of Elderly Nudists
MhQmarbCH5o Is Gov. Andrew Cuomo Dating Chelsea Handler?
MmOfUKwxwys Billy Joel “Just the Way You Are” on the Howard Stern Show (2010)
MmpK5uS1xpE Sarah Jessica Parker Opens Up About Kim Cattrall Feud Rumors
Mukl1pWxRmU Colin Jost Couldn’t Get This “SNL” Sketch With Shia LaBeouf on the Air
MutuEJh0snE Dana Carvey on His Current Relationship With Mike Myers
MvQ3m1fy9og Charlie Murphy Lost a Game of Basketball to Prince (2009)
N5hr2Uek1o0 The Ramones Announce Their Retirement on the Howard Stern Show in 1996
N8BdBI63CWA Chris “Mad Dog” Russo’s Flight Had to Make an Emergency Landing
N8Cmeav-YX0 The Black Keys “Lonely Boy” at the Howard Stern Birthday Bash (2014)
N8x-Btmmdts Bruce Hornsby “The Way It Is” on the Howard Stern Show in 2006
NAjsSJfDuLo Tracy Morgan on What Motivated Him to Walk Again
NB61uqPQJYQ Russell Crowe Was Under F.B.I. Protection After a Kidnapping Threat
NCPLCuF7aMk This Week On Howard: Miley Cyrus, Wack Pack Feud, and High Pitch Erik
NCmCApfTqA8 Gov. Andrew Cuomo on His Relationship With President Donald Trump
NDCbBLF1XH8 Dana Carvey on Relationship With Mike Myers: \
NECqzUjAqZg Ralph Wants an I.Q Test Rematch Against Richard
NEjLnhHayRM Jeremy Renner Broke Both His Arms in a Stunt for “Tag” (2017)
NG8KI6SLW54 Gary Dell'Abate Offers an Update on His Office Decor
NGmVN5Vb6nk Dennis Rodman Reacts to Getting a Call from Sarah Huckabee Sanders
NHGF3Cie18o Michael Rapaport Samples the Beastie Boys’ “Intergalactic” to Rap About Brent Hatley
NHM_VGcFtBE Cheap Trick “Light Up the Fire” Howard Stern Show Exclusive
NK2excNryYc Maren Morris Formed a Supergroup With Brandi Carlile Called the Highwomen
NKzjBZkoXJg Sal Governale’s ” Addresses His Family Drama
NLN9LaDFd2Q JD Cries Over How Much He Misses Jon Hein
NLRe-9BQpLE Adam West Brings His Original tman” Cowl to the Stern Show Studio (1994)
NMGBQcEzHuA How Director Todd Phillips Was First Discovered by Ivan Reitman (2000)
NNW5v-fL2BM Richard Christy Cries While Speaking to K.C. Chiefs QB Patrick Mahomes
NOEbBV0Qaic Colin Jost’s Mom Was a First Responder on 9/11
NOjorpzsQWI Lenny Kravitz Walked With Bob Dylan Around Paris in the Rain (2014)
NUy15o9e-kY Kevin Hart on Trying Out New Material Alongside Dave Chappelle and Chris Rock
NX-ZWORdU1E Metallica 𠇎nter Sandman” on the Howard Stern Show
NYejQ6I1btE Chris Wilding & Ralph Cirella Fight Over \
NcrFp3OQI4s How Glenn Frey Made Don Henley a Better Songwriter (2015)
NdCIa_VXHyE John Fogerty Performs \
NeJJbDJQIq0 JD Harmeyer Tries to Explain What Happens When You Die
Nev8Z5aWVHM Billie Eilish Was So Nervous to Host “SNL” That She Threw Up
NfKherztGfE Dave Grohl & Taylor Hawkins on Paul McCartney Inducting Foo Fighters Into Rock & Roll Hall of Fame
Nf_zfy-NmnU Shuli Egar Reports on All the Booze and Junk Food in High Pitch Erik’s Home
Ngmj2bNwWcU How Kristen Stewart Learned Princess Diana’s Accent
NhgYvkbySAE Joe Buck Remembers Saying Goodbye to His Dad (2017)
NjvSl7exTWg Alec Baldwin Talks a Potential Donald Trump Presidency
Nk7IfYlgqGs Ronnie Is Feeling Depressed During COVID-19
NrB28374Ggo Robert Pattinson Was Almost Fired From “Twilight”
Nsg4qDte5_E Ronnie Mund’s New Mic Gives Him a Deep Voice … and He Can’t Turn It Off
NtWoITs-7aY Billy Corgan Covers Pink Floyd’s “Wish You Were Here” on the Stern Show
Nwlm7DxIstw Sheryl Crow \
NyXRc6TNBBA Birds Aren’t Real Founder Calls Into the Stern Show
Nyey_wtjxSk Brandi Carlile on the Time She Busked With Dave Grohl
O1PkjNjTGCc Machine Gun Kelly Addresses Critics That Say He’s New to the Rock Scene
O2R-ihxoX1g Beetlejuice Leaves a New Voicemail for Howard and Debuts His Latest Song
O4XjtN3PwiU Jay-Z on the Real-Life Police Stop That Inspired  Problems” (2010)
O7-XDrjWkS4 Metallica \
O7BhyqxlWSo Bobby Moynihan Recalls His Two Auditions for “Saturday Night Live” (2013)
O80dP_UTzt8 Is Benjy’s Therapist Breaking Up With Him?
OBsrP1P68Vo Ronnie Mund Answers for a Disparaging Retweet
OBvIvlYh07Q Billy Corgan on the Future of the Smashing Pumpkins
OEmHelZG0bs The Go-Go’s “He’s Got Big Teeth” Parody on the Stern Show (1999)
OLFd7YXnURM Bill Hader’s Journey to “Saturday Night Live”
ONDs4ddoOxg Ronnie Mund Called Out for “Miami Vice” Style and Shaved Eyebrows (2008)
ONGGLiU03aY Robin Quivers - Now That's Technically Music
OONeVVZkfdE Jimmy Iovine on Recording With John Lennon and Elton John (2017)
OSFaZenZiPg Billy Corgan Covers Neil Young’s ter the Gold Rush” (2017)
OUiyu-mW5a8 Orlando Bloom Jokes Howard Should Be the One to Marry Him and Katy Perry
OVu9Mg03ggA Billy Joel “Summer, Highland Falls” on the Howard Stern Show in 2010
OXkEd1-nps0 JD Harmeyer’s Fear of Death
OYyMZGIMEm8 Richard Peed His Pants at a Concert (2008)
O_2wsw7dS1U Sharon Osbourne on Ozzy’s Rehab Stint
Od38r6ZqfEQ Jimmy Kimmel on the Best Guest Host of His Show
OdjPHj16b-g Natalie Maines Picks the Two Famous Men She𠆝 Date
Oglks9am3uM Jon Hein Had to Go to the Hospital for His Impacted Bowels
OgpBtDgbBvs Metallica Talks Performing With Lady Gaga at the Grammys
Ok1rlzt8I9k How Riley Martin Met His Wife (2012)
OkSoCBeYUPw Alec & Hilaria Baldwin on Talking to Their Kids About the Coronavirus
OodNAJCOaos Brandi Carlile Covers Crosby, Stills, & Nash’s “Helplessly Hoping” Live on the Stern Show (2018)
OpaGUnxvxcg Miley Cyrus Sings Along to Her Single “Nothing Breaks Like a Heart”
Oplcx8w0ua4 Should People Sing at Concerts?
OtX31hraY5s Howie Mandel Recalls 1st Show as Host of l or No Deal” (2000)
OvPlQSgiInQ Fred Norris Reveals He Legally Changed His Name
P-hSvq3GoaE Will JD Party With Celebs While in L.A. for the Super Bowl?
P4aQNfHTKBs Eric Andre Once Decided to Be Homeless for a Summer (2016)
P71SeirnwBI Ike Barinholtz Dances to Tan Mom
P8HqIAJk4uw Brent Hatley Tries to Record What He Sounds Like Having Sex
P8YAmU-qmWo Beck “Where It’s At” During Howard Stern’s 1997 Birthday Show
PCDSFvSs7Zw Arnold Schwarzenegger Welcomes Howard to Los Angeles
PEO2v_6it84 Howard Is Sending JD to the Super Bowl
PGHVUvioenI Sal Governale Tries to Pronounce “Statistician”
PGvbb9HRFno More Wack Packers Are Making Money on Cameo
PIdhyqjWLYc How Slash Stole His Iconic Top Hat and the Start of Guns N’ Roses
PIgIgJrZkiA Matthew McConaughey Teases 𠇊 Time to Kill” Sequel
PJY98RKW-tA Stephen Colbert Doesn't Want Any Late Night Wars
PMCDmQH5XlM Jimmy Kimmel Gets Serenaded By Medicated Pete
PNiHopn0DBw Katy Perry on Dealing With Depression While Writing Her New Album “Smile”
PPAaWaiEu_g This Week On Howard: Adam Sandler, Hillary Clinton, and Howard's No. 1 Book
PRmjkrIbmxo Brandi Carlile Talked to Bonnie Raitt About Finding Success Later in Life
PUTSl8_3nWs Bill Burr Talks Dealing With Self-Doubt in Stand-Up Comedy
PUwcKauSqzg Why Did Benicio Del Toro Burn His Wrists With Cigarettes for a Role? (2009)
PVOOMB-wvAM JD Can Barely Breathe While Hiking in L.A.
PWSkOGunOO4 This Week On Howard: The Black Crowes, Rachael Ray, and JD-ini
PZArFapucM0 Michael Che on Writing for Eddie Murphy When He Returned to Host “SNL”
P_8XYB7V4tQ Chris Stapleton Shows Off His Trusted Guitar and Talks Recording \
PaPZDWOjw14 Jennifer Lawrence on Falling at the Oscars … Twice (2018)
PfEAIJmbM8w Dave Grohl & Taylor Hawkins on the Foo Fighters Making Their Horror Movie “Studio 666”
PfRKsxxE-kc Hillary Clinton on the Howard Stern Show Pt. 2
PfXCu0dXtbI Is Gary Still Phlegmy?
PfYzAoF3lx4 Tom Brady Talks Showering With His Teammates and Rob Gronkowski’s Locker Room Antics
PiFu1kRHX0c How Mike Ditka Took His Football Career From Player to Coach
Pil30AZ0bEE Howard Plays Videos of Media Mishaps During the Pandemic
PlAvP1OtU14 Benjy Bronk Considered Getting Leg Lengthening Surgery
Plg9jMo_Q1E Bob Odenkirk Went Bankrupt Before Landing His Role on 𠇋reaking Bad”
Pm-ThTebKZw Machine Gun Kelly Covers System of a Down’s rials” Live on the Stern Show
PubUI1J0z8s Why Did Benjy Get Dropped by His Therapist?
Pw9mbmIfkow Memet Walker Tells Howard: “I’m a Cowboy”
PyeiQ-DUGPk How Danny Trejo Got His Chest Tattoo Done in Prison (2014)
Q-fQiScqnAg Medicated Pete Makes His First Appearance as an Intern (2009)
Q05c6jNDMTo “Gadget” Gary Dellte Calls the iPad a 𠇋it of a Stumble”
Q2mqnB1weRY David Spade’s Stories About His Friend Chris Farley on the Stern Show
Q5cvVZQ24tg Howard Pays Tribute to Boxing Legend Joe Frazier
QBSdFgUbUuo Sal Explains Why His Super Bowl Predictions Were Wrong
QCgcGL_jDNI Hillary Clinton on the Howard Stern Show Pt. 4
QCvi4yGvN1s Dave Grohl and Pat Smear Still Meet Up With Krist Novoselic and Play as Nirvana
QFGVCVsAvYg Jennifer Aniston Says “The Morning Show” Isn’t Based on Matt Lauer
QFK9zh2yHO4 Johnny Knoxville Is Ready to Fight in the WWE “Royal Rumble”
QHYqxryn-Uc Sarah Silverman on the Comedic Genius of Dave Chappelle and Steve Martin
QIFp53CiSqw Nancy Wilson Plays a Heart Medley on the Howard Stern Show (1999)
QJEwOUu-NH0 Emily Blunt on Delaying the Release of 𠇊 Quiet Place Part II”
QJsqPJysgzk Jane Fonda Wants to Have “No Regrets” on Her Deathbed
QOBpzVksZmI Red Hot Chili Peppers “Under the Bridge” Live on the Stern Show
QOfLu_ahA8s Maren Morris Thought She Was Being Pranked When Elton John Called Her
QPoMOTh50I8 JD Harmeyer Wants to Direct a Documentary About Howard's New Song
QT3aQ5vN_Zg George Takei and Husband Brad Have Different Stories About Their 𠇏irst Time”
QUYZwZ6Whl0 Shuli Egar Appears on TV Holding a 𠇋rent Is Lying” Sign
QU_CK-9XQhg Gary Asks Bradley Cooper for a Favor at White House Correspondents’ Dinner (2015)
QV_O7Hp-MHk Kristen Stewart Recalls Reading Howard Stern’s “Private Parts” as a Kid
QYepmFsi5jE Why Did Emily Blunt Have to Turn Down the Role of Black Widow?
QahX0Zj-1n0 Seth Rogen Was Accused of Stealing a Character From Nicolas Cage
QbLo2BWAGhw Adam Sandler on Writing 𠇊t a Medium Pace”
QhGeafEV4d8 How Many Push-Ups Can Benjy Bronk Do?
QhQkxM5deH4 Joe Buck on Why Yankee Fans Blame Him for Alex Rodriguez’s Injury (2017)
QhaWaSk-Ktw Tracy Morgan Predicts the NY Knicks Will Soon Win an NBA Championship
QiORIGkb9YI Miley Cyrus on Writing “WTF Do I Know” About Liam Hemsworth
QikKap3pL1Q Selena Gomez Taught Steve Martin What “WAP” Means
QjVdEq6moQM Why Chevy Chase Fought Bill Murray When He Returned to Host “Saturday Night Live” (2008)
QkihR33dA3k Kelly Clarkson Performs 𠇋reakaway” on the Stern Show (2017)
QliRRx8OUiw Ronnie Mund and Lisa G Make Out in Studio (2013)
Qs8JC7D_pik Ronnie Mund Loses His Voice After His 70th Birthday Celebration
Qw1hXqESm_E Howard Uncovers the Origins of Famous Stern Show Sound Drops
QzEp7wCZMNM Steve Nowicki Jams Out Playing Classic Rock Guitar Riffs
R21BLUdFADM Chris Robinson Recalls Meeting His Musical Idols (2017)
R3X6zpgym-E 𠇊lex Jones” Gives a Tour of His Bunker and Debuts “Info Wars Jr.”
R3u_jeFs4CI Sal Governale Mispronounces “Russian Roulette”
R4-LV77dL80 Sarah Silverman Comes Clean to Howard About Being a Bedwetter (2001)
R4ASdQEFRQI Henry Winkler’s Parents Nicknamed Him 𠇍umb Dog” Due to His Dyslexia (2012)
R4ljDE5561g Howard Got a Shout-Out on 𠇊merican Idol”
R5ImSTorMDE Ronnie the Limo Driver Boasts About His 𠇎lephant Head” While Fighting Mike Fox
RAVqzRW_3LE Adam Levine Gets a Birthday Shout-Out From High Pitch Erik
RBoNZxnvMbo Woody Harrelson on Landing the Role of Woody Boyd on 𠇌heers” (2012)
RCZGHRqKcFo Who Is the Greatest Wack Packer of All Time?
RG1ZA8YVnCw Wolfgang Van Halen on Writing 𠇍istance” as a Tribute to His Father
RLc7aM4AaWc Howard’s Christmas ASMR Roleplay
RMQEyA12BMY How Neil Patrick Harris Got the Part in His First Movie (2017)
RMUYqIgkIgM Bob Odenkirk Did Over 2 Years of Fight Training for “Nobody”
RQHFwe7TC-k Howard and Robin Meet Ronnie the Robot 6.9
RR0tQbXcgCs Dana Carvey on the Night He Met Paul McCartney While Living With Lorne Michaels (2016)
RRDbI66Rb_s David Spade Lost a Spot on “In Living Color” to Jim Carrey
RUKq4-aVKFo Machine Gun Kelly on the Time He and Megan Fox Did Ayahuasca
RW33gSuFEWE Jon Hein Celebrates 20 Years With the Stern Show
RWguQ9QD-00 Hillary Clinton on the Night She Lost the 2016 Presidential Election
RZk39K5T-5M AC/DC “You Shook Me All Night Long” on the Howard Stern Show
RZpqoTHFH70 Conan O𠆛rien Reflects on the Impact of Howard Stern's 9/11 Broadcast
R_GPZbE96M4 Adam Sandler Reviews Ronnie the Limo Driver’s Acting
R_KTkj0q4gw Sarah Silverman Talks Losing Her Friend Adam Schlesinger to COVID
RcY3NebITH0 5 Seconds Of Summer's Live Metal Jam On The Howard Stern Show
RdcZ6m9R6go Lady Gaga on How She Landed Her Role in 𠇊 Star Is Born”
RehcBlHw3O0 Drew Shoals of Train Performs the Drum Solo from \
Rg-Y1LSsJNk Harry Styles on the Howard Stern Show (FULL 2020 INTERVIEW)
RhQ_-B26CE0 Ronnie Mund Describes the “Hot Dog” Move He Does in Bed
RiURAJgO6Js Kevin Hart Recounts His Days as a Shoe Salesman
RjYigSfeNjA Howard Lowers the Screen Blocking Fred Norris for the First Time
Rkdb752aU-8 Watch Howard Stern Out-Turban Nick Cannon
Rlz1IaecGTw Elton John on Meeting Bernie Taupin and Their Songwriting Process
RmGPPInWZVE Why Tom Morello Doesn’t Cut His Guitar Strings
Ro07c0OLgew Howard Performs the Song He Wrote as a Thank You to His Wife Beth
RsA_-qfW7Cg Gary’s Bad Photography Makes Robin Cry From Laughter
Rsw-iPrW7Kg Robin Quivers Orders an $800 Bottle of Wine at Dinner With Howard
RtQ_7YecSq8 JD Fell Asleep at Natalie Maines’ Party
RtwU9YvJiIw Benjy Dresses Up for Sessions With His Attractive Therapist
Ruu4XYBp2aY Ronnie the Limo Driver Got the COVID Vaccine
RvUggVnjEh0 Sting \
Rxf7sBZFcnA The Heaviest Diaper Contest Pt. 1
RzyonlYQTdc JD Harmeyer Arm Wrestles Robin Quivers
S2ogRTKM0yE Sal Confuses the Presidential Election Date (2008)
S6OSyTWkovM Is Mike Pearlman Lying About Messing With Ronnie’s Bagel?
S8cGroBii80 Michael Rapaport & Mariann From Brooklyn Scream at Each Other on the Wrap Up Show
SE4HRBX9kOA Why Jake Gyllenhaal Took the \
SFs-AzzHtt8 Ronnie Is Upset He Didn’t Get Wished a “Happy Birthday”
SI9Pjubl6Rg David Spade on Calls for Him to Play Joe Exotic in a “Tiger King” Adaptation
SL03qt9XGVc Anderson Cooper Just Started Drinking Coffee … and He’s Hooked
SOjPGXmgwDs Jeff the Drunk Meets the 'Lump' Puppet
SPj9560hVt0 Billie Eilish Reveals She Had a Bad Case of COVID
SSlc9qIdF-0 Ronnie’s Furniture Is Missing
SYBYbHtRs8k JD Harmeyer Was in Drama Club (2006)
SYThZoDye38 Jimmy Kimmel Ends the 2020 Emmys With a Baba Booey Shout-Out
SZiRip7z-ms Gov. Andrew Cuomo Is Single and on the Cover of Rolling Stone
SZsx-UA__DI Ronnie Updates His “Winter” Poem and JD Cracks Up While Reading It
S_YjZSNSQ7c Wolfgang Van Halen on the Rumors He’ll Replace His Dad in Van Halen
SaH8X8qtuYw Jon Hein Says JD's Card Collection Isn’t Even That Valuable
SbaOCo5B1vA Nikki Glaser Roasts Ronnie \
ScYRfns8oM0 Did Bobo Lie About Contracting COVID?
Sdj-zpcaqeE Robert Downey Jr. Discusses His Iron Man Legacy
SeKTpY3FvA0 Leslie West Covers Bob Dylan’s \
SejjZ85Is6U Why Matthew McConaughey Never Dated His Co-Stars
SguO-edJGAM Jake Gyllenhaal Describes His Homeless Shelter Bar Mitzvah
SjJrcVnHWpQ Bob Odenkirk on How CPR and a Defibrillator Brought Him Back to Life
SkLSvyzZ5uM Ronnie Got a Superman Tattoo … but He Doesn’t Know Much About the Superhero (2013)
SnL8pkorNj4 Howard and Robin Play Charades
Snk6mGGKH4M Robert Pattinson Got Expelled From School for Stealing Dirty Magazines
SpL6TJgPYPI How Eli Roth Started His Indie Horror Empire (2007)
SqQyRSco2MQ Mickey Thomas 𠇏ooled Around and Fell in Love” on the Stern Show (1995)
Sqhm1EU2Bcw Steven Tyler Remembers the Time He Jammed With Led Zeppelin (2016)
Sr5oDO87eYk Howard and Robin Play k to School Staff Stories”
SrA2Xm1ExfE Gary Dell'Abate's “Love Tape” Premiere (1999)
SrKBqQg1FkE Howard Remembers the Party He Attended at Gary Dell'Abate's House
SswqRaqf4rc Jewel “Silver Nickels and Golden Dimes” on the Howard Stern Show
St0R04Ufbpc Gary Dell'Abate Scrapes His Friend's Brand-New Tesla
SuO2TssFusY Green Day ther of All…” Live on the Howard Stern Show
Sx-bANmIdxY Ben Stiller on His Friendship With Pete Davidson
Sz_Zuj3moJk Robin Quivers Gets Caught Singing 𠇌ocaine” to Herself
T-LePlqxB-s Gary’s Lips Don’t Fit Over His New Capped Teeth (1995)
T1BiAMgItH8 Ronnie Mund Can’t Unmute His Computer to Give a Sex Tip to Jimmy Kimmel
T2EIGHDxEA0 Gary Dell'Abate and Jon Hein Visited the 𠇋rady Bunch” House in L.A.
T6T4TAbT1Bc 𠇊lex Jones” Accuses Jimmy Kimmel of Lying About His Summer Vacation
T6gOCH_1BDc Benjy Is Dating During COVID-19 and Kissed a Girl With His Mask On
T845GEeRQTI Louis C.K. On How He Cast 'Horace and Pete'
T8k__wnvogI Jeremy Renner Got Ready for the Oscars at Starbucks Due to His Home Renovation
TADWl5_1GGU Fred Schneider on How the B-52’s “Rock Lobster” Inspired John Lennon to Return to Music (2010)
TBUO1zoz1UU Cyndi Lauper “True Colors” Live on the Howard Stern Show (1995)
THayY9rNMHA Goo Goo Dolls 𠇋roadway” Live in the Howard Stern Show Studio
TIB41klwRHM Adam Levine & Maroon 5 Are Recording New Music While Quarantined
TIvETd8EI4w Richard and Sal Get Nude to Celebrate “Howard Stern Comes Again”
TM2TclUVBiQ Bob Odenkirk Got Yelled at by Jeremy Irons at “SNL”
TOGkctlZNko Dana Carvey & David Spade Pick Their “SNL” Dream Cast
TOjb1gZC8dA Sal Tries Homeopathic Treatments on His Penis (2019)
TP9jzZUMYTU This Week On Howard: Sebastian Maniscalco, Sal's Gift, & Gary's Mishap
TQ1tLYpq9CY JD Harmeyer Doesn't Have a Joint Bank Account With His Wife
TQhXypf8Yfs Joe Buck’s Hair Plug Procedure Almost Cost Him His Voice and His Career (2017)
TRH3RK3ekEQ Chris “Mad Dog” Russo Likes Weed Gummies
TWV_8uP_NJE Howard and Fred Debut New Staff Puppets
TY28CS8mg8o Scarlett Johansson Recalls Her First Roles as a Child Actor (2017)
TZ-lAjInPB0 Seth Rogen's Mom Came Up With One of the Memorable McLovin \
TcZmKbJhukg Gary Calls 9-1-1 From Fred’s Bachelor Party (1994)
TdNRYs4VMbs Benjy Bronk’s Pillow Fight
TgzQxabTZhw This Week On Howard: Brent's Swinging Story, Gary's Office, and Richard's Accident
TnFNc2uIjJc Seth Meyers on the Hundreds of Jokes Written for His Show Each Night
Tqm7-zN5s8k Harry Styles Covers Peter Gabriel’s “Sledgehammer” Live on the Howard Stern Show
Tqm8s9rH74w Ed Sheeran “Overpass Graffiti” Live on the Stern Show
Ts7dTQhg0RY Chris Cornell 𠇋lack Hole Sun” on The Howard Stern Show (2007)
TsK8DBJ6bI8 This Week On Howard: A Special Announcement, an R. Kelly Remix, and 𠇊lex Jones” Returns
Tv8Skh7nc5Y Johnny Knoxville on Losing His Dad Right Before Starting “Jackass Forever”
Txk8GSB2_V0 Bella Thorne Is an Open Book
Tz_WxH4YfbQ Pete Davidson Started Performing Stand-Up Comedy in a Bowling Alley (2018)
U-w_yWD5DHY Dr. Agus Answers if It’s Safe to Dine Out, Get a Haircut, or Take an Uber
U2iwZ6nRsDk Why Hank Azaria Got Fired From His Bartending Job (2017)
U4vUdePdicQ Cheap Trick “Surrender” Live on the Stern Show (2006)
U5hIuqoxB4M John Fogerty Explains Why Creedence Clearwater Revival Isn’t in “Woodstock” (2015)
UBG5ENubuz4 Scarlett Johansson Is Tired of Being Asked About Her \
UEV1JQSOVXs Tom Brady Knew He Was Leaving the Patriots Before Last Season
UEkvwtzLLtw Tony Bennett on the Advice He Wishes He Gave Amy Winehouse (2011)
UGxGgwPokn4 Gary Dell'Abate Offers to Shave His Head in Solidarity With Jon Hein
UHeWl77jVTE Ed Sheeran on His COVID-19 Diagnosis and Recovery
UJ3F6gfdyhU Sal Wants a Sleepover With Howard (2005)
UKtIYSw5VRM Whoopi Goldberg Recalls Her 𠇌olor Purple” Audition
UKzMXETUHW0 Howard Talks to Gary’s Son’s About Going Back to College During COVID-19
UO0i3L7u58E Jon Hein's Audiobook Is an Expert on Popeyes Chicken
UOw5teKKK5g Bret Hart on Growing Up in a Wrestling Family (1999)
UUOzY1eP84I Alec Baldwin on Winning His 'Knots Landing' Role
UUVgBseLPaw Kendrick Lamar’s Music Producer Once Tried to Rob His Dad (2017)
UY6H_er4VpY Ronnie the Limo Driver Reveals He Bought Property in Las Vegas
UYgPbU-IT3M Ed Sheeran \
UaG5E8y60jM Howard Solves the Mystery of That Sound Heard at the Start of the Stern Show’s Theme Song
UbPkfUgCt1M Billy Joel Has Always Turned Down Collaborating With Other Artists … Except This One
Ug1R1-8Th0w Kevin Hart’s Journey From Shoe Salesman to Stand-Up Comedian
UgxZUZNFi0U Why Ronnie Wants to Watch Jon Hein Have Sex
UhXrWg3aChE Jon Hein Shares the TV Shows He’s Watching While Self-Quarantining
UjCx3C5L-zA Jimmy Kimmel Questions Shuli Egar About Moving to Alabama
UmxtwxSRT-U Howard Talks With a 67-Year-Old Aspiring Comic
UnSBwOCHjHA What Chris Cornell Admired Most About Andrew Wood (2011)
UqKiAMLbEdM Why Did Ronnie Want This Video Deleted From Instagram?
UtluWxUoBPk Bobo Got Into an Accident on His Electric Scooter
UuLdkdXOn7M Richard Christy’s Pumpkin Beer Butt Chug (2015)
UwI7PSveeeg Chelsea Handler on the Effect of Losing Her Brother
Uws8TzTwPes Why Matthew McConaughey Didn’t Speak to His Mom for 8 Years
UxgxHNqRenY James Hetfield Had a Much Higher Singing Voice When Metallica First Started (2013)
UxxbPu3kKKs Howard and Nikki Glaser React to Will Smith’s Oscar Smack
UyUfx0HvHBs Will Shuli Egar Fight the gel Boss Guy”?
UzZgt_pC440 Does Gov. Andrew Cuomo Want a Cabinet Position?
V1-kBsyZ5yE Gary Dellte’s shion Emergency” Makeover With Brenda Cooper
V1LQb4yfFCs The “Howard Stern Comes Again” Champagne Toast
V5XxsalLilk This Week on Howard: Kyle Dunnigan, Charades, and Richard Eats Gary’s Nose Hair
V7Vs6knf6JQ Shuli Egar Roasts Ronnie ‘the Limo Driver’ Mund
V8zRY3nUgdg Bobo Auditions to Host the Stern Show but Can’t Say the Word “Intricacies”
VASB9kXrPN4 Ronnie Mund Becomes 𠇊ngelina” While Hypnotized
VBeADfikAb8 What Happened When Billie Eilish and Finneas Had Dinner at Elton John’s House
VCIUizr_Ho0 Jim Carrey Recalls the Time He Thought He Had 10 Minutes to Live
VDIql37tdQA Rosie O𠆝onnell Visited Michael Cohen in Prison
VEDrTmwlYD0 David Spade Doesn’t Overthink His Funny Instagram Videos
VEaEXbbYVXc Slash ft. Myles Kennedy & the Conspirators “The River Is Rising” Exclusive for the Stern Show
VFcSvRgi2i0 Memet Has a Naked Neighbor but His Girlfriend Isn’t Happy About It
VH1YAPcydGo Slash ft. Myles Kennedy & the Conspirators Cover “Rocket Man” on the Stern Show
VHGsCgwKbYg Sal Governale Goes Into “Stockbroker Mode”
VQm7P_byBWE JD Gets Caught Eating a Pouch of Peanuts
VQyf6AKdnJA Kevin Hart on How Colin Quinn Helped Him During His Early Days in Stand-Up
VS5gX2HkdaU Memet Walker Has Rats in His Apartment but Stern Show Caller Dorothy Knows How to Fix It
VS7lHaSCkPA Bob Odenkirk Remembers the Last Time He Saw Chris Farley
VTKQpy86IH4 Howard Remembers Rock Star and Stern Show Guest Meat Loaf
VTyNL1qXgRY Sal Governale's Dad Met His Estranged Daughter on Father’s Day
VUKu_zODapQ James Cameron Made No Money From “Titanic” (1997)
VViVIHL6JS0 Lenny Dykstra on His Friendship With Charlie Sheen
VVlkavFb-aU Matthew McConaughey Remembers Growing Up With “Wild” Parents
VX1Dst3GnSs Bryan Cranston Looks Back on His Relationship With His Father
VXBRonwTbqM Ben Stiller Goes Public With His Fight Against Prostate Cancer on the Howard Stern Show
VXLufQWlRB0 Foreigner ls Like the First Time” Acoustic on the Stern Show (2009)
VXrquPy3xlk Ralph Picks Bobo’s Punishment for Wanting Out of the Wack Pack
VXuOP49n_3w Green Day “Minority” Live on the Stern Show (2000)
VZS957JdEck Beetlejuice Mouths Off to Stern Show Staff in Behind-the-Scenes Footage
V_4NbyaDjk0 Jim Breuer Didn't Live Up to Lars Ulrich's “Partying Standard” (2009)
VcNDG74QjH0 David Spade on Attending Adam Sandler’s Daughter’s Star-Studded Bat Mitzvah
VcWg_6geo4U Gary Used a Takeout Container for His Stool Sample
Vcq17aGVBa4 𠇊lex Jones” Celebrates the Gates’ Divorce News
Vct9CyAp4LE Robert Pattinson Talks the Effect of Fame on Relationships
Vg5Tcx3TJF8 Quentin Tarantino Worked at an Adult Movie Theater as a Teen (2012)
VjZ5H9ySFuE Jon Bon Jovi Washes Dishes at His Restaurant 5 Days a Week
VmOTs36HFPw Why Norm Macdonald Got Emotional on His Last “Late Show” Appearance (2016)
VmRDHdUv-VU Would Andy Cohen Date Stern Show Staffer Chris Wilding?
VmZwwIzgQnU Phil Collins “In the Air Tonight” on the Stern Show (1996)
VnUGHtvVeKE Jim Carrey Reveals One of the Last Jokes He Told Rodney Dangerfield
VpBfrM8qK7s Richard Christy Plays “When the Levee Breaks” and “Tom Sawyer”
VpM8vaWJMKI Richard Christy Invites JD Harmeyer to a Heavy Metal Concert
VuiebyHTFYM Howard Interviews Fred Norris
VwSJkNbAc_4 Gary Dellte Talks Having Both of His Knees Replaced
VwU7CS1bXEo Chelsea Handler on Dating TV Executive Ted Harbert
VxyRBiJTa_k Green Day 𠇊merican Idiot” Live on the Howard Stern Show
Vy8GjAvqcY4 JD Harmeyer Is Pissed Off After Losing All His Super Bowl Bets
W15rL4xnC1o Medicated Pete Starring in a Film With Richard Christy and Sal Governale
W4eEyUraOHY Brandi Carlile Lists Top 5 Songs Ever Written and the Hanseroth Twins Cover “Sound of Silence”
W5uXMxx6d6I Adam Levine & James Valentine “Memories” Live on the Howard Stern Show
W73I6S7gAbk Gary Dell'Abate Felt Uncomfortable at Dinner With Ronnie Mund
W85zIKpCr8M Hillary Clinton on the Howard Stern Show Pt. 5
W8esSx33WqQ Gary Dellte Creates a  Booey” T-Shirt (1995)
WBBHNgAX2g0 Sal Governale Believes His Deceased Dog “Visited” Him in a Dream
WBIL0rgeTnY Billie Eilish Was Sure Fans Would Hate Her No. 1 Hit  Guy”
WBwkT6CxATs Ken Jennings Plays Win Fred’s Money (2012)
WCWBOGcgcww Eddie Vedder Didn’t have a “Normal” Childhood
WDPi17NBU-8 Benjy Bronk Wants to Be Howard's Peloton Expert
WF7IGMh6HyA Juliette Lewis Beat Out 500 Other Actresses for Her Role in pe Fear”
WJEKPlv0ZuI Howard and High Pitch Erik Play mily Feud”
WJXHFNw3fSw Living Colour 𠇌ult of Personality” on the Stern Show (2016)
WJwKaP4mPK4 Sal Governale Doesn’t Know Politics (2008)
WLppDx_ncIs Jimmy Kimmel Gets an In-Person Sex Tip From Ronnie the Limo Driver
WMaAFW6eVUY George Takei Imparts Birthday Wisdom on Robin Quivers (2010)
WOlcllAVNNg Chris Farley Was the Best Man at Tom Arnold’s Wedding
WQe3OEK7Wgw Billy Corgan ” on the Howard Stern Show
WSjxktsyb6I Khloe Kardashian Opens Up About Lamar Odom's Health Scare
WTU4Yejdl-I Alec Baldwin on Working With Tom Cruise
WWycD6X8q8s Kate Beckinsale Reveals Her I.Q. After Calling Her Mom Live on the Air
WXWT6ey6cE0 Leslie Jones Smoked a 𠇋ooger Blunt” With Snoop Dogg and Don \
WY7Du8cjTwI Nick Cannon Made a 𠇍umb” Mistake When He Met Oprah
W_CoBCTmbD0 What Elton John Told Miley Cyrus About Becoming a Rock Singer
WeKvUy5R_m4 Coldplay on Bringing Their Kids on Tour
WfEC2IXs2Uw Joey King Talks About Her Emmy Nomination for “The Act”
WfdoBekt2Aw This Week On Howard: Ringo Starr, Joe Walsh, and Memet’s Fire Emojis
Whd7oQQNPm8 Def Leppard on Performing 𠇊ll the Young Dudes” Live With David Bowie
WiDpyxZiwe8 Jimmy Fallon's Mom Was a Nun
WjoXDB3N_CI David Bowie “Hallo Spaceboy” on the Stern Show (1998)
WlzPHPiQzlA Hank Azaria on the Origins of His \
Wns-w7UIHu4 Johnny Knoxville Introduces the New Faces in “Jackass Forever”
Wo3xRL3bBFE Trevor Noah Reveals the Wise Words Dave Chappelle Shared With Him
Wp2V8MoYpHY Seth Rogen Once Sh*t His Pants in Front of His Future Wife
WrB9pVjFQio Steven Tyler, Slash, Dave Grohl, & Train “Walk This Way” Live (2014)
WsYx838mjos Ronnie Mund Mulls Retirement
Wse4oKggpA8 The Newly-Wet Game: Biggest Turn-On
WsvZRQIZXOg Tommy Chong on Redd Foxx and Steve Martin’s Comedic Control (2008)
Wu8QVh-CUaY Ronnie Mund Supplements His Sex Drive With Maca and Horny Goat Weed
Wv8iEPt4QFc 2018 Year In Review: Booey Blunders
Wvn97q8M12E JD Harmeyer Pitches His Documentary Idea
WxCa5xwdGGw Chris Martin Performs Coldplay’s “Yellow” on the Stern Show (2011)
WxqyC3wqzG4 George Lucas Told Seth Rogen He Has a Spaceship … but Didn’t Invite Him Onboard
X09h2dK62xg Nikki Glaser Tells the Jokes She Wasn’t Allowed to Say at the Alec Baldwin Roast
X0c4mrrJ2YY 2019 Year In Review: Howard’s Hate List
X1icuoH44AU Paul McCartney Tells Howard About the Time “Jesus” Came to His House
XASIZLg1Qkk Stern Show Staffers Weigh In on the “Game of Thrones” Series Finale
XC-lwLakPic Jimmy Fallon Blew His Chance With Nicole Kidman
XGJ3E2SO_sw How Jimmy Fallon Got Lorne Michaels to Laugh During His “SNL” Audition (2002)
XImLUmatms4 Gary’s Wife Passed on ng O𠆜lock”
XKGYmUtMrXw 5 Seconds of Summer Covers Green Day's \
XO-3zmorEtw Do Gary and Jason Get Along?
XPJ-2SrAzo8 Chris Rock Ran Into His Bully as an Adult
XPrE3TcCYjo Jon Stewart on the Success of “The Daily Show” Alumni
XRtn-brmErw Richard Falls Asleep to a Haunted House Soundtrack (2009)
XUVrPrG-rDU Nick Cannon Talks Accepting Mortality After Latest Health Scare
XV-JBGdYK78 How Sandra Bullock 𠇍iscovered” George Lopez (2016)
XaDgWZS_C1o Dana Carvey Imagines Paul McCartney Explaining the Mueller Report to John Lennon
Xb-cnZ14OBM Paul Rudd on the Howard Stern Show (FULL 2019 INTERVIEW)
Xbv1sOj3APw John Mellencamp Almost Had Brad Pitt’s Part in “Thelma & Louise” (2017)
Xc6FeN2BtTA Chris Martin “The Scientist” Live on the Stern Show (2011)
Xho_0lQWSTE Ronnie’s Inflatable Christmas Decorations Made the Move to Las Vegas
XkNNOG1sx1o Imagine Dragons “Radioactive” on the Howard Stern Show (2015)
XkSsf-j672s Steve Martin Didn’t Know “Three Amigos!” Had Become a Cult Classic
XkgmOsBhjdw High Pitch Erik Shares a Message of Hope About Coronavirus Pandemic
XmZ1JuhzNfg Ronnie “the Limo Driver” Mund Says His Mind Is Made Up About Retirement
XqPceNG97qY 5 Seconds of Summer “She’s Kinda Hot” on the Stern Show (2015)
Xst4lA6_vJo Craig Ferguson Was Once Hired to Write a Screenplay for Mick Jagger
Xtw4TNHkhCM Could Jake Gyllenhaal Star in 𠇋rokeback Mountain” Now?
XvC209C2HWw Ronda Rousey on Judo Training, Olympic Dreams, and MMA Success (2015)
XvJdPbA9Z2w Does Fred Norris Have a Fake Laugh? (2016)
XvSwJ20ta5M Blitt Proposes to JD on Their Flight Back From L.A.
XvbZ0j_-aMI Stephanie McMahon Broke the WWE’s Rules by Dating Triple H (2002)
XxFFAx3H9NU Metallica \
XzZATsJSW7M Bill Burr Explains Why Summer School Makes You a Better Comedian
Y4po4yItBtA Linda Perry “What’s Up?” on the Howard Stern Show (1996)
Y57NsQ0mXG4 Dave Grohl Once Got High and Sang With Taylor Swift at Paul McCartney’s Party
Y7O2vnTQq4U Natalie Maines Wrote Songs for “Gaslighter” While Going Through a Divorce
Y8QNrpuZ-T0 Why Does Ronnie the Limo Driver Still Watch Porn on VHS and DVD?
YEVUKH2LwRA Name That Tune With Jon Hein on Guitar
YGY5Z58PRMs Miley Cyrus ge of Midnight” on the Stern Show
YGeEzXSWQGM Howard Praises Kate Hudson for Her Cover of “Nothing Comparesਂ U” (2016)
YL9zBLoumG4 JD Harmeyer Tries to Explain Box Breaks to Howard and Robin
YLL35z6bn2s David Spade on His Chemistry With “Wrong Missy” Co-Star Lauren Lapkus
YLcI0jSI0Bg How Gary Clark Jr. Wooed His Wife With a Trip to Coachella
YQkd11u-8cY Jeff the Drunk Complains About Howard Ignoring His Calls to the Stern Show
YSGOK6aSaiY Seth Rogen Wanted to Make “Pineapple Express 2” but Sony Said No
YVYx9UBbv90 This Week On Howard: Benjy's Dating Profile, Pig Island, and Rapaport's Knicks Seats
YZBB0fwM-W8 Howard in Hollywood: Top Noine Moments
Y_lX5ngnySg Shuli Egar Debuts His Homemade Jeff the Drunk Puppet
YaLSHX0oCQ4 Ronnie the Limo Driver Admits He Hit a Mailbox With His Car
YcQCGHo39Yc Rodney Dangerfield Gets His Respect in Comedy (1997)
YcbSCclNx3w How Peter Frampton Almost Joined the Rolling Stones (2016)
Yed2yX8uKS8 Bad News Booey: The Worst 1st Pitch in MLB History?
YedFrpkxqjI Ronnie Mund Relieves His Constipation … With His Own Hand
Yfb9yn1U3co Pete Rose Was Better at Football … but He Chose Baseball to Avoid College (2010)
Yfiu1vSNf_A Charlize Theron’s Biggest Challenge in Portraying Megyn Kelly
YoH_Tefu948 Machine Gun Kelly on His Feud With Eminem
YpBh_hyCVNM Gary Explains the 𠇋ooey Decimal System” for Organizing His Vinyl Collection
Yr-dO1Oc234 Brent Hatley Challenges Actor Michael Rapaport to an MMA Fight
Yr9uXtpr5V4 Cyndi Lauper 𠇊ll Through the Night” Live on the Stern Show (2008)
YrBF6v0oQt0 Alec Baldwin & His Wife Hilaria Talk to Howard Live From Their Home
YvLcwAUfZl4 Kristen Stewart n't F-cking Wait” to Propose to Her Girlfriend
YxrcfRrNwnw Metallica on the s Metal Bands They Didn’t Get Along With
YykcrQrxKY8 JD Harmeyer Writes Emails Exactly How He Speaks
YzCMatpnf6M How the Wack Pack Spent Their Summer
Yzf1ESZYjxg Demi Moore Puked During Navy SEAL Training for “G.I. Jane”
Z-0JAICz8EE Dana Carvey on What Made “SNL’s” Pepper Boy Sketch a Classic
Z0FjVXOTc1Y Guess That Tune: Richard Christy Drums Guns N' Roses Songs on Sal Governale's Butt
Z18G7yy8K9I Bush “Swallowed” Live on the Stern Show (1996)
Z1lhbrkKVq8 Richard Christy Starts His Halloween Celebration Weeks Early
Z2_OJWthxbA Miley Cyrus “Wrecking Ball” on the Stern Show (2017)
Z2ts4ggatxU Sal Governale Demands “Traction” From Fellow Staffer Jason Kaplan (2007)
Z4Cpq8WsDeI Sal Asks Ace Frehley for a Photo (2005)
Z7xdc8u7KwU Richard Christy Pulls Out Gary Dellte’s Nose Hair and Eats It
ZC4GqEkMPUg Richard Christy Feeds His Halloween Obsession With Another Spooky Trip
ZC9xovEd52w Christie Brinkley Had No Idea Who Billy Joel Was the Night She Met Him (2015)
ZCTtsBmu0J0 James Corden Once Pulled Donald Trump on Stage During His Broadway Play
ZFL3LYOrRb0 New Kids on the Block \
ZFjp_E4XwCQ Sebastian Maniscalco Recalls Opening for Andrew Dice Clay in Las Vegas
ZG6xAmTK-kk Billie Eilish 𠇊ll the Good Girls Go to Hell” Live on the Howard Stern Show
ZGFaLDSmzZo Gary Dellte Puts Stools in His Home Theater (2009)
ZGxWx4Nhz_c Andy Cohen Has “No Apologies” for Drinking During CNN’s New Year’s Eve Special
ZIZHeussoNk What Miley Cyrus Is Looking for in a Partner
ZIxYRevHUt8 Sean Penn Isn't Playing Spicoli in New st Times at Ridgemont High” Table Read
ZKSVztdYwAY Benjy Bronk’s Date Was Going Bad ... Then She Found Out He Voted for Trump
ZKvkDS3sQJo Ronnie the Limo Driver Hosts Shuli Egar’s Comedy Show
ZMJsy2JOWsI When Bruce Springsteen Asked Tina Fey & Amy Poehler to Sing With Him on “SNL”
ZW0lAvcMvgM Amy Schumer's Pregnancy Was Like Having Food Poisoning for 9 Months Straight
ZWOZ9R2XbSg Green Day \
ZWjTUKoQq9A Jimmy Fallon Does 23 Celebrity Impressions on the Howard Stern Show
ZZmDdJvIIlw \
ZZw_NlvKaC0 Chris Rock on Getting Ripped and Dating
ZbMGfwyuS7E This Week On Howard: Sammy Hagar & the Circle Perform and Chelsea Handler Visits
ZcwNYQUHHn4 Antonio Pierce Teaches Jason and Sal How to Throw a Football (2008)
ZfEiUB7raf4 Rachael Ray Reveals the Two Things She Cannot Cook
Zhckop7kyX8 Memet Considers Having a Threesome (2017)
ZhcwLYSsuTk Alec Baldwin Says He𠆝 Win if He Ran for President in 2020
ZhgSd-ZMniQ Why Paul McCartney Was 𠇎mbarrassed” by the Beatles Song “Yesterday”
ZkbCg4R750E Jeremy Renner Is a Fantastic Bowler (2017)
ZogkPWc458k Howard Stern Names Conan O'Brien His Best Interview of All Time
Zq35R-s3Uds Stone Temple Pilots “Seven Caged Tigers” Live on the Stern Show (1996)
ZqBVXr0s23g Sour Shoes Prank Calls Steve Langford Over 300 Times (2008)
Zqu6XE-iKlw Sal Talks to the Dead and Becomes a Squirrel While Hypnotized
ZrUGVC-Ppoc Seth Rogen Was Asked to Fix the Script for 𠇍olittle”
ZtwDRi5toyQ Ralph Accused of Not Monitoring Bobo Like He Said He Would
Zv-_zFnewPc Sarah Silverman Smells Richard’s Balls (2007)
ZwMVWYlri18 Why George Takei Is Backing Pete Buttigieg for President
Zxt8P1mwcYs Chris Martin 𠇌locks” Live on the Stern Show (2011)
ZyHGnlRMh1k Gary Double Books Jewel and Jenny McCarthy (2013)
ZzNuwjErYlE Billie Eilish “When the Party’s Over” Live on the Howard Stern Show
_5EtmS2a5CY Ben Affleck Opens Up About Getting Sober
_9aXgyRSvG8 Meet the New Tan Mom and Bobo Puppets
_CHlxAAiwRE Stern Show Staff Brawls About What Happened at Happy Hour
_DFiB4do7_c Alanis Morissette “Hand in My Pocket” on the Howard Stern Show (2008)
_E-6Dhg3XCE Jason Kaplan Was Rushed to the Hospital With Suspected Food Poisoning
_FUgRu3_TJM Tan Mom Records Her New Song “Glossy” Before Getting a Vampire Facial
_FrMtWSivwI Ice Cube on Meeting John Singleton and Making His Acting Debut in \
_LJ46FY5nZc Adam Carolla on Being Rejected for a Job at Taco Bell
_MFKwdL5dRw Benjy Bronk Says He’s Unable to Sit Up in Bed After Leg Surgery
_PC9D2iHRZQ Gary Forgets About \
_QTbMSvJBgA Rod Stewart Covers “The First Cut Is the Deepest” on the Stern Show (2015)
_Rfdg1_wVPs Jose Canseco Speaks Out About Steroid Use in Baseball (2005)
_SD2SwyBl3I Sugar Ray “When It’s Over” on the Howard Stern Show in 2001
_SI49TvLbzg 𠇊lex Jones” Defends Himself
_Sj-U1GvU9c John Stamos Gets Emotional Reading a Letter From His Late Father
_U4Ypzj2Mdw Hillary Clinton Remembers Her First Date With Bill
_VXum8lM0X0 “SNL’s” Hans & Franz Nearly Started a Feud Between Seagal & Schwarzenegger
_W14Nmek9Yw This Week On Howard: Adam Carolla, Dana Carvey, and Ronnie Mund's Will
_W3LOixummM Rachel Maddow Got Her First Job in Radio by Winning a Contest (2012)
_h61kM5ZAJk King of All Blacks Claims Rahsaan “Is Not a Real Black Person”
_j0YS2TM8QI This Week On Howard: Gary Clark Jr., Andy Cohen, and a “Shallow” Duet
_kEaV6VLVso Coldplay Talks the Career Advice They Got From Bono and U2
_lDEdpV8VIA Pete Davidson Turned Down Dinner With Jack Nicholson
_mYKyx6euQQ Why Chelsea Handler Ended Her Successful Late Night TV Show
_p1zL80WK0k Sal Thinks the Dead Send Dimes From the Afterlife
_pd6yO-jBRo Quentin Tarantino on Disney vs. \
_smU8pQUz7w High Pitch Erik Takes the Money and Runs
_v7moUOAfqI Chris Wilding Is Bringing a Sex Toy to See His Boyfriend in Panama
_vZUZR4ILqM Ronnie Mund Demonstrates His Three-Finger Masturbation Technique
_w1LVq1UMOQ Machine Gun Kelly on Hanging With Taylor Hawkins 2 Nights Before He Died
_w6Jg_g-R8M This Week On Howard: George Takei, Medicated Pete, and Gary's Clash With Sal
_wSjX_yLOBE Chris Martin Talks Bowie Rejection, Covers \
_yuQBXh1jfg Ronnie Explains His Daily Calls for NSFW Tweets
a-M3kW8_ScU James Corden’s Favorite Carpool Karaoke Was With Paul McCartney
a3nKy-SmC-Y Retrospective: Howard Stern on David Letterman Pt. 1
a5_G7WZq8Po Jeff the Drunk Has Never Seen “Home Alone”
a5yI8VB2--A Joan Rivers' Date Died During Dinner With Her (2010)
a7rWiotE5Zw Richard Christy’s Prank Annoys Howard (2009)
a9LkqIe_Gm8 What Happened at the 2020 Virtual Stern Show Holiday Party?
aCaEu_t2gmg Memet Bought Bitcoin for Howard but None for Himself
aCtkvyPp0fc Liam Hemsworth Saved Miley Cyrus’s Animals From the Malibu Wildfire
aKAp3q6Bv8w Jake Gyllenhaal Forgot His Lines While Filming “Spider-Man: Far From Home”
aLB1h-qIS8c Natalie Maines on the Racist Comments She & Beyoncé Got After Performing at the CMAs
aLubLPhiI6Q Hillary Clinton on Why President Obama Asked Her to Be Secretary of State
aPvBrHasoB4 Meet the New Gary Puppet
aQ8ECIkeGVA Gary Reveals He Still Can’t Even Pick Up a Baseball
aQDccOMdLoo Howard Tries to Hit Led Zeppelin’s High Notes
aR9AWRM7DTI Gary Dellte Mispronounces “Machine” (2006)
aSAISPypE1o Benjy Bronk and Richard Christy Become Puppets
aS_z6Mp3Pec George Takei Details His Workout Regimen at 81-Years-Old
aV5YaMnJvOY David Letterman’s Dog Crashes His Stern Show Interview
aWIwqrHArzs Can Sal & Richard Roll Jason Kaplan Over on the Stern Show Studio Floor?
aZIKpjOeqAI Charlie Murphy Didn’t Start Doing Stand-Up Until He Was 42 Years Old
aZOVA4CheqU Kristen Stewart on Being Chased by Paparazzi Just Like Princess Diana
a_frIHQVNy8 Billy Corgan on Writing “Zowie” for David Bowie (2017)
aaCCgecCb68 High Pitch Erik Makes His Stern Show Debut (1997)
abIJ1VjYTSI Jonah Hill on Why He Wanted Trent Reznor to Score “Mid90s”
ah8oBltD740 Who Should Induct Foo Fighters Into the Rock Hall of Fame?
ahAUxLdEIhs Tim Burton Reveals Why His Superman Movie Never Got Made (1999)
ajfF0-8VwD0 Gary Remembers Playing Trumpet for James Brown
amPjpcjVGbk Jimmy Fallon Does His Howard Stern Impression for Howard Stern
anfPXUrmqPY Ol' Dirty Bastard on Why He Stormed the Stage After Losing at the Grammys (1998)
aoZMQv3xJq0 Will JD Quit the Fantasy Football League?
aq7t8AhjmsE Jon Bernthal Used Method Acting on “The Punisher” (2017)
aqdGsFzykLM Bradley Cooper Remembers Back to \
at2odhSNjiA Stone Cold Steve Austin Accidentally Punched Regis Philbin in the Nose (1999)
auYFcH3eOPA Rob Zombie “More Human than Human” on the Howard Stern Show in 1998
av99SbpsNto Lady Gaga “Million Reasons” on the Howard Stern Show (2016)
awKid8KaVxE Is High Pitch Erik Ready for His Colonoscopy?
axEEs4N9EZ4 Bob Odenkirk Originally Turned Down tter Call Saul”
ayP8y9Rodxg This Week On Howard: Germiest Staffer, Ronnie Turns 70, and Staff Karaoke
ayQlz5EhFts James Taylor 𠇏ire and Rain” Live on the Stern Show (1997)
azq8ud8oiLY Paul McCartney on Who Broke Up the Beatles
azsap4g393I How Gary’s Obsession With Lists Got Started
b0GOmdvcWa8 Bobo Calls Into the Stern Show with 18-Pages of “Questions”
b2w0JLAf5rY Spoon Covers John Lennon’s \
b7mJxurFql8 Ronnie the Limo Driver Got Paranoid After Smoking Weed
bBvwIahRkOw Cindy Crawford Discusses Posing For Playboy
bCyTIVhuhLM Aerosmith “Pink” (Acoustic) on the Howard Stern Show in 1997
bEXVmwxcLDY Anderson Cooper on Helping Apple CEO Tim Cook Come Out
bF-XZWgpDx0 Kid Rock 𠇊ll Summer Long” on the Stern Show (2013)
bGxjdp-ru08 Joe Bonamassa “Well, Well” in Howard Stern’s Studio
bJZgomnZTsU 5 Seconds Of Summer \
bKSFOXmJhm8 Bree Olson on Her High-Risk Behavior With Charlie Sheen
bOY5swA3nYU Katy Perry and Howard Talk Orlando Bloom and Those Nude Paddleboarding Pics
bSGuZ1jJuu8 Bob Odenkirk on \
bT8LmVC1xJo Why Leah Remini Left the Church of Scientology (2015)
bZURNYonZiA King of All Blacks and Medicated Pete React to “News” of Howard’s Contract
bcqdDSysAt0 This Year On Howard: Interview Highlights 2019
bd8jDqRrrmY 2018 Year In Review: Memet and Brent’s I.Q. Test
bj4pBELyDwo Chris Cornell Covers Led Zeppelin’s “Thank You” on the Howard Stern Show (2011)
bp6tX03I_Fg Alec Baldwin on Life With Four Little Kids and If He’ll Have a Fifth
bpBtnNr0HcU Steven Tyler Remembers Meeting His Aerosmith Bandmate at Woodstock (2016)
bqCS8nMk6cU Gary Needs a Root Canal
btjCMFNRFk8 Howard Wonders if Gary Is Actually Working While at Home
bwJ9qyPdqFM Ronnie Mund's Shrink Fell Asleep During His Therapy Session
bxM1mwZCRK4 Robin Quivers Remembers Meeting Sidney Poitier
bxWBSfLI3ro High Pitch Erik Has Been Driving Alone With Just His Learner’s Permit
c-ga-YqqxZQ Counting Crows Cover 𠇏riend of the Devil” on the Howard Stern Show (2008)
c0SEqVH7pkU Hugh Grant Was Almost Always Cast as a Girl in His School Plays
c318gjszqV4 Gary Almost Opened His Own Record Store
c3lyiQwRB-s Jon Hein Tracks When TV Shows “Jump the Shark” and Picks the Best Series Ever
c6fFKveBFL8 Howard and Jon Hein Debate the Astros Scandal
c7HSYdKoXQs Robin Quivers Observes Fred Norris’s Every Move (1996)
cALFSAs8s3c Should Howard Throw Out These Items From the Stern Show Archive?
cEfPtStiaP0 Eddie Vedder Covers Warren Zevon’s “Keep Me in Your Heart” on the Stern Show
cGvsONUqLgg David Gray ylon” in Howard Stern’s Studio
cJOSvvdy27I Metallica \
cKSPZ-iR5GE Johnny Knoxville Suffered Brain Damage From This “Jackass Forever” Stunt
cKvGoi-RmSA Hear Jimmy Kimmel, Jimmy Fallon, and Stephen Colbert Sing a Christmas Carol Together
cLYqt5Ff_Co Mark Ronson Shares How He Produced \
cLj4Vqomop8 Is Robert Downey Jr. Turning Into His Character Tony Stark in Real Life?
cOMOjnWaqSk Channing Tatum on His Learning Disorders, Hosting “SNL,” and Getting Advice From Samuel L. Jackson
cTkxxGlR93A Conan O𠆛rien Got Yelled at by George Steinbrenner at “Saturday Night Live” (2019)
cUiGf8ShiCA Brent Hatley Is Helping His Wife Pick the Right Guy to Hook Up With
cXqW1E3hKVI JD Harmeyer Speaks Perfectly While Meeting Jennifer Aniston
cZpH0re__gM Robert Downey Jr. Does a Rodney Dangerfield Impression While Telling a Story About the Late Comedian
c_IlhM2tjkg Howard and Robin Question the Oscars Investigation of Will Smith
ca9157HaZCc How Miley Cyrus Won Over the Crowd at Chris Cornell’s Tribute Concert
cdxxMYwxnM8 Dennis Rodman Was Surprised He Got Into the Basketball Hall of Fame (2011)
cfkSrENSXqU Gary Dellte Finds Out He Might Not Be Italian
cg602odzyVU What Are the Top Three Albums of All Time?
ciUpDwlBT7I How Al Michaels Got His Big Break in Broadcasting
cjOdab7M9xY Richard Christy & Sal Governale Take the Soy Sauce Challenge
ckmAKPdcgJg Adam Sandler’s 𠇌hanukah Song” Run-In
cmEjZQcPq6Y Jason Bateman's Journey From “Teen Wolf Too” to 𠇊rrested Development” (2013)
cnFyS4VZFts JD Harmeyer Can Tie His Shoes but Not a Necktie
coQPznLYvfc Flat Ronnie Visits The Set of \
cp9FM_1lHDs Dave Grohl Sings Acoustic Version of “Times Like These” (2002)
cqKMyPeB5yQ Elvis Costello on His Controversial “SNL” Performance (2015)
crWZ-eIOaBE David Spade on Getting \
ctBIBwZMamc Gov. Andrew Cuomo Has \
ctyuU_VrvLM How Vanity Potentially Saved Whitney Cummings From Harvey Weinstein
cxzZZ82lnOg Chris Wilding Got Diarrhea While Visiting His Boyfriend in Panama
czA8UWPXUD8 Sean Penn on the Night He and Tom Cruise Ran Into John Belushi
cza8o3VKeZI How Did Foo Fighters Play Their Own Concert and “SNL” in the Same Night?
czqUGo_UP2A Howard Stern Presents: Graham Nash Performing \
d0neu4UnelE How Tyra Banks Started Modeling at 15 (2011)
d2a3DdB9OM0 Jimmy Kimmel Answers Questions From the Wack Pack
d8b1m4-_8qQ Gov. Andrew Cuomo on the Bond He Has With His Brother, CNN’s Chris Cuomo
d9Z3I_m6row Stern Show Staff Sings Karaoke
dE2q45tMbXg Alec Baldwin on “The Irishman” and How Al Pacino Helped Him Get His College Degree
dFPQdiHjLU0 Hillary Clinton on Love Before Bill
dL7plMOJKXk Ronnie “the Limo Driver” Mund Proposes Live on the Howard Stern Show
dPIOn3yINYo Ronnie Mund Can’t Say “In Memoriam”
dPLfRZkJdbE Bon Jovi “You Give Love a Bad Name” on the Stern Show (2000)
dQuhzleYY-g Is Memet Even Messier Than Sal and Richard?
dS9717xjQGk Gary Dellte Flubs a Request For Howard’s Wife
dUdSzFxFad8 Sal Governale’s ” Pays Howard a Father's Day Visit
dZvXr82UZgg Jon Hein Is Angry Over People Who Pet His Dog Out on the Street
dbUcowJIo-8 Snoop Dogg Talks Tekashi69 and His Own Experience in Jail
dd5UbxIowII Here’s Ronnie in 2013 Complaining About the Las Vegas Heat
de7lmghzx1c 2019 Year In Review: Favorite Staff Feuds
dixJ8GLFKJU Sal Governale’s Cure for Sleep Paralysis: Having His Soul Leave His Body
djTAp7uOCL8 Dana Carvey Tried to Quit “Wayne’s World” After Reading the Script
dnL54gMlV74 Natalie Maines on Why the Chicks Dropped 𠇍ixie” From Their Name
doVdwrDMZb0 Who Will Be the Next Sex Toy Tycoon?
dpLuyin0HO8 Leslie Jones Hired the Directors of \
dq2h10mLDjg Gary Tells Howard Why the New York Jets Are So Bad
dr_KsWizEuA Hugh Jackman Recalls His Days Working as a Clown
dsGhf1irmKI How Metallica Rehearses With the San Francisco Symphony
dt8RjC8SQm0 Retrospective: Howard Stern On David Letterman Pt. 2
duthqLhyyew Richard Sat in Sh*t, Maybe Broke His Finger, and Is Expecting Another Baby
dxNs3rLev1c Roger Daltrey on the Time Keith Moon Blew Up His Drums on Live TV (2015)
dzEwjwMZjOs The Black Crowes “Hard to Handle” on the Howard Stern Show
e3Wa5T4dBYI Gary Got Violently Ill on a Plane (2004)
e3oAg9kMlsE Fiona Apple 𠇌riminal” on the Stern Show (1997)
e5cozkEq4AI Ice-T Went to Military Jail for Stealing a Rug (2017)
eIe2gCOh5Yw Sal Governale Is Still Vaping and Still Can’t Say Statistician
eJJ3_Rx4600 Def Leppard “Pour Some Sugar on Me” on the Howard Stern Show
eRVAOdWE_8E Memet Walker’s Super Bowl Commercial Concept
eVAmU4bOQVI Dave Matthews 𠇌rash Into Me” Live on the Stern Show
eVd-BwSh9jU Sean Penn Almost Quit Directing
eYdrKy4kZ4c This Week On Howard: Hugh Jackman, the Staff Panel, and Ronnie's Romance Advice
ebK3s31GSCo Kristen Wiig on Her Husband, Her 2 Babies, and Life at Home
ef2ezO5LP1Y Did JD Harmeyer Overcharge Ralph Cirella for Dinner?
eiBuYdTmVGY Before Bradley Cooper Was Famous He Asked Robert De Niro a Question on “Inside the Actors Studio”
eieqgdWpwUM John Fogerty “Have You Ever Seen the Rain” on the Stern Show (2015)
ejS2gDR-2nw Jim Carrey on Growing Up Poor and How He Improvises in Movies (2003)
elsoxQRbvgw How Robin Lord Taylor Landed His Role as the Penguin on “Gotham” (2016)
ep-eaIXJExE Why Rosie O𠆝onnell Doesn’t Want to Return to “The View”
erZgjJt4OF0 Gary Dellte Mispronounces “Reese's” (2008)
es4xqJ0SbjU Arsenio Hall on How Tracy Morgan Almost Played Eddie Murphy’s Son in 𠇌oming 2 America”
es7YKEzsDbk Benjy Bronk Stands By His Dating App Profile Picture
esb6o-Kf0vo Seth Rogen Is Proud “Schitt’s Creek” Is a Good Canadian TV Show
eu-0Zxa3bAY Was Joey King Haunted on the Set of “The Conjuring”?
evZMEyc7scY Brandi Carlile Went From Idolizing Elton John to Being His Friend
evlBGxg-WKk JD’s Most Prized Possession Baffles Howard
ewroxj_tLCw Hanson Covers “Long Train Runnin’” Live on the Stern Show (2007)
f0RfZ7L45wA Bob Odenkirk on the Time Steven Seagal Hosted “Saturday Night Live”
f15j0727kkY What Jake Gyllenhaal Learned From Chris Cooper on “October Sky”
f2L57d5u_xs Ryan Phillippe Gives Robin Quivers A Lap Dance
f3CrkTsfSDY Sal Governale Pitches Howard a Frankenstein-Themed Monster Movie (2007)
f5EzvKni8TQ Tracy Morgan on His Surprise Emmy Appearance and Return to \
f7C-MJf4YQw Brandi Carlile Remembers the Moment She Fell in Love With Her Wife
f83lFeNmZVw Adam Levine's Unforgettable Night Partying With Prince
fFQvgVdIZXQ Stern Show Staffers Recap the 2018 Office Christmas Party
fFTJ38R-pII James Taylor Met Mark David Chapman the Day Before He Shot John Lennon (2015)
fG3muPTTP4k Howard and Robin React to Tan Mom's 𠇏ree 2 Be Me” Music Video
fHVyTGpFX2c How Adam Levine Wound Up Performing at Adam Sandler’s Daughter’s Bat Mitzvah
fNsFv4VIT30 Claire Danes on Kissing Jared Leto on “My So-Called Life”
fOkQ8oI1kN0 Coldplay 𠇏ix You” Live on the Stern Show
fOvg0sQHaxY Hugh Grant on the British Phone Hacking Scandal
fRDtGeRJzss This Week On Howard: Billie Eilish, Goo Goo Dolls, and Tan Mom’s Update
fRi1CgDrMCU Jon Bon Jovi Tells Howard Why He's Never Played the Super Bowl Halftime Show
fSM8Zqpe_Lc Robin Quivers Recounts Her Experience Taking Ayahuasca
fSNP1YmWrYU Donnie Wahlberg Has Embraced High Pitch Erik's Crush on Him
fSOs-AAUa2A Foo Fighters “Monkey Wrench” (Acoustic) on the Howard Stern Show (2000)
fTDSv9lLJDU Sammy Hagar Tried to Make Amends With Alex and Eddie Van Halen
fVIkjEHaBbM Jon Hein Thinks “Game of Thrones” Deserved More Emmys for Its Final Season
fVR6Kz_tiV4 Natalie Maines Learned a New Style of Songwriting From Jack Antonoff
f_rgBGcXtk0 Sammy Hagar & the Circle “Why Can't This Be Love” on the Howard Stern Show
f_x7YmOv6uk Green Day sket Case” on the Stern Show (1997)
fbEi0pCdSrw Why Claire Danes Wants to Do a Comedy
fc17eIfn-RY Did Bobo Pay for All the Bots Following Him on Twitter?
fcIQqJ7Adu4 Olivia Wilde Remembers Meeting Chris Farley as a Child (2016)
fcPNaUpCsnA Green Day 𠇋oulevard of Broken Dreams” Live on the Stern Show (2016)
fdAjU-HmDXM Robin Quivers Competes on “Who Wants to Be a Millionaire?” (2001)
fhn6oWpHveg James Corden Wanted Oprah to Launch Her Own Hotel Chain
fkA5fHjPXHk Sal Uses Howard’s Megaphone (2006)
fl2Nrx71_2E Rosie O𠆝onnell Recalls the New Year’s Eve Party Madonna Hosted Topless
fpM7CyEuXuQ Is Karaoke Canceled at the Stern Show Holiday Party From Now On?
fqNs05sghfY Sour Shoes Joins the Stern Show Live From His Pool
frgwNeInS_k Jennifer Aniston Just Had Dinner With Her \
fwHEq5NBctw Ed Sheeran Loves Ketchup So Much He Made His Own Heinz Commercial
fxZ0i5kFsK0 Benjy Bronk Has Proven Difficult for Gary Dellte
fyKt0Slgod4 Jennifer Lawrence Recalls Her Experience With Rapper Weed
fz9fl6o-0w4 Macy Gray Covers Radiohead’s 𠇌reep” on the Howard Stern Show
g-7QrHjBjqA Sebastian Maniscalco's Dinner Experience With Jerry Seinfeld
g2i8IJOpwho Blues Traveler “Hook” at Howard Stern’s 1996 Birthday Show
g2os1usEKR0 Will Gary Come to Work During Storm? (2012)
g3XQe2j4pds Who Did Howard Say Was His All-Time Best Celebrity Interview?
g7_OcADA-1M Arsenio Hall Talks the Very First Time He Met Eddie Murphy
g8NKExbquMY Benjy Bronk Causes a Scene at His L.A. Hotel Bar
gATnhZ1I7Tk Who Is the One Person Who’s Too Gross for Richard Christy?
gBEGsWh0VDQ Jewel Performs \
gHALsxppyOY The Go-Go’s “The Whole World Lost Its Head” on the Stern Show (1994)
gHTAEOejFUk Gary Can’t Stop Singing in the Morning Meeting (2011)
gHVQSSz_4dg Sour Shoes Embedded: Episode 1
gL_kS5C-6zE Gary Dellte Plans to Attend a Vinyl Party at Rachael Ray’s Home
gLoebPUz5MY Jon Stewart on Aging and Masturbation
gMVXHbThV2Y JD Has Spent Over $700 on Trading Cards This Year
gN4rtIrOQrw Kevin Hart Understands Why Eddie Murphy Hasn’t Returned to Stand-Up Comedy
gNBbQDD1B3Y Eddie Vedder Shows Howard His Guitar Collection
gROh27BM3os Bobo Writes His Top 5 Questions for David Letterman
gRpYImtIAuE Memet and His Girlfriend Mary Are Fighting Daily During Quarantine
gYVKljFm3MU Miley Cyrus Reveals the Advice She Got From Paul Simon
gaedqxjorF0 High Pitch Erik Puppet & Jeff the Drunk Puppet Get Into a Fight
gcQd_LS943I Jimmy Fallon on Hosting “The Tonight Show” From Home
gcsIJRg8P2g Sarah Silverman Reveals the Embarrassing Thing She Told President Barack Obama (2011)
ge8NCGK7KKY Seth Meyers on What Made JB Smoove a “Legend” at “Saturday Night Live”
geFQi46MMLk Slash’s Snakepit ggars & Hangers-On” Live on the Stern Show (1995)
get50HnnUyI Demi Moore on Falling for Emilio Estevez and the Sheen Family
gizRCOkC2os Ringo Starr Explains With Peace & Love Why He Doesn't Accept Fan Mail
gjKePvBO0io Arsenio Hall Based Some of the 𠇌oming to America” Preacher on His Own Father
gsSXS6g8OMk Dave Grohl Reflects on His Role in Nirvana and the Final Days of the Band
gsr0ZEhYrco Steve Martin and Martin Short Trade Jokes About Each Other
guFXQbcWgUQ Dr. Agus Answers Questions About COVID Vaccines
guKyCQN8NZU Green Day \
gwFf4eNWNP0 How Mike Judge Got His Start in Animation (2014)
gwXWq3A4OsY Why Jake Gyllenhaal Wanted to Make “The Guilty”
gwaJTGrPmDI Lars Ulrich Remembers Metallica’s 1992 Tour With Guns N’ Roses
gzibJfvEmaU Here’s Everything That Happened During JD Harmeyer’s Weekend at the Super Bowl
h-CzzgMIZs0 Gov. Andrew Cuomo on Literally Filling His Father’s Shoes
h0ivwzDEwbM David Spade on How He Survived Being Violently Attacked by His Assistant (2001)
h2S0qApMong James Corden Had to Decipher a Code to Get Tom Cruise's Phone Number
h4l_1qKGLPM Jon Stewart on Writing and Directing “Irresistible”
h5_aIws6Dos Live “I Alone” on the Howard Stern Show (1997)
h6k3O2h5sv0 Gary Dellte Screws Up Stern Show Staff Super Bowl Bets
h87t6ccbdCU Why Paul McCartney Didn’t Keep the Beatles Going With George Harrison & Ringo Starr
h8X3JlY2r4M Seth Rogen Called Howard From Michael Strahan’s Dressing Room (2015)
hBmSS8fDmek Miley Cyrus and Metallica “Nothing Else Matters” Live on the Stern Show
hFm5ENnbPms Was Joseph Gordon-Levitt Supposed to Be Batman? (2013)
hHYuHk8coyE Richard Christy Spends $1,000 on Alcohol to Last Him Throughout the Coronavirus Quarantine
hI0HpTeqlIk Howard Stern Graces the Cover of MAD Magazine (1995)
hKD0FO2zdIY Ronnie Gets Riled Up Over Cereal
hKTbX__RP9o James Taylor Covers “Woodstock” on the Howard Stern Show (1997)
hOeSHI7DDhM Ben Affleck on the Hate He Initially Got for Being Batman and Why He Took the Role
hR65tUnNT-Q Benjy Bronk Offers to Tickle the gel Boss Guy”
hVpQJFdusgg Paul McCartney on Hanging Onto Hope During Coronavirus Pandemic
h_iGhCeiCl0 Benjy Bronk’s First In-Studio Appearance as an Intern (1998)
hg3SAFqv5m8 Seth Meyers’ Wife Is Way More Handy Around the House Than He Is
hkAudQ75x80 Ronnie Shows Off His New Skull Sunglasses
ho84zmh-2uo Dana Carvey and David Spade on the Stress of Hosting “SNL”
hoxEcD4PCco Don Henley “The Boys of Summer” Live on the Howard Stern Show (2015)
hpaPDOJLlEA Joan Rivers’ Homes Are Haunted (2010)
hpnmbd549jk How Rob Corddry’s Mom Came Out to Their Family (2013)
hqtE2FOyW4c Metallica on Being Called Sellouts for  to Black” (2013)
htmWC4csg9A Robin Quivers & Staind “If It Makes You Happy” on the Stern Show (2003)
hvlvagAC6lQ JD Harmeyer Didn’t Wash His Bedsheets for More Than a Year
hxzXJvd6E1A 𠇋rent From the Future” Tells Howard He Found God and Became a Priest
hy-1DQmUisk Riley Martin Makes His First Visit to the Stern Show Studio (1996)
i1ZzRvy1s6Y Joe Namath Reveals a Secret About the Night Before His Super Bowl III Win
i1jwC9SPnuk Howard Stern on Chris Cornell’s Talent and Charisma
i1sUe0I4OP8 Ronnie and His Fiancພ Burn Out the Motor of One of Their Vibrators
i2mFboz09G8 Howard Stern Re-Signs With SiriusXM
i4QS1RcVFHk Shuli Egar Contemplates a Boxing Match With the Viral gel Boss” Guy
i4nr8tgQ7hY Elton John Tells Stories About Brian Wilson, Bob Dylan, and Neil Young
i4ufZ1YRx64 Richard and Sal Have Bad Airplane Bathroom Etiquette
i5EghNzXlck Chris “Mad Dog” Russo on Tom Brady’s Success and Bill Belichick’s Future
i5_jQ0vDCoQ Did Ronnie the Limo Driver Copy Howard’s Glasses? (2007)
i5fqQJfWNVk Jimmy Fallon Is Homeschooling His Daughters During Coronavirus Quarantine
i6ErIM03AG4 Charlize Theron Recalls How a Major Movie Producer Got Inappropriate With Her
i6Z_slzqK3A This Week On Howard: James Corden, Chris vs. Ralph, and Ronnie's Car Argument
i7tQKSeBLyA Lisa Lampanelli Announces Her Retirement From Stand-Up Comedy
i9hl6kQM3LM JD Harmeyer Enjoys Rosé Wine on Sunny Days or Sunny Nights
iAiwUvIkmq4 The Black Crowes Announce Their Reunion on the Howard Stern Show
iBXL52OVVTU Howard Reads the Résumé JD Harmeyer Used to Get His Stern Show Job (2008)
iD03gy0HKYo 2019 Year In Review: Mispronunciations
iEGwtFrEJSs Psych Sings 𠇋lurred Lines” Parody Live for Robin Quivers at Howard's 2014 Birthday Bash
iH3vTdDuijI Goofing on Gary Dellte’s MTV VJ Audition Tape
iIVVLCmR5lk Gary vs. Sal: Whose F-ck-Ups Are Worse?
iIX-IIPU1dI Courteney Cox Tells Howard About 2 Different Encounters With Ghosts
iJM0KrPEYpk Pete Davidson on How He Began Dating Ariana Grande
iLqM94aivyA Gary Unfriends Howard on Facebook (2015)
iMX_C1EOb7Q Green Day “When I Come Around” on the Howard Stern Show (2000)
iPXtgOnL3h0 Jimmy Fallon Remembers His First Week as a Late Night Host (2009)
iPaDoPOIl4s John Mellencamp on His Friendship With Billy Joel (2017)
iUeQL3Zp8tk Samuel L. Jackson Asked George Lucas If He Could Be in ‘Star Wars’ (2016)
iWntb7QERAo Why Eddie Vedder Jumped Into Crowds at Pearl Jam Concerts
iXDI8JLB4eU Sting on the Origins of \
iXy1JYI5-7g Howard FaceTimes With Alec Baldwin's Wife Hilaria
iZsIK4gsDpI Natalie Maines & Fred Norris “Mother” Acoustic Performance (2013)
ieZHNsaavW4 Maria Menounos Gets Engaged Live on the Howard Stern Show (2016)
igRJTKNBX5k Don Henley sperado” Live on the Howard Stern Show (2015)
ijy4WzcpTQI Why Jennifer Aniston Turned Down a Spot on “Saturday Night Live”
ikTtBpIo6OE Meghan Trainor Performs \
ioXvn3dGhYw The Highwomen “Redesigning Women” in Howard Stern’s Studio
iqKaYwbw114 Gary Dellte Can’t Pedal Off the Pounds
iqU_78I-TmQ Adam Carolla Is Reviving 𠇌rank Yankers” With Jimmy Kimmel
isBtK1CoWAg Robin Admits to Masturbating With Meats and Vegetables as a Teen (2006)
isHdBexP0z4 JD Harmeyer Hushes the Back Office So Howard Can Get Some Rest
isqFv4DxnXo Howard Honors Joey Ramone on 20th Anniversary of His Passing
ivzQhF4kIXo Dave Grohl Demonstrates How He Drums With His Teeth
iyHmSIVeJsw Is Will the Farter Retiring?
j2OyFTm2ycg Snoop Dogg and Seth Rogen Enjoy Smoking Weed With Each Other
j4tRYwP4Sug What Drove Tom Arnold’s Sister to Become the “Queen of Meth”
j5tvBO-ZIIs Dave Grohl Details His Hearing Loss
j6Yd-AGHHcU Sal Ruins “Synchronized Peeing”
j9blOHgPvm4 Robin Yells at Jeff the Drunk
j9wMPvozYaM Arsenio Hall & Eddie Murphy Went Out in Public as Their 𠇌oming to America” Barber Characters
jEXnrGeZKC8 Orlando Bloom Will Always Consider Miranda Kerr Part of His Family
jHAKWl9dJKw JD Harmeyer Reads Ronnie Mund's “Winter” Poem
jI9L-lI_hh4 Scarlett Johansson on Playing Black Widow in Marvel Movies
jJHnezOy8yw 𠇊lex Jones” Has His Own 2020 Election Conspiracy Theories
jMIOjd5jg2I Will Murray Reveals His Family Had Coronavirus
jNSuZ3OI3lA Alec Baldwin Reveals He’s Talking to Howard From His Toilet
jPiijnoZHVk Dr. David Agus on the Drug That Will Change the Way We Fight Coronavirus
jPvpFoF5gJc Ice-T Avoids Using Real Names When Telling Stories From His Past
jQWh1D4ntsU Sal Governale Makes Howard Proud at the Roast of Ronnie Mund
jTy0Eygt6-w Kim and Khloe Kardashian Remember Life During the O.J. Simpson Trial (2009)
jV-9ew2eql4 Paul Rudd Sings Karaoke With Howard Stern
jVLNB3d-2cA The Highwomen Cover “The Chain” in Howard Stern’s Studio
jWnHHPdlX1s Ronnie Explains How Sh*t Box Richie Got His Nickname
jYIVcmrbTBk Richard Christy Tries “Wine B” During the Ass vs. Mouth Taste Test
jbhwRJGE2_A Amy Schumer and Howard Stern Sing Impromptu Fox News Musical
jcJHBUJ08Qo Courteney Cox Remembers Her Audition for Bruce Springsteen’s Music Video
jf6JSy-s_9g Metallica Remembers Writing Songs With Lou Reed
jfqpxlKirUc Brandi Carlile “The Joke” on the Howard Stern Show
jgEBk93Jzv8 Richard Christy Cries Over the Chiefs' Loss
jh0OhamEEjg Richard Christy Used to Put Fireworks in His Pants
jiSy7kwnlPM Mariann From Brooklyn Celebrates the Release of Howard's New Book
jigJV_eidsA Lance Armstrong on Making the Decision to Take Performance-Enhancing Drugs
jlnpwZp5Odw Anderson Cooper Talks His Viral Interview With Las Vegas Mayor Carolyn Goodman
jmrWJ5p523Y Elton John Remembers His Friendship With John Lennon
jq_D718J6EY Peter Frampton 𠇍o You Feel Like We Do” Live on the Stern Show (2016)
jqn3nIny51A Shuli Egar Proves to Be a Master of Wack Pack Impressions
jyp6dD91l40 Howard Celebrates the 10th Anniversary of Gary’s Book
jzR9kwtqEDQ Howard Talks Eric the Actor’s Best Moments on the Stern Show
k0Ol0tQImJs George Takei Summons His Husband With a Bell
k1LYUUHjrHE Francis Ford Coppola Didn't Originally Want to Direct “The Godfather”
k2uBPpx41_I Eddie Vedder Was Summoned to “The Late Show” by David Letterman
k4_ZuMxj4QQ Why Ben Stiller Turned Down Directing “Good Will Hunting”
k5P6aPlSw3w Why Seth Rogen and His Wife Don’t Want Kids
k5oikxuhbd0 David Crosby on Dating Joni Mitchell and the Night She Broke Up With Him
k6R8Dr0ytZ0 Adam Sandler Remembers Meeting Don Rickles
k7Vf05hqsUM Jon Bernthal Actually Hit Jonah Hill in “Wolf of Wall Street” (2017)
k7ZkAvwvPXc This Year On Howard: Staff Highlights 2019
k9ih3dJHi_U Does Gary Dellte’s Desert Island List Still Hold Up?
kBQmOrmN20k Emily Blunt Addresses ntastic Four” Casting Rumors
kDv5k2y7wc0 Dave Grohl 𠇊nother Round” Live on the Stern Show (2005)
kFb-rnintE0 Johnny Knoxville Is Proud of Steve-O’s Sobriety
kFsRD7wY3LQ Bobo Gets Aroused by the 𠇊viance” of Massage Parlors
kMun5FW2D5Y Howard Stern Teaches JD Manners
kN3jMOZSOKY The Birth of “Hit 𠆎m With the Hein” (2016)
kQtrhOd6Gng Ronnie the Limo Driver Is Becoming Too Famous
kT9WQ3T4fMA Seth Meyers Remembers Donald Trump Hosting “SNL” in 2004
kUMjoRFfAME How Steven Van Zandt Got His Role on “The Sopranos” (2007)
kW45Qwi9fjs Lindsay Lohan on the Good Advice Jamie Lee Curtis Gave Her
kZYcWTpH8aQ Amy Schumer on Her \
kZj-IFWUlts Chelsea Handler Tells Howard Stern About Using the Dating App Raya
kc6mkIYp-sA Howard Stern Remembers James Brown on the Stern Show
kcSfnwamsfg Alec Baldwin on Anger Management and His Parking Dispute
kcWr2rmm9Sk Machine Gun Kelly Admits He’s a Bad Neighbor
ke1ivYVVqfA Emily Blunt Explains Why There Hasn’t Been a Sequel to ge of Tomorrow”
kevDxjqnK1I Best \
kev_j5KykoQ Michael Che Turned Down Working With Tommy Hilfiger and Spike Lee
kfAMbY6yf54 Pete Davidson on Making “The King of Staten Island” With Judd Apatow
kgQpZboLNtM Fred Norris Makes a \
ki8dDQlrxUg Sarah Jessica Parker Got Fired From the Animated Film \
kjhU23uCW9M Smokey Robinson Doesn’t Regret Giving “My Girl” to the Temptations (2014)
kkyuZtIICu8 Adam Sandler Remembers Getting Fired From “Saturday Night Live”
klBmGE5jWzc Paul McCartney Plays the Song He Recorded on His iPhone About John Lennon
kpR9VmYyd_w Foo Fighters “Learn to Fly” Live on the Stern Show (2000)
krI7W-qHIrw Chris Stapleton \
ksSQ_JYK0Qk Memet and Benjy Criticize the Food at Howard's Holiday Party
ksZnY5K5VWg How Carol Burnett Got “The Carol Burnett Show” Started (2015)
ku34let9i5A Mark Farner “I’m Your Captain (Closer to Home)” on the Howard Stern Show (2006)
kyJLu3Mv8Hk What Snoop Dogg Learned From Joining a Gang at 12 Years Old (2018)
l28GN3dUheQ Where Mick Jagger Got the Inspiration for His Famous Dance Moves
l3aeq2yY9yA Burton Cummings “These Teeth” Parody on the Stern Show (1994)
l9zuoRdFj4w Peter Frampton y, I Love Your Way” on the Howard Stern Show
lBZsCOpynRY Adam Levine on ‘The Voice’s’ Ratings Without Him on the Show
lGa73_L4EX0 Bob Odenkirk Saw 𠇋reaking Bad” for the First Time on His Flight to Film Season 2
lGbcJOGNvR4 Whitney Cummings Reveals Why She Quit “Roseanne”
lGt4iOQU-oI Tracy Morgan's Unique Hospital Pastime
lHJQs4kfxqw Nick Cannon Announces He’s Getting His Own Daytime TV Talk Show
lJ6SEl7jIfo Would Seth Rogen Share a Joint During COVID-19?
lMWwjSreVg8 How Kevin Nealon Landed His Spot on “Saturday Night Live” (2009)
lPGZJsJG7QE Why Hulk Hogan Returned to Wrestling After 8 Back Surgeries (2011)
lQgkYIbbPGI Foo Fighters 𠇊ll My Life” on the Howard Stern Show
lT2DYPmv4ew Chris “Mad Dog” Russo on Tiger Woods, Aaron Rodgers, “The Sopranos,” and More
lVb4f2Veru4 Sacha Baron Cohen's Soccer Hooligan Research for \
lWagyOLljQs Who Is the “Most Damaged” Stern Show Staffer?
lWsdW61VBnM Lady Gaga “Hair” Live on the Stern Show (2011)
l_VzabGyKXA Neil Patrick Harris Used to Hide Parts of His Script on the Set of 𠇍oogie Howser, M.D.”
laFK_IvGObg Brent Hatley Confronted About His Fainting Spells
lcJ1XaH7Aeg Ice-T Landed a Role in \
lco8fhsIens Gary Had a Kilt-Wearing “Scotch Master” Come to His House
lf0u-lQWrvg Jim Breuer on Traveling With His 85-Year-Old Father (2009)
li2Dm5Mj2VY Jerry Seinfeld Calls Andy Kaufman the “Only Other Guy Who Could’ve Pulled Off Kramer”
liU-LjQxLEU Harry Styles on the Night He Hung Out With Stevie Nicks Until 6 A.M.
ljniZLz-0QM How Michael Che and Colin Jost’s “Joke Swap” Started on “Weekend Update”
ll6Ob4369vI Sarah Silverman Wonders Why Jewish Actresses Don’t Play Jewish Roles
llCLlNPUom0 Will Al Michaels Invite JD Into the Booth at the Super Bowl?
lmV4vGeoIXQ Jason Bonham Remembers His Late Father, John Bonham of Led Zeppelin
lnXhYtGAX94 Stump the Booey Preview: Can Jon Hein Beat Gary Dellte?
lvM40zXLlqA Jeff the Drunk's \
lvNo1dXJpas Ron Howard Once Considered Directing Porn (1999)
lxPJ6rJTvUc Richard Christy’s Super Bowl LIV Plans
lxTytvUrQ4c Jennifer Aniston Gives JD Advice Before He Smokes Weed for the First Time
ly1SBho91yA Conan O𠆛rien Interviews Howard Stern About the Art of Conversation
lzHzV4sHtRs Gary Dell'Abate Reacts to His Infamous 2009 First Pitch at a Mets Game
m0SMWZt9kAE Howard Stern Talks to Multiple Callers Named 𠇋ill From Arizona”
m1YMoE2sOhI Kevin Hart Takes Howard Through His Jam-Packed Work Schedule
m28BgapAicw Scarlett Johansson Talks Making \
m368TBhQXps Howard Remembers Taylor Hawkins and His Many Stern Show Visits
m3EBb9N3tLE This Week On Howard: Sarah Silverman, Jonah Hill, and Ronnie’s Photoshop
m6I-Q1QoCvU Jon Hein Lost Money on His Super Bowl National Anthem Bet
m6QzRIl78cI Kate Hudson Pranked by Her Brother Oliver Live on the Stern Show (2016)
m7_oWf02eRw JD Harmeyer Wonders If His Life Is Just an Alien Simulation
m8N5F1iUNSM What’s the Greatest Song Joe Walsh Ever Wrote?
m8uW0U4rRC4 Ben Affleck on Being Snubbed for the Best Director Oscar for 𠇊rgo”
mABRULNFUgc Stephen Colbert Discusses Working With Jon Stewart
mGXUTHBRAug Memet Reveals His “Gangster of Love” Tattoo (2015)
mJKhms8ZSY0 Rob Zombie Rehearses “The Great American Nightmare” With Howard Stern
mJe56dGyVbI Brent Hatley Rates His Appearance a 7
mK6e3FYplJM Ronnie the Limo Driver’s 2019 Christmas Card
mPNEtgmpTNI Howard Stern Presents: A Celebration of the Beatles with the Flaming Lips
mQ5Gv-X6Ih0 Kurt Angle Reads His Love Poem to Robin Quivers
mQLrlwTp7UI The Gary Puppet Makes Its Debut (1994)
mQeHPc1xRak The Great JD-ini Shares His Predictions for 2020 and Beyond
mRqGLIsHMXk Howard Gets a Dr. Now Cameo Message From Chris Wilding
mRvzXlfDy8A Jim Carrey’s Butt Sings “God Bless America” on the Stern Show
mV8qksSoDRo Howard Celebrates High Pitch Erik’s Best Moments
mVFJyVQqGsg Miley Cyrus Covers 𠇍oll Parts” on the Howard Stern Show
mXSq3lIgKYc Stone Temple Pilots “Lady Picture Show” on the Howard Stern Show (1996)
mXzRIWImiUU Memet’s Surprise Wedding Video Causes a Controversy on the Staff
mYLipl6ZGSg Neil Young First Listened to “Harvest” With Graham Nash in a Rowboat
m_hYIo52atw This Week On Howard: Nikki Glaser, Nick Cannon, & High Pitch Crashes
mafMSIoH1kg Inside Lenny Dykstra’s Training Sessions for His Fight vs. gel Boss Guy”
mdl18XrSjW0 Billy Corgan 𠇋irch Grove” Live on the Stern Show
mfv0wR2WY8E Madonna Didn’t Mean to Flash the Audience at the 1984 VMAs
mhmH-T4irk0 Ben Stiller Offers an Update on His Band Capital Punishment
mjLaeZ1lv68 Eric Andre on the Prank That Almost Got Him and Lil Rel Howery Killed
mjYA4QGhhUI David Spade Missed Johnny Carson’s Cue on “The Tonight Show”
mmIAh689Gp4 How Jeffrey Dean Morgan Joined \
mmtM_ptnnPE Bobo’s Vacuum Confession Leaves Howard and His Listeners Stunned
mpiN_bRsVWE Medicated Pete Has a New Song With Adam Barta Called “In My Opinion”
mu3_aZLY8Qc This Week On Howard: Whitney Cummings, gel Boss Guy,’ and Robin's Birthday Dinner
muLAYEoGQZY John Stamos Surprises Howard With Don Rickles in 2007
mwKUAzB_TjM Chelsea Handler Explains How Therapy Helped Shape Her New Book
mwhOazaiR8c Embedded: Sour Shoes' Bedroom Confession
mwke7-e4gmo Billy Joel Paid His Band During the Pandemic
myofpg8xOFQ Tracy Morgan Tells Howard About Quarantining in His 30,000-Square-Foot House
n0AlyFVnde4 Royal Blood 𠇏igure It Out” Live on the Stern Show (2015)
n3PGctGxfK8 Richard Messes Up the Name He Picked Out for His Next Kid
n4kVSYsU4YM Adam Levine Covers Bill Withers’ 𠇊in’t No Sunshine” on the Stern Show
n6WYinQk_Yw Bob Odenkirk Regrets Being a 𠇍ick” to Lorne Michaels While at “SNL”
nAU-tTKTLFY This Week On Howard: David Spade, Bella Thorne, and Chad & JT
nEH-XnPpqxw Could JD Harmeyer Be the Best Talk Show Guest?
nF4AoSj2Iss Chris Wilding Picks the Best-Looking Stern Show Staffer
nFUkh7W8s6k Carly Simon Sings a Medley of Her Hit Songs Live on the Stern Show (2002)
nGCugkmi7Vc Harry Styles ore You” Live on the Howard Stern Show
nIis3LP8D8M Hillary Clinton Details How the Osama Bin Laden Raid Got the Go-Ahead
nJFb9YYj9eE JD Points Out “Verbal Crutches” of Stern Show Staff
nJZTuJbi1QI Burton Cummings Sings His Hit Songs on the Howard Stern Show (1994)
nNk9NiARQ2Y Benjy Bronk Gets Called Out for His Bad Behavior in Peloton Classes
nZTi-K0tySg JD-ini Ruins Howard’s Birthday
nZgVchXskTY Ed Sheeran on Growing Up and the Meaning Behind “=“
nbQE7UDGRQ0 Richard Christy Used to Clean His Teeth With a Towel (2015)
nbwMV7o7Was How JB Smoove Landed a Role on 𠇌urb Your Enthusiasm”
ncnXXRx0DqE Will Peeing on His Feet Fix Gary’s Toe Fungus?
niGkk7w386g Sal Wants to Be a Dog
nsE_YHlBEyw Perry Farrell n Caught Stealing” on the Howard Stern Show (2007)
nt98yUTcQG0 JD Harmeyer Announces His Engagement on Twitter
nuCw8eMYKeE Leslie Jones on Her Stolen Nudes and the F.B.I. Sting That Went Wrong
nvzBSVZvM8c Lukas Nelson & Promise of the Real Cover CSN’s rry On” Live in Howard’s Studio
nwp7JxP1ICA Hugh Jackman on Portraying Gary Hart in “The Front Runner”
nxmgNsjmVrY How Benicio Del Toro Got His 1st Movie Role in 𠇋ig Top Pee-Wee” (2010)
o0Le6A6ooh8 Jimmy Kimmel and Howard Called Ronnie After His Move to Las Vegas
o2YTUd62odo Will Murray Literally Sh-t the Bed
o4BWXeOjehY Elvis Costello Remembers Writing Music With Paul McCartney (2015)
o5SZF69F2W4 JD Harmeyer Is Challenged to a Spelling Bee (2011)
o5dOJV-7IcU Sponge Covers Stone Temple Pilots' “Vasoline” in Howard Stern's Studio
o6HDPOzv6gM Alec Baldwin on Who Cut Deepest at His Comedy Central Roast
o9hCOzbcGJI Kate Beckinsale on Losing Her Father at a Young Age
o9kb5iXwuMI Tom Brady Joins the Stern Show From Derek Jeter’s House
oCd5TYDcwOo The Chainsmokers on Accepting a Grammy on Behalf of the Late David Bowie
oEM_BkqOZ9I Michael Rapaport Leaves Fantasy Football Voicemails for Gary and JD
oHRM7fE4sRc Sal Governale’s Dad Has Eccentric Lottery Ticket-Buying Habits
oIDvtkEiOJM Train Covers “Ramble On” Live on the Stern Show (2001)
oJBJ4lgOvSw Sammy Hagar Was Visited by Ghosts and Aliens (2019)
oKlk_Z_JYg8 Graham Nash on How Stephen Stills Transformed Joni Mitchell's “Woodstock” (2013)
oMeXtjyk488 Brandi Carlile Covers Elton John’s “Madman Across the Water” Live on the Stern Show
oQSaXWm0vSQ Maren Morris “GIRL” on the Howard Stern Show
oTgY0HxvjkU Paul Rudd on Bringing Ant-Man to Life and Marvel Movies as Cinema
oXOr69LqYjQ Adam Levine Talks What Goes on Behind the Scenes at \
oXzYdhZ29w8 Tiki Barber Clears Up the Comments He Made About Eli Manning (2012)
oZBI6Ry57qg Katey Sagal Was a Backup Singer for Bob Dylan (2012)
oZg_9dtfe4w Gwyneth Paltrow Reveals She’s Never Watched Her Emotional Oscars Speech
ogKND-9yCDw Howard Stern Announces His First Book in More Than 20 Years
ogKsE67VYgk Gary Dell'Abate Makes a Cameo in Adam Sandler's \
okQJqDYqiYg Tom Morello Practiced Guitar 4 Hours Every Day at Harvard
omdVVmPTN3Y This Week On Howard: Kristen Stewart, Trevor Noah, and Benjy in L.A.
ommxLieqzJM Benjy Wished Howard a “Happy New Years”
oqXXdG3rKMY Tan Mom Offers Homework Help to a Young Fan on Cameo
otcgNJ3lsPs Kristen Stewart Could Win an Oscar for “Spencer”
ouY3l7yQsWY George Takei Cracks Up Talking to a George Takei Impressionist
p-28iR1C7Rk Foo Fighters Cover “Mississippi Queen” Live on the Stern Show
p069pjKCuIw Dave Grohl’s Dad Thought His Music Career Wouldn’t Last More Than a Year
p2QE_u08S9c Arsenio Hall Looks Back at the Highs and Lows of His Late-Night Show
p3AEuGtjruE Chelsea Handler on Sean Penn's Interview With El Chapo
pCxcFZ0NvG4 Benjy Bronk’s Vortex Goes Virtual as He Struggles to Get on Zoom
pECx6SKxiFw How a Shoulder Injury Helped Rachel Maddow Pick Where to Attend College (2012)
pEX0ap8OIjk Chelsea Handler Sounds Off on Heather McDonald Controversy
pGjSmToOfks Ronnie the Limo Driver’s Metal Detector ‘Joke’
pJk0nHvAYAY Mott the Hoople’s Ian Hunter 𠇊ll the Young Dudes” Acoustic on the Stern Show (2001)
pKBmYcxA4NM Dave Chappelle Surprises Robin Quivers on Her Birthday (2002)
pLuyVOQ-rqE Richard Christy Craps His Pants Again
pMgwAo7_jvg The Donald Trump vs. Bernie Sanders Debate
pMq90m7Jo3s Emily Ratajkowski Can’t Listen to 𠇋lurred Lines” Anymore
pZivAVbEGX4 Roger Daltrey Reflects on Performing at Woodstock With The Who (2013)
p_HktQXwv0E Chris Rock and David Spade Talk Stand-Up (2010)
pc-BGfDQmyQ 𠇊lex Jones” Confronts Jimmy Kimmel Live in Howard's Studio
pd3OpBPYq8I Ronnie Kept His Vote a Secret From His Fiancພ
petB1DFa-tU Howard Pranks Sal With Retirement Announcement (2010)
phHkSdS4v_A Bobo Unveils His Bald Head Live in the Stern Show Studio
pi1p-B06RqI Gwen Stefani on Meeting Blake Shelton
pkYvrpgVhgk Gary Dellte Pops Up on Zoom by Mistake
pl0p1RtitFE Watch Dana Carvey Do 17 Spot-On Celebrity Impressions
plnbRGY88BA Is JD Harmeyer’s Mumble Getting Worse?
pmDKK8taUlo John Cena on His Gym Routine and Why He’s OK With Vince McMahon Owning His Name (2006)
ppzRA-CS2YI Memet Lobbies to Have a Beaver Named After Him at the Pittsburgh Zoo
pqiiNnt4rS4 Dave Grohl on Leaving Scream, Joining Nirvana, and What He Bought With His 1st Check
ps4Gas57IHI Jonah Hill on Making His Directorial Debut With “Mid90s”
pwWYqkW1vLk Michael Rapaport Leaves JD Harmeyer Angry Voicemails
pyiYu3NBlgA Gary Dellte Aims to Replace TV Time With Jigsaw Puzzles
pz0DNE92acQ Extra Scenes: MLB Network's The Worst Ceremonial First Pitches Of All Time
pzD_HUsEXPY How Courteney Cox Met Her Man With Ed Sheeran & Sacha Baron Cohen’s Help
q00GcTUxpBA Jimmy Kimmel Is Bringing Two Norman Lear Classics Back in Live TV Special
q09FmOte-6Q JD Harmeyer Writes Katy Perry a Poem
q4ykyu5yDOg Lance Armstrong to Angry Fans: \
q6lVewteREY Tan Mom Performs 𠇏ree 2 Be Me” Live ft. Adam Barta
q7Hq85CC4i8 George Clooney Used His Uncle’s Accent in “O Brother, Where Art Thou?”
q8KI34XOHeA George Takei on Colton Underwood and Coming Out Late in Life
qA-V9l7WP9o Tom Morello and Slash Almost Got Blown Up at an Ozzy Osbourne Show
qCesfWQRUqk JD Harmeyer Tries Speed Dating (2010)
qEpgiA233K8 When Slash Was a Kid His Mom Was Dating David Bowie (2007)
qEyk4SlOks4 Dave Grohl 𠇎verlong” Acoustic at Howard’s Birthday Bash (2014)
qFz2x6n7iFE Howard Stern on Riley Martin’s Most Far-Out Moments
qHjm_6A6TJw Metallica on Recording the 𠇋lack Album” 30 Years Ago
qHnkxKsGVhM Usher's \
qIiNYxE1vsM Robin Quivers Plays F/Marry/Kill With Jake Gyllenhaal
qJ61JtyD8pQ Why Chelsea Handler Got Fired From Her Waitressing Jobs (2012)
qJe5xzv5HjA High Pitch Erik Tries to Seduce Chris Wilding in His New Truck
qLAPlRjZz6M When George Clooney Proposed It Took Amal 20 Minutes to Say Yes
qLOyFxv4lTo Billie Eilish and Finneas Learn About Their Golden Globe Nomination Live On-Air
qMZ-o2nTbX4 Dr. David Agus Debunks Coronavirus Rumors
qPUnONGWqzU Jon Stewart Was Summoned to the White House for Something He Said on \
qQke5vQ8j10 What John Goodman Learned From Acting in Commercials (2016)
qY9TrkouqYY Ice-T Got Paid $1 Million for Playing a Kangaroo in “Tank Girl” (2017)
qYp0zb-3nOg Maria Menounos Gets Engaged Live On The Howard Stern Show
qaQPPzHuGfE Chelsea Handler Has a Crush on Gov. Andrew Cuomo
qdW2wISnSRk Jon Bon Jovi & Bill Belichick Have Been Friends for Over 30 Years
qeUBzRH8lhg David Letterman Recalls Going to Alcoholics Anonymous With His Dad
qhKj3SRHtVg Did Someone on the Stern Show Touch Ronnie the Limo Driver’s Bagel?
qk3ksm8h_4I Chris “Mad Dog” Russo on Kevin Durant’s DMs and the Brooklyn Nets Lineup
qoD0b8Aswig Seth Rogen Was Worried About Playing Two Roles in 𠇊n American Pickle”
qoEIWO_Winw Russell Crowe Was Shocked by His Own Stardom After “Gladiator”
qrixOjjhjAw Howard Stern's Birthday Bash 2014 - Jeffrey Ross and Joan Rivers
qsvsT7nOKvQ What Happened When Steve Martin Met Elvis Presley
qv-M8QrkRno Howard Stern Interviews “Saturday Night Live” Weekend Update Anchors
qwZUrVyTPJ8 Sammy Hagar & the Circle 𠇏inish What Ya Started” on the Howard Stern Show
qwbKGIAkYQ8 Tracy Morgan Answers: Who Is the All-Time Greatest Stand-Up Comedian?
qxT7_6dpigI Alanis Morissette 𠇎verything” on the Stern Show (2004)
qyG8yDAfRkU Al Roker’s 1st Job in TV Only Paid $10 a Show (2009)
r0SJb8x5L84 Chris Martin’s Bandmates Didn’t Love These 2 Coldplay Songs When He First Wrote Them
r0X7PodqDSE Lady Gaga “The Edge of Glory” on the Howard Stern Show
r2vR9rzM4oA Wilt Chamberlain Gets Honest About the NBA (1997)
r36xddDfVyc Type O Negative Cover 𠇌innamon Girl” on the Stern Show
r7dv9V6Sx9w Metallica 𠇊ll Within My Hands” Live on the Stern Show
r86p-T9_Xbs Jason Kaplan Has Lost Over 50 Pounds on His Diet
r9n6NcX_d88 How Trevor Noah Got His Start in Stand-Up Comedy (2019)
rAfnOBqv-TE Why Didn’t Robin Quivers Get Howard’s Text?
rH4c-J3kU88 Alex Trebek Talks Shaving His Mustache and “Jeopardy” Strategy (2015)
rHyTn6ZbZm8 Memet Walker’s Times Square Billboard Pitch
rJ5ghZgfYB8 Fred and Ronnie Fight Over the Presidential Election
rKBTaC28mVc Mariann From Brooklyn Bought Howard a Dr. Now Cameo
rLRBxeaXlLc Michael Che on His “SNL” Sketches That Never Made It on the Air
rLsNlsWG88Y Jeff the Drunk Wants More Airtime
rMlm-jyBQwU Adam Levine on the Reason He Left “The Voice”
rNyZrei5iPQ George Clooney Shares the Pranks He’s Pulled on Matt Damon, Brad Pitt, and Meryl Streep
rOIXFzaPD6k Tom Brady on Rumors Bill Belichick Tried to Replace Him as Patriots Q.B.
rSK7sL54Z9o George Takei Would Appear in Quentin Tarantino’s “Star Trek” Remake
rTd294Y59BQ Usher on How He Trained to Play Sugar Ray Leonard in \
rWZSYb566Mg Gary Books a Guest With Whooping Cough on the Stern Show (2012)
rWfB4-Wr4Oo Billie Joe Armstrong “Good Riddance (Time Of Your Life)” Acoustic (1998)
rXYhTblAUJI Dana Carvey Remembers Robin Williams: \
rbl-rFjp_3M Howard Stern and Robin Quivers Sing a “Shallow” Duet
rcPRP-8mHi0 Adam Sandler and Howard Stern Sing a Torah Blessing Together
rf9s1cWE8OU Miley Cyrus Covers Tom Petty’s “Wildflowers” on the Stern Show (2017)
rgB4apjy__c Adam Levine Remembers How Nervous He Was Performing for Stevie Wonder
rgs6jMc3PQQ Hillary Clinton Felt She Needed to Show Restraint in Debating Donald Trump
rhbypEQj-hM Benjy Bronk Acts Like a Horse on the Streets of New York
ri6-Bg65fVI Brent Hatley & His Wife Have Picked the People They’ll Hook Up With Solo
rlCuaCeSpmo JD Harmeyer Reads Howard Stern the First Draft of His Wedding Vows
ruXAB0ktS3Y Paul McCartney Calls Playing on Stage With Ringo Starr “Magical”
rvq6ULRKGCQ Snoop Dogg on Tupac Dating Madonna
rzpRXCgFEV4 Bobo Loses Twitter Followers After Asking Why the Stern Show Doesn't Follow Him
s2oxelY7Gqc Tina Fey on How Robert De Niro Suggested She Play Sarah Palin on “SNL” (2015)
s7nxU3QadIA How Joe Namath Reversed His Own Brain Damage Caused by Football
sA0cJ90T9Po How Gwen Stefani Broke Out of Her Shell (2016)
sC1J9ZWBWDM Bobo Reads His Full Acceptance Speech After Completing the Walk of Shame
sCiBMkepeko Robin Quivers Had an Accident While Jogging in California (2003)
sCmQ_9EHcDw Hank Azaria on Working With Film Legend Al Pacino
sEb2Gb8NIfU Matthew McConaughey Got His Role in zed and Confused” After a Night Out in a Texas Bar (2017)
sFL0fMSoVwU Graham Nash Performing \
sLJ_85ky4e0 Trevor Noah's Parents Conceived Him Illegally in Apartheid South Africa
sLdMp96YTKo Is Gary Dellte to Blame for Bad Company Not Being in the Rock & Roll Hall of Fame?
sM0T7AvnBTo Nick Cannon Knows What He's Doing in the Bedroom
sM3bJqSoGWQ David Spade Recalls the Rough Rub Down He Got From a Russian Male Masseur
sM864FvY3GY Craig Ferguson and Sharon Stone Once Went on a Date
sMp3FQ0kL1I Gary Dellte Wrestles Benjy Bronk Live on the Stern Show (1999)
sOUy5TBWcYI Dave Matthews Forgot the Lyrics on Stage With the Rolling Stones
sR31i6wjBRk Ed Sheeran Wrote “Visiting Hours” After the Death of His Friend
sSr6hQ4fxOw Ozzy Osbourne & Geezer Butler on How Black Sabbath Got Ripped Off (2013)
sUTOT1HTlNw Ozzy Osbourne Tried 19 Times to Get a Driver’s License (2010)
sVZivTZ6bn4 JD Got the Star Treatment After Being Recognized at a Restaurant
sY0mIVfF_K8 This Week On Howard: Bill Maher, Sal's ,” and Benjy's Wild Stunt
sYLyD955DGA Benjy Bronk Makes a Cameo on “The Bold and the Beautiful”
sZ6sD2PjQIs What’s Robert Smigel’s Favorite “SNL” Sketch That He Wrote?
s_rLdABEgRw Robin Quivers Forgets Both of Her Cell Phones in the Studio
sag8EIgWh-w James Corden on His Weight Loss and Why He Doesn't Trust Personal Trainers
sdHoK4dw3j0 James Corden on How He Knows He’s Done a Good Show or a Bad Show
seIc5p38Gxo Elton John Still Uses This Tip Leon Russell Gave Him in 1970
seoEco4JuIA JD Harmeyer Cancels Ronnie the Limo Driver's Car Show
sfjp7DeDdkE Neil Young Was Annoyed by the Cameramen at Woodstock (2014)
si8mddc8VVs Whoopi Goldberg on Moms Mabley Being the Very First Stand-Up Comedian (2013)
skAgmKRYlRA Is Sean Penn Difficult to Work With?
sl8IzIdvoDU What Brought John Frusciante Back to the Red Hot Chili Peppers
snTHwt761KM Red Hot Chili Peppers Remember Touring With Nirvana
sopQZOJNn4c Stone Temple Pilots “Vasoline” on the Howard Stern Show in 2000
sqA6XdD0Qkc Jewel Performs “Tiny Actor” in Tribute to Late Wack Packer Eric the Actor (2015)
srA-2ooJy-0 JD Eats His Way Around L.A. Including Dinner at Natalie Maines’ House
srKfk1CQ460 Is JD Harmeyer Arrogant Toward His Stern Show Co-Workers?
ssSvnoUQPQU JD Harmeyer Gets a Theme Song (2006)
stmxlOTiQu8 Seth MacFarlane Was 9 When He Got Hired as a Newspaper Cartoonist (2015)
suPEni1CCYs Anne Preven “Torn” on the Howard Stern Show in 2000
suSorCKw3og Howard Describes Outrageous helor” Season Finale to Robin
suZnqz8F6k4 Sarah Silverman Got a Shout-Out in a Porn
syVv7jhmmg8 Liam Gallagher Performs \
sz6K5n9wMAo Chris Wilding Predicts Which Staffers are “Tops” or 𠇋ottoms”
t0FhBzUg0GI Don Henley “Please Come Home for Christmas” Live on the Stern Show (2015)
t0KP8rio1Lc Peter Frampton Remembers Hanging With David Bowie in School
t31zdV-0q7U Why Won’t Celebs Date Stern Staff?
t4kU5BwA_Mw Ronnie the Limo Driver Buys a Boat Radio for Howard’s Car
t5-Oyeu09vU Robin Quivers’ Blindfolded Foot Rub Challenge (1997)
t8Jluny2f2k Arnold Schwarzenegger Can Be Both a Republican and an Environmentalist
t8ObP1vMZek Mia Farrow Describes Her First Time With Frank Sinatra (1997)
tARuO0ilbzw Whitney Cummings on Eddie Murphy Returning to Stand-Up
tA_hiELsQTo Brandi Carlile on Coming Out at 15 (2018)
tAkC1I7Kkhw James Taylor “Sweet Baby James” on the Stern Show (1997)
tCHRZMEChmg Ronnie Mund's Face Was Photoshopped Onto Dean Cain's Body
tEm_ZridttY Peter Frampton “Show Me the Way” Acoustic on the Stern Show (2016)
tJlMDTKLqPg No One Believed Eric Andre Was Actually Dating Rosario Dawson
tKBrEGKarzI How Much Does JD Weigh?
tMR52UdtFMg Dave Grohl Still Plays and Records Music With His Nirvana Bandmates
tPOJjnOPDgU Peter Frampton Opens Up About His I.B.M. Symptoms and Farewell Tour
tSnK_Jxy7f0 JD Is Scared to Cut His Nails Because He Can’t Work the Clippers
tUYKPgZU1M4 Chris Rock Hints at Eddie Murphy’s Return to Stand-Up Comedy
tVxixbOXRxE Howard Kicks Off Hollyweird Squares ft. Special Guests
tW4frZE4pfI Metallica on the Howard Stern Show (FULL 2013 INTERVIEW)
tWXjY959BF0 Ellen DeGeneres on Portia de Rossi Tabloid Rumors
tWxB-T-KgFk Jamie Foxx Reveals How He Flubbed His “Jerry Maguire” Audition (2007)
taRnZOTaMLA Amy Schumer Introduces Howard Stern to Her Baby
tcSGy2BPTsA How Oprah Winfrey Helped Jamie Foxx Win His Academy Award
tchUtv5pgBM Brent Hatley Says “No” to \
teByg0iMs6w Who’s the Better Stockbroker: Sal or Wendy?
teq1P0JJa3E Jewel Covers “The Needle and the Damage Done“ on the Howard Stern Show (2010)
tfI6I0ekTI4 Why the Black Crowes Are Glad They Lost the Best New Artist Grammy to Mariah Carey
tj6qLHWP8e0 Michael Rapaport Is Screaming Mad After Losing in Fantasy Football Championship
tlhtEq0OYfQ John Mellencamp Makes a Mystery Guest Appearance on the Stern Show (1996)
tpMLY4yORWs Roddy Piper on How Theatrics Ruined Wrestling (2002)
trhfhLWlSCY Kristen Wiig Worked at a Gourmet Hot Dog Restaurant
tuT1K0jISmI David Crosby Took In 14-Year-Old Drew Barrymore After Her Time in Rehab
tyYbiuFI2KM Dixie Chicks Cover “Landslide” on the Howard Stern Show (2006)
tzxvWbX-1S0 James Corden Didn't Have to Be Drunk to Enjoy the Met Gala
u1cqddPsI9U Lindsay Lohan on “Mean Girls” and the Possibility of a Sequel
u6w1_UfqqXk Kid Rock witdaba” Live at Howard Stern’s Birthday Show (2000)
u8XgP_NN63E How Vince McMahon Became a Billionaire From Pro Wrestling (2001)
u8l2UpTvDz0 Robin Quivers Announces a Change to Her Name (1995)
u8th0U6QkYE Paul McCartney on the Beatles’ First U.S. Visit
u9B3E0ptsi4 Ronnie the Robot Can’t Read His Lines
uD-SQ8tVpc4 Will JD Harmeyer Watch Tan Mom’s New Special?
uDesPx7GSbM Paul McCartney Reveals What the Beatles Almost Named Their y Road” Album (2009)
uEhR_yPDJls 𠇊lex Jones” Hosts the InfoWars Secret Santa Gift Exchange
uJ7YqUZ1Fsc Gary Gets Roasted by Sal on His Birthday (2016)
uMHRPLAYqYY Billy Corgan on Interviewing Eddie Van Halen
uNDZl25LCuI Adam Levine Covers Peter Gabriel’s “In Your Eyes” Live on the Howard Stern Show
uNIO1njd25w Jeremy Renner Explains Why He Does His Own Stunts
uO2PMVc_wwU Dave Matthews “Samurai Cop (Oh Joy Begin)” Live on the Stern Show
uREGtIG_qJs Are Amy Schumer and Ben Hanisch Heading Towards Marriage?
uWtoR5_-EbU Gwyneth Paltrow on How Brad Pitt Stood Up to Harvey Weinstein
ub8TnAQXGqQ Why Emily Blunt Cried the First Time She Read 𠇊 Quiet Place” Script
ubnmGwLrohA Eddie Vedder Remembers Chris Cornell
ud50s61mU6E Demi Moore on Posing Nude and Pregnant for Vanity Fair Cover
udHht_wwG9Y Why Did Ralph Get Kicked Off of Twitter?
uf2muETDKo0 Come on Down! Alec Baldwin wants to host TV show - Howard Stern 7/28/15
uhCH3CAryN8 Seth Meyers on Saving “SNL” Sketches
uj5pnSAt1uw Robin Quivers Gets Birthday Messages From Lenny Dykstra & Penn Jillette
uk-FB1Zrbio High Pitch Erik Gives Howard a Tour of His Home
umHdFbEgqME Benjy Bronk Accused of Being Difficult in L.A.
uoWggnwPc74 John Goodman Is a Big Fan of Bill Murray On and Off the Set (2016)
ur5IL6L_6ps Why Billie Eilish Is Grateful She Got Famous So Young
urtYixhSr_8 How Ice Cube Got His Stage Name (2016)
usnpwA3JHQQ Kristen Wiig Relives Her Two “SNL” Auditions
ux7nmx37BBI Chad & JT Advocate for an Additional Fourth of July Holiday
uxsWkIP_qig Stone Temple Pilots ys of the Week” Live on the Stern Show (2001)
v2Sb2mft66E Stern Show Staff Predicts Who Will Win Super Bowl LVI
v2j951w3FZU Neil Young Is Not Going to Tour Until the Pandemic Is Over
v4in7s2RWUg Memet Walker’s Hollywood Commercial Pitch
v4kPB3V2qqM Mick Jagger Remembers Rolling Stones Drummer Charlie Watts
v6dSXQr3q4I Jason Kaplan Celebrates His Birthday With Broccoli
v7uBWVaQR68 Should You Circumcise Your Son? Stern Show Staffers Debate
v9Wv8Dk7y54 Richard Christy’s Wife Kristin and His Son 𠇋ubby” on the Stern Show
v9fZjRmljdw Remembering the Artistry of Scott Weiland
vAi47KcI7r8 Wack Packers Weigh In on Jeff the Drunk Feeling Ignored
vBKWKuzhXjg Alec Baldwin Was Almost Henry Hill in 'Goodfellas'
vC3GnAINztU Benjy Bronk’s “Sharknado” Cameos
vCt5XGsfR34 David Spade Was “Miserable” During This “Saturday Night Live” Sketch
vEJPzZ706XI Jewel “Who Will Save Your Soul” on the Stern Show (2013)
vGh-XfDvpFg “Ronnie’s Mom” Tries to Cheer Up Ronnie the Limo Driver
vHC-9TjoT64 Metallica “The Unforgiven” Live on the Stern Show
vHpDNSNFS6Q JD Harmeyer Has an Awkward Talk With Samantha Bee
vI1RQ-aoSAM Sal Governale’s First Stern Show Studio Appearance in 1996
vJYDOxO7HVU Scarlett Johansson on the Movie Roles She Didn't Get
vJgnxSikhNk Brent Hatley and His Wife Attend a Disappointing Mermaid-Themed Non-Orgy
vKmWYxqjHak Bree Olson on How Charlie Sheen Betrayed Her Trust
vSEkoYhcKKQ Kevin Hart Discusses His Early Stand-Up Comedy Career
vTDwtHhR5qA Sylvester Stallone Takes Howard Behind the Scenes of “Rocky” and “Rambo” (2005)
vUnWFsc5WBU Chris Martin “Viva la Vida” (Acoustic) on the Howard Stern Show (2016)
vWigVedkfUo Jimmy Kimmel's Comedy Club Looks Exactly Like His Home
vbe6s5bvfzg Jane Fonda Almost Spent a Year Living in a Tent Outside the White House
vebdvAx214E David Bowie me” at Howard Stern’s 1998 Birthday Show
verleko_sBg Bon Jovi Live on the Stern Show Taking Howard & Robin’s Requests
vgvcY_dgnaQ Shuli Egar Vows to Get Tape of Ronnie Mund Officiating a Wedding
vhaIjNb-1h8 Sean Penn’s Nonprofit Is Providing Free COVID-19 Testing for Thousands
vhyGFah7BjM Sheryl Crow \
vi3KgNGdMXg Wayne Gretzky Peed His Pants During the Canada Cup Finals (1996)
vjCR8a6Wq8w Charlize Theron’s Kids are Learning Chores During Quarantine
vjTazL0tBts Def Leppard on Their Rock & Roll Hall of Fame Induction
vkvnNCxT9BM Gary and Jon Hein Confess to Sh*tting Their Pants in the Past
vlS5jamJrd8 Brian Johnson’s Audition for AC/DC (2011)
vlqcxhHwYXA Ed Sheeran “Shivers” Live on the Stern Show
vmujZj7K9x8 Megadeth ”Trust” at Howard Stern’s 1998 Birthday Show
vn3IRnBmpzA Mike Judge Has No Ownership of vis and Butt-head” Even Though He Created the Cartoon (1996)
vrA9TQ9odaE Rod Stewart 𠇏orever Young” Live on the Howard Stern Show (2001)
vvSMAi6e0_s The Black Crowes “Jealous Again” on the Howard Stern Show
vwRXDU38j0A Adam Sandler Met Bruce Springsteen at a Gym
vyh3WLTO82E Paul McCartney on “Ob-La-Di, Ob-La-Da”
vzAOcb3uUtQ Sal Governale Can’t Pronounce “Ireland”
w0P74lpnCw4 Lenny Dykstra: Companion For Hire?
w3hoEfGZngQ Charlize Theron Has the Same Stunt Trainers as Keanu Reeves
w4gFbXFEU5s Lenny Kravitz 𠇊gain” Live on the Stern Show (2001)
w7p1su328u0 Ronnie Mund Defends Being Turned On as a Kid by His Parents’ Threesome
w8DZGIM41wE Bobo Visits the Stern Show Studio for the First Time in 2000
wABBSh2a3u8 Alec Baldwin on TMZ and Other Gossip Sites
wALDhbQJoLY 𠇊lex Jones” Talks Bohemian Grove and Plays “This or That” Game With 𠇋ill Gates”
wD4VA8PgRPw Gwen Stefani on Working With Prince
wD4to-ojj-o Gary Dellte Is Still Mad at Jason Kaplan Over Plantaingate
wF3nnzfiML8 Can Ronnie the Limo Driver Beat a Sixth Grader in a Spelling Bee?
wFKgmeR1oLQ Katy Perry on Her Songwriting Process and the Lyric She Cut From \
wHBUIh6pYa4 Carol Burnett Still Doesn’t Know Who Mailed Her the Money to Pay for College (2015)
wHz05SLVQWE Should Gary Dellte Throw Another First Pitch?
wIxcbf-OTnM Howard Remembers Stern Show Regular Norm Macdonald
wLghJbeboFs Cheap Trick Plays an Acoustic Medley on the Stern Show (1996)
wM3IDqlyclk Robert Smigel Wants to End the Stigma of Autism
wSGah6w0AR0 Kate Hudson on Her Relationships With Bill Hudson and Kurt Russell
wZ-6HU-cxA8 Kim Goldman Remembers the Day O.J. Simpson Was Found Not Guilty
wZ9jMsTJQwc Sarah Jessica Parker Discusses Falling in Love on Movie Sets
waULrsMWGRs Jason Kaplan’s Virtual Reality Porn Experience
wbKowIZvPdc Is Ronnie the Limo Driver Checked Out at Work?
wc2io88Sznw Orlando Bloom on Why He Has His Dog’s Skeleton Displayed in His Home
wcWP91VUbWo Brandi Carlile “Right on Time” Live on the Stern Show
wcYfjCpaydE Metallica “Sad But True” Live on the Stern Show
we3UBXHfGRY Jake Gyllenhaal Used to Run Lines With Tony Winner Andrew Burnap
wj4bNkavZug Peter Frampton Covers the Beatles’ “Norwegian Wood” on the Stern Show (2016)
wnd4RmpvBpE Ike Barinholtz on His Movie “The Oath”
wofWGD5TUxo Elton John Calls This Metallica Track “One of the Best Songs Ever Written”
wpV4NnAmV6Y Roger Daltrey Shares Stories of The Who’s Keith Moon (2013)
wsL010BViWQ Jon Hein Defends the “Game of Thrones” Battle of Winterfell
wtOlMjoVTUI Is This the Hardest Robin Quivers Has Ever Laughed on the Stern Show? (2007)
wu4U2WPA4tk Alec Baldwin Says Melania Is a Fan of His Trump Impression on \
wwiacjp-hvY Joan Rivers Was on a Plane With Al Pacino ... and Live Tweeted the Whole Flight (2011)
wzZo6-gHq8M Jennifer Aniston Recalls Coming on the Stern Show in 1989
wz_SnKl-2mg Bernie Mac Used to Perform Stand-Up Comedy at Funerals and on the Subway (2001)
x-6XzQAdRjE Drew Barrymore Talks Being Sent to a Psychiatric Hospital at 13
x0f4r3GaGVY Red Hot Chili Peppers “These Are the Ways” Live on the Stern Show
x7Z4g7GPo94 Benjy Bronk Grabs Hold of Richard Christy & Sal Governale (Preview)
xA3wZO7jOkk Paul Rudd Talks Growing Up Jewish in Kansas (2019)
xCIpoz0yThw Tom Morello Surprised Bruce Springsteen During “The Ghost of Tom Joad” Performance
xF_GPly0NYk Stern Show Staffer Mike Shares His Harrowing Story of Being Shot
xNNADvsy75A Ben Stiller on Sex Life After Prostate Cancer Surgery
xPNSVAxvrd8 Jon Bernthal Turned Down a Role on “NCIS” for “The Walking Dead” (2017)
xRaCULQzqIM Steve Nowicki Says He’s in Love
xSs7KpaOgSs 𠇊lex Jones” Exposes the Fake Snow in Texas Was Actually Real
xU0rnoTFLWI Andy Samberg Remembers Pitching Justin Timberlake the 𠇍ick in a Box” Sketch (2016)
xXwFCKPVaeU George Clooney Tells How He Met Amal and Fell in Love
xYA4OX4oj94 Ronnie “the Limo Driver” Mund Dyes His Goatee
xZSUS8yyvtw Sting \
xg-oP8aKBd4 Whitney Cummings Once Spit Up Octopus at Dinner With Quentin Tarantino
xh4zOFGcO1o Bobo Wants to Leave the Wack Pack
xi0mPf5bmBU Gary Dell'Abate Clashes With Sal Governale on the Staff Panel
xiXu5wRCXjc Alec Baldwin on Being Directed by Robert De Niro
xkGKxsGCTUU Ronnie Nearly Passed Out During Sex With Stephanie
xlaLjlQd0rA Tracy Morgan on Overcoming Depression and Returning to Comedy
xo3fBSZ7Gng The Wallflowers “One Headlight” on the Stern Show (1997)
xoknI8d3gJU George Clooney Used to Sell Women’s Shoes
xp8rXU8Pmgc Ronnie Mund Covered His Truck in NASCAR Stickers (2006)
xpFWwn-fJZc Steve Martin on How Magic Helped Him Become a Stand-Up Comic (2016)
xq-M4JA3fIU Sacha Baron Cohen on What Happened With the Freddie Mercury Biopic
xstzg3U4Vqo Does Jimmy Kimmel Want to Continue His Late-Night TV Show?
xuBviLFZ7pw The R. Kelly Interview Remix
xvHwkmQSth8 Richard Christy Reveals His Gross Bathroom
xvLf-Lk5V9A Tiny Tim Talks His Favorite Beauty Products (1995)
xya2-y8-eM8 Jeff the Drunk Can’t Leave Shuli a Voicemail Message
y2b7Kg-hEFk Benjy’s Dating App Picture Covers Half of His Face
y5kR7gpXcZA Colin Jost on the Bad Reviews He Got When He First Started on “Weekend Update”
y6dGo6tSzB0 Craig Ferguson on His Relationship With David Letterman
y9xdPE_dXvI James Corden Knows How He Would Want to Interview Howard
yAOp0erYb3c Leslie Jones Got Chills Seeing Eddie Murphy on the 𠇌oming 2 America” Set
yDE9B55n_ak Paul Rudd Was a Bar Mitzvah D.J. (2015)
yGpKAXNY12o Jason Kaplan Drops 10 Pounds in a Week on His New Diet
yOfH7clKzM8 Al Michaels Remembers John Madden
yPRNzPS9ht8 Howard & Robin Remember Alex Trebek and the Best Stories He Told on the Stern Show
yQqHh3BlWlQ Sex in a Pool? Gary and Ronnie Have Different Opinions on the Matter
yU3tv8Vgjik David Brenner Reveals His Real Age After Lying About It for Years (2009)
yWMnxyIhCDw ZZ Top “La Grange” on the Howard Stern Show
yX2-UxEfsKQ Gary (And the Gary Puppet) Tell Howard About the Dellte Family Tree
ycRBezbGz1c Maren Morris Deconstructs Her Song “GIRL”
yfSqE--MyRA Pat Monahan Covers “Superstition” Live on the Stern Show (2007)
yh4O05-uL94 Andy Cohen on His Friendship With Anderson Cooper
yjEWb-e6944 Mario Lopez Got Into a Bar Fight During Daytona Bike Week (2011)
yjnTEr13UZE Chris Rock Talks His Friendship With Dave Chappelle
ylfeoNvjboU Seth Rogen and Snoop Dogg Prep JD to Smoke Weed for First Time
yoUP29bIhV8 Howard Stern Reveals His SiriusXM Contract Decision
yqzmYV7KNd4 Drew Barrymore on Her Relationship With Her Ex-Husband and Using Dating Apps
yxCcblykFpY 𠇏lirty Gary” Is a Hit on Grindr
z0lbyYflza0 Metallica “Wherever I May Roam” Live on the Stern Show
z2LXH9Wi1QM Coldplay “Viva La Vida” Live on the Stern Show
z333v3w6R-Q Howard Gives Gary Dellte His “Tonight Show” Chocolate
z4X0O9ltaS4 Ringo Starr and Joe Walsh Are Writing a New Song Together
z4i8okpM_3M Watch Brent Hatley Get Waxed in Election Bet Payoff
z7OSbdLy4MA Howard Remembers His Friend Ivan Reitman
zA0oUfA8Zxk Howard Goofs on Gary With Clips From His Audiobook
zB0P_6eT298 Jane Fonda on Jon Voight’s Political Views
zBv1fpuQq9U Jonah Hill Got Directing Advice From Martin Scorsese
zDq49QzVvUM Why Eric Andre Stopped Showering for Nearly a Year
zR-HEypqUEs Mandy Moore on ndy” and Justin Timberlake
zYfphMSX-Lk David Letterman Shares Inspiring Words for Overcoming the Coronavirus
zZqriPM7Z7I Dana Carvey Once Observed Keith Richards Exchange Private Words With a Horse
zanN_ruFwSI Sal Governale Insists He Pronounces “Villa” Correctly (2009)
zaploUhEDFg Did Sal Get Caught Emailing the Show? (2006)
ze3xV93VhP4 Def Leppard “Pour Some Sugar on Me” (Acoustic) on the Howard Stern Show in 1999
zf2IX5aHHb4 Did Dr. Fauci Throw a Worse First Pitch Than Gary Dellte?
zfPAd_vbeNM Ice-T Gets Interviewed by Medicated Pete
zhiUYMQXQiM Arnold Schwarzenegger Isn’t Afraid of Death, He’s “Pissed Off” By It
zi7WqCf1DIM Meet the New Jeff the Drunk Puppet
ziIp_xvgAIY Tom Arnold Got Divorce Advice From Sharon Stone and James Cameron
zluuD218sFc Richard Christy Admits to Eating Out of the Trash
zn5m5KmhR88 Is Colin Jost Leaving “Saturday Night Live”?
zo1OAIc3MgU Chris Wilding Hooks Up on a Booze Cruise
zq57vd1w88M Jake Gyllenhaal Remembers How He Was Almost in \
zr3GpmWQtxM Bree Olson: Charlie Sheen Never Told Me About HIV
zru3I5FloPQ Donovan Performs a Live Medley on the Stern Show (1996)
ztjYEfGBIsw Maroon 5 Covers “Yesterday” on the Stern Show (2012)
zuggogqWUd8 How John Stamos Started Playing Drums for the Beach Boys
zv6bttDn684 Will Pete Davidson Be Machine Gun Kelly’s Best Man?
zy-i0aGlKKM Dave Grohl’s Mom Got a Ride With Warren Haynes on 9/11
zyXaoS1g6oI Nikki Glaser Is Looking for Love on Celebrity Dating App Raya
zzxmCsslPUI Alanis Morissette “Underneath” Live on the Stern Show
