-2MrRC-kaTg Reaction to Mark Cuban Canceling National Anthem at Mavs Games
-3YsnppAbFM Reaction to Mayor De Blasio Pushing for Legal Heroine Injection Sights
-71tg2qt5i4 Reaction To Congress Giving Themselves A 20% Raise
-A-K3BCvRlo Figure Out What Fits You
-BVBugpKMB4 Why Robert Greene Wrote \
-DJMRtawwhY Reaction To Drake Opening A Box Of Cards Worth More Than Most Houses...
-Ee8BY-VZTk 𠇋iden Loves Democrats More Than America”  Patrick Bet-David
-EnfnUo_kRo Relationship Expert Reveals The Secret For Committing To Married Life
-Kygz998prY How \
-LNJ6jEFF8c Would you Buy a Fully Driverless Car?
-LyLxigH9So The Dummies Guide To Getting Out Of Debt
-M9l7fBgBWc Amazon's Strategy to DOMINATE the Streaming Wars
-QX54Rt8Shs Best Investments to Protect Against Inflation Says Bank Of America Chief Strategist
-R52meUVS2E Ben Shapiro Predicts Biden Will Beat Trump
-UWw5Sa98g8 Why Do People Hate Jeff Bezos?
-Zzwh2u50JY Reaction to Record Breaking Month for New Lease Signings
-e0P-uP0lVc What Role Does Religion Play Today?
-e1sL-k_o-c How To Prepare For Your Week
-gWarqgOJTk Why Politicians Hate Rich People
-gkfK0YhsD8 Why You Should Never Date An Influencer
-mZWebPdAx0 Reaction to Trump Shutting Down Blog Permanently
-o5-shZb0Pk Why Successful CEO's Have Increased Odds of Divorce
-oQCEyUG_yE Should Men Today Get Married?
-sfqLBMylX0 How to TRAVEL Cheap
-socpqwis-4 Global Debt Expert Explains How He Started His Own Consulting Business
-tKTDdopT1g Reaction to Tom Zenner's Experience with Robberies in Los Angeles
-uBtrKIpX4c Patrick Bet-David Explains Why Parents Need To Discuss Controversial Issues With Their Kids
0-yD-c4sVlU Is it worth it?
00SfZ_JzVc0 Patrick Bet-David Explains Why Bitcoin Is The Future Of Finance
00oqmLHHh_s Reaction to Twitter Banning Trump But Allowing Taliban on Platform
02b4EZZkHn8 Will Bitcoin Beat US Dollar To Become World Reserve Currency? - Kurt Wuckert Jr.
04UbxHV9OeE What Blockbuster Has That Netflix Doesn't
05m7jaGNVtw Reaction to JP Morgan Executive Telling New Employees to Expect working 12-hour days 6 days a week
064NOz7NngA Reaction to Tom Brady Carrying Bill Belichick to Greatness as a Coach
06u43nvYLQw Dark Conspiracy Behind Satoshi Nakamoto Is Revealed!
07acl-VNj8k Reaction to Kim Kardashian & Kanye West Divorce
08cuaBd5QrE Heated Reaction to California Moving 2,000 Disneyland Jobs to Florida
0CCTJZE8wrQ Why Women Peak At Age 25 And Men Keep Getting Better With Age
0CKJ1mxLhig How Oprah Got Started
0CnuEbyt0l8 Reaction to Conor McGregor's UFC Loss & Future Ambitions
0H58t0A-Ja8 Traits Among Skydivers
0HwNX6q_Bz0 \
0IGwa65RU10 Is Fake News Real? - Preview
0Q8guNUDvOg Why Some People Make it & Others Don't
0QzG17LvkS8 Rand Paul Destroys Anthony Fauci Over Gain Of Function
0TO0eE5jvIk How Big Pharma Will Exploit The Legalization Of Drugs
0U4jn_JSKkc 5 Levels of Conflict to Master as an Entrepreneur
0VaUZWLhgtM Reaction to Kardashians Announcing Last Season
0XhpiYSQV1E 4 Different Ways People Get Sick
0YLMgjlMUN8 Reaction to MLB Moving All Star Game After Georgia Voting Law Changes
0_DElcOevWY How Henry Kissinger Helped Make China a Superpower
0_YEY3PAqlw 5 Wild Sugar Baby Confessions
0afp2nuJCbI The Number One Way To Invest In Cards
0bDXPKqUC0w The Key To Retiring EARLY!
0ePsUC3JnYg Investment Advice from Robert Kiyosaki
0frDnKnox40 \
0gtUgLKgmqs Lisa Ann Gives Her Thoughts On The 10 Richest P*rnstars
0iqdTyoJUv4 What Did the TikTok Deal Really Achieve?
0j3NpqvhMvQ Reaction to Male Playboy Cover Model
0jQHAS_Owuk Jewish Mobster Opens Up About TRUTH Behind JFK Assassination
0keNozjHlTM Former Murder Detective Details How He Is Haunted By His Work
0mzJIcT2yyg Biden Looking to Increase Taxes to 61% on Wealthy
0nh4CJW__FA Reaction to Fox News Crushing MSNBC Ratings
0pE0RNzssHo Bitcoin's Biggest Milestone!
0pZtKH0Nb2I The Industry of Politics Exposed By Michael Porter & Katherine Gehl - Preview
0tPY8RoPVHs Has Society Made Raising Kids in Today's World Harder?
0vsC3aT86H4 Reaction To NFT Bubble Bursting With 70% Drop In February
0xEAMTZ2JYw How Men And Women Respond To Cheating
0y_7E0mL2m4 Can Ethereum Compete With Bitcoin?
0zAtVeEuuHg Sammy Gravano Opens Up About Who John Gotti Really Was
10yoTSsIXs0 Former Mobster Explains How Greg Scarpa Recruited Him
12VRvApZzeM Reaction to China's Military Aggression Toward Taiwan
13mtBSsent4 How Michael Franzese Joined La Cosa Nostra
15lHNZc5jeY Corruption in China
15xfEbkahcA Finding $135K ON THE GROUND
16yYLgSFfGA Reaction to Lakers Trading for Russell Westbrook
19Fv2etzZFc Why Millennials Shouldn't Take Advice From Boomers
1Bl2akusUdY Reaction To Enes Kanter BLASTING Lebron Over China Policy
1C3SCJyWj60 Former Space Force Commander Describes The Recent Politicization Of Military
1CDz_OlXYj0 Reaction to Robinhood CEO Getting Death Threats After GameStop Fiasco
1DBQlUk-ZVg Why Facebook Allows Criminal Content on Platform
1DyeV_rvpHM How Watching Valuetainment Made Him $300,000 in 5 Months!
1EK_ibPBL60 \
1ELtnS6ssqI Why do Americans Hate the Police?
1Jm9I0O5RpQ Sammy Gravano Reveals How Seriously He Took Life In The Mafia
1KBQJ8-32AE Reaction to Harvard Study Revealing Lockdowns DESTROYED the Middle Class
1LUDA75vGSM Reaction to Joe Biden NEVER Having Visited the US/Mexico Border
1NctGW0NgOQ Working Remotely Vs At Office
1O77F9qc1nU Reaction to Michel Burry's Stock Picks As He WARNS Against Next Market Crash
1Q42TAe5_vs How to Build a Winning Sports Dynasty
1Y5VPfHadmk Why People Are Leaving California More Than Ever
1YBtUY_fti4 UFC Fighter Rashad Evans Explains How Psychedelics Changed His Life
1Ya8hfykDqs Celebrating the 100th Episode on the Podcast LIVE
1Znzrd3C1YA 10 Ways To Help Plan Your Week
1aKpNjxII9Q Why Silicon Valley Hates Joe Rogan & Spotify
1aeNmzq3Lm8 Reaction to a Leaked Chinese Speech Proving They’re America’s #1 Enemy
1bvo-FgCjj0 Reaction to Black National Anthem in NFL
1fbBk_2iSq4 Cost Of Being The Breadwinner
1gDPiEGZyJU Hillary Clinton Got ABC To FIRE Jedidiah Bila From \
1gN1Wr2XHoo Women Breast Feeds a CAT During Flight?!
1r8kwt8PRxY Reaction to Visa Giving Bitcoin Reward Instead of Miles or Cash
1sH2zPH204Y Mike Tyson Smokes Weed for $82,000 A Month?!?
1vRnqGB4rR4 Former Navy SEAL Opens Up About How China Spied On Him
2-k20s0pLrU Is Obama The Coolest Presidents Alive?
2225Hv9WzXk Patrick Bet-David Explains Why He Never Got Any Tattoos (Funny Story)
22AzAcnIZY4 Reaction to Iranian Nuclear Scientist Assassination
24sBvQyXEmE Former Space Force Commander Details Whether Or Not US Is Headed Towards A Marxist Society
25GGZAtmYzs 4 Tips From A Finance Expert
27JPVs1EriA How China is Dominating the 5G Networks
28m4A6wx4Yk Myron Gaines Reveals The Role His Mother Played On His Attitude Towards Women
2AQuagaXTT8 What The Georgia Runoff Election Means For the Future of America
2Ckh6wnbXw4 Former Space Force Commander Details The History Of Critical Race Theory
2GK6IAz-HJU Reaction to LA County Banning Outdoor Dining
2HOm4YkBWVQ Why Men Should NEVER Hit On Their Bartenders
2HgG95Mc-OA Barnes & Noble Receive Call From President Trump
2JHGgF2Kz2w Will Republican's Create a Third Party?
2KVClUVtrQ8 Robert Kiyosaki & Patrick Bet-David LIVE
2Lz5yr8PPxo How Gianni Russo Lost His Virginity To Marilyn Monroe At 15
2M--tLw7yUo Conor McGregor Shoulder Strike Explained by Warfare Combat System Teacher
2RabVZGP6WY Samsung Can Only Beat Apple if..
2TuWrOBjP4c Surprising Facts About Warren Buffet (Shocking)
2XMfh7urYDY Dustin Poirier Breaks Down His Path To Becoming A Fighter
2XYxYrj5OEk Why People Try To Silence Dr. Robert Malone
2aoCnj37tsM Former Trump Staffer Explains Why He Is Such A Fan Of Bernie Sanders
2c1z3sNbUtg Reaction to Tokyo Olympics Viewership Hitting 33 Year LOW
2c2VVEfwvak 'They're Afraid Of What I Know' - Why Democrats Fear Rod Blagojevich
2dx30SRHU9w Being Known For The Wrong Thing
2eoRVXBuW4c Why the Democrats have ALL the Latino Vote
2ffnnpH9ReM Reaction to If Democrats win Georgia Race
2h-lkniJG3U Patrick Bet-David Reacts To UFC Star Attempting To Kill His Daughters Abuser
2ivZcNqB7ZI Is Rollo Tomassi Threatened By Powerful Women?
2oi02ZxVD6I Michael Jordan | cut from his High School Basketball Team
2orN0nF0DY4 Dr. Jorge Valdes Explains How He Became The Youngest Employee Of The Federal Reserve Bank
2putkllpLC0 How Patrick Bet-David Teaches His Kids Value of Money
2qqAUT9ao6o Richest Mobster of All Time - Meyer Lansky
2rNYrJL-Sfw Reaction to Chinese Military Aggression Against Japan
2u8fc06A3Ds Shaq Explains Why He Doesn't Invest In Crypto
2xtG5cLT_sQ Reaction to Walmart Starting a Bank
2y4a6L2fmk0 Obama Economist Larry Summers TAKES SHOTS At Biden Admin
2yUTWSpZOnQ How Much Should Americans Pay In Taxes? (INTENSE DEBATE)
31Oq19Q51rU Dexter Jackson on Coronavirus & Arnold Classic
32gCoQRm0SY Is Passive Investing Creating a Bubble?
36B0gRxGy2s Why The Average American Will NEVER Own a Home
36g04WCaWg0 Why The U.S. Can Never Recover From It's Debt
37QqV9hC8wM Mentally Preparing to Skydive with NO Parachute
3AA__wHDLP4 Former Senior Trump Advisor Confirms He Will Run in 2024?
3C1qpGq4uhM Former FED Economist Breaks Down What Uber & Lyft Can Teach us About Economy & Unemployment
3IJOTRmiZO0 6 Ways To Sound More Confident
3JZy668eGkg Reaction to Biden’s Executive Orders Compared to Previous Presidents
3Ktp-Wdr_rE Where Heart Attacks Come From
3LwjaNYHEFM Why Noam Chomsky Doesn't Love America
3MfvBY-CBlg Veteran Breaks Down Price of Sacrifice And Why It Was Worth It
3P7JyRVTYg4 Reaction to Arnold Schwarzenegger´s Support for Gavin Newsom After Recall Election
3POpLxIV3ig Is JP Sears A Perfectionist?
3RinQfQBEmc SpaceX Now Owns One Third of All Satellites in Space
3VgrmNZ40qI Billionaire Michael Saylor Explains The Difference Between Bitcoin And Ethereum
3W8P7sd7ho4 How Patrick Bet-David Deals With Liars - Q&A
3Xae1oTfusM Former Green Beret Tu Lam Explains How to Channel Rage & Aggression
3_q6RTHyErQ Why FBI Will NEVER End Human Trafficking
3fNgmqmi1PI Is Wall Street Causing A Trading Card Bubble?
3fYKgS7UYzY Worst Mistakes People Make in Their 20's
3i5wvvT50U0 Would You Invest in Your Wedding or Your First Home?
3ieQ4kd-iEE Why Oliver Stone Blames The U.S. for Russia's Invasion of Ukraine
3sFi4S6bf30 Is Society Making Men Weaker Than They Were Before?
3sryuyBOzyY Can Peter McCullough Be Fired for His Opinions?
3tzoScrp4xU Why Republicans Want Bill Maher to Run For Office
3ygNQG9d97k Patrick Bet-David Reveals Why People QUIT Their JOB
3z1rPUHSyjs Reaction To All Ivy League Schools Discriminating Against Asians
450Q7ckyeOs The Enemy Dr. Robert Malone Created On His Way Up
46Wdj82x4to Steve Aoki - Where his Hunger Came from
474Xs19mCZg Most Millennials are Living off their Parents?!
48ky7gKXkQQ Reaction to Paski and the Biden Administration's Lack of Business Understanding
48lRmCRyXw8 Bitcoin & Cryptocurrency for Dummies
49G9Wv2_DAE Patrick Bet-David Breaks Down The Russia - Ukraine Situation
4BLYhn_f6UY Reaction to General Milly Talking To China Behind President Trump’s Back While In Office
4HIJJ9E44J4 Reaction to the Aftermath in Afghanistan
4ImkdD7y3XY Patrick Bet-David Explains Why The U.S. Shouldn't Intervene In Iran
4J8v3V1zIdM Johann Hari Explains Why Kids Need To Be Given More Freedom
4JZ9f5swvQs Reaction to Biden Saying 𠆌hina Believes it will own America’ by 2035
4KF7mSl_dWg Rashad Evans Explains What It Was Like Being On 'The Ultimate Fighter'
4RoURvDCyAw Reaction to Michael Franzese Explaining what he Really Thinks About Rudy Giuliani
4T7YWJOR7eM Reaction to Emotional Restaurant Owner In California
4UeqctbsrLs Patrick Bet-David Explains the Importance of PARANOIA
4VRp928G4u4 3 Money Questions to Ask Your Partner
4WHbj1akCfQ \
4XKvQcZbLko What To Do In A Stock Market Crash
4YS3gsNpIT4 Reaction to California’s State Wide Curfew
4YmGAfF2AO4 The Biggest Threat to America Today
4ZMt-G_dNnk How China is Brainwashing Millions
4_wrnIDbFlY Historian's Reaction to Storming of Capitol
4aORRBN9RII Gas Prices Will Reach $10/Gallon due to Inflation
4dl-egtryao Women Explain How Important It Is For A Man To Have A Nice Car
4gxdhut-hMU How China is Creating A Global Computer Chip Shortage
4h7WTWXdcPY Sammy The Bull Explains Why Politicians Are More Powerful Than Mobsters Ever Were
4hZTbtWZVfs David Harris Jr. Explains How he Almost Overdosed on Cocaine
4iJC-L7d38o Top High Paying Skill to Learn
4kSUBMN3I7o Is Steve Bannon The Man Behind Q?
4lGvJJKfekk Reaction to Hunter Biden’s Business Partner Speaking Up
4pa64wnJSug Why Florida Governor Ron DeSantis Banned Critical Race Theory In Florida
4qPM1i22awg How the Wealthiest Americans Avoid Paying Taxes
4qWvenTiIOw Adele Fans OUTRAGED At Ticket Prices
4tNEQJmX5FQ Is Francis Ngannou Is The Baddest Man In The UFC?
4txMGUx1hiM How Deadly Was the 1918 Spanish Flu?
4ufuZzPLk-E Why Michael Saylor Bought 125,000 Bitcoin
4wbxMS8Ngjw Was JFK's Assasination an inside job?
52TtRLrnxcI Basic Rule of Creating Great Strategies - Patrick Bet-David
52aSJGGaa7Q Reaction to Apple's Clash with Facebook over User Privacy
52oqJkdPQOs Reaction to Newsom Suing his OWN Election Chief
53Cc0VJVpto Debate on Communism (Things got Heated)
55pGVZdwLe4 \
56AXo-8B3ZI Reaction to Elon Musk's Girlfriends Alien Tattoo
585s44Jm4MM Patrick Bet-David Has A Heated Debate with John Stossel Over China
5AupYVEL8SQ Vladimir Putin's Secret Life
5EH3bgO90Es What You Can Learn Shadowing Warren Buffett
5ElIJxj8iGo Bond King Billionaire Talks Fed & Bonds
5En5dj6NqLQ Robert Kennedy Jr. Opens up about Family Traditions
5GYju66RDhk Reaction to Alibaba’s $56 Billion Day Crushing Amazon
5IlHDQ3eRyY Airlines Threatening to Fire 30,000 People if They Don't Get Bailouts
5JBKKuh4xFM Random Acts of Kindness by Patrick Bet-David
5JkK_SVybFY Why Mexican’s Are Republicans Yet Vote Democrat
5KQF-fxjf4U Why Boyfriends Are The Biggest Problem For Porn Stars
5NruUt2TcR4 Gerard Michaels Wins an Oculus Rift LIVE on Air (NOT RIGGED)
5O_KAB5P9hE How Chicken Sandwiches & Influencers Helped McDonald’s Jump 25% in Revenue
5OfBzNt6miM Who Did Trump Trust While President?
5RbReGoI9bg Who's More DANGEROUS for the Economy? - Janet Yellen vs Jerome Powell
5Sp6Pz22U0A The Double Standard in NBA
5TucQoxIQJY 99% of Journalists Would Be Fired Based on This
5UD93uD3aP0 Will A.I Superintelligence Have Feelings? - Expert Nick Bostrom Explains
5Uc4GggRDVY Megan Thee Money Savage on Crypto
5VxTBrue15M Is Tom Brady REALLY Going To Retire?!
5Z8mffkutF0 \
5f6NEfFWJi0 Patrick Bet-David Reveals The New Podcast Studio!
5gyaZokuueY Reaction to Income Inequality in the World
5jfDh1p06gk Why College Tuition Is About To Skyrocket
5qJv6swKMkI Civil War In America- Myth or Reality?
5uYItiNf2oc America’s Simple Guide To Overthrowing A Nation
5wWyW-txpMk Rollo Tomassi Explains Why You Should Never Lend Your Partner Money
5x4d_kNZ4No Reaction to Small Business Owners ‘Hiring Anyone That Shows Up’ - HEATED DEBATE
5xUVk9kJW-k Reaction to Chinese Communist Party Paying Millions to WSJ and Washington Post
5xUuiGhl-G0 Reaction to CDC Cutting Quarantine Time from 10 to 5 days
5xk4WKQWAPo Are Men Changing Their Genders To Avoid Sexual Assault Charges?
5z0LD5nIUpg Reaction to Kamala Harris Socialism Video - Things Got Heated
60O7q7ryiXc Will Bitcoin Become World Reserve Currency?
60S4fl_P0Pg Reaction to Scottie Pippen Calling out Michael Jordan's \
61erNKXlUpo Reaction to IRS Tax Code Supporting Criminals
62tAwNb0cfk The Importance Of Questioning Your Parents
66lSta3D1dQ Breaking Down The Difference Between Delusion & Perseverance
6BTgn8i1nXw How Biden will Pack the Court & What it Means for the Future of America
6D3boK3N99w How Lincoln Transformed America Into What it is Today
6DlfjaCRWz4 Why You Should Expect Trump & DeSantis To Run Together In 2024
6EhvF-kiYO4 Reaction to Elon Musk Selling 100,000 Cars to Hertz
6FJT9Lr5UPQ Inflation Surged to 6.8% in November, HIGHEST Since 1982
6FNC7STRCwo Ex-Sniper Details The Broken System For Helping Soldiers Suffering From PTSD
6JH4WQ-P0J8 How the American Opioid Epidemic Has Exploded
6ME32gyycm8 Reaction to Biden’s First Live Press Conference
6MniLdSslYo Why The World Needs Another Steve Irwin
6REpVlc-15I Reaction to the Most Business Friendly Countries (SURPRISING)
6T1bko27NsE Will Michelle Obama Run for Office in 2024?
6UF8li8-lPE Is Barron Trump 7 Feet Tall At 14 Years Old
6UnQFnavrOs Reaction to Biden & Kamala Being Named Time Person Of The Year
6VxpElyVh8o How far can Apple go? - What People Hate The Most
6WHzCC481nY Heated Reaction to Michael Wolff TRASHING Brian Stelter and CNN LIVE on TV
6X4wsYU09X0 The Craziest Thing James O'Keefe Did To Stop Corruption
6Yvak9Tf1yk Reaction to Toxic Cancel Culture
6_m5tHeg_Pg Reaction to Nashville Bombing
6_oMewKfH18 Reaction to Kai Greene’s Diet
6gEzfWOM6E8 How Much Did Doc Antle Get Paid for Tiger King
6hORjKqGEQs Oliver Stone Explains Who REALLY Killed JFK
6i7lCjck94Q Reaction to Hollywood Creating a Movie About Dennis Rodman's \
6jvJI7QQFfw 'Regulation Is A Good Thing' - Billionaire Explains Why Bitcoin Should Be Regulated
6mCJKGKriLg Is Craig Wright Satoshi Nakamoto?
6nXG1qWQ-sM Marry, F*ck, Kill w/ Lisa Ann
6vVMBCqjpo4 Why Democrats WANT Joe Biden OUT
6vpxvUGgbIg Reaction to Trump Suing Big Tech for Censorship Ban
6yRgqzIxzUc Patrick Bet-David Breaks Down the Importance of Capitalism & Competition
6y_HS-qOGrM Why Crime is Rising in America
71LolIxy_2I Who Osama Bin Laden was Pre 9/11? - w/Noor Bin Ladin
74kPkuAxUfg Reaction to Inflation Warnings From Big Retailers As Holidays Approaching
76qxpl5mSOI Reaction to Bernie Sanders & The Squads on Joe Biden
77k-whN-8ng How To Prepare For A Rent Increase
7C7O1Y-_6wM What Country in The World Puts Most Journalists in Jail?
7EBkg_VyuXs Reaction to Recalling Governor Newsom Petition
7FEOyGP-sqU The FED Caused The Recession
7LanhCpy--w Did Israel See the Iranian Revolution Coming? - Former Head of Mossad Opens Up
7LvWQPTm6e4 Why Trump is Rebranding Post Presidency
7M0ue47lb4g Why Does Putin Act Like A Dictator?
7N-rbTafV08 Elon Musk Warns About America’s Biggest Threat
7NgiySJDZ2Y Former Facebook Whistleblower Explains What AI Will Catch & What it Wouldn't  (SHOCKING)
7Rq6RaACbxM Will The Oil Companies REALLY Allow The Transition To 'Green Energy'?
7Rvb-GW_OR4 Why USA Has Been at War Since 1776
7Se5ur5Pits Reactions to Biden Administration Wanting to Monitor Texts & Sending Texts to 'Fight Misinformation'
7UKwsdCbfmI Michael Franzese & Sammy “The Bull” Gravano Get Heated Over Disagreements After Life in Mafia
7XqrcFs3F6A American Cattle Rancher Warns Consumers
7dbxnTPdV1M Millennials or Generation Z - Who Has More Debt?
7eHi0oJVa6Q A Brief History of the Jewish Mafia
7eXLV0T8rEg Solving the Worlds Energy Needs
7ej2qM2CmMw What it Was Like Meeting Mike Tyson
7fagPvr2dl4 Reaction To Saudi Arabia Attempting To Swap Dollar For Chinese Yuan
7iOowi7VqG4 Will Trump Attend Biden's Inauguration?
7j8SHSGPTf8 What is Communism?
7kDTGygE4PQ 7 Ways to Network Better
7kc7V4NlBIA Reaction to Viral $15 Sad Slice of Pizza at LA Rams SoFi Stadium
7lvcgfyc-Ak Is Biden Setting Up Kamala Harris to Fail?
7mywYchKsYE Why Adam Sosnick Is Off The Podcast
7oF-Yv5K330 Chinese Journalist Sentenced to 4 Years in Prison
7pNiy9X6BSo FBI Agent Breaks Down The Psychology of Kyle Rittenhouse Case
7ptaUVjipiM Why Media Didn't Report on the Great Influenza
7qWmjHVpgU8 The Future of Project Veritas
7sGy5FqSI2M Which Culture and Race Has The Longest Life Expectancy?
7sMQWXHMSDo Is Bitcoin the Next Global Bubble?
7uOkLQoLR6U Why Putin Isn’t Afraid of Joe Biden
7zvfkriwVo4 How Robinhood Makes Money with $0 Trades
80rRojf59bs Reaction to Biden Canceling Student Debt
81vUsCj-wS8 Eddie Gallagher Reacts To The Claim That The Military Is Full Of Extremists
81yeGHK3s9I Reaction to AI Claiming That Nuclear War Is INEVITABLE With Vladimir Putin
84fEBKH-4q8 Would Anarchy Work in America?
86l6YYffS8U Will Florida Become the new Wall Street?
86mt23qceTg Reaction to China Building WORLDS Largest Navy - Bigger Than USA
86nHE3vl7uA Reaction To Special Forces Killing ISIS Leader In Overnight Raid
87EKxhNZ3C4 Sammy \
89BjpjcyKTw Reaction to Google Going Down Globally
89xmT33CmVw Why Jordan Peterson Will Never Leave Canada
8ArxKVcKIN8 Can the UFC Survive Without Conor McGregor?
8AxDfYki6R0 Sammy The Bull on John Alite & Jimmy Calandra
8CxFt-w__fY Did the Chinese Communistic Party Steal the Mafia's Business Model?
8FFOdcGk2nA Reaction To Bill Belichick Calling Tom Brady The Greatest Player Of All Time
8FXP-bNIyzo Things POOR People Waste Money On
8GE5u9LwS-4 How BOXING Fights Are FIXED (SHOCKING)
8GhMwAikgwg Patrick Bet-David Explains Why Immigrants Love America More Than People Born Here
8Glbt9Ejh14 Will Ron Desantis be Leader of the Republican Party in 2024?
8H9PSdpzZEc The Legacy Patrick Bet-David Plans to Leave
8HOvaAltfK4 Reaction to Homeless Guy Going Viral for Handing Out Resumes
8J9AmFQA6LY What A Biden Presidency Will Look Like When Half of Republicans Think it was Rigged
8JP2LEEI6G0 Forensic Pathologist Clarifies the JFK Assassination Conspiracy
8K76scCeZoE Who Creates Nice Guys - Moms or Dads?
8KPGCTTvM3s Rashad Evans On \
8LoqIuNjLvA Reaction to Wealth Gap During the Pandemic
8MHxJunx3dQ Chinese Communist Party Silencing US Media Companies
8MNBrmVyhbY How COVID has Impacted Santa
8P7DR5jAcX8 Changing The Face of An Industry
8SWPjiA_Vdg Why Is Harvard Discriminating Against Asian Americans?
8T5rRclqERI Mike Tyson Explains How he Views Competition
8ThAfDW8J6o Reaction to Bank of America Increasing 'Minimum Wage' to $25
8TnpBCJu-WA Head of FBI Calls China Biggest Threat To America
8U8EO5WW8ZA Author Of The $100 Dollar Start-Up Reveals The 10 Craziest Businesses He's Ever Seen
8VsYKMjYYXM Why Gun Sales were up 80% in January
8Z6zLaCCWBA Reaction to Betty White Passing Away at 99 Years Old
8ZFDLXD_4Lg New Documents on JFK Assassination Revealed Russian Involvement?
8ZKf8mcfGHE Shocking Reaction to Jackie Chan Praising Communist Party in China
8ZlB6Yz-Dag Best Advice for Buying a Car
8cSX5ikmpvw Reaction to China's Population Being Reduced By 50%
8d5UXUiD_iU How Jeff Bezos Is Trying to Live Forever
8dCsCVEdz8I this is not a joke.
8eHJIeZ9Oa8 Reaction To Boris Johnson Lifting Covid Mask Mandates In U.K - “We Will Trust the British People”
8gUs8GQ8kkU Michael Franzese Explains How his Father's Betrayal Almost Got Him Killed
8h6HAhIgX94 Reaction to Bumble Founder Becoming a Billionaire After IPO
8iwo-J-48Zo Reaction to Cuomo Calling Reporter Obnoxious
8kzL_0GymZg Reactions to Meet Kevin Podcast Episode
8m1UKecDnSg Former Head Of Mossad Opens Up on What Makes Mossad Special
8myTwyw__as Adam Sosnick's 5 Financial Tips for Couples
8nOWpPQHbj0 Reaction to Elon Musk Being Targeted in Recent Bill On Electrical Cars Made By Unions
8o81Ez41olo Why Most Mobsters Join the Mafia
8pshiC8cI5Q Reaction to Chicken Wing Shortages in USA
8ptO9oxHxe0 Patrick Bet-David Meetup In Mumbai, India
8r6wl9kw2Sk Q&A With Adam Sosnick!
8tE1obUjalg How Much Money Do You REALLY Need To Be Happy?
8uFpfuxtHXY Reaction to Manny Pacquiao Running For President In Philippines
8xPH-smDeJo Jordan Peterson Explains Why Men Should Always Dress Up
90iqQ7eKUa4 Ethereum VS Bitcoin - Which is a Better Investment?
92zsYVjsYyM Former Special Forces Soldier Explains What Modern Warfare Looks Like
948YKYYWnis Where YOU Should Get Financial Advice
95LNF2mGOv0 How Joe Rogan Ended Brendan Schaubs UFC Career
95TbGYmIhgs Patrick Bet-David’s Secret to Recruiting - Q&A
98Q0_Z0bhMM This is The Biggest Indicator For Success
9964QwDqvLQ Does The US Government Have A Favorite Crypto Currency?
9AmfJ1DXJAM A Social Experience for Americans
9AnEt8bTrfs HOW TO REACH FULL CAPACITY - Tim Grover
9Cd2bdrswUU Why Kids Shouldn't Have Access To Social Media
9M_xpmQvdcY Timeline of Take 2 Interactive
9OHT5pa9lQY Reaction to Tom Brady Giving Fan 1 Bitcoin for Returning Game Ball
9OfQQeYJDjQ Howard Stern THREATENS Trump Over 2024 Election
9PLfGV1g524 Why Your Cell Phone Is Actively Working To Undermine You
9Q0B0eavHRU Why ONLY Some Can Get RICH - Socialist Professor Richard Wolff
9QfetlmNPkM How Jedidiah Bila Got Her Job On The View
9SBzFNwzhIU HEATED DEBATE Over Hunter Biden's Current Connection to China
9SIiOX4fFbY Warren Buffets 4 RULES OF MONEY
9T4214DkjBY Reaction to Economic Impact of Shortages in Supply Chains
9UYRozd8AF4 How Interest Rates Effect Housing Market
9WF54890x20 Reaction to Elon Musk's Preparation for SNL Skit
9Yz-pYz8IBg The #1 Investment You Can Make in 2022
9d-gKncYo7k Why 60% of Millennials are BROKE
9dqMSoAdJgw Reaction To Disneyland Increasing Ticket Price By 400%
9e_Sn1tmf4c Global Debt Expert Explains Why America Is In A Recession
9jYIycbUQxs How Drake FAKED It 'Till He Made It
9lO44G8_3Jk Patrick Bet-David & Gianni Russo LIVE
9mbfD2k9eok Rollo Tomassi Defines 'Sexual Market Value'
9nKiRsU_YdU FBI Profiler Explains The \
9nYob1PMdv4 The Godfather’s Deep Tie To Capitalism
9ogjsZtSMBk Michael Franzese & Sammy “The Bull” Gravano Talk About How To Get Past Disagreements as Mobsters
9qQ2Q7p3RO4 Ben Shapiro Believes The Rock Can Win 2020 Presidential Election
9rASePH53fQ \
9tvA9FgLjy8 'They Need To Shut-up And Get Back To Business' - CEO SLAMS Disney
9wBuGqQOL-Y Michael Franzese Says His Father Was Innocent
9xMVA7iYBbQ Reaction to Microwave Weapons Targeting Americans
A-B6pAylY2I Do More American's Love the Country Today than Before?
A486HucVtVI Why Women Have To Choose Between A Career Or Family
A5rNtju6L10 Reaction to Taliban Declaring China Their Closest Ally
A6v2q_YDlZQ Why the World Needs Strong Leaders
A9bQyT86kQ4 How Contagious Diseases Spread
AAJfqnXF7EM Patrick Bet-David’s Update After Being on Fox News to Talk About Obama & Trump Sitdown
AChf6C1uRQc Why Most Americans Don’t Trust the Government
AFL1niw4cBg How The Left Is Changing The Language To Achieve Their Goals
AFkEVGtGJVg Why Robinhood REALLY Stopped the GameStop Trades
AJdy-wmQUKE Reaction to SouthWest Airlines Pilot Getting Caught Watching Porn Mid-Flight
AJsBNixJv1Q Why Michael Franzese Left The Mob Life
AL0T8T1aHtw How Big Pharma Bribes Doctors
AMvQMq2udTo Reaction to Florida Adding 84,000 Jobs in September
AQxdY07C5xs Why Trump Lost the 2022 Election
ATTqrxp4624 Hillary Clinton Running Against Trump In 2024?
AUerNv_Knxw Does Capitalism Need Reform? - Robert Kiyosaki
AZKFdHTMWm8 Lisa Ann Dated Rob Kardashian?!
AZYl2NwLmJM Reaction to OnlyFans Banning Adult Content on Platform
A_66wp3-DHM Reaction to Super Bowl Halftime Show
A_g0qg1SMAA Reaction to WeWork Pushing for Going Public Through SPAC
A_k3mM7n2hM Why China Has Created A Massive Demand For Jobs in America
AaqyBv11NLU Would America Be Better Without Religion?
Ah1WGYv3yhs Jordan Peterson to Justin Trudeau \
AlExnS7eVUI Aaron Singerman Explains How Redcon1 Got Started
AlfOCgfSHNo Who Was Ronald Reagan? The Man Behind the Icon
Algth98oUWQ Does Governor DeSantis Love America More Than Florida?
AqLajOWwfrU Inflation In 2021
ArHyfxqKK80 Reaction to Janet Yellen Getting 130 Countries to Agree to Global Minimum Corporate Taxes
As3wzhh7P50 Reaction to Taliban Taking Over Afghanistan
AsGvjY2Dbi0 What Being Related to Osama Bin Laden is Like
AtlNPDKTiUY Ex-Sniper Breaks Down His Record For Worlds Longest Combat Kill
Av97yAiOVS0 Fresh & Fit Explain Why Marrying A Single Mom Is A Terrible Idea
Awj2kpdSpos Patrick Bet-David Explains Why He Got Wealthy & How You Can Too!
AxK_BQuMBl8 Reaction to 2.8 Million Homes Without Electricity Due to Storms in Texas
AzHCUaXaw1I The Dark Truth About Russian Spies In America
B-4FcnAMaXs Armenian Soldier Singing On The Frontline at War In Artsakh
B-CczXVUrig Reaction to Cuomo Legalizing Marijuana in New York
B08kciC0L8k Should People Trust Media or Government More?
B0yzQC9T6XM UFC Fighter Dedicates Victory to Those Effected by Communism
B31lsefwhwY How Much $$$ SNL Cast Makes
B35Jh-LK4a8 Gymshark Edge When Competing with Nike & Adidas
B3C1UvlBvfg What is a Libertarian? - How it's Different from Republicans & Democrats
B4Tjnve1k6E Reaction to Eviction Moratorium's Being Extended till September (DANGEROUS)
BAARiXMLxGc NFT Money $$$
BAicsk3xABc Reaction to Alibaba Being Fined $2.8 Billion for being a Monopoly
BAunwuh_P48 Gianluca Vacchi Gives a Dance Lesson to Patrick Bet-David
BCcg0WhpURc How Astrology is related to God and Religion
BGiEw4Pywjo Reaction to Martin Luther King Assassination
BHGmbNm2qrc Who Had More Power in the NBA: Lebron James or Michael Jordan?
BITh3TmKASc Does Amazon Deserve Tax Breaks?
BK9j6dZS3tc Dennis Prager Debates Racism in America
BL40JjXtvKI Former KGB Agent Explains What Vladimir Putin Is Planning To Do Next
BOGlOQEN_M0 How to Write a Resume in 2019
BRoUWdVIrzM Former Navy Seal Reacts to Biden's Stance on Second Amendment
BSO2-xFckwQ Kobe Bryant Forever - A Valuetainment Tribute (MUST WATCH)
BTxN87s_taA How KSI Lost $5 MILLION Trading Crypto
BW9TP9-bg5E Why George Bush Won't Let Trump Win Reelection
BWqRbB-66O8 How To Find Success On YouTube
BXoawSLcjSA Reaction to Jack Barsky Calling KGB Defector Yuri Bezmenov A FRAUD?!
BYBA0gtYkDY How the Military Industrial Complex Drives Never Ending Wars
B_vUiJptxwg Reaction To Hillary Clinton Spying On Trump - Durham Investigation
Bc5g5OSi1L8 Is Meet Kevin Leaving California?
BeXhsWJUF0Q Reaction to Apple Slashing Prices for Smaller App Developers
Be_jQr-559U Reaction to Biden's $1.9 Trillion Stimulus Plan
BhEIK32UFfY Why Comedians Hate People Who Steal Jokes
BkTgH_DjYBw Russia Targets Twitter After Not Removing Tweets creating \
BkkNMDqmSvA Phil Heath - Confessions of a 7 Time Mr. Olympia - Preview
BngxdXHn1Ck \
BouDWaQBvC4 Truth About US Presidents \
BsPItU2Xo5Q Patrick Bet-David Explains Why America NEEDS AOC
Bucxc1atZs8 Where Did Cancel Culture Get Started?
BxJoEygIP7U Why Project Veritas Won’t Reveal Their Donors?
C--oiSU1xd8 Reactions to Bombings in Israel and Palestine
C1ULsfE8fAM Patrick Bet-David's Wife Joins The PBD Podcast For First Time! (HUGE GIVEAWAY)
C2FnzPcDaRk Sr. Analyst Explains What Share Buybacks Are & Why Companies do it
C3AspLdC2dA Why People Are Boycotting Mulan Movie Over Hong Kong Comments
C4x4Dvrkw6I Reaction to Verizon's Sale of Yahoo & AOL
C5nk0l7TyoE America's Biggest Enemy Today
C7Ny7BcHhY4 Why Main Stream Media Wants to Keep Lockdowns By Ignoring MAJOR John Hopkins Study
C8dv1Y_vCxw Feminism vs Men’s Rights - Finding The Balance
CAs6XOqDCXw Is Warren Buffett Scared of Bitcoin
CDNmxf4AvY4 How Much Money Mr Beast Spends on YouTube Videos
CEBl8f82htI Is Crypto Currency An Indicator for Americas Demise?
CEULNDp5dUo Why Valentines Day Is Overrated
CI-QHeGodw0 The Sacrifices of Nick Vujicic
CJGd3-poYsM Growing Up In North Korea
CKQVYzaZ48s Reaction to LeBron's Comments to Haters After Space Jam 2 Released
CLoama_7I38 Special Forces Soldier Explains How China is At War With America TODAY
CO8ATZ8JhWE How To Make Your Wildest Dreams Come True
CPmFmVjklwI What it Felt Like Carrying an Atomic Bomb with Changiz Lahidji
CSKqLP1-0p4 Patrick Bet-David Reveals The 2 Ways To Conquer A Nation
CVY1IF0p0Mg The Best Part About Being a Santa
CZJn3oAM15s How Clearview A.I. Has Created A Google For Faces
CbbjYoCf47Q Vietnamese War Refugee Explains What Most People Don’t Understand About Freedom & Communism
Cd2MqQFM3kw How To Not Get Cancelled
CewnYQU-AK8 Patrick Bet-David Raises $600K LIVE on PBD Podcast
Ch160P1Tzp8 San Fransisco Accountant is Warning Clients about Biden
CmOYvulAicc What are SPAC’s & Why They Raised $144 Billion in 2020
CmUdYMpouhU Reaction to NY & California’s Coronavirus Holiday Rules
CnpuPKywMM0 Why Iran Signed A $400 Billion Dollar Deal With China To Eliminate The U.S.
Ct6sa5IFXvE Reaction to Gavin Newsom Winning California Recall Election
Cws7mtfhITE What Becoming Famous Feels Like
Cx1tjp7kWR0 Michael Franzese Breaks Down The Gas Scam That Made Him $8 Million A WEEK
D44WfxkH6kk What Can A Person Do To Become More Sexually Attractive?
D6y0rq-At9M Former Russian Spy Explains How America Is Being Destroyed
D7Mas48UzuQ Reaction to 'Big Short' Michael Burry Predicting MASSIVE Market Crash Coming
D9T-2cnzOFI How to Create the Right Story
DBaq3DadE4U University Professor Reveals How American Universities Have Become Indoctrination Mills
DC5Pb9AVF04 Reaction to Jamie Diamon Bringing JP Morgan Employees Back to Work
DFSXLAYxcjE What Keeps Magic Motivated?
DHne-FILM4o How Joe Biden Will Cause Trouble in the Middle East
DILEt2NMcLY Michael Franzese & Sammy “The Bull” Get Heated Claims Of Their Testimony Against Mobsters in Court
DJ-0Q-r8vhM Putin Challenges Biden to Live Debate After Comment of Being a ‘Killer’
DJgT2UtfjQ4 Former KGB Agent Explains How America Will Turn to A Dictatorship
DK4WEnicCoA Why Women Love \
DKjT9hrJqTs Adam Sosnick's Issue with Dave Ramsey's Investing Philosophy
DLTWRSkp4FQ Will America Turn to Anarchy?
DNGZFBILl3E Trump Being Kicked Out of Mar-a-Lago?
DONG76E5-iQ Reaction To Netflix 𠇌uties” Controversy
DOv0VdUSgzA \
DP5WHTCgaBI Reaction to Amazon Offering to Pay College Tuition For All Employees
DPwClGTPiAg Breaking Down The Joe Rogan Controversy
DRJbpVkC7M0 5 Keys to Success From Sharktank’s Daymond Johns
DRUIITajLa4 Why Cars Keep You POOR
DSfsZ280RdM Disneyland Reopens & Faces Controversy over 'Snow White' Ride
DVNQv-FVlvg How Marlon Brando Almost Got Gianni Russo Fired From The Godfather
DYK_kozKeII How to Budget Your Time Like Elon Musk
DZlcO3IeR2I Reaction to Shipping Crisis Ruining Christmas?!
DaQCGIQL5TI Reaction to SHAQ Telling Kids They Wouldn't Get Money
DacMIZdgRmw Reaction to Microsoft Research On Gen Z Losing Out On Working Remotely
Db53PAgbi4E PBD Surprised with Mariachi Band On Birthday
DbXCFZacUqk Nick Vujicic on Failure
DcyNPtoJKxY Which State In America Has The Worst Drivers? (HILARIOUS STORY)
Dd9QEIWQKKw The Secret To Staying Focused
DeVWOhV7KPc Why Thousands Want Jeff Bezos to Eat the Mona Lisa
DhWgKoADJXI LA Gives Mayor Garcetti the Middle Finger
Di5elTG74yo Tu Lam Reveals How He Became a Video Game Character in Call of Duty
DjOoVaIFdGI Retired Four Star General Talks About How to Transition out of Military
Dkrk0I29atY Bitcoin Predictions: Jordan Belfort vs John McAfee
Dm6eV7TbHSs Reaction to LA Deputies Shot in Compton Ambush
Dn9K1SpTLiY More Women Attending College Than Men Will Create Next Crisis in Society?
DoDGKB4t5vA The Power Of A Positive Attitude
Dp8dyOFhTDY Chuck Liddell Calls Tito Ortiz Out For Tapping Out
Dq7ncTZ30B8 Reaction to Crypto Currency Crashing 47%
DqX7k1T3FW4 Why Reparations for Slavery Wouldn't Work
DrQkNiIuHwE Which Zodiac Sign Has Most Presidents?
DrfaD24ifMU Equality vs. Equity
DrqPL6UxnFM Women Explain Whether Or Not Their Man Has To Provide Income
DtsaBJK6Uo8 Reaction to TikTokers Copying Nancy Pelosi's Trades and WINNING BIG? - Insider Trading?!
DttCerD9FP4 Reaction to Celtics Fan Throwing Water Bottle at Kyrie Irving as He Exits the Arena
Dv7PnkLaC9w How To Stop California Wild Fires
DwDakQtP8GM Why Portugal Legalized All Drugs - Drug Overdoses Dropped By 90%
DwgKUhS-Gyw How Blockbuster Viewed Netflix Coming Up
DymvObu19go Reaction To Used Car Prices Going Up By 50%!
DzQw_Crj1Jk Mark Cuban’s Work Ethic
DzpDNjSXYcs The Importance of Recreating Yourself
E1q1x_hPcYM Steve Jobs Most Important Life Advice
E2FAoEvh8AY Secret to Why People Keep Buying iPhones
E2U7tIkRrqk North Korea Portrays Socialism As Paradise
E2YymfCK1b4 Is The Metaverse A Good Thing? (INTENSE DEBATE)
E6JYVMHlmq8 Fresh & Fit Explain Why Status Is More Important Than Personality
E7GdDyUavw8 Former CIA Operative Has a Heated Reaction to Failed Afghanistan Evacuation
EC7gMqHDLeA Reaction to 'Ever Given' Suez Canal Aftermath
EDBAcCZ9JtA Best Advice for Young Entrepreneurs - Patrick Bet-David
EDSk9h9J6Gw Bailouts Don’t Work - Peter Schiff Explains Why
EFgkvVfU6lw How Much Gun Training Should be Legally Required?
EJkB-2OUx6k Will The Crypto Community Create a Third Party?
EJmf1KiCFzI Breaking Down Why So Many Kids Want To Be YouTube Stars
EKhh-qSCetw How Lawmakers Are Going To Destroy The Second Amendment
ELRuJxf6pNc Breaking Down The Reality About Love
EMu4JJlRzNg The Truth About Sex Trafficking in China
ENK_K7xkoWE Why Amazon Didn't Relocate to New York City
ENMAM5fEY4I Reaction to Passing of Colin Powell
EO3EbDwXeDU 'I Would Have Made A Joke About Her Boyfriend' - Ricky Gervais Gives His Thoughts On Jada Pinket
ERBzz3Xhs_k Clearview A.I. Founder Reveals Why He Created The Biggest Mass Surveillance System In History
EUwhM8HnSRs Reaction to Chinese Aggression with Underwater Explosive Demonstrations
EVCIWcknY_Y FBI Profiler Explains How To Make Criminals Cooperate
EX9TMhPW0GI Patrick Bet David Instagram Live with Gerard Adams
EYF0V3mVNX8 Creativity Boosting Tips From Albert Einstein & Steve Jobs
EZZszJVo4gI Reaction to Jack Ma Disappearing After Criticizing China in a Speech
EbJRf-qMWZg Reaction to A Tesla Blown up with 66 Pounds Of Dynamite
Ect1_UkplZo Why You Should Rent Your Home
EeIoG7Al8eM Reaction to Parler CEO Getting Fired
EgHwmgQMh3E Will the Constitution Save America From Becoming Like Australia?
EgPfXzg1Kp4 Why America Needs More Statesmen & Less Politicians
EjD--b9QDJY What 'Fresh & Fit' Really Think About Rollo Tomassi...
EnmspFPd9lI Mike Tyson Explains The Mentality That Made Him World Champion
EpP4e_f5jdU Why Women Think Fighting Is A Turn Off
Es_TBUYFtzQ Females Reveal Whether 'Dad Bods' Are Sexy
EuTAGCSVHa4 Why Wild Fires Keep Happening Every Year
Ew4clNzqsQo Reaction to Iran Executing Champion Wrestler Navid Afkari
Ex2OifmcXw0 What To Do When Unemployed
Ey4ZkaHoAmg Reaction to Lebron James Stance on BLM - Major Williams
Ez4x-yUmXQs Reaction to Tom Cruise Losing His Mind On The Set Over COVID Guidelines
Ezux0-43jDc Gabrielle Union Strip Club Spree
F0YhkcbuIOo Brendan Schaub Questions Sammy The Bull’s Toughness
F6DD329Nbt8 What Trump Should Focus on Next
FAgau7MzHwQ The creature of the black lagoon in charge of the swamp at the White House
FCfT2GISsZ8 Reaction to NASDAQ Moving to Texas
FEMG7ks0shI Reaction to Rents INCREASING by 14% Due to INFLATION
FEpaCcJuZPI Reaction to Legalizing All Drugs
FF5eeQdHdXA World Leaders That Haven’t Recognized Biden
FFRXoae428g Why Moral Authority Is Important
FFqOj6I1_wU Restaurant Owner Responds to Her Viral Video
FJ-p0-GXT7c How Kurt Wuckert Became One Of The Most Knowledgeable People In The Crypto Space
FJUcsUpQue8 Reaction to Charles Barkley Quitting Due to 'Cancel Culture'
FJWhRLYSQ0U Former Mobster Recalls How He Rigged Wall Street
FJqr4Ht44_4 History of Chinese Communist Party - Slavoj Ži៮k
FM-SFwOfbBw Reaction To Hilary Clinton Added On Biden’s Cabinet
FNUY9zS6lDY The Nicola Tesla Invention that Was Shut Down by JP Morgan
FQW3N9kiXeg How Accurate Are The Polls?
FQnj-m8Oy4w Is The Taliban America’s Biggest Enemy Today?
FWC3MMkpV3k How Hollywood Tried To Cancel Joe Rogan And Failed
FWVBz5YBIsA Best Hidden Secret Food Spots In the World
FZANVP4I54s Embrace Being The Underdog
F_S4RgcnHQQ Should Women Buy The Drinks At The Bar?
F_fUxknEs6Y Reaction to Arthur Laffer's Predictions on INFLATION
FbBM0DJwuQ4 Facebook Whistleblower Opens Up About Worst Videos Seen on Platform
FbLkS0poo0E How the CCP Uses Lobbyists to Sell out America
FeaK6RRD25A Rashad Evan’s Top 5 Fighters of All Time
Fg3Qp3pgM_o How The Internet Completely Changed Dating
FjMuY6MtVxU Former Illinois Governor Explains How He Was Targeted By The Government
Fn7VvupwcP0 Bitcoin Available on Wall Street?!
FoIv4P0qmSw Why Great Leaders Are Hated w/Larry Arnn
FsrQj5-C8kQ Former Space Force Commander Details The Connection Between Harvard And Critical Race Theory
Fuugkv-hYWY Was Ravens Going for Rushing Record Disrespectful to the Broncos?
FvlVkXNjQM0 When Does The Age Gap In A Relationship Finally Become Creepy?
FvlokVOzvdw Working as Director of CIA for President Bill Clinton
G4_mDOqLMpA Spain Declares End Of Pandemic?
G8l8RwQGXrU Navy Seal Breaks Down Whether Or Not We Should Have Assassinated The Leader Of ISIS
GAkFPVz5lW4 The Worst Thing in Life
GBpoobXBn5c Bitcoin's Number One Enemy
GDG6SzQwiC4 Doc Antle Tells Truth About Carole Baskin
GH8kSRp7p-4 Sammy \
GHK2s1oyPN4 Did The Federal Reserve Damage the United States?
GIGzOBSa3LQ Patrick Bet-David Explains Why Russia Invaded Ukraine & What The Consequences Will Be
GJkEjTvk2Y4 Reaction to Nancy Pelosi's Comments on George Floyd Being a 'Martyr'
GJo4EAVTnW8 Reaction to $3.5 Trillion Bill Democratic Senate Wants to Pass to \
GLkNd4kzAzY Why Men Will Date Anybody But Women Are Selective
GNvgsZ6GkGQ Capitalism Compared to Socialism
GOeQsAJR4EY Reaction to Trump Going After Mitch MocConnell
GP_u00i_tD4 Why You Should Start Saying \
GPob9vDEoig Why The Elite Don't Care If You're Suffering From Record High Inflation
GPuV-Afk8cE Secret sauce for success
GRaLEWGWaU4 Why Our Meat Supply is Dependent on Other Countries
G_uiRaXqhds Strategy Sessions for Entrepreneurs
Gk7dGPJ5ayY Reaction to Dave Portnoy Starting Barstool Fund to Help Small Businesses
Gm77Yn71EFc Reaction To Trump Calling General Milley A F*cking Moron
GmqwCq6BlVc The USA Going Broke in October? - Janet Yellen Debt Ceiling Warnings
Gnq4vQnMnh4 \
GoaNyFG1TTI Rollo Tomassi Explains Why Polygamy Never Works
GolGGSY4GJ0 Who Should Be Held Responsible? (HEATED DEBATE)
GpJa5LD4Sgw Can Warren Buffett Teach his Investment Intuition?
GqSE-MoCT_E Is The Metaverse Becoming The New Reality?
H0p0ct1RfFQ Armenian Genocide Message to President Donald Trump By Patrick Bet-David
H4x_LFTCmds Former Detective Breaks Down His Most Intense Interrogation
H5ApB4GLHH8 Why Jen Psaki Dislikes Ron Desantis & Christina Pushaw
H7LxQR91ZL8 Whistleblower Breaks Down Horrific Work Conditions as a Facebook Moderator
H7lr4CJ4M5g Why We Should Build a Colony on the Moon
HC6zmxJQnxc Proposing a New Voting System (RADICAL IDEA)
HCeHzqkTR_4 Reaction to Melania Trump Having No Desire to be First Lady Again if Trump Runs in 2024
HDAf0HpGz3M Financial Industry Immune to The Pandemic
HGs-i_S0M5Q Could Tesla Smartphone Compete with Apple?
HHKxK32URYA Reaction to Governor DeSantis Law on Big Tech Censorship
HIMouOkwR1A Can Money REALLY Buy Happiness?
HLTxk3oHpIU 'Gregg Popovich is a Horrible Coach'
HLeJRItatT8 What Role Does Marketing Play In Conditioning The Mind
HMhucvfGeUg How China Waged Unconventional War on USA
HMrZ1z7eRVs Why are Older People Dominating?
HO4SjfpqLJQ How To Party Like A Billionaire!
HUgjtLUwubw Why You Shouldn't Motivate People
HW8lo1_0Lmw Forensic Pathologist Breaks Down Deadly Side Effects of Shutdowns
HX-vBgEKtVI Heroes Jordan Peterson Looks up to
HXDRQ_F2vc8 Top 5 Sex Questions With Lisa Ann
Hbwa_aGnlzQ Facebook Insider Reveals They Can Read Your Messages
HfZdMYNjSJE Reaction to Kids Trading DRUNK & Getting Rich
HfdymN1yWhQ 48 Laws of Power Author Robert Greene LIVE with Patrick Bet-David
HhYkuDPXVPY The Secret To Becoming More Attractive To Women
HkAv25TpAbw Should Critical Race Theory Be Banned From Schools? (INTENSE)
HmIQgc-5iac How to Deliver Bad News
Hmeh36ztKBM Reaction to Army Officer Pepper Sprayed by Aggressive Police Officer
HoOnku_R4K0 Dating Mistakes For Entrepreneurs
HrfyosPS7Ic The Moment Sammy \
HsOrroUE8pg Biz Doc Makes Predictions About Netflix & Disney+
HsfR9ensUJw 'Facebook Needs To Pay' - John Stossel Explains Why He’s Suing Facebook
HtlSEUVkC_0 “I F#@king Hated Fighting” - Brendan Schaub
HvbX1yywT9s Elon Musk’s Influence On Bitcoin & Cryptocurrency
Hx9a9-8uFZA Why 420 Shouldn’t Be a National Holiday
HzAqs8mnyC0 Ric Flair Reveals His Relationship with Vince McMahon and Triple H
I-9ASsUtfHY Crypto Lawyer Explains Buying Crypto For Its Technology vs. As An Investment
I-JI1GGGyjY Reaction to Anti-LGBTQ Politician Fleeing a 25 Man Orgy
I1A18Rvo7Ns Where Taxes Made to be PERMANENT?
I2JCXqxqJYM Rudy Giuliani On How The Organized Crime Worked & Made Money
I3gM3kKaeY8 Sammy \
I3z1hXF-c4Q Reaction To Leo DiCaprio Dumping Women Over 30
I4Tv7i3ViRw Will Technology Lead To Americans Being Arrested For 'Future Crimes'?
I7WO8Hz0Llg 'Ted Cruz Is A B*tch' - Cenk Uygur SLAMS Ted Cruz
I7ejF-Xqx0Q Exposing Viral China Documentary - 100 Million Views
I7sJ7GwUqKo How Chazz Palminteri Created the Movie 𠇊 Bronx Tale”
I9Y1aJaMLB8 Eddie Gallagher Gives His Take On The New Woke Military
IDQqlCwoWA8 Sammy \
IEGMNlgmNjY This is what Successful People Do
IFPZILbysiQ Why Bloomberg Donated $100M to Biden
IFu-DT-ulZE The Reason You're A Starving Entrepreneur
IGc-f01dkQE Shaqs Tipping Policy
IGoMPVf-BZY Reaction To Biden's Approval Ratings Hitting Record Low
IHHcxREM5hk What America Needs to Hear Right Now
II_VK5QjWdA Will Governor Cuomo be Pushed to Resign?
ISjBZEF2Kys Reaction to Reports Claiming Trump \
ITWVInuZXj0 Trump Aftermath - What Will Happen Next?
IVy73VcmQhk Four Year Degree Flaw in One Minute
IXNAdI0DFFM How America Can Stop Russia From Invading Ukraine
IXstZhysl84 How Antifa Has Evolved Over Time
IZ2J7-SckgQ How People Cheat in Backgammon
IcWOWy9RW1U Are Men Weaker Than They Were Before?
IfepM48RdQ8 Journalist Says America is the Worst Country to Raise Kids
ImIDdpW8s2o Reaction to Trump's CPAC Speech
ImjZ5e28ohE Why Mobsters Claim Texting Brought Down The Mafia
Inpu64mJOyw The Secret To Unification
IoSOwE5RiyI Reaction to Quavo Paying His Assistant $5,000 A DAY!
IoXHv0gTK-A Does Trump FEAR Ron DeSantis?
IsAYThglvl4 Patrick Bet-David On Why LeBron is Number 2
IuWBJyDxN50 Nassim Taleb Calling Bitcoin TRASH and Useless
Iw0TDoI7MF8 Amazon Announces Podcast Service To Compete With Spotify & Apple
Iy0ZBBox1g0 Reaction To The Highest Gas Prices In HISTORY
IyQMwNnQaA8 Cocaine Cowboy Recalls Fleeing Communist Cuba
IyTl5avi3eM New York City Record 15,000 Empty Apartments
J2uEg3N1fhU Elon Musk vs. Jeff Bezos: Explained
J3lRI9LRcmQ Hacker Teaches How to Manage Passwords
J5MwpDQ58Oc Why Professional Sports Should Allow Athletes To Use Steroids
J76qRRVaCOc How Much Money Does Mr Olympia Event Make?
J7OJszg-bI4 Breaking Down How Governor Ron DeSantis Has Handled The COVID-19 Pandemic in Florida
JA_6cgVJRAQ How Nancy Pelosi Made $140 Million Through Legal Bribes
JBO9f5rMIVs Why Men Should Never Be Vulnerable In Front Of Women
JDhpETw6Lyo Is Elon Musk Experiencing Burnout After Years of Insane Work Weeks?
JFGzhnUoY4o 10 Signs Your Debt Is Out Of Control
JIsEg-s6EbE CNN's Collects Their Best Financial Advice
JKOqZB6N1WM Reaction to Biden at G7 Summit
JP3hJSY8XcY Why Politicians Get More Corrupt The Longer They Work
JPzo0MBuGQg Dustin Poirier's Entrepreneur Career Outside of The UFC
JQWz691m2zA What is True Success?
JS9zQyYtlpg Is WHO Director Controlled by China?
JSYB1_Z2Etk Tax Abuse in California Dissected
JUpyrsYjgo0 Understanding The Power of Social Media Influence
JVAilWAsIXQ Lessons Learned From Failure
JVeaDH1Bp1w Navy Seal Explains Balance of Power In The Middle East
JWLNj35i6pk Matthew Lohmeier Discusses The Importance Of Discussing Opposing Ideas
JWi6ghl-wKs Reaction To Putin Blasting Cancel Culture - 'Crime Against Humanity'
JWnSkJIeFHg How Cristiano Ronaldo Cost Coca-Cola $4 Billion
J_cAIvp-zb0 Solutions to Crony Capitalism
JaBAbyirMJs How to Reach Your Full Potential
JaNIM7unO8s Kevin Hart's Favorite Comedians
JbotLP355fU Jim Jenkins Explains Autopsy After JFK Assassination
JbzrM1prdTA Dustin Poirier Explains Why He Can Beat Kabib
Je8414x3mbM Former Russian KGB Agent Explains How  Putin Will be Taken Out
JeaGKXhd9VM The Most Important Business Skill You Can Learn
JfupgLAO1Ik Should America Keep Invading Foreign Countries in the Name of “Justice”?
Jg3e_Y9mvoI What Americans Need to Realize After Russia Invading Ukraine
JjzRN3sjCw8 Tekashi 6ix9ine Given Advice by Former Ecstacy Kingpin
Jo7HecuKUvA Lebron James's Ohio Police Shooting Tweet Backfires
JqGUPAXoaIo Patrick Bet-David Explains Why He Was Breast Fed Till 18 Years Old
JrFOmEU85do Reaction to Tesla Purchasing $1.5 Billion of Bitcoin
Jx0Pxf8Yc-0 Why Men Don't Really Have A Choice In Who They Marry
JySAZ86Yemo How Tom Zenner Almost Started A Brawl At SoFi Stadium
K1bxl6u05ww Reaction to Anti-Capitalism Protestor Getting Destroyed
K2Z1-pmqT9E NFT's Explained by Beeple
K2ZP7lWFT8w The Problem Cyber Security Experts Are Facing
K8GPAmDXbq8 Reaction to 1 Million Tesla Cybertruck Reservations
KBR4aT-AYyA 'Your Courage Is What Makes You So Impressive' - Reaction To Oliver Stone's Fearlessness
KC8aDb1F1Xw Reaction to Obama Warning 'DANGERS' Surrounding Open Borders
KCnn1BfJMBs Reaction to Warren Buffett's Warnings About Inflation
KKje3rIjxrI Larry Mazza Explains How Greg Scarpa Found Out He Was Sleeping With His Girlfriend
KPf64To3oE8 WallStreetBets Founder's Relationship with Debt
KPhl7K8XS_M Reaction to Israelian Prime Minister Benjamin Netanyahu Being Pushed out of Office
KQU886IC7ZY How Main Stream Media is Pushing Conspiracy Theories
KR0UHd5mAYQ Reaction to Joe Rogan Calling Out CNN For Lying
KR18OE_X1y4 Trump WINNING New Election Poll For 2024 - What's Next?
KSMzSuiOQYM Revealing How American Education Is Pushing Kids To Hate Capitalism
KSnhT9Y_HSg Reaction to India Banning More Chinese Apps
KWyU-I00SKY Why The C.I.A Is Much More Important Than The F.B.I.
KZAPPLAIX9E Warren Buffett Bets Against America
KZn9rkFIG5A Reaction to NCAA Decision to Allow Athletes to Make Money in College
KbHYjTvpy64 Apple Threatens Facebook with BAN of Appstore Platform!?
Kb_iaYptemY 'Don't Give A F*ck About What Other People Think' - Lisa Ann's Advice To Women
Kf2T2yzTSsM \
KfvarHD4LDU Reaction to Candidates Catching up to Newsom in California Recall Election
Ki2bcEP3cC0 The Real Cost Of Rising Gas Prices
KiAlS27cpq8 Ray Dalio Warns Dollar Crash - Is he Right?
KjIp_t86hvo Who Was Karl Marx?
KkXGBdzsqL0 Reaction to Osama bin Laden's Family Mansion Going on Sale in Bel Air for $28 Million
KkenUUGqgaM Can Desantis Beat Trump in 2024? (HEATED DEBATE)
KnlbSB81fLA How To Prevent Dementia
KpGCUXO1F8o How You Can Make Millions Playing Video Games
KrAXaW8e1yE Flat Tax Could Replace Need for Universal Basic Income
KuRUUYvocf4 CDC Says Renters Can’t Be Evicted?
KxVbQBSgot0 The Truth About Being Red Pilled
KxhETrMffbE Reacting To Congress Attempting To Ban Trump From Office
L4z2vSqw-Uw Crossing Niagara Falls On A Tightrope
L5Yzhnpcu1g FBI Agent Who Brought Down McMillions Scam
L6U4BFLT8H4 Who's More Responsible for Failed Evacuation? (Trump or Biden)
LAiRDzRXVgs Why China is Bullying Elon Musk
LCVaZ25rXMQ Fresh & Fit React To The 'Tinder Swindler'
LDWFSC--Hh8 CIA Agent Mike Baker Explains Why We Should Abolish The I.R.S.
LDqLX4LP8Ns How Kevin Briggs Saved Over 200 People From Jumping Off the Golden Gate Bridge
LEyQBU9q_lg How Ordinary Americans Can Help Save The Country
LF63xHQ1lus Joe Biden Approves Of Government Assassinations
LHf2XTCdldA Reaction to Georgia Senate Race
LIEGN384Rpc Reaction to Dangerous Tech Company Palantir Buying $50 Million in Gold for 'Black Swan Events'
LL9Q-hoFGPk The Top 5 Financial Goals To Achieve
LOOfk8vGkcM Heated Reaction to Elon Musk Calling Out ULA Lobbyists
LS97jAxrG2k How Mainstream Media Has Changed Over The Past 20 Years
LV4_Nx_G73Q The Shocking Amount Men Spend On Valentine's Day
LcoOOZGLdGs How to Deal With Victim Mentality
LcyRXdjAHvI Will NY Taxing Billionaires Work Or Just Chase Them Away
Lefz23hEDp8 Flight Attendant Explains How To Get Into First Class Free
LhTvcRcXNlo Alex Jones Hopes Twitter Bans Trump
Ljx6aG02lec Reaction to $12 Million Settlement With Brianna Taylor’s Family
LlKmVy8gZBg Is The Metaverse The Future?
LmA8N7IJDxw The Afghanistan Commission - What It Is And How It Will Hold People Responsible
LnjrgnHch6A Reaction to Warren Buffet’s Advice to Being Inflation Proof
Lo_uqhFBGDU Why Lisa Ann Is Such A Fan Of Sarah Palin
LpeNhEOy12E Reaction to Housing Market in America
Lqrwmhk4yxE Patrick Bet-David's 2 Qualifications to Run for Office
LsChsBPT8Fw Capitalism VS. Government - Which One is More Important?
Luci7k1GUpg Why Nice Guys Are Passive Aggressive
Lv0LwmJRO68 Would a Flat Tax Work?
Lv2fchqn9T8 Reaction To Old School Jorge Masvidal Street Fight
LvnB0K5CUKk How Americans are Spending their Stimulus Check
LwQ-_ZyKR-k Reaction To Joe Biden Proposing The Largest Tax Hike In History
LxV8SLN9uOM What it Feels Like Taking Someone's Life (Former Special Operations Sniper)
LyPfVBs-hZc Kobe Bryant on Michael Jordan - \
Lz8acdiBBEI Predicting Bitcoin Will Hit $1 Million by 2026 - Anthony Pompliano
M-RLvp4KEcY The True Story Behind The Eddie Gallagher Framing
M2_IxlEi4AE Reaction To The Rocks Endorsing Biden
M45MThg4vqc How Lisa Ann Became The Biggest Name In Porn
M52m8J8Hwjg Why Communist Countries Remove GOD
MB1DAXzOnz0 Reaction to Vice Presidential Debate
MBO4R9Dk9mg Reaction to Disney + Crushing Theaters with $60 Million Box Opening Weekend
MBRSyjp6g7E Reaction to Manchin's Proposed 'Patriot Tax' Demanding A 15% Minimum Tax
MDwJpOS3N-E Why No Country Can Compete With Bitcoin
MIulSbSwGmE Rollo Tomassi Defines 'Sexual Market Value' (HEATED DEBATE)
MLyX88RRJKU Reaction to Janet Yellen's Inflation Warning Causing 'Irreplaceable Harm' to US Economy
MNbst_1KXyk Reacting to 370,000 People Leaving California During Pandemic
MOZ2NsEw84o Is GETTR The Fastest Growing Social Platform In History
MZ8KmrXWPu8 Will UBI Discourage Hard Work?
MdEVQzXw8KY Should Women Make Sandwiches For Men??
MiJX4s9_Ujg The Danger of Cancel Culture
MkXViwY1tzw Reaction to Rock’s Tequila Brand shattering Records
MmGvHIfQyJs Reaction to Twitter Censoring NY Post’s Hunter Biden Scandal
MnwZVJh4yLU Are NFT's a Fad or Here to Stay?
MqeZlNo-Snw How America Reacted To 9/11 Versus The Pandemic
MtNmB0fITxo JP Morgan Predicts Bitcoin Passing $146,000 in 2021
MtfRqFeiuX0 Warren Buffett vs. S&P 500 - Who will Give Highest Returns?
MujZQDXkaqw Reaction to Victoria’s Secret CANCELLING Models and going WOKE
N-WTxCtxV9E Reaction to USA Considering Boycotting 2022 Olympics
N21GCaJutJ0 INSANE $500 MILLION HOME
N2DCEvtNzjU Murder Detective Describes How Some People Are Born Evil
N6t2dmDkD_A Who Did Robin Hood Steal From?
N9MAMXUxQVU How Nicky Scarfo Became the Boss of the Philadelphia Crime Family
NAtoDvAkw_c How Islam Have Changed Over Time
NFk78l5ITx8 Reaction to Odell Beckham Jr. Spending $1.8 Million on Diamond Teeth
NFoa_sLxmug Reaction to Janet Yellen Suggesting Global Minimum Corporate Tax Rate
NFsNc5WWBeY Bill Ackman's $2.6 Billion Bet on Covid-19
NJm8qJnkS1I Reaction to Israel & Palestine Firing Rockets at Each-other
NJqE_MC80bI Q/A w/ Adam Sosnick
NNYwJHurlhI The Bet-David Family Is Growing!
NQLY9rkL8Uo Should America Ban Facial Recognition Software?
NSdtFrbEwz0 Turning $1,000 of Bitcoin into $2.7 Million
NT_j2iqNYVM University of California Removes SAT & ACT Requirements After Lawsuit
NV_F-QcxS2E Why Guns Are Irrelevant in the Second Amendment Debate
NZKzPxvwoyk Common Mistakes Parents Make Raising Children
N_bqtlNHQB4 The Internal Power Struggle Xi Xiping is Experiencing in China as He Looks To Become A Dictator
NbDn5YcHtqU Reaction to USA Pulling Out of Afghanistan
Nc_OIDDrsPU Jefferson Descendant Goes off on Patrick Bet-David
Nd1ZqL38ZAQ Are You A People Pleaser?
NeqB4OqyXmU How Human Traffickers Sell Victims Online
NfSyypXN28Y The Greatest QB of All Time - Mike Ditka
NgZLnQ3el3Q Sammy \
Nh-QpfyWVTs Why GETTR & Truth Social Should Team Up To Take On Facebook
NlCmaf-5Q3c Reaction to Hunter Biden Selling Art for $500,000 (CRAZY)
Nnl3nsnyP3Y The Cultural War Started by The Second Amendment
NooukUs5BrE El Salvador - 'They Accomplished In 3 Weeks Than The Last 300 Years'
Nr7p-LRA6ns 'The Entitled Are About To Suffer' - Reaction To National Food Shortages
Nr927ZZV6kk Former C.I.A. Agent Takes Shots At F.B.I - \
NrMREvGuFxI Opening Up a $25,000 Box Of Cards Live On Air
NrdjTfbbeTs Doctors Concerned with Alexei Navaly Getting Seriously ill from Hunger Strike
Nsses0aC7d8 Does Trump or Biden Using Storytelling Better?
NtQfggjy9d8 Why Investment Bankers Are Lowering the Bar for New Employees
NtfJpgIACwQ Hot New Tiktok Investing Strategy That Is Going Viral
Ntkn3okxQS4 Why hasn't Kamala Harris Visited the Border?
NzTGQVa4d-k Women Explain Why Living With Your Parents Is A TURN OFF
O27iCkl_Uh0 Can an Evil A.I be Developed?
O4lcX3eCEus Why Billionaires Become Billionaires
O7C6ZP5b84k Reaction to Superman's Son Being 'Bisexual' in DC Comic Series
O7lWjKwladQ No More Drug Tests!
O9HMVVDZkmI Former Trump Advisor Describes His View On January 6th
O9c7w0FIeRw Reaction to Dana White Looking to Sell UFC Ownership
O9gyglrdSn4 Reaction to Warren Buffett Predicting Market Crash
OBcJqlnQnjA Can the Logan & Jake Paul Save Boxing?
OD6TUBPfxo0 Should Iranian People Topple the Government? - Evolution vs Revolution
ODTu2OKL0rY Why Retirement for Millennials Will be Problematic
OE9qvI9DTRA The Reality About Internet Fame
OECWdZOC9PA Most Corrupt Family in American Politics
OEXD-oizFAA How The Babylon Bee Comes Up With Their Headlines
OHPMUlZVzyA Reaction to Australia Standing Up to China
OLmGA3CTxGQ Highest Paid CEO's of 2020
OMXPIQ9bDdA How Russia Is Still Waging War Against the USA
OWpAERVIF7I Should People Follow Their Passion or Chase Money?
OXMvXIHEO6c Breaking a World Record in Holding Breath
OY2So-aRiqA Why Women are Better with Money
Oa1d8FkFEGI History of Taxes in USA & How It Works
OaDLVO5FFN8 HEATED Reaction to Facebook Ending Ban on Claims COVID-19 was Man-Made
Oh0Sm9KIo04 Why Politicians & Professors Favor Socialism
OjrRtI0QB-w Garry Kasparov Explains How He Learned to Play Chess
Ol9NJ-hrS-8 Alex Jones Watches Frog Porn
OlLgiNl9wJI Mark Cuban - Will he run in 2020?
OmrwLGiUkKk Are We Training Our Soldiers To Be Tough Enough? - Jack Carr Explains
OnHdk7IuJGw Why You Should Be Excited For The Next Market Crash
OoEe2Sv55bw Reaction to 130 Countries Agree To Corporate Minimum Taxes
OpKnS5dnMYE Billionaire Mark Cuban Explains Why Businesses Fail
OpLn3wOrCXA Why Craig Wright Is the Only Person Who Can Be Satoshi Nakamoto - Kurt Wuckert Jr.
OrcYg2_KipU WHY Patrick Bet-David Payed $72 For a Haircut
Os8JaxBs-Ic Reaction to Facebook Introducing The Metaverse
OvEBJkVeWkg Reaction to NYC Mayor Bill de Blasio Removing Gifted & Talented Programs in Schools
OvJRYbeu2QA What Is Combat REALLY Like - Former Navy Seal Jack Carr Explains
OwI-7LD2KHs 65% of Americans Willing To Get Paid in Crypto Currency?
P5qWtu0R7-Q Reaction to Unemployment Being the NEW Welfare
P6-AJTAYJCg Reaction to Jim Cramer Calling Pelosi \
P6u7-0_Talk Reaction to Biden’s Sanctions on Russia After Invading Ukraine
P7aPMnPKNIU Why Ron Desantis Is Silent About 2024 Presidential Race
P7sNWha16lE Stocks That Could Rise Due to Infrastructure Spending
P83_SI3l8Ac Will Republicans Be Able to Beat Gavin Newsom in 2022?
P8OYst9Z32c Reaction to US Secretary of State Deleting Tweet About Freedom in Hong Kong
PBdy84-jHZU David Harris Jr. Explains What It's Like Being Black & Conservative
PC2Nj7novGs The Truth About Covid & Wet Markets w/@THE REAL TARZANN
PGvZHo3JY4M Tim Grover on Feeling Guilty and How to Overcome it
PURSz5Npxww Does Nancy Pelosi Fear AOC?
PUVdfCA6H7E What Would Happen if Government Banned Guns?
PVP2tq0YsG0 Beeple’s NFT Investment Tips After $69 Million Sale
PVn35oENAZk Mike Tyson Voting For The First Time
PW-HGTpm7p4 The Biggest Flaw in a College Degree
PXC0spZ2M4U Is Bitcoin Digital Gold?
PXE4f3v-ZwE What Will Happen to Ghislaine Maxwell?
Pbm9EH6h9Mg The Only Person that Can Beat Trump in 2020
PdDQ-2EwTWA Reaction To Bitcoin and Cryptocurrency Rising Due To War
Pezoq5WV27E What America Spends on Cancer Medicine per Year
PfEqRV5-tsI Can Bill Belichick Win Without Tom Brady?
Pk-PlLTKcOM Newt Gingrich Reacts to Biden’s Response on Packing the Court
PkrX6XrFp4U Reaction to Obama Starting a Podcast
PnxNFTHDTF8 New Study Finds 30% Of Programmers Are High At Work
PpkTZPMYzXw Reaction to Jack Dorsey WARNING About 'Coming Hyperinflation'
Ppzpu_XTklE Gender Reveal Starts Massive Wildfire Costing Millions in Damages
PtAje0kYzZM A Females Perspective On \
Put5aA-EvX4 Why Hard Work Beats Talent
PzfYgmxDMaQ Beginners Guide To Crypto
Q5TbrbInEkA As Amazon Expands in the Air, Will UPS & FedEx suffer?
Q7ppyLg9CRA Why Mr. Beast Is CRUSHING It..
QAjow8oDBJ8 Reaction to HP Leaving Silicon Valley for Texas
QCmp_sGKOA8 Patrick Bet-David Explains The First Hand Danger of Drugs & Why You Should Avoid It
QDUWhBdo2yE Jordan Belfort Predicts Bitcoin Crash to Patrick Bet-David
QDnC_o6lMLc \
QDtAHGfQnvA How Diet & Fasting Can Save Lives
QFdRDY6xF8I Michael Franzese & Sammy “The Bull” Gravano’s HEATED Exchange Over Leaving The Mafia
QGEal1qwiJk Biggest Threat to Human Existence
QG_3mhUrZfI 7 Ways to Lower your Bills TODAY
QGiSvCTno-w How the Different Levels of Competition Work
QHBGiTIyf88 Does President Trump Like Bitcoin
QLqzlz-THEE Oregon Local Holds Arsonist at Gunpoint
QM4EvN1dObU Reaction To CEO Salaries Increasing Over 1000% Since 1978
QMQ1eiQcogw Why Storytelling will Help Your Business
QQhvFGORpuw Why The Pandemic Scared The Whole World
QSyxotMRBII DEA Agent Talks About Modern Pablo Escobar
QWru44-wOPc Will A Jon Jones - Francis Ngannou Fight Happen?
Q_JhnrvyB34 The Secret To Dating 'Top-tier' Women
QashzT89GNk Why Men Are Attracted To Younger Women
QkUbTAxJs38 Reaction to Apple Accused of $70,000 Bribery of Sheriff’s Office
Qs8OHsNm-W0 How 'Meet Kevin' Got the Name
Qsl_yB9mXXw Why Systems Are Important
QsoQLLKgeGI Billionaire Michael Saylor Destroys Warren Buffet On Bitcoin
QtTp7CH3wKw The Rock or LeBron James - Who would make a better president?
QvVGgry-9wI The Real Reason Warren Buffet Has $150 BILLION In Cash
QzeSDEFxMqM 'I Thought It Was A Snake, But It Was Just A Dead Rat' @THE REAL TARZANN And His Wild Snake Story
R-LAbbh0vQA Does OnlyFans Lead to Increased Human Trafficking?
R02xxXZ6T2s Reaction to Possibility of Second Shutdown
R1fx_nOLZ_I Host Of ‘The Roommates’ Podcast Explains Why More Money Only Causes More Problems...
R2JpjFu7FH4 Reaction to Bill Gates Pursuing Women at Microsoft While Married
R5ATnBMgPg0 How NFL Rules Have Allowed Players Like Tom Brady to Play Longer
R6_To__kn1I Patrick Bet-David Star Wars Lightsaber Duel
RAb0jJYx01o Will Elon Musk Be Able to Deliver Affordable Tesla?
RDDg4zDxqGQ Is Investing In Crypto Gambling?
RDuRp9Qy0Fg Reaction to Janet Yellen's Surprising 'INFLATION WARNING' with \
RF02aErup30 Reaction to Biden's Proposed 98% Tax Plan
RIc79FotwT0 The Best Financial Advice for 20-Year-olds
RN0YUgMOkBw Sports Betting is A WASTE!
ROtnQmg5N-0 Speaking out against the left is consider racist - David Horowitz
RRcy7pOYQvA Why Patrick Bet-David is Willing to Pay $5 Million to Have Obama & Trump in The Same Room
RReiP-HNHHI The Difference Between Heart Attacks and Panic Attacks
RRr-STDNWQk Rich People are Moving to THIS State
RTjmp3SH874 SHOCKING Stats on Taxes in USA (Mind Blowing)
RUhxMCA4eoc 'Everything He Runs Is A Scam' - Cenk Uygur Trashes Donald Trump
RVoZKzJ-aHQ How Chris Hansen Started Catching Predators
RVw-xeLuUkw Urban Meyer Caught in Viral Video At Bar
RY6rqPmKWzs Women Give Their Perspective On Marriage
Rbb1szVBffw Israeli Soldier Debates A Palestinian LIVE
RcJkRXrg_v4 Reaction To Novak Djokovic Being Banned From The Australian Open
RdcHIosMj3c Why Elon Musk Should Give The U.S. Government Equity In Tesla - Cenk Uygur
RjAjbG49nvY Biden's Family Connection to China
Rm2i5FgFsFY Reaction to Port of LA Working 24/7 To Unload Ships
RmBW8kyTlMk Reaction to Mexican Border Crisis
RneAJ7Lat1Y Why School Wouldn't Teach You MONEY
RpRA6me-V90 How Facebook is Selling Your Data
RqC2fxbsaTY Sammy Gravano Explains The Worst Part About Life In The Mafia
RqGjziGLRZs 'History Is Repeating Itself' - Why Societies Collapse As Men Become Less Masculine
RqNIj7a_zrE How NASA Scientists Teach China How To Make Hypersonic Weapons
RqRuNrEG4NE Becoming Saddam Husseins Son's Body Double
Rry0lkggSnY Former Special Forces Soldier and Vietnamese Refugee Explains Danger of Communism
Rw-lOuAC7bQ Could Social Media in China Have Prevented Coronavirus from Spreading?
S1EEFauvwlw Are Asians REALLY Smarter Than Everyone Else? Or Do They Just Work Harder?
S2xdwmPBsBU Reaction to $2,000 Stimulus Being Passed
S3Vc8MT0Nq0 Would Tech Change The Way The Mafia Was Run?
S5UG6bOjp6s Fixing Boxing Fights for the MAFIA (CRAZY Story)
S5ihYmzAmeY Online Dating Leads To Divorce?
S6TQ1hpJpCo Renting vs. Buying
S6rBBAcm9fk Reaction to HEATED Bill Maher Going off on WOKE'ism at the Olympics
S6uDTozC_1I Reaction to Bill and Melinda Gates' Announcing Divorce
S7xoMsTuex8 Why Universities Are Starting to teach About Entrepreneurship by Patrick Bet-David
S9WFhzKVZoY Reaction to SNL Cast Members Outrage After Elon Musk Announced to Host
SAtMVLCyI6k How Buffalo Balls Increase Natural Testosterone
SCwU89bDjt4 Gold vs Bitcoin - Which One is Better?
SD8IEuK8_m4 Dustin Poirier Is Willing To Die For Victory
SIfA7qAz7DU Why You Should Ask For a Raise Right NOW!
SJFaR_65N90 Planning a Successful Life (How to Reach Your Goals)
SP-ks68w9Cc Is Dana White The Key To The UFC's Success?
SPbrhnBbbb4 Why Trump Putting 𠇊merica First” Got Him Kicked Out
SRfd8Wc1v2s 'Why I Never Used Social Media' - Professor Cal Newport
SS6dobpEH7Y Does China FEAR Trump More Than Biden?
SU-HPiBIUwU Why Bitcoin Is The Safest Investment for Money - Anthony Pompliano
SVzLf4VuJsc Reaction to Head of Teacher Union Pushing to Reopen Schools
SWcHAiOJHbE The Simple Skill Millionaires Master
SZl35rvnlK4 Why Was The US Military In Afghanistan for 20 Years?
SaFpr1VMfZQ CIA Agents Explains What CIA Looks For in New Recruits
SfKifNNLk4Y Have Diets Turned Into Religions
SfM5fEk11EY Reaction to List of People Banned from Twitter (SHOCKING)
Sfq7QWbvSXQ Reaction to Alexandria Ocasio-Cortez's speech at the DNC
Sh0hAmzwKPs The Biggest Threat Facing America
SiRd1vaBtlA Why Most Americans Wouldn't Get a Tax Return Next Year
SjRJ2Kl-JZ8 Patrick Bet-David Live with his Dad
SjXqKfO1gcc Will Derek Chauvin's Trial be Bigger than OJ Trial?
Snk4-G4fS5A Will We Have A 4 Day Work Week?!
SofS2Bj40Nc Reaction to Miami Spring Break Shutdown
Sotq7F8jJSA What Happens When The Government Becomes God?
SrY3eOdt6vE Reaction Kevin Hart Getting Scammed for $1.2 Million
Ss4reTcuqM0 Can Anyone Be An Entrepreneur?
StN8BlgYSQc Former Trump Executive Shares What She Learned From Him
SvQIdfJo06M The Aftermath of 2020 Election
SxLwB0dgjns Reaction to 'Big Short' Michael Burry Comparing Tesla to Dot.com & Housing Bubble
T5QFdZLkguI How Jon Perkins Became An Economic Hitman
T7Kj3zH-HfY Patrick Bet-David Breaks Down How Words Can Become Reality if Repeated Enough
TCMDtsZLBPs Why A College Degree Is Worthless Today
TDcor_lHCZc The Biggest Issue With College TODAY
TDhvYyMqDUg Does Scandinavian Socialism Work?
TE5L1GBaqqo Reaction to Governor Cuomo Being 'Asked to Resgin' By Biden After Sexual Harassment Allegations
TFCflElnSKs How to Spot Depression
TFO2evEZKNM Why DoorDash CEO Will Make Deliveries
TI_Ne7gXci8 Is It Time To Open Up Business?
TJ4s18FRc2E Reaction to Janet Yellen Making Millions Giving Speeches for Wall Street
TJpJHjsbkGs Mafia Boss Angry with Phil Leonetti & Nicky Scarfo
TMC0CBsb7GQ Reaction to News Trump Starting Own Social Media Platform
TOPqVhqKdaM Reaction to Kanye Becoming The Richest Black Man in America
TRbk5kuxUMU Lisa Ann Breaks Down How She Made Her Millions... And It's Not What You Would Expect
TVeV7Lh3K4w Jordan Peterson - 7 Fatal Mistakes Colleges are Making
TXA6Oz1Vq0Q Crypto Is TAKING OVER The NBA
TXvvMGrZDAw 'He's Full Of Sh*t' - Billionaire Destroys Peter Schiff's Gold Argument
TYKYAaGsjtE Should Confederate Statues Be Taken Down?
TZ7ng1nVmrQ The True Cost Of Keeping 100+ Animals w/@THE REAL TARZANN
Ta3qH_qHdR0 Reaction to Beverly Hills Protestors Fighting
TcwEfkUoXOE A Deeper Look Into Patrick Bet-David
TdvCIhUUwAU Gas Prices Are So High People Drilling Holes In Gas Tanks To Steal Fuel..
Tg9Q-oVXbtY Reaction to Michael Franzese's Explaining The Mafia's Involvement with JFK Assassination
TmlWUEwnUpQ How Much Can Gerard Bench Press? (SHOCKING)
To562HhoUgQ Investment Advice from WallStreetBets Founder
ToZiVYsQY9c Standing Up For Free Speech
TqAwZzUMTz8 The Biggest Change With the Pandemic
TqXmAIQkM6g $6 MILLION For A Sit Down With Trump & Obama
TqzkBRXoK1g Revealing Who Sarah Palin Really Is
TtDe1Yme4No Why Banks Lend Out Money Too Easily
TtRbZQPNfsY Leading Crypto Lawyer Breaks Down The Government's Case Against XRP
TuI49KWwk8s Former Special Forces Soldier Gets Emotional Talking About Leaving Soldiers Behind in Afghanistan
TvRgzIFTYms Former CIA Agent Reacts to WOKE CIA AD
Txos4MWdeFY How Does the Constitution Protect us?
U1DlchSen9o Women Give Their Perspective On The \
U2zDLpXbWkw Reaction to Putin Being Nominated as Russia’s Sexiest Man
U3E_Cj2nAbQ Patrick Bet-David Explains The Most Annoying Part About Marriage
U5mAqV6zHxM Reaction To Disney President Demanding 50% of New Characters Being LGBTQIA
U8T9WWBb8Vc Reaction to USA Making Climate Change Agreement with China
U9GAlPmAiTA Reaction to Allegations of Antonio Brown's Using Fake Vaccine Card
UC65nPMfh8E The Battle Between Amazon & Walmart
UEWZLMqM6L4 Reaction to Armenia-Azerbaijan Conflict
UHzwV4oJma4 Former onomic Hitman’ Explains Why the U.S. Government Tried to Assassinate Him
UIqkslPN5pY Reaction to Texas Abortion Law Leads to Heated Debate
UJd8g8skSWI Reaction to Biden's State of the Union
UJm4y1oxF0o How Adam Spends His Time Off The Podcast
ULGNN65qLxc Jobs Artificial Intelligence Can't Steal
ULeJi-ijCZs Working After Hours Is ILLEGAL
ULn72pz6U2o The Biggest Threats to America Today - General Spalding
UQytj88387c How To Budget On $50K A Year
USlHHONmjeg The 4 Steps to Increase Net Worth
UUT5oF-6pqU Why Saudi Arabia is Better Than New York City - Comparison
UVVPbIArYDE Why Osama Bin Laden's Niece Supports Trump
UWM3Kr_BrOc Why Trump Should Send Out a Stimulus Check
UYqsdr5Eouo Eddie Gallagher Opens Up About The Military's Toughest Training Paths
UaGi4yQ8mU8 How Banks Create Economic Growth
Uc8295g2ljc Marshawn Lynch's Best Financial Advice
UcwLMaY2QKc Trump’s Executive Order Hurts Universities
UeWkoT0vCgI Travis Scott Makes McDonalds Run out of Burgers
UeXNif1CEN8 Should US Presidents Have Access to ALL Classified Information?
Uf1XCz4Q_D0 Reaction To Jack Dorsey Stepping Down As The CEO Of Twitter
Uf463-UqSwU Should Major Sports Legalize Steroids?
Ugx_xj_68J0 Reaction to Trump's Interview Being Removed from Facebook
UlGui-ps8z0 Why Taiwan Causes Tension in the US - China Relations
UlLXlHvqWUU How Does Money Factor Into Divorce?
Urmg5booZ7w Reaction To Oregon Dad Telling Joe Biden “Let’s Go Brandon” on Phone Call
Uuvvoedltmg Would You Enter Area 51 if You Could?
Uw_1gKCTO4s One Law Stopping Silicon Valley from Moving to Miami
UxGJnVJrBGU Billionaire Explains How Dollar Is Collapsing
V-5_CmubuL8 How the GameStop Stock Frenzy Started
V-RGk5DRuwA JFK Assassination - Robert Kennedy Jr. Reveals His Investigation Of The Case
V0-W38LAqCQ Cenk Uygur Claims Mainstream Media Cost Bernie Sanders The Election
V1rR9zAUD7k HEATED Reaction To Pilot Saying \
V27wVM71zYc Reaction to United Airlines New Diversity Policy (At Least 50% Women and People of Color)
V5EZ-MXMY_s Reaction to James O'Keef Confronting CNN's Jeff Zucker
V9rfM1NLIlI Reaction to Rumors that Joe Biden Sh*t Himself During Meeting With Pope
VA-n8k_lPxY Patrick Bet-David Reacts to Jeff Bezos Going Into Space LIVE
VAIguSFa-FQ Sammy \
VBEhNEJowP4 What Average People Don’t Know About Money
VBH4cc0BCwg How Things Influence Us (FUNNY STORY)
VDBwiMfMDyY How Patrick Bet-David Almost Got Kicked Out of the ARMY
VEZPUM7YWao The Real Tarzann Explains Why Humans Are The Most Dangerous Animals In The World
VJYQmg8SEM8 Reaction to Amazon Labor Union
VNVNc_BVSUQ Reaction to Bitcoin Nearing Peak Price
VNoSwsai73g Reaction to San Fransisco Mayor saying \
VOfQbd4iGiE Reaction to China's $400 Billion Deal with Iran
VSPBjekOMg4 Does the United States Government Hate Ripple?
Vd8DKgc1k3M Reaction to Yahoo Officially Leaving China
VeXkY-1tDYY China Copied Soviet Union's Propaganda Playbook
VgPmVXMd_BQ Creating the Right Incentive Plan - Q&A with Patrick Bet-David
VgzNEkAKWjw Elon Musk BASHES Crypto
VhoC57uN0B8 Reaction to Biden's Response on Cancelling $50,000 in Student Debt
ViDiFXe9Wj4 Global Debt Expert Explains The Risk Of Doing Business In China
VjJv7F9z8vE Forcing Cultural Changes
VlN1_TEzwWM It's Not Over Until It's Over
Vm3D6oZN4cw Oliver Stone Opens Up About Barack Obama & Joe Biden
Vm7YewUfIoQ Patrick Bet-David’s Ties to CIA (Crazy Story)
VoWaNqpjWno The Problem With Alpha Females
Vr2Bj6KAnDI Reaction to Soros Blasting Ray Dalio & Investing in China
VtuylYKmPSg Why Bitcoin Should be Used & Not Collected
VuDHzrqF-z8 Why Francis Ngannou Deserves To Be Paid More
Vv1Un5oqjds Kobe Bryant and Michael Jordans Sign's of Greatness
VzEkCCpvI_M Reaction to Most Admired Man in 2020
VzQ0RZIUhGA Mr. Wonderful Approves Bitcoin
W0VXstsov28 How USA Used Economic Hitmen in Iran
W112HDrHWIM How The Soviet Union Indoctrinated Communism - Former KGB Spy
W39iOfloCrw Benefits of Intermittent Fasting
WBO4lJIuMgM What People Are Saying About Mafia States of America
WBhNijAydHQ Is Patrick Mahomes Washed Up?
WCGYSRzZwF8 How To Have Conversations With People Across The Aisle
WIjFhCHueW8 CIA Official Breaks Down America's Biggest Threat
WIohMAOdsdA What Interviewing Elon Musk is REALLY Like
WKcnlVCK7q8 Mike Tyson Explains How Muhammad Ali Inspired Him to Become World Champion
WPKFIVhr2mw A Night Michael Franzese Will Never Forget
WPRty3TUDHs Why Kids Are Committing Suicide Due To Sexting
WQoEtwY-Ry4 How the Jewish Mafia Fought The NAZI's in America
WRMLYJktb5U Reaction to F*** Biden Chants at Colleges Around the Country
WTWr-_b9cas Reaction to Someone Paying $28 Million To Fly To Space With Jeff Bezos
WU1xE4IXsHs Why You Should Always Break Up With People Over Text
WUCdP_QzTA4 How to Travel The World for Less than $1,000
WUPYmmSa9gs Reaction to YouTube Catching up to Netflix's Profit
WW_V6DP3CN4 Reaction to Tom Brady's Insane Diet and Routine
Wa9j0cYbnAM How Chris Hansen Got His Start In Journalism
WaM12ox2ZpM Reaction To People Taking Better Care Of Their Animals Than Themselves
WdcbmeW_w7c Reaction to 33% of Parents Supporting Kids Financially During Pandemic
WgujeUwlY28 How to Prevent Heart Attacks
WiTd5NXyJLg What Does the Next World War Look Like?
WjAI8E_vyGk Phil Heath on Competition
WjMbk6TUubI Surprised My Barber With A Gift
WlNztdB0rNc Chris Hansen Gives His Thoughts On James O'Keefe
WpfkYQPpUiU Break Through The Wall
Wqrf6rV_L14 How Bitcoin Can Survive 1,000 Years Of Cyber Warfare
WrE3b26iAQ0 Reaction to LA Reinstating Masks Against Delta Variant
WrkEJ70VAkE Reaction to Governor Abbott Removing Mask Mandate & Opening up 100%
WsFesWvA0kA Reaction to John Cena's Apology to China
WsaD5oa0nNQ Dustin Poirier Breaks Down His First Win In The UFC
WuEhWY75BHc Economic Hitmen of Global Economy
X-T2Ed_mXG4 How to Hold Your Breath for 24 Minutes
X0ZCQDoexUI Facebook Spent $23 Million for Zuck's Private Security!? (IN ONE YEAR)
X2rdh41J0g0 Lisa Ann Reveals How Stripping Got Her Into The Adult Film Industry
X4bej_F0kZA Why Reading Decreases Happiness - Jordan Peterson
X52sam3w4wA Gold vs Dollar: Why The Dollar is Becoming Worthless & Gold is Increasing
X6hHbxqNkDA Why Meet Kevin is Running for Governor
X8rV9OWENhU Wayne DeMilia Critiques Shawn Ray
XDfMLcc_OMU Patrick Bet-David Proposes 'Employee Rating System'
XHJ1xhvcZR0 Reaction to Shopify Partnering With Walmart
XJQFWqz6riw Is Renting A Waste of Money? (Rent vs. Buy)
XKTwRVtisKU Economist Breaks Down America's Biggest Threats
XLcxIIgeLK0 Democrats Complementing Trump & Republicans Complimenting Biden
XOWX0pUAbUc Director of Mafia States Reveals What It’s Like with Mobsters on Set
XQOcV77bGbM Should You Own A Car Or is Uber Cheaper?
XT0ElRgI8kk Is America Ready for a Third Party?
XUmaqBhunhc What Travis Scott Doesn't Want You To Know About Festival Chaos
XX1N4XHm_OY Do You Need To Drink In Order To Have A Good Time?
XXGimyZpAXE Reaction to Biden Taking Venezuelan and Iranian OIL Before American OIL
XYkjEfdUg88 Reaction to White House Going After Joe Rogan for Vaccination Comment
XZgz-TSDo5I Can Mobsters Really Change? - Former FBI Agent Answers
XbcoUmNafRw Reaction to Jake Paul Fight Against Tyron Woodley
XcB-_94355U Reaction to Jerome Powell Holding Back Hyperinflation Spending
XeBU-MKlWI8 Navy Seal Explains What Happens If Iran Gets Atomic Bombs
XhUI064H-jU \
Xngla5PgjEw Going After The New York Times
Xo5jQivEB3g Pete Davidson Is Out Of His League...
XpFW7eY42rQ The USA Going Broke in July? - Former FED Economist Explains
XpuKLnl8WAA Reaction to Tyson Fury Boxing Fight
XrIuP9wCfU4 What It's Like To Be Friends With P Diddy
XuM7GSnc2TY Alex Jones Cries After Being Banned from Social Media
XuuPzTxxeIk Why Steroids Made Baseball Better
Xv-_3FJL0ck Why People Go from Religious to Atheist
XybzlZ9yhno China's Economy in Relation To The World
Xz9_wBU8__w Teacher Shows Brilliant Example Of Socialism By Failing Entire Class
Y-RFpp7MSWM How To Tell If Gold Is Real - E.B. Tucker
Y0X9qmn404M Janet Yellen Finally Admits Inflation Is Taking Place
Y2JHKyqCbeI Reaction to Melania Trump's Audio Tape Leaked
Y32HerzkuP8 Reaction to Opioid Deaths Soaring by 30% & Killing Over 93,000 People
Y6zokGAbNEU Reaction To California Doubling Its Taxes
Y9CQzZzWBj8 Reaction to Trump Thinking He'll be 'Reinstated' As President
YELC5mkI1zQ Ryan Garcia Knockout Technique Explained by Warfare Combat Teacher DK Yoo
YIHBmLaE6eA Reaction to China Banning Bitcoin & Crypto Currency
YK0_Q_HjusY Why Democrats Would Rather Vote for DeSantis than Trump (LIVE CALL)
YKTwUybatiw Got Some BIG NEWS!
YMeujm7v1mY Where Does Money Come From?
YNR7C_0a4HI Ben & Jerry’s Supports Defunding The Police - Smart or Stupid?
YO4fnD9iEWE 'He's An Elitist Snob And Someone Should Kick His A*s' - Rod Blagojevich On Justin Trudeau
YOTinx9OVTs The Dark Side Of Saddam Hussein & His Son Uday Hussein
YPMPMLjBaiQ Reaction to AOC Wearing 'Tax the Rich' Dress to $30,000 Ticket Event
YSh9zaZ1IFg Reaction to Warren’s Wealth Tax Proposal
YVBzenxw4-c Oscars Ratings Hit All-Time Low & Trump Calls Them Out
YVeWvGZVtSI Patrick Reacts to John McAfee's 'Alleged' Suicide
YZgebzbsDRg Why Inflation Is Going To CANCEL Thanksgiving
Yc3WaXuEMBs Reaction to Leaked Information in Pandora Papers (Putin, Elton John, Tony Blair)
YfbIYAH88vU Financial Advice for 20 Year Olds
YfjnHep7pZ8 Reaction to 66% of Americans Demanding Reparation Payments from China
Yj19ufeEGeE Why American Companies are More Vulnerable to Hacking
YkDtsbLdNuI Reaction To Joe Biden Calling Fox Reporter A \
Ym4An5bqqxk Why AOC Could Destroy The Idea Of America
YnkkVuvgi8c Head Spy of Mossad Reacts to Storming of US Capitol
YpSiAHiCwqM The Difference Between BLM & Antifa
YqCRR2tDJKg Chess Grandmaster Garry Kasparov's Views on Strategy & Risk
Yqj7V5MCSzI Ryan Lochte Opens Up About Being Left Out of the Olympics
YsIYl-LZmoM Reaction To \
YsKYCDL9mIA Why Does America Have Bioweapon Facilities In Ukraine?
YtCQ80rsT-c Skydiving without A Parachute at 250,000 Feet
Yv4bi6xh9yE PBD Raced A Cop & A GSX-R Motorcycle (CRAZY STORY)
Yw-CDvghpHI An Argument For Why Republican Lawmakers Should Ban Critical Race Theory
Yze6xPXCSVg America Going BROKE!? - What This Means For YOU
Yzn42Am34Fk Reaction to Indian Farmers Protesting
Z1S7sx8EHAU WHY 70% of Millennials Live Paycheck to Paycheck
Z3Bg0ujho7U Reaction to Russia Hacking US Treasury
Z3M9vUYjCLU Reaction to Phillip Morris CEO Saying Cigarettes Should be Banned
Z3wBNHJiaTY Patrick Bet-David Reveals The Most Corrupt State In The Nation
Z5wQvGM2AkU Where To Move If America Fails
Z6sosfo3A4Q Kobe Bryant's Journey to \
Z9BRKYLFwJc Why Elon Musk Loves Dogecoin & Ripple Founder Hates it
Z9JuiMe3nXI Why T-Pain Lost $40 Million in 10 Years
ZD89KYsTF-U Do People Invest in Crypto Currency or Gamble With It?
ZDDcp2rUMWw Should Men Ever Get Married?
ZF3JXFfLK5M Trump & Biden Tax plans Compared Side by Side
ZGIOllPoOG4 How to Win the Gubernatorial Race in California
ZG_-qNC-kL0 CIA Matt Zeller Warned About Lack of Pandemic Preparedness in 2006
ZHbSmO_C518 How Silicon Vally Looks at \
ZJ8Z8NbaJv8 Is Crypto Currency Causing Americans To Stop Working?
ZJKgmx79Lb0 Former Mafia Member Explains Witnessing First Greg Scarpa Hit
ZJUfVHIKGr4 23 Year Special Forces Solider Explains Military Transition to Civilian Life
ZLDBpfXFy0M \
ZOpOjmW0uwU Why Schools Don't Teach About Money - W/Robert Kiyosaki
ZPL7YBh05yU Did Jeffrey Epstein Fit The Profile Of A Typical Sex Offender?
ZQ6uCh4QH-Y Stay Away From Food With Labels
ZQipxeylV-w Bitcoin is BACK (According to Bank of America)
ZRzNbrvwy0A How COVID-19 Isolation is Killing People
ZSYhbm1nHsQ NEVER Sleep On It!
ZVOH6VXEfdo The Qualities Of A Good Fighter
ZVuOG5H1rNk How Covid Changed The Housing Market
ZcX8Etbi5HU How to Prepare For The Next Market Crash
Zd3lbfknuUA Reaction To Jeff Zucker Resigning From CNN
ZdrDuwQ1OSY Reaction to Terror Threat From Iran
ZfGc6YDWsy8 Reaction to Lil Nas X Devil Nike Shoe
Zh-lA05FDC4 Dustin Poirier Describes The Type Of People Who Fight For A Living
ZnKqZZOkSTY Reaction to Facebook Accusing Apple of Being Anti-Competitive
ZncARp2-Sdg How A Black Man Convinced KKK Members to Leave
ZpIdTKwqW6o Life as an Undercover FBI Agent in the Mafia
ZrL35sd1Pj4 The Noose Around India’s Economic Growth
ZsxxFQe1t88 Reaction to Mark Zuckerberg Stopping Millions of VIP's From Censorship on Facebook
ZwO0_tTTH_8 Reaction to China Surpassing USA's Economy
ZyUuzg5nioI 12 Things You NEED to Learn About Money
_-ImMY61K8k Why I DON’T buy into the concept of “white privilege”
_0NCwcAe8mc Is Harvard Racist?
_0Xp6cl9YQU Reaction to Environment Cost of Mining Bitcoin
_1BHrST6Zfw Reaction to Connor McGregor's Net-Worth Doubling After Sale of Proper 12
_3CuXqxKRGo Would Herd Immunity Restart The Economy?
_3fhHt23sKE How Busy are You Really?
_4mMcopKTek The BIGGEST IPO's to Look Out For In 2021
_8B3_inljJo Reaction to Elon Musk Selling his LAST California Property
_9pRKH4V_-Y General Spalding Breaks Down China's Expansion Strategy
_C9Z8eBB_ow Did John McAfee Own an Apartment in Miami Building That Collapsed?
_CZ5YLLOK9Y Reaction To Trump Picking Amy Coney Barrett As SCOTUS
_G4q-i5zgaM America's Biggest Enemy
_LCrYDEmPMA Trump's Biggest Weakness
_NIRJcIOzqA Secret to Retiring with $1 Million Dollars
_NxqjeBqBQA Hidden Danger of Passive Investing - Former Portfolio Manager for Peter Thiel
_RP73lRvrhs 2 Qualities the Mafia Looks For
_R_79k363PM Will The 2021 Olympics in Tokyo Be Cancelled?
_RoLqUunNC4 Reaction to Tim Tebow Joining Stephen A. Smith on ESPN's First Take
_TBUndA-Bqg Can China Become The World Economic Super Power?
_TLifFA9vIo Can You Live Off Crypto?!
_Y9a0PdYJdQ Will Conor McGregor Make a Comeback?
_bNVmiyB6TM Should There Be A Second Round of Stimulus?
_cJVjS-5AFs How to Save California From Massive Exodus
_f4OwRdbuR8 'He Did It' - Rod Blagojevich Reveals Whether Or Not Andrew Cuomo Sexually Assaulted His Aide
_h_o4vCtX1o Why Women Have To Have Kids Before 30
_lpufaUYns8 How Billionaire Peter Thiel used a Roth IRA to Amass Billions TAX FREE
_lw4tsepfK8 Heated Reaction to Carlos Mencia Calling out Joe Rogan for \
_mkw-0-biOA Billionaire Leon Cooperman SLAMS Donald Trump As Incompetent
_rT7N_GhHJI Why Sales Makes The World Go Round
_rqQoXmJy08 Did People Have Less SEX During the Pandemic?
_vbMDn7Zg-Q Reaction to Mr. Beast Creating Viral \
_vold4GF510 How 2022 Midterms Will Change The US
_yR0uPlUw-U Social Media that Makes Money off You
_z5k0ghjA-8 Woke Movement Regarding Islam Taking In Education and France
a-NbKHf3-Fw Patrick Bet-David Reveals His Advice To His Daughters
a-S-QYsVjeE Secret Service Most Wanted Avoids Arrest
a8BDy8KyXUY Will Jeff Bezos or Jay Z Be The Next Broncos Owner?
aABuwTHegpo Man Gets Kicked Out Of Costco For Refusing To Wear A Mask
aC4cyZcPaQY Reaction to 'Meet Kevin' Running for Governor in California
aCCwNtJ-bjE Revealing Bill Gates Secret To Innovation
aCXIA8E_rFM Reaction to Why Quibi Failed After Raising $1.8 Billion
aDaNiQX9FqA Reaction To AOC Claiming Texas Will Turn Blue
aDtk4Q-Q67U ‘I Was Shot 6 Times At Close Range’ - Why Gianni Russo Started Stem Cell Therapy
aEMskimd0Ys Are You The Next Mbappe?
aE_5JnxvdyY Patrick Bet-David Talks Mafia States of America With Michael Franzese & Sammy “The Bull”
aFKO3puMkpA Former Green Beret Tu Lam Details Horrifying Experience Overseas (EMOTIONAL)
aGvngKMXi9Q Reaction to AOC 'Trashing' the Man Who Saved America
aHWokZwI0UQ How Catching Human Traffickers Work
aIcaeT2yBKc Million Dollar Wayne Gretzky Card for SALE
aLEFA_G9JeQ Reaction to Possible Chevron ExxonMobil Merger
aOCHbBvbwX8 Comparing Trump & Biden Tax-plans
aPFHgqm7nr0 6 Steps To MAJOR Success
aQgRPChZwDg Adam Sosnick Explains How to Find A Mentor
aQt-i4GrCqg Heated Reaction to Presidential Debate
aR5iEq_ApxY Reaction to Disney Adding Black Santa's Across Parks
aUFfVD6L0vQ What Country has the Most Beautiful Women in The World?
aUfShTWLlLY Why American's Are Softer than Before
aZ42JIvHmNk How to Solve the Education System in America Today
aZWb_5mCoss How Rollo Tomassi Became \
acTIkwuX_n8 Jordan Peterson Clarifies His Stance on The Catholic Church & Religion
acWLGitCnks Is Attempting Suicide Illegal?
ad_5WU8K4eY Squid Game Crypto SCAM
adxSasHGJG8 Patrick Bet-David Responds to Haters
adzW8AwOE3Q America Never Had 400 Years of Slavery - David Horowitz
aeM-VAY_hSg Reaction to CARDI B - WAP Song
ag2pSAtOLEM Mike Tyson Opens Up About His Next Fight Against Tyson Fury
ajhOBE1jrcs Reaction to Rihanna Becoming A Billionaire
ak9Lv8DdK1I How We Lost The War On Drugs
akH5BIu2Wbw GM VS Tesla - The Battle for Electric Vehicles
al5HTEcCsuk The Crazy Mindset of Winners
ar9FPlGLwuI CIA Official Warns About One Global Government?!
atzm6hWmQk8 Why Mobsters Hated Republicans and Loved Democrats
aucQOUL5CiA Reaction to Cyber Attack on Oil Pipeline
auw_weYBjM4 Breaking Down The Cultural Impact On Self-Identification
azZ2b1UoUEc The Importance of Both Parents - Gerard Opens Up
b-Yo9kS6MSo Reaction to Child Brides Being Traded for Food & Safety in Afghanistan
b-wgUonu4VE How One Prospect Could Change Your Life (Mr. Lee Shoe Shine Business)
b1EIuWQXiY0 CitiGroup Hires First Female CEO For Major Wall Street Bank
b4DKBbS_Ifg Jackass Made How Much?!
b68gdpkYJKo How Much Do Facebook Employees Make?
b75ww88xCpI Patrick Bet-David Describes Life In Iran Before Its Revolution
b7KHkM6olG8 What Ron Desantis REALLY Thinks About Anthony Fauci
b7aYvKj7NV8 Why True A.I. Can Create Extinction - Superintelligence Expert Explains
b8ybp1TfcLA Former Mobster Recalls Working With Barry Gesser
bAQiSVsnQtM Why Millennials Don't Buy Homes
bCkYYAiyUkA Reaction to 10 Million Americans Facing Eviction at End of June
bEqcqIPelJ0 HEATED Reaction to Newsom Saying California Will PAY Rent
bFuia_j6j3g Billionaire DESTROYS Elizabeth Warren
bItuKRlhlHw Why Gold Will Protect Your Money From Coronavirus
bLfWFAGANwU Ex-Sniper Details Most Horrific Aspects Of Fighting In War
bNjlIZ9wSLU How Racial Inequality is Being Approached Wrong
bPgeCu98XOE Magic Johnson - Every Role Is Important
bUXJ42ku-Pg Are Cities Using Facial Recognition Right Now?
bVIsVsB3PSA Reaction To Uber’s $1.1 Billion Acquisition of Alcohol Delivery App
bWbo3Zmxmbk How to Deal With Death - Q&A With Patrick Bet-David
bX-jkaeO0tg What Would Happen if The Government Is in Charge of ALL Drugs?
bXjnhr1TMDM Chris Hansen Explains The Danger of Confronting Pedophiles
bYTAXCZlaAA Reaction to Ben Shapiro Leaving California
baTYai6Jtnw The Worlds Largest Hedge fund?
be7ooSg7VqM Reaction To Adele Cancelling Interview With Reporter Who Travelled 10,000 Miles
bffgpA5mKSA CIA Agent Mike Baker Reveals Which World Leaders Are Controlled By The US Government
bg5z6d-65aU What Are The Odds Jesus Was GODs Son?
bhbHRPg3i54 CIA Agent Explains If Vladimir Putin Has Gone Crazy
bhv4yLlnLqA Elon Musk Let Twitter Followers Control $30 BILLION Dollars
bjCEtlfgXMw These 5 Majors are NOT worth it
bl-1Cma3UEc Is America on a Decline?
blzcJ5LKNek New York Implements 50% Top Tax Rate on Wealthy
bmEbzGkXV38 EX CIA Agent Exposes How China is Waging War With America
brj6Hylz4aI Narcissism Explained by Robert Greene
bt3LBHih6p0 How Different is GETTR From Twitter
bwj5OzH-AYU Patrick Bet-David Explains Why Every Man Should Sign A Prenuptial Agreement
c-yorRM7pZE President Trump Drops F-Bomb Regarding Iran
c1LOFC6j244 Reaction to California Gas Prices Hitting Record Highs
c2uu3OCv2EM Reaction to Meet Kevin’s Plan to Tackle Homelessness in California
c3iUQTKGyiA Beginning of A New Space Race?
c6ATsh5zpTA Instagram Live Q&A with Patrick Bet-David
c6sOD0i6_OA Reaction To Spotify Censoring Joe Rogan’s Show
c7X1rXTnxRQ Reaction to Goldman Sachs Predicting a Dark Future - COMING ECONOMIC COLLAPSE?
c83f_vd-Umg The Movie Chazz Palminteri Regrets Turning Down
c8EbO1siXaY Reaction to Evergiven Being Held Hostage by Egypt for $1 Billion
c8jKx5uYgdI Sociopath vs Pathological Liar Explained by FBI's Most Wanted
c9N4vbdqe7U Coronavirus - Pandemic or Infodemic?
c9se0kjDWXI Worlds Largest Hedge Fund - WallStreetBets
cDE7GjDwsIU Why The Airline Industry isn’t Sexy
cDkzxk2pv_s Why Nice Guys Have Less Sex
cED6rnSrMbM Trump Breaks Records With Black & Latino Voters
cJ-_J5OP430 Reaction to Amazon Cutting Prices By 96%
cKWRE3BzZaY Tu Lam Details The Most Important Lesson He Learned as A Child
cLKQ8lNNWQI Numbers Proving the Economy is Artificially Pumped Up
cLWHBPSqUnU Why Rent Prices Up 40% WILL Result In An Economic Crash
cOQI0sRhHwU 10 Reasons to Never Give Up by Patrick Bet-David
cS6MdTidb8g How To Beat Inflation - Gold vs. Bitcoin
cTxoYu_EN6c Crypto's Epic Free Fall
cXZj_2Xswg8 How 'Fresh & Fit' Got Their Start
cZA8pztT4gk Hilarious Reaction to Tokyo Olympics \
cZOaeb0mHHs Dustin Poirier Says Conor McGregor Has The Hardest Punch in The UFC
c_JeWOP8SZU Adam Sosnick Reveals Why He Hasn’t Owned a Car in Over 10 Years
caNffuc5mVc A 50 Million Job Industry About to Disappear
ccjm5uZk73k Logan Paul Breaks World Record With A $5.2 Million Dollar Pokemon Card
cdUE7dAESjU New California COVID Guidelines - INSANE!
cfz8JOSp3dQ USA vs Ripple Lawsuit - Can Ripple Win?
ch_NndEQ3Xk LeBron vs Jordan - Magic Johnson
cibJDJDRPSM Sammy Gravano's Life In the Mafia Was Like Being A Samurai
cjRYtnW-tNc Adam Sosnick's Issue with 'Rich Dad, Poor Dad' Robert Kiyosaki
ckVbAgJN-rI Warren Buffett's 4 Ways to Become a 'Doer'
cp1dYyHnaHc Reaction to LeBron’s Response to Zlatan
cpQmD92e4K8 Reaction to Woman Verbally Assaulting Police Officer for Stopping Her
cqGJu9iIPFk Phil Heath On His 2021 Mr. Olympia Live Stream
csLRgRYE-J0 Patrick Bet-David Explains How it Was Doing Joe Rogan's Podcast
cskStMZDWwI These Industries Will Give You A Raise Today
czOyycVReKY Reaction to Keanu Reeves Issuing Warnings About Facebook & Their Metaverse
d097TwL5l6I Salt Bae Prices Are UNBELIEVEABLE
d3IAMqAUzZs Reaction to Sammy \
d7RrsrLGLZk How America Became a Credit Economy
d7txzRmCD4s How Karl Wallenda Lost His Life On The Tightrope In 1978
d8NPKB6ikP0 Reaction to Elon Musk Paying $11 Billion in Taxes & Still Getting Criticized
d9ZsmEuDU0Q Newt Gingrich Reacts to Jeff Bezos Thoughts on Buying CNN
d9i4XruqdJU Magic Johnson's top 5 players
dAp9LvatZ34 Exposing how Biased Meida Sources Are (SHOCKING)
dExvpncZaQY Reaction To Trump Paying $750 in Federal Taxes
dKJCwEfm-Ow Trump’s Next Move If No Longer President
dL9CK_0_whk It's Getting Late
dLe6gb5XbZg How Would Trump Have Responded To Russia's Invasion Of Ukraine?
dMY_GEEdHR0 Saddam Husseins Reaction to Meeting Son Body Double
dMZFV93euhc Reaction to Newsom’s Comment on Business in California
dNIjWu_UUmk Patrick Bet-David Breaks Down Why Capitalism Always Wins
dOequYO_g08 Reaction to Miami Surfside Building Collapse
dQPn_DSJjGE How Long Should You Wait Before Having Sex With Your Partner?
dUb7b8sEZ-w Reaction to Trump Saying He Would Beat Desantis in 2024 Run
dWkMTWi-vow 7X Mr. Olympia Phil Heath Gives His 2021 Mr. Olympia Predictions
dYXvIMvIBdI Why The Left is Trying to Cancel Bill Maher
da9rSuGvr7c What 2 Deadly Pandemics Have Taught Us
darmEUESCnI Reaction To TikTok Becoming The #1 Most Visited Website In The World
dczLM3tOo8E The Biggest Economic Threat to America Today
dh3ExpmMyZQ Did Bronny Get Grounded For Smoking Weed
dl10f7bkf0Y What the Robin Hood Teaches us about Economics
dlkTs4VUgO4 Is Fox News Afraid of George Soros?
dq_9I1u3a-I Should You Chase Money Or Your Passion?
dqp-WGq7_1o Reaction to USA Leaving Billions of Dollars for the Taliban After Evacuation
drNH04vT_P8 JFK Assassination Conspiracies Debunked
dssHML2LN7s Is Quibi Looking to Sell After Raising $1.75 Billion?
dt1tV8KuuR8 Is It Good To Show Off?
duse8Ql-fJE Why Quitting Your Job Wouldn't Make YOU Happy
dvREQdszJWs Will America Be Able to Remain Global Superpower?
dwyNB6nAU8Y Reaction to Biden Banning Term ‘Illegal Alien’
e0H84UJIRyk What the Abraham Accord Means for the World
e11sc9ek_D4 Do Presidential Debates Matter?
e1BDupg4dOg Founders Are Willing To Lose It All
e1ttDRzhRn0 Brendan Schaub Explains What’s Next For Him
e2ictF6OODY Reaction to Howard Stern Taking Shots at Joe Rogan
e3-HAaME6tw America Unspoken Enemy That Could Destroy Itself
e5caN_vksgI The Dark Truth About A.I.
e6E_cW6weiw Could Tulsi Gabbard Run For Office Without Main Stream Media?
e7Ct5WtaXj8 Jordan Peterson's Reaction to Trump Banned on Twitter
e7WG2Kp7T6w Should You Be In An Open Relationship?
e9V9G5XkvrE Is Dexter Jackson Retiring From Bodybuilding?
e9zqnibsD_s The Real Reason Fresh & Fit Makes Women Feel \
eCQmfUIQUpk Mike Tyson Opens up About Fighting & Robbing Homes for a Living as a Child
eD1L2wJhN3w Why They'll Try to CANCEL Joe Rogan
eIHceianjZ0 Expensive Dates 101
eIf-t6Oe4bw Reaction to Chinese Propaganda Rambo Movie
eL2hL3u_usk Could TikTok Get Banned in The USA?
eLv-2Bz6Uoc Why Your Vote Matters
eMVyfjbjlk0 Reaction to Payton Manning Making Cold Calls to Sell his Bourbon
eMdu9PqcWVg Reaction to CNN Cutting Jobs After Post Trump Presidency Slowdown
eN-wYhtUls4 Ex-Sniper Recalls Killing 13 Insurgents In A Single Mission
eOlZh_BlSCE Life After Being Saddam Husseins’ Sons Body Double
eOymYBTzZnA Why Some People Hate Daryl Davis for Talking to KKK Members
eVH2cjEY1pM Why Slavoi Zizek Hates Disneyland
eYWdipt8lSI Barbara Corcoran: \
eZEYslE3SBs Reaction to California Housing Market Boom
eau_pspLbUc Film Maker Explained Why Buzz Aldrin Punched Him In The Face
ecmifdyZBKc James O’Keefe Opens Up About Techniques He Used to Find Truth & Expose It
eebDFUxDooc How the Mafia Commission Got Started
ek3QUdWmEuM Why I Wrote a Book - Your Next Five Moves
elytBO9fiVw Dr. Caroline Leaf LIVE with Patrick Bet-David
emmVXI1nkws John Stossel Makes A Case For Abolishing The FDA
emnh_OjyHGk Why Betrayal Is Inevitable In The Mafia
eoPUjIslKU4 Why Calorie Counting Doesn't Work - Fasting Expert
epD220mSJ60 Does Apple Have an iPhone Monopoly?
erNhC5j8F9Q Reaction to Virginia Filliping to Republican As Push Away from Joe Biden?
erZoEh1dZL8 How Con Artist Frauded Banks Of $15 Million Through Fake Identities
etZG4ax5oyw Garry Kasparov Explains How Humans Can Work With & Beat AI Computers
eysGfoD7Z1A Former KGB Agent Reveals Truth Behind History of Russia/Ukraine
ezb6zj2sbm8 Reaction to Biden’s $1.9 Trillion Stimulus Plan
ezrLe0zE72k How Trump and Jared Kushner Can Help Biden Resolve Peace Israel - Palestine
f-j41_CCJ1c CIA Official Reveals How Enemy Can Take USA out in Less Than 24HRS
f0zRvCu_BGk The Importance of Resolving Conflict in Business
f1B3I9u5r_I Should 'The Young Turks' Change Their Name?
f27HAvGB4dw Traits the Separate Millionaires & Billionaires from Everyone else
f5jOc9ZKzts Reaction to Jeff Bezos Calling Out Leonardo DiCaprio on Twitter
f6O_EqVWsdw How Fathers Help Shape Super Starts Like Tiger Woods & Michael Jordan
f6R1KER4KZE Ray Dalio Issues Warning Signs on Economy
f7rWsg1bUZc 'Fresh & Fit' Hosts On Whether Or Not They Think Love Is Real
f8WWp0-wIEg 'Jake Paul Is A Real Fighter' - Rashad Evans
fC6gDTNA5B8 Worlds Oldest Business Is How Old?!
fDgLpDqlqns Reaction to Blockage in Suez Canal
fGSM90TpDao Qualities that Makes Men Most Attractive
fHY4kxIezCk Rashad Evans Explains How He Beat up 3 People At a Hotel
fHkZiOpiBAY Reaction to Governor Newsome's Recall After A Year of Hypocrisy
fJ5FizBRfz0 Dustin Poirier Explains Why He Can Beat Kabib
fK8eZkfIHrM Reaction to 'Virginity Tests' Sold in UK
fKZedSWm4V0 How COVID Changed Spending Habits
fLX2KdxbY9M Should We Have Hope For Our Upcoming Politicians?
fQaHxKMMyac Reaction to What Age Things Are Legal in USA
fRjnoebJzZg Do Masks Work? - Renowned Cardiologist Steven Gundry
fRrOUKsY6TY Reaction to Larry Kudlow's Comments on \
fSOWwWz9bCk The $1M Meta Yacht
fUEhcdh9e6Y Why India is China’s Biggest Threat - Subramanian Swamy
fUs-IKRzDpk Roger Stone Pardoned
fVHY2Yq3XCQ Jake Paul Is Worth HOW MUCH?!
fViL_2_B-W8 5 Things Millionaire's DON'T Do
fWkxauu9TQ0 Reaction to Ammunition Backlog in US
fXeclAD7W-w Optimism vs Pessimism - Noam Chomsky
f_y4LH6V4Uc These Colleges Make BILLIONAIRES
fa8DFOGbU1Y Israel’s Biggest Enemy - Former Head of Mossad
fbnkoVzp2cM Reaction to Military Removing ‘Shark Attacking’ Drill Strategy
fdtzhiePpu0 How Past Astrological Shapes People
ffNQLuJEhSg How Inflation is Driving up Prices on Collectibles
ffZMM60QYPA Why You Will Never Have Privacy Again
fjgRGMO0P2g Reaction To Saudi Arabia Sending President Biden To Voicemail
fjkR20W3cdM The Role Family & Traditions plan in Diets
fkGkcvHF14U Amazons Next Target - Healthcare Industry
fpkamzT-RUs How the Pandemic is Creating Permanent Joblessness
fwVEGoyw6Bk What Politician is Far Right that has Influence?
fylbKT2q6uI Why \
g-zFwjdJMi8 MILLIONAIRE Investing Advice
g0-x1aEbxlI Why People Turn to Socialism -  Socialist Professor Richard Wolff
g1ORmNJOnT8 Reaction to Joe Rogan Going OFF on Brian Stelter (HEATED)
g2AUU0xEhOU Meet Kevin Would Allow Big Tech Censorship?!
g4074147-H0 Top 5 Greatest Bodybuilders of All Time - Wayne DeMilia
g4sAjqc2LlM Reaction to Disneyland’s $100 Sandwich
g5ZS2UbFBw0 How to Pick Up Girls - 100% Proven!
g6gkVkoN9JQ Reaction to Elon Musk Proclaiming Himself 'Emperor of Mars'
g8XpBzOUYiE How Top Athletes Deal With Pressure & Stress
g8o3tWSs5nM How Arnold Classic Lost Millions of Dollars After Schwarzenegger´s \
g9EToZEgzLQ Sleep. Sweat. Grind. Repeat.
gCW5bTe4ubY Why Adam Was REJECTED From His Dream Job
gHY-eruV5IU Who Has More Power? - Billionaires, The President, Media Giants (TV & Social) or Universities
gK4VIfLhPNI Reaction to a $15 Minimum Wage
gKONqa83y7A Are The Bad Guys Winning?
gL2r21F9jhI Reaction to Iran Threatening Strike Against USA
gLyPbY7YbeM Does Dana White REALLY Take Care of his Fighters?
gMHmtahtMPA Why The Digital World Will Take Over
gM_Xvtvskxw Similarities Between Crypto Followers & Religious Followers
gMrXNRqvvuY Reaction to Netflix’s Culture
gOPff3ky-x4 The Rock Confirms He Will Run for Office?
gPOtHWURWT0 Phil Heath Talks Importance of Father Figures in Black Households
gRIlAkE_Q9E Biggest Immigration Loophole In America
gTc3xq3xQhI Reaction to Alexandria Ocasio-Cortez Crying at Border
gUPdKwWt7f4 Why 99% Of Americans Are BROKE
gW7gku5sbiw Can Carlos Mencia Redeem Himself After Stealing Jokes?
g_kHdK7x1hE Elon Musk Is Buying ABC?!
gat9kKjh8ys Reaction To Amazon's Demanding Work Culture
gaxvBgXj-5c Ron DeStantis Is On The Offensive Against Biden Administration
gjWvGBUTVZI Erdogan Threatens Biden After Recognizing Armenian Genocide
gkNyKA_tnVA The Biggest Threat to America Today
gkcpXhHr95M Reaction to Elon Musk Asking Putin to Talk on Clubhouse
gnQr6Hsa5G4 Patrick Bet-David & The \
goWDnjdSZVE How Jack Garcia Got Started Undercover in the Gambino Crime Family
gpGF0OXRdzg Is Hyperinflation Coming? - Arthur Laffer
gpUWJYWiFAk Breaking Down Why Men Cheat
gqLmJvDW_6Y Reaction to Connor McGregor Going After Machine Gun Kelly After Denying Photo Request
h2xLKGwP5_I Reaction to Billionaire Ray Dalio Reversing Stance on Bitcoin
h3QmfOH1xZA Reaction to Ray Dalio Predicting Bitcoin Will be Outlawed
h5LZeKStRuY Where Joe Burrow Gets His Confidence
h6ZM7USajNk Escaping the from Saddam Hussein & His Son
h86lGqWQpxo BidenFlation: Why This Thanksgiving Will Be More Expensive Than Ever
h8lU299RvUA Is Mortgage Fraud Still Happening In 2020
h8xLKWA7vv0 Why Republicans Will NEVER Win in California
hAY8o2lRpTc Would Adam Ever Vote for Trump? (HEATED DEBATE)
hCU5EryvIhY Chazz Palminteri's Thoughts on The Sitdown with Sammy \
hFARgwvmkQw Adam Calls The Wolf of Wall Street a \
hGX7o6mbkls Should you Buy or Rent Today? - Mortgage Expert Explains
hGmDMqiN0t4 Patrick Bet-David's Advice For Hedging Against Inflation
hH3_c3Wl2jQ Israel Palestine Conflict Explained
hIzSKkaLvnE The Hidden World War Going On
hJHS9YC1nWw How Immigration Changes Housing Policy
hJvZ89mzkpE LA Homelessness Crisis is Getting Worse
hKAx4LIGnLE The Risk of Doing Business in China
hKRs1RCdVaQ Alex Jones Calls Elon Musk \
hOO6jbyd7Mk Reaction to Parler Back on AppStore
hPpfrvX4BMU How Michael Saylor Become the Patron Saint of Bitcoin
hQoroL6jEjc Reaction To The NHL BANNING Players From Competing In The Chinese Olympic Games
hR3OPx-6u6o Will Trump Face Biden In 2024 Presidential Race
hRnDC80J_kY Robert Kiyosaki Predicting A Market CRASH?!
hSwapoqjQIc “Trump is a Russian Asset” - Former CIA Official (HEATED EXCHANGE)
hUAR2aSgX8Y Drake Is Being Sued For Putting HOT SAUCE On A CONDOM?!
hXloGfEcadg The Truth About The Cowboys Being Awful
hZC7LSFyS6M Timeline of Rockstar Games
h_ZwXvDT_64 Michael Franzese & Sammy \
haK51-E4mLs How Ralph Natale Became the Boss of Philadelphia Crime Family
haK5usMAhF0 Is War The Right Way to Respond to Terrorism?
hcA_khB5rzE Predicting Possible 2024 Presidential Candidates
hcbR6nLm41U Reaction to Amazon Hiring A Former Spy General
hf3V_iBgyOc Chances of Kanye West Becoming The President of US
hi9Hb408Smk Mike Tyson Explains His Biggest Career Fight
hiFrSafOMSg FBI's Best Kept Secret
huCP7PDAoes Netflix Moving into Video Games - Good or Bad Idea?
hvKHviSCVG8 Reaction to Schumer & Democrats Wanting To Raise The USA Debt Ceiling
hw4Hqf1rC8s Difference Between Heroes and Heals ACT
hwK6JyLdQg4 Why The Rich Get Richer & Poor Get Poorer
i-OYlqWasMI What Most American's Don't Understand About China & The CCP
i-X2Y8w64go Reaction To Harden Leaving Rockets Over Trump’s Relationship With Owner.
i0DIA3E6yx0 Reaction to Biden’s Answer on Packing the Court
i2IZ8e_ZIys Forbes’ Top 10 Cryptos
i2cG4AOx0Zs Reaction to 'Pineapple Express' Mission Rescuing Afghan Refugees
i3aYmDUY9k8 Nancy Pelosi’s Hair Salon Hypocrisy Exposed
i7Eow6CPdDk Reaction to Companies that Advertised during Tom Brady's First Super Bowl
i92ME8xG2is Does Vladimir Putin Have Cancer? - Former Russian Spy Denies Claims
iJ_2E3wwHK4 Would The US Government Control Facebook & Big Tech?
iLvTCchLeJA Reaction to a Person Being Confronted By Security for Wearing a MAGA Hat
iPer2fGu1Ms Why Printing Money Doesn't Work
iR9LbgBP6AI How Your Mind Creates Monsters
iVqphDa42mI Lack of Reading Is Costing Americans Millions Per Year?!
iXOas_HBTDU What Bible Stories Say About Trump & Hillary
iZ8L7qjkWHw Reaction to Salesforce Announcing ‘Work from Home’ Permanently
iZnIEYQMdp8 Billionaire Reveals His Real Thoughts About The Leaders Of America's Largest Financial Institution
iacdft8Ii7M How John Stossel Became a Libertarian
ic0OP0qzThs Former CIA Agent Mike Baker Reveals CIA's Involvement In Iranian Revolution
ic774f8SLwQ How China is Stealing Growth From Other Countries
ievBVCeKE8w Difference Between Socialism and Communism
ige56zzpKKU Words that Lost their Meaning
igjMDU7tPcI The Secret to Brendan Schaub’s Success as a Fighter
ih04HWjvkE0 Would You Want To Know The Day You Were Going To Die?
ij8dH6cGlyo Pentagon's Leaked Footage: Do UFO's Exist?
inOlEY7NNjQ Reaction to Cuban Refugees Explaining How Cuba REALLY IS
infJxkYr23k The NFL Pays HOW MUCH?!
inlTYdta0Vg Bitcoin vs Gold - Patrick Bet-David Debates Peter Schiff On Dan Bongino UNFILTERED
itRt648Dt8E Will They Fix The McGregor Fight To Prepare a Superfight
itcWDGmtAO0 Human Trafficking Expert Reacts To Ghislaine Maxwell Trial
itqq0JNOLtI Should Texas Secede From The Union?  Reaction to TEXIT
iupawuTSYRo Ex Mafia Underboss Reacts to 12 Mob Movies
iwHJMjljqZ0 Why Women Can’t Find the 'Right Guy'
iwMkOPJzgHQ What The Rittenhouse Verdict Says About Fear In Today's World
iz-juekzf2U How Square Evolved & Became a Unicorn
j-VMQjXH8kA Are we Facing a Housing Bubble Similar to 2008?
j2dJnPUyZRs Former C.I.A. Agent Mike Baker Reacts To C.I.A. Training Cats To Be Spies
j2mpfLjCpF4 Reaction to Facebook Shutting Down for Half A Day
j6qGF0dZ50A Biden Goes Back on Promise to Cancel Student Debt
j7FnZ13YH2g Will Amazon Try to Sell Marijuana on Their Store?
j7WQ3aH4vAc The Model That Has Predicted 100% of US Presidents Correct
j9QxKGNXojE Reaction to Home Prices Rising 18% In Less Than 1 Year
j9q1eTV2AJw Reaction to Patrick Bet-David Parody Video
jCPIcZmJdoQ Will Coronavirus Affect Trump Re-Election?
jEMvX_YyYFo 3 Million Dollar Golden Avocado Toast?!
jF7cU9QT0JY Reaction to French Law Making Recording Police Illegal
jHSiiBphkXA How Biden Could Have United America
jHcRiUeHT4U Russia’s complicated Relationship with China
jHhVqPxNBJc Daryl Davis on the Power of Music and Pop Culture
jI1lyUXNV14 Rod Blagojevich Reveals Reveals If He𠆝 Run For President or Not
jJKloTsxglk Reaction to Vin Diesel Calling The Rock “Little Brother” - Feud Explained
jJXuBTXdRZg How Porn Is Destroying Sex For Young Men
jOg8GRIiD5o Patrick Bet-David Explains Why Tony Fauci Should Be Fired
jPKcj3beU5M Is This The Secret to Raising Successful Kids?
jQmWBJSugIs Former Mobster Explains How He Was Sleeping With A Mobsters Girlfriend
jU7Ym83JqgQ How to Email Investors - 5 Easy Steps by Patrick Bet-David
jV1HJPD47IE Is Crypto Currency The WORLDS GREATEST Ponzi Scheme?
jVyJwPMcKRI The Power of the Pharmaceutical Companies & Why the Media Wouldn't Talk About It
jWjsmxiG4Y4 PBD Calls Out Mr. Olympia’s Weak Marketing Strategy
jYkapA1z5Pc Where America Went Wrong With The Evacuation in Afghanistan
jZVAHQBA6nY Why The Babylon Bee Is Being Censored While The Onion Isn't
jZjyPG0NC0U Reaction to Voter Fraud in 2020 Election
jcCXx8WkwSk How To Start A Business With $100
jdGzpQuGlDY How Trump & Fauci Screwed up
jfM92NF1TVg Take on Debt or Live Debt Free? - Robert Kiyosaki
jg0iLuY1jxA Is AOC A 'Generational Leader' Or A Massive Complainer?
jgKnGq8FXpQ These People Changed My Life
jiuufKMNIDY Why People Who Are Successful Get Hate
jkM-1uL29co Who is Vladimir Putin? - Former KGB Agent Explains
jkqM8KOATrw Reaction to Lowest Housing Supply Ever
jnQwoDLk0fo Kobe Bryant’s Last Great Interview - Preview
joiSarB_L_k Cenk Uygur Claims Mainstream Media Is Conservative?
jpN3w8imkOQ Explaining The Biggest Problem With Men Today
jreYQoDlZaQ What A Car Really Costs You
jwh-qq22STo Why People Fall for the Pleasure Trap
jyFVpwcesq8 Why India is So Growing Fast & The Challenges They Face - Subramanian Swamy
k0wb0VTbdnc \
k1HdIfnYrQk Reaction to India's Death Tolls Hitting Record Highs
k2burRl7GyI Reaction to Jon Gruden Controversy & Resignation as Raiders Coach
k4W982HemRg Reaction to Biden's Immigration Policy Changes
k8RlF78RVdE What Patrick Bet-David HATES About Capitalism
k8hjqv1Nryg Death of Bitcoin? - Bitcoin's Energy Consumption Problem
kAtksblwFcE Reaction to The Brady vs Belichick Showdown In Boston
kBvDXa3uXX4 Shout out to our senior community������������
kBzaxtIPPlQ Is It Still Possible to SAVE America?
kDpRZEpBgnA Why Mike Tyson Can't Be Cancelled (HILARIOUS Laugh)
kHeClB2hAeU Shocking Spike in Savings Post Pandemic
kIW7kway7do Why Tinder is Worse Than You Thought
kIZxnhE2Pq8 How Gianni Russo Confronted Pablo Escobar… And Made It Out Alive
kJ3ZuGKPWPM Resume Advice From A Billionaire
kJlg0gQC6M0 Best Moments Of Presidential Debate
kMKH7UTIC88 Steve Jobs' Advice About Money & Life
kNn5fZnJvv8 What Causes Opioid Addiction?
kPY347COdhY How Patrick Bet-David Got Introduced to the Mafia
kRnWRHn8RVU Is A Second Wave of COVID Coming For America?
kSD5BmK39K4 Ranking The Best ALL-TIME Starting 5's - Tim Grover
kVi4LXOhHNY Why Couples Should Never Get Divorced
kZgTRPMhKos Papua New Guinea’s Million Dollar Mistake
kefPLFFR3HM Coinbase CEO Fears Crypto Currency Regulations
kfMyizGFoFk John McAfee Arrested in Spain for Tax Evasion
kh2vc5vdjT0 The Difference Between Government & The People
kjckC_YvAPc Heated Reaction to Bill Cosby Being Released from Prison
klasT5QHlWA Should We Privatize Government Institutions?
knr3n4i_n9E What Does \
kp-neaPfaMI Finding the Direction of a New Company
kpJ7xIQZ34k Billionaire Explains Why The Worlds Currencies Are Collapsing
kqV5MuRNmPc Immortality: Would You Want to Live Forever?
kqauToAN_b4 Reaction to CNN's 6 Reasons Young People Should Get Vaccinated
ktjNmvBF39o 5 Things RICH People Do
kuk5S4JAmH0 Does Trump Getting Coronavirus Help or Hurt Him?
kuvVf_pnOio The Most Popular Names in America
kvk2lPMmtI8 Do You Really Need Money to Make Money?
l0PLoZtlZ5s Reaction to Dow Jones Hitting 30,000
l68lD2Saj8U How Important Is Confidence With Women?
l7ecCf2T__w Former Brigadier General Warns About China Calling USA the \
l8e55xT2-Vo The Illusion Of 'Women's Independence'
l9TuXeLU2Q0 Countries Ranked by Minimum Wage
lB3VAWudnhs Was John Stossel Slapped For Real or Was it Staged?
lC13PORs0ds Patrick Bet-David & Dennis Prager LIVE
lCyRW70TMqo NASCAR THREATENS To SUE Fans Over \
lEbaSvknVjs Real Life Comback Stories
lLWBDfWL09g Reaction To The Canadian Freedom Convoy
lN6e8u1uvfM LeBron James Thinks His Kids Need A TOUGHER Life
lO5-N5NmAtQ Billionaire Michael Saylor Explains Why 'Diversification' Is A Terrible Strategy
lQZnIAp_Q9Y Billionaire Michael Saylor Explains Why Bitcoin Beats All Alternative Assets
lRARG27mxaI How Anyone Can Help Stop Human Trafficking
l_oUqQ7ItTY Reaction to Airbnb IPO during Pandemic
laD3wIR7v34 Reaction to Third-Party Facebook Moderator Being Able to Read ALL Facebook & WhatsApp Messages
lfF1dwtGTk8 Why Marriage is Risky
lk_Luj1AzDg UFC Fighter Rashad Evans Knocks Out Valuetainment Employee LIVE
llBSa9q7-tQ Garry Kasparov Opens Up About How He Managed to Stay World Champion for 20+ Years
llmAAaGukF4 Do Abandonment Issues Lead to Becoming Great Entrepreneurs?
lnTaexSJ9NU Reaction to Amazon & Jeff Bezos Buying MGM for $8.45 Billion
lqZMvHRQL5U How Safe is America's National Secrets?
lr5y_hhXywg Best Way to Avoid Data Breaches
lzDIBSsGVso Kevin Hart Describes His Start As A Comedian
m0T1npZzK60 How Much Money Do You REALLY Need for Retirement?
m8xcoEM5ZEE 'He Ran Around The Neighborhood Totally Naked' - Kevin Farley On His Brother Chris
m8yZOyICCAQ Why You Need An EMERGENCY Fund
mAD-r6m3FIg Was LBJ Behind The John F. Kennedy Assassination?
mAprl5ODd6s How to Become a Millionaire (By Retirement)
mC8hB3kM26Q Jordan Belfort Wants You to Quit your Job
mH9x4VAC7JE Should We Trust Journalists With Anonymous Sources?
mHwRP9JJkPw Why America Trusted the Taliban in Afghanistan
mJkR8g3vszo When Will Smith Was BROKE!
mKjrkIEJnBc Reaction to Netflix CEO Donating $3 Million to Gavin Newsom
mKvrhUzH4Q8 HEATED Reaction To Yellen's Proposed 'Unrealized Gains Tax'
mLpLNNxAZHg Is Celebrity Boxing Good For The Sport?
mNHeTZ0mnaU Reaction to Jeff Bezos Thanking Amazon Employees for Going to Space
mPcBp1VZjPs The Future Of Multigenerational Housing
mSGN070lzN0 Chazz Palminteri Blasts The Mafia
mT0Y_YMWd3M How China is Gathering Data on Americans
mUqzUKf-Yf4 How Reddit Became Worth $6 Billion
mVJKb7l_tPs Reaction to Inflation Surging and Hitting RECORD HIGHS (SHOCKING)
mYeSE8YNsMA How Jerry West Recruited Talent
maAFO1B-Cxo Asking For Help (& Why You Should Do It)
mbWQlvAv_eA Why America Is Officially Controlled By China
mbbb-Hpsrak Reaction to Jeff Bezos Stepping Down as CEO of Amazon
mcFwiwLHi_U Does Dustin Poirier Think Conor McGregor Could Replace Dana White in UFC?
mgGB12WTbPs How Project Veritas Exposes Both Sides
mgMgeRE_EuA Reaction to Parler Being Back Online
mjO4Y9eXhTA PBD’s Tax Plan Would Drive AOC & Bernie Sanders Crazy
mjVTu_HbOh4 The Biggest Threat to the USA
mpOrYAfbtPo These College Majors Are Worth Your Money
mpaILv-IlWE Is Fox News Protecting George Soros?
mu7jj7HctWg Michael Franzese Ranks The Best Mafia Actor
muBlUJLb9U8 Coinbase Set to go Public with Higher Marketcap than Goldman Sachs
n3BUk8v-0Xw Why House Sales Are Exploding
n4Kq_n0ibgY Alex Jones - \
n6T5Vpu3OWM Nike Ends 20 Year Shoe Deal with Kobe Bryant
n71NUd67Fuc This Is Where America Went Wrong
nE-PDE08Hvg How Will People React to The New World Order?
nECdIwpp2ro Breaking Down The Benefits Of Term Limits
nIyQGlR9MUM How Facebook Is Being Used Against Us
nJp8G1hmSlw Cocaine Cowboy Describes Millionaire Lifestyle
nMiF7XKvdFU Reaction to Trump Supporters Storming the Capitol
nNMwpuKmyXA How to Repair a Bad Reputation
nP3vwykZyFM Colombia Protests: Are They the Next Venezuela?
nS2Men-S1eA Danielle Dimartino Booth For President
nUvmkXePfVM The Man Who Held John F. Kennedy’s Brain
nVzag34DtQg Reaction to Chris Wallace Going to CNN
nY7JIbUZ0LY The Hardest Thing I've Done - Jordan Peterson
naW4jCel5Zs Do Banks REALLY Create Money? - Professor of Economics Explains
ncoc0T9kxjQ Captured By North Korean Soldiers on Border
nejO1eEFjzc Reaction To Alec Baldwin Killing Cinematographer
njhWX_6YSy4 Clubhouse: From 0 to $1 Billion Unicorn in Less than 1 Year
nriO2ARZJ60 Reaction to Larry Elder Running for Governor Against Gavin Newsom
nuZ8yPLBqaw Patrick Bet-David Calls Former Afghanistan Veteran to Talk About Failed Evacuation
nw9O-VQi9ZM Reaction to Facebook Reconsidering Adding Trump Back on Platform
nzQ_1EmCWdY How Inflation and Unemployment is Caused
o0AqYQNrSEQ Communist Manifesto 10 Points Explained
o6xVPJSSQes Patrick Bet-David Reacts To Oliver Stone's Pro-Putin Documentary About Ukraine
o837FBbro34 Tim Donaghy on Draymond Greens Suspension in 2016 NBA Finals
o9YKYU4jcd8 Will Rod Blagojevich Become The Next Mayor Of Chicago?
oBHZPBv07MI Rashad Evans Reveals Who Jon Jones Really Was
oBSpidERCq4 Why do Enemies of the Clinton Family End up Dead?
oBrTjhnBIIY Does Being Class Valedictorians Lead to Success?
oGFwJPTU9f0 Is 5G Disrupting Air Travel Globally?
oHxCJvw7k1Q Americans Have Never Trusted The Media Less Than Today?
oKFdAOKq4Lk Walmart vs. The Morons
oKXe9hnw13w Is It Too Late For America To STOP Being the Global Police?
oLojvy2DcEM Michael Franzese Reacts to Rudy Giuliani's Comments on Chin Cigante
oNQ5rGFmXS4 'I Resented Him' - Rod Blagojevich On Barack Obama
oNyHOOj63C4 Reaction to Iran Ramping Up Uranium Enrichment
oUxDNMqgKnc Navy Seal Jack Carr Reveals Wether Or Not People Can Handle The Pressure Of Combat
oV5ow36pKEU How to Successfully Leave Rough Neighborhoods
oVI1IoKRDs8 Chris Hansen Explains the Collapsing Trust in Mainstream Media
oWQWMzPP0Pg Mitt Romney Proves Why Taxing 'Unrealized Gains' Wouldn't Work
oWkuohc9aD4 200 Years of Walking on the Wire
oYKuuDqsmvU Former CIA Operative Explains Why We Can't Trust Taliban
oZxMN13nO7E Reaction To Trumps New Social Media Platform
og5tHeYtqnU Is Bitcoin Digital Gold? - Economist Explains
ok87t-3LWs4 Reaction to Elon Musk's Tesla Leaving California for Texas
or3s2YPM5cQ Reaction to New Home Sales Plummeting After Record Month
osNDbjHzwM4 Phil Heath Reacts To The Passing Of George Peterson - Mr. Olympia Bodybuilder
ostD2jMUQOM How Big Tech Companies Track & Exploit You
ouPGrISHgvg Reaction To 'The Simpsons' Calling Joe Rogan A 'Right Wing Pariah'
p-1VTTF16-8 How Third World Countries Became Victims Of American Imperialism
p-5cK-gG6_I Patrick Bet-David BREASTFED For How Long?!?
p0AqdeOAft8 Reaction to CNN Ratings Dropping Over 40%
p0loRk1avvk The Day I stopped Being Shy
p1Jy5E-wQok History of Propaganda Explained
p4Ti5TKtAqQ Jordan Peterson Explains How He Would Have Handled COVID
p4fgdfFoAPM Economist Explains Aftermath of Coronavirus
p75SAt5kOKE A $16 Million Bet Goes Wrong
p9SVbVGpa6Q The Biggest Issue in America Today
pAircCcVyZQ Why I Don't Pay Taxes LEGALLY - Robert Kiyosaki
pBUfTU0QQUI Reaction To The Most Humiliating Stunt Of The NFL Season
pChzvsBhpYo Would People Vote for Jake or Logan Paul as Presidents?
pIjerYfw1Ig The Importance Of Networking
pJd14dvs7vM Breaking Down The KimYe Divorce $$$$
pJvFMCm5LSU Reaction to Goldman Sachs Ditching Wall Street for Florida
pKRzdigM744 Why the Taliban Doesn't Fear USA
pL8H801z8qY Reaction to Trump & Biden Town-halls
pMhBvpPBNy0 Wrong Advice Can Cost You Millions
pNaDXzHex3M Reaction to Trump Visiting Mexico Border Before Kamala Harris (Hysterical)
pNlhJyhpEt8 Reaction to TRUMP Holding Rally on Biden's Inauguration Day
pPRonXnLudk Reaction to People Taking Pay cuts to Work Remote
pQvQmDXO5KI Reaction to Australian Lockdowns and Martial Law
pSExtygj4Vs Reaction to China Ending 1 Child Policy
pUdy0giGkB4 The Best Investing App For Beginners in 2021
pWXe6BSoAWA Why Jeffrey Epstein’s 𠇋lack Book of Secrets” Was Sealed During Maxwell Trail
p_UUU_fMqww Reaction To Threats Of Russian Cyber Attacks Against U.S.
pbhwoxYRego Billionaire Warns All Cryptos Will Hit $0
pdAQ9ZZZKtE Dustin Poirier Hints to Retirement Age
phU33n8qGq0 Chicago Police Told NOT to chase Bad Guys?
pjDtq5sUK9U Is Craig Wright Satoshi Nakamoto? - Bitcoin Historian Explains
pjRTbJlHhKo Reaction to Elon Musk Tweeting Jeff Bezos Can't 'Get it Up'
plmbGaJWMh8 Elon Musk Rips Democrats for Tax Bill That Could Add $50 Billion in Taxes
poFvuLQWBYk Why Masculinity Is Disappearing
po_viiZCIow Michael Franzese's Early Life
psItXdHGIEI 'I Got Paid $100,000 For One Ad' -​ @THE REAL TARZANNReveals His first Big Payday
puI0fWVXRHs How the Mafia Operates Today - Former Undercover FBI Agent
pwaYiTKbr2U ACTIVE vs PASSIVE Investing with CitiBank Chief US Equity Strategist - Tobias Levkovich
pwqX2T2kKlY Reaction to FREE Krispy Kreme Doughnuts with Vaccination Cards
pwwdyAWTIXw Why The Ruling Class DOESNT CARE About Inflation
pzI9NLOq6dI Why YouTube Hiding Dislike Button Will End Badly...
q-zBY-6KWeA Reaction to Ron DeSantis Being Compared to Hitler
q81nWq7XB0Q How To Cash In On Viral Trends
q8cDbhKrnCA Mark Cuban Crypto Advice
qB8B-16_D74 What Percentage of Americans Think Moon Landing Was Staged?
qBrTdqEq5NA What Jordan Peterson Would Ask Donald Trump
qCoql12UDtI NBA Finals Viewership Hits A Record Low
qE2TQ6_xgpo Is Science Is Racist?
qEox_bfuTRI How Nick Bollettieri's Students Won 180 Tennis Grand-Slam Championships
qFK6y0nDpmI Steph Curry's RISKY Investment
qNIq-U_ZCYU Reaction to The Grove in Los Angeles Setting up Barbed Wire
qNeKsvbAueo Reaction to Joe Biden's Presidential Cabinet Picks
qSOEoXKKH0o Michael Franzese on Gianni Russo & Johnny Alite
qT90DjQpsME Overcoming Fear After Falling
q_ELQut4Xb8 Reaction to Fauci 'Flip Flopping' on Virus in Lab Origin
qbLE2NYbU6w Why Boxing Needs A \
qfp4SOAQFSA Big Pharma - How They Write Laws That Make Them Billions
qg1ymdRl-0w The Science Behind Consumer Motivations
qi8NgnQci7c How 5G Will Change America
qiU5pRziHxE Former NYC Police Commissioner Opens up About his 9/11 Experience
qjDCrr8iR2o Reaction to Armenia Prime Minister Pashinyan Quitting
qjmN5iL8KXc How Colonial Pipeline Got Hacked
qk9UTXypoAU Is Character Assassination Worse Than Assassination Today?
qnQh8oadbHs The Direction Divisive Politics is Taking America
qnkDdhcdXJQ Reaction to Bill Gates Saying Rich Nations Should Eat 100% Fake Meat Only
qs_qYeHb84U Reaction to Warren Buffetts Share Holder Meeting Comments
qtxtmG89MQA One Man 3 Girlfriends - The Doc Antle Lifestyle
quFhEonUygA Chinese VS American Re-Education Camps
qwY5wAHqeH4 Reaction to Senator Blumenthal Supporting Communism at CCP Event
qynOiYsbYJU Robert Kiyosaki Reacts to 2020 Election & A Biden Economy
r0ZfThVijfw How Lisa Ann Blackmailed Her Last Boyfriend...
r2Fqmh63wok Reaction to China Controlling 65% of Lithium ion Battery Production
r43d1dYg0oA Is This The Next Billionaire Country?
r5NRxLGCXO0 Sacrifices of A Successful Entrepreneur
r812S6NAX0w Patrick Bet-David Explains How it Was Doing the Sitdown with Michael Franzese & Sammy “The Bull”
rAimvB0ToT8 Former DEA Agent Reveals Why We Shouldn't Arrest People Who Use Drugs
rBsKseVPMt8 What Shaped Oliver Stone Into The Man He Is Today?
rGqjRxmSztc Patrick Bet-David Reacts To Will Smith Slapping Chris Rock At The Oscars
rH9me0QPGMU 8 Steps That Could Help You Make $100 Million
rIB0deMQfKQ When Is It No Longer Socially Acceptable To Live With Your Parents?!
rKT5nVDZwbc Patrick Bet-David Recaps His Experience at The Vault Conference
rMLt7vz9NXc Inflation is Here: How Long Will It Last?
rOJDT68KrGY Financial Tips for BROKE People
rTlHwUOIZnk Gun Stats That Will Shock You
rYB7HAXtWuU Kobe's Biggest Requirements For His Businesses
rYRzMb2GNsg Jordan Peterson Explains The Conspiracy Behind The Lockdown Cover Up
rck8dT3gcO4 \
rcvoPBFJuoc Heated Reaction to Arnold Schwarzenegger Saying \
rfFvU4Mlg9s Why People Should Be Free To Choose To Use Any Drug They Want
rfvVyo_rTio Why Whoopi Shouldn't Be Canceled For Her Holocaust Remarks?
rhdNZJuZKKg Teach People a New Skill Instead of Sending Them Money
riSF8IKtlaU \
rjgel7Sb95U Best States in America With Lowest Taxes
roZe54VUnJw Prominent Communists in America Today
rpGyLlannc0 The REAL Reason Jordan Peterson Won't Enter Politics
ryxaH13R0is How Many Military Bases does the US have Around the World?
rz7AVsNQmpI Prediction Model Says Trump Loses Election
rzXJ4MpLdoo Why Michael Jordan And Kobe Were So Close
s-oRI00p8qU What I Learned from Frederick Douglass - Major Williams
s534o536R5s When Do Women Hit Their Peak 'Sexual Market Value'?
s5MhhOKhOTc Negotiation Tricks When Speaking with Cult Leader David Koresh
s634PAYIMf8 Is Parenting Harder or Easier Today?
s6BFjBgIHUw Reaction to Rand Paul Blasting Anthony Fauci For Lying to Congress
s7scIPUV_3Y Are You A Hero, Victim, Villain or Guide?
s89vyxllJ5c Why Baseball is Boring to Watch
s9yxnbuWyoU The Origin of Modern Markets
sEXF9zSpZgg Social Media Used As A Weapon
sGosByHvTw0 Timeline of Stripe
sJl8uld51v4 Is LeBron James the Most Controversial Athlete Today?
sK8cke5JIuM Reaction to Wikipedia Founder Warning Against Trusting Site
sLDQ2_7bfFE Did Obama Manipulate the Democratic Party to Go After Rod Blagojevich?
sLjp59_8Sk0 Phil Heath Explains Exercise vs Diet
sNdhiHFPf-k FBI Profiler Explains How To Tell If Someone Is LYING To You
sQ0I36wb4iU How Osama Bin Laden's Niece Experienced 9/11
sRb3-DyOpbU Why 'Dad Bods' Are Acceptable But 'Mom Bods' Aren't
sTENlJYh_D0 Who Was Responsible for Protestors Storming the Capitol
sUbt3b4nEI0 Patrick Bet-David Breaks Down The Difference Between Power vs. Force
sVqYHqSniJM Michael Franzese Explains How it Was Doing the Sitdown with Sammy “The Bull” Gravano
sW3afIVx6zM Being Released from North Korean Prison After 140 Days
sYpTDPZLUhY New Member to the Bet-David Family
s_KzyLmM8mw How Beeple Sold his NFT for $69 Million
sabW-zeEOos Reaction to Economy 'Never Returning to Normal'
sbu5h335XQM What Is A Dictator? - And Why Ron DeSantis Is Compared to One
sh8oR5d2bqU How James O’Keefe Handles Opposition
slHxWZiYqlA Going Against The Woke Mob
smzDhZFANtw How to Build A Winning Franchise in Sports
sqH_SZ2BlVw Brendan Schaub Got His Blackbelt To Prove His Son Wrong
srLHtku-4Pc Mafia States of America Update from PBD
stgvj27TKyg Millennials or Generation Z - Who Makes More Money?
t-q31M_8UvI Reaction To Cigarette Sales Rising For The First Time In 20 Years
t4txLBCSTFo Women Reveal The Oldest Person They Would Ever Date
t4ym-Gl6QN0 Why 'Want' Has No Power
t5W3qQDkg7w How Divisive People Spark Divorce
t5nJip6lKz0 Reaction to Sha'Carri Richardson Being Banned from the Olympics Due to Smoking Weed
t7P0GEK82OM Oliver Stone Explains Why Russia Really Won WW2 & Not USA
t9Q6MN9_UZA How to Invest in Crypto (Almost RISK FREE)
tIuOzTeLw_Y 'Fresh & Fit' Break Down Why They Are So Controversial
tNLQLp-faWA Jordan Peterson Explains Why Colleges Are Headed Towards Disaster
tOFp5XCrqGg Is It Worth Dying In Pursuit of Your Dreams? (Heated Debate)
tP3eXS6E744 Max Kaiser Rips Craig Wrights Claim Of Satoshi Nakamoto
tQbOKOn4uZE Newt Gingrich Compares His Relationship With Clinton to Pelosi & Trump
tSOtyYIvX0Q Why TikTok & Social Media Leads to Sexual Trafficking
tTKsRwFkW5k Future of SPAC's & Crypto Currency
tUeRAbRP4rs The Biggest Mental Mistake People Make Will Surprise You
tWR4XNOCE1I How Water Fasts Can Solve Obesity
tWs3g_ka8j8 Reaction to James Bond's 'Daniel Craig' Saying He Wouldn't Leave in inheritance to his Kids
tXU4MFQy52I The 7 Highest Paid Entry Level Jobs
tcqKebI6BOw Bitcoin Manipulation by Criminals
tddtbrmi3Fw Did China Use An Economic Hitman to Crush US Economy
tja-HFrtyrE How Blockbuster Failed Marketing Correctly
tjdekQK3HAk Has Social Media Exposed Corrupt Politicians?
tjmIpNlynKU Kevin Hart Owed 50 Million In Taxes
tlKW9eElA5k The Moment Gymshark Blew Up
tp2jTNqvZtQ Mafia Boss Nicky Scarfo’s Biggest Influence
tsjqBl21JkA Would AOC Debate Candice Owens for $100K?
tvLg8dNEnLk Is Ethereum Founder Vitalik Buterin Right About BSV Being Trash or is it the Future?
txmmGUZOGWo What Biden Admin Is HIDING From You About Inflation Numbers
tz-GBrb8buQ Reaction to Biden Saying he has a Voter Fraud Organization
tzSNgmRmnoY How Billionaire Sports Owners AVOID Paying Taxes
u3whdpmaAjk Reaction to AOC’s Response to Protest in Cuba
u4Z71cikIns The Power of Not Giving a Shit
u9Ox6F7yb_c The Moment Patrick Bet-David Decided to Change his Life
uBzq6wZjzw4 Proven Strategy to Make Millions
uDXKtcyZiSM LinkedIn Is Your New Business Card
uGS9nii2vjY Hillary Clinton Got ABC To FIRE Jedidiah Bila From \
uGbl0BYUkzo Will Quantitative Easing go Away?
uHmyyUF1_qU Reaction to Simone Biles Withdrawing From Olympics Finals Due to Anxiety
uK0kedDF6z4 Most Dangerous $40 Billion Company Files IPO
uL23-3sDKE8 Whos Really The Head Of The Republican Party?
uOo5fi3lasE The Evolution of Capitalism
uQx_Ib3XbGE Reaction to Elon Musk Saying \
uRN-ZadNJ5A Reaction to Kids Falling Behind on Reading After Lockdowns
uSMrTvvhmp4 Sammy \
uSRtV8W2MGM Who Should Control The Most Powerful Facial Recognition Software in History?
uUesMXMZ1HE Patrick Bet-David Explains How He Changed His Reputation & Why You Should Do the Same
uWjl-NPJPHY Reaction to Tom Brady Roasting Joe Biden at The White House
uYA43vDHrr0 A Different Side Of James O’Keefe
uZ3f0qHdFYs Before You Succeed
uaLWWmmTnk8 Tucker Carlson Rating Beating NBA & CNN combined
uaXyqkK4e5g 'Thinkers Are More Important Than Politicians' - Jordan Peterson
uaue1JUioGM Newt Gingrich Talks 2020 Election Campaign Strategies
ucFYu0rSPNM Reaction to Holiday Weekend TSA Numbers During Covid
uckbceAqcrI Why James O’Keefe Became An Investigative Journalist
uet0rzjncjo Jack Carr Reveals How Much He Really Trusts The Military And Government
ufGi8eCwR3o Reaction to Pornstar 𠆋randi Love’ Being Thrown Out of A Turning Point USA Event
uk6II2_KtiY How Gianni's Took Over Milwaukee
uqoOmhXiHhI How Rashad Evans Became A UFC Fighter
utrRqBEXf1A How Myron From Fresh & Fit Was Influenced By His Mother
uvwZ-nHor-U HILARIOUS Reaction to Invisible Sculpture Selling for $18,000
uyLII38Y86A Confronting GETTR CEO About Banning Users From Its \
uzFMKevSO34 Conspiracy Theorist Explains Why Moon Landing Was FAKE
v-nG6eJOOHY Why Disneyland California Is Being PERMANENTLY Shut Down
v-x2lC0y9xw How Gymshark Got Started
v2UkY1wPtzg How Al Queda Got Started
v2fYeY2GRS8 Apple vs Tesla - New iCar?
v32KP4IJ2tc Billionaire Advice to Young Entrepreneurs
v8emwXVgPhM Why Psychologists Study The Movie \
vA5kMyRnsXE Will Tesla Create Electric Power Stations?
vAFZvSfnVbw Is Jeff Bezos The Most Ambitious Person in the World?
vCawvwWnXEo Stoned Driver Shows Legoland License After 35 Mile Police Chase (HILARIOUS)
vKRwSTl5Ujg Patrick Bet-David & Robert Kiyosaki LIVE Part 2
vM5HsMyq_2k Jokes You'd Be Cancelled for Today
vPVVDjQQ9EM Former Boxing Fixer Opens Up
vQ1fZ1XTOkU Reaction to Republican Pollster Predicting Trump Will NEVER Be President Again
vTZiyc1_xLc The Naughtiest Child I Met
vUTuQXuLghY Making Cards Great Again
vV0odSmrUTc Nancy Pelosi Loses Her Mind On CNN Over Wolf Blitzer’s Stimulus Questions
vWsl9n6Twa0 Michigan Restaurant Owner Explains Why he Spoke up
vX2pHgimTao Did Barack Obama Throw Rod Blagojevich Under The Bus?
vYRJPNdwczM Is China the Next Global Super Power?
vYXMGHbD1F4 Millennials vs. Gen Z: Who Runs America?
v_8NeDYnZkw Who Shaq Would be Today if He Had Kobe's Work Ethic
vbTH_MH0hHg Could Jeff Bezos Release Unseen Footage of 'The Apprentice' & Donald Trump?
ve0iO19jYQI Former Mobster Opens Up About Who Rudy Giuliani Really Was
ve35ieLLddY Patrick Bet-David Explains How Generational Legacies Work
vgTxs7b6qfs Why The World Needs Whistleblowers
vh3WfdCaoIs Breaking Down The Timeline of How Hillary Clinton Spied On Trump
vnFh4MS7QUg Why Do People Hate Their Exes
vp5Oi6w6pEo Confessions of The Mafia Hitman for Tony Spilotro - Preview
vpVouqLM4Jk Difference Between Russian & Chinese Espionage
vsmi-Xr7tWI 'I'm Gonna Be The First Person To Knock Him Out' - The Real Tarzann On Jake Paul
vsw2yzBNnZE Reaction to Tim Cook's Salary & Networth
vtETUbax_HY Why Mike Tyson Was Sent to Prison
vtHcNoJtGNw Is Brazil Becoming Next Venezuela?
w0VdbxIrpMg Is The Mood in America Different Under Biden?
w1xhcAS_d_M Reaction to Zuby Breaking Female Deadlift Record
w3-oJzDQNkQ Why Dining out is Killing Your Wealth
w6wMZ0Yp43I What Lower Interest Rates Means For Americans
w6wsEQf0mVQ Tu Lam Explains How it Was Escaping Vietnam During The War
wCVLeG-2xUQ China Has The #2 Economy In The World.. Should We Be Worried?
wCXEAMLHtsc Why Parents Should Be In Favor Of School Choice
wH6bmHZxvsA Reaction to Derek Chauvin Trial Verdict
wJuRProTxkk Why College Debt Should't be Forgiven - W/President of Hillsdale College
wLACjd6mGZ0 JFK Would Destroy Bernie Sanders
wP8bz4XkgTk Reaction To LA Mayor Plans To Launch Guaranteed Income
wT7b5CUdKko Why Trump is Backing Out of World Health Organization
wWJZoEnUFXI Will Biden Complete his Presidential Term?
wX3COEybRfo Reaction To President Biden's Press Conference
wXvzJu75Nrc Swing States in 2020 Election
wY0n-BKNGIM Guerrilla Marketing Using Water Bottles
w_sjLXxC8r0 64% of Millennials REGRET Their HOME Purchase
wdT2SMmfypU Reaction to RNC Convention- Day One
we2pCrGU_ZE Reaction to $850 Million Boy Scout Sexual Abuse Settlement
wfztT-Smfck How Lil' Baby Got Scammed For Over $400k
wgYRSESt3RE How to Reform the American Prison System
wh0cKKJ4vgs Adam FINALLY Admits Trump is Better Than Biden?!
wh4JllXePow Biden to Fund IRS an Extra $80 Billion Dollars to Find Hidden Money Among Wealthy Individuals
wl-jSz81YmY Reaction to Biden’s Tax Increase on Wealthy Americans
wl8fPnOiOHs Reaction to Possibility of Facebook Getting Broken Up
wmEhVIRzNlo Hilarious Highlight Video from First 100 Episodes of PBD Podcast
wp5y0CxT0g8 Heated Debate On AOC Becoming President
wp9H94H-Ehs Ron DeSantis's Press Secretary Confirms His Plans For 2024?
wr4u-N4TZNk Reaction to Chazz Palminteri's First Meeting With Frank Sinatra
ws4hQxAsjz8 Entrepreneurs vs Employees
wsA7uY98pK0 How the Federal Reserve is Manipulating Markets
wuv5Sl7s18c WHY INFLATION IS CRUSHING THE AMERICAN DREAM
wyKJL_NJu40 Eddie Gallagher Reacts To Being Framed By The Navy
x-yU2yJFjs0 How Miami's Cocaine Cowboy Got Started
x0NRuUySGkg Costco Founder Threatens to Kill CEO over Increasing Prices on Hotdogs
x0d8eWpPTJ4 Reaction to Democrats Winning Georgia Runoff Taking Control of Senate
x1kbcUrcmnE Heated Debate Over Materialism in America Today
x2DV7kFqDMU This Is America's BIGGEST Threat...
x5oOTvMbksY HEATED Reaction to Fauci's Leaked Emails
x9co5x-LWfY Patrick Bet-David Explains The True Meaning Of Capitalism
xAgKaEIVQwk Reaction To Lebron James Getting Courtside NBA Fans KICKED OUT of Game
xCq9s-vQT30 How to Recruit People to California
xF4URPImhak Are Putin & Russia Influencing US Elections
xGSdSgoaA6g Biden’s Cancer Charity Spent How Much on Research?
xGeoM1fynHg Reaction to Company Wanting to Buy Your Home & Lease it Back
xHWbRVN8pP8 Reaction to China's Housing CRISIS with 90 Million EMPTY Apartments
xHsp6mCFrbI Where America Went Wrong & Why It's Heading Towards Failure
xJaa79JX-eE Billionaire Explains How Money Really Works - 'Money' Is Energy
xNVHZ7nkmOI Reaction To Elon Musk Being Told to Short The Stock By 𠆋ig Short’ Michael Burry
xQrx2ySqDLs Patrick Bet-David Explains Why Joe Rogan And Elon Musk Should Start Their Own Media Company
xRXTnpyEBWk Phil Heath & Patrick Bet-David Live - Possible Comeback?
xTB235cIClE Patrick Bet-David Breaks Down Why College Students Need To Party During Spring Break
xVSq803Btk0 Reaction to Biden's Proposed Tax Hike, First President Since 1993
xVwT9RTM-C4 Biden’s Impact On Different Industries
xXlzl1goQVY Newt Gingrich Reacts To Hunter Biden Corruption
xYDNqtfOuek Reaction to Big Lay-Offs By Disneyland KPMG & Others
xYIPVnfGLCs Index Funds for Dummies
xbyVDvUWWO4 Reaction to Chinese Government Attacking Microsoft Servers
xem2oY3uJ-8 The Moment Mike Tyson Knew He Would Be A Champion
xf9Rl_mN5-w Was China Right To Ban Crypto? Charlie Munger Thinks So
xiIgfKGHmv4 Why NBA is NO Longer Political With A New Face of the League
xjJhCQcSR6o Who will be Tougher on China - Trump or Biden?
xmj3UdvKCoA Reaction to Norway's Response to Will Farrell & GM Commercial
xmvuUWcOEBI Shocking Benefits of 40 Day Water Only Fast
xnYUtzFdYfg What is Scientology - A Religion or Business? - Preview
xrLbPRZsihA Reaction to Congress Passing New $.15 Trillion Spending Bill - Driving Inflation Even Higher
xsXcbuIOUOg Reaction to Goodyear Tire Trump Scandal
xtb67lnK100 Reaction to Absurd Laws Passed in California by Newsom
xum7IcpyGaQ Reaction to Jake Paul's Beef with Dana White
xwIBna476kg Is Joe Biden a Bully?
xyTdvukGl5g HOOTERS Waitresses Make How Much?!
xzbEbtCqGNg Coronavirus Conversation with a Renowned Cardiologist - Steven Gundry
y-9rhV9ED_g \
y1dpFB3koEo Rashad Evans Breaks Down Why Jon Jones Keeps Getting In Trouble
y3SMNBsE0A4 The Threat of China Controlling 6G
y8SAXncDWx8 Dodgers Win 2020 World Series
yA5X_1BKcWw Airline Industry is BROKEN, here's How to FIX it
yAuWGGqKUkU Reaction to Elon Musk's $6.7 Billion Dollar Salary from Tesla
yElHkFTJzSc The Truth About The Russia/Ukraine Crisis
yMQsPWTwS-E Why Politicians Drive War Over Diplomacy
yQ-vh0lFgZw Reaction To Gianni Russo Meeting Vladimir Putin
yRxfCkHUNBI Reaction to Amazon Hiring 427,300 New Employees In 2020
ySkwgNLEhq8 Reaction to Jay Z Fearing 'Cancel Culture' is Here to Stay
yVR9zyxUhnQ Reaction to China Invading Hong Kong and Jailing Journalist Speaking Up
yXdElvkcu18 President of the West Coast Longshoreman Union Calls In Do Discuss Shipping Crisis
yaTPztRbnQc Why American Cattle Ranchers are Going Bankrupt
ycZDfx7mArk How The Media Manipulated Reality
yfC14EszhKo 8 Reasons People Should Fear China and North Korea
ygpeiXDkid8 Reacting to Bob Saget's Death
yk873oxj45U 10 Things You Didn't Know About Ron DeSantis
ynFgjbuY1IU Reaction To Bill Maher Defending Dave Chapelle
yqgnY4adq5g Pandemic or Plandemic? What Really Went Wrong
yrXGLVrbKmw Why Most People Don't Like Working with Great CEO's
yuawAq513qc Reaction to Reed Hastings & Netflix Running Ads for Millions of Dollars in Support for Gavin Newsom
yud8lzo5Erw Are People Born Republican or Democrat?
yxXD1cud85k Reaction to Obama on Defunding the Police
yxsfaIs2D6g Reaction to Proposed Billion Dollar Super League
z3-7va_ubJ8 How To Enter The New Year
z7flkMlXBhE Why You’re Never Going To Be Able To Purchase A New Car
z7klJxKklCM The Fatal Mistake Republicans Made
z7nwu_Jf8yI What The Durham Report Shows Us
z8k1gW4KjVA ATTENTION CRISIS - Why College Students Can Only Focus For 65 Seconds At A Time
zARsixhJpn0 Billionaire Reveals How Much Luck Is Truly Needed To Succeed
zE6IerZ-Jlc Dennis Prager on Differences Between Liberals & The Left
zE7lt7mEKOk NBA Star Leaves Fiancພ At Alter When Refusing to Sign Prenup
zFigljNcMuk Rich & Ugly vs. Hot & Broke.. What Would You Pick?!
zFmXEJ3Xro4 Why Men Keep Living With Their Parents
zFnV6TNZrF8 Heated Reaction to Protests in Cuba Against Government
zGYxXfI5cPw Everyone Goes Through Something
zIlI5cLSb20 The Importance of Sharing
zK2whr7zD_M Heated Reaction to Ashton Kutcher Warning About Chinese Influence on America Teens Through TikTok
zNJAmaJy3GM Who Rod Blagojevich Really Is
zPfiqw3S05s Will Schools Closing Hurt Democrats in Mid-term Elections?
zRE8jSDmoBk Reaction to China Going after alibaba
zUDKTxlaGks Reaction to Cruise Ship Require Vaccination in a post pandemic world
zV6dVec0yPc Why Antifa Hates Obama and Looks Up to Che Guevara
zYjoEC6AE08 Why You Should Worry Less About What Others Think Of You
zbZi7hWKLKo 'Put A F*cking Wig On!' - Bill Maher DESTROYS Jada Pinkett Smith
zboLN7QdcTg Will Riots be Worse if Trump or Biden Wins?
zcAY5uFcNCA Sammy \
zcwg8E0pCwc Mike Tyson's Thoughts on Connor McGregor Making a Comeback to UFC
zet7Go6GH1A How Jordan Peterson Wants To Be Remembered When He's Gone
zgrh3bGmdHY Super Bowl LV Predictions-  Brady or Mahomes
zgtE74yei-U University Professor Reveal Who Truly Wants To See America Fail
zhllOWy8-Qw Former Special Forces Soldier & Vietnamese Refugee Explained How Communism Ruined Country
zlvM6Sm9bnU More Content doesn't mean more Influence
znjXdnTmYlk Reaction to Berine Sanders Going After Elon Musk
zrBLZdSObrk How Politicians Legally Extort Money From Companies
zuko1tq1oTo Will Trump Finally Speak Out Against Vladimir Putin?
zvAvfanY3es Has America CANCELLED It's Culture?
zxvqyEspo9o \
zyP2ftKJO3Q Why Mr. Olympia is Broken & How To Fix It
zz4ei-tkvII Shadows From Moon Landing Prove It Was Faked?
zzd1iUOlPHE How Meet Kevin Would Approach Immigration in California
