--SBbIwvKCg إدلب: حلب الجديدة.. من ينهي العنف بسوريا؟
--oRS4GH2s8 حصرياً.. كاميرا CNN داخل نفق حزب الله من لبنان إلى إسرائيل
-0fcA8ggu24 طائرات فائقة السرعة تقطع أمريكا بأقل من ساعتين ونصف
-10EIjjSQu8 ارتفاع أسعار النفط وانهيار الأسواق العالمية بعد أوامر بوتين.. فما الأضرار المحتملة؟
-136vYbeJdM قبل أن يعود ويعتذر.. بايدن لمراسلة CNN: أنت في المهنة الخطأ
-1Cq9m4gh8Y شاهد كيف يمكن للطباعة ثلاثية الأبعاد تغيير صناعات الطب والنفط والغاز
-1LLEg9Dhwc قصة تهز المشاعر لطفل يقضي يومه مقيدا إلى عامود
-1zws3VjOxo نصائح مهمة للحفاظ على ملفاتك قبل التخلص من حاسوبك القديم
-2qv6S9RY_c سوريون يعبرون إلى الأردن رغم جراحهم
-3RZUca9GFA كيري: يجب على روسيا منع صديقها الأسد من قصف شعبه
-3RkisMbIo8 \
-49r8DmZtbw تعرّف على قدرات دودج \
-53yKTroo9k مذيع CNN يشرح سبب عدم تغطيته مزاعم التحرش ضد شقيقه حاكم نيويورك
-5QgINq_HNM مستقبل مدينة جديدة..ماذا سيحدث عندما ينتهي إكسبو 2020 دبي؟
-6L2p1fd1D0 كيف يجني مدونو المحتوى على يوتيوب أموالهم بطرق مختلفة؟
-6ckWEWeaho من المغرب إلى روسيا وصولاً إلى الهند.. هكذا تصنع الشاي ب搃 طرق
-6cvZHeu9LQ سوبارو تطلق نسخة \
-6uaiq6aG7Y ما هو اختبار فيروس كورونا الأكثر دقة؟
-7SGW7U-KQA مقاتلون سوريون يتطوعون للقتال إلى جانب روسيا في أوكرانيا
-87x3oRGFDc وزير الدفاع اللبناني: استقالة الحريري لم تكن متوقعة
-8eavoDtn0A مخيم اليرموك ومحاولة لزج الفلسطينيين بالنزاع السوري؟
-96CJwV2JY0 عروض ثلاثية الأبعاد مبهرة في نيو أورليانز
-9CaS45He-w \
-9ysYunuBZM ما ردة فعل روسيا على حكم طالبان في أفغانستان؟
-A89COZEAZE نَحات صدّام... كيف يعيش الآن؟
-ANIRclP1Rc لماذا استقال الشريك المؤسس والمدير التنفيذي لتويتر جاك دورسي عن منصبه؟
-APzdETCZEo شاهد ما وجده مراسل CNN بموقع اغتيال العالم النووي الإيراني فخري زادة
-Azz4mBroy0 المقداد: الأسد قبطان السفينة ولن يتركها
-B2w1dChsHE بطريقة مبتكرة.. هكذا تقوم دبي بتعقيم المدينة لمواجهة تفشي فيروس كورونا
-B3adUL2ClY وزير خارجية العراق: لا يمكننا منع شعبنا من السفر.. وبيلاروسيا تستخدم المهاجرين كأداة سياسية
-BQr8KwZAKc شاهد.. طائرة تتجه مباشرة نحو إعصار \
-By13m1IkP4 حصري.. روسيا تبدأ المرحلة الثالثة من تجارب لقاحها الجديد المضاد لفيروس كورونا
-CF5TpEGqvY كيف تحمي أطفالك من الانفلونزا ومضاعفاتها الخطيرة؟
-DNQOktL8d0 بعد تحرير الفلوجة.. كيف ستكون معركة الموصل؟
-DlJZXiXxb4 زيادة شعبية \
-E-FY-ab3Es حفرة \
-EVLs-oLkDQ عرض أزياء يحول مطار جي إف كي في نيويورك إلى منصة له
-FM7A_h-LmE عام على أول إعلان.. إليكم أبرز محطات التطبيع بين إسرائيل والإمارات والبحرين والسودان والمغرب
-G8qf1tSAk0 الأمم المتحدة وسيناتور أمريكي يدعوان إلى إطلاق سراح المعتقلين في تيغراي
-IPPJlnCKPs ثاني أكبر مطارات بريطانيا يخلو من المسافرين مع انهيار توماس كوك
-IbCcps7rPQ إنجلترا تقسو على أوكرانيا المستسلمة.. وشاو يرد على مورينيو
-J3oaCtrf7U مدرجات بطولة العالم لألعاب القوى خالية في قطر.. فما الأسباب؟
-JOEvDV15G0 مراسل CNN يرصد بالعربية مشاهداته لآخر معارك داعش
-K6e7VicOks جندي سابق بالجيش الأمريكي يسافر إلى أوكرانيا لتعليم المدنيين كيفية تقديم الإسعافات الأولية
-KnGiGXAUmQ رامي عياش..سأخوض تجربة التمثيل مع بطلة مصرية
-KzwIQAF6iI منتجعات وحمامات تعمل 24 ساعة يومياً في سيول.. والهدف؟
-Lg2q9ZdMaQ أجواء حالمة.. نظرة داخل زينة عيد الميلاد في البيت الأبيض
-LvqFXV2Zx4 شاهد رحلة طيران صاروخ \
-NGcQjsA6MQ الهرم الأكبر في الجيزة يدهش العلماء بفجوة غامضة داخله
-OMhfZdLn1M سيارة \
-Os0MjXYvek نووي إيران يقسم اليهود الفرس
-PtlfGSsBgI مواقف ساخنة من العري وغناء المهرجات.. هل تخلى هاني شاكر عن دبلوماسيته في \
-QPvQS7IQP8 يرافق زيت الزيتون ويزين موائد الفطور..ما هو أصل الزعتر؟
-R0BuDT1IGI كيف سيبدو هاتف سامسونغ الذكي القابل للطي؟
-T5qZ7beHsY متى سيتمكن الأطفال من الحصول على لقاحات كورونا؟
-TfvxYrO89w خبير يشرح سبب ارتفاع حالات كورونا في المملكة المتحدة.. لماذا قد يتكرر ذلك في دول أخرى؟
-UmZaWV47lI امرأة تعيش حياة مزدوجة منذ 7 سنوات.. بين الطيران وتطوع طبي
-UwSUXKkOiQ ملكة جمال لبنان السابقة فاليري أبو شقرا: هذا سبب اقامتي في دبي
-XVLeHo2vPw عمر السومة.. \
-XhT4oFE-yc رحالة كندي يصور محاولة سرقته في الأرجنتين
-YG4kdxQwNs لحظة إطلاق البحرية الأمريكية صواريخ توماهوك على داعش
-ZJAFw29Fu8 مهرجان الجنادرية..أصله وتاريخه وحاضره
-Zni64roUUQ فائز بجائزة نوبل: الاستثمار في البحث الطبي قد يجنب أمريكا خسارة 400 مليار دولار شهرياً
-_Ca1okoJD4 أكثر طريق واعد للعثور على الطائرة الماليزية حتى الآن
-_jM1CS7VXg بيبلوس اللبنانية.. هل العيش فيها ممكن؟
-_rd8TJm4oA نجوم السينما العربية والعالمية يتألقون في مهرجان دبي السينمائي
-aOM_WFwL9I مطعم \
-adKVZERYL4 كيف ردّ تركي الفيصل على سؤال مذيعة CNN حول علاقة إسرائيل والسعودية؟
-c341HenlZ0 إيطاليا تعود إلى أسلوبها وتتأهل.. وإنريكي أذنب بحق موراتا
-cjbuhQPOiU فيديو مذهل من فوق غزة.. هكذا تنتقل الطالبات
-d7BiM6aTh8 أفضل أسطح المباني للقيام بجولة شتوية دافئة في نيويورك
-dMebJRb6d4 قرقاش يتحدث ل搌NN عن التصعيد الأمريكي ضد إيران وموقف بلاده
-eAHfsd1ML8 هذه \
-ef1JEKWjt8 بمخبأ أسلحة 񤠖 كاميرا.. سيارة صممت خصيصاً لشرطة دبي
-fiFRM4dIrs احذر \
-gDMZXklfaw فنان يحطم مزهرية قيمتها مليون دولار
-gKQiJBGreU شغل أطول رحلة في العالم.. إليكم قوة هذا المحرك من رولز رويس
-h5tlUao6nE بعضهم انتقد النظام الصحي.. أطباء روس يسقطون من النوافذ وسط تفشي كورونا
-izQ3BGtncU طي الجسد.. هل هذا أسلوب الكونغ فو الأكثر غرابة؟
-j1Pwfhilw4 نادي \
-j5r6WWzb2I رحلة خارج أفغانستان.. منظمة إسرائيلية غير حكومية مدت يد المساعدة
-jBrfTdR4AY السباحة بذراع واحدة.. لتحطيم الأرقام القياسية
-je5YKfxJU0 عشر حقائق صادمة قد لا تعرفها عن الألوان
-jp0ApcVGnE أبرز 4 أكاذيب لترامب تروي كيف كانت فترة رئاسته
-kEWZeL44-Y مسؤول في أرامكو السعودية يتحدث ل搌NN عن حجم الدمار
-lYfA8r5WQI كاميرا وضعت على صاروخ \
-mTt2Qb3PGo أكبر مجموعة من النبيذ في البحرين موجودة بهذا المطعم
-oLi7VFENEw صورة تقبيل طفلة في الرابعة لصديقها تنتشر بقوة
-pKsmTZ7lik أهم أسباب انقطاع الطمث وعلاجه
-q5yt2t3oyE حصرياً.. ماذا يحدث لزوجات مقاتلي داعش؟
-qBeM3VqTBU إليك كل ما يجب معرفته عن هاتف غوغل الجديد \
-qZWpThpN9M جسر زجاجي يفصل بين محيط وخليج
-qkRF3FW6GQ تركي الفيصل يتحدث عن شروط التطبيع مع اسرائيل والمصالحة الخليجية ومواجهة إيران
-rKD8mXD8wo فيديو صادم لتصدّع فجوة ببركان كيلوا في هاواي
-rwBJTfI7tY ما هو \
-s1UnA94P70 حديقة خيالية في اليابان
-t06xqo_-dM الاضطراب يسود الشارع المصري بعد الفيلم المسئ للرسول
-w-EpC6Wvjg شركة \
-wIm_x3cWJk باحث رئيسي في لقاح \
-x-qVDHDfj8 رحلة اللاجئ يونس من ديكتاتورية بلاده إلى حرية أوروبا.. لينتهي أمره بالسجن في نهاية المطاف
-y11hw1vfLU خبير اقتصادي يتوقع أن تحفز خطة مشاريع ال񤁐 نمو اقتصاد الإمارات
-y2d1chGh5Y هل سنعيش في المستقبل على هذا الكوكب الذي اكتُشف مؤخراً؟
-y5lz8E-doA مراسلة CNN تشارك رسائل كراهية تلقتها بسبب فيروس كورونا
-y6Og3SbI1k الرئيس التنفيذي لطيران إثيوبيا ل搌NN: الثقة ببوينغ \
-yYKi0z3FKo الطيار الأردني يوسف الدعجة: سأكرر ما فعلته فوق القدس إذا سنحت الفرصة
-yhukwcFu_8 إليك 5 خرافات عن الاستدامة البيئية
-zZGbCYLJH4 هل هذه بداية النهاية لأكثر سوق صاعد في التاريخ الأمريكي؟
0-V2OmPamIQ ثنائي محظوظ يهتم بهذه القلعة التاريخية
0008wW2V-1U آثار القصف على حلب
00CdDZfr2bM خذ استراحة سريعة من الجلوس للقيام بهذه التمارين السهلة
01dzmR87zYo \
03GHj2OlAE4 مقاطع لفيديو مايلي سايريس \
040zSCE1eZs بيل غيتس: قد تكون الأشهر الأربعة أو الستة القادمة أسوأ ما في الوباء
04Klrf9ZUcs بوسترات دراما رمضان تثير أزمة وإلهام شاهين تواجه التنمر.. إليكم الأبرز في أسبوع
04SGDvQmLbY حرب شوارع في ثاني أكبر مدينة في أوكرانيا وتدمير عتاد روسي
04iiEKqRctQ الإخوان: الحظر لن يمنعنا من التظاهر
05983gEysQA من بينهم جو بايدن وزوجته.. هؤلاء هنأوا الدكتور فاوتشي بعيد ميلاده ال񤂀
05hHbIavj8E استعراض رقاقة ذكية تغرس بجسم الإنسان في جيتكس دبي
063X-D5fWEM اكتشف سبب إدمانك على بعض الأطعمة
06o8-JE1YEM ما الذي ستبحث عنه الصين على القمر؟
06st0D0J2ps أوضاع سوريا في ظل تواجد البعثة الأممية
081EzGHObcw برازيلية الأعلى دخلاً في عالم الموضة
08Tthsovb7A كيف أثر فيروس كورونا على صناعة السفاري في أفريقيا .. وماذا سيحدث للحيوانات البرية؟
08UuJZkvTIU هل أصبح ليفربول الفريق الأفضل في العالم؟
09ZS90BgeW4 طوابير في انتظار شراء آيفون 6
0A8vJKCIxF4 نصيحة \
0ALazpBPGOs حقيقة أم خرافة.. هل يجب على مرضى السكري الامتناع عن صيام رمضان؟
0ApNktxOolI كيف يتم “إفراغ” مراحيض الطائرات؟
0E-TDN7Rnlg هل تستمر المناعة ضد كورونا لدى المرضى؟ هذا ما عليكم معرفته عن لقاحات الفيروس
0E5MSPAY47c أسباب عدم اعتبار منظمة الصحة فيروس كورونا جائحة
0EyXTr3pMZ4 مع اكتشاف سلالات جديدة من كورونا.. هل سنحتاج إلى تطعيمات سنوية ضد الفيروس؟
0FAKwJRKIpw دراسة مبكرة تظهر نتائج واعدة للعلاج بمزيج من الأجسام المضادة ضد فيروس كورونا
0FzCA0anCVQ ماهو تصحيح سوق الأسهم؟
0G40gojdEW0 كيف عطل سيميوني ليفربول كلوب في مدريد؟
0GBIgn60_B0 كيف تبدو السماء في قرغيزستان؟
0GfOfws0y6Q هل تخلى ظافر العابدين عن دبلوماسيته في مواجهة أسئلة شربل راجي
0HHa9UFrSUQ سلسلة جبال في الهند أقدم من الهملايا
0Hmqsy2WKk4 عمر العلماء.. جندي في الجيش الإماراتي في النهار ووزيراً في الليل
0JByPEVVBdI كيف يمكنك الاستعداد لاحتمال تأثرك بفيروس كورونا؟
0K53cNhTs-I شركة \
0L3A1ApAlzU بعد عامين من الحريق.. جولة ل搌NN خلف كواليس عمليات ترميم كاتدرائية \
0L9g1TxCoWY نانسي عجرم: العرب سيحققون النصر إذا اتحدوا
0LsVJWrxtZ8 كما الجفاف.. الإفراط في شرب الماء قد يسبب مشكلة خطيرة لصحتك
0LyQaIWdGBo يوميات اليورو.. ألمانيا تفوز على البرتغال بـ\
0M1rUL6q9QY شاهد.. إعلان يسخر من مارك زوكربيرغ بعد تغيير اسم فيسبوك إلى ميتا
0MdFAJ8bweA كيف بدأت رحلة عملة اليورو.. وإلى أين وصلت الآن؟
0MxIJFHrT1U عالمة كيميائية تحطّم الصورة النمطية لمظهر العالم الاعتيادي
0N2QOUfrbG8 كيف تبدو صناعة المصابيح العملاقة في الصين؟
0NroAtimhu8 بعد ما فعلته الحرب.. هل يعيد هذا المركز الأمل لأطفال سوريا من ذوي متلازمة داون؟
0ONFfgTZveg رجال العناكب في الصين يتسلقون الجبال بلا أي حبال
0OPuqz0OLME باسم يوسف يسيطر على شاشة CNN
0OT_orEdvMw أزمة في اليابان بعد إصابة العشرات من أفراد البحرية الأمريكية بكورونا في أوكيناوا
0OUNQGvZ9ts دبي تدخل موسوعة غينيس بأكبر شاشة عرض جوية في العالم
0Ou7BqzK8Io دراسة: إكسبو سيوفر أكثر من 270 ألف وظيفة
0P2yiDYQoJY قناتها جذبت أكثر من مليون متابع.. من هي السعودية نجود الشمري؟
0Pl4J_Twn_0 شاهد كيف تبني ديزني ساحة حرب النجوم
0QxiEfv1gNg حصري ل搌NN.. انطلاق المعركة ضد آخر معاقل داعش في سوريا
0RL7f6_zE7s أبرز 5 خرافات عن وسائل تنظيف السيارة
0Ra8FLN9LYo لماذا ضحك بايدن عندما سأله مذيع CNN عن أهمية حضور ترامب حفل تنصيبه؟
0S8FSBfMO5c ما هي تطورات الـ\
0SzCS_jixH4 بيع تمثال توت عنخ آمون ب搆 ملايين دولار رغم احتجاج مصر
0TDLZNcff2A عمرها 82 عامًا.. هذه السيدة سترافق جيف بيزوس إلى الفضاء
0TQtsdXBl_0 نصائح حول كيفية تجنب الأوجاع عند العمل من المنزل في ظل فيروس كورونا
0UthyZNvOnA رئيس مايكروسوفت: هكذا يمكن أن تساعد التكنولوجيا في سد فجوة الإعاقة
0Uv9pqBmgz8 لماذا تنفق الدول عشرات الملايين على أجنحتها في إكسبو 2020 دبي؟
0Vkl1UHcwvc كأنها من المستقبل.. جيب تعيد إحياء \
0VveKQGIQQ8 الإمارات: قدراتنا الدفاعية من الطراز العالمي.. ونبحث تحسين التعاون الاستخباراتي مع أمريكا
0W8nfr6qw9w مؤخرة تملؤها الوشوم تستقبل وليام وكيت!
0WOdHbkCZC8 العور: دبي تستطيع منافسة البحرين وماليزيا بالاقتصاد الإسلامي
0WUCeXwIgw0 لماذا قتلت أمريكا قاسم سليماني وكيف سترد إيران؟
0WsZ4ZzOy6I نجوى كرم ترد على منتقدي موقفها من أزمة سوريا
0Zbc9_g_LzE ميسي وبرشلونة.. \
0_ZOZ2s6x2c رغم تصاعد أعداد مصابي كورونا.. رئيس البرازيل يتجاهل ارتداء الكمامة
0axoCFI9280 بيلوسي تكشف سبب تمزيقها خطاب ترامب في الكونغرس
0bBOjCjWOfs عارضة أزياء برازيلية: أردت إزالة أحد أضلعي لأبدو أكثر جمالا
0bQSa5OWpAo حصري.. هل يلفظ \
0cUwd3vPP7s سيارة دفع رباعي بمقطورة من GMC مزودة بخيمة ومطبخ
0cmD6HpRyPQ كيف تحافظ على قلبك من مخاطر الصوديوم؟‎
0dQLbXP25qQ الإمام زيد شاكر.. أمريكي دفعه سؤال طفلة لاعتناق الإسلام
0eBV3oUNgEE كيف انتشر فيروس كورونا في أمريكا؟
0ey8QYKx3-w فيسبوك تريد وضع كاميرا في منزلك
0fDzoYqFx2E يوميات يورو 2020.. ما الذي أنقذ حياة إريكسن.. وهل يُلام محمد صلاح؟
0fczteYwQuk ما هي حلول تحديات الاستثمار بالعملات الرقمية؟
0ftaOJvb_o4 زعيم حركة حقاني يكشف لشبكتنا تفاصيل اتفاق بشأن سحب أمريكا مكافأة رأس أخيه
0iNDZV9Wa8g مصور أعمى يرسم الضوء
0ihsTwdPgFM حلب.. بين رصاص القناصة ودفاع الثوار
0jW2Byd7UC8 اكتشف أسرار إحدى أولى منتجعات السياحة الزراعية في مصر
0jeBbQZJaII دقيقة واحدة كافية لتقع في حب هافانا
0k9M06mxiTY تفجيرات دمشق تشعل الغضب على أمريكا
0kab6WTkMu8 كيف صمم الصوت الأكثر إزعاجاً على الإطلاق؟
0ktV3H44nfA هكذا تصنع الطائرات الورقية الأكثر واقعية بالعالم
0l7ZgA6l23Y أوباما يعلق على ملابس ديفيد بيكام الداخلية
0mjoHxDZyTA ما هي تقنيات بلوك تشين المتبّعة لتحسين نظام الطاقة؟
0mmT4TpThzc هل يكون العمل من المنزل مستقبل الموظفين؟ شركات بارزة تتبنى الخطوة
0nBJLHd4u5g مقاتل ودبلوماسي بأرفع الأوسمة و\
0nEheh9ICAI أخطر جبن في العالم يكسب طعمه من الديدان والذباب
0o2U_OOVDkM بعد حكم بسجنها.. شاب يقف وسط المحكمة ويحضن شرطية قتلت شقيقه
0oxeCPvq3WY لحظة عثور الشرطة الأسترالية على طفلة ال搄 سنوات على قيد الحياة بعد اختفائها لمدة 18 يومًا
0pHwndkyszc انفجار خلف مراسل شبكتنا في غزة
0pIeJ50Kdhs أسترالي يواجه نمر القرش
0pWiMVdeMv0 انتبه .. أطعمة لا يجب أن تتناولها بتاتاً
0pfeuZmIg7w الصراع في سوريا.. يتخطى المحرمات
0q8meJHEE6s كيف تمشي؟ إليك خطوات لتحسين بعض الأخطاء الأكثر شيوعًا في المشي
0qqIazX6BIQ فيديو صادم يغزو الانترنت: نمر أسود يتسلل خلف رجل
0r0UIzOEC6M رد فعل رائع لإوزة شاهدت رفيقها يخضع لعملية جراحية
0rnvltucsFE ما هي فوائد استخدام \
0sTJbsD3xbo ما حظوظ الهلال والترجي والسد في مونديال الأندية؟
0sU1_ZoX2U0 نينا الرفاعي.. سباحة سورية تسعى لذهبية الأولمبياد الخاص
0sX9DD11sqk تحسن في الاقتصاد المصري .. فما هي أبرز أسبابه؟
0sk-_pkZth4 إدلب.. معقل المعارضة في سوريا تحت التهديد
0tN0i69xV9w هل وصل فيروس كورونا إلى قمة جبل إيفرست؟
0t_XRrDzjgU أغلب زوارها من المثليين.. كورونا يفتك بالنوادي الليلية في سيول
0tmjyd25f_o الإمساك بأمريكي كان يحاول الانضمام إلى داعش
0u7mr8CTVtw اللحية وجواز السفر.. أسباب سلطات الصين لاعتقال مسلمي الإيغور
0uF8wfRniyE ناج من فيروس كورونا بالكاد تعرف على نفسه بعد خروجه من غيبوبة
0uPW8fMryxE من خليج عُمان.. CNN تكشف ما حدث للسفن ال搄 قرب ميناء الفجيرة
0ubEGogDZ_A كل ما قد يجب أن تعرفه عن شقيقة أبو بكر البغدادي واعتقالها
0vK16zJ_XBM في ذكرى النورماندي.. الحرب العالمية الثانية بالأرقام
0vprnhT-C2o هل ينوي بايدن تغيير العلاقة مع السعودية والإمارات؟ بلينكن يجيب
0vqKt_1lO80 كلوني وعلم الدين يحتفلان بتوديع العزوبية كل على انفراد
0w6rykte3hs مايكروسوفت\
0wGQ172q9Q8 كلاريسا وارد تتحدث عن الأمومة أثناء تغطيتها لمناطق الحرب
0wMOLY1xqmg من باريس إلى لندن ومدريد.. كيف يبدو منزل بقيمة مليون دولار في مدن أوروبية؟
0wWFplBoF8Y الطهي بالسُّم في اليابان
0xa1zwuvV54 لقطات حصرية لآثار الضربة الأمريكية ضد عناصر تنظيم داعش خراسان في أفغانستان
0xbybgoc5Kw اكتشاف نجم قد يؤدي للتعرف على حضارة للكائنات الفضائية
0ybVFULpaeQ والد 3 بريطانيين يقاتلون بسوريا: الشهداء مثواهم الجنة.. لكنني أب وأخاف عليهم
0zZydO65XwU مسيرة النساء ضد ترامب تكتسح شوارع أمريكا
0zjcCmIvM0M في بنما.. \
0zmLA-pEzcg سباق إلى الفضاء.. شاهد شركة تبني صواريخ فضائية بطابعة ثلاثية الأبعاد
1-F7c3sDG6s هل الاستثمار في بيتكوين خيار آمن؟ خبيران يبديان رأيهما
1-VxaCJW_rw هل يمكن استخدام بلازما النقاهة لعلاج فيروس كورونا؟ سانجاي غوبتا يجيب
1-fYGgcdVc8 ريم الهاشمي ل搌NN قبيل توقيع اتفاق السلام بين الإمارات وإسرائيل: حريصون على نهج الأمل والرخاء
10Zl23fGC2M رجل يلعب الغيتار خلال عملية جراحية دماغية
10azPsDGZKg آبل تكشف عن هاتفها الجديد \
10cAc2BkSjg ما الدول التي قد يمكنها إقناع بوتين بوقف الهجوم على أوكرانيا؟
12mlsCiuTLI عداد مياه ذكي يوفر المال ويحمي الكوكب.. إليكم كيف يعمل
12nE9K7dUGs جزيرة موريشيوس.. كيف تحمي \
15Px2kS2Jkk دراجة كهربائية تتحول لروبوت شخصي في خدمتكم
15VRl5kSP34 دراسة: المناعة الطبيعية بسبب الإصابة بكورونا ربما تكون أقوى من اللقاح
15dmxflsjK4 من المشاهير الأعلى أجراً في العالم لعام 2019؟
15lL9rhhB6E قبل أن تغرق! هذه كمية المياه التي قد تجرف سيارتك عند هطول أمطار كثيفة
16NmJ8nGC14 علماء الآثار يكتشفون مجمع حمام روماني عمره 2000 عام في إسبانيا
17HWvOr8Cy4 من خلال تغيير نظامك الغذائي.. إليك 5 طرق لمساعدة الكوكب في أزمة المناخ
17Zxh0LBWDo أول شخص يعيش بقلب اصطناعي بالكامل في أمريكا الشمالية
18as5Is3Oi8 فندق مصنوع كلياً من الجليد.. يُبنى بشهرين
18zah8fJWbc كيف ستنقل شركات الطيران لقاح كورونا في درجات حرارة تصل 70 تحت الصفر؟
19o7YwS_AqI استمرار الاحتجاجات في لبنان بعد نيل حكومة حسان دياب ثقة البرلمان
1AonUGfm3JU لعاب هذا الحيوان يمكنه قتل إنسان خلال 24 ساعة
1D-uMIpG-RM خدعة تدمج بين السحر القديم والتكنولوجيا الحديثة
1DBtVoKh5EM أوباما يرد على شخص قاطع خطابه ليسأل عن \
1DxD228FNt4 هل أوباما الأكثر تأثيراً بين صنّاع الأحداث بالشرق الأوسط؟
1EU0rGPkJv4 بعد اجتماع مجلس الشيوخ.. ما الذي يخبئه تصويتهم فيما يتعلق بمحاكمة ترامب؟
1EsCALdfDC4 صور حصرية ترصد حشوداً عسكرية روسية في أوكرانيا
1F6PzgZElCw هل تقف السعودية وراء \
1F75pmq08mo كيف يستسلم مقاتلو داعش في سوريا
1FDIuNr1aPE في مزار شريف: لا أحد يهتم بأحداث 11 سبتمبر
1G15T7YWaJg كلمة على معطف زوجة بايدن تثير الجدل.. ما سرها؟
1G1dTuRtAyI قد يخدعك الطبق   هل تجرب مثلجات السباغيتي في ألمانيا؟
1GIU4UB7f7M منازل على شكل أطباق طائرة.. ماذا كان مصيرها؟
1HVPR1cDtgE سلطان بروناي .. غني يتودده أقوى القادة ويقاطعه المشاهير
1Is664iJmNk تشييع جنازة السجين ميسرة أبو حمدية في الخليل
1J4M-etpfcY تطبيق \
1JJ-LfzUwQA كيف يرى السعوديون ترامب بعد عام بالرئاسة
1JTXOzRp_L0 أحدث نسخة من دراجة شرطة دبي الطائرة
1KL3A42EZbo رمضان هذا العام أصعب من أي وقت مضى على اللبنانيين
1Kdem1pEJkw غارات المروحيات النظامية تستهدف المدنيين في حلب
1Kj4KSyTHzE مغنية الراب نيكي ميناج تدعي أن لقاح كورونا يسبب \
1L0l1UwFOf4 ما دوافع لقاء محمد بن زايد وأردوغان وما دوافع التغيير الذي تشهده المنطقة؟
1NoV1U8Uci8 أمريكا قد تحتاج للالتزام بالتباعد الاجتماعي بسبب فيروس كورونا حتى 2022
1OPCgErfhpg أصوات مخيفة.. شاهد ما حدث عندما حول علماء اهتزازات شبكة عنكبوت إلى موسيقى
1OwWheAT6Kg من صاحب فكرة الهاشتاغ ومتى وكيف استخدمه أول مرة؟
1PNeukUGzPQ العنف -- العدوان = علاقة حميمة!
1PfIm-2in6U ملحدون على خطى الكنيسة
1QFZGQkju9s تعرف إلى \
1QMAOCRzbuM نظرة حصرية على أحدث جيل من مقاتلات أمريكا
1QzCa33oL94 ما هو عيد الشكر وكيف نشأ في أمريكا؟
1R3rPtfyYuA شاهد كيف يصنّع الجلد وحرير العناكب بالخميرة!
1RF1vfBrOn4 من اليابان.. جولة بأكبر سوق للأسماك في العالم
1RSkjZ6HYgk موس حلاقة جديد سيغير حياتك
1S49Z5kbzDE الكرشة البرتغالية.. طبق مصنوع من معدة البقر وأذن الخنزير
1S_0Z8zr6n8 الغاز الطبيعي.. نظرة على القوة الكامنة وراء نفوذ روسيا العالمي
1Slr6buTDbA تجريد نجل الملكة إليزابيث من ألقاب منها عسكرية بقرار من ملكة بريطانيا
1T9SDy5hOx4 لأول مرة.. تويتر يتحقق من صحة تغريدات دونالد ترامب وينذر المستخدمين
1TAwyZu_lms إليكم كيف تعاملت هذه الشركة الناشئة في دبي مع خطوة إنطلاقها بداية جائحة كورونا
1TSj_UVnuQs رولز رويس بوت تيل المستوحاة من شكل قارب.. قد تكون أغلى سيارة بالعالم
1TqvDLboLAk سكان مدينة حراك يتعرضون لعنف القوات السورية
1U2i4F6H8Bc خبراء: الأدلة دامغة بشأن ارتكاب جرائم إنسانية بسوريا
1U8UeWLzapU من برج خليفة إلى إمباير ستيت.. إليكم تاريخ ناطحات السحاب والسباق نحو السماء
1V-ds8NHolU بعد فرض G7 ضريبة 15% على الشركات متعددة الجنسيات.. محلل يشرح تبعات القرار على الخليج
1VKDHl_tbYk أبرز 5 خرافات حول استعمال المايكرويف
1VeXh2Rn6iY العنصرية.. ظاهرة تهدد كرة القدم الإنجليزية
1VjqqWteJkE طريقة بسيطة لصنع قناع ضد فيروس كورونا بالمنزل
1W1YUVWiNkA انتخابات المؤتمر الوطني الليبي التاريخية تبدأ من دبي
1WXA7dJWg3g هل اشتقت لأزرار الهواتف؟ إليك هاتف \
1XSZ3SFzrik حصرياً.. CNN على متن طائرة أمريكية خلال اعتراضها من مقاتلة روسية في سماء البحر الأسود
1XrMlVm1nKY من هن لاعبات \
1Xu-jZAt2Oo محامي الأميرة حصة بنت سلمان ل搌NN: سنثبت براءتها بالاستئناف
1YFEFRzb79k ساعة وربع بين الرياض وجدة.. هكذا سيقلل \
1ZN_wYFqHb8 ‫أف بي آي يطلب المساعدة في تعقب أحد مقالتي داعش‬
1ZnlEIyTWOM وزير خارجية الأردن يوضح ل搌NN قوله \
1ZzAHs9snT8 تبادل لكمات في برلمان تركيا
1_N4yGpmm28 مشاهد تُعرض لأول مرة.. كشف تفاصيل محاولة اغتيال رئيس فنزويلا
1ah6ob_f1ds العبرة تخنق مترجم خطاب رئيس أوكرانيا.. وما دلالات بدلة زيلينسكي “العسكرية“؟
1b7JCaH9w3k البحرية الأمريكية تكشف عن \
1bHFK2zJUFw هارغريفز: 4 لاعبين سيشكلون فارقاً في يورو 2016..
1br_26Pczwk بدلا من العشب.. هكذا تلعب الغولف فوق الثلج في جبال الألب الفرنسية
1bvNaVFv65A إماراتي يخطط لخوض 6 سباقات \
1cBhyCegMWs مقارنة بين الجيش التركي ونظيره اليوناني بظل التوتر المتصاعد بين البلدين
1cjbAC6ciXo جربنا لكم أخف لابتوب في العالم.. LG Gram
1dFMcZgA1c8 إحدى أكثر لاعبات الغولف نجاحًا.. تعرف إلى دانييل كانغ
1diUyTTf5Pw مراسل CNN داخل أحد مواقع فحص كوفيد-19 الجماعية في الصين
1e-pNI3SMR8 العراق: \
1eQzQvekwZk هاكرز صينيون يستولون على بيانات ملايين الأمريكيين
1f64lJXPjGE ساكنو هذا المعبد في تايلاند من مرضى الإيدز.. ما قصته؟
1gFrAMO8Zt8 انفجار يخلف 5 جرحى في القاهرة
1gMP_EM9nvw ترامب يعيد نشر مقطع لاستهداف كلينتون بكرة غولف
1gbJ2F_uRLI هكذا يؤثر قناع الوجه على مدى انتقال فيروس كورونا عند السعال
1hP7Td8ugGc دبي تبني مدينة البندقية الإيطالية على أراضيها
1i3zsv9UBwk جولة عبر المناظر الخلابة والحيوانات النادرة في ألاسكا
1iA9TZWovE8 بوتشيلي في حفل افتتاح إكسبو 2020 دبي
1ib7QmfX4WY ب񤀐 دولارات.. يمكنك العثور على الألماس بهذه الحديقة في أمريكا
1jqUD2WLKSY قصص أبواب مهجورة وهدية من الشيخ زايد.. يرويها هذا المطعم الإماراتي
1ju9TQbsYmI شاهد كيف رد وزير خارجية قطر على سؤال مذيعة شبكتنا حول محاولة عزل بلاده وإيران
1k9PzgPDTNM 7 أسئلة اطرحها على طبيبك حول علاج التهاب المفاصل الروماتويدي
1lT4kJLehnY اليوم العالمي للإيدز
1mOl0pVvzkI ما احتمالات أن يخدع بوتين الغرب بشأن غزو أوكرانيا؟
1mkHOTb-7sk اكتشف فن طباعة الرخام التي تستخدمها أهم علامات الأزياء
1mu6YWl75Tw العملات المشفرة.. مستقبل المال أم أكبر عملية احتيال؟
1nRfNzMJbao اللاجئون السوريون في تركيا بين نارين
1nUrs02pBnI داخل المختبر الرائد في سباق الوصول إلى لقاح فيروس كورونا
1pfPztb4B7E بعد الصافرة.. لماذا تنازل ريال مدريد عن عرش أوروبا؟
1pkfIZBrgGE جمالكِ بدقيقة.. هكذا تضعين ماكياج العين للنهار
1qAnqi2fKao المقابلة الحصرية الكاملة ل搌NN مع نجلي جمال خاشقجي
1qQOiOSXOF4 تطبيق للحالات الطبية الطارئة
1qV2Fpd3OMo رمضانك سليم مع أبو سعدون: كيف تتفادى الشعور بالتخمة في رمضان؟
1qVAJn9Qtoc طبيب ينقذ الحيوانات في مناطق الحروب
1qnsycEXqAY كيف تؤثر الأحداث الاقتصادية للدول على أسعار العملات؟
1rCdjKU7PqQ لن تصدق.. أوركسترا تستخدم آلات الطباعة القديمة كأدوات موسيقية
1skTmPd-C90 أزياء الشارع.. موضة \
1t2p7oC2b44 رئيس الاتحاد الأوروبي لكرة القدم ل搌NN: أنييلي لم يجب على اتصالاتي
1tFZkZ5fCOI ما هي أبرز أسباب التحسن في الاقتصاد السعودي خلال هذا العام؟
1u5s_Qyd644 استديو لتقديم إبداعات ذوي الاحتياجات الخاصة
1uWFOEEn9OQ كيف تصنع وجبة \
1ubOGHhgpME المستشار النمساوي حول هجوم فيينا ل搌NN: كان هجوما إرهابيا إسلاميا
1uva27KSrBc \
1vanUo3gORI العثور على غواصة يابانية حاملة للطائرات من الحرب العالمية الثانية
1vnEYX7xp2k 90 بالمئة من إصابات فيروس كورونا تحدث بهذه الأماكن.. تجنبها
1w7E0RY5o1E مشروب \
1wA0cFTf-hM أبرز 10 ميزات لمروحية أباتشي الأمريكية
1wnEPTy-sw8 هل تشعر بالاكتئاب أو القلق بسبب الوباء؟ مشاهدة أفلام الرعب قد تساعدك
1xKT2l8-VpY شركة طيران تحظر نقل مواطني 3 دول عربية إلى بيلاروسيا.. وأوروبا تخشى استغلالهم
1xgLUuPtGYg أنسو فاتي.. الشرط الوحيد ليكون الظاهرة الجديدة بكرة القدم
1znbmHw8JKE كيف يؤثر انتشار المعلومات الخاطئة حول فيروس كورونا على وسائل التواصل في مكافحتنا للوباء؟
1zzMRx5Os8A لوك أويل تدخل المنافسة على النفط العراقي
2-BND2eM9Yk عبد العزيز الغرير: تدريب المعلم وتطوير أدائه هو التحدي الأكبر في التعليم
206PzJBMDpM فيديكس تكشف عن روبوت مصمم لتوصيل البريد بشكل ذاتي
20Bc5y_OXRE الثقوب السوداء متجهة \
22EWkEGj6CI جولة داخل “الحمراء” بغرناطة الإسبانية
22s2njT3uw8 كيف يؤثر قرار سعر الفائدة على سوق الأسهم؟
22vbhEERUVk يشتهر هذا المطعم بطبق لحم الثعبان المقلي
235xDEM60WA في مدينة ال برج.. ألق نظرة داخل أقدم ساعة فلكية في العالم لا تزال تعمل
23vgteHv3R4 \
24GA4BlTOxw بين موائد الصائمين المسلمين والمسيحيين .. ما هو أصل الفتوش؟
24LmcZG6aW4 بوريس جونسون يقود المعركة ضد كورونا من مكان حجره
24Z3SE2AhQU بعد عشرين عاما على انطلاق موقع CNN بالعربية.. هذه قصتنا
24bN3FF6RXc تشمل ملك الأردن وبوتين.. \
257MDvDhJpA سمك قرش بفم عملاق يعرض لأول مرة في متحف
26Zg7Em1gAg طائرة حربية تفوق سرعة الصوت بخمس مرات
26wYOkIq7Mk فندق للنساء فقط يفتتح في إسبانيا
2708hS7NE8k تحديات تواجه البعثة الأممية في سوريا
277sAmOhoJI مدن أمريكية غير متوقعة يجب زيارتها لمشهد طعامها المزدهر
27986l4Hr98 هل التاكسي الجوي على وشك أن يصبح حقيقة؟
2800TV0OUXY أجراس مقدسة.. عائلة إيطالية تصنع أجراس البابا
28y8yG_L2oc بيكهام: الفيفا يجب أن تدار من قبل أشخاص سيعيدون احترامها اللائق
29JEtyecPqU ترامب يقدم أحد أكثر المؤتمرات الصحفية جنوناً
29eOxh_mK5Q كاميرا مراقبة ترصد سيارة تقفز من فوق جسر متحرك لحظة إغلاقه
29nCvUQ3Ecw باكو تستضيف نهائي “يوروبا ليغ” بين تشيلسي وأرسنال
2A5QxVbzAtA مهندس وجراح وعالم فضاء يجتمعون لتصميم حذاء
2BT18wuB8cc ثنائي يعلن زواجه في مستشفى بينما يصارع العريس فيروس كورونا
2CnniVezzLg حصان صغير يرتدي أجمل ما لديه ويسافر على الدرجة الأولى
2DgK9wKzFL0 ملكة البوب مادونا تسقط على المسرح
2DlNl6m4SQ4 مشكلة تلو الأخرى.. لبنان يواجه شح وقود خانق ومخاوف من انقطاع كامل للطاقة
2E0qGKqlwlQ كرة القدم الأمريكية في أرض الفراعنة
2E34Ec-cm3M نائب مكسيكي يتحدى ترامب ويتسلق السياج الحدودي
2E97f59kX38 فلسطينيون يتحدثون ل搌NN حول \
2ENQO5V6brA قابلوا بطلة الدراجات الترابية في دبي
2EYUuDJQhBM باحثون: فيروس كورونا تحوّر وقد يصبح أكثر عدوى
2EvFOkEzyeA محمد خان: للأسف نعيش في عالم ذكوري
2F4hbHVS4_c كيف علقت كالمار على تحمل ولي العهد مسؤولية قتل خاشقجي؟
2FFHIv7ga4c مظاهرات مصر.. عندما يتحول الغضب إلى عنف
2Fvv6V77XtE شركة في دبي تبتكر منصة تطبيب لتسهيل لقاء المرضى بأطبائهم عن بُعد
2G138M04F-A القوات الأمريكية تستعد للرحيل من أفغانستان
2GX2KsXfEH0 هل تساءلت يوماً عن فائدة الجيب الصغير في بنطال الجينز؟
2GwlaMBBLwM ما أكثر الشركات استفادة من ارتفاع الأسهم الأمريكية في 2018؟
2HB96KcMpzA لاعب غولف يروي قصة بدايته المفجعة والمثلجة للقلب أيضا
2HfsGy9dZw8 فندق داخل مرصد فلكي على قمة جبال الألب السويسرية
2K2MPNmxN3I بوتين يستعرض عضلاته العسكرية.. والبدنية
2KKgD-2pfy0 وجبة \
2Kdmstk1DoM ما هي فرص الاستثمار مع الخليج؟ وزير سياحة زامبيا يوضح ل搌NN
2LY1NtK08sw \
2MhLvdsaA-c كيف يمكن أن تساهم تصاميم المباني في محاربة أزمة المناخ؟
2MxfRV3ZhdM ألوان أزياء الربيع في 2015
2Nxc_UMQd-Q كيف يساعد العلاج اليدوي في تخفيف الآلام؟
2OMC61IIxnU لينا شاماميان: للتمييز أسباب كثيرة.. والتميز هو ما يجعلنا قادرين على مواجهته
2OaPbQNqIMM اليمن على شفا مجاعة.. كيف يتلاعب الحوثيون بالمساعدات؟
2PcIRtPzc2s مصر: عودة المظاهرات للتحرير وركود الأسواق‎
2PxxirYaKHU التحكيم في إسبانيا.. هل ساعد ريال مدريد على الاقتراب من التتويج؟
2Q3B3QTNKC8 في بودابست.. الزائر عليه أن ينظر إلى الأعلى.. لماذا؟
2QOaSnH9_OE ترتيب الدول المطلة على الخليج من حيث عدد القطع البحرية
2Qkq4G-Zz-4 منتجع للسيارات الفاخرة في دبي.. هكذا \
2QuNdIe5PAs مشاهد جديدة لقفزة فيليكس من الفضاء
2RstQmmoRjs كيف يعمل الجهاز العصبي في الجسم؟
2SEx_65m4cw لم يعجبها اسمها فغيرته إلى Sexy
2SLO9yAuF54 موكب المومياوات الملكية حقق أقوى مردود لأي حملة ترويجية حصلت في مصر
2SQq3ProKKI عاصمة مصر الجديدة أكبر من واشنطن بعشر مرات
2SzifNlTgbA لحظة اندلاع حريق هائل في مصفاة جنوب طهران
2TeSd3fdt0Y أعمال عنف بعد أحكام مجزرة بورسعيد
2Up-7hhgR48 المدنيون.. ضحايا التصعيد بغزة
2V9D6z7uQ5A هربت من الصومال بعمر 10 أعوام.. هذه أول حكم كرة قدم مسلمة في بريطانيا
2VPZqOMPwGI الوزيرة الإماراتية ريم الهاشمي ل搌NN: أنجزنا ما التزمنا به في إكسبو 2020 دبي
2W5TuKcL9lY شباب سوريا.. بين إنقاذ ما تبقى أو الثأر لمن رحلوا
2WzAz9g424w لحفظ الخبز وتغطية الطعام دون ترك السموم كما يفعل البلاستيك.. تعرف على صناعة “الطبك”
2XGXaeJdtj0 في أذربيجان.. ظاهرة طبيعية تُشعرك أنك في المريخ
2XZiCqgIxMI ما قصة جزيرة كوتيساري الشهيرة بالحطّابين؟
2XmmSckLvQ8 مؤتمر أبل..إصدار جديد من آيباد مليء بالتحديثات
2Y6DjrPwG9g محمد صلاح يبدي ثقته بتجاوز مصر دور المجموعات بالمونديال
2YAxZR5Z2Tc روحاني يكشف حقيقة تقديم إيران طلباً للقاء ترامب
2YNr8ZdbzBI الأمير ويليام ل搌NN عن إطلاق أكبر جائزة للبيئة: بإمكاننا إيجاد حلول
2Z4DPNllDb8 هل تحتاج إلى جرعة معززة إذا تلقيت لقاح \
2ZK8VY0hmLg ما هي وسائل الاستثمار في العملات الرقمية بطريقة غير مباشرة؟
2Zw8s5av6GM CNN بالعربية تتغير
2_T6gxWrQrg منها الكبدة والملوخية والفتة..جولة على أشهر أطباق المطبخ المصري
2a0DNCVsiHY الحلاقة بالأرقام.. طريقة مبتكرة لتمييز التوائم بالصين
2a4qo_KWdaE لماذا يشتري الناس منازل بدولار واحد في إيطاليا؟
2a7-4dIWc38 تعرف على اكتتاب أرامكو السعودية المنتظر.. الأضخم بالعالم
2aU2_EpSCGI زفاف جماعي للاجئين سوريين بالأردن
2bYYoOISjr8 إطلالة مؤثرة لياسمين عبد العزيز وشيرين تفتح صفحة جديدة بعد تأكيد انفصالها.. إليكم \
2btZBAT7Al4 أحفورة شديدة الندرة لبيضة داخلها ديناصور صغير.. هل شاهدت منظرًا مشابهًا من قبل؟
2chgBmMvGGw أول ما تمتد إليه الإيادي خلال الإفطار.. لماذا نتناول التمر؟
2dIQmOf60i8 هل تسحب الدوحة استثماراتها من روسيا؟ وزير خارجية قطر يوضح ل搌NN
2dsJkOVaQ1A هذه حياة رهبان بجبل توقف فيه الزمن
2eGqh4Ywf44 صعوبات تنظيم كأس العالم بقطر في الصيف
2e_mN0Kl7_k تعبت من حقائب السفر الثقيلة؟ هذه ستتبعك أينما ذهبت
2glTd01frWw بيكسل 4 من غوغل.. كل ما يجب معرفته عن الهاتف الجديد
2hRHvq-kGz4 بريطانيا ترفع مستوى التهديد من هجمات إرهابية
2hrQyXaliJU نصيحة.. لا تشرب الشاي بعد الإفطار لهذا السبب
2iIbwbH-_No وزير خارجية السعودية: سنحصل على قدرات نووية إذا فعلت إيران ذلك
2iwwRU7eM64 وصول نادر.. كاميرا CNN ترصد آثار معركة خيرسون ومحاولة أوكرانيا استعادتها من روسيا
2j2qDoABixE روبوت \
2jcidJ5SfPs طوم باراك: محمد بن سلمان أظهر الإسلام الوسطي ولديه جينات جده عبدالعزيز
2jqKPcjDv10 رئيس الوزراء الفلسطيني يرد ل搌NN على \
2kWKifPL59I أكبر موقع تصوير عالمي يقع بالصحراء المغربية
2ktteGfM7Uk رجل يمشي مجدداً بعد تعرضه لحادث شلّ قدرته على الحركة
2l72lpJ6biY طريق لا يشبه أي طريق.. مغامر يتسلق \
2lDDcW134yU سبب إطلاق إسم المنسف على هذا الطبق الأردني الشهير
2m1LATeKFS8 أبرز ما ستشاهدونه في الدراما الخليجية خلال موسم رمضان 2022
2mgoDq0b0ys النجم التونسي صابر الرباعي... قريبا على موقع CNN بالعربية
2nNfbu5j3XI سر خاتم أديل الماسي وياسمين رئيس تتصدر غوغل بعد تصريحات زوجها.. إليكم الأبرز في أسبوع
2q1TMT0iuHM فيروس كورونا يدفع أسعار اللحوم الأمريكية إلى أعلى مستوياتها.. كم بلغت؟
2qsygoeuH2g تطوير لقاح يتعرف على أخطر جزء بفيروس كورونا.. 16 ألف لتر منه فقط قد تكفي العالم
2tC67ec7qXQ أحدث صيحات التجميل.. صابون طبيعي من حليب الحمير في الأردن
2tXExRV9QSo مرسيدس مايباخ 6.. رفاهية مطلقة من المستقبل
2uXT0632jwQ بايدن ينهي حظر السفر المفروض على الدول ذات الأغلبية المسلمة وآمال اللاجئين تتجدد
2vfGNIr9ifU مراسم تنصيب إمبراطور اليابان الجديد
2vg0JhOOPEU ساعات Pebble الذكية تسكت النقاد
2vqy-_F_7hc بوتين يرد على ترامب بتجارب صاروخية
2xH2k6Zqk5M حناء بيضاء وأخرى نيونية.. آخر صرعات طلاء الأجساد
2xT96MwicsI كاميرا CNN ترصد فوضى رأس العين السورية بعد هجمات تركيا
2x_QViLAw3w مادونا تتهم دريك بالتقبيل \
2yWbtJFoLHY هل تهدّد تكنولوجيا بلوك تشين مستقبل البنوك؟
2yp5eVqG2eM “ملابس رواندا“.. علامة أزياء تسرد قصة جديدة للبلاد بعد 26 عاماً على الإبادة الجماعية
2z3oqNajyjA هذه القرية الصغيرة هي موطن لأعلى مكتب بريد في العالم
2zGvg_elk7c اكتشف هذه القرية في بالي المصنوعة بالكامل من الخيزران
3-1eV-g8u3k الإسلام.. كيف انقسم بين السنة والشيعة؟
3-CFWS4B0TI بعد أن فازت بالـ\
3-CS35bHffQ أضواء الشفق القطبي من محطة الفضاء الدولية
3-bdy3pCeHA السيارة الطائرة لم تعد حلماً.. شاهدها على أرض الواقع
3-oWkPdtvxI سوريون.. يواجهون الجوع بالتهريب
30TLn9cVQTs البحث عن لقاح لفيروس كورونا.. الباحث الرئيسي للدراسة في جامعة أكسفورد يشارك نتائج تجربتهم الأخيرة
32eKFXSf8UU كابتن أمريكا يعود لدور العرض بنسخته الثانية
33nZ4M4djsY تحذير للرياضيين الأمريكيين في سوتشي
362jp4qF-as \
36gvvd6UHb8 مقهى في أوكرانيا يتيح لزواره الاستمتاع بالقهوة برفقة الراكون
38IzN5jXfYA نائب محافظ هيئة المواصفات السعودية: منظومة \
3ANtA-IIeyo أمين عام حلف الناتو: روسيا ستدفع ثمناً باهظاً إذا قررت غزو أوكرانيا والرد العسكري مطروح
3BrYqhyIdSk مرسي: سينتصر الشعب السوري وستنتصر إرادته
3C6p8Hixno0 ميسي وبرشلونة.. السؤال الأهم وطريقة فض النزاع
3CrjGVEaoUk طفل مولود دون جزء من جمجمته يكمل عامه الأول
3Eo_4vdesos هل تستبدل المركبات الكهربائية سيارات الوقود على الطرقات؟
3ErEX15mBIE تغريدات حزينة من فتاة لوالدها على الطائرة الماليزية
3Ew0kMuCOFc لماذا يشعر رجال سوريا بالضياع؟ مصور فوتوغرافي يوثق ذلك
3ExraXhVqLg يعود إدماننا لها إلى ملايين السنين.. إليك بعض النصائح لمساعدتك في الحد من تناول الحلويات
3FDnYcjSvQE راؤول غونزاليس: كنت سأعمل طبيبا بيطريا لو لم أصبح لاعبا
3FHGUxVDKXY هل تعرفون ما هو الفرق بين \
3FVNLgzY0MU سيرين عبد النور تحيي حفلين غنائيين في سوريا
3FsKHVntkCI أنصار دونالد ترامب: نؤيّد دعوته منع المسلمين من دخول أمريكا
3G6tAdhNxI8 طريقك للنجاح.. خطورة الأخطاء الإملائية بسيرتك الذاتية
3GxvSJEwhiY عالم ديزني تعيد فتح أبوابها في خضم ارتفاع حاد في حالات الإصابة بفيروس كورونا
3Gy88ygGAbE مراسلة CNN تدخل كابول.. وهذا ما كشفته عن منع النساء من التعليم أو الدراسة
3H7xdzJbT0Q شاهد مراحل حياة الشحنات من موقع أمازون قبل وصولها إليك
3I3LsT0EdPc تقويم بوتين 2020.. كيف تغيرت صورة الرئيس من دون \
3KZ7m_bG8ps تسجيل رقم قياسي.. أكبر ثمرة يقطين على الاطلاق بوزن طن
3Khqx2dUotc وفاة جاك شيراك.. من جندي بحرب الجزائر إلى رئيس فرنسا
3L4KwHPYXic مصممة تستوحي أزيائها من عجيبة الطبيعة اللبنانية
3L8SL5dBdwU هكذا مرّت تجربة المشاركين بتجارب إيجاد لقاح لفيروس كورونا
3M5g2bIrRQ8 مسيرة الرئيس التونسي الباجي قايد السبسي
3NPKqYw9TAs لماذا تستمر مظاهرات لبنان رغم تشكيل حكومة جديدة؟
3QDFzv2CZxo الأميرة ديانا.. حاضرة بفساتينها حتى بعد رحيلها
3SwEujwk94o كل ما يجب معرفته عن الأزمة السياسية بفنزويلا
3T_qHGEP7Hk لاجئون فروا من الفلوجة: نطلب من الله والحكومة خيمة لستر عائلاتنا
3TfZCJ-1oVU ادفع لقهوتك بالطاقة؟ حل مبتكر يقدّمه مقهى نيسان الكهربائي
3TsNAl1zA4o هل هناك صفقة بين ترامب وأردوغان لخروج أمريكا من سوريا؟
3UpME7ZwA0g اختبر الشتاء في هلسنكي أبرد عاصمة بأوروبا
3V_5kYMIxxc نظرة ل搌NN على إدمان القات في اليمن
3Vf129e6ipY القبضة الحديدية لـ داعش في سوريا
3VmR51wfv-o روسيا قد تنتقم من أمريكا وحلفائها.. تحذير من هجوم إلكتروني روسي محتمل
3VppdKskuew كشف وثائق ضبطت مع بن لادن
3WQuae4vXQs المزروعي: دور السعودية بسوق النفط لن يتأثر بعد خالد الفالح
3WtrXnyWq9w \
3Y2GhslFQF8 إقليم كردستان يصبح وجهة لعمال البناء من إيران بسبب ترد أوضاعهم
3Y4GzV4Xfwg تمنح الطاقة للصائمين.. تعرف إلى حلويات المخارق والزلابية التي ترتبط بشهر رمضان في تونس
3YLKv2gE0ww بعد نشر تقرير خاشقجي: رئيس لجنة الاستخبارات: بايدن يجب أن يعاقب محمد بن سلمان مباشرة
3ZmwjamNfnI مصر: الفجوة التمويلية قد تصل إلى 11 مليار دولار
3aUkOQUvF6c رئيس “السياحة السعودية”: جاهزون لتسهيل قدوم السياح
3b7hM6VABsY أمين الناصر يشرح ل搌NN أسباب تأخر طرح أرامكو وتوقعاته للطلب
3bDznwizK6Q فضائح في الجو.. تصرفات \
3bFNQNor0wY لن تصدق الرحلة التي يقوم بها الناس لتذوق هذا \
3bofLocYJ5U مذيعة شبكتنا لمسؤول أفغاني كبير: هل ستطيح طالبان بحكومة أفغانستان؟.. كيف رد؟
3brXqHHpDQc ما أنواع البيتزا التي لا تزال تسبب جدلاً بين سكان شيكاغو؟
3cIQKPy6fqU هذه آثار الاحتجاجات وإعادة الفتح على انتشار كورونا
3cU6pCitR1c مسابقة قفز مثيرة عن صخرة الروشة في بيروت
3c_OwuSWDPk الممثل براد بت يتلقى ضربة على وجهه
3d3cXUnxgvI إماراتية تجد هدف حياتها عبر اعتنائها ب قطة
3dMsiGt1w5A ‫علاج مر للاقتصاد ..هل يبتلعه المصريون من يد الرئيس المقبل ؟‬
3efHZSv_qYo مراسل CNN يقارن بين حوافز السعودية والإمارات للشركات الأجنبية
3fGoMuncly8 \
3h1NdoAtKYM مشاهد مرعبة لأقوى إعصار يشهده سكان العالم
3iRvv7m39Dc هذه السيارة من رينو ستصبح قطعة من منزلك
3jWr-Xzq1qI قاضي ينفعل كثيراً ويتمنى الموت للمتهمة
3kMPYMHBXT4 تيسلا تصمم سيارتها الخاصة بالأطفال
3kmaq2YmMTg كلب يسرق قفازات اللاعبات خلال مباراة بيسبول
3lLQK6A0Irk الإمارات \
3mBJlUcza0I تعرفوا على شكل الطائرات في المستقبل
3nmfjkgwEUs كاميرا CNN توثق بيع فتاة أفغانية بعمر 9 سنوات لرجل بعمر 55 عامًا
3noMUaIxGPM أين يمكنك العثور على أفضل حلويات تتناولها في حياتك؟
3nuzb3jgkrQ الروبوت صُمم ليسير مثل البشر تماماً
3ovJRAovG1E هانيا مهيب: التحرش لن يوقف بنات مصر عن النزول للشوارع
3p3CQVEBUVE ربع ما يُهدر يكفي لإنهاء المجاعة حول العالم.. فكروا مجدداً قبل رمي الطعام
3p7iiNGOI4c حرقوا أنفسهم لتحقيق رقم قياسي
3qExfNo6GS4 شبكة CNN تدخل قاعدة روسية بالقطب الشمالي
3qZ7RRJVEus تفجيران يسلبان فلذات أكباد عائلة عراقية ممزقة
3qtx22rKfjs هل فضح مستشار لترامب خطط أمريكا العسكرية بالخطأ؟
3rBrHEOiqhw حمم تتدفق من شق في الأرض فوق بركان بارداربونغا
3rIRS0EpwZI سيفاجئك ما يدور داخل دماغ قراصنة الإنترنت
3rfp9WfErHc هذه أسرع وأقوى سيارة جيب رانجلر صُنعت على الإطلاق
3tJamHne2ng كيف تحاول اليونسكو حماية المواقع التراثية بأوكرانيا؟
3u98ZoLGKd0 ظريف: حرب شاملة ستخوضها السعودية وأمريكا إن ضُربت إيران
3uYDRVmhr3M لحظة الهجوم على سيارة نقل أموال بالكلاشينكوف.. شاهد كيف تصرف السائق
3uiap4dYUks كارلوس غصن: لابد أن تسمعوا جانبي من القصة حول المحاكمة
3vH7EowZsgk إجازة استثنائية في جزيرة يزورها المشاهير بأبو ظبي
3vTPvx64bq0 معظم الروس يدعمون غزو أوكرانيا \
3w2r1FUtT0c الفن في سوريا .. رحلة بين الألم والأمل
3wbz5MBZ5fU لص يسرق من امرأة مشلولة
3werWUQwpKo سباحات يكسرن الحواجز ويتدربن مع الشبان بغزة
3wpBqgz6KKw كيف حال صاحبة الأنف المجدوع؟
3y6zfkZpNAg الأردن.. مظاهرات قرب الحدود مع إسرائيل وقرب سفارتها بعمّان
3yy7rD7PcV8 المسلمون في لندن
4-1_ZZo3hDc كيف تكون حياتك لو أقمت في بيت زجاجي؟ هذه العائلة فعلت ذلك!
405Xa63_Tsc هل هذا أسوأ كابوس قد يواجه الركاب على الطائرة؟
40dRtakf7uE حادث بسيارة سباق يخرج السائق من الزجاج الأمامي
418baG3LJz8 مصور يلتقط صورًا مؤثرة للاجئين يحاولون الفرار من أوكرانيا بمحطة قطار في لفيف
41A7ehQHYJA نيبالي في قطر .. الحياة لا تستحق هذا العناء!
41YDFmRmelo مسؤول إنساني ل搌NN: تأثير انفجار مرفأ بيروت سيبقى معنا لأشهر طويلة مقبلة
41hXyty8TKw أموات أحياء يملؤون شوارع باريس.. ما الذي يحصل؟
41oQ6b2VTkA مراسلة CNN تصف رحلة انتقالها إلى كييف مع تقدم القوات الروسية نحو العاصمة
41ryD3hWgXM كيف أثرت العملية العسكرية التركية على الأكراد في شمال سوريا؟
43dx5rW_xNc شاهد الرعب والخوف الذي عايشه مصور CNN وسط أحداث الكابيتول
44OsKwii7FQ أمريكيون يتسابقون لمقاتلة نظام الأسد
44hF92I0tmg في سباق الخيل بقطر.. المرتبة الثانية كالأخيرة
45u21vRaBOU التأمل يساعدك في العيش حتى 100 عام
45z_WROLXWc عودة رونالدو إلى ريال مدريد.. خطوة صحيحة أم عودة للخلف؟
46AQ0w4lSMw المعركة الأخيرة.. القوات المدعومة من أمريكا تستعد لقتال داعش
46JVDtjK_Nw لأول مرة في التاريخ.. زرع كلية خنزير في مريض بشري
46iSmyKpIl4 مبنى \
46imRvaem2w بعبارة \
47CvBK40BVA ما الذي يميز المراكز التجارية العملاقة بالشرق الأوسط عن غيرها ؟
48cZ0FA1U38 بدون سقف وبسعر يبدأ من مليوني دولار.. هذه ميزات \
48hDmWvs02A بلجيكا تُقصي البرتغال ورونالدو.. وعلامات استفهام حول برونو فيرنانديز
49ESemB1pa0 احتفال رأس السنة 2014 الأضخم في دبي والألذ بلندن
49Vzo-OFQDk أنور قرقاش: طفح الكيل من ازدواجية قطر.. ولدينا أدلة على دعمها للجماعات المتطرفة
49unOCrcEZw الطاجين.. ما سبب تسميته بهذا الاسم ومن أين أتى؟
4AfR57SbIu0 ما أهم أعراض وطرق تجنب الإصابة بالإنفلونزا؟
4CspFgboRr4 الأرز بلبن.. ما أصله وكيف كانت رحلته عبر التاريخ؟
4DTmgoe1Y2g رجل يحول قمامة الشاطئ إلى صالة رياضية مجانية
4DZDJGEA5Mw كيف ساعد هذا الخبز الصيني في الفوز بالحرب ضد اليابانيين قبل 500 عام؟
4EL6P6PM-24 من مخلوق فضائي إلى عارضة أزياء
4FkryeEcWbc كيف رد العاهل الأردني على مناشدات للصفح عن موقوفي قضية \
4G-XciZ2dVg رجل يرقص أمام محطة المترو في دبي..والسبب؟
4G1R0tNLEf4 شاهد   ليدي غاغا تغني النشيد الوطني الأمريكي خلال تنصيب بايدن
4G5yXneNzVo نافذة ذكية من فورد تتيح للمكفوفين الرؤية
4HnWMTOlZzo الأردن.. المجالي يجيب عما إذا طلبت السعودية الإفراج عن باسم عوض الله
4I8VJgqwPPE صناعة الألعاب تتأثر بسبب فيروس كورونا والمصنعون يترقبون إعادة الإنتاج
4Ipeg_ro_Nw هل يخسر برج بيزا المائل في ايطاليا انحنائه؟
4Jfry3VljxI ليستر سيتي يعلن وفاة مالكه.. من هو فيتشاي سريفادانابرابا؟
4JhN5TuYT9g كم من الوقت يستغرقه ظهور أعراض كورونا بعد التعرض للفيروس؟
4Jqchbn9AGI أثرياء عرب يتصدرون قائمة أغنياء أفريقيا لعام 2022.. إليكم صافي ثروتهم
4KfBvbOPRis رد شقيق لجين الهذلول على \
4KpLlMvG2A0 امرأة تتذكر كل يوم من حياتها بتفاصيل دقيقة.. كيف يحدث ذلك؟
4Kr_zde9YW8 جزر المالديف..عالم من العجائب أصبح يضم أكثر من 100 منتجع
4MQPx2z-n-I ما هي طريقة التعبير القصوى عن الحب بهاواي؟
4M_c0eDfnbY هل يؤثر الصوم إيجابا أو سلبا على لاعب كرة القدم؟
4MoHmT8zTmY كل ما تحتاج معرفته حول الحبوب الجديدة لمحاربة كورونا
4NdCVQrI1pc نصائح \
4OAJBhFpQbI هل نشهد سباق تسلح نووي؟ خبيرة تحذر من تداعيات غزو أوكرانيا
4OC-zhFIV84 فريق نسائي لركوب الأمواج في سريلانكا يتحدى المعتقدات
4OGI-tTV9Ho إليكم 10 معلومات عن بندقية M16 الأمريكية
4P-kgS-zu68 لحظة اعتقال مراسل CNN على الهواء خلال تغطية احتجاجات جورج فلويد في منيابوليس
4PJ2jjna-Lg شبكة CNN تحصل على مسودة تقرير منظمة الصحة حول منشأ كورونا
4QBt4deqsAA بعد الصافرة.. \
4R1HWiNkS7I \
4RA2ipD30Z0 بعد أن خسر ساقه في حادث سيارة.. أرز يحاول كسر رقم غينيس في دبي
4RDRwVOiwNk هذا الجبن الذهبي النادر يصنع فقط في الجبال البولندية
4RUiM3yM0CA تعرّف على هذه البلدة الألمانية المهووسة بالخيار المخلل
4S00nINNzVo بعد 91 عاماً على ميلادهما.. هل كان ميكي وميني ماوس متزوجين؟
4Tf1s5yzDq8 مقارنة الجيش الروسي أمام أكبر 7 جيوش للناتو.. من يتفوق عسكرياً؟
4Ux5ZqeaS44 تاريخ جزيرة موطن الأجداد لوالدة التنانين في مسلسل  Game of Thrones
4VLmoMr61sU الاختبار الأول لاختراع هايبرلوب
4VgC1r7r9rg هذه الروبوتات قد تُسبب لك الكوابيس
4Vm_EjtbSB4 كيف سينعكس تألق الأفارقة بأوروبا على كأس أمم أفريقيا 2019؟
4WSk2NchjNQ عرس يهون قساوة العيش في مخيم الزعتري
4X27b7Pd9-g تحقيق استقصائي ل搌NN يكشف دور طيران إثيوبيا في نقل الأسلحة خلال صراع تيغراي
4XTNEprZxow اقتحمت البث المباشر لتلفزيون روسي بلافتة مناوئة للغزو.. ماذا حل بها؟
4XcsnIqqIRY هذه الوصفة تساعد على التخلص من الصداع
4XhsppjI24Q نيجيريا.. حيث تنشر بوكو حرام الخوف في كل مكان
4Xsfwf4kMUw هذه الطريقة الأصلية لتحضير طبق \
4ZOJ44x_w4E الجيش السوري الحر يستولى على عتاد جنود نظاميين
4ZjYnv1OFog داخل أسرع طائرة بالتاريخ.. من نيويورك إلى لندن في 3 ساعات
4_-iBhhnIDs متى تحدث حالات الخوف الجماعي في الأسواق المالية؟
4aKingpqj_M شاهد.. إطفائيون شجعان يمسكون بأطفال يقذفون وسط النيران
4aSJjSn2tkA مساعدة وزير خارجية قطر توضح ل搌NN طبيعة الدور الذي تلعبه بلادها في أفغانستان
4cjSF2FXrKc مزرعة رأسية تقدم أطعمة مستدامة لمسافري الخطوط السنغافورية
4czfyyIwfdQ هل نرتديه قريباً؟ رداء مستشفى يراقب صحتك
4dsUYaAnqgs مدير الوكالة الدولية ل搌NN: الطاقة المتجددة ستزيح التقليدية
4dvFT79D6TY هذه الشاشة تمكنك من تذوق الطعام المعروض على التلفاز
4f34942iHFQ نيسان تكشف عن نسخة جديدة لسيارتها الكهربائية
4f7G3-stBbk شاشات الواقع المدمج تجمع بين محيط المستخدم والعالم الافتراضي
4fL8EzW-9Xc سي أن أن مع محمد صلاح أثناء إعداد بدلة حفل تتويجه بلقب الدوري الانجليزي
4gQle-6rF7k إحذر.. هذا العارض قد يكون مؤشراً على الإصابة بفيروس كورونا
4gfuLAqsVyw مستشار ترامب السابق ستيف بانون يزعم خيانة الإدارة للوطنية: القصة الكاملة
4gvgyBeuvGc من هي نيكول مانسفيلد؟
4hhU1LhtijM كيف يبدو السفر إلى أستراليا وسط قيود جائحة كورونا؟
4i7QopySODM هكذا عليك مخاطبة المناهضين للقاحات.. بهذه الأدلة
4iOnqmV20os رغيف خبز يحمل كنوز الشام.. ما هو أصل الأوزي؟
4jXDzEuytWo شاب عشريني يكشف أوضاع العمل داخل مخازن أمازون الضخمة
4kEyk-jxZM8 مراسل CNN يختبر أحدث سيارات فيراري المكشوفة
4kSDzXvHmsE لماذا تعثرت صفقة مقاتلات F-35 الأمريكية مع الإمارات؟
4liHSFwILYc كيف تجلب الطبيعة إلى منزلك وتفيد صحتك؟ تعرف إلى التصميم البيوفيلي
4lzfWhkBAAw شاهد ما حدث عندما طلب من مؤيدي ترامب في مؤتمر المحافظين ارتداء الكمامات
4mW6yY8cK3I الشيخ أحمد بن سعيد يتحدث ل搌NN عن جاهزية دبي للافتتاح بعد كورونا
4nTBhra585s شريهان تعود للمسرح بعد غياب لسنوات بعرض \
4qYZgr_Mxpg لعبة كحول تقتل أربعة أشخاص حتى الأن
4qYiMIbeulE لبناء غواصات نووية.. بايدن يعلن عن اتفاقية أمنية ثلاثية بين أمريكا وبريطانيا وأستراليا
4qv53ysb0D8 هل قدّم فيلم البدلة بشكل غير مقصود ظاهرة التحرش وكأنها شيء طبيعي؟
4rWB0eQDiVs مايكل أنجليو القرن ال񤀡.. روبوتات فنية تنحت أجمل التماثيل
4ryw_2Mce0k هل حان وقت رحيل عمر السومة عن الأهلي.. وما الوجهة الأفضل؟
4s51yH2jWtQ غابات \
4tKh-MBjV0w تطبيقات إلكترونية للحفاظ على لياقتك
4tWt-tpFo1M تنكر بشكل ابنته للهروب.. كيف انتهت قصة تاجر المخدرات البرازيلي؟
4tlU3g4HQVU قصة غير عادية.. تفاصيل مداهمة عسكرية سرية \
4usVBCNzUj8 شاب عمره 24 عاما يخضع لعملية زرع رئتين بسبب فيروس كورونا
4vmTbjJnxWI مرتزق يكشف حصرياً ل搌NN أسرار \
4w0w05R2BfQ فتيات الهند: لا تأخذوا منا براءتنا، نحن فخر بلدنا
4w6qy_grWOc تعاني من القولون العصبي في رمضان؟ هذه نصيحتنا لك
4xXSxQUFurI الرئيس العراقي ل搌NN: التخلي عن \
4xlOkgRZ_tc تقرير حصري ل搌NN يظهر كيف يبدو القتال شرق سوريا
5-zqRkNLpFU ما عقوبة من يدعم حماس في بريطانيا إذا أقر البرلمان قانون حظر الحركة؟
51mPYHnJZ0Y مزيد من التوتر قبيل انطلاق كأس العالم في البرازيل
527lFwkwZBo دراسة تجد علاقة بين ممارسة الجنس وانقطاع الطمث المبكر لدى النساء
53HDqlvSAhY طفل يرضع في أحضان رئيس البرلمان النيوزيلندي
54rgqhZKAFM دين عبيدالله.. أمريكي يكافح كراهية الإسلام بالكوميديا
55DoeHF2jVM زعزوع: البرادعي ليس خائنا
55gWdDLOuyk شاهد.. روسيا تستعرض ترسانتها العسكرية في مناورات ضخمة قرب حدود أوكرانيا
55nHoOlrL-E بايدن يكشف ما طلبه قادة العالم منه بعد أربع سنوات من رئاسة ترامب
55ypV4uV-qQ الدكتور أنتوني فاوتشي: فيروس كورونا \
56F2W3O8jLc اكتشاف قبر طبيب فرعون الخاص
56INcV0kmZw أول مكالمة بين رئيس أمريكي وإيراني منذ أكثر من 3 عقود
56_85L-3uG8 وزير الطاقة السعودي يكشف ل搌NN خطة عمله المقبلة
57XyNp7b8Xw نشر تقرير الاستخبارات الأمريكية حول مقتل خاشقجي.. ما هو تعليق خديجة جنكيز؟
57faQ_W2Vno فن اصطياد السمك بواسطة طيور حية
58B4bGB7dtI شقيق طبيب بريطاني: النظام السوري أعدمه ليخرسه
58rzaaVBaUs اكتشف القرية اليونانية حيث \
59c9IHIpk54 رولز رويس تحقق مبيعات قياسية الأعلى في تاريخها خلال الجائحة
5AzrvUqgxP8 هل جاءت إصابة محمد صلاح في الوقت المناسب؟
5CMRdOE0Atw هذا ما ستكتشفونه في برج \
5CkTqLJquTo لقطات حصرية للحظة الهجوم على مجمع تجاري بنيروبي
5DVgeE6_fIk اكتشف ميزات ساعة هواوي الذكية الفريدة من نوعها
5EQo99uDqbQ تطبيق ينذر بالغارات الجوية في سوريا
5F4W4P7tIs8 هل كان الانسحاب من أفغانستان أكبر كارثة في تاريخ الناتو؟
5FT1TpWnbL4 أسرار طبخة \
5FYgBRTV3fk لن تتخيل ذلك.. فهذه الوشوم تتفاعل مع جسدك
5H56jOQ-_sI أوباما: للأمريكيين الحق أن يغضبوا.. وأنا أيضاً غاضب
5H6Y0qeFqbY من المهم رميه.. ما خطورة استخدام المكياج منتهي الصلاحية؟
5HFP-XNZLEw ازدهار تجارة نبتة \
5I2DL8fc3tg مساءلة ترامب بهدف عزله.. إليك كل ما يجب أن تعرفه
5JcmJCa36yc بدلة للسير على المريخ وقد تم تجريبها في المغرب
5JzZ87Ez9eU بيت في الهند بمائة مليون دولار
5LOLDk7V4zw خريف العشاق وعلى صفيح ساخن.. الماضي يصنع الحدث بمسلسلات سورية في رمضان
5NleUOIfZGU غضب على الحدود اللبنانية الاسرائيلية بسبب أحداث غزة.. شاهد ما حدث
5ON8dfak3Ag عندما يحاول السرطان العبث مع الفتاة الخطأ.. مصرية تبيّن ل搌NN أهمية الكشف المبكر
5Pu6Mhc7FpY رجل ينجو بأعجوبة من مبنى يذوب
5Q5HgjlqKc4 ريشارد كويست يرافق صائد كنوز حقيقي في سيشيل لإيجاد كنز ب مليون دولار
5QPHC5Bfnb0 تنطلق بجنون.. مازيراتي تكشف النقاب عن \
5QVgZKbdcWs شواطئ عمان ... جنان بحاجة للحماية
5RE6jCyIUU0 وليمة فلبينية تُطعم المئات..وتقدمها امرأة واحدة
5SYM79NT13I \
5TWnBdwLvJQ تقليد صيني يولد مشاهد خلابة.. كيف نشأ؟
5UPayxm9TQ8 لماذا لا يجب أن يستخف الأهلي المصري بالدحيل القطري في مونديال الأندية؟
5VScRGjby2Q كيف تحمي حساباتك بمواقع التواصل من الاختراقات؟
5W3sgzEXVyA لغز غامض.. جنوح عشرات السلاحف المصابة على سواحل إسرائيل
5WKBZI7T8Hg الكافيين ليس بالقهوة فقط.. انتبه لما تتناول فقد يقتلك
5WVXOGrZx38 واندا نارا.. هل تقود مستقبل إيكاردي نحو الهاوية؟
5Xvdb6vXtYI الصفدي يكشف ل搌NN سبب إلغاء زيارة ولي عهد الأردن للأقصى.. وحقيقة الخلاف مع إسرائيل
5Yk2jMMDs5I هل تذوقتم حلاوة \
5Z-lW0NrM-E سنتان في سجن مصري علماه درسًا مهمًا.. ما هو؟
5ZFs3awmUd4 الكشري طبق مصري ولكن من أصل مختلف .. فما هو؟
5ZKSnrx-B9I وزير خارجية روسيا: العقوبات \
5ZujV3leMFE النجم الأمريكي تايريس يرقص مع أيقونة الإمارات ميحد حمد
5_mW_kTyK_c حجارة هذا الفنان تروي قصص السوريين
5b3aiuChros ابتكار لتنقية المياه بقشور جوز المكاديميا في جنوب أفريقيا
5bTapp-yqHA ليست فضيحته الوحيدة.. فيديو حفل مسرّب يلاحق رئيس وزراء بريطانيا
5brC6_lVQ0U بسبب مقتل ديانا.. بريطانيون لا يرحبون بتسمية كاميلا ملكة مستقبلية
5ccqTOHAYRw هل يتحول \
5dXoPkhmqaM هيلاري كلينتون وطريق الرئاسة.. هل تعود سيدة للبيت الأبيض؟
5djrK4Jfi3A أعظم أفلام 2014 في دقيقتين
5e_fytrlFzo باحثون يطورون علاجًا جديدًا للسكتة الدماغية عن طريق إعادة برمجة خلايا الجلد
5euW9HM3WYg لحظة إطلاق البحرية الامريكية سفينة حربية
5fM6EhNNYa0 وفاة رجل يبلغ من العمر 71 عامًا أثناء انتظاره في طابور لإجراء اختبار فيروس كورونا في أمريكا
5gokTySZkSk حماس: إسرائيل تتحمل كامل المسؤولية عن فشل مفاوضات القاهرة
5h2gFdNxCzw ما هي \
5hOXNDz1WT8 بين الإدانة والنفي.. الثمن أطفال سوريا
5hwGHxkHWgM مهرجانات السينما... نجوم وفساتين وأفلام وماذا أيضا؟
5i7ks0Xhg94 رحلة مطار دبي منذ 60 عاماً حتى اليوم
5iIytI38C0U عطلة العائلة المالكة السعودية تثير \
5ijKkqVaKfU 6 عوامل قد تساعد في تحسين نومك
5ip9V0gG-Bk انقاذ ركاب سيارة انقلبت وغرقت في النهر
5lg33WElcNo شاهد كيف ارتطم هذا الطائر بزجاج الطائرة
5nX1TVYXHqA تصاعد الاحتجاجات في إسرائيل على سياسات حكومة نتنياهو
5nkLoIoVqs4 ما الدور \
5oSU3fJM__k إليك 5 تطبيقات عربية للمواعدة
5orOSAaaFkc تداعيات مرض الـ \
5ppTB9d-B2g أول مقابلة مع شقيق مريم التي حُكم عليها بالاعدام لتركها الاسلام
5q6v5YRr1LM فساتين زفاف تخطف الأضواء ضمن تشكيلة سهاد عاقوري
5qGA7eqNzSI بشر اصطناعيون.. هل يستبدلونا بالوظائف ويحلون مكان أصدقائنا؟
5qNl7YPHYnU الجبير يرد على اتهام السعودية بهجوم الأحواز
5rg99k2gPcQ مع انتشار كورونا.. الخوف يغذي العنصرية ضد المسافرين
5swE9j_UDrI مطور \
5t-RMovsbTQ المباني الخضراء نمط جديد لفن العمارة بهونغ كونغ
5tnokmSM40M المخاوف تتصاعد في لبنان بسبب الانهيار الاقتصادي المحتمل
5trOaKgrrqQ كيف تعالج \
5ubVHH6YGPc لا نحصل على كل الحقائق.. هذا ما قاله كبير المحللين الطبيين في CNN عن صحة ترامب
5vsMUp_yIvw قرقاش: نفذ صبرنا.. وعلى قطر تغيير سياساتها
5y0F6OZN2cU سوء التغذية يزيد من جراح السوريين
5yFzTFUHsIA أحدث مفهوم لهيونداي.. سيارات يمكنها \
5z7sBKLCNIk أكثر الأسواق حلاوةً في العالم في كولومبيا
5ziASKRHabY \
5ztenjQf6Pw تركي الفيصل يرد على اتهام السعودية بالموافقة على إعلان ترامب حول القدس
6-BFs2x2NFA منتجعات مصر تعود للحياة على شواطئ البحر الأحمر
6-muIok8iEI بايدن وأوباما وبوش يشاركون في إحياء الذكرى العشرين لهجمات 11 سبتمبر
600eRYKEaQE تعرف على النساء اللواتي يخاطرن بكل شيء للعودة إلى أوكرانيا
624-lhpnizg وفاة عراقي قضى حياته بأمريكا بعد ترحيله قسرًا إلى بغداد
62GOX2yIg64 6 خرافات شائعة حول الشعور بالانتفاخ وإطلاق الغازات
62ccdjFTJks من هي فاطمة الهاملي.. أول مالكة إبل إماراتية تشارك بمسابقات جمال الإبل
63wGysyQV24 دبي تتحول لمختبر عملاق لجذب الشركات الناشئة وتشجيع الابتكار
64ODe3-DSAs مستوطنات إسرائيل تستمر رغم كل شيء
65HqVG3RW-Y سانجاي غوبتا: لهذه الأسباب لا يجب تناول المسكنات قبل تلقي اللقاح
65KhAuXHn3A الأفارقة يتجهون شرقاً للعمل
65sTZv3JEeY سفر بيونصيه و\
67-GDk23os4 كيف اتجهت أكبر الشركات للتعبئة القابلة لإعادة الاستخدام؟
67DsNDJXAhw مسؤول أمريكي سابق بوزارة الأمن الداخلي يكشف \
67RgEdC-aSY أول مركبة مصممة لخدمة تنقّل ذوي الاحتياجات الخاصة
67rr9Cu8D08 الشرطة التركية تطلق \
67td7JOd0bU تملّك السعوديين لمنازلهم.. كيف تخطط وزارة الإسكان لحل المعضلة؟
685ZTEtFKBU مشهد مرعب لصاعقة تهبط فوق رأسي زوجين بالسيارة
68ixhNpu9Tc بمدرسة للطهي في الفيوم.. شيف سويسري يكرس حياته للمطبخ المصري
69-JNvuLIaA إصابة متلقي لقاح كورونا بشكل كامل بالفيروس.. هل تُعتبر هذه الحالة مقلقة؟
690Kqd_4LX4 بعد عام كئيب بسبب كورونا.. متى تتعافى صناعة السفر؟
69T-Tn97aCw رغم الدمار والفوضى.. هكذا يبدو الجمال باليمن
69w8vFDgvi8 قرية للصم.. كل شخص هنا يتحدث لغة الإشارة
6A4G7nhgjsk مزارع ياباني يشغّل الموسيقى لبطاطا كونياكو الخاصة به.. لماذا؟
6A4gCeG5w7E \
6Bs0JcmXizI شاب سوري يحول سيارة قديمة إلى \
6CMFZboMPtc على متن أول سفينة سياحية تغادر أمريكا منذ 15 شهرًا
6CuXJvdIMeg خمس سيارات خارقة جديدة لم تسمع بها من قبل
6D0wN-Led_4 فتاة ترقد منذ 12 ألف سنة تحت الماء
6D_aLLEs6R0 أزمة خاشقجي.. العثور على حقيبتين داخل سيارة تابعة للقنصلية السعودية
6EaxtIWEuY8 مسؤولة بمنظمة الصحة العالمية تحذر: نحن في مرحلة حرجة من الجائحة
6H4KLaXG0Y8 ناسا تطور مروحية للتحليق بأجواء المريخ
6HG7_zs7NGw عش تجربة الانزلاق بسماء لوس أنجلوس عبر ممر زجاجي
6INLflQiBg0 موفق القداح ل搌NN: أوضاع المنطقة العربية لا تؤثر على تطور الشركات
6IXGk1l0tTA هل نصل يومًا ما إلى مصافحة الأيدي عبر الفيديو؟.. تعرفوا لخطط Zoom لمنصتها
6J6pMW-nlQI هذا ما عليك معرفته حول حظر الأجهزة الإلكترونية على الطائرات
6JCnTNkgigY شرح لما أحدثته غارة على مبنى في الرقة
6JRUHf6qa34 أكثر صفات دبي تميزا
6JcH2e4iOGU ابتكار روبوت على شكل سمكة يحوي كاميرا داخلية تراقب الأحياء البحرية
6Km_N-sU-9k أبرز الأحداث الثقافية والفنية في العالم العربي لعام 2021
6KvObBDcZUc دراسة جديدة: تحقيق \
6LhMQKN9ww0 كيف عمل فريق CNN في الحجر الصحي لفيروس كورونا الجديد بالصين؟
6M52mExtIco وزير خارجية قطر ل搌NN: مسار التفاوض مع السعودية أوقف
6MwNZqtOD1k هل تساعد كاميرات قمرة القيادة بالكشف عن أسباب سقوط الطائرات
6NUwMVzbqXk مصنعو السيارات الأمريكية يراهنون على الـ “بيك أب”.. شاهد أحدث الطرازات
6Nidnz2nI-s مخلوقات حديقة حيوانات غزة.. تنفق تحت وطأة الجوع والمعارك
6OHL5ScM1Ig أوباما: لايمكن احتواء إيران نووية
6OeELqILg0Y كيف صنع ليفربول معجزة \
6Pv_rq19r-E الرئيس التنفيذي لكوكا كولا يتحدث عن سبب تخلصه من مشروبات الناس المحببة
6R0D9Ymet-M جهاز يخبرك كمية المياه التي تستخدمها ويساعدك إذا ما حدثت كارثة
6R6o3cooG0U مذيعة CNN تعرض مقابلة سابقة لبايدن عن السعودية وخاشقجي: ما الذي تغير؟
6RPdic31zc0 البرغوثي: إن أراد ترامب قطع المساعدات فليفعل.. القدس ليست للبيع
6RnZQRT78_0 دم الناجين من إيبولا في السوق السوداء
6RtHVOYkUVE 5 خطوات لمنع وعلاج نقص السكر في الدم
6SGq-361t9g هذا ما يجب أن تحذر منه عند تنزيل تطبيقات مثل \
6SRwXFVeF4Q تونس: شرطيون اغتصبوا امرأة ثم اتهموها بالفحشاء
6SvJ58H2S_g كاميرا سي أن أن على متن مقاتلات إف 16 في مناورات فوق كوريا الجنوبية
6T85gQck3A0 ماهو الـ chatbot؟ وكيف يمكنه تسهيل حياتنا؟
6T8MMMTlnR4 استخدام طاقة الشمس لتحويل الهواء لمياه للشرب في صحراء دبي
6TdrCEAbmqw لحظة إعلان نجاح وصول \
6V6qxcqlXbg هذه أشهى أنواع الحلوى في باريس
6VEiOH3iCqY 14 رئيساً أمريكياً قابلتهم الملكة اليزابيث
6WU8FmC2brc طباعة مجسمات ثلاثية الأبعاد من المنزل
6Wi9e_ptCkA كيف ردّ خالد بن سلطان على الذين يقولون إن فورمولا 1 يجب ألا تتعامل مع السعودية؟
6YBGgcF7PFI مدعو على الإفطار؟ إليك 3 نصائح لتفادي الشعور بالتخمة
6YJP6YuBr3A أمازون توصل الطرود إلى صندوق سيارتك
6YmEji5LsPo تعرفوا إلى منصة Stellar المتخصصة في صرف العملات والأصول
6Yzt5JhQutQ هل مثلجات حليب الإبل ألذ من حليب البقر في دبي؟
6ZX1-8q5UaU أزعور يتحدث ل搌NN عن قوانين العمالة وتنويع الاقتصاد بالمنطقة
6ZgTaqbFvdo فيديو حصري يظهر الرقة من الجو بعد دخول قوات التحالف إليها
6aNTfCp8CdM اختبر صدق مشاعر شريكك بمعانقته داخل هذا الجهاز بدبي
6aaz6RXAMdw \
6bePLx5vWHY إيهود باراك مشيداً بحسني مبارك ل搌NN: كان قائداً مدهشاً ومتوازناً
6bn0KfQgLMw لمن يعاني ضعف المناعة.. هذه هي أهمية تلقي الجرعة المعززة من لقاح كورونا
6c94FQONaG0 ليبيا..هل يصبح الاغتصاب سلاح حرب؟
6dvjknq9eGA صناعة الخرسانة من الكمامات.. شاهد ما قام به طلاب بالجامعة الأمريكية بالقاهرة
6e5DDa3HxNs 4 معالم بارزة في أبوظبي تأخذك إلى قلب الطبيعة
6eTDpLh2XRg أعلام بدل الحشود.. شاهد كيف غيّر كورونا مراسم تنصيب بايدن
6gTPQsLdJmc كيف يتم \
6gvZoSpAckE ما مدى استدامة شركة أوبر؟ الرئيس التنفيذي يطلع CNN على الأمر
6hct9SUeADw دبي مول.. نظرة حصرية من الداخل
6htlGk65wEA كبير المراسلين الطبيين في CNN عن إصابة ترامب وزوجته بكورونا: \
6i2OUAuGlQo قرارات جريئة.. هكذا تخطط دبي لتصبح مدينة رائدة في المستقبل
6iTCd0fKoto ما السيناريوهات المحتملة إذا تنازع ترامب وبايدن على نتائج الانتخابات الأمريكية؟
6k0mXW02jn0 فيراري سيرجيو.. واحدة من أكثر السيارات حصرية في العالم
6k3rlPwMhbk طفل في الصف السادس يقاطع باراك أوباما
6llBASWBXmM ترامب يغادر مؤتمراً صحفياً بعد سؤال من مراسلة CNN حول تغريداته عن كورونا
6lyvJYO9XGI مثل الموجود بالأفلام.. روبوت قد ينقذ الأرواح
6mJFmpru5Oc شارع شيكاغو جريء أم خادش؟ بماذا ترد سلاف فواخرجي؟
6mcBwz1yXcw لماذا كان أداء بايدن أفضل من باقي الديمقراطيين في جميع أنحاء البلاد؟
6n4Lq0o2JUY بين خيرسون وميكولايف وأوديسا..أين يشتد القتال وما المدن التي سيطرت عليها القوات الروسية في أوكرانيا؟
6nAWFxPZnu4 كورونا في الهند.. ما الأسباب الرئيسية للموجة الجديدة الشرسة؟
6nwVy9vuH8A تواصل الاحتجاجات على الفيلم المعادي للإسلام
6oF68CasgKI أزعور: السعودية تواصل الإصلاح لتحقيق التوازن المالي
6oWouQCiBuU قنص أحد أندر الحيوانات بغابات أفريقيا
6pcdJai9hFY بتصميم \
6qFW6KQqrTA حصريا.. CNN تتحدث لعناصر داعش من وراء القضبان
6rn989DTi3c بعد الصافرة..الأهلي والترجي أمام اختبار يتجاوز الرياضة
6s8ur1Mquz4 تحضّر على الحطب وتغمّس بالخبز... هذا هو أصل \
6siTGlXf6Iw سرطان الثدي لدى النساء والرجال.. أهم ما يجب أن تعرفه في دقيقة
6tZl8X05-2k ما سبب هجرة الحيوانات البرية إلى كينيا وماذا تواجه في رحلتها؟
6tfK5idXEn4 أبرز ما يميز اليخوت المصنعة بالخليج
6toY5M_GS_Q حصري.. كيف يتفادى كيم جونغ أون العقوبات لتمويل طموحاته النووية؟
6uH6AvKJiYg ما الفرق بين ضريبة القيمة المضافة وضريبة المبيعات؟
6uKV0CyKUOo مكسيم خليل يكشف لأول مرة تفاصيل الاعتداء عليه بالسلاح: لو كنت مكان الأسد لرحلت
6ug2O8ZTeYI سيارة مكلارين 720S من أجل القوة والرفاهية
6v9MvxLvUic ملاحقة هوليودية في لوس أنجلوس
6veoLoSDlWY مقلب يرعب كل زوار هذا المتجر
6vnKwqbWPu4 فيروس كورونا يثير الذعر في ظل غموض طرق العدوى
6w6iYDSuXyE هل تشتري حقيبة على شكل الخبز المصري؟
6wvpAb0Vxsw ميدو يوجه رسالة لفريقه السابق أياكس.. فماذا قال؟
6x1-flTgSHs الصور الحصرية الأولى من داخل منطقة عفرين في سوريا
6xoVKCbM1Ug عبد النور: الإسلاميون لن يهددوا النمو السياحي في مصر
6xtr8I8LfBQ فيديو حصري لشبكتنا من قلب أراضي المعارضة السورية
6xyYolxi5V4 ما تداعيات انسحاب قطر من أوبك بحلول 2019؟
6yX_hNUBNDw كيف تكون تجربة الصيام في رمضان؟
6zzi3Nn2VoU أفضل 5 مشروبات للمحافظة على ترطيب الجسم
7-Ipg0_5ivs مؤسس شركة داماك العقارية يتحدث ل搌NN عن رأيه بدونالد ترامب.. ماذا قال؟
7-J2Vr2DJhY مقابلة مالالا التي أثرت بجون ستيورت
70QzZG_SqaY متعرية: عملنا يحظى ب񤂀% من حركة الانترنت
70vXuUsLn5s رد على انكسارات في اليمن.. نظرة على هجوم الحوثيين على أبوظبي
71VSthm5wEY فاروق المؤيد: الثروة تحقق الراحة.. ولم أفكر أبداً في طائرة خاصة
72LrhC2Fd28 ينهبونها من تحت الأرض  هؤلاء هم غزاة المقابر أو التومبارولي في إيطاليا
73puL40Ui3w رئيس المجلس العسكري الانتقالي في السودان: البشير سيحاكم حتماً
74BXDDjlTrs لحظة قصف قاعدة عين الأسد العسكرية في العراق بالصواريخ
74vx0wfXVSQ منتجع يخضع لتجديد بـ 700 مليون دولار
74xQuoaoxdY هذه أغلى منازل المشاهير حول العالم.. هل تتحمل كلفتها؟
759dVAc4owQ سوخوي 25.. تعرف على قدرات \
75VPCxl4fNA \
75gPY0Ta8qk نظرة على تلفزيونات المستقبل من LG.. فما هي خصائصها؟
77bX-Wnmk9U تجوب شوارع مصر.. فما هو أصل \
795pldhIqfM عدد من الابتكارات التي تمنع انتشار فيروس كورونا تظهر في إكسبو 2020..ما أبرزها؟
79vsB94RBfQ البستنة صحية لجسمك وعقلك.. إليك كيف يمكنك الاستمتاع بفوائدها وتفادي ضررها الصحي
79xGwGzdpVk برشلونة وباريس سان جيرمان.. ملامح الريمونتادا المنقوصة
7A3tV8l_rIM ما هي وثائق باندورا؟ لماذا يجب عليك أن تهتم بها وكيف تؤثر عليك؟
7BH-tYxxi7c كيف سيتأثر الاتحاد الجمركي والسوق الأوروبية الموحدة ببريكست؟
7BRGSQCInGI جولة داخل مقصورة فيرجن غالاكتك التي ستنقل السياح إلى الفضاء
7Bpd_ZPUYEo الإخوان المسلمين وسباق الرئاسة في مصر
7BsIjvB0tXY دبي تكشف عن أحد أجنحتها المميزة في معرض إكسبو 2020
7C9h_sZV7io مدربة الجنس لشبكتنا: تصريحي حول تواطؤ روسيا وترامب أنقذ حياتي
7CGC29X4Uz8 هذا ما ينتظر ترامب.. مؤرخ يتوقع مصير رئيس أمريكا ال񤁅
7CqKRYgWxPE الجيش الأمريكي يؤكد صحة فيديوهات \
7DcCrHZljws تعرّفوا على بطل الغولف المسؤول عن بعض أطول الضربات على الإطلاق
7DfQzxEc_pI بنات الرئيس أوباما ماليا وساشا خلال 4 سنوات
7DmUG0NytrM الحياة \
7ERIQzAot2c حصري.. أقوى قصف حتى الآن على داعش بسوريا
7FG8DFjloiI تعالوا نفكر.. لماذا الاهتمام الكبير من الفاتيكان بلبنان؟
7GIZFtsJjj8 أزمة الغواصات.. هل رد فعل فرنسا تعبير عن الغضب أم موقف تفاوضي؟
7Gl1N3sjpec شجرة بألمانيا قد تجمعكم بشريك الحياة
7H18Y5T_iNU حاكم دبي يطلق بناء أطول برج في العالم
7HIS9z1zg-s جرجس ل搌NN: نقطة تحول في تسريع حصول إيران على قنبلة نووية
7HZN4H-L7cQ مشاهد لم ترها من قبل.. مراسلتا CNN تقضيان يومين تحت حكم طالبان
7JugcRAkfxE محمد عساف: عشت حياة صعبة وكنت أحلم أن أصبح صحفياً
7KSsahq4H58 تشقق أرضية زجاجية تحت أقدام السياح على ارتفاع 103 طوابق
7KvO4iyVgoo معرض آرت دبي يسلط الضوء على 500 فنان من جميع أنحاء العالم
7MfvBH5zIkg أمريكا تجسست على ألعاب الفيديو
7N4JoYldqRg أول علامة على وجود حياة فضائية؟ عالم فيزيائي في هارفارد يعتقد ذلك
7NYnZKM_N-Y شركة في دبي تزرع محاصيل مقاومة للجفاف والحرارة في الصحراء
7PnPMQzNEzY الروبل ينهار مع تدهور النظام المصرفي في روسيا
7QkqDydP4xM قطة تنقذ طفلا من كلب
7RTQ88_0hEs مقتل 16 بسقوط منطاد بتكساس
7RvEXVaQHts مصادر استخباراتية أمريكية ل搌NN: السعودية تطور صواريخ باليستية بمساعدة الصين
7SrHhx0k-D8 طبيبة تنتحر بعد أسابيع من علاج مرضى فيروس كورونا
7ThD7kOKdGM بفارق 5 دقائق طائرتان أمريكيتان تعودان إلى المطار لخلل فني
7UBSyhwgwWw لقاح فايزر ضد فيروس كورونا فعال بنسبة 91٪ في الأطفال الذين تتراوح أعمارهم بين 5 񤠑 سنة
7ULATd6LeaI بأسلوب سينمائي حقيقي.. هذه أفضل 3 أفلام عن رياضة الغولف
7VBFfHAq2N0 بعدما طرد من عروض عديدة.. تعرف على أستاذ عالم دمى الظل
7Vsi2_PtmUs شبكة CNN تدخل معاقل المسلحين الموالين لروسيا في أوكرانيا
7W9cAYiBOzA بعد نتائج أرباح أرامكو السعودية.. هذا ما شهدته الشركة في عام كورونا
7WDHkwdkMBA تعالوا نفكر.. قراءات لقرارات قيس سعيد التي غيرت الكثير في المشهد السياسي في تونس
7WVW2L5gt5M إليكم نموذج لمركبة ناسا الموجودة على سطح المريخ بالحجم الطبيعي
7XhQ-jX6kvA عاصفة رملية تجتاح السعودية للمرة الثانية بأسبوع
7YA_BL-SLdo سيارات بملايين الدولارات في مسيرة بدبي
7YyLogGhDPo كاميرا CNN تقف على خط المواجهة بساحة المعركة في اليمن
7ZC6JDtPgCU مدير مشروع الإمارات لاستكشاف المريخ يشرح ل搌NN أهمية نجاح مشروع مسبار الأمل
7ZHObbq5AKY هاجم جيش من النمل الأبيض منزلها..فواجهته ببيت مرايا في الكويت
7ZHRfcmEMls رجل يواجه الثيران بالقفز فوقها
7ZlyplZWj0w خصائص هاتف سامسونغ غالاكسي S4 الجديد
7_0Nruw5U_o روبوتات تقدم خدمة الغرف للضيوف في الفنادق
7aixe3tiWSU طعام من 120 مطعماً يُحضر في مطبخ واحد في هذه الشركة في دبي
7avjembO6DY خدمة بلاكبيري ماسنجر على هواتف أندرويد وأبل ... قريبا
7cSrNgf4wh0 محمد صلاح يتحدث عن حب الناس له
7cZbI2gAENo الغزو الروسي لأوكرانيا يلقي بظلاله على الأحداث الفنية في العالم.. إليكم الأبرز في أسبوع
7dSTEGdo0oU تجنيد داعش للمراهقات يتزايد
7dswmbP98TQ صرعة جديدة لممارسة الرياضة في دبي..مع الكلاب
7fKofyafMhQ فيديوغرافيك.. قوة البحرين تتراجع عالمياً وتسبق قطر إقليمياً
7fPenzQtlF0 مشاهد مذهلة لمدينة نيويورك من السماء
7fQ4qfXEVH8 أول انتحاري بريطاني.. من طفولة بريئة إلى الجهاد في سوريا
7fg5hkxFyEg كيف تحمي نفسك من قراصنة الانترنت
7fksWnSXC1Q سفير أمريكا في إسرائيل يتحدث عن خطة كوشنر بشأن السلام
7ftn0zTnZ8w شفاء طفلة أمريكية في الثانية من فيروس نقص المناعة
7fx1Jvn7rT8 رد عمدة لندن المسلم على تغريدة لنجل ترامب
7gTblHaRGGY أول مركبة جوية ذاتية القيادة تحلق في دبي
7gZluyKfbeM هذه أكبر سائقة دراجات BMX في أمريكا
7gempUV3EYY هذه الآلة تخبز أرغفة طازجة من الخبز بنفسها
7jjvP5ay_4Q تفاقم معاناة اللاجئين السوريين بالأردن
7kfWaM8tRHY 3 أمور داخل حياة مذيعة CNN جعلتها أمًا أفضل
7lC3i-AIm1U فندق الرؤساء والملوك والممثلين في برلين.. ماذا تعرف عنه؟
7lPbIivX62w هؤلاء الفتيات يمتلكن \
7lc8d_7rG78 cnn تشهد تبادل رهائن بين الشيعة والسنة بسوريا
7oTQw155AfY تجربة تناول الطعام الأكثر تميزاً في نيويورك داخل هذه الشقة
7obG5d_7MPQ أعاصير مدمرة تجتاح وسط أمريكا
7p6wOosM03A مراسل شبكتنا على الحدود بين السعودية واليمن
7pF-V_cGe8Y سوريا: مجزرة جديدة بالمعضمية
7pPGqw0VL7Q محمد بن سلمان يعانق تميم بن حمد أثناء استقباله في العلا
7pqs4PBTOK8 لقضاء العطلات الشتوية بأبوظبي..إليك أبرز ما سيدهش الأطفال
7qtDeYalQGM أب يصوّر زوجته وهي على وشك الولادة
7qtkxENHKUQ هل تخيلت يوما الذهاب إلى النادي لتدريب وجهك؟
7qvFAqoxIW0 لماذا فازت فرنسا على ألمانيا وهل كانت نتيجة البرتغال خداعة؟
7r7VuoMJnEs هل منحت الإمارات نتنياهو امتيازًا كبيرًا عبر اتفاق التطبيع؟ مينا العريبي تُعلق مع فريد زكريا
7tcnDrX3ico مستشار الفريق المفاوض الإيراني ل搌NN: إيران أقوى بكثير من أي دولة أخرى في هذه المنطقة
7uRuqKq-CI4 رجل يمسك برجل كيم كاردشيان في باريس
7uUTj62h0AY جريزمان في برشلونة.. سيناريو حدث قبل 10 سنوات
7usZ6JEl2tQ لحوم بقر مصنوعة من النباتات.. من سيبدأ في صناعتها؟
7xAvjLWOBT8 كيف تخترق مواقع الكترونية؟
7xGg6e-880g داخل مصنع \
7y6FhZmPkko اكتشاف مذهل لقرية رومانية بأكملها مدفونة تحت الأرض ببريطانيا
7yNPmj-lZTs معدل وفيات كورونا في المكسيك 3 أضعاف المتوسط العالمي.. ما السبب؟
7ygjSSGHMuU آبل تكشف عن جهاز \
7yss2ecvHl4 لأفضل لقطات \
7yzJyZxixVM بوجه مبتسم.. سيارة كهربائية من فولكسفاغن ستجوب الشوارع قريباً
7zxHOdGGcTM جولة داخل قصر الوطن ضمن مجمع قصر الرئاسة في أبوظبي
8-1GMkASNk0 حصريًا.. غموض يلف الأويغور المسلمين الذين اختفوا من دول عربية بطلب من الصين
8-4Ixd_qNzE لحظة قصف مبنى يضم مكاتب الجزيرة وأسوشيتد برس في غزة.. ومراسل CNN يعلق
8-txhlI3HSA احتجاجات ضد \
80sJJQW0DiE أوعية زاهية.. كيف يمكنّ هذا العمل الفني النساء؟
81EXOqd4lSA 5 نصائح للسفر أثناء تفشي فيروس كورونا الجديد
828y7G5rAnQ بماذا تفكر الكلاب؟ فضول عالم أعصاب يدفعه لفك شيفرة ذلك
83i-06JlnuU ما هو فيروس الفدية الذي اجتاح العالم؟ وكيف تحمي نفسك منه؟
84BQwDchMl4 يلحقك من غرفة لأخرى.. روبوت يشغل الأفلام ويعرضها لك أينما تريد
84ngwIpcUAo أهمّ 10 ابتكارات قد تغيّر الطب عام 2022
85CceD4LVis لبنان: الانهيار الاقتصادي والمأزق السياسي يدفع منطقة التبانة نحو الهاوية
861Rke5y3Zk الحديقة الوطنية العائمة الوحيدة في العالم
86LaFiGexe8 نمو \
86m96GZmgvE مارتن شين: أتيت لدبي لاكتشاف المنطقة
87W7Q61O-0A سلاح القرن.. أول “سلاح ليزر” للبحرية الأمريكية
88r60vQYEsU هل تنتظر لترى آثار لقاح فيروس كورونا على الآخرين؟ طبيب يجيب
892ofmtLcNY إيلون موسك: ارتفاع أسعار \
8Am6p2OPlAg ظاهرة محيّرة.. نفوق 600 طن من الأسماك بشكل غريب على شواطئ فلوريدا
8BN6u12ZEbg ما الخدعة التي أنقذت هذا المتحف خلال الغزو العراقي للكويت؟
8BwAhDgOqLA كيف تُدخل البنوك تقتيات البلوك تشين في عملياتها؟
8CMaDWT48wI الرميحي: قمة المنامة اقتصادية وعسكرية والملك سلمان قائد كبير
8E2fom53hfE لحظات مرعبة لطائرة تايلندية قبل إقلاعها بلحظات
8Ei45tgjXnc خطة الهروب السرية إذا تم استهداف مركز القيادة النووية بأمريكا
8Fz_3OftsKs برجل واحدة وأخرى اصطناعية.. هكذا تشبث هذا الراقص بحلمه
8G8AAZKILfM قلعة من الورق تتحول إلى قلعة من الحجارة في بودابست
8GltSYH4UR0 نتنياهو: سأضم غور الأردن إذا أعيد انتخابي رئيساً للوزراء في إسرائيل
8GqcpWXlewg لماذا رفع سفير ميانمار إلى بريطانيا 3 أصابع في وجه عناصر جيش بلاده؟
8HB51iWYFx4 بعد إصابتهم بكورونا.. رياضيون بارزون تظهر عليهم أعراض التهاب القلب
8HK0ZYkm64s على شكل السبعينات.. فورد تطلق شاحنة كهربائية جديدة وهذه ميزاتها
8HfFE1-QXcI الإنترنت المظلم.. سوق مخيفة لبيع لقاحات كورونا المزيفة
8HyVhj1VOhA ما هي عقود الخيارات؟ وما الفرق بينها وبين العقود الآجلة؟
8JA9c4AiUIo شاهد.. مذيع CNN يزور البتراء بالأردن ويضع \
8K5UjZiu50w في ذكرى الانفجار.. آلاف اللبنانيين يزحفون نحو المرفأ ويطالبون برفع الحصانة عن الساسة
8KhgaO8m8cc ريم الهاشمي تختتم اجتماع المشاركين الدوليين لإكسبو 2020.. هذا ما قالته
8Kkt4hLsNUc محطة الفضاء الدولية تفقد السيطرة لساعة من الزمن بعد فشل وحدة روسية جديدة
8Lb27J74ImQ كتاب يكشف أسرار الموساد وخطط قتل عرفات
8LnD4vqLyqk حمالة صدر تفتح أوتوماتيكيا عندما تقعين في الحب
8NzvzBDzr1g جربنا لكم هاتفين.. Honor 9 Lite و Honor 7x
8O2LiXP39r4 مخرج أول فيلم سوري مرشح للأوسكار: سيناريو حلب يُكرر في الغوطة
8PcYRrbSk0s 5 أماكن غير متوقعة يمكنك زيارتها في دبي
8PovvwnCMPE عدلي ومنصور.. أصابتهما حرب غزة وجمعتهما الصداقة
8Pr6W_RnHuo مسيحيون يعربون عن فرحهم بزيارة البابا فرانسيس إلى الإمارات
8QCjWbKUHR4 هكذا تبدو العاصمة الأوكرانية كييف بعد انسحاب القوات الروسية
8RVhtuC9_w8 إماراتي يقضي 3 أيام على جزيرة خالية من السكان دون معدات
8RZgBpAKNqk أروع 10 اختراعات حتى الآن
8SXFjCejhJs اكتشف \
8TiFJEQsjQ4 5 أشياء يجب معرفتها عن الالتهاب الرئوي
8ToZui8XMOE نتنياهو: صفقة القرن تقدم للفلسطينيين طريقا إلى دولة مستقبلية
8UnObzACdXI بايدن يهاجم ترامب بسبب الاتفاق النووي الإيراني.. ما القصة وماذا قال؟
8VorKmB9d4c ترامب يوضح سبب تجاهل سؤال عن خاشقجي أمام ولي عهد السعودية
8W6rcSGWkB4 لحظة وقوع زلزال كاليفورنيا.. أفعوانية تتأرجح ومسابح تفيض
8WuQVa0f07k أسترالي يبتكر منزل المستقبل منتج للغذاء والطاقة دون نفايات
8XU_kmsiDY0 رجال أعمال: تعافي الاقتصاد الليبي
8XbImyG1Nis مفاجأة من غوغل.. نظارات طبية فريدة
8Z97YPl3wJg اليأس يحرك الشباب بميدان التحرير
8Z9QNs_LUgw صورة هذه المرأة أصبحت رمزاً لاحتجاجات السودان
8a99xt8yxPk مقلب مخيف من سائق سباق محترف
8aA_5NdgXmQ حاملة الطائرات USS جورج واشنطن لضرب أهداف \
8avvKGVz9ho متى تسيطر السيارات الهجينة والإلكترونية على السوق؟
8b0KHbb1NNc هل سيستخدم الأسد السلاح الكيماوي ضد شعبه؟
8bVKkr2nkq4 هكذا أنقذ شرطي بشكل بطولي السناتور ميت رومني من معتدي الكابيتول
8bsJW99Rh4g متحدث باسم أردوغان يرد على تهديدات ترامب بـ\
8cEZf0NQXlE كيف سيكون الاقتصاد الخليجي وما التوقعات للبنان ومصر؟
8cnCj4wAoMo شركة يابانية تصنع أوراقاً أرق من الجلد البشري
8d3sTttuwY8 تحويل النفايات إلى طاقة.. شاهد كيف تفعل شركة في الإمارات ذلك
8dkGWSjW53M ما مدى تأثير انسحاب قطر من أوبك على سعر النفط؟
8doBZMWyMz8 منتزه ديزني يستخدم تقنية تحول الضيوف إلى \
8e94oKBA5NA عصام فريحة.. دي جي إماراتي يغير عالم الموسيقى في المنطقة
8f5-SOJFhuc أسبوع دبي للتصميم منصة مثالية للإبداع في قلب دبي
8gECVqLGY9U رئيس مودرنا: هذه الحرارة التي يجب أن تتوفر للقاحنا ضد فيروس كورونا
8gIRoo45pco حسين صبور ل搌NN: اخترت العمل الخاص وقتما كانت مصر تتجه للاشتراكية
8hKH6KQ_-ik جولة على يخت فاخر بمستوى جديد من الرفاهية
8hKXVOFIRas كيف طورت أبل فكرة شاشة اللمس؟
8hn0mhgtDWA ما سر تحقيق أهم بطولة غولف في العالم؟ مدرب للاعب فائز بـ\
8i75EgZAlrQ صورة مذهلة من المريخ لأطول بركان في النظام الشمسي يلتقطها مسبار الأمل
8i9s0HlcgBA شركة تتعقب ملايين الأجهزة.. هل تساعد بمحاربة كورونا؟
8iIlw6h6u9E منزل مبني بالكامل بطابعة ثلاثية الأبعاد
8jIydciHdUg شاهد أخطر قفزة من طائرة
8jf-xojhMKY رسالة \
8kNY6VlNI7c أغرب الحيوانات التي اصطحبها رؤساء أمريكا للبيت الأبيض
8lO7VFSz4S8 أولمبياد البرازيل.. رياضيون في منشآت فوق مياه المراحيض!
8lQzCR8xNz0 بأسلوب فكاهي.. مصوّر يعكس حالة بريطانيا في عصر بريكسيت
8lUbBjB8jo8 شريحة دماغ قد تغير حياة البشر.. تعرف على \
8lzIgtnKenw لمواجهة كورونا.. بناء مستشفى خاص في السليمانية خلال 11 يوما
8m90-03aj0c تيغراي.. حيث أصبح الاغتصاب أداة تهديد ضد الفتيات والأطفال
8mtlIBUn-tw ما هي فوائد \
8p1Ed4jbliY كاميرا CNN ترصد لحظة تدمير الجيش الإسرائيلي برج الشروق في غزة
8pPZLa83L4g مراسل CNN وتفاصيل الانفجار \
8pQ7qU-MYrA هل لتكنولوجيا \
8pxRSJ1NHW0 لقاء مع آخر ناسك من نوعه بوادي قاديشا في لبنان
8qKqTxi2WbU وزير خارجية السعودية يعلق على سماح اسرائيل لمواطنيها بزيارة المملكة
8rEhYA4alDQ حديقة تشبع البطون والعقول في تنزانيا
8sWABGZnSKg دي جي اي تكشف عن أحدث طائراتها الآلية والتي يمكنك طيها
8tzEy6lOHdA نقل ممرضة إلى مستشفى بسبب فيروس كورونا رغم نتيجتي فحص سلبيتين
8uKXvD208LM من اخترع الألعاب النارية.. الصين أم أمريكا؟
8wKkQ2YuhGU كيف تمكن المهاجمون من قتل رئيس هايتي في مقر إقامته الخاص؟
8wZCllSlYXU امرأة تلقي النفايات على من يرميها في الشارع
8xPB3mqjvqQ ما هو سر السيارات الأمريكية القديمة في كوبا؟
8xqu8Ua9aVA بوينغ تختبر كبسولتها لنقل رواد الفضاء إلى المحطة الدولية
8z7wgzmYhvw الشرطة الروسية تحتجز مراسل CNN أثناء تغطية المظاهرات
8zGYSNYOo8Y أسبوع جيتكس للتقنية يفتتح بـ”تصورات مبتكرة” في دبي
8zOqB8lbtbc تعرف إلى المرأة التي تُبدل الإطارات بسباقات \
9-ULgAP7u2I لشريك المؤسس لـ\
90Fz-y-MGIw داخل غرفة مليئة بمضارب الغولف المطلية بالذهب.. ما قصتها؟
90QI450Xr_Q خلف الحبتور: مجلس الشيخ راشد هو الديمقراطية الحقة وليس تجارب العرب الفاشلة
90qmfPi5G1Y من مصر إلى ليفربول.. محمد صلاح يروي قصة نجاحه
91SRBNGFIKM رئيس استخبارات إسرائيلي: أسلحة كيميائية استخدمت في سوريا
92J_7AnlmMI من هو جون أبي زيد مرشح ترامب لمنصب سفير أمريكا في السعودية؟
92s_Qq1tYR0 بعد عام من الإغلاق الأول في ووهان.. قصص محزنة يتذكرها السكان
93RmzON6fpo من هنّ النساء ملهمات الموضة المحتشمة؟
93gLQAptJdg 80٪ من سكان هذه البلدة النائية في الأمازون مصابون بفيروس كورونا
94vYu9-8CGg هكذا تحضر هذه البقالة \
977YIVbCvWw شاهد.. لحظة دخول جو بايدن إلى البيت الأبيض مشياً على الأقدام
97VLU1D9ViM الأردن : خسارة 200 كتاب قيّم في خزانة الجاحظ في حريق مدفأة
98IztzLbY0w سانجاي غوبتا يشرح التغييرات الرئيسية الجديدة المتعلقة بإرشادات توزيع لقاحات فيروس كورونا
9A0HZHZ6YgI دواء جديد للصداع النصفي قد يساعد الكثيرين
9A1SzGa6juA مقدم بحرس الحدود السعودي ل搌NN: حدودنا مؤمنة تماما
9BRTSigH4aM أبرز ميزات iMac الجديد كلياً من أبل وسعره
9CJWIdG9hl0 جهاز مشي مضاد للجاذبية
9CwnEnuXCL8 كيف أزال فيروس كورونا الحدود بين الأديان في إسرائيل؟
9DDaQjPeoIM لماذا يتطوع أشخاص للإصابة بفيروس كورونا في لندن؟
9DcbGdgEU7c إطلاق التقرير العالمي لسياسات السعادة وجودة الحياة لعام 2019
9DgUkYxVxqY سويسرا تُسقط فرنسا بمباراة مجنونة في يورو 2020..ما أسباب هذه المفاجأة؟
9DnnqK8sVOU بعد الصافرة.. لماذا تراجع مستوى محمد صلاح وما المطلوب منه؟
9EjKALrmcRc ضاحي خلفان: تنظيم الإخوان \
9El1iKBc1co تصريحات لمخرج أميريكان هاسل
9FuNIZA_LuQ هل فيروس كورونا ينتقل أسرع على الأسطح أم بالهواء؟
9GNRw3mgKMg في قلب دبي.. \
9GWPSjJralk أول روبوت بالطباعة ثلاثية الأبعاد.. والصناعة إماراتية بالكامل
9GbKJoPx3DE التغييرات بدأت.. مشاهد حصرية ل搌NN من داخل أفغانستان الجديدة تحت حكم طالبان
9GbuBekFwQ8 فيديوغرافيك.. ما هي قدرات سلطنة عُمان العسكرية؟
9GlR4UDM4-o نجوم سوريوّن لمنتخب بلادهم: قلوبنا معكم
9Glo8L3VtLI دراجة خشبية حصرية لهذه البلدة السويسرية.. ما قصتها؟
9H5I1BT9SLw داعش يحوّل جبل كبريت إلى بركان سام بالموصل
9Hs2RS0QQJ8 شاب في العراق يهوى تربية أخطر المخلوقات ويؤيهم في منزله
9J9toRn8ixk أمل باعطية.. أول مدربة كروس فيت بالسعودية
9KB49kQiQw4 كانت تتسوق لتجد نفسها بمواجهة ثعبان في متجر.. كيف تصرفت هذه المرأة؟
9KPicdjMlGw من هي صاحبة الإطلالة الأجمل بافتتاح مهرجان دبي السينمائي؟
9KnpNyfEXL8 الأرجنتينيون يواجهون ارتفاع أسعار الفنادق بالبرازيل
9MvWYmZFjf4 لمحة عن 5 طائرات جديدة تسارع شركات الطيران لضمها لأساطيلها
9N7Yw1ceJJA كافيار الصحراء في المكسيك من بيض النمل
9NwMIH9XCrg الساحل الشمالي في مصر يستقطب نجوم العالم.. وراسل فيتالي ل搌NN: سأعود!
9O5HjwGk3kQ قرش عملاق يقتل استراليا على شاطئ بيرون
9O6O6SGJzSk ماذا يحدث لنفايات الأقمشة لدى العلامات التجارية؟ هذه الشركة توفر الحل
9OB7E4ilmZU نتانياهو: روحاني ذئب غي ثوب حمل
9OzAOpY5-Eo آخر التكنولوجيا المستعملة من قبل شرطة دبي
9P2y7lHir8M ريانا تتصور مع أسماك القرش
9Pd3trj6Ckc ‎‫مظاهرات تركيا تتخذ منحى عنيفا‬
9PrfPGxgkMk لا يجب أن يكون شخصية سياسية.. كيف تنتخب إيطاليا رئيس دولة جديد وكيف تختلف عن البلدان الأخرى؟
9QTqVRdhzXQ الكتاب الذي لا تريدك الصين أن تعرف عنه.. ماذا يتضمن ولماذا تحاربه بكين؟
9Qv7fmSA4yE حظك جيد أم سيء؟ زيارة هذا المعبد في اليابان قد تخبرك
9RUkdwdkxJo أبرز المصادر التي تتيح للأفراد التعلّم عن \
9RtmOnHXN_U مخاوف على سلامة المترجمين الأفغان والعراقيين مع انسحاب القوات الأمريكية.. كيف يعيشون؟
9S4tm7_fpc4 قتال وازدحام ونفاد صبر.. إليك ما شاهدته مراسلة CNN مع محاولتها الخروج من أفغانستان
9S7mSxZkwZQ كيف أثر مقتل قاسم سليماني على حسابات إيران؟ خبير يوضح ل搌NN
9SgdahzmszQ الهلال والسد.. لماذا فاز \
9Sl9SiBkGCI مراهقة تفقد أطرافها بسبب عظامها السحرية
9T3DxLUHNNY حظوظ الجزائر أمام السنغال في نهائي أمم أفريقيا
9TindnxquHw لحية “توت عنخ آمون” تثير الرعب بين خبراء الآثار
9U1cOfRwdfA عبداللهيان: السياسة الخارجية بعهد رئيسي ستؤمن حقوق إيران على جميع الجبهات
9UJ34U8AEAU الكاميرات ترصد أسلوب ترامب في إهانة الصحفيات بشكل متكرر
9VqSZfo4E9c نسرين طافش: شاهدة على عصر \
9XCpArzvzpk ما عواقب زيادة الفاصل الزمني بين الجرعيتن الأولى والثانية للقاح كورونا؟
9XSP52oB1vk مارادونا يبين سبب اختياره الإمارات للعيش: أعشق بلدهم وشعبهم
9XUxooc9iUs وزير الطاقة الإماراتي يوضح لشبكتنا تصريحه \
9Zot2FFUorc دراسة جديدة: فيروس كورونا يمكن أن يعشّش في الدماغ والقلب 8 أشهر بعد الإصابة
9aquG6l3jik مطعم في دبي يكسر 2000 صحن يوميا
9cL8t8mLz_Q هل طلبات التوصيل خطيرة؟ هل يمكنني الخروج؟ أطباء يجيبون
9ck5OHlzHHk ما نصيحة سارة العايد للمرأة السعودية الراغبة بدخول عالم ريادة الأعمال؟
9dd51gCYOUE هذه الدراجات تتخطى سرعتها سرعة سيارتك
9dnameWrFy8 ارتفاع تكاليف النفط والغاز وسط أزمة عالمية.. لماذا لم يواكب العرض الطلب؟
9eRJLlWwius مراكز السيطرة على الأمراض تُخبر ولايات أمريكية للاستعداد للقاح كورونا بنهاية أكتوبر
9fB8ur4WFZs كيف تحافظ على سلامتك من الفيروسات خلال السفر؟
9fJLaFTbW-0 رجل مبتور الأطراف يقود سيارة سباق
9flBZemyOPk ‎مرسي: من أولوياتي تكوين صداقة فعلية مع الدول الأخرى
9fnZetKcuUs مراسلة قناة الجزيرة جيفارا البديري تصرخ لحظة اعتقالها في القدس
9fz9ISH6QDA حملات الإبادة الجماعية.. مذابح \
9gI0up7QT3o هدى قطان.. الوجه الذي أطلق مملكة تجميلية قيمتها مليار دولار
9gcxdrgq1gA في دبي.. بوظة مكونة من فحم وذهب صالح للأكل
9hEETZ11Klg لندن: حكم بتسليم أبوحمزة 撄 آخرين إلى أمريكا
9hL_PDB2I8Q 35 دولارا تكفيك لشراء كمبيوتر جديد
9ho1fX3rL_w أحمد جمال: أخذت الشهرة وأحقق معادلة النجاح حاليا
9iczQ2bSQxo مكان ولادة النبيذ.. 8000 عام من هذه الصناعة في جورجيا
9iqETPMzKoM زوجة سابقة لمقاتل في داعش تتحدث ل搌NN
9jAB10wpkUY مسؤول بالصحة العالمية ل搌NN: السلالة الجديدة لكورونا قد تكون \
9jJ-PNMHWOE هل حقاً يساعد دواء الملاريا بعلاج فيروس كورونا؟
9jPihsvVSsE تكتكها يا كريم.. حلول \
9jiTQ16Bk5g شاب أمريكي يعزف الموسيقى بمساعدة يد روبوتية
9jpPjKKDn5U لن تصدّق التصاميم الغريبة لهذه المنازل!
9kS4990P9do \
9lSX6W4PaPU \
9lT7ZO0vlf4 قصة تأسيس الإمارات.. جولة في متحف الاتحاد بدبي
9lVvX6B4UyI بالدونات والبطاطا المقلية.. هذا المتجر في نيوزيلندا يغير مفهوم المثلجات
9mlka4SVrfs بعد مرور عام.. مشاهد مخيفة وثقتها الكاميرا لحظة وقوع انفجار بيروت
9mmKXPf6NJ8 أصل الكسكس.. الطبق الذي جمع دول المغرب العربي
9nq8RWNtmIw كاميرا CNN تأخذكم إلى قلب حرائق الأمازون.. شاهدوا الدمار
9oCAM_Fo6QY نائب وزير الصحة السعودي يكشف ل搌NN خطط بلاده للسيطرة على كورونا
9oM1OiaV4fM رأي فراس الخطيب عن استعدادات سوريا لتصفيات ملحق آسيا
9pDKVtt-BXw منها رسالة مرتبطة بمعهد ووهان.. هكذا رد الدكتور فاوتشي على رسائل بريده الإلكتروني المنشورة
9pp1dyR7xIA صور تظهر الاحتباس الحراري في الكرة الأرضية
9qltWAJI-ck شقيق لجين الهذلول يتحدث ل搌NN عن التهم الموجهة لها
9tSjupTRgvg ما هو \
9tYOnbhu3aM طائرة ترامب بوينغ 757 المطلية بالذهب.. من رمز الهيبة المطلقة إلى مطار شبه مهجور
9tofFM49lB8 البنتاغون تزعم ضرب \
9u7sEYpzKhE كيف رد ظريف على سؤال حول خطر نشوب حرب شاملة في الشرق الأوسط؟
9uGzV_b6ZuU أطول ألتراماراثون صحراوي بالعالم ينطلق من دبي
9uwx01Uv7SA اكتمال أطول نفق للسكك الحديدية في العالم قريباً
9vuUiSy-6EE مصنع يطعم 1‪.𠋄 مليون طفل بالهند يومياً
9vw8ugbLO8g فيديو \
9wBJg-kSLkk آبل تطلق Apple TV 4K وأحدث ساعاتها الذكية
9wNEtvcaVE8 كيف يمكن لروبوت استبدال ركبة؟ شاهد ما فعله جراحون في دبي
9wWxQvuNbJY على خطى \
9xadr1g3o_c إدارة الغذاء والدواء الأمريكية ترفض التوصية بإعطاء جرعات معززة للقاح فيروس كورونا للجميع.. ما السبب؟
9y2QS5An_qo بعد الصافرة.. هل يغامر زيدان بسمعته كمدرب بعودته للريال؟
9yShixQM0t8 بيع بمزاد.. هذه قيمة آخر منزل صممه فرانك لويد رايت
9z5RgEeo4bw اسقاط عربات \
9zipDSk5qk0 كيف يعيش الناس تحت الصواريخ في غزة؟
9zs6_VP7V_4 الفحل الذي أغرمت به كل الإناث
A1pJkLCzitA بيانو مختلف كلياً .. الأكثر انسانية
A1qW5udBIcU مذيع سي أن أن يحرج مسؤولا لا يريد مسلمين بالكونغرس
A1z8xOtJeNg مزرعة برتقال في مصر بحجم بيروت
A3FDEuvPOvk \
A3aNRjU2Eeg كريم بنزيما.. لماذا استبعدوه وكيف أعادوه لمنتخب فرنسا؟
A5i2b_t934Q هكذا يمكنك تجربة انعدام الجاذبية دون الذهاب إلى الفضاء
A6ITWTRlu4w بتصاميم غريبة.. مركبات كهربائية قد تكون مستقبل السيارات
A6XgZRpoNn4 في الهند.. وجبة خفيفة لذيذة تشتعل فيها النار
A7NiaRQ1VoU أغذية تساعد بالتخفيف من الصداع في رمضان
A7PPqE4c1_o براغ الساحرة.. جمال القصص الخيالية يتجسد في الواقع
A7Y7PLGxyvg رياضية سعودية: حلمنا أصبح حقيقة في الأولمبياد
A7mvm1rw67o كاميرا CNN داخل مستشفى في الخطوط الأمامية لمحاربة فيروس كورونا في نيويورك
A9QF1gDJ9SU عادت من حادث أليم وظهر مكسور لتفوز بسباق دراجات نارية في 8 أشهر فقط
A9yKFd5uPsA كيف صام الأمير سلطان بن سلمان في الفضاء؟
AAPnMPXVziI تحركات لزيادة الوعي تجاه مرض التوحد بالعراق
AAcGanvtXJA ستراي كيدز بين دبي والرياض وعودة مرتقبة لدريد لحام وأسامة الروماني.. إليكم الأبرز في أسبوع
AAh8Eo4sbA0 معركة لإنقاذ \
ABQoNMCTVJ8 كيف تقع في حب جزيرة أواهو في هاواي؟
ABaV0DaogRI هكذا تخطط الكويت إفراغ الشوارع من السيارات وإعادة تخطيط البلاد
ABp0lnorAuI ما هو اليخت \
ACg6VIuJdLc فأر يسقط من سقف البيت الأبيض في حضن مراسل.. وهذا ما حصل
ADLXOREG_6Y ‎‫تفاصيل تتكشف حول مخطط لـ\
AEkvfOqmVyY بايدن يعلن انسحاب القوات الأمريكية من أفغانستان ابتداء من 1 مايو
AEmc_eo8hhE الأمير علي: الإمارات أرضنا..وهدفنا مونديال قطر - المقابلة كاملة
AFCxJSaToJM ما هو دور مؤشر \
AFiZm2db_Xg خضّت العالم بدموعها.. هكذا تحمي الطفلة الفلسطينية نادين شقيقها من رعب الغارات
AFvmoQXwtss دور الرياضة الإنساني في زمن كورونا.. هذا ما تبرع به النجوم
AGb5dA0eA3g ما هو فيروس كورونا ؟ أين ظهر؟ وكيف ينتشر؟
AH-XxbJLOVY 5 سيارات كهربائية بالكامل من شركة لم تسمع بها من قبل.. تعرف على VinFast
AHjefaZVv0M هل تساعد كثرة النوم في فقدان الوزن؟
AHqa5Nwmi84 5 خرافات عن الكوليسترول
AIo8lL39fBQ بايدن ينتقد إدارة ترامب لعدم اعترافها بالهزيمة وتعقيد نقل السلطة
AJnG_2JM4bc دريملاينر تعود للتحليق
AKGjn8yUy7o قرعة كأس العالم 2022 في قطر.. مراسلة CNN ترصد التفاصيل من الدوحة
AKIR7SxkYgE البنتاغون ينشر مقاطع فيديو من عملية قتل أبو بكر البغدادي
AKjVKZvx7m0 هذه هي أغلى الشوارع للسكن في العالم
ALVf9b8Xoks مظاهرات في غزة والضفة ضد إسرائيل
AMVCyFNjzEw ما هو مؤشر S&P 500 ولماذا يعتبر أفضل ممثل لأداء الشركات؟
ANNiKOF9iik أقذر 6 أماكن على متن الطائرة
ANqR5j2x8-E نيوزيلندا تشجع السكان على السياحة الداخلية
AO24pnjsi9o عالم أوبئة ل搌NN: يجب إتاحة براءات الاختراع لتصنيع لقاح كورونا
AOLp_Cgoc-4 سيارات يابانية تستبدل الوقود بالهيدروجين
AOav7EIvftY شاهد كيف تسعى فيليبس للحد من حالات الوفاة بالشرق الأوسط بسبب النوبات القلبية
AOwgoh9O2Cc كيم كارداشيان بفستان ذهبي ضيق بحفل \
AOx4JGuYURo عازف إيقاع كفيف يحقق حلمه بالعزف ضمن أوركسترا بهذا الابتكار
APLv--pbfO8 دراسة جديدة: الماريجوانا تساعد أطفالكم المصابين بالتوحد.. كيف؟
ARX-oMA-71Y ‫رحلة طا‬ق摜NN ‎‎ ‫في مدينة \
ARkf3iiqTAQ كيف تقي نفسك من حساسية الربيع؟
AS29PAzXYWE عمره أكثر من ألف عام.. تعرف على أسرار أفضل أنواع الشاي الأخضر بالعالم
AS_QuV1ALXY هل تشكل الهواتف النقالة خطرا على الإنسان؟
ATAnAzpniWQ مدربة اليقظة تقدم نصائح حول التعامل مع التوتر والقلق أثناء جائحة فيروس كورونا
ATDzvvBnwa0 مراسل شبكتنا في قلب أحداث معركة تحرير الموصل من داعش
ATQh7vw2Au8 من الغاز إلى مدافع المياه.. هكذا تحولت أحداث بيلاروسيا وبولندا إلى عنف
ATm4XLOha7Y بخور العود ب ألف دولار مقابل الكيلو
AUGgFocBn_w طفل سوري يكافح في اسطنبول \
AV4HaVhQkjo موسيقى متناغمة بأدوات مصنوعة من الثلج
AVeWwIMtCdQ سباق سيارات \
AWlWad6iAH8 أمازون توصل الطلبات بطائرات بدون طيار
AWqWjDQNmQw ما الذي يمكن أن يشترك فيه السرطان مع متلازمة القلب المكسور؟
AXLkUbr4hkw راهب و\
AXP_SBJTIB8 ما هي أبرز الأحداث التي تؤثر على حركة الأسهم؟
AXVeFz4AgSE مزارع يحلق بطائرات \
AYGMG-VRcfI ‪ ترصد حجم المعارك في عرين الأسد \
AYxktt5s1HU كيف أثر فيروس كورونا على سائقي سيارات الأجرة؟
A_3G90n4rMk طفلة سورية تخاطب ضمير العالم
Aa9GL3gs-Ho بوتين مازحاً عن التدخل بانتخابات أمريكا 2020: سنقوم بذلك مجدداً
AbHVoOzKp3o هذا العمل الفني السعودي يتكلم \
AbI3_A_HtqM من ضحايا الاتجار بالبشر إلى مقعد رسم.. ما سر رسام الوشوم؟
Ac-iE0qbO84 هذا المطعم غالبية موظفيه من السجناء السابقين
AcGxE50dQaA ترامب وبايدن يتراشقان الشتائم في أول مناظرة بينهما
Adak38p0E4A حساء نودلز يتجاوز 300 دولار.. ما الذي يجعل ثمنه باهظاً؟
AeMk_hrPdHU هل يختفي فيروس كورونا بارتفاع درجات الحرارة؟
Aee6h7OEVF8 أطرف اللحظات على الهواء
Ag3eu7m3ZQE الأول من نوعه بالشرق الأوسط.. روبوت لإنقاذ الغرقى
Ag9Pldzid2c أسرار متحف اللوفر في أبوظبي
AgwnA6yz1Bw بينها السعودية والإمارات.. هكذا ينمو نفوذ بوتين في العالم
Ah7N7SkWLPo منزل يبني نفسه خلال 8 دقائق
AhDn_TUmMmc قصة سورية أبطالها قناص وطفلة.. وعائلة مدمرة
Ai4IdKHQ4Ds هيفاء وهبي.. من منصات الجمال والغناء إلى \
AisdlzwJp98 طلاب مدارس الأونروا في لبنان: أمريكا تأمرنا بشيء وتفعل عكسه
Aiu2rerkTxw استقالة جميع موظفي أحد متاجر برجر كنج بأمريكا بطريقة لا يمكن تخيّلها
AkFyCjgDmaA البرازيل تتحول إلى موقع سباق عالمي للقاح كورونا.. ماذا يقول المشاركون في التجارب؟
AkRwPo4jc9I هذه أكثر المعجنات دسماً في أوروبا.. كيف صُنعت؟
AmGOyAJCaUs مع تهديد غزو روسي.. هكذا تبدو الحياة في الجبهة الأمامية في \
Amodm8OhM70 أسباب تشكيل قوة عسكرية عربية لوقف ‫‏الحوثيين في اليمن
Amud5NR04R0 وايمو تختبر سياراتها الذكية من دون إشراف سائق بشري
An6TlbGaSVg تركيا بعد صدمة تفجيري السبت
AoxqGMLMMFA مواجهة غير متكافئة مع دُب‬
AqLTufAugXU مارتون: ميركل 16 عامًا في أزمات مستمرة منذ انهيار الاقتصاد العالمي لعهد ترامب
Aqf55CGwRy8 كاكا.. قصة \
Ar2CMCJNf_c إليك بعض الخطوات للتعامل مع النسيان الذي يرافق التقدم في السن
ArevxTLfGrE من أين أتت أصول كذبة أول نيسان؟
Aro-FbK3oM8 لماذا يشعر مسلمو بريطانيا بقلق من رئيس الوزراء الجديد بوريس جونسون؟
AsebDCldcsE الخضيري: الضربات الأمريكية ضد داعش في العراق مهمة جدا
AsnrxwBVzTM آخر تحديثات نظام تشغيل آبل iOS 15 بما في ذلك \
Asu2niypQR8 رعب الزوار على جسر زجاجي شاهق في الصين
AtU2DdELwqo منها ما قتل منفذ هجوم دالاس.. روبوتات تساعد الشرطة في عملها
Au-RxeDwKPc هكذا احتفل العالم برأس السنة الجديدة 2019
Au5s2Ts029o فساد وفشل وانفجار.. ماذا تغير منذ الحرب الأهلية اللبنانية؟
Auf0ouRT9SA كوكب الزهرة يمر بين الأرض والشمس
Avf8-u1w07E ما هو الفرق بين المؤشرات وصناديق الاستثمار؟
AvfrRptorkY مع فرقة العمليات الخاصة الأمريكية في أفغانستان
Aw1VQHRM9X4 كيف تحدّت هذه الشابة المسلمة مجتمعها لتصبح ملاكمة محترفة؟
AxJktRGJV3Q مشاهير عالميين وإقليميين.. داخل متحف \
AygXBGxRIfM لماذا يعتقد بعض العلماء الآن بإمكانية تسرب فيروس كورونا من مختبر؟
AykzLsK9604 محلل ل搌NN حول اتفاق السلام بين الإمارات وإسرائيل: السعودية ستكون الجائزة الكبرى
Aznb6XFIF2Q إجابات أكثر الأسئلة المطروحة عن فيروس كورونا
B-BDKhz9Ra4 الزعبي ل搌NN: لدينا أدلة على استخدام النصرة الكيماوي
B-_EXTvPcM0 أغرب مدن كأس العالم في البرازيل
B0ng0IbNZ1Q محمد كريم: أمارس الطب واعطي ولكن التمثيل أولاً
B1ZTRroxocU تايلاند تسعى لإنعاش السياحة بخطة تسمح للمسافرين الملقحين بزيارتها
B3e7Of41Ajo النظام السوري يقاتل من أجل البقاء‎
B3uuxseUWHc باتاغونيا في تشيلي.. \
B5Dw7XdvNew مقارنة بين سلاح الجو الإيراني والأمريكي
B5gTomixono ما هو السلاح الخُلبي وكيف يمكن أن يؤذي شخصًا ما إن كان فارغًا؟
B6HbjuzEYz8 هل تصبح مريم المنصوري أبرز شخصية هذا العام؟
B6RZdcxVSYA مسلمو الروهينغا يهربون من العنف في ميانمار
B6mldL2z-KA أبرز لحظات التراشق بين ترامب وبايدن في آخر مناظرة
B7HPfaMouVM صبية فرنسية تحلم بالعيش في \
B7NxW3a88Xo بمشهد ساحر.. قرية سعودية هجرها سكانها وتعود لبدايات العصر الإسلامي
B7cKg1TlCyM خبيرة صحة أمريكية ترد على المخاوف من لقاحات كورونا: الأبحاث بدأت قبل 17 عاماً
B8Wexv2ImRc زيلينسكي: الروس ينسحبون \
B8aupuf2Pnk بين جيشي مصر وتركيا.. لمن تميل كفة القدرات العسكرية؟
BAi9CBsIjVg ماغي أبو غصن: مهرجان دبي السينمائي يتميز بالأناقة والثقافة والضيافة
BAjp4MNakN8 مراكز السيطرة على الأمراض تعود لتوجيهها السابق حول انتشار كورونا جوا
BB-L_p_2Ihw ظريف ل搌NN عن المفاوضات مع واشنطن: إيران لن تقع في الفخ
BC1nq4OP0q8 أكثر لحظات عام 2020 إلهاماً تكشفها CNN.. وضيفة الشرف ميغان ماركل
BC84YGe05gk مراسلة CNN تسرد مخاطر نقل الأخبار من أفغانستان وتقارن وضعها بوضع صحفيين أفغان
BCCcMf-X8tY حصري.. كاميرا فندق ترصد زاوية أخرى بهجوم نيوزيلندا
BCp7IBGuAvM حقائب وأرائك مصنوعة من مواد مستخرجة من نهر النيل.. إليكم ما تفعله هذه الشركة بمصر
BD4KSIVhU4A يوسف الخال: ألعب دوري الأخطر في \
BDJlgeRDgi4 ملايين الأشخاص يعرفون هذه المدينة الكرواتية من مسلسل \
BETbm_0xuaM غابة مقلوبة وسيمفونية ملحمية.. هذا ما ينتظرك في جناح الفلبين بـ #إكسب دبي
BEWIX7okl8M جولة داخل ورشة صانع سفن يقضي وقته بصناعة قوارب لن تبحر أبداً
BEigfGkE1Ec إدلب.. مدارس تقصف وطفولة تسرقها طائرات النظام السوري وروسيا
BG62nnDfB3I بعد أن تعرضت لمحاولة اغتصاب.. أكملت الماراثون رغم الشلل
BGt3MwmM7Hk شاهد كيف حوّلت فتاة أوكرانية صوت صافرات الإنذار إلى فن
BHcrN9SgRBQ إطلاق نار بإشكال بين موكب سياسي لبناني ومعتصمين قرب البرلمان في بيروت
BHkXlnZiqoM الدكتور فاوتشي يقول إنه \
BIx0scntYJ4 المرأة تتصدر تظاهرات لبنان.. \
BJtpnXvxSpo انفوجرافيك.. أبرز المحطات بحياة الرئيس المصري عبدالفتاح السيسي
BJzd6fpThQU واحدة من العلماء الذين مهدوا الطريق للقاح كورونا.. من هي كاتالين كوريكو؟
BKRh7yjRBfM أنفاق كهفية في تركيا تعتبر منطقة جذب سياحي.. نظرة على مدن كابادوكيا الجوفية
BL2uvelvy-o الحشيش في لبنان.. هل ينهي تشريعه المشاكل الاقتصادية؟
BL3w7EykdNA الفطر الأسود يُفقد مريضاً في الهند جزءاً من فكه
BLJ7I5yLR2I ولي العهد السعودي محمد بن سلمان يشارك بقمة الاستثمار
BM2HAmQ1iH4 كيف تتحول ملاعب كرة السلة إلى أعمال فنية
BMNPX7IDWq4 سر الارتفاع الصاروخي لعملة بيتكوين
BMUQea-Bl_Q متطوعة أمريكية تستضيف عائلة أفغانية لاجئة.. هذا ما حدث في أول عيد شكر لهم
BMz4c-VF8I8 البرياني.. من \
BNEEcb5nl7k صوت الشيخ زايد يصدح في إكسبو 2020.. هكذا بدأت قصة الإمارات
BNpldFHaSeM هذا الراهب البوذي هو خبير مكياج للمشاهير أيضاً
BNzQWhCaOTA أحد أشهر المعالم التي تميز العاصمة الجزائرية
BPAjtzGygUE الرئيس التنفيذي لبرايتون ل搌NN: الخسارة والفوز جزء من دراما كرة القدم
BPFZPLLG_o8 هيونداي تكشف عن سيارة نموذجية بتصميم جذاب وأخرى صغيرة للمدن
BPeEl3zlHRw قابل أميرات \
BQBN6MrsRtg قرقاش ل搌NN: إعلان العلا ليس حلاً تجميلياً والتركيز على رأب الصدع في الخليج
BRGQ7WbWuoU شقراء تروي تفاصيل رحلة خليعة مع قائدي الطائرة الماليزية المنكوبة
BRIWz3RUAv4 مصنوع من زيت طهي وملابس قديمة وبقايا طعام.. هذا هو وقود قطاع الطيران بالمستقبل
BRL5BFwboUU ناصيف زيتون: هذا عصر الأغنية الشاميّة
BS2pIt4wrE0 أغراض يجب توضيبها في رحلات السفر
BSlPQxvcM-Y كاميرا CNN داخل مختبرات سامسونج السرية.. ماذا تُعد الشركة؟
BT3gLRE8gc4 هل ينتقل متغير دلتا بشكل خاص للأطفال؟ وما مدى انتشاره؟
BTPFWW-tlh4 ما هو الفرق بين نزلات البرد والأنفلونزا؟
BTZGb8lLqEM هكذا بدت لندن ولوس أنجلوس أثناء جائحة كورونا
BTea_lc5WUc من داخل مستشفى يعالج مرضى كورونا في أحد المناطق الأكثر تفشياً للفيروس بأمريكا
BUQQ3IIMQCE طفلة أردنية تروض الضباع والذئاب المفترسة
BUqX7wVX8iw سيارات تتحول لدراجات نارية وأخرى طائرة.. هذا ما يبدو عليه مستقبل التنقل
BUqfp41jVnQ عسكري أمريكي من أصل آسيوي يخلع قميصه لإظهار ندوب
BVnI60XVszM في لقاء نادر.. شاهد كيف رد مسؤول إيراني على سؤال مذيعة CNN حول اعتقال بريطانيين
BVyHjq2bJCw لحظة اقتحام دبابات روسية أراض أوكرانية عبر بيلاروسيا
BWyENjbiCkw ترامب: السعودية يجب أن تدفع.. وإيران كانت ستسيطر على الشرق الأوسط في 12 دقيقة
BXNfQsXVHk8 هل تسلح أمريكا المعارضة السورية ؟
BYCMR__xYD4 الاجتماعات في عصر التكنولوجيا والحلول الذكية
BYzbI4pfXQk أبرز فوائد وعيوب وضعيات النوم المختلفة
BZXq6aI09a0 حقيقة قتال قوات روسية إلى جانب الأسد تشغل المحللين
B_0cPgLNII0 ظريف: حشد تحالف مضاد لإيران وعزل قطر سياسة خاطئة
B_3mBB4q8sY فرقة \
B_oz9SBipU4 فريد زكريا يقارن الجائحة بالأزمة المالية العالمية في 2008 ويسأل: ماذا تعملنا منها؟
B_tSuDQ_zPc مراهقة توبخ زعماء العالم بسبب المناخ: لن نسامحكم!
BcVkVYXhK0g عشر حقائق قد لا تعرفها عن بندقية كلاشنكوف الروسية الأكثر انتشاراً
BcdDyenzHkM مهد المسيح يحيي قداس الميلاد
BdQFFCSvn7k صدق أو لا تصدق.. شواية طعام تشحن هاتفك الذكي
Bdw5qbjdLh0 بآخر مناظرة بينهما أوباما ورومني يختلفان على سوريا
BfBrPdssmhg الفالح: تداول سيكون الإدراج الرئيسي لأرامكو.. ونركز على الاستثمار المتبادل
BfkAfeNx_yc بايدن يخالط رجلًا مصاباً بفيروس كورونا.. ما الإجراءات المقبلة؟
BhyBxX7dRYo لعشاق المأكولات الحارة.. ما هو سر صلصة السيراتشا؟
BiSt07z0rV0 تطبيق مايندسفير.. تعرّف إلى \
BimH0ppiXsU مطعم تاريخي بجبال الألب لا يشبه أي مطعم
Bix6c7qMVFw أزمة الوقود بمصر في تزايد مستمر
BjbrlxOD1Xw حياة برية نادرة داخل المنطقة الكورية المنزوعة السلاح
BjcQbWEbico نانسي عجرم في حديث جريء: لا يمكن منع الشعب من الثورة.. والتغيير يبدأ منّا
BjoieeMMYZc لن ترمش عيناك وأنت تشاهد أسرع رقص في هنغاريا
Bk83qvabVv4 مقتل مصورة بمقذوف أطلقه الممثل أليك بالدوين.. خبير يشرح كيف يمكن أن يصبح \
BkCN_ojNBVs إعلانات وهمية لفضح الباحثين عن قاصرين للجنس
BkNPoJ5rUZ4 ما الذي يجري في معقل داعش بعد الغارات
BkPPcrotmOs علماء يخترعون هاتفاً بدون بطارية
BkXbn5IGhdE أنور قرقاش ل搌NN: على الفلسطينيين استغلال الفرصة ولسنا من سيدير المفاوضات
BkdZOiR5h4A طائرة بدون طيار تنقل الناس جواً ويمكن التحكم بها عن بعد
BknhWcISSvU كيف سيتغير العالم إن اجتمع الطب القديم بالحديث؟
BmHiwie-Cmw خبير: حماس تحصل على أسلحة من إيران
BndMR_WXTWc عد التوقيفات بالسعودية.. الجبير: لا تساهل مع الفساد والناس ستعرف الأسباب
BorGbGnuimM كاميرا CNN ترصد مواجهات الضفة الغربية.. أعلى حصيلة يومية للقتلى منذ سنوات
Bp-PWY_zDMQ ليزا زيموش تجتاح عالم الاستعراض في كرة القدم باحترافية
BpU5MdqVUQM بـ\
BpoVF2ZjKlo أضواء مسرح الأوبرا في سيدني تخطف الأبصار
BqcMLQlzIVw كيف سيتأثر أصحاب هواتف هواوي بعقوبات ترامب وقيود غوغل؟
BsDYVL75fZ4 مغامرة جديدة.. تزلج بمسار انزلاقي فوق جبال الألب
Bt51Drp5cCY الطفلة العراقية نور.. حكاية فتاة عانقها الزمن ونسيها
BtQHS04G8IY بعد رحلة مروعة.. أفغانيات بفريق روبوتات يتحدثن عن فرارهن من طالبان وما يردنه في المستقبل
BufiYu0bA6M ليفربول بطل الدوري.. 3 عوامل ساهمت بالإنجاز
BugGF7iP5Bo صحراء أمريكية نائية تضم أجمل المناظر الخلابة على كوكب الأرض
BukYIBbSTrQ ما هي Eos منصة \
Bv3ym2q1E5o تعرفوا على إشبيلية.. \
BvNkMAcfWS8 حمص.. بين نسيان المعارك والقتال حتى النهاية
BvfnnpnO6xU أبوظبي من السماء.. رحلة فريدة تقدم لك مشاهد لم ترها من قبل
BxUKqRSY3iE قصر ينحدر باتجاه الهاوية
Bx_FNuBSYeE مفوضية اللاجئين في اليمن: نتطلع لمؤتمر الرياض ولم نحصل على 30% من احتياجاتنا المالية
C-u-RhAuPC8 ريال مدريد.. والكارثة التي تنتظر أن تحدث
C1RyULohL1M تعرفوا على \
C1_WHdrDDIk امرأة أفغانية تلد طفلاً على متن طائرة إجلاء أمريكية
C2Qdgs32BqU طفلة تقع ضحية جرائم الشرف بأفغانستان
C2VgosbtFyI 4 قراءات لثورات العالم العربي قد تؤسس لما هو قادم للمنطقة
C2XFvkeLirM إليك خصائص كونتيننتال GT من بنتلي
C2vQXEtC4F8 علاقة قديمة تجمع بريطانيا بـ“السحلب“.. فما هي؟
C3-SXOALSK8 الزراعة تحت الماء بمشروع حديقة نيمو
C3jWGBoj5ho توقعات لمباريات دور ال񤀖 في يورو 2020.. من سيتأهل لربع النهائي؟
C4eiYOW9FpQ أعظم تلسكوب فضائي حتى الآن
C5y4qSQxj_o لماذا خسرت الإمارات أمام قطر بنتيجة كبيرة؟
C66eOTbhhiw الحلوى بالهيل والزعفران والنكهات.. مذاق العيد بالنسبة للبحرينيين
C6yP0GGa6eQ سانجاي غوبتا يصف كيف اضطر والداه الانتظار في الطابور ل搉 ساعات لتلقي لقاح كورونا
C7ZhzOe1X8o طالبان تسيطر على النظام القضائي بأفغانستان.. مراسلة CNN تُظهر كيف تبدو عدالتهم
C7cwaYBdYE0 ظريف ل搌NN: لجأ الخليج لصدام فهاجمهم ولترامب فقام بحلبهم.. وإسرائيل أسوأ
C96Ohxpon14 لاجئون أفارقة عالقون وسط حرب ليبيا: نحن أيضاً بشر
C9opasiVpMI علماء روس يكشفون لغز حفر غامضة ظهرت في سيبيريا
CAbxAC_biEw ب搅 دولارات والنتيجة خلال دقائق.. FDA تصرح استخدام فحص جديد لكورونا
CAv7trhbDSQ البيت الأبيض يكشف عن زينة عيد الميلاد لهذا العام.. ما قصتها؟
CBcdtJk0w6M تصريحات جهاد أزعور ل搌NN حول إيران والسعودية والإمارات ولبنان ومصر والأردن
CCPpYhFaUTY شقيقة كيم كارداشيان تُفقد سناب شات 1.3 مليار دولار بتغريدة
CCUawgLUGaM اسرائيل: قنبلة وراء حملة التودد الايرانية
CCYZ9uVCsnA هبوط مركبة فضاء ناسا بنجاح على كويكب يبعد 200 مليون ميل عن الأرض
CDaUDaXyeFU روسيا تواصل الانتشار في كازاخستان ضمن قوات \
CDmy4vOZBvw أول نسخة قرآن مكتوبة على الحرير من صنع فنانة أذربيجانية
CEhhtc6p_qo 4 حقائق عن الموز قد تسمع بها للمرة الأولى
CFz8mxhtRuA طفل سوري يدهش العالم بمهاراته في كرة القدم
CGB0qczJaL0 بالجدول الزمني.. ما الأحداث التي أدت إلى إقالة مذيع CNN كريس كومو؟
CGWnKgM5Dfg مخاوف مما قد تفعله روسيا بأوكرانيا في ال񤁈 ساعة المقبلة.. محلل عسكري يشرح
CGWoarWVXbk كيف غيرت التقنيات الذكية حياتنا؟ شاركنا النقاش على #عيشها_سمارت
CGddti_nebA مراسل شبكتنا يعيد تعقب المطاردة الجامحة التي أعقبت اغتيال رئيس هايتي
CGjmJ4QAV4c المشروبات وموقف قطر من المثليين.. ناصر الخاطر يتحدث عن تنظيم بلاده لكأس العالم
CIvrLsgq9qM الإسلاميون بميدان التحرير رفضا لترشيح الفلول
CKuMdH-BhSg بعد التوقف بسبب كورونا.. متى وكيف سيعود الدوري الإنجليزي؟
CLPd6QWVMbM السباحة مع أسماك شيطان البحر في جزر المالديف
CLyrkxHaI-Q مقبرة \
CM5r--BOBpM مراسلة شبكتنا توثق حياتها داخل مركز حجر صحي بهونغ كونغ
CMgV0h0taFo رئيس اللجنة القضائية بمجلس النواب الأمريكي: ترامب ارتكب جريمة ويجب إدانته
CMgkHqIeGjQ فلافل أو طعمية؟ ما أصل هذا الطبق؟
CN-D_QoxCsM هل مورينيو المدرب المناسب لتوتنهام ولماذا وقع الاختيار عليه؟
CN88f1CYfb8 من داخل غرفة العمليات.. كيف تم فصل رأسي هذا التوأم؟
CPdBnxZn8o0 تحب التحدي؟ إليك أفضل 5 ألعاب بورد جيمز استراتيجية
CQCINsJ6Up4 CNN ترصد مدى تأثر حياة الإيرانيين اليومية بالعقوبات الأمريكية
CQpZubyGjyc طفل في الخامسة يقلد مهارات بروس لي القتالية
CQsABuM3od0 كيف يمكنك معرفة إذا تعافيت من فيروس كورونا؟
CROTcWgek4c كارمن لبس: الكذب أكثر ما يزعجني في الحياة
CRS2Q1JgL4o هكذا تصاعدت أعمال العنف في لبنان بأسبوع الغضب
CTCQh8S8dnE أبرز مميزات طائرة \
CTUwvmAbMEg إيطاليا تثبت علو كعبها في اليورو.. ومفاجأة بلجيكية سارة
CUWBWWlwgoQ إليك بعض النصائح للتحلي بالصبر في الحياة اليومية
CUZCiV_6UTE ماذا يعني إعلان أن \
CUchtvT23Dc صور تبين اختبار كوريا الشمالية للصواريخ.. وكيم جونغ أون يعاود الظهور بجسد نحيل
CVKnyHlepsE جولة حصرية لشبكتنا على الخطوط الأمامية الأوكرانية
CX6hqLslJGM رحلة بناء أهم مشاريع العالم تبدأ من ورشة العمل هذه
CX7TQq02buY سيارة ذاتية القيادة.. هل أصبح الحلم واقعاً؟
CXvIBh31F2E ما هي جماعة \
CYMe9qN1NfM بحلة جديدة.. أمازون تطلق \
CYS5VKlXA1Y تلفاز جديد من سامسونغ صمم لجيل الألفية الجديد.. ماذا يميزه؟
CYiZBjiNMZw إسبانيا والهجمة التي لا تنتهي.. وسويسرا تختتم مغامرتها
CZvGGaUhptM قد تفاجئك الإحصاءات.. ما خطر الدول السبع على أمريكا؟
C_PXbR7dEH4 مكفوفة تبتكر روبوت على شكل حقيبة مصممة لتكون رفيق السفر
C_YuNA87Ofc \
C_odKF62jEk ما هي حقيقة صناعة الكانابيديول؟
CaIAMY38Q0M ما أسباب تراجع النمو الاقتصادي في كولومبيا؟
Calzh6J-Src شاهد يروي مأساة إعصار هايان بالفلبين
Cbk22r_5DVM المسار الانزلاقي هو الطريقة الوحيدة للوصول إلى هذه البيوت المعلقة
Cc7FyLWL4mE عازف البيانو زيد ديراني: فخور بـ\
CdSBObthES0 نظارات طبية جديدة قد تنقذ حياتك
CdUTrhN5U6M فاوتشي يكشف أهم أمر يجب تحقيقه للحد من تفشي كورونا
Cdqhfz83pUg صباح الجزائري تعتذر لجمهور \
Cdyu9toXvjQ جولة عبر أجمل المواقع التي يجب زيارتها في عاصمة جورجيا
CeH14LrfPK8 نساء في كوريا الجنوبية يحطمن مستحضراتهن التجميلية.. لماذا؟
Cf1lPA8AmKo اغتصاب جماعي وحشي لشابة على شاطئ مدينة بنما
CfSIJNbw1OI تيلور سويفت من أفضل قادة العالم بجانب مدير أبل والبابا فرانسيس
ChLytiuh0Fo حادثة عنصرية في مباراة باريس سان جيرمان وباشاك شهير
ChRRfC-Y-n4 كيف تنقذ حمالة الصدر هذه حياة الفتيات؟
CheCdz1YPow أهم المدارس الفنية العربية في \
CiOBCIsDxkU وزير الدفاع الأمريكي يعلق على احتمالات إسقاط بلاده الصاروخ الصيني التائه
Ci_N9amz2Dc كيف تتحكم بوزنك في رمضان؟
Cj7OsTEDdAk ظاهرة خلابة تلون سماء ألاسكا
Ck66T7X09q4 مراقبة منشورات وسائل التواصل الاجتماعي أم حرية التعبير.. أيهما الحل؟
Ckmo6dwHCmI ثلاثة طرق تساعدك على دعم مشروعك
Cl7PxAF8Y8w سيدة في \
CmRl-wWWwoU نجمة أفلام إباحية تكشف \
CnJTkAUQCuY روسيا تعتزم الموافقة على لقاح فيروس كورونا خلال أسبوعين
CoHdhLKaYtQ اليزابيت الثانية.. عاصرت 12 رئيساً للوزراء و 7 بابوات
CotWSXRo5fE زوجان ينشران \
CpIYngm_UnE جولة في بار خالٍ من الكحول
CpPiP13I_D0 من هم حلفاء فلاديمير بوتين في العالم؟ وهل يغيرهم ترامب؟
CrJHLw_TrPg زلزال هايتي.. البعض يحاول الحفر للمساعدة وآخرون يبحثون عن الخردة المعدنية ومكيفات الهواء
CsAZ_r86z0I “احتفالات وأغاني” عند محطات التصويت للرئاسة في مصر
CsFfRumyDvQ مصدر ل搌NN: ترامب قلق من احتمال عزله
CsJOqos7fow كيتوبي.. أسرع شركة ناشئة تصل إلى مليار دولار بالمنطقة
CsNEqyT9l9Y نصيحة \
CsQrUq3jt5A هل ينخفض انتشار فيروس كورونا بالصيف ويعود بقوة في الخريف؟
Cu9RxMhT56o كل ما نعرفه عن وليد فتيحي الطبيب السعودي الأمريكي المحتجز بالمملكة
CuHDfuRONqM رحلة فريدة عبر نهر النيل بحثاً عن التجديد الروحي
CuNmLtbcDHY بعد \
CwGdUmPTFps مذيع CNN يذرف دموعه على الهواء بعد انتقادات ترامب لمسقط رأسه
CwW3nrEllq4 زوجان خسرا طفلتهما الوحيدة في انفجار بيروت: لا يمكننا العيش في دولة إجرامية
CxnlW_Uc2hI وسط ارتفاع سعره.. شاهد أثر تعدين عملة بيتكوين على استخدام الطاقة
CzMuukdudp0 صور حديثة للجامع الأموي.. دبابات وجنود ودمار
CzQJqXud4-I عولمة الزي العربي التقليدي..\
D00YFqrxtH4 شاب يقترب من الموت بعد تدخين ما اعتقد أنها مادة الكانابيديول
D16-ejOB_o4 الحواجز الزجاجية قد لا تحميك من فيروس كورونا بقدر ما تعتقد
D1hKh58p8-E بعد فشل الاجتياح الأول.. كاميراتنا ترصد حشودًا روسية ضخمة قرب خاركيف بأوكرانيا
D1j5ymgQh7E قبل ذهابهم إلى وجهتهم الأخيرة.. الأفغان يجدون ملاذاً مؤقتاً في الإمارات
D27XKtKihuw المتحدثة باسم البيت الأبيض توبخ مراسلًا بمؤتمر صحفي: مستهتر.. ماذا كان سؤاله؟
D2eNggFemv8 كييف ترفع درجات الاستعداد للروس وسلسلة انفجارات تدوي في لفيف
D2vfWeibS2E فئران تلعب \
D3tYVN3Yc5g أودي تتحدى تسلا بسيارة SUV كهربائية بالكامل
D4N-Xiz1iuA وراء الكواليس مع مراسلينا لقضية مزادات العبيد بليبيا
D4jv__GRmEY مع استعداد كييف للأسوأ.. مراسل CNN ينقل المشهد من قلب المدينة
D52D-hkgyF4 بين دول الخليج.. إليكم ترتيب القوة العسكرية
D5CGzt52sP4 انظروا مجدداً فهذه شاشة تلفزيون
D5wLGq7ThgM أصوات ساخرة في انتخابات مصر
D60GYjZwBMY للمرة الأولى.. السعودية تستضيف أسبوع الموضة العربي
D64-he9RSuU هل سيعود بيل غيتس لمصافحة الناس بعد كورونا؟
D6fAo8UQUSs طائرات شبح أمريكية تعترض مقاتلات روسية قبالة ألاسكا
D7j5igrXNsw رئيس أرامكو: نقيّم الأسواق المناسبة للاكتتاب ولم نطلب انحناء أحد
D8BwRVDMYWo كاميرا توثق أول مرة يتمكن فيها جدّ من معانقة حفيده بعد إصابته بجلطة دماغية.. شاهد رد فعله العاطفي
D8eXv7-JYHg انتقادات ضد فيسبوك بعدما عرضت عائلة طفلتها للزواج في مزاد
D8hF1pXFmbY مدير أرامكو ل搌NN: فيروس كورونا سيؤثر على طلبات وإنتاج النفط
D8hMMExG408 من داخل \
D8hMvF-lY6E رسائل التوصية وأهميتها للحصول على وظيفة
D9wcdSZRElA عدنان يوسف: ترامب \
DASesxQQzrg \
DBO9um4_pec لحظة انقطاع الكهرباء خلال لقاء سامي الجميل في بث مباشر مع CNN تزامنًا مع سؤاله عن مستقبل لبنان
DBnsLb5KBJA يصل سعرها لملايين الدولارات.. ما سر غلاء هذه الأقلام؟
DEnBPB6_WUY خطط سلطنة عُمان لغزو أسواق الأسماك العالمية بطريقة مستدامة
DFDRWQMSAME شاهد ما قاله بايدن عن أسعار الوقود والسعودية و\
DFDcbx6mwm4 تعرف على \
DFi-GgKS7v0 ليست إلا بموقعين بالعالم.. شق طريقك عبر أدغال رواندا لإلقاء نظرة على \
DFtFnQovsCQ 5 خرافات تهدد خصوصيتك على الإنترنت
DGXIwTjEOfY 10 آلاف دولار وتذكرة سفر.. هدية غير معقولة لموظفي شركة بعد صفقة مليارية
DGtMZDtZS4w تخافون من السمنة بسبب الموز؟ إليكم 5 خرافات عن هذه الفاكهة
DH4tBbq9PqI كيف نشأت داعش وكيف ازداد نفوذها؟
DHWyfc5lCFI ترامب يهاجم مراسل سي ان ان.. وزميله يدافع عنه
DIaQAym8Fx4 كل ما قد تحتاج معرفته عن حفل توقيع اتفاقية السلام بين الإمارات والبحرين وإسرائيل
DJAAlOt8Y04 عندما تعطس الصين يصاب العالم كله بالزكام
DJTqbckh6f8 يوغا تحت الماء بين 30 ألف سمكة في دبي
DKLueqCLiWE شهابي: تقرير CIA فهم دون دليل على علم ولي العهد بمقتل خاشقجي
DKxKG5KmRok عدة مباريات ضمن كأس العالم ستكون في أدغال البرازيل
DL2Hk472V_w وزيرة الدولة للتعاون في الإمارات تكشف ل搌NN آخر استعدادات إكسبو 2020
DLJPZrYyXRo أفران الفحم في هذا المنتجع..طريقتك إلى \
DLQlLsURriU بأحدث إحصائية.. مقارنة بين الجيش المصري ونظيره الإثيوبي
DLYPm2PZgcc بين راقصة الكباريه والـ\
DLqohJQFOsg برج العرب بدبي يفتح جناحه الملكي لأول مرة أمام عامة الناس
DNW9UAQHsRY \
DNv6BqC0Ru8 ما هي \
DPDkkMLDu4w التفحيط في السعودية متعة ثمنها الحياة
DQ02csh5qbM برلسكوني يعلن خطبته لفتاة تصغره بـ 49 عاما
DQmp79KPhNQ بأكثر من ألف عضو.. هذه أكبر فرقة روك على وجه الأرض
DRdVBU2xM60 المحتجون العراقيون يُقمعون بسبب اعتراضهم على البطالة والفساد
DRpv9eiXG_w مراسل CNN يتعرض لمضايقات من الشرطة التركية
DS01MqAhpUc زلزال بقوة 7.7 ريختر يضرب جنوب باكستان
DSyEps3XW-w أكثر 10 جيوش امتلاكاً للدبابات في المنطقة
DT0ycuIsG3g تطبيق جديد لـ\
DU0qIofeIME ضاحي خلفان يتوقع عبر CNN انضمام دول خليجية أخرى للاتفاق مع إسرائيل
DUMBqQm0bBs الصورة الشخصية أول انطباع بسيرتك الذاتية
DW60z-fEl20 نصيحة \
DY336h4W1XQ فيروس كورونا يفرغ شوارع إيطاليا وسط حالة من الخوف
DY67-kcquqA عالم أوبئة تنبأ بدقة بالزيادة الكبيرة في الوفيات التي سببها متغير دلتا.. ما التالي برأيه في الجائحة؟
DYTE0SMKpOY لماذا تسبح هذه الإبل في البحر؟
DYaUX-lbLR0 حديقة مخفية في اسبانيا تساعدك على توثيق سحر ساحل كوستا ديل سول الرائع
DZZ4qiUz8AM تراجع السياحة في الأقصر بسبب الثورة المصرية
DZbXRR0MfIs مظاهرات على أمل حل قضية المعتقلين بفلسطين
D_EW-tfVARM لماذا انتشرت صورة عين ترامب بشكل كبير؟
D_oYra5JQFY رضيع يخرج حيا من الطمي بعدما جرفه الفيضان
Dac7FzfPfxw مراسل شبكتنا يعلق وسط تبادل لإطلاق النار بين البشمرغة وداعش بالموصل
DbSscIPnkXM تعرّف على أهم كلبين في العالم‬
DbySyGlTdMY أسطورة مظلمة تحيط بهذه القلعة.. ما هي؟
DcJEU7JlaMk بعد فشل جهاز التنفس الصناعي.. هذا الجهاز أنقذ طبيباً أصيب بكورونا
DcLCY1GiCOs من \
DcvZyAopyzg آراء السعوديين في الانتخابات الامريكيه: نساء مع كلينتون.. وخوف من حرب
DdBove-0Jeg مصطفى البرغوثي ل搌NN: إسرائيل لم تحترم حقوق الفلسطينيين في القدس
De9MFAW2Eh4 أسنان الانسان من الفك السفلي للفئران والبول البشري
DehAX150k30 حصري.. أطفال يمنيون جُنّدوا من قبل الحوثيين وأُجبروا على القتال
Dei_eOkimj4 طفل ينزلق في حديقة حيوان وتلتقطه غوريلا.. والنتيجة!
DexfNTFN4Ig جنازة رسمية في دمشق ووداعٌ حار في حلب.. شاهد لحظة تشييع جثمان الفنان السوري صباح فخري
DfJuFvo5X0g سعودية تعيد إحياء حرفة \
DfKCLTNSDow آدم غدن.. من أمريكي حفيد ليهود إلى أخطر عناصر القاعدة
DgWecPzyAT0 متجر بلا موظفين في إكسبو 2020 دبي..  وهكذا تُحاسب على ما تشتريه
Dh9M0FYFEgo كان يتخلص منها بالمرحاض.. كتاب يكشف طريقة تعامل ترامب مع وثائق
DhbJmmn0aes رئيس أرامكو: طرح البورصة ب وواثقون من تقدير احتياطيات السعودية
Di3eFaznkVA اعتراف صادم من بيلا حديد ووصف محمد صبحي بـ\
Di5KhXv_bMw العبادي يدافع عن فترة حكمه ويوضح ل搌NN: الوضع في العراق أسوأ الآن
Dj817dpmXSw بشار الأسد يستقبل رهائن السويداء المحررين دون ظهور زوجته
Dj9XuOh43Xs أكاديمي إسرائيلي ل搌NN: سببان وراء حملة تركيا ضد اتفاق السلام مع الإمارات
DjYyk0xyELs هذه التقنية يمكن أن تساعد في تنقية الهواء لركاب المواصلات العامة
DjZFkLZO99g هذا أسوأ مشروب كحولي بالعالم
DkEBovtS7Xc نهر من الحمم يندفع نحو أحياء سكنية في هاواي
DkmsDDS9OfQ هل سمعتم بفطيرة الطماطم الكرزية؟ هذه طريقة تحضيرها
DmUI-8KumKM هذه المرأة في مهمة لإنهاء شلل الأطفال في باكستان
Dn7lsG2KbT8 شربل وهبه يطلب اعفاءه من منصبه.. ومحلل لبناني: ظهر كجندي في ولاية الفقيه
Dnzwls3LWkk شقيقتان توفران سخانات مياه نظيفة بأسعار ميسورة لمن لا يستطيع الوصول إليها في مصر
DpWMs90vB4E كلب يعطس بطريقة هستيرية
DpfIXvPmZjU ما  البلدان التي نجحت في كبح انتشار فيروس كورونا؟
DqKlL07bzbM سيارة \
DqifcYEZZrg أمجد طه: عيسى قاسم إيراني وسيعود لموطنه.. البحرين أفشلت مخططه ضد كل المنطقة
Dqo83Ntiios نظرة على تاريخ بوريس جونسون في الكذب
DrpRNQxyKjE تمثال جديد للمسيح في البرازيل أعلى من مثيله في ريو دي جانيرو
DsI48QAiOJg ترامب وبايدن يتبادلان الاتهامات حول فيروس كورونا في آخر مناظرة بينهما
DsP_O9RQ1kI لبنانيون ل搌NN وسط حطام انفجار بيروت: لن نترك مدينتنا للمحتالين واللصوص
Dsp2k04MWdI ما وراء كواليس أول عرض سينمائي في السعودية
DugOUdcNyHA غالبيتها في دبي.. هذه أطول الفنادق في العالم
Dv1qFt1XdW0 تايلاند تسعى لتصبح مركزاً عالمياً للتكنولوجيا
DvLFJPDIULg ساعة آبل الجديدة.. كل ما تحتاجه بات على معصمك
Dwy9VxR-3uQ اللقطات الأولى من تشييع المخرج السوري حاتم علي في دمشق
DwzVP6bb8Ok دموع بعيني أوباما وهو يشكر زوجته في خطاب الوداع
DxfKIoAydcw المسجد الأزرق.. تحفة مذهلة في أفغانستان
DzWCRspXE2M لحظة تلقي فريق CNN الجرعة الأولى من لقاح كورونا في دبي
E-Bo_ESdBTg كريستيان أمانبور تقدم 7 نصائح لإجراء مقابلة تلفزيونية مثالية
E01530Lh5Z8 مواقع للتواصل الإباحي تشجع على مشاركة الحياة الجنسية
E0UWE7RYwbY خريطة تشرح هجوم شارلي إيبدو خطوة بخطوة
E0gF8DzgCkQ من تصميم شركة زها حديد.. هذا هو أطول مبنى \
E1H9xZWMJnI بلينكن لشبكتنا عن النووي الإيراني: كل الخيارات مطروحة على الطاولة
E1LWBwq8fNM مصور يوثق المنظر \
E2NNWlo0EBc إتمام الخطوة العملية الأولى لتصنيع أول قمر صناعي بأيد وخبرات إماراتية
E3C4pc8OHH4 ذعر حول نزاع إقليمي نووي بين إيران وإسرائيل
E45k2n4tV98 ما أهمية \
E4Y5uYl7-WM مكدّسين في العراء.. كاميرا CNN من داخل مخيم لاجئين في إدلب
E5PHKLb5AJM بعد تبرئة مانشستر سيتي.. هل ستشتعل الحرب بين المدربين؟
E5gTUtU6Td4 تقنية جديدة من \
E73E2Qj5SSM موقع \
E8HrH5YG6lo خبير استطلاعات رأي يأكل حشرة بسبب ترامب
E9mw1KpdjX8 نصائح من رائد فضاء قضى 520 يوما في االفضاء للتعامل مع العزلة
E9stSvLYWLA حصري.. CNN تحصل على وثائق مسربة من الصين تظهر استجابة فوضوية لكورونا
EAESFYbDdtw كيف تساعد \
EBoIMCqTz2s علامة غريبة ظهرت على بوتين أثناء خطابه الأخير
ECewHpnCcXs صور تعكس \
EDmkywyRGNQ لماذا نحب القهوة.. وما هي فوائدها؟
EEYT-IHBIfI ما الرقم الذي سيحطمه عصام الحضري إن اختير لكأس العالم؟
EEz1K-bFu4k صيادون ينجون من أخطر حيوان في أفريقيا
EF5sM6_1ZCY ما الفرق بين الإيدز و\
EFlBzM48zTA شاهد عيان يروي تفاصيل الهجوم الإرهابي على مسجد بنيوزلندا
EGYWwxew8t8 رحلة حصرية داخل ميناء هونغ كونغ
EGqxM7Ld_iQ رئيس مؤسسة دبي للمستقبل يكشف ما تتطلع له الإمارة بمجال التكنولوجيا بالسنوات القادمة
EGxgoZcL-Go شاهد كيف وأين تعرض النجم تايغر وودز لحادثه الخطير
EGzx4eoG_7E جولة مع ندى إلى إحدى موائد الإفطار الجماعي في دبي
EIAbK6eHRsM \
EJ0rpjySocI مليارات من حشرات \
EJKvEtAZ7RE مهرجان الجونة.. أضخم حدث ثقافي بمصر منذ جائحة كورونا
EJYzXZB01hk \
EK6mVOSEpzo كيف تعرض مواهبك الفنية دون وكيل أعمال؟
ELn5r8Kvo0w أحياء \
EMdcNiEEe1A كاديلاك تكشف عن سيارة تقود نفسها على الطرقات السريعة
EPMWrY5KnHM دراسة: الإرهاق مرتبط بحالة مميتة من عدم انتظام ضربات القلب
EPQ3KfZ8c9A أوباما يحاول انقاذ سيدة من سقطة عن المنصة
EPbFs4Yh0y8 سانجاي غوبتا لمنصف السلاوي: لم التسرع في عملية إنتاج لقاح كورونا؟
EPrweHpXzd8 أطفال سوريا يروون قصصا عن ويلات الحرب
EQK_6C5xtyE وزير خارجية قطر: السعوديون مرحب بهم بالدوحة
EQk0i8uLBsE أفضل تجربة لمراقبة النجوم في لاداخ في الهند
ERlNMjGv9vw كايت بيتش في دبي.. ملاذ جديد لركوب الأمواج في الصحراء
ESXIYwRUXKw فتى الزرقاء يعود لحياته الطبيعية بعد حصوله على أطراف صناعية
ETCGlEMQ-RI نائب رئيس اتصالات يستعرض ما ينتظر عملاء الشركة بتقنية 5G
ETJKZ9d_t6w السترات الصفراء تملأ الشانزليزيه
ETbM_SdRGxY هل ستعترف الولايات المتحدة بطالبان كحكومة شرعية؟ بلينكن يوضح ل搌NN
ETq6XG11e8I مصور يبرز جمال أكبر قبة مسجد بلا أعمدة في الإمارات من الجو
EUoqRmW06C4 \
EUsUYq8wJt0 هوائية أم نارية؟ اكتشف اذا كان بامكانك أن تقود هذه الدرّاجة
EVR0FXyguvM أفضل طرق تناول وجبات طعام بأمان مع العائلة خلال جائحة كورونا
EVo1cuYOz3I هل يقلل تصغير الثدي من خطر الإصابة بسرطان الثدي؟
EVyhs-YkZIw سنودن في أول حديث للإعلام الأمريكي: دربوني كجاسوس
EWAJfSFdEmE تقرير من داخل مستشفى إيطالي لمحاربة فيروس كورونا
EWH9NaSSvHQ أصل \
EXByRIIxouY تعيش لأعوام.. تصل كلفة هذه التصاميم المصنوعة من الورد بدبي ل񤂀 ألف دولار
EXgrrTvK438 بايدن يتوعد المسؤولين عن هجوم مطار كابول ويتعهد بـ\
EXpItfLRGjE تمارين رياضية باستخدام الكرسي لمن يجلس أمام الكمبيوتر لفترات طويلة أثناء العمل
EY7AVAa_894 أقوى نساء العالم تتواجدن في غرفة واحدة
EYe-9YNOVbc أربعة أجيال من الأمريكيين السود: نحن عالقون في كبسولة زمنية
EYt71MNUajU ‎أي النوادي الصحية أفضل لك؟
EZ8YP346Na4 لبنان يبحث عن \
EZV-A9ULJww التعصب التقني بين المستخدمين.. من المستفيد من هذه الظاهرة؟
EZwnwPwQXlA كيف تطمح \
E_Idt9VYu8g هل يمكن أن يقلل تناول الأسبرين كل يوم من خطر الإصابة بأمراض القلب؟
EaWs0U13W8U كيف تحول دبي \
EbG2mLCS_3k شاهد أول دمية باربي ترتدي غطاء للرأس
EbxRBUYR1zE عرائس هذا المجتمع ترتدين الفضة من رأسهن لقدميهن
EdCBAlhZb00 انسوا المدينة.. جولة داخل دبي الحقيقية
EdI_aXI6JCc سباق السياحة الفضائية بين موسك وبيزوس.. من سيفوز؟
EdWAr1wL05w \
EdYvNGDYmUM مايك بنس يزور فجأة عناصر الحرس الوطني في مبنى الكونغرس
Eda-i1_U6gc أبرز مواصفات هواتف آبل الجديدة آيفون 11 񤠑 Pro
Ede5YF6mWfw الذكاء الإصطناعي ودور \
Ee43wtPYfTE مشاهد من داخل كبسولة \
EfZ9u2UUV9s شاهد ما حدث عندما تحدى مذيع CNN مدير \
EhC9LCGIDMc طفل يعبر عن جوعه وألمه لوالدته وما بيدها حيلة.. هذا هو اليمن
EhSg2PuLrQM مطلوب.. أنثى لآخر ذكر سمك من نوعه
Elf3doN8k3E رهبان جورجيا يصنعون نبيذاً يحصل على جوائز عالمية
En0wcD9zUCU على متن مروحية  هذه الممرضة في مهمة لتطعيم سكان جزيرة معزولة بأكملها
Eo1H6PBuTHE كيف يمكن استخدام العلاج الجيني في التعامل مع مرضي باركنسون والزهايمر؟
Eo26nDZcPYU من قلب طوكيو.. إليك أفضل حلويات اليابان
EoVdxEFMvIA رولز رويس تكشف عن “شبحين أسودين” لجذب الشباب وكسر القواعد
EoVuPOOVZ9c كريستين لاغارد تتحدث مع CNN عن النساء في المناصب الإدارية
EoW71yAQ0hg \
ErmWMCUNZ70 كونداليزا رايس لشبكتنا: بوتين أساء التقدير وأدى إلى رد فعل لم يخطط له
ErtAvwFlqkE نُقتل بصمتكم.. طفل سوري بنقل معاناة سكان الغوطة الشرقية
EsBLc6lIOhI هذا المطعم التايلندي يقدم الماريغوانا في أطباقه ومشروباته
Esz9wxZk7jQ نقل مراهق للعناية المركزة بسبب تدخين السجائر الإلكترونية
EtI-feytQNM توجيه اتهامات لعارضة أزياء برازيلية زعمت اغتصابها من نيمار
EtMTXq8jkAo خطاب “حالة الاتحاد” الأول لترامب.. ما هو رد فعل الديمقراطيين؟
EtRpK12h3Kw كيف يُصنع الجبن البلدي المميز في تعز باليمن؟
EtSjMnBnqao أهم المقتطفات لخطاب فوز ترامب بالرئاسة الأمريكية
EugtQ5QZ_OE قرية يمنية تتربع على صخرة عملاقة.. شاهد أين يعيش سكانها
EuhYPcI-Bf0 أنقذت قطط قرية بأكملها في تايوان؟
EuwS7ISI9aY هذه هي عاصمة العالم للسحر
EvQfyiyR1fM شرب القهوة يومياً قد يقلل من خطر الموت المبكر.. إليك فوائد الكافيين
EvSXySA4r4o \
Ew6Vm-cMwh4 5 خرافات عن الأسلوب الأمثل للتعامل مع الأطفال الأذكياء
EwDV9rbJK6I صور نادرة لمخيمات اعتقال مسلمين لا تريدك الصين أن تراها
EwZFdajMYj4 الرئيس التنفيذي لطيران الإمارات: لا دمج مع \
ExEUhTFLf2g ترامب يصف \
ExPZvWbHlIc تصاميم مبتكرة لتغيير شكل أحذية الغولف وتحسين الأداء
EyCzvvfianU مشاهد حصرية ل搌NN لأكبر انسحاب للقوات الأمريكية من سوريا
EyOFYGmSd-U هل يغرق العراق من جديد في مستنقع الطائفية
Ez6np6ZgabA إليكم ما قاله الممثل أنس طيارة عن دوره في \
Ez957HAkvO4 سيرتك الذاتية والانطباع الذي تتركه
EzD76LFRPLY شاهد كيف ستطلق \
EzZHmrxEoS8 الخيارات المتاحة في بريكست أمام حكومة بريطانيا
F-EFqr_Z7sA بعناصر آسيوية وعربية و\
F-Svof1_wHM هذه نسبة الإصابات بكورونا بالأماكن المفتوحة.. هل يجب أن نستمر بارتداء الأقنعة؟
F07Ywkkl3Io تُحضر عبر الشواية.. تعرف إلى سلطة \
F0LMI8l-9X8 الحولة رمز جديد للمجازر في سوريا
F18Td9Y2H-k محافظة المركزي الماليزي: لم نبحث بالإمارات خطة الدمج المصرفي
F1QBk5d3qeA داعش تتوعد بتسوية المقدسات الشيعية بالأرض
F1XHf7wXHsg أردنيات يتظاهرن من أجل حق المواطنة لأبنائهن
F2Hw7kWjCII لم يشهدوا أبدا \
F2LHXVadDLQ مثل التدخين.. الجلوس قد يقتلك
F2dIurJ1HNg ما الذي يحصل عندما تخلط بين الواقع والخيال؟
F2hdnpcVgtI من السحالي إلى نواة خوخ.. هذه أغرب \
F3COYBCZBso ماذا سيحل ببوتين إن قرر استخدام سلاح نووي؟
F47eMXBG6ww طفل يروي قصة اختطافه وتعذيبه من داعش ويقول \
F4YgFpcE_2g عنكبوت يهاجم مذيع طقس.. على الهواء مباشرة!
F5LfYAKwSdY حصريا.. مع المساعد الأول للطائرة الماليزية قبل اختفائها
F5YE9FspDhE بعد سلسلة من الأزمات.. تعرّف إلى خطط البحرين الاقتصادية الطموحة
F5r-DIrcgGY سلاح الجو السعودي أمام نظيره الإيراني.. لمن الغلبة بالسماء؟
F5tr4V9pA7k كيف أصبحت منطقة البلطيق مقصداً للمهتمين بالبلوك تشين؟
F6mcGbzdewk مصادر ل搌NN: ميلانيا ترامب لا ترغب في العودة إلى البيت الأبيض
F6ykT2_l6yQ جبل جليدي فريد بشكله يثير دهشة \
F7CVUfe42Dw تطبيع البحرين مع إسرائيل يثير التكهنات حول موافقة السعودية
F7UYW0ceTWo معدل وفيات الأطفال بسبب فيروس كورونا بالبرازيل أعلى بكثير مما هو في أي مكان آخر.. ما السبب؟
F7klRr3yGH4 تحرك مصري لإغلاق أنفاق غزة بعد هجوم سيناء
F7oKBkcA4WM من الذي انتقد علاء زلزلي ويسير على دربه الآن؟
F8y0srQtoGw نجم صغير يرسل أكبر توهج على مدى التاريخ
F92FcgPySh8 \
FB3CE4ilmvg متظاهرون لبنانيون يطلقون \
FCCp5cMPm88 غضب الشوارع يعرض أماً لأربعة أطفال لإطلاق نار
FCNvD_NxmpM تعرف إلى فن “القط العسيري” في السعودية
FD2p2kMf8pY \
FD3kvnzRq_U لماذا يملك هذا الرجل 2371 هاتفاً نقالاً؟
FDMaI69FWQU جدل حول تسجيل مسرب لترامب يرحب برجل أعمال من دبي
FDkydOS5IGk أصغر وزيرة بالعالم: ما تفعله الإمارات قابل للتكرار بالمنطقة
FDlMEkHpIes مع استمرار سقوط الليرة.. لبنانيون ل搌NN: تكلفة المواصلات باتت تتجاوز قيمة الراتب
FEBuQTjkMwA وزير المالية السعودي: الإسلام المعتدل يشجع الاستثمارات
FETItzqw2ts إطلاق أول \
FEvqTPA5v7Y حسن يوسف: مهرجان دبي السينمائي يتميز بالتنوع
FFRjdFNqHQQ عوامل تزيد من خطورة إصابة ترامب بكورونا.. ما الإجراءات التي يجب أن يتخذها؟
FFaaDg-Ik04 في هذه المدينة السويسرية تُصنع أغلى الساعات في العالم
FGTIlvNLX_s السوري حسن عقاد.. من الحرب الأهلية إلى مواجهة كورونا في مستشفى بلندن
FGgFWdixnEQ تحذير أمريكي لروسيا: سيدفعون ثمنًا باهظًا اذا اختاروا الحرب
FGhmcotpJ7k رحلة عبر \
FGmYq8iQ8vk أحذر.. أربع طرق تصبح فيها الأنفلونزا فيها قاتلة
FHI-gX3xntM حالة نادرة من التوائم الملتصقة.. قلب واحد ودماغان منفصلان
FI72IUlGbr8 بمناسبة شهر الصوم.. ما أصل كلمة رمضان؟
FKGhF9r7mVg \
FKbHuvegWXE ما مقدار زيادة الراتب التي يمكن أن تطلبها من رئيسك في العمل؟
FKxXeHTvLj8 \
FLjO6kD4UNo شاهد ردة فعل طفل لحظة سماع صوت والدته لأول مرة
FLkgAuhIv1k 4 كوميديين عرب يفتتحون 2019 بعرض \
FLt2PI2AxhU هذه المواقع تجعل أوكرانيا وجهتك السياحية المقبلة الأمثل
FMDbkGUtu1E إسلاميون وليبراليون بميدان التحرير ضد \
FN-W2lsNh70 لقاء مع عائلتي الإسرائيلي والفلسطيني الذين أشعل مقتلهما المنطقة
FNqQOnypjiA الملياردير الإماراتي حسين سجواني: هذا هو شكل علاقتي بترامب
FNqZUHXuKhk نببيل الرنتيسي من تجارة الأسهم الى الشطائر
FO6CUBRgS1E خلفان يتحدث عن المبحوح وبشرى الأسد والشيعة وتويتر
FPLZejKWmY4 مهاجرون إثيوبيون يخاطرون بالعبور عبر اليمن للوصول إلى السعودية
FPmBBMR12Lw هل أضرار الإغلاق أسوأ من فيروس كورونا نفسه؟ هذا ما يقوله الخبراء
FQAlKI-07Tc 4 دول تخلت عن الدولار في تعاملاتها التجارية.. تعرّف عليها
FRlmHXxLAGQ امرأة تُصاب بفيروس كورونا مرتين.. كيف حدث ذلك؟
FT4G8q2xtkk نجاد: من حق إيران الدفاع عن نفسها
FTXwJZ1C5xo اكتشاف بقايا إنسان نياندرتال بإيطاليا تعود لعشرات الآلاف من الأعوام
FTyw3BO2Ias لماذا لم يحاول الجيش الأمريكي توسيع المحيط الأمني حول مطار كابول؟.. بايدن يرد
FUDxhIxsqPQ ما رأيك بقرار وقف خدمة اليوتيوب لمدة شهر في مصر؟
FUvEOn54Gjw جرب هذا الروتين قبل النوم لتحصل على قسط جيد من الراحة
FVYC0_aNdAE كيف حوّلت هذه السيدة شكلها لتشبه 100 وجه من مشاهير العالم؟
FWEW1XLqjyY كيف تأثر قطاع التجزئة في دبي بجائحة كورونا؟
FXoPTvYeG7Y بدلة تجعلك تطير بنفسك أينما أردت
FYCaJn5l8j0 مع تراجع سوق الهواتف الذكية.. هواوي تزداد شعبية
FYSDZzR046M دوقة كامبريدج تجذب الأنظار أينما حلت
FZ5qdqhwzy4 شجار عنيف داخل حافلة متحركة
FZgtu3B3WP8 دراجة كهربائية تدور بكبسة زر من هاتفك الذكي
F_8i8Wf3870 هل تعرف كيف يعمل دماغ سائق السيارة؟
Fa6u2E8rHVg سيدة تُرجع مقعدها للوراء.. وردة فعل رجل وراءها تجتاح مواقع التواصل
FaQ_mlertT8 المتحدث باسم الكرملين: قمة بوتين وبايدن سببها المستوى الحرج للعلاقات بين البلدين
Fb1oJZ_c1lg أكثر أفلام الرسوم المتحركة تحقيقاً للإيرادات
FcHqJ-M2BNs هل شاهدتم \
Fd7-vwe3nrE \
FdW6ARtv6tU مواجهة بين مذيعة CNN وجبران باسيل: أنت تجسد الفساد بالنسبة لملايين اللبنانيين.. فكيف رد؟
FeU-oySxejI هل يجد متوسطو الدخل شققاً سكنية بأسعار معقولة في دبي؟
FezC4PlLLB4 كيف تتابع آخر مستجدات العملات الرقمية عبر تيليجرام؟
FfT5nbhAIB0 كشفتها لقطات الأقمار الصناعية.. شاهد كيف تحاصر القوات الروسية أوكرانيا
Fh9v1nKuR4E ما هي الدولة العربية ذات الطعام الألذ؟
FhZPBqvzOaw أول خطاب لنانسي بيلوسي بعد عزل ترامب للمرة الثانية.. هذا ما قالته
FhgTWfUfXHY ارتداؤها قد يدفعك للفوز.. ما سر هذه الخوذة؟
Fhp4j23xcK8 الفسيخ المصري قد يؤدي إلى التسمم والموت
Fipsa8eVafs مهرجان طعم دبي.. ما بين التذوق والرقص
FixdOiRw-wc المرض الذي يدمر أقوى وأكثر أعضاء الجسد إذهالا
Fj4NSi1wpN8 احذروا هذه الطفلة.. تتعرى لاصطياد الرجال
Fj7iPg278QQ مستوحى من هروب من السجن.. هل هذا أصعب سباق بالعالم؟
FjcFIMybZj8 شلل الأطفال يعود لسوريا بعد أن اختفى القرن الماضي
FkWAUEzQ-dg طاه يبتكر طبق \
FkwxDWyZ4B0 تقرير: قاتل أسامة بن لادن يعيش حياة سيئة
Fm83svgIGcI بعد رفقة دامت 32 عاماً.. هل سنودع برنامج الرسام قريباً؟
FmEiDmtpv8c هل تتلقى لقاح كورونا عندما تمرض؟ وكيف تتأكد من حفظه في درجات الحرارة المطلوبة؟
FmOTR7rM29w نيوزيلندا تستذكر ضحايا المسجدين برقصة الهاكا
Fnx_6W57k2w في دبي.. انتاج الذهب والفضة من النفايات الإلكترونية للشرق الأوسط
Fnxenk9z7lY كوابيس الأطباء في ليالي شيكاغو العنيفة
Fo0FZ8wzNlU الولايات المتحدة تشهد عودة في حالات الإصابة بفيروس كورونا
FousoQ-iRXI شاهد رفاهيتها.. أوروبا تطارد يخوت أصدقاء بوتين \
FpYS4o3Z5B4 مركز علاج يستخدم القرود لمساعدة الأشخاص على استعادة الحركة
FpwdqEE9kYQ غسان مسعود: فخورون بما قدمنّاه عن \
Fq8o2CIFbwo مغامر ينقل رياضة المشي على الحبال إلى مستويات أكثر خطورة
FqCOWTX7XwU المكسيك تأمل إحياء السياحة مع إعادة افتتاح مدينة تيوتيهواكان الأثرية
FqKmnaBDR6E تحذير موظف في بوينغ قبل تحطم طائرة 737 يبرز في الكونغرس.. ماذا قال؟
FrDqehkXQd4 سفير الإمارات لدى روسيا: إغلاق قناة الجزيرة مطلب حاسم من قطر
FrIKHV-uFlM فن صناعة العيون.. هذه نوافذ الروح
FrS_zT1aAH4 كاميرا CNN ترصد حصار قندهار من قاعة حفلات زفاف تحولت لجبهة قتال أمامية ضد طالبان
FrdjfkZ_-8o على أصغر وسيلة نقل.. مغامر أسترالي يقطع مسافة 4 آلاف كيلومتر
Frek8Jm9-5U الإعلان عن موعد افتتاح متحف اللوفر في أبوظبي
FryP1wuVT6w وزير الذكاء الاصطناعي الإماراتي: إسرائيل شريك مذهل ونحاول أن نصبح سويسرا الشرق
FsHBLxzKlLs مواقع التواصل الاجتماعي وتأثيرها على علاقات الحب
FsRqsQmo2l8 كيف يمكن أن تعيق الكمامات انتقال عدوى فيروس كورونا بشكل فعال؟
FtDvFKOIigQ كيف أنقذت خدمة إسعاف بدراجة نارية حياة الآلاف في ريف الهند؟
FtYhCTVJiIM محللة سياسية: ترامب دفع لممثلة أفلام إباحية أكثر مما دفعه كضرائب
FteabS2_DjQ كيف يمكن لحيوانك الأليف مساعدتك على تحقيق أهدافك الصحية للعام الجديد؟
FtlUphIPIcs أقليات مصر قلقة من فوز مرسي
Fu1jZIqHjF8 هل تشعر بالقلق حيال العدوى من الوجبات السريعة أو البقالة؟ إليك هذه النصائح
FuGi4L85J2U احذر.. فيروس كورونا ربما يتنقل معك يومياً دون علمك
FuJ63bPUfsY اسبح مع أسماك القرش الهائلة العدد في هذه الجزيرة
FwiCfxHa0o0 \
Fwj7Pw2BahE متحدث باسم طالبان ل搌NN: اتفاق السلام مع أمريكا \
FxWDTVbbb-k ساندرز تنفعل بعد سؤال لمراسل CNN عن اعتقال مساعد ترامب
FzMan4FklI4 القوات الأمريكية تتأهب لحماية سفاراتها بعد القرار حول القدس
FzMuF8nZQro ناصيف زيتون في أول رد على جورج وسوف: معه حق
G-EtYp-Oqko 8 تمارين تساعدك على الاستمتاع بجسم صحي
G-R7BqXjPlg هل يمكن أن تساعدك ASMR على الاسترخاء؟
G0bin9zNqoo ما هي أعراض الإصابة بالنوبة القلبية؟
G0nC5WhuJzA شابة ترسل آخر رسائلها من “شاحنة الموت” لوالديها
G24O2uH9va8 هاجم جيش من النمل الأبيض منزلها..فواجهته ببيت مرايا في الكويت
G2Mpi0iwwwg نوكيا تعيد \
G3xyHV3_ae8 خبير يوضح ل搌NN.. هل أصبح اللقاح الروسي جاهزاً للحماية من فيروس كورونا؟
G4Nf92gg5E0 والد مهووس بألعاب الانترنت يتجاهل ابنه فيموت جوعاً
G4Y2zo-MrKc رد فعل مذيعة CNN على الهواء عندما شاهدت سانجاي غوبتا بقصة شعر جديدة
G56X-eHPgx4 هل تعرف أين يقع \
G6TUfl7fV5s أبرز فوائد الشاي التي تميزه عن غيره كمصدر لمضادات الأكسدة
G6viywjYOn8 إليك أفضل سائق دراجات جبلية أعمى
G7e65050ESk امرأة تنجو بأعجوبة من حادث شاحنة
G7lGzb0zGPo توقيع المرحلة الأولى من اتفاقية أمريكا والصين.. هذا مضمونها
G887nCkoruo بايدن: رفض ترامب التنازل عن الرئاسة أمر محرج
G9ICGY9D2_w اليابان \
G9VeR3HYxoo شركة تحول مرائب السيارات إلى منازل بأسعار معقولة
GAJYZFidZfU شاهد.. نجاة رجل من السحق بسيارة مسرعة خارجة عن السيطرة
GAZd6fMbceM رجل يعلق بطائرة بعد أن نام فيها
GCgPTTZSncc كيف يستخدم عناصر \
GEMNdVWu1Nc إعادة ترتيب منزلك قد يساعدك على العيش لمدة أطول
GEN1OS11gJE سعودية تدمج البدوي والعصري بأرجوحة \
GEjS98DkUDg جولة في إحدى أكثر الأماكن انغلاقاً بالعالم.. كوريا الشمالية
GFaidGeS5q8 رأس ترامب على جسد \
GGVEK74GYKE لهواة تربية القطط.. إليكم 5 خرافات تواجهون بها منتقديكم
GGasBzeri8Y قفز بالمظلة على سيارة أثناء تحركها
GH4Uw7uWW_w طالبة ذات 14 عاماً تحل مشكلة \
GHvWMPIqwfM روسيا تستخدم حيتان للتجسس
GIBky4UJOi8 من ساحة الشهداء في بيروت.. \
GIDSiVoMRLw وُصفت بـ\
GIP3jWaotxY عشراوي: قرار ترامب بشأن القدس يخترق السياسة الأمريكية وينحاز كلياً لإسرائيل
GJTLYx1eHyY إلغاء رحلة طيران بعد عودتها 3 مرات إثر الإقلاع
GK2qCioFnN8 افتتاح أول نصب تذكاري لقدامى المحاربين الأمريكيين تحت الماء
GK8nisSet8Q بسام الملا.. المرور الأخير لـ \
GKINDWqNOu0 هذه السيارة قد تصبح الأسرع في العالم
GKNP6uPcbTc كارولين صيقلي تمزج في أزيائها بين الإرث الفرنسي والأمريكي واللبناني
GKuL6_6YI5c أكثر من 100 طبيب وممرض يغنون بجوقة عالمية لدعم العاملين بالصحة
GL-GQlSAB9g هل يعبد الهندوس 330 إلهاً؟ 5 خرافات عن الهندوس وآلهتهم
GLBxUJLxetY \
GMOnyrkIcbA مشجعات ريال مدريد يحتفلن بفوزه بدوري أبطال أوروبا
GMl-W-ljU_w هل تحتكر غوغل الإنترنت؟ شاهد الفيديو واحكم بنفسك
GN2Zm1d5RZk مهرجان سينمائي يقدم \
GNfzoZnwi4Y أزمات صحية حرجة.. العالم العربي يودع أيقونات فنية خالدة في 2021
GO7C834_lHc واحد من أصعب الأعمال في العالم.. داخل فوهة البركان
GOOVCvXOhYA أول كفيفة تترشح للانتخابات البرلمانية في الأردن تثير ردود فعل متباينة
GOVlW7Oybjk الأزمة السورية: هذه هي المأساة التي يعيشها الأطفال
GOlxWy4uQlM شاهد كيف رد نتنياهو على هجوم ترامب عليه بسبب تهنئته بفوز بايدن
GP-bxiNUZhc متاهة تتربع فوق مهبط طائرات برج العرب في دبي..ما سرها؟
GPR1abXDXHc هل انت مستعد لشراء متابعين لك على موقع تويتر؟
GPv53sUFTXE جولة في المدينة المظلمة التي أصبحت مقراً لعيد الميلاد
GQErohtngtQ شرطي خارج الخدمة يرصد لصًا مسلحًا أثناء عملية سطو قرب برشلونة.. وهذا ما قام به
GQadaczBoEE فيديو جديد يظهر آثارًا مروعة لهجومي محيط مطار كابول
GRHrAUoMKYU ترامب: على اليهود ألا يصوّتوا للديمقراطيين
GRtob-91XLQ لماذا يجب على كل شركة أن تستفيد من مواقع التواصل؟
GRvdjbsiRV4 هذه أهمية شاي الأعشاب في رمضان
GS2UnpbOu-M انطلاق أول مهرجان مناطيد في \
GVRcCB613Zc كيف أصبحت \
GYV0CsCZ9ck \
GYuePKx6iUE هذا ما يحتاجه كبار السن بظل انتشار فيروس كورونا
GZMSFLt3QjQ آثار المظاهرات العنيفة في بالتيمور
GZs8Z_gIDuw هل سنتخلص من شاشات التلفاز قريباً؟ إليك نبذة عمّا قد يحصل لها مستقبلاً
Ga-D24N0vvA الروبوتات.. وحشٌ مرعب؟ أم صديق لطيف؟
Ga29DFxdlS4 نظرة داخل أول مستودع منتجات يعتمد على الروبوتات في الشرق الأوسط
Gb9zVnDqPGE عنف بالقاهرة بذكرى محمد محمود
GcO0vMJ4PCo حسين المجالي يتحدث لشبكتنا عن بيان عشيرته الذي وصف اعتقالات الأردن بـ\
GcePd8h8edo ما هو الـ\
GcgAWTR0lew صائدة أفاعي تصف كيف تصطاد الحيوانات المفترسة باستخدام يدها فقط
GdUwZhYKLUM رجل يبتلع أفعى كوبرا
GdsM34yLxOs زوجة البريطاني المحكوم بالمؤبد بالإمارات: رجل غير مؤذ
GeNyOKBQrnU اشتباكات وسط احتفالات الفلسطينيين بالهدنة في المسجد الأقصى
GeO_SAqX_t8 سماعات يمكنها ترجمة الكلام للغات في ثوانٍ فقط
GfbvVMMg4cU كيف يمكن لجهاز تتبع اللياقة هذا التنبؤ بإصابتك بالإنفلونزا؟
Gfzs9EoAex8 في سوريا.. تخاطر بحياتها لتوثيق الحدث
GgTTkwyherc أمنية \
GhEWa1y8E6s لماذا يعتبر خبراء الصحة \
GiEnVPyWxuc اكتشف فن تحريك الدمى في هذا المتحف بأمريكا
GiKCaytribo هكذا يمكنك قضاء إجازة صديقة للبيئة في مصر
GiKK3Eix4aE مباني \
GivHCLxWdzE انترنت الأشياء.. ما هو وما فائدته في حياة البشر وكيف يتخذ قرارات نيابة عنهم؟
Gj3WD3P4YM8 لما تعتبر هذه البطاطس الأغلى بالعالم؟
Gk7jR9rUPnU \
GkTND45_ZLo أضخم أثر لقدم ديناصور في العالم
Gljv6m56KOQ مساعد ترامب: قيود إسرائيل على الفلسطينيين أمنية وليست احتلال
GmOqWyWCyLI بعد أزمة نوفاك ديوكوفيتش.. مدربه السابق: إنه بموقف فظيع
Gm_Y5zwWr6E شاهد حالة الشوارع خلال تفجيرات جاكرتا في اندونيسيا
GmrJXGEObwg هذا أبرز ما نعرفه عن سلالة كورونا في الهند.. وهل تحمي اللقاحات منها؟
Go29DI7dyNk ميت رومني: ترامب سيفوز \
GoVJLHbWnpA هل جربت متعة التزلج على الثلج في دبي؟
GoyQAnEU7GY رجل ينعش قلب سنجاب ويعيد إليه الحياة
Gp7w7y_nMTI كيف تحمي بطاقتك الائتمانية من القرصنة؟
Gq_flbX88Z4 سوري تعرّض لتعذيب مروع وقُتل على يد مرتزقة روس.. وشقيقه يتحدث عن المأساة
GrsRAW6xRCc توتر بمصر بعد رد العزل
Gt768Hg2Fy0 ما هي منظمة أوبك؟ وكيف أثر انخفاض أسعار النفط على المنطقة؟
Gu8lo8ryYj8 بعد هروبه من اليابان.. كارلوس غصن يكشف حقائق تُذكر لأول مرة
GuPzSZ6ku2o كيف وصل آكلو لحوم البشر إلى أمريكا؟
GundZsWAgQA نظرة داخل أكبر نموذج مصغر لسكة حديد ومطار في العالم
Gv8Sin2tLcU وادي رم.. من أبرز مواقع التراث العالمي في قائمة اليونيسكو
GvbvH1lcKuM من ستكون نجمة عارضات الأزياء لهذا الموسم؟
Gvtdo32XEuc نتنياهو: تحدثت بالإنجليزية ليعرف العالم حقيقة #إيران
GwG5e7WtILM وادي رم.. تحفة فنية نحتتها الطبيعة
GwKAqPU83RA مؤلف كتاب “النار والغضب”: عدم الشك بأهلية ترامب العقلية.. استهتار
GwdkOKkpG3M سكايب: جدل حول ظاهرة زواج القاصرات بالمجتمعات العربية
Gwsw6Zhd_pc مطعم فاخر ب دولار للطبق يُطعم المشردين في الدنمارك
Gx4D82bUhro بعد استقالة 4 وزراء.. التظاهرات في لبنان مستمرة
GykO_HhLWLo رحلة الهولوغرام.. تجربة فريدة من نوعها لجولة افتراضية في السعودية
H-0M3s4qm9U فتاة تصور عملية إجهاضها لحظة بلحظة
H004Vq_-LUk ناجون من الفلوجة.. أطفال يعانون وعائلات حولها داعش لدروع
H16x-_Hirj8 الكوميدي الأردني نبيل صوالحة يأخذ ريتشارد كويست للسباحة في البحر الميت
H1dwMi0KeZY كيف تتخلص من رائحة الفم الكريهة؟
H1hA4i3Vbtk نظرة حصرية من مسرح جريمة القتل المحتملة لناشط بيلاروسي بأوكرانيا
H2VC4Nuvw1A رئيسة البرازيل عن المباراة مع المانيا: كوابيسي لم تكن بهذا السوء
H2XMHRJvODo بوستر.. أفلام \
H3T8PTuzgZs ملوك \
H4NgwSokUSk ماذا لو انقطعت الكهرباء في البرازيل أثناء كأس العالم؟
H59piowFd7o جو بايدن: إطلاق لجين الهذلول الفعل الصحيح
H5BM-CPfjVo اكتشفوا كيف يخبئ الأغنياء مقتنياتهم الثمينة
H6UUAWC_zA8 ادخل بتقنية 360 درجة لداخل الهرم الأكبر لتتعرف الى لغزه الجديد
H6rw5mV9SP8 تغييرات جوهرية في لهجة ولي عهد السعودية محمد بن سلمان
H7-RoDQIdRg أكبر قفزة عملاقة فوق الأمواج
H85gRWtLUeY 24 ساعة مع أطباء وحدة عناية مركزة ببريطانيا يكافحون كورونا
H8GoWwZmwhw جولة داخل حديقة دبي المعجزة بمساحة 13 ملعب كرة قدم
H8eexA3ixpo رئيسة تايوان لشبكتنا: لدينا \
H90d3lDjm9E منافسة إيرانية أمريكية بحلبة المصارعة
H9Ae2eCQcnw حمية غذائية وبرنامج رياضي لكلب يعاني وزناً زائداً
H9UWDyQRATw لحظة محرجة بين ترامب وميلانيا في إسرائيل تشعل تويتر
H9jegzUAtfk جولة سباحة في \
H9oXjE_rmgs أبرز ميزات هاتفي iPhoneXS و  iPhoneXSMax
HANlyhEshFg ما هو \
HAhPpQ-J-qE بين مصر وتركيا.. لمن تميل كفة القوة الجوية؟
HBIb7ORAsXU انهيار اقتصادي تاريخي في لبنان مع استمرار معاناة المواطنين
HBQ3Aw8sDus استمرار الاحتجاجات في لبنان رغم \
HBWbzgbAQcA جميلة ومذهلة.. تعرف إلى أكثر الحمير الوحشية المهددة بالانقراض
HBt5gRqzUkc صراع على عسل مستخرج من نحل قاتل ومقاوم للأمراض
HCBn2aNeKGI ما هي عملة الايثيريوم الرقمية؟
HD3GWVLRXRk هل يمكن للطب البديل علاج السرطان؟
HFLz62Jcyaw ما الفرق بين الطقس والمناخ؟ ولمَ تتساقط الثلوج رغم الاحتباس؟
HFUNJYIHC2A الهند تكافح ضد ارتفاع حالات \
HG3algtUEO0 حصرياً.. نظرة داخل موقع للأسلحة البيولوجية تحول لمصنع للقاح الروسي المضاد لكورونا
HGhYSCzL93Q بهاتف بسيط فقط.. \
HHb6FMOXIkQ بعد تصريح مثير للتكهنات.. هل يرحل محمد صلاح عن ليفربول؟
HIQYgb5j2pc الجونة في مصر.. وجهة عالمية للتزلج على الأمواج بالمظلات
HIQopcSZpEo قصة لا تصدق.. صبي تخفى في عجلات طائرة برحلة لـ 5 ساعات
HIswqOuk92s تسلسل زمني لقصف إيران قاعدتين لقوات أمريكية بصواريخ باليستية
HIwiUjTedPs تمديد احتجاز اللاعب البحريني بتايلاند ونشطاء يظهرون دعمهم
HJ1X5NsyM7c راقص الباليه أحمد جودة، من مخيّم اليرموك إلى أوروبا
HJoGYqLyOMM سانجاي غوبتا يناقش إصابة ترامب بكورونا.. هذه الفترة التي كان سيكون فيها شديد العدوى
HNTxBVjTPmE وزير دفاع أمريكا الأسبق ل搌NN عن الشراكة السعودية: لم ينجحوا
HO5_wjia5VM ما وراء العمارة.. زها حديد كفنانة
HOQ1JDnGnaI الحافلة \
HPL-WqkW1oQ هكذا يبدو أحد أكبر المطابخ في آسيا
HPg-hbR1LEo أوغور شاهين ل搌NN: من الممكن تعديل اللقاح لمواجهة سلالة فيروس كورونا الجديدة
HROGpUluUcU مصير ولي عهد الأردن السابق والاعتقالات الأخيرة.. أبرز ما جاء في مؤتمر الحكومة
HRk156TLJZE لضمان \
HS70UZefQyw حرب أزياء حادة بين ميلانيا ترامب وبريجيت ماكرون.. من الأجمل؟
HS8OPJ1DIHU بايدن في خطابه الأول أمام الكونغرس: أمريكا مستعدة مجدداً
HSK15-1gC4o يشبه الدماغ البشري.. حاسوب خارق جديد قد ينقلنا للمستقبل
HTECbzb6kY8 رغم الجدل حوله.. كاتب فيلم West Side Story يغامر بعرض نسخة جديدة منه
HU9pITcNxrE حكاية طفلين.. يرويها غبار معارك غزة
HV1PN0rlpxg تركي آل الشيخ: منتخب السعودية قادر على عبور دور المجموعات بالمونديال
HVsLh2Brlsk 400 ألف طفل يحتاجون لرعاية نفسية بسبب الحرب في غزة
HWROtmVvwM8 تدريبات عسكرية لعراقيين على يد أمريكيين لمواجهة داعش
HWu6vgHYq7o أجسام غريبة بسماء كولورادو.. هل عاد لغز الأطباق الطائرة؟
HWxuM7Eyu8E رد بومبيو على سؤال حول محمد بن سلمان ومقتل خاشقجي
HWz3ABIZjhs عمدة مدينة أوكرانية يتحدث لشبكتنا عن طرق للتصدي لغزو روسي محتمل
HYIUYRiKELw ماذا يعني حكم طالبان بالنسبة لبريطانيا وكيف سيؤثر عليها؟
Hb_XGY4G2yQ نوبات الصرع قد تؤدي للموت المفاجئ... ما أعراضها؟
Hc-2CVK6aUg سيارة كهربائية \
HcOYreXZqko حصريا من سوريا.. داخل المنطقة منزوعة السلاح في إدلب
Hcf7eNmRU50 قفزة جماعية من فوق جسر يعلو 1200 قدم
HctKZ8IboA8 بقيمة 10 ملايين دولار.. نظرة داخل مستشفى دبي للجمال
HdIlIqCIVWI دكتور فاوتشي: هناك سبب وجيه لتطعيم الأطفال ضد فيروس كورونا
HgPzTqAWmLE رامي عياش: سأخوض تجربة التمثيل مع بطلة مصرية
HgdNWr-5eY8 أفضل وجهات السفر لعام 2021 بحسب لونلي بلانيت
Hi8Ab6Q9ZGE فن الخط مع هذا الفنان العراقي
HjrbZDWEuZg مادونا: أنا ضد الرقابة ومع حرية التعبير
HkGVpb3jh1c اطلاق إنترنت أسرع مائة مرة من أي شبكة حالية
Hl8hSrjwqWg عداد مياه ذكي يوفر المال ويحمي الكوكب.. شاهد كيف يعمل
Hl953sHSJJY تعرفوا إلى \
HmdQm-bYsjE كيف تبني علامة تجارية ناجحة وتعطي أفضل تجربة للعميل؟
Hme6u-grV9c أفضل الطرق لتعلم تقنية البلوك تشين
HmqA1oUSExI كيف ردّ ظريف على سؤال حول من يقف وراء هجوم أرامكو بالسعودية؟
Hn9Cv6_YuFI حشرات وأعشاب وقواقع.. تفضل وتناول هذا السوشي الفاخر
HnJW6Rkwao8 حرقة المعدة.. 8 تغييرات بسيطة للتغلب على الأوجاع
HoeWR79PGLo بظل أزمة طالت اقتصادات العالم.. هكذا استطاعت بلدان عربية التصدي لها بشكل فعّال
Hq8t0qHB-Lg الكيب: ليبيا مستعدة لإجراء محاكمة عادلة لسيف الإسلام
HqK4VTw_daw لبنان: استثمارات بملايين الدولارات رغم الصعوبات
HquR7vTxGxM طاه متخصص بطبخ الأعضاء الداخلية وأحشاء الذبيحة
HqvNsfTwr9k حفرة تبتلع 3 سيارات ورجل كاد يفقد حياته دهسا
Hrgcgsqn-_A محمية الوثبة للأراضي الرطبة.. واحة أبو ظبي غير المتوقعة
HsP5wDMkLmo كارثة تسببت بخسائر فادحة.. كيف سيعيد الفلسطينيون بناء غزة؟
HsoWhgq_mag أرنب وأزعر والملكة إليزابيث.. من يفوز بأزياء حسين بظاظا؟
HsrhKVgpW6I فندق في إنجلترا يساعد مرضى كورونا على التعافي بعد الخروج من المستشفى
HtBKtC9f5VQ أبرز فوائد ومخاطر لقاح كورونا لدى الأطفال
HtfEmKQFJFo بعد الصافرة.. الـ\
Hto9nqbDzC8 حملت 640 شخصًا.. إليك قصة صورة طائرة الإجلاء الصادمة من أفغانستان
HvHQwnlfnDI الصراع الطائفي في العراق.. إلى أين؟
HvKnQRyi0Ec أدلة تظهر أن لقاح كورونا قد يساعد الذين يعانون من الأعراض طويلة الأمد للفيروس
HwHmm9BtyzA تعرف على مواصفات \
HxR0EvtI3pI منصب مدرب مصر \
HxfKrsLNd40 روسيا تعلن عن تجربة واسعة النطاق للقاح كورونا بعد تسجيله
Hxx12QqfMg0 مصور يمشي على مسار صخري شديد الانحدار ويرصد \
HyjXOClOUsM مرسيدس تكشف عن أغلى سياراتها المكشوفة على الإطلاق
HzM9RjJqh5Y هل تعتذر النساء أكثر من الرجال؟
I00vsttDLlU خطأ واحد يؤدي لفشل ذريع.. هكذا تُصنع سيوف الساموراي
I1AscpdQMI8 تعالوا نفكر.. ما هو التحالف الرباعي \
I1_CaVDzid0 اكتشف المكان الذي يمكنك فيه \
I1bKcOs_Bgo ماذا وراء كواليس أعلى برج في العالم؟
I2uf1ka0b1E لماذا علينا الانتظار 8 أشهر بعد التطعيم لأخذ الجرعة المعززة للقاح فيروس كورونا؟
I3pM-Z6TX08 متحدث طالبان ل搌NN عن اعتراف أمريكا بقتل مدنيين في غارة بـ\
I3xpF3yoPuc رولز رويس للسيارات تكشف عن أول سيارة SUV في تاريخها
I4O9M2UJvZo مشاهد حصرية من قلب معركة في جهنّم حلب
I68RcA4I68I \
I6Mwqe05_wY طباخة عربية تقلب 4 طناجر مليئة بالطعام معًا في الهواء
I6wDNEloXuc نموذج يتنبأ بعدد كبير من وفيات كورونا بحلول نهاية العام يؤدي لتسريع عملية تطوير لقاح
I7OSUaRXW50 هل أنت من سكان الإمارات؟ إليك خطوات استخدام Apple Pay Cash
I867F5vGPvQ بظل مخاوف النقص.. إليك نظرة لوراء كواليس صناعة لقاح كورونا
I89X26axylo كوريا الشمالية \
I8saeDDk6oA معلومة سريعة.. كيف تحمي نفسك من خطر فيروس زيكا؟
I95Qs4pek9g يزيد المرونة ويمنع الإصابة.. ما هي فوائد تمارين التمدّد؟
I9As6JV0deM حركة عالمية تحيي الذكرى السنوية الثالثة للأزمة السورية
I9U3WVbTQUs إطلاق معرض تضرر بسبب انفجار مرفأ بيروت بدبي
IATWqYROvPQ كيف ساهمت \
IBtL0n4P34s خبيرة: يمكن توقع تعافي صغار السن من جائحة كورونا لهذه الأسباب
ICGeymI_MQ0 توفي ولدها منتحرًا.. أم تسلط الضوء على تأثير الجائحة على الصحة النفسية للمراهقين
ICYOiI7VYAw فيديو حصري من داخل مدينة الرقة معقل داعش
IDnQmkkH63o \
IESggCuq7_o مشهد استثنائي.. التحليق بالمنطاد فوق \
IFLMohRNZDI نظرة على أول يخت فاخر في العالم يعمل بالهيدروجين
IFyF5sYEiBM من اليونان لبلاد العرب.. هل هذا هو أصل اللقيمات؟
IGfya0edw8w شاهد كيف يحاول العلماء إنقاذ أكثر ثديّات البحر ندرة
IH462Nde0_U \
IHRtNm5I-Go شاب ‫فقد ساقيه ويرغب بالعودة لأرض المعركة بكوباني
IHXzdbmibpU من ابتكر صلصة \
IIg2VXDtdlw كيف ستتذكر الأجيال القادمة التأثير العالمي لجائحة فيروس كورونا؟
IJsSdUUhTYE جولة مشوقة بجناح السعودية في إكسبو 2020 مع تسجيله 3 أرقام قياسية
IKHmlK-91E0 أبرز الأزمات التي هزت الاستقرار العائلي لفنانين عرب في 2020
IKqk1o-xSlI فيروس كورونا أكبر خطر على الطيران منذ 11 سبتمبر.. إليكم السبب
ILImhPoizdQ لويس سواريز يغادر برشلونة.. ماذا قال عنه جيرارد؟
ILL8xCm1eYs المقداد لـ CNN: الحكومة السورية لا تستهدف المدنيين
ILRBihRyO_I مراسل CNN بالعربية في لبنان يروي ما شاهده لحظة انفجار بيروت
IM7tM8tIZCA هذا الشاب ذو ال񤀳 عامًا صنع أسرع سيارة كهربائية في العالم.. والآن يدير بوغاتي
IMAEVICU9Ck كيف تستثمر الإمارات بأكبر سوقين ناشئين في العالم؟
IMWt5FTq0_Q رشا شربتجي: حينما تمتلك المرأة قرارها تكون قادرة على حماية نفسها
IMYQa7wgNiQ بقعة في السعودية تدفع رائدة فضاء لسؤال ناسا عنها
INR_APuPtsg مهاجرون فنزويليون يعملون بجمع الجثث في بيرو خلال أزمة وباء كورونا
IOj-FCF-ooA تقلل وقت وتكاليف البناء.. شركة تصنع منازل حي كامل بالطباعة ثلاثية الأبعاد
IOk5CGa57IA لماذا يختار البعوض لسع بعض الناس أكثر من غيرهم؟
IOkMuDVnGSE تسمى بـ\
IPFFTmMiUgM جراح نادين نجيم تصنع المشهد.. وقصي خولي \
IQuEnjydDEU رد فعل مراسل CNN على الهواء لحظة هجوم صاروخي من غزة
IR9-x_yD4-I ديناصورات \
IRVtyUBBHmA تنافس تركي إيراني على كعكة العراق
IRtnSTHD0nQ ثلاث نصائح أساسية للاستثمار في مشاريع العملات الرقمية
ISEe-nJViv8 في هذا الشتاء القاسي.. هل ستقدم أي مساعدات للسوريين بإدلب؟
ITDPFrGn_6U كاميرا مراقبة ترصد لحظة مرعبة لفتاة واجهت دبا ضخما لتنقذ كلابها
ITFaeKXPpzg دراسة: المستويات العالية من التوتر يمكن أن تسبب تقلص دماغك
ITuw8yaBcPc ما هو دور النساء في بناء مجتمعات ما بعد الحروب؟
ITuwdi0-EAc موجة مرعبة لفيروس كورونا في الهند.. انهيار النظام الصحي وتراكم الجثث
ITy6LKfxRUo شاهد.. أضخم 5 عمليات سرقة للمجوهرات بالتاريخ
IUFUFPyK12c كسوف الشمس الجزئي في سماء كولورادو
IUTn_xZHVpo بسبب كورونا.. أمريكا رسمياً في حالة ركود اقتصادي
IUqvsW_k1JQ اعتزل بعمر 21 عاماً.. من هو مدرب بايرن ميونخ الجديد؟
IVDeB9snc8U الدنمارك .. النسبة الأعلى \
IVTtdKyNoFk إليكم 5 خرافات عن الشعر
IX2v-d3xzE8 حملة \
IXG4jfJoo1Q ما علاقة المناعة بصحة أمعائك؟ الدكتور سانجاي غوبتا يشرح أهمية ذلك
IXh0SCNTtrA ترامب من قاعدة أندروز: أتمنى التوفيق والنجاح الكبيرين للإدارة الجديدة
IY1UdUbiWUM ماذا لو كان بإمكانك إرسال نسخة رقمية منك للعمل؟
IZCtW6xGS5A أرملة كوبي براينت وأصدقائه يشاركون في حفل تأبينه وابنته جيانا
I_l3xoyHlKo السلطة ترسل مساعدات للاجئين الفلسطينيين بسوريا
Ia7Zahs_Wzw قريباً في الإمارات.. شاهد الفيلم وشارك بصناعته
IbRNHAqSiE8 غضب العراقيون السنة.. لماذا؟
IcFtWd88wa8 جديد بلاكبيري: شاشة أكبر وأكثر وضوحا
IcolqSFFPZ8 آيفون 13.. أبرز مواصفات هاتف أبل الجديد
IeLHjrxlumU رغم فتح الاقتصاد.. محارق الجثث في المكسيك تواجه ضغطاً بسبب كورونا
IeMvsJfulDo كيف يعزف هذا الرجل الموسيقى بأوراق الشجر؟
IeXvJLqXJ34 فُقد حوالي 90٪ منها في البرازيل.. شاهد كيف يريد هذا الرجل اعادة الغابة الأطلسية
IfTvvzu1P4U ما هي الأغذية العضوية وكيف نختار الأفضل منها؟
Ift62oQ9TAo سانجاي غوبتا يشرح بعض المفاهيم الخاطئة التي كررّها الرئيس ترامب حول فيروس كورونا
IfwbtbA8V9Y مركبة ذاتية القيادة مصممة لتنفيذ مهامك نيابة عنك
Ig3RZkrYNU4 علماء: ارتفاع مستوى البحر 3 أقدام كفيل بإغراق الملايين
IgCXwu-0h7s دلافين تسبح في السماء
IgvgTcIb1Xw ممثلة صربية ومصمم إيطالي في السرير معاً.. والسبب؟
IhRtevwnja4 عرض لا بيرل  يأخذ الحضور إلى عالم العجائب
IiJi5crYB1s \
Ij3RJwITQxs ما هي أهم الأسباب التي أدت إلى هبوط أسعار \
Ik8ZVlmm-D0 \
IlbMHP6J3uQ الدكتور فاوتشي يناقش ما إذا كان يجب تطعيم ترامب أم لا
ImCdUJlXklU اكتشف هذه السيارة ذاتية القيادة لـ\
IoSupYBrmlE آبل تطرح iPhone SE بميزانية جيدة.. إليكم سعره ومواصفاته
IoeBwixey6k إسبانيا تواجه عودة ظهور حالات الإصابة بفيروس كورونا بعد رفع أوامر الإغلاق
IokXnpFFskg أكبر طائرة في العالم تخرج من مرآبها
IqaaGec8W4E كل ما تحتاج معرفته حول فيروس كورونا الجديد
Ir5EtWLWbms نصيحة \
IrbqG6-dyls أيرلندا: الشعب يصوت بنعم على زواج المثليين
IrhFETr8eks رد فعل مذيعة CNN على فيديو جنود أمريكيين يفترشون الأرض في الكابيتول
Iru6L9D-zO8 اليابان لديها أكثر من 400 نكهة من شوكولاتة \
IsDygcBXyOQ سفير الصين إلى أمريكا يكشف السبب وراء حرب التكنولوجيا بين البلدين
IsE5yOXj7e4 ما الأسوأ.. الماريجوانا أم الخمر؟
ItY5To7dK28 يوم في حياة الطفلة الحلبية بانا بتركيا
Iu6r_8y1aoA مسلسلا \
IuND3VHoOSg الرئيس التنفيذي للخطوط القطرية يتهم أمريكا \
IvRxAmA31es أكثر من مليون طالب أجنبي في أمريكا مطالبون بمغادرتها أو مواجهة الترحيل
IwFP7tp3umc مراسل CNN وسط مظاهرات عنيفة بمنطقة الحمرا في بيروت
IwZc2ju8Ivg رمطان لعمامرة ل搌NN: الجزائر صبرت على انتهاكات المغرب ولن نقبل المزيد
IxOLyFy6ifo شح المساعدات يزيد معاناة اللاجئين داخل سوريا
IxbQotn4c70 عمل مدته عمر.. جيمس واتسون
Iygg9pSXOMA الجبير: لم يكن هناك تفويض لقتل خاشقجي ولا نعرف مكان جثته
Iyt3kKoUvc4 أصغر منافسي هيلاري كلينتون على كرسي الرئاسة الأمريكية؟
Iyv1U5YRtuI قرصان يخترق نظام تحليق بطائرة لتقوم بحركة مفاجئة
J-nb7XB4REQ \
J1rM1aF22CM بعد اعتذار الحريري.. لبنان يدخل في نفق مظلم وانهيار غير مسبوق لليرة
J2S-Bxi1kaI هل تدفع لمشاهدة المحتوى على هاتفك المحمول حصرياً؟
J2_ygQSSgV4 أول رجل آلي يدرّب تنس الطاولة
J2dAX2HuhhU هاتف Mate 9 الجديد.. حسابا واتساب بنفس الجهاز
J2oz_9LVLqU وفاة حسني مبارك.. تسلسل زمني لأبرز المحطات في حياته
J4Dc-14tnG4 طاقم شبكتنا يتعرض لقصف مدفعي أثناء التصوير فكيف نجا أفراده؟
J4VVNv84y7M لقاح \
J6pG55790BY المتحدث باسم الجيش الإسرائيلي ل搌NN: نستعد لتوسيع عملياتنا في غزة
J6sYXxcPReY شاورما \
J7M3XNPQZHQ “طائرة دون طيار غامضة” داخل حرم البيت الأبيض
J7l-K2p3B-Q أكثر مدينة تفضلها الفتيات لتوديع العزوبية
J8GN81aiSg8 كيف أصبحت دبي مركزا للألماس؟
J8Y5em9LkxI طائرة أيرباص تهبط لأول مرة على جليد القارة القطبية الجنوبية
J8nJrFWcSbg طالب يقود 435 كيلومتراً أسبوعياً للحصول على \
J9FmEkz6qBc هكذا قد تكون المقاعد.. تصاميم داخلية للطائرات تعطي لمحة عن مستقبل السفر الجوي
J9TmUjLetMA البطان السوداني..العريس يجلد أقاربه بالكرباج ليلة الدخلة
J9V-IsLENkQ هذا الرجل في مهمة لإنقاذ سمكة الأربيمة العملاقة في نهر الأمازون
J9jBnFRhZ8o أكثر السيارات الكهربائية إثارة بمعرض جنيف للسيارات
J9rHDrcI0C4 فتاة ثنائية الميول الجنسي تنافس على لقب ملكة جمال أمريكا
JAGBzwPozhw مركبة ناسا الجديدة.. ستصل أعلى من محطة الفضاء 15 مرة
JAJyDoRAzAM ترامب وماكرون.. نظرة فمصافحة فعناق وأحضان
JAL1nM9C8iE الحدود اللبنانية الإسرائيلية.. ماذا على المحك؟
JAUmLtitoFI نظرة داخل مصنع السيارات الأكثر تقدماً بتقنياته في العالم
JAhavUon_Sc شاكيرا وجنيفير لوبيز معا لأول مرة على الإطلاق في “السوبر بول”
JB-G464ADvA 250 ألف وظيفة جديدة في الاقتصاد الأمريكي خلال أكتوبر
JB-yX0Xtxyg السيارة الطائرة ستصبح في المحلات بعد عام
JBGpIChB4Z4 هكذا تخفت زوجة البغدادي.. ومخاوف من اتباع داعش لنفس الأسلوب
JBNzF7k6EsE ثلاثة أهداف ترغب \
JBzG_bGeX9Y كيف تساعد تقنية البلوك تشاين المسافرين على إيجاد حقائبهم؟
JCBVWaCj_8c بماذا أجاب مدير غوغل التنفيذي الكونغرس حول جمع المعلومات؟
JCJNoILvQPI هذه الشاشة تحول صورتك إلى تمثال في متحف
JCxxsXXUYKI سرير ذكي يعيد ترتيب نفسه أوتوماتيكيا
JD4PNj_EbWM الأمل يعود لعائلة الفتاة \
JDmCwiA2Z0I مع إخفاء خبر مقتل البغدادي تحسباً لردة فعل.. CNN في سجن داعش
JEwqAEXsbD4 العثور على نسخ \
JF2Z_wMeAjw كيف ينظر المتظاهرون في العراق إلى وعود الحكومة؟
JFDRBo164V4 يقبل عليها الناس من كل مكان.. هل تجرب البيتزا الطائرة في كوبا؟
JHSzOeRGR64 ملكة الوثب على الحصان
JHsQCdIW3G0 نسرين طافش.. هدفي الوصول إلى العالمية والموهبة أبقى
JILzZowj-RI سوريون يتسلحون بالإعلام ضد النظام
JIb9NubgLgA كيف تحافظ على الاسترخاء أثناء السفر؟ هذه المعالجة تخبركم
JIdzVKRL824 هذا ما ستحمله معها هند صبري من أزمة كورونا
JJ5gPEqdfx0 \
JJT4Q-ZTiTU طفل بعمر 22 شهرًا يصدم والديه ويطلب بمبلغ 1786 دولارًا دون علمهما.. كيف كان رد فعلهما؟
JJycsU4k7S0 بينها دول أوروبية.. هذه أسهل الجوازات حيازة في العالم
JKQfnqCkkqA تشيلسي والسيتي.. غوارديولا ليس السبب الوحيد وتوخيل \
JKeHqTS0wC8 شابة وشاب يرقصان في شوارع الكويت.. فما هي رسالتهما؟
JLY2LnbOI3s كيف نختار الخضار والفواكه بطريقة صحيحة؟
JM8aT90FknE أول فندق فضاء في العالم.. كيف سيبدو؟
JNDOXSdPoxM الفالح ل搌NN: مستاؤون أكثر من غيرنا لمقتل خاشقجي
JN_JiwbcE_k لحظة اقتحام متظاهرين مبنى الكونغرس والتجول فيه
JNghrauyCeM تطبيق يمكنه قراءة عقلك وأفكارك
JNmsaJcRHoE ناصر جودة ل搌NN: يجب إقامة دولة فلسطينية مستقلة والاحتلال سبب المشكلة
JNqLF79VpMs ماذا يحصل لجسمك عند ابتلاع العلكة؟
JO7hgAwaFow محمد صلاح يكشف عن لاعبه المفضل في ليفربول
JO9riKYM9ck هل جعلت التكنولوجيا من حياتنا أكثر سهولة؟
JOf7TuxCz4w الإنشاءات في الإمارات تتجه إلى المباني الصديقة للبيئة
JPNytiEEceI ممرضات يفاجئن مريضة بالسرطان بعد تفويتها لحفل موسيقي
JQYUr9VRsuE خبير يوضح ما يعنيه توعد إيران بإخراج أمريكا من غرب آسيا
JQtd-0BQd2s انقلاب عسكري في ميانمار.. ماذا يحدث؟
JR175yXkY6I تقديم موعد نشر كتاب جديد يكشف أسرار عائلة ترامب.. \
JRHZUfDKJ7k ما دور الاعلام في تسليط الضوء على واقع اللاجئين والمهاجرين؟
JS0rZ9qQJew جهاد أزعور ل搌NN: هذه الدول التي استفادت من مساعدات صندوق النقد
JSCN66vQ4XM كيف يمكن لعلم الأورام الدقيق أن يغير تمامًا طريقة القضاء على السرطان؟
JShb9Nh86yo كيف تختار أفضل أنواع الخبز وما هي المكونات التي يجب تفاديها؟
JSorspntMhk رحلة بصحبة \
JT7vewuvZAA النزوح الناجم عن تغير المناخ في السنغال يهدد السكان.. ما البلدان الأخرى المهددة؟
JTFtk_xG0p0 إطلالة من فوق جسر باستي في ألمانيا
JVVmvOrfPb4 تركي الفيصل: تبادل معلومات داعش بين أمريكا والسعودية
JViCOJIwgF4 طريقك للنجاح.. أهمية معرفة مهارات العمل بالسوق
JViavEAKFvg فنانة \
JWpcWljM38M أزهى صالون لتصفيف الشعر في لندن
JXLqPK0pebk نتنياهو لأوباما: الأساس هو تفكيك ايران لبرنامجها النووي
JYDYWTXswls استطلاع.. هل تظن أن على بريطانيا التدخل بسوريا؟
J_86gSlCFA8 لقاح فيروس كورونا يظهر نتائج استجابة مناعية \
J_X8_Co-Hyw تجوّل أسفل شجرة ضخمة ارتفاعها 9 أمتار بجناح بيلاروسيا في إكسبو 2020 دبي
J__eAxSBym0 الصيام المتقطع قد يساعدك على العيش لفترة أطول
JaU6B6gYe5Q شابة أردنية تستعد لتسلق قمة جبل إفرست
JaWNd0niPoI بعضهن يُهدد بالاغتصاب.. عبيد صناعة الحرير في الهند يعملون لسداد الديون
JaxUUnBCl0U سكان إدلب يستعدون لأشد معركة دموية في الصراع السوري
JbgKpwt8AAk العاصفة دنيس تشل الحياة في بريطانيا
Jcjl5P7_lfQ تكثيف الجهود لتحرير سفينة \
Jd0RWK2ACkM دراسة تكشف عن انتشار كورونا عبر الأسطح الملوثة أيضاً
JdTMyc-3vTY جمهور \
JdbHpNtf6FI عصا \
JeOyri-u7yI راغدة درغام: بيروت انستيتيوت منبر يزيل عنا سمعة الإرهاب
JehrT9ImIcY لا تتعجب.. قول هذه الكلمة فقط قد يطيل عمرك
JewnreKxcoA روحاني: الخروج من الاتفاق النووي مكلف لأمريكا ورد إيران سيكون سريعاً
JfbTUQ8uDQY لغز الأرملة البيضاء يعود للواجهة في نيروبي
JgDp5S57VaM النداء الصامت.. ساعة آذان تضيء قبب مساجد العالم في مكان واحد
JgJIzq-UGiw الاحتفالات بعد تعويم الجزء الخلفي من السفينة العالقة في قناة السويس
JgQDG2YZ7hc هل يجب أن يرحل عمر خربين عن الهلال السعودي؟
JgX49jTbI24 اضحكوا.. أو ابكوا.. فهذا يوم الإيموجي العالمي
Jhk3SEVnjpU مسؤولة أوكرانية ل搌NN: بوتين مريض نفسياً وسيستمر مثلما فعل في جورجيا ومولدوفا وسوريا
JhrcKMl7UPw هذه فرقة الرقص التي تلهم بيونسيه
Jj1K9xqoS_c أجواء الحرب تسيطر على أوكرانيا.. هكذا يستعد المدنيون للدفاع عن مدنهم
JjUkrfH4AHo أنف إلكتروني يشخّص 17 مرضاً من نفخة واحدة
Jk4Tk2Gn-Gc العثور على مركبة فضائية مفقودة على المريخ
JkMS64lNudk ترامب لأمير قطر عن توسعة العديد: الحمد لله أنها بأموالكم
JlYeHHTkV5E هل الأطعمة النباتية هي دائماً الخيار الصحي؟
JltnFiXHG2A فيلم \
JmBBaqwMQGY سانجاي غوبتا يشرح أوجه التشابه والاختلاف بين لقاحات فايزر ومودرنا
JmE0dCi7a6I مما تصنع قطع الدجاج الصغيرة \
JmVqX3o9ht0 رئيس الاستخبارات العسكرية في العراق يحذر عبر CNN من عودة داعش
JoEpvwK1kOo فيديو صادم.. CNN داخل مزادات سرية لبيع المهاجرين بليبيا
JolA9Ai-aM4 تركي الفيصل لـ CNN: قرار ترامب بالانسحاب \
JpCVbyEsHG8 داخل قمرة القيادة لطائرة ايرباص A220
JpzE0AF5_OQ محاولة انقلاب.. رد فعل مذيع CNN عندما شاهد أنصار ترامب يقتحمون الكونغرس
Jq90wME-dPM مُحاطاً بطبيعة أخاذة.. رجل يعيش بأكثر المناطق عزلة بنيوزيلندا
JqEeCxFDjVk بيكهام:  توم كروز أكثر شهرة ووسامة مني
JqYzUgDH3NM من الفن إلى واحة بجانب المحيط.. إليك جولة بين زوايا غانا
JqZh_W0-m30 يزوره المشاهير.. منزل عمره 100 عام يتحول إلى \
JqmP0Qqeu50 مساجد إسطنبول بتركيا..بعضها قد يحمل رسائل سياسية.. شاهد كيف
JsdOu0t4sUg الماضي يختلط بأصوات حرب سوريا في قرية مجدل شمس
JsfnBwZxZw4 هل أنهت جائحة كورونا السفر الجوي الرخيص؟
Jsr1KwNKIn8 كلمات مفتاحية اكتبها بسيرتك الذاتية
JtgefTd75BU قصة ضحية تحرش من دبي إلى \
Ju4u6geNUkM أفغانيات ينشرن صور الفساتين احتجاجًا على فرض طالبان الحجاب الأسود
Jv-YT8jvyc4 الصين تسمح لسكانها إنجاب ما يصل إلى 3 أطفال
JwHFdmqWiQo صممها لاعب إماراتي.. بورد جيم لمن يحب ألعاب الحرب الاستراتيجية
JwM7aHrtiUw دبي تكشف عن أول نموذج لمشروع \
JwrVGkcdrI0 فيديوهات سرية من قلب الرقة  \
Jz3K245CQ5A ابنة أخ ترامب: عمي يعاني من اضطرابات نفسية ولن يترشح لانتخابات 2024
JzK4zGo9tcc بيو إن تيك: تجارب لقاح فايزر ضد كورونا انتهت وسنحظى بصيف عادي في 2021
JztpZER8RbU 7 إطلالات وتصريحات غريبة تخطف الأضواء في مهرجان \
JzuViccWUjE ناسا: وصول أول صور للهبوط على سطح المريخ
K-0nHvmIEf0 هل يكون إردوغان أبرز شخصية مؤثرة في 2014؟
K-63-vsTyGg عنان:أبكي يومياً من أجل السوريين
K-N-_mKWcsQ وزير إسرائيلي سابق ل搌NN: خطة ترامب للسلام معادية لإسرائيل
K-slvB-I21I طبق من الطعام في فيتنام يتحول إلى سر عائلي يخضع لحراسة مشددة
K02KXQ37eu8 تطبيق على الهاتف يفضح المشاعر
K06X5y4MYvE تونس: تجدد الاحتجاجات والشرطة تلجأ لقنابل الغاز
K1jKnOoYriA عزل ترامب.. هل تنهي مكالمة هاتفية عهد الرئيس ال񤁅 لأمريكا؟
K2CNvA4ekRI بعد التبرع بأطراف صناعية لـ\
K2gDRHdWwbg مطالبات بإعدام الأسد في سوريا
K35gHyH-YmQ يوم الحسم.. كل ما تريد معرفته عن سباق الانتخابات الأمريكية
K48ZIs55j8A ما هو الرابط بين العمارة الذكية والشريعة الإسلامية؟
K4VTkNI7X7c بايدن ينسى وظيفة وزير الدفاع الأمريكي خلال تكريم عسكري
K4Xu8-FEDnM هل يتحرك المجتمع الدولي بعد مجزرة الحولة؟
K4c99FTdrIE خبير أرصاد CNN يشرح حالة الطقس عند سقوط الرافعة بمكة
K5S0jnLOoMQ قصة ناج.. شاب يروي تفاصيل محاولته الوصول لأوروبا وما عايشه من تعذيب بليبيا
K6AkMFEZeP0 هل صنع مسلسل \
K6aYQEJX2pc تعرف إلى مبنى برلمان المجر المُطعّم بالذهب
K6jk7KBIMfQ طالبان تعدم 22 من جنود الـ\
K7_Xz_9ZB30 كاميرا سي أن أن في عفرين التي تصلي للخلاص
K7wz8ZTNwEQ أنصار ترامب: نحن فخورون بالفوضى التي حصلت في مبنى الكونغرس
K9Ou3csrr2Q انظر إليها بلا خوف..هذه المرآة تعكس حقيقتك
K9WHU77dDwQ تدخر بعض أموالك؟ سببان يؤكدان أن استثمارها هو الأفضل
K9p04WeXTCc هذه أفضل مصارعة نسائية بالعالم
K9pdIE6R7VI طلبات لتبني جرو يملك \
K9uYlz5Z1nQ أصلها جزائري.. ضرب لاعبة فرنسية وتكهنات حول تورط منافستها بالفريق
K9zyXbmHKdE هذا هو القطار الأسرع في العالم
KATU8om95S0 إطلاق الصين لصاروخ يحمل 3 رواد فضاء إلى محطتها الخاصة
KAejsbrRYHc فرحة الزفاف لم تنس في مخيم الزعتري
KBhmpzYK-LA لاستخدامها بعد الممات.. صينيون يحرقون نسخاً ورقية من \
KBoC3BOf4y0 تعرف على أول طائرة كهربائية في العالم تستعد للتحليق
KCIL4hbYZ6U فيديو يظهر عمال أليطاليا وهم يسرقون أمتعة المسافرين
KCloR7NkQTM شاهد.. مخلفات معركة شرسة في ضواحي كييف وتدمير رتل روسي
KD_tZNV9JM8 القوة الضاربة الأمريكية في بحر الصين تتخذ إجراءات \
KEY8NsTW-TE إليكم كيفية تناول وجبات طعام مع العائلة والأصدقاء بأمان خلال كورونا
KEceWAJ0zhI مقارنة بين لقاحات فيروس كورونا.. أيها أفضل؟
KF-x9EyFLBU إلى ماذا تشير البقع على البشرة والأظافر؟ إليكم 5 خرافات عن البشرة
KF9m5INq1H0 ماكلارين GT.. سيارة بإمكانيات تتجاوز حدود السرعة
KFHLmaUfyXg الأغنية وراء ابتكار صيغة MP3 التي شكلت ثورة بعالم الملفات الموسيقية
KG-Z4nGVXNw شاهد انطباع مراسلة CNN بعد زيارة جناحي الإمارات والسعودية في إكسبو 2020 دبي
KHT5cZANxss ملك التوازن.. هذا الفنان يتحدى الجاذبية
KHvmFs96wJA بايدن: الأمريكيون من جميع الأعراق والأديان اختاروا التغيير وسأمثل الجميع
KIK57-PSp00 تبدو وكأنها كائن فضائي..ما سر هذه المنحوتة الضخمة في إكسبو 2020 دبي؟
KIWH8S1OWCY لاجئون سوريون يجدون ملاذاً في كردستان
KKCjrpLV6OA فراشة نادرة اختفت لسنوات تعود للظهور
KKYNMA2X2ZI دخلوا \
KNA8jd2vUko شاهد ما يمكن أن تحققه الروبوتات وطائرات الـ\
KNBiBl0ebv0 من مخيم شاتيلا في بيروت.. ما رأي الفلسطينيين هنا بمصير القدس؟
KNCuhASYZOQ روبوتات لا يمكن تمييزها عن البشر
KOMc2oqfOg4 قلعة العذراء بتركيا.. ما الأسطورة الغامضة وراء بنائها؟
KORS2B0J0E8 رئيس إحدى الشركات: نقترب من جعل بيئة العمل غير مريحة لمن يرفض لقاح كورونا
KOof-0zDw6o بعروض مبهرة.. شاهد كيف ودعت دبي معرض إكسبو 2020
KOuc1HYMDrc أسباب الكوابيس الليلية والأحلام المزعجة
KPOXtA8ybZ4 شاي الكرك.. تعرفوا إلى مشروب الخليج الأول
KQIwa2_AjT0 ‎‫حيوان الألبكة يتوقع بفوز إيطاليا بلقب يورو 2012‬
KRuRHaupZ1Y شبكة إلكترونية مظلمة... حيث يعمل مجندو داعش بدون ملاحقة
KT1mPmx67TM هكذا تعمل فرق متابعة مخالطي مرضى كورونا لاحتواء الفيروس في تركيا
KTScL3136s0 كيف تزرع الطماطم وسط الصحراء في الإمارات؟
KU5z_uOqJWQ كأنك على سطح القمر.. شاهد جبال مريخية مصغرة تجذب الأنظار بإيران
KUDtCBnar7I انزلق من لندن إلى جبل جيس بالإمارات في لحظات
KUc5iVCybt0 إليكم طريقة صنع الدم المزيّف من أبرز منتجي هوليوود
KUvkI_UQX60 حقائق صادمة.. خبير يكشف ما تبحث عنه شركات التواصل الاجتماعي في مستخدميها
KVLM9axhDVc فيسبوك تعلن عن افتتاح مكتب في دبي
KVd_-q3wHKU تحب الكينوا؟ تعرف للرجل الذي جلب هذا الطعام الخارق لأمريكا
KWCcftU7ERo تجربة تويوتا سوبرا وبي إم دبليو زد 4.. وجهان لعملة واحدة؟
KWmh459Repg المغربية مريم أمجون تفوز بتحدي القراءة العربي
KXqeAKY1FS4 ماسة بقلب الصحراء.. قطر تنهي ثالث ملاعب كأس العالم 2022
KYRZV8Xgn-o روبوت غوغل الجديد.. شبه مخيف بالإنسان
KYVvmpXOUUM خبير يكشف نية بوتين من الحشد العسكري.. وهذه ربما خطواته التالية بشأن أوكرانيا
KZ3EYMiUkig ستعكس الموازين.. أول دولة لا مركزية مبنية على \
KZ50L5aZjm4 عمرها 83 عاماً..امرأة يابانية تُطلق تطبيقات لكبار السن
KZRtHcjFCMk أمراض أخرى ممكن أن تتحول إلى جائحة.. تعرّف إليها
K_AP_n4toEY مسؤول صحي يحذر من تناول أحد الأدوية المخصصة للماشية للوقاية أو العلاج من كورونا
Kbh3QcmuooI حاوية ثلج تتحول إلى قنبلة متفجرة
KboD1wnR5pM نظرة حصرية ل搌NN على المختبر السري الذي أنتج لقاح فيروس كورونا في روسيا
KcaVFQ3Sh4o أشكال ثلجية تبهر العالم
KdI11a41qQQ الأطفال ضحايا العنف في سوريا
Kdb9ZAj6D6o شوماخر في غيبوبة وبحالة خطرة
KdfQqAtbt4k كيف تقع في حب ماليبو الأمريكية؟
Ke0UQ9Hbza4 بعد ميتافيرس.. هونداي تبتكر مفهومًا يسمح للبشر بالتواجد في مكانين في آن واحد
Keo0b4CDwf4 كيف تبنون قصر الذاكرة الخاص بكم؟
KfzZ9ZLXvYM النيكوتين السائل.. خطر يهدد الصغار قبل الكبار
Kj1A6U9gP8c 5 خرافات عن البعوض
KkB378mwSOg اكتشف أسرار الشاي السيلاني بجناح سريلانكا في إكسبو 2020 دبي
KkQWfP6g5-Q فقد فرداً من عائلته بسبب كورونا لكنه لا يضع قناعاً.. ما السبب؟
Kl0l8hNfZLI بالرقم 30.. لحظة استلام ميسي قميصه الجديد مع باريس سان جرمان
KlRZbRd1Oe4 محارات كبيرة في قلب مياه الإمارات الدافئة..كيف تُزرع؟
KlYon9h1ITM تطبيق جديد على الهاتف يضيف الروائح للصور
KmnsvX_gQK8 مغنية صماء تستخدم الاهتزازات في الأرض لصنع الموسيقى
KnA5mgX-5Nc اتهام بائعة هوى بقتل أحد مدراء غوغل
KnYU5wMkvKM رغم كورونا.. شركات ناشئة في دبي تستقطب استثمارات قياسية في النصف الأول من العام
Kpwh9tehteo دونالد ترامب وطريق الرئاسة.. كيف صعد الثري الجامع سلّم السياسة؟
Kq5d3feq2MI منظمة: 600 ألف عامل مجبر بالمنطقة
Kq6E9_Uirpk بريطانيا: نختبر جدية إيران ولن نترك حلفاءنا بالخليج
KsLNNdQ1N7s هل سنتمكن من \
KsYc_q1tcto تعليق تجربتي علاج ولقاح لفيروس كورونا مع ارتفاع عدد الحالات في أمريكا
Ksrq0oPWpj0 كيف تستلهم فنانة الزجاج هذه أعمالها من الضوء والمياه؟
KtT1qyaXU7w مقطع فيديو مسرب حديثاً يظهر اختفاء جسم طائر غامض في المياه
KtXypiH09g8 لافتات تحمل صورة محمد بن سلمان أمام سفارة قطر في لندن
KtYs7G8Pt-E مشروع \
Kur06eUgISM كيف تجعل طفلك ينام طوال الليل؟ إليك طريقة أحد أبرز الأطباء المتخصصين
KvwGBFkIq4s مشاهد حصرية للمعارك ضد داعش بـ\
KvzCDnO5RdE بعد الصافرة.. من هما ميسي ورونالدو النسخة العربية ولماذا؟
KwBaiLW4WMc ترامب يريد ضرب متحدثين \
KwSVI36YO3k بيل غيتس: على الأثرياء دفع ضرائب أعلى بكثير
KwWCjDGOF6E ما هو أصل طبق المقلوبة؟
KwYCH-OOZIQ غبار انفجار مرفأ بيروت يسد الأفق.. مراسل CNN يكشف وقع الفاجعة: لم أشف منها بعد
Kx5EbiR6Y9Q هل يستغل نتنياهو ورقة الخطر الإيراني في انتخابات إسرائيل؟
KxZWyqRY7hk ساويرس: أردوغان عامل فيها \
KyhqWxIg448 الشيخ محمد: ركوب الخيل هو نمط حياة
L-TcBeCZ-gc صور نادرة من داخل اليمن تظهر الدمار الذي تسببت به أشهر من القتال
L010aNDcy-M ظهور أخطر زعماء القاعدة وهم يتوعدون بمهاجمة أمريكا
L05m-uXJD-4 قائد طالبان منصور حقاني يتعهد بتطبيق الشريعة ضد الفساد والسرقة في كابول
L07_EEuzUoc إمكانيات القبة الحديدية في اعتراض الصواريخ الفلسطينية
L1drx2sl6gY قس أمريكي يدعو لحرق \
L2LcWwO2uFI مراسلة لترامب: هل ستحضر مراسم تنصيب بايدن؟ هكذا كان رده
L2Yxb9p290w بعد أن أعلنت السعودية \
L3bO43qGI-k شاب مصري يصنع الوقود الحيوي من زيوت الطبخ بالمنازل
L3lG_oX_Yys مقبرة المحيط الأطلسي.. هذه المنطقة استسلمت لها آلاف السفن في أمريكا
L3mR00fKebY أصوات تعلوا بمنطقة حدودها كانت الأكثر خطورة.. فما سرها؟
L3xexyilIz8 قصف جوي على مدرسة في الرقة بسوريا
L4BIaa8ZtqM مذيع CNN يتأثر على الهواء أثناء مقابلة عن عائلة جورج فلويد
L57lTEbyyFA الفالح ل搌NN: إيران تعرّض إمدادات الطاقة العالمية للخطر
L65hcFKr_p4 ماراثون القدس يثير الجدل من جديد
L6BXQR-l1uQ السفير الفلسطيني في لندن رداً على صفقة القرن: نحن لسنا للبيع
L6_rSbXfdIY فيديوغرافيك.. تركيا تتراجع عالمياً وتتصدر المنطقة عسكرياً
L7fdAN_YpRM جمع التحف في دبي.. شكل جديد للاستثمار
L7zfixUOf3Y نصائح لتجنب الإصابة بالأمراض عند السفر بالطائرة
L8ApQ_UG8GY نظرة على مطعم \
L9AL5XQIXBc تطبيق جديد من جنرال موتورز يسمح لك بطلب القهوة أثناء القيادة
L9wKNa1QDUg مراسلة CNN تتلقى \
LAwPmrx0EEA غوبتا يفحص عقاراً واعداً مضاداً للاكتئاب قد يساعد في تخفيف أعراض كورونا
LB9qimFty10 مركبتكم الاقتصادية إلى القمر أو المريخ أصبحت حقيقية
LD728ASFSl4 لماذا يعتبر الاتفاق بين الإمارات وإسرائيل تاريخياً؟ ومن المستفيد المحتمل منه؟
LDZlOiUunmg أطراف اصطناعية مضادة للرصاص مستوحاة من الخيال العلمي
LEJ3AA_AtA4 ماذا سيحدث إذا خسر ترامب انتخابات الرئاسة الأمريكية 2020 ورفض مغادرة السلطة؟
LETHXzAb7iU تكتكها يا كريم.. تطبيقات تساعدك في مهامك اليومية
LEgzeo94Ssg ميقاتي: اقتصاد لبنان يستفيد من الأزمة السورية
LEpc-gPh53o كيف يمكن للاستماع إلى الموسيقى أن يساعد الدماغ؟
LFUK41kClpI خيط رفيع يفصل بين الحياة والموت بحلب
LGM6-Mfdohg هل تريد تجربة بيضة عمرها 1000 عام؟
LGS7GCyDapg كيف تنفرد بعض الفنادق والمنتجعات بمعاملة ضيوفها؟
LGcAvH5aVwI ما تداعيات الوضع الأمني على أسواق بغداد في رمضان؟
LH2505z9gRE اكتشف كهف بوذا الذهبي في سريلانكا
LHRiJdHYX3U راغب علامة: سياسة الدم بالعالم العربي يقابلها سياسة الفن
LHTPCHyWY1o شاحنة فورد F-150 \
LIFVSQQOfTY هل تنذر استضافة اليابان للألعاب الأولمبية بقرب وقوع كارثة؟
LIJ-I9-IEBA هل يجب إلغاء كل الفعاليات بسبب متحور \
LIJUTX1d2FA من هي تيريزا ماي التس تستعد لخلافة ديفيد كاميرون؟
LIb6g9q_1FE بوتين.. من جاسوس في \
LJ72LkPsdlI بناء أول منزل بالطباعة ثلاثية الأبعاد في السعودية
LJhdgJlRe7c عام مهم للدولة.. هذه أبرز محطات الإمارات في 2020
LKP9Ywf9I68 هذه القبعة المصنوعة يدوياً قد تكلفك 25 ألف دولار
LKQvNmupgzo مطاعم هارديز تستخدم عارضات أزياء بالبكيني لبيع شطائرها؟
LKl2aRTBQjw لعبة الأفعى تعود مجدداً بهاتف نوكيا 3310 الجديد
LKpTGBDRmBA بيع منه بقيمة مليون دولار خلال 12 دقيقة.. إليكم فستان القيلولة
LLJXBOfj-6o كرات الأخطبوط المشوية.. الوجبة الخفيفة المفضلة في اليابان
LM03OAPJTv4 لمحبي الاثارة.. طريقة جديدة لرؤية دبي من السحاب
LMCehUBD-sM بعد العثور على قدم صغيرة في معدتها.. علماء يكتشفون أن مومياء مصرية لكاهن ذكر هي في الواقع امرأة حامل
LMOkGFO_sg8 هايبرلوب دبي لن ينقل البشر فقط..بل البضائع أيضاَ
LMmtQW8ybq4 تُعرف برقصة السالسا.. تعرف إلى ميامي
LMx9Vt_2Xx0 من حليب الإبل.. شيف يبتكر حلوى خاصة برمضان في دبي
LN7aAaXwMtw أوباما يفاجئ طلاب مدرسة بالرقص معهم
LNJemaCojJg \
LO4D4Yq2s8M كيف ولماذا اختطفت بوكو حرام 200 طالبة بنيجيريا؟
LOZk8dVUcJI اكتشف شاليه \
LOcIdMGBGss هاتف التوربو.. يعمل 48 ساعة دون الحاجة للشحن
LOr514Pg3Do \
LPfFXhRCY-M ليست تلك التي نعرفها.. جولة في \
LPk1zxRgKRQ بكاء منقذ بعد انتشال رضيعة سورية من تحت الأنقاض
LQI3xmzJBZQ طريقة تحضير القهوة على الرمل الساخن في تركيا
LQLCoOh0E2Q ما هي الغرفة التي قد تكون الأقذر في المنزل؟
LQRATYB5-NQ رئيس الوزراء السوداني يتحدث إلى شبكة CNN بشأن توقيع الاتفاق مع الجيش
LQyPqOP9G2s لبنان بين انفجار وجائحة.. ماذا يقول مدير مستشفى رفيق الحريري عن \
LRTK2VXkGpY \
LUP_DyzQiFw بعيداً عن الفتوش.. أنواع جديدة من السلطات في رمضان
LUy4mysXoGo تعتيق النبيذ بـ\
LVXF0HtnlX8 منزل على الشاطئ مصمم للتصدي للأعاصير
LWY4ZWmShGc شاهد.. رقصة Riverdance الأيقونية المبهرة في إكسبو 2020 دبي
LWcKPrZlfkk قمة البراعة في قفز الحواجز
LaCRPgzolCQ رادار يلتقط مستخدمي الهاتف وآخر يرى ما وراء الجدران
Lbbdw_hcLJ8 بايدن يهزم ترامب في مركز قوة الجمهوريين.. ما أهمية فوزه في أريزونا؟
LboVqJ7WBdo شيءُ ما أزعج مريم كاري من أوباما
Lde_cX3U8EY أمريكا تقترب خطوة.. قوى عالمية تجتمع لمناقشة عودة واشنطن إلى الاتفاق النووي الإيراني
LdmDw1lFHgk تعالوا نفكر.. ما سر الاهتمام الكبير الآن بليبيا وما هو المستقبل السياسي للبلاد؟
LfcPXC2JkdY شاهد \
Lh5n7muUXbg بعد اختبارها في الخليج.. تعرف على صواريخ \
LhOBLBQADGg روس يتصلون بخط ساخن أوكراني بحثا عن جنود فُقد الاتصال بهم في الغزو
LhReKIlsC6c بيونسيه تقع ضحية تسريب غير مصرح به لصور لها
Li4kXINhHO8 بعثة المراقبة الدولية في سوريا أمام خيارات محدودة
LiDv_rQGnpA مستشفى بدبي يستخدم أداة رفع لنقل \
LigpOvFPrQM أول طلب توصيل لأمازون بطائرة موجَّهة
LjCT63vvtVM أبرز 5 خرافات عن النوم
LjyuyBrEBS4 كيف يمكنك الاحتفال في رأس السنة الجديدة بأمان في ظل جائحة كورونا؟
LkHxijRg1WA لندن 2012: أول ألعاب أولمبية خضراء
LlUcLgcQW3A قنديل: سنحقق التوازن بين الاقتصاد واحتياجات المصريين
Lljmm5plkPw شاهد.. سيارة رولز رويس القزم
LmZRUx6PU1A كيف شعر عمران شرف مدير مشروع أول بعثة للمريخ في الإمارات عند إعلانه عن نجاح المهمة
LpP11tvGkaU على متن رحلة لأكبر شركة طيران في أوروبا.. هذا هو الواقع الجديد للسفر
LpXlJOObkuc ساق اصطناعية ذكية تسمح لمبتوري الأرجل بالمشي الطبيعي
Lq8Svcp--F4 تعرف إلى الروبوت الذي يوصل “البيتزا” إلى منزلك
LqDHrPse0KA مساكن جديدة لرواد الفضاء
LqPnDqPPD_s ما هو السبب وراء صور \
LtgVbL-9x_o أوبر تكشف عن سيارة أجرة طائرة
LvMjHBVRJVo أضخم 10 جيوش بالشرق الأوسط بعدد مروحيات الهجوم
LwASzU7ChsA في مصر.. عائلات تبيع أطفالها للمهربين بوهم الهجرة وحلم الثراء
LwG6UQ6vwwQ بعد هبوط طائرة عسكرية أمريكية.. مقاتلات صينية تتوغل في أجواء تايوان
Lwb73Y3Rw4Y معلم يحاول فك شجار بين طالبتين
Lwv5mcRMadU جولة في منتجع كايب فان الفاخر في جزيرة كوه ساموي التايلاندية
Ly0awmKR-3c ما هو نظام “ثاد” الدفاعي الذي ستشتريه السعودية؟
LyUeyZo9hLE تناول الفلافل مع أمير بالشارع ووضع \
LzhFQruChsE أول فتاة محجبة تحترف المصارعة وتعارك الرجال
M04Xy9qNi3c كيف يصنع؟.. \
M0mh2tDXnvs هل سيواكب الشرق الأوسط سباق الذكاء الاصطناعي \
M0tBA93Ucds إطلاق أوركسترا طهران السمفونية بعد 3 سنوات من الصمت
M17gJqrl1Ag ماذا فعل فيروس كورونا بمنطقة السياحة الصينية ماكاو؟
M1l07cO6fRM هكذا تتدرب مربيات أطفال العائلات الملكية
M1v746og-a4 شرطي يصيب رجلاً طلب منه رخصة القيادة
M34Dimy3Kvw ثورة علمية مقبلة.. منازل خالية من الأسلاك الكهربائية
M35-oSvXg94 زيادة نسبة الأمريكيين المؤيدين لمحاربة داعش
M36dwnYiRZc ما سر تصميم “المنزل المائل” في جاكرتا؟
M3JNEbxT6us طفلة تعلق داخل غسالة
M3g0eu6TnVI فنانة إماراتية تغير صورة الأنثى العربية
M3wDkk9IxvI نصائح من سيدة الأعمال المصرية نيفين الطاهري
M5ybNCy3m8U هل يكون هذا الشاب مستقبل فريق ليفربول ما بعد محمد صلاح؟
M6iuYFY7PzA رشا رزق وطارق العربي طرقان يعيدان ذكريات الطفولة لجمهور موسم الرياض
M6nNOlSQ3xs ما هي توقعات المحللين لاقتصاد كندا في 2019؟
M7H-ty1YVdM مخبز بأفكار كبيرة يخلق ضجة في دبي
M7XVZ4uq2bM طبق شهير باليابان ليس له مثيل.. ما سر لونه الأسود؟
M7vvY-DIPPM تهريب الفهود إلى أثرياء خليجيين يهدد بانقراضها
M8A3a5BvS3s من الرياضة إلى البيئة... 6 مشاريع عربية غيرت في حياتنا
M8oj93QKm8M جنوب السودان.. 10 سنوات من الاستقلال والعنف والمرض والاحتياج
M8vAaLN9aVs ما الذي يميز العملات الرقمية المستقرة عن غيرها من العملات؟
M9WftOCzFws أبرز أسباب تعرّق الأقدام وطرق علاجها
M9eZlj_B7Lc والدا موسيقار سوري يدفعا ثمن أغنياته
MA4a2AM-YTo تفاصيل الاستهداف الاسرائيلي لمواقع سورية
MAQMLkFf6nc جهود دولية لمحاصرة تهديد الإرهاب في ليبيا
MAoflBKKAbQ فيلة تهرب من استعراض وتدمر سيارات الجمهور
MBSv4TJYv98 تركي الفيصل: مكانة محمد بن سلمان أعلى مما كانت عليه قبل 6 أشهر
MDFSQwv9BKk شاهد كيف قتلت قوات النخبة الأمريكية زعيم داعش في سوريا
MD_zcG_LOzY كاميرا عالية الحساسية ترصد كيف تنتقل العدوى بمجرد التحدث
ME9sxEwBetM هل تؤثر الهواتف الذكية على نمط نومك؟
MEMDxLI9t9s على بعد إنش من فلاديمير بوتين
MEmg1i7wyOQ كلاسيكو ريال مدريد وبرشلونة.. ما الإجراءات التي اتخذت لتأمين اللقاء؟
MFDDQQ4M3ds بعد فوزه ببطولة فورمولا 1.. ماكس فرستابن ل搌NN: بقيت على أمل أن شيئًا ما سيحدث
MFMLHK8Vm2M هل يشارك محمد صلاح مع منتخب مصر في أولمبياد طوكيو؟
MFP7v4vOCDg استمع.. مكالمات لترامب تكشف ممارسته الضغط لتغيير نتائج الانتخابات في اللحظات الأخيرة
MFszQ-SFKso مؤشر من القلب يُنذر بمصابي كورونا الأكثر عرضة للوفاة
MGKI-FTBFrw هل يتسبب السكر بفرط الحركة لدى الاطفال؟
MGL1KRaqobc رفع الستار عن مركبة قد تأخذ الناس إلى الفضاء خلال عام
MGM_QP1uoEQ عبد محفوظ.. مصمم أزياء لبناني يكسر الاحتكار النسوي لمهنته
MGZotT64Ppk أحد أكثر الفنادق غرابة.. جولة ممتعة بفندق الزرافات بكينيا
MH5X6Y4SwCA أمريكي يعيش في دبي \
MHap74NPp0I لحظة إعلان عزل ترامب بمجلس النواب الأمريكي
MHvlI6I-O0M ألف يوم لإكسبو 2020.. أين وصلت دبي برحلة البناء؟
MIIZrMBOu9k تحكم بالتلفاز وغيره من الأجهزة باستخدام ذراعك فقط
MJ4f27Pie_U ما سر عروض الفلامنكو الأصيلة في إسبانيا؟
MJ8YpgEaqUc ما هي عقلية المستشمر في العملات الرقمية وكيف يُحدد سعر صرفها؟
MKEkaauI0Tc قابلوا الرجل الذي يؤلف الأغاني لجميع القطارات في اليابان
MK_GkLRp7Js مراسلتنا في نفق لداعش: شبكة معقدة تلتف حول المهاجمين
MLCrKhwdTj8 شاهد تحرك السفينة العالقة في قناة السويس بعد تحرير الجزء الخلفي
MNBe77fQv00 ليرد هاميلتون يركب أمواج إعصار كاليفورنيا
MNYNe5hU-EU كيف ينظر رجال أعمال في أمريكا إلى السعودية؟ أحدهم يوضح ل搌NN
MNhhvxYpSR4 ملايين المشاهدات لفيديو تزحلق رجل أمام منزله المتجمد
MOqvfKwcCdg مقابر ضحايا فيروس كورونا في إيران.. أقمار صناعية تكشف حجم الكارثة
MOuwWbPXkrI سيارة طائرة.. فقط بمليون ونصف دولار
MOvy-ZwsgZ0 الدكتور أنتوني فاوتشي يتلقى لقاح كورونا: أثق في فاعليته وسلامته
MPrJacKjZZg ما هو دور إدارة الموارد البشرية في الشركات؟
MQv6nS9L0GY \
MRejJc6B4fA نجاة راكبة دراجة هوائية باعجوبة
MS2xzuldO6g زوجة ناشط مصري معتقل في سجن طره ل搌NN: ما يحدث له مرعب للغاية
MS5M7I2QqqA رياضة الباركور تعلّم شاباً مواجهة الاعتداء الجنسي من والده
MTQaBTP-rxU علم أنه سيموت.. فترك رسالة لزوجته قبل وفاته بكورونا.. ماذا قال؟
MTy_z7p90cM الإدارة الأمريكية تدرس تسليح المعارضة السورية
MVt9tBuoZIo الفالح: سنقوم بما يلزم لتحقيق التوازن بسوق النفط
MWa9DxCpFjA روبوت \
MWhWA3bMB80 سعودي وزوجته يرويان رعب هجوم اسطنبول
MXD3a8sgboQ حصرياً.. زكربيرغ: لن أتنحى عن رئاسة فيسبوك
MZ7xoNtRqXg رافاييل نادال يكشف ل搌NN لماذا بكى بعد الفوز ببطولة أمريكا
MZXX9O3eXxE البانثيون \
M_aKG5W54hI الجسد المثالي يعني تمارين قاسية؟ 5 خرافات عن اللياقة البدنية
M_jUm5DIdWc فرقة \
M_jxgvm2-XU من هي بيغي ويتسون؟ وما الأرقام التي حطمتها بالفضاء؟
MawWkxPP7SU مدير CIA الأسبق ل搌NN: طالبان ستواجه \
Mbhp92yiNCY بعدسة مصور.. هكذا يبدو الوجه الحقيقي لفيروس كورونا
McMAl39i9Q4 تصفيف الشعر بالنار.. آخر صيحات الحلاقة بغزة
MgH6HKDUwKo 12 فريقا أوروبيا يعلنون \
MgwgcdK_YNQ تابوت فرعوني يحمل رسالة إلى العالم عن مصر في إكسبو 2020 دبي..ما سره؟
MhATLev41Lg مجموعة العشرين. كيف بدأت وما تمثله للعالم؟
MhNYcFQBLaM هل اُستوحي الكوكب الخيالي في أفاتار من هذه الحديقة بالصين؟
Mi6FmkjV3Dw أمريكا تسعى لوقف مساندة العراق لإيران اقتصاديا
MiKNEWnzzRY قهوة مميزة تُحصد من بركان في غواتيمالا
Mimz8St1rMM بعد 10 سنوات على الحرب في سوريا.. هذه مخاوف وآمال بعض اللاجئين
MkfifPq-yDs كاميرا CNN ترصد آراء الشارع السوداني بعد رفع عقوبات أمريكا
MkzmZ7aTWJ8 داخل مطبخ أقوى رجل في العالم
Ml9G76AzzMI مقابلة نجيب ميقاتي مع شبكتنا الكاملة
MlxCrQWLJ6c \
MmdD0djWo2Y مع انتشار متغير \
MnfAqCzFGLU كيف رد رئيس وزراء باكستان على سؤال ل搌NN حول الوضع في أفغانستان؟
MnuEbWeDmmk بعد حصولهم على 5 آلاف خوذة من ألمانيا.. سفير أوكرانيا ل搌NN: نشعر بخيبة أمل
MoxYYy468S4 فاصل زمني مذهل للأرض من الفضاء
MpEFhmbjRpI الثورة السورية أشبه بحرب أهلية
MpLtNKKtI6c أمهات فنزويليات يبعن أجسادهن من أجل لقمة العيش
MqudKWlWaJA ‎‫ناشطون سوريون خلف كواليس الثورة‬
MrxlwRqJd9M شركة قد تساعد بتحويل الصحراء إلى تربة صالحة للزراعة.. وتجاربها في دبي
MsDenZiZIkw من بينهم عائلات مقاتلي داعش.. ما مصير آخر من فرّ من الرقة؟
Mu_H1VUGfuM \
MupdrK04Kaw بيل غيتس يتنبأ بتاريخ تطوير لقاح محتمل ضد فيروس كورونا
Mv8EnItIEA0 أشباح ووحوش ودماء.. في الليلة الأكثر رعباً في السنة!
MvRbkhYFGjc مذيع CNN يستكشف موقع تصوير \
MvcGdym9P2M إدارة بايدن تتعرض لأكبر أزمة منذ توليه الرئاسة بسبب تداعيات الإجلاء من أفغانستان
MwTgo-968ak دليلك في مصر.. أبرز المواقع والنشاطات والمأكولات التي يمكنكم الاستمتاع بها في أرض الكنوز
MwiIdrw5SvA رئيس وزراء الأردن ل搌NN: معاهدة السلام مع إسرائيل قد تدخل في مرحلة \
MwzNSO4GxjA هل لديك وظيفة مكتبية؟ هذا هو التمرين الأمثل لك
MxQ-rCjJQd0 أهم النصائح لحماية نفسك من الإصابة بفيروس كورونا أثناء السفر براً
MxzBWEGZfy0 أستون مارتن تكشف عن سيارتها الجديدة DBS سوبرليغيرا
MyCs73Fuq04 مفيدة لصحتك ولكن سيئة لأسنانك.. إليك الجانب السلبي الغير متوقع لممارسة الرياضة
MycQq1KCHKc هل يمكن لغير البشر تشغيل أيفون؟
MyiuNCV1_fs نظرة حصرية ل搌NN داخل مختبر تطوير لقاح \
MzJWoPjibzs الفخار في البحرين.. إرث الأجداد بأحدث التصاميم
N-4h6f3UB5Y مطعم في طوكيو متخصص في طبق فريد من نوعه.. ثعبان البحر!
N-AMJfPi3mg هكذا تنقل شاحنات أوبر ذاتية القيادة البضائع
N-I1ofNzhwg الفائز بالميدالية الذهبية في الغولف زاندر شافيلي يتحدث عن عامه الكبير
N-IkNoCgDmA جولة حصرية مع طياري جزر المالديف الحفاة
N-Ts7g7RdGg الأكبر من نوعه في العالم.. هذا اليخت مصنوع كلياً في الإمارات
N-adPL6gSbo إنجاز لشابة سعودية.. 9 ساعات سباحة ورقم قياسي في دبي
N08lrMOo1M4 سيارة قديمة مكشوفة تتجول في \
N1541g39reQ رجل يكافح لإيجاد الأكسجين لمرضى فيروس كورونا في الهند
N19dCZB7pgs الفالح: لترامب آراء وقرار أوبك سيكون لصالح دولنا ومستهلكينا
N1Oh-XgMe2M كيف نتغلب على العطش في رمضان؟
N1VieaWbvDU ملياردير يبحث عن 8 أشخاص يشاركونه رحلته للفضاء مجاناً.. والتقديم مفتوح للجميع
N1fRFgm2z1g \
N2CFAcdZVQI جدارية توقف العنف في بلدة مكسيكية
N2EVIcvixbY رجل يصور لحظة حدوث صاعقة
N3aF6gaeI38 تم تسجيل أكبر عدد من الوفيات بسبب جرعات زائدة من المخدرات في عام 2020.. هل السبب متعلق بالجائحة؟
N4PXxqngJZ0 شاهد كيف تُبنى وحدات المنازل الجاهزة في مدينة ناطحات السحاب.. دبي
N4qhK9qooq0 تقنية ثلاثية الأبعاد جديدة تساعد في تصحيح عيب خلقي بالأجنة قبل الولادة
N5q2SmGY6yA هذه أسرع امرأة \
N6cxyxDebhg تقدم دائما للوظائف المناسبة لمؤهلاتك
N7237IHx73g أرنولد شوارزنيغر مخاطبًا شعب روسيا وجيشها: أطلب منكم مساعدتي في نشر الحقيقة
N7VtslVFfBA شاهد.. روبوت بعجلات يقفز كالحصان
N7WEcc0f4bU كيف يساعد علاج الملح الجاف المسافرين قبل رحلاتهم؟
N8Zm1536b3c كيف أصبحت سياسات بايدن أقرب لنهج ترامب من أوباما؟
N8ajQVj9-Ck تعرّف إلى قائدة طائرة بلا ذراعين
N8u-qpZa5D8 بوستر.. شارك في \
N9NPH7cqSpU هل أصبحت كيم كارداشيان \
NAfL9FAlK-g نظرة من الأعلى على جزيرة ومنتجع زايا نوراي الفاخر في أبو ظبي
NB2yS_gP3Ro مفيدة لصحة القلب.. تعرف إلى فوائد \
NB6tE5VuXAM مدمنو أدرينالين في وادي رم يتسابقون بعربات تجرها مظلات شراعية
NB7aoM_wWYM سيدة أمريكا الأول.. أم عزباء بالخطأ
NCJEdVaMO6M لعشاق السيارات.. مرسيدس Project One بقوة 1000 حصان
NCTZaGVBS2Y بإطارات وجوانب مذهّبة.. هذه \
NCxCnrpOSps شركة في دبي تحاول إنشاء مجتمع للاعبين في المنطقة
NEY3z8NYi60 بيريز: أفضل ردع إيران واستقبال لاجئين سوريين غير منطقي
NF5ik7twOgs نظرة على أفضل ملاعب الغولف في العالم
NFnoi7VKT5A فيسبوك تطلق خدمة البحث ‎ Graph Search
NFqIpnBaWWg كانت فضيحة.. شاهد رد فعل مراسلي CNN بعد أول مناظرة بين ترامب وبايدن
NHFVZWgcEkI فيديوغرافيك.. إيران تقفز 8 مراكز بين أقوى الدول عسكرياً
NHUhug04-fw مغامرة العمر.. حفيد يسافر مع جدته إلى 61 حديقة وطنية في أمريكا
NI5uV0Filu0 شبكات التواصل الاجتماعي : خطر على الأطفال
NISOuOvwqP8 جولة داخل الجناح الفاخر والمغلق بالكامل لطائرة بوينغ 777
NJceljqljRo مياه على المريخ تزيد عن حجم المحيط الأطلسي
NJoApt4V1pU ظبي ضد الترامبولين؟
NJro-_AER7o ميلانيا ترامب تكشف عن زينة عيد الميلاد الأخير لها في البيت الأبيض
NJvqFYbbubg كيف تكسب المال مقابل استخدام معلوماتك \
NKtCPFZR_y8 أفضل مواقع الغوص بالسعودية
NLOvN_oyTo8 خالد الفالح ل搌NN: ولي العهد قائد عالمي وسمعته لن تتزعزع
NLfxO8V_m80 إليكم 5 خرافات عن نوم الأطفال
NLgiL0xFq-A كيف أصبحت شخصيات ديزني الشهيرة إماراتية؟
NN6vASDgCB4 حزن وقلق.. و\
NO68A11pQfE الكشف عن كنز دفين لثروات قديمة بعمق رمال الصحراء السعودية
NOqCQxx_hQo الرئيس التنفيذي لطيران \
NPnLVPNhXvs مشروع ليلى: منع حفلتنا في الأردن كانت من أجمل ما رأينا
NPrReMJFQuc \
NQXqxqw3Hrw هذه الأرقام  تخبرك الكثير عن صحتك
NQdQQJQLGKc أعجب بها ورسم لوحة لا تشبهها.. خربشات شاب لغريبة في المطار تلقى رواجًا كبيرًا
NR-U9-8Zveo معركة واترتاون بالتفصيل وبصور أحد الهواة
NR5bo4hJ5xM كوكا كولا تطرح أول مشروب جديد لها منذ 11 عاماً
NTBGCJHBAM4 حقائق علمية مذهلة عن فوائد البيض
NTGK_bQolIM تقنية جديدة لأول مرة في نهائيات كأس العالم 2014
NTpsKGerWbI وزير المالية السعودي يتحدث ل搌NN عن قمة العشرين وترامب ومنظمتي التجارة والصحة
NU_kZOwAC0k بلينكن عن التعامل مع محمد بن سلمان بعد تقرير خاشقجي: علاقتنا مع السعودية أكبر من أي فرد
NUj1oNecHtE رغم وعودها.. مذيع CNN يشرح: لماذا يجب على الولايات المتحدة أن تقلق من طالبان؟
NVEbVRNNkDY دب قطبي يلعب بكرة السلة
NVaCxP443ys آبل تكشف عن جهازي \
NVhqdZGe1Y8 إدارة ترامب تقطع علاقات مع محامية بسبب خلافات حول تزوير الانتخابات
NVjIJi939IQ ثوار يخترقون السجن المركزي بإدلب
NWdT3L1lX-E شرطي يحطم هاتف امرأة ليمنعها من التصوير
NWm1WJtLgTc فنان \
NYvbwhmdpZ4 السجن وغرامة لأمريكي بالامارات بسبب فيديو ساخر
NZK2SkbIAAc مراسل CNN يدخل الى حلب .. الجزء الثاني
N_Fq59AjJLc 4 طرق سريعة لتكسب تذاكر طيران أرخص سعرا
N_Uk7o8Uj8M آخر ما قالته مدونة أفغانية قبل مقتلها محاولة مغادرة كابول
N_dztMXgN9U بين جيشي مصر وتركيا.. أيهما يحتل تصنيفات عسكرية أعلى؟
Nb3uwsOm6Ls 5 خرافات عن الرواتب
NbCMCHNWsRY ما سبب تغير نتائج الانتخابات الأمريكية 2020 بشكل مفاجىء؟
NcbJ0AGttT4 تصدع حوض سمك بمطعم يدفع زبائنه للهروب
NduRBGFdU5I كيف تتقاعد وأنت مليونير؟
NeHGMUKgEHs شعب الثلج في المغرب: معاناة مع البرد الشديد
NeaYWOloH8U مؤتمر ستيب في دبي.. كيف يدعم رواد أعمال الشرق الأوسط؟
NeoPpQUYvoc ثغرة في واتساب.. هكذا يُخترق هاتفك بغضون 10 ثوان
Nf9CqLq9D7Y من عُمان إلى القارة الجنوبية للتوعية بحماية البيئة
NfFfI4egxbY بايدن: \
NfhZCtur47k رئيس المجلس الانتقالي الجنوبي: الحوثي يحاول التمدد في اليمن والإمارات تشاركنا مكافحة الإرهاب
NgMZd3aicYE مسؤول سابق يكشف ل搌NN تفاصيل اغتيال رئيس هايتي: تلقى 16 طلقة
Nh667BfZwHU ماهي المساعدات الأمريكية التي ستُقطع عن مصر؟
Nji2LRuhGNA أجراس ترن منذ أكثر من 200 عام وأكبر جرس في العالم..من خلفها؟
Njt1vZVm4to في ظل فيروس كورونا.. هكذا يمكنك حلاقة شعرك في المنزل
NlM8j28PovE مع انتشار متغير \
NlMicA0LhxE سلحفاة تتكهن بنتائج كأس العالم
NmJaMnBs0VE مذيعة CNN كريستيان أمانبور: إسرائيل والخليج أرادوا فوز ترامب
Nm_gBIU5LFY البحرينيون يحتفلون بالطبول والدفوف والأناشيد بوداع شهر رمضان
NnY8rZ1UH4M لا تتفاجأ.. هكذا يمكنك تناول الوجبات السريعة أثناء حميتك الغذائية
No10eONPC5c هل تحلم بتجربة سفر روحية؟ شركة سعودية توفر لك ذلك
No8dw6-Xoy4 بحار يحطم أرقاماً قياسية بالإبحار بمفرده عبر 5 محيطات ب يوم
Nof1QjrmwKQ سيد المآدب.. ما هي أفضل طريقة لتحضير المندي؟
NpNumtxUOvg تاريخ علاقة ترامب المشحونة مع الصدق والكذب
NrU5r4jtr4M داخل دبي أوبرا.. معلم دبي الجديد بكلفة 330 مليون دولار
Nt-yZXNz3A0 تعرّف إلى التكنولوجيا الجديدة التي يمكنها تزويد آلاف المنازل بالطاقة
NtINBicZhMw مرحبا بكم في بلدة الأموات حيث تهيمن \
NuEUZB7No-4 ما الذي قد يتضمنه التقرير المتوقع للاستخبارات الأمريكية في قضية جمال خاشقجي؟
NuUvvTB-kco تفاقمت في ظل جائحة كورونا.. كيف يمكن سد فجوة التوظيف؟
NumNbb2y7oo متحف في دبي يعرض نسخة من سيارة \
NvWhAIQUYgU بعد كل التحقيقات.. لا دليل على تزوير انتخابات أمريكا على الإطلاق
Nw_lHNyWMDA بوتين يوجه تحذيرًا مشؤومًا تزامنًا مع هجوم روسيا على أوكرانيا
Nwe1QX0INR8 كاميرا CNN ترصد لحظة إنقاذ تركيا مهاجرين طردتهم اليونان
NxC0hLoyc00 شيف صغير بحجم الإصبع يطبخ لك الطعام داخل صحنك
Nxrhmedi-Tc كيف تحول مشروع صغير للغة العربية إلى شركة ناشئة؟
Ny5ZuKzrBTA روبوت يؤدي مهام الإنسان ببراعة حتى إدخال الخيط بالإبرة
Ny66mbssRo8 تقنية خطيرة وذكية تزيف مقاطع الفيديو باحتراف
NyZ3cdj17rU مواجهات بين الشرطة ومتظاهرين أمام مقر CNN في أتلانتا
NyZcDOr9lrY هل نجح اغتيال سليماني في ردع إيران؟ مستشار بايدن للأمن القومي يوضح
Nz6hgenaRZE جولة سياحية في \
NzpKQdkBGws وزير دفاع أمريكا ل搌NN: لم نتفق على حماية الأكراد من حليف بالناتو
O-KIR1VxdHY ممثل إقليم كردستان بلندن: هل هكذا يُكافأ الأكراد لقتال داعش؟
O-LUnYOCyyI هل يتمكن هذا اللقاح الصيني من إعادتنا إلى الحياة الطبيعية؟
O-eUW3uGAas جو بايدن: سآخذ لقاح كورونا حتى لو كلفني ذلك الانتخابات
O-y2xk8erOU لبنانيون يروون الرعب الذي عاشوه لحظة انفجار بيروت: لبنان سوف يعود
O-zFrL0hMZw لماذا فيتنام ليس لديها حتى الآن أي وفيات بسبب فيروس كورونا؟
O00UI3GOg6s المشاهد الأولى بعد اغتيال قاسم سليماني في العراق
O0L_JsqtYUA مطاعم لندن تعود للصخب مرة أخرى.. وقطاع الطعام يواجه تحديات
O0yyLsb6Urs ماذا فعل ترامب وبمن احتك قبل تشخيصه بفيروس كورونا؟
O12V8Cl_V4I شبح الموت يحوم في أحياء حمص
O1MowTY0orc مؤسسات أمريكية في مرمى أهداف قراصنة إيران بعد مقتل قاسم سليماني
O1QAbaFaUMg فيروس كورونا يقتل 4 أشخاص ويتسبب بمرض آخرين بعد عشاء في أمريكا
O1Vra_vrKnk إليك ما وراء كواليس أطول نافورة راقصة في العالم
O2lJSDTEdz4 سباق على قرع الطبول
O4KsQAYzjwM ألمانية تعشق الحياة البدوية وتربي الإبل في صحراء دبي
O4tPNjfxUw4 شركات تلجأ للأشعة فوق البنفسجية لقتل فيروس كورونا في أماكن العمل
O55dMjiBZxo حصرياً ل搌NN.. أضرار صواريخ إيران على القواعد الأمريكية بالعراق
O5vECFo66_Q كيف يساعد الذكاء الصناعي المكفوفين في رؤية ما حولهم؟
O6MZUHtyHBo فلسطيني يحوّل الخردة الى سيارات كهربائية
O6n6vcl_htU هل هناك احتمال أن يعود فيروس كورونا في موسم الخريف؟
O79YnQBZSs8 هل ستنجح السعودية في عملية التغيير الجذري لاقتصادها؟
O7eElpJzdiM هذه هي أهمية اللبن في رمضان
O83xii-jCWI جهاد أزعور يوضح ل搌NN التوقعات الاقتصادية للشرق الأوسط بظل كورونا
O8OX8HkTKuo مونديال البرازيل يكتسح تويتر وفيسبوك
O8bEPM5450k جدة: ارتفاع أعداد النساء المنخرطات بنوادي كرة السلة
O8lWDh53z6w هل تعرف كيفية اكتتاب عملة رقمية خاصة بك؟
O9-lHaukFns توماس فريدمان ل搌NN: ربما يكون بايدن آخر رئيس ديمقراطي مؤيد لإسرائيل
O9J2wUR0pqo فيديوغراف.. موقع انطلاق هجوم أرامكو السعودية وفقا لمحللين
OA8ceERz7Sw تعرف على رؤساء أمريكا السابقين عبر الآي باد
OAmfCBQm-PY لماذا غيّر مارك زوكربيرغ اسم فيسبوك إلى ميتا؟
OApmaSodwU4 ما هو دور \
OBlXFWHTfCc أطفال غزة .. بين البراءة والموت
ODacCxKYGmU آثار طويلة الأمد لكورونا.. شاهد كيف غيّر الفيروس شكل هذا الرجل
OEN40-O6u7E شركات الطيران تعاني مع المقاعد المزدحمة.. كيف سيكون شكل السفر في المستقبل؟
OEPc5cibo_c أمريكيون يحتمون بمخابئ صدام حسين خلال هجمات إيران في العراق
OFGK3_81PmQ إليكم مزايا اختبار فيروس كورونا سريع ورخيص
OFN2JQo5K40 نوادي الرقص العاري تنشط مع كل اجتماع للامم المتحدة
OFdGorDCjSU مصورة كينية تُغير منظور الجمال الأفريقي بأسلوب جريء
OFed4U7IGVM حصرياً.. كاميرا سي أن أن مع ناجين من \
OHMQkwAa7cY نائب أمريكي يرفض الانتماء للجمهوريين من الآن فصاعداً بسبب ترامب
OHOqZInmvFY 5 قواعد يمكنك الالتزام بها لتصبح صديقاً أفضل
OHwr97jEdOU نساء يقدن دراجات هارلي ديفيدسون في السعودية
OJ2aaMacStU سوريا: الثوار يقتربون من بشار الأسد
OKS2Ywap_c0 ألحان فيفالدي تنتعش من جديد.. في \
OKlWSsVYVto حملة تعر من أجل رياضية لبنانية في سوتشي
OKuTlCOEvOY الإسباني جون رام يفوز ببطولة أمريكا المفتوحة للغولف
OL2SzPdzXeI نايكي تطلق \
OM0tEbs8Zgo يوتيوب يبني استديوهات خاصة لتصوير الأفلام
OMtFyuyFk68 هل تتضرر علاقات قطر مع روسيا بسبب تزويد أوروبا بالغاز؟ وزير الطاقة القطري يجيب
ONeurDIgXFE مرتفعات الجولان.. ما أهميتها وما تاريخ النزاع عليها بين سوريا وإسرائيل؟
ONy5gDItVAQ مارلبورو تريد من المدخنين التوقف عن شراء السجائر!
OO0RrmcOLqw موسيقى الجوجوكا: من الريف المغربي إلى العالم الأرحب
OOCS2dXnN5o ترامب يخضع لعلاج تجريبي.. ماذا يمكن أن يخبرنا عن حالته وشدة أعراضه؟
OOwumHUgx0U افتتاح أكبر مطعم مغمور تحت الماء قريباً.. هل تزوره؟
OP4TzO1SlFg الطرغول.. حيوان صغير يشبه الغزال يُرصد لأول مرة بعد 25 عاماً
OPaG61Pswgg حول حكاية مي فتيحة
OQAyLeUZQqE مشاهد بديعة لتساقط البرد الكثيف في أبها بالسعودية
OQIIDNbYy5U هذا الجسر في بيرو يتم نسجه كل عام
OQL-LH6SNwg ما الذي يحصل لحساباتك الاجتماعية بعد موتك؟
OR-v-lhG4Do قبطان السفينة الكورية يتحول إلى متهم
ORJZeJLLvWY صدمهم بسيارته ثم ترجل منها حاملاً سكيناً.. هكذا هاجم نوح شرطة الكونغرس
OR__sUvhhW8 دولتشي آند غابانا تستخدم طائرات بدون طيار كعارضات أزياء
OTKiPhYWTi4 هذه \
OTcNj8mrl30 طبيب يصف الوضع الرهيب في مستشفيات أمريكا لعلاج مرضى فيروس كورونا
OTupCp-RKYw مثل شبكة صيد.. هذا هو الإلهام وراء تصميم جناح العراق في إكسبو 2020 دبي
OU4Eij3QDSg شقيقان يحلقان بطائرة معصوبي العينين.. كيف هبطا على المدرج؟
OUB1wGN4Owc عمر السومة: جاهدنا من أجل التأهل ونحتاج للدعم أمام أستراليا
OUDlUs3gdcc شقة قابلة للطي بأقل من مليون دولار
OUWIMNDJiWI حسن منهاج.. أمريكي مسلم ينتقد وضع الأقليات في الولايات المتحدة
OWCfgeTSdLE ‫أمريكا وإسرائيل تبحثان وضع \
OXHr3pfZiw4 عدسة سي أن أن تكشف أسرار أهرام السودان
OZ128yl1CI4 طيارون يقودون طائرات عمرها 100 عام
OZv97ZyvnmE كنز أثري جديد في مصر.. \
O_GCj4Y1ibM ألوان زاهية وأنماط مميزة.. إليكم نظرة عميقة داخل أسلوب الأزياء الفريد للملكة إليزابيث
O_MEDRrqRyU كيف علق البيت الأبيض على اغتيال رئيس هايتي؟
O_ou5cFF898 شركة تفاجئ موظفيها ال بعلاوات ب񤀐 ملايين دولار
Oabpe4gY6tU هذا حال اللاجئين ممن أصبحوا ورقة ضغط لا أكثر
OaqCbOdljvU فيسبوك يُموّل تجميد بويضات موظفاته لتأجيل الإنجاب
Ob-WXDrb68k شاهد.. ردة فعل ترامب عندما سأله صحفي: لماذا كذبت على الأمريكيين؟
ObbUVkc9jAs أبحاث مثيرة.. دم الشباب قد يعيد الحيوية للكبار
Obwxxf3D1DU قصة فوز بدأت برسالة من مجهول.. كيف حقق العراق بطولة كأس آسيا 2007؟
Oc-pnMZcFXs داخل مقهى \
Oe8xf_yOD3A إمرأة تدهش المشاهير بمهاراتها الكروية
Oed-jk0TKzg \
Oev3c2ThQQs إفريقيا الهدف المقبل للفنادق العالمية
OfGtOTaUClY كوب من \
OfYlC7lKrU8 روبوت يتحرك كالدودة في المواقع التي يصعب الوصول اليها
OgoXgmyb-ok \
Ogq80_4GbE8 مدينة حلب.. وصراع من أجل البقاء
OhvnuB0OgyI وزير خارجية السعودية عادل الجبير: لا نريد تغيير نظام الدوحة وقضية قطر صغيرة جداً
OhwvgWzgdIQ اضافة حرفة ومهارات \
OhzrMjgd4Yk في حال تنظيمها.. هكذا قد تبدو ألعاب أولمبياد طوكيو في ظل كورونا
Oi88gVR8viA هذه الشركة تتقاسم أرباحها مع موظفيها
OiIXB-Dh_Rg سعوديات يتدربن على قيادة السيارة داخل حرم جامعة في جدة
OiqXOHS59qs سكان دبي يحلون لغزاً غامضاً لموقع سجن قديم بالهالووين
OjaltcN-J8Y ذكرى تنحي مبارك.. مراسلا CNN يرويان ذكرياتهما عن \
OjewWCRUwQ4 خطوة لحل مشكلة النفايات..شركة لبنانية تحول النفايات العضوية لأسمدة
OjgTBO_2WLg أسامة هوساوي يكشف سر وصول السعودية لكأس العالم 2018
OjkJOJR4E9M النجم المصري آسر ياسين يتحدث عن المرأة والسينما
OkKBNMSKrcY الكشف عن أسرع سيارة كورفيت بسقف قابل للطي
Olg8izP1yh0 فيديوغرافيك.. إليكم القدرات العسكرية للإمارات بالأرقام
OlizvjHHos4 أفكار صحية وبسيطة لوجبات خفيفة للأطفال لما بعد الظهيرة
OmZbAxgdxAA مركبة غامضة تهبط على الأرض بعد 22 شهرا من الدوران حولها
Omw1VD4mcI4 راهبات يمارسن الفنون القتالية المميتة بدير في نيبال
OnTkTzYKM14 إدمان ألعاب الفيديو حقيقة.. هل يمكن معالجتها؟
OniCHEBO1R0 هل سيهرب الأسد إذا سنحت له الفرصة؟
Ons7ec5eAZY بوينغ وأيرباص.. حرب للهيمنة على السوق في أجواء العالم
OonXUZubFyU أفريقيا قد تتضرر أكثر من الصين من فيروس كورونا
OoviwVjoHhY هل لا تزال جدوى أوبك قائمة في عالم النفط؟
Op27QCrg9v4 حصري.. مراسلة CNN من انتفاضة السودان: تعذيب وبيوت أشباح
Op5XIiq75l8 أوباما يعود إلى البيت الأبيض ويخاطب بايدن بـ\
OpVLG-isNpY من “كفرناحوم” إلى “الجمعية“.. أفلام عربية قادمة بقوة
OqBgtGRr2b8 ماريسا ماير من مهندسة بـ\
OrQgl22qHDQ \
OrwNd0B1hpo شاهد.. لحظة إعلان مذيع CNN جو بايدن رئيساً للولايات المتحدة
Os0s2re4X48 تشابه كبير بين خطاب ابنة ترامب وكلينتون
OsFcEqaKOFk الأمم المتحدة: المراقبون باقون بسوريا
OsQLemgMgnI هذا ما تفعله الكلاب في ثلج ارتفاعه قدمين
OsVCRet2dwY تعرّف إلى قصر إسحاق باشا في تركيا
OuKLz4QeTZc هل يمكن استخدام الموز للتحكم بالكمبيوتر؟ الجواب هنا
OuqLskDR9Mc رجال الآثار.. قصة واقعية من عهد النازيين
Ow6f-1pbq9A كلب يهزم مرضه النفسي بدخول الأبواب عكسيا
OwbDpGkp15k استاد \
OwhDDsNZ7Qo لوحات فنية شديدة الواقعية لفنان نيجيري
OxJPtkZ1xrA رحلة عبر القارات لبناء أطول سكة حديد.. تعرف على \
OxogyNmsj5s من بوينغ.. طائرة ركاب هائلة بأجنحة قابلة للطي
OxutuiuI2zw هل تعرف كيف توفر شركات الطيران منخفضة التكلفة المال؟
OzdbZYqhgbI متغير دلتا ومتغير ألفا لفيروس كورونا.. ما هي أوجه الاختلاف بينهما وأيهما أكثر خطورة؟
OzjFnWJUMnk لماذا أثارت ساعة زعيم كوريا الشمالية الجدل بين وكالات الاستخبارات؟
P-2z9MFddLc شاهد غصة مذيع CNN على الهواء بسبب فيديو أوكرانية تصرخ وسط الدمار بعد قصف روسي
P6-H29e9-Hs العثور على سمكة قرش نادرة تعود لفصيلة عمرها 80 مليون سنة
P6j6RDdctPM قراءات قبل لقاء السعودية وقطر بكأس آسيا
P6tuZbdB9NU خطوط الموضة لربيع وصيف 2015
P83nMnmGqOQ \
P8Ur8a27kmY غسّان مسعود: كل ما قدّمته من أفلام لم يخفني كما أخافني \
P8fBE4D54G8 جامعة تمثل حلاً لأزمة التعليم لدى اللاجئين والمتضررين من كورونا
P9Sofh7NCNY الطعام يهبط من السقف في قرية الألعاب الأولمبية بالصين
P9d-rCABnYI بوغاتي ب񤀙 مليون دولار.. أغلى سيارة تُباع في العالم
PA1DZ4VGZfs شاهد.. حاملة الطائرات الأمريكية “الخارقة” الجديدة
PA5S2B3K8QM دريد لحّام يحقق \
PAORdRetsdI هكذا يتصدى البدو لأحد أخطر فروع داعش في سيناء
PAmo1j8FJa8 هل تجرؤ على تسلق جسر ميناء سيدني؟
PAoJECg-Qcs سوريون يهتفون ضد الأسد من تركيا
PDsNxWPjgdE صيادو غزة معاناة مستمرة وشباك خالية
PEC3lY-T2Ds انتخابات إيران على الأبواب
PEMrZH-Nrmo طبيب يشرح الحالة الطبية للعملية الجراجية التي خضع لها البابا فرانسيس
PEMwUXQfYcM هل يختلف المشهد بالجمعية العمومية هذا العام؟
PEQjdfVECRo مقص نباتات بأكثر من 32 ألف دولار.. ما قصّته؟
PFMDCpNQ2vQ \
PFSPdhwVVSo مراسل CNN يدخل إلى حلب.. الجزء الأول
PGZ20tUgOM8 طائرة بوينغ ضخمة تعبر شوارع هيوستن
PHJvAv_5-6I جولة داخل أكبر قاعة لتجارة الماس بالعالم تحتضنها دبي
PHTr-ALqLLM شاهد.. أول ظهور علني للملياردير الصيني جاك ما بعد شهور من اختفائه
PI8YkPxZ100 عاريات الصدور يتظاهرن أمام برلمان القرم
PKwQvSNwasI سلمان بن عبدالعزيز مستشار ملوك السعودية يصبح ملكا
PLc4MzH0Vs8 حركة مرور خانقة للمطار وذعر وسباق محموم لسحب الأموال من البنوك.. هذا حال كابول
PN28wvU9kwA تناول الغداء مع \
PO4GvqPQ-Fs سحل مواطن يثير ضجة بالشارع المصري
POXuofedxZE من هو المبتكر الحقيقي للفول المدمس؟
PRQZNiIYblY سوريا.. إن لم يقع الهجوم فما الخطوة التالية؟
PSJrvD9zknM ريم الهاشمي لشبكتنا من موقع إكسبو: الحدث تجسيد لما يعنيه التعاون الدولي
PSw7j9nFh88 كيف تحافظ على وزنك في الإجازة؟
PTJIBbsg52o كيف هي حياة أفقر رئيس في العالم؟
PU3RGu7eD8w لحظة وصول رئيس وزراء إسرائيل إلى أبوظبي وإستقباله من قبل وزير خارجية الإمارات
PUS2Ru1KnbE الكمأة..شاهد كيف تقتفي الكلاب أثر أحد أندر أنواع الفطر غير المرئية في العالم
PUp6npLYwgI واحة سيوة.. وجهة سياحية مخبأة في صحراء مصر
PUuI4xBz4mM الدبلوماسية تتحرك ولا حل في الأفق
PVDQib-xKtI أبرز العوامل التي قد تؤدي إلى اتفاق أو مواجهة بين أمريكا وإيران
PVlya8uGgGQ نوربرت روتغن ل搌NN: سلوك ترامب فظيع وأخشى أن يتجاوز أنصاره الديمقراطية
PWcHeJmtalw مهما كانت أنواعه.. وصفة لطهي كل الطعام المتبقي في ثلاجتك قبل تلفه
PXa0vDof_54 أم تُنجب طفلة ليست لها لتكتشف الأمر بعد 4 أشهر.. ماذا حدث؟
PYTf5RK8WKc شقة أشهر نجوم الروك في هوليوود
PYly3rQ1U9Q مشاهد مضحكة ومخيفة لأطفال داخل حديقة الحيوانات
PZDj4jjI-PQ وجبة النمل الأسود.. أحدث وصفة تنضم للمطاعم
PZoAD8jRuVk صفقات معرض دبي الجوي تثير الرعب
Pa06e9aoxQg مأساة بورسعيد.. من أرض الملعب إلى المحاكم والشوارع
Pb9USRLM-nY هذا ما قاله ترامب لحظة إعلانه اتفاق السلام بين البحرين وإسرائيل
PbjNVY9o11o ترامب يرفض النتائج ويتوعد بالمقاضاة.. ومراسلنا: لعب الغولف لتجنب مشهد خسارته
Pctu2eNnrEk تعرف على وادي الموت.. وجهة المقاتلات المفضلة
Pdwp_gA4d4M ترامب يلتقي لافروف خلف أبواب مغلقة ومنع إعلاميين من التصوير
PeMTLkbRy4M مراسلنا يرصد اللحظات الأخيرة لإخلاء الكونغرس ومحيطه
PeNeyDcTTFU فيسبوك ستوفر انترنت في المناطق النائية بطائرات دون طيار
PerIfERekvY فيديو جديد راقص لأصغر عضوة في الكونغرس
PfwRYoHVRvY صنع سيارات وطائرات بطابعات ثلاثية الأبعاد
Pksv0uWzup4 من خفض ضغط الدم إلى الحد من التوتر.. ما فوائد تاي تشي؟
Plg68L6F6IQ هل تكون هذه أول سفينة ذاتية القيادة تعبر المحيط الأطلسي؟
Pn-SVIw5vUg هل نجحت السعودية في مكافحة فيروس كورونا؟
PoU1ske8Ww4 تفاعل لافت مع إطلالة روبي وليلة طرب تاريخية في الرياض.. إليكم الأبرز في الأسبوع الأول من 2022
PoYEImxMx_Q قلق أردني حيال المستقبل مع توافد اللاجئين السوريين
PosKj05wBYE شاهد رد فعل مراسل ومذيع CNN على الادعاء بأن لقاح كورونا يجعل الجسم مغناطيسًا
PpAfKkyS_88 إطلالات جريئة ضمن تشكيلة ديما عياد لخريف وشتاء 2015
PpYmNMTJRrQ ترامب: السعودية حليف مهم وسنعرف ماحدث لخاشقجي نهاية الأسبوع
PqyaAtZnGtA ما هي حيل التجسس التي يجب اتباعها للقيام بمراقبة فعالة؟
PrG7pmkmG34 يستغرق تحضيره 40 يوماً في الإمارات.. هل تجرب وجبة اللحم المعتقة هذه؟
Ps-XPDnMcI4 أول شبكة إخبارية تبث على مدار 24 ساعة.. هكذا كانت بداية CNN
PscWMDVfBYU أحد أقدم الأمراض في العالم يظهر مجدداً في جنوب أفريقيا في خضم المعركة ضد كورونا
PtiOr_xR5o0 مقتل أبوبكر البغدادي.. ما نعرفه عن موقع اختباء زعيم داعش
PvGUk65n-Tc أكثر من 300 سفينة كانت تنتظر.. ما الآثار الاقتصادية لأزمة السفينة الجانحة؟
PvbvxcP6V6o دابق مجلة داعش الإلكترونية
PvfMrX9MZD4 نهاية ثاني أكبر تفش قاتل لمرض الإيبولا في العالم
PvnZyiG5Rog أمازون تقوم ببناء روبوت لمنزلك.. يمكنه حتى محاكاة القرع على الطبل
PwMAAvJR4QQ جولة جوية لاستكشاف ملاعب قطر لكأس العالم: حجم مختلف كليا
PwjkJtHP3NM مدير نيسان في مصر يوضح ل搌NN استراتيجية شركته والتحديات
Pwm1LufEV2Q صور مذهلة للشمس لم تُر سابقًا تُخبرنا بأمور جديدة عن النجم المتوهج
PxEjYJ9kHDU من مرآب منزل صغير.. هكذا كانت بدايات غوغل
PxaL84IByUM ما هي دول “القائمة الخضراء” المعفاة من الحجر الصحي في إنجلترا عند العودة منها؟
Pxb-atXIzNo أغلى سيارة \
PxjcVsvTdP8 خبير مالي يشرح بعض الخطوات لحماية خطط عطلتك بظل فيروس كورونا
Pxkca37Kgnc \
PyMU0fvBXbo ناصر جودة ل搌NN: القضية الفلسطينية ستبقى جوهر الصراعات كلها
Py_Hne9H-Fg احتجاز فتاة سراً لأكثر من نصف عمرها
Pz0S8fIQMdY لقطات \
PzkNS2qbbDo قد لا تصدق .. فتاة تنجو من الموت بسبب نظارتها
Q-aJ0-Vb7iw اللاعب السعودي محمد الشلهوب.. ما سر حب الجميع له؟
Q0PK8HckL8g السجائر الإلكترونية.. هل هي أقل ضررا من السجائر العادية؟
Q0kjURW3S40 شمشون الإمارات.. بطل \
Q1crn_nsfKI ميسي ل搌NN: باريس سان جيرمان \
Q25Yejp3dTU مراسلتنا تكشف سبب عدم صحة ما قاله ترامب عن الجدول الزمني للقاح كورونا
Q5o_h1uj71M مخبأ للجواسيس وسوق للممنوعات.. ما أسرار الشبكة المظلمة؟
Q60TPGiXZrM صناعة يدوية جديدة في ليبيا...صواريخ غراد
Q6HLAaF1EYs رضا أصلان.. أمريكي مسلم ألّف كتاباً ساعد رجلا بالعودة للمسيح
Q6j2jWvS5vw نجا من الموت 7 مرّات قبل أن يخترع آلة الساكسفون
Q7EWA7Fgc60 الشمس تشرق من مرآة على بلدة نرويجية
Q8jK16rBPIo ما أبرز ما يضاف إلى خبز الرقاق؟
Q8qcCN2jIMg كيف تبدو حياتك إذا ترعرت في قصر \
Q8s2gpJLZh8 اكتشاف قد يغيّر ما نعرفه عن أجدادنا
Q8wDL54zmgU المنتخب السعودي يقص شريط مونديال روسيا
Q9EYM_UNfHw ما هي الخيارات المتاحة لحل أزمة الاقتصاد التركي؟
QBEriQiHsDw شاهد بالخرائط كيف تهاجم روسيا أوكرانيا.. ومحلل: يحاولون قسمها لنصفين
QCJ9A0DiBjU أوكرانيات اخترن البقاء ومحاربة القوات الروسية
QD6dHGMw0k8 جولة لاكتشاف أقدم ضريح أثري لمؤسس وملك روما القديمة
QF25rHJdBEo عروض برج خليفة تجذب أنظار العالم لاحتفالات دبي ب
QFiwz1h-QBc هكذا تساعد نظارات HoloLens العمال على القيام بوظائفهم
QG1xEpwevoY مقابلة مع السفير الاسرائيلي لدى واشنطن
QH3u-q7WqEs مشهد مرعب.. عشرات أسماك القرش تحاصر رياضيين بالمياه
QHaBvRSF1Sk ثوار حلب يؤسسون أول نظام قضائي متكامل بعد الثورة
QHiZLbiatg8 مدير CDC: أمريكا لن تحصل على لقاح قبل منتصف 2021.. وترامب يعارض
QI1HWhWnxgA ماذا فعلت رياح الاعصار \
QIbcTAiIzr4 كيت ووليام بانتظار مولودهما الأول
QJU5ibk3ULE الأول من نوعه في العراق.. عرض أزياء بعنوان \
QJmUFOacp40 الرئيس التنفيذي لطيران الإمارات ل搌NN: علينا النظر للمستقبل بأعين مفتوحة
QK-n5g3UIEg رائحة كوكب أورانوس تشبه البيض الفاسد
QK9YY4jH0MI ضخ الهواء لمواليد هايان بالأيادي
QKMBp1J5T3E كوبا \
QLpXp3N6Ogk الولايات المتحدة تفرج عن نصف الأموال الأفغانية المجمدة لصالح المساعدات الإنسانية
QMmMXhUDyQ4 هكذا تستعد مضيفات الطيران لمواجهة الركاب المشاغبين في الجو
QNJXgGaa0aQ شاب يتحدى القناصة بلعبة موت في حلب
QNLYtEvJ9y4 خطر كبير وجنون.. شباب يقفزون من أعلى الأخاديد
QNfZ-Dv8PCE أكبر معرض فني بالشرق الأوسط.. كيف تكيف \
QOZjToqj1us المقداد لـ CNN: نحن ننتصر ونفضل الحل السلمي
QPrV68RHom8 ما هي أنواع العملات الرمزية وما هو الفرق بينها؟
QQ7BZ1yjN-A بعد الصافرة.. ما إيجابيات غياب ميسي ورونالدو عن الكلاسيكو؟
QQB7KFFyj00 علماء يطورون آليات لاستكشاف الدماغ البشري
QQzRVrsTYfA بالصلوات في الشارع.. هكذا واجه أوكرانيون هجوم روسيا
QRBZbgqxv2g امتلك قصراً مقابل 50 ألف دولار فقط.. ولكن بشرط واحد
QSF_qGNwHAI سمكة غريبة تمشي في قاع البحر.. وغواصون يصورون اللحظة
QSG_l-4v7pM كيف يكتشف المحللون الأساسيون التأثيرات المحتملة على الأوراق المالية؟
QSK4ppz1aTc لاعبة كمال أجسام في ال񤁷 من عمرها
QTS46XI_6QM كيف ردت غريتا تونبرغ على ترامب حول موضوع تغير المناخ في دافوس؟
QTbdhH0zZSs \
QTnUKOICMIk هذه هي وجوه الذين نجوا من داعش في كوجو
QUj9Phl9uPc هل استخدم السلاح الكيماوي في سوريا؟
QY4YYZ87yvE وداعا مارادونا.. اللاعب الوحيد الذي جلب كأس العالم بمفرده
QYHoIyJjVKM بالمناديل والمناشف.. الناس يبدعون في إعادة تكوين لوحات فنية شهيرة
QYJ_DjEaW7w كيف نحمي أطفالنا من مرض السكري؟
QZ9RWJUZsCw هل نودع قريباً الازدحام المروري بعد هذا الابتكار؟
QZTyj5iq5jQ الجيش السوري يتقدم والمعارضة تتهم \
QZwqCsg7IaU أنفاق مظلمة وجنود مدججون بالسلاح.. مراسلنا يكشف كواليس مقابلته الرئيس الأوكراني
QanKa6Y0v8g باغتته قوات النخبة الأمريكية ليلاً.. هكذا تمت تصفية زعيم داعش في سوريا
Qb-xcx_4oTs الدوري الإيطالي يثير الغضب بعمل فني مناهض للعنصرية.. والسبب؟
QbBIdwBkS5k ناسا تقترب من العثور على دليل وجود حياة على المريخ
QcSxA-_ZeYE خطوة بخطوة.. كيف تتم عملية تنبيب المرضى لمحاولة إنقاذهم من فيروس كورونا؟
QcUUcg2swwk مادة مسرطنة في بودرة \
Qc_68BTr_gI فجأة .. أصبح هناك دبلوماسية في الشرق الأوسط
Qd1RoInPG0k سوريون يتطوعون لإطعام الأطفال في حلب
QdgNzf6_IvU داخل سباق طياري المقاتلات الأوكرانية للهيمنة على السماء في الصراع مع روسيا
Qf8_ZNMt7JE أول منزل تحت الماء في العالم
QfF9x_DpHXM سكايب: الحالة السياسية في مصر بحلول ذكرى ثورة يناير
Qff2bzi3hVQ هكذا تنجز مطارات دبي معاملة المسافر بأقل من 10 ثوان
QfpjScVxq4Q إيلا ستيفنز.. طفلة بعمر 13 عاماً تتنافس لتكون أول سائقة فورمولا 1 في فيراري
QhQx6OpRmzc كلب يسافر على مقعده الخاص في الدرجة الأولى
QiLFu3csXMk ما الأسباب التي تجعل من \
QiiG-7yCMd4 تقليد ياباني لصيد واحدة من أصغر أسماك العالم
QjHnGdokBT4 السجون الفرنسية.. قاعدة لتدريب الإرهابيين؟
Qk51Z2N2__I أول حاسوب محمول من مايكروسوفت
QkHM8Ad2Cj4 مؤسس شركة داماك العقارية ل搌NN: دبي أصبحت مدينة عالمية بعد وباء كورونا
QkYL4AbKK5w كيف نختار أطباق صحية في ساعات العمل؟
QkdvdrrgYpE بعد وصفة القاعدة وتهديدات داعش.. تشديدات أمنية أمريكية
QktuSSF7bag ما وضع ملكة بريطانيا الصحي بعد إصابة الأمير تشارلز بفيروس كورونا؟
Ql10wmtwxyk روبوت يستكشف الأماكن الخطرة والأجسام المشبوهة في غزة
Qn6jOlW9DR4 من هم أشباه \
QnBZBCdqTBY بالفيديو.. انتشال طفل سوري من تحت الأنقاض
QnSNs7CcK0s دجاجة بساق واحدة وتمساح.. أبرز الحيوانات الرئاسية التي عاشت في البيت الأبيض
QoFlgGLRLSM ألبس أقوى نساء العالم وأكثرهن تأثيراً.. من هو؟
Qp1ElpnNXys كيف يتعامل محمد صلاح مع من يريد التقاط صورة معه؟
Qq03KHhI0U8 قطع \
QqHxAez3vUc قد يفوق معظم البشر برشاقته.. لن تتوقعوا ماذا يمكن لهذا الروبوت فعله
QrWhljEUOlI هذا ما يمكنك القيام به بنظارات سناب شات الجديدة
QrantyIdddY هل تتصاعد المواجهة بين روسيا وأمريكا بسواحل آيسلندا؟
QrlsNrqPy7A حصريا ل搌NN: سعوديتان تخاطران بكل شيئ للهروب من \
Qs2lo0dq8bU صحفية محجبة تظهر على صفحات مجلة بلاي بوي
QtQmq8LVr1o هذه أسئلة الأطفال عن لقاح كورونا
QtSYjlYVhiM كيف يمكن أن تستفيد السياسة من تقنية #البلوك_تشين؟
QtibuwyPnBA منذ 1000 عام.. ينقل سائقو الجنادل السيّاح في قنوات مدينة البندقية العائمة
QtmvAuT_Aqg السماء تمطر نقوداً.. والطريق مغلق بسبب الدولارات!
Qu4fsLpOedA إيفانكا ترامب تتجول بمسجد الشيخ زايد في أبوظبي
QuAcU6qhL-I تساعد على خفض ضغط الدم.. ما سر حمية داش؟
Qu_z6jgllzg تسلا \
QvjRHY-S-24 مأساة البناية البنغالية مستمرة
QwFtPtj3QKA تصاعد التوتر بسبب ناقلة النفط الإيرانية المحتجزة قبالة جبل طارق
QzTmB6Mw_gk الفن السوري... بين مطرقة توثيق الحرب وسندان تمثيل الوجه الجميل لسوريا
Qzp0G-P696U ليس بجدار عادي.. هكذا تجلب شركة فنلندية هواء الغابات النقي إلى مكتبك
R-5hWNfSsco فتاة تستمع لأنفاس والدها الأخيرة وهو يصارع كورونا ل񤀰 ساعة
R-UKZ4sDllA بعد الشغب والفوضى.. شاهد لحظة تصديق الكونغرس على فوز جو بايدن
R-fllDwqfO4 كيف يمكن أن يغيّر تقرير الاستخبارات الأمريكية حسابات بايدن مع السعودية؟
R00LIt9KdYk مؤسّس فيسبوك يعبّر عن ندمه بلحظة عاطفية نادرة
R0L7t91-RSk لماذا يجب أن يحزن جمهور الهلال؟ الزعيم قدم أفضل مباريات العرب أمام أندية أوروبا وكيبا أنقذ تشيلسي
R0Nqb2Z1Y0s عارضة أزياء غير تقليدية تشجع أصحاب المقاسات الكبيرة
R0wS8e4XNao في قلب دبي.. يمكنك رؤية غروب الشمس من أعلى نقطة في العالم
R1Vlc48jgh8 وزير خارجية إيران: لا يمكن استبعاد فرص حدوث كارثة في المنطقة
R1ctBiSklW4 لماذا حدثت النتائج الكارثية بكرة القدم بعد كورونا؟
R27z9EFBz-4 تعرّف إلى ملكة طعام الشارع في بانكوك..وعجة السلطعون الأشهى لديها
R2OV97Qd9Yo ما هي صناديق الاستثمار المتداولة؟
R2oB7i9YcEs بعد الصافرة.. عمر السومة والأهلي السعودي \
R3dgE_p_9fk مشاهد مثيرة لعراقي يقود سيارته على خط طولي لكثبان رملية بالإمارات
R3rTNSqDwyQ فوز سيدة أومأت بيدها لموكب ترامب في 2017 بانتخابات أمريكية
R4M8Lhecq9A حرفي يستخدم تقنية عمرها قرون لصنع مطبوعات المحاربين باليابان
R4MPn69BSsA ميزات فريدة في الشكل الجديد لموقع سي أن أن بالعربية
R4UDQ0_fM_w جيش مصر التاسع عالميا متفوقا على تركيا وإيران
R4cI57F402A الحجاج يتوافدون إلى مكة المكرمة
R4mwbeZwKdY ثوار ليبيون يقاتلون من أجل سوريا
R4wvBkRYApw عالم أوبئة: العدوى الطبيعية السابقة بفيروس كورونا لا تحمي من إعادة العدوى بمتغير أوميكرون
R53OP1tDNTk لماذا لا يشعر خبراء اللقاحات بالقلق من سلالة كورونا الجديدة ؟
R6pIxTr2mDs تقنية جديدة تنظم حاويات أحد أكثر مرافئ العالم ازدحامًا في دبي
R7XO5Cdn6mM ما هي النشاطات التي يمكنك ممارستها في حتا؟
R8z8DR-KznI هل يعود اقتصاد السعودية إلى ما كان عليه قبل كورونا؟ جهاد أزعور يجيب
R9_uEZbwSFQ كيف يحارب ترامب الصين وهل تأثرت البورصة؟
RAI1Dl8JUmI سكان دمشق يدفعون ثمن الصراع في العاصمة
RC-PKTnNKM8 نيسان ليف.. سيارة كهربائية بسعر في متناول الجميع
RCvkPCy9Kfg عدسة شبكتنا تزور قواعد روسيا المتكاثرة في سوريا
RD-F2fM4JMI بيتكوين عملة قانونية لأول مرة.. وأرامكو السعودية تصدر صكوكاً بالدولار
RE7J-O0Ng1A تريد مواجهة \
REFmHYlUKdA عالمة مصابة بفقر الدم المنجلي تسعى لاكتشاف علاج لمرضها
RFEuweS_Q-M صندوق النقد الدولي يكشف ل搌NN نتائج تقرير \
RFrgoOroUNo صحفي شهير ل搌NN: أخشى حرباً أهلية أمريكية والحزب الجمهوري بات \
RGWivt1gUs0 فيديو يُظهر السفير الفرنسي ومسؤولين يستقلون مروحية عسكرية إلى مطار كابول
RGydYyNsK_Q بعد افتتاح أكبر سفاري بالعالم خارج أفريقيا في الإمارات..كيف تخطط الشارقة لجذب الزوار؟
RHi1LAsULHo تجربة \
RHieKYcGSOM أجهزة لابتوب بأقل من 250$
RI49u6G9PmI فن التطريز الفلسطيني يتألق بأعمال \
RINzg9VubAM دبي.. مدينة عالمية ذات أوجه عديدة
RJ0CNpfUrMY 25 عاما على تأسيس أمازون.. نظرة على \
RJ877lS6WTw لكل نساء العالم.. أنتن حرات دائماً
RJsul322vpk هذه الراقصة تعيد إحياء رقصة صوفية قديمة في شوارع القاهرة
RK1WG_02zT4 شبان صينيون يصرفون ثروة على الأعراس…لسمعة الأهل والتفاخر
RKK_nEet3pM ما هي طائرات كاميكازي؟ وكيف قلب الأوكرانيون الطاولة على الروس باستخدامها؟
RKWMeasWfhY شاهد كيف تم هدم جسر بُني منذ 55 سنة
RKiQgOO4viw لحظة وصول ممثلة الأمم المتحدة لنزع الأسلحة لنيويورك
RLWXe6HfueM متحدث باسم خارجية إسرائيل ل搌NN: الآن ليس الوقت المناسب لوقف إطلاق النار
RMPfK_sCjtA أطول نهر صناعي بالعالم.. وسط رمال الإمارات
RNqApw3L7sk ما الذي يجعل السلالة الجديدة لفيروس كورونا أكثر قابلية للانتقال؟
RP2McJ4M98U فرحة إماراتية بفوز المانشستر سيتي
RPRAdLLHPmU أمازون تفتتح أول بقّالة خالية من طوابير الانتظار
RRENUI9r-bQ بعد استطلاع من إيلون موسك.. أسهم تسلا تتراجع بأكثر من 60 مليار دولار
RRb49MdWc2I الق نظرة داخل أحد مراكز التطعيم للقاحات كورونا في الإمارات
RS5I91PQ7rA كيف تتعامل شركات التكنولوجيا العملاقة مع \
RSPnHZAi74w ما هي أول عاصمة عربية للقهوة في العالم؟
RTE09YVX7bI شاحنة تاكو بنيت للثلج
RTLyFNSZ-3s ما هي التطبيقات الأكثر تحميلا على \
RTOrHjrUepo قابلوا الممرضة الروبوت \
RTxf9hARcS4 تبريد قطع \
RUEGVKZjvsM كيف تكون الغولف رياضة مستدامة؟ البطولة المفتوحة مثال يحتذى به
RUlqyx1QSJ4 مسؤولة أمريكية بارزة: العقوبات الشديدة ستجعل روسيا \
RUvOYNuRIHc هل هذه “موناليزا العارية؟” وهل رسمها دافينشي؟
RVIg_0dXvJE شاهد.. لحظة إنقاذ رجل بمروحية من سيارة عالقة على جسر مغمور بالمياه
RVcTdjU9h6Q مخيم صيفي في دبي لا مثيل له.. الأطفال بـ\
RVhxfR97R-Y بوريس جونسون يخرج عن النص و\
RWQJ67OS8CM تصاميم وابتكارات لمحاربة فيروس كورونا في مسابقة عالمية تنطلق من دبي
RWjDdvhAXYE تقارير: سوريا تتجه نحو الفوضى العسكرية والسياسية
RWysAbscEQ4 مشرعون يمهدون الطريق أمام السيسي للبقاء بالسلطة حتى 2034
RX0ya47cHWo لعبة تفوز فيها فقط بطريقة غير متوقعة.. تعرف على ديكست في \
RXAB5yADXF4 وحدة المجتمع السوري في مواجهة \
RXZbmHmQAXk مخاوف بشأن وضع أكبر محطة طاقة نووية بعد استيلاء روسيا عليها في أوكرانيا
RXpQxKaEH_8 دبي هي بندقية القرن ال񤀡.. برأي أحد أكبر شخصيات عالم العمارة المعاصر
RXsnFxDtHz4 تطبيق يجعلك تقرأ ألف كلمة في الدقيقة
RYWZy-Y9NUg ملك الأردن: تنظيمات دينية خطفت الربيع العربي وهناك قلة فهم للإسلام بأمريكا
RYjrtJI4u3Q في ألمانيا.. عائلة تعمل في نحت العيون الزجاجية
R_me9aDHD0w مطعم مصري يوناني على أحد شواطئ نيويورك يجذب السكان والسياح
R_yUBSK6woU إذا كنتم تخافون السيارات ذاتية القيادة.. هذا هو الحل
RamEi7l44gs السياحة في باريس.. ماذا حدث في إحدى المدن الأكثر زيارة بالعالم في أعقاب جائحة كورونا؟
RcO2HN0e99k يقود \
Rcuqjbmredo السرطان يتفوق على أمراض القلب ليصبح السبب الأول للوفاة
RdKTG32veIM مشاهد حصرية لاحتجاجات السودان
ReATN_EHg7s عناصر السحور التي قد تساعدك على تفادي التعب أثناء الصيام
ReGsBzshY1s ماذا سيحل باستثمارات الوليد بن طلال بعد أن تم إيقافه؟
Rga6VC_PmKM هل أنت مستعد لبيع بقايا طعامك؟.. هذه التطبيقات على الهواتف تشتريه منعًا للإهدار
Rh5QyYprh70 بعد مقتله.. نظرة على حياة عبدالعزيز الفغم حارس الملك سلمان
RhE3Ha4aV7Y هل تجرؤ على تجربة أفعوانية عالم فيراري الجديدة؟
RhGvP8mzH0o بن ويدمان ينقل صورة الأوضاع في غزة وتطورات الشيخ جراح
RhZmFwZIlFM سوريا: الجيش الحر يسقط طائرة بإدلب
RhgrntMqyjA نتنياهو: أريد أن يحكم الفلسطينيون أنفسهم ولكن بشرط
RhxyjDP6iEw شاهد كيف تساعد الأسلحة الأمريكية الجيش الأوكراني في معركته مع روسيا
Rj91GZyXhtI وكالات أمريكية تحقق في اختراق شبكة حكومية.. وروسيا المشتبه الرئيسي
RjGYb35ovqQ ما هي مراحل شراء Token والعملات الرقمية؟
RjmoXfJEGbs أغرب الشائعات حول اختفاء بوتين
Rk9kiua2H2A قاعة مشاهير الغولف العالمية.. ما أغرب المعروضات فيها؟
RlJaW1C2Ovo المشاركة في سباق الماراثون لأول مرة قد يطيل عمرك
RlyN_dEz49I بيرني ساندرز ل搌NN: ترامب يكذب على الشعب الأمريكي وسأقوم بكل ما في وسعي لهزيمته
RnGVEV0fGyA ماذا حدث لجدار ترامب على حدود أمريكا والمكسيك؟
RnWvcwzu_qU هل فيلم حرب النجوم أقرب للإسلام من داعش؟
Rngnt0Q1ZBQ كانت محصورة لنبلاء جورجيا فقط.. استكشف هذه \
RoRv83hL1fk رجل يتشبث بغطاء محرك سيارة مسرعة
Rp3GWd-Gx-4 مشهد من الجحيم.. هذا ما يبدو عليه فيروس كورونا في كاليفورنيا
Rp9TaqDgvS8 \
RpH-C1oseZE همهمة أصوات غريبة تُسمع بأمريكا..تدفع البعض للانتحار
RplpQFn2b8w مصر والكاميرون.. 5 نصائح للفراعنة لهزيمة إيتو وفريقه في كأس أمم أفريقيا
RrtAgclgxNI تعرف على أبرز الطرق لحمايتك من الهجمات الالكترونية
RsPqqrnMPGc مراسلة CNN على الهواء: ترامب لم يرق إلى مستوى منصبه
Rtlg2us4HFw ما هو أصل الكبة؟
RuGxl0BGlQ8 البحرين تطلق تأشيرة إقامة دائمة جديدة.. من يمكنه الحصول عليها؟
Rub3H8VVLMo ادخل اللوفر في أبو ظبي.. بُني بمئات ملايين الدولارات
RunSEt_m5X4 هل سيعرقل قرار بريطانيا مهمة أوباما؟
Rv_9CH7RaUs أول أمريكي يُقتل في سوريا تحت راية داعش
RvcFsRi2wps سلاف فواخرجي تكشف ألغاز \
Rx1dBHk-I94 حديقة مانغروف.. سلاح أبوظبي السري بوجه تغير المناخ
Rx62c8S4YaA تحد لا يصدق.. كلاب تركب أمواج البحر
RxfQgQ-pn3M الرئيس الإيفواري يرد على اتهامات بالقمع.. وفرنسا \
RyRn_pp4PBY فوائد التدليك المائي في المياه الدافئة
RzUBywQGKMM الخطاط السعودي ناصر السالم يعرض عمله الفني \
Rzgntic7pBk أوباما يسخر من غياب ترامب عن \
S-2pdzmosHw \
S-QnpcxSIyU استعراض للسيارات الكلاسيكية ضمن مهرجان في لبنان
S0ev38RoYrY حارس مدرسة يحرز كرة سلة من منتصف الملعب
S1oizMEdTJg عبر سكايب من سوريا.. ثلاثة أشقاء بريطانيين بـ\
S2DgqUnL0ko في ظل فيروس كورونا.. كيف ستتغير الفنادق في المستقبل؟
S3YYkAPMDA8 حوت ميت يقطع 40 ميلاً ليعود للمرة الثانية إلى الشاطئ
S4B8D-UlMtI مصر: مصابات بالإيدز بين ظلم المجتمع وفتك المرض
S4V_5TzZ3wk جناح قطر في إكسبو 2020 دبي.. هيكل انسيابي معاصر يجسّد سفينة تقليدية
S5COm4y270I رها محرق.. أول شابة سعودية تتسلق أعلى قمة في العالم
S5UO-YA5abQ أطول مسار انزلاقي بالعالم يفتتح في رأس الخيمة
S5bfx1uKXWI كاميرا CNN ترصد آثار الهجوم من داخل منشأة أرامكو السعودية
S5cFTllarZ8 لقطات تحبس الانفاس لبلدة سُوّيت بالأرض جراء الأعاصير في أمريكا
S67NxnPDvbI من هن النساء العربيات ال񤀓 اللاتي قررت الشابة الإماراتية دانا البلوشي تأليف كتاب عنهن؟
S6LYlS9eOeM بايدن يعلن نيته زيادة الضرائب على الأثرياء
S7LblR6mIJw ما أهم شيء يجب أن نعرفه عن متغير \
S7xD2taBcHE الصوم المتقطع.. طريقة عصرية للاستمتاع بصحة أفضل
S8NWdbDvIT4 \
S8Vzx-pX4Wk ألواح الطاقة الشمسية العائمة هذه يمكنها الصمود في البحر ل񤀰 عامًا
S9brWLWt0cg حلويات “واغاشي” المزخرفة تجسد علاقة اليابان بالطبيعة
SAZGbLoF-h0 أكبر عرض لألعاب الفروسية
SBUes74tNRY مرتزقة أفغان في سوريا: إيران تدفع لنا للقتال مع الأسد
SBUx4NlfJmY رسامة تتخفى منذ 2010 بسبب رسومات مسيئة للنبي محمد
SBm7UDlwfFE عائلة تعيش في وادي رم بالأردن لمدة 400 سنة.. كيف هي الحياة في وادي القمر؟
SCh1YO5zUiI مهاجرون يروون قصصاً موجعة عن حالات التعذيب في ليبيا
SDJgk07JBcE بريطانيا على وشك أن تعاني من أسوأ عدد من الوفيات بسبب كورونا في أوروبا
SE2Yb1Fyjdw أمريكا تختبر \
SE3QLOObP7c إلهان عمر ل搌NN: لدينا الآن أشخاص سيحكمون باحترام ورحمة وتعاطف
SECJChb1F_4 وزير الشؤون الخارجية العماني يصلي بالأقصى بزيارة نادرة
SFhM4rXcrzs رياض سلامة: لبنان يحتاج لحل فوري لإنقاذ اقتصاده
SGD5eueg9cc بعد ارتفاع حوادث الكراهية ضدهم في ظل كورونا.. كيف أصبح السفر بالنسبة للآسيويين؟
SGEgwADpPvY هل تتحول صحراء النقب إلى \
SGhjlG26Rms ما الذي يعنيه تجريد نجل الملكة إليزابيث من ألقابه؟ وماذا سيحل به بعدها؟
SJt2iXRo-oA تحف معمارية على ارتفاعات شاهقة..هل تجرؤ على زيارتها؟
SMeFihow6-g \
SMokwj-RL_4 وزير خارجية مصر ل搌NN: نعمل بجد لتحقيق وقف إطلاق النار بإسرائيل وغزة
SMz7VTdjZ4s فيديو سرّي حول داعش هرّبه أحد من تطاردهم
SN-RRw-a_8s من بينها طفل ماعز بساقين مكسورتين.. داخل ملجأ في بولندا ينقذ الحيوانات من الحرب في أوكرانيا
SNR23nK5GCM الجبير: الصاروخ الإيراني الذي استهدف الرياض عمل حربي
SNfuPgCfoCc ما هي التوقعات لاقتصاد الأرجنتين في 2019؟
SPTX_p_v6DQ وثائقي حصري.. \
SPe3ezkM754 حرق جثث الموتى في نهر الغانج.. أقدس مدينة في الهند
SQGBtunVep0 بلينكين ملمحاً ل搌NN: إدارة بايدن لن تتخذ إجراءات عقابية ضد الصين بسبب كورونا
SQLUHqf5ICU \
SQNGGFkKf1Q كيف يقاس نجاح ألعاب الفروسية؟
SQSFzJT9bes دعاية نهاية العالم من ال جي
SQr-9HiuD-A كيف وجد هذا الرجل الأعمى عشقه على الطريق؟
SRf_7P23JqA كاميرا CNN في وصول نادر إلى مكتب عمدة المتفحم في كازاخستان.. كيف بدا؟
SSFDvTr-9qQ مع تزايد إصابات كورونا.. ترامب يوزع القبعات ويلعب الغولف بدون كمامة
STL2Ki3-3O8 سيارات الخليجيين الفارهة في لندن..
SV0PPKMY-34 كاميرا سرية توثق كيف يقضي الذئب يومه.. ستفاجئك بعض الأنشطة التي يقوم بها
SVFDUS_FHjQ عبد العال: الاجتماعات تبحث يوميا وقف إطلاق النار
SVkgjjUvrgY أردوغان: لا نتوقع من أمريكا سوى الوقوف ضد النظام السوري
SWbdlKEIhmE هل نشهد حقا سفر البشر إلى المريخ هذا القرن؟
SXvZsNk9wRE رفعت الأسد: 80 في المائة من السوريين يساندونني
SYaGw-DIBnQ وزير خارجية ليتوانيا يحذر عبر CNN: غزو أوكرانيا سيؤدي إلى \
SYkwDU_q-DA بلدات في إيطاليا تبيع منازلها مقابل يورو واحد فقط
SYm9iNTf6hE دونالد ترامب يمدح صدام حسين: كان \
S_JB-Wu7W60 لبنان في دوامة من الانحدار.. نقص بالوقود والأدوية والكهرباء والغذاء
S_W-dJo6OgQ كيف يمكن للبراز أن يحذرنا من التفشي التالي لفيروس كورونا؟
SaTM-M6arFY كتيبة تستهدف حقل غاز بالجزائر وتحتجز عشرات الأجانب
SbGetnl3byM مايكروسوفت تكشف عن أحدث منتجاتها The Surface
SbfCk1srcvk ليست كمية السعرات الحرارية.. هذه هي الأرقام التي يجب الانتباه إليها للحفاظ على وزن صحي
SceYtbzEf7s كوشنر يبدأ بكشف بعض تفاصيل “صفقة القرن“.. ماهي؟
SeK9KyCIRG8 4 طرق تؤدي بها ساعات العمل الأقصر للعيش فترة أطول
SehDwjVTxTM شاهد كيف نقل فيلم \
SezDwfNxYC4 خلفان: استمرار تدخل الغرب في مصر سيوقظ المارد العربي
SfDZG4Dven0 سيارة \
ShInIPn4DQI أعادت برمجة جيناتها لـ\
Shkv_dJB1_k قبل 30 عاما.. قصة آخر موسم تُوج فيه ليفربول بلقب الدوري الإنجليزي
Si-xSTSBD0Y رئيسة السفينة التي تحولت لحجر صحي باليابان تتحدث ل搌NN بعد مغادرة الضيوف
SjY3LBEm8Mk بيتر شمايكل: أريد من المدرب التالي أن \
Skswou2xRFU \
SkxjgPqvM2M ما معايير السلامة التي تطبقها الفنادق في الإمارات؟
SmTmkEBozOM في مصر.. شركة ناشئة توفر الماء النظيف لأولئك الذين لا يمكنهم تحمّل كلفته
Smp9ZfYbuYY سيلينا غوميز تتخلص من طفولتها بنشر صور \
Sn043_oA4mU طرق لإبعاد التوتر الزائد عنك لتبدأ عاماً أكثر صحية
Snk01AfA1tw دعم روسيا والصين الدبلوماسي لسوريا
SntX61aY5ug مع قرب انطلاق الموسم.. توقعات حول بطل الدوري الإنجليزي
So7dDS_04sk تعرّف على محرك البحث الخاص بقراصنة الانترنت
SoLFlE2YTog ما سبب هوَس الكثيرين برياضة كروس فيت ؟
SohUntt5MJ0 7 أفلام تمثل العرب بالأوسكار.. فما شروط قبولها؟
Sq36j3xA9Q0 شاهد.. لحظة إسقاط طائرة مروحية روسية في أوكرانيا
Sr208qZ3sXo فتاة بست وظائف على جزيرة نائية..ما هي مهامها؟
Sr7-5rtM0Ew سيارة أسرع من الصوت تتجاوز الألف ميل بالساعة
Sri14EFk8N8 جبران باسيل ل搌NN: ربما علينا تعليم الغرب كيف تدار بلد دون ميزانية
SsBWFT2m1Is دون التفكير بالخطر .. هاجم اللص لينقذ سيدة عجوز
SsjlJ_JbEO0 محمد صلاح: اخترت ليفربول في البلاي ستيشن\
StMbP3Vz2jA كيف تعمل هذه المرأة على مكافحة قلقها بـ\
StQ6onfJxYc ماذا يحدث للهواتف القديمة عند استبدالها؟
SuBvZvFlBP4 لحظة تحطم مقاتلة F35 أمريكية أثناء محاولتها الهبوط على سطح سفينة
SusSBiWsMrc زجاج شمسي قد يحوّل ناطحات السحاب إلى مولّدات طاقة.. كيف؟
SwAcVSxiOj8 مفتي مصر مع رجل دين شيعي وكبير أساقفة كانتربري بحوار لشبكتنا
SwKO0w7IBug جرائم مراهقين أمريكيين دوافعها غريبة
SwMBCA0td_Y نظرة داخل قصر هذا المخترع \
Sxa50H4EqrI انخفاض حالات الدخول للمستشفى رغم ارتفاع معدل الإصابة بكورونا بإسبانيا.. ما السبب؟
SxziSLNHuVw سفير إسرائيل لدى الإمارات: معرض الهولوكوست في دبي أمل عظيم بمستقبل السلام
SyRy1RqAdCY ما هي العقود مقابل الفروقات؟
SyrQ-ooEngo تريد جدول عمل أكثر مرونة؟ إليك كيف تطلبه من مديرك
Sz6uXqA9ALY رئيس بيلاروسيا يرد بطريقة صادمة على مذيع CNN بعد سؤاله عن دعم روسيا
Szm9K4fJdcc متحف في غزة يروي تاريخ خمس حضارات
T03uNaXZmlg CNN بالعربية تفحص جهاز بلاكبيري Z10 والنتيجة؟
T0F1Nrt-pxo ديفيد الرقمي   نسخة مطبوعة طبق الأصل للتمثال الشهير تُعرض في دبي
T1m5zuruFHE تعرف على أحدث سيارة رياضية من لامبرغيني أفانتادور
T3lUw3dDsEg نيكي هالي: السماء لم تسقط بسبب القدس ونواجه إيران مع العرب
T42LV-iXUxA فهمي ينفي التدخل بمحاكمة مرسي
T49vRn2zWfU تيد كروز يرفض طلب مراسل ارتداء كمامة أمام إعلاميين
T4B2NWhnkco \
T4Na7vmIlaw هنا تعيش \
T4aVYb0rexI ما هو مؤشر \
T5SmTb4Dpcg اللبنانيات بين الحرية والاغتصاب
T5qHpJNoh80 الفيصل يرد على تصريح ترامب بأن السعودية لا تستمر أسبوعين دون أمريكا
T63jRicPo-M أفغانية نجت من تفجير انتحاري وأنشأت تطبيقًا لحماية الآخرين.. هذه قصة سارة وحيدي
T65ZGt9jJVk فيلم \
T6EGO-9jmXo 5 أنشطة ترفيهية يمكنك ممارستها هذا الشتاء في دبي
T6pu-d9gekM مدنيون يكابدون الآلام في الحرب بين حماس وإسرائيل
T7Sgc1VB5Ss زيارة سرية لقائد القيادة المركزية الأمريكية إلى سوريا
T7WK5AW9E5I أساطير الجن تدور حول هذا القصر الغامض بالإمارات
T7v9mTyJPQ8 وجوه غير متوقعة.. \
T8RI4892wIM رجل مبتور الساق يستخدم الجبال لمواجهة أفكاره الانتحارية
T8anKhnbH3o تعرف إلى البلاليط.. طبق خليجي شعبي يجمع بين الحلو والمالح
T8j9f61k1Rk وفاة متطوع في تجربة لقاح \
T92cH-j6Y7U نمو الروابط الاقتصادية بين الإمارات وكوريا الجنوبية
T9TRfRxS5Pc جربنا لكم.. متتبع النشاط الجسدي من شواروفسكي
T9XLdIYw3zY تعرف على صاحبة صوت Siri على أيفون
T9tpRX3I-Ao إسرائيل تحاول السيطرة على الحرب السورية
TAUDk1ltxnA أوبر وهيونداي تكشفان عن تاكسي طائر ب搈 مراوح
TBHY-aVrG9Q قد تمر بين السحب أولاً قبل الوصول إلى هذه الأعجوبة بالصين
TCYP45kjjaY مقارنة بين قوة الجيش السعودي الأرضية ونظيرتها في الجيش الإيراني
TDOUk3f21NA \
TEyMcYxDhVg تعرف على قدرات صاروخ \
TF2R6OMBEMI مراسل CNN يأخذ جولة في مطار كابول.. هذا ما رآه
TFm75T3qdQM بودابست.. مدينة بُنيت فوق أكبر مجموعة كهوف حرارية بالعالم
TGVRcUjbtR8 ماذا تفعل إذا اكتشفت أن راتب زميلك بنفس الوظيفة أعلى من راتبك؟
THtAcj1H0sg ماذا دار على الهواء بين سامح شكري وأمانبور حول تغطية سي أن أن لمذبحة الروضة؟
THx1gOgHhqE المصعد الوحيد دون حبال بالعالم في إكسب دبي.. كيف يعمل؟
TI3tafZua34 ثلاث صديقات من لندن تعتقد الشرطة أنهن في سوريا
TIZBcBIST8I هذا الرجل ابتلع سمّاعة \
TJZq6FhGaC0 رسالة حب من أولغا سيفيبلوفا إلى مدينة موسكو
TJcT3apfxvc رئيس فايزر التنفيذي يكشف ل搌NN سبب عدم تلقيه لقاح كورونا بعد
TKHAa_abDNI هكذا أصبحت أزمة تفشي فيروس كورونا في غزة
TKfpWXPZLsc استثمارات العرب في عمالقة أوروبا تحت المجهر
TKscivvhuOU إنجاز طبي مهم.. دبي تشهد أول جراحة روبوتية باستخدام \
TLBe5CBTxX8 فيديو جديد يظهر لحظة انفجارات هائلة في سماء كييف
TM6T6ycEuz0 إليك الخطوات لاتباع حمية \
TMHdDdFHF7k كيف نحرق دهون الجسم من دون اللجوء إلى \
TMsjahQ44RQ مستشارة سابقة لترامب: فيسبوك يشكل تهديدًا أكبر على أمريكا من بوتين
TNUD6nV5o-4 طهي ل񤁅 عاماً.. تعرف على حساء \
TPW-uOBd1O0 نزوح أكثر من 300 ألف شخص من الموصل
TPbJMhS2VN8 عمدة الحشيش يرقص
TPfHzBVcZdM أسباب عودة محمد صلاح للتألق مع ليفربول
TR-3aOutMbk ما هي مخاوف رجال الأعمال من الاستثمار في العملات الرقمية؟
TRbJ6hZxXgY والدة مرتعبة ترى طفلها يموت بين يديها.. وتعليمات مسعف على الهاتف تعيده للحياة
TRvTZ76zlr0 والد 3 من ضحايا لاري نصار الذي يحاكم باعتداءات جنسية يحاول مهاجمته
TT1wjJj2JyI هكذا تصنع شفرات الحلاقة
TT9bSuXkcxU مضيفة لا تستطيع رؤية الطائرات منذ اختفاء الماليزية
TTbkR_3QBfk العم محمد السوداني.. 85 عاما ومازال يلعب كرة القدم
TTlyGHhdiRQ فنزويليات يسعين لإجهاض أطفالهن بسبب الأزمة
TUCbwDftU1E لبلبة: ما قدمته نصف قدراتي.. وأطمح لدور معوقة
TW8TczKh5yo رئيس وزراء بريطانيا يعتذر عن \
TWUBySDZIPw ماذا قال تركي آل الشيخ عن استضافة قطر لكأس العالم وترشح المغرب؟
TWb07kE9vCc فريق أفلام \
TX7y3XdUwAY صيحة جديدة بين الشباب الأمريكي.. الاسترخاء بالساونا في أماكن عامة
TYHEzkFILQw داخل المسرح الذي افتتحه موزارت بأوبرا \
TYZimJ3Og7U طريق \
TYvitr1QakY أكواب القهوة تثير ضجة في سلاح الجو الأمريكي
TZ2LzKFMUrQ باحثون يعلّمون سمكة ذهبية كيفية قيادة مركبة
TZcckweXPbA وداع صباح فخري.. \
T_5eyemu-Bs بعد أنباء فايزر ومودرنا.. CNN تسأل فاوتشي: هل ستأخذ لقاح كورونا؟ هكذا رد
T_DQo1EJ2dY ما هي قمة مجموعة العشرين وما أسباب نشأتها؟
T_MLUASk5QM هذا الحمام الياباني قد يكون غير قانوني في أمريكا
Ta6MSG-_fy0 مطار حمد بقطر خامس أفضل مطار بالعالم.. من جاء في المركز الأول؟
Tb_sqeQEto4 صنف إرهابيًا في واشنطن وجاسوسًا في أفغانستان.. مترجم سابق يواجه الترحيل من أمريكا والقتل في بلاده
Td6JlKIyrPQ هل نقلت ساعة أبل التسجيل المزعوم لادعاءات \
TdBWpQLiEOU تمارين ليست مفيدة للقلب
Te98voIffBc سيارات طائرة ذاتية القيادة.. هل تحرّر العالم من الازدحام المروري؟
TeZ78OoSfCI الحبتور بمجلس سي ان ان: إيران أضعف من الضعيف
TfAM8oHXOgQ فن قديم ونادر يعود للحياة على يد فتاة في ال񤀕 من العمر
TfQ4cEbNQvM تجنب آثار السكري عبر العناية بالقدمين
TfZFTH0Wf1k 5 فوائد سحرية للزنجبيل على الصحة
Tfaeci6Jslw بدء عزل ترامب.. إليك ما تحتاج معرفته عن عملية عزل رئيس في أمريكا
TgmW-kx90KI في إيطاليا.. كاتدرائية مصنوعة من الخبز
ThoFlcV_dCk اختبار مركبة أسرع من الصوت لنقل السياح للفضاء
Tj-oAFIToZ0 فتاة تجسد معاناة ضحايا الاستغلال الجنسي
TjNxWXBLW4I ملايين الحجاج يستعدون للوقوف بعرفة
Tjg7bFqe51U ثلاث نصائح لالتقاط صور أفضل
TjnI6Pxi-S8 إليكم أضخم 10 ميزانيات عسكرية بالعالم
Tjqzb8Tl8gU كيف سيعلق برج من كويكب في دبي؟
TkBOFBWYqzs جبنة “سحرية” في هذه البلد فقط.. ما سرها؟
TknUHmy2tUU لواء أمريكي: صواريخنا ستضغط على النظام السوري
Tlt4WTw1WbQ ريال مدريد.. أسباب الأزمة في الفريق الملكي بعد نكسة شختار
Tmnnz3KenVE نجل القذافي وحفتر.. انتخابات الرئاسة الليبية تجلب أسماء مثيرة للجدل
TnGYTheehfE جاستن ترودو بعد ضجة صورة \
TnKfpoIMn7s أطفال يقاطعون مقابلة مهمة لوالدهم على شاشة بي بي سي
TnaYj5HWCMU \
ToZQ6izKj9w ممرض يصور نفسه قبل وفاته بلحظات بفيروس كورونا
ToaFOPPwsaI نقطة وصول ل搃.5 مليار شخص.. كيف تعمل أبوظبي كمركز لتوزيع لقاحات فيروس كورونا حول العالم؟
Tr-9sjGGxx4 هل يمكن ضرب إيران عسكريا؟
TrY5igDZjJk شرطة هنغاريا تحذر النساء من المغازلة
TraXHVhWWjA تحدي يفرضه بايدن.. كيف ستتغير سياسة تركيا مع الإدارة الأمريكية الجديدة؟
TrvBsiRgL7Y ما هو مشروع التجزئة الخاص بشبكة الايثيريوم؟
TtDaZdt03LA طيّار يُصبح عامل \
TtkQBKM81VU الايقاع بانتحاري في أمريكا ونظرة مخيفة داخل عقله
TuwOSkhFxoA هل هذا الوقت المناسب للاستثمار بالعقارات في الشرق الأوسط؟
Tv1CsfUfYHI هل نرى هذه السيارات الغريبة قريباً في طرقاتنا؟
Tv7reaJYGCo تخفيف أحكام جرائم الاغتصاب في المغرب.. \
TwzclSJhiqc أمانبور تقرأ للجبير مقتطفات من تقرير مقتل خاشقجي.. كيف رد؟
Ty1qnVlVnHY \
Ty82AOZzRMY سفينة حاويات عملاقة تعلق في قناة السويس.. ما تأثيرها على أسواق النفط؟
TySdOohReBE فيديوغرافيك.. الكويت تتراجع 8 مراكز بتصنيفها العسكري عالمياً
TycoK0Otyl8 لالتقاط جمال الحياة البرية.. ورشة عمل تجمع المصورين في بحيرات القدرة بدبي
Tz_2eTcUTnE مبعوثة أمريكا للأمم المتحدة: الصين تحاول \
U0_yeET9TCw بين السعودية ومصر.. جولة حول مواقع تراثية بقائمة \
U0w1F6aSNgA عبدالله بن زايد متحدثا عن متحف اللوفر أبوظبي: هكذا تحارب الإمارات التطرّف بالفن
U15DS17EZAM ديما بياعة تعود لدمشق بمسلسل في رمضان
U1JDQXZw700 تعرف على حليف أمريكا الجديد ضد داعش
U208lvqJehY الدكتور غوبتا يسأل ناجين من فيروس كورونا عن سبب عدم تلقيهم اللقاح
U2CM6PvenYU أين مسلحو داعش الآن وما هي خطوتهم التالية؟
U2EZWb6Zajc سيارة لامبورغيني تنشطر الى نصفين
U2YzAen7bZg الملكة رانيا عن الفجوة بين الجنسين: نحتاج للانتقال من كسر الصمت إلى الإجراءات الفعلية
U2Zmtz3mSEA \
U3gaFlab-Eo انطلاق عصر جديد مع بداية بث +CNN.. شاهد أول انطلاقة للشبكة قبل 42 عامًا
U3qRRx-rVUM معرض \
U3wv0E4W5xw هل تُرجع مقعد الطائرة إلى الوراء أم تفضل عدم إزعاج الآخرين؟
U4YQiOlLC54 شاب سوري يحول الخردة إلى أعمال فنية في إسطنبول
U5VRkXeTvT0 المشاهد الأولى بعد انفجار في محيط مطار كابول بأفغانستان
U5iBJiB0dV0 مترو دبي يتحوّل إلى قاعة للعروض الموسيقية
U6BRfwBLYs8 أمريكا.. أكبر مستشفى للأطفال يشهد زيادة ب搄 أضعاف في عدد مرضاه بسبب كورونا
U6CBkMv6NIc مؤسس \
U7LMsuuhx0E \
U7tx_gbq66o طابعة تستطيع تكوين مجسمات ثلاثية الأبعاد
U8A21-1DmHs اليونان موطن الرياضات التي ما زال العالم يمارسها العالم اليوم
U92okybJtMY بين الصين وروسيا وإيران وترامب.. كيف تسببت المعلومات المضللة في تفشي كورونا؟
U9LgqqzW6vg سلوى بوقعقيص .. محاولة لإسكات الأصوات الليبية؟
UAROJAsKFbs أحدهم هتف \
UB05HTvK9UQ أزمة الأهلي السعودي.. عمر السومة ليس المشكلة الوحيدة والجماهير محقة
UBoqlCKpAp0 مدير \
UBxIqthVaaQ جون كيربي عن عملية عفرين: تركيا وروسيا تريدان خروج أمريكا من سوريا
UCG2oJ6hDIE مرضى يصابون بأعراض فيروس كورونا لأشهر
UD7ZEG5Fj8A ارشادات مهمة للتمييز بين أعراض فيروس كورونا ونزلات البرد
UEOcuvjIDuE عارضة بلاي بوي سابقة: ترامب حاول دفع المال لي مقابل الجنس
UFgz1f5w5C8 طائرة جديدة تسمح لك بتخطي السفر عبر المطارات
UGXyAUDJfRs الإمارات تصنع التاريخ.. سارة الأميري: مسبار الأمل أول قمر صناعي يرصد طقس المريخ
UGfP832Ygbc مايكروسوفت توفر لموظفيها فرصة العمل من على شجرة
UH6vhGVj4ko أصل البسبوسة.. من القصور العثمانية إلى التراث المصري
UH9ULBHQ6TQ لقاحات MRNA التي استُخدمت لمكافحة كورونا قد تغير الطب كما نعرفه
UHVpvb1UDmw بعضها بنكهة ماء الورد.. تذوق روائع القهوة السعودية بإكسبو 2020 دبي
UHl0swmfbV4 الحوار الكامل الذي أجرته شبكة CNN مع الفنان التونسي صابر الرباعي
UI0NhdqdUgQ أنف ينمو فوق جبين شاب
UI13RXsV_z0 نظرة على سيارات فاحشي الثراء من العرب
UIWrV8lYB94 دعوات بمعرض الصحة العربي في دبي لزيادة دعم البحث العلمي
UIkO9U-wltc تصميم جديد لطائرة تحمل الركاب على أجنحتها
UIu21T3-F8E هل أحدثَ جهاز iPad الجديد فرقاً لدى المصمّمين؟
UIulZPed46Y هل تخاطر تركيا في استجابتها لمواجهة فيروس كورونا؟
UJM4IIgnXXc ما هي أفضل طريقة لتحويل الفكرة إلى مشروع؟
UKso562ZIdI فرنسا ترسل نسخة أخرى طبق الأصل من تمثال الحرية إلى أمريكا
UL3V0IEK9n0 التعرف على الوجوه.. تقنية جديدة قد تخلصك من الطوابير!
UL5aZccXLoo بالصدفة.. مراهق يكتشف كوكباً جديداً أثناء تدريبه في ناسا
UME5grapHq8 رحلة لجوء السوريين إلى الأردن في حلكة الليل
UMEtxTw9VKA مجموعات تحاول \
UO9hjrCkBcY \
UOSxgF2gDok كيف تحقق حلمك وتصبح رائد أعمال؟
UPJxZ_XdlvA هل سيحضر ترامب حفل التنصيب الرئاسي لبايدن؟
UPhM92Abltw شيكاغو.. أكثر المدن الأمريكية جرأة
UQG9KDJV3E8 رُضّع في مستشفى بلباس أبطال فيلم \
UQIQdTWYZ5g باسم يوسف: المصريون سيجدون طرقا للسخرية بعد برنامجي
UR1r4CJARNo بعد وفاة الممثل الكوميدي بوب ساغيت بسبب صدمة في الرأس.. ماذا يجب أن تفعل إذا تعرضت لإصابة في الرأس؟
URX8Fsc4Aho نحل يعزف الموسيقى في مزرعة بريطانية
URe8LyFZXgI الجبير يرد ل搌NN على سياسة أمريكا في سوريا واتهام السعودية باستهداف ناقلة النفط الإيرانية
USPf5pfs01k طالبان تلاحق \
USf2dLqU30k لا تقاومي الاغتصاب.. تعليمات التهريب لأوروبا
UTWncHAJVwE طائرة ألمانية بدون ذيل أو جسم
UU7ypIp6Lvk قد يكون سر تحقيق حياة صحية أسهل مما تعتقد.. إليك 5 عادات لطول العمر
UUEMmvZs2hc روحاني:  لا أعرف تفاصيل قضية أغنية \
UV-P_X2Dmnw مقترح سلام يقدمه شقيق الظواهري للغرب
UV0VQIoda04 مستقبل الحب.. علاقات حميمة مع شخص حقيقي في واقع افتراضي
UVRDEMMKfcI هذا ما يتضمنه لحم الوجبات السريعة الذي تتناوله
UWg-whJvVm4 طائرة \
UXWG0-f-Jpw من عارضة أزياء إلى سيدة البيت الأبيض.. تعرّفوا إلى ميلانيا ترامب
UYerRg38_p4 سر تغير مستوى إيطاليا.. ومن هو اللاعب الحاضر الغائب؟
UYufLwuxqTQ هل تؤثر فصيلة دمك على فرص إصابتك بفيروس كورونا؟
UZlwcto4wM0 لحظة إطلاق صواريخ من غزة إلى إسرائيل فجر الأربعاء
U_KAPh2gLcQ هذه الشركة تهدف إلى تحويل الصحراء لأرض خضراء صالحة للزراعة
U_kH_9PTws0 خامس لقاح لكورونا بأمريكا يبدأ تجارب المرحلة الثالثة.. هذا ما نعرفه عنه
Ua7tFOGAbzs بهاء الحريري ل搌NN: لا يمكننا العيش تحت سيطرة حزب الله
Ua_YIXwFPlc بشر الخصاونة ل搌NN: اقتصاد الأردن تضرر باضطرابات دول الجوار
Uafx-IIUct8 ما أسباب هبوط أسهم سناب تشات خلال 2018؟
Ubcc1hr-P40 تتميز بطراز معماري فريد.. كيف بُنيت قصور الطين في نجران بالسعودية؟
UbrSJygcfNk كيف بدأت العملات الرقمية؟
Udx_skmb5ys أي لقاح هو الأفضل لك؟ سانجاي غوبتا يجيب على مزيد من الأسئلة عن كورونا
UdzKhxbEGh4 الدبابة الروسية \
Ue9g2EZnLgQ هل تدفع تغييرات القطاع المالي لكوريا الجنوبية العملات الرقمية للإرتفاع؟
UeL1oHdD3O0 سي أن أن في بلاد \
UeagDEe_EQ8 دومينيك راب ل搌NN: بريطانيا ملتزمة بمحاسبة المسؤولين عن مقتل خاشقجي
UfuKudNisvk كاميرا ترصد لحظات ذعر \
UgmguDA6POg من على أرض المعركة.. شاهد القتال العنيف بالموصل
Uh8eXsc9yLE روجر ستون مساعد ترامب الذي قُبض عليه ل搌NN: سعدت برؤيتكم في منزلي
UhDCV-6LqEk أمريكيون يتبرعون بتلقي الجلد عوضا عن السعودي رائف بدوي
UhXKGDkQv-k رحلتهم في التدريب.. طلاب وطالبات يروون تجربتهم مع CNN بالعربية
UhmDvqwJqUU ما هي أعراض سرطان القولون وكيف يمكنك الوقاية منه؟
UivSBWpzNXw لا تملك مالاً بمحفظتك؟ “نوكيا 3” قد يشكل الحل الأمثل
UiwFg9K4kns بعد مبادرة صناع الأمل.. مجدي يعقوب يوضح أسباب أمراض القلب وطرق تجنبها
UjYZLwHxGCw هل القهوة تحمي من الإصابة بالتحلّل العصبي؟
UkNo7M1Q2Nw في مشهد يأسر القلوب.. هواة الطيران بالمظلات الشراعية يحلقون فوق جبل زاوا في كردستان
Ul7FGos9lPA مقعد يبتكر جهازاً يمكن المشلولين من السير
UlFjQyO4X1A تعرف إلى قصة \
Uldj6jptiQA شاهد قبو يوم القيامة واكتشف كيف سينقذ البشر
UnfDV-8-e7c ما هي العلامات السبعة لانهيار الاقتصاد؟
UoEVd0sH6PE شاهد معركة الروبوتات الضخمة.. أمريكا بمواجهة اليابان
Uph2e0Az4sc هاني شاكر ينفعل على الهواء وأديل تنهار باكية.. إليكم \
Uq9Ky8QYUMQ الدروس التي يجب تعلمها من كيفية تعامل هونغ كونغ وسنغافورة مع كورونا؟
UrCclxTXaIY \
Urb3srCDx2M نحلة آلية يمكنها التحليق والسباحة والقفز من على الماء
UrmD1dMg_Ko يجمع بين رقص الباليه وفنون القتال لمواجهة التنمر
UsCuo0VAo0A امرأة ترمي الرئيس الفنزويلي بثمرة منغا فيهديها منزلا
UsMiCZZa4sw حصري ل搌NN.. روسيا تبني قواعد عسكرية بالقطب الشمالي للهيمنة على المنطقة
Usg4m_gNXrw تجهيز الدقة الغزاوية على الطريقة التراثية
Uss4U7ZMi3k لغز التنقيب عن النحاس يضع محمية ضانا الطبيعية في الأردن أمام قرار مصيري
Utbhccd26Fw ليندسي غراهام يقع في \
Utnr1lSHhEs مشاهد مرعبة للحظة تحطم طائرة في كولورادو
Uu3LIoTGw6Y كيف سيدفع فيروس كورونا بعض البلدان إلى ركود اقتصادي؟
Uu75FFCebyw فورد برونكو ترفع سقف التحدي مع جيب رانجلر.. شاهد أداءها على التضاريس الوعرة
UuWftAO2gZo لحظة إعلان البنتاغون استكمال عملية الانسحاب من أفغانستان
UuiAh5eBF6k أداة فحص جديدة تكشف الإصابة بـ\
Uuy4vvL2wJY الملكة رانيا: المتطرفون يعتمدون على استكانة المعتدلين
UviztLh7pdE كيف يؤثر تحكم غوغل وفيسبوك بسوق الإعلانات سلبيا على الصحافة؟
UxH5_xzFpeI من الـ\
UxIoqIhhsSg ميلانيا ترامب تتعرض لهتافات استهجان من طلاب مدرسة في أمريكا
UxL_dGvWV_8 ترامب يكشف نتائج اختبار قدرته العقلية: لقد فاجأت الأطباء
UyBFcw7w_Zo ما هي العوامل الرئيسية الأربعة التي تؤثر على أسعار السلع؟
UyMqBVvp8iM احترق جسمه وقتل والده وشقيقه الأصغر.. قصة طفل سوري بعمر الحرب السورية
UzLHQAcQlPo اندلاع الاشتباكات مجددا بالعباسية
Uz_mr5_7uwQ البحرية الأمريكية تختبر \
UztfTSKq7Lw مريض من نوع آخر يزور طبيب الأسنان
UzvWP8Z0fbA ما هي أبرز العوامل التي تؤثر على أسعار الفضة؟
V-dh_0WaH-w كيف تهدد وسائل التواصل الاجتماعي صحة أطفالك النفسية؟
V0VWbgCXM8E يخت بمهبط طائرات قابل للسحب
V0dm4Czgak0 ما علاقة عملة إيثيريوم بالبيتكوين وكيف نجحت؟
V1GSpGV1-Q0 شاب غاضب يدهس مسناً بسيارته بمحطة وقود
V1WobEWZvTI بوينغ تكشف عن طائرة ركاب تقلع مثل الصاروخ
V2Amcj5N-OA جهود سعودية لدعم الثوار السوريين
V2KABetixX4 حدائق خاصة \
V2z1z01ZPFI من التأثير عبر المنصات الاجتماعية إلى تجديد الحياة المرجانية .. تعرفوا إلى هذا المشروع في دبي
V4E983oo6Ms بايدن يطالب ترامب بالتنحي: لم يكن صادقاً مع الأمريكيين
V4QlCndfASY غراهام: السعودية تعرف ما نعلمه عن هجمات 11 سبتمبر وعلى أمريكا الرد
V4_pTstRTds محمد صلاح يكشف عن وجبته المفضلة
V5McKLaaGvk فيديو مزعج يظهر \
V5UGko4YiDE أهي جبال أم مبان؟ تساؤلات يطرحها العمل الفني \
V5aWbFqoXPU تفاصيل غير معروفة عن الأرملة البيضاء
V5zT_3gMJKU نمور قضت حياتها في الأقفاص.. شاهد اللحظات الأولى لحياة جديدة
V6Ph63aGFcE كيف يتم إرسال الصحفيين إلى ميادين الحرب؟
V6c-UzVlu-I ما هي فوائد الصيرفة الرقمية؟ وما هي خدمات البنك الرقمي؟
V7MCj_eP2yU البحرية الأمريكية تطلق سفينتها المقاتلة الجديدة
V7XKAWqhG9c كيف يمكنك ترك انطباع أول رائع عند البدء بعمل جديد عن بعد؟
V7hMew-kJNc كيف تصنع الخنجر المثالي في سلطنة عُمان؟
V7t1BEyAFpE كيف تشاهد كل المعالم السياحية في مدينة ما؟
V80ZR1l4Ecc ما الذي يهدد نمط الحياة في غرينلاند؟
V8lOb4hpQu4 صورة الأسد أكثر ملصق انتخابي مثير للجدل في العالم
V9fsgRQT1E8 بيركس ل搌NN: لو لم يكن لدينا عذر في المرة الأولى، كنا استطعنا معالجة عدد أكبر من المصابين
VCW4LkgQ0qM بماذا أجاب موسك عندما كسر زجاج سيارة تسلا المصفحة؟
VCrQtOhJ_mc أتارب.. بلدة أشباح يتوسطها \
VDz4FIMMvWI \
VE5WMgWnE38 دب يلاعب طفلا في حديقة الحيوانات
VEDQiERJTx0 كم حقق مزاد لمقتنيات الملياردير السعودي وليد الجفالي؟
VGmGOSr0h5E 16 صديقاً يصابون بفيروس كورونا بعد السهر خارجاً.. فما نصيحتهم؟
VGuc8omnl0k طاقم CNN يغادر منطقة أوكرانية بسبب الأوضاع.. ومراسل الشبكة: يمكنك الشعور بارتجاجات القصف
VGz9uiW0S9E تمتع بحرية الهواء الطلق من راحة سيارتك.. هكذا تكيف الكوريون الجنوبيون مع قيود السفر
VHhkzKEC1eI ترامب يقارن انتخابات أمريكا 2020 بدولة بالعالم الثالث
VI-hYt73eck روبوتات متمردة تقرر لوحدها حركاتها
VK28_qwENjY وصول نادر.. تقرير لـ \
VK8OngAUX74 شركة توفّر منصة لتسويق “المأكولات” المنزلية
VL9l0dzc8R0 مايكروسوفت تطرح سماعات أذن لاسلكية.. ما أبرز ميزاتها؟
VLeCoAfeSd0 ملكة مصارعة السومو في منغوليا.. تتدرب مع الرجال وتفوز بالذهب
VM4hMS8LQmE آلام مشتركة مع سوريا.. ضحايا آلة الحرب الروسية يتضامنون مع أوكرانيا
VNzl1wOoeV4 كعكة الجزر لا تحتوي على جزر في سنغافورة والبديل اللفت الأبيض
VOGVsnQTeJ4 \
VOyFipnEMEQ 6 طرق غير صعبة لتوفير الأموال دون التأثير على نمط حياتك
VP0k1PprAho الطريقة الأمثل لخفض الوزن
VP3wwdZ2CNQ واصف الحركة ل搌NN: المنظومة السياسية بلبنان اليوم في حالة ضعف وتخبط وضياع
VPc0Pgllixc ما هي خطة نتنياهو لإيران تحت إدارة بايدن؟
VPjAs6sX9rM شاهد على حملات الغزو.. نظرة على قبو نمساوي أسطوري
VQQ19II6-ho أفراس نهر زعيم المخدرات الشهير بابلو إسكوبار تسبح بحرية في كولومبيا
VQYu7X6IFKQ هل تساعد لسعات النحل في علاج التهاب المفاصل؟
VTfdz1mJokU جهاد أزعور يوضح ل搌NN أفضل دول الشرق الأوسط المتوقع تحقيقها أعلى نمو ب
VU0lE7kCBRA هكذا تحصلين على \
VUpBKKc2Y5M تضايقك المكالمات الآلية؟ اكتشف كيف تعمل وسبب عدم وجود حل لها
VVL_9nMytUY اختفاء غريب ومفاجئ لوزير الدفاع الروسي.. ماذا حدث له؟
VVa7fLjz8Ts حيث يلتقي المدراء للتواصل.. لماذا تعتبر لعبة الغولف رهانا جيدا اقتصاديا؟
VW1Tzcpl8IQ محمد صلاح يكشف الخبايا الفنية لليفربول
VW6ZoVmcZhc مسؤولة بريطانية: صكوك إسلامية جديدة قريبا  منزل بتمويل إسلامي
VWWOvVajZWo بعد لقطته مع زيدان.. هل يحتاج ريال مدريد كيليان مبابي؟
VWvCd6ZidbY بيل ليفيت في ال񤁑 ينافس فرسان العالم
VXo2hmMjjIY شبكة CNN في موقع استهداف قاسم سليماني قرب مطار بغداد
V_OYf5oc7Kg إليك ما نعرفه عن سلالة فيروس كورونا الجديدة
V_ZG94EVMjg عدستنا تدخل ساحة المعركة الحاسمة بين الأسد والمعارضة
V_gMeScLnpQ أول امرأة تشغل منصب نائب الرئيس الأمريكي.. من هي كامالا هاريس؟
VaJnt9bSJsw بنادق ورشاشات إماراتية الصنع بمعرض البحرين العسكري
VbggRr3GonI تسجيل سري لميلانيا ترامب تشكو من عملها في البيت الأبيض
VbhK787SpQk جزر خاصة معروضة للبيع
VblgDxpnLn8 لأول مرة في الهند.. امرأة تعمل طياراً بالقوات البحرية
VcayPeqcPZI ازدهار اقتصاد ليبيا بعد القذافي
VcjOn2syER0 مدينة شحن تجلب العالم لدبي
VcqgzwMjn6U تراجع أرباح أرامكو وخفض إنتاج النفط.. كيف تأثرت السعودية بكورونا؟
VcvWeqq9jv4 مشروع للبحث عن عشيقات يجمع كبار السن بصغار الفتيات
Vcvaf7J5T7w سامسونغ تكشف عن غالاكسي S9.. إليكم أبرز مميزاته
VeIjIQBtWLU ابنة سعد الجبري تكشف ل搌NN ما وصفته باعتقال زوجها واختفائه في السعودية
VeYFXlWOffc لحظة وصول جو بايدن وزوجته إلى مبنى الكابيتول استعداداً لمراسم التنصيب
Vef-X5iOsNU هل البطالة أفضل للصحة من الحصول على وظيفة رديئة؟
VefO85DUjgU حياة الفهد: نحن بغنى عن الديمقراطية بالكويت..ما رأيها بالتطبيع مع إسرائيل؟
VetjpGyh5yw حصرياً على سي ان ان: من داخل القرية النيجرية.. موقع الكمين الأمريكي القاتل
VgJAV-Ocb5Q خلفان: لا قبول لبشار .. ولا حل أنسب لسوريا
VgW7iNY4vh8 أوباما يضرب داعش بـ \
VhIjkd5h3kY أول عملية زرع وجه كامل لأمريكي من أصل أفريقي
VhPP5qDrKz0 بايدن يتلقى جرعة معززة من لقاح كورونا في أمام الصحفيين البيت الأبيض
ViGsRgDnIMM كارثة تحدث لفريق نسائي في سيرك
ViK_L_UP9Ps جولة داخل قصر عاشت فيه العائلة الحاكمة بالنمسا
VjPSimeRdrw إطلاق صاروخ “سبيس إكس” يضيء سماء كاليفورنيا
VjYs2wZ5Jws أحد أكثر الأسابيع دموية منذ بدء الحرب السورية.. سي أن أن داخل إدلب
VkCX7_uMS8A الجدار العازل يهدد مسيحيي الضفة الغربية
VlRe1Wu5fOQ فيروس كورونا يعجّل في نهاية عصر \
VmF4nmme31c تكتيف اليدين.. إليكم التفسير العلمي لهذه الحركة
VmGq1QDI3AU الأسباب \
Vn1zDk8LNBw أمريكا تتوقع ذروة فيروس كورونا رغم أسابيع من التباعد الاجتماعي.. ما السبب؟
VnNtVfpGg7U مصر: مرشحو الرئاسة يركزون على الجانب الاقتصادي
VnyX7ZN9Fxs عش كسلطان تركي وإمبراطور أوروبي بالسعودية
VnzdAA48F90 خريطة تظهر الشكل الذي قد يبدو عليه الغزو الروسي المحتمل.. وما الأسلحة التي تم نشرها؟
VoE8jZob5Nc طيار يُصاب بأزمة قلبية أثناء رحلة جوية
VpAxrPpwf0Q شاهد كيف تعمل منصة التحكم الرئيسية ب搌NN من المنزل
VpYttUGrTxs رحلة \
Vq2uTLDoW_c أهم خطاب في الانتخابات الأمريكية.. هذا البيان قد يعني الهدوء أو الفوضى بالولايات المتحدة
VqzSQ1WOG5o كيف يمكن أن يؤثر التعرض للقصص الإخبارية الصادمة على صحتك النفسية؟
VrWeWwWAVqk لقاح فيروس كورونا.. كل ما يجب أن تعرفه عن الجرعة الرابعة
VrqQbC7JeeY ما هي العوامل التي تؤثر على سعر الذهب؟
Vs-3nK9pBBE نيويورك تُجري تجارب على عقار هيدروكسي كلوروكين لمعرفة تأثيره على علاج فيروس كورونا
VsOTUXKoHQ0 أكبر معمرة في أمريكا والثانية على مستوى العالم
VtTs7a_wy8Y شاهد كيف سُرقت هذه السيارة في دقيقة بشكل غير معقول
VuJaYl1X--Y غزة \
Vu_S7RQjM_k ميناء جبل علي.. الأكبر من نوعه بالعالم
VufoS8Mim2k جبران باسيل: إفراج إيران عن نزار زكا قد يكون رسالة لواشنطن
VvO2AHIA1nE ثعلب يسرق كرات الغولف يوميا
Vw5Zpg94_E0 كيف تم تهريب \
VwJRa8dX1JI مذيع CNN يفاجئ زميلته في آخر يوم عمل لها بالبرنامج.. وهذه رسالته لها
Vw_dEfMkNwY موجة ضخمة حطمت عظامه.. شاب يروي كيف تحولت رحلة ركوب الأمواج لكابوس
VwaWFgwGVI8 هذه الأرض تغني فيها الحجارة
VwgFAv5XTvE لماذا خسر ليفربول لقب الدوري الإنجليزي؟
VxVbQ8Zte-g طريقة صينية سلمية للتعبير.. تمثال خشبي
VxvmvOf2k3w بعد المغرب.. هل تطبع السعودية علاقاتها مع إسرائيل في أيام ترامب الأخيرة؟
VyCdZmpdKN0 تحديث سيرتك الذاتية باستمرار أمر بالغ الأهمية
VyJT8rc6kJo حرب معلومات عبر الإعلام في سوريا
VyWXOenh3P0 نوع نادر من الخراف الاسكتلندية التي تتغذى على الأعشاب البحرية
Vyyl0jitXSw أم حاتم.. وهبت عينيها لابنها الكفيف فحصل على الماجستير بالأردن
W-rYPr1Fs2Y حب مستحيل في \
W0rhak_fgW4 أردنية رأت الموت أمامها خلال تسلق أعلى قمة في العالم.. فما الذي واجهته في إفرست؟
W1LjmEaJNco فتاة 16 عامًا تزعم تعرضها للاغتصاب من قبل 400 شخص.. والسلطات تعتقل 8 رجال
W1aAlkSbEIM وزير المالية السعودي يتحدث لنا عن الضرائب ومستقبل الاقتصاد
W2Pqr-MvWDQ توكل كرمان: حان وقت سحب سلاح الميليشيات ورحيل التحالف
W3J47F1O-o8 طلاس: الأسد متواضع ويحب شعبه ولكن الأزمة غيرته
W3Oujp2XJYw اعتقلت وقيّدت واتهمت بجناية.. شاهد تعامل شرطي أمريكي مع طفلة لم يتجاوز عمرها 6 سنوات
W3RSYPybjgA خضراوات بديلة مصنوعة من اللحوم
W4Ok8rtUf_g بالأرقام والأدلة.. هل انتهى عصر كريستيانو رونالدو؟
W4hWrjnCzf4 تبول في البرد القارس.. فماذا حدث؟
W4wSrW6B5OM وصفة تفجيرات بوسطن.. من القاعدة؟
W5j30hJpN0Q جنبلاط: الأسد يسعى للانتقام وأخذ الثأر
W5jcCD3nqTE بالجدول الزمني.. نظرة على اختبارات كوريا الشمالية الحديثة لصواريخها البالستية
W6E_OQuThSQ آخر المستجدات بخصوص سباق اللقاحات لفيروس كورونا الجديد
W6jsJHb0KbE اكتشف جميع الكتب في أكبر مكتبة في العالم
W74zamXT_38 بسرعة تضاهي سرعة طائرة.. هذا أسرع قطار في العالم
W7_lbYS7EvM ساعة أبل .. شاهد تطبيقاتها وماذا يقول عنها المستخدمون؟
W82p90cXhi0 المركبات ذاتية القيادة أقرب مما تتوقع.. هذا ما تحتاجه
W8RcevQUty8 كيف تخرج حيا من سيارة تغرق؟
W8THvtAIw-I ناسا تكشف عن 3 تصاميم لمنازل على المريخ
W92AmAD8IsM كيف تسرّع Lightning Network عمليات الدفع عبر \
WAad0zZXrN0 التاريخ يظهر لنا مدى اختلاف حفل تنصيب بايدن عن بقية الرؤساء السابقين
WAyWAagYMBk رجل يعيش وحده على \
WB3jtRluR7o كيف تتسوق بطريقة صحية وماذا تضع على قائمة مشترياتك؟
WBFwj_0ryRI داخل مكتبة عطور منى قطان في دبي.. شاهد \
WBWUi7-wRJ4 مغامرات بطابع إماراتي.. 5 نشاطات لن تنساها في أبو ظبي
WCXZIuieB_U “هواوي” في ورطة بمصر.. \
WD1b-5l8R4U ماذا يعني مصطح الـSegwit في عالم \
WDnX8WNxKMw سناتور جمهوري: أفضل طريق للمضي قدماً هو استقالة ترامب
WDsC1K4sKiY من أشهر الحلويات المغربية.. ما سبب تسمية \
WE2mNTY_ODw من CNN بالعربية إلى أبطال \
WEnK0La8cxE هل باعت فنزويلا جوازات سفر لعرب على صلة بحزب الله؟
WF5qeOVYtlw تعيين وزير يهودي في تونس يثير جدلا
WGWGnM6dXgs روبوت يساعد الأطباء والممرضين في غرفة الولادة
WGgHvjGsT_s بابا الأقباط يتلقى دعوة تاريخية لزيارة السعودية وينفي بناء كنيسة فيها
WHs5m5D7kb8 في فيلم واجب..الفلسطيني بعيدا عن صورة المقاوم
WK0h0Ekv-Qw هل تشكّل العملات الرقمية بداية النهاية للعملات الورقية؟
WKqlE-_kbfA ما الأحداث التي شكلت رئاسة حسني مبارك.. وكيف انتهى حكمه؟
WL1v5PfGURY فوضى وشغب.. تصاعد التوترات على الحدود البريطانية بعد القيود
WLJRbUI_v1Q اكتشاف مقابر مصرية تعود ل عام
WLL4AWdHmW0 غارات إسرائيلية على غزة وصواريخ فلسطينية تضيء ليل تل أبيب
WLr80R3_N20 غواصة \
WM42jWJ6Db4 هكذا قررت نجود اليمنية الطلاق لإنهاء اغتصابها المتكرر
WMFXjalQKG8 الحرب الإلكترونية.. جبهة جديدة بين حماس وإسرائيل
WMeTONYcxoY اللحظات الأولى لانطلاق مسبار الأمل الاماراتي إلى كوكب المريخ
WMz9Zs1utJQ تحد جديد من نوعه بين طائرات بدون طيار لإظهار أفضل التقنيات
WNf2PmwhObE كيف يمكنك اختراق بصمة أيفون الجديد ؟
WNiqS47Jxuk الجرعات المعززة وتطعيم الأطفال ضد فيروس كورونا.. طبيب يوضح
WNk3FC93QdQ هكذا تعقبت وضايقت الصين CNN بتحقيق مخيمات اعتقال المسلمين
WOeKO0pzZkA معارضون سوريون يبدأون إخلاء آخر معاقلهم بحمص القديمة
WOeUe2vZhV4 تجول بين شخصياتك المفضلة بعالم \
WQ7kmoy3Svk هشاشة العظام وكيفية التغلب عليها
WQRcz1_KiQk خطوط طيران نيوزيلندا تضيف \
WQUs59bHHGI في دبي.. إسبح مع البطاريق بدرجة حرارة أقرب للصفر
WRCgJ3JHpE8 بلدية القدس: التطبيع بين الإمارات وإسرائيل قد يجعل المدينة مركزاً للبحث بالشرق الأوسط
WRhuuTjNa9w طفلة مفقودة منذ 2019.. لن تصدق أين وجدوها على قيد الحياة بعد قرابة 3 سنوات
WS0l3STI1eA تعرف على أعراض الإنفلونزا ولكن من فيروسات مختلفة
WSLM35LfIoM هكذا ردّ جنود أوكرانيون على مدمرة روسية طلبت استسلامهم
WSM_q2gVtxM رئيس طيران الإمارات عن حظر الإلكترونيات: التشكيك بأمن مطار دبي أذهلني
WSZ1wY6TGmg تداول حديث مريم عفيفي مع شرطي إسرائيلي بعد اعتقالها.. هذا ما قالته
WS_xQwHxMMI بعيداً عن العمر.. إليكم أبرز الأمور التي تسبب التعب والضعف لدى كبار السن
WT3Og6ccd-M جايدن شابر.. موهبة جنوب أفريقيا القادمة في الغولف
WT7SUGDRUQs أي مركز شرطة في الشرق الأوسط يملك درّاجة \
WU-IqwMvrf0 حصرياً ل搌NN.. مهاجرون يفضلون الموت في البحر المتوسط على العودة إلى ليبيا
WU8wvgHGjdg ماذا يمكنك أن تأكل بين الإفطار والسحور؟
WUCbaqoiT-A سلاح الجو السوري تحت ضغط الثوار
WUSIl5eOI-Y تتطلب \
WVAPebdvb-k أيهما أفضل ممارسة الرياضة قبل أم بعد الإفطار؟
WVmE1fh_0eA بعيداً عن سورها العظيم.. إليك أعجوبة معمارية أخرى من الصين
WW9UiHH-G-o جيش المهدي يبدأ تحركه لقتال داعش
WWhAOWzBKs8 عروض الموسيقى والترفيه الحيّة.. هكذا تعود للعمل في دبي بعد عامين من الجائحة
WYou7XEHLYc جولة نادرة لفريق شبكتنا داخل حصون طالبان
WYsDhtWGDS4 كيف نشرب الماء باستمرار وما هي أساليبه الصحيحة؟
WYvubQxUO_8 “الضغط الإبري” .. صيحة جديدة أم علاج طبيعي فعال؟
WZ3isr2I45I مراسل CNN يناقش مرتادي أحد الشواطئ الأمريكية.. \
WZdoMa4Iwwo من أين تحصل هوليوود على سياراتها؟ إليكم جولة في هذا المكان
WZk4vfeiXvE مؤيد سابق لـ\
W_fgdKW7M3w قفزة من فوق قمة إفرست
W_ipUZiCsag قابلوا الرجل الذي يحمي أندر الألوان في العالم
Wa-FP0ALJrs بعد تقليص السعودية لإنفاقها العسكري.. إليكم قائمة بأقوى جيوش دول الخليج
WaGWF5Xl3TY مركز تسوق في لبنان يتحول لمأوى للاجئين السوريين
WaU-MpxdtYM ماذا قال \
Wb8UVhMfqjM سري.. كيف تمضي الحياة داخل منطقة تسيطر عليها داعش؟
WbI-j0O8na0 هل مشروع العملة الرقمية التي ترغب بشرائها استمثار جيد؟
Wdu9pNWN9Qs لحظات مهيبة يوثقها مغامر يطير من فوق الجبال ببدلة بشرية
WfIpsYcyFXU بعد وصولهم من أفغانستان.. كيف يتم استضافة الأفغان في قاعدة رامشتاين بألمانيا؟
WgJ-mgClpYs ينتظرها الزبائن لساعات.. هل تجرب شطيرة \
WiSYutXFF20 قبل طرحه.. ما أبرز مميزات آيفون XR؟
Win1JW8Vl9g خلفان: قطر كسبت عداء الأغلبية.. وأدعو لقوة ردع عربية
Wk5PFYQut3c \
Wk9LJJdFTvI لحظة إعلان وفاة أمير الكويت الشيخ صباح الأحمد الجابر الصباح
WlBKU37GNmM الدوالي.. ما سبب تكوينها وكيف يمكن الوقاية منها؟
WlSR6hJ1rCc بعد مقتل قاسم سليماني.. هل ترد إيران على أمريكا بنفس الطريقة؟
Wm0k-6KGVVA \
Wm3C1AVr_qM \
Wnbm5FenmII مقارنة بين خطابات قادة أمريكا بعد خسارتهم الانتخابات الرئاسية
Wo-5QS2_0wk في دبي.. فصول دراسية مبتكرة داخل دفيئات زراعية يأكل فيها الأطفال من حصادهم
WoN3lzjz_IU الشيخ محمد بن راشد: سنحافظ على تفوقنا وأهلاً وسهلاً بمن يقلدنا
WoTGE8iVrVA إكسب دبي تجربة جسدية وافتراضية هجينة فريدة من نوعها.. هذا ما ينتظركم
WowM6h5l1OM لبنان.. احتجاجات متصاعدة وإصرار على \
WpLrfJLS6TU شهرزاد الجعفري تقسم طلاب كولومبيا
WphINlil4JA \
WpwH6hv7Nu4 منشأة الإمارات النووية تبدأ عملياتها التجارية لتوليد 25٪ من الكهرباء في البلاد
Wq13F5qgcy8 رئيس فايزر ل搌NN عن لقاح كورونا: قواعد اللعبة تغيرت بنسبة 90%
WqKDoySRL4E ‫بط عملاق بميناء في هونغ كونغ‬
Wsuyu01TB2g الضوء الأزرق الصادر عن الشاشات.. أضراره وطرق تجنبه
WtBujPnK74U هكذا غيرت الشابة التونسية صورة عارضة الأزياء
WtQKYn2mjbg #عيشها_سمارت... هاتفك مفتاحك ورفاهية الفنادق بكبسة زر
WtbfWmMKgH0 اقتصاد الولايات المتحدة يخسر 800 مليار دولار بسبب فيروس كورونا
Wu1f6IeEChw قطار يصطدم بحافلة ركاب في كندا
WuYZCc-NOyM أبرز لحظات محاكمة ترامب بمجلس الشيوخ
WvWu2oMJIvo عدسة سي أن أن على الحدود السورية التركية.. كيف يبدو الوضع هناك؟
WwbE-PDO5uw تيسلا تكشف عن أول سيارة رياضية تنطلق من صفر إلى 60 ميلاً بأقل من ثانيتين
WyBCHHoRASU رحلة عبر \
WySr1bFIQI8 هكذا فاجأ الممثل دواين جونسون جنديًا سابقًا في البحرية الأمريكية
WzRuvw_Wjs4 هل تعجز المرأة عن تقلد مناصب قيادية؟ إليكم 5 خرافات
X-5JVYDrkBU توجه نفتالي بنت منافس نتنياهو لأحزاب اليسار لتشكيل حكومة وحدة في إسرائيل
X-KB2ekVJ9w أسسها لاجئون.. تعرّفوا على شركة \
X0DNa33Jo0A حطام سفينة متجمد منذ 170 عاماً يكشف عن حملة قطبية فاشلة
X0iiY97-cz8 بين بايدن وترامب.. شاهد الفرق في تصميم المكتب البيضاوي
X0mHU8N1gGI هذا ما يحصل عندما تمتلئ شوارع القاهرة براقصات الباليه
X1pWm5h_Uw4 أبوظبي في فصل الشتاء والعطلات.. إليك 4 نشاطات وسط الطبيعة
X1v-n8xaHTA سي أن أن داخل أكبر مساجد مانشستر.. الجأوا للحب
X2DiX3qWZls نظرة داخل \
X2HkuXCZJAo أحد الناجين من فيروس كورونا ينشر صورة صادمة قبل وبعد المرض
X2JLM2DtaTE لقاء غير تقليدي بين البابا فرنسيس والرجل العنكبوت.. ما القصة وراء مصافحتهما؟
X2aKJHKNtwE متى نكون أغبياء في استخدام هواتفنا الذكية؟
X3is0FSLaqM دوري ابطال أوروبا.. توقعات لإياب دور ال񤀖
X44ZF70AFWQ كيف ينتشر فيروس كورونا بين البشر؟
X58ObgFWXSU كيف تم تصوير Furious7 بعد وفاة بول ووكر؟
X5QLViLywGA هل يدفع دونالد ترامب أمريكا للقراءة مجدداً؟
X66tXBBXthY لحظة بكاء ميسي خلال مؤتمر وداع برشلونة
X6KAIba0QGU صحفية بريطانية: اغتصبوني في \
X6_BlXpr7hI CNN تعاين الوضع في دمشق بعد انفجارات الأحد
X6bYV8FxPKA بإجراءات مشددة.. دبي تعيد فتح أكبر مركز تجاري في العالم
X6cHtSWCHuQ أبرز مسلسلات الدراما المصرية في رمضان 2021.. القصص وقنوات العرض
X8rOgi9WwV0 فراغ سياسي بعد استقالة الحريري.. إلى أين يتجه لبنان؟
X8xoDoZX4lY قريبا بدبي.. روبوت للمساعدة والخدمة وتقديم الطعام أيضاً
X95N9hOZXSk نادي حصري لأصحاب الساعات الفاخرة العرب
X9HthfwQ638 ابنة سعد الجبري تكشف ل搌NN ما تخطط له العائلة وترد على بيان حكومة السعودية لـ\
XAsPqaa85VI هل تحل هذه الشركة مشكلة انقطاع الكهرباء في المناطق الريفية؟
XBopdwdJLX0 النضال اليائس
XCGRsKy9YYc ‫أسماء الأسد .. وانفصامية المواقف‬
XCxLuJiKLBA طالبان تسيطر على رتل عسكري يضم أسلحة أمريكية دون إطلاق رصاصة واحدة
XD4YNYngPs4 كيف تستعد أكبر شركة حلوى في العالم لعيد الهالوين؟
XDJmOpPRiP8 دليل قد يساعد في الحد من الإفراط في تناول الطعام
XDaSKcPnmNU هل سترد إيران على أمريكا بنفس الطريقة؟..سفير إيران في الأمم المتحدة يرد لـ CNN
XDnR2Q0fGus هذا ما تفعله شركات الطيران لتشجيع الناس على السفر مجدداً
XEBVLaYaCYg قصة \
XEp1KF14iXM جهاد أزعور يتحدث ل搌NN عن أدوار صندوق النقد بمساعدة الدول
XFNgbUcfyLM مكانة ملكية..هذا ما ترمز له الأبقار في رواندا
XFf4bt5YYgM \
XGBlBNv-JMY من هم النجوم الذين احتضنهم المسرح الصيني في هيوليود
XGEKSnNL4ng فاوتشي عن متغير أوميكرون: من السابق لأوانه معرفة مدى خطورته
XI9Hulr3Qjg للأثرياء جدًا.. شاهد أحد أروع ملاعب الغولف في كوريا الجنوبية
XIOtekZ9EPo يصفي 80٪ من المرشحين.. ما هو \
XJ82CTZ_k-4 فورد تنتج أغلى سيارة رياضية بتاريخ الشركة
XJAp_1LBgU4 العب مع عمر.. 5 ألعاب بورد جيمز مناسبة للعائلات والمجموعات الصغيرة
XK4wdW-TlT4 4 نصائح لتعيش مدة أطول وبصحة جيدة
XL3a1HigfbQ انقطاع الأكسجين في مستشفى السلط في الأردن يودي بحياة عدد من مرضى كورونا
XL8SOigE4cc محمد صلاح يتحدث عن مدربه الأول: بمثابة أبي
XLO8P3KJS-U السباحة مع الدلافين في الجونة.. تجربة فريدة من نوعها في مصر
XLQvlxVB7w8 مجموعتك الارهابية المفضلة.. هذه ليست مزحة
XLZuMaujumE أضواء وحلويات وذهب.. جانب من احتفالات \
XLh1N3vIqP8 أفضل المنصات الإلكترونية الملائمة لمرضى الاكتئاب
XM4adw5zdjA أهم حقيبة في العالم.. كيف سيستلم بايدن \
XN70mlHCBro ناصر الخليفي رئيس نادي باريس سان جيرمان يكشف ل搌NN ما يريده من ميسي
XNkCRhBi_A4 تعلّم البرمجة في هذه \
XNo_DVVpIDI ما هي تقنية البلوك تشين؟ وكيف تعمل؟
XP4W_GErADg سم الريسين.. حبة الخروع القاتلة
XPBpPhNbhVM أمل بوشوشة: لا أترك حقي في الفن
XPHVXvDYajI منع من العرض ورصاصة قاتلة في الكواليس.. إليكم أبرز الأزمات الفنية لعام 2021
XQqWn1XjfdM مدير وكالة ناسا: مغادرة روسيا محطة الفضاء الدولية قد تؤدي لسباق فضائي جديد مع موسكو وبكين
XRypgxF7u2E كيف بنت هذه الشركة الصينية ذراعاً مالية قيمتها 17 تريليون دولار؟
XScWRrsweDM الجبير: إطلاق إيران لصواريخ من أرضها عمل حربي
XT76_S9d9Qo حصرياً.. قصة نجاح أسطورة التنس رافاييل نادال
XTVEtEkIT2Y العثور على تمساح بمصرف مجار لبناية سكنية
XTiO5pNWWRc شادية بسيسو..أول مصارعة عربية بالفنون القتالية
XTsuh83FF3I أجواء من القلق بسبب تصاعد احتجاجات المعارضة بالبحرين
XUSFcD429ls ما الفرق بين تدخين السجائر الإلكترونية والعادية؟
XUZWQPrcoVU تعرف على ميزات آيفون 8 撈+ من ابل
XUd5xlaz0Uo فيديو لطائرة بدون طيار يبيّن قساوة معارك كوباني
XV2WrlB9xKs فتوى تجيز تناول القطط والكلاب بسوريا
XV_z14nxqFg فنانة تنشئ عوالم خيالية بـ\
XVhmbTlb_Kw ناسا تخطط لتحطيم محطة الفضاء الدولية والتخلي عنها بالتقاعد منها عام 2031
XWQj6GQ9z28 حصري ل搌NN.. أول لقاء مع نجلي جمال خاشقجي: نريد دفنه في البقيع
XXgu6vz7bY4 اكتشف الحقيقة \
XYb_Pwj7xqU حريق جديد في مرفأ بيروت وقلق من كارثة آخرى بعد شهر من الإنفجار الضخم
XYwP_HPVm9E \
XZ45dqVJq_I أذهل بعض أفضل لاعبي الغولف في العالم ولكن اسمه ليس معروفًا جيدًا.. من هو مو نورمان؟
XZ5SxWc9KT0 ردة فعل أوروبي يتناول الكوارع والمخ لأول مرة
XZeckBaTRQY ناصر الخاطر ل搌NN: تغطية مونديال قطر 2022 كانت ظالمة
X_bESF2pCFk آراء الشارع المصري: إعجاب بترامب.. لكن ما رأي سائق التوك توك؟
Xa1TyRSJ9Fw بناء محارق مؤقتة للجثث في الهند بعد ارتفاع الوفيات بفيروس كورونا
Xb7wH9DkXC4 تحسن مرضى فيروس كورونا بعد استخدام \
Xc5TT-5SdQs سلحفاة تنتقم من كلب بعد فوزه باللعب
XcCcQ2vAtXA الأضواء تزيد من جمال تجمد شلالات نياغارا
XcfBDYRG5xg بين الحرارة المرتفعة وساعات الدوام المخفضة برمضان
Xdfu34d1KzA \
XdjkVppXgus دنيا سمير غانم: الفن لغة نفهمها جميعاً وأهم \
Xe2cRbLPluY حركات بهلوانية \
XeUx7HIqkVw 10 وجبات خفيفة لذيذة بأقل من 200 وحدة حرارية
XepK0yE3Gvc تحقيق ل搌NN يظهر كيف وثق فيديو مذبحة نفذتها قوات إثيوبية بحق مدنيين في تيغراي
XfkEaEVL8nc كل ما تود معرفته عن اعتراض الإمارات لصاروخ باليستي حوثي..ثالث محاولة في شهر
Xfzt1f8GOC0 تل مرعب في الإمارات
XgR7ayXuRgU شيخ الأزهر: ظروفنا لاتسمح بالمواجهة وقرار القدس بالونة اختبار
Xgq8FLqhdpg كيف انتقل هذا الرقص من نوادي التعري إلى صالات الرياضة؟
Xhhx5OAyStk أبرز الوجهات للرحلات البحرية في العالم
Xhy1zhQIkvQ رئيس وزراء اليونان يتهم تركيا باستغلال اللاجئين كأدوات جيوسياسية
Xi_6I-WawWU لماذا يركض أسرع رجل في اليابان وهو مربوط في عجلات؟
Xif08aaQ5QA فاوتشي يعرض 3 شروط للسيطرة على فيروس كورونا \
Xjd_RmEQs_Y في دبي.. مركز شرطة ذاتي القيادة يتنقل لخدمة العملاء
Xjyu44M4P5M التسلسل الزمني للأحداث الأمنية في السلط والفحيص بالأردن
XkIiOLkxiJM جيش العراق يقترب من أول حي دخله داعش بالموصل
XkTJOssjXBA CNN تتحدث مع أول متطوعة أمريكية تلقت جرعة \
Xl6gqd94QzI قرقاش ل搌NN: نريد أن تكون لدينا علاقة بناءة مع تركيا ولكن سياساتها تعيق الأمر
XmefLkQGrlg أول عملية من نوعها.. زرع قلب خنزير معدّل وراثيا في إنسان
XmysbtL86g8 زجاجة نبيذ بربع مليون دولار!!
XnAvsARDy_s دلو من الماء المثلج على جورج بوش
XnszItCpMNg ملحم زين يرد لأول مرة عبر CNN على انتقادات حفله في رأس السنة رغم قيود كورونا
XpspnDAk_hc كوكتيلات مستوحاة من معارض إكسبو السابقة في إكسبو 2020 دبي
XrCUSVy5tCc تجربة طبية قد تؤدي لعلاج أضرار النوبة القلبية بالخلايا الجذعية
Xt07gGblIb4 فيديو لما رآه رواد فضاء \
Xt9FTHQ4Cb0 كاميرا محكمة تُظهر سجينًا على كرسيه المتحرك ينزع سلاح ضابط ويشهره بوجهه
XtPyVR4odlo ما هي استراتيجية ترامب تجاه إيران؟ وهل يريد الحرب؟
XuDl1UR7Iek هل أصبحت أموالك أكثر أمناً
Xutvj3_t4-o ما هي مخاطر الذهاب إلى حانة أثناء جائحة فيروس كورونا؟
XuvGl1VVmLc رئيس أذربيجان: مقاتلات F-16 التركية لا تشارك في المعارك ضد أرمينيا
XvG_Y6GrwEo طفل عمره سنتين يتباهى بقدرته على التزلج
Xvd7hrkqRF8 مسؤولة في \
XvdxlISpays ما العلاقة بين فحوصات سرطان البروستاتا وضعف الانتصاب؟
XviRAZAxJuc اكتشاف ثالث أكبر ماسة في العالم بحجم 1098 قيراطاً في بوتسوانا
XvpOwgg9kQo روبوت يفهم من تكون وما دورك في عالمه
Xw4GmLWDbb0 هذه المعكرونة تُصنع عن طريق التأرجح على عمود
XwFGgNRqHbY الرئيس التنفيذي لموانئ دبي العالمية: أضعنا الوقت بمواجهة إسرائيل
XwKSpBzmZWU في إسبانيا.. جداريات تحطم محرمات الصحة العقلية
XwZ30hnkXBc بلجيكا تقدم هدية لإريكسن.. ونظرة على المتأهلين لدور ال񤀖
Xx4Q5FA0Fic بعد الصافرة.. ميسي والأرجنتين الحل في \
XxQ22Yq5VSE بسبب إعلان دفعت عليه أموالًا طائلة.. أنظمة شركة تتعرض لعطل لم تخطط له
XyJLHQb4bSQ بالخرائط الافتراضية.. أسباب جعلت هجوم لاس فيغاس مميتاً
XyU5zouBtY0 صورها العارية انتشرت على الانترنت.. والآن تحارب ذلك
Xyf3nebtmp8 أم أفغانية عملت مع منظمات أمريكية لشبكتنا: ماذا سيحدث لبناتي إذا قُتلت؟
XyoAaYxZWYI الأردن: مسيرة رمزية بالخيول تضامنا مع الفلسطينيين
XzaRWTJvhvw ماذا يجب أن تفعل إذا وقعت في مواجهة دب؟
XzyKh60yxvo بلينكن يجيب على سؤال ل搌NN عن علاقة محمد بن سلمان بمقتل خاشقجي.. إليكم كيف رد
Y-Qtl0thQmc صداقة نادرة تجمع بين الكلب والقط
Y-WYc6ZMEIM تبدأ بالاقتصاد.. لماذا تواجه \
Y03BOXvXNlk ما هو التعدين في عملة البيتكوين؟ وكيف يُكافأ المعدنون؟
Y0QxNW8aMcg \
Y1KUR1L4e4w أين تكمن قوة سوريا برأي محمد ملص
Y1iw5pCUcC4 مصارعة تركية بزيت الزيتون والعضلات فقط
Y1s1OkNvXug الانتخابات الإسرائيلية ودور الفلسطينيين فيها
Y1xwgjUA-co سلطان الجابر يتحدث ل搌NN عن صفقة أدنوك بقيمة 20.7 مليار دولار
Y21pMJ7VP-8 بعد حظر بريطانيا لهواوي من شبكات 5G.. دول أخرى قد تتخذ نفس الإجراء
Y2DZ8T6inRw مع اقتراب موسم الخريف.. هل يهم الترتيب الزمني لتلقي لقاح الإنفلونزا والجرعة المعززة لفيروس كورونا؟
Y2SXbOB--fk بهذه الطريقة بإمكانك تسلق جبل إيفرست من منزلك
Y403xGXQDGI كيف وصل فيروس كورونا للبشر؟ مشادة ساخنة بين فاوتشي وسيناتور أمريكي
Y4ntDCq05Mc في رحلتك المقبلة.. هذه أفخر الفنادق في العالم لتجربة \
Y5pCFFEs8tA مقارنة بين سلاح الجو المصري ونظيره الأثيوبي وفق إحصائية 2021
Y6d1ayuaVS0 نساء في اليمن يلجأن لبيع مجوهراتهن بسبب الجوع
Y6kCpGqUPmo مواقف محرجة مر بها بعض السياسيين
Y6ws7kh_JIs تجربة علمية مصرية للتنفيذ بمحطة الفضاء الدولية
Y7KSEZUgv6w ما خطة إسبانيا لإنقاذ قطاع السياحة فيها من جائحة فيروس كورونا؟
Y85N_-HDldY مراهق يبتكر تطبيقاً لـ\
Y8MdfpYOvGg فنان سوري يحول زعماء بالعالم الى لاجئين
Y98YGq8QIY4 داخل الغرف السرية لختان الإناث في كينيا
Y9TLg65An8g تعثر السلام يعرقل إنعاش الاقتصاد الفلسطيني
Y9rZPH__frA حفيد محمد علي يكمل مسيرة أعظم ملاكم عرفه التاريخ
YAB4pnwRIlo ضجة جديدة تثيرها ظروف انشاءات قطر 2022
YAnfgwcebrU كيف تم تجنب حظر الموسيقى بالاتحاد السوفييتي؟
YAw7oKfmXEY سعوديات يعبرن عن فرحتهن بقيادة السيارة
YB2KJPjIu1w ممثلو الفيلم المعادي للإسلام: المنتج خدعنا
YBR1XxGBzRw كاميرا ضابط شرطة توثق لحظات مثيرة لعملية إنقاذ كلب حوصر في سيارة تحترق
YBem0gkrR4o شاهد.. هذه رموز إيموجي الجديدة لعام 2019
YBynQEqrSWA هذا هو الفلفل الأكثر سخونة في العالم
YCfzOmkdTOo محمد صلاح: يمكننا الفوز بدوري أبطال أوروبا
YCllMjzZLq4 حرب الكوريتين: سيناريو البداية
YCn6ugWigzU أحمد الحفناوي.. بطل تونس الذهبي يثير شغف الجيل القادم
YDS6Br8lmco من على متن طائرة سولار امبلس 2.. خلال رحلة تاريخية
YEYMIQhMXac رسالة مؤثرة لأم وطبيبة إلى أطفالها في حال وفاتها بسبب فيروس كورونا
YEg4qtSfbUA مراسل CNN يوثق رحلته مع قيود كورونا.. هل بات ذلك مستقبل السفر؟
YFiGyA_YJyM هل كسبت وزنا خلال الجائحة؟ 4 نصائح تساعدك للعودة إلى المسار الصحيح
YFndA3I9wss هل الحصول على نصف جرعة من لقاح كورونا بنفس فعالية تلقي جرعة كاملة؟
YG3w3l_o71A روبوت يقلد البشر وآخر ينافس الكلاب
YG4RI3yYnIA كيف تختلف قبيلة الماساي عن غيرها من القبائل في كينيا وما تقاليدها؟
YGAh6xvj56Y بدت وكأنها قصة نجاح دولية.. ولكن إسرائيل تواجه الآن ارتفاعاً كبيراً بأرقام كورونا
YGJzk_G7rm4 تقليل تناول المشروبات السكرية يمكن أن يطيل عمرك
YKDdb5SR-vI حصري: معركة طرابلس.. لا صوت يعلو فوق صوت البنادق
YKJHrKbx864 شاهد ما حدث بعد صراخ رجل بكلمة \
YKdbBt_AL_c أطباء يحذرون من أن فيروس كورونا ينتشر بسهولة أكبر مما كان يعتقد في البداية
YM6RAqwsEmI فريق شبكتنا يدخل الفلوجة في العراق
YNL-pEZQynM هل تأخرت دول الخليج في تنويع اقتصاداتها والتحول إلى الطاقة النظيفة؟ صندوق النقد الدولي يجيب شبكتنا
YOYmcmZFLWk طبيب بحلب: الناس تقتل بسبب هويتها
YOhyIuR6-R4 بايدن: نشعر أننا بموقف جيد للفوز.. والنتائج ستستغرق بعض الوقت
YQGTF4Ob8A0 جيرارد بتلر يكشف سبب غيابه عن افتتاح فيلمه بالسعودية
YQQherSHdoQ خذ جولة بتايلاند..أرض ال񤁀 ألف معبد بوذي
YQmZl4i6_i8 5 خرافات عن النساء والجنس والحمل
YR6NZTUIz6Q هذه التوابل قد تكون المفتاح لطول العمر
YRQwRs9TTh8 \
YS1zyEFIXoY \
YS9NO_3Y13M بعد الثورة المصرية .. ما مصير المفقودين؟
YTCpzfsCi-g مأكولات تطيل مفعول وجبة السحور في رمضان
YTitwfkNR84 أنواع الأرباح والفوائد التي تسعى الشركات الناشئة لتحقيقها
YUAf8HJzACo حلم بأن يصبح غيفارا بكوبا.. فعاد مسلما إلى أمريكا
YUZG47RkRaE عزل ترامب.. كيف بدأت القضية وإلى أين ستنتهي؟
YUh9dhBFzY4 كيف يمكن نقل صناعة النبيذ في لبنان للسوق العالمي؟
YUlGt93Hk-E ابتلع كاميرا \
YVH5EuFbGEM ثالث أكبر شركة تصنيع طائرات بالعالم.. ما سر نجاحها؟
YVKgRpa2T2o أمريكية من \
YVNbL60qDt4 طفل يلقى حتفه بسبب \
YXUDNJTGMho \
YXaf6hpWYS8 سامسونغ تكشف عن هاتفها الجديد القابل للطي
YZGNIHmCaS0 كيف تلجأ بعض الحكومات للعملات الرقمية لتجنب العقوبات؟
YZSVsT8e6eg كيف سيبدو تصميم أول عمل فني بالعالم يستقر على القمر؟
YZaSFaY47ic بعد موجة من ثوران البراكين.. نظرة عن قرب بشأن سبب ثورانهم
Y_lg4gsYwJU طائرات انتحارية غير مكتملة لـ\
Ya63xtwETq4 مع قرب موعد طوكيو 2020.. اليابان بين خسارة أموال طائلة وكارثة كورونا جديدة
Ya9NFEtCXm8 إدارة الدواء في أمريكا تحذر من إمكانية اختراق أجهزة طبية
Yat-dIx_JFE في العام 2030.. كيف ترى تويوتا سياراتها؟
YbFtSsFxlfI من هو المخترع الحقيقي للكفتة؟
YbdLjZ0BwTQ مطعم مكسيكي يقدم طعامه بطريقة \
YbdjdPAy-TE هل تصدق؟.. كنغر مفتول العضلات
YcD_S2zbZdY في هذه القرية الإيطالية.. يعيش الناس حتى المئة
YcS5EpiJYN4 ازدحام عدد كبير من السفن التي تنتظر تعويم \
YccyC5J1i-4 دراسة: عقار هيدروكسي كلوروكين لعلاج فيروس كورونا قد يؤدي إلى عدم انتظام ضربات القلب
Ycmh5K8Vceo ترامب يلقي خطاب وداعه من الرئاسة
Yd3PbpCemBI راهب يعلّم نجوم هوليوود الكونغ فو
YfE0HdqrkFo لماذا نحن بحاجة إلى العمل أقل والراحة أكثر؟
YfIasM_X_uM الجزء الأول من مقابلة حصرية ل搌NN مع محمد صلاح
YfUalPjcy8o أول فندق دمشقي للقطط في سوريا
Yfc5fotT5gs دراسة: عدم تناول اللحوم يزيد من فرص الإصابة بالسكتة الدماغية
Yfc6XWT0M14 هل العمليات الجراحية لتخفيف الوزن تستحق العناء؟ إليك مخاطرها
Yft0hr74Zxk التنمر على شيكابالا.. كرة القدم مجرد لعبة
Yh-GUGYQVzc دبي ميراكل غاردن.. حديقة ب مليون وردة وسط الصحراء
YhClI2vzCC8 حرارة الطقس في دبي تنخفض 10 درجات في جناح سنغافورة في إكسبو 2020.. ما السر؟
YhQMIhQCDdE مراسلة \
YhZ6qFiqezw داعش يبث مقاطع لطائرة بدون طيار تظهر مواقع للجيش السوري
YhlsOuT_USk ب دولار.. أجراس الأبقار في سويسرا أغلى من الذهب
YjuYJCFJ52g ما هو السر الصغير \
YkE-V8He1Vc ماتيس يكشف خبايا مرّ بها جنود أمريكا بحرب العراق
YlSfi_Fapc4 هذا ما شهده طاقم CNN على بعد 200 متر من قناصة داعش
YlkmJBbkL2w الشيخة موزه والبغدادي وأمريكا وإسرائيل في \
YmoDcS11umU مايكروسوفت تكشف النقاب عن هاتف ذكي قابل للطي
YmraC_phTfI ما هي الأسهم المرمزة وما الفرق بينها وبين الأسهم المدرجة؟
YnQaDf5a0fA عُماني يصعد إلى أحد أخطر طرق البلاد ليصل إلى قرية معزولة.. من يسكنها؟
YnfrBwvn3H4 ما هو مؤشر مديري المشتريات PMI؟
YnmxDvCjPpA ‏لماذا سيكون ‏باريس سان جيرمان مرشحاً لزعامة أوروبا؟
Ynq8xvKbXng مقاتلات أمريكية ترصد طبقاً طائراً فوق سان دييغو
YoqC5PE4GuI أفضل 21 مكاناً آمناً للسفر إليه في عام 2021
Yp8alK3wzjI معرض دبي للطيران.. كيف غيرت الجائحة القطاع وما مستقبله؟
YpJKIP-CmCo لحظة أداء كامالا هاريس اليمين نائباً لرئيس الولايات المتحدة
YpMfphU-tGA سعوديون يتزلجون على الثلج في تبوك
YqIXy0P83sI تطبيق جديد يسمح بمشاركة الفيديو على تويتر
YscEmaX203w كل ما قد تود أن تعرفه عن المبادرة السعودية بشأن اليمن ورد الحوثيين والمجتمع الدولي
YshqYVGYhkg بعد قرارات قيس السعيد.. هل ستكون نهاية الدمقراطية في تونس؟
YtlEo8ReWO8 الفوضى الأمنية تحكم ليبيا
Yu5wX92HM78 6 فوائد للعسل من أجل معالجة الأمراض.. ما هي؟
YuF2Ge5dmSs من وارسو إلى غزة
YuVFwg1gpnc جدل علمي حول دراسة تتيح التلاعب بجينات الأجنة
YvyH1m6_r6c ترامب يقول إنه كان يمزح بعد هذه التصريحات.. كن أنت الحكم
Yy1ht8ogFaM أوكرانيون يصلحون دبابات روسية لاستخدامها في \
YzXQ_UKSNq8 بعد اعلان ترامب أنه يتناول عقار هيدروكسي كلوروكوين.. كيف كان رد فعل كبير المراسلين الطبيين ل搌NN؟
Yzqc0P7flI0 بسبب فيديوهات طبخ على يوتيوب.. القبض على أحد أعضاء المافيا الإيطالية
Z-X-WDklZo0 أسوأ كارثة جوية في الصين.. تحطم طائرة تحمل على متنها 132 راكبًا
Z0pVbMPmFVo حافلات ذاتية القيادة تتجول قريباً بشوارع دبي!
Z0vXgFNtwJ4 كيف حوّل رجل تسعيني قرية عسكرية إلى وجهة سياحية في تايوان
Z1blH3oP9XE سايبورغ أم بشر.. شابة يمكنها كشف الهزات الأرضية بقدميها
Z2ZAolFxoko السومو في اليابان.. عودة إلى الطقوس القديمة
Z2nDH6SzQhk انفجار صاروخ “فالكون 9” بعد دقائق فقط من الإطلاق
Z33bHfJ5AtE أحدهم أصبح لاجئاً مرتين.. ما الذي يتركه اللاجئون الأفغان وراءهم؟
Z3v4ppt89Dw جمع البيانات المطلوبة..مفتاح أساسي لزيادة الأداء في شركتك
Z4IPW1OyBjg فتاة من تكساس تحطّم الرقم القياسي لأطول ساقين بالعالم
Z5R5Li7Q5lA قد تشعر أنك \
Z5jyTraoKHk 10 وجبات يتناولها الناس حول العالم في ليلة رأس السنة
Z6VPddoN-u0 ماذا وراء رفع التوقعات الاقتصادية للسعودية في 2019؟
Z78llXdxCao كذبة أبريل.. كيف يمكن أن تكون مفيدة لصحتك النفسية؟
Z7HW_DRZddU صحفي أشاد ترامب بنائب اعتدى عليه: قلق لما حدث لجمال خاشقجي
Z7izX2LlPqk هكذا تحولت دبي من صحراء لمدينة براقة
Z7mm9GHtm3k كيف يتم التحليل التقني للأسواق؟ وما هي المؤشرات التي تُستخدم لذلك؟
Z8Ge7Wp2G2c في طوكيو.. يتحول هذا الحي بأكمله إلى فندق لك
Z9hEL8FIOWM لندن: فندق غير اعتيادي بداخل سيارة أجرة
Z9tdtBk_3zw ما هي التوقعات الاقتصادية للإمارات في الربع الأخير من 2018؟
ZBTMdp4F8UE هل ستدمج التقنية الآلية بحياتنا اليومية؟
ZBYEZTlmE20 حصري..قاعدة أمريكية شمال سوريا يحرسها الأكراد رغم هجوم تركيا
ZCL9flNMYx0 سوريون يحاربون برد الشتاء على الحدود التركية
ZCOh3w0CuH4 رقصت مع بيونسيه.. الآن تقود مجموعة راقصات من زائدات الوزن
ZCU-fBFUpcw بلينكين يكشف وضع الاتفاق النووي الإيراني والمحادثات في فيينا
ZE3UA4T7vvI شمس \
ZE8WJR8ErrI كيف تشجع طفلك على تناول الأغذية الصحية؟
ZFNJmG4Ph2o وفاة الممثل بول ووكر بحادث سيارة
ZGQht2iRsf8 في ضوء الأخبار حول فعاليته.. لماذا يعتبر أسترازينيكا \
ZH0tzuX9fM8 ما هو ديناصور “الرعد العملاق عند الفجر” الذي اُكتشف حديثاُ؟
ZHG1Jp0TlGA هذا الرجل يبحر حول العالم بالطاقة المتجددة
ZIJcSPalTgc رسم بياني يوضح الفرق \
ZISR4l9QzJE بفيديو واحد.. خصائص آيفون 12 وآيفون 12 ميني وآيفون 12 برو وآيفون 12 برو ماكس
ZJlX-7TAfO4 طبيب أردني يروي قصته خلال 12 يوماً من العمل بلا توقف في قسم العناية الفائقة
ZJuYP0Zmu5I استعدادات القوات الأمريكية قبل التوجه إلى الشرق الأوسط
ZK5uEgHxLXg موسيقى \
ZK7El553Tjc صور الغزو الروسي لأوكرانيا قد تسبب لهم كوابيس..كيف يمكنك التحدث مع أطفالك حول ما يحدث هناك؟
ZKaWYC2AezM رئيس طيران الإمارات يكشف حقيقة تسريح موظفين.. وهذا ما حققته الشركة من أرباح خلال 2021
ZMCOiSDgf2w السيارة الأكثر تطوراً في الفضاء وعلى الأرض
ZMOcy57zs8Y أول ظهور للأسد بعد تفجير دمشق
ZNBZn7_QOfc تشمل أنواعا عديدة من عمالقة المحيط.. هل تعلم أن نيويورك غنية بالحيتان؟
ZOARuwnTi0U بحار السلام.. لتعليم الأعداء التعايش
ZOAt7y4m9rc طيار يتحدى الموت بطائرته
ZPIvOSSiYkw أحد الأطباق الأكثر شهرة في هولندا.. لماذا يخشاه السياح؟
ZQWudylEQqM قابلوا الرجل الذي يقوم ببناء أعشاش البشر وليس الطيور
ZRBjSy7KgtU ما هي الأوراق المالية المحمية من التضخم؟
ZRBoQW3tI1U يمكنك رؤية نيويورك في لقطة واحدة
ZS5ECUdypoU مخترع مصري : لابد للحكومات من الاستثمار ودعم العُلماء
ZTxc9npXXBo في الأراضي غير الصالحة للزراعة.. هذا هو أصل لعبة الغولف
ZU9uoTOHEoc الدكتور مجدي يعقوب لشبكتنا: ضعف عضلة القلب بحاجة لأبحاث.. وطريق زرع قلب الخنزير \
ZVf05d8jMjM احتفالات “العيد الوطني” الاماراتي بمدينة دبي للإعلام
ZXxepdn-c_s مراسلة CNN في حفرة سببها صاروخ إيراني بالعراق.. ماذا شاهدت؟
ZYWyqBplD6o روبوت ينظف نوافذ ناطحات السحاب
ZZ9om4G6t8k جولة بسيارة سيدة الأعمال السعودية خلود عطار: انتظر القيادة بفارغ الصبر
ZZVa0u3A3jU شابة تركض للقضاء على التشرد في نيويورك
ZZwra67lGFU تعرف إلى مطعم حظي بمكانة مهمة بعالم رجل العصابات آل كابون
ZbR8iqixBBI كيف تحول أشعة الشمس إلى وقود متجدد؟
ZbnvG4xHazQ هكذا قد يكون السفر بالطائرة عام 2021
ZbwoRU3x3iA تحدي الدبكة.. شباب وصبايا على الحائط والسقف.. فمَن الفائز؟
ZcJoyrBm-AM مراسلة تدخل في غيبوبة على الهواء
Zd9rlDIdEjA ظنوا أنها ستكون كارثية.. لماذا لم تتأثر أفريقيا نسبيا بفيروس كورونا؟
ZdAdDyLKuZU كشف حقائق أول 100 يوم لبايدن.. بعيد عن الكمال ولا مقارنة مع ترامب
ZdR0B2BpDfI ما هو أصل طبق البسطيلة؟
ZdRWysq3pbA اللون الحقيقي للفستان الذي حير العالم
ZdVuAu2XuvQ بملايين الدولارات.. كيف تبدو صناعة الألعاب الإلكترونية بدبي؟
Zda07JdnvrU قرقاش: الحوثيون يتفاوضون ثم يستهدفون المنشآت المدنية
Zf8IH33WduE هل يمكن أن تُصاب بالتوحد؟ إليك 5 خرافات عن هذا المرض
ZfWwQKQrx_4 الإمارات ترد على مزاعم البريطاني هيدجز بعد إطلاق سراحه
ZfaZAsofCrU جربنا لكم هاتف سامسونغ الجديد GalaxyS8 وهذه النتيجة
ZggavCqyeq4 جامعة أمريكية تخرّج بعض أروع لاعبي الغولف.. ما سرها؟
ZhQ1tX9hWrM استمرار العنف بسوريا
ZhkFpvUFQxM \
Zhz8dKKLnhI أزمة لبنان.. مبادرة فردية إلكترونية تحظى باهتمام المشاهير لدعم الاقتصاد
Zidbb0KZwcw وزير الطاقة الإماراتي: حل مشكلة أسعار النفط من واجب الجميع
ZiiGGN0T3vo \
Zj_yMrN2pww ضفدع الفضاء الذي سرق أنظار العالم
ZkVB2_XUBY4 كيف تزيد من وزنك إذا كان أقل من المستوى الطبيعي؟
ZkZGlcI92WI عائلة سورية تعيش تحت الأرض خوفا من القصف
ZkbwkFOxR3w سلاح تحاول أمريكا والغرب تجنبه.. بوتين قد يغلق صنابير النفط الروسي
Zki2_Vp1v7g محمد عساف يوحد فرقاء فلسطين بـ\
ZloyCu9fVNM ما هي أبرز مخاطر نقص فيتامين B12 ومصادره الغذائية؟
ZmM5-T_uq1Q هكذا اجتاح فيروس كورونا مستشفيات ريو دي جانيرو بالبرازيل
ZmvmaC9oTKk الوكالة الدولية للطاقة الذرية تحذر من \
Zn1LuMy6EvI وكالة الأمن الأمريكية تحلل حسابات فيسبوك
ZnO9OEfipjg ما هو احتياط الذهب العالمي؟
ZnTord5Dwr0 المعارضة الإسرائيلية تواصل جهودها لتشكيل ائتلاف يمكن أن يطيح بنتنياهو
Zo4iqnDJvns وزير دفاع أوكرانيا ل搌NN: كييف لديها نفس معلومات واشنطن الاستخباراتية لكن التقديرات تختلف
ZowozktU_Zw برزاني: نواجه واقعاً جديداً وعراقاً جديداً
Zp7HwGzj50I حقائق \
Zq_ZFIdlJxY بعد إصابتها باكتئاب ما بعد الولادة.. سيدة تجد \
Zr3TIhmubn4 في زمن كورونا.. إليك 6 تطبيقات تساعدك على خسارة الوزن ومراقبة صحتك
ZrR71mtB5RU رئيس وزراء السودان يعقّب على تهديد السيسي بدخول حرب حول سد النهضة
Zs-HY80vmdY مدينة أوكرانية تعيش لحظات مروعة بعد تعرضها لقصف روسي
Zs4IQq1wuUw عاملات في مجال الدعارة في اليابان: “نخاف فيروس كورونا ولكن نريد لقمة العيش”
ZsERMuxQhtI هل تصبح هذه المركبة وسيلة تنقل البشر على المريخ والقمر في المستقبل؟
ZsPj_Hh5Xt4 مليون دولار لصور عارية بأعلى امباير ستيت
ZtedkTeKeEQ هذه النظارات ساعدت كفيفًا على الرؤية مجددًا بعد 40 عامًا من فقدان بصره
Zu6c54ZQyIc ما هو مستقبل العملات الافتراضية وهل تصبح جزءاً من محافظ الاستثمار؟
ZuEvxreOSmI مغني الراب ماكليمور يكشف عن شغفه بهذه اللعبة: أنا مدمن عليها
ZvCZ1H3qPIY حتى من داخل قبره.. العولقي يدفن أسطورة بن لادن
ZvDY1tsS0ks الآثار الجانبية للقاح كورونا.. متطوع في التجارب يصف ما حدث له
ZvSNPUJ8rnw دراسة تشير إلى أن ممارسة لعبة الغولف قد تضيف سنوات إلى حياتك.. فما سرها؟
ZvUpJCCbr2A كيف يختلف لقاح \
ZxAX7g4H9kc لتعزيز الإنتاج الغذائي المحلي.. كيف تزرع الطماطم في صحراء الإمارات؟
ZxKqQad7AtM في كيرلا بالهند.. استكشف الحياة التقليدية وممرات مائية خلابة
ZxOqjZwh_0c سيدات الأعمال الأكثر نفوذًا لعام 2022 في الشرق الأوسط وشمال إفريقيا
ZyDiriFtWCY أصدقاء تسارناييف.. عاشوا \
ZyHByPCbV2Y كعكة فرنسية تشوى على النار لأكثر من 200 عام
ZzZcOwtIhSE أيمن الصفدي ل搌NN: ممارسات إسرائيل أشعلت الصراع وفهمنا أنها ترفض وقف إطلاق النار
ZzaKNTK3CDU رحلة استكشاف بأول مركبة يمكنها الوصول لأعمق نقطة بمحيطات العالم
_08TXc1TDpE فيديو أثار الجدل.. شاهد ممثلة ترقص وهي تحمل الكتاب المقدس
_0IZERJU9xY الأيزيدية نادية مراد تتحدث عن مأساة اغتصابها من داعش
_1IIiX_U-ao نجيب ساويرس: 2018 \
_1VzXSDSE8U انفجارات وأصوات مرعبة.. شاهد لحظة خروج الحمم من فوهة بركان جزر الكناري عن قرب
_1bL5zpRTsw أكثر الألعاب الرياضية خطورة
_1g9kYwDcZo نجوم الموسيقى يحيون اليوبيل الماسي لملكة بريطانيا
_1ongTijlwI عروض مبهرة في حفل افتتاح اكسبو 2020 دبي
_3I2Xon94v8 قرية هندية تتحول الى جزيرة بسبب الفيضانات
_3Pk44Qox_Y كيف يأخذ تطبيق \
_3vMktH1-So بقوة 671 حصاناً وسرعة 330 كيلومتراً في الساعة.. هذه سيارة ماكلارين أرتورا
_4Z2Crg4Ils سي أن أن داخل أنفاق \
_4_pdRLROnQ إليك بعض الأساليب لتسلية أطفالك دون استخدام ألعاب الفيديو
_5tgNHMypv4 رغم تواضع أسلحتهم.. مدنيون في أوكرانيا يستعدون لمواجهة روسيا بتدريبات عسكرية
_6-RYvr1-9I مراسلة CNN من أمام طائرة راف بريطانية هبطت في دبي محملة بلاجئين أفغان
_6W3hskfzFA أمواج عملاقة تضرب المباني في أمريكا وتصل أسطحها
_79FLnjt-38 إطلاق \
_7CMJpjZWto الممرضة اللبنانية باميلا زينون تروي ل搌NN رحلة إنقاذ الرضّع الثلاثة
_7c49ivTbTQ ماذا نعرف عن مختبر ووهان المرتبط بنظرية \
_7t1drzQHTs بعد نحو عام ونصف على رئاسته.. قالوا عن ترامب من قلب لبنان
_8DIfuS1Wnk رحلة ليست إلى أي مكان.. والتذاكر تباع خلال دقائق
_8Wv70UN-Z8 لبنان.. آمال المواطنين بالتغيير تتلاشى وشبح الحرب الأهلية يعود
_9BK4WxcwUw رئيس وزراء باكستان ل搌NN: ترامب فوضني للوساطة مع إيران
_9Tr9e7H8gg سيارة تجارية تعمل بالهواء فقط
_9_0ZNfLBi0 أطباء بتركيا يستخدمون موسيقى صوفية لتخفيف الألم
_AOYeie1qYo أرقام قياسية لمبيعات الأسلحة بأمريكا عام 2020.. ما السبب؟
_AeYvbuugHU دراسة: تزايد معدل الإصابة بسرطان الثدي لدى النساء
_BFZ199AFWs في 60 ثانية.. تعرف على عاصمة “الساكي” باليابان
_Bmrhr4mOlM سفير قطر بأمريكا: اقتصادنا صامد ويمكننا التحمل لكن نرحب بالحلول
_DevCAsnKwY جنود بزي غريب يظهرون ليلًا في شوارع كوريا الشمالية
_E4WODjnqS0 ما هو مؤشر نيكي 225 الياباني؟
_EAh3u0bPCc كيف كانت أجهزة الماكنتوش وكيف أصبحت؟
_ElM0YYBsB8 ما هي منصة \
_GI5hObzHLM كيف يمكن أن يتجنب محمد صلاح والاتحاد المصري تكرار سيناريو الأزمة؟
_GufDM04wWo بايدن في أول خطاب عقب تنصيبه: سأكون رئيساً لكل الأمريكيين
_H0Wd_baO-A احتجاجات على سياسة الاعتقالات الإسرائيلية بغزة
_HFdTpUVh3M موسى ل搌NN: مصر غير جاهزة وقرار \
_IHZEKZ9hs4 كيف تتعاون شركات مختلفة خلال الطرح الأولي للعملات الرقمية؟
_IUpZ49XsJM لماذا نحب القهوة.. وما هي فوائدها؟
_Io3jfEyBnk متحوّر أوميكرون \
_JE8YorLPoA مصر بانتظار مرحلة صعبة اقتصاديا
_JLpk5H6HIs لماذا تعتقد السعودية أن إيران تقف وراء هجوم أرامكو؟
_KzEWY5IeUs ما الفرق بين متغير \
_M30fPdGbk0 حادث سيارة مميت لكن نهايته سعيدة فوق سطح منزل
_MW1IdcSkQs تعرّفوا على تكنولوجيا \
_Mhw-UbFYvY لحظة النطق بالحكم على عوض الله والشريف حسن في \
_Muw1Oy7Jw0 أمريكا تترك حلفائها بسوريا وحيدين.. ماذا ينتظر الأكراد؟
_NWCQ3xQHg8 بيت رعب تسكنه ملكة الهالوين.. فما سرها؟
_NzzUGnT0FE تشابه كبير بين خطاب زوجتي ترامب وأوباما
_O3ptDN1a-c ناطق باسم أردوغان: أمريكا تتحالف مع ماركسيين وأمننا القومي على المحك
_OUdJf8uBuo تمرين للتنفس ل񤂐 ثانية سيساعدك في التخفيف من التوتر
_PcAESgg2Ik كيري يحض المصريين على التوافق وتقوية الاقتصاد
_R35ofScjio مرض السكري في الشرق الأوسط وشمال أفريقيا.. أرقام وحقائق
_RbYKEIQv_Q وجوه جديدة للمرة الأولى.. مرشحون صنعوا التاريخ في الانتخابات الأمريكية
_S553IYeFbM جزيرة أرانمور الأيرلندية تطلب من الأمريكيين الانتقال إليها
_SJe7Mg0OTI ما مدى فعالية لقاح \
_Sm8xXeq1x0 عام 1990.. شاهد سي ان ان في الرياض بعد أول مظاهرة لقيادة المرأة
_Swngr8tgCY لحظة إعلان CNN عن طرد المذيع كريس كومو على الهواء
_UgvlTxiTrI أحرز بها رقماً قياسياً جديداً.. \
_UqwMa0_bL0 مسافر يلتقط فيديو لضبابٍ يداهم مقصورة طائرة أمريكية
_V9omgLvhRE فايا يونان تكشف ل搌NN كيف تغيرت منذ انطلاقتها في عام 2015؟
_VAmucyFlqk محللة: ترامب يعاني من فيروس قاتل وحكومة أمريكا تواجه أخطر لحظاتها
_VSKHoeAdJA المغنية تايلور سويفت تفاجئ ممرضة برسالة مكتوبة بخط يدها وهدايا
_WTNUT1KZH8 بعد الصافرة.. رسائل في طيات رحيل مالك ليستر وتذكر لمن سبقوه
_WY2Dv_Aq7E ما أهمية التسلسل الجيني عند التعرف على سلالات جديدة من فيروس كورونا؟
_Wsq8FDvICA حجازي: جماعة الإخوان بمصر ليست محظورة ولا نلاحق أحدا
_XRQ4vwiZ_o ما قصة حلوى \
_XwCSxjHrW8 حصرياً ل搌NN.. ماكرون يوضح القواسم المشتركة بينه وبين ترامب
_ZK7NI8vPDA CNN داخل إحدى وحدات العناية المركزة الأكثر ازدحاماً في إسطنبول
__3g0hVXsrY حصريا.. سي أن أن تطلع على بقايا صاروخ أطلقه الحوثيون نحو الرياض
_aC133OFcWQ ما هي سندات الخزينة وكيف تؤثر على اقتصاد البلد؟
_cBKGCyA9LY شركة ناشئة تطلقها فلسطينية..هل تصبح وجهة الأزياء الأولى عربياً؟
_cG0lrON54w وفاة 23 شخصاً بعد تلقي لقاح فيروس كورونا في النرويج
_cj38kPhSj8 آراء الشارع من غزة: كلينتون أو ترامب.. المهم من سيرفع الحصار؟
_dGolk02lU8 مصاب بالباركنسون.. سيسافر إلى دول أفريقيا لنشر الوعي عن هذا المرض رغم حالته الصحية
_dVITrsMozI مقهى \
_dlQ00KFQC0 بعد 10 سنوات من الحرب.. الطفل يوسف لا يزال يبتسم
_e7KJ-zbqLY مجلس الإشراف على محتوى فيسبوك: قرار تعليق حساب ترامب لأجل غير مسمى \
_f03N2Yms5s كاميرا CNN ترصد أسلحة روسية قرب الحدود مع أوكرانيا.. إليكم مشاهدات مذيع شبكتنا
_fC9logG_No بسبب المجاعة.. أفغانية تبيع إبنتها مقابل 3 آلاف دولار
_gSfk823Oi0 تعرّف إلى وجهات الطعام الألذ من حول العالم
_gknTPe71ww سامسونغ تسبق الجميع بساعتها الذكية
_i1hWFgfsE4 إحذر.. هذه الأماكن داخل منزلك قد يختبىء فيها فيروس كورونا
_iAaYk2aWhA ما هي قدرات مقاتلة SU-35 الروسية؟
_iJuvZfPZrY طلبنا من \
_icG7fInShQ هل ينجح ترامب بوقف صادرات النفط الإيرانية كليا؟
_jWglRzM51I الوليد يتحدث عن الإجراءات التي اتخذتها السعودية لتطويق تمويل داعش
_kKNIGWhAdw برهم صالح: 150 مليار دولار من أموال النفط سُرقت منذ غزو العراق
_knYuWNWCOs المطر يتساقط بأحد أجنحة إكسب دبي في عرض مبهر للزوار
_lAw8yyVu1Q أول كويكب يزور مجموعتنا الشمسية من خارجها
_mW59om8QiA مصممات سعوديات يجسدن حرفة البحث عن اللؤلؤ بأسبوع دبي للتصميم
_msK65YGShE شاهد.. لحظة فوز جو بايدن رسمياً بترشح الحزب الديمقراطي
_o1E5aBlanM زحل من الطائرة
_oNCfC0iRFg فريد زكريا يشرح التأثيرات العالمية لقطع الدجاج \
_oNmE6fJsyE 7 أعراض قد تعاني منها العين خلال النظر إلى كسوف الشمس
_obBkK70CX0 ظهرت كمخلوق غريب قبل سنوات.. هذه الكمامة لا تحميك فقط من فيروس كورونا
_qa5QASfP2g هذا الكافيار سيكلفّك 100 ألف دولار
_qePSJ-_Tpw هند صبري مع CNN في جولة بـ\
_rJM_bH57Tg فيراري سعرها 3 أضعاف مثيلاتها
_rlkQOgHHuw عضو كنيست يهودي: نتنياهو مختل نفسياً.. وأشعل النار خوفاً من السجن
_rs72h3-A5U ممارسة التأمل في \
_sNEWdNxvQk فورد شيلبي GT500 الجديدة.. الأقوى للشركة على الإطلاق
_slpQlAlt8k هل هذه التجارة الأبشع في العالم؟
_tJFwGWtSp8 كيف تغيرت وجبة \
_tiM9tDTZaE ‫بريسبان ولاية الشمس المشرقة‬
_vMNZozLKB0 راقص أم راقصة؟ تعرّف إلى هذا النوع من الرقص في إندونيسيا
_vTu_tMGE6Y الكشف عن روبوت صُمم خصيصا للعمل بالمستودعات
_vW2JKF4ZQI مسنة عمرها 102 عام نجت من جائحتين ومن السرطان مرتين
_vbnLSWQKsY مشادة على الهواء بين مذيع CNN وشقيقه بسبب والدتهما
_vpfa04dyPQ مقارنة بين أرقام محمد صلاح ورياض محرز بإنجلترا.. فماذا حققا؟
_vrhyDmASuw رياضي لبناني من ذوي الهمم يتقدم مسيرة لمواجهة أزمة تغير المناخ بإكسبو 2020 دبي
_w36nux79UY مكتبة تركمانية تحكي تاريخاً ممتداً من تسعة آلاف سنة في العراق
_x3lD1txgtE أم تتبرع بدمها لدفع إيجار المنزل.. ثم تتلقى مفاجأة على الهواء مع CNN
_xwG9WqZ1NA هل باتت حرية التعبير بمصر في خطر؟
_yZRVYMSbOs هكذا يكون لديك ملاك حارس إلكتروني خاص بك
_yxVOBBiKCw فاجعة \
_z2jDRe2ltM أدنوك تطلق عقود \
_zx11NSjlxM السفير الفلسطيني حسام زملط ل搌NN: نريد وقف التوتر لكن لا يمكننا العودة للوضع السابق
a1vkTeXYfT0 ليست مجرد ملاعب غولف.. مناظر الطبيعة الرائعة في أيرلندا
a22nZXT1NAo رمضان صبحي يصدر عقلية المحترفين بعد استبعاده
a2JmrqjNVFo المري ل搌NN: دبي لديها خطة واضحة للتعامل مع كورونا
a3jCGzt_g_s ب搄 نصائح.. كيف تطلب زيادة راتبك في ظل جائحة كورونا؟
a46-DvqJOD0 بجوار الحرب الدامية.. السياح يتذوقون نبيذ الجولان
a4KrCdruscg لحظة إنقاذ رضيعين من تحت الأنقاض بعد الأعاصير المدمرة في أمريكا
a6e0Fv-IGdg حريق ضخم بعد تصادم قطارين
a8oXOmLchxo نصب تسواهن في العراق.. أكبر تمثال في العالم العربي
a9-fvEldi7U سيطر على جهازك الاكتروني بعقلك فقط
a98iLHm2kyY ما رد حملة ترامب على نشر جريدة صورة ميلانيا العارية على غلافها؟
a9BZTPqpCpM سر بناء العلامة التجارية لشركتك الناشئة هو... اركب السيارة لتعرف!
a9DuoUvRK-0 دراسة تكشف عوامل غريبة للحفاظ على لياقتك البدنية
a9ay1tVbbS8 هكذا سيبدو السفر باستخدام فيرجن هايبرلوب فائق السرعة
aAMw0Mw9las مرآة في بار تعكس ما خلفها بمرحاض النساء!
aAc75nfJq6I وسائل النقل المستقبلية ستغير كل جانب من جوانب الحياة.. ولكن
aAliW6gihJQ مراسلة CNN كلاريسا وارد تجري مقابلة مُرعبة مع زعيم في داعش خراسان
aAsmojaR4hM هل يندثر العالم بنهاية تقويم المايا؟
aAxoGzNKPrI تطبيق \
aB-PP2YX0h0 يوم الحرية.. من داخل صف مدرسي في أبوظبي
aBamWKKB0_E اهتمام إماراتي بالطاقة الشمسية بعد النووية
aCDz3i5XmeU إليك 5 خرافات عن قمة إفرست
aCQpTbfUtvQ \
aE0rUQZsIEg لاجئو سوريا بالأردن .. قصص معاناة مستمرة
aE98ABNR9UY لبنان على شفا \
aH1xGcPZjtA من المؤتمر الصحفي لعبد الباسط سيدا
aHUOocOo_60 شاهد كيف حوّلت فلسطينية الرسم بالفحم من هواية إلى مصدر رزق؟
aHlkFEV484Q صيادو الفيروسات يبحثون عن \
aIedotwfnbc وزير دفاع تركيا يرد على مزاعم ارتكاب \
aJduBKec6SQ مؤسس فيسبوك لـ CNN: ارتكبنا خطأ
aK56AZCKGWM أوكرانيون يصلون إلى بولندا بعد فوضى وتدافع للفرار من الحرب
aK_LawuiZbw تغطية خاصة لمعرض أكسبو 2020 على CNN بالعربية
aKfnH8H0M2M هل يمكن للحيوانات معرفة الغيب والتنبؤ عن الزلازل؟
aLF6DaxmLXw لتجنب الديون.. ما هي الفرصة التي قدمها هذا الجراح للمرضى لدفع تكاليف عملياتهم؟
aLOgyuZq8QQ هل ولد والد ترامب في ألمانيا كما يزعم؟
aMpAgClLcAk ترامب لمراسلة: لم أعمل لصالح روسيا ومن العار طرح السؤال
aNgQx68Gu0Y ما سبب تأخير بايدن بيع مقاتلات F-35 للإمارات وما علاقة تقنية \
aOFY9RlXufM أكبر منشأة لاختبار محركات الطائرات بالعالم
aOL9GiuUR1g من أكثر المقاتلات قدرة على المناورة.. هذه إمكانيات \
aPjOOj2lIYY اكتشف أكثر المنازل \
aQWAOwvEpzQ طريقك للنجاح.. كيف تبرز سيرتك الذاتية عن غيرها؟
aQWJOVH9aho كيف يجب أن يُعاقب حارس تشيلسي على عصيانه؟
aQaUtQMjKKI شركة SpaceX تطلق 60 قمراً صناعياً لبث الانترنت من الفضاء
aQkFuWsI3MQ بن بيه: افتوا بالحياة ولا تفتوا بالقتل
aQq0xs-W3oo هبوط اضطراري جديد لـطائرة تابعة لـ \
aRgix-xocYg طريقك للنجاح.. كيف توضح الإنجازات بسيرتك الذاتية؟
aSv0kDOefRQ حملة \
aTCq3l8gHSo مخرج تونسي: الإنترنت مصدر الحقيقة
aUkhwVkY79Y البشير: على الرأسمالية التعلم من الإسلام
aUv-hC6AQZU أمريكا تبحث امكانية شن ضربات جوية لمساعدة العراق في محاربة داعش
aUvIkwxn-m4 إبقاء حيوانات أليفة في بيتك قد يجعلك أكثر صحة وسعادة
aVMqtZzvpb4 دراسة: سلوك أطفالك مرآة لما يشاهدونه على التلفاز
aVhtForZLoA لحظة إطلاق صواريخ ومرور دبابات روسية أمام مراسل CNN ببث مباشر
aWFDjr3S4Ts هل برنامجنا هذا هو برنامج \
aWJFBPmbp0U تراجع الاستخبارات الأمريكية وتسريبات سنودن زادت من خطورة داعش
aWck7QFrX14 مركبة قد تكون حلا لأكبر الأسرار بتاريخ الطيران
aWi6j62YXtw صيدلية الفقراء والمكان الأفضل للدبلوماسية.. بلد المليوني \
aWw0uM3MjdM ‫هيومان رايتس: القوات السورية تستهدف طوابير الخبز‬
aXYANlUqK7s فنان عراقي يحكي قصة وطن بمجسمات برونزية، فما سر بدانتها؟
aXcIV0Cwdyo يوم صعب في مصر تلاه هدوء قد لا يستمر
aYov5961Xf8 النساء فقط يحكمن هذه الجزيرة.. كيف هي الحياة فيها؟
aYsUisyDSN4 مغامر يغوص في أعماق بركان ليلتقط سيلفي
aZksfIL8Xg8 اليونان تفتتح جزراً \
aa_ZI3_lKoA خطوات للجلوس بطريقة صحيحة لفترة زمنية طويلة
aarS965ljBo فاوتشي: قد نرتدي الكمامات في 2022.. وهذا سبب ضرورة تلقي جرعتين من لقاح كورونا
abSzNw-69SY رجل الفضاء المغني يعود للأرض
abmDmdiWsCU أول قبطانة طائرة في شرطة دبي تحقق حلم طفولتها.. و\
aciKZC6aJ-M هذه كانت توقعات إيلون موسك لتسلا في العام 2010.. هل تحققت؟
aecyF9o5taY بي ام دبليو تكشف عن تقنية جديدة تغير ألوان سياراتها بضغطة زر
aerHa3EgtMA أمير سعودي يرد على تحقيق CNN عن مأساة الوضع الإنساني في اليمن
afD_3sTkmek هكذا تمكنت امرأة من إقناع شعبها بعدم رمي النفايات
afFJHkmhLck بين وظيفة وشركة ناشئة وحياة عائلية.. كيف توازن كل هذا في دبي؟
afTDzWRPiVk يجلبون معهم مخدراتهم غير المشروعة.. داخل مرفقين لتعاطي المدمنين في أمريكا
agKOELcDF7w متطوعون عراقيون في طريقهم لمواجهة داعش
agPHH_b83Ks بحلول أي تاريخ يجب أن تقوم بتطعيم طفلك ضد كورونا إذا كنت تريده أن يكون محميا بحلول عيد الميلاد؟
agQwpCw8N9U سيارات الخيال العلمي الطائرة ستصبح حقيقة.. وتنطلق من دبي
aghJClAd1X0 \
agl_qLjjfkk كيف تمرّدت كرواتيا على طبيعة كرة القدم أمام إنجلترا؟
ai2K4b8Y8V8 لماذا يلسع البعوض أشخاصا بعينهم ويبتعد عن آخرين؟
ajUUXA2mMqU شاهد كيف ساعد هذا المجتمع رائدة أعمال في دبي خلال جائحة كورونا
ak6JBBbS98Y فلسطينية تستخدم مساحيق التجميل لتبرز جمال الألوان بلوحاتها
akGYeLshS8k هذا الطبق البسيط تجتمع عليه موائد العالم.. ماذا تسمونه؟
akwE7Gsr2y4 إليك أبرز الاكتشافات الأثرية في العالم العربي لعام 2021
al6Yc_gEt6A تجارب اللقاح الصيني في الإمارات.. CNN تتحدث مع بعض المتطوعين
alBPJv7WxEk محمد صلاح وساديو ماني.. هل هناك ما يدعو للقلق في ليفربول؟
alJFWJblSgs هل توفر لك الإصابة السابقة بفيروس كورونا مستوى المناعة ذاته مقارنة باللقاحات؟
alP0cTXul80 مطاعم \
alW3Re7h--s فيروس كورونا يثير الرعب بالصين ويحولها لـ \
am2KusyHlnk مقامرة هائلة..ما الخطوات الخاطئة التي اتخذتها بريطانيا في مكافحتها ضد كورونا؟
am3DZhfqtKs في هذه المنحدرات.. استبدل مصاعد التزلج بطائرة هليكوبتر
amb_QDXKfVk شاهد كيف تبدو مواقع سياحية أيقونية في فرنسا الآن
an1qQ6hrTo4 كيف تنتهي أموال المساعدات بأيدي الإرهابيين بالصومال؟
aoJjcHcOVoc \
aoMO5wQ2Wlk نصائح لتجنب إغراء الطعام
aoewiOxm23A تمييز وإشهار مسدس وإجبار على ترك قطار الفرار.. شاهد روايات مهاجرين يحاولون الفرار من #أوكرانيا
aqCEDRotUro بريطانيا تحذر من محاولة تنصيب قيادة موالية لبوتين في أوكرانيا
aqhNKnGZRnU تصريحات مرسي عن اليهود تواصل مطاردته
aqkHdGpVats إنقاذ طائرتين في اللحظة الأخيرة قبل الاصطدام
arJk19FCWZ4 الإبراهيمي يأمل من الصين لعب \
arvGCr0oRpE حصري: حرب غزة و\
atQ20kZ9x6A تحمل صوتها بين يديها بعد أن سرقته الحمى.. ما حكاية حواء؟
atkuOIWvCLk منظمة الصحة العالمية تحذر بشدة من رفع قيود فيروس كورونا في دول العالم
atmOJZCiUmA البومة.. أول سيارة خارقة يابانية كهربائية بالكامل
atrnqlh1-zY سوني تكشف جهاز الألعاب الجديد \
auR0aPyg3vE كيف يبدو موقع اكسبو 2020 في دبي؟
aucE39_Upk4 كيف نحارب السمنة ونحمي أطفالنا منها؟
auj8WKcwC-8 علماء يعملون لابتكار لقاح شامل لكل أنواع فيروس كورونا
avy5XgDJkfs مبارك من القصر الى القفص
ax6QM2eUXc8 شاهد تداعيات قتال شرس على جسر رئيسي في أوكرانيا
axT16i7h03c سؤال.. ما معنى \
ay0vwojzse0 أهالي قتلى تظاهرات العراق يتوعدون: صوت يسقط وأصوات ترتفع
ayc4iM9ycH0 لقطات نادرة لذكر وحيد القرن الأخير من فصيلته على الأرض
aytYjJYtdC4 بايدن: سلوك ترامب أمس كان إحراجاً وطنياً
ayybmW91Gak مريض سرطان يكافح الموت بأغاني الراب
azFhsKukT3I عصام الريس: الإيرانيون غزاة وننتظر وفاء روسيا بالوعود
azsdIfssLPY أسامة هوساوي يكشف عن المواجهة الأصعب للسعودية في المونديال
b-qtY-silTs عرك عنيف جداً بين سيدة وأخرى داخل محل تجاري
b0B0Ne-a9bc الحدود مع باكستان.. أفغان يهربون من طالبان ويفشلون بتحقيق أهدافهم
b1NYMuI3f-U أبرز مميزات طائرة \
b23y76bGBac شاهد كيف أُثبت استخدام الكيماوي في دمشق؟
b3Bo8F_O4eU هل تعلم أن غالبية مشاريع الاكتتاب الأولي لـ #العملات_الرقمية عبارة عن نصب واحتيال؟
b3X9kcwEeto مقارنة بين قدرات الجيش الأمريكي ونظيره الإيراني
b4mkzYRCWr8 ترامب يتباهى بنفوذه على الحزب الجمهوري في مقابلة إذاعية.. ماذا قال؟
b6aNK1Qs3R8 المتحدث باسم الكرملين يوضّح سبب وجود قوات روسيا على الحدود مع أوكرانيا
b6fifJaL9L4 هل سوخوي 35 أفضل طائرة مقاتلة في العالم؟
b77ePJf83tk 10 معلومات عن صاروخ \
b7xHVh_1cl0 الخطوط السعودية: سنصبح طيران 5 نجوم في 2019
b8NWdJo7E7A أخصائي إيراني: من حق المريض المسلم نيل \
b8xmnNrLgqo الحبتور: لا أمانع الضرائب وسأنتج أفلاماً عن العرب والفرس
b986UrVFXQA أوباما يثير نقاشات ساخنة حول سوريا
bDGpf61Qr1U مؤسس هواوي ل搌NN: نستطيع تصدر مبيعات الهواتف من دون \
bDd_2WOLZSw \
bDi6L9-JJWA كيف تستفيد من صناديق التحوط للعملات الرقمية؟
bE71AeTwDWI ترامب يهاجم بايدن: أشرف على أكبر إذلال للسياسة الخارجية في تاريخ أمريكا
bFb0zBos-WI الجزيرة التي يتدرب فيها أبطال السومو
bG_N-7bI4Do كيف تتغلب على \
bHkHyVBcm6g رياضيّة وعائلية؟ كيا تقدم نسخة \
bHvST6wNYgg حصري.. CNN تلقي نظرة على غنائم الحرب التي حصدتها طالبان من القواعد العسكرية الأمريكية السابقة
bHwWglpIMts بومبيو بعد تقرير البنتاغون: استعادة تنظيم داعش لقوته \
bJ6jRvAowag استقبل أفخم حفلات القرن الماضي.. هذا أهم قصر بأمريكا
bJGlzpNAb7E مخاوف من انهيار المستشفيات بسبب تزايد مرضى كورونا بأمريكا اللاتينية
bJLfFv91-P8 المذنب \
bJsZKwJv9CE كيف ستؤثر رئاسة جو بايدن على العلاقات الأمريكية-الصينية؟
bK-3yI0uers مسبح بالهواء وبرج سواروفسكي في دبي
bKIOCNRUfXk أبرز 5 أساليب للغش والاحتيال أثناء السفر يجب الانتباه لها
bLUASddGFZU نجوى كرم كما لم ترونها من قبل: أنا مع \
bLwXGrgcwqw متسلقون يجمعون أعشاش الطيور لصنع الشوربة
bMp5NH8pfTQ 60 ثانية تكفي للوقوع بحب أذربيجان
bNmFbERzpwg الأول من نوعه في الشرق الأوسط.. تعرف لفوائد الهيدروجين الأخضر عبر هذا المشروع بإكسبو 2020 دبي
bO-JgHma2SI شاهد نيزكا وهو يصيب القمر
bODV7-kysZw ما هي حقيقة قرية الجن في الإمارات
bQKf-qgpIIU هل يكون ترامب أول رئيس أمريكي يحال للمساءلة ويعاد انتخابه لفترة جديدة؟
bRRJdCSzg8Y سوري يصنع صواريخ للمعارضة من قنابل النظام
bSPEwIGH5rY بأقل من دقيقتين.. كل ما قد تود معرفته عن أزمة تصريحات جورج قرداحي والسعودية
bSsfMYpuozw بومبيو يرفض الاعتراف بفوز بايدن
bTIgz5ZB44k هكذا يساعدك بيتك الذكي على اكتشاف من بداخله
bTJFWSVvbkg هل نمارس الرياضة قبل الإفطار أم بعده  في رمضان؟
bTiESkirNoo كأنها ساعة \
bUHfT34y3xU عفاف راضي تعود للغناء بعد غياب 17 عاما في أوبرا دمشق
bUwxj5dB5Kw رصاصة قناص على رأس جندي أمريكي تسجلها كاميرا مثبتة على الخوذة
bVDoQHAVrNc ما هي مناعة القطيع؟ الدكتور سانجاي غوبتا يشرح
bVN28WCO9YY كيف يستعيد الزي الصيني التقليدي مجده في العالم المعاصر؟
bVZX0-eqOkU حاول حماية ابنته من بطش الشرطة.. ناشطة تروي ما حصل لأب روسي بمظاهرة ضد غزو أوكرانيا
bWceqARr1GA لوحة في واشنطن بمساحة 6 أفدنة استعان رسامها بالأقمار الصناعية
bWsEmXrXVJ8 ما الفرق بين فيروس كورونا والفيروسات الأخرى؟
bXDhfB4rqM0 إنجلترا تكسر جدار شمايكل وتضرب موعدا مع إيطاليا في نهائي يورو 2020
bYsr6zizTRM Lotfi Bouchnak
b_Y9yWiAUYc ديما صادق: الفاسدون في لبنان محميون من ميليشيا مسلحة
baGAtgET6f4 سفير الإمارات لدى روسيا يرد على سؤال: ماذا يحدث بعد انتهاء مهلة قطر؟
baNfHR8nu9A ترامب ساخراً لماكرون: خذ من تريد من مقاتلي داعش اللطفاء
baPDd1_O-ak أبرز الميّزات الجديدة في هاتف بيكسل 3 من غوغل
baSm_nwU7kU كيف يتم إنقاذ أكثر الأنهار قدسيةً في الهند؟
bbqHGI-j6mg مؤثر جداً.. سيدة صماء تسمع لأول مرة
bc7Vv_7AiEc كل ما تريدون معرفته عن دبي في صفحة واحدة
bcZ3b_QgA7M نساء إيران في المقهى مع الرجال لتشجيع منتخبهم
bcuHtT-ag5E كيف تصبح \
bd7yMjycSlk شاهد التصميم الجديد كلياً لسيارة أستون مارتن فانتاج
bdBqY9jF6gQ لينا الهذلول ل搌NN: معظم السعوديين فهموا أن محمد بن سلمان ليس مصلحا
bdgijOHCANE البولشوي الروسي يواجه خطر التفكك داخليا
bdqRh2-TF0E أين هو بوتين؟ وهل إشاعات تدهور صحته حقيقية؟ أم أن الكرملين أطاح به؟
beT_Tb81Kmw جمعهما الحب وفرقتهما الحكومة.. تزايد أعداد الأويغور المعتقلين بسجون الصين
beXuAjkGGck عشرون دولاراً تبقيه يومين في حفرة للصرف الصحي
beaUays9KUA تناول حصتين من اللحوم الحمراء أسبوعياً قد يهددك بالموت المبكر
bfA68JJ86-s الرئيس التنفيذي لمطارات دبي: ممر سفر بين الإمارات وإيطاليا
bhgIT-X078k متى يمكن أن يصبح لقاح كورونا متوفراً بالعالم العربي؟ رئيس مجلس إدارة مودرنا يجيب
bj5V76N-jPU ملك الأردن: الحرب على الخوارج حرب عالمية ثالث
bkWBrc0fvqQ المادة الأكثر سواداً على وجه الأرض تساعد في استكشاف الفضاء
blV_AhWaVpM حاخام يتعرض للضرب على يد مستوطنين لحمايته مزارعين فلسطينيين
blvKmkbmJ0o إيرادات حقوق البث في الدوري الإنجليزي.. كيف توزع على الأندية؟
bmhYM5GxBrs بيل غيتس يأمل بالسيطرة على فيروس كورونا بحلول عام 2023.. كيف؟
bmsF1Ppmjwg تملك منزلاً في هذا البلد الأوروبي مقابل دولار واحد فقط
bn4H5G5iZ0w هيئات تعليمية تُدخل \
bnIn2DLCYpA هل فقد زعيم كوريا الشمالية عقله أم يخشى مصير القذافي وصدام حسين؟
boOjJ9EZr0M هل يحميك حاجز الزجاج الشبكي من الإصابة بفيروس كورونا؟
boSmD3ZK6pQ توأم متطابق تعانيان من ردود فعل مختلفة جداً تجاه كورونا.. وعلماء يحاولون حل اللغز
bplDLVIZL5A ما هو سر فن ركوب الخيل؟
bpuWHkCNSik جناح لوكمسبورغ.. هذا هو الجناح الوحيد الذي يضم زحليقة في إكسبو 2020 دبي
bqJuZ71LYno بعد استبعاد روسيا.. 6 سيناريوهات تنتظر بولندا بتصفيات المونديال
bqi0G1zHbIY بالأرقام.. البحرية الإيرانية رابع أقوى أسطول بالعالم أمام بريطانيا
briORANQ3hA لوحات متحف اللوفر أبوظبي الشهيرة تجذب الجماهير
brmw8eRchKQ شاب يتسلق برجا بطول 270 مترا ويقفز عنه
bsN6Dqxj-WQ أول سيارة كاملة مطبوعة بتقنية ثلاثية الأبعاد
btBm-Ezlaek جولة نادرة داخل أرامكو السعودية
btnhdk7hqs4 بإمكان أطباء الجراحة إجراء عمليات من أي مكان بالعالم الآن   لمن الفضل؟
buDek7wixvQ دبي.. موطن للتجارة والفن
bv7OeM4UWW8 شابة فلسطينية سر تألق \
bxNN2rdu2t8 إليك 5 أشياء يمكنك القيام بها لتجنب زيادة الوزن خلال موسم الأعياد
bxwz_EGSDiE تشييع الفتى الذي أشعل مقتله مدينة فيرغسون
byYcBANkBho بكرة السلة.. طالبات مسلمات يكسرن الصورة النمطية للمحجبات
bydUFjpsJA0 مزاعم بإصابة هاتف خاشقجي \
bz2AIZt3OmU هكذا يصنع قناع جائزة \
bzP3-Vm8VTw هاني رمزي: الصراع السياسي بمصر سينحسر مع ارتفاع دخل الناس
bzla0jPXppA البرعي: 10 ملايين وظيفة تحتاجها مصر بحلول 2020
bzv1omKigBY الحرم اليوناني في القاهرة.. أول حديقة \
c-E_MJQXxOY أطول موجة بالعالم في الأمازون.. هل تجرؤ على ركوبها؟
c-husP9TTzE هل تستلقي مستيقظًا في الليل؟ هكذا يمكنك الإستغراق في النوم مرة أخرى
c1p5qXBIJYk هل يعيد فيروس كورونا متعة كرة القدم \
c2ZyccGbZAM من هي مجموعة “هجوم 51٪” وما هي صلاحياتها في “البلوك تشين“؟
c2cFzGh6nPw رئيس الوزراء الفلسطيني ل搌NN: نتنياهو أراد البقاء في السلطة من خلال التصعيد
c3IvoikaXA4 9 طرق لحياة أطول من سكان جزيرة ينسى الناس فيها الموت
c3JEZ00_-ZU الطيران الشراعي.. أحد أفضل الطرق لاستكشاف جورجيا
c4LiEXuI1Ts شاهد ماذا حدث لأول آيفون 6 تم بيعه في أستراليا
c4iyzQXg6wM رحلة في كوبنهاغن.. عاصمة القصص الخيالية في العالم
c4kGtpXnlTU السلاح الروسي الذي غيّر قواعد المعارك يوماً ما
c5cZFvArnqQ فيروس كورونا يتسبب بسجال بين منظمة الصحة العالمية وترامب
c5fJlxWVtTs منها \
c66HEcZkbjM وزير خارجية السعودية يتحدث ل搌NN حول التطبيع مع إسرائيل وعن عدم فرض عقوبات على ولي العهد
c6mFlfRbMRo معركة لا تصدق ضد فيروس كورونا داخل غرفة الطوارئ
c75ZHcI5XXo على صوت زقزقة العصافير.. شاهد لحظة إبطال قنبلة روسية لم تنفجر في أوكرانيا
c7MN7WHcJgM حقيقة الشوكولاته.. مفيدة أم ضارة بالصحة؟
c8OH75ZkKs4 هل أنت مستعد للدفع لمشاهدة اليوتوب؟
c8w0ZZNibAA \
c92ZIMRhSqI ترامب يرد على مذكرات ميشيل أوباما
c93nvuzm7Gg ‎فنون إيرانية تنادي بالحرية
c9UjjsZpoBM هذه العائلة الأمريكية باعت منزلها للسفر حول العالم
cA3P97CTqLw طائرة تنقلك عبر الزمن
cC6Lxg_9y6A قصة عارضة الأزياء السودانية الأصل أدوت أكيش
cD2OBGbwzsY كيف يمكن لهذه الملابس أن تجعلك رياضياً أفضل؟
cDPjMDVUsN8 فيلم عن المستقبل انتج قبل 30 عاماً.. كيف تخيل 2015؟
cDyl4Yk7eQo كورونا في إدلب يثير المخاوف في مخيمات النازحين
cEFndXFZJzQ طائرة مسيّرة تكشف هول الدمار بكاتماندو في النيبال
cE_5RXvwOS0 \
cFpCTrT5-K8 بعد حادثة القتل.. الممثل أليك بالدوين: دعاوى \
cFtiz3KfcI0 وزير الذكاء الاصطناعي يكشف ما ستكون عليه الحياة في الإمارات بعد 10 سنوات
cG5QvP8gg1M هذا الرجل ركض ماراثوناً بجميع بلدان العالم
cICYFSw8DQI على غرار \
cIfGdF5SK3A تجربة سفر فريدة في شمال النرويج
cJ-oWwo8Bg8 جندي أوكراني لمراسل CNN: الروس قالوا إنهم لن يضربوا البنية التحتية المدنية.. انظر حولك
cKhtut8rykg أبرز ما قاله بايدن في أول خطاب له كرئيس منتخب لأمريكا
cKvd8sHd7D0 إليك ما قاله ترامب في آخر لحظات رئاسته أمام البيت الأبيض
cLSV61SABm0 على شاطئ رملي في دبي.. لوحات عملاقة تحمل عبرة للحياة
cLodEmAZgSo قرية في الهند تزرع 111 شجرة في كل مرة تولد فيها فتاة
cLykhJVk5y0 من داخل مصانع أسماك السردين المعلبة في البرتغال
cM0Xfgmri2c ‎لبنان يسبح فوق بحيرة غاز
cNcR-LfxSpw طيران الإمارات تعيد تسيير رحلاتها.. تجربة مختلفة عن ذي قبل
cNs0MdlLVXo قصة الحي الأرمني في القدس.. وردود فعل سكانه بعد اعتراف أميركا بالإبادة الجماعية للأرمن
cObTSWHNMmc قبل ظهور زووم.. هكذا كانت مكالمات الفيديو في عام 1992
cOw6YzLZebA نفق بطول 3 كيلومترات تحت كاليفورنيا
cPLO6Levvcw رقص نابع من الفنون القتالية في الصين
cSBsk41Bqiw هل تكون الإصابة بفيروس كورونا بين جرعات اللقاح ممكنة؟
cSTZTkTX3YY الإمارات: صراف آلي للمكفوفين بتقنية \
cSsXjuD9PIM بعد اللقاء الحصري.. مذيع CNN يتحدث عن الفرق بين مقابلة بايدن وترامب
cSxCzj7MLRM مقابلة نادرة ل搌NN مع محمد علي الحوثي.. ماذا قال عن إدارة بايدن والسعودية؟
cT05cNLXhEc طفل ينقذ والدته من الموت عن طريق \
cTeXWbyzQ5g قريبًا.. يمكنك استئجار منزل فيلم \
cU8inaf8KkQ مئات المدارس حول العالم تشارك في حملة CNN \
cUKXpCRD4qY قصة حب \
cUQE9pi2AK4 ميشيل الصايغ يكشف ل搌NN بدايات أكبر شركة عربية للدهانات
cUVrMi2I430 هذه هي معركة جبال الألب التي تستخدم فيها الأبواق فقط
cUX8cHSY-zo ياباني يربي أسماكا تُباع بملايين الدولارات.. اكتشف حياتها المدللة في مزرعته
cUzZud3GL84 تسجيل صوتي يكشف ضغط جولياني على أوكرانيا للتحقيق في مؤامرات ضد بايدن
cV4jUXiXdAY بعد تفوقه بالسعودية.. تعرف على صواريخ \
cVU45LIBH-g مطعم في دبي يقدم \
cWE6lEq3hNI مقاطع من مقابلة الكوميدي الشهير مع أوباما
cX1vDUn6SiM جيمس ماتيس يتحدث ل搌NN عن إيران واغتيال رفيق الحريري.. فماذا قال؟
cXA4HWdvdBw محمد صلاح يكشف ل搌NN معلومات شخصية لم تكن تعرفها من قبل
cXC4l7gzbG4 برمجيات ستغير قيادتنا للمركبات في المستقبل
cXGwBsd5lTs بيانات تتنبأ ب ألف حالة وفاة مرتبطة بفيروس كورونا في الولايات المتحدة بحلول أكتوبر
cXnad9ao5r4 حصرياً.. مراسلة CNN: المشاهد في اليمن لا يمكن تصوّر رعبها
cY1fusbvFlw قطر تستورد البقر بالطائرات بسبب نقص الحليب
cZyyyhKjQm8 ليس من عائلة كاسترو.. تعرف على ميغيل دياز-كانيل رئيس كوبا الجديد
c_EJQYOS8Es أدوات تغيّر طريقة ضخ الأمهات الحليب من صدورهن
c_IbjP5ufzA \
c_bHkh-sKIQ هل يدرب أسطورة كرة القدم الإسباني تشابي ألونسو ليفربول في المستقبل؟
cbaVrsSQ0JM اللواء عبيد يرد على تقارير الظروف الصعبة لعمال عالقين في دبي بسبب كورونا
ccEa69if5Ak ما علاقة الفانوس الشهير بشهر رمضان؟ هذا ما تقوله بعض الروايات
cd3k83ZpRNw غنت بالعربية والإنجليزية والفرنسية.. تفاعل مع تألق أحلام في افتتاح إكسبو 2020
cdEnlTrKWfM شرطة آلية وسيارات ذاتية القيادة.. كيف أصبحت دبي \
cdovYUFMPKo أختان تديران منتجعا للتزلج في كندا
ce3_IOplN7Y لوحة تجمع بين الفن والكيمياء.. وتتغير بتغير درجة الحرارة
ceB9XbkBtPs كتبت في مصعد.. إليكم قصة أشهر أغاني إعلانات \
ceGn-MWE0W8 لا تأكل الفطور وحيداً في أبوظبي..ما رأيك أن تنضم زرافة إليك؟
ceaoD9g-AHk قيمتها في أعلى المستويات تاريخياً.. إليكم كل ما يجب معرفته عن عملة بيتكوين
cf-Wh4JYkyM ظريف: إيران لن تتفاوض مع أمريكا حتى تظهر \
cg0Sk1GpUfI مطور ألعاب أردني حقق 11 مليون دولار.. شاهد كيف
ch5nrEuVVIU جراحة تاريخية لقلب جنين داخل رحم الأم بيد طبيب سعودي تتكلّل بنجاح نادر
ciA1Al97iLU بعدما شرحوا جثته   ما سبب الوفاة الغامضة للكوميدي بوب ساغيت؟
ciPL13QfzqU تكنولوجيا جديدة بالليزر تفجر أهدافا متحركة من بعد
cj7JH0D7zKk قطعة شوكولاتة تساوي الجري ل񤀣 دقيقة.. هكذا تقلل عدد السعرات
cjsiMwjqmM4 مدرسة إلكترونية.. أول منصة تعليمية بالعربية لمواد العلوم الأساسية
ckyOEmXKIJw 3 تمارين للمعدة تساعدك على حرق الدهون
clKvWOY2FTk تقارير تكشف \
cllZPct_Wd0 هل تتصدع العلاقة بين السعودية وأمريكا؟
cnXjKyhZzL8 نجاة شخصين بأعجوبة بعد انهيار مبنى قربهما
cniPtZhL0Ro مجموعات صعبة للعرب بعد قرعة كأس العالم.. كيف يمكن أن تتأهل السعودية وتونس والمغرب وقطر؟
cnjo0PXM4vU لا داع لحمل حقائب سفرك مجددا.. الآن يمكنك قيادتها
cnnR4q1X0nE فريق Backstreet Boys يفاجئ مجموعة من مجتمع متلازمة \
cnvUokvV11A شق باخرة إلى نصفين للحصول على باخرة أكبر
co6DT8zO6RQ \
coYiiuROi8k تسجيل مسرب جديد لشقيقة ترامب: إيفانكا لعينة.. وبمثابة دونالد مصغّر
cqsfxaS-ap0 السلطات الأفغانية تعلن دحر مسلحين بعد موجة هجمات
crKlYBV61R8 رسالة وداع ميلانيا ترامب قبل مغادرتها البيت الأبيض نهائياً.. ماذا قالت؟
crlJ0uMcwf0 كيف تستعد دبي لاحتفالات رأس السنة 2022؟
cuM3l-i_MdQ يزين مليارات الشفاه.. لم يُثيرنا اللون الأحمر؟
cuNN0FiT5nk الأميران وليام وهاري يكشفان النقاب عن تمثال لوالدتهما الأميرة ديانا
cuQ-7zg7TVI صدمة وعدم يقين يخلقان صمتا غريبا مع بحث النساء والأطفال عن ملجأ في بولندا
cuRlJ1vLUK4 ما هي مقاطع فيديو ASMR وكيف يمكنك استخدامها لتقليل القلق والنوم بشكل أفضل؟
cv3rw_QIh-4 ما هي كلمة السر لانتقاد الحكام في مصر؟
cv58jxMKxD0 اكتشاف مسجد عمره 1300 عام في إسرائيل
cw1j-tk6IaM \
cwcTlsahcME أمريكا تراهن على مشاريع الشباب بدول \
cxO86HdMnhw صور “GIF” الطريفة تغزو انتخابات أمريكا
cxZapkWduSg رونالدو.. هل هو مدان أم بريء من اغتصاب مايورغا؟
cyX83PCYBjk الضحك.. هذه فوائده على صحة الجسم والعقل
cz3NnjyPxS8 كيف وصل مانشستر يونايتد إلى قمة الدوري الإنجليزي؟
czzj_KueJMY هذا ما تعاني منه الملكة إليزابيث الثانية بعد إصابتها بفيروس كورونا
d-FLcUPINmo رسالة الثورة المصرية لا تزال حية
d-HCPBVBZVc البحث عن الطائرة الماليزية كالبحث عن إبرة في كومة قش
d-qtkD-ULMY جون دفتيريوس معلقا على تقرير صندوق النقد الدولي: انخفاض عائدات النفط بلغ 270 مليار دولار
d1BK0JmmIbA ترامب يكشف عن مخاوف رافقت زيارته الى العراق
d1Irz0b3O9A كيف تغير أوباما وبوش وكلينتون في البيت الأبيض؟
d2AE_enJSKo أوليغارشي سابق يكشف اللحظة التي أصابت بوتين بـ \
d2hx4nhzdEI اختصاصي مناعة يتحدث ل搌NN عن فيروس كورونا: \
d2hyMktUAyY جائحة كورونا.. مراسلة CNN تبكي في بث مباشر على الهواء
d2ozm7at7_s هل تدفع ألف دولار مقابل جهاز لمسح الجسد وقياس نسبة الدهون؟
d3TvUwbVZ9o جولة في خان الخليلي.. أحد أقدم أسواق مصر وأشهرها
d3U8NuVwUus مهرجانات لبنان تنعش القطاع السياحي وتستقطب السياح
d3UxT65T4Yk فتاة تونسية تفتتح أول فندق 5 نجوم للكلاب والقطط
d3wtUoams5Y 5 نصائح لتحسين أداء خدمة العملاء في الشركات
d4jvft5leUI ترامب حول جمال خاشقجي: لا أريد وقف إنفاق 110 مليار دولار بأمريكا
d50Fue8o_gM حقيبة على شكل طائرة ثمنها يفوق بعض الطائرات الحقيقية.. هذا سعرها
d5QOaESW5sk مأساة أفقدت ليفربول 96 مشجعا.. ما قصة حادثة هلزبورو؟
d5oGAoul44E فيديو للأسد أمام العامة للمرة الثالثة بأسبوعين
d68fiPlfm6A 5 نصائح يجب على مرضى الصدفية مراعاتها في خطة العلاج
d7-42uIlbzA وجبات خفيفة صحية لإنقاص الوزن
d7uYj-fWcLQ نظرة على هاتف بيكسل 2 الذكي من غوغل
d8OcycmT_bk كولن باول يهاجم المدافعين عن ترامب: لم أعد أعتبر نفسي جمهورياً بعد الآن
d8mNQuEysoY بمشروع مبتكر لتقديم المشروبات الساخنة.. شاهدوا كيف يحاول هذا الشاب استقطاب الزبائن
d9E_Pjzn_nQ داخل متحف بأمريكا لأغرب نكهات المشروبات من حول العالم
d9gOJWzl14M الحليب ينافس القطن والحرير في صناعة الأقمشة
d9s3WPy169U كيف تصنع الدراجات الهوائية من النبات؟
dAFh65zmI-g مصممة فستان \
dAGU0O0fkZc العبار ل搌NN: سنعود إلى طبيعتنا في منتصف العام المقبل
dBG6Mr5a0_M هذا الميناء في سلطنة عُمان يربط بين الشرق والغرب في العالم
dBeZ9TbXXRQ CNN تدخل أحد سجون الجيش السوري الحر
dCPlm5ddOko أبرز 6 لاعبين ارتدوا قميصي يوفنتوس ومانشستر يونايتد
dDLNkAL5DSo لماذا قد تزور عُمان في الصيف؟
dDOu5hM3LN0 بيع المخدرات في البرازيل بوضح النهار
dDzVwpcG1-I انطلاق أول رحلة للفضاء على متنها سياح دون رواد.. وهذا ما قالوه عن تجربتهم الفريدة
dEAS4oIrkrA هشام الريس: بيت التمويل بأفضل حالاته والبنوك الإسلامية أكثر من أفاد المنطقة
dF4-e9JxcSY تطوير أكثر من 20 لقاحاً محتملاً ضد فيروس كورونا في سباق مع الزمن..متى تٌبصر النور؟
dFQq3ZljKjo جولة داخل مصنع \
dGA5sPDWkV4 حصري.. هذا ما قاله قائد طالبان باكستان بأول مقابلة تلفزيونية له
dGE2U-SJeck \
dH4RP_Q0tPo هل بوتين أغنى رجل في العالم؟ إليكم ما كشفه تحقيق حصري ل搌NN
dHRPfS6n-hE كرات ثلجية غريبة تغطي شاطئاً في فنلندا
dHY2-eclQ9c مازارتي بسعر ولا بالأحلام .. هل تشتري؟
dHmXhHkDxkE بعد \
dIKfb29bA_Q شاهد الأمير هاري يقاطع زوجته ميغان خلال مقابلة بحركات بهلوانية
dIYxmUP4hPY هل من الممكن أن نتعلم كيف نكون سعداء؟
dJ02yW9JDpM هل الأرز صحي وما الفرق بين أنواعه؟
dJ9ntTJ_-CI ما هي أكثر دولة دعماً للتكنولوجيا المالية والعملات الرقمية؟
dKFhBIoHVsc بين السعودية وتركيا.. من يمتلك قوة جوية أكبر في المنطقة؟
dMY61l-9yxc سعودية تسبق نساء العرب لأعلى قمم العالم
dOPeRR6tzQ4 عاهل الأردن أول قائد عربي يلتقي بايدن بالبيت الأبيض.. فما أهمية هذا الاجتماع؟
dOifLvqCKCc نظرة أولية على هاتف \
dOr75FW27gc سلالات كورونا واللقاحات.. هذا ما قد تحتاج إلى معرفته
dPeqqMcq6a8 أبرز ما ستشاهدونه في الدراما المصرية خلال موسم رمضان 2022
dQwtS9-KvE8 زيباري ينفي طلب العراق مساعدة أمريكا ضد داعش
dSsgAQLNmbw أنباء عن اعتقال الناشط علي عثمان
dTqcVMTfkj4 أغرب سرقة.. اختفاء المرحاض الذهبي الأشهر من قصر بلينهايم
dUBm74D5XCg بهيكل غريب.. شاحنة من تيسلا تعمل بالكهرباء
dUye1oZcyFE تدهور الليرة التركية قد يكلف أردوغان في الانتخابات.. والأتراك يتحملون الأعباء
dVM8Tg859Zo كيف تمنع النوبة القلبية الثانية؟
dWO97TnSSCY هل يخوض لبنان حرباً أهلية جديدة؟
dWpctglzQH0 \
dWuOLYnleZA فيلم شرف.. حكاية عالمية قد تحدث في أي مكان.. فهل وقعت في فخ النمطية؟
dX8DwFD8JYY \
dYu3qZ3I-Bg العلاج بالتبريد.. الوسيلة الأحدث لخفض الوزن
dZDCGxIp2Zk هذه الأداة وراء أصوات أفلام الرعب المفضلة لديك
d_Kjjh3JE6g خمس خرافات عن الكافيين
d_PyUhVzi2U ماذا تتوقع الناشطة وعد الخطيب من بايدن؟ ومتى يمكن أن تعود إلى سوريا؟
d_vVnja9svk ناجية أيزيدية تروي تجربتها كزوجة لقيادي في  داعش
daZhnEB31SQ سارة إسحاق: أنا ضد الزواج المبكر للفتيات
dapT9LITfr4 سامسونغ تكشف عن هاتفي غالكسي جديدين
darPeE43XDA هولندا نسيت التنظيم والدفاع.. وإنجلترا تفوز بشجاعة ساوثغيت
datXy8r5Ebw مختبر يحاول طبخ الطعام بطابعات ثلاثية الأبعاد والليزر
dbYGCaaaH2k وحدات سكنية كعلب السردين لحل أزمة السكن بلندن
dc5QIeh0Jv8 لماذا اختار ريال مدريد كارلو أنشيلوتي وهل سينجح؟
dcNYxvRaqV4 سامسونغ تكشف عن أنحف وأخف أجهزة \
ddHsHG4E8sc سوريا: أطباء حلب يكافحون لإنقاذ المصابين
ddNgoiP5SW0 سوريا: جبهة النصرة تستقطب شباب من الُسنة
ddaIHOClZZI إنقاذ طفلة من تحت حطام قصف حلب
df63YIrwq-8 روبوت على شكل كلب ينهار أثناء اطلاقه كرات الطلاء من مسدس على ظهره
dgOhhbjlJpk نادين الراسي: أنا الضحية الوحيدة في مسلسل \
dh5pMgh40Fo محمد العريان يتحدث عن إيجابيات وسلبيات الاستثمار بالعملات المشفرة.. ما هي؟
dhPAyRd8gTA مسلمون في أمريكا قد يدفعون حياتهم ثمناً لجرائم داعش
dhek57Q2-xo باسم يوسف: نظريات المؤامرة تنتشر بمصر وأمريكا
dhepfmt6Kk4 اكتشف 6 مصادر خفية للسكر
dhy5HjfvJKE من داخل وكالة تمثيل تسمح لرجال المافيا \
diziA4Zeuuw الدكتور سانجاي غوبتا يشرح الدروس التي تعلّمها من جائحة كورونا وكيفية الاستعداد للوباء المقبل
dj48JMPuswI مشجع رشق داني ألفيش بقطعة موز.. فأكلها
djClKfC5si4 زفة عرس لتهريب 5 فلسطيينين وسوريين إلى أوروبا
dmF3jqUAT0g مارتن شين يرقص ويروي النكات في لقاء بدبي
dmJpQVDxuHQ بيل غيتس وزوجته ميليندا يعلنان انفصالهما بعد زواج دام 27 عاماً
dmXhV7JQJRE جنبًا إلى جنب مع الرجل.. المرأة تعمل على صناعة تكنولوجيا المستقبل في المملكة العربية السعودية
dnFCh9fW92s أبرز صيحات التكنولوجيا لعام 2021
doVM2RAyC_4 دكتور فاوتشي يوضح التباسا بشأن الجرعة الثالثة للقاح فيروس كورونا
dpPcnMgqSd4 أفضل الأطعمة لتحسين أداء الدماغ وتقوية الذاكرة
dpR21U2lzYg شاب يحرق نفسه لكسب صداقات جديدة بفيسبوك
dqxFGkOCmUY طائرات إيرانية بدون طيار بأجواء سوريا
drMvGeFEK8A صفعة على وجه ماكرون خلال جولة في جنوب شرق فرنسا
drOqASlli74 جدول زمني يبين سبب تصاعد التوترات بهذه السرعة بين الإسرائيليين والفلسطينيين
drzk75nz5l4 محاولة سطو خرقاء وزمن قياسي إلى محطة الفضاء
dsJsrWWtRiY أطفال إدلب.. معاناة إنسانية تزيد من وطأتها الحرب
dtr4-R8tvvQ مراسل CNN يشرح تفاصيل برنامج \
dwRYOGxMiac \
dxCLl2mPByE رسالة لرئيس أوكرانيا بجانب أفراد بحكومته: كلنا في كييف وسندافع عن بلادنا
dy1UzRY6COI أب غير مسلم يقتفي آثار ابنه \
dyBfIgVB4lU أول إماراتية تقود طائرة حربية في سلاح الجو
dzDtF5up4Qs الرفيسة.. طبق مغربي شعبي يقدم في أغلب المناسبات والأفراح
dzcK4s13ltM أطعمة يابانية تفعّل جينات طول العمر
dzcZ5b1vNU4 شخص يصاب بفيروسي كورونا والإنفلونزا معاً.. والأطباء في حالة قلق
e-Xtau6nfrg أسباب كون هذا الموسم الأكثر حماساً في الدوري الإنجليزي الممتاز
e05D0fiN_x8 كارول سماحة تروي ل搌NN حكاية الغياب والعودة إلى دمشق
e0EL3yXnOXo فيديوغرافيك.. تصنيف قطر العسكري يتراجع لتصبح ال عالميا
e0OeOv10GBY كيف عاش الشمراني حياة مزدوجة؟ علامات محتملة غُفل عنها
e0WfrZpEHDQ نظام بتكنولوجيا عالية يخفض هدر الطعام بالإمارات
e0enFHOHR0k أفضل خبز \
e16PPDM3FcM هكذا تعادل الفلسطينيون مع السعودية في مباراة \
e21x0TeeFzY هل يحد صاروخ \
e2bmxwy7X80 فرقة \
e2t1NzUtY7A بايدن يعلق ل搌NN على تبعات اغتيال العالم النووي الإيراني وسياسته تجاه طهران
e4-LYufEQ0g واشنطن بمساعدة 5 دول عربية تقصف داعش في الرقة
e4I6FwZB2NI آبل تحدّث تطبيقها للخرائط بشكل جذري
e5qSl6U8Rb4 في مصر.. مجمع للطاقة الشمسية يمكنه تشغيل مليون منزل
e67GYSj5Q8Y عراك بطائرة كندية على ارتفاع آلاف الأقدام
e6IEPbBTXxc كيف تكسب المال مقابل استخدام معلوماتك \
e74nXVWv5lE طبيبة لبنانية ل搌NN: الناس أمام خيارين.. الموت جوعاً أو بسبب كورونا
e7BXMqalmwU \
e7VuhLCF41w درب البحر الأحمر الفريد.. مسار جديد لسياحة المغامرات في مصر
e7k4KZfAQQY 10 أطعمة قد تغنيك عن الدواء
e7zG1ZmpSA8 الطريقة الصحيحة لقراءة ملصق المعلومات الغذائية على المنتج
e8DW39pA3yY لماذا لم يعد حفل الأوسكار يحظى بشعبية كبيرة؟
e8s-yJqZWuA امرأة تضحي بطفلها لانقاذ ركاب الطائرة
e9JTNSZKnFk يوم ملهم وعاطفي.. متلقو اللقاح في بريطانيا يصفون شعورهم
e9_dgpQNNDk CIA: لا وجود لتقارير تؤكد استخدام أسلحة كيماوية في سوريا
e9hVB0J4CBQ سقوط بتريوس.. فضحية تتعدى الجنس
e9i0eOyuKak من حيث كان يقطن أول مريض بفيروس إيبولا في الولايات المتحدة
e9pFJz1RiIU أهم سمات النجاح لريادة الأعمال
e9zkuQsDZFo في غزة.. شخصيات بارزة تتحول إلى لوحة فنية بقلم العصار
eA0xQLer3Oc الرئيس التنفيذي ومؤسس أندر آرمور يتنحى بعد 23 عاماً في منصبه
eAcm-J5Ihng مطعم في بودابست يقدم الأطباق الأكثر تفرداً في البلاد
eAvJhZt3LoM ما المدة التي سيستغرقها وجود القوات الروسية في كازاخستان؟
eBJliBV36bU بمناسبة عيد الفطر.. اكتشف مع آبل كيف يمكنك تصوير القمر بهاتفك
eBLhvc_uZgA قصة شفاء طفلة من سرطان الدم
eBftVQg4dww كيف تعمل الإمارات على رفع جودة الحياة لمواطنيها والمقيمين؟ وزير الذكاء الاصطناعي يوضح
eCEjg7PMYuk أب وأم يحذران بعد موت ابنتهما بكورونا: انتبهوا لهذه الأعراض لدى الأطفال
eCuEfZAaQMM كيف تحمي نفسك من البشرة الجافة في الشتاء؟
eEDp_zffWLg ماكدونالدز تضع كاميرات مُتقدمة في حاويات القمامة
eG7luEWgsRk العراق: تفكيك شبكة متخصصة بصنع السلاح الكيماوي
eGJ2Z_jjgVs هل تحاور السعودية إيران على طاولة واحدة؟ ماذا قال وزير خارجية المملكة عن دعم طهران للحوثيين؟
eGY6sMh9eDo نصائح لترتيب حقيبة اليد قبل سفرك
eGurmyX63lk كيسنجر يكشف ل搌NN سر استمراره في التأليف حتى سن 98 عامًا
eHNH6XXcI9U بيكا وشاكوش في مشهد جماهيري مختلف بموسم الرياض بعد منعهما من الحفلات في مصر
eHjNyqUFXfI الإبراهيمي يزور مخيم الزعتري بالأردن
eHlbQD0ewos كيف شُفي أبيدال من السرطان
eI5SC1fUt6o مشاهير \
eIHs_85arJY آراء العراقيين بعد عام من انسحاب القوات الأمريكية
eIPIt-hHTQM شاحنة للقيلولة تجوب الشوارع وتوزع \
eIh5lUGj5OQ \
eJ9YavjHm2g ماذا وراء شعبية الدراما التركية عند العرب؟
eJIQQz9ql04 سكارليت جوهانسون ترفع دعوى قضائية على ديزني.. ما السبب؟
eK8wkoYC6IA دبي تتحول لموقع مثالي \
eKMmn4KjMIg مروحيات عسكرية تجري عمليات إجلاء موظفي السفارة الأمريكية في كابول
eKc2RDvT1Kg \
eL2aq-itcx0 \
eLeo5egAKig برنامج تلفزيوني يمزج الطبخ بالسياسة
eMHDJQCPMTQ غناء يحاكي أصوات الطبيعة.. في هذه القرية الصينية
eMyktdualJ8 من الأردن إلى السعودية... من هن سيدات العائلات الملكية الأكثر أناقة؟
eNXvkZ3s3wc \
eNo6SH7JGXk انفجارات في ما لا يقل عن 16 موقعًا بأوكرانيا.. مشاهد للأضرار والنزوح الجماعي والتحركات العسكرية
eOJ_sggduA8 بورش تكشف عن أولى سياراتها الكهربائية \
ePJ_XaV-gqg نجاح عملية فصل طفلة فلسطينية عن توأمها الطفيلي بالسعودية
ePPyXuqhrf0 آخر رجال الطب الطبيعي القديم في بيرو
eQ0nFm5RCrU الفلسطينيون ينتخبون رئيسا لهم... افتراضيا
eQrf0dCXZGE منتجعات وفلل شهر عسل.. جولة بمشروع \
eR0mSY0medI ما هي كمية القطايف المناسبة في رمضان؟
eRJxVw9lzc4 ما أصل طبق المجدرة؟ بالبرغل أم بالأرز؟
eSCllN3kXCw مشهد يخطف الأنفاس للسحب فوق قمم السعودية
eTWh08VO0OE صاروخ يصيب مبنى سكنياً في كييف وسط تبادل الاتهامات بين أوكرانيا وروسيا
eU7x7o-GohE إليكم سيارة بورشه 911 GT3 الجديدة المستوحاة من سيارات السباق
eVXZLn6ji6c الصين تتحدى أمريكا في البحر وتكشف عن صاروخ باليستي جديد
eX2RJMPAtlI طبيب: مرضى فيروس كورونا أصبحوا أصغر سناً وأشدّ مرضاً
eYBRMq_U8f4 شاهد كيف \
eYhqbaISOh0 كفيف يصنع التحف الفنية الخشبية بعد محاولة انتحاره وفقدان بصره
eYpbJ0TF9XA فنانة تستخدم الملاحظات الصوتية لخلق أعمال فنية وتبيعها بسوق الرموز غير القابلة للاستبدال
eZcBHpEAFb4 ما الجراثيم الخارقة وما علاقتها بالمضادات الحيوية؟
eZdNhJK3qxo هل يمكن لإيران التصدي لحرب إلكترونية؟
ea8E4ZAnWlw ظنّت أن بايدن سيُعتقل وسط انقطاع للكهرباء.. كيف تأثرت هذه الأم بنظريات المؤامرة؟
eaZ9E8OXtv4 صالح كامل: الضرائب تأخرت بالخليج والزكاة تغنينا
ecOwVnwOtio كلب يعود لصاحبه بساق بشرية
edtwPFRNZ1k ماكلارين تعرض سيارة خارقة بمليون دولار.. إليك \
edxOoz-r21c أجمل منظر قد تراه.. جزيرة سلوفينية وسط بحيرة زمردية
eeAoOU530vw ما دوافع المصالحة الخليجية وهل لإيران تأثير على ذلك؟
egJNn-ReKtE هذا واحد من أقدم مصانع الصابون في نابلس
egs8_CuVwcs مسؤول بوليفي \
ehQg17399yA الجونة في مصر..وجهة عالمية للتزلج على الأمواج بالمظلات
eiQCa4OSCJ4 المحقق كونان.. يعود من جديد في السينما
eiWVzAyGSbA اليوغا تجتمع بالرقص على العمود في هذه الرياضة القديمة
eiaVpJUS10E شاهد كيف يتم فحص الأمتعة بمطار شرم الشيخ؟
eitRaazP6eU كاميرا خفية داخل حمالة الصدر تعد عدد النظرات
ej0eEBlz3jA رواد الفضاء يتابعون كأس العالم على طريقتهم
ejf4xPGAmpU مذيع CNN يزور البندقية.. ويشارك في عرض أزياء
ejiOZZN99PU احتفال السعودية بيوم التأسيس وبريتني سبيرز تروي قصة حياتها.. إليكم الأبرز في أسبوع
ek2TJ2bKGq0 الطفلة بانا: ألوم الأسد والعالم لا يتحرك تجاه ما يحدث بسوريا
ekWirslW5Zs قبل أيام من المساءلة.. محاميان بازران عن ترامب خارج فريق الدفاع
el-dHv3ZMOQ هل يكون تحويل ثاني أكسيد الكربون إلى حجر الحل في تخليص الأرض من انبعاثاته؟
el7pqpT8sQU قرقاش: أزمة قطر لن تؤدي لمواجهة عسكرية
elWdr_Aiq3E كيف تعافى اقتصاد المكسيك في الربع الأخير من 2018؟
elXoI7z_ceU كيف تحافظ على نفسك في ظل كل هذا الموت والمرض؟ فاوتشي يرد
emeAz53zlG4 ناشطات أفغانيات يتحدين طالبان.. ومحبوبة سراج: هل سيقتلوننا جميعًا؟
emxdNDdaOOw وثائق تكشف خطط البشير: أعلام مثليي الجنس ودور لـ\
enDiJzeK4L8 ما هي أبرز الخدمات التي تقدمها منصات العقود الذكية؟
eo40mN6ZZpM جربنا لكم.. هاتف P9 من هواوي
eoCHI1cX9yU مسابقة لاختيار أجمل مؤخرة امرأة بالبرازيل
eoNdcnA2Rzc بايدن يتعثر مرة أخرى أثناء صعود طائرته الرئاسية.. شاهد ما حدث
ep8obTulCe0 مصافحة \
epdcf2Rb_CE دراسة جديدة: الحالات الشديدة من كورونا يمكن أن تسبب اعتلالاً دماغياً.. ما أعراضه؟
eqD_9VkQpPI فيسبوك تنضم إلى نادي الترليون دولار.. وهذه خطة السعودية لقطاع النقل
eqnAJXxItuc ما علاقة الجبن المشوي بالسفر والمغامرة والجنس؟
er4OcjRDlBk شاهدوا شاشة أل جي القابلة للف بحجم 65 إنشا
erzZS5rI7b0 الفخامة والحفاظ على البيئة في مكان واحد.. كيف ذلك؟
etfS3kY4PZw متحدثة البيت الأبيض تكشف سبب عدم فرض عقوبات على محمد بن سلمان بسبب خاشقجي
eurBwfKvLLY المريخ.. خيال هوليوود يتحول إلى واقع
evyAdwYwpuw وزير مالية قطر: كنا نهتم بالتكامل الخليجي لكن التركيز اليوم على الذات
ewGxNLYRn-A سؤال.. ما هو السبب وراء صور \
ewbZMgAV_SQ قوارب تخرج من باطن الأرض.. شاهد كيف ينقل المهربون المهاجرين عبر القنال الإنجليزي
expDOQwyM44 كيف تخفّض مستويات القلق الناجمة عن أخبار الحروب والأزمات الاقتصادية؟ إليك 3 نصائح
exx97L7_w3s بعد خسائر كبيرة.. LG تنسحب من سوق الهواتف الذكية
ey5zDmUQzxw مجموعة لدعم الثوار السوريين من واشنطن
eyTAkppNbiY هذا يوم حزين لهونغ كونغ“.. نحات تمثال مثير للجدل يتحدث لـ CNN عن إزالة السلطات الصينية لعمله الفني
f-ZGGopbBkw مرضى كورونا بأعراض طويلة الأمد يسجلون اختفاء أعراضهم بعد تلقي اللقاح
f-upaMC-8Vw تعالوا نفكر.. ما أهمية وصول إبراهيم رئيسي إلى سدة الحكم في إيران وما تأثيره على مستقبل البلاد؟
f-vwChW9HZY أعلى تجربة طعام بأبوظبي في منارة الرؤية
f31D6AVp-_M جولة حصرية ل搌NN داخل منشأة \
f3kJHEL2VgU هذا اسم أميرة بريطانيا الجديدة والسبب وراء تسميتها
f3xjs7CDRdw معلمة أمريكية لطالب مسلم: ارجع إلى العراق
f4jVN7VMQY4 درغام: أمريكا تفاهمت مع السعودية لتسليح المعارضة السورية
f55ciiat1v4 \
f5JaF_On3yU أول امرأة تصطاد العقارب \
f6HxamguGEE هل يستحق “اللوفر أبوظبي” مئات الملايين لبنائه؟
f6o9aY1Ihnk لقاء حصري ل搌NN مع أول رائدي فضاء إماراتيين
f7RzpZcPgE4 هل تعاني من ألم في الظهر أو الركبة؟ هذا التمرين قد يساعدك
f9DFJ1qvEeQ قتلى ومفقودون في انهيارات أرضية في هيروشيما
f9d0FYPY-hE ممرضات يصفن مشاهد مرضى فيروس كورونا وهم يتوسلون للحصول على لقاح
fArfRlB9pEc هذا الرجل في رحلة لزيارة كل منتزهات أمريكا ال񤁡.. ما السبب؟
fB23fDOHz14 مذيعة شبكتنا كريستيان أمانبور تتذكر مقابلة مسؤول في طالبان ووعوده لها قبل 25 عامًا.. ماذا قال؟
fCt8FcBXK0k ما معايير المدرب الأعلى أجراً بالإمارات؟
fExJ20YCED0 شركة تعمل على إطالة مدة صلاحية منتجاتنا الطازجة
fF3JRfOqFFQ أكبر سجادة بالعالم في جامع الشيخ زايد بأبوظبي.. كيف يتم الاعتناء بها؟
fG8ALuBn8rw شاب يستحم بمشروب غازي وحلوى المنتوس!
fGeQp7iN6ZA في عيد الهالووين.. كيف تحول نفسك إلى \
fHo3dVFkIoI أصل طبق \
fIqlLU6_ebM محمد بن سلمان.. قوة تقود تحديث وإعادة تشكيل السعودية
fItn16oefGE جنوب أفريقيا: إضراب عمال منجم لونمين غير قانوني
fJhA44Ny6q4 أمير سعودي يوضح موقف بلاده من أمريكا بعد زيارة لافروف إلى الرياض
fKSjjpvct0I ورشة إلكترونيات.. ربما لم تشاهدوا مثلها من قبل
fK_DPeMWeb0 باكستان: جثث مواليد جدد وسط النفايات
fKk2Sshnz60 مايكل جاكسون في دبي
fKueCMqaWSE ما هو ICO.. الطرح الأولي للعملات الرقمية؟
fL7hIP1LwPE سيارة بوتين تخطف الأضواء.. ما الذي يميزها عن \
fLk7Cf-398o ‎تقنية أجهزة جديدة لاستخدام اليدين للتحكم
fLwNo1NGJ9Y لغة بدون كلمات في تركيا.. تعرف إلى لغة الصفير
fMdB0BN3sww ناجية من زواج قسري: جزء كبير مني مات خلال هذين العامين
fMspCTYKk0Y فرقة صينية تمزج التقاليد برقص الشوارع
fOPKthZU-UE هل تبحث عن طريقة لتوفير المال؟ اتبع هذه القاعدة لتقسيم راتبك الشهري
fOZ3mNC-MVs ابتعد عن هذه المأكولات وقت السحور
fPAgyhHrg2s ما هي الخصائص التي تجعل التمر الخيار الأنسب لكسر الصيام؟
fPpXMpjTTPQ الرئيس التنفيذي لطيران الإمارات: الطلب الآسيوي على السفر لأفريقيا تأثر بإيبولا
fPqjZ5zUjLU اغتيال بهاء أبو العطا.. ومخاوف من تصاعد التوتر في غزة
fQWkGEJHc8Q كيف يتم احتساب مؤشر الدولار الأمريكي؟
fQer14KVHmk ما هي أهمية استحداث موقع إلكتروني للشركات؟
fQotls62iXE خدعة أبريل من غوغل.. البحث عن الرائحة
fRe_enXeG8Y كيف يختلف عمل السمسار عن الوسيط الموكل في مجال الأوراق المالية؟
fSjhlA1CXvU 5 أشياء يجب أن تعرفها عن فيروس كورونا الجديد
fSvfOjgF5mU مسلحون مقنعون يهاجمون إعلاميين بالقرم
fSvkdRPFupE انطلاق أطول رحلة طيران في العالم
fT0u611prHQ كيف يمكنك أن تحصل على عملات رقمية بشكل مجاني؟
fUJawxq42Xg عاشت بعد اختراق رصاصة لعنقها فأصبحت رمزا للثورة الأوكرانية
fUeF1_HjOf4 بعد هروبه.. شخصية مجهولة تكشف عن وحشية النظام السوري
fUhZn_v-C5A نادين نسيب نجيم، وليد توفيق، مي سليم وغيرهم.. ماذا يحضر النجوم العرب للعام الجديد؟
fW1lpbgyAxw السعودية: محاكمات لدعاة إصلاح
fW_6qHbhoRA أسماء محفوظ: التغير في الشارع
fWiedndmp2I مشية غريبة لعارض أزياء تلفت الأنظار في أسبوع باريس للموضة
fXL3XzT5IiU شركات توظف الذكاء الاصطناعي لجعل أماكن العمل أكثر أماناً.. لكن ماذا عن خصوصيتك؟
fXhcj1XK2vc ما هو التعدين في العملات الرقمية؟
fXqXoS6lD7g روبوت في ساحات المعارك؟
fYC5syuoJ7M هذه المدينة تحتوي على أفضل أنواع الرخام في العالم
faDdKFZPE80 \
fapySFtT5es مستعدون لـ\
fcAB5SDzYmg حصلت عليها CNN.. مكالمات هاتفية تكشف أن ترامب \
fcZx7spSJBI هل تجرب \
fcxYXsVVKoQ فلسطينية تُتوج بلقب بطل تحدي القراءة العربي
fdMpfqk0hog هل تتوصل أمريكا وروسيا والسعودية إلى حل لانخفاض أسعار النفط؟
fefXAvIKSjU بعد عام من جائحة كورونا.. فاوتشي: هذا ما كان لا يمكن تصوره أبداً
fepWznqvsfc لحظة هبوط طائرة عسكرية أمريكية غامضة بعد 780 يوماً في الفضاء
fgVWfUL0svo هاتف آيفون تحت اختبار الضغط
fgrvGlImB40 الأمير علي ل搌NN: الإمارات أرضنا.. وهدفنا مونديال قطر 2022
fhUfNbXHNGQ هذا السلاح قد يكون بالغ الأهمية للقوات الأوكرانية.. ما هو وكيف يتم استخدامه؟
fhX9c5x_OfU لحظة شن غارة جوية أمريكية على “همفي” لداعش
fhh40ol4fBU بوينغ تكشف عن “غواصة” يمكنها البقاء تحت الماء لأشهر
fj5XWAFAjIA ما سر نجاح نادي ليستر سيتي الانجليزي؟ هل هم رهبان من تايلاند؟
fkRh9UyD2m0 \
fkScSMseTkU أم بمهمّة واحدة.. صناعة أكثر الحفاضات أمانًا في العالم
fkumhp4jAKU أجمل واحات جزيرة العرب.. صلالة
flY0A1UCtJU تعرف إلى سيارة غوغل ذاتية القيادة وايمو
flcgdF6lS84 البعض يفضّله بارداً والآخر ساخناً.. ما هو أصل المسقّعة؟
flhpFHgaQJA وسيم يوسف يرد ل搌NN على فتوى \
fllhsUjE3oI ليس سوبرمان ولا حتى باتمان بل هو \
flvXz2z-T2I من هم المورمون.. وما هي كنيستهم؟
fnBiXCYqrW4 مصالحة الأهلي وتركي آل الشيخ.. كيف يمكن أن تستمر؟
fnyqUPGJb3g ستيفاني ويليامز تكشف عدد المقاتلين الأجانب الذين مازالوا في ليبيا
fpgkoAPxoOY البنتاغون يبحث خيارات عسكرية حال عبرت روسيا الحدود وغزت أوكرانيا
fpuAi6E8c7M عارضة الأزياء التي كانت رجلا
fqMKrfW8Kt4 تغير بانتخاب ملكة جمال المراهقات في أمريكا
fqb6xmH8c6U حصلت على اللقاح؟ لهذا السبب عليك الاستمرار في ارتداء الكمامة
fqfSOxY8mE0 كيف كانت حياة الصحفي الأمريكي الذي قطعت داعش رأسه؟
ftnHjVHycIc هل تلغي كندا مبيعات الأسلحة للسعودية بسبب قضية خاشقجي؟
fugedAlh9m0 الطبيب سانجاي غوبتا يوضح لنا كيف يمكن إعادة فتح المدارس بأمان
futDTC5X5mA كوشنر ل搌NN: اتفاق السلام الإماراتي-الإسرائيلي \
fvqkCT5yZu8 ابتكار جديد من مايكروسوفت يلغي الحاجة لرادارات السرعة
fwvI-Tfpeww كل ما تريد أن تعرفه عن جهاز الخدمة السرية بأمريكا
fxyplSaeeWs داعش يدعو لهجمات ضد الغرب وقلق من أمريكي “قيادي” في التنظيم
fybYF0QbT1U يقودون دراجاتهم لزيادة الوعي بديانتهم
fzSG4rZLmsY بوش: التاريخ سيحكم عندما أموت
fzlk347H52s العقل المدبر وراء أجرأ حملات مكافحة السرطان
fzoVh-GDXOw ظريف: أمريكا لديها \
g-0wAPfrz5I تعرّف إلى جان نوفيل.. العقل المبدع وراء تصميم \
g-faP_ZIPY0 رغم تفشي جائحة عالمية.. أبوظبي تنظم فعاليات معرض الدفاع الدولي أيدكس
g-ivbrEk4sw ما حقيقة تفاصيل أنباء اللقاء المزعوم بين نتنياهو ومحمد بن سلمان؟
g03H2O275_k مراهقان يتزلجان على المياه في بحيرة ميشيغين لمسافة 62 ميلاً
g05xmpkn__g رئيس طيران الإمارات: يمكننا تجاوز \
g2EraI5ESjQ رئيسة وزراء تايلندا تبكي أثناء بيان ببانكوك
g2K2pntQ3qc ملهم القاعدة أبوقتادة سيبقى بلندن
g33ppxb1Kkk كاميرا CNN في شوارع بيروت.. هكذا تخطى اللبنانيون حدود الطوائف
g3lmsFx_XgE في عُمان قريباً.. استخدام الطاقة الشمسية في حقول النفط
g49RTpfUADc رحلة على طائرة أوبر المروحية.. هل تستحق التكلفة؟
g4CYpldFh4c ستأخذك جداريات هذه الحمامات اليابانية إلى عالم آخر
g4Mpa0fouAc فستان بريتني سبيرز يخذلها على المسرح
g4vUbiE_Lqw ترامب يصف فيروس كورونا بمصطلح عنصري
g5T8lXPZmws كاميرا CNN تلقي نظرة حصرية على قوة الفضاء الأمريكية الخاصة بصد الهجمات على الأقمار الصناعية
g5tLyO4wmwo هل تفهم الكلاب لغة البشر؟ ثنائي اختبرا ذلك والنتيجة صادمة
g6mKpT16KMI اسكتلندا بطلة معركة \
g91A8QZSHsk لأول مرة منذ أكثر من نصف قرن.. إيطاليا تغيب عن كأس العالم
g9Lk5rJ7iZw مرضى فيروس كورونا يتبرعون بالبلازما للمساعدة في البحث عن علاج
g9NhXUSHV-c وادي القبور في صقلية.. هل تجرؤ على دخوله؟
g9Pg7nhKuDI \
gAaAWIr1tzg كيف تحافظ دبي على سلامة أجوائها من الطائرات الآلية؟
gB-bkfbLGxo سي ان ان مع أوائل السعوديات للقيادة بالمملكة
gBo1ir7M2x8 يحمي من أمراض القلب وحتى السرطان.. ما هي فوائد الشاي؟
gBy6MPQkw6A هذا الروبوت سينقذك من ضغط ركن سيارتك بالمطار
gC60K4fqXPw عمرها 3.8 مليار عام.. إلمس قطعة من القمر بإكسبو 2020 دبي
gCu2gTCQs9U استمع لرسالة رئيس وزراء إسرائيل التي تركها بعد لقاء محمد بن زايد.. ماذا دار بينهما؟
gE1w-lnBOO8 بعد النتائج المخيبة.. تشيلسي يقيل فرانك لامبارد من منصبه كمدرب
gEDSWo_9uww من الهند إلى تايلاند .. استكشف أكثر الأطعمة الحارة من حول العالم
gEU10y-KtlQ ساعات حائزة على أرقى جوائز سويسرا تتألق في دبي
gEeP0NFH2yk كوشنر ل搌NN: يحق للفلسطينيين الازدهار وخطة السلام هي السبيل
gF-aVTXlIj0 مقاطع حصرية ل搌NN.. كيف هي الحياة تحت سلطة طالبان في أفغانستان؟
gF5OxCr2_FM أطفال يقودون الطريق في أبحاث لقاح فيروس كورونا
gFlHsnRNCUQ شاهد دقة أول سلاح ليزر حي في العالم لدى البحرية الأمريكية
gFxhFtVsUrk ما رأيك بقرار توقيف أعضاء \
gGUSvsNVPf4 تشتهر مصر بالفطير المشلتت.. فما هو أصله؟
gGmhfgIN_rY قابلوا أول قبطان أنثى لشركة طيران في اليابان
gGqgRvJvPck هل تعرف ما هو \
gImX7ypGrOI بعد هتافهم له.. شاهد لماذا تعرض ترامب لصيحات استهجان من قبل حشود أنصاره
gJXalzstfik \
gKn0b-c3S8E تقرير يعرض أكثر الوجبات دسامة في المطاعم
gLsoVtBbtX0 تفاعل واسع على لقاء الشاب محمد الكرد من \
gLyJt_YNiNw مذيع CNN يجرّب \
gMPNvC6Zu-8 كيف ستؤثر العقوبات الأمريكية فعلاً على إيران؟
gMz_x8AkX8w بعد هبوط حاد في 2018.. ما المتوقع لعملة بيتكوين؟
gMzmaIYcQeo أمور كانت من الخيال.. هذا ما ستوفره تكنولوجيا الجيل الخامس
gNRiz5XCW7U تعلم العزف على الآلات الموسيقية من هاتفك!
gNdbNQJxG6Y أكبر الأكاذيب التي قالها ترامب وبايدن في حملاتهما الانتخابية
gOKvStJzYZI كردي يطلق قذيفة على شاحنة لداعش فيحميها داعشيون بأجسادهم
gP-0cufg6y4 تطبيقات جديدة للحد من القيادة المشتتة
gQ17lFvYzyw ما هي الخيارات أمام إيران في موقف أمريكا بسوريا؟
gR1WJ2Kwsec الريفييرا العربية.. جزيرة قطرية بطابع أوروبي ستأخذك إلى عالم آخر
gRuM017ysnw حقائق سريعة عن الدبابة الروسية \
gS1Y21vpB1M علي مطر يوضح كيف تغيرت معدلات التوظيف بالمنطقة في ظل كورونا عبر \
gStrV62TgcA \
gT8HdT_lpI8 بعد الصافرة.. كيف استفادت السعودية من بطولة \
gT8a5G6bT4g سوق حريم فارغ بالكويت.. وبائعون يحاولون فك لغز الاختفاء
gTEOQSP3Jio بيزوس ولورين والسعودية وخاشقجي وترامب.. قضية تتحول إلى لغز جيوسياسي
gUBxPS_IXWw هل يساعد شرب الكحول يوميا بالعيش إلى المائة؟
gUqPLnoF4lo لماذا يعتبر الشاي مفيدا لك وكيف تحضر الكوب المثالي؟
gUtygu2eVqc أردوغان: قرار أمريكا نقل سفارتها إلى القدس خطأ فادح
gV9nEYzJ_8g سي أن أن مع قوات أمريكية تعرضت لهجوم من جنود الأسد.. ماذا حدث؟
gViWZkcLHFI بين عمليات الإخلاء وفقدان الوظائف والجوع المتفاقم.. هذا ما ورثه بايدن من فوضى اقتصادية
gWVZeLOjPwI حمام السمرة في غزة.. معلم أثري ومزار طبي لعلاج الأمراض
gXGIb4s7Xy0 ما أبرز العوامل التي قد تؤثر على أسعار النفط في 2019؟
gY2KVwIcTTI غزة.. حيث لا يوجد مفر أو رحمة
gZiU16QmirY أكبر 5 خرافات عن التمثيل الغذائي..هل تعرف ما هي؟
gZus1-KuMfk الاحتجاجات ضد سجن جاكوب زوما تتحول إلى فوضى وعنف ونهب في جنوب أفريقيا
g_O9pfyaOV0 تطبيق يساعدك على تجنب أصدقائك
g_pu1owtHlc يتحدّون الموت لـ”اصطياد” هذا العسل
gaM4R3DZX6Q شيخة الشيبة.. رياضية بحرينية مبتورة الذراع تشارك في تحدي دبي للياقة
gakxXqf6eS8 السماء كما نعرفها قد تتغير قريباً.. هل هذه ضريبة الإنترنت؟
gaqQW1J5f6M سيارة \
gbgWowH0cO4 من تناول الطعام غير الصحي إلى التدخين.. نصائح حول كيفية الإقلاع عن العادات السيئة
gd1t6kHBNvE تعرفوا على بعض فوائد المكسرات
geTjZy7X0hg كيف تعرف أنك في القاهرة؟ هذه هي ردود الشارع المصري
geUVg31hUko جزيرة جديدة للاسترخاء في الإمارات
gfIZ_ov-9zo معلّمة فن الإغراء تعد بكشف أسرار تربط ترامب بروسيا
ggjg2UDdsUc إليكم الموضة خلال عقد من الزمن
ghAI4nl7kI0 تبحث عن العزلة في وسط المحيط؟ زر هذا البرج
ghPK-2ghSKA نصف مليون دولار لا يكفي لشرائها.. إليكم سيارة فورد الجديدة الخارق
ghh1YNywmfw ديانتك.. ليست من شأن أحد؟
gi85g1Z6sDI بلقيس: حياتي فيها جوانب حزينة تصلح لمسلسل درامي.. وكورونا فضحت أمور كثيرة
gihqRU_ZBks مطاردة على أسطح المباني الشاهقة في دبي.. صقور تلحق بالغربان
gjJLjcPMEUI هولندا تتأهب أمنيا بعد إطلاق نار في أوترخت
gjh5_OoOIbo سابقة استخباراتية في بريطانيا.. رئيس الجهاز يتحدث \
gjhQpkPFsxc إعتقال 8 على الأقل بعد تحدثهم ل搌NN.. فيديو حصري من داخل ميانمار
gjhjqKckDUU من يقف وراء الصوت الأسطوري لإعلانات الأفلام؟
gk9K3NGmzUM تحب التسلق؟ عليك بـ \
gkR2yg1XlYE المتحدث باسم طالبان لشبكتنا: سنشكل حكومة إسلامية شاملة.. والأمن أولويتنا
gkTLdp2Z54Y لمسة فاخرة إلى طعام الطائرات
gku6mphnd3w هل تجرب \
gkw3xqSpUCo ماذا قال كوشنر على متن أول رحلة طيران إسرائيلية عبرت فوق السعودية باتجاه أبوظبي؟
gkwIHe3qacw من تركها تتعفن إلى تحويلها لـ\
gkx9rmETKEI \
glNoqENGtAg مبادئ توجيهية لولادة آمنة للنساء الحوامل بالمنزل خلال جائحة كورونا
gld9EAzV4nI علاقة مصر والسودان محكومة بالأزمات
gm0PudYP4b4 مداهمات وتدريبات قوات الأمن الفلسطينية
gm_in0FqSjs شاهد كيف تحول هذه الشركة مرائب السيارات إلى منازل بأسعار معقولة
gn818xF-0Co هذا المنزل صمد أمام إعصار تاريخي..كيف ذلك؟
gng6Gufn414 أحدهما عض رجل أمن.. نقل كلبي بايدن إلى خارج البيت الأبيض
go1gqt7yXK4 طائرة تهبط اضطراريا على طريق سريع
gorIPQmz1k4 مع تسارع وتيرة عمليات الإجلاء.. مراسل شبكتنا يتحدث مع الهاربين من مطار كابول
gp-PQg-ZrF8 طفل أمريكي برسالة لأوباما: هل تذكر عمران السوري؟
gpG6v1OUaKM إجراءات غير مسبوقة في أمريكا تزامناً مع الانتخابات خوفاً من اضطرابات محتملة
gpiPYtrdk4s العثور على ناج بعد أسبوعين من \
gqXTOKb4GY8 مصمم \
gqtHgrlmS2A هذه الشركة تريد خفض تكاليف مشترياتك اليومية إلى النصف.. كيف تقوم بذلك؟
grQT5DqUA9w حصريا على CNN.. طائرة إغاثة تعاين الدمار بصنعاء
gsnVRk184BI ما هي المقترحات لحل قضية قابلية التوسع للعملات الرقمية؟
gtklfLjnveA استكشف عروض الـ\
gutqGoevwx4 هل هذه أغرب نسخة جديدة لناطحات السحاب في العالم؟
gvEgmm-HLwI \
gvLV5WusrNU كيف أثرت السيارات على تصميم المدن؟ هكذا قد يكون المستقبل بسيارات أقل
gvvQL8t8Hqg رقصة ساحرة للحشرات داخل زهرة ضخمة في إكسبو 2020 دبي
gwGjme9-lIc هل بدأ العد التنازلي لسباق تسلح نووي بين أمريكا وروسيا؟
gwQ85AxeZu8 أيسلندا لم تسجل أي حالة وفاة من فيروس كورونا منذ مايو.. إليكم السبب
gwfzA4dzhwQ كيف اقتحمت هذه السيدة مجالًا يسوده الرجال في البيت الأبيض قبل 40 عامًا وغيّرت ملامحه؟
gwrRpnl5tw8 تمارين بسيطة لكامل الجسم يمكنك ممارستها في أي مكان
gxgE9O-_zF4 تعرف على أكبر قطعة سوشي في اليابان
gyX3jWYZGbw البحث عن قاتل متسلسل ... ضحاياه 50 طاووساً
gzFFFc9UwG4 كيف ترتدي قناعين بشكل صحيح؟
h-WTMJNRGck خبيرة اقتصادية ل搌NN: لبنان ليس في أزمة.. إنه ينهار
h0z-WQX7qc0 كيف سيساعد الواقع الافتراضي العلماء على اكتشاف عقاقير جديدة؟
h15bajIuUmk الموت في مكان تبدأ فيه الحياة.. روسيا تقصف مستشفى للولادة في أوكرانيا
h1MCOOv0eaA كندا لديها أنجح الاستجابات لوباء فيروس كورونا.. ما هو السر؟
h1NdKC84ojk أفعوانية قيد الإنشاء في السعودية ستحطم الأرقام القياسية
h1WGmHk9dkM إيطاليا تنتفض من تحت الأنقاض وتتربع على عرش أوروبا.. كيف تحقق الحلم؟
h24pdNzaDAI أعجوبة طبيعية.. كهوف جليد مخفية بأنهر ألاسكا
h2_9vEI4bd0 تسببت بها كورونا.. هذه أهم الابتكارات في قطاع السفر
h2nkYBkkYoc \
h59SaWfJWbI تعرّف إلى حدث الجمال الأكبر في دبي
h5ra90WT8a0 كيف يتغير حجم تداول العملة الرقمية؟
h7II3p3CwbY لبنان: هبوط الاستيراد والتصدير بسبب الأوضاع المحيطة
h7WQ6Zprskk كيف يقارن التصعيد الحالي بين الفلسطينيين وإسرائيل بعام 2014؟ مراسل CNN يوضح
h7x98PPQdAU جبنة نادرة تُصنع فقط بين مايو وأكتوبر في جبال الألب السويسرية..ما سرها؟
h8-YISu-f0A الكافيار لم يعد حكراً على السمك.. إليك كافيار \
h8Dtdcah3As هل أنقذت روسيا الأسد من ضربة عسكرية ؟
h8GbjEREEGs مشهد لا يتكرر.. رصد أخطبوط ملون نادر يسبح في الحاجز المرجاني العظيم
h8s7-cugZic من هم الحوثيون في اليمن؟
h9XrGN-d7_E شاهد.. مراسلة CNN توقف البث المباشر لتساعد مسنين يتم إجلاؤهم من كييف
hB5aJ-11iyc سيارة كهربائية تبحث عن موقف وتركن فيه لوحدها
hBjiL2ZhsvU احذر.. سريرك قد يتسبب لك بالمرض
hDiFdcyPL5w ممثلة لبنانية ل搌NN: على المظاهرات أن تستمر حتى يصبح لبنان بلداً أفضل
hE5vg_FDVSE قرية وسط صحراء أبوظبي تعكس الخط الزمني لتطور منازل البدو
hESdXxKZSs0 ما السر وراء شهرة حساب الاسكرو بين المستثمرين في العملات الرقمية؟
hElN8FIfw1I ما هي شروط نجاح أكاديمية تركي آل الشيخ في السعودية؟
hFEk-d7P1PQ تصنيف متغير أوميكرون الجديد لفيروس كورونا على أنه \
hGJGq9xikAA شاهد جيب رانغلر الجديد كليا
hGUXSLxGJik نظرة داخل متحف وكالة المخابرات المركزية في أمريكا
hGYV5Aqj6sg سلطان الجابر ل搌NN: الشراكة مع أرامكو طبيعية ومنطقية
hHFtNgTbR2w تقرير: 60 مليار دولار أمريكي أهدرت في العراق
hHXjaav7shQ 5 خطوات لتفادي وقوع كبار السن وخفض خطر إصابتهم
hHni5869Niw ميلانيا وإيفانكا ترامب دون حجاب بالسعودية
hIyZkENRnLY مطعم فلبيني مخفي في مغسلة سيارات بأمريكا.. ما قصته؟
hJAa6dYwbzY عروض خاصة جداً تستهدف السائح الخليجي في مصر
hJC2CmHXBvE \
hJgyVHeaFVk يأكل النفايات .. فما هي رسالته؟
hKaC6ZEPKSA انتشار جديد لفيروس كورونا يثير تساؤلات عن فاعلية اللقاحات الصينية
hLG2eid-jNc \
hLQ-S2poAc8 مسجد الملك عبدالعزيز.. أول مسجد بإسبانيا منذ سقوط الأندلس
hLWTuSkcdLE إعصار قوي يضرب اليابان ويربك الملاحة الجوية
hNEXO0G5C0Y اكتشف ثغرتين لتوفير المال لدى حجز تذاكر الطيران
hNSR0Ti9WMo ما الذي جعل الدنمارك أسعد البلدان؟
hP7DvMETsOI ‫\
hPO9tA_LxvY دراسة: حالات وفاة المشاة تمثل 17% من جميع الوفيات الناجمة عن حوادث المرور
hPOcjSHAov0 نجل الطبيب المحتجز بالسعودية وليد فتيحي يصف لحظة اعتقال والده
hSPuo8Olvu0 خبيرة اقتصادية ل搌NN: توقعوا استمرار التضخم \
hU-FRDhv2lY رحلة النساء السعوديات تنطلق.. لكن الطريق طويل
hV2kIhDr5mA اتهامات تعذيب وعنف جنسي وابادة جماعية ضد مسلمي الأيغور تطارد الصين
hV6Sp2PO5LI شجار بين ذكري كنغر في الشارع
hWz7vP5XXoY أكثر 10 جيوش امتلاكاً لـ\
hX52fkpKO94 ماذا سيحدث إذا خرجت بريطانيا من الاتحاد الأوروبي دون اتفاق؟
hY3LcBgCXY0 الحرس الثوري الإيراني.. مقاتلون من أجل الحرية أو إرهابيون؟
hYb9-7vBBsU تطورات خطيرة جداً تشهدها اليمن
hZomVVPGoEg لحظات صعبة ترويها زوجة أحد أفراد طاقم الطائرة الماليزية
h_fc2HjYX50 تاريخ غني بالثورة ونيل الحرية.. هذه الساحة في براغ شاهدة على ذلك
hazkevOxRz0 هل محمد صلاح اللاعب الأقل تقديرًا في تاريخ الدوري الإنجليزي الممتاز؟
hc7nY1N638k \
hc92OasJvRg الآن.. يمكن للروبوتات التعلم من أفعال بعضها
heYZ_QSPc_c العبار يطلق أكبر منصة تجارة إلكترونية عربية بشراكة سعودية
hfB2ShA3di4 تميّز بين صديق وعدو.. صواريخ أمريكية ذكية تفتك بالجيش الروسي في أوكرانيا
hgMFNEpIzQ0 حصرياً على CNN .. نتنياهو: يجب تغيير اتفاق إيران النووي
hhA9wQbH7Fg جولة مع الأميرة هيا عقيلة حاكم دبي داخل المدينة العالمية للخدمات الإنسانية
hiSwY5rp_cs السعودية في كأس العالم.. أسباب تدعو للتفاؤل رغم الجزئية المقلقة
hjt7JS8KihQ كبير مسؤولي الصحة في أمريكا يتوقع وصول عدد وفيات فيروس كورونا إلى 200 ألف شخص
hkOutY6HzkQ مراحل تطور هاتف آيفون منذ إطلاقه
hkRaiy2g7cg بعد إصابته بفيروس كورونا.. طبيبة ل搌NN: ترامب ضمن فئة عالية المخاطر
hkSJ46pKXsQ مراسلة شبكتنا عن وضع الأفغان العالقين في مطار كابول: البقاء للأقوى
hkmE2FpUrhM النائب الجمهوري ميت رومني يتعرض لإصابة بعد سقوط مفاجئ
hlbhmKJlVjM مبادلة جندي أمريكي بخمسة من معتقلي غوانتانامو
hlnWy7xiwfQ تعرف على الحساء السويسري صانع السلام
hm4wZhpaTSg شريكة جورج فلويد تتحدث ل搌NN.. وإبنته: والدي غيّر العالم
hmHOJdTdh9M جوائز Joy Awards تحتفي بصناع الترفيه في الرياض.. وحضور لافت لجون ترافولتا وسلمان خان وإيمي سمير غانم
hmp15PDLBSc كيف تحمي نفسك من ضغط الأعصاب بين عظام القدم؟
hn6dI8fjYpc خبراء ينصحون بالضحك لمقاومة التوتر
ho3WzqnX4YM متى نسيطر على فيروس كورونا وكيف يحدث ذلك؟
ho5Urlf_3BY ترامب يسمح بنشر وثائق تتعلق باغتيال كينيدي.. ما الذي تحتويه؟
hoMMKMw11NA ردود فعل السعوديين بالشارع عند رؤية صورة دونالد ترامب
hoXBtIVkm2I مرسيدس بنز تعيد تصميم سيارة G-Class بالكامل للمرة الأولى منذ 1979
hoy5_rXQovs إلهان عمر.. مسلمة هربت من الحرب بالصومال لتصبح مشرّعة بأمريكا
hpf49sD2e-8 كيف كانت ردود فعل قادة العالم بعد إصابة ترامب بفيروس كورونا؟
hqjtjwV85Po فتاة سورية تروي قصة زواجها مكرهة من \
hqne_5FK6Cw تصنيع “كلاشينكوف” متطور بالسعودية.. هذه أبرز مميزاته
hrgke_EeQoI رجل يطير خارج أفعوانية مائية عملاقة
hrvyy1z7S5E كيف نحدد الوزن الصحي؟
hs0NUq8owSs طبيبة توثق حياتها ليوم كامل في أحد مستشفيات بروكلين الأمريكية
hs1BijAto-Q ما الذي أثار دهشة مراسلي CNN بأجنحة إكسبو 2020؟
hsKwuC2L5QM ديفيد جيتا يقيم حفلاً على مهبط الهيلكوبتر لفندق برج العرب
hsSd0GcRLJ4 كيف تتحول حقول الأرز إلى لوحات فنية في قرية يابانية؟
hsjMfanilII ثنائي يتسلقان أطول مدخنة في أوروبا بحثاً عن التحدي
htOEGGzmgk0 كيف تتناول 3 وجبات رئيسية بأقل من 10 دولارات في أبوظبي؟
hu1RJnaIMqk عشر مدن توفر لك العيش الصحي
huwKKUeV8A4 علي عباس... فقد ذراعيه فأصبح وجها مؤلما للحرب على العراق
hvGw4_-zRMw فارسات إماراتيات ينافسن الرجال في سباقات التحمل
hwA4dosFDuI في أسبوع حافل.. ماذا فعل ترامب وبمن احتك قبل تشخيصه بكورونا؟
hwrIgQQ2TxI لحظة درامية.. أوكرانيون يتصدون بأجسادهم لدبابات روسية لوقف تقدمها
hxBQ4aOa3dU بلا أطباء أو ممرضين.. مآسي يسببها فيروس كورونا في هذه القرية الهندية
hyHsS2Iacwg مقاتلة روسية \
hyQVgM0jsoU بعد الصافرة.. لماذا ابتعدت الأندية السعودية عن عرش آسيا؟
hzCz0TJwRJM دراسة: لقاحا \
hzPnJas8GX4 كيف تركب الأمواج في أحد \
i092mru9180 هل تصبح النمسا أول دولة أوروبية تلزم الحصول على التطعيم ضد فيروس كورونا؟
i0IO2y37zAE حيوانات مهدت الطريق أمام البشرية لاستكشاف الفضاء
i1U96w2XPHs رئيس طيران الاتحاد: هذا تاريخ عودة القطاع إلى مستويات ما قبل كورونا
i2PWFcD8Gsw كيف ستتخفى جيوش المستقبل عن عيون الأعداء؟
i2VmcszMzzc بورشه تكشف عن أول سيارة كهربائية بالكامل
i2okDfbiw4E إسبانيا تُبطل ريمونتادا كرواتيا.. ودرس قاس للويس إنريكي
i30qxaY_cSE سعر بيتكوين يرتفع 900 دولار في 14 ساعة.. ماذا يحدث؟
i3Bp38qLZpY تاريخ عروض الأزياء منذ ستينيات القرن التاسع عشر حتى اليوم
i3qWf0EWwcE هل تعلم أن صلاحية بعض الأدوية تستمر بعد انتهاء التواريخ المكتوبة لسنوات؟
i4Ly4PAWpl0 \
i4rAfrX87Zo في فيتنام.. كيف يحتضن هذا المطعم الماضي خلال مأكولاته؟
i57cE3bY1es سيارة ذاتية القيادة يتحكم بها هاتف \
i5Dg60P04Zw كيف أثرت الحرب التجارية بين الصين وأمريكا على \
i5HEVc60k9U الأطفال.. ضحايا \
i62vYTfrP2Q المصريون بين فرح وغضب لفوز مرسي
i6C-uKxFBuk كنوز سوريا التاريخية بين النهب والدمار
i7egZEBRTKI بلير يعتذر عن \
i9XkZzh5uFM اسوأ هجوم على حلب منذ بدء الحرب
iA08GXg7quU سوريون يبحثون عن الحرية على الحدود
iA66Ws6VR3Y ما الفرق بين الدين والعجز وكم يبلغ حجم دين أمريكا اليوم؟
iAAp9NaVGec هل تساعد السينما في تعليم الأطفال لغات جديدة؟
iBBDDNjaPZU اكتشف مدينة الملاهي التي تقع تحت الأرض في منجم ملح برومانيا
iBKQHnNiBwE أبرز الأسباب الكامنة وراء رغبة تركيا بالعودة إلى شرق البحر الأبيض المتوسط
iCA5Wb82sWA أماكن ربما لم تسمع عنها.. 20 منطقة عليك زيارتها في عام 2020
iCNyYlskrts كانتس تسجل أطول رحلة جوية بالعالم
iCOWlGN1oL0 عربة تسوق \
iCs2AHeT7mI أكراد سوريا يدفنون قتلاهم وتحالفاتهم القديمة إثر هجوم تركيا
iDOMOv3QJ2s الملابس الداخلية ستصلك إلى عتبة منزلك
iDe59jOgXyY هل يمكنك تخيّل مستقبلٍ تتمكن فيه من طباعة طعامك على الفور؟
iEA_4XTFMnU هذا ما تجنيه آبل من أجهزة آيفون
iF-WlXfbdds لأول مرة بشكل علني.. ترامب يشير إلى أنه قد يقيل الدكتور فاوتشي بعد الانتخابات
iF6Fc3pIm8I كيف تختلف رؤية بايدن عن ترامب في بعض القضايا الأساسية
iFVXBOHJoLA سرّ تحطم طائرة كانت في طريقها إلى دبي
iFZSIpAMg14 طفلة فرت من سوريا لإجراء عملية على القلب
iGNuMA6Mi3A تجربة العمر.. السباحة مع السلاحف البحرية في جزر البهاماز
iGuleEvl9Qw هذه هي أشهى إسطنبول
iH1LeqfrriA أربع سنوات من الانفجارات بأحد النجوم في دقيقة
iH3jB7oqzis لقطات حصرية تظهر الرعب داخل مدينة الموصل
iH8wrL2sppk باربي تكرم عاملات بالخطوط الأمامية في معركتهن ضد فيروس كورونا
iIHEI-9u0WM زجاج جديد مقاوم للكسر للهواتف النقالة
iIRM13ubhXc كاميرا CNN في خطوط دفاع البيشمرغة.. رصد للصراع على الموصل
iImlH7crbwc اكتظاظ معابر الصين وإعلان مزيد من التدابير لاحتواء \
iIuuvujwmaA غوغل تقدم لك فرصة “التجول الافتراضي” في لبنان
iJTTibPXde0 آراء ثوار حمص بشأن هدنة الأضحى
iK5kE5sYj_8 متعافون من كورونا يصابون مجددا بالفيروس.. إليك 4 تفسيرات لذلك
iLDTYgshy3E صناعة السيارات المدرعة تزدهر في الإمارات
iLNN6XHipWc مطعم \
iNEa4Hb1eOs هذا الرجل يرتدي الأحمر والأبيض فقط.. فما سر هذا الاختيار؟
iNHwbx8ZBLY 4 خطوات بسيطة قد تنقذ حياة رضيعك من متلازمة الموت المفاجئ
iNsIfziHQv8 لماذا ارتدت كامالا هاريس اللون البنفسجي خلال مراسم التنصيب؟
iOLVqdrsGNw 5 نصائح طبية للأشخاص الذين يعانون من الربو الحاد
iOudURVc3ag 5 ألعاب بورد جيمز تعاونية لقضاء الوقت مع عائلتك
iPpT9onKTNw شاب يضع كاميرا خفية ويطلب برغر أخرى لأنها ليست كالصورة
iSmGOYVS2JI ما هي أفضل طريقة مثبتة علميًا للإقلاع عن التدخين؟
iU34hrdgGP4 مواطن يعمل مقابل دولار يومياً ولاجئ يبحث في القمامة.. هذا وضع لبنان في رمضان
iV0yRQoJlUM شقيقتها وثقت الحادثة.. منع ملكة جمال الكون السابقة من ركوب الطائرة بسبب ملابسها
iW3bTpwKfqQ هكذا تنظف الأسطح إذا لم يكن لديك مناديل معقمة لمنع تسلل كورونا
iWOQphxXg10 زعيم إنجيلي: الله اختار ترامب وعلاقته بالنجمة الإباحية ستورمي دانيلز مزاعم
iWaxpB8jGn4 طائرات غيرت العالم
iXEtHASkLyM مذيع CNN يوجه \
iZRlyJjXH3M دبي تعرض أغلى حذاء للبيع في العالم
iZaT4Y9prjk \
iZq9C7JEXS4 شاهد ما حدث عندما حاول مراسل CNN اختبار القيادة الذاتية بسيارة تسلا في شارع مزدحم
i_7tFUuSG4Q المباني الخضراء قد تحد من التلوث في الصين
icU-vyoUFWw مذيع CNN يلتقي سيدة \
id2vZT-8y54 نصيحة \
ida_XHtJbcY أغرب سرقة على الإطلاق
idiP8QRrLS8 لماذا يلجأ الناس إلى شراء الذهب في أوقات الأزمات؟
ii91ofBUHj8 \
ij66FKL7Rx4 هل تحلم بالتخلص من ازدحام الطرق؟ هذا الاختراع قد يحقق أحلامك
ilBdKtt3RTM ما أسباب صعوبة تقليل مخاطر الإستثمار في العملات الرقمية؟
ilwYl2tQ5zo من \
io1lG01iuoU ما هو تأمين السفر.. وما الأمور التي تحتاج إلى أن يتضمنها؟
ioZWA7Gxpv0 كورونا يلغي حفلات التخرج.. وهذه أفضل الكلمات الافتتاحية لمشاهير
ipNCwYCSmHg ديمة قندلفت من قلب \
ipivAErfyUM هل توقفت الحرب التجارية بين أمريكا والصين؟
iq6_J2x9gzo تقنية جديدة ..الآن أصبح هاتفك سلاحك
irFNGTsISyc الجبالي: سأشكل الحكومة مهما كانت الظروف
irzoQY_TCVk بوابات ذكية بمطار دبي تسمح بانجاز المعاملة بأقل من 13 ثانية
it7HZ4HAN4s في لبنان.. كيف وحّد الفساد المتظاهرين بعدما أصاب البلد بالشلل لعقود؟
iuk_8_-9fVo البحرين: مئات الموقوفين في الدراز وبعضهم ألقى قنبلة إيرانية
iwQLZTpi0To التعصب التقني بين المستخدمين.. من المستفيد من هذه الظاهرة؟
iwkK1qW6qOY الإيرانيون لنتنياهو: نرتدي الجينز بحرية
ixd4RYnkHa8 مراسلة سي أن أن تعلق 28 ساعة وسط كمين لداعش بالموصل
ixhetFtjoPU أنور قرقاش ل搌NN: الاتفاق مع إسرائيل \
iyYeTmogIEc بلوحة تحمل رقم \
j0Jep266PKg هل تعتقد بأن أجهزتك الإلكترونية محمية كما يجب؟
j0S5SpFWS0U عارضات أزياء الوزن الزائد يحتججن بملابسهن الداخلية في لندن
j0dC4hmFTbc ولو، إيه، لا ولو.. كيف تُمثل هذه الكلمات الشارع اللبناني؟
j0ohyC1vf18 روبوت على شكل كلب يقفز على الحبل ويرفع الأثقال
j0rvn3xbrPo هل يعتبر \
j2H8bZRFNlI عدنان يوسف يتحدث عن الشيخ صالح كامل والصيرفة الإسلامية والشباب العربي
j2VqTM-AaL4 عشرة أسباب وعلاجات لرائحة الفم الكريهة
j2jdwqtEBpE الأرامل السود.. أحلامهن ودوافعهن وغاياتهن
j3FQ_kQbRQo وحيد القرن الأبيض يتزايد بنسبة 34000٪ في هذه الحديقة
j3l8yqFeJ6M لاغوارديا بنيويورك..هكذا أصبح أحد أسوأ مطارات أمريكا بعد ترميم ب搈 مليارات دولار
j4KJchxT_oA سانجاي غوبتا يحاول إقناع الكوميدي جو روغان بالتطعيم.. شاهد ما حدث
j4guKVhyKNQ خلل أمني يؤثر على جميع مستخدمي الكمبيوترات والهواتف.. كيف تحمي نفسك؟
j5KGNsw20Jk محمد صلاح يروي قصة نجاحه من المقاولون العرب إلى ليفربول
j5fAte18Icg لحظة اعتقال الناشطة منى الكرد من منزلها في حي الشيخ جراح بالقدس
j66DrxExPwk كيف تتجنب آلام السفر الطويل؟
j6yAorwc-64 يقدم 500 مليون كوب منه في رمضان.. ما سر شعبية شراب \
j87Mo3kJihs بحيرة بايكال.. معركة مريرة على السياحة في \
j8bKYXjArK0 أول مريض أمريكي بـ\
jAF49y0s9nk أول تعليق من بيرني ساندرز على موضوع إطلالته وقفازاته في تنصيب بايدن
jAIuEA7qXgA مقاتلة F-16 دنماركية تدمر طائرة استطلاع بدون طيار
jBgkKLEcle8 الكوميدية تينا فيه تخلع ملابسها على برنامج ليتيرمان
jCD9vZepUPs هل تعرف أن البطاريق تصوم؟.. شاهدها تسير على جهاز المشي
jCEdZkJUTQE مراهقة كردية قتلت 9 من داعش: لو كان الأمر بيدي لفجّرت نفسي
jCHFho4QCDA انسوا \
jCQmexuuE8s كولن باول: ترامب يكذب طوال الوقت.. ولن أصوت له هذا العام
jCWfQzFFAKQ المرأة السعودية: من امرأة بلا صوت إلى \
jCZUUYgkmrY غاز تامار .. ومستقبل الصراع بالمنطقة
jD8Vm6FJ0Ak نظرة داخل هذا المطعم الراقي في المكسيك.. ما الذي يميزه؟
jE8KwA6r0a0 سوريا: مستشفى ميداني تحت الحصار
jEFRfqvAkwI المسحراتي.. ضيف من زمن غابر مازال يجوب شوارع البحرين جامعا حوله العائلات
jEuWH-w1DBc هنا ستكون “أحدث حدود دولية”.. في حال استقلال كردستان
jFOSwA1_qRM 10 حقائق عن صاروخ \
jFdFMp5bNVY رحلة الشابة الأردنية دولورس الشلة عبر أخطر الجبال
jG1m6ypglp8 إلى أين تتجه عملة \
jHWIKMh8DI4 أبرز مواصفات ساعة آبل الجديدة بشاشتها التي لا تنطفئ
jJCOhk2zcHk دراسة: النوم المضطرب يؤدي للإصابة بالزهايمر
jLBN9ZyMGlQ القتال بحلب يدمر الآثار في أقدم مدن العالم
jMCxCCteexs قرية ترابية عمودية في إكسبو 2020 دبي تحاكي شوارع المغرب العتيقة
jNRxdxr1_8s في دبي.. شركة تطلق روبوتاً يساعد في مكافحة فيروس كورونا
jOYoTMdy6Ns تبدو كهلال محاط بالنجوم.. رجل يوثق جمال بحيرة جديدة بدبي
jP6Hws_scgE خبير صحي: إصابات كورونا بعد تلقي التطعيم بالكامل متوقعة
jPIdYFvk3as أيام تفصلنا عن أخبار سارة حول كورونا.. وأوغور شاهين ل搌NN: بداية نهاية الوباء
jPRRiPkFLXw افتتاح أول فندق على شكل آلة غيتار في العالم
jQjOUvMGnwM أصغر عباقرة العالم عمرها 3 سنوات
jQkt6Zlsif8 أسطورة جون.. المرأة التي تنكرت لتصبح \
jQm3UnpWFLg ياباني يربي أسماكا تُباع بملايين الدولارات.. اكتشف حياتها المدللة في مزرعته
jRCNf6WoZxw مشاهد من سنوات الحرب في سوريا
jRJnjhITqrI أشجار الطاقة هذه بإكسبو 2020 دبي تنتج طاقة تكفي 300 ألف منزل
jRVX2M0qfjs رياضة غير كل الرياضات
jRkayfomTik عادل الجبير يرد على تصريح نظيره الإيراني: أجد ذلك كوميديا
jRuIAzfslRI أطفال مصر يبيعون الجنس والمخدرات بإيطاليا
jSGfCK14TPo اكتشاف أقدم هيكل خشبي في العالم صُمم من أشجار البلوط
jT7dbdifEBI قواعد سفر جديدة تدخل حيز التنفيذ مع توسع نطاق انتشار \
jTXw4zdeo9A رجل يمشي على أجنحة طائرة وهي تدور بزاوية 360 درجة
jT_6xR0pu8c تحويل القمامة إلى كنز.. إعادة تدوير النفايات الإلكترونية في دبي
jTlcLZuD0VQ لحظة تحرير السفينة الجانحة بقناة السويس تماماً
jU4cxtFeYvU مساعد أمازون الذكي \
jUxnhqnpFYU كيف يتم \
jVADO3qCwi4 عملية ضخمة في إيطاليا لاعتقال زعيم مافيا هارب منذ 1993.. ما قصته؟
jVFcSaucj68 ما المخاطر الصحية للهواتف المحمولة وهل هي ضارة أم آمنة؟
jViW7rwUtAs طاه يضع لمسته المكسيكية الخاصة في أطباق الجنوب الأمريكي
jVtsd66HD18 مشادة بين ترامب ومراسل صحفي سأله عن التنازل لصالح بايدن
jWFzWzC3AuA كيف تُصنع الصبغات الطبيعية؟
jWOYFyH2cc8 أحدها من ملفات المخابرات العامة.. الدراما المصرية تستمر بـ\
jWuSMuJCS4I طلال أبوغزالة: قصتي هدية لكل من يعاني.. ولو كنا فشلة لما تقاتل العالم علينا
jXkaoEKKxL4 ما موقف البيت الأبيض من الانفجار خارج مطار كابول؟
jXo_1xpP6qQ أودي تكشف عن سيارة كهربائية بتصميم رائع.. إليك مميزاتها
jYEJ61Y0et0 دبي تستضيف أكبر منافسة للروبوتات في العالم
jYTOdgP0DfQ أرباح أمازون في 12 شهراً تتجاوز 3 سنوات.. كم حققت حتى الآن في 2021؟
jYh-icPHjvY هذه نتيجة جمعنا لعلم الرياضيات والجليد
jZ5Y584sHFM بعد تسلق أعلى قمة في العالم.. جويس عزام تستعد للتحدي الأكبر للمستكشفين وسط كورونا
jZSCZd0jiGY فندق كأكواخ الإسكيمو.. يبقى صامداً حتى يذوب
jZXtoUjpWiI كيف يؤثر غسل الملابس على البيئة البحرية بشكل مدمر؟
jZfPHpSQ1rI هل ستدفع ألف دولار لشراء هاتف \
jabxbo8o1pk أوبر تتعاون مع \
jakpW0Kgqmw فابريغاس يكشف ل搌NN كيف يقضي وقته وسط كورونا ورأيه بشأن جورج فلويد
jbDgdjT-ZiA سعودي يغطي رأسه وجسمه بعباءة من النحل.. لدخول \
jbboHBK5WSs مصور يسبح في \
jcBcC8M2ZQY نماذج أولية من جدار ترامب الحدودي بين أمريكا والمكسيك
jd9jHXdWOWg أين أصبح السعودي الذي حُرك من منزله برافعة؟
jdHTvLSu4fo تصميم أولي لطائرة ركاب.. من اليابان إلى كاليفورنيا في 3 ساعات
jdSsck_cqrw تجربة طعام فريدة على قمم الأشجار بمنتجع في تايلاند
jd_w2Rz4G6Y هل أصبح التحرش ظاهرة رائجة في مصر؟
je9Ag9CwYik خمور منذ 100 عام في حطام سفينة من الحرب العالمية الأولى
jf5bdcdBels كلفة صناعة الأجزاء الرئيسية لآيفون 6
jhDkKi6aKTA جولة داخل مستودع \
jhF5O9KPslU تعرف على هذه الأديرة اليونانية \
jhQLok4Qqlk هجرة العقول الطبية من لبنان تهدد بانهيار القطاع الصحي في البلاد
jhxnjFjaaI8 الإغلاق الحكومي بأمريكا.. ماذا بعد ؟
jiFwTEO_dRk خمس خرافات عن سوق الأسهم
jigBZBRNOLU لحظة وقوع انفجار بجبل علي.. ورئيس تحرير CNN بالعربية: السماء تحولت الى صفراء
jjHxWAEjawk مقاتلو طالبان يواجهون بعدائية مراسلة شبكتنا أثناء تصوير تقرير بأفغانستان
jjOCQJx7uUM ليفربول وريال مدريد.. أرقام تكشف الأفضل والأسوأ في اللقاء
jk5er20sbwo حصيلةٌ فنيةٌ محزنة في 2020 لعامٍ استثنائي في قساوته
jkW9aueUd68 هذه المشاريع ستحول السعودية إلى وجهة سياحية في المستقبل
jky0z1CddMQ أوروبا تحقق في جمع غوغل وفيسبوك للبيانات واستخداماتها
jl1evEmwY7I ليس من الأبجدية الروسية.. كيف أصبح الحرف \
jlHzSo1PRKM تجلس على الكرسي لساعات طويلة؟ احرص على القيام بهذين التمرينين
jmZibBdI5IY كيف ردت مذيعة CNN على متحدث الكرملين بعد \
jnFPOR6upoY مركز فنون يتحرك ذهابًا وإيابًا على عجلات.. هل هذا هو مستقبل العمارة؟
joa4x4KTpcg السباحة فجراً في بركة فوق ناطحة سحاب
jowiEleFehw حشرات وزواحف.. هل هذه هي أغرب روبوتات المستقبل؟
jq2c-_w2fmk تحضير الأفوكادو المشوي مع الصلصة الحارة أسهل مما تتوقعون.. إليكم الطريقة
jqlIFuoa9IY تقنية يابانية تمكنك من ترميم المباني دون أي مسمار
jqm7dC_F6hk آيفون وجالكسي الجدديان .. وتحدي مقاومة الماء
jqxDb5Pbpy4 ما هو أصل الفسيخ؟
jr2j-YjfI1c كيف تنعكس المساواة بين الرجل والمرأة على تطوير مدن مستدامة؟
jsJsL7t7_QU من لاجئ سوري يغسل الصحون في أمريكا إلى مدرّس لأطباء المستقبل
jsgLStftd70 بعد هذا الاختراع.. هل نستغني عن اللحوم؟
jtEm3ZNYcvQ لعبة “بوكيمون غو” مع المنشطات.. كيف ستكون النتيجة؟
jusQ8wLUhFI ما هي أهمية إرفاق رسالة تعريفية مع سيرتك الذاتية؟
jv6Sxwgh6Qs أكبر عدد من الاعتداءات المعادية للإسلام بأمريكا منذ هجمات سبتمبر
jv82aj6bfzU ظريف يتحدث ل搌NN عن الحرب السيبرانية مع واشنطن وانتخابات أمريكا ومقتل قاسم سليماني
jvqXCzE4v6I ابحث بمعلومات الشركة قبل مقابلة العمل
jx-AFmytqto سؤال.. ما معنى كلمة \
jx4QsMnxpps لامبرغيني الإعصار..  هل تستطيع شرائها؟
jywKDMrRUpk دونالد ترامب: شخصية كبيرة من الشرق الأوسط اتصلت تؤيدني بمواقفي عن المسلمين
jyzhZuGkNdE كيف صادرت بوكو حرام أحلام البنات؟
jz5myYmk6gg جائحة كورونا في إيطاليا.. مسؤولون يأملون أن \
jzHZoLeCgBs ملالا يوسف زي: تعليم المرأة يشكل تهديدًا لأيديولوجية طالبان
jzRSzFUxTe4 هذه المثلجات التركية لا تذوب وتقطع بسكين جزار
jzkiq2q6edc الأردن.. فتيات يتحدين التقاليد ويعملن في تعبئة البنزين
k-0iK3G7IOY في ظل هشاشة الاقتصاد.. مصارف لبنان تفتح أبوابها بعد إغلاقها لأسبوعين
k-CqJ7VwBoo كارلوس غصن: ترامب واضح.. ونيسان ستزيد انتاجها بأمريكا
k-Oj4m93juk كاميرا توثق لحظة نادرة لعواء ذئب في البريّة.. وخبير: أشبه بالفوز باليانصيب
k-YxaJPKnsw هذا سر تعلقنا بأشياء أصبحت قديمة من الناحية التقنية
k1rn-GSoF7o شركة في دبي تقدم وجبات خفيفة لطعام صحي بدون مكونات سيئة
k2tvyNx7EVE فيسبوك تخطط لوضع كاميراتها بأجهزة التلفاز
k3fy9-YIHig ثوار التحرير منقسمون حول رئيس مصر
k5WleHeO0x0 عائلة أمريكية تصوّر مفعول الماريغوانا على ابنتهم المصابة بالتوحد.. بعد فشل كل الأدوية
k6LQRb0TPaQ جولة حصرية ل搌NN داخل \
k8sgt4WEOak مؤثرون يساعدون هذه الشركة الناشئة في دبي لتصبح علامة تجارية عالمية
k8usSKs0F74 تباع ب دولار تقريباً.. ما الذي يميز لوحات الورق هذه؟
kAiup7fwAHw هوس الهنغاريين بالمنتجعات الحرارية.. كيف بدأ؟
kApBRD0fqNc قضت 6 أسابيع في عرض البحر.. فيتنامية تروي قصتها \
kBAL9BvfCqw تعرفوا على السعودية التي قدّمت الحجاب إلى عالم الإيموجي
kBcHIYaeZh8 الروبوتات تأتي لعتبة منزلك..شاهد مستقبل توصيل الطعام في إكسب
kBnwjlawtrU قد تنقذ كوكبنا: تقنية ذكية تساهم في الحفاظ على النحل.. كيف ذلك؟
kCKKRaJglto ثلاث عوامل تعزز سيرتك الذاتية للحصول على وظيفة
kDCAdxooDaA لاجئون سوريون يتحدثون عن أغلى ما يملكون
kDxAvfzULZA 5 خرافات عن التهاب المفاصل
kEPxU5kxy7Q رئيس أوكرانيا السابق ل搌NN: ما يفعله بوتين في بلادنا جنون وكارثي
kEg9DFEbdOY رغم الخوف من فيروس كورونا..حشود تتجمع على شواطئ في أمريكا
kFKzP6UuLhw وسط اليأس.. أفغاني يسلم طفلة فوق الأسلاك الشائكة إلى جندي بمطار كابول
kFadyuL0Zuw تطبيقات هواتفك الذكية قريبا من لوحة قيادة سيارتك
kFdTF9hPlro وفاة زين العابدين بن علي.. رئيس تونس الأسبق من الاستبداد إلى الهرب
kIlue_i9he8 بورانو.. جزيرة ذات بيوت ملونة في البندقية بإيطاليا يفوح منها عبق التاريخ
kJD5MlgMnZw لحظة استهداف أمريكا مواقع مليشيات مدعومة من إيران بالعراق وسوريا
kKocRjPHPk0 ابتكار منازل \
kL1mKm2aaoY إسرائيل تقصف شبكة أنفاق تابعة لحماس في غزة.. هل هناك احتمال لتوغل بري؟
kLeDv_LA-gw ارتفاع مذهل.. برج جدة سيصبح قريباً أطول مبنى بالعالم
kM6iO7HYZlw لاري نصار بأكبر قضية اعتداء جنسي بأمريكا
kN4IkkTR5EQ في إكسبو 2020 دبي.. ادخل جناحاً يجسد خيمة عربية جليدية؟
kNBi2TObxnc خدمة عبور للسيارات.. لجنازة؟
kO894k5Ayd4 إنجلترا تطلق رصاصة الرحمة على ألمانيا المستسلمة.. فما الأسباب؟
kOhS7eJI6yo مع تدابير احترازية آمنة وصارمة.. هكذا فتحت أبوظبي أبواب مدارسها مجدداً
kP43YnuS36Y رشيدة طليب.. انتصار تاريخي بالكونغرس في واشنطن وفلسطين
kPdkjjZ9qsI الفيلمان العربيان المرشحان لجوائز أوسكار
kQ4dOVL43aA ليفربول ومحمد صلاح.. أكثر من مجرد موسم
kQKCUK3ukuw هذه الروبوتات نسخة مطابقة عن الحيوانات تطير وتسبح مثلها
kQRJ1lIx_mo قفز ليتدرب .. لكنها كانت القفزة الأخيرة
kQp9hyltQBA ملحم زين يعتذر.. لكن من قصد بـ \
kRMIP6SNWuY فان جونز يبكي بعد فوز بايدن على ترامب
kRfrlHBiANI جولة في \
kTG_LSZCeqg في الذكرى الأولى لانفجار المرفأ.. هكذا انتهت الاشتباكات وسط بيروت
kV2mZ0I9XgU ألغاز تفجيرات لبنان.. هل تطل داعش بعنقها؟
kV7HLK1W9yc تبحث عن سيارة اقتصادية للاستخدام اليومي؟ هذه قد تفي بالغرض
kVCkqLMNp9o ما أخبار معاذ الكساسبة؟.. لعبة الانتظار المؤلمة تخيم على الأردن
kVUh18Dzd8Q طالب يعثر على ضرس ديناصور أثناء تسلق جبل بأمريكا.. وهكذا وجده
kVYU4iQDD-g مبنى على شكل جذع شجرة في قطر..الأجمل عربياً؟
kVn4nRUFyiQ مراسل CNN يسأل كامالا هاريس عن وظيفتها الأولى.. وهكذا جاء ردها
kVwM-h0_i-U كيف تحمي أبنائك من شرب الكحول
kW0nAJ8Bvpk لاعب رغبي مشهور يدين بإنجازاته لاعتناق الإسلام: أصبحت حراً
kWAyoNQvj3k داعش يستهدف كندا للتجنيد ويطلب مساعدة المهندسين والأطباء
kWj65XqCP6I بعد تصريحات محمد صلاح.. أين أخطأ وهل هناك مشكلة حقيقية مع ليفربول؟
kXwBU6Q0HE0 والدتك على حق: الطقس البارد على علاقة وثيقة بالانفلونزا
kYSiRem2AHQ هل كل ما يلائم الملكة يناسب الشيخ؟
kZB0M6pVxLc هل تجرؤ على النوم بكبسولة زجاجية معلقة على جبل شاهق؟
kZJdYs6FWVU تعرف على أول وأشهر ملاعب كأس العالم 2022 في قطر
kZZ0J-NaHk0 ما هي الخطوة التالية لأردوغان بعد فوزه بالانتخابات؟
kaVIYmBCsws هل تنوون إسقاط القيادة في أوكرانيا؟ شاهد كيف أجاب وزير خارجية روسيا على سؤال CNN
kcBTchaXn9w شاهد.. أول فتاة أردنية تقود دراجة نارية في حلبات السباق
kcH5cdElWpM قصة ركوب ابن عرس على ظهر نقار الخشب
kcsw9Wl7Pdc عجوز ينجو بأعجوبة من مواجهة مع قطار سريع
kcuaXUYhbYY اختلس النظر داخل المصنع الرئيسي لسيارات بورشه في ألمانيا
kdaIHnKOdEE رياضي يصنع ساقاً اصطناعية لنفسه ويفوز بها بميداليات ذهبية
kdbUpA1dTdQ العاهل الأردني: تفجير دمشق \
kdjeJ9up2_Q أغرب التصاميم وعروض الأزياء لعام 2018
ke81sXyUzZc هذا هو \
kedHcjMlQ3k مسلسل الاغتيالات مستمر في باكستان
kf5Cs0cU5JI مرت عليها الحروب والمجاعات.. أقدم حانة في إنجلترا تغلق أبوابها بعد 1200 عام.. لماذا؟
kg3uSfdUCe0 هل سنتنقل بأنفاق تحت الأرض مستقبلاً؟
kgOQD_pdpi0 جيب تكشف عن أول شاحنة لها منذ 25 عاماً
kh0UeNlkKj8 خاص CNN: نجوم سوريون يرثون حاتم علي \
khBCPM30QG0 فريق CNN يشهد إزالة الجثث من قبو في بوتشا
kitPngkzymQ لا \
kk8RpipFURY ما أنواع الحساسية التي قد تمنعك من الحصول على لقاح كورونا؟
kkGwQ4IRJfo هل يرقى للقب \
klsCe7miYpM دراسة جديدة: من تعافوا من متحوّر “أوميكرون” أكثر مقاومة لمتحوّر “دلتا”
km3MrHq-dks ما أسباب ظهور الدم في زاوية العين؟
kmJrzVlErSs مشروبات روحية و “جينيفر آنستون” قبل مقاطع دعائية لداعش
kmS6clOkNok إليك خطوات لإدخال التمارين الرياضية خلال يومك
kmiPgmdI_U8 ما هي المواضيع الجديدة التي ستدرّس لخبراء المال في المستقبل؟
knBGb5u8Y3Y العراق يبدأ عملية استعادة غرب الموصل من داعش.. متى ستنتهي؟
knqlq-_z5J4 تكنولوجيا جديدة تسمح لك بالعيش للأبد
knzZShoXvUI ما الأخطاء التي يجب أن يعالجها الهلال السعودي قبل نهائي أبطال آسيا؟
koXsvsaenZE ما هي اتجاهات السفر الجديدة التي يبحث عنها المسافرون؟
kpZYFtCHOrU بايدن يدافع عن قرار الانسحاب من أفغانستان ويذكر بهدف القضاء على أسامة بن لادن
kp__rI2akPg سي أن أن  تعرض صورة الرئيس ترامب على مبنى امباير ستيت
kpihN5GgP8E منها اللقيمات والورد الطائفي.. تذوق مثلجات بنكهات سعودية في إكسبو 2020 دبي
kqNDMOSxCog سمير غانم يمازح الكاميرا على السجادة الحمراء
kqyQFxJ6Xy8 ما هي الخلطة السرية للمشروع الناجح؟
krAiMFv13sE أمة غير قادرة على التنفس.. الهند تكافح مع نقص في عبوات الأكسجين لمرضى كورونا
ksPL0BEei78 خاشقجي تساءل عن اعتقاله قبل عام.. كيف تكشفت قضية وليد فتيحي؟
ksVmcSOUwjQ ماتش بوبي: موقع إلكتروني للتواصل بين الكلاب
kuDQ3NmYoI0 جدة تستضيف أول مهرجان لـ YouTube FanFest في السعودية
kwFL4xbipWI السجائر الإلكترونية.. هل هي آمنة؟
kwdIwbIzEkQ تجربة بالواقع الافتراضي تأخذك للغوص بين الشعاب المرجانية
kwvq8_HpTjU ما الذي يسبب انخفاض ضغط الدم؟
kxBuSS50yC0 ما أفضل الأغذية التي تتناولها على الشاطئ؟
kxEJIlaa1Ek ما هي أسباب الشخير؟ ومتى تأخذه على محمل الجد؟
kx_F9QfxkQ8 محاور سينمائية جديدة تحاكي الربيع العربي
kxbJVGvdYTo شبهة إساءة معاملة خادمتين في منزل دبلوماسي سعودي
kxbmeuHwljI احذر أن يتسلل فيروس كورونا الى منزلك بهذه الطريقة
kyN2kzRdVVU أين ترى دبي نفسها في تطوير تكنولوجيا \
kyV_F7t_cR0 نقاط الضعف والقوة لدى تنظيم داعش
kys_P2ra7iI لأول مرة.. قطار عالي السرعة يسير على ارتفاع 3 آلاف متر في التبت
kyt97vVCCnU روبوت يساعدك في الإبلاغ عن التحرش والتمييز
kz76ussGUQM هكذا يُحضّر طبق \
l-34SEdt1gE طريقة سير ترامب تثير جدلاً حول صحته
l-RGbxUIoio الأمير علي: إقامة كأس العالم بالشتاء \
l-TRoOrL7BE مهندسة فضاء إماراتية: بعد عامين سيكون لدي شيء على القمر
l-avImZuH28 طعنها 17 مرة.. مقتل فتاة حامل تبلغ من العمر 17 عامًا على يد زوجها في تركيا
l-tzCvabVEQ ما الذي يجب عليك فعله للإقامة بهذا المجمّع السكني المستدام؟
l0AXam3ODKw غراهام.. \
l0JsB3oyFkA ألعاب ملاهي وحلبة سباق.. هذا شكل السفن السياحية اليوم
l0Yl88ZTG68 أعنف زلازل صورتها الكاميرات ساعة وقوعها
l18h2rMThes صور تظهر ما تبدو عليه داخلية يخت فاخر يُزعم أنه لبوتين.. شاهد البذخ
l2qXS5AkScI \
l2x53etCJVQ انقرضت قبل 400 عام.. شاهد كيف عادت القنادس إلى إنجلترا
l3F5agEN7XM لماذا سيكون القتال في مدن أوكرانيا \
l3VOjJEfgb8 عندما يتحول الروبوت إلى مجرم خطير
l3i2l26v3BE 10 معلومات عن حاملة الطائرات الأمريكية \
l41lwvideSQ هل يُعجبك لون الجينز؟ اللون النيلي الحقيقي يقاوم الأوساخ
l4AoOuxkexs هل سيتسبب الذكاء الاصطناعي الخارق بانقراض البشرية؟
l5GJreU9NOY صحفية لبايدن: هل أنت مستعد لوصف بوتين بمجرم حرب؟ هكذا رد
l5cuwnbWeUY نجوم مسلسل \
l5rr3FKpQmM ما هي علامات اضطراب فرط الحركة ونقص الانتباه لدى الفتيات؟
l6AlZBiHH1k شارع خاص بالزهور في العراق يضم أكثر من 1000 نوع من الأزهار
l6MMErCIVdo رئيس وزراء اليمن: إيران ساعدت الحوثيين في طباعة وتزوير الريال اليمني
l6j3x7ilGu8 رغم وفرة النفط.. لماذا تعمل الإمارات على إنتاج الطاقة النووية؟
l6qfiDGO5Ks \
l7FCVuQsiL4 يسرا: مهرجان دبي من نجاح الى نجاح
l7IPXQJwDlo نظرة أولى داخل مسرح ستيف جوبز الجديد
l7kmwdjDJ14 كيف تقود عارضة أزياء سيارتها؟ كيندال جينير تخبرك ذلك
l9tWGc9V34Y \
l9vFxlcnbds شبكة CNN داخل قبو سري.. صيادو الوثائق يلاحقون نظام الأسد
lALLKAIOTT8 السعودية أول العرب بالمونديال.. إليك تاريخها بكأس العالم
lBjMItVVGSM في فرنسا .. كنيسة \
lCFgMcqLi0g لاعبون عرب لم يحققوا النجاح المتوقع في أوروبا.. فما الأسباب؟
lCJnk6hrqrE أبواب \
lCsoV2Coyoc إليكم مضار الأغذية المقلية في رمضان
lDA0Yt3Nugc منتجعات \
lDGDUOQicv0 تعرفوا إلى عملاق العطور الذي يُوصل التقاليد العُمانية إلى العالم
lE_-YHsmtTQ أول رحلة بركّاب لفيرجن هايبرلوب فائق السرعة
lFcb6ZmEYsM لماذا أثار جدال هاريس مع طالبة بشأن إسرائيل الغضب؟
lFuKlj4JB8M وزير الخارجية اللبناني جبران باسيل: نريد عودة سعد الحريري وننتظره حتى الأربعاء
lG0kVNuFq_g بعد مداهمة كهوفها.. الخفافيش قد تنقذ البشرية من فيروس كورونا
lGTCZE5T9bA ثاني هاتف قابل للطي من سامسونج.. هذه مواصفات GalaxyZFlip الجديد
lHYafd0Y_Mg ماذا يعني مصطلح \
lIcviSC1YqU توأم يُولدان في عامين مختلفين.. احتمالية حدوث ذلك 1 في 2 مليون
lIjMknX9S8o فنانون يكتبون رسائل قوية في السماء فوق مراكز احتجاز المهاجرين.. ماذا قالت؟
lIpqE61tmrI هل يؤثر التسجيل المسرب على مستقبل ظريف ومفاوضات الاتفاق النووي؟
lItemN6LBnE هجوم مفاجئ على مجدفين من قبل أسماك
lJ8No9-JrWc استمع إلى ما قاله أحد مؤيدي ترامب لابنته قبل وفاته بفيروس كورونا
lKEZBR6s89Y رجل ترك وظيفته ليصبح شحّاذ سكاكين رحّال
lL6VNdFsexo خديجة جنكيز ل搌NN: على المجتمع الدولي مقاطعة قمة ال񤀠 بالسعودية بسبب خاشقجي
lLESz-S3twM تجارب ممتعة في الأجواء الباردة
lLdAWLOS7yI غوريه.. مركز بيع \
lLgP-JDoM88 هل تعلم لماذا يحب البشر السفر؟ عالم نفس متخصص يجيب ل搌NN عن ذلك
lLwQIQBeBPA أكثر 3 مركبات إثارة بمعرض جنيف للسيارات
lMKHcFdtnAw فيروس كورونا موجود ليبقى.. إليكم ما يعنيه ذلك
lOlV1YJyySs عرض أضواء مميز بمناسبة عيد الميلاد
lOsju_4C0bU هواوي ميت 30 برو.. هل يستحق الثمن وما تحدياته؟
lOylrD7wlgg مذيع CNN يتناول الفلافل مع الأمير الأردني علي بن الحسين وسط عمّان
lPJ0Q2Lb0aI رجل قضى 70 عاماً في بناء حديقة ترفيهية غريبة
lPaEe-xNE9k شفاء الروح من خلال الحياكة.. هذه الطبيبة النفسية تستخدم فنها لعلاج مرضاها
lQgbhxrdH8Q لتحسين صحتك النفسية.. اقرأ القصص الخيالية
lQpRG48Do4I أجنحة متحركة على شكل صقر تميّز صرح الإمارات في إكسب
lQr5Lz7sY-w خطوات للحصول على نوم هنيء وعميق ليلاً
lRBMtMoM0Ak وزير خارجية قطر ل搌NN: كورونا لن يؤثر على أسواقنا على المدى الطويل
lSIf1V1i24Q بعد الصافرة.. اللاعب سفير بلاده فكيف يجب أن يتصرف؟
lSki1Mnk_fg مع وفاة كولين باول بسبب مضاعفات كورونا.. كيف أثر السرطان ومرض باركنسون على معركته ضد الفيروس؟
lSnJymWooGg \
lT-Z4Z5OQQI 3 أسباب وراء إقالة برشلونة لـ فالفيردي وتعاقده مع كيكي سيتين
lTHX7vwj1MI كيف نقرأ ملصق المعلومات الغذائية قبل شراء المنتجات؟
lThdyBfDUa4 لا تتناول هذه المأكولات على مائدة الإفطار
lUMs-UTXGSM بعد اختيارها لمنصب نائب الرئيس بحملة بايدن.. إليك كل ما يجب أن تعرفه عن كامالا هاريس
lUezoWiSt4o رولز رويس \
lUuwmEOfw4E توعد بوتين وأكد على عدم مشاركة أمريكا بالصراع.. أبرز ما قاله بايدن عن الغزو الروسي لأوكرانيا
lV-iwzeQN94 قمر صناعي ينجرف نحو الأرض سيرتطم بها قريبا
lVwAnfSvuNo ما هي العوامل التي تؤثر على سعر بيتكوين؟
lYPRRXgsLp4 جرّب تناول خبز الحمم البركانية في آيسلندا
lYX8nO-xUu8 لماذا تواجه المركبات العسكرية الروسية مشاكل بأوكرانيا؟ جنرال أمريكي سابق يكشف ل搌NN
lZ26fjkBN4Q ترامب عن صفقة القرن: إسرائيل تتخذ خطوة كبيرة نحو السلام
lZ6XQD7V5es تسجيل سري بين ترامب ومحاميه حول عارضة \
lcGFrzmqqc8 ملاحقة بوليسية تنتهي بتحليق المشتبه به في الهواء قبيل اعتقاله
ld3JfAniPsA غرفة \
ld8FkLnBtI4 الأمين العام لحلف الناتو ل搌NN: برنامج إيران الصاروخي مصدر قلق لجميع حلفاء الناتو
ldjthvB-cFo كيف تحاول كوبا تغيير نمط اقتصادها؟
leJyvw-6Ylg أرض مستصلحة في عُمان تتحول لمدينة ساحرة
lg9MpxX8URw ذكاء اصطناعي وروبوتات.. ما هو مستقبل صناعة النفط والغاز؟
lhTMHo9O48g هذه قصة الطائرات بدون طيار
lhWCQmfIhyg كيف تهدف زامبيا لتشجيع قدوم السياح الشباب من الشرق الأوسط؟
lhhpEqiGiFk روسيا تختبر أحدث \
liC8B_29CQw لافروف: ذهاب بشار الأسد حل أناني وغير منطقي
lj3-vIi494g كوشنر: صفقة القرن \
ljULeWtZl2c دعاها الى وجبة عشاء وأطعمها كلبها
lkKbVOzL6aM الشيخة حور القاسمي تهز العالم الفني في المنطقة العربية
lky6gruGiXo كاميرات المراقبة بعد بوسطن
llnMKxdBEvU كيف يؤثر تناول الطعام في المساء على صحة القلب؟
lmIof_rocJc عودة قوية للمخرج الفلسطيني أبو أسعد عبر \
lm_P9PASD8U مفوض الاتحاد الأوروبي يشرح ل搌NN خطط جواز سفر اللقاح الجديد
lmygnHaK6-4 نظام \
lnTQ1puSh1Q كيف تستخدم الشركات أموال المشاريع الخاصة بها و\
lnisriiUjy0 قلق دولي بشأن الأسلحة الكيماوية السورية
loJHbwnlIYo اكتشف شعور ركوب سيارة \
lojc_nDkYuM صخرة ضخمة غريبة الشكل في السعودية
lpDIIeYC1NE أسراب طيور تهدد الملاحة الجوية بأمريكا
lqGAkuGgF30 الفتة المصرية لا تفارق عيد الأضحى.. ما أصلها؟
lqtd7C8Tz40 مشروع لصنع \
lrE_6h35KOE هل تكون منى واصف في يوم من الأيام “أنديرا غاندي“؟
lrQ9bJhgcoY ميزانيتك محدودة؟ 5 طرق لتوفير المال من مشتريات البقالة
lrRtwvlMhok قابلة للنفخ في ساعات فقط.. شاهد أكبر حظيرة طائرات عملاقة بالعالم مقرها السعودية
lrjSDbQ04NI مهنة غريبة .. معانقة بدولار في الدقيقة
lrw5LtJWRVg غياب ازعاج السوشيال ميديا.. هذا هو هاتف نوكيا 3310
lryKGLxkZlY ألتراس نهضاوي .. يدعم مرسي
lsgh6RjDcrc مقابلة CNN مع أبوختالة عام 2013
lssBYgnRViU آخر حديث مع الطائرة الماليزية المفقودة
lsvbhU5xJSs مليشيات مسيحية تؤمن شوارع صيدنايا
lt115TWi8SA سالم الهندي: الشراكة مع وارنر ميوزيك سوف توفر محتوانا في العالم الغربي
ltwuE-V-tNk تطوير رجل آلي قابل للطي مستوحى من الأوريغامي
ltzKANB9B_g ماذا يعني هجوم روسيا على قاعدة عسكرية؟ مستشار الأمن القومي الأمريكي يوضح
lu16D3OyzMs مجدداً.. مشادة كلامية بين مراسلة CNN وترامب
lwi9A3h-2og إليك 5 خطوات بسيطة لضمان عدم سرقة طرود الهدايا من أمام باب منزلك
lwo5SrUJUa8 قادة إيران يحثون الشعب على زيادة الإنجاب
lwu2DaB8eAs وحدات نقل كهربائية قد تُحدث ثورة بمستقبل النقل في الإمارات
lx89q6i0n5k كيف تحمل مجلة \
lxc6RR9QhjE تصادم 20 سيارة في كندا بسبب الثلج
lxgXxzVgwXw حصرياً.. سي أن أن مع التحالف في اليمن: ما هي كلفة الحرب؟
lyYT2u9r7cU ياهو تشتري موقع \
lyyZmdwTUow شقيقة \
lzoZGj5fOsU ترقب في مصر لمعرفة هوية الرئيس القادم
lzvxZo4yoao نهاية العالم 2012 بين العلم والخيال
m-oHhI_MrwI 5 خطوات \
m0FTfCLJp-Y شاهد.. 3 أشبال من الدببة تتعلّم كيفية تناول الطعام بأنفسها بعد وفاة والدتها في البرية
m0cvXZwJPjg اكتشاف 39 جثة داخل شاحنة ببريطانيا
m1h2iMDyk5M هذه القمصان صنعت ليعاد صنعها.. فما السبب؟
m1z7VdWTHXU سر مدمر.. ممرضة تتحدث عن العلامات التي تشير لوفاة مريض بفيروس كورونا
m28Ysd2O_0E سورية تروي قصتها:‪ تونسي قادها لداعش وتونسية دربتها ‬
m2FUuGLsAEs غرائب الهالوين .. العروسان زومبي والزفاف في مشرحة
m35y0ZIhxKY وزير خارجية أوكرانيا: لن نكون دولة تتلقى تعليمات من قوة عظمى.. وأمريكا ملتزمة بصد روسيا
m5cSs08Jqkk من ممارسة اليوغا إلى الكشف المبكر.. كيف تكافح سرطان الثدي؟
m780m8jlOH8 بطيخة في استقبال العائدين من محطة الفضاء الدولية!
m7kZtKlUzqg عام على 17 تشرين.. انهيار مالي يعصف بلبنان وخبراء اقتصاديون يحذرون من الأسوأ
m86i7yhfMuQ تصميم فندق عائم يولد الكهرباء الخاصة به يخطط لبنائه في قطر
m8ZrueWPtRk سلاف فواخرجي: وجودي في قلوب المصريين نعمة
m9tK7S4uLnY هجرة السلمون المهيبة.. كيف تساعدون في حماية الأسماك برتقالية اللون؟
mAEozbC9_qU من السفينة الجانحة إلى انسحاب أمريكا من أفغانستان.. أبرز الأرقام في عام 2021
mAFlAf5iLKg مشاهد آسرة.. ثلوج تتساقط وسط الصحراء في الجزائر
mALydTHwYVg صورة لسيدة بالبيكيني تحصد أكثر من 400 ألف إعجاب
mAQKHwghqpk حافية القدمين تحرز \
mBZ1hwRVqIo أغرب الحميات الغذائية في العالم
mCfk0WJ6AcI شركات تكنولوجيا ضخمة تنقل مقراتها الإقليمية إلى السعودية.. ما السر؟
mEN1mm6P8YQ المقابلة الحصرية الكاملة لمحمد صلاح مع CNN
mEgPK1VzEDs يستقبل الملوك.. فندق مبني في كهوف عمرها 1000 عام في تركيا
mGu4HEYVg_0 مراحل تطور موقع التواصل الاجتماعي \
mL1obvsjM7w الطلاق بين السيسي والأزهر ينتقل إلى مجمع البحوث والنواب
mLEy004Zu7M اسطورة برشلونة .. التي يعني اسمها \
mLM3IIeE3oU بحقنة ب搂.1 مليون دولار.. حاكم دبي يعالج طفلة عراقية تعاني من مرض نادر
mM9GG0S3Nvg فيديو يظهر ليبيين ينقذون السفير الأمريكي الراحل
mMB8uNkg130 رئيس أوكرانيا ل搌NN عن مكالمة ترامب: سئمنا ولدينا ما يكفينا
mN5PMw76JAE شبكة CNN تلتقي فتاة نجحت في الفرار من بوكو حرام
mNgCJuVgifQ قصر دار الحجر.. أعجوبة يمنية مصنوعة بيدي الإنسان
mNjwmSlbloE ميا فارو تزور اللاجئين السوريين في لبنان
mO1-faqGT8k خدمة تسد الفجوة بين التسوق في الواقع وعلى الإنترنت.. هل تستمر بعد الجائحة؟
mOX1im_vejs هل ما يحدث بين الفلسطينيين وإسرائيل أولوية للعرب؟ باحث سياسي يوضح ل搌NN
mOmBX7ctA-A ما دور \
mPeuFCNc5a4 علاوي: قد نواجه إرهابا أكبر بعد الموصل ووجود قاسم سليماني خطر
mPitdJh7vjg رجل مصاب بمرض الزهايمر يقع في حب زوجته مرة أخرى بعد نسيانها
mPxqzAb6TRQ برشلونة وباريس سان جيرمان.. البحث عن \
mQ81InqaJUM كتب وصيته في عمر ال񤀠.. كيف وصل فان دايك إلى المجد؟
mQCUqaUrXZE إدخال الأمير فيليب إلى مستشفى في لندن \
mQcnUtGycfs كان يواعد 3 نساء سويًا دون علمهن.. شاهد ما فعلنه عندما اكتشفن الأمر
mQmqxdruyrQ بدأ رئاسته بكذبة وأنهاها بنظريات مؤامرة.. كيف تطورت خطابات ترامب عبر السنين؟
mQtTu60Cxjo شبكة CNN تقابل محامي معدومين بالسعودية هرب خشية استهدافه
mTaqLoe4SF0 اعتقال شخصين بعد محاولة اقتحام \
mUWmGEQNCcU بيستوريوس أوسكار يحقق حلم الوصول إلى الأولمبياد
mVKyga1hZKM فيروس كورونا.. ما مخاطر نهج \
mVVyV7e68Iw رئيس تحرير “لانسيت” يناقش المخاوف الرئيسية بشأن تطوير لقاح لفيروس كورونا
mVX32fWrP3o هل الوحدة الكردية للإناث هي التهديد الوحيد لداعش؟
mXB37qDjVII نصائح مهمة جداً كي تحافظ على هيئة جسمك وصحته
mXrI1nOnB1w بعد الطائرة الشبح .. هذه هي السفينة الشبح
mYLvQgoqsdg مبنى \
mZ2pTno9DKg \
m_bjf-qfbUg قراقوش.. من مدينة مسيحية مزدهرة إلى بلدة أشباح
m_vA5DnEGTs هكذا يمكن إنقاذ برشلونة من \
m_wTAoHfUe4 مدينة \
mb8uwJWHnE0 شاهد.. مشادة بين برلمانيتين في الكونغرس الأمريكي بسبب الكمامة
mbyWNmyBnQI هتافات مناصرة لترامب خارجها.. CNN داخل منشأة انتخابات في أريزونا حيث يتم فرز الأصوات
mcKgT_hpVNg نيوزيلاندا تقول إنها قضت على فيروس كورونا.. ما خطوات البلاد المقبلة؟
mcYlfUOiDRY حادث مروع بين عدد من السيارات الكلاسيكية الثمينة
md6ythoQoL8 بعربة \
me9laQoIjDU الصين تحجب بث CNN خلال عرض تقرير عن أطفال مفقودين بشينجيانغ
metYny3h1JQ مراسلة سي أن أن داخل كهف بتايلاند لتجربة المخاطر التي واجهها الأطفال
mf5c4ybLBO4 عندما تخطط لزيارة إيطاليا  هذه أجمل 10 فنادق فيها
mfGPZxCFzjE معلومات ووقائع \
mfIEAHMl4IM السمبوسة.. مثلثات ذهبية لا تفارق مائدة الإفطار .. فما أصلها؟
mgwAhvPJoy4 مطاردة زعيم داعش \
mhNyWHJjXF0 \
mhUJTRcTq5E مصور هندي وثقت عدسته نمو دبي على مدار 50 عاما
mhoofSgY8Dc الروبوتات الطائرة تتجاوز أفلام الخيال
mihg9pKSRyg لقاح فايزر ضد كورونا.. إلى متى تستمر الحماية؟ ومتى نحصل عليه؟
mj3WuAbmTF4 رئيس أول بنك إسلامي بسلطنة عُمان: فرص النمو كبيرة وللمرأة حصة
mlT580-ZjH4 مع هدوء عاصفة الحزم.. غليان بخليج عدن بعد اقتراب سفن إيرانية
mldUdYP7Ifg فريق جو بايدن يتبع خطى المغني إلفيس بريسلي بشأن إنتاج اللقاح
mmMzK5artOs طائرة بدون طيار بحجم العصفور يصعب رصدها
mmW_dWiU-JY باحث: لا حل في سوريا سوى التقسيم الطائفي
mmv7HQFCE3w فاجأها بطلب يدها للزواج على شاطئ بهاواي
mo7KZcW2DOo شاهد ردة فعل كلب اجتمع مع مالكه بعد فقدانه
moPGcMGez8U قريباً.. سيارة بدون سائق ستوصل طلباتكم إلى المنزل
mp2sRwJTUAA حرب سوريا سرقت حلم عبد الرحمن وساقه
mp4x16NEg-k هل تعرف عن هذه الخدعة لكيفية تناول النودلز؟
mpziRhcV2lE ما هي أقوى جوازات السفر وأضعفها؟
mrE52a3Ymso \
mrM3QJmdQRQ جرّب منقوشة الزعتر الباريسية
mrXNKz69zkk أطباء ينصحون بضرورة ارتداء الأقنعة أثناء ممارسة الجنس
msC6CnxCR8I سباح أفغاني من ذوي الاحتياجات الخاصة يتحدى إعاقته
msgtfXvLn-c ثلاث مدن سورية تخوض نفس المعركة الشرسة
mstyNEA9FGs أب يلقي طفلته في البركة لتلقينها درسا
mtP7Y7SJQK4 لماذا يُعد شرب الشاي بكأس فخار أفضل بكثير؟
mtx-2cbtfew الانفلونزا \
mtzFh03oOSc تعرفوا إلى التداول اليومي وكيفية تجنب مخاطره
muHmJ1oH810 لماذا عاد العنف بقوة الى العراق؟
mudkE_Dg_jk \
mujq8samZx0 متهمة ترامب بتقبيلها: لست مصدومة بوصفه إياي بالكاذبة
mwayEdfiy-M \
mwexyhH1f-Y أحكام مجزرة بورسعيد خلطت المشاعر‎
mxFp2UHK2oA رسمة لجنين أسود في الرحم تجتاح الانترنت..ما سرها؟
myKqb0aACxY 5 حلول ونصائح للسفر في عام 2020
mzp_dO5pjow كاميرا CNN ترصد كواليس ما حدث في طائرة بابا الفاتيكان خلال رحلته للعراق
mzrILXsbYLY مبنى أبل الجديد.. أجمل وأفضل مكان للعمل في العالم
n08dVkr3Q5E كلمة كوشنر من ورشة البحرين
n2IyaetS5No أوجه الشبه بين ديكتاتورين: بشار الأسد وكيم جونغ أون
n2kx-jBavg8 بعد هجمات إيران.. ماذا قال وزير الطاقة الإماراتي ل搌NN؟
n4Lu-jGYgNc جدل متصاعد حول \
n4SSuHUiVjU ذكاء اصطناعي من \
n4dHA1D9a3U داعش بنظر الأكراد.. بين تهديد ووعيد وبين أمل عودة الحياة السابقة
n4wroXh67Aw راحة لا مثيل لها بعد تجربة الشاي اليابانية هذه
n61hoc57HaE هل طلبت أمازون من موظفيها حذف تطبيق تيك توك؟
n6vT2VYr12g تعليق سياسي نادر.. كيف يرى بيل غيتس رفض ترامب الاعتراف بالخسارة؟
n7PCxUTEUZs هكذا تحولت صوامع مهجورة إلى أكبر متحف في الهواء الطلق في العالم
n7cxgeerMXg مولود يزن أكثر من 6 كلغ
n9hEHw-1HnA شاهدوا هذه اللوحات المتحرّكة المرسومة بقطرات المياه
nAlSCcgl2IQ تشيلسي وأتلتيكو مدريد.. أسرار هزيمة سيميوني أمام توخيل
nBUp_QNrc3A كيف نجحت بيروت دائماً في النهوض من تحت الرماد؟
nGJUDF7xgko إبداع مربك.. فنانة \
nHB4hQZRQKM مغامر يؤدي قفزاً خلفياً بارتفاع 10 أمتار على جناح طائرة أسرع من الصوت
nHPc9RKdMGw استكشف آخر زوايا الأرض \
nJQjQ4kR_Xk الملكة رانيا ل搌NN: المساواة في حق الوصول إلى لقاح كورونا أولوية ضرورية للأردن
nJffuT6f5bs وزير لبناني سابق يعدد ل搌NN نقاطاً لإعادة الثقة بالاقتصاد
nJvfM4OWF2w جهاد أزعور ل搌NN: دول المنطقة واجهت كورونا بفعّالية
nKlNLroDZks منشار يرتد من الشجرة وينغرز في رقبة شاب
nKxjIvj2_0E كيري: لن نسمح للأسد بذبح شعبه
nKyKlWdvO2I هل هذا هو الحصان الأكثر وسامة في العالم؟
nMRyIIucFWE كيف نجحت فيتنام بأن تصبح واحدة من أقوى اقتصاديات آسيا؟
nM_SOFkLpIc قعبور: مهرجان دبي السينمائي في تطور مستمر
nMgn3eEYS80 إدارة ترامب تعلن تخفيض عدد قواتها في العراق وأفغانستان بحلول 15 يناير
nMyeUJD-6ZE هل الحب جيد لقلبك؟
nN7_avo-eNQ حزب الله.. وعود بتجاوز \
nO5qBmou6E8 الملاجئ..الملاذ الآمن لأطفال عسقلان
nOM6sj2mgpo رئيس منظمة الصحة العالمية: \
nOTv3I3aPnI تلبية المتطلبات التكنولوجية..سر نجاح الشركات الناشئة
nOec1trXPp0 قائد شرطة هيوستن: يجب على ترامب أن يبقي فمه مغلقاً
nOpxiTPh14o مراسل CNN أمام مطار أنتونوف بعد اقتتال بين قوات روسية وأوكرانية هناك: يظهر مدى اقترابهم من كييف
nOr6gWZT21o ‎‫هل تعتقد أن الغارة في سوريا مقدمة لعمل عسكري ضدها؟‬
nP2HNzuRaOI نساء استونيا يحملن السلاح تحسبًا لهجوم عسكري محتمل
nP9vy755dvQ كيف خسر روبرت أكثر من 300 كلغ؟
nPLomiYg8Ik تكنولوجيا من \
nPziWpoNkKA ما الذي تفتقده سعاد عبدالله وسط قيود التباعد الاجتماعي؟
nQ5lHZtwUD8 في آخر رسالة كتبها قبل وفاته بكورونا: \
nQHnN-hxXnU وسيم يوسف يرد ل搌NN على عثمان الخميس ومهاجمته \
nQRR3aA4sVg مراسل CNN ورئيس أوكرانيا يركضان قرب حدود روسيا.. ماذا يحدث على الجبهة؟
nQXTTuNnRcI جولة 60 ثانية مع عشاق الشتاء والينابيع الحارة في اليابان
nR0Y6-0p2s8 تحذيرات من أن موسم الأنفلونزا المقبل قد يكون أسوأ ما شهدناه على الإطلاق
nR4xwo-_G90 عام على الانتخابات الأمريكية.. هذا ما حدث داخل قاعة الكونغرس بعد محاولة انقلاب ترامب
nR8zTTKqXzg كيف وظفت كوريا الجنوبية التكنولوجيا للسيطرة على فيروس كورونا؟
nRC1sZ-oung مستشار الأمن القومي الأمريكي: نأخذ تهديد داعش بمهاجمة مطار كابول على محمل الجد
nSacwLe_-eE بعد الصافرة.. النساء يخطفن الأضواء في كرة القدم بإنجازين
nT8WRNZBaEk شعور لا يوصف.. طبيبة أمريكية تتحدث عما تشاهده خلال يوم واحد من وفيات كورونا
nV9TXogQ4QA أوكرانيون يتزاحمون الى أنفاق محطات المترو هربًا من القصف الروسي
nW5rH0cNQlI 5 خرافات عن فرص العمل
nXCDJei19cQ حيوان أليف جديد لرئيس أمازون.. كلب روبوتي
nXqU4Tjw1BE فيضانات افتراضية تغمر المدن في جميع أنحاء العالم
nY07XFkKCYQ نائب رئيس \
nYD8FTHLCns كيف علقت متحدثة البيت الأبيض على إشادة ترامب بتصرف بوتين مع أوكرانيا؟
nYhd3DvGvCo القيادة بدون يدين.. كاديلاك تأخذنا خطوة إلى المستقبل
nZ8WGVVb9xU ما سر وجود الطربوش باللباس الإماراتي؟
nZRM6JTDyIM تناول الحشرات كطعام.. إليك ما تسعى له هذه الشركة
naMVTBEy6TA هل يكون ممنوع التجول بداية \
naiObqho3DE \
nbYHtpaE-tY . \
nbbY-6fPGMY نيويورك بأعين تطبيق انستغرام الجديد
ncmFTKK8OLs سبب اختفاء الطائرة الماليزية
ndcBb7kgDO0 شركة طيران تقدم أداة تسمح للركاب تجنب الأطفال الرضع
ndwY30uBacw في إندونيسيا.. تعديل دراجات \
neg35r8Aqis ‎رجل يرسم وشما على كلبيه للتعرف عليهما
nf97SblcExM في قطاع الأعمال.. النساء الأكثر تضرراً من آثار فيروس كورونا الاقتصادية
nfEiKaNFOTI ابتكار تقنية جديدة تتصل بالهاتف يمكنها القضاء على فيروس كورونا بسرعة
nfsHGb6-7OU لا عمليات تجميل للبشرة بعد اليوم
ngLqwu272nE حفلة ترحيب استثنائية.. شاهد لحظة وصول رواد فضاء إلى محطة الفضاء الدولية
nh-mk2mgaYA بعد الفرار من أوكرانيا جراء الغزو الروسي.. هكذا تبدو الأوضاع على الحدود في بولندا
nhP-QwmsmV0 خاصل لـ سي ان ان.. تصويت انفصال كردستان يعقد الحرب ضد داعش
niH3wYqa_3I التجربة الأولية لوسيلة التنقل المستقبلية
niZX2psXNmo عارضة أزياء مصرية تؤسّس لتيار جديد من المعايير الجمالية
njsVIwa2XEI شاهد السحلية الوحيدة \
njtaMqlkA3s متعة بدرهم واحد.. جرّب خبر النان الافغاني في دبي
nk1VUXCh3zE خزان غاز طبيعي في ألمانيا يتحول لوجهة لعشاق الغوص
nkXyeuOalSQ ماذا ترتدي لاحتفالات ليلة رأس السنة بالمنزل؟ إليك نصائح خبراء الأزياء
nkckvEbuamY زيادة الإقبال على الأسواق في إقليم كردستان مع اقتراب عيد الفطر
nl8C32lShJg مع فوز ليفربول بمبارياته ال搃 الأولى بالدوري الإنجليزي.. هل نشهد استمرار عهد أنفيلد؟
nla0vNKYYG0 هل يصبح الشرق الأوسط مركزاً للطيران العالمي؟
nls7qD-QNeE رياض محرز.. هل يجب أن يرحل عن مانشستر سيتي؟
nm4RfAGk_1I مصور فرنسي في دبي..ما هي أجمل الصور التي التقطها؟
nmJaE_xOr6I خروف غاضب يناطح طائرة بدون طيار
nmbGMu3ebM8 فيها أكثر من 42 ألف نبتة.. زر \
nmruwm9udm4 3 طرق غريبة وبسيطة لتغليف الهدايا.. كيف يقدمها مشروع \
nnsG8Io6mms امرأة في ال񤂐 من عمرها تتحدث عن تعافيها من فيروس كورونا
np0Z5-ET95k ما هي مبادرة Hyperledger؟ وكيف تساهم بتطوير \
np1GAcb_HG8 صراع تيغراي.. شهادات لأول مرة وسط التعتيم الإعلامي
npJQZud5Oiw ما الفرق بين السوفت فورك والهارد فورك في العملات الرقمية؟
nq8qqoFqNv4 الهروب من الموصل.. بين جحيم القتال وقسوة حياة اللاجئين
nqPjxWgVah8 أكبر قاعة عرض ديناصورات في العالم في الكويت
nrrHwaXZkDc المصري عمرو سعود من التحرير الى الأولمبياد
nsev7mN6Te8 سماعات أذن غير اعتيادية.. تعزل الأصوات المزعجة وتوقظك بالصباح
nskf9PpW6ss حصري ل搌NN.. لقطات نادرة للقتال بآخر ثكنات داعش بسوريا
ntNBQ8rzy5Q ما السر وراء تعدد المهام؟ وهل المرأة أفضل من الرجل فيها؟
ntefKW5wWq0 بعد النساء.. صالونات لنزع شعر الرجال بالواكس
nvf17DjfxcU الكابوتشينو والحلوى تحتوي على الذهب في الإمارات
nvmP04lW64I إسرائيل عالقة بين مساعدة دروز سوريا ومعالجة مصابي المعارضة
nwd-uEEGffA أكثر تسمية يكرهها تنظيم الدولة الاسلامية
nx5iNKo5nv8 جولة في أجمل الأماكن في هونغ كونغ
nxBxqqMYu2A هيتو: هل ننتظر المزيد من الخطوط الحمراء؟
nyQu5WV5DKw طائرة الأحلام هذه ستكون ملكك ب񤁴 ألف دولار في الساعة
nybyCtxC5Mc الجيش المصري ينتشر بشمال سيناء
nyhA4FcLgrc ما سر دعم بعض البنوك والشركات لعملة ريبل الرقمية؟
nzGoX3PzWXQ اكتشف ديراً \
nzm_O44EWxg اغتيال العالم الإيراني محسن فخري زاده خارج طهران.. إليك كل ما قد تود أن تعرفه
o-DHn2ccpho كم قطعة من الليغو تحتاج لبناء برج ساعة مكة الملكي وبرج خليفة؟
o0-S05_rv5Y الأمريكية من أصل إيراني مسيح نجاد تقول إن نظام طهران خائف منها.. ما السبب؟
o14VMUZFPp0 5 خطوات لتحقق أهدافك للعام الجديد
o15jsBfN2_s احتجاجات بميدان التحرير بعد محاكمة مبارك
o1_WEsVsCIk القضاء يزيل التقييد عن كتاب لابنة شقيق ترامب: كيف صنعت عائلتي أخطر رجل في العالم
o1rQ8N8ROwE من ظهورها الأول في السبعينيات.. ما تاريخ مجموعة ال搇 وماذا كانت تسمى سابقًا؟
o24dWa28uF0 مناظر مرعبة لاعصار الفلبين من الفضاء
o24l0t3Q_eQ موقع أهل الكهف في الأردن
o2PIdSKsn0k تعرف على مرسيدس EQE الكهربائية ب حصان
o2S5ghxqYKg لقاح \
o3-GocaI18E أبرز 5 أجهزة جديدة أعلنت عنها أبل
o3sgQAueljk أعضاء هذه الفرقة الموسيقية عبارة عن روبوتات
o3yJEfF9lps تلكلخ.. حصار وسط وقف لإطلاق الرصاص
o4mBVqo0L54 وزير الصحة الأردني ل搌NN: قد نتمكن من احتواء فيروس كورونا في غضون أسبوعين
o75gwkvlF0c منتج \
o76-IdfKDRQ الكشف عن التصميم الجديد لتاكسي دبي الجوي ذاتي القيادة
o7Qy6aWPUfI كيف أنعشت جائحة كورونا تقنيات التطبيب عن بعد؟
o7Rka4eLWrs حصرياً: \
o8LylSoG4qA رئيس الوزراء العراقي يشارك في تشييع قاسم سليماني والمهندس
o8Sh3HYquc4 امرأة تتغلب على إدمانها وتساعد المشردين في لوس أنجلوس
o8u8dW3RE2k قد يكون أغرب مجتمع بالعالم.. حيث يعيش السكان بمنازل القوارب
o9BITyAsmxQ أول مشوار... الاكتئاب
o9SkWQ924T8 الأميرة لمياء آل سعود: الوليد للإنسانية خصصت 30 مليون دولار لمواجهة كورونا
oBkARDF6fAM كيف تؤثر داعش بالعراق على دول الخليج والمنطقة؟
oC7qFmu2E00 نساء العراق يتجندن للدفاع عن بغداد
oCX12OQtd_k مراسل CNN: سياسة السعودية والإمارات ستشكل تحديًا لأمريكا
oDCjgROUFc0 فرقة \
oDDz9HMTWVo أبرز أسباب تراجع الاقتصاد الأسترالي في الربع الثالث من 2018
oDpwnwpFG5Q عبر عربات كهربائية.. اكتشف أجمل جبال العالم في سويسرا
oEUiiJ9e6ZQ “عرض ضوئي” غني بالألوان إثر عاصفة جيومغناطيسية
oEtbiYtVMf0 لامبورغيني تكشف عن سيارة بقوة 819 حصاناً.. لا يسمح بقيادتها على الطرق العامة
oEwoAyOCYV4 جنرال أمريكي سابق: صور القافلة العسكرية الروسية الطويلة تحمل أخباراً جيدة للأوكرانيين
oFIm3Kd-Oo0 اعتقال 3 فتيات أمريكيات اثنتان منهن سرقتا أسرتهما للالتحاق بداعش
oFXGd5Jc3Eo مصور وبطل العالم في سباق الدراجات.. كان يحلم أن يصبح لاعب كرة قدم محترف
oFsAaCnKiOM هذه وصفة \
oGu-tX7Ii2Q زوج أوز بمواجهة غوريلا، فمن الفائز؟
oGyszH5jqhs أول روبوت في العالم يقرأ عاطفة الانسان
oHEbxLKmiRo تايتانيك تعود إلى دور السينما ثلاثية الأبعاد
oHd_s871OUY ترامب يستمع للقرآن بمراسم في كاتدرائية بواشنطن
oIXpwWjP6S0 زيباري: العلاقات بين السعودية والعراق \
oIuSOWKWSos من هو صاحب فكرة الفتحة الدائرية في وسط الدونت؟
oJPjWrPttec أغرب ما قد تجده في براغ عاصمة التشيك
oKEPzqyJmng إستمرار التوتر بين الخرطوم وجوبا
oKSF_bvXiOw أغرب ألوان الشعر على يد مصفف المشاهير هذا
oKyAmpbDGQE تناول موزة وعد أنفاسك.. بعض نصائح النوم من مستخدمي \
oMhzhLU__NA الراب \
oN7z1n2uPrY فظاعة الحرب في سوريا تتزايد
oNl1gdpVXQs هل تصدق ؟ امرأة ترضع جرواً من ثديها
oPhEJl4_hYA مطعم عائم يوفر مشاهد خلّابة جنوب المحيط الهادئ
oQRawPZjKSo غرائب .. مسابقة للمشي على الماء وكلبة تحتضن القطط
oQZQovLN4Gg ما هي تقنية \
oRhGeAX6U20 أبرز الأفلام من السودان عرضت في \
oS6e57k45I0 مزاد ضخم يعرض مقتنيات أفلام شهيرة في لندن
oSPsc8XsHTM خبير: الطائرة الماليزية ربما تكون سليمة في قاع المحيط
oTBF4a975II طالبة تحاول تخفيف معاناة أطفال نازحين بالعراق عبر الرقص
oTP2p6rEHPg سباق الخيول كما لم تره من قبل
oTvY7BIFDy4 غموض يلف وفاة \
oU9nzG9pwPk يوم حزين في البرازيل.. حريق يدمر متحفا يضم قطع آثار مصرية
oUEGyY2OA8c أغلى ابتسامة في العالم
oUZbZhZSqCk هل عملة فيسبوك \
oUhNLj0VoKQ تكنولوجيا لن تتوقعها .. طائرة بدون طيار لخدمتك
oUlv0GKy6sA معركة بين صقر وطائرة بدون طيار في صحراء دبي
oUqMHYF0U5g محلل يشرح كيف تعيد داعش رسم خريطة الشرق الأوسط
oV8tArGKjRs سامح شكري عن \
oVFNtMKPnbc سمكة الأسد تهدد الحياة البحرية.. والحل قد يكون في لذة طعمها
oX5wIdEopzo السياحة تزدهر في ايران
oXF5_Lf4WrY كيف سيكون شكل التنقل في المستقبل القريب؟ الجواب يكمن في 4 كلمات
oX_aduy-MC8 هل تريد أن تتمرن مع نيمار؟ الآن أصبح بامكانك فعل ذلك!
oYK5VG2lb2s وسط تصريحات إيلون موسك الكثيرة.. عملة بيتكوين تتأرجح بين مطلوبة ومنبوذة
oYNj8_31LJ4 كيف نحضّر وجبة عشاء صحيّة لا تؤدي إلى زيادة الوزن؟
oZKpVw78LSU هكذا يمكنكم التمتع بالأيس كريم بشكل صحي
oZX3uQ7f7bw بعيداً عن الملاعب الخضراء.. رجل يبتكر نسخة فريدة من الغولف في شوارع الأحياء الفقيرة
o_hNAxvnvBQ ضغط جسدي وكشف أعضاء.. نساء يروين قصص تحرش بعالم التكنولوجيا
o_ldj5ahpGk فيلم \
oa5Zz0TqEYA سعودية تتحدى بأنها ستواصل القيادة في الرياض
oaCDEXqBURI أبوعمر الشيشاني.. جندي جورجي أصبح رمزاً لداعش
oaLJhzB-qp4 أفغانيات يعانين من ظلم المجتمع والقانون
oaQ5y6ZcQyI \
obADEhXF18k هذه بعض الخرافات الأكثر شيوعاً حول فيروس كورونا
ocVlTtzj0p4 أغرقت بلدات بأكملها.. جنوب السودان يتعرّض لفيضانات غير مسبوقة
oeBZr6BVYqM إليكم كيف ستبدو الموضة في عالم ما بعد الوباء
ofAqAE2hG6I أكبر مركز تجاري سيفتح قريبا في أبوظبي
ofN1bjzgOIg في منزل إماراتي.. كيف تستمر أجواء رمضان في ظل فيروس كورونا؟
ofuNYq9bWGY كيف أثر فيروس كورونا على المصارف وعملائها في منطقة الخليج؟
ogC2m280CPU شركة ناشئة تعمل على جعل النحل أكثر ذكاء.. ما سرها؟
ognufTquE6I كيف تم تحريك جزء من السفينة العالقة في قناة السويس؟ إليك كل ما قد تود أن تعرفه عن ذلك
ohGwwjzUSoQ لماذا قد يتأخر إعلان الفائز بانتخابات الرئاسة الأمريكية؟
ohP6GTuevOM لعبة الغولف تغير حياة محاربين قدامى مبتوري السيقان
ohWRliVYDSk مشهد طهي مزدهر في دبي
ohYCi27Yxjs تتحدى الجاذبية.. زر شلالات إكسبو 2020 دبي السريالية لخوض تجربة منعشة
ohdSeNz9qWg ما هو الذهب الأخضر ولماذا سينقرض؟
oi1EPiVCEG8 فيروس كورونا.. كيف تسبب ترامب في اختفاء الأدوية؟
oihFTckGruI الأمير علي ل搌NN: هناك استفزاز من بعض المسؤولين للجماهير
ojz8jQGmmpQ بعد الهجمات الصوتية الغامضة.. هل يعيد بايدن فتح السفارة الأمريكية في كوبا؟
olEscT1F-mk ما هي الفياغرا العشبية؟ وما أضرار عقاقير تحسين الأداء الجنسي؟
omfbzNB_6sE كيف يمكن للمزارع الرأسية زراعة النباتات الاستوائية في درجات حرارة دون الصفر؟
onkdMD8-WT0 مدبرة منزل غير موثقة تصف العمل لصالح ترامب
onktK-71e2o مصافحة تاريخية بين بايدن وبوتين في جنيف
ooT9u9pBnJU ماذا يريد الشعب المصري من رئيسهم الجديد؟
op7lWQbQv_Q عشاء رومنسي \
opJvs5BuSUk الأسد: سوريا بحالة حرب حقيقية
oqwmQBx_7kg وسط شوارع مهجورة في أوكرانيا.. مقهى للقطط يرفض إغلاق أبوابه في ظل الغزو الروسي
oqxU27SsSMY ما هي عملة فيسبوك المشفرة \
orbD2k8ogOk الدكتور فاوتشي: فيروس كورونا تغير.. والسبب الأساسي لتلقي اللقاح هو إنقاذ حياتك
osRtYsP8Ei8 بعد حريق موريا.. من أكبر مخيم للاجئين في أوروبا إلى التخييم بين \
osnjNO80qoo كيف يمكن أن يؤثر نظام نومك على محاولاتك لخسارة الوزن؟
ot5_NLbfF1w أسرار تفوق ريال مدريد على برشلونة في \
oujmOs0lN68 طائرة \
ox304cKBtPg دراسة: التخلص من آلاف الكلى المُتبرّع بها سنويا في أمريكا
oy5NsUMiSqM مأساة على الهواء.. في معرض إسبانيا الجوي
oy7RcGGaOYI 5 خرافات عن الاكتئاب اعتقدنا أنها حقائق
oyZQ2iGSz8M هكذا سيؤثر ارتفاع قيمة بيتكوين التاريخي على المستثمرين العرب
oyrBtpFcd5w وعد الخطيب ل搌NN حول \
ozsjbBHQC18 طباعة ثلاثية الأبعاد لقبر فرعوني في سويسرا
p-JRGxmFEZA علماء يطورون مبيد حشرات يُستخدم للقضاء على كل أنواع الحشرات
p-QqDWMkHJ8 تداعيات وأسباب تعليق البرلمان في بريطانيا على خلفية البريكست
p0VoUYUpuWo بيلا تيك أول فريق مكون من الإناث بالكامل لرياضة \
p1qn1PvVD6E كيف يمكن أن تتعامل دول المنطقة مع حالة الركود التي نشهدها وسط أزمة فيروس كورونا؟
p2-dvWyavjk أوجاع الصداع النصفي.. علاجات منزلية للتخفيف منها
p2V5_34qW1k فتاة أمريكية تزرع ثدياً ثالثاً
p3AWN1jhU8A محاكمة علنية لمرسي بأحداث الاتحادية
p3NKA639nXA هل تحل هذه الطائرات الورقية مكان توربينات الرياح التقليدية؟
p3mObYgFpnc انهيار تاريخي لليرة اللبنانية.. وخبيرة تحذر: حدود الأزمة النقدية متفلتة تماماً والعملة في سقوط حر
p47cR2TKl84 ماريا معلوف: عائدة إلى لبنان وليحاسبوا نصرالله
p5RayKTKnt0 مؤيد سابق لمؤامرة \
p6KXDnmAPNU تمارين رياضية للحد من التهاب المفاصل الروماتزمي
p8vOWPEYw1w امرأة تكسر زجاج السيارة بيديها لتنقذ طفلا بداخلها
p9GgNyN1miA شركة سيارات إيطالية تصنع سيارة \
pAORHjUpMBk 3 أنواع من المياه..ما هي الأفضل لتناولها؟
pAqJWe8ztZg شركة حوّلت تسليم الطلبيات عبر طائرات الدرون إلى حقيقة
pCMZ1-vbrqs بعد تسلمها منظومة S-400 الروسية.. كيف سيتغير نفوذ تركيا؟
pCj6r51Nddc كيف تتم عمليات \
pD4tEwxHeJI وزير المالية السعودي: وصلتنا بعض أموال مكافحة الفساد.. والتسويات قبل المحاكمة أمر طبيعي
pDfutprYh3U كل ما عرفته هو الحرب.. طفلة سورية تقدم ل搌NN نظرة على يوم في حياتها
pDjXrfkFvBg ماذا يحدث عندما يتعانق الدب والأسد؟
pDnC_YBfuHo رغم قيود إسرائيل.. مصنع \
pDt-ABI3fps كيف أثر فيروس كورونا على ممارسة الشعائر الدينية حول العالم؟
pE3aBFAkzIk من هو قاسم سليماني ولماذا يشكل موته ضربة لإيران؟
pE6ws69vHs0 اتفاق تطبيع العلاقات بين الإمارات وإسرائيل.. إليكم أهم بنوده
pExlzbO35fE صدمة ما بعد انفجار مرفأ بيروت.. كيف يتعايش الأطفال مع الكارثة؟
pFCRxAEiaZQ تعرف إلى فناني عصر ما قبل التاريخ في أذربيجان
pFy5HhhMAJo سيدة لم تعلم أنها حامل إلا لحظة الولادة
pGNpCFhpMls هل يتلقى مرضى السرطان لقاح فيروس كورونا؟ طبيب يشرح
pGsCxvkhw-0 هذا الروبوت ذاتي الحركة قد يقرع بابك قريبا
pH7pnJdND4c كيف نختار أطباقنا في المطاعم من دون خوف من زيادة الوزن؟
pHwzjDZOI6M لا يستخدم التخدير العام..كيف يسكّن طبيب بالمكسيك الألم في غرفة العمليات؟
pHxvRUP3OsQ مطارات دبي تستقبلك بخدمة مجانية عند الهبوط
pI4JX05u8lg لم تجعل حجابها عائقا.. الرياضية سارة مدلل تحترف الباركور في أمريكا
pIgyMyVY4Us الرئيس التنفيذي لمطارات دبي: هكذا أخطأت حكومات العالم في تعاملها مع جائحة كورونا
pK66_RsCpp4 من دبي.. يوتيوب تطلق أول مساحة إبداعية لها في المنطقة العربية
pKRyiozDpGI \
pKee01JlbQ8 مايكروسوفت تكشف عن منصة الألعاب “بروجكت سكارلت\
pKfvaDSjnvY لعشاق المغامرة والتحدي.. أسرع \
pLPStYPupgc ما حقيقة فرض شينجيانغ عمليات منع حمل قسري على الأويغور؟
pNMom9sXzJQ ماتت بالسرطان.. محرر في CNN يصف لحظات السعادة والألم في حياة رضيعته
pNQDiGwsxsQ متى سنعرف إذا كانت لقاحات كورونا تحمي من السلالتين الجديدتين للفيروس؟
pNXQj_-I7sg مما تكونت وجبة الطعام على متن سولار امبلس؟ وما الذي منعها من التلف؟
pNo0-97W-jg ما هو سبب تكليف نتنياهو بتشكيل حكومة رغم تقدم غانتز؟
pO2X8rCk-j0 بعد شكوى مدرب الهلال.. لماذا يجب تغيير نظام كأس العالم للأندية؟
pOgIQr2dYhw منهم عراقيون وسوريون.. آخر مستجدات أزمة اللاجئين على حدود بيلاروسيا وبولندا
pPJWEa44obg اكتشف مطاعم ومقاهي مدينة “بالو ألتو” في شمال كاليفورنيا
pPUzhelmkxk جو بايدن يتحدث عن طموحاته الرئاسية مع لاري كينغ عام 1987
pQfuq3B_Ujs هذا ما حدث لعارضة أزياء نشرت عنوان بريدها الإلكتروني بالخطأ
pT28uwVx5M8 بيع شعر إلفيس بريسلي في مزاد علني.. كم وصل سعره؟
pTkZSKQp-0o سحر نصر ل搌NN: رسالتنا واضحة.. مصر تفتح ذراعيها للاستثمارات
pVVoHyGuoRw البابا غنوج.. من هو غنوج وما قصة هذا الطبق؟
pW10y_ycc3s لماذا يلتزم بشار بنفس النص؟
pX5_iuhC5X4 الأردن يفتح أبوابه لدول الخليج والعالم للسياحة العلاجية عبر منصة \
pX_QJW2wI6w صناعة الآيس كريم.. الأكثر إسعاداً لسكّان الأرض
pXrON0PkD-0 أزهار من اليابان في الفضاء وعمق البحار وعلى الجليد
pZHPf-UhXUE لماذا لا نكترث بظاهرة تغير المناخ؟
pZOEBd3OGig هذه الوجهة السياحية هي \
pa66s3L29Co جدل في أوكرانيا بعد مطالبة مجندات بارتداء الكعب العالي
pa8tGNt7Ox4 السعودية تستعرض قوتها الجوية في اليوم الوطني 89
pb5CsJ9RD9k طرد معلمة تعرض أزياء فاضحة
pd_RTTkzdkA مصانع غزة.. تعاني شللاً مستمراً
peLH36QlWFU لم تستطع المشي أو الكلام لأشهر.. امرأة غير محصنة تمضي 65 يوماً في غيبوبة بعد تشخيص إصابتها بكورونا
pfayOFSH7lw السوريون ينتظرون \
pfsTtWVxhN0 سخط شعبي على مرسي بمصر
phEuhvElx_A كيف اتفق الفرقاء واختلف الأصدقاء حول قرار ترامب بشأن إيران؟
phe2AWvtKqw تحذيرات من موجة ثانية من حالات الإصابة بفيروس كورونا في أمريكا
piAPSz6JAWI حل للطاقة النظيفة قد يساعد المناطق النائية زراعياً واقتصادياً
piMt0IsA9K0 فيديو يرصد لحظة تصفية زعيم داعش في سوريا
piPvmNaPn3U مخاوف من بؤرة ثانية لفيروس كورونا في السعودية
piTake_sFIM مريضة بفيروس كورونا خضعت لعملية زراعة الرئتين تصف كفاحها مع المرض
pibj0FXJ8LI لحظة القبض على روجر ستون أحد مساعدي ترامب
pjV-Zmn5_rE هل أخطأ إردوغان حساباته في سوريا؟
pjoz59g6CcY طفلة تخترق الحشود لتحية البابا فرنسيس.. وهذا ماحدث
pjqhsr_ejew ثغرة فادحة في \
pkiDYm2RYPo زيلينسكي: منح أوكرانيا عضوية الاتحاد الأوروبي تدعم مواجهتنا للهجوم الروسي
pm0PsbEVCdg تركيا تتصدر ومصر تتراجع والسعودية الثالثة.. أكبر 10 قوات جوية بالمنطقة
pmPlV22G2LE تركيا تربط آسيا وأوروبا بأعمق نفق للسكك الحديدية
pmXWiaJR2zY فوق بركان خامد بإحدى جزر أيسلندا.. تجربة للعب الغولف ليس لها مثيل حول العالم
pmZJ_zO9Po4 استخدام طابعة ثلاثية الأبعاد لصنع مستلزمات طبية لمكافحة كورونا
pmpm9E2WOCc حمى الانتخابات في مصر
pntEIDCl8Z8 كيف تقدمت مصر القديمة في المساواة بين الجنسين؟
poGJWtPk55o موسكو تعلن عودة قوات روسية لقواعدها بعد انتهاء تدريبات
podS8p2AGaI ترامب يستقبل الكلب \
polbDsMUy8g لعبة نيوتن مفاجأة الموسم و\
pp-unGOaWyQ بعد شهرين على اختفائها: هل سيتم إيجاد الطائرة الماليزية؟
pp3EZeWvG7o نواف التمياط: لا أقبل ألا يترشح محمد صلاح للكرة الذهبية
ppjpirr_Vzk بهذه الدولة.. لا يؤمن الكثيرون بوجود فيروس كورونا
pptcWvpICxI هائلة للسباق.. لكن هل يمكن قيادة فورد شيلبي GT500 يومياً؟
pq13Xs_paow مذيع CNN يسأل بايدن: هل ستأخذ لقاح كورونا علناً؟ هكذا رد
pq4hb_GjvQM هنا يتردد الشيخ محمد بن راشد للاستمتاع بألذ الأطباق الفاخرة في دبي
pqvy555t3bA كيف قامت CNN بتغطية أخبار نشوء الهواتف المحمولة في عام 1982
pr6aUXWRPWk بعد \
prPw5UKQ7X0 شاهد كيف سغير الجيل الخامس للاتصالات 5G حياتنا
psHIftTw998 أغرب استقالة على الهواء من مذيعة أمريكية
psIAhlVdQQs أول منشأة للصيدلة الحيوية في المنطقة العربية
pt9_c24I854 روبوت يوصل أغراضك لمنزلك
pt9xsb0hT3Y عدسة CNN في مخيمات النازحين الفارين من نيران القصف في إدلب
puC6fNq3r_w كيف تساعد الفلافل أحد الناجين من الهولوكوست؟
pv5RMlKY0mE \
pv6HGjI1H50 إحذر هذه الأخطاء عند استثمار أموالك
pvyVMOzbj68 تعطل المصعد .. فركبت العجوز على ظهره ؟
pwcnCJN1G_Y الرئيس البرازيلي: آسف على ضحايا فيروس كورونا لكننا سنموت جميعاً يوماً ما
pxe9FEJL3Xc عدسة شبكتنا تتابع \
pydDizFZhwI على مائدة رمضان.. طعام إماراتي وبحث عن السعادة مع هالة كاظم
pzyqJ_0IN20 \
q-3CjNVgAcM هاتف ذكي يحمي صاحبه من الموت
q0bv3ShS_qg دراسة : الحيوانات الأليفة قد تزيد من مناعة الأطفال
q16O02G5YsE مراسل شبكتنا يرصد تسارع عمليات الإجلاء من كابول وأول هجوم على المطار
q1Nll0rYBNk هذا ما فعلته عشرات طيور النعام الهاربة في شوارع مدينة صينية
q1pKb_bmREk عمر حافظ: للبنوك الإسلامية دور برؤية 2030 ونناقش قطاعات سعودية بينها الإسكان
q1yoDdCWglQ الفن السوري المعاصر يعيش حلمه المكسور في دبي
q23geYXG_Rc كيف يختلف ذوق المشاهير العرب بالأزياء عن الأجانب؟
q2BK-efIeNc بحسب الدستور.. ماذا سيحدث إذا أصبح ترامب مريضاً جداً للحكم؟
q3Lcbr-oLjc خالد الرميحي يشرح التحول الرقمي السحابي للبحرين
q3tyh3BE7GY ما تقييم كلينتون لأداء بايدن برئاسة أمريكا؟
q4J3_pcdRDI الفيلم أصبح حقيقة.. يمكنك الآن امتلاك سيارة جيمس بوند
q4wSIBm-iPI بطلة العالم بالرقص على الخيول
q5Fm711oLHI يوميات يورو 2020.. إيطاليا تكتسح تركيا وتتمرد على تقاليدها
q5NgMeXx0bA لن تصدّق كيف تكوّن هذا النفق في جزيرة هاواي
q77F7dPOQN0 شركة تبتكر سلكاً عملاقًا يبقي الـ \
q7FWoY2jHyo ممرضة في أمريكا عن أزمة فيروس كورونا: لم أشاهد أمراً بهذا السوء طوال 20 عاماً
q7S6CmHl1JU صرير الأسنان.. مسبباته وطرق التخلص منه
q7W1GSP0bLU مشاهد مرعبة لانزلاق التربة
q8meOo76RL8 اعتقال مشتبه برسائل الريسين
q9YJZlUgchE تعرف إلى بوغاتي الجديدة التي سيصنع منها 10 سيارات فقط
q9olYNfXh78 المقريف يزور موقع القنصلية الأمريكية ببنغازي
q9pFyWjnhDk طاهية مكفوفة فازت ببرنامج \
qA2pe6kvTDM كيف يؤثر العزل المنزلي على الحد من انتشار فيروس كورونا المستجد؟
qATNp-XhtMg سيارة غوغل.. تعرف طريقها دون سائق وتتلافى الحوادث
qBGyyK0NjbE 7 نصائح سحرية لتناول ما تريد من الطعام من دون الخوف من السمنة
qBKnIO5mzig بايدن يصف بوتين بالطاغية: التكاليف ستكون أعلى إذا لم نتعامل معه الآن
qCDdzXHL9ic بعد كشفها عن أول لقاح لفيروس كورونا.. هل تقود روسيا الانتصار على الوباء؟
qClldBxeDKA لماذا يتسابق الأثرياء للوصول إلى الفضاء أولًا؟
qDLjWADoWNE شراكة برشلونة وسبوتيفاي تغير اسم \
qDx0kgV8W_g لماذا يطلق على هذا الطبق اسم \
qEcRXN51MLg 3 ألعاب سهلة لمساعدة الأطفال الذين لديهم مشاكل مع الهدوء والنوم
qEeyvWRHiWU الأمين العام لحلف الناتو: الروس يفهمون عواقب غزو أوكرانيا
qEnEVtWUHo0 السنة الكبيسة وتفسير ضع يوم إضافي في فبراير كل 4 أعوام
qFGLcPma05Q انفجار هائل في مانهاتن
qFLBczSPJrY خبير يكشف متى سيكون لقاح فيروس كورونا جاهزاً
qFrvx5Z02hU مسؤولان أمريكيان: لا مؤشرات على المؤامرة التي تحدث عنها العبادي
qFu7g7BKhdQ شاهد.. رد فعل شهود عيان عايشوا لحظات اشتعال النار بمحرك طائرة أمريكية
qGPlAySUu1Q كيف تساهم \
qH_kuM5yJ-k كيف تجهز جسمك لاستقبال الوجبات المتعددة بعد رمضان؟
qIWXTvK9J4U تحرش بزوجة مرشح رئاسي أمريكي
qIejgQz-N4Y أقدم الكنائس بالعالم في هذا المتحف الفريد بتركيا
qJ-oB8vfixM مدينة أوكرانية أخرى في حالة دمار بعد انسحاب القوات الروسية
qK6dVioyxhk أنور قرقاش ل搌NN: لدى إسرائيل فرصة لخلق ثقة حقيقية مع اقتصاد عربي كبير
qKVow0cLA3I نصيحة الخبراء للإقلاع عن التدخين إلى الأبد
qL3-dI2ZLok \
qLAQx-hXHIc فيلم رعب داخل مدرسة في كولورادو
qLJhnH4hO8s لإنارة العالم.. هذه الخدمة تُحول الزجاجات البلاستيكية لمصابيح ساطعة
qM2ZPKZur88 بسبب عدم توفر الماء.. فقراء المكسيك يعانون في مواجهة فيروس كورونا
qM_2uL1Mes4 الرياضة في زمن كورونا.. ما تأثير الفيروس؟
qMrAIbhuiwI أصعب وظيفة يمكن تخيلها في العالم
qMvRhk3wfks توقعات لاحتفالات اليوبيل البلاتيني 70 عاما لتولي الملكة إليزابيث العرش
qNTlAW07rO8 من هي هيذر نويرت مرشحة ترامب بالأمم المتحدة؟
qNhuHCHpj88 مقاتلتان عسكريتان تقاطعان مؤتمراً بالبيت الأبيض فجأة.. ما القصة؟
qNl7NpMPhIc من الأشكاك إلى المحلّات القديمة في مصر.. شاهد كيف يسهّل هذا التطبيق عمل التجّار الصغار
qO1BOWNBFlw أضعف وأصغر ضحايا الحرب في أوكرانيا.. ما مصير الأطفال المرضى ومن ينقذهم؟
qOCDK4dGgvw ماذا يأكل أبطال الملاكمة؟
qOR_MMfu0WQ لا يمكن زيارتها.. غرفة سرية بالفاتيكان تُعرض لأول مرة في إكسبو 2020 دبي
qParPif-dNc كيف سيحقق \
qPwfGD3-500 تركي الفيصل يكشف لـ سي أن أن سبب ظهوره مع رئيس الموساد السابق
qRRj6TVp5hA هل يعتبر تحويل فيروس كورونا إلى ما يشبه الإنفلونزا الموسمية أفضل سيناريو لهذا الوباء؟
qSH0uPQ61zI لحظة إقلاع مسبار الفضاء الهندي إلى المريخ
qSnkWkv2Zl0 رجل يخاطر بحياته لإنقاذ أرنب من النيران
qT-tlDsnyDw اكتشاف 200 هيكل عظمي تحت أرضية سوبرماركت بفرنسا
qT5CUkgVvUg هل سيحور لقاح كورونا خلايا الجسم.. إليكم بعض الإجابات على أسئلة الناس ومخاوفهم
qT5Y4eY99AA ملاكمات أردنيات يحاربن حظر الحجاب في اللعبة
qTfHqbikS_U هل تحلم بأن تصبح رائد أعمال؟ لا تصدق هذه الخرافات الخمسة
qWo7cTOtwxM لحظة إخلاء مكتب سي ان ان في نيويورك أثناء نشرة على الهواء
qWrd7xFxLbM توائم استبدلوا قبل أعوام ليكتشفوا الحقيقة لاحقاً
qWySNPMXysc مصري.. شامي.. أم تركي؟ إليك أصل الكنافة
qZ3R1Glatc0 5 خرافات عن أساليب توفير استهلاك الوقود
qZOzYWrxJgI رحلة لقاح فيروس كورونا من المختبر إلى ذراعك
qZqziB_x1Io الحياة في دمشق في ظل شبح الهجوم
qZzgzsQNuYA مراسل CNN يغادر ووهان في الصين وسط التدافع هرباً من فيروس كورونا
q_Dd-9_fYts نصائح حول كيفية محاربة \
q_gfQIQ5RWg نجوم الغانم: جيوب الخليجيين ليست خزينة
q_kPYA5iWS4 دراسة: التعرض للهواء الملوث يعادل تدخين علبة سجائر باليوم
q_uTjpWV60Y ما هو \
qaXmLDbo11A ترامب للسيسي: آمل أنك أعجبت بي أكثر
qb7CfedhG2g أبرز النصائح لتجنب عضات الكلاب بحسب الخبراء
qd27v8ppGQI كيف تحافظ على بشرتك في الصيف؟
qd2uclnvVPk كلب ينزعج من ثعلب يشاركه ألعابه
qdzljkofurE هذه الشركة تود \
qeHYnTySt88 أبرز مسلسلات الدراما السورية العائدة بقوة خلال موسم رمضان 2022
qf-qqt3D1fo جولة في متحف اللوفر أبوظبي مع الفنانة آلاء إدريس
qfBM9TFF-kY منتجع يتيح لك الفرصة لقضاء ليلة في فقاعة بجانب الفيلة في تايلاند
qfHcAOmEyPs أسوشيتد برس: لم نر أدلة تدعم المزاعم الإسرائيلية بشأن المبنى المقصوف في غزة
qfwMaGFHIeA عشر دول توفر \
qg6cqnn6qVc \
qg7lv7EP5iI طائرات مروحية تُطلب عبر الهاتف لنقل زوار مهرجان كان
qi4HQqW_Ojg مشروبات كوكتيل بحشرات \
qiiSvawUI9E أمريكا أكبر مصدّر للأسلحة في العالم.. لكن من المستفيد؟
qjJ8NCG81-c الإبل في الإمارات تنتج الألبان والحليب بالشوكولاته
qjYyj7Jm5KM ماذا قال نائب أمريكي عن احتمال عزل ترامب؟
qkgSnYfSfok مسؤول كوري ل搌NN: كيم جونغ أون لا يمكنه الوقوف أو المشي
qkrk9ttRTXQ انفصال.. زواج.. وتحولات مصيرية عاشها نجوم الفن عربيًا وعالميًا في ٢٠٢١
qksbHhpDfYo أبرز قدرات صاروخ \
qkub42TnsPA تيك توك تعلن انسحابها من هونغ كونغ مع تطلع واشنطن إلى حظر تطبيقات صينية
qlGPTL8a18E خدعها مقطع فيديو على \
qlzcMYKJA9o جوائز مهرجان البندقية.. أبرز الفائزين
qmHhuigJxq8 طائرات النظام تواصل \
qmRPwoD8pLM كيف جاءت مشاعر الأمريكيين إزاء فوز بايدن وخسارة ترامب؟
qnqRB1uP0io جو بايدن ل搌NN عن تسجيلات ترامب: إنها قذارة
qo4Wcv0HPj0 ترامب يسخر من صحفي لارتدائه القناع.. كيف رد الأخير؟
qovstKfEeTc ادخل إلى المقهى الجليدي في دبي..هرباً من حرارة الصحراء
qpQh8_GlAz4 داخل أقدم متجر متعدد الأقسام في العالم
qrAuXU5IAYA الحديث عن الأحذية يخطف الأضواء في محاكمة عزل ترامب
qrTO_mYPFoY جولة داخل المطار الأكثر ازدحاماً في العالم
qrdC2NaLRKU تقنية الـ\
qs4twx19tRw تعالوا في جولة بجزيرة ماكيناك الأمريكية
qsG7ZM8h0h4 لماذا يجب أن يكون شهر يناير خالياً من المشروبات الكحولية؟
qsYCq5yUUWs كهربائية وسريعة وذاتية القيادة.. هذه سيارات المستقبل
qspO0S9guHE كابتن فنلندا يتحدث ل搌NN عن إيريكسون و\
qtlvpJIV9X0 إيطاليا تواجه مشكلة كبيرة رغم التأهل.. ولوكاتيلي ضد \
qu7UPDjNT6o شاهد كيف منع هذا الشرطي رجلاً من الانتحار بسكين
quJQPohmvb4 \
quKYNtkTeKw فتاة أيزيدية تستعيد ذكرى فرارها من داعش
quzelp4_KX4 قصة غوانتنامو على لسان سجين سابق
qvN-5hzBJEU فنان يصنع لوحات بـ\
qwyQx2ZdP0o إليك احتمالات ما سيحدث في آخر أيام رئاسة ترامب
qxJt7N8IMco إيران تضم ثاني أكبر تجمع لليهود بالشرق الأوسط
qxP9P0ldSV0 أول مقابلة لكارلوس غصن بعد هروبه إلى لبنان
qxrxFrQKjV8 شاهد هوس المعجبين بمحمد صلاح في متحف بليفربول
qyGMoyAOLpc \
qyNkvG1QdjY شارابوفا...قصة نجاح وجمال
qyPi5MtaprA لقاح كورونا والحوامل.. حالة من عدم اليقين مع تغير الإرشادات
qyeuqC34Cmo ردة فعل لا تُصدق بعد اكتشاف قطة على جناح طائرة محلقة
qzHooBKnsyI جولة في \
r-Xlz-jMZJs دوري السوبر الأوروبي.. عضو مجلس إدارة أنصار توتنهام: كرة القدم بحالة حرب أهلية
r-qvK-7qFt0 طائرة عسكرية ضخمة تحلق بين المباني في مدينة أسترالية
r-xPIoigLdw آليات تحمي نفسها.. اكتشفوا مستقبل المركبات العسكرية
r0ot3UIHKyU مشردة تغني الأوبرا وتبهر الناس في مترو أنفاق لوس أنجلوس
r2khuH-6vLI حجمه أقل من شعرة بالرأس.. هذا أصغر منزل في العالم
r43CmjDkMG4 ترامب: مصر تقدمت تحت قيادة عظيمة.. والسيسي: تقدير متبادل
r4OofLVOk8c زوجان يلمعان كنجمين في باليه أوبرا القاهرة.. فما قصتهما؟
r4wkwoJb6NA أبرزها قبلة ميلانيا ترامب وجاستين ترودو.. أطرف لحظات قمة مجموعة السبع
r4x4tr53Meo داخل خيمة معلقة على جانب جبل شاهق.. هل تجرؤ على النوم هنا؟
r51CIYrv84k 40% من اللاجئين السوريين دون الثانية عشر من العمر
r5RaLHNnp6E برشلونة ونابولي.. من أثبت نجاح خطته في موقعة إيطاليا؟
r5hyClzpJv4 شبكة CNN تلقي نظرة داخل مختبر حيث يتم تسلسل متحورات فيروس كورونا
r6jnEpw4dT4 هكذا صرخ سكان كابول \
r6odPhnnT5c أحد أوائل المشاركين باختبار لقاح تجريبي ضد فيروس كورونا ل搌NN: أريد مساعدة العالم
r6wr6n1SoWs تفاعل طريف للسعوديين مع قرار السماح للمرأة بالقيادة
r6yx3w7AylI محمد كريم: أمارس الطب واعطي ولكن التمثيل أولاً
r7AVmewL7sk لا حدود في الفن في عالم الشيخة المياسة
r7rC2p0_sGs تونس.. انتعاش تدريجي للسياحة وتصاعد مفاجئ في أعداد السياح الروس
r7rZ54KOEqY رحلة إلى \
r8pHtdOD71g مع توافر لقاحات مختلفة.. هل يجب أن تنتظر اللقاح الذي تريده أم تأخذ ما هو متاح؟
r8qiFX8sqXc أبل تطرح هاتفيها الجديدين في الأسواق
r8t3FlRXops الجلابية السودانية.. \
r8tP-qm0AdI لماذا يجب أن يبقى زيدان مدرباً لريال مدريد؟
rASL9r6E0cs بطارية مجانية من أبل اذا كان لديك مشكلة مع بطارية أيفون 5
rAmpVaadJWs كيف تختار الحلويات في رمضان بذكاء؟
rCGE0_uYm1o هذا هو أصل \
rCk4ILKjRpw بعد زواج دام 70 عاماً.. جد وجدة يموتان بسبب كورونا وهما يمسكان بأيدي بعضهما البعض
rDtXEcqsFx4 حجم القوة الأمريكية الحالية في الشرق الأوسط
rF7My-EOGQA أكبر منتجع بيئي في العالم قرب سنغافورة
rG4hcgMEVzA لحظة شن غارة جوية أمريكية على “همفي” لداعش
rGf4zH_JFog تمساح يزور مركزاً تجارياً!
rI3tyz52A3I منتجع 7 نجوم للحيوانات الأليفة في دبي
rIj_ffYHhbg خضار وفاكهة جديدة لم تسمع بها من قبل
rJ7GmW2mimw طائرات بدون طيار لإيصال شطائر الهمبرغر في دبي
rJcxNhsitgM هكذا تغيّرت ملامح حسني مبارك عبر السنين
rJqB8w1HS0A بركة سباحة وحديقة في الهواء بدبي.. هل شاهدت فيلا \
rKGg-QFIAro استمع إلى رد فعل أب روسي عندما أخبره ابنه الأوكراني بما يحدث في البلاد
rKcGg6Lq8wM تظن أن الإصابة بكورونا سابقاً تحميك؟ إليك أهمية تلقي اللقاح
rL9rY054fp4 مخلوقات أسطورية غامضة.. شاهد حملة العلماء القوية لحماية كائنات فرس البحر
rLGYAMOHyWw من لبنان إلى موسوعة غينيس.. إليك حكاية “التبولة”
rMCO6iwdiTQ سيارات كلاسيكية مليئة بالصدأ تحمل بطاريات \
rMV-KD_DgmA كتب رسوم هزلية بأكثر من نصف مليون دولار
rO0xtqstg6k كيف تحول عقارك إلى جنة مثالية؟
rO6xyKfzrCw الحراك السلمي
rOaGbN6SZtM الأردن: السياحة العلاجية تشكل 5% من الاقتصاد
rOzUDBRWU4M هل يتشابه دونالد ترامب والفيس بريسلي؟ احكم بنفسك
rPnhq5D8Plg رفض وضع القناع على متن الطائرة.. هذه كانت النتيجة
rPqSn3K5VqM أبواب الجنة الصغيرة.. تقليد قديم لبيع النبيذ في إيطاليا
rQG0nMY5mOs هجينة وخارقة.. فيراري تكشف عن سيارة جديدة تصل 100 كم بأقل من 3 ثوان
rQWqAqPZLQY المصريون يترقبون إعلان نتائج الانتخابات
rR79_EyzbBI \
rS9rVaeDqJc جو بايدن يتعهد باختيار سيدة نائباً له إذا تم انتخابه رئيساً لأمريكا
rTcVrZpPS2s صورة تلخص وحشية الحرب.. أوكرانية تحمي رضيعها من القصف الروسي بجسدها
rTrNqG6fJeY تحقيق حصري ل搌NN: المجاعة تضرب اليمن وسط صراع السعودية والحوثيين
rUGclPYipk8 شركة في دبي بفكرة كبيرة.. تحويل البلاستيك إلى ملابس
rUSPOtlhzbk تعالوا نفكر.. ما أسباب انسحاب أمريكا من أفغانستان وما علاقة الصين بالأمر؟
rUWvs4f6T08 رصد أجسام غامضة فائقة السرعة.. واستخبارات أمريكا لا تستبعد أننا نواجه كائنات فضائية
rWNeSWI8swY 20 عامًا من التقلبات السريالية.. مذيع CNN يرصد ما حدث منذ هجمات 11 سبتمبر
rXvjvZO0wQ4 مشادة كلامية بين بيلوسي وصحفي أمريكي بسبب \
rXw_cvhU5VE هذا \
rYTZyAOQ3OM بدير: مهرجان دبي السينمائي مدرسة للجميع
rYv0yAbdB84 شيشانيان يفتحان ملف العنصرية بملاعب إسرائيل
rYyRJxDjPrw أقدم لعبة \
r_-JjzEgmkY صعد عليها المسيح قُبيل صلبه.. الفاتيكان يعرض \
r_CxALXPHZM صدق أو لا تصدق... مسدس حقيقي باستخدام طابعة ثلاثية الأبعاد
r_YvPU4RnKQ طبيب أُلتقطت له صورة مفجعة وهو يواسي مريضًا مسنًا بعيد الشكر.. فما قصتها؟
rasTPXwtcoY روبوت يخضع لعملية تجميل.. فكيف أصبح شكل نسخته الحديثة؟
rbyYlXek--c لحظة ارتطام طائرة ركاب تايوانية بجسر
rc7XU-F1GZU شركة تحول شيفروليه \
rciZZZPK-f4 ما هو حجم الجنيه الاسترليني في الاقتصاد العالمي؟
rctMYFj-pUw وُصف تعافيه بالـ\
reXIeGuvD58 في اليابان.. كلما صعدت الأسهم ارتفعت التنانير
rf9ZuPpoPgk شبح الإيدز يربك صناعة الأفلام الإباحية
rfHsVMHcNe0 مراسل CNN يلحق بآخر رحلة من ماكاو لهونغ كونغ هربا من كورونا
rfeGu8kXYvw تشمل قطر.. بلينكن يلخص الخطوات التالية بعد انسحاب الولايات المتحدة من أفغانستان
rg0ggWfRG98 صباحي: سأنجز المهمة المستحيلة وسأفرج عن الأبرياء بحال فوزي برئاسة مصر
rhMuSUFbwgc كيف يعاد تدوير البلاستيك؟
ri6_G5gkX3E الطفلة بانا لقادة العالم: ترون أطفال سوريا يموتون دون حراك
ri6ui2c68N4 كيف يُصنع السيجار الكوبي؟
riUa6PHHd5I وزير مصري سابق: تسريبات القدس \
rkAPnZVV0CE برج الرياض سيبدو كقطعة كريستال
rkHM6G8du8M بعد حظر 35 عاماً.. السينما تعود الى السعودية ومعها شهية المستثمرين
rleWdQ4fimw المريخ ليس كما توقعنا.. مركبة لناسا تكشف معلومات جديدة عن الكوكب الأحمر
rnckJSfeVrs بدعم بيل غيتس.. هل يحقق هذا الابتكار طفرة بالطاقة الشمسية؟
rnm5MzZhqUA جدل بالسعودية بعد تعذيب داعية ابنته حتى الموت
rnoRuhuXgsk شاهد لون بانتون لعام 2022.. ماذا يكشف لنا عن المستقبل؟
roJUCGuXvXE فيديو جديد لداعش يضع رجلها المقنع تحت مجهر الاستخبارات الأمريكية
roTAIJKCFbg من معجزة الى حقيقة.. مشلول يحرك قدمه للمرة الأولى بالكهرباء
roZFMGSVYQY الملك سلمان يرقص العرضة مع بوش
rosdan3DvnE رغم قلة زبائنه.. بقي متمسكاً بمهنته لأكثر من 50 عاماً
rp8PP3199u8 أسرار فيديو “قطع الرؤوس” من داعش
rpesHLIECD4 \
rpg7EMYK92M جلد اصطناعي يعطي الروبوتات القدرة على الشعور مثل البشر
rpiP_m7v3uk شرطة دبي.. دراجة طائرة لتجنب الازدحام المروري
rr_71JOo0tc ذراع صناعية يحركها الدماغ
rrkv2-qU9zs ليلة سقوط كابول.. مصدر يكشف ل搌NN تفاصيل اللحظات الأخيرة وما طلبته أمريكا وطالبان من أشرف غني
rsG-24BMCt0 تعرف على الزوار الوحيدين في متحف اللوفر منذ أشهر
rsQMbo7dY9Q ما هو التوكن؟ وما علاقته بالبلوك تشين؟
rsqmBM5acUg حديقة حيوانات تعدم زرافة وتطعمها للأسود
rsyo2M2Iv54 قراصنة يخترقون مؤسسات في قطاعات عدة بأمريكا ودول أخرى.. مراسل CNN يوضح
ru9oZfQPPdU رئيس تحريات دبي يوضح ل搌NN أهمية عملية \
rvG17dvizfI توصف بالأكثر خطورة.. هل تجرؤ على زيارة أشهر كنائس إثيوبيا؟
rvjMXs3DRvI كيف تساعد \
rwPQKAiTKjA كيف تنتج فيديو على هاتفك خلال دقائق؟
rwpMqUaFYP8 واشنطن: مبادرة ب مليون دولار لفك \
rxBF5mUDRFM حصريًا.. CNN على متن ناقلة طائرات أمريكية بأوروبا وسط التوترات مع روسيا
ryDQVdaNyYY شاهد.. اللحظات الأولى لاستهداف معمل أرامكو السعودية في بقيق
ryP42H0A7Zo ‫قهوة بالفئران بدلا من القهوة المنزلية في ماكدونالدز‬
ryPm2NI1_yU اكتشاف مقاتلة بريطانية فقدت بمصر قبل 70 عاماً
ryrPbxsSuOw الدمار الذي خلفه إعصار إيداي في موزمبيق
rzALCyDhCbg مسؤول خارجية الحوثيين: نستطيع محاربة السعودية لسنوات
rzil2wd8bAI هل هي ميسي الكرة النسائية؟ شاهد الهدف الرائع
s-4qXSKEehI مراسلة CNN: جاريد وإيفانكا اتخذا قرارًا مدروسًا بالابتعاد عن ترامب
s0DhR7LFEWk كيف يمكن للنوم أن يحمينا من فيروس كورونا؟
s0nw0TQrxd4 استمع إلى استغاثة سيدة أفغانية يائسة مع هجوم طالبان عليهم في كابول
s245vX42hkc بين إيطاليا وإنجلترا.. توقعات للفائز بنهائي كأس أمم أوروبا 2020
s3uZonDuS0s جيل لا يُصدّق من روبوتات التجسس الصغيرة
s4zBxPujU-E حمم بركانية تلتهم سيارة بأكملها في دقائق
s5JL5Ki02Lo حلب:معارك طاحنة والميغ تقصف المدنيين
s5L21t82ZSk الطيران السوري يستهدف الأبرياء من المدنيين
s5nlpJyTpgs كيف تخطط اليابان للتحقق من معلومات مستخدمي العملات الرقمية؟
s5u2spWH_vk الأجسام المضادة بدم اللاما قد تكون مفتاح مكافحة فيروس كورونا
s6bwm4-wfXU الرئيس التنفيذي لمجموعة البركة عدنان يوسف: الإصلاح مستمر بالسعودية.. وحذار من البيتكوين
s6xpbsLe_p4 محمد صلاح عما يفعله بعد تسجيله هدفاً: لا أقبّل الأرض بل أحمد الله
s7mu2yeNIdk أزياء تحكي قصصاً تاريخية: أثواب إماراتية تعود لفترة ما قبل النفط
s81eBRieS3g خطوة كبيرة في مساعدة مرضى قصور القلب.. رجل يصبح أول مريض يخضع لعلاج تجريبي
s8W7AOkrB1M قلب أوروبا سينتقل إلى دبي.. وثلوج تتساقط في جزر الإمارة
s8jx-oRZmT0 هل أقيم أولمبياد سوتشي فوق عظام الشركس؟
s9Wf5QLM7CU ما هي أبرز الشركات التي تكوّن مؤشر \
s9epxGRwaX4 أمينة علي.. راقصة تونسية من أم نرويجية وتعشق الرقص الشرقي
s9nA7eBh21Q لامبورغيني أوروس.. أسرع سيارة دفع رباعي في العالم
sAE_78CRMKI مقاعدها مصنوعة من الفطر.. مرسيدس تكشف عن سيارة كهربائية خارقة
sARBrvvAXLk مذيع شبكتنا يتوقع: إذا فاز بايدن بولايتي أريزونا ونيفادا سيكون رئيس أمريكا القادم
sAiJf3eIYy4 كيف أصبحت الحياة بالسعودية بعد تدهور أسعار النفط؟
sAqKSRA7kfU رحيل نيمار عن باريس سان جيرمان.. وأخطاء إدارة برشلونة
sBM98H2wexA 3 عناصر ضرورية في وجبة الإفطار الصحية
sC8PMsCeX6U هل تحل الكاميرا مكان لوحة مفاتيح الكمبيوتر قريباً؟
sCLQhj4a86g أبرز ميّزات سيارة كيا تيلورايد 2020
sCZnMmlVF58 رئيسة منظمة التجارة العالمية ل搌NN: لنعمل مع البلدان النامية على تصنيع اللقاحات
sCyeSyt-iYI أرنولد شوارزنيغر يخطف الأضواء مجدداً في سكرامنتو
sD93OVrk4W0 عائلة من الأفغان تتقطع بهم السبل في مطار إسطنبول
sDzXl5e-s5c هل ترسم القوات الروسية حدوداً جديدة في القرم؟
sEGbwbGl4GA أرسنال يتخلى عن نايكي ويوقع مع بوما
sENEDJ3jlSA حفرة ضخمة تظهر فجأة في حقل مزارع بالمكسيك
sEwC5hQIsuM قلق بين مستثمرين بالعملات الرقمية.. وهذا السبب
sGap1D0Nl6g لحظات رعب على الهواء أثناء زلزال كاليفورنيا
sGiq_CFx8WM \
sI9nhSQ5pNs شركة نرويجية قد تساعد بتحويل الصحراء إلى تربة صالحة للزراعة
sIiwWNYiTi0 صراع حفتر و\
sJQb5fgqq5U كاميرا سي أن أن بسوريا توثّق خروج مقاتلي المعارضة من دوما
sJWDSnWAodw أول فيديو لزعيم داعش منذ 2014.. ماذا يعني ظهور البغدادي؟
sJiEkRXsx40 بعد \
sK92i74V-t4 جريمة صباح السالم.. محامية كويتية تطالب عبر CNN بإعادة عقوبة الإعدام
sK9Ib59pTqk تثير ذهول زوارها.. خض تجربة غامرة داخل قبة الوصل بإكسبو 2020 دبي
sKGFXfz2fyI \
sKdoJTe-Pi4 السياسة والفن والإغراء في لبنان.. ميريام كلينك نموذجاً
sKlMD0rUAM8 عشرات السيارات تتحول إلى \
sL0GkkkTVDs بيريز: يجب إزاحة الأسد وصلاة الإخوان لا تكفي
sLAHXZx4P6s ما هي الخيارات المتاحة للعمل كمبرمج بمجال \
sLSWCp0Wno4 على دراجتيهما النارية.. شابتان عربيتان تجوبان الشرق الأوسط
sLpyfWxJpAs لقاء نادر.. محمود عباس يلتقي وزير الدفاع الإسرائيلي. ما أهمية الاجتماع؟
sMKceJ_CMGY ممثلو الفيلم المسيء للإسلام: \
sMPm821edM0 ثنائي سعودي يحتفلان بزفافهما بطريقة غير تقليدية تحت الماء في جزر المالديف
sMZwl2ZaXgY فيسبوك تطرح سؤال \
sN0nQGKP8OU ادعاء ترامب الذي منحه لقب \
sNyXiX1gmUs بعد الاستيلاء على قاعدة عسكرية سابقة.. مجتمع متمرد حر يُولد وسط مدينة كوبنهاغن الدنماركية
sODby5RtMzE نظرة على الانهيار الاقتصادي في لبنان و\
sOEVOnHj7Bo لا تضايق الحيوانات واشرب الحليب كل يوم.. إليكم بعض أهداف 2022 للحفاظ على صحة الأطفال وسعادتهم
sPXo6LWwhKY الفنان عباس النوري عن المخرج بسام الملا: كان يضع نفسه في موقع الشراكة مع الجميع
sPabKOIcXbM المصريون في اختيار صعب بين مرسي وشفيق
sPg0dxf7o_w ما هي \
sQKLczCO-t4 الأعمال الفنية لابن الرئيس الأمريكي جو بايدن تثير مخاوف أخلاقية
sQszR-GJsDg بأسلحة متطورة.. شاهد كيف يصطاد الأوكرانيون الدبابات الروسية
sR8jsLwJsCQ مصور حاول تصوير تمساح فالتهم الأخير كاميرته
sRl5kVfqoqE بقلاوة مقرمشة.. ما قصة تسمية \
sRwCRoVQldA اكتشاف عضو \
sTBg6_D_ed4 لحظة استهداف مخزن وقود داخل روسيا بمروحيتين يزعم أنهما لأوكرانيا
sTiLvIVZScY طائرة بوينغ دريملاينر.. كانت حلما وأصبحت حقيقة‎
sUxC3ABhdvo فوضى وعراك بالأيدي وشتائم في البرلمان الأردني خلال مناقشة تعديل الدستور
sUxpqHR1APk ألق نظرة على أسرع وأغلى سيارة إسعاف بالعالم في إكسبو 2020 دبي
sV5livsgpgc قطة نسيت لسانها خارج فمها
sVIIX0FzPeo رعب على الهواء لحظة وقوع زلزال المكسيك
sVo34m4AbOI شاهد.. بايدن يؤدي اليمين الدستورية رئيساً للولايات المتحدة الأمريكية
sX2bpel6e0k مشاهد وأصوات غير مسبوقة من المريخ تنقلها مركبة \
sX6DjiRAxqQ متظاهرون وغاز مسيل للدموع أثناء كأس العالم في البرازيل
sXhAmeUKW-o هكذا يبدو أكثر المطارات ازدحامًا في العالم مع إعادة افتتاحه في دبي
sYBK7rKle-s آبل تعيد بعض ميزات MacBook Pro القديمة.. ما هي؟
s_MfqVcrQrA لماذا يرتدي القراصنة رقعة قماش أو جلد لتغطية أعينهم؟
s__sNbjtuto طقم أسنان رجل مسن يعلق في حلقه لمدة 8 أيام بعد عملية جراحية
s_uQVPDoTGk وكيل محمد صلاح: تلقيت اتصالات من فرق كبرى من أجل ضمه
sa3gqFP5j0k الطريق إلى 270 صوتاً.. هكذا يحاول كل من ترامب وبايدن الفوز
scQBwvltp4o هذا المتحف يحتفل بأهمية \
scdugZzyBf4 أغرب ما برز بمعرض نيويورك للسيارات
scmf9WwnWx0 ناصر جودة يرد على \
se7HGEQxKGo كيف سيؤثر فيروس كورونا على أنشطتك الصيفية؟
seeMa0VE2tg أصوات الحجاج بالرحلة الروحانية
sf76quT8jXw CNN ترافق أفيال زيمبابوي في رحلتها إلى الصين
sgPh2yGoBGo هل تنزلق مصر نحو حرب أهلية ؟
sgUfQ7iXOJ4 شركة سعودية ناشئة تطمح لتجديد البنية التحتية للتقنية المالية.. هذا ما ستفعله
sgYK2GbJSUA فاوتشي يوضح الالتباس بشأن لقاح “فايزر” المعزز ضد كورونا
sgnEd9dW5wc فيديو عن القُبل الحميمة لغرباء يشغل يوتيوب
sgxSQuwJIfE ما الذي فعله هذا الفنان السوري المحاصر بالرصاص والقذائف؟
sha8a3hX41c العثور على مزرعة ماريغوانا عملاقة خلف جدار حمام في إيطاليا
shbOZqQ6qjo صداقة فريدة بين شبل الفهد وجرو
siPCJwR1MwU مصر تواجه موجة \
sie_Dq0Sfmk لاجئ سوري يفتتح مطعماً في غزة بعد تهدم مطعمه بحلب
sjnurFAvdgk كيف يُصنع أفضل ماء ورد في العالم؟
skMvCT8lObc شاهد كيف تغير شكل ممرضة في وحدة العناية المركزة قبل وبعد كورونا
skQ2m0VuwjQ سجين أفغاني: الشعب مستعد للموت دفاعا عن الإسلام
slioiXD_vTE بينهم عمر البشير.. السودان سيسلم المطلوبين للمحكمة الجنائية الدولية
sm8gYCRI8UU دراسة: أدوية حرقة المعدة قد تتسبب بإصابتك بالحساسية
smSGw-4U-rk لماذا تعطس عند خروجك تحت الشمس؟
smVtk6H4Xe4 محمد العريان لشبكتنا: لا نعرف الكثير.. وإعادة افتتاح الاقتصاد ستكون \
smzkvG5UnX4 أكبر وجهة سياحية للنوادي الليلية.. هكذا أصبحت إبيزا بسبب كورونا
snKcgo_oYK4 كيف غيرت الإدارة السعودية مصير نيوكاسل يونايتد هذا الموسم؟
soZG-i04fp4 10 علامات تدل على التفكير بالانتحار
sp4tgczqf5g تعرف على شيفروليه كورفيت ستينغراي الجديدة كلياً
srBDpq5USkU إليك 5 خرافات عن الخصوبة
srzbXXYj7VE من الفياغرا وصولاً إلى الشيبس.. 5 اختراعات غيرت العالم بالصدفة
ssEaBX3smkg ما هو الطرح الأولي للعملات الرقمية وكيف يختلف عن الاكتتاب العام؟
ssTCYq2MxMk أسرع ما صنعه الإنسان في تاريخ البشرية
su8bo6JlY7I ماذا سيحدث إذا خسر ترامب في الانتخابات؟ لائحة بالتهم التي قد يواجهها
suDv3imLn2I تعرّفوا إلى أحدث وجهة تسوق في دبي
sw0JxS-AfRc 4 فوائد مفاجئة للخضروات
sw9EtOxz8w4 صوتوا على الأكثر تأثيرا بأحداث الشرق الأوسط هذا العام
swKqnzMjep8 \
swKw57aYebA هكذا تمارس اليوغا في الجو
syMM9zlUfgA لماذا تهاجم النسور الصلعاء سكان هذه البلدة في أمريكا؟
syMO0gY6HGU عزل ترامب.. رئيس أمريكا يرد بعد نشر محادثته مع رئيس أوكرانيا
t-6FVjQgPXE عدد ضحايا كورونا يتخطى ال شخص.. ماذا يعني ذلك لمستقبل الفيروس؟
t-U5OaUdhVc كيف انقسمت حكومات العالم حول ترخيص البلوك تشين؟
t0QzvgwVDuc \
t0gPnsFxffk هذه هي تكلفة صناعة سامسونغ جالاكسي نوت 5
t1eu3Tr1JUM تعرفوا إلى العبقرية التي تقف وراء أغنية مسلسل “فريندز”
t1lfkgpwcj4 أكثر من 15 ألف فراشة تعيش بحديقة الفراشات في دبي
t2i7-uLicmw ماذا يعني أن تعمل في خدمات المبيعات في القطاع المالي؟
t34WkYLXgPw محارق الجثث مكتظة بموتى كورونا في الهند.. كاميرا CNN ترصد الكارثة
t3AnPST9BNU شاهد أكبر تجمع لأسماك شيطان البحر في العالم
t49gXKVqQQ4 من تمشيط لحيته لأداء واجباته.. طالب في ال񤁰 من عمره
t4NmyysqLZA أرقام حالات سرطان الثدي لدى النساء في 10 بلدان عربية
t5fmeCCimr0 \
t608l04PlVQ أغرب الألعاب على متن أضخم السفن
t6CONTAhVCg مواصفات وأسعار أحدث مجموعة هواتف سامسونغ جلاكسي S22
t6HtwI9isxc توتر العلاقات الروسية الأوكرانية.. ماكرون إلى موسكو لقيادة الجهود الدبلوماسية الأخيرة
t8dYrIaxBj8 هذه خطط ناسا لرحلة المريخ الجديدة
t8jFFxIsISg فوضى ما بعد داعش في العراق.. كيف يمكن أن يتكرر التاريخ؟
t9PaO26j_wE بعد رفضه الهزيمة.. ترامب يوافق على بدء نقل السلطة لإدارة بايدن
tAXOBSqzZKU واقع تعز المؤلم في اليمن تجسده رسوم جدارية
tAgDs1f6PoU قصر الحصن.. أقدم بناء في أبو ظبي يحتضن مهرجاناً تراثياً
tAhosisqabY آلات عزف مصنوعة من الجليد
tAjhbEOhTiE نافورة راقصة جديدة في دبي ستفتتح قريباً
tAlJeubZvJM حجرة الازواج\
tAnRUhwUfCk لندن تحيي الأمل بإنقاذ الفتاة الباكستانية مالالا
tBVZzvvNHfU أعظم الاختراعات التكنولوجية خلال 100 عام
tBuzhAx0-98 كيف يُحارب هذا الشخص زواج القاصرات في لبنان؟
tCJFCtifb7M ماذا يعني \
tCfflSz72zk صديق الحجر المنزلي.. إنستغرام في زمن فيروس كورونا
tD4mKFxTSPg دراسة: الجنس مفيد لصحة القلب
tDDC2j8oVRY هل تتمكن داعش من الوصول حقا إلى الولايات المتحدة؟
tF3j2CSAJ5I عمليات إخلاء المصابين من شرق حلب
tF9YdUQbOz8 ماذا تأكل عادة في رحلة طيران مدتها 19 ساعة؟
tFS6V7A5aBs إسرائيل تخسر ترتيبها العسكري بين قوى المنطقة أمام إيران
tFUomgvjWSY اول خطوة من نوعها.. شاحنة بلا سائق تسير على طريق عام
tGglVvQ5DmM كيف ساعدت الوشوم مسلمة ويهودية في أمريكا؟
tGyk3KFOHKM فيلم خيالي يحذر من مخاطر الطائرات الآلية الذكية
tHOlUKVh2r0 إليكم مواصفات \
tJGsouo65SY لاتفتحوا الثلاجة بداخله.. \
tJJDBmzsMgw ينسبه البعض لأسطورة قديمة.. ما أصل طبق الشنكليش؟
tJY26zQWfI0 بعد الصافرة.. هل وقع زيدان بالفخ بعد عودته إلى ريال مدريد؟
tJgOiXsN1yM هل ينافس تطبيق \
tJi2gXqs3E0 حصرياً مع الروهينغا خلال هروبهم.. لاجئون بلا ملجأ
tLhsh7SPMqs جولة داخل \
tLidEhClECw صفاء سلطان: الغناء عالمي الخاص ولكنني أدرس خطواتي جيداً
tM99lY0aR4k أردوغان: أمريكا الخاسر بانسحابها من الاتفاق النووي الإيراني
tMMpiOkVFXA تقوم به 24 ألف مرة في اليوم.. حسّن طريقة تنفسك بهذه النصائح
tMNdUotIRtY هل سيتمكن ترامب من تحقيق معجزة الفوز بانتخابات 2024؟
tM_sTiQNijg ماذا تعني اتفاقات السلام لدول المنطقة وما تأثيرات اتفاقية الإمارات وإسرائيل على الأعمال التجارية؟
tMgY0m4oPwg وزير خارجية قطر يكشف ل搌NN مطالب الدوحة لحل الأزمة الخليجية
tMwKYe7CUrg المناقيش.. إليك أصل وفصل إحدى أشهر وجبات الإفطار
tOP3fYlyIHM كيف سيستفيد المحامون والقانونيون من تقنية \
tPBbV4ts2Do أصغر \
tQ05taQs5fM كيف يتعايش أتباع الديانات المختلفة بانسجام في الإمارات؟
tQPAtqOjsVs بعد أن كان ترامب متقدماً.. كيف انقلبت نتيجة الانتخابات الأمريكية 2020 فجأة؟
tQVJZWxE7OE ما هي \
tQieNI-foSQ من لاعب كرة قدم أمريكية إلى طبيب يكافح فيروس كورونا في الجبهة الأمامية
tRbqxc8rGXU شابة برازيلية تصوم رمضان لأول مرة في دبي
tRwMF9WMXzo ما هي وسائل التسويق التي تستخدم للعملات الرقمية؟
tRwweb3_TMY طفل أصم يسمع صوت والدته لأول مرة
tS8-3Ppdh-I قناديل البحر اللاسعة تغزو المتوسط والسبب... توسعة قناة السويس
tTXPn7cFHUI صاروخ صيني \
tTYfebJI1O8 انطلاق التاكسي الجوي بالإمارات بأول رحلة تجريبية
tU8m2EHTU1k تعليم الفتيات في أفغانستان يواجه مستقبلًا غامضًا في ظل حكم طالبان
tURWZRtq8Bk من حلويات العيد المفضلة.. كيف تُصنع الحلوى العمانية؟
tUS8s1lOixo فنان يستخدم الفن لمكافحة تغير المناخ
tUW0HyTS8Rw رئيس أرامكو ل搌NN: إنتاجنا عند 70% والهجوم لن يؤجل الاكتتاب
tVcoUpoFwPU لتمويل عمليات جراحية تحتاجها بالدماغ.. هذا ما فعلته طفلة عمرها 7 سنوات
tVxMNSvNEa0 أشهر 6 مهرجانات موسيقية في العالم
tWD-wnJoU_0 محمد صلاح \
tWw-oMo4eIs طائرة سولار إمبلس 2 تنهي رحلتها التاريخية حول العالم
tX8phEx-hK8 غوغل .. هل بدأ عصر الذكاء الاصطناعي؟
tYAcWrBef-8 ناسا: آثار لبيئة داعمة لظهور الحياة على المريخ
tYUk3il5B1c عش المغامرات في مصر كأنك خارج كوكب الأرض
tYluOu2dQJA أكبر 15 سفينة سياحية في العالم
tYr2QNOSMFY نايلة لايموس.. عارضة أزياء مسلمة ومحتشمة في أمريكا
tZ6_vaV48yc معرض \
tZYxBACEoyQ مشاهد من \
tZfmtcoatR8 أطباء من كوبا يتلقون استقبال الأبطال بعد عودتهم إلى موطنهم من إيطاليا
tZjcr8U0RDw داخل مستشفى في طهران يواجه أكبر موجة من حالات كورونا في إيران
t_vchC8jFyE طائرة تنزلق عن مسارها بسبب الثلج
tb5RirXmTsw جيوش الخليج تتطلع للطائرات الآلية
tbXU51IXVuU أمستردام تخطط لبناء مدينة تعتمد على السيارات الكهربائية
tbqsLuPLdzM ما الذي تحتاجه للبقاء على قيد الحياة في البرد في البرية؟
tcnApGKs6yM إليكم 5 ألعاب بورد جيمز لا تحتاج إلى اللغة الإنجليزية
tcxOXmMR8ow سباق \
tdiBdwQbtkA الأردن يحتضن أحد أجمل المواقع في العالم
tex-lHXyKfA السجاد العتيق في تركيا.. كيف تشتري السجاد الأفضل من عند البائع؟
tezXasEX1s8 اتبع هذه النصائح مع عودتك إلى العمل من المكتب
tfIB8Vvd_-A صانع مجوهرات يبتكر مادة بورسيلان غير قابلة للكسر
tfgQoavGZMo يد بطباعة ثلاثية الأبعاد لطفل بدون أصابع
tgr4yGeqOSk اتهامات عربية لـ\
tgwbkyIzsz4 حصري.. آخر كلمات جمال خاشقجي وتفاصيل التسجيل الصوتي لمقتله
thjYzPAQzLY ركن أساسي من ثقافة واقتصاد ساو باولو.. ما هو الكاتشاسا؟
thypI7whAdg ماذا تقول عارضة أزياء عن أجساد النساء؟
tiMGOoLqt6o نهاية دوري السوبر الأوروبي.. ‏القيمة تهزم الثمن في كرة ‏القدم
tiq9M5rmCnw ما هو أصل المهلبية؟
tkd3cY2Y0vU كيف يخفف الدماغ بـ”الماريغوانا” الخاصة به من ألم الجسم؟
tkrFy0AUPWk فيرستابين يتحدث لشبكتنا عن سعيه لتحقيق أول لقب له في فورمولا 1
tksW2et6uTc أحدهما قد يحكم مصر.. فمن هما؟
tlTIVorrkRc أفخم الفنادق الخلّابة في جزيرة بالي الاندونيسية
tm7rsGT1YSw الأسد: نحتاج لسنة ومليار دولار لتدمير الكيماوي
tmRcvCchjd0 واحدة من أفضل التمارين للقلب.. 5 خطوات لتعلم كيفية القفز على الحبل
tmuGY_EL3oY كيف أعاد هذا الثنائي غابة كاملة إلى الحياة؟
tocTFS--qxY لحظة تقديم كامالا هاريس جو بايدن كرئيس منتخب لأمريكا
tozCbTwxq14 سائحون ل搌NN: الإعلام يعكس صورة سلبية عن الأمن في مصر
tpINf6v8gT0 4 توابل وأعشاب قد تساعدك على تجنب الأمراض
tqCmveoRveE ما هو الفارق بين قدرات الجيشين الإسرائيلي واللبناني؟
tsFJezIJe9A الكشف عن إطار يعمل كدافع لسيارة تطير وكإطار اعتيادي
tsG3GFzwolU سرطان الثدي ليس النهاية.. لهؤلاء النجمات
tudT4AYK9EA إطلاق صندوق مالالا لتعليم 40 طفلة في وادي سوات
tv-hQBdLbGg فيديو حصري لعمال يسرقون من حقائب ركاب الطائرات
twzswKLbT9o سانجاي غوبتا يوضح ما حدث في آخر تجمع لترامب ومسؤوليه قبل إعلان إصابتهم بكورونا
txGGliDNLFA سلسلة \
ty3CEC1N5T0 تعالوا نفكر.. ما أهمية الانتخابات البرلمانية في المغرب؟
tyDuTvEcDwo يمكنك تناول الوجبات السريعة في حميتك الغذائية.. مدرب يشرح
tyG0aiu4piM مزاد علني لبيع كنز من العملات الذهبية
tytwhN3mFSU بريتني سبيرز حرّة وإلهام شاهين تواجه الجدل بسبب \
tyv2d_1h_4A رياض محرز رجل المهمات الصعبة ومشروع مانشستر سيتي يقدم دروساً في الإدارة والتدريب
tz-RuynGxIc أرخص هاتف ذكي في العالم
u-TwFv3K8YY اعتراف صادم من دوقة كامبريدج عن تربية أبنائها
u1WS7CNEidI طائرة تابعة للبحرية الامريكية تقع عن حاملة طائرات أثناء هبوطها
u1zhfToGPVE 1001 ليلة قضتها لجين الهذلول في السجن.. ماذا قيل بعد إطلاق سراحها؟
u2G7oo6nHvA الاختيا挒 بالصدارة وانسحاب من مشاهدة \
u2gOaQBWw0U 5 أشياء يجب معرفتها حول فرط نشاط الغدة الدرقية
u3LD_uNorMw إعلان من \
u41qEIVGmq8 ازدياد التنافس في سوق الهواتف الذكية
u4fvABgWMEQ مهمة جديدة لكشف سر المريخ
u6pS4rQDN2I أم أمريكية تواجه أسدا بشجاعة وتنقذ طفلها من بين أنيابه
u77Z-xSBqo8 كوباني السورية تواجه حصاراً جديداً مع استمرار العملية التركية
u7zJebS8p5Q عادل الجبير يعلق على محاولة الانقلاب بتركيا.. ويؤكد: نملك أفضل العلاقات مع أنقرة
u88DYSj9MDQ 3 أسئلة مهمة حول لقاح كورونا قد تخطر ببالك
u90WwiRmQZg ستنتظر عاماً على الأقل إذا أردت تجربة هذا المطعم المتواضع
u9FH_TN00Bo هجمات 11 سبتمبر.. شاهد ما قاله الموظف الذي سجل دخول إرهابيين الى المطار
uA5uS_E1pb4 بعد الصافرة.. تعرف على تقييم منتخبك بكأس آسيا 2019 حتى الآن
uAkizvjuo98 شاهد كيف يصطاد سكان المالديف الأسماك باستخدام أيديهم فقط
uAuVkgtMHg4 الجعفري: كيماوي سوريا مجرد سلاح ردع
uBXYYFgYi74 مقاطع فيديو لم تُعرض سابقًا تظهر تعرض الشرطة للضرب في أحداث الكونغرس
uBmB_ACYN1o فيديو مسرب لأجسام طائرة غامضة رصدها الجيش الأمريكي.. والبنتاغون: حقيقي
uCDBRouSWTw موسم دراما 2021 شهد الظهور الأخير لـ 4 فنّانين أصيبوا بكورونا
uCa8g6RLTIA شاحن بطاريات جديد يستخدم “الحركة البشرية”
uDdIDekIyig ما سر إقالة بوتين للحكومة الروسية وتعديل الدستور؟
uEmYz8zV578 بعد عصا السيلفي.. تعرف على \
uHK8BM44qow رجل يحرق زوجته عن غير قصد
uHVu0XU-EqE مقاتلة أمريكية شاركت بحرب فيتنام تقاتل داعش
uIjza6HuNkY ما الذي يمكنك فعله في أروع وجهة شتوية بالعالم؟
uIw9aohb1bo مذيع CNN لحاكم نيويورك خلال مقابلة على الهواء: يداك مثل الموز
uJI3YIHYsWo أصبح عليك أن تقول.. وداعا نوكيا
uKIE8YfNSLE صورة شخص واحد تجمع كل أجيال العائلة
uKYNQsHnF_Y 7 حقائق حول مرض السكري قد تفاجئك
uL3-UlRBKy0 لتجنب فيروس كورونا في المطعم.. إذا رأيت هذا الأمر غادر فوراً
uNAA95GkFE8 هيفاء وهبي تعود للانتقام في إسود فاتح
uNSicbVTh1E تعلّم رسم هذه الزخارف الهندسية في أحد أكثر المراكز الفنية في دبي شعبية
uNSpYxwYSuY من الفراعنة حتى يومنا الحالي.. هذا تاريخ حمالات الصدر
uNoAnEns_WM الأهلي المصري يتغلب برباعية نظيفة على الهلال السعودي.. ما الأسباب؟
uOizmvgPnRY نازحات من آخر معاقل داعش يكشفن ل搌NN أهوال الحرب
uOyTrZQBSzs المعارضة السورية تجتمع والثوار يعيدون ترتيب الصفوف
uQ1NOJ5Y-W0 طريقة جديدة للعيش حتى عمر المئة سنة
uS1qSruZ5z8 اكتشاف بقايا حيوان بر مائي قاتل بحجم سيارة
uS4ZS8f5zqY ماذا يعني مصطلح Security Token في عالم العملات الرقمية؟
uSBBZ3jq-Lw تعرف على سر هذه القلعة الساحرة في إسبانيا
uSLkEoX7neY شاهد.. رئيس أوكرانيا السابق يخرج إلى الشوارع حاملاً بندقية للدفاع عن بلده
uSOR6Sxz8mM ثوار سوريون يحاصرون قواعد النظام العسكرية
uSmlfYFkfLU سيارة فورد مستانغ تركب المصعد إلى الطابق 86
uT8wYmV_TJo ببطولة فريدة من نوعها.. طفلة تتحدى إعاقتها بلعب الشطرنج
uTY2Vb8Uzms ملالا تدمع نجوم العالم
uU2N7WmAC-o نظارات \
uVh-V4T7Sq4 كيف ستعود سياحة مصر بعد تدهورها؟
uW0Fjr48498 شاهد كيف تعامل مقاتلو طالبان مع مراسلتنا
uWNm17_wECo وزير الاقتصاد الإماراتي: دبي تتقدم لتكون عاصمة \
uWQPR-ZtPYc كيف تُصنع سيوف مسلسل \
uY0XABpnwW0 أفعى تلدغ قسا قُتل والده بلدغة مماثلة قبل شهور
uZjDGFPVJME فتاتان تحترفان فن مغازلة الشباب
uZxEoaNkibM كيف تُغير الأموال المنقولة بالهواتف المحمولة العالم؟
u_D-2SEalSg بالميراس يتغلب على الأهلي في بطولة كأس العالم للأندية.. فهل قدم الفريق المصري الأداء المطلوب؟
ubdznx5OkUo أطفال الوصم.. كيف يعيش أبناء مقاتلي \
udJh4_44sr8 شاهد ما قاله رئيس وزراء إسرائيل قبيل إقلاع طائرته نحو الإمارات في أول زيارة من نوعها
udQEDhTbxyk هل يمكنك التداول في العملات الرقمية بمبالغ صغيرة؟
udhtqcWDWc0 عرض يستكشف شكل الوعي البشري باستخدام \
udyCy65IYkU طفلة كسرت ذراعها بالمدرسة.. وسط تجاهل المعلمين والممرضات
ueLvQgTw-vs البنتاغون: صواريخ إيران الباليستية تهدد أمريكا
ueMT5ddVKFo أكبر خزان صناعي للمياه المحلاة بالعالم.. في الإمارات
ueM_bRTs5Y0 ما السبب وراء الفواق أو ما يُعرف بـ\
ueqV0WYIqKA غريب جداً .. مطعم يقدم أكله بمراحيض
ufNaKMqxr-E باسم يوسف من جديد في\
ug244rfCrmA جيش مصر يتصدر ويتفوق على تركيا وإيران وإسرائيل.. قائمة بأقوى 10 جيوش في المنطقة
ug8iN9PlQpg شطيرة برغر بـ 250 دولارا
uh7H0MEhGv8 هذا الروبوت بإمكانه هزيمتك في لعبة \
uhxxhtPl0uQ لمن قد يصوت العرب في الانتخابات الأمريكية إن أتيحت لهم الفرصة؟
uiDIez_zgwg داعش على طريق النهاية.. الجحيم في مكان صغير جدا
ujcLP3Ge2pY الشفق القطبي.. ألوان مبهرة بارتفاعات مختلفة
uktkUG2u6ZE سودانيات يطلقن حركة لتعزيز ثقة الشابات “بدون مكياج”
ulbIMA2wK2o أسرة أمريكية يتلقى طفلاها الصغيران لقاح \
ulibrDXzVd8 أول صحفي أجنبي يسجل مشاهد الدمار بحلب منذ تدخل روسيا
ulllb63caIM صفقة الغواصات النووية.. ماذا دار بين بايدن وماكرون في آخر اتصال بينهما؟
umBVF6RvEMs تعرفوا على سجل أصول الشركات وما يحتويه
umJyeYaM_fU دبي تفرض إجراءات صارمة على صناعة السياحة مع ارتفاع أعداد حالات كورونا
umhVsNAS-fg شاهد.. ما يمكن أن يحدث اذا ارتدى الناس الكمامات بشكل جماعي
untT3VILbBs اكتشاف أضخم حيوان سار على وجه الأرض
upR2-9E0WdE افتتاح مركزي تطعيم في لبنان لمواجهة كورونا
upn5D9Z44gA ملوك السعودية بجدارية \
uqaKPtW0YzE مصر والامارات وتركيا من بين الوجهات السياحية الأبرز للسعوديين
uqyH7BoQQYQ \
urhuQtDFKWI تحقيق استقصائي ل搌NN.. من سمم زعيم المعارضة الروسي أليكسي نافالني؟
usDqghovQ2g شارك في حرب العراق.. رئيس مستشفى أمريكي بمواجهة كورونا: إنها منطقة حرب
utJKdKmB9Zw صادق الصباح يفتح \
uuivntvKOp4 قابلوا الخياطين الذين صمموا بدلات لأكبر المشاهير في العالم
uvPntAQc5Cw الملك عبدالله الثاني يخاطب الأمة لأول مرة منذ اندلاع الأزمة الملكية بالأردن
uvhiNmSihWU فريق CNN على متن سفينة أمريكا الحربية في الخليج
uvpiKrtvRGQ جيش من الروبوتات يصنع ألف سيارة BMW يومياً
uw4jTUMBKSQ تزامناً مع زيارة بابا الفاتيكان.. روايات مرعبة من كنيسة عراقية شهدت مجزرة عام 2010
uwB0_5F_nTg المصارعة المحترفة الوحيدة في العالم العربي
uwGIAxELip0 أطفال يولدون في مستشفى بولندي يُعنى بالنساء الأوكرانيات الحوامل
uwKGdjF8DWY هل حبوب علاج فيروس كورونا الجديدة فعالة ضد متحور أوميكرون؟
uwocHIx0M0I مطعم أذربيجاني \
uxZGaFKH_tw مدير إدارة الشرق الأوسط بصندوق النقد: الاستراتيجية الاقتصادية للسعودية تسير على مسارين
uysRWQr6OuI اكتشاف شعاب مرجانية عملاقة في أعماق مياه جزيرة بالمحيط الهادي
uzAJcKGhp2o جولة في متحف للمراحيض باليابان
uzabAQ2oXS0 سيارة أجرة ذاتية القيادة ترفض تلقي الإرشادات.. إليكم ما حصل مع راكبها
uznU5P7VWoA مشاهد حصرية من قاعدة عين الأسد بالعراق.. هذا ما خلفته صواريخ إيران
v-J0_4BbNVA هل يؤثر الهواء الملوث الذي تتنفسه المرأة الحامل على الجنين؟
v-L6IDMO8SE كيف يؤثر توجه محمد بن سلمان إلى الصين وروسيا على العلاقة مع أمريكا؟
v-U0FvrcL5w مغنية أفغانية تغني في ذكرى تأسيس اليونسكو: \
v-qvnpvw2MA هل سنتحدث قريبا مع المساعدين الرقميين باللغة العربية؟
v0JNojS5ePg جولة ل搌NN داخل مطار بكين الضخم في الصين من تصميم زها حديد
v0V5LkvOtEs مقاتلو داعش يغنون لضرب \
v0r6sac_f2M مدرسة \
v12AYMe-EV8 مشاهد حصرية للقاعدة الأمريكية الجديدة في منبج
v16IXcDFMPY مصطفى الخاني يقدّم دوراً صعباً في \
v17p0syglIY تعذيب واعتداءات جنسية.. مسؤول أمن صيني سابق يكشف لشبكتنا ما أُمروا بفعله في سجون الأويغور
v1WKtUG7Uwk 3 حيل لتناول الطعام بشكل صحي في مواسم العطلات
v1nrrhkSk1U استمتع بمشروب من ذهب.. فقط في دبي
v2Ps_jL6Oio معارك ضارية بين قناصة النظام والثوار
v2sWu6aNcgU في سوريا.. معارك للبقاء على قيد الحياة
v3E3Nn79qBg أول علاج يُوافق عليه منذ 20 عامًا.. لماذا يُثار الجدل حول الدواء الجديد لمرض الزهايمر؟
v4KvExEDWTs \
v5ARU7n7qG8 فورد رابتور جديدة مصممة للسير بسرعة كبيرة على التضاريس الوعرة
v5QZqYjaBfE عمدة لندن: ليس من المناسب مد السجادة الحمراء لترامب
v5eIZfheC_8 صفقة بيانيتش وأرتور.. الرابح الأكبر برشلونة أو يوفنتوس؟
v5pUL4ie6Gs كيف توسعت شركة الأدوية المصرية هذه في ظل جائحة كورونا؟
v6gRgAtFTyo سوني تكشف عن هاتف جديد بقدرات خارقة
v6vnyTx84dw الطباعة ثلاثية الأبعاد تجعل حلم \
v71ylb9jxpM يبدو وكأنه واحة خضراء.. هذا البركان لا يُشبه غيره
v7u5TKjMqnc فيروس كورونا.. كيف أنقذ هذا الجهاز البسيط حياة رجل في أمريكا؟
v8-fhbe5IOc حراق اصبعه.. حكاية طريفة وراء اسم هذا الطبق السوري
v8ZcrDwXgLA والدة تسارنييف: أحب الله والنبي وجوهر
v9XzHjlVyds طرق للتوفير عبر تطبيقات على الهاتف‎
v9jFshJb-Iw هل ستختار نتنياهو ضمن #المؤثرون_2014 ؟
v9zmrX_MGtQ من المنشطات إلى القمار.. إليكم أكبر عمليات غش في الرياضة
vAaeXJpjM8w كلمة رئيس البرلمان البريطاني لإعلان استقالته في موعد البريكست
vAc4FDn_XHU السعودية تشتريها من روسيا.. ماذا تعرف عن منظومة صواريخ S-400؟
vB5g09F-v0g بعد تعرض 9 منهم للطعن.. كيف وصل المورمون إلى المكسيك وما تاريخهم؟
vBQyRHTh9ko هذا هو شكل السفر بين المدن الأوروبية في زمن كورونا
vBsfx87Wl9g ماذا يقول هذا المصور الروسي حول تجربته في تصوير \
vCVEqOA7iDA كيف يخطط هذا الرجل تحويل لندن إلى أول حديقة وطنية بالعالم؟
vCvxuvygqv0 مدرجات بطولة العالم لألعاب القوى خالية في قطر.. فما الأسباب؟
vDXab4ppUlE عامل نظافة يكشف كواليس لقائه ملك الأردن
vETBABRuW-I لماذا يصف المصمم المغربي أمين بن درويش الأزياء بالهراء؟
vG-ZJeekhTI \
vGI0EYGQ2xI إجابات على أكثر الأسئلة شيوعا بعد تلقي لقاح كورونا
vIKL0iuRSdI ساحر يقوم بمفاجأة المارة بعطسة فريدة من نوعها
vIpUIbskW7U مساع حثيثة لإلغاء بريكست.. مع اقتراب انتخابات بريطانيا
vJO-0tztixE كيف يمكن أن تتقن فن الإقناع في شركتك الناشئة؟ إليك بعض النصائح
vLLFl69KRNY رحلة حول العالم دون أن تغادر بيتك
vNNaNuxFlHo نساء ليبيات من قمع القذافي الى المعترك السياسي
vNZKgMyr0Q4 الملكة رانيا بعد زيارة الروهينغا: يتعرضون للتطهير والعالم لا يرى المسلمين كضحايا
vOIRDosCsU0 حصرياً.. عبيد ليبيا: باعوني في طريقي إلى أوروبا
vOaKAtUzO50 فيلم \
vPl814F1hzY ‎أوباما يرقص من جديد
vQAcGPvrrkU السعودية تتراجع عالمياً وتحافظ على تصنيفها الإقليمي عسكرياً
vQWVukoH1Mk كيف تتم عملية البحث عن الصندوق الأسود؟
vQtdY7HRu1g كيف أصبحت فنادق لندن منازل مؤقتة لمئات اللاجئين الأفغان؟
vQvKfn06aPQ بومبيو: سنحافظ على علاقتنا مع السعودية لحماية مصالحنا
vRj8HXcdaoA هل لكورونا درجة حرارة يتكاثر فيها وماذا عن تأثير اللقاح على الحوامل؟
vRjUqPn7F2c البحرية الأمريكية تنشر فيديو لسفينتها الحربية الجديدة \
vSqrekI0Vbo حمية البحر الأبيض المتوسط قد تحميك أيضًا من تلف الدماغ ومرض الزهايمر
vURUZLas3q8 هذه \
vV2G3G55T0w رمضانك سليم مع أبو سعدون: هكذا تتجنب إسراف الطعام في رمضان
vW3hI5FSTwY \
vWRjuqzrkfc يشتاق لها.. هذا الرجل يصطاد 2000 أفعى بالشهر
vWn_d3FqSSA نيزك يخترق ويضيء سماء ولاية ميسوري الأمريكية
vWq2P1yri8s \
vXeDkvudY1I \
vYn7giCYh0k اللحية تثير الجدل بين أفراد الشرطة المصرية
vZR2DaCkuzs كيف يخترق قراصنة جهاز التصويت في الانتخابات من دون معدات؟
vZR_4Gg2Yjo حماس تطلق صواريخ في اتجاه تل أبيب بعد قصف مخيم الشاطئ
vZcBEas9kwI كيف حول رهان محفوف بالمخاطر هذا الرجل إلى مليونير فجأة؟
vbT8u6ftNfU لن تخمن ما بداخل هذا الكهف في تركيا.. كنيسة عمرها 1000 عام
vbpR_dR181k شاهد كيف رد بايدن على صحفي عندما سأله عن رأيه في بوتين
vbvrsRvvha8 وجبة خفيفة لمحبي الحشرات.. شركة حلوى تبيع الزيز المغطى بالشوكولاتة
vc6Vx4DX_GM أدلة جديدة تؤكد على حاجة الناس لتلقي جرعة ثالثة معززة من لقاحات  فيروس كورونا
vc82DE5Qlw0 أكاديمية لبنانية توضح ل搌NN التحول بشعارات المتظاهرين
vd2H1Ery5wI لا يمكنها الحركة أو الحديث.. هذه الفنانة ترسم باستخدام عينيها
vdSXYnP0vdw جوقة غناء للتخفيف من وحدة المرضى في لحظاتهم الأخيرة
ve5Q6MkMRNM شاهد الطريقة البسيطة التي تتبعها مذيعة CNN لتخفيف التوتر
veG_t3wysSg هيلاري كلينتون تطارد ترامب داخل البيت الأبيض
vf3LEG5nykA عاصفة الشتاء حالت دون عودة مراهقة إلى المنزل.. كيف تصرّف سائق \
vhCZiA_bM6Y دور مواقع التواصل الاجتماعي في أولمبياد لندن
vhW8WxoMpA4 مضارب بيسبول مكسورة تتحول لعيدان الطعام
vhxsVemL9S4 كيف تبدو وجبة السحور الأمثل؟ إليكم نصيحة \
vjR28G73-BI تجربة تفصيلية لمرسيدس EQS الكهربائية بالكامل واحدة من أكثر السيارات رفاهية
vjqSpszayNk قائمة بأقوى جيوش المنطقة وفق أحدث إحصائية
vjrTtnSDbSs هل هكذا ستبدو مركبات توصيل \
vkrSN7fvOjM مهرجان الوحل الأكثر \
vl8QArOzr60 جولة طعام في أحد أكبر الأحياء المسلمة بالصين
vlBDizZ0qVc شاهد.. مقاتلو طالبان يتفحصون مروحيات عسكرية تُركت بعد انسحاب أمريكا
vlGiuCxnNUs هل يستوطن البشر أكبر أقمار كوكب زحل قريباً؟
vlpi-VAWS28 داخل قصر هندي فاخر تحول إلى فندق
vlt0RYEqhBs هذا هو الشخص الذي يزين شوارع سنغافورة بالطلاء
vm_HBbEi9mc علاج رائع يساعد المشلولين للمشي مرة أخرى
vmqdkffrlcA أكثر مقاطع الفيديو غرابة في 2021 والتي حصدت أعلى نسبة مشاهدات
vnYNDAX78ok أبرز قدرات منظومة “خرداد” التي استخدمتها إيران لإسقاط \
vnrpYWfY510 بعد مرور أسبوع.. آلام ثوران بركان الكونغو لا تزال تؤثر على الشعب
voO5HqmS2hE هل يعود ترامب للرئاسة الأمريكية مجدداً؟ وما عدد المزاعم الكاذبة التي أدلى بها في 4 سنوات؟
vog5kgR8R_w متحف اللوفر بأبوظبي يستقبل مليون زائر بعامه الأول
vpbmnqwB4d0 اكتشف من الذي يتعقبك!
vqBucZv_Ur4 إدمان مشاهدة الأفلام الإباحية.. 5 رجال يتحدثون عن معاناتهم
vqCJrfptGNY فتاة تؤسس شركة بعد واقعة تحرش.. إليكم المنتج الذي تعرضه
vqySoua6bHw 6 خرافات حول مرض انفصام الشخصية
vsLJ3mbczrE إضراب سجناء وتنامي الغضب على إسرائيل
vt1VrlHE9ec مايكل أوين لشبكتنا: محمد صلاح ليس الأفضل في تاريخ ليفربول بعد
vt42Rl8Zjaw “الدراجات الطائرة” حلم أصبح أقرب للحقيقة
vt4G8KaQ-hA أجواء موسيقية فريدة خلال احتجاجات الأردن
vt6KbvWITCU قبل إصابته بكورونا.. هكذا قلل ترامب من خطورة الفيروس طوال هذا العام
vtf95MlTDBI العقيد تركي المالكي يوضح ل搌NN استنتاج انطلاق الدرون ضد أرامكو من الشمال
vth2-vLQbaI من يمكن أن يصبح رئيس مصر القادم؟
vtuNqyP04Gw طائرات تحلق فوقك على شاطئ ماي خاو
vulWqlTtwzM كيف تقيّم سعر العملات الرقمية بظل عدم وجود تاريخ طويل لها؟
vuqEXYJtqZY إكسبو 2020 دبي.. كيف سيقدم المعرض دفعة اقتصادية للإمارات؟
vvPupjXn5u8 \
vvWkBimPdPY قناصة حمص
vvxp_qpZT-8 مشاهد حصرية من مستشفى \
vwlrSXdOKVg دبلوماسي كوري شمالي سابق بالكويت يتحدث ل搌NN عن تجربة انشقاقه
vxY7Dje8cmY ما الذي نعرفه عن “سلالة دلتا” من كورونا التي تم اكتشافها في الهند.. وما مدى فعالية اللقاحات ضدها؟
vxhROdHEZoo ما هي كلفة صناعة آيفون 7؟
vxk56ew5Hf0 طفل يكشف لشبكتنا كيف دربه داعش ليصبح سفاحه الجديد
vyVpGX3Wtqg 5 حقائق قد لا تعرفها عن زيت الزيتون
vylMJiffuZs تركي الفيصل: تقديرات CIA بخصوص خاشقجي ليست بالضرورة صادقة
vzURzh4vt4M بعد 60 عاماً من إطلاقها.. لا تزال طائرة \
vzg5qLH2L9M المملكة المتحدة تعتمد على هذا المختبر الفرنسي لتزويد البلاد باللقاحات
w-PrZHZVCLE هذه هي منظومة \
w-XnSH9qDRM أبرز التحديات التي تواجه إدارة أوباما بالشرق الأوسط
w0EDutmlb74 أمور عليك الالتزام بها عند استخدام الإنترنت في المنزل
w0Hpghijzkw شاهد كيف احتفلت مدن العالم بالعام الجديد 2022
w0ao9a6GylI ليندسي غراهام: طرد ترامب لمولر سيعني بداية النهاية لرئاسته
w1r8_v6cyn4 أول فندق بالعالم مصنوع من الجليد
w2zhC6Kn_RY محلل: سعر صرف الليرة اللبنانية سيستمر بالانخفاض إذا لم تتخذ إجراءات
w47Bn0eG7gQ قصة فريق كرة القدم التايلاندي الذين علقوا في كهف لمدة 18 يوماً
w6NiDW7RPyY مدينة أوكرانية قد تكون أول جهة تتعرض لهجوم روسي.. كيف يعيش سكانها؟
w6YhFf4oLaM بايدن: لا أعتقد أن بوتين يسعى لحرب باردة جديدة
w78BmgnFC6k لماذا يتحدث مذيعو الأخبار بطريقة غريبة؟
w9jVuu72oSk تجلس لساعات طويلة وتعاني آلاماً؟ هذه التمارين قد تساعدك
wAEWBSvqebk ماذا وجدت الصحفية جنان موسي في \
wBqNwdDtsMg ميقاتي: نحقق بوجود المطلوبين باغتيال الحريري في لبنان
wDcGJxuEy-E قفزة مذهلة لقط من مبنى يحترق
wE3CiV_F2fY هذا الرجل في دبي ينتج ويستهلك ويعيد تدوير كامل طعامه في المكان ذاته
wFS5fDgFBFo آبل تكشف عن هواتفها الجديدة.. تعرف على آيفون XR
wFZ8sV6w4rQ اليونان بالأبيض والمغرب بالأزرق.. ما سر ألوان المدن؟
wFk80lNxufk هكذا يستعد المتمردون على الانقلاب العسكري في ميانمار للقتال
wGSC5sjuu_4 البحرين تعلن عن أكبر مركز للتكنولوجيا المالية بالشرق الأوسط
wH3UH0sWSAE ما المقصود بتجزئة الأسهم؟ وما هو الغرض منه؟
wHTCWi6Gbug اليمن في مواجهة أزمة غذائية حادة
wHZ0rR3X9tI الرئيس التنفيذي لمجموعة البركة يعلق على التعاون مع شركات إسرائيلية
wI73UILEwwI اتهامات بالتطبيع وجرأة وخروج عن الطبيعة: المسلسلات الأكثر جدلاً في 2020
wIKapQsRIPA مسؤولو قناة السويس يصعدون على متن سفينة \
wIbwsz2o7NE مبدع عربي.. ما هدف هذا السفير التونسي الذي لا يتجاوز عمره 16 عاما؟
wJHBCGCmeqU أولمبياد مع انعدام الجاذبية.. شاهد رواد فضاء يحاكون الألعاب الأولمبية بالمحطة الدولية
wK0gwwkcqFc دوقة كامبريدج: لا أستطيع الانتظار لرؤية مولودة هاري وميغان الجديدة
wLuWj88AHjM من هي كريمة عبود.. أول مصورة فوتوغرافية فلسطينية؟
wMIz4NMGZDk روبوت مخصص لسلامة أنابيب الصرف الصحي في دبي
wMKTk5TvWN4 الهلال على عرش آسيا.. كيف انتزع الزعيم اللقب من اليابان؟
wMjK5L_fVQg هيكل روبوتي يعيد الأمل بالمشي لذوي الاحتياجات الخاصة
wN8CgbNH2fo وثيقة قديمة تتحدث عن زوجة للمسيح
wNt4ehN_bS0 بعد وفاة ممثل \
wO1myofeSk4 أيرلندا.. صيادون يواجهون البحرية الروسية ويجبرونها على إبعاد سفنها الحربية
wOzr8XWxfLI في كيرلا بالهند.. اختبر العيش في وئام مع الطبيعة
wPGIACzbXn0 في مقطع تشويقي جديد.. مارفيل تقدّم أول بطل خارق آسيوي
wPX-QR2FNQg لحظة القبض على غواصة لتهريب الكوكايين في أمريكا
wQCqMy-mZUo داعش حوّل تل أبيض لحقل ألغام
wR76cMJ9M8w داعش يجمع الأيزيديات ويغتصب فتيات في سن الزهور
wS-x_kMGQio شاهد إطلاق هذا الروبوت الروسي النار من مسدسه
wTAOUaYzAZ0 إليك ما يمكنك رؤيته في هذا المتحف للسيارات القديمة بالإمارات
wTTU-dsElMs العقال التقليدي.. سلاح قوي للمرأة بأزياء زيد فاروقي
wTTy-rbwm1Y ميادة الحناوي تكشف عن مشروع غنائي جديد
wUzI-k5zDC4 في مكاو.. هل ينجو سحر اللافتات اليدوية في وجه العصر الرقمي؟
wVPfgQh8Iok \
wW4e9mjEp8M جاغوار تكشف عن الجيل الجديد من سيارتها \
wWYkxrStI4A خديجة جنكيز: سأتحدث للكونغرس عن خاشجقي ومستعدة للقاء ترامب
wWxJLbDvKEM مصر: من عذب وتسبب بقتل محمد؟
wX05AFLNZxM رئيس صندوق الاستثمار الروسي ل搌NN: لهذا السبب اخترنا الإمارات لتجارب لقاح كورونا
wXPrEFqJ5M4 انتقادات لاذعة بعد ولادة \
wX_hMR4Bkpw بعمر 16 عامًا.. تعرف على الشاب الذي يزوّد نجوم \
wYZM-Aidums لا يمكنهم القيام بـ\
wYtEAYGSVb0 تعرف على هذا الدير المعلق بالسماء بجورجيا
wZi4rg9So5w قلق بشأن كيفية تعامل إيران مع كورونا.. ومعدل الوفاة أعلى بكثير من المتوسط
w_7TqY93JzY \
w_FxlgFTfV8 ماذا كان دور كل واحد من منفذي هجمات باريس
w_SQD9tXoEU \
w_T4aC60Oh8 طبيبة أمريكية ل搌NN: مرضى يبصقون على زملائي من أصول آسيوية بسبب كورونا
wakzCptPzkk فقط في أبوظبي.. أول سينما \
wb5doDG85ro على وقع أصوات الرصاص.. مذيعة CNN تسأل أنصار ترامب: ماذا لو خسر؟
wbMpQJTz5lk لماذا يعد اكتتاب أرامكو حدثا فارقا للسعودية؟
wcwFN_gDewY بعد انقلاب ميانمار.. من هو مين أونغ هلانغن المتهم بـ\
wduvysdEjdg لاحقت جثث الموتى في القبور.. الفيضانات تحول بلدة ألمانية الى دمار
wenygfgCuq4 أبو جبل يرد على سؤال عن حالته العائلية وزوجته تعلق.. \
werYPMdCUsk ضجة على الإنترنت.. هل حواجب رئيس وزراء كندا مزيفة؟
wfGhzObq5d8 شركة تستخدم ثقافة القاهرة القديمة بنمط جديد من الأزياء
wftN5Tg_OnQ كيف يبدو صوت بيانو بطول 15 قدماً؟
whnbkRlN4Ag شاهد كيف تتحول هذه السيارة إلى طائرة في أقل من 3 دقائق
wi3ObpnFdrw هل نرى نهاية لجائحة فيروس كورونا في الأفق؟ الدكتور سانجاي غوبتا يجيب
wiArkFUZl-Y من سيفوز بنهاية الصراع بين سامسونغ وأبل؟
wjFlEXkmgj0 دراسة جديدة تكشف عن ارتفاع في حالات الإصابة بفيروس كورونا بين الأطفال.. ما سبب ذلك؟
wjmcwv5rcnM أول آلة للانتقال الآني وعبر الزمن في إكسب دبي
wkBncRasDtY \
wkgBlp3Dhh0 مطعم \
wlKSEdHbgck بالموز والكاري.. نظرة مختلفة كلياً للبيتزا في السويد
wl_aonZyrI8 رحلة الإمارات إلى الفضاء.. إعلان اسم أول رائدي فضاء عرب
wlxNomqTtkg شركة سياحية تعطيك الفرصة لرؤية الشفق القطبي من منزلك
wn9KNvuT7iE أبل تبني سفينة فضائية
woiD4sFBsWY إليكم ما فعله هذا الرجل لحماية الملايين من البطاريق
wovGDKkaIQk ثنائي يخوض مغامرة تبادل الطائرات بالسماء في أول تحدٍ من نوعه
wpkdWfU3Sx0 هنود يطاردون نمرة قتلت عشرة قرويين
wpy-hR8G2sw مسقط رأس هدية إسبانيا الفنية للعالم.. هكذا يبدو متحف بابلو بيكاسو في مدينة مالقة
wqMcJ4W5BMk ول محطة عائمة لطاقة الرياح البحرية بالعالم
wqXY8NyGsM8 شيفروليه تكشف عن سيلفرادو EV الكهربائية.. إليكم ميزاتها
wqimPycAKiM ما هي عملة الدوجكوين الرقمية؟
wrWGbdyVD2A نجلا خاشقجي حصرياً ل搌NN: نثق بالملك وجمال ليس معارضا أو من الإخوان
ws7yRd75_Es مختبر الذكاء الاصطناعي في دبي
wsUzwLqB8F4 جد يهدي أحفاده حافلة مدرسية في عيد الميلاد.. والسبب؟
wsmifNzimJ4 هذا  ما حدث عندما أعطت امرأة صليباً للإمام صهيب
wt2HVikp7K8 رغم جائحة كورونا.. شركة تطلق صندوق استثمار ب񤁠 مليون دولار للشركات العربية
wtbX2uYX3fM مصر تخرج من قائمة أقوى 10 دول عسكرياً بالعالم
wu6wtKfaiOQ رئيس السياحة السعودية: لا نروج لعقلية الاختلاط بقدر الحض على حياة طبيعية
wuIUsrEoCgE تفاصيل مرعبة لطائرتين بعد نجاتهما من حادث اصطدام
wv5c3ZUImIA تعرف إلى \
wv7DRyH6xpU قبل يوم من تعرضه لوعكة صحية.. هذا ما قاله هاني شاكر ل搌NN وحقيقة وضعه الصحي
wvBc_MUbwvE لقطات خلابة لبراكين متفجرة وآثار المايا بنوع جديد من التصوير بطائرة بدون طيار
wvS0TzWiiy4 نادين لبكي وريم صالح في رسالتين للمرأة في يومها
wv_7MGea3Nk تكنولوجيا تكشف الكذب من خلال عينيك
ww76N4ObWWQ كيف ستساعدك ممارسة التمارين المكثّفة في إطالة عمرك؟
wwOvVedixp8 مشاهد حارة وجدل خارج عن المألوف.. من يواجه مسلسل \
wwT8ONbvHLA المدير المالي لجونسون أند جونسون ل搌NN: لقاحنا قد يسد فجوة النقص قريباً
wwf0aGFw8xY من الأكثر عرضة للإصابة بفيروس كورونا المستجد كبار السن أم الأطفال؟
wx6VwCZS8KI ههذه أبرز قدرات قاذفة B-52 الأمريكية
wyez7sDjWXc خرافات منتشرة عن التمارين الرياضية
wzCWtF3uCFc البرتغال تروج نفسها كخيار آمن للسياحة بين جيرانها في ظل كورونا
x-gFPUYZHQA \
x-ys56My1_4 من رضيعة إلى 14 سنة في دقائق
x0aC83prLeY وليد زعيتر: الفن يجمع الناس
x0iOd9vtPAY مصر والسعودية والامارات.. ماذا تخفي سنة 2017 لها اقتصاديا؟
x0j0bvUNlcI دبي تريد تسريع الانتقال إلى العملات الرقمية.. تعرف إلى السبب
x0x07VxoHSo ‎الأسد يتهم المعارضة بالكيماوي وواشنطن تدرس دعمها
x2iqzA3ISuk رحلة إلى الماضي.. هكذا كان التسوق الإلكتروني في العام 1998
x3EwqocaDIg لغز مرض جديد \
x3uJdUMNaOk بعد داعش.. هذا ما تبقى من مدينة هجين السورية
x3w-sOf0y8s دليلك بالإمارات.. هذا ما يمكن فعله بوجهة تجمع بين الفخامة والأدرينالين
x4dTICMRni8 تعرف على معاني وأسباب وشوم بعض أبرز رياضيي العالم
x4dtm24F4wM جولة في متحف القهوة في دبي
x56M3xE7u2c لاجىء سوري يروي الرعب الذي عاشته عائلته بحلب
x6iGGanvvDo محمد القرقاوي: فقدنا 500 عام والذكاء الاصطناعي هو المستقبل
x8cnS0uVlKc الطفلة بانا بمقابلة حصرية معنا من شرق حلب: لم نخبر أحد بمكاننا
x8v6myX_nsA استكشف زوايا لم يتواجد فيها البشر بهذه الكهوف البحرية
x9-yrCAGOHg 5 قوانين وأعراف غريبة من حول العالم
xABO2lYxcHU الطوارئ لإيقاف نشوة جنسية لسيدة استمرت 3 ساعات
xB6E3iDPNTk كم هي تكلفة صنع هاتف آيفون الجديد؟
xBFGws6CDrQ السقوط: آخر أيام \
xBH6QKq2YiE هل المقاتلون المتطرفون الأجانب الأكثر تأثيراً هذا العام؟
xBlsXXBJUtk هل يأكل كل الصينيون الحشرات والكلاب؟
xCBPp932d_k هل تُسقط العواصف الطائرة؟ إليك 5 خرافات عن السفر
xCEeC1Ht7Ts شاهدا عيان يرويان ل搌NN تفاصيل مداهمة أبو بكر البغدادي
xCLmMfikOks كيف تتجنب مخادعي التسوق على الانترنت؟
xEPghhoSUuA راكبا أوبر يبثان رحلة \
xEQRkesVVjI جيجي حديد تدعم اللاجئين الأوكرانيين وأنجلينا جولي في اليمن.. إليكم الأبرز في أسبوع
xEQtzvPVQLo في الكويت.. طائرات \
xEbADBF2208 مصورة تلتقط صورا مذهلة نتيجة \
xF-NGRpj7h8 خبير اقتصادي لبناني ل搌NN: تقرير البنك الدولي يعني أن لبنان أصبح في القعر وليس في حالة انهيار
xF0DTqZFROA تظاهرات الجمعة تتواصل في لبنان احتجاجاً على الضرائب
xFPVNbdYkhw لن نكشف اسم هذا المستشفى بسوريا خشية نهبه
xG-wjZQ2B08 شركة تقدم دورات تدريبية متخصصة في تذوق القهوة وتخميرها.. هل تريد أن تصبح خبير قهوة؟
xG9HudtuYAw بعد استقالة حكومة حسان دياب.. كيف سيبدو مستقبل لبنان؟
xHV-dUACJ2o مذيع CNN يعود من الحجر الصحي في قبو منزله إثر إصابته بكورونا
xHyw-UICqNs قصص صادمة.. هاربات من داعش يُستعبدن جنسياً في العراق
xILomtZ-Zac أطباء: التجربة خير وسيلة لتعليم المراهقين
xK74XrBwq3Q كبسولة تنقل البشر لأبعد مسافة يصلها الانسان بالفضاء
xKI1wCwS6lQ تغازوت المغربية.. قبلة عالمية لركوب الأمواج
xKI88yY9NG0 قابلوا ملك هذه الجزيرة الإيطالية الصغيرة
xKSzJfInXmY ‎مصريون يعيشون أزمة الغاز يوماً بعد يوم
xK_K-bDA5yM مراسل شبكتنا في أوكرانيا يكتشف جلوسه بجانب قنبلة على الهواء.. شاهد رد فعله
xL1N6FOXGww وثائق مسربة تكشف \
xL7BvDUPoIA كوكب ربما لم تسمع به من قبل
xLFwB628Kf0 تزايد الطلب على مكاتب الزواج في أوكرانيا
xLqWIv6ed-U روبوتات قد تقشعرّ لها أبدانكم
xMJGIyKYsw0 نهاية مونديال الأندية بغصة على الهلال والأهلي.. تياغو سيلفا أفضل لاعب؟ وتشيلسي يحقق اللقب الأول
xMkqY-InsM0 هند صبري:  دفعت ثمن آرائي القاطعة.. وهناك من يتعمد إبعاد المثقفين عن مساحة التأثير
xMxnwE6GVoU فنزويلا: من هو خوان غوايدو ومن أين أتى؟
xNHFGq6TTA8 كرة نارية غريبة تعبر أجواء اليابان
xNbgVtDvm5Y تكنولوجيا ستتيح لنا لمس الأجسام والأشخاص من على بعد
xQ98QNZa_Gs اضطرابات جوية شكلت كابوسا هو الأكثر رعبا للمسافرين
xR8imFaDBTc هل تصب قرارات مرسي بصالح الثورة أم تؤسس للاستبداد؟
xRVu1xnqR10 منتجع فاخر في مصر يجذب السياح بأعمال فنية معاصرة
xRu788BTXcw بين تركيا وأمريكا.. شمال سوريا قد يشهد حرباً جديدة
xT0_OjWsGZo بين إنجلترا وإسبانيا.. لاعبون فاجأوا جماهير أنديتهم بتألقهم
xTGFtMWgHHM دونالد ترامب بالمناظرة الرئاسية: \
xTTnI1Ywxlo أوكرانيا تعزز قواتها على طول الحدود لمواجهة توغل روسي محتمل.. هل بدأ العد التنازلي؟
xUYp0_tXAW0 بيل غيتس ل搌NN: طلاقي من ميليندا مصدر حزن كبير.. وعلاقتي مع إبستاين خطأ فادح
xVCizDtM1UA تجربة بيراميدز.. بين الإيجابية والسلبية
xVRTCxrjBsw شبكة CNN تذهب إلى مصدر تفشي فيروس كورونا الجديد في الصين
xWm_dQXfrOw تمارين لـ 10 دقائق تزيد من قوة ومتانة أجسامكم والشعور بشكل أفضل
xYEknh7MYHw كلبة تدفن رضيعها بالعراق
xYmcqNAX3xI لاجئان سوريان يرويان قصصًا مرعبة عما عايشوه من وحشية جنود بيلاروسيا
xafWipawS3c ما الذي يحدد سعر الوقود الذي تدفعه في المضخات وما التكاليف التي يشملها السعر؟
xai6SoSwLpw ماذا يدور داخل عقل جوناثان أندرسون.. المدير الإبداعي لعلامة الأزياء “جي دبليو أندرسون”
xax6PNMTXWQ راسموس هويغارد.. المراهق الذي يمثل مستقبل لعبة الغولف
xbNmqnTjoLI المهاجمون ادعوا أنهم ضباط أمريكيون.. كيف تم اغتيال رئيس هايتي؟
xb_bOrTJ_QM بعد غالاكسي S9.. هل تسترجع سامسونغ مكانتها كأفضل صانع للهواتف الذكية؟
xct6SvUSNZ4 مراسل CNN ينقل آخر تطورات الهجوم من أمام منشأة نفطية في أبوظبي
xd4LZInraXs باستخدام البالونات الملونة.. رجل يحلق مئات الكيلومترات في السماء
xdP-PA8kBy4 أغرب طريقة لصيد السمك في سريلانكا
xf3KS9ZGEfQ العثور على مسارات لحيوان في الصين يعود لأكثر من 500 مليون عام
xf6rENVSoV4 خبراء: الصراع على أكبر مدينتين بسوريا بدأ فعلا
xf__pXTg_1g الملابس الداخلية..هل تخص النساء فقط أم الرجال أيضاَ؟
xg2HSF4byDI اختبار رنج روفر فيلار.. ما هي قدراتها على الطرقات الوعرة؟
xib-bSY99dc رسالة من وراء زجاج
xidUpET-xu4 رعب ودمار.. آثار أقوى إعصار
xjQ0uFGLoss ما الآثار طويلة الأمد لكورونا التي قد يتعامل معها ترامب بالأشهر المقبلة؟
xjVf5KSQDnM كيف تجهز أطفالك لوظائف المستقبل؟
xjirGJBulGA عهد التميمي تخرج من السجن حاملة \
xjut5shXNNI فيديو لشرطي يرقص ويغني داخل سيارة شرطة ينتشر بجنون
xkMGonx6Bn4 خلف الكواليس مع بعض من أشهر الدمى في العالم
xkh8xAlFI9c تويتر موسيقى.. ممنوع لمستخدمي \
xkmJzvSOfjc معركة دموية ومدمرة.. شاهد كيف يحاول الجيش الروسي اقتحام كييف
xkz17YRWIvY في السويد.. يضيفون \
xmM0_8yJygE حادث مميت يفتح تحقيقاً في خاصية القيادة الذاتية بسيارات تسلا
xnW6e2SVwl4 هكذا تساهم أكبر مركبة كهربائية في العالم بحماية البيئة
xoP4KNpyEes الغضب تجاه الاغتصاب يجتاح إفريقيا
xoW6cZk7AP8 قائمة بالخطوات لحماية الأشخاص من متحور \
xosPoOBL6hA أول ضربة في عهد بايدن.. قصف أمريكي لمواقع ميليشيات مدعومة من إيران في سوريا
xpHEQNu8C34 ساعات قبل المونديال.. هل البرازيل مستعدة؟
xphJ7zWjbkU الجيش الأمريكي يقصف معداته العسكرية التي استولت عليها طالبان بأفغانستان
xpkTXxn0RbI هل تتاح المكالمات الصوتية عبر \
xpr6XzdvImc قضية خاشقجي.. ضغوط على أسهم تويتر وتساؤلات حول \
xq5iYCGEi4M خفة في العواطف والجسد.. هل تريد تجربة ممارسة اليوغا تحت شلال متجمد؟
xqct3Xj_zQA الجيش الأردني يستقبل لاجئي سوريا
xs67yl9_Imc جبل جليدي ضخم يهدد بلدة بأكملها
xsGQsJe-hDg القصير ..مدينة اليأس
xstPj9vHEFk هذه أول روبوتات حية وذاتية الشفاء في العالم
xtJ92Q49vW0 حطام طائرة غارقة يتحول لأكبر متنزّه غوص بالعالم في البحرين
xta5R7bLfRs هكذا تحمي نفسك من لصوص الهواتف المتحرّكة
xtj-3-HxRnI هذا ما قد يعنيه اختبار الأجسام المضادة لجائحة فيروس كورونا
xuJHQJCEGyk لا تصدق هذه الخرافات الخمس عن التبرع بالأعضاء
xuQ7IVXgna4 ليبيا: إغلاق صناديق الاقتراع بأول انتخابات حرة
xuhoKa-JKno البحرين تسعى لتنشيط اقتصادها بعد اضطرابات سياسية
xvrOPWGeqsI استعدادات لاستقبال سباق الفورمولا 1 بالبحرين
xwDj-3ONMIs القصة غير المحكية عن مركز دبي التجاري العالمي
xwTbpgARjGM تصادم قطارين قرب العاصمة الروسية
xwocyIvvnWo باحثون يطورون لقاحاً لفيروس كورونا يشبه بخاخات الأنف..كيف يختلف عن لقاحات الإبر؟
xx-dHV7_VPw كيف سيعثر على حطام الماليزية وهو مغطى بالطمي؟
xyYxx1ZORj0 لوحة دافينشي “مخلص العالم” تُباع ب مليون دولار
xzAQACICqv4 أقدم عرض سيرك في فيتنام يستخدم \
xzILHBksSq0 أكبر لوحة في العالم على القماش في دبي
xzR_tpyX0hU صور “سيلفي” بدلا من إدخال الكلمة السرية
y-cqWd6qTkw سيارة مكلارين 570S.. سيارة خارقة للأثرياء باعتدال
y08ubbB0vsU \
y0C6WobWG6g هل تشفي المضادات الحيوية من الزكام تماما؟ إليكم 5 خرافات
y1PVf_2Gs20 طبيب لقاحات في أمريكا يكشف عما يخيفه من نجاح لقاح ضد فيروس كورونا
y1WE-JtRfHc رجل من فلوريدا يتفاجأ بتلقيه نسختي يد متماثلتين عبر خدمة البريد \
y25_NYo56o4 بيبسي وراء الأجسام الغامضة في سماء لندن
y2bHOPelFDI من إيران إلى تركيا ومصر.. 5 متغيرات تحدد مستقبل شرق المتوسط
y3In2jBgGJI هولندا تدفع ثمن أفكار مدربها وخطأ دي ليخت الكوميدي وتودع اليورو
y3Jn_DGTykI ترامب يهدد إيران ويصف زعيم كوريا الشمالية بـ\
y3LrJKbTGNk مقارنة بين قوة الجيش الروسي ونظيره الأوكراني وفق أحدث إحصائية
y3XaC60Tg84 بعد خطاب بوتين بلحظات.. كاميرا CNN ترصد أصوات انفجارات في كييف أثناء بث مباشر
y3j7hoXGTxo كيف سينعكس تطبيع الخليج مع إسرائيل على إيران؟.. إعلامي سعودي يوضح لشبكتنا
y44b7nNCE6U الإمارات تصنع التاريخ بأول مهمة بين الكواكب في العالم العربي
y5ovLC1Lae0 هذا ما قاله وزير خارجية أوكرانيا ل搌NN عن بوتين وسط التوترات المتزايدة مع روسيا
y6CSNoT18nU كيف ساهمت وسائل التواصل بجعل محمد صلاح قدوة في مصر؟
y6GNzmS-ims هذا ما جاء بتقرير FBI حول الاشتباه بدور سعودي بهجمات 11 سبتمبر
y6w8NvKy2T0 الثوار يستعدون لحسم \
y7W-gCyphNs أم تتنكر بزي طالبة لاختبار أمن المدرسة.. شاهد ما حدث
y80LGysSozs نائب مدير منظمة ترامب السابقة: الرئيس قد يستقيل ليتفادى عزله
y8DNuX8cVI0 تحدي تشيريو يسلط الضوء على الآباء
y9J9zV_YY5o مصر: سكان جزيرة \
y9ZH9W-BCTU \
yA-Dl8jXiio مزايا أول سيارة كورفيت مكشوفة بسقف من قطعتين
yAHnujzjFQc جدار يعكس الحواجز الحقيقية في لبنان.. ولكن ما سر فجواته؟
yAYaMAPcVtA عنان: بعثة المراقبين آخر فرصة لمنع حرب بسوريا
yBHjCmI5UaE ديزني لاند في شنغهاي تفتح أبوابها من جديد أمام الزوار في ظل فيروس كورونا
yBX40hRPjx0 \
yDJkZ1qnEQ0 أكبر نادٍ للأسلحة في لاس فيغاس‎
yDxQnllyaus كيف يجنّب هذا الحذاء سقوط صاحبه؟
yENTvQjvEVs موقف \
yESuZhHBbck مجازر جماعية انتقامية في العراق ضحاياها سنة وشيعة
yEmSglOrap8 جسم غريب يهبط من السماء في روسيا
yFbFFGOO_3U حساسية أو إنفلونزا أو كورونا..كيف تعرف ما سبب مرضك؟
yG5vwmPAzXc فهمي: مصر ستجد بديلا للمساعدات الأمريكية
yGcaBm9rLSA قيس الشيخ نجيب يعيش تحولات عاصفة في رمضان 2019
yGhyEliQmSs من يملك القدرة على فرض وقف إطلاق النار بين الإسرائيليين والفلسطينيين؟
yGsNWy6WJII أرنولد شوارزنيجر لمعارضي التطعيم ضد كورونا: \
yGus4dwr4kE ردة فعل محمد صلاح بعد سماعه أغنية الملك المصري
yIPYOPDkzSc هل يتمكن \
yIgS_BD3l3w دراسة: أكثر من الأكل صغيرا تنحف كبيرا
yJDFbaqL2cE محمد صلاح يسجل هدفه العاشر بالبريميرليغ دون احتفال.. لماذا؟
yJquC6otVTs نادي كرة قدم إسرائيلي: نبحث عن مستثمر إماراتي لتنمية فريقنا
yKRcpIFNXoU مكاسب \
yKpSawWta88 باريس سان جيرمان.. هل حان وقت تحقيق الحلم في دوري أبطال أوروبا؟
yMnylcZuR30 للمرة الأولى في التاريخ.. مصحف نادر يغادر من أمريكا إلى إكسبو 2020 دبي
yPRBYvZBvEQ ناسا تطلق صاروخ دراغون لشحن طابعة ثلاثية الأبعاد إلى الفضاء
yPboOmCDRKo غارات فرنسية على داعش وتزود المقاتلات بالوقود في الجو
yQNW0_0p3nQ \
yQfrXu-rb_Q عندما تشيخ الذئاب.. \
yQvjAOeg5SA فتاة تعرض عذريتها في مزاد بالبرازيل
yRDtELrMApo يشبه فندق الأشباح.. مراسل CNN ينقل حال فندق المطار في هونغ كونغ بعد انتشار المتحور \
yRqHV_ENgXA قصة مؤثرة.. عائلة تستمع لنبضات قلب ابنها الميت
yS-DB_2FNsM فيلم فلسطيني ينقل جدار الفصل إلى الأوسكار
ySob5hRM61U إيرانية تتسابق كالمحترفين على دراجة نارية
yTe1i2eiPic هذا الروبوت يمكن أن يكون بوابك المستقبلي
yU1ORk3XaGw متحدث باسم طالبان يتحدث ل搌NN حول مفاوضات السلام مع أمريكا وخروجها من أفغانستان
yUHsj8ojb-U تطبيق يسمح لك باستخدام مراحيض يوفرها غرباء
yUjoVKN-YtU رقص الهيب هوب يجتمع برقص الباليه في الـ”هيبليه”
yUy5-QGrZY4 وراء الكواليس مع باسم يوسف
yVmR_f4KFfs كيف يحضّر الزرب أو المندي بالطريقة الفلسطينية؟
yW7KqfI-i20 هل يستيقظ بركان آيسلندا الذي أفزع أوروبا من جديد؟
yWnEJnUcHlk أكثر 10 جيوش امتلاكاً للدبابات في العالم
yXLylr9hJhM صدمة الأوكرانيين بعد دخول قصر رئيسهم المخلوع
yXaV01CA2JM يُكتشف موتهم بعد مدة.. نظرة على خدمة تنظيف \
yYLYKtxMPIA كيف حاول لصوص سرقة حجر ثمين سعره 31.8 مليون دولار؟
yYQW-XvpIjc متحف تحت الماء في جمهورية الدومينيكان
yY_nPcc2OkM اليمن.. حلم السلام المطلق يبقى بعيداً
yZGAC-ZXhhU ما هي أكثر البلدان سعادة في العالم؟
yZk0PapbhKg يمكنك \
y_1svXvHWHI في 60 ثانية.. استمتع بجولة سريعة في بيروت
y_D5vYPUl0Y بايدن يرسل رسالة لروسيا في خطاب \
y_jaXy1P_fk أفضل النصائح الصحية من الدكتور سانجاي غوبتا مع حلول العام الجديد
y_mgVdt6ixM الأب باولو: جسدي فقط خرج من سوريا
yaAE124eRRo بنك في أمريكا يضم أكبر مجموعة من الأدمغة البشرية في العالم..بماذا تُستخدم؟
yaH6LN-N5Y4 هكذا تصنع سجادة عجمية بنفسك بإكسبو 2020 دبي
yaQchisa1-U فنانة مصرية تشعل النار في أعمالها الفنية بصحراء دبي.. لماذا؟
ychSTkz8F6I كيف تحمي نفسك من السرطان وكيف تتجنبه بأسلوب حياة صحي؟
ycvKnUMEQrM ما الفرق بين الأسهم العادية والأسهم الممتازة؟
ycyPvnse5Bg مالكة مطعم تبتكر طريقة فريدة لإقناع موظفيها بعدم ترك عملهم
yegCG3FoHx8 إطلاق نار يفاجئ مراسل CNN أثناء إعداد تقرير عن التوتر شرق أوكرانيا
yf4rT414L2A ‎‫\
yfAClZA6xQc الإمارات.. هذه الآثار المتوقعة لنظام العمل الجديد وتغيير عطلة نهاية الأسبوع
yfZZetgo9Ms أصوات محرجة بجلسة استماع لمجلس النواب تدفع مذيعي شبكتنا للضحك.. ماذا حدث؟
yg28qoQYrck شاحنة مصنوعة من الثلج!
yg8DRKCMpi0 شاهد هذه السيارة الخارقة وهي تكسر الرقم القياسي العالمي للسرعة
ygxcI4f039Y هذه الشركة في سنغافورة تصمم حدائق قابلة للأكل
yjE2w0r7m6w كالامارد ل搌NN عن تقرير العفو الدولية: ما تمارسه إسرائيل ضد الفلسطينيين فصل عنصري
yk9CGaZdAaw 8 نصائح لإخبار الشريك سراً صحياً
ykuWYs0Eoyo ما أسباب نهاية علاقة تركي آل الشيخ بالرياضة في مصر؟
ylUY8Khlr3Q الأعجوبة الجبلية موقع تصوير فيلم \
yoAXLf3NxOI البريطاني هيدجز يتحدث ل搌NN بعد العفو عنه في الإمارات
yoBkiYsqDCU إبن رئيس \
yoMOlOaefoM خلف الحبتور ضيف سي ان ان مجلس - الجلسة كاملة
yoPiZX1Tnw8 من تعرضها للحرق وهي طفلة إلى تصميم أزياء السجاد الأحمر
ypHRBLqh4r0 يمكّنهم من إطعام أنفسهم وبيع الفائض..  مشروع للزراعة المائية يدعم قرويين متضررين من كورونا
ypKy848LMSg حصري: CNN تكشف عن \
yplDKlc71FQ كيف سيساعد الـGPS السعوديين في إثبات تورط إيران بهجوم أرامكو؟
yqEn9yD0UIs سكان مدينة \
yqXwhz3Rw6A معاناة مروعة لرجل عانى من فيروس كورونا.. كيف تحسّن؟
yqeMt3snkbg حمم بركان \
yr4TdpCo9EY سيدة أصبح وزنها 34 كلغ بعد 700 يوم تحت حصار حمص
yr4q2asFIPE أردوغان: سأوافق على ما يقرره البرلمان بخصوص إعدام المخططين للانقلاب
yrvWpkxVdw8 تمسح 100 شخص بالدقيقة.. هذه مزايا النظارة الذكية في دبي
ytIQ5AkZ1nk متى تنتهي كورونا ونعود للحياة الطبيعية؟ هذا ما قاله رئيس مودرنا ل搌NN بالعربية
ytmLXuCsy1c اعتقالات تلف أوروبا وشبح الإرهاب يخيم على القارة
yty8ipiuqLU حصرياً.. CNN تدخل مصنع الإمدادات الطبية لتعزيز إنتاج معدات الوقاية في أمريكا
yu6Gsc0N3wI لهذا السبب قد ترتفع عملة بيتكوين ب搃 أضعاف خلال العام المقبل
yu7k6xgFwmc احذر.. خمس مستخدمي الانترنت يتعرضون لسرقة بياناتهم
yuWPXrd6Sxc تصاميم عربية عصرية.. هدفها تسهيل الحياة وإعادة إحياء الحرفية
yuy6qTdKLt8 #المؤثرون_2014: اللاجئون في الشرق الأوسط؟
yvMAdc0mxgg “السمك المسكوف” من الماء إلى الشواء.. هذه أشهر أكلات المطبخ العراقي
yvN43_Y7-Rg جهاد أزعور يوضح تأثير أزمة قطر على اقتصاديات المنطقة
yvV2G0Vek4k سفير قطر بأمريكا: من لديه أدلة على دعمنا للإرهاب فليقدمها وتغريدات ترامب فاجأتني
yvVhn4ggPrE جراحة عاجلة لإزالة ورم قاتل من رأس سمكة ذهبية
yvtYy3WpARY إكسبو 2020 في دبي يبني \
yvuZDB2Tbq8 حصريا على شبكتنا.. رحلة محفوفة بالمخاطر إلى حلب
yvvNBmdWR3U هل سيحتاج الذين يحصلون على جرعة معززة من لقاح كورونا لجرعة معززة أخرى بعد 8 أشهر؟
ywVZoLEj4Xg كاهن يفاجئ فتيات بمشاركتهن الرقص خلال احتفال في فلوريدا
yxiKLq5CJmk دارين بربر.. لبنانية بساق اصطناعية تدخل \
yyA6wLpEnPk ليفربول.. متى ستكون ردة الفعل بعد \
yzCG6WiJjog أردوغان متحدثاً عن استفتاء تركيا: في كرة القدم.. المهم الفوز وليس فارق الأهداف
yzR0l0J7FpU تجربة ماكلارين سينا.. سيارة خارقة بتقنيات فريدة من نوعها
yze7EE1pc-o في جناح فيتنام بمعرض إكسبو دبي.. شاهد كيف صنع حذاء من نفايات القهوة
z-1HmSOGVrE فقدان مائة دماغ لمصابين بأمراض عقلية
z0F7iiIdubM لحظة وقوع زلزال بولاية أوكلاهوما على الهواء
z0MOg9jf-rQ دريد لحّام: ما يحدث في سوريا \
z2YiSv9vOwg مجمع الطاقة الشمسية هذا في دبي سيصبح الأكبر في العالم
z38jZ1PqBTg جامع الشيخ زايد في أبو ظبي.. \
z4NNMj2EB7o لقاح فيروس كورونا قد يتطلب جرعتين ليكون فعالاً.. ما هي المضاعفات التي يمكن أن تنشأ عن ذلك؟
z6BuVYDk6b4 كل ما قد تحتاج معرفته عن سماعات آبل \
z6soMO4A2OA شركة ناشئة في دبي اعتمدت أعمالها على التجمعات.. كيف استمرت؟
z7Mcqdh5Cyg كيف غير الاحتياط النفطي الاقتصاد في العراق؟
z7Nitx_FsTs كيف تُصنع القهوة السودانية؟ وما هي الجَبَنة وكيف تكون طقوسها؟
z7auEsdWptg كويكب ضخم يمر قرب الأرض والعلماء “يترقبون”
z7zCOTTQWoM فقده بسبب السرطان.. ممثل شهير يعيد صوته باستخدام الذكاء الاصطناعي
z8L9m0B77L8 اكتشف \
z8YWo68g-Zo رقص واحتفال ونهر تملأه الأضواء والألوان.. لكن قصته حزينة
z9DGzrI53jQ ما هي أفضل 10 مدن لزيارتها في عام 2019؟
z9HuKKD4WAs رأي: هذه الخرائط تظهر الأسباب التي قد تدفع بوتين إلى غزو أوكرانيا
zA2-Aw0KoY8 ما هي آخر اتجاهات العملات الرقمية للعام 2018؟
zB5GGDsXTZ8 دولة داعش النفطية كيف وكم تنتج وتبيع يوميا؟ ومن يشتري نفطها؟
zBFbLBzXp1s النجم جستن بيبر داخل سجن ميامي
zBtyvoc8eY4 هذا ما يحصل في دماغك لدى ممارسة الرياضة
zBupiIao3co بين صعب ومراد ونكد.. أزياء المصممين العرب تجتاح منصات باريس
zCEGQIhOqmU بعد تحذير من هجمات \
zD3JLvPzu_A كيف يؤثر النوم على حياتنا اليقظة؟
zE1G7YJ7c-Q ما هو المعدل الطبيعي للتبول في اليوم الواحد؟
zEjTEYvjxew بعد نظريات المؤامرة.. هل هُندس فيروس كورونا بيولوجيا بيد الإنسان؟
zFK14riZNRE السعودية تدفع الأموال لمواطنيها بعد رفع الدعم
zF_T7KDEVsw الحرب السورية تدفع البشر لفتح قبو يوم القيامة
zG7ywUAvVYk طلاق خلف الكواليس لكروز وهولمز
zGCvzeDbMMQ توجب عليهم الاحتماء على الهواء.. فريق CNN وسط اشتباكات بين الجيش الإسرائيلي وفلسطينيين
zGQfdxShv4A بجرأة لا مثيل لها.. فتاة تتحدى الجاذبية على \
zHLNW6HoWhE بيلا وجيجي حديد..\
zIURc9acdIc مول العالم في دبي الأكبر على كوكب الأرض
zJO5pJGv8fU لمحبي ألعاب الفيديو.. جربنا لكم فاب ٢ برو أول هاتف بنظام جوجل تانغو
zJ_1yCLaNjI من الأقرب من فرق البحث لتطوير لقاح لفيروس كورونا؟
zJmHAdsgdDM هذا ما سيحصل مع المرضى.. طبيب مصاب بكورونا يوثق تطور حالته
zJsB4Y8lwps تحقيق.. لماذا لم يكف مخزون أمريكا لمكافحة فيروس كورونا؟
zJxLYylnzVs ماذا تعرف عن \
zKOdfPFwTjI مستشفى كبير في الهند يستخدم الروبوتات لمحاربة فيروس كورونا
zLHH2F0Kh3I يحلم بسرير ووجبة ساخنة.. سوري يعيش في المطار منذ 40 يوماً
zMDQon7Do0s كيف تكافئ الشركات مساهميها؟ وما هي أفضل طريقة بالنسبة لهم؟
zN2xh3edE74 براز الإنسان بمثابة \
zN5W5UBa1NM سعاد عبد الخبير.. مسلمة أمريكية تجسّد \
zNO23S-9z7E علاء زلزلي: \
zNVrq-nnG-o النيران تلتهم غابات استراليا
zNblZt2KezU بسرعات فائقة.. أول هاتف آيفون يدعم تقنية الجيل الخامس
zOM1Zj1cuHc الشريك المؤسس ل搊irbnb: قطاع السفر تغير للأبد وسنقدم حلولًا لمن \
zQOl-o2-I7c ما رسالة داعش خراسان بهجومهم على مطار كابول؟ مسؤولة دفاع أمريكية سابقة توضح
zRnputmFpeQ هل ستختفي حلقات كوكب زحل المميزة؟
zRtWEdOD8VM مدير برنامج الأغذية العالمي ل搌NN: لبنان لديه من الخبز مايكفي لأسبوعين ونصف فقط
zRvjreq3Dww بوغاتي تحطم الرقم القياسي لأسرع سيارة بالعالم
zS60iury5kU م. حسنة مازنافي.. مسلمة بنت مسجداً للنساء فقط بأمريكا
zSwy9wIZnjk صورة صادمة لتراكم جثث موتى فيروس كورونا في مستشفى أمريكي
zT9GMbvv0bk عميل مزدوج خدع كبار قادة القاعدة
zTIn7udJzgg دومينيك حوراني من مهرجان دبي السينمائي
zTzWdPrFq58 أول محجبة بإعلان \
zTzhu-8prPI صحفي ألماني رافق داعش لشبكتنا: أخطر بكثير مما تتصورون والأسوأ قادم
zV0v0R2PWU8 البندقية.. طيور النورس في مقاهيها أكثر من الزبائن بسبب فيروس كورونا
zV2RHGLq6xQ تاريخ أحمر الشفاه من مصر القديمة إلى تمرد النساء في فرنسا
zVyow00vC-0 إعلامي إسرائيلي ل搌NN: فتح السعودية المجال الجوي لطائراتنا بطلب من الإمارات رسالة مهمة
zW9X9ka2YVs ما وراء الطبيعة.. أول مسلسل مصري تنتجه نتفلكس
zWP8phOj0Ec فانتوم الجديدة.. أغلى وأكبر سيارة رولز رويس للآن
zXDUSGXUwwY الأمين العام لحلف الناتو ل搌NN: نستعد لسيناريوهات مختلفة من روسيا ونرحب بتعزيزات القوات الأمريكية
zXR7KEYy-Ec كيف تؤثر الحروب بالوكالة على الشعب العراقي؟
zYmeEJ5WAqI شاهد.. انفجار هائل يهز قاعدة ميليتوبول الجوية في أوكرانيا
zYt0RnA29n0 قوات روسيا في مرمى النيران.. شاهد كيف تحوّل الجيش الأوكراني الى مهاجم
zZELYfF8NJM فيروس كورونا في لبنان.. جولة في معقل مكافحة الوباء
zZfCFUBbweY عشرة أطعمة تضعف الرغبة الجنسية للرجال
zZtPyWEpTcY خمس حقائق مذهلة عن القهوة
z_tzd0SXkRI شاهد أول صورة للصاروخ الصيني التائه الذي يتوقع أن يصطدم بالأرض
zaUFPHSHFoA كيري: الأسد سيكون أحمقاً إذا ردّ على هجومنا
zabTqVkpysQ تعرف على اللجنة السرية التي تطلع على بيانات اللقاحات قبل الجميع
zav3Nq1ze1k من أبوظبي إلى كوستاريكا.. حول العالم مع 6856 نوعا من الطيور
zd1QH4lC86M شهود عيان يصفون بدقة ما حدث في تفجير كابول
zdgQLQ55JVg مذيع CNN: زوجتي أصيبت بفيروس كورونا وأعراضها مختلفة تماماً عني
zdzb1kxpl4M رأي المختصين بغرف تفريغ الغضب
ze8KsBdjR7U مذيع CNN ريتشارد كويست يعلن إصابته بفيروس كورونا
zewZUsQu9Ok تويوتا سوبرا التي طال انتظارها وصلت
zfBO0af-VW0 خاصية فتح قفل آيفون ببصمة الوجه ستعمل قريبًا حتى لو كنت ترتدي كمامة
zh7tTBxqps8 زار أكثر من 200 دولة.. أكبر رحالة عربي تونسي يروي ذكرياته عن رحلات قام بها من بلده إلى بقية العالم
zhVTMN8nLnQ في دبي.. قهوتك المفضلة تصلك بطائرة دون طيار
ziU-Nz0Jxeg حمّام العيد على الطريقة الشاميّة.. الاسترخاء بجنّة الماء الساخن
zibVxweWBQk امرأة تقفز فوق سيارتها لاستعادتها من السارق
zkBzNYGlTBw توصيات جديدة في الولايات المتحدة بشأن كورونا.. إليكم أسبابها
zl0BLYqGjAc جوديت بولغار بدأت كأصغر لاعبة شطرنج في العالم.. وأصبحت الأفضل في التاريخ
zoXAM6wRnVk أزعور يوضح رؤية صندوق النقد للأوضاع في مصر
zpM5Lpoyyhg بوستر .. الأنظار تتجه نحو مهرجان البندقية، وحوار مع مخرج الفيلم التونسي \
zpW8adAsfUQ شاهد رد شرطي أوكراني على مراسل CNN بعد سؤال: لست جنديا.. هل ستدافع عن بلدتك ضد روسيا؟
zpYMUVS2BEg من سيكون المدرب \
zpxcPcAeI98 زوكربيرغ يعترف للكونغرس أن انستغرام كان \
zqGUt8OVS_w قريبا.. آيفون للتحكم بأجهزة المنزل
zrGW4lVCLF4 ما هي الأسباب التي دفعت أسعار النفط إلى التهاوي؟
zraqHa3hWhQ لماذا من المهم الحصول على لقاح الإنفلونزا هذا العام؟ كبير المحللين الطبيين في CNN يجيب
zt7myRcf0T8 آلن بحلق يتأرجح على حبل لا يتجاوز عرضه الثلاثة سنتيمترات
ztehvZrV33Q بعد إيقافه.. مستشارو مراكز السيطرة على الأمراض ينصحون باستخدام لقاح “جونسون أند جونسون”
zulmZS4NKVY وداعًا للطوابير.. تقنية جديدة تغيّر مفاهيم السفر جوًا
zvGYVW2a9YM بهاء الحريري يتحدث ل搌NN عن مدى رضاه بمحاكمة اغتيال والده
zvUfg9OjAn4 الشرطي الراقص يعود ليرقص مع نساء مكبلات
zw9V0vAPnVE الهجوم الثاني.. كل ما قد يهمك معرفته عن تصاعد المواجهة بين الحوثيين والإمارات
zwMHRd9lUm8 60 عامًا من تاريخ ناسا في 120 ثانية
zw_8NjRe-eo موسيقى تعزفها أوركسترا الآلة الكاتبة
zwmboeCC5l4 بيروت تشهد أسوأ أعمال عنف منذ سنوات.. ومراسل CNN: المشاهد مشابهة للحرب الأهلية
zxW4C8uxVEY أول بارجة نووية في العالم تتحول إلى محطة لتوليد الكهرباء
zxkSypggzN0 شاهد.. اللحظات الأولى بعد وقوع انفجار بميناء جبل علي في دبي
zxzloJLWiAs \
zy5Ib97oqeY ما هي الإجراءات التي تتخذها المدارس لضمان سلامة الطلاب أثناء إعادة فتحها بظل فيروس كورونا؟
zyAsnPeWHRc روبوتات بأشكال غريبة تعمل من تلقاء نفسها
zyow4RS1voM عدم تحمل اللاكتوز.. كيف يمكنك التعامل مع هذه الحالة المزمنة؟
zyuhbB1Tj7o أنجلينا جولي حزينة على حظر \
zzd-5aQ4DbU هذه الشابة تمر أسفل السيارة دون لمسها.. من هي ملكة الليمبو؟
zzm8r0HO05M ما هو بلوك تشين الذكاء الاصطناعي؟ التقنية الجديدة في العملات المشفرة
