--EvabouPck
--NiVQ2T5ns
--UP3KAhzzs
--UwmOVSPIo
-03puGgY5Bg
-04CSrVrvRM
-09KZhzWXX0
-0Gepa2yves
-0I4h3R_TvE
-0kO2DZD7Us
-0tjruDCIeQ
-0v2yAFKu5Y
-1AvsM_XmQM
-1DZxxxatQg
-1De2m-L_3A
-1U0yDVa7d0
-24IV3kRL60
-2J81BzHt_I
-2WWofTner4
-2lP9gSuTM4
-2nkJAJ0eOU
-38dDiDYWxc
-3A9PoIpg9M
-3CADH-mT8Y
-3F1SJ17Akk
-3H4frn1cIY
-3VH4iziaPU
-3cGvANLFMY
-49JoZbcVik
-4Fcsxz0STQ
-4GTxxdnxGA
-4Qjcxj1QDQ
-4TttNT8CNQ
-4nxjsm7CeM
-4sGja37pWM
-5B2G0Y_Y3A
-5BpR8i0ECA
-5YM41zrbS8
-5tWhR6cCrs
-6Hfd_E57qM
-6SF-LqRs2A
-6gDDYn6138
-6jB-b1e5mw
-6v75uT9pe4
-6x7eXJIpC4
-79zDaWbzWs
-7hzJNhRN6Q
-7wd3DyNRpQ
-8DvdcgYaI0
-8mH479QkjY
-97yZxd6ZTg
-9F1k5WzR0M
-9TZKVrjY24
-9ebmzsuIV8
-9qpuLVwMoM
-9xfJBNnUUM
-A9GLjFBqho
-AZAScCNtho
-AZzR1fPU5c
-B5qfyIgOx0
-BBsuh5jZx0
-BHH04x68Yw
-CDkqoC_QW4
-CEQUsw2A1E
-CWGixg3A3E
-CrqEKpMa74
-D23wqvNAkI
-DboNx3YTqI
-DfAdk1msGQ
-DvETnF3mFk
-EG0tCHQGXY
-EGSfKMFQXI
-EZWN--Xy1s
-Eef8JBCVJQ
-FL8L47b2tY
-FQKNWz3Qrk
-FtKqc8FuVw
-FujPEfOXCQ
-GI1HyD4fb8
-GYo5Ym5Wac
-GaZc4Bs0p8
-Gul2Hf4yL4
-Gw4NIOYUsA
-H7ZFZ6iNfQ
-HSa4gpNkZ8
-HfOVaC6vP0
-HuEhDNgBS8
-Hwfjz0iQDU
-HxZAAe5o6k
-I8mCKsrkAA
-IJ9tkyEQJc
-IUOEU9nm64
-IlZxmLHOvE
-JP41idcrfQ
-JPvVgtjVRQ
-K5hJQLnZbo
-KCjilVk328
-LBWTPtHipM
-LJT_8mT0wU
-LNxWEs0iOk
-LUfb5-ksRU
-LlaejXe8og
-M1kwMyND38
-M8dGgB0m_M
-MD71YI26Uk
-MI5kcXjH0c
-MUxhxB3mv0
-MXzhHldDvA
-NDGUVdKlc4
-NGtfHDpu4s
-NdPX2KiiT8
-O1goQD4IwQ
-OPVbnRchIw
-OR13ob0t7E
-OXWtQzwnPo
-OZ0ueaIhg4
-Ojqtmo5HFc
-Ok6yBRkfJE
-OlxIGGFcDQ
-P6abYrK_Fs
-PEOE3SZkNM
-PbjxQhKPzE
-Pbw4pbX0Pw
-Q9T26Fp-7Q
-QDIkyiIaCg
-QD_wkPvLaM
-Qw3UsyM35o
-R2as2OP7dU
-RcqlR_Sa7w
-RjWt5aE5Fc
-RjjJ-isbI0
-RnhKatmQdU
-S6qMJP1CL4
-SE3a_OhW2g
-SERjC6iMGg
-SL_gmgNeXQ
-SLeouiK3Kw
-SRKG6AwDFk
-Shj8JlH4xM
-Sy1ou3hO10
-TKHztuZj9g
-TPS31sshWc
-TTAxBsirsM
-TaWLrBq5YM
-Tcpfc_8X08
-TuoDMCfy2E
-UBwRKJsxYM
-UVHtTkMzC4
-UXpYwfq1lQ
-Ub-7sRHJ9s
-V6hu3kV4SY
-VDuMtVYkTQ
-VRneXFwD6Q
-Vca5dnUu4E
-VdWtqkRUPM
-Vm3tkPZvbA
-W5WHHXLszo
-W9YusA0zNc
-WErtODYtJ8
-WdUEpLDcDc
-X4DioDyzZk
-XFVtzTjJM8
-XHp5CojVhk
-XlWRX7ASzY
-YISZgTqMHk
-YNBxpN3WMA
-YRDw7JA7mc
-YjZT21XlXo
-Z0wEyO59lM
-Z1TLf_lq2I
-ZT9-7oaTz8
-ZcLdl7CaI8
-ZcqL061DKQ
-ZncuV8KC74
-a0Sx-oDnSo
-a1OdMb563o
-a64OaJLd0I
-attYYbQr0c
-bLZZLkPhqg
-bRGzPdKZpA
-bjNivxC5Qo
-c0QliC2m8s
-c2wHZjpKcM
-cHlYaCr1o0
-cuf-EEaLGY
-d-bC0lu2Eg
-dIIzt-TMJA
-dKtzs5t15Q
-dZPubMgDfE
-dtbXreO5jA
-eVvql-09vk
-e_t-ZmXU1w
-echo5XeEPA
-fmEpKTcNNA
-fpGbGXGJG8
-gLZb_ejkZc
-gXRrfE3Cd4
-gXtK5z727c
-gzF7pjDOLM
-hD1wxinDss
-hLNZd2fnUg
-hmOGu26FZ8
-hoyFpjItJM
-j-eS2amFMs
-jERlDAWy5c
-jFnz-Flpd4
-jGz4hjCdy8
-kIxKTqB1mY
-ki8eu7_xIk
-kqmsS7F_60
-ksfKvtbdDs
-kvbpWL1oFI
-l6bQjLxfmI
-lAC62lT0QA
-lAKsV6FuDw
-m-RcChawCw
-mKJ_46B8Rw
-mrZQbDi-FE
-nLH9NU9KfY
-nbl2IL4Scc
-ngJ1U9r2OI
-nxO7au0-b4
-nz8NVx7QOQ
-oNl-SbJGHA
-om4fU5ODds
-oshnEop-Ak
-ovrQvU6qcE
-p1yrqrYc2s
-p9s5xPKz8s
-pPIg-SbS74
-q7qaWYLRLg
-qWqtVPKb5I
-qijU-RS5KA
-qmtU5sBRCw
-rJuy16FB98
-s75Rr7lCcI
-sGpYjEKeYI
-sJ4mvs5bmE
-tLOazQb4Gg
-tOXoSvtSFQ
-taavT8epco
-tb06LOvFrc
-u-jQDx95Yc
-uJMrAI6ZfY
-uJX9sJpk-o
-uOooXmUQqA
-uQcZ9vlT5s
-ur3mpKtGC8
-vEIQn_MD8M
-vZ7DadwTV0
-w1G7pQpJvc
-wBA3LFXVlY
-wI7jzs0hg0
-wNuiLYHnQU
-wQxjZnojDA
-wvTJbw4H1o
-xqTtUo2ikM
-xt7-fuaBho
-yKLTuWP0c0
-yjmM4Mo_Ok
-ynTm2lSBZU
-yoZSwTPWZY
-z2rJlZE9a4
-z4vMsW8z6k
-zRdgp__rK8
-zWMvIj7hiI
0--Ffw4ko4w
0-0wB-TK-rg
0-tQS6zDTfQ
0-ygyv0Bi2o
00_Fh0BxGi0
00rU4ae6i3g
00xNCHSz8k4
01-dMHPv4Ek
01iAxvRxLUU
01qieS55VoI
01uNMBs3O14
02ZcTMp2Fvo
02v9P0ceBJk
032SuS018zE
03F1rfykXvw
03RgNR-HGvg
03TLilBTtBU
03ntixWqzh4
045dd8DiIZ0
04AWFspdsFc
04Csvw_WiEA
04FxZnQDDOE
04YIQ0KPlaE
04mVm2tOLxE
04uMm0jbzUI
058IHjiBSeU
05K1-MKhZfs
05hkQDOSBdI
07qjzfa-2_s
089gG_DgoC8
08LkMLzOli8
08Q-6KDXMBg
08lYT9rfw0A
08sUWzAEET8
097-qDzNtbI
09CUAHCtG_c
09E4PEFX_Yg
09F-Ry5bJZM
09lVlkiH70Y
09rq3Vkm7cc
0A4WAeRd48M
0AHXU9efQ50
0AYvhJFHe0o
0AkAxtRgE8M
0BFnLGALi3o
0Bjl-fnTO-o
0BlR15XmNWA
0BpDOGEDP18
0CKVUwkfd3E
0CTwbqMQAoQ
0CeXDmOr8xc
0D0yAm4mpnM
0D4nuoMCGR8
0Dn7OuoD54U
0E5rTfuSXEk
0F4Qr-ariQA
0F9RcazZ8Is
0FOD69SWPAE
0FWrd5u1x8Y
0FfLVIxVms8
0FiHo7Rwi0Y
0GTcut_21LA
0GeCotjzz1w
0GyqVGetAXM
0H5XiNzNdZM
0H8qFdu2_dM
0HI0vUjjN50
0HTFAUBe7E8
0IazURh27Ig
0Idvr39jXyM
0Ii7hxZHGJs
0IjWr6aGyG4
0Jd8VeQ5rug
0KB4EQwFuBg
0KH1EygV1bE
0KP5hOe1f0U
0KQ1XlBbwDY
0KUvcDNRvaY
0KfpGeraUEs
0LJjXBAVVyI
0LQ0cxbw5jQ
0LS_MXWuwRI
0Lg5QvSXLY4
0M15Q8lvzdY
0M77IISOuqU
0MOJVpUgPeA
0MQzrt5CdG4
0MRbPJ-iHd0
0N-3dWA20vw
0NHLQ2fIQyo
0N_OrV41fVw
0OWzwDTDGa4
0OjlFlgLLkA
0OtVcZUX-jU
0P-QbsLBTqE
0PfDuQWwQro
0QeumwaM0UI
0R03ktWupRk
0R2jvnwAh5U
0RamzbTwBjo
0RmLppFJsr8
0SCSlpjrrhM
0SWA-QTM0js
0T3rd3xncV8
0T7LTDsBTpc
0TWJxrtgj7Q
0TjJRrziPx0
0UUaMyS18MU
0UbYkPFrNJM
0UmXjnHf6Mw
0UnneKRTXuI
0V4o31azn2k
0V7VzHY4lF0
0VJKFzbTqo0
0Ve4baWj26o
0Vs8mMQWDoE
0W2H3cBTBvM
0WVcgE217wk
0WXuv7tnWug
0Wj2y1vZH1w
0X-OCR-rUKI
0X0kKC8H4w8
0XLPcn5B-WE
0XhrcE6aLuE
0YS-s-5WHmQ
0ZGzbLdw130
0ZOU7JFwLp8
0ZaPuKZDdy8
0ZuQINKWpVQ
0_3L9oTGCgs
0_OQ-lhXdR0
0_QvHr8H5nY
0_xLawt8K8M
0a0JQPyWS5k
0aOYYkk9cBw
0awTJyWcBiU
0bGD4bj4_0I
0bnTAMH-t70
0bvJ89mblIo
0c2ZQqU9Ev0
0cHl4SuckeQ
0ccE1KfWlq0
0ceNm4t82bQ
0cpSe21qMF4
0dJc6qw8dSE
0dN-XeiyNyA
0dY2Z9Xz9Fk
0detQppE1j4
0di-pVSL4JY
0e-RcYnas10
0e70Yk67s2U
0e7oNrKLp28
0eHVvYR7HOE
0eO_V4rdxwc
0eqv8DxM1G8
0ev1Xz_B4PU
0f0z8yw0Huc
0fFmoD0NB28
0fkMRJL3-dg
0fpMWsfgvvg
0gNVWBn3lLg
0gdmsUXY0RQ
0ge_KVgNrGM
0h7AwJoQH04
0h9a3jtWkyw
0hF50kte_YU
0hmih5p-Bmg
0hoXHNMEEOM
0iKBF7UIQpY
0ihF4FQEipk
0ilm3_VMCug
0ipBLflim1M
0j-Wqatfh5c
0j12x1Q9rNc
0jUNkdwI5-U
0jqjezdi2g4
0kUiEnMYqjo
0k_NX17ilIQ
0kcgZH2Af-c
0khfzLAn934
0kjxe_LnA5o
0kqqfoE0__E
0l8Ciz7nawg
0lCXLAsQXMk
0lHVS8v_et4
0lKsyulgBKA
0lMDgzk-Z3Q
0lhr0iU_g4E
0m1yec8ncOM
0m7K3UByxUU
0mtA0hn8hys
0ntymvet2cc
0nx0ijjJTgo
0olCaXfggvw
0pRHiMTyyaI
0psCY5nAzeI
0q-45TRKSbU
0q13TlfviQA
0q7zlwT1zQk
0qHI-1FtjDQ
0qgC9FsbptI
0rhL6_-CBPQ
0rjaL46B1fQ
0rlfUrgZtoI
0sYCHh8KuqY
0scYC09gnoM
0shAkaTWH_k
0t0xflGS2ic
0tCTVUsCXXA
0tpVYdC1WrA
0uBk8Dgli3g
0uK_Ptd1uxs
0uZMfsYJzpU
0uihJ_vtVRw
0vLS_IXa2tU
0vRKLjF5gyM
0vWuqbMJ_Qk
0v_MeY5V7tw
0vbRWZaHDm4
0w0CP5l2kj0
0w25LcK2zVU
0w5u_m2Fb9E
0w9UXKBAM7I
0wiRUEmZCAo
0wjzXFov4eQ
0wwb41AGVpI
0wzb6fwo6DA
0x1RSf_f82E
0x1WSPV__Sg
0x8SreOW54U
0xNYvT8d_lI
0xc1iVA61Zs
0xdYWCu3Kp8
0xvSJVhSMWI
0yAjQSMR8Dk
0yMijcAaSEc
0yXXPmYKCkI
0ygOSJLM3tY
0ykPAaA04C8
0zd8GFTFLkU
0zsArzKAc3I
1-IxdC4D3qg
1-JAvj3_Zbw
1-MQHGLr4DQ
1-POHRiubys
1-WkWcea3fo
1-iAk85gSGs
1-jKwSc3bOw
1-ssonco6FY
1-stTE9lFpU
1045vBdHL4c
10DZyTgFkno
10EFWVAzDcM
10UXC0qLVJU
10cACLNNyng
1198VUimBOA
119rOP6vb7c
11BnMZayhVw
11eo9cis4R4
11s5nb0Zp3I
11zP-kYJQRg
12B8XZBw7gw
12F0r7pnrRI
12XzowisTA4
12bA8IZG748
12ont3lH0h8
13Hd5brwxY4
13OhhavqJ0c
143U3RXW4y8
14HwcrnypX0
14pLGdetnEU
14qib3VbEso
15AK04YGnuc
15CZAk4Psys
15GUUx-OYY8
15R2eshxD7Y
15byht1cu7k
164RuvAP3eU
16hUCehjjXY
16lcR4OWmuw
16tQFsysDDQ
176Ru9prvhg
17FqgffFZ9U
17QRbp-y8eQ
17tEc1_lb6o
18GvZFt3p9A
18eB8_6bneQ
18eF4K30kQU
18mOtpePQ0k
19uzlRayTRU
19zcz98vpn4
1A-mFFG0gRc
1A1AyF186xU
1AA1MFJ8noM
1AQIy8rBdz0
1AU60mux79M
1AVTgMPInxc
1AkX6kjjYQQ
1AuemJU9pYM
1BUfh25UY00
1BfLA9Yj4TY
1BknK7qdATM
1C2foy6CR8I
1CPGXKo6pRY
1CcTID1UsEk
1DiJabUsRYk
1EBs2LM-RM0
1EiLcMqfUuA
1EmMymFdn_8
1EzUIMjQNQg
1F4Q8LPoDm4
1FVin5D7s4M
1FY7OozrkOo
1FhEgGfqgrA
1Fm8lL3Dcho
1GNx4-N7Y8c
1GVfZ2zMxS4
1H4tqT9ruek
1HEHDXS_T0E
1HI_X5P0wm4
1HRFJI0q8SY
1HbyjexkAtk
1HiQhZPejR0
1HoyyIDCCnE
1IAmmkW-Q-4
1IClA92NzmQ
1IPxbITBHg0
1ISHaYM8ZbY
1IWqkd5UF38
1JuXYjmV8Rg
1JziYcocxjk
1K2_NtBwJmE
1KAAlJeaI6Q
1KAqIjGyU30
1KKO8wn3f3Y
1KhmnyYWxVA
1LHxIz7nlKA
1LJ_iurhfAs
1LODdW2jZWU
1LmtiPRcCpA
1LniIu9XANo
1M2LDrUwd_M
1MCELQjOb6U
1MCzSo-iTRE
1MEZhhdtp08
1Mkr9150D04
1MpDcXQNRZ8
1Msu99wGYg8
1MutAdjLkVA
1N1qJrSXzeA
1NH25vTOzY0
1NcZ7ovBQU0
1OUwXsrhHuk
1Oh9E9Wkb8g
1PB5wITHUp0
1PGS5iqtolM
1PKwClzdr6E
1PiPI1QP8dc
1QE4J3b310o
1QJ-GE6hNpo
1QWUZrNVgV4
1QX12D_H5xQ
1Qmd_M_mVN4
1QwHB-o_Ieo
1Qxo9zfTo0c
1RGGAKn18dI
1RZkPOyfw70
1RiOGM7spvY
1SIQJy9iBJM
1SiIn4Ro9-w
1T7Ws9lKXlk
1T9DXhI1HzQ
1TIhjQR9lJ0
1TRJeetAPUs
1TqjHL-mrng
1UG52MSBMBs
1UdmHPtbk2w
1UsT12BUoWo
1Uzdoakatt0
1VqI8At76NA
1VskiZossNE
1VztRecnJ8A
1WA2VRRSibw
1WCzk-hqcuc
1WGSfP8tWPM
1WYwf3lHGXM
1X9ZtVIS_I4
1XpFnyvVJSE
1XzQTf-zy-E
1Y3jcKz10b8
1YeWj5_PlFo
1YebehANqsc
1Yr_rCPRd2o
1Z-FqZVQLlU
1ZUjYjidu9I
1_ZpP3DWGgg
1_nJhjq-bdg
1_yD3XwdTgs
1aAbedlno-Q
1aPzatH_KoA
1awqcKW2mYU
1b2uioGq3dU
1bE19GrfbRA
1bFZiB937ds
1bL2d8lSPy0
1bdvjOk4iBA
1bedXNlJOtc
1blKXqaCPn8
1bppwZLQXwg
1cBBNtpKsAQ
1cCZTd-4LHo
1cdrKnhn-kU
1cvZnxCONkY
1dCxG4fFheo
1dGw8MlawCY
1dJnlMXflVw
1ddDsJpIEU0
1e-wMpT8g7c
1e1XEp6CwWA
1e6i2p7qPcA
1e9xh5SzNxU
1eCtER0Ku7Q
1eV0l1q5yEc
1ebQbDoz6Z8
1f5iKrLJKCc
1fAhSHYqvow
1fLYV9Jad_U
1fTu963AtzU
1fuAyak5Grc
1g4jTlWLG9s
1gD7AP8pKb4
1gjLcK18Jro
1gxjY4sf9iQ
1hNpmetizOM
1hOmd2EzMfk
1hv21KT5vXk
1i14xDUPKKs
1iOWZitc8ic
1iSeRzpn_us
1iuQM3MrWs4
1ixSOV-UIt8
1j8ZyZOaKTo
1jOZXNBWS-8
1jh5FMTR0Dc
1jlEeiwPhsE
1jstLw8G5DE
1k1966MRATg
1kBU8YkH8Ig
1kETJvXFhDw
1koVB1au3_s
1lEWLuaZtG0
1lGuCg4gw6s
1lL-nK03p3U
1lxL0EsXIqo
1m24PzsJHhE
1mik9vuCZ3Q
1nEoEdnlXKA
1ngOXWVEKvk
1nz3F95sEkQ
1oAhrMu8ZFw
1oVFM8pYM0A
1oYbOk9ySyc
1ohNTKI39_E
1p35Yr0B5ss
1pWnUGFdUbU
1plwS-UxKDY
1pmT7aQIFTM
1ptUYskWTGA
1qCpNMqR8Pc
1qH8I9Hoyq0
1qP8fw-fFTo
1qkvKPG9uz8
1qodkbxA2Xw
1qw1O2Qwr_8
1qzGXmYLEic
1rI3xo-7Mtg
1rW6p86BR-Y
1rZCtZZDqQI
1rmH5t_mxqI
1s-wrTJlAUc
1sD5bgX3HAQ
1sFfsbysSsA
1sO1DghspR0
1sOcwJd2qRY
1sUcT2YtcTI
1sWZ8Byiu5I
1sXM6-WfOSk
1smt4WaaZfQ
1stCf_niw2M
1tKaDnicv78
1tdPUn5exEw
1th2fmKqCsg
1u5PzivF5PU
1uDk3ECZFSk
1uEM4-ZIUjA
1ufxm4Qwf4s
1unyyjHNyhs
1vCLFSiK7LQ
1vJUpOjBCAQ
1vYZKL17lbo
1vzDqaHISy8
1wCiqxrUHzI
1x-Oj-kSLAY
1x75HBDJwqc
1xVE7rPjjVs
1xYoykvdORg
1xoluL8jonU
1xtaKKudxAQ
1xuCF4PPcmo
1y46afSvOuo
1yRbNNIPHsw
1yc6Psmd3Zk
1ydGxYElnRY
1yn-Ez7daXI
1yzrzNVyz-4
1z6q-7HWops
1z9q1oYZuyI
1zcXoPuR7WU
1zg-b9fGrkY
1zupWd_ddzU
2-2TOt19quQ
2-6SlrX8BJw
2-lDvAs6aXY
20p-NVWZiH8
20sFyJ3cVZs
20xzispnSZk
214pjQFnmmM
21IRthDctMc
21WLqDuceuA
21dn6w3SmZE
21ia6Rv3KUs
21jjTHidU74
21nAQ990X_Q
21u0Mr7GMdc
22CDLtql1DI
22LJOcPhWy8
22gP-VeaVzE
2344O7-kxLU
23FXaWuclQg
23HwMKU2w9w
23Q_qo5AL-g
23TmE6EwEC4
23XVZJeqMi0
23f0RumAHW0
23jJ46J7Nuk
23mjUVaVajo
23oWhFhp5NE
23z8YY2YPdQ
244ma5P1RrM
249nOSghyG8
24T3GT7R5No
24aX85h0490
24cei7p_SDg
24hg1zgzRCI
24xArj1HybQ
253Xj1I-Vvw
25O0nN2J0aI
25wXRG0aWfo
25zSiJRESSU
26-pSGNtD3k
26e1TMXN36E
26jBvzd1gBc
273Ne9hac68
277gPUSIQ4Y
27Och2TFmPU
27yRjG7o3i0
27zLeaYD3XA
284UUSvxsPE
289Q9z2DQkY
28rCh2w0NoA
29BZobRzNEQ
29RCGkCVMOk
2AMrwXy_OWs
2APQdzLXfBU
2Ac4sHc9068
2AfHhRA8Tps
2AmYCZ4Ugfw
2AnEKQbIpYc
2Aqp1chTxgw
2BFgdbtz_7E
2BHh6-bET_U
2BmZsAve1mQ
2ByAI7Mz5mY
2CEt5UEQR0M
2CRSn2gU71s
2CU4VmZqebQ
2CcpWrmjWzo
2CytaNvY5gg
2DM_M4ejpcY
2DdMUbJi0EA
2Ddyw4COpDo
2E6Q3PuYKeo
2E9vlEyR-5o
2EHXJKIWbt8
2FGcsCB1CoE
2FP9ysS2kZU
2FQ3g5arJlk
2FULPsZD1nI
2FnvZLWBcKM
2GBnNAWcDsI
2IJOmgrGByE
2IO93ggeKpo
2IPhGLctfdA
2IRNB7KH0QU
2IiFTkv77ow
2IjO7jabNVw
2ImRp2ikac8
2J0IL_e63Ss
2JIjNP0AxuY
2JNcVgFdOaU
2JYyEzaDpeU
2J_ULAV9vgw
2K3_yBoun3Y
2KJPkUioaIk
2KSYqJqLU0k
2KUAXGM-rNM
2KWApdK5iys
2KvtUs6S2Io
2L-A0mYnM6s
2L-x_DATLno
2LAXnkQxvdw
2LY8CxevO9I
2L_UvNBsKW0
2LdDELDtQiA
2MEexOv6j4c
2MfOmDkB6VI
2MxAjDOtL54
2NHD7pBtPn4
2NYumnNDQpU
2Neuws9sLDA
2Noo8ou9SNE
2O4bAN5hyfk
2O8wqiQI6qI
2OA-vdqrEVQ
2OABNKKJ5_E
2OABjOP9C-A
2OJJH41CCSw
2Oc-bSamPV0
2OirB9mJSsg
2OzDoGRAjZw
2PajO5cHviU
2Pjow2ofzP8
2Q1papbgggY
2Q7hEtPkbIM
2QHBHRSs4qE
2QLfb3oTgm8
2QXniimh4Tw
2QZVwojGKFQ
2QbYd5LrTjk
2QjUfzWBExs
2RD5BLlcBZE
2RQE3EGiAgM
2R_FGdVWp58
2RajzJwxQOA
2Rl8UqMmaAI
2RmvAa4ZAVM
2SDezn5TYSQ
2SO5myqq6ss
2TEbTCPA98o
2TQMYXQ37BQ
2T_rpNX8G_w
2TmJDVd4T_Y
2Tn7VJPScbY
2V1hP8NVr8k
2VTM35kPZjg
2VctiEQ-BfE
2W4mHnxzl70
2WJtQWv0c7Y
2WitAn4oQh0
2WmNBzjnc5Q
2WybqxWTKDQ
2XftrsfeXZE
2Y1Y_kBWCRo
2YoR7FS9XJM
2ZAxGoF5JU8
2ZSUfyySYUw
2ZfTYh5tKuA
2ZshupJlMPg
2_6ZB6MyoII
2_9EpihZws8
2_ed8Y9c88M
2_msInWqk-U
2a4pPWUTwIs
2aCLr328Rjg
2a_faihOzng
2bMPCfGORJc
2bXWPKPYj1Q
2bnP9-OgXNk
2bvEgXwpT54
2c9pVtpZYGM
2cOk3R8pNqI
2cP-lKW-IDU
2cWSYJFhBrA
2cbg6g1m8Bw
2dKo4crlHNk
2dWhpXQtaxE
2dkKjXQwVEs
2eQPaoFvOqc
2f-VqiWS-H4
2f8gePITfhk
2fNVqdiCRiE
2fRQpEVg8_I
2f__dVQNwy0
2gJMhskqYAA
2gOANsSPOiM
2ghJaBJ7Kz4
2hINICA0Buo
2h_9dOLEG04
2haQP1sHjA0
2iD8Y_GPPXc
2iTpiOuZJQE
2irbrsZJlgk
2iy6e0G6Emo
2jWOFfLzlLk
2jjCEQYyrtA
2jrJStlDubc
2jrQNzaCdRc
2k2Nalejx3I
2kN4D6nOD80
2kvFn8w9Y7A
2kvlX_UJ0k8
2l-Dq9HZzb8
2lFLJNy60ME
2lkapXpkDJ4
2m8Ccghhlss
2mUzGSZlGvY
2meZfcMKB1U
2msyevPP5ko
2ndA7wzmTBQ
2nixk1y-vls
2o64jPpog1c
2oB1Pd2BjJs
2osKWZSc7wI
2osv2U6XTAg
2pHOM2DPyJU
2pVqootihQ4
2pY8HEDLles
2pvUEULfo7U
2q1ENB54Nio
2qJV2MYAVUM
2qPgloxHcok
2qXHDaOEUMg
2quKYLjpBtY
2r1d3R3YBIo
2r2r3FcuT78
2raaegtSlhs
2s9ESGK9ycs
2sEVblF9jvM
2sNRUM46H7k
2sk1e7wW6oY
2slnvwTpaxU
2smM5CLyJGc
2tLFbCpD584
2tZQXSQB3PY
2tgAxnIfveQ
2tvnEB0swrc
2upI8FWv_zE
2v0-KSswtBw
2v9BynxpPPw
2vT3bRmsHUc
2v_HwUUb6Uw
2vr9eZSuRew
2w7HJF_Tio4
2w7UevGQTek
2wMLh7i7DU0
2wZvPpkLPB0
2wbdIxPuBjU
2wc4eVccATM
2wfJgU7cY34
2wfLMFLOloo
2xG2LbWmEnI
2xSoyx7Z-b0
2xkbSTOt7To
2yKqXpF5-fU
2yQV8sqJsvk
2yXHcpXlBlw
2y_UjRaz4Mw
2yqvxdR5UQE
2z47mwkOjiU
2z4cm11Rdog
2z4qvqfNh5g
2zYEgEgM6mk
2zd_1jRiGK8
2zm69RwmcQs
3-I333QPtaU
3-RHc8BTkbI
3-fbxIRoHjA
3-ntILI-gLg
3-z_mU3QmEg
30E4imbjagI
30T2as-cavg
31mzVbPDDkg
31uUTJUvVL8
32-oEKtXuho
32QrR0GtZ4c
32n-_r-9FIo
32reAL3Swi4
32sp_x_rk3o
32sphwLSMUE
33DnZtoCvzk
33X2trNlUhw
33utyaXbCgw
33zDvtgnNgg
346lxZCVaJ8
34NM_FpFgK8
34OnVXU_WTM
34wF5iX3aB0
35Ji19XcRfw
35P9QIwX19I
35QCbtgzFPI
35RrH_fByFg
35ba9XMQnWc
363G0aLmCBQ
3686y8sObDM
36krZQoJskQ
38TMZPVxqw4
38ZHWpSyaZU
39EkTdPzO_k
39FPbldUS_A
3ALma820jlw
3ASR1VtUNQ0
3AgKMqO6Z3Q
3BQKXlBwzq4
3BRe8mxqHWk
3BWha-A4oPo
3Bd8O5-rIQ8
3BoQT1vr5B8
3Bpk8IlYQrI
3C8R1ZaPXjo
3CEz78vLjvE
3CKklU5Ffww
3CehTKZd3Bs
3DVlJn7gkLM
3DZywef0FRA
3E3k9PBpezk
3EAzrQKpyrc
3EHJnpWpgGA
3FPGH5_tWDg
3Fo_3wWWs5Y
3Fs6HN8RTKc
3G-98Swj4wQ
3GAsQlY1TZM
3GQ5XlZU58M
3GQH3_cgPx4
3GcNiEBsry0
3Ge-hQ5Xo04
3GqUYAdgHmY
3H05-zC-xjE
3HIh3UB05a4
3HM95wEzcQg
3HzdRmHRmzw
3Ii9KRePfn8
3JBnJuKtwv8
3JYY8nj-JrU
3JaTdRBDZJ4
3JcDF8MQTDs
3Jd1vCTSDnk
3KgYnax1Dm8
3Ki9ST04xs0
3KjPwxUL8Jc
3L0eFYn8uEk
3LLLzrPjs9s
3LXB1nV6wBA
3LfM1qH_n6U
3LhGJQWWKSE
3LnMEQvqC40
3LojtGj2jO8
3MU9-c1HNrc
3NQuEVOOJsE
3NTif8yLP8U
3N_lQnW9MRg
3NffY344Ha0
3NhUjmrwNxc
3Nyi_HaQGaA
3NzEzQfwRdQ
3O-def08xxY
3OfLm_3-9Ho
3Oi53ZY4HOU
3OjGX4cXl7A
3Otzunh6s-E
3PJn4wSenys
3Pm2fvo_uck
3QAMDg9EgIk
3QQfSF7epQY
3QVCOqMZ79c
3QozCkeNDAU
3RDRBCxl_1c
3RIX1cROrCw
3RKtr1QPD_s
3RsnzVfb44A
3RyeA80R-mY
3SUfoze2oUA
3SbxBvRRxqk
3SpJPIO_dNo
3SrwCAtVgRs
3T2Ep9ULbS8
3TYUB_xebl0
3Tb2V1kFlbQ
3TdO-GtgafM
3Tdw-aYma-I
3U-nIpmLRYM
3U0QYC287bE
3UP-DkumdWs
3VMPqA0urqU
3VMRWwfLVPM
3VOHX6WAf7E
3VVz7t6Hpyk
3WTL6FWwQOk
3WgWfstR6aw
3WkPAzEWL9I
3X12cRhitdg
3XLaw-CD0-4
3XWzuQvhPJU
3Xhz-qDVppw
3XlAcSpZ_10
3XpWkVnAGsY
3XtLp69TxHg
3Y110ud8Pq8
3YeQy6hF7RM
3Yql_6LVQAM
3Z417lYsfnY
3ZC2au-h9aw
3ZDSQ47TYjM
3ZH8Lxau5XM
3ZRp3E6gEuQ
3ZkjhTumJv0
3ZywysDT4u4
3_C5NqXE2Xs
3_NmzfGVJyY
3a-O1cspplY
3agy2fY7rXE
3al1dIWEixA
3apjDlXM3T4
3avCFfUtN-c
3bIa3EldhNI
3bMnkXL0pfA
3bPf0ocbIw8
3bS2VRkPHcs
3b_MFzkpP2c
3bclpjJjrco
3bspXbz1Nl4
3btjfGrv0Pc
3cBHfi_6_is
3cCryxnWFJM
3cX-thXTDGo
3cXB2LUDWwA
3cjQe58yNyA
3cm5-nepYHA
3e4PtGCIarY
3eGfMwWJhJ0
3elIwkiBsh4
3f7rQZYnqGM
3fOiQT1T78I
3fSlV-ZStmw
3fWDJ1iAbGg
3fh57Y9Ts3g
3fn-BTwZmdI
3fyP6qCAxhM
3g1ZD8XKPLk
3gBvMchab6Q
3gOwG8-xJk0
3ghIRvd4LYo
3giwrH0eCzI
3gzYOssFzZc
3hGENUrC11c
3hNsSfIBUBQ
3hjN9RcfBSw
3hmoXNQkNcY
3hq7rRoTcJ4
3iRi06FV4J4
3iSygX1iOd0
3iW9y7Rdf0o
3iXsvrBukEc
3ibXouSRZXA
3ieCjrlEAy0
3ilFPe9fVtI
3iuO9NUzm0E
3jAcifWsyY8
3jFHdms8ANo
3jWAV8Rc1M8
3jfNsJvt7M8
3juA_ySlR9I
3jwRbiegnJU
3k-X61e0TxY
3kBXbiu8Z2s
3kj82cvvgl4
3kud6Ub3R38
3mwdOQoT74w
3nGZBQ0jH14
3o4UXtLcNBk
3oHjRv3cPqI
3oPtd2O2kKo
3ol1PjN0RXI
3ot5AUNSUVY
3ox2YDCHcg8
3pAQzJ45faA
3pQsNDb8DQo
3paA3F4NCc4
3paB24BC_ZQ
3pvpDzN9Iu4
3q23j-3Zr7I
3qAslMlwPkk
3qEyBEmSBuo
3qJSkOgAFTg
3qPPQVOytvY
3qVctA5JWuU
3qYr0ftMZhI
3qkGrEKJ06U
3ql0LU-RwuE
3r83gVwG2go
3racyZMFrbM
3sBGrPs81xA
3sES77-SfT8
3sjJvKstbNA
3sqA83VsQ0o
3tARvzKe46Y
3tETrJcNSuA
3tJnoGtrqd0
3tLlg-sTBYQ
3tPvs1MNMuI
3uRmkxV8pPM
3ubfS_-5Ufc
3vE5MavBfy0
3vaYEMn932g
3veKgQZ763k
3vjrmaBUNLw
3w-W9op-Ea0
3w3MNyeinaI
3wFGOeRPJ2o
3wo1WIebB_o
3x8pPJVwems
3xDgtJuuGZA
3xeuKAdHyCY
3xgRXgC1QAA
3y765GryH3k
3yanwhoKsh0
3ysYrW6Ne6o
3z69vR4bN-M
3zR29QgUbZs
3zZPvLnhzx8
3zb05oHtxlo
3ztcFq8eudc
3zy7_lWvYg8
4-xxiIXa6Pc
40JTUV0LfjI
40Xi9shz_eo
40cfejUsKuA
40pyKpgNnpE
40t2BzF_Q_I
41--Mc7PpGY
4114WtHBuYM
414e9BV1wuw
41DPBdDNz0o
41TIThv2IjQ
41gGHN5bqy0
41oZU2xZoJc
41q1ct3RPhk
426vOBbvnc4
42SCmPGN-nI
4340XxkRGS0
437tcF7rBVg
437x72U95qM
438qrghLRsY
441jxIoDBQ4
44cjk0HBWEc
44lgE6HbxWs
45ApbjvdJVk
45GlyjaaQz0
45MymZP9fKg
45cr99r-Dq0
45mojV_RB4Q
46MKOrUiaPs
46tDXNkMnws
47_3EZ6_woE
47oAP2-amgQ
47xHpje1Eu0
48O7d3Ld190
48R9LMcQmvE
48hBSpW5Kac
48t_kqY8VoQ
49EJ2EO-4nQ
49S7eawBkNI
4A1QoQgZT08
4AHO-jmI5Js
4Am8CjrKkUg
4Asp8prZvU8
4Aw47c-oQ28
4B8gKuXen54
4BAiep4mIJU
4BaB7Lm8KOE
4BpJxQe8Oxc
4BzeS-M2gEU
4CG8SP6G99c
4D84iZNMdt0
4DYJM0LnOdc
4EFPGm6JaeQ
4EqGrBJj2l0
4EuA3tN_ExQ
4EuMopaVuLE
4F6osWCpzfM
4FDntUI43JE
4FYP5Eg4Xas
4GBb_85Omds
4GELLcB-y5E
4GZ2BrznY94
4H2yp8G0q-Y
4I1EE5HrGdI
4ILuNZcvxpE
4IR-u-yr5vo
4In0udrPwlg
4Ipqld_sdI0
4JDOezWI0c0
4JUyflqMgyw
4Jsm5O5kSOs
4JxSk9GPTDc
4K6EahSD7OA
4K8f8e8BrpM
4KbVtG7BRps
4L4JOoTf1sE
4LLWPLOTzlU
4LRv7eVDoNA
4MhfTx8HGjQ
4Ml_9_N8tFU
4N-7Ej74S6s
4NgoISCVAhc
4NmWRCd7Xyc
4NsIzjkkRbU
4OZ9x1p-sU0
4OeWZ61h1v8
4OpozfZILUk
4P0CDEcExi4
4Ph6vSFokOQ
4PwaMuC-uFI
4QJ8c3ZzjYM
4Q_0TWdehwE
4QhTo0ypiPs
4QmzYuiMH2g
4R7cx8o_j1A
4RHDtniZL78
4Rz3E8yBUOQ
4RzLsJZAMSQ
4S3Rqer6hBM
4S5XKZT-m48
4SDJx4HNXGQ
4ST0RNtAlMo
4TV0y6tuUYQ
4TgrcqWm0Xo
4UDANm8BS5I
4UdqiD2_91U
4UgUeLqTjqg
4UkxD504Cjw
4VO5S8g_aUc
4W-5sGP6OkA
4WJEpN7OfMM
4WK0dP8VNIY
4WMedJXo0eI
4X3XXFJb30I
4X8RnspRjEI
4XBob1-dP5U
4Y6b8qXmASM
4Y7H3Z2RD3s
4YGIgvVsXjU
4YSRSBGAoEQ
4YTNFZP6Qm8
4YfA1gyLVgo
4YmBYC2050w
4Z6OQt7tzBs
4Z7V8dvxgsc
4ZEHUFv79qg
4ZFcT000oGk
4ZOfIeUCKvw
4ZeFl87Lcis
4ZeUVr_fX2A
4_D6mr7O_Fs
4_M7w9a1Tnw
4aPC58YYk2g
4ab_RdC9EI0
4aesH0Ph_B8
4bKtZElahJ8
4bKwuwunfvY
4bSomwTIAgU
4bgn-zV_LU8
4biNGd8l3ro
4bjmwyUwaSM
4dPpSg06m3w
4dQh4J1LIa0
4dSJedxb9PQ
4eGrVwRCTsI
4enguiPnh7w
4eoeuWKRM0o
4eouPg0vCqU
4f5flTmaVmI
4fAv9IDgff4
4fEou_qdZS8
4fKBpQ8CAd8
4fSHTcT3I7M
4gRXTD4ZBe0
4gRiVdDwsA0
4hRcVx00T1k
4hqgfZes1cc
4i1b5ge1txc
4i5gF8Y3rNI
4i5vcdaTteE
4i63vWPzXFY
4iRmoVmxT0U
4iUXKre9Cnw
4ip08f-uQ1I
4jC72C0Dc4s
4jOLBNCxfBY
4j_s24buYk0
4jcye5dC_3Q
4kl35HeDrjc
4l8RhREIA1U
4lrlc5kD_Gs
4mEkVQBEb84
4mPFBfFJZzU
4mb_PkZLVbU
4muiaRl_n2Y
4mxiDuEX2DQ
4n4q3kuEErQ
4n6tC8523TI
4nBCKJR4sgo
4nUadoA0fnY
4neemW7_I0g
4niuDBKaNY0
4nzQ9P7N77g
4o3-n35rtxg
4o8_98zqiUA
4oAZm1ZKRpE
4oJy4l-6pTA
4odQdL5opLI
4otLVyEpf3o
4pNqqLxCqjI
4pOgdzIhLXk
4pTssPVWtB4
4pc0hQ3QLYk
4pjvnkRQeHg
4ppgVQMu5y8
4q08iKQA8Fg
4q22dJxvoWg
4qWQPhiW4Ik
4qnzHA8gq0g
4r2A1WIyTOk
4rHGnS_sMP0
4rI3nXuETfY
4rkq1w4Nw6Y
4rwLlfO2CW0
4rwz-xGnzc8
4sCOR6T7aEE
4sHXemoAq7M
4sPBII6nXZ8
4sTbU2yT33U
4s_m1LOx9y0
4sd0X30bpVQ
4tFwHU-Cdgw
4tL_bxfjH3Q
4tN5afHQGis
4tTLKjx2QwM
4tTdlSzIANo
4u1yZWKY3Kw
4u87PuF7_IY
4uMEgNwT1vQ
4ua_mOfglaQ
4udwFXe9WXw
4uiC2EOUaD0
4ujwsckuY4A
4v2yqy-piDw
4v41S-uimas
4v55G61yPvA
4v732HZL-C8
4vEMmLUR0oY
4vSNdc-3LGQ
4vWy9p4fGMg
4vobVo-uZcM
4vrgqvR2wN0
4vzrI0rS9Yw
4w0mzMHspTo
4w8ADqxqVnM
4wOj8FEn1XE
4wbA2C3rkhw
4wmzUxtJMg8
4wsP3bz7Xr4
4x50B6U6fIY
4xM2Hxs2UkA
4xSHMCO3zcA
4xZfeWtoOik
4xlkv53w2hM
4y-F-RHfwJI
4yBC_j_D224
4yJMpReTGvI
4yTEP8G_CMs
4yjE1TbVdj0
4yksh31yQ0o
4ypHFhgKY3s
4zKJV-mBUH0
4zjwpFwDbz0
5-9AFHhfO0Y
5-NmJzt9IO8
501Zle-qfEY
50YHCxCkd-M
50ecSzMSWXo
50h4z9TJ3GI
50myksshC0c
50pBM2Bv9uE
50q4OqizDfk
51RtZGrIkhI
51g23IN6Hsg
51hW9TFbr80
52CJsd_O_fE
52Xr4TpG8pc
52ZvYH6cKD0
52kcx6zv52E
53440f5XAo0
53DpY2XeZzA
53LnpgsAlqI
53YqvIfruCI
54GFBJAuJpA
54GwZRL0E00
54MUN86KXNA
54SBZbI06QU
54mOiWwFk8k
54n8LtiTvF8
54z_nR4BjMI
554bKj_eSoA
558Ud8_HRpc
56j4bZcn_g4
56o0dS-fmBY
57-x__QDvI8
57Gcjt7ZtJo
57eWv74ZX30
58ucMI9JNMY
594NB9EVD_Q
596w-kp1WY0
597edbeoniY
59AhcZKJEVk
59NBsqokteQ
59RjYdE_Eu8
59gnJksw4hU
59uXujnu9v4
5AIAudBMEUg
5AMYSDf0IJo
5AidU-EfiP8
5Bm223qk1jM
5C3_ZdwsQhQ
5CTypRBOPeA
5Cd_ax7FX6k
5DG7Tkt_QAw
5EXM6czp2b8
5EdssAJ3sV0
5F-S1G0SAkA
5FRe2xE6bLw
5Fgoe5enVfg
5G2PIkV-gXk
5G4T4qTfwZ0
5GOcNby7XEo
5GgHjfYZoBk
5H3aDLGKKgI
5HEMEJ3NLwI
5HKPZMlms7I
5HPAaTE3hBc
5I749AhH5tM
5IHnnZO5Pa4
5II2zUvg97I
5IU17MS3zN8
5IVyDbS6VsI
5IZAB3kGxdA
5IbcvDEobZQ
5Iezv1sXXCI
5Iwlr14Zgvo
5J0HUkfTUow
5JDZtneAV54
5JJUV8ilBd8
5JSCQ6weDUs
5JiSTrN-PmY
5Ji_zwYF1p0
5KbXKJDd8fc
5KwXD09r6T0
5L4guf0L2d4
5LRMkLUBSoc
5LZedhUp28w
5MK78B7EGtY
5MkX8tMm7mw
5MqpVvZVtIg
5O6DmWBK6i8
5OCgs1WCsbg
5OJdJBrY_bs
5OUWPF1Z8h8
5OUm_DdHBSY
5OZGmXDj2Ck
5PGKern_QFU
5PzcGnyMI1E
5Qfj_P9GnFM
5Qz-xSVHMbY
5R7YIlAlEP4
5RMA94rMiaM
5RQ3Ha1-yeQ
5Rdr-gzBxNU
5RjIHs43f3Y
5RyUVPZSRhk
5S11eGZM20g
5S4nZKEE0s8
5SRiC3YGbpQ
5SjdTtjZ9vc
5SygfHOEuJY
5TAByTnL4QE
5TKJOboqsYk
5TXK94IUnag
5UKQp6PVtg0
5UY0UFlopcE
5UtmS1Wl40I
5UwNKMczWNE
5V7xbD4EY-Q
5VHCGq9WFD0
5VIAvOYg7nQ
5VJ2XEEeNCE
5VxvvzJNCpo
5WfZ47ek30I
5XBnGTa0Ck8
5Y3_nAl-dyw
5YDnyqiXfF0
5YH35wpNWJI
5YLyB-7lq0E
5YQhbIb98o4
5YXF02fhbOM
5YZr5mE5hdI
5ZLmMb-IQ20
5ZeUIVLxKAg
5ZiRanc0BdE
5ZrjxL3ZLmE
5_0t2ly0HXc
5_AJo-fj43M
5_Osd8O9ty4
5_YTALmnTJk
5_gl0MVL49A
5_nue1_jT_8
5a5_DWS3KTE
5bDvGtrhNNw
5bH5CkUYYik
5bnYLOuek6w
5cCh_Zoaf7o
5cpkdQOfhNA
5cskW77Y-lw
5d0bYDFX-58
5dKbDP_xQYc
5dVaoVCiIaE
5dZggPNgRko
5doS5h_mxns
5dt_M7FhxTA
5dzLepcQvbY
5e71j4XNeaw
5eb94u9odq8
5ei5JMsSnsw
5eiyJCjQE5w
5fMWHTP9yBI
5faygBD-qi4
5fb3eOo_RCU
5fbc62Dqj2Y
5gCXyWoHQKI
5gPruCPOJ58
5gycGcCiQuI
5hE4TGCCRwY
5hRQamypUHs
5iD2FLxRgA4
5iFjEViXXgs
5iMYd-829uU
5iopd8Rt4NI
5j6uaWPHdBM
5j7I9LZRPCc
5jBxiHdWP8Y
5jHkGQckZ70
5jOk--6ro0I
5kMHf38QrdU
5kNFPo7XRcE
5kQumBND23M
5kTe_cf1pLo
5kvqZ5HflLM
5lHYLq5U0eA
5lZA_VYAxE4
5lbN3oVV4EM
5lcASYMt64s
5ldoG3HdZhk
5lfJOi2_Kf0
5lhjS3G1wNo
5lnwLMrQGL4
5lr4pxenQo0
5lsI70ghG3o
5lwTYxc3Tio
5m3Mu8spWiQ
5mWyQJ5UEJc
5mldhTNC5FQ
5nROR9WdVUw
5na1nuCasIU
5nkLEnsl-SM
5o7IRMQbapQ
5oEdIZTzfro
5oJDLCuDb9I
5ofGXFEmqj4
5oileW8PFXM
5pMb9lfIBuc
5pSzjtnwlUQ
5pTgiqPJ2NI
5pYQ6hZdb3s
5pfXjLwHzBU
5pmHDK6n4TY
5ptGLsogitU
5qArpuydYkc
5qPsRJD1EB4
5qb5kVGTQho
5qpKCRVRGDo
5rKjMYPhVR0
5rRMNPEDjP0
5rlYw4UmysE
5rtN6yWLNrA
5ryoLnnYNgg
5sLXnS7K21E
5t2OH8gqYpw
5tpBrt3cm4k
5uIk3Ke7BZc
5uZDH7PgIY4
5ufXsRXNS3E
5uhFGmnjs6Q
5uhONOX9HAc
5uuO1lB8tpw
5vCyyBh_Gy8
5vHUGNEuY-c
5vbf5hckg28
5vgUwRXSBuc
5wQnaOqzszY
5wyR-EwFEx8
5xYj9i00JNE
5y87FYFQHYQ
5yCuqSkvABs
5yQ8RTP6g1U
5yeKjrxGMWw
5yssdUScb_U
5yxY-jPCzDs
5zYzUCCcrtw
5zes3WeS5fM
6-4_eBHqpkU
6-65YTIBLZg
6-BwQEhNQDA
6-DEZwit0Kg
6-IkNXmXSAU
6-JtQMKdXgA
6031Ymn6uK4
60ia_q-5NjA
61EZxw1WsSk
61GhmHy58lk
61YElypQLN8
61bxwFuHcPs
61wuu11RPXo
62EVwuN2Ev4
62Nhhkpls3o
637I-eiDREE
637sNtH8OW4
63QipHt7A9c
63ayxgKkPv4
63fAFMS8qc4
64AUpY0RX7A
64L4f-9CNWM
64obHxPcltk
64rY9E-Rz9Y
65Tbw91QjT8
66UgRK7wfkc
66V35dT-lXI
66iWbN4NYwQ
67BLxEXVH5E
67g7714BPK8
67nWVHVZAkc
67vxBasSVog
68K2gAdAI5Q
69BL3jrVLM4
69PqpW3GZAI
69QMdeg0Pqc
69RmlBaOd8A
69hr3USHq5s
69jgJBu2d1s
69xQN9ibcF4
6A-NuljVF3o
6A-hrJOOf-0
6A0BptPYTTQ
6A3hCMgdnJg
6A6ubiyETOc
6ACb3sTb8oI
6ANz2wJNF0w
6AePSbUo2j0
6BdW804Er54
6BqD4eg8wH4
6BsV86sy9L0
6Bta5X9SVTc
6C5Rl3I0Y_M
6CbLqj_Jv4M
6D5AvcaB-5Y
6D5_ZOHSmAY
6D5k6A2bbZ8
6DTNBFgcFb4
6Dd1nNke5ew
6Dy0QAeT_0c
6EShEPQyiOw
6EpdnTYh_MQ
6FK-WrHdVj0
6FhyUsAoDKE
6FvkC_CgIu4
6G-R36fOTPU
6G88bJIqljI
6GDdS57g1ZQ
6GELLpQ85tE
6GcgNv4Ox38
6GzsI9H4dLY
6H5ZBc3S0iM
6H__uBmBYOY
6HnKVbGFDOo
6I-az7ek5mo
6IIshSbarPc
6IdYw4c6Go8
6Il7gZfY3ss
6J--LE0slSo
6J4uzjddt7E
6J6SAhnUiTY
6JLdlLHW4zw
6JpNERZ6SfU
6Jvgpt7QdjY
6KOQAM5GhmA
6KhwmZ7jyg4
6LR5DX5T3Vg
6Lx5qmVPVaM
6MCiRL8z2tA
6MEOWPneREM
6MYXhN1Ja74
6NbRALKZCw8
6O-Mb7_XPro
6O0b0MoaXoU
6OSNF1xutkw
6PCwA9Z-N4w
6PjWhEXDkew
6PlI-FTwj-M
6PnBcbtLcSk
6QQ6OCEIj8A
6QW9hh8D2os
6Qmd3HFc1MM
6QpBIT9Q5E8
6R-hx0dmy6U
6RXTqKnBLhI
6RXyWRgDXmU
6RexagBR7lY
6Rr6as5HFe4
6S-Zl07QRrM
6S3Gjnksh24
6Sp07MrEkdQ
6T1_5m9oOJg
6T7kmIVY3b8
6TEoakh9wdQ
6TLMaad9mUg
6TTqEoN-EAI
6TlynIgqsMY
6UDkxNpAg6k
6UEjshvxr28
6UcQiY3jews
6VObbFBQzVI
6Va1amDd2Hk
6VuXGypOgzk
6WI63dSHziU
6WdpWiqkbFk
6WlxEym0Oq8
6XG8g7WMAIc
6XILLOjmafM
6XMk5XwYBDo
6XuH18L4-K4
6XuyCIpMt3g
6Y56CC4kxqY
6YCYP_DQBng
6YHrOVnIXHg
6YS4fCvn5cc
6Yil8Wpuoz4
6Yrud2q0CjM
6Yx6pbAZ7n8
6YzR26oLPWA
6Z5NtiEsd6s
6Z5WuOTUKpo
6ZEzHU3iJa0
6ZZvtM8norg
6Zao2ZpUJ7s
6ZfQ_wOdVtA
6_1_J19KGy8
6_5agtzs-CE
6_MqQI_vyHs
6_SdX5aEZGY
6_fJaSIt0YA
6a-H1b9R1AQ
6aszOT_-dF8
6b2GkNRor8M
6bHOIJgzPqQ
6bMOXXlxmlQ
6bfdInj32xY
6bpdHqPpNp4
6bviSvXS_z8
6c6St1s7Mms
6cB7AJ8NrYM
6cMUqrGkUL4
6cMzsEyauok
6cUcyNf82YM
6cgYwYTJQnA
6d3ZQkORkUE
6dJMUsdUjwE
6dKLU5ykTAs
6dXaVrh9s5k
6dY1c_mVvQg
6diBBxVqLU0
6djM2XQ2EK4
6dkQ77WyGn4
6drqWni9EaQ
6eYKggFXQ4M
6eck-moKPvo
6enoaiwBQK4
6ezuGny3GKo
6feG9JDvt7g
6fq0AksT_8A
6gOw1glM7hE
6gS3zsKAcdg
6hSrHgRalrU
6hpIucOBauE
6hqyjLu4i_U
6i82KJHLSfo
6iQWmgw6afU
6iRvVr98twY
6j5gZP_wcJY
6jAEtQoSAyU
6jCSX3g0FfM
6jFiZckhMCA
6jLfTM1i87c
6jvHDnFyhuk
6kHhbPXI8CY
6kMZSXZtC1M
6kYlXtiZISA
6kcvDMYV7A8
6kiwvHLvze4
6ksgyDIGJ6M
6l_zA46wfYo
6lfrx-ccFjU
6mbZSKnFem0
6mwP-W286S4
6nOB0Q-xRE8
6nqWo235Y8w
6oZLHKsDtfc
6ohgkV-DHbo
6oi7Ypxuv0I
6ojs1c1Pq_Y
6oxcD0sAELg
6p8qSkJPWPc
6pi8IXTBd44
6pxzyer5wQs
6qB0RUMtxEM
6qY9KW2O7FQ
6qeBLg-fCzY
6r5cqD5-Ips
6rDXc8fofLM
6rtObIGiN6Q
6rvk-FSf1Qc
6rx_9LmcFcU
6s3NXBJPWIo
6s5JPtko1jw
6s8Z_BgeM1Y
6sAdJpLHJp8
6sD7mpLEk4U
6sOy8FXH9XY
6s_3Bs98ZkA
6sdQc-5Gu2A
6t2SIDAbJzM
6tYHb08eVII
6tlvICsnfqg
6u43x5pa_eo
6ufRvUZX2F0
6uwRiZ9EhlQ
6v4AefBicx0
6v7uvvl0y88
6vKD4PSN3Ec
6vM7fnvTe1E
6vYVEoUdwgw
6vaKimD3yZE
6w51gd7adFI
6w9eOUgKuQA
6wASw81upO4
6wc8loRbo-8
6x6Djb-zDFw
6xNHxR1Mzs8
6xkFL0Og6rw
6xt7lBBfrU0
6xuM3jNPrTg
6ylgOR3QBok
6zWUX2DCcyM
6zcRatILiP0
6zynTC8YqH8
7-CYGgzxGA0
7-EUNdV-dmQ
7-GpmWtt-xk
7-O8_ZbV43A
704-Y9KoL-w
704RWYu54-U
705rkRjwobo
70VQI_MysJs
70jeFLiAZvg
70pH9V35_Hc
70pbuyVsldk
70tYy1lqzzc
711-7IAiBI8
715uudVlCeA
71PkqtXdcEo
71hL1uwSgeA
71n6VhAjfJw
71u_GZ416-Y
72EHvqizalc
72L0IrTFCCk
72LK9duOwyI
72WjggTdC-Y
72YLe9mY2uM
72apte9Zou8
72iKZRLnrUI
72vlCtfRsAQ
733eySXCv6g
73DGrFgtyro
73H_gUlsQRA
73VPrat9alk
743qF3rsjB4
7497vL39oks
74PqmQUfk_w
74YFqCK2k8k
75c5yhuS_yY
76Fcv9EQh-0
76bIB9weQ2I
76dt3wJl5_A
76tMWtezrHU
77E_tGQDsW0
77V3xoyvG74
77YRzvCpg0Q
78kZ1xrb0uA
79E92Pvfn7k
79q_cJDAt9Q
7AH9BERXQCM
7AfOshnFuXU
7Az7rxzRa74
7BHG3ET1s6U
7BdakMC7QBU
7BwuTIiPT8k
7C7orrmAdbA
7CV-FCMGtfA
7DHxvIstcIo
7Drc9JY2q_s
7ECsxokByO4
7EPi6FWFY_U
7Ecxxvr7VAw
7EdAOeV25JE
7FDUGaO5R3k
7FKzuGJqY-U
7FTm9yIVrms
7FU6kCjOX5Q
7FesmqLeGW8
7G0qdaF2pMM
7GMKVkWIeqo
7GYEmkp1_IQ
7HDs4NFPoxE
7HEyyegOoaI
7HMYV7cI_RA
7IJrZtwS4Q0
7IYleY24WS0
7Iag4_yRSDE
7If41TFYVg0
7IwO7s0ZjCE
7JWCI45QXn8
7J_OuoZQPpw
7Jh_bdLP9AI
7Kal1YDnsvw
7Kjv4oSwWE8
7LAsBWE2faw
7LRwB7ML6og
7Lnkhj2Zhj8
7LqeT44gfe4
7Lx0YttmRfc
7MRgDWCD9rM
7Mb3bvB1l34
7NC8mpQkx9w
7NSHOXU-BTk
7NZ8hjOZp7w
7NgSR6hc_ZQ
7OASrPIRlxs
7OFs-ZWh3fU
7OQGviEJSto
7OWdSjgZZ-k
7Oc3tFUqyQY
7PApTQBxfL0
7PFnLGkpjmU
7PLfJMZXA08
7PmgoJAgYyg
7Q-ZLl89Mgw
7Q7Re3qehWU
7QMBXYZUBIM
7QP2fMYnJOo
7QRTFv4zZPw
7Qyv5VMgRrA
7R6NTGFJNj8
7RZyDPrZQl4
7S3CXFkNJ_o
7SUtiyekKEo
7SbpZv8-x2Y
7Sq4HCtYK8w
7T1dhIprskA
7THLOoOHbz0
7TO_ZX2hckc
7TlU11Ww3oo
7U-Z3N385H8
7UOOqxWUzZQ
7UPMJQ4plaI
7VFkZpLLrfs
7VXJCmghf3U
7VuUuM3ht7E
7WCvQUmkhjc
7WIxaR1JNBc
7WMvLJEJx_k
7WOXK2tUFlA
7X2NNw4acZA
7XDRlGcXA14
7XDXmZLnPKY
7XyjPTBmo94
7YHYG8Js3F8
7YfHTWvrzII
7ZCmS6EZh-Y
7ZJg9ilEAkE
7ZNLJPo5sOY
7ZrWTJAUAhc
7_AIfTO9q_o
7_EDLrZy_zs
7_OvTfI3res
7_dKDuWTkDg
7_pjuKyDxOw
7a2x-aAG5uE
7aF7EcmjmVc
7aFDdXJ8gmI
7aQx2kdbCV0
7aUgP7Y0JgE
7apseyzueDo
7bQuuxQP0Fg
7bUgicv1374
7bvNjPUFNAk
7c5jmqCc9Gk
7cgKOeHlmUM
7ct6XOL1z8U
7dOte3E8yoE
7dUOGLkqX9I
7dWtDFo-WpE
7divEXE6I5s
7dxF7lL5oSA
7e-BR1OKCaQ
7e7jWQzYlWg
7eJQ-2ZjyTs
7eqo5WDj8Fk
7ez0sR9Tal0
7f-BexpfIXM
7f-kifpZYpQ
7f6vW36568c
7fAZWk9FKP8
7fFloNji0Mk
7fRY4eih4q8
7fRZbV84CTU
7fg3HSNgOJQ
7i3nFn0hO_g
7i78cqil8KE
7iUI60iF4GE
7inzQX_Eqg4
7isCfOn5NQY
7ixAQ0e8rwI
7j2x-IyX80A
7j91pDX6XNI
7jKl32pKQLw
7jLa4V8cnNk
7jQl7CoWH-k
7jW5RsoQ1Jc
7jbsN0IQhL4
7jn7l-M4gdM
7kLOymvqIx4
7kjzXpl4ycU
7klRNeirkds
7l1XQwb8fNk
7l9myzwRKYM
7lAE8MPbMbQ
7lLwyGiQF4U
7lm1eBR836I
7loLWahjE2c
7lqsBLO20Co
7lrAVjAOD9I
7ls-Vk3tb5s
7m2_Hn5rjwI
7mTsIVYzoxI
7mmMU4FdNJ4
7mn890lcDns
7mnMGNR00-Y
7n28VMXni28
7n2KUi23dPs
7n71tnwbl6I
7nBjtBUeuFw
7niizc3nEgM
7nx2n7Ke0hk
7o13J6YevtI
7oC_VAN0Ehg
7oxV6orFUl8
7p8jfbXmv5U
7pF9ipw-79o
7pHdNqpg5Fc
7pWfVYWvcuw
7pgicv1Wb_o
7pqPbXBudPw
7px3qQ0R8Lc
7q0S6D3uhhM
7q1vhH0LZSE
7r0_JuYFeCA
7r7kxrVmM_I
7rYvYudCiRE
7rs4EweFltI
7ru4BH6JJfo
7sA8LaWFZmA
7sbiRrZ6hoI
7tBn5rG0uTg
7tJIxTFdJcA
7tea6wfQUwo
7tfzqtKCqf0
7u9QaEPvDoU
7uEtzVgFOys
7uL_-yZl7jw
7uaV3BEy4Vo
7uxq540XD24
7vU49xxC0og
7vYIOjNATcs
7v_QZBYGteI
7vkc70t2zxQ
7vn9CKfHcE0
7vnmCGNXhT8
7vzmEWXF8Ek
7wjt6PNLamQ
7ws0CjMHvZw
7x03k9U2Cqg
7xCIAwjp_iM
7xExOVIZ-5A
7xN6PEK4FWE
7xWKuIOUd_E
7xaGWs-u9Es
7y8frGvAkeU
7yEV5UPH_ck
7yFY1nR1ExU
7yK7G5PxEYA
7zFMd7ZCktE
7zSXq9T-dTs
7zSzBlmjtCs
7zn7rN-DS04
8-3KcOWYKpM
8-N26bHRs1I
8-OTmb0gSz8
8-lI0d5qI3U
80LOHoIot34
80sZr5jQrOk
80v6b01KoS4
817rXmW9i4k
81PDb6WfZyc
81QBV9UxfwI
81T45utj7po
81UhWMxEmCs
81bcSKzi5MI
82--u9Xm9bk
82T_KcerElw
82gsZ_tMRcE
83DqyyC4wV0
83FfpVPgqzw
83TSgi-Ekv4
83q2B2pJgKI
84lbfDgl4Eg
84pY3MQFBRU
84yiZv28_bs
854yVtzs3Lk
85ESzDe7u6U
85nMBbX6l38
85xILUAvPRY
85xZLFTHBmg
86560zqfnLI
869uHcZCM6Q
86mOip8xSPA
86rbHAE8Zhg
87A6lPIxKKg
87iuBK8miec
87qjDih_Tcc
87zFB-iOr_Q
887rqHRZ7i0
88LfR8nl2C8
88N51SBmWA4
88OTQFzuh0E
899WTFJKiS4
89DtiE6nmdM
89ME1Rh1RCs
8A2-_u8j6YM
8ATTgEEfWIc
8AsZ3AcaCBU
8BJbxOvQaqY
8BcFYQBwsa0
8Bj0Ori9CfQ
8COg-Mtc5-E
8CatKFQSH9M
8CdTr_9oJeU
8CgT9dZR_L8
8CkP4WVMDCw
8DF9LH1ZYmY
8DJKX0EFRcE
8DMT4_8CTws
8DSIqg7LVTE
8EGII_EdIaM
8ERbCybVqLE
8E_G8Ux247E
8EzDiukygaA
8FunYeOX3OQ
8FvbTbWNFaU
8FxtQb45HOM
8FyuaJ05THo
8GNtmazHkNA
8GlzCCLXk_M
8GnsHnXlFX4
8H5CdKB7ViU
8H_2dOvkCGU
8Hjizl0B_g0
8I85G5YACqU
8IHvkrzkMp4
8IW6wp3mslE
8J2wAEGnki4
8JAE2rJeL2s
8JP7Fns8Mi4
8JVjTRJdfl0
8JaWPgh7O8w
8Jr8WJeUuDI
8K5tCowYWw4
8KrWFWRrfoM
8Kxo0rKjwMY
8L9aYtskK-o
8LAHANwt6j8
8LLtxM0znpA
8LWjoBbOcA8
8LfbkOG9lYg
8LtAZ8aAz-U
8M1b19udhqU
8MBTX-6Jyeg
8MTmx5zKO98
8N9-Lr0DH-0
8NZNEtgO5uI
8Na9yzcSTx4
8NnVD21iYyY
8NqCo5kiH_0
8O2rk3POr9Q
8O2zZYvcDxc
8OjanDaY-wY
8Ovfp2eIfwA
8PTAq0l146I
8QgL2jRUDsY
8Qsgpn2xXGI
8RGMpDHvpl4
8RVuzRXtQD8
8RmP8XgcKCI
8RpefPPYV1o
8SGPQceF6f8
8SS475g7hXQ
8St5DJVhumU
8SyzXeEhpTU
8TBQrAPxK-Y
8TFAiWtzbwo
8TPojaJlnrA
8TelOh-FX1E
8U62cfo-eHI
8UCjoW_yjQw
8UQP-FEThCI
8UROxuOeIUM
8UpWJOQe73s
8UrBMIOQzow
8UyDpE_4SeQ
8VFewrHuvK4
8VSW8z1MqlU
8VVJ2LY4X_s
8WBDknJejsk
8WJ30YxITS0
8WKxd1uXF6c
8WYgbsRBRtc
8WZ3M69thiY
8XI-N-YsSZs
8XNyzqBx8js
8Xc7zOjXMmo
8Y9Rrt7ZcEc
8YDvEa-d1wQ
8YyTXLUfess
8Z-0rgHfRyM
8Z-1hVpPTlQ
8ZLS5WJhPvI
8Zm3EOqs598
8ZsJiHiHDFA
8_06yM2JDaQ
8_Lit1t_RGE
8_bEZuC_viY
8_hxNOCnInc
8a9inLv71yE
8aASQe9KLYo
8aWnpie5e6U
8aj5gAPHDvk
8aqMM1DxaVA
8azh6ZGa8Rk
8b29Plr6VQg
8bGgg1kc-SE
8bfOc7BviZc
8btPhvRmrUQ
8c1QO76OcOg
8c5ax3d2Bw0
8c7sAw52FIY
8cMzuznU2Us
8cOKMjmFTZE
8cQ9CYqTb7Q
8cexr3W5SLo
8cz6h5AhcI4
8czu__7pKJY
8daTIAtO37g
8eMZIwanHc8
8f1xkdAqHXs
8fSupbCLqxM
8ffPau32czA
8fj2BWx6bCg
8fvELmDEGYc
8g_ro6howc0
8gxi2Cmr4yg
8h0ulrunsGY
8h2fbyQ7ap0
8h5CvDZg8C0
8hX7_zKX2iA
8hYjC_M8ISQ
8haKelaro0Y
8hhsRBdt1kg
8hybWS74MrI
8iE4I5HP04E
8iEYyWxEf_s
8iGP5CP3Hgc
8iOYfCZ8BtI
8is2D8sMb54
8j_weMQuhlI
8jchj3ymhxk
8jfKQuM4600
8k0c_7nwo30
8k73XdbA-7s
8kCtHq1Etng
8kEQ3ERlqsk
8lYAavBHAE8
8liNuqfjLqs
8ll5Fxvt7Lo
8lruHSNP6RA
8maK8jMoHW4
8n2GBVts4nA
8nAP9btpS0Q
8nNAAPOd0NE
8nNiOOujr6s
8nY5yIo4GA4
8onUmvT0a6I
8peuPh3z8rk
8pixUSC9s0o
8plXRNd4mpA
8puZ7hzW3nY
8q0zp0c_XHE
8qYPjcjkZNE
8qevfhrFbmU
8qqQb5mfI8o
8qsZ2JiXkHc
8r9LMCNfyy8
8rApAQXBZKA
8rDGb8psJ0E
8rNND-VrCfU
8rOkJ90ypG4
8rSe8cKolUw
8rToAoo7UHI
8sBBkwTEMX8
8sBjGkIWEJ4
8sM_rQb17Pk
8socZa8dmhw
8sp7krzXAu4
8t0fsKURGiw
8t1JHtGB7Bo
8tRzOB5yU10
8tlywbLvO7Q
8u1IXnsho-o
8u9Ww4Rdd1M
8uA87q0B-d4
8uPL0pLkGUk
8vEoR5YiO1o
8veL4VmKDkU
8vloQ7eDTv4
8wDiaHKtVzs
8wG0oSjq83g
8wZvkA8rSPU
8wha-Meh6U8
8wkCt6B5lW4
8x19EEUcoYE
8xEK49fNvEg
8xPn9NeJey8
8xV1OsxD12g
8xkMrNG_kPU
8xwAx1bqZGk
8y0wSOtfllo
8y9FDscyXtg
8yHp8R18ddA
8yHwDsOpRIY
8yazVfJSKlM
8yy4I0Qqmc8
8zBoy8PWa2E
8zD5H8Ym0iU
8zQaVaUjaLU
9-bf5an_1uA
90TzJOf4w_k
90nvNDRIZJw
914aXFriHxE
91aHC3U2SWU
91f9pYCFqQA
91jynmnz3GE
91sBqwSR3SE
91vX0kQOjFA
925iEHmskFk
92JhteqXIuY
92PFv5byM78
93-YZRzhVos
935dISJkMt0
93FilOgOKyU
93UVCAXKQrE
93dIefT8zEE
93fqMM7XnBA
93uoQ78vrus
93zYedRm7J4
94-ywa2cDfQ
940mIBwAfRk
948ehQ-49yo
94kUoudFj7I
95B_gABioYQ
95XxhmXezM8
95yQJEf-G8A
962W2MsgCDE
964Ke_xEgCo
96RnQB4fWRw
96aOAeKISLQ
97dD6gsPlrk
97hiAkcFszs
98OtKSvIuZM
98ZnRPufzMY
98akhOcu6gI
98kCm1g8xu0
99BzR6Uw5Uo
99cCeUsUnLc
99l2GS7A3jA
99oUgZJ0NmA
99uPWy-zvHI
9AUX0IQYblM
9Ai1NtRyPE0
9AuqNdA5v5g
9AxPMkYXKGk
9B1IpjrLKbQ
9BBIQ3KorLk
9BYuHVv2290
9B_sRfGhvso
9Bd-b95JRbQ
9Bf9l4nGeoo
9Bj67LPECiw
9CAizQPyXUA
9CJUF0c6RcU
9CvqfWvVPtA
9D8P-47NATU
9D9gwZG7nB0
9DDGH8tzhho
9DSV30R68_M
9Dxi4T_lIss
9EN7vEIIVG4
9EOd6hsv0_s
9EYVe_YG96o
9EhJvl6Adh0
9EkmJQlZPZM
9ElRNDBor_M
9F9ydzkLLI8
9FPHPUs5UOQ
9FPasd8mPxU
9FZprWVgDUU
9F_8QPAtU9g
9Fwnf9J0774
9GrqE_0eDI4
9Gv8GgqUfsE
9Gy4sNXRtTY
9H9dZUIJ0cA
9HO21UKCit4
9HVxpuf2-WY
9HaeslV6tuo
9Hd5LsSB_00
9Hp0aMmdSP0
9HxbhSa7LGQ
9I1r-DD07Ic
9I2dGroNoVg
9IRHfvtMQdQ
9IoAa7i2jCg
9Iq2nhN-eV8
9J31KeRQ7Xk
9JUUZGi1ESo
9JVwHe8qf_4
9JZcWBXj57o
9Jk2xx9ctRE
9K0UXJ-fOQo
9K0dVzofWmc
9KA3fKgHPkM
9KRPykplQJk
9KiRd6ZTE-0
9KofedccWvg
9KzyskdbBJ4
9LLbfB0wakw
9LZRRFIHPYY
9Lg_S8Da7-I
9LjlxCINBxg
9Lm4Na4JPLg
9M2SZz0V05o
9M8oyN38Stw
9MGTg4NEHtY
9Mc6fZDkLfc
9MmJ0088uG8
9NB6rsoYrXc
9NDvucM4kVE
9O0HVRt2Xe4
9OMfRx4VqPA
9ONd_hnscLE
9OQk-AdzTrs
9OfnAp-vL4g
9OibXtLCDDU
9Okn9gmQWdI
9Oo9QDAM5tQ
9Pvg0uivn20
9Q7nCjy_sVE
9QBcDVRZkDI
9QRmeD9rRjY
9QeLHFiI06w
9Qiw9NlFwCM
9RF19Xi0yqs
9RNeU-aKaQo
9RT6-Z2T6zM
9RWwYRz-3hY
9Rh-sqq-vU0
9RiWaoDHIVk
9RuwtTRs7lE
9SdzMCvy6V8
9TA6Z-5zdEo
9TEXOkwquNg
9TX9j-JLnZU
9TamqOmKKJs
9Tc1eC7TdD4
9TsUZZn6Dt4
9UGbKbRl6sA
9UHEj6Z8oeU
9UPP0PV7eKk
9UQqpg0h_10
9UZV-OHyARU
9UhciwNLLDg
9UqGmlpTGdU
9V2hImV4NDk
9WCcaBLp-qQ
9WJvFeOL1A4
9WZaneDXb9s
9WpT_4CpGCU
9X27evU1e2A
9XG9IrM2uwQ
9XeBxAwWE5U
9Xfx28vIXow
9XntNwMpsVE
9YJpXcSwYZM
9ZKTVkwyPtw
9ZN3pXydaOs
9ZTY-AJvYzc
9Zkkn9gN5qU
9ZmpiskBLnM
9_-RVcVCNvg
9_3WFMARJTA
9_C8IYsLSjE
9__1lWKknPY
9a5oWHgK0TM
9a8mlUl_MlI
9aEWfcc5qbE
9aK2Hutzxrc
9aOAvPG9TbE
9ah_bnzfZ5k
9arr5FNuw2Y
9b1ZpZD7OVc
9bZYh-UPPNU
9bjF_SHWNww
9c04-xkPyLU
9cRwodBOBLw
9cxUIhPDB7M
9d2FjbShcPg
9dMy_nlu1EQ
9dNqgEoYW8A
9dTMr0GoLdA
9eAyEArm1lI
9edNenYPltU
9emfqNKNm4g
9er3Xj-vjWs
9fAsAOFNJtg
9fnGI5I0Doo
9fvo8HdMEts
9gObIk4Ltss
9gc2tO56nLY
9hBggyvRpZo
9hrhPEwOxY4
9hw4bDp5sOo
9hy6SVVxHRU
9i44qUuaHcU
9i8NIjm4LgA
9iERw9TD4zA
9iooV-MI7co
9jMtSJpkYXo
9jNyBwuXjZI
9jWERUnnThg
9k0OmnTh_5Q
9k1SMFucfKg
9kB0EOF3k1I
9kWgWSypMNg
9kYAseXGOuw
9kZOqg9ybS0
9kx-NzZPMYI
9lA51T20hE4
9lEa2zaltds
9lPTduIweew
9lZLpOdkE6g
9lZr4Ksy-Ag
9lkarL5uWeI
9lswqRwTZeo
9mP2zatO4Qs
9mTlp56IDjo
9mU8s-75s3M
9nGkpnDxQww
9oIAp0FpF8Q
9oMCSvhFn1s
9oUmXc3hMB8
9ov0-Q5BVaM
9ozMjy-LdN8
9p9S7ciKhvY
9pATu31ynN0
9pgp4uBfUQs
9plL55nkg7Q
9qEQHDTEfTw
9qdrvnJOfP4
9qtxV2iaaDU
9r0Uikvw_CI
9r3_eDpV-A8
9r4hncgH7ts
9r5HavOXqj0
9rEFEdZPD7Q
9rdJokS7WFg
9sFjZQH-AHA
9sLuYs-NL74
9smRW6EQUTQ
9tUdBwqNmNA
9tXf9gxlG2c
9txOcnDNxfg
9uGw1IEkyb8
9uMzY_HPAo8
9uNgbbzGPHI
9uOgRrFdtwg
9uUdYvEbR2w
9udIkMuo71c
9ugLCJADMZg
9ugnPcdo4s0
9uptAdS8IwA
9usVvRYNVlQ
9voQI7cqiLA
9w9OxEnQfnc
9wB-n1j0f8o
9wGKRK_ilmU
9wHiokjrLQE
9wOo0aaqYa4
9w_IW4Xm3JA
9wpUDDoFtXw
9x-PbKyNl3w
9xMTwvrmyqI
9xr1jYgKwH8
9xyaq647iPU
9zEwMiM0VCc
9zK3B1EXwKs
9zdQ4QAolaE
9zkd9NMCLos
A-ZmbQgbHfQ
A-zpj8Zoh3A
A04TDuzVkcM
A08b_9OKNvQ
A0CXAk_h2IQ
A0FndrV0qHY
A0Tol0fxL9k
A0Ws0l5tyF4
A0fsv1Yw2ak
A0g7Z6JOdz8
A0vF6C5WVGo
A0zxotV8wgY
A13IIUMeCWg
A19fKF3trSY
A1mWfLXkSRw
A1rBtvx1HkU
A25VRaEWkSQ
A2N6rx3ZzzI
A2trQXHX3Ns
A38EJ6lgjHY
A3DCJJxGkfI
A3Ss6rtkdFo
A3pADAuFAww
A3qqCxSkldw
A43dGvhD_8Y
A448GEcj0BI
A4GQQFThgOI
A4dvwAlx6ek
A4klUnE-Wwk
A4m4ahJTSro
A54DasCADE8
A5BA5DPqaWk
A5GlTvHntxE
A5NYRrHzZSc
A5crdtrBUxw
A5h_65qRxb0
A6-zkwGe0Zc
A6_1bpgEUpE
A6yW_VU6wjM
A72CuBstXhQ
A7Zy2bAQxA8
A7hPYhSQDFI
A8iPY9Bwgdo
A8kAh9scVeQ
A9Cbji-dpNs
A9J5WQBeOg8
A9Z0X0zq8a8
AA6I_PFB1PU
AAKU6nj9Z-E
AASJ9H1vTJU
AAZOPhjDgY4
AAZQc02E0BA
AAv4RmKvVL0
AAy0PN-BNXs
AB88wLCBOKQ
ABXtqOs-Y5M
AC2LHBbqst0
AC95J5BHPsE
ACCTafsaHpA
ACbQdwelL2c
ACmET_bVAuA
ACpdMrW_PFo
ACztRZXfTO4
AD5nNk8p4YU
ADC0ouHqyQM
ADa4i3N8_V0
AEJLM5qIN4I
AEOvGTmhzTA
AETlDRmf2ng
AEU62wl08fs
AEWmRtASjHo
AEZQGQGWDGE
AE_CcMZ3b40
AEvfoVkKcJ4
AFU5QRblqkY
AGMLK-pjddo
AGQCZru8bVQ
AGeQBp_8NpI
AGzryYIc_DE
AH3rFl70tt0
AHM-GT4cJdY
AHkm-Q18LoA
AHmvMYsyOIU
AI3utAmSxXk
AI61G_4kiio
AI6D9ceYAGE
AIKV5yzrsHE
AITwlHT9xXg
AIpBkGBHO2M
AJ-ZujRjhbA
AJV_TqUCic0
AJxv1zRhbeQ
AK33KC1ZoZI
AK4LPye26m4
AKAKATrjrHo
AKW7WwL_7jM
AKWGXHyYd6s
AKZeN78EJ_g
AKm_0ECxPss
AL6h14Ml1Dw
ALM6seskn6Q
ALWKSEPPzdE
ALgKM1ZjIeY
ALuaHMkG8l8
ALwlD3fWDuE
AMOXfE2rpvY
ANAGcWMBFb8
ANMgdblvF-c
ANQnGRPR_ws
ANbeVR2xa3U
AOAKdP0AOXU
AODJhp6N3kM
AOE4gPyURWk
AOHJX35TBWU
AOdjZVrPcJw
AOgN0IM7VO0
AOtdiJxFDOM
AP1BO54OhbI
APkl7RTGMbM
APnDgh87NM4
APtQCpN2IxE
AQ8tAJ1Tr5I
AQRWg7hWRuA
AQZrPl8pY8w
AQlguHX6Als
AQqlEtgQz5A
AR24Yh5A9aA
AR6W_0lOfik
ARaWGB5jdU8
ASIyj2SfjoA
ASNHrRL6CHg
ASQbJfZcKfo
ASe3q0Cvvog
ASnIa3XkAG0
AT41zOy8uzk
AT6uCbr41Ds
ATXz6dOEUZ0
AT_s6pM9KTQ
AUTsL2qfKi4
AUo0sZ2Jk6Y
AV87QFD2zZ8
AV9epf14cnU
AVO27FBaouU
AW7t5oXAV9w
AWsXGZ3Sze0
AX-ljz-jE90
AXTRDwNrJGQ
AXkBH7sAGDU
AXoMbqfm2TQ
AYm3e6S3Lkk
AZHFFZkBapY
AZM2eFqpm5E
AZXOSTUopIc
AZhM1Aafy4E
AZnWZtw7xWw
A_8XpaD9Wpg
A_RV7QCFpAE
A_WQD29lBrI
A_mj7PtTn2A
AaEYbNkLENM
AaVhSGJiW2k
Aa_XP4yD_Hg
Aac-I8CG2cg
Aaqx_pzuIZU
Ab_8DGb5SqU
AbaL4sWEeFQ
Abl1xKK1zX0
AcQ7rOSA-y4
AcZ65uyY2FM
AcZwS_cOUgo
Ad3ok9hcS5s
AdIGnmOXiSk
AdflgW6SH1U
AdwemPh8Ugs
Ae4RxU0FLtw
AeHie2RFRIc
Aes8CoH_aMc
AfBAkymRmVM
AfH6EEySM60
AfuDJN7Y6w4
AgFzxqWW2nQ
AgYlc3NU4nA
Agd5fiFnTc8
AgeKduZj3iQ
AgiqG6Tna70
AgkDG9ltSpc
Ah7HLtQxmoQ
Ah7JfSxHGnY
AhQmiH10Vxo
Ahq-hqWrzXI
AhvoffgGEiY
Ai8uDDM0C-c
Ai9KY7eiNkU
AiFQMvIX3LI
AiRCsevIDv8
AioxQPDO5xc
AjFK852IXEU
AjSlmDlzgDw
Ajes0l3sJWs
AjkKtq7thR0
Ak0sCli9UtI
Ak2OErwWYzM
AkxaG4I4b4A
AlGcbXq9sXQ
Alcd8rq8RsI
AlhPVtNKZw4
AlqXJxoqTCk
Am0wgnpklAg
AmW0i5-sBoE
AmaDdB2wxzQ
Amb8lRfppIA
AmgrnUIMldg
AmrhJjhH3pU
Amteoci9dQg
Amx-rZNujQo
An-P9UP5uck
An9gOGM8sfw
AnKqOF9QJFY
AntL1Hi34sA
AoBsu1d9HXg
AoIeVOakyW0
AoeSJjfkqoM
Aog5M_uQPxQ
AozqulkHC8g
Ap-DAb8Fu_w
Aq9odg-ckaA
AqH9OQ-K_ws
AqItAZoK_x0
AqZ19iC3zBs
AqghYrIkv5U
ArHGu9jWXPA
Arrx4j66y1E
ArvGjTcWhtk
AsC1YSv13VM
AsGwsuh5jvA
AsNXxOstbY8
AsPwvqms4jo
AsSQiboVmyU
AsXR_--GR4c
AseICqf7qZc
Asn-rtm8-Nw
AsvBf-SKK7c
AtH-8N5unMI
AtMAnnpSR_w
AuN0W8Rfiuk
AuWTdqN525k
AuxAhAdH-uU
Av7t2417FtY
AvAlplNRdcU
AwfSLEUM5J4
Ax1SyBSCLVE
AxSb-kKsnf4
AxrSsHy3usc
AxzNkHaETLk
Ay89nFDgzGQ
AyCTzdFQKy0
Ayi6rvuJTe4
AzMQRh2MNhU
AzSvUsyohBI
AzWv1nu2kXs
AznEtxN6B2Y
AzyBP71Lz0w
B-4WmvqjRlE
B-L4KHo6HQs
B-O74Ziga8s
B-PTKf5hilI
B-VJ8Inj32I
B-kf04Q_pWM
B-ywhqu1RZc
B04-gGlIFZ4
B04joAEIC-Q
B0Qtr4qD-VI
B0ij9OMF-J0
B0rvh6-9DUU
B1-9iWtQS00
B17XA1nEoJA
B18_PatOF5Y
B1A8bsS0yac
B1VCQksq6YY
B1YjR28wI4E
B1sElRtouHY
B2-FdJhaMuU
B24CqmfXLs0
B2iVbEhEYI4
B38OSYukGI0
B3E8XBkYAYg
B3HN0UzmTrs
B3SuR_9WvIM
B3YQqQyyJpU
B3aF3U3tk9s
B4KwyIy-VsU
B4_wga8ArVw
B4aJaLIQvNY
B4grNfEyWWY
B4qo0FD0rmM
B4zNBOx6NJ0
B50C3eSpuA0
B5CFXt8HdN4
B6gsSW38eRk
B7DaezafTRs
B7PNgrobmsw
B7Urz0GJlx0
B7vOWEWUoiw
B83-0OC87hw
B8TrrE8-QHk
B9_vDb95j3Q
B9aPEvo7jWY
B9zK8r89PL0
B9ztuNZyiGs
BAlaBfK6BUQ
BBCumV09G9g
BBLmtAnSGaQ
BBTWLhWJCng
BBgDxXM26sk
BBwDW2peZQk
BBxrWAgk-Ps
BCaDoxC6VAQ
BCqQntoo_dA
BDCBAXs9NWA
BDH70522SfI
BDUEzjd4QxI
BDmyTvpTPUc
BEYrqgp7q-o
BEaDWM6aRfU
BEexQgXU6uI
BEf1BxVlgB8
BF4N2MRbNxM
BFK6IyfXUdQ
BFR5kgyaaB8
BFYhc68_hcY
BFqtra-RGco
BGCWU6gdttg
BGQjCeNmBcs
BG_mFNJmxUc
BHCmwJGzHdM
BHtdGqJ5YnI
BIMWEACfuHs
BI_RxxxdQ_c
BIa6yYlVyVM
BImiaVSlxhM
BIsBliyJDjs
BJ-7Z_gb35w
BJ-9_LvONdE
BJ3DRQ3dJIg
BJ6SxaQTqPw
BJNT40Kg4OM
BJkARpyU-f8
BK0HDWjV5nA
BKJl2T8F3cg
BKO6lELHUsI
BKQ_wDNzJ88
BL-LAZYS7pw
BL22LyfM5a0
BLdYca1wbyw
BLlF2nSlrB8
BLtNgkvzx-c
BLtRUpYk-FA
BMPE4ozK26g
BMkExqQNsbo
BN0DFXU5IAk
BNMJJ9oS1IM
BNNOlt6FCZ8
BNmRwJObIRg
BNwcM1KFEuk
BNzzcuWYNTk
BO3GmU_yz3I
BOO-JZ_LhVU
BOP0_W5tfCs
BOpv-RTuvaE
BPVj5J_3fow
BPgkpHH0Zfo
BPo4Lva4J2A
BQ0uX7K84vw
BQ6IwJtr_Cc
BQYnGzYEKuk
BQnzeAyTu9w
BQyvSZqXH4w
BRcZcrRK_5o
BRe2jnC0New
BSkMI4-yhYc
BTvdF7kgkek
BU8q94N9bcQ
BUMYnVlV8fo
BV13kHB04_U
BVMyptoHVzs
BVXDojcQKwE
BV_wFz317yI
BVoQQV_VI14
BW21jeNoRuU
BWEhydUy0Gs
BWLUHR9Knzc
BWe8lreACSY
BWscGVIGnqk
BX-yasmUk98
BXDPPrQHVwk
BXDSKJjiN3E
BXRl-MfOvJM
BXUQpbCQe4U
BYAAtVOuWL4
BYKWmxKU6UA
BYY3-bd8IQI
BYusJ6vlT74
BYv8Mmwv7jg
BYx1qVEs03o
BZNkSCeyASo
BZrvlLSTH1g
B_3VESJz01Q
B_RoAwxuqLs
B_VRJBJuYAw
BaH8trKrMvk
BaOM2zugiEE
BaT8dVRBm0o
BafrkZSrzII
BaglAp8Fd78
BajMP6c8aVo
BajxCjmVnBg
BbW4a242J3w
Bbbu_YSA_Vo
BbbwJVqLxWQ
BbwgFDSulvs
Bc5cqTZWl68
Bc80rdmKKGo
Bc8wLHWhQKs
BciPyvPmbPA
BcqNhDkaZXY
BdT4zRPhCRw
BdudSeZeKBA
BeRi8GFuuD0
BeWsKcWlvn4
Bes4-t8R5wU
BfEj6QZVfK0
BfH43cibcs8
BfLscuABxuY
BfcDd-nd8vc
Bfy3UfyUKTo
Bg1vJMwCWMg
BgADBz7waxo
BgFIxaTgHmw
Bh4sPxeGwKs
BhGzWKF9wr8
BhMBAKwdHps
BhP5EPFc0rs
Bhff1p8W9c8
BhqrX4dnGso
BhuL73DNeh4
Bi4lkOBjcFs
BiHqfMuHKJ8
BiPxjnpN_X0
BiWIo9WDYWA
Bicx7mmABws
BiipIbQBE8c
BipSCxGFAGU
BiuA9rpdHNU
Bj3qIGhyLGc
BjNh7S5dGAw
BjXR97eny7M
Bjbz3fw2Qso
BjfvzMVEZNs
BjhtCWBHGug
BjktSQAQUqI
BjoPjZxt3nI
Bjpv-lZADb0
Bk0o0n-KuHk
BkDKUmtjlW4
Bkbstj5Ujhw
BkrUWGehkyI
BlAUmFmjwXU
Blm-1Ld10YA
BlwSuBLO0sQ
Bm-XxJ6uG3g
BmsOdf9ZbSw
Bn48rRHNoKM
BnD07lWY-XI
Bo-JfwNWYaI
BoQ6lwN-IaE
BocfLH3AXGk
Bps36uuxJXo
BptzscpcCBQ
BqDrl81zXq0
BrTZZezNYLQ
BroM-n4G0Wc
Bruy8MzEmRY
BsEFot2lhiA
BsNf_13zS70
Bsz8ZY8s0Gw
BtMy244207Q
BtVMY7K6rA0
BtjxkZdzoVk
Bu3wx-fxwYI
BuTUX9noKZE
BvMHtLSwKlI
BvSQ0ngjoVI
BvTZyhv0p5w
BvXa86GsA0U
BveLuL7Zcj4
Bvp8CHLqSQ4
BwBFrQpVQWE
BwHhGTAChJQ
BwNq4RVU_iA
BwUaJCf1uwY
BwYAKWszhpg
Bw_ygmonI0I
BwfBJSc0Bx4
BwhjAxFSrzE
Bww1UJuxolk
BxPkGCsnZ3Y
Bxc2GU8SiHs
ByQD-Wb1kbo
ByollINc8H8
BzFsNnaV5ik
BzW6PYAahhk
C-GAKnULPIc
C-RRZZVLNz0
C-UMxRQhJ6s
C-fZXemzL64
C-mVGAQasE4
C-xXlp70Bn4
C0EJOrcwzEw
C0FxTRMJKTo
C0Mrivy09ZM
C0MtzZP6R9I
C0ZB3ujTG24
C0d85h6neHM
C0kl11qwQ-w
C1-17258daA
C1y79loxld4
C20J-c3uyaw
C2DCU2OUWbs
C2IXpZ6ErzQ
C2kLR4DvbHI
C362Wyw_mGM
C3QHP2b7hfo
C3_X9_WO2co
C3lbVzAxwdI
C4EO5Cc0i9o
C4rgLrJXf9s
C5Ur3pFpR04
C5bFl9MTEms
C5mBNU4Ayas
C60nex9zNcE
C6kBWAIuceg
C6lZFnNCgnU
C7ntPGX6b3c
C8z8MuTYRhA
C9RDDO0XyQ8
C9_olJCv23M
C9dT2TvtMCs
C9iu7Phdf78
C9tTIEHqz0A
CA3_PvYLOsw
CAUSSsI5u3M
CAuk5yGRbos
CB422eCPTY8
CB6Er-qas1s
CC00xD9jMJg
CCe4Wln8IRQ
CCeFGz0PfTg
CCleatWNw0w
CDFPTGwTTGc
CDN-XfpNuKY
CDUGwseS18U
CDfxLwyNVZg
CE1J6o3KpaQ
CE2RK0rUbhg
CEABJ2QLrnY
CELV2wRIQvY
CEOvSf30QSU
CERlKMw7eE4
CEZ1GWE_V9c
CFH6GgpEQeE
CG0SmIN6MzA
CGrSwAlJ7bY
CHb_wqgXaLM
CHhV90spDoo
CI2WPfo4nVs
CIHlMMtXUXA
CILTi_7XXzU
CIbct2gCzDw
CKUWXqvhGaQ
CKnkQ96SrE0
CKyIrALoGnY
CLHvJEpbfPE
CLLK86efKw8
CLUSl6SRsXk
CLqRKBXhwpY
CN2cyymdA7o
CN6LIuuKUnY
CN85CnCRS3U
CNMicEFcpPM
CNRuwZdKYWg
CN_smiSTLmc
CNoRwDrg-JI
CNzsoLLDizY
CO0ec1mFcYw
CO2AjzrVYUA
CO9_bfNzT-g
COF-LxmqKu0
COGK0YAFcc4
COejWGS5WEQ
COgJx08_OYU
CPA-Aukw_TY
CPB7zvHQ29Y
CPC9IqGnrzw
CPEmEfmpZvc
CPZCEpbDSgA
CQ7MYwjkSNw
CQ9BRBCH_BE
CQHxRFyyx0E
CQQq77NzxKM
CQd7R81a7jc
CQkEfoliOEE
CQoA94fek1o
CQoeN_gZajs
CR394U1_XNg
CR7iVB0Xfz4
CRlQPPvoJVQ
CRsPDdfZz-M
CS1P9cggF2o
CS7dwFZY2Rs
CSVaw9KIJVk
CSgSd6BGy4I
CSnJsWEZ-e0
CSqWEXHt4hI
CSr97VfID14
CTRyW0vnKJw
CTXUHB9U47k
CU5L0VxjqMs
CUYxXdIAUNg
CU_DTMsnhd4
CUhB2pkRAII
CUxswy9NBvg
CVncLL-G_jY
CVnqB4Jk9xY
CW6aP3o8FN8
CWD0_ztJm9s
CWDpw3jFDO8
CWWZ8ZqiMEE
CWWhEkpMLtc
CWzsCkPTSHY
CX-VmJvBsPY
CX28wP9fnp8
CXDigtuz6uE
CXSuXRKCV1s
CXU6uneo0t0
CXbY7P7suV8
CXeBJ_e1c9o
CXoAIO27420
CY7WjGIiucc
CYBgu6uH7II
CZ3uP46OzGw
CZ7WkYySoLE
CZ7qqwlrHS8
CZp_DFHMgp0
C_4DkyOeIDM
C_foKKyZvs8
Ca0wLFvPbFI
Ca4m6JG8TuQ
CaAmyvqFqb0
CaIgYk7FPBs
CaMmsRJ7dIA
CabBiViFg2w
CaetAbGH4ME
Cag0c5IjEDw
CajavKb2W_w
Cam1ArHwfz4
CapDsr9QJu4
CatwKHqTMXM
CbObTMJO1BI
CcBDeW-044w
CcU7kVWn4S0
CdQmA2aovmE
CdsnEi2Oluk
Ce0rN7OV3zs
Ce3N1mm7jtk
CeI3wuMfbCs
CeJdVYkuxbk
CeoZV91i3g0
CeveJziWd-Y
Cf6qD0EIG4M
CfctZeQl3bQ
CgDodPowcd4
CgDxNJXSMxw
CgJxRUHBogg
CgZLYQ8nByw
CgdimxO5TTM
CgqSFj3GEjE
CgwYWdz_KMU
CgxVxpS78Os
Ch-KUqHiBtY
ChCF6-fgnX4
ChKtE9QNsKU
ChkWNmhrP9k
Chsf13dK-aM
Ci8Q3eDJbug
CiKyXYmOAgs
CiRWObABww0
CireMjQxros
CjMCooJCGfY
CjN3V6QyzKs
CjRKeQIlf0M
CjZohyEMGf8
CjrvjJ4f2ig
Cjuw74EfaNg
Ck1rOl_Sq80
CkbB3JJkT1M
CkfOy8MENyI
CklfvhylsmI
Cl0WxQb5_IY
ClA1NLAZdrk
ClJ_fKcMC7E
CmOdlyGl_4w
CmdHt9e1dbo
CmfUhrMHVIc
CmhYvm3jLSM
Cmmuu1WX3H8
CmxzFIWCOcs
CnFPm_03tXk
CngLg1j226s
Co9ptwX4QmM
CoIB2jsjZGU
CoWich8nb4A
CohFlcDH0Ks
CoqVK4YweUc
CoxD5Gd9UEU
CpUw5PQ5MVE
CpWN5QEGc_A
CqISet86rfY
CqcXjyjmzcc
Cqda1JYXdz8
CqkifeOleFc
CquEepqpPZ8
Cqzd2KTsRWk
CrLcDjBT0tI
CrZl_CHlHbs
CrqrT6oA4G0
CsKnVDmbRFE
Csm39UgDLU8
Ct3mkiMui6w
CtH6Olq5LBA
CtczvhjBKTc
Cte5dom4zXs
CuJWmqIbKN4
CuLskJcpaGc
CuTkxPOy7p8
Cv4uHGYN7wQ
Cvo5Lm7w7Q4
CvsaMNhZ9TI
Cw6h7OzUWpw
CwI62ZKtJXI
CwUH-NRipJA
CwmlEoh1V08
Cx65tEsuTFE
CxBvSNCAod8
CxLwVshKtrc
CxszkS2Jvg4
CyW-furpPN4
CyYmo7B9dYU
Cydu1AW1T0E
CyyGnfUzQmY
Cz4ZGrRrbgc
Cz5vydrM3lE
Cz76TQzgrno
CzHfs1Ajjj8
CzNfmYhPU3s
CzZUt-9aUaQ
CzkwFhuPjKw
CzmE7rFJ3aM
D-2uR-o6zfs
D-5X2hR-W84
D-HmFtSwVY0
D-I3xM3kmZo
D-NZhwO6Fuc
D-f6tXQNW-0
D-qBgzGhY-c
D0WLmmOafPs
D0dEX6mVQWk
D0kR_TihB8s
D0kaa9HMm_8
D1DM3BB4CXA
D1Ekl-EnE-A
D1hRqaAYmnc
D1qwLCMui5Q
D23BvpHLZ9Q
D2QQwJ_ydqs
D33cWrdMsII
D3QKxCrQSQo
D3QvtrDiVeY
D42wYd9aJcs
D4QnMnGeYEw
D4djtl8Hrm8
D4zADzQIcUs
D5Eqp5oByyI
D5Ta_AoReNc
D5VXOCtCYVs
D5f9uBUzvZs
D5pZ6xbRDj4
D6385Lc3GsE
D6L4ccxZ2I8
D6Y7bRjhIpw
D6qOJnNwfos
D6vZJkgfCQY
D749cNROzpk
D76vc6yVqfQ
D78Cw0vN9PU
D7OdZ7pWWf8
D7Q2m3XClPs
D7iRtFevgWQ
D84NLQTJH4k
D84rTgkFvHY
D8WIsYIGf8s
D8fT47JxeBA
D8ftrZXjl20
D8o5kMieyVs
D8rgzkRgAPY
D99GtOoofjM
D9GxeFYnCp0
DALF44YFHEc
DAOuVCg6gMs
DASuW3Y5l7g
DAfFkMqwwuU
DAug1qMgQZ8
DBePRpD-4ZM
DBk70C-JAaA
DCFSPWlp9B4
DCX-IznRuKI
DDBeqgKpFtg
DDEj7YytkI8
DES309hY5gU
DEcRbQRl330
DFHe0-y8m4E
DFP40A5IgsU
DFcMxOlK3c4
DFenFccRFvA
DFv0CYxbUuk
DFyLU3RjfAs
DGDjKtG1JIM
DGI_n0j49pE
DHFW5qej8KA
DHZ7nd0Zxtk
DHlMUWHZieE
DIAqaS9gF3E
DIArXh6sKuw
DIO2RNCixik
DITr3Vdh7jU
DIt45kQfD38
DJ0dthVXUWg
DJkp2cvGUrE
DJzlS7_Naak
DK36P2jOWLM
DKQqhG-wQ9A
DK_EkMqfLQA
DKq67JSpxM0
DM7NGUnLbtY
DMKu3Ran15A
DMqZTRwDxlY
DNSpZQEcmZk
DNyresGONrQ
DOJ0UgThn5A
DOgD9GesIqI
DQHfimBOcCw
DQgbOJKPbKU
DR88gM89vIo
DTNMfqXfFrs
DUUbKfdwcrc
DUwDQQMPs5U
DVBXuXlqLZY
DVHoVfDvoF4
DVNCC49MMHk
DVyh0e7EYR8
DWB17hv6ByY
DWmQPgsS6ik
DXYHJ9Z0Ukc
DXtVMeJ0icc
DY0yP8JowfI
DY1mhDSr8Tw
DY2DgvgJawk
DYD2rSBIRsk
DYDIOblWVb8
DYmTryhuebo
DZ3Jzt17fHY
DZp6xHd0aKk
D_SpGjpmk2Q
D_ZxFoo6HLU
D_zameTutsc
DaqF2QB3w1Y
Db1-jAAdPcQ
Db1QQeEqnqo
Db2rYdbGICg
DbHS6qQdZrw
DcDz33hL6Lo
DcR0-N0645Y
DcWKxvgzI7Y
DcZcN__ZKvk
Dcs8MmBIA88
DdJPhorIDb8
DdWYbGdOSPw
DeU_oOARZyo
DfBZvctMGHg
DfInPHrXmO0
DfWMI0zMROQ
DfllYD48740
Dfs3VhHW8qo
DgBDkAaSmYM
DgeEp09atDY
Dgihb-Kp__c
Dgjd6MSkHVo
DgrcI5RUNUM
Dh3xtTA2Ah4
Dh4v4IKXyr8
DhRPZBcl0ao
DhWU8CiXg0w
DhrKSR2LlzE
DhtZbzu5cnU
DhyZMhlRasw
DiWxePOPsgU
Dilxqu5hQfE
DjSiRzkLnlg
DjacN9oN2lI
Dk8PvNEcmJ8
DkIqQgNMFsY
DkMu05-PO5U
DkdX-KYy0Uw
Dke1CpOl2QY
DktsVsyq9tw
DlIsyz4wZkk
DlKbeeFjjYQ
Dlbhw_iCOIo
DlfOL9U08Nc
DmF2zey8cqM
DmbVG-YDDzU
Dmlc-ZNJ5q0
DmuAm0uLqNM
DnVElRGXtls
DnwE6ZW_YdE
Do8S7ASBLDI
Do9zo8BOJio
DoRMSGAPJXo
Dog321P2wXg
Dp4iJScC2aM
DpFX_cwvDFY
DpboGYE00co
Dq8kEOM7Vho
DqDw_N8Fids
DqsVWs2M9jg
DquL0Z2jzkw
DrF5c6o1OrA
DrVWBYi1MtY
Dr_Tyy6gW6c
Ds33YIv529Q
DsOLjNtrRI0
DsZz6xYC3fQ
Dsi10cndBfw
Dsio-WsvRcA
Dsjyow0Lgd8
Dt83xUz4E3g
DtCKKSrmP5g
DtKUO2zyeug
DtbfWKUpRTw
DtcXIchQt7c
DtkSES6aMBY
DtxdhKh_4f8
Du0Qa_9X8_8
DudKrjaotpU
Dw_87b-6WOY
DwbW7Ph1RZo
DwdF4hE1zFg
DxB3fW8Ho4o
DxXEReUPHZk
Dxl4fi8C-i0
Dy2-umlOJGE
Dy3DFcTRegg
DyvPFXsdYkU
DzUa7oiypGY
Dz_IFOevIYM
DzbJLcXw_KA
DzicqDUcmNs
DzrK2jG9sik
E-62qUO3TCc
E-AwepsUaFI
E-GSaBWMVqw
E-lIQwPXxvw
E-x-GFyrW4g
E0lWo14YW5I
E0naT6_NRew
E0thOVb7oVk
E1UOkEz43DI
E1rCglFqLp0
E2Dna5B-fus
E2rT8tx-4rQ
E2tMBPQ5dCA
E365ky23zRQ
E38b9seidb4
E3egEQ0C4uw
E3rCQAcbKd0
E43OztgP_70
E4HwSdR79NM
E4IHyYfJx1A
E4LNTUkzrHg
E4f5rTgpKbY
E4jXNzAygWs
E4kNi_gpsa4
E4mpNh_uezU
E5XrJf3SV88
E5m_tkZdf-s
E64uazwlSk8
E6Ib_3QuYIM
E6THDvaeNLo
E6VnleKojDI
E75kwFiIAG0
E7giacYWKz8
E7oTHDovTfM
E7oq_WVdZOo
E83CGTfm-Ao
E8Os99WoMrU
E8TwKbiIDoE
E9-Yh2fjep4
E9F4Va7a_fM
E9JxRdlCIcE
E9KojhEP3y4
E9UODZGm7w0
E9Yk9DlL-dM
E9ppwQk8KCQ
EA-1tq_OFSE
EA9DTCVViQk
EAYbcr2mru0
EAirdRMgn_k
EAxB1LSw-1A
EBlNlLWb3U4
EBo7aIAfcPQ
EBuG85XLK3A
ECZs5uB3X_M
ECfl09UOlBY
ECwrYD8yWx8
EDCn-ehfvgw
EDKBpfghzpo
EDNaM9e7V_0
EDqgtl_yhWE
EE6TpfZkf0Y
EEfErD7MhyM
EEih0aFOAwI
EFG4h8vgG_8
EFS4NmPdOXI
EFUFXbWpIRM
EFt_Pk3krSA
EG-VAB49g68
EG6279RjYaM
EGIlzud1UPo
EGSabMz0qYQ
EGvkdWbo5Qk
EH9a33de0TY
EHNSvtj2e4w
EHkOtk2HEy0
EIY17XSDlGk
EIdUv64Fh64
EIqiVgNDfmc
EJPZi9Vd9UI
EJmMUAWLiJg
EKAeCta_Ylo
EKEzI9RYgks
EKFngQ7i-pA
EKPQnlRSp30
EKWbbSLkUEg
EL3oXd07HVo
ELi4b5H9ETY
ELl1iMV03Yg
ELsyy3uBA3g
EMTojyRnUc4
EMmI3QlFk3U
EN5dIAqJIp8
EN9MOx0CDfo
ENRwM8LecE8
ENWPi92D0pg
EO94lZLGxiI
EOENML8rCnY
EOIzzdPbOsE
EP1whUtHREM
EP9LbUgF0Xg
EPGVqry4fcQ
EPbAIuSPlo8
EPyyN5hYV-c
EQCdDVZGJkc
EQGgcyxiXfI
EQHxsaJ24w4
EQKwCRUmLac
EQVdhFuvzYI
EQWQUu1HIE0
EQe4krP22wU
ERHYtGVN5YU
ERIoMYiJJqE
ERuCv_UfM7k
ERuQ-jstlJI
ESAkhTpOqbY
ESH4XKi4b1A
ESW-iOt-hKM
ESc8_z1ch2A
ESniGu2Mru8
ET3mHDNpA88
ETLp58tN3EE
ETv6DOIb5eg
EUMtPWKPV9A
EU_1bkbrslA
EVyt4ro481Q
EW1A1g3nRBE
EW4P6LtiQBw
EWJJLvBviLk
EWNIq-EzV6Q
EWkexOfG2GA
EX8vt3E5ydg
EXNl8asOASA
EXZqu-qvG4g
EXa2ngiN1eE
EXq0opsXtJQ
EXseHCrpuoM
EXwpS5kGKw4
EYYx-6MZaMM
EYl17peg5LM
EYmb4fp78F4
EYwNwMg0PKU
EZ6LHTwm6p0
EZRFWus-YEM
EZSrgb6cLMA
EZVTh-NDPSI
EZcHUhpaNQc
EZgu9EPD_Hk
E_-pBLsBXkI
E_1OEryx-Rc
E_DBbB8De68
E_MQ2l23O20
E_PH7Uc885w
E_QqJxxl5mE
E_RVRVSLidE
E_S7USlLdAU
E_XHK64Gso4
E_cp6Uj1Yb8
Ea5O1OFW5dc
EaKCkACMBfI
EbB7jIcYtG8
EbV1fp9WSlo
EbZq2gX6KDU
EbdasDk_cW0
Ebw4uIWrgmY
Ebzc6JS_Rn8
EcbY99nhHBw
EdxYUCJ7ZpY
EdxxpjlIQpQ
EdzRteR0boQ
EeKJMKxYVHQ
EePLGw2X2dw
Eeo0zRlKCDM
EfQ-OTZ06gA
EfSGiYFh5uo
Ef_WRqeDx1g
Efao1b15Sng
Efdaw01H_VA
Eh1SfQqaCtQ
Eh29Wajcg0w
EhGWcU-tqjo
EhO47jEX0iY
Ehn9e_fza6s
Ehtlq06eNss
EiDvoeNy1Dw
EidvwziwVqg
EihSvUHvAk8
Ej-hlWj9f4U
Ej3D-8zSvWs
Ej6gLIA0B8E
EjO-gJEISwg
EjPcXxQdh8I
EjzDPAuKKOs
Ek6AsiU89lA
EkZio0jd74w
Ekc7NYMShtE
El-i1xrXdVc
El6GGeyOogU
ElKc9V3s9NE
ElVc_tW0DHo
ElZtAhJ-FZ0
ElnZp5_1wN4
Em1dSZEtuLg
EmMQM9NpwQU
EmSM1Hwo8pY
En50F26Tpz8
EnJtQU4DxM8
EnR6trBvbZ4
EoK81JTYtFw
EoKetu8LgmE
Eom4iygyUHY
EotMlJuqP6Y
EouGK9JeR9k
EpAqeGTMpAI
EpH-dOpMNM8
EpNghNsciAY
Epoz9w1Xop0
Epr8lTFAjs0
Eq28iN92Vos
Eq4jNlZIWy8
Eq9Kf5jtirc
EqgYjuBzoec
Er0SWd_Yevs
Er5xqUn-lkw
ErB5mhDkpTs
ErJ5mFsipDI
ErJB-UB9ogo
ErKt2yOCnYI
EsSHb2L-LZ4
Es_c0E39ZnY
EteCeUiO3XQ
EtsnMXp7jow
EtxVAh-2kOE
EuPhEvagGyc
EubWVQsg_Y0
EubidGXhTqY
Eupbggm9t9Q
EutLXLcJ6so
EvI59YdCFfE
EvJHhlR99VU
EvJk5TSMOro
Evh61tQV_0g
Ew4eL6zuKyw
EwEEO7c4cdU
EwQPRokydCM
EwWUp89xYFY
EwlzEgGx6tw
EwtcMqPFfkE
EwuJAz3xslg
EwyGkicbTu8
ExLFINLZbo8
ExSBri_lx00
ExjOjX4uDH0
Ey9lhPKeJNQ
EyN2_-SzWzQ
EyQAP5tYOuY
Ez35eAPpPTI
EzBP9U9Nquk
EzLamHLVG6I
EzMWi9dwRIo
EzVEzrSJPj8
EzjOpUtvnfA
EzxqKrV_ew0
F-30XbZ_mXI
F-ZdSRPhcrc
F-d2QxlsX54
F-opUhJZOCk
F055rL4knFg
F06ML7ZhB_o
F0GIH-drhq0
F0J5i4SzkPQ
F0UpT_ehU8w
F0u7qahEG6U
F0zTCkcN-zA
F13IMY8Iios
F1EkwBHqN88
F1pEsnAxTrs
F1wqCZp09kM
F2GwpWgY8zE
F2jqCS-o6Es
F3NPub70PW4
F3fLqxKHLCI
F3ksBBulPAA
F3qCZmeTVEI
F3v8VzpCBcE
F46n_j5khrg
F49BLEum2hQ
F4AwSwucLJk
F4V96fVPNSY
F4rfkZvcuho
F5atFd5MDuQ
F61ryrigMMo
F6YsJSZo4zM
F74FXLYwHxQ
F78UtJBvREA
F7OQgaC7YNQ
F7OVIKP6Eaw
F7jyd9zJ2Dw
F7sgw8DtgNk
F7ssLXerBqQ
F8QRJB9tb70
F8dFB0c-YMA
F8jiUW-VuGA
F8zcigFALdQ
F971_sT_G-w
F9zWyPCQiiw
FAW1u1Q46rs
FAfJ8dI-UWU
FAwG8gPaxUM
FB4eeuybIN8
FBV6JvJDWd4
FBZlCpnopzM
FBxjfLLdtRk
FCPI_EeXzOk
FCT_lz5xbHk
FCegPPascXU
FCzeLTaMZx8
FD_oOqZPfuo
FDessBlDsfw
FDzLQf5AnKs
FE1Mf53hS2o
FEJrmz-3Rxg
FEMCBMKN8Qk
FElrzQSKOAY
FF2ryM0rToU
FFsUEY-QDTQ
FGOdtwr_4Uw
FGX96HkSEeM
FGZAppHO1EQ
FGuAfNjQaVI
FH7JXNLRToI
FHFFvvQhkQs
FHabSzKnIhg
FIUOq6ot4og
FIaYh-csots
FIcmZY70dqc
FIj6WO7x4bQ
FIsUVTeuAxg
FJK7tdhaarA
FJREci9epgs
FJk5vZTQYWI
FJuYIEB7UVI
FKIwoxR3oaY
FKNjZJqvLO4
FKpmfQoJ8gw
FLEsWi3kPqc
FLU2hdIO4II
FM7lg2sJEAs
FMEfNrGw6zk
FMIcvBSZ-qw
FMOKrg2SsU0
FMvo662eT-I
FN6LxamHRN8
FNBH-YqCK4E
FNMBcrlQZMc
FNPf08FPi6k
FNeIzC4S1V4
FO0JRaNQr3g
FOEEv9GLL60
FORkU9F0k6k
FOmwP67DBkE
FOslLfSss38
FP8j3NWyUsQ
FPbO-2c8gS8
FPcFhB6QVuw
FQ95hImZ3N0
FQFxtkZjtBc
FQHaXDzV-7A
FQMBpyDlrxM
FR1isIEjP0o
FRA5feT3ogc
FROP9lFoywM
FRcfV4i5-Pg
FRnGQDt3ad0
FRrcOo-1YPA
FSICY6wknyM
FSeTSo9u8lw
FSiXi-hDppc
FSzqpYpmCO8
FTOQ8vkg_Yo
FTi_Me4CRPA
FUPZl2qHtBU
FUdILYwy2ZQ
FUngi3lrIIk
FUoO4t46o4I
FV04RNSYIMQ
FVO90YIva6E
FVVAvfySXqM
FVtLsbUwnc8
FW0cjNOtiTE
FW6kHB4Zy74
FWBRgp50928
FWK1CvjI5rg
FWZ4LVY_Jqw
FW_7pbe0gLA
FX2ROq1J4Z8
FX4y62ACbnE
FX6_hKShbpc
FXbwcCnjYwM
FY5sKRHpICs
FYDdvDFKsxI
FYOvsb0qxaI
FZFMUxNIb9A
FZRY7HvsMEY
F_-PyFqOLpI
F_4xV295mlQ
F_Dd3XJ30Uk
F_hKUh2dMXk
F_v5EMJ9B4I
Fa-zJwDVBD4
FaCWsQ7i7lM
FaDt2q6AzTc
FaPoLkfyutU
FbC8sNrXN_g
FbHBdiJXgdc
FbMSsxYQUdQ
FbOB_b1TrQg
FbQoLJNcx-g
FbRe1Hrd678
Fbpz9Y45F08
Fbsm-HGxfEE
FculQx33z4U
Fd1OFvHnWic
Fd9kJCBanao
FdAX1IZBWCE
FdC9fWFuSgY
FdeCTkS0eyo
FdkockbseMY
FdrcO9TCPB4
FeKKUZ4SKtM
Fee1d-hAbds
Ff3lQofWXaw
FfIESdZy2Jo
FfKURMvz6M4
FfKdtGUXQWs
FfOx66h0iYw
FfZbRvhaBbA
FffQSGFLfOo
FfqsdUcgddE
FfuN5Oxcpgw
Fg6QLBQMCkg
FgG00LOek40
FgN1rqDvcxo
FgqMQKO-YLc
Fh4CbT5DaT0
FhL_MDh62gM
FhnH8xtANSg
Fi4lx7GcN2U
Fi7IBVKD050
Fi8Vn2ZGEt0
FjV9384c-WA
FkCoBv_EAbA
FkIp5lLT1cg
FkSerwC6VMM
FkYH4-cScMs
FlHvrhtFy44
Flja4dc0OhI
FllR55P9AbU
FlpQAu1dvag
Fm5uYqXcHEY
Fme8MPxB_pc
FmsKwad3yBU
Fn4AmnOF9BI
FnO7qgOZId4
FnPaMJiNPy0
Fnva52zIjI8
FpMPwpU5UCQ
FpXH9QHJrbU
FpfXGcvlZ1o
FpmOVWSkq0Y
FpnrRwtOQsM
FpuRX1zH1Y4
Fq3_lA4oyDY
FqMXn_q8zQI
FqQ1FcmYvbk
Fqw4bPPEa9c
FqzFVqeSivk
FtCJI4VSAmw
FtuyIElDkMs
FuAKTXWHdC0
Fuo3n_81eIk
Fv1ZFWODMEw
FvAW2ZlRAyQ
FvHVXzIJ3yE
FvMZtAzfQsM
FvN_zSqCTYM
FvPOInGPp3k
Fvgo16ZxHng
FvwE09z2zE4
FvyTGR-qMOA
FvzJhg2Cu4k
FwBQFtGoMKw
FwP5ZL3Cgms
FwUQJ0TOvnI
Fwclf2QX0rw
FxVq6H9tsuc
FyHdU1JQ3t0
Fy_UA41XIps
Fz2s7zaHs74
Fz9B8z7BF-s
FzBBeOWhfuo
FzXYOl82zM4
G-4YzbGH3rs
G-LtONCEQS8
G-amc4xaWVM
G0F60HKby-8
G0a3GC3Zfzs
G0eWms4-rBw
G0zZfAphF9U
G15JAGV15Vk
G18VWiyHE5w
G1UCjCY-M70
G1WuXjbYE2Q
G1gwAar3F94
G1ofXZlhag4
G2Cj5C2u-LM
G2Fo4I1wk6g
G2Msy3t0Jrs
G2VC0Z2My2M
G2mKmxPSMAM
G2rdkqmacyE
G3BQEDjd4HU
G3Qsh9_ia9k
G3TkBy1FkLA
G3veNNBr7xg
G3yUeWJgFuQ
G4I8Vem0Rys
G4rVl6Jm4kE
G4rZjKFdSIA
G4txjWQhtWM
G56_EHgx4BE
G5KW-Qf6r-Q
G5PYclKGQ6E
G5RMeWA968c
G5RoOJY0dw8
G5X7PJ-VDwg
G5YkVGyO-Fg
G5qloiKeDg8
G6N7lPChvN0
G6kdMV3mXZo
G6zeJ9iK_zs
G70-aaB9rKg
G7J3tjKNjOI
G7bfRQlRci8
G7edVd2dn8M
G7q303b1-04
G7rJTE2tZiU
G8OJWYFBAV4
G8YQxiMB4TY
G8rg3noLF7M
G8zst-jhOS0
G93PsBPja5o
G97i9FuP4xc
G9IEMfe0Yus
G9MS9vtvzfE
G9YoX_ddQqE
G9ZPsVTHMCQ
G9amcNC2eF0
GAH_VJdk9cE
GAPLvztP9oo
GA_WiruOCPE
GAmsB55s_I8
GB4yuCgGxRI
GBMfKhP4L_0
GBdLH6mqNSc
GBmf6Sqwucw
GBnSRUPNElo
GByvxp7B2EY
GCXRd941hvQ
GC_igB3kV-o
GCfebzOYZRA
GCukasvsLkI
GCunLnRzPek
GDa91X_yAS8
GDl-DlraP-0
GDzn9oAa93c
GEBzhOBA-7U
GEC6F6bKiTk
GFfGlXjaDzk
GG7ooB2YA0s
GG8HDXo5hkk
GGKlBEPCO9g
GGZX-dD1o64
GH5Mxdp29L4
GHAk4LbFjkU
GHKP4cUrj2s
GHKnZFAecE4
GHVryGHKpqA
GHszOcGOAgI
GI3q7uny8go
GID7U_fuQGA
GIFLzNhCilY
GIOqtbG51Kw
GIWQaOZC2Wg
GIYkNUQL5bs
GIZwtMidM0g
GIa4UERQqw8
GItZh-Vtz10
GJ2KaK5kxvQ
GJ4V80DHaY0
GJ4iKrXkjWA
GJMCADZToPQ
GJhqBq8xF7Q
GJnnTDhIQ-Y
GJo-v1wNmYg
GKCJZjOgTHI
GKEf2OTtVzk
GKtCrBjmLrw
GKw989c3ga0
GLHIHK_M-Tg
GLK9Nrhn3xo
GLKl4eV9Pcc
GLMBvtCurls
GLnh1uMOg2Q
GM7M00EChIc
GMGDoatQtFM
GMrJBEJAwZ4
GNaLfLus7RY
GNfrckwVrqY
GNyLZpFnfRM
GO6PP4YG6UU
GOI19d-iWIg
GOxpT1VWUr4
GPAEGwlQBp8
GPCgJKbKboc
GPFy4yaDUXc
GPW1LkvhoP4
GQ1-ZlP_1vA
GQQZOLB_uWY
GQeTMSrmR3g
GQfURuWjgPk
GRC40t-FrYY
GRjccfan5DU
GSbmSm_OU8o
GTBykQjLeHI
GTOaNV0CLvs
GTU2qKS330o
GTUSmAdsIP0
GTfmP_afWSE
GTiJxFJDvK4
GU5SxGryw0Y
GU5qaahFbEg
GUA5mg0ofeo
GUDPTcOldFw
GUExU3yhnQE
GUbJrPrTD6g
GUeS9fB7878
GUnDgI32W8I
GV-oskDp7E8
GVA6lT5qtkU
GVIMn--Wipk
GVk2In6ADt8
GVlxfme4exw
GWTGi2j0eZ4
GWX0lliR-AE
GWcM_AZFNO4
GWe_LAdx6Rk
GX8CkU6CMk8
GXO_R6LStOI
GXo4MIygmNg
GYaynpzAFgo
GYoUKe4IqDk
GZ05Ha9WnlI
GZB5ghaUtZI
GZwova89M-c
G_9x_95eFNY
G_oySuQU6f8
G_tX4tILCE0
G_zOjW3hfMs
GaA35xoyYlk
GaGSSRgIAxI
Ga_u7kXh9mw
Gawb_H4DoHA
GbDQmZPSr0E
GbNegKnIqcE
GbeF1OJeU5Y
Gbk2hnMZly8
GbulsHlQWxQ
GcFYa76LqRs
GcLZBmyFNpI
Gca46xkUihY
Gd3wGLIO6Ag
Gd54aC6a5bY
GeMWyiOJD3E
Ge_fbVGyq6k
GetpwBJ4ag8
Gf2vLXooks8
GfJwJ9V762M
Gg1k-YD_94U
GgD-wNi66HU
GgN_YPWTnMw
GgpiG4mxqPM
GgweBoMms3c
GhOyjiT7hBc
GhPVpnDqVwQ
GheIY4ljIcY
GhnF4j0zpKg
Gi-vEvj8csc
GinpTVJqTSw
GisL9MmZvQE
GjA0CAtKHas
GjYobcE8tQk
Gjn1Q8-AOTo
GkBCNsR-CIQ
GknsmBRss7o
GlL9g6v1gsg
Gluj2AL0-oc
GmPE3m9KQq4
GmTWegJTizQ
GmiHU0ctdZ0
GmlO39Zb81M
Gmt7BMH-Nnc
GnBA9OxkJA0
GnC2vhOWR_Q
GnErzVi-LLE
GnFctfIcqy4
GnLeRN7gnl8
GnPBjehFKps
GnfQvWkJXOI
GoQJ9Mg6WmM
GoTrHflSoT4
GocwOJ7Kvxo
Gox2hii9kuQ
GpB_z_b4qUo
GpDFq-4YwRo
GpF8fqvkWC4
GpXO9zrfNMI
Gq2o6B1TUjQ
Gq33xdLnIf4
Gq4255Og0sg
GqeWngRo5lM
GqkQpwHLM7c
Gql_eO_2nls
GqxXp6uWpNE
GrnRG1Rxazw
GrpnI7vX9XM
GrxJI7sroyk
GsXZ2ecL7cs
GspRZB-dh58
Gsua5gmL2hI
GtF-5JkzzSc
GtZ5bUdrqRo
GtjXJUS9cVY
Gu1qR3P8X3E
GulcZqM4opA
GuxkbCKeSQc
Gv9pEuPOyF0
GvLh-YYfalM
GvU9mHxhh4Y
GvaHVABnocA
Gvd4PrNhUZQ
Gw2fnelchV0
Gw5rMCdp2gs
Gw6KhD0O5cc
GwQ660x4Q44
Gwn41ruWjrM
GwtiMWgxeTU
Gwxql22leQg
Gwzb3h_I5fU
Gx1HJuuPV30
GxW1MQcJgFk
GxbtOlu26jI
GxkuXGFLjWg
GxwVdit-Ia4
Gy3VUyDuq2I
GyA6tg1jrfM
GyJQopOsSZc
GydxsFydgOM
Gyi1CtpsKLI
GyswUu-WQSo
Gyvi2qJLUIM
GyxJ4Gsyp6E
GzAoc0X92cc
GzT-XaS0C9g
H-CMOcc6gkI
H-F8A2uj-A8
H-PSxRkZOQo
H-tHUe5_XDk
H0-pxgZmi7Y
H02SWqx-4S0
H06CQgHmjsI
H0BxghxTdoM
H0WdV4gGyEA
H0rOvFzLLqs
H10BZ_NjoDg
H1IqMc6RTIk
H1KD90cd_FY
H1rWdsiQo3k
H2503cX3H5s
H29C57rtcg8
H2JOqDQnXlc
H2gjRpwqEE0
H2ksLOqJ_Ow
H3ZiHlje8b4
H4-eNXjQGX8
H4BDCnVAU6A
H4QD0HJvjCI
H4QwbqmiUsc
H4WwTZXdNKA
H4ZNmTJrLEU
H4nUNFzEzOk
H4snlTUzNqE
H4zpBN_ixBw
H5FN4IAG1ng
H5Tjexm_v1A
H5VIrLpjFYc
H5YnL7tnBqI
H5bHwQmWq14
H5ftbMMvrx4
H64nvAM8JF4
H66KdrCoAK0
H6AMsQVF5k0
H6tl3nHnsHg
H6zhgLXHP2o
H72d43oJ-mY
H7LJKVaS7sk
H7X9eekegNk
H7b044ahElA
H8Bw-FyAcAM
H8V9v4ZqNcU
H8dNN_R3RyA
H8hsHVbV2eE
H8rMOuOlNOc
H8zSKY8CFw4
H9Nd50q1bIE
H9fWnWV9rR4
H9rAQDz5IJg
HANQrPJvim0
HAPTi0rZ_ec
HAR9B2iZR-4
HA_PiLCAKJA
HAlJitILQvU
HAmHscA7gs0
HB8zNodD6CU
HBTz_8Kxa1s
HC26Rg9XAWc
HCQFSfvqCVU
HCVL_TnQU_s
HC_3GgGZ1Qs
HDDHLruek-Y
HDMaF4zpiRg
HDpM-RfNfVo
HDtYAgDwn8Y
HEL6Z2BA3Rk
HEepDe-pgvQ
HFG9YHQ3n4E
HG0a9ftjke4
HG0rQ_v8jRo
HGAioYA6zqA
HGGEH-hlZeo
HGO6qtsS-Vw
HGU-nd5GNWg
HGhIBrdF7zg
HGkJrZ2doOw
HHJUwHBVdjw
HHK1qYt9JQY
HHSJuRnDuxg
HHl9qy0atCU
HHmtpZ2EhZ4
HHtaf1_htJk
HHvkbBQHqyw
HI-pBkkYjBE
HIB7hUsR3z0
HIEZfK-KpkE
HIFFKl5MJTA
HIL9cQroc24
HImlLkKD4kE
HJpEp9_8-f0
HJqs_4A_Jwk
HJtZNVMwbYU
HKGdPdJEB2Y
HKTVIAEK0YY
HL55wYyRVfQ
HLAe3JMhEYk
HLLJjH_Ke4w
HLXbWTc_EFk
HLf3qzXn7zY
HLrVPOpFHn8
HLrXoHTHq8Y
HM34Jux3-jY
HMEhd0L6xkw
HMKDQSGz-oA
HMQH-K0To30
HMW0GWnG2do
HMeEGxbK7_Q
HMkTTqu6KrE
HMpRoiwFCRU
HMvKwxHhtGk
HNEuWzAkJUg
HNWXW6X5fIg
HOC-OnVQNVk
HOQMgfsWl9w
HOmHfoeCUhI
HPH9o5tw2nU
HPcste7Kggg
HQ-qIM4udBQ
HQ1U8qH48KU
HQ4pIONdT2s
HQGZ96apU-g
HQWHL9WcD4A
HRVPm6ssrXE
HRVVTyhALxM
HRo7MfDRqjY
HRoz6a5XeKc
HRpGpLinsGw
HRrOx_5IGD0
HS3zm3G06Nc
HS6UmvU-bP8
HSCN4UG-KaM
HSNPLhOv82I
HSUuhG35QKc
HScgcGHm2O4
HSpZA6HS8q0
HSqgdMkVIGw
HSzD4ccc1yI
HTEVVlBeYkI
HTShkdX2_VY
HTi8P3zTk-Y
HTirqwEPh-A
HTjtkrU_oVg
HTp7iBJB2lA
HTpC5I5sk_I
HU1Sg5r3fMI
HUJN2kJAYXs
HUmdrSAsbiY
HUsf06n0Qaw
HVRP_Da9jpA
HVgK6GlZua8
HVmEGIfpJgg
HVr6HHDGBlw
HVy4x6mV9nk
HWT2A3QPfKQ
HWZAJg3WDbg
HWrGtWTuva4
HXIGtyI0qJQ
HXR86IFWsqM
HXRTygWdb74
HXweRqXQCU8
HYFXqtGmD64
HYGh9vV5yCc
HYZxKYyecuU
HYf1A46ukFI
HYs-uiJTI8Y
HZ7KKmYMLnA
HZ84l8GYDfk
HZFvTpjeENU
HZkGmMCINVM
H_76t0MacKE
H_gW_WZuHpY
HaB1SPgRAOI
HaJ4rhA_aY4
HaKu--w6Cc0
HaODWKL_TKE
HaUz0O9EJdI
Haco5q6uNL0
HaqXKr7J6D8
HawMbiL9aJs
HbAKYRN05rQ
HbDKw83ITB8
Hbg5WISn8bY
HbpK4WIOmvE
HbxomdMop_o
HcE4JSVVL3E
Hcr0RkSj7i0
Hd1lWVQSAL0
HdBVT2mVzJ8
HdILFArDCFU
HdfpckLUe_4
HeP_YS3fVUA
HeoIUzJlQeE
HeroMtRatYw
HevLBktpI_w
Hfh6P-I3-YY
Hfv-OLe8UKA
Hgw-_ubFwms
HhJp_X-z9Wg
Hi-CKA-H364
Hi1njoohM5c
Hi8lrQNDraY
HiuqK0XnchU
Hj8f02I834Y
Hj9RHfhFgrk
Hj9VT5S29Dw
Hk7I5OJ-MDE
HkB3ecmmKQY
HkIFRsakuyw
HkQRBr1PF1s
HkbAxatyib0
Hke2y2RMFo8
HlBcGM0aEo0
HlQR5V255rQ
HlRxGWQE_Ss
Hl_gEswclDQ
Hlm0Cnfd7lk
HmG7kwubeBM
Hm_I3FTrxgI
Hmk-ZEpucKk
HmobM9MZGnc
HmspPsPgPj0
HmyNArKROzI
Hn-fqZP7nRg
HnPl5RBnHpQ
HnSOsgYofPM
Hny7c7cXKzg
Ho7qrfs8sVU
Hod2ZnliUXY
HohoBaRi9aE
HpAsrNd0sX8
HpHzooCo-8M
HpK59nRLsYM
HpO09rKCb7I
HpTrCYLCSvA
HpZb-qkRhc8
HppUQGUmw-s
Hr5m-CBbDrI
HrNcIduRgfQ
HrPDsXtI2xk
HriRMIJf8S0
Hrk7WHicqzM
HrpXzHri1bk
HrrIiK2yXW4
Hs-_vL8ysfk
HsBriFPVVHI
Hscje6mK7B0
HsiwdR6ptdc
Ht5FSsYoAJQ
HtPppMC0818
HtQK8aH62ro
HtYC60WiQvU
HtpxYrzIYhw
Htx8KnkLg4Q
Hu9jUAlYbvY
HuOSoixisvg
HuUMst9JK3A
HuYJ5EF2NHA
HvFg8ayxvtE
HvOmy8yXbIo
HvjqvNoYOzE
HvjwuJVekuI
Hvs7jY6ylE4
Hw5blX9wNvA
Hw7cd0Dn_sU
HwBR4RW9yrg
HwQFbRmfIxQ
Hwks1LyDKFk
HwocbC0JPDw
HwpGRejTNVc
Hx8ovluGMSY
HxBtQ-UE4DY
HxO2N4gnl1w
HxfpTa0wQYY
HxpxNeBY6ak
Hytrt4E-iFA
HyzQlUjwVUA
Hz2nX1_8ngs
Hz7ciynxgjo
HzGpARKmCg4
HzXVs3Mqrzo
HzuxJJ9_cec
I-KEd_59vXc
I-RpZzlLeoE
I-XDdXjndkM
I-wAznTOK40
I0-T67fAlTc
I03T6nW884Q
I0M-YMcN5Fo
I0Z52Bsy-Uo
I0mZz6j9at0
I1IiRm1gjTc
I1UWTFjDJIs
I1_oRJwgS2g
I1kwqK8fiY0
I27RKD2wG0w
I292AIv1OGg
I29jMznee0M
I2Bjo2Mga4E
I2InRfkU588
I3OOiBTPgTQ
I3dtk1mVs_U
I3h-DYDUPDs
I3xjsxaOTnE
I48oaYwfMuA
I4EMmBS2h9M
I4OZtOT7_-g
I4Y2Xnj-Qf0
I4byG2rWpLQ
I4i2Jfnh-4A
I4oUpQtFDto
I57lxAlOtQI
I5BJyaSkF4k
I5WEJvs_Lno
I5cCT-liWa4
I5ds-NaCS8M
I5s-Z9i6nZc
I5wXAqw4MYU
I6XZrSDLD0U
I6k64vKrDXc
I8A_pM3uDUA
I8LluW1-ehY
I8TYU7eHsOs
I8Zhiy6tgHA
I8amED-d5JE
I8pKn-uEah0
I9ADlNL5WZY
I9_HtXabcAw
I9c1qUBoJyo
I9hi6YOK_RQ
I9ouPadVxvc
IATCF0-PQgQ
IATu8EYG6Zo
IAiHlgetifA
IAwghQXN9RA
IB89x8nZQXw
IBUz3riclRQ
IBf7uhWUwNc
IBm-Bcx5-v0
ICSMFUSoz2I
ICUKhmQmXvk
ICj08JA4rLU
ICkYivjHXsU
ID3lBcm5ZbY
IDEDfln9oyE
IDhEslwgpMg
IE-mB_UUCtg
IEdBrm0pIxg
IEe8-_39IxA
IEr2EaFaOLc
IF4H_pCSqdM
IFWWY4yi4c8
IFbZRmZZCDI
IFj7bAVbZZY
IFsq8oC-3ZU
IFvySGPIx7Y
IG15grouylM
IG2eR9T2QcE
IG8dD2H486s
IGccSpvSMG0
IGkE1hQFgks
IGpe1p1K7Is
IGrWe8WCJZE
IGwGBxEz8NI
IGyJMqofsEA
IH5m09X2g64
IHT-8wr0syg
IHWTDZ1XWxo
II2fNLjmY7M
II3I57Rro2I
IITVkcWuOq8
IIX_-01FWD4
IIaXFJZxUOY
IIh4E3fBJIY
IIj5MjL9uqQ
IIzUXhu6rXQ
IJS4MQv14bY
IK6EokuiGu4
IKF-QpNd_Rk
IKK8uu_rIgA
IKKpO9qCrmk
IKLmOYETYfk
IK_dlSn3PpQ
IKkSYIsqmYk
IKn6pEsYEqQ
IKvEtLDERxw
IKwls0I3Pn8
IL939nzO_08
IL9b_IdR2g8
ILjCS0uaUgg
ILtyEleobA4
ILy5b3SAP9E
IM8DD3Cpfhs
IMACPT1G47A
IMPYpZe3yi0
IM_cAxBJ-1U
IMd6xCO8eXw
IN8gfBwZV6Y
INCRT8OEv-Y
INEOGr7GdSY
INIoKtwEfPU
INio9CnxP74
INqryM0yA5U
IOGcwaplQls
IObM-32sRRI
IOxqhZ-S0WM
IPSOYxEH1hw
IPaOeCqIijs
IPpKYVfQ2L0
IPykSHMnwrY
IQ_CRDYY7BU
IQmm1WpkGuY
IR-kplbKR8A
IR4LjCsrmz4
IRaXq4Wag4Y
IRji87kyGtY
IRpQ9CRvPo8
IRvgcn8bNk4
ISm7kKXIf3s
IT-IM8UKcTE
IT5BJG5zMoY
IT8yveV9bm0
ITasQnGiv5E
ITjwcG54uic
ITsHn1zsF98
ITzHqwSGzQE
ITzUsO1m57U
IU1j5PW2kvU
IUJeV-jrfAI
IUhXke23Ru8
IUiUAT23inQ
IVUK0lm-a7Q
IVZjVna_AaI
IWLtGnZ_FcY
IWPKk5Xo8xA
IWbgLKlQEgg
IWdvdNNkvlM
IX-M3F4bKFQ
IXI8LYYvd5c
IXQrh2qBbLw
IY6qUnbrTRU
IYF_KndpfPk
IYNILCwD9mY
IYmiX6wSlYw
IZLhy4hBfKY
IZRCWO1BeGo
IZcizF8qoPA
IZiMnVZAXdI
I_11fd2wJhM
I_5FicXUNhs
I_M1SvNpse4
I_NLmDTdS6g
I_bdaW1rXTE
I_u6XwdHpOM
Ia6qd82zcB4
IaAAeIgy_Uw
IaKY6ZS8dYQ
IaiYrNZ0aG0
IbSGs1ochG8
IbYHBZ0R8xw
IbiZaxYKmWI
Ibiig7KZjms
IbvHq0B20Og
IbyQiUtJ1L4
IcABxBLBEvI
IdBC01CEeJ8
IdhcSmoIjRU
Ie3fAaBFK-M
Ie4gXLLAsjw
IeQIApfGQGM
IeXIsyIux7A
Iev8VJEv90s
IevSU16wFWk
IfHhlvog1T8
IfKZWosBv1U
Ifi6dtYO5Ko
IflJdGeV6SY
IfsZiRAklDo
Ig93nIPAFmU
IgQot5F7G9k
IgS5HzxjhbQ
IgTasRHmnlw
IgTtYyiGDYU
IgiifGtZ2DY
Igt3Kyebyec
Ih5-DE9SH38
IhA9CHUT2sM
IhIxxyt9Xgg
IhOOg3rUga0
IhOQbXPQX6A
Ihfl3QrTfAs
IiO7H79Jq1E
IiQQSoUjCm8
IiRE9CqnVZ8
IiU5Cddwpc4
IieiPPeB4sY
Ij-c9Cc3AHM
Ij9ds4nqIuQ
IjFAqrlpgzo
IjUZAyXdl5I
IjZ95pcVkRw
IjmmEUAZIr0
Ijrq6WcZjd0
IjuFYsKX7Lg
Ik9LsHGaKBw
IksaESc0SNs
IkveD_BaYHI
Il7z2q_jjY8
IlM7tDCKarw
IlOA7UO6wBA
Ils_vdCRLIM
IlsnWo7ygb8
Im4qGn05Dlo
ImCj1AMMYwo
ImRX6aA_qII
ImdI4kcFLp8
ImgbR4aS438
In6cG8euyqU
InArfHrRzTk
InSBD_6ql2k
Incsk4sN1cw
InekQh1a-OU
Inhx38v6_tA
IoE1Kspg55o
IoNFaqk3NvE
IoOeiRm5sE0
IodsgFzI2ss
IonBFGa7e8Q
IpF5CQEl0gM
Ip_AlpDIxXg
IpoG8tAYu80
IqYk7pvdUOY
IqhOMCSqEkQ
IqqH6NuEG6k
Ir0X7K-cGn8
IrgKFRTOvuY
IrqQvfES_yM
Irr-M0OrqTI
IrzpoeYO5So
Is0RwN7QufQ
Isy7nxqHaaI
IszFv8TdY_4
ItgX8unFRNo
Iv5Tgq1TkGk
Iv8ST-IpM7Y
IvFe84Rtx3E
IvbT4XxgJX0
IvobYQFa2yE
IvxBuDOhH1U
Iw6nKe0JHcM
IwXfE9L8VCI
Iw_tWjoj29o
Iwm0xNgdAg4
IxHnDG14Z7s
IxUr0rAnyh4
IxVP_cR0DDo
Ixxb2CEf4p4
Iy2Nv6aJzMo
Iy5-txiyVHU
IyDvu74lcUc
IyMAz4WH64c
IyaF9olBKRA
IydvS5sZCIQ
IyiU9ZY82is
Iyq4Xs9AJjA
Iyu9w3p3hOQ
IywmUrGYK1Y
Iz3qV7GfQT0
IzfTxGsOKR8
IzhB69cycsA
IzsIhHH4MDY
IztNWVx6aj8
J-jYpNII_gM
J-nel25ItfQ
J0FbeQUfnXQ
J1GJnrdj-Q4
J1ntMBVvRYI
J2Du3jn7T80
J2akpcU4lsU
J30UncV_q_o
J3CFd2LhGrk
J3ItrtkUjpc
J3NYNd-2u0E
J3gcyfzfB9w
J43ITjceXlw
J46BfCJjOxU
J4Nxc9SnNuU
J4VA7ZZbUBI
J51AVUg1XXQ
J52Kaxl9Jy8
J5L1TzL3iIs
J5m5su1Gxkg
J67kiCkEtDk
J6FCke9ns8E
J6GHPM8ukdU
J6pZKHUIq_w
J6qi5zAYQjQ
J71oROykoqo
J72OjA6Bd_c
J7KW4HCX1OE
J8fuY8jgiqI
J8s27rNDfNQ
J9Pl8uaVjDM
JA88i6KZuVo
JAXs_76o5yA
JAipFoHK3Y8
JC-FlY-PYeM
JC7jhkBHkkY
JCBYUHkZjPk
JCFOvDQUq74
JCdPdNqNZVA
JDWyBW_4XzE
JEEKOkZ0xZY
JE_hZUUjv7E
JF26V8fiK5c
JF6dMPqaVr0
JG4uZoDG-BI
JG7HoZrUXoc
JGAB7HrcBdU
JGLyDyLgydA
JGbc7Qik7Y0
JGfYqRcvzLs
JGixphTn3D4
JGmOWfWcrSk
JGyuW3AU6us
JGzTG-33_44
JH3Fs5DbhLQ
JHIHPFRrUwY
JHP5-wP0uTU
JHTDr43HK6I
JHVanobG2nE
JHbD6jzN4Sg
JHi7sILsZ7A
JHuqMOvk7G8
JHzcrAVpVW4
JIA87bwNWJY
JIFnvNLBx_Q
JIfIXqP0ATw
JIvDqVyjqkw
JJOygLbyIH4
JJSLdisKSy0
JJYH5nbzyzM
JJn4L45JUio
JJojRj4KzH4
JJrP_xfLrZc
JK6RES5qONQ
JKG8HNnc7d8
JKNyN0aQsQc
JKUjIAZmScg
JKfKKsJiXzM
JL9IchOeQf0
JLO-QifaUDg
JLPDHFSaqVE
JMpnq-LUikE
JN7_Z9iZuE4
JNpysIOsMms
JNuHWnbsqCk
JO2iIOhCQJI
JO510VsXYSI
JOq3XFD8ZDY
JP6l_9_Vfg8
JP7511kkzDU
JPXoURxeabI
JPb4B_MWay4
JPeG5jDzzmM
JPebGyyK5UI
JQ6OetPI9wE
JQ_AWOf58tU
JQkPRz12Tf8
JQpqJjWq78E
JR1Cdh8rZ8c
JR3K8aelb_U
JRbQJM0iHA0
JRdzuiXqaJs
JS6JKdkJl3U
JSDeN4fYjEE
JS_r7l_yRmI
JSp8y-o8Iwo
JSphUh3jaT8
JTnfwz7sGSQ
JToMb2YxVGk
JU-jPa3km5A
JUNjqUeBct8
JURfV5Y6xFM
JVNKTM7Fdo0
JV_JVs6wu_w
JVkZF7LLZLw
JVukGMwHSbg
JWE7MjPO8Lk
JWEpIMFRMtg
JWYUErKjD70
JWo_whaJX8g
JWwftSHDi3o
JXC0cdioeuU
JXFXyD4-QYM
JXVMlgNCjVc
JXq1zjkP8XI
JXuhT0Y7u_U
JY7FDk55WUw
JYHcztA8h9Y
JYOr1rVLARQ
JYgdg30GOq4
JYuYCYxciHU
JZ-_DFq1ETY
JZOw4XOMeWA
JZYOG5rHsqI
JZcsNH7igaE
JZuwGkDqKDY
J_EZoa1Kazw
J_GlRa4unww
J_GvbkqCzGw
J_Kc4CjSFHo
J_NhqAR7pLo
J_QKoWk4TpI
J_RMgqDYlLw
J_rhl1Itjb4
Jad4rCOVwy0
JaeG_tqmvK0
Jae_c6wZ4PY
JamMh2LneTk
Jat4iIrjF_o
JbNklRgvwto
JbclfYmx4nI
JbhjowJI2FI
JcGvGOwwEfk
JcLsZIsZf9c
Jckbk4q8FjI
JcnDpVEqS38
Jd0Fmz0w-Yw
Jd9ZX6pbgN0
JdA8suGmdfc
JdxCR-fOtZw
JeSird9biI8
JebdD2pQFtM
JeqPMnzy0hM
Jf6Av4NBOTA
Jf6tK2tMiAo
JfmhlKlxaso
JfntNAHZEnk
Jfv6ugt7Vz8
JfyXzQL6K1c
JgJQwO4AxLA
JgtF-auOAmI
Jh1tNvmhFpA
Jh3H9wUx8D8
Jh6yFbE_jus
Jhq6cdhdqxg
JigLpd_LFrA
JilKchPbuZU
JiuG0FblwFs
JjGQlEh-9sc
JjLtq9ahH9o
JjYZGN8XRv0
Jjny7G06PeE
Jk2uzXWisnQ
JkD-Py8DyXc
JkMShV2K_c4
JkMYvMGEuDQ
JkN64bsKZ_A
JkTgzK29ciQ
Jkuk2RAR9VI
JkvsrUwmWmc
JlCITCiRqm4
JlMj9CQdNaQ
Jmw-WQGWM10
JmzJf8FJ-NA
JnO4euglgpI
JnnzFXOHioA
JnpRm60eSPs
JntaHojEltI
JoHk7xzDtnY
JoMl2Gf6FfA
Jok1xiMlZNM
JooYCWSIphs
Jouh9vF8yfg
Jp-CygmBDrg
JpESlRDweTg
JpOYkj5M5U0
JpR3Nqwp2Qs
Jpqm5fV_mKQ
JpuGxGFboO0
JqdigmV27fc
JqdtzRoIs6g
Jr327Q_wObw
Jr8ZIeFy41k
JrNOBwM73Vg
JrpW4i4eizs
JrvcxXntKGc
Js5m70_QxpE
JsoiXqIO5lI
Jt0UxDL0y54
Jt3pIVgTBog
JtIN7EGiq7g
JtTjwUd_e4U
JtatEyLCSjw
JteiYfMQHdk
JtxwRTm02J4
JuDVIFRKu4s
JugC3vBKosM
JuhVKMVqs34
JuilghjrU0Q
JuojftxuHiM
Jv5Br5Es06g
Jvl54BaMUao
Jvwf7dXp4W8
JvywT_rBHnw
JwBg3DP8HYY
Jwx3IxAkVPY
Jx2ZWIJpzlI
JxBbBFF15og
JxMvc-cih6I
JxcOhPYDVp8
Jxl3zle_iBk
JyR2belP2a4
JyXnGk7A5yk
Jyt9rrKVPcM
JzIp0GOvfYk
JzNnBeyttpw
JzokFdXgXqY
JzybfBWaLJA
K-IQc1EXGCQ
K-lshF0EXzs
K07I_sGUxEI
K0XP0Xw4keo
K0h8cNWe38g
K1IqW4gnq9I
K1R_zEImquU
K1fMm7y-arM
K1sztLBpbcs
K26k6GF6g0c
K2WSYhxCeZU
K2kfVd3NjHY
K33h6wr8GeI
K33tlcS64mQ
K3MvypeNwo0
K3dZOLVxCbg
K3vrIG2I5s8
K3xFAVphduM
K4JuQ2Mrb8A
K4OpuOcmxi0
K57-qjFiYXY
K5GHuB8CgBE
K5aCCJdVQPI
K5fgg_J-eZ4
K6I6AxiRN3A
K77YXo_b8C8
K7HDNDZR370
K7NWB2X45a8
K7QWvXtOSsg
K7TxaoQbEPk
K8-m0Hpo_6Q
K88AiLYgnbc
K8AkNp4bwN4
K8H67YCY8Og
K8q5Dp7LkoE
KAfzoVTNQck
KBNU2Xwf_5o
KBh3Uc4Pkgg
KCCy0irVrQk
KCeS0noGh_o
KCo6nEJ9FpA
KCtnv01v-SA
KCxgL0CFsjM
KDMorD3Dn9Q
KDUshF5anz0
KDdk6G4wt4A
KDj1JKQOG3g
KELusSHV_2k
KERdZT5mXrU
KEl6vetP_0Y
KFB1Eoo-hh8
KFFx3WKNWr0
KFWXJOzmIU4
KG0w2hFri3A
KGU6j8A1UeY
KGWBqDmXLb0
KGcRcSvPq0Q
KGl5javJEag
KGmbWElzmBQ
KHjp3-AdriA
KHtvB106WyQ
KIS5BJP2jRU
KJA8GG4GBH4
KJDcgcy0_uY
KJF19K9TNv8
KJLDB3oQg8Q
KKJAaV7x688
KKSy-RLfemM
KKo7k1ebv1g
KLHB-4bJnks
KLOKKh3aXKg
KLik49uacD4
KLkJQ6yAd3I
KLu77kn_D_4
KLws1mIPzKQ
KM-lxm-D7EQ
KM6AXmxUIyo
KO-aThNNKM4
KON2umJwTXk
KOSqK5vNkn0
KOtJs52GZhs
KOuWc0BiQow
KP8Lwihy3-o
KPEAHVatV_s
KPQKVoR2gUU
KPWyL4LP3Fo
KQ19cqhRMnM
KQ97Ba7Tm-I
KQN77zi2J8I
KQPL8rlOzlY
KQT98uyRLBo
KQxyhEraEtA
KR2nPQd0HiU
KRudWo_flVQ
KRxA9fRHaHI
KS2Moz7XXeI
KSECwb2xolc
KSPeYC-2LGw
KSVUBa6lOI8
KSX8Z-BqsSA
KT2UpljMVQk
KTTKZdV1ePY
KTaW16EtYeA
KTqXChxCXYc
KTvdh-XO9GQ
KU9geJnH6x4
KUPs9oLMlQE
KUZWOGyIMys
KUkS1-zPiJA
KV_XJhQy9qY
KVsJ7GW0TjE
KW9hsuxuGjA
KWBb3pXegj0
KWD6aNibl6o
KWL87OUWRmA
KW_I3T4g_ec
KWgU1nFZfD4
KWrhgYLhocc
KWunrkxNix0
KXKc1wyXrzA
KXspVCo7bH4
KYLsiVSXv-o
KYwoj702X_4
KZ8V276xES8
KZRovY8eK3A
KZwh8wBub4g
KZyqbhM_nCU
K_4KjW6WOIc
K_fxinM3cMI
KaYTT-2wuyA
KacrpKhKBqs
KbOZk2Nzd2c
KbvrJV1hUh0
Kc4WdcPILdE
Kc9Qbh-gsDw
KcCKNgKPHgQ
KcL4AVH4Yfw
KcVLZ_a0UPU
KcYVb6RQb8E
KcjLtHjS8Gk
Kcje1v_EC7w
Kd2SnA4R5ak
KdE64khZtKY
KdJTFYb8B5I
KdKXDi2JSdk
KdzipXBhA-g
Ke-hvEdWL08
KeJFKFZrH94
KeXZuq8HGIo
KedSQ6is3W8
KfLtRl_7n1Q
KfUxb0-omX0
Kfc8XRk2kB8
KfdOmPHlm-M
KgGF9_Iec1k
KgVaVuOQQwY
KgWAWav71qk
Kgh5_-OIRkw
KglMDLjCbqk
KgmCkY_9SwM
Kh3Xa8Bj8m0
KhDvLug24kM
KhGreyslb8g
KhLuKg38SUQ
KhfndEMoM2M
KhiebXQ1ZUQ
KhvjK4ksJBI
Khzs0cWC_Dw
Ki6ycJ4j8lg
KiCZ7RGQwmU
KiHWGHG6BkQ
KiNNVC07rQ4
KiOuZqmMQvc
KiXz8WTA_QE
KjBRI4kjMvY
KjE2jhJG_QA
KjRvcPlHtiA
KjwgSF0z4Lk
Kl-AdZnCrGA
KlODEPtH3vg
KloneuoCjOY
Kls1n04x__s
Km56bn8cOTE
KmkNaMNdchc
KnSccwplJFI
KnSeppY-79E
Knte0-CoyCQ
Ko4fXWKFPxo
Ko6j696GDJg
Kouc06GT998
Kp-HfVJ1mb4
Kp5pgExWNBQ
KpI4XFyjDJc
KpIwcM_Dyt8
Kp_qQYpr-2Y
KpesYwuz96o
KplGpAkxSMU
KpnFedd02pw
KposerP97Wg
KqBLON5YajQ
KqMmukUOUH0
KqclyC29Bv8
KqyHhx0ImII
Kr-UokZM9mY
KrfwG7t7WO0
Krq1vfBx73w
Ks3vEPKHz0g
KsgtHbTJw8A
KssRkyFoNM4
KtGWYFLbta8
KtaAJmQ_pzw
Ktww0VHL47o
Ku40d3XYNFo
KuMJK5-wm7k
KuwwAAwSOiE
KvApaLqzPuA
KvLqFBtsUHs
KvXu42lWlMM
Kvf9vsU4Ptk
Kvl6UEeYOyc
KvvIgScEBVY
KvxLjU1jdtk
KwNFtDHjWAQ
KwVmS_BIx2w
KxW-loGgdb4
KxggDpF_mp0
KxrTWSdgfWY
Kxug6nL2AFI
Kxuz5tW3H0g
KyYtykhufS0
Kz-N6KMThNM
KzPRheDNPW0
KzQmngMTpp4
KzUYICHQPtU
KzjCxot0Zmk
KznLR_Mb0yc
Kzn__MIozTg
Kzoo_pLcWuw
KzoxynczTi4
L-A7SRsNLic
L-AymA8PFvI
L-GUK94uVJw
L-LR3T_OUlA
L-PE1NmZZGA
L-RfwM9S0Yw
L-YqGTRYQlk
L-a-wRlA1co
L-cubkVLi2Q
L0zGltXUeT4
L1OcwwLe-9M
L1XuIDFC470
L1f2pTV3nMs
L1rtkjAt6LA
L1ss78esvpU
L2A6OoPWooQ
L2KLIzEVAQg
L2NVdn5hc2A
L2WMPuMsigI
L2c9qThRzfQ
L2gSXJyQKag
L2j1tq8HG0c
L2z2Gl-eG6Y
L3Fg24v2iWU
L3dEAcIHWYw
L3wFGZhw0Ok
L4DERWB7aqI
L4DcR4Yq-OI
L56QstiCUPc
L59PEKAlF8Y
L5MOqDFDa5s
L5nZIyLuGx0
L6-gG4imYYY
L67V7-R2rxY
L6D2vsJR5kU
L6fDcNf6VXY
L6zk84JY8_E
L77mka9vhlc
L7LX3k_tsx8
L7N93Euiadk
L7NgVrdEy0s
L7Q08TU0c4o
L7kDMouaZSI
L80oVI_ZNUg
L8FNTIzyGpE
L8PCt3ga4gk
L8X51xaqidk
L8oSSgAeEcc
L8zQh0G8rc4
L9At-i8Lkxc
L9DdiQj9_7o
L9Obi_H4y9o
L9dSGLPEjbg
L9f2suq7SwI
L9jO8A-3ygI
L9vDfW3s8TI
L9xFvB0iP2c
LADyttKxqlQ
LAPlGMSLaEI
LAsJAbqreA8
LAtkLqu91Nc
LAxYCCaYOUQ
LBHgtvrPQdM
LBLpDiaxWHM
LBZu6pNwh8w
LB_fGIl6Of8
LBcH-BRsD6w
LBo0jG2fZT0
LCHCdhyDWC0
LCVCExQBZW0
LDI5zi8N6o4
LDj-XKVS4fg
LDwz89FRi44
LEHQlsPAXLU
LERCbjekBLQ
LEX1nv5ItdM
LEZGwIhNiHE
LEi2VQMlSMI
LEwL2WDtHyU
LFXtDjOw9GU
LFnV8PvOS3A
LFo525BOoQU
LFpxzo9aTTc
LFvGFRulJvI
LG1V75Eg81A
LGRGPZXA1OU
LGgQu1qKtiw
LH10dg5MHj0
LHG8hqigb9A
LHGoyaTt24U
LHVg1ApUcqI
LHzWVVNG7sA
LI1UaRdvoE4
LIJ_ewnT0OI
LIKG_224l9Y
LIKVnAj4DJw
LI_Ri9wmfZ0
LIdVaplAJK4
LIfh88aAQM4
LIigSZj9oa0
LIyZr_s4ufg
LJ6qa9ch0dM
LJF5CpvgwWQ
LJIGEiHN7js
LJQrgpI6Q10
LJpWTB_upaQ
LJzC6udKcnE
LK22BLl_B0k
LKJVRoI1IBA
LKuV9imJGXg
LL-kJfye7h4
LLQ1PBBjt80
LLeSpu7x7Wc
LLgmRuNB_sc
LLnk0tSjoOQ
LMSkHqv049w
LMuYqLsn6_8
LMxzxhtqhcc
LN3ZrCUsyqY
LNAOg_pgoBo
LNWF5eq50eo
LNdtDxvjnqo
LNsOQ7r_dOM
LNsQ8rvT59Q
LNy7wP6iDyQ
LO355qWslpc
LOT_8wlX6Ac
LOhplpVOYD0
LOrOKXwzGbk
LOz-7VVIWww
LP-_NPGdKDk
LP7zS77Kg94
LQ67Tg64B3s
LQGo94w0gEY
LQMTCiC9xjA
LQSUeiwaL_M
LQ_XUjtXPi4
LQoJP3Nrd6A
LQpqCPrJeIQ
LQqpBdLRHiQ
LR9itjLXd-g
LRdeDrRrlpc
LSbBgP9ALV8
LSivVRWh6t8
LT-RnLIS9M4
LTI8s5xFlRU
LTJMOzouk9E
LTJaCa4fG2s
LTLZ0r3tZwQ
LTxh3ujmAWY
LVHOCTtlfXE
LVJicL_E7bo
LVZPIoOIM0o
LWTTC-oZgx8
LWmrnPWDdzo
LWqC-rfpAvY
LWzQpTypaCU
LXKJsqLbqv4
LXVa8Gpszfc
LXffh5MIDS8
LY5YcUycTeQ
LYKtVWVpkX0
LYT6wS-QVcY
LYdkwhMUTlk
LYp_2J0wNGI
LZ29fjbcJAI
LZ587QGpTFw
LZPKvxiI00g
LZVNE5-yHN0
LZYYCAcFEqg
L_55IaNgQ7M
L_mhFMpbmPQ
L_tcrs6QSfs
L_u8fx3Q-5w
L_zPU3YNjnE
La1mpmwPmcg
La3EpxRF0xI
La4BOV4RkHc
La4vkIxZxI0
LaM2dnikgSU
Lagqkg2eyDg
Lb6yzv1oDQM
Lbh-BoGOYTM
Lbjme3STcNE
LbtUjZI4n7w
Lc-tjip9oBs
Lc5ZGkbNa24
LcWu16E0r3U
Lc_1SILYN78
LcjOsiMjkTU
Ld-9XUqiVEE
LdUqkOm4AHs
LdYSRrhB1z8
LdhPZfJpjV4
LepWoCElsUY
Lf5DfK2IcaM
LfNy1xkb8bE
Lfk8rAiLkjs
Lfuo7DQAMj8
Lg46CuO3wCU
LgFbStU4czY
Lgb2GLGNHyA
LgdFEZAcvoc
LhGPz1aTZzw
LhYXMXr42V0
LhdgCMXF8oA
LhnfZdyoQvI
LhtAFfKjnZs
LhyEyYRZdfY
LiQhkizyJfA
LiWHYI07gP4
LiWarRmqvcY
Liw8yiJpDcQ
LjX6S-jRPvg
LjzKR3RyPWY
Lka_NFzd_JM
LkfoYhwP2To
Lkh898DUh6w
LkjKcy_N2ao
Ll2sn64Z0eU
LlDdPYpyPQU
LlWdpePzPEw
LlzSy9mavKM
LmFK2WgsDcQ
LmNC_OMJyHQ
LmSxR-Wma7I
LmXp-ZRt_W8
Lm_-d-bmq08
LmaqFLzV-D0
Lmqb3NyMZxY
Lmxh_XdT6nM
LnMxzcbT3tg
LnmCO57l8Sc
LnxHubnpioY
Lo-tGptL8Uw
LoMsvUwerOw
LoTr0CSugqw
Lool45VIAV0
Lp2wuNENShM
Lpy1M9A5LFs
Lq7wFXexg5A
Lq9olSaLf2w
LqCoh6eM3S8
LqJF6MxABP8
LqVZhXeVM9k
Lqwv6PK8BXU
LrdiWTHGdwo
LrqHYE6vWds
LrxjBKFntcM
LsDf_rOXK08
LsDkcOQ2WnA
LsHAMBUE2Is
LsL3IO6cfOY
LskJPshPaq8
Lsm-dA8sPL8
Lt1heDkdbnY
LtUgPMkes9I
LtiKNQ33CYU
LuGxPmHzG0k
LuUhIA_qXsc
LubagcE55SI
LuoHqAIrtEM
LvAMF2eb3wE
LvM2RFExGCA
LvQDfiLPBl8
LvTzEPXjM9k
LvbqaJKVh3w
LvlWga2EixA
LvtMs8oP-BU
LvxuY-gFs1Q
LwTtMIuA8Uc
LwUVpZ-HCJk
Lwe1o1wbKfA
LwlLdGWSg2Q
Lx6w7wGQtV0
Ly3dmGoPfbE
Ly7HQf4XCSc
LyHcZQT2OIE
LydheRbV5TM
LygyrXQX5W8
Lz2fBky96R0
Lzd9IQgOHQo
M-CvgjuS4as
M-IY8eb6FaM
M-Kh-IUAKV0
M-UhzUPHgyc
M-lDAnnrE6Y
M03QwJUd9P8
M0ImbjfdUFw
M0JHWaZchhw
M1SwTV0v7SU
M1aFYk_Yt2U
M1djXMTb8hg
M1yaMFaYpSg
M1zv4MKAzrg
M2K_7i95XxI
M2rqLfyEP48
M30yY_bYtak
M38Z1l-hbZQ
M3H0RHszcvM
M3K91SNAX2U
M3jGQp5cXKU
M3kPG6tEuD4
M3t2JpdWqOQ
M4ART1tXw0k
M4QD56H8EMI
M4T7XWsqgJE
M4cf6YQUB9Q
M4tLjO5ITZU
M4uZu3f3fAs
M4v8UtCLkeE
M551pfMus18
M5Dx0JFHS9E
M5_LdgXWnbE
M5jr5x4urfM
M6PxmtOwHQI
M74PYOpd5JA
M7APasd0Kys
M7ATnjkbbj4
M7GwbSZUGAw
M7XJW7zuH0w
M7fecxjjmL4
M7gaRc0dIGU
M7ojQaMwAuU
M7pm8o81fIw
M8vODV9gFuI
M97ZikjjxDk
M97v8K-K8vo
M99CXNqJguc
M9kbjQ8S7qs
MA-FDccZf2k
MA6O5o8CQOs
MAETHNrbWGc
MAGBdvgRhM4
MBf1eqE9XdQ
MBhE03viKP4
MBr_l7N5CF4
MC2y9eZgyEM
MC9JIsbOkQ8
MCM4Ll3Ip2U
MCW0rabbnE8
MCY6NCNz8FI
MCv4rMOe1Bc
MDBpW37lH1c
MDDwm5o-b0A
MDZjpjMNWCY
MDsfR7bNZr0
MEHi9tTAR7U
MEKNyTaD2A0
MEKbCoeDhS8
MEmZ6mGmkIM
MExX2WR16Co
MF6pKTWFWn4
MFFQA4VJfI0
MFGk7WMa61k
MFTyGYtsnjk
MF_yKSDEhcg
MFtSuzEnk4c
MGNsib6F1xo
MGOIAzLJVDY
MGm537_jgOc
MGnw7SgG2LQ
MGtWpR6o7aY
MH8foJwsqO8
MI0Y-_jfGeE
MI9nod8avHI
MIKNwUdwfDg
MIZb37kbKqM
MIl5pF6hNGg
MIrrWlZBPGg
MJhCFdzbXLk
MJoc85i30OQ
MK04ZRE3doA
MK471AtPOP8
MKAYFa_2NnA
MKBv-M8dRBM
MKbZQk_kq0w
MKrnUluthYk
ML4_TcZJCDo
MLRRXP4Zcko
MM5SL2VNbJQ
MMxdPYIxJVY
MND1yKxoR28
MNnTX0y80lg
MNpUFTWbkQk
MNyovC17giI
MOMJgGzOvkg
MOt0AOGhJoc
MOzWb8EEZS4
MPCi_tKlk1A
MPPoLLI5BdY
MQvXosmr0wQ
MR4Zg8MruV0
MRW5FeWeLUE
MRfhs8UPhks
MRpNL5kA4to
MRzeoMa46mo
MS51nCYOU6s
MSC-N9XgxZI
MSiPlkmdvPU
MSoAoAORxNk
MTHCkLLR7gI
MTIpSno0NRc
MTYKiscEDFE
MTt-kyGoXtc
MUMvOWVo9tA
MUQ9odQuNIg
MU_ONR49js0
MUiiAQ2uDGo
MUkATF25YHQ
MVJr9kVP0qg
MVX5c4uJQE0
MVY_-pB02T4
MVa227cvVgU
MVviWLo4Wcw
MWEPtBZie-Q
MWFmcRDa6ZA
MWSwcvcMme0
MWbF30nCWMA
MWiPiwjFCiM
MWqSdjeQTtU
MX3Gu97_-3g
MXEzIQPphpM
MXNhPSqzwEg
MXkx-rWv3N4
MY52fkuDAOE
MYOm83BR-T8
MYVxjvIwDlQ
MYb-NL1EZxc
MZ1XtO3AI7Y
MZ3pSz3_DBA
MZ99Wm8NNa4
MZJ93cVDNLQ
MZLxt3mbuDk
MZtOhvId9mQ
M_HNzN0n1hU
M_Sk_tedGxQ
M_kUq8P7V_o
M_tkvPoDJjs
Ma-hzTpA4Kc
MaBwuhBhR-w
MaXt-Tgw7aY
MaYMRw3ZCNY
MaaApaCZLQ4
MaalMNp7kEU
Mai6QD1HnQY
MameLLgYqWo
Mawn9L0HZc0
MbfujjHOdwI
McDi5EtdFdE
McIG26ufjIA
McMG-01dec0
McT1_s_S17s
Mcfe-BuWcUM
Md-urDo2vms
MdBZ7xImDUU
MeTdHQ5Q8vI
MeYPxB7RIgE
Mej0oJjrC7c
MerOSP2czwE
MexTM_Thj0s
Mf4_-hFSTLQ
Mf8zvfA7V4w
MfAucJapzH0
MfwA_DZNI4c
MgGCZ4_24X8
MgQh_kXU9Lo
MhQnelLiWaU
MhuW9SvY700
Mi-ZedhWvAg
Mi2fsfKnUNA
Mi63AwyIH8M
MiKGctsV1QU
MiUjJMqEtss
Miga7q2kNXE
MjIoBRJLh2M
MjKyz7PRfYk
MjSHQ1ca9gc
MjimqS6bojU
Mjt15ztOfPw
Mjvg0wHF1tw
Mjy5-mO-VjI
MkLC8ybjY2w
MkTNwXH1ckY
MkjJewcPzkE
Mkzy4OJg8Zk
MlFCcysUGoA
MlG7zPWu_0E
MlMiXuFCGDE
Mlm7wmSl92U
MmG-0Ot_CGA
MmNKjhV314M
MmShz_b7eog
MmcXjATFkoc
Mn20sxRkjN8
MnSCEvk8kn4
MnTg2vbkxO8
MnVYAmnSZ7g
Mnm26lskgPo
Mns8EDiTwa8
MoAR1ihitiE
MoDpZLT2Vn0
MoNkLhOYSXQ
MpMzDGs-dDo
MpS0fSb4zkU
Mpaqd11BsYk
MqAm2OI5U18
MqCqfCMWcnA
MqUmmERN4Kw
MqflP61av2E
MrIp-vq_gAQ
MrkgjiPSonE
MrnCMq3dQho
Mrq-DD2SScE
MsLpOq4P_bo
MsWGZ8ziGp0
Msm0DzLjIN8
MtBEd8cBTj0
MtWccTqHgn0
Mt_7dhwwvkk
MtsfcqAWpo0
MuBAJ9FgQSI
MuTQ0jDeKg8
MuWnj-wcrqU
MuhUSytmlbw
Mum0sRO9IN4
MusZzPn3m0c
MvDyFeEbUIQ
MvQxPYNDQo8
MvkoqyE5wmI
MvvPaPZ8Ad0
Mw3ISOmM5po
MwC5SBYjs4A
MwE0LzIWEkE
MwqTwYy1n34
MwwcTEEWh_s
MxAgcw8P7pc
MxGY4GLu4nw
MxGeAz6UAwQ
My58PHdp34c
MyBGcgGDu94
MyX4ki22QfE
MypgVtM4IAs
Mz3HloObEwI
Mz8mqlPAhaE
MzBBx0jQ764
MzCaHsrUcIE
MzEGN80736U
MzQ1YrpjFf8
Mzt9E81X6g8
N-27L-n97xI
N-TTQQOPVfQ
N-h-gLq6Ubw
N0Nhleb8VRw
N0Pl8KCDONs
N0RN767YWgk
N0WefOPJf98
N0n8PdrDLzw
N0oAeLa6v6M
N10TnSosSbs
N19wG4ydkSE
N1Dw85IjV1A
N1PfCeJuYYs
N1hDjG4yN7o
N22ejoPQ0Nw
N26FikdIb3A
N2RUQdZ6wHA
N2cRB5ebIAc
N2xchrRGSoo
N3liJVT5u8w
N3pAn2CBxic
N45pN1enGBU
N4IDsAxiwVI
N4QDdWYwC_4
N4s69LnDa30
N50dNNUfes8
N5Cv0JqVa5g
N5Z38zsJBTc
N5atuMcdDio
N5dpQKv9cCg
N5emuVk_Ueo
N5fErba8atQ
N5kJfbx6hgc
N5n7cF7KULQ
N5oji6fJIuw
N66bqiD63Gg
N67LBxN6ETo
N6C3xxr60t4
N6CSh45Phdo
N6DHTYvCats
N6EbbQZ6hpU
N6Mqd6udkSE
N6Pt9OkHbkE
N6TWb6YQR6g
N7H-NcXFb_E
N7aedNR28tU
N7agSGG9l34
N7lqcyDi73Y
N843DNLUieM
N8CdJ7MfhDg
N8VjIRFyPW0
N8k2hFiS70w
N8oRf52-050
N8zid1Vstco
N8zpcZOy3I4
N9Vv_dP6Tzc
N9iAwyorxZI
N9q-ZNO6nA4
NA5B-F3Tik8
NAsNbvhyKqc
NAvwi-E_COg
NBBSxahavO8
NBRRdhMyZQg
NBTQr2LteQs
NBuk71IEc3M
NC9xNFwCsTs
NCJ0E0S37fU
NCLKufy0avs
NCQKU77P6xs
NDQd4XhjyBU
NDVJ0uZ-iv0
ND__Tek2vaA
NDerW0GoS0Y
NDiHjrcTxfI
NDlhkdSu4QQ
NErWe-J2bP8
NEsdcJI3Kbk
NEwpQaRORQc
NFSsZWYloog
NFWFpKJafwU
NFkBl4bpDxM
NGTuLWiYsbw
NGgBl5oelHE
NGjMP1lR2Xc
NHL1CKlVVgM
NHWVNylgjUY
NHcFaUA1tEg
NIr2UDJsYiE
NJ3P-J_9ixU
NJCbE5v53XQ
NJTXmWmkLEg
NJWlUzKJVWc
NJfoi9ONBRE
NJt9GIofg5c
NK12eRWaa4A
NKHigF-BRQ4
NKd_G1X8OwY
NKnqUp6Rgq0
NKuWuXU1zP4
NKw92O61W5o
NL1IB5iCW90
NL9Q67Ogg94
NL9kQqZYcPI
NLAZQIAw7_8
NLBEe41nbeg
NLPh4V4CSVY
NLh94utmwMM
NMGt_MfP9II
NN0U9m1LEvM
NN3lhfg-2zQ
NNv6pz8gpRo
NNy9ys67GMs
NObDhU52Nz8
NOhgAZs3Cdg
NOxW9l1DX_U
NPAZKl6m8D8
NPKWnlO53Zk
NPr5CcEEFIE
NPtCvrAmcxI
NQ06lh2oCls
NQ0cVlYXgSE
NQHwYvXZ_3k
NQshFl0Yf14
NR5H_o7Me6A
NR9CQbtdOAI
NRi6lQbrU7Q
NSMkZMxg7tA
NSwYUzEtovk
NSwfHuTBDTg
NTO_t8VVV8Q
NTiyxAGEduw
NTqxzQL8yus
NU3hQsH9lnk
NUKmvZeQv7E
NUymG3fBRTw
NV2CVouSuVw
NV6e8EdtyAg
NV9sle1OegI
NVbg71ZSBUU
NVwBnDh46Bg
NWt89xV1tBw
NXBVSly_5nI
NXEbmbxQ6Gw
NXMFrriwZ1o
NXewcY8ioOg
NXv-2N7NBc8
NY9jSBa9Djk
NYTPYYxLTps
NYcGGwKpdns
NZ2kpU7dLMs
NZyYFB8a7CM
N_-1BkleTZw
N_6g1BPX8VQ
N_N6SaP4fKk
N_OegWAs8ic
N_dHLThpjRw
N_ik2ixJdMU
N_mHN_j2wRg
Na0-d1nwHjo
Na6MGdxWXv0
NaH0vwOF9hM
NaIdT6W-cY8
NaXbscdW_BM
Na_V-vn3jMg
Nb0NLjIGo4Y
Nb6M4GDmjBE
NbYVY-sCj9M
NbnSVqOp-mI
NbyZOkHRC-Q
Nca3xIipE8Y
NdD2a_DdMa4
NdFKE5T6MDE
NdnhmqoquU4
NdpF4ZANCwk
Ndphzq9goXI
NdrCXlll9_E
Ndtfww2UjgA
NeWlBBo5LdU
NeXUs-zY6JQ
Neu42bqhMBw
NexDrOT9oD0
NfGcqaajUkM
NfPEN3X2sW0
Nf_49F8VhsY
NfdVSDNElO8
NfjhP4KxPRU
Ng9GqoQcEUI
Ngd01jqh3-s
NgeVoz2gfgw
NguyJaegvX8
Nh2w3_EJva4
NhFuN-duFaQ
NhHawEqvTnw
NhN6NqqD2ko
NhPjBLj7nkU
NhlKqFsBQuc
Nhm9yJC6Su0
NiEVbPrLhJs
Niq87ILwRbY
NiuB3Tr-IQk
NjONm884mIM
NjahnlsjfSY
Njh6R-1K528
Nk2bZJOzDCw
NkAdEw1rDYs
NkAqQKU5ti4
NkloIfLwPT4
NknMBcX0tHM
Nl-ww1H_T3M
NlY6IBV-BQE
NljcbJZdUbo
Nlsv4ns8dlU
NmN63NRVRdM
NmfZX8P6mBk
Nn2J426LRy8
NnBrTyXatRQ
NnGHaNsei_8
NniFpHTM_Po
No21-zTr4cQ
No6hhOp7YcA
NoC3N72UJ0w
NoCyVS81eG8
NoNsUxhFk2M
NoymVpQbuac
Np7WmlENEcI
NpiXC8qOMkY
Npqb8xaVbyU
NptdMycfFlc
Nptt-u0OUDk
Nq-AZdtrWUg
Nq0tWJmv-cs
Nq8wB7yLoHU
NqnJhNvZwus
NqrIk2OCWvA
Nqwsr9i0y0c
Nr8eg3SrBYc
NrGgOwjuvTM
NrHSe_w2b4U
NrNIxv0n-Os
Nr_Do9XICm4
Nrdp_VahjoU
Ns2gMPFiUIg
Ns40kaVCV9A
NsNXqOnSKjo
NsQ8n-2NaZU
NsbPN20GzG8
NskRw99gOdA
NsnJlM875hE
NtEhKNfiFrU
NtJeYEFs3C4
NtinDFnLtz4
Ntlwizrhiy4
NuBSHwOjQbM
NuFTXZrAuzU
NuFWOJ7wr_8
NuNqau8SN74
Nupeq0y8xH0
Nv2q6IwLvY4
NvBl0h9rGHs
NvYMfcdOpsc
NvzmxVjNtwo
Nw7JGZrq_7M
NwTgXVd1M3c
Nwu6vBTRZbY
NwxgDKKDWwY
Nx5RoXq_qpY
NxBMRZeFwqM
NxKLZRQB-ig
NxNTY37KP1Y
NxTZS4mMLxk
NxcrLrg4ww8
NyZsxc79AF8
Ny_oqDhw2HU
NyaugXU8tfE
NyjAm_jzHwY
NzFNJueVSEo
NzTa311hohg
O-Bw7ArDzac
O-HJm2e9c4E
O-Qz5_d8_hQ
O-aN4VZgleA
O-bKi3nPdtc
O-ju6RX-2xU
O-tiDkKaxJg
O0K9Y-Ir548
O0VmNe4rGnY
O0VxqFD89fU
O0jUWeir9A0
O0rgoEIU8i0
O0zTrlBgwBk
O1-FFESJf1o
O1HxwriiZPU
O1w56DCp1dc
O2Hk5wYJDrI
O2Hohx_dY1o
O2WdBaEuAK0
O2ZP6QADI9w
O2_L6eUlw6I
O31apZAOXo0
O37qwK3gCp4
O3eOqV3VTFc
O3eSXSsKQcg
O3yr-EH7zvA
O4DRubGL6SA
O4J-qfOblSc
O4NOpl1NqGY
O4X1q8TTqm4
O4yJLDhE8sA
O50SDnSYuzM
O58d6-R574w
O5QObQ1Vvow
O5agZJAdwSs
O5ekW8d7UIU
O6N3E6CRCP0
O6p50T3t2HU
O77n0QRkZPo
O8N_xf2PtiM
O8x0hm5l68g
O9Mt4afnL9Y
O9QSspyTalo
O9tt1btUW58
OAHJmS1uHK4
OATP0JKOMZA
OAzB0grYZpY
OCeXMmkPvQY
ODhQJ7YwYcg
ODv-5HDxWYo
ODwVmK3rwhw
OE_8lYlyi8g
OEjtnst_3QU
OFXCXxR7w50
OG8FQ4y6g_c
OGYOsNNZuWU
OGfNF4_dHro
OH36ywjXMCU
OHhH3BOr7N0
OHnTI6bBb50
OHzLueZed_M
OJ8q9kunSbo
OJ95z0imexs
OJS6CcYb-wk
OKDofwEUw50
OKZELzrQqM0
OKyngDsOXYk
OLYKpFi7J3Y
OLo_7p9Gr88
OM6CRIpixEI
OMEAHE9Aexg
OML3V9rvFOo
OMf6TYJIdas
ONX78-UrPQQ
ONzmEEA3rsg
OOM13jgevNU
OOc6yyZxtvs
OOkqWoQDtkM
OOplrUWKSoY
OPDVf7APo3c
OPLxFUWvu98
OPRLTkj-h-k
OPkEXZXmEiI
OPnXXHeSM8Y
OPoGi5KVZcc
OQXunF6M-4c
OR2YX3yMN1I
OR96chSGd-Y
OROYyDW16Rw
ORRbUtWY8Ak
ORbm8fy4Tgs
ORuEZBsODGY
OS5ZNeFWqSY
OS5esGymwh0
OS6uh1fnJMg
OSSuuJwnNnA
OSf4a1RR3oo
OSiKnWyYEUU
OSjaGXcOYyk
OT3GVhBL5hw
OTX30595Utw
OTlxiVZNI0I
OTw8fH7F0lM
OTwkwhUWR54
OTzKRi0oWAs
OUONioZiQe4
OUWS8g7Vn-M
OUnzcV_zi6w
OVMMuL76xaY
OVMtok_zLMM
OVXHx91xzmA
OVamROwg5xo
OVuYzBra1Y4
OWIhP93eTA8
OWWb_Q1SXME
OWdgy-6yg1A
OX2n6F3RX70
OXkEwdJQkJo
OXlaeQ0yE8M
OYNOrBIkEfI
OYf97o3OJJs
OYlG8fHqDPU
OYt5yn5dPjM
OZ0o8mO8mgw
OZ8KAIyRG7M
OZLM3kbyXwA
OZSmO_DyKzA
OZmXnC585Ug
OZvLD2j1AEg
O_DhV38R7rY
O_W_1-zYXA4
O_fAtZJA-FA
O_lSqA9NJ2s
Oa7W3C1bC7w
OaAxVDSPaVo
OaHLkOoC1vU
Ob3TKj9hJd0
ObDyTsagl2M
OcO9zdHGISM
OcWFXV67r_8
Od2erJ809NY
OdvflO7Lvic
OeI2KUVxvDE
OeLGPz3rZsA
OeLgC1aOCoo
OenL7DTIM08
Of853ofiw4M
OfDIBWmTFvk
OfTjfZQX--A
Ofeb28MvnSs
Ofp-kAQsukI
OgmRHDb3d78
OgqrnKF751Y
Oi2jpC-6E38
OiMI6ySQJ8k
OiaH3033Tn8
OiqwzoO7e6M
Oj4H8cTyTkU
OjqidxsWCWc
Ok5M-2bp9ec
Ok6JuMczaP4
OkHHJC0CI28
OkV6mQ9wTFI
OmC-RoSG_pY
OmH31xln9VE
OmJxymt7uks
OmfOcezBmvU
OmiEws7dhEo
OmpoqTbDiWo
Omr0MGa_6Ls
OnjtTVHh4jo
OnwIHrhARuA
OnxyIDGkN-k
Oo-JC00F-o4
Oo5ykMrgHFk
OoIvfr5-20I
Oo_F_Du__5I
Oou8kupoBCA
OpKq_TGXP7s
OpaaSLmjg94
Oq1aZCQ8oBs
Oq9Poxq1fhc
OqLHhqsCRyM
OqU0aqfv0d8
OqckffQeP-w
OqqviCivv3s
Oqr5edxoZEc
Oqv8mzvATwI
OqzLgqJNT3k
Or01eeQCaN4
Or6uT6HrUyk
OrkjcoysuxM
Ot4kGnaQJfE
Ot4vEWizikU
OtCzwoP7FEQ
OtXfiELk0Bo
OtwflxhWhfM
Ou1bwEe9NQo
Ou2TgEYKmq8
OuByqNaZeZY
OuDGdkqn-g8
OuHCuYF9TKU
OuOun1Izagw
OuQk00waNZs
Ouk76_ka2sQ
OuzKKlwEuws
OuzL-EPN64M
OvF9zgDa2Tg
OvibAnCo6QI
Ovo2WFOOd_8
OvyvyFf9F9k
Ow3N-ghg5Do
Ow9cGwdTFP4
OwBAPYugu4Y
OwOas6I7Z6o
OwotJMzs3YE
Owqh6MWLBjU
Ox67OypXUw8
OxI5YFiOHj4
OxNm99LgdD0
OxRBB_yKio8
OxRM8Ir_L34
OxlHD9nexGw
OxwJnzP57qM
Oy-IdhV475E
Oy1qFgpWZtc
Oy8XhcACTsg
Oyr5t-HqYM8
P-9JZ3oQ8Co
P-CQXjNVkII
P-JuTj1nAbY
P-LgveaeUwY
P-e8e29ry4I
P0-GCgcZv04
P0NxgqFDdYE
P0eNAbs8cOw
P0q7tZld06g
P0tAetIymtw
P126Ks7Z-2Q
P15D1qCoP4E
P1CpLVrMqxk
P1PohteIr24
P1YQEfSm3Cc
P1t3vsH_Qug
P24C_YMp8NE
P3rShVKeJBQ
P3y7d_WVkW4
P41QP-6q8sM
P4D2CDheZVg
P4UFpGUjuS8
P4kG2jLlrPQ
P4vtBfrYIV0
P6z-7iqp14U
P75ikXpSqys
P77DZmpjbvA
P7PMoEhEi_4
P7QoBzewL58
P8QgP21NT9w
P8o5K86BBXg
P8q0YWKd8yw
P8vtzOy8Pjk
P8xk_BKcJFI
P92ekOOPI-I
P9VVMoR-opA
P9rnq-FHeJ0
PA_UrVaRRjg
PAqMaTIGm4Q
PBEdulG_xeE
PC7FzRK-zUY
PCxWFV9J__M
PD3VX0Fskfw
PDBmhhxL5Tk
PDg7Ua2O0hI
PDhXtEu7lFw
PDwwbnnOYwc
PEbDBs_PrfU
PEnftuZZ5BE
PEtVDg2D4eg
PEu3kllm6aA
PFACtM8M0Gc
PFgy-_28r2o
PFrLxiI-aYs
PFwr8NazLPA
PFyAkMdYwuI
PGMHsvEsa2M
PGboaqvF-CU
PGh77TIsgbE
PGrOuVW5TlM
PH0FBs1gvbs
PH43pE1faFY
PH9VG2-hHxo
PHQ9t4iOdPM
PHvKpu1BVyk
PI1wkNEWBKo
PIGpAGaDeek
PIHp1FgDDfs
PIV9PtOL1Js
PJJmh--vB58
PJM6SrwgiT0
PJyLG1jCkCk
PK-yjess3ig
PKMA7zFHEIM
PKY_kLnx8TU
PKwkF-sDj2A
PL1xbvfkdLQ
PLJyLMMvQHE
PLVi3Ytw8hU
PLxSDPfvHQY
PM1mVBf8fqM
PM4FG_gjZco
PMBuSYSkAZc
PMdyMulxYbo
PN0YKxs1wT4
PN29RfwY958
PN4ZXfdpr1A
PNCV--N3MIQ
PNMeHVTxI5g
PO-chsZQewE
PP7u6RxakrA
PP8cfS5WdPQ
PPP3WLSVrAE
PPPAedWpCWc
PPQzMfF0-2E
PPbM97W_5kQ
PPiokjf9O8A
PPqYIOlAPaM
PPy8NZ4cXic
PQS4pOTPyh8
PQdtWobWwbA
PQvLtERymDY
PQzw0anTHI8
PR6hU5WKbY4
PRNbM3aiX7A
PRx_qDucDi0
PSDRBE2QZ1s
PSGl5XfYSy0
PSTtYOYEFXM
PSjHJ95MXEQ
PSlQRSS10a4
PSsDvtQNJgo
PT4Jd4FDXx4
PT4PVIjZHxE
PTD7xfqUidI
PTUOIFpYNe8
PT_FYbQftQo
PThxCZaEwdM
PTl3lhaWHwY
PTlXY8JeVfs
PU0vOHwLbTg
PU6_Pda1SS4
PUKt_j0tunk
PUrXeHBZU_Q
PV58v_nj7xM
PV91HjtsApI
PW48x2R30FU
PWWK7n4vAWQ
PWYnoH_fBFk
PWhXGA5InYg
PX1ltxJlgTU
PXLJclGEpK8
PY-iBnXGhz0
PY0NVm4ylfk
PYG852ktcjw
PYNoxuxBjbw
PZXlNdmEjEo
PZb08zMTabk
PZnHI_jt4AY
PZpCHdVOk0w
PZr7d0AG1is
PZr_WDwAt0o
PZraPRf8pm4
PZyK892C76Y
P_2cHdopra8
P_BHkWMjovs
P_TbF2m80-4
P_lV97Mw-RQ
PaCIdWDpO1I
PaJqvircndk
PapJj8EjIN4
Payi6b9_V4g
PbMZwPj1v-s
PbQbVMiBD78
PbQrMxf8waE
PbfADUcdnus
PbgSmXU3JkY
Pbil97ZN3C4
PbivXPfQjZw
PbkuAnOCyOM
PblK66q0hMQ
Pbn4R1ibrgc
PcKCprqnRuc
PcP-15KE8Os
PcfCWyXekXw
PcjpWqsVXrk
PdNxkhb37y8
PdPGiaAliHM
PdV0DYtQL00
Pdq99hhOwbo
PeEYHJlnqhQ
PeGIECiIc1Y
PeJllsfJ_2E
PedCy4rOPvk
PekRTwMYptE
PelJrBITigk
PeoV2lMfYME
Pes0C6XBa2U
Pf6_KZ0KNnw
PfP62fiEXww
Pfy6G09iVc4
PgDZKdI9P3A
PgIIN-QBmzw
PgIvHjwcBs4
PgNOGQC5fA4
PhxuPHKw0b8
Pi5gC9JUl4o
Pia_pLyNyo0
PirNfu2pNTY
Piu-M_5jMV4
PjQfN8o0M34
PjUTjdWLYqw
PjtldTOGkQ8
Pk-4m118HmY
Pk9hXGLL5Cs
PkDhRqN-vGI
PkGoYuO7-kg
PkWG7WHtwRA
Pkm2bzKYJzI
PlEReBZEF2Q
PlFz5DxptLU
PlQRWB4ijMA
PmYwB2K0kcw
Pm_S4RusTwk
PnVFamQo8HM
PnlwetLt_5M
Pnw-LaJqr68
Pnwr0Um79-8
PoV-4snQFc4
PojuvU2ql1s
PpWgwUYlW70
PpknpAOsQ-Y
PpmN3BFp58I
Pq3hbjzmHHo
Pq6ToOYRo-M
Pq8zcQDoxhg
PqIRR8apWA8
PrKstD1Pn-I
PrY7QxEgMGo
Prfw9_DkxGg
Ps4lgWG1HnA
PsAK1QmBTmU
PsodyhTTOlI
Psxo4N7YWnQ
Pt8Fum79zmI
PtZoLylEXlk
Pt_y2dazrPY
PtbcbLI_rK4
PtjVAP-UVhQ
Ptt5C4UmKU4
Pu7OiOVlXSo
PuAAYIMUJn4
PuI9IQ6qd4M
Pv3bWiPuQk8
PvAk-rn1rno
PvCcI7xmYhI
PvZx0WWoqJQ
Pvmb8-kG4pU
Pw5autY45Ms
Pw7qESROxWA
PwOO_uIdAE0
Pwi_EypJEDw
PwsYFk95ctM
Px4lX6BWKh0
PxGNj0iyEOA
PxYeWQzIiz8
Pxp5g287o9k
Py0q5zpZjzs
Py0wu-4H6Kk
PyNojDW5wXE
PyQ0vSAZd9Y
PyVHy1QmXXw
PyVPpmjs3y0
PydIerXp8As
PypLUf3CW7g
PzMxbISGFA4
Pzk6OkIpS0o
PzlsDncIyuc
Q-6Ta0_MC7o
Q-g2vluan3w
Q-ulCrv3w6I
Q002Gv4BY0c
Q09RW5QcWuw
Q0V6kR5YoEI
Q18YGY0zxbk
Q1t1IGBFW8g
Q1zSFiF5dkM
Q2_xwWdg8lg
Q3NCH1dabEs
Q3QEE0EekIM
Q3jrNLT-w0A
Q3ueHGTcva4
Q42q38VT7Ck
Q4E2Dl2eCRA
Q4Ul0SJxOOA
Q4_pFFNkP_I
Q4xNhr7lrbs
Q5sZVM34AjM
Q6RUMPw9gIo
Q6bqmzrWLOo
Q6mhVgKG3GI
Q71QGYmLoZg
Q72fvevoeVk
Q748G7KpyUs
Q75eu38_NXg
Q78dJcWZbrY
Q7DvOniyNmQ
Q7_omRsmq8g
Q7oS0MAbni8
Q8-SPfJliOM
Q8H-5SPxo5Q
Q8eaAN-H_Ew
Q8iVlOQDt7M
Q8qx-dq-IGs
Q96EFNxYl18
Q9c3D9PdALM
QAERwFh6qpE
QAlSFR0MMKM
QB73Ms1IQNU
QBBb9s68cVU
QBK8OGy9QOA
QBWRG7s2h1k
QBn4VgVJjC4
QBuLom0hbzE
QD0j1sJLyN8
QD2rqypUHZE
QDHe8LnqA6g
QDOluCT_3Lw
QDPgb9HoRdc
QDYWgifrDiQ
QFt0GGhOO6Y
QGMUewbYPck
QGnGWBZe7CA
QGozDitnphQ
QH8AYZypPQc
QI-eoKM4fAU
QIUBcoSAxXI
QJFb_rfV8ZE
QJci_BcUrOs
QKMUoB-2_Lc
QKXwGnBHtkA
QKdzpjHJF6I
QKi97Bnv97Q
QKlFJQZ4fRY
QL74rJcOdlA
QLFqLifI94Q
QLQuCyhszyc
QLuk6vRmnpc
QLzZEq0AmZM
QM1BAe--_e8
QM7gM5-JKvM
QN-8wczVkoc
QN14SioIzV8
QNOj5YB-NxI
QNSwQNX9jaE
QNw6LGhIbhc
QOMkk1wWB-k
QOcwamcQh4s
QOiVKp5Z9hQ
QP-eQfTtPMU
QP33oPbf9nA
QP4PhkmIU48
QPNcK4nwuU8
QPPaY6aa48M
QPV1Z8zt0Ng
QPnlOIvF_Ho
QQ1PtkbT324
QQdp8M6uj-w
QR887ysdv8U
QRBoz8-FfdM
QRG_ASIpHlI
QRQ0u-dI_6U
QRZIqZEOzy4
QRdjF72B9AY
QRmWjYkERZM
QRq6VTRTzhM
QS3aGQnr2W8
QSU4rXHlgqY
QSjy25d9V2w
QSsX43bW9sI
QTW3nNAAnA8
QTchs08XFb8
QTzMQO5brSE
QU70FAZZs14
QV1r4TvIFJg
QVTPaJQQCNc
QV_jCXSrNF0
QVwU_rHbpQ4
QWDxzUBRQBY
QWGU_0gWGV8
QWjCIjVu7Aw
QX28cKpWtf4
QX7L-K1GF-c
QXHRILbhm3c
QXSMXkAnA5k
QYN1Fzk7lpQ
QYdVizvZG0I
QZHqQJO0neA
QZKWpm5B21U
Q_CbA-B6tP8
Q_R5Afcgm8A
Q_ZF1PA8WWk
QaPDIXj-dmI
QaUAa3cTDM4
QagvlmTLgHY
QaigIJ_6q2A
QaoIhK3rKB0
QbIVIulckso
QbVfwjtbpHU
Qbu2Gv5O7Zk
Qc-SMb7f0Tw
Qc-l9pC3Ydk
QcQARU8XR9s
QcysR6y3K6Y
Qd0g7vRCIWg
QdaQKiuoE6U
QdhkQQQ576E
QdqxGr6GY1k
QeCA2JM7ocg
QeIKn-MjmwA
QeXbvmKAd8U
QeZVJZX93eY
QeaBzDUOzis
QepZPAwcHXA
QevimQQ_AI8
QexctJIDGSs
QfS4mEA6d9I
QgDLJBTkmGU
QgL-GLeRN1Q
Qg_NLJe2j8s
QgkyWHwZmdk
QgpjvKHKItE
QhGMVmmMeFc
QhQbItpZDO4
QhREc2qXdDg
QhV3lig_Q5Y
QhXXIEyAYsM
QhYVPFt1-80
QhkFfkd0W8M
Qi4Pu9XLK7Y
QjDJQTE6zJ0
QjS-1iNvZlI
QjkZAb4Ft2o
Qjpx5BQ8ITs
QjqEw4ADxGs
QjtBOshsg14
Qju75agDkp0
QkE_AIAiTfA
QkEpPPEICg0
QkMAnX2vrQg
QlWMX9v3ZFg
QlXdEkHGzBs
QlaD9LCDW2I
Qm5Wizc2cZQ
Qm76jgtMycI
QmEUyeS9EIs
QmHkSM4KNaY
Qnu4zHG16zk
QnxJ7yLvb5M
QoB6MayhXU8
QoJg-k3jwOg
QoOOqsVgnF8
QoUJN0q3_8c
QotPri7KcXM
Qp-tS9xXJ2w
QpBiu80fIIo
QpieYyv5OQQ
Qq1FcVco2KA
Qq5018mTniE
QqM80JOpxkk
QqWBt5Nj0VQ
Qqs-pE4ry-A
QqtExA0l_NI
QqyozJ9Taic
QrhTPJdMIR0
QrnCnLlROIo
QrzfsTPjU5Y
Qs-6OMdjLNk
Qs6PaBbrG3o
Qs9mC2qx8VE
QsOZ4GjSdOo
QshST90f8Gk
QsyUNOM-DEg
QtAJ_bE4E1c
QtSLVx7m0i8
QtToRmC0a2s
Qt_9NK3H-jY
QuAmvFxI2eA
QuY2zD08ja0
QuwAzIPXSfo
QvCTGWf0Z40
QvZ2NbXx7FQ
QviBKzlD1gE
QvmweX7FgzU
QwO-2W2rl48
QwUdqJlojMQ
QwhDRQWFZDk
Qwu4OgCDD48
Qx-vB7TbpRA
QxJ6lnGMg5E
QxJ_DaqHXNs
QxcWdzOS93E
Qy-r9fQjG-I
Qy76XgXZFzw
QyNl5yFP-dg
QyO4dh6F3hs
QyWzwfIZtWk
QybfSpTErrc
Qyizv9PwE2c
Qz0CuZMyyfg
Qz8EaRic0EM
Qz9ktYf2Q7Q
QzNWJGwqtXg
QzYe_8z-CIY
R-0-l5gxiG0
R-3sDTM6FnQ
R-Aku_l_Ifw
R-FH6gGHPYc
R-RKA0KVwqE
R-T5sKgFoe8
R-hhcfGDd0w
R-je8-xCpF8
R-sKr7Bh9xQ
R-yxj6ysqm8
R0-hRjRAMCw
R0ESWuK6pu4
R0mHgpLpchA
R1JK9RsIWb0
R1TAAY-KWpI
R1V9XGCj0iA
R1iQJoVX5lU
R286JPCuxS0
R2MgyHpArz4
R2bmoR0A4CQ
R2sgQDLLxMs
R3oaY8vlb0g
R3xuOUshZN8
R4_hGCbPpTo
R4aJH4zwXzs
R5NZKjjnm1k
R5ZXywwZTWw
R5_57PcJjvU
R5qgXTvUQoY
R5xg2wid5L8
R68VVmKPvKA
R6KiyA5drjE
R6kXGMW3gyI
R6sMqJyYIKk
R6tyVttFiZ4
R7WE4iew7BQ
R7iE7GG9syc
R7nKyPxbabg
R7rvZWTZkW0
R8_K2EE7Q10
R8mNpUXPECc
R8qetcfjscA
R8rmTpEh268
R9AvHDKTisg
R9TRtvSRzGQ
R9fb2m4avLE
RA8L_kKwYIM
RA8tMpJZbsY
RA_ZsIWtJoc
RBLWpBYGcEo
RBQfR6ZzqEY
RBeBXwoHbLs
RD2N20bJWMY
RD39CmRUypw
RDELs43_hZI
RDQ93hhNzzk
RDgRLod4oZw
RDidFCnGK94
REBDwojy5ps
RECl9zvjp7M
RF2zoyL61xo
RFSL3k8c8T0
RFgk8R1HDVo
RFo8ghwGLQo
RFqgLeX9ZSY
RFvnBDvDpTE
RFysy6WV6yk
RGCLfpcd-gY
RGDCdlbMeto
RGLPuR96lCM
RGY_-cIVXgs
RGvUszXGfWE
RGxutbncapA
RH-R7STe4s8
RHFECzrTUX0
RHHCeW54_jY
RHNj6xEJnN8
RHVJCHHx5qs
RHc5uOtSkgI
RJ7pQOGcxtQ
RJ9LnOS0T-I
RJPDuZ6H8U0
RJTRf-aF6GU
RJVWuVovWf0
RJasRFAEHrY
RJwMeHSxm40
RK3hbcHrihI
RKCZOH29tEk
RKSAYQtF3jA
RKsQn60seKQ
RLCBqCmYFLc
RLJBvcYlvgI
RLT3dPcdYLY
RLU5NEh-Kac
RLewj3IHkKQ
RMColmwQSOw
RMPlKrb6TR0
RMYdn7Yy4AE
RMahX9QIbxk
RMcTlgkUEgI
RMdxSle_eO4
RMzBp8cXXkg
RNJz7288wEc
RNa0Jx1aFgg
RNlid7lMXGc
ROKJDYK-nU0
RPK4agFVHH0
RPQAbbpoVE4
RPs9VIZPrEQ
RQGME0WtS_M
RQSfGYq8R-Q
RQSnyE2gGqo
RQwKqMjxREQ
RRPR3vwIm5A
RRdurNKLKXY
RRzO4K9Yc9o
RS1VoleHlFE
RS2dCuOZLjM
RSiyeFlG7Wo
RSmFzz6Izwk
RSsrOJPbxXI
RT63WxJXNLA
RT641tmxDj4
RTV-clLOY9k
RTdsRMUnVrI
RThpeOCqYUY
RTq2gKLw8Lg
RU9Y39ty9ZE
RUikTTa7p9s
RV7CtChYoAE
RW-DTjSxpbs
RW4kP1IY7dE
RWMwcgSdtfg
RWUuNvKDXgk
RWbjazqQW9Y
RXBJqiyCG0Q
RXKhWgdvvdQ
RXQ7u0wWZMI
RXZyTBBOGVY
RXtsrERb3nY
RY6yxqA6bkA
RYUWAGZo0fk
RYXd69U676I
RYvHiRxjNHw
RYzwtsFDcC0
RZ-aT6_1GvE
RZ5-upVO2b8
RZBv3HAS--E
RZxpJ84cedk
R_5ryCo5_zU
R_Pn7h8t7bk
R_QcjYlFRBQ
R_VpP3UjJYs
R_slELWiTqM
R_x3aL1Ufzg
RaAAur8Cy3g
RaZl8PyId5E
RbQT5Rlmb1I
RbWC5m2hJxo
Rbd3wrJxx5U
Rc9YzftNIvY
RcJbIUJpJ9w
RcNjLXXZw3M
RcZ12iEREDg
RcimKG4dLHM
RcvOroCcpns
ReIS_YEjBUk
ReKhe-4h92o
ReMOIkeld_M
RecmPM7REpQ
Reo_EToN3Vc
RerPc5Nk4nA
RfDvmK_oudo
RfG2il25NZI
RgRyL4Fb8uc
RgoNBJymgDU
RgzLNQjgclc
RhNC_NK8yHM
Ri5saDcnG-o
RiBaxfCzGSU
RiFzkBf2kwo
RiYhAual0Lw
Rig3PvB7vu4
RisycamvRfU
RjPedfFbgG4
Rj_03IpBF-E
Rj_yqCAoFiY
Rjms-iV-Miw
RjsECHrqjuE
Rk9jjjYwkAg
RkKEShC4GuA
RkNVhpIhWhw
RkNhqT-_EvQ
Rl3DLbV31S8
RlGDjKb3Ah0
RmBdKdWN8os
RmW5Omb6neE
Rmmm2soGRWo
Rms_I7Wz5u8
Rn7abtEEzDg
RnH8pzD13Ng
RnKFSiUsKBY
RnSFwDwgq1k
RnZ0gqCo_Aw
Rnu6fjBHEik
RnuukkMTfKI
Ro6zxlLeE44
RoGF3aGwlTg
RoeJODiZuXg
RojKuv7BynM
RojO-YnamRc
RouLHk7w7RQ
Rp3GH8ZIHFY
RpG7MKpekwo
RpHnzWF5R44
RpKvbbyuKgo
RpcuZuM86N4
RqNHZ_RLD88
RqREWFypDxo
Rq_Ptk590FU
RrECwnENDv8
RrIYy60vYlw
RrR4tikRmIU
RrxjpfOpRmg
RrxyK8u4tRE
Rs9b414HNkU
RsHElWsZAyU
RsMsckm384o
RsN0-7Ujbow
RsR4ibmGyVQ
RtO_3Z3na-s
RtzjJcLjxlY
Ru5kNSbVX6I
RuL1WfIx0sA
RubPo3UiyM0
RuebhiWw0dU
RuuH0B6VENU
RuusskwdU20
Rv0FOcjVbZI
Rv4am0pvem4
RvefOBiFdlo
Rw25k9fVcjQ
RwAG_kkcwr4
RwMyT-K16Uc
Rx8DoXwlM2k
Rx9vCO26jwE
RxNvQWFr1is
RxXSci5JKTc
RxbG2SJtkIQ
RxfsW67HK08
RxkQ6HDs2Ds
RyIB1HYywgI
RyLik_mww3k
RyjlOPjuN_4
RzORAAqFFGc
RzQcQfe_GVI
RzaZxl25HhU
S-135NrUorg
S-bvDk7qNM0
S09pWvi-2mM
S0zG61U9d_k
S1EPn42TtWE
S1IRFnee-WY
S1YLvBtqK1o
S1hX8WL1gvg
S1okMmfUPKI
S1zF0DjijVg
S2Pi8oB_ynA
S2QUHpPfeR8
S2a9oZRb6ok
S31bFVF6NbA
S36d1OPEJeM
S3RwVW2fjI8
S3Yr_mLmYVs
S3dCVWjRcIs
S3jiUH-fMSE
S4C7YFWIdWk
S4b5cP28GXo
S4zo77drP78
S5_HxK9uU3I
S5f91i3rdMU
S5qY-G0OvRE
S6-FNeeGWJM
S6-dePO5a8U
S6CHzBPWCLo
S6PeVPWSJis
S6rF8Fki7pM
S7EXg7VKwhI
S7MhC0Kai-8
S7z-bk8Jz5w
S83yqQvuRZI
S84VD-phIlE
S8E6H9V2OIE
S8libHrQKwo
S9VJDB5RdxY
S9ZhFPRKwnU
S9eWeBI8SVM
S9f2r09vOIs
S9ith42EfSc
S9lMj8mkWys
S9xUIk6FUSo
SAN97jp-FOE
SAPpPNTUAxM
SAPrx9JTO7A
SAUZO6ncCPQ
SAYqG1SuHys
SAeZV4Wonhg
SAxT6ymriPw
SBBsynD2Lr8
SBFwUU6mEd0
SBgr5HGeZCQ
SCEZ4aoCqm0
SCFRESpjOPo
SCT_h4UlMcA
SCUF_6PJb8k
SCeFgfbo-dw
SEU4T6F_BtU
SElGvbmA7AA
SEo325rSlpg
SExj27_BVUA
SF8QOQqqHcY
SF9tPF4A9Vw
SFIN-mMzw-Y
SGAHUgc3Gu0
SGTjpv_nXtI
SGTvzjvXq0I
SGZHwHkGCxg
SGobguB0Bns
SGsg44tXt4M
SH4cM5NNim4
SH9pZim9N9U
SHDao2xwZA0
SHZdG6TJmcU
SIDNdFeO7-E
SIdmP8r6LJo
SJ3gKih7IbI
SJSb509wcp4
SJp7E9mmez4
SKAzDr7RtTI
SK_sADLea1A
SKckh5HcSao
SL84nG0S3eg
SM4eNioCcvI
SMoDbapHZSk
SNSA4zjeyc0
SNYZW-NK2B0
SNgdutL1j0w
SNqGgevSFLE
SO09BFZw-oI
SOKuxSwtnfo
SOkZRzGal1s
SOu5u3U1ZN8
SP-qZjljuyM
SP-suOSSF_A
SQ6LTqFyzVQ
SQBxbSYeYAI
SQHRDZWMYQg
SQHnrLDyQfE
SQoDDyucKaM
SRSQH_cEMRM
SRUusf0Sy5I
SRadJdL3i8o
SSF6Bw6SC7k
SSG_r53aA2c
SS_suigRT9E
SSwLNdt4QZQ
SSzSMJmLQmU
ST-xCvrSd0Y
STCZFqEtgU4
STKWICc7Yy0
STP9v2CT1uY
STSMVratCOE
STt3n3lVA-g
STwtg7JdxMw
SUSunUWIwFc
SUtU2C6g-mI
SUtj2LAU8p4
SUv0J6-A_Hc
SV26h3LylN4
SVLPiNykUIw
SVRZljoWGOE
SWnMRfB99nc
SX8GeWRINI8
SXXKVpsti2Y
SY-7aBwatCU
SZIo_bjDF_o
SZPrEQSC1z4
SZYDWGwmw70
SZ_GWzCA0D4
SZj8DyzGKYg
SZkNOzyu3So
S_QQSl13oAk
S_SLI0c0dPM
S_mRomDIOV0
Sa0pCwY3HGk
Sa2pXhgSih0
SaLfZh7Ts8U
SaV5LLLwOPQ
SaZqaUTj0Do
SafWhz6fr0I
Sb7O5pKflfc
Sb_MBlPx_YA
Sbi1f4u9B7I
SbronlGBpzA
ScAZHWY7ezU
Scfrx8g_eLE
ScqnF8ThlVQ
ScrH9yD7JyQ
Sd89Fr7AYZA
SdiyzIjruq8
Se-tVtLJJWs
SeaBbGXyIBk
Segix_PpWaw
SetuZkFHHIo
SeuwFEDwu_Y
SfCSNpx607k
SfSzulRF2yk
SgAPpJvb3LI
SgDtxbPDcvA
SgOJ61qxkTs
SgzDL95zM6k
Sh51ke927Ns
ShKgUmFczhM
ShllklxEk_k
Si-xl2tZ8YI
Si2-1qWSWLM
Si6viLb52og
SiYO1pWzVaE
Sifd_foCO4M
SifqY-MBiAo
Sigmj2aeUmY
SixmU0L7nWQ
SjUJh3ZmycE
SjV4sNzGy6E
SjivmakDc1w
Sjj8jigsniE
SjzpdBxRwK8
Sk8wQPuD5q8
SkZf2Elzcms
SkcwplPpXco
Skz1XVeQ2Yc
SlST-bbWCI0
SlZULl5T_0s
Sl_ljYjzBRM
SmI-8-zCu4o
Sms-VbsBrvk
SnU2d-hHUS8
Sni8_SsVZnc
SnvWluc9KmA
SoPP33m-Tr4
SoZxtNE7cIY
SomOrcHb3YM
SonQY0zYBV0
Sp3lqpCCHnU
SpO5yy-4o9E
SptpM3Tx1HI
Sq__5C3CJac
Sr9gqm8qKZg
Ss5e-ETxqTQ
Ss6OOhD91PU
SsPlrvjyW-U
StB_CbCIwJs
StIHGxDGjHY
StToSiAaB0g
StYm_rF3xvc
StgMQMdIid0
Stppd5hHOD0
SuClF7o_hTE
SuLvuxRZ_OI
SuRYgZed49c
SuSk5PRBNEw
SuTYhgzSKho
SuTsmt4OKis
Suc6HzxqNaQ
Suid1PCkxUE
Sv4sluKR8x8
SvDNIoMfRXk
Svd0aXaNHG0
SwuOUgyqkMU
SxJYI3-NGH0
SxSeD82bz5A
SxpuYlW836E
SyJsbKhatwI
SyNu0Mozc3w
SyOGqJQzq_g
SyPDL_VNaTE
SycEpd-UUrw
Syd6zwCIsX4
SynX-7CEC8M
SyqCrnWO0cQ
SzMQs0bqPsE
Szgv6wbIdF8
Szpts4vdWrs
T-0nCgT1_EM
T-I9ZUjumFc
T-SMw0blvr0
T-YrxKOfwR8
T-faQGmGceI
T-kxTd_LfvA
T-qGWdCmtI0
T0ZdVXCYC7I
T18lsT0j_qo
T1Q7nyFVo0k
T1_JYE3eAy4
T1oRp8np8ZA
T1pwRYttMXE
T21Aq78DZBg
T2OFX3R_Nw0
T2Umjsr9kyg
T2kHg5y8tK0
T34Xrih4gpw
T3L2RyKxiBk
T3NEfWmSH18
T3YI0C-YWXc
T3YedtgiRJ8
T3ubOle_PoA
T4O6TkR5GI8
T4XJoSdVVxY
T4frnrbFmkE
T4g_AEsrex8
T4l-tXe-h0c
T4wYZedjlt0
T5gnzTyDjeE
T66dxco7mxQ
T6_1cyQmsu4
T6fd84fgu1I
T6h-Sm00BVI
T6llAFxjjKE
T7CSL8gydE8
T7PzZA1Bpag
T7wKOHnJnF0
T8IPZ596XgY
T8RSnKMp-DQ
T8UMtsRhzpk
T8XAVv4LVxk
T9IOGsJHiRI
T9Pu3f16gOU
T9WH74QIjLM
T9_dFr_rNag
T9_w9Esx2sY
T9eKKTl2aqo
TA3ZxQJzC20
TA5zMMDAWiY
TAdXBuZ_s-0
TAi9_eaidXs
TAjvlTlDTvA
TAuCcEePbEE
TBF0pNxBqo8
TBMwgF54VYY
TBinLVr13Qs
TC0MNTi81-8
TC4h8emsgmM
TC8u20bdNoo
TCYhmHgTa1A
TCj5_4pnCy0
TClN3x9RoAQ
TCqbyF7GR6s
TCyROwj-vOc
TD12UnyrALM
TD1gmEXINdI
TDFQfPFIHxU
TDZd4BhI8bk
TECglCqIwMA
TEt0Lk3bm-I
TExW-Tj260k
TF3-nZCftRk
TF7L6NmrJQQ
TFTWDekx3bs
TFUyIOWDHMk
TFoQH5jlsXQ
TG3FS41oFLk
TGhuTOK13bE
TGk8qyzat90
TGpjzkrYitI
TGw55us8uZg
THFkI0AdBg0
THMDBxbN5Is
THYLLfx3Jew
THgnm78gtk0
THrFpperI-A
TI6ZY8hXH28
TIlaR6jx_nQ
TIvu8RZ7vFI
TJSdVu6PULo
TJT3o0wHuzY
TK9cK-b-cbY
TKdebMZXqRM
TKmS4vV_VMw
TL1zfA6utJE
TLZoa2nkkOY
TM6eqkRymLo
TMOdQWIbD0E
TMruIZxV4aA
TMvj685ytS4
TNBWkOuR8k0
TNFCPE3Cr48
TNFyh6KvP6g
TNhhJ0ALqws
TNqxKKFOmpU
TO11eEEDgKU
TO4kePUHoLw
TOHHTdKA9rA
TOIulAh7Cd8
TON9of6T4Uo
TOmgNDJmmLM
TOoeR0D6AUM
TOtVHnTjeMw
TPUCcpaZzPY
TPeauN1-kbY
TPzmbTm-mVY
TQ9XprjtUKs
TQKWbOS9o3g
TQmLTl1uhZ4
TQxXegWHF54
TR6fJKBAsrk
TREN6FUgf40
TSKLKuFBcDY
TSREoIOnrv4
TT3dtiQ23Ew
TTMf-IEBQIo
TTRmCUIYcNY
TTV-u6KFsyI
TToSjtdPNY8
TToccjaVmtE
TTzHpYk0BWo
TUgDn_ykzuQ
TV0MCta_XAQ
TVM2WqEYl9Q
TVXmu8pKfAw
TVb1jk34FhE
TVcFBybWBZ4
TVxgExu88NY
TW-4COtIB_Q
TW-EZyQT5E8
TWIgMyzno6k
TWRr1AL5BxE
TXBrYDUydF8
TXXTwSxoWnI
TXj04wlazTs
TXvS_TBBWDU
TY58eBcqcaA
TY86_wUcz2g
TYYr9BHCaTc
TZNIZTcpvqw
TZcYpEla9zA
TZhlJIHkuTI
TZsXUm8BEm4
TZuTFTxbsMQ
T_BLXM9KIOk
T__odQVkaIQ
T_fBt8J0n3o
T_nU7DCospc
T_o6JhQzJs0
T_tgfvVlCPo
T_vVQFnDgcw
TajiNxIWyoY
TazEkXUs7M4
Tb2iZjC-tvU
TbhhgJphMq8
Tc6eCbU3uPY
TcI7d60zSUA
TcX8hSv9HlY
Tckwo8zawL4
TclzLekrFr4
TcpMqr-7T5g
Td5yQ01AChU
TdI7qjc3gYU
TdKrWxyD9wQ
TdYq2wCDUTQ
Tdb3qrBKf2Y
Tdp2JzifhLk
TdpY-Ok2kJU
TeJcNlfkmBA
TegZdc8Oe2s
TfFo7lL5sz4
TfJRG6ItroQ
TfQ1M-UZTy8
TfVhdcPLQZw
Tg9oaCQXnEk
TgG2HQeSU0Y
TgGOxeXQMYY
TgIzwGsbyqc
TgUKjTUEIGA
Tgfo9US1Hgc
TgsiydCZDzY
Th0u6sGK1bo
Th3r3m3d4WM
Th8Y7GwSGKo
ThCG3LSLQIM
ThH7xTtgwr8
Th_exxgJgiI
Thh8z7Bo8p4
ThkQljumYTI
ThuPmjkflT4
Ti3F8NKhxmM
TiG1djet9rw
TiNXkrsigzo
TjIh2VYCNUY
TjMVurZATJg
TjMpm-niHis
TjezYw5h98Y
TjwhZooKjBc
TkPcv-Ho1R4
Tkt0zPsZFWk
Tl6rdWcc0Hk
TlJcnoTjyco
TlRFeS5nSmE
TllIOP0HOlA
Tm4pX5-DvZc
TmBOIwwdSWQ
TmINXB8x4ms
TmIqL15PSVE
TmP3jkGLcRM
TmQ_UbqoKPc
TmU8PauQZAk
Tn0cUu_1oxw
ToSCMgOiRCc
Tp3Gu3kmvho
Tp5HKF8c9zY
Tq0jNvUduJU
Tq1z1Qj2yUw
Tq4HgsbIgEo
TqCOVBxCScQ
TqLCZ8fVALE
TqVTzCv4WI4
Tq_QVwOwtnc
TqmOlSmuG3k
TqqQN2cck64
Tqr8iuHMsM0
Tr9bbZ55nWo
TrU4Rs4Bn64
TrzQZ3hnjH4
TsAue-hUvcI
TsMo7jh_CTU
TsaVyFRrZpw
Tsc8X7v6qEI
TsgHam8fkoI
TsxxFZnB6Yo
Tt614Ar8cH0
TtIk8w9Qjdc
TtS9azxHHkQ
Ttg5GBXmlmM
Tu97QGLm9RI
TukhT6AFRcA
TupBE083hp8
Tuy698nIIho
TvWoejDkykE
TvuZJIHKCc4
TvyOGarXJo4
Tw8jU09AFpw
TwO6kvo4Emk
Twi5yJoUivg
Twjqj-18gWc
TxChC2MkzQk
TxbsIpuynok
TxllyEQum40
TxlxwmFavqY
TxtBDjmWE8I
TxtTbM7n2iI
TyMI90lMFuQ
TyQsfx0pGGE
Ty_ZOnG9Oyo
TzISSlVZgYk
TzPpLdOAUVI
TzVZnMqFc3E
TzWB7NEkbfo
TzeMOu_r8Q4
TzzEzTXzKz0
U-YOesqTeRg
U-fDr0Yj98c
U-uJUtY6DIk
U04VMd6QKlo
U0CYtH0LrSw
U0FpbMRqVJY
U0OgHgy0rZ4
U0QHXmSPHNw
U0Ur4sNAzRg
U0iRRUwS64s
U0mLXLxBdqU
U12RTw5vG0o
U1DZfrmicNY
U1HXnKxlUB4
U1eZLyjUTEE
U25EHrV4mVM
U26_obMqy0o
U2jpIjhE8-k
U2lLPdDpu8U
U2ymzVPxGRE
U2z1cSUF9Jc
U3Df8xxxPVM
U3G2p3oObN8
U3eV4PKYUSw
U3h8em8n10I
U3mKDhXVONc
U4FsojdgKvg
U4WQCgMSsgk
U4_KknTbN0g
U4yBXni982U
U53tAgnrHLw
U5AHIcAVRG8
U5whQiLC6X8
U5zAJofA5vI
U6A9wJeZIMU
U6Av8elBBSI
U6Nwbk11OGI
U6Pot4G9Mdw
U6Wu8mNbraE
U6x9n-r24wk
U76HZO56lEM
U87-bWvAODM
U8THlGF9fR0
U9Yec92LOyo
U9efDGorBzE
U9hgBpxnE1E
U9m_g8y6jwU
U9y2q50PEr4
UA4qXMR-0r8
UA4z8xM4chg
UA6OVOmdEn8
UAgqbNiGFsk
UAiN_G0kekk
UBV4k_LHr0Y
UCF8K9ny8sI
UCP9QI07pU0
UCbQ7yUYV8w
UCtwBt12IOo
UDUsFnh4DBE
UDZqAG6FOwc
UDzH2KJLZEU
UE5aJ88Wv64
UEGy9PVWQ7M
UEWU2AgBKso
UFF2xwf69QM
UF_DNqtVdDw
UFb_5AgeHQQ
UGGU7ZuR2xM
UGJp42tJUmI
UGSsCgAe2Qg
UGTUuNCUlRU
UGa_SZsEJSw
UGkBhwAMsLE
UGmslmOB6W4
UH7VZSk5CRM
UHmJ5FoLn8U
UI0xSoBu_cM
UICG0My8rBk
UIEU7Bsr7CM
UIFhw6msXjQ
UIWo5rKcUxw
UIbK3IPaTxY
UJ4Ophx2KXg
UJELU1dkxwU
UJNr-85pYNE
UJxl2gvEHaA
UK25VULJolI
UK_IeTGnBJc
UKve2q0CUjs
UKxpMcAXgLU
ULGTVhKgJc8
ULOgQruAsgw
ULxnF4L7dgY
UM263GZ-gqM
UMbT-toV24w
UMmOfA089aY
UNPe_-yw3jo
UNj9J3hs3FQ
UNqkGLQYawM
UO0tI94AF8s
UODZyz_Lf2U
UOHPB4PTkbw
UOYlg8W4TL0
UOaTLxHP6mc
UOsHrtQfZhY
UOuP6SLupUM
UOub4MHtODA
UP34go8sHJk
UPPDit03Xaw
UPgtx0TmHKE
UQ0aik_UvQs
UQHcyVtUUNE
UR79lmut64U
UR7r5pWxk54
URAcQgNBOaE
URGmuieJkLA
URZSMAkgCPg
URrDTXTQ8nI
US-yHMvDtP8
US7FUuJnVeI
USJ9G6YumDs
USzMfWk503o
UTQGA_g1K5g
UTuYWynIKsA
UUfqG86ba5M
UVVp831Ik58
UWr_pSxxUCI
UXk6sD-CrWg
UXsrr1bkAP8
UXw2xWMeQvY
UYLypfci-oQ
UYaDrB_Rsqg
UYjRr4IiVbY
UYmB3AI-2KU
UYySCJjXjPs
UZ71yfoCBBQ
UZF34nMltdc
UZvwtqew-98
U_EoGsDVvow
U_b0VVXebY0
U_czsTeJsDs
UaRUnL89cg4
UabgU4pBfk8
UbQN8uhfYhQ
Ubf76UAIzj4
Ubk_-7rbhvg
UbyL_dcEU7c
Uc3k7T-MZ-c
UcDPdMljv7A
UcH0gxBGg_U
UcJ1MGSo5W0
Ud4NGdee-xo
UdRRQlb_HXM
Udg0dNnpBMw
UdjPUGwa7-Q
UdkbNglvItA
Udq1Fc37O2I
Ue-xvhanR38
UeBSiBOY0Ts
UeLRbTfsvZw
UeyJgLgAJ_w
Uezt1TPlqRQ
Uf6fXI7h3_k
Ufdo5kSTcnk
Ufrpr2FKFZw
UfvHLVi1wyw
Ug6M_mP8aHI
UgPRRXSITK8
UgQVA83odu4
UghJ_mu0PXQ
UghtIb6QcA8
UgomOvoEjZk
UhBYmIt2RlY
UhFtmGwIaP8
UhIDufrufnc
UhQqkfLU2Ds
UhWJ-rP3dvQ
UhaZhC1KEmM
UhkH0v99Sfs
Uhz4NuhFWUg
Ui4s1_4h6wc
UiNvYLK5174
Uj7m2xzq4tc
Uj8foNhRt1g
UjQ_kGngj8Q
Ujr6d5tg9w8
UjtwEyKEWfY
Uk7sbdXVelM
UkBribh23QM
UkBy7stW4Bs
UkOYa-llxiQ
UkxW51kWNfQ
UlAZ3nl90ck
UlgDyE_EZLo
UmQJ3_VEFhI
UmmN7RSPm0E
UnDXooLO90g
UnMIDGZv8tw
UnUAICbunso
UnUVyfgihDQ
UnWtcJ892-w
Uo7EXv-oOu8
UoLl3tzd7zM
UoYFibBEiNo
UoyfOV8ulzQ
Up5GxOJ5N9A
Up5bVatSF4M
UpLBRdqlWYs
UpUEgIhnnwA
UplBSZpCraA
Upp7bWLnB_Y
UqAhxvCNAlc
UqLfBDq02FQ
UqnB0lEDldQ
UrKdqdEo2dY
UrLr-9nfEk8
UrhZ1vLMeqY
Urjzgo5g1kY
Urm8vvk0ZP0
Us3YDdMVpp4
UsRc7FCnjf0
UslDNgs-eUU
Uswsl1n3OOE
UtMFABdXbP4
UtXqURldfVU
Utse2bzEDls
UuAYJI-6RKo
UuCAcl92sk4
UuqBjK5f21k
Uuzezf4UMzY
UvBY8Pu5Xcc
UvCtdlMUGic
UvHoGGGXi-A
UvKBOOvQYtg
UvTbpcsfXn4
UvaexY71I1w
UvdSq-M8_sA
Uw0QO3XBFRk
Uw41GxJkVB4
UwWYCXLsC5I
UwgePqUEs-w
Uwhvo9Bm0jM
Ux-6nl5P2u4
Ux0PB6ogLzI
UxCvIiiHd6o
UxLooK5xFpM
UxdH4F0ljW0
Uxk747Ocdzo
UxkO3gJeINM
UxrwbhXWe3Y
UxxcBRTjw0c
Uxyzgdd0Ia8
UyYLhaKXdtU
UyaoUYWQCkI
UyrjYuSUYb8
Uz1EmEbsMx4
Uz4OQFsoTb0
UzGtHysuCBQ
UzgSKtiBJ9Q
UzhFZtH80K8
Uzi4ZV8d9Fk
UzxFl3JlfIY
V-I1x5hEYeI
V-_46-7qZOA
V-zeJ9AcCqw
V0NpS0JaGBE
V0RK19FqmTQ
V0hLHggKY1Q
V1W_vomNUYU
V1ZRCUTCRk8
V1cEf6d9w3Y
V1eoQj9vQsc
V1jTCgYA62A
V1lgfABNwS4
V1m9u8XI2ng
V1tqUdSNr_w
V2FznxAvWI4
V2IRFTQNaMI
V2NqAj5kIv4
V2lDpoFc7Xw
V2urbADyjb8
V2z6GYMNDNI
V377Cgr8CJU
V3G-gGqTylI
V3VmCBrAMYo
V3cXM_6Z0xk
V3nwszE3zWw
V3pCI1MVOD8
V3zWwK74aRM
V4jNDaB0--4
V523FFye-Iw
V5JSl9nwIVE
V5f_dqXe6jQ
V68j6j05VU0
V6NV-ABoIys
V6NtiQQeiJQ
V6QU_XvCZ5o
V6YqhLqMs5I
V73YsnXOnJI
V7v-rdXAOVE
V9LYkUtPpn0
V9XHaqjg-Z8
V9dKQjB-A8s
V9xdaB4VjZk
VA4buCYSxik
VAK-r4Mvmyg
VAcDEsms4XM
VAhlLP_Spx8
VBCWur9dq1A
VB_XVi1C8ic
VBa8zxNIoq4
VBizW07b3Pc
VCFImyKVKz0
VCHCQ4vW6DY
VCVU6NtcZDE
VDDyXtsJDlg
VDNRLlOetCo
VDgjKJ640lg
VDvBLIMjDCg
VFIRWCJhid0
VFTHzieeI1w
VFTbxOg-zEE
VFZ2-lO0m18
VFajMWaPeS0
VG4me_lWN-M
VG950prjRPk
VGFydnaYyrA
VGZb6GO_Slc
VGhP6jehEWc
VH15tLLR9co
VHXyApfvQQ8
VHtAxGTLcBI
VIA1R3c31f8
VIlfFhkR5BU
VJ5DGsiRYYw
VJOfVklCyso
VJSBxdmI7qw
VKlFM5w3-rg
VLlkE5Fq9_c
VLqG7DfUGPY
VLwo4ds1R9Y
VMbGp62am7A
VMyfN9x0ARg
VNDkrsC7kq0
VNfiumsZl5Y
VO5d3bolYIQ
VOOH8j_g3TI
VOS9SaLcbts
VOuGSWv9Who
VPC38rSI86c
VPDcfnEusbM
VPMtVhKBXk4
VPQCUYLqH8E
VPiVdlWLEJg
VPyaObBFXhs
VQ0jF0mOtNU
VQA5cHyElXk
VQJvAGMTSV0
VQVRM-eWxZc
VQd9Y4LtTl0
VQjPDf0uC-s
VQlvVVEKX7s
VR0JA4q11ew
VR6Y6TvICws
VRjp_xeVSno
VRpRC7uy5rc
VRxSvJrU_yg
VSZOnSR1jUw
VSmKTxS560I
VTTmaeyVNZc
VT_gHCzicyk
VU3nQKZPz0k
VUGXxahB5Qc
VUMW8Sz4Veg
VUr-qxjDK1w
VUrZhvFgRXE
VVHjOMG0s8A
VVf3KN9CqWk
VVgDKK0MD10
VVwR9_KAWnc
VWYSJvpEIW0
VX9tflL8gew
VXxNwiEnXh8
VY6WMAA6-Dk
VYdhS2Vv5eQ
VYnrUTotG7A
VYtjlaa0wEo
VZ7OM070QHw
VZlLThddkbA
V_Qc46D9pu0
V_envLzLtkc
V_katMky0Jc
V_mwhVUM5lw
Va4m3t9akks
VaVx9f1_zW8
VaWZHQLMwho
VbCSzZcljzk
VbiIHcyuMTM
Vc1tc1F49F8
Vc3dwS-huH4
VcFBSNuuKwU
VcUqyO8k22M
VciA-oSBks4
Vcsyti9m4HY
VcxTtv-v5Gg
VdaUKGtQrJU
VeIfIEQBB_w
VetD5aWgVyw
VevJCrE2E0Q
VfFYXZV2BD0
VfKYN6SRHRc
VfNfBJ29XXk
VfbWOLLAP3I
VfgnWRxd_Sw
Vg3RymCsAQQ
Vg9B3X3MQ8Q
VgHOwiswR-s
VgiJSAXR4gg
Vgtgx3q_W6Q
VhGqbuRNHJU
VhUAjxAigX8
Vi2rxV-KIj8
ViDAsLKnNwA
ViTTnZyZd0Y
VijYFIf6TVg
Vj3KCVkWnn8
VjF_KwA3hFs
VjFmicjPWYY
VjRw2fdrl30
VjSVwRlfXhk
VkAZdiXoEwU
VlaVaY70rJM
VmNO2EV0-vY
VmaH5ov5DWY
Vmh8YWuRfpE
VmjbY59_Fnc
VnBu_yU3iSI
VnEYyKt86gk
VnHtuSIAQPA
VnOhEhLshNc
VnsRYVnTaW8
Vo4EbA7Kf50
VoA8Lv5cyJU
VoVWn5K2hZE
VoWMp1aD4wk
VoggPrnq4lk
Vol-7HcCPzE
VovzIGv-mC4
VoxqWUw3ja0
VqJ65fyL2DA
VqRMmIULSsk
VqZwRBN-HU0
VqcBasGPlR4
Vqqyl6gdNOY
Vqt9EgtJGHo
Vr2NMwcVgkY
VrgS11cZejY
VriDNTtvnUo
Vs1aqcRFNts
VsDWK1lx-RM
VsSTrTIl3lQ
VsSqr28eITI
VsjXPV2Len8
VspeXjbspfo
Vt0YCXeX1JA
VtTiYkkXz2s
VuR-KYEnXyU
VurnpJh22zk
VuswRaMMTo0
VvOW811x6b4
VvVqXiDtHl8
VvdX4mWKtSE
Vvs5X7C_c50
VvvliUi3wPY
Vvzk3DCnAt8
Vw665qLjWm4
VwNJ2FgKw_o
VwflEDwJMPU
VwqfRgy7tOg
Vwv36lhucU8
VwzTlYRuUe0
Vx0SzgZ0VeQ
VxH_bFFAjgw
VxLa5Y4BzJM
VxMGJRAhWIs
VxTykJxI3PI
VxUkQpzwoYM
VxeY1Na7Raw
VxvqSqz57-Y
VyurVKEH0c0
Vz2ybckntvo
VziSjgdoYRs
VzsP1Jnurso
VzxfECEyRjg
W-NCxtNGp8c
W0-2TPPX1A0
W0-qUuKyxGc
W0HVB1j5hKQ
W1Vwid2OQLM
W1cGYINmook
W1oBTgIvHJI
W2M1GHt3dMk
W2VY2iwpI_U
W2fDWPq7EiU
W2hg22b2ruk
W2it3uWLAuM
W2jEf_csG8E
W2x6RdubENw
W3R3KBtGh5M
W4DlQdarcLg
W4G2377wKlo
W4G3n66Q9E0
W4JHC9gJi5I
W4Rg08MvD18
W4hyPxDdt6Y
W4kMiZO3u-g
W4lrqIg20T8
W4wNozVwTwU
W59ojgsuxck
W5cOYM6MTA8
W5n_xVrrcGY
W5zZzSMXpVU
W698jG0tyug
W6B9buD3eqk
W6BXEhXOEms
W6OkvmeMZrA
W7049CR6q4A
W7FPlKjMH7Y
W7TpPAAQtig
W7Y8xN2UOL0
W7cejoVMNsU
W7ec3_YZRe8
W7o8mG36Wk4
W7u244WHKHY
W81vYEGxM4E
W87kEO4usWE
W8FmdsyUSG0
W8QVuERjCI0
W8ZdI01y5NE
W8_JIU4BpaM
W8d7J0_T430
W8hQ8BoxfLU
W8kCUPCm5q8
W8lzgBLjk-M
W8nHHtBtvto
W8pGCK6OERQ
W8soHYDJEYA
W9C-plK3PPw
W9LzLKly5Jc
W9bDgjsb9CI
W9jRjxroc6I
WAVBZHElaAE
WAYDTtLR3kE
WAjmCiegvB8
WBbdk9bOvJI
WBdJ6_SzGoc
WByA6g_Hs-s
WCEZuD_HcyA
WCSa-VykKjg
WCg1wL82mD8
WD9Q4JhqCtU
WDE1fE-iXU4
WDSKhjDFPVU
WDYfEAALQbE
WDnqjH2c9yw
WDp_o_avCII
WE5d7JIKNDY
WECwrsLbuB4
WEFN1vp2aPA
WELtPP3LkzU
WEP5U2kcEAk
WETxe4GAA9A
WF2PF8Z1djA
WFHWLJ9rQqU
WFWy6NIRYP0
WFbLo7jRHJA
WFnUQt4INwg
WFrShugNz8g
WFxT9NkwufA
WGDAr3W1IVM
WGSEJMNiwFg
WGThRF8DM9M
WGW4d-M5ejs
WH_lRJuhDeg
WHp9Y8DZGCg
WHqF24-zoVI
WI164yIuaPc
WILi0erOx1I
WIZHTs9rq7g
WIZqIEqfoLQ
WIffLGPhzBg
WIqmJl_gPgY
WIrrQz0XVKs
WJ2yIS8lfSA
WJvE3z00fL8
WK6n8laXrpc
WKD4cr-zgMQ
WKJva-HjLFE
WKK2N6_UqO4
WKSfTEyZ-DI
WKT9rHg3dvs
WKZnVkNCkzo
WKexMYCQMqE
WKqLDi_d9WY
WLU5M6WUnzc
WMPMjySGLE8
WMQz-i9EOTg
WMRbF7gNgPA
WMTcJ_odtHs
WMW9pQfiYCM
WMgv1G34RjM
WNCrULmdJ-I
WNKrBU55604
WNMXxvgDGdE
WNXxnNgkIak
WNo1Rm4npS0
WNzR3j2YouI
WO3MfW4gqdg
WON-IcX3SJc
WONPtPOHm6Q
WOQrT6MWG8s
WOlIQxEjR9A
WOnV1HX5aUI
WOqwyuy1ecU
WOuP2whtzeU
WOychy2XXIk
WPhgcK3TiHo
WPn43mAEYGk
WPy5eWEqipE
WQIyPr0BAKg
WQiXXNHY-88
WQmIEWsX8pQ
WQw2oMlcy3s
WQytwjDw_j8
WR4eRotHejY
WRDeWU0-y0M
WRWhB0xXaT0
WRg5jv-DolA
WRwpjbKDDQE
WSLsaJC-p-o
WSgh8w_X9lQ
WShy963wo7Y
WSqibXETPBY
WStzRr11RgI
WT6H0NkHDEg
WU1gxdYRVqw
WULKjuvnRHM
WUXbEmGHydc
WUbxT-5lb7Y
WUfI2f4tJ7o
WUt42je4cnw
WVO7gXBDTDg
WVPxUQ2JDGk
WVS42DKy7eE
WVerjE2CtDA
WVlX5Pya6xc
WWEd6V2LPyQ
WWraaHq9Yx4
WWx86-3ZuD8
WXH86RcC1FE
WXP7V8ynqnw
WXRFcIObobc
WXS81-Jm5mo
WXTyomx3YIw
WXhlf5bt6bA
WXm5mkfQUi8
WXp4xH6cRNw
WYFGG9YqZr8
WYQC6QhhXrM
WYg0HPIKLnA
WYh0Uot20q0
WYh_XGCsCY0
WZG1D1CJEzQ
W_MXFvnSwq4
WaV-4ZYppuU
WbPIeZPKVp4
Wbcg1y_uen4
WbkKdiG0VMY
WcMZyFFVQg8
WcS2LAnymh4
WcmQ0aMdy08
Wd9rDeq36t0
WdA9e2WAIn0
WdQF76vw1PA
Wdhjq5TOaMI
WdxikJv2Q7g
We6Ee4hG5vc
Wf6ZsAmSYUM
WfX69dgvpy0
WfloxwLelI8
WgH9dt4jLWg
WglfgR7wht0
WgquvDB2npc
Wh12UlIpThA
WhBO_PI13c0
WhCJy-fZCqo
WhI8ZU8C5ds
WhKfp5EidJI
Whd0f2TE604
WhgK7lfmnGw
WhjI1Wv8dUE
Wi06SR3oXpA
WiKPnmXUU7M
Wiiau82Rp2A
WiuaVZAPfak
WixMz5vybAg
WjunNxk8Pyw
Wk0g6PI4LC8
WkKcx1NJ24I
WkKhbkHevCU
WkLIw1u5pP0
WkQb_8NgNRo
WkRYsuK2rcE
WkSi_YDE6iA
Wkn5OhkPlVc
WksI_REi7Kc
Wkt--u0Aoh0
Wl20Ce3k85c
Wm3kdv-kNQ0
WmeOQ78mWGU
WmqWg5ygPlw
WmtRzdAW6lg
WnDB6fnEK3o
WnU44DfJJLI
WnXytEQlGFI
Wno5BoKu25s
WnssnelpLDY
Wnuu3GLMOT8
Wnw_1iFqbt8
WoJqRCWJrN8
Wp6-FT_T8mc
WpR4DXmX-T8
WpYf7OyIc2Y
Wp_p8_rRWMQ
WprHE48Uw5I
WqCOkzxR1NU
WqFRybKLoWs
WqNWrYezKWQ
WqeY1iD5rr4
WqtcNdumqrY
WrutfCmESwI
Ws0GyOaKS9A
WtvQLMmm5dk
WukHvV4hZJY
Wv2CBHMWU-M
Wv5MXw2E7dA
WvAUEWyBGRI
WvasKKEjkCc
WvckT8nxF28
Wvufw4yRtsw
WwIdfprHCw8
WxDTj1rv8Uk
WxmIEpNEgUw
Wxuvyx1xTjM
Wy22BK-aqsk
WyP73RC_FrI
Wylnb6s7660
Wz-ICeMmNI0
Wz1G3EaK20E
Wz7UAYHr69k
WzPA3oSbC9M
WzaQI0zxFpU
X-J4mlKou0c
X-PsUymgACk
X-d-yJTDKxQ
X-v0asEu2i0
X-v5_UAgEDE
X-vOe6Ae07g
X-vkNOSw1gA
X-zFB7R5dPA
X05L74lraWI
X0WJGt80zIM
X0_l0NnocAk
X0j5KwGi5P4
X12VqN0JAIc
X16rcdnwkMU
X292aAm9Ias
X2KX-4lf4ds
X2SSlXS7WLY
X2Th8_-El2k
X2YNLtWnFMI
X2pIzoYi-Og
X2tv9TFli28
X2yfSowO4Qs
X3KIQLRVbBU
X3YSpRYg0hk
X3dL9-_FudI
X3uUHi1gT4Q
X4Ajw6Y3v2Q
X4w1ezqYkvU
X53i3zP9cLY
X5WyzbGnAIQ
X5mspiKL2RM
X5qL7v18xK8
X6O1nm16AuE
X6aplig8M0I
X6rV8FNgFMA
X7HzU9jrzEI
X7XHmpz5VQo
X7auRmBc0Ng
X89WBlrTXag
X8BTnEBXqWQ
X8FNeGxW7lc
X8QtOwbnrBA
X923B28EZW0
X969m7-ddwM
X9EpgnVeK8g
X9MFr7SenZE
XAhhWiEcY3Q
XBSFUw6BuYA
XC8VCDBj1cQ
XCCokxES8gk
XCKq1aIOjvU
XCmf4XMPd4E
XCuGNo6kzms
XCuaKqhkgjA
XD0KrJGlkvM
XDQ9Cl34DYI
XDS0HVIZRzY
XDgkbyFRJNo
XEUGZ215pkA
XEVvZQg1Sus
XE_clhl_ovk
XEe9STbz1L0
XEygeg99i9w
XF74BJwKTPc
XFVazoZLEYI
XFcWKzc-Zrk
XFgoxkTsbko
XG1kCKyUH1o
XG4FQ66pMzo
XGRcyPQKP6M
XGetUHVMRl8
XGxkfoBiPIY
XHDIxOdy0ag
XHFFfY9tYkU
XHlT2toqrog
XHm-EONxAfs
XHqiV3ujvcU
XHuUf2jdz2M
XHyfExJJoBk
XI29CzuIZW0
XJ1eG6gOmEk
XJ79J4RXg5M
XJNmjlgXwHY
XJTnvFJ4LIk
XJmo5-YDr1o
XKk1DOubI_k
XKqJObRtGx0
XKvqQbjfIsw
XLxnxCP4ZYM
XML28SlKxcw
XMRO1cF0mWQ
XMSusfMzKy4
XMoamNN3Sfk
XNJTr6G7UZA
XNK90C38Eko
XNYN_TC6bO0
XNvlTYiYwQM
XNw-J9hQNdk
XOBeZz3dSBM
XOM2fpl5q6A
XONYHF8N9YE
XOW6jGZz9ss
XOXuFn6Ye-4
XOgFJWEetrw
XOiZH54HZmM
XOmjFkgnja4
XP3sNIwV1o8
XP5jLbYTpgc
XP9T_D_SK7U
XPD9GYVCQLA
XPGb-t3GX2Q
XPSqwWcpLnU
XPtGyQGj5QY
XQAHu8hmk-I
XQUK3ut4Tgo
XQWdBw5z-yw
XQWeEA5vSss
XRMf6lD13Z8
XRjcr-KyS90
XRkBdEa1yd0
XS5NXEf7ViQ
XS5STB992u0
XSAtw6TtyQo
XSQh27xfFrc
XSZm8XpNU44
XT9m0deneJ4
XTAdBlbjfPI
XTPls1hiuNs
XURPw076By0
XUZ58ZzZBbw
XU_2zNO45uM
XUmzxg7epfg
XVKx4b2I7bI
XWCNmbxthBA
XWVC0MrR6YU
XWYs4osRFw8
XWqdh1un1dM
XX6Nakeo5hA
XXcp3sNFPks
XXqtvbW3vWk
XXxEtVu49C8
XYEZsaycitE
XYFz4LHlYpk
XYLf5AWwbzM
XYkA7wejrGo
XYxlyxR_Gws
XYyJ954XLdU
XZXOdnplBz8
XZa2KWzfEXY
XZcXvIb6NgU
XZk6OjkZAhA
X_OgmM2f-K8
X_ciOQZSgTc
X_mU0u9bezg
Xa1nWn9Mu44
Xa72sS5uFi8
XaIld5yMtQI
Xan7nPAVrTA
XaxEgOzqqsA
Xb3-HK0OtJ8
XbDH-jk0ISk
Xc2uROFP6U8
XcJ7eoPdCTw
XcueXu-UEGI
XdA-iu77Gj4
XdSrc2VqxrQ
Xdb-36JsfWc
XdrmmbH8_40
XeIxAMF0caI
Xei4KQh4Ei8
Xf6pXGeoQis
XfLy_bU2n9c
XfqPAJmgPYY
XfuZxaw57oc
XgeNHTv2PDs
XggJQQPGyRA
XgwbEMv00_k
XhgGcfR3vr8
Xhii07TgJwU
XhzlKLh5v20
XiNUHe3XKBg
XiQEsAjIijg
XiT5aHxT21g
XiXqVEGmGlo
XinlltMYSNU
XjL4HV_Y63k
XjT7Gv_LCks
XjYxY2PehF4
Xjat3ocZNxk
XjdgBx2mvDQ
Xk-aRoPeJjw
XkONUwUlf4U
XkwSI2lqVs4
XlH_t-CQnVM
XlorwGTFxCE
XmDN42FY2DI
XmXnl3-mbRU
Xmwu-6Yku4I
Xn6Se8d2ko4
XnFd5I0zJGc
XnMFw6U5aDI
XnN0LMQBoSI
XnY329KLjqw
XncIZnOaoAM
Xnfi_0dDYVg
XoMEHtHH-Lo
XoazZGVkBD4
XofgQm54uDM
Xp8VtM0rUtY
XpJMC_EeamE
XpNoeJGwY0Y
Xq7b1V2FYqk
XqP8vPOTK-g
XqecAanXbWw
XqesnXQK8aw
XqzNhbbf2r4
Xr30OQ1grb4
XrzFJI4lqhY
Xs-hLQ6-22s
Xs9c8QgZo7I
XsHcAjtP1pw
XsZoVL4voPk
XslqqzkaSHc
Xsopszdre6M
Xt9tccY6fgI
XuVbzbYiYhg
XuX2AX0pnwo
XufYzJlbc5U
XvJeunyxPPE
XvQ4e_xMkjk
XvTCbURGdAU
Xvla4TDe_vI
Xw304zAqaCo
XwBLTAhhsZU
XwIYNzT_mAg
XwLmnyiNWi0
XwyOMwGqCE0
Xx83PSgTFHQ
Xxi0Qk1esS4
Xy-ObdhLdw0
XyG3erB2lKU
Xz97l82Tdkc
XzFqRJh0cPQ
XzUDYWukT-Y
Y-52TL4MA2w
Y-5Rq3vf3Fc
Y-EMLOEePAg
Y-KNjMbkbbI
Y-_ysv3X9BQ
Y-f34Fpqgyk
Y-zhSZSR1n8
Y0UyuiqYFVo
Y0bBn8cALV4
Y12ttTNjuMI
Y13r2lbsfCo
Y1CId_jv2wk
Y1LEGlLOIpo
Y1OPTMRiyQU
Y1ffR6FY9YI
Y1k6r7U4XI4
Y2i1paXx7Io
Y2uvYusi9BE
Y3fH59VCPgQ
Y3zhcIJEz-U
Y481tUf0hsY
Y49wfkSIwIo
Y4dIAvcseCE
Y4jsBmjw5K4
Y5hWniOPzk8
Y5oTer0HARg
Y5pKlnFLjcY
Y5r3PmEnDdI
Y5xMqY8KRbo
Y67wKxML1xc
Y67xWqqLn-E
Y6BVZe8Tk8o
Y6FRffyh2r8
Y6Ri34Jl0U8
Y6lVxrmeaMg
Y78wVADB5pk
Y7JAZzUHzaI
Y7X9fYBvIUE
Y7tj4bBjcVI
Y8h4c7eBA-k
Y8w6Ssbs_iM
Y8xdIEe1r4U
Y95298ZD7WU
Y9RKnK91A98
Y9Y0XKBwA58
YADz2WC4VDs
YAsu1wRu4yU
YB-IkGjdySs
YBH5CMmbOAE
YBuf_hGnOdw
YC5bPQLC6qE
YC9PQNIYaUE
YCBHlLPApMA
YCCNrUCIW-w
YCiK5MwPsYQ
YDHOlIivoXI
YDOhk6cT-GY
YE7uchX3cPo
YEOI3QWgrIk
YEboWJsHcK0
YEcuANG3z60
YEzeDtHpdwU
YFGnDy5qxMw
YFJxaaj8fik
YFoFsTSdKkQ
YGKUl1QKUWY
YGvndL0uT80
YH2_5d9z08A
YHb3kJ3DdIk
YHm36aNvmQA
YHyHs7uxUW0
YI1UUNbuBjU
YI1n-SXwOaI
YIA4ZV4BnHM
YIJAy08_Lp0
YIRSwnkXZnU
YIU7nPYp53o
YIfjNN73xos
YIlMFl8Gm7M
YJ4FTKcAjcU
YJ5myFuM5A4
YJDH7vuGweA
YJJSfAiL4dE
YJLiR5bSb2c
YJUQdJhSGWE
YJiwjMQRChw
YJkllCZHPjo
YJmFeuRbp0Q
YJr-VSJCGNM
YKBS7UR64Fw
YKlLoEKpcZw
YL-2rftum7E
YLPt84nwHyU
YLfaH_S-5LE
YLskc3ipmSA
YM4-GnvIOIw
YMGF6oGyqsU
YMRQ8BaYCOg
YMZv1eIx1vU
YMeEPkFxlB4
YMvw8-PaZ3I
YN0UPQmRhOk
YN42BPQHGgs
YNA_3rROtlo
YNJYgZ01Fsk
YNYlPAlBCUE
YN_na6hmqug
YNzHvbMEXaI
YO5_jf1A9vQ
YOmEI_KpIfE
YOrnrmo3C84
YPL4g_dcoUo
YPW2DV3S1h4
YPe2eG6Hj5E
YPhM5ODzrSw
YPhponSq0z4
YQB1utyyXJY
YQCz-Le2uac
YQRey63MboA
YQcH4X7OzV0
YQgpo3_GPdY
YQr6DR58puM
YR8uctnTrkI
YRArBlMFBA8
YRCiItiGvbU
YRpJCxkMFWE
YSH-fnU3sn4
YSULSzba7Ak
YSYvicbMd9A
YT_LFcrPLAw
YUP2yk_IEHQ
YUrZzl6Q0Kc
YV-qOjKxNV4
YVIs9SpWfiY
YVnBWuRCzhg
YVoCCsWnUzk
YW3_1yoas2I
YWHnrFRJkYs
YWKJ64JRwkc
YWQW7z8Kc0g
YWWky6NRNCs
YX-qBuQWWUY
YX5Jm5h2IeI
YXWyituKi90
YXyRJTdIwuM
YY2PCvYHT7A
YZQnLZmE_VU
YZQzz0ZnSx4
Y_-_ufn-o8s
Y_L-IL3Wupk
Y_UGuSCxZH0
Y_kjNZB9fCw
Y_x68eqouXE
Ya-BanL8DCQ
Ya79BxDousE
YaCUPV-5J6M
YaGkko8w4as
YaKUKqaUL34
YaLGJY0gzjM
YaX5XzElmIU
YaifgYb1cHI
YayLd-4mZN4
YbYrLfOz21Y
YbiRjHcxsYQ
YblDIhV7CAc
Ybp83_j_BEQ
Yc34JzEXp1I
Yc9PALcJFig
YcBM9JbkIXQ
YckfL7rm2Kg
YdIIcmJxhvU
YdSVjyw259w
YdaaBPfvoa0
YeCEwwastA0
YeTHQbGHui8
YeXnQ80GenE
YeknkiadYvM
Yep7UqzKE5A
YeykHP5OQjg
YfYvXHfeZm8
Yf_jpAqF7pI
YfmH2N9UGO8
Yg-VfFo_5pY
YgBtoHp1ORc
YgFpqXZX84M
YgNPw0wx8pw
Yg_tEqH-dnw
YggYE7Kw0IU
YgibuicVs-8
YhCnPWGWtZo
YhfIng18Ago
YhhW_lZ25Y0
YhscOPjdxy0
YiABYMa1Ivc
YiD3-ppYQJY
YiEDMmSO27c
YiMe1TD4dD0
YiNJiy4W95A
YikEghnyPx0
YiyRZfF9ltg
Yj5LtGnl01E
YjATsWSAUBU
YjD2h9nfQ6s
YjE4SPROtTA
YjUrsSYWemg
YjZxGIyhnN0
YjdxjjZtL_0
YjzNE4_lteM
YkgOYnfpJY0
YkhOwQfDvWo
YkpXeJKledo
YkuD0ijEml8
YkzN4xtCrA8
Yl1OA6O1JlI
YlgW3TcK3Ww
YljChdqr2yM
YloF6r-CWjM
YmN4IT-QBFA
YmX6B-4xQvY
YmhtJENoJAc
YmkmZjTdYEk
Yn2tPSEfMos
YnY7MiHQAk0
YoIB3D19vZw
YoYXRC47-xk
YooeTfwi-jY
Yp3S-ZujXCA
YpGpOuejJBk
YpJgvVz0z0s
YplOSzrvHbI
YqgkOFZCcRc
YqpqXFYkxM8
Yqw6jTHbUaU
YqwFga4MLA8
Yr4fowCvfZQ
Yrp4f__zivU
YrugIb2o1ps
YrvDc6qz83I
YsLDg8gLKws
YsLTb-6HUj4
YtL5yI0g9AE
YtPHRLH2eMo
YtziDIchr2Q
Yu2wXKW7AMo
Yucq341CXg4
YvD_OkXHGMI
YvchPbU9hFM
YvhsI_lqJ-0
YvnyEua3bGQ
Yw0vBeZ6Wnk
YwCBuJnS7Xw
YwJzOuWlwOE
YwLGBu9zCv8
YwLRloyUabc
YwOQ7eK06CQ
Yw_trqf3Vxc
YwdBrX3_cjQ
YwltcH65WjY
Yx8vBAdiHs4
YxCEYk0jFq8
YxpQlLe2jaM
YxzNWcwDFaU
Yy7Fs7-sjMA
YyN22USnTMU
Yyw6Fw3_Vso
YzGO9yEY0kQ
YzdZJ9MIICg
YzeqS2pDhVQ
Yzh3greKNXk
Yzi4sTb_Q4Q
YzxJokz1SsM
Z-Dj4IU7pQQ
Z-Wiw1ckqJg
Z-ZMxMCM1HM
Z-iadolmuwY
Z-vwVkltuoM
Z0CkUKkJ-RI
Z0Oh4CNB18I
Z0Y8jmG0wBc
Z0aJpmceOTU
Z0dM5KZv50A
Z0hdFCWf7Ao
Z0pxdZT2L_o
Z0vVIYItk7k
Z1yzP4aVNRc
Z24zgptQofE
Z2mb9fji-cE
Z2x0gVxLjuI
Z2ySh8ZCtHM
Z3EUOmsh5Dc
Z3TgPB2659s
Z43rsH7zICw
Z44W7zHzCmc
Z46B_Lhr_Do
Z47UuxbhPvY
Z4YqSEngBro
Z4soyLulXyk
Z51Ys_KlzLk
Z5ASaw2T2GM
Z5gEw4dD5ks
Z5gSxcVPEJo
Z5kxI4W82SI
Z694BM5kv9U
Z6AEdXha1EQ
Z6_P3pXRWf4
Z6axpJYzd_Y
Z6ivmZ_E6kU
Z6jnBChB-fI
Z78cug9V5gM
Z78ktbXZEZg
Z7hBqAWBYDE
Z7j2dIp76vw
Z7xN2DgKTZg
Z803lti3O2g
Z92m3tF-FAg
Z9DKE_ERIaM
Z9J81mMCvxg
Z9VhiRkJ18k
Z9eCSU9tPR4
ZAWoUMTtCJc
ZAeBNfvKU_Q
ZAhh1RZ4plQ
ZAnA0uvTK_8
ZAosuT9WgJU
ZAy7q-ArIyY
ZB_-BHoTW_o
ZBgOvdiU4Bc
ZBjQsmaz4y4
ZC1k4QZJiBQ
ZC58W37sCXQ
ZCI7JyEy1ks
ZCIp1fWF_u4
ZCIwYSfQ330
ZCulFEBe8Og
ZDKMdVxpJEs
ZDXTdnD-tJY
ZDdODq4Twr8
ZDmR-UBZnDI
ZDnVHASCNaw
ZE4O4WWv0kI
ZEGVwdTECuI
ZENboCQT5ng
ZEToe8xyXLo
ZEcz7R2ftCY
ZEqSZjaPUTI
ZF7odXH8WTE
ZF8DQ7MJX4o
ZFCwzCeQAJc
ZFHh4uN25PM
ZFKL2NyM-xU
ZFNh78JvozQ
ZFp2tiQZ-Ww
ZFvuUnPV-oY
ZGQR6uymrfg
ZGYM7Ixm9_Y
ZGilkzf6fSw
ZGlzJcgM6_Q
ZGs8fW9DRUc
ZIP0Bi9_Hgs
ZI_LjMvJzKE
ZIkg8iVjvSQ
ZJpi-5gIa0c
ZJx0Ti68HWE
ZK7LIeZRNuQ
ZKXAaj6usKY
ZL4Vixo24VU
ZLtK7VPXdNo
ZMI8-iTWIOs
ZMte9GhdM-w
ZN00hvfRNgI
ZN40-mwcarQ
ZNd7WPQ1-iI
ZNi1C3sfz2Q
ZNswzpbWOyI
ZOCuzURok-I
ZOOeGwsCcVo
ZOR3HUEos1w
ZOg7A9Sytg8
ZOi8XoHqjL4
ZPGJE-O_pxw
ZPLXDJ6WS-E
ZPOP0Hq_Cdk
ZPbbp5TWV_o
ZQ7VucMEkzA
ZQrgoGGh910
ZQsnJkwYBcI
ZRIJ4EBbsEE
ZSVnyX10Xv0
ZSc1c6IxAWM
ZSm8fYxpu7k
ZT5gBtTTdGA
ZTADjCcYi00
ZTex68DPL0s
ZU2fz0MVCrU
ZUWdBbd-cp0
ZUiMxskuc44
ZUwgMwwcxy8
ZVepWemNM3Y
ZVnXj4zuz-E
ZX-Ych3eA3o
ZXCAnhVr4mA
ZXOaP7C1QGo
ZXUidLP2wuM
ZXYsXox_Uus
ZXm5IsmME0I
ZY0kGMHwxrs
ZY1p1u8_itM
ZZ2s1eIYkZ8
ZZSjMEURIeQ
Z_JCAdqQwNU
Z_cFb2YMW2g
Z_ksw_NXvJw
Z_pKYUApg2w
Z_qGEqD0wes
Za99DZuWRBQ
ZbOToy52vyY
Zb_eYTFD0dM
ZcFTHob1lDA
Zc_h-JK_z6w
ZcbJ_7wtAnM
Zd8wr3XBo48
ZdFfnOwaJyc
ZdXk1mflA_4
Zdb9-PHTbso
ZdbNGiHG2sI
ZddNH_zRwVg
Ze-YXTGifYM
ZeIkmWn24_o
ZeiTtE8Iqw4
ZfHQGPpb8zo
ZfIaYQJfIag
ZfPUFbZIEwk
ZfQpp-aZLJw
ZfSZ05c8058
ZgQuNe1seZw
Zgn5efG3PiI
Zgxgwkv2nNo
ZhEICf59McE
ZhIfSUguxBs
ZhiqkavMTsg
ZhkQxHu91ks
ZhuFfzyaO5c
ZiYUff4zv6w
ZiqBIxNgo3A
ZjOIXrWt7tg
ZjfdQsBTUr8
ZjvRyDXGhas
ZjyZfyBFx-A
ZkHDh8Qq65Q
ZkTwNW2CFbE
ZkWgoUZmFRg
ZkuypPs8MOs
Zl7cjF1xxs8
ZlZrue6JUuw
ZlfPBZrge5U
Zm0QPSlDvF0
ZmUFozUN8fA
ZmV86ob3Qbo
ZmVIls6aGzI
ZnLgqxUCxu8
ZnUG_A8SfoE
ZnpjNSJrYyA
ZnxHOaQMkV4
Zo3TehnzCwM
ZoMC-Xd3I0Q
ZoPj0PFeQ5c
ZoRGhdhZQns
Zommebis85U
Zons4HdwBg4
Zoq0bvwrBKA
ZotX75AhTBU
Zp6LFrDTUxw
Zp8nkzIuahQ
ZpL6xyToeIQ
ZqDJk8_cmM8
ZqWg8zs7lHM
ZqoAEnfMHGU
ZqseTKwxJw8
Zr1UiCQXDsk
ZrA6L5oXC-U
ZrAioMHv06o
ZrTA0zXHlh0
Zs2e5tpqyxw
ZsCjxd9LZhM
ZsiRW8C6sPw
ZtBnPOG2GeA
Ztyi1XdJ_lM
ZuKhxwXfH9g
ZutRDbU7Rj4
ZuzyymVqcz0
ZvgYtw_C1H0
Zvv17RdmyVU
Zw6V1H1rNhw
ZwA7GplKinE
ZwHOj8IFlE0
ZwLvBTJEau0
ZwR-CP67MCo
ZwWoCz4PKsY
ZwbwzET5TYs
ZxUbgiNm_pA
ZxbfbXslC3I
ZxcMfJF9BXA
ZxfIoJMd844
ZxlKKZgvXuo
Zy0VVnqNIew
ZyCRuiKo3Yg
ZyD84a4Rm24
ZyJYvz4qP0I
ZyV1afGqvLU
ZyvHeICa_mY
ZzAYrWvS4mc
ZzAeHaoV6wI
ZzMI_uuaEqk
ZzNPRPB5pwk
Zzao2Fnbsxw
_-OGcBbFAJc
_-awhXRTg9Q
_-gVU-hpCcM
_0EwGamUzaY
_0GLvoq4rz4
_1PyxXgBYVo
_1TJCCQDQGQ
_1mtzF7Lg9U
_23j5SImC-c
_2IyzugrakI
_2lFij0i3sQ
_3OyY6D3AEQ
_3eU8CCQev8
_456NhdD7MA
_4HIczyxzJA
_4aZAG_6ENQ
_4pxFcQNVGY
_4xn551RFE8
_5E30jsjFos
_5TBJxaMFoA
_5supVqnxSo
_647KbHMYtk
_6Bi8QPzo-k
_6j3KhE3qhE
_6jxG6xOo0E
_7A-C-7wW9U
_7mjZxaRIHs
_7tNS3419sU
_8JMIWNZgqE
_92-I6-jvJ8
_970wwo5-qE
_9BcwZsncek
_9OS9SZTVfg
_9Sqjpn0OuE
_9wnlsuP_rs
_A1Rj62xqkQ
_ARSSFP3ywc
_ASukxBQT78
_AXbdRNkdEM
_AmCmmohhFc
_AoejOLR-dg
_Ay6I1C0TF8
_BB0Na7ZjjU
_Btp06yinAs
_CV0DfvELAU
_CWKdsjiSJk
_Chbh7wS638
_CuObAiUEFg
_DZlRK97lqA
_DjwP05Ggh8
_DrRDRrgWEo
_EV3WoOFqIA
_E_mYj-jy-o
_FYhFltmc-A
_FcKi0oJqZA
_GDlw8qFigo
_GVArke4UDc
_GbRTWBzPwY
_Gmm52K1SxM
_Gy2dImluv4
_H9Bq9D3CjU
_HaXH-jotcU
_Hk3i9CZ1zQ
_I7Xrf3x67w
_I8QPGKOhZ4
_If1I_ZPaig
_IkLm0MFSpY
_JKblvglOb0
_JSIXLrXF5c
_J_0HMVw2VU
_JcaYEmIflI
_JfBpKNVcBQ
_K9DS8x61RE
_KYTkppAw1A
_KaWdMx-kFE
_KexJZtfw0k
_Kf5MbkeiC8
_KhBxN3NP3k
_KhJNZN57Sg
_KpHiC4QfpE
_LPdsrgWsaw
_LTmaiGmOCs
_LdIU3E9Ukw
_LtTErfX19A
_M06Ggmuv1M
_M2DXr8r3IA
_MXNTCCRHj8
_Ma0QnmbFx8
_MrUkUjk68E
_MwnS_TLBV0
_N1c_ZPhxZs
_N7ixjHu3DY
_NnTBV1ThoY
_Nst2TqpIME
_OH186QKw9Q
_OWfYv3tx98
_OWzkNWHANw
_OeFTG6aVUc
_OudaLdMrwc
_Pf86jZcRIc
_Q7ta_GqUhg
_QaPanRZ1os
_QgqqYGuaHY
_RNwGNh1RgY
_RdDjZVIwuk
_S0L4zQWMtI
_S4wjgVo8IM
_S6QoWLQUOY
_SB7JkFD7fM
_SBbpqCZVd0
_SH-rJVmYYY
_STtsW3rfEE
_So3ak_TPqY
_T60lB8kjf4
_TR3a0WLUzQ
_TVEyLal1YQ
_Tkb2cQd62w
_U9I-CvCvgo
_U_qdC6fInQ
_VK021sGlRU
_VQc24QNRmI
_VhZQEspIaU
_W5gvHedzeU
_W7Gp8Ag-X4
_WbwxgOKZ64
_Wmdt7mTuEE
_WutyAWW3nY
_XJSuJpQwqk
_XTYXRWRRk8
_XYhJBh0YG0
_XZaP1bOito
_YNvLjHmYys
_YZkcFCbGrQ
_YsSSmqGk6U
_YyuToh9-D0
_Z2_347w6yU
_ZBAF4GTt6Q
_ZJ9Spghmjc
_ZKb5afOErg
_ZvEtsp_LQU
__AV_NsRzEE
__FJ25hTIII
__Il_l_4tS4
___jYcKsOmI
__azxqst5V4
__bD5UEJFww
__c6OIgxSC0
__n3BOgqxr0
_a1Lja4oxt8
_a2YCjUjFHk
_aQ_uKKr814
_aZwCY70wA8
_aiXeTDUUHw
_b57NfBG2mY
_betI736M6g
_bj3hjbEyVM
_cK43kHtdbk
_cWL1MFwcb8
_cqXm2FLGlk
_d5IfHhjRqk
_dblDpdUuXI
_dns60QXB-Q
_e0zVJRK1d8
_eRMFaBp1F8
_eisLU_wdlY
_erFJ-eHe90
_f4njJTHqpY
_fIHzxoK5aU
_fLTNl7GimQ
_fTwcPpkZC4
_ftNzOw_f0Y
_g9FSk45ogI
_gXVHkel4lA
_h5xTFkytvg
_h6PjZUvVmI
_hIjBS_usc4
_hPVHd627GE
_hsOY6m-KKY
_i4yEcUsAMQ
_iN-B9Br250
_iZMEYNgo-w
_j0EkSLox-k
_j8Tg1XOriM
_jGcww4J5Ds
_jNfFNVp4Ko
_jQkj61V6Ic
_jb37MA57XU
_jq-FrGxtGQ
_jwPhoNsB3Q
_kHJyxKmGyo
_kKJDlDmyM0
_kQXo9FZehk
_kSQqlwkLLA
_ke8hz8Yre8
_l06U3IPpY8
_lfZ5m5v01Y
_lon24-Gh80
_nZkzf6Y5OU
_o2BP5ZMdZc
_oC-l5FA0IM
_oC4e9mVzTI
_o_4DSyzp94
_ownATkGZ98
_p225UlyS_w
_pMOdukvidw
_q1zLHxNhR8
_qGUq4Lm3hc
_qYGX7mZufo
_q_3feNT16E
_qcCSAiZXTY
_qmGLS95--w
_qwNLoCsUpw
_rESwQav_a8
_raT2onx654
_s6J8lmgE04
_s93Qs-wuSI
_sAUZbm8Mao
_sMZP1OPcuo
_sPcHDcXKDM
_siDcBDTM0I
_swh4PxdwBY
_tJuzDO2JJM
_tNZoKqFrWI
_uHRq46zRO8
_uk8qJZzaTM
_uynQpfzgWM
_v7hpj9Dx3M
_vVndsOnYOU
_vl8k4CN-RU
_vp6odcVRbQ
_vvC7572868
_wCxXl3y3hE
_w_YKFsHiOE
_wg84iLccNU
_xA-NC-bI7Q
_xMx1-7zEVs
_xjArTptyO8
_yKNT_Fhb_Q
_yR-TJa44BI
_yar2YvmGJE
_ymktZf8I_s
_yrBbQbITxM
_ytvJIuYhr8
_yuBbTlRbQ4
_z6BVl5oXf0
_zLNg5fBxPQ
_z_x-SEKcm4
_zf5IPszuUc
_zhG_yX1Ny0
a-Bt0SXoAKY
a-UJfGuU5xA
a-a7NPExWGI
a-lVk5WzOSA
a-vtuNQZlLQ
a-w79vcRbHE
a-zjELerET0
a0Dr5YoYvKA
a0IJ1nUW9As
a1NI00NkzKg
a1YV4Pp65_Q
a1al1bVNs28
a1lPwunpi14
a1s9twVKY4I
a2ibpuZmYRo
a2rq5RZu-JM
a333TgldIGA
a37U5Ac4WJc
a3N464xBbu8
a3h370YTarA
a3p-KsglIFI
a3r6UxB8IxE
a3wy58cW5QM
a3yCtM2oSfE
a40JnEQlwEw
a41_163N29s
a4WySDJpjeE
a5dwPJlKqtc
a5kIFi7-vs4
a5tgjOwLa_k
a5vIO_qVXpQ
a6-DFebaxjo
a62W4Niqam0
a6PGYOVxFOY
a6m1VL8HHFY
a8A36woheFM
a8QUn8JUVg0
a8ieh-o5Fyo
a9JxXY9dW5k
a9T3J-CVikw
a9d43kiYhZs
a9iOAZ8P9yc
aA4BnhWSxiw
aAUAhq5hzGU
aAY9BMGdtA8
aAkNjuNHTAc
aAmhHl73j9E
aBT7wG0YaM8
aBioWmZR-rE
aByDWIk6QdI
aC00-jduec0
aCGygF8Jn20
aCPA8t04Wm4
aCR4flvkLkA
aCh4h1yxVbI
aDBrv_Aps2o
aDz50muJj3c
aE0cUbyqDBI
aERetWSXQTo
aEh2cI8vWnw
aF53F5lx3n4
aF8Rsp_jOy4
aFMHQpBCHzE
aG0v-zRktXQ
aGIpZfc3x50
aGU2LZtpPe8
aGpndQK-nGc
aH1joz_fjNg
aH67fzM4jFU
aHQa26uDB8I
aHXvtmVIxGo
aHca_a30PS0
aJommepqigI
aJtTSVU_Zqc
aJu88KpsK9o
aK5zz5UAKgI
aKnwxTyZCTE
aKsXecczaIg
aLEVgqVqd-g
aLLL_fOS12Q
aLM05cAjwuI
aLq1_W-eRKI
aLwF_fARlg8
aMDIeZkPk5w
aNSHga3bIoU
aNdi3-vgDRA
aNg42SWrUJ4
aNmXqnMdvkU
aNspRacVLZA
aO1WyoVWcuA
aOYFhlH-LRI
aOmOACb3SZo
aOmmCLHQVz4
aPcDlEapI1E
aPf7u0C1b-A
aQ9McDZttfE
aQZrtjJnn40
aQfOJeUZjHo
aQh0AT5GEUc
aQmh0IL5g00
aRyVyH68V3Q
aS8IHyRqAew
aS8Q2qz_bKk
aS8f5DYNnEA
aSRUIu_f-Rw
aSYM5dBucD8
aSe3wPPCSrc
aSpdvAaZZms
aSwb3E1WS5c
aT-vvF247pE
aTDpGBNIh1c
aT_NF4KwT7E
aTaoU-RsT8M
aTsFqvURbtY
aVWGkGCXAz4
aVeJRv4GgmA
aVnFuetgrzc
aVqlZRQTfCM
aVtw-pVdtlU
aVu5JVwJkKI
aVvUFanHNVA
aWb0J9SiZhk
aWyQ3OCkuFU
aWzYA0z3FFo
aX1uwGl28DA
aX8mXI1npg0
aXCtc5c-sCs
aXEWDnrmFZ8
aXXaCNDjaM8
aY5xAlm1g1g
aY9U2jXK8H0
aYmPVqp-3GQ
aYycGz0HQvY
aYzMPGQIrsI
aZghSZTOSyw
aZjS6UY-RH0
aZjvizMknPo
aZuKyUQUuO8
a_JqxGDh2qA
a_SJd8IE-Rk
a_jxE5Y6hHo
a_nEIYs3wtU
aaKCXjHIyZI
aaQZ205By38
aai6GIzsDjc
aasqtmtM2RM
abKwhcipCLE
abSOH7kXWWg
abX4VycPqmE
abeBEML7lMw
abf7UNJgnn0
abrz7yQAFGE
abt_PXtLW9E
ac50jBqLS_Y
acNOS673Tc0
ad2KtUCIWQI
adb0eoE6ARE
adfXnWfXNyc
adxd1EFMC0U
aeHVhtE6du0
aeomgSz7i7Q
aezshpzSdQU
af2JoFTOPCM
af9AGqPw1k8
afDPEsDXkJA
afDvguJqCAM
afEGyZ1nbzU
afTCMGRWn2o
afWPVH8sZW8
afdekWY0Q5g
affZ5wubbco
aftukyl35eA
afyvORNJeqo
agJ3fZloIWE
agJx73kF_Lc
agoy0izUNl8
ahP4Wu0QUAE
ahfyvSH9qcE
ai0YlF7iek4
aiFM_4YyONg
aiLrGwHdUpI
aibtPLWUHrU
aifHzd8-o2A
ajKnvEFhr3k
ajR4aqjZSME
aj_yqnH0Py4
ajnKWUoKDms
ajr_-Pf-zMU
ajywPbQd4DA
ak5luFhJidM
akS5U5PWs_g
akj0pTAoz_A
alP0KYUqq34
alen61EXz_w
algIkHqwW_M
alyq3ZinMM0
am1R23iEGOk
amWOfYUpS60
amguWFv3xCo
amsrxXPns1E
an4WhWsXLJE
anRC82cOyzI
aniBrt_D51Y
ao0fwBgBZFM
ao6hI3-pFLk
aoEwfVsku1w
aoLo5Z_LyWE
aoSq5c1aGAo
aoevhPkVP78
apIihh_TGGk
apP4qNOs7WM
apbl5unDtXQ
aqKC-W1zEh0
aq_EQDzAslw
aqpSdhFSei0
ar3GhOuRpAk
ar4F0Wjms1c
arQ1tk6hXdY
ars7Zx-oS9A
as-eqCNdHNU
asA6SKHfT1U
ashocQswR5M
asmvUnEBq2w
at-udGv3FDo
au8KlVJ_Q7Q
auEQFHQgUdI
aua83ZB2S1U
audb7A8BGb8
aueo-rRlgLg
aup_4lsSxmQ
auul_Jn_pfw
avq6hAYnsrk
avvqUeUEb5k
aw10YpNrCuk
aw7frLdBIjk
awRYS34ExBE
awfXFOpV2JQ
awjyTOhDK_Y
awyhInFVgVU
ax6pvIJVErw
axkn1_EzOaI
ayC_AEkiLkQ
ayD_NPW7YmI
ayRTYIMMxM4
ayh5YPeZYRU
ayvBoJ6AugA
ayxkHVzBfoU
azbXWvPCMfg
azmJhS9ysS8
b-SlIXIRkTQ
b0YonLHvu3g
b0eBcBBySsI
b0qz-uv8fI0
b10Ffrd7Yq0
b1cGSlyUtM8
b2GMmPG35vY
b2KgWbyCkGo
b2eD6cp1pio
b2ndQcGsIvM
b3MBm-cyZ6g
b4E-gINBeEw
b4KAKfiA4lo
b4_M32J9eSQ
b4dHltGo_G0
b5HJAcC7HpU
b5ItRnhouSs
b5NG8TMSFgo
b5d--IivJK8
b5nHyneUsGE
b5wF-z1ODFQ
b6-JqJMvg1Y
b62FhvInNzw
b6KmOvBdZdE
b6OispNXcPw
b6iJ62FD4qU
b6lOC8xcuz4
b777Tybon0Q
b79TbdSDPkI
b7_0TV37bM8
b7lUDMDvknM
b8ofQSP7kgg
b9-irB5aNPA
b9Cst3in3Ak
b9OsvV9Gfk4
b9lekfvMnSw
bAAhSsUIHwE
bAJtNAYYU48
bAS18JFgycY
bAVU64dQ63w
bAXBTSMjKC0
bB-K4nzgD7s
bB0AUlAywBM
bC4CsvSpgv4
bC9hXQG7D5k
bCp8q6KdjcE
bCzgf8O4NiE
bDQqjZSOwpM
bDT7Bg298Q0
bDTRwx1TOmg
bDbrWRLKlxY
bEUxkxIlv4g
bFNlsrI__Ew
bF_pIg_DTBs
bGMOa2C9Gfc
bGUUNzPQwx0
bGoC73TIeAc
bH5tQ5SkdK0
bH77rFy5hiM
bHQbaS8dWhI
bHR_kZ5qrl0
bHTg_c5XjY0
bHUTuGHa1x0
bH_8ox0ka7U
bHeR0eQuS5U
bHejrSHNjt8
bIhmQCLFD0k
bIpitXTXYDQ
bIyRRNOpb0k
bJWDavGm3DE
bJfF09b9Tt4
bK6He6Oi8Ug
bKInD9u82Y8
bKR-s_6SUlE
bKS4vmVKyUA
bKnjZ6EG9rw
bLVR7TBeiR0
bM5yGfx1KUk
bNW2XflewnA
bNbZPlmTh3Q
bNloq_6A7F0
bNqxgqqPJXY
bNx7U-gjFVI
bNy6coVgsrc
bO0ZSypW24s
bO52dNZv5Kw
bOEFU0M9K3o
bOFFpX-ZmKk
bOxWzezHc6Q
bP9tAR3hdVg
bPI9uUI8_ts
bPXkC0xJsUw
bPsYZozZ2Vw
bPy14LLDqCg
bQQHagPsR40
bQvA-2Tn_6M
bR-gWHBY7VM
bR-uExP6ChY
bR1XWeU94zQ
bR7LT-2ifF4
bRCiZhIL4iU
bRXfMiLRSzI
bRnuR9WYC98
bSWVgud3sNs
bSkKcQxO2ek
bSqCsYYvfDo
bTDvPoG5irE
bTT4bX7OUfw
bTxW3XBg92Q
bU_Mp5wnGEs
bUeFHyeTTz4
bUfBCLq23U8
bVFlFg8ZglQ
bVSS28Gg8IE
bVTpIZYQoxo
bVm_2y_qS4M
bVzhzyygZgg
bWBOJYJDZx0
bWHxSx5YK-4
bWMFjRCf7Cc
bWjJAHMeSgQ
bWowuYmD0lQ
bX5_3zlTmnc
bXDAhfgVLII
bXK1tZSs7_M
bXNBYgBh50s
bXgGquPz0EQ
bXjy4SZ8Zrw
bXy2R4iWjd0
bY3mtYe5TME
bY6rStbdA6A
bZOWMqZbgPU
bZe826-vvIE
bZpcwxk1xPM
b_HQrBuStzo
b_Ihz7KYkPw
b_MesBausJI
b_PoADwJxqM
b_d1y8eMU0U
ba51fezC_zI
basxoE-UWc0
bbVwMKVOh0I
bbkPn8HXfrI
bbyW2jh_Ow8
bcmGskHj1MI
bd-i5-I85yM
bdE_uaejzgU
bdEdUt3YQmw
bdEm6NHHC54
bdJK4CvURFo
bdQcWRpsww0
bduxj-kRuXA
beifYvwTt2o
bf321PYHQJI
bf6semUuPBc
bfYwRGr0E-o
bfp5Haxwq4U
bgIW-irDWN0
bgJZeCufzmY
bguWbC4ZK2o
bhhEpHGxcPk
bhhigrbLcOw
bhjnInv8CsE
bhqQqn4yU_E
biKc2GE28iM
biWTxVHGaAo
bi_rSjpZIJw
bipDxvlfqhU
bitrZrpVwRk
bjBk8FBlX6Q
bjBtzgVWXb8
bjCkUBTo5SA
bjKGsNkyQUs
bjQWO2_PdWs
bjXqnvMYR9s
bkSXRWg41P8
bkmaVtPcDtw
blN39gn3Eo8
bllzmgthJx8
bluELZj2G4Y
blz5qAPUt5w
bmIGxIY46Qw
bmILMrwMmXs
bmQB1JykPH0
bnHNw-dSav0
bnI8cRkefyQ
bnMGyUKdWBI
bndLotkJQbg
bngEpDFY6d0
bnlu3Z5QrkI
bnm1HVuAB4w
bnrZE1Dlgqo
boA8sFG8V2k
boNPeliR71s
bpRGhbrBlys
bpX84KOHp8Q
bpj0F-no780
bqLkXHYm-mE
bqMBAdkLYCQ
bqc5AYRhEOo
bqk-W2dMiB4
brD1LATQ5jE
bre__6xE-6Q
bs2TAdzAGKo
bsSY7sz8k64
bsd1bQKJ9Mg
btJ4MQteB4U
btqHpGP5S28
bu-qxu2tJek
buLCYq-Kih0
buaclKdRGaU
bv_7FCb23EE
bveaVu1sKow
bvi8GhCB2X8
bwMzVq9REZg
bwOJFuS8d9g
bwXlUvDCg0M
bwZLvgs5GwY
bwnWispRsJw
bxIl2U3wD20
bxRrceji1LI
bxWZI_13hPc
bxx9pZsA-N0
byCMPQHghsw
byISHbEX-ak
byOla0cXqsw
byQq4iiD7tQ
byR_D7Jg8Ag
byad9zjzxIM
byeboYSZQSs
byxsjAFQQWo
bz5-oNIuppA
bz702ODueao
c-6_BX6MaPU
c-C6MGdFCEA
c-GCM4fwj-o
c04Y54cXWdU
c0IuUYay8L8
c0LI5xwk13M
c0Q34x42CD4
c1oge6Abmng
c1smOc0PR0Y
c2VVBgzXW-4
c3Hk_tvLxEE
c3XPjfKCkCo
c3dIen9KEdw
c3joYQ6dSzA
c4JNVXuHRos
c4LUB7zb0t0
c4NZAcQ4irE
c4vxacqguyU
c4xHvkBOeMc
c533h9P9mEA
c57FcRyNWXk
c583wkdtU5E
c5Esp49mrzc
c5F_9R79UMk
c5a7ag5xwtI
c65h6j7FMVI
c66F-8zxpRI
c6IJf8hdfa4
c6OMEO7i1EY
c6o1ivQLr2Y
c71AsWSaRpM
c79oHDZ5JcY
c7EsWGBVWlE
c7S6KdJXlEA
c7Z5dqQu2MI
c82H4sHsymw
c86P6V4SVYk
c8_ETmgxOBs
c8hiLQRWoLQ
c8llMTd-m2U
c8yea7xN4Ro
c9COygzqrhQ
c9UgGWNfp6U
c9xTpq2XX3M
cA7KoSQ_ePQ
cANwZ-X5BGY
cAaoPhsVEvI
cAtLvzlcIBI
cBElAdSSpa8
cBWAYbTnUKE
cBa06xbbjcg
cBbeBR9EDp4
cBjRsOSgD4Q
cBnZPm39CdY
cCFEOHDX_-0
cCPf-fCyvDw
cCmy1_NOpHk
cCt_7artULc
cD45K4WSFZI
cDLQjrXUqXo
cDnZzUa03n4
cEOjeffM4js
cETA4DQYbzk
cEjHf9EXucM
cEs8sHb4p_g
cF9wdfAopck
cFC7BmR67X8
cFKAAH19AYE
cFamukQpk9s
cFdXizHtOAo
cFfRvagwGe4
cG6nUK1FtLI
cGV_dptafrs
cHA5dkRLYRs
cHA8h1q2-cg
cHQ9jNwJh4w
cHpSoVTaohA
cHxT84IcEek
cIK_gUEM6t0
cIP_K8rncSk
cIWvfo2swpI
cIoKypb_LA0
cIqnZDLbErg
cJ45VKYOdGA
cJ7h3A3L5Q4
cJOmvCozhH0
cJay-lFBUFA
cKEufKKqtqI
cKM6anK0o04
cKPxdU-y23I
cKbNUMfePbA
cL2Xe--Szv8
cL4SiMvEWz0
cLJfUeWlp6c
cLUFTdne4Lg
cLmS8HRgwJo
cM-BVM-hWqQ
cM-gyNYz0aY
cMF-v4z4d3g
cML4IG4Yp2k
cMN3iMufOsI
cMQf59UW3yc
cMwEi-E_b-M
cN-Vu2BnzNE
cN-e955Mi70
cN7Pn0xY_Qk
cNbyJ8sBFS4
cO1TwvQhChc
cOAfNcAEH4c
cOm0SanM0Ic
cPL2CX91haE
cPZ6KuKKsaU
cPhCm7j_5r4
cPw9kY_yIsc
cQ5GKYW_Kro
cQxceEwg3_s
cR1gSP7R6UQ
cRMk5ztcSOg
cRm49MYDQ6Y
cSCDBt4H5wY
cSqwiT0cJfY
cTThqNatqcI
cThWRENC2Rk
cTyqa3GOfT0
cUCNgni7NNE
cUEEXRXY5sI
cU_Wb2Py4n0
cUr8kPFgyPE
cUxVZypMR1Y
cVM3MCjSMOU
cVMh2pox4MU
cVVvpDxUz-g
cVyG_lojbhI
cWHQQHoxCxA
cWQpCfGeeCM
cWXxVB6XS0U
cWjGZCpc7lk
cWtBdd6txnI
cXNQU9f7LLc
cXt5OcOuRFY
cY2CsxKl2qw
cY6rYFXzFrU
cY76irgeTRU
cYIRO2m7ksc
cYMrNWC6McM
cYNV76YoYnE
cYS8SUL8hT0
cYkOsfeOzJw
cYoaD5E2IP0
cYsa95iNkjM
cYyquAsdaao
cZMPEaG3Grg
cZPMqDM5O-c
cZPr-q5w9Gs
cZZ2AreogSo
cZmGIpzQ5Bg
c_874Y4NF6s
c_LQoWnoTX4
c_nfXvehqAo
c_rVim3tVDE
caBd3EK-DXU
caIO5lwsCi8
caLCuTrGGEA
ca_CzjliNIg
cawcD50bz8k
cbFbGFqBCSQ
cbTk_m_kd_M
cbYKYLtx41A
cbi1fUZnY_0
cbjj2wP9O2g
cbla9oHAqvU
cbn90sxcBUQ
cc-Cp4DJgcg
cc3dxBidLZo
ccTgwBckc4U
ccaK02H168Q
ccx8-kLIQWw
cd3EXS4a9dE
cdDQG3gsmQw
cdE5XLk5FRg
cdfxL91HsJM
cdjltPtyln4
cdp9vY9NI-s
cdtQoYKbY1g
ce0BmlW4lFw
ceBo2d46zCQ
ceI4l6l5rbw
ceYM201z388
cejWnVpiNTI
ceq1XF-kF24
cfRh1X2Jm5o
cfbER85Ym6M
cfkAmIY0JBE
cfr8jHbBwOQ
cg1AK8vsrF0
cgqK0ScQFGU
cgzGYIBedF0
chI675uAuUw
chsNrAimaws
ciA5CyCSMW4
ciFXPHPKZjs
cjIJhbBljRk
cja6EbGDsfs
cjnLmLLxp0w
cjxBDaxYOjU
ck6MogN_J28
ckDpk5XfM0k
ckJnH4OwGcI
ck_c3LKWvcE
cl74FyQOj00
clBobC7uegY
clX3RhOVcFI
cljIY7cfEAo
cm91ijsAu6A
cmMHiyiIpmA
cmb7t2QUwks
cn5HsrvDl6I
cnSpiYylX_M
cnUDQqD_x_A
cnmxGDc92Kg
cntk_whGPlo
coZkQMF9nHI
cqKTxeZycHM
cqV0_fUAwFU
cqZi0AzwldI
cqiyfjvW95Y
cquB-859Vg4
cr7fpo782ts
crqmSQujSZM
csF8Kx6fqdk
csO7vpK3c_I
csTodToF1fI
csjjggRys90
cspO5qMm32s
ctPGRDrHm-k
ctV-O1PGDDg
cuE51-z2HD4
cuN_VgIlGhM
cuR6x7L0PWc
cunS7oM2mX4
cuxjJt9jSss
cv0tUzerE_c
cv4U1UjiFo4
cvkcDaPOL-w
cvxQpKg34LI
cw2_FYYtTj8
cw3sJ7wwOKg
cwX8ihOBYDs
cwXA9akNoYw
cx6SL9iTh8c
cxk0OTrGQDw
cyJ17u2YNYo
cysMcGNXtMM
czZvD2jEU9Y
d-9TT-Qvti4
d-KbGfVhjSA
d-Zrt-k6oXo
d-rEjtmtyUc
d01TVjFqIxc
d0B4SjMyEHE
d0WFRp7W8Vk
d0_WMKqqEow
d1txLRr93SI
d24ORa2BvTg
d27EdNlEUEU
d2CuQzdehTE
d2LkKIb61aQ
d2SfytNemfM
d2X4QWiXLIU
d3Fgd-UdIC4
d3Llpv5swDg
d434ce4GQ54
d46wGsOIc4Q
d4S9COlaOVc
d4c0mjhJ_iY
d4cVIlblchE
d4e3KwItQE0
d4sXId5tlX4
d5C9qRW5wpc
d6TNRVhjGvw
d6c9jtd6xyA
d6fiwDGIXR8
d6s1ylJMvYE
d7Oa6C1CLDo
d7UeB_zvbY0
d7V91qQVCkI
d7h4KeipOa4
d7l9ksxK5bk
d7vIXTThCU0
d7y7dC6Wcew
d8QxXzGJwv0
d8Wyly_Al_w
d8vAUGESb90
d9ZoJNo64ao
d9zPngHPa0w
dA5TdLqDjng
dA7lBnmey5A
dAEpnpX89EM
dAYTkATSL1g
dAZGdYrzKj4
dAq7-zQXYJc
dBVDGLiBhNk
dBgigAN_Nzc
dC0Q-ryX-Eo
dC7cSJgFzpM
dCHvfQ7lAlk
dCcxKdayTJ0
dDLK2C-0dPo
dDPHNBZoZCs
dDPUC7aBqY0
dDQR-MjxodU
dE8v9tod798
dEIATR7H85M
dEKTw5zXpRk
dERJieHAmyY
dEWdurr1Two
dElgbE1OIcY
dEyzPBTMU98
dFDpjXxINFw
dFWmawn0pTU
dFqlNm2HSQI
dFuWDpwDfnM
dFvzItZAeJg
dG5rpUNsFoM
dHByk05We98
dHNhUSwK-to
dHXVluCw3_A
dHcBFQ-T0Ug
dHnTILH1tOE
dHqZj8FOJaA
dI9hUx2Epks
dIA39dK7_DM
dILgloS1aLw
dIraHmrwNXk
dIthZXIy_XE
dIyf61zVuNM
dJW1UT8qMtw
dJZzuskezzc
dKVXjxx6cbw
dKe9Vr76pnI
dKodsqLfgv4
dKpSHzquKdU
dL825RKBcXA
dL8raHadvJQ
dLMjueUpiPI
dLc43lUrPOY
dLyEfTrLxlM
dM9VeUis1l4
dMEUrDhUR_0
dMNcMmq4GvE
dMSNv3PD3z8
dMY6fYcVLPc
dM_QAtIU5UI
dMfKXAU8OEE
dMmKzWNxsG4
dMzEZX4JbKY
dNDlTQsqpfs
dNTda-xxysg
dNaS3ysngDU
dNaZ3r5JjX4
dNcwCQUthFA
dNeQOmn-a3g
dNnR9M40csY
dOCfyk-72Zw
dO_qIlcy5Tk
dOdddbowkCQ
dOddeBEUGYQ
dP-E4jY1ky8
dP4k7GC30UM
dPPD_Ojdi6g
dPXfPqE4IL8
dPhkyIunD7w
dQ0DBkHl2-U
dQGRaDZKgO8
dQKC4lVZf3w
dQPTAXuie3o
dQQFw7a_vfs
dR5roQXVWxE
dRGLhCB8rxo
dRMQDZOWWwA
dRb8PrY4G74
dRb9fr06SBk
dRbR7hJfCTg
dRcixOTrA60
dRyhJX0JY-U
dSNtiJkQIx4
dSUIUwU9dNg
dTJBjjwuVOc
dTMq0ATUFXo
dTPmQJ0HNcE
dTVQVIelbRo
dU3rOz0Gd9E
dUHo739pOZU
dVZP3yjrJQ0
dVke1RtusZs
dVmrTe_Vglo
dVs_QWb7A8c
dW-NsFMIJ6w
dW9CO3fMooc
dWM1h_QJ32c
dXWGL-ZPnTA
dXqDsGDvXAs
dXsLUQNdlNg
dY8CJTqZSvM
dYUmwDKH00I
dZI1sHxdSRs
dZOxh733-90
dZ_t6NpsE-o
dZrqYGqqSoA
d_N78sHRWBU
d_W2lP51NkA
d_ruEDG698Q
d_w9nl1oods
da4p7ItnEAQ
da9vlNx3L20
daAfrAI6ujY
daC5_x3VXxE
daIjRsjjkMk
daJ8tDFfJ5w
daKL6udn7w4
danzvF8PaZ4
dazQ-gzhFAI
db4Ccd0cb9Y
dbhIObowquY
dbhg64fhnc8
dbiJgVv8CDI
dbsODo2j3fw
dcT7FuxsAc4
dcVtapWtoFM
dcfeYSETH_k
ddLfp0Sc1DA
ddPQccmEolk
ddT1HNROL6c
de6_asXNuWs
deYEEJz8mDU
debnb5haC5c
df5wvyPNpmY
dfC4_-3tOBA
dfEdXVuMGNI
dfcID36QCTs
dfr04Cv9G_4
dgYALOwnPRg
dggnsXr3DZo
dgnQRhmAQ7s
dgt0NbaOLcc
dh3AQ1hbtTs
dhQqBP55tkg
diJ6vnWaQqA
diRTu0b0I0A
diUX-ybz5YA
diW8u2Hcufo
dihU4rwAiT8
diypYKZ-IdU
djKkqabOwW8
djM_lXVXO8I
dj_ANQUgT50
dj_inT-TJEE
djjHQ31zVBU
djomncPMj-Q
djsR-WAtcWo
dkVn7G3b3sA
dkxGjaRiVzk
dkzIhVXFtBA
dl8dw1jpIxI
dlbncHiCJC4
dll3X-Dt67g
dll9x3kjhEw
dlnWhSiJ2JQ
dm0iig556Cg
dm5aGB-QkDY
dmO2FRRKGyE
dmPiYlD8BQo
dmot-9SuR2c
dmxKNHj-hTI
dnGtwN2Eu2U
dnqOgxyiIKc
dohhbP3LR3Y
dojrKVMz-C4
dooHtCNDypc
dp1b_dozQag
dpX4AAK3Ies
dpYQkGlE_XY
dqYWEugeMPY
dqhpZ5jT2CA
dqlyo02KJbk
drL9UxYdemo
ds2Mvl1CiVI
dsecDCJywCE
dt0cM_0Aglo
dtAbq5LcMmo
duL2WhWYIhk
du_ecVVFUhw
dujhJKwPa5I
dux5k_26Wto
dv2XtWVUWDk
dv6Pmgbw8bI
dvESVQ86A9k
dvHmisr46ho
dvcUgBlzL1w
dvlSN7L07Q0
dvuUTds84SA
dvvBvu5jKs0
dwZThIUnQdY
dwckNrtyq1M
dwqCCKL3lYA
dx5wJqrDLxU
dx6mjJxLRMI
dxEmyz8XKjU
dxJg2JjQqqo
dxwygvX0yzY
dyCS9zUNcp4
dyHj2QvXJBU
dyKpOMVzRVU
dyY9m3UklQI
dyffPKXZT1g
dyrSMKzxH5w
dytXExgY2oA
dyyHunIE_To
dzCXrxiZ-50
dzGy3faSpdY
dzq30CLHhL8
dzwrNeTpdp0
dzysKiB8J-M
e--fHBjictM
e-9ODziPsnk
e-DbTS3IJmY
e-OACkW2cLI
e-YDJMNWaNo
e-_JSLpAQTc
e-ob-zY_rJI
e-polvDdyWo
e-rP2DSvi-o
e0GpL_r8NyY
e0Pf5LQu_bY
e0Y32hFOgY0
e1MyfOvAWNw
e1YjiNxx0qM
e1_yPbaI-9A
e1ed009CShQ
e2AL_kWPKVs
e2EAN5ICZmo
e2FV7KaYVaU
e2aqI_GzoEA
e2ol4DtjVeg
e3W2cP5Uxgc
e3w0S1JbWzo
e4Ds0WAM8Gg
e4zmtuRF42U
e5D4D-7qMF4
e5S0yinfh4g
e6Kdu-yZkT4
e6NzCu2SmWM
e6bkTr6cdPg
e6q8Mzma0xw
e7FXZHF7z5k
e7P4SwcwB6I
e7_UFargv88
e7jYl3FYhuk
e82bJqZyeyY
e8HaF0_zieE
e8e-SOog7vc
e8no7yNYXls
e8phL0CoFuQ
e93ZiVOtoIs
e9GQ3yq3Ky8
e9cj_VEiK7g
e9n46-4WV30
e9ohKNyjveQ
e9rbCcdjYDU
eALpJ-gPQ_k
eAXPdVc6uvc
eBHIQ7Vp-Bc
eBNc1t_ZZDE
eBX6Bhc8TEg
eBlsOj8v4pU
eC51BCj6wEQ
eC7bvWJxCdg
eCLzlWJ1Hoo
eCX3NT7q3ZI
eDK70a_QVmQ
eDxs1tFYEKE
eDy8CX5nstE
eEQND8hDuPQ
eE_nIsvdlqk
eEly6jvy8j4
eEtCplTtzmU
eEzTkn0BpvA
eF4cFVO383o
eF5RLJqbKLk
eFOv39rOuVE
eG-MwcTA7_I
eGAxTK2yUiI
eGCAUT05qaU
eGKFNI7XUvA
eH2f5FkXQmk
eHRO6PFfF70
eHe81NlrLYg
eIF0VTzPYGU
eIKbAaZolXk
eIYCI0gdKTo
eIup76hf__U
eIvZsNhoZVo
eJ6ZMd4sVrI
eJdq1cCoSCA
eJsxibOEQVU
eKRDtdVxxX0
eKyb6uYfyCw
eL1gVIuYR4A
eL1nmqTJHXE
eLZBb_j63G0
eLuPDvjRs_M
eMxVdwP6nF8
eNDU5gTH6JY
eNE4bDCR-FU
eNkqSzT-4Vo
eODNprjLysE
ePDEp2kn3iU
ePHdF38nusc
ePQXAjavmow
ePhvDF6q6ck
ePsJcBlNf7o
eQElA0bFEsY
eQNYFbvYU98
eQg7W9uCNmU
eQhNQ6-A_o0
eQkAi2wrX_w
eR2mOccTSe8
eShKZ_IaJqo
eSrBtBnZZPU
eTHSMN4oMrw
eTTyATZK-x0
eTgVKR4EDVc
eTq4zN6XRj4
eTxKCr_Kkfg
eUDg6lsfn-c
eVP31M1pqHo
eVyqvfatPJs
eW0z9f556k4
eXYyArhu1Tc
eXkLkX6oYxY
eXosaiZOBm8
eXvRo8bO_k4
eY1sIINdvsk
eYJqNSS3Xew
eYZ1ZxMEVCQ
eZK3vuCguZo
eZbNUK_pZck
eZv__-Yz_UU
eZweo7eO8cA
eZzJk-QvMP8
e_J7OwOXXXo
e_Wsiz8jXCU
e_jEDoHqCnw
e_nMMf4hy-0
e_xo77xDh3U
ea-AKIMIZI4
ea0_0BkquNA
eaFEevzL5ko
eazcCCerdRA
ebC2OGMACNw
ebOMSSt5r10
eb_3h061Qyc
ebq14-vZPuw
edEzanIcY40
edXVXf6EJEY
edtDFP7WOCc
edzN3wOG5Dw
ee2rkA3VYwQ
eeECcScb_WM
ef365YsrYBg
efFkMdDSDkc
efMsI6f8rQY
eg-ZG8GANM8
eg5qvyviN5o
egAo6H24yPU
egB_Zxj7A2w
egHw8iO90QI
egwmvnPm20E
ehACA8Tfd6I
ehEgq7AMIbY
ehcx2cYLsHU
eiAxhd___ss
eiksJwqMgzE
eiltVGF0ZeM
ej3AaVAya_g
ejNpq7jwIRI
ejO5lA2J-s8
ejcvDYy_kT4
ejkLTKTeeSo
ekS9Rcfn8xA
ekZCQqtfFjM
ekrrR6jI_dQ
elK92LUT-Vk
elKceaMHeJ4
em2F9uWIVlE
emWOaBHj1G8
enCnZfLNWPM
enXwO1z0Wkk
eneYBbC2chs
eo7J7ClI7nA
eo9eNFh69Tk
eoDRSUowHeQ
eoRDWdYqVgM
eoVbxRCfF-4
eoqBfnP8RdE
ep6iSDADJJY
epCjqCVoxRo
epOzrCVvKDE
epssvxuppa8
eqNaBm9SbyM
eqRz7I9MDrE
eqVQ9RJxmcc
eqb2j6tntQw
erH0xNFc-ko
erTbBItnqsI
eriMbcLYTiw
es9vkZFmGr0
esVpGMLa2K4
esag0C1k4aM
et5gF9iZGdI
et7A82jxYNs
etd4sWxbPGM
ethLDB7YpdM
eusoOjuuAkI
eutxWBn5sTk
ev2Al9370MQ
ev9MwRdZk5c
evrPRULRcX4
evyUw1wfgxs
ew1ZGV148qg
ew6x56gxaaw
ew7FUyy8l0U
ewINWWGiWq0
exKagW8mHz0
exRreRAFfQY
exSgK6fqJh0
exTUY2aCOco
exXtTa5wfZY
exkt-kQCUIU
exsGXggJGg0
exw8hWmE_fg
eyHUm-3_CYQ
eyUQPMzyBo4
eyazj3vagBA
eyi1DZ_8mXk
eywqIi__n6Y
ezatklFdmLs
ezskLu5ipEI
f-2NJxNx2z8
f-819Gecqf0
f-9Ws7ELpFc
f-NpAyIoFBo
f-jYTMy49Jw
f-tbfx_0E74
f0NfstjhKlQ
f0Q1Dsn5Eek
f0Rp8pMuZHg
f0t-4vqLLLE
f12niVNWClA
f16t-hZ_H9Q
f19ZxBc7gEc
f1DpOxKZ0SY
f1NULB6EGgc
f1kOpw-Xbz4
f1pjt8aPopY
f1rykTXKcAM
f1xc6Q0-RCI
f2807C7tgEg
f29fKrkkePA
f2K52ZWWMb8
f2Mnn4OeyVY
f2_izftvssI
f2pgxZjXt48
f31oL-kqzAI
f3CmPSE9bLw
f3IfO5rhsQU
f3S7HzC0uDI
f44q4MrTJeE
f4HF05XD1EQ
f4NpOKSNdE4
f5-MTdzD3_A
f66dAZQH9CU
f683MDnVFRQ
f6Ha5sJMLgw
f6SlZ3LkyR8
f6hrzgg0vPQ
f78xWBbp0W4
f7JzuIyO0c4
f7NyW79mIcI
f7_vcEP_Vng
f7j7Z8alH3Q
f7l5WGN9RQ4
f8HWcwM8OTQ
f8KHrbqKmuo
f8MeiplP1Tc
f8S62-TeZes
f8fpd_6jY2E
f9gatvsk35A
f9jTX0JYEh4
f9qWGbeR6Ps
fA1VP_a-XYE
fAjMm1t9F6s
fAurl7JgNpg
fAxLgjO6DDg
fBc8cR8jjj0
fCGd1hgIpYQ
fCLbUw_f_js
fCbWVHxWYYY
fCg0HG7geDk
fCgmUuDDghk
fCiDG9aXf3s
fCmU2rWa4W8
fD66qM6VBn8
fD7EmedM5eY
fE-236PMXEg
fEAzfTGo2kQ
fEGLTFsndXg
fEPN7_hJ6fA
fEfDnto1d6Q
fEqYn9IMYcs
fFAZt8MuEA0
fFOC-ZT4730
fFQhZoeCp80
fFY9RbjleDA
fFeqfaxix8M
fFmY90u5PSA
fFqXAqIJgv8
fGbE4hWanDQ
fGpYzNZSmpE
fH-OUjkbE74
fH5oPs2bo4g
fH813zxIsXw
fH9chaGTrOY
fI8Lo83x87s
fIUqDeVilu0
fIaB3KuP3TQ
fJEoYwUByWI
fJx8iLJeeao
fK1XCdwmUro
fK3le_k7_B0
fKCdrqJijx0
fKWI-uuBc-E
fK_er1HKlsQ
fKa5cu0eetw
fLJi-eEJM2Q
fLYzhqZPlj8
fLZgmFolh6Y
fLdOliUig8k
fLnKLSAlyK4
fLu8h_OlOs4
fM3TZxf7oh4
fM6I1uibWpQ
fMHDpG34O9k
fMK1dj7E4IE
fMM-puSQ4VM
fMpBqPRsLCw
fMsPzKoSZY8
fNHOZWhmuBk
fNNrU-ngP8I
fNUnhaIMNrs
fNhVztsyqj0
fNlcnhZMWdc
fOG6bdUE6f4
fOSFB3fj4g0
fOi1i0PbSXo
fP-7jNJd5nA
fP-cK7ojYLc
fPGln75L1N4
fPKWNnn7JVA
fPbI5-zSKHk
fPm0nOnBhdM
fQ-AeJyFWuE
fQWCV-5Hn-M
fQWO-1SWAj4
fQ_Robn6ClI
fQnhCWB7834
fR9PqtOBGFg
fRCmOtc1W2A
fRn4mbNHAqk
fSDqwo_xdtM
fSLTJ798Dxc
fS_xIa9ZfjU
fSaGt0cRKgc
fTDshkcNfJw
fTQrQhfhd_w
fTsfk2y38ZY
fUyklr-PMNg
fVgHkxCdlt8
fW4NYmaoClQ
fWLrmwD6l30
fWNmMpkBkJQ
fWOrxyNe_7w
fWRXsPSzPmw
fWrecBr_8qA
fWuL4XaBNUg
fWyKEGhnh-o
fXDpUOG0cRE
fY4AM8cSXjA
fYHvx4zHUM4
fYQVbtaivZE
fYk_uV_dTnU
fZ8WHPqdWxQ
fZK7HkW_vfw
fZVekr9cDDg
fZgmlBCPdSs
fZtc5rpn-qE
fZuyVVQN034
f_GHPjiMbd0
f_J09z-HU_s
f_aI896xPoE
faICqmVvxdU
farICJAi7iY
fax7TzzaaKE
fb6eLl0G7Rk
fbOn7LGTxrE
fbwnucFSXdQ
fcBHN7BIIQ4
fcTgVaF_AiA
fc_UINFMOW8
fck95S0Djqk
fczCviSgLwQ
fd6oHa3CPOQ
fdFe6H4yQxI
fd_NJHw5hIo
fddaBd-L41I
fdlKabvpImM
fdqZ1UqgGKQ
feC22FYmg9s
feJvR8AUbvM
feRUqrMkFJs
fecpN_Cag00
fekP8BdeJPU
ffKEaH67e-g
ffYcwZVtcsA
ff_UF07cMG0
fft5aQNb1Cw
ffzC5oKaXU4
ffzJN9G-Zuc
fg8tS3CVyaI
fgAFYrBU3aM
fgPrz_hrEAc
fgSSUVSvIdM
fgcFaiSQXj0
fgdDHqo-okA
fgeNIYX5SRI
fgfDQ6HBnHw
fggoS1L6G-Y
fgltUf-tPcE
fh6U8iK8iBM
fh6tvNcU3to
fhWmmG5WJAc
fhaV_RNMBU0
fiyhnjd8uGM
fjMi8x1QqpA
fjgnHxM8Gg8
fjuiRfUtgFM
fkmuxy5JeyU
flqs8WQduQc
flzEixsbRPw
fm7-LgGcpVk
fmCBBDm1LnM
fn0d6_UiOF0
fn2gXFMqU70
fnN4fSMX-_M
fnc8RigPOsA
fo46wDWqtT4
fo52gpkkGPk
foN4lYD27VM
fo_PyNzRgQc
fodbKgxE6MQ
foylyQzKcfU
fpDvmK3to-0
fpcqTYyDvOY
fq8wcty0KL0
fqETHL2wFE8
fqK4lSYSaAw
fqN8fsmUXn4
fqQMg3lEPdY
fqc4o7IpJJw
fqvVx2k3p1A
fr4-jMLUzg4
frA3E1N0oy8
frNesa8DeZo
frVDYgMn78M
frfODTRtrCw
fs9qwy0u4wY
ft43vwvAj_Q
ft8dTOlHg40
ftSY5gaQMNg
ftYBnFt2iNI
fteMMl7WZC4
ftqdKLQSSBU
ftuHgxhUJ0A
fu2D-yZNI1I
fuLGWNMtypA
fuYUD1M_ZdE
fuYyHtggCXU
funBBrE_NnU
fuwecSlzyio
fuxMeQTwMEQ
fv-VvrBcgig
fvLN3WrJq6M
fvuo0Gl9WvM
fvwUKalVdN8
fw0HJHvjzQ0
fwLjyOdMi3M
fwM1szR0ZLg
fwpsOY2kGCM
fx4ZxLPcz78
fx90n5wYC0g
fxZMlNylNfA
fxhiLyT5ZQ0
fxsGxoOKB24
fxuyl8-LDEc
fySVM2uPuSg
fybg9q1AY64
fydZjbSKAAE
fyp6IU9uuAE
fyqK6lZxbEw
fzQZOhUrfbE
fzSNkjFSWSA
fzVIPQwSSPg
fzmtreHOuKg
fzuffF_8vdE
g-7P5BsbbCY
g-idto9fWno
g0IMVj2cYp8
g0RbMHS4wEI
g0zfTZWuMbI
g18lzm4Vxco
g1IVYRp8yDY
g1KIn_OXDQE
g1WDmTAra0E
g1cyz4HU1bY
g1ewMIfJEMA
g1naM8RAQ_0
g24xScdAn_A
g2VZa7WB4jI
g2_FbkdVzbk
g2m1zSeGasY
g37Qe6nJB8g
g3AZohyK5l8
g3AtIfonUcI
g3sym7h_0js
g4NLXFPz-dc
g4YUH0mM6vg
g4o0bOf61fA
g58syr9Y61k
g5LjBQrrG0I
g5XGwvC-QUA
g5knXZsumco
g5xU83kINMw
g6TJ6dmxlSg
g6b1KPttM9A
g6glpxMvdvg
g6qp3HphQb0
g7BYr3H18Ck
g7TdZZEtn0U
g7oBE88nJe0
g81OR5IWRV0
g8SCirJGCOg
g8nUKdBIX9A
g95g5ch95-c
g96kOlbfsu0
g9X9h71RKS4
g9kXAWMOAaM
g9qBQUJUhJ0
gA3Za17l9WE
gAQewf7DkP8
gB48HICVzM0
gB5Xk76lH-Y
gBh15Xjv4f4
gBlyjLRhvh0
gBprtgDb43A
gBrCuvP_EyE
gCEYp7VwB9s
gCGXm8jL0GQ
gCLoeWOVXQk
gCsh1nY-z5U
gCzvXjBl8AU
gDUxRIQdMtQ
gDVdL3V-pgQ
gDi2NY6jkek
gE1bfxrJINg
gEBWS94k-iM
gEhOJ5d_fNo
gF7JPj3_N5U
gF9FAKsTm_M
gFTGkUq3V1Y
gFaIhQMyhuQ
gG8ySEAcfmY
gGIUOS5sPMM
gGJSMYyX5ro
gH6OaCafBgE
gHI1k3LyVpk
gHWJgLMAcxc
gHniktGwJ3Y
gIsatRoFOxQ
gJJzUlro6rM
gJZDfNSOeTY
gJlTMvSwA4U
gJoJxFGq6nI
gJvGGm1YXeI
gKTLGtDNvHI
gKk_8auvPEk
gKrrUtut1C4
gL2pfAMWkNU
gLFmsJUKwMo
gLQFPv4cYag
gLQpWPofH3g
gL_BgPvXihI
gLlqFMaQbJM
gLrII5-Z4Qc
gMAi2HPrVB0
gMrkOSJwFYE
gMxETlB7bEA
gNSxFt3XqJc
gNZygMAKiuw
gNnKu82t-yU
gO0xOBxPBPk
gOIbybcFJqw
gOJ5LqD6wDI
gOSepm-A2ac
gObZ7CNPxQI
gOxy5fdfoHc
gP1nYE6ml9U
gP7y0ZlUnkU
gPNcy5nAhXw
gPOC8ddxt2Q
gPQw-kwr8-E
gPVPDVu4tI0
gPY1bprcmeg
gQE7cBFshN0
gQ_WxkJnFg0
gR2RWY1u_Rw
gRb8k4qdMGM
gRhUhSJdmd8
gSaE1-kd7ac
gSvlP9OL0hc
gTJ2oKnbpfs
gTeUduNt7Vg
gUZrBQg7d-I
gUpqquq1cJM
gVU3ugFMLSQ
gVX6FKOhx5c
gVZWmmfPe5I
gVm8j1tnXj0
gVtQ38-ru5s
gW8mCULymXE
gWCuOi8w4Vo
gWTu9AQXVBY
gWVdkJ4NE6E
gWv3h6ABG4M
gX8WJl2F1Z0
gXKPEm9q6wM
gXPywwy8yaI
gXcOPB1upmY
gXxsnSNkfTg
gYJvPtXB_YI
gY_w9R7RCBc
gYzvSrvu1BQ
gZCDUxZfRcI
gZDsfNQSF2U
gZIUga10K6Y
gZerkKYm4Mo
gZldNwRreTQ
g_KgK0ta6gs
g_SFuVrmT8U
g_cZKBVcPGg
g_gx7vrIuao
g_qKBI65QTI
ga021Ams0rw
gaFAKImmZzI
gaFQhaVncHk
gadA8AruyJA
gb2nkVOvMYE
gb4y6HE8xzQ
gbF1p_R2kG8
gbFwg8pDdJY
gbVNOKbYn_I
gbcfpRlhdqs
gbzkov_IvXc
gcju5m0gfw0
gdUK4ZWNY30
geP9fJreW4c
gelvAqrlMPU
gerN7rC__vw
gfEEvpaYkT4
gfc-Isdysts
gfpDRns-sdQ
gg7MbD3ZRUc
ggOI0LPCb18
gh0heZfa2xc
gh1vAeZttN0
ghc3s6pMdNg
ghuH4AcuCdU
ghywsaIJjQI
gi1bjPJoodg
giSFkqeANIo
gid0eoYRux4
gik_afJuRl4
gjbNuGvQMyY
gjgcGMZUvN8
gjrs1e-lENs
gk1G1cOcDZs
gkSEu-v6wkI
gkT9tYXILwA
gkeDK2SRwTU
gktwf631ZwQ
gl9fgJvdSyY
glZtZx-UfYU
gloiian7ZqI
gltOKzeJDWQ
gmTqwrBIhX8
gm_EaJTXlJo
gn9-OXukULQ
gnD-xJOFjZI
gnEJzlROywU
gnTRgXEooV4
gnUDsR0rnfo
gn_JMAbfykI
gn_xINBtv1U
gnq3Pc8rBnM
goFP2t3BO9A
gocbzx-k1P8
goulVzEskWI
gpLkXqFDXmI
gpyI0WjEHJQ
gqCYj2oL3iw
gqdUrm826D0
gqsiVLgRoT4
gqzmxnXRkzU
grOdB5eerdg
grYoQdO6s28
grz3Wtwq6TU
gsJUW583lW0
gsU2bJl7Mx4
gsapIcebc90
gsi5NyclgpI
gsiykq7c__g
gt6g45KzmT0
gtGj-tVdgPs
gtHkv-jUIas
gtPCKZBtqZo
gtd31SVgqcc
guWPpq7C59Y
gvPXIddJH-M
gvS7bQDt0PU
gvgcRCH0Sd0
gvnEDDMUmOc
gvy1RLUmWjM
gw14CUWBs8I
gwW18RcC0qE
gw_oQf0nv4U
gwnLeIkNURI
gx6-e2dvxlw
gx6z00XJSxM
gxOMB3fn4XM
gxSitSzrrxM
gxYojDjcX3s
gxebbFfbCno
gxi1AEAXMho
gxnKqyRDSpE
gxsDTdo3OPo
gyRPiwnqfYU
gz-UpzufLzw
gzGAHMZtKT8
gzH8mjGFoTA
gzhE_p4myyk
gzjllZ4gWFs
gzp8wt1N7Qw
h-JA6VfauZk
h-Z9NkxIiJM
h0ENlyNGNRo
h0FqR141gjs
h0ZvHKXGhpE
h0nOVxBEnXA
h0uJnIkA-0A
h12hpDfndmU
h1D0JSBC3y4
h1KBi0wLjxI
h1ftnkMar1A
h25eM3bFpzg
h2BFWx5Qml0
h2PEkV4fvNw
h2S7qPsrs-w
h2iEuviANPI
h3DQWB3ORVw
h3IsbzdqaVM
h3Uq0q3VExM
h3VpAlFkvk0
h3fwS3I_48Q
h3iPBtPBP8Y
h4_7eE_lA4k
h5KatQnsaWw
h5Vwv_OhCik
h5lSYCTi_Lk
h6gtfrf79yQ
h74oQSPi6mc
h7BTC0DVry4
h7NzGVJg-l4
h7Ql9h_DYvs
h7bZYjswEt0
h7jo_4tHpiI
h7xizMTZm1U
h8SPvOFAD4s
h8dzjIPymVs
h8jWbal4QzY
h8jbCNs5y80
h8v3uvasmdk
h9CQdRtjoRk
h9Kp1fIWkvs
h9MhaV0vFy0
h9UH6gCgNJc
h9x4gxyd44M
hA4-fzW4zqs
hA67mezH-7Y
hANPx1kPyy8
hAc70EnCK4A
hBCWj2x1MeM
hBS2wFM4y3o
hBUSX2HwcuM
hBaJ7YrbYpU
hBbM53inRhU
hBntLjqlgFo
hBqN4T44iS4
hBt1U5tVsZE
hC0rR18luFU
hC6G00ljk8U
hD08_di1Igs
hDdTa3xhty0
hDnJZFC2s0I
hDvTrQwK8NY
hF1ekLxYA5M
hFCb4E00nBY
hFLWwZe0TxA
hFSmcLGEXuM
hFYLHUbqIRY
hFfTH5dyiXc
hFpSumXLGZ4
hGL-8SobfpI
hGyskok6Kew
hH0g_5OoKqY
hHIpJrsEPJc
hHVr1ttKYQs
hHZ6a5QiPYE
hHxdGetSqnU
hI5Qfrdb6G8
hI7STVyw67A
hICsnssNK1g
hIb9Wo5MvAY
hJ3X1AnA1n8
hJ8Zy_5q2zQ
hJFaf5r-ybs
hJWuRudZNiE
hKBIxbgCJ0M
hKqmSbnvCqU
hKw8VQdDQZU
hLBJee-x_8U
hLJZEHC1nsA
hLKwcU0FvmM
hLbPRSW7nQE
hLkx3N0E4Eo
hLpKR4KwMbk
hLtgq82h9kY
hMQqMqhZZzs
hMRFe6GSFi8
hMaGHUeEIFg
hMu1Omf0reE
hMwAeCHoj0c
hNbxA1042T0
hNg70p24bww
hNhd1j2F4og
hNi85EwFuqA
hOcaB29MSBk
hOkCdhnwGIM
hOpQw91Y7Zc
hPrhk4Rj19Q
hPwJm62h3Ow
hPxPoifYjCA
hQ6fw9ThGEE
hQCcx0MtEPk
hQYlztSiiDo
hQlYGEVaH8g
hR4_Ix-_310
hRc5SKKmPTk
hRmaeNGevR8
hSCtqt37Vfo
hSKcqFDadfM
hSR30-ISMCY
hSzCpU37kAg
hTDWtamtDyA
hTeRM3o8npQ
hTgtWrH7T4w
hTuVltVbaIs
hU4NSjIA3yU
hUEgekTLpBQ
hUTb_VbSV30
hUTv2eT9Vv0
hUhS-kfKtEU
hUujT9hI2a0
hUzyRB3viXs
hVEBJoOhuuI
hVRJba2w7lE
hVVdpO2lzFc
hVYtVaxFaZ4
hVfy5v6xIU8
hVv_Zo1jWmk
hVvz5MY8jbs
hWTD5DOGPhs
hWZU6x3BpQo
hWfOa5bv3XA
hWgyjoVmAGI
hWuWPMlPp5I
hWw0wk9JUao
hXDIsP61cEM
hXHmjwIxhiA
hXNWezx9V-g
hXWQen88_QU
hXlhDftOgy0
hXnxIuYLd9U
hXqsVg-i28I
hXvNElNaNw8
hY07EMJcqm4
hYMAknbLxjM
hYTd57tRQfM
hZ6TYdlm4po
hZqMWXwEXwc
hZv5n7mTNdM
h_7ZQarRBB4
h_DazuLaBvo
h_KMnMww7hI
h_cEC3lhndo
h_h5qgOXnl4
h_pMEOeKRec
ha06p4Y5LKI
hatRBdQ1jcM
hb8AqpweawM
hb9fKERCrhY
hbDKZxatQOs
hbNTxTXWfbg
hbZJAPB-IKs
hbmf6Coqo_8
hckhDDmKxg4
hcrFBQIPlyE
hcyox7mm4uw
hd-34UYgyWc
hd1hzrjVr8E
hdBm9tOIshQ
hdCFfG0fjBc
hdK46BW3RFI
hdNiDmCdoX4
hd_6BeLEO4Q
hdlJnm0E4Ug
hdmIsZcMi0c
hdmq6Z4pNas
he0kvzly4Ws
he1YEElyZTM
hecDUW2n43s
hecwnPHNxZI
heqy70RM28I
hf1zUVG41WQ
hfAiku0KwXk
hfNkLPODeY0
hfglvEb3_kM
hfk08_N-fBw
hg48gRzddrI
hgynXShKNhs
hhHvkPK6MbA
hhJUU7dTea8
hhXP_Xo8ovw
hhZXWjXK-MU
hhbjha9qizc
hhm4o30kf6k
hhsCe82j4UQ
hhxI4ulK3_s
hhztaQ71mNE
hiNrWbAqa-Y
hiVE87qrfqs
hiXyP-HtJsY
hj0ZM3lWWds
hjBhJ__zm-A
hjHZrqivjuY
hjWUwB4SjYc
hjyoLNHv_RU
hkILxjZrlVc
hkbxgKH0crU
hklaHBSQK1g
hkvVUFybb5A
hkx0Gu3Qlvg
hlFuc3D1yLQ
hlKL2ktH1J8
hlLqe6WOS7Y
hlalfrbHKJY
hm8tQiSaAZA
hmDr2z1tk78
hmWytuzhr7M
hn8eX8iS-L4
hngG3gIGy9A
ho0wbXB1_yk
ho1JqwFiKM8
hoUIbdSoBoA
hohYMgs-yNA
hpBfNzeYDj4
hpFJnvdcbLg
hpFPNNlvVqA
hpMX_RwIJA8
hpMpBVPYjWc
hpgz6w2EFP0
hprUeC1yE38
hq6A2f5Rt5M
hqLqn514Tk4
hqcNzbNdhws
hqufPTsXkSQ
hrew9_fWTKY
hrs_Z-PG06A
hs8-ogQMsFQ
hs83KlTvmDg
hsEWkklsi8c
hsWT3_zPHVg
hsXMVmREhi4
hsYdv3u6ASw
hsj2QFxROw8
hsjH22Mp6xo
hsuUlLG62KA
hsxTTAAZe90
htJ10ACWQJM
htUvFL2uKFs
htqJvebuYjI
hu2i8NPTuiM
huD0pmLEVbA
huDBRr8LH6Y
huRQER2cqy8
hu_DO8cIC2w
hudVeWaWsJ8
hujWdIsxm6Q
hus1YBbIJLk
hv0i_Jg0o3Q
hv8v-ESyZXI
hvHcAc53GZo
hvZXy3srSts
hvqQffhqodo
hvs5g5clrfw
hwR9P8NBrwc
hwqB3qLd8Bg
hxDbsxXHwHw
hxIHb5uJdRE
hxh-b-4UBAw
hxjWYUYr4as
hxrmZ9k0-4s
hxuLwrRVzWA
hxzRtGhKs2M
hyhPANyOrSc
hz9tYtwrI_s
hzBb50FYoNo
hzK83WS7Ie8
hzPVr84Aegg
hzQVcEP6sWM
hzXAQhvDm08
hzeCqDKGS6E
hzo9mtIpe5M
i-2zjKu8CbU
i-3YjMpHe-g
i-KmrCf9iYk
i-RdDoTWUTM
i-UFRWIy74I
i-v2VwEdFOc
i07Nt1DP2JE
i0UPa1_AVb8
i0xI94I31Tw
i19rN6plKSk
i1OQGxxMNiM
i1ZpyCI-UEk
i1fepGljSrA
i2IVoNxYHLI
i3-R2x9OpO8
i31yeGydVUo
i32S4RoxaWc
i3__1RGASQ0
i3ivA7l1De0
i4BFObeXmU0
i4RVIuNI-5g
i4dLtRczcd4
i4o6cG42orA
i4pAuvObyIQ
i4xiWV80Hsg
i54b4Bl7hfg
i5KkohAnRQM
i5Su2rj-V9U
i5WlJHvgce4
i5o3W63N-qM
i5rESXbPkbc
i5xepL5EP_I
i61OM8L19-c
i6FLc9RfY9M
i7W51aJzH6w
i7ZCLN3wvEE
i84uMG9tS_E
i86QW86JuPM
i8BHmkGIKkc
i8Bg0iy8A9I
i8RgVALUOok
i8WK0tnbFAY
i8jnm4D31vk
i92vuZDLgM0
i97kAET-Fxk
i9Ck2xUeABo
i9E0JBoVEcQ
i9ZCp6Lq2Vc
i9fF2xQfSts
i9sk8kv7z5w
i9zQsUI-jXc
iAIVD1tf1ig
iAmwcSjryDA
iAuFWFZJ-g0
iAvxjp4ojRo
iB8g-s8qE8w
iBGg33RUC7A
iBy6-mwVk6s
iC2Caefy8og
iC3Pc2v3iGQ
iCF4jD70mXU
iCMz7wuM9jU
iCf7FT599KI
iCg2UOnY2vo
iCkkai-qfRc
iDKjFYoLjNE
iE4lHu4s4-M
iEHRt2boRFA
iEMRpwO0dmA
iENy-s01mO0
iEQC7-7cUaE
iEg-yyczw6A
iEsIl44SmKY
iEssHch7rCs
iExIJaTCS64
iFAV9HBJhkg
iFAoK2FGEgc
iFOoBPZUviw
iFX5nvL5fEs
iFZ_LaDyi7o
iG7bCusE3_A
iGAdP-oSw3Q
iGTj1wMINLw
iH1uwSAnXGw
iHGnpA5ECV8
iHJWjz6zcuk
iI3dTTKMsw8
iITU6mPUy5o
iJ7oDaW7h1o
iJ80I8G1jjI
iJOlfFtbWA8
iJe_DZggogM
iJmrsANZYQQ
iJorTl2Joac
iJs587ygKIY
iK7FI6BRYnc
iKHdjr7zpws
iKSx54aZblM
iKbE4SIt6ng
iKei3BOlRk4
iKt5F9Kvr8M
iKy49L-hKEs
iL0xz40efNg
iLP1VjHUCnU
iLrnX9H9O04
iM2sSK7yUaE
iMjZvTXRkpY
iNZ-vbM_Z4Q
iNerliPauLM
iNgvJDC2990
iO5jykXoL2Q
iORp7FRPK0E
iO_BZ8aOMrE
iOdMK_1LWHI
iP1-7o44SF8
iPBgFN0I104
iPLAnvOMu3M
iPWxrANUNHs
iPjFo-Sh9Ws
iQ5Qk74d9dE
iRHE4ing_Iw
iS4oQevTosA
iS7RFpOPO-A
iSNkU7XUzu0
iSW8cVX_lGw
iSj65IX4tsE
iTE_aQJqyE8
iTJr8tt1udA
iTXfH5mjPmE
iTgTefRuONs
iTm7ZivPwrM
iTnFbALjuCw
iTr3UMU_sAc
iTu-zm2FSWo
iU-w42L8BRA
iU6p1WZ5jlA
iUOm2oOHeYw
iUiqTxFs5QE
iVC9sKb1NYg
iV_EmZv9wPo
iVgEIvJB4Ds
iVmX74BgQew
iVoavCQSg-w
iW-GAaukJ38
iWm7nelNIx0
iWuLBNsw5vk
iXBcejzh8Og
iXexOs7cluU
iY6awYevbFk
iYTgHEZIMB4
iYTiE_2fPBI
iYqjUhifQCo
iZ2W30_ubY4
iZDOzGMFQl0
iZFOPE5TnLg
iZG9PKfW4pk
iZGRYXuoYgM
iZnLEuxVslo
i_0inC1aLNE
i_AgZ3gUxAE
i_ErJCYxjls
i_ZTqIg5c4I
i_ch24-yqfc
iaH14oeyatY
iaP7x9VcnWY
ibJwImC3k44
ibRJ3BTjLHc
icAPA6iqw_A
icIuPgX48bM
icJ4oYLlPzI
icQ8EJDnmmI
icYG0qf0FbY
ictkcmCOaDA
icvTYhS7exA
idG14uHPb8w
idez44RkPhs
ieNICf_tcMs
ieimdtYEN3s
iew3D6cwTYs
ifk8o69I2o4
igIo7jX01g8
igprGbUyG3o
ihmvYxDvj-4
ihtWLAOLzzs
ihvNy9xmjCQ
ii1UZ2QaiGE
iiDPvVoD260
iiP5OlWkeZ4
iiPYC1ocgTE
iiW2Yr8Vnws
iijCNom3RCM
iil9iaKz9gg
iilE37oRa0g
iiviBzdP-Cc
ij-dJ6nZzKY
ijB_S7q-8hg
ijb6GJFmNC8
ik1n0K6Kue0
ik3G9LRVaWg
ik6n7n8NA3A
ikA3KV8ObOA
ikCRuMy3moo
ikzNdLziRm0
il39gFKGQ9w
ilTbxWemvZk
ilbQph_ox7U
iliLJRgpZHI
ilq7AbNyBJQ
im4xhsS_wUc
im60rFYa1Lk
im6nmzPRBGY
imDN2SISz1E
imDyUs1GHL4
imNAbv30U0g
imfpCjkEXaE
in5rP1vhnS8
inNy5YMmBrk
inRc4jaH9As
ine1XJbpwNg
injC53O6AP4
io8Mn_6MUXQ
ioJiU_PJYpI
ioKkf4-gDYw
ioV7zz5JsM8
ioWZan4YdpA
ioc4EB9yk-8
ioemxRamFYE
ioeoZ4W_Cq0
iojNhC8TdNw
iol9Ziqul7k
iolQ4eqSrB0
iorlyXn4_rE
ipChdAWCzmI
ipj3XhuWnRM
iqF9EyMdJqM
irH6j5FW30A
ir_PqKM6kQY
irthlXWtws8
is69WKWIszw
is7g_M0QgvQ
isUTwqQNrNs
isX2VW9gz4k
isaWPVyzyHk
islGl0Z7_R0
iszMp5n-YLg
itGNHacN3T4
itKoWu3USUA
itTj5Q3lBhg
itc5vr7B3jk
iu0fwGACiQI
iu2te24TlcI
iuXKL56XQ3Q
iui3gg6EZzk
iukta_KldmY
iv-IcXpcYI4
ivBoLAHc0nI
ivTh8XWjLu4
ivWo1H7fQ44
ivZQtqWXHQc
ivqslgY9e-8
iw4kX4Cas1M
iw8GfNdkFKU
iwVb1JBUJn8
iwsQLofyflY
iwwwsr9pXQc
iwz88xzJCnU
iwzhiJ7uYZE
iwzoMfMtQxs
ixMAOc96uDw
ixP1QNsFwIE
ixZd7SGPZwM
ixbWRJIqpck
ixd25DaocxI
iyMQBitn-eE
iyr-af8-XCg
iz0yQzzVQRs
iz2FWXqgV4c
izGLGCqtccQ
izQP0L8rFiE
izifs1X98xU
j-ISCqVSQpc
j-xN3VuMLnQ
j07rlm2LLFY
j08-O4Au8D0
j0WnsT6sBEs
j0Z3HkgjSDg
j0l-lmhyoXk
j0rei_2SUz0
j0z3tXJqFgk
j103XfvEGpY
j10FdCci-xI
j1aKy_TA2Q0
j2nm7L9Guzc
j2xfkyoGKAM
j3ZfpkB0TQ0
j3oDTXe-DtY
j3zkVhLvOMg
j46YA-o9ygk
j54i4V5ML50
j5HQ0ULML3Q
j5YNBvXOJo0
j5_hOcu34ps
j5m3iWJSpsY
j65d68sfQQU
j6LCMS8dbT0
j6Ufnu7wMIw
j6bg7BdYRWw
j6dtmJmrxrU
j6l318amO3k
j6sMXV9ykPc
j6scU6zKCmA
j73plSD1CKk
j7GCyD7wlSU
j7kZLfNtOtE
j8i18Wiaq7Q
j9FgS2yDRJ8
j9r3Z2sgCVk
j9t3CAKi7nk
j9uVBhQT0lw
jA2_OoR_hOo
jACzJfil6lc
jAG_IsAsQE8
jAWO7md2YLw
jAgqdgLrUu4
jAlNiwldda8
jB3tUPYzU3M
jBAlGrJVopI
jBrZ8kS-nro
jBtoLpGPS3I
jBvcWYMAiHA
jByKQnN-SDE
jCR4MnM4kkw
jCcMRSfUTMc
jCqg9g5sSTU
jCthCM2R_x0
jCweEG3TsZU
jDwNdyLG0Ls
jEHRzL1ETI4
jEtI8H-DAfI
jEuX5FhLHEs
jFSl9oCF-Yc
jG2xVqO-bEU
jGDhmh7mOFw
jGKbA4igucQ
jGTIPJpBbAM
jGkGXruI63E
jGoais1T3T4
jHZntWP6LNs
jHb2wHIa61U
jHgHv0sR0CI
jI1QDF8t8bs
jI5uEwA9Mxg
jI_V8T2Hkz8
jJ2atKuquqQ
jJSsLegggo0
jK0jAeZhrYs
jKOJcYxsOjI
jKbWfpHFjuM
jKo057Cm624
jL-NdI-aULA
jLgmjbHSKNc
jMNOYcpPMYE
jMTj__zwnAg
jMaQ6eWRpJ0
jMfDQGgE43c
jMxK1qffhGs
jN5syLvqw_M
jNcA0gSyZPw
jO5sr2vYwkM
jOQv6mLoVBQ
jOd6OhZHFeg
jOs3GQDHhyo
jP2J8mMM4qc
jPP9aZ-sNp0
jPXnoJ6DRGQ
jPluAXiIuaA
jPp3oEkWs-c
jQHmY1OQQPE
jQJCLag1zEE
jQ_uDnqpGjg
jQhIbLUSCks
jQoNpZogsYg
jQweJCREalA
jQzWiDSWPOg
jR9A8peU51E
jRJl0AtEeBM
jRcgbM54eLE
jS5UOZrcgcI
jSCWHzI92BY
jSYToD5oTSs
jTarz7egCMs
jTj_Vcv20dc
jTuFB_Ve4-M
jUAnWBRb1Z8
jUOVcuwV1YM
jVCDLoBAfgE
jVV4CFF9bCQ
jV_waXFQmcQ
jVaKtTaHW1o
jVkzGdEvfzQ
jVlnyf1dzvw
jWdR0Wtz9VE
jWpXpCUM0mU
jWyaneDG0tg
jX7y-fHgGsM
jX8Qgs5CZwE
jXGyj360I_Y
jXLJMV6jwu4
jXaShSTfnGM
jXnFOyHJMus
jXxciNPPYGQ
jYFzbh9owX4
jYNYr0QYsic
jYWX0vnpVDU
jYv6DrizFJk
jZ8Bo6mU6HQ
jZEhvvJQbxU
jZNlxLBS3lU
jZPwv7bSReE
jZvkXstuE3Y
j_2udCbq70E
j_3dOjVYSrU
j_Abya9HO64
j_Hkg2pXOBw
j_tf963phrE
jaKlHzKXTbE
jaVVlj9DZO0
jalIFCVCH-k
jamLltDmFJg
jasP-30m9Kg
jazuAFENNDw
jbAtkgQC7bI
jbEwqN54XC4
jbGngXWJv3s
jbMSaiBlkok
jbwbMhEwJnI
jc951CYbBXU
jcYokFKQ_mA
jcumE31t06o
jcyu6wUB7Qc
jd7x4uzRzT4
jdTgHIo-y8g
jd_tGPi-ANI
jeNdEslpBrQ
jeRQJuoHEws
jeVVXpVnLo4
jeXCAmwHRlM
jelc-YBWEME
jf5x4cTRbJs
jf6Ss56KTKY
jfFUQvRbpEs
jfPKfIADQf8
jfTvA7MoVvw
jg1TSTkW0lc
jgbSCbhh3QE
jgzm1c3DgUE
jhAdezyAnbI
jhfNtMN7P8A
jhflaoleggc
jiPOivgy10A
jibnx7_DVfk
jj8mWBdqclg
jjB0flDfFW8
jjBeAG23nuE
jjD5hy-w3O0
jjcKhatntBU
jk3KukcriS8
jk54JX0EHio
jk9w0HTG-hk
jl3xgayen1U
jlD0xTkMxlM
jlJlCPr_5xk
jlr4--gAkz0
jmUg3Vdv8WQ
jmylm0aEgCE
jnAEbIdsVuE
jnbw2nZKjfA
jnji7LYGi_w
jnqzlvat0L4
joEhIieQYJA
joFuCXhM_is
jodg2exsZe8
jpI66VQN6m8
jpc0i2zKwdM
jpru1cX8SA4
jq-mj0lqk1I
jq72I0ylU5c
jqb9pf4KOEY
jr4ZrUDYGfE
jriIkfKzxhk
js2yZePDorQ
jsStAqscWJ4
js_FKTzB3Js
jseLwEGNgUY
jsi0flXKBIA
jsu4tHqsIbU
jtS5IBzmlJc
jtbS5uUu8Yw
jtgDmHIXHUI
jtpn7XSq7-o
juOGRbj2G9c
juPbVtg1DoM
jufd-DB9enE
jv6uJXLIFf8
jvA8mh6QxzY
jvQAOLT-ITM
jva3r-SEdF4
jw4irkh2ozw
jw5bMcK7uq0
jw6NBWNlysY
jwL5mmTdR70
jwsrMoodHFI
jxXdQiiL1FI
jxfrIXZqWUQ
jxgYkupZM4Q
jxyKqvgtjjI
jxzwSK4U6vw
jy0ExYxTLHs
jyIQTLNpynM
jyW4XOWT3Vk
jycmDzcv3ZI
jynpUaFM0Zw
jyxLafdzXYs
jzC8Jkq3jqM
jzvg5Nx1tZw
k-EYeTQwpJM
k-IsWN4nTdk
k09BTd0uA_c
k0PqysxvCAc
k0vpUOaGDFw
k1Bws9XGrPw
k1eVBGnhUOk
k1p2Tp_MxIA
k225xM26uFI
k26B_MS9fqg
k28TRnPEu74
k2RwoCgPgwY
k2V1kHqZR7E
k3CEnmMM5M8
k4Rg76YzqOI
k4TkZdAlz2A
k4YgUM9K_0g
k4qSpNIK24o
k59fr0y0XTs
k5tcxKoiZTQ
k62aL0Rr7lg
k66kTv1kvi0
k6FBf5jVn8k
k6_TyOPvogk
k6eyWSdszjg
k6z2m074b30
k7WfE6j6FY0
k7YdJ7PxroI
k81yL0wdv1M
k86BuEvxaaw
k8TMeQ95UpQ
k8e80JRyYwA
k8oLsNRybwM
k99FniO0OKQ
k9XRRPK9Fsc
k9cOrJSN7J4
k9rCz8zug-E
k9rkw-kVUGw
k9tDNW-S45U
k9torjO3P1c
k9w8Mf6k-C0
kA2G-HHx2XA
kAYY5pUhlhA
kAspt2RLPnE
kB-5c5SsJ8w
kBAHQsN88-I
kBG9xQY9kxc
kBOaGf2M6yM
kBY__BUrMNA
kBihvve_cX4
kBkx6aFAec4
kBue8184VzY
kBz_Ucm413s
kC1KMmbRFuo
kC8fBvFE4Bo
kCV-a3FYkM8
kCWd1I0rgTA
kCYBGAtL3sM
kCb6HVxnPR0
kCfsvjyRNBI
kChGalQCwxg
kCpUshgS78Q
kDdrkiKLvT8
kDqC4iBO9kU
kDsvlEkIz8c
kE8QhEcfej8
kELzq6MJFRY
kEbQR297xao
kEgQwsnx0mM
kEpepREweY4
kF9qqdBdYUo
kFUd5QBL3nc
kFsXQMFxv1w
kG5Aiu2q37Y
kGYgMiz6ksg
kGsW0yd8qHo
kGxa71V7-WA
kH7M5UFGF1E
kHBfwg85g8A
kHU59ax4nXk
kHxcRCRQGV8
kHzyaA1vkU4
kIZ8LZGzDfs
kIm_Pu4Dm7k
kIxZ_LzRg-I
kJZd4WHs8rc
kJkFlSpABsk
kJtSbi2W8FU
kJwHU6um5uo
kK26s41YZxM
kK3Dvv803Bw
kK8hLMjVyXw
kKW43yxQJ14
kK_dcgZPwoU
kKevhPIh_c8
kKmsSfx5E3c
kL5zuqScImc
kL6HKy5SQII
kLicJ9rHo4c
kLksFALEQWQ
kMDam60SW9c
kMUKlVJSIGY
kNNxlV29rnY
kNRx0gx8CSI
kNkeTQOu8dc
kODnUAeUkhE
kOEubvR73fU
kOeD5hKD9K8
kOgMYgzUlBo
kOxptbjaA7U
kOy5VRMecV8
kPBp6UGCuJo
kPGZ2dL07Ng
kPN5GojbstE
kPd0UUAbnjc
kPeLOhg96No
kPf1QvNU3ts
kPjOjQB-8j4
kPzBL8R32jA
kQBvWG9YGHw
kQaT2ayGfbA
kQcKLJGuk8I
kRIvajmqhP8
kRyMWrLIpx0
kS2L4D1W5CQ
kSczAt2ZbTo
kT1u8M0s8C4
kT3abebn_Tw
kT8U1697c-A
kT99CrfHfAQ
kTdspkncqrw
kThSCo5fCLk
kTvQcAYfLgo
kTwJ7mnAzTE
kU10WMJ2oEo
kU40SEzOgMo
kUT055Ot98c
kUbpHgrUQe4
kUxCzcJhTT8
kVSyx5u4mAY
kVTnWC4868s
kVYIVR3oUM8
kVuaElmkcRU
kW0hrZ6IauY
kW4qhfDIqXs
kW96_agruqw
kWh8plsohsA
kWlYE_E2xC4
kWtn7NB2BKw
kXMEDAhtsxk
kXP0mDraWv8
kXZzKO509h0
kXkN3KVCSXE
kXp4_Vm66ek
kY3j0h9rp0I
kYOeeXlVWLE
kYParzXfKpQ
kYUfJcmOdMI
kYZPQY7b1oE
kZ9Pd32sX60
kZB7aFBOGg8
kZOJfOK-bV0
kZTSGcUXlx8
kZTy7gmHFmU
kZVkaTObqF0
kZZKIptv77M
kZyzBhzNiIw
k_0MlFW5xBQ
k_7he1YeAyU
k_7tWTb-t98
k_MJkq24bsY
k_bz0CWAh78
k_dNPbyjg2c
k_xj1_4Lp1s
kaNi8-0kFSI
kaW4FmdiuuA
kaXHYIeWnJc
kadasX8s2sE
kaiXR71zTaY
kbI2EOwoti4
kbPSt0D-g-s
kbSkLvx6Z9A
kbgfSPeyoj0
kcja7OTVZ8k
kcoerP0XEF8
kcu8JGxYSRc
kd7C9rOXw1U
kdKsZJXmohQ
kdPp__ZXYa8
kdWMRu7phqw
kdXE_PENHD4
kdaJGoIpIGM
kdve3ZT1K9U
kdwVFA_-G0o
ke2oThaZ9Iw
keD_1U1hj_A
keOcpdWOFMw
keuLzAVSqWU
kf-zPNZ0oBY
kf59J54oHR4
kfT-RR3pgJk
kf_rT_B7vbA
kfiQWT3efpE
kfxF2uTb2WM
kg7e9xQrycs
kgPAHpuhCE8
kglc0z1_Hbg
kh2J1MlvT1g
kh4Se7V72SA
khcYc_avGrE
kiC7bFf7fx4
kiIhXF1lcMQ
kie4XKA3XWQ
kim2ivs5owk
kj82M7Z4eV4
kjt9iAxoErI
kk5_2IU4SzI
kkjW-SMP0MM
kkvAViVJHiQ
klBeCn6ZQ_Y
klD1dSd1xIU
klHoRZQufyE
klMNYrryJeI
kllI_MwoTcU
klnoPXBchmo
kls8mSs7O4M
km3Deyr6JaY
km7Ory8h_CA
kmpISMk2gjs
kn-kuWIVeCE
kn7oUIXn_RE
knEiI_lXL6I
knMxMUFzG0E
knO3IKDxJXY
kngkJr9QYtk
knxWXX38Qlg
koML2cWBsus
koNFPfEQAbA
koOGKFLNIhI
kocc8KmPBDk
kop5oZfnvxc
kosif4xsGO0
kpJOrfZK0X0
kqNcmZu7Vq8
kqQ_eMasrbs
kqZvV70NhHc
kq_aczcPypU
kqs4kp-1Lw8
krErNNMnh9s
krKaiFwezWI
krXJm3PN8p8
krbOBPPmJTs
ks4ld7lx3EE
ksYg_hO61Q0
ksn51lBzbLQ
ksnsr7C7efE
kssjTOH5NY8
ktLoCiXZRcE
ktMxUVOppAA
ktljvjlD-kY
ktnx4Ighb44
kuBzGKeaSIg
kuWroKPR0sA
kv0tZv1PW4Y
kvEwxVxIWiU
kvFU42N4SUE
kvKcg_7cRzs
kvN4_a3UHZ0
kvVtun270Mg
kwNAYVgBX74
kwPaimiptiQ
kwTP7AcNOsA
kxY_7XHU7pI
kxqQWhbIKWc
kxsPRPCFtso
ky45CGSsliY
kyVHj97s7Yg
kzdSOm8GA7w
kzoeM57769E
kzwARTcWHzo
l-GcWrHF0ik
l-SWzZyVYGA
l0Nc0nC2Sbw
l0aSo5Nae7M
l0as1uftb08
l0lTsJy3cEs
l11uMW2Xb0E
l17ewmXS5Zw
l1IavqRekRo
l1RiYFE2CBk
l1SXt0zu21s
l1_Q-ljnPxg
l1fy9b5j55s
l213P1YmAHI
l2ASH0QuZDQ
l2tz9-vo3ZQ
l2wrf67_2cY
l2xCAcIcTkY
l3FRaTrHzEs
l3Z8aHvQwB0
l43vQj6u-nY
l48rhnwajPQ
l4lB6ZdiI90
l52tK5kClf4
l5GwrBFWlnY
l5UBprO58X8
l5eiepIDKjE
l5h3rmgiIe0
l5svEFsmIPc
l6HgCF_sQj0
l6Mo-f1JjxQ
l6j61rA5nM0
l6mzJP0z6Ko
l6nbqlRtJQo
l7Riv4dk364
l7_VCo5HBSY
l7doeqPXp3k
l7suXwaMzXE
l8TolCCf2xE
l8UblHa2G5E
l8Z0C5aqxCg
l8eE8nm6LIA
l8rDhLMyfI8
l8y-Br_TqiQ
l92cC_FeGf0
l92lQPtEedk
l9KxBlkcPvc
l9UOTQ1oomk
l9UhucEuR1I
l9y1S_asBkA
lAIvhGa5eiI
lAJr0pRuSZ8
lAQc_7G90LI
lAnHUHI6e_k
lAoR-VZWw_o
lB6KdvvEWZc
lBJ2RRXDWwY
lBVTBITag_U
lBVVv7LJrKw
lBfo3d6q2Ck
lBvirdeGhgE
lCBmdpuypB0
lCOwPg2OFvY
lCXb0leG_u8
lCYfcxAEaGA
lCkbTJBv-Gc
lDIzP0HhqQ8
lDR-RumHRyw
lDgEO7yVqRU
lE2kwf1vJJo
lE_djwP2I0w
lFHaW_HrgNE
lFKvYUP4p-o
lGNtzKf7XTE
lGU0YLLD0tg
lG_quoHSmJo
lGorhH0tDB0
lH609EFxD5w
lHDLWnWO7bc
lHSS8OUCiFM
lHfcxp9lv6M
lIUIG05Rlv4
lJwW6Qch12c
lK6EVgwnIRo
lK94dbEaJ7I
lKBJzoqOBX0
lKDYFBNyGRo
lKKu_QpJxoQ
lKRQVytZkyI
lKpXPRI62NI
lL7WRiNju-s
lLB5HHui0SA
lLRg14BJh34
lLTnO0qqSPU
lLhLJ9t_a44
lLiGahsaW0Q
lM-KfBo7n9g
lM-lmH_s1nY
lMK36HfIEKs
lMRxU0yt64w
lMV4NxlDcUY
lMVCNi2o6jY
lMhEszDqSRU
lMkeJGmnQow
lN0ocflETWg
lN166GyzN64
lN2ByfSIX04
lNLq_0LkTuY
lNrFD2TRDDg
lOS2D9B7qp0
lOSKjQTVxPA
lOo5BExelS8
lOuGqMfOpkY
lPnO9WRWrAc
lPy154SGE-Q
lQ416q50D6U
lQ6J7aK-xKA
lQTYSH9XEXw
lQYXsRlHhYI
lQhl88Wl_iI
lQia2oAE-j8
lQjdB3Y4gcQ
lQo0dihbiHQ
lQrTcAKmkuk
lR15TCWE3vw
lRAHv5muoBk
lRVsXFetsHg
lRcN43j1ofg
lSB4WilcA40
lSDmnjQ2Fkg
lSKUU3zupdY
lSNZs3J4tHY
lSczMwyg534
lSjx324k_T4
lT49qvs15Ns
lT6ib71QGzw
lTCQFBAkQjY
lTLgjJ7ADo8
lU6xO1mghLE
lUMEu3hduwo
lUZdRKHHLHA
lUn6IY8Ptms
lUqlPN3dHLU
lUrd_TcxuZE
lVDK_WODsmA
lVTo1gmqj3w
lVZLYGhhQHE
lVaxaFQYKLs
lVcr9WUIp9A
lVuLOaFtXqA
lVyyK-RE0gk
lW6t4dMf4Vs
lWE64PAsHO8
lWF_OKJxU6U
lWmHggFtxF0
lXCKqfJCLzc
lXFyl9MjEGU
lXRPd0TCtqE
lY2g8dU1bLk
lYAM7o0Yjms
lYGehzL3jD8
lYIj85BV5Y0
lYRNH6UdEpo
lYqC3T72T9g
lYz2bn3YQdA
lZNlGWG1ies
lZpD2B18dhg
l_-155EhHI4
l_2uxfkbYhQ
l_48CQVED6s
l_Pnt-iswIY
l_VNsyvVN38
l_W7bhiE7_U
la1cPvDnITQ
la_WUa14EPI
laeAI2N2Glk
lb5Wg32_fFc
lbxOi0uZiJQ
lbydC2u7s88
lc-UDpNRI4Y
lc1H1iOmF3M
lc6cKLLXpsw
lcG5hotKPb0
lcPc9rvqSFI
lcZahb-uCb4
lcbfKIGYEq8
ld5wJv7hESg
ldQeK5cPr6o
ldXMOywTCaU
ldaUqFa8_54
le2YY-XAWXQ
leFuG48nEXo
legrONr-0Ps
lerc2CT7Wrk
lf1n3nX38S0
lf_DWIpvdyQ
lfh6arPWNCY
lfijLkoSuGk
lfjRPmClDeA
lfrbs7DUi6Y
lgIwEzCjRA0
lggAG6Vxmd8
lgu7Lfs_Tak
lh0HqMKKEuk
lhLBGOx8hpE
lhLzMzyOVj0
lhrQJVb0QOU
liA143Wf1YQ
liC__QPDJuM
liXTvELcgNY
libH2lKyUr0
lir0r1_g1vo
lirdYXgvC3w
ljXznaRpv-U
ljgIcGIXey4
ljugzT2oOkE
lkFpkFDcEcA
llQD9ZW5nJM
llRsyASxv3g
llTxxAcaeaY
lloSZMka71g
lmCKjuqFAis
lmGPavv97ZY
lmuktVyXE7E
ln5er31g9ik
lnJyiarJMEY
lnKD_edIZWg
lo994MPi-pc
loD4oJvRwyc
loE506vSgUA
loNZV6gqx-I
loT-3oiyWZg
loYx36_fw9w
loqypXP33Ao
lp725AYXQBs
lp8FRPrAuRs
lpUlQ08j2zs
lqn5vcWDBS4
lrNACyxffIM
lrNilm8a5sE
lrQkgCcUtyo
lrXFIEAbgmg
ls2EtnG4VNQ
lsAV5aXvD-4
lsXLXR8q7Pw
ls_f4yFdBHg
lsgkAS_ihXs
lsho2IkNA9w
ltKd9yFcvCc
ltZgyVRDXyI
ltd30vUhnjQ
ltm2pG8CIKE
ltyTBFmRs_w
lubbd2o0_iY
luwxGGEJPo8
lv7UYGW44J0
lvO9wpOqLdw
lvdrVoepukI
lw25pVp9FDQ
lwCmhJ0wbek
lwRFqb46ZKM
lwa5iqVdZ70
lx6sTqTp7IU
lxCSfQtE_Tg
lxWgf5bZgzo
lxgfBuiYl1s
lxhJuUN8fGg
lxlDghJedEQ
ly6bSTV4upY
lyZA81J_Mx8
lya_zE1Js30
lycx6yszREM
lyjj7E-6FvM
lym9uropdn8
lympwmMt4gY
lyqGXGBY16w
lyrE4OrOtms
lyuaGqqqTBw
lzFcjHyIfKc
lzNpbe-BjjE
m-4688b35ug
m-LByQ_NNBY
m-aOIYIX7AU
m-lzkj8m4a8
m-uM2W8SX-s
m03UzG73WfU
m064WLlhzlc
m0_PsDzgG1M
m0oX1h4YmQg
m0tHMe34nPo
m15HuMggckQ
m1HW_sdClw4
m27Y6_2Y6Bc
m28VcKKlT7U
m3L390_cr1M
m3QPYZx5Zzk
m3UpJJ0E6AE
m3gws8rRU40
m3icwxJMqr8
m47-wRVDmTM
m4DI4TDKTKo
m4FTPxXHPjI
m4G4Eb1Oa30
m4KPLCpnmuY
m4LWsGe2aEM
m4N05xJerl0
m4WcNhNhBmU
m4dY-Aqkk5s
m4zlENKGL-U
m57hQ_lORMI
m62SCYyBnew
m6U_JuIc63o
m6b7sOPz4gY
m6jZ-KAEafQ
m70FHM2XumY
m7AkdhW55CA
m7f3AcsbRVc
m85BqByoMCg
m91DQAMLSx4
m92tRPPIOQk
m9JMclt6A9Q
m9Kx5OK5gpM
m9McdBHezCU
m9jUNdTljh8
mA21pDlU63Y
mAArnXR5-bg
mAOQwqrN7Wo
mAbkTRvhaiw
mAyz0HQTrU8
mBHCVoxloLo
mBO1OBohqrM
mBPNFdW2kUU
mB_m0MAYMZE
mBbGlz8h37g
mBcNdNDoaEQ
mBhwnFoDHj4
mBy3Qyfvd3k
mC3P-Ai-HtU
mCCaJ6TqeCs
mCCjk63OJXs
mCNIIVSLUVM
mCO0yd9FeT8
mCReqO-CRaA
mC_X2bhj6_o
mCbnlQGwsvY
mDd6Np5rZ5w
mDer_-0aibQ
mEcZImQPDfw
mFCNG-PLff8
mFIkFqr1mqs
mFUIcUH5NG4
mFurc7tv4Sw
mGMpL3yvjnk
mGmBV0T2EDo
mGrTP9lWRrM
mHxVYHHPd2o
mI0W7XtO4lA
mI2HS-JOHUs
mINL8ITtLik
mIPfA_XHfl0
mIUjCJaXIvE
mIl9KXoRtfg
mIuFtUX0frQ
mJPtu9TnyOA
mJR859OeBGk
mJSdigSNDdg
mJbnnjMaT6o
mJiDQUvA4Iw
mJqAUz-gH0A
mKEKc-U48HU
mKlhgq476xM
mLFlnfSCT9o
mLPoON04vv0
mLSJs5peles
mLlegOEVoOM
mLmvw5HTFGs
mLoIHEQQlQE
mM5iJrCYThc
mMGXiSJ-kwo
mMGe_IWQlPI
mMswnRMS8sQ
mNX1Gu4a6-E
mNmJL2ZN2VQ
mO3fXy4qhoY
mO45zDjBUKM
mORtChw11Tk
mP8GOgw3qxY
mPTbbRgrrYU
mPnACSuem5E
mQPxiafWOCg
mQRG4DbERgQ
mQqHuh0F0tA
mQvgdh9HY64
mQwCO0AE7ZA
mRoZwHFBPBM
mRvpzO1fB5w
mSJFfs8Hx80
mSJudLTU7ms
mSq6S5m4zXg
mSw_spqZLMY
mTFKFF7ridE
mTXYhT2rEkg
mTZSMc70SqQ
mTiaAinUxdo
mTngaKNPkVA
mTqEzuAf4Iw
mTsBT6EvxOI
mU3ccf7_QOs
mUDQnpdqplA
mUEnGbFFKAQ
mUFS0bK-mjo
mULF5mV8kQU
mUW6cijzQmM
mUxL8cVPvTY
mV53uyf0XhE
mVQpxot2RZI
mWEfFoDBIos
mWLgfDsJWMg
mWMmyo-Lir0
mWTF8b2Z_Nk
mWciYopqRq8
mWoicwvIYvQ
mWomj_RtBEM
mWqNvUmohlc
mXkIJGZHFls
mYAO5RytDHU
mYFxioF_XHY
mYIt18pBgY8
mYPlG23xwDg
mYe5eR4KXps
mYhvRvrPHuI
mYq_lZVvB4A
mYu_oky6UvI
mZ18cB4ctIg
mZBW1WL9Wys
mZVOOzBIW4c
mZa5Ie5dKHw
m_8AKREs65k
m_8n4_OL_84
m_OyVzoKq7I
m_SW1AwOznY
m_i6hBdDUCk
m_mO22-eTRw
ma00SVFFebk
maHgZpLe36c
macoPHdJwc8
makgcBvx5vc
maoLEJdDBmw
mbDnmagcvmQ
mc6wZOwzbo0
mc9zyX10Ynk
mcjrpDiiw3Q
mcsKmrw_fYQ
mct0pbsZInI
md8CGb0b2lM
mdHQTtGDHbI
mdQfiOs5FwA
mdfmtUyEiK8
mdmSiXNW1HY
meH2Jo5kq_o
mecxra7ZpNQ
meifYd2EEZ4
mepklISfcrA
meqIGF1yyXE
mfBApcu26lg
mfGS0fLoqZM
mf_Fv-qUVYY
mfeXWggDU4U
mfjt-UXPhhs
mg7E98rpLEs
mgCpRDSkpjM
mgMAF5dedFM
mgODYeRuutk
mgfDCTC18z4
mh1yOt8o5xM
mhUOdfuQZas
mhZtH66kR1w
mhivtxLEfc8
mhpiN3-v6yU
mi943JixvyE
miBZQmILHmw
miGNsfdXgXQ
miMx2gJxpBg
miZwe7Gu4SU
micWDE2We7w
mifPyQPygzE
migCGcth42c
milHoVx7pjY
minXLKmf_RY
mjBU28g-9_I
mjT7mmHWDPA
mjfCJeg4ftY
mkTkxppeW-U
mln1xlGJEv8
mlw0dFyMHSU
mm19YadwjXI
mmH10k0Ow-c
mmOc9QGdBb0
mmVFlDUTXY0
mmZgcZwVsgM
mmcs0LAohe8
mmjI5G1GsK4
mmjf7b6W38c
mmx60-ACHME
mmyz9EpsarA
mnllszKFsU0
mnxT1mLB1kQ
moBqUvFm0ug
moL9LSJcXj0
moT8QO_Sy28
mo_nJxtn1gQ
mocuunma_qo
moqmK5GwRaY
mp0-7YM4Lyo
mpYQJoymrU8
mpz58HwBz-c
mqDneiMNumY
mqFG8MSpHQ0
mqIhm3UMvY0
mqebjm_KdrI
mrJKeW3FXLc
mrgEG9UMkTM
mrr8ZEP6fj0
mrw9oW3OAmg
msfql-ZJ8Jo
msshjPPxsNs
mt0vq7sodCU
mt5wobAb6cE
mtKT_Ke-yhY
mtabkTxH_vE
muYiBgdFmvo
mvKxHkxxNcY
mvQc5DLv_BY
mvRUIfNOvTw
mvb7pQv3-tk
mw6bmj60h9I
mw9ucQO39zU
mwMuMDNEJcc
mwOMX2u0_-w
mwS0PeOKdac
mwhWGL62EF8
mwkvKi1NQoc
mwm7ki6Vruw
mwogpFRPhRc
mwufHqSYNyk
mwwDoe18poA
mxLmqTpBGsE
mxjhDKZDiP0
my3oPNSLyvA
myO7MOKahTQ
myWzD9QCif4
mynb9thSo0E
myog0MBkyog
mzQn0kBEke8
mzoo_SgcCCU
mzq4DT4HpWE
mzy31lIGZdM
n-FFYcHI514
n-WuAksSjlM
n-aB7cQH6jU
n0F-PpIRz8E
n0ghwjJoE04
n14G4ZqIb6E
n1Ym2welHgA
n1dLXh2mAvA
n2I-kdk4YQI
n2Lq04AVgqo
n2MJHBqlbRQ
n3LfEdj-8Eo
n3bDQQ5niiA
n3i2HxWzTX4
n3oIU27GF0Q
n3p-a51zyTQ
n3p42KSNC1A
n4KfT-33B4k
n4jlDdEcJAw
n4lZpaU_v7M
n5-nFqvTBxw
n5JXn6kt7UE
n6iG_5k0PQ0
n74w-bx4TLs
n7BM-QjdPis
n7ZXHrL5F_E
n7cMfAN8Wfc
n7eNQ652xsw
n84pgRWB0bE
n86iDXFA9Ow
n87to8Gj5Xg
n9VeetGwPL4
nA1Kx8d1zVw
nA8vPw1PqBA
nAAz8TKX0mU
nABT6qyMhEA
nACx00vwlWU
nAorDjXTNik
nAzeTzWBmFs
nB6EqQNbLng
nBIN-jQ8yZI
nBc3Tx6kkBE
nBivttaZEHY
nC6IXm6Pyro
nCk14tYdnS0
nCpPN1HD2Yo
nCstrMY-vec
nD9h5Ghl-DM
nDSxJcRJ8Dg
nDZcG1Lw99U
nDhF659lf1A
nECWwra6oCg
nF078btd-IU
nFO7a30_duk
nFTOm9fW0dY
nFYGPRmLEfk
nFdaHxcYHE8
nFujtgmbu0g
nG4-MEug2TM
nGE4Gbq7-HY
nHRTWZo7kJY
nHRqKoWk6oY
nHZ8lLksEYg
nHo5hS2RgJs
nI7XTLDlbSk
nIMX5Gg4FoU
nJ9RpT_yRyY
nJH0ofMhEHU
nJc7rz8MZx4
nLJo2BtgZh0
nLP2brZM6c8
nLZx23mjE0w
nLcZWouI4MU
nLgnPShnQ_Y
nLmXCAPfuJY
nMNc7wF_wlg
nMgsxB3rk3c
nMqFEzZfWSw
nMrAl7mXNbY
nN4hXqpgLh4
nNM_A11ua00
nNQvtwUVIlU
nNfdv7T3qAE
nNs4zk2isdg
nNuWB0ubzbc
nO4AEew1U70
nODtvDh5kcw
nOIPECnSZdc
nOJ7a2ZyRZU
nOJIreFyYhQ
nOXpOm2R184
nOvh5dbL9ro
nOxizHAoztE
nPH7U8WBSe8
nPn1qt3PX8c
nQGkNeH-hB0
nQIvl0KygqQ
nQRECI2vsRs
nQjreF_45h4
nQlWreVSoBE
nQuja6m4yVk
nRBWL4f7_68
nREoe_n-kLw
nRIddreTbgA
nRSOTknLXpo
nRi3fZejpLU
nS-zKTtxNMA
nS0ts5tJxrk
nS3l9Y560W4
nS7MSpNAYhE
nSMIS85zcOk
nSOZcU6TluU
nSaU0Rb5NBs
nSkIWthgruA
nSqwF78RNkI
nSy6t1-D59c
nTCBhmlQp48
nTLtL9lpqVg
nTZSIa9dInw
nTd4SyCC0eU
nTfIQ8IKNU4
nTrwK1ukQB8
nUAyARLNPS8
nUI51s93NJ0
nUJbvCERev4
nVpWOcAAyH4
nVvHKF-kuXo
nW9aWcZmN54
nWE-u949GfU
nWlMEmgBuD4
nX24s804VFU
nXErZJ1xG-Y
nXIupPhaR2o
nXe4QHuiCTI
nXocqldQDd4
nXqEf2shHno
nY03awsEQKY
nYEeK76wGvs
nYIbHDpgw2Y
nYPA9y9ungg
nYmfjCta8HA
nZBm_-FiLac
nZI-Sf-GEmA
nZZkWEwyLbw
nZchZ4qRprE
nZk350xbkzM
n_Bl7wsyOdI
naRX975yazI
nb-uLuR3pzk
nbGUdEz-B_Q
nbJXu81RJdw
nbL2IDBYMKo
nbVZQcLAHes
nboHOx4ByIQ
ncbGadTnq5I
nd7-ySrsYhI
ndH4sG4opR4
ndZmTSWvS50
neBF9wdCMKo
neCnZlXjVC8
neHB4Zv6L-s
nePibhk4EWg
nejmudwrpZI
nfMPkh1RCGE
nfTkgAFeYQY
nfkuNk5b7bc
nfwfB8bTcaU
ng-B-Ai0LYE
ngPDRfoQG48
nghxFzx3DUg
nh3qpA2bi9Q
nhGEj1ys1GM
nhH8jWjcz1c
nhNvbrzw3Ck
nha2A9kmv5o
ni4tQi3sBOA
niCoz7ofb0s
niQSvYxhhvI
niYgl9LdNPI
ni_rLR5jnmE
nidfDMOgXtw
niqTNnOgm7U
nitKvHh2jlg
njLFrEjZwoQ
njVYvkcLs_M
njpzvsPIcuE
nkDZTd9veeU
nkL3pqOjoOI
nkNDk-GJMjU
nkU0KK8OtpE
nkWQzSz4gfc
nl9BVs4u6Lo
nmXbzd0bncQ
nmcOrbVfNg4
nmupx4IZ9uY
nmxQ9Qr3zfo
nmyw1lO9E7I
nn1E-kQFbSU
nn6ZHQmOmGI
nn74JVWHcTM
nnCGzfA8QRE
nnRNLhGKRa0
nng-3VGVvzA
nnmkiyU3jD0
nnvB5UBWbJM
no1nKWE3t9o
noUgdQWtQWU
npEjp9lYlu0
npQ8JGicQG8
npm6j-yiH3g
nq8aflVs_6I
nqPVlLPE4-Q
nqQt-UbMWZY
nqSIYd0o1lU
nr-c9FOoTsE
nr9rD7wAg5o
nrIVRi3e59c
nrdCA6_35yA
nrtbBPIN74A
ns5XU9lFGX0
nsGs2BpQSdI
nsOHHcvT6Ss
nsQPMK5_ckA
nstcKM7st10
nt2KEM8P99U
ntYBvje-Eqg
nuPEjUWUBvw
nut6-x7WnZs
nv-Ec24C3GE
nv3U4fMUH_s
nv6nCxs3eHE
nvUbHf1ERM8
nvXBIgPXxOk
nvmd6gkz3EY
nvso35-4Ens
nw9uwWEojxo
nwGuL_ONar8
nwKbMPhuBhE
nwNXO_S1u-A
nxHd3_0Aybk
nxLbslqAZzU
nxdEIuRkHa4
nxriG3BQI44
nyCl36xh4Xw
nySisypTWfc
nyaqpQkWFvU
nycV2clLiao
nyhCoS_pIvk
nyw3PU8YNbw
nz-N_rIYy-8
nzjcd_zi8IA
nznpw_mPLdU
o-9b1IHtrfI
o-VycEz21Fo
o-kcrIHtybM
o08pRLIhliE
o0A-mkfJorE
o0F-O9JcY7M
o0PZ03JqNcw
o0xxRxisSJo
o11EMUS0vL0
o1H-8YPHaow
o1Hjuz-C3JY
o1LpZLgp0S0
o1Wsav8VUjk
o1_qxPlp-YQ
o1vNE1eBOOI
o24J-EYMPl8
o25tr3ZbXio
o2FQ9If6-iE
o2QTf2LIeYY
o2tNTd_VEMM
o2wZwacupjw
o32DB1krvaM
o3DHUEgqHUo
o3Ix3ImQcM4
o3MErukHfY8
o3g-Rg_S2HY
o3wfy92chCI
o3xWXEvk31o
o42aAw91ueE
o44Ma5ZjX28
o4q3_4LCVac
o50VXjMB_SA
o5Kid0wOYDc
o5PzZCnXJKw
o5aEuzV0VgM
o5bctOA0n5E
o5h_2ODDlzs
o5it6NuohbY
o5mSX_9Y0Y4
o6VtN0N34LI
o6_CuDUYXV4
o6psqYTyP74
o6qi0RFF7pQ
o71mq6jEq8c
o7AmvejzwIE
o7O1AiKGX6c
o7PGfnYe1QQ
o7XgIGv16q8
o81sFnw9Hzc
o8kO6dQdJXc
o8kQT_b-Gi8
o923bjrO5Nc
o9Le1b0-ODU
o9MjWKG9x_8
o9cK5hPRDF8
oA2VkIIJuvA
oA9g38UdX3A
oAILTdfs2_k
oAKoPqZ5l9g
oAYCzxTZdJQ
oAoIk9OGrJs
oAp9s8Oojgs
oBNtjnzHGQc
oBU1d8eTues
oBgHPHM8xno
oBmlFG0OFGg
oC-Cs7NaYB0
oC7zd0DMb_M
oCYSvPrPlRQ
oD28Dt2lR70
oDClaAqwaW8
oDiF_ChDe6w
oDxA01g7R_8
oE2s-v_SmL8
oETbDl6fTno
oFBOWDa-qWo
oFFkApi8Dkg
oFG7MXud-5M
oFMDXtgyfVY
oFScoaUCR2g
oGLjpkGzBfM
oGUE0QqxX1I
oG_Ea2lTpgs
oGbZor1iUL0
oGrpYn-qX1w
oGzvCsJfNXs
oH_jgYR-LN0
oHdnDwDIh4I
oHzt8qVQoec
oIRZ_x6NBNc
oIc93KIGBAI
oIj8B3XSCFQ
oJ6Q1N_809I
oJKYfmlCz4I
oJcMFx99V10
oJw--R5n33U
oKMYu7G5rW8
oKibI180p_A
oKjnP99_O_M
oKlraI-udkw
oKu3KEu9upU
oKvzdq2YgHw
oL0RbTMwlO0
oL14e-KqA30
oL2L5C4v7Ew
oLKVhc1058Q
oLYFK_D1vns
oLmXH06oaQo
oLnoh108Ps4
oLtkTgZSiXQ
oM9yzkhbn1I
oMXcyHlyeHA
oMaIggTIqzY
oMosQfdiAf8
oNBjga5nT4E
oNTksa1dHAM
oNU98B9-bx4
oNrXm2A1qko
oO95K8oY0GU
oOM-tXqIyP8
oOOvytUwaxE
oOkjA_XtByg
oOqC6-cnPQE
oOwAp9AvRFQ
oQ4hRxLANOY
oQ5qkRh83jQ
oQJP8AyllA8
oQJwLX3-xYA
oQe3VD42uVQ
oQeUTp0ztX0
oQnHUUH3lx4
oR9RuK6o2yU
oRE9-L5rSQ0
oRI_9OC6Amk
oRIvJ3byJqY
oRQfD4xjsfw
oRSljTyz36M
oRjdiZk9D-U
oRtWhj5Ao2Q
oSYPElZCH_8
oSYv1ZKtQRM
oSfj-cOKmfw
oTMzyZ0rWvA
oTevb47J7eM
oUDz92gwWFU
oUzV9Z5hv0Q
oV183TE-cSE
oV6LyQyzxoQ
oVC3WiY48Fg
oVJ7sTJTIpY
oW7TuN83Qac
oWDNQ4lY1FE
oWI057tgzdg
oWRC8zYGMxg
oWSr1IXyzCw
oWU7xOLVV-o
oWaVzHERG4Q
oWwNVpmKsXw
oXUj2T_yN0s
oXZpoRiKGb8
oXijPysNrw0
oYn2RHdzbDo
oZBO3h6frmY
oZLwNOpf-Sg
oZthKcjLAGI
o_5Pqk6PT44
o_KYAdwyO2U
o_b7cJvnHSI
o_fYFXv3Gy0
oaADMYsg6FI
oayGssh9_rk
obDrJKtrYNg
obJ5R2oqDc4
obUVg_GmbRw
oby0tupF2D0
oc2nCsLAlvA
oc7x40rwkkM
ocGUWSPeRT0
ocK5voiJ0Ws
ocVisysvgJY
ocWfzH2rOSc
od3FGLduGu0
od4KgFZwjgA
odQIMUb_YBs
odU_iCr-WD4
odUsGdQ88lM
odbkepSc6l8
odiV4baBcdo
odjwaHjDOPw
oeF2LrXDMfg
oea1TesaaXk
oecjVmHydMM
oehI1FvcvAI
oeik_T-_PdQ
oetEl8ark54
ofE-EAEzjxQ
ofFY0ODdhWc
ofRGlgWrsYw
ofY0QlWlma0
ofZcWfUmXfc
ogGfIcEW_F0
ogHEBey034E
ogRABwp3c1g
ogvQroDwajI
ogzMMdicN2A
oh6LPkuMyBk
oh6xe9sIFc8
ohe5f8LZZN4
oiJppFl4oSQ
oiZ2YH1bqiQ
oibMkKIPEZc
oiyevbeN4Xw
ojEC2ueJ4cQ
ojHNYCDXEeo
ojlw0Nzor2c
ok2cY8qj-L4
okAiS_7Z8C4
okMDTPZYcz8
ok_UrA4XnC8
ol7iK2rlMtY
olArwfiiGRc
olFV_ZZ5PBw
olSek-wIM4U
olzO6Lhgi8o
om2lG2LiXzg
omDpJcqdHRk
omEFl9c7KM4
omQnc6c1yZo
omTVWDqctBQ
onaE1n-XibA
onfi7pDsg-s
onqaVBOc298
onwr-YJXL_4
onyhGkW_nRM
oo3dJaV__-M
ooAG29PXcn8
ooN2xYDleEQ
oo_oWvJ48Xo
ood7dGUN0NQ
oolO1r1eRlk
op-BuCfP68E
opomM_ugjfs
oprfcI2qhSk
oq0WinKEXeI
oqKUNTgtUEk
or53lu5qiz8
or7tlls81EM
orJTuUu8XYE
orSinKUxhoo
osNNFiBYZGk
osOZ4BKKNBk
osQYCvAGX2A
oskVOUnnle0
osrghNTayFY
osw7a7XAm5A
otVCmD85kZQ
otw4XIdmvzY
otwD9cyi1n0
ou2vUAHLGp0
ouNlo-iEohc
oujo9r7GtHE
ov-6i7QBvVw
ov5YdjR8_Eg
ovhqPqjp7Tc
owGZJ4Bwy9U
owVjBB0hwtI
ox01b4lrgec
oxdWrl9XxY4
oxvavC2zg4o
oxwaXPJIOfg
oy5KVgL6M4A
oyAMSp_A-qk
oyJ_7ZiVz4Q
oyV1dhoREOA
p-HU4h1ipkc
p-JAxhCw3yY
p0Oyy8nKZiI
p0Pp7kI-HYg
p0v6TQEfbf4
p15pYeUl7XY
p17JvmEu9t0
p19zz3IseFs
p1HgXr-9BTM
p1IjRBE39xU
p1N4iqeBJn0
p1NBw18zUBE
p1plmMBSNTQ
p2NSgGb_8Pg
p2XpI5BHBWQ
p2YTJ6Lb5TE
p2_1fS42v4c
p2bO3xAWIi4
p34AfEv6B7g
p3JTozgyk6Y
p3WXjqTmEIc
p3c2NKjHnAU
p3nAFTGY5c8
p4cXSjjdsmk
p4cqo0gtb_0
p554GHjcpVI
p56cFo1AFdY
p5zQgir2Gs0
p6ZakLxqok4
p7Ii2uKuoDY
p7U4IIPsJH0
p7zIxGVSxjk
p8-pYpW6KvE
p8VBi_UVV34
p8lT8qJkppA
p96ITMrwjjw
p9BxAt4dkLs
p9Cdo9-XXBg
p9Ma-K1uQwQ
p9aFxEq85Kc
pA2qw7Rqp-M
pAQ_ICfGrCA
pAWRavpw45U
pAc6EjSw6f8
pAeWb5iQ4kw
pB5RaJ1X-JQ
pB7HKPFxAFo
pBjLI8HvVXc
pBrsFCsAjOs
pCKuJXY1tbo
pC_wOyMvdGo
pCiPWpB0OzE
pD76Fzv3-cY
pDgr0si4rUg
pDpoUzn7hNU
pE2XGC9Gbxk
pEInj5Iuss0
pEj0sG-EdFg
pEyWJ6iktXw
pF1TUBlZIQc
pFCAm32jBmY
pFFMxfbyOOM
pFnRCYAJvas
pFtg4h57IAQ
pGARqS1EGkY
pGCr1ycuQCg
pGYT-NxXCK0
pGvtQf7I-aU
pH2un-DE7Fk
pH4ko3nyGwY
pHbxXDA1W3g
pIeSTGncRZ0
pJ-Bg6BnP18
pJ-XzicsZS0
pJSc9l4AKzw
pJuXyG2Ctqk
pKD6mIV34uo
pKKY_LsBeQU
pKUgymQ0zNc
pKiWGHlXt1w
pKjdS9hAcFc
pKpNJUYEslU
pLIQB1VMHnQ
pLQrHp4CGiI
pLidP4A0G-A
pLl_doIA7pI
pLw_CF64h_c
pLx6zIpw0gQ
pMEC8EyRN4o
pMGTskjhVbw
pMyXgswEeZM
pNLlGODK4qY
pNyXrVQJGXM
pO4P38INDMI
pOLldmha_kU
pOMsZCbffuM
pONQ5A7jAoA
pOZ0Rfvp8fQ
pOgrMqrRqm4
pOunZe2ZUfc
pOyFqHKxygk
pP7hOX6_2Sc
pPFo-7wxyMs
pPeWo-xbrx8
pPusU9l6KTM
pPzlSCn6PIA
pQ1IR_l1NFA
pQWBaJh8yLE
pQXQexv264g
pRyhwtUUPNU
pS2U2YDE-1U
pS4_fnYEcVI
pSabzMv8aQs
pSe76kJk-sA
pT-CpTXaRNg
pT01chdsgV8
pTV0ZHCVvQo
pUQhdHw8tY8
pUyubXkFXW8
pV0Hkdj3RaY
pVBzFKJAEL8
pVGakamSCXA
pVHcDdNhsmQ
pVQhTQ1PrOU
pVuLqlmG5sk
pW37d5fpyOM
pWGOQPoehSg
pWHcC2QJE9I
pWHzpEDcyyw
pWpDAj7Hax0
pX7kkosMIwg
pYT6Z3x0iBY
pYmvKDP53Fo
pYnR3Y98ga4
pYvJ_sGIyII
pZ1GGL16msI
pZlplXppJ_8
p_13xsEXZHk
p_8teIsgb4E
p_GrZL2cGE4
p_InTu5thMQ
p_OR1jMkJ2k
pa0siwB0G48
paDcGt0_Pdk
paJluKdGW5o
pavtWGLwhU8
pbrzazVnGYs
pbvCydxXhsE
pcC_K6OgmVQ
pd6UrZxBBLE
pdL9-ChXW00
pdSy3VsbFbk
pdx4JPEcODw
pe8ZCzCvNFI
peKLITuslkE
pedAUxGmLz8
pexlKFVbj9Q
pez7BGxQm7A
pf7COaPa7jM
pfJ8YtYLWBU
pfNVB7Qqv4k
pfPrTk8DCgk
pfR7UH-gJIM
pfZZE2kZEPI
pfpd0ub_yKs
pg5AHyceVsc
pgD3eK7CWYw
pgl-6nisk5s
pglnKjf5Juc
pgs7ryEhl4A
pgtOPQVKlIM
ph-SzrJhtBw
phDKy9pTmew
phzvM59swMw
pi0Y3kaRpRE
pi6C-wg5cLg
pi92hJjqOPU
piQsQ67PjqA
piSGjkeBgvY
piTBLKio054
piX2mVJHzc8
piiuv79g808
pjU-qtarFaI
pjWfU-_TolU
pjYglXdPOZk
pjexqKrVzgs
pjlW4CRYFL8
pke_ZYjF5us
plIx11MsS7A
plTAydG71QQ
plTMXHrLDz0
plbqjdy_gmA
pljHpjVJreg
pmYE7-080Xs
pnEBjPFS7vg
pnKzBdezrtI
pncffAeCWdw
pneImiFukpY
pnpPfypB8RA
pnrLV5CByQA
po6sxkiFgvA
poCP2E1nrDE
pofkwvP1F6s
pozuGcAm54k
pp1sXeop5dw
pp9w3GJQm_g
ppQVdgy5Tu8
ppVtMbvm3B4
ppaQ_PjtfWg
ppoHKzzzWQU
pq-qFDjRv0k
pqQhntMPQSo
pqqls37EZQQ
prDdHXctiF8
prX0mnrH9HQ
prmGpdGRl1M
prum3uBLud4
psAi2To9Sbk
psFSyEVkreE
psYJIaso3Yg
psfo4XhUQ8M
psgcz2npxfw
psnbJqrwy04
ptZkK_dA6I0
ptZv7Kd0qvQ
puMCWj7G1Yg
puSyZSjYBEA
puaamiZYCE0
pub0rjoOTWY
punaBpwG8S8
punvJml1QdI
pv4iPSnc20s
pv8F3BlkT3k
pvk8YKFkJrc
pvxGF1q0T8k
pw6jIt8U0yE
pw8B-uqlMPc
pwATOUzcWyM
pwvWtkZly-c
px-AIOqYPvc
pxCjYuPZy3o
pxFA7pYpCC4
pxeMvFGyuO4
pxwR2KjWfCY
pyCiRPkiCn0
pyE6Nvj2s1g
pySPhg8P-yQ
pyTaZbwWEJw
pyiPWkp657I
pzPM-wWXcb4
pzaew4dh9Rw
pzmSj3WyS4o
q0ZgOAYdWYE
q0r-4Mepjxc
q0xSCZ4A93k
q1qF6MQON5I
q22KhYI_1B8
q2BzzTaJhE4
q2CqDyoXqBs
q2ymmshoONs
q34QNU_WlnQ
q34tzV5XXsA
q3OVkAdS9NQ
q3SEP_2OoUk
q3t4rmqscqU
q3vxLZKeF3o
q46PsNtkRQ4
q4L726WUMso
q4YHXP5l8Pc
q4YryZIkioM
q4zCTHIobDQ
q5GXb_wgwuw
q5fC6jqVq5Y
q5qDi9Pq5ME
q6hn-I3RfoE
q6seTjdTdXc
q6uCprDNnXw
q6yzlSznokU
q7XsYor2fbg
q7aWnNEpCq4
q8BmxTXINvg
q8Q4krO1uIE
q8QUQG3n3_c
q8cz_E4-gBo
q8z5e3OJIwo
q9-Pg278qCQ
q9ZxDqeNnPg
q9_miuBmONI
q9m_Jry0pCE
qA-uWftz6Ss
qA9ZgmNGJp0
qAlG5Q-3MRs
qBL8kBGQ_74
qBOW-MBVgS4
qBWz2Bgpsj8
qC1YKSyDbbE
qCBD1bP7VUA
qCbsHVtvQFw
qD3fZZJlIOw
qDT2F1xKo0g
qD_rGaHmw1o
qDmpu_ynkQ4
qEC-rcIwOCw
qEL-FH6ENLA
qEU-MnEHHGs
qEXy-ZgT73o
qEeU34ywF5s
qEpof0sT504
qFD3BPP1oyY
qFflPVesViM
qFmf56MS2bk
qGPGD-zL4qM
qGVIJ9NBGq4
qH2uLnsoC8o
qH651jhlGNE
qHeVLXhlqC0
qHm5hrL1ylU
qHse1csbB3o
qHwy8u_anOk
qI_s2O94Fqs
qIzmmZggkW4
qJDjJs5EAiU
qJTqNsK-k1I
qJdWqo8SZ8s
qJfuqCn1kCY
qJlh0NMqV_M
qK1q_ZIIbn4
qK6n8fGC6uM
qKEaERjpAMY
qKnnS9qcjh4
qKuMFlVu5-Y
qLKYzYnDVG0
qLfaAsR0tM4
qLfkj-9RB0o
qLu7lf5V8tA
qM9JEEbq3J8
qMB4lEinBW0
qMDAScLoTGY
qMN6SC39jFE
qMNuNFvqTu0
qNZcKkFpTpU
qNlWtd5UeQ8
qNtcLU2vfHA
qNwSQ6h-AqE
qOPj7IH-sYs
qOSLKn-oEuY
qOxDjYzba8o
qPDyX08hw7I
qPKZT1uhp2o
qPQCManYHKI
qPcredZPVWQ
qPoCMrZLd3k
qQ0-fwVdMWg
qQJVowq4eAs
qQKQUQgC5W0
qQv4lK8dEiM
qR4JbWx9nc8
qR8FxOIpHWo
qRRUSajthag
qRgHDPT8cFE
qShgqHh0Ew8
qSlypKdgawk
qSqF4mOH754
qStnQYK17pI
qT3BHCGKekk
qTDpiUdxd04
qTLU3fIpLtM
qURuXyoQAV0
qUaPGlNKaSU
qV8WXh5LJjk
qVle1TZ2TDg
qVtXu9gU9A4
qW9bdh3bn3k
qWGFbXP5VsQ
qWZ3F87E4M8
qWcDH9rI6uY
qX8Ji-WP55Q
qXCcSMZIkXs
qXeb_7snHhw
qXjnDSp4kH8
qY3CU58SDiw
qY3SnjUsn6c
qYaIhe9Ldak
qYdNa7X9Gck
qYfdrbNxB5o
qYxuzgcxj8M
qZEmXWqyc1w
qZxGQenvPtc
q_4YMg4E0kk
q_H3oasRQTM
q_Jld0y_OXY
q_fl0IbJhDM
qa4EfCCnRvA
qaCjyNtCiOs
qavzFHhspzs
qcHWGa9UZMk
qcb7Jlvw2uQ
qcqH8w4MzPQ
qcwC_KRPObY
qcwRip7lkDs
qd0rawcCEWs
qdjRPYc501k
qdw4vF-B15w
qdwLFgP23Pc
qeLGg14Fw-A
qerG9VJpJIk
qetB_M3oL2M
qewMQCO7Eoc
qf0Tf2MOUIc
qfSBD0OLR0w
qfYB2-0QIog
qfb3xY5g_p4
qfrejhvoZMM
qfzYzCZmvY4
qg4X_zFrXnE
qgH-5Ad7aB4
qgLQZpOCNEM
qhBIaFirg6Y
qhQZwaRBsNg
qhWG2-xt8lU
qhb1GUH3zio
qhfM-xD3twI
qhi2RN2r0UE
qhilYJ8VuhQ
qi4FViLvwKs
qiBOE3dTHVg
qiKeJ3XlxIk
qj8_JOVcD6E
qjSv0bscReU
qjlvMH-cptw
qjmMkN_i6AE
qjou8Glcq6c
qkIn_dCbU_o
qkNc2yp8QUk
qkg_3Z10eWA
qkmBfekXqnc
qlDCud67Els
qlmbufygSQo
qlrQIKL3nPg
qm03UT-m9tc
qma5tQU36lc
qmjQC3FIwfY
qnFNYXxU_JE
qnO78QHBE94
qnSTUnZh2u4
qnZk6dadLFY
qo59w0yxZ_I
qo6hcOUuOgQ
qoGW5sjZAdU
qoKWf2qdYds
qoRvqsYuylU
qodP5mygVCY
qoj4FujafK8
qotoHUiHdIM
qp2S7znpBJ0
qp7Q6CfMa3Y
qp7uQKnw1Eo
qpnBGGEARMs
qq4ix2RdPnE
qqFfV6jgXd4
qqWywqBc0kU
qqa9vzktvjU
qrDIRNljHWs
qrXfqu8WjaE
qrngQokJbd0
qsP0wOSOQZI
qsRyTO73k_M
qsUEVTNcHbw
qschgLjrrdw
qsfr3Yz1tx8
qt1cj4IwVQg
qtJRo5gded8
qtziBeEIl5c
qu4WLTTBJEg
quqsrioYZVA
quv0LUUUzkY
qvOS6pLlIOM
qvSvHxa8VHY
qvfOdNSmA0k
qvnATVVwimw
qw8vomRr4UE
qwUB5-gVSFg
qwb2d3uxAIg
qya08F89Tes
qyiL3Kp4kZk
qyxasbg-Lv0
r-pbscEX3Ag
r04zYKrWp5E
r0FiiEEfqFs
r189jDYwNtc
r1MNGe6cXZs
r1oqc4F7Xwg
r2F3iyk9AmA
r2bbou2br5w
r2ujN5dy5yo
r2w5a3m_0Og
r3yAjsJ-FpY
r3ylzDXtgAs
r4A86r-39oU
r4to2OcxkKM
r4xWoTzslvc
r5YB82A-d2A
r5mdhMAU4NU
r5tZa9TsPd8
r5vavPNam20
r62XPaLk1FI
r6f4tOfaW_s
r6tCSl_YeaI
r719W6YcflU
r7Btbt6ZCts
r8GXilrltMg
r8PFgAmwNao
r8leruDCSoQ
r8o2HzImQ98
r99nOK9hcdw
r9MVkfdwT8s
r9x5gnHCf1s
r9yG5nBdE1w
r9z0T-Ct9c4
rA4UNAZAWqk
rBGygQIGo_c
rBSguGHnA6o
rBh0cMsBHls
rBvTn5wzPvc
rBxOBHY_-ls
rCN3TW72h0w
rD-l6nSknuk
rD9j54P40-0
rDDsPnH5HFQ
rDFdxyBsXQE
rDe1ylC27HI
rEPLebRkq1k
rEgAR_Ovi4M
rF0ffa8wCOU
rFBViqSqIew
rGL2vahVovI
rGtAdA6SuHE
rH7onmbTehc
rHKfP9i4Wjc
rHMhkHDYF1s
rHniTzgkzwE
rHs1EslaVFo
rI5Et-kGI6w
rI6A1DZjBZw
rIWih29rBOo
rJ1aRjoHyPU
rJXbQrqdawY
rJq0EGI4Nak
rKD2aR0qnx8
rKsO-tmhXpk
rKt1EXVA-_M
rKxR50A0GPY
rLsQf6RPmP4
rLvPYS11ebA
rME4RST4U7s
rMp405-M5c0
rMzrmaXEWmA
rN8cmeBgBL8
rNY8B-0a7m0
rN_D_3PtC-0
rN_wRbYHnxw
rNdpL3pizd8
rO0CAwLGYOc
rOFyvkQRbn4
rOkzkOVc84s
rOmBgO9fNPc
rOtk6mwhzBM
rOv22XNcQCM
rPisaEy8LyU
rPm9-wTq4Xs
rQa--Q2tWp0
rQiaxQNMHjU
rR30EAVBHrY
rRPs9HR8g2A
rRU694koPeE
rRm6ghdKgQQ
rSNsnwXSi48
rSUZV4XWXto
rSrZMULvq7s
rSzfiNAnlw8
rTNMImMI6js
rTZzZVWqxRU
rTtCQab8kK0
rTxDwbzVjus
rTyWDM8VHAc
rUFUrdAvq98
rUq6Cf6dytM
rUwMTqpq3P4
rVP03bayU-0
rVSqgEBg5qM
rVXWrNFYnpU
rVlx2bZmrUs
rVxmIIAdqE0
rW6H3sW6gVE
rWEv2h-JG4k
rWLm8dbQTeY
rWShfyNaa_U
rX-Cd0dYrXs
rXBdVY7YcJ8
rXYpWf-lbIo
rXbeQl2032g
rXpZSNLozGc
rYNBzuiWUxw
rZ-vGdK29K4
rZ20smXyQNE
rZ27Lavi6ys
rZP-XVlzBno
rZRnl4-EYLA
r_Zg7L6fnYw
r_e0pNgxBgs
racwa3wC-rc
rbeq7_vtIFM
rbntlyw2-40
rbxs-5IJWx8
rc6dHL_jWqw
rc6g9fci8Ec
rc7_a-VfAfE
rcggsUi21lA
rcu1clujVFI
rcxM6cY5yYI
rcyP_b435TQ
rd4wYlo0r0A
rdFujqYbNKg
rdKn3H_evVk
rdT-ZC3gRDg
rdlniV7wYwc
rdxb6QA1BPo
re4bFbtoEw4
re8nA-Aa02g
reDG9qEHtuc
reOetJMdcuA
ree1ZP-Paoo
remPgcG4wDE
rf-ZTs0oKe0
rfO4zsJVGC4
rfbMelK1l90
rfbOfhWd5O8
rfgHIbLVMcw
rg3yXxC1Epo
rgGju9989yI
rgKWBs_q2bI
rgevJksPz00
rhVXKRfUqu0
rhZJu08WI3o
riqoZig8gLM
rjMtCwWLsdM
rjuZqMVTnNE
rk8OqAHOFTA
rko_NfTfheg
rkqVzeYcnkY
rl31fDIS6Gk
rl58GKdZeZQ
rl9mVzOgJi0
rlDjd_ARJJs
rlHIDAymHyY
rlL7Sxv4_M4
rlNbEWG0vQI
rlvxAJy9TIw
rmPUI49RgiQ
rmiAmhpriEQ
rmqFil4gWTo
rn7bIIo_5Go
rnuE3b0HTFU
ro-gNu7h3WU
ro1Jk7BRAxs
roZrXOdrhqU
rpC2Pqp2sOw
rqAZwA_8SrU
rqQzOyWMU0E
rqoO8G_H3Zw
rqqv0bCj_KY
rqrNX7qCJ8g
rr0Z1TIRKUo
rr6qgse5CZw
rr9yqnND24o
rrO-iS_FgFM
rrQ_PY75XIc
rrWHyNaBHus
rrlO2phFT2o
rsXh-jwPals
rsmYN7JeL0o
rtFBs94DM-Q
rtOU_ysFsCI
rtcTRab18RM
rtt3y2KzDpk
ru1s3e9_Bww
ru4nAKKYjko
ruhkz-WFMDI
ruyvwb3skdY
rv4QmE84dgE
rvYzxKzGdR4
rvhLkDtHjjU
rvyBPB29yPM
rwSSHbBgnmQ
rwZN-N06xr4
rwlimY1o-Hk
rwqr9rsP3EQ
rwtUp_vWE-w
rx2h3F9ziz0
rx52nPxUXyM
rx6TP_HfpZ8
ryBaxwbxneI
ryXkNkHJfD0
rz7DXA2YtAo
rzWmxJitNCs
rzgTZRYcXAs
rzhOBu9Pm58
rzrDCqldB88
s-0mv8Nwn6w
s-B0_qndy9Q
s-Y7btuoIos
s-bXdj5Gar0
s-obUVcn8-E
s049LTl_V1g
s06vMzGvABE
s0M56Bj1KD8
s0V2-pyBWiM
s0hj-P2K4k8
s0qxaODoG0M
s0u9AI4T3lE
s0xKp0Ih9DE
s12Vwy6mnB4
s1CngLPiUvw
s1ZIaAf4eo4
s1k8uUWskLQ
s2-luD0muEY
s22LkR9nK2s
s2C5AK9uXt4
s2GhlGu1W_A
s2M97tJDHuA
s2PfeiPctbU
s2glQDAzMyc
s3STJJsTp9M
s3Wt4DTwBzs
s3hhwCqSG20
s3ufKdoVax4
s44m5on-RUk
s49NHG580vo
s4Qb3v7XTmw
s4bgC0MvuBw
s4e7MpHo-9w
s50K4K-e6JQ
s5BKGSMWrKs
s5futvq7zpQ
s67F5QhLyUY
s6DqKTIGKuc
s6IdU3lCD-g
s6ZFgSRlqHs
s6rYlKPpYAg
s7QJKVhPaGg
s7nPrv155WY
s7t5QPWnS1g
s88tL21bvI8
s8Z47aJGtlY
s8dgQBjGS4I
s8s-e4K3aNI
s98Lny9g_Z4
s9D1U08BgLs
s9HRQbFY5DQ
s9Q_Mp1gDZ8
s9tIKM3p84s
sAEt-lEFxCQ
sAMUW0Rhg6U
sANCNFTQgr0
sAlCLfAf0sI
sAngiqEPkXo
sB9anqh7dmQ
sBmFoBOAtn8
sBmLeEMSY-Q
sBp1vDpwPng
sCi6mt0boOQ
sD3IjeNKfmg
sD8wGGrROmc
sDHwbk6A-Vo
sDS5o9F9PjE
sDWSRm9F_BM
sEEdQLGkQig
sEILuO5ZaVE
sEY28f--x7g
sF0OV2yFr5Q
sF7rbj0CizM
sFDylSJzAoA
sFFXuvd9bGo
sFV12vYg2wk
sG2vYIVPPnI
sG5ogNFzOvo
sG8JQ95cZ5U
sGr03RjZrgc
sH33angO_eA
sH3alTC63JQ
sHmVPRZMCJ4
sHnh4LfzvWo
sHsXD2oMxgc
sHtkc0qOrss
sIzSjGU94fQ
sJ2lfWIsBvw
sJJPcYhbYfQ
sJL41ox0b1A
sJoZ9aMgk4U
sJpsyNtJzyk
sJugEq1_Qtg
sKCqTiXSgHY
sKH_oc8oYXM
sKSv3963_rs
sKfw7lH0HaY
sKt9Tbzc0LI
sKtjT42_SP4
sLD4MhAURnM
sLQ2i0Gc-4A
sLW-5CAO1ZE
sM8XZ6-Tad4
sM_xmL_K-Dw
sOT5XFjLHdg
sOUylt5qB1w
sOiOXEJMM24
sOkO8usukI8
sPCVMOEF_qs
sPFuKi4NJ_8
sPY4ar9AZ14
sPhp16PagLY
sPi2fFHTbHA
sPnAWx8NCiw
sQZtx7FJxGw
sQo_s0-Usnc
sR9gTJr687g
sRC8Pimsx0A
sRg0ETbBV-o
sRhHsQGWJ_w
sRvWPvpSFIk
sRwSw5khoKc
sS3wmpcqh_s
sSNRXoaYSUw
sSUOJUIgHCE
sSWlyb36Gk8
sSpyG6Wxdss
sT8FltrJM3Y
sTPoTQobKcY
sThDJTnB6Rs
sTlq6TR33Sc
sU94gLikAqU
sUIHPVWm2a0
sUSG5MO9Oac
sV8AW8oe_YQ
sVBAptSoqCg
sVWWRP8keYw
sVb0XrHblLU
sVn2gZIjKd4
sVsHKurHPZo
sVvL1vLTHQQ
sVz81sxl3l8
sW537lToVfU
sW9ESsPVYDo
sWfT9LKrtjo
sWsX8wJkOfU
sWt7kvLh8ag
sWywpPQpAOE
sXFmVnWxBAE
sXOteJ78xe0
sXQibGrVb8A
sXdUVz416IA
sXelerwVfj4
sXnCouA3I5o
sXv2k7knEiY
sY4FurDIB0Q
sY9X9pFjA14
sYNP_42jtag
sYPbkQvXL30
sZ1VhtIr6zo
sZNhyAQIExc
sZQ7JP5iCsI
sZRKfbjbTjw
sZUMweUZP1M
sZZi5NSGAqE
sZmAptTaeMw
s_3U3p47JbI
s_G9F-mhOVQ
s_WkXELLiHw
s_bqmDfouD0
s_hWQQdhNPM
s_k78JKEhWM
s_kKWjtWVyA
s_ngEEbayTw
s_oUwJSVuEk
s_yRMiPinOQ
sa3QILbR6fQ
sa6MJM2RJoo
saRp3R6pTZE
saU-V_ZkduM
saqlmMgzXHE
saw8yADT_LY
sc0J43Cjb08
scMFGE3-z9A
scUOJe9AQzQ
sd4eAkkRW2U
sdZsFQCnnf4
sdltyX3tn6k
sdpC_eW5SIY
seE4dc6Tq2Q
sePv0U7lHes
sefz3A3wtL8
sf6qsCWH1dA
sf83STVDYLY
sfDG5I9E0H8
sfETnp1zUQ8
sfZGSltgIhY
sfitvgmEbuM
sfukaYkIbpc
sfvXjja0SSY
sg0pyw9MsyY
sgH66TddI6g
sgUKTPZ0_HY
sg_kqvKNEg8
sh7J6v302IQ
shPGwv8uXaQ
shWuePN6v8c
shiUiWdIwdw
shlIUIi2NGM
sidaodZ-pCk
sihUusd6mZs
sjBTFIP_xmM
sjVGjq4x8GY
skJQ87xcFd8
skjYXjwSC9g
sklyloD5DL0
skqz7Cfk9as
sks-JYpsFz4
sl8ebyrChoU
slPmcYT42bs
sm5D343Xo_4
smKlzYTSqS4
smNG4vG-wmg
smYJl_Y191w
snG4PSVDKv0
snhqe3HJZhY
snyI60gBQ80
so0OrZn_gec
so2a8wzbnVk
soQBwaRDvSQ
soTFIz3Z6OI
soUci28so2E
soZWr1p3NUw
souC1JUTtmA
sp53Y0_HGxQ
spVEYrPXycw
sqG_VZR5-ig
sqIlK2cTLvM
sqLr4it1nAA
sqbClBs87HQ
sqhIgXz5Jkg
sqnVAcWMgHs
sqov4vL62p8
sqrqjFSOguk
srjb2EF_wcM
ssJd3vU2Y-M
ssKw4TDJqc8
sscAzvA1E9o
ssdUUH3JJqc
ssf4jiuWmeY
sshcdwXXcBo
st55N-e4x68
stVIo718_nc
stb8NkAEgg8
stdS2efk5xo
stsZ4H3hUPM
stu610SStvU
stwzGKYZsys
suFsDJAUJpE
suPteuQ_aFM
suXiYWmhhaQ
sucbcm-KDbE
suigumBmfTo
svLFo3hs57M
svM_xVkjuOo
svbpDwMaNX0
sw2cGC5xX5c
sw7K1UwXaJY
swDPK68bIJA
swDQfmoJ1EQ
swLbc-BD_Z4
swX6O86firs
swYbXdHXy_k
swpjI0_7Rhc
sx5CWOpHIgg
sxHRzBy8kIk
sxTOnB0PuP4
sxca1fEeZoc
sxsGmTZzYNI
syBBuMGWZXA
syTQVEB4Qp0
sy_x5RK1v7g
sybBWB4zGI4
syv1Jq4UGJc
sz7NVmiWlkQ
szGovKhg2DA
szZIAjLsEms
szeR8ShoBA0
szlZ0wyS7Yg
szmI6otbPuk
szp0Jjax6CA
t-6Nd4RfS7I
t-EaO8ZwEYE
t0OfdaCl4vU
t0RDgQHHKxY
t0cPXK-Iy6I
t0gKXj5_KUE
t1QUy0nuRBo
t1TQe--B7qM
t1coz3FMcUA
t1hTmdy1fe8
t23mvfNy8PM
t29uJUIHChY
t2SQAv7hk2k
t31pF20SBOU
t34fatL0H-E
t3DT1oFYyFY
t3_34bRZwPQ
t3q0C8grFA8
t3vd7yK7d1w
t463AOyJ3QU
t46dn1CqpNQ
t49e8BLflkA
t4La9Mi7s54
t4V1uPoiPXo
t4VxqYVIFP0
t4WKGHUdojY
t4XjKcqdx1Q
t5ddNu05QSA
t5hpq_SgmGM
t5nkmCjcv0A
t60fgzZiBVk
t6HgYmdi7yU
t6MuPdcPnrE
t6RsBMPYieU
t6U-OhJd7cY
t6zk9-rs35Q
t7CuyFIZnIg
t7F_0Zpo7jI
t7FhNGGhALg
t7SSNe5lvq0
t7xboMk2vtw
t8SV09PVCrE
t8jrcrUX9qE
t8pdK4RsMb8
t9eFoYdHt6g
t9v9b9hB83U
t9ytx-20Cbk
tA7j8VSgU6o
tA9VIrAsEH8
tAQC_Pz5z30
tAS-6coomAY
tAhHyttR2bM
tAmdAgILR7w
tAo4kIBAEyM
tArKYTbqksA
tArSzJiw4po
tB-pHWtteu8
tB4KITxsR7c
tBGMrKEbWKU
tBKN2_L6nVA
tBNhaCiAt1k
tBZDPeu1VcQ
tBiCm_38ft4
tBramX7Wb-s
tCO3IXJVv24
tCdbMpjFUpM
tCgLXzwFHGg
tCrjlKL4NNw
tCyU5BnWUS0
tDqEugLiMpE
tEANo_mqGRM
tEAv2VvbJjI
tEFdI_HwraM
tEVCj2glaXQ
tEnC8F3S4OM
tEtEsJt2zXQ
tF1-r5l0lXo
tFf6eRZNirA
tG7xeWl1VGA
tGuArEYmu08
tHHKgaCumEI
tHgfb5efSaM
tHhvF19aXi8
tHjVLU85VEg
tHvPGXOvUbo
tIr_uynLttI
tKJDK6mS1r8
tKNCDoG0cwA
tKOhCI6kzZw
tKcxsHgAb9Q
tKeQu749RqE
tKgKYphy3k8
tKu4iSsrxI0
tL2EJ7IYLDw
tL3CoMRlTGs
tLALrz9KAN4
tLXZnTlxKag
tLec0C6DGk4
tMynrSsa82g
tNFafVHgBks
tNfSUM_hTTo
tNntsIgEamI
tO1Pb95OeZU
tOPrTynPqNY
tOSg1EFIeAo
tOdADP0AQhA
tP0hyUBejtw
tPIVUXIFLpk
tPMuymRk89U
tPYyiEcyhZ4
tPgaMyG3-L8
tQ2A8xv2w3w
tQ5mQl4vnVk
tQSblfhPkYg
tQmicmjSgxI
tQr8StKYCic
tRelMLuweLo
tS-vKw1igEs
tSDx4akfeV8
tSV7c4sZKEQ
tT-ePdqlOb8
tT9KJ8ySR8k
tTigX2gZPaQ
tTlzRa8gtgg
tTnlcgomhNQ
tU4dxUK3HP4
tU6ki4p8GL4
tUG7-3Uu2Kc
tUZDpuOLUl4
tV_gmJFnpiQ
tVr4wG-usy8
tVtJMtv9HGs
tW0LolDV2tI
tW3OEqR-ZwU
tWKVoNeSIzU
tWPKWIXHxjM
tWYS6f4Tc9w
tW_ZFNPxKI0
tWlIoLBm7gs
tWqOsfCvSIU
tXJoCflehQE
tY34Vu0iqRY
tYNt-NfzPvk
tYyK2dkRqRY
tZ3D0k1Bid4
tZA3qnHLJds
tZOJon1h0UI
tZ_4AQPjxx0
tZp8rrMRku4
tZvGQKcQzWE
t_PVyX6KbCE
t_QBTrOz6N4
t_WFLcgMz3w
t_WVgDo_KFc
ta6nhxuytY8
taDDYfHGyM8
taEg7zjvHqo
taO067JNGjY
taPmGKlI88o
tajTwDqWUKU
tbo8QX3ZLhY
tbrfHRCKO2E
tc-Nsn9Cd6c
tc1ACDF6irA
tcEB3ivrcjg
tcMgXxAVLkc
tcs1tOYloA4
td301wK2oV8
tdRGpoIKW8I
tdljmrU-bd8
tdnSWiJQIOk
te0GDeeVl-Y
teD_FiuDKNs
tefixnCyh1Q
tezUCs5uXDE
tfd17eZtcNI
tfjw5IEDnRE
tfuq7asWtNY
tgTfj8y0aO8
tgUgP6Y7zkA
tgWkE8FQpWs
tggSQ5PcBMA
tgrP4oPlbJk
th3fDehGDSE
thH5M2uQ9dw
th_BN9iM2kY
thegvn1PaQ8
ti8VPHgbW9g
tinjsYJwIG8
tjVusybxPAk
tk5K4pRgY-s
tk76Sk3MNuU
tk7TlUdt00Q
tkSxNer3gGk
tkpZDQTjlIA
tmP62sF24jc
tnC06nh8i1I
tnOKCPafSis
toWoNmlZqyw
tojDjMS4_g0
tp9ANewxUsQ
tpi7cSUHOac
tq5tTQiNmEI
tqUatg3rCvg
tqad-bHLark
tqyFExiTsCs
trFhmV-VQ6k
trH0_jsbmYM
trQvm1WC1n0
tr_U6Y4w8Xw
tramVPTFhFA
trbFzHGjQ7w
trsy1XYE5Fc
ts458D_nYOE
ts6aoHsnr5M
tss_Xjx9sTc
tsyV879tDG4
tt8P5RO-Ckg
ttpG10tzmks
tu2LcQP0koE
tuEoTDyCK7g
tuM7Qrt_B-M
tv7LStNatRk
tv7ZSc-Yg-U
tvAMgMZ0QTU
tvPSwiaRwjw
tvqnes6GvCs
tvsWc6CrQkI
tw4ye3_UENg
tw91wmxVaJ0
txKRf8fjz34
txr4zrU0-Y8
txww-5EUcVw
ty-SRNuY7dk
ty1vMu1kdX4
ty5ZbjCkJuU
tyCYnZK_Pdg
tyKxw4G7t4w
tyMQx908xaE
tyW-eTD0F54
tys0xcyagyc
tzELRfqHCT4
tzMRcS-I_b4
tzRNbicVXMo
tzXjKutm4JU
tzlOLEjegAY
tzmRhffvpDI
u-KtXnwiHBs
u-QjG-E7wGk
u-TnVwDaafA
u-ecnyVvm08
u-f2iUzdBnQ
u-h4KZtZfk8
u-rGhLkQBQs
u04aTFJm_EY
u0bmkziyuCk
u1LZ5fwcjbE
u1MUmvRwB8w
u1U3AzKvXEs
u1WsuezhPNQ
u1ZFA45hbP4
u2-xYk_zri8
u25Ga6Qdnhc
u2mR5liazAc
u2zeMktgxUY
u3_bSYnvZcA
u3usYVXr6zk
u4A3k0a_kag
u4Qx8fenu14
u4oQtXJnMFo
u53qE_edjfA
u55DGYAMW0g
u5hMebgw9ec
u5hjUtByuv4
u5qq9puMcQQ
u6DkrRwhtlM
u6Unu0S5U2Y
u6bKTYQjZDk
u7Lx52x1TQA
u7XgqTj4jl4
u7ah_RGlJqA
u7l1uf1abnk
u7tyr161c5o
u8CCP0O19uI
u8FMwqyZhTU
u8Xip0AY8ME
u8_3AQyRrBE
u8qs52aoPPE
u8vhJ-VhohI
u9MgRkQ9dow
u9N0UnuaVOI
u9bl7kz3U28
u9rsu325UJc
uAVSnF-_ZJ8
uBWcNgqr4Ic
uBehoEQ9J6w
uBiPNgUyA-4
uBtB7muV0sU
uCEPXqBaNlU
uCJc_qgyVYY
uCSWUu3nizI
uCUL4VBXdfA
uCi3Efq_4Vg
uCj4RSWUzQA
uCm_dGuTOTo
uCsFSRycqpY
uDSFBbCf2lE
uE-2sQfPHNA
uEDjcYGM90g
uEG88CWF0Nw
uEWmOmrPJS8
uEnBU6LN7Nw
uF9Wz2tcJZI
uFULtK2w8Qg
uFvTEm4mcPI
uGStxQXmzM4
uGekODu7ypA
uGnExqJMNu4
uH5lJnueYAU
uHTN3vtUNAc
uHWV9NDe4GI
uHoIrRV5J4A
uHob5LdEDvI
uHvQ-nEqQEw
uIFp0poeqUQ
uI_TVgpmZcM
uIdWRycukD4
uIspo4dkONg
uJ78zEPJm78
uJbiikBoB4w
uJoEV6RPOeA
uK-8uKG0bFw
uK04kxpOkzU
uK90DdvP2Yc
uKJaCt0SNNo
uKLA0xERO6k
uLGbL0FkvkA
uLSGBfTUEZ0
uLpUxUMa7hU
uLqpRvhCELA
uM0b6lNMfhM
uM9pjuEQut0
uMJs92LRwdQ
uMRNsyjDgqc
uMzVxa3fgvc
uNOOb1Dx05I
uNTLOsJ8Ss8
uOAmGa4ryro
uOGK_1anLWc
uOghtFwqRBU
uOtXFXw3IYg
uOyVA6Gs_Cc
uOz4ywincZg
uOzjwOqjpJI
uPzUZ_Anw6k
uQCGiOdCav0
uQIwnIP8qa8
uRKxgVnDVCM
uRTGPtr4Ifw
uRsbKrFOe48
uRt_UATbnJM
uS1FI0SrdHs
uSB2rJIu4Ys
uSe67hAMUv0
uSeFCO75jsE
uSp7NH46pRg
uSuyoP-lR7o
uSvjkDPXZDk
uT2Vseme9VY
uTC3xaq_PCE
uTN9LzQDDW8
uTelhfhPf7A
uU5NNMIYYYY
uUh-ELCPKR0
uUn8obklVcs
uUpv211i064
uV4EQ56g3yU
uVAaDbAm12k
uVekPlhDjuo
uVhlVF4D1dQ
uVkeWNbfswc
uVzZocNXHsI
uW0N9oZPmgA
uWK6Q6BKG5M
uWXzjwZaH1E
uWer1-CShSU
uWl-ioASJFo
uXPrzASeoNA
uXPx70ZqUU8
uXcxzsDnOsk
uXyCT92kTO0
uYLWZ7pWdvo
uYeMb8lHR-w
uYqIGx5l1TE
uYwO9u6gvBQ
uZV0OXuyyls
uZfI9Y1X9uM
u_Y0ACpA-6s
u_bqFBbvHhs
u_fD1Jm7JjQ
u_s52sy8ZQE
uad76CfdXck
uakD1CD4400
uav5nRQDVIk
uaywY6fA4Q4
ub3AgX2Oym4
ub6AZ1pvzb8
ubXx4pXS1LU
ubbUSFCaDX0
ucMKOkIpINU
uceZ2Ibeo9g
ucltHoeXQ6o
ucrLu19ELUc
ud-cYMuV8KE
ud1A-MKKTQs
ud5X5827orE
ud8GHQynwPY
udLewKmILeE
ue2YSuYzg8E
ue6I2T7WXes
ueQ8rRjPFtg
ueZraXlBxLw
uf9PxOB5gA4
ufTZzv5KTKw
ufX5ED-TCv8
ufxc5JrHzuY
ugIjvCQX5GA
ugZf3yv-W7k
ug_KHxTVDUI
uggGQQ5vc3I
uhDKn71LFUU
uhLm3OrgYgY
uhOyOhIEyI0
uhi9zzuovBs
uhp41r57ZvU
uhrV2b-0vYc
uiBqrauV3VQ
uigq35GB6us
uizh1-1xrfA
uj85TUot2S0
ujFQuP9_sYk
ujN5Tx7U6Cs
ujpAcYC_F-o
uk0YkhlEohA
uk0bhZS7CN8
uk3VMZkgl2c
ukBhaxB4qRg
ukKi0rziJAI
ukNMDkdDCeY
ul0nYo8LzO8
ul5QTQcneFw
ul7G21aW83k
ulCLKidTfew
ulX89O5de5E
ulcEPPdTSNM
ulm5DK9hu5Y
ulu6pPXpEBE
ulusp24faOg
ulxZtxoAmts
umCNxLT6Nww
umdewQ_RMZo
unMm7buvpAM
unYiPys4LjQ
ungFPYmQsGs
uo-QwsaSPHU
uoDaHmT2m0Q
uoHsIe0ga_o
uoLAxK26qig
uoZjeKaEyx8
uopfMfNTdvw
up47puRdvLA
upXPdQrR1DA
up_SZVZ5l0k
upnDtMGF5RI
uqIRK3xaTLg
uqLq-aU2PTo
uqN_19pii7w
uqWRxUDLhRI
urO8LhU7yKw
urOsBNkb5nU
urPrg_qAMEk
usEKGiVRQek
usdBpOW9EQc
usu7Xi-Ffi0
utpcWsbcv9k
uttqGjhx9vU
uu83HI-mHvo
uuGz509dSVo
uuhdtBoyAzM
uuugiUyN1ks
uv19CjY6JvE
uvJiTd5s160
uv_wacxAtCA
uwCeAHNvKaM
uwLT-gvBZj8
uwS6_qk_Qxo
uwUOfglYJHs
uw_Nw4BFfSc
uwcnbbTA-a0
uwhwKQ66h9M
uwprGVHC_BQ
uwrnVl_lIz0
uxQfDv257Xg
uyNUXapcndY
uydknS5dsaQ
uz8gOPv39lY
uztaHILXcSc
v-JidXjnFnA
v-SlqNHabFM
v-l-RCnfBP0
v0T1q6cWlI0
v0xy8sVtZFQ
v11R_kBrM2Q
v1KxZWsnJrg
v1NqBxKeas8
v1WBAW-vO4c
v1ZGR-QNPow
v1aFOOZKDQ8
v1eb4Sn0sRc
v1gL4WY7Aso
v1ytBVyKmgE
v22W6FM9gOg
v25G_SGdZ70
v2WS6gl3jwo
v2WrO-Ggy4w
v2b7ovKlSp4
v31AnUHk5o0
v31rJc7pr68
v3Wd63_BZHQ
v4ND_iajDys
v4lGm5TTkzM
v4trNK0QPLI
v59jCSjTmyw
v5aplyquvzs
v5oCe8upnzA
v5yCdT0OvV8
v5yW32Y5AcM
v6Lk9aHkq8Q
v6aSNJGkfXE
v6uKDr9d0VA
v7Afo_T5-BA
v7GXxKVIG_k
v7N2Dznz_LI
v7tpUgQOBZQ
v8R-pbAXlK0
v8gTOoleU-g
v8loY3iwNW8
v8rMVlFeI_g
v8suzpyeW-A
v9-1oucz_ek
v9J__sJBETw
v9QxYwpY0Qw
v9aZiHpBXPQ
vA3V6uf0kGM
vAqVL5gEb5Q
vBKkiIQPPQs
vBWn9FT6v4w
vCPHnJcfng8
vCm2ESXGiAo
vDGq6wsYv-I
vDTWuPAhw5k
vD_FIio5uhk
vDjFBEaGuus
vE9c6OJReGk
vEu5meHfOeY
vFLRetRwNOQ
vFhHGabTNNM
vGD8I6df8GM
vGQ83goMI9A
vGVCp5P83U4
vGpYLFbSA1U
vGr0oDG6PtE
vHReomhskjc
vHdgYhYXTKc
vI97Po5-MqM
vIP-X1Y4_Xc
vIZ1opaOgnU
vIyqkirsVYg
vJ1OYpyGmvU
vJP2u0df6BQ
vKAWkfsKx9Q
vKmQttMLxMM
vKpotjkXo8E
vKwoBZEBJDw
vLIAkiCYvSA
vLUbCi-9dq0
vLhXPi9cXh8
vM-OvHZUAKw
vM0xNjGkfgQ
vMY5Cnjz1Do
vMaP7a8iEAE
vMsC3KRO40Y
vNVw-itIzeo
vNqZuHq-Opg
vNt2B867sQ8
vOcX1g-aUV4
vOn4uqAETSY
vPAdoXbCNfs
vPOXeWazIP4
vQFO1ybgnIQ
vQaJfTeHsBM
vQzR7JpjKW8
vR1VsnyOPFI
vRGUeRXQMO4
vRRLjsfOU1Q
vRxS9UYHD8I
vRytoLRjo2Y
vS7o6V9Vh-I
vSA76_GviLE
vSChTNmsego
vSGFgcdw0kE
vSvNP-WLoKk
vSza_zI0qy8
vTBIhF1YUkM
vTMkR13sHK8
vTmhijw6goQ
vU8XjU4viF0
vUBdDviXi1U
vUClI6Ooo80
vUKNJV9MKA4
vUY5FaQB8ag
vUm31hMNSus
vV28_IpBtlI
vVF8YutYTyM
vVIglLWM3-s
vVKhmtMOpvo
vVb_gtwYXPw
vVbwEgQVhIw
vVscqhgl9Mg
vW2IRmVmICE
vW76U9ya3AU
vXGWedFjNvU
vXHGdR-mOoQ
vXwdOq9z3Mw
vYUtQGExNDE
vYd-WIZlLIM
vYs9el9x2Ck
vYuE6q8OGIw
vZ8XZ4-X3Xs
vZUdXK2SH34
vZiCRhcfaZM
v_9g1D4xxB0
v_V3plclk-k
vaUDvUAqBkY
vaoqBdjUzBo
vbKG03MV3Z4
vc03vXKJq8k
vcelrQD1RJg
vcjW2QpLU-4
vddEckydGVc
vdhkItVF-4E
vdibqTNJPd0
ve3wt4DDdQo
ve7wLrGCUv0
veazNZQwj8g
vehwRBbjfbs
vfEcpN3A2r0
vg-Zyaa267M
vgNMFqQae5k
vgwQkVVVEuo
vhOodYG5KFU
vhU8dPfttbk
vhbpRv7Lg3Y
vhyPZrokZ8E
vi3yfTCn_8c
viBQXGwocWc
viFYia6B8Wc
viTVSBAOoas
vieBO7BsZM8
viiiosVFSzw
vijpHmhVnHI
vim7erlATNE
vj4c1cvvuCc
vj89UnPxI_A
vjInr7T3nNU
vjdwDdxV4mA
vjhBhEj9V-Y
vjqkfpAe47g
vk9Uj-6dja8
vkKRM9veAjY
vkZcr24cMo8
vkzNb8Wa29c
vlGKbGFDzkE
vlNpwJgUUoc
vlgEbONq708
vmXe2c0PgfA
vmes6ATHjAc
vmmxSLbnNpM
vn3GLpm6f1E
vn4fzsRR6cg
vnHSLoXuFew
vngype9OQfQ
voDGwH4yp74
voNRPNrrdvg
voT1OyGE3VY
vo_ptzVsCpY
vok7dMstrvM
vokP2Jwwlgk
votyYhlOWnQ
vozOggb44bw
vqbdzbBHWFU
vqqIp1BxH98
vr17G2KcLs8
vrBNGTaCz2Y
vrLlYXJQVWg
vrQEwaP7jj8
vrqfeHdw1gA
vs07STf7fXg
vsfZAowKPx8
vtVpxH3wFKM
vtWAUyV50vY
vtbYYfp3Sl0
vtjYsc5z9fw
vu3vSjoWJS8
vu9onpTg5pg
vuboX40nAD8
vvJEButsgbs
vvKPbJtb8zQ
vvWuxpOJyOY
vvZZCuu9LWQ
vvcAHH3hy5Q
vvob-VatInc
vvxdS_H5XQE
vw5-rVwNUjA
vwZk_Z4o_6Q
vw_1H2bnuBs
vwf8AGXRwjU
vwjtgyLavhU
vwpnh4Z6vvA
vx35hGnQqAY
vxMrMeOWhBU
vxYpPUpqjYo
vyQT7Bdyd_Q
vyQfJ-jRlyA
vz4PD4xVmh4
vzCs3t-WOSM
vzLod1F2K0s
vzTuuCE8Jog
w--TSCzZuwI
w-EBvN-hSUc
w-L8GbXU8Fo
w-Tik6qyzIc
w-Zm3Hm81sI
w-bMaTGWSHo
w06WabV-MY8
w0hDqV7rl0o
w1cZrb__gR0
w1f8PwiHbIk
w2Il8QHII3U
w2KEA4PaZ30
w2NTeEX0jtI
w2aW0ZW6UJs
w3J2YfvTyTY
w3K66pEBlug
w3NvKr0_vqs
w3OwoVEqhmA
w3RdxyBWbzk
w3zodpMwfs8
w452LhZlbVk
w4EUgHnZ1cQ
w4IecbdHCuo
w4N35dA6kqM
w4O9e3c44cg
w4QdGoxQYtY
w4koukXd_jw
w4pwpzQZ_kg
w4sylV0AFqA
w5AOgRXgfCc
w5aIEsbgp3I
w5oKd1-5wrA
w5r45XmOUnk
w64DVLg-l5s
w6mEPkURtTY
w6oiPnU_2Rg
w79UfSKntXw
w7Rmw55y5co
w7v1H6m1IAY
w8Nc3yKj6r0
w8OVYh0L9xo
w8_KrigF0wI
w8ioVJWG_2Q
w8wU55hyjUs
w98UMZ4P22k
w9D22ihOilY
w9Edtw4IUSs
w9eqvvrJ3iM
w9xZ2BFDNE8
w9y-1bH27WE
wA2Y1pq7Ybo
wACfbHJ2crs
wAE6MkEt8Gc
wAh5YQuU2vI
wAwp9QiMjg4
wBi4On2n214
wBzPBKmc3Yk
wCXrPBnaHCA
wCY1sXIibkw
wCdh5RKREvQ
wCvcSuJD-2o
wCwAxGGmjfM
wD0JGnxagOo
wD0bZePRXUI
wD5plkxCCZ4
wD69Vghh-z4
wDB4vgXn22s
wDIS0llJeqY
wDKKIYHnfZQ
wDOViNGu3dk
wDOXSAVhgPk
wDebCYDzLn0
wDjRYhC4KfM
wDkN_SiJPsc
wDz3UrlqJdI
wEEMrJ3m6TU
wEEnchuYmX0
wEJJEg4D5T4
wEVenr7jyFk
wEwZ1wERy0g
wF0PIZ2Z4C0
wFKgnN1COA4
wFZzu3R5vBs
wFjg22JcAEs
wFsc0mvbBDQ
wG8VpkcLwR0
wG_fPQDU7X4
wGjCZlv6vcQ
wGoc2KdYvGU
wGwp2RRD2xk
wH61DbbNmkU
wHE55NmZCRU
wHGqP1iTUFk
wHIrL0qIM4w
wIUp7gD3dlw
wIhrMa5qFwI
wIm2FnB0aS8
wJ9fujhfU9o
wJRD_MLARWA
wJxwza9FdPk
wK4_PdlrOOY
wKSezBpphBk
wKfa6C3ynyM
wLDQjsc9Fwg
wLYOnATQFeM
wLj84DVIF1g
wM6uduI70Rg
wMBG8QHXCMs
wMgzt3_QUHk
wMopBv1A0uI
wNnx8LcnEfM
wNswQgy4trk
wNwbK_EuPiE
wO2tMJRtsc8
wO9MNrSTg20
wOE4QgLRQzI
wOluEhfLMos
wP13KpPwdr0
wPI6ra-MPrM
wPQ-3jhcGkg
wPSeQ6txHNY
wPbQXSMCNHA
wPcUlLvrzSo
wPh1SeL8Wxo
wPkYu3psUxI
wQHzICisvVY
wQJ-rE9zRrs
wQdrEZJbOyg
wR9Amf0I6ro
wRBgdhvSl3w
wRMRP5ZjJaw
wRiKNVMjRQ8
wRwWN3xtHCg
wS-4p0OH1Cc
wS180qM-4sk
wS5TbcPKLkw
wSKQCmHnFGQ
wSS44b-hkHc
wSd5NjdoIGg
wSdQVXiGiZE
wSwS_Q9FeDM
wSz3ka9Y7bg
wTHQhcf37LQ
wUQQVcthy1I
wUpHJo-pgeU
wUziUaJ4QMA
wV12fvohA1U
wV1SxtxtcMo
wV8JyqOs6c0
wVUQrkGA-xQ
wVYiUE8eByM
wVvnrH6FPlM
wVwviIPr8Xo
wW9fUwK59W8
wWEcwrh4JJ4
wWtVVz81RcI
wXVGoTUqLgk
wXeZR5RwcKU
wXiUoGnoYXU
wXidCrS2IoQ
wY-35Ha9A48
wYEUlCuYGaE
wYWn0CK1MJA
wYZp1-JXkWk
wYiCoNYQGs4
wZYKHpQ1R1g
wZraJ0ScJBU
wZztiDUr5_4
w_4ZQylVv70
w_NJqBz7nrU
w_NRlL2oLHo
w_XtZYDcVXA
w_bMVg4Q2Wo
waR6cXYYULM
waSbLHtjUFM
waWoBYEeaWg
wauTRZ2OEYY
wb2b6tRrwho
wb4SkD3Jq4U
wbNkicsm1GU
wbvtX_lfv68
wcFZ-z8eLQM
wcS_b7BDMh0
wcYbW_CzS2M
wcZ8f3bg0OE
wctF5hlMf8Y
wd-6w2tiUGE
wd7bTiGt0dE
wdJFl-cjvAQ
wdekVmtvbxY
wdqlB_qBdxk
we8_K9pqLhs
weL21yGSOQk
weplxk0Xglk
wf8_XbhOF8s
wfBmobnY2p8
wfdH4HChRJw
wfrC2LJU8Nk
wgMsNP7F3I4
wgT5pAUhJmo
wg_f9ujv7kU
wgi6u14EBIM
whCACi6sLuQ
whF8ufO6tHk
wheS3VlCSd4
wiDLBhjR5GI
wiltkKE6pq0
wj0MRbLQeLM
wj6-d9e8g1o
wjFhzrXZ9iE
wjNMCphGQ1c
wjOtpLKk0Sk
wjRrWyS9RC0
wjWHbcWth-E
wjsb3Cs3pmE
wjuiGMglaZA
wk4pfoFsA-U
wk7WIZliCHc
wkEdMx6QoaM
wkFVXut_CFU
wkQehlvjpB0
wl3YNls0pAw
wl8RX9ZFEi0
wl_WhJgXE2E
wlpRMYH8bs8
wlqxXDO4Iv8
wm-eLH01vNs
wm3EKCBliqw
wmG7gkVT1Js
wmUAsaT4gnA
wmkXvyHBa4E
wmoSs1WjLyo
wn04BnTS_VQ
wnhenqt1iL4
wo4daGifOt4
wo7qLGCWy4k
woJUvxDtxf8
wp3eL7GDbJk
wpIA5foL14k
wpJTHpbPZs4
wpJdbUQmBFs
wpTdPWJm_DI
wpYbuUKUrmQ
wpfoWWO5fy0
wpj5p1DyJKE
wqO8XZs5s2M
wqjyyM0gdXg
wqmMokjvs18
wqvJUdYnnpU
wr1jOSqY5fQ
wrJh89luYCU
wrN1fcLVr04
wrNVYmy_3Tk
wrPOgdeMFWA
wrQjnFEn-Jc
wrUoJvlmlw8
wrf3NQ6d9p0
wry_7GGfEk4
ws9QaFVrXic
wsYQ_LhpLF0
wsk7rYvGq2A
wssxmFtEp4g
wtCqD67L3xc
wtRXo0TVi6s
wtS9uPdkP1s
wtjOBTV9oMk
wtl6o5adWpE
wtlpQ-_m3tw
wtoAlc7Owxs
wtrd_tbQD98
wu9pMvdH3ew
wuR7BCMR868
wuy3xXmCK6Q
wvIFetePhVA
wvMti9ZcONA
wvNkwl8m_5w
wvSZB-daQIc
wvW-kHiO2mQ
wvhybThNay8
wvyt0Y2k9sQ
ww-QJvKoS8E
wwCQwZesgnU
wwKCyeviURI
wwzYjS2s9Yo
wxApagDg480
wxGx4ZINLUc
wxViYgl9VU4
wxWi6qKHdPA
wxunmwNci6I
wxztd1diKIA
wyV2bHVmTjE
wyVIskZxZ3M
wyhL9wcKMmg
wylQrSFYzns
wyyhf_gDZUw
wz2993LuMWI
wz5Hyzc35kQ
wz9OzKbidyY
wzUn048vsYk
wzYHpGJxp3U
wzpZozzTyMU
x-0g-8uZE2w
x-34wUz0bmI
x-AqOAjMKyQ
x-KKAZxRmJM
x-_2TFGhido
x-fLeWirD7A
x-rS9RXlKRE
x03nJ2m93K0
x0CcL1ADzlY
x0nzC8JdoB8
x1IPlccyNdU
x2D77L4gX18
x2QwIXpbQjU
x2nHBzrUUm0
x30aWgr2vnw
x3BB1q_U9Vw
x3BHu5KG9FI
x3Op6kzr0qE
x42F15LLhno
x4LiNVccYTg
x4Yy__wM2Us
x4jHHQnpcTs
x5CFaF262dE
x5LxUnpCbIQ
x5LylWLaCL0
x5rKo4CBtdo
x5sTiaJR8-A
x6XD3g7ar_E
x6Yw4Z35b20
x7bxFsQNZtA
x7sfPbkS03s
x7upM2yxhjE
x8LenZjp1WI
x8dxkagc5DU
x8u_fn52La0
x8vrHHN5K_s
x9AidvY4yXU
x9CFMXGFQr8
x9zCd1AfYFo
x9zy9_tdeRA
xAG3541f7TQ
xAvMG8sRJzo
xAyyrlXWUCs
xBl3G-Ggtm8
xC7pJUTfVVo
xCCgaZlap7s
xCIivqKt8ec
xCNuABTA9qE
xCwoSqT1s90
xD1rcN7EiRs
xDDMAws3C44
xDM_zitH4bg
xDUX0CVVQ64
xDm6LdaBIUM
xDqXbwpA8Wc
xDxr-B4KDEg
xEL0HW8FNh8
xEZS2M2q0B4
xEgW81QmGf4
xF1eDgLz7N0
xFFU28Vp078
xFRey9OsYmk
xFn7NIPDV3M
xFqqx7wagrE
xG8aBN-zMQg
xGmB46ELJXU
xGxR_IeviLI
xHZ_I2qs5l4
xHkg7LvzH3Q
xHq1U484XoI
xHuI1JqcUOk
xIfbhhxXVJk
xInvexiW5rQ
xIoeGMOH1No
xIs1UuvxEMc
xJ5j35zCVh0
xJ9yli_sEEQ
xJiPDq5OQGM
xJkyXxNH14A
xJqgISCabfs
xKg3H2NfNfQ
xKhM7A_aTTI
xKiOZsPcIy8
xKmUy2O3NZA
xLAW538vlvg
xLUaR8v4FKQ
xLcmjFDqdDk
xLu-U7an29I
xM6EdH_ZcdE
xMVRFZe62uk
xM_PDA1jvAo
xN0GtXrIQQQ
xNNWYlmzKco
xNWPoNhFPAc
xNYSaggwPSI
xNkETIHvu_I
xNo5nmDVCfA
xNoePtWlPEM
xOVgkzxEOCY
xOiMFfw_2iM
xOl6cJ8RFE0
xP4I0_s4QMo
xPqrrs9vN1o
xQ5jm6IgEZ8
xQ8WPqQ0hWk
xQH0qDt6e-U
xQOOAB6Fitc
xQ_PK238nOs
xQbnxsVwwzQ
xR3sWObgEnw
xRDziw1Jd64
xRFVgqOvCiU
xSJbxpmsrz4
xTRg3tL_538
xTXJeiEdXeA
xUSKH6oa8NU
xUhDA_et5JQ
xVdsEIBcHAA
xVlTcFD96O8
xVtIRfLPZZk
xVw5S0h7NhY
xWWaqfJaCs0
xXWItxxxE5w
xXZ-e38ZCOQ
xXbphE8Q-74
xXc7sr3Qi6Y
xYcjnuutoPo
xYqiIcU6v8o
xZ1aglZDOVY
xZKgbUPwMck
xZaxo8swBF4
xZcNkBoMbnU
xZoA7nSsZD0
xZoXEWCkEtY
xZykBMHf0Kw
x_Q0u2x3nuM
x_a-yh9t8dI
x_a_gi6_M5U
x_gtHMb5Gr8
x_ksH4uR8V4
xa0nQxlYRz8
xauhp2cGz1Q
xauu0tT5ips
xb6RI6GJHZM
xbH0FnzecrI
xbRU5PVlJSg
xbUA8zLwsCU
xbXI5UR5NeI
xbbbVvvD5h4
xbcZAElVCUM
xbmKcUlOcwE
xbqqyNLb85M
xbsl3mPKdvY
xbx3WWramKQ
xcJkZcs33J8
xcLCUG7cvFY
xcbwoRXTnZY
xdLOjRJK2bo
xdUQFR7smNw
xdj2NDaSAnk
xdnwIPAg7n4
xeTckPEOzMk
xeeK7YzCXgI
xevcxAsuMKs
xf05-NsGqvg
xfALD1KnDJ4
xfYAd7Rk21s
xfYtZJggwn0
xfn505wWd98
xgIet5N6TBA
xgK6YDIDWKQ
xgopEJVCv_8
xgyDkVAJj2k
xhC2Q9j25D4
xhzBWi4z_PE
xiEqnaAvLRM
xiKwHM5270s
xiLLDr-aoVg
xiY_vWHYWP4
xiaVFO7tdaU
xjCvmROBlbc
xjV7Tbm6ruA
xjX12VyzRFk
xjZJxKzXo08
xjhQ1t9IS3w
xjxkqi3Z7Ak
xkAQhfyUWFE
xk_FU--w1Sk
xkaSylKTe94
xkxGq-9oH1Q
xkyHK5k_j8o
xlL0kSmoGig
xlVLmt5S5bs
xlmwp5qJ-Zo
xlxqV5eGVlE
xm81ZffzF4o
xmcMBgwWl5s
xmkiAXHkSuc
xn6tijiLF0I
xnmScTVE9h8
xnpO6ZQd2cA
xnsyeqcQmP8
xoIe0pEcQXo
xoM9sJikvNE
xoMXVVXrp98
xoTDdvi8q3Y
xoTzRNj7CRE
xoTza5bXxCk
xoxYnGp5kPA
xp3WDraPLtc
xpXnA14S2qM
xp_82P14Yzc
xpdtfJOYT7g
xpzMpuL1OTs
xq9tyP-cnEw
xqRDK7G8s5s
xqhXEfuYcyM
xqkJ7rjgoI8
xqlVhsthwqs
xqmPPilZ5VE
xqtuAswSHtg
xrCirsTAifk
xrH_0EeN2jU
xrP9kdkwnmA
xrZcLpgWtWE
xrjEodYZe34
xs5VUt2Yzl0
xsBdnAZl_mg
xsNseU8LfV8
xsrHrw0T26c
xt02ZY-LnXM
xtK1nB658ck
xtz0KIdCFbY
xu4w8DLdbBw
xuKbMnf9vq4
xuQKq2DmPYg
xuV8RLbcPjw
xuYVNp0IV0Q
xuhEe9wctcg
xv5H703KrS4
xvEyCNqZZJ8
xvXhBwCtRns
xvkW95Ia3AQ
xwDaD41JTAE
xwIwPfY1Y_0
xwZJdo0dPps
xwu3u_-1cDY
xx3lwE3NLLs
xxox8FwTTkY
xy1PF__LG_U
xyAK7BCoDys
xz0KHmOIfuk
xzNkkHPSmfI
xzNprTJX0pQ
xzyoIDWBU-s
y-AWVjuimq4
y-VkKJo519s
y01ADOUMILk
y1FsvgqT5Nw
y1_aIkGx_e0
y1f2xUhc_8g
y2qX3BvCBjg
y3-_4EhhIQU
y33D_v6aHwU
y3849obwVUo
y3E-6_DmJ2A
y3J6Yv4c5IA
y3g6Knc-1mo
y3ovH1nTV2g
y3u-30eNLlU
y4CfsBdjdGc
y4UCU37CWmA
y4gZlHK55Wc
y4k2xsCreM0
y4mYj3TUrCs
y4wcrAov9fg
y5dLxl80HQI
y5wgh6YrYPw
y6IxWUnHh7I
y6hKNBnkHsA
y6sv756wht4
y6tW85fwO5c
y7g02cf7z4s
y7jEwneUH5s
y88-oou1p70
y8hP2EFIbD8
y8rx8wqDZHQ
y90bsciWXxM
y96oxfCUOAw
y9K-3LoZ_bM
y9upsTAy-R8
yA3WAuWDJco
yAHvwbQoKpo
yAR5rtL5pTk
yAecvoFOPdk
yAf79EkR884
yBGZ10UzAkg
yBHMiRnqgAQ
yBVRUKSTzuk
yBiZnhiuNEQ
yCX8Az4hdhE
yD2E-U3yVbw
yD4J17b29gM
yDG6yoVcIlc
yDY5h8J5kIk
yDrAK92CiX4
yDzEzPYKF6o
yE-47y6hXGE
yEJR_2nNl7Y
yESBN-tfxyQ
yElWpXFpPSA
yEqcVnmfajA
yF2ZwOd6_TM
yF3OF5X1qFQ
yFT8WAqU2NQ
yFZpU6do2Xo
yFo6jaS-IQo
yFoaAV0yLuo
yGPQw7XeKxA
yGWl_LSQo9E
yGbHd63kjrY
yH59iWXuVnQ
yHat58WBtfY
yHiY89PG7eg
yHsZVtJGaCI
yIA-Mm4Ja3g
yIDNy0MvacY
yIu-sViznCM
yIwwOnB6m7E
yJ4vmIH0ZNk
yJDda4hQCBo
yJUdj8S9rOE
yJZL-MddQds
yJo06_xLxTA
yJwGPlLgTCI
yKBu837Fyh0
yKHyD_y4l4M
yKYxdEyYoBw
yL2dWwRGNpc
yL8N7kB17TQ
yL90tBNilC4
yLW9Hf1JeDY
yLcn3NOOl7s
yLnlNgrSSdc
yM4u1h6zt5k
yMGGDrJ6dEo
yMidlQmiAiQ
yNAp8YWg5sI
yNVbkQ_DJLc
yNjoKluEIPQ
yNq1hTXpbr0
yOLhOzaJ_xk
yOLwWzQ-qbs
yOfcoxoHfxI
yOkWAaJdzTo
yOnaNWKLonA
yOnamjDWEKA
yOoc-XKUuR0
yP-BZ9hxrhc
yP05FlMF7oM
yPcP4CKMw9U
yPsYpsARymk
yPwUGoPzzRQ
yQ3mCHuk3Z0
yQWdW6_kffc
yQZ3-swzcio
yQkEdXJI0VQ
yR3wH-H25es
yR5DjZGjXV0
yR8iXO5yt1Y
yR9V2zQ-xeM
yRhuj7Li2So
yS688RV7K10
ySP3xTQIbv4
ySTPnrWOpbI
ySctHHpD5TM
ySxHvie49IQ
yT8CkiOMmZY
yTASbq4Y5h0
yTIKFF9kAe8
yTOnKWC74lA
yTQFgV59TQU
yTcvFDc_Pgc
yTeqpGJTcj8
yU1G9Oafnjg
yU8qJIHGy0Q
yUEwfZK2G3g
yUMHgwoJp3Q
yUXjvsNprSY
yV5l1ej5XpI
yVDMVTcpK2A
yVSB-0uLSgg
yVWUJ5rhOwA
yVsePC44m6Q
yW27yW9fqAM
yW_EV5YQJXY
yWkbYNrYzuU
yX2t6UbCz2I
yXKXfUgeGj4
yXL9HhjFqf8
yXaqmBOWso0
yXurOrWyyMs
yXw3AClz2Ac
yYV2VnAELVY
yYgu1TnrN7Y
yYuo_6-RMbk
yYwGiQvNgRU
yYxTCRfO5Fo
yZAvMcfcLZM
yZIcdp124lc
yZKLTz1rSDs
y_1OV9TLbRo
y_60zgAEttE
y_Jm0IPbofs
ya0k7_vrXI8
yaBzwa67seY
yaRFV9aRsLM
yaW8TV0IMWY
yak2vY2j9kU
yawlaiOguT0
ybDbH60XAbE
ybKM1LFBR9g
ycUFj2iukik
yck7fiZFJqs
ydFQOhcV4MI
ydHOuIioMUQ
ydMuInzYCKI
ydpxsByOTOo
yeE5bCh4I5o
yf6QimFP-RU
yf6kN538Iis
yfn43DbJxYg
yfsqlFXO1UY
ygCJkugNVi0
ygEHGaEIvFM
ygS-iG09y4A
ygS3BQxG984
ygnF1nwl9LA
yhMm1DXr7ME
yhqnZ-nR5Yc
yi2SOvwYOek
yiJaOSjj4jY
yiugHPrh0aw
yjCW1Tjyfzs
yjRyj3LqgXA
yjpLcbArA_k
yk-790dT4Mo
yk1zu4Q3Ve8
yk6nhV-IcRo
ykU-TUpT-7o
ylXUPkPXtWA
yluA7hFV3Bo
ymZj7sfITHQ
ymnD0TEfdIQ
ymvuHlgUuJQ
ynDT8xknz9E
ynTwYcLZGRA
ynbGRXw7YTw
yndGlSyj3rg
ynmv0myX-KU
ynwAMND1oyw
yob7si-W3DE
yotDBDWRdQI
youvd_UziP4
yp-4LFzt9mc
ypInGK_ZNe0
ypa9wmJbQ8o
yq0ToWuQa7g
yq3Rtt6mVTE
yqJW-dkgWes
yqYnbJRLmVo
yr6wV0wJr_w
yrs6dK1bMUg
ys6MjwuSUxM
ysWJyRaq2Y0
ysfqAVCSdmo
ysgw75js4H8
yuASL_-nPjA
yuBQk-A-fUY
yuG3jpSUtqw
yuUie_eJTIw
yuwzPioh5X4
yvA2aQ4jWhM
yvL1ERVJQH8
yvOVtjHC7LY
yvfrwI2RwwE
ywG1oQA0tNM
ywGtqGpJEik
ywY-oUxWYAU
ywwsMUlfv8g
yxPgwnF4bqs
yxSqKxVSCDY
yxU7pIOi6EI
yxwxIb-anG8
yyORFQ7sD8c
yyUZ6ssiMX0
yyXEUMoXglM
yymyrU_B-_M
yyynQhu-WZk
yzQ4ohryQ68
yzQoiEUcdDo
yzoA7sf8I7o
z-0xkvBuvNI
z-3mFRJYieA
z-VjvIt_HTU
z-XkfA5mvXE
z-ZnPYg6plw
z-cJLgmypRo
z06Cj27Ptd0
z0M-Ijr_2Kc
z0giUdDmK9E
z0hLRWf7XQQ
z1XXKygy76I
z2ISK3Gozw4
z2TAhDawWno
z2vBzB_wPV0
z3gJpjLkzZs
z4hY6Ls6YSw
z4kK3wToBEA
z4p3ReOU1xI
z4u6ydpVI20
z5r9fTMLcLg
z5rCfXD_n1k
z5xviuIDZng
z6poe_TNQFU
z6sNai2ctPs
z7_uIPdlTWY
z7vKeS6QW_k
z8_R-cUAVSk
z8c_hhqU6ww
z8cvcD0zvrI
z8osL6Ay-fg
z9GEBUihoUA
z9Jx5p9OKYI
z9V8-SJa8Vg
z9cUUEATvkk
z9lWnSVdEro
z9q2Lm0vBII
zA3Edd0EDe4
zA7Pz-5Yj1s
zARUi3YjjDE
zAlmhKIW2nw
zBRX5cKip2Q
zBXZ_LBNSG8
zC8YLk_ghpA
zCDmic3Cb9k
zCQm16DB5bc
zCfp6kef5QU
zCiMOIh1m_Y
zD7_6jASvfM
zD8o08_fvM0
zDACk_sIu64
zDUjru2IS18
zDoY-1HVsyM
zE4s5dRMJiQ
zEKI4x2a0LQ
zEvKrMVpQYo
zExseXOeBTM
zF37wO7Xb7o
zF79KYjh3L8
zFEouL76jV0
zG92spQh8dk
zGX0UiI5R3Q
zGf0kBEelSk
zGwngBCajeo
zHVac3jLnsk
zHhIf36jCt8
zHjQ6LYy74M
zITubC9aA_g
zIZgknD_zBw
zIaaiDCeImo
zIipUiIdbWI
zJ9s8jjrQv8
zJCanKxx-Po
zJOpW9_MZ74
zJjfyN8l2ck
zJl-6r5aDts
zJqvfmmdUF4
zK8uO12DpNg
zKHJFEGxLSo
zKW4ah6cyFs
zK_gTnSoEOg
zKog56C8yWI
zLnMHsmGLYc
zM3P-pxWqKI
zM6vfGV-Ptc
zMIHec1Sk1g
zMMqd3qxUSk
zMdTKJkh1Ts
zN2aZTN6L2s
zN5HWdRdSnE
zNUF408Ogqw
zNdIHGr0wHE
zNe7oFItKBw
zODw1ETJS0g
zOa_FXfWY6g
zOtlrhgXPag
zOxJJZHOL0o
zP-cSPmf5HM
zP01awSwj6U
zP1v-l65JYc
zPC0bIGidgQ
zPHosEdcTcE
zPKaBz55dKs
zPkSsDvKuZM
zQkLM-oMYvQ
zR3wTnbbyn8
zR4QLyKYooo
zRGVOOkwbEE
zRp3v0WaPJk
zRzZUC4hOwY
zS1rfGEbVC8
zSKUV2s1buA
zST7CocfWKg
zSd2b3Lb2A0
zSzVShhPG8o
zTMobJXpnSU
zTSPm0KHCxg
zTmrKtJRCtc
zTzjCVX_tok
zUB_XoGEQTM
zUBd0noXY3A
zURjoWobH1o
zUrWg09XjqE
zVia32TqlmA
zW7UialKPPw
zWGQur0p6u0
zWL1-Mo3Nzc
zWSb-rJ9JqE
zWUL3XkLAt8
zWahhNb9Aw4
zWmG8rE5ye4
zWogVSa4XKQ
zXbn7yT3DDY
zY-TtxBXeyE
zYCmV78-4uk
zYNVR3t_snk
zYqXHeFC100
zZ8NlUXpHv4
zZiV9yo5L3E
zZsDXEgGGCQ
z_DRf5-fdtw
z_P2rTkEyFk
z_mZifCsFGY
zaByBrSSQQw
zaCCtCg5oyg
zaGACBJA24M
zaH9v0WNT1I
zagQLc7QSXE
zbfOQxiuZ7c
zbg-Yc82pAY
zctxJe9jSHg
zdA35TZqMYc
zdCjQH-8Ofk
zdGo3ajnAAU
zdKMUX6AED4
zdkPEGYAzv0
ze9lj3su58o
zeaMDjTXc8I
zelRcTO9SgM
zf-g5RCE_8Q
zfKny3vyY1s
zf_EnIVPflo
zfe5dmCzEhw
zg-xPEVQMm4
zg7q-U81Akw
zg_02stDuF8
zgmO7Wkkg1w
zgpzY7u0gtw
zgyYFmMSkIQ
zh-xDlXIkSw
zhSWe4m0k_0
zhiEvbBGV5o
zi27560CfaM
ziM7AfD7gok
ziMN1AQSevY
zieXykqPYvY
zilhwgEkjAE
zireTmA5Au8
zj0VyOZ2J08
zj1ibt3DP5Y
zjRSyAIy_ZA
zjpadvc_Qrk
zk-v7JXZ4tA
zkKyDuVcdlk
zkiYmUVxmbI
zkjCLnYORtM
zl6_wgNC4PM
zlN9s7ukPks
zlmAsFUq2xE
zmRQTU_4TII
zmhTiZ7_XYg
zmmyib5a3WM
znUkCOC2fh8
znoXqXBOI14
zoFBI_penwM
zoGxqSVQHrk
zoXXSvxTLcs
zoo4hX64N9g
zoq6r-Cgptc
zp6YA3ya_p8
zpVCugZ6QhU
zqDI_3CzI1g
zqnt9FPTqAY
zquPE9rSwTA
zr1QL8JoDVs
zrFgNQsnsl0
zrccCNFtexg
zrsVrjYUq68
zruqIIoJeHU
zrwJE3cLlTc
zsFt6bxBqm4
zsNG8ucQCWc
zsOBSCkp-cc
zsiq-QSkpf0
zspkCvIafF4
zsxQYymmQfU
ztPjGKY0qrw
ztYuHzS0Y4k
zthzHH90We4
zu6ABtWwh_I
zuSWdxBWHOc
zunHSaQyWpw
zusNUtt61GU
zv286mF-WrU
zvOcgStCc6Q
zvgXGKWcsE4
zw4TeWy7kcM
zw7GTkR1M7g
zwPThvEhmx4
zwcXed2umnU
zwdZN2amRc4
zx-zyFjfozY
zx6tVw6UHao
zxJ_mhIkZug
zxKTOPKSsiQ
zxg8ny4ENaA
zxtDDpYrlUg
zz3oXUn1cFc
zzMj5ck6m_8
zzO8NKRzguQ
zzjeMKV9_g8
zzpB8vIND7g
zzsNPgnZQsM
