--1mbGM4Lbs
--B1LYWYg_g
--KRiqcvu5Y
--KXBF9leXE
--NViZvISmk
--cEDilDpvs
--yEWGpP9DY
--ySaXwAsrg
-0BQl7Ev4RI
-0X1xAHGHgI
-0fN3AXbzo0
-0ik0tcw4mQ
-0jVPEWvtik
-0l0HTOaHzo
-1I3EoHf-LI
-1MFW29a-tY
-1a6eedytS0
-1k5sd2xCvY
-1wOAoQz1PI
-1xL_knoY_I
-2JYl3D0bdI
-379uiNY3W4
-4-Qu2I5A9k
-4-zC8WtwBw
-48KgnkOvh4
-4bpKon2JTc
-4uVN3aHMDM
-55C3CSWkCY
-58_5SUXTwM
-59bJY7s5QU
-5ADbu_ETwU
-5ArS1H9UJg
-5FPoLAKaWw
-5L0DmiKmfM
-5TIIfIugIA
-5_8SExrBEE
-5dybcPkOVk
-5jwuPOHFv8
-6EJUJdj7V8
-6VLhNF6zRE
-7PbWCjfUug
-7uhaeC762w
-82KMIOAxUE
-8fDePMwV0Q
-8jHEUkgT6Y
-8kBfh9BqEI
-8t7UYxhSL8
-8yUD6qRGaQ
-9Oc1a5kb5M
-9WvIcnanTA
-9fFOXV1Jbo
-AcmVlf_pxg
-ArfiyJjNLc
-AxGjctsOk0
-BKXEVSxY6w
-BLgIdWzbHI
-Bj2Flvo-Cc
-BwhsXoy8x8
-Byt9j45nzU
-C3oQrooMYc
-C83L4VzGYE
-COcfHosvbM
-CXwSfjfabg
-CjfWIEMsIU
-Cn-hLCyHJQ
-Cweg0Q68Bc
-D9L71P6A5A
-D_HhS3AObI
-DbJzVAwJ0k
-DjJvjiM1jo
-DtKm1O4lQE
-E9Fy1GWiHk
-EWVnfblzHo
-EzW9Iftb0s
-FfJUfE-6wE
-Ffp_Y8NAWE
-G_lxF7JNss
-HCCPBIDbZY
-HIAWAfsZe0
-He7LXTtYsQ
-Hogt8BFhbA
-HswHD9vcic
-Hwtf6Tbgo0
-I2v519DFnI
-IaDE9xKjTM
-IfhYUTpEpA
-Jg7jR862RQ
-JmIgbtbYT4
-JoeblRaAiE
-KIoJgEDRvQ
-KR7vs0S7x4
-KVC05idS5c
-Ka4bowU9T8
-Kao8371qAg
-KmM9xE1pAE
-Ktjb1IdMbA
-L50W_i18lA
-LCtAgBwffo
-LHEadV_2Wk
-LgzxtP3Iyw
-LljNXevTNk
-LqID1kLtZU
-LyPTfGngQ0
-M6KUaU-b4I
-M98kDSsH08
-MD3rs3Ncgw
-Mb5UVyC8bM
-McZDbYYtRE
-Mg7-nq9Usw
-MplTP-sKKM
-Mu__tNpBgQ
-N4ebxD0B4Q
-NZQv3N1miY
-NepAHg9wkw
-NpnmzI5jUI
-O479QSukHw
-OLkZCBjCDY
-OXpsJW-5Gw
-OhbT92v4S0
-OjkHoxwlTk
-OkfEahG8zA
-P-el7OTbPs
-P58Vne0ATY
-P5Sqekgs2U
-P7u-ER32bQ
-PH88SuTibw
-PSX42Czmd0
-PjD695LJGA
-QNFZkvgXlM
-QPrMjlnBBI
-QVZmAJ_ZZM
-QXIFJQGqao
-QZgv4RZqzI
-QfCjpffQhA
-Qw2eXASFsk
-RPtQklkPzM
-RXavSmydgA
-RcgCDqVC9k
-Rh-aqLzKoM
-RlGpVy46SM
-Rm25vi8MXk
-Rn3VSIJ_-s
-SYoHJ4bDzM
-ShSwoIQqwg
-TRHtYaOxOs
-TjYt2BB9u4
-Toykzinenw
-TqvJnIZqfQ
-UB9kTFjo50
-UtWGyr167s
-UxwTIygL2g
-V4xuDh8A-Q
-VMxpr7b0r4
-Vb8MrZQK7g
-VvUO8_iTVc
-WYHyLBfhuA
-XBP_3Tpjpw
-XBcdPfzvA0
-XQFPbT8zgs
-XwDn3SRPwY
-Y-azyqkJ8I
-Y0x1zt5PcM
-YVjtI5Uh-I
-Z3EAq-cPUA
-Z8173jCXGQ
-Zwz9ltpjtk
-__IncQEGXU
-_zDXI8jCt8
-aIYsIxlUqU
-aW-WQ3MzR0
-at1MEUELDI
-bB9G4NLtlI
-bijeH2vb2U
-bjd0tXa40Q
-cKe8ij6OYA
-cWEYxPpobw
-cYbwSAMpoY
-cYpg4mzFLg
-cdD0OCQIIE
-dVFpJB0Zhc
-dYdJ_T_yuU
-dqqCQeiD0k
-eOV_jwNyMs
-eTYXvVmekc
-euH0lidIkc
-fYEHGLnX4k
-feD5mOEAMc
-fg1Q0FwjWY
-gIWIYPjPyw
-gdjgCnQKOc
-gkvgsaOKCg
-gmuruEzk2s
-h__d26XcGw
-iFwl8TKFTg
-i_42DLRiQA
-ikiX7t67_E
-ixtefz1o6E
-jgvt93eTvM
-jjMjn4y558
-jmcvyg1ggw
-kLUA5lrKY8
-koh3XE0B-E
-kwsC-Glw2A
-l2qqJB4oYs
-ly2MAyPPU0
-m9QyR1_vyE
-mTC9KrTyQo
-mibAY5Vi10
-mtBkshu-jY
-mzub1Nsbqo
-n4zpEzR7n0
-nXKMIg-ktY
-ncIhzk4bfc
-o0Q2FD8v48
-oC2fhbgBro
-oqsDCW_2Gw
-oy2I1fe75U
-plP7otqNqk
-pxfSKewOuY
-qI5YI_B8K4
-qS4p-r6hyY
-qXqepLkpMU
-qsQPsnmJBE
-qsjzNcZbNg
-qumb6NcizY
-qvJiYk22PE
-qwTmYbb_EM
-r0CT88evns
-rAnl25wWTM
-r_EM1TdITs
-ry396NR9RU
-sVqMg7bLYo
-sqqpdiigfM
-stGJwynyL4
-tbJKHsewVA
-tbf523PnKE
-tlbB_fFrRQ
-tsmHPAtKBY
-tufd_UKJUo
-u02lMspv_0
-uNYIwBURnk
-vFgS8azvpM
-vfD7mRciQ4
-vxDtPg5ddY
-vy8sB4h05M
-wJ-Y5AvubY
-wMjN7Bpuso
-wX89_7ynKU
-xZu1dZY7So
-xfLcIbxChc
-xsurusU_ck
-y1q1GZHkHE
-yM4Z-vdI60
-yieQMhYaew
-ysFyxSDiog
-yx0SO9Sn_c
-z29xZD0NQ8
-zEcv19acRA
-zQN-qEEbYI
-z_MkDJ3ug4
-zkSbiDUHRc
0-2DAFBWtto
0-C_Lp3rd9U
0-ixImg54aQ
0-vLLuEMp2k
01DHM0eRtlw
01H4WnesCxU
01mG6pIpdyg
01qootkIIlk
01wiK_kvEDY
02GoBPxIYjo
02HwFqPE7GI
02jM1D4Qj0o
02rRXLiwYQ4
03HR9JWDs1k
03QrvdsDTsk
03X23V2usKM
03_1YIzWLsM
03csD9kHhfk
03ftrDWFWzM
04dwbYUX6Do
04jd04YDKCE
04tG82waTCk
05W6Y7tF2yg
05_GDr_X8z0
05kvbHU9Fao
05mqVhbho14
05suk0YWELg
05uoAhEPjYY
06-cyxlWr-U
06WM4-dQ7lk
06XOTR1qDC8
06fx77eii4M
06sAhNWRUGI
07FfdWqsZk8
07UH1fbv-7Y
07Wsxma3umE
07delyS24T0
086D6zXbPuI
08GiHoYHuVo
08iDFJqIddA
09Om0fT6BPY
09avijEvPXY
09bvDX3Pa88
09jnxxUlUuo
09jwtPeqHIo
09yt0F-pxXk
0A48YciW5Vo
0AuRiEcN48A
0Av33bgGFGk
0AwSJAH1pPg
0AxJOCOfX_U
0B14-dsRS9Y
0B96_3HyBnc
0Bnejd7ENJc
0BzXH_giVZc
0C28A3F3EbM
0CEVtE4TT3w
0CJtZkdv1Hw
0CLw5-p-R-o
0DVx2xcT0sg
0DYWuHwOF7M
0DrNtRHEb_o
0EGsTJ15DUg
0EN2wgUlqT8
0EVzcxigLMM
0EYTUpF1CzQ
0EYWruteC4w
0Eq4b1opeiw
0Ewzu5JNSmI
0F3n_YE9MKc
0FKjKl4Qdyk
0FLzfaKaUXc
0FP87Lz_P58
0FS_wlA19-k
0FTexUFTSec
0FXUFKFLEHI
0FguX2VYZSY
0G0uE8k_92c
0G5frE2PxS8
0GHvHmJsRU8
0Gb8M_1PuF8
0GhxnKsRcso
0GnufUuVHzg
0GxWbO1OwRw
0HEzVkMnwFw
0HV9wVaIhpk
0HX37ahV8a0
0HhitAUML4A
0I6iTjCGuzw
0I8XKa8vtuQ
0IAraywKmAw
0IEJMnC4Mow
0ILMgMOUjuc
0IfRL5ldb9g
0IhElwM5b-I
0Is2qn3WoZc
0JDnz-Zdhjk
0KC5wZRvSYI
0KQYNkIjWYw
0KSIPpTnAy0
0KqFJoB1tw8
0Kr66mudkEU
0KuFynFMHnE
0L4Pi7C3WIo
0L8dEP-XoV4
0LApM46cpxw
0LB3GoSEsgQ
0LL39oCnMf0
0LQHD9YGBYA
0LSjRPcDGug
0LusQZdzHcQ
0M4LLlPA68o
0MHW8ECdA9U
0NHfx-_Vqd8
0NL2oLCIFWU
0NmqAeTP3-A
0NoHehkBBHo
0O-Dru9Gdk8
0OLHhXTJc2M
0OaRQbzLeG4
0OiYt1fI5KA
0P4N1jaODp4
0PYpEt9D-II
0Po7QD8QLos
0Py_1uD5FmM
0PzmIZmhIlY
0QceenEYwMg
0Qkg2s_atdA
0RN0jhDW4FQ
0Rf1hZkNn0A
0RhQEl7iaD0
0Rq6lJbIJ7Y
0RtcJ3yb764
0SAc4vvD2Qw
0SFJXYZqJZI
0SGfkZ-NycQ
0SIfmMKcByw
0T0hqUfFdl0
0T2rHb-CZn0
0TIMV23_1FA
0TdSpxoto18
0TeGGDK4T-o
0TfCM6_dN7I
0TtyeyLUQ7k
0U20gmBYq0Y
0U3n5hFnoy4
0UF4rcddC8Y
0UODGOMDnII
0UeDhYNUEP0
0UkHIlVBtEY
0Ukb9MTRMzA
0VfGk4J3Mqc
0VkHjbf17VE
0W8-svPMld0
0WhP2Dp7nJ8
0WpboSU2Qe4
0XIRH1FrbyM
0XKsKNx3yrA
0XMAZiCBnJM
0XUPWEeQ9cY
0XYsVt6GCRY
0Xh9FH60qL4
0XvhRn2N0Qo
0Y-mxeQal-s
0YEIzBbW9VM
0YEOjthNSA0
0YPP-jlgbRE
0YjUH2Ek2vc
0Z5W37i1VE8
0ZDxXIdOZMk
0ZbFcg7vDgc
0_ELw9TPobc
0_IkONfTy0o
0_P_nUdgTzs
0a3-mCzvUhE
0ad1IamtuIE
0bJuH98yx_U
0bm_Qd6pvHU
0brhiKNfrm4
0c1nFOchv6g
0c24PsHo-3w
0cKqrxFWVWA
0ctt0mUbGvw
0cwLUsXKgsM
0d7du2NYWWI
0d7k6Q-Mfw8
0djEeEqllAU
0dtom9x46D4
0e1FJTrrkDQ
0ehG5p6uyiw
0ehpbl3D-gc
0eubQGLto1Q
0fB7OZZrETs
0fDnrP4aLLQ
0fYr5vh3wXI
0fhw7gfzmf4
0fjQzEJ5ELA
0gEs5nd9cBQ
0grdbeKVgxE
0gxt8yDIrC4
0gyABkOEfkg
0hYDb4CA_aA
0hlaCtCT69g
0hz6D3L38To
0i3T_Tu-Rsg
0iusFDNwODM
0jOaXrqIw7c
0jcJW3RYB0w
0joU9aUsGVI
0k4wML-C2jE
0kRIERvUk_c
0ki3mndwtlQ
0kvU94fLOBY
0l7ZmSXthA0
0lCAvfHGVoo
0lL_1LjixRI
0lp7KlMyyjw
0m4Y806HdNo
0m5wKR4qGjI
0m9z8NKicQ8
0mCS1qDvjAA
0mZWsGTfsvc
0mcBCFhsAOo
0mfMe8a4LNM
0mlOiO8h5xo
0msmuafxK2s
0n3F93UlPRY
0n7RGJaDzAU
0nrriN_Lw1Y
0nuvtViT86k
0nvhJLHZ2hg
0o2pGBZdMMg
0o8zNBQ93N8
0oBbvXcjnKw
0osldxBGDqY
0paPTdTl7wk
0ppRmxZB8I0
0q0JitPpQ80
0qB4AI0BAdM
0qTsurkjAdk
0qfiJbKsMHA
0qflMopuO3o
0qwDqgFk9uA
0r2PWHKpooQ
0rInRdCw45M
0rglcFl0EJQ
0rkMQWBhYqQ
0rmxSa6cW74
0s-DbaaB2Dg
0s3As4A1MHA
0sBcct0vctE
0sPbYXsB-g4
0sY8mpepobw
0t27E9GD9HE
0tOlxk486WI
0tWZIEZzbrM
0tZcr7LGW04
0tZqE8Bs1oM
0tqcytPKyJ4
0tsA3nIsb4A
0uBPfaP-ioI
0uDNoP2O6NU
0uFPRivInIM
0uNCA3y8huk
0upY1eDFOGk
0v4RKJyA5Pc
0v__doZeKPc
0viKVIf--D4
0vnSLwM39q8
0wM6cA4HLS8
0wkIVdlHkTA
0xd9rCpSgjE
0xoibR-GZGg
0y45hTFIqvQ
0yFW06C8y-E
0yHcXffsNPI
0ysp46Rg65Q
0z8NtVUNKv4
0zA6apjwhqg
0zEA6tW6v1M
0zHRGUNF0pI
0zTBRmb3Zg4
0zWtWW_31vE
0zneGr5pVnA
0zoomcOjH1U
0zwjaHKXbyY
1-FCw7feyy8
1-MQ9ZWGabY
1-_GKTPpPbE
1-aD9dzsxe0
10RRIdpKVcU
10ScgD3YyI0
10Vpithcu_k
10_hjjex3AI
10joWdP8dpw
10qv0htiYDQ
11AN3mzy4Yw
11APc3t1e_k
11vS1yoWgzg
12C2X0llFpk
12OBlI3DOlI
12WBZM9PZUY
12pU0hVEmUA
12q0ewN5tGs
12svC8xpKrM
12wu3YLa52o
137Uecg9u84
13SoQkroJW0
13k7OZzzg40
13tPCf6l4Ts
13w1kyB8CH4
14Abz27VB0A
14NnD3clH-A
14j1UMgbbv8
14sDRjFOw3k
152nuCdIy78
157p8Dv4-mc
159cuom0ZKQ
15Q2PeKywGk
15qFtr3llUo
16GKj0OjfJ8
16HizD3VMTw
16J1oIxVhto
16jlIK9Mzxo
172Krgl3EUE
177ToIi0VhY
189PDA3vdzY
18InPch17Ms
18NdHhD3fCQ
18eIw8LPwgs
19OTWNHkHEo
19PZJabZKRI
19Qfr8KcSfY
19Zj-XaFANU
1A4lRZA0Pjk
1A7NlYHcurw
1AGRoh-U8Bo
1Ap-h_IHrRQ
1B6UvOseKoY
1BObR31gsM8
1BUDI3Pt0OA
1CE1DeSLhPg
1CImsFCOHfE
1CfygfAe4Fk
1DNX3tORVdA
1DTi3ktq9Sg
1Duiup2tWKA
1E4A44wVjJk
1EJLf1znkR0
1EacpGQTga4
1Etcf9L_AC0
1FMVJe2_BEE
1FQ0TqrgHnw
1FYUBFhS3ng
1Fx_4iYT7yk
1GJLwTWjXiA
1GJqtWaYg0o
1GNqw5r3vXs
1Gj20jMSH70
1GrLAIgmVK0
1H7tpo7cf14
1HM73n5axkM
1I9_UAzXH90
1IWJYt1pdh8
1IWo51NC_N0
1JAxNbC-XkI
1JP4QKAfJeo
1JW7HmHO12A
1JXAVAgvVZ4
1JdazIYVN2k
1Jewu6gmVXo
1JfHGJHRKDc
1K3ZZWH7NOg
1L7KD7ZXclo
1LM8upss4e8
1LyRCcrlTeQ
1M-uZ8XV9-A
1MkaU6CqTU0
1Mzw0tlypR4
1N0EuCarX_g
1N9M3vk5JNs
1NCEScNF9R0
1NTTS8TSnT0
1Na0ikkUu3g
1NeBxX_FeJ4
1Ni0o5WSmi8
1NvBSBC5Tq4
1OQ-JSdmsqI
1OQ7OlpJvPM
1OWm0Ssd7OM
1P9cR8ezPoA
1PMD8qk6kbg
1PUJL59wtr8
1PYs3LIOdr0
1PmbZ4VYD7o
1QCgynEq1wU
1QX2qqY6iuE
1Qe2tJ-_fnA
1QmvdmrzCHE
1QqjduRpUnw
1QsBX6FO5hI
1RUnvx3ykzc
1RqoWgLqQXI
1Rw9GKkX954
1Sb51ANzIVA
1SfddhqsATY
1T70MuoE83Y
1TUW0chDS20
1TZuRigNa48
1TyME5jhm0I
1U5EsXs8ia0
1URM-lu7wrY
1Um1JjLt_4o
1Up9Pk9wDwc
1UrDZDoJ6Ss
1UtJa6D1EU0
1V0D3D9Mgyc
1VOKkKu94vQ
1VgxHcoTA-Y
1VmRvZq0wyI
1W2BWSIH51E
1Wctp6OyTJo
1X7KFT3pUP0
1XFfnTkmtnQ
1XN58XGcnlE
1Y-wslWvhMo
1YBvlIlQ1Rg
1YGQKu9-8MQ
1YSpvOeEQ-4
1Z0Ic024pwQ
1ZII7umjJpk
1Zb0BeCDrAk
1_AHyNB9EvA
1_YdiAPhWzQ
1_i7Q-kVIYc
1_jOcoZkws4
1_lqDtu6r7I
1_uURTuH9xo
1_x3ENQYLIs
1aLwfYOk3ks
1bBr3HuUohI
1bC5Mh2KbiM
1bH28CZvyuA
1bMg-ZzC4-4
1bQ5r_Ny4cE
1bfRGzXkN0A
1bpRJRxZLq8
1bsNPJHn6ZY
1bsl1Nr1Dcs
1cDhPcO5yyg
1cSzvNeIoNY
1c_gydvZePA
1doNiPWPIxU
1eLq7mV53uE
1ec7mM032pU
1esVXwtWmCE
1etRSBiKpvE
1f37hLj8fZ4
1fLKUu1yBxY
1fbFnnx8Ouk
1fnHXsXCSRc
1fpzwfPiHlc
1fx2RvDgpGA
1g2Pw6zBmJ0
1g5gpK7nUp0
1gU0wIlweGE
1gpFM3t9X6s
1h--NzogdwY
1h9hSxywWZo
1hcW9VdD1Qs
1heL1Dyzhts
1hfCVJUXHRs
1hjIlWltdJk
1hjPwWfvXh4
1hqKgYdWRfI
1ixPSatm8Bk
1je9oC7xk8E
1k3NZisoWdg
1kAC39VddW4
1kTqVLiq8a0
1kd-I_SdNN4
1kqVWXbRpME
1l15QuoHLqo
1l7kO8-m62Q
1lR0q1-Az1g
1lfiQKlZczA
1lg_DOQtTZM
1lhZnpHZXh4
1lxmDDrtk1E
1nKfTvz9KB0
1o--cV2mLq4
1o8AuCKEckA
1oWn-JwAW88
1oYvA0IDY2s
1prPluihamY
1q62cJNMZyg
1qDk7ORoq78
1qFgEKALQW4
1qWdrsEnQow
1qdiY9fv-2M
1qqtIJszmV8
1rPLSmTSgXo
1rR6i1m0phI
1s22nO0Cgno
1s2qQckr0II
1sCPeq0o2eQ
1sGhdBJxevQ
1sdYz9AphNs
1si-VJefNjs
1t3vde3AWiY
1uqABrx779s
1vAkR8rPG9k
1vqrbT8wamo
1wfSShefKdU
1wraWZTkE0Y
1wsoe4e715s
1xHldNVbaso
1xIDnECC7m0
1xIduJmUnj8
1xn_oTh6j2A
1y5P6nieuVI
1y5T3oqiObg
1yEbU47-ck0
1yJh0Kvw3gw
1yZFmBh62nk
1yoUqJ2qn_c
1z4xnfDOEyQ
1zJFPiWRSvQ
1zTAbZ9S-yE
1zUQuZAJpgs
2-O3Fxt92AM
2-bwIfWiJ5Y
2-xDwRQbQ9Q
204iAiTQiSo
20PhTz5t2o0
20ZbDg71idc
213Aq0ld5jI
21HBCxT39QU
21ULDXYRAtI
21Z6y_12Fm0
22UDct7yJOE
22Uf4-khGAk
22hzr1OZjtQ
23Ec6euZQ1A
23dHjW0u9Kc
23gt1WTM9Mg
23lKZaEjt8s
23p_fse5-OY
23qO-6EAo4E
24FRNXxeLr4
24GRnEtQpVc
24MRhD_8MdI
24ZaZLeHm5I
250mKtQUdoE
253IQxMv9L0
25EzXPQUWRc
25q3eTPo1I8
26T3lUCuwGk
26Ujd2mfoWI
26yMSeJy5hA
2700a-I3XC0
272hTpizvCM
27FW759LYKs
27R0d9b5XHQ
287F7QBhmOI
28e4tbrv2ec
29GwkbdI7uE
29RD4a46p4k
29WvmI_4XjE
29ptmzuQ5M8
2AR5Oviezvg
2ASjAmXUR9M
2Ao4jhrMGfY
2B2pXpS6UZE
2BIqnmlXeHE
2BJ4LWp4q4c
2BiBvhGEAg8
2Bto6UOWZWs
2CCQ-Gzwq_M
2CPfWGiUDSw
2DA25J4DK_c
2DGLRyTnuvQ
2DO14dWYvT4
2DOj_794Etk
2DSQZBju16I
2EZj8CA13uk
2EwcxR-B3Ys
2Exw5C0U1YU
2F5q7W8DOpU
2F803oRYa8g
2FOSwOjW7KU
2FP6okMPxdc
2FXvhBv32g8
2FgoxSJYuh0
2FjrSAMJNhs
2GBFjS0iVQ8
2GJihMfXoXo
2GRkeez4e-s
2GbslE2UKYM
2GqLcqp4HxQ
2HOdb5wNESU
2HRlnG5oMf8
2HSkW-Ncbmg
2HXjG2Rw-oQ
2IIN3HFhbt0
2IU3mxLtlLM
2IXYgbP-F5U
2IwKMeDtB_E
2JJ5vZBmlQ8
2JU7IN61Dks
2KLItcEC0tM
2KfFkihoLqc
2L3hoKzT37Q
2LMKdSrjpYg
2LPTQ4e1FCc
2L_pjB3YyFQ
2LuIdEyYIzw
2MVYRTuAQTw
2Mlh5153-48
2MvsmZJ9N00
2N9I4EGzK7c
2NE-CY49hJA
2NPtY7-VWnw
2NaXGilvGTE
2NfwfawI3Ng
2NsSRBgZMQc
2O3E-XjCOUM
2Ojtfsv7OHo
2OzhE9gF-9I
2P5Te9PgSHE
2Q9XTtJ9_4A
2QHLXdZoBxY
2QRypARnHNs
2QpcstNQ2pE
2QxVWAmA-Yg
2RT-OGtxR4Y
2S-4Tz2aCpw
2SSf7TfxIIU
2SVNuT2IFX4
2Soma5Nh8UM
2TGPlvRAzyI
2TriQk09tlI
2TyaPxPNXlg
2U-nuT4mHus
2UJtkp5zl8M
2UKIizdM_xw
2UOl1cUrps8
2Uv6vNAKV7U
2V-ik2XRomk
2VCT6wR4PUE
2VK19JZUV9A
2VUEp2l0wPU
2VvfJTF2FJk
2VzNiDfsf0U
2W5uFHjPUtg
2WJbT_vmT00
2WewoA7KywM
2WhjvdVfRKo
2X5u8xxPcJI
2XCqKBiDjiU
2XNEZv8dGD4
2XO8-1UEtcU
2XZja6I9Ol0
2X_cQg4a9wc
2Xsgik2tc_s
2Y2NwR55vEg
2YFAE4Kg52o
2YT77GEzlMo
2YrBRbElxbg
2ZC6Y5AN_zY
2ZSWLeJXyA8
2Z_8Yy3qaNM
2ZaD7QgTLYs
2Zib1R8wpn4
2ZwMZ6fF_R4
2_JfTrBQQbs
2_X-9HO0RWM
2_g4q0BNxsQ
2_hl7r4aC2Y
2_r8KMzeA4o
2aQ_ajuilfA
2a_MwO3F6rs
2b268PzSdGo
2b2w7nF7qZI
2bIAy1Y5v-4
2bq-IyAeAdU
2cGsKYg26aw
2cSD18AgQmA
2cYQ0PkdmZE
2cpNM2Xoqgk
2dLO34542VE
2dsSsFR6Tqk
2dtyOeVfkCY
2duOmaron5E
2e-Dm0p8yx0
2eHMV9hA1Ck
2eTetKx4PY0
2eWbzRpU1pE
2elbtyPMznI
2empuMz04iA
2eueMmn_JuU
2ev76jOj2B0
2eyVwYloJ9A
2f-SfbOIqfI
2fE3bQqQa0I
2fWQiTZQM9c
2fWVQVsI-F4
2fjRrOjixvA
2fkJNe3vHi0
2gGfaw41mKo
2gfOd56HpyI
2gryr6f8lyw
2h2v-_ReJHA
2hGEbvj38oM
2hSRzLW1Sqc
2hz5kDd-Fyg
2iiFo_ZPinI
2j2wUhdSsZU
2jI-mTmVraE
2jkxczi7gG4
2k8hsbcLQd8
2kAYfaazdDk
2kVoiBzaJ-s
2klm5lNP_dY
2krhzyq9viM
2ks8XXkQ6d4
2kvdg4qSJXw
2lLDTj4XO1M
2lcoCGq1NaI
2lwYneoA9U4
2mCBJw0Yi4o
2mK3S9kORkU
2mNA6KESM4g
2n-K1ncRhHA
2n49YYQbIO4
2n6MS9hn7mE
2neibr_mWmk
2nf9M53T9l8
2o61PfzNqpI
2o8D_sN18NU
2o8n_E_tEX0
2o9HAJDQ3NQ
2oYzLc4XG2I
2ofeOKwqoqw
2onZvhs8Q3E
2paJZyFz2m0
2qAiIHF4vVo
2qL-FqsWMlc
2qTvhMNEBAg
2qrQ68zSahQ
2r0I--FgOSQ
2r5Xnt11uio
2r96JQLZf0o
2rBC97GKqPM
2rTdnULFqzY
2rTzSv_-T1A
2rX9lYAXHXI
2reSDsxpdgk
2rezIDKxoZs
2ruEVHAFSl0
2rwpZVrlIjw
2ryRTKP5u3E
2sW7gm_xwA4
2sjc46HqCqA
2tLUPByGIcw
2tZJh8fuggw
2taJWICyNRc
2tdVQphiziU
2tvqG_P0rDU
2twKup4V7Ic
2u7mx1xikVw
2u8rC2PzuiY
2ugsNr5nMU4
2uhfQwvr6xw
2uklunPaUD4
2v9F0okW_-Y
2vJnWOh0UeA
2vvY9XGPFMM
2w7XJU8y2xM
2wDzahallrg
2wMcm6GOgq0
2wPUnakexEs
2wQ0MQPdbm4
2wW2W_PqCyk
2wXI1alDjHs
2wZs39zIqgY
2wapVcsRMZI
2xEvDlWGlnc
2xXw5U6ouM4
2xiUxkGNStE
2xjE0Ta4p4I
2xm10ISNGbI
2xmB-uUrhiQ
2y2xg2c_lOg
2yDM11-cPTQ
2yW62l7JYrQ
2yXs2dzsCec
2zHP7yFi1jQ
2zJaWSnENVk
2zUXJ9wfNF8
2zWibok_eAA
2ziXKekDVlQ
2zjpGXtZsaE
2zl5UQF1jbw
3-BiytWDtK4
3-tyqgWq3K4
30TBUyrp79s
30b1-R2ObxU
30dy5-QIwwI
30wSLfxLQPA
31Pxkp6ybqY
31wPXgKQfwM
32KU1K4fuHc
32vm2QkgFmY
333RtKydq-U
333cff8cQ0A
33400PP8LJ4
33Or4Bvhe3A
33fDMPvlxbM
34JTP-o8W0U
34KGjmTQ9eo
34q3BMXTXSE
353hVApAyfc
35q6X7War0k
35xM48FAW3w
36gYWh-r7ys
37DnjRFeJ70
37Ma2wXC7tk
37PotTS19TE
37XMDq0sj-8
37XT1Ht8KyE
37Xs32bF_FI
37tSuv8PY5Q
38-W2IoxOpo
389BV1mT5Dc
38EI-0d5fDw
38M-EvDdYTA
38b2lKW2oIc
38mGsVwz57g
38qBtPm2-ng
38uq7sGiEcE
38xcug6Ac_A
39QDmixYUNg
39uHl7ke3eA
3AqjxxD-XxI
3B46sbobylw
3BH1Rg-TZ8k
3BHg-N0lFwc
3BfcBSEqDIk
3Bn4WLPAtKE
3BweMKAv8v0
3C45pzUjgHA
3CDCV7xze38
3CF9QnGkuPs
3CvIBelhXB8
3D-3pICS51Y
3D5FOKEiY30
3DNGG9fwTkA
3DOSV_8X5rw
3Deg8RlOd_w
3E2eVTqdBws
3EIJcCssn0s
3ENVJd-5CT8
3EhIQSUU4Fk
3EpkgjIqwzo
3FOci-3PTUY
3FettUmA26g
3FlkucMh4iI
3GN9ORFhv3o
3GR3h39kVig
3GW1sQyF4aM
3GWzR54XlEY
3G_rm-ug_Wk
3GcSulZkxP8
3GiGgdRF_cU
3GupGbCcE94
3H3HZeqdwqw
3H4bF-v-S6A
3HBiEuGawWk
3HaibK2ZlvU
3I8VsmDTozI
3IHsRnOyZn0
3IJzlxfFsnU
3IRLPBxVUfY
3J5W6imdPeE
3K80iLs6wG0
3KDwJA6VEds
3KO-g-kueEg
3KQhgcRijD4
3KlSGmninq0
3KvPzxXvs4E
3KxoEfa9dG0
3L39V8VZBJ0
3LAfCKe9J7s
3LEmSqUElTY
3LKtK02Y3mc
3LbBKxGitDU
3Lw7cRRjH9k
3LwRBwFYvKs
3MA9vNDm-oE
3MHkn_3_39o
3MJK9-yufaw
3MmykglCCI4
3NWHNo3rQQA
3NfP4dH-CLM
3NqPU43jATY
3NwarxwG2Ig
3Nz6uZRrIlQ
3OTczjUYS_M
3OVRYzTNSEo
3O_fZcvjpug
3Ogr-CVXmXc
3Oovwc8nlNc
3P7TiQldWB8
3PoGLhR1Bc0
3Pz7gHxjfyk
3QCdV2g-n4Y
3QGssx6Q7r4
3QLR4vYtVis
3QrcCp__B7Q
3R5bWcNfOdU
3RACgs_WasY
3RDgW7leW_M
3RN5WKs9iJA
3RUz08Mu2Xk
3RgabeqZ0l0
3Rqqk5Ll-QQ
3SMcV14O8Zg
3ShLvAakvqo
3Sk6GaWAW_M
3TBNkm5DXZg
3TchpWz28EQ
3Tf-NvjnnKc
3TgS26uvo34
3TuHMjNJRlk
3U8wdwBVBkM
3U9UsZH-F2Q
3UO89R4Ka8g
3UVBmRBJJBQ
3UvvIigRhOE
3UzLoTzBpYc
3V0dNLAICb0
3VEKc3hwMUE
3VJhoTFauJ0
3VtgW-HicRE
3W4KcofrM0I
3WZiEFS47x8
3WcCg6rm3uM
3WyMGlHCqzQ
3Xe1fllS6Eg
3Y0KbXAI0gs
3YVyIHB_GoE
3Yr2hmF-YaQ
3ZAvnJvqAcw
3ZOyTXe9kmI
3ZSetXcG4bM
3ZegrxrmCGI
3ZxUWjZGAjY
3_KA1936PJU
3_MB7DSsBog
3_Pvj3akb_0
3_jEKcTQlkA
3_r4yF5FbyM
3_xJ3pWRF4w
3a2wqQPH_TE
3aI3xa0DHZw
3aREKqn8g9k
3b5-5AK4fF8
3bMkYFyiUpM
3bqoWGmggPA
3c0ou0NIMBI
3c1uR-5fM1s
3c3y91I_GUs
3cmTeT-lVVU
3cmyKrNIC3s
3concbvY9f4
3dK9zhMtr90
3ddcNdRb7Fc
3dks2Uu-xPU
3eVTWM8SooE
3efEQQPNlws
3eqtGASbq0U
3eyY5hL7MvE
3f1T6hnvqPw
3f2PYqgtOvo
3fEjUPhgD4I
3fj2DgaGvzM
3fym_hKqJew
3gkNjKVRrrI
3hZqhkzirDk
3hdS9aSBN2s
3idnM7ksN3Q
3ivqLFHG3UI
3jRA4sSCTRY
3jabT9eBP1g
3jd3atIU4ZQ
3jxrBHGU9JI
3kBlwgMfs4o
3kBv0JLltSA
3kG6191MCSQ
3kR2SpQzPiY
3kS0wMmIC6M
3kSmIh9iIfg
3kWsokqTXvA
3kg36--0kSc
3ktV8NUS1hw
3ktm4gVo7Wo
3lNrcy53h00
3lbc_sBUjuA
3lhq6ZUzneM
3lw0wTQ-KU8
3m5u62VOyHI
3mMIAWfA0gg
3mk1cQp0vgc
3ml5yEZOEr4
3mziRV37RNQ
3n7wU1EYwg4
3nAjgScilzA
3nZnc1DfG9k
3nmMAHC22eA
3nowR_P4Jmc
3oIXfGZQBR8
3oijnfgnvAU
3on8EJnFZ5o
3p1KiKU7TmY
3pD4F0vMjDI
3pXvRRxRWsQ
3pai-LmzHCg
3pgiXRzV9V4
3plZ-wGpuAQ
3prD-gIsJyY
3qE4_wAc1PY
3qQL_TUgV6I
3qT-ew9bPZo
3qdvuiR84eQ
3qpJ2oeAm-8
3rJJpAQRZ94
3rS5Hj44FoI
3sKZmn49NYg
3sVSNThrr_g
3sZPQGmYfGA
3sycZuJ_ox8
3taQOQoO8Ns
3tc6aiY6wBE
3uLKbGZHZTg
3uM5KCnaRfg
3uNuzx4vh1A
3udZpi1-0GM
3uk-q5bQSqs
3v3G8BDmUIY
3vEXWFW9_a8
3vPxz59mRlU
3vZpxsDoNgI
3vbcWHDwNhQ
3w4_xRwNKwg
3wNDKMU6ChQ
3wQqYp867bI
3w_LUAjRJSk
3wyiOwsW38c
3xS0JV7onQg
3xaFXQlpJTk
3xsOwS9SrYc
3y8b-QSsh4U
3yB7L9lR4SU
3yr0x-TKXPU
3yw5FJJJqIs
3z3uk90-k3Q
3z9WTgNE_W0
3zD1HaMkzv8
3zJdHGoWaSM
3zmGX9Qkp1s
3zu_wZBurCo
4-7JyMRN6Ug
4-EBXMrEKIE
4-TfBzlAJL8
4-guCkl7HCU
400_RqyYr1Y
40VpGtNf9oA
40akYHt7vP0
40vl2SA9IJw
4176g5KjUDc
417VxYp7soY
41PNWbrcPmA
41_3Jnx08Ug
41jh790wQ3c
41sczd6oQJA
41u9JX_sJsQ
422gQWNr1gc
42POgdUdM2o
42PU6Zf6N8Q
42k1pqPho_c
42tmao8CS-g
42zTen9ECv8
431WaqzSJPg
4347jZJP_xk
43AH6Fb2Vsk
43DCgVm_TCY
43cz7icSCqM
4479oU6exRU
44QqeOUODD0
44XtGHrPn8c
44nE-XnUZ-A
45EmQE3cuS4
45MOc6PYoY8
462ZrxGzIYY
46CPT43hYU4
46Hy7rNKtq4
46hFaTNYM8o
46p6a_QUqLc
47-JsPfI1v0
470qUSO4lMw
47JStwcmXzs
47Z2MIXoxF8
47cnsuZytmY
47f5IDo6wlM
48Pz78emxjQ
48m4HyVQ-ds
48ux5Ra4S3s
48xQnyFs0UY
48xTuItquAE
49dsUJnZj2w
49lkEa5Iqwo
4A50sIB5i6I
4AcyyU8JBEw
4Al1w8JMLz8
4Bg_4HcEPyU
4Bn52T2DRAA
4CAaYqsmbjk
4CVZCdw4bjU
4Cb5lKnN2N4
4Cp86RS_ugY
4DJ1cWbMiQs
4DVD84rk_Fo
4DsgrHRJlPQ
4E5Wx0ttigM
4ESjwS2fAd4
4EXmfPaKWEE
4E_M7oNMHo4
4EkTm6iqO00
4EoOX1kp7F8
4EvjX-hFwXg
4FSS7GkmMA8
4Fn-KwYNWPY
4GBdTMpoLk8
4GTZxFMC4fg
4GWfIXwFtsk
4GZN7gcYE2w
4GfC27MS950
4GpZEqIRsyc
4GpbzFlc2Tw
4GtzjFmecJ4
4HKSmN8biNE
4HX4EM1YZ58
4HYnSkoIY48
4HhkBfsvGSc
4Hp42A82ZAs
4I5WqXyqy7Y
4I77t7q_KRI
4IacB-F1k_E
4IarKlum6kw
4Io3sSXg15g
4IuJinakayE
4J0aE0u1jTc
4J8nffhQcIs
4JYqviByDss
4K4JmbunGVs
4KqZmdFrOlo
4KvzJOCG9do
4LjkHvvq22M
4Lq99fp1puc
4Lqdmd3mII4
4M6JB2sbLZE
4MOSHY9mU9E
4NOHoSSjl0Y
4NdVSJrJwYM
4NhdMFXsbqc
4OfcKs-JZPA
4OqZk92iKlA
4P8lg0LNXck
4PFzpW8HUD0
4PGzp8s4LOA
4PgeJsRgvGQ
4QY2inIBX_g
4Qq3zopyMJI
4QtkaGgQqgs
4R1b9NplwK0
4ROISaJc6h4
4RcyJQHS3Us
4S6V_lNhdFM
4SD1wjODW5M
4SNuuMyu6MI
4Ssfka9x_gA
4T7fNjSsKTU
4TFoUbHZuyY
4TOCBfizm6E
4T_nQ2G0N3o
4TlKA4vqAuo
4Ur6axzP4Fc
4UuyMjIIAzs
4VOlieNi7oQ
4VXUoSNIjVM
4VbJbq3Ak0g
4ViN82wB0C0
4X0xbb1wtM8
4X76-25l8ao
4X_39kch8sM
4XncSAy57gQ
4YOYADjZ_D8
4Y_cOPoAUzE
4ZEcmc0qNYo
4ZKOQvU1mYw
4ZX-EbVrpLc
4ZddooogWvg
4ZkBybb-sn4
4ZzpHxU99pM
4_c5KV0r2tM
4_dEdhRRR9Y
4_oLhiMXEvg
4a18dpASqCg
4a8_wmDOdzQ
4aajJ62KLzc
4adACKDYIA4
4azxFmqXMs0
4bNQK75V7oU
4bSsQvGb_Ac
4buk4cW57m4
4by6TrOZbMk
4c1lj-K9ouY
4c5k3Ln85fQ
4cG0JF9tuf0
4cS-f-nJtnY
4cT-q2yfRTQ
4cWGGdAGOxE
4cWOmokmSbY
4dAqIBtT5Wc
4dDPqyPLb4Y
4daH0TTPU2k
4efzymz8mfE
4ewdVCu_UxA
4f9wVAgpySo
4fK-uR8Dpig
4fTKV2sNPL0
4fgsIyRgcM0
4fqLTDvBTqE
4g07l6ZebBY
4gAA4UuL4H0
4gMADbmQc_Q
4gk-chIPrDM
4gkGPXh4YFM
4hikGd9GLoA
4iJOgNL2Gw0
4i_R6NJwVLM
4ihH-rfgdIs
4ipIDtitkXc
4j1m2AP0Kh0
4jAf4TIox6I
4jIRbkPYSuI
4jQgg-VisU0
4jkMFDnzCLE
4jpd-jOJSDs
4jshTxCZS54
4k3wAOX-4Ns
4kdXDW-Y8R0
4kqThRHkW6s
4kx_SVMt96A
4lmAmqB_swM
4lmtkCaxCXo
4m2M8_DWT1A
4mEIuyjiQGs
4mOp8tq8Jvg
4mQ85r0j-EM
4mT448EVhLQ
4mTc1jNZ2TE
4mXGZkz_4xE
4mcnkFG28TI
4mnOLIWHqWE
4mxRsotw-es
4nR8zALKAMw
4nSL7Fjl1oA
4nbkxtn1K_8
4nzons_EyH4
4o5BXXfXqww
4oBfJxHpf4w
4oLs-fHNhww
4oT5xSZWObg
4oXbtmj4Bew
4pgv7Q8f-AM
4qqyxcoIO6A
4qxfbNvFTBk
4qzurHWjZkY
4r3i0bmRbtQ
4rXjPSexADI
4rmT0xNfU5s
4s0YCIaAoyQ
4sMKKDmVzRw
4sODeJAFKGM
4sOurp2IMyk
4sPfUuv4UQM
4sQ-cCeub6c
4seo_3ifxQc
4sg_o53BNsQ
4spe-55aPKg
4t3cxOgHkyc
4t5lAmMSVCs
4tWddx3EuBY
4tmdgqWes_c
4tn9QahIeVk
4u9mQ8FRKSQ
4ue3iOnZQ24
4uhxIAbHtE0
4uo36AKTMkk
4uyM_B-u_h4
4v801GZcP5Q
4vE8jY-4gEI
4vXh3s7Xo6I
4vYAC6YvlsY
4vhixO05yZI
4vzGOJ9zcyY
4x8rKZqZl3Q
4xFvmjBT7AE
4xOlUNGHrhU
4xbxaFbK4WE
4xqiQNjHfso
4xvtAgejvbE
4y2FCP41mzg
4yNK51TC7xo
4ysYC90k6wM
4z1YSw-pXzU
4zOkZyy6mIg
4zn9LCao4Ko
4zpk4mYc8E8
4zwt2Q1CRMc
5-G2hArw5KU
5-JMg_3YWBc
5-TcYyZCqjQ
5-_XA99oyBw
5-_r19Ok-ig
5-kVwZa-z6k
5-tIV9dA8Eg
506bFKISbR8
50T0JcITjmw
50kQxoU_vTA
51bAF4pigME
51fED90eLbM
52AveuShlLU
52FMlgWIqw8
52pLN7bwdZc
53DajFuIqrk
53FGE3ul6Dw
53JyPU1PB-w
53QM0YG4qHY
53jh8ukD5ew
53u8PLOGlKA
544kTlLP-m4
548S_Jp5d_U
54RG0-ldzUc
54XUxz5MFPI
54heS4AGi5c
54x78pcWIgc
551roaniD8U
56BTj_OMyLQ
56nPpRJocA8
56zWieFQ5Mw
56zYZCeJRLs
581dBuuRZXI
588RfD9p3Co
589e0KAmM1U
58ZzM6YBQGI
58il-pOJ_Fc
58qUn4F4QEI
58rKncv56sk
58vDSkjV8u0
59DH8c-6Xwg
59uqW8XRiw0
5ACYPc6XXXo
5ATRZkwIziY
5Aaq3WQuGYQ
5AjLEBsmlKc
5BIvyycwGjE
5BPhptFhMlM
5BZ3pTPCDp0
5BcnXns6eew
5BoK5QBMLX4
5C47WIXXIUc
5CHpvm5nXY0
5CP_SBYbGdc
5CjZglnZpw0
5D4R_1PHoeQ
5DB6623-uyM
5DJjQJsrPqI
5DJtjFNzb_Q
5DftvxNWnMk
5DgLhI_BoZs
5DoxF5pBGHY
5DtH9Z5Qpd4
5DzRs89i1ac
5EH18DRyzeA
5EKtdgIWwRA
5Ew3aHnrQkE
5ExHKgV3dvM
5F6az9-Y0fY
5FGGyLZgEcA
5FLR2Sss3k4
5FzB7BwggIU
5GIrJqbcaLQ
5GnUzuaMvi0
5H--Q4_Q_7Y
5H36QRDetmk
5H8SbBi3g68
5INtDx-aMWE
5Ie0M27aCl8
5Il2JC4diiU
5ImpPd5dETg
5J5nJqB6z_k
5JA6E_AvWIk
5JGOVBRqArY
5JPL2sH27Y8
5JZN6IvfonA
5Jdn3EPYdPY
5K0AkUwaAig
5KNj9p4Ro6s
5KQM0k9QVUg
5Kh0Tdhoqo4
5Kkc--aYns8
5L3gY2jkCfg
5LDxM50kzx8
5LYDVtWxNd4
5LYlpxl-r-w
5M4ZHc1NNj8
5MCaFpiXs3Q
5MaryVvk2r4
5MbM-iEKHQc
5NRhlbirenM
5NWl-ds3Hyg
5O3AK5jSKLg
5O75agDBVWM
5OX51-g6-gU
5P426Mb1X-M
5PS0gY1juCE
5PTjDkjN85M
5PV5gpZBoN4
5Q5p-bqo5_I
5QHOcQRMN58
5QPyZ3szO_o
5QpiZh2ULXw
5R6-UgiWIoE
5RPPUytO8s8
5RaxWDDo8As
5Rsj1Cq99qg
5S__rkzlkDo
5SxP2PpZqaE
5T0k-VpzrNo
5TS0y6cNNZg
5Tg4c-RnP7Q
5VDtyBGITUE
5VmyNW4O_CM
5WJxtkgf07U
5WPtZa4lP4Q
5WY-xBpFD54
5X-zgCG6F5U
5XG-VdeevDI
5XKGS8vqIXI
5XKkit7qh6U
5XZb5EygUkk
5Y9pTN9X9VM
5YRcsSwRdAc
5Yn_03ZeA4I
5YurAuzUI-E
5Zs4IxluUTU
5_Vp4gOeNFQ
5_lZTzvZn1U
5a8QrhlJXxA
5aHQfspfA-4
5aITqix5CnQ
5bBy35oiuKI
5bZcMZPnpqQ
5bkwRT3f-Oc
5c-MarB679o
5cfLQatejEQ
5cjBYQ283ow
5ct4bdTE7ig
5deq5a007EE
5dj74QzH_Qw
5djL8WgcTdo
5dl5IhcJ578
5dqvxgzRMwc
5e2AoBZBm10
5eB7yqkHQAs
5eFUZC8UzgA
5etNJwN_o6s
5eugPCiQMLk
5f49_zCa6qk
5fJjfoQkIb8
5fVuYGg00uA
5fXyEFWgt_8
5femhPu6i3k
5g2lUdQvGqk
5gAG0LUm2nc
5gX2xRzGKQc
5gjR6BCsyv0
5grI7KZonXY
5h6Aec5tt8M
5h9_RbVdhaU
5hPM0TCXpGk
5hPrvAP744o
5hQNYAOFvL8
5i5WOTKBXhU
5iNUyVcGNZM
5iiU0gXTKjQ
5jQfUcNBhto
5jaJXGZicYc
5kHDMtUu7BE
5keBFMbKrJU
5ksXvq7Tuwk
5ktopUB2GZ4
5l-34vps1mQ
5l7Vdc8rAao
5ltIkklp3rc
5ly3EcPZLpM
5m18yTyCKiQ
5m8DehrisMo
5mGA0rFs3r4
5meVrlhXhWM
5mxI55g5Y80
5nCPhvheEmA
5nIBY2PGwoM
5nWNxMFj-RY
5nlckhTFUEs
5nmJWE2TA0Q
5o96Srst8ng
5oF1jyCRq5Y
5oTX3W-uyNI
5oej4DDHyVY
5ovlbiewPoE
5pLa6qk4d50
5pW_Ezh_gZs
5pXQdzkOYPo
5pYsc9qZhRU
5p_NjLRnBUY
5q5M2xsVzxk
5qIM9esY1O0
5qJsj-_RtC0
5qe7mrRDBwA
5qpJT3UA558
5qwCjoi18l0
5r52CPG8OCY
5rNOyM-kHCE
5rNm7YjleWc
5rUymc8DKi0
5rfyRfn4GRk
5rjusF4YZcQ
5sCYNvn_PbE
5sET1AAPjnE
5sLdzJaDTkQ
5sb2PuBI9-g
5siyrzNaHAI
5skh3c2jS7U
5sus1XUG6QU
5tPJT4Gb0yg
5taXiRr0pYU
5tb25HStnTA
5tbeRC870gc
5tf0ZhUtjyE
5u5ZrpoUAME
5uKvanjQ7wU
5uPxyRYI4K0
5udJgAVsoLA
5umjJXnlwLY
5vIhIC1kXEQ
5vK_EZ197Wg
5vcp_O4hOXg
5w2_M2yLxEw
5w5x7Wdkr2Q
5wPd9c-pBl0
5wuJII0eFlo
5x2AuDSv5eg
5xJB3syvJWI
5xKApgOqYko
5xY20cFElrg
5yZEf51gHsE
5yee9I_HjH0
5yiGqbmNL3U
5yv8zksLmc8
5z7Wkm-5cIA
5z88kHbcZAk
5zMfJI7W2Mw
5zhBoAa21po
5zpmr51ZEsA
5zx3UPXg_eM
5zx8KHllp_8
6-3phtJB_fc
6-E8rFvRqLw
6-mTHapnbUw
6-oeZ13aU3Q
607RUa_ClzI
60BCXyTfAXQ
60DOil6Fwbg
60MUUdBlS9s
60R0woj4g4M
60njboaNuFY
60qHioPCiXA
611FiGKm-jE
61jpVbOAiEE
61yYz7eY4tA
62LyxySYh24
62NU8GTBe6s
62nk07raYuk
632eotoI1_4
63Q4nMiG0k0
63ot5h08rKg
642Odr3xSVc
64DJYeNHwuk
64lfFzKEWWY
659P9CfsePo
65SEkkVb_vw
65w2iVzRsMI
664Juyk_7zk
66GCk6Brpys
66btMZ0IsY4
66kosYmmL1k
67JKHBqZlHo
689MxPqFm2U
68VFkjC4Esc
68ecqwr12T0
699ppFcUa04
69Rt2WYzE_Y
69S4GTFJg3A
69Vcz0ZjRnU
69bwx7XerGg
69qVeO3aePc
6APuK89FaoE
6AylsyfVS1E
6B8BnGXfIhw
6BGYeNesCAY
6BGt9x075uU
6BOKJGl2e-w
6BQqnxQ9-go
6BU3S0JFCYE
6Bf11NQ3Dfg
6C0SmQD05C8
6CFFGTw93RE
6CcAD69qa9E
6CeHO6doMEo
6D5ZBkcWBMI
6DMhW8swa3o
6DO_m4eJNY4
6EBe3AYDt0I
6EGbGKl960s
6EI9NB5NFJ0
6Eva66d4t-g
6F388TvHQUA
6Fo6k4Lqqiw
6G2jjgPh810
6GEQe5xP1vU
6GQhCwv1htI
6GuHZ21-8d4
6HS_uxeQYN0
6I-X0zAaNXg
6IHJVeMwx6w
6IJo86jjWOU
6J-Jwwis58U
6J0BK5VlZX4
6J3d44nXUvA
6J64eVKH17w
6JOzoOAI3Cw
6JUI3nPSYGA
6Jj0B6OQht8
6Js7q-QPLdQ
6Ju87p03H0g
6K-Y09mZB0c
6K1bP-tlvQM
6KN2qLUUc0s
6KdFpv0lP6o
6KlN6sISWGE
6KrVNYcOfsY
6KxiDK00fW8
6LVvNlGpJtY
6LZ2dkVt8hI
6LtzswRhCQs
6M3cn5EQSBE
6M7v2vSlFi0
6M9rYXWo5Qc
6MD3m8YQaSQ
6MPN4rTlw6A
6MWdhVh97bM
6Md2-SnvPjg
6MvgFcQRgcI
6NJP-ClYld4
6NO4iZuTxEg
6Na1J45_3hI
6Nch72DnuIY
6NfX0NPYhh0
6Nn92rnVYNU
6NnrHcg4xQ4
6OErQ4m-o8M
6OR1hhFVRCQ
6OaeaiOXckQ
6OiQbXwGwEg
6Om2POJ_t14
6OsKtqTRA-g
6OvUulMdI2o
6OyccKkA4wU
6P4CyoYmxHg
6P99T_R0EQw
6PiCyuPBpyI
6PlpqMUMF88
6PlvZTDqcao
6Pouung2lJA
6PrvKFtHVKU
6PrxrMzadrU
6PvNWyyvZEk
6QN5iNSr5EY
6QT05sCZTOY
6RAKrJzCpf8
6RNrw6Dx-mI
6RQO6pvFFCo
6RWnAi3onnQ
6RfRLcoJNaw
6S9Rc7yP2rw
6SWMVFNmV34
6SZKprgA3kY
6SxudC1SCbk
6T3s5CjYoHU
6T3wSnsjAz8
6T4x6GMA-yA
6TAjXOFmDEM
6TVk31l9-yw
6U0WUNuLq7Q
6UB6xMK6AbY
6UGD2GbUn_s
6V-QbmK_2e4
6VHKkJguXVw
6W34Oy_2xnE
6W3nC4DCaBo
6WEAqqt9aBU
6WRW-0u3qKQ
6WWZBIWtObA
6WhyfKt8l_4
6X0iwyP9Z0U
6XEWMgqFavg
6XMNDk34g6U
6XrDDmz5QmQ
6Y2ekSKVG5I
6Y5NIM3NYi8
6YREEIk2mNE
6YmGJZybkbI
6YxbV-IhXf4
6Z-GvQISiH4
6Z45uOkjuo4
6Z4jkOddu3I
6ZoSsgjD65c
6Zx-ZNTDp8c
6_22rW4l0nc
6_GDS456Whk
6_GsXu9qh_k
6_Qsf_tS-8I
6_kCNmmyOzk
6_qdKtB113I
6ajWMqxWOXc
6asu-Vsweuw
6brnHvsCR04
6byAmcFu5wo
6cbeFzJ0EY4
6d5IKuuT9WY
6dEvNpuZy3s
6dRWBBSULmE
6edQf1k1_NQ
6ejJmxjZgz8
6fQPhysaUvA
6fT6XqwvbRE
6f_JREO2RBQ
6gPNjAICXnU
6gZ6Adqctnk
6gasNH3wLjo
6ghd3Sc7LRY
6goqHP83UO8
6gri8o6ASf8
6guP14f45tQ
6gyS8wOYYk0
6hbUIqAZSv4
6hvd6LXnTVU
6hxgvNHtM1Y
6i2VfBQ9XSQ
6iPAz4vDlvI
6irIZh4WokY
6iuxkfqJq9c
6jNcvgya7FU
6jUzl7nl1jw
6jakSozq0UE
6jbzgbrLnY4
6jiq0kyRqUA
6k10Fuvknj0
6kHaQqtH1aU
6kIF5l3bEkQ
6kMB8TKeQfM
6kRLTkICX4E
6kY6y80MU6E
6k_8mbsAjmI
6kcnDQWi9DQ
6kizqif3e7I
6kjU7rvcUP0
6ksCvHIMu8E
6kzYBCjixRA
6l4Nz-3UHi0
6lO9v2rljts
6m-nkqs_glk
6mPocT8gLXo
6ma9FQvIAAQ
6mbej7bJ2MM
6mxmiR2luko
6n6NiaYtTOQ
6n7drKddgfI
6o1374DExJA
6omiKpL4VOA
6pAwnRWB66U
6pBa3tH38OA
6pU6yNCFlfo
6pglwwdnXjw
6pxxbxUhxAU
6qft6qRkjh8
6r3jIk_6q64
6rA-kc1BLbE
6rGcEBXmDp0
6rs_pbADmXI
6sHbRR-WgMQ
6sL-EODatAs
6sUVtRk7vy0
6sg1i2EPKWI
6sppmOdTbTM
6tBMdtRn5ZI
6tNRTzJD-oA
6tnItQmWK3o
6ttUBhPRUSQ
6u6GxeG9f2w
6u6grLHVDbY
6u8L5wyM_1k
6uIRGWHBagk
6uaaR2jv2_Y
6voFP7sYOY0
6voLPtGYQjo
6wDHt1FMaIQ
6wFf1VXgHPI
6wnC7KzvEnA
6wtBe20oPw4
6x3UI5hyfiU
6x6WGsZ1RoI
6xSxw6cbD5w
6xus3bPVB2c
6xzE5gHdtYk
6yAZ_fDfMI4
6yFSPPN6r0Y
6yTvgmwI0lE
6yVlFNjamdM
6yXKp9WiMOA
6zGP34Zjr7E
6zOQPYx-JXE
6zxuzXABkJE
7-V2PHSl2JM
7-f5lbhpxJ8
7-yW5Za1aCY
70BsJ51PP2k
70komeBheZY
70mLnVFCrmE
70oYnWH2cAk
71G-ngaGVDI
71JlriqyBC0
71XB289rSx4
71cxkRoQwwY
71sH5Zle1Es
72-q7l2zhCQ
72b98kP7nPk
72zl7M4ndhM
73etnS43V98
73fnTf-0Bwc
742zJNcUVrQ
74F6MNZBWAU
757vaqZ4taU
75AMP2r0yGs
75oPBfUjNZI
75sruWulOP4
76KC_Z3zgmo
76Lr8DVePFs
76pt2SQJCeY
77LDqquWmrw
77hlWqDuWnc
77q8sqPrgSo
78BmmxWCAH8
78K5NHxhjBY
78_SzeEgBv0
79KoNOyPBxI
79OwX0WnARU
79d4gvJKrsQ
79woZLXgQCo
7A9cuLyIft0
7AEZa4iOn-s
7AFmdKN-wfQ
7AdFrMtnoDo
7AgN1RiFNHM
7AozapCttk8
7ApfPvENstE
7AqNJs_inQQ
7BKFyl5ES6k
7BOt5bx8PoM
7BPIiMfLAhA
7BUaGBVHq_4
7BWxkVcv4DE
7B_lUMUYEmo
7BhH7W_tgk0
7BidZ3uch7c
7BwIcoLCLvI
7C8J2p00ibA
7CJ2wlYeN0I
7CdKd7LpHIc
7D-W0nUKgq8
7D7lEeTr2uk
7Drr4KQW3qw
7DyEo11GF9Y
7E1OViz5iqg
7EO5C1y0Kng
7ESZM2gCFhw
7EjSiq_N25w
7F56395coIo
7FEcew_B1xA
7FIo6CScCWA
7FX69ORI3EE
7FZZbzTFdqU
7GlUHOeN-gA
7HF-nrBBg50
7HJwryStLy8
7HVavdg73p8
7IFf4Ndh4os
7IN_mSgVqNQ
7IZwexxeUPQ
7Ie0PEB6ibI
7IgmhMv-ZoI
7IuKz3Bksqk
7J6Hj-stvNA
7J8mObjniAI
7JJrhzZlkjc
7JRAmAwr7EA
7JprpDwWvYk
7K4XzZjB4HY
7KeHmkM7SS4
7Kn3nboxnVo
7LNts2ERSR0
7LS-ntfHDP0
7LUe5RzuG-Q
7MbkK7CKaB4
7Mlz08xOGe8
7MpBX0pdBZc
7NH8Z23GWac
7NiJlxuvj4w
7O3ht52fAvk
7O3rBfBBfjI
7OFAjPHsjtM
7OgT3jg27Mk
7PIvfd_MZw8
7PKgMrXrMw4
7Peh1BCD4Ik
7PoBqCczr1g
7Q-PQRBbgh8
7Q4vCejpYV0
7QWBTZdMHI8
7R5hCpzDjk8
7RR2TUN2Vrg
7RSDYbiabJk
7RoR_pxgIpI
7SGT6Cl7QsY
7SMke2ETi_0
7SZlGOjt4J4
7SatkAyZOPU
7T26ReLqmwk
7TtqpVf2l2M
7U4FaiCXl48
7UJogUO4j6Q
7UWY60i7HUU
7VVTO6YieOI
7VZ3b0pr0sA
7VaQpRl_01k
7Vqf5zYzxvo
7WMrPyOnUcg
7WV1wXEeVy8
7WYb-UDN22w
7Wn1OpY7jho
7WuhkHR3qjE
7X8JNHMQyX4
7XOV6LC2LNQ
7XxDkHcLdso
7XxzjtfqFlw
7Y9MNlsjMC4
7YCUSliOPF4
7YIfx0ZE0Yw
7YKNkuV4Mi4
7YSK99vetEs
7YpkHwAD6uw
7YpsYfwfT4Y
7Yq01dFcwqo
7Yve5L53C-E
7Z0l5g5s5sk
7Z78HSi4k70
7ZhJ2Im39Jw
7ZhokD33RO0
7_l5rJrINFY
7_qPqrm3He0
7aJalt8-pAY
7afacCRtUeY
7bfRmIUYBE0
7cKD5Mb3JMk
7cV8VnrL43I
7cgvbsX5B2A
7cp7FmMBdlw
7cqwtdYx83E
7d1b1ZJpRNE
7d9MhumFfGA
7dH21HyWjLY
7dUUwC8ZqaQ
7daxQYVy9fU
7ddm4cfYTA8
7dpZ7vFavds
7e9CvZGewvw
7eAwKv2twFI
7eaf9MOKigw
7f-gY7vlst4
7f6qrqm5occ
7fBwBeetunQ
7fUIZwBwiv0
7fVxseJm5XQ
7gOx_tUR4_0
7gYs_IfTca0
7h4Q4T0lIZU
7hH4QwOAkUU
7huATUKBj4w
7hz8VGg6wYM
7i2PAOIVh7I
7i2_QyE8wKY
7i4lq-3Y7iI
7iIWvzEG0JM
7j7n8cLSs9U
7j8egTFN1mk
7jHJBA2xzcQ
7jM28JwbkG0
7jed4MIwTfU
7kG6dqN1t2M
7kGjb3uvF6I
7kTrzqaH67Q
7kYj4jyneNg
7kag62038cg
7klauYqyXcE
7ksL4Pb78kA
7l3P2qr_f1M
7l5GQqEwDGU
7l5UagMhPO8
7lHzpLZDAqg
7lI2AxcjYaY
7lWrixfJaDQ
7lYt7iGHYyw
7lZIedz2MIk
7lgIpLboif4
7lmC2iIqxF4
7lxGDz1sGfg
7m8wQD66Gco
7m9_GCUNhTI
7mDKbe9ysms
7mG3BK-Jc94
7mHmIpaXWQc
7mgyFsrKxb0
7nGS6izjlkI
7nT_yVN4CNo
7nZJmw6HmOE
7ncX6DCzFpI
7nsd8S9Duro
7oFuSXXKj_A
7oduxDIEctg
7p6ooIGtIQE
7p8f-c-zrUk
7pPHpv5xRzk
7pr5-OAYhjE
7q2LljbmLy4
7q9Ry9o28M4
7qB6GH_0FLo
7quZ0atJAuM
7r-9m0TBGqg
7r7sloQYDgE
7rD2Dxzsz3I
7rMTaGGYF1o
7rQ4CFqxejA
7rSPCuOz9Js
7rWdKD_zU5I
7rwTzcvFoRI
7sBPejTF8sM
7snl7NBq618
7sw_oczhBmE
7szZZOIsZjM
7tB3iCXYLaw
7tVAd4AJvcg
7tu03_70INA
7tu15CD6qT0
7u0ydmo14Ps
7uLthrLN24A
7uQ6-PNMONo
7ua6pzNxug8
7v8DFeTTfZo
7v9cyJJdy4E
7vIct9bIc7k
7vX6jTug06k
7vcFgjMRRL0
7vi-vnhr-o0
7vv1B8cJY74
7wq49tcORVM
7x-HxZ2C8xQ
7x5M7SELg0o
7xNgweGcOq4
7xNmfKxupDo
7xT-328j7kQ
7x_7UNm53j0
7y4GWVc73ec
7y5bb8x3BEQ
7yECzW_6rGw
7z2ndRQ3mcg
7zZjGBUU62s
8-AcVqDjypU
8-KzMJwOJ0Y
8-gGRdldKio
8-jR-d9RC3s
8-l0BD0SYR4
8-lCVMAZBhM
8-vbbvT_nPw
8-yxtYa4Cx4
8-zq0cUmFzQ
807bLKZW1hQ
80_Ji6D2EzM
80bCJNU66ow
81H9MByHhgA
81fLqayU8II
81kBCEIYhyM
81kE2GyQu2Y
81si-UJ5WpY
81y3wdil1bg
828yCnQm7LQ
82KUpF8kKzY
82LRwQdg2x0
82ckCOaERZk
82i44rIz4Dg
82ma9dTOZcE
83ToaXoRYlk
848g0DzaMeM
84T3KW4km-8
84zNNm5BACE
8559m4vDEYM
85C5dbPsvgw
85MO-KqkW2Q
85_s1KfnIuI
86ezNI6Cnkk
86gLgDaCLoQ
86pPgOufaiY
87HupkQOUVg
87N7-rZxQiA
87V2vgdf6xY
87W_Th08O_c
87YvaR7mcvw
87_AbMwjppQ
87tWZSn2Mh4
87wP326xETk
88WvKcNCYjg
897HSKKt5aU
897bXa410Qw
89Ch4owad_I
89F7fhKpuLg
89M16hAWn-s
89qZDhshn8A
8A1Ehds8yEI
8Agu2QjXp2o
8AlOgzElrN4
8AwPUmcNWKI
8BSDcz7HFJc
8BWkGLR8bZ8
8BiwXOOXnwk
8Byej0J1Gdc
8BzWQ7M19nA
8CJDKNKubIU
8CkyX4g9UMc
8CliBefcURs
8DlZXagDg5I
8E-iYDv1564
8EYOwjnGP7k
8Ejn-v3D0nY
8EwIHndsMj8
8FMK6bL_vM4
8FhCnP307io
8G6wCg3GyCs
8G9OGdo4L4o
8GlhD4uH2Tc
8H4hiVIGa6s
8H7XYcKqUck
8HJpJnoEaZw
8HxXnl76N4Q
8I5OGRDzEO4
8IUq97d58ro
8ImSUprviw8
8J1hAdVLZKM
8Jmj52Y_18c
8Jz0Ts8bgqQ
8KFBZHcWbdQ
8KGL9XgEgFI
8KJw8z5olfY
8KRLlkNNWvs
8KVV7QEyLB8
8K_XQnG13io
8KiWr_dZkOM
8L32QnBuRh0
8LBLFnlTHmo
8LJ3Z_hB-nI
8LJVln_ZHe0
8LXUVTMdNO0
8Ldl_qS7u9I
8MCKH6sFGMU
8MGgrhem10A
8MUbSED9vH0
8NGVkCCB6-8
8NQXt2Zdwqk
8Nc5eK1GtWA
8Np8mOJQTvA
8NyuHZJRFIo
8Nza_Kcc8hU
8O3uhgJ76og
8OF348gvV2U
8ONYyvJEWvw
8OVn8HYpzQQ
8O_oHrYi90I
8Or7Q2t094A
8Ox5CtjWoA8
8P9uPfgC-S4
8PWLKxUZ8B8
8PcvokEtW0M
8Pfk-4FNHXE
8Pi35dbSGIY
8Q5fhvjiq6c
8QH5GbSlkQI
8QKrjQRQHxs
8R06k9yRkSI
8RIdJFpyFTg
8RWLPxw3Aoo
8Re7lPvdgEM
8RfwdZQtSJ0
8RzutjWRnIs
8S0j2y_GUfs
8T4yfFkrANw
8TPma6jrruc
8TS1eGX4zvw
8TSVrfjjnRE
8TUTdeDWnCA
8TduH1vRUG8
8Tl0UGVNNx4
8Tpll2KTAHY
8USdcEzKuk0
8UWcei3lVmo
8UYb2Ux1P-I
8Up8Ks8YAHw
8UtVzYEGF9E
8V2iPFIQTJw
8VlmpTszayI
8VocjMfQlfc
8WKRoG_-21M
8X4FN3zMKbY
8X5DXCq7YvE
8X5eWNTXeR8
8X9dt-6LyyU
8XFq1bCYj-A
8XSHECKDubI
8XcFiAxgaU0
8XypK0KlKkA
8YZx8Ln5ldM
8Yfp98rCmIo
8Z_W73Xrcb4
8ZhBE8WLpMs
8ZtX0DlmK4w
8_0AMU7CEdM
8_Ami8gi5fk
8_ClOCIN77A
8a-Bbwre2DM
8aB3Z5YhE78
8anR5Mgd_2k
8b6aK_CSZEc
8b8IcHjsxhY
8b9Rmf004fY
8bAX_zxUDeQ
8bEX49dsRKQ
8bg_G0-sTJ4
8bjtgpYka_o
8bkWHNJkQ-Q
8brlK671VQo
8cAkX0o30K0
8cF3mfTXuSo
8cIjbkF3Y3A
8cJP7SV9sEQ
8dLWfOYhY5s
8dMTMbmlHnw
8dZycawAFdc
8eK_YSeOe0w
8ePoLcGsOug
8eQE0iVUm-s
8eQIRRtgJ9M
8epvZ5DAWpw
8f95VY1sEqM
8fAhnbu2cuQ
8fanQxilhwQ
8flSukN0-9k
8fsXVJrcqwM
8g3ytHQQilM
8hE86EEDLng
8hOO-6Luh1Y
8hSkBlE-KIw
8hsDXR0oN2c
8htMNyhfjgQ
8iMXcFqWc6w
8iR_q2Osyfs
8iupEajmjIU
8j3YPWYXiL4
8jYjF4U0wW8
8jfOCK5r4Is
8jpcXkArScI
8jxD7lyauio
8jy5dh9dyNQ
8kQL94iHgC8
8kRLecmsi98
8kl69yA0sSo
8lCJaAYUjLo
8lMhu9rYac4
8lT9gK06Fug
8l_XPOQRfjc
8lqX1_669jE
8m7IsoSX2No
8n2z1rx8z3w
8nblfNHsBV4
8nctboPw2k0
8nn7cdczLVg
8o-PfzqXq4g
8oNJaNGV6Kk
8oaLPRj67ew
8p7KgqdRBnU
8p9NsCjBKhk
8pEnd_jAOc4
8pM5Lx9MRnA
8pXGPWgVW_k
8pXvrwqlVlw
8pvOou_JYHk
8q6h7onGHFE
8q7qMStOeHU
8q8qUcTDOlE
8qK8yLgM4bs
8qYeiYmA3do
8qd37EinzjI
8qp8CigkjDo
8qt0FKJClKc
8rIxjlmtw7U
8rJk6cL0Phc
8rXbHmK-FzA
8rgAHXxPdLo
8s3cY6dAwtM
8sYasPLuQ1A
8sZR8hTexT8
8sldjXb5fYA
8ssEM4HW1wk
8tPiSj2-7Fw
8t_GL7jXbjA
8tbdqhrGoKE
8tziJ1IX1B4
8u9CIQ7BohA
8uC7VyqO9i8
8uKq54pYBog
8uRLKkBsRN8
8vgdPzViq0U
8vhcrSMJCLE
8vz_6fgK8iI
8wd-kfZkEwM
8xC9NznaTuI
8xQNw2Yg2XY
8xRTsP-vvgU
8xgMpxCdRn4
8xymOf4j48U
8y5kx8G9_1k
8yQNfo0MH98
8ylfAcq0HQM
8yz72xI8jWc
8zDEqaFnHIM
8zhWDqQY53s
8zlakZxrcss
8zpw65MRCkY
9-0Xxcr9ESY
9-ELKIqedQM
9-G2SWlQCZ8
9-YuFcTN_NI
9-aGkqRK3iQ
9-xL7hx5uaY
90FqHJMdXF8
90OnDuyRXc4
90SZVTdqfLY
90uhVfPg7qY
911t-JyQNDo
912LEZb30_Q
91S0Q5AovUg
91ZqiMFYkbc
91f5uWAPfnQ
91kRQrGJDPc
91y3Jcmdw_Q
92B2p3XebNc
92Ol70x1wn4
92h02Dq_eok
92ldy2m2IHE
92uj3st_wyc
9355ZlftVvQ
936DNzKC4cY
93gFjS2qG_0
93vWTvGVkQ0
945mBhUdL0U
94JXL1atq2Q
94RFOusIj-o
94bpcioFMZY
94op8EvQ8yg
94pBemDq1Jc
94uaaASlMtc
95-9jquhd6o
951b9IOPNpg
954fpIEaH-M
95GBE0Pqypw
95UTbodDk3E
95blaVFvdcI
95rrm2Autec
968AZn7Sg1g
96C4ReuX9ic
96OvcRTA_XI
96ZsRCK_rjQ
972uKu_bN-w
97YMn7zCHKk
97ZGvORvlck
97xwRRGl_8Q
98Y71K0hDOQ
99ONBLRMzUI
99gijd0ISUk
99vlIVAhz5I
99wpxvTqRkc
9A89jjO9orc
9A8kJnDytIw
9A99CYM0lCg
9AEOUNGolwM
9AK4EWlBkaU
9AQjjqUhiJI
9ASbJq-ela0
9AhClD4PfQQ
9Ak-62aG3Dc
9AoylmoPFdI
9B3o9bgfV_g
9BDyEB4T84g
9BIB-xCL8qY
9BTS6v1oUts
9CEYtXxQ8Eg
9CH_smq5bBA
9CMM8o4GF_4
9CXSxwDOmRQ
9C_mZjauzEk
9CxKBBZUQCw
9CzR5yXW_os
9DFxUFa4-Z8
9Dgla9wbW-g
9Dp0oOhlMEM
9Dyq4s5bv-0
9ERGwHSLQOA
9EaNIAJTxuY
9En_sMndraw
9EvsVSliwfY
9FOjusZhibQ
9FXvdoovnwU
9FczCLtw0Wg
9Fj96-VSOIE
9G4VpYC5ZHM
9Gct3-q8go4
9GyLpmgUsA4
9H0s942qzzQ
9H6lyDRklME
9HsTW98M-m4
9IXIHIzf2ic
9IepfyX3sT8
9IgCzaX5rk8
9IiUpyVIEng
9IxtMPWpV-w
9J80X1niH38
9JBibTaKxuE
9JKNgV2_v9w
9JQOlK_kq9M
9JaEH9V-Yl8
9JcW0meRmNY
9JoIZDgJyWQ
9K4MQ0JIKGs
9K6xTQRpg4c
9KKOFAT27aI
9KffefEHQOM
9Kx7SY2c6xc
9LQ74vcYp1k
9LRSOCMWIlY
9LS7CDW3e-M
9LllEeMS76k
9MEpZjNmEck
9MNXQ4n7Tjk
9N1_eMKCJDE
9NVq_1AsWu4
9NWqsc39HrY
9NgRMZOfrJw
9NkjGInoQL0
9NnFGvFdjeM
9NoChdoaPCc
9O4_YW_BKIc
9O8HiGQrMW0
9ON3fkWX4Eo
9OPSBcECaJA
9Oey3LQ30Fk
9OwpyFuuiu8
9P-2ymDdIBM
9P8DhqXx5dQ
9PGwmdbtt-I
9P_Scugshfo
9PqfLl1tlDk
9QAkQummLtI
9QSrB6Yvp5U
9QUSPUZDjVU
9QsMUC90UvE
9RHtULca55c
9RJivBvEP-Y
9R_EJ57Ar_M
9RiR_8IOZkg
9RtVEgKBUCI
9RxhcVOyv-U
9S2cYAiVT_Y
9S2oKWNJ2_4
9SKhIFrIzxw
9SVcc5xi9Tk
9Sh63hcP4fc
9TB2IQ0W7DY
9TIwnOOAFH8
9Tfciw7QM3c
9TiZJpaUNkw
9TkYDG8Nt9k
9U13DDZTxDg
9U5Hx_CcAdI
9U5isRT_Zoc
9UBlxp6HYDQ
9UE7H4F5Yl4
9UQBydDd9As
9Ufl4Xdyuy8
9Uj6mF2VmUY
9Uu--g5Vaq4
9V1JxMXPjRA
9VMwK08Imio
9VgtZKQbI4o
9VqW07XB8lI
9WDdfFjVTKc
9WPGiBVMtzI
9W_BHo3olMA
9WbMieowhjc
9WuzWn1qwFA
9X3wXhzYGlU
9XKykUHyLxA
9XNRsQuSA3A
9YLkRk2_lT8
9YQdtoqK_5A
9YX9Su9vJGw
9YXDL7P7_zY
9YnB-iEMwJY
9YoRqOPtANw
9ZSUngj6cQY
9_649I54_Sc
9_6Bc3KV5OA
9_DdNeuOtXs
9_Eb9eCgVHo
9_FvJh_pHlQ
9_Je3rcc04w
9_PmHXfPsFo
9_c-gRLC_EA
9_f1Wnxc0SQ
9_lrpPLvhOQ
9a-daNwiWac
9aK8s0HZTkc
9aePe26Y1L0
9ax8Ito11L4
9bJFxrcksDA
9bLVl1TylzA
9bMMsEJuLfE
9bNZjP1LsNA
9bOurAtzKLI
9ber1P_jHDQ
9bspUMbwyN8
9byuwhO2TPU
9c1J9PEgo30
9c4Fh_QUoPU
9cRNA7-U4wc
9cYNQ9ULpsI
9d45_Qr59LA
9dJI17FNGeM
9dL_KMkJspo
9dX8onsEZIs
9dYIV6XgAMY
9dgkpBG-uXQ
9dhmzsq-0yI
9duY3rDqjgQ
9dyDc47aiUM
9eKajXYkg8Q
9eaTFE6qxZ0
9enBf1PDjX0
9fISJ3ZC_EQ
9fM6XypJRkY
9fNkUH9mGdQ
9fSxKtF4pJk
9fu0TEt4G-M
9fv7uslKDbc
9h13UL2GJeU
9h6BHfTPhEk
9hXDoFE5WpY
9hYyx3r8PYI
9i-ine_Q8-4
9i-zl7-LoWQ
9i751yM_iIM
9iVJisPO8u8
9ic-iCi3NY0
9irGTBsmp20
9jFSNVh1vUI
9jQRdIFLL5w
9jjRCaP8kSU
9jloWfQ36B4
9jyegGzo62o
9k68oPsss9I
9kKYOMF0vmA
9kP6ikpmlNc
9kWSXPAX9OQ
9kqm_cBMFRk
9l0Yt7ouR8U
9ldenw0C7Sw
9lkI7KVNQLY
9mXHh_DYtks
9maa6n7vrT4
9mmyimu3EkM
9mrS2-iiAGU
9nJ86JW8dnQ
9neuiLVsslE
9o4H72KpPKM
9o5ivpxJWJY
9oHWRCBk41w
9oJo2B2f6GE
9oJsV7gkUqM
9oMM7XQJFQk
9oPdGMvpi8o
9oSjbcebfr4
9og4sI0RuCU
9oyUumXEWYw
9p8C-C8VShc
9p9uqI3LEAo
9pJvt-1QZ48
9pYvjMnJWAs
9pmY6xSfHHY
9pq8GoE5RgM
9q-gPxbpeXw
9q9-9jkUwjI
9qWusNOWuNA
9qZ7aoIVdxY
9q_YlZ3go50
9qqvw_n8Wqs
9qx8QdcnqiQ
9r-2BY0Zl38
9r1ElpfbDKY
9r_CNEchPGY
9rng20cwf00
9rv_kE8V9cc
9s0HYaOyJuU
9sNGFV7TpxI
9sOgpAYf-qs
9sYxU7PslE0
9socCJsE5lk
9t14cgiBi1M
9tEwC9tSG_0
9taly7a_9fY
9tl_hDl-p9s
9ttbv59MBNk
9uPr58sRyKQ
9uoiYh0iYUY
9uy-cwFqII4
9v0WxuPOto8
9vqMDujXLyc
9vrvPLoKSAQ
9vteAKC7LOo
9w0877nIbcw
9w4IFnLJlEk
9w9y6Y8GqtI
9wFr1mbW-2I
9wVDy7QtQzk
9wW_yOLL3sM
9x-LkPLnIOg
9x23gafgxJM
9x5AtMQK9Sw
9xBP7m8qB6U
9xfXkfs9kY8
9xiQZ6u1-_M
9xwo3EnSYos
9y17SJ8PMt8
9y27Wpm214E
9ybiGAx02EQ
9yvtD_BcU-Q
9z3V4VNh_X8
9zAdGD_AaA4
9zvpa9tVeX8
9zzy7n0evO0
A-MzY3uNTbU
A-PT2FnedcY
A-g4V4LrL3U
A-oRKLDCNp0
A-wDwISFNsw
A0Bo8gmmorc
A0fVJhlEPjk
A0feYbsOD88
A0tQ77KQUmg
A0yZm0mlZx0
A11ihzJVq_c
A17j0TTRJcY
A1JJDbE0UQM
A1QBn-MFsXA
A1g6kPEgZ1Y
A22TIcf-C-Y
A2Sj4g-if4c
A2cnsZONIC4
A2eUeuN8TN4
A2hXIQ2Tq8M
A2pK5PQ_bIw
A32IoiMmTaE
A3XjgHPf2II
A3ZPcoW2xUY
A3r_Ip-izec
A3zxxy_jWMI
A46SfyLr9-s
A4AZcJHqz8o
A4FpH7FBSpE
A4Nx_Co19Hg
A4Xo2qiUSsM
A4hhZUHeGuI
A4yT-tXBmzw
A560gKIcD-Y
A5Hbo5HxM4o
A5muW_YYuBQ
A5qsRPSOkRU
A5x6YINk4R8
A6B-H9ZsXvY
A6SNK44UVz4
A6T5bEfnWuM
A7-mX1RtSRQ
A70gLhL1VhE
A77Ayts3488
A787iDHSVdk
A7UsipZOWKY
A7XENaz4F7s
A7l2GyD8O6A
A7vrmPHG3gs
A96zbdYnQ-4
A9EZxrq3ISY
A9eH4soh1mc
A9nZHbHat1g
AAQN_yZT9nA
AAotVuGdrps
AAyAXIRRbGs
AAyRxbGbNDA
AB4HD9WHF54
ABUTlADzd1A
AB_hoapcn1c
AB_jlbkUKjk
ABj480rvehc
ABnFHFHZdNI
ABnZBLLJDRA
ABoAtm9mL2s
AC3oiLEVeyU
AC4Ouu7336w
ACXQx0dQriY
ACxB-5xHn_U
ADE1XcOB6cQ
ADHxUuNma48
ADzgHdt-QRw
AEZKNpQO-PE
AEg_JlPTb_k
AFDFUXwFJNk
AFIsmKo3xJ0
AFKikep_ktc
AFrhHFmwpRw
AFtsycUE9fM
AFu8hb6-7MY
AGHEq2Sx_J4
AGPrravG1Lc
AGn-r_gNaA4
AGxXzPnOxXQ
AGyymEacHWQ
AHXZxeRtqtM
AHgZMd0HdrI
AHma_GZVYes
AHq9LEkR2BI
AIkTzZMJCk0
AIwOSmBjKVc
AJ5Dp-_QFQ8
AJ6yyKkp6G0
AJT150Jy2A4
AJgWbxrx9T8
AK3n8kYbEwM
AKHodbI511k
AKOSe074P20
AKVrnAB8bO4
AKkoRHyCE6E
AL0bBXiHGKY
AL3YnNouqUk
AL5I71tk7gA
ALMMB8FGPGU
ALj7GjjGjow
ALrCIUQViJ8
ALxIb6DPZbk
AMGjPcDVPDE
AMb5WTujOuQ
AMh6B7jY1SY
ANKCC12ea8I
ANR7CapPEnQ
ANchsQz11po
ANh03YiJIvE
AON6T9Mv6EQ
AOrs7E74FYg
AP0REVJUI88
APB8zITd_xQ
APOb6rqNS0A
APRyPABjVbI
APj4SzhLCjk
AQB6gptu7HA
AQKosxWif5M
AQxG1nzNAWk
AR-gfBgy3kU
ARF7uF7sKo8
ARQkt2Ggw34
ARiPF1I6gkw
ARug66QiE9M
ASaxAJMfQj4
ASj2axOapm0
ASnwLWjxCFo
AT1BzCpumbs
AT2hTI7VVEg
ATHSDNE0_Sk
ATOCOfalIUg
ATbeK0BzW2c
ATrtOkN09iE
ATtRJhb_Iuc
AUFkq39S02g
AUMvqJgFugE
AUnI3KwDUus
AUqXa0-E-SY
AV2b6zMoBD0
AV5ltJ6YbR8
AVA8mU0iMJI
AVDncyjQsME
AVJKZXx1-sE
AVgT11sCKxQ
AWXlCiDJ610
AWuVGEt7uVQ
AWzGlE2lNYE
AX6vX1RFRbQ
AXmdmTnRs3g
AY3pE9WUMDI
AYrTnFq2iWo
AZO6Tcb1ZO0
AZSAOnKQPDs
A_5PA1PgROs
A_AdCWE5Cpg
A_JCtOKNcRQ
A__VGJjewg4
A_fmWTidvqk
A_s2kiDmS1U
Aa1l__kJFCI
Aa4kDp149XU
Aa8XXtFO_0M
AaQe5zWlKkI
Aabp0OOol9s
Ab3bVz1aKGk
Ab4ehSMxYEc
AbBg0X_OXnU
AbE3zmHbI0M
AbXCJ6I2qNg
AbaIDyDnzNQ
AbdcW7abUh8
AbfNElUtFr8
AbksJUeFjJQ
Abxx1cInSd4
AcHiKuSQZXM
AcOZneaz0cU
AcTnaG80-VY
AcVDhTXTk9o
Ac_ZutpBK44
AcgvzpHX2xQ
AczZvWlDetE
Ad06xBZUyqo
AdS_StRCoV0
AdYfm5xGyHY
AddFXD8yNlA
Adgo_aBUn60
AdoG8LvAvGk
AeWZBjUBHi0
AeaG22HBKeQ
AelSymo_JOE
Aevupif4uL8
Af0aHi-5PGQ
Af6r0QWcqok
AfRglrNfZQU
AfTRcetB6ZQ
AfUAueX1qxc
AffiAwVDsaw
AficX3E7kDA
AfmIfNP1x78
AfpSRnahQig
AgBFSuIhreU
AgJGOd3tuqg
Agl5VhL0Xvg
AgldTc7X0FY
AgpHy5h54UU
AgrjAGumLQA
Agw_Zklh9Wk
Ah0xCiGOhJ4
Ah2DWsyDYxc
AhCGoSpsC7A
AhDNtUggtbc
AhP3Q8DzQWg
AhflsJxRxKI
AhlITM5ix7U
AhnczItui5I
Ahyzb47QwPA
Ai2fvYCtalY
AiDm6GTuQvs
AibxEZcZdWQ
AjeTZBbv16c
AjjEDRVOwF0
Ak44yLyzpps
AkAskVmlXm8
AkE1zeJI_Uw
AkEbopbRLBg
AkQmevmF8v8
AkzdhgmdiBc
Am7T33nroVw
Am7VUkujcYo
AmNbeEsxdYs
AmSC1cq1aiM
AmU404xqN3c
An8NJBGgRvM
AnBCMoLU0Zs
AnUiQaunEaw
AoWb_BYD91o
ApF5eXf3cBA
ApHPj7zIon0
ApMEiCfIhWE
ApV5YYCHACU
Apgs6GYWD-k
ApnD4Afr8ic
Aq_A5nORJGo
Ar6nE0tpO8Y
Ardude-Vm9w
Ark0eDLHfCc
ArlIzMwf_JE
As-x3CgaBek
AsAPcDl7diE
AsCDm3UTjwQ
AsT1ZHqYy9Y
AsZo1XKXy0w
Ash6DNKZeuk
AsoWeD7QeUs
Asron_DmnS4
At1m820770I
AtYHQxOy0LA
Au9lh2xbtmA
AuMXHUyuiDk
AuXHHj3E9Jg
AuZRNH7Jt_o
Aug46_ENlEs
Auh3AIr9pck
AunPj1sBYjc
AuzG5DOcaso
Av5l4PsJwhM
AvLhfcyXuDU
AvOkbtkjnzM
AvTCBzC1ZmY
AvYd37BpXD0
AvuCrdpTCr4
AvxfymxaJHI
Aw6nqjmxO9U
AwKY_X2mxb8
AwVrYIIP-W4
AwpGgX7ZX-Q
Ax2uyHy31-M
AxIi-r_VLKM
AxPTWVk3NpU
AxZHMlHI0cE
Ay6vMNWnDUo
AzEiqucIiDA
AzFgX0RbPmY
AzdYxciewwE
B-eInldLCHE
B-nkjwiGaow
B0Gn-EA_XxA
B0NET9xuaXA
B0Qa_QeuUz0
B0kn5CHnX98
B0yPqjEG3E4
B10KZwVAJAU
B1I19wW7m2E
B1Ji78f8qig
B1b_aSqWxW0
B1fcGNlr_Lw
B1gzF_TfF-Y
B1ixGEMCkN0
B1u3YjLjn7s
B2Ezzn--Oy4
B2TAHQtITdo
B2XQN9d72uU
B2cLzvCKprA
B2iHIJtr-Uk
B35OfhXTDes
B42-oi7FD8I
B429WglKDGs
B4DWQN27cLk
B4HZIvPcrTo
B4TaGIEueus
B4WdfU6jiuk
B4nHBn8zypc
B5J3QjKoTlU
B5rLDz2Nhtw
B5xMwkvPsw0
B67EVdsXBWM
B6KtYjJ98ro
B73S_YQ_Fdg
B7e3Hi3F5AI
B7hRyfBODQI
B7nAtwfuims
B85FBVflI_E
B8J_17o0xUc
B8oYeIF1aWw
B8opW3mA_Rk
B8wUYEoQDHA
B9BeLSQThIk
B9HgeWmemEk
B9V6Ks1L1gQ
B9ZuHbSqbIw
B9l0V-4bD_8
B9lz0DY6YF4
B9oU7Vh-4nQ
BA2g25UuQgk
BA5QyCP5toY
BADvxiHKGSc
BAw08ff0QEA
BBAnObskqhg
BBIy9wo0dOk
BBXYtz9ZneQ
BBXw0BYi34U
BB_w45q6S5U
BBjI1aC4yCM
BC6Rsdrs_ms
BCC3dqKEgMs
BE4xJfgeCAo
BE6JeotsU7M
BEInDZ_TkvQ
BEKf3jy55i8
BEiTtWmOSNQ
BEvtNYSS7O0
BFAkCR25-yI
BFXTgRrvWDo
BFtQdlm6pog
BGx8ojyDbns
BGxRzLNSAoQ
BHJEi5xyqR4
BHOjdG2f-ik
BHT8mqTnk9Q
BHf92YyDzMA
BHfJ5-DOcd4
BHx8SgmmG7I
BHxj1MWu_e4
BI9aKAc1AgY
BIE5hr-M_G0
BIbGGcCiiTY
BIuLLRGWzZk
BIvmdSFpZGo
BJfIEC-Lt1o
BJl5WrrFQQ4
BJs9Bz42huQ
BJxLLXo8XXI
BK9-ss9C7x4
BKBCYgwh-g4
BKp_XbsDa00
BLWArgZXkNU
BLeRKbx9aOg
BLlWaBgGTEs
BLuMeC1iB5k
BM0fEsjI7Ko
BMJbBmek7Mc
BMOfgmJajFw
BMWwvivBdIE
BMZbm1Y6EMg
BMmcpVeDH6A
BMxW3UwZZT8
BNN-_FhsA20
BNwNE9v4aGw
BNyILc11a24
BONQcrGjc5A
BOZ0k3Nk2LE
BOZYSq76GU0
BOoUmPfAKF4
BP3w2-X2vRI
BPakAkjixow
BPbUWfcj1FM
BQ-A_aIAtFg
BQQat6eLhQ4
BQV1m5pbMDc
BR2uneBPJzk
BRIRDkr1lU0
BRKsUbApp5Q
BReySZV3Nto
BRtxsnZCkeQ
BScUeDPVbFA
BSdb7aziG2A
BSgVkc9jg4A
BSitfAZs3L0
BStdDexj1Uo
BT-q8o1Emhs
BTbUsaxx9bk
BTg4fjmjWSE
BTl3t8jGrIw
BTupSQridXE
BUUZ1UcVL9A
BVik_LqAg_E
BWFGuabQm4o
BWPw2Mifejk
BWySzNhhav0
BX5blpWXLiw
BX9kvWW-Oyg
BXV0rWyIKco
BY8-Y46zpiE
BYIH5xfUTPo
BYpZ0WrzAUI
BYpyCEaxiiI
BZDdH4SuCII
BZGvxYiRNt4
BZky_5Zu9W4
B_EIqDJEhs0
B_TgnpQCJ9Q
B__dIdMQNE0
B_phj8lS_rc
Ba0PMnuyiRo
Ba8gOqyWLT4
BaXUh5WiaLs
BbISA3kx0NA
BbK2b2eUkns
BbRLRsxtH08
BbUp36Pc6Pw
Bb_OGjqZ2fQ
BbbMz6wKUmY
BbggE1pJCas
BbnWqidG-9Y
Bc8zzPwhUHs
BcDCsCGdOm4
BcHaVM3Lpfk
BccWIgGph64
Bcf3tPjrtp8
Bd7_lWmcOXg
Bdfvb2v_bYA
BdnuWNwcmec
BeI91Kv9nyE
BeVA8vlkbwU
BeiWJJon818
BetpfyDOHFo
Bf23r9EaWR4
BfWo-Cq_CPQ
BfkGeklt76A
BfrhXD0yeQA
Bfz-ILhCoYs
Bg-BxTEWH74
Bg5pAXf0xNM
Bg8Fqkwj6ZQ
BgCVtDu-jtI
BgbRdSJwA68
BgkqbxA4QL4
Bgv_9SHAn9k
Bh5inxyYckI
Bh5m4XjD0tA
Bh7xSAXs0og
Bh9GuAaJyI8
Bhd2iEyCHL8
Bi_orzj7rg0
Bie-ApYOJjQ
BiiDAafbyOg
BiowN8pyyuw
BirtDzRkc9Y
Biwbv_arm5w
Bj7VZjKfcps
BjBIaNU-2q8
BjKinLC8UO8
BjOk6gXVDrw
BjcP6XThyrg
Bk2D0UboNnA
Bk4bROgEK5o
BkDk-HYxv-A
BkHpRtQlBjw
BkSFetb4_5o
BkjRzpVJUaI
BkpaRklCJXE
BlJAhJ-fwnk
BlLQBO13QeM
BlpOeYvyYHY
BlvF_rrHqK4
Bm0cyDqbc6U
BmO1LZLKACk
BmSzWXl5Ofg
Bn-CoX1PAOk
BnejVkpF_Rg
BnzqXX9MzTU
Bou-saE5AHo
Bp0ZBj52D3I
BpUcHxb6zPQ
BpWEcMYQzKI
BpgvnTBQtXU
BpluNFJa2f4
Bpmu6m_s5ik
Bpxwa596_Jw
BqH2wlEFVUU
BqNZRqIduzk
BqppitQWNO0
Bqt1fBljTu8
Br17ly-IDac
Br57KAbFYiU
BrSr9HMiDbQ
BrY8Q-jnb4o
Br_CfpHGmwE
BrkEfEI-8pM
BrzHXJ27qro
Bsd-tB0I9hE
Bstv5JQxZm4
BtBRcTyO3xo
BtKbu9z-biE
BtQM2UBCzIU
BtZ3wqftXAw
Btct6tlSuUE
BtxnQiZJ1Pc
BtzSLH0eQmc
BuA8z9GW3P4
BuOM29NVEqA
Bunqni971JU
Bup9Z7A_52Q
BvuiDdopxR0
BvwMwMo7GSY
BwMoz_y1QBk
BwU-BLEfCos
BwZ_mKNSwnk
BwamecX5zbE
Bwhqbh7fJic
BwqO7HhWsio
Bx8aVLdPM7w
BxMNGFjSjSw
BxUMCeP8bJA
ByRajoUEa-M
BylWPpYLRMA
Bz50iDolHOk
BzPkI_LEjdA
Bzck93NKCik
Bzec4Dmo7w8
BzkryggCwuU
BzoA4JHT5oc
BzojupUvWGU
C-FqSmdjRyw
C-OjkBHQFoc
C-gB4BQnbDU
C-kbtby6kwg
C08DqEX9p90
C08afSGnnj0
C09EnHDolJw
C0_WbzRUmwM
C0flcvTTY4A
C0j8VqrjDKs
C0uiclFbGQI
C0vTzS068qY
C1EvQFpbDok
C1NY1zkR-kU
C1aKm4uFsRU
C1apZPVsRAQ
C1dGQl7BdTY
C1q1DWUt6JQ
C2OG9xlAGFo
C2Pb70EMXbo
C2jtL8bjflo
C2p6JM2WgrM
C2xMHIE4zXo
C3-OHrcTwC0
C36SkHobUpo
C3Pq5SsrU2c
C3iZF3tHzJg
C3pRPRukszE
C4HojifORI8
C4WD4tr7t-I
C4aoxpyyWz8
C4hgKXuKz64
C4lIGPfSuvU
C68aq6QzhIo
C6ErAxl-m84
C6RowRIgMgU
C6wIC7k0ANw
C7JqScDELC4
C8Rp0mQJmyM
C99h2r8txh4
CAM_sA_tu-I
CAPbq1SQss4
CATCT2vcwDM
CAZHcoSOFbQ
CBV-VhUTZjA
CBa4oCtr2bA
CC6pEvYLxSw
CC8Qa5nM2Bw
CCDoPlR19vQ
CCLExFyNi0Y
CCTUyZZrWfI
CC_Enj09sy8
CDCtCcFQ17Q
CDOLoAQObj8
CDP8BSprfA4
CD_FhhFnzpc
CE_XWGBiyxU
CEbtrMFpcsc
CEd3xgFS7uk
CEoB47HZCQI
CFaR8VkxIOo
CFclwpJ4jYU
CFv10tEVMgc
CGAyNsdh2ts
CG_6xM_zPsA
CHRb1j-tyaM
CHSX8SL6HqM
CHW5tRIyzZ8
CHa_bR2kyhk
CHu0CrWnxps
CI7ZreEayqE
CIFDmpIhgEU
CIFuxapt6jA
CIGSEn95e74
CITZdc2c3Lw
CIknGQbf4dY
CIp95LYIdy8
CJ16z58_opY
CJySzFIe7Y8
CJzP-nSOxEk
CK0zRr1jRvk
CKKq9cY-Egc
CKmYCujF6i0
CLIvI_8dj5k
CMnIlUDbw6I
CN--rSppq5g
CNZU9UKyUZQ
CNbzkLFYCoY
CNfL1swW6q4
CNiEy4kSnvs
CO1v8c8jdAw
CO6ybzcV2aA
COArFFq1tA8
COD_F9eYfak
CP6KHDxtwkI
CP76XEC6bN4
CPOtMEqCLsQ
CPaSviNXnZ8
CPjec0-gIbw
CQOTgkBGpV4
CQamRMefqXE
CQsJPABzoG0
CQt6MNRuObs
CR3xFZFF4ZI
CR5oS5jROh4
CRaSjCGji-E
CRgMFO6N9fo
CS2_DuN5HHU
CSh3MCOiiCs
CSjk6sUkNqg
CSm3Ci9d7YE
CSrfnoVeqFE
CTWPvN3FORs
CTemrD-XjLE
CTh3lSxsJzI
CTrPc2BXIWo
CTroSRFSCXs
CUToTNazDmw
CUxzjUB2uSA
CV9le2Fj68I
CVL1qM0u3bA
CVLJY_F51TA
CVM-S9Ca0Uw
CVXnxs5imE8
CVmHSNToXrM
CWB1Zs-mMts
CWMXq5V3f5s
CWRo9BOWuXQ
CWr4t1X0woc
CXGWC1VAfT4
CXN6R__Gy3k
CXT1FhXA5DU
CXWk_6t67jQ
CY-rD7Ri_kk
CY9nxuC6xKo
CY_HcSYBJaE
CYkRqW0yb0Y
CYkZwwAPxW4
CZ5US69iWDg
CZSwdk8_cko
CZdNErs8W7M
CZu3PWwTzvE
CZvSOA1vk78
C_8aOQwjb7s
C_DsIpG7b7E
C_bOm474nbQ
C_nJUgqOLQw
C_ozmNNdlqQ
Ca3AxVEEIno
CaEXJD28zbE
CbWBsq8Ep9I
CbalGh178X4
CbmW7BSoliQ
CbrZQrTyZR0
Cch42t7vK8Q
CcqY-eDXnFQ
CdB7gZFNTgw
Cde7nnmRi08
CdfpWF66LqU
CdkIwu-vCPM
Cdrjmm46YgY
Ce5vAdlJxfs
Ce6gnzgxDAk
CeR4xRaRc70
CeTd2lZ0-s4
Ceclz335RfQ
Cejkl8AYcQU
CenGEQWyDrQ
Cen_U_u8abA
Cf87rKg9bz4
CfATduYVpMI
CfCmT73IjN4
CfDlt_fH1D4
CfMyMYNCINU
CfQRuSaeS-k
Cfg8H_BJq_A
CgLKeFLnvMc
ChZhpNDK1Cg
ChzhfZSXFsA
Ci9flDhon7A
CiAErd67pi4
CiQTplvvVoY
CjD0xa6vH5c
CjJ5rLDiaMc
CjSynDMRdfA
CkJQJ05LL98
CkSrnkFC5iA
CkZ7_SmW2Tw
Ckr8YZQ4Vwo
ClAMWMDaZfA
ClFYTVNyEO4
ClFgY17rf2E
ClG8lQXQqls
ClabkN7N_R4
ClbwNzVmgnU
Cm0Vgatzpnw
Cm3KLx9rzSI
Cm8z_GUN7ik
Cmj8uNeKTcQ
Cn1hPoTwLV8
Cn6DicFxKOA
Cn8avsCO7zM
CnilJgac3Z4
Co1TB5rCTrg
CoAGjIrs334
CoBmleovfC0
CoKdQqwk0EQ
CoT49919nEQ
CoYv_4s8DFo
Cob0ASfe-oA
CocqlNkrzUQ
CpEXoSTidW0
CpJCVdlXNCA
CpMh_4bODA8
CpXEiEkB6xY
CphmFVBbuOA
Cq4T6WJ4tyM
CqJSmUeoUdU
CqMT1BpgFyU
CqaMy1qeN8s
CqbY13-L5Ac
CqcnoAZ_8FU
CqgPmVXNdNQ
Cqv4bcw8oRw
Cr5liNBK-90
CrB4Y5heTGU
CrKIC4-vd-k
CrKbSSh_WEo
CrS7PCj8R6c
Crg3l1NvB10
CrhHOI5cAFg
Cs3cM34KtKs
CsF4S2G3EYA
CsbxQEDhiQQ
CscIs9Co1Ps
CskXqnnhpqU
Ct5lqFpGcf8
CtHoOw1xhh4
CtNDAKdLg5U
CtjjF7Qc7pA
Ctrgd6DruXE
CuBdbJj0kWE
CuJIvENVBqE
CunB5l-uNg4
CvGIgSC5VGE
CvSLyfZBGIA
CvYXJRfItLw
Cw99hcIFxMw
CwjSawY9MxI
Cwtdi4pPZd0
CwzW60dCvrE
CxV7FM2IvFM
CxiyrXghL3Y
CyDTvQKUb8c
CyZ7lkxvJW4
Cy_Kta2BJ0E
Cy_QCausbJw
CykenweieOE
CyoguFQf-K8
CzF9UoSwNrM
CzHos4eLxfg
CzRvJ7NsfTs
Czh0Go8iyrc
Czupe9pjtHo
D--4Pa_k_eM
D-9xTkVORzA
D-CX1WiKDc8
D-UrXBUHvwM
D-qiXT3pOIw
D0HjNSoH_0U
D0J06j1rzCQ
D0dxl1Jkj84
D0wcL4Dzd9M
D0zLQcFHq_Q
D1RvIyXLhOs
D1VmU7JEtCg
D2eys4JiI_4
D2lA9Ctdt0M
D3OFiyDiPds
D3YA5z-TLgM
D3cXx16zrYw
D48VSPnoqeo
D49M0RmTLOk
D4OXl5W8x0E
D4SA5Uv2uaw
D5d0M319xkY
D5s7cALM8wI
D5w7oC8UBhg
D673ZSe3OfA
D6D-qyf350Y
D6cOhsiKoV4
D6samHpl8H4
D71Jeim542E
D7B9NhT2E5k
D7JqtxsmXMY
D7aZCzbd8jU
D8J9_wLZrlc
D8NgtIVpzZo
D8aZZ4FzgaA
D8j6_mRZMVg
D8kfKU5l_Rk
D8mfdeCersw
D8nBXvwcpCA
D8p-91DRTmM
D9CyGX9H0N0
D9Ig6zcY_Dk
D9KcZ7Q2zm8
D9qTbW7m9pI
D9txuYTHf2o
DA9A8ylONI8
DAN9tpPn_DM
DAOYkQHZsbE
DAysHVLdUo4
DBKZ0x230MU
DBLeE5J-dG8
DBRLx4Ereqk
DBW_A7klHwg
DBgM_3hR3XY
DC3W0NsPifE
DC5_cXVyEYY
DCDkwVBBsLU
DCIz139Zfx8
DCJLW3OO1aw
DCkwkv9Rq2s
DCoHW_rw_2I
DDGgqbwU6VU
DDHxtamAlzM
DDf8rDayyyE
DDsTXfyzBng
DE1ppOU8yF4
DE3jhlrUmBU
DEQCisXd4lM
DEmQSeNQrh4
DErhORgKWL4
DF7N_tasmlA
DFClV00P9vI
DFHiS69yZIQ
DG1tCg1iJPM
DGZmARqyvw0
DGacJCBwRPk
DH3ORYWNgvs
DH9FCrTj5L0
DHP057kV_vo
DHXmj9WPHww
DI3eDMJv9Hk
DI3ms4k4B9Y
DIRcHaweB74
DIZc8zk_Zu0
DJLVdtMizBo
DJi0_RmKn5A
DJwGY_MoqpU
DJy1zWITM70
DK6RwzkbIGo
DKK5vkGMCK0
DKNKEHKoYxE
DKRUoCGcTWQ
DLX1vxoykzw
DL_12pO6NVw
DLi3LX_41RQ
DLxjhWdUz7Q
DM4jra68EEI
DM7q6lqjmE4
DMIM2EVBw2s
DMVCua1Shv8
DMv-lg_dTjI
DN1AghN15Rw
DN4tLukuTHU
DNN-RwhgF74
DNO6k2ArSsc
DNTHAhCVIkA
DNkc8sPoPD0
DNtpmSxPvZs
DOSdGtLXnz8
DOfKKVfTCCk
DOhp2JjrAXc
DOwS76BFT3Y
DP0g6c_uPmo
DP9fAFpvD1k
DPZHd5ARcm4
DPaHHvpZA0o
DPcP4F76_Zc
DPwjyozdwj8
DQFCrE2dUhg
DQHaJYpkDo8
DQNHdyeZTDw
DQbj9tyVNzA
DQn-k0aKEtc
DQuR64lzHrY
DRD4kFPVPuI
DRh-UoGvLcI
DRk-lvjpCmc
DShNZQvJ62k
DSiyx9-lLCE
DT4Cx1kYQQs
DTKaODN8W34
DTaXYkypMkI
DUBFxbiOigw
DUYG4sLx4ls
DVAihK-WWpM
DVQNUaJdyNs
DVVNYTPwiCw
DVxc9f4micI
DWp9X82Wnrk
DXMiq4867cQ
DXhSc_W1QPE
DXzPdQT8dz8
DYHVDmTX8OU
DYLcb1xgz0M
DYlwJDywbw8
DYvKLJgUrak
DZ1ynEVlYWw
DZFGbYUYLno
DZR6tfu7Vlo
DZTO_owALBU
DZuWVZdnQl4
DZxrUShJIxk
D_2UomLEPKw
D_2njFZoSjA
D_8FZutyyiw
D_JP6gJVkAA
D_PC24877lc
D_R7Nws4_Xw
D_iUVKVkCP0
D_v9li9pkkg
DaGERyR-A9c
DaXhPmzB7Xo
DahDQkrSyM8
Db1HlXSzB04
DbRwfbM3-X4
DbXZpZH0O48
DbtkuDMofCI
DbvqBzCi2Nk
Dc5Eb8Q5UdA
Dc98YYBJYSc
Dchp6BVmRrE
Dd4I2YbZZsQ
DdEeldaj2QQ
DdNL3eC-bng
DdkwO29ZH1Y
DdlJub-VwGs
DdxBKAqnjO4
DeO7bufRrzE
DecIXSKTXHY
DekZ79EHnBQ
DeyZi8eghRc
DfYEw0m0USk
DffwE-wd9-Q
DfkVBv5fqjA
Dfl22JrvzKo
DfzHSkLPSmE
DgAt0wNauwI
DgCQyL6iI7I
DgHcXFNtOew
DhJzjQsw69U
DhQaK_Yuf8s
DhU6xussAX8
Dhf0P0udAd8
DhgjQ6E86Jw
DhwLZYpuIQI
Di5LNjLZhJM
DimwJopWI_w
DjDrKThMYCA
DjFUdOfJXHI
DjWkex9K1EM
DjlaGkf66Xw
Dk0Hr0Vm3T8
Dk1JjjbZ4yc
DkC_DhIXTv4
DkE5UzIv5uI
DkFLkFujUp4
DkGO6zCoC1c
DkLSHOxV2PY
DkOhoVJTY0Q
DkRKVkNgCVQ
DkgA4ZlguMo
DkjQSvd34Gc
DkjrWlgk7pQ
DkmAnyg1Ufs
DkoQCQENE6U
Dks2NJAVhUs
Dl6euNPjkqQ
DlQLyNAK0Kg
Dlr7qfYxa_E
Dlsr2D7SYY8
Dm4zKGLSVZw
DmSCqTS-IGU
DmsJFHikgLQ
Dmu7XUlAIMM
DmzHh5xWoFk
DmzgX32-oEs
Dn96yxvUH80
DnDOotIRlns
DnVdqEV2aQs
DohLFolOJ6k
DohPQ0pvxP4
Dp8j9xDO6yo
Dq5jtfJk5ZE
DqHh9W_ssEE
DqTrrMr3f-c
DqY7fe9qjuM
DqYsu6xqcpQ
Dq_e4wUAYcU
DqeWbLCQMpU
Dr4jbpsaQoQ
Drjat3aKLX4
DrlX2RU9ybU
Drm6sMZywaA
DrvYXEeqdCI
Ds-9-2JxpJc
DsPUPk4qabw
DsWLDvScmyk
Dsr2Trwdni8
DtIkRaH1jE4
DuNIUe-TqiQ
DuX0ONRkPP8
Duy3mP6oBbw
DvDmSLXJvNQ
DvGvov3GSuE
DvMlw2S4G7U
DvSYLfykYGA
Dvg-6q7i2b0
Dvu8Nuy3xNQ
DwGs893x97k
DxNrdg6bu4M
DxYHZNm9gi4
Dxey2_sGVR4
DxhDB6Kuz9s
Dxl9pbAJjt4
DyAHqFlG1mo
DyWZPfi0l5Y
Dyk0qg7bxhI
Dyz706pOSCU
DzP_OEpMpK4
DzPzk8-Thpg
DzZ9BA4mJNs
Dzd5VUt9sbU
DztimDTjUOs
DzzHc-mn-sM
E-1WcU8X4v0
E-31hLcPp-k
E-uSluvxWAQ
E0MojTeJtTc
E0sZObzSjgs
E0xRuumAY6Y
E0znkGhfFp4
E1y4pnqycqI
E2Kv2R3QTnM
E2iplFl6PaE
E2jNjr5baPQ
E2jlsVwNZjY
E2k25lYTMsQ
E2rUY4p4gVs
E3GNvbGhFy0
E3R5F9dhixo
E3jigjwufVw
E3ymm_lyG98
E4-PGdCskq4
E4EatLb016Q
E4NwC7jDe84
E4S5dh7HKmA
E52A-6pxQf4
E5EyI00mUOE
E5ck1peKCTU
E6jY_wO913E
E6wO-jaVgBY
E6xhDGYaiwY
E7S4dQflbWg
E7XncFjhkW8
E7fop5HsrpE
E7peg0l4KoA
E8elka2Oijg
E8t3NLqhXKU
E9A3mpGCe_I
E9VxzpSDRQI
E9eeB1xJFLE
EAPmF0OH8M4
EATxgbg5k4Q
EAqs8jJuCf4
EArs25rIn-U
EB0XFRnQn4c
EB4u55mKO14
EB8X7Uxzoac
EBM7Ubulg28
EBUpGr7t9g4
EBgSg8qQWIs
EBwe8HnFHKM
EC6QzbvQyBM
ECNajHRk4-A
ECWGMDNP900
ECuptxxC2LI
EE-ErOUQAy4
EEZSBSQRD38
EEw4S_8qM2k
EF-R0sUv-gU
EFG1QLCzICc
EFbnOPIcG70
EG186xkRCj0
EGCuzWw1G7Q
EGXHB5kbtyA
EGZoYyUFKLs
EGboTtBWraw
EGk3zYNEMGc
EH6TSm1oYmE
EHPUYxcE6Bk
EHi-hdrMnKs
EHzEIOfYAbo
EI2tvBrvUiU
EIL_5q6p12w
EIV1CDq1OXk
EIcDRgB0-G4
EJDe8esK4Ms
EJGU_dYFEWA
EJJ5HG4hcUA
EK-O88hJ0V0
EKKIb24G6Ng
EKtXVDz6u2Q
EL-v_eQs9nE
ELk0-V-5qOk
ELnas1ujcYY
EM-LOjJHzcs
EM6xIzB_MFY
EMFcD2bu5aY
EMJH6LJtNVc
EMRYMqGfUb4
EMqXPdjaUJk
EN3Vdzc9c4E
ENOG7sd1e1E
ENcZtFwr_XA
EO3n5i4UWrI
EOMacvdWiHE
EOUvg1ISVMU
EP4NGIf7spc
EPa0109ObKk
EPebdq4ZAsQ
EPiDdplEvTk
EQ-eKB3bGsg
EQ9SYE6LXao
EQaL1_Tzw44
EQhPe-NmoAU
EQjpQnr0qXI
ER-fWrCoZtA
ERDFDUvJLYU
ERP5_58V9-w
ERi5__MGFKA
ERsrLAp0aRE
ESDUJeSlE98
ESJY8GK9qAc
ESM0bOaJJPk
ESU65MFfcG4
ESWTNucKa2Q
ESveQeM1NdI
ET9ovzLSGM8
ETIr5Ljm3L4
ETOzpxSe9QM
ETQSF6efA6Y
ETqJEMVmnDA
EU8f7a6rD3E
EUzB72FcONk
EVOtGJIeswc
EVPvpOgj_nQ
EVUvTFgNzbg
EVoRile1Rwk
EW4heLahLQ8
EWClTMOkzo0
EWJn340RkYc
EWs7qp0Lsag
EX7jiRiwFcM
EXCv5mPkZyM
EXOJ1mYwlMo
EXipcTtcMiE
EXukRmVPcQ0
EY3is3r_3E0
EYHZM2UmbJQ
EYQF1Iy0C_4
EYiuF4Ig4B0
EZ9KTVqPdNs
EZkHQSSBCLg
E_3sJ4r9nM4
E_GwXTCo-QM
E_lIV9c734g
Ea8GIAkIbW4
EaA9ZJXL9nA
EaOmkf2GX0A
EbKyFk__eMM
Ebg8KarhA3E
EbjNZtEAFxg
EcMDTbqATSA
EcyemSiwcd0
Ecz0Ko6u-q8
EdBQvEiXddE
Edkb6Rq-sYE
Edkl4uF9JGo
EdmGuEvtmSo
EeqtLd6Ish4
EfBjQqPnhbs
EfYJhUkIaCE
Eg3oiuyzDs0
EgWwSCgA9Ik
EgzQbvo6ZUE
EhYl-leMoIQ
Ehusreku_-I
EiEv00h9Dxk
EiJctuN6vcQ
Eiaz86BJmms
Ej04OVATxCY
Ej0EwP6uCgw
Ej1xp2lBcog
Ej3-lA5kgYA
EjWKk3U35uY
EkXlWTdWsug
ElZBTUNVfls
ElfjLnt4KtM
Em3iGmZA6a8
EmCVlhLJpCc
EmU724MkF5k
EmX_L7qKO74
EmbiXSdxg9g
EmrdjV4CiTc
EnNHumPwVXg
EnU_X5SPHN8
EnVt62xToKg
EnmiCZkMR6I
EoCIVLt1fBM
EoQLhB7W3Lk
EoRlLFmGBRw
EogtC6Ko-ec
EojPD9yM82M
EpWJwSkvtfE
EpvnimoBEao
EqLavLLQdWs
EqRgJnxjAmc
EqVFOofcFsA
EqVi51Smk-A
EqZI4muCVYs
Er3trVnZDQo
Er4Q-zCSWqQ
Er8wmV_coSA
ErEA9uOXOmM
ErWmixtZibM
EryvqV_soaE
Es3NthkuBfI
EsYdVb5IARg
EtBlE7-V5xU
EtJ73El7eGc
EtLikBqsGHY
EtUxEqx5L1U
EtbkRB8MIL0
EuOSplILu_o
Eun5HZ7dzdY
EupXj0Y_DtI
EvAUj4y1IOs
EvCMe-aYgaw
Ew17qU3uQmk
EwBWpfLauSQ
Ew_4TH3clHI
EwlIu3uyzYM
EwlPR3i90y0
Ex6Heg82PHc
ExLnkqXCBYI
ExUUScvq5ro
ExW9g42dOps
ExXGIpt5VRI
Ex_j9_KHRpI
ExbdUdSIH_w
Ey2-BKG0SQA
EyV1D4By8DY
EycsJTkS90g
EyrhcpFASmA
Ez3Pf0bHTCM
EzCIrwMASEE
EzKKKVf9iPg
EzNOlviki48
EzZ0MBctWtI
F-3z6iN0HHo
F-eX44YSDTk
F-tXQLbovHA
F04pW6o02f8
F06gP2mqtYw
F0D3PdsDOI0
F0IvLfOEQBg
F0Mty2O_y9o
F0St-L-2hIM
F0V7_-vWYLM
F0dfS1ll7ns
F0flKPLLI0Q
F0quenUNVGc
F0rj7Tqc7Nk
F149oh9t17s
F14Ys9SqXw8
F18pTIWC0qE
F192dqpc2fo
F1SDecEmEiY
F1hHKGqpQo4
F29r3BMhics
F2cZABpSjU0
F3Ln73UU01Q
F3SW3XMm-uU
F3lX1ychhzI
F3qj1wtHjfs
F3y-Jp5dCFI
F52zATmEGuY
F5KjqbeQvb4
F5P4AGh3tK0
F5UF1GrAFjc
F5YLNmgXIZk
F5y0ybLf2qE
F5z9XmAdZ8I
F69QnTdWbU4
F87xs4iY1-c
F8DLySkdlTc
F8ZOjsbB0PM
F8qNxtUZEVQ
F8tOScnb1Kw
F8tzdK-VzXQ
F93R_rbtqeg
F9we8i2Lj5w
F9wsIl5r6Vc
FAIGbvA9ej4
FAJ42ug8P7A
FANiobEd9Qk
FARgEY4rKXs
FAa5V0rZ7sY
FBGBwgQQQAc
FBKaM4oipt4
FBkyCmTj2ho
FBoINsNX-no
FC438EKWEpE
FCAZNtYAA-Q
FCIErQd-WoQ
FCMidLQRhcs
FCekbNx__x0
FCh9N1NYjTo
FD6m-6sqTFU
FD8gd1ACTO4
FDZQBl5ACCQ
FDshoHDbYdw
FDx53Pel4ww
FE0E1Vj769M
FEGn1Hkmfm4
FEH-Xqx8L-k
FEKeDsuQjMk
FENNcZagT6c
FE_OHbTKv4E
FEmIXEi0U6o
FFBJx2JzvIg
FFsObStZoJs
FGGzXzWHOL8
FGVzg6e6tJQ
FH6CALLfCQ4
FHFuyKrrj2s
FHlSelzynKM
FI2avaOARN4
FI53Cmz_V90
FIJpp_TZC6k
FIoWlsYs-_A
FJ1IzWBytVM
FJ6gyiS7PSc
FJDT3Nj_KZQ
FJKqg_pf12w
FJM-qejVkLc
FJxAIEkS7n4
FK25-quv7fs
FKhe526upYM
FKkQLUyZGto
FKnPFNYZHKE
FL-o3QzKPco
FL6KlX-iVZw
FL6dw7Kl3d0
FLIBbV7UjSA
FLNqlubuvqU
FM-ulQMWvWY
FM8Mt-MAlzQ
FMAHyayzH1o
FMI3iQpORo0
FMQU3494jH0
FMcvF8WF778
FN8AwtbS-jA
FNC-8UlKLUA
FNMKmHijdLo
FNfjEwZLXOQ
FNtLpsxCIes
FO-3ajmS3RU
FO69kV2kg34
FOBuBFVJcys
FOLeTby4sKw
FOozds9aFdk
FP5n3ELwjpQ
FPICYweDFmE
FPMiUgBLinI
FPck9Vb3Nj4
FPhqab5yu38
FPpcntGlNEM
FQ0OU6E47XU
FQ_IOFlMgfs
FQbhqAVOJ2w
FREP5JXR2yc
FRGYzjeCNGM
FRU1El_kQG0
FRh67jYTTPw
FRlcm1Rvs50
FRppl9whzeU
FRqJZvLzPUw
FS0YvoXkU08
FSD5FIwb0Rw
FSF3DYxL60g
FSSl51EdiuA
FSXpBaUHc_A
FSeKi8DzgJc
FT3bShb-g5A
FTH9AJpnLek
FTKeWR1cnWs
FTPCdh9tzFE
FTQDCC7l9D8
FTU7UqTkris
FTfe8j7pq2U
FTn42Nv0a-E
FUjtoYv0fpU
FUkA5NYgSjU
FUkuCCUo4Lw
FUnYzhQxa6U
FV08hEP7YgY
FVrzMhQa6GI
FW-hwSy7Ql0
FW2gruRKXC8
FW7lMc5Sl80
FWJrxdpgAAQ
FWZD_c9ZGAs
FWmYbScuqTo
FWuZzC2f6C0
FXInn-fSsHg
FXeVloeRT7Q
FXhX3D8_fm4
FXpuwpmHm5Q
FXsTt9SBY0s
FY2m2vUTID4
FYCJ0SlZqY4
FYD_o7OWP3Q
FYYmtVLzqyY
FYk5N3uvOo4
FZSzX9GN4Ww
FZbyXS2W05A
FZm00i2iFoE
FZxKnBE7Z58
FZz5e0JH8IE
F_8e_ZPq2RY
F_Xbn2xdxro
F_YGhuJ8ZDg
FadvrYkQqBY
FavfEhJAm50
FavlrhEGBs8
Fb8mrobw2Ag
FbBgtqUYKnA
FbGs4vdPL2w
FbNdCQHWb-E
FcPYvNDmTWU
FcboJdP-u2o
Fcd8dZYlUxI
Fch6o1o08kw
Fd77atIG4h8
FdOGTb-ncQE
FdVoXZmL5dk
FdWYA4Q9CNg
FdXzgjLpz64
FdbYUvfFrtA
FdcZLun9LlU
FdcgiCy5OPI
FdjRphgOl1U
FejdeTCxVGM
FenCTVBjqrE
FetE_Ux1lLg
FexiSO1Puwc
FfA7LLtE7e4
FfLA8qqELxg
FfNM2asR1eA
FfQjRDilgxM
FffQeJRMElw
Fg1DR6F21n8
Fg3v0A60zh4
FgvISQZD95w
Fhi2E3iMMbk
FhobdXF5yHE
FiA2Ohtwj48
FiDk_jst1pE
Fj3edfsJgGU
FjQhXbZ5Owk
Fjia5KhTpdI
Fjp3g7wz6eY
Fk6vs15Ce5Q
FkOD1jdodw0
FkQPkcU9FS8
FkjGZMLeiTU
Fl9mLiuYrXo
FlAb55A_W0Y
FlNEKOx9D5I
FlPteP6UTgc
FmH0-tBbvCc
FmSu-0zsWuA
FmTnYEc-gD8
FmYp2ty2Waw
FmqL3MUFs-Y
Fn0VObRPwPc
FnB-H8c7u6k
FnBjpi9GkRc
FnEsAMQ5S1s
FnOtWnE4Kfg
FnSr_5F-rqM
FnvfKLGjpfU
Fo2gX6Bvf2o
Fo4p8Sce_oQ
FoSjsDezwa0
FoV5qHoLLq0
FoWLGsbMkU0
Fopsc9j3Jb0
Fp5HQtfX52s
FpEIaxJH-Co
FpR6ekGLdSk
FpWc_OZdoDA
Fq0Schw9f5w
FqArFnNUGD0
FqBRn-q981I
FqYlE7FUJjQ
FqlfJMbe2Co
FrCjkj5qbCk
FrLKVWAbaGI
FrORvs75DxY
FrOtqf_-hjM
FrWLjp6H8vk
Fror9n74Tt0
FsD7fNBs_Nk
FsxxObqaOvY
Fts2IEgZtUE
FtvJbAkVgbc
FuIUiE8nSXs
FuObdAJhchM
FuZdm3TG1yU
FufIYRAV-VA
FuiunBVC9Tw
FuofdO2jX58
Fuq1Vgw1MLU
Fur5x0kml-g
FvyT5q68bws
Fw3rhIc_cN4
Fw8c51V545o
Fw9StLHf-zg
FwBcRfinOYQ
FwoVWTdSWjE
Fx8ALNL0eYg
Fx9w2b5DFkU
FxCM9dYQ7c8
FxJjThpYxmQ
Fxi1-Y3DF_Q
Fxsc0D91cW4
FxzWp4R3o6U
FyMtOxtKF9s
Fyb3X9GDBmM
FyrMwvmcPuc
Fyy60vRiHuY
Fz3dmHxizUs
FzFSbD1TVEE
FzMBkcsJM2U
FzMF8yIAq5Q
FzNY8Pf5_xo
FzPJ3gHekLI
FzT86uzB63c
FzrhdzIgn78
Fzyx8sC7Fbw
G-2F0d_XzqA
G-OX_0YrUjU
G-eXtAy7plY
G-haXdT0b6Q
G-o44l4yupY
G-woVSTD3oY
G0E5QNH_oRY
G0_W8yqu0AQ
G0ukE-4l8UI
G0we6J4WoI8
G16ve_2j9D4
G1CRANGOyCc
G1DlFno2Glk
G29smmtOfIg
G2bW4nT2njA
G2ikGWwTyvs
G2mVzOW1LMY
G2mlxTYCHig
G2pOIBCL950
G3Sprcl34_o
G3_KB_v-9SM
G40Gp_Nj1oM
G41El6KWloA
G4BiZ1iV7m4
G4DuIbo3SlE
G4NQQMMVCp0
G4UdvJMzJRY
G4jpJxO0CBU
G5jFnGRSTUs
G5vC5tEP3v8
G5vwkXw5bjk
G60QJgwu4cA
G6lPKrysEVs
G6mbKetbPNw
G6r7pC21ZJ8
G71viFGtPBY
G7OduaxDrxc
G88eq--ZANw
G8Nv2xsqbmY
G8OdK1FGF34
G8htjSQ-SaA
G9c9oOKtQ-E
G9eQCcIwpHQ
G9rei3FKVcc
GA9_7FNliOE
GAK6eOVJMlY
GAlrRcx6Cog
GAtrkmvxerE
GAugQY5BB3Q
GAvL4UDEEyg
GAx_ZKAAT4I
GB8SiZgh1q8
GBXvUb8kQDc
GBkoeXLaGkU
GC5V1z0DRTU
GCMdGQYafLY
GD0QU_vCl0k
GDFO7vxbsz8
GDJc8nNb8g8
GDOET5vuY8g
GDcqEsX2Mmk
GDfi3DjkPhQ
GDkIUVYq7Xw
GE5hzw6Erkk
GEkpqWEWc2E
GEnGkJdUd98
GEpaVG3As-c
GEry0ZOEMLY
GEvq6PZoXCQ
GEyh6BTWEBU
GF_rLK1i8Xs
GFdMjelQ6uU
GFdps7nSGDM
GFrSiXuzl4g
GGZx3fpKC2E
GGbDkKaFbVY
GGkXoAJh6fE
GGmWV7MKpI0
GH-NGqTYf4g
GHiDS9WUfTg
GHihYloix8c
GHjrz6MP3Ow
GHmlYY3QypI
GIsbEfsPFb0
GIttB6I0Uaw
GIvAGPqfpR8
GJ9V9duZHaw
GJCQhmjw27k
GJvQrVYho8s
GJyCRQ9MT9I
GK-ueIRr6Mo
GK4vsZZ3SGo
GK4zIe2XX3A
GKCpKSettWE
GKi6BF4G6DQ
GKkhqaD17jY
GLBc-5_qlD4
GLFfevaoCZA
GLOiZeXEfcI
GLciXmVMK2E
GLvGUCRpyW0
GLzK6jm8iso
GLzuqCakbcQ
GM3EdKqlrig
GMQdPhPn7U8
GMSLoNm_mWo
GMTKaotkdWQ
GMciAahXFOI
GN5U4Ze1JkI
GNBWWRfqE5Q
GNesdo2IDKE
GNwgau6W7zw
GOBUSKlJ9e8
GOPTqhsf2t0
GOYGLpHo0OA
GO_y0jScvyk
GOhLmokWc8I
GP2tp2Pct-w
GPh3ZJ1Txro
GPocqqluYqo
GPt99h26vE4
GQ57DcUjE38
GQEiVRjcmoE
GQpsKnGtMr0
GQyis2u8YyM
GROY2l9YmPY
GRZ306e-NWs
GRcXle_erPI
GRhGF7BdLfk
GRhYSsMBfSU
GRlrSIYb1_w
GS9jG1f8QF0
GSCl9zwCoUU
GScGEb5Hu9M
GSlD6vEhCc0
GSqgQvwFeXU
GSrWOC_U0Xg
GSyG_pqs824
GT0FtzwRtWA
GTM5300BLoQ
GTN2nDyqzeA
GTREpq1-VBs
GTbB2fqoGWQ
GTdpgS1qSlY
GTgej8L2SIM
GTsFY3rJAt0
GU30Efx-NUI
GUVUzUnS1rQ
GU_Br37d3NY
GUoEyMdoQps
GUtK7hu977M
GUv5JVlKKWA
GUvXiDRFQrM
GV6lZH-t8u8
GVI1a-dGNuo
GVNlBCxaTZg
GVX8M3qD-Zw
GVeqUuI4zBI
GWOBWOaw92w
GW_Zwk4ztJw
GWgutoFwK9k
GWmml57K-So
GWtLYy1LTrE
GXF2JTkyuDU
GXHgxwe-xFo
GXOKuREQQdk
GXQA1p4S_Js
GXS0Q7Rjp1k
GXWgzhZC9Po
GXbk_9WzFs0
GXnljTUD1IU
GXrGVc1CyFY
GXwn5KtU2e8
GYLT9xxAmyA
GYS9AMzLhyI
GYShNyQweFI
GYTvAKY6Bh8
GYnREh9bIMg
GZIrHmPU4Rg
GZjk-_65EOk
GZpNcAstEAs
GZxJKXkIzHM
G_6iEYnMNj0
G_c9QYqKwFY
G_vzV6Z5elk
GaSr76FJ4m8
GaWQaI7e-ac
Gagr_rZjDXg
Gb7E-oWUlfw
GbDB41zxZhU
GbDxYbgddfA
GbJqYz3_wzk
GbTgZrrXnO4
GcS_lbHVfEw
Gc_4eM77Xeg
Gc_CZRxfknQ
Gchh_6JRVmY
GczfitDcpvY
Gd02gtV3Bpg
GdTQKmdHUys
GdYwTCOcc8E
GdZk0DvU3Cw
GdgmiUgmdzo
GdvP1IRCGZ8
Ge1WP1Dt8rE
GeCYp5DZ9Gg
GeN1-CVXyog
Gf8AuuWZQuU
GfB93kScA-w
GfII6Vw0vmE
GfhNtNyx3c0
Gfowhywxx6w
Gg7KgJCSn7s
GgAVgEEnAc4
GgaQXMdrKRI
GhJtfvCi1QE
GhQGTpvYmec
GhfnvH9703A
GhwYnVasp0Y
GiQ3xe-lwhQ
Gj1m7apq3Ek
Gj2BEHTM3QI
Gj4FWlxu2Kg
Gj9qOl_MKK0
GjGx9ZBWeKU
GjMAGidbaZE
GjRcjId5hZU
Gj_jkL1X9GA
GjtjjQXiAlo
GjzLXWLkHbU
Gk0MElokFrY
Gk_GoQM8bLk
Gkc9YREoq70
Gkg3rCMO9Vo
GkroyxusBN4
Gkzqf_kAe-c
GlB47PYb56M
GldfyS3NY1w
Gltr63rl_g8
Gm0ZMDvjItE
GmJ-CQm3Ztg
GmKobMd-bRg
GmRjReHAZnU
Gmfu0dJcvUc
Gmm6N2n_D98
Gmutcz-27M4
GnaGR0dt7e4
Gnlqipv-zPA
Gnz67FOO0vc
Go0GgGqRVrU
Go0dmmenoxo
Go633ZiWQvQ
GoH6l29zxOY
GoX4DbaYJlE
Goe2WHE9O-M
GpPW09oGhcI
GpY_ZoEt87c
Gq2KHEWYe_Y
Gq6zHjwaRrw
GqYFpjSG9ME
GqwK92vtOYY
GrIzpGc1mmE
GrNX5S8zExI
GrObGr5C6I0
GrRCFgQhLP0
GrUzpDF3V-w
Gri3DCugLpY
GrmUe4MCOIk
GsGuk5UplRw
GsmYRUgVGvs
GsmzF2K_2sc
GtreNtKhSHE
GuRpkCRSm2I
GuaJ_crRNNQ
GunFCegvTO8
GvVZ5ACQYXc
GvvvPaaAXWE
GwB1kQWDJck
GwOjVO96RtI
Gx38RH62uSU
GxBM-QUTVLU
GxCTQpbiK7U
GxJM_Dpb9dM
GxfgnuUDmm4
GxyrrTv_LRE
GyD1ydGWwmY
GyJr1aDl3vU
Gy_da010qx4
GzPuwc-bpjo
GzbAygHNhVs
GzhbGBCgMoQ
Gzpr-6EM_fM
GzxG_v6GYJY
GzyQ1DbcAKU
H--21KMGo88
H-9l2Ou8M6Q
H-EsQ3mdSVQ
H-ekqCcZCsE
H-rq-0e44jM
H06rxucCLq0
H0BCljVFWVQ
H0LQiv7x4xs
H0PP49SYMHw
H0TJzb9482o
H0owQVHxyNk
H1DEBwMNfy4
H1E0XwSNp-Q
H1FSDauuY1Q
H1RqP5hV5fw
H1Z7-h7MQpc
H2hjNe72xhU
H39Yo4F1fEA
H3byxKpsuA8
H3s1mt7aFlc
H4VXdmvBlAY
H4j17Vcd0HE
H59irbuWs4Q
H5R9C6Np1CI
H5WQ9tcmD3w
H5dtjwUTLPc
H5eQJJ7iG0U
H5oK4KOE_fk
H5pCekxxSpQ
H642oDwYiIY
H658lWyher0
H67almljVNk
H6bO-B9aVYE
H70JDDriQ0c
H77KzRJpnfg
H78No-HNhzY
H7Q9n0SSLfo
H7gU8cJWhgo
H7mxhuwq0U0
H8-5mI8YdFo
H83Onw1hBCQ
H8H7JviM3Ss
H8HVm56Uc80
H8grVC-YO8M
H93eYBcKtfo
H9G8Lj4J9lQ
H9xUPYtaigw
HA2lGJQgHv8
HA3S9ISFWx4
HA5sCfXmX1k
HAvAAP9GBvw
HB4-AODQ3m4
HB87stwlf7c
HBBzUr2ER8E
HBFemZkj-fo
HBOvQSUAbK8
HBUOdOYco6o
HBWIMsJoxzQ
HBhqeV4oB7M
HBjrsqDKq0A
HC-JdY-LlD0
HC-sJ1TDZRg
HC56qNhXlIk
HCLFziS8VwU
HCZhd0LDmuk
HCh-gzluGoI
HCquf8UQgG0
HCuWtR1wcnk
HCvvcQx_ftU
HD3D-0uLJOE
HDOtK2ZfI8g
HDXXska7y00
HDbpZpm9j9c
HECedQ_O88Y
HEHXR280yas
HEJXrQpsE7U
HEPcRNE5jx4
HEhycIVtSPA
HEphvY7K94U
HF2frH4tjbA
HF7p_aLtfWE
HFCmgCZPiG8
HFKvFg7yXhw
HFjdWSuD_DI
HFmrYLqgbRE
HFzHpONoPZo
HGAnNFrH3yY
HGIxsEJdcA8
HGTq1dbNs8M
HGXDVHvqO0c
HG_z-FSgyFM
HGaai_bsEF0
HGnFSYSUF0w
HH5HsdfXNiQ
HH6C89M_FeY
HH7fSSaRiRA
HIdSu7p2Ii4
HIhS-TURPho
HJ8noDf104c
HJNoPsZTDSA
HJdFgOWz4H0
HJyfjK5s38c
HKNUr0V901k
HKxLvEavvNI
HLb45tjfhmI
HM0zAfdXXFQ
HMMpmz5ImF8
HMYmcf0s5yo
HM_ZCIxohc4
HMn1lBL65XY
HMyIAjsRCMo
HNWYVC9y14w
HNuScEtUH2w
HNxFSz-T4DU
HOCEAsi5L70
HOUvCqAPSQs
HOWYMgA_LN8
HOcxel8ma2w
HOrer8BUxxc
HOwMMR7WiCc
HP0MfVYEE5w
HP4vcWFOtXI
HP6pE__oBhs
HPB8QGwDX44
HPCAct_X7YY
HPSE8Rs670M
HP_XCefzZmI
HPhzSrMT5dA
HQ-Kn6UWi9Y
HQ6HSDL8Ydk
HQGBTJKGmlQ
HQUSuxSbMRc
HQ_hwr4BQfU
HR6GYNp9OBw
HR6LJ3ZBZvg
HRKJgKQdm-s
HRu_8QQJc3c
HSAQb63cDEg
HSOnLbQk7vk
HT4FdVXOYwE
HT5M6iuzVKg
HTSkKIYFNqk
HU2qsVCpNyU
HU5hT0_z95A
HUKWoEWSMEI
HUgxHLlrBik
HUtkXm4rutE
HV1bEvEdnGw
HV3Y_wq8wVo
HVCWPgZK_GA
HVPKX0ILRAU
HVmpvzOHp6Y
HVmzkMWrilc
HVrl7jPdbSE
HW4OFoxdyks
HWGqlp6EPkc
HWQpgMlm9xs
HWTRZMkwC8s
HWcLGo5Vi38
HWnmO2ZWRoQ
HWxXeoHndgY
HX0HB-pXa0w
HX2H4t00jAo
HX5wh7w8iGg
HX8tbibX498
HXXwi9X_nPA
HXqAdMC76o8
HXzNJHneFGY
HYIHrYrA_fw
HYdEBZqinVA
HYh2oyzwoWI
HYsE7bBlD4Q
HZC7n9lMWNA
HZzxmQj68o8
H_-px5GL4fk
H_0EI7NJRo8
H_5sb7peqQE
H_C_YWbCQ7A
H_GAMj427eQ
H_cuUr21mXw
H_uyJwecUlQ
H_x1GrKJgCA
Ha4M365zu-s
Ha6IKPY-GE0
Ha7c1d2A_7E
Haa-3E2SRxE
Haceq7UgEgA
Haf0Gvb7ddQ
Hb2DDxLorB0
Hb3-zOrLY1s
Hb6GF-_9ME8
HbKq6CqkEFc
HbN4VpFfMV8
HcAPdLLk2sg
HcZ4mHIW2Ug
HcZmzpiSoqU
Hca-bULFmgw
Hca_rk72wb8
HcbWo36cuG8
HcvRUNnybNo
HdEnS0cRI7M
HdqpmcajfNc
Hduqut49Vr0
He-HZfi7DzQ
He7SHrJSmm0
HeLSRyglBoI
HehZaxvWxPo
HexV787BYS8
HfN3owb1TLU
HfNM60KYmoY
HfQnWGOn8vc
HfUGv-vv8ys
HfdfpsUucnc
Hfj32VerrJ4
HfjbXRfWKvI
HftmATRvKJk
HgUrUNidRu8
HgzYv6MlYos
HhJ9tyOo3Z4
HhOryJSgNZA
HhcV9kbdvtk
HhdE7SRVYh0
Hhoy6cLsr-c
HiZJTRuah_U
HiqdJ11Cvv8
HjJ9oAdfYP0
HjKsTJVPDzM
HjQfttUV6Cs
HjR_1NfDKmI
HjT-IHavJzY
Hjm7yzMbYjc
HjpH7KNBfYk
Hk_eQTSxcmY
HlM_JWxwj7s
HlhigGhVId0
HlkI7Z9TCyk
Hm7a6EJ1it8
HmuFxH2SMVo
Hmv3W4xDkO8
Hn6UYsn8po0
HnXCKQZlV-4
Hnbc3z40ZsU
Hns2mF2RGNA
HoH_j8vFF68
HoN4KdzlxSQ
HoW0syH5lW4
Hod1SmQIw3I
HozsxN3oBK8
Hpbbc9loeJc
Hpc3SJBuSd0
Hpz7c2XbdhM
HqJlVs5kAiU
Hqn-wrZWMs4
HrO0qxUKIjI
HrQ2qCIeVF8
Hr_vHD5v-Yk
HraNyC-Fuhw
HrbpzOe9X14
HrnNvzg-Kcg
Hs0z31HJayc
Hs864CA5OGU
Hs9omcya_ZQ
HsER9qVM2Yk
HsxtwkpPStA
Ht9cLKb3XQw
Ht9sRRT8854
HtIKjXdj4o0
HtYfkkxQGaw
HtYxbm1MX8A
HteYKOeQ-aU
Httllblt6Ag
Hu3IBAzFAKU
Hu3lfjIspKM
HuKEhE5R-qM
HuPg0SIx0jk
HumHzJyCldA
HuotX66UQnw
Huqt3FUaADw
HuusiodJVj8
Huvq5EwGtuM
HuwVsOiCIUQ
Hv2MWYMHtxE
Hv4Ess8dtcA
HvIuyTg1Mm0
HvQfGR6jcC4
HvlETL-bvWQ
Hw-LKAKXjDs
Hw8Owq0mAnw
Hwv60JxsLBQ
HxWOcbbOwQM
HxYyiO0NDLE
Hxd72QpDkOs
HxhhE4Zgnbo
HyIaEsXy6cc
HyU9fU99r94
HyjZ-hyMGz4
Hyz5dF7ZjBY
Hz9Su96NyaA
HzVBn3ZUTrw
HzY2bw1oM6k
HzhZXW1gL3c
HzsdGrJToa0
I-0Rkz5mogw
I0573tSCdY0
I0JVfuiRN-4
I0RJ-GghQA4
I136rGmAmkw
I1RDosnwS-k
I1b2xlPP4kU
I1biVASAPxo
I1kmIJbQ64U
I2CYxY1_JwA
I2DBJCfyAGA
I2PMITLk3K0
I2W32XE8U3A
I2_KM67frUI
I2qGckc_a0M
I380z4QhZ18
I3StaWApQ2I
I3UTu8-ixHA
I3nvtJeiCGU
I43vJiQcIg8
I47Fy69OB-s
I48gg5BnctE
I4NLbs3M5Gs
I4Oka5w1yGM
I4PMVJ9FTO8
I4VGZ_qIh8g
I4WS5jZDq6E
I4bS0i85ILk
I5-A6nwubc0
I5KwVs7_vTc
I5NUdUvPxWs
I5VXr_XEAtI
I5pC0uxnNNM
I6812S3o0xo
I6A1ZStz2Lg
I6TNR5oQ3ZA
I6W6ib5GTWY
I70HXy_cKaI
I7Z0BNaPLpI
I8EmWuUBgrM
I8LGmOhRtrM
I8k6XyCcHk0
I8ugyaPinvc
I94H20EpcXA
I9OXwNd8EUs
I9hMcyHMA9w
I9tBkF64UN0
IA1Rqm4r5PI
IAEV7Ye382U
IAJilrnhu5c
IAM5o-SAhxU
IAu1OzC8PuQ
IBPeuxqO05E
IBe-DP7qLws
IC19DjIMsmE
IC6eXNiaTAo
ICCFtTGHPDA
ICSxzzG-8O8
ICw89KZ4vww
IDNGR_yrIj4
IDlhiZiQ1QU
IDoxkiHvkPo
IEA7aUigr_o
IEVlQ64wRYs
IEtQ-Fu1Q9k
IF1VJ_H9j5I
IFAuVuJEWBk
IFTzV72fges
IFVF1i0397c
IFfah225flM
IGG5f6b4gmk
IGUhmqw_7A0
IGcSve81c4U
IGhPfmO3JRc
IGni4cC_GDE
IH9zgyt9QEM
IHO1zjGAr6U
IHUBQiXg4DA
IHZ1Tv5Uj9E
IHeM5csdh5s
II1VJJL_KWs
II5JfIJI43U
IIB-iI13EFw
IIXUn6I_G9A
IIbPjVbSYJ4
IIpx3GuT-Rw
IJQ-eO_CJj8
IJiQEhUewaw
IJx0IcR_AKQ
IK-LVbGABss
IK7l3ez1-a4
IKazzSRLb6o
IKd4F3SeLPI
ILD76ZDI4D0
ILKWK1M2RDg
ILSGpmzuIlw
ILW2mxA52JQ
ILfqA-FpMWY
ILl9hTcSwmg
IM-2ec_ZtTM
IM4WQm14mJM
IMH_R8x57cw
IMKoUh3bvXo
IN9TRJbBL5U
INEineCjj3M
INKTGHd0PtA
INP34lgGrQs
INPWnBP6uog
IN_qhMhEQcA
INqnFE0KiWo
IOFFGRkLo6k
IOGhp62LYVo
IOPl-uVXawY
IOSIjxg1VYo
IOWvkOOz_V8
IOxI1Qoze8c
IP2g9yo3-k8
IPOILI0knwc
IPQsannzHGg
IPk_ZhBLg54
IQ3d30BULY0
IQ5gNBskDtM
IR6adCq-PPc
IRYx3shENFc
ISBKGCjZSKE
ISBqUGAZZTY
IT3yoGlKs4M
ITZQVdXupQ0
ITnxovnMKaE
ITpQgFDJGk8
IU_uzESvIek
IV84n62hkYE
IVCQQ7PXrUM
IVTyuUllmpU
IVZUqvB9jIw
IVvebKE8oQE
IW13JGws1W4
IW1SZqUWiWA
IWhgODS9L3g
IXGnK5JcWr8
IYHQfIVdWcc
IYLU3dEgKVM
IYaP4haeccI
IZCKidoqTbs
IZSOyQKRbB8
IZqhyuy8ghQ
IZv3C-7R4tw
I_8XmjJWv4A
I_RJuXukZe4
IapNk1ZzCso
Iaz2-fnV9k0
Ib09DeWV5ic
Ib5OhNnGbwQ
IcVNgygIYt4
Ic_yxleJpIY
IcxVAZbcb-Q
Id6hYbm2_ak
IdcNWKKcVSA
Idhgj5qrU90
IeFMl5tqbPo
IeMprEUDRjo
IeO4AlXvJG4
IeY9odNRnf8
IenRKUJV_f4
Iey_EK_IWEc
IfDyd2UsGBw
IfQcc8H37p4
IflWgTnJjCU
Ig0MbbUrns8
IgEGqn_Z-XI
IgM2cJyrf7c
IgTSYPaj0S0
Igbmfa5a49g
IgeeFEXIi9g
Ih1KgZ70NGw
Ih1zPbj7iS0
IhxbeluTS80
IiFDtln4Qls
IiZ14fpgi84
IiiT7q-MQ9U
IjDa3GQG1k0
Ijbk3UP8lbg
Ijh2xeLN8U4
IjvFy9W2WfQ
IjzYA1_fSGo
IkXS8NLZMF8
Ikg4rH8eNcM
Ikk7cYnSqb4
Il84NAuwsrU
IljFfv-tXBc
Im1z8KDCsLc
ImRHzwGDpwA
ImTkCfPgTpo
ImWD10i7QHE
In4DR_XL6dg
InTyYtAGDT0
Io5BICIzS-g
IoG-b7Xbdo4
IoLTs2aB8qY
IoSbxOT25IY
Ip7K2GCJr7k
IpRoiLEVFyk
IpjX77O8XuA
Ipm-6iKWCc4
Ipq7xJJkpWk
IptUMskjqqU
IpwsBlFreUM
IqBYZ9feIIo
IqGbid-_SEM
Iqcs3H6sOT0
IqsyeUY-iPw
Ir3D7sWljYA
IriZepF_2z8
IryPDw7ZBWc
Is4AtN-GiVE
IsLbAKxfoOE
IsOppP-kUzg
IsPN0g9Shk8
IsUxgSJ4t9Q
IsiXpoRbZJw
IsnSymxDGTA
It52IXtXFSc
ItCDW2STA6U
ItQDTSPPSJI
Itd2L2p-crk
Itg8JUxNSFQ
Itn4xylg3tc
Iu4PhUq2ja0
IuYPux7s1OE
IuaJTqGuH20
IuidASci93Y
IvGMAb19yp0
IvJ80gI3Qa8
IvJDOwGtmTY
IvXO6sbiN_U
Iv_urYqT5cY
Ivmh5LthMXM
Iw0Y16OS8Uc
Iw7KDymNpd8
IwAnKqJ5F2A
IwW6cXpDwaI
IwixBU5r9To
IxQuI-p6mdQ
Iy10gyN1DjI
Iy5FHvI44_w
IyLKZy0ZutA
IyO7hu7rZUM
IythjgPiIcc
IzHDpxhYMNM
IzQgMIL6_6Q
IzRIPkBzQVs
IzajkCudja4
IzuheJmwBMU
Izv0Fees8Vw
IzzkCWeRReE
J-E86AIBez4
J-KM1Pe3fAE
J-fVZREScQY
J09uakslQvE
J0XfvFvVUPk
J0eP_x3ZXIU
J0ue0zzBhac
J1-OwkDbxec
J1OY6k4IlKs
J1jZoOwyEIw
J1pImGnioRA
J28QwyUCqmA
J2dzTW0ARmA
J2jEyVmpLag
J2tXsMETtWA
J2wO-dfeNUM
J3-nwTX8U3I
J3L2Lh6TlYU
J3MWG6Fd3SY
J3gKEsKzfF8
J3zOx6AztMY
J41sOLZGss4
J44NrXyLt_U
J4APuZOtrGI
J4CYDOrmZ4A
J4OraSuJ-Zg
J4__OHI9bvw
J4jkPmdNGk8
J4nuC2815B8
J4wqIRq89Ss
J5NnsV_PII4
J5YZE9QuKO8
J5l0HlxjUds
J5zs2GRAmNw
J70SKkMSLAc
J7Cq0as5Hy0
J7jNgwmt_Tw
J7kH7EocBg8
J8I7q57L3lI
J8bmRczst5Y
J8iKlQqt2nc
J8nFjZFxpd8
J93qeTTjTe8
J9qtN-EWBnY
J9sPRNTbSs4
J9yCWH4I4Sk
JABKdG6i1TY
JAR4nH73fww
JAUimhodFNo
JAwma6rdaHk
JB3fBZ-I7ps
JB4VUDguA4s
JC-zxQcuvnE
JCC3WK1tZiM
JCnXkplc6vw
JCo0hszDRkk
JD1XaLp0i3U
JDOgFYKigPY
JDXoF1kpeuQ
JDeXE4IPqac
JEJC_3tCz78
JEeY0pP-hA0
JEfxRszdBNU
JEqgCfelCBw
JF8IWqs-42c
JFD6Io7yDF8
JFHDl135m_A
JFfuKTxFjMo
JFljeYNZ2A0
JG9mM9YVg1k
JGDhItQfM4U
JG_NyHyp6YU
JH9Vk2WhrfA
JHCAGiVPssA
JHI3vXHKDsE
JHa8FwPGl_w
JHiXelRnIVg
JHozcVTFwsY
JI4JI_L10sk
JI9im5dQuMI
JJ3TI_W0FK0
JJ7ONJHQbs4
JJAG8-VCfH4
JJZa0RaWYA8
JJaoFLi0g4c
JJff7u1vBZI
JJyit3t7Ywg
JK8Oi65zP3s
JKJ2ZbqFYe8
JKW95dy7Rx8
JKjpDNPIh5Y
JKol8Bqns7Y
JL14zmudu5Y
JL2qhUOA-nw
JLE0kjCyTT8
JLHQja7jrD8
JLW_s-NjUS0
JLZfc2ta8wI
JLey4LiEbTw
JLlj_jDf70U
JLmkpCHdYsY
JLpNAoZC5EE
JLwjgjXcPAo
JMBkVa9NkLI
JMPen2ypim4
JN33M4j6aWI
JNsBWqGPt64
JOEbHBWMBgc
JOQPZJG82YA
JOTYDxky0rg
JOmtyWWHmFA
JOu7XxClq4U
JPGTep98SeE
JPJglCpGX5w
JPcftALP7tw
JQ-grYauX0A
JQCgMEBkpW0
JQJsMxEEZ_U
JQbJiZZ9IIk
JQfymEw4pKk
JQmWO5pKbeI
JQn5v-y0TMk
JQnUDqagwF0
JQszIeqQEQA
JR2Wx38m20w
JRAllwOM-mg
JRigmSz7Yac
JRm8KwsHgZQ
JS-jezJuxgE
JSSGwQBWAUM
JSfRolZPamE
JSlGTKV-D50
JSuyLN5BdqM
JTBm6iJpAuk
JTDE2STPo6U
JTINfSXJrGA
JTMgSQdh3UI
JTOdBSYC2Ko
JTYZ-DUgsGw
JTaRQ18hd7M
JTvRhavKAng
JU1Jd1AJfQM
JUEX9KcyMaM
JUJ5ZPCwDGI
JUJBwV-tWrY
JUYL9rFxiKo
JUamqO6UDQw
JUbtHsk5q0c
JUpLQZd5r04
JUt0EaoehmY
JV3xdz9WIVo
JVYq9QMAZt8
JVd8J11jmaY
JVjycGDmBjg
JVkAzNpfjIM
JVm4R82X298
JVzvOMYMIeE
JWKc2sdLDwY
JWa9iV2xGaE
JWyDAc2Tr-4
JXA18he3qmE
JXArwixhCkg
JXLDjgxhM8M
JXRVNT5gBEY
JXhY4OSwT1k
JXrumgUhpl0
JXyJA_KboOA
JXym6jTfLpY
JY49DsCfSDw
JYHjxELKsjo
JYUrStiLQP0
JYVMhmKyJR8
JYZkarjfpdI
JYi7-Kkpi9Q
JYkFGX63ZBc
JYkybNVZuNU
JYlTom8dbGc
JYwUO-XXbPY
JZE6pNcpi1o
JZHaO037Rrc
JZeJNhrviPk
JZpxRgT9tjo
J_3aHwqqIQA
J_LbFxIzLu8
J_Xb3Q6pj7k
J_q3_cUiCWA
Jarho-QUG4Y
Jb-1LZEKe5M
JbASphdF7b4
JcEENGIc5KU
JcHixlFoc78
JckpCRIbobg
JcoNotOLxag
JdSoeHkhjyQ
JdWzRe3U_xY
JdpJHZ--zH0
Jdw3MbuwbVk
Jf-sWa72rZY
JfA6MJw8ftY
JfIwYhUhvyE
JfVgVfSYqaE
Jfhe_yG1bqw
JgU9HJWHDhs
Jgr0I0SIQjI
JgsacyTXR1M
Jgy39rZjc1o
Jh0AjM1YGEU
Jh9hmnB13ZQ
JhMKJXGYWyM
JhNLwman0PY
JhWrEqqmc5A
JhXImHRZgjg
Jh_Yck1U9vs
JhbFgEMuNQ4
Jhl1QV0FQk8
Jhvd6NgPJrQ
Ji4wktZIrzk
JiKyYM5AroE
JiWyKKFp_QI
JigNnQXIIIA
JjJCaZfdpOc
JjNZ8QX4NDM
JjlOW6zH8Xc
JjzwLC3503Y
Jk1XcDxoaCw
Jk2InxutIkU
JkM-HnQ2kMs
JkVIwgfPLH0
JkvfHgfYkUk
JlP1xhcp5uM
JlRt3GB6ckw
JlyxWim-A7w
Jm5kSN2qAiU
JmCgMU_NSMc
JmFxBpS89EQ
JmQ_WqFbhW0
JmRhEvIHx-s
JmTSQsL8iy8
JmVrulnNviY
JmknuJPU-As
JmqHd26pm9E
Jo2R7IDFHCA
JoHj5ELz-d0
JogdqTr8A3M
JonNwEYJSxA
JpIIbrav62Q
JpbD_dDiEw8
Jphf8zHUv9s
JpqeARM_tVQ
JpxyEYdFvb0
JqMejnzN-BU
Jqh8aPi8T2Y
Jqq-MbUh0-0
Jr4syhhroQs
JrDWTFrXz-s
JrbCdrrWadM
Jrj7l6YHKiY
JrmLp2QtOno
JsAR6Bh2loY
JsVDnc3HSDA
JskrdvlPs2o
Jt5ovHQhrn8
JtBBfivkUeU
Jt_ViaMWYWQ
Ju-YsH2PwSg
JuBI0AdzFro
JuUHFVpd8Js
Ju_QOcH1xxo
JufgHHLpBVw
JvCRT9XgPt0
JvETesz7Wm8
JvEnJN8BNFM
JvFQ2nT79Oo
JvG9wjws8xE
JvLWnDqADCg
JvyF6Ngr3RM
Jwkv1DwCBzU
JwzAhW5YuPc
Jx0y2BvYxJU
Jx5QesGBGNM
Jx6QHVvdP9Y
JxDZzEdqa78
JxHTw7H_uTo
JxW3MZaK4rI
Jxfg1twvKKE
Jy6kKAxoUpM
Jy8iia_r8bk
JyIs5y6l7pM
JyJzdd-sXTs
JyTQkiiWLiw
JyU7Q625PGk
Jylz7yrLWiY
JyoDhTAuJLg
JypBRp-wW3A
JzcFRW3eMuM
JzlWW2cg6Iw
JzukfszU-wI
K-OrNEAEYaQ
K-P1zuQHuM8
K-QR6ZipBGw
K-g_pAbcAyM
K0CUlNn_Yls
K0E28UHKdVk
K0Mps1TQ8aM
K0U_1-LBTT0
K0h0SfBJ-1o
K0h_4wvhNM4
K0q-JQMpUz0
K0r8ZZfeLTg
K1-YSAhZZo0
K13LDfOBgQ4
K14SrgNrkwI
K1PE1BtvS8Y
K1uyh6wsPUc
K1zqWw8JP_Y
K28Rk1KZeRU
K2HMcTqgknw
K2XI1ikWdWQ
K2usyVzYx6g
K2yDHJHhWjo
K32LVD_5iHk
K39fH_zhrc0
K3GIthrSjxU
K3L4GXz8GZY
K3Mf2OlpN84
K3TnF15RTfQ
K3Wc-FqfTWY
K3YFEJ9I7gg
K3hTQDWgOmo
K3sdpCLKyk4
K3zhGjAdhuY
K45qvy8QSZg
K4mb7Sjanr8
K4oIk_f-DXc
K4txRcdR8Mw
K52mWVpH1ck
K57AmvwY_KQ
K5BTcqi10pA
K5BxKtk-EBM
K5U6dnKMTWM
K5bQjL9ajBc
K5wjUdAKwMc
K6QLrP07e7w
K6xScS7CwjU
K7-Ng-4KZrY
K7I1M82GO_0
K7LSN2nNbGo
K7MtfWheHFU
K7OKXDiSb0c
K7muTMMDmW8
K8QuG0omBSc
K8SdPYqHuhg
K8b0L0JBdKE
K8bO_bRFGDU
K8yC6qqD9fE
K96ThEOAHtE
K9JsXhQXq7o
K9VFqvGRhNs
K9YZjY_vTU0
K9gHLok1RiU
K9mqHjHJdSU
K9olMI7pC24
K9sjNf-HcjA
K9uLpewkRlU
KA0FVEYrog4
KALoD1uQ3MA
KAMlPpYPkMk
KAVSzb_ZLtE
KAgwd5TxNq0
KAlL3UW9F6Y
KAyuVgmM4cU
KBfnfC452zo
KBnEg37hao4
KBuLrQvLyDE
KC1pzEXOY4s
KC3jBL-1kH0
KCDrwrFdcWk
KCIb51nuO3Y
KCtiAPE0I5U
KD82-v9Qgbw
KDEA2JHwFs8
KDKow_A-kKw
KDRLgXam8dM
KE6cUY3nKXE
KELMZi6-GLI
KEMZ3wQFiNQ
KEbf6KTpK3c
KEyCLeWi0Jk
KF6aOpZ7Quw
KFiGN0bX0Tk
KFj-9XByn0A
KG-q7vzxKY8
KGHRkTrTH2M
KHIrLkzzPiM
KHNeWBtDSnA
KH_nW15ESFs
KI6wgLXHxRI
KIHHPNQypx4
KIPZmgKNNR4
KIqzXsLrZ8k
KIsayjjyQGA
KJ8Mrlrh0o4
KJJDxLRjKJE
KJNDUJflo_c
KJpA3c8-YSg
KJr47L0hrgI
KK6oi7hveGU
KKCU99oQrYE
KL5zfnd0xW4
KLLbVIHOTAQ
KLMVkQcQsNU
KLR7IOF0k5E
KLruk-WgSik
KLyy7kEj3Fo
KM-Nzb_BzyA
KM6hBge9HG4
KMRD8VEayHs
KMUsL52gr3A
KMb6OG_0q1k
KMcEUEkwVcg
KMgwY7LUt6A
KMu56rfjzxI
KNT_70qy3K4
KNW2CbQD0-s
KNr_9uLT2_k
KNwYcRzzk4U
KOdnlESuEX0
KOkpeBEoT_A
KP5dc2oKg50
KPE-NlRzvUs
KPPQTU1FZbM
KPPZMyMNQCM
KPXRhUU_zr0
KPdz9PUpFOI
KPt3GwDDqpY
KPtBIpuIWSs
KQ33z9cLFCg
KQEfOuxKlPk
KQl6F3hIf3M
KQsr8v1qBuk
KRNrAlYoS8U
KRQLmohqfRE
KRUe-P_h5L8
KS5-g-sV_ls
KSFzbcUA9Nc
KSH5pMkiSNQ
KTHMRxzUp3c
KTjX6uCar5g
KU25V3UmClU
KU45M4RtlqU
KUEUe6PaG58
KVCXOLLICPE
KVIzqG2qiqA
KVsB6JWqdco
KWvHImII0Y0
KX29sPM2LH8
KX6hHbxtrzE
KXNaVCO3BMw
KXUOZ3nldPQ
KX_ac6dg3Qo
KXzOp-T4SuA
KY6jjjdWpCs
KYcXjTGprQY
KYqhX4urTOA
KZXnO8qDDY8
KZeTdY2l3UA
KZmIItMko34
KZrlcbr11LQ
KZu2IvzkKak
KZxuqBG9r-o
K_I1Lc1k3T8
K_J6MDZ1G5E
K_edUMGyqSY
KaA4EwfsFgY
KaC5ZMp26cc
KaZPE0diLok
KadBMwvBMVw
Kb0WO2Dt3S4
KbHjZdqa9_Q
KbhaqrW8Oi0
KcVAk8ntRvk
Kcfyvn5ffKs
Kcj9SHETkw0
KdSE-uOHfi0
KdUukjqi7g4
KdWTr1T6Ms4
KdXjj2qlRk8
Kd_JzGHTCTo
Kda4S3OXuPo
KexIEl03Btk
KezzUhdpSSU
KfCE0ADl2XY
Kfge72nWmX0
KfmoimEYsRs
KfpoAmiP4DE
KfrJ6tzV_7c
Kg4ArpjJs70
Kg5yR94pHhY
KgC2ewyKyYI
KgRrc03RC_4
KgSUvkAZRMA
KgSwjaqQl3k
KgiAX7rYNKY
Kgk-FGGmY_g
KgkeguefM-8
Kh4WWM4WDxU
KhTUiPoL04g
KhhKMEzo1wo
KhlAAsQxlKE
Ki-KqJ4fEEw
KiAsYqcaZ_c
KiXQVe2JgwA
KiYZavdmEL0
Kih04CsAQH8
KioT0UARFeM
KjHMShgtm0U
KjI9J7N3VNs
Kjbw1C8WmOs
KkemqaKARIE
KlpTCCxQ35w
Klsw6AyCKdQ
KlxpblqIV7s
Km41F_A2_0Q
KmW4-zx3sCU
KmhlqgMwOjw
KmnvYkTSd14
Kmo4ETQqG8A
Kn-B-dSWWHU
KnApSLY60no
KnRhsCoXh0c
KndHf5FbI4E
KnqzI_LClPg
KoUgjPInebo
KoekDBx0Fcs
KpXLDKYDZvo
KprMZ9vEpbQ
Kq91HPl0lJs
KqGWInK_Gz8
KqRTyIFIsHk
KqmvRIIc27c
KqvdBMcqYvc
Kqzz6MXxpD0
KrK-Vt45wHU
KrNb57xzJro
KrX1WQ7sRQk
KrlmowFxc-0
KsAkQ1MNDIA
KsJRRC9FeHg
KsgLFYJu5w4
KteVkVQZLAM
Ku0RnTWBuWQ
Ku4IN7Ezy1U
KuBmYc-oa4s
KuLWYj6yyUw
KuYLfOp-rTk
KugaTocedtA
KuhIjCF33aw
KukfCeUJjow
Kv2B0xXoSeM
Kv7rWtnhS5Y
KwA2dyrKCms
KwBqWc1II14
KwL8OBzOnAA
KwLQcB7-KGQ
KwPjpSXGzxw
KwQ5kkSeFJQ
KwUqHGURRyw
KwuLqtSHc-U
Kx3JDcsK9ME
KxXOp_E-g5M
KxqSwVuQL0s
Ky78CXml-5o
KypYYs0sSO4
KzJrrImeEpE
KzMqGUl92bM
KzNsP9X798o
L-UXEShsX7w
L-hJPk8km5o
L-q_uqserWg
L05UITAzcIg
L05bFJhgAjY
L0GMQzCxrXc
L0IVSnvbX3w
L0NSl7ADiqE
L0a0HnUWLAc
L144bAueROs
L1KsU6xHDXo
L1N3C3ioIjA
L1NAZrOaLu4
L1aP18Z0Yw0
L1n35QBDsZ0
L1qk_Qwvsxs
L1srg5UpIGg
L1vJtTfRoFc
L1vxjEZ82tk
L27M8Y2xndo
L2M10buBTqo
L2SKB93GRnk
L2WksodIEc4
L2gxjPT4r-Y
L2o2s0Y2vKA
L3PiYgSV1Fo
L3TCYAcOqLk
L3XoVk7vVHA
L3ZD_O7jI3I
L4EkdsIQ514
L4YkLzoKaaE
L4eYrx3Oydk
L5JhjmMoyak
L5MiGl5FND4
L5cbrgnGJos
L5cz7JL4lto
L5qC2LBnv1c
L5wDJeadBOc
L6Bt_l5J6zo
L6kmO32sREQ
L6lIOk37O1E
L6rID9RallQ
L7C1qB1YfLg
L7F7a4oQMUg
L7FYbBbrYrs
L7KyxHqhgRw
L7POUNGSwYs
L7QPopfMvoM
L7cryaH5bCc
L7hAgKz0uys
L7zbK4EicQs
L88EKaX80Rc
L8dZfwFgFzc
L96166SFh_o
L9ftxgsN010
L9nFL8ygMxA
L9pTs2gH8nA
LAJFH6ZM9xs
LATEAVW_gQY
LAV9OqjM6_8
LAs56uNiYrI
LBYzefwfxo4
LBunRp5yuQc
LCJ2p5QF8GI
LCjQphNsKMk
LCtcH6hOQgg
LDCkbBvkxCs
LDYSOIwnNEA
LD_Mbj4NG0Q
LE54G683Fd4
LEO4rBKEQVg
LEOtmeMfr9U
LEYughUMubk
LEtDql8eiF4
LF1zJVY4zpM
LFRoDjzMnDQ
LFcP2LeD7QM
LFo4Flimxeo
LFtjb8DBChc
LG5vq8N8R6M
LG7pRFXYK3M
LGEGPBtGDUg
LGKQ2kyv3gc
LGNk0E7haac
LGPTXybOu3U
LGT0dnejgpM
LGdkRadDWzY
LGnMr2DXADM
LH0JCvyhwBs
LHMmjunfLvY
LHd5rg-6t3g
LHougabU7vk
LIFNYi8qfYo
LIH8wzQXxq8
LIQBUtLT4hk
LIQZfBjuj9g
LIULySqSv0M
LIajbCwbp1w
LIe1M9AzuGA
LJ5o4d2_qoI
LJIm97afZL0
LJKT2TgtUpU
LJfGHpunGso
LK6-vygaNS0
LKCyEHX6W6g
LKOsi_k_3mM
LKblLf-fc6I
LKwhxzfqcaA
LL-smsekBXI
LLAnQmGu00c
LLOxB0zK7NI
LLccIW3CqHs
LLgS8GDXxV0
LLrq_eu8HYM
LLv8op7kWsw
LMPnsmsq4rA
LMRliH8iOl4
LMYPnRGv2fc
LMtzWnypZ3E
LNgr5nCONH0
LNk2PlCINuo
LO9FT52vcxM
LOFXb1snGOQ
LOGpHW9b5HQ
LOO02q_Tbdk
LOSEKN6w5wQ
LOX-8hZP1fU
LOsc-DoH9X0
LPDxBE8QmqU
LPJEVXll_HY
LPS04jSCJn0
LPcoYqMHHHs
LPzswoHAlU8
LR4YviuQ-kk
LRAtIt7LRxw
LRFP89m5v2A
LRXc1BW3Lio
LR_hXOXnQXw
LS0x8GTxYBU
LS5Cs92y_Es
LSbS4yaJnoA
LSn3BMj5xQM
LSsCUbVJifw
LU7x1UdCzvM
LUG4WTioM4Q
LUeIj4SZYkc
LUk9ZDQtzM0
LV0D39RPoBo
LV7mqhstdR8
LVOssgMUWMc
LVYRHgacnUA
LVoFd4gOKLA
LVqKFpMQWOQ
LVuwyG8A7Ww
LVvQ7Dl52_4
LW7w_L6ozvY
LW_ydJ5hyBM
LWlkhXoKlSc
LWnzNr8uuMA
LWwip-oF6v4
LXBb2xCK8HI
LXTrMnxDN3M
LXpGgK6YdWk
LY1a0yw_HRM
LYQoU6buAjo
LYfDttSZAsc
LYqL-rg6SsY
LYtepvb7Duo
LZAV5jCeHF4
LZILJfyo1K8
LZMuql6wi3M
LZP_hMkGZF0
LZULX20p4nI
LZYVDhVdUKY
LZaamYgZMIw
LZhd0nfvwsg
LZvJaYDsUPk
L_6tJ0QZ928
L_Niak7yBNM
L_cfs_xZLKg
L_nYAZN2MQw
La6YDhn2TBc
LaCNKNVV0WA
LaeTaq8Faqs
LaqMpS2ySyA
LbMoAETzTVw
LcEZAkkGd74
LcP55j0XEnE
Lc_hgMFnZ5E
Ld3UrXK2Njc
LdV3CcO-JIA
LdkYEvjvLqo
LdtO7Vstaz4
LeDnlnYoM1Q
LeTndHdVywg
LfXUVoxnN50
LfeN_lw86ro
LfjVtOAP-BA
Lfk5YNmAC6c
Lg6gzbOapGw
LgDrHX9LmF8
LgHYNcY6pLs
LggUwIqRNRM
LhOoquakpm8
LhQTX_hFQIs
LhYQR6BE1-g
LhYWgdIQZIQ
Lhi2OYedEfI
Li7_a6ZLHg0
LiTci1uAxaU
Liau5LQUvcQ
Lj05LS3YvgM
Lj7WckoxcxY
LjQNCwRmiMI
LjlDQMLoPQU
Lk9zsO39aec
LkNUzz80Yfs
LkYekFkP1ps
Lk_78lDg0_A
Ll2njBBOttc
Ll31lryeJnU
LlG3wP5p3pw
LlOceM3AWzc
Lla13m9GvQc
LldiwC6xPpo
Lli5Uh4vbzI
Llxg14sTQik
LmFJtrxzP-Q
LmejoBc9UfQ
LmiZVcm6iKs
Lmv7-sEu_hU
LnAB6PU7v_c
LnXZhfWqbzc
LnfQQxvc1hQ
Lo2brLsyasU
LojSLeWGdqY
Lok6vdBaaYw
LozEXkFv8bg
Lp3nwCMZC8I
LpLFnD8Ydv4
LpN8bDEu3AA
LpOL3eon_Ok
Lps7_Lz-150
Lpu5v0uQS-8
LpuhwL2nPD0
Lq0_lm-_Ts4
Lqh3viOHuKE
LrFfXPATUzw
LrhVw-6Awr0
LrkWfAeHOJU
Lrx9Jy9N4T8
Ls6GdDjMcrk
LsBgYsONRpM
LsPJP_vJ2H4
LsxJ1jyET-8
LsyTP8iGdxw
Lt1BHIUIHB4
Lte00S1foec
LteocXJ3OJs
LtilsTIrvMU
Luj9R0RmTtI
LvDVqNpxom4
LvLh6rAyfQ0
LvN1xX6R9qY
LvVghuNGBL4
LvYBvS_EDdk
LviIiKbGvp0
LwSpJfMW790
LwWsF6yab4M
Lwb-5JAjHKY
LwmH_S7iN8o
LxauF7ugY8g
Lxd6otwER38
LxiGQFS8Swg
LxmtnfwwmQ4
Lxn3AhLubgY
LxryNiyRwlI
LyCQej29PC4
LygPViKx-wI
LzDXq2qOGbM
LzEmUrMfMYA
LzHnlFyfIgE
Lzpmd4YcdjM
M-36Hja-j3M
M-Kfx83jjRY
M-LwuSYeous
M-SySTU4l_s
M-Y0p8YKijI
M-__BiiKahU
M0Fl3pnverM
M0FquejTVIQ
M0Hh36qXIIs
M0NEoSq6oIk
M0O_c5aIa6k
M0kEYhJ03Xc
M1w-ETrkpZ8
M218HSRyw3M
M29BUXnSgRI
M2J5ecgOY6c
M35jQzeQkqg
M3LEBNRg7sA
M3p-Rm9klfo
M4N_NxhDKhw
M4RNYme0kMI
M4ZxZdlX0Eg
M4a7_GF2iNY
M4azFW5gpVA
M4mr4Pn_YvM
M4yo58nTvhU
M5H9YpXRo9g
M5YWUu1Ykko
M6BKy9QgNpg
M6Du0U3xTOk
M6WGl1C1RxM
M6dMxuNQxDs
M6ppO3OHqaA
M7gp8wZMY4U
M8FlgmgGwFM
M8La5AXyg-8
M8QXLrzLPaw
M8Zx7HosIm4
M9BwKQSh1_o
M9DOF-kT_S0
M9Zr7AH_5SQ
M9_c9w9mL5c
M9rJB-m8Nas
MAtMaSv_jyE
MAyS6Lz5Cmo
MB0k_1rS2pY
MBEvvOoKjik
MBe0vz3DYvo
MBiA1uOd9Gg
MC6YaSIYpOs
MCGOwgKXHrs
MCPvfXG2N44
MCdrxjsW10U
MCgddkP3mrg
MCkRh7TJCTY
MCorgL7JmVE
MCqbXflPdwQ
MCuTMZqFwnU
MCva5_7L40c
MDB5ftpu2N4
MDCXhO8BsFM
MDh2FFqvC3Q
MDk0ZlYAIAA
MDujLGOubXQ
MDwEjOHuYQA
ME-xr5GhQvY
MEDcJX_Vfi8
MEiOkgcD9Xg
MErogyDXMGQ
MFRf8L1vTGE
MFefUtTGsBU
MFv9WVRm3_c
MFxddNUOfkk
MGZUZO_QMlw
MGiEVCwaqjY
MGoVNggP5aE
MGw3ZIu1pbA
MGxZKJqRkLM
MH9RAThLWmI
MHiVSUuls_g
MHp670YLNv4
MHpQBacac50
MHyq9Z--7EM
MI5Oxs8OBIk
MI7rDIfjI1M
MI_SCIyUBQs
MIvBPF08pWU
MIwr-qPEFNw
MIx8Q3Er6kI
MJfxr81NpPA
MJlaKc5YB_g
MK6o_aldOcA
MK8BMIoppc8
MKBVy_6HL1Q
MKMIXSuLTr4
MKNwAesorvc
MKU_TyZFT-0
MKXcA8iL_p0
MKhhb2Ggr_o
MKywP0FrD3o
MKz1kntRstg
MLE_lJeNZok
MM2O8LH7xe4
MM7DrO_4BVw
MN-QJ0FoLL8
MN82jmBpfYs
MNOrim4ejew
MNbM_sJbhas
MNdCX8YsYhU
MNhZ1VAwVf0
MNnMeTPXIA8
MNzFf3DbWMw
MOTpxqP2rZU
MOXPiLzxjkU
MOkdVphyLU8
MPMdRs3h5sc
MPsbkr3FQWY
MQX7QuvdCLo
MQjm2oWH5Hw
MQsYZsgJaBg
MQt4Yf26pOI
MQvXvDGZTI4
MR9IV3tJeoc
MRA5OKa1DX0
MRLBK_FysQA
MRLiRalRVcg
MRa2lYy7d8w
MRpC0OcOuqY
MSEwuqSZVuw
MSZtU1zX8r4
MSal8pMASIg
MSbBVhTNl9o
MSmKUOCpj-Q
MSqorMNbYWk
MTSWxFkPXFg
MThYCFnraGw
MTyk-DOCF_o
MU6JLA5Pnb4
MUL1IYI2OXU
MUOK7bPs0To
MUVr4Nxyuvs
MUofCzrYuh4
MUpYvP_JeOw
MUxYAdOIgho
MV-u_2nNCXY
MVb5M1esFQg
MVmD77_31E4
MVs9-VswQJ0
MVu2umdIXAc
MVxoJ4tOrrc
MW1sYKj69ms
MW724eH2AfA
MWHWqZMg_4Q
MWJn0fIusrE
MWVkyn7ckM8
MWarnNgmPAA
MWj66_HXjQs
MX5qEqt2u2I
MXijJR973kE
MXk-045LvvY
MYI3AoT049U
MYVl29nxOe0
MYahoYDx00E
MYsGPG48Ktk
MYusqtDwrJc
MZYeJlBwj0k
MZZl_rG4PFk
M_iMFQTchv8
M_oUruEIhdI
MaDxFXuczVI
MaJ5AGaRUsQ
MaSRLxiq0SQ
MaV3kXZIg-c
MayRR4BMhPU
MbmKlQRHwmk
MbzEYH8h3UI
Mc7bgpgorq8
McLZzDMw0E0
McTSizu9l3w
Mcpzzqceo5I
Md1Sx_CobdM
Md9y82Ake9A
MddJ1XBAu7Q
MeEdlWgK154
MeV-Myf79IE
MeblrmmBueY
Megc7cOyR98
MegdMhdseuI
MfCh7juyVrA
MfY98qHZ_3g
MfaFcebyhz4
MfmV5I7c9HU
Mg8FZ8jlnHU
MgJhKYxgPGE
MgYwe3Q8sJc
MhIyxo63XnM
MhLqZoPSnCg
Mh_ACS0LSag
MhffkHtNTwI
Mi4zP50qlXc
Mi6o7AyQdE4
MiH-aysh5Y4
MiJOT81CGxQ
MiRJ5KnEWQo
Mivq1dztlKo
Mj6WbUFT9tE
MjGdYqR4WSM
MjOTuZ30v1g
MjPaviASGjU
MjvqJjmW-TI
Mk-3AYJwlBI
MkOQgGgi_FM
MkXfKWmUN00
MkY57TRv_Wg
Mkke1191gOw
Mkv6WOmLBIs
MlCTQbBslEA
MlOow_CMJAc
MllgH1_FWbo
Mm0mXZFoHdE
Mm5t4p7CpME
MmAeMCkxzts
MmDXO4b5AWc
MmMWSfaEFGw
Mmv1Mj4lq-4
MmwnxzFAxnQ
MnJBicrAiTQ
MnUssd6zDn8
MnWBi1GwtCw
Mo4lnAA7flM
Mo8Z9xfEim4
ModMSuKUfJU
MokhzVuWPPU
MpPKuspC-sQ
MpXaWAwkP1g
MpeJLKX6RHc
Mpu0XIYVGo0
Mq-_hmRONuk
Mq2Ti3_O11M
Mq4Twri617g
Mq5J7_2PXzg
Mquk2RxCNPI
MqwaZu7JWUM
Mr1MR-Ow1K4
MrqymMEukhc
MsA9k0ypULE
MsOWIk2iwBc
MsrPgcB11nA
MtMrUUHnjlU
MtNeNQ0fe24
MtdtVrVKB2c
MtiP02ub-zY
Mtkamky5f3k
MtvgM9QLT8E
MueZS3v-gCQ
MuxzzTJlkbQ
MvCoIDfZlUA
MvCxBncKR2E
MvYFw6hu4k8
MvZF2ss5g94
MvbI_AF4A5Y
MvkK95-Ovqc
Mvq39oR9q30
MwC0EpKcphY
Mwf9aIYLSTc
MwscbFEfX6Y
Mx8086Ddh2Q
Mx8XBkI3v7o
MxH52n2R3Aw
Mxf98r6tFX0
Mxhk2a284nQ
My-XKSkU0zA
Mz1XknCS6XQ
MzPOPf5oBFc
MzYGqsxW3qM
MzmSBG1Kmss
MzpZNcKQTL0
Mzy9GGbcvSI
N-02B-J1gfU
N-4E5xrsYEQ
N-5kVO4LLUQ
N-O01VcNyxQ
N-T9DiAwMFM
N-wCuaaZO-Y
N01HbWCaF9I
N0MHL3_7Ras
N19Ik0x2o6g
N1GRf5z3zAc
N1G_x61RDEA
N1QMOtAUvsI
N1gAq7_d9fg
N1yVbIzPiFM
N2Oq-u-Xr7Y
N2YVipkJR3w
N2aend7kSU8
N2pJYSSL2js
N2rmRfUv6VU
N33H7etM-O8
N3PSNzWgz_8
N3aCXJCGLRY
N3kAgVDXqIc
N3u4p7pZj4I
N3wHbRi26gI
N492eTMDPpk
N4GvQOnSiLI
N4OD80Jwgds
N4PzhbTIty8
N4XX73Kpv9Y
N4_LnX2D-js
N4n6NdS0lEQ
N5d-dYajnu0
N5mV3fOl3hU
N5swjwANAgI
N5ugpiYhSAk
N64jkkbTdDI
N6KA6Mfc7YU
N6TWCLl9k3I
N6k7RIaMWZA
N7TknjATyRY
N7WM9UwVwK4
N7exUL18r_8
N8BigmZk3qw
N8HjDNj0tdM
N8jwkSfb8iI
N8kYzI6VL24
N8yEoYaMW5k
N97a_9Gq8L4
N9Ng-SXpo2o
N9O-C5rGCsc
N9rQtTq34yY
NA1A_WoW2mM
NA1vg6gMLmU
NA9pAfszdws
NAMQZfZfYk8
NAkCWL64vOA
NApCF574bP4
NAv8xJITghI
NBr9ut-FZ-I
NC-wMm1QlpA
NC51AUMgP0w
NCVGri6jQN0
NCcsXROsDFI
NDMLrzaU_qM
NDdjvK0MrfQ
NDem622mvdc
NDvMxuILwEs
NDvdP0Enh20
NE4klaTqiR4
NEPS1G610IE
NEdUohxJ-qw
NEeNRP2G168
NEoIrpHXde8
NFGjOecTYqs
NFOy97b4mE8
NFR5hG3paYY
NG0AIkw6f5I
NGMbFsBGD_0
NGWPifI9xPs
NGWyUveL7hg
NGqiQ0nU1JI
NGw7kP1tLeg
NHjZ-tYHPIM
NIAJ3KcXhNE
NIHcAwJmDfU
NIOY41D7zN4
NIltIpwyKUs
NJDU46CtbLM
NJFAUnXNU0A
NJhBZijeHKE
NJu28DqIZ8Y
NJuJsQVO4ug
NK0UpEJMLUs
NKJdAlVdGBc
NKwRMBO634E
NLFjioV_V4s
NLXueb-2eYQ
NMUfQuKogNU
NMW2C0Tfyps
NMW2Ps629sA
NMc1-WcHlLg
NMlQsFxkkG0
NMrrLgtfyW8
NNF7vQOzuxU
NNZRzFSYbW8
NNarj9A98kw
NNyAtutCMes
NOdolmNsyJ8
NP3Q3nDCfxg
NP6U4scnW9I
NP7MefFpTlQ
NPJYxjYkIIE
NPsBXWdATAA
NQG3tsmTYSo
NQJUgItnx_U
NQMMJUuhSYo
NQxY7ho9-QU
NR64HyAZsy0
NRNEFyqglTc
NRaV5aUPRdE
NRbwpDAjngA
NSAf6SZ1B64
NSRw_wHZwVw
NSl2Gbc05Ww
NT_TGRlsb04
NTjKkfWtwqA
NTuokvBsYL0
NU8pS5rHmWM
NUDgGSje4Ew
NUEGFFStU6w
NUESTiKPtEk
NUJjtTG6ceo
NUSkKPlBsSw
NUVqu8GbrfE
NUaSwouktyA
NV1J6uIUPUM
NVHM2u01XpY
NVN1A-N2IB4
NVOou7vvDns
NVcxKFSBznk
NVeQFpWqBcs
NW08OGV2OD8
NWCm5NVxrfY
NWT9nKWaB54
NWYgGNqXd5w
NWj3sg0pa_I
NX3pZM0XGWY
NXDMSU8jib0
NXRHYRdBoXQ
NXTRD50auOE
NXXnZd1V0Y8
NXhXd3A8pZI
NYBlIxHu5wU
NYDn71PcUJ8
NZ2VkhAZICE
NZMhWMSIaI0
NZal0JcMv8M
NZcIjPHuxTA
NZkwVxnq358
NZky_z27gxM
N_2KLs5xzvU
N_EX4NCeTq0
Na8lA5Cs9zM
NaHcPNF7r0o
NaN0BGKIMH8
Nac1Ofd9EBU
NarH3qehwoo
NauZDjZEim4
NawzB34Xa9Q
NbJNZykGuhw
NbnTyVumr7I
NbyfkAL0YFc
Nc63ev3cBLg
NchTg10dl4I
NchpGgzI1uc
Ncj1CXxQQgc
NcpHk_hOoJI
Nd7CfplHLUo
Nd_7g6AfPP4
NdcF2QzKEAc
NdjYqm125VY
NdqlOfJg2Sw
NePa2-rxp9Y
Nef6fZSY8gY
Nelv9zRzoQ4
Nen8pdFJggE
NfVhVZ7TxYk
NfZSdkP9KGs
NflvkxPUxsQ
Nfmdpdaz3_c
NgKSPEdr5T4
NgjHNyWrX4g
NhDW5YakRFc
NhGrMwaU_u4
NhRnvZKlnZA
NhY84bacR20
NhwrapmdIdw
Ni3QGafxaIc
NiEx6yPjoww
NibtmLQvcOs
NibwIm_oho4
Nj2ex-10unU
NjBToazFKZQ
NjCrN9fCFiw
Nja4XEqhE2M
NjgKZNoc6KY
Nk3bF-i7e_E
Nk6ChhLRZJ0
NkMb-vLDbG8
Nl1tJ8q9G7s
Nl8ZfDnHXaI
Nlu21FpIXDs
Nm0VLpnhyC0
Nm2V6yuBLWY
NmDAvct6r9s
NmQwW8PPOB4
NmSEJq4Mfk0
NmhCDFFvSNg
NmvwHNeZPnw
Nn6O42m9AJs
NnqyKTjVeB8
No0L5NkuiT0
NoSAaH9orm0
NoTasKZLwKI
NonTLfoKiFY
NosNyN3T0IM
NphUHXuYI4Y
Nppls3xkSl8
NprTcsgHl0I
Npy6fe5-uEs
NpyVJ6bo0d4
Nq0_-UORyqs
Nq9sKhNLuOk
NqAy0vH53Lo
NqSi2UVFV60
NqV7-oSClvQ
Nr1rysFNKjA
Nr3nS622e0s
NraQDi3nNX4
NrrbrKvktOQ
Ns4nu4iH4BU
Ns5SKH-ooy0
NsMClgAbU-A
NsUyTqXn0bM
NsfC2mAkK1I
Nsmpt1UI35o
Nss0Xxy_SRU
NtKocGNsSbY
Ntxdfm-QpzA
NuC2i4zN2qo
NuqSNxbGScg
Nv02hO9vB0E
NvCPS4WGt7Q
Nvf4XXvp7ng
NvzTebuQuPA
Nw9rKiH5Q3U
NxgehvY8F4w
NxogEj5ZvDM
Ny3-wy7XH-k
NyOjg1XjPBA
Nycuq_NyXtQ
NylkBq66KoA
NywPMHBsd2E
NzDWgs13zTU
NzLXKPNo7gk
NzjIhjIZ1Z4
O-0hcy1o0hE
O-5Udd6t90c
O-CiC8e00Wc
O-wn__xM-KI
O-yNkKwTGac
O0409QKcksw
O0w8UP5s1aY
O0wLOrI8KsQ
O1AlEQj1Pc0
O1N-2g27Pi8
O1aVWu2rBhE
O1fGxGsHhW8
O1pBoSvntCo
O27mdRvR1GY
O2CF6jCyigs
O2TM9O5JeMw
O2pFNH0q8TY
O3Xd-uwMPTo
O4AbgxcS4UM
O5pJgEjMlRI
O6MGGh8WUco
O6dvrtN3EUw
O6ew3AWttZY
O74SGLsjB0s
O7CG4F_lt_Q
O7HZYAezW-M
O80DSDrJ_H0
O8YpjjRvxe4
O8jXbiQziLI
O8lUjCyq50g
O8rcs1x01eg
O918exgdPDU
O95aVI43zJQ
O9O5ZBabcXM
O9OvpzNht9w
O9QzJpOvFVs
O9araSp08MU
O9c0WFTaQFk
O9mH2OzdIpQ
OAAhiHWNI20
OAkNLrhGIVo
OAp1uxLxqzs
OBBIQVIRJw0
OBCNs43UMMo
OBDGyCkAgrg
OBrJC2cQ7-g
OCNoziILPgk
OCaQkDJ2jhw
OCqYFIVeu8w
OD-e7Ofklno
ODTJeMZZFPo
OE3ec5q3qbA
OE63iOYZL4Y
OE7I1qq76uA
OEVfZXD-_BM
OEhaojv0fzk
OEn-8ROgyrI
OEuQL6ETsTo
OEydHiwoSyA
OF1EAtFL_IE
OF9GKx8nDwY
OFTgXhWOYz0
OF_RE3omzoA
OFgFA0bn4M8
OG04VE8oFpI
OGUS3l2aufo
OG_wqanmPak
OGjS2L56ngw
OGm0-WUkQ7w
OGtFxQsbrCM
OGz9O_cLBCE
OHGpyXRHzR4
OHZ7v-pAqmg
OHtzLwPUAQk
OIIM63ceip8
OIKFfnlN_U4
OIM8rm3FYU4
OJ7ahhzRiNw
OJAbKHR2nd4
OJC2JusT-Y0
OJqFF8iiETA
OJrKQCb9kaI
OJujPdE99Bc
OJzj1nv7dC4
OKIpTVEKSKM
OKJ-ZuBswB0
OKJCuGTYlvE
OKQ-kyVE2DU
OKztAgfYvjw
OLokn6VR4a0
OLth8PJXxcs
OM1O5Hc-N9I
OM8CA2GPfik
OMGgd2FjrHg
OMKpgkYZSOk
OMOfEYxpwh8
OMY8rk8m2w4
OMeKjbqwjL8
ON-TA5cVefk
ONGPklgtfbw
OO5kA0T0VCw
OO99W0qopkI
OOGP-47YecU
OOtv8hg-Ji4
OOwJ5x9wD8w
OP8xPp9RKxI
OPIE9gLTYuc
OPlKFqLELv4
OPpBavtgCas
OQ7knWPEXl0
OQMZKgJfENQ
OQmclqw_XrU
OQpYvSljTqk
OQui1IFvbGc
ORFxF1q5KHc
ORGvUzOsbIU
ORJoQZikRlk
ORvRJer0Ups
OS8BILfwwRM
OSUJWWUf80g
OTBvQFBjbeQ
OTQJxiDXSuE
OTa8Yjg81tc
OTbEPfLsvhc
OTyfj9Sjtcs
OU9jqZdz3cg
OUFaL8qcHpQ
OUGx064hCb0
OULytmSBBgs
OUQ7EikkIWY
OUWWDqdlVv8
OUesxFa2zds
OUvELt3g5us
OV5bI0tixYQ
OV81-lNNNik
OVgevhMGZjU
OW9yujLHsZM
OWmWdASpP2g
OWqGP3ZHBWQ
OXM7bqrINGQ
OYU495nBvv0
OYePxUHGfOI
OZ8fmPsPPUI
OZF5LC6rukg
OZIaynaeO84
OZMCMDM8054
OZTlixpmE_o
OZZBQEI2UiE
OZbhlLnxBwQ
OZqr1oWQVTQ
OZvwaYr-UHc
O_PNIHnhaUA
O_T5BaKOy2s
O_YuFrcWNQI
O_ha3rustRw
O_i_FgJXn7E
O_oTOpohBms
Oa6H8Hx9Gp0
Oa7yYbs2CdM
Oa8VGDGyjyE
OaGpyRwfUEk
OaOWYOwg_qY
Oabqbd0DL4Q
OaziXnt0_Vg
Obij8FFdBs4
Obkl14aDgbw
Oc702n95FC0
Oc8jM9iWb30
OcHsIyQmc3c
OchUnrNBfTo
OclxYMiNGV0
Od6vCajwjIs
Od8-VoV5rA4
OdC-dE_qI04
OdEg2ItjLBU
OddY1nUA_ZY
Ody3f2lz404
Oe9aLvpwru4
Oe_uQXspel0
OeggSOuHGKw
Of7KU5k_09c
OfBKrb88u2g
OfGSskF9bEU
OfPYnYycV3c
OfRKxfWcMmo
OfdKzpUdWyA
OfgHP32U2Po
Ofwu3gKP23k
OgRz3TJFt0Y
OgrrmteJlXE
Ogvq7o0XPPQ
Ogwqu809Ml8
OhQLngqViWM
OhX0_pwmF38
OiSbiC9-8fk
OiiL-3ceMek
Oj64jFKIcAE
OjHG5iqtDj0
OjHKwcQBMZ8
OjHNhusXQBg
OjTC0EcEGAw
OjVGiPkj5q0
OjegkprQ2y8
Ok1J5coZiAA
OkbvUu8lkNk
OkcYhBdE4wo
OkeDvwToUmU
OkjARMRkBpE
Ol6qcsA1Nv4
Ol7-InPByuU
Ol9MvfZE4fo
OlKjjmjsaa4
OlWFzgabfWQ
OldjKpzxUrU
OljEBd3O20s
OlvwaIXNI-k
Omha-H5gbOo
OmyonJv9B5E
On6Y3tsfzBU
OnOoWWFNQ3E
OnOzx2qbSK0
OnSlar45tk4
OnXD8IG-IxA
Oncv1xxrx6s
Ont9GBZCol0
OoAX8Ohy-u8
OoG6B5A36PI
Oo_Qs5jWRCA
OoiTxz4CbC4
OokG00OZFqM
Op83wCBXjCE
OpHBWLF8ZrY
OphY8IBFfr8
OqSsOG_IuXU
OqdFHdTKWaA
Oql59Ukq2fM
Or70dj7uRAU
Or7g4HkNXBw
OrQ7WyHTMOs
OrXuYJLP6QA
OrqcTswJs5I
OrsTrMr-2Jo
OsAF8yhRANk
OsJNzxA3mFk
OtB0jtA7nUc
OtKkuMLDGQA
OtOAKwMHyts
Ou9_SC6ZB1M
OuBV8Qh2bEU
OuIS-oZtJT4
OuIlWon7hRg
OuX80Y7NPjw
OudvKBhFkPY
Oun4hUgMK2E
OupEuX2Xbz0
Ov1LiSnco1E
Ovo-LxdHF2E
Ovp8fUkGf0M
Ow8lVmGVtJ4
OwKPI1-nrf0
OwTDfxJIPG8
Owbj8XW3F1Q
Owd7pnyec1I
Ox5FNVaRffw
OxKEnMSVV14
OxRrCAHTTXM
OxbeULqWmwI
Oy8bQW4-GjU
OyB3AEH6918
OyHBDLcshxU
OyHHMb-wVPg
OyP7d-iguMI
OzOQ3BdnMzo
OzTtK_RGNc0
OzfF2ELXR-Q
OzyZXZQ1bkI
P-0zmOsEPJA
P-H84w6jFL0
P-klfGhdP2k
P0-nyr_lDGk
P0bUSx1N8Xs
P0c9_W9iq8Y
P0iD2aJ4zV8
P0sZnYvU7-Q
P1KkTOzrTg0
P1Qjnb_MpPM
P1XE1cfhb2s
P1_S6Tr20sA
P1pimmRJg8Y
P1tOPGax6x8
P28iA2bxxbM
P2ceYFQTm24
P3ul2Dbf3f4
P3vvvGdFirE
P432IALajsA
P4FJSOxJ0dU
P4ShNJTxv20
P4W1s6_oKFg
P4pdiQLIfHI
P4rru8LoALI
P5CDj5ks3Oc
P5fg5DJbYmU
P5g95_HOgFk
P5oGXDpEVCg
P5zORT1NCTY
P64JBlDpdpI
P6EK4AJXPSU
P6MookdcC4s
P6whtJq6LlU
P6x7k1EoI3U
P7adMcthpU4
P7nW04VmxgQ
P7q0a00Q76g
P7wNcEZsVcU
P88J_MUcsdw
P8SEqbZn860
P8m5aqC8DsA
P8xTfxmwnRs
P9Hyy0B_Rmk
P9I2AIzwxto
P9kyATyDzhs
P9rypelDMWQ
PA1tlFByJOQ
PA4rOfpuehs
PABWCjgBNfU
PAKFoJrAJLo
PAN__3hZRok
PAZy3eFjAPE
PAmD6l3W8-Y
PAnSJ0Izaqo
PAxBFp2HCjQ
PB0rMMgneoY
PBAXFZL_1PM
PBDWJPk77kI
PBU3Sqautzg
PCHoPoJZPGY
PDIy5gCMKPA
PDZwUOMn_3c
PDaaqQ2HrGA
PDaofOcpE6M
PDbCOcX0nP0
PDsuZIoHmKs
PEFz_37FeXY
PEKWZq9b1Xg
PEj2Ezxt2lM
PEmb3ZPMtAI
PEwrZxsQ6Fc
PEz2iMUAsLM
PF10pHt3RVY
PFAFjCki_KY
PFFwOp55A7U
PFNa31a1R1I
PFQvG23q104
PF_u-IAApeM
PFiwrLqcugY
PFk3vvVGrEc
PG58gDherWg
PG7ER8-xW0A
PGKOw2nK7fI
PGq9EXsr4Jk
PH2X63DarFo
PH3S8lZ9IY0
PH59ZmWuGTM
PHG0cW9JYAE
PHHz22cJ1AE
PHKW3awqREs
PHw0VvT5hCY
PI921KppbIg
PIMaTO9lWvg
PIfNJtMI1bQ
PIyituz4DSM
PIzAbyWSEZs
PJaw0tYVn40
PKYn6enplrI
PKZ92180XjQ
PKi8ZnBILs4
PKkR0sn635A
PKlMA-7Sbtc
PKpTwYSzbQc
PKtoNARyqjQ
PL93VNdtd1o
PLCUurSi0fk
PLL0GZA1P5Q
PLtlXpwB7KU
PMCh0k5-CMs
PMWd_Gy6QFM
PMnfhC8Tf9c
PN3GgT80LoU
PNDob60UVgQ
PO7HkOzg5H0
POAzeIxEqXw
POB-zZhNxuU
POC-wJBGds0
POrKdXZQm6k
PPJCtnNnJq0
PP_LZn5Eulo
PPjdciPKxZ8
PPs3JCst_F4
PPyZOt0xQr4
PQJZpecs8NM
PQKevqU7Pm4
PQPxZ5TA3BM
PQlSjwsDjIY
PQnV-uUCiZw
PQpOJ2iPZWA
PQrYluKsITI
PR8x-Ugtvt8
PRWp6PT2KVI
PRwBnO0ieHw
PS6tD68_w-k
PSDIrN2l8Yw
PSRxEkGCvPs
PSXGUAE6Sw0
PSXHHcIi16g
PSu9fOKOGZ4
PT54Lb2uECk
PT9fG8eLvhY
PTNQDobi5Po
PTi-9szYFY4
PTjXNlzw-OU
PU0XKTzmMXM
PUKkL1WPeQA
PUP_ylwGFik
PUVfdEMyy2o
PUuKaaSLVMI
PVzfKMHzLLk
PWeY4xFgLLo
PWn9qGHmSnY
PX5Ew5mM_JY
PXEDqpavTU8
PXvnI9HolE4
PYHTWFX8atk
PYSPyGTa9X4
PYbKKwmHHpM
PZCI3s0HlMc
PZgAMr5TZCk
P_V5lX19v0g
P_Z4FvcgrsM
P_ofLAeUVbM
P_vzXV1jN_I
Pa5wMvVVwkk
PaN-O66puZU
PaYKBQNh2Po
PacSx8VjYmY
PapD53kbldY
PbL6rJr9404
Pb_1DMqMinQ
Pbqt1_u38eo
PbruyCXaNPE
Pc7OznwfYjc
PcEeyzPkGhM
PcPgwcMNXxk
PcUEzpoS2Hc
PcX9iyNOH44
Pcj_kG9dIjA
PcpoP2QL0DE
Pcx8IJMTHrs
PdE75M6ibaU
PdMjqTviJqo
PdP6FxLaGtA
PdVyLNO0cA8
PeBl482j6Aw
PeD7t5y_afE
PeX3PGROHhk
Pew8vwxinxs
Pf1zwlDSkdY
PfaTkqbmAgg
PfmTboZAi6o
PgdwU2TRVHc
PhFvU-CEOVY
PhHfI_2PMWA
PhIWuZnagkU
PhM1b9dwuXM
PhT2JnveGX4
PhZPJ9ECMD0
PhajUhCAwYE
PhiIuLv2MXM
PhrniG75U0Y
PiM50YnDRgI
PiaEExugMAQ
PimfIxhjKqI
Piw2CZSiOhw
PjLhoA3ajHE
PjWH4CUOh7g
Pk3hzlImahk
PkCWIr1CaTA
PkP4f2EE4iw
PkSF_lw5mT8
PkfHK9Y9xFc
PlLmme_HuIA
PlSL3l0_SlQ
Plr6D3rhEkI
PlrucECok00
PlwuEBVA6cc
PmBORcYzhZM
Pm_zjI9SXE8
PmkiX_Pli2A
PnOc-Bpuw0M
PnoMi-UPp2Y
PnvRMQU7uw4
Po6VWZcXIFE
PoXFVGs2mAY
PpFOg7Z6lH8
Ppa50F9qc5c
PpgJL9okpPI
PpoMtjwZLwk
Pq13bDKVfTU
PqTPwXborSc
PqrYy7XQ5eQ
PqroDQu_hRQ
PrIfosiQPqA
PrRXMhmuMe4
PrScAonpZZE
PrW2PV_n5Pk
Pr_2mfUZfKA
PsHWq86y-ZM
PsM68buT1mQ
PsMEn1SOYk0
PsTEi-kb0zU
PsmL4HKqmMg
PsvgRstVNPo
Pt4qmpCKAnk
Pt5e9fGMws0
PtQKl2vCLQk
PtvJusgW2WI
Pu5YDna0xbc
PuD3N2_4ook
PuHTS9p1RQc
PuKLiwGQxbI
PuNUYMbT3LI
PuScVNwRYgw
Puf0aewezfE
Pug6jnGR6_0
Puj2jSRfed0
PulTTbZVyVY
PvPzQfmCKJU
PvXhV05mn-s
Pv_e2nhmXLg
PvfroGDWFck
PvpO6B5uR2I
PwIw6Vj56YA
PwTE9zQ7-8Y
PwnsVWhrgks
Px6G6DDkZck
Px9e8CSascA
PxaA3mCrRFE
PxcdRwOdvsM
Py57IJ3QjlE
PyHqnAyIylA
PyJa6LCWxHU
PyOLuXkYqV0
PykE0uxl28Y
PzbNsuVPi7M
PzmN2se6RGw
PzzYfqbeAbM
Q-2L7jr3Exo
Q-2tLbh3bQM
Q-QITfqH7Os
Q-SwYQC6roM
Q-ZK7phSQ9c
Q-f9n22_2_c
Q-ficl2YzGY
Q0WsmU1iZDE
Q0X1jDMFy2U
Q0nxeGC1IG8
Q0yw92laQYA
Q1Rf46mwWnM
Q1ntWo_4twk
Q1pH3-lHF9M
Q1t_zl1mj_k
Q23qfkop86s
Q26kFF2fENM
Q2MuCaECvFQ
Q2RtuHn0OtI
Q2Sjb4EIERY
Q2wR-joLDMA
Q3-_8SblRIQ
Q3Z4TJEtybk
Q3blwaJl1XE
Q3cJBj_lTDo
Q3gul6eIpSs
Q3hyELMcv2A
Q3io83ai27k
Q3olZJLYPr0
Q4K9QobN5Z4
Q4pqAHUVe6s
Q5sRdbLrxFU
Q68gCWlbygE
Q6SUjgCK5pU
Q6fMrhkJvJw
Q6us-UOlcxA
Q6xeumh-u7I
Q7FjibRQAWI
Q7HUXLrRIV0
Q7NKQ57MsrM
Q7nzfYgHj0o
Q7x0JbuD3Hk
Q85VmLhg1MI
Q877X32OBfo
Q8R_5HnAaoo
Q8fPYtrbYGM
Q8ru0qLBME4
Q90MZ_L4k7c
Q9IZq8san6E
Q9tL8WlDfKA
Q9y968o6IoU
QAT0LIWHDMY
QAbuB2nU9Vk
QB5FMsbJf9g
QB8BcudM_YI
QBcCLsQY5B8
QBcEvolw9mI
QBokZxq2OaY
QC3EJUZEwAc
QCCqYV_Azmo
QCIpt2-xocU
QCj9XQXXGIg
QCxGUly9bSg
QDEZnhcy7Nw
QDk3_3NPauM
QE-rNQaJnSM
QE8nrumaKP8
QEE21_i0-l4
QEm9yPQs43o
QF3Au3VsXO4
QFJ3Km6rGl8
QFKu06qelZI
QFL94pa5Xeo
QFumHejmCYI
QG5HkyqRXlc
QGIjPOxA0aI
QGflzi-14q8
QH8dKATbHWs
QHDMpHASHE8
QHm2u1szHUU
QIaAzZHk3ng
QJHU8rnRn1Y
QJLD1yniMsk
QJkP6mnbCKc
QJoHTDAXbCM
QKDNMW2HpKQ
QL6FKfla4hk
QLcOEW358vs
QLeMtRZLEqE
QMDjuSgam2w
QNaXW_HUxpo
QNgaIeK6rRY
QO-rdXDag6s
QOMBNVIcQwo
QOS_jk7-Foo
QOfhPm7uj-c
QOnkeDFjsvI
QOtyDDye_Ns
QPN6c6Z2FTE
QQ5z-tDSjiM
QQPlguISNK0
QROrcUkOgNA
QRQV-KwdWbE
QRSMeMYKeyc
QRqQd3HEtLI
QRz0LqHRhq8
QSEvTuSTydU
QSJuEJ1SS4U
QSOR5dpskSU
QSS_kXAHY-4
QSUK8nkiQ4s
QShKxC04bw4
QSjCn2qRLWw
QSlscbxeY54
QStM47oZuII
QSvwuKmVqpE
QSyZWsS_UZc
QSzJxCWUqiM
QTLo4MpjRuQ
QUJjnnSvhW8
QUdXUvzM7pE
QUmwNMV5lDA
QUpvl_hu-EI
QV54F1nro5Q
QVDJd5zTTvk
QVZePpO1-nU
QW4oaLapkz8
QWBkqYSWbK0
QWXWGBfwVG8
QWj0NeWvR2w
QX1kzMwO3EE
QX7BBcs1QjA
QXHNpY44bJ8
QXPLkajrGZk
QXeFdjyEXEs
QXgsGxzpj3s
QXv-LEBw88A
QYJ-ixs9pao
QYcRXoftJDs
QYhjwjToHR0
QYoHjffwPyM
QZ09m8zmsN4
QZFuolkWKPA
QZJ7HlM1kJs
QZjG5SRBYL8
QZlMpEKv_fc
QZmp8iKuCgY
QZqnPLxZ6m8
Q_FH3fjKKgI
Q_dzrciE1WU
Q_xJthHy8PM
QaBGxtkC3CQ
QaXROQrQVRg
QarfOg7hDk8
Qbk4M9cs7zM
QbtfSdskqek
QcLO5AnCH78
QcRdLOKHSgo
QcU0uLZFA0M
QclhFv7TPT4
Qcr3zTt4XYE
QcxH16aeK28
Qd-r-l5FG18
QdUAU3_mXDo
QdgxO5fZ9Ac
Qdo0_ryrRSM
QeT0k84KCTo
QeokjaYTaFY
QewarOt2iuk
Qf5tz4q0Ais
Qf9ZbpWpYFE
QfLxbJ3fjp0
QfX0WNjnmmk
QfXcdP3kErA
Qg3y9tB8q9I
QgCuikp05fc
QgKB0P29Gog
QgTbHOR-WB4
QgUcBK8NX6g
QghaFhCDc9s
Qh16wPfPrJQ
Qh53qza3Plc
QhBIjMQiH_8
QhGRSxGBRms
QhKp_IU-oqM
QhPkFRDiJn4
QhRmONyWVi0
QhXdpRnaS-o
Qhh5AkO2oOY
Qi15Axa0wq0
Qi1rf9Pgi6E
Qi2CrG_jrUg
Qi9aCHfs9xE
QifGtBYncXs
QjJeqJAelnU
QjlqcUq6Cx8
Qjw6ZkNUb7c
QkbHglIo4zE
QkwtgZwGNso
Ql4Gb1wgcUY
QlCNBCtwfno
QlrfSso1-qY
Qlxn4OBA_7E
Qm--acd6jF0
Qm7S4M3F1Hs
QmKFTA66G9s
QmKrnVBd_Qg
QmMqUVrDqnk
QmgRb9cP1yM
QmmjKY0Ppdo
QnUwIfMyvFc
Qnl3qCgummc
Qo5mO5kjCrY
Qow1HtDZBeM
Qp-uD_hriEY
Qp3Yyve7Fvs
QpBbJEs9QW8
QpCbc40aLVo
QplvD6ft7vE
QpqGQqCQnwA
QqHeahrC7ek
QqI9AXJG_K0
QqIxssE4rtc
Qqk6vWwaXRI
Qqybif4ZC5E
Qr2BXbUU4jc
Qr6-2IxQXk8
QrJycWmouUc
Qrv7j-HI5SY
Qs8hulXFoH8
QsMyqW7yNiQ
QsYyPd2TOds
QsjhEVCUXKc
Qso-w7hBl8U
Qssn2f-EC_8
Qt0mcNOEyQE
Qt751Wt0tO4
QtRTR5a3yHM
Qu8f0X9VdE0
Quw9kFrdRvo
Qv0q9PG4pEE
Qv8-S_F-rUs
QvQV7z48fww
QvYky785tAM
QvcbOVbJ9l0
QwFn4d5nT4s
QweRUrE9nec
QwqZzySotLI
QwvGDk5feXM
QwyLX8lsDFw
QxBJ3F_GxOY
QxHVu4p-gjk
QxL8zkOTKVY
QxLP4eKuJ8k
QxcDCsOFQKk
QyKpJu8Gj5A
QySqXf9uegI
Qye4w6MiuE0
Qye9T6d5_ZM
QyeLHcJbQtQ
QyrFDrLv0W0
QzSlkn5qawE
QzSt0q78vSg
QzykMYhsyaw
R--Yi7oPzdA
R-6Iku6FWok
R-EJD8nrY7w
R-PP3JApoD4
R-xa_QERRHg
R00VrgzBSP8
R1M_NGTQTgo
R1eai53t6fg
R1pn-6FGJkc
R2AsLEC8sTg
R2oPWikgktE
R3FOTTL56v0
R3I7EdPKTjU
R3K0jLK2Fgs
R3PKPxtiz9o
R3SuF3Bz5tM
R3YTWr_6ifc
R3aI7O1Or10
R4KTc9y99yY
R4YsljjogZI
R4dGR-5D44g
R4oaJ3VkHzI
R5-VcCg-N6Y
R59SgeyfAzA
R5R8FZHiWxI
R5vTJ0lseYA
R633SIwm-mU
R69D1eBmiPI
R6AT2LjI5W4
R6NltJ6HBbs
R71AnuHUyjI
R72wm8gwcL4
R7Cm4gTcAC8
R7dcuXujGfU
R7p7IkXgfmc
R7vvV5hYjpI
R87yK9swNno
R8bw3x8Ge9I
R9IU6X6xWCE
R9Ng-1X_QLY
R9Pg1ZAnFgg
R9wcyxdq1uE
RAB1ukQgLaw
RAO1ccoI9OU
RAjGt4X2FyI
RAsrbRona4w
RB4M6lVEcws
RB93NZ5rq_w
RBC1mZSPouo
RBU02jh8-vg
RBUxEaOcArU
RBdjJOTs05s
RBgna1Tke1E
RBqqes42wdo
RBuD_L0yANw
RC1RxGtrm7A
RC6jeh5c_60
RC8WZnvz2I4
RCK1Q330Fng
RCNE1DuPGpI
RCWmsaWLLwg
RDH2CKCgfSY
RDLs6zOjrX0
REElGPpgWD8
RET_5aI1-QA
REVMMFXC7vA
REszHrkPJU0
RF0NOLVe_C4
RF4GTBcAb3s
RF9btqOJ138
RF9uMx_kcdA
RFotCDpMSEA
RGE9xbcOYXg
RGFcSknYeZA
RGsFaOjjbrA
RH0XcOqLEXo
RH54U6qnE1Q
RH9gJ4VgLc0
RHolWFa3nM8
RI-PNjhRm-M
RIWmg4yJjJc
RIYBYR7ELfU
RIYoCVq1EHM
RIzjlaH1qFc
RJ2ZN5mce8k
RJ7aeo4OTFI
RJHgpTk2FCo
RJciMld38M0
RJfPYQ7mG4o
RJzgzVs1LTY
RM-v5e8TbfI
RM4O_B27nuo
RMI_uyKmGio
RMQfzGySjAY
RMk39hQbkdQ
RN0C9TZtSXE
RNPU-DtC9mM
RNSB29VJw1o
RNc1dS7WIkE
RNpzrouiop8
RO4TPvQ3SIs
RO7pk56w0fI
ROLrwhQ_DPA
ROsJ3TEQPHM
RPNc2kFyQQQ
RPeyJSlCP9U
RPrU64K7XKg
RQHI6eTNCYY
RQPNM_V031E
RQrwl03-8zo
RRogPvhvMMo
RRrMupVMPYc
RRy2LPoaM2c
RSD17auzX9c
RSEihFdnhX4
RSL9-K0lA1g
RSOvL5epPvc
RSRICzm6inY
RSX9UjEtMT0
RTU6BCis0tk
RUPmmITn6R8
RUk1m7ArV1k
RUoUy0ncXLk
RUsEXkDgYxA
RV0JWb8bOvM
RVGKFYDAfc0
RVUgKZ6wx6Q
RVWgTCc7aXs
RVjCA85VIIw
RVwe8skLVF0
RW1I0d2XIl4
RW5XpnoXHyI
RWqSTJS95yw
RXDoo5fcaUU
RXhwUK-Gxhk
RXtZt9Rz_2A
RXuqKjlBbxE
RXwGbtlEdeA
RY05CWpuo5o
RYQ6t6VIu8k
RYtxlwlpfpY
RZM9FVTuSEU
RZNLBYd63AA
R_27rir3Buw
R_NZ5eGtJKE
R_TwbRJJBdg
R_uLnEFAJIE
Ra3gBix29eo
RaMwbGzchGs
RaX_kYfIKYM
RaYeLa0EtS8
RaolFh92-7o
RbT-Dgrkmvo
Rbfz-Sm-xPg
RbjO3kfRpHw
RbwAa6hjioA
RbyiNW234iU
Rbz0ld6osc4
Rd1T7T9J-Lc
RdBQTFExVdg
RdjpuMD6i3M
ReCkg_cucrI
ReMVDda49yE
Rf0CnYofwKo
Rf4LdSam2Ng
RfFnpRyt5Ng
RfFzAhOBwfM
RfIZkfMDTnU
RfPwqoEtQTw
RfX7XbYlvio
RgItuxZ12es
RgUGSyxb0BQ
RgYAUWUaU14
RgjFtKDE1qY
RgpiHpKKMYQ
RgvEV9B-IEw
RgyA_maqtMw
RhXY0d2Kkpw
RhfcSEAqCys
RhhALfIuGBg
RhwVAtIoppk
Ri0wesE23aM
Ri6DKqKq47k
RiKC_AByaWg
RiNWGACnJcc
Ri_0NSQ1-_U
RiieG7M60-o
RjJNVEfQ4RA
RjJPlQivZgI
RjM-6S3i-f8
RjpxZjKPlKE
Rjuw3By924c
Rk50KqQNTXA
RkJLXfHNfas
RkoneYXkN7Y
RkyNdt1alOw
Rlf9lyllQao
RlqUxNXLWeA
Rm2LS3THPSc
RmEo0fNI1j0
RmLZCBz6h2g
RnjaBixp99w
RoBbjcc8d7k
RoHaBHXM2uQ
RoJj348CbJ8
RoMihQpqnSY
RoXhrnHAnYA
RommnpxZEI8
RovrlbSFjEo
Rp5GdcL4c7Y
RpGhj3EB7-s
Rpo-1vqPJsM
Rq2DLSbFOIs
RqO-AWfRkhs
Rqd4bxT9CJg
Rr7rQVlWclA
Rrc8LWI_DTM
Rrj3e3nZYhA
Rrwp_a3xCyU
RsS_UEP4cUQ
Rt9pi6jUxNM
RtO7rQMr6OA
RtQafGHSwAg
RtVfg6RVZ7s
Rty_ocVhDhc
Ru22sRoUGbg
Ru2jMm44jyY
Ru3EzAa8GqM
RuGLJgBo4F4
RutxFHZety8
RvM8UG_mk3g
RvPDXhAs4cU
RvYGlNB0viQ
Rw26TmKkNmg
RwHo6cqAvX4
RwKsUImr5t8
RwNHAlOag78
RxBvVEJuahc
RxHGAirXfIM
Ry2-A3S2YFY
RyAPJjd5l4s
RyKgcSwoPhQ
RyV2rZpIU8c
RyWqZEIL3Bs
Rz3VbomH8j4
Rz5_iM1z0HY
RzLPUQif8aQ
Rzr1RXsNi9w
S-LB7VxcZgA
S-aAwq9DSig
S-arU5ViTD8
S-d0gGeldwQ
S-jV_MIQW7M
S0BdZVG7zGo
S0ZLuZeKCZE
S12O4nDNmac
S1bswZgxehI
S1dExkpEO6A
S1mvDhBYni4
S1xwzNHxkKw
S25J_XZzt28
S2HBwvdpX5A
S2YkqSXav28
S3Ny1-ejZfk
S3PxRTTq4kQ
S3XDjyfk6gs
S3qh7wW7Cf8
S3zasouChp0
S4W8hwbq4QQ
S4a8KCZJ9hk
S4pRIaeQYnA
S5Na2ALmQ6k
S5U2hTGPb9w
S5ph0ykf170
S648UxwsLSE
S6QzxsVAgVg
S6i40SoW2BM
S6jZmnTqVlo
S73kqdQpAMs
S77mnTQdseY
S7P3t9B53Bs
S7s3D20-xKU
S8EdtCW0ncQ
S8JxyxkRw3U
S8qXUdMciBE
S8sSprvMMXg
S94rCv9bYIo
S96-gtsjqj8
S9M2j_-U208
S9PygKS9t18
S9_iZHi3oS0
S9i8g3QJ8aM
S9rH3t4iJNE
SA1gZzEaotc
SA_TElf1puQ
SAjPoy59klo
SAjyfQMlL9k
SApkErFaAHU
SAuXZwmm3d8
SBKyL5-Zfu0
SBW3M6oyOIU
SBe0hOus9z0
SBxTEOVKnQ0
SByMAUM1nd0
SC4q4iexyPk
SCIiioy-Qdg
SCkm8SBxM2c
SCmNYBf2bHI
SCsQFIL8PQA
SCvEcRovRuQ
SD4gS3Gi68w
SDWGWfSL8Hw
SDc5AX1aFNs
SDx2Vj18jGI
SEMisvVEaR4
SEPMuyGe7dg
SEiNWlHlOk8
SEoDVJ5wHpw
SEvApTC_2c4
SF9WgoTbjjs
SFoh6owYzBg
SFzahtXeUR0
SGgNnCsLcUQ
SGi9aesaRUg
SGiGR_SQVwo
SGr7GlV5Aqg
SGsXB8irshY
SGvtxhvvIB8
SHEkHQ4eojg
SHIb7NOPPPU
SHNaaEulT9w
SHfFIwfOHec
SHzgCX2SuZY
SIHCYMc59m0
SIVXqVsfCDY
SIasNjwd97M
SJETO02Ka0o
SJbZdTGvNJw
SJkYT-SBmsw
SKUFrRhM424
SKV8UsdhtG0
SKbLYmZw_3U
SKnCzMKFztY
SKwh4R4xST0
SLwITiIV4eI
SLz9PTCpsQs
SM0yQaPwtYk
SMri1zzqpZw
SNAuuVVlo0I
SNEs6HkL39k
SNHGxbO4lRk
SNnI9KgbnDg
SNnbGU0qjY0
SNsGPz2_hi4
SO4mxUGdk7U
SO9lZ0kIS8I
SOM3hYZykA4
SOVaVJNwrCo
SOY31Dk9luI
SPClKdyI9uc
SPJ2g2MIEaI
SPbYGgA_5uE
SPmIY31V_hM
SPwxCTsHoeo
SQ7EuqlxHoc
SQNE-FIlthA
SQfkJ78wFRE
SQuZpRoZ35Y
SRE8g6Dkw5s
SRPLDQb0-ko
SSAMhCoxkfw
SSRXHg2KiuE
ST3GSlplNfk
ST7YX8KEr7Q
ST9Ae3rAb4A
STLtBKX2qYY
STcROKDbmDY
STh3LOM1ZPA
SU-2JH9tKtU
SUO0qpgBQlQ
SUTNcYTKsW8
SUkTdJzkJZo
SUl0MgJ27jI
SUrY5axevAY
SUu3TBbNIb8
SUuZl89nJ00
SVKz1kJihto
SVNu9pkOfYg
SVUK2l9ZDSM
SVWExKTupeY
SVoXjwCktLs
SVpMNfAyTEc
SVsCiEH0LNE
SW-fqQIlMGk
SW5-KDAOvZk
SW891NAU1mc
SWBQznVB0SE
SWNhuLOSkIM
SX2tSuqE0wk
SXHZQn8oN6I
SYGgfx7WIeY
SYHua44AQqY
SYa2_fOWSWg
SYaboB3kigQ
SYelm_jMYNk
SYpY3EwkrmI
SZR9jK0-GzY
SZkVRLqrXr8
SZwqRWAuzJY
S_Js37SX-Go
S_RWaW76Vec
S_Zs5_znADo
S_y4EZkizkE
Sa9WzOrNF98
SaHWRwZmOHk
SaKeQjjzExA
SaNv4eimzIU
SaR00ZAY5mY
SaWarYx8hX8
SbI9lH7i62Y
SbJBDE7fSuI
SbJyMM9R5mI
SbPlVM5ICVA
SbuPa8g-WkI
ScGTdMTQQvk
SciIuGP_GEs
SdE_hk0m2lY
SdEvIpFLtV8
SdR39qb5UrE
Sdv5ZhMN0Q4
SdzZ2kTZQs0
Se0G17xUQoQ
SeK0pAhmxII
SeO2xmDnA_w
Sf-Or3YQckw
SfE-v9-UJII
SfJYadpbWq4
SfigcsG3Bpw
SgPFgsTYUSM
SgPvyE4FELI
SgmjznZkL4E
SgoZoCz5jr4
Sgym6VA-gvE
ShAuKG7Dc10
ShXmaAMZPJA
Sh_6btNUAkg
Shb0Btpc3Jo
ShzTTk8ygBI
SiNyM39Qj98
SipCG-rFJDE
Sj8XnVonMJs
SjE4MicrTUM
SjcaqPE7G7s
Sjr_9bHGHHo
SkqLE5BiTEM
Sl3UDc2iLUg
SlC6Xxnb-A8
Sla57Zw-FN4
SlqbZ8svrFM
Sm9Y_f_u-vY
SmSBvZEyO4c
SmXPIxjtoXI
SmkfUjSTdNU
SmlJSW51j7I
SmlfWIGluwo
SmoXZz9LIGY
SmpZ87T6LOY
SmrlhOmfHBk
Smzln0JhKtQ
Sn5znSBasTc
SnM1lZmiPi0
SncRKX2b2Yc
SnfCjUHVgsY
SnzL3X61HOM
So0SLP9HJR4
So0erYt4fEg
SoD9QDKVUTc
SotkLTEsnUI
Sp8BO8iGwX4
SpECrSMeBjc
SpJYIKFvIxQ
SplMHOT7bjc
SqH_yvBjVKI
SqZcWcF4YP0
SqoMNhEcUlI
SrAnTG__DZo
SradUiblNuA
SrbsYwrnhNM
Ss0lj5ggCkQ
SsXz5kKNp9M
SsYlEJZzwl4
SsbHmRf8qXM
Ssj9RYv-ioY
SslmX8CmUCg
StLWkd-rCgE
StVW3HOfCGU
Stth327VnLY
SttmAY-qKZs
Stxc9bqmGnY
Su-3xJkBGPU
Sufq3prlcrA
SuzNhiYfU5E
Sv8eHXaDeh4
SvFi_2wIaLo
Sw0UyXwa0Pc
Sw7AS7-Ifpk
SwEX-4B9xAk
SwLRQa-_e_0
SwMWgkNf-L8
SwZIS4VqLgo
SwZzWtzIpJ4
SwejIB0cljw
Swkle9X11SQ
Swnf6Bb0IPs
SxJpnEjIIH4
SxO1_GfhkHc
SxWTpayl66E
SyMI6oJXqlQ
SyeysjimKIY
SyibyDXfyDM
SzFZ6-XqvFA
SzV8DfS96KA
Sz_ONtrQtBY
SzdABQuFT98
Sze86HFr0x0
SzoynymSh0g
T-780Zp_JjY
T-lYxoRzxCw
T-mHnZUWNUY
T-nRA-9kf5s
T-oMggPy0E4
T-ss9U_q-yU
T00JmrzNBbw
T0WPYLQ96Cg
T0vToxDOCek
T12QS3PKf84
T1FV5s4JHi8
T1NYDXW6SEc
T1W7TS99upo
T1gUN2x7LW8
T265KMyjRAo
T2EHoyAY_p8
T2OvTgCMlXw
T2he1F7Ny6c
T2utBiHPv9s
T3ldcS0PDaQ
T4o-S9IOTJo
T55xxKpK7fM
T5PVLhbtJgI
T5_UnUnhW_M
T5hr6pcNhz8
T5qm3ax1ZyI
T6BNbyqAo7Y
T6N8TMFtP1s
T7AUfR6T2a0
T7Uzs7U687U
T8-0jddUo2w
T8AgdaOCiCU
T8JcoAJSKQE
T9K5o2YqBM0
T9TDNRr-YZ0
T9TneJDIPLU
T9YlzauuCFc
T9Zub3lVzVw
TA64bP1pYC0
TAB-mODhrVs
TADtOa7ABHc
TAQ3qgqbpa8
TAQqjgvqbwU
TBCap02luTY
TBMi2pn2-ZE
TBVlB7CuXT0
TBbUv1m7Hqc
TBefsvqt4Y4
TBgsd-diMO4
TC5cLmHaB-I
TC8TIM3ZQ10
TCN6PMIiZAc
TCpY24Z8uoA
TDFYPxo_1Fc
TDWksUYg5No
TDsuvkNnt2A
TEREr2cVK4I
TESzxUNHQnM
TFAU4Vs2WpU
TFFA3SfPgsM
TFWd58VdgUE
TFeZ6rIjcQw
TFm7GJaFMms
TG2yBGg5y0I
TGCJ8b9GnMI
TGNLQrptrP0
TGYcITog7zs
TGZur5DYI1A
TGmWytDKgyg
TH3kepL_sYE
TH7IVvHzLhA
THAyvVVnpd8
THQV4YckOMc
THrabVJkD88
TIEdIFV__3E
TIYv4sw4jwE
TIwrvUu2-rE
TJ4F1ZOyeDw
TJG8xjxpSzg
TJhX0spX2HU
TJlS6a9bKNM
TJrZ_pVy0RY
TK3fk2EO7ro
TK9vxjlYIoU
TKQyOTM9Vpk
TL03H7PMY6E
TL4hs9IXFjc
TLQz2pBEHzc
TLWeHyLyBOA
TLZPIUj4V1I
TLgXWrAffoI
TLoJEsvv3vE
TLz1JUIcSkk
TMJVDx8BL34
TMOdA7y5p0o
TMRGxoT3y6o
TMZFEUyCwwk
TMhSGCkKqCQ
TN31WCu5sKk
TNGGT7DzhQw
TNQR5S_Qc8g
TN_1CaBoPng
TN_CreLmIks
TNncinB4BtU
TNxQCX19ryc
TOD_2YoK2U8
TQEcG6hUFdg
TQHaUC-RCdw
TQuomTubP0Q
TRZmrsWFnLs
TS1PQtU2n6g
TSkAZQqsB8Q
TSoCO-1X17k
TT6VYNWa-tA
TTN867WKBQU
TTVLbnIFqio
TTXiW2Ikqf8
TTdxqqkki7o
TTpz-xY4BRQ
TTs75SlzxvY
TU6KBaUufks
TUG4Ybky9Ig
TUVdw8V97Go
TUboDvYseqw
TUrCEqIVWOk
TVFiBGyYlT8
TVcNHSZMa4E
TW-aKV-kBps
TW3NLeoIgto
TW72qN5Aqy4
TWH6q4dPlTQ
TWPgVeezx5Q
TWidKZrM7ik
TWoqdnfFxw8
TWxmmFuTB48
TY7wThLc87k
TY_jiDwJB_U
TYadPjM7dg8
TYvzexxt0zQ
TZ0A7VLx4ig
TZcFA7Z1czA
T_EIoFSSmLI
T_GIW2PbMJU
T_MxLkKEXx0
TaCzK2BNuOw
TaDNrGc5oSs
TamvlJhocUI
TapzBlMtJe0
TbjKIgHBe5Q
TcSDOcORV_g
TcVi1y1YiKw
TcoyzoyoKHM
TcxDCCd8UOM
TczWXHjCnJc
Td5PFI-2igw
TdICQVeDBgg
TdJhwSnHtJ4
TdKAR4pBItY
TddNimxKoqg
TdleK_tXEvE
TdqmxvSU-9U
TfZSwjQopoI
TgTUSOmVQF8
TgVFkQY71To
TgikMoILhRY
Tgmk4SpD440
ThZ8ZKBe1FI
Thb_9yMCZRY
ThfuM9B920k
ThuY8IzKxbo
Ti--IqP0mCc
Ti8dicsbMhE
TiBsnZY_vz4
TiGWcuYToro
TiLCznyUWOs
TiObBlwTJrY
TicP-1CXqiI
TielMEGQGwo
TiwCuKryiMI
TjSyzXR8lKo
TjZmJkLdwN8
Tjdz-O8IE1k
TjtcgfK2m4M
TkJccK8jiIY
Tkm6Q2dLIyU
TkumPl1D-w4
Tl7Di9u2KRk
TlK7CgZep3c
TloMY3BRYS4
Tm0qiX7ZptI
Tm3LD8FnfGw
TmJuEJvdqbk
TmTOXU8XJLM
Tmn0FE0r-Nw
Tmp2B4VsXYM
TmpRmHwVb20
TmvwKB3Wsqc
Tn1iXKigw6g
Tn9OgLCmCqk
TnS2xnbeIpE
TnYIo3vWhDQ
Tnbf-J9yH7I
ToHU8PgNDhM
ToV7ePpyioI
TouAYZ3gsIA
TpF-SvwWqPE
TpXs5VtRz4c
Tpa9OjYxEvk
Tpj1u-s_qtk
Tpto7cJaq68
TpvRr1tvIG0
TqCgekmCqvM
Tqta37TuDUA
TrPlpMP04H8
TrsIIKsMzGk
TsxhKeBlE7M
TtaSbhNhPII
Tttd2hj6Y08
TuZW0H62j30
TuimlL7ev2g
TuoY4Esqeyo
TuswmUkSh4Q
TuzZnskPdxM
TvBpuQ55AEY
TveJJWgAZoY
Tvhw2wJ9xgE
TvrH5mZxNGY
Tw2pTx4ARRA
Tw5fdZnoz1I
TwGx4fJMYOQ
TwHpLfS1fwU
TwJxaoYoQ4U
TwRuHI6oZcQ
TwwF-gxiZr0
Tx16I2_5ahU
Tx7Lr1vgEX8
Txk9Ln45Phw
Txsjo9z21HM
Txww1QIJ1uI
Ty-ZDattT3Y
Ty39FHI2XDA
TynTMWSSVno
TywebZqJ6vE
Tz6Fw0_KGpA
TzRNLF90tbs
U-Mn6KYtFoQ
U-O2kj5RILQ
U-YCs7iHHJk
U-h9W8rvje0
U-jv0hqh1JE
U-mDS2z3SGs
U-rwJLCm2MM
U-xJ6EiEdlg
U0CZl5ggxkI
U0XDgF8F0CQ
U0mTtYk5h40
U0xnNqIjpqM
U0yZZIgsASA
U18BkJKlGmg
U1qZorvHics
U1wuO_eznJw
U21EKW6Iru4
U2BwCW6px5c
U2_AnYeQDk4
U2t9hfdzniU
U2tATxEejuA
U3Xx2JfKiu0
U3fv-goWekc
U3nfcGz5PEk
U3toDgRaDjA
U3yqa6bqtzA
U4JiHPAdmdc
U4Q0t6ui22Y
U4QoDOz8vno
U4btQhIA590
U4v7gGkqzCI
U55GbDvi3YU
U5_ywmn3VkE
U5p0zt1Pb7M
U5zdL4xDD6I
U695oYNfb5w
U6DFBPEfbVc
U6Kp3yoyAEI
U6ZKB9OkJ1g
U6nK6cra2Ak
U6zNp-HQa_c
U77PDrUALnU
U77sGwHwMM8
U7_tLwskvsA
U7udN1xYVB8
U8EzkYuue9s
U8UrZfcyqtI
U8qePhVeT8E
U8z-pcVhM7M
U8zmJpCcknA
U9XvNnSDZv8
U9Z0hPP-h5E
U9p3KatkrwY
U9upPsyJmC0
UA6RMDMrv3c
UAHvIWFWelo
UAX9jgH9KAE
UAbffVb1cpg
UAgwhdbZFe8
UAmgskz0yPM
UAxWDWig1w0
UB8Zlvfo31s
UBE6vACjcwQ
UBUS6XHp-g8
UBaFsBDySa4
UBaf3MOcSq8
UBd2ngytXrk
UBt4UP1mGaI
UBtZfqg8-Pk
UBv-7oLUbZ4
UC-SM37WMDQ
UCJ2WPRuqs0
UCJrMiRo8EI
UCveaxKH1fc
UD-EXVhAXAI
UD1qsrOKamo
UDLT_ubVkNo
UDn125Bx6UU
UDnnV5fpxMQ
UDpfB0UMRYg
UDvfOJrnY0k
UECFvTJAL8g
UEm0b7vUDJc
UEndx_Vzb60
UFZnKpVe0OU
UFnEDHWIDPI
UFpWWlbSVYI
UG5OYDm4wkM
UG6NDwWKHpM
UGCJmClLmWU
UGPAiHtQzlU
UGcaAw3VDq8
UHtXQcqXCRc
UHucPAEdmD0
UI2ORRX14ak
UIFySROCO6A
UIIQ8bGLUbs
UIIg9oJqD1I
UIbw4iyLmtU
UIsNr-bFY7k
UJZfIq6Bqdk
UKIzKKOcFcE
UKKiGX53_BU
UKQGL9PEoIg
UKbsDQ4X3e4
UKrCmF6yiSg
UL4578O7chc
UL7VRmMssaY
ULCwEz0AsBc
UL_0wlf_1ZI
ULdQ0ySksYA
UM0iyGkSPNE
UM3t31N-v1k
UMLEwtg3SuA
UMeOi8B06lw
UMq2nBGmIt4
UMrtg7834MA
UNJM7Rm5KgE
UNPq-QYl4mQ
UNaaqbnr3ls
UOXF3o8YGUg
UOgXRbTKpDc
UOx9dHoJeQs
UP1f-1A2mTs
UPbQZ4_lo80
UPyIVwjUF7o
UQ-ocnJ31bE
UQMvs_9a5q0
UQR5QZW8sOQ
UQcEMjaFnYs
UQz025fVeak
URASY7oDPNo
URx35-DYF0w
US9_YIOhLgY
USEEwhmwBYM
USURHkUf7PU
USn3o9VaH8M
USo-CTTmATg
USrsiSq2HsU
USsKcr3kZbQ
UT3wbjyQgZA
UT4dpkRkW0o
UT9oXS3VpvE
UTBFyAUgQyE
UTPzz7DM_cg
UTSxgRUFi3A
UTVGePTV_FU
UTwJDdpWvVs
UTyvB5FvjBI
UUCx9y37CFo
UULGUPeH7N4
UUYEz6k50xc
UUwFhqESQVo
UVFDIATJC_k
UVQLOCZyZ1I
UVYnm9r9lo0
UVdb3d-xHdw
UVo2DrHSSLA
UVptwqm2reE
UX2JOgCJBzs
UXA-otCvAdk
UXDEfcTU4-g
UXv923PTlJU
UYAs15LlRic
UYEadomyw9Q
UYTkZKAl2VE
UYadFmWsQNc
UZOkzIU8fW0
UZVxc3KeOUc
UZY8yMDCPjU
UZy49Idq1W4
U_TddgSWsJ4
U_XKu0SWuJ0
U_ZqNdiQ2I4
U_lRs1umfuY
U_uv8nDjSrw
UaOQp4ZbH4c
Uaq6t2RQvB8
UbokLlilNfY
UcGmPdqfMVg
Ud9S4dz5wPQ
UdO3zn_VCoY
UdjWnotXGpo
Ue0vX13k7_M
Ue8Tp41qNWk
UeCnkBSR5h0
UeDTOrW__7M
UepF8AJsBxg
Uf9_YMDMw4Y
UfGCxBbyPQI
UfH6LqFpdUw
UfYH2zCJNVc
UfxRSWE0zk8
Ufzpwv6Zj78
Ug7zvW4lsio
UgSZerTeW1E
UgZjdca4C5s
Ugs7hZr-psU
Uguy7t9BhE0
UgwC01CODMM
UgysLJVfqbM
UhHeKXT0YsI
UhcmTWb_YrI
Uhi2ho_xeAc
UhvKeF3MRZ4
Ui1qaJkU1yE
Ui6uQPDfczE
UihjG-rU3zs
Uik6ElADPxw
UipwfyVFAWo
Uj8uvaBOP6g
Ujyi3itHO7c
UkFzGNrPCeg
UkJo7AKfpoI
UkLSL_v_YqA
UkPJaL8-XE0
UkTjG7WK0Pw
UkYCUb_wiDI
UkeOd65aQTw
UkxK-CYMjDI
UkzF6xSigOk
Ul6oaXK4REc
UlNkHv8nJTE
Ulp-6X5K8Yk
Ulq70FJmJxo
UltHY5Zb7a8
Ulx8A-Mt49A
UmLbAQ_FjmM
UmSfcykxl1M
UmYzqcgzIzI
Um_a3jsbQjQ
Umqr_0G1mz4
Un6sWwQGM54
Un70E64RYg8
UnF7AjPOWR8
Unc_NGuOcb4
Uno1qGC3ck8
UnprtKJk6bI
UnunTeETD_8
UoLBublwlRo
UoVmZjJq4V8
UpGgo1hc-rM
UpI70RLy9Q8
UpIE-YyusB0
UpJkGCQBmck
UpLIbW6eJMU
UpVJ5qhuNUI
Uq5-K8zjR8g
UqDGOS_zeXA
UqJIrsAREkk
UqUNxlIoabI
UqYPoXg8qfE
Urj89WrWRH0
UsELvvaQI44
Usdz5TZhZUg
Use8kNQSQo4
UsfxLX_PuHE
UsjWTuYzSls
UsntOyMyshw
UstFvkV_TuY
UswYwCCZjQo
UswxgEONnbw
Ut7uZTKnC-g
UtpLrB1I64k
UuaNWX_eUlw
UubEtitVLDM
UuqMH_SgS4Q
UutFtY1XmWg
UutO88-k6Gc
Uv56h1M4q5Q
UvFuO4LzhNY
UvOxV6HR-LA
Uw9cOCwueW0
UwICSTGjJw0
Uwb2fr8SRFk
Uwiz7JBfwx0
UwkUUhVQ3os
Uwn3ocDgGOs
UwnRVl42cqg
UyGtsE76oe4
UyIy_YWhTtU
UyVgPmVtrE0
UykkiSxw57o
UzUsGNJ9cEs
Uza-N1qYQxA
UzaIPNNuXX4
V-G5OZlyCtE
V-MOmMn7Gco
V-e0VgdwGwI
V-fdpdke_8c
V-fv5cr2qJI
V-kwdA-vRmQ
V-qkWXLHKyU
V0UNknlSpKA
V0aoaD5d8O4
V0brVqyPfps
V0fogyw9-fc
V16MjhiIfsA
V1W55JsznoU
V1mwnyusCgs
V1ouNXvRLnM
V1w873c6s4s
V20YvqKh1uk
V23XXf61-Pw
V2CGOcaElBI
V2qjN3ZWnAk
V3BSj1cHX-M
V3IKYhF6sjY
V3_rPfh0R6o
V467Kk8klfE
V46j6yRuKbI
V472iZPI-0E
V4E7FQhCHmk
V4GsI6U7NZY
V4jd6s4Q6TY
V4t9Fno86Dk
V4uRwtsW1nc
V53qOk3Pah8
V59VsEC9glE
V5JZRLV-RO4
V5Mt0_DsenM
V5OZgyIlTA8
V5P1uVpUf50
V5SzYRYZoHo
V5iBtVkHpmU
V5o9O3UsStI
V6FgU469n50
V6QnlnKagV8
V6ToJDQjdDQ
V6buOcKj4Fo
V6hO8R4HjRE
V6nYPonztRA
V6zr1LxWi10
V7-q9z6BhKM
V7KgmcB5XIw
V7qDz28Emd4
V7vHJN8Glz0
V8AHr1cJnWo
V8fXPu24I9U
V8m3ZDW7rPQ
V9B2M9_3hso
V9B3w87PwLg
V9BXuEyDpzI
V9HUmfxM-Hc
V9bET5Xr9pA
V9iiDfxNuMw
V9pfev5eMd8
V9pm7iUzlVg
VA-ZXnQE8nU
VADO8ZzBkac
VAQ5a7EkdvY
VA_W5vbM6ak
VAoD59vczlU
VAyhyAX1uGo
VBBOeog6BNg
VBWJotY9NKA
VBZR6E6LPg8
VBl38yKA08g
VBpRZ-Zx1pk
VBt4v3Rsptw
VBz-dZmB6Pw
VCCfo3a1FNA
VCR3qUIXncw
VCUZqZm_-UY
VCq5suK7amQ
VD8mNXpCjHU
VD9RlLudvW8
VDX7Ouh1OZ8
VDrLxQ2spdE
VDwf5lXm9pg
VEHo3DD_fAA
VELFTMnAvxY
VERg3BUoHdM
VFMVIEZiGPA
VFeAUm2DaP0
VFtcqX3BNaM
VGA_hHg-gfM
VGjMKgBgQHo
VGkOwDBFmEs
VGvq9zbPGkk
VGwtyM3M6U0
VHmaLPjVwM8
VINPyCQHVwg
VIgYthD8Plw
VIii2ouEuT4
VJ2WQBfk1u0
VJ2qHQ93GVY
VJLeZkRogic
VJdbxx48TAU
VJyyhMM64xQ
VK-DLHO6Btk
VK17jPxIsgc
VKJglGXAo_A
VKolfIe6zSA
VKssHsZzJGs
VLUqYTz2ZbU
VLi-8AGz5x8
VLiIrnctOCw
VLsQ-1l9zaY
VM5RaoGic7I
VM6qDuieqXs
VMhJtdQYAyg
VMwsHvh3yYo
VN8nmZVicgk
VNKcsonUEcM
VNYp8Bd23Ns
VNemDFJqu9s
VNgrrsoPMYo
VNrEdlqJk0M
VNrrEoTUlrY
VO6dCyvB4NE
VO9WIgmg5yg
VOPhM6iqWv8
VOpmRs04W0c
VP7tC2Ls3OQ
VP8Oqaw662s
VP9HouKaNVQ
VPKIzWQ4sfo
VPRHXvLi66s
VPfI8oNIo1M
VPxm35uuzpo
VQ6Bh6MgGtI
VQXLGpzix9k
VQiqjuch8mA
VR4HW3PT9ms
VR4N9q_ojkc
VRH9bDc1q_Q
VRgAiOPP6ZE
VSTTwchfbe8
VSl2xVOPi7U
VT0PZ7ijrj4
VT0eTxI0iDs
VT57WMUri6g
VTsa2jiktBg
VUK-i-iK68o
VUPhxyEQsxo
VUr1346f2Vk
VUrG9h42TFQ
VUugCQexM-A
VV1nDntHiNQ
VVB5rC7RA3o
VVN-kVs-U_E
VVsBOG2RhKE
VW2yPEHrLkg
VW3KfBxDwow
VW9BWZ0BVhs
VWo22JCMzec
VX32ofM-P-Y
VXHVFuGUwXY
VXa8RgEELaM
VXiqadyCUUo
VYK5oYQlvQo
VYOXau2AxkU
VYdyPN8FB6Y
VYuYolmbqUg
V_Bsp6hTXRM
V_CjQXcoD2I
V_hh0WEdU1k
V_iZn1QJ8SU
V_q1VqxyAHw
VaMmoG7gIjo
VaO0e9cIlOM
VaavUXN0dKA
VakkMDarFDQ
VatwYEZWHDQ
VbDvE7qthWQ
VbL0ocDSVSI
VbO37MbbQp4
Vbc9KkcWNl4
VblocRj_47s
Vbp6itznaJc
VbvSAhww-lc
VcCcwpSBaLM
VcHQPCnz8jQ
VcdZyAeTvKM
Vcwaz9PRI-k
VcxK-knfR1I
Vd--jom-eS0
VdU3nXPYY84
VdXho5zZcZE
VdfPnLkvPp0
VdwswL85EWM
VeBaeNL97II
VeIEQckCu7k
VeadnNZd7Ls
VeghJnYE8do
VehHUC5oS50
VetWh5p5E2c
VeuyAVUgxJQ
Vf8ku0dJuY8
Vf8o7CeUyEM
VfCB-IHddPc
VfExItpu0F0
VfjcIkaSvSQ
VfnmcWx0KcY
Vg22RJbGnHE
Vg3mD-j03Rg
VgGERyMImQw
VgJfFaYWHYo
VgXzogCRmdE
Vg_jeBP75GY
Vgt0gR8qxOA
VhGkK8muRYU
Vhci7AmuOSk
VhjxJ9BvCDs
VhoXnSCQ9SY
VhrK0OIasmw
Vhu-0IBZm5s
Vi9Sj9AathE
Vi9rGGIeaKY
ViC_Id9cu9g
ViIBujGVT0o
VieSNoG2VDg
VipmIczRsEA
VirJRu_Q_rU
Vj3B8pXsMz0
Vj8hG5GwG5E
Vj8s9PmppWs
VjIquIPNQN4
VjXADhaxbFk
VjZFaof-aJA
VjaNLEYxYvc
Vjz5_mxfBnk
Vk0pE8KwhG0
Vk0vNajtU7Y
Vk9s07p_1Ys
VkQgZhSS0TM
VkSoQQZIg4U
VkY-lbHkl18
VkYeMK_VNF0
VlLSVtbwy30
VlNneSGWSVM
VllH0yV4oY4
VlpOe0rW4kI
Vm62aMyDsrw
VmIOCDK5fI4
VmSwEJxFmsc
Vm_U1K-l_vU
VmgEuvWFF2o
VmlGarU8h-s
VmpFPszib9I
VnBGGRFtgIo
VnCX59gOb8w
VnSJfx-l5FI
VnZSD5Y7ieM
VnmKhv1AoY4
VoH1IYhcnco
VoHSb56104s
VoLcKeL1GKk
VoOgCF-m2vo
VoPFqAmSXcs
VoTK6CUxIds
VomI3u9dzlk
Vp5XifIViEI
VpL2Yj3_FQg
VpP_Y9Boh9s
VpXlj7aLk4U
Vp_NrF9zfEw
Vpkdp-9Yyfg
VpuM9Q2gwBo
VpzgUEiXqa4
Vq7CrSSXWs8
VqEQYUitFAw
Vqt_5IUZUSI
Vquow-vAVPQ
VrSNdBNMQvM
Vs5al8j-hOw
Vs7L6eEpWuE
VsTaDEg0Wg8
Vs_iZQnaOE4
VslVsUJdJcw
Vt1kEGet-zE
Vt7U9z_On2M
VtEwjUKFFG8
VtGLwP118oM
VtLwuzi1Dx4
VtT0s5hV3mY
VtjMc6Dovs8
VtkdozBwKNk
VtlV_ds3D3w
VtxWAWtEgk4
VtzTpmk0qSw
Vu1kU2zNG2Y
VuQftpuBli0
VunOL6jjBuM
Vv3vBQ5sTzQ
Vv4PvM8bxb8
Vv4c_szlffw
Vv4nSUb3ShM
VvBW4RfkotM
VvMuXoQb5Wg
VvOyY9ONpmE
Vv_BvLmSBWg
Vw1wdD9QvGI
VwCtFR3DozM
VwLcOp8R58w
VwUBZZNWVbA
VwuxsAIvv0k
Vwzv0paBgWM
VxMRdyaBHjU
VxOhghc9cSg
Vygp-kOQs3Y
VyqTIDojgfU
Vz5KURRzkzU
VzHhJyA2fwc
VziREcgU1-o
VzvSUlCV4kM
VzwFoMfKcds
W-4xRSS1380
W-KWCpo4Q00
W-WtOa5OK-k
W0_SsiUftOY
W0c3lIAEgfA
W0pRg4jAh8A
W17uYuQA9Mc
W1iLPqQC0d0
W1l_ocUWNaE
W1wk4IZB2lM
W2iLmmN_lZM
W2uHrA5GyU8
W2xOknmeMm0
W3-FkrPv6uU
W3-KAJqMkxU
W31x2pmY4Fw
W3612EgbYiU
W36VroFmako
W39pjvPng-M
W3pOG1DhY5Y
W3xgO22OiMI
W48LG4rSMV4
W4qs6qkMJHM
W5Twjk4D8ZQ
W5ju4HBIRdg
W5sSJ9acRIY
W5tUx2YdinA
W6GwYBIjHpY
W6Hz-K__gcM
W6qM9CdBYWM
W7D99z4RhDs
W7ILsllvqCw
W7NLM9fMz3w
W7acC37dA30
W80Pi7BtxSY
W87vQ-FNNlA
W8JE4BufD4s
W8Qu6iMtXpY
W8edaX9Hkrw
W8lFmKJZTL0
W901JJzfaN4
W9RVZzY34NU
W9T5qfZPuQc
W9hC7hhqF9g
WB4qX-e2FJg
WBXwfE5YQl4
WBmKupGkznw
WCJt1gfOov0
WCM9dRZ-ASk
WCTeNV6ukoA
WCTj5hXc_mo
WCea1tKc8rE
WCenPUKefBY
WCkpFO9Sxcs
WCnSVPVBQ3k
WDYEmfmOHHY
WDm_JfUKkGc
WDrGiAxNCHk
WDsCQMDiu2s
WE4A-nvcySE
WEJlg-sX7zA
WEOvAglQ-iM
WEc_aqW9l4k
WFZKu2_eF5c
WFeZkofPvOs
WFwxHIVJR0E
WFxPbIID7lA
WGdECASq04w
WGdFbkBeGb8
WGjtzmlWSco
WGvHhgLoqeQ
WH-_9HC0g3w
WH5KlT4XMbc
WHIrJwQockE
WHY98sI6Q4I
WH_9Uwj9D4c
WIaEoJpOsHQ
WIs7hhyy7tQ
WIwx2MbAdwo
WJ77ObqHdZg
WJEW6YSegDA
WJGUHKnpo0E
WJHudWx7PVc
WJJQJHyNa9I
WJLE4kw4ko8
WJcUqH4b1Dk
WJePkla7onw
WJuFqtrcGps
WKM2J7qbHs8
WK_0K6Weamw
WL9S_TSPIzM
WLLwYXpIM9c
WLM-Ob1JGJs
WLeg3q9odi4
WM-J1Yy3ED0
WM0yMXVLPfE
WM2g2TcMykI
WM4ZuwSJ-H0
WNYFqt6pNkk
WNu5ARgLlcI
WOTwbUN3S-4
WOaPuH-rXT4
WP5L-sWc1Kg
WPKTeMZmi18
WPVag4sRJ04
WPloZTc-RwE
WPuG9WpLZrw
WQAbzbMzleY
WQC_Qsf083w
WQIBNa5l4BA
WQ_-0Pu9oRU
WQrGIX3NV40
WQyNnOkTGvU
WR3HQN_OpX8
WREtTRlXX6g
WRSi9WYiVDA
WRVJ-_2rpIU
WRwLTB17uFs
WS-BEJ41g4w
WSHeGVg0Epo
WSKwTOMCTyM
WSYiggWzyaE
WTHVXmLS0-8
WT_IS6XcPMA
WTeAjHb0Z8g
WTiXvJVer9k
WTqs_wqruNY
WTrlAvk-lpc
WUMVPToQtfQ
WUZtKqyPTPw
WV4whWIx0HA
WWBFKTjJhZw
WWGDTHsciq8
WWapuMHMKRw
WXDvZRVXZRk
WXgINS9aqnE
WXtZ5KPlR7c
WXwuXL0W0EI
WYKXbFxik40
WYRqcYLtB_o
WYW-H0vMOjs
WYqoNpuSvFc
WZI7oopWlek
WZoQQZvr-x0
WZsAU2lf6ks
WZwfbRuFGrw
W_S5nAaKi2k
W_edeZM7SFU
W_fC1XlfjyQ
W_l_ocZfi-I
Wa7wjr1NwhA
Wa8fGzPEFRk
WaMd8GDvRGk
Wad2I4tDqCI
WayeyeXKhPI
Wb392zJTP1I
WbJ-j7bFpu4
WbLLNVnWE-k
WbNW2mMZxi0
Wc2rbg0Nmj8
WcSREvlc0wQ
Wcb3u62tnb4
WcnH7TO2hqE
Wd4qEzNyzmo
WdcMsxfU-BU
We1-cagx7TI
WeKIcRlG5Gw
WeRreLbKmGI
WeYSSKi074c
WegsR_SOYNQ
WenSO5dvVsU
Weod8_MoNHo
Wf6oMmtbifc
WfPSnq4gXr0
WfsM_JhG6Kw
WfuwyhaLAkc
Wfwym6pfDUM
WfyDWOFDusE
WgXvOwI20cs
Wh-p-d98KHQ
Wh5qr3fsRNs
WhGLRx2zhJs
Whh-jm28VyY
Whh40CNa4l8
Whta4hX9mx0
WiAMx4AymLo
WiHBB0pW1DM
WiKGXLx80Jo
WiUZNn1ixgw
WioopLLR0h8
Wj1bYTP1FQM
Wj3nFEMYIao
Wj6KIOU6Ylg
WjG-aFkB95g
WkHUAodvfrk
WkOp9GUboZw
WkoKkYzQgJM
Wl9s3Xl14V8
WlQhvNAvSbk
WmGWaaAmv6w
WmHeGldyLLY
WmlQkPFmmaM
Wn6Oi_BAJTM
WnPWkSoQ7rE
WnQqjwaiCRA
Wnchbq-ZmNs
Wo0a-5LhKJw
Wo14AY7i6hg
Wo639vPN6Dc
WoTcSJatAzI
WoW5I2l9Ges
WoZ0gYX3d8M
WodGToTY-gA
WomvVi4BnM8
WooDjk5yGuo
WovWhAKMJj4
Wp2erVs29-8
WpEJBEj6mnI
WpJi9TzIreY
WpKSnZQitKE
WpNRV_weYtc
WpkMmUC58PU
Wq4CB9xD86s
WqAIrnPytng
WqRnWS5Pngo
WqUyF3Bd77c
WqlmVsCdyWg
WqqMYhilAVw
Wrp_mQKFdes
Ws07vHshpGA
Ws7s922sZoA
Wsr8qo7cb70
Wsrw-KcYVIg
WstOYji9MVY
WsyalLh2-hk
Wt0Q2PPkLIk
Wt0RiHg7mU4
WteS_W-e8VM
WtfGhAfgFFk
WtoKo_milBY
WtpSQOvb6Nk
WuS452wyM4g
WupUFb-G4xI
WuyDXkjP5c4
Wv2TCMntmSw
WvKE8YRKy-8
WvL_XvC8HSc
WvZxvdW6Ix0
Wvc2Xrb9OHk
WvdRyAF_Idw
WwD-qLlGdOY
WwKJLgjcpLw
WwN1bZb-vZU
WwTwDYyqjMw
WwUREE7XeCI
Wwyl1aqk8Qc
WxAp90j3CFQ
Wxm64v8b3Yg
WxqHQSL2XQg
WyGxnKOwOYc
WyKW9xwTQP8
WypcADANOXw
WyuVIRDtel4
Wz9UoYIaTzk
WzYcEXj1PD8
Wzd5dtylNzk
WzfJ95qGFEk
WzfbFos4FIg
WzhSvekPegc
WzlfutzIOzc
Wzn83__JMF8
WzpJ2K7uYmQ
Wzuxa3Fsaq4
X-4OXBKsN3c
X-JKH876eiM
X0TNHI5Zl84
X0zyfiCidgU
X167R3gDH1w
X17zw7Drj4Y
X1L3gCfpQpk
X1Mqs3wsfy4
X1vgdhermfk
X2_Oq1V64wU
X2gBRXW2c7s
X2grnLFphkQ
X2kn-JE0qoQ
X2ywULpBBrI
X32pBQumheg
X3D3TSDcFn4
X3uV4MEegHU
X3wRdvhF16Q
X43qlH1ohnk
X4EAo2QhVPs
X4EPhB9cDrY
X4EZHGL6QKI
X4JgXQ_ta8Y
X4bx3qNvTH0
X4r4cHdvpaU
X5932b1mWms
X5B0TXnChDc
X5GpDu2BGs4
X5Pf4jh_J4w
X5WyPUXpOwE
X5rMQeov9NA
X5udDUIFgdw
X62p1p8m2V8
X6EOEYDqIAs
X6QijOBrT5A
X6W-Eo8dlag
X6fPrh62nYI
X6jUGyTIRwk
X6mluemwjcw
X6o4FJMtYNA
X6ovrKAMIFA
X6wjiwowmDk
X76QqqZoaa8
X7AWVF_qDmQ
X7Q-2bB3JAA
X7rmHksGCl4
X8GKcQqFQ8s
X8HMzPOaB10
X8J0XvdnMHQ
X8ohlkEDOyw
X8upxEbgsx4
X9_2XFEnKcw
X9aY4fImxuw
X9dAyrxDdQI
X9jHkbGnvoc
X9kn7eB_pW8
XA1_JOey8Q4
XA3ScOmGr34
XADZJNNxuMc
XAL_O-HCf4I
XAafFV2SNEM
XBygCpu6W_s
XCAVFczr6LA
XCgIZBOi9hw
XCm_GNE8HDQ
XCsux75vByI
XCyI3rmQzmo
XD-6pM_AuPA
XD16UOwfI4s
XDf6ag2c8BY
XDfIUFhKR2U
XDsxw-pn81s
XEMT1vy_VdE
XEX0dSLQScc
XEc0HZ9DslE
XFFnmaribHk
XFerbeqeHeM
XFhiexNqfzI
XFiR5Qcwlq8
XFjKGu4o0oA
XGCNIR4la10
XGLM8l5XguE
XGT7oxy4lVo
XGkflqKARxM
XGmPlSsV3N8
XH09z41R998
XHOs8JzRiPM
XI1C9AYPAcw
XIBZ3DxR_tg
XIHJersVKvk
XIIeYAY45jM
XIM2nYf1f-o
XIj8DhZ6AeU
XIlDQ8GczH8
XJ9RJzyz4dI
XJD7jEwXlgk
XJLFcpV6EJA
XJXhFJtBoUU
XK2I70BDMJc
XKO5wjqaPZQ
XL8oL4mm1BE
XLOW0vtiMiA
XL_0RBOg-ac
XM5MPT-B1Zo
XMHeRsUDbPs
XMVVheTHC-A
XMdmDb_tWDQ
XN7BoDCrc5Y
XNL8S_H1oSc
XNfvxP1zeik
XNmnAkhCeBU
XNxxA0Xwq5g
XO7H9xeX2bo
XO8bPOIb-M0
XOGyAh16sho
XOYly1n5TOo
XOrBwAE4Ji0
XPHg0uGiJ1Y
XPIEBrSOT1s
XPSoYNRACvY
XPZh1GfFH-w
XPdzpvJYZkM
XPkBMqehr5k
XQoDR-3ZDI4
XQuyeMu4lYs
XR6r79dwgw4
XRZOlWg60mE
XRj0r0bVu4I
XRntkdBwh50
XSSz2anInlc
XSgdmX0NfAE
XSwKAWlAc4Y
XTI02-okOdg
XTJMtyzNeJ8
XTfTHR7R9Bw
XTk5xNMvWCo
XTpQLrQ2l4M
XU_6K89dvOU
XV93YLqaNT0
XVFRODXxg6w
XVN6ZlgpXhY
XVbM2qNB9Pg
XVlQPbgQwAU
XVvaeL0Osmg
XWgqbUnXsqA
XXB_M2KAOhY
XXONvMUyAGs
XXOXv20QFv0
XXSj-TgSj3A
XX_bpVW4AFY
XXbCDOb2ofg
XXjh0ZYcJRc
XYN5zZZinLU
XYNDXnwIK4A
XYQG61QzdsM
XYjmQGq7BMY
XZ6UCDHDdGo
XZ76-mtiM8I
XZUjoxL1yZk
X_83BliFcFg
X_8cHSaeSY4
X_AzIsJlUOU
X_FzNSoa3Ok
X_kx-s7ByNM
XaESOOA8Bck
XaSHl4qTLk0
XaYlwRXmTuo
XaYo_RnSoNg
XaiRbRITeUM
Xavn6TFQUi4
Xawcgh5SHjs
XbfR4ti4bYY
Xc4RY-8nauk
XcAypLRBL3o
XcSHmwF-cPE
XcW-y4YN_DM
XcWS_fs5Zqc
Xcq0KtokSHw
XcruPDCkbCk
XdK4w0_b0eM
XdWuPKhhNlE
Xduqp81Qjn4
Xe97WfROfSA
XeFByvMeCmY
XeYE0eZb7KY
Xeof9blTzG8
XesgHmh1xN8
Xf1VeYJiftQ
Xf7ojuE9yyg
XfJ0wziXkO8
XgdmYA1illo
Xh-XyCVR-Xw
XhKw5_0Q3Vc
XhOXfDzi_D8
XhQCLlXpqH4
XhlvHn8ST6E
XidmHn2BWmo
Xj1VJ0kVAgo
XjDwjU2QJp8
XjG3Cy5y02w
XjNno6phJD0
XjPzA7ZULd4
XjQwMRNrtuA
XjTIFEI_Mp4
XjhR-PEKllA
Xjwof2CBgjg
XkFK1zcyH8c
XkIGKUYbnvM
XkyRLTQuO_Y
Xl86oEAxHpE
Xl8sULmxg5Q
XlEb2NoRukU
XlFVGychBXQ
Xll8o-UwCAQ
XluqVA8ti-4
XmMruJZX7I4
XmpHt_4A6RM
XnBgoNqVXB8
XnfWT-E_L6g
Xnu7ZCaKCGQ
XnxxaY1tSE8
XoBI_bfwWaQ
XoIwk3mL6Ns
Xoky4ydN7Xg
Xoof6eD7d8E
XotsQitB9IQ
XpHi1SW6kes
XqZv7J07kgA
Xqjwip5DF6s
Xqrsf3ZhvR0
Xr8qm9mLP7Y
Xrexn9CZW5M
XrjXbbxxDD8
Xrzwjv7M51A
Xs1ugQCIQiM
Xsy-pRddU3U
XtQxzW_v_7U
XueN9F6bVBQ
XutOMQF010E
XuyHjJEKrq4
Xv2rWrPDLcU
XvGFqPHgY4U
XvJBBxtbIXI
XvJVBlQnhkU
XvKHrbh0F_w
XvRm46ydH-I
XvnZT9QHReQ
XwBKnTZLLcc
XwEeEfxBRgk
XwRI59j20gs
XwUxOGLcYMw
Xwjmxo63Sg8
XwsSqk__Y-Q
XxDyrYZhdBc
XxErfYImKy4
XxFf93Im5mw
XxOPr7NUA4o
Xxafq-JVwpg
XxnxrmYhatE
XxqrVMgqtNQ
Xy-ziMfU0-I
XyJ6uv3XLng
XyObD0GXu3c
XyqYInjsYvQ
XyslOMGhSng
Xyu1JVLwRG4
Xz1iVbKWiro
XzI_Eu2onc4
XzfEEglsbXA
Y-ijpm3azYE
Y-tvIJXFtqw
Y0Jyndi8zls
Y0NbCVcgSb0
Y0pdUyFC7As
Y10atVmDfZU
Y1wFAOp6G7A
Y2IT5dtERSk
Y2dh2PZNz2Q
Y2rbiTrDTkE
Y3KCNZ9DVfA
Y3KaWr6WPI4
Y48nr6iRAEc
Y49vxg7HCdY
Y4vY2K63dqo
Y4vruRBWesY
Y4yajHn7sSQ
Y55mTeviANc
Y57pNmBsW2Q
Y5E7CbJ2I18
Y5K3MT1m4wA
Y5KacE7-Ono
Y5YCaqx_b4s
Y5cQYC24rx0
Y5zV9CzJpqw
Y6FfHgbIa1s
Y6IEmT978OM
Y6Mz3DfPzWs
Y6YRt31zMRo
Y6bh4Of0VIs
Y6lfztVi2KE
Y6mc-Xg9jzk
Y6y1figmLKo
Y7AZ_bMarIQ
Y7Zqj3QW2CA
Y7aLRkJj5p8
Y7n6yiui_1o
Y7sa7efvGzE
Y7svszKyC34
Y85DzJU6_iA
Y872pEzxkTo
Y8Pjln8a9vM
Y8rHTaBRIDc
Y8vfxuwtr4o
Y8wEJ_-PNMc
Y90ON7DI43s
Y9W8Ldjh_T8
Y9daKF58IqU
YA75w57jXtY
YACVZGZ-Y6I
YAIChoI4778
YAPM8UNZQF4
YAX0y0y7P78
YAeSk8CAMJI
YAvRh2mYTJA
YBI9xFoj5u4
YC56eO606X8
YCslfoOTlD4
YDGIa3i1RFs
YDOgxH8UfsM
YDi3pM7F7GI
YDmQdxq9Jdg
YESAjkwPIYs
YEfNlshSaOk
YEmS5XzgQv4
YF1ALTT_7UA
YF3l6_ZYqSQ
YFHNstwVHUs
YFKV13x3Ae4
YFVMmh9fKxw
YFjKPhdpjno
YG5Nrj4JJxs
YG76i7jtAag
YGIjnyiDTR8
YGP-zJKJsnA
YGP5TNZnkuI
YGmV8vp4rPo
YGvVf6zzyz0
YH62amrIsO0
YH6_mNQLRrU
YH75LAkLYZU
YHSzdCwjcSA
YHgCXxWytkw
YHztSoSUZhU
YI5dvn2Vnq0
YINXQsSUZEc
YIPcXUckhRk
YIUlxO87cv4
YIncquNGoPI
YIokUS5IQWI
YIyuY7XkMXc
YJH4AWyyecI
YJbLCkuGVww
YJikbzXDZLQ
YJjnIlhYNqY
YJtpDV9OjtU
YK1M1rYKYyE
YK2gnZkI86A
YK6XyoonfiA
YKAgXv7_-Ow
YKQPave7ka8
YKQ__Sj6-KI
YLHo67IGpGo
YLYniz0Vu-o
YLh8w8W7clY
YLrIgGsl0RE
YM7Nm-CN3Cc
YMMqCYPNCJo
YMaIIv7NW8Y
YMbhQqa4RoE
YMdtDEQ-z_U
YN28cp45fSc
YNRNBrTcAjw
YNkJUUh3X5w
YNpFlcG9cts
YO4DizoHQgQ
YOE9gEZGh5c
YOEE6HRjyeo
YOa5OGYpplw
YP0VpagTRJY
YP1AUZop_Sk
YPDtZW8cTX8
YPMZg7f5aDw
YPkpfaMZxGU
YPlQNXf8swY
YQ1EgRj00vY
YQ208dghpNM
YQG9_57EKgk
YQTE2jWLMoM
YQUdw113Co4
YQfB58enB2A
YQfVUVe2uuM
YQn1uR5Ojpo
YR-IUnrF_IM
YR1wLmhDxhc
YR3s0tn-VHU
YRCT7aRNG1o
YRa1Bker1K8
YS1LsfuXiuE
YS2xjy9fHi0
YSSV69ln77M
YSjx9WtdCrw
YSuXTrFoUN8
YTFTvEF9bVg
YUCL8drKexg
YUr1BtBXjF4
YV86ZAbHgn8
YVOWJZVuKVA
YVYRXC2MBtc
YValtDaFy2s
YVimOzbAoLw
YWU4lvIPP6I
YWcDExhX50Q
YWedsqpGgUQ
YWxcbdPEpTY
YX959bw_0Nc
YXG8rMscgIs
YX_FHjJUaSY
YXqLpMDdl5U
YXwH4A5YZgs
YYrhR4cgLKI
YZHgTvzanDI
YZQBOg04ZFY
YZ_OcuIB34Y
YZeCVs4CYLk
YZesA_e_ZYA
YZhuM1FkGXc
YZp7QJIGN_E
Y_3hpHV2GDQ
Y_AxMWYT49g
Y_OW9rFaBTI
Y__eWoTpTO8
Y_floFjV9RA
Y_lHXvSFVnk
Y_slahp8Wjw
Y_uKXP2wNHY
Y_w9fyjmXjU
Y_zLWuEfo7c
Yanaa_a65KM
Yapr5ZBQNBI
Yb3fKlNdYTc
YbMu6TPMoSw
Ybbg6LVSYOI
YbxWMDdVSPY
YcNmgOP4Sx8
YcRp8oeCiHY
Ycn2bOvyXCQ
Ycs2EbPWfB8
YdTu8MRMmSE
YdlMvynZW-U
Ye1valYtCZI
YeBBkkTMefI
YeJMNIfTMHU
YeKqiz8briU
YeiX_25gvXs
YesRZPsK6_8
YetRxI-o0co
Yeyb8urjK9c
YfJNakNItcw
YfRxIDCk1n8
YfSGiZ-552o
YfngcObS-qQ
YfqHQoPCpB0
Yg5ntgVPX4o
YgBw1kqBisY
YgBy1zlQNrM
YgRL6LtzW-I
Yh8fn0EY3uo
YhOU6S6QIQo
YhS58RxLCRI
YhT_88DWegk
YhaEC518FZI
YiDtzwKY8eM
YiE2iuQYcF8
Yibbn__OwRY
Yiw87InKY3E
Yiz66uMw7J4
YjPk8pFv5Qo
Yjd3QAduZYo
YjiYxYArdME
Yk-VsuuJSys
YkZEZlY1NsQ
Yl0K593oEaw
YlAqao6bhVI
YlGgiElosFQ
YlK7Ty7McUE
Ylft9yJaQkw
Ym32AhCw0vk
YmIEAsCFkh4
YmXbZNxwB60
YmeYSyW2gH8
Yn5vcPF2yl8
YnK9EIfK2h8
YnMLgHccD0M
YnaTLZ3l-24
YnbGIVYQmvk
YnwskYhMvy4
Yo4QNNSjpK4
Yo6h3A6gY-U
YoLEx-AfYwk
YpM6Wz2Sg8M
YpzJhCuQG2I
YqJUiu-e8zg
YqacMqcNT4I
YqkpQFBq7D4
YrRGhmRVZvU
YraVnvqzWyg
YsTg3-xQGPA
Ys_qvhDa3ak
Ysq4Ok2LU0Q
Yt0na8RwBvc
Yt6GfUsE1IQ
YtnG3P7LjjI
YuoN6Miz0PI
Yv67tMqShDE
YvHCnxuqdF8
YvPnzagSPZc
YvRfrRG2a4I
YvUx3RUTUwM
Yviqp1WJ8T4
YwHhe13mCA4
YwTOFOL7m1M
YwUQ9F-iYdY
YwkCbckknLQ
Ywo1flAyouQ
Ywt1CF1JWYU
Yx0KBLFG8qc
YxyKkRdlknQ
YyHqXR-yHfY
Yyl-BH4ZmaU
YyrpJpM1gLY
YyyjupJpoio
Yyz3N-6fRWE
Yz-SJOjimU0
YzM3uL2Xfao
YzinT64xyyI
Yzk2TyBuD1M
Z-6YDB6AvZc
Z-dP9Szu6QE
Z-tdw5B_6_g
Z0pyfXx0Ubc
Z0v-GYbyfF4
Z0yqRb9Rfks
Z1-t9apAm4E
Z1g7mb62wgI
Z29YexXjF80
Z2xJ2mbCJoM
Z2xzd6nEd60
Z38Ffhrm8Y4
Z3PEV-R1nnQ
Z3PzxHIeuyI
Z3Y6g4beKJc
Z3k60owVT04
Z3qdr6cF9Gg
Z3tBQfWx9ZY
Z4IAYgSeRZo
Z5Y9wsyi9kM
Z5sX3ToA8SM
Z5wXNZuIXzE
Z6B0pqLcrSA
Z6FOCmyUsoo
Z6NR-5gAvF8
Z71oIbzpooM
Z7Gxgx9XLeQ
Z7b0LCXcjW0
Z7sp-1ReFJ0
Z880EsMY_f4
Z89aybW-QLg
Z8aXkUvJAtM
Z9y7-iFPvLo
ZAeQeM0IX3s
ZAk5g1WKcOs
ZBLPkxbJJd0
ZBLpLVav16c
ZBbXq3q9teg
ZBuOqwpgjZ8
ZC-4mHKCPec
ZC2KzAkF8i0
ZCA1NjvGVNY
ZCAQRmnGOUQ
ZCUVXobwPwE
ZDTlA8tk09k
ZDVnvzYtCos
ZDWW-ihkzcE
ZELBXIVXZXQ
ZEP9NJ9VsRM
ZEQSJnYU8fw
ZEbU8ot8mEY
ZEl1j9jFZ_4
ZEl3ZDAVOm4
ZFGACE65UmI
ZFNXKAwKuXU
ZFRjWkzu_bk
ZFYIWvP5cQQ
ZFn2GMx17to
ZFt1N_FdyDM
ZG--tOxdFq0
ZG-5ZC7TgGw
ZG2YnNyg43k
ZGQM6jW4J2E
ZG_tkcBaXhA
ZGbWeoXrn8w
ZGiBYZ3IDzM
ZGy1AOEQpi4
ZGzODm8y7hA
ZH-0AvupfTw
ZH2bGotVwhI
ZHCu--b3k1s
ZHFrKNhp_8c
ZHYln4c_dG8
ZHe6Yj1usvI
ZHgrd3KPliQ
ZHmaVTRMouk
ZHr-kaqYBqM
ZHxYh2yaOiU
ZI7-gPAg-cw
ZIOmTAJ46Zo
ZI_DMHOgEMk
ZIcASspbOWc
ZIn78nlsItk
ZIz91Q7AHLM
ZJ1w14qg-gk
ZJG6GUhh2fE
ZJgHeKznuAE
ZJnTkyo5xkk
ZK6wyNqcIRY
ZKIEi_Z3tvo
ZKSE78s1rFQ
ZKWLREWaVYc
ZK_8_WeCom0
ZKevIT1aqvM
ZL90pcensqg
ZLhWChrdBn8
ZLt_LT-TYTo
ZM_5stcUnoo
ZMbfplSlG_0
ZMtxxWbFIfE
ZMyW2ZbgdBs
ZNI5SEUtcjk
ZNXsi4ZfDpE
ZONu0e5M-rY
ZOTsGBrnyGU
ZOoPs3Icd5M
ZP-84o0IJOk
ZP6uPm1N1ME
ZPP92o4QEZY
ZP_70Z5-kIY
ZQOEKbzqptU
ZQS5mhyxhdA
ZQgKVQhNkYk
ZQoGZIOs0_I
ZQrTIjWHJr8
ZR2oBsVcrYs
ZRHcWspqLj8
ZRpUs5dGqNM
ZS2luPi--UE
ZSElTuWu3ss
ZSLp0l2-OqQ
ZSix6Aho1sM
ZSlxRsVf_ME
ZT-n5D8pGko
ZTN2N6YS0Kg
ZTQtrnV1P_w
ZTZHOAEDEKQ
ZU4KvqS7KKg
ZU7QR6lZt9s
ZUKIJjFRRpw
ZUOq2VN79qM
ZUTBEeL3QX4
ZUXtCKcc1Pw
ZVBtOlDo1H0
ZVGhz960x1s
ZVN5smvsVtE
ZVZ4oMjthgI
ZVonKdtMcnc
ZW8hiYeJIqA
ZWCF7u_ynGA
ZWJcZmenxKw
ZWTgwsCWawA
ZWmUhs2HOAU
ZWoolPkVLZ8
ZX6xMWa5iAA
ZXDlFOa_wuo
ZXFCeHSTE5Y
ZXrAsTf92MU
ZYEJPuBTl8Q
ZYIS8TgXsu0
ZYmEMZTxYLY
ZZ-GPj4uSho
ZZ39TcNW79s
ZZ7xPD1CTd4
ZZVPCjaSebQ
ZZZhT_gFu_w
ZZlVGynM-jc
Z_8dnrXrCjs
Z_EH41Re4Iw
Z_JNEEWxz_s
Z_alRW8sH-I
Za5KnMxLXg8
ZaFuCRs7qC0
ZaUPo6JGJ7I
ZajNciAhdhI
ZarixyAjxfo
ZbF6jpWb0-U
ZcAEzxLvb_w
ZcNy7VbXmxU
ZdD3i__a1yQ
ZdYc8_gp0Pw
Zd_ruBKDtwg
Zdvg_argUpI
ZeDpXQevH8s
ZeIsakwjurw
ZeYLSGnnYLc
ZeknbbBrCzE
Zf7SBVCGKek
ZfMgjb2qvB4
ZfX-j9ePjXo
ZgGqB3Mwafo
ZgKixSec6Dc
Zgu3ZiY2Ti0
ZhOkZJFjU-Y
ZhngC-Qu8D8
Zhw6w_2RTAw
Zi-_jT-fUlI
ZiWPJLnmUp8
ZiZh6TljIwQ
Zif-PzILQcA
ZipDdeujO-o
ZiuDml47fUk
Zj8TztIM6ik
ZjKNcZwAGZc
ZjRV1mdFJm8
ZjWRhYB-2UA
Zk-IzDF75P4
ZkDs8yliIxk
ZkTajnNyuMQ
Zkiqez9E9oU
ZkyK1gwj3ts
ZlN1kfMn1cM
ZlQBW06kbuM
ZlbrBGSsD4o
ZlkLr9o4Ipw
ZllSW-mrYaQ
ZluX_80Ugyc
Zm6dV5tzM1w
ZmIfJukc1zo
Zmd-wPUTnME
ZmoQfmqrZHw
Zn7egr5fHaQ
ZnKwyfwfKtw
ZnP5dbC0NHQ
ZnhxFqaOdRw
Zou_odw-DBI
ZpHkbNqY7zY
ZprDRpof3UQ
Zq2Tyww2x8s
ZqN3w8xwMEs
ZqTVTrERtlU
ZqlWvHR64Wc
Zqw7QdJKLSM
ZrBwh5hxvMo
ZrN_X4_zYf4
ZrY2TrApGFE
Zrlh6Vq0P3I
Zroe3xDcAdU
Zrso3iJbFe0
Zs6TKTnbEEM
ZsBKKLOdfNM
ZsDJiLYfq0Q
ZsIHXIJhHUg
ZsVTFGKroiw
ZtErfO8fmOo
Ztfu0aD0pvQ
ZtogomjsaSw
ZufEe_GzC_g
ZukT7Mturss
Zv6R1QPOwqk
ZvEHeixCwWI
ZvSs2JAEixk
Zvq1GhQRMZA
Zvs6GbY8zSQ
Zwt_qthzB7o
ZxYMR6Y1Wsc
ZxcNpWWlu9o
ZxhzyCzeOBk
Zxi78R1mdEI
Zy8cUQqrH5M
ZyBRY0KZEmc
ZyM8ea_iouM
ZypEFc6Jc24
ZysAiiDCPtI
ZysN6TqyVHo
Zyx_an1IL1w
ZzGSztCNSfI
ZzWdEItwn6I
Zzn6rkBi9PE
ZznRUYiM2Y8
ZzqK-kZQpXc
_-OlqEPbliQ
_-pxqPA2nAo
_-tE-Y1QLic
_0SHuseACTY
_0dsfwKQUpk
_0qnXGQbi14
_1QfD2pJt5U
_1kMsG2O_Og
_21jGlwOqBw
_2fGHKB9TMI
_2j1l63ZXrc
_2qzc6LkVmk
_3KK3KTHhmk
_3TXdk_Uoc8
_446jz31MzI
_4Tnxsm0898
_4fQjwOpk8Q
_4mSWly36l4
_5HdueNQ908
_5XawyYIR_w
_5gFFTS-zxA
_5kZXTRyePE
_5pbqh-8XKo
_5tRJZ7GrYI
_6-9Z2vi5d8
_6RzWj8-tlo
_6fWmWHoO4I
_7AtXSn61gY
_7XkkaIS_DU
_7ozXcv1NZk
_7rngHFkZwk
_8XWQSJW3ZU
_8ZCLMQ1-_s
_95D4yOxuiY
_9XiMoANOzA
_9meSj0-X3w
_9uueylu3Lg
_ACCKh7-_Mw
_AGrlBXYkW0
_AGtksL2TXU
_Al1tmp9EN4
_BBbBBBb_4o
_BHJqJ51DW4
_BJ1ySgKPqs
_Be9Z-FI_uc
_BgSbwz9BTc
_C1r09w2IHQ
_CDhVLCnLI0
_Ce4-QMT9Ss
_D5h1Rmo7_s
_DDxcDqcOyc
_DE5UmUCdXY
_DJm0vqnQZ4
_DLkEXfBxPM
_DMwGzpYGew
_DVXWCfv2Vk
_Dd3F-JG8N0
_DlDr-5flI4
_DsLpmHR_Gg
_E2DODPSQn0
_EEuTLzj4l8
_ErWgyNCmZU
_F--f69EBo8
_F2YXfnNdY0
_F5CGxAS1uI
_FNuWP7ctoc
_FSE6BdxR0w
_FcqXVDtaVA
_FrAWGe_eYs
_FtSaBcL0t4
_Fw9jbBp92w
_GCxnoNq74U
_GEBblkmBhQ
_GJ7EckXG_g
_GXXDJ80erI
_GaIY8RjqYU
_GoTUOXIE2c
_HU29JZhlyk
_HUfcHlZWXA
_Hdiv2Pez-4
_Hhjv6MOH-4
_HkKlgkpUG4
_I1lFPDn4K4
_IJZ1kbVTnI
_IOJdyDwbmI
_Il0zPP-rK4
_ImbWvW3bMU
_ImuuoSEL3M
_JzutnydIKw
_K6anXUxj-s
_KNxxqX9Exs
_KguDoQoVtU
_KtsYvt5DSo
_L-voFgxb3E
_L49Fx-SZFc
_LldcnK46uE
_Ls5xQvbbbg
_LvFZbjo6og
_M1RYOXeulw
_M7NsGcm1nI
_MBR5nmOlMU
_N7HpH_Z5CY
_NGX0fcjYqE
_NGySUtEdZw
_Nzs3RcFq5U
_O--syywgO8
_OCrqWXYsSI
_OLXYgp6xCs
_OPOKChyBMQ
_OdLkO02myw
_OgkJfJiHhk
_P2dLJcHnQM
_P4kqHRukRI
_P6UQieIpZ8
_PkWlPQW5sk
_Psdj37Lg1w
_Pzk3RsGeEs
_QsSK3-iSrQ
_RSMrVjnflk
_RrlS-JKLIU
_S-hYZzgDYg
_S16JrwwwHg
_SLZj-1OVkk
_SlnLIrjYdg
_StpZLuVBaA
_T_ZOzRVV3c
_TcGx8IZPNk
_Tqj8lsFy_s
_UCN4ZK_lRM
_UMNa4V7cyc
_USOo5i76CA
_Ui6hvsZWJk
_VV_n2lhPLc
_VcMX2LqVBo
_Vk4rd9bkrY
_Vo9c2XXOlk
_W4fJQK8VMg
_WluASbpWsI
_Wphp5EUZqA
_WqXVVW3B7w
_Wu1UV8ZCL0
_X6De5hegQc
_XTSLK5UM1E
_XWUHwoLt1A
_XWhoZOeZNw
_XYuIiMIG4A
_XaVTHSJco8
_XbZykXCh5s
_YFw--q8PUI
_YGgg8v7Abk
_YPnBoFHggo
_YRpkrF5R3s
_Ybd3-0X_3Y
_ZItPx90yvc
_Zr5s0GyjY4
_ZwHvEzRV_Q
__8v6IWssEs
__aAd8vxhlM
__sndwwp6Dk
_a2mgJ5D3rE
_aO85rc-IZQ
_aSklMhX0mI
_a_V-ua-kgU
_ar5Wm11J0Y
_atZykEUcGw
_b5nldV1SaM
_bhko_tJsq0
_c28W2Kem2I
_cCwTuzugds
_cVXGVwPV7Q
_cabEkOqgFY
_ccOtw4ZUfQ
_daT23GhQmA
_dlXJYO2I54
_drizu_PKeQ
_e4-kMSGU-o
_eTYUC_vWTM
_elfrSAa5Gc
_eotVGAatrU
_f4a1jPOL2w
_fE5OqO4RgI
_ffMFurF9qA
_fi4HiniPO4
_fiGyuwp7MU
_fkbQzOZUJ0
_fsBpQ_iAt8
_g1ShYT9MRI
_g2kUn5eVwc
_gH4Fk-0W1A
_gVwH0-2HjQ
_gjRE6wVpMg
_gmiRumcweU
_gqIUSslMXs
_hhGz6P-9To
_hwIpxOuomA
_i19-_n5X7Q
_j6CQIxvaO8
_j_E6yZOTD8
_k7EXxEJDlg
_kR6M0gFi2A
_kZKFjaXI04
_kcbR7T0baU
_lfKUDKh0g8
_liWbv9b8DM
_lzf67FrIwQ
_mCyjSxFG2A
_mUezBYa8kE
_mVk_-rbOlQ
_mXvnnTg2Ow
_mdRy3e6jcM
_mvUvzNkke0
_ncR0iROabQ
_nr-ENwl9wc
_nuxc4RB23E
_oHH4EGDp3I
_oKuQQUsVp8
_omBiLg2cwU
_pD37KCFtW8
_pV4XL4grE0
_pYwEceTMN8
_qUfBhP1AzI
_rQ_SFXkvxw
_romprNFd70
_sFjKlsco_0
_sH5BZjHmjU
_sKn6W4iyk8
_sUcQe_T0U0
_sVM8_CduoQ
_sVkdB9HWKI
_sgHrBzEdJQ
_sgsLNHl-OI
_slwZuCz-ag
_t7-6IqcLJM
_t9Cu0O3vSw
_tcE7GuTBr8
_txbIdeZgco
_uLHYOX-lvI
_uxYeb03J34
_uyks6z96hI
_v1q-tvKQzM
_vIDK-dflg0
_vJ6AQoKf7w
_vLsyvHSK7c
_vtpKDJj-rM
_wA2IlDK7oo
_wFkHO8Jmow
_xBbQ8Wn7Ok
_xRJVbKjUpU
_xvwQjWwGrQ
_yJZMZnEhF8
_yQyoVuOGDk
_yVffy7QwZU
_ya45vj2Vgc
_ykz42hQsVg
_zIPLmDGVjo
_zJa6KinGrE
_zNPNU0nobY
_zOY9j9WIkU
_zQsWQcOnxU
_zuZB6Kb1eI
_zvilnrzjsA
a--qzccxn8k
a-8EK32J5pw
a-RlZLfIeKM
a00UNClWyvM
a07yUtHmuss
a0fsAdZ8h1E
a0s8Tgu2Vgs
a0saOUfFL74
a14L0vBfUDA
a1ZuCD5MGfA
a1lbKgH5pz4
a1lq4Q9HMM8
a1wlBDMamcc
a2-hCGkFS80
a25a3kkZcvo
a2dRau4wgL0
a2yFEycTGC4
a347wNed9HY
a39yRFyYjBI
a3Vj0HdVzOo
a3nZhHwi06E
a4CANu3GT-M
a4RQZVIdv5A
a4cjzUyZ9Zw
a4t8Q0xs5X8
a5G4KS1Xzy0
a5Q-rZ-F8Z0
a5WcblqGkCI
a5z3Mi7bOO0
a68RIMgk6JA
a6eTc5hvyj8
a6woLwgiwSU
a7B8CvXM-dY
a7EYgXJKVhQ
a7P8dcPsfyE
a7bNvXOsXBM
a7eHt_z5wGQ
a7eKor9l1Xo
a7oEQTAmGNg
a7pQnc2ukjo
a7vvpt8tZEo
a7xZ1lX07_k
a7zQc5hl3f4
a8-phsM6-rw
a87sypp4Sm8
a8AjF7L6GTM
a8K4A9P7JNQ
a8K6tIhBOQA
a8NxRY4bExE
a9-Vmnfev3s
a9FaAEiOmsU
a9bSOjAwNKw
aA-S1Xidq1k
aA-ahVkyvVI
aAFPtVSgyBg
aAG8BhUpNvA
aAKM0dUQWVI
aAUYsYfDd7g
aAY0aiJAfTQ
aAn85tXQqxY
aAwoH8IOQ8k
aB5NMQEKCk8
aCR7NtXnhJw
aCRDrlsCF70
aCkzsdkdP0A
aClDpkRDuS0
aD02fkxLAe0
aDQsimaaPZU
aEHhx6a5FPk
aEWzjqdQhKQ
aEfxrL6YhNA
aF6UBCQg2Y4
aFDtXy47aEY
aFSwhlrlGG4
aFq2sg4ojq8
aFvkVd_S4e8
aGGZpI1VlkE
aGXR7BO87B0
aH87xwyhqtM
aHSNrMKfXUs
aHmUJ5uOHKA
aI9cFVq88SE
aILDPfnOc0g
aIhx_vP8ZEs
aJ0SREoysIo
aJtm6j2J3Fc
aKR2CauRs5k
aKa1jWDIfqQ
aKr5ehC92Bw
aKsaS5qq70A
aKv47XoHXmo
aLQoy0-Dt-M
aLmdqnbspnA
aM69PqdEZe4
aMMUhGwCeAU
aMORrbOhpqc
aMR9NQeHSbw
aNFwco61Ukc
aNTA5nvfjsY
aNXdkitGMGU
aNtYGS4LI-Y
aNtmeUM4qRo
aOTQBRx1FXY
aOl-wS3l-P4
aOpb7M8TgBw
aOvcTl_6VpQ
aPKoR1orY8s
aPlxaRIXUjs
aPrQRu8-BfE
aQ7rbe01BPs
aQP1QBjcQRY
aQQKyA3_924
aQi7wsDteG8
aQrUF5Mzqfg
aR7XIz7L1fw
aR8eqQaRab4
aREwFeMBUNw
aReGEqMnf0U
aRml4CuZ1d4
aRz2ZafkhJU
aST_Ee9QLCI
aSf8QvOohpY
aSv_tra6vxw
aSyePjD6q5U
aTRs7Fzw0Ag
aTTuhfM2wSE
aTcbClv-aKY
aTsSgA9BLGc
aTxmyS6y1dQ
aU7Xnmj74dg
aUGBGLyx9Iw
aUJvtp71tBc
aUJyhHKYgbM
aUmMxL-ZB3Y
aUup9of653s
aUx3IZAn6_8
aVEpz2PAQZc
aVI2HbIB7qM
aVf5iYDdgKY
aWYzpE_-Yu4
aW_4ULBpo94
aWgfADiIrS8
aXOB1P4Fivg
aXh2X0Cjkjk
aYA0tKvuLsY
aYJ6ZY_Tl4U
aYRySIIsOG4
aYbeGDD0m0g
aZA2ZJo0Cks
aZDzjU7voYg
aZTSbz39jD4
aZcNza1xHSk
aZrCyEYpHOs
aZx25TrMWnQ
a_51thd4Fns
a_5EE2HsP88
a_Bbi12mImo
a_Egv_3Siug
a_NIHcojKX0
a_lFFJvbQPg
a_xWiccEJUA
aa-sp0GfI2k
aaULQ6UOgRs
aaZNREdoGyQ
aafDzs_jssA
aas9CTALLMc
aavoFScaO00
aaxvX_FHQ4E
ab02IkERV38
ab9-AjTA8yg
abLZOjeHEOs
abcMoI5zNvY
abjPbDQdwtU
ablDHkBAAuQ
abn5S4SmWtc
abvs7oJH11E
abwDz5xS6Ns
ac1oBkZqXBg
acSPpuyheBo
ackhuC-wfJw
adCynfZooko
adEmgavmv9U
adRUsu6sLlo
adVu4GDGHd0
adbtxM4ZLPU
ae5qdpKbmKM
aeHkDMo0jxY
aeLgc4tqIes
aeP9nRrtjLc
aeh8uRyfN1M
aejTmN_2bqE
af60yc8cx7M
afr9jEczJEs
afu-OMdM9Nk
afuLX2B8KOo
afwcwlKGJa0
ag4a1E0ibv8
ag8-H06Gn9E
agBzHR4OLtE
agQY6s9WTMI
agdfSban-rk
agf_kcswwM4
agsxWAWgkV4
ah6XEfWUvPg
ah80PRyxzzI
ahbyYHY5O-M
ahuAB0q6RQI
ai1Iy7zhar8
aiGMmwvCTN0
aiKNMc5b_ak
aigm_NxFopw
ainfy4ZP6Qg
aj6TntE6NW4
aj8B3ZLbjsM
ajGjbvCGm-4
ajhN7OIFuF0
ajoHRMc1PWE
ak7caXeQR1E
akJQC0OcZt8
akMS89cBkuI
akWRgeK7-IU
al1_vsd84lQ
alIBkwE_SW8
alLJhozkgw4
alOcon_ZD78
alTJcNO1p4s
alfcCgcbSA4
alt49iQgkco
alunBQ4t27c
amBYF2pHZ1E
amQ8JgzIRI0
amW2Qqu6Xxw
amvMYG_rX5E
an3kaRZfW24
an8pxvDVzpM
anKb6gfUTDs
anSb7VykoGw
anY8mmHR-Hc
anfp5AWbdWU
anr0_l2Jsc0
anvPr2NSQXE
anxMi5JUnTU
aoHob6pMOKk
aoKOyL7T59c
aoSY3HrGa4g
aooBK27fITY
aorfVRh6vuk
ap-F_uRK_Mc
apAaMDBeE-c
apk29_PbgQE
apvwbVsWDrs
aq5l_3Wik_E
aqKTgYrnBRQ
aqc7Rb8V9vE
aqiBE2wsMMA
aqmyVACNaWY
aquMfnqwyvU
ar7YH4pQUdk
arHDxPTDu9A
arQqmwL6uXU
arSjfLBaw9g
as3R8F1Oz6A
asZFt9s96GU
at3AMgpWEOk
atBmKBBe9iY
atUMGX4Z8EA
au4ZhYP8Pxw
au5ADuhgFLA
auWvkYXV6SA
aubt_JqjW6w
av3uKUwOrhE
av8rueR7wFI
av9_g4DML4c
avP3ooxM0v4
avks-46YUh4
avpicbspt9M
avuiRSpMli8
aw70DZz4dD0
awB14weISGk
awGG8XcOiB4
awHsnc4JgEU
awLSAjpeF-w
aykrzKs_tRs
azkJmxg8-fM
b-2hDRt7O64
b-H9qk-pLaw
b-KN1f6Vgwo
b-Kv60i3gzs
b-UI5jBmI8Q
b-WFrUdK8dw
b-W_pYip8dQ
b-YP6dE5OaA
b-pryMCBNOU
b-qyaVvxNDc
b-tQiMWLqYw
b00toPfu0wU
b081pviLrA4
b0AXJfLlMO8
b0Pq7KI3FZ0
b0b7srMP2SQ
b0p_0eN2BKs
b1CtxMO5C0g
b1TOQWtkikQ
b1axt1OPbSU
b1fd6p1LGKk
b21DBNBmMk0
b3J79vbhW8E
b3pp3ilxokA
b3uxehxOQUg
b488mpZ6sjo
b4C1zu0k3iw
b4EaZ1riCvU
b4gQCBnOd4U
b4mDvicAXkI
b58-P0qnH24
b5BDJuajwRk
b5JI_OztltY
b5MenqEIDWo
b5MiUQXaSt0
b5SSd7nqir4
b6-z8RD029Y
b6jl0wYx82c
b6qerPeiGxI
b6sxv4_SMQ4
b6xTMcM8E3Y
b76IIK3OCjE
b7hXDuy288w
b8-GBqLee9w
b8Gk1V7M_oM
b8RTFj4_oGE
b8rn1mNF3F8
b9DMBG-VNao
b9Utn5ECZaM
b9XmrDVZ3xM
b9lssZ8KZ4M
bA3zE40olCc
bB0cYvgkJSg
bB4ifKkoaNU
bB8CzEWQMYE
bB9KNRvII0A
bBVE486fYHU
bBkUNUacios
bCbifRjct7s
bCdlnRoMD7o
bCz5a2nj5gk
bD22Ip3Rviw
bD5PwCXBiBk
bDv6vyxA7qs
bDyv3Yk7WbA
bEChY3jzW-M
bEKshVfTQ2Y
bEQlFJWFGXg
bFC2I9fxqC0
bFU-Y4oQoII
bGau8ax9L7k
bHDL_xbn2RI
bHcuWfCdeX8
bHjkGMSylwo
bHmiLO3z8WQ
bHnylWC9lyk
bIM_Nrk8ZY4
bIMo9oQ1Qk8
bIiHWou5-KM
bJh1yttvWNU
bJtzg2Vpkp8
bK6Ma59uRY0
bKHQUhNxVL0
bKkNnDwNl-Y
bKlX3PQ1PGA
bKtsHLyvNCQ
bL6Fh062X_s
bLQTq2ZpZYI
bLate6Dve1M
bLhNPJ6YFAE
bLoHGlpQdaU
bMem5z0_4G8
bMkho_8pzmo
bMpEjaxjuR8
bNL8OrwPuYk
bNW_Eb1vO6Y
bNkquTChAik
bO33uh915Mg
bO3LPwGFOgo
bO9vSmHh6FU
bOB7qptd6YE
bOVA7jGoNME
bOZCY1h-u8M
bOcpjrpq_dQ
bOgLtvHk_Sk
bPAeA0dQ5Xc
bPAtZweDBfA
bPf2SnoawdM
bPixdjjYk3w
bQJC0fUsQ9Y
bR-lu4LQfRY
bR4P5zbqTLI
bRD1opF267k
bRJsVBPk2-o
bRyHVCvTJyA
bSKV7qcJsKQ
bSw3P5kVSe0
bT-RZvyBRSE
bT5Tf4pJc3E
bTDyCKTtQm4
bTI9kxR1F08
bTnVRXk61Mc
bU91LVdQWCM
bUAWgESxy-w
bUX-M07uWJE
bUjkSyPp_jU
bUnxGJ4w3q4
bV029nZ90eE
bV9s54omjYQ
bVWM1e5TJGs
bVh2xfKJfEM
bVr51t7sAi4
bVrulTsu2S8
bW1y1clYh8k
bW42uxhOOgY
bWAO5RHhFUE
bWGs3QE1Vbw
bWOzKUZUM4Q
bWlLDEaha_w
bWtdoHrGd6I
bWyRqN1jvPs
bX-f-AXwrPg
bXMemscSGqE
bXR1P5DPncU
bXn_70rUfL8
bYABKeT5X0k
bYD_KG4-pBI
bYcTKVmvtbY
bYjzBLwGHNY
bZ01MBR9PnU
bZEDH--7kQ0
bZVBPgrdSgY
bZcIuBy1eIM
b_qcXzDg78w
b_rW4hgMhCk
b_wOOgiSr30
baDokahzi-0
baK9GKsbN70
baamTQU4h_c
bb9kVPZZoSo
bbdxICqSSw8
bbnOJn6Ie_k
bbvIUkWSzco
bc28IxyIj5c
bc2UAv8j7eE
bc4JuTCqloE
bc7qeEraXVs
bcC426AhVEU
bcDYtuE0f8w
bcmGMNzYXeo
bdBkhd3IuBA
bdMnEpMVSew
bdULVohXyJw
bdkkfAO4HDk
bdlvPJFVnZc
bdtAhvEMm-0
bdvPudDoAEQ
be2w5iGj2ik
be4X-2oKvZ8
beE7u0urk-U
beK1VziTthc
be_wnMrUr6A
beefNyRvWrs
belVlyIajFw
bezgUf9ImPg
bf8Ofhe2fc4
bfhwRDZcX_o
bfphrBiF0Ow
bfsNbKDfpwI
bfsTwSSgs8s
bgo5M_PyOq0
bh8QJg_h9mE
bhE-TvPxWgA
bhEojuiLdTg
bhIYPWCAgZo
bhLdsPnVLzs
biHhNgtpkIc
biWSkSgs-Ew
bia-cQ5Mpsg
biekqTyy9uU
bihNiKqyy2A
bjzYtJo1wEM
bk1EEL4CG38
bkEv2j4Udfo
bkyqXVmdNYI
blCone0h0BE
blD_7-c581Q
blI1vIvmyCg
blSQSrPylls
blUCf0iijTk
blZ8T1GYkpE
blaiGtAqPRQ
blgFKhKwx_k
bloTl7mQ30c
bmT79X5-U7U
bmhPjWNVpYQ
bmnVpm9Vnn8
bmzCluCoAT0
bnK8KUEgms0
bnQej9j5vRE
bnSiwmrOJPY
bnTopUCPxlY
bnYr8cDSamE
bnaVfcoAi44
bnvgsVw2Pcg
bo2SsISVSQQ
boLWGmfP-EA
bp8ylyrJwqk
bpC9Goyi9Sg
bpS2ijXcxYA
bpzi57TOz1A
bq3_GdHtPd0
bqLbWTxlDY8
bqP9TaKz-Jk
bqgNjOJHIJY
bqqWr6oOh5w
brOfLn05prM
brSe0NkMsqw
brdYe4u7YWo
brqcz-BJSP8
brqq29VsVnc
brvijD2tNLE
bt4psw_fdQ0
btFBu8TuZCk
btIHAtbGe8Y
btPFGGMXg1I
btRshdIwAno
btaUcHFc8gk
buaey4HkCis
bujyBh9OimQ
bvL1sUeJ4JI
bvbtPmoywYw
bvuyuio-PV0
bvuz2hx6c4w
bwMXcMlV_sE
bwOlAnHWEYU
bwugos1C9UE
bxawNLYdcrE
by1hJAt8xig
byG0nu2-isc
byy6phquRzw
bzBg6ilyKiw
bzNsHf_dfEg
bzdV5-CZUSc
bzzUG7n3j6o
c-IJN9oagV4
c-bVvimJJYw
c-h4rHxb4Fs
c-i_oNY_0XI
c00bk44tTRk
c0DRbAJLLNY
c0MUn0NWlPs
c0feGCVaS40
c0jnWIVVBdE
c0v61vhs2Io
c13k2CAC_mM
c1Gs1bNgclU
c25miTmYzro
c2I_NnHhdeY
c2JHQQOjRdM
c2R1ljpmRRo
c2TBDXEbftI
c2o5qZx0Esw
c2vQC4LVzVM
c3dNCwDhCPY
c3h0ffJCeG0
c41Il40wE3o
c4aPwpPcXRA
c4sxv0ml0BY
c5IAo9tyKSY
c5KFxsF7ilY
c5P4vq0ezaQ
c5THTTgxzJ8
c5aHR8hNAag
c5hzqKiR_Ao
c5tLQOpItRU
c5umeO7e8Go
c5wvSEKLLZM
c6GOdmiDwhw
c6_Op4cDxUg
c6dXRjrHQJU
c6sM9bnv21o
c7KpVLmnmr8
c7PolCCBJ1k
c7aWzjxif8A
c7adxT2UVwk
c7zhA2O7GRk
c8FNSzPSVCQ
c8TA7hAvsIM
c8eqWZ0G60M
c92EcMIwS38
c9F1ZCb2oKw
c9O8YGhmt3s
c9ayR9GF7Xo
c9rRp2UIkyo
c9uPFnD5RTA
cAKJs1nYEqA
cAOSsgfAhE8
cAdMk1VH0Ms
cBETsMqSqR8
cBJG9Mai4-I
cBQUQ9AaH9I
cBR-4OlFnyM
cBjokHdVnTQ
cBz4sGj1bM8
cBzkuhySqEs
cC7AhpN2kKI
cC7Hh8Xt19c
cC8mKtQlF7c
cCHYeJyrXA8
cCTX9owJK00
cCe3kc7TZzI
cCoGRoHmYrA
cConIVo0sUw
cCslfJg9AaU
cD2qcN3R5hA
cDA9__JCIhc
cD_PYUrVA_o
cDtjneCHqW0
cEA6Ouacpfw
cEXSkn7rKjQ
cFMrn5vHkU4
cFhCup1jUZ4
cFu8c04nPBk
cFuIzP8FaqI
cGBFs37QPlc
cGUFMDUetMo
cHCsbG463gE
cHEUr_JPVXc
cHGt5yC1Tu8
cHXUJZEJBDk
cHonNJk28V0
cHx0P8M-_IM
cIXDJ-OSmrE
cIv8g2sBG8w
cJZypNjoMas
cJl-gSayK7g
cKEJFDI4_BU
cKVka46k_sY
cKW2cQqkCYE
cK_lqkh6fcU
cKdmcQM0PiI
cKzPdBaX3P0
cL5fU3QaW3Q
cLAY2LOJey0
cLXs2QJMRJo
cL_l9iMuiLo
cLftr95BBRw
cLgoHJh1yzE
cLhK1HeByUw
cLt6GkZWrro
cLvF3YDeTfo
cMFAOtRrhjk
cMJ-54laFxk
cMbn1BLyXeo
cNDYMy_4BvI
cNJMaYYhCNc
cNM0dHzCpDo
cNnXv-kYZ68
cNoTemJ0YiU
cOKS8jI5LrI
cOSp2AgFdL8
cOhgPu6Zhvg
cP5OgPhndCE
cPCjYYa-NA4
cPEHQC6fLZI
cPrVj60R-to
cQWBNkL2vAU
cR3LVok7eW0
cRDhXMBnjww
cRE3aNUjEiU
cRjRNWwYiKo
cRjUnh305ng
cRyrQGRyX3I
cRyyYWK1GIk
cS1ZpK6HU0o
cSCi01gnCg0
cSPmvXMovLA
cSXxZrhyExk
cSi5wwpquYU
cSkMVmxQNu8
cSo9hmDrpN4
cTJGUeysAAw
cTLP3oK6tDs
cTM8FFSu2nQ
cTbkULISqiY
cTkZ70SRViU
cTr7liDU6TY
cTvVWes4Bto
cU9zviOVzZg
cUbNhLdbL4c
cVHHTTTcEVo
cViv4rtJ05M
cVn84Wx1ERg
cVtM2C7NKHE
cWK6Fn4H13s
cWzfaGmfL9k
cX-P3Dmb4_U
cX8l3oDvORY
cXnhaL1JL8k
cYCW9vBT6UQ
cYHQ2jYyduE
cYO1zWjTBIY
cYQ4RH_9tYM
cYiXWYaZlAk
cYl4nGYYVcs
cYyhW1iKaXg
cZ8oPsmCaRo
cZJvUUzVX3c
cZo9dx2BXKY
c_1-ithsbYE
c_B75SBmlMA
c_GuB-ccRZ8
c_W21vh1Ds0
c_ffT7EgJmA
ca4eYP3kbfY
caC6l9RRh9U
caUcMdDivwk
caVdqI-xFbQ
cadAOuILpX4
cadDF4eNUCM
casPGtB56CA
cb1iejeoZGw
cb9-3hrq7IE
cbm3OwhFj6I
cbmUwN_grd4
cc908E_0GNE
cc9aqsWzh48
ccK5SQBIcWY
cdCwWnvQqFw
cdQZItv2aOQ
cdomzbxk95Q
cdpLQsqQjhY
cdvA6cVkAww
cdzJ1QYNzh0
ceGd2qPTWsQ
ceGg2os7q7U
cefrbYn9Brc
ceqhOo2xD6U
cfYXSx_xrBs
cg6YfAlSkhY
cgNgDYLPYBo
cgQZ5NaEkH8
ch58q3BCN_0
chGd7L4VXgY
chM5QjfRdMM
chakrs71Cc0
chfWcx4hJGc
chvfEYbNMpc
chw1H86pr94
ci4l8eO9fcw
ciWTy4qcRQA
cil_LiRP0BM
cjyia0bvaOg
ckeViLMZckM
cl3GLZCXfnU
cl8bgl5Y568
clB6vanMcL4
clo8Yj6aSGA
clxAZ8afXco
cm5ag8cFll4
cmjvsPnE2WM
cn900SNstgc
cnAEuAd_6Lc
cnUwOlP2SGo
cnX45mdpyC0
cna7KmQsRzU
cncWbgChiL0
cnepDzkfbbs
cnjLpMjW7eI
cnusZCqnZkg
co1s5nHMgj0
coMWRFVbyB4
coVhrTOGwsw
coegKWZhcW4
covKjnmLCbU
coxnEujLdaQ
cpAaRov9Mu8
cpUa4Jvyzvk
cp_QppkPzwA
cpvFdwc9RE0
cpzd60yw_I8
cpzyGE0IGMY
cq1sPGGU_6g
cqW5U9VGh-w
cqkGj2pqsT0
cqxalLtJI3M
cqyrlfGvGRM
cr21Quzfk1Q
crhQdrlWrwI
crlxNqSHSLo
crn4wg4VGpM
crw37aZ_KVU
csfFYIuOHwc
csp1V-Vbh04
ct-KMmfo4qs
ctRjvYFgJvA
cto1Dm0Y-E4
cu4YUlQA_hA
cuDD3nejTNs
cuDyzEgPMpg
cuOrt3nSz3g
cv1nUAgDdIQ
cv83KWmb73M
cvFuvxWtJTg
cvGTg6Fot90
cw-MQSBqK6w
cwISNttmnCc
cwcBvcjAi7U
cwkCqOHHBBM
cwpTxZ6G9-4
cwuRa4sv2uk
cx-LC04vSuU
cx5zGKJrhN8
cxGuPC15Azc
cxbV53Ymtns
cxoQMuxN7ps
cxq3cRvdLeY
cyZ-UKNX8Hs
cyZFPQU85SQ
cy_QzyhNyDI
cydOg-NXrZo
cyin4ehPHjQ
czJB9GUtty8
d-8yWFwszlY
d-97qpSesiM
d-DhJyz8XWI
d-GeK-c4hNg
d-InYTZZZvo
d-VWehadoYk
d-WsRp45jb0
d-b6JCGE5B8
d-txJQ5GCjE
d08Ggjdc_B0
d0EW6TaZ2Sw
d0ZO18E-F2E
d0zbRx6PL84
d11hSFfF50o
d1FhA30mcFM
d1MsCcuTSUY
d1PwWMAQli0
d1ZLVbHMo0E
d1w51QrepXI
d25MBXSK6ls
d28PlSZ8SIw
d29EZAQEGLI
d2FdhsHT6DE
d2PfjezbqYM
d2j6tCrUbLQ
d2qGjCoUs8k
d2wH-bkr_Hc
d30OxRaj1xU
d3DZSQO3gnc
d3GuV3ZPVR8
d3PifXMObBo
d3tkWTXXTqg
d3uNVamwbPU
d4JMep1LcJo
d4TYbBsoTxY
d4chQ7Ds-1Q
d5KWfYZ2SpA
d5bLvDkQDT4
d5clz3cmmps
d5wO6_r-gTo
d6APr4S6JWo
d6cnZhHOz2M
d6rpxN69wwA
d6wuaSbSfRw
d6xSjYvAgQE
d70pZaES1Z0
d7HMPIyBXlE
d7TXCUqpK24
d7aurDm8rBI
d7eUrP4uUII
d86Ia947iEk
d8W-Gh3kCaY
d8co6bfSnns
d9JV0DL8-v4
d9mH7ki3yr0
dA1NmWSOh8I
dAbYcv4Vz2I
dB062gZreMw
dBICrUW4128
dBRiIPMsZ40
dBadtSCMJJM
dBlO7B8kKi8
dBqhuL-rmVI
dBsPkxjU5Yc
dBt-P3k8E5I
dC17rVdrMeQ
dCAF8wJd6o0
dCJFY7Yj3s8
dCdgdzlvAWk
dCk-YqXOql4
dCw19binuaw
dD1SKNAANLA
dDHJMSTzQB4
dDQBh7bMbZE
dDqjupDGC3o
dDsDturxScM
dE7GftDaGRg
dE7u7ydlDDo
dE95trv4Qtw
dEEhTDk40SY
dEJ0xyC6iCI
dEX8mRQx4mo
dEorCaPIkrA
dFWRWUXRa7o
dGGDt7KmOyY
dGWBqB5YK5E
dGbmHuptoI4
dGp_wiXLaY4
dH5qOEMYZzM
dHJEdMx09_E
dHLxfkFkmYc
dHUpcEqa0Xg
dHhB6ChDuAU
dHj4VG1k7Zg
dI49kMVtDO4
dI4cmZOrIk8
dI7VhSIqtvs
dIGjkvUnqOQ
dIZptSK1wC4
dIhm7M-IuOg
dIzgLkcmeHE
dJ8ny1Vo59w
dJUxZdQ_BVg
dJhpZoYkSxs
dJvMO61kEPY
dJwnlrGInpk
dKR9tp7vpx4
dKUHAM0Guu8
dKVyKMjeCTw
dKZaAYj_GnM
dKb94_8XnGM
dKmx3_aa6Xk
dKog7Kb5o7Q
dL2Un3BOlzQ
dL3nWD7g0KA
dLFsEkogzUA
dLL5KNygjLg
dLMjF7ssu2k
dLWbEpaDjmI
dM-0Xo_y1x0
dMtuiWxNwfw
dNGwzcJ7SfQ
dNdDpb78xIs
dNk6dIfa6Wo
dO2CoX1rgUM
dO5U5PYT-rs
dOEzOBtV2ZA
dP67nsTyqLU
dPBpK49shSc
dPlMQa-TgfA
dPmKQhPwxW0
dPsNU1N52ac
dQ8z6ES3bb4
dQGaQYFI5AI
dR0g7RpJTfE
dRi9MoAIAhM
dRommQcVaQE
dSEQJheF0YI
dSiCmfn6qzQ
dSsGHXDKwZA
dStRYnNfss4
dTPF2Ct1fKI
dTQEU23iFg0
dTUyW8MJOLM
dTlxijSl0-0
dTzhvXKIuSs
dU9eBz9QFbc
dUPMMbWkI14
dUY0ZG1x158
dUk9AMHOWTA
dUqbTXRXNWg
dUzMdIi68K8
dV8tFNm1EzI
dVRL9SCy3Lg
dVe1uybwtM4
dVtBgNKqNjk
dVyo0hH4WPE
dW-_6U3dO1I
dWVoCFOGm9M
dXC_LkUayog
dXDON_RWOcE
dXHW6oOXYhc
dXaBwyf6s-A
dXcp3pdOj4g
dXmfglH_AJw
dXqYRHOCA2Y
dYBJ-t92SgM
dYjJJ37_4_Y
dYz1mvSV4ak
dZ4ZS3SRJBc
dZEQhAvizdc
dZIyzqESZOE
dZjmORAjX98
dZkJd10feqQ
d_BSbGBySv4
d_C0IoJnk3o
d_ciESWf_dA
d_lfox36hUE
daOAsRCWTSg
dai7oUBUELk
darD3rTXXEs
dbD-G89pYlE
dbDv-v-ElHA
dbHFske4fok
db_-PIK_5Gw
dbjE68GOfFU
dc26fXglQvg
dcZO0e7Fiz0
dchdGQ3bjL8
ddOsvMh1ROo
ddnkadvcAm0
de1uDgtbpNc
deb_MrV-jJc
dedf1i5NnnU
deoTljVxeYE
df2sliEfC1s
dfN25dCN2VY
df_QzytM9NY
dfkOzyHL8k4
dfrBaNtbDTE
dgRerZZ64rk
dg_9wb1bSmE
dg_MIPqJmmI
dgb4Zqvz8fI
dgb5Hv1wREk
dgexJdVfq2o
dgtbZEDgEww
dhKbTP7b-KY
dhRbhUQHwp0
dhTmD9TQkEY
dhvvrv3M6wI
dic3YLOx_rw
divb7m1qYgQ
dixL_YW3dhw
djEIBn_BSXg
djQj6O1-gV8
djUBm4W32c0
djVgHhLgpNY
djdMcVfbj9g
dk-1GCKPuyU
dk5-mJfNq0U
dk6Q1nuibsk
dkISAPMaSxQ
dkZbGNr_1po
dkn3CDVTx1Y
dlXfFoBCUdE
dlbDJM7sIHE
dlf8VAvo7oI
dlqW00hd0pk
dlxY2B2NO78
dm8PRLU51Ss
dm8_Ssv34G0
dmB7qa_ccm4
dmRs9xUvjKE
dmrWSroWSVs
dn1g1AeuvVw
dn3a82o-xEQ
dnriDi5N7bc
doC7RNbQprk
doPSG15c3k4
doWow1Nx6Ns
dodtQWzuBd0
doeig19TZ9c
dozLCl5cETs
dpn4y43_0wk
dpyzMO4fKmk
dqIyukypPd8
dqQ9ZPZSxis
dqdjMFgJBjc
dqhIBcH1EKE
dqr6-oNROng
drzf4y_CRgA
ds3fUDRkHus
ds575SaGkwU
dsJOafxblhc
dsYfsGQZIyc
dsrTM71ARdg
dtclpPhEznQ
dttASVz9mw4
du8-Y6gMu-U
duKRZtYbu10
duQ1S6o30s8
duY5szgz66w
dugsr87Wye4
duoD5ljtRKQ
duskOuNj84c
dv72DRKipNg
dv95RqtceFw
dvC4yA28dKE
dvdfUOiYJ_k
dvt7pI4Q6JU
dxJqZWJxZWA
dxR2ipzSv2E
dxUq1qajskk
dxcBj13ii9M
dyYG0YISOzI
dyahntWExW8
dz7_Vuyx3jA
dzZ3vyL1B0c
dz_WF5MkiNg
dzaTjZbdFb8
dzfFDKG0CPc
dzg7lQYo_CY
dznOfvk4BJI
dzvEV-yNFxk
e-JXV4lGSW4
e-qgHt8uhD0
e00S8QyuxE0
e053iKFE2sU
e0M7hA3UAk8
e0hd_XZyer0
e0ifcTBk9pg
e0mfMCLiEbI
e0y6GvtEvj4
e1b_40-z5PA
e217foERbGQ
e2AnQctTxUg
e2N1LTSOolI
e2emCaHaMXo
e2nJ5qbIOKM
e2qcP22YTnM
e2qoP9D3t1Q
e2zjOLF8C3c
e3UqJGZWnvs
e3dfiSJAvXs
e3eIXHCu-bA
e3o8zTSh0e0
e3p8cMdanC0
e43KfoRJzN4
e4949i-IoZc
e4AS4grt2Vs
e4KTf8tEmxY
e4PH8f4D3Lg
e4UYQ6uXyS0
e4gDzdZr1c4
e5CmnxG7C10
e5OgGizRjJ4
e5QcJfxTM2g
e5lOjneL_kg
e5pD-RfLsRI
e624YmxpF9Y
e66UwVZY16U
e671RF8cRyQ
e6CY-TXZrCM
e6bva0lj6BE
e6dC4u_NbmA
e6fhtLfuDok
e70BboTv5DA
e7JFCB70rzo
e7Lzi3wwjYA
e7W47ob-Lfw
e7Wu8y5Tq1E
e7beuxB6KX0
e7vvdBu64cY
e8AHWlcD104
e8mE6lF1MFo
e90WhoxyMts
e94ufX75x0U
e9L6hQAeLzg
e9MP4hQ0vyE
e9UJzM2gK-c
e9pez2jdvhs
eADNSwTi4Vo
eAMi1NQKuww
eAw6C-77paQ
eBBsqNXKeVQ
eBCVoNwyJcA
eBTPStURjK4
eBWrFsYmfpw
eBXWnmoGXYo
eBiKVqfiyxk
eBuTHDRD9mA
eCDJhAkNVzQ
eCFUFdGWuy4
eCKrC_emENw
eCNjIu_C6aI
eCVBHuk5eHU
eCWyrkXUbuo
eD-sqt5rA9g
eDCZfOySTFM
eDDi6KXepE8
eDXzGGBe8Xs
eDkKamohtSo
eE0mIFNAphI
eEC5CxuP-nc
eETsCYwkOUQ
eEvS0b8JbFg
eEvZTxyzd1I
eF8sJSDPmFc
eFV40DqIbyM
eFid94zOAKo
eFkHqlv8SXE
eG5Wl6x_PmY
eG6SkvuR44w
eGNUnMqMRv8
eGSmvF5O6rY
eGZrdwatg9w
eGdAt8lGt3U
eGhdRZtsvkE
eH2y3fm2g00
eHExT8lJruo
eHG8MLkcfhM
eHv51cR9nn4
eIEDXqPRyT8
eIFQVN3h-ag
eIJnDrdzR38
eINJwjI6qbY
eIOrGPcjmsQ
eIPznTVV--g
eIRbCW3vH-Y
eIVWw6wjKr8
eIkqwaYGgHI
eIu-GTuWGzc
eJ40MC2cdjI
eJVYuHazM04
eJaFvKR_60o
eJfUzF7xjy8
eJlcguDOQRs
eKrtobv3inM
eLSaLqRtws4
eLfPLZxG0BU
eLmIc9UUiqc
eM0c7PB7fRo
eM4o64SewEo
eMIFheclk2U
eMsl-kuHPXo
eN2zndttGj4
eNO8tpPTiI4
eN_4tb1Jd0I
eNaYkB5mWR8
eNmuB7R5KWQ
eOCehANs7ig
eOUlxdtYIuc
eOZR_UHwXq4
ePJ6wwTJbt0
ePKAQQ-BxRI
ePWaxl1II8s
ePmRVv5WVi8
ePz15hFI_-U
eQ1Twp7QY1o
eQ8pucCCqok
eQOzMH--kfQ
eQ_C5iOx49M
eQjpNlVaEeM
eQwvufvdlRs
eRCOne4RLVw
eRRKniPS5vY
eRbMNgKvOLk
eSQ5qNQuEGA
eTEJOQv6uBU
eTZOAukmL8w
eTcNj1YxwAg
eTxh-jblENg
eU03rgtc62I
eUG1mgt2dPA
eUHqhTQMcnc
eUJWhaJ_EuE
eUKtVFoPPGQ
eUUviFnGnBE
eUc5dRRVU44
eUdSlu6MuxA
eV4HwoptmnA
eVJ9wu_3YU0
eVLpSeixZ6E
eVciKW6unAg
eVlH95v-BWo
eVmXNdtrGnI
eVxh9Y2fUZw
eVzlimABLts
eW1wFia3FeQ
eWADhYWn7ao
eWG-B2f3-RI
eWSPQXemFRM
eWdXomk5lfQ
eWk0kNTAxbk
eWqRG2m-gGg
eX-oqiiikyk
eXHkBrvH4sw
eXIkbb5rddU
eXKxo8Q8JVI
eXNVORbdDsY
eYyVklTTE1I
eYz9kslGYUo
eZQYxbEYsVk
e_B4wbdWp2Q
e_I9L_zK5hs
e_SMNwvIeyw
e_v3IvmdW-A
e_zW6fg1TPY
eaERMVIKeD8
eaOrY6LCFzQ
eaQ8BDkMHp0
eaXn28dlm6g
eaepfxYr5QA
eawIIwsogUY
ebJeXtzQKcU
ebMUfYeTOuk
ebulZBfey_M
ec7jNSQ5860
ecCndBn8g-8
ecKAZ8o_WJ4
ecQn-pjKbCs
ecRb1-eD08k
ecnQQqnPwqI
ed5ARvh80QU
edIiTt1OeR4
eeQ5YTk7HbY
eeoBscdP7bQ
eeqr-dsg1EU
ef0MWWkiF1s
efVFoOCni5A
effJhQcTsg8
efmXqCOsIL8
eg1drEE3iFg
egR4R6reJ5Q
egiQMVaSAhI
egk4zGjkqE0
eglue0tmRNE
egpd8pOxA5U
egwIMlvLjNA
egxagTmS5MA
eh8YMYRFGBc
ehTddIp9Av4
eheGhdAhglo
eiTNEfa4uzE
eig6MVuvpQk
eiqgfp0Dc0E
eisqJQp45Fw
eiu8zOQheQk
ejA5TmB248o
ejY8zg-HUFY
ek57zzgzZSs
ek8BBFEjDFs
ekJlWikDUjo
ekTs86xxJN8
ekqxLmVyEN8
el9xZptNPJc
elFrzTo-jpI
elOkI1EoIyk
elvOgPdkQfc
em3xBqjevTw
emDmmC3c0Mo
emNetbn9PhQ
emaQrbdDBXU
emexoIB1n94
emjluatLOIk
emuSzvD7DMY
emvHuVnwbJo
emzwKZ31w-w
en9OWEvf_Cw
enEM7qdezGs
enJc7KbEY3k
enXQ31oxeEI
enbOrtlbCwQ
enhF8VHlG8Q
ennTMNIO2LE
eo394BQdkDE
eoJKXnkSRDo
eoRC6JF-uWU
eofRH3PSrq8
eofu5eqpXYY
ep2Sr0xVWNI
epJre9moNbU
epZ36qs8vcs
ept8h1UlAUU
epu8JWmqjno
epuxD2p2mCQ
eq63N69Q7ac
eq6sY5Vr85I
eq95U5vdGGg
eqixct1S_f8
eqsskaLSVqk
equ4SEswCtc
eqvQiWcWyMA
eqwlrX4qYPU
eskBvnesFwY
esm4P8arMaY
esqXb0PqjUY
eswpOJqpdu0
etG4Sz_ZyA4
etHgbeYi52w
etW5ZOve2q0
etXuWyRcxIk
etwTxugfJQ8
eu1vzOj91Ro
eu8Lvy4NQJU
euZeIvnmqEc
evRROQMIgXk
evb453OIEeQ
ewKhrDSoLYY
ewMn2IvPJXU
ewgsOyIy2zo
ex7Svveu-oo
exCb5t1QUtc
exOCU8DKowc
exT2FSloSmY
exVEl2gqIfY
expDCAhXKJY
exqehKhq-ak
ey-2yUIU2ho
ey5g4qEpeSU
ey8tMHwxdtI
eyAf3KAy24A
eyU39LcsA_Q
eya5_7_o02w
eyrHwGgNSP8
eyxreq-6lG8
eyyO0my_KRY
ez5Tsnf4E3E
ezBGlJPui9A
ezCYK5gCCt8
ezai6TNFsy0
eze6ZCbzs4I
ezit6IWvzXU
f-K2i4YIcAU
f-QbVyCfVTU
f-cl73hXrz4
f-k9E-Nfh34
f-s9kne5EG8
f0FhOEcPdqg
f0eAlDCI4zU
f10Uz1rXxuw
f1DeIl7NuiE
f1JOVbNFXzY
f1tbl9P_qA0
f317gvBq26Q
f34qc2Q3sAU
f3t-Hv1cLB4
f3ydrmDr5H0
f3zCttskcc4
f4G4zMjgBaE
f4KnyLnPjt4
f4aWz2e7rpc
f5JbgVtW-W4
f5NdN2wU3n0
f5flqzhIBc4
f5vUpe6jHYo
f62SoB1wmgk
f721seIkN_s
f79IQwnMsDw
f8FUQfqLpqg
f8HRK4Ut6pk
f91yvAwa9r4
f9A_nOwwVmI
f9e5jwyEZOY
f9gEAnxvRVw
f9iskCd8yIE
fA8B_am4xW0
fAZw3-QYfww
fAefZSKkujg
fB2vkh_PLgE
fB8MperaR5k
fBSxQZ44u2s
fBcypLT0ngs
fC0HUuXknHk
fCDS9aoB3R0
fCPh1u5nZ9s
fCaV2cSEwgg
fDCKiSMVK8c
fDMpGWtFiJg
fD_frxjRdHo
fDcBMF17w6k
fDebgPVwUHE
fDefgFYP-PM
fDg-AuLbkbE
fDgjLknz4BA
fDku8tuhjg4
fDtpgt2bPnU
fEQsHvx7tgw
fETefOnNQwo
fEXKKOTh13k
fEYiOsyoJ_0
fEad_XYUwPU
fEisUWlriLI
fEm6pYqjdXc
fEtxlfvhjXg
fExI1Of9wJc
fF2FSTIY38o
fF5eUOANL9k
fFLMCyQlQeU
fFMGPy0OalM
fFWVSrgW77c
fFlVgMsxHNk
fFmYbYls6zg
fFse-HRAr7M
fG8zuGDNu0I
fGLXNCMP42g
fGNpMoDkkEU
fGZx77jo274
fGeYp4iFuv4
fGxLOPSswBU
fH17EeI25xw
fHDCRT_y6-o
fHLKl3FHa8k
fHT18RmhOLo
fHhx7hS7SY4
fHt-W-F_k_g
fIHIizD9eTE
fIwlB6Q2cqQ
fJY5uesznw4
fJbzZARxAqg
fJj9SgJsH_4
fJvcld3yqhk
fK78BwmFO00
fKDLPjnE6ZI
fKJ2SF-8HaM
fKKoKAPpsHM
fKpkMJ1l438
fLBeQbBLZac
fLTzYo5I6Hc
fLX2bY0Hvso
fMCKuVSb_FY
fMClkIaw3PQ
fMJvP3B9IZA
fMhZHX5BudU
fMmi9Z6iAhk
fMuQ68vpmZg
fN2P1xfPqjI
fN5tHPQ-axE
fNDDrc-dk4w
fNJxfp-wQEY
fNPc4TceAS8
fNTnTsotI-o
fNWdp7rTozw
fNk6x--YZFQ
fNyGhix2i84
fO3xFpor-xU
fPebfZLE8KI
fQ0kyRNlxiY
fQ1JSZtdtzQ
fQ4SJdm3d-I
fQ7cdroFzgQ
fQJRmKtfsoc
fQiQBmlQ3cw
fQwGap0OH9s
fRzmGEsRRnc
fS3xnexPkCo
fSmtkF3qddU
fTxqMKE4rec
fUkxACzut3Y
fUuMKu7SlTg
fV4d_4sFyb4
fV6z0AYqX64
fV7jiEIx_Pc
fVDohPhRJzc
fVGT8hhyGdA
fVL95DzJmWM
fVW5iagxhSw
fVWieviOYkQ
fVeW1r2g5vM
fVh8rt28BnM
fW2kCkybs1E
fW4TnHiUEdI
fWEiQLRiBKQ
fWvLgD-hPio
fXEdhGgK6zI
fXGXBLDqQ0w
fXI1afd6mb0
fXOzQX71iwI
fXW4FsNAR_o
fXXGEcFGzag
fXcWpo9WpK0
fYEtOush9Go
fYotHyiPRXM
fYxu15Sx3SU
fZ6JAMA0XjM
fZBQm6VBwN0
fZJNPkhe-mc
fZQuhyUnSKU
f_-9Pgmt1is
f_9ULblg0wI
f_EhajNcJOI
f_OSpcQKoQY
f_xTUJyxwgE
faDOgCxHCN0
faIWhXoam7Y
fb_haqo6F5w
fboikuAKSZI
fbrHsTRaD00
fc1IVLM0SpY
fcbJQLG5y5I
fcpIAGZEetw
fdEDjqXKPZA
fda2481PdrM
fe1C6N73nnM
fe6c-AT4TxM
fetIpuVx1AU
ff0Gy2oNyO0
ff7KQRBJG78
ffFDVwttng4
ffanbB_22Yo
fgB1QtXmRLo
fgHCh7OhmwU
fgRPFZjvKws
fgg0-Px3CFk
fgvPj0ZxA3c
fh5QgVMGpfc
fhKl-GT7yBw
fhXjSYqKDus
fheHCdpFZQI
fhoxqNyZOiM
fhy83OjGdH8
fi1symZ8qjk
fiO1ZT5TOLo
fiZyasfBkQI
fiujPDSba6Y
fixqV1ksI_E
fj61xd1T2kc
fjNiCp8D4nY
fjZ6uIFzIQI
fjhq4nqBfyQ
fjjrncJd8cw
fkIiTurdd5k
fkVQr_lTxE0
fkiGcTfYT6k
fl7UInUcN0o
flO1ZIlQxDU
fmDoxhVUdEA
fmKHIPxGx4Q
fmv_aQoJXxE
fmypTLmaBwc
fnANEt7uC3w
fnBHHDptvgI
fnDW9HEs9mY
fnFNuVoKmrM
fnHOMLQzIMc
fnTn-iigYIY
fnnGEUG1xos
fnqMjnXS4mk
fo6fraXzU68
fp1k6q5LSFI
fpRJpRGtJDw
fpT3cPXjqcg
fpd-ngv2-uo
fq2DwfqGKWM
fq4EcgJGcMk
fq7h8kF4jMY
fqYdH8xp_TA
fqcFeXk1HaE
frHLyMHfObo
frVs2G22L_o
frpMS8ygxBs
frwizv1spyM
fsF3cnT09x8
fsGNmZ7RcSg
fsUuwsrV2t4
fsria4lbqrA
ftJUXQVsqZY
ftPBadQbPlg
ftR89fb2pLM
ftRsK34EzHY
ftSPZt8MV4g
ftd-qggFQaE
ftrUT_gZEN8
fu0ku8Dnx1c
fuAOtKngdoc
fuBwwC_qvnE
fuDQ2o0NJ9Y
fv9mbEgf4tM
fvlPMPFjoao
fvsLpzyWwjo
fwCONlKBu3c
fw_0keJ76qE
fwllq9YUJtw
fxEp4neQFbE
fxH8qr9tAjk
fxLMSQZiwvA
fxMQpsvOs8k
fxU8HRl23X4
fxWnOtGfWHU
fxX2BTo6LqY
fxl1hOuoKXU
fyA9osRtxcM
fyKHtWxinQ0
fyTOzywt-Iw
fy_3zQv_8KI
fylqaTQ25z8
fyzEc6XZdqw
fzJpsH8hPGM
fzSHa8o70Tc
fzVRik2I33U
fzd6KOZy0Wk
fzpA2rTh9Sw
fzpIY5ddIG4
g-7CrvR51HQ
g-OZ47D5q9U
g-aWDiarl6I
g-bO0L0Vyu8
g-fEGXRQi2g
g-g-hSqKTno
g0-caDKYFVY
g0CuFveJyIY
g0_5vnRjQF4
g0xOfnx3zS8
g1-Qf9CWl38
g18eEM3D7bg
g1JksvVwJe4
g1LIMB2NySo
g1YiJFza7pc
g1eb5En4RMk
g1iFuzNxugg
g28asBo31ps
g2NzbqhqKug
g2ThJzckUJ8
g2aOSCV7VdQ
g2b534Tmn6U
g3lMG1wGo1M
g48P1CouHjk
g4Se7MXTjbw
g4Z0vSTdiV8
g4dBnqnGk9M
g4jUrbvpxZE
g5MfIE2Iq_M
g5n1yO4hlMk
g5qVBDcBEmQ
g63ccqeyUz4
g6FrWsgvvyE
g6XKjBgZoVQ
g6lTbNgj08g
g6q0bZYvvw0
g6rilPO6AKk
g6yZ9agTjYA
g7Ng4mxklys
g7nHqDvR-Dw
g8hcMstLmM0
g8yvA1sJtTo
g9-YqgNBGk8
g92DNq0WgDU
g9FS_NAXvtA
g9sWPrC2Iog
gA3KgD0FkJ8
gA3kGyqMcV4
gACjyaLnl2E
gAPiv6hQAok
gAgruXHDhwY
gAjem7Rh0-A
gAmEn39R80E
gBJE0vUIFFg
gBYJbbNXzJE
gBclSR_S5C8
gBwT_xnoZPM
gCAjdzUVrCg
gCMHuJL_RoM
gCQBi6UIK0k
gD6A3ZtP_xY
gDFArl1kxlU
gDn3HrTfvUU
gDtcUejJS58
gEIi6AW0lb4
gETwexuClUo
gEXpeWIf7eQ
gEfVyWgYdXg
gEqCtqmdbrY
gEtAqZ4hl6I
gF56VYzpQPE
gF8-EvO6cs4
gFCscbv1G9g
gFP2kWZY81I
gFeaVyn5ONk
gG1UV1ok1Z8
gG5abwgyX7k
gGPBDAh1zEk
gGXI6r8ZHfg
gG_nyURmOYI
gGmnJPVeUJM
gHV6DqwuqUQ
gH_LyEJN7Zw
gIIpe3o-28U
gIVmbogvkDQ
gJAiIohhI7s
gJKRGGIEqXw
gJbJ2XtA9-I
gJdXn9uizW0
gJnXMZYvOt4
gJqIzH36e6E
gJydXGQgyII
gK2sp4az0Ac
gK3MsG4vQwI
gKeYkNKTROY
gKrfbfvZFsA
gL4m5P2pUHI
gM9l6JNfTmU
gMTObuA-Lm0
gMTo2u0CozE
gMb7x2iqzCs
gMd4JOGWLwg
gMrtRHmu7wk
gNIH-F8pbDw
gNTQX_xQMWw
gNwsVSbbflk
gOFZo59fS68
gOf1t7Dem2g
gPDtY8tFIw4
gPZ3F-VNv_w
gP_JDThPuGs
gQWtZ3MWX8Y
gQdjYUIN-LI
gQt-9DlhcSQ
gR0eY9Cuhs0
gR6_PeLkRJU
gRGy3l_vmVI
gRLVBDRVvDI
gRfrUdsL4Pk
gRg-O6Im5yk
gRhIe3nDaSU
gRr6gOpDLQY
gRztRC2lpyg
gS1bP5yBstk
gS3FB-b0W0U
gSCDZ_qiJkk
gSP1CT86tDI
gSV6YR4EFH4
gT5L14GACjc
gT8Ay-SnRM0
gTB9MvyELsk
gTQ2ynHCgXg
gTSZbIBIYUo
gTThUCPbuA8
gThjc_MtlxU
gThzVdkyUgQ
gTm2KK6q51k
gU-YmleAzps
gU5Qlgynhgs
gUDwE3RN_Cw
gV3bSCmibYg
gV4aN_dKlvQ
gV6Q8uFbaeg
gVDP8bipnN8
gVDcxC5abpY
gVGQXBzEDCc
gVLcuA2cfAw
gVNlpAB-8iU
gW4dbP9CIlE
gWHhT637N4Q
gWWeRqfz_Oc
gWarc3d0NHk
gWbJn99prV8
gWntvPeLnZk
gWrZ_HX3qAU
gXa1KEdbkWQ
gXaJbu6M5e0
gXdj4DwYuEA
gXsEDl4Owx4
gXuHoi3yrb8
gYWXFer1-Gg
gYi7w4GYIhU
gYk3ixwV4C4
gZ8TYDi1Uk4
gZA7UrGKQ1E
gZAD_BQbsuA
gZR9VMtZXzc
gZUvJqdRYSI
gZYN9QnzWZI
gZe6x9bEDHs
g_G50m9xCCY
g_HZWPN6XZc
g_pdmW8Yz_o
ga4xDIN-5UU
ga9ha5eiKcI
gaE9j_4X4E4
gaK6K20yspY
gaWByzh4iR8
gabWUwUvZMI
gacAhbDtFfQ
gatjPRaZl64
gb-xwblE5m4
gb84eLU_hBY
gbH9ophM0oQ
gbKIcqg7Q4A
gbbgvi2xw8U
gbn-1o3VWHw
gbnk187Atos
gbrNP5WW7Cs
gbyW-mT6UE8
gcVTIu5lMoI
gd6PMXGtbRw
gdI0nEKXqKk
gdX4lgr4fxE
gdei9gIY-Ms
gdkJsPHg51A
gdrUCczrQZg
geDd3lnIT0s
geX5AD_dgvc
gg2cXh5qdEM
gg9PahAew0E
ggJK_5eQ-Dw
ghA5GnUWdcg
ghJQM6OztUI
ghNo8evVhI4
ghvzDyGVtdg
ghzj9lzitxw
gi7EQhlum-0
gi9yt3yXzL0
giDKap-765c
gieNBZOb6l8
giv9lR_3I50
gjJ_B78DLeg
gjJnWmA2GP0
gjO7ccYlMoI
gjUY01VsNkk
gjcnc5eATJw
gk902hBLzEg
gkPal_AynKY
glKtoYtfr7M
glhemZuwsms
gljMpK2YCoI
glt4SykkzF8
gm5rEe5sHWw
gm8W9ObXzcw
gmGd7YJ0oWo
gmQ7jb33Bas
gmp6Durju1c
gnFYsyO9i5M
gnOb31XCDt8
gnadl3kHh10
gnkgVJub3_E
gnlwUOUArb0
go5qY400T-s
goc5YmidwCc
gorRpvIqoJY
gorfVBsPl9c
gp9Cp-35Dv0
gpA2WmDnB-E
gpBM4z_sy8w
gpF3aN0t7KY
gpQOGCc6A3g
gpjJl34UYFg
gplIxdzVt4k
gpv1M42K5hw
gq2lSkrlyC8
gqTB1T07YEc
gqnYY47qWAw
gqsIur8Vd0w
grn7SMp_EDs
gsNVRphhW8w
gsw0GHE3FjA
gt3U4HA6EL0
gtUUWJ6F3CY
gu29QI4J8Jc
guX-ppVdQIQ
gut-rf8L22E
guuDaXAw2hk
gv5cYwqCeBk
gv8vMy1w22g
gv9_u3iia0w
gvCZtGXPcuk
gvd50hxS2r8
gvrzTXWYOjM
gw-jrrIo8x4
gwEqO2xFyyw
gwGUaH4p9us
gwpEnWTt4EU
gwqZKhDQNZY
gx4nhHhBz6s
gxMAP911VnY
gxWu4LSTVEY
gxnGZAC4OtY
gyGzcY9abfM
gyJRMOt1PWs
gyXo6kkrJlE
gz3lrbxCJ5I
gzPzq8TZtow
gz_bjXsVeFg
gzhPlgiqnsQ
gzk_AyNcEzA
gzyyM-wYs88
h-2J4HV8Z8w
h-KMD-18o3o
h-TAnwex_ME
h-kHkR4WxY8
h06aTsPb3cM
h0Zqbr8dPeM
h0aqgUIRiU0
h0g8BgUEkdA
h0oWhqO9h5M
h0q-7ASLmNw
h0s-HmTnZGQ
h1AlVX9nlVo
h1HeS-IlhsA
h1MzP5Uz-U4
h1VF1g730k4
h2BxpmZ-NSI
h2UYz9yL8CE
h2ZhcxuvTB0
h2mdL2dEqIs
h33rRSXdeu8
h3Jc5-Ll11k
h3hcEGDnG5g
h3w70PZTxYI
h49RxKdbgHo
h4Bi6S-sY2E
h4DOlcHc-vk
h4WlpTE2VTM
h4a7kXYYbX4
h4aCCI7o3fs
h4pluTyvFN4
h4sSdjipCNI
h5Hs5aKa32Y
h5N48_gchps
h5W16vuP-Nk
h6QGVlSSL4g
h6oLDfeqsI0
h6u5mlrOGqU
h6wxrpgpd7I
h70J646d9PQ
h7CFx3M7q4o
h7P6Mvwslno
h86PTXoPJaU
h8PudkNDwYA
h8QgvL-q6EI
h8U6k4Sgmac
h8_of67iNm8
h8yQeEo9hrY
h9vzbv8V0NU
h9xFAGAfgys
hA-lJTzffms
hAG74hFC5c0
hAL9ToC4AJY
hAOG5RuML3w
hAesVEnzA-w
hAuur7IlhIg
hAx7j10Tyjw
hB7ePUMltrU
hDNNGj7DGM8
hDP1QgQ0__s
hDQVYllnAMk
hDXYyvOPotE
hDa5QA2Vd0I
hDaymYJYUZ0
hECqW4pHK9k
hF26UM9JlAw
hFC7HASXzzU
hFFIZXUxx48
hFaaQuIjv9c
hFgL5pEVPm4
hFwOlPA3jVY
hH80udOmVpA
hHko7fCjRRk
hHwMBp4bBM8
hHxEoLTtLt8
hIG_NwoKOmE
hIZBoy2i6wM
hIsmvjD83VI
hJJA3Kq8DYA
hJUJvPYPC3Q
hJUQuryilUw
hJYXRYkTW1E
hJizL-WlD0I
hJsCDHi6bVg
hJzoyxeTofg
hK0UEFiPIUE
hK9BGwCtlNw
hKMLGYNLy8U
hKMPXuxtmDw
hKU8MkT6bjw
hKWKR0v9HEk
hKfLtI7Pg4Y
hKfvrYKRCpE
hKuXcfX7UeA
hL5cb4ghOvM
hLNZGox60cg
hLYkc_NN0to
hLf7jiQ7GP0
hMROQ4d_uz0
hMVX0iMe0nk
hMjBpOteVso
hN2kRQG7zLA
hNPLHArmsho
hNYnD1Uc8p8
hNfcQGLdWVs
hNn8fbvaOgk
hNyphBMpZdQ
hO9PaCp95c0
hOL9llTSV5g
hOMvs_1UFCk
hOQj1BuHyJE
hOSHfRrfg64
hOj0a0HcOGc
hOkVjq-Wc1M
hOnoXTf_9Fo
hOxBTjVCSLA
hPGLatu8Ci4
hPN0RhEVt18
hPNnryqPR_Q
hPSaKHzflDs
hQHME4opmPw
hQNBkM6yXM0
hQXW4LT4YDw
hQhv_0mLm9o
hQnvR-EpHV4
hQxOK9raHbo
hREpUWmwcNM
hRiQqP61RK0
hRxsQ1KSDzA
hS-MqtltR9c
hS4iHpHYJec
hSFFfGYT4Hk
hS_4fKWq8X4
hSn--SK5tRk
hT5SuugqczY
hTFA8QDwcHA
hTJeRlpWCmg
hTkvDDWckI4
hToIX4FMYx4
hUHlrIzr-Ls
hUIlVu-CO5U
hUKLyYrQEf0
hUNTrob8KZY
hUuVj896vuQ
hV6n-QO6n_M
hVN7LdPjWYk
hVX6iHdyBjk
hVpEZQuZL1k
hW0DC9ZBYBM
hW3YQRBTrUc
hWEAX43pUO4
hWH1aQUGCuQ
hWKDNnyJNtY
hWR2_VYCKAw
hWVBho7VRsw
hWYAuBp2uJY
hXCbqwmX1_o
hXJpv3RgD4Q
hXPovNYyDHQ
hXUT4uIo5cc
hXUdkYZOc5A
hXe-rjQvKxk
hXgDWioWhWw
hXn7C7q-E3k
hYbLfREGH5I
hYqI8W7HGOM
hYzJSdJuPGo
hZWp0gMd4a4
hZZ5-PkXccs
hZmcThG4i3Y
h_2WS3bI3ME
h_8lII3dYOE
ha1vlZRSVbs
ha3AUizsEDI
haB6zbhQgOI
haDkndHEniM
hah4MqYfVVY
hbOVJNNs-7A
hbjqZ9kse3c
hcDVsmKKQyk
hcDzBzXakPw
hd707uSpDBI
hdZulsX-foA
hduE9YS16GM
heG77s2spz8
heMD4nigEAY
heTPln5rUMQ
heW_mAt5i6Y
hevw1cal4sI
hfAYueaI-4E
hfCloHQ1yBg
hfQbLpcReYU
hfSftNvxUns
hfWZN68ci90
hfYuvXTSp1E
hfljsu6fMtk
hg2RBqXfVUk
hg5jPV-YSPo
hgOYeGJVHhc
hgPiZ7BiPfk
hgVV622l1kE
hgZ-r9v2_mo
hhCqEfI1agM
hhHYVZv5yvY
hhJc6m7y1lA
hhUw0kuMCGQ
hha33xlX9Eo
hhayOQFpm1A
hhfKd0IGnLA
hi9ya9ypAsw
hit-n3CPW2E
hjGkGT19bvU
hjLMDSz7rO8
hjO5F1skajo
hjfidwjwvtY
hjjAR3hvm7Y
hjnObACQ55E
hk8Ms6rOYYs
hkLtnIyO48E
hkQGi8JAI6c
hkfqIzumMbI
hkpbIgHTCd4
hlDjahd-8hw
hlvxy1OfBXU
hm9AXfR1sgA
hmE1yWF0ZNw
hmijU4-lMgY
hmn1qFwtNl8
hn29WFj6EOE
hn4gN2k4x0k
hn5r_o6FVu8
hna-xLsNvz8
hnqvrwunRvg
hoVVpA8QqYQ
hocaWQrbQEw
hp9Xc733BwI
hpAiybO5oUk
hpWa3QU8-xA
hpe7sNJKmL0
hpzMdMxNrc4
hqOCrK2L8Ok
hr0C_D2Jbew
hr0upCTI77M
hr9bVVVcttQ
hrJOYbNDr3Y
hrXP7X2pEOk
hrnYqPoXJ2s
hs0DKV_do4g
hs2hYDRY1YQ
hs7Ui1YJ1qg
hsHgLwqijoQ
hsZ_h5_WVQg
hsgusm_TKBo
ht7zo-q-FkE
htK8rhViCvI
htOi5XumDrI
htV-PTX0cSc
hu5YzMTeIdo
huBYnkDtwDs
huF979DodU4
huQ_loFD1PA
huXpUcBU-L8
hunuhmh4lUk
hur-Lkoix8E
huvNyRKMaO0
hv6-zzb0j9Y
hv9_zoJj5hY
hvBaTeJoKlU
hvefS-INGVA
hw1uuNZv-mo
hw9oY236rAY
hwodIpVrLiY
hwu_A3lQCGM
hx34EXg1Xtw
hx8RNfATM1Q
hxKQetg8OO0
hxjbgC2nLm0
hxqiBmh5c7o
hxwUtJjoNY0
hy0vG_KVvQE
hyMsbPYbeQQ
hylKNINr44A
hyuc1VSiWy4
hz4DsxCxXpE
hz54qseuKZ0
hz5xWgjSUlk
hzYHM09mZyA
hzsIYI2R3EQ
i-wwwkfKH4I
i00AQezmB4E
i0AmOjAFAJY
i0ulKIy6cy4
i0wj8DRV8MA
i1Au_QvpIxU
i1NOpUdBnUo
i1X5iTkbkYw
i1XdCtdDJUs
i1cJEN8xj8M
i1n2zIMIb_I
i2Ebv1V1soQ
i2WTMH-K7T0
i2ymxgk4xLQ
i36mq3rJqkA
i3KTaKgISV4
i3LFJnVm2Jc
i3lilyB2RGg
i3yW_EJhPzk
i4Vu0he6qjA
i4dZMkqYovQ
i4yC2UGERHc
i5-C1xS2TQg
i57LI4al9No
i5G5mJOwf-w
i5W-pyuKuHA
i6F6_iZO0GY
i6b0MNWfAqU
i6wPRSXG2zw
i6x7TN9M410
i74nDd3cjt4
i7J4nk5l-78
i7MWYUgLVGw
i88IpS_2naw
i8RLV2gtYf0
i8oHqLCm7HA
i8sTSTlL6j8
i9UjVLGVeww
i9bgMo28pvo
i9hXNQkCT7A
i9nHRfmxHF4
iAFF_HxMiik
iB3T_fbVHlM
iBnBKvwX7GM
iC8jGM3BLzo
iCJZkrRMQ7c
iCb5CvEKKJM
iCdCdfk-hmM
iCdWQ7SpRTw
iCdltZVrJ-A
iCo-_XpaFEY
iCxQep2X4OI
iCyS5LssQ7I
iD5NaV5XZ5g
iD8KuFk13dU
iDLIjYSXUdo
iDNiAyF24yc
iDp0AS_ZB-Y
iDqX6VIlk0w
iEN3sTbw2Ew
iEPIheoM4nU
iEv3Hem7i9I
iEz0__3D-_g
iF3t4FHU1aA
iFBaN2wmi18
iFCd-1ZJN2A
iFFm6pzmQ80
iGJIUuFNOxc
iGT8_iFTrmI
iGr3c1dCm74
iGrj0q28Zbc
iH-EsTQBg8Q
iHXm7Y59WUM
iI2TxmzHe8E
iISzK-fvwvI
iITbUcAWu5A
iIy42zhZzqs
iJK2htfGIkQ
iJRl3X7vDhg
iJgOZxpY_P8
iJjOumwA134
iJxrxl8HwAc
iK4midZWEF0
iKBwNJGGBNg
iKGxdMBTtC0
iKH6S7gKol8
iKQCoyUzc2s
iKoyFYmF-wk
iLOwP7jRp6E
iL_2bQoR5ps
iLgyJuYigRU
iLnWaW5ALMc
iLwYC27f9rk
iMFbQRxy_Qg
iMbW33aDuSE
iMtkMKWqFVs
iMvUGf_d5hE
iMyqe0pNtZI
iNDaNZGHRdg
iNQZK1dsbAg
iNbyS0jkRHI
iNh92g7KSUs
iNsyO_xxh1Y
iOibDu2lL_M
iPLdbBc9Td4
iPSrzJc17AY
iPTFu2lDiDI
iPkCzdfmK2g
iPvttXuQ7g0
iQARikt7qDo
iQa-2QlTvI8
iQio9YXTWN8
iQkGTiQxKXY
iQnHg7M7Cug
iR3TehZ4zj8
iRJiVac9sj0
iRNVUNorGbk
iRX2sxCDMXk
iRjn3f83LEw
iS2OsDkjwps
iS3JXRWCvOk
iSFSl4tdBgk
iSewhiRiwv8
iSrOfyOhy0Q
iTBQmaNQFRY
iTCflVb-0bU
iTEVwdCIl80
iTQf1Iz4NMM
iTx_vCTSikA
iU_k6qH3UC8
iUnLZkFzdn4
iUqmqzbUJRs
iV1uTtMQh4Y
iV9qFjPxpMI
iVZcjhAJ1m8
iVxszPC98Hw
iW9xho_8bJ0
iWeaQT7Ocnk
iWwZzCCK0As
iXK6tccN5ko
iXcGi6lwgZo
iXcOTUgYV6o
iY1ierEi5Sw
iY4fTrMjxtE
iY6c3RnzfQM
iYNy5adygAw
iYOgSd7NaBQ
iYfjBvEYe0g
iZ248gblkQs
iZHjJR6khQQ
iZbQa7Zs5P4
i_OZhElWx5E
i_xXIFbKdMU
iaKSnIQVI08
ia_oArbkhD0
ibEu9f5WXXw
ibJ7KhgaVks
ibb9yepQuoI
ibkzIYUAz2Y
ibldRGncOFo
ibnGnX-sFGM
ibtYO_XHc18
ibz6yNcswJ4
ic3ryp9Zh6Q
iciuVmxxXaU
icmdU-LslLY
ictFbsGFEwQ
icuY97kBSX0
icvHP2noOdc
idBQKXAzss8
idEe7QQ8hbg
idK3iR0bRlM
idLPjAgCs-s
idPaATn5qV8
idkWKkggdLU
idqw3tyyj34
ieChY_A5KHM
ieGwYf-8BOA
iejDUPFNGOg
if373Slx7eU
ifBdmGgEOE0
ifF054IK5I0
ifSFf-hYAYU
ifqIcCL-tBI
ig-K-rlqA2U
ig1DzfzqzEM
igNeSo4IXLo
igev9QYzFlQ
igurF1K79cM
igwDb6myx20
ih5Y0h8XAEI
ihIvq5S8eSI
ihM68cmbBY4
ihOXflA7wTs
ihSBoFhd4aE
ihUzZby0M64
ihnb-yApAMI
iiUvF5iZkuw
iiWSCUMOix4
iidi8YOwzmo
iiw9_vdHLgc
iixaex8JWDM
ijCu7-DNErk
ijZUFCd2Msc
ijx_yrD4EdE
ik1dHdu7JEo
ikSG82SansY
ikgRKbhdWu4
ikiE86hY9z4
ikvaofLibDY
ilA0XBUpFxg
ilA9FLDCRdc
ilAp_ePjOkw
ilL6SBCtVE4
ileEjfxpwQA
ilvGfXKAEIA
im7MrV5p3Ss
im9qYOzLUcw
imAFK3K4xz0
imYXAOS0IQE
imfBuP_uHbc
imqoP_G4Dz0
imxzpCTGgsw
in5JB8Swp_A
in7_PSZxfuA
inJJz_1Yo-E
inKBsXQaIY8
inc2Dcii3kI
inqiz3IMbnY
ioUapTyIAKE
ioi9jX9cf4k
iqHb2_4aR30
iqHdN5rqdm4
iqScWTYl6SY
iqpDuhYE9yk
iqtLMdwunc8
iqxvDX98SsE
iqzHbg0ZpLc
is45aL_-AZI
isgywOiyrnk
isjQ3L26rb8
it0VoAuJA64
itbEHqqsm4o
iuEu7I3vLbQ
iuK2f2fGFCE
iuLpofmwEk0
iucBqmrggWw
iueU8j1Pbp4
iuh-CO_X02U
iv1xWB2Md48
iv8M9lfY6mo
ivGWhcobqB4
ivqbusFHhJg
iw5uVAsjw7Y
iw9biDIuraM
ix-0Duee3ps
ixMBOxSs6LA
ixMjyK4EE6I
ixR3oJwXjic
ixWdRTxwJag
ixhWfHghJQA
ixk8E_HHyXY
ixqJhvQTULY
ixusIQXtDmk
ixwcTqT58KU
iy5dKbWE4gY
iyMnr-JDDCw
iy_20_m-MoQ
iyjrriKZuBM
iz3z4m4xT8E
izWA8LrudNg
izq3iSMeqlQ
izy_LC800zQ
izzt767qRl0
j-0DG7zInvs
j-Fst3cI8rU
j-Kt8ycER_8
j-tFWjG0ww4
j0OCkzP2Aug
j0WePS9sDH8
j0q8Tj0Ue_g
j11f3gB-1QE
j1ocM7npqLU
j1q8nHrBTJ8
j1yqUj_jd54
j2MbJw8rW84
j2RH1OJNU10
j33YXVs50W4
j36H9v6Tcpk
j41a19BdurU
j44dbKm13Wo
j4TJBxQ-qJQ
j4TS4bR_JI4
j4V6Fir9OSM
j4Zi7JJMgCE
j5-ZO2taxIY
j5Bl2brB3DQ
j5y5oWY3Bkc
j69mbmRn4uE
j6Gm-NetI-A
j6GsRHFqCsw
j6HS7QdSVxI
j6P6rCnka64
j6eVctze8Rg
j7a5Ft5pKKI
j7hME_jbhuc
j7lHma4ConA
j7sDICJl2-4
j8KGrbL6kFk
j8UK8IqoDvs
j8skdHDdrT4
j8um3P7tUew
j9YhPvLalcU
j9b3MS9hcNI
j9sHV0Uw7bg
j9tNl2XqSp8
j9y2rBVIJ6g
j9zOkH2XpfY
j9zT2NvuVNU
j9zyAoRM-FQ
jA8kfqs_bZg
jAW7DTsOAts
jAdF1U3SZyE
jAqWYVahXyg
jB7sY3FzsEk
jBE4v88n-hU
jBbwi8VZIjQ
jBfjcLQ80NQ
jCbBb-z8BGw
jCtk7WiZ_Ys
jCzz-7q7Q-s
jD6kAVbazP0
jDNFOTmGkH0
jDNQwEMSvAE
jDOGWNVZnGU
jDa8bFxuD0Q
jDdHgdc_3aA
jDd_iZXEgS0
jDfraeiIAoU
jDh9UeoIOjA
jDnBKLtRVpY
jDo8BfL53KQ
jDyxbIcMtEw
jE8hwt5YRsg
jF5mn05TyTQ
jF98jR8yM5E
jFAUprsWEHI
jFRtgsk291Y
jFS67Q1VAPM
jFaeDO3HUc4
jFcxHX0OufQ
jFgg0kaPS4A
jG5_wVgFYG4
jGA-4Bt2sVc
jGH7BOnBLIA
jHNJiuCBTvU
jHh0ilOj-N8
jHi3TU9WQQg
jHiBTiqr61M
jI6bnNldMD4
jJ5UNHdlnqw
jJPOdOYqvHM
jJiygIxROPY
jK0-FJJ16Bg
jK1Qau3oasY
jKP4T7QSpEI
jKWQQbHyRA4
jKajWRquvtU
jL1gO3FL3FQ
jL2KzQxOdQ4
jLzLESeQzYE
jMCWu103bkM
jMMhFC9I20w
jMblVXR_dX8
jMby7fM66KA
jMqE_YRX3Gs
jMuVjW6lc9I
jMwDjSJ0LtY
jN-iKEFD74Y
jN5ptt9RtAg
jNThDiEF2l8
jNUgRYgbfeQ
jOFlAZhJu3A
jOMm3HXwx9c
jOfV-c5mcrI
jOuS85srB_U
jPGdk4JQ_N0
jPNFUWdjvo8
jPdcQMMdSss
jPeule62XmU
jPlhuzx2nPo
jPss9R0QURM
jQ0gXf5BJO0
jQLI1LDP1gA
jQMFkjeZ020
jQOWaI6vuzQ
jQt52FcsMJQ
jQuO5nm5s2k
jQy5-HpERyU
jQyjEaoUPvg
jRHhVtChsRA
jRafYs4D6AU
jRcGj1koQC8
jRdi8apYK7o
jRgVNJ2H-DQ
jRkiSNZVc78
jRknsIgFWg8
jRmWpP4TN6Y
jRsKjd9giAk
jRxZOX8QyMI
jSOu6x1IIww
jSfI08ZD_n8
jSlZ22CQ7Ww
jSsGh--nBzE
jSuU5eaFAoY
jSvfjt740v8
jTEYsEeu12Y
jTd7SXoAEBA
jUkRdSGEpwI
jVD2ycS12mI
jVK0VnqUC5Y
jV_4rI9H_Kk
jVeqVTtCW5w
jVf5JuII538
jW1DnUz7L20
jW2PPBjtPHE
jW3QV27EtdA
jW9B9SYpuVc
jWKUbWNT_pg
jWXGPfD7l2g
jWXTArexcS0
jWkQ0BGDrSA
jWrw0iW3vlA
jWyJUdKO4FQ
jXHLTyDlg6Q
jXqYs2q4VWE
jXw_NQTXwEM
jXzmsnRNVic
jY33yS1dm1M
jY6ULdvdMXY
jYO1IjVyq64
jYSTWpWuGYY
jZSmvtN3kTQ
j_kW7bXLT4I
ja-ru-QwwGY
ja1VDIBtlHI
jaU2CJryOzo
jaUq7AZNSLs
jakRA2bDg0k
jalLq0q3XYo
jb16OZcHiUc
jb3e1YEIyPc
jbBzWzdTxWk
jb__Tep44Oc
jbn6bOr_kt4
jc1YU-okxf8
jcbz-Y2B3Mg
jcj9M9vuC9w
jd05CUYDTPc
jdA75EzdPEY
jdP-Ia2-PEI
jdVbcUpPkMI
je0CTwJjcMA
jeRTpRBXFDQ
jenGzZzatx8
jeotv9jSAQ8
jepVjJ51Nd8
jesyiWtbwRM
jexrR7-ndR4
jfL7OGXWo4g
jgNdIO63uiI
jgOaSz-npEY
jhgFmXU87aw
jiPW-xQYJg4
jiwoSyjNDAI
jizJWVXLEhs
jj3rc9yQu34
jjIFzz_EFx4
jj_oL9H9vBs
jjcM8-Pt9y8
jjkuLspk6J8
jjnw9g7rq5E
jjrlrltzm0w
jjxzzOpRsHY
jjyus8kndgU
jkHNkMwsz38
jkUjY36-SME
jlGLY6QywIA
jlSzLkqGPUI
jnJ2s9gyR1s
jnMuScE0u9A
jnk0QwAxeEY
jnvvHpSvrj8
jo_UyYw3CGs
jopylaC-1zs
joyGTvbncl0
jpXnwE-h7s4
jphdLnbsGSg
jpxDtu5LFEs
jrBpBj-AqQY
jrCZxeRfJgA
jrVbZVBFM7g
jrcdZzLEhIg
jrlt0jKjapE
jru5D31NKWY
jrxjP7s19B4
jsXFCJuJyH8
jtSUFbAnOEg
jtVe3BpsptE
jtXc4lY9_qY
jtXsLKX8nAI
jtsH6G132Pk
ju4zKBn0jV8
juBYrQ0Mr5E
juK4u4qep9k
juKPODLrlP4
juPJFbrSLzk
juT1bub3Dl8
juWkkGJy2x4
jubIqHxgfDg
jun6y0Xn7bI
jvP2BCTLCXI
jvrHaMvxNYM
jvsrR8Vgux4
jw7UXUQRbJM
jwIFLWlhBK8
jwWjOChXn4Y
jxjzCJdiscg
jyEz2MBRsRg
jyJjCBKy7z0
jync2uW9_gc
jyoOAexsFr4
jz-TQq6Hyag
jz5t3REwHbc
jz6XNjTpvjY
jzyGb-_OQ7g
jzz7iAGh35Y
k-R8T5D7jQA
k-_YWPBOTok
k0mnUf91NiU
k1Nfd3k_hgU
k1edK0lHLIw
k20C_JYrhwQ
k21yr-D1OXU
k2aWYtyb_ao
k2uRLSrsC1M
k31PpdwaUCE
k3Nbph4ZhvI
k3hLYh87Daw
k3nQJoGwHnk
k4J3Dmw1iHY
k4Xj1X7V3J8
k53K1v5ViTk
k5LIBK5-ozA
k5SpwQOKd6M
k5oz4mcLQP0
k5rdNoDr9xo
k5ykI-RuHnk
k6G53FNawP4
k6eLUx18P-s
k6f2muVKS6M
k6iesNH-s0k
k6vT1QLY_XU
k6w9HM9vD5M
k791y4C_aGs
k7ASyHXoNlw
k7Rs6Ih9vbM
k7foppnHeic
k8On82Bux7U
k8U0qLBjw8Q
k8U62zkvlmQ
k8ZUVzmtDq0
k8_qVgr9Q7c
k9CqMhBTkWI
k9RdM0YWfJ4
k9aC_BjV-yE
k9bdj_alxUQ
k9fVIj22-WU
kAMQZ5N49WU
kATya40t_30
kAi7ThY7gCU
kAmznTO1O5o
kAoS6eDnswk
kAsXyboqohQ
kBG5d84aPEQ
kBQWVMyhX4w
kBct0xyG4vs
kBejH2PeIQw
kBkBBsAxIls
kBlnMUT06yQ
kBvgu4xVhfc
kC5rWzFyXPY
kCCQhXx8yQI
kCWo0WrRIh8
kDD-4x4fdo4
kDdN8kq1ORg
kDhssyXOifU
kDiIzI7Sqb4
kDo_kvg6ofM
kDwu41OGDB8
kE0U7U4cKGo
kEOIy84ysp8
kEbPqJbd3_Y
kF-NwG9VDYc
kF5MwDwzOzU
kFBbX8CdQq4
kFU2XVIDzP4
kGICYXNJVDQ
kGJTGTOJzac
kGgWgIj-XBM
kGjGVwVexHM
kHT52q-UGRo
kHUEYxAmr04
kHs5D2n6Jlg
kHtifVwmFJ8
kHzzE0U7aUk
kI7ZghFeDlo
kIMqMu0-JI0
kIkCeMOE3kI
kJaeVwRJSvY
kJuvE9kht6g
kKN7nlsfVuY
kLA2Xklj1kU
kLe5y1KKjB8
kLfttQSg0eo
kLvZc3E47rE
kMOXNC6B41A
kMTV6V3Q094
kMmGtBxG3no
kMyevWqAaDg
kNIfWvnwfH4
kNNuZuMyVDw
kNUPVo7P5sw
kNbu6vr7I1c
kNogJkGKwfI
kO2_xeKLNlU
kOK3XfuXs1g
kOV-hCkpkAM
kOXNIXyHTqU
kOXaEjwtSkM
kPETrgj1oes
kPZNydwbtv0
kPqWxdEKhf4
kQ8Z-gXoLUE
kQ9xjRkpybE
kQEROzCxHJ0
kQfkJEYBOhU
kR3DHnjzj2s
kRngGZyT4ZM
kSIgrtXiP5Q
kSYWI-Dhpx4
kShsjTHF4wk
kSvpUmxtSGg
kSxsave9_2A
kT1ES73A5M8
kT8199Srkv0
kTTVEzg0yXY
kU8KhKOPDv8
kUB1TxhhZBw
kUM7tPyRq8I
kUUXk3g0kmU
kUnUWqzB9dU
kUxsRYdAqCg
kVRZNE1KYpE
kVYI7SVMQOQ
kWNU0imnUIU
kWaeqgGvS9M
kWtSRfXFsBc
kXEanLIZoa8
kXFzOILUWyA
kXP69uuIS8M
kXTxszFMV7I
kXeN738kJQ8
kYBfGqM479M
kYCt3GZBRrA
kYdFI-N1GeE
kYqZ3sAZmis
kYr25B0BLRo
kZQNedibJdc
kZfALGg61ZM
kZfNNryUiX0
k_4jfDWEzmo
k_9YyE2I4y4
k_LT6NLX3_A
k_PzMKlKXII
k_ZME4dUQtc
kaACk99UhSI
kahu0jlu3fw
kbJ3ltOSERc
kbMkala4HjA
kc--bS05yPQ
kc8j2F1S49Q
kcAldknZrFM
kcJAau7tbNA
kcPxpOMLfkw
kcYaeQWzYH0
kcy7qtdXgeA
kdQWtzXDrfA
kdeeriruUAk
kdri3otATvw
ke8t8LROW-8
keIEZ6YQkyQ
kePDZx84JDM
keYz77h54D4
keb083LGZNg
kfFpRWNAawo
kfeW2V0sKc4
kfnZ3W2_Puw
kfwYFOkNcjw
kgE0RkO8yKw
kgMduDvWFXg
kgYhKCWqYCE
kgjoQqhetnI
kh29jv59Cnc
khO_MS29Go0
khdsVl8QR5s
khiNFTNkhTk
kiqiPzveAUI
kisCCsSH0JA
kjZJCUuL5lI
kk92OiLMAEE
kkELRUeKRNc
klbMsmHaVX0
klc8oi7hS70
klkZA-CQFU4
kmO4ecoKfeQ
kmbqa3RdCfY
kmfWvSJUb7Q
kmyikHHHUZc
knK0GqkIeoA
koD00k77RC0
koLuaBo2g-s
kobZRUiklYo
kp-RRBYAMwQ
kp2plhqddQU
kpFfr4yn3bc
kpP-pW-f5Ss
kpwNlMCPxpk
kpydb9A9BM8
kq1JY6yecgE
kqBf0RWKvx0
kqN0BkxF9yA
kqTTC2yWj3g
kqUe9iX1sW0
kqj4sV-TrM0
kqqac-r8TIg
krS2wcmwwGw
ksQZz8OwNkA
ksUT1BLvA94
ksjE5IZ_dhQ
ksltVFKByWw
ksv-nTu4P5Y
kswcZuAsx48
kt3r3KdGQ90
ktNU-ZVnZdg
ktQIGkqbSgQ
ktcHJtWx7CE
kuIsRr4i1OA
kuXiJw31M78
kueg_2_J0Eg
kvR7Nm93ejI
kvUGLffg-Eo
kvlWjzpXwv0
kvwyqqUKbUY
kwNoBVgmrSw
kwf-fMWFD5Q
kwkXQTWxmbA
kwn67sNIeqs
kx3qvfOJfKU
kyAp0wRfsiE
kyQZIdhAIPA
kyRo729vhlw
kz1MjUnJlb8
kzE_pTtxI4E
kzLUO5T78eQ
kzQdPcKPwC4
kzTvl3BgE3g
kzYYxrOCO2Q
kzr9YwqvEPo
l-HoKMQr-Rk
l05mW0P3Yjo
l0aSnnHbsYw
l0bLjhHGy-w
l0j74xrLWSk
l0zYRTNN6bY
l112S-ejThU
l1WtUJtEjoE
l2oiwnUYclg
l2xfMKA-bi0
l2yToc1lW9o
l2yohoa1JLg
l38Lq50ex-I
l3Cpu-o0r00
l3GYsUMw_JY
l3IR1LPqxkI
l3YqJ6kAN0M
l3n7r56DqMA
l3tYsdiFqNs
l4-sMTd3yVE
l4SMkdUBsV4
l4eElNiCgbg
l4ffnU1tac0
l4qzEjF9g3Y
l5a5HhfzRaA
l5i-2CN13IU
l6bt2sFUIo0
l6jQM9belL4
l6uqt9IRI40
l73Hth_MzhE
l7JRBiW61_E
l7pFaG6heJ0
l80nqDjnjoc
l848lB_WtME
l8CHWeYqszo
l8EOJvOfVFU
l8JWHIQ5INk
l8egL8n7ND0
l919je_mW5M
l9241GuLeLs
l97MiBmoPI8
l9B4V7ilKjg
l9KiGZqnvRk
l9P1Oi_XafI
l9cdDrcBC5k
l9kE18pvRa4
lAFRrGQw8Lo
lAOA4J8EMZI
lAY38pY2py8
lA_wsubDb5Y
lAdBFF2UXXU
lB3RPyZYexU
lBBOz-Av0qo
lBM_B7dqIzk
lBY-yC68LoI
lCFt-u72zgE
lCK1NOZkjAM
lCNAxLn77jg
lClqH-fheMw
lDW9I87vJtA
lDemF9FEKYU
lDf2Mjgcspw
lEIOFEyeZvI
lEJfpS_qEpQ
lEKXPbFAA9g
lEip7BUMBbw
lEqFagGqgcU
lF5gz-Sstpg
lFcYzpwBXNI
lFuVqIHJW0c
lGFmeYOUd9E
lGh4Fvg9trI
lGj0NqAOkWY
lHNiwV1cLhU
lHS44Pj9iCY
lHUHjNajmv8
lICuQJ4moCA
lIEdHGBpbTw
lIJ4PsEiZl4
lIZtyd2nxTc
lIjmywXEIzY
lImMTXXGuMM
lIqI51O6GlY
lJ1jsWLrmHk
lJvrWrH3X_E
lKX9D-Sz39c
lLAdylL1-Xc
lLZF-ze3km8
lLbiixfw8rE
lMAkl79wf8s
lMBPfkNyLyo
lMQJFajvGHA
lMckOQ_Aw1o
lN6ypUw_7gE
lNR5Idyf2ZY
lNURGfIHtds
lNY9PQXavi8
lO2cvRe3Xro
lO7nBWC551s
lP0d28JG9tE
lP9PaDs2xgQ
lPClrZVWdbM
lPp1MRLI2G0
lPrDFQTGj48
lQ0stgHzRNA
lQ9KgN5HTMo
lQDKSPV5wHQ
lQM7mZHaAZs
lQ_HqJ_4GvM
lQknXJqjb6s
lRLJ6yZNtnI
lRLLCP_LcwA
lRT2YHW84UY
lRTQ6_cFN9w
lR_zidzN-gI
lS4o3KdgPTo
lS8DylbjMjg
lSgkcUkwyx8
lSjbg-hvMpc
lSla9fyd4SI
lT3op-zrx1Q
lT5ikaUkeko
lTDZeN6g0dU
lTDp-f66AHk
lTRBPj-i0SQ
lTSJrZRmUZY
lTU_INj_zK8
lTqP6GlLH2E
lTxdiDWzmkQ
lUTTAxy3wcU
lU_Qpsl16sE
lUzwQ59nzuQ
lV2dRAcLjms
lVD0ibH2ro4
lVT2zm9eVX8
lVUMl5xCz7o
lV_QIcwWGLA
lWTeoJsywCw
lWrWoP4mgfs
lWuhPVb175Y
lX7dtki8EvY
lXfyb5PUtJo
lXjQausMZR0
lXrTpAcoO2w
lY0EYKht-_8
lYbDi-ydmS4
lZl8kV7MdH8
lZvCGH-7xwk
lZwusqMQp4M
l_1Gl7qLL5o
l_3_sZrdQVw
l_H9puDCJbk
l_J8hbyCVys
l_Mfl3qPGm0
l_uNg57Q-Q8
la5yhRQIIaw
laN-DMK3ZVc
lappA0oh-1U
latW3eC9amI
lawTltB3N5o
lbMXwzZ5rMg
lbN2U2BjuXQ
lbOmZEUVHBM
lbj_8LCLT5I
lbuX437jSQE
lbwrDfD3Pz4
lc0pYFIQJnI
lc9eytSoo_s
lcYBOz6auCY
lcjphbCXG-Y
ld31F5HeE2o
ldFzBgX1OY0
ldSZ0TMh8a4
ldxY2qCPY0E
le5q1FYlc9k
leXoSNW08aQ
leZG0Fs6sAY
leekKKt7sQM
lejJi6ou2NU
letpSxhr0rg
lfLjTKXWMqU
lflmxcBIxH4
lfpEallub2s
lg1b4TDSE-E
lgWDs-Zy0Ww
lgdz6j7ugNA
lghzJUh1jC8
lgkIxZJEyBs
lh40xYzhuPU
lhB2hr4S2hU
lhN1xMEjKTc
lhYJubXmeHQ
lj6u3f5ax6I
ljE-CgoEUiw
ljcbsJpdoa0
lkAF6muxlio
lkMgYsAhpjI
lkRUBZ88LR4
lkVWsAs3hYM
lkfNmjWZiGM
lkikj1rL14s
ll34k8yAh4I
llKxWANm-TQ
lleFTSVnfJE
llhI2udp2VM
llkDqmR3gPI
llyvVspbrhc
lm-ZlJZ33ek
lm0bHyNqFD0
lm343ogc9xg
lmDAyxnP1hM
lmRnwdWWO6Y
lmYWVfVjOUo
lmuKR4lkLjM
lmuMYynf8GQ
lnP_kAfQkpI
lnV41R4DfmY
lnlMoLJ9sMA
loLe9EW7TCQ
loSVClEE0_4
lodwKmaaZZA
loj_79SQcXo
lomCFj4oAUg
lpN6vkAocxc
lpf6TRUXv3I
lprFwFsP9gE
lpup3v790Po
lpvoyV_-SFg
lpxIM0RmlFA
lqU9C8h6jHg
lqrTKd7uFio
lqwUtBfMKfc
lrN_I34jDkA
lrPazIMZ1NU
lryTtmHmTXs
lsua30Ki5rc
lt8w6YDm7GA
lt9tLqwuSb8
ltBxC5AA5us
ltaIz9Mko6c
ltmdoa5pBek
ltoW9PXmYNU
lu7FWwUWkTU
lubMdAfnpRY
luqgPaitQgE
lvEUdSnrL04
lvzuhGU5PMg
lw2w7twASBo
lw3y2mHZ3VU
lw8YyVop--g
lwifgoZwY-k
lwotlmAAlR8
lwvaY-59-4I
lxQ99mNbY6o
lxa_rR5d8IM
lxkp86oaisg
ly3ufCfc8Dg
ly6RFwE9eeE
lyNMJIHgT88
lz3KN2vJ1ko
lzGw22VysT0
lzMrn8qOHGI
lzcdnv_7g-g
m-1XM71kBzw
m-M75a7XOJU
m-MC-Re4ykA
m-aHGgQx50Q
m-mfRfW5yLY
m-tzZ5IVWeI
m0ZjWsayuvg
m1AJfKATw3Y
m1MgaZvRni4
m1dAnHfPajs
m29XOtOnrSQ
m2c2oGVT4lY
m34QtR6DGCo
m3LWW76vG7g
m3O4gxPwZ4w
m3X1IPkH2Wk
m3sDrmLG6m0
m46CV88DmYk
m4DKVOU9OT8
m4Rrs4AcU9s
m4YD72PQPKo
m4v4iLdgpRA
m53mxnhaaqM
m5S18B9NhV4
m5slvpmsPnY
m6_GO2ndm44
m6gmauHs2bw
m6iGfC8lNSk
m7TH1Wy01As
m7s30oSeztY
m859OdjFfFI
m8cfXGQTWBU
m8ekqiRDLlg
m8jbUIoXMiI
m9FfRwMwXL4
mA2xAmPgZpo
mA3_mZDiV7E
mAAiF_G7XQA
mAMdVwhe89s
mAMs1u-2OPY
mAf0HwRzydY
mAfFckuBkwk
mB55P78IF-U
mBCHwcJOFQQ
mBQ5FYZeRaY
mBXpJu654Gk
mBtig1ADv0M
mBuSkhgVF_s
mC9HCmDL09w
mCETzPVw-xY
mCim9CN6WwM
mDBToGs-9Wo
mDWd4rExH9Y
mDe7svEjx5E
mDimN1OZtCs
mDy4dWvXXY4
mE46CHiQjyg
mE8gErro8AU
mEN9WpS4XN8
mEZ3-XRrEEs
mEdhNE77pb4
mF9n4enuros
mFWABDoYhCM
mFtgZ6x5TLo
mG-QprtdB2k
mG2GPlqRykk
mGUUP_Asq1Y
mH-M5csKASY
mH2dYwHL200
mH9Uey4Ki9g
mHAoKqakPYQ
mHcfe4ocQYI
mHcuOPnrFdk
mHn4qvqo2iY
mI-QlNwwoGs
mI0Pw0_CFSI
mILof7CLU3s
mIT9qRPOzn4
mIaBMRAW9eM
mIoaGU_ISdg
mIuaSM6zgkk
mJ01_tCtI5o
mJLM200Lm_Q
mJMfjbzUyLU
mJRZaJZm4GE
mJpCNfZ7QU4
mKDAAgX4-DU
mKGLVwi9P_g
mKgWuO23UlI
mKqDfJBJqbQ
mKqENxq-2U0
mL1nGiLX6To
mLM6YJVEC5k
mLNRkG3PgDE
mLPUdx2ZLK4
mLcEw1_FwSk
mLlWgNCXqmk
mM1BX8fl86c
mMGR-KUDBIo
mMW-To84cGw
mMXn48QHxYw
mMh4Wi4VziI
mMt8MW1Osfw
mNaMMZ2bNRU
mNf_KsfHr20
mNsFNjvjzBQ
mO6Y95E7SwM
mOBIf5yosqo
mO_rBQLYnRw
mOlxOiT2YxQ
mOmWWzV5W2A
mOpummw9Oc8
mPNgGpg_5IM
mPSttiuWOko
mPWppDbrgMc
mPhOEg97niM
mQKEhvmfQ60
mQWZGxG9iQg
mQbL-1Kw1vM
mQhWd3M47zE
mQsm3RGCrFc
mRJJrLabvfU
mRglj2uGwnU
mS-8YFEHuKA
mSHCEjQwrkY
mSL5hYqGKfk
mT-zYFU-aFE
mTNwQ40jJbc
mTRZHfCOfuY
mTe8_Zqjgyc
mUJe8W6z32Q
mUPVokNHudg
mUXXeB4CWOY
mUjix9Hf-_Q
mV1ZdhOPje0
mVKqQgYCp9Q
mVOdDPlwgDQ
mVUJNbCyOtE
mVW0ic-IPd0
mVlqY3lLae8
mWsrjPm-DJo
mX4AwqCExL0
mX6MCg7PKDg
mXEzKorpx-c
mXN5TkHC5jg
mXT5SBx_HkY
mXWfQA9bc24
mXeTKpoxyOE
mXjUjA7ZdLw
mXu27D-Hbpc
mY7IhVnaVNk
mY8267pz_Bw
mY96APJYUus
mYG6LDJi-cw
mYHhi_PHIM8
mYMJ2I98WsE
mYSdHKpkhTc
mZ052CJ7ijc
mZ2qxrbu5Ek
mZ5gJQ62g5I
mZGQU0KpaOQ
mZId58CvBgA
mZoRzjZWlf8
mZypJEFd3Ww
m_3MJFBPvW0
m_LmvbWmjxg
m_O22ukXcmg
m_R1e-Qi474
m_YFYY5BePY
m_f-Rqk7hwI
m_lscJNgzes
maBIJI1C_-E
maUXr-UG9ho
maqWjN0gTkc
marCUIPJbJA
mbId0gjuVFY
mbNVvkY9L8Q
mb_LoPTEUfk
mcRtXDfvNeM
mcbLe9UwqHM
mctUfQzQQpQ
mcxEJRTSXa0
mdpvW99cRHo
me5BPwk9Rs4
meJKZYksfNg
meXVqzv_Zlg
menuRPm1FPc
mev-29B_eps
meySCoaHXys
mfDKayy4mmg
mfNtPN90wcQ
mfXeK302a8o
mfp32MXAvoE
mfx0DPryCes
mgZ2LLvc0lk
mgePORkjt60
mgjUluwsCWs
mgkhlE2UvfM
mgmWZdDkFtA
mh1hX_LTLb8
mh4zIxi4H10
mhEmCYX53CE
mhL422RgpWA
mhSKQMqaBxI
mhW4aV-4D3w
mhg31LaDR1M
mi1Qkynmn0U
miXvJK2lTjs
mi_AU585w_Y
milQRZwcz70
mjN2j8g8IJI
mjNDFoAyB1Y
mjVq3mhcHi0
mjgVcjPb6yE
mk0hy1GyK-Y
mk3eO5rL88s
mkG4YFOW2GY
mkJ6_L47MWo
mkax9M4dUus
mkozk95gIrA
mkpkakcRi70
mkqr04y_Tiw
ml1d_fcXY9k
mlYgANAu72g
mluu9VIGifQ
mmN414bcO3Q
mnM8tPbGVmo
mnOBxZ3DtkQ
mnauH2cEO2w
mnlxMij52-c
mnwx2NL4JmA
moHu3L0aqGs
moJ7jZ_bpDM
mopf7L8Uhvg
mp-xYoWScrs
mp16uvSANp4
mp2C62jPXLU
mpDJein_DsU
mpRXWmEJgIs
mpSpqbL0aog
mpWbViPmgwk
mpjP-okuYDY
mpvGydJYJg0
mq--lPsME-I
mq7xbRPJK-s
mqBZajntOuY
mqCLySGO0oo
mqS9wU5HSTo
mqfJzHyXlhU
mqh7BY5yErI
mrN7YPDqOKw
mro_doAfxCI
mrpJV7ARRXM
mrzw4pwgxkg
ms7wRr223VE
mskeIBgVKGo
mt4G2vLhX1w
mtE8y1z6W9Q
mtzhvD_oeSA
muCiZUaNZrk
muXYs_5RarI
mu_jX5961EM
mv3iY4v9EOc
mvgE3XkAP_A
mvkaabyuusw
mw5HD4Y7-Oo
mwTnb6KBqhk
mwUI5B-2Or8
mxFOzdhyTjU
mxR-RcUIxu0
myD82IO8Xcc
myM0URFpGlk
myQ2zvLl6mE
mydTTv4S1F0
mz0bPeQMJpI
mz8IsPPZMR4
mzJy2AyD8Pc
mzLZeLAbvA8
mzMCFNjTCyg
mz_T22-hwuA
n-65_54r3_I
n0Hj5W9feb8
n0Q26Vvkk_M
n0RTIodLeB4
n0ZNCxf0LWE
n0ehZeWGXW0
n0gxR72kWQ0
n14zx4qfXds
n1aY2_fTL7U
n22K1pbeTB4
n24OGXemxtY
n2TQrmdhS_I
n2TXhFg-h0o
n31Spcp3HiA
n3JEAwh4YOI
n3hcWDSdgqs
n48FNecCSGo
n4MwqIKne_U
n4OPHg2Y2L8
n4Xebfnkan4
n4a5qbUj-TQ
n4vyzFyUKMY
n58kA5PiElI
n5FMhgABrXg
n5ueacuBVjE
n6Yy-Z5fUVk
n6Z2edRt2ow
n6_MzZP60fA
n6kjJ7HBemY
n7FXPSzkaTs
n7ITmC2NSJs
n7nVRGtUJEs
n8-xlCJY1uk
n8Z9O5gpkEs
n8eJUNxdBZQ
n9Cc--HVFLs
n9Fk0xtd49A
n9GicMAvxac
n9WTeVNSrX4
n9aHvUHXEjo
n9hhuGdfwV4
nAF93sG7eZU
nAHPwvlx1lI
nAhSAeAslNE
nAp6lT5wMRE
nBLDV5M1IT8
nBP8rabM8h8
nBSsfakXEKQ
nBfni9mWLqU
nBwaYhNcFTE
nCDieK5VmRA
nCJEuq3DIew
nCNtJ3lYVOw
nClz1mzaK3U
nD2k-fH-rmk
nD7eCi-i5uE
nDJ1n2IgCdA
nDWLAhvxfCM
nDoxKi2WPvM
nDq-EbErSEE
nE-Qr5QS9YY
nEPwA36gI5E
nEj5jn3YHGM
nEvtGPqsjTQ
nFKnlEugjj8
nFm5oWmXKcE
nG6iDfcfBrY
nG9A9xK3Glo
nHZ9bPfgghk
nIALt0rg1R0
nIGBcDdbedc
nIehPX0Qvr8
nIoZeAyHraU
nJ9PgD8-Mfc
nJi9YRUQcdc
nJlBB0FuWm0
nJnTP6yeH6w
nJpL6GZ676M
nKEuFSQyBgU
nKYg-D-SQuc
nKq2cMpQzh4
nKyboi1ffrc
nL-41kB39WE
nLT1NvqaIMU
nLpYGxyOewc
nMCXArz9nEk
nMRFKNu0f30
nMVKHgL5WNA
nMn3xQhtfCQ
nMq-bSQ94vI
nN9qx6oKy3k
nNB1swCpdTM
nNKJFmKsTkc
nNQHv3odk1M
nNQXOz4Ckpo
nO7sGsgR5nc
nOYq5UmO4IA
nOZFq8eLH60
nOi6JxSqMFA
nOir7WnopD8
nOkZQchMID8
nOwUkw6A4Cw
nP4Yln16SP4
nPGqm5LL5hE
nPe9EYY1_BI
nPy6p_1nuPA
nQ0353nllb8
nQ1PZWEjVpA
nQ4HZyvqYPk
nQ511xLCiTs
nQI5F7bXAd0
nQNkiPwRTKo
nQOaqBCsys0
nQdBBHo6QI0
nQkX1I1kZ5o
nQnjpwkE0eo
nRpa70MvLsE
nSC9OmoIeEk
nSFCrI7a3Is
nSNEZ687eFo
nTCsdZ2n_NE
nTDeMAmbyw0
nTa2wM6fomI
nTnELOuUgsg
nU5HyP9rQ6I
nUJ2QGgHU40
nURlbKrShtA
nUgUy4UnB38
nV3GMKUP9OY
nVUeTBlORTg
nVdKQQDEGtE
nWN6Hty0BRs
nWPfTyahrtA
nWReW8-u-u8
nWXRX7qGYQA
nWrIHZaKco8
nWwfTgeN6xg
nX4LjDZyvvE
nX9bF4BCdNg
nXqaZukFggE
nXunEVjI5wk
nYS0RLigonA
nYn2u5qZig8
nYuXgqcRWjM
nZ5HjocWeXQ
nZjIShHFo5o
n_Ez2RMjwuA
n_FGTL-Klbw
n_TmVgFwBN8
n_V0PQbPTi8
n_mXGGiv7YI
naXMKnGrLWA
nagZrVrhukk
nb53jjJGIJk
nbDSSHF-U3g
nbJf3nY_nmw
nbZdxJFz4ug
nbgOlxpGCQ0
nbvnI9kVjMA
ncKi9f5HLuQ
ncdZ86YO5tA
ncnOifCvIGQ
ncq_N1XBy8I
nctkcxKUzv4
ndGmmLLhD0E
ndUezukb5TM
ndmzbHGWI58
ndtthm8PohM
ndu6SEFb82I
ndzQh4MDdxI
neRosfLIuxs
nfIJvIWabBY
nfNNlB2f85Y
nfTClS_eXEA
ngGQ9mloImU
ngHLQ_Ha4RU
ngLyjik30U0
ngt1WhqPp3U
ngzqYxstDGg
nhG_KHvFwuU
nhIklkRr2E4
nhJwdRs-Q3A
nhUxZzyHJhg
nhbkBueHJDQ
nhoNMaY1-ms
nhyl4eb9W6M
niCLvHpZ558
niFi2q2dzJ8
niTJPFRjczo
niWljjYZGdU
niYR5igW7B8
nifdnwaJBQ8
niwcnwBElks
njYNE6Vg-K0
njgn3lHmWlg
njos1hdiElg
nkQrEZh_oMs
nkYweJV__Kg
nkcuX6BNLwU
nkdKFlJ4c5U
nl77vUXD9ec
nlB5FJ2SrDU
nlMLObIHcgQ
nlRj47gMId4
nlvoMz7BeII
nmD5b5I8Sxc
nmWduoEoUuI
nm_C5PpthdM
nmeANMzNe3Y
nnOuoI09GAM
nnRVcbXI648
nncimlhBSxI
nnsThQSrbgo
nokhW8iQYSU
novpuX3fPxU
npAFARH2kfk
npeD2dJjPI4
nq2kmIB7Xnc
nqEdMq-N05A
nqbLIkrj3ec
nqrWz8L8J_Q
nr2enzcl83o
nr79hSdTz2k
nrDJrUSuo_A
nrN4QobtOoE
nrYsSmoe7kQ
nrcK7zeMnSI
nrl7NRV_Zno
ns5lAqNTH6g
nsAPKG1KGNI
nsBE_DXPyOs
nsaFelVmMMM
nsh8uUSxTwk
ntRAxWMvgX0
ntg0vT1snzk
ntl9m6Hs1A0
nu8zyTVRXV8
nuAfBzDmFGQ
nuWCjna4O-Y
nugIIRv0Mz0
nv8oBKFFs2Y
nvK-cAy8ls4
nw5ai7BfJNc
nwWE-0YMosc
nwsi8-90lMM
nwyFxWKwkpY
nwzZecqtSBw
nx7KEC3wS6Y
nxiBkLp6Yag
nxm6Bzm6fFg
nxn6WgM9QJY
nxnRL7i005c
ny0I4VogtLM
ny6Mus16T8I
ny78BCBir2Q
ny8bPIpMQ0Q
nyJN4pZvQqA
nyTl-tEIwEI
ny_Wren3DWU
nzDuT1lGxKE
nzphgynIWxI
nzv_IQLJV_8
nzyYUCLOLx0
o-Va4cFm9RM
o-a8NhEbjA0
o-dTH56HaTc
o0IhOrt-FYY
o12isiyvnzc
o1GhZ9ww4Qg
o1ML47Fz2q8
o1MX1o7k_ZA
o1ZjWBm9SyU
o1saTbgXCWI
o1z4g1tr4Zg
o24Zf6L_wS0
o2TIl4k-VFI
o3-QgZz36V4
o32IluX7V3w
o3VpZmWsKgs
o3w3RL74Btw
o49fvB5jDz4
o4AaOyMOCoM
o4aIiDJZnFw
o4btMgkidJI
o56Rb64Fyz0
o5H6QNEr4UE
o5Pm0FTP_bg
o5iQYbOvgR4
o5l51jtfLjI
o5u29Kiw67w
o6lGhwaM15g
o6pN6ftGd2E
o7Pbmw7yHIY
o7arxKFxWtw
o7u2Cs5U_iI
o7uEPZDCR9E
o8PenexYRZk
o8jFTchE3xQ
o8uRawU7B2E
o9JmxOhu3yM
o9KiQc6pBlM
o9Ku0dM7258
o9fyJn6BCHM
o9lDnSUD6Fo
oA0a3o0My4E
oA7MxnUm3YE
oAHFUm5zfs0
oANtUaHqv-I
oAP0Kd6aLfw
oAYCWBIlyds
oAbOORoz-jg
oAjoN0WVU28
oArfs22-mJc
oAu9JN3q3QQ
oBBUHUkW9lk
oBBmCXUgpG8
oBE4WhHaOrs
oBKYHzGT4MA
oBSNOkiF3pE
oBf5JlPMghk
oBlhsxd4Qaw
oCM12IIoAh0
oCOlYR2uL8E
oCtJYZoW_Ys
oDSSJsfHJ0E
oE1Vl78Jo5s
oEONpLJ8Jtc
oElOmEoPmyk
oF9RtPsa-tI
oFN1VZPeI7Q
oFiIAGHYwxQ
oFprzSwbnSk
oFsy1bZDDEc
oG17zdQ2Q5A
oGM9TPr0rBE
oGNEhy8oKBk
oGiRgdBfHiw
oH8uBz74jRA
oH8zG-bTE6c
oI1oFaxUCtw
oI3183n_mU4
oIEsL-ujMfE
oIN6yWl-IOU
oIODgGZuF-Q
oIsjK7gpSoc
oJQDjoCMH5g
oJgXkr0wRkI
oJiFIH8uo-Y
oJsLcnWkEmo
oK9DvBew6IY
oKFvLZiRtLw
oKICxddP7qo
oKNmb4hLAyI
oKQbbqhwIFo
oKpdrqz9yX4
oKrZX4iyBR4
oKsV6Jc3Ny0
oKxf60ZRjjI
oL6x038ZLKo
oLK8Gl6f2YE
oLMbKl2MINU
oLOTEroj6YI
oLsyX3y3HVg
oM0C6cWDaJM
oMV5MzjWEcU
oMXiB4C-Sm4
oN-kcNdq3R0
oN8XwSwE36Q
oNHqktEBVH8
oNOLYLTfhhQ
oNTpPHHI6Cw
oNa8g8nAdgE
oNutp6uwWeE
oOMq4TxSwKQ
oP1sP5mVYNA
oP8kLdgLrZM
oPjSj0PSxc0
oQ82mKSxWCc
oQBm24deqvM
oQZd3bw5nbs
oQafm0HEHIQ
oR-9LAAtG1g
oRBHpC1fajo
oRNL85oL3i4
oRRaETJevmA
oRqn7b6T3Vg
oS3-b0CqvY0
oSaRLASnFTY
oSu2D59ve34
oTHw6XwMxho
oTJDLBNGdUs
oTbAy1tp4GE
oTe3tZpEHlA
oToQctOFLno
oTxsGcjFc9E
oUDq8EV7N5A
oUsKSChAJl4
oV8aBSptRLA
oVD0v9awXpo
oVQvUI-JVPw
oWZIKQlJK_M
oWfopCWqggg
oWrVZy7mCH0
oWtaTsE5ruw
oXLeB3mvYyM
oXgkX6yow0g
oXkOdz9FF5E
oYUZQ5smIVQ
oZ3I5YRgn9A
oZJuousHtAI
oZYwUONSYkQ
oZmtVhlqsTY
o_0ApD_BddM
o_6YYJncIS4
oalkn40pwsc
ob9QjChVygo
obHBG0vl7Fs
obSF92HtqUk
obTIKguWsBg
objn7rkxQ04
odDskkmiCvY
odFjsxLfq_E
odO_M8Ad004
odt3-ujtbLE
odxKCKmRbsQ
oeSGkOkF2TA
oecmP8-x-lY
oejdvd46zIw
of1_uhvi6ns
of3miGxqWys
ofO7v5sL8bs
ofYTPnjqjAQ
ofddvAjlZEE
ofh_iHodPTY
ogV0gc9JQuI
ogiKz2wQHOk
ogrYWNVsHhI
ogyuswIn0nM
ohQ-jY52aro
ohVp4zJI4lA
oiYD3iiH3us
oihpGCy9xv0
oimF9emw8Lw
ojg-N9iyiZY
ojjtb4iO3I8
ojqU3ZQhFt4
ok6tTSinqRw
ok891N0AmGQ
ok8MIYYRVrA
okKCWWg80Fs
okqY1gghWGs
olJWUq45qe0
omQtnSZjubI
omRafxs77Gc
omqG7IQ-KH4
omqI9XCt0hU
omv3QZEMepQ
omxmJFNOqIo
omy80xZq2KA
on5aLoVnqSM
on7OKwkmRwU
onG9rUti6us
oncyURX_0QM
op4aGB1dlB8
opDGpSkhF2w
opIMpM-7rQk
opU3zuz2MAw
opVQBxxgomw
opeqCTVQMjg
oq4yPrBT7_U
oqlbP4tUhgc
or_6kDF9Vl4
orn-7ehKpDQ
oru8WHStLPI
orwUCV-zdc8
osGWc7LDvKU
osPhACW3UOQ
osXymgYS8OQ
osZuk7SIwpo
ot5fZYKqijE
otNqZ4ilK_A
otUzPEtbICo
ot_T1PWTcSc
otcts6FlIMg
oteskUJBcpo
ots7NiNJPBE
ouBPoe7X55w
ou_IEJmTNwQ
oukdm2y75Hw
ouknmBhgtAE
ov6IbOtBSDA
ovTDYnXh-hE
ovbIKjEV2Ig
owVwEyEJclM
owX7K68T4_w
owmvtq9AZJg
ox-DOlIqCpQ
ox-fotMg6Ys
ox4f9DZGkfg
ox4gzcqUIKg
oxB-662AmSQ
oxF2xC7aoCs
oxIzRrn6LM8
oxpFbAWDIlw
oy5mESaGjLk
oyGAKcXs3Es
oyPXP61pMHU
oyV5XuKQU7s
oz4YU5ROCg4
oz8MmGPjy-I
ozEzGOR2eB4
ozQu24I7o20
ozuYqYwKU7s
p-InCTEmVzo
p07hYZVbPkw
p0NuuCYjqtA
p0OLqLRWpI0
p0_4ahKGoB8
p0wZqXGwqI0
p0wpvFZxBk4
p10KJ6cGbrs
p10yLrL2Z3Q
p1BTVWEY2oo
p1DhwZPL0Dk
p1J30gqW7Uk
p1V8zH9ODJ0
p24kerUTr5o
p2ENH0r89d8
p2HnUgeipR8
p2Vp4cPwk5o
p2YrihXJT7Y
p2hM0BkwqS0
p2jh2qWYHpQ
p2kiTTr1zhc
p378avLRuCU
p3VKyeu6vP8
p3_NeTdMDck
p3agBivvkj0
p3gFJlUSxhM
p3kWE6cMgrE
p3kXJ_UGC7Q
p3xoxHdj-dU
p40r4-dLJP4
p4Lo5uRSXEw
p56TAqaXL3Y
p5SYGw1ayEQ
p5bSmA1BxvY
p5eAI8ia_Hk
p5oIUt_qWHs
p6Cajaq9y44
p6GiIC-1yho
p6c0GaExF5A
p6kqoaJE8B4
p7QRxerP-xY
p7VGf2FQjro
p7uvwMq5JxE
p8CvDyIFM2U
p8OSZ3nYw_4
p8mYRLQkNzw
p9-fZfsijdc
pA553VQmELA
pA5PfVLjHUA
pACTVcAORsI
pAcjP4WP-Y0
pAjTIjDps84
pAtOCbr_KVI
pAz-vQuvS-A
pB0gPCNzQRs
pC5ZYmNW2cI
pC8wI1_JxII
pCH7GTN34AA
pCHH6LDqHUA
pCI2NLLzTc4
pCOwakkvPD0
pCbB_fbrZuQ
pD4alMonvMA
pDFbnf4IXOo
pDRH2CUvPNI
pDaAVueT-Fo
pDgkqSOBiK0
pDnLlSYr__c
pE7yy3yOQ00
pEh2kjPKoJY
pElA8otXSfo
pEqigP9n7EU
pEt_B2EKy1Q
pEwKSEUvHeA
pFcuYizsxto
pFidEe46n0I
pG4fOV_hkdg
pG9sCBVLuUg
pGqHWquTPm0
pGswkQek3u0
pH7wO9Hfj00
pHN9mxwmjSQ
pHQCRBvMqgg
pHTj8xbWPGs
pHYedCSH35Q
pIAGwY21FW8
pIEAJTlwWLo
pIRlWwk4_MQ
pIX8wzcwQKY
pIip0_FdMEY
pIxdKM2yAiY
pJ5I8oKKtq0
pJ5MQ2iJqbA
pJ81ZGH9hrU
pJTWgJLbt-Q
pJ_kHZBECy0
pJi8Fga1a0w
pJqSzI9mfqg
pJu3eXjhNhk
pJxv4a-qUuU
pKBwR_kj-9g
pKRq4M9m5vQ
pKuv9sRkVBA
pL93Em3y-xo
pLCfqRmUQi8
pLNFbacUUoQ
pLQnyffUzlA
pLVtFNGHn6E
pLuzS6wdySw
pMDi5rezYmI
pMNtyDgdy-o
pMQNSwkXCHM
pMY_fnqOFjw
pMg-RZMTriM
pMm-5NA-Edc
pN-VAzXDNgo
pN0CAej_Ry4
pNHvIq1fnQg
pNyKA3ARMKw
pOEnOxTWK-E
pOK8aA6n73c
pOM3qspakEc
pOYGlZRbJhE
pOekGpPSpUw
pOrygJYdmt8
pOxslaIr4fc
pPASmhTT5ks
pP_JKMXlELU
pPxrcscY9Bc
pQ4nZTScWaU
pQKpkQqEqAg
pQU3CX9sOhY
pR89uHLBymc
pRId1dGweI4
pRJIncXlE14
pRLqD0nChnI
pRZktEUkycA
pRkAHlZAVps
pRzwZA4mElc
pSDfABdA4vo
pSLruXuStqc
pSttRLpg_UI
pT97h3py5dI
pTErAum9UhU
pTFKkR-YB5I
pTbKquKGLNU
pThMPTEHOfw
pTssVVcI06Q
pUCnuBO45S8
pUVs_GDL5P0
pUyic6Wp5Xk
pV8FZiuVy5A
pVLcfDR7FNU
pVrsCT47DkY
pWA69dcHrPQ
pWMxXLvUDis
pWxxF-CEmaA
pWyrCSkPGt0
pX21tCBaypg
pX_xgt98F-w
pY0Ql57AfNc
pYAzT18YtyU
pYbMxFS3ztU
pYrxg2-n01g
pZBWGq_sisk
pZM67XdNhDg
pZZDq5poADE
pZZmtW0iYY0
pZjtUIzGUFY
pZuxJrjOUk8
p_5-rrc4WKk
p_F-RZptmIg
p_GRXeTtQlc
p_RIMOHKU70
p_SaGDFqGtQ
p_mrEhLKwvk
p_paTIyigXU
p_vIWYBBZx4
pa6fDb41vC4
paCUdvP34P4
paiapuzqTbg
pawneYwRDb8
pb24LfDAzq8
pb4N3EEfA0c
pbI2h-HyZ18
pcMmpd29obo
pdKX9sOq8e4
pdKwb5ya2VQ
peIoFw-adbk
peKlv1cJyDY
pedwuvpcS5U
pf-JcyTTGC8
pf09yE_0CnI
pfSGScdqxAY
pf_e--CaU6c
pfjzmINZvBE
pgRfCOwvFjQ
pgjo_UnHXKQ
pglNTX3p6t8
phEg_9D0UCE
pi7JAVSub9c
piGxYuUa7bM
pibNw2bTRv4
pjDJg5OcAJs
pjPq9mxQNEc
pjTh_tg2qOk
pjrgPlMf0ck
pk03X4I4J2w
pkfIJlpUU80
pl2LBpeRhv4
pl4SC0Dy1ZE
pl76ITCFWfk
plPOewX49qY
plQa0-RIueM
plTr1cuS5TQ
plUtORECliU
plafErfwavs
plbUoBeD1xs
plh_L6qowUE
plrqVJwe8sE
plu2I_6ok_4
plunLqi8bYY
pmEKFRcAnRQ
pmzldlqPpzc
pn0hGnEgLYI
pnMqGlXuymY
pnldkQ3B-YU
pnqAahF_Psc
po-OhzA_OFc
po23cD0_Ymc
po2WIJaDSbM
po9YEH9FSTk
poyAZZiSTU8
ppI_Xz1Hn8I
ppS48jhhr6k
ppWhx00FO0o
ppp2cau5A-E
ppzoZYsE0U0
pqKR8HLD_Ps
pqgEV4Tx3OQ
pqhe2PczPo8
pqvyXUqTwg0
prBuu12MT2M
prI0QYu-cXk
prQHQWp60qE
prQcBFM5WS0
prx_ReWVk-s
przS9n514ic
psCRmMMooSg
psIjWf4Wkts
psUgTw7bJXk
psnNe9782_I
pt5cyNYXLxE
ptP7nIVlmXw
ptYKc8cLuJk
pttW0S8fVcQ
pttxKgxY8nk
puu8P-SWQUI
pvUyzvmPAIg
pvof-Cf6dbs
pvpPSrBlrY0
pvxhdy5iRkc
pvyT-NGLsmo
pwUZW5pfDNA
pwc1tGBnp9g
px4_fjFG3w4
pxEkwybUCpw
pxc0EcXqPe8
pxmAYiCVn4A
pxy-dL4MNrs
pyP-2C0K4a0
pyck1gI1zQc
pynsbDzdylM
pz5roGw0E0g
pzNZUEUzS4M
pzR_64gs66c
pzo3ggE6eww
pzvfJjqph0k
q-4LB1wshOA
q-DjzP0hbVs
q-GaF_pJ_G8
q-_5i0n4qdU
q00_JsTHXMM
q0Bn08Sq8VM
q0CunjeDiaI
q0IhbTcY078
q0_Rft0fQzs
q0o3NBVnQh0
q0uD39_ufbs
q0yfV3olFk8
q1UoQG265jg
q1ftuFlqw38
q2Cfzj8KYY8
q2IbC_DxpR4
q2lptgbLLA8
q2pkyDtNz3c
q3EhnWXWZNo
q3P6PjOHhpU
q3RGa2E47p4
q3bL9PItW58
q3nv-F1njYU
q3vQUATEruE
q4j93EfXA6A
q4jziDNb5dg
q4sO0o7JLnE
q5Te859li28
q5ZBKIpxn3o
q61SSjQW1ho
q6Qw10T-IaY
q6rLtU-1jes
q7eYM1_zvsI
q7ovyVJ8_xk
q885TBmlu4Q
q8MDvry8k8w
q8gE-VRMnnA
q8mn1_liu-Q
q8nf8fargIg
q9BPscOPNxk
q9H3gQp8yhI
q9IHnAfb-SA
q9Joltuw5ww
q9Kmamq4dg0
q9QyVIsknE4
q9ldEY_hQ4U
qABO9375kzU
qAJq0-gdBIo
qAqaTnYhr18
qB720QBFr6Y
qBM7-Do1OxY
qB_vnOQbKG4
qBdfqwXdB40
qC-3J5T6kDU
qC9-DQ5MY6M
qCFObP7i7q8
qCxTUcQ6RlU
qDEZydhGRMQ
qDGVrrHusc8
qDOBAmCGxRI
qDpCOD1Cau0
qEF1ZO4gu1U
qEVfXcdrk_4
qEh7yvRdcfs
qEqcDSp4_pI
qF6rbY6nXXc
qFB8yyxTFjI
qFC5NrZsXiQ
qFqAoWcmFNg
qFz-JRlqy28
qGAFfw0LjYI
qGKqDBAOU5Q
qGO2UPsl6cg
qGZRiyBxrIQ
qGde_P3CXJk
qGgtcIT1YI0
qGuvR8mOoaA
qHIk9zIg9oE
qHrC0ZBKDrc
qI-8jNY_F3Q
qI63OJzp9V0
qIF7vsgRcjg
qIU5MmrKpC8
qI_rGqTEl4g
qIcHshEpmjk
qIcfLZyb7Ic
qIoQC05JGac
qJ3FQF7vJRM
qJ5f7Od4kvQ
qJ8Zfcf_3FU
qJFD6im3L9Y
qJhMLZwz7I0
qJwHMon57hY
qK49z7sUL0I
qK5gF0Zresg
qKG-X0zix4o
qKsDAf0JOY0
qLGOlKQ-2Bs
qLKV8o5l4Vo
qLQQKVXufn4
qLVyHqEGG9Q
qLW3PFg-k_I
qLiZymWo97E
qMELKC9IJjQ
qMGXlcqGijw
qMJKOhgavbI
qMLT-xuFOmY
qMoh6KVcWm8
qNDJ344jHqQ
qNJsc2TdHuk
qNfVyDPg0Tw
qO-ICiInnZo
qOf9nyKFi7o
qOqVo7Wy09E
qP-LRLRp0i8
qPTrXJav7Qw
qPWx7vv9dTA
qP_p7xXzoZs
qPbHIp_safU
qQ-CsO4XLRY
qQ6A5ApzE5Q
qQITyQ9WsR4
qQQx41RyW0o
qQcJBe_o1lc
qRAs9VzHv68
qRKAX1MK1Tw
qRNS0Tgc7AE
qRy2E9OecCw
qSBGC2F0bM8
qSL9ra_W8ag
qSRmY7ZubuY
qTB3BY4BK3I
qTCpvb3TQDM
qTZaEIhRO64
qU9o0QqCF80
qUUiVthjhgw
qUfygVg6S7Q
qUtay6swrDM
qV0zQaTvV7o
qVgn0VnsZX8
qVifR-nyDYQ
qVwqKnVKJMo
qVy5nSLv92U
qW7C3bI5yMA
qW7Pfa7HHME
qWN-UjPPoAg
qWemUVCtnek
qXEc0hpfl24
qXN3dNB1ix0
qXf1TttNanE
qYIWRIqygt8
qYtmeYAgUPQ
qZ5hhFW9B8M
qZENqAzFvpQ
qZO1jK7hhp4
qZWyvww1BK0
qZZcJwE_P7g
qZkExj4JCJ4
qZqaW0YsCh8
q_1y3EfwIDc
q_LGO8UHjmc
q_kw9_YxLPE
q_sgfYuc6Ts
q_wsLPm5Vao
q_xU_y2A9_8
qa8vz1BNAEY
qaIF8BZnXng
qauzBmwT6CQ
qayCcMTv4C0
qb3n3jiI2_I
qbTd8RcfE4c
qc5J6qGdWVs
qcLnunXjjTU
qcQHRUXewTg
qcRZh48leI4
qcTShtf_yEw
qcr1wBDrckM
qdNfsRO_lq4
qdO1TNCJru8
qdk2YbsDQlI
qdm5IhX1BrQ
qdrpczIuYt0
qe7hOdigzJU
qeRivOLIH60
qedJrDDe8DI
qeyC1Twk8RA
qf8GDzu0mWc
qf8ZCItttjw
qfPgTjzfZ6A
qfVrkMCcG7Q
qfYRv6N8pMI
qfcw97UmSyQ
qfpTssx7qJg
qfzjQfhVLlg
qg3mAjd9MpU
qgFQsXEqdjc
qgUrjqWobys
qhKpsmAFjzU
qhUyrjZsqDQ
qhWSrR6yXzI
qiTnt_7_r1I
qis0Q9MeueE
qislrcQOB3M
qj1fxG-jiB8
qjO_QGSCIjw
qjY6Sj2K0Wk
qjhivVTbopY
qjozT4IcFqY
qkKMESd_PHo
qksZf2Ws_f8
qlC6uoadNZY
qlMju3tapFo
qlTX8LgC1PI
qlTsDmsxD1o
qlbn2WfRWK8
qlgxcAls9ks
qlo60Neaj84
qmFeUmP5j5k
qmauk3Ev7TQ
qmeVLEbFx3c
qmjYTOAw9UE
qmv5jnJ9aWE
qmvBzhMyOxg
qmyi5ava5Rc
qn-kgZW3qys
qnCmDS4fWUw
qnCrVNoYDbg
qnfxgqrAXQA
qoAhdUJwZzI
qoBiTNaTbEU
qoLzVRM0drQ
qoNlhachGVg
qoQ9n9OtU8w
qp4msXDd7eM
qp9YiRgt7Cs
qpXqc3S3D28
qpg5IjfLKDQ
qpjc4kXadco
qpvEm138sjk
qpzU5ExDmXI
qq1NSypuxgQ
qq7OTxU3WpE
qqGTpsdkw_0
qr4AwI9LToM
qrLlkN9eIvk
qs1BOsceM_U
qs4pucoI0EI
qsdSBZuEmfM
qsmHGRryW1s
qsmSuUaMh9U
qt9F8Kp0HWk
qtElPqtU19A
qtFV-D8bPS4
qtsuEhSyp2s
qugDnDP7PSY
quinxh3ntlM
qujsifrlyb0
quvyfSIlRwE
qvTqyuzhr5w
qw2JLQ13RWg
qw4PeN4B3-A
qwWUL_aAqDY
qwhm2U8mA7o
qwt-35HNjFQ
qwxsmraDq3Y
qx9O1Q60s7A
qxMHiu7_0dg
qxdFYUTZpaA
qxe9niqXVxM
qxe_ZBZfsaM
qxtytvCNyxI
qy5TgY0jTLo
qy9LS-iGwfY
qyAPM5DWVS8
qyEReHs1DpY
qyRLZvv6UF0
qyyB1Rk52X0
qyz4noYRKi4
qzEaOEiWgQ0
qzLZ54JpLfc
qzPBDobbHGE
qzl2KEAybnk
r-KMajxahP0
r-NFePb6ycU
r-zREXf5dmQ
r0e7Xnf9m2k
r0vTy4rz7LE
r12ZBHtAfZo
r1L0DatLtro
r1xN5BHvBiw
r2D5ne_rFBQ
r2HqVPGfnwA
r2IExwTNc3g
r2QH-0bAdoc
r2UbsxvwaAw
r2t7HMAOpPw
r3D3EszTdqI
r3kxWtcTNJk
r3wZVBBISEk
r3yrI0BvAf0
r496mRfo5GM
r4Aui6oNtiM
r4c0IaushYo
r4izzwIL6n8
r4sSvw4b0Ac
r4yHcPbVE8k
r55KtaDBbA8
r5WMH-T-iq8
r5Xz6Ukb8K8
r5_3B_8hSco
r5fIHH0sTbI
r64ZBsoPblQ
r6C01Mfh_KY
r6LCU3pbeso
r6fEAC78iqI
r6fr_zBQl60
r6nJoKePoWw
r795NgQtVV0
r7A7on8u8Y8
r7GgMgsOmK0
r7fjZ39lrCs
r7mAiZf6xRM
r7p4w9zf9R0
r7x0qRzCcog
r8Fag-7jV7s
r8Xea7eb7kw
r8bXFO4UzCE
r8s2f2jgEZk
r9AHak7oRxo
r9Z-ArX6TJ4
r9_Lg2WOFBk
r9akFREbTOw
rALJfwsK3zw
rAoo-uEkvgE
rB5L3e2t4aY
rBsnxSSUOdc
rC4oRc_9-mU
rCYdwAT7VVs
rD39QqJQ0k0
rDNuYm3Cepw
rDaqPXKckb8
rDwj_i6hWe4
rE9_6iYDsgc
rEJ9KFwQ4SA
rETAIC2A1Kg
rETQsiYnUhQ
rEzUk9E0jBg
rF6jKYB90rY
rFTlyQxoaFc
rFVBWc4zmdY
rFXPAJ6qB-0
rFYCVioscwI
rFeys-orIfA
rFkB7sJGI6U
rGMOIHGU3Ds
rGSFBIpPdHI
rGWNlbWPOD8
rGXJuKjtgLk
rH5K8NXrPbY
rH8GjEsurr4
rHGluEhG2Bw
rHMjiM0x5F0
rHYF8mYA9ZM
rHYYX-sk8bw
rHZYMsbz32o
rI3hxZQMWMA
rILCuiiFMf0
rIlnZHePG3I
rIvs5xvaszI
rJ1bNbvyfQg
rJUHca9HE8A
rJf2ebz7d-E
rK-Z3RQWFkc
rKOup6j8B34
rKYPSYSwkXg
rKlCGtRo8qI
rKolGvkByog
rKpT5Ybbd8g
rKtItFDQkZ0
rL3VLGMm3ZQ
rL5XX5a7AfA
rL9UwUsP4HI
rLAcuIlxdSA
rLCRuphdyic
rLabuslwQP8
rLdzPAd1kpU
rLnIPEREvdc
rLutVQcveW8
rLxsqD9ByEQ
rM9PFeL68bo
rMFeEGGjDtM
rMNTqYvDiyk
rN4Jr_xQW94
rN6IazN9cUk
rN9zv---cdA
rNUv8t1uxcI
rNXcbwjmevw
rNiNKT6rS-Q
rNxO9f87D8Y
rOaHwxOwqiY
rOhN9sGHFS8
rPMgcPbzDHU
rPOePMZPU_0
rPeivB0gChI
rPvGACj0aIs
rQRnsbLSIDs
rQV2se7AbJU
rQgycNclPwc
rRJbK0FswOg
rRddWMR0m3c
rRvC0d53wHw
rS0RuNf6R-U
rS_qa3exwZA
rSg5H2Ah3Lg
rSxwEJBW8c0
rT1g1pDM698
rTJq_KtMmkE
rTXM-IJGUys
rTazZRvlY-A
rTf9lQqSGrc
rTwNUYHQelg
rU3iuWum36Q
rUDwK5IEaGw
rUF66q9xw0Y
rUJGbbQShHI
rUOAImugtuo
rURgzgoFEdc
rUWGo7x4sIM
rUfq8Du5nXI
rUz8SRofqGs
rVC6RMLYQ2A
rVD50HMSYiE
rVQpAUS_V7I
rVcJ0puypIM
rW0Hjne3Sfc
rW816wHTA8Y
rWVL2LGuVEE
rWYsDilWe0s
rWkcVt5GY-I
rWlS2zeL9wc
rX3GMElCdJo
rXMcklX7H-E
rXqzwmtBvLo
rXv5Vbqex-Q
rXydkLLOn5s
rY9jg2oAoE4
rYCxKcujfxk
rYgaLT8m6aI
rZI8yHIF_pc
rZs7cf-we7Y
rZxGrN72b7U
r_0prRjKw8c
r_14sEsaCD8
r_FmMqMu_9k
r_f9ynA2w5I
r_iXgi1Hjto
ra_vj6oPpDQ
rah-s-hJwTQ
ralfTLwDMjc
raqM3A4YCVw
rauiBply89g
rb1NpaNzwAI
rb4jgKDFjFk
rbKHLNl3Gk4
rbSN5CDIFoI
rbbYxDndj2k
rbxqzHvtHI0
rbyqKfned8M
rc6Nxy8nfu8
rcDXwHcW6yo
rchX9SLszxM
rchmQctBn-g
rdLWfsFY13A
rdZMWc4XwuI
rduZ58auH4M
re3NIyDTutA
reXprt3q9bw
rgG1jhH5zG8
rgNoO9tqgBk
rgk4OYKNGno
rhY5NsvxiMY
rhiiszkY5jA
ri0iEvLapzU
ri37jhQyf5o
riYRlp9m_Aw
ridjowB-AqY
ripW4WNTqDA
rjBfDpyrgeM
rjedQSPQ28g
rjfpVIJrdsI
rjnjmkITGY8
rjpUCgW_xAo
rjqDrondtLw
rjtvsytLukw
rk__J6o2lIc
rkbX5TR1cQQ
rlhjbshjdfY
rll1U0XNAvE
rlyqCuXDO9o
rmAb-_l8zJE
rmF5onAzaP0
rmH3yQikct0
rmaWZtfwWx0
rmf3qAVkMow
rnD12n8ox-M
rnDqHSnT6AY
rnaQ86QjBGM
ro8zpa2xrcU
roAmR50vUsw
roIu8HPebf0
roMP6jS7BLs
roW33I5K7qA
rolorkBIgjw
rpID2Cm32p8
rpKkVr7yK_I
rpN4YcJOgIk
rpNSY_EVaNE
rpb_nhjLs4A
rpxGzLIghho
rq1Bo_tyrlU
rq3OHEiEykk
rq9tKUdIqkg
rqChvgK7Gts
rqE6S55LuRQ
rqF5z3V7Ghs
rr1doZYsh_w
rrZpaqgwI9Q
rs-m48A81Cc
rs1m4On3VHI
rsSILKrnvGI
rsYnWFw0ipU
rtLML6J5Dxw
rteirhAUUF4
ru1UwBAt71o
ru5fSjFQW2s
ruB0BAYqhq4
ruFcY0pPZ4M
ruKtUkLw9Ns
rucDxTMnJRY
rufGytjG9G8
ruxH7p0jqi0
rvC4Ztrjlsk
rvWbqzK5n80
rvhshsbIFa8
rvkB3hoJ7MA
rwUaGPSS_Yc
rwa9SxtYJ_M
rx71qSBJIKI
rxh0XOiYsOM
rxo3mqewiRo
ryGHKJD_yDs
rydf3_hlXSw
ryq2anXfWDc
ryzME1-uNS8
rz2lk3DZr9c
rzGsLcaBXjM
rzaIbpHcoy0
rzaUMg_eotY
rzeO-n82e5c
rzfZ8CTcBkw
rzgrgOAwckg
rzhzNsTnFNU
rzsWpYQ2mIs
rzuw7sKa1gM
s--008abNw4
s--2miauRQ4
s-6NGtRuRzE
s-9N0WyYJc0
s-XGP3dCg0M
s-ZP7v430po
s-dSg5ljQI8
s-nVq0pAKuE
s09BtECA880
s0J10f5ZDF8
s0jrUtC9fcE
s0jszQuTAXA
s0k4GF3f99Y
s1_OzeKihj8
s2De3OAgnF8
s2hmIhu53HA
s2v8kWg2K4k
s38W_YCeGL8
s3VFPi8HKDY
s3X-qy5Sr-w
s3hZOdT_0dk
s3pOOjTrOzc
s3t9htHpebU
s4DAH2KfKw4
s4Js2LCI6gw
s4ZrA3NpunU
s4fZy2JYc7A
s4lw-UK0vmQ
s5D2QKKE1sU
s5Ith6f_el4
s5wVvwcSGSA
s61b9cGmU1Q
s6EKhgxP6O4
s6MC53jQ964
s6MHiDcmWIw
s6RF1kPZr4c
s6cFI9IukBE
s6gsoFAI0bU
s6v3qQUydWI
s7fANFEdf0Q
s7l1bRxLK_o
s7rmrnzhd8s
s80SPL7ln8w
s85jNhLpAeM
s891WtuEr4k
s8J-vG9H6qE
s8Ljr8i_v1s
s8MkzBT-COI
s8vZVx3B9_U
s92YlX7SfIM
s9TiMVOeZXw
s9XRo57aEps
sA2pKiZ76is
sA7qhEsJR34
sAFCN--6Nj4
sAMSPvnnjW8
sAWOvA_H1Hk
sAYEfGw5hjg
sB9TDbCad3w
sBK0tIX4DXE
sBNFvZySCxc
sBPsp8HQQPU
sBQOkNnIPcg
sBZEsQBDmMw
sBixu_C4d9E
sBlXcyIlzhY
sBn42dOTIck
sBpvpriRDn0
sC7-e2JE8Oo
sCROd9LjMIA
sCTwCs1IPHE
sCWRE43EJBc
sCfVkATt1vs
sD50s1-5hzM
sD5kXT_jVa0
sD8ZoJMPjpU
sDWhhoaXVu8
sDoNU8g99lc
sDpI55ynP90
sEHhakzIo58
sEPPSuw26nA
sETQGxeTG5A
sEvdw0f-e9E
sFsKTkrOIps
sG9vKJlqg5Y
sGaL0jrizgY
sGfQz9suY9c
sHXNjSU1wCw
sHpKLxSBtDA
sHrZVa4GV98
sHsOTUiyx1E
sHuAKFgVjA0
sI71D0fTQhs
sI7iP4KRUrk
sIB5WzRq5AU
sIrQBERVgrU
sJHOgPqtbuk
sJldHYxnYi4
sJv5zv0X8eA
sKT2q8N6fgw
sKTQr2SNtpg
sKVp2vQoZx4
sKwt6bvnmew
sL59qI_6bK0
sL82fWvjMZQ
sLQwWFYQV-A
sLSdzaR_qm0
sLlvEtP8lOY
sMCJn6xpchw
sMNKOFp5HSM
sMQAz6H9MLQ
sMSRyg172C0
sMhISsDgdlg
sMloAm-nBIk
sNAryzE3YTY
sNFozK4bGzc
sNwxhQbJz9c
sNz9q0geXJQ
sO59afYQ5so
sOESTqT0yNk
sOYGzFhkMZY
sOv-r2TvIG4
sOy0KpSSGsQ
sP-A3KWCxIw
sP-_zWg61hI
sPJ7mIFPfbc
sPbiwfxoz2A
sQeDQhixXXw
sQhTtVOWd-Y
sQi_ZfX659c
sRJzP8jKSdc
sRYxE_VCbfg
sRx4DMJ5cfE
sS7T-kRMlqc
sSHETwzCMYk
sSKmPBsb7D0
sSPiy2WryC4
sSYAdjlbSUs
sSd4CbtOuAU
sT57UJBo1YI
sT8ag5kLzG0
sTL3-i3vjiY
sTuievsw918
sUAXFRPg9nQ
sUEdXp6TiUQ
sUN00aLE76g
sUbeg9On5Ug
sVE2YFGL7qk
sVObAIGvmPE
sVaXibTctQo
sWW8iNX5Py4
sWn0Ycb-OoQ
sXCOLWdt-0E
sXFqAGe4Djg
sXMrHIud5as
sXNAuzbGR8c
sXRep6Ag_a4
sXW_UeOs7pE
sX_aNzqL_rk
sY3Q-al8WIs
sYlwSPii60w
sZ5QWXsiblA
sZBFkUuXUts
sZFMWkhcD7c
sZGnnTUTmqU
sZM8nXHGCy4
sZRhk09fJMg
s_4uMnnf3v4
s_Qbf-uazwY
s_w7z9oRtyw
sa7dZlVlhr4
saa43ftxLWo
sahDFspmnik
sauYmHzTUik
sb9LjBmP0CE
sbkCR6e3Rek
sbuWl0iiMDE
sc6hKW15N8c
scBmiagfUk0
scGaoZbEBbY
scSNMr7KDnk
scltFfg2jrA
scxZkSJWavk
sdJkc_LX8Gk
sdxuGw-I5nw
se-Yr2gopao
seN2G3lIJYc
seelene3kyQ
segkJxzxOvQ
sekMX9L8xcc
seoEHoW9OGM
sewtVpsZ-PA
sfIu9J3t6PY
sfSisBu2epk
sfY7lhED0-s
sfbf3YDM5ek
sfgnGmOg5qQ
sfi93d5-dsA
sfu08T2Rljs
sg_TqfQHb-A
sgsJLQJzyGQ
sgwHwQ_mt64
sgxL6wo2zzQ
sh31yjwupKc
shLjmU3PutM
shQcUp6Oy3U
shWuQ_r_Jt4
shcggplJGdY
shhdlIn83_Y
shht4f0ayRM
shrsinCyVzc
shsqax9mT_A
si1Rid06Mv4
siLKidtaDMw
siMjewglcCI
sj-lruWizeU
sjE5pWGiL0M
sjJkcpBQDF8
sjl4Z5I32aI
skJeFhgKkzg
skJr2fQtnNc
skKfJKE_2_U
skaDaef968A
skeog_YPCNY
skfqwGjqHmg
skgZLsa-1bA
skr6FIXJU4U
slBX-OGUXoM
slEMLiD1Ioc
slGnfOvB0Og
slHwHIR-vGs
slUFzSBiL5A
slZv74H9o3M
slaju-MIiSE
slcr4O3aous
sldUjPdU8zE
slxKHQ2765A
slyTRM6-BiU
sm96XPLlBnQ
smxNvWaza0Y
snHHvUZSolo
snXXOBMlqBU
snnIJfwROnA
snpSuZHBCkI
snwEngN8iY8
so0D38Fcaw4
sodftSnji7g
sp3qZl3ifVc
spEZOym6zds
spEw0uNLxwg
spFSTGbrQ_Y
spLMfiLdPOg
spNYysW3k70
spXRlPzWA-I
spYzQe0GoPg
sp_g9yhCzIY
spf8gG5_QOI
sqHCNbYso_M
sqM53FasDqc
sqTwrg_itJY
sqYyEz0lFdE
sqtYOSAkGn4
srDcrJY6pOk
srUEQPlkLyk
srf3i1Yb60k
srsZ8k-i0bY
srsaQjFxoBY
srtlkKokG_o
ssoUyBpwvQ0
sswPgjQ17k8
sthrQF1H5aI
stpvrryFYCw
su-Z41bHTt0
su9cizjbHaw
suEm3aR-2Es
suT-nFGbDCU
suohUjVlE_Q
svJuaU-C6no
swFo3M6IVDc
swVIUInIqMo
swWN2-Bs2oE
swj2Fo3Z2hc
swtxva9MhOI
sx05tX_oGBc
sxWKajBxklc
sy6QxioU6MA
syCDozS9iOA
syJHHweNQRQ
syKwqL0nExU
syPE74g_U2w
syqCW465Tdg
syuw1UOisbg
sywctis3vjQ
szQfl6bp2ls
szaWWu_dKu0
szdh_fcibQU
sze_FNMu0NQ
t-7vKm_hlwE
t-T11I-fBUU
t-dQg3eLkts
t05hm9bgP8k
t0A9fyZuqu0
t0J0OKNhhCE
t0Q4nkqn_q0
t0mz8bqH_j0
t0ulamZ-KYQ
t12ZDTkPmzc
t19bRzGlHCc
t1BJ6zCWw_4
t1Uy3oI0bvA
t1WXDY-fGpw
t1XzOyNsz-0
t1qomjlDiOQ
t2U5Y8-mVqQ
t2_Hdkc5RtE
t2q5ad180CY
t3aY-ciXkEI
t3hpF0x41GI
t3tspSOp1q8
t3vZgbgPd0g
t4B_edFkLp8
t4EvP8_vJNs
t4O6cGKKUzg
t4Q4nVDAb9I
t4YVLVTCFJE
t4ksTe1_BjA
t51ofuO1fTg
t6643_c28ag
t6_0aKRThz4
t6pULYct-OA
t6pWt60qaME
t6rUhGySTQU
t6tm31c7CJI
t7U7GHRUC5o
t7sXcxH8Gcg
t843Ny2p7Ww
t84DuynjT_Y
t8Ahx7morJs
t8ZrwcXbjOg
t8bEMHzYBhA
t8dOBobq8Ns
t90_n-bAktA
t9MgyE9BCi0
t9ehLy3AHMs
tALG0juqRrg
tAS9_VQbWuc
tAfeyNFhqB8
tB-feYizlmg
tBEkBPHF3y0
tBJJcUuwJ9Y
tB_-su-qfDc
tBf6KuhBDVk
tBpZECAxZ8k
tByyX2mCIaU
tCBAhpfiBtA
tCeUrGq4E-c
tClYZ07DpQk
tD9pTxoeLhY
tDJ_fnB8Eu4
tDR8WShChbk
tDXWPm447os
tDvs4YqDwsk
tDxXpS1J2Yg
tDzcAK4GmxQ
tE5glqtF2Ds
tELlVz-h5xY
tEShrm4ctIw
tEadwB1HDuk
tEgIXt5bg3Y
tExkdLImTzM
tFGbw9LYgb0
tFJlHR9BfpA
tFTQD3MzZRQ
tFiL7NfAmys
tFy1uPpUT4E
tFzhWxYumU4
tGDj6k4zVsc
tGJhYy8DTV0
tGNCC0MIpwA
tGQ9embJ7Wo
tGfTVRGQiRc
tGyvLmgjdXo
tH6Jowp1-qg
tH6OZY4FmEQ
tHdhVk6oiIA
tHvBaj_6PAA
tHzy4zsB5d0
tIAxDWG0E54
tIJj2fjKJio
tIVo8_u0LA4
tJS3zyxv3_Q
tJUpjyX-9fw
tK0CkpN6I-U
tK1Uea5tjoA
tKLvFqQ1VrU
tL01JKQ4YOY
tL58Sti8ctM
tM5gM5YQ80o
tM5qFVnL_hI
tMBTbpT8Df4
tMDIOut__Gk
tMgvOxeSeno
tMtm8X-I87g
tNFEnfqeVjo
tNFiUYFHwSk
tNXFnNh1wyg
tNvtdLz53ok
tOAgDwfZeZ8
tOTU2-k3nAg
tOYwRtksb_g
tOZRj2RZ1GM
tOa_AEk15jc
tObPrwe10co
tOdL_zpaAZA
tP4Gy4e5dak
tP8BMlNn9MM
tPFKMD3d-v0
tPRG6wAOqg4
tPXTt85UuKU
tPjHLRYZiHM
tPk2xq9qqKQ
tPxTnYhVTaw
tQ0_Lhbv0Js
tQMiuGgXPNg
tQPnUnaKDeQ
tQQB25_EQKM
tQg61AcvaSo
tS9m7iAQOL8
tSGovI6rR3c
tSmF0YsRwjc
tSxaZqBLs7w
tSysYF6sKnI
tT1SdZHNnEw
tTUtZGhqp9o
tTXybbEZvfs
tTgfzdfDy98
tTmdeHCoad0
tTsH2grJXqM
tTsoIQc3y0s
tTwU5gbrSdA
tU7kqv4MHK8
tU8PQilxY1s
tUvuzHGD3j4
tV1PCq800L0
tV9kE7EnenE
tVBW6tOnIFQ
tVCrh9VWf3o
tVUy4SaNJ9U
tVlR94Bs8qM
tVtlsCDGcNM
tVx2gOLBAz4
tW5obfcZUh0
tW9n2Nvm7po
tWQep3fHkv0
tWZWE_y6dRU
tWamF6QmdXw
tXAA9KKiePo
tXF3f8dyoGY
tXMNEqOaMaI
tXP7Ck2g2V0
tXTQnBf6CM8
tXXbj2CHMzI
tXvgdtbzNyc
tXx_hBdnPow
tYFpdSlitMY
tYL1hTq3v3w
tYQqWyUQTFw
tYTXJGdh3eI
tYeIg1_MXzk
tYkNiq1YONY
tZ9iJOho1yA
tZDRzAm7FXo
tZnLnlSuEBE
t_-qsw5I5PA
t_2IMHIYk7k
t_DtPZxw3FM
t_NDNioP7F4
t_jU0RCAEGs
t_oraMjewWU
taEYHbU2ggA
taLStaCkwB4
taUmoA5DBqg
tabcu-KXnqc
tak5johSfp8
taqh-zX0Z74
tb6ikyegK28
tb6wDQBvDBM
tbJCqzTFGAM
tbQZ8iIkxz8
tbhAOpvvqDU
tbkuutyx5sw
tbmUspdpl4g
tcNvA5Jr_sw
tcOjgbUhbBo
tcUWRv76wp4
tccZxNVPAZM
tdUY8tDv7Yg
tddMp-iX83A
tdqQ6ieagBs
tdsp7VsUr9w
te94p5kV2NI
ten3IRsWx4M
tenB0Ex1LlY
terVF4Pm2Nk
tezlEba3mlM
tfBcbrdpJCs
tfsnSy8P_wU
tfw8jFOP6W4
tg5xuoI0tHw
tgGdDDu0ECs
tgVYH29-btg
tgiTwmXnz7Q
tgtQfIp8hUM
tgtr09r2IM0
tgyZ1xzPtQI
th-dSKFd-Yc
th0xg3I7yOM
th7EFAcR_1Y
thVSf2iwZXo
thcGBlW9s3Y
thhTRKnhytc
thjOSBQQsJQ
thp_Q0pp9jE
tiF3at9REX8
tiYuaVO7EIo
tikJ6huRBV0
tjJ2iMm_l58
tjOpnjetvBQ
tjWscHkzEEo
tjcSVbTYzkU
tk6YruMrx2s
tkPXhTmuVQY
tkhSy5WLipE
tl3_qVqsjHU
tlDe1xTr010
tlRKKWSm9yI
tlZoA4LagY0
tliokazwqyY
tllo6KP2-hQ
tm326RDV9V0
tmBYL9KhGPY
tmTgFLgJb9g
tmle6ePwHNQ
tmpa5IFrAJo
tmqoUjVRm8U
tmvyJtX9z-I
tnSPJuMZhiA
tnnLJ1do4kc
toI1npDaNIw
toRR7C4Lv8E
togLHKT3BrU
toh_iWsm_Qs
tone_ocAG6Q
tpD0Pdr7oD0
tpZMsz7gJUw
tq9M5m2xYHk
tqAdi5ov9fQ
tqUhf9NNVWc
tqbzUhekLdk
tqkw_6pcIjg
tqnJJP3-qEA
tr7BhrnDAE8
trOBLGBwt3k
trnlkyTfsME
ts-7ewcC7Lg
tsRvEEoW6U8
tsnRb6Kb2T0
tsnpnCSuyko
tsw2Ocm9R8Q
ttD1VM74RVI
ttmyp6w-7m0
tu2NG-JcKJc
tu5WCqhENLc
tuYd9Mua6aM
tufK5o1yLVA
tufq51sZfWs
tuhHAn4LsYg
tusRvOkUwZA
tusmvj7mTqY
tvQYd6No4H8
tvg7N5KPYNs
twX6NXQu-yk
twfFFBfGTz0
twiSzvYQI70
twmc-ndLTWs
twnySb_pZyo
txWO9JmPnQI
tytyw9qhKR8
tzHH0dP0vh4
tzHzIgbjx-U
tzOCSnOWCjc
tzZ1ovgubkk
u-Ts6ysHI6g
u-Ywn_j_5zo
u0HWEFzNtNs
u0jJoLJkO7I
u0reZgGlMwM
u0yrEQIALDM
u15gYFGKNRU
u17Q1Dyokjg
u17nE1aBhyU
u1T8raXWH2g
u1Tu49KW6bY
u1tww8gsiZ0
u221_pzJBXY
u2RCh8hv3OU
u2T3de8IAws
u2UVm1Dcms8
u2sry2-VXGQ
u33Xp5grn1Y
u3bALbpFrQw
u3eoSFfBG6g
u3z1EQPgEk0
u41Uw6jsiUc
u4VwdLCSgJA
u4ennWh1BeI
u5TlUxEc18M
u5XwT6fc_Gg
u5hYJRszjWg
u5rlHw3pPKA
u69v1GBH4AE
u6NtAardBds
u6Oo696hQT0
u6fypjC1Bxw
u6jmugiZNDg
u6s2MngMT3c
u7ZWxnOKLjI
u7lAFI9lkmg
u8DUmiKWVFo
u8KWgQcL_3A
u8RRgBNIS0g
u8ql_Dv7U-s
u8w4MBkUWgY
u9VfcbJzSLk
u9oPCpFRPXA
u9wRFMi1D2g
u9yX42azaHY
uAhnQPobg5Q
uBINprEJaOw
uBVo23ofxi0
uBo2KsL-DXU
uBwhYlcUlDQ
uC6t_pwTpkQ
uCDN5bl2EcM
uCMqYTolUm8
uCWRwBDwUDw
uCdkOYaD3Dc
uCxWyBUzJ9o
uD5KsoJqr94
uDHPZprIS6o
uDYpN3_bPm8
uDdXa5BmDBU
uDnp2wYykrs
uE814BdteF4
uEDGLT_1ZG8
uFJB3thMUns
uFMWKY8Gn7U
uFkQkPhfz3Q
uFqK2ODZgWI
uFqSpruaw_U
uFwn3tCzPhU
uG2jEcfKhno
uGIGmaOAmmU
uGVI8yNsyac
uGfptO4YEHo
uH2h-PH4Wjk
uHW0L7Rv5xM
uHaG6EIacuI
uIWaoIOIzv8
uIkguSbLea0
uJDVB5rnVa8
uJFMobRkOiE
uJQXJ2Nkl3U
uJbJRvPSkbo
uJuwsEt8kZs
uLASEJGN6NI
uLFUlDnrr3g
uLNf8xb5WUg
uLT9BS4eGUc
uLjbmhPFAF0
uMut_x_-rPA
uN-Kk5dFt9s
uN1wl-swFl4
uN63Y3hNkAI
uN8JlcNfWeA
uNtgESmPzUE
uOLG1GJLfas
uOM49Us1SIE
uOcgxowATQg
uP96fWlrlSQ
uPGYX6KNmU8
uPMP-YKsS_o
uPPOFgdipA4
uPPhYmygDOg
uQ0qKowKmso
uQ39r9tDtxY
uQDUm2bhSeA
uQO8prLcS64
uQjg4eUo-oA
uR2zoBgjuws
uR7Gfeeb8vY
uRDaVMzioss
uRgCFjeYCxE
uRnqOTAEgRY
uRxeTzYoQ_4
uS8VotGbsrw
uSBZRBMP8UM
uSWzCQM4NJY
uTJR_HCQUe0
uTN0fIMwqPs
uTYF6Na2BDE
uU3heb6MmbE
uU9Hjnpve1E
uULSrOMlp6Y
uUt_yJTkhn8
uUteg2YQz7U
uV1AWYm-xRc
uVbnvs_8OC4
uVfyFEcSnhI
uW8NWPXiZGs
uWFOXL7xfD0
uWIu_-l_mTg
uXSYaERLrEI
uXTdNRHpuog
uXX23DgZgO8
uXXtkBNQ_RI
uXvjZDmJ3iM
uYFi3nhhgQE
uYKaNNmtD2g
uYzecLRMxJ0
uZ7w-V_zRcc
uZHEQnFhN5Q
uZI8UoWqHj8
uZp2-zXRibU
u_88rEr_qAU
u_CRFB4t75o
u_HN26Ee4rU
u_SEv9EbfGQ
u_oum0qhS1Q
ua-SEsb3P1M
uaGdBRrmT5s
uaOWwVgfUKE
uaSSMshiB7E
uaU32T7agas
uaUQV6hme1w
uaXw1KWy8M0
uab5Z_z0cAM
uacYJ6G8U8s
uakZPuaSr_g
uau8EGZtUWQ
ubHMGIjgYWk
uc83lKVP2fA
uc8BcT9HR1M
ucoIh-27TTI
udnWm6SlDAY
udnnFZ-zGww
udplVY6z-_M
udq05u55Mb8
ueaZgk_qduw
ueoQy5ndrx8
uf9ZMW6H_tU
ufAgRS5MlmQ
ufDjpiUdQsA
ug5coxz8hGM
ugD78mqIJgU
ugE_qg_xDRM
uhkPb1sgI74
uhkzvUSVv4w
uhu12RiJYL0
ui3C8yGk0MA
uiXYcUs5ZFU
uirU_m1A9bQ
ujFBv8oQWN8
ujGh6Y9TkEk
ujPy4wy1TDY
ujTFvTFFlwo
ujaAbqIjx7I
ujnk14RjWf8
ukK18ykWp_w
ukqxHYOYeRA
ukz09gTBMJU
ulEg1_BsL50
ulg3pxHfY9w
ulu_Fmuw_08
ulvah9dPtjs
umBp4dM-FJg
umH3Si9Q_48
unfDWOAQ0L0
ungcPxh88r4
untOzsnD2M4
unx-AedkifA
uo1nEWiOz28
uo1nrL7ZZVI
uoEBCdiCEnM
uoWAjpZ7BOw
up10xLgNBmI
up78rvCUn9I
upF6m_syPO0
upWDKP7CdIE
upaGV1GSqr8
uposcdtsCCk
upqG0P0Bgts
upru31zCeNU
uqHzcUu_zlI
uqOZHzRh_gU
uqiVJhR-MX8
uqrqOCCD-1M
uqtEhqjyVKk
urVLqLkjIj8
urYWjQlVIvY
urhNMDzjfJk
uri4hpo25OU
urio2zzyRbI
urnIH4rgsIg
urpJ5zTkXk4
usEPIVuRv7o
usIBPVngFD8
usoEV4eBggo
usw0EVZcV-4
usyzIRIAxO0
utCXb200qcs
utqW0NCxo-o
uu4cr6w8vHs
uuhqZ0DvqQ0
uurLPbAhC6w
uuuF_Rqp1iA
uv2PLimTC6M
uvCmDFNfzSA
uw3y5NljZT8
uwA2rHfr-Nc
uwGreCJIylc
uwtJNpmXkPs
uwxAh1Im048
ux1EOwzbMUs
uxXqXO4cS9Y
uxtPSu3nBzo
uxtqW75Mpe0
uyA_etY6uss
uyQFTyDgVAE
uyS7EAQ0VJ0
uySIaB3m4oM
uz8JticYCcs
uzCSDPcYRM8
uzFo74z55-s
uzNbIVjxvZw
uzO5hokQOsc
uzcmqiy3Dak
uzfAvrruPqw
uzg2OnUwtwg
uzp8Wh2aiag
uzyW53KsZF4
v-1FEt9EXZU
v-1GAOtAeko
v-52dqHxLnw
v-w_K_fSekQ
v0BVVUte_o8
v0IsAFDnADI
v0Nnvr0A-sg
v0anMsLoAnM
v0nS7eojSB4
v0xTd9vMKfg
v16jjbjs5tQ
v1SrdKcSZDA
v2DBEiwpOAk
v2WSQr6lT1Y
v2YhaUKAoEA
v2fBJzl0HEo
v2g9I_trwkk
v3ac0cPhajc
v3o5oQvBaeI
v3pthUFV8p4
v4XTT4GA0OA
v4ify22k0SU
v4in7MfNDeU
v5LDUgoY0OY
v5O-EyWAPQg
v5e-OjTUGIw
v5r7lOi1QxM
v6NMVuMldJU
v6PjcPs5Ios
v6U7s3Xxa2c
v6V7N3AQVg8
v6bE9H-lqhE
v6j3yAlQG18
v78o30IJ7cE
v7NIl7fkm78
v7QJKSo30NU
v7_lfGIohK0
v7hGSwUZuDY
v7ppqvS6u6g
v7vl7hZQwIc
v840UukXkss
v8QriRGxT_M
v9RU3POoJMc
v9Rt5IZXWD0
v9sQA_s7sAs
vAL3iB6R9nU
vArgQ-lXW0o
vAt1y7NECCw
vB-CdOSl9oA
vBDIZQ2mh1c
vBIT2LXUk1o
vBS8pUbZrSI
vBWYegjnwCE
vBg8M-kFMWQ
vBgUEGuN4j0
vCBgR6GqUBM
vCTJFsHXWLY
vCYAMxbJnqo
vCpzb2WZwyU
vCqmMHzU1LQ
vD1etFxmdT4
vDJf76ZS8R8
vDJuvD3eqhc
vDT0cP8TJKA
vDX1UC1Zo4o
vDbgTXWB_sw
vDiVjJA9420
vDqoBgGJhBk
vEFN4pOlbF4
vET8TgYa72E
vEUGIecQbrs
vEcYl16jJ1c
vEsxNhXY_wA
vEtauOzF9zI
vEvB_9ah_pM
vFNnLrVZ6xc
vFVYxKP6UbE
vFrJXcJiPa8
vFrXJOzC1c0
vFvlvZ98HUU
vFzSJ-zBX3I
vG0dE1wEhHM
vG2M9Mzss3M
vG5BRgJqiaI
vHnDtClZxn0
vIBplUadnIo
vIS08z-Jv_g
vIW-JvTfNIg
vIYPfGbIl0M
vIl9fZxlTAY
vInOZAqe7cw
vJ3maxgxszI
vJ800jLFlFo
vJHbZqTQMNY
vJnPe5XsbAY
vJpeGONPCI0
vK1Ch9ltUwc
vKIRP694TZc
vKMVZ3eywsY
vKtBRNfKEIw
vL61UUOGuTw
vLiFyX7FW9A
vLxNJVGW5eQ
vM7S_h-75Tk
vMP7hFr9sto
vMnbgDAC14k
vMuzsfaQ-9A
vNAwcthP0zE
vNPQgbUfElg
vNRA7HYemIk
vNms2ehOEyk
vO5ZBd5eXGI
vPZprAL09Sk
vPaRnmYqBxU
vPoFNxGm8ok
vPrBNEe68WU
vPxkn9anb78
vQJkz05Oe_U
vQeVpBdP15Q
vQjvpc9rpPo
vQwHvnW4xQ0
vRG3C_snfMY
vRKux1qKBHg
vRWaXSEWsWM
vS2Tl-LuqYQ
vTBe5JkglTg
vTTKgU1VLaA
vTfMKwbcZ58
vTwG1fBQ-E4
vUQQ-XUUAa4
vUZF7A_n8eY
vU_r8eb47EA
vUcfGN4BINc
vUe1c4biqNM
vUgdPmkmXq0
vUid6Hpeu6c
vV8bNSLD4l0
vVEzHCsXIV8
vWO5ip4of-8
vWPyTn_VEK0
vWWNskSohC4
vWnR7NWhaVk
vXLDFYTRT7U
vXci6S8dsEM
vXm1ktWir74
vXzfVWyKgoY
vYMOFnJIzU0
vYOi5O7t1Zs
vZM7WiW9WBo
vZbeMLga6gA
vZy-zDhBSq0
v_KNRhNgZ1E
v_nbdcPB0iw
vaEd9lrd2B0
vaSRTJntuI4
var-iTL9TRE
vaxGKVSN7ms
vbMUTUj8U3Y
vbP3hrral8Y
vbtoiDUx0yo
vc4aP7qcnE8
vcqRBGWsPus
vdozzXgwqvs
veejBhFrmkg
veguO6Fh--I
vehZTHdhDX4
vexqBCX8ej8
vf02ftu_Mlo
vf6qwuCl-DY
vfG12DM243o
vfJp46QcanY
vfKGlaRsbkY
vfLNvF0Mxyo
vf_eFC5ySSU
vfv5Q8FphWs
vfw8IneRB6Q
vg9Hd_Up-4g
vgYkpf8Ph5Y
vgi9QGvMMSY
vgmzCkY-nHg
vi8uWVntYn8
viX4eo40I74
vih9lTQmB00
vjExSt-nIf8
vjTYggkWYDc
vk3_dLElWqE
vkkvMDSA76Q
vkl1qSgMSXw
vl9GR-eLhJM
vlTFIBEsfx8
vlw6-7oWNxY
vmEGEQ53ZWU
vm_ZubTmXP4
vmmWUPu82Ys
vn8wlrV9G_c
vnAR3vY9S_w
vnGfDy5teqw
vnqWcgbXTKM
vnqs9Z-_G-4
vns7l-87CEs
vnsJttVslfU
vnwyhNQrmVM
votsmdKuXtU
vozueh_i2ZQ
vpFGa5BcGlI
vpJJjeP_ZBY
vpiN4hxHkiA
vq-XryO239Q
vq0xRRSoLmM
vq4tD1a17pE
vqWsrLhO4BM
vqxGS_1D32E
vr1q1HhumPw
vr9GLDs6PKw
vrCzNNJgC08
vsH-QUV6kRM
vsSYE01pqTM
vsVAKqfoCho
vsfamljcm5M
vsjTK9ERzLU
vt7iYPIjDdI
vtVg3MoRHz4
vtfqIuOFgic
vu5qF9RW-zk
vu7iXP8YFqY
vuqIN0qmerg
vv4tJfiEURk
vv8xNaz8A_A
vvFOkDIRHX0
vvMjeqq7qFg
vvPHVrU4Tmg
vvRHKbshrOs
vvzcZsdqsEc
vwE5oydDVFo
vwMmXIoZ5z8
vwSCo0OMLm4
vwZmoCOYSHU
vwa_uWmDwl4
vwjjK0N-KDs
vx5Qgp_0V50
vxQK8phpF-g
vxdpUacPsgU
vxmiqV96Bbg
vy9XE1myAXc
vySVew2Rhdw
w0405oXUASQ
w0anwEIXFT8
w0jh0l19ccs
w17BdrBRZX4
w19qw1V8sug
w1ClA_ADHB4
w1SaTgUmok4
w1_qr8taGXo
w29hZPIK6t4
w2RIaHBCnNw
w2b1ttTCuAQ
w2p0Cy03eVM
w39a-a3gA9k
w3ixfwx509E
w3xaYgk4kqM
w4YnqQjGFqI
w4cvUBcHLwo
w4dozw_Uwdo
w4dyAOrfASo
w4yHUPe4KL8
w5Tppd3HO8Y
w5dNK7Xodwk
w5elGyu46mU
w6CuFjiA4WE
w6MRBBcKD1Q
w6YkJRysW2g
w6eJdtltlNE
w7Qeem3TH88
w7RMUz3K_4w
w7dXsvVZIsk
w7ob6gHwzBc
w8-Jn357OHo
w85VPa3wMDs
w8CX9TFmVU4
w8_KQBT3fCM
w8ue6g6nEHQ
w93e4rXEj9g
w95I1UGffwU
w9EB_YAb9eo
w9HTba2HZck
w9NQvHI_tWA
w9qPJvSlfd0
w9z1jOgHdhs
wA4J0eb-If0
wACE6WcNuT0
wAFZnSg106Y
wAYluhvu0sM
wAb-5l1KzMM
wBCDFzoE1rM
wBhxsTmrnmU
wBt5yoBc1SY
wBxiP8zZ9qI
wBz7n7kBk3E
wCD1jBSMIsk
wCT90L0sJrQ
wCTQ83wV8qo
wClFAvBdU2U
wDB8aEBg3-I
wDGB-HMNr6M
wDHFgUi3-7I
wDQEq3Z1Opk
wE2VwqBnV3k
wE87fvDvUPk
wEALSuQphTY
wEBFoU1iIFs
wEDJo5PZL6A
wErQkcmGTpQ
wF8Gto0OUJM
wFFyK5XCV18
wFIwtcjcRls
wG1XjKmQbmI
wG3YIziw-Tc
wGJHWKOhsdY
wGQhQjOR8tg
wGh8f0YHipM
wGkSUjft4W4
wGt4Jk3oaxc
wHIBYaRPjFI
wHLiT6rad9s
wIFYnjFUBvk
wILLGfIaJvk
wIMcmIuzkhw
wIT5SIrUkYQ
wJEmKIdaHx4
wJMG8UDP8PI
wJc6mTXeLvc
wJsWFTCMoxk
wKhX-Su3vkw
wKiGFKiiq4A
wL3OwDrk36M
wL7PBh3idmQ
wLjaK_PQ5ws
wLssXTburHg
wLt9ajsIEX4
wLwT4cv6xU8
wLyRNXibIh8
wM-yjhoYMl8
wMJM-8pK7lA
wMS8Vxtzo4s
wNH8tK1NuZE
wNON6N0jL2w
wNch9CFB0nE
wO82b0fx4kI
wOgve452RIs
wOw7YadLATk
wOxSz7neIRc
wPG6XL1A_P4
wPvjDOIJNTo
wQ-Gp6XOE7A
wQ9iU3i2H34
wQMjQS9k1iI
wQW1rnRrPx4
wQilGRsZv1Q
wQkte17hEks
wQxzn63h3Q4
wRaRsIXAw90
wRhms_HoV74
wSAwzjEV1Qs
wSUUHx7zFTc
wSZxDd7sRs4
wT0EWWX97IU
wTYz7c-5b2U
wTwPguDo9ig
wUErFqqfysE
wUoF68ea_nQ
wV9xtEJEghM
wVO87cL6uUY
wVh7z6UrK_g
wVp8es_W8_8
wVpnpaGUfYo
wWBS7-3-CX8
wWTEUe7CRME
wWdsuT2CAU4
wX8xnHa46FM
wXNaKOLnQzo
wXUwprBHYYk
wXdqeLEgmYo
wXoF-264z0I
wXqrUCdnYno
wYUrI9vsqe4
wYdujkN_i0E
wYl9l7k77eo
wYqSAw5X1TY
wYycXkAtEeQ
wZ5tGBDmFmc
wZHhO3DDl2U
wZNlK7v79S0
wZdbFNrwh9Q
w_EzRQ46Wg4
w_hpHSD_OCI
w_o0equXPq4
waEd8tkhyow
waJM3voFouc
waM7DsuhX28
waMeIbn30Ug
wb5sB_Gu21Q
wctaXQ5-1z8
wdJM_yiOOSI
wdh2-wWO-gM
wdkVpHaAY3E
wdzP5DPKaXw
weFD7Hr7OL0
wegEyL9vLrs
wfLDcurjefU
wfNFUncxRu8
wfvNnRFR2Is
wgGPFk7S-1k
wgNGZO-hcRY
wgkiMeixipo
wgoTt777gXY
wh8Upkr2IPE
wh8tF7Fsq4M
wh9xFdMoxNM
whOfe2Ge0HA
whU9D4pVDfU
wheRwVYEfT0
wi0E8P26t9E
wiA1ulideR4
wiVKHhDIhcc
wjEo2kMvp1k
wjI4SbA_ihg
wjXxFBoJ1rA
wjbg_YVdVdg
wk4NPukvnIM
wk9OrNRwr7A
wkNS6_-j9_s
wkNWmlZnkyc
wkcTqfpv4mI
wkfGSFzmdBU
wkja4zrR3xU
wl2mVaiQJEM
wlSSa61eRow
wlc5xBIcS5s
wlsTE1-FJBw
wm0Z0IIFUbM
wmTMqRktaqI
wmVzqzc3fgI
wmY5Ah0JLdA
wmeCrdOXGSo
wmwpNB5K_Wk
wmy-bhunwW4
wnGfSEzSA7A
wntTYkegf0s
wnwYaoXX4Ac
wo9p-I7IxTM
woBCjXwCvXM
woDb9meZ9SY
woFTMwLJilI
woVRO7ZjeBg
wocYTHsVzVI
woyg2kYmiNk
woz1OT8bJRQ
wpLSzObMbSk
wpbBwZuJklU
wphpi9M5ayQ
wq4p_rLB0aQ
wqARLTdWfb4
wr3uF8pKCT8
wr7MyaFBPIk
wr9Etbal5Hc
wrPpO3_H3Nk
ws9YWSsPdO8
wsFAu3tuM04
wsXDtit-rFU
wscfdoWQ7J8
wsojBME3_14
wsvJhE0_2q0
wtCOGuVlIfo
wtok_7RbgxE
wu5P_3IxJ0k
wufykQtq-5w
wv4rI1Og2A4
wv5xRNnPodE
wvJSkGd-t6U
ww-0Y92TmaA
wwVxYvCWBik
wwdV0LaI5IY
wwiKWLj_Blc
wx3xZ3BiGbY
wx5pftr7I98
wxVEf6_7wA0
wxWrsfOUD1c
wxdKL2o3ai0
wxgcSfmuW8U
wySEAZxj1xU
wyototP1TUo
wysN417Kfm0
wysfCAaxfhI
wzQULKrKIvY
wzykmMgEtNA
x-GnexX3NSY
x-LtFkJnYZ0
x0RFTsy5XDI
x0fT_IKpocs
x0olmxKEK-E
x0qx1I2jaOA
x11erDPmVno
x1DQFtXyWII
x1K5U0lzvCE
x1rEnfl81Hs
x237AMc_46c
x24cuzKzC-A
x26N6nD5QCQ
x27uUsScAA8
x2ftDCfYz6E
x2ovO6XjDu4
x3LTNL4m_OE
x3P0VthetIU
x3jt4erL4Gc
x4AlWhmSIXU
x4SoLB7dBVY
x4zm3WNbwWo
x5FS-sGkgR4
x5dP9mdsnEM
x6LYmsM1tdc
x6P3Ga9Tn0w
x6QuNDNQS5A
x6XwJM7N0ow
x6ZmoDWkTw0
x6dDvmBZqUY
x6hmeuioOBU
x6ktuCawtRM
x6zPtA2qLEU
x78bvHcWYNU
x7EmrIyylSA
x8BOquilV9c
x9TJSVeQHXc
x9VNPqTrC90
x9XaopMfO1g
x9ZWX5P5uWE
x9vM69F2Tc8
xA75iz3qDRw
xB7ArRaBPlg
xBOgZypxZy8
xC1X1WKinbQ
xCDtKvjjyNU
xCMlTLNuutQ
xCMu9kaI2rk
xCUOg5oXH1k
xCnwS2bPQkg
xD65eIRW3VM
xDNY22pOJgQ
xDOw4WevQpc
xDpPnJoe4Ag
xEC_B7HoeLw
xEO4EuxWBuw
xEPS5cGlqWU
xEcI0lskCA8
xEfyVduPd9E
xEgWcehH3CQ
xEiGH4ZY-ns
xEy9B0G79X8
xFAGQUEk-9w
xG3TVV4pRVw
xG5QsmQeUCg
xG5uVOjTREk
xGRZJ5ZKI7s
xGhstW4e2uE
xGr0U_L4FuI
xGu1eFs_Z5U
xH69xc9HGa0
xH7QPbNEY1I
xHNJWKBhQ-8
xHOaKegOugs
xHPB_f-SL2s
xHYXNmSMRPw
xHnuAAGk7Uw
xHuhVQjVCW4
xIVVFwGao8s
xIbPCAbzaeA
xIc5xCP2CBc
xIddaJ0Jt5E
xJ8mHE-ayAA
xJG4rizV0QE
xJN1i_QhrkM
xJge06NR1WA
xJq3g5jG8Vo
xJtZFFiRD7U
xKGuzdvnuUc
xKODqTT7zmg
xKS8jsrsZB8
xKZ6vjACwwI
xKuEEvJbdsk
xLBjMUlCiGo
xLC2lBWkf0c
xLj3Xy9qMOM
xLpQNUkgTGY
xMc2SOKOBOU
xMg9nx2j3Bg
xMzkJmPrDRk
xNXNDMw5Rwc
xNa-3pMMXgo
xOGcBFuGew4
xOrcPfH2TKM
xOsvRO0Q8Rc
xOx1f7SPzH8
xPBmeHCi2eo
xPO4Dt-GaGw
xPfyJpc1Kdc
xQ-oQMZaEq0
xQ6sJftDtNo
xQF1DlGJ4PI
xQKEgVxbQNA
xRnzyux7qoE
xSuJqTT8kaQ
xSxS5Cz05ho
xT405jpohHg
xTtcZ86uHRU
xTyT-FaxK1o
xU7QftWP07E
xUXLfhtY5qo
xUlQuai1ZTQ
xUob5GwC-uI
xV3p0sTz1zU
xVcTe4FK4gA
xVw1vMRu8e8
xWVi5q3elJk
xWY7jZOS8Pc
xWZndIMwHYE
xWwlvcY0EL0
xXN7pX2NRoQ
xXreWBO7IC8
xY0jThbj1jU
xYBgzX8kF6c
xYFzPXf4y6k
xYOX_qZzaf4
xYpaKBEiWLM
xZD2BmkTvec
xZJMpDo5Vts
xZeNT0HoXhs
xZxM-HIKKR0
x_AAV3f5fKM
x_NihRC7W0s
x_ZYPHFYe6I
x_ymSoX3Vas
xa5XnMXYajo
xa7nJ5xgCmU
xaECQ5KPai8
xaWwCeDxu2k
xaX-ZqRun8E
xao7olP3AOg
xbmt-F1Y7Lg
xbvQcmGMCmw
xc9N8bk19u4
xd9u0S8uV3E
xdIcj8jj-4A
xdRW3fMeUKM
xdqa96j9KSs
xe4papf1dIA
xe7La6b8iMk
xeGA7RKUM2I
xeKdllLwMV0
xeezTKrlWDM
xfzeARlBzV8
xg5ZyOabVWM
xgT4h-ItB5U
xgXxhLAvCzc
xgc9q6xy-3U
xgepEsTDlaE
xh3LRbywtkM
xhAGDUF9HWY
xhYcf1jku5g
xi5Q7_DqRZQ
xiM9m0DqSK0
xiNgFHjTjlc
xiYDIvtWGhE
xiZNQfod6Ho
xily6acWFoQ
xiq2I_-jzCI
xivH39LJ5J4
xjYOopQbWxw
xk24XcBsXKU
xkXI26rjQDc
xk_2gwCuPms
xki1J3pK4NM
xku04JQqDIg
xkwj74Bcm-w
xl1hvzgFEWc
xlTiINsbWpM
xl_c-FP43gg
xlb60RbsaEc
xllHZg-Ge_A
xmm-Lw_BAso
xmmgCigOtb8
xmmnpd_xh18
xnEvnh2M1Fw
xnOGNRQU6yI
xo6HQnmoEsM
xo76uBmfCeE
xoBqiRNrm6I
xoHnuJhQRcg
xojrkIuYTk8
xp-SWfDX6u4
xp9NPQj7KL4
xpGOBW1C8Fs
xpHjAdrSmV4
xpSbKfXTzk8
xqDi8IEXjTQ
xr1f9Q8v1eI
xrgYN0G5RIE
xs0fHQF_Hbc
xs5611Ivg0Y
xs71ruDNI2E
xsA5YQz362M
xsDfpYVIv18
xsaqunPOeSo
xseQq16FCWM
xsli9RS_dRc
xt8NEsOjjsI
xtXKrRmeHGA
xtar4eDaFkY
xtlchPd5EkA
xu1zrY0SVjA
xu8GAa31vjM
xuJn1BGrpg4
xuYNESJRggw
xuvEHu8VlYY
xuxZTqcdLwE
xuyD4w8Iox8
xv5QNw_WL3A
xvNJ6qvLJqE
xvbrqnHoi24
xw1-UGT4e2A
xwRiub-Efew
xwTxsi_SqYE
xwVpLD_0B-o
xweozmgp9F8
xwlI_CWSsyg
xwmgGoOv6-o
xx1BjSUqdQg
xx9aH_Q0YPU
xxFfiI_mjZQ
xxMnZ-WJMjU
xxSwryH3C34
xxtAXRli7D8
xxwTIkYR80s
xxx3xriLFqo
xy0hmxJeQD8
xy7Vd5-4rfQ
xyH_MRJ1C0s
xy_KMsGPZjc
xykfzNapmSs
xys9aO0s-DI
xz3VqzCEWAM
xzJddQBQFXA
xzR-UwzmRoI
xzbkzkaE8No
xzeny3eaFBw
xzhDhROuWI8
xziZfKvyz_Y
xzu4WCHVkXA
y-7fo6qZIVg
y-DS8hWvA2I
y-FfjLU67u8
y-QNQH9otmA
y-RJWoUcLJk
y-XqUkvK3Gc
y-s8M3QBroI
y-sJ4RjWpTo
y-wkuXxZN44
y03B9_my95M
y04hZ323J7Y
y0BHHGptmMw
y0iEtIv5Cto
y1MKAdSZ2ts
y1ZFK7X1JOs
y24WFAooaEM
y2ARw5TyCXU
y2El5Uhw6dQ
y2IyzkpB9Dw
y2hj9BwuIOU
y2pHs0llktU
y2sBzboX7fE
y3-TcAaD6GU
y3WlohS3A7U
y3al_9jQLvQ
y3mwIzbpX6U
y3qmUCo4Npo
y46FujJVMHk
y4DlDUuYyLs
y52iSymlo28
y5qXdw_1vOs
y6h8h0OIsrE
y6vl5CQZic8
y7C5GWs8-ms
y7DyxNHQI6I
y7H0dT3HynU
y7V2dbTk1mQ
y7X96w-IdM4
y7Yyrt2I608
y7Z4XRSNTWk
y821VmCDt8I
y83MfZR4NvM
y8PvSYJTNUw
y8SwQiiZ0NY
y8UEfca0RpA
y8crm7akAi8
y8h1qHcpl94
y94qSRp_cYo
y9ZFvx3Z3ec
y9hjgPXzlTM
y9qCax0CD_8
yA2vah5giTk
yAF-lr0YEt4
yAKZFGwMcds
yAcTC3tgAEM
yAhSrLZhNR4
yAjy7pNs8AE
yAlUbq7Oie8
yBZfyA5AFT4
yBbN7vQDDS0
yBiBdfcQtes
yC56OsnhCLw
yC7_7d0jXOc
yCJ68Vrm9qc
yCiA_RFhn08
yCiRaA8Z5xM
yCnU3C1ExNE
yCrlopN9ooQ
yCtul2jmcXo
yCyq7huwdgw
yDDBKniQQDU
yDqP2KcBbdI
yE2EQ6xhkCQ
yEZzOMLrxWs
yEbWDqqPjPE
yEnd7tnMmmI
yFB4sVnkoLI
yFQUKYvReqc
yFU5Jsd8LaM
yFYG-zy9JGU
yG3VI1whH1M
yGBsKmeT5iE
yGFMoe93FbQ
yGXoBpducfo
yHefOVK0Tw8
yHyvzVSAGGU
yI4zqDeXHc4
yI9Rnd120LA
yId-8jJkX98
yIiGwSBTJPQ
yIiPBxjYDm8
yIxGiPmevVY
yJPQrYSgwOc
yJi5iLVSrRg
yJk1XP9tUXE
yKESHdG7qDY
yKydYllju6w
yLMwTe9mhXc
yLSdBy_0ojM
yLc2_p17Spg
yLqWcdvmdvU
yMKEwCuL398
yMZVWZNbWjo
yNB8hFNjefk
yNN86zFwCNE
yNxqYHSyK64
yO1SxcPiEoI
yOENZJ4LZUY
yOnllDewKPU
yOwKzzRHLZs
yP713dOCgdQ
yPEWfEh582w
yPlUCzQl0aA
yPw3izgliDY
yQ-oOzSo1io
yQUU2D7F6nI
yQjtLF3Z4pg
yQya3MX8Bdg
yR7AYaL3vyM
yRF2ez-wcYQ
yRbVt5UZRrM
yRkEExU-o_I
yRwcwu33JG8
yS9XuhfHgPk
ySOleLqrIdU
ySjtT21QrJM
ySoAhGuCbgM
ySx2KKTS4Pc
ySyU15hjheQ
yTRe_t-0cfg
yTn16LE518c
yULjwS5Ktog
yUQvUk6cBAM
yUW_i3Hb9AM
yUY54uIdlnU
yV9w2hVs8v4
yVL8EHBYfKI
yVU_ISlo_TQ
yVnedyzvzIs
yVvJypRctF4
yW5sdqXO_-0
yWLG3R8olok
yWXuQ59rvNo
yWdIyB5bb3U
yWdOC9k4YHY
yWmUSq8LbTg
yX4qK6vm2R4
yX6NVDXye04
yXX93w18y4A
yXcRDMSZFSo
yYYjjbm7jHU
yYpdbyporkM
yYqq8UgX3xo
yZCF_8q-Wmc
yZNWJrnQTZ8
yZQ3erJtKH0
yZdqfRaccn8
yZeBrF5sFjw
yZsRxR3Ns3A
yZwHZqm4rIU
y_3Q-GWEsBo
y_bCLpCc1bg
y_ozQA05Zjg
ya2heq2DdOA
yaBjHCaiKKM
yaWBSQ6miV8
yb7GoC3ghuw
ybIiI1xv4CI
ybO389R-DQE
ybiB0aKA9Pw
ycKFopTPGpc
yccMTytSAC0
ycvESkCgmJg
yd2f_uj9M58
ydMA5ysGgeg
ydQq119R_Mo
ydk6uyVawys
yeKwRqfLMeU
yeVwgtcaOGU
yeXeiGlLyc8
yeruoJOPFHw
yewFwpWVYzI
yexQNjTB8OQ
yfEEfBQWEZI
yfGmaDGK9_c
ygQoF4ObiOg
yhHB_hpVlH8
yhj3mzYkns0
yi-Ag224yQA
yiDPjap3LN0
yiQYxabA_Mo
yi_h9augC1g
yicdP3z2Kj0
yjZiuTihpx4
yj_Zv0r0Eys
yjxOghD2idU
ykIJXjJtw0k
ykM126hVGX8
ykjC3ZBY9gk
ykse2N6GwEM
ykyffZ8drG4
yl3tmpa7wCE
ylBq7Kpm1sg
ylXsh-TI8GQ
ylrkwo58v7Q
ymazV7JZ_OQ
ymlv3WwII00
ymz-zEbpR-I
yn6czSY5ye8
ynunnWO5CcM
yosPif2USME
yozzLMotCmE
yp1U6NruDoQ
ypBFaqDxZfA
ypQ__WGSoqk
ypWpt_k9Oak
ypXnoi4omHE
ypmzfoSY--M
ypzZCTW3HQo
yqLM0xKqw7g
yqPCInSrbVQ
yqZFVph2ckY
yqiDm7-fq8o
yqrfHCLdkkE
yqyJAPm4ESE
yr7qHWlYVr4
yrpIeGLTxKg
ys2Mdd3FexY
ys9GUbOs5Vc
ysBGmBwmBbg
ysF29OXLxt8
ysIvoc7XF-k
ysihplhRo7w
yskRABIVIMw
ystuRakqo-k
ysy7Vcrys20
yt8AVvRW14U
yt9YISJ-GNs
ytEPQQwoDCI
ytEPdPQCtrM
ytePwi8qG_E
ythafliE9B4
yttBPsi2S9c
yu2ZsFToS0o
yuHR4ZrhA-g
yuJDUoFAPiI
yuSLdta4oCA
yuZQSm4_mBw
yubEggp6wEw
yugajE39rKM
yuuXwH33suI
yuxe_zKgFlo
yv4S03czUZg
yvKTGmmmV78
yvRsGaRWNFc
yvWNk9PD8gk
yvbwc4OOZqo
yw2wX7ikUA0
ywMkgybIlDs
ywRdDy1G0VI
ywTkkEthcVM
ywbP0FG_0UM
ywgejiaQVq4
ywjz4gn6aBg
ywtWyTEOhkI
ywydjnB5R80
yxAtTyJfg8Q
yxLxqUO1u-k
yxVwPlervUU
yxaEZHWqlsM
yxs0WeFL4Mc
yxveRj4j_Bc
yy1C-k6GaWI
yy5iMxVJVk8
yyA5ruzDQOI
yyLEVMtXdjE
yykLaYltjZw
yykqLHModrg
yz4VbkpF1Wk
yzAVUelE7Cs
yzWhOOZKl8Y
yzXOJqVy3iQ
yzus4vn3pQ8
z-HHBs8yQzw
z-OlD9ObW90
z-RfZ9PFxdY
z-yXD3wLNGw
z0PNtcmk9mI
z0m5vJZjsUU
z10m2Ls9R3w
z15A5yj4t4I
z1ikVS7BJd4
z1pokhvjFd8
z1yy_K_JqmA
z2FctsuyKSo
z2VBc0RyAdg
z2ZnlEtykv8
z2dA9qG94PA
z2dd_OKvSes
z3-bkU3cHL8
z30iRmLFDpY
z362AX6eUKA
z37ZTQVuy8g
z3B5lTDJuEk
z3IaUWfg9B8
z3TOgnnHS_A
z3_IgG5XdVQ
z3twwjsMym0
z41OyoR3JcM
z4GTVXjBDkU
z4K2f7hOUx4
z4_P319zlvo
z4adFuDNIrk
z4uWKBCLKbs
z5Hq8ASVLKE
z5ebG0b3Lmc
z5nd1ocAhto
z60mz2rzPA8
z6QLQ2SegS8
z6QPD8AVQf0
z6SIIos-r98
z6ayVneWS08
z6eiJ_kzIcI
z6hKDSTC1fY
z6z_UKuElSg
z71_25EDWzM
z7r5WK2-84w
z8o915nC86A
z8pONwNjOGM
z976L-pFrc0
z9C4x1R6Krg
zAGy5WbFKfw
zANHatwsARE
zATmUECCx5w
zAVYhfduPe0
zAfn8Wz3WsY
zAmZshhriDY
zAo9mksCYxs
zBB2bWubhak
zBKlH4ldVls
zBOpsojzsqs
zBlAWOERdOM
zBlXps_dJjQ
zC5w7LNqYWk
zCCRaZInORo
zCaTUaERo-4
zDHmYeNv1cM
zDd_faGbRS8
zE2Y9ri4LZw
zEJnVZjkWRc
zENrgHCs-v4
zEPBBqPDksU
zEgKKoYL_gY
zEqQhcGXyEA
zEyLSC08hdQ
zFHlrD2S5KE
zFMPF9EbiDA
zFcY1VARv-c
zFfs70L3IO0
zFmO38ifoFU
zG-KAPhppJA
zG95jVxt6q8
zGzA_ewmey8
zH6JzJQFefY
zH7yaQ02TJI
zHI_I5FZbP8
zHLQ_2YbplM
zHOkPZlB3k0
zHelLCncKqc
zHkBX3WcO24
zITI85hCvsI
zIZ-sglUqiI
zIaxG5_91-I
zIbKyRqvPvI
zIk9zj9zhq4
zJ2P-2LRW7U
zJ4urzk7-1s
zJNtuQ4aImo
zJc-equUOcQ
zJv5trLATdc
zJwnvYkfYEo
zKy3BTl71Bw
zLQlBoLd1bI
zLStkLbqPXI
zLjt3BNZv68
zLnU1a24I9w
zMWCMCRYcec
zMdlfOItMnk
zMmbKjf19UQ
zMs3fCpfVyU
zMyFjHvqetg
zNLa2IGy7iE
zO1mMdfDgAI
zO50fWUUoyY
zO9FuzYs_IQ
zOLYW4jXl8o
zO_q3kLdNCs
zP-_0Iy8Dn8
zP9UUdmfPUY
zPDJQYq9y0E
zPGc9QVa798
zPHM0jM-qGE
zPOINAsFaOs
zPZ4p1iEIwk
zPso1bWh3DY
zQPFzn2DvQk
zQTUzz0sQbE
zQwHJGaGVcE
zQzKuSi38rc
zRHTmMu-Lxs
zRIPYbEkSLU
zRRzSunXfuQ
zRwstkRSaQo
zSQ0sqf0NdQ
zSQ0yoSMRUg
zSYSSWWYUZQ
zTCFrR8wpjA
zTHAxxqjBbU
zTIWpWyS6sc
zTPYqxsqtdo
zTUew4IFrGU
zTnIm5G4Ooc
zTt5wtZ0wJo
zTvHCIjMMpU
zUMi6YH2R9w
zUORhcFAmOk
zUPo9uKspiU
zUgtV0wRtD0
zVDpE0VpWZI
zVZTZlibqhg
zVwZuQk0cto
zVxJdUX8TZg
zWSWnwL4vBg
zWbcVSWA5eo
zWr3bjKFs8o
zX0MVU3k2CQ
zXETkisY98U
zXo0GChYDXo
zXsaQBSmm7A
zXzei030I4k
zY1AJrk-KrQ
zY8T5GEXeQE
zYAj64NCkVA
zYTQHeMgAUg
zYb6ZXNdfRo
zYniAaelPAg
zZcEIF9JoSA
zZgmIoYp8Fc
zZlgcHzzudE
z_mZRYdNPbI
z_mboJXvvoc
zaPexd8pV0o
zaScJ3s3KRY
zak-7JQJcUs
zar4ke4WQs4
zazkqsa_NSE
zb5V2sS6-DA
zbFSwGy4Fec
zbS29GE6EAg
zbuDgfsoZxI
zcDaCbNNvRk
zcIa4wP-wtA
zcVyObUi3ns
zcXcIz7sAhg
zcYUbrigwFs
zcZPXoqBWgQ
zcbSI_Nrz-M
zcnIViKB1JM
zcsn_MwxF-s
zd5YkJu_APs
zd98J4qLeeQ
zdFS9Z5jkEc
zdLG-dljYao
zdZp06-FJ14
zdjmOcwgAqg
ze9a2-s5VC8
zeBpRBSE1zE
zeIrtAqU3FI
zeLk3PAO6FM
zf3Gy7E93ls
zfWcHAA3ZUY
zfXHZp22IFw
zfkOdVAFh0A
zfpTaLSeI9g
zfpxRGvZmEg
zfsd6JzEXKY
zfuE_q1zRXY
zgRibZy3nKA
zgWfjOKNFlk
zhabqZhhrT0
zhcwDOnp9Kg
zi5xoxVKOGY
ziBrPc2V8YM
ziDhg0AAG-o
ziP361-Df7o
ziUKhy4nBsU
zitFxmObRqU
zj5pF8dsOuM
zjAchmoJQdM
zjf0Hl3U-PA
zjr3tMLbapc
zjx6vrmdPEg
zjzUuXJvPRY
zkGnpN9Jfm4
zkoEZcIg9zA
zkp77Rjt-9Q
zkx4NcGlJjY
zky1zIMDT5o
zl__WBUtSqc
zllrin1EFKY
zmBpBRl50JQ
zmpL2FcSgoQ
znI6e4FXQWo
znbdJ0wwcUM
znclPhYzf5w
zo9S4iN08WI
zoBPMn2kT_8
zoC0UF3D2h4
zogHe-2a5CY
zpBQ7S3D6D0
zpiAWcXOUB4
zpxg62z8V9s
zq3MH4rHz3U
zqBWAcnvqVA
zqi4rYUhSQI
zquGtL846uc
zqwArqUGolc
zqzfyEoKR0c
zr4IelQCjUo
zr_VVDyYybo
zrd2ACnL7Wc
zrz6kYW8XD4
zsGVMf0wm8k
ztHGA8RTc3s
ztR3GHjQj-o
ztiDboR7Pcc
ztmurF6iZ1E
ztzOBhb_a2I
zu6kpP2aALA
zuAdSdvhILo
zuCmZ-oNK0Q
zudXM0P7NjY
zuyCr6cO0QE
zv0ZzRMjbRk
zv1P5tkHvX8
zv2fHVuZETI
zvXHD-kqOqM
zvYDNsk4E9k
zviDQ1Az8-E
zvo64Hv6gfI
zvpFGbFfmQw
zw6FK-0E02U
zwFMU1Od80U
zwFs9Ip5II0
zwWtO1GAc1E
zwxGWo1YZ34
zx7wa6UyEes
zxCdJZy71vE
zxumCZGjRSU
zxznUlgHlME
zy4HZ1md73Y
zyWqBraGa_0
zyhsN1-YDUI
zywhtMHV7ys
zzDrRo90QRE
zzdULuMfAaQ
zztSFLtBwDQ
