--ZpiPuwcEw
--c8MvS0K6g
-0T12oR5yVw
-0bZlY0teVA
-0cG1YROrVw
-0pD5ikM1ho
-1_AET18OOE
-1obmumQ1pM
-2CvG8rZHSU
-2W0AA7WlrA
-2YELJpyePo
-2vN1JSTf0c
-4H69lmCUWM
-4IszC7BX38
-4XSz8qbeFg
-4pPsbRteek
-54WkZTKAMg
-6HC7gvaF_Y
-7-9Y9CCuVE
-7RreW77qnY
-7WdmxojLME
-7vvDfZ76As
-91LqP-RI8w
-9ZUrsDuTtA
-9tceG9-vII
-As-ZPaGtiw
-B-kywYMQaU
-C0_9_o7X0I
-CF49vQaKqM
-CjHy3j1Nrk
-ClcxudFQCI
-Cu7f8AlJH8
-Cv6sO1WPWg
-DEhHNN0t6U
-DOHUK9f2_0
-DUC95gnGng
-Dbq3ci5tJ4
-DnzMd8miMw
-EJXmNDX-Y8
-F9kctKoFMY
-FOYJJWvIfc
-Ffp4HvRk5E
-FiKI04giIw
-G7gAmRipjA
-GLZLNBs5ys
-GLzrr5KAe8
-GTvIe666PE
-GV3Nr88Mxg
-GeUshI8FWw
-GoqbYBe-Yo
-HZ3oge1zqY
-HcSzT8P2Eo
-HpbAxNiW8A
-IAvqReNCMM
-IZ4e2WTw5s
-IiRQGafz5g
-Js7z2qpHeE
-LIzVy_y2q8
-MMHH1ZdPWY
-MM_HdrDTA0
-MyjN1O2MyA
-N12EeVUgxw
-NQoMcp6PoY
-OqcKivmbvI
-QL_ZgvN4Kg
-QNfFwYZ1rQ
-QkLk8EByU8
-RYdPqpRygw
-R_jkZOhF-w
-RbFoK_znx4
-S3Al9r3hOE
-S3eslN0HKs
-S9zmc1HXjc
-SWgCzjVpNk
-StEG-dLrj8
-UFKs3YIGxA
-Uqg-U3yvwg
-V0rdGRiglY
-VQygPKpQmI
-VRsGdKNts0
-Vwf3LCbxNA
-WFZ8uX_rmE
-WIPcRo8r08
-X79y0RzzkA
-XQHxiAs3ZM
-XlbZj5lt6U
-Xv2OhyZcFg
-Y-Wlx-5AcY
-YBgetQ-TBY
-YLVKRQ-EJc
-YvMs9Eexew
-ZaveuaDcKo
-Zb4l_Z77-w
-ZxxKc7bfHY
-_A48fMVigo
-_WKq69Zz6M
-_aJD9so22o
-_li_od4XfE
-aDXVlv5I3c
-aI1QmyCN44
-aW5hlerNwM
-aZjf1fVTEo
-bUvxMJfjvA
-c-WQ92Xml4
-ciU0WM5HFU
-cjKUb5ITEE
-dNut5cAupo
-dPuDd6t7nE
-dwqLyd7RIY
-ePixgh74LA
-edYEjgR0Cg
-ejGYXOuN1s
-ezc5-RCy7c
-fcCUVCeHVc
-fcdeYdBTf8
-fo2Fv9KXo4
-g1jPynpAyA
-g9Lv3JciUE
-gaaDxRQfcg
-gr6kbVWIvc
-gyXAEFuPng
-hI5rJYAf50
-hLfni9ht1M
-haW-0Wh888
-heNyQ-Y490
-hjCc_0cXUk
-hrur0WK0vw
-iAsgMYszbY
-iCLy3I790I
-iD7eghWL18
-iE6EaFoNe0
-iXhjyzckaM
-juyQ0Asi-M
-k8FO_7Ip3I
-kAGs5NcNYs
-l0tpzrlAs4
-l1qljZ4CWc
-lBwkH7GYxA
-lD0IWKrhoU
-m8JXtsB-Lc
-mZAd37kvvk
-m_Mqa56RoE
-mtgMcs-BpQ
-mxAU67fIog
-mycgOMpbnE
-n62tIfg24c
-nJHFQ5zt0Y
-nSFYAphPZ8
-nvfBZ1A6HI
-nxAGE_gUQs
-oJNemgNrF0
-okYWeWb0V4
-p3wovxnb7g
-pbL_wftimE
-pg99JV9l94
-pwtbjfpmiM
-qO40ImaMGI
-qgdNa_jlcE
-qzl-ykUlJY
-r5ges89g34
-rAn6WTURLM
-rFJIRWj9tA
-sK3aUvr_Os
-sqhLipes8w
-t6HsA18Hk0
-tMf38i21iE
-taOfd7P-ao
-u-HloNjgBg
-uPlJBnZKeY
-uieh04pcUQ
-v6oaSDTeVQ
-vQpA-qWHHo
-vmqyoCX6hU
-w-tQoCSrSE
-wB_8AX4tNI
-wjvdWpbb7M
-wwIlzdseC4
-xHovQyG3P8
-y4bN_eammI
-yUxf27xSw0
-ztD8gFBOas
0-8q48sHQS0
0-9Y9Sptqo0
0-O8PVTE-C4
00dznB3JVl0
00k9TNDeB70
01NgyrfJDd8
01__AB5HRuA
01aSoQogMEQ
01p9RSCa1OI
01w9_UZcQnc
02-BWc4x7nY
02Zi-fmkssY
038oZ6urlUI
03TwBEXC3_4
03cySkaZXwk
03hqlsl5j9A
04KyS2U7now
073WrVs2wJU
07NAC0RnAz4
07kp4wMVJD8
07zVtIao_3s
082qA6OTYoE
0894ezW8ROY
08fRfS8GwJg
09zhyA8grvw
0A45DW4M1qs
0ANn-0C5quU
0ATx8ZhNjrM
0Aj9HxyCATc
0BZPAKP3nR8
0BafSJ8geTA
0BpnmfWd9Xk
0D7rTDCqQns
0Db97MHXRP4
0Dy2oW74-DE
0EAtD4dE7fY
0EDCPjM4uVY
0EK8gzIJfks
0EMsyilBxaw
0EXqOzXv-hg
0EehaobBAV4
0EhP5hj5g8o
0FJW4j9WHNI
0FLJBUc3ckU
0FPpgJLWoh4
0FcOwqfgHKw
0G1sf2huSfg
0GSahcTykoI
0H-TuqW2Xrc
0H4ENxj4jTw
0HYMNBKMoVA
0Ha60thfBkY
0J-XejeK1dU
0JDmmcxsO44
0JEqQJ05PJE
0JQd90S9i4Q
0JzymwOYH0Q
0LzOyTVZwcI
0MP-bluDPoo
0M_pE1IA6IY
0McLOgQuhHk
0Nemdj3AhTU
0NfYtZ1wQtw
0Nncg5jaShU
0OGFYZyy40s
0O_eCeZSxPw
0P4z07WJHoI
0QHFyYIZ--k
0QJfCAKzo0U
0REI0Ljtoxg
0RLruVRNZWg
0S8l1j5-5_g
0T2_tJBCdJM
0TKLV-We4Ko
0TUnCpFGLB8
0TkUlGWSb4Q
0Tl0QIBlMGk
0V1AVpFOSMk
0V3qoklEuT4
0VLG5ZRzkJ0
0VyX1imLsOg
0WFXk5pBlN0
0WaYiAYlnU4
0WoBlxI3r9Y
0X1HyMq6ug4
0Xh-JIbHl5c
0YF27CFC1xk
0ZLk9lZQDlA
0ZWOW-7TWyg
0_-UlAptGOo
0__-VeOPfb0
0_aR7q5-L1Q
0_esfRsFeZw
0_o63gs8MFk
0_vbiNSFh-c
0aIHI3K8d9I
0aUvi4ue94g
0cA8balmyl8
0ct1QNzy9NE
0esGhhbaVGY
0fT8EK31bOs
0flbgza0icw
0hgOv0BMluQ
0hx3XYN0UbY
0igKKWJfe7Y
0li-Qokw6e4
0lmtKxgtW2k
0mSRjOpUh-s
0mT9mdYytxc
0nEposmbIVg
0nYVSsq1n1g
0n_d1SpJ38E
0oAmM1bNfVw
0oM58B5t2ng
0ojmQCwm-Gk
0oxKAb-KwY8
0oyzHWwkZmM
0pVEh87kzwQ
0pagjM-GwnA
0pv21fn2au0
0qBQcyJICTA
0qeqz2KP3e4
0rE-6kyUqZM
0rMg2UAcFBs
0s2Rdoq09vU
0sCzDdv6oFQ
0sbrucZxv34
0swGTkcbWG0
0uhclS_KKP0
0v0BbLq9jE8
0vybpqST2IA
0wyIuN2XPVg
0xRErJ-sT6M
0xWq-vCKQdg
0xnWM0Hthzk
0y4XcnyZQs8
0yEhCyu46rM
0yQLrlNBTfk
0z6aPB0XDkU
0zjqx3UPzwo
10KviptfpD0
111JFfv0iGI
11KZzkNb7uo
124PamhZOCg
12A87guk3eA
12fFzM_QVj0
14DKN9jk0-M
15y7M_BEktg
16-EHKuvnDo
163t_AaZH-U
16G3sjEbTy0
16IeBNPdwBg
16k3z94sojM
178m9QZopJ4
17X0jI_nMNY
17fJAgPtQjc
17wy0xF7BCs
18BCJ3t57x4
18FCJFhLI14
18GBBODLho4
18QusjToVNE
18enPddo_eY
18xBviDj0zw
18yVZ_Lm7Uk
19G5L6sJDKI
19f7zalB30c
1A0qZTVp9Bg
1A2Mj4RXsR8
1A73W4IjTak
1AGGduw8Q30
1AxlJni60Ug
1BL7HqUyCgI
1BaKHYJhKd4
1BqSz9bIP9k
1CKMoEGbBO4
1CpqVX22NYw
1CteMUmcGTg
1Cv-9BP2hoQ
1EEsrax9hSo
1ERQLUE3FCY
1Ek0iKYyO0g
1Es5v64qxcs
1GeP_fRbD6E
1GelSWDkdDw
1H2VfNq7dVY
1HVa4udSnDE
1HvIOwEQs5s
1IdyskMKxJU
1IlV9AGBo1c
1JMEhgRcv7k
1JSMWPG2oOg
1JegGS87p4Y
1K235nMvXLY
1KD3DsshobE
1L-7QjfJNCw
1L2Bc7ntDD4
1L58npmIj1w
1M4aOx0iK8o
1MyeIwtSUTU
1O1fMgrleYc
1P9mWD2Y6JQ
1PhgCjT_V7A
1PvANJ_QGak
1QMTUZLWoeM
1QTlr0CLNpI
1QoIcJxr9Zc
1Qrjg2n5iZ8
1QsqfAqc574
1QvjWKMAHgY
1R0E4aizCPE
1RL0SUb9nbM
1RPF3sX_DOw
1S7FKQuI74k
1Sgt6_bgWTg
1SzpUV-Q6n8
1TAKfdy9Tog
1U0AMjAkIDg
1Vi37KYaz60
1VyvtreVPyg
1W2xoA-Ww6c
1XPaxn-29zQ
1XxEAscX1tE
1Y1kdkwST28
1YPeLYxf1qI
1Yk3Er1Q0W4
1Z3lw8CUhwE
1ZU2ywZWZBI
1ZckUqDamIs
1ZyBSJcOH-U
1_H1J08lWaY
1_UlpKSA58E
1_WOfIRBKqc
1bX_1kUCQVA
1bnxp2uUK6w
1brnxbAQpw4
1c8j2TkkJCE
1cwBT8Eniko
1cyBTWW8spE
1d9U6ZTo9N4
1db-RXLGr_A
1eCjpYUS9TM
1fLdRHobAWA
1g0p1EVtWEc
1g3hltud8n0
1hArE0dhynY
1hfzlWnuuG0
1ho1IYLF7dE
1hwbhssmo-k
1iD7aRltZGQ
1iQ9dKmPsDs
1idLehrtLjI
1jReP2WeOAw
1k-oC_dfbEg
1k8AUYPxkQI
1kBxyCjwoE0
1kJVSyH6WUM
1kyQuZzzBuA
1l3Vk-JYceE
1lAckbNDpu4
1lCqxZASZxk
1ld5YiCSgeU
1m0CC10Cbok
1mDI6GvrocA
1mJj3riLwOg
1mP9FtB0qXw
1my0ne9y2GQ
1nOKR2YAiao
1naaRGy8D_Y
1ne3s7DNdYM
1o0mZrbh5yY
1oVCFdiIJ_A
1oWBbZn6QGI
1ocaF1kclXQ
1ot6OuoO-M8
1pip1oxwGtE
1qSXakfp4X4
1qaJIlTlUQ8
1qauUOxhDZw
1qeENrEwlaM
1qksKEQCpNU
1r75Wey6ngM
1rDOYAOdvPc
1rSAIzqpc4s
1ra4l8MVM1c
1rpWHgjvCxI
1rrwTsQlUtA
1s7iyJOB-jY
1sCr_9N9w-M
1sPvi8S53uE
1sq695bBKmQ
1t4LAvPm68E
1uYmekVgSfM
1v8XXk7Iapg
1vRYW1II4E0
1w2Yb8mzHII
1wbcY8L4ffU
1wwuaTj3OSQ
1wylRjvRQB0
1xOEqeFbHXc
1xSfxYyKImY
1x_A_J8Zrjs
1xrBxebCUh4
1yeIS0LE6rk
1z-GLcyDkfY
1z4IgJpm0RM
1zMUTZow_Ag
1znUIz376-o
2-J18f1govg
206OQuW20FA
20INHB1lIfA
21gS8X29X1A
21kb3S1Cpvs
21kx1J5yIlg
21t5KyrDj3s
22f9Lk4xndQ
23GM6Dfvyz0
249unHbJn6o
24JxAjmmEWk
24qPJ3oqhFI
24zqb-thvUI
26u6_HV0RvY
27shE9uTKSA
27xn5_QpfHU
28B8vtLsDRs
28YCnz4zGBc
28bLYpOX-to
28o3oREObqY
292fsHypflI
29AbUymr64k
29kc3MfQTCs
29o34MbiRT8
29uwvamuavo
2A3RoN_bVQk
2AfxoJLbYzw
2Bc-76PxDSk
2CXJe4Vyklk
2CueiUdWTmY
2Dcode2TR2o
2DuwbmLthfc
2DzsmmgjIww
2Ejqhb_WHjs
2F1AL93mHLo
2F1e44GfSwA
2F4JnUgWQ0A
2F8vrMqb6QE
2FF4qFaBol4
2Fpb1iZ30VQ
2Fs6ydZVg8Q
2Gw9Z6JXL4E
2HGow1kI2Bo
2ILvKB5dj8k
2IPsovX0AYM
2IaK-0O0D2c
2Ibco4UDuzc
2IjGsrXFHjg
2J3Mi_OB6No
2JBTp8q4mNQ
2JDqOYxS9GI
2JTuH__WdtE
2JpeLWUp6LU
2LFwwR_m_W4
2NFgfHunTtk
2NXJQogmZog
2O2oZ_sc_QE
2OFzfQxWG48
2OQ-0beN4Lk
2PH6Ffb78FE
2PflvTU6oD8
2Q9XtzLYQZ4
2R5tuVIlhH4
2RFSjSwF2gY
2T0rJNjtPX4
2TAHEmh0Dps
2TnlkTOHCeM
2U6SsSMuroc
2UT6VEdwcnc
2UTFs6jGASo
2UZI9F4zINA
2UeUnTLidfI
2UokGQGH07A
2Us-I2MuJ2c
2UxR3Xhgqnc
2VNcV5Gz5i4
2Vz9tiGDVE4
2WVEuhGdeCw
2WaOv-xY0Qs
2WfvOayNKeQ
2WnkFrXHyMs
2X3pinf-ei0
2XPQzFVuZt4
2XkwD25huhg
2Y2pvx9m1Go
2ZPcqnsPTNk
2ZuK2aSJ5Sg
2ZzMSroAElw
2_OtF_xoz0U
2_dTw7Khj7M
2aS4WIKjWl8
2c6if70Tb1o
2cA8xpQjOzY
2cTi5oxFpgw
2ckqZ1yuY8k
2dKbwfy_UQ8
2dMdMtK-oO0
2dYD2w2dW5U
2dn8UeGCels
2dwiRDoDGWU
2eRjmrvh-3M
2el0bqQXRoU
2gGJf7GMzCE
2h3yIsBJRH0
2hc6zyQvY-c
2hpE2Ap4Hx0
2jIxEFVf7LQ
2kBPNohM9cQ
2keq4WFeulM
2lXdVYLiuiQ
2mK2mIWAg00
2my1oGwVSgU
2nPO1MaHj28
2nVjcKjgybo
2nmkyH2wn8A
2nwmxDghAUE
2oQahBpi-Ck
2odPOtyD3nM
2oiu-DD_ICU
2p0MwQbyU98
2pxbbXptkw8
2q3KLwIp99o
2qH985OG9Q8
2qVaZNO7fKM
2qWrxK_Le8s
2qeQ3_nVkCs
2r8arFNrfB8
2rD9_9cD-a0
2rH9poL7V10
2rhvlyNCUG4
2sMHquHiuvY
2snqSiPCbBo
2tymSRsn4UY
2uW4DYncTc4
2uXQHa1n-2U
2v2xWml5cEo
2vAQQfeipVA
2vKlNRVjjTo
2vVnxLrnt9s
2vs8D7_TTZo
2w9iCAD0CoA
2wMMaBQqum8
2wMdfFvN8d8
2xAs-g8B_n0
2xrstknQR7Q
2yUlKDYC730
2zYk_bFM8_I
2zc7imNBv98
3-6mJ7_Fq9E
3-A99sVUayE
3-Qo8uoO1F0
30ChTfOK_K0
315Mg7IoOj4
31Tt2sfwyfc
32Gq3_Mt8MI
3310WLo0G88
33G-SHsMkpw
33L0JKHB4Ic
33hbbJGxhqM
33mQi8pRFGk
34FvQbzZg_0
34quCXL3imo
36FuoMEMcWs
38IZ1Koc988
39bEJSSE7Dg
3B8TntIN7cA
3BIr-XX-ZwQ
3BOW0U4hf50
3BudExMdKq8
3C3F3ZIqjpc
3CAqiW4FwNU
3CN8W4rJpVc
3CYZUiu1zPI
3Cm526JTxJE
3D0BmScZqMs
3DVoNuwBGMk
3DmM7_fEf74
3E0FqQxZ9sg
3E9_XktUPkc
3ETdXtJlH08
3F2YHzgSw70
3FE-sBM69Zg
3FVbbgdnyyM
3FnclvX5vZE
3GAiSb-m6ok
3GaLAgQXzWU
3GfTLzszd1U
3HFsbojS6KU
3HbYWrQMOYE
3I7neHzcKRM
3IwsG9rLWzc
3IyN4JorzI4
3JHycsg95RI
3JVgOB_qDsQ
3JafIgDQmt0
3KDjMBXjjNU
3KFPbTAcSRk
3LWnhHK8r1Y
3M3eSuJs4xA
3MPSRDy6sWg
3N6BFVfkjTw
3NPr-KHfGwU
3NWc6YzDt5I
3NZ9DJZfR6k
3OB5cOyfSO4
3OGBftI9eUs
3OWb4VPjPJ0
3OhwT3n8Yxg
3PTO6IVafuA
3Q1IHcmGG3k
3Qeidi44nQY
3QfB4uggF-g
3Qkr8zPfwrg
3RU_5308Xps
3RmuTe_4P_c
3SEFbzCrFus
3SIH3IORCYY
3SiNY1U6-ck
3TBi9csjzy0
3TaCSXhuGwc
3Tokl6lWpBQ
3U3CU38jHlQ
3U4tWpAt0k8
3U6xP2838x8
3UFtCbNmQ9E
3UQVdDUM3KQ
3VT32t1M7pI
3VXIMhb2y8k
3Vy_gwMpeGI
3W3mxLbbJuA
3WDFEgAkLVk
3WHM4KisIKw
3WV7tSXx3As
3WYQ0sRfL7E
3X2juJNviUk
3XMB8G5LiFQ
3XTQzD5p3Tk
3YNc0_XPmiU
3YdjaoJJq3M
3Z9AmKvFvqM
3ZGoR2gQ3mM
3ZKOu1v4n2E
3ZbpBqh6B6k
3Zt6_37BF_k
3_Sh5MWerhw
3_Wia1sUhzc
3_neUkOlwPk
3_p6p2ZYLFI
3_uaxu1cG_8
3a7YlEM3IBE
3aBjxL9Llgg
3aP12rkW7GY
3abvzfe4HEg
3acPgMXa-Ao
3bpOXvb42Hg
3cR1wWTPQ3M
3cTvv9a_o94
3ctGZARUQa4
3dXEzRLykws
3es6pK-6fkI
3fMqJo-Df20
3fNjcVoNdik
3fhOGWMzux0
3fxXp_WXtk0
3g8udWsP11g
3gdHXVLi2NY
3gwGtkuFLmk
3h149bERoCs
3h24mLwEopI
3hB4IgQyAFU
3hUR3GQCrGA
3htkAvvz2yQ
3htuyysBi6E
3i5uUlVcXCM
3iEOf_WQNZo
3iMe50YPeEA
3iiCX7rhC8A
3j5Rp6Sz54o
3jL2CmJypEA
3l2KIHkpG6A
3le0TJnI3bU
3mb2yzb4l7c
3mtFibXy76U
3n8cUKVHwbk
3nF6fnc_rRE
3nFFaz1bOZg
3oInTGGKecI
3oU6MebaiTs
3oWtE0Wg-SM
3ocA5XniOJI
3pXXckVBoDo
3pw4vIBEY6Y
3q5jNfHtPzo
3q80grtXYAE
3rOwRHg6Sec
3rWUIECjPno
3sJKaFw-bm0
3tSK1TvW2LM
3th8_MzKGq4
3uFrTxck0H8
3uPp_d1NNIA
3uq87ERx7Us
3uq8UcRRekQ
3uuiNTgu-oo
3uxBGp826Ug
3vKrlIZWdXQ
3vtCwiYxVKI
3vxZiw77L5k
3wLtjbhj4LQ
3xHr_BmGbHg
3xScv6zJzy8
3xZigJSWJ0M
3ysCAbFJ6Xc
3zAO8ZqasOc
3zuJ1GBrXiA
409akKGupW4
40AoQqzrBTA
40KjWT-WALA
40MdyHMbB3s
40s3PQCsNm4
41T7xftT5HY
41ZRIbq-wm0
429sbVMm6Uo
42Bh6XUHJ84
42CHl-0yPYk
42L2EU459HU
42jLips-H5o
42jWukdc04Q
438UDmBZgrw
43UZlcaJEwo
43d8cIwBya0
43sbsY8kYnU
43xgNzEjCvU
43yU1d8PV4o
447JJJhEKxY
44RJWo2Pslo
44eklKpzSh0
457cNdjyIAE
46QDdE72RlE
46XJrvu7AgU
471J2ytvnls
495MFl0soog
49xq27OfBis
4A-vdWdBK5c
4Aaf8cH0icI
4Bkt8WVge9Y
4CD_oXpoPZk
4CM7KpBZftU
4CX6R0ItX5c
4CiSFkyqxfw
4CplwP-u62c
4Ct55xm6pOM
4D1zenm2mRM
4DN3JePbFLE
4DbNFPtHmUw
4DhmH4eLCMY
4DzMWGMrKAQ
4E_sfKhpjIg
4Ef4LmoF1Zk
4F88B2qnYME
4FEvDpDCWbc
4FLurbByqzo
4FOIPhpfqsQ
4G-GueYU2i4
4GGjhhtLdIA
4GXbKgpLRS0
4GjPLuI3gok
4IHrNoMgVY4
4IcdsQLGDEc
4IjIv3IUins
4IrG_kkHa_M
4J8pZ2CTAmA
4JFU3It_lII
4JyaECSr08s
4JzXDluFB38
4K2U94ZLCkU
4KVOrSBCHiE
4KZ_0nuSzpw
4KwgdacsF24
4L2gcY1H69c
4LCVUuPKZaY
4LU8f-_mFVw
4Lx7K8TBTNg
4M2OtOtZT04
4MC_d90Z7EY
4MJHSbnoU2M
4MT2EOxVel8
4MdR2UDbqlk
4MjVmWioAT8
4MrSmahnB3s
4NNS-_C4r7A
4NZc3zWjmoc
4NbkSo_Ep1I
4O4vrOQGZYQ
4OHqA2wFmtk
4OUz5I0e4NI
4OV2hGlbPEs
4OVJ1yPjQk8
4OY9UJFmha0
4O_MLX13K_Q
4PMIU9mF_5Q
4Q-fqXcfLgg
4Qm4h1bRde0
4Srm6JmJbQo
4T3NfI7B7e8
4T4WW4Skufw
4TOKYESz2HE
4TnURUmKsMA
4UnhX4kmQK8
4VVMSB4szt0
4WcfIk_zQHo
4WjqicMs04g
4WurBioi3_U
4Wzfhk4wWCc
4XS56hAl40U
4XWsEj9ybe4
4XluEK46BYE
4XuUlvgkxz4
4YCqME3zTgM
4YKU6TJuGgo
4YOyG1uC8TY
4ZblPbB55Nw
4ZwYieSyQAw
4Zz3ilyg0Ss
4_Eb7C4np54
4a1hFu8m6Gs
4adanc4kITY
4as8fGX7tDo
4atM9xEbWpA
4b5Y_i1ZIZo
4bAJ7mEppOk
4c1vjMHRKIk
4c6Gs13E8js
4cT5RNLZ2es
4cToX6k6Xlo
4cU_GXVq_Xs
4c_4UxYcTUs
4cfEPv8WYHo
4cim82X1z0k
4cvKun1iLgM
4d0I75gLh2M
4dGLEcxxU-I
4dIxRc4ihf4
4dYQ5zO1Rtc
4dZhZ7wxyiU
4d_Z26NfklE
4ddATr0NthQ
4e3qyKj9rZY
4e6hKsE9A00
4flBEmTE7yE
4hEHwEJ1sr4
4hXhHW8d5tY
4hdS99gOQck
4iA_4BZcsDg
4iBCpPc2bkE
4ii312WqLz4
4iwLWBkXNyA
4jRVn4E9CgM
4jXwFF9NDsM
4lQKRb4Dicw
4lzv73KBIdI
4m1QIg6kpjo
4mQILXKu894
4n3YrZ0JmmQ
4nGYZNrL2vo
4nQdLQNLpYA
4nqDA_3UTTg
4o8KzROnQm4
4oKcLygAf94
4p5z0RcZrI4
4rJZKDgq_UM
4sTT9I6V60c
4szJuA9ddE4
4tD99P_r1Ns
4tyArMHXs0U
4un2wKeDP70
4vCMCXh5I1Q
4vNQq2g5MdU
4vXTwLlaz8s
4vYMhR24oks
4xgHfyRLnnQ
4ySMkY7e7KI
4ySVFea_SHk
4yU6ZVwJVvw
4zBW39mU3to
4zQPkIcwfzY
5-YqLbkJ_bE
51Wvv2dVnkc
51t4c2nlgls
51v_ny82rV4
52DzDmlras0
52VhAcwTefA
52a7gzviMgo
52mdMdzHKIk
5382I2883xk
53bNDZGnbcI
53iuH7xnOiE
53oHYpUseSQ
55A9w9bAx4U
55RELd95Xwc
55Ya6yaCDH4
563tVTtrTlo
56Uc0Ug59XE
56hyW77CE3o
56zt_kWaqT8
57mqf8Pz5Jw
58pn5PEV6Sw
5A5WuphyBVM
5AdtjB_B-MY
5AtwxHQXsLA
5B25Y_nRDZY
5BZ7w09j4Ko
5BcEKLxn5Tk
5DA6Yos6O2E
5Dq7qygOI08
5EHx93jgI-8
5EMC-yT_OUQ
5EMtmUEaH_k
5Ez0M1tVu6s
5EzHga4Tm4g
5FKLLGwNFVA
5Fq-ANyUASg
5FynmOda9AE
5GuWiU3a2ZQ
5H5wyg-vc_g
5HHEO05n5nk
5HUmrRnHfmg
5HdTcNcFabs
5IEnOohL0ko
5IuVSlGktGY
5JTEU-3lhDI
5JTal6FTIYs
5JoG6XMOjuI
5KEJ1lSnH-E
5KHRgA8XXHU
5KTj76CcdcY
5KVTCpjj6xU
5KZ9yF8q878
5LRBM1WupkQ
5NEaIWjbFog
5Ngkeftu0qk
5OESWktg0TM
5OQxyWfvVBg
5P-dqf0wyOk
5P9_rv33FaQ
5PiNihlJ_As
5PmDSxvr630
5PyhejIplDo
5RpfM-D9CEE
5SB1DRob1kg
5ScToxPiD-A
5SgrC0nLtJw
5TTP95Hyzus
5U426UTrp30
5UFUoVE283o
5Ud2Nee4oOU
5V0bgpfFOfk
5VankUSD_TA
5VpOqj1RxHg
5WBZNVyr6yw
5WKuF_Nu6Pg
5WcPZiukogw
5WpASSlXL5Y
5WyAi2_O_ms
5X-ofojP9t0
5X2rk1onrz0
5XXGRQti-aY
5XxB1WYvpnQ
5XzwK-Nb5ps
5Y36NlwybiA
5YV6hucA2JU
5YYehkkfMuQ
5YZnzVDhbcs
5ZPmIohnhOc
5ZfmjLb2u54
5_u1QpMNFps
5ayZQ4jsrMA
5bFVFA_5c_g
5becP3IDt-o
5bpzF_dEp8k
5c6isZ5mPFw
5cSxuIoIalw
5cfBVk3Q9co
5cxmYhSil2U
5d-0rlbx62k
5dMaVIbLZu8
5dYXLV-VnQs
5e-sPYTt7q4
5eAZTHnYOdo
5eZxCGN-eig
5edCwo4E9c4
5f7Owuz63AE
5fJ0tdjFj34
5fPOp4Jt6O0
5fpukWhsVrQ
5gp6ZyC2P8g
5gxESpZgu1A
5hPPj7OxuJ8
5hT0ViAvs64
5i8zIF4o6XM
5iEQ6saUBCY
5iLky_0ITMQ
5ifDBdqOQ9E
5j7ku1ublDM
5jNYOUKrEOc
5jld8q251ik
5ksBrjKQEfc
5lGBWoCPuOg
5lLtIUkonH4
5lh4kTBxQmA
5mWROCp2Doc
5nO0G1yJmU4
5nyhFSwzaII
5o-GHSqI1rA
5o6opaDNfvE
5o76O3fHVvg
5oF4fQtyODU
5pAfjxjH6IY
5pWSl4-Vqk4
5pcKKLaTYfQ
5ps4EpKOCqQ
5q8JdwrtdWs
5qZ8xRCdZeA
5qfBmY12PvQ
5qhO_yqBAvI
5qpLfviz5vo
5rLOljyOWGg
5rULoZd030Q
5rj2-Ka8zuI
5sQraWnotR0
5t8p43RaLAc
5tSXbvdndPs
5tZyTZ6-Ep0
5u0C0icOya0
5u2oqZOaheI
5uI9heCIvkg
5uWIP3Z_0KU
5vAEpExePyA
5vYzz6yMCrk
5vhSsRKu5KY
5wEcL_udvWw
5wU-6LtIP_k
5wdGsf59uwY
5wq910Hufo8
5x5a16qZbQg
5x_LCDn0DqY
5yWT3fKjE4k
5yo5twFRU7c
5yz_zdOx9cA
5z7Q8XaPfPw
5zCuwQwyS7Y
5zla2kBWrjI
6-AVCJG0eHo
6-KAd9cUqp4
6-el_b0Hgic
61Ju9ZeH_Qc
61amWDxL_yA
61oZhMwYWZU
62fAuhn9Omo
638hbUPzNz8
63PG4YUNrFc
63X28qSr_V8
63aUSzlGVwQ
65BCHDB3Nik
65CElj_Y6xo
65WbbeOfj9Q
6618w-ssFco
679JS4A3Bl0
67C-tsNwH_U
67W2hfiHHZA
68zAFLgvYSQ
69hrSLMFP4o
69u-vG5g3k4
6AFkjHwUxso
6AU8fGuq-po
6C-ebt2pq4E
6CDiJiRqEkA
6CNYHn2soFA
6CVRb_JMNjE
6CeE-VpxNaE
6D3vjUKf3FQ
6DRxYavYogg
6E1oW8aPFR4
6E1yZLGLSvU
6EHMqIunRBc
6Eh3iiazjpw
6FQu14P-6TY
6Fow4hY_-Q8
6HED_uk_inE
6HpmWKTpCwk
6IEM3RY174o
6Itd9CNA0YA
6JZnOIJlC2Q
6Jrp0PexEjA
6K-ILtcIsBU
6KQSJPpp0Lk
6KTeRJpE3zg
6KYcozLnnWs
6KaHFtJKYTM
6Kwgq5FqmEY
6LAGHnPoBcw
6LTxcb2Dv5A
6L_LNNvlX7g
6LgHtaKr23M
6M4ktyso5Pw
6MJ13xAhmUQ
6MQQ-UrWv20
6Mjbg_hfCPo
6ND9dhq8Ldc
6OHRa2mMRqo
6OLKET8dknU
6OwnsJX-W4w
6P1eMvzgZGA
6PGrWXNNOLQ
6PmZpd5IrGs
6PoPoN1tT5A
6Q2MkQvJ_hw
6QLPljexpdc
6QMGjS73Nrw
6QY7VzuyjpM
6R3lgcBBb30
6RHW5M5p7aA
6RguTHQS7Rw
6RuiPKAXLao
6S41M7Ca-m4
6SAhIasf2ss
6SGW-YRRMqg
6SKUGufh8lQ
6T4W1LVTYqo
6Tmf9plHHFM
6ToZw_lRSTM
6Txus8l_6R8
6U5i0crETws
6U9AuC6INoc
6UM3u7JgdMQ
6UZZFqhfOvo
6Ue7zJtdocE
6UkKORyOqSk
6VJvg9zFCt8
6VR_aZYjAv0
6WCtbD70HCw
6WJt78gLNEI
6WJxoGSiIJ8
6Wkaxowcxho
6Wx5dz5r3C8
6XGmNi_Dg58
6XcAl_8hlkY
6XcKVRyg3n4
6Y0mgJoHOGU
6YFXYGS0KjA
6YaqRgiwciU
6Z-MN6mGTmM
6ZO2G2VF8A4
6ZZvJJMO8yo
6ZoXDbGAxgo
6_4XU8qArcM
6_NKQoqaBvA
6_ZT2D2YLU8
6_g5mFWfeEw
6_x15KzGPyM
6a1QFfssRPI
6acbykml45Q
6bJikHQ-M5w
6bTV0xH6BJY
6cO3XuTYC6Q
6cQD5PIh8Ck
6ctOl8A0DxM
6d_sHkTk0B4
6e75H9Tmx4M
6eJMw2Dyf3Q
6f3eoNjc3Lc
6gCxaswENss
6gcrJAXSloE
6goRfNuG3gQ
6hCDveztdL4
6hVtMIB5Uew
6hjsyl72r7o
6iGm39Q9Z6w
6ik384_LR4w
6ivaGYwyXdg
6jJxXwBisfQ
6ju8OIfwaJE
6kHWwyWQGjc
6kJyvlD12Y8
6kRpcYcUTOU
6khkQmkfvh4
6mIIZsyZrVY
6mN8pwdttEU
6meyBq661Ic
6n9_1EeDQwI
6nAP0INBwQQ
6nEX8hp1QC4
6noBzgJ6nss
6ny5JGW3LbU
6oTOZ3wEm0o
6p1k4_j9M6M
6pOxa9sb5-A
6pq5zZ63eO0
6pwFzFqMYJk
6q4CuTMFijU
6r053aJjBCM
6rRPXJEpUOc
6rYeoGDtTVY
6rZh3e8m1Oc
6s9FvwOP7HM
6sAOtNa_XEE
6tF1tS-ECVE
6tR7IME6br8
6toJtZFzweI
6tp5EOfCbb0
6uFXOTsKP6s
6vHNyY3jHJA
6vTIXEx99a0
6vrRYXO7C-8
6wm_W23Y2Rs
6xoCn4jXV-Q
6yB11HsEvYo
6yyaur4gPvg
6z-kyb0_qUo
6zZIkx0mTIA
6zpuagnUE5E
6zrz9HcvOGo
7-0T4c04-T0
7-cxj4IZ90I
70XvLquw9wM
70gHx5wNmcw
70glUZiquhE
70pLZ-PcvAk
71x0lIOiA84
72jQq3_c0x0
73HRt_4ewG0
73Qdk9dvomw
73jNdiUvAYY
74RxEplyNGA
757gbbZlFu4
75ZdSMEKzbY
760PwajYsJw
76QHWpAbLFM
76QI5NBbfKg
77dJxWLAXo4
78AI8wb6kJg
78EqHBQaDSs
78ezTrVewqU
79IpEXMTvj8
79NaHpFJubs
79eHH31s2c0
7A-OFvuI5Us
7BOk6xcn6Lk
7BPqQ8TTxGY
7BT0wrzdDr8
7BgJ-o_BxJA
7C5zq4J-Ltc
7Ciln1_dE4o
7DPAjMv1Czk
7EqSthOTKaQ
7GHrNGCA1cE
7HIwgfmYEPU
7HR-K7YpbJA
7Hj_R0kd3IY
7I5n0YdQUo0
7IAk7_OcU6w
7Ke7R9zEcnA
7LbtKV60vR8
7Lk99XKUMv8
7LucbnCRk6A
7MKwkNW0rpE
7MUxXhrmasw
7N1PXDJ3mJw
7NtLdcJZK3w
7P-2V8EYjMw
7PfLuIPrzK4
7Ps77eE1OoQ
7Q0cQG3h5hA
7Q3m5VgLjW4
7QQoUd_9c-g
7R7aFanoN7g
7RCwSfluvEM
7RFGKnDreMc
7RKqXleAQ1s
7RohNhIfKDk
7Ru21njHvZo
7S3wIpseklg
7SF29IRchg4
7Sh65quVPrU
7Skm7bF4Yas
7UeAyaVZm1Q
7UmKZOigUhE
7V_mN4J5P8U
7WMrwyHbP-s
7XK3nX-Fhes
7XWubIU_jkU
7Xpm3wLp7U4
7Y5Q8ejVgoI
7Yiw_VnM1pA
7Z-0Ao0Z7FE
7Z55nZraO8Y
7Z6KMcjvoaQ
7Zy9GTGyFtc
7_6awiCKJRI
7_pq3Y-L_0Y
7_u2tQcT_vw
7_yD63A1BiQ
7b-u5opObO0
7bHNeYGxXz4
7bOJ6aMWJGE
7bPAptOE_vM
7cAi9KQEIhI
7cJ_MTSvznY
7cR7d7krF_0
7cd-TbYq0sk
7cjXYDx7J7U
7ePbtVFNVPk
7ebyPAI773U
7fgvpaxa8sI
7g5UvOEIbn8
7g6X56s4hC0
7gKyqhXnLu0
7gQsLMrS2dg
7gnTlEmS8ls
7h35bnEbAz4
7hNfbDjDANE
7hqzSuWXCVU
7i11jkTRE_8
7i1IKeWcouE
7i9vjnj5JLY
7iow4SLfwno
7jwRkhbgmoI
7k6FibA2Yb4
7kDGjt_yyV4
7krshzS19Ws
7lONaeBd_YU
7mAEKGHnhkE
7nN-wqZQn60
7nNQ0vvGKI0
7nk7KAxXerQ
7oA19PFf3PU
7oS42qtg8uY
7odEbpSlaIA
7p00iLuMH84
7pJphGyDUdU
7pNyHk_U0z8
7plhCZHeAlw
7pmL3AJrVCU
7pxhsRjAXsg
7q5Z0k7aUyY
7rCKpldziAM
7ssi4YosfWo
7tLbo-2jQbw
7tXVRqDwd2U
7te-TNZ6DLY
7uzEAhJLAm0
7vuffXJeHUQ
7wz0kE3P4LY
7x2vgubEgow
7x_N6ipCccw
7ycR48IszeM
7z-Xw_ghzkU
7zQ8s_eX9rc
8-yzfizr6VM
80I7X2ohkVw
80dlBDiCJyc
818lYUV3UW0
81BnmuDQ9Hs
81a89r88W-M
81s-FmvMMnc
82B5TtKn0Zw
83BrH2lRS0Q
83K7YTqi8us
83TR1l_qECA
83UpQsS66ag
83ZRqz9REAA
83bIzkHh1ZE
84hxa2Axg9s
85wEBu61-PU
868S5TUBFds
86RO-tbFzz8
87aRm5wryoA
87rfIOIE_PI
88yvByynckw
89Cina4BpLE
89IbwRJ0irs
89PjRwfchRo
8A0FUop1L4Y
8ACpx64dJxk
8AII6xhLaCQ
8BYrgaEKJ2M
8BbWKbq-feU
8BcCO4fDXwg
8BgFjmiBHZA
8CHN-PEIBoI
8ClVl37Q3a0
8D2reON4ZsI
8DD1vXeXlfY
8FnFSjGREOc
8GP2kFb_7M8
8GS8jlDFI5c
8Gt7rDLcNzo
8H032-x9smc
8HQ09hE1QDQ
8HdjMpBkKTU
8HiCD28dlyI
8HjhSFmukmk
8Hkjc1NST6o
8HnlJXhNgiw
8IApmPUQp7U
8IGzE9BDp7c
8J0INfG8y08
8J6ZXycMZnA
8JPz_A4nPBw
8KSIMF4grxE
8KcJbZurYXQ
8KeRkAdvzNY
8LVayrh73m4
8LrLTqwtUwY
8MG4AXWx3mg
8MfHAELzwbU
8MhXhuy1auo
8MiXX-JBA-Q
8N5AxHkyCzU
8NPViGtnlXY
8Nu0wzQL7tE
8OvVNWy67mc
8Oxgsb_YLag
8PF4ArGXuls
8PQ8H1Yp3bQ
8PU2yKihYAU
8PciqRypXdg
8PwZl494OmI
8Pwaeu3nHFQ
8QBP-jWHW1Q
8QZP65pL8QE
8RWnJuCk9X4
8Ra52iv3lmY
8S54aPWcaH0
8SLPo-X5zYk
8T7Jqb0I6Gk
8TSNflut3Oc
8TUjeZPLtj0
8TUkmexqT5A
8TiZyVcI3cA
8UAHoUbACJg
8UC5aadiOu4
8V-piDz81Ow
8VDEBhtW30Q
8VTj-KYeh9o
8VoauS0GR3U
8WCYyXxMDNA
8WhkTHd2seM
8WoFoncWA5U
8X0CtwGBni0
8XrZTWb9P-c
8YAVOjRAZZs
8Yl2dF9YyQc
8ZmcSditGSo
8_IGC8zi628
8_Ltzswqess
8_fLD9HnQ7w
8_yNZuTSPuI
8a2MG1qdyjc
8abpltP_Fqo
8ah7o23aACE
8bJ14S10txY
8bl4HPadMWs
8bwgOKxVCJs
8coznpAdVkc
8eOFbgSlbKI
8eukJz9HkYU
8fKvTW81nBo
8fPyZ_aWqhU
8g7Qc1C2rk8
8gFXhhphbKg
8gkrnqtNvtQ
8hXj_iYd2lM
8hhD3ezvdjk
8ieap4cQA8Q
8jepZMcshwk
8k3SufbopNU
8kOzprL_02s
8kYe-IA_PUc
8kZX3ygNnWo
8lDPls2rryQ
8lNr6USKN5w
8mob6MiR4TI
8mzvOJLFbe0
8n5IZpLLTn4
8ncq7JDYHU8
8nwZ4L6T_WU
8orgzZxjTtA
8pGYkNbrXp8
8pMcULXHArU
8pOBQ_a1PuY
8pa2rWK55Ls
8paZ4S1HkKI
8poWbIJ6sAQ
8psXE74XO1Q
8qBLDwFRBbQ
8rxlmsUIFs0
8sMwxr1oFpo
8tPiad_4rog
8tackChPrW8
8thg9DAEzro
8u8ksrvXLEc
8uMkNY5wG0Y
8uMsSEgA3nE
8uw6xFhEpiA
8v5JkdMt7kk
8vVBuYS5N_M
8wYcRFVUHYs
8x7nPS_RohE
8xPI6Yvpc2g
8xVnYI_aYjE
8yGpPJgrNlI
8yPe28N1Zuw
8yf7ETY7dJM
8yp1SHcC0K8
8zboica-Ucg
8ztQDZrMyjI
9-CDHgoQRpg
9-VCWBOTt50
9-cXkhM7fu8
9-i2xikeBWI
90DQuLu5c4Q
90OtXLYljaU
90Ur-x0hHOY
90wWIT_5jS0
91MLS4xFlv0
91qcYza9z64
922E3TDwTeg
934H5F_K-pQ
937n9OoWuSE
93W1fKJeps4
93lDKulekOU
941uCH2YB94
94FNJwLTECg
95R-Z5ZEd4Q
95a3Lxca_Jk
95p8oUqo4bc
95xfqCqf5Xk
96MRP-Xi1ww
96m46Cj749k
97XIHs2k5jk
97bmjWQFFyE
989bX5YVBSk
99gUHtLQog0
99jlmc2fRn4
99pInSeEjLs
9A3mZ9YOGJo
9AFsgNIFspo
9B0_u2cpBpc
9BRxTUeG20Q
9CxkGRBC3GY
9DCXmsdJWVk
9DGeI5uWkYA
9DN0xSTOan0
9Dwi_ISFQXY
9ELY_hXn2mg
9Eyomysj5r0
9Eyr8DceYWg
9Eyw5KoEsTY
9FLjbvwAWJU
9FYt-LgAmh0
9Fno14_GpHk
9GBM9tV2yg4
9H3YlodjAYI
9HAsZKd8a90
9HBEmjlj2sg
9HQ3cmkfp_0
9IwqCW5tTys
9IzJcjXCvWE
9J6cpYRvYbU
9JJbSBcN0oI
9KzGp49TT6I
9LF0DDf3Um8
9Ldj5Y7bI9E
9M-htkBse60
9MFmb8lWz70
9MHntWmJIMg
9MqUoI-P85g
9NU7Mn8nq00
9O3D9eOB-2g
9OEnf1sbdXs
9OrVqQFU1Vk
9PStXyYxvaY
9PfEdHQznZk
9Q1UMNK9ifo
9QIyyq48ZHE
9QKKoTDnuHY
9Qkr8MrBY-g
9QlZrB6BxmY
9QnlilLRd6k
9RX3XGssyYA
9SwTN8Q0dHg
9TBKwHRWnSs
9TEWLz4s8Gg
9UEdTsojEyY
9Ua73msW5FE
9UiWqE7kK_g
9Vagrx11_bU
9VmPravCttY
9W9qfxDTd_I
9WCliVr_nYs
9WjRmdJ8DXw
9Y049L69kzI
9YhkH3hKHYY
9ZMCdV38rlI
9ZupAzU4btg
9_9IRWfdp1Q
9_VyEpGB3wc
9_lNxhVhdvU
9bC_YhWdhsw
9bHOhk4oBAM
9bZkZaiDTZA
9b_aCdYRUo8
9bktTXdlgAw
9cSK46EIPc4
9dp0u4zffgI
9eHHUXxN2gc
9f6WI-OQfGs
9gC9lKEnFKs
9hFInqAfKbc
9hLK0OFpOxw
9hLLWavKGUI
9hoPPHBITiY
9hrX9mkXBkI
9iBYaLoftXw
9ibxRBKOFJY
9j47ZPWMna0
9jDy1zeEnUo
9k63ptu8XnY
9ky7kizDmeQ
9lBbE4lsj6E
9mFMXqmionE
9nuG0Sd1w20
9o2CeJO5qeQ
9oRRZ7Jz0aI
9oxD-T9O5x4
9pmKX0g15_8
9qI-veP4Y1E
9qxfaz3ifLo
9rEn6Y5sfUM
9rSddkDyn6I
9rvbLqoXmag
9rzV_yRcCNk
9s5Uxa2AAak
9sRbb8_hLVA
9sZsGhRYMLs
9siAQbe_X1Q
9tUI1_6OWYs
9tkGFqVAboQ
9toACSW2bAk
9tsJ1NDe-p8
9u2oho6ASaQ
9u_PxSRhIvU
9ujE-0SQULo
9ujUwBrsoRE
9vGPHwAi8Ow
9vOxiORq4kI
9wIPYAYS-6k
9wx2FGxS02c
9xByOUYZiDQ
9xE5Bd8C1OE
9xMfsYA3zFs
9z2rkL6fSec
9zI-Pd6wcZQ
9zvAr-siyVs
A0-CzqjGLbg
A0W6H7fjimU
A0YEjRu9di0
A1PajlZMalU
A1tLFtg_iLU
A21HamZtDRk
A25nzOgFRk8
A2K7HqeI5Eo
A2XlPHjsWGU
A39WBKvlb6s
A3HrJ7Yfjps
A3IXqN2XeyM
A3zHGlF3m3o
A5Dvbv99vdE
A5hMLvlDJRM
A5y_zdWlP1Q
A64PdwCLUeo
A66E8GNZs3s
A68ylgva764
A6Qcqu1Gphc
A6RvwGhyITc
A6beggIGxM0
A6pLCHWEgr0
A7E6qqkqlmU
A7FcHf20vzI
A7IhSl3k46M
A8bGpW7FBMk
A94ZBdcMRaE
A9V_9v5832A
ABPUHP7PGrI
ABWbK81CDgM
ABynn_hwUcg
AC78nPh9IIo
ACAcDWNbjD8
AD57oNxg5io
ADgmm_IP2ds
ADtQJTsLrm4
AE54haFJ4-0
AEHR6kmh280
AEm-7FF5kW4
AFIrX1BJcUk
AFm1t2EvCeg
AGPbLRY8UJc
AGmeCytOKpw
AHFRuxt0kCo
AHpFL6nnpds
AIG3iJyo-nM
AIqpFo1zdcs
AJ-4wUlQCAw
AJMBdCbO_vc
AJQfLo4ez-A
AJyNTMGQ6f8
AK2HFsE2nP4
AK6EQCLnIYg
AKA_SP-1eRg
AKsydRZoNaI
ALE2khGnCTY
AMbzssTDybs
AMvFG0p61kk
ANShDMUiJ_w
ANYa0LBiA84
ANekN9sJAtc
ANpWziFaIu0
AO5cIF1M2Uw
AONr7Aay328
APbmwPGZxgg
APnvm7ztzbE
AQ0RR8HND0E
AQaYZ2b3PWg
AQcyFpJ44gM
AR0Uvs_XK6E
ARRdOUTNNm8
ARSa2ze9dYg
AS4ukfUw3gA
ASEHmw8nki0
ASlMHCqnXGc
ATN5Gcu2GU4
ATRngv_1lgE
AU-OpOdZ4Ms
AU7ol4p79Bk
AUkwULjXf94
AV0kvM-fC-Y
AWS39SbFUVo
AXG96kCte68
AY7CQeGGHlU
AYaToNeBcuE
A_5mmBBLJzI
A_IR6f4oM2w
A_YJ4vtpaZY
A_l1Mdz-HTM
A_xMtCqfGaA
AaSBZqkZgek
AaSaEnZNETI
AamqjutXVhU
AbP48OioYmA
AbQqOjeJO6I
Aci2Sw1i7NY
Aclu8qvnoj8
AdZl9im9p4Y
AdfWGeo2bWw
AdwsWpSWqDY
Ae-HKTsvGqs
Ae5qW8I-DyA
Aeo3J48YpUk
AhKw9Wck-tg
AhSMcVq0Ucg
AiFKI2E15ls
AiNS4zHXl2w
Ailot6VkDK8
AjOmQ8Jwmgs
AkITIhgDSaA
Ake6s0ItDro
Akx0GdGlvaE
Al03VtIWdXI
AmEQyoYoxYo
AmtL_Zypeok
Anu-y-GDIJU
AoVK-vJg_SE
AobM2abla6A
AofhPgD9gZM
Aommv0MpXP4
Apt3sCVJBro
AqTrHH54lwk
AqYK3wrcV2I
ArEY2XGL8nA
As8KP9rUzbQ
AsRpQU9bzUc
AsV01o48lX4
AsdFP1JIA-w
At01H2q9N-A
AtP1hRzthYI
AtkigW0TP6Y
AtrO1aClI0s
AtsSnIgkr2A
AuFfmn7GPwc
AuH_-1x4BM4
AuTQWKREdNY
AuYcn-bDFtk
AulPv23_I9c
AuxWQO9IwUQ
AvfpfP7gp6A
AvzoziWfeuA
AwshujXe_IU
AxSSfYejWdM
Axn2A5Zp0X0
Ayk-d8IwKio
AywBtQERSlk
Az65J1Ng1Rs
AzEpJhi-n4Y
AzQh29QQZJA
AzcpHGoHBiU
AzfHODvVlnI
B-Z96EBTDis
B-eyTFX2qIc
B-j4u7qxwbk
B04WjaMwrCc
B0ID8M8HgDE
B0Y3BG_Z3kQ
B0emdtDe2_M
B1KenvD0Pg0
B1RVoKubt9s
B1eLGeFptPk
B21PG25OCfY
B2KnrLWcfvI
B2O6c0lDf3k
B2cCYt_vt8A
B2cG4P3gZpE
B3g2ykGeGHY
B4hmS_BtVgY
B4yg5F1XkTc
B5GHUzRgDNg
B5Xvnf9Wa1g
B5bMa1__J84
B5f9K0NBCaA
B5pl7LnUVPg
B6FgZdTVY9k
B6RotDuY_z8
B6Rsa0nn2k0
B7TuaBp-REc
B8pvphoW6EE
B9ulMcI52F0
BA6-aA7pFMs
BAAhr7JN64Y
BABPrUY56oY
BAwU6AuuhGM
BB-Yssz3NA8
BB0pfC31ik0
BBZa3CE_Qow
BDjfdiH5pYo
BE-_MouRUyU
BE8_EhUHqxA
BEtV_J7zAh8
BEzpNGk0ekw
BFMHxKafUg4
BFXskuka5fI
BGxuRflvYKk
BH5asgX8yKM
BHOl0Aj2T5g
BHXfAUIaPQA
BIF0rz5N9_A
BIQkDr9NX60
BIZ2FCDdy5Y
BIa19b2q4bs
BIk72om3rHY
BJbd0K4y_Oo
BJdTC5R3Jik
BJrHS1sNHgY
BKrDj1RtCpw
BLHN-nZXe74
BMJTRf8n4mM
BMqvtVaLKAc
BMuo-RhpKaE
BNFt-6r0b9U
BNm0-B8floM
BNoZj_BtqZE
BODEOpbSvJE
BOVE92kvUuA
BP3Umm66c_0
BPgKEVvLhD0
BPyI1-QQHVU
BQ__8Rmz1Ok
BQe_PVPxtC8
BR40KhTpziU
BRctr06lLAA
BRltQlJhdmY
BUJnPyFxIis
BUJvvMSt0vI
BUZfqhOOXzY
BUhbzb72yDM
BUyK0iv-W5U
BVSaXurFVLc
BVTCTuWz8yI
BVbWguDVjg8
BVbnQZE8JUY
BVgJYX3gdAI
BVyjpAA6qh0
BWg-hr1g5OI
BWvRx2gYFXA
BWwkou53jWg
BXVJPvdQeFo
BXf-o3F1D00
BYXQ6NiI0Pw
BYZb3KNfnmk
BY_A09kKg10
BYoKu5Yfsh8
BYueXYnQFFw
BZ42s7tTWdI
B_EQ72mInM4
B_K6sSsu-iM
B_e_G7q18Qc
BaCeZdJQ574
BavUHvtJpqI
BbERED_6d5Q
BbNOSjQj51E
BbzagOdMeaE
Bc6It8bkQCI
Bd2m3VCmHi4
BdS5D-5xi7c
BdShhl1qVWI
BdXwNlfpLRg
BdvD3tr5gQ0
BewX8jorqKo
BfuFQnMQvyk
Bfw8VF0ikg8
BgfQ5rcc7nw
Bgv8nlXmSIg
Bh4WXCh-IK8
BhVtDDnGhV0
BhqL05IBR1I
BhxTUkzPrAI
Bi0aVC9QFaI
BiIaeDnF1Bo
Bjfn575moMg
BkNZq_ReklU
Bk_tOVBeKaM
Bld5ohsifCE
BmI84IisdfQ
BmXbnV8vlVM
Bn3cunPD6Ko
BnHUu_2X6k0
BnP9W5PICXY
BncJou8vARA
BoEmbEqPe78
BoPeL0ic8yc
BoomjlRY7s0
Bp1ZG742yGk
BpT3QiehhgQ
BpXfXRHsQws
BpjuquNAE9c
BpvBAb7Xv68
Bq7ekiTnDjc
BqInE3qZDYY
BqRoTDwrAuk
BqXSP0L3ek0
BqgcX4_PjIs
BropjZ_b9pw
BsHm2U3LpF0
BsMEfFztviw
BsWnN71M_ak
BsX828j-BAI
BswXPz1XWwM
BtTBJjErwPw
BtT_vXo7pPU
BtU7IAqdRvk
BtY7KdlpyJ4
Btk9Me-kiP8
Btzvrp5u5lQ
BuU8N10KFNg
BvYffm0Grf4
Bw8Aj2nvvDc
BwMyckSRk24
Bwb5eSdUtp8
Bwr6lWz-5FA
Bx1F3QuPyII
BxpOQQPhQEM
BzJeqkqmAQo
C056ivKub0M
C1wL5Zc2nUc
C43lMO7dv6E
C4Gr8zu1h4I
C5EPSn2My-0
C6F0D217aaI
C6RfgkEXM-M
C6e-ybpWUnA
C6gbxg4Tlbc
C6sq2iACX4M
C7EyZVPZUz8
C7Hxkx4CkgI
C7U2LpSsRaA
C8-YCVGDEhU
C8bfZk3vjL0
C9khSbYu_fA
C9uV_8K9zJo
CAP-W11wleE
CAVvY6Dv5wE
CBKwzEEGBxY
CBLlux2TYdk
CBv0yU0wqo0
CCRoNcCcLpY
CDKelEYb-tM
CDX9mLAMnfU
CDipNhYyMy0
CDzgyQ9NuY8
CEFBGsiHM-8
CEJjDAsmWH8
CEZgNbLPUlw
CEaPk33YpxE
CFo_hQ_CyS4
CG3biyx2uKg
CGSeCOCvGpY
CGdv9QewCw0
CGqS6uxlpL0
CGvj9jXG1Yo
CH5vTSZgz78
CHBoFYE6AfM
CHMeczAGo4A
CHRTwPJDn2k
CHXxTTp-68A
CHe50fcyYeQ
CHsS6zqOlXg
CI9wAOjrVKI
CIIvbJbuU2I
CIUMcOoTHFE
CIaCfLgsnMo
CIyhHIzm1_c
CJ1gsDn9RSc
CJNShIcZzc0
CJVPHPBktd0
CJX6lclQfUE
CJd4vG-rWPs
CK7CvMpLXec
CKEkiZYC0rM
CKGfy_zHPnI
CKN3opdIh-E
CKjQRMQIjoU
CL2PfqgG5qE
CLTebMBP8U4
CLXiS_BeNS8
CLiTIT-N30Q
CMETkTkA2-E
CMdrCg6T2sA
CNMByJM6Eyc
COPZwIM31c8
COd4Sg4GBC0
COuNGWZfuOA
CPHaOqrWIZ0
CQQu3b3jNdM
CQdH4ox-TQ4
CSaDjPDvT7g
CSbiWzXBt6Y
CSimQ9nEXKE
CSuNE_mSOCY
CTPvYFPbZ94
CTfc3krlcW4
CUPuOApVAcg
CUcNj6gV1IQ
CUfLCPaE3vo
CV3XkFRt7Ds
CVCDx-FTdgM
CVJuxIkmdDo
CVMbzYTUu5Y
CVP6yxMdLSo
CVuCzHV2Hi4
CW-k1VZ_O38
CWB9zrMG_Wg
CWaUDYr4HvA
CWl-8B9rSzU
CWs4Zlij74Q
CXQw3CYj0V8
CXTFEUQetDc
CXfOfnauXzM
CXuxUMD2RC8
CYg5SBpXO30
CYk5kEQ3rNY
CYzIKyw4xfI
CZXwhw9yEnA
CZ_1IKhuSho
CZrxkvFdfys
C_VmIGCGLGg
C_nIuSrNcrs
CaiONN6cwVQ
Cb1ZRjMC-Ow
CbBx96BBD1o
CbKWOYueuuU
CccG5Zxfpes
CdEo5mcpoHQ
CdEvN30k4Lw
Cf9wH_ywVVY
CfA20knphmE
Cfcjf2mG9E4
CfxCzkVaqL0
ChZPda_eCcg
ChbTHvJQzV8
CibVWNX46Vo
CifZCky5D1w
CjIG_6M1uSY
Cj_RJoaGqzc
CjmcONWoJGU
CjptOGd8x-8
Ck-wsqD71Vg
Ck5Mss-eHgA
CkCsDToxTIo
CkSL00AqLBs
CkTM8o8p2Ng
CkhPrVeD1LU
CkpzBCYX4wo
CkwOzs-CDXQ
Cm9k7A0AqoI
CmPkKn6yQyE
CnKhj7M263I
CnMG3Drwg3w
CnQoxUAob5g
Co7NPM5kNXk
CoTubxBvvDo
CqB33VND1zk
Cqyk6ftk6F8
Crg-ocfPAis
CroBtkfJj0k
CrrJm5aiFPE
Cs39m_dLGYs
CsMW2Ww10qc
CuO_x-_OiE8
Cun-5s0zAKE
Cuu4z_q01H8
CvMPmtiBsIM
Cw9-RKJjm08
CwBFSFmD2_U
CwaZnmJ-sH4
CxUGHz-hQdg
CxtRvixEzG0
Cxw0HJJcX-Q
CxwQmMtKhrQ
CxyW9aBMoP0
Cym5bWKr0os
Cyr14mvBydA
CzD_x8x7MZ8
CzFZvCGtHj4
CzM7HWyHYfM
CzPJlsSbjt4
Czbd1n1fVqg
D-G6MLS-S1I
D-_fpfP_QMc
D-maaHDDiBs
D-n5Rc79-_0
D-pNd5vzLGI
D0Pqa3EcX_I
D0gqz-WKs9Q
D2cOS6xrQEI
D2iv8j-z4tQ
D2nKEdmSvBU
D3BOAg7jk-w
D3iHhGrMpEU
D3u7-UUSpxE
D3xrBxFqick
D4J90FF2GGw
D4lydqGSzWo
D5Lj9u1BU24
D6DGc7SeUbc
D6DQXZf73vQ
D6HFFTTQ4CQ
D6OLBJC0boE
D6eE6SoFf5A
D6meP5Xzcas
D7I0w-TStkM
D7mbxUE0nU0
D8EbvGNVIQg
D8ZtWqPhWMA
D8pZHM10lUk
D8t3H7LUh7k
D9JN1mHFgwI
D9SeGO1y7G0
DAESfb0cdGU
DATMGolFfNU
DAdd5Zb2-LQ
DAmKk1bwqpw
DB0HwZyAXHc
DB11m9Tu2ns
DBQKZ8jwH_E
DCHK8Zm2dCI
DCYEh5O4Uls
DC__RWwjOhQ
DCsPi3hOuV4
DD6VxDpqn04
DDgRHcvBQjc
DEXpjAC6aqk
DFDV97V2JK0
DFLdEaKntEg
DFT4uo4YVwY
DFTcPoyNewc
DFm0anqrv3Q
DGArZ8cAwiA
DGU3t3WpNTo
DGj1UCupUlU
DGr58tDuRPU
DHLb2GidVl0
DHZAGDbTP3k
DIYvdVuzx-E
DIzMNgD6hy4
DJ-ZbfeTlrg
DJIGvBwnzsA
DJnIG_mUtRQ
DJwGdUStz60
DKKaN5nHkUI
DKpWE9WXtIU
DKsi3_5opO0
DLBnMQazLvU
DLkK7oo6q4U
DND7nF8PFpw
DNXN21JgOHE
DNrcGE1KeTo
DO4QDdC4Ivs
DPm5Xc382z0
DPsSsjVBfRU
DR0zqFH3ni8
DR9vZM-w8n0
DS6Y7xEdNuE
DSAbALt3CVc
DSaznPeBlUg
DSzQJn-Jrcg
DT1_cG4PCGs
DTgNUFgPS7U
DU-5yfKuv24
DUBx9x1LhCA
DUWRewteUbs
DUq1Y8QUBfw
DVU5d8RT92o
DVdVaSmSDbQ
DVfwVizgr8k
DWWdOSmKitw
DWfcAo1-CfI
DWg_mlzvtZg
DXDsgYcttyY
DXVI1pf3Z2k
DXsJdK_-XSw
DXwme8mPUfA
DY9RfJrtXEQ
DYAO1r4BB2U
DY_lterEWtw
DZ1Xyd1IYDE
DZMEtUrTgjY
DZaSmHXOTU4
D_0UU42nXcE
D_hOZ8FHYpY
D_r8xqY_fl4
Daiy-bkkWlk
DauI5ar0Jxo
Db0SLv3dzAc
Db9qU5kZ0JA
DbACKHuVjBI
DbGlzRzMueI
DbJdPFJxyJA
DbLTXtDs758
DbmrrG8SGn4
DbrLsaS2PRo
DcG2AnJ89Pw
DcdZfDmK37g
DcufUv8Ze60
Dd5ptAJCPOI
DdNq8NqqvNE
Ddm8LXKq7uY
De9zYLFyvjM
DelbETUxRrE
Df4_Jitsyy4
DfUp5hNP5dQ
DfW1c-D4sK4
DfaOQjUHdXU
DfxCgEkDLRY
DgTyebQz6cw
DglpRWNnfek
DgrbsKFU5sE
DhG_UExXH8o
DhnTqPt8Nm4
DhnbIWKVNqs
DiOI6hh3UeM
DjDisFuybLo
DjFGCmyMPZY
Dk8mXbYfNVo
Dk9-gXTtc4E
DkcEt1-DDYs
DkkR7xM4jYc
DlOMiFStqoU
DliuDlJrzeI
DlmmJYOPF54
Dmcs1Vl6sok
DmqwitIQ1D0
Dmr03JVrCOs
DnF3mX0M2ug
DnGEdNSQZIE
Dn_6QSmC1l4
DnlzQraGIbM
DoX9H45P7mg
Doq1t6wXc3U
DpvHLgQ6qkg
Dq4q4vZO_O4
Dq54x9G8sUM
DrGjehKn9VY
DrWWWzFK0Uo
DsSV2Y1EDTM
Dsg3cymVcIg
DtDk9A7Bbro
DuL1JVCw9Os
DuL2AhcFTms
Du_xNRtL0PQ
DusWVEygdYs
DvKDtbg0kCU
DvNkshUGd-c
DvWzOzja8D0
Dvdig1aslRk
Dvej27GrwaA
DvoCnA-cVOM
DwRiDXBCZuk
DwsAgWo-_Hc
DxDUu69IUvw
DxTdg78sRtE
Dxzz0bEISJU
Dyp5HSUZZ7I
Dyx7FoBnGPo
Dznek51sTPU
E--7GqmNgAU
E-3UDYfkLaE
E-xI2eZzQXc
E-zGgMz1fRY
E0AIsPmgZtY
E0RUN47dmRU
E1YrDu9wHGY
E1vUFIulT4o
E2EAF8Ewmjg
E37oMeruxYE
E3VuDIoCqwk
E3X8_IRGtFk
E3bjONK2Kw8
E4MTF3JcM0o
E4Vg1gsXuBU
E4jwzriSmM0
E4xgKYP0ihE
E51ccWzt_QA
E527-PO4fwI
E6RqK5Cgtv8
E6tiuz8ot6I
E710jewuwhk
E7N9S86VkBU
E7W1XY7uDRA
E7kB3zNKuqM
E7opVot16uE
E8tMI8HgmKg
E9S8JqaLd3Q
E9ddS9oxHrk
E9qD3VizCvo
EAP11kErgR8
EBnzK2tF8VE
EBwudkY78a0
ECD-OQDodWs
ECyE37zzZcU
EDGSiyowX9I
EDmj7l2Xc34
EE4ndudIKYU
EEOQZUgrnT0
EEnz3M--P_k
EEq0qneSMzI
EFr5r2X7zpg
EFyByhoicAI
EG-QXElAqJ0
EGU3Jws5pcc
EHOMCMBY-As
EHPn86A8I5I
EIHrt1e0zBo
EJ-VteoRVcM
EJ1SJ8FlZXI
EKAsr0EWSpA
EKxbgUiGe4c
ELBskuUCEaA
EM5Sw1l8jZY
EMLcUkM99Qs
EMcwfz7-mU0
ENOiz-sp-DU
ENaw7mZY89Y
ENnXzkn9Uu4
EOTmt7C5bj0
EO_7wjD1cjI
EOeGWrNHG_A
EP8Ji3XRAg8
EPCB_i8C3XY
EPeB1iUPmyE
EQB4Pdq1u0M
ERFYY86Qvvk
ESM3dthKf9U
EUbYM5mD9B4
EUj9nVcTrtc
EV8-__oUE0Y
EVOg4s9JPPo
EVeVTiSoBG0
EVje1ihkuUk
EWkSUhSgrEM
EWmX6zlQ3YA
EXYwrXhnbNQ
EXf8OBVxG-Q
EXqVd5LFby8
EYPz21GWXzQ
EYQRiFjUPMw
EYSeTqvDLHM
EZCe_5E_PVE
EZKnF4nGbv0
EZwJa3c3R9E
E_UwvuMlZfU
EaDQ1holimQ
EaKHiBeOwBE
EaLM4FZoX7o
Eb8SbkRMfbo
Ec9baszgOoI
EcSl62XYo-g
Ed0xDH5G3XM
EdQ7-cH27c0
EdbKLBArSOA
Edslp56WaFw
EeCX7uFY83s
EeJb20GcJic
EedS6jK3BU8
EfTgvYL2WYQ
EfToInbhcHg
Eh70sPjIh1I
Eh80B3VerLE
EhvKn4myK5g
Ei4sqBhroAY
EiYEydcWsP4
EiwTTKpWB8A
EiwsDHnwc0U
Ej3mP_YJs30
EjES9Fek6lg
EjKmAoDh14Y
EjeHXeoSII4
Ejrp4k1-jJ8
EkvtQUPM6Hg
El63_biTbvA
ElHweIPkpc4
ElMni3H_Q2A
ElSb7dksuu4
ElTcEWftiac
EmKOhHyjKaQ
EmPiVgJiflQ
EnCbLTQ4wnM
EnITlx9GF3Q
Eo2Nvbo5xmM
EoMmC98ELRk
Eo_0ugkQOAs
EoexLf6k4XM
EpeWNByeSQE
EpiwRHaSsCk
Epv4mOM3zZo
Eq3g2ZRiLMg
Eqw_3vL-lpA
ErJCi6XPOWs
Es0Lam-SiTI
EsThXHl-4qY
EscBEQnpUhY
EtU77EV0f3Q
EtUi0BjjrQ8
EtoPBiTXiy4
EtxsSmhVH78
EulYSKUN3CA
EvHRe7Z4UHU
EwEZcTz-868
Ewq6x_BJuYs
ExF8rT7WJb4
ExkACvbUzzc
EyaRyAnJBKg
EyatsG-FzbA
Eyj28wPXD84
Eykc_BuV5cw
EyrDBiSEBik
Ezf6_yxhG0s
F-4n_vZuckI
F-WWHVYZJyQ
F1ADmoHTekk
F1RYlUiDRB8
F1orpx6m5SA
F1t01VyTs-g
F2BgEb28TK8
F2HDnSTMZyk
F2LSrq50I4Q
F2PuSp6LlIo
F2W7WhKk4x8
F2k7gZ3fG64
F2xyzuoEdzQ
F3KFttlzeH0
F4PlezAuP6U
F4dHsNDOlLo
F4efel55aSI
F4pv_JtsxCk
F5ChiUML8no
F5nMXBdRn-8
F6Y_unZsFU8
F6p0okQR7s4
F73hd3kfZ0w
F82LIuYuQb4
F84ivJ3XTbE
F85ssCDXlw4
F9VdE4EnYVU
F9_FyUeoO6k
F9lV9tL_P_8
F9yb7hm5zMc
FAl3JLC1prs
FBwbPf2FYEc
FCZptzQ5YyI
FCf6l30m_qk
FCtJEEvucQA
FDDwQr3wIAk
FDI4oM4gTSA
FDeXbK1EVTs
FDkidgf0wWg
FE6b9Vi2FVY
FErwufIQ-pk
FEwBVj2MIbU
FG27Q4IqH5c
FH-eUZl_6Ks
FHCukPWNNF0
FHYv89XpCWA
FIGjtwazpXM
FIPpf2O3RYU
FIhK4QvssrU
FIq2oVtVyck
FJF9tUadwsc
FJWTWBIPcL0
FJfjPue2bt8
FKAsEes_F-Q
FKEJ9eNY1ks
FKfd-R5Ajwg
FKuMziHDctA
FMVgVD1BRM8
FN0yWTWt_A0
FNmPrSDdxw8
FNzektd0sgM
FO3N12k1amA
FOJTysIk_ts
FORS3YhZ57E
FOUhVg1LxIY
FOk8xgNyqnI
FOyVIva2FTA
FP_MGlIulVc
FPor8swhrIQ
FQfclGeXClQ
FQppIy5MPYU
FS7nH_9fQDg
FSExaU6kCrY
FSwkg_E6aZo
FTEnN4aP4wA
FTMKw3vp0a8
FUGHm96KSDQ
FUYt90sNSTQ
FVFoXrOtFIs
FVQ_nit77oc
FW5471Wn7p4
FW9zpxOuqvM
FWBw7WCji7o
FWUwNaw7qvY
FWy_Dj2cbe4
FX47OGKoh44
FXN-oIdA6uY
FXSVv-_J_70
FXgFbiz8-2Q
FXpk-_neLnA
FYM_tmKaCeU
FYu7jpiH6iw
FZ7-RfM-eBk
FZ8065bldj4
FZD11xR9QFQ
FZ_zKVM8ats
FZjaIJkQI1E
F_E9PZV9fNg
F_KV0S6e9R4
F_V_qtCtxEE
F_aqz9-0ONM
F_t-UHzP_qo
F_zNfwx0OMI
Fa1C6WuhT3Y
FaB-A2OFPHg
FaFYyTw9XS0
FaKHldhlpXM
FbOi7-U_eC8
Fbgd8ZqlDIE
Fbp0QBbdoXY
Fc64uLsa5fs
FcMclw8ZEzE
Fd0sm8mJdSk
Fef9l8h9YkQ
FfHlX3CXglg
FfIMasYzAEg
FgMBAjBgInk
FgSztCLEr_0
FgZ1ke7m5IE
FgoXlOnvSQo
Fh8EubcUC_M
FhCpVjGgSNQ
FhVE5_d_w4k
FhhkQzXArxE
FhqLssdakSs
Fht08wLn0oM
FhzdCnX2LCw
Fi143JzAK44
Fi_xFvC96M4
Fib_174bZSM
Fj-u4rcmzi0
Fj2mWDXH_24
FjKOVy9PqTo
FjULON1gvxA
FjX-YMlIm9U
FjtRcjWzsLE
FjxSgu7N9gE
FkJr3upLo44
FkyucrgkLYc
Fm6QX3k2oK8
FmW7q5u2Mc0
FmdwehoCuz8
FmgoUFDWdQw
FmyAbgEWA2c
Fn1knQXJn-c
FnHMq0FVwj0
FnkAtA-62ic
Fnmmxm0rC20
FntTVKuFHAU
FoBK-dk_bkk
FpEda8MaW0c
Fq952FyQrGE
FqL1t5cbAX4
FqMjDAYEk-Q
FqOYRCMTNGQ
Fr0Ssu1SzsY
Fr1h6_FPRMM
FrOi3vTCAaE
FrxxiNAYDJk
FsCqvZuu7o8
FuCW7AVrsXs
FuRo6ch9gSw
FubZ50ml07A
FvH9Cvrvlg4
Fvsfne5WnKU
FwF2QeMfjU4
FwYRHd9ohAI
FwaveiT-Nps
FwoQS9PF4Y8
Fx5Q9f_wl8E
Fy228CL6edY
FylBmdKPjAM
FzMzpY1HmKY
Fzz5l-m2qOc
G-0zsH-B7GE
G-bQKi2Zd_0
G-lvlK3KZhE
G0Aq9VbvExU
G0dd_qU9m2o
G15ZX828Tko
G2QFYs2rMSQ
G2fqi4tF8eQ
G35am2yGzKg
G3G5y0KtAi8
G3pDJ7aUE-Q
G4UJ0ZsCHUc
G4ZjFyct0a8
G4qDaahkKDs
G5kQ89sBQOY
G6OHaw5AQDM
G7Ibk1DUAn8
G7MOjecbpBU
G7MplzEWsi4
G7hqhNJtKCU
G8rfwrOt8zI
G9VWL0d09Ko
G9biA33cqGk
G9ye_TkqgPM
GAETKstmvtM
GB6Dhyh0h_Y
GB8YaVGbXyY
GB9jAb2Fprk
GC8ZJC27jsM
GDB6OQqcgFQ
GDM4wdCW2k8
GDwRI4dEyzk
GE0HSAPL4BY
GEJN9n_F8CQ
GETk4UVOwq8
GF8lm75GgoY
GFClTM1fdI4
GFhJGOD6Rl8
GFxWZqt_-EQ
GG2gjpbi2qI
GG8n4vAjPf8
GHZAxfTD-7g
GHn_dMiik9A
GJ8H8S4mLxM
GJanMtMJipY
GJmK8lnLI5Y
GKABct_oRaQ
GKBFAfTXzVg
GK_DVl9qGJg
GKg7e7AiKpo
GLUv8bv-2h4
GLZVtQ0NhNk
GLarOlFQVeg
GLsaczVWoHE
GMO9KcC0WS8
GMirLNjX1Eo
GN3-RlbNbQw
GNIwZ4ToudY
GNRsUdURPMs
GNtQxDf5mR0
GO5JA3bxPVQ
GPMiF2R4q1g
GPf6wHUNlkQ
GQHx4T7PSC4
GQYuwR8yCRU
GQ_ux7Ka-RA
GRkEVNH-WuI
GRtHPRmrHZI
GS3GnrZd_oQ
GSR_o_uCytQ
GSS1vGrhiq8
GStsYePIMO4
GTY9CGIzB28
GThPLBoq5v8
GU7bdEa9UMI
GUqpu_-5K64
GV4r9nen988
GV5M4DHhpIY
GW8DDNZGnGU
GWGsV71xjeU
GWUR4Ju-RAE
GXBMb5kauBI
GXP_2kZX-pI
GYd042zHJeY
GYsA0ORvd1E
GZzMnKtaJv8
G_w09HFtsrE
GaJKvajSvx0
GaR9uPtdsLc
GauYbEMY1hk
Gay1mC9PCyU
Gayv6EsuOpo
Gb73vAuAQBk
GbFgU5p-JDY
GbIug6VUK_w
GbKMfju9O6I
GcPLKJZkUY0
GcYbOKVHY4o
Gcgir-GTtVk
GcieSvZUOrY
GdD5exo7WPc
GdZ3Q3Akxzg
Gdgivd-u47s
GdhOQUqig0s
Gdwhd36_viw
GeNNsJEioWY
GeSo8zWmyMY
Gej69z3YSa0
GevkQHt9Hrg
Gf9vrm-DGQ8
GfPTGXmcFRI
GfyfaYfH8uA
Gg60jB9JJmY
GgBaj-8Wixk
GgFNfZrDsgE
GhfWsk5pxOc
GhpmSABT78E
Gi4klElQx74
GjqB74QJzVA
Gjqi6Hm8dZI
GkQ6lpcuHlA
Gkhn93w3F30
Gl139bevcr4
Gl8ja5y5GNU
GllQ-FYe9M8
Gm4gFfQxdEE
GmF_NH5iAIQ
Gn5OqHOEVcA
GnKsXopHMt8
GneDVCK6jcQ
Gnp5wE8cbNc
Gnuyu3ApEM8
Go1vWrkwT6o
Go6MkiKzW1s
GoQ68Wv_CxQ
GoRpxnQWhvI
Goglrc2gbHU
Gpb5cTyKNJo
Gpdh5j1mIFE
GqKqTVCNAUQ
GqP-46zkGNM
Gr502Zjhhk4
GrcP1qLQjRE
GrjY0vZwZrE
GrvROTd2oIc
GspLh5MW-CE
GtlIcE6ELAw
Gtyp6uqpoR4
GuBSeOQypDM
GuLmTyX64TY
GvCyAUs7z4w
GvNujGAtXJY
GvkJqZQVWy0
Gw6EL_vaJ4k
GwKiBZo27Jo
GwSde-drlSc
GxTLx2XRink
GxZtFs14QCw
Gxc1gUfPe0s
GxjAbqjQmZA
Gy1LEfbiqlk
Gy5U7Dg0Bdg
GyckAmHRKnY
Gyto63C_T8k
Gz0c2cC6dVI
GzhZNWerXkw
H-ztZCvnzsY
H0HkPTd0Uco
H0MOKdK12CM
H0Nf9RL1tsM
H0dd57gyJtM
H10W84mApjc
H1E7e8C8PwY
H1XUrk4sd70
H1rkuNpEhqg
H2KhnW3mrNI
H2wz6bHufYs
H30ouYXCXAo
H3ATMFKZU-U
H3iFf_d075A
H3x-C7O8sB8
H549dltPxEI
H6xJu2d9QjE
H7k7ghWQuQM
H7kCQ-jgJ0s
H8DmzqSWx_s
H8GqTAHgpAE
H8K2LfdcDFs
H8QpacYbHqw
H8YCcdNUV4w
H8bwleXL_Fg
H94yMjvgGPo
H98MZUiFLvw
H9D5p-d-TkI
H9ZCQJUn5GY
HAXzGF9zI8Q
HApqNXlMpfg
HBup0lWYSbQ
HBuwAm09Wgo
HDqoWLJco2Y
HE-P81QSkuc
HE1qu7mJKO0
HE418fcqAWg
HE8fm5Zo3ic
HEoGXVyAhos
HEy-yi_qBS4
HFHyPrd2uDA
HFIUYVN-KT4
HGDSVk_w8uw
HGO-AVfHpKI
HGfaa1Mefzs
HGfoNlgwUfQ
HGftiXUCNXQ
HGmC0g9cQf8
HHF65hbGOS8
HHbGjlLMskA
HHmIxNz2dnA
HI7Y9U4F78k
HILzBhj5nug
HKQMoPB-FCU
HKvlGj2EYJc
HM1KDgK1jNE
HMWLFcqJ6U8
HNTjcKlGdRg
HNUXQV0XGt0
HO5NZEfEfjE
HO7OoThzoPU
HP59MVbKjDw
HPNkXunvsuM
HPTgGFcCX0A
HPficDvbOgA
HPqGIdOb_g0
HQ0H7WpvIr0
HQIJ54mw3N8
HQ_qBTJdLA4
HQpU4zffV8k
HQsuSr9CvPo
HRMCuiS1Mfg
HS0WfJeW_nE
HT6dBIlrrrg
HUMG1lPjr5Y
HUO59E1rVIk
HUXRMR94POw
HU_AjIvdeQg
HUir27uP4UA
HVBk7OqsLpw
HVcKlq78bMw
HW-gDSjb4s8
HW331k4hBYs
HW8_sCAl7lY
HW8tG0QdTyc
HWDfLTdU_24
HWSUaMTPCXU
HWZgnNcLJ30
HWrxVLByWRo
HXMGn2J9X8s
HXS-EtnvKd8
HXunbfpIjWA
HY6Ng6PQL9c
HYUxv6gP7jE
HYbquxfcRJQ
HYujMe1l8S0
HZhw79VbB2I
HZkJe9I0hCk
H_9wB_mLh_M
H_KZB391Dl4
H_OR0h09Y9A
H_Uc0GrIYRI
HahEsm6rQkc
HalwIg-qTyw
HapFxM-cCdU
HbPu1JCrENI
HbeDdSv1S8M
HcYwT7EdTdI
HcgZ8MoppU4
Hd4Q2Pcy7Sk
HdVrscrsxFs
He8Yma5AqTk
HeuokAyGroM
Hg8f61jO4gU
HgsOct60sWQ
Hh0XpXYoPF8
Hh9bJWChgZM
Hhc5iQ-M9Cw
HhjkazQZcvE
HhxDlH-t6t8
HiU43yM2gBs
HisNZLG1UMU
HjbrVhRkJ1A
Hk-bzZc8S-g
Hk7IwaXkvw0
HkbxnmylEy4
HkhofXx611s
HkiZNXBUrrY
Hl4DOkELme0
HlJGWsBdRcM
Hlk45IYbx30
Hm3xDCN3YNc
HmAhE8Mgpvg
HmMzJMMkAaU
HmWP-F3KhrM
Hn0CMmISMCA
Hn2FtV_bi9s
Hn4GvuDKhHc
HnO51sE6PjQ
Hnk02-ijlk4
Hny1-agz4xs
Ho4WEQF4DQM
HobPT3cdBHs
HpTFbT-yT7I
HpYRgidabag
HpdekO8pCu0
HqOEsiqGCGk
HqdnrowSKro
HqjIVuNnt78
HrgStpoGAg8
HrhKZSdJWRo
Hrvki0hTZU8
Hs3OA69zUww
HsPMSyt-9hA
HsmR61u2cDU
Ht_X_hnR_X8
Hu4BNZNhsmc
HuLOHoUM-Rw
HuOmnbUBUTQ
HuhPgL1bQm0
Huq7IMLmp7o
Hv5SmAkaNYA
HwrWJD3kri0
HxnjYly6B5w
Hy89t0Zu5NI
HyXkLIq4jE0
HyyoA0O3dFQ
HzDaRvjjucQ
HzNk_7oULtw
Hz_bEiV4NaA
I-7DeEkad40
I-O1h9pALfM
I-X8jX1HToo
I0O1kWJXteU
I0OQFlHQn-I
I0eE95Q8CdU
I19Z8beHS70
I1VLMRg-w5w
I1ywHYyZLdU
I2PJmnCzX_Y
I2h3Z3iT-AI
I2kKKErOFEE
I2pMGRWNFrU
I33QbFMqeX4
I3Q5WS4ukuw
I3g5dHtPUl4
I3uDHgckLAY
I4UfY6Gzfmg
I4aahMXMf_4
I4vcdCG7su8
I5E1dNLDUWM
I5xjZFkcvFY
I6-avOJ01xg
I67HOHtdg6Y
I6Cqn2Yzgug
I6WaGboXDl0
I6jm3wLYss0
I7c6QOH_cf0
I8BeiuFqj8Q
I8E2oeNxXiM
I8ZDxkyVqcU
IA4vyhfPbIQ
IA8gYTMG4Is
IAbzsngoCxM
IAcO4RGovxs
IAn3Q3HuR2o
IB10YNaDelo
IBHibtvxubU
IBy9ptFD8u0
ICVcw7-pZ50
ICiVp3vRNlg
IDARIg0WZ6Y
IDpWMvrXz4M
IE3BGYUPPZA
IEJeT9giXYE
IELO-eL2jSk
IEkudkb7d7c
IG7V4bLJdTg
IGFdAXPG8aU
IGLmJryfc7Q
IGMElT5JzWs
IGO_98dNmd0
IGcajne1R1g
IGwPzUqArmE
IH3dBBow5k4
IIYGveNR47k
IIYreEAmc64
IIb5oVreBSw
IJ01OrMAXHc
IJNHRsvlpPM
IJrnGUBvvtA
IKPa5PCjOyQ
IKwBBCdU7Jk
IMYKWIP6cBc
IMasiuXsADA
IMl9MVLqjJw
IMlZWwC20f4
IMmgTJxtq4w
INoU8fehja4
IOn4-sG1Emc
IPIt1nok2GU
IQ8Clz0ra1I
IRx3iWnWGaY
IRyV2sNzWis
ISRT-V0JusA
IT9ApdxHjIw
ITIPo0yohpo
ITjalrdCj7g
ITpiTeYgWCI
ITtNONgOE60
IU61Y_nqQME
IV51Bjto84Q
IVERTWDFI5I
IVN5ncFYzRo
IW6vEIJssno
IW8om34z2m4
IWA7nT9iH4g
IWx5Ls3M9xo
IX0z659193k
IXNTjsjO6lk
IXu3LRvMFaY
IY5Ws381bSE
IYNPW43QBqE
IZQQ0elmNCE
IZoLRfudkIc
IZuf3_QWd1k
I_0MDyoS7Cg
I_HXhq55dSg
Iapylp92vzw
IazXjP6tBJ4
Ib4jQD9fFZ0
Ibo8YXlzHbE
IcApdbsyuBc
IdS2jSCKfe8
IeR6w4pNO1E
IfYR5j41wrg
IflH2_WIz0A
Ig6y5tVjsKw
IgLsubwsh30
IgdfcUsEKug
IhLE83XXJHU
IiuTynkm92M
Ij9kJLCcqFo
IjSNwWuzrwc
Ijqb6_HvvqU
IjuXcV-BWK4
Ijua71gQP7g
IkFD0fT9A5I
IkGvT8DWBpU
IkMkj2j2IiI
IkldI_sQD5w
Il2r5s5Kck0
IlgqxXYzkqU
IlmEILtFexM
Imdj_8DBhFc
Imn6QexCypo
In-MCYR2wCU
In9svIMIcWg
InGHSJtUahc
InXoHJxR7z4
InZZGNYcbPk
IopaWyyiwf4
IpDV6asVar8
IpjcoroP0_k
IppLqvhDmDE
IqwFErhhhzU
IsOfIAYTzFo
IsWKGrAarAA
ItMaF83b_Kk
ItfyqThjjRY
ItuXYXUmG20
Iu8MqP2AABI
IuRbZb2bMX0
Iv6Dwjfwnb4
Iv6QqHsFmm4
IvHrBN61lpk
IvOCW4arWuk
IvdiJ4INEwQ
IwHRlpwHRrA
Iw_QA6bAKOs
IwyNrQ164po
IxCxpukJAD0
Iy6TuHFZvj4
IyMgMUrS5CI
IyxqipAn4hs
IzuCS5cSaFg
J-C6zlib-ZQ
J05Gv_8M6ig
J0B7zzV0bc4
J0EDDGBAf8g
J0t482ZW65o
J137xp5BGW8
J1Db4mXSrd8
J1LSroVJc5I
J1sNQe6aLe0
J2PeeiKe37g
J2q_yplSqgA
J3Y4nSLCxhU
J47zhBfuGbA
J4CFQWKWELU
J4xzR_PNiw4
J5UdzcOD7eU
J5ndbQj1TsM
J5rlqv0ktEo
J5xOkmPDmdQ
J61exXXp24c
J6bX7XAdv8I
J6cnzw_mnNo
J6g-Mpq9lV0
J6vh0aA70gY
J83Fu4K9124
J8K9QLxAn44
J8T2HFg_PSg
J8VMWH603iU
J9SabSqg1V4
J9dglmyGueg
JA91Dx92z1E
JAGrKdQQmY4
JAXdPJrkb5U
JAyrV2d56pM
JBNEjeliO1w
JBRe2rSIRFU
JBjI-zGtzdk
JDHNcjUK7ao
JDnopxPvOnA
JE3EwB6XP00
JEIzb0ZX51g
JEQMtVmAtMI
JF9KY0HdEGM
JFBK7nHJUzs
JFl1BQ4FbKs
JG01Cos1XNE
JG3jURE_5I0
JGJzTF2-5P4
JGPsBIBkryE
JGdjDqUzeLA
JH6bRyFiOvc
JHWQA9AcO7g
JHcA4Lo-pjs
JHr5YE97Dmc
JI7dqnEsoy4
JINis13qvCc
JIbdzz2FPuM
JIrWZjEidKE
JJiioFyk68w
JJlb2tgBDQI
JK8-XbuWWAs
JL0SJ8-qiLI
JLR_-Wd4ntQ
JLVqWuOD_y8
JLYQTJ4V5X0
JLcpLuqZhUk
JLgv-mHIa1A
JLktgHxttJg
JM6SzzQ0Mzw
JMOsh6X8zCY
JMg9phNWNPM
JN1U2dWD9Js
JN1ex3t5nA8
JNJxf43Dh8Q
JNaSgOd58bg
JNfJ5eQsFVo
JOPeE0MRtQQ
JOQXoEIVaeU
JP16Tq05-Us
JPMCNFctSEI
JPepwHICYKY
JPjYbWmTx24
JQVGxZsWVMI
JR0RvD_xPVk
JR8QzIWS37M
JRidohdzzTc
JTgu1E4Rv44
JTzGKccNNiI
JU6DlhS6gcU
JUCAObjq4wc
JUb6ee6RJKE
JUdxVYApmQ8
JUxUUhxMpVI
JVrLVSc032s
JWQ7_6aYDFc
JWo0EYHrt9I
JWxlXSQgL4Y
JX3NKkbNIIU
JX4LvvnOlDE
JXOG6WYVF20
JXQW6s9zx68
JXuLdC7Rxfo
JY4FxBQ1ilc
JY7J4ivwxog
JYDM1kvFpIU
JZ610PjiDTA
JZOEfMdpz6A
JZfn_Kbd0hk
J_MaPxJi2tc
J_TQvK8lqj8
Ja8rh8GxoYw
JbCJq8UVgBo
JbOhO1Xl9hQ
JbRIvnCVgmI
Jc9T23tBoFA
JdA32nyO3dw
JdVA3ufUcC8
JdW4bodP5Xo
JdiBzwB3MUw
JeUkWCYZxUk
Jf4CbvlsDpo
Jg3RhrsmNio
Jgt4nztWQDA
Jh2To1pl9kk
JhyiXcUg3go
JiBse8GE_n4
JiD_9rgp7ic
JjUY7l1nl6A
Jk4QCmPfv3k
JkkPrElEP2M
JklvTMbYbcU
Jl49Ds8RQCE
JmDDgf7gx0k
JmYg-nP32Wo
JnDg0gkgHvk
JnXTh_pfNn4
JoghR4jyLAk
JoqnBBlzf3w
JpLjQ8VrXC0
JpV-nLAvdLE
JqFHXRgg4hM
Jqa67NgyqkY
Jqm-MGRIAtg
JqpoaZ0wRB0
JrR1p-XAeoc
JrY0GLL_9F4
JsWjTYrzLDw
Jslz1dDt6xw
JsxUeH2-mXE
Jt1jJ8hpteY
Jt9k2uEzHqA
JtEbZoxFhic
JtsxPC5bfUg
Jtz6Bs1CLtE
Ju2hgqUxoro
JuhfHMK-jfQ
JvCGDg2hqZ0
JvRPoTMx7o0
Jvaw95_F11k
JvyrCs4FBuw
Jw4I9iJbLJg
JwUYqitqaec
JwuBcGdj1FQ
Jy_h3HSM9AU
JyqHXN_NVIE
Jz31u1UGuwk
Jz8f982tQJc
K-7aWLwZ9xM
K0IwzVg4tu8
K0K4jEABAcw
K0xuerX_NF4
K23ksQZpzwg
K3Cl_ov7idM
K3UnmN22Y9k
K3r3FMLqzy0
K3uqfL6oDTs
K481OCGs4K8
K4Atnxc1TTM
K4E9DtZMZsw
K50LQVoCd0k
K5Tmz24ZPXI
K5XPlP0an0c
K6u4Ty3dbCk
K6uvZX2Hsxo
K7v-WajrxCk
K85I9NY0LRQ
K86Almwz_j4
K89giulWBwA
K8Gcsn6k26c
K8O66-rPdhg
K8cVO8LduTk
K8iO9Sb95G0
K95XmpyxCn4
K9eHqYPDGwo
K9k4IIOHsms
K9moMSM6oY4
KAjZbJJZFUM
KB6HxJiBNWA
KBXg9J_TA-o
KBrm4nooHjI
KBsF7LFaKM4
KC5XkTtLbw8
KCfHPHvdjus
KD2-kKumk14
KD6UjIvpZwk
KDHT7aw_1mY
KDThEvZiVn4
KE7y2Y7QVZk
KEP2_DvnTIA
KEPaoFS0Jts
KElKeZX9004
KEwgHE8WfXg
KF-doVkLQhA
KGHW6IbXLNA
KGPrr_4btnQ
KHIzAD8ir70
KHaQtHHW6mo
KIMdamfDDaw
KJS6vuXWk1s
KJSTFCosFnY
KKdQnCm2MpA
KLhLsTsyRME
KMoL-WqR64M
KN-kYS1RTdg
KN4mrBNq-2U
KNab7AONXoE
KNeHWEJwlEs
KO--yu_jCRA
KOzMNOumgFM
KP8Eio5igxQ
KPA4mwXZMb0
KPFf6wfc0YA
KPNB3_O2fKg
KPPNOUpJrtM
KQGQndW4kds
KQSXW0sz0H4
KQYTOVK4Nr4
KQjQD2mC664
KQtSFKiRbgg
KRIf8DRpiLY
KReooEAo8Ng
KRoaD9CByRU
KS9_LDY0PUI
KSGpxRlNQGM
KSmopFBnmhA
KSnNwhTFHTs
KT3fHKQIOw0
KTTJP5rHk3o
KTjugTJ6NBE
KTqrQhVZ3Ag
KUGFANYRD1Y
KUaUfRZ4kIM
KUbBYvgTTWE
KUpsX-Dn2dY
KVjcZh7uJb4
KW2AG6G8GtM
KWKHGpdQ7_U
KWUtiBQRgWA
KWUy2y1sMYY
KWXxs7EK1cE
KWsnrYl2cUI
KXvejcAfi74
KY7ZMBI3EcY
KYVk4PgcWwc
KYZPWUN7WIQ
KYh8S81FKcY
KYiA70s05FM
K_0dc4WapOQ
K_pBe1eRUF8
KaWrlsguQZI
KaXX1WfhuQo
Kb77DAVVlsM
KbM0DDayzhE
KbRzua9bUKo
KbtjLWuO_Go
KcL5JXBKWXk
Ke-sbOxEiS0
Ke5vukoXoh0
Kf82BtmF-dQ
KfS-IPZHH7o
KfWlMwVqXUo
Kg-Fxywqj_k
Kgf_YyFSMLU
KgwXpLpc8ow
KhPm_FI6oUs
KihNaip06FE
Kj9RJicCPb8
KkSMNgUEZiw
KkZcaSXtYQc
KkeUl7q5dA8
Kkq6QesaHM4
KldvxgkeuWI
KleTnjk8WDY
Km18QU9ee_A
KmOvI_AFpaU
KnaqdhfuwVQ
KneeiuQkEjw
KnoeyCpAC_E
KoyrU5b-KAU
KplE1iNqDw0
KppR_DoweF0
KqW9N0q0E-o
Kq_M0qMiIHY
KqtZeckrJxY
KrEqTQCzD8s
KrI5hZJ3oF0
KrYgwqPQHzM
KreQBuvDJ-M
KsF4ZL6251Y
KsGwhISwkKo
KsISIiz8MKw
Kt-gt6RtT9g
Kt1ASeu1xNE
KtJGPatpKns
KtNdWNc-U_o
KtRTMuorVwE
Ktsv1Dhf-Tk
KtuUHI2dkLs
KuA9XMVim4E
KuOANGbmGJA
Kutmn4hzzbI
KvGCnA5dgNk
Kw0qIO0lKe4
KwDHWYYUm50
Kweggx_V_s8
Kx1vC2-OdPQ
KyEO8a2FQd8
KzE4mU3DlcE
KzjOXiDLtOo
L-0fSTU8Mq4
L-dWpRZ6JPI
L0ZMAPHCMWA
L0o_Df_H47Q
L0vchbpWsiI
L1_gdHr7R3s
L1iBoUI8qek
L1sXK-IiR74
L32me3pISuY
L4dhK5fzFeA
L5FceKDsNq4
L6SCyMM61MQ
L6u7vurie5k
L7b4f6MGSzg
L87yf0IIDSY
L8Bf2DNE4oM
L8LEf-N6Qew
L8URhveh1Gg
L8nzIVsi7HM
L8sgMTdxpVE
L905Ai6Gp8I
L9Nusc_4Eyo
L9YhXTYLZxs
L9_RZlelBiU
L9a37cjaMi4
L9plj_nm-kc
LA8J97SKnoY
LAIeCJP0HYM
LBKess_Figw
LCghuPStfpc
LCjAtKCLnZc
LDkRP6BSH4o
LDvi5QRK_L0
LE0W3mMW-hg
LEkNwIPTEoU
LEm6AD_56u0
LFBCsbeHtbg
LFUYA7qCCVw
LFcuNj3-Hg8
LFhD9Yd2qdo
LGCJBK3cCGU
LGR-RZSqh50
LGbQoGlrMbs
LGkpxBPhKdM
LHI8NBEvpOY
LHMF0w7KStg
LHNatWKEvnI
LHZoxOvRsN4
LHe4meiRtXI
LHjQshcjgrQ
LIJ7YUju3LE
LIvYw4LT1fI
LJ0KsSgdOaU
LJEbjPDzUs4
LJSuqb7cDio
LJuDAWI95Mw
LKc1WnEnNxg
LKf79LNY-4g
LLM3qyn_M4s
LLOzsfCTfvQ
LM38zl6eCMc
LNJyk5Ts_6I
LNNVf98limk
LNkGUeSjZ7I
LNoYxjpyz8I
LNyLod4cvp8
LO1Qkyk9Z7Q
LO4yUncco5Y
LODhPRLo-QI
LODizTyKLRI
LPCm-rutA-0
LPi34gRxhLM
LPjHT5Q-zsw
LPyr4fVIt-o
LQPZTfUXfZI
LQWB7DguZdQ
LQxGb1eyqC4
LRBYUetR4hQ
LRxbWrha1Yw
LSPf5NXuvLo
LSQs5uKwwds
LSlTCCj5Tu0
LT9lQjOMpL4
LUbPOKtIFUc
LV2Pfh87HSQ
LVFwqKff5c8
LVLrWs_6SKU
LVNU-UPpx78
LVXSkPRISbs
LVf5bs-wMU8
LW795n03x1w
LWDrv0McK7w
LWKSAb4CVE8
LWXE71oRr30
LW_Gzu5SpmM
LWiryoZVDS8
LWr3FV61umE
LYDCLo7rB1c
LYlVbihAVWw
LZEV1gituPI
LZegD4YHbEY
L_0q0ONVpXw
L_75NZfJVnk
L_FLQsbwYn4
L_YdgsodQYc
L_fz1khUs2o
LaQuimZtzrA
Lafpc1nsMzY
LbUbxcCdACo
LbWspIpPBzY
LcDWlT7C-0Q
Lcaj-X7WHFQ
LcdsJEPNzFU
LdGtgGBfVtw
LdRmynGnwUw
LdYzusY5QT8
Le-xsayKfuM
Lec2LH6xZOM
Leg7BVfqNHQ
LfgCrM2HhZY
LgIIEQS8ShI
LgfxuGLZftw
LhooJ5h6rVs
Lhp8U2tuXR8
Li6K3MjAZ_A
LiCqPB2p31k
LiRGCo1lMW0
LimcMyRxq_M
Lj6sAecHFbw
LjAKrd2Ipi4
LjEvCcRyt28
LjctQNU-0qQ
LkF7Ku0o94I
Lkw3FnbX5uI
LlVsAikc0k8
Lmo8sklrmSM
Lnkgc0wn3Ww
Lnut6_k20_U
LoElaL2nCp8
LogqqrMasnU
LpXWAODvCco
LpkbzaQRFNM
Lpn5e-y1n-E
Lq9KvhjQ6ik
LqUV56mWcus
Lqrv3se1ABE
Lr0JcTba_Hs
LsINwXAJQ-s
LsU2PMjx5Ss
Lt9iFDddfAw
LtBmUHpGk-4
LtCwDQcrp90
LtEvAofp3tM
LtauGUf6bQE
LtwWtt-gFTU
LutT0wTC-I4
LuwGf9Eebp0
LwSalLLW9GI
Lx7CBDK5Z8g
Lx9mzO82VnA
LxKizH2_lAU
Lxx73hV4RIQ
Ly0V6XCAIBU
Ly7inDNNFx0
Ly8R_m2L7uc
LyaNnfuHiwQ
LzH0YOuXsEk
LzStTrJJbGY
M--k0-5wdQQ
M-3IpzYCG3Q
M-9S1isQxdw
M-NCFR0Dync
M08eyhVt-JE
M0mxs3jHfaU
M1YNxZht_o0
M2G8il3DE6U
M2LrSoLU0zM
M2Xk5LvM_4Y
M2s4kmRcIXg
M380cTyjDEQ
M3Mk_MlUWgM
M3a4-Cd-t4U
M448nCfgXH0
M55VT0GBVMQ
M5RBspHJw8U
M6ClKZ6kZs0
M6Jf03_D2k8
M7GrDQj3HPU
M7HE6Ss0eRA
M7KMwgai29s
M7V-WcE3Jzk
M8EJbBuI4i8
M8LdvvxayjA
M8cfrVjjKAc
M9DL-XSDAFs
M9w9U87rYlQ
MA2hAC5CsGU
MBDBZ8GZ3wQ
MBYkzJquqGc
MBorCyCiITQ
MBpbtOzIml8
MBvg7nmHvoY
MBx9pW3MiiY
MCKhvooP4qA
MCw8DsqU4Wo
MDnXn-69yEo
MDsNkSUSiA0
MEJ4OQdS7JE
MEw-1yZHZ-Y
MF0wtcLaTB8
MFLFtPmwgxI
MFLq70XBugo
MFW1gRdwlNo
MFg8hb3ePmg
MG8DKADFC-U
MGbauiPenMQ
MHgBz-kDSG8
MIJOmDWDcn0
MIrM92Fy49g
MIruQO8Ze7U
MJX28BDvaik
MJZbmMrCqZY
MKNolzkGzbk
MKy7w8lMRlo
ML-TGZyjMFw
MLICiVyGaws
MLS11BT-YaI
MMA3whVS3mo
MNJGDxQGr3w
MN_8vJNJmc8
MNeTrOXrhlk
MNeiIc3UrOo
MNrmw3TNnUI
MO-UK_1kiic
MOCQtvRgG7Q
MO_25QgMWS8
MOaj6dsNLLc
MOxNzWXxN_4
MQKTkA9bFg8
MQRQy9AZxI4
MQx0vbl-R8o
MRBxxkqSLYU
MROZ08yl0Aw
MRvFdtGf5RA
MS7hb59vk-w
MSprW1qGfZM
MTiHo82pVug
MUSYZiSyTPc
MV1GoFe-NEk
MVDIRpWnWg8
MVSUe6SVVdU
MVaUYsi6mUc
MZ62Y37EQGc
MZBgugAdppU
M_VHmojCUVc
M_z3z0MxAaA
MaNvFLBYBTw
Masc7Y0WAI8
MatG4kKtnPM
Mb0xBypxWHg
Mb5ULRFDedo
Mbx-HV8y7oY
McDYWrFDaXc
McJZV-_VSiY
McjMZqGxKZ8
Mcsh520N1ck
McuuiZeD5Ls
Md54u0N-ZGU
Md8jf6NsIpI
MdIexlyAmSA
MdQpA_Cpq8k
MdtHE-5gQNw
Mduwbz1Qw0g
MeF2TxeMUgI
MfVa7KKUzs0
MfW6IlezegE
Mfg1TpWai2M
Mfj9M5IAiM4
Mg9GbaPdazk
MghAAueJtjE
MhAAy7unigg
Mhjx3PVgkpQ
MhwgsSrRqjs
MjE-1CiPJlo
MjKPrW2Uhdc
MjgQVd2BsGI
MjyhqYIv0rA
MkbDjN-y9Xo
MkqSLTG8ing
MkuNXr5CS9o
MlNWdO7-8q4
MlntyE7g6RA
Mm7jBFqMemI
MmFiaqQ6WTk
MmpcCamm-uU
MmrmezhF_p8
MmtUL0mD5_Q
MnJY5dmS-aw
MnLey4SXnmI
Mng63rgcHfw
MoD5or95uf4
MpK-_bExaBc
MpZY5a1akOc
MpjOCfuWuaU
Mpnh83JWl2Y
Mq9CPQgit3o
Mq9DdqscvYI
MqWhcGKfxkw
Mr3bVJYwTaI
Mr6-Pcm0Zio
MrFEkj95kLA
Ms3R496P5m0
MsUs_z1Z8o0
MtFye5kpN4A
MtbilXP9s9I
Mu2XJNVkMRs
MuJgZ1DU3-4
MuX2-fF9WCY
Mua5RbLtUts
Mujji5gEo14
Mv2qnwXbRyw
MvAZniYcE9o
MvJL1WIxiJ0
Mwrj86JjKao
MwzkNjYUiTs
MxUngHk5TV8
Mxx2XaLikMU
Myfp55tyAWo
MyvMiSZfLVs
MyzgF7fT7u0
Mz5LZazRPU0
MzCfDM0iRok
N-4faqn0Xac
N-B1V1OJJLw
N-vcRwJ8GSg
N2RrNLgOOEo
N3dav9r2SKY
N3gk1AMCVBg
N3jpN9E4amk
N45Kf9YqS_Y
N4OIXGXyTeA
N5BM6ZsY2sc
N5Krmiwxn70
N5Ljs7QaOMQ
N5ZoTDA0d2o
N69Q2-pl1aU
N6Ne4KPuOCk
N7wG5CDwPjs
N8394XWEWEY
N8VFLLhEOhs
N8bwyET664k
N8c3gHTaHIg
N9FUFd42ScU
N9p9-9VU3GM
NCXN5fsdtJA
NDS9czpOnZw
NDukrWG0ss0
NEZV7tV0hmM
NFHsoDX9iwE
NFR9mchvyRA
NFU52TDEvFM
NFYjFH_c9DU
NFi0Xt7hKP4
NFoALIyU7Jc
NFzNQfEJeVE
NGd0DjYSK5A
NHBIdL2YK3Q
NHTkwiDghVs
NI3fsWfz5lE
NISdTcat_e4
NJ2QT9HSCWE
NJ4GF4g_kwo
NJ_Hy3YT2aQ
NJcH0y1V_jI
NKXqIQCxzeY
NKo8DNyvu0g
NL6SNRiKSJ8
NLB8XpItl9U
NLBHtLLlAPY
NLKjKJA3sZo
NLKxI132t_U
NM-iz2B8vSk
NMAmzuia1Oo
NMLqu4AUO3I
NMYzff-EySQ
NMqdWvaKg3o
NMruNPQBG2c
NNnwBAJ16Xs
NOKA88Noy2I
NOTcYgcFmj4
NOehqE6lEg8
NOj-AQWwSkw
NOo_OTJ5eGA
NOxcXepZVug
NPA5-ig7pGg
NPBudOCnEAo
NPUDe7nDYp4
NPtlCTgAL8U
NRVnebevafg
NRWp0c4UnAg
NRew5IHxZpc
NSqRwCkPo8g
NTPGkM8hcRA
NUJc4uuky8c
NUZfUEZA8g4
NUz_92dR3Hw
NX_i_Uho8J8
NXiXcYcE-6Q
NXoGSCvdIig
NYXZQsrINiI
NYoYjx-780M
NYtW7wHzQPs
NZBEdKaL-68
NZxBnuZFQVc
N_C9N6lKEUE
N_FhCRJopjE
N_NEPIcNfRg
N_TqKuQy6hQ
NaFcdkvUb9Y
NaTnmSu8WM0
Nb6sGud3sJ4
NbOPfLuxSCk
NbcWtIC38zU
NbdraRVwt5A
NbxRxGPCy3U
NcaR6Gk0CO8
Nd8foLbR-pc
NdAQTYNjG6g
NdFkMnxyoBI
NdZLOd5IIzU
NdfX9uAi6mA
NeXQWcXPWW0
Ne_igYWYDUY
NebYg3ndZa4
NeqvWuOZI7o
NfRPqz4tfsQ
NfTUWGCnPqA
NgL8W7s7fCo
Nga0Z9PZqUo
Nh8cKONZ6RA
NhDntQtEKKE
NhWGxhXTxg4
NhcHSz8dJx4
NiMP_CgED3U
NiWMzWFqgVs
NifrtR9bCfg
NjySAehQm5o
Nk1DAaFiYmA
NkdZVL0WTpo
Nkjd_R8D4fc
NkwS2jgJ2GE
NlBCg5MSnQQ
NlajiYcPC80
NlcTvjnGET4
NljCek9QmRk
Nloq2cT155o
NmV5MuEP0L0
NmVgiwcERAw
NmgVb-eTB7s
NnwCiDvYMSo
Nnwjwd8-NPE
NoCV5_ZntFg
Nov8xjPGypk
NpFxoB4I0i8
NqB-cmUZh9o
NqGu1dm70hg
NrCMK4cMdJM
NrR65ZaiDLs
Nr_R8FNJkjI
NraRKjuRsOA
NsKvWXWSY0I
NtNLf5wRyAc
NuGCGdSbCIQ
NuRKRKQOnz8
Nv0W13f7ssU
NvAgx4uFwVA
NvGZUFqwXgA
Nv_bnyjN9sI
Nwg8jSObFVM
NwpZMem91hQ
NwswPAAhdmg
NxGj5AuW4tc
NxmRwr8yx4c
NyGo8_0YK1Q
NyLZ-tXNktU
NzEvrpK8BGU
O-AYUtZkm-A
O-UJwmboMt4
O-axXwz5vyM
O-fwaViXcdQ
O0Arg4nd6cc
O0BBVUAKjvE
O0GNC9gCYkA
O0eSfHaeGsE
O1RZMXeHDwk
O1ce40l27wQ
O22yvgfMnvg
O2FpF9xe2GA
O2oz8X56N6g
O3218XhCVGU
O36MLS4gFNs
O3GHaKZH0ys
O3OidWnuvD8
O3U3hp66Nus
O3c1OQqklp0
O3gSWqfNDqA
O3qtwxKDh0k
O4Q5aChWm8c
O5DxyWNbpAc
O5FMQqAt2f0
O5WWHXM938I
O5hIPpt6Vx8
O5ttwmrPFhQ
O64OfuDLGlk
O6Ky7m9SBNE
O6MlY4WSUGM
O6OE_IveOK0
O70hbR8mZZg
O7mHoYiLeOI
O7nkz9kE2cE
O7xhYcmIyAA
O8ACjpuAlYI
O8ILyHeosgI
O8LZxNCXJAM
O8R74WQq_DI
O9-29IVCeCI
O92Mf-WlAJo
O99wa7WsIww
O9D3_ZmSNX0
OA2Ru8tOAdA
OAmrqfo6jZ4
OBBmH9Hd0UU
OBQA3CQ45wg
ODcCVJ1spl4
OEgvu1uPMSQ
OEzdcCzSvp0
OF0OoEO7t88
OFoCUW0e5Jo
OFqaTeBY_nM
OG0nFLdcXmo
OGTniFZQ4OI
OGUI713Fhzk
OGqTTWkqd9o
OGzhC9pbji4
OH4NtdbpPV8
OHXza0ux7aU
OHciwV64gu0
OI6lEUiz1Ys
OIles8cOLhA
OK7DexSY9W4
OLAIGcp7jxw
OLBSwMRIQI8
OLaURUA7J5Y
OLeW9V-Z3gA
OM7o70OmQx0
ON1nGx8j3eI
ONuHrreKI40
OORoVNkGZGY
OPHXn8kTIgE
OPa58YbQwzg
OPfDNwpFDo0
OQ5D_ejskjY
OR41Qtvt6ZU
OR5lL__pgK0
OSJsKZExXBg
OTD89haGoOg
OTMCuRBpol8
OTYI8dYRWtk
OTmZwtorHmk
OTvUyZFBQIE
OU4OT7CEuR8
OU9dgwMlYk4
OUDdeZaozB4
OUH7iQctwxo
OUn2xov7h10
OUwzYVHN2UA
OVIXZQWk-T0
OVJ8glhoVJM
OVgzDnbS-T8
OWpg4lPMazw
OWu1x_u_lFk
OXorZp_7gVs
OYO6wp07eeo
OZBrEwcbSgw
OZEfav5-S5M
O_HubW40xIk
O_ONhV5nW9c
O_RRnTIROL4
O_yHsvAaU0Q
Oa2vxZwibK4
OaGS7gLN-40
OaP3KdUO8rU
Oad9CRYkNIk
OalIIOrBZw0
OatVIdKWeOg
Ob4WES9hIp4
ObBdzFKbAZE
ObpOKM6nRBQ
ObwUOcz3VFk
OcgGR_VWtKk
OczmQ0uL6sU
Oczw8OD8YUA
OdGhYW8tOF0
OdLrtD8VxHo
Oe9y_7adiCM
OeDjw6idyfw
OeJFjsQRNbM
OeZam8KcWrY
Of7Hf6hzeoo
Ofjmfod-n0M
OgBbInFEIhg
OhONdG6oI6U
OhjWtdyewqw
OiP3xFmVLB8
Oj0AsfiNvaI
OjWq9dFYPmI
OjZmzk6NqIE
Ojg6JCd-6W0
Ojj1HvWNhWM
OkJTNBQBupE
OkzwM_1OBIw
OlYaJbNhOo0
OmNaoSACeZU
OmcyoemP-Eo
OnBBCd3GlA4
OndbqF5kZlo
OnhnoVNSL0I
OnwTGwMGgjQ
Oo1guLuarrY
OoAqqECIj5Y
OoMskR1LGrg
OoOxLkGU_vE
Ooe41HBuwis
OpHu93Du8tk
OpWf8ovj-Es
OpgWoGcICvo
OpiGWVXU5V8
Opmj1Se-m3Q
Oq1bVq9iQ1E
Oq8Fg6SAiL0
OqFlg5xG3Eo
OqXY8VzgnXY
OqgV0xbJwSM
Oqj8Xr72epM
Or-y1c2atWA
Or4jnqXzVEo
OrQYJ0zCt8o
OrSViWBUNJQ
OslhFvq8NOk
Ot1fY-762TU
OtbZhcCPQtE
Oto5P8zcqec
Otol2jEmhpI
Otpjv_jnIzo
Otzc36OUIo8
Ou4vE7uvbXI
OuD_Mssnp_M
OuTmckDKX4Q
OuW_yn6MiH4
OugUN5NkveU
OuwkBCxvgik
OvCAd6Q_bwA
OvVvfYAVnAs
OvXXZpLCFx0
OvcQR3iFYec
Ovmmy0734cw
Ow03VDftlaQ
OwXIPgtUH88
OwaWLKQZrIY
OwcX_Q9R0jU
OxyHmd2fxZw
OywlOjwhSno
OyxDdf_Jy3A
Oz_ebPmlSJY
P-QkNqHZn7Q
P0Lb-Gf6P00
P0MBPZmqf58
P1nDKx4vPBA
P2vRW37_k2U
P4JmZ8uXxzY
P4iUDgMe53o
P4yN-crDq7A
P5E1Stljtgk
P5lJqW_s32g
P7XLa256qU8
P8qLUSkQf5k
P90M9D9o_pQ
P9TZ0zC3Es0
P9XYThfI_ro
P9n0oa5Be-w
PAGr5ESp4DM
PANI5W4dU_U
PAbGwvN6O3Q
PAe_ppIVquk
PAtQSPgj13o
PBWuPgjJVSc
PCtekvj3SSM
PCuzs9mAqn8
PD2lEMUYC-I
PDXqLhoUMEU
PDcm2YanX9w
PDvcSf16OHQ
PEFLKMxk1J8
PEirpKhoPlM
PF6dHBGWjWw
PF7hIoxjfnE
PFJNpivvRoQ
PFyVTGHDfqg
PGIfwt7_4SA
PGtoXgz3Flo
PHMaY9hIh6o
PHrPvogoVBI
PKz-T7AVSP8
PL1ttlXM5Kg
PL4-tffcZjU
PLEZc5Zqa8w
PLKSmSnkzxs
PLjG9zIzFqM
PM1X9RbYZWg
PMIBHEJxfeY
PNKcaTWOFfk
PNRrlaX591M
PNlYbidsXO0
POfq8HA-LoU
POq9K6TQ9uA
PP_3pme0SPg
PPvvqUpvvHs
PQ74yqjmr4U
PQQsKnTh3G8
PQRyfA6P87k
PQ_nBxH4_08
PQr9U7cUbLA
PR0sN9VToBM
PS1z3R75jvs
PToBvQw6hLc
PU3fs_w3oQw
PUuUWaAVnbU
PV0cEKacY-0
PV3u2QMvGTQ
PVpoYF7PICQ
PWM6pF7drjs
PX1hRj93T2k
PXDt03ZTdnk
PXJsNAV8y3s
PXT0r88TAvI
PXt_vTWCK4g
PYBmQUAbzfk
P_ed5J6aNUM
P_pDjS4_24o
Pa1swVbzMXA
Pa1zXGz1yHM
PaAM7nW6s5g
PaXfKFg_WbA
Pb07cF26hw0
PbZsRH-pYDk
PbhdHGHCYv8
PbiD-5ivh1I
Pbo5EthaE40
PbqxkpkcbfA
Pbs701CiIpQ
PcVwkt-IFcU
PcnhYV5c014
PdCNjTg_wKU
PdKMt9a0P9U
PddBoaXspMI
PeBGQn3BHF0
PeWEbVoMoTI
Pf1arljf_ow
Pf7UjK_NY8Q
PfSzk9WdF0c
Pfp6yA2FIOw
PfwBZJ6LNSo
PgyniJUtHlk
PhQpojc3A6M
PhdgvDSOq5Y
PhsjaKVetCs
PiIBCwtnMmM
Pic-ZZC3lLU
Pj0QJuv6OqY
PjrGgJ1QRPo
PjyO1MJ7zog
Pk-nRQG5nTQ
PkCHFgCcA5I
PlKiemzcbnI
PlVd4HOadkg
PlVzdm6OfPQ
PlvyfNLtlE0
Pmi8MqmYIGE
PmvIXqPf9ko
PnAndtVze9M
PoVgQBE_Cds
Pp3jZ2nzkPo
PpLccdLYxV8
Ppp2eM2H_nw
Ppz3bupQIis
Pq4wP0WleR8
PqmlqZwJQmU
PqvVFYH05z0
PrExiznXAyw
PrJEzKFirpo
Ps9AmJN1BlY
PsREWJCt7hY
PtKts7oGruU
Pu45kqK4n6w
Pu8OuVB0iUQ
Pu95hneQws8
PuevfS8WHUg
Pv1I2sDudHM
PvbrReDpWKo
PvcutSxUWM4
Pw3tK5tx0_4
Pw74oKuQxa4
PwYQWLw7LK8
Pwp-7ilAqdg
Px8UIWUB7ME
Py5-xrdQW_Y
Pyy2Gwk1baQ
Pz9f49tzUP0
Pzdvjl5nDF8
Q-YZ8IIY1Zg
Q-aD5Cyhao4
Q01jO6AtmWo
Q0MJjK627-Q
Q0Z7qBh3fts
Q0r2qj9dXhY
Q0sJ78P2-h0
Q1Ke_A0m7A0
Q1mcOqjTh98
Q1zbRPwo_IA
Q2tpNvuJ5uk
Q34lXtLIA0E
Q3My6rDBjBI
Q3YwFb21zxU
Q3an1QntXrU
Q46kCVJ1_u8
Q4EYdmt72Mc
Q4FZXFoucGU
Q5Kn7RvsJqA
Q5gr3N8uvTk
Q5xnQucRXaY
Q6PwVMyBV3o
Q7QibPkVJuU
Q7QvjbyYKH0
Q7mj-7QnQ1M
Q7q3rX9cVU4
Q82ePisjLag
Q83_Xg5hfWY
Q8_Lrsm6Jyw
Q8plpmMTwCY
Q9xWx4O6Azo
QAH-TwHkaCU
QAa122-YIGU
QBDQPvMtRLk
QCZnForxhZE
QCwGreT6e6o
QDTCsbqCu-k
QDXaDtFZZAY
QEM4i8yQfSE
QENOloktO4k
QEgW658iDRM
QEjKqOb8vmo
QFdN_KLO4Q4
QFkKjCPlgvc
QFsDW5eG3Yg
QFzUH-hpYYE
QGfHiS4eBII
QHu-IndWh78
QI6EeeVX3FY
QI_XAx-d3Hg
QIvoSXiiy2o
QJ0eiR8mvjw
QJd5Nl7UBHM
QJmqUzK3o2s
QJosJvWKEN4
QJs70Fsc6Vg
QK_Fd7z5O9g
QM7NnFEryiM
QMCmcfGd8es
QMSx9aCQBL8
QMYzeWttkOM
QO91VM09FCA
QPDPW_uUTHY
QPRsRJLYG94
QPl_Zw63KVg
QPwZ0q8Omqs
QQ9TSyNvzoY
QQRDDUj-xGs
QRYezdKVOg4
QSGfPPbBiT4
QSW8sRLhJEk
QSidnEKaFCg
QSo0XQQSCcY
QTgwqfoeJgo
QU93NIjy1L0
QUXfr3UbrUU
QUlZBLlL7Ik
QVH-etFtRxU
QVI63gEAySM
QVWEDIydZMg
QWFHmZs35rU
QWU-DhlOdXY
QXo8JDMh2fo
QXsE4KRqjpg
QY4kkLlBNk8
QYFb3MqmIUA
QZcV0wAxZDI
Q_FHbwnCC3M
Q_ODAqVVEbA
Q_a55Ahlf9Y
Q_bfk2l7MD4
Q_e7TQuHNHg
QaFDjYHE-TE
QbcvPquyTNQ
Qbfqqk5Fv4I
QcYodpF_h6k
QcirlTJTLXQ
QcmUD0rEIe0
Qd1cndqUsEA
Qda8sdpVGO8
Qdn2vKmPjzI
Qe4lf_DxR7Y
Qeem2Y9oZkU
QerKFrJyY4s
Qf8kVKMa3Gs
Qfnoo4yP-xk
QggVV83BiqI
Qgkl-SeG4Cg
QhAKNCu0XQk
QhGgRuxJIuI
QiU1qQ9UJ9s
QihC8jhnEx8
Qip_8oSioZc
Qj-NJzJh05Q
QjPI0BqYmjk
QjPvRN-H6cY
Qkoxk5hkobc
Ql-IDghdRCQ
Ql8EcQw3QJI
QlZF_BQ-BSA
QljfqGmIfKA
QmcAP5SZWNI
Qn1rfFleLBM
QnGj9jhUCgQ
Qn_qV0Iw_t4
Qns_iiL_jqE
Qo3P_ddrz-A
Qo9buB5os1Y
QoGLapf34Wc
QoNWAL8I7zM
QoNbvyfohxM
QoNvkOrqauQ
QokggpFueRI
QpS6keHxpFg
Qq4B7wqOdUU
Qq7VxCZGdNA
QqNYaiIPraM
QrT1KyzuLdg
QsClqhBpYCs
QsKoUZrkXbY
Qs_qxbGtEVo
Qt7F4CNF9XQ
QtDQncbhhEY
Qu61Z0o3ImA
QuaPvjzO7Pw
QwNPIJIhiSs
QxtB28zxaMM
Qy7725jEaac
QyXXPHArk9g
Qyr1AaC0uwU
QyyPJt1PbbA
QzBvTineolA
QzTcnSeQ_f8
Qzd-Lq4GiX0
R-09vYYmtls
R-ADGBimo78
R-BSVRN0Kq8
R-UBxcK8Qeo
R-aaFLGDB2Y
R-hKS3RYkq8
R-n85Wl4Mz8
R-vGjmLA1zo
R0Cl5ejBxDk
R0XKPLZSAuY
R0iyFQQTY9g
R1WKnEPDXHk
R2SwMAoxSkA
R2TlYMR3e5g
R2i8ATWDrDY
R3ve6boKrro
R42SLqm7xfQ
R4abrwf7G5M
R4tljj0hQA8
R5-zsHY6H78
R5C10mG46uc
R5GsfuByeKQ
R5OBO0nXmuY
R5faX_cbaxA
R6CRhdx14oQ
R6CsSf1hFbA
R89zOT_0Myw
R8PIk3tmEp8
R8pV1wCl4jk
R8wHmupwRn0
R8wquDdLxcg
R9970Sjd4tc
R99GQEe3egc
R9eNrlXKDq8
R9emjsBY8qs
R9l9vjkR8sI
R9to9hloNtM
RAJx81b8oSQ
RAngKdcL3d8
RB8oLkMEwpA
RBI4bW5xR0s
RBy8Cts2r_4
RCNsNJ18Da0
RCfRGUd__Ag
REUmFtMgUP8
REXN2-T5pGw
REabRV6xaYQ
REkC37_TipA
REkEzMdAAhI
REsanshKuVw
RFLjFFdsG7s
RG-elQmiEj8
RGIbKxK13no
RH152zkL1nI
RH7d0VHxtQw
RIAIee4a7n4
RIDWHKer62c
RJ1YcwPMws0
RJJ39weHZtQ
RK_-Gip7WmI
RLkTeGtzdrg
RLy1gYJTdWo
RMDy5ng4DAM
RMgNKh0rWis
RN3OKUsRFLg
RNCIDAer2BY
RNGfnIPUsDw
RNNYcYzlywU
RNopTcrnHDU
RO6QKZXozDA
ROH6slb6DNQ
RObYsg-B1yw
RQ2GgLH0ygc
RQbcyUaT1VY
RQlq7Va2ETI
RRbwzSL8K4A
RSH9x6jbAkw
RSpC-ZJiWVg
RSydQvZwLRI
RTp4kAso1BU
RUEij8rfwsM
RUrQ2e-V07U
RW45SZ2mOa8
RWHhUIA7PyE
RWp8UnOPfgs
RX7jh-IPM3s
RXAqUTmjcSs
RXeEEMsFXVE
RXuKGnBkAT0
RZ8tzugEoQ0
RZY-LIVNBlM
R_FRXeyIxvE
R_jOEOBtb3A
Ra20flySfHI
RaRPrXU_B5o
RagkTFgfprk
RaqO8FqdDBQ
RbEVz9u2cMA
RbNobjHHaeE
Rc-LrydCyfg
RcdYMeSqrlQ
RdFt7dNJNEw
Rdt60pc5WQE
RdtGOLC4FFA
RdvHwx6i5Mw
Re65u8sY1E8
RepZIyv-RWM
Rf2qVU1bLLk
RfCPyx94A0Q
RfNiybKOzEM
RfagaFEMoxQ
Rfpwhad80jk
RgOwncdEC7g
RgjXeGw_nGs
Rhxgkp69LIM
RhyxWdnQykc
RiHmxMKqPNc
Rib78TX6CVA
Riz0tBSVgJo
RkHc3yn22Jk
RkxDjuCy4DI
Rl-fuMufX9w
RlC1DDQDtsA
RmXScvOnDno
RmcAsLVYWyw
RmrvPKBeUcg
RnFW_18P4Ak
RncahGQiOLo
RnzQOxAcQhE
Ro7wG7tRstk
Rp3T4C-hwTk
RpXF7Mfn_tE
RqISe5ShiIY
Rr6nZYtOn8Q
Rr9YDOLXnQg
RsfeKjchkW0
RsoTGOfrI0w
RtE49aCrpHU
RtEIhYNe764
RtQWGXj5E6I
RtuSgk4NJp8
Ruj_TBnw1Jc
RujfxVIUMeU
RupYD6bvwS0
RvPWf1etkdU
Rvbc1H3tefY
Rwh0U8_gWLk
Rx39VlhQYz4
RxTqCIsuzis
RyJd-gwUlek
RyMgC7alHEs
RyVmB8m6Vvk
Rz-MItVMcE0
RzfazrxkCi4
RzuyRF9ARh8
S-RVu1a7-Vo
S-WCY9j3WOY
S-iR0EkJCKo
S0DFROGxPiA
S0lJ8vCO3ts
S0qIH2m00Og
S1Um0mr_TEI
S1dXZV7AhGE
S20gFVeQNoM
S2TFmn55sO4
S2klQly8Qnc
S3IKLp36wBQ
S3KiBDZyG6U
S3xbtPfFaEk
S4faPBFtRwA
S4npn27dzNo
S4s-1I8AffM
S4wRkPwF_eA
S5cQEm1e5-4
S5k9KPwBTtE
S5p6SBJDJAw
S5rHyqHYe3c
S5rNhUI_R-k
S6O63vKErhU
S6o_Lk5VYvQ
S7lvOYkg2NQ
S7zcJdR0mPo
S81b5BNSE6A
S8Yaf9LVcPo
S8hVpHEPRaM
S8q4AqLjXBQ
S9FHVBcNKLw
S9lL-SBpV4A
S9pv0bqJKeI
SAOP0KTz_v0
SAPu6o18eVo
SAiRJnlarbw
SAm7P0I0e3c
SBRey-dgsIE
SBqPB-uuDGg
SBwJBJPL_ns
SCK4-tg2rOY
SCmOPmXWXlQ
SCrxZ0faciM
SD2jkr0otfY
SE4bM2oC9ps
SE7MurTkW8o
SEQQYADt9aE
SFAofwcRQSk
SFV_lYif99Y
SGtw-bdvVbs
SHA8Z3L_Ia4
SHhJLZdQbO4
SIOs51eBFnE
SInDnJJQhX4
SIqNroWHqyY
SK7q3OD8yPI
SKl2R1k14qs
SL8UpsXqgTM
SLqiHB6uvus
SMExVsMSr10
SM_JtyGy6iA
SNaEB3ruEXk
SOZ_Pm_srP8
SOt5tYlkzKc
SPl1kCWws2Y
SPvB_MrDFWk
SQUihGNqb6g
SQcJSXBSdV8
SQrISYMs3LY
SQz6HSPYX5Y
SSADhCP4qk0
SST1KIxXuwg
ST6NGfJzGHg
STAWcZJaDP4
STDGzzMYTe4
STSG47c8BTQ
SU0d-Y4yAl8
SUihPEiGjCk
SVndVTc4SEk
SVoR9mhWj20
SVxHj3F0_PI
SWeCRj1xDjQ
SX1isZpZHxs
SXD9ns7xaLI
SXJurC3l9-g
SXax2aolcic
SXl1CzwYtK8
SXloL6ebSeU
SXoCidg76Tc
SY0DD_X89MQ
SYFlvpHeROw
SYG8PXHkuhw
SYTJKbrEDCQ
SYbm3v3JNVc
SYsgt-fvX1s
SZELVsOncAA
SZIekV8f1ZQ
SZNwSRjkfHA
SZPVi23Bbb0
SZQ74nvOZa4
SZcA4vwetpU
SZzvJ5O7E_w
S_AWUAOkkow
S_BY6NF3PjQ
SaB6G1ON-lw
SaEPFus_1pI
SaIl4eRb7yE
Saka9YfKcqk
Sbi7aeZApvA
Sc5OfwqPHt0
ScIxpSueVLk
ScRbHNgPJgY
ScqswSNCVYs
Sd1nWUos1Ig
Sd8GlPT1RQA
SdS78ORSjzM
SeOehqY59kw
SesDLAYpivI
Sf-CKwbTwhw
Sf735d0k_DM
SfVzMenXPYI
Sfb8yZo3nqs
Sfzr0vjQn60
ShJBhgK-nDI
SiONkc1zL_k
SiVhT_EZO2c
Siw0v_37zf0
SkZ__INeXJM
Skl2TZUAQM8
SkpSBo5hj9Y
SkruoWY_iiM
SkuMud00yfI
SkvyKighdL8
SkxhT0AdXbg
SlZ0jS2Ye6g
SlkFmVZGEvE
Slkn7SMp0A0
SlsOKZlBB_4
SlzBO6W82ms
SmEGjWDNDD4
Smft6rq43io
SmvyDqNuqrU
SnBWmIQKFFQ
SnFt5hKMvGs
SnR1c_VUthY
Sni2cfp0EjU
SnwhLHiO-mE
SoT1LJK7jtI
SovJkWtfkOA
SpB7o0YaTCM
Spz7omgGcMs
SqrIHoAwB28
SrzEtjKt3l0
SsBGZuH8A9c
SsRpcZ5obNA
SsULDUmc56I
St67ZREJ8Nw
StRh05sYg5I
StdbAfy2RGE
SuELNv8FPxw
SvJFp5soS_o
Swjw6Tmg9rI
Swumy67X_6k
SxTKy7XbBe8
SxWjB9cXUcE
Sx_0Ryn9pDo
SxmgmyXZaPw
SyxwKmtckOE
SyzUmDn7I3o
SzTC-gVihfQ
Sz_9JyWrUvk
Sz_9Sq_9tWE
T-XsCtjbc4U
T-YloxvC5wg
T-cM0Mo3G5U
T1WF-SW9mso
T2KBHuaVK64
T2sBpHCXemU
T36kEV8GtEA
T3CExhynNhI
T3tj9YuysMA
T48mM-ED2tQ
T4GMToY3v94
T4Ws3RSWr9M
T5Wzj5jfU_Y
T659Kzj4qGI
T6UjfK1b84g
T6XFkbDxWKw
T6mrDJzrDCM
T6ovW4T00mM
T7KIYHh72KQ
T7RjJYxvv2A
T8s_xofe7fc
T8wyxxRRYmE
T9Xx_rk4sd8
TBFV-n2jh8Q
TBscuWN3PqA
TCXgDQKRvnQ
TChYhMSckbk
TDyrsEJS2wY
TESg1VFiGrs
TEbCMzNU5aI
TEmsxuZLJPo
TEuvR4Wzq78
TFwfqsDiQWs
TGhnhRwBhNA
TGiIfBFWz80
TH0j-jLOa7g
THiMrwU6m3A
THva1nupzNk
TI26aLt-yN8
TJTzrwp0Lmk
TJmR8obr90A
TJuyYycfkrg
TJw6-UC9N_Q
TKtbtyQkq9I
TLj0ResSKm8
TLup-dFgWNI
TMQ5h6w1mwA
TMYAW2L4ZMg
TMr2y9NDrjI
TMzakqHJLT4
TOWAiLtmwuI
TOusf8Vp6ao
TP-FToYN3Cs
TP2kKgZHFLo
TPXbUB4j5Po
TPn2pw4genQ
TQQvxlsnziM
TQr_tkTfDjI
TRSFVhhLRaQ
TRVHmHqbyy4
TTjAPD2JJhA
TU3ONRUxB8c
TU788jGAsgc
TUlyxm6XRac
TUrZNIBX1Dk
TVaNJPn73gY
TW14gKjeTIE
TWCbt2x6Dnw
TWHF5wbfdfU
TW_GlcXvh2M
TWoEUEL7_4U
TXVOqQcG9Zw
TXavVvdtz2Q
TXevDvohd2I
TY0bZFDzGT4
TY6grP8UE1c
TZsFQCYLQlo
T_5KMQzwPcQ
T_YBV_j7ue4
T_dNdzlx8BI
T_g-ya0CIH0
TaFT3wS8mtk
Tb08IKwAhmE
Tb4CqI3IT7Y
TbbzWRC8kf0
Tbt1hs42B3s
TcIkblSGWz0
TcJek5OlLV4
Td62TkZWz4g
TdUZ8_iqc4Q
TdrMPy8tJuo
TeEQ5OW5jS0
TeeiWm2JzPs
TfCnDnI5Bxw
TferAKgGdD8
Tg5VROpyh5o
Tgm6vqcagZM
Ti01-__bfkE
TiGvpVSV0es
TiIiBn3OpkQ
TiZ31g5Msqc
TjQMLKnuN60
TjecxZosvSk
Tjo_X_IDgBA
Tk0QZZQVXeI
TkDBk-9w35s
TkX7ssofuTE
Tl2gYegV-yg
Tl673-D3bY8
Tl8Y47ObBmE
TloWyWlOHhQ
Tn-iWo9vRb8
Tn0W0e8AmGw
Tn8zcYbESCc
TnQtC80vF_8
Tn_eIW00d-Y
Tndhc0P4ALo
TnyNDeUJa-k
To0JC2W-A4U
ToLP7IIdSPs
Tp2ImLAvXAg
Tp5ZEWDQcyM
TpMBTEA-Jac
TpWpZSt7kPw
TpkE9bCI6tQ
TpytZxU7zOI
Tq1ck60CHHo
Tq94C00ER2s
TqPzvb907T4
TqUdzlDH6Dw
Tqk5JBl_V0M
TqtPE6lUdhg
TrJAJovWKyk
TrQLFedcDHM
TrnJJruaC4Q
Try1RCI958Y
TsWAQu7h6mU
TtAUsLkwRY0
TtFbPMhcdlI
TtXZksj6uu0
TtlMEzYASdw
TuWuR0NMdgg
TubKO1rLSd0
TuvHasWw_ME
Tv8sAfHiD_k
TvQO8A_DJzk
Tw-ZtCJoDFE
TwDm5H_KJSk
Tx11k8t1Leg
Tx2me0k_7j4
TxrvEdq_7qg
Txvq5BZYMUQ
TyFGNwrkwZI
TymQUQe5qaY
TymygLrOW2c
Tz68GxKlC04
TzHx5DUZzoA
Tzr8ewF83_U
Tzx5GjU0hbM
U-6EB1UA1kE
U-heG-1ORdI
U0MxGA7jNOM
U0S6MXwiGEk
U0SzqrAV9Fk
U0bDUlwoyCg
U1Crh3b0sj0
U1JC5JiTbH4
U1PIg_KY8AI
U1PSbics6KI
U1jwrquVzJY
U22M41nfKV4
U23CITY0NmI
U2ALKWrDrUo
U3DMYY8V8oo
U3Jbr70xYRU
U3MjK8pHISU
U3eyws0PN7Y
U3p91g6XYnI
U3wEprzUiao
U48rKMhJ7Og
U7AF2yKuqGQ
U7Levy9b3wM
U7_E0Zoe90M
U7fhDbQMQYg
U7i9ZLROHg4
U7ojKcHdQaI
U8fCpDwgqJ0
U8k_4x8yRpU
U96dvSrzHUU
UBy6oqpKgrk
UC3y1klMaAw
UCE1XokTzns
UCble44e3kg
UD77EnCMglA
UDZQsj8BMfM
UDdrFStIj_4
UE_prSW8-xY
UEufFOoELMM
UFQoJHdX33w
UFXXtxaFD8A
UFoPtZMdKr8
UGEVbw63SoY
UH8Y01iDag8
UHDDZSynXzU
UHUULrbzJgw
UHX5tUV_bXA
UHld2uqshAw
UI4MswChKUY
UI52YoTfZeU
UI5FAaN4ts8
UIGgcGVVcNA
UJEjXJxCxn4
UJWz8L63ZTQ
UJhVcT20i2o
UJypnQkC1Dk
UK8TLGp5k1s
UKGx_SDGqs0
UKlBWVXVH44
ULZ8UBB4Yew
ULmAWJQo3rU
ULxDdLgK09k
UMVeWxElZWk
UMfcowpTyQo
UMhRd_EsiIY
UMvsfhKksCQ
UN1eD27Xx1k
UNqepWR0UT0
UNtdtXjYwAE
UOp0aTnIdpc
UOppfztviIY
UPHZMUzy-9E
UPnJPpOXwvM
UQ17H5MNslY
UQC_Vng_WDg
UQR0u3m6gj4
UQum_6q7vSU
UR0UoWnxMf8
URDJ6JeZppY
UROEkV2wekg
URy05F8ej88
US0zGNLkX70
US4CBkSYp6U
US9pcAJpjtE
USBPbsHU-V8
USIjzJjCiEk
USYLfWr0xz4
UT-EJMCrsQ8
UT6KGzmWx1g
UTD2TQ0-wv4
UTQCKPdWrV0
UTkaYkDn318
UUSM6f0IpdU
UUhXUDDBsDc
UUhkR4LhfjE
UUxc_n-NjXQ
UVkyEHqHGp4
UW0C7hO2ugQ
UW3xCaz7Qmk
UWR-fInOsVE
UWV51q1Rers
UX0GWLuDJbU
UXHGbJV1vAA
UXMHq7TlLoM
UYI5_XK58hA
UYmWglqtT5g
UYwwsvJ-pJU
UYxqfQvtvsM
UZMIwpjDO6o
UZioG4uHk1k
U_E5t7btL_Q
U_JHZs6xQI0
U_hPgP5b1iA
U_qD7OliGjw
UaJGBYISUoU
UatYquBozrk
Uav3dM6G6jA
Ub_YeIuunl8
UbaDD6pcPqY
Ubgi6IhEMEI
Uc-c05SsXVg
Uc3uxDPsCcY
Uc6QPB3SDTA
Ucd1uXopc3I
UcyN5mF4AQQ
UdZcRglM-Mw
Ud_3-02yy1Y
UdpRQHQIuj4
UfRRfxdQUWw
UfRu4Sd-iEA
Ufa7OIOhU3I
UgPcCdb3W7k
Uh9Q5MIyWeU
UhbfXrjUceY
UhsaTMgHl_o
Ui3jaW6lC1Q
UiDPKo6Hil4
UjWadascKDc
UjfFI28yOT0
Uk51AI_SRJw
UkBdDo_F71M
UkSfE9TDHJY
UkUSMc5-wAY
UkZO1_MUTA4
Ulf5erknpYE
UnRHN4LXIgU
Uo7k4-6qDF4
Uoiu_VZB7t4
Uor7JRlbsa4
UoyAzwu1fWg
Uq-IZwdlOyE
UqKq4Fj4El8
Uqo_BB1r2po
UrL_KUUlXEY
UreEq_0BSGE
Urhvt3rr-EE
UrxHg1JjDlM
UsCpJoyWP2I
Us_91H_Mlag
Uti5QJmmvDM
UuGuvRnl4Wc
UuPK0U6TTeM
Uv-GO5ruf7o
UvCQXSucZ3g
UvPGzkK6DBU
UvdcjA9NZ7I
Uw28YvHYn_c
UwcJZvD_Ed0
UxHvVm8pG34
UxgsnQotVsI
Uxj5L0LsWAE
Uy0Wyp4zM_I
UyM_oj1lB1s
Uy_BHYrgamI
UzEh4hKFTmQ
UzIlJfqK3yA
UzvqODAsV-0
V02NGS4rXes
V1LSnP7GHbs
V1RxMiaqWxI
V1_CaZ9zQjE
V1vV9r_katU
V2lFaoF6mU4
V3SfC_IWO3I
V3lHA2ECajI
V4ED0vE_KqM
V4ICllkocYo
V4Px8uNZpOY
V4V1XId1adM
V4c1d4DndLc
V5EFkdjQWac
V5YMouz1RGg
V5rDTTWdq4M
V5rJ8qLYK8U
V6FRhCpP3Sc
V7JK0Rkc_u0
V7R7MF_Ax7M
V7SYL_u28lM
V7TpftlU0CQ
V7nrukeSYTw
V84LdcXOSM0
V8xNi0blGC8
V90alyLcXdo
VACAjiJ0W84
VAJiQyDiIvI
VAT62DKhJAY
VB9O8MkwC2w
VBPnq37z--g
VBqJX0xVNN4
VBsYt0Jr_E0
VCL60tK_OAE
VCS1GKd-ykw
VCxo3ddOjk4
VD2yMNCN_4c
VD5lmA8N2VA
VDMtpcZZj-s
VDV0Ul5Gt-Y
VDgTX8XSqvo
VDqSikZLoGA
VEytngvfpEs
VF-nF9L3pmU
VFB2mBDJ_u8
VFD6SbT0xRU
VFcnSuBeNUg
VFfckza1duM
VFpbdBtYz5k
VG5sBKL6LXw
VGEmrZBV8qM
VGGeAn5vhKg
VGHZhIFQrVE
VGUqOgurnAE
VH3pylnrBB0
VHBPmVv-u30
VHDgJ3YpFso
VHJoDxNU-YU
VHUMS0qF0jM
VHeCpWMhvBA
VHyEGbviksM
VIG3ZrkLgUE
VIHJvoejOMc
VIPT4RL8N5U
VJ32TADmcbw
VJR8iDVzPVA
VJkhnwPntYI
VKYO6h0qU_U
VKhQjn2Fnqw
VL8MxoTMCBE
VMzAqjRKRI0
VNMcncNFxVU
VNnn5A8jB5Y
VOIO9s7ko68
VOfoHCQmlaQ
VOhp3JB70yI
VPCY3K5uKTE
VPQHzGLo4DM
VPdWTSZnllo
VPpyEdgJXuI
VQ0geuBNvRg
VQIcGnzgJXQ
VQiP581SlcQ
VQun1_GHtvU
VR9GPjCDgio
VRZ6TBvsvGM
VS6c-jlJvQo
VT-TweGVVKA
VTOGdspj6uc
VTT8wHpbssM
VTwPZlUzfgg
VTzoRNEYa6g
VUAfmBcNV84
VUDsXdDjMZY
VUHeTKIgmvY
VV00EieM7r4
VV0euGRUImc
VV2hCibNXRY
VVfokqDBIlY
VVjtnigCA6U
VWMekZDMUKw
VWSN1DDap4o
VWbOMdkQYT4
VWicKBStfrM
VXMZhSvtJEk
VXWFD5GDwZs
VXk8QPsIEPw
VXunktzIBEE
VY7JL2boBMg
VYO-7uHQJUI
VYQjH-8WRsY
VYY2wlwPLQ8
VYhMfseNTco
VZ1ugIZNAiY
VZkDvmMdWFo
VZloP9KrqeU
VZrTcJbnS6o
VZxDMqrlnJE
V_8Gpk_KJRU
V_9KuEVKYZQ
V_PUtO_zPLo
V_e5OXUxMMw
V_j1-tyZyxw
V_wuIj9LcZE
Va7hgDVX1jo
Vb1NztxhSWA
Vb537JVPxag
Vb7TC_y44Mw
VbbtONLRKQA
Vd24ncpkzJQ
Vd_DpbIudrI
VdccF1GnBaA
VeMQwSedm5g
VefTuqB61h4
VejEkFW0ohI
Vey6W-SHvFU
Vfazt0FZ7vk
Vfc8iwaIxLw
Vg0j8jOX39c
Vg16IWzSiGY
Vgo3rUnvgd4
VhUe7JKusL4
VhagThe70vI
Vhu53W8n1lw
VidcNpNh_co
VimpLj0u224
Vir3MKGns_U
VjEepECsyTA
VjHm5dtZnOM
Vk8OaasqXik
VkLDQ06GSs0
VkOw0KOyk6c
Vkw_c46vFpU
VlWWACNKoTE
Vljuhfj9NkU
Vly2-DZ3r30
Vn2Er1JKszI
VnEYKlFWP8g
VndjW_GWclA
VnsQsTbzDOI
Vo7ohKSOYdo
VpDskEJoL34
VpMNAe5RH6Y
VpZAki3Cp3M
VpaEkp7jMxM
Vpauy8sozcU
VpnYuPNka9w
VqM1bMAYEe8
VqO98vdnYb8
VqTEI12dExE
VqdeGqU9Tpc
VrBzU4myss4
VrCfhrsolb4
VrDJlz62dXQ
VrnmcfoRvSg
VsT3JplGYQw
Vt5aue_iMUo
VtaHfdHLm3s
Vtg_TiPXu3o
VtvecpSYCt8
VuTiHVBJWn4
VvBInU2tdgM
VvZ3IzksTx4
VwrnwNobbNU
Vzf8d4ObhE4
Vzot7-NBF_I
W--gD3ECBZk
W-OtepBUJ4k
W-Rg7ySyqfY
W0BdB6AocMs
W0t8TCCQj4M
W0wL6SMsTkE
W1Bw44Bp3yQ
W1j39-oydCU
W1xtCw5tNfk
W2MtlSKxCO4
W2zTnGBw1-4
W3qVpQE8N7A
W3uAPS9NI30
W50ghruYolg
W6CfCDsOoxQ
W6WDA32QE_4
W7v0tHvFG8w
W8Fzr5k-imM
W8H0ayy5uQI
W8a-4Xd7Pew
W8ePBXuOSNA
W8lMcP6zNr8
W9-UJ1km_u4
W90sBU1RvWk
W9yhZKO_YsA
WAEHJ4sdDLQ
WAqKDrwupK8
WBH33jnOriE
WBOheODUngE
WBSehz3W33U
WBTFVRt6fgM
WBkADPn_2HA
WCdQlXpXGw0
WCv1B0Njzdw
WDQvyJ-UFcQ
WDfBzKdC0Po
WEQTn3zhtrk
WEbOBd1yQU8
WEgENXCbiOg
WEpPpMPFyi0
WEvWHlZZIlg
WEyH3Cq1CmI
WFl5MfpPAEM
WGdQUH6GAQg
WGgjlQXmGqM
WGwzRkmIFXk
WH7sB_fWeZw
WHHx79OPQlI
WHrKnXlGkPU
WIDIAuUMhZc
WIjCRGTtkSs
WIkyiGx3sjQ
WJGRYK-sGHQ
WJLY_mjFG60
WJR9V4sECkQ
WK73I5rD360
WKXnbl_tNGQ
WKsjC2yL0co
WL9X4YBPOQQ
WLEd6E3btds
WLmiHfSa7Aw
WMVCACTzngc
WMmpZGH7jck
WMsyNLpWInI
WNPOjYrhJP0
WNV1QSWpqJs
WNo7lwADjYs
WO66cOYQm9g
WO9hfTb_-kg
WOMI1e408Is
WOUT2kPLaM0
WOdQweCeSls
WP5umqZ2uR4
WPSZz4Ala-g
WQ9bJTpiSg0
WQuZaJYsgPw
WR4Ue1LuZAs
WRLDaRXrmys
WRhWJ1_bQAg
WRjPOgz5VXI
WSq-kjTh15Q
WTq-2tDBcDU
WUBGVSPt6Zo
WUz25yucXAU
WVAMGhby1Rg
WVTszoDopv0
WViCVIoseZI
WVunckdJILQ
WW476oxIunU
WWLhd4OAolM
WWOvhmmSbTg
WXFsi_FH_1E
WXG1BwBfNac
WXetheiR4MQ
WXf9ZKUHyaE
WY11CU1i6ig
WYEhD8Hjd9o
WZAm3x2rGG4
WZGKHhQve0c
W_cjhTVkQ7Y
WaFI4U1Sj8Y
WaXcIxjB_BU
WatpK_whMts
WboxFBiKyS0
WcZplzT5Z6s
Wd5tbv9TUik
WdTbXtQY7gI
WeM69cyAaWY
WgN3gGMBdyo
WgkGDqR8ySQ
WgmVx7OV5d0
Wh4XcPkGQxM
WhIepoS8rXs
WhTbWRG-2X4
WhYMtE7EWeU
WhbPPa96Y7g
WhydhPe5EGM
WiEty2FRQLA
WiNaX2FHuYQ
Wifb1ee9PSY
WjOdC3cY1rg
WjWXsWadUDk
Wjv0Ew7GvZU
Wl8oVXEKWq8
WlJRv9_2Lec
WmFEGQDbdVQ
WmOcGYjUGm8
WmmjSSJhl4E
WmnZhcggVE4
WnNcSL-uV_Q
WnPp92mln9g
WnTgPIY7ROw
WoaEH4Rnbxw
WpfdLW4wdC4
Wphw4T8Q8mo
WpqH3ZiYl4k
WpzbQIBEfeQ
Wr1gTxyP8S0
Wr2nhgq83Ok
WrRlq7Myr34
WrXEjeB9AHY
WsRZEQro0eA
WsTk8mjoMlM
WshqxVU-VOU
WtFcB37Ih8I
WtGUwvAaOLE
WttoGgQW7wU
WuJVDGfTpIQ
WudkBESwbz8
WvZHM06x2ok
WvragnGdBfo
WwO-PoBjBz0
Wwdfcw8B7O8
Wx6tf3s4Q9I
WxEaSH03WKc
Wy0TSD1hMGA
WygsNflkEo4
Wyllrv6jWs4
WzNh6PnYrtI
WzvcbKB9I5Y
X-6eXH2ecws
X-Ac8VbdAvs
X-rxAkm2pvg
X09jsHedcYk
X0gIK_SyVuc
X1DPtvD_Zm8
X2-a7V1Tx70
X2f5JAMEWuo
X2lKayFjys0
X3TUFC_LPOk
X3gJwTsrr1Y
X3xRtSIPAk4
X5jLEFPLGJo
X6mrwiu35CQ
X7INjVgWu5o
X7K03s13GMk
X8Sa7vj6nus
X9C403PvWek
X9UuWYFIxAk
XA2eDn9fLTw
XAKCuAo5S5s
XAP3fjieGDM
XAfj4wo6_7I
XBTYux9s-Fk
XBUor7d-dpY
XBbBrD8mYkM
XBc7vT1d6QY
XC7WMqAA5eQ
XCNvHWVEtDw
XDxBWatgTHg
XDxNpv5Wx3E
XEHzkimM2Lo
XGGPljH2UYo
XGszbpDWdLg
XHYGZViKg3M
XIhv542V4c4
XIo6l-Q5DzE
XJqlZh9qqBw
XK-BXxK_H_U
XKUnarwZWJI
XKkg28L-9oI
XM4g68EKLDk
XM_BdWVpHL4
XN-Em9yrBS0
XNlccMCKvkg
XO3MXwabVB8
XOWnmBw7hzU
XOZek_PlDns
XOckySdIA3k
XOyMiJgc7eM
XPDKuvZbAqw
XPvjoxEm3u4
XQ1PSu21M2g
XQ5xxbaG4Bc
XQj-QlnFrek
XRWx29KQjLQ
XRlQbflKdm4
XRwZgdHI2dQ
XSyAITLKLHE
XT34lbi63Gs
XU0zb5aDSJM
XUGJIciJ5jc
XUd1My1bhzA
XUqg_ZUbdTA
XUytuv52je4
XVDFU-3YVfg
XVFR4kvpe6M
XVFgHvGtpCE
XVXLqMSfrjY
XVbqpgZ-3zA
XWBqRlWFp94
XWOF6L2EmYg
XWyakOPjfec
XX5yLcJKBT0
XXQw5oI0bT0
XXcI0XLMQ58
XYWw8Yd4JlY
XZREF5sGsEg
XZrjVSfyxeM
X_XTH3WHVgs
X_gmepGoO14
Xa3nRY-P6Cc
Xa529nBIcug
XaJkEo8NmQ4
XaOWjT-LPlM
XbOJ225cT5Y
XbxmmrFlHiQ
XcXlXAMVtqk
XchwNZgJfDI
XcumlwfWKKs
Xcx09XwtBzs
Xd0MRrMxMqw
XdWJjKH_2io
XdamULJ8Xcs
Xe3MFd9gWPQ
XeDD5LQwdFE
XeR8RgPfPZI
XewHA-pCvSc
XfUIXtwRhwM
XfezQY3YGG4
XftSvWJMcM8
XgCW_vNxyKs
XhfL5zgKx3s
XhjtOdxvU3Y
XiNC-VUiSGI
XicKAJUq6Ig
Xisp2lnghYc
XjM7vwrpGfw
XjurtpHJXrs
Xk-WRf83DgQ
XlMKoqz5BIw
XlZpp_5D4W8
XlnmSTYwxZA
XlrZBFrR2fQ
Xm1k7u5TSp0
Xm2DMYnDovo
Xm6phaha6cU
XmQGmKccxCI
XmVU9EUIzls
XmbI1U6iC0w
Xo-778tW5qU
Xo41ION0dA0
XoZqia-Xt_8
XoiDv-2Xkuk
Xovu1heqdn0
Xpp6jrRteBQ
Xq5TMBM4z_Q
Xqy87sscWxw
XrQjOdH05eY
XrTpU34EvJk
XriVzhFrvG8
Xs0Vwkd-sGw
XsMAilHjXz4
XuCqGcBKfxs
XuRPiscOs7c
XuVcyn0LdbE
XuypJ1CsC8Q
XvPQjRMzqOU
Xvw3L-Fr2SQ
XwFs3jWXY9g
XwWl9xnULAI
Xwj8B6FGPAA
XwlfMxVpFMg
Xx075zbB0CE
XxEyBWhEe9Y
XxX6aCGll_U
Xy0k3Ck2znU
XyP8GIA8J60
XyQZ-yIqAcs
XySSYtvUSJs
XySmLKjONew
XzEzRYeSdEU
XzHHVPB35c4
XzcvVEJQd6k
Y-OupQjbXow
Y-S860AJEmA
Y-k08KqQYPI
Y0C_CdtKe1o
Y0TlP-tcxjs
Y0unlxQjoTo
Y2Cf6CyoK9Y
Y3KYJUweNyA
Y3fcXdW8Uvw
Y42gR09_nyg
Y4MsvCGlHGU
Y4OkxHI988Q
Y4Vy4s2_SAw
Y4iZR9si7lo
Y4l-qOzdf5U
Y4tFAMBvV7I
Y571p98DbxE
Y5Ak1L46GD0
Y5cc1xwQs80
Y5pfNdzOiF4
Y5rVs_ke9wI
Y6AC0cdLyKc
Y6cHdOXyyNM
Y6pe_gcgopc
Y6uRkmYKwsk
Y7JQcPNZ6UU
Y93Vzvsrtac
Y9gYhon7Rsw
Y9wOjgNalGo
YARQxzbz4s4
YAg83MauVLA
YB0D2E1-hUA
YBEDJ4k8xGg
YBNZHC_Llz8
YBNq6g5_RQs
YBZbnwylfuY
YBi_3xEWCIE
YC7z3gqAFi0
YChWB0mu9CA
YClnm8JLqG4
YCxHVwGasF0
YDDUVBoiuxA
YEKXkALRnNI
YEQYsy2Jebs
YFIQwWKrG8w
YFMHG-wiRtc
YFPz9KSXoZ0
YG4352g0LTU
YHEaoMhJkO8
YHORx7Kh5Yc
YHhWokQREJs
YHkqRGCOOis
YIeB8sKLAzg
YIoItYnXBAA
YIxvBWnvyTY
YJAJYnw2Q9U
YJRi5OWs7bY
YK24p4n3uf8
YK87tDQ6OaE
YKG6FbaGC5Y
YKl6PkQ5i6s
YL6gZg7zPJs
YM5ivFm5ThA
YMBASGiDfZc
YMJxbV__ivs
YMXjvYcCbBo
YMgzaTWY7oo
YNBhnH0lrIk
YNFeQjNm0AE
YNOERMKOk7s
YNZvFgJVa7s
YO6y4Ghzkq4
YPfTh0aOguo
YPvW5UbFE28
YQJs_zZ3Ci8
YQbVpWLUp2I
YRNjdv50mJY
YRSgi5UtcEk
YSa69pZ2V58
YSedE0Ckzpo
YSgoNIGtFaQ
YSxq5eBFTcs
YT4qxqC0774
YTTq2nJMnSM
YU5tSYxUSjs
YUBsa9rc-YY
YUayH8M6mWk
YVQeZb_g9_Q
YX27jHOqJIc
YX5oED0WGgg
YX6sO4xBwJ0
YYdv7Yts5dg
YYqOA4VZ6pA
YYqlRSnL6Rc
YZ6SxH4CW8s
YZ9kzCMtkVs
YZDav7INfoo
Y_QgGUj7eBk
Y_dKL_vEuys
Y_wpNtzYyzU
YaTyymWGrsE
Yb6rrF1wJaQ
YbE4wW9p1vo
Yc6o6zbrfdM
YcBfdWdavCs
Yc_RCpMJkYY
YcpTeHVwIUs
Yd5zO2GU2Bs
YdN64bZoZlE
YdOw_RqRQVk
YdtPTIgiAX8
Yeh158uJrSE
Yf6e8hEBHIQ
YfQAKoveaEQ
YgFhmZMz3tQ
YgIE4QW8dwI
YgRGaJz5Rh4
YgWJ3bAV8i4
YgytGdlu-hM
Yh3Zs08Agy0
YjjussFMP7M
YkDzMujl4RA
YkfeNdpw9tM
YktbBB_OvRg
YlAmvrcsN2c
Ym0o8pRo2t4
YmFS2s-K59I
YmQc-1fhlEQ
Ymdrx359cvo
YnEfUS8ULaw
Yof2N5uuvZo
YofjF3f0VcU
YosM-OjZzNQ
Yp0lK_DGZIU
Yp39uIGAx-Q
Yp717tLhVRc
YqCYEaBVS_k
YqJxqSB2rls
YqYC5Z-Jl5g
Yq_gKdwGY_A
Yr9TbcAGf64
Ys9aGpaFqjc
Yt6IUYWgJT8
YtMe-PaJKSc
YtOGR97kdpo
YtpZ9m-ABHw
YuXl4a-tcRU
YucoYBd-2Gg
Yv1yGU5chSI
Yvg1Ucbb9cQ
Yvk6rMIGmlY
YwIjsBT4Kik
YwiDMuh6n9Q
YwpTygVMhlo
Yx4UKXgEa5c
YxW-nKrZIGE
Yy0Y3sUeAbg
YzDkXpBeK1M
YzNIQoavc2c
YzPVhQ45rfQ
Z-93XVVQ-K8
Z-e52jdCZ34
Z0DwIkjgTpc
Z0O-PjFoyVA
Z1UVa2KfeHU
Z2ZuJnwL7dw
Z3Lmm1VSXuY
Z3QmzUb_0Fc
Z4bFB58xqeI
Z4ft9A9imqU
Z4l667e33Qw
Z4poxrvLLsY
Z4wPjVMU6VU
Z509DgVJU4k
Z5_cNYKvhns
Z8hdKRhDA2s
Z8n5H0Rsv5k
Z8uNrHmB63o
Z9Uum4aCo2o
ZA1puKJZp-I
ZAIWQORX3DY
ZAPQgS2d9yA
ZATkBqRgBrw
ZAZota856GE
ZAoQzPk7PiQ
ZAyMh0OhwqI
ZBDeoPeHLzU
ZBMQ9xTG_Tk
ZBdliyDMZYE
ZCHkhjK-3NI
ZCOpcMhzsRg
ZCXWto1lysc
ZDI4WnBkG2o
ZDRNS1bIWVE
ZDgWv_Y9NT0
ZDnRYH19o1w
ZDnefz1E0QI
ZE3Ts0pvui4
ZELkMJbANSI
ZEcYgf0t1nI
ZEhLlAkdR5s
ZEtrB0yXq9c
ZFv7BtJPRfA
ZGKg3SbhZL4
ZGl2gE2ThP8
ZGqhyOT_d8I
ZH8_7V0Mjas
ZHsl8MtxEvo
ZHz1IWIFDvM
ZIFQPMgkeTQ
ZIOGnJsSU8U
ZJUxfhALWaA
ZJhbWhwgGgs
ZL0go3dtHPo
ZLImaew05nU
ZLJASfAjFhw
ZLksIE0yXo4
ZLqasXESLbI
ZMOaWSkE804
ZMZuWMFJ0eY
ZNZhrJSZgCs
ZO7afWP1i88
ZOSynkw8Hok
ZP-0zHcnaTE
ZP-o1a0y_CU
ZPoaFKkgqOE
ZPtPU2605wk
ZQ61kzD8Vlg
ZQMFHE0US5U
ZQOjP7xLwyo
ZQ_IAt341_Y
ZQv55ynv6t0
ZQylqaH9K-0
ZR-FrIibq1I
ZRDn1lzd5xM
ZSCu_eO7vu4
ZSCwywTlEc0
ZSKfrzS_ms0
ZSSZ7mPyTpo
ZSYpWrftNdg
ZT25IiHmxYo
ZTSIOswv_Ss
ZU8N0Q-RKP4
ZUKOCw8fN9A
ZUSRY8EHt-Y
ZUUxkNx0tXg
ZUX_V0KsslI
ZUnfAWRUIX8
ZUxi6FZrydo
ZVmGLX-kUpk
ZVvG_fRlmbA
ZWAl6jSsZIU
ZWTLW2LaeHo
ZWezw5R7LrQ
ZXLuuYHnv7Y
ZXzCBzPI1QE
ZYPMWs3KrIg
ZZ8bvWF1osc
ZZjskzY8Y7w
Z_3C78f_DwY
Z_3TnMz4pYw
Z_PRXlGkwdw
Z_T5Q3cniAI
Z_Yw3ZJx0N4
Z__TjibrzD8
Z_uXBKvJgBk
ZaMa9xlTzcg
ZaoIj_2wGkQ
ZcQq05j3ZMc
ZcZzeFF3ZnE
ZdUK91LZ6VA
ZdVV_zFHQ_0
Zd_UUHywH4E
Zdd-hpANUAQ
Zdn8XJu3_VM
ZdtW4RN3BLs
Ze7SmLoNwt4
ZeuhyFlWLsk
Zf92xhg8Rzw
Zfx-ZBRpWWE
ZfyBRh8RoVE
ZgGWQHeaVmg
Zh8hEUqoMfs
ZhJkc9WOfrY
ZhnU128X_BM
Zi-RUL80fso
ZiENZqF1vyI
ZiQUyxBQ4Jw
Zio7l5kyyxY
ZjNXC0SAwIk
Zk8g4BXa34E
ZkIC9fT1-KI
ZkpkzeSM-Bc
ZlXFaY3Mb3I
ZllK5NzbjPc
ZlxkUJTwL4I
ZmBKPpFouAg
ZmW188Z7n9I
Zme_evOxBcI
ZmhFFi1BufE
Zn579BKYPl4
Zn5FbXYLUe0
ZnF6wNJ0oQ8
ZnNEhFFcKqU
ZoOjYzK1omU
ZotVDwg-GTU
Zp-RSdDMskw
ZptFeAiT3x4
ZqUo2xA2ELU
ZrNJ6Bcn-sA
ZrUL8-7GPXU
Zrhf7YFrM1o
ZryGdsme6Zo
Zs8zO04PKBw
Zt9bcBbccjM
ZtD3au-c3wY
ZtiZ4fQsUy4
ZtqRt8hhd2U
Ztu8wqb4gqI
ZuU3EBT3mUk
ZvFzzu6zNRY
Zvp1tQniUjc
ZwrUZC5Vj-s
ZxQQ2Y2-DsM
ZxUF9r6Wnr0
Zy-TEbu7or8
ZyUsOs4fBmw
Zy_ToO1mNqE
ZylCfqYJZuM
Zz38zr6e6kU
Zz3F02LUSWM
ZzkAPXF2nXo
_-6DIfVdvKo
_04mo--22Gc
_0OUvZDt4jU
_0SPqLAJHDM
_2NqWC0bdTQ
_2XD9EdFmEQ
_56_zFDibBs
_5ZRHI5eX5E
_5v3B5LiAUI
_6J2QClEROU
_6QCVwzSJUs
_74kwtf2_D8
_7Y5VMDisKs
_8uHx3G92FQ
_901-HoKv0Y
_96YqIm5iJk
_9eWcWO0slk
_A0-kOHLw1o
_ACjReUVlCs
_AHAbPIiqjo
_AN1ZLt1NDU
_AUoqeXDmGw
_AeWNgEuaXs
_Ayh_INbCkQ
_Bi2VB7dk9U
_CC1QCLDfUw
_CNVBOJVgf0
_CP4YGr-rfM
_C_VljnANMg
_Cp9p9Km1T4
_CsMTBuYy60
_Dyp4ezWmfo
_E00kewXmPM
_E24TMlpEj4
_ELHDxRSiMw
_EMaUEgIKIE
_Efzhp08HJo
_ExyJ8fHTnU
_FR2nDH7sfY
_FTg_X1puxQ
_G4nDU2PWjQ
_GO-fVzEAa0
_GV7o19DtVU
_H5wZS6AezI
_HCxdD6KZB4
_IJysaHiSI4
_IxFC9COdZU
_J6WfhCefr8
_JBbsWIErN0
_JZfY0crIdI
_JoCMaYzvRg
_K6KkBWjYko
_LkocR7vU3o
_M7paK2JnWo
_N7gM8IOB28
_NDz4qDAlWk
_O5B-bi9hUc
_OasNO8SBTI
_PLrHq5xaDo
_PN3Allp_Q4
_PQ3IML70g4
_QeQvNVm8Cc
_QwvScKZVto
_RpnUF9z7gU
_SKc_uFMgKE
_SXvtTZht1k
_SlaIMgW4Bg
_TGJBlOKVO8
_THK1a9RQjI
_TJHkJ5eSn4
_UNgVXglgcI
_VnFQ_8JAZE
_Vphmpv36SM
_W6bhJU3P7E
_WqqMgloAj0
_X3CoMYYKiw
_XQcjp_lRbU
_XVcw4zhKjw
_Xpzp4-M_ck
_YNOC2BTYk4
_YgU-i7b1ys
_Ywdg924wLo
_YzFuXb7YxY
_Z3d2jUyNqQ
__Ixo78jnCU
__LIgCCKSk0
__pp2NUIOKY
_b1n0S5wtok
_bmQFQrkJ_g
_c423wKgjC0
_dAsPjIXRB0
_dE32bUmgOA
_doKyUrbf28
_f_pt3iEyB0
_fmyV_0_UY0
_gb5jtZCqC8
_gzSSZQcYg8
_h2j3qW5hfM
_h5N0x-tehM
_iIBFgXO9yc
_jyV0vxkl68
_jyWSnDzF8I
_kFNR1q3p60
_kpO_6xp8_M
_ks-Phs_Xwk
_kwKc-B2XRw
_lAKO7OKpaM
_lKxHAJowR0
_l_oAdlrZ_4
_mJuk44kuZM
_mUvu9F7IDc
_mXD_9PZEAI
_miQkn-PLEw
_ngyGrY0X0k
_nm_GRua--U
_nxXk8cy_9A
_p99lWX36zk
_pDEpj3tJhk
_qJzuzEFXto
_qOz_CUOL7Q
_rJzGpiDS3M
_rQGIsrL1aQ
_ra16wS3a5M
_s7dRRMW_sM
_sG-15ndBAk
_sGNZBWUC3M
_siuOajbiYs
_uO9orJTBPg
_vb3tMcu8-E
_w6cWAyoSE8
_wS2-v4GJgw
_wVnEm2ehUY
_x7wouu9qrM
_xYox9FQfiQ
_xspPppRtjM
_xtGMLZfqqM
_xv2hJvqSF4
_xwxkDpQHMw
_ypZgiDIXMw
_zAmyjpgyv8
_zK0eAX7QkQ
_zT2rlna_HE
_zVoN9t_EhA
_zn5AWXxslM
a-W3iJm9QRU
a00I_FVLBrg
a05V2QH5IQk
a0DP_6zHz_k
a1zfaQKwaYM
a3B5a2fXmMc
a3RKOcoAUuI
a3eJL5iwS8c
a5nv2EAuhS4
a5oFXvlTAYo
a5syfv9EEzE
a64oxV6wVYQ
a65scVmvm2s
a6AqBeaAlRk
a6UiQ6HP0f8
a6eOzbQSSMc
a6l9tRY421c
a9yZUvTWMBk
aBAXThX2-TI
aBFiD2vNfnU
aBpWKeRkRQc
aBs8uj9LH00
aCgbwWHPp0E
aCgoR9rjeTI
aChGA8OnjLc
aD8GWD-FfoM
aDXtxgzTuHg
aDj2mO_PibI
aDyyxC48AdA
aE2qJLcO_3g
aE4H5XMM45k
aE81z1105YE
aEI0d_cCkow
aEfe-gSmntk
aEgNzRkP5q8
aEgfY4mMFmY
aF8uxNEutY8
aFCCsOxxlfE
aFuUjxkwmKY
aGT9CjlIkas
aGpm-aHIjw4
aGxiSbQs0oc
aHgXD3hjkek
aHlec4VA5mE
aIRtwRTIjUc
aIfLe-c11N8
aK-Q_gEpuck
aKPBj-qpWPA
aKRNcPcPWy0
aKdmNO3rkkA
aKjssjcr-_o
aLeAnTpkUJE
aLi0TDXI_tE
aMiUoH41ZQo
aNcHxMUyxxc
aNpd_XxRzqI
aOM4QUbOdcI
aOXNlsljd6M
aPL78Tfjuto
aPdMKlegOU4
aPhEsx-MU3I
aR9UUFOw1A0
aRGDUAEXdKA
aRg91vO6B30
aSLYjbsx148
aSZHyGaRHFY
aSZXWsKtzv8
aS_JL1Ylf_Y
aTBHbwIJ4E4
aU3n1mlypU4
aU7rjE8sF34
aU8PExqPvOU
aU9ghjYmBJw
aUCmLVhAjdU
aUtZARSncK0
aUxhAgIYzAE
aVTfcIZwXg0
aVlPV6ImG6U
aW1zeh9Vb6w
aWI0LSZbcbg
aWd1KFfozB0
aWt3TloU8g8
aWyQrNy5atU
aX9Tyse1hY8
aXQsWyWA7Do
aZ5eDdqFSi4
aZ80r3ygb9E
aZIJ8Q3q-hM
aZTml_3tyAg
a_8hnR-5Tfw
aaEOrD7xY-w
ab55E0lWrEU
acGNQEMFuJg
acLRaTDULQQ
acYNu6VK4cw
adRdWHi3JVM
adcy8fd5vWo
aeVuFOOdbnc
aes_BRrUin0
af0j9nW_Kmk
agJl7ZBnCzA
agPsEOnQVlI
agk9RqcRSRM
agm4pEtoLM4
agvBrZycL1o
ahjtzlDDzPE
aiiWRqgS6J0
aj9kozQ9w9Q
ajJnp_Sb7qY
ajfV1L2ESAk
akYXo0CUxNc
akhKnvm5EoM
akneXN0ZO_c
al9d_Es5DTQ
alAm7UxoqIU
alRkpnA1vqo
amcHG4hx5js
amohpzS0xFA
amsvxqZCjWY
amzto1Hr5aU
an2ZOzRqBqs
ao0_m3-pFEQ
ap2yAy8ThbI
apgXpQ33QmI
aqHKLQqH0HM
aqTgVTDvE-Q
aqXIRDsQXwM
ar5141pPpO4
asDMkE5aWnE
asE2tb588sA
asLAiurgs14
atQpP7Al-hQ
atqDV_YUA-Q
auJQ5QWRbxY
aw5gQ4h6prU
awR-qqZ-Jfc
axSeQN76xHk
ay6Xz8Hj_L8
ay992oNt9lc
ayKqIyWT8x0
aySFhvN7QSI
ayWA-lJlwNo
aycniBBB9ME
az5R6QlHMJo
az8aMqcQ4ss
azIxAxH2FIk
azU9VX7AdIk
azqxIonHY0I
b-EAOxM96oM
b-RQSBtSMvo
b0M9SdftLQc
b0R_8s6rXuY
b0yWH9JlxsU
b1Chh3ExAbg
b2CVrQmFpHc
b2iOThqANE8
b37BA0QdWJU
b3IAHkg3Sdc
b3uItQm6y_A
b42sDNG3O5I
b4HB-9iQrVk
b5Eb855kWzE
b68UHSH_tmg
b6JCXm3jexA
b6Tt5D8II_I
b6Yh1EQlYQw
b6aD9QXDZv0
b6bpCQ8th1s
b6sJDL0HM_A
b7dGTcTBDVs
b7zaIyXodXM
b83NPcEO4sM
b89i97o18wY
b8GaG__akG4
b8K_D3EyB3s
b8OZXgM56PY
b9EpdpGYz0I
bAMb7wR6UYM
bAfjy29SnWo
bAlS4aRaMAQ
bAyxohISfo8
bB-aUC06k0s
bBuDy_PmY4w
bC1rmUEcD60
bCJlV7f6dsg
bEAh4FalSMc
bEb8yrnBPNs
bF79T4JKjRQ
bFIbEv8jb3Y
bFNT7bnafA8
bFQMLLGQnYY
bHUyy74BHPI
bHclj7KQvRQ
bHfVuJOGPvE
bI1yxDnt0Lk
bJI78K1-fbQ
bJeZas--RV8
bJekz2i8aD8
bJyIXixYBV0
bK-qM2ekXm0
bKrmRo-HOqg
bLIiosGXGCI
bLioAp0f-hE
bLlOFRvDlI4
bLpVADgxlS0
bM9oYCX8gjA
bMBGKMeBLR0
bMP2y6_sG4o
bMuOCAIdgpQ
bNCo0eymOTY
bO0sp4S99Go
bO20wdyEvOA
bO8YyUHSQhQ
bOgQkBXqR0o
bOvRHynIMjs
bP6QvUuuUDY
bPJIE6ba668
bPlfeiw36M0
bQQvGxbhdTI
bQV1p6C7Daw
bR-SkNW161A
bRHxFM00UjU
bRKUiADn1CI
bRgTIgNDbSo
bS07nj3kUgo
bS4O4oUzR68
bSi_CL6b2xg
bT72FeVlAys
bTOF_fZqcOU
bTbaPVHrtiE
bU0Ak5dCMxU
bUMssOgNCHU
bU_8_dVRoZE
bUyyEyj5NK4
bV32YfDljyE
bV7qKrLGx4s
bVGuV3b4bkE
bVJiVFG-5GU
bVjOVKOaFsw
bW24tMmKQSA
bW2DHMkFRVo
bW4s_GhEdY0
bW9WGyBhOvE
bWVDA8R_Obs
bWtgKLhtX_I
bX41z7nlVb4
bXNFUtnDJkc
bXV5aAonfhk
bXiLNrIBIR8
bXpdcUMylyA
bYVnFpshMcM
bYecribNX84
bYqwVWuOc7M
bYrquRuUrNM
bZiCyHj2mE4
bZt9wwcoD0E
baU_Yk7Z7-o
bb4FcN7boyU
bb5W0WlzXEA
bbCipWneq6c
bbI55te6LS4
bbZCSTFmV_Y
bbfhDNScYTI
bbki6YJ8sKw
bbmVq8hDzwY
bcci3sj7ASQ
bctVDiJ8D5Q
beyJ7oVY72E
bfDkqj9JsYE
bfDwCq6BFm4
bf_-Ue_oCNw
bgO8on9S5uE
bgeqIh4Nn6w
bhvvoOgHGPg
bi6uCsB7Q9E
bjTgfm1Pnkw
bj_cJQq93RU
bjjti9oU8y8
bk7kBIH37sk
bkevDaKGGVw
blX2Y9yOmu8
bljmv3YQO9M
bm4t9d8ffwE
bmSel6QlV9k
bmbqd7Qdk_8
bnjtC1zlK2g
boAb4fAgfz8
bputJHUur2Q
bqmZ61evEKs
bqtRKTMzSOQ
bqvTHUbtmXs
brHR01Im0l8
brezwogJJQ0
bsTObgQNxsw
bsfUsEaVmRY
bt1Bm2q2-wE
btWaseGmoLo
btvGfDw93sM
buQlX_864Kg
buRdy9b99yQ
bu_HVkKIMHc
buwgoe7jewA
buzxzd3uNQk
bv0XfUxaemg
bvB_7lYad0w
bvX_q525tG4
bvYaNJ5FcQI
bwFOM84pvO8
bwbTsagehgw
bwt8zP8JddA
bxEGCy18OcA
bz5doWqfMLo
bzfPgZ95PoE
c-O4jlDIIuo
c-mb3Y6l9rY
c-tKqyMdcLA
c07KXG2iRmY
c0DZtp9AelA
c0dE_Xw2VOE
c0mA_ZZO9QU
c113xP9QKO0
c136VC7TIN8
c1SBooShVUc
c1im2gApm5A
c2h_R_-gfaQ
c2ln4-2JSA4
c3sRVag0zcc
c41650ecOsI
c4Kc3G_TLbY
c4ZO52xV-QM
c4_Vgik9aes
c4dI96ul9Vg
c4pwqvBOK0U
c4w1bdM90ok
c4z72GJB3q0
c5k3Lk6fQgs
c61aeyhxc_Q
c69-Y6xCgmU
c6yHYmcLhfc
c7CzBHIsshg
c7nyjdUUXV8
c823JECz_k8
c8TMbE8SVfY
c8cnKeApPcg
c95fC5RXxqE
c95zBuBAUSY
c9DWbgd3Lcs
cAChmAVILfc
cAOUILP7UPw
cAWKy32fpDs
cAagoc8yaCg
cBD34ipGAE4
cBfAmyKLIhQ
cCD2SDicZZY
cD_aL8iqSmk
cE4sEU7yBlg
cE5MDQCAU3E
cFBRm6HsaHU
cFWB52t-yVY
cFYNOyM5rgQ
cFiYmCINkLs
cFmNMuHffmg
cFoGn3w5H60
cGm-4iyJcNo
cIAjqXnNPI4
cINZkDRcchU
cImGFL_b_HA
cJA1cX9ZglE
cJJFjG8maAU
cKEXYAUhrAU
cMKNBoWDom4
cPgO8Gb7drA
cPuxmnwbp3E
cQH-ncKj5vw
cQUdPl28NtM
cR-7vFrzkNY
cR6zwUXnztc
cSdhJTpP7Rw
cSjvGpE7qXA
cTewRXrNurc
cTh0I8npBZU
cUf5m_Yr4qg
cUgpJhL7tbQ
cWNs6RPIcPs
cWpA_h-wYUc
cXaPscBmO-Q
cXhluCKb2Sg
cY36VKHL_ss
cYCEf15Kwu8
cYbMm-SIBgY
cYduJH93p7s
cYhfxZWxo0A
cZ-7cjJTXTk
cZ4sWfAxYsI
c_TmW86VeSY
c_k2SLlSwiI
ca2-O8wlqoE
caS_sPNMRAk
cazqpOGdX0s
cc47eBMOwXY
ccIgtxUGfZw
cdbkO_ffdkM
ce0R1ChzFeo
ce5G35ihWY0
ceq0ZcGIVzg
cexiDsCNUkk
cfBVg9yxA5c
cfhPThD5T6w
cgnyECE7XoY
cgsg0Hk-nDQ
chY5k2i1rMQ
ciIKokYPbRY
cjccoQodWE0
cjlLJijdsNc
ck0qZ4QieAs
ckYs6cbD51s
ckaxOyRsumk
clgcfC1ufX4
clqUzktcTI8
cm589b36dXU
cmZQFETwxWA
cm_aU8R6YFo
cmfFzX0huh8
cmjwbIQwYDs
cmrZKFDVVu0
cnCVBqAEO9g
cnFmdnTCNiU
cnSF4APMwdA
cnWipJsThtM
coMYloDVnxs
coSipVqnO-I
coaudirwW5Y
cpQNSI1gDxg
cpQv0_vxfuo
cpZdLQCpZlM
cpjYia2-0pk
cpwqlSltt1k
cpx_tzecUhs
cqH9HEvy5tk
cqLLrrHWbM4
crkz8ZHxnIY
crrPwvn1AKc
cryGyL3tjnM
csCbpiWmiBc
csb5KpNMH1s
csuYeuKmXuw
csxMScyGmnw
ct3wx8FLCJw
ct9gTYzx6RU
ctGS0Vyx1_s
cteMGZJkB5Q
ctjKzR_tmvI
cu5mez9O1w8
cueLVdb9lpE
cuuXjqUq_h8
cvO6oNt06zw
cvtjxssEd70
cwHhxBG2ra4
cwJEfLZdsBs
cwQzyuLNnDc
cwhVnBU4JFM
cwm9htdTLA8
cwtXXfG_-qQ
cx23h2oVpUQ
cxF6JARVS9Y
cxMMKcvYxl8
cyWcKr1cKyg
cyelRHbYVjU
cyhxv7q4czk
cz19nYHHGbc
cz3cjJ4NxKQ
cznt3tBHqh8
d-8mncaWzHk
d-TFwY7fVHM
d-uycbHWEbw
d04Phw8u1KM
d14Q5lfB_gQ
d16XMfiYSrw
d19JQd7bpzc
d20S5FS99FQ
d21FFGwNyAk
d24wuYhIpcA
d28G9v0IGW0
d2jcBaHeUJ4
d2zlrOT8cEA
d38S40ETd58
d3SZBdIF3QU
d3aCWGljuCw
d3h2UgrNStg
d44qKKEZdKw
d4RUrqpx6W0
d4VRtkRg-_o
d5oIlzCD7F4
d60QWB9mazU
d6YQiX02Tqo
d7Bn_WwjuH4
d7XK90tmGc0
d8-ke51vWnQ
d9StFho6A3o
dA39I7Wqdyk
dAc-vxWMZbU
dAe-X1MVbLI
dBBoW4S1PD0
dCNHfrb-7Ro
dCYf5vTrMvY
dCloOYLBW1M
dDI2_MIN2xA
dDR-E_D6Kyg
dEQVH3Cf53w
dEsBcNq71nE
dFP_-qioD5I
dFQMkstRAps
dFYyCR0wGi4
dFZXmRo_MgQ
dGJP8qRa9_0
dI2durkmneA
dIgusIejoLU
dJ-J9hvZCLg
dJ3ss5pDfnE
dJsQwCbdCfo
dLDbeMboZZ4
dMG7bjMxDKU
dMW-qKgLlVw
dNIDikKrJEY
dNc_-MEplM0
dOTcGth-oYw
dP8v7H_eFc4
dPV88QQZ6FI
dPourPW0-bA
dQ2JuF3sv8w
dQBbIxj5A8Q
dQmySK_pdLE
dRRgz2bsYAo
dRo8ddrKOWE
dSB8PU-eFbw
dSS_FbBEgvs
dSZ1P3bCuGs
dTAbonlI7_g
dTPuqT0g3hk
dTRHPytB2-Q
dTrh-48XObk
dUip9RAjabg
dVHMsD3N2lY
dWkbW365IqE
dWl8mJ81khI
dXR0xFZzoRg
dXq9QIGOI4E
dYA5272soxM
dYsS5OMZDlY
dZRKSiMEmq4
d_CsCXqFeHk
d_aqHjCAQIA
d_lZR4IgxH4
da8XhRXJDNw
dakeeY9wFWE
db-qIJMeWWI
dbtXKZdPks4
dc-by7hHwJ0
dc0iMdO1ejg
dc3ryZ602fg
dcrYFLHogfw
dcz_c7VmLjA
ddiZHxmRpz8
ddjKNOemkus
de_48YdP6nQ
deqooHE9XdQ
dfZb7Oxmews
dfjTfFvya3E
dgNXUwjiGEw
dgV2_O6mOlw
dgjxAunm5T0
dh0YX_XtTcM
dhgA35gAQbU
dhk1wlp6o_U
diyocBuXalQ
dj4a6sqU5S4
djvpFzCkmII
dllvh2dE34U
dmULfm23CiI
dnBureikcZw
dnhxmZjJ0jI
dowWdJcxg9g
dp44G4Xdc1s
dp5YqR_npu0
dpMeSTMK8AQ
dq8BKbUjrYg
dqOn0AnlfjA
dqbSBeY-iPA
dr-t5RrdtOs
drZkrrFtjqo
drzobtVcY-o
ds7kgRaldlQ
dsPqFFMpwho
dsR8mfoWaM0
dsoe1JkXFhE
dsuzvI7K8D8
dtA8oSKJvTA
dtNU5rlDn3Q
dtTVI5lahSk
dti5F-ibRC0
du0v6AfZgY8
dubkvQQVeAc
duq796Jd3hk
dwibO5vKOOw
dwsjjsscywE
dxX7rqpvMEM
dxYuwJuarKo
dxZxp7b9Pl0
dxwtXLOyQmU
dyEyRRDOpn0
dycwLzDjgSw
dylueoR7Fgo
dzLcC5KQ8OE
dzSg7qQqBt4
e-6JIzlVMHo
e0-x88KVBdk
e0Fe6mptytU
e0M9vh0p6D8
e0_ADj2Vyuw
e1k2jwuLJUQ
e1oajCkmL9Y
e2BsIarJfdo
e2bkTkQwVhY
e2q3druCIWo
e2tsFaLM5OU
e3TIebYo_FM
e3WZj3E-jsc
e3WpjMDZ92w
e42SzyHu8zM
e5TwfhIVqAU
e67mYPvvUkM
e6RpJ4jvTnU
e6XXFWvkPwc
e6vhRqclxUk
e7VsZrHYMNQ
e8HeGkg1HwQ
e8zVsrdlBKo
e92rY_udMRU
eASjy3aPUZ0
eAuHJ0L8fsg
eB6v_POfqvI
eCFwRuaAbio
eCQpjhKV3Ro
eCXRmiK9J7Y
eClLPQHV0pM
eDK5GgPHU48
eDlOphNWnGw
eDn--2PqN0I
eE1zXz91DMQ
eEG9tOvxtOI
eEz9R1-uvg0
eF4CF4B0h7g
eF9CGjIfi5k
eFqEWdiEFMo
eG6CnwNr5gw
eG8OyqifrMk
eGXDkO8sgRE
eGf7QlROF2A
eIJQAqc7zrY
eIR7jqk7Vmo
eIWhPAzKHag
eIdilAtDSdc
eJB1s_sGCvY
eJE5eeGaI60
eJWfmI7mnbI
eKvrPUdONf8
eL5qeNtFKkQ
eMQJV_B5qtQ
eMjAvcbEbgw
eMlZYSGK_aQ
eMznwqzlYOo
eN2bWrEQ5n8
eNfmIdK4S9A
eOCgkNKrD4Y
eOSsf9dxTRY
eOgtl6s2KpM
eOgzR9VMYQc
eP4FrgqfSig
eQpJyRA1b6E
eRAGl4tKamI
eRGHmTKDO4s
eRKuykGiJUg
eSXnqDpIZl4
eSfOMC7ZcDI
eSuwJxO8rV4
eT2OiFKpe4M
eTRN3wl5yvs
eTUckeNpYAw
eTqRGWKtcY4
eTulCKUGan8
eUAxe3TyQiI
eUOh1P_XDUY
eUVH7YOnasE
eUyIXDxA6Dg
eV2J1xmzSjs
eVNfFt_cssk
eVYBqJzAuq4
eWD2FNmYLME
eWPnan4ENaY
eWcuZyjCqMo
eWmIF05EYzo
eX5ro-TOHfQ
eXeUWN4LwZk
eZCDL2D0av4
eZg13bSOi4g
e_5V0-sBPig
e_E761oDJjc
eaIyxW3sILY
eaNoE5q7Hd0
eajrJGLISLo
ear9BFDASMo
eat5nsOtL7k
ebGat8puSZc
ebY3PvRnb7U
ebZcqkdH0I8
ebkT7xhY8fM
eblqaAJOIAk
ebsQrlt38qk
ecH8vUSKc64
ecVM6cLhH7U
ecklD6aV354
ecopiDEJcCg
ecrDUn-NzlA
edLjtEjKMC8
edTSkEiCoh8
edk2jkUqFF8
eeGJhOTQtFs
eegE49-nD1M
efIt48SIU38
egkzEHvyDTg
ehfktzzRG4E
ehzULm0bVvo
eiCBbHoBWqw
ejp16n0c2AA
ejxcNOgW8tE
el-9_Aiedao
elE1xDoqEWg
elMMr3_IQL8
en2pqfCP7VM
enJIt4Ck0mg
endOtHVgfvk
enk_1Z_fEV0
eo-G9owKk-s
eo5ahXrxc-U
eogRKvbC4Ww
eovV2qFr3Nk
ep4ICk99A4A
epbZ5iRpMnM
eps2FsCdrpU
epywVPhRMIY
eqSsfSS_rm4
eqlIqjFu8Ks
erAcQHfboW4
ercn5j5Og2k
esRlYRW_HBg
esmSZBrGd60
eszaH8y02EM
etW34v77hVc
etmxjfLGdTg
euwgC4qkq3s
ev9Dzgrdg0Y
evIGX1L_Zfg
evPAEhnPxJQ
evZa69xNHkg
evwtIn0s19Q
ew7gwAIsxNs
ewWBCX3pzac
exAhouBxSAw
exLnPPqaeOw
exmRWNg3RGI
ey-cTG_RcKo
eyeCBXSi-yg
ez5YELCoQfg
ez7J3xAoKYY
ez9hcTxcTzQ
ezzEMpl-LDs
ezzWuQVmlyk
f-U5KL1Uydk
f-gBW7VQeDk
f-jCHf1RSWM
f-l6rKFkBxM
f0wsh3lpLYQ
f1DOvbyZ60s
f1VwiyiPvbo
f2Mwl77EM9g
f2OAWnmCzOk
f2_DJlMB0L0
f2bYG6n_FVc
f32XWsTUia0
f36vg_AuLnk
f3cOMzYbom8
f3yEIlvNeEM
f4YGFfNDOe4
f4m3ANy0vmo
f4wtixU1eQc
f51yP3z6rLo
f5GACKH_fDQ
f5H3bcblE4c
f61-XR7Sduk
f650xaeb9qk
f6fVo3ismq4
f6jwP4CcSD4
f6lZUeSEhDY
f7GgzN7xxv0
f7UtTnLa31U
f7YQKOh7iug
f7ebH8ksXUc
f86yw8NL284
f88PsMyeTpo
f8lur8tLYH8
f8qstjJjXEo
f9MAS7FLcEA
f9bAMF2LHso
f9dvLeOnF7E
f9gPnBBNKAM
f9loHzx3Jrw
fAzo0VxVxfw
fBe-EKg4lDg
fBixK_myBjE
fC5-jmcduQY
fDKA2QrEX8w
fDXDYxUiEMY
fDd8flRUxYA
fDn_IaUU0x4
fE4YuYY0FrE
fEMIxZaKJg8
fFBXeP9fpic
fG6iloeYxfs
fH3ynuRmGGw
fHD3jj3ZalM
fHjdaH7IAgA
fHvNj6n7QdA
fIDLGlgD30k
fILjbgouoDE
fIxEgwIfUAg
fJAJ5ngAcog
fJB-xmCGjFo
fJv9_KB8zdY
fJvdMwBVo_U
fKVg0wJ_t60
fLII1LETAvs
fLsQAZksxVo
fMEVuA_-S2k
fNLE9_dSiGQ
fNonV5sGCb4
fOUKSzWLP3w
fOm_Yy766GE
fP9hBGGJ4Wg
fPruEKqWxko
fQBxxnWsKm4
fQ_sbYydy58
fQod_rGpSW4
fQpS903enXQ
fRU-Zn7l9V8
fRh6NMS1sV4
fRmdrxx5WKI
fSOmv0v3Neg
fSt8Vqht5Q8
fSy3D35RM4E
fT-fN9R_cSI
fTIqX6DmEfM
fTiyFpQnMqA
fU0QYR2X73o
fU38pLhN4vQ
fU4MZ1z9Ri0
fUzaZndwUBA
fV4dsy3KKVw
fWOdRc-09Pg
fXh8sE87uE8
fXmV0qkuUIU
fY8BlJYbwos
fZdByIWDu7s
f_BsCK87JQ8
f_CgJl3xqJM
f_F5vgpZw24
f_UDg2SZPsM
f_URzH8IE5I
f_ZWy3stdVo
faCRu28VKRs
faKWN2Zuldw
faK_0Xbg7jo
fadoDwi0VO0
fajaxho5P0I
fbBJ7W-oE7k
fbfMkEEcwqg
fcDIahl9BJ8
fdBureQRRek
fe48TELJVKA
feTJV4RV1QY
feVJMBcKzos
feYdQeNo2fI
feaTSFNh3Tg
ff98O0c3O8k
ffYL48FmhOY
ffmY4knLMFc
ffmfYZaSSQw
ffuUoI6NOEo
fg2H3t64kzQ
fjGX44OVUck
fjPy9WxaQL4
fjUaSBg2Hf0
fjZ2-KM2JG8
fk1yD6BFPyc
fka_TW7Aqsk
fldVuOyBxHM
fmOwds2LiIA
fmcJ2y3p5ak
fmztXSRjl_Q
fnRNQ-kMWCI
fnlXF2iBYI4
fnuTkjc4kn0
foE5in4POUU
fphbyXHRmaA
fpp4nKFhB3E
fq-izfFdVzE
fqtbyTcPimc
fr63Z7SnkN0
fs4p3cjYvOM
fsQg-0KlwTo
fsoiXUdSaZ8
ftONRsQVloQ
ftURUVcUyOI
fu3rcyPltRE
fuDQ2nvzT2Y
fuEzVsnTSDM
fuHv--nI30o
fuZg2aHcBA0
fwRG0_EGXYg
fwinloJVNE8
fx3LtPIGnuI
fxFuXZrh1zA
fxHeC-RNgyc
fxbsWHqC3VA
fxuWCD_w9Y8
fy8Al3ERB3I
fyobjVtGEig
fz5UyCmXaHA
fzj1VlluGPQ
g-M6SbB8hVM
g-YIxj3hgVE
g-t7QDn8TR8
g-tU2de07Zw
g0XeNJ2Jugg
g1e_7MRyn3Q
g2Drvfgszxs
g2NkpI0QSQ8
g2SUln7l4gw
g2xkyCrBZhQ
g3k_YdAHPVU
g3m0bu0S1Go
g4WOcDHkTgc
g4qSeZRYj0Q
g5NKJF8touI
g5ySQtlssxg
g6pBlUM5X3w
g7xlzO7wWGE
g80lY_41YwQ
g8CgvT49vhg
g8WOc3fw8es
g8gDsN-B0v0
g8iZ1t5XL9k
g8oSMJU_EkM
g8pXYI8K5JY
g9_B36V_m78
gALxPtefPM0
gAfaYQNElQA
gBtuszNwYtk
gCGwXsSiUtI
gCZPARBbaf8
gCo5RBWPOg4
gCyRiOW81uA
gDgzyKY41b4
gDq4E8DG2kA
gDv9M4r73Jk
gE9WuIKnC8A
gElAtXgmlU8
gEpOqEKzLtA
gFYTA_2-ocM
gFjADsPTNDQ
gGcEMoqlK-Y
gGz3gkPeR-A
gIi7hhUdGWY
gIzgllrDi0I
gJ20Ppk2OvQ
gJyK7x7738k
gKa6CnyukFY
gLSWWKK6u_o
gLUeY6VTdBI
gLaQfRWcNQw
gLjyNvEE19U
gM6l3IgW2oA
gMSscD5lKFs
gMVM0MEpdu4
gMdLp1hR3Pk
gMsF4Mqi4dM
gMwhHts54Es
gN83dwcFeD8
gNUOnGEc1Hk
gNqHdgrrTjA
gOF3PvOac8s
gOU0BEean6g
gOd-stl0qLs
gOnSymxxd08
gPfKeTRQwic
gPoeWV6gSvI
gQNbL7ZpDB4
gQgFAJPD034
gQj4EdBCHtE
gQqaE5UBsus
gR_xF4Vxsd8
gS--_GfBCwc
gSMqW9XDY0o
gT-KHTb8NCY
gTEO4g0xLnQ
gVAyS1xLRQc
gVTAd37fW94
gVf1M4lxdBs
gVp1CnroHmk
gY6K8jiLJgQ
gYq_RVEvK9o
gZWsjrpeFfU
g_3i2oWIT34
g_LrqDBIiW0
g_VQbZ0RFic
g_tiZA7mJRg
gaWahuq72O0
gaieCk4YUOs
galiTH-arvc
gbXjSFLrtLE
gbYuIrhXjhI
gbrOKh1Ento
gc3nrrSWGM4
gcHJwcZoYlE
gcwJk44cOFE
gd60q-yttJE
gdbES13cLuc
ge3-UgYcaJw
ge7zBeHK8TQ
geIrvhrDz0o
geN1ZuwlmBc
geUuhV1LKMg
gfMAoDuehkQ
gg-9VJRkbnA
ggkmZHLA278
ggsmXwGpJhE
ghhGh3sUuKE
giLmiPs9hOs
giu9xV3cbto
gkCx_uDXzKY
gkFIZyF3wX8
gkawj-RLJ_E
gkvE9Zhqq94
glYsf4Z4xks
gm1aYRbESxQ
gmMLOvce-Sw
gnK72XxDvIs
gnbtVhsOHJo
gnhL_JQttyA
gnlTKRg3l-4
gnwLRlV3IQc
go2O_1Y_Q2c
gpSdIgtKCHU
gq7G4F6-G_k
gq88BNSvmDA
gqXFLUTrjpo
grO2BQNKsIY
grsPgT8vWZk
gsHe5KTuis4
gshRbbrK_2g
gsmn_Enz9xE
gt-bJqi_lPk
gttLL7ykvVw
gu-kAszrncI
gu1q7ORpG30
gu75f3-7WVo
gu8YnCR5aLU
guPDTan-wck
gvHKfBEYy-Q
gwB7mY9sW00
gwCdP3-lSqY
gwDA4-Y-Tac
gweNzXEXZrM
gwsPZktKOQ8
gwyf6vJcLIA
gxe-xw-KJOI
gyJL_91kodU
gyR2GI1m1Bw
gzcRnOsKPzA
h-4bxvLKP3s
h-DHhEQ7okY
h-_An6U1JlE
h0PfIRNHYcg
h0VR0WuQfBg
h0fr3X0E1Ms
h0gPGYaDKD4
h0mzxRxsG9Q
h1eCdcFZqVM
h1gu7wvVZoQ
h2_DBk8Pkt8
h37lh1HQhxI
h3hP7kzL5_s
h42p1w0AO_8
h43BF9kxIaA
h4_Cw6GU1GM
h5Gr_n0efE8
h5XHREZ6GpM
h5pcyBetXhY
h6266q2dY_A
h6a7DruLr0k
h7OZgBtNvog
h8yIScDTuMQ
h9xocrcjjFo
hAHRQa5Qeis
hAQQIJNhvTc
hAW879VyUkE
hAhk6rhLDb0
hCqC52icf-g
hCzW5CRpjxc
hEDoQkaA2Zo
hEc48v09fSQ
hEjkBiLMSEg
hElmF4oGFOc
hEzAzjqVh_g
hFK1_B71ZdI
hFv-SmFc4Eo
hG6oU17c8mw
hGozF7xsX0c
hITvOf4EjjQ
hIsvvG4h_WI
hKFq3ofQKZg
hL4aRWkBw78
hLFCG-i-GZY
hLsoPN3bSCc
hM41be3RpSo
hMWqMVcG6b0
hNQFZNM0itg
hNWeg4yuamc
hNoPVKV7-is
hO3gue8k50M
hOmYMMEDoLQ
hOwwCjbDI_o
hP4pEPZx0xM
hPo_ekQRA6I
hQuzSF0qhUE
hQxv-_H17Nw
hR9bNsp3cLY
hRebQJVE6Ro
hSVppnbFhA4
hSh2VQV95xo
hSxprUQVf6k
hTKl4H3GU_w
hTsOnWF2kFw
hUJw4ykFFzY
hUVzl-CVvew
hWN3I2kkrCQ
hWzqSfJiv3o
hX5uoTPT5CY
hY8sdz-W31c
hYG1esNwaCI
hYf9HX4tflY
hYyv731VwdQ
hZ1z4PBJZic
hZAKiqJBxus
hZf9s26ERw0
hZnhaTsl3fE
hZy9mqHbLiw
hZz1H867AXQ
h_4WUUJiJ_s
h_ChO0Hn17Q
h_RBvXvDGHA
h_SGM1fdueo
h_peflu-WMI
hao66s9j9i4
hawxZ7th8h8
hbLk5C7liOs
hbMFGT9pLYs
hcDEFV_Mhck
hcWhyY0vfbI
hcyMzZWpbOo
hd4zzn5opVk
hdENuJuScu0
hdMRqrhvG1c
he90DiycLWw
heX2hoIJHPo
heg4yUIORWU
hfJhb85cRaE
hg-jU1ACdZE
hgCYtZXocDo
hgD1lhxNTUM
hgjOP3A1lMA
hgkgEnQ41DE
hhLRPShlyPI
hhv5ab4K7XA
hiQaIk6hDe8
hiTeKDahXSY
hiTuaKUdcXo
hj39RP_Qfjk
hjLMvi3Vm-4
hjRWMroxxXQ
hjq8tvMENzs
hkYETmnX-VA
hk_e5uZEELc
hkfR-ukd-kw
hkiRyOBgYIc
hl85xE25pOA
hlBEuF40-Dw
hlNW4VQYt-k
hm8XKNXrb4U
hmle_SqelAs
hnB9twdvN4E
hoCH43f8_Zs
hoX-H_Cj6P8
hodG1G3j-3A
hotIjOeozWk
hpFQadm2vKs
hpKL_jpwfmw
hpTfCIvhn1c
hpghYzRwDl0
hqJh_9p0BB0
hqaPnjPrySk
hqaafBQiHcI
hqc5eyXBJfE
hqdyPy1lLfU
hqedATcGNfs
hrcM6U0taIE
hrlFvO-yuoQ
hs-OkaFym2A
hsrJBUksmKw
ht-GU_5EdB8
htnJjx8NA44
hu4qloCYhNg
hujDqhyMpzI
hvGPywx9zrE
hvJUEJvK0sY
hvYmKqJFJcg
hw6zJ1Nf0hg
hwQaUUuqws4
hwmGvRe2gDk
hwnKdBwOMDo
hxP7tUGpmSo
hxxYxBY1Lrs
hyZcQzg4XRg
hygkMO10rlw
hyk6FnlXl9U
hyl-HCLOJIo
hzYHJqQQOpU
i-j-wKFlZpw
i-q9pRfhZI8
i0UpQuo9aLs
i0rKJFuxiTo
i1CbCMz_p48
i20wKdXbmcM
i26R-_fau-s
i2cEmrEUiUw
i2l29S3gdwI
i33BrPGnUKg
i4Sjih7kJww
i5OO-GP1rn8
i5QwhXCZa_M
i5tDFQc0RGM
i5uryq5forw
i63DlCCF_dk
i65yUBkhP7k
i6UAapqO1lM
i78eVkqBgHI
i7vP0FC1yDc
i8XJg37jaYA
i8qdy3_qnFs
i9-GElu-szk
i9jlfIXxMJg
iAC783xiNGU
iBqFoINSJbQ
iC-SNbs1fMg
iC9ZNZdlogE
iCuLXaeroYQ
iCykxxo06w0
iD0ZHxSjPjA
iDVy5qoA9no
iDxHk_Ur28o
iEP2sb2YyqQ
iF-MlGLbSlo
iF2gcApDvK8
iFMy-6XsnIY
iFQTBHd6gnE
iG5U6tCZim8
iGoj9splNp4
iHP6VuVeG0U
iIMUYc5VlYc
iJ9ADOv0IEo
iJXmLQ5dDK0
iJbn6T9y834
iJhaEEyhAeY
iKeXA1GGRik
iKhgEJKD4OI
iKnDNXJJsig
iKtJJ9AM-7o
iMFUh-QzN9A
iMGHcCnaxVM
iMQAqcqBwEs
iMjJae0Lgjw
iMoqGVyjyZw
iNAM-hIQOrw
iNIBCpGlxEY
iNUYXmKE0Bg
iNo5G5i5RJM
iNzfI6sZ5vA
iO0QnBM9qYI
iOP71OntAKY
iOb_CT8TUyk
iP7oNJNhtO4
iPJ-qtjgrak
iPcs4ZrENoY
iPtq_a43sXo
iQQe6w2LOl4
iRv-8Tgju2c
iS7DtSGBThU
iS7WJo07hpA
iS83BukPAGs
iSvgqNj4FxU
iTFCghphzVo
iUB6m4ABxKM
iUM3Q5b5rYU
iVk1WLFy1oc
iWNP9C4W6TM
iWSu4V5c8yM
iWxKxEmA654
iX5xbflIgtk
iXB82UgFDj8
iXixIu5gvLg
iXpJ0eW6wdY
iXqooBfJ4z4
iXxIk4HYn_M
iY14ORiNRPk
iY9k_-S8eJE
iYSUCxoiDvE
iY_fkzyuR_0
iYnZkEarewU
iYtvlaJIdZw
iZiDkQmCyj0
iZlRi1WZi7c
iZljtS5tSqs
iZw4pbPyoLI
i_dpoECWciU
ia6bBHdGQ_s
ib0oCEkPHic
ibDy8XZRrTA
ibMlMBDNvAw
ibVqAmnXF7k
icbK2t-uflY
id4uXrT80t0
idKeTJ1dcKg
idW2Qrv5USQ
ieVkk4kW810
if52Qg_YGqs
ifDOLw3Xx1o
ifuTgmddntA
igC6VWbaJ1w
igI3nbzEhRo
igWJ_IzusOM
ihLWKywc4Vk
ihU3isBtXEA
iiCvXHGPWe0
iibolDpnlc4
iif99SmFqGM
iinUjTZ9OQI
ikG1q9k5IB0
ikfoRb8eUpU
ilJGgySDW_o
ilLKuGPUjwY
inRivsw2ERw
inSqIzOaGGA
io5N4S4AV1Q
ip4miVaAbWQ
ip6lfPe_5zM
iq8AJzflZ8k
ir5eGOPqyCw
ir5uxV7i9DM
irUkcGwCMGI
irhWF_54tvo
is-B4BDIAJg
it-CnnLnXos
iu9z13w4Bqk
iuvmnBvPLaA
iv3_3Uk1cuU
ivcRQcH93s8
ivixilv-SAE
iwKuwUKfZ1A
ixQ3HsYm-O4
iy2Ig1hvZMo
izHjMNWbF8U
izxVauZoiTU
j-3xs-4k52o
j-AEw4ZMLgE
j-wCSJQr3To
j0UgJPhc5yU
j13id3dLpi8
j1JGFFb_CKw
j1OiG51GMfc
j2E4cuioJ-A
j2yT1rYnnUQ
j3GTr2I4O-Q
j3GZvl1TlIw
j3bMEeyvNDA
j3g8HjpRYbY
j3i-bTtIfN4
j4dBVL9XzJc
j5QeKcWxy3A
j63MtmAdmTU
j6H63QtqAw8
j6tj4-KON74
j7Yonh7erzc
j7iE6xV5tjw
j8CvdhWVymM
j8RPhmutMDQ
j96G35SJhHM
j9INw70ZyNA
jANAvt8ImDo
jAOvuL4yMcc
jAvu8bbKob4
jBoDdgnEfmI
jCnOlAMTAQM
jDS0VYSq21c
jDS0cTf0v2E
jFmyKzh_wEc
jGCwLzrP9es
jGRkRvwvNAc
jIbSA-y23ys
jIk6Y1nlMv4
jIs2jYNIcTo
jJ5FXnoijNE
jK1HhzkZLyk
jKK2O3SvHXo
jKhA9Nd9ZZ4
jKtZ-5TSNBw
jL1aoMVR_ck
jLHXnFhLkTc
jLmpcxgVk4I
jMZCDV83hno
jN3nw3_VFcY
jNLYPoiyMrQ
jNQbyfW3DZ0
jNRhdIpr8tM
jNTMjGFz0kY
jNYfv9CSAa0
jNdCcJfdLqE
jO3fIgrse0w
jO4n8PIX9bw
jO_QS0oj9aM
jPM1oMHUm3g
jPzTAXeXHmI
jQBqbYwAr3E
jQVU5KiQRrs
jR_EfwGQ5ZQ
jRa1m9s1rnw
jRbU22lO220
jRbgAonLX5U
jS0VfP_h-Kg
jS42TJ4AGlA
jS6Oq8txHeY
jSIOwZCwpBY
jSxaX4WX7Ao
jT98D7V_7Vs
jTPsWd05URc
jTVRIsAk8YI
jTqmiMD8nb8
jTrQUReNqss
jUDgIKc5NnQ
jU_jYHntBcU
jUyTxHVy1vY
jV27kZEZkOs
jVEMqspX7Sg
jVdI2oT7bFU
jWd-Riz1odc
jXKizt5h8tQ
jXS4wQuP254
jX_b5MfV1Gk
jYEdFWm8ANE
jYGbGSXzrxc
jYih49kMZmQ
jYjws47dfXw
jZ3xEtOqs_A
jZGx_Ub2oBo
jZH0PZJEXW4
jaJMfGucPg4
jaN1S8IdDEA
jb1DcVWp1XE
jbGZQA8z-mM
jbITHMWkeO0
jbIht1bVM_o
jbPWGzKVrqE
jbkptZoPXMk
jcFBqUjd6dI
jcRDZ5ncjBg
jckLCItWH1A
jctZTF1aQL4
jd2J50xANs8
jdHXzrWc9Zc
jdIjkpsrtmA
jdRdL_xwHXk
jdzcc7v27F8
je2sUQAUi04
jeFgZpWDOnY
jeP5cWru8-E
jeskXoRSs54
jfMUKUwJjiI
jfbKKMcLdf0
jgXmVF2gVg4
jghT4jmb304
jh6zalYXwKU
jhFSWOYIchE
jhY-0IBZmII
jhiP6hF1ywI
jinZzeJ1ltk
jiwCGSl7b5A
jjH7Gkg9mAk
jjeLH0mX0fE
jjtndRixRmo
jk1DHGod1bY
jk6hwpEdzjk
jlPEPc2hQbE
jlePA4GHXQk
jmEu_f0ccCM
jmIwEUyPWvM
jmWFcFVO5ik
jme-M6HTZmY
jmlaAQ-CSNU
jmzazetd5u4
jn17Vi_iG_Y
jn6g29tnOw0
jn6tjEuDH5Q
jn9eawMZl-Y
jn_OnSvSsVs
jngQSVDINA4
jnjzHRSEwgk
jo9x2pxGh8c
joSVTquTO5o
jpPBOkOPZqg
jqABwpX8yj8
jrPs-Pla_7I
jrjgC3Y5w5I
jsGYfmreWYI
jt0CWsTcJ0k
jt2dv62_8xc
jt4f5mKfqMY
jt5zbaf1OSA
jt69-8ZPKVo
jtMCPHZS5Uk
jtaMFdbtxhI
juEA7scFCe4
juJNWTkihsc
juSCAEBH5V8
juVaObWVmqo
jub291WSOcA
jvSXWLv7Bww
jvV8yk9T-Ag
jwqpVLOG5dE
jwsvyIwhfv4
jx1sG8N2Mwc
jxLMVLKDsj4
jxr_LRDVt6A
jyHbkNza2A0
jySnAGkLDUs
jz0GV4Pu2BM
jzAbaHFNtnY
jzBnn3TEM14
jzqK9AAETAQ
jzvgY4rFyx4
k-4v58i1W5I
k0Xn9uu76jc
k0YSOydLbCY
k11nWixxnZM
k1SvnCaQpp0
k1uxQWeZZdA
k1ycZlnISi0
k2IBjvTi_f4
k2Wajkj10_U
k3-RhT2IkSs
k3W9KwD7KCQ
k3mfFwHRNI8
k4S_SAp3L4k
k4iICUU3-70
k4lKd_WDdlI
k5rEq6WpbsM
k7Cs5HjmWtA
k7amUoKHvgk
k8DYvy3jgOE
k8j1_YLXOok
k9H8vIllrrI
k9dV7_BYOWQ
kAjKCLadRO4
kArfX1I6C3o
kAsmviomaLQ
kCNKG0JVodA
kCSL8T3TZUc
kDSshApKR7s
kE5Wmk1kEds
kEFO7ar9Y4k
kF-Lwha9m7A
kF7hFCrGdrk
kFJ1U16zmpM
kFus8cIsPYU
kGlnulWU2Y8
kH8mggk2buo
kHvqjr_iZEM
kHxcAEHQmfE
kIJud8nKdV4
kIcgzSPkprE
kIi2XvMCcNg
kJSw4nZxzks
kJeejzkjiKk
kJlOSqIHmRA
kJqxzAdBSRU
kJtPz0fW48o
kJxIkooS7fw
kL8GrXay7vQ
kLGdgD-XohU
kLI-O1N5VfY
kLvtbwPjW9o
kMCOSR48JK8
kMZVX1ORZJ4
kMbf9MAdZqI
kN76PtUg9-Q
kN85Q7K6zTU
kNG_zoyJc2k
kNt5welEf-A
kO0Qz9Bg8Kw
kO8iWnX1piQ
kOJjqjdbmac
kOhA_JIeaOQ
kPPxPdQMdrs
kQve3SPjaQo
kQxBkEIXZ-M
kR0-XAJHfbU
kR6DbKYlrTg
kSOOuNQBvMA
kSyNzj85ACw
kTKCtm7sT6s
kTOKGXej9xY
kTbxKNwSgpM
kTpRpRS_2m8
kTuNZK59bfg
kUb1sbC4lXs
kVZMDR8Tfig
kWg_RwSOzng
kXLwd7Q4gLU
kXWZq4ih_Rg
kYLotu4P3c4
kYqFpV4Fhj0
kYv5dAQ7R_w
kZima9JsSJs
k_3oLjAZGfM
k_qIDDz5Rvc
kc9srGnHyr4
kd4VIn_Rc6g
kdDFiK9Gz_Y
kdHiVxZgT1I
kdL0h6Kdhl4
ke5BoATpP80
keCWu4mVb6o
kf1D5mjvnq4
kfC9gdPbejo
kfLNyJCHHfw
kg0iTl2Zt1o
kgp-z8EmeL4
khEiueaDVdk
khLyhRJdFfU
khNz7inQCcc
khoqENOhU10
khrW6aaqQwY
kiOUF1akhcU
kijEdBqXGEE
kivIJ1HItF8
kjL6fePkoPo
kjeZxlAiWLs
kjj0nhSKTlc
kjlKfbjSp4Q
kkJYFanUVtA
kkYrqp622SI
kkjZE-GwNgc
klM_2ETdlVg
kltRwQOnyEU
km3vSG64BUU
kmE4KtU8c2U
kmRL8wpC1DE
kmUZi5sS-WE
kmYrVr2LKuw
kmmLhKaJqlk
kmtiyDBSgxs
kn46ZBy5zeM
kndx4nNmimw
kneo3KahhcM
knrCwA2fFlE
koU8GiAaC_w
kociGnLbe28
kpT_uwwUFWQ
kpa2qECZtKw
kpbSypXhPZ0
kpjT9onzIk4
kqUH1JeuCLI
kqbdG_3b5ss
kqgZuVLIcKo
kqnpcIEiqls
ks7_OMlhlbk
ksZfDHmOn7c
kthwpNbJBtU
kuC9z7UzxEc
kuLvE_NcFZY
kuag2DgBMRQ
kvTMLa4C_Ik
kvZQNv3JOFY
kwGgB7d9WE4
kwn3JYo6IQY
kxhPqngsjNY
kxke69A-yr0
kxssaQhRGvc
ky49y2VPipY
ky8W2ftMwSc
kyLmY-uKwJU
kyYuDS_IXpc
kz3MqWYEKRM
l0QHqOI6z7U
l0rNpySuX98
l13AjT_Iwvw
l1PphVpg7os
l1VLMcDvqWk
l1l2VHQbFuY
l1sUy3sVZP4
l28CYdI9oBM
l29lXlGMI1M
l2CHxweBaSo
l2K65I94lv8
l2d4wrlNzIg
l2kcsz0GRSA
l2xir3Rvi7s
l3-hHH9lznQ
l3C97D66aaQ
l3_hf0xb7HA
l46xm8tvYGM
l4ARCX4QsjI
l4TBsr9x0ak
l4W24DxxW7Q
l4ns9hp_3ME
l5F3S2qL638
l5ICseh3PZY
l6-W-qW7SD8
l6KMnQnTnsU
l6MTFbEZEFI
l7CwC_SrYzw
l7Zkv-YYYTY
l7cAwfucQ9Y
l7ggk5NKgN4
l7i5FFAuZEc
l80p-lXEv9M
l8XzxbWA-Uo
l94Cop9YEKc
l9u5JgdlsmU
lBeUI_YtzmY
lCB3xxMUZW0
lCI1LXhKrtQ
lCgdGrNIW0A
lDRnZ2sY0uw
lDeXhoSQRDY
lDgS-c7Iy3s
lE79WcDB7Ho
lEG0hHMyD6I
lEeZjsJHEvg
lEpj_wUAHRc
lEty1Z9NotQ
lFVFZzkmPqI
lFjZhaJEkoM
lGFrlgcidsA
lGdpUDC8nb4
lHR7Z7h80as
lHT5r4V1alk
lHpERUtMeSs
lIHlvdA8n3g
lIOxzUHRi6c
lIZl8ky9A8g
lIpRx76NTac
lL1tCbtf6TA
lL67pVijRIQ
lL6GI6wj_lU
lL6o_AMUYkE
lLXDDFp-reo
lL_0vvZ0TpA
lLmkslKnZ2I
lLoZlcl8CRI
lLuLKk8rzRw
lM7Te_8KzGw
lMamPw80Qhg
lN7kftR5M_Y
lOnw4bpBXr0
lPRseHJPE4w
lPjxVQLmxDw
lQbSjEzyuY0
lRBOfSIfJPg
lRXNqPghH60
lRqltVf4NEs
lRrzKr6dnfA
lSCy36ofF7A
lSaJ3SC7Z8E
lSzI80fRjQk
lTa4ajqHwYc
lUMVJcC1Ex8
lUqLjbDfzp8
lUyrl8V9Q6c
lVLhloeaV_I
lWONXIelf2Y
lX5vn8-P1nQ
lXVstXqUhrs
lXmqXNSmk9Q
lY8vUBRwGt8
lZNo-JUQbfw
lZY7_KnFYq0
lZlMbr8fQm0
lZmXoAOktCw
l_1isubiUAw
l_RkA_lvJi4
l_YrvNny6jM
la2Ewx2BY98
laDC624y6b0
la_c5sJn9As
lb9j2V3V8Yk
lbEq0ISRuiA
lbxgeOT92sk
lcNvcpz-tQU
lcdaxOqKBJE
lcwIg7Tnqyk
ld5_u9LljRI
ldAtV9uNbQY
ldYcEFGWMU0
lemyoWXYTi0
lf30Qm7kfcM
lf56PUFl-dQ
lfN650ebxwA
lgKrfEgbjoc
liFcU3i7aEI
liQHJWCZL60
ljEmzayWIF4
ljpUYXQpKXQ
lkrzRORP4O0
ll1GbKRx6pM
ll4gvTKrcF0
lllnmhHvRjM
lmCQj9l23Is
lmKTc9Cb2Xc
lmNO9AErvKU
ln8y2Fv1siw
lnW7Arcp86w
lnhe9a_le5M
loRLqAmjW5A
loh4cvYuqcQ
loxNp4mG7UI
lozRVxGZnjc
lp3WHlTDl8U
lpJncohORZM
lpPm4ivKAjU
lpTyXZtt-TI
lpWD85HdD4s
lpaSz2adiqs
lq8DB84nEyA
lqAqgEcSN5Q
lqTBky7Jia8
lr80MUi6Dww
lr8amBGo5_o
lrYUEfhil9c
lrgbC5JJX9k
lrp1Ye3K2ds
lsJRWlvTGNw
lsSCiV0PBWk
lskWUPP5Fxk
lt4y5MU5CMk
lt8QnE6qUeQ
lt9NeuAMq2Y
ltChOa2Ya8I
luHV02FheEU
luaEyEyw0CI
luiaGpZoKVQ
lv2gF-wqb9Y
lvVgJe5rJdw
lx6KFn9B8-0
lxit6PC9jV8
ly2VZLttCSk
lyWnXlpNCY0
lyZUJkDqc5k
lzDJijOpR0w
lzGYU7cxYT4
lzYrFrpEZFM
lziL5jQUSEU
m-YJQ6RhZM0
m-e9VKtyo0E
m-k6D875Rc0
m-kYnJ0GL-g
m-xo3NkivcU
m0_SDmSXNK8
m0oK5Wk0Oi4
m2OrrhGX1sQ
m2dnRkoJ_xE
m2yVIdzLI70
m3AvOAPgzx4
m3lIKyk7EuA
m3txbCeMXnM
m4I6nYw3BCo
m4Ih_HAvPQ0
m5WFIlX6Fiw
m6N6JoxM16s
m6nVNheHaGk
m7nSHlhO-cQ
m7uT8MqOe2o
m8DkSOmcuy4
m8MUzPvkaKo
m8edPFxU-YA
m8h61wLuGHU
m92T_YqWMv8
m9AKk1H9Rwo
mAIBHAJ9YBw
mAcro9FYXAw
mAwLKR8sATo
mB90FdCU_vQ
mBcZ2mXy2iY
mBjpRVB2QHs
mC-A0TMEVlY
mCLwV8VjDE0
mCMT7lVB_rI
mCT-bSsh7HM
mCaF8VlBejA
mCvDcQXDEMQ
mDM-iYLc8cw
mEBguS-uwZQ
mECgNzH_KTo
mEjeTC0jALA
mEmOl5-UWmg
mEvt2JpObSA
mFz_agEaPHM
mFzdtWNQk5A
mG1fbN-rbpc
mGMOdg3O08w
mGU9v2TtZUU
mGnbu5pUpsA
mHCYpK649_0
mHoAKxCW-jI
mIGYprFsleU
mIYiumHluVQ
mIgM5CKOwHI
mK9GJYoOoaM
mKTyyvKmc3o
mLKY-HoqGnI
mLWHGbe39q8
mLYFBalWWZs
mLdVrXGq_uA
mLn1rF7YaK8
mMTeNzyFBqA
mMchBt6w2Zg
mMgCsgp50cU
mMzCgqnfr2Y
mN76vY96hTY
mNSe97nM54I
mOBjzi-EuCE
mOeQSGUe8zo
mP1MkKgxOMs
mPCQUzwNaeM
mPHxW7A6GrY
mR8sauTinBU
mRC9mFN5FsU
mS6Lk4RawZ0
mS_OZU0b-w8
mT3NhR-BoPo
mTQpcQJ2dYE
mTRa9yrGDpo
mUIM3WXxP2A
mUY0y7fIdx8
mVz-C-Cp5t0
mWL6w_3Bcn8
mWgeklg_xGM
mXDxTmV8e4o
mXzjSTPfL9E
mY2buxSAWy4
mYIHhDot5Cc
mYOXyQs0uSM
mZLVZ4h8XAg
m_8ogjtyp_k
m_lqehSzE0I
maL8SovTej4
madQUwLDFsY
maj4xs4fzxA
mbW4WqPgSt0
mcaxoR40M9E
mcb2GxBZkZA
md11kDkfMRY
mdBHdLsGzbU
mdWEz2Vt0O4
mdcJzQO1tzo
mdsHXPF_Dbk
mdyH7Ll-I4s
me6YX_XDw44
meJon931ywE
meN-WujCuaY
melELp5muZ0
mexrDdZFPwY
mfeG8bh8fqM
mh6c4ab2cMk
mheaKkwVF3Y
mhfbsJVrDro
mhnZWe6iiZU
mhz0WJzHeFU
mi16mJMCZ5g
miPn1eM-q2U
miWO8TSX_kI
mikN66mWPVU
mjDdmezpHSg
mjXYEZNwrVI
mjlX4zrknLQ
mjs0s5KvS_Q
mkA5MLcvHFI
mk_HTSiQvgA
mkvF1uARj74
mlbNAJtX7wk
mlsSXy5kzvw
mmbczYLx4l8
mmlhJ2uHluY
mmoWbsgcF2s
mmpRnMxdMyw
mmwoYsUsTnU
mntpp0bzxF8
moAWxb4SNZg
mqLs5FuryZQ
mrEZ_eIbhvY
mrf0gKOF0co
mrjSm_puO10
mtlRPxn26TU
mtw3NaYPteU
mvf5enaKiFM
mvtSlNb884o
mwMfUNjdddM
mx1Kmmo3ysI
mx2Od0qvdGs
my7m1sv38dg
myDM_NIvHKY
mz2IxmKiEuc
mzF3x-4g2mk
mzLVWmm8-sM
mzdRVIFbFyM
n-QSAXKHkHo
n-gtTtXoZ-Q
n-jh4IFqvdo
n-toH8O7gT4
n1DhJevWCu8
n1HEEM2WJS0
n1LwLcG7KNU
n2KOVQAYnGg
n33n7KdsxK4
n35wMtbo8es
n39GAGkF4W4
n4PpANTRF-E
n56-atiHQGU
n5CC52Ky9-g
n5JPypAbpeM
n67Skp2p1s0
n84NuQfsFz8
n854FA-Ihf8
n8PYusuY_Tw
n8Tw0bRK1WY
n8z17-SFKMg
n99nLkc6pvY
n9QY7KZ2zCI
n9wZjrUfIRQ
nA4wU53iG9o
nAEk-21tCjk
nATbhcIOPMU
nAvneq0CJ_I
nBG_Bda4qlY
nBO5Tpc3xBk
nBaYkxpFbGE
nCZUNVMfgdc
nDIx5e5kOyY
nDZip4OhE60
nDemiel0vjs
nDvlT_St0mw
nEEtH-tOowg
nExnamkAQrw
nEzaJL25yfw
nEzu1ukv5Vo
nF0y-Nc_BNs
nFJOeTpMYzM
nF_BhqBXpAo
nFj1qZhsFZg
nGIRPtz_3WI
nGcEg-N4i_s
nHLqIjSkp_M
nHiCJ0vT75Q
nHkEF4pQTcg
nHsbi9LLzjI
nI3Nbi0QjbE
nIZcqDMI_BM
nJ8XxF_rX5w
nJTVEhFPuBI
nK-ShLcNRbQ
nKuqCQ0n2-0
nL4skM8BLSw
nL5R3NZqpos
nLidROvUDlQ
nLjXvEUSINY
nLnIMcr5Tm4
nMPgRbO84fc
nMe9Neua7bI
nNDuvTCvtyw
nNGkPBSfrbk
nNOpsIfkqHg
nNUaAHxzeCM
nNW5_gTWsck
nO3zKOCHg_A
nOKNQnesPJA
nOKiRKHiqwo
nOmfS1PtX6o
nPDrzrYhaAI
nPnWhrHiKC8
nPqzhFccCM8
nQPBb03pur8
nQRt7zvtEGM
nQjwLUilMRU
nR10PHY9Bqk
nR2UfDDilWw
nRDc4JSjwiE
nRQHRIF8LIw
nRe6syRM4Pg
nRweaSNA_N4
nS59RcrPE68
nS6OPkdYKYg
nS9QNXtQ3Zw
nSA8Wg8JwGY
nS_XU2GDNU4
nSzF0zAN1wo
nT-LV7Cpxbo
nV2iovsOinA
nV8XSU1jw2o
nVB2h-0MXeM
nWF0wIxaH30
nWUsL2iVnqM
nWgxzssEp8E
nWqxvuVCNV0
nWxmjuYZGZA
nX6okyWeUVc
nXQ9bWrHjec
nXsZs7am1kA
nYkOnHA-kLQ
nYyCIlTsOus
nZ-7vquKhaw
nZ9mcpnoQNg
n_7jCXXAX4I
n_Z1LGox_sU
n_k1CiTyyvQ
naLNFM1q3IE
naLZ_vi7PV0
naLbWDKf_QU
naWPWzo7hhM
nah2TgHBA2Y
nbHlc2CxQRg
ncJX-Sdiw9c
ncjxeWWs7PY
nd9K8rH6Rn8
ndFIjC-gnU8
ndV6-30uJ68
ndpmbSE2yig
ndvrzR5rXuo
newA7Mgx3xU
nflHV8HkcDM
ngEIP8f3kb4
ngLMP-axCkY
ng_96c2ZMno
ngdtZSLeqgo
nhYg0axgDMY
ni6uu325Ckc
njHTP0Rlbx0
njncCVkCmdY
nkCN9O7DulU
nkhDwP2-5KY
nkyVyldNl7k
nlOFGBlGf8M
nlQHnpj2Dws
nlvU_BTJTxo
nmz3OHyXm1I
nn9_N7Ec6PU
nnl-7bZPZnM
noJDPDKFNUM
noxYacFpvUk
npGbGLxImP8
npq4DPjtROU
nqCNZJUWcqE
nqqn-QRRWCE
nqwbFQI04b4
nrRRBBAsocs
nsAOAQMcXJk
ntLEqvIDPDI
ntNGGEa46II
ntoaOjC2FLY
nu2Ov0PaN74
nu4HRcxsYyM
nu8p0y_ObBg
nuXk9mo5znw
nueus0JLiKs
nul97bjJ9K8
nuw5mR3xtqQ
nvkW1H_013o
nwKTvdj_aRs
nw_JOMi0C6w
nwwmLs1qpAo
nwzzwPo_GdU
nxXEitocvYk
nxkRmVC84oo
nxlabQcZ0rQ
nxtMmwH-47Y
nyAXnmPF2P0
nyMDL9gmWG0
nyONyhfy2fQ
nyhiXokMgwI
nzsaNfLyrQI
o-XpriZlp3E
o-agVQ6Dhrk
o-jf9H-HJR0
o0YtDS7sVzU
o0_ZEx3wkXs
o0rHN0Ucr-Y
o1bYKOHV21M
o1xp_SVENx0
o2763EzyCvU
o2G3p6XLpa4
o2KTTy3Ap50
o2Pxhny0sVk
o2VnJEEoOZ0
o3-88nbDr9A
o4S9kv6XIV4
o5-Wno66W-w
o5IaP3JyEhA
o5P0jhfw6Ho
o5Zhx-yFKss
o5a7jCHYYW0
o60kcXXx9RM
o6H-x04t6CE
o6WSgF-Qi9s
o6grDOfHv60
o70U6h8mTY0
o79Er5RjypI
o7EG8Yj6McY
o7ZeMeZoxgY
o88csAw_U1w
o8VuTEMGjp8
oB879oIQ72M
oB9sO4Q7Rh0
oBrLbpZVekU
oCTshieRLHA
oCUgOZ_en24
oCZooJlpShE
oCbNG6gTdkw
oCi6T4YGLjY
oCmi2j5m5-I
oCvmxs_GR_M
oDBrLa5BO1g
oDRDh3Esipo
oDqu4UPP7i8
oDvezRtBR48
oED8pLuZ91w
oEMIRyFDCh8
oEP5c1MANDM
oETD_di8CDg
oEqWs-gahr8
oEwYDLweJRc
oF3pOS3aG7k
oFpCw7Kn6YY
oGNLyUJceNc
oHb8mH26VCY
oIb5qGrAxD4
oIeGcOLbJ5I
oIeUStOkMvQ
oIhPZdBSlu0
oImoZvlgnpU
oJ8rwXOPG3Q
oJJTCtf00_w
oJK0gsD1hYo
oKfoFyVbvU0
oKrKZhQoBm0
oLAcYVv9s6M
oLBJoEvLdWI
oMo0X6Iz4IE
oN0odb7yqt4
oN2KyZFPjlw
oND5lgwlllA
oNHXNISUXHM
oNVRz04WpYM
oNVnm4dvEKE
oNXHuIPmPE4
oNhtt08YUAs
oOnNvGFDXHk
oOxP2bSKHvw
oOxPLHQ3nKU
oPAgSBcvy2c
oPG2I2zPecc
oPxrOBqV_88
oQhciQbLoMo
oQw5EzWXxTI
oQy_jz-y4ng
oRQfEoGWsHI
oRW1JN_czg4
oRbThFZpi5Q
oRtRVFSwHdU
oRwLMKNb5SY
oS8bzW3JDoE
oSTpfEfuV8E
oSdBLSFuVFw
oSyTBEeT-58
oTOwvGuiSFg
oTSgCsyC3Sc
oTe_WgmkWdc
oTkfQ6-nr-Q
oTyhTnQvaYM
oUGU6iftTtE
oUxoEIvOGkQ
oVHX5PQqkd8
oVKVYzLV3oY
oW3r1kjrPx4
oWpE2cW9KrY
oXRbS9QbTFs
oXfUydLFkCg
oXw7ywwZFjA
oY-jkpV65zA
oYVrFZq3Sy0
oYbB8EW2wKQ
oZ3DIJXKEUg
oZC13m95CxM
oZDkTeKKWyI
oZp02mCDkLo
o_5PoixWccA
o_8MIuOeHcw
o_Ju1g9Ept8
o_OJuBRZarc
o_Q8oeq1el8
oa-y0WKc8qg
oa-yXGMIUbo
oacBwJhAWT0
oaeUDpVUyb0
obOr5sVw4aU
obTFQX8af20
obnseBuu6lc
obveuKNS1Is
obxPL770GTc
ocBFsGKhPFI
ocilvikSXUA
oco0mQBoBdM
ocu01ZuxSqg
od1an08mluU
odsbtRwtQxg
oe20sPHcWps
oe9H01RYQQ8
oeZmbKgYuds
oeqWcVx3YYE
of8L_bDcfB0
ofntqFTOhgI
og-MejvyWLA
og590ayyd80
ogEKxPYsbBg
ogZDRUdHnpg
oh-47vHAS5E
oh2cof-V6M4
oirGxnXO4Eo
oj7H3ZfOvcE
okI1j0Rsg6U
ol0CsRini8Y
olD6LKAsYA0
olVZ0AZuEA0
olhSb1csZLg
om3LPzesn-w
on0Ay693BK8
oo9-kZw2pdo
ooG1U7cvNcQ
ooG7FnPfFxg
opSRf3h55iQ
opxL9JYrCyw
oq-bbZGxr68
orHEZzBl03w
orOm90oOXeI
orbt11ymiC8
orcaoPV8kT8
ore25a-Mn0g
osmdBVxXL78
ostdCDlxTvY
otTTL7QLsPg
otfBXu5iXdA
otrgFLgUQTQ
oumMdliULsw
ov-3KzNm0I8
ovF3rAjR1UQ
ovuoAnXmMRo
ovvXrPj9Ni8
owPsFiha1VQ
oxrrbGsJTZs
oy3KY20iVSU
oyHIShv9agk
oyJBlEHlGEA
oyJwQMJWxXE
oyUHKauP2bQ
ozqNVUBEnLU
p-6SafJ6r90
p-XXGYMc9ok
p02RDqAXbRc
p1PCJkIweUY
p27AYV5EaYo
p2eTccAOIrU
p4FIR-cRTt0
p4ia5bNsSCE
p4pBKh_I-O0
p5L6R8jJiik
p6sDUGtDUU0
p7VLrBBGszg
p7_7nK75wmY
p89naE8qj9o
p9bTXA7bfjw
p9s3fIg5HoY
pAfEXvruezg
pAhGvofAUGM
pBGE5C1JS94
pBdgwmJPuOg
pBn9sATHl_c
pC27wL2DLv4
pCn4_Mh24iw
pDCBUpdWWeA
pDOYcT5tlhY
pDauJHHS8H8
pDu9V-Fn3GE
pF4Ot_0wJa4
pFZrpQ4cYQs
pH2_COTeaI4
pH7tPm_xdww
pHVETNM1lqs
pHgHHvAgncI
pHtxolKW8JQ
pIKlyGpKSx8
pIaX3xi2fuU
pIksDVV-U1U
pJ0GuPSsfpE
pJH3kCoIdf4
pJn0kkTQ0EQ
pKiotFBo5fA
pL29E1NrmL4
pLl3Kwfub2w
pLvv_IUqQo4
pM5_Sh0zK-0
pMHrlDa3SQI
pMzgDCX5w8k
pN6pkCyE-W8
pP1ukN7Zd6o
pP3DiiPZ2mY
pPWgxIwfPwI
pQH-cvammiQ
pQI9m9BOf80
pRk-eNm52AQ
pRtR2t_Dgik
pSGQWeVnWdg
pSWJfn5TgvQ
pSr_V4KQGDE
pTHeGhbi1HU
pTRyoXbsSjo
pTlmiAg_kjA
pU-BK-Jt6ys
pU9-1Ut5vhI
pUVYZxDPBEc
pUkQW-Ees0g
pVPyXpMmAns
pVYaoryARuA
pW1Apdp5PlI
pXkZvY1YJME
pYiiyHE0jrU
pZix7uBPv9U
pZwW0CjwX-A
p__o7oFmRfQ
p_tQqop9M18
paQWfyAb-14
paW0Umvk8yE
padEvKfS4sw
pbZEOjRZF2Q
pbaftZ5_z30
pcbCw3CX_OM
pd94qV0G5V4
pdND5VrshwM
pdWoqfhlLLk
pePc4UMAe_4
peY1iU3tU9I
pf0BQfAMgrs
pfY4eqe6Hvw
pfrDS31j3n8
ph7o1oii8r8
phMEKOBkhcE
phV1YknAT-Y
phlUXGlfors
pi3fmkxk8XY
pi5AbIn0czQ
piB9ci6achU
piFa053sRRI
piX4z7uDhio
pjWN3h0w77U
pk7oNS9RXvw
pkPh3zRrTBY
pkWLderLZ2w
pkY5MqSeLdg
pkrwHuBSizg
pl639X4Eek4
pl7qE304Wwk
plbld9nr8-4
pliwLNX6BJM
pmNDugZ43yk
pmjzT_LU9tw
pnD7NAKOhG8
pnsIBNUISoc
pokmCyjJ808
ppI53ef_96g
ppVq2-U6z_I
ppdc5ysGr9w
pq90bCzymWg
prGNv1YZR-o
pro57u4mO5s
prr3GfQubyo
pscLkqtBtaA
ptG1eaYbSt0
ptcMlddy5w0
pud_7-9Gjt0
puvHbkTc8Mk
pvSMaYthghU
pvZXQQ8YNCY
pwMbgUDVJlQ
pwaInSlLfOQ
pwhHk4Yl6No
pwigJGln0Wc
pwrxn_SvM0Q
pxKvJcuLt5M
pxU--N9kW_I
py2tGDLngmk
py3BQrAjX7g
py8PLW5GfV4
py8qwPLHAZY
pyDUWWbGPOU
pymUjtIhXjE
pywPE4Ciaek
pzcIfLkXYcQ
pzhGwgvDjvA
q-Xj8r1smrQ
q-Z5e49DM38
q-ksjyFj_UU
q0Ucm4E4PTI
q0cJrDqSJnw
q0zuMpJ3pAs
q1CsB943FW4
q1Yrg4nzZCw
q1oy6J2m-Ho
q2RiL-CnuoQ
q2_Z67IzyTU
q4-qW3GMWHU
q4lWkuue2Ic
q4sRp0xPj54
q4waSP9nZK8
q55x0GYzI2Y
q58WtfG1YOk
q68i_NeD1xk
q6w98N6Sna0
q7aTAzBe014
q7rPTXvizQ8
q9lUW3Q0k0Q
qANsdtCvVvc
qAVocvWDkAA
qAWCX5lQksk
qA_mKg2YzAk
qA_rj8_8wN0
qAnSXmAMKbY
qB5clOz1ZEM
qBFYCqXL58U
qBH3boqHywA
qBkHOVglEOc
qC37ZQqFNMA
qCbajdy8mWs
qCf2cGpLhUk
qCfh5cq_k-8
qDeIa1H6kh8
qE4zqnvevJI
qEBuHo_6XA0
qFlaUlxaclU
qFqjSr0gyoQ
qFtNbSkpywk
qFyYI891Kl8
qIm2hfGwWCE
qK-LtkTUSzs
qKN4opaHKoM
qLkm6iqSuR0
qMCdvn1Kgtg
qMIB9tTXsMg
qMTvZ0q2ZGc
qMUjELm5zSE
qMgaTo1Kv2w
qOwbBIChxCo
qPpRthbrTrQ
qPzIeIS3pos
qQFagwuK60E
qQO6mSgHGc8
qQxDXFroz3o
qRm8Pr5Jk8Q
qS_EnJWill4
qSq77Guanr0
qT-xTDXtta8
qTMY1oDgLWw
qUE0H9UPfLk
qULcSmn8ZDw
qUX7SvQeXR4
qUhSpahJSIY
qVJFsOOyZ0A
qVMwH-YmpYQ
qWGFtRn3JOo
qWTrKetxpVQ
qX0g9LBBIco
qXrJ6oVZRzM
qYMn-2LtxL0
qYTgnLv1Yms
qYoalzTZCcI
qZF5mLtAbVE
qZNwQ56wpKA
qZxDgm_LtnE
q_L9VpmT6Qg
q_tSrF_1gBI
qa6Xzr32e8o
qaV69VITLTM
qaY_qWU-7HI
qagEmVx4-dY
qbvU5q0p1Pg
qcC4uu8RmfI
qcHRigGtVzw
qccDbwDSNS4
qdQICFWXsbU
qdagZJ9Ut_Q
qeHqz_OLSnI
qehZrDMR8mk
qeoLprWnc8A
qg1-CUMc67U
qgB_qDXmW1M
qgW25x6fcRY
qgblVDOQ7bQ
qgcFpDcr-uY
qgxsthVmMl4
qh1SHtqE1u8
qhU6jJb5JWY
qh_PP2XDzlA
qhtnVGvPApU
qi6E1LaQWws
qiB9kXoE7j4
qiPIVpCIheM
qifwd573ChA
qiouXEOEyY0
qjCcxiPD_Tc
qjMioXXIDCA
qjtoBdBbgLk
ql7UGYWYiSI
qlFzC39Fydo
qmCxT_1vCT8
qmhiNQuy3GI
qmp68S_qRDg
qn258wyKNtA
qo-eDhprc_I
qoXjw3vKutQ
qpX6NAGogP0
qpnOVXgjbRU
qq5gkby1lco
qqZ6hks36sk
qrByUblbLxU
qrDiaIf0tUU
qrXH767utlE
qr_abJ5bQxA
qrfVNwXgkJw
qs7f9DCKGEg
qsnDfW6VrQU
qsshwMJhJfA
qtBYhvVgqg4
qtU_25hP9vU
qtbkmnKPhOs
qtvgPbHJMVw
qu1q_VDblXc
quELTsoFo2w
quQJRIVANoo
quRYRMNRR9I
quc8zJAyj48
queb05lUgPc
quffb2P8Gt8
qvaiFC9CECc
qw9lcI4G9ZM
qwA1ejKV4-w
qwRZ5c2ASSk
qwfBTzzGu1E
qwzG40ccQvg
qx2LvQcvwHc
qx9M1rGw9UQ
qxXm2IulSF4
qxjlNatw5Jw
qxySyAHeoyI
qy8vHuSFWhk
qyh7stcg_qE
qzAzLHOkGzc
qzUbq9_I16Q
qzVzaxHf53c
qzoSk4UvZq0
r-VfQxrytBQ
r-i1S-V1D0A
r0WI0yZUwGA
r15wxPhlAp0
r1Nusr0XEZ8
r1pAVVFvdRg
r2D1fmMWcE0
r2Y_IY0YrIU
r2avM-gjJnw
r3GjjnwC46E
r3LZU0Dx4AU
r3jt_ygZsAI
r4k5Elz_jEs
r4vJL8MvAco
r4veqp1F3fU
r4zgkzf9Qo0
r5Baps95nYo
r5Bk98J_mO0
r5Ru9-phDdY
r5bz8y3pMcQ
r6v82D_4MGQ
r7FXhtxb2qA
r8rDd_xY138
r8yVBhPIi_4
r9A-Y2r0Tuw
r9T_m_coxsg
rB-Y8n9_geo
rB22U7N8olo
rBjNRYyY988
rCO5m0R_3b0
rCYS9yQOaNk
rD2EVzzpgd4
rDWALO7YqLc
rDszqtx6yW4
rE3jpq_MhHk
rF-tdQUGSXY
rFFgwKgNf-0
rFUagnBMBsA
rG2gnadl-jQ
rG9Nrq2x_yA
rGrSqntuCjM
rGz49ETj-rs
rHbcNRtVNcE
rI3Yzne0ck8
rIW9LdJ3eg4
rIYeTjABTew
rIiwSBpWomY
rIspgYwFoMY
rJmldES8iO4
rJvGhslBehk
rK631054MZI
rKCXH-AdpI8
rK_5kVjw-vI
rKyc0Nl46As
rLnlPiUHhBs
rLqpPb12izI
rLtdQZAe7MY
rMgezC5DlOA
rPYRWK1EN6o
rPdTf2pb7q0
rPiij0QNvuw
rQ0HxlKewNo
rQ49_LCh4pU
rQdxBIClgqc
rRtHMmapa7w
rSBfa-NorsU
rSU8BKwuZJA
rSlt5Fa14ik
rTGFladcH4c
rTHtvNrvBl0
rTUl3MKxCRs
rU09RqiVte4
rU0S-f3gYXs
rUAA-Lin584
rULhgKgwlgA
rUw3EYSZrws
rVD56ASxzHs
rVE-fcwY2B4
rVjIT9Mtk8Q
rVtNFvWsHsA
rWVEDziV_9g
rXqVkJwUKuc
rY2d9q2OMjo
rYoZ9L5I6-c
rYpDV-Ml2DU
rYxrtQInHYo
rZweLRCSoiU
r_SkQ8Otv8I
r_fUjBUk99o
ra-tM6wH1A8
raea_EvP968
rafdIeBJX7I
raqJY5ymH7Q
rb0EH8LfOXw
rbNFJooZaSk
rcWO07rHefE
rdGuzi2HC6k
rdLIG9-ygD4
rem-dPGx6VA
rf67tMt2xSE
rf7VPKBvm9o
rfQXVkNY1qs
rfUf0iYbgrw
rgbjgQBvGQM
rgnidtvL8jU
rh4Ua5hYVOc
rhR6XON_Fq4
rhpLu4heKB0
rhwubPooKhs
ri9EBGfCLgU
riKAFccqUeY
rieH-Uzs1fM
ris6nWCJvhQ
rjKj71Mv4s0
rjkx8HIzkkQ
rkRDyQ3Dxos
rkYFCKp_HvU
rkyJEZ0ASMU
rlHCr13BjqQ
rlIr07DJibQ
rlRdNkbgxiE
rlgZ8_syN5E
rm9RPyXBQyA
rmFdYQITiAQ
rmREAx6UMN8
rmVAAeJlqPQ
rmieIIAgev8
rmkYiogHv0A
rmoqB7Cdows
rnQZsdt_dQY
rnhv8ac3Jw4
rntzocbnXEA
rnyzkvv0Oyo
roME3_7wtG4
roZhCr0uJg0
rpGdvo9x6Zo
rpW17XMKcoo
rpWCtPaRWYg
rqxfDFigMm0
rrVqoTA-oBE
rryPx24KUXo
rsRHbZ4Q8iA
rsXucfedOc4
rt5u8CJUkbA
rtLmQfBrtxA
rtS7iP05IBI
ruX5_IJJKj4
rvKrtEcEnok
rvSYhV-I9ik
rvxWNdQ-Jdk
rw_58h0srbA
rwzvrC8FW1g
rxYFh6lCPao
ryNpfIP9Zek
rzWHbf2l_ik
s-A6xmnkQz4
s-IEb-6OfEQ
s-ml8aq1iAQ
s-tq9fN3Au8
s0-pn6ftN2c
s0F07FY8GwI
s0RF09e2xy4
s0UygKTA3Ww
s0x5qDqpFPg
s11x2c6l1tM
s1KEFFtp-Cg
s1xGhEnj6LA
s2dM5NgsdK0
s2qSiWQG-lI
s3-8GGoQhuo
s30nvR3VPzw
s4ReXypTWiI
s5ZY1eepkYU
s5oI0UmJTAc
s5yyKTVDISE
s6An_bn-kN4
s6OuBdLFA8Q
s6ZHvVEbIZI
s6wq6Mf55Wk
s7ERlnB4poo
s7KpjE0lO0g
s7L7w-Y24EY
s7UwswtlSWk
s7jHcoNoNzY
s7tXk9Z44ao
s7tvw_9ssnE
s8Fl73hAG_Y
s8QdGcBaFJk
s8lf6xXjyU0
s967aXj3ZEM
s9XM3iv13Ow
s9si27nG6vw
sALa6VEjCto
sAhbv-G_rQg
sAvn36iUaOM
sB74jDyUmik
sBHOknDIoWc
sBYod6DXzHg
sBaUgrQYxQI
sBdHJEabLSM
sBm0jFSCl40
sBwUJVUNbEE
sByn1Eq8nyU
sCF0NUMHqEs
sCI2DIHMfqA
sCO39lOjMqQ
sCTSuT2xZOg
sCZH3TmuUlE
sCsbgTq1Kgo
sDDG2IfEbzs
sDZmduTNGbU
sDda3ZPp1MI
sDrBHqkzRZw
sER3V69yhUA
sEWpvXgO6bY
sEcelHZ3URs
sEe2PwcWldE
sFUKsDH3zp0
sFdBlpdYTd4
sFdj6cgccZ4
sGd9mFL1zec
sHQqA-vJk_g
sI9Ya8zWlBI
sJQpMSKavPU
sJX0imLSVmU
sKwceqLd_H4
sL-8IgCf_6M
sLVDeNVXOUk
sMRwm8mhHCQ
sM_453OWH9I
sM_IrLaba0Y
sN-Ao9SR7oM
sNXtsqvWEwU
sOC1LT1kpWc
sOccSxHX9mE
sOey3w-hPJ8
sOsemyyAg7U
sOuuMk98H1k
sP-05TjdTLI
sP47qHC_5mI
sP852Uj3u80
sPgkG1DpYDA
sPhKYOdT4Qg
sQ-iXp6s1mI
sQ6NhYGG25c
sQIoNHAbw9Y
sR7cTaaSxgM
sR9NdWv5Vsk
sRV7Nu5tp-0
sRmGODTnzFk
sSAUU-OVkyk
sSXOAZAKt0E
sTFDhFsr6EE
sToT8QhIxqw
sUXVl0NZLlM
sUrGRkGEMHs
sUv9sa7gN70
sV7Ir06yqgQ
sVABol4KbU8
sVCOl3dZxV8
sVHu-Gtq1zs
sWA0gALQick
sWV9hzwBohY
sWq7ZLUMSUY
sXMCfe7WlLI
sYUeO7ao_GY
sYYkhIlUwro
sYiVYfHfmO8
sYjwywB_rGg
sZPGBmeH1UU
s_-xE4mfkjk
s_dlV0NJozI
s_eJgKzyOmA
saJ0ypdeWRs
saPsoRAlIEw
saabQSLnZLM
sb04MdFsDOI
sbHRVcg7iVg
sbUrz-OII_A
sbofPqe5rWw
sbsssbWN-P8
scRYqLfDHMc
scdRVD4THts
scgApFuS2RU
sd3QfA4p09E
sd6Y_urb2fM
seUZTMiv48o
sef6iOZyuGk
sfSCi0NJJjQ
sfgCOs-wWy0
sfzB11ls-K4
sg6_2CyRjP8
sgHu5zzP2cQ
sgsQRSMUyd4
sh4hmSZPeCM
shZpSSiBdnI
shid15fNA64
shjAoKpAtLI
sjNBG-lfWb4
sjysRa3BFxU
skma6XQe3gk
skzWIaE74Hc
sl-ZEXzqvVs
sl6yRIyp_8c
smYk3P_36Ck
smajkKt8Brs
soDTZGGs2eQ
sp8ziCxqGgo
spUzCWR8OBg
spcsIPtyyg8
spjhoWrfziY
sqI35TZiTfo
sqU_MkcCcFw
sryx0VSH_rA
ssJosYf_boo
sse6eZQfArM
st87bpht6qk
stOKRHWPyN4
st_HernnICk
su2UQGrP8cE
surVf4drcCY
sus8fQ2m94Y
svLUHcZAC08
svZWaFTxc8Y
sv_kHqihC78
svcV4D43Hkc
svn8Awafs1g
swSBIkGlWhg
swkK3fJcCoQ
swoespEKp0k
swrbz3uTy6Q
sxHoL4CcNpc
sx_mzwWgjik
sxtLflCmoB4
szR6EsBuolU
t-4nMwhO_pU
t-G9auePA7g
t-WfI2-3cFY
t-nQ8rSqc68
t0Uw96sBUQc
t0fqNFKyYK4
t0mg_5PNMJs
t2ahdcYy5Lk
t3Sjs_D-Q9I
t46yNh5A450
t4ChR9hjFjE
t4lJpOBLFvo
t4otDmpjhwc
t5WwolY3SjM
t5YilZHZMJc
t6LsnWcp8nw
t74qDiQq-Xg
t7AfAVXTYW8
t7YVqodfG_M
t8XOV1Z-6BM
t909W6cEPSU
t97zxVMORRI
t9yvcNglwgA
tAFi_Gqpw8k
tANC4tVDKFM
tARxzPo0XaM
tAhrVfJz7TU
tAmY1iiIvSs
tAun47erKDg
tAxNlBNPwaw
tCBLokE32jA
tCKRDlLj8Ms
tCWODdW8vyg
tCgJm7bPufM
tCh4KE7wvyo
tE1eS-KlARQ
tE7Ohbf1hIs
tE9ehtCtBSI
tEF_djIqqd0
tENN5uM02xw
tEUXVp3SnVY
tEbaOGbOI-A
tEhyVIs0SJA
tEyj6cjb2T0
tF9PVuJr8MQ
tFBBWfYPfzU
tFFcSO7verw
tFlB8BvnCoU
tG47hF03Wos
tGJQiBRzMy0
tH7x2cqh9Uo
tHUReuBVxpM
tI8aBEk870M
tIx9F1Rp1LM
tJFRhiKVdnA
tKUjEENd5dM
tKvoMc7lN-g
tKx5ZiKKuGo
tLIkYweoNw0
tLKJqm5QsSM
tM2zU2Q12fc
tMwRQP7ytSs
tO9PActaR5Q
tP2vJPuy9BA
tPab9e4sjGA
tQFSITsSKD4
tRe56YrQxAI
tRyWubrnd0U
tSeWfrR1ee8
tTIygiyu-FM
tTK15cjnb-U
tUFZDN54xIw
tVessvJpbyc
tVgaEQ4wDMI
tVollgBRv5w
tVv7sefKDPk
tWAzg7_4ChE
tWBv7b2b6Vg
tWkCi3aJj7s
tX0_3qwjt00
tXALyQy4ZME
tXFOLI6CAGs
tY-CZWb9U9M
tYYhR7ef6gc
tZiS5ohnJkU
tZs3Bk3Os94
tZsVxezxAnk
t_teddOMELA
t_vhB9GzQvQ
ta-xFz4ok9w
ta1YaOi0U1s
ta2yvZGl9Sw
tb0QmznnukM
tbFfK1LFyng
tbYlRZ2kiyU
tcBirjkD1Xc
tcavjtpJQhE
tck79j0Cw8g
tckiEKMzsvQ
td9qQJP1rzA
td9x_5KK4Qc
tdpj6C0538U
teH6EIYOUPM
teTKneHPX7k
teYkCI53Pwo
teYs9-pqrkM
telbGfSXccM
texqY9LTKNQ
tfFpIgVZ9dM
thK5yep5GV8
thT6SPjsJPo
thdPx8n9M-A
thgrp51XtRE
thuyxY-yr4s
tifbBQ858gg
tj57EbWnaW0
tjOQkxO0L6M
tjmYFH7eRN8
tklT6kxInmo
tkpqbyeuTu4
tl8pg14_Tx8
tlQBP_JHSXM
tlSSmb1ODHY
tlTYgKQQWfE
tlzadyvLGEo
tmMFtQ8hdOY
tmNmJhrJC94
tmpcDCwziFQ
tnEhezyqkzM
tn_rGP2ox0I
tnxAAXYdLKA
toyMm-72P6U
tp1YPTzjlN0
tpJAKZLAGcI
tpi9NP9VN90
tqJqy57PShY
tqOxPRjmGj8
tqUc8UowVws
tqfThLqTppg
tqy9ZgSOasE
tr3QWLthgBA
trBrHxqVg-Y
tr_X-l1YqOQ
trqU1V8dSRE
tscZMSy55CQ
tt9A59vSdzM
ttgWSVHmvXw
tuBWUY-r8m0
tv5hans66Oc
tvYZfHC21ok
tw29WiwAVxI
tw5a8lfcs7I
twPjPT5JtkY
twXh3l46y7Q
twvqKu9_x78
txJrgnPSWck
txmhB0aS_78
tyhqfkNz3iI
tzVEezV7T4o
tzihgkwUi90
u-7pe1cgSj0
u-Kx46SKhoQ
u-LIIYIu63E
u-Z_e_cUQcw
u0N3j-qRXQk
u1-GydO9pEU
u117DdTZMAE
u1spjx1b6bw
u1tB_y_9qxE
u24XAyDyJWM
u265jh2sQZI
u27JLOJEv74
u2A934Mt6Uw
u2fsf4kjBvw
u2mTCMHumOk
u2vIRFzF49Q
u3Vyo4bVN0s
u3gmPI92rW4
u4WmJGRrWRg
u4awcJofG7Y
u4crkzCqpKM
u4yDDox_oaY
u56pqzgZanM
u5gheejlEHI
u5wefU-ZwGg
u7OfheyrQ1E
u7a2qbvUq8E
u8R98FlRYps
u8wjFWDadDU
u9CH6rU9sYo
u9PqTtm81g4
u9Y0ihNXzKU
u9jLLP174NY
u9xJc_dm5hs
uAF8B1NQj1U
uAO9-bCDrvU
uAQmpX8bITM
uAiTQR4k0E0
uAl-Xfgcn7s
uC2t0rzWgiU
uCpp4csfqQU
uCufDxs0oY8
uD0dYnwk1aI
uDsVaQMTFPA
uDxa-c269DM
uEQMUNY7cvc
uElasdDv1kc
uF6q8JUbO68
uFqRwONBCXY
uGr_PRYZnX4
uHiuoX6pYeY
uIAFUQgi-O0
uIDGczTc4fs
uILtBV-J3Xs
uIfn_mP2wOA
uJ4oUIssTjQ
uKVGFNk1iKA
uKd0T_NZxyc
uLTRDj-_I_o
uLV-Zx-kHgY
uLXXKgZEy1U
uLyhYZDHerc
uNBOWZVfYmI
uNOCjNhFn74
uNf60ogOtOk
uOUR21IgyKs
uOWySxrXx9Y
uP11JhYZpMw
uPsKFXQh0OU
uPwucY7Nu-w
uQ8NxO0TD5A
uQJ84nyGYUQ
uQY2smF1fJg
uQeWwDCLv6s
uQxX_OoLS2M
uS7TVZ5EKXg
uSJHT8GRDHQ
uSZoKcyThZs
uSjmwxExTL8
uTD_SyBlpQQ
uUCcad4esGA
uUHLU0ANe8k
uUak0Nv1sxo
uVT1t8HMG7U
uVp3rVxJlvc
uVzqQiAPwPc
uW6Y2EUHwUI
uWEVdFpuQlY
uWOg1qRt5v0
uWQ4LFZlymQ
uXBTnzMNxO0
uXW27ql6Sks
uXrdmW_wJTk
uYBRW-f7gcw
uYu63rOq9nY
uZ-kghcxbxY
uZQ1hZH69n0
ua8YuJFH1OM
uarFQ0dwEC0
ubGhyuWg6xs
uc3immKu61g
ucZs-9sLyTM
ucbctjURv9I
ucp6_kcgDNA
udT2kHz2Ml8
udcP2mGCStA
udgWZUtOMBg
ueptguHC9Ig
uf-BcZ9NKjo
ufBXeUvuunQ
ufXiMYQnduI
ufhebGbnUCk
uflGVC9Nj_E
ufxLrZETHrM
uhRf53EADIM
ui67WTOJnJw
ui90KWEiwCg
uiVXcoLWk5o
uiiBwsbBvRE
uj-1Q5BP4lA
ujWS-8eIQXc
ujWt2xW0jIU
ujjydaYfuwc
ukM10j1AZaQ
ulNOnFM3ZRg
ulaoHEULOYI
uld6GGTqZtA
ulhSwHhMT18
uluhVu6bEwM
umH919Lfass
umKJUUcwoe0
unfsFT-Azhg
unsV2zZhE9A
uoOidoguo5g
upDZ4-MzGAc
upapZc7vaDs
uprWugLXOUE
uqC8PY97k_c
ur1YhHCmwRs
urBJfRvIgB4
urar2sGdcNU
ursDn3mrSQU
urwcZ-bYXzM
us0MeIzVdj8
usI66QqaUqE
utdoFafTx2U
utocdGjPZE0
uuPmjF_w1Lw
uunMl1EOIUE
uuqOgfs0h7U
uv3TfQiSyuY
uv7gnM_qjRU
uva0aLVkSoA
uvaULKLe6ic
uvyg8w3MKOo
uwHBGDuJeCM
uwJvXqhgm1g
uwMSFqsfiuA
uxK6FHNBNKM
uxMX_GntFfQ
uxyFejkNHQk
uy8IfNQy5D8
uyQgoUG5--U
uyVNQB4nWeU
uydZogtEo7E
uzWIVN0dVls
uzX8fJS1EcI
uzZywfGT-G0
uzdtghMqJnM
uzhg-5razKs
uzjgMM-bOz0
v0VNMYIEIp0
v1gephvJBsk
v2TyVFKHIUk
v2VsqRgdmCg
v2ddnUAvwZc
v2pidzS2jX0
v383ZrgBMYg
v3g8FNykXas
v3tYB5vI2vA
v3vMWuuMjvE
v42tQazbTbg
v4JfzRq2bdo
v5LmNsBdy3A
v5a8XI7fQew
v5uaQib_i1s
v6ddSOSoqTs
v6hiz1Po6QQ
v6x36CuTMvc
v6zuAm5BVu4
v7upUYw1QUw
v8HtyQKihSY
v8ZgA2To5NI
v8mdJQcRvj8
v975RVhhihc
v9hTWNr__kI
v9rCsyNj6M8
vA1QMyVsiRY
vBbhjnu33Dc
vBcQsguadtE
vBflMjhqw_s
vBiC_sb4aRQ
vC2M2E-n30w
vCIQ_lUZUyk
vCW2zh_9bVU
vCr_bnTenUU
vDMWuIa_gR4
vEy4clv37u4
vF5JYmMywhE
vFOV0csY36w
vF_l0mrChU0
vFijYqHwvMM
vGMY16il78k
vGUG-nxTkLM
vGnX9ky1X6M
vGoAONoNsjU
vH4UFi-pPFo
vHB4yfzDOGg
vHRL-BVeO3s
vI4wyAzFHgI
vIRnnrGlNKc
vIfqDXJ-oZA
vJLf7EFPeOA
vKKVhImoNvo
vLcev7oBojM
vNljvFY6PXs
vObsAIZZvek
vOpCP1gG-qU
vPDdHx-lfJs
vPOFZ_--Wm4
vQTMPErfydo
vQhtUGEvRRk
vRYmxPGOPFg
vRZXk-b5BiE
vRz1dnEC6hc
vSZOrpGfSjg
vSuBdWuocwA
vSwoTHlHFaU
vTEQu8xmsKM
vTOTlybU-Kg
vTWqFb-W3L4
vUKuZl2q_yU
vURmvvFcih8
vV8WR7t37GY
vX_COcey3xk
vXquxfOCJkk
vY_K6q5ANhU
vYbQQBZGn5I
vYixBMV9Lys
vYkV9qaZ530
vYyu9Rw8g3k
vZ1WjROXtJg
vZ1pkIWTqC8
v_Bghyb-R7A
v_XoI8HWynU
v_bMgGGwauU
vaMXsIKi5Sc
vcgyWj7hEuo
vd17hdM1grA
vdJC_lVPDlI
vdQ7lUVyvqo
vdUtvAalEMI
vdVStDjsMgw
vdmFNE0Bw2s
verl85yzIwQ
vf3sPCNcx2U
vfBzPecifdM
vfHtRINaaEI
vfNR_cmH7II
vfZW8zPar-I
vfqSx87DgjM
vfsmgU9GIEo
vg4zbP41voQ
vg8uE1qSg0E
vgKXXgyCMR4
vhNYcQ6rxN0
vhYwPZXSibk
vhfwWf6pWv0
vhwcxsfBqkM
vjDK4thsXFo
vjQnw74EOPs
vk8jEj6Amd4
vk9AYsKGxAU
vkfl6g_Sn_s
vlIsdS4D7OI
vlXSwMw0SlI
vld0UJEc9WY
vlhXRaHahRE
vlse_Def150
vm7W0Nf_buc
vn9w04jJNnM
vnYXE6zyd1o
vnwR4Ynrie8
voa14LVUe4I
vopFibP8Rzg
voqid0P4sHE
vorkxZnSbk8
vp0S0uC21Os
vphdGo7rYMc
vq52yde2HtI
vqIwIuuJiC4
vqKs23qMAqQ
vqzum1r0YQY
vsdVKdRcimk
vt4ynQ9n5Dk
vtLNr68GwyU
vtNSqmzJeJg
vtPGKUxpn_I
vtPTUgJ-FqE
vtuJlTzS3W8
vuLdx-80ICQ
vuM50X8vnJ8
vv2bUjRE2nw
vvG9JKZ5LcI
vvntghifn_s
vwLkaNDAb48
vxTrjuPgMP4
vxjcuJhhhrY
vyewE1DTfYI
vzCcHVGw8dU
vzTocOrMGFM
vzi4IldTMKg
w1Itdc3nub8
w1hU2lwKYrs
w1rP4bNe7nI
w1sgKSwY7wI
w1swQy_R24w
w1tePXfJF-A
w2MTy4RZkh4
w2SvobVNDIs
w2dwuFbaQtg
w2ilEVQW6eQ
w2mqamtE1ns
w3gqxqhXEXE
w3rc18znPWU
w4_BVyYVZwc
w4zFh05S1FE
w5GV8xHOuoA
w5oKspvZoPQ
w5qR1qxElrc
w5ve5jr9MWg
w7K09m8LMO8
w7WESIJKKGU
w7wX2OiHn2o
w87TwlnNEZI
w8WlGyLAxpw
w8fB7KLxiDs
w8j9FzPwoTM
wA6a1FyknuE
wAlButPQZO8
wAu3s18gQfs
wB-qmY3TOTE
wBSVzHxeEs0
wBWVeaMpMtc
wBntmTcdDnE
wCDYhDLpgK8
wCLFWwmS0JM
wClhC20kctI
wDJiDWnXU8Q
wDc2CBL0qJU
wDqL9Uh0L-I
wEKceXt1KbI
wEmXHGMc53E
wEsE2O2uteU
wG5PZNXGGcc
wGKjyrKYvuU
wGRRBOKnEZY
wHQcBY_udpU
wHTYz7UUlVk
wHY-W1rwIWE
wHY4l8nwxss
wHjNSFobvaI
wI4bs9-PDSM
wI7kG61aazY
wIhCX4jteaw
wIl1Zps3-Dg
wIxgmbj7a7I
wJGl-aBiebo
wJMQ4YUsqZI
wJUomGC_So4
wJl-tQvnSio
wJzg8NBxDsc
wKBLnO6sTsQ
wK_VGKeRu10
wKdy4Kc75TM
wKh01UUKkKo
wLRyLTrV1h8
wLbxtGG-cDM
wLt55G768_0
wNBQVxQND4A
wOivNGxejHg
wPW0oc9BsMc
wPkh6gN8o7U
wQ7jV6A7q2k
wQNUQkD5vf0
wQOtoVzOyQY
wQpUbWOpKWE
wR2_g6T5l9o
wR3cmeEm0wI
wRGH4628zKo
wRRDaTRVd7g
wReK0MA-dVM
wRpACn4cYLA
wSItIi45l-s
wTOOkvcGOsM
wTRFueUqx-M
wTeXBezyRfU
wTjv68NptHU
wUeOG17ToqU
wVM2cXXWZCQ
wWPKqv1iSu4
wWeE-cvhOVM
wX23u-XDqbM
wXUwKurNIYc
wY3G0yYUf80
wYGrmvHUT6k
wYV0pFUs_8o
wYbF6tQJp-k
w_4RU-jE6xU
w_82QS_FmEs
w_hwg0LOaT0
w_jgRsESwwc
wa936EWidf8
waj_ir-4izU
wcGSVH7tOvE
wcL_hy4lHkY
wd0UFQ9L97Q
wd4bY3z1u7k
wdOAKAdlB2w
wdQmn9zP0aQ
we6I794RtLU
we8uYvx7BOc
weDDZ-l6-qs
wew6I1X-IUY
wfS0yV2T3iQ
wfXiUOQyRuU
wf_FI_gPx14
wfp93hBnEQc
wgEqw8Frv1s
wghXQzjzuW4
wgkD-1zG87Y
whM2t1U-_10
whapmAo5tAg
wigyI1X6IZ4
wilSff7Wns8
wj0Oa0VD-Ck
wj9WZ1CNwvk
wjIq2uA4agQ
wj_rCcmNAgk
wjfd1v1rfts
wjuimnuHKeE
wkM8UWeh9I8
wlKOybgEIOk
wlPOo8TI1uc
wlrBHk5XmkY
wmc22IwvWHU
wnc3Z_mW1-c
wok3Sr6kPbo
wp1J0sufqSI
wpZNqV3F7FU
wpvzPtPL3X4
wqNJO-aS-J4
wqNhPTGqN6k
wqe6X23qoTs
wqeS8f-vhmQ
wql23Yb1XEM
wqlznz6A9NU
wqwS0uFpJ54
wr6o4PBKBpk
wrCAvuA11Bs
wrer5_avkSQ
wsiNxXcF7_4
wsx1bR8Ogvg
wt966nTymig
wtYaY-MKH78
wtuMGYyrfBc
wu16bqGl_9Q
wui7XsGWuDs
wvWB6vOIKN4
wwI714shzpU
wwPtTTuxk1s
wyPJ_vwqxB0
wzJsFJVulRE
wzM3yRG1tXA
wzcYsYqhosY
x-H5w8glizc
x-_DI6wgZik
x09VIUhuBGY
x0TJauhBMM8
x0aRxjuN3qs
x0nAITjuKN0
x21WfoY8Ay0
x3k8HLjeCXg
x41W3zsft6g
x42l-BcoeBM
x4AdK0RGcnU
x4ZHyIkTPfI
x54ie43erT0
x5LkhJOULSs
x5krqJykli0
x5lrCB-cETM
x6AH40bVcZk
x6D3zovuyJE
x6GRo07lw18
x6dEvjKIJY8
x6eijLu2ykY
x6j8HspV-Ck
x7eshFSM0JI
x8KTxQVypw0
x8kWFBIPUBk
x8l2AnfIT-c
x8wjaCeP0pg
x9D0nHglm78
x9vPQLNvv8A
xA6-IaeBUns
xB0tTMaTvxg
xBmnh0NL8oo
xBq0Lu60PZ8
xCMy6rwYuR0
xCOImpOHXi4
xClCjjJ0JJ8
xCnH4JmDKb0
xDdMZmNVOxw
xDz4tYItyZ0
xE5dpJABc_c
xEbgcEKGVVw
xFWo-1vZhpE
xFZh2b5E5Y4
xG0e_bXkTu8
xGh2RL52NGk
xHkjFsy6vhs
xILXVHKt-sc
xI_rGwqQjCE
xJ2Ri617Tfo
xJQHaAuXocg
xJwmlhNtxQQ
xKBej6DtyOo
xKWmBzpMLKk
xLT96VDp5EQ
xLrpSCcKxOs
xMD9QhfqBlQ
xMHEW1N1jXw
xMJnhAnZP4s
xN2DJPeowpI
xNRn3bXRh6E
xNWFvAnVDeQ
xNq6n6onauA
xNroMUqcmbc
xOeI5XQWwj8
xOx09TUeAd4
xPq5oNCQzxI
xQF-c7Zzqeg
xQlJx2dNw8o
xRDHqh20aCg
xSD84eV6dJY
xSLcmhsoPRA
xTOm_aewelg
xW4-MewYWWA
xX-EALAo14o
xXL6_pqbS-c
xXLhPJ3Y6AY
xXiIrEbfzeY
xXm1FksBOOA
xY22oLVrkfQ
xYhynf6iklQ
xZ5V5zNJl4U
xZR21sy5ATI
xZbeLKYsRM0
x_u4OarDqQM
xaVMQBC0Pjk
xaXz5X9CEPo
xait7XkZ5p8
xarjoxHnvgw
xawT4YGDd08
xb-UJkkUZVE
xbChGxOJOEI
xbL4Zy6-UXs
xbPKIpXt-uM
xbk5N3KI6jI
xcIiW8JuiqQ
xcfAGsHdVGU
xclIRU93s08
xcvDTBUbS8M
xdCP7m_TmhU
xdPcaTFPOfw
xdVXikucUr0
xdpC6FQVwpY
xeltI5pt3fs
xer_kosc2os
xetaoP_sX_Y
xewU6-ULw5M
xf4bVtFsiUI
xfKzJewSOSw
xfc4S77VfrA
xfeRGHDsGMY
xg2zUKeg3XE
xgAB9cmUysA
xgEHTCY9HCw
xgNEdzDaZqY
xgpzW2Hgbn8
xhBrEtAX4U4
xiQmHK3tyHA
xiU2AucfSTM
xiUnwY7V-eE
xitZxhQugqU
xjYf8qWTriM
xjnpfuhYhls
xkOZBrTvLGI
xkRKx1hcASw
xkj1Fqs_zso
xkkJvky-miE
xl1hT7H7yqk
xl5m1i3FZIg
xlSR01GkPCk
xlYKiqpxsLc
xlj2Qr4csXs
xmBpbbgQ_AA
xmFnl-8hrFU
xmNagKay1lQ
xoe7u-_qPOM
xpuk9dQTK-g
xq8E9ec__tE
xqQSPTKW1Pk
xqTSiugkuFI
xqcYCIBJkbY
xrC80N0gmsI
xrZES0bK7rs
xtT9BW1Kwf0
xtnOAazwDYA
xtvSby90CRk
xuT3cbMgeus
xuWLzmmWsjE
xuXt8Odjsac
xueuNnrItvE
xuhbI0t3A1c
xvFT6NqJV6A
xviglLJAZkE
xvuL9YFP4XE
xwEZQMPF7dY
xwUDmaYE11s
xwq3BEYQ_EI
xxGeUo9b_Rw
xxIntSPJX34
xy2TzGlzpn4
xyLfH8DOJc0
xyZkZKoNB2o
xzCMglvzPIA
xzIT9eo3Gik
xzJDEkx1tz4
xzhCL5yrvlE
xzpgm12637g
xzzBBOA2MLw
y-6PZsH0aZQ
y-nj1Xv0iXw
y05jlECJ8Yk
y08VRX029zA
y1ErPf2ix7Q
y1ITWSKOaew
y1Jq-0dF58k
y1OzNgsLLBs
y1UInYNhwfw
y2-7adrfOd0
y2Ht7588Ueg
y2rO1XsH93c
y3Oo16cQtA0
y3TT2tS8IdM
y3bmXLBg8sQ
y3dW_ZzhhUM
y3f108VBqTw
y3n8bJ4XhK8
y3sqf5VrrBI
y3ur3Dsj_30
y4lMBa_8iSk
y5kxVIu5uwM
y5qNNqcIsUs
y5woXOk2LHI
y6Fl_FdspN4
y6t0OJU2p40
y7IrtWFxM7A
y7R4qmsBKjQ
y7lmIBaeuS8
y7t-UizK6do
y7vlnRKi9kM
y7xWjGWHvQo
y81-FMiR2OQ
y8GSnZaKX90
y8U8mQ6YZgw
y8UiCsoC9Gg
y8ol5o-_iCk
y9aduTBDqzg
y9c8ixQDa1I
y9eoU63UTus
y9pPLg1LBF8
yApjSnFxqIQ
yBsPWYqZSbg
yBxQgPxkAZw
yDDPkyaLN4w
yDRA3s51r3g
yE6WyEeobu0
yEeLYzUD7HI
yFTvM_oOzdI
yFpeu5_GTUg
yGPVlVEexGc
yGWJWEWuNXk
yGziGwf2JWM
yHGrAlvpH20
yHM89XmO2-A
yHVzZIeCKGY
yHe1DmaAVA4
yIOYgppvm-A
yIwKJjvBVco
yJX1Q7FPKlw
yJZtcPdgSwo
yKdqTQWBbaU
yL5JCTlkYlU
yLU5lUIXTL4
yMqUQDiLJTc
yNBvVpG3TVE
yNEO0RAqBXQ
yO91YAAWXKk
yOHaie-Br-I
yOYmHakChog
yOcysx5P1Xs
yOl4l9O99W0
yPkIuuyEKZI
yPlGGMHoGBI
yQofSs0ySds
yQrzE3h0kUg
yRk5Rw0D_G0
yRlrNnFghis
yRvyreDEqhw
ySDL2NOnlWM
yThlKBdodkY
yTtiYyglUQg
yUg58AN2sPw
yVMks9upV2k
yVwzhQf0cwA
yWVYiJByEyw
yWamvms6LVE
yXSeumL0LRg
yXeLOWy7k_Q
yXmrweCLVjY
yYbun2F5sMA
yYkiiSWzMw0
yYnAavTf_60
yZGY1zXUppQ
yZLNo8S_92I
yZLuEeEcF6Y
yZkGt5I4s2A
yZn0q4BgwQU
yZs_bKM0oss
ya5R1Ywkr2s
yaGNpN_SNfw
yaHOygKSK9c
yb-d-YC_FGc
yb5eX91Uf0I
ybGsqOq5XWY
ybIf0JJIHjo
ybhk_cYC9ZY
ycOpFHMltoU
ycgq2wqkgLI
ycq-1RqDNRQ
ycwUTO4709U
yd3FlkMVChI
ydW1TjWuBRE
ydfeQJ2vcmE
ye-5vLTSyww
yeAeQkx6Xeo
yegV0neC9gM
yep3kAQJEfM
yey0JVkjddA
yf7qBiU1MtM
yf8BaOVgghU
yfOk9O6abAo
yfnB4UoT5ZE
ygPDJa3ztbA
yh_wf4aQTqY
yhpX4t9H4SQ
yhs4YXC4rz4
yiA5x9jQPTY
yiulHx9aZ6A
yj127HMwRrg
yj5jhdu5oaY
yjFWzDHh-sg
yjzqDRs2Ez8
yk8Y6DkiEi0
ykMXyhUa5BU
ykakjrNwjwI
ykeKUez-KXQ
ylFTIJzgtjY
ylo2k-vx2Kc
ylpUKvEaC1E
ylscRjz8WwY
yluuhHOkle8
ym9x7dthYjg
ymHGsyMRhvs
ymWUuiChIvA
ymw8L7W_XIs
ynlYRdK3Q6w
yoBvtc6b3Dg
yoJElBg58AQ
yocgmjueF54
ypVMywBvrvs
ypWc-ui4XqA
ypsa8k7yZYI
yqoQt92uiTw
yrSwXwjlSh4
ysKRYbVYm6U
ysQt6I-IFZU
yt80XxNEcPs
ytlYekprhGM
ytsDTCg0J0o
yu5Zm0jQyv4
yu6XfKF5gsk
yu8tX3LLWGY
yvhhEZTuF2U
yvi2Bp9-IIw
yvlFbrODrcs
yvtQ0eNH29Q
yw3KeRa7Jc0
ywIQAu5IPqU
ywQoAWwJh1U
ywSoKg3SQVU
ywbXvsMaFNg
yx9Ksjwl1c8
yxvXWh2GJy4
yycXWz6fIxk
yz4Gy8kNPpI
yzVRCGTv-ko
yzvEHCF0OZk
z--i2Vk6cxk
z-OHvvsyJs8
z0AcfId6_gA
z0FE2AiZXZA
z1O_xEjIEMM
z1ai-ZAGPY0
z2Z3IUj6rLA
z2gm4thTcYc
z3HM7JdzBnc
z3tNKvMR0pY
z43BJxKCUp0
z4IQnZruwHg
z4lABkFbvNA
z59EVBCWOKM
z5XKGGXBH1k
z69d80SvUOE
z6t7q4ZOLfs
z6zXY71CcGM
z72kXq4f3R0
z73eKGEGGHg
z7xIPEh8YVE
z8RmKmd2AQw
z9ashVPaSqQ
z9bpl23dt8w
zAHJFqb_nec
zBAq6301p_w
zBUNCjWBLWw
zBWX9bRO-Ug
zBwgpsB-WV0
zByi64WdZH4
zCBLTFGUB8I
zCmHb5-ZD5g
zD4sZVl4fcw
zDOWdnYcP7s
zDSJQ3NlTCU
zDSRbxYoa5A
zENITw2QCAc
zEct0znz4pg
zFBWQDDbmTk
zFbF0IFHrCo
zFvwXB5KC-U
zFwmoxZERhM
zFyWs8eE5Ww
zH05oDIGPeY
zHLp6-dtFG8
zHarwB45dA4
zHrkmCC-pwk
zIDgdqRKyvg
zJrzhzuB8LE
zJtvUXzRHI4
zJxkj4tsoJE
zK8Heh3-ZU0
zKt8RQdilFI
zL0XBdGcAOo
zL2PJseGTDA
zLAsHoQoOtY
zLKrI59HDy0
zL_ST6yoZJQ
zM8DiEKphb0
zMQKjNkdILk
zMXoIH9QIBY
zMpHTqmE2Bs
zMyXyOusKog
zNkdtj2sb5o
zO2nChi3O3U
zOSB6PkbGsM
zOWd34Xw9Hw
zOhItBxf7-Q
zOkpHSqHaho
zPSE57uhi20
zPl6QG0BGmk
zPqhxmTCCP0
zPxacL2SzAk
zQ-eAhS127k
zQFMjfkL6IE
zQ_U-09Kt9Y
zRBsb3tseQM
zS2WZG21yMc
zTWm8TV8mJw
zTgDgcBbHu8
zXDEWtLfBhQ
zXSmfriA-LI
zXkeNCkUvIQ
zXokf8wpqeE
zXtKEyyKxIA
zY3cvt5WmoI
zYeBgGnohfQ
zYpK-q7NRZQ
zZ0jGOHjWnk
zZ1FpwCggpo
zZW18diKXAk
zZjvDGeChMw
z_9kZ71RPQI
z_Bz6v4DMQk
z_LRIfSpu9w
zabTyRwBGZg
zbJpM3QaFoQ
zbcZnNzR6F4
zck5NQWxvVA
zdBBe9yAmeY
zdGgi24D0hU
zdSnXrS6gg4
zdasqtXXkw4
zdvdQqWHJbY
zeSlanIiHLU
zeeMiKfjbw0
zeoBUpzfoS4
zepCKG_6JbA
zepsbrxoyc4
zf-TlpFk8mo
zf3O8VAKcPE
zfuMfV7hPEg
zg9B4NqsUk4
zgOyNdOjlkM
zgusOiAiyL4
zi05xsxeiwc
ziYGcpda3rM
ziujC9OfQi8
zjRFcXP6xqM
zjX8K4-mO88
zkI01wEGi7o
zmVcGikHyKE
zmi80T7wW4w
zmprl7Yuty4
zn3yki07Bq0
znO96z-6e4E
znYhV8yX-hc
znaPoI4FAT8
zo2-ghnE070
zpL2UURDecU
zparM5ANX6E
zpb3SkTXntQ
zpdH8DVT2hE
zq27Z6tt4K8
zqnKMCTJ7jk
zr2qXEyQVio
zsRLLo6e-pw
zsSyNskPHVM
zsYErsJbQdY
zsbe2bhiMlk
zt8OJatHFXo
ztBgn2yReI4
ztdDLBbSlDs
zuGfpoMI11o
zubFjjdJDE8
zvZClz5kFLw
zvwfzBX9fw8
zvxX67JodeI
zw4r3L-n-Ds
zwSgXRthoDA
zwZGr05F5Bs
zw_iAwGD7so
zwqoPE1Py9s
zx91MBj0m3A
zxKrqKes0mg
zxY6SRrEQa4
zxbcfbjkMJg
zxdk3Kmt4dw
zycigbLRkZw
zyklH87MjLk
zyn9ZmcMCOY
zynrL37CUqg
zzTeNX13Vkw
zzWzLbvkI4s
zzpNz3Ky7e4
zzsOv2Se1jQ
