--viYKfY7ZM Robert Bjork. The Importance of Forgetting in Learning.
-1D347gzmv8 Day 39: Trying to Do Some Every Day
-27jSnRrmpo Content in Your Target Language: When Should You Move On?
-3lp1aDvzzs \u0411\u043b\u043e\u0433\u0430 \u0421\u0442\u0438\u0432\u0430 \u043d\u0430 \u042d\u0445\u043e \u041c\u043e\u0441\u043a\u0432\u044b (\u0427\u0430\u0441\u0442\u044c 2)
-4hdo3XfeP4 Sprachen lernen hei\u00dft nicht nur Englisch lernen
-5SCaIdIVVk 7 \u0441\u0435\u043a\u0440\u0435\u0442\u043e\u0432 \u0438\u0437\u0443\u0447\u0435\u043d\u0438\u044f \u044f\u0437\u044b\u043a\u043e\u0432: \u2116 1 \u041f\u043e\u0442\u0440\u0430\u0442\u044c\u0442\u0435 \u0432\u0440\u0435\u043c\u044f \u043d\u0430 \u044f\u0437\u044b\u043a.
-A-FXnStLkE In Language Learning There is No Failure
-A5t4liSSjk Steve Kaufmann: Speak a Language as Well as You Want And Don\u2019t Judge Others
-AQUWzJ0ISs Steve's Language Workout - Language Learning is a Fuzzy Process
-CNceY8N7W8 Give Yourself the Benefit of the Doubt When Learning a Language
-FHv7UG9egI How the Brain Learns Languages
-HaxY_5CWpE Arabic Letters: How I'm Learning Them
-Kvdp2LusGE Steve\u2019s Answers, September 12th
-L9bd8729ms Trigger or Signal Words for Tenses in English
-OGkWzRwrSo Sharing my Book and Sharing for the Holiday Season.
-TFDbE8NrlY \u77e5\u3089\u306c\u9593\u306b\u3042\u306a\u305f\u306e\u8a9e\u5b66\u529b\u306f\u4e0a\u9054\u3057\u3066\u3044\u307e\u3059
-WEWClfpr0E Language Learning - Why Some People Struggle With It?
-XFq00hgrXA Steve\u2019s Answers, September 5th
-bpypEP2PPE Podcasts and language learning
-byyFKgGE8Y Get Motivated to Learn German with Dominik from Get Germanized
-dcciA2iQUI 7 \u0441\u0435\u043a\u0440\u0435\u0442\u043e\u0432 \u0438\u0437\u0443\u0447\u0435\u043d\u0438\u044f \u044f\u0437\u044b\u043a\u043e\u0432: \u2116 3 \u0421\u0442\u0430\u0440\u0430\u0439\u0442\u0435\u0441\u044c \u0437\u0430\u043c\u0435\u0447\u0430\u0442\u044c.
-eRh2ImgW4I The Hebrew Alphabet and Struggling with a New Language
-h6vtlR8Ueg \u03b5\u03ba\u03bc\u03ac\u03b8\u03b7\u03c3\u03b7 \u03b3\u03bb\u03ce\u03c3\u03c3\u03b1\u03c2: \u03b1\u03c1\u03b1\u03b2\u03b9\u03ba\u03ac
-iAFkOsGGiE Enthusiasm, the Most Important Ingredient in Language Learning. Interview with Polyglot Lindie Botes
-iD7zA4v4Y4 My Latin America Trip and Reasons to Learn a New Language
-n8QM7U4F8c Language teacher
-nrh58tqyps Online Language Learning: The Learner Is In Control
-pNVwpKUu9k Enjoying Language Learning
-qnD58Y0ICU Language Learning Strategy
-r2zo4XtXoc Day 20: Talk to Me in Korean - I Connect
-uQvW1ppgPM Finding the Time to Study Languages
-yJ1W_swF3M Learning Two Languages at Once
01r43Dd40o8 7\u3064\u306e\u7fd2\u6163\u3068\u8a00\u8449\u306e\u52c9\u5f37\u3002Covey's Seven Habits and language learning (in Japanese).
033QVRKkaZk Learning a New Language? Don\u2019t Get Hung Up On Your Mistakes
0ActrhaYS-U Power Language Learning Week 2: The Power of Coercion
0AvgL1xPboI Stephen Krashen and Language Acquisition
0B2a2CnmfVg Day 43: San Diego
0Cl3o8ihTjE \u4e2d\u56fd\u4eba\u5b66\u65e5\u8bed, \u65e5\u672c\u4eba\u5b66\u6c49\u8bed @\u30e4\u30f3\u30c1\u30e3\u30f3CH/\u694a\u5c0f\u6eaa
0DHxZya_4yc Come ho Fatto per Imparare l'Italiano
0Fo-YDuQoRQ Staying Alert And Motivated in Language Learning
0KIFSMIBfB0 Literacy, Dyslexia & Learning a New Language
0LxFXwK1WBI Pushkin, Verbs of Motion and The Internet
0OZ_4NZ8DVM Join Me at LangFest Montreal This Summer!
0PGPNxqJdZg LingQ - Introduzione in italiano.
0RyklnaRuOI What Are the Best Language Learning Grammar Books?
0SX8xxkfRVs COVID-19 Accelerates Move to Online Language Learning: A Discussion with L\u00fddia Machov\u00e1
0TCXS2crnzw Bratislava Polyglot Gathering: Interview with Organizer Lydia Machova
0ddDqtEqkPg Portugu\u00eas com Gabriel / Speaking Portuguese with Gabriel
0g8lrQT_K84 90-Day Challenge: Day 1 report
0g9w_Pxp0jY The Spanish Subjunctive and Other Language Habits
0hQ4-EgCt5Y Announcing Upcoming Webinar on Improving Your English
0j0cqR8fShQ Too Old to Learn A Language?
0n36pavAOVU Canadian government language waste.
0qOELyslE6A Language Learning Progress: It Sleeps, It Creeps, It Leaps!
0s3NYBS41QE Problemas comunes en el aprendizaje de idiomas
0sL_1iUYaC0 Meet Up for Breakfast in Vienna, Austria
0ukmOSg47Oc Google+ Hangouts Planned for the Weekend.
0yL9HvAyNiA Learn Czech online at LingQ. # 2 Lessons
1-rMQhWgacs For Better Pronunciation in a Foreign Language, Work on Your Attitude.
1-tXwuzlR3Y \u0414\u0430\u0432\u0430\u0439\u0442\u0435 \u041e\u0431\u0441\u0443\u0434\u0438\u043c \u041d\u043e\u0432\u0443\u044e \u0412\u0435\u0440\u0441\u0438\u044e LingQ \u0438 \u0420\u0430\u0437\u0434\u0435\u043b \
10GjKFLtTYM Introductions
11vCm1991mk Learning Multiple Languages at the Same Time - Part 2
14YW1wzkw9o 6. Stay Positive and Celebrate Your Achievements
16Et82LF1W0 Too Much Emphasis on Speaking in Language Instruction?
16e8UeakbhE More on Fluency Strategy and the CEFR Levels
17UEekXTDvY \u8a00\u8449\u306e\u52c9\u5f37\u306e\uff17\u3064\u79d8\u5bc6: #4 \u8a9e\u5f59\u306f\u6587\u6cd5\u3088\u308a\u3082\u91cd\u8981\u3067\u3042\u308b\u3002
18kjtZeN6q0 Beginner French at LingQ
1F7ey9IORpw Language Listening Strategy
1I-jhccwrlU Language Learning - Subconscious Process
1QfWHAvFxnY My chair
1ZvdUb_N7bE 3 Tips to Power Up Your English Learning
1aYYH56EhYA Pimsleur. \u00abLearn a Language in 10 days\u00bb Review.
1gfPVDkY-8A Starting to Speak Polish
1nGhu7uZziA Language Learning and ugh! Money
1nzgFGuOMLU LingQ.com Introduction in Japanese (\u65e5\u672c\u8a9e\uff09
1ovylapMDCw Day 45: Lots of Words to Learn
1qEDwAPceLk Language Learning and Multitasking
1tl26pVX5w4 Language Learning: Grammar Based VS Natural Learning
1u1Sga0ogQk Learning Related Languages
23AdJDnDlhM The Power of Storytelling in Language Learning
25sEsE5idK8 Motivation in language learning;  Svenska, \u666e\u901a\u8bdd, \u0420\u0443\u0441\u0441\u043a\u0438\u0439
26UsWwTGEKI Are There Different Types of Language Learners?
27zjZsogG-w LingQ 2.0 \u8bed\u8a00\u5b66\u4e60\u7cfb\u7edf\u7684\u7b80\u5355\u4ecb\u7ecd\u3002
283LnddtDXk Beginner French at LingQ #2
2CBgjpLh6CM How the Language Tsar Learns Languages
2GX142Cn-Wc Language learning is getting easier all the time
2On9ANiKkV8 Last Day in Yangon, Meet Ups in Hanoi and Seoul
2TnoejL55yk Greek Letters/Alphabet and the Joy of Language Learning
2ZrWPwmZ1F8 Learn Languages and Stay Fit!
2_MjQJDs8Xg More on the Ability to Notice
2_hjGNqMbFc It is Never Too Late to Learn Languages
2cseXmshTpk Learning Persian: My Progress (With English Subtitles)
2dYCHwwv00w Day 54: Comprehension and Language Learning
2disnkiyU84 Day 6:  Finding the Time
2e2KEEfLnRE 4. Learning Phrases to Make You More Fluent and Natural
2enFF_lo9bY #LingQchallenge in Korean: Day 1
2fhjeQi_ryQ Don't Just Learn a Language, Get Familiar with It.
2hlV59c_tE0 Day 88: The Wind in my Language Sails
2ls0pypjG0Q Learning Italian, Korean and Portuguese -  How I Went About It
2mXoS1_fQ0w The Difficulties of Speaking in a Foreign Language
2nMmmoNKYDw Easy Language Learning
2oiLrONkgqM Listening Comprehension Activities Need Compelling Content
2vrDfZMnnKc Learning Arabic on the iPad
2x9mf0Ch2C0 Learning and Maintaining Multiple Languages at Once
30eAPRR0vLg Language Learning - Is Good Memory Necessary?
38OfCJIDZR4 Bilingualism: Pour ou contre le bilinguisme?
3B5C4jS_D7Y Do We Need the Language Classroom?
3BmIP_jI_7s Fran\u00e7ais Authentique, Une Discussion Avec Johan Tekfak
3E8-pz4JBK8 Linguistics and Language Learning
3H_YUgWnDMg Slavic Languages - Similarities and Differences
3IvByB_NWQc Shadowing Technique
3L7tYHSwvkE A Multilingual Lunch
3LchW0mkHOk Habit 6 - Synergize
3TWI8xl455E Studying English? Don't Study Modal Verbs
3YPPLFq09nE The Intangibles in Language Learning
3ZREV4fZC8I Are You a Warm and Fuzzy Language Learner?
3_nLdcHBJY4 Language Learning Live Stream
3a9s0ZnwfCs Interviewing Steve
3atRDYZPaRY LingQ.com   English
3cuUHmnH4_M Language Study Motivation and Repetition Q&A
3fniyDaRT8o Learning Arabic & Persian: Language Challenge Week 1
3gcyFsnY0kc Day 32: Assimil for Czech and Romanian
3lf9A2e60RE Hello Siberia, or Why Study English and Other Languages
3rJhq5D4884 Polyglottery and Speaking More Than One Language
3sG_zhHAxvc Have You Done a Listening Marathon (Live Stream)
3sV0zdbmTcc Learning Three Languages A Day
3vAKzpbtNGk How I Learned Russian
3wVRkX5si60 How to Remember Words in Another Language?
3wlR6UV1lHQ What Makes a Good Language Teacher?
41EXXoIuO4w Language Learning: Sounding Like a Native
47MjWFyEq-s UNESCO Guidelines for Mobile Learning
48WHh9FbrAc How Can We Achieve Good Pronunciation in a Language?
48qjViBjYzk Fluent Romanian in Two Months? I don't think so.
4EFdA3YfFB4 Do You Need to Forget a Language in Order to Learn it? Polyglot Discussion
4EmSDOxpao0 Korean Challenge Continues as Hanna Returns to Korea
4Eu3ro-LYs8 Should Your Language Mistakes Be Corrected?
4HQrVlVr7Vg Language Learning - Starting From Scratch
4IPA1G0l-YM \u3069\u3046\u3057\u3066\u82f1\u8a9e\u3092\u6d41\u66a2\u306b\u8a71\u305b\u306a\u3044\u3067\u3057\u3087\u3046\u304b\uff1f/ Fluency in English - Why Japanese Can\u2019t Reach It.
4IYwKYdnSIU Write More to Improve Your Language Accuracy
4MGaFUcJu7c Shadowing Technique | Arabic and Persian
4MiOOoTm4a4 The BIGGEST Mistake Language Learners Make (Steve's Greatest Tips)
4RURQBGgN84 The BEST Way to Learn a Language (Steve's Greatest Tips)
4V1BRHBSGjI Is \
4WiHZk9WUts Meetup in Berlin, October 26, at 7.00 pm.
4YofBMqkZgQ SRS, Spaced Repetition Systems, A Major Boost to Language Learning?
4aiaUVU7Fr0 Why do You Need so Many Words?
4dVWkdbZl4s Deliberate Language Study Versus Natural Learning
4hKkMDhgP-M John Taylor Gatto
4l64axgdMhc Mes sept secrets de l'apprentissage des langues: # 2 Faites ce que vous aimez faire.
4lyNDbgqsB0 Stephen Krashen: Comprehensible Input
4t80PPKvk5k \u82f1\u6587\u6c34\u5e73\u666e\u901a\u4e00\u822c\u4e5f\u597d\u3002\u53ea\u8981\u6709\u4e50\u8da3 \u5c31\u4f1a\u8fdb\u6b65\u3002
4ukwd1QH2QA Language Learning Patience and Energy
4wmTrNYGZtU Day 64: Learn Languages for your Own Reasons
5-8Kzq1RRoU Language Learning Shortcuts
50VPWJH1M4s How I Learn Languages: Has It Changed?
53kr_tWUSzU LingQ is Hiring a Content Manager
555wzGkUORw Livestream with Steve
59YBKx-0Q6M Learning Japanese Is Not Difficult
59trmvfWFjc What is Your Motivation to Learn New Languages?
5A_LiogRuAo Japanese Questions and Answers #shorts
5BBRO2DtiNE App para aprender idiomas: LingQ
5BtdZVO6n24 Polyglot @Stuart Jay Raj on Learning Tonal Languages
5JC1qKoUzNU Learning Arabic and Persian: Language Challenge Week 2
5OC1D_ZNej4 Pronunciation - Listening is the Key
5Rw5UL5YI80 I Was Hacked, But the Snow is Deep.
5Tv4nEWdUnE Encuentro (Meet up) en la Ciudad de M\u00e9xico  el 9 de marzo
5VIZAR2_o8Y Multiple Languages - Challenging Several Languages at Once (Part 1)
5VbQqAfYtmY Polyglots. Conversation of Steve Kaufmann and Moses McCormick.
5X75C86wP8o Language Input or Output?
5bjmpYAShC0 Seoul meet up. The event
5dccknBc_Uc Rosetta Stone and structure
5h8QEnkxSjs Learning Styles
5i0vRTUoz88 Language Learning and Augmented Reality
5iZhj2j_MoU Day 56: Time to Hear from You All.
5pG_pijd6Ow Forgetting And Learning Languages
5xGjptZnZPM Grammar Based vs. Natural Language Learning, Part 4
5xc28UUoeeo El placer de aprender idiomas
61CymKWs7kU LingQ Gathering #2 - Let's Hear From You
61HdpLMs5CE Staying Motivated in Language Learning
62gtGWCUmlo Meet up in Prague October 2.
67tA2_Hdwa0 Jeanne, une fran\u00e7aise qui enseigne l\u2019allemand.
6AAEYtDktFc Polyglots - How Do You Become One?  Conversations With Luca. (#1 In English)
6D0T2bOcWPk Five Days to Fluency in Czech, the Conclusion
6EVBcQu4wag Language Learning & the Circling Method
6FNqme5Rr9k How A Polyglot Overcomes the Language Learning Plateau
6HcgKdAglA8 Language Fundamentals
6HuTY-rv5AQ Justin Trudeau, Al Gore and Other champions of Just Causes
6PSTx_E3VUs Politics #3: Ukraine, an Officially Bilingual Country?
6Q0xDRBc7LI Los Siete Secretos del Aprendizaje de Idiomas: #6 Adquirir las herramientas
6R3_fOISCVw \u8bed\u8a00\u5b66\u4e60\u7684\u4e03\u5927\u79d8\u5bc6: \u7b2c1\uff0d\u9700\u8981\u82b1\u65f6\u95f4
6SS7MR5cMrw Common Mistakes and Difficulties in English: Verb Tenses
6SmmkVSOaA0 Language Learning, a School for Life (Live Stream)
6YABuhrGN8A Copenhagen conference
6afi9cY5Td4 How to Learn Languages Effectively at School
6ne1FQWS-IY What Makes Benny the Irish Polyglot Tick
6njwdQoEVOM \u8a00\u8449\u306e\u52c9\u5f37\u306e\u30b3\u30c4\u3002
6sLFj2rKjx0 Power Language Learning Week 12: Active Vocabulary, Writing & Online Tutors
6s_VPPIaZdM What is the Easiest Language to Learn?
6stIegSJkRA 7. Begin with the End in Mind
6yfKhQAefzs Word Frequency and Language Learning
75BtA0RAA3o 90 Day Challenge: Week Five, Language Review Activities
78WQ26o2YbA Reading Strategies for Effective Language Learning
7ASmS6-QX_4 How Does Richard Simcott Learn a New Language?
7AewJ3fnTrg Day 16: Meaningful exposure and language learning.  Part 1.
7JOiP1dErdw Gozar del idioma, para aprender mejor
7JiKo1XnQHM Day 24: Meaningful Conversations in a Foreign Language
7LZPGzYiX1k Politische Korrektheit
7L_wRelpeWE \u0420\u043e\u0437\u043c\u043e\u0432\u0430 \u0437 \u041a\u0430\u0442\u0435\u0440\u0438\u043d\u043e\u044e - A Conversation with Katerina
7MQi-7b0ss4 90 Day Challenge: Week Eight, Output
7NJHkF3zgJ4 Day 87: Technology, Language Learning and a Little Nudge.
7NrsgW-xgpo Streak with Steve, Livestream
7Y2XEbIgNdg Manning, Alberta - Changes Come to the North
7YddhFKgYIM Learn French at LingQ: Start by Noticing a Few Things
7_XHtb4XK1g LingQ Language Gathering
7c5Xy3GZCac Easy Introduction to Japanese - Trial
7etHpGycCPw Day 27: Be Patient if You Want to Learn a Language
7fa0Km430BI Can You Hack Language Learning?
7gmVKflu7jM Making Grammar Errors? Avoid Grammar Terms and Start Noticing
7qKxJmQsxwE Trying to be Realistic Polyglots: A Chat With Gabriel Silva
7qliQVDy1uQ Comprehension Skills, My First Language Learning Goal
7ykVlbPWeqg #LingQchallenge Day 11: Lots of Listening in the Car and Bought Two Books.
7zVlZO0FNvI Reevaluating Our Language Learning Goals
82gEACmx-dI Learning Languages - Why is it Hard?
88VuNkRVr2c When Learning a Language: Listen Before You Speak
88mpNyhDGAU My Top 7 Tips For Improving Your Listening Skills
8EM74LL6yM8 \u8a00\u8a9e\u5b66\u7fd2\u306f\u4e3b\u89b3\u7684\u3067\u3059
8EqcL-HVYWE Learn Vocabulary Fast
8H3X5O6IG3U \u82f1\u8a9e\u80fd\u529b\u8a66\u9a13\u306f\u5fc5\u8981\u3067\u3059\u304b\uff1f
8QyHbGSBuiw Language Learning Questions
8YCQr70Zs3I Why Learn Languages?
8ajst2b19Zw Language Learning, Talent or Attitude?
8cw-eJr4bxE Learning Languages Helps You Discover the World
8ddNVFWdnZI Input Based Language Learning, a Powerful Snowball
8gyhAY8TsLY Learning a New Language: The Best Way to Learn the Basics
8k0T0-fAE8g Five Days to Fluency in Prague
8kurIOxQi1c Learning Polish Words (at LingQ)
8lEfKF6FBqg What Matters the Most in Language Learning
8o80iRtruro Learning Korean
8tNd_2qXq8I Google Translate \
9-LDcK-TOK8 Dealing with Grammar (Live Stream)
9-jvVzYZi94 \u30dd\u30c3\u30c9\u30ad\u30e3\u30b9\u30c8\u3068\u8a00\u8449\u306e\u52c9\u5f37
904I2Cs5VL8 Meaningful Language Exposure (Part 2)
92cg9gJIbnU Future of language learning
972lxMQ9l9Y Grammar Based vs. Natural Language Learning, Part 6
987CEvIFTdU Overcoming Language Learning Obstacles
9CG7AfhdPgQ Meaningful Language Learning Goals
9Cn-iuDvmn0 Language Learning - Relax and Be Open-Minded
9DLZo6LaAkY The Importance of a Great Teacher
9DX_dIfKPYc Language Learning Strategy
9EFTv-SsjTA Krashen and grazing
9MMxRKWjogU \uc5ec\ub7ec\ubd84\uc758 \ub3c4\uc6c0 \ubd80\ud0c1\ub4dc\ub9bd\ub2c8\ub2e4
9PUqGuQEIds Eva, Zdenek and me in Brno (in Czech)
9QlSkGQUXt4 Rubem Alves and the hunger of the learner
9QxZbiB_hn0 90 Day Challenge, Week 10: You Are Not Alone
9R-Lo7ys9hc Angela and Steve: When we feel we are not improving
9Re4WeBhABI Role Playing in the Classroom
9d8UzBxwOTo \uc2e0\ud1a0\uc775 \uacf5\ubd80, \uc5b4\ub5bb\uac8c \ud558\uba74 \uc88b\uc744\uae4c?
9fqW3fNeCqE # 6  Rassembler les outils
9or3Y1ESEhs September 90-Day Challenge: Finding Authentic Content
9pFbXQ0i96U LingQ.com Introducci\u00f3n en Espa\u00f1ol
9qtUszdUqBM Which Arabic Dialect Should I Learn?
9v_9kVsMpKM Speaking in a foreign language
9xTCF91WYOY Je Fais la Cuisine en Apprenant le Cor\u00e9en
9zgqaLBTFLU The Importance of Grammar
A2PnItzO0gg Steve Kaufmann: You Don\u2019t Need Language Instruction
A5PCrJjQRmM Angelina Jolie Wants to Learn French
A65wzxiV2h0 # 6 \u041e\u0431\u0437\u0430\u0432\u0435\u0434\u0438\u0442\u0435\u0441\u044c \u0418\u043d\u0441\u0442\u0440\u0443\u043c\u0435\u043d\u0442\u0430\u043c\u0438 \u0434\u043b\u044f \u0418\u0437\u0443\u0447\u0435\u043d\u0438\u044f \u042f\u0437\u044b\u043a\u0430
A70H-7fdEHc Standard language tests
ABqLx3JfKVs Multilingualism: We Can All Speak Multiple Languages
ACTjyZFV9eM Digital altruism
AFahnBt0C_0 9. Learning to Notice - As You Progress You Start to See Patterns
AGkIHDu--UU Language Learning FAQs: Take It Easy!
AGp0rfvvk7U LingQ Medley III Swedish, Cantonese and Italian
AKSNwXQgxw8 La motivation - ou comment apprendre \u00e0 parler une autre language couramment
AMDHcTZVTB0 \u3010\u5b66\u751f\u4ee5\u5916\u3082\u5fc5\u898b\u3011\u52c9\u5f37\u3057\u306a\u3044\u3068\u5927\u640d\u3059\u308b\u2048
AMg7RLQpRA8 Para aprender idiomas mejor integrarse
AOttUnRuCiE \u8a00\u8449\u306e\u52c9\u5f37\u306e\uff17\u3064\u79d8\u5bc6: #6  \u30c4\u30fc\u30eb\u3092\u96c6\u3081\u308b\u3002
ARb-va4BIxI Devenir polyglotte. Conversations avec Luca (#2 en fran\u00e7ais)
AUXbAt_vcV8 Language Learning Communities and Social Media
AYSnm2BjwTM Livestream con Steve sobre su aprendizaje del Arabe
AdMj5eMaoV8 Come to Vancouver and Learn With Me!
Af-LGEBgfPc Steve's Language Workout - Customizing Your Own Language Learning
AfB-iI51b5U Day 61: David's \
AhCkUSak5JE For Effective Language Learning, Timing is so Important
Ao_YkPwDEaY The Linguist Activist
AoofnN-_KhU Learn Russian with Star Wars! Chat with Daria of @Real Russian Club
Aq0NBB9upT8 Learn the Basics in the Language First? Really?
AqKS7tGzY6U Upside Down or Holistic Language Learning
AqfISgCQV-U Vocabulary - Is It Even Necessary To Memorize It?
AuA_i2UWtIw How I Learned Spanish
AzUf3mMyt7k Language learning - The Most Effective Method Of All
AzztXi059FU Ensino de portugu\u00eas para falantes de espanhol @Portugu\u00e9s con Philipe Brazuca
B5Uv64iaeig Beginner French at LingQ #5
B6QVONxkdsE LingQ Medley II Portuguese, Japanese, Russian, German
B9HgsqWjgyg Language Day at the US Defense Language Institute, Monterey CA
BCfUMCwr4dM Fluency, What it is and How to Achieve It.
BGM5UwfyYYA The Importance of Language: Travel in Jordan
BI-Ok07cd0M Language Learning is a Form of Travel
BIfd5deC7ak Day 67: Long term and Short Term Goals in Language Learning
BJ96GryAlCA 90-Day Challenge: My Arabic conversation with Mohamed, Part II
BMXWHNjNLWM \uc5b8\uc5b4 \ud559\uc2b5 \uc0ac\uc774\ud2b8 - LingQ.com
BN3wfE6CCgA Do NOT Study Grammar
BOO_M4BH_ds In Language Learning, one Step, or one Slice, at a Time Gets the Job Done.
BQFNb0qY89w Exit Video in Arabic
BQU-mL-7HAM Independence in language learning
BR9jqsorgHE How to Maintain Our Languages?
BWayumFQxdA The growing importance of blogs and podcasts in language learning
BYB7Nw8m6b4 Vocabulary - Two Approaches to Memorizing
BYZ6pd0d9W8 How Do We Develop the Ability to Notice in a New Language
BlfNB-p57eI What Makes Languages Easier to Learn?
BqwVLhyUwbw Trip Log #5: Spanish and Portuguese Verbs
BqzCdFqmIAE Making Language Learning Easier
BurkI_wujQM Learning for Life
BzrqNF5bhpk More Tips on Learning Spanish
C1z_EVsJKKU Polyglot Speaks 5 Languages in VR Chat #shorts
C2ZS2NovHok Spaced Repetition Systems in Language Learning
C7J3vEDKiWs Trip Log #4: Rio & Speaking Portuguese
CAlC-gvteIM Lyon, London Meet Up And Russian Language Conference
CEg2LFBsVaE The Details of Language Learning
CNN_4RprvSs 8. Reviewing: How Can I Possibly Learn All of This Vocabulary?
CQgIdFRO8EY LingQ\u306e\u4f7f\u7528\u306b\u95a2\u3059\u308b\u65e5\u672c\u8a9e\u306e\u30e9\u30a4\u30d6\u30b9\u30c8\u30ea\u30fc\u30e0
CYNAvfWM-ZU Intermediate Level in a Language is All Right
CZJvYzWqjn4 Welcome to My Channel!
CZtSqtZaVN8 A Wonderful Language Teacher
CcWKZPWtbrc 7 Steps to Improving Your English
Cctx3DI3qbU Join Me Live and Study a Language for 90 Days
Ce4bFj88aKg The Books I Bought to Learn Arabic Haven\u2019t Helped Much
Cg3sCg0LI6c Learning Korean - Now Available at LingQ
ClkYAmfZ4Mo Day 84: The iPad, Language Learning Power Tool
CnvhTT4KI7A Language Learning FAQs: Listening Tips
CqU_SKH23rw Learning Words - How Many Do We Need To Know?
CtsJA1lDjm8 Output in language learning
CuRk0qrqgYM LingQ Spanish
CxaKu8v80XM The Art of Language Learning or the Ability to Notice
CzMUXm0SkTs Ukrainian: My 90-Day Challenge
CzWdD9cA5SE \u0410\u0440\u0442\u0435\u043c \u043f\u043e\u043b\u0438\u0433\u043b\u043e\u0442, \u043a\u043e\u0442\u043e\u0440\u044b\u0439 \u0443\u0447\u0438\u0442 \u043c\u0438\u0440 \u0440\u0443\u0441\u0441\u043a\u043e\u0433\u043e \u044f\u0437\u044b\u043a\u0430 \u0438\u0437 \u0441\u0432\u043e\u0435\u0433\u043e \u0434\u043e\u043c\u0430 \u0432 \u041d\u043e\u0432\u043e\u0441\u0438\u0431\u0438\u0440\u0441\u043a\u0435
D0Gj-xOa4tA Do Adults Learn Languages the Way Children Do?
D1IqmppSQQI Passive Vocabulary: Why It Matters
D5gDko1hnUc Lydia Machov\u00e1: Becoming an Independent Learner
D6awZGEfkrg A auto-motiva\u00e7\u00e3o no aprendizado de l\u00ednguas - tr\u00eas perguntas -vers\u00e3o completa
D7JL2RZyZv0 Learn to Speak a Foreign Language
D8DtbMb7kfI Politics #1: Ukraine and the Clash of Nationalisms in Eastern Europe
DAmXXEfr5X8 Une discussion en francais sur LingQ
DDNrlKp8OUo Day 7: Random Encounters
DFooSXSL5hg To Learn a New Language You Need to Feel the Mood of the Language
DHrrByr8dwk # 7 \u0421\u0442\u0430\u0442\u044c \u043d\u0435\u0437\u0430\u0432\u0438\u0441\u0438\u043c\u044b\u043c \u0443\u0447\u0435\u043d\u0438\u043a\u043e\u043c
DHwIe1l-sn0 \u82f1\u8a9e\u3092\u52c9\u5f37\u3059\u308b\u3068\u304d\u306b\u3084\u3063\u3066\u306f\u3044\u3051\u306a\u3044\u3053\u3068
DIEsIUVnerI ESL for Immigrants
DKEet_Lve2M LingQ Treffen #1
DLYk_HajLog Why You Need to Make Mistakes When Speaking a New Language
DNO2XaL8_j8 Freenomics and language learning
DNj1Tp-vrkw To Improve Pronunciation in a Language, Focus on the Big Picture not the Details.
DQWDmwOid50 My Korean Language Learning Now Gets Some Benign Neglect
DRheZ8iSWRg \u305d\u306e\u8a00\u8449\u3092\u52c9\u5f37\u3057\u305f\u3044\u306a\u3089\u3001\u305d\u306e\u8a00\u8449\u3092\u611b\u3057\u3066\u4e0b\u3055\u3044\u3002
DSysqm43oTA OS\u00c4KERHET
DTITf7CBGnk Learning a New Language Is an Endurance Activity
DXrC5bvVsGQ Spare the grammar
Dba2ufVphQI That Special Talent for Language Learning
Dd32frC3MxA \u8a00\u8449\u306e\u52c9\u5f37\u306e\u30b3\u30c4\u305d\u306e\u4e8c;  \u6210\u529f\u3059\u308b\u7cbe\u795e\u3002
DfiGtn5wZ4Q The Language Learning Tripod. #1 Attitude
Dl8Q54rfQc4 Collocations And Phrasal Verbs as Language Hacks
DlHMsb_mQuM Visit the Country to Learn the Language?
Dr5lwhVhoE4 Learn French at LingQ #8: We Need to Like What We Listen to to Learn a Language
DsSWNpn-6vo Exit Video in Persian
DzsabyIao-c Political Correctness II
E--HbOafdpk Patience is Golden in Language Learning
E0JhF2eJZDs Multilingualism - in answer to Mr.Sanchez.
E3h51KA3y5g Steve Kaufmann - Learning in the Age of the iPad - Part 4 of 6
E8GW3OD6QvA LingQ.com Introduction en fran\u00e7ais
E9ZIXwsEOfM Day 44: Language and Politics again
EAJhn7wy6WQ Short and Long Term Language Learning Goals
EB--wPWhUfY Krashen revisited - Reading and listening
ECrzVn9QtGA How Long Does it Take to Learn a Language?
ECx7tNTyeX4 Language Basics, How to Learn Them
EHCtwjTckGk Po Polsku - a Conversation at the end of my 90 Day Challenge (Polish Only)
EIsloyu-nic Getting Started on LingQ: Exchange, Profile, Avatar, Speak, Tutoring
EM7lf2VD5bY Identity and Language Learning
EMJCI0-C_ww Montreal LangFest & Fukuoka Polyglot Conference / \u30e2\u30f3\u30c8\u30ea\u30aa\u30fc\u30eb, \u798f\u5ca1
EOiF6ibBf2s Learn French at LingQ #6 part 2: Using Sentence Mode
EP5Udhedhlk Language Learning Content
ESNCL9ejTfQ How Do You Become Good at Speaking in a New Language?
EU07C6bjIXA How to Learn English - Be a Lazy Language Learner
EVDHICJeQ-o Interview with Rupa Sensei
EVjGqsmRKwI Fluent In 3 Months - Is That Achievable?
EYkRIUx81Po Do Grammar Exercises Work?
E_DuJLFtbZo Day 29: Listening Comprehension
E_Erkps2En8 I Was Wrong, Stephen Krashen's Right. Content is King for Language Learning.
Eah5MQk1YJo Rencontre \u00e0 Paris. Polyglot club mardi 5 janvier vers 9 heures!
Eaw7mdKuue0 Staying Motivated in Language Learning
EbUGHi_y960 Are You a Vocabulary Builder or a Vocabulary Memorizer?
EfcgMMlttGI C\u00f3mo Lograr Hablar con Fluidez
EhdrWo2F8qY Critical thinking
EkBVP3odvPk Krashen and grammar
EqeAXByMwcg Metas a largo y corto plazo
ErBqbTPHu2Q Pour mieux apprendre les langues, faites moins d'efforts
EuECUtHaaS4 Compelling Input: A Revolutionary Language Learning Method
EyeauozFO8o Day 52: Can We Learn Languages at School?
F0bgCibEmb0 Win Win - The 4th of Stephen Covey\u2019s 7 Habits of Highly Successful People
F3qSuT5-Xrg How I Learned Chinese
F5TrGLDbzfw Starting a New Language Part II (Facing the Unknown)
F6BadhFyzBo Power Language Learning Week 5: Constant Improvement in Language Learning
F8WBZkd81yA Power Language Learning: Week 1
FAy-VZTMMUE Forgetting Words Means I'm Learning Them
FBtbU9W9wNU Is Motivation to Study Languages Dead?
FEvP3m8CdFA Teachers
FL-a1R7_kKw Common Core Standards for English - Who Benefits?
FN3RHMpbO0I \u8a00\u8449\u3068\u5ead\u306e\u306f\u306a\u3057
FSr_VqgJxJE Linguists and Polyglots
FT1i38TDRMQ (All) American Whites are the Descendants of Underachievers
FWTW-wYz-hw Speaking Our Way to Fluency
FWfuuqYSyms Beginner French at LingQ #4
F_Pq9Eg5U-8 Learn French at LingQ #7: Guided Language Learning \u2013 An Evolving Approach
Fb-_JLx9Zp8 Habit 2 - Begin With the End in Mind.
Fd6Lp65xW40 Learn a Language in a Month: Is it Possible?
FdJmjMXCGDM Learning Japanese with Anime and Other Content
Feq2FaKav5s Not fluent in Czech
Ff0v1mkUON4 Language Learning - 7 Secrets of Success: #7 Become an Independent Learner
Fm06wXFx58E R\u00e8gles de Grammaire
FmeK99uGYws How to Learn Languages Faster: A Step by Step Guide to My Phrase Saving Technique
FuKZ_z6XKrs How to Choose Which Language to Learn
FuwgJfOat8Q Como ler e ouvir no idioma que estamos aprendendo
FwgetJjLB3U Is Russian Hard to Learn? Conversations With Luca #7 (\u041f\u043e-\u0440\u0443\u0441\u0441\u043a\u0438)
G2wcP5r_Lls The 3 Main Myths About Learning Any Language
G5IPArDxO40 Language Learning: The Biggest Mistake People Make.
G5zk50OoVIs An Anti-Intellectualist's Approach to Linguistics and Universal Grammar
G92cid6DB5g #LingQchallenge Day 5: Problems with Korean Dictionaries
GAAb_cUuzrQ Starting My 90-Day Challenge
GFCA2H-PKW8 Patterns and Language Learning
GHkkgDkirFU Web 2.0 and language learning
GMuIEJkaGnI Steve \u0443\u043a\u0440\u0430\u0457\u043d\u0441\u044c\u043a\u043e\u044e \u043c\u043e\u0432\u043e\u044e i \u043f\u043e-\u0440\u0443\u0441\u0441\u043a\u0438
GRj1COY9DCo Language Learning: The Power of Listening
GU6sH4CagsY LingQ.com Introduction in English
GWPghaE7n-k Learning Japanese: Steve and Deni\u2019s Discussion in English, Russian and Japanese
GZNYyR7-jUM Steve Kaufmann -  Self-Introduction
Gfdw-dluKec Writing Correction: Does it Help?
GgQ-U5lMsbw Pitch and stage fright in language learning
GiXM60tpnxg Language Learning is a Natural Process (Live Stream)
GjYXMFVOTmk 6 Hacks for Learning Chinese
GnyvrY8-cDw Polyglot Optimist
GrBB3WtXPv4 What I Made for Dinner, October 5
GstDnmBRv0U How to Study Effectively
Gtc4O0MtMQQ Language Festival des Langues Montr\u00e9al  23/24 juillet
GucDMCyT1TI #LingQchallenge in Korean Day 22: How I Improve Listening Comprehension
GwRYgkxuxrg The New World of Language Learning
GxBaOvZKaLE Motivation and language learning
Gystf4CUWYU Japanese vs Chinese vs Korean #shorts
H5WUu4jmovM Learn French at LingQ #5: French Pronunciation Challenges
H6lZjFHgcjk Pitch Accent: Is It Important?
HDjoxQKwzuw LingQ.com\u3000\u3000\u3000\u65e5\u672c\u8a9e
HDuuy154YmE \u0420\u0430\u0437\u0432\u0438\u0442\u0438\u0435 \u0414\u0435\u0442\u0435\u0439 \u0417\u0430\u0432\u0438\u0441\u0438\u0442 \u043e\u0442 \u0427\u0442\u0435\u043d\u0438\u044f \u041a\u043d\u0438\u0433
HE5Lvw-LjA4 \u8a9e\u5f59\u529b\u3092\u5411\u4e0a\u3055\u305b\u308b\u306b\u306f\u4f55\u304c\u4e00\u756a\u52b9\u7387\u7684\u304b\uff1f
HFjwJByy8wo Don't Learn Slang
HGuGdha3nBg Tony Robbins - Success Cycle Application to Language Learning
HKm0JCuwwas Language Learning - 7 Secrets of Success: #2 Do What You Like To Do
HNI8hBIqhD4 Reading May Be the Secret of My Success in Language Learning
HOtw8_CcEbU Finding the Right Content is More Important than Talent in Language Learning
HS7k41esv_A Para aprender idiomas, hay que escuchar y leer mucho.
HWMJNeazOGE Montreal: The Perfect City for a Language Festival
HXx_IVdAFVY A Russian Ramble
Hb3x9AgWfW0 Donald Trump as a Language Learner
HcI4tBfpgAQ Arabic Livestream with Steve | Watch Steve speak in Arabic after his 90-Day LingQ Challenge!
HhRAxqcMMJ0 Language Learning - Learn Effortlessly
HnouXAQlGmQ 3. Learning a Language Means Acquiring Words
HrWEqr16maY 5. Put In the Time, Set Yourself Up For Success
Hvx6_2T4DBM What are you doing now
HwxVcevwIBw Learning Words - 100 Words a Day?
I28-s9ETrqc Making Progress in Language Learning
I6rEfWAVX24 The Power of Optimism
I9xTgJT4t7Q Day 50: Slow day for Korean, and Ukrainian Information Wars
I9zQzd744vo Day 38: Language Switching
IF64UTVzWA8 Learning vocabulary on my iPad
IHgwciOO4xg Tips for Learning Spanish Conjugation
IJCaX54T5oI Constitution Day in Lviv, Ukraine
IK2KxZq_mR4 Learn from Content You Love / Aprende Con el Contenido Que Amas
IKE2aaQRMtY Common Mistakes in English: Adding ed and ing to Words
ISSYmviR9Is Learn Two Languages at Once - Fall in Love With Two People at Once
IV3MXNur8RU The Key to Staying Motivated in Language Learning \u2013 Variety
IV67smoXIMM Tips for Learning Spanish Verbs
IVmkhYO2E50 The Power of Listening And Reading
I__1I6-tYEI Exit Video in Turkish
IfSMiTyHKH8 How Good do We Need to be in Language Learning?
InewdPuB4CE How To Correct Mistakes In Language Learning?
Iov6wWsF2LY IELTS, TOEIC, Compelling Input & Acquiring Good Language Habits
IqIYT37c0TM Fluency - 3 Stages Getting You There
IqwFckt8rYg BTS Speaking Chinese & English: A Polyglot's Reaction
ItyNL8UUU3o \u5916\u51fa\u81ea\u7c9b\u306e\u6642\u9593\u306f\u82f1\u8a9e\u306e\u52c9\u5f37\u306b
IwB2aIqe-pc Speaking 9 Languages #shorts
IyG5fBs3LbY Language Corrections, Are They Useful?
IyrtdArfU1Y Day 65: Some Languages are Difficult to Learn
IzT5lGmH48o How I Deal With My Fear of Grammar
J0P86sGGVmY \u82f1\u8a9e\u4f1a\u8a71\u3068TOEIC\u3060\u3051\u3067\u3067\u4e0a\u624b\u304f\u306a\u308b\u304b\uff1f
J1Zr9lzzYVI Confidence in Language Learning (Live)
J4QaJdSdkMM How I Learned French
J6RGU3FPwM0 Will John, Professional Soccer Player and Language Enthusiast
J8Z-rGpLkU4 Day 46: Carmen's Birthday
JDzTgK64ThU Steve\u2019s live stream to Henan China. \u53f2\u8482\u592b\u5411\u4e2d\u56fd\u76f4\u64ad\u6709\u5173\u8bed\u8a00\u5b66\u4e60\u7684\u8282\u76ee
JMAmyPBVDd4 Poliglot Diskussionen: #4 Luca und Steve auf Deutsch
JMibKG_eWIY How Do We Get to Thinking in Another Language?
JRE2VKGOp2s Grammar Based vs. Natural Language Learning, Part 3
JSfkJwmzat4 Learning Mandarin - How I Went About It
JUwJMXXNG_A Learning Spanish - Reasons and Tips
JWh1o-RgFGE How to Learn a New Language from Scratch: Indonesian
JXUxs9Eob8A Language Learning & Multitasking
JcdPO3KbgeQ \u3010\u7d4c\u9a13\u8ac7\u3011\u4e2d\u56fd\u8a9e\u304c\u30da\u30e9\u30da\u30e9\u306b\u306a\u308b\u307e\u3067\u301c
JfPxjV_LsN8 Language Learning Tips: Feed Your Curiosity
JjyFcz7-EOo Improve Your Listening Comprehension: Listen Fast and Slow
Jk8hSX1m3To Moses McCormick and the True Path of Language Learning
Jn9mNQ0DEzk Can Reading And Listening Help Your Career?
Jp2b8macztQ Learn French Your Way With Jessica
Jtgo4zNaAb8 Language learners should demand natural learning
JtjWhN9ijlc \u0421\u0442\u0438\u0432\u0435\u043d \u0433\u043e\u0432\u043e\u0440\u0438\u0442 \u043f\u043e-\u0440\u0443\u0441\u0441\u043a\u0438: Steve Kaufmann Speaking Russian
Jwft2HDs7l0 Language Learning FAQs: Cases and Verb Endings 3 - Patterns
JwrjgsYxSZc Connecting Through Language Under COVID-19 Lockdown
K0QSj8rjrlE Golf and Language Learning - An interview with Martin Chuck
K0XKesxHVUI Getting Into Modern Greek
K1aVDER6kWA Managing Your Time When Learning a New Language
K2bhNzW1Nso Conversations with Luca - # 6 Svenska
K6HVHeTTYcg Language learning and golf
K8Pumowjz4g Discrimination
KBMqBs8resI Is Language Learning \u201cCultural Appropriation\u201d?
KFaCYCAOwFM Culture and Language Learning
KOOwkUBfDiI Overcoming Cultural Obstacles in Language Learning
KP4vgCdN5Ek Do We Learn Languages Subconsciously?
KRl5gWx69dY Day 17: Happy Chinese New Year!
KSneIFtcGN4 The Joy of Being a Linguist and the Power of Input
KVA2kqODVqc How Online Language Learning has Changed Everything
KVcPXpuMw0g Learning Basic or Everyday Vocabulary
KVtYJ0Dbfqo Active or Passive Language Skills, YouTube and More
Kd8rVwfle9A Greek Language Learning: Using What I\u2019ve Learned on Crete
KduJIWzHbLA Learn French online with LingQ #2: How to study a lesson
Ke2KVERVK-Q Learning words - Word Count is the Best Indicator of Your Progress
Kfpk6Dkd1JQ Day 30: To Learn a Language you Need to Learn a Lot of Words
Klin0WAmlTQ Grammar Based vs. Natural Language Learning, Part 7
KmuV8TWuXZo Learn French online with LingQ #1: Where to find content.
KnVv-gX9Qso Using Phrasebooks in Language Learning
Kt0RYS5QRE8 Language systems 1
KuuG8G_hVvY Talk to me in Korean
KwTZgMIMp5U Switching Languages, Arabic and Farsi
KxuMEiJe_8o The Golden Age of Language Learning.
L42Uq00hAYE I phone in Live to Echo Moskvi
L9bMHMxglNI How Learning Languages Benefits Your Career
LEcki2yPJtg \u8a9e\u5b66\u3092\u30de\u30b9\u30bf\u30fc\u3059\u308b\u306b\u306f\u5148\u751f\u306f\u5fc5\u305a\u3057\u3082\u5fc5\u8981\u3067\u306f\u306a\u3044\uff1f
LGYmgg1TVc8 Angelina Jolie and Russian at LingQ
LI-IqqWL97M Day 82: Getting Started Writing in the Language.
LLfTs3b0VNk Fluency in Czech, a Long Way Off
LQ1u56cdmow Why Many People Fail at Language Learning
LRW_18dhXBY Day 5: Listening and Understanding
LSTi5Z_UG4M \u041e\u043d\u043b\u0430\u0439\u043d-\u0432\u0441\u0442\u0440\u0435\u0447\u0430 LingQ - \u0434\u0430\u0432\u0430\u0439\u0442\u0435 \u0443\u0437\u043d\u0430\u0435\u043c, \u0447\u0442\u043e \u043d\u043e\u0432\u043e\u0433\u043e \u0443 \u043d\u0430\u0448\u0438\u0445 \u043f\u043e\u043b\u044c\u0437\u043e\u0432\u0430\u0442\u0435\u043b\u0435\u0439!
LUAroUwWBEc Fluency in five days: Getting ready for Prague
LVYON6uoCZw Consejos para que Ana aprenda las preposiciones
LXYo8Et0jNs When and How to Correct a Language Learner
LXcmi50kFW4 Language Talk with Foreign Service Officers and Ex-Diplomats
LY_LWM0INUQ Face to Face Conversation: How Important is it in Language Learning?
LYksMP3QtLc Why We Need A Lot Of Words
LZNmpoAXMgY How to Spend Your Time (Steve's Greatest Tips)
L_wr_6Q0v5s Levels of Proficiency in a Foreign Language
LkpnPnbydLs Where to go in New Zealand and Australia.
LnyY12oYmuE Getting Started on LingQ: Lesson, Vocab, Apps
LqgFI1lLNi4 Les Enfants,  Apprennent ils Mieux les Langues que les Adultes?
Lr6MKdbblp4 In Language Learning, Variety Keeps the Mind Fresh
Ltdv2kymcZo Learning Russian - Difficulties And Tips
Lu9cq90w5ws Day 75: Getting Over the Hump in Language Learning
LuYv5zm61HA Day 86: Writing Helps me Notice the Language
Ly8rFXxWzUY Learn Korean Vocabulary with Steve and Hanna
LzNeeYPgMVs Language Learning - 7 Secrets of Success: #5 Be Patient
M059nQ3VOCI Language Learners, What Are the Most Difficult Language Features?
M2MUWlkMFKs Learning French Slang with Street French
M3R-RFqfiSg Language Learning Talent
M41oz9mGgw4 #LingQchallenge Day 10: Distractions and Translations
M4R5BO0OFyI Can You Become Fluent in a Language With a Limited Vocabulary?
M5X6XzIKRCM Learning Multiple Languages at the Same Time
M5s51pFC5J0 Are Some Languages Easier To Learn Than Others?
M6TNBz-3Y-4 Language Learning: Your Anxiety is Not Real
M80LAdC-J7s Reading Bilingual Texts
MEYU6gpfuso Chinese Pronunciation Explained
MEoYKHUELeA Steve Kaufmann Reddit AMA Announcement
MFVRt3plcW8 Day 81: No Korean Today
MG-AF0ra8ag Language Learning FAQs: Multiple Languages at Once
MGv6KgCLQeI Take a Break from Language Learning, Makes you Fresher.
MMfnSd_Ekes \u65b0\u5e74\u306e\u62b1\u8ca0-\u697d\u3057\u304f\u5916\u56fd\u8a9e\u3092\u52c9\u5f37\u3059\u308b
MRkqzyoLwTI 90-Day Arabic and Persian Language Challenge
MUpLHVVfwNU Polyglot discussions: Felix in Brussels, English
MVCfLj5xJMw Happy Chinese New Year: Year of the Rooster
MWeLbdTIZ3U A Korean Conversation \ud55c\uad6d\uc5b4 \ud68c\ud654
MXJBBt_6mqs What is the Best Language to Learn?
M_k2MyaTRaI \u901a\u6653\u591a\u56fd\u8bed\u8a00\u4f1a\u8bdd: #8 \u6c49\u8bed & Luca and Steve close in English
Mav-w5teFfs 71st Birthday and Korean Challenge Goes On
McPMxzxiutg Deutsch f\u00fcr Euch: Learn German on YouTube with Katja
MicQyLVgMYQ Day 85: More on Using the iPad to Write Korean
MidFKvMN3T4 Learn Italian with Francesco of @Impara l'italiano con Vaporetto Italiano
Mm4b3m1Wqsk Public Speaking - Tips and Tricks From Ancient Rome & Greece
MqofstqmKoI LingQ 5.0 | What You Should Know
Mr5Fa5OC2hM What Makes a Polyglot?
MtyXFSf2vAc Language Learning FAQs: Case and Verb Endings 1 - Overview
MuSQ4dpO6F4 Language Learning is Like Cooking
Mu_SPQLRACw Learning Japanese - How I Went About It
Mz2UopvFwnQ Polyglot discussions: Felix in Brussels, Mandarin. \u4e2d\u6587\u666e\u901a\u8bdd
N3SLwMHdGII Listening Activity: How do You Spend Your Time?
N5cRd6cSW9g Learn Phrases and Watch Your Language Skills Skyrocket
N9coMp89KyQ Day 69: Small Talk or a Broad Vocabulary.
NA6KAB94MeU Steve\u2019s Answers, September 19th (Part 1)
NB6wSOblvHQ #LingQchallenge Day 18: My Second Korean Conversation
NEL12T5SFvc My Language Learning Goals for 2021
NIX5k7acSe4 3 Stages of Language Acquisition - How Long Does it Really Take
NNf2DMQ--Gs Power Language Learning Week 7: Don't Worry About Speaking, Focus on Comprehension.
NPxFEnF5oSw Language Learning FAQs: Reading, How Best To Do It?
NZWzvKWV56w Day 49: Transcribing Kim Younha's Podcasts
Nb9Ji9Mfuxk Learning the Farsi Language: 90 Day Challenge, Day 1
Ng2PYevWRtE Power Language Learning Week 3: Controlling Our Language Learning
NgSKCZIQxpI Los Siete Secretos del Aprendizaje de Idiomas: #5 Ser paciente
NiOZpJ-N_qE Japanese in 3 Months?
NirMPgCjvdE I Start a Diary.
NkxkBLYIMF8 Getting Started on LingQ: Library, My Lessons, My Imports
Nl_KLRa_8rM How Long Does It Take to Learn a Language?
Nm8tPBRzor8 Do You Enjoy Learning a Language?
NpBXe9fXtTM Dos gringos hablando en espa\u00f1ol sobre aprendizaje de idiomas
Npzclc_1peA Language Learning - True and False Cost
NuM5M63lR0U What\u2019s Needed to Learn a Language? Repetition and Novelty
O-5X5TP6TsE \u8a9e\u5b66\u5b66\u7fd2\u3068\u306f\u65b0\u3057\u3044\u4e16\u754c\u3092\u77e5\u308b\u304d\u3063\u304b\u3051\u300c\u5192\u967a\u300d\u3067\u3059
O-Tty2ls2bc The Power of Reading in Language Learning
O06JPEVGtvQ What Makes LingQ so Special?
O12B72DQjiQ Steve\u2019s Answers, September 19th (Part 2)
O2agi0cj71U Useful Language Learning Techniques - Conversation Exchange
O2vehRF56og Croatian Language Learning Failure
O4NZfV43Dcs The Inherent Contradictions of Language Learning
O6jNcQ3YNaE Learn Chinese online with LingQ: #1 Finding content
O7KpZ-2XHV8 Language Learning Needs to be Real
O9G1dgSaWNE Learn Italian with Weil\u00e0 Tom
OB94BcYXM5E Errors
OBwZY4hUFOI How to Stay Motivated
OEuOJLaE8-E Idiomas:  Aprendizaje Pasivo y Activo
OHQmZjQAt94 \u52b9\u679c\u7684\u8a00\u8449\u306e\u52c9\u5f37\u3002\u307e\u305a\u82e6\u52b4\u3057\u306a\u3044\u3053\u3068\uff01/ Language Learning - Don\u2019t Go Hard
ON92f2fVdqQ The Use of Dictionaries in Language Learning
OOrOb0fGKew Language Learning Activity Goals for 2022
OQIAq1KO_RI Learning Spanish and French - How I Went About It
OT5KMxdHltc Language Learning and Old Age
OTyjX3hXHZo Polyglot Joys and Problems
OVZ8vif2h8g LingQ 2.0\u306e\u30ec\u30c3\u30b9\u30f3\u30da\u30fc\u30b8\u306e\u3059\u3079\u3066\uff01
OWvmu-POSUg Motivation beim Sprachenlernen - drei Fragen
OXfECg7_4vE How I Get the Most Out of Online Lessons with Language Tutors
O_5HCGJheKs Vocabulary
ObhKjm4JgPM Intensity and Efficiency in our Language Learning (Live Stream)
OfZ8w4Kf-vE Accent reduction
Ojk2vWThDQU Put the Language Dictionary Down
Om8UyvO7iPQ Portugu\u00eas de Portugal vs. do Brasil @Portuguese With Leo
Onhy60L4T40 Learn Czech online at LingQ. # 3 The vocabulary section.
OqcCfnDm9Cc Phrasal Verbs, Business English, Academic English etc.
OvdLpfs7wL4 Language Learning Motivation with @Will John
P059op6vl00 Russian Verbs of Motion
P0fCdmgDklc Learning Esperanto & French Immersion
P10hWUB7PMI Non-native language teachers in Arizona
P2vpSNBG11E 12. Starting to Output: Writing
P8rcCcg5e70 We Don't Learn Languages in the Classroom, We Learn Them Wherever We Go
P9JXwmfn1Us Day 58: Kim Youngha's Podcasts and Media Freedom
P9qa0u8-Wu4 A Polyglot's 10 Secrets to Language Learning
PBbhpU4PFBo Managing Expectations When Learning a Language
PEVe7-j28Wg 2022 Language Learning Goals
PFMR-BHpru4 Habit 5 - Seek First to Understand, Then to Be Understood
PGST_E-rHyA Output activities in language learning
PGfimNa4fV0 Emotion, culture and language
PHh1wcP4keE Which Spanish Accent or French Accent Should You Learn?
PINzLKgwQrs Apprendre une langue et cultiver son jardin
PJbEP9_efe0 Learning Words - the Most Important Thing in Language Learning
PJbn9Z60hTw 90-Day Challenge Announcement
PJcnlelENIk Fluency Over Pronunciation.
PLq3HYiExbM \u041e\u043d\u043b\u0430\u0439\u043d\u2014\u0432\u0441\u0442\u0440\u0435\u0447\u0430 LingQ 2   \u041c\u0435\u043d\u044f\u044e\u0449\u0430\u044f\u0441\u044f \u0440\u043e\u043b\u044c \u0443\u0447\u0438\u0442\u0435\u043b\u0435\u0439 \u044f\u0437\u044b\u043a\u0430
POxRtCiXzyk \u82f1\u8a9e\u304c1\u756a\u52c9\u5f37\u3057\u3084\u3059\u3044\u8a00\u8a9e\u3067\u3059
PPM6xYbIEIg Language Learning Is Not a Race
PVWSDj5hLXs Language Learning or Language Discovery
PW3vaEDfjtE Just Do It! - Thank You Benny and Friends
PWJqqOK2veU \u82f1\u8a9e\u306e\u52c9\u5f37\u306f\u697d\u3057\u304f\u306a\u3044\u3068\u3044\u3051\u306a\u3044\u3002Learning English Simply Must Be Fun.
PWgDGajroOY The Yin and Yang of Language Learning
PX1iIHQi6AE A London selfie, sort of.
PY_RbuLHVlQ Steve Kaufmann - Learning in the Age of the iPad - Part 3 of 6
PZezZmg7kjE Day 36: Why I Learn Languages
PasEt5guyeg A discussion on language learning in Cantonese
PbdMCLKOoNc Lesson One in Learning a Language
PdJHMJ9pdaU My 2019 Language Learning Strategy
PgKgFCDbZcQ Day 41: Language Learning Without Thinking
PgKqlqauLFM Language Input Helps My Language Output
PjyF7gURXfw Pimsleur - Why I am not its Fan
PkzMddU00Rw On jimmyrcom's video tutorial on language learning
PlBW7Y6GL6Y Tips on Learning Japanese
PpQi74opHrQ Finding the Time to Learn Languages
PpRMflA-C5M Mes sept secrets de l'apprentissage des langues: # 3 Devenez attentif
PubMcKXRBWQ September 90-Day Challenge: Announcement
PvT3c0ljWtw The Importance of Reading
PysrSrM-418 LingQ - \u65e5\u672c\u8a9e\u3067\u306e\u7d39\u4ecb
Q3H5UDKqQ_A 3 Simple Tips for Learning English (Webinar)
Q8gyAqRnsAI Language Learning Strategy: Let the Language Come to You
Q9V_FRaXIFg Writing on LingQ
QB9r9y7g53E LingQ - Introducci\u00f3n en espa\u00f1ol
QBkjLgdMDes Videos in Other Languages and My Beijing Duck Dinner
QG298HD75x0 Some More Thoughts on the Ukraine
QJyyUyhCHLU Variety is Key When Learning New Languages
QNZvn2HKFsM 14. The LingQ Community
QQBzGFbdzAY LingQ est commercial
QRvDZ87JAYw Meet ups in Vienna, Poprad, Olomouc, Bratislava, or Prague
QXy8rVhd4-s Learning Two Languages at the Same Time (live stream)
QZMd1p-ld1Q Steve Kaufmann - Learning in the Age of the iPad - Part 1 of 6
Q_c7JIFFWLc Novak Djokovic Communicates So Well In French! Even With Mistakes.
Qc5PJh9tEUo Comprehensible Immersion: In Response to Olly Richards
QeqFrO1sbTM Using the new LingQ 4.0 reader
Qgf0ltAq4LQ Steve's Language Workout - Making the Most Out of Your LingQs
Qh2MPNdPaeE Pope Francis and Capitalism
Qm8QSNV2Unw Language Learning Motivation: Exploration & Discovery
QoFCfwtl3Dw Learning and the Growth Mindset.
QvdMGHXg384 Getting Outside Your Comfort Zone (Live Stream)
QxETdG482K0 Rosetta Stone - 7 Reasons I Am Reluctant To Use It
R1PqrgvdlEg Finding the Time to Learn Polish
R3VKuTgc_8I The LingQ Language Learning System
R76UeKY7NSc Mistakes in language learning (Misteaks?)
RC8pcxrWphw Age DOESN'T Matter (Steve's Greatest Tips)
RDBhUwQL_ls Bumbling along in Russian
REuwU1NxbdM LingQ.com Fran\u00e7ais
RFV7WytEjfo Don't Rely on Memory (Steve's Greatest Tips)
RGx95w-eSOg \u6c17\u3065\u304f\u80fd\u529b\u3068\u8a00\u8a9e\u5b66\u7fd2
RKQc6wPGNKw Steve\u2019s Answers, September 19th (Part 3)
RLOlPCkoLTY Learn French at LingQ #4: Language Learning is Fun
RQME9UDSKHE Speaking Asian Languages: Japanese, Mandarin, Cantonese & Korean
RRc_S4J-Mss Steve and Olly Talk Learning Italian
RTBH0bNZQFA The Placebo Effect in Language Learning
RUZF1HEBQdM Day 25: To learn a Language, Find your Own Path
RY-CDGRKphU The Language Learning Tripod #3. Noticing
RYw5rFR0ipo LingQ Webinar with Lindsay
RajdFnzcTUk Day 23: Language Mining
RfALCEnIEus Manfred Spitzer\u2019s Contribution to Language Learning Theory: Novelty & Repetition
RmQYc5E0kQ4 Extensive Reading Works: And That Means Real Books
RmfKusFNWpk English Phrasal Verbs
RnYlbGYZ73M LingQ \u043d\u0430 \u0420\u0443\u0441\u0441\u043a\u043e\u043c \u042f\u0437\u044b\u043a\u0435
Rt73DFxIWew Contextual Learning: The Big Picture Helps You Learn Languages
Rw0cCYygItM Noticing in Language Learning
RyD1V_AdkWU \u0417\u0430\u0447\u0435\u043c \u0443\u0447\u0438\u0442\u044c \u043c\u0430\u043b\u044b\u0435 \u044f\u0437\u044b\u043a\u0438?
RyqLOFEXFSk Two months to fluency? Not really - Romanian interview
S2KM7F41jWc Short Stories to Help You Learn a New Language
S2S2V06W47Q Learn Czech online at LingQ. #1 Finding the content.
S2oDUWIPAoU Is Using Lists Effective in Language Learning?
S3kx0KJlpEQ The Importance of Vocabulary in Language Learning with Keith Hayden
SA7m8DGIFl0 Random Repetition Systems
SAz1kN7l_pc Change is the Only Constant in Language Learning
SDAmxiLVNYU More on multilingualism
SDSBYm1xvQg \u6771\u65e5\u672c\u5f37\u5927\u5730\u9707\u3092\u8003\u3048\u3066 - Thoughts on the Tohoku Earthquake in Japanese
SE4hXFH5OvA Leitner and how to learn
SLPM3tLtlWY What Is The Hardest Language to Learn?
SMGK1kHhfJQ Silent Period Vs. Speaking from Day One
SMefsVSgoAk About Learning German and Other subjects
SNnEMrLd7ns Tips for Learning a New Language - Turkish
SOfJ5ZqXsc4 Universities, Who Should Pay?
SUhLbHyQmAg Learning Words - How I Do It.
SUwI4KF1zJI LangFest Montreal 2017: The Countdown Is On!
SV9N_XnwWws Language Learning Progress Videos: Why They\u2019re a Great Idea
SVxqOlfoBEk Day 9: Did about 3 hours of learning Korean today
SWFf9Wt17Hs \u82f1\u8a9e\u306e\u805e\u304d\u6d41\u3057\u306b\u3064\u3044\u3066
SX-YK9v67OU Classroom vs. Independent Learning
SYkQB0ATxtM Language learning and the brain - a Layman's view
SZ98GQcXaU8 \u82f1\u8a9e\u306f\u72ec\u5b66\u304c\u5982\u4f55\u3057\u3066\u3082\u5fc5\u8981\u3067\u3059
SZEBLLxMFW8 Day 90: The 90-Day Challenge - My Last Day
SZKRVMzPeYA September 90-Day Challenge: 2 Week Update
SbY9Cy7QI5Y Language and Culture | First Learn the Language, Then the Culture.
Sdbf38rGj5c What Motivates Luca Lampariello, Polyglot Extraordinaire?
SlU1a3CVPEE Overcoming Language Learning Frustrations: Tagging Hebrew Words and Phrases
Slyfl3XfxzI Short-Term or Long-Term Language Activities
SmHwGuj0IOQ Literacy
Sr-k5L_7idU Duolingo Review
Ss7QqYu922I Do Visual Language Learners Exist?
SufCAlzM-TE The Importance Of Compelling Content - Stephen Krashen
SvFvMcHeSyo \u82f1\u4f1a\u8a71
SxUzqHtDtbg Levelling Up With Moses Mccormick (laoshu505000): Part 2
T1O2rRqWOzA Intermediate Language Learning Content, A Suggestion
T4KoNDnIQd0 I Need Help in Romanian
T4rfYh-573A Learning a Language is not Difficult, but Speaking is
T5JP_X3esBo Learning Spanish with Pablo Rom\u00e1n of Dreaming Spanish
T6jt1vqRw8g Why Become a Polyglot? For the Sheer Enjoyment of it.
T9kghrzGb2Y \u82f1\u8a9e\u3092\u6b62\u3081\u3066\u4e2d\u56fd\u8a9e\u3092\u52c9\u5f37\u3057\u306a\u3055\u3044
TAJ6JP0bSi0 Est-ce que le fran\u00e7ais est difficile? Is French difficult? (En fran\u00e7ais)
TAePyl33gOQ How Many Languages Do I Speak?
TB7qI-WvnZM My Favourite Language Learning Apps
TD_eiGR0Tm8 Day 13. Comprehension Improving. Not Yet Motivated to Speak a lot.
TEz3bAHU1K4 Word Play, a Program About Polyglots on Canada's Global Television
TFEIoXQMxjI Drills, Quizzes & Tests, Do They Help You Learn Languages?
TI4cHOX5e-U Day 77: I quit, Enough is Enough.
TLMhodqwCt8 Etapas del aprendizaje de idiomas
TLPLR7RxIvU Stephen Covey - The Seven Habits of Highly Effective People - How This Applies To Language Learning
TPh4EBY3YLY Day 3: I Think I Got it Right Now
TRCulLXo4O4 Is Tim Ferriss' \
TXw8FIaXlw4 Levelling Up With Moses (laoshu505000): Part 3
T_6hFt1KliM Which Language is Easiest to Learn?
TeVvBPLUC0Q Ca\u043c\u044b\u0435 \u0441\u043b\u043e\u0436\u043d\u044b\u0435 \u044f\u0437\u044b\u043a\u0438 | @\u042d\u043d\u0442\u043e\u043d\u0438 \u0410\u043c\u0435\u0440\u0438\u043a\u0430\u043d\u0435\u0446
TmWZ00fUlZE \u041f\u043e\u043d\u0438\u043c\u0430\u043d\u0438\u0435 \u0438 \u0441\u043b\u043e\u0432\u0430\u0440\u043d\u044b\u0439 \u0437\u0430\u043f\u0430\u0441: \u043e\u0441\u043d\u043e\u0432\u0430
Tq5pBv4D3gA Fluency, a Flowing River or a Trickling Brook?
TqJkc4OExnM Listening Skills
TrNJrVFgdAg Langfest
Tt97NiYP89Q My Language Learning Technique
TtA4VaiD2MI Duolingo - Is It Really Efficient?
TzBAywINONc Why Kids Learn Better Than Adults
U8WtLT5yq_E Key to Pronunciation: Feel You Want to Belong | Discussion with @Iryna Fedchenko
UAsS0Mnp_tI Language Learning Burnout? Here Are My Tips
UFXjsE6qw4U Trip Log #2: Forgetting my Brazilian Visa
UHeDH4IfU48 Blog about learning Spanish: http://www.lingq.com/blog2015/
UJVWvdGIWkA Learning Two Languages At Once
ULMnKXtC67U After 90 Days: Achievements and Where Do We Go From Here
UM-e9wRwZ9c How I Learned Japanese
UPMgtEHom5I Learn Romanian
UR4LV6VsGzQ Diferencias entre adjetivos terminados en -ing y -ed
UW1IULMiRZI Dialoguing
UYss9Xd7EBc \u5bf9\u8bed\u8a00\u5b66\u4e60\u7684\u4e00\u4e9b\u770b\u6cd5\u3002An interview in Chinese about language learning.
UdZGRoMunKU \u041a\u0430\u043d\u0430\u0434\u0435\u0446 \u0438 \u0433\u043e\u043b\u043b\u0430\u043d\u0434\u0435\u0446. \u0418\u043d\u043e\u0441\u0442\u0440\u0430\u043d\u0446\u044b \u043e \u0420\u043e\u0441\u0441\u0438\u0438. @\u0410\u0440\u0438 \u0433\u043e\u0432\u043e\u0440\u0438\u0442 \u043f\u043e-\u0420\u0443\u0441\u0441\u043a\u0438
Umi8de3eAtU Using the LingQ Lessons Page
UnUMSPRTaXo Le nouveau LingQ 2.0.
UrJVqWTYUDc Day 76: Language Learning Requires Commitment
UuQTUGrT7N4 Language Learning Strategies: Getting Over the Plateau
UwsSbBIgq3Y Learning Arabic: 90 Day Challenge, Day 1
UwuVnSN6xnM Language Meet-ups and Online Language Resources
UxjaAAabckU LPGA English requirement
V22CAFUtFXc Multilingualism and the Brain. A Conference at McGill University, Montreal
V3NujyNEwOY Learn Chinese online: #2 Lessons
V4mZbHIPj0c Language Freedom
V5Xlz3m8-Q4 Importing on LingQ
V5xlq6g3N4A \u8a00\u8449\u306e\u52c9\u5f37\u306e\uff17\u3064\u79d8\u5bc6\u3002\uff032 \u697d\u3057\u304f\u52c9\u5f37\u3057\u3088\u3046\uff01
V6jQl83RM9w #4 Le vocabulaire est plus important que la grammaire
V98mg8r0hsk Canada Day message
VBxjMNRQlwo Mes sept secrets de l'apprentissage des langues: # 1 Cela prend du temps.
VDxWacHv78M Beginner French at LingQ #3
VE4q1MjFol4 Language Learning and Sudoku
VGvjc8Dko6k #LingQchallenge in Korean: Day 2
VHM9iN69Iak Sur l'apprentissage des langues, avec Charl\u00e8ne. How Good Is Your French?
VJm_nC9WEMo Day 8: A conversation in Korean with subtitles of sorts
VLz9-jlJ-fA Language Learning - Does Age Matter?
VR68IUKIkT4 Dictionaries - I Don\u2019t Worship Them
VUQ6qHuv0v4 You Needn't Travel to the Country to Achieve Fluency | Chat with @English with Veronika Mark
VVBTNR7CSz8 Largest English Class in History - My Thoughts in English and Ukrainian
VZfR6ONLGYY Day 59: Eureka Moments in Language Learning.
VaMCdMprqGU Don't Wait, Be Proactive (Steve's Greatest Tips)
Vcb60ZuLYXs French Welcome to The Linguist
Vhwa8KBs9LE Politics #2: Ukraine, Nationalism, Propaganda, Double Standards etc..
VyoraDhrfcc Stephen Krashen - Points I Have Reservations About
VzzgVSLvV-k Beginner French at LingQ #1
W-dpqJbVgy0 A Chat in Several Languages with the Language Tsar Conor
W2nt0xDpm0I Language Learning Progress
W4aul7lhhTw Day 68: Language Learning and Time
W4bbU8e_DFo Language Accents and Insecurities
W724CWnGEUE Los Siete Secretos del Aprendizaje de Idiomas: #7 Hacerse independiente
W8jotd1A3c8 90 Day Challenge: Week Two
W8tFurYQ-38 The Three Stages of Language Acquisition
WEuf5AiIWQo 'Academically Adrift'  Students are not Learning Because They Don't Read.
WGS9NiR5GMo Steve Kaufmann - Q&A
WGj7AJG0Xrs How to Bring Up Bilingual and Multilingual Kids: A Chat with Tetsu Yung
WJsNEhQ8j_g Seoul Meet Up
WKrsaEs51jM Hacerse pol\u00edglota. Conversaci\u00f3n con Luca (#3 en Espa\u00f1ol)
WN4fP7S9TJk Grammar Based vs. Natural Language Learning, Part 5
WT5RqDFGeh8 Rencontre \u00e0 Montr\u00e9al  le 16 ou 17 septembre
WW0n9EBGRng How Learning Languages Changed My Life
WX-oXqx4RyM Live Language Workouts Coming Soon
WdjnKcuMaOs Introduction to LingQ 2.0 (LingQ.com)
WdkAsHWgNK0 Patience in Language Learning: A Message in Russian, Mandarin, Korean & Japanese
WgF_YJkWoWE Steve's Language Workout - Finding the Right Content
Wj_uprWk0Sg \u591a\u8aad\u591a\u8074\u3001\u8aad\u3093\u3060\u308a\u805e\u3044\u305f\u308a\u3060\u3051\u3067\u4f1a\u8a71\u80fd\u529b\u4e0a\u9054\u3002
WplHyEQGDrQ LingQ -  \u0412\u0432\u0435\u0434\u0435\u043d\u0438\u0435 \u043d\u0430 \u0440\u0443\u0441\u0441\u043a\u043e\u043c.
WtZ8fz8m16Q Language Immersion and Travel
WyH1cux5Iiw Citizenship in a global world
X-WmdgeVKS0 \u30dd\u30c3\u30c9\u30ad\u30e3\u30b9\u30c8\u3092\u5229\u7528\u3057\u3066\u8a00\u8a9e\u3092\u5b66\u3076\u65b9\u6cd5
X06wDFwbC7Y Beginner French at LingQ #6
X0dwAluGzs4 Multiple Languages: Confessions Of A Serial Language Learner
X2nPcLx9bBE Learning Korean. Conversation with Hyunwoo Sun.
XB6YsNvrT6Q The Best App For Learning a Language
XDqoNTRB3og \u5b66\u8bed\u8a00\u76847\u4e2a\u539f\u5219
XDv2vGgodOQ Why a Tutor is Important (Live Stream)
XHJBiA3wHpM Chat with Lina Vasquez, Polyglot who Speaks 8 Languages
XLbtzTiykWg LingQ Gathering #3 - Let's Hear From Our Members
XLgvSZ4LSJg Language Learning - 7 Secrets of Success: #1 Spend The Time.
XN-2rM_o7Jo What is The Hardest Language to Learn?
XNWD6UqaAsk Get rid of language tests
XNmPVej_fMg The Language Learning Revolution
XO3wR72rE6k #LingQchallenge Day 3: Believe in the Process!
XQy2ZaFGEXk Learn Two Languages at Once
XUxhIMYJ6Is LingQ - Introduction en fran\u00e7ais.
X_sjTm5Vd2E Why You Need to Upgrade at LingQ
XaAgr9gx6kE Entrepreneurs & Language Learners
XaUqjcdQbZQ \
XatPWxAoHTc \u30b3\u30ed\u30ca\u30a6\u30a4\u30eb\u30b9\u304c\u8a00\u8a9e\u5b66\u7fd2\u306b\u4e0e\u3048\u308b\u5f71\u97ff
XbompbqxogU Language Learning Fitness And Double Unders
Xh2yCTidgfg Arabic Dialects
XpSb2vn5d7M LingQ.com Svenska
XpY5XBv3CvI Polyglot Richard Simcott: Genial Godfather of the Movement
XqEVahYw4LE Authentic and Compelling Input: Conclusions from the 2016 ACTFL Convention in Boston
XqMXRpREFO8 When Your Language Learning Hits a Plateau
XtPYjxb3ak0 Language Learning - 7 Secrets of Success: #3 Learn To Notice
XyYdmZAupn8 September 90-Day Challenge: Content - The Key to Language Learning Success
Y1WPEcTS1sE Chinese Grammar is Not Difficult
Y5CE52uLMgQ Correcting Mistakes in Language Learning, Does it Work?
Y5P9SOHvbZ0 Day 10: A Slow Day Language Learning Wise
YDTx7axEOk0 Let the Language Come Naturally
YEA1jhwScqs Bratislava Polyglot Gathering: A Multilingual Lunch
YHUh2IuBj0Y A Polyglot Learning Arabic: How Many Words Do I Know?
YIJJroTQaPA DO NOT Go to Language School
YOk9zxZRsio TOEIC Test
YPhmTOmB26E \u5b66\u8bed\u8a00\u4e3a\u4ec0\u4e48\u90a3\u4e48\u56f0\u96be\uff1f
YV6eJwCQr-w Language learning is mostly about learning words.
YWYRayhtf-A Go \
YYxIb5dbjLw I Support Ukraine
YZCpcPEWww8 How To Speak Better in a New Language
YamI9iai3bk Teaching credentials
Yc5BvODY-1E Steve's Summer Sessions #2 - Studying Two Languages at Once, Thoughts on SRS
Yi_tVhn93DY Day 21: Speaking Korean Again with Juhyun. Better Version.
YjzR5tc6rVw Future LingQ Hangouts
Yl62a2Kv690 Korean
Yoc9wxSg5KM Fluent In 3 Months?
YoqnIA0Byic Language Acquisition Through Stories
YqlgQ3PbVc0 Mobile Language Learning
YwxxY7eosPA Language Exercises: It's All About the Gains
YxCjyMNl8eU Is Chinese Difficult? | \u4e2d\u6587\u96be\u5b66\u5417?
YxgcLmKf-LQ LingQ is a Commercial Site
YyxAYctmGg0 Passive Vocabulary: A Powerful Weapon in Your Language Learning Arsenal
YzqYyHwm82A Language acquisition
Z0hoHUluu5M Tres consejos para Ana: Comprensi\u00f3n, entonaci\u00f3n y frases
Z1-2QFJMRUs Language Learning - The Three Golden Keys
Z1ECy0OA2F0 \u6975\u7aef\u306a\u8a00\u8a9e\u5b66\u7fd2\u305d\u306e\u4e8c\u3002\u4f55\u6545\u3068\u3069\u3046\u3044\u3046\u98a8\u306b\u3002
Z6SZB7zoxkk \u8a00\u8449\u306e\u52c9\u5f37\u306e\uff17\u3064\u79d8\u5bc6\u3002\uff033 \u8a00\u8a9e\u3092\u6c17\u4ed8\u304f\u3053\u3068\u3092\u5b66\u3076\uff01
Z7mxjEypyqc \u8a00\u8449\u306e\u52c9\u5f37\u306e\uff17\u3064\u79d8\u5bc6: #5  \u5fcd\u8010\u3092\u6301\u3064\u3053\u3068
ZDt8me-mF2w Speaking in a New Language is Motivating & Tells You Where You Are
ZEVzHpAZDNM \u82f1\u8a9e\u3084\u65e5\u672c\u8a9e\u306f\u4f55\u306e\u305f\u3081\u306b\u52c9\u5f37\u3059\u308b\u306e\u304b? (w/ Matt VS Japan)
ZFCxQ-hhbDg Learning the Language: The Fourth Dimension of Travel
ZHxqkLFRhws Language Learning. How to Avoid a Burnout?
ZMILNUoitQ8 SRS and Chinese characters
ZNqJxMX-4SA LingQs New Language Proficiency Test http://www.lingq.com/language-proficiency-test/
ZPw7db6D9pY Merrill Swain's Output Hypothesis
ZS-PholfM5A Learning French - Difficulties And Tips
ZTXUeHq98uQ 90 Days of Ukrainian. Mission Accomplished.
ZTv46BDYZxM A final Review of my 90-Day Korean Challenge
ZUUhW6w04J4 An Interview with my Ukrainian Teacher
ZZ-c_YyOFsE How Hard Is It to Learn English? Interview with @\u3086\u3058\u30fc/Yuzzy
ZgTkoM9AL2Q September 90-Day Challenge: Join the LingQ Team
ZgoAfZHX7Gw Using Google Text to Speech to Improve Pronunciation
ZjLsRnFHBC0 Natural language starts with natural content
ZpY3HMaJSOE Task-Based Language Learning
Zr5LxefI4OE Three Stages of Listening to Get to Fluency
Zsg7V9gnmdE Day 37: Olympic Gold for Canada
ZuMQvtlXI9Q Day 35: An Active Day of Learning
Zv6nAnaq784 Is It Hard to Learn Japanese?
Zx-fQvTRJ4w Peace Country Northern Alberta
Zy6X3ZllYsQ Interview with Olly Richards: Polyglot & Creator of Language Learning Readers
_-8b1ibSWYM Language Learning Research
_1xpGH85mfg Effective Grammar Learning: A Guide to My Process
_3z-xp-L-lE Dash to the Finish Line of the 90 Day Challenge
_6to507t18w Bill Gates Wants to Learn French
_MEYV9moeck Seniors Should Learn Languages
_OiCe4Dju6s Language Learning is Subjective
_Q3MLJVtdCM CI/Compelling or Comprehensible Input in Language Learning
_UjeWe-yaHE Five days to fluency in Czech: Update August 23
_V0iemIfeBQ \u591a\u542c\u591a\u9605\u8bfb\uff0c\u8bed\u8a00\u5b66\u4e60\u7684\u6700\u6709\u6548\uff0c \u6700\u65b9\u4fbf\uff0c \u7684\u529e\u6cd5\u3002
__GKBw7NmH0 \u6d41\u66a2\u306b\u8a71\u305b\u308b\u3088\u3046\u306b\u4e09\u3064\u306e\u79d8\u5bc6\u306e\u8cea\u554f\u3002/ Fluency - Answer 3 Questions That Will Get You There
__LMSfkVf58 Kas yra LingQ? (Kalbu kursai internete)
_d4ovYwgGxc My Russian avatar
_eMwFf4dhRg Learning Online: Makes Us Great (Again?)
_fpezXDJoWo \u504f\u898b\u3068\u8a9e\u5b66\u5b66\u7fd2\u306e\u95a2\u4fc2\u3068\u306f
_g6IhdVnyHI The Importance of Variety When Learning a New Language
_gha90GPZHw An Interview with Language Entrepreneur Vicente, Online Spanish Teacher from Malaga
_kOe7fAxKQg The PROBLEM of Language Teaching w/ Stephen Krashen (Steve's Greatest Tips)
_qor37Mo9Rc Language Correction and the Independent Learner
_xnAbgWaG30 Return on Investment: Language Learning Efficiency
_y-lMkLkCfw How to Focus Better When Learning: Don\u2019t Focus
a1F3wQvF7Tc Language Learning: You Can Actually Control It
a23N1iBayM8 Day 74: There are no Shortcuts in Language Learning
a3Pr1zROuJ0 The Motivation of a Polyglot @Gabriel Poliglota
a4m2I67fQnY \u8a00\u8a9e\u5b66\u7fd2\u8005\u306e\u72ec\u7acb\u5ba3\u8a00
a6ptX8PZoHI Karo, polaca, ense\u00f1a espa\u00f1ol en Internet.
a6wtH9ilk6E Interesting Content: Key to any Language Learning App
a7q2bjk_m-M Language Learning: Motivation for the Lazy Language Learners
a8xUaSUTWw8 \u0427\u0430\u0441\u0442\u043e\u0442\u043d\u0456\u0441\u0442\u044c \u0441\u043b\u0456\u0432 \u0456 \u0432\u0438\u0432\u0447\u0435\u043d\u043d\u044f \u043c\u043e\u0432\u0438 - \u0443\u043a\u0440\u0430\u0457\u043d\u0441\u044c\u043a\u0430
aEC4ThJPMHk Beginner Language Learners: Time to Speak Your Language?
aGhQn5GIYpc Day 11: Physical Exercise and Language Learning
aIRef1BryPM How Learning a Second Language Boosted My Career Opportunities
aIWqO2MfYw0 What's the Easiest Language to Learn?
aMrSZncIWPo Children Who Learn Another Language at Childhood
aNGVKZSkpEA \u82f1\u8a9e\u5b66\u7fd2\uff17\u3064\u8aa4\u89e3 / Learning English - 7 Misconceptions
aQNgcFz6DnI Day 26: Assimil - Challenging Korean
aXbr4jOs_H8 Don't Study Grammar Rules, Learn Phrases
aY5EMUjtJrY Interlingua, Interslavic & Esperanto: My Thoughts on Artificial Languages
ac4aJt7xAHU Language Learning - 7 Secrets of Success: #5 Get The Tools
aco5Yog6jG0 The Importance of Repetition in Language Learning
adSzjK1flP8 Reading Stories Accelerates Language Learning
agfFzCo5RO4 \u0411\u043b\u043e\u0433 \u0421\u0442\u0438\u0432\u0430 \u043d\u0430 \u042d\u0445\u043e \u041c\u043e\u0441\u043a\u0432\u044b (\u0427\u0430\u0441\u0442\u044c 1) / Intro Echo Moskvi blog
ahyC6pBRdjc LingQ Gathering #8 - Focus on the Mobile App
ajUcddDXVjA Language Learning FAQs: Case and Verb Endings 2 - Tables
ajkWBNlMJkI 90-Day Challenge: My Arabic conversation with Mohamed, Part I
ak1_hoRimU0 Rencontre \u00e0 Paris (meetup) le 30 janvier.
apxNZT2llCE A review of language systems
arVf-Sr2liA Language Learning - 7 Secrets of Success: #4 Words Over Grammar
as6NvY75dWg Welcome to The Linguist
atCo4QMSrRs Input hypothesis or interaction hypothesis?
au4CoCLi1Is What Is Comprehensible Input?
axsIwtxcy5I Learning a Different Language: How to Get Started
ayfOG5Idoqg Vocabulary Acquisition: The Rich Get Richer
ayuVmUUURho \u8fd9\u8001\u5934\u771f\u80fd\u8bf420\u56fd\u8bed\u8a00\uff1f
b2egznZAgtY Globalization, Davos & Language Learning
b3rZkjbMJH0 Language learning and gardening
bAiWj7h8-e4 Tablets Over Books for Language Learning
bD8_cELmTOQ Speaking Fluently - Does It Actually Come From Speaking?
bHMEXqKf8kI 90 Day Challenge: Week Six,  Reading and Importing Content
bJ-ys73x-FE Day 89: Don't Worry About your Mistakes in Language Learning
bJx7CW4DQIw \u82f1\u8a9e\u306b\u3088\u304f\u3042\u308b\u9593\u9055\u3044 (I Am Boring)
bMnEZmc9nj4 Day 71: Alex Returns from Korea
bOAuW9bGOlk Pour Parler Une Langue il Faut D'abord L'\u00e9couter
bPRv5T0lia4 What is the Most Important Activity in Language Learning
bQD1mNnrux4 Day 13: Speaking and Reading are Better
bQvNZxXRB6k Don't Speak in Your Target Language
bVd1xbOsXQE Learning a New Language Doesn't Have to Be Difficult
bfu--NcaTZU When Learning a New Language the Language is the Teacher
bmILvfssfV0 Language Learning - Using of Modern Technologies
bnAVc1QuBSc LingQ.com \u0420\u0443\u0441\u0441\u043a\u0438\u0439
bps4fGGsqRc 12 Basic Tips for Learning Spanish
brynYXwR44I Failure Can Mean Success in Language Learning
bsFefn2b1G0 Learn French at LingQ: Setting Goals when Learning French
bu61P8VeZYM 100,000 Subscribers!
bvBMtVEAzek Como aprender idiomas sozinho
bzEUK2UPCY0 How Should Languages Be Taught in School?
bzU3ALEK3cM LingQ.com     \u4e2d\u6587
c-g6-yasSXg Cultural Immersion in Morocco
c4VRoFsUZpQ \u82f1\u8a9e\u306e\u52c9\u5f37\u306b\u306f\u307e\u305a\u71b1\u610f
c57Jz57OVlw Verb Conjugations: How to Deal with Them
c5QE7UklnYI L'apprentissage des Langues et le Talent
c6ZRkmiDxR4 Ice Bucket Challenge and Montreal Meet up (Maybe)
c99-0Pre_Vk Seoul moments #3: City Hall Environmental Display
cAoix5x5ZUg #LingQchallenge Day 7: Content is king, in English & \u043f\u043e-\u0440\u0443\u0441\u0441\u043a\u0438
cBvGZkpBtqc TOEFL, TOEIC, IELTS \u305d\u306e\u4ed6\u3001\u82f1\u8a9e\u52c9\u5f37\u306b\u5f79\u305f\u305f\u306a\u3044
cEBDcq0zuls A chave para a aprendizagem das l\u00ednguas - aceitar a incerteza
cH7byodOC9Y Can an Intermediate Language Level Be Considered Fluent?
cHbjoUKuxUM Keep Your Vocabulary Review Random
cIhozfvSqHI A Happy Holiday Message From Steve
cIv68PZQ544 Grammar: How Best to Study it
cKUaG_iztmI Language Learning and LingQ: Google + Hangout. Come and join me in a webinar.
cSx7_FILIyI Learning Japanese, Chinese and Korean compared
cWFeMxTk8WU \u8a00\u8449\u306e\u52c9\u5f37\u306f\u8a00\u8449\u306e\u52c9\u5f37
cX5PnDrI_hk Teach Yourself and Pimsleur, Pros and Cons.
cXjRbQgbQOw Slow & Steady Study Of Language
cYLQf2rkcBg \u041a\u043d\u0438\u0433\u0438 VS \u0418\u043d\u0442\u0435\u0440\u043d\u0435\u0442/Books VS Internet
cYvI1orhVRQ Why do We Learn Languages?
cZ-6u0g5HGE El Dominio de s\u00ed Mismo  y el Aprendizaje de Idiomas
cd_yznmDrr0 Speaking in a Foreign Language
cim91Ucn48k LingQ Einf\u00fchrung auf Deutsch.
cv1Hb8KsSWE Day 34: Progress in a Language Needs Meaningful Conversations
cwOLj8-kkmw Language Learning: Getting Frustrated
czcrt3B5J8I How Our Emotions Influence Our Language Skills
d1CXZSKJGRg What Multitasking Means to the Language Learner
d2trfvevg90 The Rational Optimist and Education
d5Atq08k7wk Romania, a Short but Lovely Visit.
d64DMe-DLtU How to Learn Languages? (Webinar by Steve Kaufmann)
d6Hdps_A4EM Day 80: Small Talk and Momentum in Language Learning
d6dbwg8V2dU First 3 Months: Fluency is NOT the Goal
d8zWV9XGJtI Listening Comprehension - The Core Language Skill
dCvFxhzGbVE Learn French at LingQ: Strategies for Listening in Language Learning
dDyyyiRsv5M You DO NOT Need to Be Perfect
dG0vjHKZ48k Language Learning - Input Based Approach
dH8Ci9HvXeo Language Learning Tool Box
dNLX-p-vTbo LingQ Gathering #5 - Language Learning on Lockdown
dRwdj--Mn_0 Dificuldades na Aprendizagem de L\u00ednguas
dW-WeO82OaI Most Chinese Immigrants Don't Improve Their English After 7 Years. Why?
dWpQLt5b_ws Common Language Learning Problems
dX9AidwcRpk Whose fault that we read less well today?
dilERHe6xCs Don't Study the Language, Just Explore and You'll Learn
dkMWQ2MMmMQ Morning Routine for Language Learning
dkynYfKTRuc \u3010\u30cd\u30a4\u30c6\u30a3\u30d6\u306b\u3088\u308b\u30c9\u30a4\u30c4\u8a9e\u8b1b\u5ea7\u3011\u65e5\u672c\u5728\u4f4f\u306e\u30c9\u30a4\u30c4\u4eba\u306b\u805e\u304f\u3001\u6700\u9069\u306a\u30c9\u30a4\u30c4\u8a9e\u306e\u52c9\u5f37\u6cd5\uff01
dkziCeyJ8Qw Catalan & Other \u201cMinor\u201d Languages: A Discussion with Sergi Mart\u00edn
doWuny9rnw0 How Well Should Canadian Politicians Speak French?
dpviWZKUgXs Learning Several Languages at the Same Time and Keeping Them
dr3qkR9ya6A Escuela Mexicana en Guanajuato
dreXUN8t21A Learning Hebrew in Israel: Making Neural Networks
dvOCkgU7QK4 What I Really Think About Language Learning
dvcsDZJ1KQc La escucha es la clave para alcanzar un nivel de fluidez
dyWr3IG77OY Why Learn a Foreign Language?
dzRpOKramG8 How to Improve Speaking Skills: Listen More
e-UUEeCMMVI Motivace ve v\u00fduce jazyk\u016f
e0GSm1len-c Learn the Words That Matter to You
e1FVMjXtl9E Day 57: Languages are for Talking and not Fighting
e7OF7F6YdL4 Why Learn Farsi? Or Any Other Language for That Matter
e7TZzu3ZQdw Learn a Language On the Go With the LingQ App & Playlist
eBtRXNyG3yA # 5  Soyez patient
eCdOmmk4W1s Speaking in Your Target Language: My Thoughts & Tips
eDphYHDak6I How Long Does It Take to Learn a Language?
eLkwkWBNfHo 13. The Goal for Most of Us is to Speak
eNTLheUqPfY My Language Learning Motivation
eOa7yneW8X4 A beautiful day on Stanford campus
eOkxDAnuPq0 Learning Japanese Verb Endings
eRffh3IJvp8 90 Day Challenge, Week 11: Learn a Language You're Curious About
eTs9_C0-MQI Use It Or Lose It in Language Learning
eVLbZoWAzrg Polyglot Speaking in 9 Languages
eVR48ILWJNs Day 40: I Don't Feel Like Studying Today
eZuMx2neEPA My language Learning Credo
ebjbjJXJCtI \u0414\u0435\u044f\u043a\u0456 \u043f\u043e\u0433\u043b\u044f\u0434\u0438 \u043d\u0430 \u0456\u0441\u0442\u043e\u0440\u0456\u044e \u0423\u043a\u0440\u0430\u0457\u043d\u0438 / Some views on Ukrainian history
ed9vAcJEKO8 Day 62: The Carefree Joys of Independent Language Study.
edPBnlVeRjE Motivation in Language Learning
el8q0Z2x0kA Day 19: That Feeling of Success in Language Learning
emVnLu6Dwqk LingQ.com Deutsch
enKxyUTGPlc Pimsleur - Romanian From Scratch
eo46_F0Ege0 11. Learn From Content You Love
eo78pxbFkuE Discussion with Benny the Irish Polyglot
epr04_6lNUM Polyglots: We Are There to Support You. Luca Lampariello and Richard Simcott
eqoaJuTKgyc Language politics
evA_xmVPZC0 C\u00f3mo Aprender Idiomas Siendo Introvertido
evk35Br1AcE \u82f1\u4f1a\u8a71\u306f\u3082\u3046\u3084\u3081\u307e\u3057\u3087\u3046\u3002\u3010\u672c\u97f3\u30c8\u30fc\u30af\u3011
ewDSoSkqXMA How Long Does It Take To Learn the Arabic Language?
exHrdIJRVYk What Makes English Difficult?
f3rrd5prp9Y # 5  \u0422\u0435\u0440\u043f\u0435\u043b\u0438\u0432\u043e\u0441\u0442\u044c
f4nxI7eNA0s iTunes U
f4vds2fzbpQ \u3054\u63f4\u52a9\u9858\u3044\u3057\u307e\u3059\u306d
fDM5H10sBiA \u00dcber Sprachenlernen - On Language Learning (in German)
fOuCD8bsfRg Los siete secretos del aprendizaje de idiomas: # 1 Hay que pasar tiempo con el idioma.
fRBSRbEdkS8 Learning Words, Word Frequency, Graded Readers and More
fSg8SrIepRo Learning Korean. Announcing The LingQ 90-Day Challenge.
f_dROUsz_7Y 7 \u0441\u0435\u043a\u0440\u0435\u0442\u043e\u0432 \u0438\u0437\u0443\u0447\u0435\u043d\u0438\u044f \u044f\u0437\u044b\u043a\u043e\u0432: \u2116 2 \u0414\u0435\u043b\u0430\u0439\u0442\u0435 \u0442\u043e, \u0447\u0442\u043e \u0432\u0430\u043c \u0431\u043e\u043b\u044c\u0448\u0435 \u0432\u0441\u0435\u0433\u043e \u043d\u0440\u0430\u0432\u0438\u0442\u0441\u044f.
fj36jOxsRfA How to Learn Spanish: My Top Tips
focTsunnEi8 Language Learning in the 21st Century
fq9KOsgMzVg Learning Languages in the Moment
ftOpeyTGk2s Claude Hag\u00e8ge, la politique des langues ou l'apprentissage des langues.
fuNb5jbrhkU Ukrainian Dialogue With Andrew of Kiev
fvjOou4QH78 Learning a Language Involves Indirect Motivation
fwLl8DI5FNo Tips when Starting a New Language
fx3y4jgSUHM The Age of the Polyglot: A summary of my talk at the Montreal LangFest Aug. 24th
fzLrMkkiAKA Netflix, Language Learning & the Coronavirus
g78Ht9h1qio \u3069\u3046\u3057\u3066\u65e5\u672c\u4eba\u304c\u82f1\u8a9e\u3092\u8a71\u305b\u306a\u3044\u306e\u304b\uff1f
g7HwMWNqoSw \uc77d\uae30\uc640 \ub4e3\uae30 : \uc5b8\uc5b4 \ud559\uc2b5 \uc131\uacf5\uc758 \ube44\ubc00
g8-_PABlMDw Learning Two Languages at Once? How About Learning Four?
gEuoIRPzpTc Language Learning Can Change Your Life
gJW0aYgo--Y Is Language Learning A Bit Like Fishing?
gMSiO5X_QZE The Montreal Canadiens and the French Language
gRjIaCnl1Xc Best Way To Learn A Language
gSKnw6xMs1U Our Mexico City Meet up this Saturday Has Changed.
gTvCCAHltZo Language Learning and Introverts
gU4iCF9yDeY Vocabulary - Learn Hundreds of Words a Day
gWXktvmVHOY Steve's Language Workout - Online Tutors as a Source of Input
gZDeu_sHBiI Arabic Grammar: My Learning Method
g_6YuPpbZyw Learn a New Language While You Sleep: Is It Possible?
gchSLs60Qhg Struggling to Speak (Live stream)
gfiIsmzNPsw Meaningful Conversations in Arabic
ggdXROCesSo Stop Using EASY Material (Steve's Greatest Tips)
gk1oynlt8_c Uma conversa com um grande poliglota, Gabriel Silva.
glmYwQagB-A \u57fa\u7840\u548c\u8bed\u6cd5
grpE6JkYo7s How and When to Learn the Basics of a Language
gsk6zONhC1s Little Things that Do a Lot for You
gwtJpr90SE4 Les corrections dans l'apprentissage des langues.
gxg9oD2zAqk Seoul moments # 1: Near City Hall
h7dbo8heEvI Day 53: The Importance of Writing in Language Learning
h8EUFxABkTA Learn French at LingQ #10: Dealing with Tenses
h9wIMwnBJyI Arabic Language and This Year's Langfest
hAkfsAC4v7I Randomness and Language Learning
hWbfnrkPlYc 90-Day Challenge: A kaleidoscope of Day One
hZk8m_C_si8 \u0420\u043e\u0437\u043c\u043e\u0432\u0430 \u0437 \u043c\u043e\u0457\u043c \u0443\u0447\u0438\u0442\u0435\u043b\u0435\u043c
h_JMZyU3H8E Learning English: Steve Chats with Daniel in Brazil
h_WvOtyBCgU Learning a language as an adult
hcpD4iYmBsI Speaking Romance Languages: French, Spanish, Portuguese, Italian & Romanian
hdLomDSnePo Want to Make Progress in Your Language? Be Realistic
hdM2Nf5h3PU Some Impressions of the Situation in the Ukraine
hf0SCdgCMEY How I Learn Languages: I Get Used to Them
hkH9-AivF4w How to Learn Kanji Using LingQ
hlJ8AA7o79w Extrovert Vs Introvert: Who Learns Languages Better?
hmyADAul9Mw Day 28: Burnout and Overload in Language Learning
hq3QylqG3FQ Auding and Oracy
hrGfpr9Pkvc How to Learn Grammar: When to Start and What Resource to Use
htnC7INNjtw How I Use Meaningful/Comprehensible Input
huTPN_4u8g8 Do we learn about the culture in the new language or our own?
huynpvAkK-I Interleaved Learning and Vocabulary Acquisition
hzFeYI13DQw Studying the Ukrainian Language in Lviv
i-hMIKmLMFA \u042d\u0445\u043e \u041c\u043e\u0441\u043a\u0432\u044b (Echo Moskvi) at LingQ!
i0Zrgg4-Y-4 Quando possiamo dire che parliamo una lingua?
i1XeKkG8Ksk The English Language - The Only Language We Need?
i5LJNXnwPgI Learning Russian And Czech - How I Went About it
i5pKSIbAx5Q Noticing Case Endings in the Slavic Languages
i7ThWChtVR4 Steve's Summer Sessions #4 - What is Fluency? How Can I Become Fluent?
i7fUbhZV-HQ Well Begun is Half Done in Language Learning
iJz5fISDVrw Learning Polish with Piotr of Real Polish
iKdfeGY5EPE My Progress Learning the Greek Language
iKePvwiUHjI Day 51: Interest and Enjoyment in Language Learning
iN6d80NKdM4 Language Patterns: Take Notice!
iOhbPQUKd5s Learn a Language: Through Listening or Speaking?
iPL6XNX3xXo Japanese Particles Explained
ib34ZDimvnQ The Process of Language Learning: Continuing my Turkish
ibM1kzrkugs \u8a00\u8449\u306e\u52c9\u5f37\u306e\uff17\u3064\u79d8\u5bc6\u3002\uff03\uff11\u672c\u5f53\u306b\u6642\u9593\u304b\u304b\u308b\u3002 Language Learning - 7 Secrets of Success: #1 Spend The Time
ic9eB5nyIkI LingQ Language Learning Challenge: Using the LingQ System
ieD91LnI4is The Tao of Language Learning: Effortless Repetitive Listening
ieVmV8VQFmQ Learn French at LingQ #3: Verbs, Getting Started
ihfwc2YCNVU Vocabulary - Passive Over Active
ijl3hjq7DPU Can We Sound Like a Native?
ik4qyBpNdxE A Korean Conversation Completes the 90 day Challenge
inCJi8c8los Explore Language Learning
ip1eAdw_E_0 First Steps in the Greek Language
ivRN-BIeGLI What Holds You Back From Learning a New Language?
ivhnMLJtT64 Grammar Correction: Performance vs. Learning
iw6hCaw_mDM Don't Study Conjugations And Declensions
iyB53OTJVEc International Trade, Like Language Learning, Makes the World Smaller
izi6CfXcHWI Montr\u00e9al Language Festival des Langues, encore une fois.
jB8ZY7Aj8A8 Enjoy Your Languages and They Will Learn Themselves
jDx1oCRNDSY ACTFL Convention Boston Nov 18-20 Anyone going?
jEZlv1x0Zhs Some People Can't Learn Languages?
jFGhXEmkqg0 John Cena Speaking Mandarin Chinese
jIHUbvO6VDc We goofed!
jOPAvLltSX4 XiaomaNYC Uses His Fluent Chinese to Connect Cultures
jP7J9Jn0i_Q Have I Lost My Czech Language Skills? A Conversation with Eva
jQUtHJhijMw Try to Be a Patient Language Learner
jSaU8SgjZR0 Language Learning/Sprachenlernen: The Process is the Goal
jU0498zbISg Polyglot Conferences and such, with Luca and Richard.
jUCzEmDO2C8 France
jVg6jtALDKU The importance of Accents in Language Learning.
jYZW0rQbcQg Breaking Through the Intermediate Language Wall
jaEyhhki7sE Online Language Learning and How We Evaluate Success in Language Learning
jg9LgoAfXaI \u52c9\u5f37\u306e\uff17\u3064\u539f\u5247\u3002Learning Languages - 7 Basic Principles.
jm92s4b69_k CI: Comprehensible input or Compelling Input
jn565DaMC18 Why I Enjoy Learning Languages
jnrKWtP1Vig LingQ - Introdu\u00e7\u00e3o em Portugu\u00eas
jpZC0lARw1I Language Goals and Frustrations
jr64l4FjvBQ Stephen Krashen and Language Acquisition
jsYWO8jz120 Elever des enfants multilingues et autres sujets. Richard et Steve.
jthmgg7hYxE The Older Language Learner
jvfH8Aq6oEU \u82f1\u8a9e\u3092\u4e0a\u9054\u3055\u305b\u308b\u306b\u306f\u3001\u30c9\u30ea\u30eb\u3092\u3084\u3081\u306a\u3055\u3044
jy4j7LVkg0M Sometimes I Feel Dyslexic Reading Arabic
jyap4V3DGpI Patronizing teachers
k-Usua0Lz-8 How to Make the Time to Learn Languages
k710ein_nGg Corrections in Language Learning - One More Time
k7DJut-czSY Polyglot Answers Language Learning Questions
k8vdA6w-8YI Curiosity Powers Language Learning
kBv1Acy10KA Rendez-vous \u00e0 Montreal - Meet up: 17 septembre.
kBySsniWMMo \u041f\u0440\u0438\u0432\u0435\u0442 \u0421\u0438\u0431\u0438\u0440\u0438!  \u0417\u0430\u0447\u0435\u043c \u0423\u0447\u0438\u0442 \u0410\u043d\u0433\u043b\u0438\u0439\u0441\u043a\u0438\u0439?
kF6kW5qjgqc The Mind of the Language Learner
kFiTzyB9P_0 That Eureka Moment in Your Language Learning
kKN4Tzug08w My Talk in Korean with Hanna from the LingQ Academy
kMq-YuUzP1s Me Speaking Chinese #shorts
kNqAg6wTUAM The European Day of Languages
kPS0C6LdyfI LingQ Gathering #7: How Do You Use LingQ?
kQaoBntLEZA Learning Cantonese - How I Went About It
kQcGOQE321Y Achievement Through Language Learning
kS_FQCFP9Pc How to Start Talking in a New Language
kT0MvbsOIz4 Multilingualism is coming
kXIcigPGQl4 90 Day Challenge: Week Three, Listening
kZFUjaJHK6A Mein Weg Zum Deutsch Lernen
k_JfcoMBWlQ Repetition and Novelty
kaGRW0Lqomc Meaningful context in language learning
kdEfW52dqE4 French LingQ #2.mp4
kdtPXw5aLlk Not So Young Language Learners
keXUZLwwWpY Languages are for Exploring
kjln9VEl71E Los Siete Secretos del Aprendizaje de Idiomas: # 3 Estar atento
kqZmAaOvAos Day 2 of the 90-Day Challenge
krK8Bj7zxcI Mandarin Chinese in 6 Months?
krOGpI5PIYM How Do I Maintain My Languages?
kwM0n0F-SeI Learning in the moment
l0p2gCUjdpw How to Become Great at Public Speaking in Your Target Language
l5Kj9oMx3iw Learning Ukrainian, Conversation With Sergiy.
lBscy0bwO0I Multiple Languages - Forget and Relearn
lFGRU9nwZOY Diary Post from Bratislava
lJom33llb_0 Learning German - Difficulties and Tips
lMh6JaTnz7o Want to Learn Languages Faster? Go Easy on the Grammar.
lMolr0NXcK4 Grammar Check: My Newest Language Learning Strategy
lPlhC7Kyla0 Language Learning in a Globalized World
lQesA-I8C68 Russian Verbs: Perfective and Imperfective
lUEauU8GmHA Want to Learn English? Stay Positive like Gabby of Go Natural English
lYolzFtTl_E My Secret to Language Learning (Steve's Greatest Tips)
lafmUOqXOL4 Talking Our Way to Fluency
ldwWYu7SGRg Don\u2019t Worry About Thinking in the Language, Learn More Words and Phrases
lekJgmjQR3Y Steve Kaufmann: The Truth About How I Learn Languages
lgP3cN4Y0LY Learning New Languages: Confidence is Key
ln1n2Oa5OnE Learn a Language Before You Study it
lsg8I-kCLaY Interactive Language Learning, What Does it Mean?
lsk_OSEzutU Critical Thinking Skills: Can They Really Be Taught?
lwZhonV99ng Grammar
lwh-m_XcIP0 Language Learning - 80/20 Rule
m-X1FcyFQp8 Day 73: The Importance of Context in Language Learning
m0bbVaagKsI My Next Challenge: Conquering Russian Grammar
m2L9-IXFuxw Get Motivated to Learn Arabic with Mike Still
m3tw1aHIgt4 The Language Learning Tripod  #2. Time
m4aqwCiCTXo Day 72: Time to Consolidate my Korean Language Learning Activities
mA_oti69sXE \u65e5\u672c\u8a9eWelcome to The Linguist
mAkviKn5Ycs Interleaved Learning, Interleaving, or why LingQ Works so Well
mCttFTocPk4 LingQ \u7684\u4ecb\u7ecd\u3002
mG-czDvf_2Y Claude Hag\u00e8ge (en fran\u00e7ais)
mJ_XaFXU0L8 How many languages do you speak?
mK9DlnVfpXw Language Learning Distractions
mLdKnGzOJlQ Steve's Summer Sessions #3 -  Grammar, Language Patterns and Other Language Resources
mRfW3kk6TVI Ukrainian TV Interview / \u0421\u0442\u0456\u0432 \u041a\u0430\u0443\u0444\u043c\u0430\u043d \u0433\u0456\u0441\u0442\u044c \u043f\u0440\u043e\u0433\u0440\u0430\u043c\u0438  \u0415\u0445\u043e \u0423\u043a\u0440\u0430\u0457\u043d\u0438
mT0M7Ls6yXk How to Stay Focused in Our Language Learning
mU7T0y3wa8U A New Language Learning Theory: Multilingual Exposure
mVUsY67itHE To Japan With Respect
mXUvYCFLiJE The New World of Language Learning
mXqFD2bWHxU Steve Kaufmann: My Method for Learning Languages from Scratch
mjVDRISR86M Krashen and language acquisition
moqTFBQx6Cc How To Learn a New Language - Advice For Beginners
mu2dCTa7IDs A discussion on language learning in Mandarin
mvzGQyv2340 \u041e\u0442\u0432\u0435\u0442 \u041e\u0434\u043d\u043e\u043c\u0443 \u0420\u0443\u0441\u0441\u043a\u043e\u0433\u043e\u0432\u043e\u0440\u044f\u0449\u0435\u043c\u0443 \u0417\u0440\u0438\u0442\u0435\u043b\u044e / Learning Russian (In Russian)
mwHCvpw11kM The Next Level of Difficulty or n+1
mycquJk-38A Let the words overflow
n-k_GuKus4s I Support Ukraine in 10 Languages.
n2vxUhpks4M Good Language Learners Practice Patience
n4dNRBw-bBM How to START Learning a New Language (Steve's Greatest Tips)
n6sZ8ufUNf8 Word Count, Graded Readers and Fluency
n71mas6OuAY The Best Way to Learn Japanese with George Trombley of@Learn Japanese From Zero!
nBbqTmHQBr4 Day 18: Language Learning Resources USA and Japan
nEuMS5fTy90 Immersion: The Best Strategy for Beginner Language Learners
nFtCgyVg_PI LingQ2 en Espa\u00f1ol
nHOSbD2qF8o \u8bed\u8a00\u5b66\u4e60Q&A
nIvlzlLVzLo Chinese Vs Japanese Vs Korean: Learning Experience
nN5hkhVlwqk Language Learning Basics, Again and Again
nNqnUWVtqRM Is There a Talent For Language Learning?
nS8MSAZ2pdA Day 4: Learning While Working Out
nUanszMynPw Loneliness in Language Learning
naqEpB1EVls Noticing
ndnw_CcX0Zs \
nebB12LL-Tc Steve Kaufmann - Learning in the Age of the iPad - Part 2 of 6
ngp036_fhJ0 Day 22: Language Learning is an Endurance Event
nnVUrsc7EI4 \u041c\u043e\u0451 \u0440\u0443\u0441\u0441\u043a\u043e\u0435 \u043f\u0440\u0438\u043a\u043b\u044e\u0447\u0435\u043d\u0438\u0435 / Russian Language - My Adventure In Vancouver
npFA1fBJV7k Are You Curious Enough to Learn French / L'apprentissage des langues commence par la curiosit\u00e9
nqFUwOh28Bw Proverbs, sayings and language learning
nsQd-3gQls4 Conversation in Czech with Eva
ntu2XdlPKSE Grammar Based vs. Natural Language Learning, Part 2
nzPZyr1vS4k Subscribe to the LingQ Academy Live Channel
o-W80CF6WMc John Filson, An American Learning Arabic in Iraq
o0SNhqLDeSA Should New Language Learners Start Speaking Right Away?
o0TKuQpuEYc Patience In Language Learning
o12_faCDsVs How to test in language education
o3KcfpkbDh8 Reading
o4iQRYPKlU4 TOEFL, TOEIC, IELTS etc. \u2013 Distractions to Learning the Language
oB-CmXi8wWA \u591a\u8aad\u591a\u8074\u3002\u8a00\u8449\u306e\u52c9\u5f37\u306e\u8fd1\u9053\u3002Language Learning - a Shortcut Through Input Based Approach.
oDSHZdCmDvw The Dead Languages of the Classic World, Ancient Greek and Latin | Chat with Luke of @pol\u00fdMATHY
oFj1W1bDNlE C\u00f3mo aprender ingl\u00e9s en casa
oHtEbZjpiIM Pour apprendre une langue il faut l'aimer
oKN47KhflCY \
oMoQSOds7sA \u307e\u305a\u7406\u89e3\u306b\u5fb9\u3057\u3001\u305d\u3057\u3066\u7406\u89e3\u3055\u308c\u308b
oO-GOj-D6ZE Do I Translate or Think in English when I Speak Other Languages?
oOcbnGnG_5o LingQ Gathering #4 - Stay Home with LingQ
oR1LrLeWQqU The Joys and Challenges of Russian: Interview with Russian YouTuber Anna  w/English Subtitles Pt. 1
oRCAkMXbKEo Aprender idiomas: Sobre Todo la Escucha y la Lectura.
oXsgkAtsA-I Learn French at LingQ: The Random Nature of Language Learning
oY2B1JzqWQI The Best Time of the Day to Study a Language (Live Stream)
oa5ohVIT-eI Learning Arabic: My First Steps
ogio69KF3To Language Learning False Debates: When to Speak & Learning Grammar
on2OVY0sRPc \u8a00\u8449\u306e\u52c9\u5f37\u306e\uff17\u3064\u79d8\u5bc6: #7 \u72ec\u7acb\u3057\u305f\u5b66\u7fd2\u8005\u306b\u306a\u308b\u3002
onRr1i7Fj_k Steve Kaufmann - Learning in the Age of the iPad - Part 6 of 6
or-YqjLvxvE Tips On Learning Portuguese
os6K0R1o7X8 Language learning FAQs: When You Stagnate
ouiSYaIJr8M Los siete secretos del aprendizaje de idiomas: # 2 Haz cosas agradables.
owXo4ve_0QY Cause and Effect in Language Learning
oxQ67Ou6tYc Day 78: Never Give Up, the Rewards are Too Great!
oxj5mUYUqDk How to Learn a Language On Your Own
oxvWjsdjjMk Language Learning Efficiency
oxz8ReSPUt4 Day 33: Interesting Korean Podcast
oz8F2x-JD9Y Para Aprender Idiomas, Paciencia y Realismo!
p0mQV1TBQ4Y The Mind, the Brain and Language Learning
p1Lhvhwud_U Travels in Asia and Meet Ups
p23iRmMWkH8 Trip Log #6: Learn a Language for Free while Traveling
p3UIzhg4Amg Be Judgmental
p7zhO2ap9iw Politisk korrekthet
pB1so-oEt1Q Five days to fluency: Intensity
pH6mM_fh6tM Myanmar, Cambodia,Vietnam, Korea: Advice Please
pHuMXQC-bPc Language Exchange Partners & Output
pMMPv77W0x4 apprendre une langue c'est comme une boule de neige
pO2-dENw7sg Steve Kaufmann on Moses McCormick and Open Mindedness
pWpJLd014ME Level Up With Moses McCormick (laoshu505000): Part 1
p_kvvru_mRo How to Learn a Language the LAZY Way
paOjNsk7B-c On the importance of disagreeing.
pe5WB40eyEo Day 83: Writing Korean and Following Events in Ukraine
pewYMIoyRCo A Nova Vers\u00e3o Do LingQ .
pf8ygGTNi54 What Is a Digital Nomad?
pfCE-f4UpBc Steve Kaufmann and Richard Simcott: Talent and Language Learning
pl6phiEEnn8 Ahoj. Czech Conversation with Jarda.
plySHfU51k8 Learning Czech with an iPad.
plz8HJZAmQU \u8bf7\u5927\u5bb6\u5e2e\u4e00\u70b9\u5fd9
pnG2iZxuayw Learning Fads and the Importance of Reading
poN031UVqkM Podcasts and language learning
pqVhgSvwWYk Stephen Krashen, an Interview.
pqhLNHqJojI \u72ec\u5b66\u3067\u8a9e\u5b66\u3092\u52c9\u5f37\u3059\u308b\u306b\u306f\uff1f
ps-4exM7fnw Lviv, Ukraine: A City Like No Other
psjb07sOYzw Why to Learn a Foreign Language
ptwGd4v2pkI How I Learned German
pu62li_0EZA Language and Literacy at the ACTFL Conference, Boston
pxLFnUbSonE How I Learned Italian
q2J0bjXRs1I How to Improve Your English Speaking Skills
q2ZMY8ebxE4 12 Tips for learning Spanish-a webinar
q3bIwOM0K9c Learning Italian with\u00a0Marta\u00a0- Imparare l\u2019italiano con\u00a0Marta, vivace e divertente
q4th_VK8rJs Steve Kaufmann: Do I Forget Languages I Have Learnt?
q4y20wrX5nM LingQ.com  Italiano
q6K0u4LlF88 3 Keys to Speaking Better in a Language
q8oA8Q-gV7o How to Avoid Giving Up in Language Learning
q8wtrL8u9xc LingQ meetup #1
q9d8kdFrXcw LingQ Academy Live
qA-FzGSgMqg Day 66: Language Learning in the Rain Forest.
qBcInDFIjD4 Language Learning. Can Introverts Handle it?
qCpAaDqhALs Fluency - Fluent in Czech in 5 Days
qI70LbG2Yig LingQ.com Introduction in Mandarin \uff08\u4e2d\u6587\uff09
qIF06BpITPE The Noticing Hypothesis in Language Learning
qJoNXlWYqZI How To Learn a Foreign Language in a Week?
qK1PV17wono Speaking Ancient Languages: Greek & Hebrew
qQjYfyvRlSU \u82f1\u4f1a\u8a71\u3088\u308a\u3082\u7406\u89e3\u529b
qYyfn5JnDmo Language Learners Buy Books
q_uvIjPh7TU Language testing
qbBsZZnBH_8 A new age for language students, language teachers and language schools
qeI_oBW7Mvw Silent Period
qfgeLOGOGOs cultural weightlessness
qkWshQwYEt0 Tutors and task based language learning
qqmlbG8qEhU Teaching Languages Online
qsNZCFH9IOY Can Mark Zuckerberg improve his Mandarin Chinese?
qvn_7lE424s \u8bed\u8a00\u5b66\u4e60\u7684\u4e03\u5927\u79d8\u5bc6: \u7b2c2 \uff0d \u5fc5\u5f97\u6709\u4e50\u8da3\uff01
qzHz59WB7hI TOEIC\u306b\u306f\u52c9\u5f37\u3067\u306f\u306a\u3044\u3001\u306a\u308c\u3067\u3059
r0eTaB2k2O4 Day 60: The importance of difficult and meaningful content.
r47tjqpQYaU The Joys and Challenges of Russian: Interview with Russian YouTuber Anna  w/English Subtitles Pt. 2
r4qwY4aP9_c Holistic Learning Vs.  Structured Learning: Which Kind of Language Learner Are You?
r8gkCDd-Rnw How to Build a Step By Step Language Study Plan
rQ9iBsax9dA LingQ Intro Portuguese
rQgVteKJ_gI A Tribute to Moses McCormick
rc9nRUSjwhw Speaking Greek After 10 Weeks of Study
rjwkDxm5uok How to Learn Three Languages Every Day
rluSjDpFz14 90 Day Challenge, Week 7: Known Words Give You Confidence
rmIa1v1BNkY Grammar Exercises
rnX0jgBrrE4 Learning a Language - How Many Hours Does it Take?
roD1uGFSI_Q Day 63: A Korean Conversation with my Tutor
roEjOxK_WvU Meet-Ups in UK and France
rsosguYVunQ Meet ups in Australia and New Zealand
rt3e6cpUjQQ Wikipedia, LingQ, and Flash Cards
rw-u_vVx6Is Learning Languages with Netflix and LingQ
s2MSd4EX_-k Kat\u00f3 Lomb's Formula for Effective Language Learning
s43oi4NshyM Productivity Hacks for Language Learning
s4zI-raPnEQ Fossilization in Language Learning
s6xVQeRTrZI Eric Kaufmann of University of London, on Brexit
s7gR_bBWrqw Steve's Summer Sessions #5 - How Long Does It Take to Learn a Language?
s9kfr0AJGm8 \u5916\u56fd\u8a9e\u306f\u30bc\u30ed\u304b\u3089\u30b9\u30bf\u30fc\u30c8\u3059\u308b\u3002/ Language Learning - Starting From Scratch (in Japanese)
sDrLA_jk1AQ The Biggest Conundrum in Language Learning (live stream)
sHs_ifYBjGs The BEST Way to Learn New Vocabulary
sNPXUmcJVP8 Femmes polyglottes, langues etrang\u00e8res et Jules Ferry
sSXgOs_jSkk Conversazioni poliglotte: #5 Italiano
sZ82xbK0lJM Motivation in Language Learning
sZmJLtr8MQA The Art of Small Talk in Korean
sfLKcEK0kyA LingQ.com \u7ca4\u8bed
shQaZeVL9MA \u041c\u0435\u0436\u0434\u0443\u043d\u0430\u0440\u043e\u0434\u043d\u0430\u044f \u042f\u0437\u044b\u043a\u043e\u0432\u0430\u044f \u041a\u043e\u043d\u0444\u0435\u0440\u0435\u043d\u0446\u0438\u044f. International Language Conference. Mar 31.
sneFPnaRhAw Interview in French With Hugo From InnerFrench
soFI7qMSbBA Routine and Exploration, the Language learning Process
sr6a12nyEvw LingQ Forum: Combien de Temps Pour Apprendre?
suxxCp51NlU 10. Get the Most Out of the LingQ Reader: Power Tips
svym_UKCjVQ \u8a00\u8a9e\u30ec\u30d9\u30eb\u3092\u7dad\u6301\u3059\u308b\u79d8\u8a23\u306f\uff1f
swPABT6nFMU Luca and Steve on Language Learning and Information Technology
sxKDTKufdmk Interview with AJ Hoge of Effortless English
sxXuoSw6bqE Day 42: Kim Youngha, Magic Podcast for Korean
t-vsgFtc5PY Happiness in Language Learning with Reference to \
t26IPxExmzs Anki Vs. Input-Based Learning
t4Sou7X-JRc #LingQchallenge Day 4: Novelty and Change Help Me Stay the Course
t8E64G0wisc Habit 7 - Sharpening the Saw in Language Learning
t8OK4xG9mM4 2. Take Charge of Your Own Learning: It\u2019s More Effective and Fun That Way
tDfMWYTVwHA Stay Active and the Language Will Come
tExBEALb3mU porque vs por que vs por qu\u00e9
tFunCPyvmyY Languages and wine
tGbAv-zFzBY Speaking Germanic Languages: English, Dutch, Swedish & German
tJTh4PwxYnY Don't Just Learn Business English
tKoB74eDfDw 90 Day Challenge: Week Nine, Pronunciation
tMF0ii4tcDE Learning Languages Online: The New Freedom
tMsFjxtpj6M Whistler, Staying committed & Chinese video
tNUOvLXNGdc Day 14: Patterns in Language Learning
tPAtESGS5D4 \u8a00\u8449\u306e\u52c9\u5f37\u306e\u6226\u7565
tQ7hR3IH0Qo Adrien, enseigne l'anglais aux francophones et habite l'Estonie.
tW27WgniZsU International Polyglot Day
tY-1c2_UXKk Personalize Your LingQ Reader
tbO4OZh_i5g Word Families & Language Learning
teJpua5iY7M LPGA's English only policy needs LingQ.com
to9asMOReyY Critical thinking
tqKys4aQm3s Language & History
tsxKvU_HGYM The Best Way to Learn Vocabulary (Steve's Greatest Tips)
tvD-_ALCT0w Forgetting languages - German
txhHKVtK1PA \u79c1\u306f\u3069\u3046\u98a8\u306b\u4e2d\u56fd\u8a9e\u306e\u52c9\u5f37\u3057\u305f\u306e\u304b\u3002/ Learning Chinese - How I Did It. (in Japanese)
txkWTzJrmfo Start a LingQ Challenge and Make a Breakthrough in Your Language
u1wwqrmWwNA Listening Comprehension Questions - Le Mauril
u5TEo1lzl5k Streak with Steve
u5VW_HyFQ4w Learning to Speak in Another Language Well
u5reUDmIcZQ Los Siete Secretos del Aprendizaje de Idiomas: #4 El vocabulario es m\u00e1s importante que...
u8XEgmuuxpo Le monde des langues. Montreal Language Festival August 25-27 2017
uA-jmR-GPqI Steve's Summer Sessions #1 - Reading Comprehension, Moving from Input to Output
uDKMW3tw7n4 Using LingQ on my iPhone for Korean
uIMNbwcremk Hacking Benny Lewis' Language Hacking Books
uJKuWDI0N1I How to Become a Polyglot
uKXiJwtu_4I Day 48: Holiday is Over
uLa0vesooRQ Living Language: An Introduction
uLs7nC6gYP0 Translating and Saving Words in the LingQ Reader
uMQqDWrJ034 Tips on Learning Mandarin
uVuGXEthfXw Montreal Polyglot Conference: Join me!
uWLK9hu6gII Don't Memorize Vocabulary
uYYinumjrLw Your Learning Statistics Keep You on Track for Success (Live)
ujGXKggOOXQ Babel No More- the Search for Extraordinary Language Learners
une3ZwdonOQ Entering the Age of Polyglots
usXQ-K2HYmY Learn Russian - LingQ Might Help you do it. \u041f\u0440\u0435\u0434\u043b\u043e\u0436\u0435\u043d\u0438\u0435 \u0434\u043b\u044f \u0440\u0430\u0437\u0440\u0435\u0448\u0435\u043d\u0438\u044f \u0443\u043a\u0440\u0430\u0438\u043d\u0441\u043a\u043e\u0433\u043e \u043a\u043e\u043d\u0444\u043b\u0438\u043a\u0442\u0430.
uz1IevIFu9o \u65b0\u3057\u3044\u30c1\u30e5\u30fc\u30bf\u30fc\u5236\u5ea6
v-Ds7gQnLFk How to get the most from Online Tutoring
v2b8na3ZzPQ History and Languages
v3LdHVBlfDY Language Learning in the Digital Age
vBJZsgR4JUA My Thoughts On The U.S. Primaries
vBwfHqw0JDI Language systems 2
vC5o6kFt_8k 5 Language Learning Myths. Really?
vFEXbZmNGew How many words can you learn in a month?
vG5G6aWwBCc Steve Kaufmann on Getting to a Conversational Level
vLmut2KDzWs Starting to Speak Using Questions and Answers
vbxPnTB3TeM Learning a Language is like a Jig-Saw Puzzle (Live Stream)
vdcNqf5IN_w Language Learning: Should You Study the Basics?
vdfjHMRQcIw Language Learning Frustrations
vheWXh6gvcc CAL
vsIcyUpktqk The Importance of Vocabulary: Words & Phrases as a Measure of Progress
vtqv2NhzYag The Linguist Turns Over A New Leaf
vutzc990GOk Meet-up in Asia, Yangon, Hanoi and Seoul
vy63h0IYnnU \u30ea\u30b9\u30cb\u30f3\u30b0\u52c9\u5f37\u6cd5
vyUUdxns2UE September 90-Day Challenge: Finding Learning Material
vyaG64--Bpc Habit 1 Of Highly Effective People - Be Proactive
w2IuV3S6Eo8 Should Kids Learn Their Heritage Language?
w3Z2_ZLe5Xs Steve's Language Workout - February 1
wCnVzYXUWKk Have a Language Immersion Strategy
wDSg_L5-BbI Language Levels: The Steep Climb, Long Plateau & Easier Downhill
wJ0oxReNnHM Trip Log #3: Argentinian History
wKquzfphhv4 Memory Techniques and Language Learning: A Chat with USA Memory Champion Nelson Dellis
wL55U218ObY Focusing on the Basics Versus Language Immersion
wPN1xiRHwIg When Grammar Instruction Does Not Help
wPqFPJV6Xs4 Learning Swedish - How I Went About It
wSK9P5dmHFk LingQ medley I: English, Mandarin, Spanish, French
wUBpCVpLO5E Learn French at LingQ: Vocabulary Review Needn't & Shouldn't be Drudgery
wX1vOzkqLyE The Frustrations of Language Learning
wYGyOkLTIQY Day 79: To Learn a Language you Need to Accumulate Words
wcBcNnNm0wk \u4e2d\u56fd\u4eba\u5b66\u65e5\u8bed\uff0c \u7b80\u5355\u7684\u4ecb\u7ecd
weYDT1gw8lM Introducing the LingQ Academy Live
wjN_McffH0I The Natural Language Society
wm4YHj11iuc Education
wmcDH3pkF5k Tim Ferriss
wmuj8w6s5f8 Speaking in a Foreign Language
wnwfWwKqNQM 90 Day Challenge: Your First Week
wojACMNvOtw Learning Languages with Netflix & YouTube
wpoQOgbJ-zg The Native Speaker/Le Locuteur Natif
wubFLbRdqzk How to Learn Vocabulary
wvc35C-tds4 The French Subjunctive - Le Subjonctif
x12yIvKTa2I Day 31. St. Valentines Day and All Languages Are Not Equal.
x7PAVeOpiMs \
x8cLXVxTVCc Day 12: The Importance of Optimism
xAI9oD-fTws Learning Japanese & Doing Business in Japan | Chat with @\u30b9\u30c6\u30a3\u30fc\u30d6\u7684\u8996\u70b9 Steve's POV
xCiQOoppaH8 Introducing the New LingQ Tutorial Videos
xEcWX3X3LUU Mark Pentleton: Learn a Language on Your Coffee Break
xIjItioBac4 Pronunciation: How To Develop It?
xKSjPyxm8-c The Role of the Classroom Foreign Language Teacher
xNorwK1UWTA Travel and Language Learning
xPTMGxY2ohM Learning German - How I Went About It
xQdTOK0wHiM Webinar en Espa\u00f1ol #1 - Aprende idiomas desde casa
xRyzvtD8HeA Learn French at LingQ #2: Word Order & a Few More Things to Notice
xWHul15HCnk LingQ Gathering #6: Stay Home and Learn Languages
xX2MMhK0LAg Learn French at LingQ #6 Part 1: The Web is the New University, Not Just for Languages
xY2fWeDbNSU The Best Way to Learn a New Language? Find Content of Interest
xdWNw7on15E Language Learning & The KISS Principle
xdl7xqjYz50 Day 15: A little More Korean Conversation
xeL6oQTlc5A Steve's Language Workout Feb. 11 - Good Content and Where to Find it
xf8737RwwbU How To Improve Your Listening Skills
xfaSEGug3qo Philosophy for Children
xnf-YTillvg Have You Made Your Language Learning New Year's Resolution Yet?
xp6SMDyPqM0 Effective Communication Through Listening and Reading
xrr4QNeYoqs Day 55: Kick Starting the Motivation in Language Learning.
xsXlQKzeR80 \u6d41\u66a2\u306b\u82f1\u8a9e\u3092\u8a71\u305b\u308b\u305f\u3081\u306b / How to Improve Speaking English (in Japanese)
xtDFoOKx6M0 Mark Zuckerberg - Does He Speak Chinese Well Enough?
xu6MokzQiwA Stress and Language Learning
xuuQkw6EStk Learning How to Learn: A Polyglot's Opinion
xvbxyXYDjJU Is French Difficult?
xzqndQz2go8 Memoria y aprendizaje de idiomas: Discusi\u00f3n con Javier Mu\u00f1iz
y0yBOnJzNOE The Power of Listening
y2OfKGVII3M Steve's Summer Sessions
y9qFXFWeOHo Happy New Year in Different Languages
yBg6_Yy_EbE Meet up in Mexico City  March 9 at 4.30 pm and more.
yGJDrBvanmA Getting the most out of your online tutor
yMDYNj0EhFU Livestream with Steve | Start 2021 off strong - language learning goals, tips and strategies
yQ4FwkwHNS4 #4. \u0421\u043b\u043e\u0432\u0430 \u0432\u0430\u0436\u043d\u0435\u0435 \u0447\u0435\u043c \u0433\u0440\u0430\u043c\u043c\u0430\u0442\u0438\u043a\u0430
yRO1Apm-h0c How to do well on TOEIC\u3067\u3046\u307e\u304f\u3084\u308b\u65b9\u6cd5 (\u65e5\u672c\u8a9e\u304c\u59cb\u3081\u307e\u3059 4:00)
yW8isFna9Ic Political Correctness
yWuz31bNYG4 Speaking Slavic Languages: Russian, Ukrainian, Czech, Slovak, Polish
y_TtEsPoDY8 \u306a\u305c\u82f1\u8a9e\u304c\u96e3\u3057\u3044\u304b\uff1f: Why English is So Hard for Japanese
yadGWItmkUQ Motivation - or how to achieve fluency in another language.
ybAus_KiHKg Prague Meet Up Next Tuesday!
ybGXbHMkFHc \u8bcd\u6c47\u91cf\u4e3a\u4ec0\u4e48\u91cd\u8981
ycnAf18jchI Trip Log #1: Loading Up on Spanish Books Before my Trip
yem9to8RsA4 Uncertainty
ygw5hOoXUWY for Westca
yqXLRmPoCn8 Speaking Greek, September 30, 2017
ythWLUOLL6U Staying Focused & Avoiding FOMO in Language Learning
yyJvQ731D-E Anki, Flashcards, Language Learning Habits
z4Y6d0Pp4AY LingQ # 2b
z5OXRQNsupk I Hope to Meet You in New Zealand and Australia.
z5k_r7Iz9o0 # 7  Devenez ind\u00e9pendant
z9Iodp42-2I Learning Languages and Jigsaw Puzzles
z9ujN2SLDcA Aprender ingl\u00e9s con el reto de 90 d\u00edas de LingQ
zDBO5pKqOaU Natural means no pressure
zEOUmBYrjuw The Linguist nerve centre
zEeOLF-P7ic How to React When Native Speakers Answer You in English
zHGlztwmN9s Habit 3 - Put First Things First
zHLjkvI2f-s Day 70: Learn Languages with a Big Fish Net
zHWtMLI1l2M \u6975\u7aef\u306e\u8a00\u8a9e\u5b66\u7fd2\u65b9\u6cd5
zJFXr_8tdc0 90 Day Challenge: Week Four, Creating LingQs
zMcC8e0LG-I Using YouTube to Improve Your Language Learning
zNsetSjD3Aw Memory and Language Learning
zOpVHyfDbDA Active and Passive Vocabulary
zPPtUKU3mGM Japan and LingQ
zVWpsdCjVc0 The Basics of Language Learning
zpoTPo5lTEM Steve Kaufmann - Learning in the Age of the iPad - Part 5 of 6
zuI9-jyFjog Study With Me: Learning Arabic
zva2Dd9QFQY Seoul Moments #2: Near Olympic Stadium Next Day.
zyIF2GqXblM 1. Your Journey to Fluency Starts Here!
