--3YM87pYyc Camera callback - Mobile Web Development
-0ZLaoK4nck Misses - HTML5 Game Development
-15s1MWJuhw Introduction to Design Sprints | Design Sprint | Product Design | Udacity
-2ckHnTYNW8 Collision Location - HTML5 Game Development
-3xwveeI5Mg Cached Tile Draws - HTML5 Game Development
-4DhCjI-Zk0 Interview with Mike - Developing Scalable Apps with Java
-4j9_bXmneY Hide Some Columns Solution - Responsive Web Design Fundamentals
-8gvW51AywA Concept Map: diff Solution - How to Use Git and GitHub
-8kz4XByEDs Predicting Execution Contexts - Object-Oriented JavaScript
-CATiyw2-Ns Converting CSS to the CSSOM - Website Performance Optimization
-D0jeDvsSNw Understand Profit and Revenue | App Monetization | Udacity
-F3HQlfhKaw Postal Code Param - Developing Android Apps
-GWWQ9jKgxA O Scanner de Pr\u00e9-carga
-I8QcMeficA Entities and Physics - HTML5 Game Development
-M0RFwGKPI0 Career Webinar:  Skills Gaps & Weaknesses
-McnFuTfapQ Using Loaders in our App - Developing Android Apps
-QTFBRfXCSQ Alternate Detail Layout - Developing Android Apps
-TUifRT0n_o \u4f7f\u7528 .call()
-TkRyyHoCYI Pixate: Introduction | Lifelong Prototyping | Rapid Prototyping | Udacity
-VPM6ICgCk8 ListView and Recycling - Developing Android Apps
-XVcov4jSgI .append() Solution - JavaScript Basics
-YjEDg1M_wY Move to AsyncTask - Developing Android Apps
-_awp6R8S-g Are You a Proactive or Reactive Job Seeker? | Udacity Career Tip #5
-aY1hqm4USA One Business Idea You Can Use | Product Design | Udacity
-bPpSzPOuBA Recalculating CSS Styles in DevTools - Website Performance Optimization
-cFdBWD_suY Where Do Versions Come From?
-dNVkJs-Ib8 InVision Tutorial: Upload Images | Medium-Fidelity Prototypes | Rapid Prototyping | Udacity
-gnWviSAA4Y Saving Data Conclusion - Developing Scalable Apps with Java
-iH8pfLSCwE Summarize the CRP - Website Performance Optimization
-kli6F9Vqyg Understand Gross vs Net Margin | App Monetization | Udacity
-mqrxYYi2cs Bug Hunting - HTML5 Game Development
-o8hhJPK0m0 \u6b22\u8fce\u5b66\u4e60\u524d\u7aef\u5f00\u53d1\u8fdb\u9636\u8bfe\u7a0b\uff01
-oskyAt-t3E The Hooked Model Triggers
-pZbBpSoiJg Introduction - HTML5 Game Development
-tI002KUz4M Update and Delete - Quiz - Developing Android Apps
-w9-rmj6BwI Entities and Collisions - HTML5 Game Development
-zr5QLH4Qy4 Por Que Precisamos de um Ciclo de Vida da Activity
0-nddBYB99k Types of Queries - Developing Scalable Apps with Java
04e23vdNCIU Translate API - Developing Scalable Apps with Java
05sIsBqEO5M Delete Old Weather Data - Developing Android Apps
06mXzzd8Hhs Geoffrey Moore: Value Proposition | Understand the User | App Marketing | Udacity
06sOf1Tx270 Filter by Ancestor - Developing Scalable Apps with Java
08bnSaTw0J8 Combining Fluid Layouts Solution - Responsive Web Design Fundamentals
08kY7sgpyx8 Introducing Udacity's Cloud Native Application Architecture Nanodegree Program!
0A7bmDx9huc Work Solution - JavaScript Basics
0AWqYBl7bzo Native Apps  Premium
0DN0k4Ei4fU Decorator code vs Classes - Object-Oriented JavaScript
0Dhd-T4wDew Introducing the AI For Healthcare Nanodegree Program!
0G_n6_MULaI Summary and main takeaways | App Monetization | Udacity
0GjYS3fLaVQ Research Distribution Channels | Pre-Launch | App Marketing | Udacity
0HPYwtRKXTY Property Lookup of Delegated Objects - Object-Oriented JavaScript
0I7Q-5lpCno What Styles Are Applied? Quiz - Responsive Web Design Fundamentals
0JKrE448Rbo Intro to HTML and CSS - Adding Style
0J_9WsERjYg Paid YouTube Ads | Customer Acquisition | App Marketing | Udacity
0KJAcoEj8Z4 Outro - HTML5 Game Development
0N_2Gv8QHE4 Product Ideation to Validation | Product Design | Udacity
0Oc8XQdoOHQ How to be Successful with SEO | Launch | App Marketing | Udacity
0PTxF3Ct8sg Prepare for Software Engineer Interviews with the Data Structures and Algorithms Nanodegree Program
0P_7XCSTvuU Device Emulation Quiz - Responsive Web Design Fundamentals
0RoeJZ-83Tg Office Hours 5 - Mobile Web Development
0VOZNEqseB0 Changing Jobs & Deciding What\u2019s Next: A Chat with Career Transition Experts
0Z-N2fbRV70 Career Coach AMA: Telling your Story in Professional Setting
0_teiDS0mjc Paid Marketing | Customer Acquisition | App Marketing | Udacity
0f8Sdmy00Eg Kevin Hale: Advice | Implement a Monetization Strategy | App Monetization | Udacity
0hZO8WJSGRM Introduction - HTML5 Game Development
0i7zhpXuQHM RoadBlocks to Revenue
0iZR2bbbjq4 Capture extension - Mobile Web Development
0o4AS0Ui7mI Property Lookup of Delegated Objects - Object-Oriented JavaScript
0tCyRCHgqFM Final Project Overview - Website Performance Optimization
0tgClbYMyhg Appcache vs HTTP cache - Mobile Web Development
0u2em2PTYU4 \
0u2qLxTK4mw The Future of AI with Kai-Fu Lee: Udacity Talks Episode 13
0uUV5aZfkIA Grids
0ud2jRi_u6A Composite Indexes - Developing Scalable Apps with Java
0wm69Q3M0ps Interactive Prototypes | Medium-Fidelity Prototypes | Rapid Prototyping | Udacity
0wnjcT2M6Ms Using the Memcache Service - Developing Scalable Apps with Java
1-nJ6xa0pr4 Update the Adapter - Developing Android Apps
11zjWtx4cIc API Inspiration
12ziKoCanlQ \u6bd4\u7279\u548c\u50cf\u7d20
159EzIheI-A Intro to HTML and CSS - Applying the Framework
15EI0mJ5-bY Global Marketing  Pre-Launch | App Marketing | Udacity
17XgkPFq6eY \u9009\u62e9\u65ad\u70b9 2
18LBhpzdKT8 Tracking Success  Wrap Up
1CtCwq5U4mI Intro to HTML and CSS - Media Specific CSS
1HLmy0-QPqk Simple CursorAdapter - Developing Android Apps
1InYBpVIzxI Monetization Advice | Implement a Monetization Strategy | App Monetization | Udacity
1J7fJUbI14U Intro to HTML and CSS - Media Specific CSS
1JVk0B0lDfI Loyalty & Recency Reports
1KRCH8vq_Pc Measurable Marketing Goals | Pre-Launch | App Marketing | Udacity
1MgBj6w_WRo What Is Your Mobile Device? - Developing Scalable Apps with Java
1MxVA8y8IBA Welcome - JavaScript Design Patterns
1NjRTxV9JMY \u5c0f\u7ed3
1Pxj9955I2c \u8bfe\u7a0b\u7b80\u4ecb
1Q18uNyV-Go var Solution - JavaScript Basics
1SOx7P8beJA Career Webinar: Finishing the Year with a Bang!
1TiD49jrx8o Actionable Metrics and Launch | Key Business Metrics | Product Design | Udacity
1Vr8CyRQFlU Implicit and Explicit Keys - Developing Scalable Apps with Java
1WKql96ucVs Introducing the Product Manager Nanodegree Program from Udacity
1X7z0bJbp4I Introducing the Data Product Manager Nanodegree Program!
1YSWNq3Ss8Y Speeding up the First Render - Intro to AJAX
1YnNLi_Dy5M Udacity's UX Designer Nanodegree Program
1ZI-rMYe4so Alumni Webinar: Networking to Land Referrals
1cZtdKNB9jo Intro to Course (HIDDEN)
1d1hKrljf6Y Introducing the Data Visualization Nanodegree Program with Udacity!
1e5aS4VwW94 Changing layouts - Mobile Web Development
1g9th-6a6PA Synth app - Mobile Web Development
1hNYVYvRhOI Coding the Content Provider: query() - Developing Android Apps
1iWRCWLmNb8 Front End Practice
1n1oSewD-Kg Design Responsivo
1p3KC77ECFo Using The Web UI - Developing Scalable Apps with Java
1pUS-g9E-Pg \u590d\u6742\u5a92\u4f53\u67e5\u8be2
1px-2ozv9lE Sunshine em Segundo Plano
1qpjrfIKRMU Introducing Udacity's Data Architect Nanodegree Program
1qriemq1X-A The World - HTML5 Game Development
1tLkVmTBYsE Leveraging Loaders Solution - Developing Android Apps
1uaMryCKVdQ Layout Managers - Developing Android Apps
1uxRJ_t3f0I Which stylesheets are render blocking? - Website Performance Optimization
2-Vu9mbM2Wg Key Business Metrics | Course Map Conclusion | Product Design | Udacity
22msi32dOYg Live input - Mobile Web Development
24xsfUlagIY Present your App | Lifelong Prototyping | Rapid Prototyping | Udacity
260JgcGo9A0 Return Statements Solution - JavaScript Basics
27lVhXF5s9c Diverge Stage: Crazy 8's | Design Sprint | Product Design | Udacity
29wDlsai10U Using Maven Archetypes - Developing Scalable Apps with Java
2AOLeYpVHzk Committing Changes - How to Use Git and GitHub
2DBJuYAf30w Introducing SyncAdapters - Developing Android Apps
2FCYJVPY6NM Set and Get Announcements - Developing Scalable Apps with Java
2FgMCkPfLxo User Feedback Poornima | Low-Fidelity Prototypes & User Research | Rapid Prototyping | Udacity
2G-bVKE29z4 Adding LocationEntry with ID UriBuilder - Developing Android Apps
2Gwmb13NuU8 Rules for Mobile Only - Mobile Web Development
2Hg4mPGoRUs Collecting Click Locations - JavaScript Basics
2LgiTsSEhjc Introduction - Developing Scalable Apps with Java
2OMeazXgeb8 Flying Car and Autonomous Flight Engineer Nanodegree program
2TmSZrrufII Computation for libraries - Mobile Web Development
2UffccLA9wg Loops While
2WbLlTDPMnE calc() Quiz - Responsive Images
2Wo_QfQZ0lE \u6b22\u8fce\u5b66\u4e60Google: Android \u5f00\u53d1\u8005\u7eb3\u7c73\u5b66\u4f4d
2WuR5S_6LD4 Using Alarms - Developing Android Apps
2XA6TlBrqCw Calculate the CRP Metrics 2 - Website Performance Optimization
2XfYzL7nehA Display Content in DetailActivity - Developing Android Apps
2XqLkkp6NAw Predicting 'this' Output (5) - Object-Oriented JavaScript
2Z1tK3Q7Y6I Making a Pull Request
2_j3B86rQ-E Kinds, Entities, Properties - Developing Scalable Apps with Java
2aXyopn5IF8 Start to Build the App - Developing Android Apps
2acrWjhweNI The AI for Trading Nanodegree program from Udacity
2bUoEibjeo0 Crie a Tarefa FetchWeather
2i9k3dgVLp0 Data Engineer Nanodegree Program from Udacity
2ioiIsUDWco Changing Attributes Quiz - Intro to jQuery
2k0lghm4EhQ Add ListView to layout - Developing Android Apps
2lw1DTX24R4 Scroll Views vs ListViews - Developing Android Apps
2mSF3DxbMBQ Interfacing to the DOM - HTML5 Game Development
2mTbPR5xJfo Limits of Prototyping | Low-Fidelity Prototypes & User Research | Rapid Prototyping | Udacity
2rQ_ldjf2Nw Practice with Objects Quiz - JavaScript Basics
2saoXF74KHw Optimizely and the User Experience | UX/UI Design | Product Design | Udacity
2utOKqwBeYs How will the text be rendered? - Website Performance Optimization
2uufLh7eqZE Interview Workshop: Selling Your Skills & Showing Motivation
2vXI7GL6l9c Entities and Collisions Part Two - HTML5 Game Development
2wQ06mq7n7U Filter By Property - Developing Scalable Apps with Java
2wUlwJf0N_M Examining the New Repository - How to Use Git and GitHub
2z-f6OqoHuA Error Handling with JSON P
309esmBdaOc When will the page render? - Website Performance Optimization
33F1s0iDlEk Resume Introduction - JavaScript Basics
38XLlEhaZyg Parsing Tiled Output - HTML5 Game Development
38ajEqGp9yk Minimize garbage collection - Mobile Web Development
396DShTLzQ0 \u4f2a\u7c7b\u5b50\u7c7b\u5c0f\u7ed3
3AE4C84x9BQ Contact Listener - HTML5 Game Development
3Bf7te_fvkM Introduction - HTML5 Game Development
3JBQeVqCiRE What's the difference? Quiz - Responsive Web Design Fundamentals
3LQplMe3JyY Vocabulary!
3M1m84TssMM Keeping Repositories in Sync
3NIL1Fz8p5Y Unblocking CSS with Media Queries - Website Performance Optimization
3PoRxijXHzo Intro to HTML and CSS - Defining the Layout
3PurO3upBAA Introducing the Machine Learning DevOps Engineer Nanodegree program!
3UPalofsFD4 Constructor Prototype Delegation - Object-Oriented JavaScript
3Xbj7ifgBXo Programmatic Marketing | Customer Acquisition | App Marketing | Udacity
3ZXcQ9FQmdE Tools - HTML5 Game Development
3Zh55CviQJ0 Product Design | Ideation and Validation: Lesson Recap | Udacity
3iJXzmdRRUc Asynchronous Loading - HTML5 Game Development
3isPsDwox4s Rodando Intents Impl\u00edcitos
3jHfcBcaamE Constructor Mode - Object-Oriented JavaScript
3jMuVX5gGJ8 \u5c5e\u6027\u67e5\u627e
3jyuhVheY5w User Feedback Round 2 | Medium-Fidelity Prototypes | Rapid Prototyping | Udacity
3njuuQ4BM7I Internationalize Names Quiz - JavaScript Basics
3oCz29S5azE Valid AppEngine IDs - Developing Scalable Apps with Java
3pG6hwCfOeY Office Hours 2 - Mobile Web Development
3rBPDIsF1As Caching images - HTML5 Game Development
3tuCTTYoE7w Recap On Queries - Developing Scalable Apps with Java
3unNGf9foB0 Udacity Talks Episode 8: Padmasree Warrior | CEO, NIO
3xbbiJvZmQg Network aspects - Mobile Web Development
3y2quX0BZTA Add ListItem XML - Developing Android Apps
4-fh18Dq2QY Knockout Views Quiz - JavaScript Design Patterns
40VC5zOQQRo Making a Request - HTML5 Game Development
43TgXRE-4O8 Google Analytics Features | Implement a Monetization Strategy | App Monetization | Udacity
448_3J3C_O8 Spot the Differences 2 Solution - Responsive Images
46YZ_kDONAM Key Business Metrics | Lesson Recap | Product Design | Udacity
477OWjHbM7k 4 levels of Market Competition | Understand the User | App Marketing | Udacity
47CJIZJXRF8 Which is Which? Quiz - Responsive Web Design Fundamentals
47tlAdRN_wQ Intro to HTML and CSS - Responsive Page
488kPaPm2PI Introduction - Object-Oriented JavaScript
48VJ4uupHek Login Functionality - Developing Scalable Apps with Java
49E3lSnm58w Building Something with Knockout - JavaScript Design Patterns
49isJVLuPLw Interactive Prototyping | Building Apps for Web and Mobile | Course Introduction | Udacity
4CUIiinO_ps TRANSFERABLE SKILLS - Add an Edge to your Job Search
4DV16H-Bc_Q Defining the Viewport - Responsive Web Design Fundamentals
4EEyhnSUDUw Armazenando Dados no Android: Conclus\u00e3o
4ELMB2xcmbU Classes - HTML5 Game Development
4Iy26YwQgEU Done! - Developing Android Apps
4J8NRiNqSVQ App Monetization Success Story | App Monetization | Udacity
4OzeKtqOB9o Welcome - Mobile Web Development
4Q8E6NUS6gY INT: Khadir (7)
4QIr0x_vjVU Use This Website to Build Your Network During the Job Search | Udacity Career Tip #10
4Vnjw4uhj1s \u7b80\u4ecb
4Wlhv3_2jkQ What optimizations would you try? - Website Performance Optimization
4Xl1SKSDtpY Introduction - HTML5 Game Development
4fBGT4OOOjk Logging on Android - Developing Android Apps
4fpAsYLXQms Benefits of Smart Models - JavaScript Design Patterns
4hGbrJdEdr8 Coding ContentProvider: Finish Inserting - Developing Android Apps
4hxipkwWy2A Intents Framework - Developing Android Apps
4juM8LvoIB4 Two Tables Quiz - Developing Android Apps
4liE1o6gY00 Detecting offline - Mobile Web Development
4nR9cD9fi6s Camera access - Mobile Web Development
4nnjOzkKVw4 \u6784\u5efa\u591a\u4e2a\u6267\u884c\u4f5c\u7528\u57df
4ovvPGAmwN8 Selectors Classes - Intro to jQuery
4pmf2tH4A5Y ScrollViews vs ListViews - Developing Android Apps
4pnlLZikUp4 Native App Monetization  eCommerce
4qEw_ELTVns Your Experience - Developing Scalable Apps with Java
4r36bNDPcmU Stopping Sounds - HTML5 Game Development
4t8msUHX0PE Tracking Across Multiple Files Solution - How to Use Git and GitHub
4xQpG4jeR7o Introduction to Lesson 2 - JavaScript Design Patterns
53nKdECen2g Modify SettingsActivity - Developing Android Apps
53uCRQVb-i4 Mostly Fluid Quiz Part 2 - Responsive Web Design Fundamentals
543N1CAAPvU Try Out Web Queries - Developing Android Apps
55iL41U07KA Permissions - Developing Android Apps
565NGVOGQgw How to Choose Business Ideas | Product Design | Udacity
58ozYuEiKUM Actually Drawing Tiles - HTML5 Game Development
5AO8DwJ6a4s Leveraging Projections Solution - Developing Android Apps
5FT8zepk_TE Homepage Design: Payment Forms | UX/UI Design | Product Design | Udacity
5Fyrn1WhZlA The Race for Scalability - Developing Scalable Apps with Java
5M3G_s5A4OE What To Do in OnPause/OnStop Solution - Developing Android Apps
5OLHUdyMdEU Harpinder Singh: Market Demand, Trends, and Competition | Validation | Product Design | Udacity
5PJzApvPAxI Collecting Click Locations Solution - JavaScript Basics
5R34yzVqNyk New input fields - Mobile Web Development
5TgTRXQjz2c Add Refresh Button - Developing Android Apps
5X8TikN9SM4 Predicting Execution Contexts (2) - Object-Oriented JavaScript
5XEdgvd99wQ Define Stage | Design Sprint | Product Design | Udacity
5Zdn80fdqFo Positive User Feedback | Lifelong Prototyping | Rapid Prototyping | Udacity
5_svY7MfvyM Computed Observables Quiz - JavaScript Design Patterns
5a1nuXcTCzQ Intro to HTML and CSS - Grid Based Design
5bZTen8j7Zw Lesson 1 Summary
5lMzZ4uUjrs Strict Comparison of Returned Functions - Object-Oriented JavaScript
5lfYBKd4JwE Moving to Multiple Text Views - Developing Android Apps
5lnCTJRnp7Q Necessary components of an AJAX request - Intro to AJAX
5m2DAtas0u4 Appcache challenges - Mobile Web Development
5qhOqSVsZV4 \u770b\u524d\u7aef\u5de5\u7a0b\u5e08\u5982\u4f55\u505a
5sjnzTlxjzM Prototyping Tips | Lifelong Prototyping | Rapid Prototyping | Udacity
5soHQ1paG4A \u9c9c\u4e3a\u4eba\u77e5\u7684 CSS \u5355\u4f4d
5tc5bldSUCw Fluid layouts - Mobile Web Development
5tqgA23zvtU Reflections - JavaScript Design Patterns
5uKzrtpvqAg Add the Other Join query Solution - Developing Android Apps
640CjIUgKy4 Library vs Framework 2 - JavaScript Design Patterns
64x8rHIoxPw Cities of the Future - Interactive, Responsive, and Optimized
65CAiqm5UtM Network status - Mobile Web Development
69ts0oBmnaE The GitHub Repo - JavaScript Basics
6AisqC4uv_U Career Webinar: How to Build Self Confidence for a Career Change
6As8n_X6u0c Responsive Tables Intro - Responsive Web Design Fundamentals
6Dda-JxwxHk Uso de Loaders
6FUNkIppBV4 ViewRect - HTML5 Game Development
6GBEUBDJpVo Building List Item - Developing Android Apps
6Ghy3y8i0V4 Different devices different designs - Mobile Web Development
6Gv_KIdgz-8 Updating saveProfile - Developing Scalable Apps with Java
6H2-68MlJV0 Initialize the Adapter Solution - Developing Android Apps
6H4nRk581is Get Your First Users: Advice | Launch | App Marketing | Udacity
6L7SAO9wt6Y Fixed Width - Mobile Web Development
6P0stwYVJEc Share Responsive Sites Quiz - Responsive Web Design Fundamentals
6P9uLyvcd3Y \
6SO3Uq-hCzo Career Webinar: Networking Strategies for your Career Advancement
6TmcLKQAEks Optimizely on Monetization | App Monetization | Udacity
6WTykZLhtuY Interview about Documentation - JavaScript Design Patterns
6W_Usn7vJdg Udacity Talks Episode 1: Tony Fadell | Founder & CEO, Nest
6c2SpCFS_lU Career Webinar: Bouncing Back from a Layoff or Furlough
6d0OmRuk_JU Intro to HTML and CSS - From Idea to Code
6fa50Nheodg Application cache - Mobile Web Development
6fabBEsqznQ \u4e00\u6b21\u6027\u5c5e\u6027\u590d\u5236
6ha9LIubrrA Become an iOS Developer with Udacity\u2019s Nanodegree Program
6hrKQM9U7OE Entities and Collisions - HTML5 Game Development
6lKaEh6Bu4A Show Cats With Control Structures - JavaScript Design Patterns
6m1kQ_dJjWg Model Quiz - JavaScript Design Patterns
6qKoXLi6LK0 Touch and mouse - Mobile Web Development
6qL9kGkspao CursorAdapter - Developing Android Apps
6u3zHOUh3RY Solution - Responsive Web Design Fundamentals
6vIHqLnQwYs Define Profile Entity - Developing Scalable Apps with Java
6vKxhLav6K4 Market Segmentation: Tips | Understand the User | App Marketing | Udacity
6y_MogEV8is Coding Task on Accessibility - Developing Android Apps
71cauX4kIgs Intro to HTML and CSS - Reading Documentation
71uq5wAGteM Client ID - Developing Scalable Apps with Java
72ONGWiBr4M Introducing the Agile Software Development Nanodegree Program
72OSO4ntPVE Maintain Persistence | Lifelong Prototyping | Rapid Prototyping | Udacity
79mA3lp6Nmo \u7535\u5b50\u7b80\u5386\u7684 HTML
7AcKikSsTBY Determining 'this' Binding - Object-Oriented JavaScript
7BxUCftYahg Tile Packet - HTML5 Game Development
7FfVCWJNrpo When To Use A Task Queue - Developing Scalable Apps with Java
7GbqmQqa0Rk Introduction - Developing Scalable Apps with Java
7GhuxhwTnI4 .call()'s First Argument - Object-Oriented JavaScript
7Gr8--Qlqag Subclass Property Prototype Delegation - Object-Oriented JavaScript
7M6LwDSidFc Segue Into L2  - JavaScript Design Patterns
7MpSXG2eIjM Office Hours 3 - Mobile Web Development
7PUj_-rf99c Are you ready for this course? - Developing Android Apps
7SOB1HkvY5w Pulling Changes Solution - How to Use Git and GitHub
7Ufl-DXl3-0 \u56fe\u7247\u5143\u7d20
7VOG5TwNWkU Deploy Non Existing Composite Index - Developing Scalable Apps with Java
7VzcXmAdja0 From touch to other input - Mobile Web Development
7W8oHLtwkR4 Difference in image quality - Mobile Web Development
7W94vJcVZ4w The Perfect Solution - Developing Scalable Apps with Java
7ZoS4WoTlXY Predicting 'this' Output (7) - Object-Oriented JavaScript
7ZsbxoQycSo Sensors on mobile - Mobile Web Development
7_ZfhhyUhlI Crystallize Your Product Idea | Validation | Product Design | Udacity
7cKGGD2bTcA Update Map Intent - Developing Android Apps
7hcuQ5eM8_o Application cache - Mobile Web Development
7mMmXMsCED8 \
7phx0H2bEgQ Tech Requirements - Website Performance Optimization
7wv9vTOr-lw Committing the Conflict Resolution
7xlZjAZDxqw Transferring Data Efficiently - Developing Android Apps
7yA8hAS472U \u65ad\u70b9 \u7b2c 2 \u90e8\u5206
7zwPi0cqylo Rapid Prototyping | Lifelong Prototyping | Lesson Introduction | Udacity
8-0-oDrS8Vs Smart Models Work Differently - JavaScript Design Patterns
80_S5InMc-Q Pulling Changes
80t1u5J4Y1o Your first canvas - HTML5 Game Development
81Hq7kgJLx8 this' in Superclass without using 'new' - Object-Oriented JavaScript
81bhhN04H4Y Project Part 1 Solution - Responsive Images
85MppyLJHz0 O Ciclo de Vida da Activity no Android
86ga4AcBRXo Using Filters - Developing Scalable Apps with Java
88BlhoXdHDc Predicting Code Output - Object-Oriented JavaScript
88R5nCkz-mM How To Optimize Quiz - Developing Scalable Apps with Java
88rJq9HyGLI Tempos de vida Active e Visible
88t-5IRBdm0 Loading Streetview - Intro to AJAX
88wobE5sqzM Udacity's Full Stack JavaScript Developer Nanodegree Program
8A-e4Gb9VTg \u6784\u9020\u51fd\u6570\u539f\u578b
8BgKCT9FR2w Job Seeking During COVID-19: How to continue Career Growth in Turbulent Times
8BrjzcJKDAI Interview With Urs Pt. 1 - Developing Scalable Apps with Java
8CigBMk9jGo Physics Bodies - HTML5 Game Development
8CyRLBBHaao Deciding on Data Model Solution - Developing Scalable Apps with Java
8DBbUL8o-dA Execute AsyncTask - Developing Android Apps
8DYWtGVwai0 How Is jQuery Included in a Page? - Intro to jQuery
8F_uXcs7ahU Manually Duplicating Code - Object-Oriented JavaScript
8GckLBceh3Y Column flex - Mobile Web Development
8HJlpRpQjoc InVision Tutorial: Collaboration | Medium-Fidelity Prototypes | Rapid Prototyping | Udacity
8HheExa4y4U \u7b80\u4ecb
8KHPm-svhB0 Mouse emulation - Mobile Web Development
8KXFkoR6cmw Introducing the Enterprise Security Nanodegree Program
8N-OLiAMr0g Interview with Jeffrey Middleton
8OmcSsw4ZjM What is Medium fidelity? | Medium-Fidelity Prototypes | Rapid Prototyping | Udacity
8T5bkfJw0q8 Update all the entities - HTML5 Game Development
8TXkNA83TyU Physics Bodies - HTML5 Game Development
8Tzk6LLqLU0 Accessible Products and Assistive Tech | UX/UI Design | Product Design | Udacity
8VzfRyDf8bo \u9488\u5bf9\u79fb\u52a8\u8bbe\u5907\u8bbe\u7f6e
8YF2magGwZs Strategy Quiz 4 - Responsive Images
8ZFwr6wRnBE Implement Location_ID Solution - Developing Android Apps
8Zga0aT3uLI Source Code for ArrayAdapter - Developing Android Apps
8ZhIrGhmGAY Adding Tests To Your App - Developing Scalable Apps with Java
8ZkzxyNjBEU Activity in Relevant Offline Events | Launch | App Marketing | Udacity
8_Jm7k5DxpM Define Profile Entity - Developing Scalable Apps with Java
8ay61teIGxg Finish Creating a New Project - Developing Android Apps
8bNS_vMMVIQ Entrepreneurial Mindset and Practical Steps: Starting Your Own Business
8hNUr4o0e0Y Filter by Property - Developing Scalable Apps with Java
8k30g39JmNI Pull Queues - Developing Scalable Apps with Java
8lxqWWfoF9Y Models in Knockout - JavaScript Design Patterns
8oxWqnu85mw Ask a Career Coach: What makes a strong elevator pitch?
8r-wAQ1gDdE What are the PROs and CONs of Remote Work? (Part 3 of 3) | Udacity Career Tip #9
8wx6ViiEOec Design Types | UX/UI Design | Product Design | Udacity
9-2vy-vyhXg What You Need to Know to Land a Job in 2021
9-5Vu8Ipl2Q Strategy Quiz 3 Solution - Responsive Images
905-TIp33VQ Project Part 3 - Responsive Images
91LMmkE59oM Project Part 2 - Responsive Images
92ORLfak58g Can you summarize the CRP? - Website Performance Optimization
92ljjLwkxhQ \
94N6op7DG7Y JSON Parsing - Developing Android Apps
95AARxHoupA Intents como Envelopes
964kavOANqM Overview of Web Frontend - Developing Scalable Apps with Java
98i9UPXCdBk How wide is the viewport? Quiz - Responsive Web Design Fundamentals
99CJcQvKVR0 Setting good KPI's | App Monetization | Udacity
9AkGmt9jtAw App Marketing | Measurement Fundamentals | Lesson Intro | Udacity
9BfzYyu8ALg Introduction - HTML5 Game Development
9CYnxjwzd_c \u51fd\u6570
9CviO_WJbFw Behavior Reports: Track Success | Implement a Monetization Strategy | App Monetization | Udacity
9D8poMmmtN0 saveProfile Solution - Developing Scalable Apps with Java
9EOEi5m3pGk Launching Sunshine Creating an AVD OLD - Developing Android Apps
9Eqhayl3dSI User Feedback | Measurement Fundamentals | App Marketing | Udacity
9HlYyEFnhuc Separate Desktop and Mobile - Mobile Web Development
9IDaac2O3KA Finding Examples of Expensive Layouts - Website Performance Optimization
9IOVQqHyWbg Producing different quality content - Mobile Web Development
9LeJipdgZQk Creating New Composite Indexes - Developing Scalable Apps with Java
9MVsa7OQWX0 Running Hello Endpoints Project - Developing Scalable Apps with Java
9NxL22RofZM Review Data Provided by Open Weather Map - Developing Android Apps
9VAcwjQQ360 Suppressing Single Property Indexes - Developing Scalable Apps with Java
9WAgJBQ48qQ Going fullscreen - Mobile Web Development
9WHkmU9kZ-Q BulkInserts with ContentProvider - Quiz - Developing Android Apps
9_f04bTXOoI Custom View Accessiblity - Developing Android Apps
9aRFkC-zbfg What to do next? - Developing Android Apps
9cD9pQFNuLw Adding Images to the App - Developing Android Apps
9h5i0PU29aE Off Canvas Visualization Solution - Responsive Web Design Fundamentals
9jYiBc39x-E Accessibility Promise - Responsive Images
9lDGK1SBRxw NYT Implementation - Intro to AJAX
9nAFWJEFnGA Lesson 3 Introduction
9oi0NY8Pen8 Refactoring the .move() Method - Object-Oriented JavaScript
9qzfAZCTpzk Examples: Ads on the Web | Monetization Strategies | App Monetization | Udacity
9s9RqRlUhtk Formatting Strings - Developing Android Apps
9wAyf63taDY Set Up a Cron Job - Developing Scalable Apps with Java
9xHf0-SRAsY Move to AsyncTask - Developing Android Apps
9yAADYVFROY Identify Model and View - JavaScript Design Patterns
A-JcmY4IJcE Good Android Citizen - Developing Android Apps
A-ez7QcPGuo Building Today's List Item - Developing Android Apps
A1mTMOsHkAE Hora da Hist\u00f3ria: Hardware Android
A6DDsZjeSnY Introducing Udacity's Site Reliability Engineer Nanodegree Program
A6huQyxC3WA Predicting 'this' Output (6) - Object-Oriented JavaScript
A9XLZuI0VTk Introduction - Developing Scalable Apps with Java
A9h8L808aDo 3 Engines of Growth | Customer Acquisition | App Marketing | Udacity
AATAI1YD0OM Change the Chili Recipe Solution - How to Use Git and GitHub
AAaDkHgFHsU Case Study on Business Idea Types: Shyp | Product Design | Udacity
AC9eZhaiz3I Career Webinar: Graduate School or Upskilling, That is the Question
ADPpYJ5R_N4 Your Experience - Developing Scalable Apps with Java
AEQ7knLvJdw Truthy vs Falsy Solution - JavaScript Basics
AGIGUZLNlEU Error Handling with NY Times  - Intro to AJAX
AJMVjcKdv04 Merging on the Command Line Solution - How to Use Git and GitHub
AKkzB7A2C58 Async JavaScript - Website Performance Optimization
ALB84GLqkVo Loading Sound - HTML5 Game Development
AMDLYa2i4HU var loveJS = true; - JavaScript Basics
ANBnX_c_LDc Predicting 'this' Output with 'new' - Object-Oriented JavaScript
ANZiuaWOVdM Nick Kohut, CEO of Dash Robotics Talks About the Robotics Industry
ARFWUoObaHY Define KPI's | App Monetization | Udacity
ARRTO1qkBAQ Terms to Know  Native Apps
ATh6rOjgNZ8 Outro - Object-Oriented JavaScript
AVmqV9EH3ko Cameron Summarizes the CRP - Website Performance Optimization
AWZbnLw5xuM Define Constants in Contract - Solution - Developing Android Apps
AYVEjjxHCeE Storytime: Android Consumer Platform - Developing Android Apps
A_9mC12yJUU Can you run layout? - Website Performance Optimization
A_gHQq9iLxg User Experience Design | UX/UI Design | Product Design | Udacity
A_mynmhCLbQ Design User flow | | Low-Fidelity Prototypes & User Research | Rapid Prototyping | Udacity
Ab04b8PpzCQ Intro - Intro to AJAX
AhyrzeU9LGI Introduction to MVO - JavaScript Design Patterns
Ai8PGZtsM78 Aaron Harris: Growing Markets | Product Design | Udacity
AjCuaKsDrEs Abstracting XMLHttpRequests - HTML5 Game Development
AmHW9Hhm5mI Start Small - Responsive Web Design Fundamentals
AnR7mAr0bcQ Launch assets: Press Kit | Launch | App Marketing | Udacity
AnWkC_WR9Iw Cameron Analyzes NBC News' Layout - Website Performance Optimization
AncYJ5YoGBA Prototype Success | Low-Fidelity Prototypes & User Research | Rapid Prototyping | Udacity
Ap7LWxVTXPc Nate: Ad Types for Apps | Monetization Strategies | App Monetization | Udacity
AtFbZY-VDBs jQuery Documentation and You - Intro to jQuery
AtKlUIKmrPs App Launch Checklist | Launch | App Marketing | Udacity
AwyRr2rqTYI Intro to HTML and CSS - Using Bootstrap Typography
Axuy4Nu5vBs Tabelas de Previs\u00e3o do Tempo e Localiza\u00e7\u00e3o
B0ZOal1C9RE Making images beautiful - Mobile Web Development
B2LbGayuAms Generating The Client Libraries - Developing Scalable Apps with Java
B3MgMAlw-sw Take a Screenshot - Developing Android Apps
B8qKGCtKBLY Branches for Collaboration Solution - How to Use Git and GitHub
B9X_lzN1-LE Implementing Z-Ordering - HTML5 Game Development
BARSFNEwfv0 \u770b\u4e00\u4f4d\u524d\u7aef\u5de5\u7a0b\u5e08\u5982\u4f55\u505a 2
BB17wjsAyms Variable Access - Object-Oriented JavaScript
BB9PqeN7RBY Spaghetti Code Story Time  - JavaScript Design Patterns
BDdWUbDw9f8 Optimizing for battery usage - Mobile Web Development
BGCB1Xnmi3I Business Partnerships | Pre-Launch | App Marketing | Udacity
BHu_wAixRZA Spot the Differences 3 Quiz - Responsive Images
BJ42hJDVi-U Technologies and Techniques - JavaScript Basics
BJ_KP6R9EYw Add New Endpoints Function - Developing Scalable Apps with Java
BKW9Ie5CDgs Intro to HTML and CSS - Overflows
BME-SGW2Kcs If Statements Solution - JavaScript Basics
BPV2LSYzKuw How to Think About Users | App Monetization | Udacity
BSFMrVBamPg Create Your Own View - Developing Android Apps
BXHcAmh-KNk \u63a2\u7d22\u6846\u67b6
BZ1hq5OHnE8 Success Stories - Developing Scalable Apps with Java
BbcC3_IoEqo Subclass Prototype Constructor Property - Object-Oriented JavaScript
BcVUYQjraYo Encapsulating Functions Quiz - JavaScript Basics
BcfTfzd1hxA Creating a Content Provider - Developing Android Apps
BfO92SrgS_w Building an entity - HTML5 Game Development
BffWZTnnDXk Easier Way - HTML5 Game Development
Bg-oXKHSTFA Advice for Running Design Sprints | Design Sprint | Product Design | Udacity
BglUe-8DPTg Interview: Gaining Context - JavaScript Design Patterns
Bgq8k-0DZQA Conference app example - Mobile Web Development
BiTPLPwBpP0 Monetization Pitfalls | Implement a Monetization Strategy | App Monetization | Udacity
Bj-KLLSJmBg Create Your Distribution Plan | Pre-Launch | App Marketing | Udacity
BnH89X2e-q4 Minimizing latency - Mobile Web Development
BnmGmkBZz-A Kevin Hale Introduction | App Monetization | Udacity
BnuShc_7pgs Finish Insert - Quiz - Developing Android Apps
BoNvsAn1bTI Using Memcache with Objectify - Developing Scalable Apps with Java
Bp0S4AHFrkE Resume Header Quiz - JavaScript Basics
BuDLqNaCZiw Return Statements - JavaScript Basics
BuVBYy-qHM4 Pull Queues - Developing Scalable Apps with Java
Buo7kzHECHk Android Software Stack and Gradle - Developing Android Apps
BvqEwFHyqUc User Experience Components | UX/UI Design | Product Design | Udacity
C-jX2U1JZJ4 Summarize DOM Construction Solution - Website Performance Optimization
C2gJhfr7s-Y Tap Targets Quiz
C3dVD7q9oMM Intro to HTML and CSS - Continuous Improvement
C6Rt9lxMqHs NVIDIA Shares What They Look For in Hiring for the Autonomous Vehicles Division
C8227y-RBqU What Does Knockout Give Us  - JavaScript Design Patterns
C89xM_E8zoY Use Your Research | Low-Fidelity Prototypes & User Research | Rapid Prototyping | Udacity
CASnhTTpiko Career Webinar: Return to Work, Revisit the Relaunch Webinar
CBYQDIqucxE Lesson 2 Summary
CCytKlja_rE Create Conferences - Developing Scalable Apps with Java
CEB5qqu1L80 Drawing Cached Tiles - HTML5 Game Development
CEfCqqZ59m4 Strong Consistency Diagram - Developing Scalable Apps with Java
CEsSacz1zCo Defer Killing Entities - HTML5 Game Development
CGtb-_5voHI Segue Into L3 - JavaScript Design Patterns
CHb8JGHU290 SQLiteOpenHelper e Bancos de Dados Sunshine
CI_P81pFZM4 From College to Starting a Career in Self-Driving Cars
CIvSuatjcw0 Iterate Monetization Strategies | Optimize Your Model | App Monetization | Udacity
CJ_Vw8o_6l8 Number of Breakpoints Quiz - Responsive Web Design Fundamentals
CKBN1-FMTp0 Implement Changes | Medium-Fidelity Prototypes | Rapid Prototyping | Udacity
CKEFdlxHhAs Which screen elements are visible? - Website Performance Optimization
CKJoVgKqRlg Playing Sounds - HTML5 Game Development
CKUR5kttGiw Critical Questions | Low-Fidelity Prototypes & User Research | Rapid Prototyping | Udacity
CKjFfcFelrI Por que os Content Providers s\u00e3o importantes
CLIrr5fJ3gc Predicting Parameter Output - Object-Oriented JavaScript
CN2Y5JCMgf0 Fast-Forward Merges Solution - How to Use Git and GitHub
CNpMk3CHNqg Getting Ready To Add More Cats - JavaScript Design Patterns
CPN7VgrI0Po Calculating CSS Pixels Quiz - Responsive Web Design Fundamentals
CTAOGNvrqJk Adding More Cats - JavaScript Design Patterns
CTK9bMRO8mg \
CV6oXDu_too Other sections - Mobile Web Development
CVlnZGK2hVI Predicting Execution Contexts - Object-Oriented JavaScript
CXm5TWDXN1Q Intent Filters - Developing Android Apps
CY7Vt_oh4Bk Homepage Design: Sign Ups and Registration | UX/UI Design | Product Design | Udacity
C_n4QnqrNpQ Geoffrey Moore: Market segmentation and Personas | Understand the User | App Marketing | Udacity
CaaR9gwLycQ What strategies would you try? - Website Performance Optimization
CatPzJNKkXg Name   L3 - Responsive Images
CbJPDa-eR20 What's next - Mobile Web Development
CbT5IHAdtgg Retaining Access to Functions - Object-Oriented JavaScript
Cck3vmRewvA Implement Details! - Developing Android Apps
Cd_yt0XkpF4 Moving to Multiple Text Views - Developing Android Apps
CeYMXr6oy4o Necessary components of an AJAX request - Intro to AJAX
CguJQqi9y_o Creating AppEngine Project - Developing Scalable Apps with Java
CjSnZdAUCvY Register the Content Provider Quiz - Developing Android Apps
CkPToudS2rk \u7c7b\u7684\u7f16\u7801\u98ce\u683c
Cl7_gXPlJEQ Adding Transactions in Objectify - Developing Scalable Apps with Java
CoikzWWzKd4 Javascript and Inheritance - HTML5 Game Development
CqdYM3H5PH0 var Quiz - JavaScript Basics
CrN5QGLmbuU Network Call - Developing Android Apps
CronYuId9L0 this' in Superclass using 'new' - Object-Oriented JavaScript
CsFoQjUoeHw Computed Observables - JavaScript Design Patterns
CuUF4zewwHQ \u63d0\u9ad8\u6027\u80fd
CvcsybNtvRw Launch SettingsActivity - Developing Android Apps
Cvnmi4Puo3Y Nir Eyal: Hooked Model & Product Hunt | UX/UI Design | Product Design | Udacity
CwFq7V5Q8u0 Predicting Prototype Delegation - Object-Oriented JavaScript
CwiKwZBt-Cc Why We Don't Only Use Fragments - Developing Android Apps
Cyb1auRi2ng Finish Creating a New Project - Developing Android Apps
D0u2nqLsTbY Understand your Users | App Monetization | Udacity
D0yTQFUVR5U \u5c0f\u7ed3
D136tQ2ngmE \u4f5c\u7528\u57df\u548c\u95ed\u5305
D2ZAjN1GEI8 Engaging Customers: Considerations | Measurement Fundamentals | App Marketing | Udacity
D2j0zebizdw Forking a Repository - How to Use Git and GitHub
D6AN0mDawSo Constructor Mode - Object-Oriented JavaScript
D6p-o0TNqrw Downsides of Fixed Width - Mobile Web Development
D8ZREMZpSKY Webcam access - Mobile Web Development
D9EEvWzIcN4 Intro to HTML and CSS - Boxes Everywhere
D9_9P7qhRtQ \u8bbe\u7f6e\u4f60\u7684\u73af\u5883
DBv_sU-mgVU \u4eff\u771f\u5668\u3001\u6a21\u62df\u5668\u548c\u771f\u5b9e\u8bbe\u5907
DDf0dsB2YNs Practice with Objects Solution - JavaScript Basics
DEPm1niXpyI Entity render class - HTML5 Game Development
DFBw564Cr-U Mobile First - Mobile Web Development
DI0Uu1ZWqiM Memcache and Objectify - Developing Scalable Apps with Java
DLnsf4Nr624 VMin and VMax - Mobile Web Development
DOYdw8CpM30 Actually Drawing Tiles - HTML5 Game Development
DRdE-n1b33w Growth Hacking | Customer Acquisition | App Marketing | Udacity
DTndVfEy0DI The goal - HTML5 Game Development
DTu07rIIq-w Loading javascript - HTML5 Game Development
DVeqcxAL0oU Refine Your Product Idea | Validation | Product Design | Udacity
DWebPI5kqvo Intro to HTML and CSS - Visual Styling in HTML
DaSgkc_bDkE Implementing a SyncAdapter - Developing Android Apps
DbvJOOjqLc4 Factory - HTML5 Game Development
Dc_BaTpHkgE Background on business & startups | App Monetization | Udacity
DgP-Q564-5A How to Create Your Product Idea | Product Design | Udacity
DgUi2YCUVF0 What Is the View in Our Code - JavaScript Design Patterns
Dh-oA07ksbI Victorious Negotiating: Win first, then go to War
DhRuXjmi12c git diff Revisited Solution - How to Use Git and GitHub
DhvmtrUIfbs Raster or Vector Banner? Solution - Responsive Images
Dir8YW14MrE Add ProfileForm - Developing Scalable Apps with Java
Dm85ektZLOE Boost Your Chances of Landing a Remote Job
Dn70lJhdMbA Intro to HTML and CSS - Site Structure
DnIk7yNIIeo Subclass Property Prototype Delegation - Object-Oriented JavaScript
Dq801Vw1tY0 Solution - Responsive Web Design Fundamentals
DqIEPGVwuuI Loading javascript - HTML5 Game Development
DseKYfiJ_1A General Strategies and CRP Diagrams - Website Performance Optimization
DtLZQw7PunU Monetization Strategies: Wrap Up | App Monetization | Udacity
DtjasUoy4-U Intro to HTML and CSS - Responsive Page
Dtut0bJD_o4 Tileset Array - HTML5 Game Development
E1BD6eyERD8 Storytelling During the Interview | Udacity Career Tip #13
E1Fdb7y665E \u5c0f\u7ed3
E3AsOejxiss Eventos de Entrada em Views Personalizadas
E4_dh3RliMo Select a Target SDK - Developing Android Apps
E4svnoq-J-Y Add Cat Levels to Cat Clicker - JavaScript Design Patterns
E6Mses8lzeQ Ask a Career Coach: I'm an introvert. How do I network?
E9joWbeGalA \u6a21\u5f0f\u7b80\u4ecb
EAP2PGRISxA Marketing Segmentation: Wrap Up | Understand the User | App Marketing | Udacity
ECC-ysmBt-A Pixelation Solution - Responsive Web Design Fundamentals
EGZci21y9dw Identify the MVO in New App - JavaScript Design Patterns
EH-enCDhapw Disadvantages Quiz - Developing Android Apps
EI-rh2DrPA0 Computer Vision Nanodegree Program
EIHNcVPArsQ Blog layout - Mobile Web Development
EJXl1iYnQfA New: Keeping a Fork Up-To-Date
EKgx-TL6Uo0 Codifique a query() do ContentProvider
EMGgY7Pa1OY Continuing Output Predictions - Object-Oriented JavaScript
EQ2szffh0y4 Doing it right - Mobile Web Development
EW16EPx3ZW4 Updating Profile Exercise - Developing Scalable Apps with Java
EYVgu5sgtVU Easier Way - HTML5 Game Development
E_BbhA1PSyU Atualiza\u00e7\u00f5es/Inclus\u00f5es Eficientes
EaeuXLqfS5U Modeling Datastore - Developing Scalable Apps with Java
EbEEOSx1d00 How to overcome Imposter Syndrome
Ec7zquQDDW0 Understanding Your Users Needs
EcrjihmNlEA Who Will You Ask? | Low-Fidelity Prototypes & User Research | Rapid Prototyping | Udacity
Ecz4v4cNyjs Sum up input - Mobile Web Development
EdAwcHCoyKM Coding ContentProvider: getType() - Developing Android Apps
Efy3iAZyjbo Ler/Gravar de um Banco de Dados
Eg3DJIWljoE What to cache - Mobile Web Development
EgNwQBnwsTI Iterate on Prototypes | Medium-Fidelity Prototypes | Rapid Prototyping | Udacity
Eh9R2nppvNY \u6a21\u578b - \u5927\u4f53\u6d41\u52a8\u6a21\u578b
Ei65ksr0_0g Udacity Talks Episode 12: Sebastian Thrun on Autonomous Transportation
ElJELu1qnNU Adding a New Feature - JavaScript Design Patterns
Elo55qGQb0E Recording User Research  | Low-Fidelity Prototypes & User Research | Rapid Prototyping | Udacity
EnFiDR2ssrI Introducing the Ethical Hacker Nanodegree Program!
Eo8KNC26qJk Distracting about input - Mobile Web Development
EoEqMvKzr6E Calculate the CRP metrics - Website Performance Optimization
EqdE6oTTvHU Keyboard Firing - HTML5 Game Development
EsBmDg_edGQ Intro to HTML and CSS - Styling up using attributes and values in CSS
EsfM6bkKOG8 Simplify Tests - Developing Android Apps
EtR5TcJyDpM Aaron Harris: Business Ideas | Product Design | Udacity
EvWKwn684sI Task Queues & Cron Jobs - Developing Scalable Apps with Java
Expbi0lHLRE Better Ways to Sync - Developing Android Apps
Ey0Yepl8mpg Google AdWords: Structure of a Campaign | Customer Acquisition | App Marketing | Udacity
EyWa4i3PCnk Set and Get Announcements - Developing Scalable Apps with Java
Ezo5Au-it38 Design Challenge | Design Sprint | Product Design | Udacity
F-6wgdeHtLA Introducing the new Establishing Data Infrastructure course!
F-akKxve2oE Max-width on elements - Responsive Web Design Fundamentals
F0BAUVQiDJA \u603b\u7ed3
F0tzOBLOUkM Making it fluid - Mobile Web Development
F4fQhlK7A0M Building Out a Subclass - Object-Oriented JavaScript
F6tSkw2LgcY Lesson 2 Intro - How to Use Git and GitHub
F9i9qNj_iog Google: Evolution of Prototyping | | Lifelong Prototyping | Rapid Prototyping | Udacity
F9ieDfgbxVs Spot the Differences 2 Quiz - Responsive Images
FGw1LGGyyp0 Interaction Points Example | Low-Fidelity Prototypes & User Research | Rapid Prototyping | Udacity
FHhTL1-Q2O4 Calculate the CRP Metrics - Website Performance Optimization
FI0Z-C4TO44 Push Queues - Developing Scalable Apps with Java
FJOyt8r3YZ8 Exploring Query Restrictions - Developing Scalable Apps with Java
FJ_Dq6FQVwg Unicode Treble Clef Quiz - Responsive Images
FL5vKY6tbb8 Predicting Closure Output (5) - Object-Oriented JavaScript
FLSrO3r8PxQ Transactions - Developing Scalable Apps with Java
FP9GVZt4aqc Congratulations! Android Party! - Developing Android Apps
FPBd2QUItdc Reducing duplicity - Object-Oriented JavaScript
FSx4u61SrJU Predicting 'this' Output (9) - Object-Oriented JavaScript
FTIV2xf0RK8 Understand the Profit Model | App Monetization | Udacity
FTN2YL7sD3o \u5c0f\u7ed3
FUGvtUV8PF4 Optimizely and Key Metrics | Key Business Metrics | Product Design | Udacity
FUhWXaHa828 console.log() - JavaScript Basics
FW64tcOjhnw Keyboard Input Manager - HTML5 Game Development
FWwMA-sdOgk Main Thread vs Background Thread - Developing Android Apps
FYxevb5MtXY Query For All Conferences - Developing Scalable Apps with Java
FZ5SusP5fYI .prototype.constructor - Object-Oriented JavaScript
Fa6_o5-4oU8 Introduction and Course Map
FbowdJ1rHd4 Validating JSON Solution - JavaScript Basics
FdHoUYes4js Scheduled Synchronization - Developing Android Apps
FejdbqEmuWI Appcache network - Mobile Web Development
FggN0VtWYTk Natural Language Processing Nanodegree Program
FhTr_nOuu8Q Final Project Updates - Responsive Web Design Fundamentals
FhdCdufQ9PY Intro to WeatherContract - Developing Android Apps
FtbAHK3L2zc \u4f7f\u7528\u5c4f\u5e55\u5f55\u5236
Fu-_kwAFX64 Intro to HTML and CSS - Applying Bootstrap Grid System
Fukpz521FA4 InVision Tutorial: Feedback | Medium-Fidelity Prototypes | Rapid Prototyping | Udacity
FvTffFQxoOc Work Quiz - JavaScript Basics
Fw2zt07oKjY Youtube Ads Advice | Customer Acquisition | App Marketing | Udacity
G1P76WA62Ak Deploy Non-Existing Composite Index - Developing Scalable Apps with Java
G2kpQGNxkRc Competitive Analysis Framework | Understand the User | App Marketing | Udacity
G5DVxb7bgog Pixel Perfect Collision - HTML5 Game Development
G6zL-IV-yNg When To Use Task Queue - Developing Scalable Apps with Java
G7mDOsLWuvQ Tali Saar : App Launch Checklist: PR  | Launch | App Marketing | Udacity
G8pQmEOQzW0 App Monetization | Course Map | Udacity
GD-ju6CQPS8 Predicting 'this' Output (3) - Object-Oriented JavaScript
GHYVOAMAmJ0 Introducing the new AWS Machine Learning Engineer Nanodegree Program
GJRrAHHykVU Text Reflow - Mobile Web Development
GKCVbekz_gk \u6a21\u5f0f - \u753b\u5e03\u4e4b\u5916
GNAENzKdciQ Instructor Introduction - Website Performance Optimization
GQJ7o4AoQTI Array Prototype - Object-Oriented JavaScript
GQxOC_Mx0ww Introducing the Intel\u00ae Edge AI for IoT Developers Nanodegree Program
GS6E4LO_okM Bringing Design to the Product | Design Sprint | Product Design | Udacity
GSLTbV9D0vg Which styles render faster? - Website Performance Optimization
GVfZGDtwy40 WeatherContract - Developing Android Apps
GXf6i4wVD1I Continuous Motion - HTML5 Game Development
GXjL9aJdxrQ For-In Loops Quiz - JavaScript Basics
GXvX6ZvIhdA NYT API Key - Intro to AJAX
GY-PFaWdTus O Poder das Notifica\u00e7\u00f5es
GYBPcudYj-I Introducing Project Sunshine - Developing Android Apps
G_O4_9aExFw Free Social & Community Marketing | Customer Acquisition | App Marketing | Udacity
G_dl7cXNva8 Saving and Viewing Profile - Developing Scalable Apps with Java
Ga8lVWGC3Is Web UI and Backend API - Developing Scalable Apps with Java
GcKX4iffXR8 Udacity\u2019s Intermediate Python Nanodegree Program
GcpHZx-VIjA Predicting Undefined Property Lookups - Object-Oriented JavaScript
GdRVaIq6QKM In Defense of Andy - JavaScript Design Patterns
GhWWFwg8xEU Big Cookie Model - Developing Android Apps
GkL5cy2Vwzc Understand Stage | Design Sprint | Product Design | Udacity
GkuaHwLxfRE Suppressing Single Property Indexes - Developing Scalable Apps with Java
Gpbw4nSWR-c \u9519\u8bef\u7684\u89e3\u51b3\u65b9\u6848
GqyIz0slDFY The Cell Radio - Developing Android Apps
Gu_OP_Q1DGY Tomer Sharon: How to do User Research | Validation | Product Design | Udacity
Gwad1cWMcC0 Udacity Talks Episode 7: Yann LeCun | Director of AI Research, Facebook
GznATNCVVKk What optimizations would you try? - Website Performance Optimization
H0LX1roG_r0 Intro to HTML and CSS - Defining the Layout
H0_wAikuXBU Add a Task - Developing Scalable Apps with Java
H4NUYo6vBw0 Interview with Brent Beer of GitHub
HDApszFA3Uo How Can I Gain Experience when Nobody Will Hire Me?
HDauE2OAd9g Inbound Marketing | Customer Acquisition | App Marketing | Udacity
HGkDVKjyHJA Geolocation API - Mobile Web Development
HKgjWQUJLFw Stages of the Design Sprint | Design Sprint | Product Design | Udacity
HL_m1q3Eg4Q Quantize - HTML5 Game Development
HQiARz8b6VE Introducing Datastore - Developing Scalable Apps with Java
HUSduekeaYc EMOTIONAL INTELLIGENCE: your Career Accelerator
HUdJBbQC3fk Diverge Stage: 1 Big Idea | Design Sprint | Product Design | Udacity
HV6ekcDpwLA Playing Sounds in the World - HTML5 Game Development
HVNV3jvWhB4 App Marketing | Pre-launch | Lesson Introduction | Udacity
HWCL9oOMfVA Application Priority - Developing Android Apps
H_zZbaIZwSA Hierarchy Viewer - Developing Android Apps
Hd5vwX-YMmk Reflections 2  - JavaScript Design Patterns
HdbhBx55uQY Use SharedPreferences - Developing Android Apps
HdkTbnO1fMo Create New Activity - Developing Android Apps
Hg1m8xm5Ifo Responsive Tables - No More Tables - Responsive Web Design Fundamentals
HhHcuvhPStw Storytime: Android Platform - Developing Android Apps
HhI4Q3eiAc0 you.toggleClass() Solution - Intro to jQuery
HlEgVe1EZSY Encapsulation - JavaScript Basics
HotqM9X7Rt0 Why Medium Fidelity? | Medium-Fidelity Prototypes | Rapid Prototyping | Udacity
HtGnPPMNVC4 Which camera - Mobile Web Development
HtprE7DmhnY Memcache - Developing Scalable Apps with Java
Hx3b3SQ1sFs Code Prototypes Quiz | Lifelong Prototyping | Rapid Prototyping | Udacity
HxeZjEMbxU0 Queried buckets - Mobile Web Development
I1CqDDlvDp4 Creating New Composite Indexes Steps - Developing Scalable Apps with Java
I3-OaVnz4zg Mouse support - Mobile Web Development
I3FJPqdHQRQ \u4f5c\u7528\u57df\u9650\u5236
I5UA_ULHnnY Adding a Remote Solution - How to Use Git and GitHub
I6GtlbTTK1c Dot and Bracket Notation - JavaScript Basics
IBQIa7MKDM8 Rendering Texturepacker Output - HTML5 Game Development
ICN3QiHnShA Attaching Sounds to Entities - HTML5 Game Development
IEP396hqZKA Using local storage - Mobile Web Development
IEir0sN8f0w Monetize your App | | Monetization Strategies | App Monetization | Udacity
IFqcr0Z9r3Y Intro to HTML and CSS - Tuning the Page
IGwESJmX9a0 Mostly Fluid Part 1 Solution - Responsive Web Design Fundamentals
IH-JrHxFd38 Research with Google Trends | Pre-Launch | App Marketing | Udacity
ILrJtiSpAGY Today Item on Tablet - Developing Android Apps
IOlqiXt_jRY Outro - Developing Scalable Apps with Java
ISMGJ45bW48 Managing Change for Greater Resilience in your Career and Life
IT-XgIHm5uU All the Resume Sections Quiz - JavaScript Basics
ITJs_7cgj6w Coding the Content Provider - Developing Android Apps
ITpXepeFimY Udacity Talks Episode 5: Anand Rajaraman | Founding Partner, rocketship.vc
I_YYSrARw5k Mouse Firing - HTML5 Game Development
IaXmT7A5FBY Merging Coins into Master - How to Use Git and GitHub
Id4km_ZZ4JM Visualizing the DOM Solution - Intro to jQuery
IdJj7NHcuNE Array Prototype - Object-Oriented JavaScript
IdMgALgC2rM Intro to HTML and CSS - A Small Taste of Interactivity
IevppzdhumA Which stylesheets are render blocking? - Website Performance Optimization
IfLhXM4RnB4 Setting Up Your Workspace on Windows
IgNmCcVD6DM Design Sprint Overview | Design Sprint | Product Design | Udacity
IlDtiTm6zsQ User Feedback and Ratings | UX/UI Design | Product Design | Udacity
ImKrAreuJFg Introdu\u00e7\u00e3o ao Design Responsivo
Iojavi2Iesw Sites Running on App Engine - Developing Scalable Apps with Java
IpyyFQNKoQs Datastore Commit Process - Developing Scalable Apps with Java
IsRYtZt27nw Resolu\u00e7\u00e3o de Intents
Iv_FUvs237Y New Year, New Job Search Strategy
IxQTq2Y543s Independent Research Solution - JavaScript Basics
IxRWXF2seSc What if you\u2019re not making money
IzDbMAZtUPk \u6267\u884c\u73af\u5883\u4e0e\u8bcd\u6cd5\u4f5c\u7528\u57df
IzdN0pedD5M App Marketing | Pre-Launch |  Wrappin Up | Udacity
J-8Zt4xewbs Introducing the Digital Freelancing Nanodegree Program
J5LpqlSQtX4 \
J6i0-ERD-uo Predicting Execution Contexts (2) - Object-Oriented JavaScript
J80mgtWamyQ Inspecting JSON - HTML5 Game Development
JAhEcrP5f5M Artificial Intelligence Nanodegree Program
JBRCV9a3v0w Outro - HTML5 Game Development
JFRiiVOqPfM Hora da hist\u00f3ria: Projeto de C\u00f3digo Aberto do Android
JHtTo7QOT64 Event Listening - HTML5 Game Development
JJKyPkX9A-c Building List Item Solution - Developing Android Apps
JLEdr3Fx0sg Increasing Capacity - Developing Scalable Apps with Java
JPkY1wdQE4M Final Project Instructor Solution - Responsive Web Design Fundamentals
JQK2JMTilLo Raster or Vector Banner? Quiz - Responsive Images
JRU-w8O2Ziw Library vs Framework 1 - JavaScript Design Patterns
JV0CBM6mphA Introduction to Lesson 3 - Developing Android Apps
JVutPeyYJW4 Customize the Portfolio - JavaScript Basics
JWyJNQ_uif8 Google Analytics Misconceptions | Implement a Monetization Strategy | App Monetization | Udacity
JXxrA6uu2-g Follow the memory - Mobile Web Development
JXzYTqxBQMo Predicting Strict Comparison of Objects - Object-Oriented JavaScript
J_irAgPG-3E This Udacity grad learned with a global community to master self-driving cars
JbvunJp2FCA Introducing the new Privacy Engineer Nanodegree Program
JcXKVpmKQTg Exercise Introduction - Developing Scalable Apps with Java
JepRvCVL2WI \u5f39\u6027\u9879\u76ee
Jf6xNMIJOW4 Define Gross vs Net Margin | App Monetization | Udacity
Jfprj0kO7Uk Mixing .replace() and .append() - JavaScript Basics
Jh4vIt89XB0 Intro to HTML and CSS - Site Structure
Jh_N1oHn0U8 Associate the stream - Mobile Web Development
Jhj1nnBNUJU Error Handling with NY Times - Intro to AJAX
Ji1jgeLtkMY Optimizely: Being a Founder | Validation | Product Design | Udacity
Ji4bTj_SWtQ Exploring Indexes - Developing Scalable Apps with Java
JkqmOUNbNfY What is the Self-Driving Car Engineer Nanodegree Program?
Jl3K90cHlsw Columns Solution - Developing Android Apps
JlKrqBchJBI Cron Jobs - Developing Scalable Apps with Java
Jlpikv24lfQ Loading GRITS - HTML5 Game Development
Jm3ja6GZugE Can You Summarize DOM Construction? - Website Performance Optimization
JnWjV-FBejY Hear from the first team to successfully run their code on Udacity's self-driving car
JrMUSRY5Rzw Lesson 5 Intro - Responsive Web Design Fundamentals
JsH_eSZGhyg \u4ece\u65b9\u6846\u5230 HTML
JsqdOwWbHwk Google cloud messaging - Developing Android Apps
Jt-2omyOwRY Two Item View Types - Developing Android Apps
JtRYTmKDqQo Reducing duplicity - Object-Oriented JavaScript
Jx_fnLNUyps Knockout Models Quiz - JavaScript Design Patterns
JyNDRKvdi0k Activated List Item Style - Developing Android Apps
K-7DN8osmbs Pointer polyfill - Mobile Web Development
K0Uuz_qPjPc A Day in the Life of a Cloud Engineer
K1lGTh9RTD8 Adding More Cats - JavaScript Design Patterns
K1t9FYngU9o bonus - Website Performance Optimization
K1xBvjd7UNU Prototype Stage | Design Sprint | Product Design | Udacity
K6na9k6G-h8 \u5c0f\u7ed3
K9M93Ub2OCU Turning Weather Notifications On/Off - Developing Android Apps
KAGdtbEgtmE Notifications - Developing Android Apps
KAtaZq8hrrI Udacity Digital Marketing Nanodegree Program
KB20KgcC5Do Universal Organizational Concepts - JavaScript Design Patterns
KB5hSnV1emg Pricing Strategies | Implement a Monetization Strategy | App Monetization | Udacity
KByCjjMNjys \u65ad\u70b9
KDKFYYOyTnc C++ Nanodegree Program Open House
KDuV2BFah2k Nir Eyal: Applying Hooked Model | Product Design | Udacity
KE1hwhltOu8 Mantendo o estado
KJ2MjVpKsoo Your first canvas - HTML5 Game Development
KLKrKQFgq00 Interview with Mike Wales
KMYqdp57Vpk Andy's Reflections 3 - JavaScript Design Patterns
KQNjDha6ehU Adding methods to classes - Object-Oriented JavaScript
KW83VHoTNqc How to Modernize Projects  - JavaScript Design Patterns
KY8xuXdPzOk Reverse port forwarding - Mobile Web Development
KaYvOBCbx4s Inserts with ContentProvider - Solution - Developing Android Apps
KapD8AWgDXU Refresh Button Behavior - Developing Android Apps
KapMj6_W37w Predicting Closure Output (6) - Object-Oriented JavaScript
KbWalBpacaY Identify Octopus - JavaScript Design Patterns
Kcd8OkwISoA Predicting Closure Output (3) - Object-Oriented JavaScript
KdQxfuQzzno Committing the Resolution Solution - How to Use Git and GitHub
KdqsmNZe-m8 Keymapped Input - HTML5 Game Development
Ke1_z9-yPT8 Storing Images or Binary Data - Developing Android Apps
Kh8jpza2C4M Accessible Design | UX/UI Design | Product Design | Udacity
KhM7s2GtyQs Why Does jQuery Exist? - Intro to jQuery
KhRAf3IGE0Q Paid Social Marketing | Customer Acquisition | App Marketing | Udacity
KkOFGuurQDU Destroying Physics Bodies - HTML5 Game Development
Km-sNM15Z8U Problem Solved? - Developing Scalable Apps with Java
Ko96gqrFcOA Relative Sizes Solution - Responsive Web Design Fundamentals
KqOGkAluJAg Show Cats With Control Structures - JavaScript Design Patterns
Kr6GYvOp0M4 U/X Research Quiz | Lifelong Prototyping | Rapid Prototyping | Udacity
KtkjSxxacko Variable Access - Object-Oriented JavaScript
KtqM_xH-pLY \u6dfb\u52a0\u57fa\u672c\u5a92\u4f53\u67e5\u8be2
KuE3sCHMIFU \u9009\u62e9\u6846\u67b6
Ky_cSkCv2Ho Workshop: Perfect Your LinkedIn Profile
KyrGUtmSwRc Define Constants in Contract - Quiz - Developing Android Apps
L-7_HSCaICg Menu Buttons - Developing Android Apps
L1oNhULy_Lo Deploy Non Existing Composite Index - Developing Scalable Apps with Java
L5kYJdnqsRA Escape Job Search Tunnel Vision | Udacity Career Tip #4
L70zeN23Bnw Identify Desired JSON Attributes Sol. - Developing Android Apps
L7AgWfJLkeo User research | Low-Fidelity Prototypes & User Research | Rapid Prototyping | Udacity
L7t5slWTc6I New! Introduction to Cybersecurity Nanodegree Program from Udacity!
LDsb4zc2GbU Checking Out Old Versions Solution - How to Use Git and GitHub
LFAdLUUbEUo AJAX Definition - Intro to AJAX
LGI0I_UDfqE Delete Old Weather Data - Solution - Developing Android Apps
LGqvIs2j4so Choosing Keys - Developing Scalable Apps with Java
LIH3UrFUcP4 Creating New Composite Indexes - Developing Scalable Apps with Java
LIZLCxVb-9Q Identify Desired JSON Attributes - Developing Android Apps
LOAnZInn1jI Interview with Nic - JavaScript Design Patterns
LQdYm_rpWPg \u521b\u5efa\u65b0\u7684 Android Studio \u9879\u76ee
LR9cbcicNro Installing Android Studio - Developing Android Apps
LSSrIgj7UEk Find the Query We Want - Developing Android Apps
LU0iJDs-0gI What is an entity - HTML5 Game Development
LV29iGnaMEY Unfair Gameplay - HTML5 Game Development
LVHMk-cSjgE Animation - HTML5 Game Development
LVtQltLmzBQ Intro to HTML and CSS - Using Semantic Tags
LazFZlp14pg Visual Mocks - Developing Android Apps
LbLJoVZDllc Udacity Business Analytics Nanodegree Program
LcXfLBiBxRw Not just for maps - Mobile Web Development
LdYLnh-nF9Y Can you Calculate CRP Metrics from HTML? - Website Performance Optimization
Lf9c6wSUTuw AppStats - Developing Scalable Apps with Java
LfCMbE-IwSo What is an Informational Interview? | Udacity Career Tip #3
Lh3bRYwUu-U Share Responsive Sites Solution - Responsive Web Design Fundamentals
LjGlRJwoF-w Screen Density Size - Developing Android Apps
Lnl6JJeK_tU Implementing Redlines on Your Own - Developing Android Apps
LoIGH8jOQAo Take aways from this lesson - Mobile Web Development
LotsBJqq5KM Udacity Talks Episode 4: Eric Darnell | Chief Creative Officer, Baobab Studios
LtEkcxNqQCU Properties of a VCS for Code Solution - How to Use Git and GitHub
LyJGOkWAXJY Entity render class - HTML5 Game Development
LzAZhvg9UBE Snapshot function - Mobile Web Development
LzpvNtsQaOk Use CursorLoader com WeatherProvider
Lzuzlug6sds Save Conferences - Developing Scalable Apps with Java
M2vfKG6BA7M Determining 'this' Binding - Object-Oriented JavaScript
M2zTPZ_na9I How We Solve This - HTML5 Game Development
M36zZFnO068 Two Tables Solution - Developing Android Apps
M3eZu6jho60 \u9009\u62e9\u65ad\u70b9
M5BJ3U3EyzA Jillian Ogle, Founder and CEO of Let's Robot Talks About the Robotics Industry
M5nEpqVTyVc Sound Manager - HTML5 Game Development
M5rmu6Bs8O0 Draw Your Own View - Developing Android Apps
M6aD3-3V08Q \u63d0\u9ad8\u6027\u80fd\u7684\u4e00\u79cd\u65b9\u6cd5
M84bsGdhAeA Which Thread for AsyncTask - Developing Android Apps
MCsvw5-7lVE Successful Commerce Branding | Monetization Strategies | App Monetization | Udacity
MDuyGbmKSs4 \u5c0f\u7ed3
MGKFGEYrJyQ Define Profit and Revenue | App Monetization | Udacity
MHyRLtziq8c Inserts with the ContentProvider - Developing Android Apps
MK8PLgfnvDY What you need to do to ace the interview!
MMgMpa2N-p0 Location Setting XML - Developing Android Apps
MNDeAyxcQwc Create SettingsActivity - Developing Android Apps
MNeOqDMK_lU Configura\u00e7\u00f5es de UX
MTTYavSFxQs Research with Adwords Keyword Planner Tool
MV1YxQM_fhI Choose a Model | Implement a Monetization Strategy | App Monetization | Udacity
MXdM-K9U-xY Imagens para Densidades Diferentes
MYnEcEFiDVw Intersect 2018 | Saving Lives w/ Data: ML for Disaster Response & Economic Development
M_keL56xqLg User Testing Tips | Low-Fidelity Prototypes & User Research | Rapid Prototyping | Udacity
Mb_ImqL7auY Deciding on Data Model Quiz - Developing Scalable Apps with Java
Mc3KAkYmRNs Intro to HTML and CSS - A Small Taste of Interactivity
Mhd6QolefYI Case Study Business Idea Types: Curofy | Product Design | Udacity
MkP9X8zwLmE Project Update Part 2 - Responsive Web Design Fundamentals
MqL5t0pFkH4 Input in old browsers - Mobile Web Development
MsmbtwibNQU Finding Diffs Between Larger Files - How to Use Git and GitHub
MsrijGAp3P8 Transitioning your Career during COVID-19
Mt7y_c4Q2Rs Finishing Our Predictions - Object-Oriented JavaScript
MuU2Gw9Xag4 MVO in the wild  - JavaScript Design Patterns
MunT2MvcO04 \
Mvmb5HFjwUE Set viewport width - Mobile Web Development
MxD8tgUFXpc Informational Interviews: Planting your Seed
MzcF0DM73LU Fireside Chat: Sebastian Thrun & Scott Cook
N3VE4vVE2wY .append() Quiz - JavaScript Basics
N76Z5hoTkzA \u8bcd\u6cd5\u4f5c\u7528\u57df
N9sMtE_JbZg Capture extension - Mobile Web Development
NC98RFxIJ8o Modifying a Feature - JavaScript Design Patterns
NDKngK-udbs How to make the most of your Performance Review
NEyrfsCDwzw Drawing Tiles - HTML5 Game Development
NIY0kx-lSQw Cat Clicker Premium Solution - JavaScript Design Patterns
NKl4-SKmxfc Predicting Code Output - Object-Oriented JavaScript
NMkaGN1LVpg The Final Project Overview - Website Performance Optimization
NNCeyU5vk1w Activated List Item Style - Developing Android Apps
NOy4opLU6os Detached HEAD Revisited
NPoJ2iF1n1I Introducing the SQL Nanodegree Program
NPz-4hFpSZo Column flex - Mobile Web Development
NR8Hzlrt_T8 The Self-Driving Car Engineer Nanodegree Capstone Project
NVYspWwBT7M Intro to HTML and CSS - Responsive Web Pages
NVfiRrXB-ow Family Tree Revisited - Intro to jQuery
NXK71V_ZlNU All the Resume Sections Solution - JavaScript Basics
NcjloPX8S8o The Hooked Model Rewards
Nd33Ry2t88o Initializing a Repository Solution - How to Use Git and GitHub
NdMtMyDCFo0 User Feedback Round 2 | Medium-Fidelity Prototypes | Rapid Prototyping | Udacity
Ne-kAmJX9zM \u56fe\u6807\u5b57\u4f53
Nj5RCaE_b00 \u91c7\u8bbf Jacques
Nk28K6_qijk Google AdWords: Text Campaign Tips | Customer Acquisition | App Marketing | Udacity
NkSCfAHY7bk Action Bar - Developing Android Apps
Nn2vPHXZ5dk Ask a Career Coach: How do I become more confident in my job search?
NodI5pCQFkI Create a Winning Job Search Strategy while Social Distancing
NtrrtkSentA Debugging with a Physical Device - Developing Android Apps
Nu-1yGE7K5c Metrics to Meet your Goals | Measurement Fundamentals | App Marketing | Udacity
NyvhidET3Q0 Adding Additional UI  - JavaScript Design Patterns
O091HfA9y_o \u5728\u79fb\u52a8\u8bbe\u5907\u4e0a\u4f7f\u7528\u5f00\u53d1\u8005\u5de5\u5177
O28S7YMlQVY Setting the Viewport Solution - Responsive Web Design Fundamentals
O3SuZAomNWk Intro to HTML and CSS - Boxifying a Design Mockup
O5PuADs3Q80 Storytime with Colt - Variations on a Theme - HTML5 Game Development
O5Q1T4p1ehU Drawing images - HTML5 Game Development
O7rZJdtG10g Truthy/Falsy - JavaScript Basics
O9X5HQ8m5Qk Select by Classes Solution - Intro to jQuery
ODgLHqCAJTw Welcome to the Course! - JavaScript Basics
OEU1w9CJ-H0 Conflict Detection
OJCCNhsuAAY One Piece Of The Puzzle
ONG_JOMrkdQ Supported Property Types - Developing Scalable Apps with Java
ONJsFlcwSEw Telephone calls - Mobile Web Development
OOq3odEzzks Indexes - Developing Scalable Apps with Java
OQ-QpQnRq1E Lesson One Recap - Developing Android Apps
OQtmZIj5AbQ Incorrect Subclass Prototype Delegation - Object-Oriented JavaScript
OSO3KhiM5Q0 Save Conferences - Developing Scalable Apps with Java
OU704PZyyZ4 \u4ee3\u7801\u91cd\u590d\u4f7f\u7528
OUh6U0KXNgo SQLite Databases - Solution - Developing Android Apps
OVqPXu-u8MA Parse Out the Max Temp - Developing Android Apps
OWlOMvG1t9Q \u5c0f\u7ed3
OXZBk90qaK8 Implementing Redlines - Developing Android Apps
OXq4ZDbIwMM Create Some Fake Data - Developing Android Apps
OY7bXtn1afU Branches
Ob3tzM3Ia1w Collecting Values Quiz - Intro to jQuery
OcIdw0R-ySU Adding Internet Permission - Developing Android Apps
OgEOAV0wsTs Why AsyncTask is Not Optimal - Developing Android Apps
OhdXbIwfqNs Tracking Success: App Speed | Implement a Monetization Strategy | App Monetization | Udacity
OiLNIC1Gw7s Goals, Signals and Metrics | Key Business Metrics | Product Design | Udacity
OictOOIdg2E Refresh Button Behavior - Developing Android Apps
OkVeG4ZJ-EY Requirements Change All The Time - JavaScript Design Patterns
Oke3MxMxLnA Introduction - HTML5 Game Development
OlwpD2lMCgU Recapitula\u00e7\u00e3o da Li\u00e7\u00e3o 5
Oncbm66QbAI Parsing Trimmed Textures - HTML5 Game Development
OpiR_euUy8A \u6784\u5efa\u4e00\u4e2a\u6846\u67b6
OqHa2cqAKgM Toggling Classes Quiz - Intro to jQuery
OqZmUEI1nhQ Watch Highlights from the Intersect 2018 Conference!
OtEIZQFahmM Add a Join query - Developing Android Apps
OtYyX97Nf-Q Predicting Closure Output (4) - Object-Oriented JavaScript
OtkfjAHaffo First Requirements Change  - JavaScript Design Patterns
OwvaDUu6rkY you.toggleClass() Quiz - Intro to jQuery
P1rfioygNhE Spot the Differences 3 Solution - Responsive Images
P2dbJPS9ewE Deploying to app stores - Mobile Web Development
P335cqBpy24 Responsive Design Thinking
P3Q66DvQ5I4 Draw Your Own View - Developing Android Apps
P3bz3OG2CHI What Makes a Repository a Repository?
P5GQH1WAVFs Data Relationships - Developing Scalable Apps with Java
P5JlebbqzTQ Pre-Introduction - Intro to AJAX
P6sOwbMNo3Q Armazenando Dados no Android: Introdu\u00e7\u00e3o
P7ARDBlVYZ0 Distracting about input - Mobile Web Development
P7S7_0Z2YPk NYT Implementation - Intro to AJAX
P9FhohpomOU Pseudoclassical Subclasses - Object-Oriented JavaScript
P9VRKLatg7c Tuning the Page
PAQ69kzuTDg Modifying CSS Solution - Intro to jQuery
PEMOhOvQwjU Cameron Summarizes DOM Construction - Website Performance Optimization
PFLncqZhfK4 Returning To Work, A Fireside Chat with Carol Fishman Cohen from iRelaunch
PGPWQSU0w3M Build your Presentation  | Lifelong Prototyping | Rapid Prototyping | Udacity
PGd36HhKDuI Introducing the Hybrid Cloud Engineer Nanodegree Program
PKKR-cpmy0A Texturepacker - HTML5 Game Development
PNts5lnjJf0 Strategy Quiz 1 - Responsive Images
PO5IwZqFdMc Differences Between Two Files - How to Use Git and GitHub
PO8hMnmEhyA CSS and JS in the Resume
POtiKx5AmJo Parsing Trimmed Texturess - HTML5 Game Development
PR2CR5LK6J4 Why Jobseekers Should Start Volunteering | Udacity Career Tip #6
PU0CwUqrDkY Interview with Jacques - JavaScript Design Patterns
PVeFLsN-YyM Ask a Career Coach: How should I approach the phone interview?
PZ_Zc9H0OsE Set Up a Cron Job - Developing Scalable Apps with Java
PZveoC4c-2s Initializing a Repository - How to Use Git and GitHub
P_4xh0zOD5c Activity Termination - Developing Android Apps
PaWm8yhkaK4 Filter by Ancestor - Developing Scalable Apps with Java
PdRwjbCN_pA Specifying the Contact Listener - HTML5 Game Development
Pegx0wE5_zg BulkInserts with the ContentProvider - Developing Android Apps
PgIHXiPjhpk Project Update Part 2 - Responsive Web Design Fundamentals
PgptR8mjhWU Center ViewRect - HTML5 Game Development
Pj2-XxWqVOE Permissions in the Manifest - Developing Android Apps
PkIqG_yEeZY Merging the Changes Together Solution - How to Use Git and GitHub
PkTTTjljHSY Playing Sounds in the World - HTML5 Game Development
PlTwNrHj6Wg InsertReadDbTest Solution - Developing Android Apps
PuFc4elf_Ps Finish the SyncAdapter - Developing Android Apps
PuuxgYhdjTQ Profile Form - Developing Scalable Apps with Java
Pw0oK7R8KZw Restore Scroll Position on Rotation - Developing Android Apps
PyGdfzhDmNo Become a Better Udacity Mentor While Building Own Your Personal Brand
PyfdvL7LdDw Pointer events - Mobile Web Development
Pyn_Dj1aeX8 Update and Delete - Solution - Developing Android Apps
PzIbwm6x1EI Bug Hunting - HTML5 Game Development
Q1l1t3UN0Qo Udacity Talks Episode 11: Amr Awadallah | CTO, Cloudera
Q27iTfRc6fY Lesson 2 Summary - Responsive Web Design Fundamentals
Q2H3p4lAu8c Launching on  a Device - Developing Android Apps
Q2duTSXK-lc Intro to HTML and CSS - Custom CSS for Your Site
Q2zohfxaHrE Coding the Details Screen - Developing Android Apps
Q3aUwnzBMVk Deconstructing setTimeout - Object-Oriented JavaScript
Q79zwkqEDgo Removing DOM Elements Solution - Intro to jQuery
Q8D1AdCV8B4 Create Sunshine Location DB Solution - Developing Android Apps
QBaf2hq8W-E Exercise Introduction - Developing Scalable Apps with Java
QENQADF3XJM Freemium Models | App Monetization | Udacity
QF-KS4j70hs Pull Queues - Developing Scalable Apps with Java
QFoM1wA2HeE Refactoring to Consolidate Code - Object-Oriented JavaScript
QGI2FfEpQ1A Biography Solution - JavaScript Basics
QJbA55WW6bk Encapsulating Functions Solution - JavaScript Basics
QKclOVZEm24 Ideal image solution - Mobile Web Development
QMuskcHgbdk \u56fe\u7247\u538b\u7f29
QNoHiYDer1c Game Monetization Strategy Advice | Monetization Strategies | App Monetization | Udacity
QOwi10aaIXk Weather and Location queries Quiz - Developing Android Apps
QPV7IXRFvec Snapshot function - Mobile Web Development
QRYP2GVokhs Collecting Values Solution - Intro to jQuery
QSTqzmV9nYg Google AdWords: Keywords | Customer Acquisition | App Marketing | Udacity
QXKKWQXXYLo Intro to HTML and CSS - Using Semantic Tags
QXv9OCJe_L8 School of Autonomous Systems Open House
Q_JMF5Zl0hI Build Your Retention Experiment | Measurement Fundamentals | App Marketing | Udacity
QamoemQE3ZQ Udacity AWS Webinar Series - How can Machine Learning help my Career?
QcN5yqU7-qg \u81ea\u6784\u5efa\u6846\u67b6\u4e0e\u73b0\u6709\u6846\u67b6
QccU1tBsmNY Product Course Overview | Product Design | Udacity
QdZ0cGYC98w Uses of local storage - Mobile Web Development
Qe6SYU45a-s Cat Clicker Premium Pro - JavaScript Design Patterns
Qewma1xwS8c Behavioral Interviewing: Master your Skills
Qfv6Ijq5Vjs Intersecting Rectangles - HTML5 Game Development
QgE_xbWl0Sk Combine Files Using Original Solution - How to Use Git and GitHub
Qh57azgDR7E Calculating CSS Pixels Quiz - Responsive Web Design Fundamentals
QjwQ9Bv_kOw Predicting Closure Output (3) - Object-Oriented JavaScript
QkPFWV0uMEA Intro to HTML and CSS - Using Bootstrap Typography
QoNBs48comc Leveraging Loaders Quiz - Developing Android Apps
Qpj6rHu0rIs Pixelation Quiz - Responsive Web Design Fundamentals
QqOp6wEAY7k The Final Project! - JavaScript Basics
QrDhjyiXAo4 Second Requirements Change  - JavaScript Design Patterns
Qt4V8uD_BEY Conclusion - HTML5 Game Development
QtAksy1CdWc Tali Saar: Paid Marketing Advice | Customer Acquisition | App Marketing | Udacity
QxGz4-sgCzA Updated: Updating Your Local Repository
QxmdeYSgM40 Battery drain - Mobile Web Development
R61s93saEpQ Udacity's Security Architect Nanodegree Program
R8dLMO5qP2A Understanding network - Mobile Web Development
RBYTqNKrHeM What caused the crash? Solution - Developing Android Apps
RCC3LNZapeY Game Developer Analytics | Implement a Monetization Strategy | App Monetization | Udacity
RD5cKN6_-Vc Calculating DPR Quiz - Responsive Web Design Fundamentals
RL_ebcfwc-A Modify ForecastAdapter - Solution - Developing Android Apps
RM14FaA8ovU Building Similar Objects - Object-Oriented JavaScript
RPB_s3mM4lE SQLite Databases - Solution - Developing Android Apps
RR5YvZ3yuJw Tali Saar: Industry Events | Launch | App Marketing | Udacity
RRgZOCbVWE8 Keeping Repositories in Sync Solution - How to Use Git and GitHub
RU0V_R7HHK0 Fill Canvas Tiles - HTML5 Game Development
RUA2bq1A4B4 Felipe Ch\u00e1vez, Co-Founder and CEO of Kiwi Talks About the Robotics Industry
RUy-Ny564mU Merging Coins into Master Solution - How to Use Git and GitHub
RW47ibbic2U Avoiding the issue - Mobile Web Development
RXW1hMNULKQ Product Design | UX/UI Design | User Experience and Design Recap | Udacity
R_udjn0u3yM Cameron's Reddit Analysis - Website Performance Optimization
RcTd6C8Uu_w Intro to HTML and CSS - Applying the Framework
ReQ1m0n3Kmc Can you run layout? - Website Performance Optimization
Repdc4Fz7-I Moore's Value Proposition Template | Understand the User | App Marketing | Udacity
RfD9DvfMsko Inspecting JSON - HTML5 Game Development
Rg5RafnRGvg Offline first - Mobile Web Development
RgnBTRd4pK4 Analytics in Monetization | Implement a Monetization Strategy | App Monetization | Udacity
Rgt-NJwvcJM 7q - instanceof operator - Object-Oriented JavaScript
RhZYdRToOCc Gesture libraries - Mobile Web Development
RhnqbWxtG8U Implement Note Date - JavaScript Design Patterns
RikqqY0lBv4 Handle List Item Click - Developing Android Apps
Rj6hbsjGUW0 Weather and Location queries Solution - Developing Android Apps
Rk6ClaV_yS8 Introducing Code Repository - Developing Scalable Apps with Java
RlRERXXIHbA Introducing SyncAdapters - Developing Android Apps
Rme2gETcPY4 Ask a Career Coach: How should I practice for the behavioral interview?
RnLbysItvhc Smarter Arrays - JavaScript Design Patterns
RrZTjtt7XsQ Project Part 2 Solution - Responsive Images
RrlJ74mR22c Outro - Developing Scalable Apps with Java
RskmjgevJjY Storytime - We Use Box2D - HTML5 Game Development
Rvc9WrtQqH0 Fireside Chat: Eric Schmidt & Shernaz Daver
RvgNqlruKPs Distribution channels: Partnerships | Pre-Launch | App Marketing | Udacity
Rx2HtFKtlA4 Introducing Udacity's Growth Product Manager Nanodegree Program
Rx4PIZiYAl4 Tracking Across Multiple Files - How to Use Git and GitHub
Rxs_X2AUILg Intro to HTML and CSS - Comparing with the Design
S0iTj6h8sgo For-In Loops Solution - JavaScript Basics
S21P5dV0azs Predicting 'this' Output - Object-Oriented JavaScript
S3HO10hSVIA Implementing Z-Ordering - HTML5 Game Development
SAvFdPxvQTc Intro to HTML and CSS - Your Problem Has Been Solved Before
SCn7CZowTCU The Ins and Outs of Life after a Nanodegree: A Discussion with Udacity Alumni
SEiVQ4qQFoY Bad Metrics and E&R | Key Business Metrics | Product Design | Udacity
SG1cbFHu7AE On the Road to Building the Self-Driving Car Engineer Nanodegree Program
SGrxzWGehfM Harpinder Singh: Innovation Endeavors | Validation |  Product Design | Udacity
SIeBz3jXVVc Don't Forget the Spice: Telling your Story
SL4_FLGdwUE Iterating with Each Quiz - Intro to jQuery
SLcip5VpqMo .prototype \u4e0e .method
SMXwHNVsZYQ Office Hours 4 - Mobile Web Development
SMmcQraTcdU The Problem With Teleportation - HTML5 Game Development
SRVkgJeTXqQ Exploring a Codebase - JavaScript Design Patterns
S_ehewlM8t8 Introduction - Developing Scalable Apps with Java
SauaCWqxVeE Optimize User Purchase Flow | Monetization Strategies | App Monetization | Udacity
SgwLU1_Msd0 Functions Quiz - JavaScript Basics
ShZX0ogaF3E Drawing Tiles - HTML5 Game Development
SpSVu1FqU84 Weather Table Columns Quiz - Developing Android Apps
SpTfYedoAos Rescaling on Devices - Mobile Web Development
StKZMBURZpk Project Part 3 Solution - Responsive Images
StZfE4l8fww Predicting Closure Output (5) - Object-Oriented JavaScript
StbL9767tsE Finding Diffs Solution - How to Use Git and GitHub
Swj6AJkqbV8 \u6805\u683c\u548c\u77e2\u91cf
Sxo5zMcOCXM Select a Minimum and Target SDK - Developing Android Apps
T-_4YTAfmbA Minor Breakpoints - Responsive Web Design Fundamentals
T47rfSZX2qg Kick-Start the Job Search: Tips for an Efficient and Successful Search
T8I417FhKbw Simplify Tests - Developing Android Apps
T8Soy49bPl4 Instersecting Rectangles - HTML5 Game Development
T9w-Iy_yuCk Set Marketing Goals | Pre-Launch | App Marketing | Udacity
TA8_YCx0QXE Distribution channels | Pre-Launch | App Marketing | Udacity
TAF9gdN4ERo Putting your Best Foot Forward When You Feel You Are Overqualified
TBN-IoGuIac Mouse Firing - HTML5 Game Development
TDAPRAXiils Select by Tags Solution - Intro to jQuery
THmul1MlYvI Interview with Lewis Kaneshiro
TKx5Gi4F36Y Direct Media Buying | Customer Acquisition | App Marketing | Udacity
TN7-MV8-mL8 Subclass Method Prototype Delegation - Object-Oriented JavaScript
TNLya3bV-U8 Introducing the AWS Cloud Architect Nanodegree Program from Udacity
TSWuddGXkG4 What are Career Projects?
TU_xiJShm5w Nosso Contrato de Previs\u00e3o do Tempo
TUmf3yuXens Ask a Career Coach: How do I stay in touch and follow up during the job search? (Updated link)
TWkb5aVnLYo Build Communities | Customer Acquisition | App Marketing | Udacity
TXJB8QymWkY Object Literal Notation - JavaScript Basics
TYzc4WDrDQg Uso de Projections
TbIn3wKIABo Sunshine Resource Folders - Developing Android Apps
Td3zgY9AQN0 Hora da Hist\u00f3ria: Futuro do Android
TemSEvMK1Dc Build Your Prototype | Low-Fidelity Prototypes & User Research | Rapid Prototyping | Udacity
Tn1bH76cgLM Introduction - Developing Android Apps
TqijtjNWIw4 Fork the Recipes Repository - How to Use Git and GitHub
Tsr2iSA8TgA Self-Driving Car Fundamentals: Featuring Baidu Apollo
Tt2UzM6Vp7M JSON Parsing - Developing Android Apps
Tusew_84ZeI InVision Tutorial: Project | Medium-Fidelity Prototypes | Rapid Prototyping | Udacity
Tv4ARjI_H1o Predicting Parameter Output - Object-Oriented JavaScript
TzMr38lFzf4 Analyzing Layout in DevTools - Website Performance Optimization
U-K6oXH96QI Exercise Introduction - Developing Scalable Apps with Java
U-hpXA8g6kM \u5185\u5b58\u4e2d\u7684\u6570\u636e\u5b58\u50a8
U5Fi-1Rqj_o Zen Voting: Decide Stage | Design Sprint | Product Design | Udacity
U6VCk8bcpKI Re-evaluating your Financial Worth - Negotiating your Salary Package
U7OPc9qQiwA Manage spawn entity - HTML5 Game Development
U8vZ-clJJd0 App Monetization | Course Introduction | Udacity
UBct-mn74Pw Nir Eyal: Habit Forming Products | Product Design | Udacity
UEZYlDb7Tt4 Large Fixed Width Elements - Responsive Web Design Fundamentals
UEf44tBIdMw \u5f39\u6027\u6846\u7b80\u4ecb
UFJdwwCy8bE Google Adwords: Keywords Advice | Customer Acquisition | App Marketing | Udacity
UHWb_0b6PPg Energy Canister onTouch - HTML5 Game Development
UJy5CgRcQbw \u5c0f\u7ed3
UNK43We6gOk Loading Tileset Data - HTML5 Game Development
UP1S1oHfn8E Launch SettingsActivity - Developing Android Apps
USXgs2FrsqY Doing it right - Mobile Web Development
UUF4jD-xoYc Mobile device pixels - Mobile Web Development
UUJCCEVTe-Q \u6587\u672c\u95ee\u9898
UVUwxzBONUY App Store Optimization | Launch | App Marketing | Udacity
UWDPWQytjH0 Intro to Lesson 5 - Developing Android Apps
UgrHLce0wQo Introducing Java Web Developer Nanodegree Program
UisbZx84LnI Predicting Prototype Delegation - Object-Oriented JavaScript
UjRWBrXVpwg Responsive web design - Mobile Web Development
UkDmM9LKS8o Version string - Mobile Web Development
UlyXjJtv1aU Image quality - Mobile Web Development
UmIpkl7U1-E Relative Sizing
UmZuO3M48hg Alternate Detail Layout - Developing Android Apps
UoszaNC7P-0 this' parameter - Object-Oriented JavaScript
UqoVP3N4bao Reachability - How to Use Git and GitHub
Ut3Hvbvs1bs Introducing the Android Nanodegree
UtbqkJ4TUnQ Responsive Tables - Contained Scrolling - Responsive Web Design Fundamentals
UuqGZhdlPg8 Understand the UriMatcher - Developing Android Apps
Uvj9WEOgZvY Tap Targets Solution - Responsive Web Design Fundamentals
UzTmqQw_9ac Predicting 'this' Output with 'new' - Object-Oriented JavaScript
V0QJVLwrr5Q Research Similar Products
V3EnuKwnXMo New: Updating a Pull Request Solution
V4H7Qlw2kdc Validating JSON - JavaScript Basics
V7_6BnkVo1E Mostly Fluid Quiz Part 1 - Responsive Web Design Fundamentals
V8kXkbzBL-4 Keymapped Input - HTML5 Game Development
V9EZfd2803o Google: Useful Feedback | Low-Fidelity Prototypes & User Research | Rapid Prototyping | Udacity
VB5e5_7iCKQ Create Sunshine Location Database Quiz - Developing Android Apps
VBFUkWQjSp8 Conference Central Project Layout - Developing Scalable Apps with Java
VF5BOdyGNzw .prototype.constructor - Object-Oriented JavaScript
VFdIy0GjUEs Why AsyncTask is Not Optimal - Developing Android Apps
VG4OhgmKHVs XMLHttpRequests - HTML5 Game Development
VHGmeoe77Do Iteration | Lifelong Prototyping | Rapid Prototyping | Udacity
VNr1zneQerw Intro to HTML and CSS - CSS Resetting
VPrewKrOYXE Conferences to Attend - Developing Scalable Apps with Java
VRleAk_Gh8A Muting Sounds - HTML5 Game Development
VSf7wjfYT7Q Princ\u00edpios de Design do Android
VUBGzm2QZyU Fragments with No UI - Developing Android Apps
VUkBDjKVXhk Device orientation and motion - Mobile Web Development
VVfNmNu6czo Caching images - HTML5 Game Development
VVhKJblnxcA DrawImage From Atlas - HTML5 Game Development
VXMhWHolGpk Altera\u00e7\u00f5es Adicionais na IU do aplicativo
VY9ebKZzIU8 Overcoming Procrastination: Eat your Frogs!
VYWy66voBNU Common Business Metrics | Key Business Metrics | Product Design | Udacity
VYgqiAYRXUQ Ask a Career Coach
VZMI2Fuhg1A \u95ed\u5305\u7b80\u4ecb
V_1wiG2vFNk Create Marketing Materials | Pre-Launch | App Marketing | Udacity
VaLDcVd6QDU Predicting 'this' Output - Object-Oriented JavaScript
VahofbtLBAc Iterating with Each Solution - Intro to jQuery
VmqRfdE3Gv0 \u4e3a\u4ec0\u4e48\u9700\u8981\u54cd\u5e94\u5f0f\u56fe\u7247\uff1f
VpLE7n6PgvY Android Basics Nanodegree Program by Google
Vq5XFFhPiUE Combining Simple Files Solution - How to Use Git and GitHub
Vv01TU0mJ3Y Creating Business Ideas | Product Design | Udacity
Vv0bQcQG0b4 Product Design | UX and UI Design | Lesson Overview | Udacity
Vv1L4xv8af8 Aaron Harris on Key Metrics | Key Business Metrics | Product Design | Udacity
Vv7_pYXmX0I Sizes \u5c5e\u6027
VyI1cRJi0b8 Talking PyTorch and Careers in AI: Soumith Chintala and Mat Leonard
VyQRwy070FY Adding Methods to Constructors - Object-Oriented JavaScript
VyXHvrODfD0 Setup Development Environment - Developing Scalable Apps with Java
VyuirLzH2C0 Test Read/Write from Location Table - Developing Android Apps
W1280ms4mdA Review Model and View for CC Premium - JavaScript Design Patterns
W4RoPqW2Zsg Refactor Spaghetti Code - JavaScript Design Patterns
W5mPyrhfMBY Rapid Prototyping | Medium-Fidelity Prototypes | Lesson Intro | Udacity
W6Gu2anjq0E Knockout Models Quiz - JavaScript Design Patterns
W6ID7IJ9vUQ AI Programming with Python Nanodegree Program
W7DWioyVh6c Subclass Constructor Delegation - Object-Oriented JavaScript
W7dTqMq4PfM \u5c0f\u7ed3
W8RurzOghuo Introducing the AI Engineer using Microsoft Azure Nanodegree Program
W9nYv3fj85A \u6a2a\u5411\u548c\u7eb5\u5411
WAI0wlzQ7t4 Validation issues - Mobile Web Development
WAL5cGZAzaY Interview with Nic About Using Libraries - JavaScript Design Patterns
WCQmxb1_VVI string.replace() Solution - JavaScript Basics
WDUgqFV-Mqs ContentProvider Redux - Developing Android Apps
WEIfjWjEIfY Datastore Layers - Developing Scalable Apps with Java
WJVMe0Lt8Jc SQLiteOpenHelper onUpgrade() - Developing Android Apps
WM0J9F8Nho4 LocationEntry Solution - Developing Android Apps
WQjNhypqwNE Cloning and Exploring The Repo - How to Use Git and GitHub
WRr8pPrI8yo Drawing Cached Tiles - HTML5 Game Development
WRsvWUxXzxM Initialize the Adapter - Developing Android Apps
WVtCcs1saEU Select a Target SDK Solution - Developing Android Apps
WXfJ0eo_d-U Temperature Units Setting - Developing Android Apps
W_9kk2Yk8V4 Ask a Career Coach: How should I answer behavioral interview questions?
Waox0ifId6k Personas and Accessibility | UX/UI Design | Product Design | Udacity
WfdlKCL4lHI Loading GRITS - HTML5 Game Development
Wh00760CM9U Value proposition: Final Advice | Understand the User | App Marketing | Udacity
Wi8EpUqMnjc CSS \u6280\u5de7
Wk2d4_koz88 Outro - Developing Scalable Apps with Java
WkbHHwRgEM0 Intro to HTML and CSS - Adding Style in Sublime Text
Wle2DpscNA0 Why Use jQuery? Solution - Intro to jQuery
WmH5sQroqj8 Game Engine Integration - HTML5 Game Development
WnWk56CYINI Practice Optimizing the CRP - Website Performance Optimization
Wor3q2l0wko More Ideas  - JavaScript Design Patterns
WpaS6-UTf0k Steve Chen: Youtube | Introduction | Pre-Launch | App Marketing | Udacity
Wq6LLsHQU0s Temperature Units Setting Solution - Developing Android Apps
WrESoz9hR2U App Marketing | Customer Acquisition | Lesson Introduction | Udacity
Wsv034tpMAo What Method Did You Use? - JavaScript Design Patterns
Wt4SWUMxZTE Review of Terms - JavaScript Design Patterns
WtsCRnNewiE Relative Sizes Quiz - Responsive Web Design Fundamentals
Ww8o44Z34Kw Analyze Marketing Experiment Results | Measurement Fundamentals | App Marketing | Udacity
X0YogC7lLxo Compacta\u00e7\u00e3o, Otimiza\u00e7\u00e3o e Automa\u00e7\u00e3o
X19phG0W6sA Loading Tileset Data - HTML5 Game Development
X2bi73Wy27M Asynchronous Loading - HTML5 Game Development
X2xQnb-bR8A The Data Scientist Nanodegree Program
X2xmh5O4pI0 List Item Click Listener - Developing Android Apps
X369pfvshtQ Google AdWords: Wrap up | Customer Acquisition | App Marketing | Udacity
X3ZvejuayUk Introduction - HTML5 Game Development
X3f_wNqgDtE Predicting Closure Output (4) - Object-Oriented JavaScript
X7V9Jy_Qv6M Getting the Big Picture of our Library - JavaScript Design Patterns
XCNEY2F7-Bk CodingContentProviderquery()TestDELETE - Developing Android Apps
XCmz0Mc4uzM Application Priority - Developing Android Apps
XD3eYSHOdec The Hooked Model Actions
XDu1uOUW-vk Adding LocationEntry Solution - Developing Android Apps
XFz9smzAgpY Two touches - Mobile Web Development
XGD-PixLZrU App Marketing | Customer Acquisition | Lesson Recap | Udacity
XH-ZqDwQ7lk \u4fee\u9970\u5668\u51fd\u6570
XMQJU5jsSaQ Coordinate systems - HTML5 Game Development
XMshMo8W03U Getting Entities from Datastore - Developing Scalable Apps with Java
XPOzPrahXgw Git Workspace
XSAvqcj1bHg Create Your Own View - Developing Android Apps
XSbo20mfq4Y Nate: Introduction | Monetization Strategies | App Monetization | Udacity
XWBQLPMq08M UI Element Quiz - Developing Android Apps
XWcc3WDhwGM Query For All Conferences - Developing Scalable Apps with Java
XX9zTalDYrM Intro to HTML and CSS - Verifying HTML and CSS
XXegKcbVs-w Cameron's Netflix Optimizations - Website Performance Optimization
XYfgaecqKh8 Interaction Points | Low-Fidelity Prototypes & User Research | Rapid Prototyping | Udacity
XZ7oLq9prEY Create Database with SQLiteOpenHelper - Developing Android Apps
XaljxBX98tI Killing Entities - HTML5 Game Development
XgBOc59mdSg Introducing Udacity's Security Analyst Nanodegree Program!
XlYEvlw9Vic Lesson 3 Summary
XoO1ixEsR-k Coding the Details Screen - Developing Android Apps
XosBhaE4Jas Updating Entities - HTML5 Game Development
XtvAQ3hwcZc Add ListView to layout - Developing Android Apps
Xw9YfcGUJTk Keymapping - HTML5 Game Development
XwFPw3GncEc Reflow across all devices - Mobile Web Development
XxDLR8Vwuu0 Pick a Breakpoint Solution - Responsive Web Design Fundamentals
Y-mxIQc9pvE Suppressing Single Property Indexes Quiz - Developing Scalable Apps with Java
Y152PlzA6oo Subclass Constructor Delegation - Object-Oriented JavaScript
Y3Zbm7dGU6Y Write the UriMatcher - Developing Android Apps
Y6V6H7ZIHFE Intent Filters Solution - Developing Android Apps
Y72_NOgfqgE Andy's Reflections  - JavaScript Design Patterns
Y7xeLoj7QQk Introducing Udacity's newest Executive Program: Cloud Computing for Business Leaders
Y9U6iaMDWw4 User Scalable - Mobile Web Development
YDWzgxstq2Q Aaron Harris: Pain Killers & Vitamins | Product Design | Udacity
YDb2r20yTOk Introducing aBARKment | Understand the User | App Marketing | Udacity
YFAAc6pjbRQ Rapid Prototyping | Lifelong Prototyping | Lesson Outro | Udacity
YGR8rVT6xJ8 Request animation frame - Mobile Web Development
YH0L4pHxXAM Appcache challenges - Mobile Web Development
YJ_rF-JuR9c Wide Detail Fragment - Developing Android Apps
YKAtqjy5vfc Stay tuned for more on images - Mobile Web Development
YKGTh_EOWLQ LocationEntry - Developing Android Apps
YKVfnuJnmFo Pick the JavaScript Approach - Website Performance Optimization
YLkOC9Pwitw \u6a21\u578b - \u6389\u843d\u5217\u6a21\u578b
YM6a5IKzWYA Cat Clicker Premium Specs - JavaScript Design Patterns
YQSSshKptaI \u5185\u5b58\u4f5c\u7528\u57df\u4e0e\u5185\u5b58\u5bf9\u8c61
YSKfIOiAQCc Untitled
YWjJHdGphOE Summarize the CRP Solution - Website Performance Optimization
YXUOS26lKRA \u54cd\u5e94\u5c4f\u5e55\u529f\u80fd\u548c\u89c6\u56fe
YYDRolSnjPs Bundles to Save App State - Developing Android Apps
YZzSJvgQ8jw \u8c03\u7528\u51fd\u6570
Y_OG0y45slI What Is the Model in Our Code - JavaScript Design Patterns
Yeig_NfF2lg Competitive Advantages | Understand the User | App Marketing | Udacity
YhRCAZNIu-c Qualificadores da Pasta de Recursos
YiNsn6wKQyo Target Circles of Feedback | Low-Fidelity Prototypes & User Research | Rapid Prototyping | Udacity
Yil6leZ4HoI Property Types - Developing Scalable Apps with Java
YkzlouHTez8 Fixed viewport width - Mobile Web Development
YlIeXwopt8k Exploring ConferenceApi - Developing Scalable Apps with Java
YoAvwiWtCNQ Truthy vs Falsy Quiz - JavaScript Basics
YpMXmsD3mYA Designing Experience and User Testing | UX/UI Design | Product Design | Udacity
Yq1iCiNBaZk Resume Header Solution - JavaScript Basics
YrOiuIjLp9k What is Spaghetti Code  - JavaScript Design Patterns
YreqZZ9tnAg Loading Streetview  - Intro to AJAX
Ytux4IOAR_s Introduction - How to Use Git and GitHub
Yu1NoQ1vmMQ Introdu\u00e7\u00e3o \u00e0 Li\u00e7\u00e3o 6
YugESrDVHuo The HEART Framework | Key Business Metrics | Product Design | Udacity
YvkKToeLB8Y Add ProfileForm - Developing Scalable Apps with Java
YwoFpzQKpU0 Reflow across all devices - Mobile Web Development
YzR-Iv2l8sE Course Introduction - Intro to jQuery
Z0Xm98dO_Xw Introducing the Cloud DevOps using Microsoft Azure Nanodegree program!
Z19MFdVfxZg Code for Creating Conferences - Developing Scalable Apps with Java
Z4wEbHFerYQ Animation API - Mobile Web Development
Z5CWUDRcDsc Blog layout - Mobile Web Development
Z5KzIpZZ_5Q Event Listeners - HTML5 Game Development
Z7gXDjGvjes Requests with jQuery - Intro to AJAX
Z8I-bULRMY0 Hide Some Columns Quiz - Responsive Web Design Fundamentals
Z9_RQ6A9xTI Using Services - Developing Android Apps
ZAg8R-_VzNI \u603b\u7ed3
ZDpIKe-NTvI Predicting 'this' Output (5) - Object-Oriented JavaScript
ZEcOM4MrC20 Build your Marketing Plan | Pre-Launch | App Marketing | Udacity
ZHB35l_5iG8 Heap snapshot - Mobile Web Development
ZI0U-C_6TcA Can you Calculate CRP Metrics from HTML? - Website Performance Optimization
ZLhPgJyDZgg Shake to send feedback - Mobile Web Development
ZOQt-0g1d-k Filters Solution
ZPLJBjgJaYQ Undownloadable files - Mobile Web Development
ZUIuKdhAIgU How to be Successful with ASO | Launch | App Marketing | Udacity
Z_NGevb81T0 Install HAXM - Developing Android Apps
Z_hi4djW5aw Mercedes-Benz R&D talks about hiring into its autonomous driving division
Zb4M0Z95K-c Make Details View Functional Solution - Developing Android Apps
Zg5VeaMlW68 Network as an enhancement - Mobile Web Development
ZhFraLHj99o Adwords: Responsive Ad Units | Implement a Monetization Strategy | App Monetization | Udacity
ZizHpiI5vNA Storytime - Dangerous Dave and Copyright Infringement - HTML5 Game Development
Znuns8c5S9c Final Detail Wireframe - Developing Android Apps
ZpeBxHVVTxQ Aaron Harris: Early User Research | Validation | Product Design | Udacity
ZsKPx-qNIMA Jocelyn Intro - Developing Scalable Apps with Java
ZzNYhpq_NZ0 A/B Experimental Test | Measurement Fundamentals | App Marketing | Udacity
_1YzaOUQl18 \u7ed3\u675f
_3AWzweBPFs Intro to HTML and CSS - Styling Up
_4JdLEhxlBQ Fast-Forward Merges - How to Use Git and GitHub
_5NR-9wWiHI \u8bf7\u6c42\u548c\u76c8\u5229
_5qchlQIDZY Engaging Users | Optimize Your Model | App Monetization | Udacity
_77fCn17OxI SQLiteOpenHelper onUpgrade() method - Developing Android Apps
_800mHTygjU Locket and Key Metrics | Key Business Metrics | Product Design | Udacity
_AtI9N60W5Q Compute performance - Mobile Web Development
_Bc08AfcsaQ Postal Code Param - Developing Android Apps
_CmXNgvsGPA Updating Your Local Repository Solution - How to Use Git and GitHub
_D2OirW7C5M Explicando Nossas Altera\u00e7\u00f5es no WeatherContract
_H8fmJSJHu8 Predicting Execution Context Output - Object-Oriented JavaScript
_IChVB5abNE Introduction - Developing Scalable Apps with Java
_LjXJP9B7lk Key Principles of Monetizing a Native App
_OM2AAftq3s What Are Your Job Search New Year's Resolutions? | Udacity Career Tip #14
_TD9viwhBZM Digging around - Mobile Web Development
_TKQBR3qL1E Our First Table - Developing Android Apps
_UNQDdiAbWI Generic and Budget Competition | Understand the User | App Marketing | Udacity
_Uk72nYaXV4 Become an Android Kotlin Developer!
_VTjrQ09d2I API Brainstorm - Intro to AJAX
_Xjn6Rwo6f8 Saving Data with Objectify - Developing Scalable Apps with Java
_ZNJffC-7RI User Research Case Study | Low-Fidelity Prototypes & User Research | Rapid Prototyping | Udacity
_ah85QsAaVo Fonts - Responsive Web Design Fundamentals
_ajPFwJU7Ig \u56de\u987e
_e-gGAM4noQ Intro to HTML and CSS - Using Chrome Developer Tools
_eLYpnHt8uE Counterintuitive Physics - HTML5 Game Development
_hH2ntCIxLI Launch DetailActivity - Developing Android Apps
_it_K-kFDws Refactoring Into a Superclass - Object-Oriented JavaScript
_mvCVzU2jxk Intro to HTML and CSS - From Idea to Code
_optftESD0M Intro to HTML and CSS - Boxes on Websites
_pqv_bA1ib4 Speeding up the First Render - Intro to AJAX
_rahYAml-Bs Introducing the new Applying Data Science to Product Management course!
_uaLiu4OSt4 Overview of Monetization Models
_utiPVGF4HA Pick a Breakpoint Quiz - Responsive Web Design Fundamentals
_vEOlKRECVg Finish Insert - Solution - Developing Android Apps
_vsbkvm1w4w Interaction Design and Tasks | UX/UI Design | Product Design | Udacity
_wzrGp-Ovso Stopping Sounds - HTML5 Game Development
_zHqpBJPNsE 'this' \u6240\u7ed1\u5b9a\u7684
_zOw3rBJbBk Configuring WEB_CLIENT_ID - Developing Scalable Apps with Java
a2Yfc0-AeZg Enable the Web UI - Developing Scalable Apps with Java
a3VWEgdj3O4 Filtering by Property Theory - Developing Scalable Apps with Java
a4Hmsr44SSA Loading images - HTML5 Game Development
a62V6iXTmgs Udacity Talks Episode 6: Sebastian Thrun | Founder & President, Udacity
a7VuMUwCeLg Por que AbsoluteLayout \u00e9 ruim?
a7hifhLsWH4 Differences Between Two Files Solution - How to Use Git and GitHub
a7jq1N03NAs Using Memcache for Announcements - Developing Scalable Apps with Java
a7oqqJyuUOM Predicting Strict Comparison of Objects - Object-Oriented JavaScript
a8qva_gpwBU Sebastian Thrun talks about the Self-Driving Car Engineer Nanodegree program and the industry
aAP2GQb1mlA Where Should This Feature Live? - JavaScript Design Patterns
aB7TXIS4Txg Accessible Products & Guidelines | UX/UI Design | Product Design | Udacity
aBQjyjxBq9g Design Sprints at Locket | Design Sprint | Product Design | Udacity
aCkVweir_AY Native App Monetization  Ads
aE9_3DesRlE Predicting Closure Output (6) - Object-Oriented JavaScript
aFn3BgVOS64 Keynote: Robotics - Yoky Matsuoka, CTO of Nest | Udacity Intersect 2017
aG2Bx9WsMXY Branches for Collaboration - How to Use Git and GitHub
aGn2o72Qnck Culture Fit: Identify your Core Values and align them with your Career
aGrp_46bL_4 What's the Difference? Solution - Responsive Web Design Fundamentals
aH1vsSZCd4U Fluid to responsive design - Mobile Web Development
aLg4VeRQfQE Coding the Content Provider: Inserting - Developing Android Apps
aM-srMPOMKw Entities and Collisions Part Two - HTML5 Game Development
aMJOFuq8Poc Using local storage - Mobile Web Development
aN0WV7WqnDI Loading images - HTML5 Game Development
aN8TN65wJig How to Use the $ - Intro to jQuery
aNW9IUaSE7c \u7b80\u4ecb
aO-Fkh1o6bI GRITS loaded - HTML5 Game Development
aOONaySWapY Google Analytics: Tracking | Implement a Monetization Strategy | App Monetization | Udacity
aPD5el7nOlo Add Map Location Intent Solution - Developing Android Apps
aQWqE4_jB70 Loading Sound - HTML5 Game Development
aT_imzXvWY8 Interview With The Author - JavaScript Design Patterns
aUvs5-cxEVw History of Scaling - Developing Scalable Apps with Java
aVfMEXNg2vM Merge Conflicts - How to Use Git and GitHub
actAvfBSbZM Quick Prototyping | Low-Fidelity Prototypes & User Research | Rapid Prototyping | Udacity
acvExar2axw \u89e3\u6784\u5f39\u6027\u6846\u5e03\u5c40
aelCML6XH84 Nir Eyal: Hooks | Optimize Your Model | App Monetization | Udacity
aezbba8H4wI Code the ContentProvider getType Quiz - Developing Android Apps
ai8jHdrEbZY Attaching Sounds to Entities - HTML5 Game Development
aj46l5EEK5g Conference Unit Tests - Developing Scalable Apps with Java
alqLEComThw Unregistering From a Conference - Developing Scalable Apps with Java
altHiSamGF8 Try the fragment manager - Developing Android Apps
ancbFB8Dg3A Tiled - HTML5 Game Development
atH5p_UgZvg Updating Entities - HTML5 Game Development
awSOeE34VRQ Mostly Fluid Part 2 Solution - Responsive Web Design Fundamentals
azJIp81YsB4 Outsource Consultation | Lifelong Prototyping | Rapid Prototyping | Udacity
azdUan2j3u8 Constraints of the Canvas - Mobile Web Development
b-tCCiJq4J8 Filters Quiz - Intro to jQuery
b1oXtCCU9I4 Hacking Udacity Solution - JavaScript Basics
b2X1pOT1wF4 \u4ee3\u7801\u91cd\u590d\u4f7f\u7528\u793a\u4f8b
b5rurL1KiyU Predicting Undefined Property Lookups - Object-Oriented JavaScript
b6GMwT35I38 Making a Branch - How to Use Git and GitHub
b7wzw4odxZg Create SettingsActivity - Developing Android Apps
bCuuRF-v-d4 Strict Comparison of Returned Functions - Object-Oriented JavaScript
bFDxyGsdL4o Wikipedia API - Intro to AJAX
bGw6DLQohCE My Project
bLMnetaC7-c Sound Manager - HTML5 Game Development
bOfrdhnMiEs Sound and WebAudio - HTML5 Game Development
bQ_DgXrOtaw What to Think About as a Developer | App Monetization | Udacity
bRnPSETAtOg Monetize Native Apps | Monetization Strategies | App Monetization | Udacity
bU7V5ghSJOc Updating appcache - Mobile Web Development
bUtPlg2JowU High Five! - Intro to jQuery
bWa4V_hIyJQ Project Part 1 - Responsive Images
bYWI3NXj8Fo Pseudoclassical Subclasses - Object-Oriented JavaScript
bZopdry1EPU Main Thread vs Background Thread - Developing Android Apps
baAhFA4MAr0 Coding the ContentProvider: Testing - Developing Android Apps
baErGP5EslI Destroying Physics Bodies - HTML5 Game Development
bchOo5Z7sGM \
beFOZYsNGRg Tech Talk: Self-Driving Car & Autonomous Systems
bgKYVZxptwc Introducing the new and improved Self-Driving Car Engineer Nanodegree Program!
bgP72MoAypM Enjoyable Apps - Developing Android Apps
bganoj-gYZE Parsing Texturepacker Output - HTML5 Game Development
bj0Qm7im5Ys Obi Felten - Daring Greatly: How to Fail Gracefully on the Way to Success
bqE2pjmAv7E WebSQL - Mobile Web Development
brQbk8XVBXs Show off your Skills! How to Write Achievement Statements
bs9htugEOiU Select by Tags Quiz - Intro to jQuery
bshe290sqrs Beer and Bots with Anthony Navarro, Robotics Product Manager
bt6eIU3lGR4 Introducing the Cloud Developer using Microsoft Azure Nanodegree Program!
btRbnnbC4ag Intro to HTML and CSS - Continuous Improvement
by16pN39cc8 Identify Model and View - JavaScript Design Patterns
c-iw8DuP2DM Launch DetailActivity - Developing Android Apps
c5F-mutZ7Yo App Beta Testing | Pre-Launch | App Marketing | Udacity
c5zW4-aB2bk Apresenta\u00e7\u00e3o de nossos instrutores
c9ADgI2YZU0 Career Webinar: Don't Mind the Gap
cAMKgGYjdF8 Debugging - Intro to AJAX
cBmTs79s3HI Josh Lessing of Soft Robotics talks about entering the field
cCCffhoGcxI Detecting offline - Mobile Web Development
cCuPCQocgTs App stores: Distribution channels  | Pre-Launch | App Marketing | Udacity
cDBXoHybjUA Facebook Example 1 - Intro to AJAX
cEwSwBgZ_ok Subclass Prototype Delegation - Object-Oriented JavaScript
cFV3ltQY4ro Refactoring Into a Superclass - Object-Oriented JavaScript
cH9NRqCbohE How We're Changing Sunshine - Developing Android Apps
cICgjtB6NXY Career Webinar: The Importance of Group Interviews and How to Ace Them
cJFUrxQ4tQc Adding Content Provider to our Contract - Developing Android Apps
cKzjFwW3rsM Homepage Design: Notifications  | UX/UI Design | Product Design | Udacity
cLtG4G3Vdp8 Validation issues - Mobile Web Development
cNVD_Thus0Q Material Design | UX/UI Design | Product Design | Udacity
cOnyrX8FoFI AABB Collision - HTML5 Game Development
cSDTB9p81KM DO NOT UNLOCK! Project Instructions - Mobile Web Development
cTeJEGHdGAA Introducing the RPA Developer Nanodegree Program!
cVFZI5D6mQE Parsing Texturepacker Output - HTML5 Game Development
cX7GTlxbm94 Proper Subclass Constructor Delegation - Object-Oriented JavaScript
cYcLq7x4GMY Client ID - Developing Scalable Apps with Java
cYvyl0qgnAc Playing Sounds - HTML5 Game Development
cbBia8lRST4 Instructor Introductions | Product Design | Udacity
ccgO0co2Ebs Loading Multiple Times - HTML5 Game Development
cg1-vyulZf8 Defining Recipe Entities - Developing Scalable Apps with Java
ckrLN79JBoo this' in Superclass without using 'new' - Object-Oriented JavaScript
cpK_NeaGEjI Rapid Prototyping | Medium-Fidelity Prototypes | Lesson Outro | Udacity
cru0ZXevZ2E Batches - HTML5 Game Development
cs-85x_keug Offline is a necessity - Mobile Web Development
cseQZSLo8Vw Number of Breakpoints Solution - Responsive Web Design Fundamentals
cunyQ4XoU2s Responsive images - Mobile Web Development
cvgjCCc4eFA Match Goals to Metrics | Measurement Fundamentals | App Marketing | Udacity
cwcresbcw0M Making a Request - HTML5 Game Development
cwzu9F6n9EY \u6267\u884c\u73af\u5883\u7b80\u4ecb
d0q3BMomMqY Select by IDs Quiz - Intro to jQuery
d3l3sXmCxYQ App Goals: Metrics: Growth Advice | Measurement Fundamentals | App Marketing | Udacity
d6TzQ63KjBw Console Quiz Solution - JavaScript Basics
d6uJKPgYO1o Introduction - Object-Oriented JavaScript
d7Wqlgz48UY JSON - JavaScript Basics
dBxl11GWb9Y SEO Tips | Launch | App Marketing | Udacity
dFE6iBvUPi4 ItemClickListener and Toast Solution - Developing Android Apps
dJvX4k6IMHA Loading Map Data - HTML5 Game Development
dJwqWQ__y6o \u9884\u6d4b 'this' \u8f93\u51fa (8)
dL2zzYVx-BA Click delay - Mobile Web Development
dMMihfH4ZO8 Affiliate Marketing | Customer Acquisition | App Marketing | Udacity
dQShWvXBnsE Introducing the Cloud DevOps Nanodegree program from Udacity!
dStWyGfBlII U/X Research on Design | Lifelong Prototyping | Rapid Prototyping | Udacity
dUqrqhJckpo Mobile dev tools - Mobile Web Development
dVqeTVW86L0 Design Thinking at Optimizely | UX/UI Design | Product Design | Udacity
dZuts7sr2Cc Raster & Vector Identification Solution - Responsive Images
d_oIZzkyQ-E Critical Rendering Path Walkthrough - Website Performance Optimization
dahTdIYVKUE 3 Mistakes to Avoid on Your Resume | Udacity Career Tip #1
ddryb36ceYg API Brainstorm - Intro to AJAX
dgGx3KToZBg Identify Competitors | Understand the User | App Marketing | Udacity
diWRgd10DwI Checking for Compatibility - HTML5 Game Development
djKsogbanYo HTTP Requests - Developing Android Apps
dmEZdXY2Prc Coding ContentProvider: Finish Inserting - Developing Android Apps
dokBZflWPgU Don't Block Access - Mobile Web Development
dpqwsf6g85E HTTP Request for Weather Data - Developing Android Apps
dqqNS8G8ROo Ask a Career Coach: How do I stay motivated during the job search?
dusZRagGtMU What Styles Are Applied? Solution - Responsive Web Design Fundamentals
dvwjBQ5blnY Intents de Broadcast
dxdKblRcSDQ \u56fe\u7247
e-7SXZXBIXE Project Config Files - Developing Scalable Apps with Java
e0H0OMvA2i0 Transferring Data Efficiently - Developing Android Apps
e1_eIUahE8E Minimize full power radio - Mobile Web Development
e42ZtAjEleU Delegation Relationships - Object-Oriented JavaScript
e4iPtFApdsI Update Easy Mode Solutions - How to Use Git and GitHub
e5QYVgZ-6Bs Predicting 'this' Output (2) - Object-Oriented JavaScript
eAmRsl9S3_4 Request right image - Mobile Web Development
eCFd9YxJHOo \u9879\u76ee\u7b80\u4ecb
eD55tNo0Cpc Run The Hello World App - Developing Scalable Apps with Java
eF_YtTvwDlM background-size Quiz - Responsive Images
eFp_lhhU8qg Draw a CRP Diagram - Easy - Website Performance Optimization
eMtcF7f9PUU CSS \u80cc\u666f\u56fe\u7247
eNuvK8Wt-UE Intro to HTML and CSS - Code, Test, Refine, Repeat
eOuK9mNHFfo .prototype \u6982\u5ff5\u7684\u6b67\u4e49
eP_fLt3E1kE How wide is the viewport? Solution - Responsive Web Design Fundamentals
eQfBz4LVRDw Email Marketing Components | Customer Acquisition | App Marketing | Udacity
eQrl7rI4nT0 Enjoyable Apps - Developing Android Apps
eSHOcLD5T58 Outsourcing Consultation Review | Lifelong Prototyping | Rapid Prototyping | Udacity
eSrh7RRw8s4 Wrapping in label - Mobile Web Development
eT6dAV-k07E \u91cd\u6784\u4ee3\u7801\u7684\u597d\u5904
eVUnTkjWebg Email Marketing | Customer Acquisition | App Marketing | Udacity
eYyLBvE3sFA Implement Note Date - JavaScript Design Patterns
eZBQGkDaM-U The KUKA Udacity Robot Learning Lab at Karlsruhe Institute of Technology (KIT)
e_7O7KhGALw Setting up for Career Success with Goal Setting & Visioning
eapHgzG2ZzU Collision Handling - HTML5 Game Development
edNPHMnPPW8 Native App Monetization  Freemium
eh9eqeUuHzE Find the Query We Want Solution - Developing Android Apps
ehZKcas9R-4 'this' \u4e0d\u4f1a\u7ed1\u5b9a\u7684
eiQ1d4RdWhE Fast touch events - Mobile Web Development
ekiUAWSET74 Disadvantages Quiz - Developing Android Apps
elSUHmEJf4c Finding Views findViewById() - Developing Android Apps
emzhXIGjfQA string.replace() Quiz - JavaScript Basics
en4nL2idGbM Terms to Know: Ads | Monetization Strategies | App Monetization | Udacity
enodgfNvUsc Checking Out Old Versions of Code - How to Use Git and GitHub
eopQfYwcZwE How To Answer Behavioral Interview Questions | Udacity Career Tip #16
erEFRKnqitM Problems With Keyboard Input - HTML5 Game Development
ethrPeVnsSM Updating Profile Entities - Developing Scalable Apps with Java
ewhqNU8ajn0 3rd Party Content Providers Solution - Developing Android Apps
f4FMqaZkPiY New: Merging the Changes Together 2
f4h2PYfAEB0 Intro to HTML and CSS - Validating and Verifying HTML and CSS
f9z-eKD2xjk Why should you consider a career in self-driving cars?
fBHUhMAB6XY Atualize os dados no In\u00edcio da Activity
fCF0g56Trjc Adding Transactions - Developing Scalable Apps with Java
fDRaw1DN0Pg Update all the entities - HTML5 Game Development
fGc5kBtBRow Combining Simple Files - How to Use Git and GitHub
fL9tnVW2NvE Using the sensors - Mobile Web Development
fN-HTXKxAr4 Personal Branding: your Career Armor
fOomFP-XdB8 Intro to HTML and CSS - Choosing Features
fQ8Hnv6WuxU Chris Anderson, Co-Founder and CEO of 3D Robotics Q&A
fTVzGfc57ag List Item Click Listener - Developing Android Apps
fTkcvojaMC0 Launch Sunshine and Create an AVD - Developing Android Apps
fVofaZw7z4w Optimize Mobile Commerce | Monetization Strategies | App Monetization | Udacity
fWQ5_WlWL2A Relevance in Online Groups | Launch | App Marketing | Udacity
fYKaE7JrEwQ Introducing the Data Streaming Nanodegree Program from Udacity
fYMvtCiKmio Pick the JavaScript Approach - Website Performance Optimization
f_hYsh4XzFY Add New Endpoints Function - Developing Scalable Apps with Java
fbEhmDqPf1M Project Part 1 - Responsive Web Design Fundamentals
fc5ZYpEnVAQ Collaborations Cause Conflict
fg0JRFwGRww Simple rules for touch UI - Mobile Web Development
fgimonwsiaY Separating Out the Model   - JavaScript Design Patterns
fgwXXQfKq34 Predicting Closure Output - Object-Oriented JavaScript
fjf2c5SbaTc Inserts with the ContentProvider - Developing Android Apps
fjffl49rvu8 Free vs Pay Dilemma | App Monetization | Udacity
flPHeWHTgs0 Calculating DPR Solution - Responsive Web Design Fundamentals
flmD66uAbm0 Unicode Treble Clef Solution - Responsive Images
fmp8Q0zoDZY SQLite Databases Quiz - Developing Android Apps
foFkJFB4p-E Google Display Networks | Customer Acquisition | App Marketing | Udacity
foOuimvpz1o Validate Efforts Through Experiments | Measurement Fundamentals | App Marketing | Udacity
frQDhcxKTTs Project Part 1 Solution - Responsive Web Design Fundamentals
ftgkXJtfzLA Fork the Recipes Repository Solution - How to Use Git and GitHub
ftrtBrFrLt4 Smart Models Work Differently - JavaScript Design Patterns
fuasDMARYP4 Update one entity - HTML5 Game Development
fvCRgsxXPuc Quirks - HTML5 Game Development
fvtm9lK-JM0 \u65b9\u6846\u3001\u7f51\u683c\u548c\u89c4\u5219
fvxICekf5cc Outro - Developing Scalable Apps with Java
fwi-jc-3EBM Conflicting Keys - Developing Scalable Apps with Java
fxVEAWxnCVE \u4f5c\u7528\u57df\uff1a\u793a\u4f8b
fy5ijrNYaio Build a DOM (Family) Tree Solution - Intro to jQuery
fzAhf3j2ciE Toggling Classes Solution - Intro to jQuery
fz_5XcEDcYo \u8fdc\u7a0b\u8c03\u8bd5\u7b80\u4ecb
g1Pu_qQs8t0 \u6dfb\u52a0\u57fa\u672c\u5a92\u4f53\u67e5\u8be2 2
g1ZS7uqPy88 Qualificador de Menor Largura
g38yOaQxMDI Introducing Conference Central - Developing Scalable Apps with Java
g3ORY6pVC9o Differences of mobile web - Mobile Web Development
g3hpVLLe6k8 Storing Images or Binary Data - Developing Android Apps
g8rPO-JnLig Abstracting XMLHttpRequests - HTML5 Game Development
gAsoP9i2R_Q Personas for Understanding Your User | Understand the User | App Marketing | Udacity
gBcoCHg6WNY Strategy Quiz 2 - Responsive Images
gCiCojJGr9w \u201c\u4e0b\u4e00\u6b65\u201d\u5a92\u4f53\u67e5\u8be2
gHaf6XOcPw0 Importance of performance - Mobile Web Development
gINRT5zYaR0 Wide Detail Fragment - Developing Android Apps
gKB0n-nu23M Query by Kind - Developing Scalable Apps with Java
gLkY3r9_k4U Display Content in DetailActivity - Developing Android Apps
gMfQBZ6zdtg .append()ing Arrays Quiz - JavaScript Basics
gO-MC6QR5D0 Building Today's List Item - Developing Android Apps
gPL4vywt8XM Intro to HTML and CSS - More on Chrome Developer Tools
gTP7Ef1NN_E Revis\u00e3o de Views e ViewGroups
gVJipKpVc-0 Google AdWords: Mobile | Customer Acquisition | App Marketing | Udacity
gXrJPsmzksI Interfacing to the DOM - HTML5 Game Development
gXvftH75M7I Calculate the CRP Metrics 2 - Website Performance Optimization
gZnUKSHaJYc Associate the stream - Mobile Web Development
g_SD70MQ-is Solo Circles Solution  | Low-Fidelity Prototypes & User Research | Rapid Prototyping | Udacity
gc1XFHkMEmk Congratulations and credits - Mobile Web Development
gcEy5YJLGQ8 Refresh Button - Developing Android Apps
gdqOx4zU8HQ Subscriptions Models | Monetization Strategies | App Monetization | Udacity
gfrufMqqZQQ Evidence of User Research | Lifelong Prototyping | Rapid Prototyping | Udacity
ggU5a6AacnQ Understanding the Application Tracking System
ggsC5J5QGSk Forking a Repository Solution - How to Use Git and GitHub
ghtIy8Zi2QM Explore Business Events | Launch | App Marketing | Udacity
gkQue_Vfjfo Subclass Prototype Delegation - Object-Oriented JavaScript
gkTy6G4FtMg Which styles render faster? - Website Performance Optimization
gndnepMYQxk Outro - Intro to jQuery
grAcz_jzfyQ App Example | Low-Fidelity Prototypes & User Research | Rapid Prototyping | Udacity
gsESjFAknac Entrepreneur's Mindset: Locket | Product Design | Udacity
gyd8wnwksls Storytime with Colt - Data-Driven Design - HTML5 Game Development
gzj0e6YPPEY Event Listening - HTML5 Game Development
h28yVa-_D4Q Locket and Vanity Metrics | Key Business Metrics | Product Design | Udacity
h2ASbicJPUg Write the UriMatcher Quiz - Developing Android Apps
h5MYZaVNvCU Putting It All Together - Developing Scalable Apps with Java
h7H-t5ZV7YY srcset
hATE02RtsKI Sobre Loaders
hBELEd7FPUI App Reviews and Feedback | Launch | App Marketing | Udacity
hBFVu_l_3uA Rendering Texturepacker Output - HTML5 Game Development
hBUIR0pil2A Fixing our Call to DetailActivity - Developing Android Apps
hBVapS8WqDs Test Read/Write from Weather Tbl - Developing Android Apps
hFmd8Wyyqn0 6s - Quiz - Object-Oriented JavaScript
hFp8PADHdoU Image-set and background solutions - Mobile Web Development
hGnoRYtaNVQ Introducing the Cloud Developer Nanodegree program from Udacity!
hHL_E2kJLVA Disadvantages Solution - Developing Android Apps
hJLpIkxh_60 \u8d1f\u7a7a\u95f4
hM7ZuyJbleA Exercise Introduction - Developing Scalable Apps with Java
hOYI-eqs25g Intro to HTML and CSS - Semantic Structure
hOhjH7qUeBo Abhishek learned to apply deep learning concepts to self-driving cars
hP3O-23nhZ4 Iterate on Prototypes | Lifelong Prototyping | Rapid Prototyping | Udacity
hTIPNKu1ErA Strategy Quiz 3 - Responsive Images
hUqaebdRF3A Progess with InVision | Lifelong Prototyping | Rapid Prototyping | Udacity
hVBVRORoN2s Problem Solved? - Developing Scalable Apps with Java
hVHa26s-a_8 Cory Kidd, Founder and CEO of Catalia Health Talks About the Robotics Industry
hW4FDYeONdg More on JavaScript Dependencies - Website Performance Optimization
hWOsvlv06QI Career Planning with Intention
hWbK_qsT5Ac Intro to HTML and CSS - Custom CSS for Your Site
h_5yACjdf2k Define Stage Golden Path | Design Sprint | Product Design | Udacity
hnsymg4qczQ Course Goals and Prerequisites - Developing Android Apps
ho_0Err2SnU Change to pointers - Mobile Web Development
hqHPaHI4oOg Physics Engine API - HTML5 Game Development
hrLBlTv_NFc Accelerometer - Mobile Web Development
hs9tKdHsfoE Start your Marketing Experiments | Measurement Fundamentals | App Marketing | Udacity
ht7vYtWOazI Course Overview
htn1tk6T_44 Native App Monetization  Subscription
htqqeiFWvGM For Loops Quiz - JavaScript Basics
i-ELdsHr7Mk Finishing Our Predictions - Object-Oriented JavaScript
i3n-BZ2UHO0 Course Introduction - HTML5 Game Development
i3uh-5Dt04w Fixing our Call to DetailActivity - Developing Android Apps
iAtg9Ys8C1w A/B Testing: Optimizely/Locket | Key Business Metrics | Product Design | Udacity
iGBxGyL8wfg \u6587\u4ef6\u683c\u5f0f
iH-BoDM-xhU Introducing Udacity's School of AI
iQz0T2buaDE Which Thread for AsyncTask - Developing Android Apps
iRyUUGsNHrU Resolving Merge Conflicts - How to Use Git and GitHub
iSbo67R-Cmw Can LinkedIn Replace Your Portfolio Website?
iTL_JVSD_ow Proper Subclass Constructor Delegation - Object-Oriented JavaScript
iTxCwH7BPuw Entities and Physics - HTML5 Game Development
iWW9Hm_edvQ Design Sprint | Course Map Revisited | Product Design | Udacity
i_auGTVoFIM Creating your Personalized Job Search Plan
iazYC5ffw8Y \u5f39\u6027\u6846\u5bb9\u5668
ibCSV2LsIUY Predicting the Value of 'this' - Object-Oriented JavaScript
ibEBvd0wolY School of Cloud Computing and Careers: AMA with Brett Ellis
ibHJMCB32EY Stages and Marketing Objectives | Pre-Launch | App Marketing | Udacity
ibtjqn6Thb8 Fill Canvas Tiles - HTML5 Game Development
ifZe6_bd25M Smarter Arrays - JavaScript Design Patterns
ifyFJy_WJks Overview of Endpoints Code - Developing Scalable Apps with Java
iiA0A5L4gP4 Explore Project Layout and Configuration - Developing Scalable Apps with Java
iitfegsuWfQ Noam: Create Incentives Advice | Launch | App Marketing | Udacity
iq0GQy4-0XY Intersect 2018 | Introduction & Keynote
isloK2U6n30 Introducing the Security Engineer Nanodegree program!
ist7-biGle0 Start on the road to a self-driving car career
iu46CZdZ6pM Notifications - Developing Android Apps
j-evVVlb_-M Deep Reinforcement Learning Nanodegree Program
j0PeHuR2Q_8 Synth pointer - Mobile Web Development
j4e6At_JFJQ Course Wrap Up
j5pI2YnZb-o SendEmailServlet - Developing Scalable Apps with Java
j6mzYt5fJpg Webcam access - Mobile Web Development
j7iB0p4dOj4 Start on the Road to a Self-Driving Car Career
j95-eBKVs80 Continuous Motion - HTML5 Game Development
j9BxUsvj4rM Manage spawn entity - HTML5 Game Development
j9GtmaB5ndM Loading Multiple Times - HTML5 Game Development
j9yFQqNrUK0 Udacity Talks Episode 9: Jamie Hyneman | Former Mythbuster, M5 Industries
jAz92jseG00 Input keyboards - Mobile Web Development
jB62Dmc7QHI Getting Sounds into Your Game - HTML5 Game Development
jCz86Sk-p18 \
jGxQsMJNU00 Past loading - HTML5 Game Development
jKM9rAkLeXY Codifique o ContentProvider: onCreate
jOMom5aUfDM Making a Pull Request Solution - How to Use Git and GitHub
jOrLi-W2h0Q Codebase Quiz - JavaScript Design Patterns
jQmLVgR1eOM Disadvantages Solution - Developing Android Apps
jRke2hKyqmo Committing Changes Solution - How to Use Git and GitHub
jShh_VDqMHM How to Prepare for Termination - Developing Android Apps
jTBkzBO4-qc App Marketing Course Introduction | Udacity
jTevWk01S8k Muting Sounds - HTML5 Game Development
jU6BSSS6-tw Subclass Prototype Constructor Property - Object-Oriented JavaScript
jWSdBIL_AVc Become a React Developer
jXZ8qEP6v5Y Adding DOM Elements - Intro to jQuery
jbbc91AkQhY 1st Impressions: Make the First-Round Interview Cut! Phone/Video Interview Prep
jc486o6jS0k Introduce Invision | Medium-Fidelity Prototypes | Rapid Prototyping | Udacity
jciBRUNdZTo Predicting 'this' Output (3) - Object-Oriented JavaScript
jdkhTLVnXIA Pulling HTML and Text
jfVL3nUAg5c Order of operations - HTML5 Game Development
jhYY74sRwCQ Screen Density Size - Developing Android Apps
jirT6DPKF5E Indexes and Storage - Developing Scalable Apps with Java
jlIwaBrS-ZE Landing Pages and Messaging | Pre-Launch | App Marketing | Udacity
jlYL_rvk9U4 Updating and Deleting Solution - Developing Android Apps
jlyN_RA5spY Outro - HTML5 Game Development
joIzTmBGtzs \u56de\u987e 'this' \u53c2\u6570
jp6JAOKzsQE Nate: Monetization Methods | Monetization Strategies | App Monetization | Udacity
juPqC4hnmeQ Model Quiz - JavaScript Design Patterns
jujAxEY1EwY Add the Other Join query Quiz - Developing Android Apps
juo4Ah0Hf9M ContentProvider getType Solution - Developing Android Apps
juwLWvO9xIU Nir Eyal: Pain Killers & Vitamins | Product Design | Udacity
jw4tVn7CRcI Fast Google Search Responses - Website Performance Optimization
jxhnIiksjJ0 ViewRect - HTML5 Game Development
k0Oo_4hL53A Build a DOM (Family) Tree Quiz - Intro to jQuery
k29kTgeedgE New: Keeping a Fork Up-To-Date Solution
k3H2l8xak8c Pitch Perfect:  Creating your Confident Pitch
k6Mue0hxJw8 Introducing the Cloud Architect using Microsoft Azure Nanodegree Program
k6pxsaXAhbI Updating Local Copies of Remote Branches - How to Use Git and GitHub
k86rxOa_ZXQ Efficient Updates: Inserts - Developing Android Apps
kB6SLQ4bV5U Finding Examples of API Use - Intro to AJAX
kBHsaGRPv3c Draw a CRP Diagram - Hard - Website Performance Optimization
kBOXmGll8N0 Git Commits Across Multiple Files
kC9sPPglOWI Arrays - JavaScript Basics
kE34jtaJzNc HTML \u5c0f\u7ed3
kI5w-qBNEMA Top 3 Networking Tactics for Introverts
kLxKFYR0WyU Circles of Feedback | Low-Fidelity Prototypes & User Research | Rapid Prototyping | Udacity
kMRUfARa6Uo New to self-driving cars? Try the Intro to Self-Driving Cars Nanodegree program
kPVaDHcXB2w Data Transfer Best Practices - Developing Android Apps
kPgFzSJEbU4 Updated: Updating a Pull Request
kTfEFnYxej8 Sebastian Thrun and Danny Shapiro Q&A on self-driving cars
k_wmXN5V1_c \u7f16\u7801\u3001\u6d4b\u8bd5\u3001\u4f18\u5316
kaFi-gVL6yg Resolving Merge Conflicts Solution - How to Use Git and GitHub
kaPWxbrc6RQ Combining Fluid Layouts Quiz - Responsive Web Design Fundamentals
kbTgUXccJfc Codifique o ContentProvider: Inclus\u00e3o
kcQMni3_ivk Predicting Closure Output - Object-Oriented JavaScript
kcW_5CeYSdA Registering An Entity Class - Developing Scalable Apps with Java
kd14CX4S_eA Select by IDs Solution - Intro to jQuery
kfOeQdBOxRM Resumo da Li\u00e7\u00e3o com Reto e Dan
khe1ZXMRgWE Identify Desired JSON Attributes Quiz - Developing Android Apps
ki0C2bNfrtw Constraints of the Canvas - Mobile Web Development
kj10-A1mE-I The right tools - Mobile Web Development
kkILD8tV724 Storing Data in Android - Developing Android Apps
kmV_gjDDgok Implementing appcache - Mobile Web Development
kpSc1iyh5mU Touch handler guidelines - Mobile Web Development
kpbGbGUEl-o Learn How to Deploy Your Models in the Machine Learning Engineer Nanodegree Program
kqHKOSd5NCk Setting the Viewport - Responsive Web Design Fundamentals
ks1PuVlfJEs Optimizing the DOM - Website Performance Optimization
kuNEtnVnTGE What is the Flying Car and Autonomous Flight Engineer Nanodegree program?
kvNdGKrvguw Memory constraint problems - Mobile Web Development
kv_b94GaxYw 7 Steps to a Great LinkedIn Profile
kvlnMFnUZiI bonus_soln - Website Performance Optimization
kxmrI3m2cxw Render - Mobile Web Development
kyKzSibNKyA Create New Activity - Developing Android Apps
l-7iMOUNb1c Reachability Solution - How to Use Git and GitHub
l-dlZ0FK1Fs Introducing Udacity's New Data Science for Business Leaders Executive Program!
l2b1dyKIuLk Combining Simple Files Using Original - How to Use Git and GitHub
l39-SCEYXsM Use fluid layouts - Mobile Web Development
l3XaRV7fmYQ Wrap Up - Responsive Web Design Fundamentals
l3eMkLCifa8 Changing Viewport Settings - Mobile Web Development
l4H9MWEAgfA Incorrect Subclass Prototype Delegation - Object-Oriented JavaScript
l5u0IijP-aI Execute AsyncTask - Developing Android Apps
l6FDs-r-YHg Using Filters - Developing Scalable Apps with Java
l6alL2fauAU Collecting and Accessing Data on Metrics | Key Business Metrics | Product Design | Udacity
l715Ui54nDE Modifying CSS Quiz - Intro to jQuery
l91Mg95wzDc Predicting 'this' Output (9) - Object-Oriented JavaScript
lA_drnU1TMI Local Copies of Remote Branches Solution - How to Use Git and GitHub
lAyBRRxr7X4 Raster and Vector Identification Quiz - Responsive Images
lG_lteOV1Lk Adding a Remote
lGvXab_eyjM Introducing the AI for Healthcare Nanodegree Program!
lJRbExkwFJI Project Solution - Long
lJnjemICAes What You Need to Do to Work Remotely (Part 2 of 3) | Udacity Career Tip #8
lL16AQItG1g Machine Learning in the Google Self-Driving Car
lM03CsoLfF4 The DOM - HTML5 Game Development
lM2_E2y4eCg George Hotz Presents Comma Neo for Udacity Students
lOJcC-Epa2k Local data storage - Mobile Web Development
lU5UHqJGWP4 Storytime - Web Developers and Tools - HTML5 Game Development
lUOhCtXPN40 Udacity Talks Episode 10: Yoky Matsuoka | CTO, Nest
lY9uEa2GNB0 Analyzing Paint in DevTools - Website Performance Optimization
lZPPUL35sDw Min and Max Scale - Mobile Web Development
lZWV5qvA4vM View Quiz - JavaScript Design Patterns
la3i7JdAHyc When will the page render? - Website Performance Optimization
laqERSJLiTw Managing Stress: Working From Home During Covid
lbUbMPYBqSw Predicting Parameter Output (2) - Object-Oriented JavaScript
ldzeGfyHneA Updating saveProfile - Developing Scalable Apps with Java
lhMkUXYTLWw Cat Clicker HTML and Bindings - JavaScript Design Patterns
lif9xsTQfmE Introducing Udacity's Intro to Machine Learning with TensorFlow Nanodegree Program
lkhwToSC5Mo Intro to HTML and CSS - Framework version 02
ln0Vbu5Amxk Demo of Installing Android Application - Developing Scalable Apps with Java
lnzJpoA7UwA Sizing Intro - Responsive Images
lo-2BR7DRUs Making your ContentProvider Accessible - Developing Android Apps
loE-uvxazdo Spot the Differences 1 Solution - Responsive Images
lpbr6rSGmJE Intro to HTML and CSS - Creating the Project
lpflXimqayo Updating and Deleting - Developing Android Apps
lqbKvNTFQ9o Weather w/Location UriBuilder Solution - Developing Android Apps
lr9aFh_HFQY The Self-Driving Hour with David Silver and Anthony Navarro
lruFgM0cy0A Ask a Career Coach: What makes a \
lslqNpJ8BwA Battery drain - Mobile Web Development
lto8gr--OMg What To Do in OnPause/OnStop - Developing Android Apps
ltoOf_7Zb1Y Ask a Career Coach: How do I make my resume stand out?
lvb06W_VKVE The Render Tree - Website Performance Optimization
lx510U08t54 InVision Tutorial: Add Interaction | Medium-Fidelity Prototypes | Rapid Prototyping | Udacity
lz8nrj44ifk An intro to self-driving cars with David Silver
lzF5Y96J2GY Energy Canister onTouch - HTML5 Game Development
m1UFPm6Nx3c Minimize full power radio - Mobile Web Development
m1eaf-5k3D0 External JavaScript Dependencies - Website Performance Optimization
m3A_82efr70 Por que Precisamos de Fragments?
m3IA3DVnv6Y \u79fb\u52a8\u8bbe\u5907\u4e0a\u7684\u7f51\u7ad9
m57RQcgbT10 Add Map Location Intent - Developing Android Apps
m7ZTMYwxZwM Profiling compute - Mobile Web Development
m7rRJO9yKiQ Write the UriMatcher - Developing Android Apps
m8ZyC3P-T7k The Rabbit Hole - HTML5 Game Development
mBKrS0k-rlU Finding Examples of API Use - Intro to AJAX
mBT-zNxfr8c Dimensione de suas Views Personalizadas
mFiyWrwyV9s Layout - Website Performance Optimization
mGmx-uCoSxc Using Memcache with Objectify - Developing Scalable Apps with Java
mMKDiiODU3Q Exploring Query Restrictions - Developing Scalable Apps with Java
mMlV_tludkw Job Descriptions
mNRM_sqgKXo \u7ed3\u8bba
mRjSXZPYiVY Share Intent is Awesome - Developing Android Apps
mUawnZ_MBmw Homepage Design | UX/UI Design | Product Design | Udacity
mZbvOCkkO58 User Research Session | Low-Fidelity Prototypes & User Research | Rapid Prototyping | Udacity
mbznPr0oHoE Exploring a New Codebase  - JavaScript Design Patterns
mdPOkCy4bM8 Accessibility Promise - Responsive Images
mdPud2_yeXs Career Coach AMA: How to Navigate Mid-Career Transition Challenges
menc5xbiV4g Permissions in the Manifest - Developing Android Apps
mkY0mIrQEqE Pixel Perfect Collision - HTML5 Game Development
mlQjOneHqiQ Drawing the Map - HTML5 Game Development
mn8zuyiMqvU Delegation Relationships - Object-Oriented JavaScript
mq0vxifCxGc Storytime and Loading - HTML5 Game Development
muzSoKUkP5E Adding Methods to Constructors - Object-Oriented JavaScript
mw9s3jyTy0E Valid AppEngine IDs - Developing Scalable Apps with Java
mwY2yO7j10g Email Marketing Advice | Customer Acquisition | App Marketing | Udacity
mxoTNeJ8DJE Validating JSON Quiz - JavaScript Basics
mymLQqlWYAA Downsides of Fixed Width - Mobile Web Development
mzyUXxemF6w Codebase Quiz - JavaScript Design Patterns
n2jeKqJt0OA Predicting 'this' Output (4) - Object-Oriented JavaScript
n6AatCgHmUs User Experience: Locket | UX/UI Design | Product Design | Udacity
n6itx0sfwJQ Tileset Array - HTML5 Game Development
n78fkIboBOs Introducing the AI Product Manager Nanodegree Program
n8l6FCD0Gqk Interview: Be Tofu - JavaScript Design Patterns
n8wygTVQzsg \u5e73\u79fb\u3001\u7f29\u653e\u3001\u89e6\u6478\u3001Ick
n93qG5x_Gy8 \u539f\u578b\u5982\u4f55\u5f71\u54cd\u5185\u5b58\u4e2d\u7684\u6a21\u578b
nC66RocJW_M Camera callback - Mobile Web Development
nDp42jkuDyo BulkInserts w/ContentProvider - Solution - Developing Android Apps
nEk_Bx0FmOw Sarah Changes the Chili Recipe
nFJJrOiuhwI Twitter Solution - Intro to AJAX
nFOBQ-Obt_Q Office Hours 1 - Mobile Web Development
nGdoR55oRdw Today Item on Tablet - Developing Android Apps
nJ_-uiv7eSw Update the Adapter - Developing Android Apps
nKJWSVOdYwE Geolocation sensor - Mobile Web Development
nKWQV2eJysY Differentiate Your Product | Validation | Product Design | Udacity
nNKM4GLBpDg Debug Breakpoints - Developing Android Apps
nNv_hoB51oA Frame Trimming - HTML5 Game Development
nOiG177fxMc Job Titles
nPq0ECXuOpI Columns - Developing Android Apps
nPz3VwOm1zI Deconstructing setTimeout - Object-Oriented JavaScript
nSpdd6JgzhY Property Lookup on Cloned Objects - Object-Oriented JavaScript
nTLyFcJjSmc Prototyping Tool Choices | Medium-Fidelity Prototypes | Rapid Prototyping | Udacity
nUVsbdX7VdM Browser Connections - HTML5 Game Development
nUrnX3b8o4c Refactoring to Consolidate Code - Object-Oriented JavaScript
nZssJIfF66U \u5149\u732a\u516d\u58ee\u58eb
n_uXM-H4OjA Grow your User Base | Launch | App Marketing | Udacity
nkdqakP2Ahk Paul: Prototyping Story | Medium-Fidelity Prototypes | Rapid Prototyping | Udacity
nmXzWGRTFGQ Where Should This Feature Live? - JavaScript Design Patterns
no9x5CY_AZQ Conference Central Project Layout - Developing Scalable Apps with Java
nozbz6J3_4w Client Server Demonstration  - Intro to AJAX
ntKN0ob-y1A Prototyping Tools | Medium-Fidelity Prototypes | Rapid Prototyping | Udacity
nuO6NCXVqec Google AdWords: Campaigns Text | Customer Acquisition | App Marketing | Udacity
nuaFQSETDxQ Defining Customer Terms | App Monetization | Udacity
nuluik0LSLw Building Similar Objects - Object-Oriented JavaScript
nx8wHYRQqLg SQLite Databases - Quiz - Developing Android Apps
nz_nXXJyYS0 Download the Project - Intro to AJAX
oAy4tbBSZEU JUnit testing - Developing Android Apps
oCJH8txf_48 Soft Skills - An important aspect of Career Development
oEGaD9hTATI Elements of a Design Sprint | Design Sprint | Product Design | Udacity
oEiZguy7Plk Google AdWords: Introduction | Customer Acquisition | App Marketing | Udacity
oEuZUAH2D1c Game Engine Integration - HTML5 Game Development
oEz3s8JKjYI Intro to HTML and CSS - Framework version 01
oFOSLa7IPKE JSON - HTML5 Game Development
oF_zqki83cg Activity Lifecycle Recap - Developing Android Apps
oHH4-qgXIvQ Launch Checklist: Building Your Userbase | Launch | App Marketing | Udacity
oJQf6OGzVWs Exploring Timeline Traces - Website Performance Optimization
oJmfedb-BNY InVision Feedback Example | | Medium-Fidelity Prototypes | Rapid Prototyping | Udacity
oLSvsY0PmGM The World - HTML5 Game Development
oOxC72M-4jg Sunshine App UX Mocks - Developing Android Apps
oPmxwAglS78 Audio autoplaying - Mobile Web Development
oTKVrkwXUOs Offscreen canvas - HTML5 Game Development
oUyAZSmgR84 Console Quiz - JavaScript Basics
oW9ly6PYmEM Preferences - Developing Android Apps
o_1EPwXb6ho Specifying the Contact Listener - HTML5 Game Development
oaitg9nRqvc \u7406\u89e3 CSS
oalWxS8Tm4o Ads on Web | Monetization Strategies | App Monetization | Udacity
obR8E9nOwQc Predicting Execution Context Output - Object-Oriented JavaScript
obxW9UkR39k Collision Location - HTML5 Game Development
ocVN2SW8eww User Testing
oe-Wil19ihA CNN's Timeline Trace - Website Performance Optimization
ofhVwbWZKo4 Animation API - Mobile Web Development
ogk0BWC_L-s Development tools - Mobile Web Development
ohw0A_uCaig If Statements Quiz - JavaScript Basics
oimIfkNfSLs Introduce Cat Clicker and Andy  - JavaScript Design Patterns
oj3fKlksjzA Aaron Harris: Being a Founder | Validation | Product Design | Udacity
ok8RAfeI2Rs Turning Weather Notifications On/Off - Developing Android Apps
onP9pnJnE5Y Benefits of Smart Models - JavaScript Design Patterns
onivYb3BJzg Ciclo de Vida do App e Servi\u00e7os
orICx7gVV2c Noam: Social Media Marketing Advice | Launch | App Marketing | Udacity
orhXKXnKz_I Add a Weather w/Location UriBuilder Quiz - Developing Android Apps
osbVxS7Js6c Building an entity - HTML5 Game Development
otqWfl77-iM Handle List Item Click - Developing Android Apps
ou34AKeVDxM Reflections 3  - JavaScript Design Patterns
ouSjMLgKeA8 Center ViewRect - HTML5 Game Development
oyn2MOIEz6Q Why companies are ghosting you during the job search
oz4itBqq62Q Supporting touch - Mobile Web Development
ozS_dxgKaQk Announcing the C++ Nanodegree Program! Learn C++ to code the world's most exciting tech
ozsuxbQQbmQ Conclusion - HTML5 Game Development
p-FwIttqI3A How to make a startup profitable | App Monetization | Udacity
p49L_SLKpHM Geoffrey Moore: Plausible Segmentation | Understand the User | App Marketing | Udacity
p4yDbAnpVxI The Rabbit Hole - HTML5 Game Development
p7G8LoAjL_w Wrap Up
pBUrLwB-F30 Try the Fragment Manager - Developing Android Apps
pBuaelR8nO8 Image formats - HTML5 Game Development
pGVrr3OZyKA Configuring Cron Jobs - Developing Scalable Apps with Java
pHoHEWspcYg A Better Solution - Developing Scalable Apps with Java
pK2iKBRVXjw User Authentication - Developing Scalable Apps with Java
pKtEFNb4cCo ItemClickListener and Toast - Developing Android Apps
pLS5DQuXYiI Crie um Content Provider
pM9dh3Yn32U Strategy Quiz 1 Solution - Responsive Images
pMRPnFgJuiA Udacity Talks Episode 3: Jess Lee | Co-Founder & CEO, Polyvore
pPasQCmIcIo How To Optimize Solution - Developing Scalable Apps with Java
pR_FUCrg_rM Introduction - Object-Oriented JavaScript
pS__CBu0wO8 Fixed vs Device - Mobile Web Development
pSkUkGa95Uk Monetization from the Start | App Monetization | Udacity
pTFN_KLW6a4 Editing Files on GitHub
pV2loxzwFJs Great Work! - Developing Android Apps
pWeDpyBjLcQ Google Analytics | Implement a Monetization Strategy | App Monetization | Udacity
pX2Ijkpanyo Input - Mobile Web Development
pXW2mYCwbqE Twitter Quiz - Intro to AJAX
pYjX1icSNws Wikipedia API - Intro to AJAX
pZ0YeRjAv9Q Retaining Access to Functions - Object-Oriented JavaScript
pZHGUnCgzds Choosing your Market Segment | Understand the User | App Marketing | Udacity
p_WvyNkYO8o Modifying a Feature - JavaScript Design Patterns
p_n6jPJWyzU Flexbox intro - Mobile Web Development
pdHNIawLWcQ calc() Solution - Responsive Images
pdmaTY-IohQ Choosing Keys - Developing Scalable Apps with Java
pkT-kEu1FL8 Testing our Join - Developing Android Apps
pkVad8njQR4 Simula\u00e7\u00f5es de UX para Tablet
plF21WR1ZuE Importance of performance - Mobile Web Development
psIHuAlXw1M Intro to HTML and CSS - Conclusion
pt6lFIBJd9k Property access - Object-Oriented JavaScript
pvN_OqPcdl4 Increasing Capacity - Developing Scalable Apps with Java
pwhlS55p9ug Update one entity - HTML5 Game Development
pyiQD2wZ07g Intro to HTML and CSS - Creating the Project
q1NnkIiPfbs Rebuild Cat Clicker Premium - JavaScript Design Patterns
q28hkdS7yTE Regex validation - Mobile Web Development
q2OBQSY5sVU Introducing the new Monetization Strategy Course from the Growth Product Manager Nanodegree Program!
q2cAe9xXkjM Device orientation and motion - Mobile Web Development
q89Mkp72pSE InsertReadDbTest - Developing Android Apps
q8eSdp09eTw \u539f\u578b\u94fe
qArvFZe_Toc Project Config Files - Developing Scalable Apps with Java
qG5i7ANBcVc App Engine Development Cycle - Developing Scalable Apps with Java
qJLFeLR4KTA Ask a Career Coach: How do I write a good cover letter?
qM8MdpK2gzs Code for Creating Conferences - Developing Scalable Apps with Java
qOHGGVvl0WI Intro to HTML and CSS - Choosing Features
qP1ooOknqFc Merge Conflicts Solution - How to Use Git and GitHub
qRkx-WaDWPg Reality Check - Developing Scalable Apps with Java
qWwIk0Lc09g App Launch Checklist: Social Page | Launch | App Marketing | Udacity
qXlKno6PoWo Developing Technical Skills and Leadership Roles and Vice Versa
q_v76ttAt18 Garbage collector - Mobile Web Development
qdR5B6Pl-ks git diff Revisited - How to Use Git and GitHub
qfHAtPceNHM 3rd Party Content Providers - Developing Android Apps
qgz08-vcmPk Tiled map data - HTML5 Game Development
qifSYo3AUu8 Intro to HTML and CSS - Adding Image in CSS
qiohXG_NFcU How will the text be rendered? - Website Performance Optimization
qj3qot-eujU Cached Tile Draws - HTML5 Game Development
qjEyIpm6D_Q \u5c06 HTML \u8f6c\u6362\u4e3a DOM
qjZORdGpDn8 Off Canvas Visualization Quiz - Responsive Web Design Fundamentals
qkhlWJssuWg \u5b9a\u4e49\u5173\u952e\u5b57 'this'
qkiHKtStbAI Create Some Fake Data - Developing Android Apps
qlOfQ_cUhgM Intro to HTML and CSS - Reading Documentation
qllBFMX61rg INT: Khadir (5)
qpY9nt_vzUE Data Transfer Best Practices - Developing Android Apps
qqxHZ6cAs6k Appcache vs HTTP cache - Mobile Web Development
qrKUVO2jMGc More on Storing Data in Android - Developing Android Apps
qrPoIF6A9gM Loaders s\u00e3o incr\u00edveis
qvqCsT3DzqE What Questions to Ask at the End of an Interview?
qywQBAdiwt8 Possibilities of device access - Mobile Web Development
r-vC3lasXUg Supported Property Types - Developing Scalable Apps with Java
r2BEsaQenKU Dev tools for desktop - Mobile Web Development
r4kVslK2luw Parsing Tiled Output - HTML5 Game Development
r5Gp5rtSt1U Intro to HTML and CSS - Semantic Structure
r5Yb6UguxTs Appending Child Elements - Intro to jQuery
r9G9gY-uES4 Write a Query - Developing Scalable Apps with Java
r9xBKvnz-YI Analyzing performance - Mobile Web Development
rCMrmhbDp6k Cloud Endpoints - Developing Scalable Apps with Java
rETSzcDjkgk Request right image - Mobile Web Development
rFbyf7aZoNg Save Profile Solution - Developing Scalable Apps with Java
rGNwlTpmP0s Welcome to Lesson 4
rGeDTEnRKD8 Add a Task Solution - Developing Scalable Apps with Java
rMzU_sziQN8 Outro - Developing Scalable Apps with Java
rNFBTiBu-OQ instanceof operator - Object-Oriented JavaScript
rNS2m7zTryU What is canvas - HTML5 Game Development
rOHPVUa7CIY .append()ing Arrays Solution - JavaScript Basics
rOMGrCfI1Qw Leveraging Projections Quiz - Developing Android Apps
rON41tJx8Vs Why IndexedDB - Mobile Web Development
rUd1aGHMsmw Reflect On Tracking | Implement a Monetization Strategy | App Monetization | Udacity
rWxf5QnO88I Market Segmentation: Occasional and Cultural | Understand the User | App Marketing | Udacity
rZm5MJ290W0 Viewport Units - Mobile Web Development
rZuke1AYZxk \u5c0f\u7ed3
rayd3lkiLLs Optimizely and Vanity Metrics | Key Business Metrics | Product Design | Udacity
rbvQjUMfiVQ \
rcs63YV6tvs Network usage pattern - Mobile Web Development
rej_9D0J0-o Research The Company
rhpjXCqOlFU Design User Flow Example | Low-Fidelity Prototypes & User Research | Rapid Prototyping | Udacity
ri5K2e7EOzk Adding Images to the App - Developing Android Apps
rmQZSUV35n4 Types of Business Ideas | Product Design | Udacity
rnjKH0XS21E Register for conference in a transaction - Developing Scalable Apps with Java
roDEgKg_g3w Welcome to Lesson 3
rppkUuTKlbg Two Item View Types - Developing Android Apps
rsPuayaIZ9s Product Design Course Introduction | Udacity
rudzzPkViiY Analyzing the Entire CRP in DevTools - Website Performance Optimization
rwelW7MklXw Using Services - Developing Android Apps
rx-TuIrbf1Y Prototype Decisions | Low-Fidelity Prototypes & User Research | Rapid Prototyping | Udacity
rxGrqdTRnKk Continuing Output Predictions - Object-Oriented JavaScript
ryg4f1wATo0 Coding Task on Accessibility - Developing Android Apps
rzZxzedLHKw \
s0_LgpQ9z60 \u7b26\u53f7\u5b57\u7b26
s4csSC-W6P4 Logcat - Developing Android Apps
s4gfRGjm83c Accessibility: Designing for All Users | UX/UI Design | Product Design | Udacity
s8IbyLsfJeQ Intersect 2018 | Panel: Competing with Skills, Winning with Confidence
s8QHeAv4_XE Fireside Chat: Marc Andreessen & Sebastian Thrun
sBjKvpkYYF4 Parse Out the Max Temp - Developing Android Apps
sDcglPBR34Q Setting up Chrome's Dev Tools
sFzdU8Z1Wd8 Tap Target Sizes - Responsive Web Design Fundamentals
sGZ379_8t8k InVision Tutorial: Recap | Medium-Fidelity Prototypes | Rapid Prototyping | Udacity
sGvXn_aMh58 Memory constraint problems - Mobile Web Development
sKMC-KoT-Xc It works! - Developing Android Apps
sP0qnk5fVMc Intro to HTML and CSS - Visual Styling
sTQjKOCZkoY Implement getProfile - Developing Scalable Apps with Java
sU8M2ZajCZE Changing Attributes Solution - Intro to jQuery
sUUiPm7sDyk More camera uses - Mobile Web Development
sV1CSp6g__k Introducing More Sunshine - Developing Android Apps
sW45U3ub6ec Respond to Feedback | Low-Fidelity Prototypes & User Research | Rapid Prototyping | Udacity
sWB3hTKMaqA Competitive Analysis | Understand the User | App Marketing | Udacity
sWoj_1_hS5A Predicting the Value of 'this' - Object-Oriented JavaScript
sXWjiTHIP-k \u65e0\u969c\u788d\u6027
s_eFuGauy6k Setting Up Your Workspace on Mac
saxv3gB-pvs App Marketing | Launch | Lesson Introduction | Udacity
shZGvX5ygyA Constructor Prototype Delegation - Object-Oriented JavaScript
siZQwTkvGjw Identify Desired JSON Attributes - Developing Android Apps
sjYmG00NZSI Touch interaction - Mobile Web Development
smGk0apPH_s Input attributes - Mobile Web Development
snLLTQqoy3o Set viewport width - Mobile Web Development
snm-bPz-EWg The Hooked Model Investments
sravDllA2j0 Design Thinking at Locket | UX/UI Design | Product Design | Udacity
stetldMDE80 Interview with Jeffrey Middleton
suKC8BOAkkk Independent Research Quiz - JavaScript Basics
sv2rVjnYfGQ \u653e\u7f6e\u65b9\u6846
svUwcWCJCns Network aspects - Mobile Web Development
sw5qnv9-pd4 Lifecycle Events Solution - Developing Android Apps
swAoGqBiDNs Deep Learning Nanodegree Program
sz-JcveGIHU Don't do anything - Mobile Web Development
t0OAkGJbcFs Start with high quality - Mobile Web Development
t1P5j7CEmd0 Property Lookup on Cloned Objects - Object-Oriented JavaScript
t2Zv7SY84uo Content Providers - Developing Android Apps
t5GhRW96B5Y JSON Parsing - Developing Android Apps
t5Gthxazjqc More Theory On Cloud Endpoints - Developing Scalable Apps with Java
t6GMcIoCD9Q Staging Area - How to Use Git and GitHub
tAsKvwQnqkE Sunshine Resource Folders - Developing Android Apps
tDGshZfBx5c Atlases vs Spritesheets - HTML5 Game Development
tEKq_tMJ8oY Time to Paint the Page! - Website Performance Optimization
tJ63fBOqFnQ The User Changed their Mind! - Developing Android Apps
tJPuSYLPu4Y Competitor Monetization Methods | Monetization Strategies | App Monetization | Udacity
tJvAsE6UwoQ Can you summarize DOM construction? - Website Performance Optimization
tL_sLYEFZq4 Reflections
tLhKxXs2IMo Wufoo: Growth vs Monetization | App Monetization | Udacity
tPs-kkh3zDA Knockout Views Quiz - JavaScript Design Patterns
tRE9N_SRKfA Validate Stage | Design Sprint | Product Design | Udacity
tSv2KIF7uE4 HTML-CSS-DOM
tVeqqemOzP0 Find an Engineer | Lifelong Prototyping | Rapid Prototyping | Udacity
tWtaDNJs48o Restore Scroll Position on Rotation - Developing Android Apps
tZkyUL22qQA \u6a21\u5f0f - \u5e03\u5c40\u5207\u6362\u5668
tafEFdlHlP4 Brave New World - Developing Scalable Apps with Java
taqdLjqo97w Strategy Quiz 4 Solution - Responsive Images
tbia1AIIoBs SVG \u548c\u6570\u636e URI \u884c\u5185\u56fe\u7247
td_-VroZ1H0 Staging Area Solution - How to Use Git and GitHub
tfOTxMPmZRI Tomer Sharon: What is User Research? | Validation | Product Design | Udacity
tglLnJNHSI4 NVIDIA talks about its supercomputers in self-driving cars
thZ6bl0Tqdk Understand Stage Activities | Design Sprint | Product Design | Udacity
tjAbEFzBJXs Finish the SyncAdapter - Developing Android Apps
tkSSk_xNtLg 3 Reasons to Always Write a Cover Letter | Udacity Career Tip #2
tm8yOSqxZNM Defer Killing Entities - HTML5 Game Development
tqV0X9tYRsw Tracking Success
tusZnNQiNNg Adding a New Feature - JavaScript Design Patterns
tuytnTlNgxc Write the UriMatcher Solution - Developing Android Apps
tvx6imfzAr4 Tile Packet - HTML5 Game Development
tyukkK2TplU Debugging - Intro to AJAX
tzRwmqZA5Gc Udacity Talks Episode 2: Dr. Astro Teller | Captain of Moonshots, X
u-3rbs9ZYvc Flexbox compatibility - Mobile Web Development
u0rfDeaxehc Device pixel ratio - Mobile Web Development
u2ffe4JBNJ8 Implement your changes | Medium-Fidelity Prototypes | Rapid Prototyping | Udacity
u4NhJObSu8k Planning for your game - HTML5 Game Development
u5biy8Zs_sU Kevin Hale Advice | App Monetization | Udacity
u6koIr-EFi4 Finding Views findViewById() - Developing Android Apps
u79oc9q6YHg Using .append() to Build a Page - JavaScript Basics
u8mOD1K2vUE JSON Parsing - Developing Android Apps
uF-EJPevEy8 Adding Additional UI  - JavaScript Design Patterns
uGtwsvHMMJA Diverge Stage | Design Sprint | Product Design | Udacity
uI_dt7VNvLc CRP Wrap Up - Website Performance Optimization
uLjllmTxk4I Paul: Cheap Fast Prototypes | Low-Fidelity Prototypes & User Research | Rapid Prototyping | Udacity
uNZYNw4F5DU Mobile tools for iOS
uOOupBYZeO0 Adaptadores
uOfdOU6HJu4 Capturing User Input - HTML5 Game Development
uUE_BFKcmtU Using Alarms - Developing Android Apps
uUy1YyhWWBk this' in Superclass using 'new' - Object-Oriented JavaScript
uY95SI_EFDg Testing getProfile - Developing Scalable Apps with Java
u_jU9rFonuY \
uc5RQ-F_zAc Game Developer Analytics | Optimize Your Model | App Monetization | Udacity
ucQfcapz6Mk Modify ForecastAdapter - Quiz - Developing Android Apps
ucUVMZDk_fI Optimizing Udacity Career Services
ucz_noHdq7Y Accessibility Basics | UX/UI Design | Product Design | Udacity
udXQzrkHkSw Finishing the FetchWeatherTask - Developing Android Apps
ufCVTowBxoY CRP Metrics Discussion - Website Performance Optimization
um085w9tJ_I Query Restrictions - Developing Scalable Apps with Java
uo2iCZAuNQQ Market Segmentation: Demographic and Geographic | Understand the User | App Marketing | Udacity
uoa2jRazxT4 Refactoring the .move() Method - Object-Oriented JavaScript
uqK6x-5--Mg JavaScript and the CRP - Website Performance Optimization
ur7Re8k7fXA Lewis Anderson, Co-Founder & CEO of Traptic Talks About the Robotics Industry
us_JteQ8jXo Solo Circles | Low-Fidelity Prototypes & User Research | Rapid Prototyping | Udacity
uuk6QGOSO5Q Performance studies - Mobile Web Development
uv5mwH1GRcA Share Intent Solution - Developing Android Apps
uvHVlvJJdeI CRP Diagrams with External CSS - Website Performance Optimization
uvoMPYX7oxw Should You Job Search During the Holidays? | Udacity Career Tip #12
uw-zzc9RXms Creative Loading - HTML5 Game Development
uwM2CkWTzjA Should I Stay or Should I Go? When is a career change right for you?
uy9QBBLGFxY Introduction to Programming Nanodegree Program
uzdDFAWoOhs Animation - HTML5 Game Development
v0HVhyr_K4o What strategies would you try? - Website Performance Optimization
v2A-ndGLY7M Create WeatherProvider - Developing Android Apps
v4WsuNc3inU LinkedIn Basics Part 2: Engagement & Content Creation
v8CGTt5zDQM The Box Revisited
v9mmmKuAsr8 Saving and Viewing Profile - Developing Scalable Apps with Java
vALd3G8NWck Separe de Dispositivos em Grupos
vBBoy0j3sZ8 Intro to HTML and CSS - Boxifying Design
vE1gtWy95gE Classes - HTML5 Game Development
vF6T6Amwqic Ask a Career Coach: Does LinkedIn replace a portfolio site?
vGaXT9foZvM Add ListItem XML - Developing Android Apps
vJBwDUd0LVc Recapitula\u00e7\u00e3o da Li\u00e7\u00e3o 6
vJZEoUvFTdc How to use InVision | Medium-Fidelity Prototypes | Rapid Prototyping | Udacity
vLWssAPX3rg Factory - HTML5 Game Development
vMFxH5zH1Fo The LinkedIn Guide to Getting Interviews without Applying. Part 1: Profile Optimization
vNEW58dMIGs Write a Query - Developing Scalable Apps with Java
vNHbgZYlDu8 Pete Koomen Tells Optimizely A/B Testing Story  | Udacity
vQJ-F4F0Mo0 IndexedDB - Mobile Web Development
vR-obU0CKuo Keyboard Input Manager - HTML5 Game Development
vSzx7W54wFA Inserts with the ContentProvider DELETE - Developing Android Apps
vU0x_ow5B6E Blockchain Developer Nanodegree Program
vXYCXTRxNto Similarities between jQuery and KnockOut - JavaScript Design Patterns
v_67PhxP-PM \u5c0f\u7ed3
veiruOagdkk Cloning and Exploring The Repo Solution - How to Use Git and GitHub
vhSBVX_CEEE What Is the Octopus in Our Code - JavaScript Design Patterns
vhpS07FtSYc Box2d - HTML5 Game Development
vizTFXnKZNs Kick-Start the Job Search: Tips for an Efficient and Successful Search
vkg0v__c-gY How Do I Give a Great Elevator Pitch? | Udacity Career Tip #11
vlHeBfXBN44 How to Find Users | Low-Fidelity Prototypes & User Research | Rapid Prototyping | Udacity
vlNeBT1UyQs Scheduled Synchronization - Developing Android Apps
vpAVswESbkA Introducing Udacity's Java Programming Nanodegree Program!
vpn3pWEA6Vw Fun with Media Queries Solution - Responsive Web Design Fundamentals
vs8B6E0uW_8 Hacking Udacity Quiz - JavaScript Basics
vsWYzc2ZKgM Misses - HTML5 Game Development
vsi9UXj3vjk JUMPING SHIP: Strategies for making a Career Transition
vxcm4-Sh41k Subclass Method Prototype Delegation - Object-Oriented JavaScript
vy91jtfMwaA Start User Research | Low-Fidelity Prototypes & User Research | Rapid Prototyping | Udacity
w0bGCOB_9x4 Intro to HTML and CSS - Intro to making the portfolio page.
w1JOF67Kaew Using Git to View History
w2HlJ3Krf1o Weather Table Columns Solution - Developing Android Apps
w315DXJRcNc Intersect 2018 | Panel: Positive Change and the Power of Data
w4SfARfxo5E Counterintuitive Physics - HTML5 Game Development
w7Q6bHVESsE What is a Prototype? | Low-Fidelity Prototypes & User Research | Rapid Prototyping | Udacity
wB-WOK4MR5s Fast touch events - Mobile Web Development
wBQ5Rp_naGE Predicting Closure Output (2) - Object-Oriented JavaScript
wBTe48CTtV4 Predicting 'this' Output (7) - Object-Oriented JavaScript
wBVkFv-KKAE \u4e3a\u6211\u4eec\u7684\u6e38\u620f\u7f16\u7a0b
wClXAzTFUIY Personas and User Flows | UX/UI Design | Product Design | Udacity
wDYMr4wlZ2I Biography Quiz - JavaScript Basics
wDekH0jP9Fw Reflections 3  - JavaScript Design Patterns
wFOOaEMrHq4 Geoffrey Moore Explains Market Segmentation | Udacity
wFcBSWNJHe0 BulkInserts with the ContentProvider - Developing Android Apps
wGvKMB_7-1E Media queries - Mobile Web Development
wJi9h6eqkE8 Lesson 2 Recap - Developing Android Apps
wKIU0ZQvrmo How to Find Remote Work (Part 1 of 3) | Udacity Career Tip #7
wKJfOCLaWS0 Keyboard Firing - HTML5 Game Development
wLXqntFuqtU Inserts with ContentProvider - Quiz - Developing Android Apps
wSY--R8QN4A Udacity's Data Analysis and Visualization with Power BI Nanodegree Program
wUEKhMGjW5k Otimiza\u00e7\u00e3o de Layouts
wUWzhxcPSOs Custom View Accessibility Solution - Developing Android Apps
wWUhDTY0nNg Visualizing the DOM - Intro to jQuery
wXU2WFG6TzE Startup Introduction: Locket | Udacity
wY9QOaa0N0o Upcoming vibration API - Mobile Web Development
wZxH_BL0A8M Mobile computation - Mobile Web Development
waaPK5T4CEg \u6a21\u5f0f\u4e4b\u95f4\u7684\u5dee\u5f02
wbl92XzEXGA App Marketing | Launch | Lesson Recap | Udacity
wc1r18fXUH8 Outro - Developing Scalable Apps with Java
wclFzZaNKF0 Conclusion - HTML5 Game Development
wdWAQQC_AI8 What we'll be teaching - Mobile Web Development
wdqwEbTNSPs Predicting 'this' Output (2) - Object-Oriented JavaScript
wdvsu5iHL5c Functions Solution - JavaScript Basics
wg94G5zx-jA Conclusion - Object-Oriented JavaScript
wjaNpyWEGUc Network latency - Mobile Web Development
wlsknu8Zspo Setting the Viewport Quiz - Responsive Web Design Fundamentals
wmmtIFTmHEo Internationalize Names Solution - JavaScript Basics
woSgh5YaYH4 Create a User Interface - Developing Android Apps
wpdvOi-uvWc \u6784\u9020\u51fd\u6570\u5c5e\u6027
wqQWSlpAhCQ Projectile onTouch - HTML5 Game Development
wrXqoK4NnuM Initial Scale - Mobile Web Development
wrbvA2rgd3E Killing Entities - HTML5 Game Development
wsdpoa2ZT3M InVision Tutorial: Getting Started | | Medium-Fidelity Prototypes | Rapid Prototyping | Udacity
wwQi2mE6lJM Deconstructing a Flexbox Layout Quiz - Responsive Web Design Fundamentals
x0cbC_iSBnM Nir Eyal: The Morality of Manipulation | Product Design | Udacity
x3uhc5oJeus How to Decide What to Do Next In Your Career? | Udacity Career Tip #15
x8NhiC91BSs Testing Announcements - Developing Scalable Apps with Java
xA0trshK8ps Introducing Intermediate Javascript Nanodegree Program
xAUMgeJBj-c Which screen elements are visible? - Website Performance Optimization
xBcRGKU50nk Click Metrics - JavaScript Basics
xDNhj0c0Ql4 View Quiz - JavaScript Design Patterns
xEZCRJTPcj0 Datastore Dashboard - Developing Scalable Apps with Java
xGawm1aFGBY Drawing Images - HTML5 Game Development
xIOeccZZ-5g \u7b2c\u4e00\u6b65
xJGBAFRonzE Which is Which? Solution - Responsive Web Design Fundamentals
xJRxHweO7JA Modeling Datastore - Developing Scalable Apps with Java
xJsbUW8if5Q Entrepreneur's Mindset: Optimizely | Product Design | Udacity
xL4QWJL0bPU Register the Content Provider Solution - Developing Android Apps
xMrKzn7-KFo Loading Map Data - HTML5 Game Development
xPnoRqqArU4 Como funcionam os Fragments
xPuSj99Gqr8 Javascript Syntax - HTML5 Game Development
xQm1x4IcSYs Key Business Metrics | Key Metrics Lesson Overview | Product Design | Udacity
xSPRu50eafQ AABB Collision - HTML5 Game Development
xUHU3QS5DDY Minimize garbage collection - Mobile Web Development
xVgdWQZ9p6I Building Fluid Designs - Mobile Web Development
xWzr7qTBTEk Introduction to Lesson 4 - Developing Android Apps
xX_JG-gaMJQ Rapid Prototyping | Low-Fidelity Prototypes & User Research | Lesson Outro | Udacity
xe5-dPV2lEk Removing DOM Elements Quiz - Intro to jQuery
xe5zR1nYZag Which is a faster paint? - Website Performance Optimization
xeJCluAVxcQ Bindings and Views in Knockout - JavaScript Design Patterns
xhG5QGMLn9k InVision Tutorial: Make a project  | Medium-Fidelity Prototypes | Rapid Prototyping | Udacity
xhbuetjsXmU \u5bf9\u8c61\u539f\u578b
xjSWu-_5V5s Facebook Example 2 - Intro to AJAX
xjrCwq0Oy9I Filter By Propery - Developing Scalable Apps with Java
xjreE0L1ER8 Query for Conferences to Attend - Developing Scalable Apps with Java
xmJS4r4x8-c Edge Caching - Developing Scalable Apps with Java
xmNxRhNuzqc What is an entity - HTML5 Game Development
xnL0ifWs6xE Ask a Career Coach: How do I start networking?
xnh8a2Neex8 Why We Don't Only Use Fragments - Developing Android Apps
xqXQ7nMpzIk \u6027\u80fd
xsJzPSksa4g Merging on the Command Line - How to Use Git and GitHub
xvBbwVQqDWE \u57fa\u672c\u5a92\u4f53\u67e5\u8be2\u7b80\u4ecb
xvnjkG-jBK0 Predicting 'this' Output (3) - Object-Oriented JavaScript
xwcn8mJuCwQ Use differently sized copies - Mobile Web Development
xwtJxhtrgv0 InVision Tutorial: Rebuild Screens | Medium-Fidelity Prototypes | Rapid Prototyping | Udacity
y0iQ57AvD6w Choosing a Monetization Model
y40D6NPJexw Competition: Wrap-up | Understand the User | App Marketing | Udacity
y5NbZSvn5N8 Intro to HTML and CSS - Page Structure
yC1zhPDCpPA For Loops Solution - JavaScript Basics
yDY9j85pwx8 Introduction - Developing Scalable Apps with Java
yF59R8iGsF4 Input in old browsers - Mobile Web Development
yGMMTxl_vho Activity Termination Solution - Developing Android Apps
yJyfGi4YexI Decide Stage | Design Sprint | Product Design | Udacity
yKHWScKxZ2s Checking for Compatibility - HTML5 Game Development
yKfomMEAjRQ Fun with Media Queries Quiz - Responsive Web Design Fundamentals
yKtfkd_7SKQ Implement getProfile - Developing Scalable Apps with Java
yKvyfqc5Gyw Predicting 'this' Output (6) - Object-Oriented JavaScript
yNE0g0Be5Ng Andy's Reflections 2 - JavaScript Design Patterns
yP73DudfrNg The Perfect Solution - Developing Scalable Apps with Java
yQ4jOiz1FFM Conclusion - HTML5 Game Development
yQ5Tysw36YA Making a Branch Solution - How to Use Git and GitHub
yRCrGT5o_lo InVision Tutorial: Sign up  | Medium-Fidelity Prototypes | Rapid Prototyping | Udacity
yToM9OU88Ls Functional shared patterns - Object-Oriented JavaScript
yUQPBMT3CQU Translate API - Developing Scalable Apps with Java
yWoeQyPzUqk Analyzing network use - Mobile Web Development
yXH8e65-NgA Strategy Quiz 3 - Responsive Images
yZG3uylRqEs Separate Desktop and Mobile - Mobile Web Development
y_YKHXuJ-ak Creating a Concept Map
ybfOoXjrOgc Career Management: 18 Steps towards Empowerment
yeRiFE2sRyc Intro to HTML and CSS - Exploring the Web
ygbeVfmAVrQ Setting up All Other Models
ygnb6z5uujY Image Optimization Environment - Responsive Images
yhNYuLbrc8w Computed Observables in Practice - JavaScript Design Patterns
yhUWZpN7KCM Wrapping Up Transactions - Developing Scalable Apps with Java
yhfyIY4Fc1s Lifecycle Events - Developing Android Apps
yidgjQIMWag Why Use jQuery? Quiz - Intro to jQuery
yl5ca8fDLLY Learn probabilistic robotics algorithms in the Robotics Software Engineer Nanodegree Program
ylt0YK1db7o Khadir: Teespring Introduction | Monetization Strategies | App Monetization | Udacity
ymhXIfT8vuk Paul: User Testing Story | Lifelong Prototyping | Rapid Prototyping | Udacity
ynDbwLvV-EM InVision Tutorial: Wrap Up | Medium-Fidelity Prototypes | Rapid Prototyping | Udacity
ynL0pIK0kVE Properties of a VCS for Code - How to Use Git and GitHub
yndvDlF_Pdg Nir Eyal on Good Product Notifications | UX/UI Design | Product Design | Udacity
yxx8u6p-bL0 Read/Write from Location Table Solution - Developing Android Apps
yynDxu43pSM Use SharedPreferences Solution - Developing Android Apps
yzclaa-8Moo Audio input - Mobile Web Development
yzzLtEHZ10E \u9879\u76ee\u7b80\u4ecb
z-5A0hAm8mE \u4f7f\u7528 Object.create()
z-EKjPWHuvU Cameron Analyzes Example 2 - Website Performance Optimization
z2JPg6hrH1U Fixed viewport width - Mobile Web Development
z2adNFCxqFE Implement Location and Location_ID - Developing Android Apps
z36Y52uwvuU Lesson 3 Recap - Developing Android Apps
z82RMSWtEa0 The Cell Radio - Developing Android Apps
z8WHkKxxcF8 Intro to GitHub
z9-wSkvRfK0 Analyze Another Product | UX/UI Design | Product Design | Udacity
zCyltK3CM8Y Physics Engine API - HTML5 Game Development
zED3JWQI0KY Scaling Settings - Developing Scalable Apps with Java
zFtFuFXlyNg Deep Dive Into Map Data - HTML5 Game Development
zIKkLp6-KU0 Update Map Intent - Solution - Developing Android Apps
zL59jT88lmw Introduction to Classes - Object-Oriented JavaScript
zMQ7kU9KQp4 Planning the Design Sprint | Design Sprint | Product Design | Udacity
zMw749sZTRk Screen Size for Mobile - Mobile Web Development
zNLO2KGBPDM Responsive Tables - Hidden Columns - Responsive Web Design Fundamentals
zNXiqfxzzw8 Intro to HTML and CSS - Applying Bootstrap Grid System
zPFKeRjOz90 Fixed Width - Mobile Web Development
zPIP_hBUQjc Device Width - Mobile Web Development
zPQC1HsTkBA Change to pointers - Mobile Web Development
zS0KCqUp2aw Planning for your game - HTML5 Game Development
zYAyfol_MDU Predicting Parameter Output (2) - Object-Oriented JavaScript
zZxT26Z6zeY Ask a Career Coach: Martin McGovern
z_1y3PBiw-k Challenges in Monetization | App Monetization | Udacity
zalmrqK7qtc Refresh Button - Developing Android Apps
zamWkGAq9eY Product Design | UX and UI Design | Course Map Revisited | Udacity
zc9DG8h2XCE Create a Winning Job Search Strategy while Social Distancing
zcDNbL03t58 Batches - HTML5 Game Development
ziDPaSV9mP0 Examining the New Repository Solution - How to Use Git and GitHub
zicXoc4KhJw Storytime: Android Distribution Platform - Developing Android Apps
zjj7zgttSZo Monetizing a Commerce Site | Monetization Strategies | App Monetization | Udacity
zk5LxYcZdPM Conflicting Changes
zm1LCpCA39Y Dynamic Filters - Developing Scalable Apps with Java
zm7iFVg7t_8 Ask a Career Coach
zmycLgiLIFI Finish - Intro to AJAX
znSVXH4IS5c What Method Did You Use? - JavaScript Design Patterns
zq8ldj6pi1o Adding Internet Permission - Developing Android Apps
zrpkdHVSG-0 Manual Commits in Git
zumYa-gC0BI Types of Market Segmentation: Behavioral and Psychographic | Udacity
zzH5az64nuc App Marketing | Understand the User|  Lesson 1 Recap | Udacity
