--G_2UZgQNo Minecraft HIDE & SEEK mit Rewi [Cam]
--gpcrBVVFI RAGE PUR! | Amazing Thief
-00T7enB-HE ICH WERDE DUMM
-48kbk4qweo WICHS-STORIES und MAGISCHE MIESMUSCHEL! - WAHR oder FALSCH #4
-4PjgvkWLdQ Ich HASSE Battlefield 1 Ì†ΩÌ∏†Ì†ΩÌ¥´
-4Rq09WDFGg WARPS SETZEN | Minecraft Commands #38 | ConCrafter
-55cmaKiPTE HE'S ABLE TO DO THIS ?!
-5YsK9xdZ0Y HILFE, DIE LOHEN KOMMEEEEN! | Minecraft CAPTIVE #11
-6eChJdhwrc KRASSE SHADER CHALLENGE
-7-ZVqfHTa8 ICH BIN IRON MAN! | Disney Infinity
-Bnu5MStyHg VERHUNGERT BALOU ???
-C73Nh0GxxU OMG - LIVINGMETAL GIANT SWORD! mit Dner | Minecraft HERO #36
-CJa3Jh6ODg Ì†ΩÌ∏Ñ DUMME WORTSPIELE
-CLvIHfpMHU MEIN BABY
-CuQo4FRxvs Ì†ΩÌ≤¶ UNTER WASSER CHALLENGE
-HIXONWUirQ Sie muss die Insel VERLASSEN Ì†ΩÌ∏±
-HM7DCn_OJk ICH KANN NICHTS Ì†ΩÌ∏¢
-J9KDZiLArc Diese Menschen hatten HEFTIGES GL‡∑åK
-LJKSWGcQ_E MINECRAFT UNCON PVP SHOW [Cam] - MineWar
-MExZxklqek Minecraft: Die Together Show - Episode 48 - Spotify!
-MP16fxse18 Meine iPhone X Apps Ì†ΩÌ≥±
-NDAe_T3pSA Ich werde DAILY VLOGGER !? Ì†ΩÌ∏èÌ†ΩÌ¥•
-NYROYPEc58 Beef mit Inscope21 !?
-ODWwdkymYk Pizza backen OHNE Rezept Ì†ºÌΩï
-PSNHuTDHPc Minecraft: Echelon! (Texture Pack Spotlight)
-Q0piB9joU8 Luca wandert mit ALPAKAS
-Q2RNag2yW8 Chinesisch essen gehen! | ConCrafter
-QCzZPO_DTA MASTER BUILDERS CHAMPION
-RjXEBGG94s Minecraft MUTANT ENDERMAN MOD
-SPEOYhqREg Minecraft HUNGER GAMES [Cam] - FERIEN!
-SSXnurVb84 Pok√©mon GO im AUTO
-U0vD_ZiFYM Minecraft: Die Together Show - Episode 60 - TheNodop verbreitet Unruhe! :D
-UKn7U0jX80 Ich verkleide mich als KATZE | NERVE-Challenge 2/9 | #WatcherOrPlayer
-UZApD2e02E Ich spende TIKTOK Streamern GELD
-X_pqCuOuTc LUSTIGE GOOGLE BEWERTUNGEN Ì†ΩÌ∏Ç
-YNP_RiGdvg BITCH SIMULATOR
-Z1FAEBsuNY ES KOMMT RAUS... Ì†ΩÌ∏∞
-_K1SDUB2Eo WER HAT DAS EINGEREICHT ???
-_hzEGMo0Pk NICHT LACHEN 3.0
-afUktM6oUY PewDieBot guckt meine Videos !!
-b2dedZJpdY Minecraft SUPER CRAFT BROS: BRAWL #2 - PVP-Mini-Game - German
-bnMDLtsNyk DAS KANN NICHT WAHR SEIN! | Happy Wheels
-bnUTD2rCaw ICH BIN KOCH Ì†ΩÌ∏Ç
-boQ0cWOUiU sorry, ich putz hier nur
-cK8FvFHJcE Minecraft MineZ #2 - Rumtrollen mit Ungespielt
-c_SpnHo8GM Minecraft FAR CRY 3
-ejg1q-KHrU RAUB BEI ZOMBEY?!
-eu_19R0u5U Mein Kanal vor 5 JAHREN
-hlKAUGz8Jc DUMME Instagram Kommentare
-i69KM4ETUc Dieses Spiel trollt mich...
-i7ZtglBeno Minecraft: Die Together Show - Episode 8 - Meinungen Ô≤ær PietSmittie!
-iC3aS5R1-o ICH BIN EINE BANANE
-jaSC3QoYTQ MACH ES ... oder du stirbst!
-jwdtGZfiys JUMP, IF YOU DARE
-jxt4UhRjoU DAS KLEINSTE SKATEBOARD DER WELT Ì†ΩÌ∏± ( Mini Finger Board )
-nOC7K6THPI iPhone im 10‚Ç¨ Ì≤ærraschungspaket Ì†ΩÌ∏ßÌ†ΩÌ∏ç
-onGEs00UsU MINECRAFT SEEDS: 5 Ravines & 2 NPC Villages! (1.2.5 Seed Showcase)
-pIjQN4ayFQ Luca reagiert auf ‚ÄûHilf Mir!‚Äú - Pissy LJ ist zur‡øåk !!!
-rXYHpybim4 BLITZE und FEUER SCHWERT! | Minecraft GALAXY #25
-rjCTVdO2IA WITZIGSTES VIDEO EVER 2.0 Ì†ΩÌ∏Ç
-t-TzhlOOOE EIN BALLON IN MINECRAFT ???
-t5GJ6gfVPo WARNUNG: BRUTALES SPIEL
-xfKIFvbQ7E WAHRHEIT oder EKEL-SHOT Ì†æÌ¥¢ (Challenge)
-yN5must6Gg Kinderserien-Intros erraten mit SANDRA #2
-zbF1_xEfAI Wo ist DIESER Ort ‚ÅâÔ∏è (mit Rezo)
0-7AP3aHxHQ Minecraft TOGETHER SHOW #70 - ENDERCHEST + AMBOS!
0-ztKlWnndQ TIM GREIFT AN | Minecraft HERO #104
00cnFSwkZTg Minecraft mit meiner FREUNDIN
020EiJcp6WM Minecraft THE HEROBRINE #1 - Feed The Beast mit Ungespielt...
02Q5LRGZY-s THE DUMBEST ANSWERS
02cbK3fh7yc So macht das keinen Spa√ü...
05QTkhUDriU GL‡∑åKSRAD CHALLENGE Ì†ΩÌ∏ÇÌ†ºÌΩï
0CGR2JF-kXQ OMEGLE MIT FANS
0HlNnrCbdMU LAVA-TEPPICH! - #42 - Minecraft Feed The Beast
0Jk2vjIA00Y Minecraft: The Dropper - Episode 1 - Fallen mit MinecraftPG5!
0K6lmwpII88 YOUTUBE HASST MICH
0L-ZjBb6ir0 Meine MUTTER beantwortet FRAGEN Ô≤ær MICH
0Ncfvm3yOLE UNSTERBLICHE BOOTE! | Minecraft Facts #2
0P4jztsEMSQ BESTES INTRO EVER! | Minecraft CAPTIVE 2 #1 | ConCrafter
0RPP-jtLY50 KAZOO
0S4mJ6S2LO8 LUCA REAGIERT AUF DIE LUCREW
0StBO28s6RQ THE LUCA QUIZ
0TzvUbPYuuc Minecraft AUTOMATIC DISPENSER!
0X_V5ORljWY Die GNTM 2020 Kandidatinnen Ì†ΩÌ∏Ç
0YC_MbCVyd8 Minecraft 1.5.1 Seeds: 2 SPAWNER IN 1!!
0YNxeSrdRFI DIESES SPIEL T√ñTET MEINE AUGEN
0YptfEhCLoE DIE LUSTIGSTEN AMAZON FAILS
0ZKOSZhwfcU Kommentare zu meinem K√ñRPER
0ZWhyxwVeXc [+18] 50 / 50 CHALLENGE
0ZtoSsXcRTQ INSELREPARATUR 4.0
0_TsxUhcjpE Minecraft SMASH #1 - PVP-Mini-Game - German
0aawfF2Su3E Minecraft: Die Together Show - Episode 61 - Konkurrenz unter Kollegen!
0dCUAocgKHA CHAOS TRILOGIE 1/3 | Minecraft WALDLEBEN #9 mit HerrBergmann & Kedos
0e647bL6RqQ MINECRAFT HEAD SOCCER
0el0rj667Bk Mein Statement zu ViscaBarca
0fw5aVAfvsw LUCA MACHT ALLES
0hgk-QYtB3w The BEST Mannequin Challenges !! Ì†ΩÌ∏±Ì†ΩÌ∏Ç
0i0yp6JBm5A LUCA reagiert auf LUCA MEMES
0ifrdfjcIAc Minecraft Seeds: Temple, Spawner & Extreme Hills! (1.3.2 Seed Showcase)
0m-B-2n6oZE Minecraft SKY DEN #5 (Modded Survival Map) - 1. QUEST!!
0mLgamRU9Yw Video mit meiner SCHWESTER
0msPHvtUYDc 58 DIAMANTEN AM SPAWN
0oSYU4KK9YM Ich habe ein DATE Ì†æÌ¥£
0rFS4eH2LTs Dieses Spiel ist BESCHEUERT
0rhbWvNiE00 KEDOS IST EIN PROFI | Minecraft Ender Games
0syzFhtUjV4 Wof√ºr entscheidest DU dich ?!
0vrMT58tg1s Das WITZIGSTE SPIEL aller ZEITEN
0wApNxvSHKs REWI'S HAUS ZERST√ñRT!? [CAM] - Minecraft MEGA PROJEKT #110 | ConCrafter
0wH17s4Pn4w Minecraft: Desert Wasteland - Episode 2 - B√ÑUME B√ÑUME B√ÑUME!
0yDTogLWjq4 Minecraft 1.6 - Tropicraft Mod!
0zDByRMlHfo DAS H√ÑTTE SIE NICHT TUN SOLLEN
1-HQQjnXgWY Wo bleibt Minecraft?
105YX2fRP4E NICHT LACHEN 4.0
10Txp7MS0mk EVERYDAY MONDAY (Parodie)
10tpTaqBrXc DIE D√úMMSTEN ANMACHSPR‡∑åHE
11HmkFKyU9M Ein neuer SINGLE kommt auf die INSEL Ì†ΩÌ∏±
11k24P0txXo Luca reagiert auf UNGE'S HAUS Ì†ΩÌ∏±
11mIHpiT_YY Minecraft 1.3 Neuerungen
12ew9mZrC9Y UNGLAUBLICH GEILER SPIELMODUS! | Minecraft MARIO KART mit Peterle
130YEPZxMvk Unglaubliche KUCHEN, die wie ECHTE Objekte aussehen!
13Bxt3RmCyA MEIN NEUER MINECRAFT ACCOUNT
13HhJgb1NGg DANKE DAF√úR Ì†ΩÌ∞å
13NcUP5dRkM ICH WERDE 2 X GETROLLT!! :'D [CAM] - Minecraft MEGA PROJEKT #107 | ConCrafter
13kHBYobuZU OMG, DSCHUNGEL !!!
15o1m2T8mAM The DUMBEST Amazon Products
17hKRH0bJq0 SIE WAR NICHT BEGEISTERT
17qL7WjSpbU ICH RASTE AUS %{¬ß\
1BwjgtXOH2Y Minecraft 1.8 Seeds: SPAWNER in TEMPLE!!
1CvCIoozoUs Minecraft in VR
1DR54pwx91I wie DUMM kann man SEIN ?!
1DSmQpz25GM Das Reiche Leben von ConCrafter
1GkoXRB0HBM Minecraft TWILIGHT FOREST #6 - Let's Battle mit LPmitKev & ConCrafter
1HboZZurc_U minecraft ist realistischer als das echte leben
1HxEDU5q1GQ ICH T√ñTE KEVIN
1JdK_haZG88 OMG! DIA FAIL! AHHH!! - Minecraft MEGA PROJEKT #42 [CAM/Deutsch/HD] (ConCrafter)
1JlM6rzVA44 Let's BATTLE Minecraft #3/3 - EPIC FINALE!
1K1ivao8DBE Die ersten Schneeflocken! | ConCrafter
1MAzwSfS3Bw Diese Werbungen sind VERBOTEN
1Mu52deK0go FACESWAP WITH MYSELF
1NLmYGF9Ggo Mein Ei SCHL√úPFT Ì†ΩÌ∞£Ì†ΩÌ∏± (Vlog)
1OjwJlzsq4Q Meine Reaktion auf BTS
1QXNvnOCpZs WAS MACHT ER DA ?!
1Qk3JqJF6oo Tsch√ºss!
1R9lfJXAkoU √Ñhm...
1T02xPxIc8Y TIKTOK STREAMERN GELD SPENDEN
1TTy-aA5i4M HEROBRINE IN TONSPUR ENTDECKT! | Minecraft Facts #56 | ConCrafter
1TqB1m36jLs VIDEO WITHOUT FACECAM
1XuHEPsSB9g FIFA 13 Ultimate Team #7 - ENDLICH MAL WIEDER (GUTES SPIEL)!!
1Z8SsNY45Q4 MEIN AUSZUG... | Minecraft HERO #27
1bdw2vGjMFg Wir gehen in eine VERLASSENE VILLA
1bliVhSzmiI Minecraft 1.8 Seeds: Spawn next to NPC, Jungle, BIG CAVE!!!
1kUtcqoHgxQ MEGA KNAPPES GAME... | Minecraft Syndicate Games
1lkI0QRnWzM EBAY CHAT FAILS
1p3brbYE95E Minecraft TOGETHER SHOW #71 - UNGESPIELT!
1qnPtEm5IcU MINIONS COMMAND! | Minecraft Commands #32
1s7rWyhL99A Minecraft: Desert Wasteland - Episode 4 - FIFA 13 vs PES!!
1tMQY4y_ZJs WARUM TUT ER DAS !?
1tjdtrIySlI DAS UNIVERSUM! | Minecraft Facts #60 | ConCrafter
1twSWApjp20 Wir haben UNS SELBST in SIMS erstellt und DAS kam dabei raus...
1ux31OuS3AQ was ist mit dem mÓìúhen ?!
1v2HTl6AyQw Minecraft: Die Together Show - Episode 23 - H√∂hlen-Adventure!
1w_UbiWEt_o Ì†ΩÌ≥¶ FANPOST AUSPACKEN mit Luca
2-j4qZHW6zo WTF
202kiYrBtBE Minecraft-COMMUNITY?! - #49 - Minecraft Feed The Beast
20MA-G0oGJ4 ICH VERLAUFE MICH
21ONRqaaBwA DUBSTEP CREEPER! mit Dner | Minecraft HERO #18
21cnsNBDCXs NICHTS FUNKTIONIERT
2344K8yX9RY Kennt der AKINATOR meinen *****?!
23MR9feLUHg DAS IST UNM√ñGLICH
24rX0PsIZFA Minecraft LOST #10 - EPISCHE H√ñHLE! (Beta 1.7)
25nG-qIj0do WIR GEWINNEN 18 MILLIONEN EURO ???
25oCV0nbexs AMONG US FAILS
27WZeB9WIio DER UNTERWASSER TUNNEL
28VItpCO65g DIESE APP VER√ÑNDERT DICH ...
292sOLYQeac MEINE VILLA NIMMT FORM AN
29v69XXhR_M ICH BAUE EINEN SEE
2At-qOvHY5A Typisch Instagram! | ConCrafter
2CAHdraKLyQ YOUTUBE TRENDS
2GBRrc8seyY Nie wieder ConCrafter...
2GGYjvFUaX0 ATOM REAKTOR von Dner! :( - Minecraft MEGA PROJEKT #31 [CAM/Deutsch/HD] (ConCrafter)
2HlPlfMcX3A Minecraft: LOST - Episode 5 - FACEBOOK-FRAGE-RUNDE!!! (Beta 1.5)
2J8bX8p-JBc MINECRAFT ZEIT STOPPEN! | Minecraft Commands #21 | ConCrafter
2JDJFg56ySU 11 Facts You Should Not Know...
2L4sUBvxfcc Minecraft SLENDER [CAM] [COMMUNITY EVENT]
2LRCPPzdMlc Wie oft werden BR√úSTE gegooglet !?
2LaHBO-mRuc GODZILLA IN MINECRAFT
2Sl58UO1ub4 HE KILLS THE UKULELE
2TqLVqhQueo FIGHT im KEDOS CAVE | Minecraft HERO #79
2UKXDgDgplg MEGA ZUFALL auf Omegle
2V1nvUFg5Ic I \
2WQesoy_Sb0 MINECRAFT WELT GR√ñ‡∑æR ALS ERDE! | Minecraft Facts #58 | ConCrafter
2XiUBF-0Eqs Minecraft TOGETHER SHOW #67 - Warum kein Gast?
2YUhBMVv3B0 WAL SIMULATOR
2_fZCA-rIFI 20 Gaming Fakten Ô≤ær mich! | ConCrafter
2cVEqqUaKKg DIE 2. ETAGE MEINER VILLA
2fv4hX1w9Cc Mein BIBI Adventskalender Ì†ΩÌ∏±
2hZj7DffvTw Meine Reaktion auf \
2hiPoVMePeM Minecraft: GBE #4 - AHHHHHHHHH!!
2hlSf3T0Hsk DON'T LOOK AWAY
2i7tVs-6m00 Meine neue KATZE Ì†ΩÌ∞±
2i_455Z0pD0 IKEA Wortwitze Challenge
2jkr3aPvUGA Minecraft MCPVP TROLL GAMES mit ZERONIKHD
2k8e54QUy-c †ÇæISW√úRFEL Challenge ‚ùÑÔ∏èÌ†ΩÌ∏± | MAUZ #3
2kE1wHyRckk ENDLICH !!!
2kN1YYJhFw8 Diese Knete LEUCHTET im DUNKELN !! Ì†ΩÌ∏±
2nddbYpDsbk ICH BIN EIN BROT Ì†ºÌΩû
2oibMFhtzXk Fan hat 133.300‚Ç¨ f√ºr meine UNTERHOSE bei EBAY geboten...
2ozo4Umc-Io Minecraft 1.8 Seeds: 22 DIAMONDS in Temple!
2pdok9dNH7U Enttarnt!!!! :OOO - Minecraft MEGA PROJEKT #45 [CAM/Deutsch/HD] (ConCrafter)
2qGaFQgwUF0 Minecraft 1.6 - TIME CONTROL REMOTE MOD!
2s2KzWUiqsI NICHT ANKLICKEN !!!
2sRBzYH3SPo F%CK GOAT SIMULATOR
2utfbYvNmdE MINECRAFT AGAR.IO SERVER
2xXQM0Wwug8 BESTER AGARIO SERVER
2zfiOFFNm3c SKATEBOARD STUNT GONE WRONG
30aDTol5q6w MEGA FAIL: 15 Generator gecraftet!! - Minecraft MEGA PROJEKT #32 [CAM/Deutsch/HD] (ConCrafter)
328c7bO7UHQ MINECRAFT IN BRUTAL
34DeDFYJhu8 Ich teste ekligen SCHLEIM Ì†æÌ¥¢
34h9lUI4ECk K√úRBISSE SCHNITZEN MIT JULE
34k6DHpFTkM Ich werde GETROLLT! ._. - Minecraft MEGA PROJEKT #35 [CAM/Deutsch/HD] (ConCrafter)
35Z8G9qGueQ The BEST Super Mario Run Player !! Ì†ΩÌ∏ÇÌ†ΩÌ∏Ç
369MEk2n2QI LANGWEILIGSTES SPIEL EVER
36nUhsTUuiE The BEST Pok√©mon GO Player
36oKt1K8Ekw MEINE ERSTEN DIAMANTEN
39iSPn7q31s The Survival Games 2 #1 - Minecraft Adventures
3Abd7Ob9smo was gerade los ist
3C2S7IbB7eU BA DUM TS! - #40 - Minecraft Feed The Beast
3Cf1JGZ1mSY Happy Wheels - Episode 5 - Luca-Limbo!
3D3_QZVBanI SOLAR ENERGIE, jaaaa!! - Minecraft MEGA PROJEKT #29 [Deutsch/HD] (ConCrafter)
3DMSZF9Hm7M Ich habe mir eine 5.800 ‚Ç¨ Jacke von GUCCI bestellt und DAS kam dabei raus...
3Dn9TtFCK5s Luca reagiert auf Apored im Knast
3GOThVVGrCY DURCH GLAS SCHIE‡∑æN! | Minecraft Facts #49 | ConCrafter
3HLZ0cGfo7g Diese geheime Funktion ZERST√ñRT Google
3HxEDJwuM28 DIE D√úMMSTEN TIKTOKS 2021
3IOBuskkcyw HAHA - DNER GANZE ZEIT VERARSCHT | Minecraft HERO #40
3IvixggyPFU KEV ERSCHRECKEN, trololol! :D - Minecraft MEGA PROJEKT #26 [CAM/Deutsch/HD] (ConCrafter)
3KOPV3NF9VQ 92% versagen bei diesem TEST
3MUzGBrebxo *)?!B=/Ub\
3O8IFBnzvNc DIE ZAUBERINSEL
3P64fAtfZuo Minecraft TOGETHER SHOW #72 - Ungespielt trollen :)
3QFMAm77Ny4 YOLO-CHAOS IM NETHER! | Minecraft CAPTIVE #9
3RgW7SObrSw WARUM TUE ICH MIR DAS AN !? Ì†ΩÌ∏´ (\
3TKloJdnYUI Ich mache eine WELTREISE Ì†ºÌºç
3XRph8mo2JU ALLEIN IN NEW YORK!
3XTkMsbmEcI Neues Musik Video :) - Info von ConCrafter yeah!
3XfNU7c1PIg MINECRAFT CRAP
3_2LcOc5-dA MEIN AUTO
3_IUybjtPes Minecraft FURNITURE MOD
3aE41Y9ssio Jelly Beans in MIXER Ì†ΩÌ∏± (Ekelhaft) Ì†æÌ¥¢
3fv3pumoFzw HUNDE FAMILIE! mit Taddl | Minecraft HERO #7
3hQKIK0CRyA Ì†ΩÌ∏® OPTISCHE ILLUSIONEN Ì†ΩÌ∏®
3haSaKcSSXg Ì≤æRLEBEN wir den ANGRIFF!? | Minecraft Bedwars | ConCrafter
3iyifQVH7ZI Ì†ΩÌ∏´ Ich mache einen IDIOTENTEST
3p2OHT7vSIc VARO 3 #4 | 10 SPIELER AUF DEM SERVER
3qMH3ABDQ8g Minecraft: The Walls 2 #3 - Rmpf.
3rDT6kE_dQ0 SIMON DESUE muss gestoppt werden...
3rjXoW67F5g DIE BESTEN EBAY FAILS 2021
3ssWRrirzzs NEEEIIIIN! RAAAWR!!! | Minecraft GAME V #4 mit GommeHD
3uN4BtMY9qs Kinder beleidigen Luca
3vtHb9Ec2qA POKEMON IN 3D
3x98u5Ywko0 Was wird h√§ufiger GEGOOGLET !?
3yHd9Q4yDx4 MINECRAFT SEEDS: Stronghold, Mob Spawner and Village! (1.2.5 Seed Showcase)
3ykw0U7LRVQ Du ahnst nicht, was uns passiert ist . . .
3z2S6ltLjuM 2 PLAYER HARDCORE BEDWARS CHALLENGE!
3zD_J6CkKjM HEXENTURM & LUFTBALLON! - Minecraft MEGA PROJEKT #17 [Deutsch/HD] (ConCrafter)
4-ml4ux92Zw MEIN NEUES AUTO
40hrNtPTvJ4 This guy drives like no other... Ì†ΩÌ∏ÇÌ†ΩÌ∏Ç
42CJ5Vr5lPM Happy Wheels - Episode 12 - Penis, hihi!
44EZJaJXUC4 MILEY CYRUS Twerking & Druck auf STARS/YOUTUBER - Minecraft HIDE & SEEK | ConCrafter
45YeOL262uk LUFT ANHALTEN = KEINE GUTE IDEE! | Minecraft CAPTIVE 3 #7
481aDasGUfk Deutsche Rapper OHNE Autotune Ì†ΩÌ∏≥
48edIAHE8PQ MINECRAFT UNCON PVP SHOW - MineWar
49RWz4CtoOY Instagram DMs von meiner Freundin & Schwester lesen
4AO3_FvnFGI AirPods Pro MEMES
4Cauh2CSuxc WHATSAPP FAILS 3.0
4CjFg0rar9c Minecraft: LOST - Episode 6 - Tod. (Beta 1.5)
4CjWFquCBKs OMG OMG OMG OMG | Minecraft HERO #55
4G51u4tZfEQ Minecraft: T3C Parkour #029 - Ich hab einfach kein Skill beim Springen
4Ic8F2SLelo Meine Reaktion auf JODEL
4KQgw9lgU_M \
4M3b3sprREw 1, 2 oder 3 !?
4NKs83PSwD4 Ich teste das NEUESTE Fast Food von McDonald's Ì†ºÌΩüÌ†ºÌΩî
4PSqJUG-uSc Die GNTM 2022 Kandidatinnen Ì†ΩÌ∏±
4Q9lKY9Mk3w BESTES *FIDGET SPINNER* SPIEL
4RIb8Y_bDy8 Meine Reaktion auf HOBBY HORSING
4RRILZOf63A WARUM DIESE FRAGE ???
4TGjDuAxoT0 DRAMATISCHES ENDE! | Minecraft CAPTIVE 2 #30 | ConCrafter
4Tz0D6Gq__Y Diese Wunderbeere ver√§ndert deinen GESCHMACK Ì†ºÌºàÌ†ºÌΩá (Miracle Berries)
4TzkbuTN0XQ NICHT LACHEN
4US4sECyhWo WIR ENTDECKEN UNSERE WELT
4VIjE6xHLQ0 DIE LUSTIGSTEN FAKE MARKEN
4WqzoMOeS9Y Minecraft 1.8 Seeds [CAM]: STRONGHOLD, 11 DIAMONDS & RAVINE!
4XZH-kwNyHY WELTREKORD! | Pako Car Chase
4Y6zaDSHx84 Reaktionen zur LUCA PIZZA 3
4YJ4sNvJzB8 CRAZY GHAST SOUNDS! | Minecraft Facts #1
4_67jifqNyc dieses mÓìúhen ist ultra komisch...
4_i6189TH-U MAUZ
4aK_OTfh9-o Wir machen einen ROADTRIP
4aPak9U7h9s MARIO PARKOUR! | Minecraft GAME V #6 mit GommeHD
4b-i2uxo8co Sie bekommen die PRIVATE SUITE Ì†ΩÌ∏±
4dm1-_Ujb9w GANZES DORF SPAWNEN! | Minecraft Facts #47 | ConCrafter
4ekmASCdh9A HILF MIR
4gmfsV9X8Do ICH. RETTE. MENSCHEN.
4h0gKOQEP-g Ich zeige euch mein HAUS
4h638YWaPQA WALKER KING KAMPF | Minecraft HERO #48
4irz1IoQ5lk SIE HABEN EIN DATE !!! Ì†ΩÌ∏± (mit Eyetracker)
4k152EitK_A Meine Reaktion auf TOURETTE
4kxJanvtWpA 5 SEKUNDEN HORROR SPIEL
4qImewPivn8 Ich spiele ein KINDERSPIEL
4sLodXiQZXQ So nimmt ConCrafter auf! - Part 1/2
4tBOdL4aEpU EIN NEUES MONSTER ‚Ä¶
4tSJYwrMkik VERSUCHE NICHT ZU WEINEN
4v6iOWn5bIA BERTA & BERTRAM! - #33 - Minecraft Feed The Beast
4xKws4mRy-o ITEMS WIEDER :) mit Dner & Tim! - #67 - Minecraft MEGA PROJEKT [ConCrafter Feed The Beast]
5-1Rng9m-QE MAUZ AUF SYLT
501KHQRU4Rw SIE KOMMEN WIEDER ZUSAMMEN Ì†ΩÌ∏ç
51PxKcqCORg Minecraft MAGIC YARN MOD
52EYHs8z_e0 BRITISH CANDY CHALLENGE
52TN7W0ckKo The Survival Games 2 #3 - Minecraft Adventures
57NTrkDMico 30 NUKES: STADT WEG + MEIN ABSCHIED!!!!!!! [CAM] - Minecraft MEGA PROJEKT #100 | ConCrafter
57cteMyOqpg DIA SCHWERT! :) - Minecraft MEGA PROJEKT #16 [CAM/Deutsch/HD] (ConCrafter)
58UFXlt5qME OCH N√ñ√ñ
59kbvkQ0Cv4 NEUE MITGLIEDER IN HERO? | Minecraft Survival Games
5AgdayHnHWU MEINE IPHONE H√úLLEN!
5CS-VaEDlPs Kennst du deine WAHRE Pers√∂nlichkeit!?
5CzznkiHy3A BESTES INTRO EVER :'D - Minecraft MEGA PROJEKT #47 [Deutsch/HD] (ConCrafter)
5DCEwrFbGRs WHO'S THE CLEVERBOT ???
5DgtzO_ZH8E WTF
5FDYp2qwUhE ERSTES MINECRAFT VIDEO! | Minecraft Facts #73 | ConCrafter
5F_VovDqPKg DIE D√úMMSTEN FRAGEN
5J3mQStZ6eY LATE NIGHT FOLGE! - #14 - Minecraft Feed The Beast
5JGmWuPWivI SO wird die LUCA PIZZA 2 schmecken Ì†ΩÌ∏±Ì†ºÌΩï
5JvLNgLUC6Y LACHFLASH 5.0
5LmXFgrpzvI Dner ist so schlecht... | Minecraft STORMCORE
5N6LY0NYMSE Minecraft LUCKY BLOCKS BLUE MOD
5NOU9JCHzlU ICH WERDE GETROLLT
5PaFkI5I8aM 0 Abonnenten Special
5RICaj3WvE0 Erkennst DU diesen YouTuber !?
5Rch7WhnCYc MEGA SPRUNG FAIL! LACHFLASH! - Minecraft MEGA PROJEKT #3 [CAM/Deutsch/HD] (ConCrafter)
5S-ztfab8kg WELCHER YOUTUBER BIN ICH ???
5TZuFTr8nHI Dieses Video wird dir HELFEN...
5TjXAsWZhA0 Meine Reaktion auf JAPANISCHE WERBUNG
5USE8mMeXY0 VARO 3 #6 | DIAMANTEN!
5X49I4qiZEo ICH BAUE EINE HOBBIT H√ñHLE
5XopPOweUdI Luca reagiert auf ‚ÄûHilf Mir!‚Äú - Verkohlte Barbie (TEIL 2)
5aH6tq70AIk SUPER HELD SIMULATOR
5azl7BweKPQ LUCA GANS
5bqjLHJfUzI ICH FLIEHE AUS DER ANLAGE
5d9ARKPwvzo MEINE NEUE BR‡∑åKE
5fFdJ6txIgg TOP 5 Minecraft Mods!
5fVOTenaEc4 Uns wurde ALLES geklaut...
5fvDxdP5H9s Luca reagiert auf \
5fvt9qdljqk Ich HASSE diese Kommentare !!!
5gv6txqTids Minecraft: Beacon Block / Leuchtfeuer! (1.4 Update / 12w32a Snapshot)
5hH6H3r3jD8 GAME OVER
5i1oTu4Zw0Q Mein neues HAUSTIER Ì†ΩÌ∞âÌ†ΩÌ∞£ (Vlog)
5iV0Hv2ZCFk WER IST ES? #2 ‚ñ∫ Promi-Raten mit Rewi
5iaSUnFh_Xk Ich habe JUSTIN BIEBER gesehen !!
5ik_MCVqre0 CREEPER + FEUERZEUG = BUMM! | Minecraft Facts #39 | ConCrafter
5jWHDZJJYfs DAS ENDE
5lJJxY7j7IY Die D√úMMSTEN Lifehacks Ì†ΩÌ∏Ç
5lX91x8oIUg DER ABSCHIED
5lquVEoz1yA Minecraft in 5 seconds!
5oWDVwfinaw DUMMHEIT nicht anmerken lassen, Conni... - Minecraft MEGA PROJEKT #83 | ConCrafter & Dner
5pvBuKn4SjA Animal Drawings in REAL LIFE Ì†ΩÌ∏ÇÌ†ΩÌ∏Ç
5qrduiojvpU DICK & DOOF
5rE4ETWVSWg K√ÑMPFT MIT MAX & LUCA
5rE7uBwLo8s Minecraft LOST #9 - Innovative Idee! (Beta 1.6)
5s78OEoJb1A KILLER KANINCHEN! | Minecraft Facts #51 | ConCrafter
5sn1o0C06B4 Minecraft HUNGER GAMES mit Dner!
5szWMnelRYM LANGWEILIGSTE FOLGE EVER! | Minecraft GALAXY #33
5v1BALLSjsg DEUTSCHE MEMES
5vyZngh_d48 DAS HAT SIE NICHT GETAN
5y6lKNezlHU NEUES PROJEKT nach HERO? | Minecraft HERO #93
5yOx5r4jVIs TOTENKOPF BANNER! | Minecraft Facts #48 | ConCrafter
6-3qsusTOE4 Minecraft EPIC JUMP MAP #1 - Mit GommeHD! (Version 1.1)
6-tNyDQ_pQs MALTE SCHMEI√üT SEIN EI WEG! HAHA!! :'D - WAHR oder FALSCH #6
636ukEjHBnM BOSS TOT - ERTRINKE ICH?! | Minecraft CAPTIVE 3 #5
65KF507xRhs FUNNY GAMING MONTAGE! | Minecraft VampireZ
66rqgQPuX2g Mein ERSTER TOD! | Minecraft GALAXY #3
67AJbI99E1E ERKENNST DU DEN YOUTUBER ?!
67ufu4AAmec FLUGZEUG | Minecraft Crafting Ideas!
69qlgQcTCYw FURZ SIMULATOR
6AVMYU0AQVY WIR BAUEN DIE VILLA WEITER
6AiAeVar40E Freundin spielt zum 1. Mal ein HORROR SPIEL
6AxApQ5KiGA Minecraft HERO [Trailer]
6Bv_nH66GGc TIKTOK RICH KIDS
6G8HIxoAWxU ICH HASSE COD
6H6HMd6PXHk DUMMER CLEVERBOT
6HVWC4JiQuk LOGOS ERRATEN MIT SANDRA Ì†ΩÌ∏Ç
6HomWJmsB6U ALTER
6If4QIRy2T0 OREO CREME Ì†ΩÌ∏õ - SO LECKER
6K9NU01Fbn4 3D GRAFIK | Minecraft Facts #26
6M1cT-kX2Ss ICH ZIEHE UM
6MVbO79GhNM KOMISCHER BLOCK! - #36 - Minecraft Feed The Beast
6MYh7E6sl3Q Er verkauft ein McDonald's AUTO bei EBAY Ì†ΩÌ∏Ç
6MgPLJKrChc EURE KOMMENTARE | Minecraft HERO #28
6PMMamIxZ3o ENTWEDER / ODER Challenge
6QXS0hzifKc ich bestelle einen burger mit ALLEN zutaten
6QlNDn4SV00 Minecraft SKY DEN #13 (Modded Survival Map) - Produktiv DIGGER! :D
6TMlOgifm_s DIE KRASSESTE MACHT EVER
6U7G7LsLYeQ LACHFLASH 2.0
6UD5IHeYzgI 19 - 1 = 20
6VdNrZG9yx0 GTA for Kids
6W0YsJJgD90 Mein Gastauftritt bei \
6WZH3_o9kdA Ich werde auf Ome.TV BELEIDIGT
6WhoQ8zKGhA Omegle PRANK
6X6yyjMOrAc NUKE IN STADT ROT EXPLODIERT?! | Minecraft HERO #85
6XRg3b546gI SKELETTE VERURSACHEN EXPLOSION! | Minecraft Facts #85 | ConCrafter
6_HySILo2HM du ahnst nicht, was DIESER Fidget Spinner kann ...
6_N3xKNoyaM ALTER VON FANS ERRATEN
6_g8IviIhM4 Meine Reaktion auf \
6btZjgFBU6w Minecraft: Sphax PureBDCraft Texture Pack!
6ei4REpEqeg I got banned why using THIS Pokemon GO HACK
6gJixb1lIKg vlog_45
6hYVDXQPu2w WAS SOLL DAS SEIN ??? Ì†æÌ¥¨
6jY6qmtLjJM 10 Arten von BEZIEHUNGEN Ì†ΩÌ≤ë
6jr68n9LJdQ Mein Lied mit Lukas Rieger Ì†ºÌæ§Ì†ΩÌ∏± (Vlog)
6kPkxcmsrE4 Ì†æÌ¥¨ ICH RASTE AUS
6lY8p7nBeu0 RIESIGES HOTEL MIT 1 COMMAND! | Minecraft Commands #30 | ConCrafter
6ots3gsyClI DOWNLOAD! | Minecraft CLASH OF CLANS
6pKGNhwGcL0 DER K√ñNIG ist WEIBLICH | Minecraft HERO #65
6pcfYevXCuI DOME MACHT SPORT
6uCMJA70lW4 TOP 5 Minecraft Maps!
6v856f1sAa0 OMG - Luca zockt mit den SENIOREN Ì†ΩÌ±µÌ†ºÌøºÌ†ºÌæÆ (Vlog)
6w7WMpdfK7k KEINE Gaming-Videos mehr...
6xQQ39-bcsU Meine Apps! | ConCrafter
7-23RE3I36Q Minecraft: Die Together Show - Episode 5 - ALARM, ALARM!!
7-roPzBwypE DER AUTOSCOOTER SIMULATOR
70C7O6buLwM R‡∑çIGER!! - #3 - Minecraft Feed The Beast
721BjsKSJ8g Meine Reaktion auf KATJA - DICKE LIPPEN Parodie
72sfn-qKAw8 DIE CRINGESTE \
742DRsv01Ws Minecraft PORTAL MAP!
75KWiqTMYCs Minecraft SMART MOVING MOD!
77FCfwpFg9M Ich reagiere mit EYETRACKER auf \
79J48xg-5hk MLG ANGRY BIRDS
79as9ZFNCoo DIESE WEBSITE WEI√ü ALLES
7BYbVPxaFgE Minecraft HAUSTIERE MOD!
7C57tCmIiWE HOW ADULT AM I ???
7CHgj-wc4Cg FAHRSCHULE SIMULATOR Ì†ΩÌ∫ó
7DTfCiQRYx0 Die LUSTIGSTEN Sch√ºlerantworten in TESTS #4
7DcGEbP_S5M \
7F2gfqvGrPA The Google Game Ì†ΩÌ∏±
7GEkPVLm2Rs GOLDENES CHOCOBO ‚ô• | Minecraft HERO #61
7ItYvw7Ut0E Minecraft CAPTIVE 3 #1 | EPISCHER BEGINN!
7KijiMLK824 FLAMMENWERFER und B√ÑREN! | Minecraft Commands #35 | ConCrafter
7L74ExYVyUU UKULELI IST VERLETZT ...
7L9aUmt1WmY TROLLK√ñNIG GOMMEHD! | Minecraft CATCH MR. TROLL #10 | mit GommeHD
7N4rEts79Ic NICHT \
7OEnVu1Gw58 Cutting my Girlfriend's HAIR !! Ì†ΩÌ∏õÌ†ΩÌ≤ï
7RQ-775FvFI ICH MACHE IHR EINEN ANTRAG Ì†ΩÌ≤ç‚ù§Ô∏è (sie weint)
7Sy0wvX6I54 DER CRINGE GEHT WEITER Ì†ΩÌπÉÌ†ΩÌ∏Ç
7TTOsWL4ZOQ Minecraft PAINTBALL MOD!
7VOWeqHPDbE ICH MACHE ALLES KAPUTT
7WEDBwisNkI Ich starte ein LET'S PLAY
7YknFq2UXTs LACHFLASH Ì†æÌ¥£ (Luca, Max & Eskay zeichnen)
7_H66Sl3LnI CREEPER OHNE SCHADEN | Minecraft Facts #22
7aDppoCK2Fw DAT BOOTY
7aH4jlmhIu8 GOMMEHD am Start! :) // Minecraft MEGA PROJEKT #52 [ConCrafter]
7dLtf_ykSdo GIRAFFE SIMULATOR
7dyLk6mA6kw 100 Fakten Ô≤ær Luca
7eJE-O4qcD8 SCHLIMMSTER FLUG MEINES LEBENS
7g-gh7AiBWk MEINE iPHONE APPS
7hNxGkEBsIk Minecraft VARO #15 | TNT-FALLE! KEDOS FAST TOT!!
7hYlPlhbo8A KEINE VIDEOS IN ABSEHBARER ZEIT! | luca
7iJxF2C0PDQ B√§llebad FAIL im Wohnzimmer
7lP6S2V_WiE Agario in 3D
7ljZXKd0uiY Minecraft DRAGONBALL MOD
7rvfHfZgMak CRINGE RICH KIDS
7sGt7B0euUs WITZIGE COMMANDS! | Minecraft Commands #1 | ConCrafter
7tCjnVZhHk0 Ì†ΩÌ∏≥ WAS TUT SIE DA !?
7t_Myn6qH8Y The best iPhone 7 Memes Ì†ΩÌ∏ÇÌ†ΩÌ∏Ç
7tgAcUUSHpA Ich T√ñTE Killer Clowns !! Ì†ΩÌ∏†Ì†ΩÌ≤£
7tvm_B8FP4k FAKE KRANK MELDEN Ì†ΩÌ≥ûÌ†ΩÌ∏Ç (Prank Calls)
7vsciSBZat8 Entschuldigung
7w7dZwsF9Aw TOP 5 Minecraft Songs!
7ye0S4vhJ3c Ich bestelle eine 500‚Ç¨ EBAY MYSTERY BOX
8-iwizhjycc Die ConCrafter Partei! #CCP | Minecraft HERO #92
82AjLoa2_84 Ich zeige euch meine Schwester & Bruder
82b_d0cc13Y Minecraft NO CUBES MOD
84dLU3veFrg SUPER CREEPER! | Minecraft Facts #41 | ConCrafter
84vXgZ_sSNg PHOTOSHOP FAILS
8ClIDvuBOAU GOMME WILL KRIEG :( | Minecraft HERO #64
8E2G_5zwsvg Minecraft: CRYSIS 3 - EPIC PVP MODUS SPIEL!!
8GAAW6NYKbk Minecraft GRAVITY MOD
8GTIjMTf_dM ALLE M√úSSEN STERBEN | Minecraft HERO #45
8HKsH2JRBao AGAR.IO HACK ???
8ILRt5UD2OM Minecraft 1.8 Seeds [CAM]: MUSHROOM BIOME, NPC & STRONGHOLD!!
8JynquFlOco Fragen beantworten
8Lexm5CogXA dieser fortnite clip wird 1.000.000 aufrufe bekommen
8NTMhN2_Fso Minecraft VARO
8PXb1U3WlFc Minecraft DON'T PICK UP MOD
8PicqKh5lWY SIE IST WIEDER DA !!!
8QPRC_JO8iI Ì†ΩÌ∏± Ì†ΩÌ∏± Ì†ΩÌ∏±
8QYSAh6fXzA AUSRASTEN - F*CKING CREEPER! | Minecraft FREEZE #10
8Qcrzcii_TY FALLE: Spark TOT! LACHFLASH, EPIC! - Minecraft MEGA PROJEKT #19 [Deutsch/HD] (ConCrafter)
8QsDbp8AH9w ICH PASSE AUF EIN BABY AUF
8R9TbSSEdLw IHR ENTSCHEIDET! | Clash Of Clans
8S9JL5tSA9E Mein Streit mit Dner
8VBBiloJ0G4 Ich lese meine Instagram DM's vor
8WOJ7algg_4 Ich habe eine GLATZE
8WwfcNyDJO8 Der D√úMMSTE Witz aller ZEITEN
8_80rs34XBo [18] HOLY SH*T
8_FT0Gqu-IQ WITZIGSTES SUMO SPIEL
8bH7mV4J1vQ Minecraft VARO #2 | CONCRAFTER KIFFT?!
8cLYepl-uuo Mein D√úMMSTES Video
8cmKIP5cDpk Happy Wheels - Episode 11 - COMEBACK!!
8d5cGlednAY Unter Wasser Challenge Ì†ΩÌ≤¶
8f3niXn7qQ4 ALPHABET CHALLENGE
8fQGWQdX_Nk YouTuber Photoshoppen
8fYPJ2dMsR4 LUCA GOES BERLIN
8fiAtOmPYyw ASSI mit LPmitKev! :'D - #57 - Minecraft MEGA PROJEKT [ConCrafter Feed The Beast]
8g91PSzDiVw KAMPF GEGEN MRS PUFF! | Monster Legends #4
8hFDxwps6_4 ich gebe auf
8i4VBqwmB8A FEUERWERK
8jD3Gph7YxQ ICH CHECK'S NICHT ...
8k10ua9_4mk NICHT LACHEN CHALLENGE
8kVQykN6L2o FARM & WEG! - #51 - Minecraft Feed The Beast
8lAG_izbf70 Der ist doch LEBENSMÌ≥û Ì†ΩÌ∏± - Scary Compilation
8mJUinekopg BRUTALES HAPPY WHEELS
8t-Jj8rosuA NICHT LACHEN Ì†ΩÌ∏®
8tYKqbXmdMc Minecraft BOW SPLEEF
8toP9Sgc2DQ BESTER KARAOKE S√ÑNGER
8tzXyr_-VvE Minecraft 1.2 - ALLE NEUERUNGEN (Jungle Biome, Ozelots, Cats, Golems)
8vnroEa7Lgk Meine Reaktion auf DSDS
8xul5iMCItI DUMMHEIT PUR
8zGyI5Lw4vI Ich teste 7 Produkte, die von INSTAGRAM STARS beworben werden
90AIhOSBsI0 MEGA EKELHAFT Ì†æÌ¥¢ (Tin Can Challenge)
90nIs3SOO1A Gr√∂√üte PIZZA Luftmatratze Ì†ºÌΩïÌ†ΩÌ≤¶ Pizza im POOL Ì†ΩÌ∏± (Vlog)
919JieTd2GI ZUR‡∑åK IN DIE H√ñLLE
919_I7YV3Us ZOMBIE GIANTS | Minecraft Facts #20
92WTh8zeS5s WASCHB√ÑR ALS HAUSTIER? | Minecraft HERO #103
93ZAwoHk3IU ENGL√ÑNDER LESEN DEUTSCHE S√ÑTZE
93hpsgdVZA8 'HILF MIR' GEHT ZU WEIT
94UXPe47UQ4 D√úMMSTER HUND EVER
94ih9H2Vqks Das REICHSTE Kind der WELT
95YaQ7vmCUE Luca reagiert auf \
98oC-hLajn8 Ich hatte TODESANGST
99WYCdcSOwA TIM & STEGI WOLLEN BEEF | Minecraft HERO #47
9Awjr-qZC64 20 FAKTEN Ì≤æR MICH
9E26ja4H360 BLÌõû ENTWICKLER %&¬¥/)D*~B!! | Symmetric Dots
9EYphcr3cw8 T‡µ≠LICHE KRANKHEIT ... TOT IN 2 WOCHEN!! - Minecraft Survival Games (ConTalk)
9F0plnxDxOE SIE HABEN SEX Ì†ΩÌ∏±
9G--WzWPgsI 1.000.000 CHICKEN! | Minecraft Facts #13
9GexOBpyBAs MEGA GL‡∑åK BEIM GL‡∑åKSRAD! | Monster Legends #3
9HVnQ-_nKAs Mein EIGENES Buch Ì†ΩÌ≥ö
9HmJU8OqvpA I KILLED MY BOSS
9IfZk6emFzM was - passiert - hier - !?
9LvsbNrvucs Ich schminke meine FREUNDIN Ì†ΩÌ≤ï
9Mi-fSE3USE UNGESPIELT HAT ANGST VOR TAG | Minecraft HERO #12
9NML1skSyHU wenn Menschen LEBENSMÌ≥û sind Ì†ΩÌ∏± - Scary Compilation
9NrQCbGDoZY Minecraft SURVIVAL GAMES 6 mit Vareide, Dner etc. [CAM]
9OtzD6dtO8g LACHFLASH! | Minecraft Animation
9R4Zio-ThBc DER D√úMMSTE VLOG ALLER ZEITEN
9U8fvGFe3uk 2000 BL‡µ¨KE in 10 SEKUNDEN | Minecraft HERO #69
9XRYLnutIKo OMG, KEIN LEVEL GESCHAFFT!
9XvZOTkcw1g TRY NOT TO CRINGE
9_6d2zFMbwY Gomme & Ich: NEUE OUTLAWS!? [CAM] - Minecraft MEGA PROJEKT #99 | ConCrafter & GommeHD
9agxQZPx1IM Minecraft TERRARIA MOD!
9aqK_iU1-y0 HAUSBAU! - #13 - Minecraft Feed The Beast
9chQQTn-5OU MEINE INSEL WIRD ZERST√ñRT
9eLFY3TByJU WITZIGSTES SPIEL EVER
9fmLdfNly9g Minecraft: 12w22a Update - Tripwire, Dschungel-Tempel und Inventar
9fmp4rlOwrg TWITTER CHALLENGE
9gA2vZ9fUbM ICH KANN ES NICHT MEHR SEHEN !!! Ì†ΩÌ∏° ( wap bap ... )
9gn4_AWqoH8 Bruder VS Schwester
9hWVmPQG1jM BEST STUNTMAN EVER
9kdeqWdMVZ4 F*CKEN auf der Couch
9mIjG8A04E8 SPIEGELEI | Minecraft Crafting Ideas!
9pp9qYfse-4 Das WAHRE Alter von YouTubern
9vxy62N7FzY Kannst DU diese ST‡±çTE erraten ?! Ì†ΩÌ∑∫Ô∏èÌ†æÌ∑†
9xg1ezPHfg8 \
9zeq9sKXpw0 PORTAL GUN! - #21 - Minecraft Feed The Beast
A-RfbOLkfo0 2000‚Ç¨ Luxus Hotel SUITE Ì†ΩÌ∏≥Ì†ΩÌ≤∞
A-xc8ccaTDU ICH FINDE EINEN AMETHYST
A0i69rou43g D√úMMSTES VIDEO EVER
A0zDtKh4vlY ZOMBIE APOCALYPSE #1 (Minecraft Adventure Map)
A30bltJb3wA Minecraft EPIC JUMP MAP #11 - /tp GommeHD & FINALE!! (Super Mario Edition)
A3GalRJkzMQ Ich ZEIGE meine Instagram DMs Ì†ΩÌ∏±
A468JNiriZA SHADER UMFRAGE! | Minecraft HERO
A4RH4tAmhIM PORTAL-TOD & NAGA BOSS! - #56 - Minecraft Feed The Beast
A4jK_a24AWQ W√ºrdest du f√ºr GELD T√ñTEN !?
A66B0cB4haQ Ich REAGIERE auf ASIATISCHE Werbung
A7n9oHwtygg WORÌ≤æR HABE ICH MICH AM MEISTEN GEFREUT? | Minecraft FREEZE #4
AB0Y0JlZfrE LACHFLASH 7.0
AB1fxwRWxkI MINECRAFT 1.3.1 IS ONLINE!
ACaK3jZbFiQ DIE DORF REPARATUR
AEXj3gjT3sw Reallife Trickshots
AG7koQFK3k4 DUMME INSTAGRAM KOMMENTARE
AGLSrMaL3OM Sicht eines Creepers! | Minecraft Facts #44 | ConCrafter
AHKD6BiqT_E Ich kann nicht REDEN...
AIVM6q3SXxE Minecraft HALO PVP - KILLS OHNE ENDE!! [#2/HD/German]
AIWN8Vs2tRs Ì†ΩÌ≤Ä ICH STERBE
AIwwbAneaNA MCPVP HUNGER GAMES #1 [CAM] - \
AJBWGlMtY2I MEIN NEUER FREUND
AJR-u_HvSmg Minecraft 1.8 Harry Potter Seed: PYRAMID & NPC!!
AJTYp3wCJMc Die D√úMMSTEN Basketballer
AJrCnbz8YhA KOCHEN MIT SANDRA
AK4JO51gOIE SPLASH
ALWIYTjZMTo KRASSESTER KAMPF EVER! | Minecraft SUPER SMASH MOBS
AM9Gb9kNNhY VARO 4 #1 | Wenn ich du w√§re... Ì†ΩÌ∏±Ì†ΩÌ∏Ç
AMRR6bT2Zrc Stupid Rich Kids of Instagram
ANIanyMuuwQ Minecraft: Trouble in Mineville #12 - TROLL DEN UNGESPIELT! :D
ANQJJpsCL_E CONCRAFTER SONG
ANapuvJgOC8 KRASSE MONSTER & UNHEIL! | Minecraft Commands #29 | ConCrafter
AOhCAlmY4Nc Produkte kaufen, die einem als Kind VERBOTEN wurden
AP8Ilt3jZZ4 Minecraft: Desert Wasteland - Episode 10 - IHR entscheidet!!
AS0qwYiEjbQ RAN AN DIE WAFFEN! | Minecraft GALAXY #4
ASHntjBzpp4 323.350 BEIM AKINATOR
AVtgTf2eO8s 1‚Ç¨ Challenge vs Freundin Ì†ΩÌªçÌ†ΩÌ≤∞
A_Ldf4d5kdU Ì†ΩÌ∏´ DAS D√úMMSTE CARTOON SPIEL
A_igGP3-xzQ D√úMMSTES SPIEL EVER
AaahgPpyJzg Minecraft VARO #8 | EXPLOSION! - KEDOS ERSCHRECKT SICH!!
Ab631g_C37o MINECRAFT 2.0
AcLNFm-kXS4 EINSTIEG in die Community! - #7 - Minecraft Feed The Beast
Af1kOcOkbx4 Minecraft SKY DEN #7 (Modded Survival Map) - ZERONIK NERVT!!
AfISMrPkShA ZOMBIE APOCALYPSE #4 (Minecraft Adventure Map)
AgqIiIP4w_I Dieser Junge LIEBT Lebensmittel
Ai8JVlv1yqI Minecraft 1.6 - SLIMECRAFT MOD!
AiNLjSkwOw4 Meine FREUNDIN macht einen TEST, ob sie mich WIRKLICH kennt...
Aiq867cThS0 FIFA 18 CHALLENGE ‚öΩÔ∏èÌ†ΩÌ≤•
AjozpQQUsfI WAS MACHT SIE DA ???
AljNazMZNZ0 wenn DU bei einem 1. Klasse SCHULTEST versagst...
Ao7_ewI2WLU ANTOINE in den BILLDING! - Minecraft MEGA PROJEKT #48 [Deutsch/HD] (ConCrafter)
ApoeiVhWZQk SCHNEEBALL SCHLACHT MIT GOPRO!? | Christmas Craft #11 mit GommeHD
ApzxnOJf0jE LAVAAAAAAAAA
AqddLCcU8qQ Minecraft: Trauminsel #9 - Einfach draufkacken!
AwPMmBjUuN8 I saw her standing there...
AxVt76IWEKs DER GL‡∑åKLICHSTE MINECRAFT MOMENT EVER
AzdsAdbgCek GIANT REITET GIANT! | Minecraft Facts #75 | ConCrafter
B09ArAcr3NQ WER W√úRDE EHER Ì†ΩÌ∏±
B0wK3YNGfIs IHR K√ñNNT EUCH DEN TITEL SCHON DENKEN
B478nldtcPw NICHT LACHEN MIT SANDRA
B48L16JC_bM The Most Creative Musical.lys Ì†ΩÌ∏±Ì†ΩÌ¥•
B4l6L3qSRdU Let's Battle Minecraft PAINTBALL MOD #2 [CAM/HD/German]
B5PAZsD0qdc FRIEDENSVERTRAG MIT DNER | Minecraft HERO #52
B6Ju_mEXdRM GL‡∑åKSRAD EKEL CHALLENGE mit Rob!! (1 Spin = 1 Aufgabe)
B8C8gOgbi5I Fortnite Tanz auf OMEGLE
B8e8rZgE4Rw DNERs TESSERACT WEG :'D - #70 - Minecraft MEGA PROJEKT [ConCrafter Feed The Beast]
B968qBdp8Wg COMPUTER | Minecraft Crafting Ideas!
BA-6inFVJ2U Ich HACKE im neuen COD
BBsZaqardEs Cleverbot ist ein KILLER CLOWN !! Ì†ΩÌ∏±Ì†ΩÌ∏°
BCApzvUih6o Happy Wheels - Episode 10 - DAAAAAD!
BDzDXRRuSh0 Ich errate FRAUENPRODUKTE von meiner Freundin
BFx26AfaSEQ CLEVERBOT, WER GEWINNT VARO 3 ???
BHXnBX93dU4 HYPNOSE WEBSITE
BI32uiqKdYA NIE WIEDER DIESES SPIEL!
BIHIomsQiCo LUCA VERARSCHT EBAY VERK√ÑUFER
BM3e4T32U0Q SPAWNER SPAWNER! :O - #63 - Minecraft MEGA PROJEKT [ConCrafter Feed The Beast]
BMgoDhGnGoA YOLO AKTION: TOT! - Minecraft MEGA PROJEKT #2 [CAM/Deutsch/HD] (ConCrafter)
BMkQrTOpGqk Minecraft LEBEN #1 | DER BEGINN!
BMnjcC3Wtlk DER BEGINN
BR9KwVUYBw0 Warum ich nicht in Minecraft NERO bin...
BT7sy6us9hQ Minecraft 1.8 Seeds: 15 DIAMONDS, 3 EMERALDS & EPIC TERRAIN!!
BTLxv7VaMng Sandra reagiert auf Luca als DRAG QUEEN
BXB_EkP2YAA ICH SINGE | Minecraft Awesome Jump Mania #5
BaedFZgrwlg DIESE. WEBSITE. IST. VERST√ñREND.
BdAi6nI552o Trading FAIL mit Spark! :O - Minecraft MEGA PROJEKT #30 [Deutsch/HD] (ConCrafter)
Bdm0x-okFvM WER BIN ICH? | mit Krani, Petrit & Eskay
Bdrq3W6DSAY 10 Dinge, die ich F√úRCHTE!
BgdFLKqOX3k wtf habe ich auf google maps gefunden‚Ä¶
BgyT-DAS4Yo KOMMENTARE UNTER ERSTEM VIDEO
BhFy86VfD3w MINECRAFT MINEWAR - YTNM GEHT LOS!!
Bj0JcDGWGxw YOUTUBER UMSTYLEN Ì†ΩÌ∏Ç
Bj5UAT3iR0I Ì≤æRALL GUARDIANS! | Minecraft CAPTIVE 3 #9 | ConCrafter
BjmrCU7_YdY FIFA 13 Ultimate Team - Road To Glory EP.2 - UNVERDIENT!!
BlAh4nsrsj4 Der SINN DES LEBENS | Minecraft HERO #83
BlVJw-bskAc BESTER START mit DNER!! :D - Minecraft MEGA PROJEKT #1 | ConCrafter & Dner
BoZZ6hSOozo CHICKEN ZOMBIE | Minecraft 1.7.4 Update
Br0ycGf5rMc ICH HABE ES ZERST√ñRT
Bt4UZWpRWrw CASEY NEISTAT BESUCHEN
BtimNpGK4o8 Minecraft OBSIDIAN BOAT MOD
Btjbpg6nFwE DIESER BOIBOT WEI√ü ALLES
BuDa3i6xIks NAKED IN THE CITY | Sims 4
Bw6LiWMELac KEDOS STIRBT -.- | Minecraft HERO #77
BxPhkpqaRzA KINO & FIFA mit Paluten, Sturmwaffel und Peterle im YouTube-Haus
BxRw45z6uh8 Minecraft: LOST - Episode 8 - TWITTER-Frage-Runde! (Beta 1.5)
BxaxDKVbBVg Minecraft EPIC JUMP MAP #1 - GommeHD der Failer! (SkyDoesMinecraft Butter Edition)
BzHyCD80hlg ICH SPIELE BIBI & TINA
C-3gscX7_M4 GR√ñ√üTER CHKN FAIL
C-ayUBgCFPc HELIKOPTER GEKLAUT | GTA ONLINE #8
C07zYQ7ovfw ...
C4LY1Ize3Bk ABSOLUTES RAGE GAME!
C57mQJ0Sy1A PVP-TRICKS MIT LUCA
C8EeWFVe2ow Meine Reaktion auf STANDART SKILL - FORTNITE SONG \
CBGXcPzT6zc Dieser Stift malt in 3D !! Ì†ΩÌ∏±
CBgonyB5gbg iPhone 11 MEMES
CG0LxjEBvcc 3 MINISPIELE! | Minecraft Triple #1
CGZuPZWUHxw Ich spreche NUR ENGLISCH auf OME.TV
CHAib7i-O9s Wichtiges Infovideo ‚Ä¢ ConTalk, Zweitkanal, Facebook, Tropicraft, XMAS!
CII23Go6L5k STADT, LAND, FLUSS mit Freundin !! (Gl‡øåksrad Challenge)
CIjeWyDQXk8 Dummer Junge denkt er sei Topmodel
CJH6QJB5g_I Minecraft 1.1 Gameplay - ALLE NEUERUNGEN UND ITEMS
CJaHZzqUoOo TELEFON CHALLENGE mit Freundin Ì†ΩÌ≥ûÌ†ΩÌ∏±
CMDbLKu0YPA dummer junge beleidigt youtuber
COB-iujQZ6Q STATEMENT ZUM VARO STRIKE
COHWd0GHwbw Ich bestelle eine 600‚Ç¨ EBAY MYSTERY BOX Ì†ΩÌ≥¶Ì†ΩÌ∏±
CRZGH_qmkOI LUCA MEMES 4.0
CRqLm-XZ2Yc MINECRAFT VERBOT!? | Minecraft Facts #90 | ConCrafter
CU_t2aPriYs Wir designen unser TRAUMHAUS
CXsnTBXw8o4 Werden wir es SCHAFFEN? | Minecraft CAPTIVE 2 #28 | ConCrafter
CYu5OFy0yso Mein 1. VLOG
C_AyK3b3JEA YouTube Aufrufe erraten Ì†æÌ¥Ø
CaMFNxI00no THE UKULELE GAME
CaQciDbRnOw MEIN 2. PORTAL
CdMeo3z2S4U Die Welt geht unter in 60 SEKUNDEN
CguFCaO9Z64 Minecraft GTA V Survival Games
ChX5P-w84l8 Minecraft CANDY CRUSH
CivwcWb-HDc ICH BIN EIN STAR
Cj6iTXzmckA 90 MINUTEN HUNGER GAMES !!
Ck30x68GsgI USB-STICK ESSEN WEGEN NOTCH?! | Minecraft Facts #71 | ConCrafter
CkWWgmrQ9nE ‚ÄãKannst du DIESE Fragen beantworten !? Ì†ΩÌ∏± | MAUZ #7
ClPJU3-FK5A MEINE D√úMMSTE AKTION
Clm28WWcaww MEINE PIZZA IST DA Ì†ºÌΩï
CmCY3McLj2Y Sandra macht den F√úHRERSCHEIN
Cmur5P-JCho EXPLOSION! GOMME 1/2 HERZ!! | Minecraft CAPTIVE 2 #14 | ConCrafter
Cnz8_SiOtLI Minecraft UNCON PVP SHOW [Cam] mit GommeHD - The Herobrine
CpQEX-Be7iI Minecraft COPY&PASTE MOD
Cqfwgfdfg7Q Minecraft: Trauminsel #7 - Die Kuh des Todes Reloaded!
Cr8eAEv4kfQ MINECRAFT STORY MODE ... MAL ANDERS
CtSx2fcCyFE Diese Menschen hatten UNFASSBARES GL‡∑åK
CtYGvTSzCKo ICH HASSE SPINNEN
CuTtGOf8JDs BEACH GIRLS KL√ÑREN | GTA ONLINE #5
CvESAyLdCIs The Survival Games 4 - Communityprojekt (CONCRAFTER) Folge 03
CwSqitG3iSM LUCA IST (mal wieder) VERLIEBT
CwZz-Bs1jGs Payton & Luca kochen
CxwFsbS3vtQ FLAX SEEDS?! - #50 - Minecraft Feed The Beast
Cylkn98ndYs NICHT LACHEN CHALLENGE **Extreme**
D-bP33ydCfg LUCA
D0NUaamD56E HUNDE T√ñTEN IN NINTENDOGS
D0qbExcC8hQ Ì†ΩÌ∏∞Ì†ΩÌ¥´ Ì≤æRFALL IN KIOSK (Live im VLOG) | Mein Tag mit Superkr‡πèten
D1DGz2NdcGo HORROR PUR!? - Minecraft SAW [CAM]
D2AU20dmOaY Luca reagiert auf GNTM 2021
D7u5DPLkMVQ WHATSAPP FAILS 8.0
D8HIkAYbHoo ICH WILL NEUE HUNDE
D9aAs8rFNq8 VARO 2 TEAM-PARTNER! | Minecraft Super Smash Mobs
D9wJkJyj2Vc SANDRA KOTZT
DBU59GAGwII FANS ANRUFEN
DCKNh6PK8OE Minecraft 1.6 - CLAY SOLDIER MOD!
DCjQQOl0IGY Was soll DAS, Musical.ly !? Ì†ΩÌ∏±Ì†ΩÌ∏°
DDJflyR958E HARRY'S ANTWORT AUF FRANCESCA Ì†ΩÌ∏±
DDk7Juvoc18 MEINE FREUNDIN
DFec_Qjk_ng Funny Pok√©mon GO Pics
DGIiMbcgGgk ‚úäÌ†ºÌøø‚úäÌ†ºÌøæ‚úäÌ†ºÌøΩ‚úäÌ†ºÌøº‚úäÌ†ºÌøª
DGLbMMcyxwQ 4 CREEPER! - #28 - Minecraft Feed The Beast
DHEsxJm5FL4 YouTube LUCA zeigt sein NEUES AUTO
DIAnbH4GPEw MEIN POOL
DJjsBLkIdmM ConTag
DL1mO805E8g UNGESPIELT & SURPRIME! - Minecraft MEGA PROJEKT #7 [CAM/Deutsch/HD] (ConCrafter)
DL33GL6_5nk D√úRFEN DIE DAS ??? Ì†ΩÌ∏±
DM30XULLz6Y Wir m√ºssen reden...
DMmA8UCzRBg MINECRAFT 4K! | Minecraft Facts #88 | ConCrafter
DNJQK1Gt-f0 Minecraft THE DROPPER 2 [CAM] - FFFUUU + DIA-FAIL! :D | ConCrafter & KranCrafter
DPNAuqoWgfo I HATE Pokemon GO
DUO2l730feU DINOSAURIER ERSCHAFFEN! | Minecraft GALAXY #20
DVEWPj4YL-A Sandra & Luca besuchen ihre ALTE SCHULE
DWnqQaLU58A WER KENNT MICH BESSER?! Ì†ΩÌ∏≥ (Max vs. EsKay)
DWyrZn60yrc HERR DER PUNKTE!
DYFylXVnZis EPIC MINECRAFT BUCH!! UNBEDINGT ANSCHAUEN!!! - Minecraft HIDE & SEEK | ConCrafter
D_-ClCiZvPg Bevor KATJA ber√ºhmt wurde...
D_CEMM1kf6s ICH WERDE GEBANNT! | Minecraft CATCH MR. TROLL #14 | mit GommeHD
D_ZJywmvo1w Die WAHRHEIT Ô≤ær ConCrafter
D_rsqM09ItM Minecraft TWILIGHT FOREST #1 - Let's Battle mit LPmitKev & ConCrafter
DaweJ9INK-Q TNT Z√úNDET BEIM ABBAUEN! | Minecraft Facts #37
DeQp2ooNBdI Wer L√úGT besser ?! Ì†ΩÌ∏± (Luca vs. Sandra)
DfIHKsTUJwc T3C Parkour #17 - Minecraft Adventures
DgACLF2Hjx8 Minecraft 1.8 Seeds | SURVIVAL ISLAND!
Dh50HmVm3Xs [+18] Ì†ΩÌ∏±
DhAhnbOUqUU DAS VERST√ñRENDSTE SPIEL EVER
DiUKvEIKGv8 Freundin spielt zum 1. Mal Fortnite
Djjxeie-bmk NEUER PC: GAMEPLAY + DATEN
DkR9vGbiSrU Minecraft 1.7 - ALLE NEUERUNGEN! (World Change Update: Neue Biome, Fische & farbiges Glas)
Dkcq-BooGRc WIR BAUEN EINE MONSTER FALLE
DkzhBZhgyYA DER STALL IST FERTIG
DlscPORDJAo LIVE LONGER THAN 15 SECONDS
Dm9nXf9N-2k Die GNTM 2019 Kandidatinnen
DrUT4v0XdgI TRY NOT TO LAUGH Ì†ΩÌ∏ÇÌ†ΩÌ∏Ç
DroPrxBaGy8 AKINATOR, kennst du mich noch?
Drvg7BAhrkU Christmas Craft - Tag 6 - STERNSCHNUPPE!
DudqvFrYWJs VARO 3 #2 | DA IST DER STRIKE
Dvs0jBZ2ME0 HAPPY WHEELS
DvuaHDi1PcY WEITER GEHT'S! - #31 - Minecraft Feed The Beast
Dx2UBJr_7WM Die WITZIGSTEN Tik Tok Videos Ì†ΩÌ∏±Ì†ΩÌ∏Ç
DyCirbQrKRo Dome muss ins GEF√ÑNGNIS
DzZKAwSuvEw ICH FL√ñTE | Minecraft HERO #105
DziBZ40_W0c SIE K√úSSEN SICH Ì†ΩÌ∏±
E1iORyZgQ4w KEV SCHMEI√üT MICH AUS DER STADT ? | Minecraft HERO #87
E78VhES0WDw Meine PIZZA ist da Ì†ºÌΩï
E7sc8d3fZ-Y Minecraft CALL OF DUTY MOD!
EBc9QumWa3I Das h‡Ω¨hste Geb√§ude der Welt! | ConCrafter
EBlBt9wofnE Minecraft: Desert Wasteland - Episode 5 - KRAAAAAAANK!!
EC97W5EI1hA Das KL√úGSTE MONSTER! | Minecraft Facts #33
ECZBrgCY6KA Minecraft VARO #17 | AB IN DIE H√ñLLE!
EECDcyCxqMI Dieser Becher verwandelt WASSER zu COLA
EJXdvsEnEk8 Nicht witzig. - Minecraft MEGA PROJEKT #22 [CAM/Deutsch/HD] (ConCrafter)
EOouGX-jck8 Ich errate FRAUENPRODUKTE von meiner Freundin #2
EPDTqEwyQJA T3C Parkour #19 - Minecraft Adventures
ERu2Zjw5WGs WARUM ICH SO LANG WEG WAR...
ES1uc4bicJA Wer ist der HEI‡∑æSTE YouTuber !? Ì†ΩÌ∏çÌ†ΩÌ¥•
EVRYU8cc_wg DIE END-MASKE
EVTpdGu15sc Leben und Tod des GommeHD
EVnJjGQZWIE Minecraft: Trauminsel #5 - Mongo B√§ume!!
EXaOw4sfGhk IHR SEID BESCHEUERT
EYdcpg_P90U Minecraft HUNGER GAMES - EPISCHES RUMLAUFEN!!
EYpvGsqiIJ0 Minecraft Trouble in Mineville #19 - BUG, BUG, BUG!!
EYzpGiFh86Q ZERONIK TROLLT - GRABSTEIN WEG | Minecraft HERO #2
EZOFa4wZd34 Sandra spielt zum 1. Mal FORTNITE
E_SFzBIXWNE Dieser elendige W*xxer... Ì†ΩÌ∏° (Vlog)
Eabtl55xYhY PRANK VOR 2000 LEUTEN Ì†ΩÌ∏≥
EbKeX1R-hpE STIMME DOPPELT H√ñREN: STOTTERN PUR!! - Minecraft Survival Games
Ebnd2ECx-6Q SCHLIMMER ALS GEOMETRY DASH
Ec-lDw0tQB0 DAS HABE ICH GETAN !? Ì†ΩÌ∏±
EfeL8Y7Zw8o Dieses Google Maps Geb√§ude sieht aus wie ein...
EgmJ3gNHalo ES IST VORBEI
EoJA720qKHE Minecraft 1.6 - ALLE NEUERUNGEN! (The Horse Update: Pferde, Esel, Teppiche, Name Tag)
ErIx6m8wRDk Minecraft: Hunger Games - Episode 4 - SPANNENDES Match!
ErSoh-mtagE 3. Weltkrieg MEMES
Erzw1Xl9mFc Aufnehmen mit ZeronikHD! :D - Minecraft MEGA PROJEKT #40 [CAM/Deutsch/HD] (ConCrafter)
EtB69r3lPeI Meine MUTTER stellt mir Fragen !! Ì†ΩÌ∏ÇÌ†ΩÌ∏Ç
EtL8hWm-TZM Luca reagiert auf TIK TOK Ì†ΩÌ∏Ç
EvPlocYinqI WAS MACHT ER MIT DEM POKAL ???
Ez4P5h5CMts LACHFLASH 6.0
F2r1ZbpouR4 BERGMANN VERGIFTET! | Minecraft WALDLEBEN #2 mit HerrBergmann & Kedos
F3psnnYsABI ICH STERBE
F4NKnF5GRX8 Minecraft SOLITAIRE
F6qI4II4TEE ICH SPRENGE AUTOS
F7u8aL0sSac Gott, war ich dumm...
F7vTSk4Xbos LUCA REITET WIEDER
F80J_qIhM1c What You DID NOT KNOW about Donald Trump...
FAK5Hvi3cr0 DAS 2. ENDE
FBH3FSTdfR8 WILDE TIER RAWR!! - Minecraft MEGA PROJEKT #15 [CAM/Deutsch/HD] (ConCrafter)
FCP7VGsbijA Minecraft TOGETHER SHOW #74 - FINALE!
FDbTIGlbC58 ER STECKT HINTER DEM CLEVERBOT
FEiXnBIJ-mU TROLLS & LACHFLASHS! | Minecraft CATCH MR. TROLL #1 | mit GommeHD
FEwchqmiL_A Video Chat mit FANS
FHfOuEgt8G0 Dner ins GEF√ÑNGNIS!! - #68 - Minecraft MEGA PROJEKT [ConCrafter Feed The Beast]
FIn8DEo692Y LACHFLASH
FJ8RkRJfMIE Ì†ΩÌ∞ê
FJu6FxHpHl0 UNENDLICH ENERGIE?! | Minecraft GALAXY #36
FL4JcFpQEx0 HARDEST MINECRAFT MODE
FMehbOrDrag DIE MACHT DES BLITZES! | Minecraft Facts #79 | ConCrafter
FOUWXI3h9LM DER ANFANG
FS7MBt4y2Ss MEIN NEUES PORTAL
FU5PGr3jfjI Die LUSTIGSTEN Sch√ºlerantworten in TESTS #6
FUd6-437UXE Minecraft 1.8 Seeds | HORSE SEED!
FYlDx-QIsRg ich verlose MICH
FZPpeRCzZcU WER STIRBT ZUERST ?
F_Xw3vyLlu4 REWI & ICH F√úHREN DEN MEGA TROLL AUS! [CAM] - Minecraft MEGA PROJEKT #112 | ConCrafter
F_ZqoLV5Tm4 Minecraft PAINTBALL
FaU3Gs-0zNA Bevor Luca ConCrafter ber√ºhmt wurde
FcKE5LZCFsk MAUZ Ì†ΩÌ≤ï
FduPjuZRK4k BADEN in Wasser...
FeNd20apUFw Welcher YOUTUBER ist das? Ì†ΩÌ∏≥ (Challenge)
Fee7RziAo0s EURE KOMMENTARE
FgF0mayR3xk DNER'S PENNYBOARD TRICKS | VideoDays Tag 1
FgHDGHrxgSM MEIN NEUES AUTO Ì†ºÌøéÔ∏è
FgRlM-5QOjA Minecraft ADVENTURE BACKPACK MOD
Fh44vmG4Kbo Aus welchem JAHR sind DIESE YouTube-Videos ‚ùìÌ†ΩÌ∏±
FhC4G7EarUs Minecraft 1.8 Seeds: EPIC MOUNTAINS, CAVES & TERRAIN!!
FlcigNUIAZs Mein 1. Mal FORTNITE ‚öîÔ∏è
Fm4pvq0Gl4A MEIN NEUES INTRO
FmN8sdWGyZk MEIST GESEHENE TIKTOKS 2021
FmQSnQ7wve4 Ì†ΩÌ¥• WhatsApp PRANK in den TRENDS !! Ì†ΩÌ∏±Ì†ΩÌ∏±
Fn4g2MijFh8 ZOMBIE APOCALYPSE #3 (Minecraft Adventure Map)
FnDOArvsdJk Er kann DAS mit seinem MUND machen !? Ì†ΩÌ∏≥
FoS6PvF4i7I Minecraft ANIMATED PLAYER MOD
FpIGTn3lo1Q MALTE GRIEFT!!!!!! :'D - Minecraft MEGA PROJEKT #80 | ConCrafter & BrokenThumbsTV
FqZWW2AtkDs MEGA PROJEKT!!! - Enth√ºllung
FrcgUaH8Y_g Remaking Musical.lys
FrgaMuMPZ40 DER CLEVERBOT IST ...
Frs6wWwp2DY NEEEIN, GOMME DU VOLLIDIOT! | Minecraft CAPTIVE #23 | ConCrafter
FsAbqrR0s1Y So nimmt ConCrafter auf! [VERALTET]
FsNPHU9rry0 LUCA REITET AUF PFERDEN
FwWi3J98ICc AGAR.IO RAGE
Fz1gpsJwHTI Bester Freund CHALLENGE Ì†ΩÌ≤ïÌ†ΩÌ∏≥
FzKZLIi_S08 Diese YouTuber sind nicht mehr zu stoppen ...
G-EyrIW1zFA SPERMA SIMULATOR
G0_gtQQIEZI PYRAMIDE IM DORF
G1RU9O5uj7I SCHOCK MEINES LEBENS! mit Dner - Minecraft Survival Games
G2CDXL7lAfc Minecraft VARO 2 #1 | DIREKT TOT!?
G2eFd57GNtM PALUTEN STINKT! | Minecraft GALAXY #11
G2nbQokkAKU EPISCHES NANO SCHWERT!! // Minecraft MEGA PROJEKT #56 [ConCrafter]
G35Eh4fIr1M Meine Mutter err√§t die Preise meiner Kleidung Ì†ΩÌ±ï
G3bdOk2iGh8 Die WITZIGSTEN Sch√ºlerantworten in TESTS
G3uzVAaNi9Y B√ñSE KOMMENTARE LESEN!
G6ONcV-igAg ICH WERDE GETROLLT!! TROLL-KRIEG BEGINNT!! - Minecraft MEGA PROJEKT #92 | ConCrafter
G6ZsBHjlOLQ Mein Leben nach dem TOD
G70u6-8-EyE Wir kl√§ren einen M0RD Ô≤ær WhatsApp auf !! *PERSON ENTF√úHRT* (Horror Chat Spiel)
G961Hpl11PU MEIN NEUER HUND Ì†ΩÌ∞∂Ì†ΩÌ∏ç
GAgEWHVAaIw D√úMMSTES AUTO SPIEL
GD-U5MUAvWU VideoDays 2014 mit Rewi, Rotpilz und mehr! | ConCrafter
GDuyI1O0TLg MEGA GEILER 1.8 SEED!! STRONGHOLD, 2 TEMPEL, EPIC MOUNTAINS!! - Minecraft 1.6 Seeds
GFl46PJoNR4 ICH BIN BATMAN! | Minecraft GALAXY #32
GINFP-uod3M MINECRAFT BATTLE - ConCrafter, ZeronikHD, LucPlays, Ungespielt, KadlMedia
GJ6tGSQiCV0 NEUER PC + EQUIP! | Minecraft Hide'n'Seek | ConCrafter
GMJZI5EHDSc Dieser Mann zieht seine Haut ab Ì†ΩÌ∏± (SATISFYING VIDEO)
GNVuot1IzXU Diese Tipps RETTEN dein LEBEN
GO_qgIFA37g CREEPER zersprengt ALLE Items!! - Minecraft MEGA PROJEKT #27 [Deutsch/HD] (ConCrafter)
GPdMoXmsuM4 DER MINECRAFT AKINATOR
GRZL4Yk8DaQ Die KRASSESTEN Tik Tok Videos Ì†ΩÌ∏±Ì†ΩÌ¥•
GRpT10JWwIg SKYBLOCK mit 1 COMMAND! | Minecraft Commands #18 | ConCrafter
GTsV2Z_sAvs Minecraft 1.7 TOP 5 TEXTURE PACKS!
GUX1xsBfYQc DAS NEUE PROJEKT! | Minecraft HERO #101
GV4-NpRIdEo MEIN ENDE + NEUES PROJEKT! | Minecraft GALAXY #37 | ConCrafter
GWr9aDjozFY Q & A in My NEW FLAT !! Ì†ΩÌ∏±Ì†ΩÌ∏ä
GYQ20qOIclk ICH BEGEHE EINE STRAFTAT
G_7DHu7RCnM Happy Wheels - Episode 14 - ConCrafter spielt wieder!
GaP-zwYTFSs ...
GcxQrnTrwTk GEHEIME BOTSCHAFT IM BLOCK!? | Minecraft Facts #55 | ConCrafter
GeWueT1_-oA NICHT LACHEN CHALLENGE
Ge_Dd6EAUMU Minecraft ULTIMATE TROLLING #8 [CAM] - Epic Jump Map - GOMME ist UNSICHTBAR! | ConCrafter & GommeHD
GemWbXcOBOE Minecraft: Die Together Show - Episode 58 - TheNodop zu Gast & BLAZE RODS!!
GfplKa1Mev0 STERBEN W√ÑHREND SCHREIBEN? | Minecraft HERO #51
Gh9FCCZz5co Minecraft: Die Together Show - Episode 21 - TODESSTRAFE?!
GjBNDZMJPUM H√§? Doch KEIN FRIEDEN??? | Minecraft HERO #74
Gmt0jHTIPRs MINECRAFT BUCH Ì≤æR MICH | Minecraft Ender Games
Gn7Yp0v-w6c VILLAGER ZOMBIE VERWANDLUNG! | Minecraft Facts #81 | ConCrafter
GpVMWfy9Vvo ABSOLUTE ESKALATION
Gq1WKDHw5uw Es gibt einen FAKER
GqRtnRSKb1I ICH HAB KEIN BOCK MEHR
GqjZbVVVPlQ Das schlimmste Jahr meines Lebens
GsLKVe-tzVg 12 SPIELER GLEICHZEITIG ONLINE | Minecraft HERO #21
Gswi3BE6_MA Er ist angekommen... Ì†ºÌøéÌ†ΩÌ≤® (Vlog)
Gtsa4nsFFU0 ZEIGT GOMME SICH? + WAHL des K√ñNIGS | Minecraft HERO #30
GuUe2e83t1c Minecraft: Die Together Show - Episode 16 - Lachkrampf!
Gut1uUrUBNA 600.000 ENERGIE, JUHUU!! // Minecraft MEGA PROJEKT #55 [ConCrafter]
GvZZZCJFnOY CLEVERBOT LIEBT MICH
GvareB1SSXU GRAND THEFT TAXI
GvbuU5Yi_Lc Christmas Craft - Tag 11 - Witziges Weimar
GyxX-JMv3Rg Dner's DIAMANT BLOCK! - Minecraft MEGA PROJEKT #9 [CAM/Deutsch/HD] (ConCrafter)
GzeNOLaFnDs Reacting to NEAR DEATH COMPILATION Ì†ΩÌ∏±
H08xoD9pqWg Minecraft SURVIVAL IN MINEVILLE [Cam] - F*CKING THE HIVE!!!
H3dU-I_UsFU WIE GRO√ü IST STEVE? | Minecraft Facts #67 | ConCrafter
H4bfXJTRHhw 24 Stunden als KIND
H7nPCdkezkU Chabos und Babos! - #8 - Minecraft Feed The Beast
H8iRLKWqtQI WIR BAUEN EIN PORTAL
HAr8N_SvfgY Ich Bezahle ein Fortnite PRO GAMER GIRL f√ºr einen EPISCHEN SIEG
HBA47v09AIw Minecraft EPIC JUMP MAP #5 - GommeHD der Bl‡Ω≠mann! (SkyDoesMinecraft Butter Edition)
HCDDP8IXn08 Christmas Craft - Tag 9 - EISBAHN!
HCcMGSTGDOo Welcher YouTuber hat MEHR Abonnenten !?
HEFWlOM4Jxk WOULD YOU RATHER ... ? Ì†ΩÌ∏±
HFK-Yo-tP3U Dieses Video ist UNCUT
HKXbhWy7r5k FIFA 17
HLiIfTpru7E alles hat ein ende...
HNRz9KkxJU4 OMG! - Ì≤æRALL MONSTER! | Minecraft CAPTIVE 2 #20 | ConCrafter
HNTpRZNROcY Sex in SIMS 4 Ì†ΩÌ∏± WTF !?
HO9UEs84E0A Ich HASSE das iPhone 7
HSHBMAcqOes DO YOU HAVE A DIRTY MIND ???
HUtsaDp9kFw Roomtour! | ConCrafter
HVGCscqQDt4 MEIN BESTER FREUND
HWRdTjnP8rk MEIN NEUES INTRO
H_G2KLelpUY Manuel KILLT mich in LAVA der HUAN! -.- - Minecraft MEGA PROJEKT #81 | ConCrafter & BrokenThumbsTV
H_JRLU-H0GU Freundin spielt zum 1. Mal Minecraft
H_xL6maH6A8 DAGI BEE QUIZ
HaAwq8leupg ICH HABE ES GEKAUFT
HbfA1qvlrwM Minecraft ULTIMATE TROLLING #4 [CAM] - Epic Jump Map - DAS WAR KNAPP, HUI!! | ConCrafter & GommeHD
Hc2ZJsqhC-k Luca reagiert auf ‚ÄûHilf Mir!‚Äú - Mein Freund m√§stet mich
HcIV9_oOFRY DER BUNKER
Hcw039y12XY Minecraft CREEPER SPECIES MOD
Hh1cZ0KAv50 ICH K√ñNNTE AUSRASTEN
HiBGrmbfl6U DRAGONBALL TEMPEL IN MINECRAFT | Minecraft HERO #17
HjdESa3A4r4 SLITHER.IO WELTREKORD
HjeFyTNdQII DREIER KISTE! | Minecraft Facts #65 | ConCrafter
Hkal27bZVl4 Meine Reaktion auf KATJA - GUCCI GIRL
Hkyhl3u0kow DIAMANTEN! - #19 - Minecraft Feed The Beast
Hl448yQptks TOT & EPIC WASSER RUTSCHE! *_* - #74 - Minecraft MEGA PROJEKT [ConCrafter Feed The Beast]
Hmnm44e4RTQ HALLO
Hp5VxM6hUsM Erkennst DU diese YouTuber als Kinder !?
Hru6yZtEHYU COCA COLA | Minecraft Crafting Ideas!
HsDB8skA6Og Happy Wheels - Episode 6 - This Is It!
HsjE3WZoQAQ Minecraft HUNGER GAMES - Im Tal der K√∂nige (Community Special)
Ht1vXjh-oIU POKEMON (uncensored)
HtiUfm-v5KM The WORST FIFA 17 Pack Opening !! Ì†ΩÌ∏±Ì†ΩÌ∏°
HtnreCkIsCc Minecraft: Die Together Show - Episode 15 - ULTRANOOB1337!!!!!!!!!
Hv9MZTfIT9Y Luca reagiert auf GNTM 2020 Ì†ΩÌ∏Ç (Teil 2)
HwGzHxi92Bk MINECRAFT HUNGER GAMES - Episode 1 - K√§mpfen mit DomsePlay!
Hx80MuY2lfY Ich atme zum 1. Mal Helium ... Ì†ΩÌ¥ûÌ†ΩÌ∏±
Hz_LIv87smE LUCA SPIELT GOOGLE
I-5LrAnYlOw L√ÑNGSTER KOMMENTAR auf YOUTUBE
I-7ged-WxNg Das SCH√ñNSTE MÓìúhen der WELT
I0Wbx9HMaOg Meine Reaktion auf KATJA - SEX TAPE
I2S-O6_7jkw YOUTUBE VIDEOS MIT 0 AUFRUFEN
I2TewK99Fm0 WIR HABEN GESCHICHTE GESCHRIEBEN
I4RQZdYQNQ8 Sandra & Luca reden mit KOPFH√ñRERN Ì†ΩÌ∏Ç
I6RgVsJRoQs JA! Was? KOHLE! - #62 - Minecraft MEGA PROJEKT [ConCrafter Feed The Beast]
I81vhyq-Tzo Ich mache EURE Hausaufgaben
I8ZkELg-4lA WHATSAPP FAILS #15
I9kT2yFnppw STURMWAFFEL Ì≤æRNIMMT KONTROLLE! | Minecraft FREEZE #14
IBWtuOhIuPg DIAMANTEN Ì≤æRALL | Minecraft HERO #3
IBo9QUOoieI DIE LUSTIGSTEN TV FAILS
IDFRBhvgJL0 R√ñNTGEN-GER√ÑT!? :D | Minecraft Facts #63 | ConCrafter
IDMl__MbS_Y UNFAIR MARIO #3
IEgxJUHl9TI BEACON-BLOCK MAGIE! | Minecraft Facts #34
IF9PNcLCzNc EIN ANDERER SPIELER ?!
IFb7kNTO3rg VERKEHRTE STEUERUNG! - Minecraft Challenge Accepted #3
IFfKTBqTyrQ 1000 MOBS AUF EINMAL - STERBE ICH ??? mit Dner | Minecraft HERO #37
IFpJ0g3sZIM The True Age of YouTubers...
IGE7SwfUtU4 SONGS R‡∑åKW√ÑRTS ERRATEN Ì†ºÌæ∂Ì†ΩÌ±ÇÌ†ºÌøº (mit Felix Jaehn)
IId1lz8QwmE Dieses Video wurde NICHT von mir geschnitten...
IMsJ5WRSOQQ Minecraft VARO #6 | OMG! BASIS GEFUNDEN!
IOdLiI56H2M Pokemon GO im MEER
IOs064ckhpE ARCANE BOHRER: Besser als QUARRY!? - #78 - Minecraft MEGA PROJEKT [ConCrafter Feed The Beast]
IPTGO-xqMdc JETPACK, JAAA!! - Minecraft MEGA PROJEKT #23 [CAM/Deutsch/HD] (ConCrafter)
IPYABjNKByA FANS STALKEN MICH!? | Minecraft GALAXY #19
IPo_6atfGoI 20 McNuggets in MIXER Ì†ΩÌ∏≥ (Ekelhaft) Ì†æÌ¥¢
IRATrICQAFU Minecraft VARO #19 | FIGHT VS MORECAST!
IRPCuexrOvM Der D√úMMSTE Chemiker
ITeIvFiP22A GOT A NEW DOG
IUzd2iqKydQ MYSTERI√ñSES PORTAL | Minecraft HERO #14
IXNS6ZfSRZ8 Meine Reaktion auf VINE
IZwhRSN8slU W√§ren wir MILLION√ÑRE? mit ungespielt | Minecraft HERO #90
I_q9Nl7Ov9M Minecraft Diamant in unter 5 Minuten!
Iaua1ScY4_4 Er verkauft DIESE AirPods bei EBAY Ì†ΩÌ∏Ç
IbUoSGnSxnA Meine Reaktion auf MOMO
Ij5_bPI1p7E Minecraft: Trouble in Mineville #17 - Mit KadlMedia
Il2Srmx4hBU Instagram Bilder nachstellen
IlmvT3BGyPU Meine Reaktion auf deutsche TIK TOKs
Im5ggGTTGjo GR√ñ√üTER SG FAIL EVER!! + NEUES PROJEKT - Minecraft Survival Games
Imej-c6wbjw Minecraft TETRIS
InB42KCDnzA FORTNITE MIT LUCA
Ip_zkcY7DKM BELEIDIGUNG & RAGE! :'( | Minecraft Bedwars
Iq6T9tTtp-I Betrunken mit ALKOHOL BRILLE
IsHxN0m6bws √Ñhm √Ñhm √Ñhm √Ñhm √Ñhm... OHHH!! - Minecraft MEGA PROJEKT #49 [Deutsch/HD] (ConCrafter)
Isv56c6AbTA 20 MINECRAFT FACTS
IuGTT5MjFg0 Das REICHSTE MÓìúhen der WELT
IuvDzJE_fKg ROSSMANN HAUL mit Sturmwaffel & DFashion
IzW7aLJx8Dg DER N‡±åHSTE KUSS Ì†ΩÌ∏±
IzbYZEHd4_I KISTEN ABSCHLIE‡∑æN IN VANILLA! | Minecraft Commands #10 | ConCrafter
J-cLPwcaDjE ICH SCHREIE
J0-T5w0xeNY JEMAND KLAUT MEINEN LAMBO!
J064-R7-GSc Die LUSTIGSTEN Fake Marken Ì†ΩÌ∏Ç
J0cE4-FGjqo Wie man Minecraft NICHT spielen sollte...
J0gJU25dLnQ FAKE INTERVIEW
J3X3xMwfz5A Die MAGISCHE MIESMUSCHEL ENTSCHEIDET | Minecraft HERO #70
J3k72t-wUjI Minecraft VARO #10 | SCHON WIEDER DIAS!
J4bhWV1hVEc 10 OPTISCHE ILLUSIONEN! | Minecraft HIDE'n'SEEK | ConCrafter
J6LgD_fNx5g LUCA vs SANDRA
J74oaTiMQus GOAT SIMULATOR BEI TUBECLASH
J7BZdWs08CU WHATSAPP FAILS #17
J7DDcW_PT8U NIEDER mit der K√ñNIGIN | Minecraft HERO #72
J8ggCHPbxUA Happy Wheels - Episode 2 - Pokemon-Power!
J9Y-tuxjfPI Er verkauft seine KINDER bei EBAY
JAzd3LhLSoY I hate Instagram
JB9JrPDAs68 LISTEN TO PARENTS HAVING SEX
JBsYV0WoG4I Instagram Bilder nachstellen #2
JCmH6ZJ37Cg RAKETEN SCHUSS! | Minecraft GALAXY #24
JD3QMHQS6ys LEBENSLANG GEF√ÑNGNIS, WAS!? - #76 - Minecraft MEGA PROJEKT [ConCrafter Feed The Beast]
JDBUgoo5fds GEILER 1.8 PRE RELEASE SEED! | Minecraft Seeds | ConCrafter
JEd5WqtY-W8 Ich bestelle das G√úNSTIGSTE Produkt bei GUCCI
JFCpnIOd-xQ Bibi als MANN Ì†ΩÌ∏µ
JGPj7tCvWEY ALTES VIDEO ANSEHEN
JGW30i3oo9E SELFIES MIT UNBEKANNTEN
JJNPI6SmBho LUCA ALS KSFREAK
JJozMd00BQg Minecraft: Die Together Show - Episode 3 - Free2Play und Pay2Win!
JK1PZX3jEUA DIESE WEBSITE WEI√ü ALLES
JK3XY4uU1Ek DOG SIMULATOR
JKOHbsgFLVw LUCA REAGIERT AUF MEMES
JKe6kevKBRM UNENDLICHE SCHERE! | Minecraft Facts #3
JLuiJb2D30s Meine Panikattacken
JN85NRdVvaU REAL or FAKE !? Ì†ΩÌ∏≥
JNO2D_S2O9M Minecraft INTERNET MOD
JPHukN_rPJc Dieses Video ist 6 JAHRE ALT
JTSft2YVv50 KRASSE BOMBEN! | Minecraft Commands #20 | ConCrafter
JUSgNdU9__k Minecraft, aber jeder Block ist ZUF√ÑLLIG
JZzGDIk8u8I SpongeBOZZ VS 4tune [Meinung zum JBB King Finale HR] - Minecraft Survival Games | ConCrafter
JaMCTc2eKGc Luca reagiert auf's GNTM 2020 UMSTYLING
JatHKUTHdrE H√Ñ
JcHgHQI95PI EXPEDITION! - #12 - Minecraft Feed The Beast
JcmopGjKOZg SEX MIT DEM CLEVERBOT
JdxErXFCzXk SERVER KAPUTT GEMACHT !? | Minecraft HERO #75
Je3lfDLSs8Y WAS. HABE. ICH. GETAN.
Jeosn4-WNUg JAGD AUF BERGMANN & GRIEFING BEI GOMME! | Minecraft LEBEN #3
Jfv7ZzX1-ag DER BESTE SPRUNG EVER
JgQvI-ZZrYU FLIEGENDE POLIZEI AUF'M BERG!! :D | GTA ONLINE #2
JgaWGbxmsxU Minecraft TRAPCRAFT MOD!
Jhlw8nRrKq4 ENDERPERLEN MASSAKER! | Minecraft AURA PVP
JjWqKxufh6U WER STIRBT ALS ERSTES ?!
JnyT7d6GeyU EVERY GAME SHOULD BE LIKE THIS
JoFxgrvzxcM ANIMATION IN VANILLA MINECRAFT! | Minecraft Commands #3 | ConCrafter
JoxrqV6UZWw Luca reagiert auf \
Jp4xgR8htMA NEIN JETZT H√ÑLTST DU DIE SCHNAUZE! | Make Them Fall
JsNAv1-P6wU Christmas Craft - Tag 1 - GESCHENKE F√úR EUCH!!
JvMUsQdL3Cc Minecraft Facts, die mir immer zugesendet werden! | ConCrafter
Jw-RSlK1YKk ICH HASSE DIESES SPIEL
JzRMTfk4FAg MINIATURE HEART | Minecraft HERO #58
K-VVIft9wHY Minecraft PRIMITIVE MOBS MOD!
K0M647VATJE ICH SPRENGE DIE W√úSTE MIT TNT
K4FXeF_rw3g Wo sind Ukuleli, Balou & Vittello?
K7IwV4psyPY Diese Website KENNT dein WAHRES Alter ...
KAOclwsDXYU VIRALE TIKTOK VIDEOS 2021
KCJJtVOHXhI 24 Hours with the Cleverbot !! Ì†ΩÌ∏±Ì†ΩÌ∏≠
KCeShKzcKyY 3 SPIELE WIE MINECRAFT
KCoifSo2_sc Happy Wheels - Episode 7 - Wichtig.
KD2-QgSwr2Y DAS habe ich zu Weihnachten bekommen !!
KDBsEm7Y_Pk Jumping from a SKYSCRAPER...
KDtg9ufZ4mo 90.000 Zugriffe pro SEKUNDE Ì†ΩÌ∏±Ì†ΩÌ∏±
KFkRupaYZpY FIFA 13 Ultimate Team - Road To Glory EP.1 - AB GEHT'S!
KH98eqAgx6Q ALMAN MEMES Ì†ΩÌ∏ÇÌ†ºÌ∑©Ì†ºÌ∑™
KLF-sSP1u0M Minecraft: Die Together Show - Episode 12 - Haben wir noch Freizeit?!
KM2pPrhq4Nc VERSUCHE NICHT ZU LACHEN
KPSdp9XMp60 WO IST HERR BERGMANN? | Minecraft WALDLEBEN #12 mit HerrBergmann & Kedos
KPy78z7XNUI Fragen zu meiner Krankheit Ì†æÌ¥¢
KQYOpQVgbng Das D√úMMSTE Spiel aller Zeiten !! Ì†ΩÌ∏ÇÌ†ΩÌ∏Ç
KRiiJj2_7TQ FANS IGNORIEREN AUF OMEGLE
KU2g1eWmIe0 YOUTUBER Tweets ERRATEN
KUMvEAsMq2U HEFTIGSTER SCHREI EVER | Minecraft HERO #5
KXGitPSIrT4 Luca spielt ANIMAL CROSSING
KZMdi_eKyQE SCHLIMMSTE SIMS 4 PARTY
KZfZHfnm700 SCHNEE & NEUE MOBS IM NETHER! | Minecraft Commands #33 | ConCrafter
KavsgGffJdA 15.000‚Ç¨ FOR MY ACCOUNT
Kb2jNPuy6fA Zuschauer anrufen
KcfJbmS5ddE AGAR.IO AUF DEM HANDY
KgWWDywiAus Google Ì≤ærsetzer CHALLENGE
Kg_91Zqnzmc Dieses R√§tsel ist UNL√ñSBAR
KgkZXUnJESA Minecraft GIRLS MOD
KiYGwyv4xQ8 WITZIGE VILLAGER SOUNDS! | Minecraft Facts #40 | ConCrafter
Kj1dGdPS4K4 My biggest HATER
KjFVI63Je5E PUPS-SPRAY Prank an Max Ì†ΩÌ∏ÇÌ†ΩÌ∏Ç
KjXV2bzVhT4 GOMME RASTET TOTAL AUS!!! | Minecraft CATCH MR. TROLL #2 | mit GommeHD
Km7COzyEssc WHATSAPP FAILS 14.0
KqFJwg8y--g MEGA UNGESPIELT FAIL !!! - #54 - Minecraft Feed The Beast
Ksoz7OzBNWA Warum existiert DIESE WEBSITE !?
Ku2PM5gvPjs Minecraft VARO #14 | F*CK F*CK F*CK
KutvSAqfzxQ Minecraft: 1.2.4 Update - Neue Wooden Planks, Chat Features & mehr!
Kv9XTVUrnS4 WO STUDIERE ICH? | Minecraft Super Smash Mobs
KvmtroTStwY Minecraft 1.8 Seeds | ICE SPIKE TUNDRA BIOME!
KwUPRncdDG0 Minecraft: Die Together Show - Episode 10 - Minecraft Entwicklung!
KywFQpwM_dY CONNI SINGT! | Make Them Fight
L-S2tOlC1-U Meine Reaktion auf SIMON DESUE - NO MONEY
L0CspPMGixg EPIC H√ñHLE! - #18 - Minecraft Feed The Beast
L10c3O33zKE PULVERIZER FAIL :D :D - #65 - Minecraft MEGA PROJEKT [ConCrafter Feed The Beast]
L37bt9So2UQ MEIN KANAL VOR 3 JAHREN
L3YP692v4zw Minecraft FIVE NIGHTS AT FREDDY'S
L4-Rc7y0REY So alt sind YouTuber wirklich
L5EHR9wuYis Minecraft MineZ #1 - Erkl√§rung und Fazit!
L6ZlHBJ6nng FUCK! EXPLOSION!! :'( // Minecraft MEGA PROJEKT #53 [ConCrafter]
L7npGbh5-Yk DUMME Kommentare lesen
LBrR_Xk6IIk SOLL ICH GEHEN?! & DNER'S NUKE EXPLOSION!! - Minecraft MEGA PROJEKT #85 | ConCrafter
LCQz5xCKhxA SOLL DAS EIN PFERD SEIN !?
LFn28F56CmU Instagram Bilder NACHSTELLEN
LG_Hq1YtKFY THYLANE ...
LIGIfnZfZ-o 1‚Ç¨ CHALLENGE
LJBX40lS_20 Meine Reaktion auf die NEUEN EMOJIS
LKF6dRUB7f0 ‚ñ∫ Meine Meinung zur Nuke Explosion, Outlaws & Mega Projekt
LLJkwWj7rfs SIRI HASST MICH
LLluCyIa0UI DAS WAR DIE D√úMMSTE IDEE...
LLp8GsnoaxE WIR FINDEN DAS ENDE
LNl-KKKCmpI D√úMMSTES SCHWEIN EVER | Minecraft HERO #25
LO1AMt3Xyp0 TOP 5 Minecraft Redstone Kreationen!
LO2jIU9Nq5I UKULELINA
LOyrGytz25A SIE KNUTSCHEN RUM Ì†ΩÌ∏±
LP1SePMuBzs MANUEL KUSCHELT MIT IGELN! | Wahr oder Falsch #8
LPOAUltruvI Luca im ZOO Ì†ΩÌµ∑
LQTNtcu9Xno T3C Parkour #9 - Minecraft Adventures
LQWcsS2cAlA WIR GEHEN AUF REISE
LQenXZCOBKk HOW DID HE KILL ME ???
LRMo2hdkZC4 Ì†µÌ∂£Ì†µÌ∂†Ì†µÌ∂≤ Ì†µÌ∑ûÌ†µÌ∑îÌ†µÌ∑°Ì†µÌ∑° Ì†µÌ∂≠Ì†µÌ∂®Ì†µÌ∂¢Ì†µÌ∂ßÌ†µÌ∂≥ Ì†µÌ∂¶Ì†µÌ∂¥Ì†µÌ∂≥ Ì†µÌ∂¶Ì†µÌ∂§Ì†µÌ∂ßÌ†µÌ∂§Ì†µÌ∂≠ Ì†ΩÌ∏∞
LUyA73jcpSE ICH GEHE WANDERN
LYOylfFUiLA Minecraft 1.6 - TF2 TELEPORTER & SENTRY GUN MOD!
LZMTcOmiy7M Remaking Musical.lys
L_FBflb6YW4 Mein echter Name
Lb5YRlOK6AY STADT GELB GEFUNDEN & DNER ZERST√ñRT SPIEGEL | Minecraft HERO #56
Ldi2VD19MVo Diese Website kopiert meine STIMME
LeRU_E_Q4T8 VERSUCHE NICHT ZU LACHEN Ì†ΩÌ∏Ç (EXTREM SCHWER)
LfmDPR4fgEo es gibt TATS‡±åHLICH Pinke DELFINE Ì†ΩÌ∞≥ (Unn√ºtzes Wissen)
LgL2llHt0o8 DIE VILLA IST ENDLICH FERTIG
Lgo30F0A0kM Julien Bam als BAUM !! Ì†ΩÌ∏ÇÌ†ΩÌ∏±
Lhi-H0lktug Die D√úMMSTEN Tweets aller Zeiten Ì†ΩÌ∏Ç
LjDlJGHqASM SPACE COMMAND! | Minecraft Commands #22 | ConCrafter
LjZ1xkwjFhg Luz isch krank.
Ljo6CRhxBtQ NICHT LACHEN CHALLENGE
LlJUnlAJ2_w FETTER FIGHT! - #15 - Minecraft Feed The Beast
Lls3qr-BRrY UNTERWASSER ATMEN | Minecraft Facts #25
LphyxCD8RYU ROOMTOUR
LqYcWJNK8T8 Let's Test MINETEST
Lqb_s32fvAA Ich GOOGLE mich selbst !!
LtU9j5HAt9g ALTER ERRATEN Ì†ΩÌ∏≥ (Sie ist erst 16...)
LuESwo2tx5c BALOU WIRD GEWASCHEN
LvKWe4qj69Y Die BESTEN Tik Tok Videos Ì†ΩÌ∏±Ì†ΩÌ¥•
LvZiT28LXnc TRY NOT TO LAUGH
LvsPTqk_7no CORONAVIRUS Ì†ΩÌ∏∑Ì†ΩÌ∏±
LxICrL-OCAQ Ich bin das KAZOO KID
LyA-0rjScpo DIE VORLETZTE FOLGE
LyZ3_rTQ3rQ WHATSAPP FAILS 7.0
LynaSg7SkkY Minecraft VARO #11 | SCHNELLSTES OUTRO!
LzFvmaaNRzs SPARKOFPHOENIX am Start! :) - Minecraft MEGA PROJEKT #11 [CAM/Deutsch/HD] (ConCrafter)
M-TnXZhEoRs EKELHAFTE CHALLENGE Ì†æÌ¥¢ (mit Lukas Rieger)
M2KV-wcCB6Q Ich reagiere auf DOGGY - KATJA ohne Autotune
M379rvBbUmk DIE VILLAGER INSEL
M3CkZwkOEWE Minecraft TWILIGHT FOREST #5 - Let's Battle mit LPmitKev & ConCrafter
M3O-svWEZAQ MLG FLAPPY BIRD
M4Flsn0BtFc Ich werde zum BUSFAHRER Ì†ΩÌ∏±
M4JERglw6Pc H√ÑNDE Ì≤æR KREUZ CHALLENGE
M5XdT5MjUY4 DAS hat er NICHT geschrieben Ì†ΩÌ∏Ç
M6GQWsPrZZI ROOMTOUR & CAPTIVE?! | #FragLuca
M79bqA1ZARg Erkennst du DIESE YouTuber an 3 Merkmalen !?
MAdfsWFBym4 ...Dann wird DNER halt GEBANNT!! [CAM] - Minecraft MEGA PROJEKT #97 | ConCrafter, Dner & ungespielt
MC2Im-bnuok AUTOS FAHREN | Minecraft Commands #37 | ConCrafter
MECXH_PG3H4 the SICKEST Game ever
MElCayPz1aM UNSICHTBARE SLIMES | Minecraft Facts #24
MEu0pWtMrVE 100% RICHTIG
MEzWsaLwMUA WIR SIND DIRECTIONER! | Minecraft FREEZE #6
MFierJ3Ina8 BESTER BEDWARS MOVE! | Minecraft Triple #3
MG6jAambgx4 Minecraft 1.4.7 Review
MHBE2RfJhyg Ich reagiere auf PARODIE von KATJA - DOGGY
MIB08PMnARY DAS ENDE DES PROJEKTS
MIbZ4sJjuGY T3C Parkour #5 - Minecraft Adventures
MJTIDy3S_es Ì†ΩÌ∏° Ich reagiere auf HATE
MMC_ECHUEb4 Der SCHLECHTESTE Witz aller ZEITEN
MMTtF6RhElM Dieses Bild kostet 70.000.000$
MNfi9SkFawk JETZT GEHT'S LOS Ì†ΩÌ∏≥
MOMYkaSAS7A Bin ich H‡∑ãSCH?
MPYHIzLv8CY Ich habe mir KOSTENLOSE Produkte bei Wish bestellt und DAS kam dabei raus...
MU2A-bsIeK8 Ì†ΩÌ±èÌ†ºÌøº
MU30z63yEt4 NICHT SPRINTEN! | Minecraft Challenge Accepted #4
MUWkk4lix6M [18] SCARY JUMP SCARES
MWfYcrbQfls Meine Reaktion auf LISA & LENA
MXS9OR-uDKM RIP MICHAEL SCHUMACHER SEITEN!? | Minecraft HERO #63
MXm9X8aTOXI VIDEO VON 2011 ANGUCKEN
MZy50S7BE2c DER LUCA TEST
Ma9ljnLVHSg TIK TOK NICHT LACHEN CHALLENGE
MbCgUoMjS9A Minecraft PIGZILLA MOD
McNpQdRhKn0 50% werden dieses Video Disliken...
Md2Mr3ItX6I AKINATOR KENNT CLEVERBOT
Meml2yhPIgw ich stelle euch meine PEINLICHSTEN FAKTEN vor Ì†ΩÌ∏≥ mega DUMM Ì†ΩÌ∏Ç
MeuAgWvAmaU Minecraft NUCLEAR TNT EXPLOSION
MfFixGrtEhA Minecraft VARO #1 | STERBE ICH DIREKT?
MgBs4_ZkLdo XXL KUCHEN PRANK Ì†ΩÌ∏±Ì†ºÌæÇ (Explodiert) Ì†ΩÌ≤•
MgEJFAL8OPA Sandra spielt zum 1. Mal GOAT SIMULATOR
Mj6DpqgSdKE Minecraft: T3C Parkour #027 - Lachflash
Mjw16Pb6MVQ Diese Drohne steuert man mit VR-Brille Ì†ΩÌ∏±
Mk6TK8B6-8E Minecraft: The Challenger - Episode 4 - 31, 69, 27, 11 - TADAA!
MkQJ6age0Kw MEIN SETUP!
MmGrxcxVAbY VERR‡∑åKTE OZELOTS | Minecraft Facts #6
MmVwRzjEXek D√úMMSTER AGARIO FAKE (Diep.io)
MoTKM0Q-km0 NACKTE MENSCHEN MITTEN IN NEW YORK
MqltGPPP2Es SIE HAT GEANTWORTET Ì†ΩÌ∏±
MrK_9cgRG1s LACHFLASH!! SIMON TROLLEN HAHAHA :D - #77 - Minecraft MEGA PROJEKT [ConCrafter Feed The Beast]
MsFukMUVWPs D√úMMSTE FuÌæ∫ll Challenge ‚öΩÔ∏èÌ†ΩÌ¥•
MtcVKJnFCmg Ì†µÌ∑úÌ†µÌ∑ñÌ†µÌ∑õ Ì†µÌ∑ïÌ†µÌ∑úÌ†µÌ∑° Ì†µÌ∑™Ì†µÌ∑úÌ†µÌ∑òÌ†µÌ∑óÌ†µÌ∑òÌ†µÌ∑• Ì†µÌ∑óÌ†µÌ∑î Ì†æÌµ∫
MtkOWDrsUAY DER BODEN IST LAVA Ì†ΩÌ¥•Ì†ΩÌ∏µ (Challenge mit Rewi)
Muk_Uuii0Wg NEUE SERIE! | Make Them Jump
MvtAkDYfQwg WIR BAUEN DIE INSEL WIEDER AUF
Mz33Q_DCmzA Minecraft EPIC JUMP MAP #3 - Skillzzz! (SkyDoesMinecraft Butter Edition)
Mzrv9s_boCc L U C A
N-CCJ9wGas0 Die BESTEN Pokemon GO Memes
N-k0EgdhJ-c 4 Bilder 1 YouTuber
N-o_xn55iO8 Minecraft: Die Together Show - Episode 9 - SparkOfPhoenix am Start, ya!
N0NCr04ZOOE GTA 6 (Gameplay)
N1L2toNQyxY Zuf√§llig Essen bestellen
N1gtO8N1OXw KILLER CLOWN PRANK Ì†ΩÌ∏± What's wrong with you !?
N2KjaIN8orY GR√ñ√üTER GTA V MINECRAFT SERVER
N3Ju8xcfjNQ Minecraft VARO #18 | GHAST ANGRIFF!
N3f0-6kqmmc KRASSER BERG DIREKT AM SPAWN
N4QdAzPZzow MINECRAFT AM LAPTOP
N7vjWUrcVsI GOMME HAT DEN GR√ñ√üTEN! | Curve Fever
NBqRqgDVSRo Minecraft ASTRO CRAFT MOD!
NDXJSCozCk0 TIK TOK Videos nachstellen Ì†ΩÌ∏Ç
NDsYyYZMT8w DU HAST DICH VER√ÑNDERT
NFdaXmWtQlY Wahr oder Falsch !?
NHyN06V8bjQ Fortnite in REALLIFE
NJ624FkK9Iw YOGA CHALLENGE MIT EINEM MODEL
NJ9bk9kmQI0 EXPLOSION BEI SIMON! GOMME FAST TOT!!! [CAM] - Minecraft MEGA PROJEKT #109 | ConCrafter
NJmc4PZB_DY #FREIHEIT HATE GEGEN MICH? | luca
NN-tZeTo_Rg Minecraft: Die Together Show - Episode 26 - TROLOLOLOLOL!!! & Ponk!
NOSCQpjZ8Qk LUCA ZIEHT ALLE AB! - Let's Play Poker
NO_N_7zScXQ Ich spiele ein PSYCHO Horror-Spiel Ì†ΩÌ∏±‚ö†Ô∏è
NQ9rP7U7IZA Ich bestelle das TEUERSTE Produkt von GUCCI Ì†ΩÌ≤∞
NQNGQe0Uu2w Do you know THESE Sounds !?
NRAfW1_JGHg Happy Wheels - Episode 3 - Frauen & Technik!
NSQklcdQOIM UKULELI VLOG 2
NTAFVdsY_Jc VERB√úNDEN MIT PALUTEN & SEGEN DER AMENO KIRCHE! | Minecraft LEBEN #7
NTK0mD9BdY0 GOMME WILL AUF'S MAUL! | Christmas Craft #5 mit GommeHD
NTPVxygxcjQ ich habe etwas verloren
NTcvjgmbPuM Minecraft 1.8 Gameplay Pre-Release [Enderman, Sprint, Lightning, Ruins, NPC,...]
NUP3n1pNEzQ KRASSESTER LACHFLASH EVER!!!! - MEGA PROJEKT TROLL?
NWKEiqLBPmo MEGA ERSCHROCKEN Ì†ΩÌ∏± (Five Nights at Freddy's)
NW_3MfBbwTM FRANKFURT WEGEN MEINES BUCHES
NWiaTPyiQTE Ich reagiere auf LUCA MEMES
NX58TYrcvN0 Minecraft HORSE RACE [CAM]
NXE3y9r3grM Meine Reaktion auf ANDERS von \
NY_jA6WvviQ Lava Teleport! | Minecraft Animation Vine
NYeDlfq9tlw NICHT LACHEN CHALLENGE
NaJaDUmOg70 Etwas SCHRECKLICHES PASSIERT! mit ungespielt | Minecraft HERO #91
NawHEToWobo REGEN AUS DEM NICHTS? | Minecraft Facts #27
NfNI47YqfW4 10 different Types of Musical.ly Users
NfUadM0ch-w Minecraft 1.8 Seeds: Pyramide mit Diamonds, Emeralds, Gold & Iron!
NgqHWxltdiE Zuschauer zuhause Ì≤æRRASCHEN
Nh-w1TyyUEM UNSERE LIEBLINGS-SERIEN! | Minecraft WALDLEBEN #4 mit HerrBergmann & Kedos
NhyLQ64yHmg MC ROCKET LEAGUE HACK
NiD2Qy3R-DQ Meine Reaktion auf KYLIE JENNER
NjPuDcWuO64 WARTE WAS
NlTYYJV0ETA Minecraft: Die Together Show - Episode 42 - Streit zwischen ConCrafter & DnerMC!?!?
NlsVAu1zeJU Fortnite auf dem iPhone
NnmUCL6nQp0 Es geht zu weit...
Nno-kLtETjA WhatsApp PRANK gone wrong...
NrrvXIrOoD8 Die D√úMMSTEN Fragen im Internet
Nw2qZAg2lSU Minecraft 1.8 Seeds: EPIC CRATER, PYRAMID, SPAWNER & NPC!!
Nxd-8xyvH8w Endlich wieder MINECRAFT
O0DiZmvq3KY Mein 1. Mal CLASH ROYALE
O3cLX1KlQBE TOP 5 Minecraft Seeds!
O5LfzQadEj0 ICH HASSE FIVE NIGHTS AT FREDDY'S
O7PpbuA6RSk FUSSBALL P√ÑRCHEN CHALLENGE Ì†ΩÌ≤ï‚öΩÔ∏è (Max & Jana VS Luca & Jule)
O7o0TCJaI-0 DIE CREEPER RACHE
O7w4kmF10iQ I'M A MILLIONAIR
O81QTKCHIzc WIR PL√úNDERN KEDOS' BASE! | Minecraft GALAXY #35
O9jhMqjrEjA CHOCOLATE PIZZA Ì†ΩÌ∏çÌ†ΩÌ∏±
O9wGpACmTyU OMG, SO VIELE SILBERFISCHE! | Minecraft CAPTIVE #19
OAADq3L7E8U NYAN CAT! | Minecraft Commands #17 | ConCrafter
OD9uklOEH80 Mein Doppelg√§nger
ODjR3WkLBxE My BIGGEST Giveaway Ì†ΩÌ∏±Ì†ΩÌ≤ï
OEbUz5coQos DiEsEs SpiEL iSt BeSsEr ALs FoRtNiTe
OI9XOJak1pg Was wird h√§ufiger bei Google gesucht?
OJ7Tjyc6FMY ICH CHEATE ZUM 1. MAL
OKiEYd79cnY Minecraft CAR MOD!
OMtTm1GPvGk Ì†µÌ∂£Ì†µÌ∑ÇÌ†µÌ∂æ D√úMMSTE PERSON der WELT Ì†æÌ¥¶Ì†ºÌøº‚Äç‚ôÇÔ∏è
ONH5bqxFsQo Die LUSTIGSTEN Tik Tok Videos Ì†ΩÌ∏±Ì†ΩÌ∏Ç
ONaCiioCFfM ICH HASSE CREEPER
ONysWHQ3CYQ Das verst√∂rendste Bild EVER
OTt4sN3mHmI Wer Wird Million√§r? Ì†ΩÌ≤∏Ì†ΩÌ≤∞ CHALLENGE
OWfFOkOxwqo \
OZu5KAVfN4c WIR HABEN KATZEN! | Minecraft CAPTIVE 2 #8 | ConCrafter
OagJBfuEjRE Bedeutung von YOUTUBER Namen
Ob0v9LyV25o Ein neues MEGA PROJEKT? | Minecraft Bedwars | ConCrafter
OcVYC8bH2oE HURENVOGEL | Flappy Bird
OciAtX9bRYA Er verkauft DIESE AirPods bei EBAY Ì†ΩÌ∏Ç
OeHEa7-sia0 Senioren machen ANSAGE gegen mich Ì†ΩÌ∏ÇÌ†ΩÌ∏õ
Ofi-UQ6_00s MEGA LAG DURCH COMMAND | Minecraft Commands #42 | ConCrafter
OiPayREYdxA LUSTIGE CHALLENGE MIT SANDRA
OifBbTp2FI4 DIE BESTEN 3D ZEICHNUNGEN
Ok2V815SrXI Jeder HASST Musical.ly
OkPrNpaWODk RICHTIG oder NERF GUN Ì†ΩÌ¥´
OlgpnScq5A0 TASCHENRECHNER IN MINECRAFT | Minecraft Facts #21
Om8NroKecUE VERSUCHE NICHT ZU LACHEN
Op2kUeX1MPo DIE WITZIGSTEN AMAZON FAILS
OpEJHmLgs9U UNSICHTBARES ITEM! | Minecraft Facts #54 | ConCrafter
Oq_0XeuL5Go DIE SMILEY PIZZA
Oqf01fFFMo8 Luca spielt das SCHWERSTE SPIEL der WELT Ì†æÌ¥¨
OrLjp4syYio FuÌæ∫ll mit ALKOHOL BRILLE
OsObfuiLwXA KEV VERGIFTET CHOCOBO | Minecraft HERO #10
OvZqgleZZK8 LUSTIGE TIK TOK COMPILATION
OxIkXWWD_oo TRY NOT TO LAUGH
Oyn2Five3Jc Ì†ΩÌ∏∞ Ich spiele ein HORROR SPIEL
OzVUGuNboI8 Meine Reaktion auf DUMME Kommentare
P1kN95LKp_w Meine Reaktion auf GNTM 2019
P2UkPsg8RF8 Minecraft SKY DEN #11 (Modded Survival Map) - Grrrrrrrrrrrr
P2ek2-88Qw4 50 Fakten Ô≤ær LUCA
P2x_O-igBqI MEIN SNAPCHAT ACCOUNT
P5i8IX4l2BM ZOMBEY LACHT Ì≤æR KR√úPPEL | Minecraft HERO #26
P61s_yqOENs BESTES KISTEN VERSTECK | Minecraft Facts #23
P6B74nDsdok Minecraft VARO #16 | REWITOR-BASE GEFUNDEN!!
P6VnS58cEak ICH BIN EIN VOGEL
PA2jVlWQzig Ich mache einen HAUPTSCHULTEST
PAVUDDDG93c FALLEN VOM H‡µ¨HSTEN PUNKT | GTA ONLINE #11
PAjd6TJNlbM ICH BIN EINE TAUBE
PDyUlAaz2Qk Minecraft: The Dropper - Episode 3 - Badezimmer!
PFCGUU2QrgI Minecraft GALAXY #1 | ATTACK OF THE B-TEAM!
PFVuim0QAQY Minecraft: Smoothic! (Texture Pack Spotlight)
PG2ju7syj-s DUMBEST RHYMES EVER
PHMj6ITyfRI Senioren zocken FORTNITE
PHnAounvUJo PORTALE! - #23 - Minecraft Feed The Beast
PI6FbwxSdE0 Wenn FANS gegen mich GEWINNEN bekommen sie 25‚Ç¨
PIHUvjbKO0M FLAPPY GOAT SIMULATOR
PI_-0rCh0GY LEUCHTENDER PENIS ALS HAUS!! [CAM] - Minecraft MEGA PROJEKT #95 | ConCrafter & Rotpilz
PId1_D_g6Sw KOMMENTARE unter Bibi H - How it is ( wap bap ... ) Ì†ΩÌ∏õ
PJ31LXSrvUE ...
PLP6rqY16j0 Ich mache einen GRUNDSCHULTEST
PMr6SihZzmQ Minecraft CLONE MOD
POqMMNW0aPo Die 1. Minecraft Version
PPLc2MLwn48 DAS NEUE ONE DIRECTION
PV7Jw4lTsLw MINECRAFT HERO 2.0? | Minecraft Hide'n'Seek | #FragLuca
PVW36-yBaHY Minecraft: Die Together Show - Episode 59 - ERSCHROCKEN! :(
PVxPAX00tGA FIFA 13 Ultimate Team - Road To Glory EP.6 - ACHTUNG AB 18!
PWx5KS9qXOw Meine Reaktion auf das iPhone X Ì†ΩÌ≥±Ì†ΩÌ∏±
PYCSG_-MDxg Kiss - Marry - Kill
PYtjIvkqy34 Happy Wheels - Episode 9 - Neuer Pogo-Stick-Man!
Pb92a0CjXts WER L√úGT BESSER ?! Ì†ΩÌ∏± (Sandra vs. Luca)
PfA30dNqFxc DIESES SPIEL IST SO KRANK
PiA8uD7dseA Mein 1. YouTube Video
PjeQVw9XI4A DINO TOT - ICH SCHLIE‡∑æ MEINEN KANAL?! | Minecraft GALAXY #30
PkSYVDpPH9w Minecraft: The Dropper - Episode 5 - Kinderzimmer!
PlKoMgMKEV8 Luca testet die CAPITAL BRA PIZZA Ì†ΩÌ∏±Ì†ºÌΩï
PlTmUnyGY3w VERSUCHE NICHT ZU LACHEN Ì†ΩÌ∏Ñ
PmDRPb1s9BQ RAHMEN mit NAMEN | Minecraft Facts #19
PnhqorwMfKo Die D√úMMSTEN FuÌæ∫ller
Po81XQoGrdo Minecraft 1.6 - 3D ITEMS MOD!
PoAa0WdaDME ZUSCHAUER im NEUEN PROJEKT!? [CAM] - Minecraft MEGA PROJEKT #106 | ConCrafter
Pv6L4INzfBQ OME.TV PRANK
PvJ55xHk938 was habe ich getan
PxtzDe08mZ8 Christmas Craft - Tag 7 - SCHNEEMANN 1/2!
PyrDAonr6uc TV | Minecraft Crafting Ideas!
Q-zu6MMqYD8 WIR KRIEGEN KINDER
Q35IHlbG9yw Minecraft WORLD EDITOR MOD!
Q3ed0-JRkH0 RICHTIG GEILER Minecraft 1.7.10 SEED!
Q8ppT2bX6Mw DAS war in meiner 100‚Ç¨ Ebay Mystery Box
QEvlIvTRg2Y Minecraft SIMCITY MOD!
QGPQkfZqzvM Alte PRIVATE VIDEOS anschauen Ì†ΩÌ∏±
QGXcqwwAevY DAS ERGIBT KEINEN SINN
QIzj8sdKd2Q Dieser YouTuber muss gestoppt werden...
QMVhCarBJuk Ich stelle mein 1. VIDEO nach
QMYfAN8a7YM MINIUM-SCHERBEN-KLAU! & Vollautomatische EISEN-FARM! - Minecraft MEGA PROJEKT #89 | ConCrafter
QN2EIPZZee8 Meine Reaktion auf LIEBESLIED F√úR LUCA ‚ù§Ô∏è
QO7WBr5Ca9s Erkennst DU diese YouTuber an 3 Merkmalen !?
QP_idoop5c8 LOS HOOLIGANS!! - #61 - Minecraft MEGA PROJEKT [ConCrafter Feed The Beast]
QTYv8qu3L7g Ich mache SIMON DESUE nach Ì†ΩÌ∏°
QTfOqgVJQGM WhatsApp PRANK with Lyrics
QUdlNgsvPuA TOP 5 Minecraft Texture Packs!
QUqR47K00Ow Minecraft TELEPADS MOD
QV2ouSJEm6U ICH LIEBE IHN
QVBrzGY6yc0 ICH REDE MIT SIRI
QW6SE_BaIEc DNER WILL KRIEG UND STIRBT EINFACH | Minecraft HERO #41
QW9htrM56PE SO SIEHT CLEVERBOT AUS
QXrRil-Z9nQ WER KENNT MICH BESSER ?!
Qa9NLAC07rU Der 1. TOD!? | Minecraft GALAXY #2
Qe2jjUcDD8c der ECHTE NAME vom CLEVERBOT
QfcgCiLf8-4 GommeHD getrollt :D
QhuX72N69Xw DEBITOR HAT MICH GET√ñTET | Minecraft HERO #23
Qi3w9dt-ICo DER D√úMMSTE CHEMIKER 2.0
QkD-rzj5D9I Ich teste SCHMINKE Ì†ΩÌ∏±
QkE7sGT5wH0 Livestream morgen mit GommeHD! | Minecraft Bedwars | ConCrafter
QnJ5m1cFjdQ Minecraft EPIC JUMP MAP #5 [CAM] - PUNKTE FIGHT!! (Super Mario Edition)
QnQZAfygbJo HUNGER GAMES! (Minecraft Map mit ConCrafter!)
QnSnbBG3BdI DER CLEVERBOT 2.0
QpOcRBdjs3Y WEI‡∑æS CHOCOBO! mit Kev | Minecraft HERO #20
QqsgEFraki0 Minecraft MOB RADAR MOD!
Qr3nZOsKdmU MEIN NEUES AUTO Ì†ΩÌ∫óÌ†ΩÌ≤∞
QrKD_lArphg Minecraft: Trauminsel #13 - HOLY CAKE!!
Qrl7DVXBOGE An das ARSCHLOCH aus dem Club.
Qs3Ugzt4_js LUCA MEMES 5.0
Qt-MJJsGzeI My LATEST Upload Ever !! Ì†ΩÌ∏ÇÌ†ΩÌ∏Ç
Qt2PiEWZsoI WIR GEHEN AUF REISE
QtZyTRQefq4 TIM FRISST HAHAHAHA :D - #69 - Minecraft MEGA PROJEKT [ConCrafter Feed The Beast]
QyKIGFM9aTs Er verkauft LOUIS BETON Taschen auf EBAY Ì†ΩÌ∏Ç
QyKm9WGQSbM Fan SCHL√ÑGT seinen Bruder auf Omegle
QzkuIURk56o GEILER SPIELMODUS mit SUCHTFAKTOR!! - Minecraft SPLEGG | ConCrafter & KranCrafter
QztskgVFYe8 TOT!! WAHAHAHAHA - #66 - Minecraft MEGA PROJEKT [ConCrafter Feed The Beast]
R-63yArZVpE TANZEN IN FORTNITE Ì†ΩÌ≤ÉÌ†ºÌøº
R-xhgN4p_rw W√úRDE ICH STERBEN?! | Minecraft Hide'n'Seek | #FragLuca
R0r3Ph-XaVM Minecraft 1.8 Seeds | LION KING SEED!
R2GrAFlLtb4 GOOGLE HASST MICH
R2mez3QqPr0 Minecraft: Die Together Show - Episode 24 - F√úHRERschein!!! ;)
R5ojToLSgUY Minecraft ONE IN THE CHAMBER mit Rewi
R7ZA4a-UW58 Fortnite ohne Waffen
RADFIQZqYh0 Luca BESIEGT einen IDIOTENTEST
RBaXy--EOgY EPISCHER LUFTKAMPF MIT DNER!! [CAM] - Minecraft MEGA PROJEKT #108 | ConCrafter
RC2LGeG9rRA Ich mache einen HAUPTSCHULTEST
RCuSzLKLT7Q Meine Reaktion auf KATJA - DICKE LIPPEN
REAHKQXjwU8 Autofahren mit Luca! | ConCrafter
RFQ0zVBuyN0 Wie gut kenne ich BIBI ?? Ì†ΩÌ∏± (Quiz)
RFe0v--OrQM DUMM - D√úMMER - PETRIT! | Minecraft GALAXY #15
RHP1Va_A294 \
RILFDbunpKU Ungespielt, GommeHD, ZeronikHD & ConCrafter - COCA COLA WERBUNG
RIMpIgHONWM WO IST LAUCH LUCA ???
RIqzurDGno8 Minecraft: T3C Parkour #033 - Auuuutsch!
RLeqg0dM35g Ein Tag in meinem URLAUB
RMZFB7c60EM GNTM schmei√üt SIE raus ?! Ì†ΩÌ∏±Ì†ΩÌ∏≠
RN7rdRTlq5g GLITCHIEST GAME EVER
RNhK-DvaxYI WER W√úRDE EHER  Ì†ΩÌ∏Ç
RPthtLkonwU Dummes MÓìúhen rollt sich Ô≤ær den Boden
RQwpDfcuQjM FANS PRANKEN auf OMEGLE
RStP6A9YsCk Meine Mutter err√§t, wie teuer meine Kleidung ist Ì†ΩÌ±ï
RVbjDcndBfo LANGE REISE mit EUREN THEMEN | Minecraft HERO #50
RY8NOSdSg9c Ich probiere ENGLISCHE S√º√üigkeiten Ì†ºÌ∑¨Ì†ºÌ∑ßÌ†ºÌΩ≠
RZ--9Qz9BV0 Ich teste mein GEISTIGES Alter
RZsF6Kjz2nw ICH HABE SIE GEFUNDEN
R_bATKCP86E Statement
R_fek1O599s B√ñSE KOMMENTARE LESEN 4
R_qpkHUVi8M Der UNLUSTIGSTE Witz aller ZEITEN
RaORBBfBamo ICH HASSE DIESES R√ÑTSEL
RajqvowQr8k STAGEBLOCK (Survival Map) - Trailer
RatzlNysa-c I'M A LET'S PLAYER
RbZHm0gslQg DIE VILLAGER INSEL 2.0
Rc-vblYzkHo SCHNEEM√ÑNNER IM NETHER! | Minecraft Facts #87 | ConCrafter
RdR74-sypbM SO VIELE GLITCHES! | Goat Simulator
Re_lZSUBieU NEUE WELT - DEBUG MODE! | Minecraft Facts #45 | ConCrafter
Req6HVsB-jk ICH KANN SCHIE‡∑æN! | Minecraft GALAXY #12
RfR4O_Ikihs Minecraft SURVIVAL GAMES mit Dner!
Rg0lVUfUrDg BAH ALTER
RiGeljx9tS0 STICKY RESIN! - #43 - Minecraft Feed The Beast
RiMSUOFsnzE BLONDINEN WITZE! mit Rewi & AviveHD
RjkCyi4NB7w JA NEIN NICHT √ÑHH Challenge
Rjmj24lcwxA ICH WERDE GERITTEN :O
Rm_R_NA-JME Eine WICHTIGE √Ñnderung Ì†ΩÌ∏•
Rng1kXrTubk Der Boden ist Lava Ì†ΩÌ¥•Ì†ΩÌ∏µ (Fortnite Challenge)
RqYLPUucODI ICH SCHIELE | Minecraft HERO #66
Rs1ZyyerGdo Diese YouTube Videos haben 0 AUFRUFE
RuYcWLW9Aa4 Der SCHLECHTESTE Fortnite Spieler ist ZUR‡∑åK
Ruj0NwqOPyk FUNKTIONIERENDER AUFZUG | Minecraft Commands #4 | ConCrafter
Rvz-te_X4Uc NUR HACKER IN COD
RwapAkvFj5M ICH HASSE HAPPY WHEELS
RxDoEhUPo-E Payton & Luca im McDrive
Ry4g83-2s2w DER RASEN-M√ÑHEN SIMULATOR
Rz361fFc6ls SENIOREN ZOCKEN GTA V
S-Cm3Js8Bes Nur bei Restaurants mit 1 STERN Bewertung bestellen
S0Dgh-8Tv_A Minecraft BIKE MOD
S1Rn3Vjl37Y Ich bestelle das TEUERSTE Produkt von LOUIS VUITTON Ì†ΩÌ≤∞
S2F0Djy7Pbg Canvas Bag & GLASBODEN! - #64 - Minecraft MEGA PROJEKT [ConCrafter Feed The Beast]
S2nW54Wl3-o Ger‡øåhte Ô≤ær MICH
S3n7j_1nvuI CLASH OF CLANS MIT PIRATEN! | Plunder Pirates
S5uwjgFnADQ GEF√ÑNGNIS! Gommes Gun KAPUTT :D - #73 - Minecraft MEGA PROJEKT [ConCrafter Feed The Beast]
S623t4Oa13g Ì†ºÌΩîÌ†ºÌ∑∫Ì†ºÌ∑∏ Diesen BURGER gibt es NICHT in Deutschland
S6CvAYjTUNw Luca reagiert auf \
S7sG4uLHQRM Minecraft: LOST - Episode 1 - Sehnsucht nach der Beta! (Beta 1.5)
S86k8nhsLO8 Auf KRIEG gegen STADT PINK warten | Minecraft HERO #73
S8XmL2BzKKI ALTES SCHWEIN DESIGN | Minecraft Facts #74 | ConCrafter
S98KXAKkhNc Ich fahre Achterbahn in VR
S9RHaoLGD_M SKRILLEX - \
S9exmvz7BSs ICH ALS 3D FIGUR
SAiPoLT9R00 Luca reagiert auf \
SB8mF5xbkiE Minecraft Seeds: Island with Mushroom Biome! (1.3.2 Seed Showcase)
SChqeMwV2J0 *NEU* OMG !! FORTNITE 2 !! LUCA !! KRASS !!1
SD5QKizayWk SENIOREN ZOCKEN MINECRAFT
SFQa58GdZrI Ich mache das UNM√ñGLICHE QUIZ
SFT_47vd6uE SLAIN by WISP im NETHER! -.-\
SFTrWGtT4nU Meine Reaktion auf DOME
SGWtt9U-6M4 Payton & Luca besteigen den DOM
SHHFJ3KfmTg ICH BIN EIN M√ñRDER
SJ7UKDOZLgc Minecraft: Die Together Show - Episode 30 - Moscheen und Religion!
SJLYwt5NvMk GRABSTEIN F√úR CHOKI | Minecraft HERO #106
SOR1AcRuifQ Sandra & Luca sprechen mit dem CLEVERBOT
SPBVj8BlncU Er l√§sst einen BALL aus 120 METER fallen Ì†ΩÌ∏±
SRCqDim5Yjk Minecraft SKIN PACK | ConCrafter
SROFohmsdsQ Minecraft 1.8 - ALLE Neuerungen
SRTtPLyNbLw ES IST ZUR‡∑åK Ì†ΩÌ∏±
SSCL_244V24 Dieses Quiz ist UNM√ñGLICH Ì†ΩÌ∏±
SSXe7P2fgwk 50 FRAGEN AN LUCA
SSwzZtIwUpo SEX VOR DER CAM! - #37 - Minecraft Feed The Beast
SU-kFa_NIIo Minecraft: Desert Wasteland - Episode 13 - Finale & Download!
SUEjs63bC90 THE NEW AGARIO
SX1RgWY80XQ GOMME'S GESICHT! | Minecraft CATCH MR. TROLL #6 | mit GommeHD
S_eZqSC0-9I WHATSAPP FAILS 6.0
SaU1eGoltFQ TRAUM DIMENSION | Minecraft Crafting Ideas!
Sd-xkHeZw4A Luca als KATJA KRASAVICE
Se7VJfy01P0 Minecraft: The Challenger - Episode 6 - Arschloch!
SeanQ5kGd_A SCHWERSTES YOUTUBER SPIEL
SiNVZhfjGYc DER BESTE S√ÑNGER
SiqwX3d9qq4 America First, Luca Second
Sk6OLr3g8DY KRASSER TIK TOK TRICK !! Ì†ΩÌ∏±
SliZnw559uA INSELREPARATUR 2.0
Sm09p7qayM8 7 SEKUNDEN CHALLENGE
SqJ9Wg5QTqg ALTER VON FANS ERRATEN
SqdftEfoYYo ANGST AUF DEM WORLD TRADE CENTER
Ssz-9GayYew Minecraft NYAN CAT MOD!
SuVuAICzXY4 warum keine tiktok videos kamen...
SyzVnsr2Mh4 DNER ERSCHRECKT MICH | Minecraft HERO #54
SzGDRMb_3IQ DU LACHST DU VERLIERST
SzTdo8CqQak WOLLT IHR MICH VERARSCHEN ???
T-q-aM3SNxw Minecraft DISCO MOD
T0pucjJkal8 5 YOUTUBER IN 1 HAUS? | Minecraft HERO #102
T1tUqjWNlio YouTube Videos mit 0 Aufrufen
T2Hgn0mV2Yk \
T2JfMLiDtFw A normal day in Minecraft
T30tus49iCo FAIL! - #22 - Minecraft Feed The Beast
T4hHvR9A2Bk Was ist in der BOX !? Ì†ΩÌ¥™Ì†ΩÌ∏± (Challenge)
T5YnbkPKGTg L√úGEN Challenge
T6EYj8zsDbk DER LEUCHTTURM
T75dCBK0G1g HATE WEGEN STYLE! | Minecraft Hide'n'Seek
T76OJ8GoJGk SO sieht meine HAUT unter dem MIKROSKOP aus
TBrdj7_DjjA Minecraft SUBWAY SURFERS
TDFxCkmiMow Minecraft: Trauminsel #3 - Oh ein Baum.
TELnUXxGo2k DIE ERSTEN SEITEN MEINES BUCHES!
TGcHYXuxSvk 10 iPhone Lifehacks Ì†ΩÌ≥±Ì†ΩÌ∏±
THJywMPlgMU Kinderserien-Intros erraten mit SANDRA
THMCnoH_uLQ WHATSAPP FAILS #20
TJTJ0Jxz3ko W T F
TJuqLK3K2hQ Minecraft HUNGER GAMES [Cam] - ERSTEEEERR!!!!!
TLGd8VqnWVg HALLO ERNST! - #9 - Minecraft Feed The Beast
TM7fD-ZEgXY Minecraft 2048
TN0n4hOAzLI WENN ICH DU W√ÑRE | Virtuelle Bundesliga 2015
TQipdo9cFj8 KETTENS√ÑGE, vromm!! - Minecraft MEGA PROJEKT #44 [CAM/Deutsch/HD] (ConCrafter)
TTwFSlF3Yzg SINN VON WEIHNACHTEN! | Minecraft FREEZE #8
TURg2I3jiNY Ich zeige euch PEINLICHE Kindheitsbilder Ì†ΩÌ±∂Ì†ºÌøª
TXlnlsQpDgc We need to talk...
T_OhrF7D3OI DIE BESTE MOBFALLE | Minecraft HERO #59
Ta3YbUJb_JQ Let's Show Minecraft #001 [Deutsch] [HD] - Die Entstehung einer Welt
TbEH0H5-Oq8 KRIEG MIT KEV | Minecraft HERO #88
TcOsJI4XfbU ER IST ZUR‡∑åK
TdAWVS5eBs4 Minecraft 1.8 Seeds: STRONGHOLD on WATER + NPC!
TfOi6l82uVs Minecraft REALISTIC DEATHS MOD
TgHMj8LZwbQ Minecraft 1.6 Redstone Tutorial - FASTEST CLOCK
ThRYPlsxIOc Meine Reaktion auf 1. Videos von YouTubern
TiUaoHfIYG0 Besseres YouTube Design!
Tj6NenLVSXw ERSTELLE DEINEN EIGENEN COMMAND! | Minecraft Hide'n'Seek
Tjxxmk7jDPk DAS KANN DOCH NICHT WAHR SEIN, WAHH!! -.-\
Tk1nzQd_FhA GL‡∑åKSRAD CHALLENGE mit FREUNDIN!! (Stadt, Land, Fluss)
Tlk0MuTyfGc ICH WURDE BEKLAUT
TmyNk8aTv64 WAS WAR DAS? - MEGA CREEPY PFERD! | Minecraft LEBEN #5
TnrMnbpM_hw LUCA wurde entf√ºhrt
Trc1DB6vluI END PORTAL UNTER WASSER
Ts8fQsCrayk KAMERA F√ÑLLT FAST INS WASSER
TtJhGBq0LGE Minecraft MOB GUNS MOD
TtyqC-_ov5g Minecraft HERO #1 | B√ñSER B√ÑR!! :(
TuNDshPw0gg NiChT LaChEn CHaLLeNgE
TvGH-HeLk6A T√ñTEN WIR CHOC O BABO ?? | Minecraft HERO #86
TwX1Dxpd8T0 Minecraft HUNGER GAMES [Cam] - PURE DUMMHEIT!! (SKILL ROUND)
TyPtyuHu908 Luca & Julia bei der POLIZEI
U-FGzoSdP4M DNER T√ñTET MICH!! EPIC ENDERDRACHE KAMPF!! - Minecraft MEGA PROJEKT SPECIAL #114
U08q0P6qkvI LUCA vs REWI vs JULIEN
U0c-ZVJtLsY 22 Fakten, bei denen du OMG sagst
U1D68cz5yNQ Minecraft: Die Together Show - Episode 62 - Partner Netzwerke!
U2Hg-azdqhc Die LUSTIGSTEN Sch√ºlerantworten in TESTS #2
U2_NGCwXZAI Dieses Video ist SCHLIMMER als \
U3UH2KmxQd0 du ahnst nicht, wie er klavier spielt...
U5SoJ9fLYXA Minecraft: GBE #7 - GRANDE FINALE!!
U8c6B0v21Pw DAS UNM√ñGLICHE QUIZ
U8hK4530uv4 ANSAGE AN APPLE
UBQ3NORjpVw FOREVER ALONE! | Minecraft GALAXY #17
UEKpOaCNMcg Sandra & Luca reagieren auf ANMACHSPR‡∑åHE Ì†ΩÌ∏Ç
UGupeHRi9Ic Mein Handy wurde GEKLAUT...
UItaHi52pWc POKEMON KAMPF! | Minecraft GAME V #10 mit GommeHD
UKY6IeikC9s Minecraft TEWERAN 3 MAP [CAM] - Vareide, Ungespielt, GommeHD, TheNodop...
ULSrok6d39w WAS IST DAS ??????
UN-eY3Cs8UI Jemand muss diese Serie VERBIETEN !! (Hilf Mir)
UOSEI0F50yI LUCA IN PARIS
UOWwZlDcIvo HALLOWEEN SPINNE! | Minecraft Facts #10
UOmdZSpConk Der BESTE VLOG aller Zeiten !! Ì†ΩÌ∏ÇÌ†ΩÌ¥•
UPqMbpQwWpQ WER STIRBT ALS 1. ?
UR_XojEqgIg TOT! // Minecraft MEGA PROJEKT #51 [ConCrafter]
UXYAktJCx-A CHEATEN im HARDCORE MODUS! | Minecraft Facts #35
U_AIKymRtlA DER FRIEDHOF
U_ZSX47KckI MEIN 1. KUSS
UadQa4o8hBk Warum verkauft man SOWAS bei EBAY ???
UfgaN5yHJ4Y SKELETT-REITER! | Minecraft Facts #46 | ConCrafter
UicPbXrV2X8 Diese Frau badet in SAHNE
UjHCnq6VLos WTF LUCA
UkQ71Fva8sM FIFA 13 Ultimate Team - Road To Glory EP.5 - EIN SIEG :O
UlQhTo65WAs JET AUS MILIT√ÑR-BASIS KLAUEN | GTA ONLINE #3
Ulk4qDKvr9s Dieser Mann isst zum 1. Mal eine FRUCHT Ì†ΩÌ∏Ç
UmN4J0K2-UI YOUTUBE EINE DROGE? | Minecraft GALAXY #9
UmvmKv_kb3s SENIOREN ZOCKEN NINTENDO SWITCH Ì†ΩÌ∏Ç (Lachflash)
UnnwaWLOtsU TROLL ZOMBIE! | Minecraft Commands #6 | ConCrafter
Uno35WSvVxM DIAS in 73 SEKUNDEN! | Minecraft CAPTIVE #7
UokQcQbOOBI GASSI GEHEN MIT BALOU
UpiEActK7gs 0
UtHe1hrrbi4 CAMPING IN MINECRAFT! | Minecraft Commands #14 | ConCrafter
Uw2PHqr-bWw Findest DU den Fehler? Ì†ΩÌ∏≥ (91% Fail)
UxEbtET4ss0 AKINATOR KENNT MICH
UxbEze_4tYo Minecraft SKY DEN #9 (Modded Survival Map) - WIR KOMMEN VORAN :)
UzEUlaTcl1U TOTAL DUMM VERLAUFEN | Minecraft HERO #35
V1DX1MkUJ1s LIONEL MESSI reagiert auf mein Video !! Ì†ΩÌ∏ÇÌ†ΩÌ∏±
V2IiQSdXOM4 TOP 5 Minecraft Server!
V3uwMUL3fL4 LUCA & PALUTEN SPIELEN BATTLEFIELD
V63bHKxGu1M ICH LACHE MICH TOT
V69jaRyIHgo MINECRAFT 1.3 UPDATE - Ender Chests, neue Terrains, Lan-Server!
V6GpGk5AYnw Minecraft HERO #100 | ZUR‡∑åK IN DIE VERGANGHEIT!
V77UDI3_ivQ MINECART LENKEN! | Minecraft Facts #31
V7TUIqGmxxk DAS OZEAN MONUMENT
V7sdAdDNQtE BEAN BOOZLED CHALLENGE Ì†ΩÌ∏≥Ì†æÌ¥¢ (Gross Jelly Beans)
V9MhLW1Voas DIESE WEBSITE KENNT JEDEN
V9QoC17_QKY Meine Nummer ist Û∂øæntlich
V9yFEPO1bxo ...
VAkmdySDYfY ICH KAUFE EINEN HUND
VB8EUwvObIA Minecraft 1.5 - ALLE NEUERUNGEN! (Redstone Update: Comparator, Daylight Sensor, Activator, Trichter)
VBUzJWoWmp4 LUSTIGE ONLINE SHOPPING FAILS
VFK0ri_1hYc Minecraft TOGETHER SHOW #66 - DnerMC als Gast! :O
VFjgVMjczHM Schau dieses Video NICHT, wenn du gerade ISST
VG4bxfnRSks OCH N√ñ
VGkDHqOE2uU akinator ...
VJaLlbCQsuU Luca reagiert auf ‚ÄûHilf Mir!‚Äú - Hauptsache in der GANG
VNTvD3t9U0A NEUE KISTE GEFUNDEN! | Minecraft CAPTIVE #21
VQ38ZApy53s WER BIN ICH? mit KranCrafter | Minecraft Guess Who!
VRZRS52jZVM Ì†µÌ∂µÌ†µÌ∂§Ì†µÌ∂±Ì†µÌ∂≤Ì†µÌ∂¥Ì†µÌ∂¢Ì†µÌ∂ßÌ†µÌ∂§ Ì†µÌ∑°Ì†µÌ∑úÌ†µÌ∑ñÌ†µÌ∑õÌ†µÌ∑ß Ì†µÌ∂πÌ†µÌ∂¥ Ì†µÌ∑üÌ†µÌ∑îÌ†µÌ∑ñÌ†µÌ∑õÌ†µÌ∑òÌ†µÌ∑° Ì†ΩÌ∏Ç
VUU0n6dYENQ \
VVZdx_J23fU ABSOLUTER TNT RAGE | Minecraft Awesome Jump Mania #7
VZa15CdVwuA MINING TURTLE COMMAND IN VANILLA! | Minecraft Commands #13 | ConCrafter
V_ftrvf6_Vs Polizei Kontrolle im PORSCHE Ì†ΩÌ∏±Ì†ΩÌ±Æ (Vlog)
VaEjJuELxS0 Der 2. Teil von ‚ÄûMein Freund m√§stet mich‚Äú Ì†ΩÌ∏Ç (Hilf Mir!)
VaiK2Z0TWuw MEGA CREEPY MONSTER! | Minecraft Commands #9 | ConCrafter
ViZzolWN804 FINALE
VijosFr9ZeM BESTE GTA 5 MAP! | Minecraft GTA V
Vj49GgB_XF4 Erkennst DU diese YouTuber an ihren Frisuren !?
VkYFxt74ktE DAS PROJEKT IST FERTIG
VlCuPtAntt8 Try Not To Say WOW Challenge
VmWitfJ1xXI LACHFLASH 3.0
VmgQzxFqaUY 2020
VoETVYhqDQY Kinder auf OME.TV haben mich GEDISST
VoHAl0AjGas ZAUBERTISCH! - Minecraft MEGA PROJEKT #38 [Deutsch/HD] (ConCrafter)
VpMaJ0e9Pys Minecraft: Die Together Show - Episode 19 - ERFOLGSFAN!?!?
VqKAAum0Y2E BEST MINECRAFT MLG TNT JUMP
Vqnx3tNh-n4 DIE ERSTEN FOSSILIEN! | Minecraft GALAXY #21
Vr_OpElytJY STADT GEFUNDEN | Minecraft HERO #9
Vt5mjO617p0 Minecraft WORLD OF ILLUSIONS
VtPxjcYszds Das Haus von JAKE PAUL
VtjGicdqhvo CREEPY ENDERMAN | Minecraft Facts #16
VuHpwdXbNzw Meet the World's Worst Fortnite Player
VvjQNw7lQ_Y ICH HASSE EUCH Ì†æÌ¥¨Ì†ΩÌ∏Ç
VxO1dokHt9E DIE BESTEN GOOGLE BEWERTUNGEN
VzvOFOHTjoE Ich RASTE AUS
VzvTg5UIe_A Ich bin h√§sslich
W-FGCfPVeoQ ICH ZEICHNE BIBI
W-c1-iGcpnk Diese Website zeigt dir deinen STAR DOPPELG√ÑNGER
W0bEtyLfnro Mein IDOL reagiert auf MICH Ì†ΩÌ∏≥
W0fXiWWJpQg McDonald's VS Burger King Ì†ºÌΩüÌ†ºÌΩî (BLIND ERRATEN) Ì†ΩÌ±Ä
W1QE7yxiZp0 Meine Beziehung mit dem Cleverbot
W3ckFj76jNo IT HAPPENED AGAIN...
W3w2PBCzV3g Minecraft GOOGLE
W44et_sjcaI Minecraft 1.5: TOP 3 BEST SEEDS! (Temples, Awesome Mountains, Strongholds, Villages, Witches)
W4JkYitxs8Y EHH √ÑHH AHH UHH! | Minecraft CATCH MR. TROLL #16 | mit GommeHD
W4LvkOFS0Tk HELICOPTER FLUG Ì≤æR NEW YORK
W4oTph7BRPE Minecraft VARO #9 | WALD STEHT IN FLAMMEN
W5vabQ3TFIU SKIN CONTEST #1 | ConCrafter zeigt eure Skins!
W8IeYLpnoa0 NICHT LACHEN 10.0
WAbRnEyanR8 1000KM GEFAHREN! HUMBA, HUMBA! | Minecraft CAPTIVE 2 #6 | ConCrafter
WBtjBH-neMw Die LUSTIGSTEN Sch√ºlerantworten in TESTS #3
WCKV30Vx6RM VERSTECKTE KISTE! | Minecraft Facts #50 | ConCrafter
WCfXpAH0OVA Diese Website zeigt einen ZUF√ÑLLIGEN YouTube-Kommentar an!
WD727LKX5h8 DAS KANNST DU DIR NICHT AUSDENKEN
WEM7GP-ecOs NICHT LACHEN 6.0
WEzzjo-hVsg GOBLINS SUCHEN STRESS | Minecraft HERO #34
WGoXDTp0Ak4 WHATSAPP FAILS #18
WKMoJ4Z3CBQ Ich schreibe ein BUCH
WKufpbF4iHA MEINE FREUNDIN SCHMINKT MICH
WL-ivNv2lB8 DAS H√ÑTTEN WIR NICHT TUN SOLLEN
WLrhLfheIIU B√ñSE KOMMENTARE LESEN
WMwZzH3jpWA INSELREPARATUR
WPbWZULBM4M What would Google say?
WR2qw_Iq_14 CONNI IST KEIN NOOB...!! :( | Christmas Craft #13 mit GommeHD
WSExt4733Tc NUR NOCH HATE! | Minecraft Hide'n'Seek | ConCrafter
WT2sGRw57Ag DAS passierte an meinem GEBURTSTAG
WThHdYxaLxI Minecraft HIDE & SEEK - Nuke & Mega Projekt Laberei
WV5wLqW78fw Minecraft CLEVERBOT
WV6u_MJ5qhg Meine Reaktion auf WRESTLING
WVakPnxqpSk Das TEUERSTE Hotelzimmer der WELT Ì†ΩÌ∏±Ì†ΩÌ≤∏ (40.000‚Ç¨ pro NACHT)
WX9jqWc0VbM ICH BIN MODEL
WXCN77DTOPA ARTIKEL 13 IST DA
WXNNFZlt0Xk GLITCHIEST SPIEL EVER
WXu4SDut5ak WhatsApp PRANK an Lukas Rieger Ì†ΩÌ∏ÇÌ†ΩÌ∏Ç
WbIZ7IqnYGQ Was ich f√ºr Mails bekomme...
Wbu4Zx0ODCE Luca reagiert auf \
WcXi97K710M NICHT LACHEN CHALLENGE
WdMaW1KZSLM Wer L√úGT besser ?!
WdpFVPJz1-8 Ì†ΩÌ∏± MEIN 1. TATTOO
WdwzOR-KqX0 bitte nicht lachen Ì†æÌµ∫
WfVZKK1Q49Q ICH HASSE FIDGET SPINNER
WgL25tc2m7M Minecraft 1.8 New Items/Blocks [Melons, Silverfish, Vines, Enderpearl,...]
WgPtP-NQifI XP | Minecraft HERO #49
WhOqYA4n7nY WAT, NEIN, JA = WTF?! - Minecraft MEGA PROJEKT #5 [CAM/Deutsch/HD] (ConCrafter)
WkOdkdCVikU GR√ñ√üTER KAKTUS | Minecraft Facts #12
Wps14eBMi-A GommeHD VS ZeronikHD Haus! :D // Minecraft MEGA PROJEKT #54 [ConCrafter]
WtWGTrWHxNI CONCRAFTER PARODIE Ì†ΩÌ∏Ç
Wukz_kbAT6o DIE LUSTIGSTE CHALLENGE ALLER ZEITEN
Wuqux4RujKk STADT ROT KRIEGT ANGST | Minecraft HERO #53
WwFBbFbfpDQ MYSTERI√ñSES NEUES ITEM! | Minecraft Facts #53 | ConCrafter
WwIMHXd-4I0 Minecraft: Die Together Show - Episode 32 - STARS durch Youtube?!
WxqlPYPGFrA CONCRAFTER ANIMATION
X-Z0ZiW1gPE ICH bestelle meiner FREUNDIN Kleidung bei ASOS
X-d4r_b50o0 Erste Instagram Bilder von YouTubern
X094vlEl2Zc ENDERDRACHE ohne SCHADEN! | Minecraft Facts #36
X1XtWWx631c FFFFFUUUUUUUUU! | Minecraft FREEZE #12
X2kXLDjPP5Q Who's more FAMOUS !?
X2xEo9k-yLQ WhatsApp Nachrichten, die an die FALSCHE Person geschickt wurden
X56T0YBbstg BEINAHE UNFALL !? Ì†ΩÌ∫óÌ†ΩÌ≤•
X6Fp21DvBCw Minecraft PANDORA'S BOX MOD
X6uXMbV1Ddo LUSTIGSTES OME.TV VIDEO
X7tP--HK6qQ DUMB FAN VIDEOS
X9Bsxjj5aos Minecraft 1.6 - MOB AMPUTATION / BLOOD MOD!
XCLzE2C58uo Minecraft 1.4.6 - SONIC ETHER SHADER MOD!
XDgtCPn17_U Diese Serie ist schlimmer als HILF MIR
XFVMD3AF6Tk DER LETZTE Ì≤æRFALL
XGFCRONKQEM WTF
XH46GTnn71Q ICH BIN UMGEZOGEN! | Minecraft Bedwars
XIBpDDZ4kdU Frohe Weihnachten
XJ2XmuXViQQ MEIN 1. MAL FORTNITE NACH 1 JAHR
XKLSIx3ZimI UNFAIR MARIO #2
XMnabVYjiio FRAGENNNNNNN
XNO5MV51Q8c MY FANS DIE
XPcpjZmlOQ0 Minecraft BESTER PVP SERVER [Domination auf Mineplex]
XS8ISYy___k Dieser Junge ist mit 16 Jahren MILLION√ÑR
XTyS-Z8wszM SPANNENDE KUH SUCHE! | Minecraft CAPTIVE 2 #16 | ConCrafter
XURD_skZQn8 AGARIO WELTREKORD
XVTCz66YFgk OH NEIN ...
XVhQWU7cNuk D√úMMSTE. STEUERUNG. EVER.
XWXir2NRzDQ ERZE Ì≤æRALL!! - #4 - Minecraft Feed The Beast
XXwQC0Zuns4 Dner ist W√úTEND!! :'D - Minecraft MEGA PROJEKT #43 [CAM/Deutsch/HD] (ConCrafter)
XYIL1THBvJ4 Mein neuer ROBOTER Ì†æÌ¥ñ
X_nVflnOf_E ICH HASSE ES
XaVYFByRmaU Minecraft CHALLENGE ACCEPTED #1 [Cam/Hunger Games] - Nur rechts & links laufen!
Xb51nOA3roY DIESES SPIEL TROLLT MICH
XcY2MjuXIrE o k a y
Xd0W7F1SEbU wenn DU keine FREUNDE hast Ì†ΩÌ∏Ñ (Vlog)
XeMohfMUwJ0 Kelly SCHMINKT mich Ì†ΩÌ∏±Ì†ΩÌ≤ï (Vlog)
XgEjNPDGsP4 GL‡∑åKSRAD CHALLENGE mit FREUNDIN
XhDE3gTTe00 Minecraft BUTCHER MOD
XhFlErjkS1U 7 Dinge, die ich NOCH NIE gemacht habe... Ì†ΩÌ∏±
XiBoabE0U9I wer FURZT muss TRINKEN Ì†ΩÌ∏©
XiGmwGy65wg ASIA CANDY CHALLENGE
XiPOf3C_EEk O
XjUfABmkT4Q DIE POLIZEI WAR BEI MIR ZUHAUSE
XjV5xAb08OI Der NUKE KRATER & Mass Fabricator WEG!! - Minecraft MEGA PROJEKT #87 | ConCrafter & Rewi
XjeGv37R1wU MEIN NEUES PFERD
Xk_y_thdMKI Mein Equipment | ConCrafter
Xkf5nAfX9xE SUNSET
XnlfO9b173Y RIESIGE B√ÑUME | Minecraft Facts #17
XqIwQnqDpGc wir stellen 12 WELTREKORDE auf Ì†ΩÌ∏± *kein Fake* (wirklich)
Xs4mRZPzrDg Er verkauft DIESEN Laptop bei EBAY Ì†ΩÌ∏Ç
Xu24quYfXBI HE PEES INDOORS | Sims 4
Xu_EVonszig Minecraft: Desert Wasteland - Episode 3 - ENDERMAN!!!
XvHmERii2fM Minecraft 1.3.2: Alle Neuerungen!
XxPdF0a19gk Minecraft: Die Together Show - Episode 47 - Unsterblichkeit?
Xz-Meks66eU OPTISCHE T√ÑUSCHUNGEN Ì†ΩÌ∏±
XzTT2Hc35TU Minecraft: Desert Wasteland - Episode 9 - WHAT THE F*CK!?
XzaiWfSGvRI MEINE 2. LUCA PIZZA Ì†ºÌΩï
Y38SCvcaP_g Meine Reaktion auf Katja's Song
Y5qt1AVEf1E FANPOST AUSPACKEN
Y8jpdl-VeQw ICH BIN NICHT IN VARO 3
Y9Ais-iC66M Mein YouTube Freund
YCmdbVXdArs ONLINE SCHOOL FAILS
YD_Di79AzBs Luca kann nicht laufen
YEF6hV6zOlE GOMMEHD HAT DICKE EIER! | Minecraft CAPTIVE 2 #4 | ConCrafter
YEayDjCrHlY ALLES GEL√ñSCHT!? | Minecraft GALAXY #18
YErJoIhcxXc POKEBALL | Minecraft Crafting Ideas!
YGFVszxIbLo Minecraft 1.8 Seeds: EPIC MOUNTAINS, 2 SPAWNER, PYRAMID & NPC!!
YMcGNCKHwUY ULTIMATE DIEP.IO RAGE
YMxLkmWSONU Wir machen ein BABY Ì†ΩÌ∏≥Ì†ΩÌ±∂Ì†ºÌøª (Sims 4)
YNxE7Yo8emo Ansage an BibisBeautyPalace
YPKDgQSRUuk DAS SPIEL
YQ6StbgQSwM ICH T√ñTE GOMME! :D | Christmas Craft #2 mit Dner & Gomme
YQM3Fx6HI0c ROTPILZ NACKT | VideoDays Tag 2
YR0Cpq8JXMA SELTENES ZOMBIE HUHN! | Minecraft Nitrado Sommer Event | ConCrafter
YRW-aL1aE9I ACHTERBAHN IN VIRTUAL REALITY
YSaclqFyKDM WIR D√úRFEN NICHT LACHEN
YShnt9EqlRM i give up
YT06qDIbCGk DER BESTE ZAHNARZT
YTnOlAKfKfI TROLLEN MIT GOMMEHD | Minecraft Awesome Jump Mania #1
YUl26zKiQvI 19 Dinge die jeder macht - Aber niemals zugibt! (+ GEWINNSPIEL) Ì†ΩÌ∏±
YUx6Vm0hahI MY OWN QUIZ
YVVFfAD36fw DER BESTE MALER
YVrfoWT89jA WER L√úGT BESSER ?! Ì†ΩÌ∏±
YW5GpSZJebg THAUMIUM! - #16 - Minecraft Feed The Beast
YYC-xd8mV-I Eure SNAPCHAT VIDEOS
YZ9pBN4ms0M SYNONYME
YZmAykyUCis 3 Bilder 1 YouTuber
YaNqH77USG8 Minecraft 12w38a - Witches, Bats, New Sounds & Beacon Block (Snapshot Review)
Ye6tNqEY5hg DAS IST UNFAIR! | Minecraft DOMINATION
YfTZb-IsGRQ Minecraft ALPAKA MOD
YfWZDOBGxcg WORST GAME OF 2015
YgDIolP5yCw KRIEG GEGEN UNGESPIELT | Minecraft HERO #44
Yk_7D8McBEU Eine Woche im Leben von Luca! | ConCrafter
YlWIqdqYtPU Meine Reaktion auf KRASS KLASSENFAHRT
Ym8cgo5PUmQ NICHT LACHEN 9.0
Yn1jJyImOlo Diese Stars tragen MEIN Merch
Yn_cqgl1X8U Kein Reallife & Facecam mehr... // Minecraft HUNGER GAMES [ConCrafter]
YoWOmsM4gyY W√úRDEST DU EHER ...
YpF_BIxhpyA JELLY BEANS CHALLENGE
Yr2Ngz_vfxs MARIO SOUNDS :D | Minecraft GAME V #8 mit GommeHD
YtXnlqljtL4 Ich habe euch angelogen...
YwoIRksSr7k EKELHAFTE SLENDER CHALLENGE
Yxxj-exiI-Q HERO WELT zum DOWNLOAD? | Minecraft HERO #94
YzNBldtjO4M FRAGE / ANTWORT
Z1FWbVOAJFo MAUZ IS REAL
Z1S_3yEiWyQ Minecraft: Anvil / Amboss Review! (1.4 Update)
Z39QXW7vID4 MIR. IST. HEISS.
Z5LmXAfaZXk Instagram Bilder nachstellen
Z5U4hNphDsU 5 SEKUNDEN
Z5zxWq9vk-M DSCHUNGEL! - #17 - Minecraft Feed The Beast
Z6hROtSTtn0 Meine neue Freundin
Z7NpT3cs4qw Minecraft DANCE MOD
Z7fMjl_M2Nw ROOMTOUR
Z83XxJhfP04 VARO 4 #2 | This could be the end... Ì†ΩÌ∏±Ì†ΩÌ∏≠
Z9SbdA2ko0I Fidget Spinner in GTA V Ì†ΩÌ∏≥
Z9xXbd5WS5M Mein schlimmster Albtraum! | ConCrafter
ZALfWbLFdMI DUMME FRAGEN
ZDl9n-U4Y7c Meine Reaktion auf DOMES DATE
ZDmRH6xVD9g AUTO | Minecraft Crafting Ideas!
ZDxBKNRcJQo MEIN NEUER HUND
ZFfc2oSy8Ao DAS GOOGLE SPIEL
ZGowl13jqVc DIE SPANNENDSTE FOLGE
ZH84_n6In48 AQUARIUM | Minecraft Crafting Ideas!
ZJmTUOa2XoE TOP 5 Minecraft Shader!
ZKMr3Rei5Zo DAS KLEINSTE MINECRAFT DORF
ZLt54xssbcA Minecraft: The Challenger - Episode 9 - Fried Chicken!
ZMEsEIJKpcw SO sieht unsere ZUKUNFT ab 2020 aus
ZNdsDCE4daA ‚ÄãVersuche NICHT zu Lachen Ì†ΩÌ∏Ç | MAUZ #5
ZRWnF6U3w34 KEV STIRBT DURCH MEIN MOND PORTAL! [CAM] - Minecraft MEGA PROJEKT #105 | ConCrafter
ZSnybWc5kX4 BEST HORSE GAME EVER
ZStn_HwKqX4 50 x GRO‡∑æR SLIME! | Minecraft Facts #52 | ConCrafter
ZYyy_dx9sXc KOMMEN PHANTOME ZU UNS ???
ZZC2H1HrY9M ALPAKAS GEF√úTTERT & SCH√ñNSTER SEE! | luca
Z_srT4O2lTI 1. APRIL
ZaFhg6h3UtQ Rewi's Haus wird VERBRANNT | Minecraft HERO #67
ZandG-nBA4g KRANKHEIT FOLGE | Minecraft HERO #29
Zav7GavfPhE GESPUCKT IST ABGEMACHT
Zbqy5XrC1r4 DER 3.000‚Ç¨ KUSS Ì†ΩÌ∏±
ZcC2F-JfFTM GENERATOR! - #24 - Minecraft Feed The Beast
ZcCnI643I_s MINECRAFT VIRUS COMMAND! | Minecraft Commands #19 | ConCrafter
ZdTB3EBTjbM DNER VERKACKT
ZeqZS4r-1wE iPhone 11 MEMES
ZfkKCpPN_d4 UNCUT
ZgrGGIRqjv4 SO TEUER war der REGEL-VERSTO√ü Ì†ΩÌ∏≥Ì†ΩÌ≤∏
Zhh8eL9j6jo Minecraft 1.6 - BATTLEAXE & SPEAR MOD!
ZhnaBuTPnSw DUMME ASK.FM FRAGEN
ZilXE-flXSc Minecraft LONGBOARD MOD
Zk0YWHGn5bw VARO 2 TRAINING + TAKTIK! | Minecraft Survival Games
Zk5KlW46d3w Miguel Pablo...
Zlv3OLlgK78 DAS hat ein KIND zu HALLOWEEN gezeichnet !!!
ZmkYNIj_2ks Happy Wheels - Episode 13 - WTF und Gamescom
Zml_TyvPiak AHHHHHH! - #30 - Minecraft Feed The Beast
ZnSlTaVPSJs BESTE CLEVERBOT STORY
Zo6gTF8puBs 5 j√§hriges MÓìúhen DISST Luca
ZoKnTVueCtc Minecraft BREAKING BAD MOD
ZoM2HcIqE14 ich rede Ô≤ær meine krankheit
ZvtnRaM49mY Dieses Spiel macht mich AGGRESSIV !!!
ZxwMoKzvi1U T3C Parkour #13 - Minecraft Adventures
Zxwl0rVqaZw MEINE KIRCHE
ZyBMAYWd-do Minecraft ULTIMATE TROLLING #10 - Epic Jump Map - SCHLAGEN -.-! | ConCrafter & GommeHD
ZzGiHbSeQes - 1.000.000 ABOS
ZzuIFsz_DWg WAS GEHT JETZT AB ???
ZzzAO1kTHZk The BIGGEST PIZZA SLICE ever Ì†ΩÌ∏µÌ†ΩÌ∏ç
_2knzG-Ugcw HERO endet wie MEGA PROJEKT !? | Minecraft HERO #82
_3pQsmRscCo ROOMTOUR ???????????????
_4Yak2i3YtE WITZIGSTES VIDEO EVER
_5eGofL7Ws0 MEGA ERSCHROCKEN, FUCK! | Minecraft GALAXY #29
_69ttmcITSA ICH BIN DER FARMER
_7tBfYgGm3E NEUES PROJEKT! | Minecraft Bedwars
_87W46mSAwA Minecraft: Die Together Show mit Dner #1 | Der Beginn!
_8OeJipQ7tk Ich bin eine SCHNECKE
_9rgD8jeKFk Ich mache, was ich will.
_ArPEj1s9tc Minecraft VARO #13 | RAP DISS!
_CRwUpInHiE SINN VON WEIHNACHTEN! | Christmas Craft #9 mit GommeHD
_CSfooRN3cg WITHER IN STADT ROT SPAWNEN | Minecraft HERO #60
_DT2WroHoxo Welcher YOUTUBER ist das? Ì†ΩÌ∏≥ (mit Julia Beautx)
_G28HsWPFog 2.000.000
_Gnb-k5BXA0 ICH WERDE ZUM DIEB
_Hy6MjDRbUE ‚ÄãSPEED DRAW CHALLENGE Ì†ΩÌ∏Ç | MAUZ #9
_HyAWPTcjP8 ROOMTOUR VOM HOTEL-ZIMMER! | luca
_IvBHl-fHYU LUCA PIZZA 3
_JKpNdGgbqU YOUTUBER PHOTOSHOPPEN
_N-nZfAYIsE Minecraft MINE PAINTER MOD
_N1Xx5gZQo4 Opa macht Ansage an LUCA
_P5ySvFuhZg Minecraft: T3C Parkour #031 - Pressen
_QJt4Xn0_pk ER SIEHT SIE NICHT Ì†ΩÌ∏∞
_RHj00jn1_s ICH ST√úRZE AB
_RT55qMfbgU ICH BIN IM WELTRAUM
_RtOYbWXmBA Meine Reaktion auf ANSAGE von iBlali
_S8UqxHenlc ICH BIN GUT
_ThrNqpxyas VLOG
_UJwgaB0kRc Minecraft 1.6 - FORGE MOD + INSTALLATION!
_Upe0iGNrsM Der D√úMMSTE Vollidiot
_WrPKVahRx0 UNGESPIELT SCHMEI√üT DNER RAUS!!!! [CAM] - Minecraft MEGA PROJEKT #96 | ConCrafter, Dner & ungespielt
_Y47lW-__zU Dig! | Minecraft Animation
_ZK8Yf0uRcA ALLE H√úHNER LIEBEN MICH! | Minecraft CAPTIVE #13
_ZxnKct0LjA Wir sind Weltmeister! | ConCrafter
_bJZtFS6An4 R.I.P.
_bYIVIa84ig DIE UNN√ñTIGSTE WEBSITE
_bhRLbNV3OE SIRI, ICH HASSE DICH
_blqPrRG6dE HEUTE LIVESTREAM! | Minecraft FREEZE #9
_cMRk4vRGVo Erkennst DU diese YouTuber an ihrem Mund !?
_d3bohWv_5w Dieses MÓìúhen bekommt 5000‚Ç¨ TASCHENGELD Ì†ΩÌ≤∞Ì†ΩÌ∏°
_dNgKb1AKGE MEINE ANGELH√úTTE
_dOMHUYgk0g Minecraft: The Walls 2 #1 - PVP mit Porkchop Media!
_do0Sp_gCwE WHATSAPP FAILS 12.0
_fL7g1MRu1c ZAUBERN mit SPARK! *_* - Minecraft MEGA PROJEKT #12 [CAM/Deutsch/HD] (ConCrafter)
_fRtHS6t094 Minecraft SKY DEN #1 (Modded Survival Map) - TROLLEN mit ZeronikHD! :D
_gGNqV2Okmk WIESO TUT ER DAS ?!?!?!
_jEsyNrCLMM Sind meine Yeezys FAKE ?!
_jOjlSHR1A0 HATTE ICH MAL EINEN AUTOUNFALL?! | Minecraft LEBEN #4
_mKrDhKPZNk ERSTES MAL TECHNIK! - #55 - Minecraft Feed The Beast
_nmLuH2UzQw 100.000‚Ç¨ wenn sie keinen SEX haben Ì†ΩÌ∏±
_oTqKPnbhvg Minecraft HAPPY WHEELS POGO MOD!
_pNJqagEOJU Wer Wird Million√§r in MINECRAFT - ConCrafter (Wer Wird Diamandion√§r)
_q8c3X2nago ICH BAUE MEIN 2. HAUS
_r2Kb4bf6D0 Wir machen nicht die GR√ñ√üTE SEIFENBLASE Ì†ºÌºàÌ†ΩÌ∏± (Vlog)
_rCxiw4toPU ICH KLAUE EINEN DIAMANTEN
_rJMa7e2Fdk Ich kaufe eine EBAY MYSTERY BOX Ì†ΩÌ≥¶Ì†ΩÌ∏±
_szK50ZdIfc PEINLICHE FRAGEN Ì†ΩÌ∏± (mit Mama)
_wi4hiPEmCk Dummes MÓìúhen isst Bilou
_xul0wCCHF4 B√ñSE KOMMENTARE LESEN
_yQcXAaAjTg Tsch√ºss Erde
_z3kFmsqczE ER K√úSST SIE Ì†ΩÌ∏±
a-4LlV9CUB0 DIE HORROR H√ñHLE
a03tEbKEcP0 Entscheide dich NICHT f√ºr die FALSCHE Box, sonst...
a0sf2wNiMp8 Luca reagiert auf \
a2N2mWdAbn8 Gl√§ser-R‡øåken um 3 UHR NACHTS Ì†ΩÌ∏• (mit Rewi)
a5Uwt1OVrfc AGAR.IO DURCHGESPIELT
a5ePkkBph4M DNER DU ARSCH!! :'D TROLL AN DNER!! [CAM] - Minecraft MEGA PROJEKT #102 | ConCrafter & RotPilz
a6cuWzgrJUU OPTISCHE ILLUSION! | Minecraft Facts #68 | ConCrafter
aA12ORdCsw0 YPLAY & SCHEI√üHAUFEN!? HAHAHA :D [CAM] - Minecraft BUILD IT / MONTAGS MINER | ConCrafter & GommeHD
aBI9oIvtaFk Minecraft: oCd Texture Pack! (by FVDisco)
aCxfSGeT3N4 BESCHISSENSTES SPIEL EVER
aElcvRi0Frc Luca reagiert auf \
aFwi_ngMVoc MINECRAFT 10.000 MAL SO SCHNELL | Minecraft Facts #28
aIRAerRr5M4 Minecraft FLAPPY BIRD
aKbJD6zkyFg DIE 1. FAHRT IM TUNNEL
aLh9_ZdyWMU ICH BAUE MEIN TRAUMHAUS
aLi2MO6wYB8 DIE XXL INSELREPARATUR 3.0
aQ4leliXIUk LEUCHTENDER TEPPICH! | Minecraft Facts #30
aQWhZLd8HA8 Minecraft EPIC JUMP MAP #9 [CAM] - TNT TROLL!! (Super Mario Edition)
aQWxE9iQD_k Minecraft: Oh Diamond! ... FFFFUUUU
aT0YUMMZyC8 Minecraft Mini-Game: HALO! [PVP/HD/German]
aV_sdyb6kf0 LEBENSMÌ≥û MENSCHEN Ì†ΩÌ∏± - Scary Heights Compilation
aZzEyItQmYo Minecraft: T3C Parkour #035 - Jump Skiller!
ag6007Sgwiw Minecraft VARO #5 | SELFIE VOR DER WAND!
ah8weKJsbio Minecraft EPIC JUMP MAP #3 - LIKE A CON! (Valentine Edition)
aj2QXDTqIiE WAS IST DER CONTAG?
ajkqTMl9_H8 Minecraft: Die Together Show - Episode 13 - Computer Sucht?!
alxuhR8aTVc VERSUCHE NICHT ZU LACHEN
an1UKtl4FZg DOME STECKT FEST IM SCHWIMMBAD
arNLpIvync8 Logo ohne Namen Erraten
atKYYPZT_zg NEUE SHIRTS! | Minecraft FREEZE #16
ayIC6hNwZqY Ich habe mich SELBST bei EBAY angemeldet und DAS ist passiert...
b-CSMqBwOr8 WAS IST ZUERST VOLL ???
b0qUkdOFmm0 Ich habe AMAZON RETOUREN f√ºr 100‚Ç¨ bestellt
b3c2H6TkCaQ FALLSCHIRM | Minecraft Crafting Ideas!
b49ok0pj3Cg Minecraft: T3C Parkour #021 [Deutsch] [HD] - NEEEIIIIN!!
b6-rsvGpwKo Minecraft: Die Together Show - Episode 4 - Windows 8 und unsere Meinung!
b9nPd46Y1lk TOTAL BEHINDERTER LACHFLASH! | Minecraft DNA
bA5jHkeJLio ICH HASSE DIESES SPIEL Ì†ΩÌ∏° (Ragequit)
bAiwstl8J3s CREEPIEST GAME EVER
bDVrA2DtkAI ICH HASSE CREEPER
bEqCqlzkLx8 SLOW-MO GOMME! | Minecraft GAME V #12 mit GommeHD
bGXR4c8XVco Ich besuche meine 1. WOHNUNG
bHaMiDLX1oU GNTM 2021 GEHT LOS Ì†ºÌæâ
bIKzdTQBidE DIE D√úMMSTEN EBAY FAILS 2021
bJMeMAeLHok DAS FINALE
bJNLiElWjCo Er macht DAS mitten auf der STRA‡∑æ ?! Ì†ΩÌ∏±
bKedKflM808 bitte verpisst euch
bNtDCsKVG9E Bin ich ein FANGIRL ???
bO3Ifai5IYk Luca reagiert auf ALTE VIDEOS Ì†ΩÌ∏Ç
bOyL9iGKuiw Fortnite mit Handschuhen
bPvrgcW78T0 Minecraft THE BUILDING GAME! mit Dner, Rewi, BTTV
bS7uGWltMlY LUCA GRYLLS im FLIEGENDEN AUTO | GTA V ONLINE #4
bSEBtRq_i64 WAS SCHICKT IHR MIR F√úR SNAPS ???
bSdk-KIhgG8 Auf den 1. Blick ist dies ein ganz normales Labyrinth...
bTR6VtZ2sPc Meine Abos wurden GEL√ñSCHT
bVF5dQKCjdA Minecraft MORE BOWS MOD!
bVY2aor6hTs Minecraft: Desert Wasteland - Episode 6 - Wegpunkt LIKE A BOSS!!
bXnBPmziDCU CONCRAFTER VS DEBITOR | Minecraft HERO #107
bXnjdZbIYTE Ich reagiere auf EURE ZEUGNISSE
b_GhZ4VU1Mw ANGRIFF auf DEBITOR & TNT bei BROKENTHUMBS!! - Minecraft MEGA PROJEKT #90 | ConCrafter
b_YpjB38X-4 WORLD EDIT COMMAND! | Minecraft Commands #27 | ConCrafter
bb6yt5zpS88 DER HEI‡∑æSTE YOUTUBER
bbvO4TdNz7g D√úMMSTER TOD EVER | Minecraft HERO #4
bcxrw0XVsGo B√ñSE KOMMENTARE LESEN 2
bdV78GO2yP4 Minecraft: Die Together Show - Episode 39 - Wer kann's lauter!?
bhTG1Ttai8M ICH LIEBE SIE ... Ì†ΩÌ≤ï
bhjsdNaug_M Minecraft EPIC JUMP MAP #7 - TOTAL verwirrt! (SkyDoesMinecraft Butter Edition)
bji16Pxh_tk GL‡∑åKSRAD CHALLENGE mit FREUNDIN!! (1 Spin = 50% Gute / B√∂se Challenge)
bnu9ixhhShE NICHT LACHEN CHALLENGE Ì†ΩÌ∏Ç
bocSE0CLmSE Erkennst DU diese YouTuber an 3 Merkmalen !?
bsJ_idTqqIM LEICHE LEBT PL√ñTZLICH WIEDER!! OMG!!! [CAM] - Minecraft HIDE & SEEK | ConCrafter
bsSr2VSxMbg Minecraft: Die Together Show - Episode 65 - TheNodop : MTV CRIBS!!
btEWO28xgSA Minecraft: Die Together Show - Episode 63 - Ballerspiele und der Einfluss!
btFKRjuHCSU Luca reagiert auf ‚ÄûHilf Mir!‚Äú - Verkohlte Barbie
btzb4Nl4ZRY Minecraft EPIC JUMP MAP #1 [CAM] - FUN MIT GOMMEHD! (Super Mario Edition)
byVSelRfoUA ICH ENTF√úHRE EIN FLUGZEUG
bz1EcR3WXcU LEICHTESTES SPIEL EVER
bzYpZ6DMidE Diamant Falle & Magie Monster! - Minecraft MEGA PROJEKT #33 [CAM/Deutsch/HD] (ConCrafter)
c0V0VT_gB8g FINDE DEN FEHLER
c1u6rn0NeF0 FIFA 13 Ultimate Team - Road To Glory EP.4 - Ihr entscheidet!
c2myB8Xv3AA Luca reagiert auf \
c399hZ01J-0 WER WIRD ZUERST STERBEN ?
c5LE23Ff7TU KEV ERSCHRECKEN 2.0!! - Minecraft MEGA PROJEKT #28 [Deutsch/HD] (ConCrafter)
c6f26Fzjj3U Das SCHNELLSTE SPRINTEN! | Minecraft Facts #32
c8JHmAK8rDY HIGHEST TURBO DISMOUNT STUNT
c9v_8QB10vA T3C Parkour #11 - Minecraft Adventures
cAuFDJEDN0E DIAMOND CHEST | Minecraft Crafting Ideas!
cBDqZVywrm4 Minecraft FOUR TO WIN - Mini-Game mit Ungespielt - German
cBIAVK-Svqs I AM SO BAD AT THIS Ì†ΩÌ∏°
cCN_X-MHy1g ALLES KLAR
cCZK8qERuHc Uhh, neue ITEMS! | Minecraft CAPTIVE 2 #22 | ConCrafter
cGFjUa8lIwI NICHT LACHEN 8.0
cGQrfEx0MM0 Minecraft CHALLENGE ACCEPTED #2 [Hunger Games] - FOV MAX + TURBO!
cHnjFBKo0vc Ich probiere eklige Essens-Kombinationen Ì†æÌ¥Æ
cIIQK7-d8gE ICH F√ÑLLE MEINEN WALD
cILloH7bZRg DER L√ÑNGSTE COMMAND EVER! | Minecraft Commands #16 | ConCrafter
cIxOTVqo_gs Die LUSTIGSTEN Tattoo Fails
cJNux8_lw38 SANDRA IST EINE ZIEGE
cPAtIGlgFQ0 W√ºrdest du lieber ‚ÅâÔ∏è
cPBx8zjs7HA UNENDLICHE \
cS1iig5Vn5k Ansage an ConCrafter
cUrUJ2hoiUQ OKAYYYYY
cVRA8KIg3hU ICH WAR SO NERV√ñS
cVcGPLvjVaw YouTuber erraten
cVu-kWujXOo Minecraft WER WIRD MILLION√ÑR
cXF92tcZcO8 SEXUALKUNDE TEST
cXcZbn5k068 Sie haben mich Ì≤æRRASCHT !!
cYVmNfRGns4 HEFTIGSTER STUNT SPRUNG EVER | GTA ONLINE #12
cZ0K6YnHPTs SLENDER SONG
cZfyXB54Wiw Minecraft HALLOWEEN MOD
caLxvgYbHJ0 32.000‚Ç¨ F√úR EINE NACHT
caS6jvMfrmc UKULELI VLOG 1
cbRZQIECe1k ENDLICH !!!
cf-M-ValpuM LACHFLASH 4.0
cfJKpdfLI5k MEIN BUCH
cfS9vOSMhHE Gamescom und Videoday 2012! (mit Gronkh, LeFloid, Y-TITTY, Clixoom, DoktorAllwissend...)
cgbM4KZUivQ Freundin VS Freundin
cgduwNjG6bQ DAS VER√ÑNDERT ALLES Ì†ΩÌ∏±
ciM0oOAtJIc \
clgMCADM000 ICH T√ÑTOWIERE MEINEN SMILEY
cmSDUsIhJqE ACH DU KACKE - DNERS HAUS EXPLODIERT! - Minecraft MEGA PROJEKT #94 | ConCrafter
cnIcV6nRzY0 REALLIFE?! - #38 - Minecraft Feed The Beast
coUpmYg6rPo Minecraft 12w42a - Anvil, Repeater & Bug Fixes! (Snapshot Review)
coUxrwmP-rM YouTube, du nervst.
crBTMjKvndg Minecraft PVP GAME - CALL OF DUTY: BLACK MINES 2
csAcJ1yGD6A W√úRDEST DU EHER ???
cv_17g0zzfI Diese neue RTL Serie geht ZU WEIT
cvuJmyLWi_0 MALTE NACKT! | Wahr oder Falsch #2
cwU330-iL5Y Christmas Craft - Tag 5 - GESCHENKE!
cxFEg6YZBKQ BASKETBALL CHALLENGE Ì†ºÌøÄ (mit Lukas Rieger)
cyjdN0gtbGk PIZZA CHALLENGE Ì†ΩÌ∏±Ì†ºÌΩï (mit CrispyRob)
cz8pMn1qKqA Ich spiele GOOGLE
czYiH6f9x9c FART CONTEST! | Minecraft Animation
cza0kVeZAyE Minecraft EPIC JUMP MAP #1 - FOREVER ALONE! (Valentine Edition)
d0tW8mN15PU B√ñSE KOMMENTARE LESEN 3
d35d6c5vDEc WER BIN ICH !?
d4CtrCFi46c Minecraft 1.8 Seeds [CAM]: EPIC CRATER, NPC & MINESHAFT!!
d4oCbM8wREE Pok√©mon GO has gone to far...
d79U4wpWnsA Luca reagiert auf \
d7BBwzV-Dx4 D√úMMSTES DJ SPIEL EVER
d7LdQAMpYY4 1 Tag mit ALKOHOL BRILLE
d8DtEMdDxAk Der DINO ist GESCHL√úPFT! | Minecraft GALAXY #26
d8rndpxRwYQ BADEN in Minecraft...
dAMc0zTcHek Minecraft: Desert Wasteland - Episode 11 - Eure Entscheidung...
dCNI7YROyxo 20 FAKTEN Ì≤æR MEINE DUMMHEIT
dCfPhCj1Dno LET'S TROLL DIVIMOVE EVENT :D - Minecraft Survival Games
dDleg3oTqfI Das REALISTISCHSTE Spiel ALLER ZEITEN
dE0y-1V6A9g K√ñNIGIN will SCHWANZ von KEDOS | Minecraft HERO #71
dEN7rumHwB8 Minecraft 1.8 Seeds: EPIC JUNGLE MOUNTAINS!
dExou3SbXvM INTERVIEW MIT DOME
dF8UGSai9Io SLITHERIO auf dem HANDY
dHz-FaPEflQ MEIN POPEL BEI AKINATOR ?!
dIRaLg_ygLU HOW HOT AM I ?
dP8VmN9gJlY I DID IT AGAIN...
dRYhtxjd4dg Dummer Junge schl√§gt sich selbst
dUtqEWt6PEo DNER WILL MICH T√ñTEN | Minecraft HERO #39
dVSThHTHVzI WER IST ES? #1 - Promi-Raten mit Rewi
dWbdpmyRPHA Minecraft HUNGER GAMES - \
dWu4sePEwXo Minecraft: Die Together Show - Episode 37 - BRAND + SPAWNER!!!!
dXm94mQvuDs AUSRASTEN bis der ARZT KOMMT!! [CAM] - CONNI'S RAGE #1
dY4KTCWp0iI ITEM SCHNELLIGKEIT! | Minecraft Facts #61 | ConCrafter
d_TzcEgikyM T3C PARKOUR [Deutsch] [HD] #001 - Let's Play Minecraft
dahY8rVo0zU ICH STERBE :(
daov7gG2xkA Enderman Trolling
dcy-Pt1tF6g Minecraft HUNGER GAMES [Cam] - GommeHD der Stecher!
de-m4It2QGE Minecraft TWILIGHT FOREST #4 - Let's Battle mit LPmitKev & ConCrafter
dfN0BYRYf7A ICH HASSE ALEXA
dfv5haM3Nd0 GEHT SIE FREMD ??? Ì†ΩÌ∏± (mit Eyetracker)
dgU3D9QtKs0 DAS LANGSAMSTE LAUFEN | Minecraft Facts #5
dhQZivyLHp0 Sandra macht einen F√úHRERSCHEINTEST
dhtDVksYRkc FAKER! | concrafter.eu
dj-v24U1eck LIVE METEORIT ABSTURZ | Minecraft HERO #22
dl9Kcfv82wM 20 Facts Ô≤ær mich
dmcwpPlKXrc Das Video endet, wenn ich Diamanten finde
dmlnok1whQ4 Minecraft MINEWAR #2 - PVP-Mini-Game - German
dmp9EbfXh9A \
dndTW19bECY 10 Dinge, die ich an YouTube HASSE!
dod3W9RnSWM Bekommt dieser Kanal 100.000 ABOS in 7 TAGEN !?
dr05lEkezqE ES BEGINNT! mit Dner & Gomme | Christmas Craft #1
dsDh5k5nLmI Es ist Zeit, Abschied zu nehmen... Ì†ºÌøéÌ†ΩÌ∏¢ (Vlog)
dtjkFVZUJMs I QUIT
dtyTnaOtu4w DIE LUSTIGSTEN CHAT FAILS
duq67BobzMY AUF DEM HANDY CRAFTEN! | Minecraft PE | ConCrafter
dwWVVZ6bZD0 SIMS 4 mit Luca
dxhFWIvM5mo Minecraft 12w37a - Pumpkin Cake, Carrot, Superflat & Wither (Snapshot Review)
e119HydjSdg F*CKING RAGEQUIT! | Geometry Dash
e2-bCRYWGoA GEFANGEN BEI DEN PIRATEN! mit Dner | Minecraft HERO #38
e3e7eWpettY ICH HABE EIN DATE
e4D7O5NdElQ CORONAVIRUS
e4Ic58UKf-E Reacting to Fan Disstracks Ì†ΩÌ∏° (Vlog)
e58I4YZ6gHU GL‡∑åKSRAD CHALLENGE MIT SANDRA
e73t-HxAfVc Luca reagiert auf GOOGLE MAPS
e7HjWMH_vwc LUCA MACHT SCHLEIM
e7l5_llCJRE Dieses Programm wei√ü, wo du HINSCHAUST
e8hKhpWm2Pc MINECRAFT HARLEM SHAKE
e9hYYpESDf4 Undercover mit Instagram Fan Accounts schreiben
e9xEeyHm7_Q Leute im Stau aufregen! | ConCrafter
eCSmeozrKjk Luca als APORED
eCU0_yygTq0 DOME KOCHT F√úR IHRE TANTE
eCnsmjBcHSc OLDSCHOOL MINECRAFT
eDlRp46xVGk H√ÑSSLICHE SNAPCHAT SELFIES
eEYVdXAgAj8 Der UNTERGRUND macht Simon VERR‡∑åKT | Minecraft HERO #68
eEeQFlyHTR8 STEGOSAURUS DNA! | Minecraft GALAXY #22
eHCm8rdTLwA ICH WERDE BEDROHT
eINtpo9YdjA Ich zeige euch mein DATE
eIQcbUP2Xgg Minecraft 1.8 Seeds: 5 RAVINES!!!
eOqI_h4XP5o Minecraft 12w40a - Witch Houses, Inventory & Bug Fixes! (Snapshot Review)
eQQiNuU-MTE Chainsaw Power :D - #60 - Minecraft MEGA PROJEKT [ConCrafter Feed The Beast]
eQr2jYjuEfk ConCrafter Intro [VERALTET]
eR-E8AOH1hc ITEM VERWANDELT SICH! | Minecraft Facts #72 | ConCrafter
eV7DAjlerFE FTB BatBox zur Strom Speicherung! - Minecraft MEGA PROJEKT #24 [CAM/Deutsch/HD] (ConCrafter)
eWfSKrf-BD8 VERSUCHE NICHT ZU LACHEN
eXMaO645CmI Luca sucht sich bei GOOGLE
eXV0Ro4voq4 ICH WERDE ANIMIERT
eZkkH9U7Y6Q ICH LACHE :3 | Minecraft HERO #99
eaV0hRKXp8o KYLIE LIP CHALLENGE Reaktion Ì†ΩÌ∏±Ì†ΩÌ∏Ç
ebLwu0SoRX4 ... WHY !?
ecCHdgDCC9U I HATE LUCKY BLOCKS
edKjoVByTCQ AMOKLAUF im URLAUB! | Minecraft CAPTIVE #5
egFbAoyXajw Minecraft MineZ #3 - PC, Facecam, SteffenBlog, Instagram
ehYL6Tgczdc SPAWNER PYRAMIDE! - Minecraft MEGA PROJEKT #4 [CAM/Deutsch/HD] (ConCrafter)
ehaPAp4P28g CLEVERBOT, WAS IST 0 / 0 ???
ejYxVMdNeMk Minecraft: The Challenger - Episode 1 - ES GEHT LOS!!!
ekX2ve2YBU4 Ich bin ein SCHWEIN
en6mDvyw6CU MEINE YOUTUBE FREUNDIN
eodYwuG4Ve0 20 Dinge, die ich liebe! | ConCrafter
ep-gxpmEQFE Dinge, die ich nicht verstehe & auch nicht erkl√§rt haben will
eqlgONqFpdg Dumme RICH KIDS auf Snapchat
er_rZvwK8x0 Minecraft: ENDER DRAGONS!
erpHQP3M6zA Das BESTE Album... Ì†ΩÌ∏ÇÌ†ΩÌ∏õ
esCmDrsbwhY Was bedeutet DEIN Geburtstag?
esrtMgSvY5g FINALE | Minecraft HERO #108
euhJKnBvHfI KEV GEFANGEN?! | Minecraft HERO #89
eunKzcvMs8g ICH BIN MONSTER MEISTER! | Monster Legends #1
evJG0NXf-yU luca mixt softdrinks zusammen lol
evVCTOS_naI Francesca ist SINGLE Ì†ΩÌ∏±
evirlaH8cyM UNSERE KINDHEIT! - Minecraft Survival Games (ConTalk)
f-1cjUe0b0s Dumme Rich Kids von TikTok
f1MXw4BGcIo GTA mit Rewi & Luca
f1azvVuT4tE Ansage an Luca
f1d2iY_uYKw ES GEHT ZU WEIT ...
f3Um3kJmxb0 DIE H√ñLLEN EXPEDITION
f5XXKLQZ1-w Mein neuer FORTNITE SKIN Ì†æÌ∂ñ
f5c5EBQukl0 DIE TIERINSEL
f89grnfZID4 WAS W√úNSCHE ICH MIR ZU WEIHNACHTEN? | Minecraft FREEZE #2
f8HLTesat60 WAS W√ÑRE OHNE YOUTUBE? | Minecraft HERO #97
fATc5K4jktU Minecraft 1.7 TEXTURE PACK TUTORIAL!
fBbzOpK6kCo ES IST SOWEIT
fD2ONagS-sY LUCA IN DUBAI
fEC2u_URGNI SIE MACHT SCHLUSS Ì†ΩÌ∏±
fGQ_rdfB4sU AGAR.IO FAKES
fIJLxTUXbgU ICH GEBE NIEMALS AUF! | GIVE UP
fIvDQ04qJGQ WER WIRD ALS 1. STERBEN ?
fJFuHpQSgkc Ich gehe als LAUCH in den REWE Ì†ΩÌ∏Ç
fJR80vfLbr8 WHEEY! - #35 - Minecraft Feed The Beast
fJmRbFxizp0 SIE HABEN EIN DATE Ì†ΩÌ∏è
fK9vtmXXHQU WARUM
fM5urHCHKzs DAGI HEIRATEN? | FUCK MARRY KILL CHALLENGE!
fNTYBNXpHWI Minecraft 1.6 - CINEMATIC MOD!
fO1hBVzjnFc COVER von Bibi H - How it is ( wap bap ... ) Ì†ΩÌ∏≥
fOXPBCDUEPA DAS BESTE MINECRAFT DORF
fRfQ4kx0Upo ICH T√ñTE GOMME! | Minecraft CAPTIVE #3
fRqBUflZvyQ Minecraft Seeds: Survival Island! (1.3.2 Seed Showcase)
fSLv9qxbeYM Ich zeige euch zum 1. Mal die LUCA PIZZA 2 Ì†ºÌΩï
fSPcjVx8278 VEGETARIER! - #29 - Minecraft Feed The Beast
fUM9yTn3Gqw ICH BIN EINE FEE!
fV8Usn_FjeU Minecraft IPHONE 6 MOD
fVt6JDzWnXg ICH BIN VERLIEBT
f_IRTxEOs-o NICHT KLICKEN
f_lB0JNRz9k UNFASSBAR RIESIGE ITEMS! | Minecraft Commands #15 | ConCrafter
fe4mwcv5Wo8 Mein Shop wurde GEHACKT Ì†ΩÌ∏±Ì†ΩÌ∏´
ffNtUjX6jxQ AUSTRETEN ODER BLEIBEN? - DU ENTSCHEIDEST! - Minecraft MEGA PROJEKT #115
fg566N-QFwA SANDRA
flUAubnx34Q DUMME TIK TOK KOMMENTARE
fobSGlVlgUM !!! DIESES SPIEL VERURSACHT KOPFSCHMERZEN !!!
fs6LJnnnWBw DIESE VILLA KOSTET 87.000.000 ‚Ç¨ Ì†ΩÌ∏±Ì†ΩÌ≤∞
ft0S1eanxTg WEIHNACHTSFAILS
ftcTh9j7oUs [XXL&CAM] 2xTOD, WITHER & PORTAL GUN! MEGA EPISCH!! - Minecraft MEGA PROJEKT #88 | ConCrafter & Tim
ftuZp2dHg94 Ich zeige euch meine ZEUGNISSE
fvsaKu0oWA8 Minecraft: Desert Wasteland - Episode 1 - Allein in der W√ºste!
fwcA7YpQ9Y0 OMG DA KOMMT NOCH MEHR! | Minecraft GAME V #14 mit GommeHD
fyY1THlZE0Q THEY DID THAT !?
fzcr4MJSID0 MEINE YACHT
fzlPWn5pW-g D√úMMSTER WITZ EVER
fzogY4s4QBM THE NEW GOAT SIMULATOR
g-e4gL8_9jQ GEHEIME INFOS zu Bibi H. - How it is Ì†ΩÌ∏Ö
g3FoGxes_F0 ICH BIN BAUER
g7D_Kd8W-4U H√Ñ√Ñ√Ñ√Ñ√Ñ√Ñ√Ñ√Ñ√Ñ√Ñ√Ñ√Ñ√Ñ√Ñ√Ñ!?
g85qhsfcPm4 7 R√§tsel, die du NICHT l√∂sen kannst
g8aTLPwrb80 Minecraft THE DROPPER 2 #7 [CAM] - DIAMANT, JAA! :) | ConCrafter & KranCrafter
g8rxl2l9Low Minecraft: The Challenger - Episode 3 - Halt die Fresse!
gALQjgvReFg ICH HABE STREIT
gBmeVPOOtdY WHATSAPP FAILS 2.0
gEq6AhevSrU 2015
gFAH2MdpNuE Ich kann NICHTS
gHEGGF-XdWs Sie SCHL‡±èT im ONLINE Unterricht !! Ì†ΩÌ∏ÇÌ†ΩÌ∏Ç
gIUm1UAY7NY ANGST VOR EUCH? | Minecraft Ender Games
gKFkhfCSmEw Minecraft: 12w21a Update - Pyramiden, Golden Apples, Dispenser und Eimer
gKPV2y4620U Luca reagiert auf \
gKkft8u7qo8 Happy Wheels - Episode 1 - Einf√ºhrung!
gMA7fEpawos Die STRENGSTEN Eltern der WELT Ì†ΩÌ∏∞
gMJf4Bu4cVI Vegetarier & Lieblingsfilme! - #52 - Minecraft Feed The Beast
gMUnQrSXSew MEINE NEUE K‡∑åHE
gNvm61cslZg Die PEINLICHSTEN Tik Tok Videos Ì†ΩÌ∏±Ì†ΩÌ∏Ç
gO01cC_Bl0Q Kann dein Gehirn DAS schaffen?
gOpyFmKkafA TV ALS KOPF! | Sims 4
gOxWP5pKff0 Minecraft: Desert Wasteland - Episode 8 - MUUUUUUUUUH!!!!!
gPUZQAV1m2I Im Schnee laufen! | ConCrafter
gPuwQglJS5A Minecraft 1.8 Seeds: 2 NPC Villages, Temple & Ravine!
gRowAS0V_8I VIDEODAY iPAD TROLL HAHA!! - Minecraft MEGA PROJEKT #93 | ConCrafter & Rewinside
gSmhuDjxfSw DAS ENDE
gTNCGnBnMNc 0,164% CHANCE! | Minecraft Facts #84 | ConCrafter
gULSJwS-Jhs Minecraft: Die Together Show - Episode 14 - RTL, das N steht f√ºr Niveau!
gUrgPCB732A UNGESPIELT TOT! :D - Minecraft MEGA PROJEKT #8 [CAM/Deutsch/HD] (ConCrafter)
gWpxQfCVV8Q ICH BIN WEIBLICH ???
gZ9Hdclih6c DIE WITZIGSTEN EBAY FAILS 2021
gaJyqFOUtYM Entschuldigung
gbIPptTc3nM EISEN-GOLEM AUS ANIME! | Minecraft Facts #77 | ConCrafter
gc-rufpz1Y4 1‚Ç¨ PIZZA vs 10‚Ç¨ PIZZA Ì†ºÌΩï
gdTw97N_qL8 EBAY FAILS, DIE VOM NIVEAU HER GANZ TIEF SIND
ge-b9dGV07k WAS HABE ICH GETAN ?!
gi2tbwfbvpM BITTE NICHT ANGUCKEN
giyQedzbjMY NEUES INTRO... | Bomberman
glElg2DM8x0 NICHT LACHEN 1.0
glYrdBLmOeY DER TAG DANACH... | Minecraft HERO #24
gmDu2c3oA_k ICH LIEBE SIRI
gmREnk4NECU ICH sehe aus wie DIESE Person ?!
gmynI03gOc0 Sandra spielt zum 1. Mal MINECRAFT
gnVtto6QxXA Meine Reaktion auf Bibis FITNESS-KANAL
goOhkHDDkac Minecraft Seeds: 9 Diamonds & Pyramid! (1.3.1 Seed Showcase)
gqG09uTArXg Kennt der Akinator FORTNITE !?
grG64vmrGhc REACTING TO HATE VIDEOS
gu2Ey-GWjIQ LUCA POTTER ‚ö°
gvkSH7fyEdI MEIN PORSCHE IST WEG
gymQgwKd1mM Die 10 Luxuri√∂sesten First Class Kabinen!
h09_zkwOcrw Minecraft ULTIMATE TROLLING #2 [CAM] - Epic Jump Map - /kick TROLL :D | ConCrafter & GommeHD
h1NZeJ6pZqc #FTBLP - #45 - Minecraft Feed The Beast
h4WLS2jz-z8 VARO 3 #3 | GEGNER GESEHEN ?
h8exHKk0HRU DAS TNT FINALE | Minecraft Awesome Jump Mania #9
h9GzMZoijI8 T3C Parkour #15 - Minecraft Adventures
h9jzEveJ4a4 WIKIPEDIA IN DUMM
hAi9lIIax-A The most stupid buildings of all time !! Ì†ΩÌ∏±Ì†ΩÌ∏Ç
hBfDgWURzSw *Kuss* *Kuss* :* - #75 - Minecraft MEGA PROJEKT [ConCrafter Feed The Beast]
hCuMhzq4Pvc ICH H√ñR' AUF? | Minecraft GALAXY #34
hDFMjjMw51U NEUER HUMBA TANZ! | Minecraft CAPTIVE 3 #3
hDOM-MMl1M4 BESTER HACKER!
hDxEjUmQfMY BL‡µ¨KE HIN UND HER SCHIEBEN! | Minecraft Commands #36 | ConCrafter
hEXBRPq4Cic WITZIGE ONLINE SCHOOL FAILS
hEyZTg-Aiqw Meine Reaktion auf ASMR
hFb1ir75_rE ICH BIN EIN M√ñRDER
hFdh7Kcsdu0 GL‡∑åKSRAD CHALLENGE mit FREUNDIN!! (1 Spin = 1 Frage)
hG9YJ5-W-zg Meine Lieblings-Musik! | ConCrafter
hGGfYrr29CI KRASSESTER FACT EVER! | Minecraft Facts #57 | ConCrafter
hK5yOLjna4A DAS BESTE SPIEL ALLER ZEITEN... | Clash of Kings
hKex3HBGLZE ICH KANN POKERN!
hKuc6Kht_rE Versuche, immer die VORIGE Frage zu beantworten!! (Sehr schwer)
hLbHo7ZJFSg TNT SPECIAL & OZELOT CANON | Minecraft Facts #7
hNVVOOzJgzQ DIE LUSTIGSTEN EBAY FAILS Ì†ΩÌ∏Ç
hVzPGjPAZcw Die d√ºmmsten XXX - Dialoge
hWX-DYEtKx0 HALLOWEEN KOST√úME
hWyTotyymjE STADT LAND FLUSS MIT SANDRA
hYNFl0kH0Z4 Minecraft: Trouble in Mineville #9 - Shader + Texturen Pack
hZaITMd6EhM DORT WAREN WIR NOCH NIE ...
h_XNULs3Iu8 Minecraft HUNGER GAMES - EPISCHE DEATHMATCH SKILLS!!
haXMLhr4eqo Hate f√ºr meine PIZZA Ì†ΩÌ∏°Ì†ºÌΩï
hb_SQBE8fY4 Ich beantworte UNANGENEHME FRAGEN Ì†ΩÌ∏±Ì†ΩÌ∏Ç
hdzZMLNkxMk GOMME JOINED UND WILL BEEF | Minecraft HERO #57
heIf7d_MbOU 27 FACTS ABOUT LUCA
hfPXvsVbQMg TIK TOK TUESDAY Ì†ΩÌ∏Ç
hhTJeBcg2i4 ?#@*&%!!
hi63_DT-A0c Minecraft: LOST - Episode 4 - MONSTERFALLE!! (Beta 1.5)
hiMxOE6pmf8 Minecraft Account schon wieder GEHACKT !?
hmLFNusJBZY Unterwasser Musik? | Minecraft Facts #42 | ConCrafter
hnJ520aKVdk DUMME MAILS von FANS
hnyb5CeMifk 3 Idioten K√ÑMPFEN
hoApETktbDM Minecraft: Die Together Show - Episode 28 - Die RACHE! (Teil 2)
hp3NoYXV7kc Ì†ΩÌ∏Ö DAS FAND ER NICHT SO LUSTIG ...
hpWabmBk7_k Wir versuchen ASMR Ì†æÌ¥´Ì†ΩÌ∏Ç
hp_gePOCrPo Minecraft 1.8 Seeds | SPAWNER, VILLAGE & TEMPEL!
hqBGswyA0-A Ich nerve Sandra f√ºr 10 Minuten
hqCzOtqkhy8 LUSTIGSTES - SPIEL - EVER
hrNJ5PtUmyM CONCRAFTER OHNE MASKE | Minecraft Facts #18
hrRTnta3ak4 Luca reagiert auf \
htM3xGChLxk Ì†æÌ¥¶Ì†ºÌøº‚Äç‚ôÇÔ∏è LAPTOP AM STRAND
hzWvbAbi9p8 WILL YOU PRESS THE BUTTON ???
hzx2w3cyB6k Wir haben einen HUND Ì†ΩÌ∞∂Ì†ΩÌ≤ñ
i-8KlQemySc LUCA MEMES 2.0
i0RQd-a6iu8 Minecraft: The Challenger - Episode 10 - FINALE, oh oh!
i15xMgdsKiI Neues Longboard & \
i1vRVLde3ew Minecraft 1.6 : Sonic the Hedgehog! (Made by FVDisco)
i3mLwXTgXag DIE GRO‡∑æ PIRATEN-FOLGE
i4ecLg-HLB8 MINECRAFT: DIAMONDS IN 200 SECONDS!
i8RZC9-7ink Minecraft TEAM FORTRESS 2
iBM63NTsKUI Wir kaufen einen HAMSTER
iBsAUHUvcHc Minecraft Hunger Games mit ungespielt!
iD6ZF40jti0 NICHT LACHEN 2.0
iEHATdugNtc YouTube empfiehlt mir DIESES VIDEO ?!
iFQJnWWAMYw Minecraft: Die Together Show - Episode 40 - ENERGY DRINKS: Meinung!
iF_f5f6E26s SIE WUSSTE VON NICHTS
iHPPBy9SX2s Luca reagiert auf die 2. Folge von TEMPTATION ISLAND
iHQsWftWzYc Ich zeige euch meinen KLEIDERSCHRANK
iKmR9j5ux-U Ekel Smoothie Challenge Ì†æÌ¥Æ
iM2okxgG-5E WER WILL MICH TOT SEHEN? | Minecraft LEBEN #8
iMIEJcou2Lg Warum ConCrafter !?
iOMviY2Ql7s Luca reagiert auf MEMES Ì†ΩÌ∏ÇÌ†ΩÌ∏Ç
iQ9QxT7iZlQ DUMME FAN VIDEOS
iSM82bQPvaA Dieses R√§tsel ist UNM√ñGLICH
iT1b1f8cibk MEGA TNT-LORE EXPLOSION! | Minecraft Facts #62 | ConCrafter
iVLG_W_HcLM FICK DICH SPIEL! - Minecraft MEGA PROJEKT #36 [CAM/Deutsch/HD] (ConCrafter)
iVshH6_6pE8 Minecraft GROWABLE ORES MOD
iWCZZeQr0gE Dieses Spiel ist besser als SIMS 4
iWgROhqXhto RAPTRACK VON UNS? | Minecraft CATCH MR. TROLL #4 | mit GommeHD
iXAzyo9VSO0 24 Stunden VEGAN Leben Ì†æÌµó
iXcw6RaQmDM Minecraft PINGUINE MOD
iZ0aRVffh-U Minecraft POKEMON MOD!
iZiqkbtOwD4 Minecraft: 12w15a Update - Dispensable Boats, Minecarts & mehr!
iZrrQ1TeZsI Nach diesem TikTok kannst du NICHT SPRECHEN Ì†ΩÌ∏≥
ia6JVr1U8d0 die D√úMMSTE Snapchat-Story Ì†ΩÌ≤©
iaVyPqSzCiQ 24H STREAM WIE PALUTEN & REWI? | Minecraft Hide'n'Seek | #FragLuca
ibTFzXoi3DE Minecraft: Die Together Show - Episode 25 - LPmitKev in da Hood, ya!
ibvK_huHy48 Minecraft 12w39a - Lighting, Sounds & Bug Fixes! (Snapshot Review)
ic5U1OZZCus Minecraft: Trauminsel #1 - Ein wundersch√∂ner Traum!
icaDX2QYS28 Minecraft TWILIGHT FOREST #2 - Let's Battle mit LPmitKev & ConCrafter
icgNycEreDU FINALE + DOWNLOAD DER MAP! | Minecraft CAPTIVE #25 | ConCrafter
idCzTryFnb4 Luca reagiert auf das GNTM 2019 UMSTYLING
idjkGvrv36Y ICH ZEIGE SANDRA MEINE MINECRAFT WELT
iezsye0Dc_I ZOCK-SUCHT und die Folgen! - #6 - Minecraft Feed The Beast
igh6NTb6Xxw ICH FAHRE EINEN ZUG
ighTNgckWNM VARO 4 #5 | Das Ende...
ihBI5wAuVRw FAIL! | Clash Of Clans
iiNFVyMSCEE Minecraft HUNGER GAMES mit ZeronikHD
ij8TxUbfTIE Ich muss mein Minecraft Projekt beenden...
ik4JinQNFxw ConCrafter-Ungespielt - #47 - Minecraft Feed The Beast
ilfPusfdsCk Dieses R√§tsel ist UNM√ñGLICH
imEVz2tf9Xs Hallo
in2VqBJSg2g DIE ZOMBIE APOKALYPSE
intpQwSJMOg LAMA IN YOUR FACE
ioEDhcg8Lls YouTube Untertitel Film! | ConCrafter
ip71t0u9FFo Minecraft CLASH OF CLANS
iqtmcH0GFZM DIE MEGA H√ñHLE! | Minecraft CAPTIVE 2 #10 | ConCrafter
irH_Sb40Vmo Minecraft ROLLERCOASTER MOD
iu27acKtv-k Minecraft 12w36a - Wither, Decoration, Carrot on a stick, Beacon Block, 1.4 Release & Bilderrahmen
iucSoon_d2E WTF IST DAS !?
ivmi1bASXis Was ist DAS !?
ivutsa4YDUM ConTalk Intro
ix692KrzQZ8 DUMME GTA 5 CHALLENGE Ì†ΩÌ∏Ç
ixrG8tEQqXA Fortnite Items in REAL LIFE
j--6LAD00ZY Minecraft EPIC JUMP MAP #5 - FINALE! (Version 1.1)
j-eD6vcqBxY TOP 5 Minecraft Creepy Shaders!
j-pYgdXW-r4 Diese Pflanze frisst FLEISCH
j1PJYHlheyU Zeronik trollen :3 - Minecraft MEGA PROJEKT #46 [Deutsch/HD] (ConCrafter)
j3rsG6w2Q00 10 Pok√©mon That Really Exist Ì†ΩÌ∏ÇÌ†ΩÌ∏±
j459VOWNvhY Meine Reaktion auf Dr. Sommer
j5pKGWjINPk YouTuber Carpool Karaoke
jBalK70NwNM Ich esse zum 1. MAL die LUCA PIZZA 3
jDmfsZ_Z4Go ENTSCHULDIGUNG
jDxNvR_j6ek LMFAO - \
jE2lrsk_4uU YouTube is Ì†ΩÌ≤©
jEHlAf6oWVQ Minecraft MORE EXPLOSIVES MOD!
jF2Eu2QvIqg STADT ROT GREIFT AN - STERBEN ALLE IM KRIEG ??? | Minecraft HERO #33
jI0gg497sLE Ich bekomme meine WEISHEITSZ√ÑHNE raus !! Ì†æÌ¥¢
jI61_QyCRaw VERKATERT MINECRAFT SPIELEN!
jNlTE3uWnD8 ALTER, WAS IST DAS? | Minecraft HERO #6
jO-zDK7W_6M NICHT SCHON WIEDER...
jO07JGfLr9Q Die D√úMMSTEN Fan-Videos... Ì†ΩÌ∏Ç
jOPAUqEWSEY MEGA ERSCHROCKEN! | Minecraft Triple #2
jR1ZgXM62QE [WARNUNG] BRUTALES SPIEL
jSEYPVbk_W4 Ja, Nein, Nicht, √Ñhh - Challenge
jSYvrab-DCk OK, ROCKET LEAGUE...
jTajsZyZ5NM HORROR IN MINECRAFT
jUaqLAN-1mc ICH ZERST√ñRE EINE T√úR
jUxefGAc4OQ Mein Video ist auf einer XXX - SEITE ...
jW57iD1ke-w The BEST Musical.lys Ì†ΩÌ∏±Ì†ΩÌ¥•
jXINE-lwots Minecraft TOGETHER SHOW #69 - NEIN NEIN NEIN!!
jYfW0rq0lpA DIE BESTEN APRILSCHERZE
jZQJ4k5WSJU Minecraft LOST #11 - DACHBAU! (Beta 1.9)
j_g__rYeaKw WIR CRASHEN AGAR.IO
jbP-CVHVlBA DIE H√ñLLE
jbyUFqB5IjA Christmas Craft - Tag 4 - ADVENTSKRANZ!
jc1mp7BKIx4 DIE LUSTIGSTEN EBAY FAILS
jc9BOukX1Lg Ì†ΩÌ∏Ç Dummer Koffer FAIL
jcfbAqBFkLU GL‡∑åKSRAD CHALLENGE mit FREUNDIN!! (1 Spin = 1 Aufgabe)
jePdaHiIIec SENIOREN REAGIEREN AUF MICH Ì†ΩÌ∏É (Lachflash)
jfpAxvLAX-4 dummer junge springt gegen schrank
jgNk14X4KM4 WHATSAPP FAILS #19
jijBnoSERmE GIRLFRIEND | Minecraft Crafting Ideas!
jj5ClGODdRo BESTES SPIEL! | Retry
jjTXHk0mmg0 Minecraft: Trouble in Mineville #10 - GEILE RUNDE!!
jlX_9OocjkE Minecraft: LOST - Episode 3 - PARIS und die Erlebnisse!! (Beta 1.5)
jmIOY5XRf2Y DIE D√úMMSTEN EBAY FAILS 2021
jpJMqt4Zyq0 Sandra & Luca reden NUR ENGLISCH
jqT5hfdZqbs Minecraft: Die Together Show - Episode 29 - Soziale Netzwerke!
jr83nVSh6Gg Kurze Info :)
ju16ujPEkJc Minecraft: Trouble in Mineville #15 - 2000 KARMA FOLGE + SUICIDE BOMB!!
juEil5BdVN0 Minecraft: GRONKH PIXELART (500 Folgen Special)
jwJGohkving ANSAGE AN LUCA
jxyKAMFwwhM Diese 9 J√§hrige MUSS gestoppt werden
jy7eT0xAl6U LETZTE FOLGE vom MEGA PROJEKT!
jzAoOQyx_Pk ICH KAUFE EINEN HUND
jzvqV5fjzUA Traden mit ZeronikHD! :D - Minecraft MEGA PROJEKT #41 [CAM/Deutsch/HD] (ConCrafter)
k0duz7vN8xU Minecraft SKY DEN #3 (Modded Survival Map) - Hi Fritz! :D
k2EWpsA_Q8k Minecraft ARCTIC MOD!
k3M3RD54vrc W√ºrdest du ROT oder BLAU nehmen?
k4rqVAlApTU WER BIN ICH? | mit AviveHD
k67GiwLsckY WHATSAPP FAILS 13.0
k7T6EvN1V00 ZeronikHD der GURKENDIEB! - Minecraft MEGA PROJEKT #39 [Deutsch/HD] (ConCrafter)
k8IRSR9lptU HAKUNA MATATA! - #34 - Minecraft Feed The Beast
kB4lLjgGrvc WIR RICHTEN MEINE VILLA EIN
kBZ-74STa88 DAS H√ÑTTEN WIR NICHT TUN SOLLEN
kC0IhKOpFBI Ì†ΩÌ∏≥ ER HAT UNS BEDROHT
kD01wVG_kS4 So solltest du NICHT essen...
kDk96hZ-NEU ICH VERLOS' EIN EINHORN!
kFJ171tdZf4 Minecraft: The Walls 2 #2 - Gegnerische Schafe!
kFOXmdzinlA Reaktionen auf meine PIZZA Ì†ºÌΩï
kHKsIrirMSw FALLE + BLAZE = SCHEI‡∑æ!! - Minecraft MEGA PROJEKT #18 [Deutsch/HD] (ConCrafter)
kImHtghKkxI ICH HAB DEN SCHWARZEN G√úRTEL | Minecraft HERO #62
kL0dsfmavMU Mein 1. Mal CHATROULETTE
kL7X5bKJkbc ConCrafter Intro
kLZ9oc-nlZ8 Was ist mit APORED passiert !? Ì†ΩÌ∏ÇÌ†ΩÌ∏±
kNFKLV-hIG0 CHLOE IST VERLIEBT Ì†ΩÌ∏±
kODegBxRvDs T3C Parkour #3 - Minecraft Adventures
kPGt29vGry4 4 Bilder 1 YouTuber
kPQ1o4Rjmwg Minecraft: The Challenger - Episode 7 - GESCHAFFT!!!
kPv2jGubwn0 SO sieht die neue LUCA PIZZA 3 unter dem MIKROSKOP aus !! Ì†ΩÌ∏±Ì†ºÌΩï
kQAGI-IPMD0 NIKOLAUS ALS GAST! | Minecraft FREEZE #7
kRAtmhI2yZo PALUTEN IST KAPUTT IM KOPF! | Minecraft Bedwars
kRW43W4gHRE AUTOMATISCHE BAUM FARM | Minecraft Commands #41 | ConCrafter
kYmFByppvRA Minecraft THE DROPPER 2 #5 - EPIC TIMER HAHA!! | ConCrafter & KranCrafter
kYs6rTpLdds Interview mit Luca ConCrafter
k_SheReTFSs LUSTIGER OME.TV PRANK Ì†æÌ¥£
kbPbR8nZXD8 W√ºrdest DU den Knopf dr‡øåken ?!
kfWBlbwG6VI ES GEHT ZUR SACHE... Ì†ΩÌ∏è
khJEK_ZIzm0 Sandra & Luca reagieren auf \
kj36X9uwIHU H√Ñ√Ñ√Ñ√Ñ√Ñ√Ñ√Ñ√Ñ√Ñ√Ñ√Ñ
kk52oEPmVWg Minecraft DOGGY TALENTS MOD!
kl-As8fSDLM FANTREFFEN ESKALATION! | Minecraft SUPER JUMP
klxjY0_R2Rg AHHHHHHHHHH
kqoxBy7lsqk Hauptschule Song
krNb6Bzeuco 2 DUMME 1 LUCA
krjIeLH47P8 Bin ich bereit f√ºr ein BABY ? Ì†ΩÌ∏≥ Der VATER - TEST
ksjksBVKNUQ Minecraft POTS MOD
kstDx2pDgag WOHER KOMMT MEIN NAME & SKIN? | Minecraft Hide'n'Seek | #FragLuca
ktULyWr-of8 Minecraft: Desert Wasteland - Episode 7 - MONSTERFALLE YEAH!!
kun80WarldA D√úMMSTE AKTION IN AGAR.IO
kxewZR1SsAE VERLAUFEN mit GOMME! :O [CAM] - Minecraft MEGA PROJEKT #98 | ConCrafter & GommeHD
kxfLj7CWUUk ConCrafter hat sein LEBEN zerst√∂rt
kxqWM-Rxeb0 Dieser YouTuber muss gestoppt werden...
l-FXndpYsPA WTF
l0zPGht1zJ4 Alter von Fans erraten
l1BiRx577_o SCHWERSTES SPIEL DER WELT
l1wdAm8NnBI DAS XXX SPIEL
l288jKTL140 Die BUNDESPOLIZEI ist bei mir...
l2RmyPtDJAA YouTube, we have to talk...
l48Aql2RuU4 CONNI MIT DREADLOCKS | Minecraft HERO #96
l4ehNGYcy1g Meine Reaktion auf Bibi's 1. YouTube-Kanal
l5S6zr8MZuY DIE XXL TIMELAPSE FOLGE
l5SJOfZ0epw Dieses Video l√§sst dich deinen NAMEN vergessen
l8vJhW3kvyA IST LUCA DUMM ?!
lBrRgjUtoKQ LUCA VS JULE
lDGh9I1mlto MIR WIRD SCHLECHT
lEoZcNCctN0 Sandra & Luca reagieren auf \
lFkk_L5heEk Minecraft: 12w21b Update - Kategorien, Emeralds und Suchfunktion
lH9oRaICoGU WARUM ???
lJ3nOYcBHq0 SUPER, MASTER BUILDERS...
lLBCxKhc6Vk Du wirst NIEMALS glauben was du gleich siehst.. (Geist auf Kamera?)
lNtCfh370zA Dieser Polizist ist WAHNSINNIG
lOMb2bqV2Ek FIFA 13 Ultimate Team - Road To Glory EP.3 - RAGE MODE!
lOPxfObMxWo Minecraft 1.3 / 1.3.1: Texture Pack Tutorial (Misa, Sphax, John Smith, Janina Craft)
lPKSIdMmoSQ MYSTERI√ñSE FAR LANDS! | Minecraft Facts #89 | ConCrafter
lR4IQT4io5M WER L√úGT BESSER ?! Ì†ΩÌ∏± (Luca vs. Sandra)
lS1zwvBunUI OMG WILDES MAMMUT | Minecraft HERO #8
lUVcv7zpl3s Minecraft: R3D Craft! (Texture Pack Spotlight)
lV94eNNCyGo DUMME YOUTUBE KOMMENTARE
lXnYPGrv9go D√úMMSTES SPIEL EVER
lYtO2NWrayc YouTube's Next Minecrafter
lYyQcbEenm8 Meine Reaktion auf APORED - BILLO
lZHqFLo9Kvk Luca beim GNTM Finale
laWgQ4QxYco Minecraft: Trouble in Mineville #11 - Mit Ungespielt und GommeHD!
ladXKuZFqLQ RAGE PUR! | Minecraft GAME V #2 mit GommeHD
lbKtUPvSFKQ Minecraft Trolltorial: Unbelievable House!
lboiGQHfbdM MINECRAFT 1.9 YOUTUBE COMMAND
ldnurr5vHYE CONCRAFTER IST EINE PUSSY!!!1!1elf! | Minecraft HERO #42
leb4prw_d28 Meine Reaktion auf TIK TOK
lf5ui9y7pYY ICH LIEBE JULIEN BAM
lgt90mQpRXc CONCRAFTER ANIMATION
lh932aNypSw Minecraft EPIC JUMP MAP #1 - SWAG mit GOMMEHD! (Operation: Tropical Vacation)
lh_V1HY4I8w LACHFLASH!! 100% ASSI STYLE :'D - AZZLACK GAMES #1 in Minecraft
li79K8Qdy3s DIE WITZIGSTEN EBAY FAILS
ljh5PYGssdg √ñL!! - #26 - Minecraft Feed The Beast
locqolr0evo aa
lpEe3B-lV6U GL‡∑åKSRAD CHALLENGE mit Freundin !!
lqihWMbWep0 2 MEGA SELTENE SPINNENREITER! | Minecraft Facts #66 | ConCrafter
lrCHViM5s20 VIBRATOR ZOMBIES! | Minecraft Facts #11
lrVI-_1ayG4 QUESTIONS ABOUT MINECRAFT
lsiiQtv5tpA NICHT LACHEN CHALLENGE
ltZ7aT3n4Rc Schwester VS Freundin
lwkEJNJKAvg Wie haben wir uns kennengelernt?
ly1s-T3Qnlc ConTalk EP.1 - BALD FIFA! | Meine YouTube-Story
lyIBOzrZfus Fortnite mit meiner FREUNDIN
lzxzjiAUcgw Fans getroffen in Hamburg! | ConCrafter
m3iXXILDnaI YouTuber TITEL am THUMBNAIL ERRATEN Ì†ΩÌ∏≥
m4PFkgXjlJM ASSI RUNDE [CAM] - Minecraft Teweran 3 Map (BESTES TEAM EVER)
m4PzsCDGKj4 GELBE T√ÑUSCHUNG! | Minecraft Facts #70 | ConCrafter
m5H13Vh-pnY W√ºrdest DU den Knopf dr‡øåken ?!
m5_bDlwjUfk ICH BIN ERSTER! | Minecraft SUPER SMASH MOBS
m6l1KeVeUKQ TERRAFORMING! - #10 - Minecraft Feed The Beast
m8GC6UL5pVs Minecraft: T3C Parkour #025 - Leiterspr√ºnge
m8XjDJZ254U Longboarden mit Freunden! | ConCrafter
m9OhBV4Gq84 Minecraft: Trauminsel #11 - Pilz VS ConCrafter
mAo0FJjFSMU Er Tauscht seinen HAMSTER gegen eine PS4 auf EBAY
mC1iNgc3CM0 RAP GEGEN GOMME?! | Minecraft Hide'n'Seek | #FragLuca
mC4xHQcB7j8 Die STRAFE f√ºr den KUSS Ì†ΩÌ∏±
mC7OdHQSWKA ICH REITE SANDRA
mH6bE3jGVH8 Minecraft: Die Together Show - Episode 18 - Goethe und Co.
mHAma_NaOZU WIE FUNKTIONIERT DIESE QUEST!?
mIsPM5EGecc BESTES FACECAM PROGRAMM
mKmD9S120w8 Drohne :/ - #44 - Minecraft Feed The Beast
mLYoY42gZdI Was w√§re, wenn das Internet pl√∂tzlich WEG w√§re!? - Minecraft Super Smash Mobs (ConTalk)
mM8xZcK0X_8 Dr. LUCA
mMveaEtKjA0 MERRY XMAS | Minecraft Animation
mOacda-t-bA SECURITY SCHL√ÑGT FANS?! mit Kev | Minecraft Hide'n'Seek | ConCrafter
mP7j7g3q4fc PORSCHE oder FERRARI? - Minecraft MEGA PROJEKT #14 [CAM/Deutsch/HD] (ConCrafter)
mPDkapvlUY0 Diese Serie muss GESTOPPT werden...
mQTrBFLkrHc Boom Ball Challenge Ì†ºÌææ (mit Simon)
mSXffcrE6qc 1000 km/h FIDGET SPINNER Ì†ΩÌ≤¶Ì†ΩÌ∏µ (schwimmt auf Wasser)
mSsNYXDwUTA UNFAIR MARIO #1
mU5Hf9hlcUA MINECRAFT ALS SCHULFACH! | Minecraft Facts #64 | ConCrafter
mW5RyFe_6XQ LUCA MEMES 3.0
mXtSaoeDm-4 Christmas Craft - Tag 10 - GEWINNER-STORIES!
mbwPjJ4B4Nw STURMI BRICHT REGEL & GOMME T√ñTEN? | Minecraft LEBEN #9
mcIuyHXvFSA Luca macht einen IDIOTENTEST
md45mfTr9S8 WIR SUCHEN DAS ENDE
mgZq4VYkWJM YouTuber NACHMACHEN Challenge
mhE2MkjUNVU CREEPER SPRENGT SPAWNER! | Minecraft CAPTIVE #15
mhKFIMoL-cM DIESER TEST IST UNHEIMLICH
miSt3UuX_Nc YouTube Videos with 0 VIEWS !! Ì†ΩÌ∏±Ì†ΩÌ∏Ç
mjGn_J_q4N4 Minecraft 1.8 Seeds [CAM]: 2 NPC VILLAGES & WITCH HUT!!
mnBI8snkn6Y LAUCH LUCA
mnrVt__DYn4 ICH VERRATE DEN NAMEN MEINER INSEL
moWeBOfAYeM CLEVERBOT IST DER WEIHNACHTSMANN
moyPpS6Xcpw ich bin verliebt
mrJQ6LMv_PU ???
mrXUKWoK1mw 1. MONUMENT! | Minecraft CAPTIVE 2 #2 | ConCrafter
msmyWd36cHM Minecraft: The Challenger - Episode 8 - BURN BURN BURN!!!
muiTdnwwbKg DIE FESTUNG
mvR78fJQhwI AUSRITT MIT CHOKI | Minecraft HERO #11
mwue1t8znfM MEINE 1. BASE
my9sjBh4mQw DAS IST NICHT SEIN ERNST
myEtksFwr48 .PXL
n2J1D4EM3r8 MOST DISTURBING WEBSITES
n2z3K0z7dOY Minecraft 1.3.1 / 1.3 - ALLE NEUERUNGEN (Emeralds, Books, Tripwire, Cacao, Cheats, Commands)
n3ffaFZuW9U Minecraft: 12w17a Update: B‡øåher, Chat Optionen, neue Wooden Slabs!
n5bv_4nBzH4 Wir essen meine PIZZA ohne H√§nde Ì†ºÌΩï
n6VJFmHdOaw DER SPA√ü BEGINNT! | GTA ONLINE #1
n6ebjGSu5P4 Minecraft THE DROPPER 2 #3 [CAM] - NEEEIN!!! | ConCrafter & KranCrafter
n70tF2Nlc3s Jeder hat diesen einen Freund... | Minecraft Animation Vine
n7F6km3XDiE DNER BELEIDIGT! :D :( - #71 - Minecraft MEGA PROJEKT [ConCrafter Feed The Beast]
n7WNkLcW4to Minecraft: T3C Parkour #037 - Multitasking!
n9G54i8kCpM Der schlimmste HORRORFILM
nAhPppcSyGA FORTNITE MIT EYETRACKER
nC3i9KuwCDs UNN√úTZES WISSEN Ì†ΩÌ∏≥ (Challenge mit Jule)
nECrWCpHbQg GOMME RASTET TOTAL AUS! | Minecraft CAPTIVE 2 #18 | ConCrafter
nF7Q49JxJIo NUKE & BESTER COMMAND EVER! | Minecraft Commands #11 | ConCrafter
nFBxwevoHoQ Minecraft: Die Together Show - Episode 33 - Privatsph√§re Adieu!
nF_gOiY4794 Ich habe einen STRIKE
nFblKMFIZB4 10 SEK AGAR.IO CHALLENGE
nFqgMsefsds DAS GIBT KRIEEEEG!!!!!!!!! [CAM] - Minecraft MEGA PROJEKT #91 | ConCrafter
nFxDeX-4wy0 Sie verkauft einen VEGANEN BH auf EBAY Ì†ΩÌ∏Ç
nGydxZRGciU DIESE VIDEOS HABEN 0 AUFRUFE
nHDz6R4x3z4 ENTWEDER / ODER
nHx8BoDQyS8 SPARK VERWANDELT SICH! | Minecraft GALAXY #6
nMQpCGaWtZQ STALKER vor meiner Haust√ºr
nNlYZuFkYzM ich brauche eure hilfe
nPt-yLHKGe4 GRONKH IN MEINEM HAUS? | Minecraft GALAXY #8
nQTxy4w6ZtE Minecraft: Die Together Show - Episode 43 - DIAMANTEN!
nRcDcFFJGPY ICH K√ñNNT AUSRASTEN!!!!!!!!!
nSVq_FW_V7I Mein ECHTER Name
nTIi8wFPD84 SIRI DISST LUCA
nWLgH0qk2Kc KUSS BEIM ERSTEN DATE
nY9hqK-X5eE PINGUIN FLUCH BESIEGT | Minecraft HERO #16
nYkdYGop-cc Dieses Kind beleidigt mich
n_X3g6sfyrc Ist SIE meine FREUNDIN !? Ì†ΩÌ∏õÌ†ΩÌ≤ï
na4ExEKfKbE ChunkBlock Trailer - Survival Map
nb-qeldUV6k 10 Dinge, die ich vor meinem Tod machen will! | ConCrafter
ndOK6oeLi7k Minecraft YOLLO
ndWFADMSseQ DNER VERKACKT!! - Minecraft SUPER SMASH MOBS
nelvR5E0ocY Let's Battle Minecraft PAINTBALL MOD #1 [HD/CAM/German]
nfusvhtLE6s Sandra & Luca im IKEA
nhjcaDsVfPo BEAUTIFUL MINECRAFT - Sonic Ether Shader Mod (1.6)
ni0_pLCH0ug Minecraft: Die Together Show - Episode 22 - JuliensBlog & schwarzer Humor!!
niY_zgN1Ecs BEGINN DER REISE! - #1 - Minecraft Feed The Beast
njWdy0DjcU4 AFK UNGESPIELT: WITZIG! :D - Minecraft MEGA PROJEKT #10 [CAM/Deutsch/HD] (ConCrafter)
nmAHTB3WHFc Minecraft: Die Together Show - Episode 17 - MINECRAFTBUKKIT in da House!!
nmeeq89Op6s LOL
nomUkMc3hDE Minecraft MINEWAR #1 - PVP-Mini-Game - German
nrBFK_cyNmE LUCA ZEIGT SICH
nrQTiZ4vPsc ICH HASSE MINECRAFT
nsQYPcUI7eo Mein krasser AUSRASTER
nu1vwfCF6kU SPIDERMAN KAUFT 1000 NUTELLA
nub5EBKrbPA ICH. BIN. BETRUNKEN.
nupi2f6F5gI EBAY FAILS 4.317.419
nv_89xN2cKc HAUSBAU :) - #59 - Minecraft MEGA PROJEKT [ConCrafter Feed The Beast]
nwGzVKY1OeM Das Google Game
nxKfK6nwsBc The Survival Games 4 - Communityprojekt (CONCRAFTER) Folge 02
nz3XuWWd7Js FIFA 13 Ultimate Team - BIG Pack Opening - √ñzil, Nani, Giggs, Walker, L√∂w...
o0HXrI6N0ao Finde heraus, ob du Pizza essen darfst...
o0YJFHZnCCY SEX DRIVE
o1c-JjwrKbI Luca macht einen IDIOTENTEST
o1ejtWRRAhg LACHFLASH 8.0
o3Vs6-3gFJ8 ALLE M√úSSEN STERBEN! | Road Redemption
o3t4H-FhT1g ALEXA BELEIDIGT MICH
o4Fk4mbRlB4 Ì†ºÌΩüÌ†ºÌΩî Ich bestelle das NEUSTE Fast Food bei McDonald's
o4kNWtWNpoE FLIEGENDES TNT + KRASSER GIANT! | Minecraft Commands #8 | ConCrafter
o5fDJZYwxWo Meine Reaktion auf DOMES MAKE UP
o6Qhac2jMV0 BAUMEISTER CONCRAFTER! | Lego Minecraft #1
o8UJxX7w8go VERLIEBT
o96wS7y4180 CHRISTMAS CRAFT! | Minecraft FREEZE #1
o9863IANvVU ICH BIN IM URLAUB!
oAAnntBgqUs Mein Treffen mit den SENIOREN
oAlxmpcVYpY GRONKH IM HERO PROJEKT?! | Minecraft HERO #15
oFFlinL5zm4 AUSBRUCH AUS'M GEF√ÑNGNIS
oGUOWAZq6uc Wie mache ich meine Haare?
oHdxGWpfPdo WINTER OLYMPICS! | Minecraft Animation Vine
oKGqrwAuUZk iPHONE | Minecraft Crafting Ideas!
oMiFxbVTSKM Sandra & Luca erraten FLAGGEN Ì†ΩÌ∏Ç
oNDHvUxnM9c LUSTIGSTES SPIEL EVER
oNUNXiFt_wE Minecraft: LOST - Episode 7 - Falle l√§uft! (Beta 1.5)
oOf7xGM7uA4 MY NEW GIRLFRIEND
oOro82wk4OE DAS REGT MICH AUF | Minecraft HERO #84
oPSTmcWN5BM SURVIVAL GAMES mit UNGESPIELT und ZERONIK
oQUQBrMFh7w WERDE ICH ES SCHAFFEN ???
oQhrXnqXEy0 iPhone 5 & Comeback des Let's Push! - ConTalk Episode 1
oSJHONM6AmA SIE IST ZUR‡∑åK
oSP7gR7UevY Let's Test Happy Wheels
oToDQGs3nQE Minecraft ANGRY BIRDS MOD!
oUgjKXbTxBQ EBAY FAILS
oVAB5RVBQkc Luca wird entlarvt
oVBkMdI3NvE OMEGLE mit Luca
oVO_sGZIl9c Minecraft SELFIE MOD
oVSZnDQ8zHY Minecraft: Die Together Show - Episode 36 - Dumme Kommentare!
oWHImoD54KQ ANANAS IN YOUR FACE! | Minecraft Animation
oWIHGfrhTNA R.I.P.
oZJpB_OYt8c Let's BATTLE Minecraft #2/3 - DIAMANTEN!!
oZR0iXq7s-k HOW TO FART QUIETLY
oZka44LJRTU MINECRAFT AUF DEM KOPF! | Minecraft Challenge Accepted #5
obuShCw0UR0 ALS Ice Bucket Challenge! | ConCrafter
ocGfV8tLpFU Meine PIZZA im Mixer Ì†ºÌΩï
odr7kdRjVfc Minecraft HELICOPTER MOD
oe-9ZxYkt9k Minecraft EPIC JUMP MAP #3 - Gomme CHEATET! (Operation: Tropical Vacation)
of5SLlzeNas WHATSAPP FAILS 9.0
ofwnPr-wlkY MOST INSANE POKEMON GO HACK !!
ohUFOj_0orY GIRLFRIEND TAG
oj9q7qDRZYI MEIN 1. HAUS
ojLrt-5ry8Y The Survival Games 2 #2 - Minecraft Adventures
ol3L2mqc3CU 3.000.000
olH0NqKRZwA ICH BIN ULTRA PROFI
omOIcGNX0DQ DAS UNM√ñGLICHE SPIEL
ooT6uIxsFoA GANZE STADT MIT 1 COMMAND! | Minecraft Commands #7 | ConCrafter
oqQy7PnOxSI ARIANE IM BIKINI
ouCZAscgppg ICH WERDE ZUM DIEB
ouKvDfEWK9g FINALE! | Minecraft FREEZE #17
oubJjpHWeAY SUPER MARIO COMMAND! | Minecraft Commands #24 | ConCrafter
outWh3glA3Q WIE HOCH SPRINGT STEVE? | Minecraft Facts #76 | ConCrafter
ov_NlLILilA ICH HAB DEN ACCOUNT ZUR‡∑åK
ovhFjG5-efM Die LUSTIGSTEN Sch√ºlerantworten in TESTS #5
ovkAaFf3qQU DOME SCHMEI√üT EINEN KINDERGEBURTSTAG
ozBtHqnqQew Kannst DU alle FLAGGEN erraten ‚ùìÌ†ΩÌ∏±
ozRBn7KAjb4 Minecraft 1.8 Seeds: BETA TERRAIN, EPIC MOUNTAINS & PYRAMID!
p-Kg77pZqeU COBBLESTONE GENERATOR | Minecraft Crafting Ideas!
p0ykR6PEuqw Minecraft 1.6 - MINI MAP MOD!
p15Yj2R5J1U YouTuber mit PHOTOSHOP bearbeiten !!
p326Apu2FDA Happy Wheels - Episode 8 - √Ñnderung
p3f1QH-Ke_E BESTE AGARIO SKINS
p5oj6WRvqS8 BESTES MINECRAFT BUCH! | Minecraft Commands #2 | ConCrafter
p7hLwvfEhLw DIE 2 BESTEN KITS! | Minecraft ENDERGAMES | ConCrafter
p8UmkolN1HI WIRD DIE HOBBIT H√ñHLE FERTIG ?!
p8W4JWlsESk MOBS AUF'M KOPF! | Minecraft Facts #9
p8hXVoSzJOA SNAPCHAT MIT ZUSCHAUERN!
p8t1p1FM_fA DURCH GLAS HINDURCH BAUEN? | Minecraft Facts #29
p91ki_XzR_I Minecraft PVP ARENA mit Ungespielt
p9tBq0JPhOg Payton & Luca am Strand
pCYh_nsEpFM Minecraft: Die Together Show - Episode 34 - LPmitKev sagt Ciao!
pDDdh6SP5GM OME.TV PANTOMIME CHALLENGE
pEH8NhgZ_Tk Die BESTEN Ebay Fails Ì†ΩÌ∏Ç
pEMfD1JBAMk ICH PRANKE EBAY NUTZER
pGApDDUYmCc UKULELI VLOG 3
pHuNmGaRJqQ ConCrafter Shirts! | Minecraft Bedwars | ConCrafter
pJ5N_wRh1VQ Die BESTE FuÌæ∫ll Challenge !! Ì†ΩÌ∏±‚öΩ
pLcLVbrQVsI PFEILE MIT SCHWERT SCHIE‡∑æN! | Minecraft Facts #69 | ConCrafter
pNOjFEStOEk Minecraft WATCH DOGS MOD
pNy0fln4FYM DER BESTE KOCH
pOHj79HSkEQ UNLUSTIGE WITZE
pPtU_J_v-Ig GREENDAY VERSCHENKEN! | Minecraft FREEZE #15
pSC_lvR3Dqs Luca reagiert auf \
pSbKQctUjn0 ES TUT MIR SOOO LEID! | Minecraft CATCH MR. TROLL #12 | mit GommeHD
pVBRAebmBlc FuÌæ∫ll mit ALKOHOL BRILLE 2.0
pY4AE1Ol6kw LUCKY BLOCKS COMMAND! | Minecraft Commands #26 | ConCrafter
p_NqT9bXP74 Minecraft CAPTIVE #1 | GEFANGEN mit GOMMEHD!
p_wttNoIQ40 EPIC BATTLE mit ungespielt & GommeHD! | Minecraft SUPER CRAFT BROS BRAWL | ConCrafter
paIL6jf2Koo ACHTUNG: DUMME WEBSITES!
pekjwl1aqDc Zu 50% STERBE ICH !! Ì†ΩÌ∏±Ì†ΩÌ∏±
pfk2-B2CTzU 7 Arten von SNAPCHATTERN Ì†ΩÌ∏ÇÌ†ΩÌ¥•
pivgrYA9ua8 Diese Brille bringt dich in eine 3D WELT Ì†ºÌºàÌ†ΩÌ±Ä
pj9mWn6WTvI Mein eigener SONG
pkHjIAv1j_I Meine 2. Reaktion auf KRASS KLASSENFAHRT
pkuz8Exr_ek DAS WIRD AM MEISTEN GEGOOGLET
plLHWDkN1TA Minecraft: LOST - Episode 2 - MOB SPAWNER und das iPhone 5! (Beta 1.5)
pn0rr4Mg7CE WHATSAPP FAILS 11.0
pn3gjsup2DQ Minecraft: Die Together Show - Episode 2 - Status der Let's Player!
pnSq8EKM994 BEATING THE AKINATOR
poFZ-WaqlrQ DNER und ICH beklauen UNGESPIELT? :O - Minecraft MEGA PROJEKT #82 | ConCrafter & Dner
ppz2o6viDD4 WIRF einen DARTPFEIL auf die Karte & mache die CHALLENGE !!
psOPUXJpvRo Minecraft SUPER PILLS MOD!
psiPjDHvs1c Ich spreche mit einem AFFEN
psjOPYSgChI Was ist mit den MINECRAFT FACTS?
psvZAbZz9UM WAS MACHT ER DA ???
psxyNNgKv6U ConCrafter VS Choc'o'Babo | Minecraft Animation
puKrXRE-BSw TADDL WIRD SCH√ñN GEMACHT
putGA8TKZW4 S√ú√üIGKEITEN CHALLENGE Ì†ºÌΩ¨Ì†ΩÌ∞∞ (YouTube Quiz)
pwLKKgA8XsA 20 FACTS Ì≤æR CONCRAFTER
pxhnOKUQufk Die BESTEN Tik Tok Videos Ì†ΩÌ∏±Ì†ΩÌ¥•
q-o6Z2jNRJo Luca in AMERIKA
q21wP-E1YH8 Zum Mob VERWANDELN! | Minecraft Facts #43 | ConCrafter
q3NJ50AggRw R.I.P. KUH
q5pIp1UiMf8 VARO 3 #7 | FUCK, DREI CREEPER!
q8V6JH34kNs Ich bin eine FLEDERMAUS! | Minecraft GALAXY #5
q9AXh9OhqPU ICH HASSE SIE
q9_ZJTMgCs0 Siehst DU alle Zahlen !?
qAiXRg9BEpg IN JEDEN BLOCK VERWANDELN! | Minecraft Commands #28 | ConCrafter
qAjuIK_hKKc LUCA IS GAY
qB1EI91AqQM Die LUSTIGSTEN Sch√ºlerantworten in TESTS
qEn41srSWGc MEDIA MARKT HAUL
qFZllbRIZ7E ENTSCHEIDE DICH
qG525JPcC1U NEUE FREUNDIN ???
qGGqA9VE6S0 ZOMBIE APOCALYPSE #5 (Minecraft Adventure Map)
qJuMahcHJkw VERSUCHE NICHT ZU LACHEN
qMdbTdpfVfs WEITER GEHT'S! - #2 - Minecraft Feed The Beast
qNdnU6mckKI Ein NEUES PROJEKT! | Minecraft Hide'n'Seek
qOcMUFi8zA4 Minecraft: Die Together Show - Episode 20 - Hunger Games!
qVOpP2TQ49g Minecraft TOO MUCH TNT MOD!
qWeLi00G-HY CAPTAIN AMERICA COMMAND! | Minecraft Commands #25 | ConCrafter
qWiOQnd9n7w Kennt der Akinator FLUFFY ?! Ì†ΩÌ∞£Ì†ΩÌ∏±
qXHUUfy-MOQ T3C Parkour #7 - Minecraft Adventures
qZIKSpAYhHE Minecraft VARO #12 | FALLE ICH IN LAVA?!
qZjfTPfTLkw [+18] die HEFTIGSTEN FAILS Ì†ΩÌ∏±
q_5-13g9kG8 Minecraft CLASH OF CLANS MOD
qc9BDmhR8ps GTA V ONLINE : FUN oder FLOP!? : UNSERE MEINUNG!! [CAM] - Minecraft MEGA PROJEKT #111 | ConCrafter
qdJVfkqtrCU JUSTIN BIEBER reagiert auf mein Video !! Ì†ΩÌ∏ÇÌ†ΩÌ∏±
qdTW9dZaslM DIE D√úMMSTEN EBAY FAILS
qgwm3aQCn30 HEFTIG ERSCHROCKEN :( | Minecraft Ender Games
qkcwxREgyno Conni1 MUCKT AUF!! :DDD // Minecraft MEGA PROJEKT #50 [Deutsch] [HD] [ConCrafter]
qklksXkESVg ZOOMEN bei der KARTE! | Minecraft Facts #38
ql4jBMyy5SE LUSTIGE GOOGLE WEBSITES
qmEQVaCfyiE [+18] KILLING MY EX
qna9ePGTNmM WHAT IS THAT !? Ì†ΩÌ∏ÇÌ†ΩÌ∏Ç
qoj77wFIxRk DIE LUSTIGSTEN NEUJAHRSVORS√ÑTZE
qp4LhtouN6g TOP 5 Minecraft Adventure Maps!
qrK93xmGC4g Minecraft: Trouble in Mineville #13 - TRAITOR mit GommeHD & ungespielt!!
qtSgXyv4SSE DER FURZ SIMULATOR
qxF1pryE8eY LUCA PARODIE Ì†ΩÌ∏Ç
r-DM9UceolQ Hatte ich schon einen DREIER !?
r0FDLFQJgPo 2013
r54VE3JwtzM DIE KRASSESTEN EBAY FAILS
r75LAB6N40Q WER W√úRDE EHER
r7Jh3BAsEF0 Luca & Sandra reagieren auf \
r9JJrtV4pkk Wir geben 500‚Ç¨ f√ºr FIFA 18 Packs aus Ì†ΩÌ≤∏‚öΩÔ∏èÌ†ΩÌ∏≥
rAJARt7YLzk Ì≤ærall DIAMANTEN! | Minecraft CAPTIVE 2 #24 | ConCrafter
rAVevD8DVaQ CLEVERBOT KENNT MEINE ADRESSE ???
rBKpWVcG5Gk Minecraft CONCRAFTER MOD
rCLCDLw8WIU HABE ICH EINE FREUNDIN? | Minecraft GALAXY #31
rD02hiU4IYA Die Wahrheit Ô≤ær Ukuleli
rDGLlAGMx0k S‡∑åHTIG MACHENDES SPIEL! | Bomberman
rFKFER8NRp4 Luca reagiert auf Fan reagiert auf Luca
rG69farz-iY DIE BESTEN ONLINE SCHOOL FAILS
rGv_z_Dt4_M ZOMBIE APOCALYPSE #2 (Minecraft Adventure Map)
rH7AvgOi-mY Minecraft HUNGER GAMES - HYPIXEL SERVER im 4er TEAM!
rHNDtqtPRC4 ConCrafter sagt Danke!
rIT4X_q8boQ ANZEIGE VOM HOTEL + DAT ADAM LIVE | VideoDays Tag 3
rMsEsqDeUwI YouTuber Starterpacks erraten
rNCW-twkdxk ICH HASSE RTL
rNFF9PtUJZo DIESER YouTuber testet die LUCA PIZZA 3
rOyiB4AECOk MY NEW CAR
rP7PVv2FX2k 1‚Ç¨ Challenge mit Sandra Ì†ΩÌ≤∏Ì†ΩÌ≤∞
rPWt1o78Arc EPISCHER BATTLE RAP, OMG!!! [CAM] - Minecraft MEGA PROJEKT #103 | ConCrafter & RotPilz
rQ_vFJJPVR0 Kuchen Backen OHNE Rezept
rTqRGxpS8SQ Gomme schenkt mir Blumen! | Minecraft LEBEN #2
rUBVGQFY88Y SANDRA F√ÑHRT AUTO
rVsNAc9d2rg WICHTIGE INFO ‚ö†Ô∏è
rWFIntJAQWE Minecraft VARO #7 | SPRUNG IN DEN TOD?!
rX2GdC7NP_c IHR DUMMK√ñPFE
rashDBPLE70 ICH BIN GESTORBEN
rc-noHzjfKI TOP 5 Minecraft Skins!
rcNgx_YTNVc 3 GEGEN MICH - KRIEG BRICHT WIEDER AUS?! | Minecraft HERO #95
rcgXvy_KC5g Minecraft: GBE #5 - ARCHIBALD!!
rcnqZs4aco4 Minecraft WORLD DOWNLOADER MOD!
rdMBSJY6Yus Minecraft: Die Together Show - Episode 35 - HuhnLP zu Gast!
rhPQ2dm6KMc ULTIMATIVES TROLL KIT! | Minecraft Commands #12 | ConCrafter
rjJ6xxgVV-g MEINE CAMPINGINSEL
rkt6INruGTI ICH KLAUE EINEN DIAMANT
rm1SjrlLJdU POLIZEI H√ÑLT MICH AN...
rmkH1Ef9qaM SCHEI√ü ADLER! | Crossy Road
ro03GuEgGvs Das ist mein HAUSTIER
roMRn29Ck4E GOLD DIGGER PRANK
rpTQn_OAj34 DAS WAHRE ALTER VON BIBI
rqcfIhzub38 RUBBER!? - #25 - Minecraft Feed The Beast
rtgrYQn087c 100.000 MAL GESPIELT
rujDmQNcOqE WENIGER FREEZE! | Minecraft FREEZE #11
rvtKs_DuF_g Diese Menschen sind LEBENSMÌ≥û Ì†ΩÌ∏± - Scary Compilation
rx8hmbyc5Cc Meine Reaktion auf KATJA - DOGGY
rxnEgdsDJ3E Minecraft MARIO
ry33WZjldz4 Cartoon Characters in REALLIFE
ryIAkVYB1HQ Minecraft TOGETHER SHOW #68 - STOP ENGLISH!!
s-Uct7jRYoQ Minecraft ASIA GAMES
s0RSvv_hQKM ULTRA RAGE! | Swing Copters
s0VjBY6eCxA FANS BEDROHEN MICH AUF OME.TV
s3A0LFtx08w DER BEGINN... | Minecraft WALDLEBEN #1 mit HerrBergmann & Kedos
s3m5IEsiAFE Ich reagiere auf die TRAURIGSTEN Animationen (TRY NOT TO CRY CHALLENGE)
s5DtENqkBis Mein CORONAVIRUS Ì†ΩÌ∏∑Ì†ΩÌ∏±
s6dpHgdOR9E Christmas Craft - Tag 8 - SCHNEEMANN 2/2!
s7FWA1aICZw ALMAN MEMES
s8EZPNdsy18 YOUTUBE VIDEOS MIT 0 VIEWS
s8r2sZQil4U DAS ist bei Google Maps !? Ì†ΩÌ∏±
s9IXcIkwDFw TIKTOKs die mich zur Verzweiflung bringen
sA2Xxt1zNhE WTF - THE GOAT'S DRIVING
sA83yOB3gmw ZAUBER CREEPER BEDROHEN UNS | Minecraft HERO #13
sBJktNPVf5A Statement zur LUCA PIZZA 2
sC7pxaCIax4 Minecraft UNCON PVP SHOW - Survival Games 4
sCig1wIaUWE Minecraft: Die Together Show - Episode 6 - Alien-Stories!
sDaQG3VR9M4 Minecraft UNCON PVP SHOW [Cam] mit GommeHD - SG 4
sJ6rRdOi65A Christmas Craft - Tag 3 - Lebkuchen!
sNb8D7Hjk7M NICHT ERSCHRECKEN
sO2_Pq6NXOw REWI IST MEIN VATER
sQevYLNa1e0 FOSSIL ATTACKE! | Minecraft GALAXY #7
sRPH0V5V_Mc Minecraft ANIMAL CROSSING SHADER
sSa49Igvqj4 DUMME VILLAGER bei TIM!! - Minecraft MEGA PROJEKT #113 | ConCrafter
sTjmtuejlJA Ansage an Tanzverbot
sToHnOKJWNA WHATSAPP FAILS 10.0
sUmANJ83rBo POLIZEI VOM HOCHHAUS ABSCHIE‡∑æN | GTA ONLINE #9
sViPT79bxU4 ROOMTOUR in Minecraft! | ConCrafter
s_3x7r6bJ5w Die Besten Witze Ì†ΩÌ∏ê
sbaCEzBCfBs AUSKOTZEN!! - mit ungespielt
sbtkRuEHV6M ICH werde auf EBAY verkauft Ì†ΩÌ∏±
scE86GtyoSc RAKETEN-WERFER und DINO-Ei! | Minecraft GALAXY #23
scqlt7ZOnDA WER LACHT VERLIERT
seC8AgYOce4 Minecraft: Die Together Show - Episode 64 - VERFOLGUNGSJAGD!!
sg2dbVgFIls Minecraft: T3C Parkour #023 - Da bin ich!
sggqgCN5WYc Meine Reaktion auf K-POP
sgxc-JgHmEE K‡∑åHE BRENNT + SPRACHNOTIZ! | Wahr oder Falsch #9
shWeSXaXhes I've talked to PEWDIEPIE Ì†ΩÌ∏±
sheC7gs1sWY DIE BESTE WEBSITE DER WELT
sjcYlIugFx0 SINNLOSE WEBSITEN
sk87mp3CsU8 MEIN DOPPEL-G√ÑNGER Ì†ΩÌ∏Ç
skvmjXU-74g LUCA PIZZA 2 WETTESSEN Ì†ºÌΩï (ohne H√§nde)
slZRrr7sbbw GEFANGEN! - #32 - Minecraft Feed The Beast
sq1bWMGfzuI Ì†ΩÌ∏Ö WAS TUN SIE DA !?
sqJMEU8hIfw ICH T√ñTE ZOMBIES
sqb7Glf73nM SANDRA & LUCA ERRATEN FLAGGEN Ì†ΩÌ∏Ç
ssh_jdT3VuM Minecraft 1.8 - BEST SEED EVER! TRIPLE DUNGEON!!!
sssqR_LDeGI WHATSAPP FAILS 4.0
sumXIB7snRM Ich bin ULTRA KRANK
svBepupq22I Minecraft VARO #3 | DIAMANTEN!
svsiw43oKpI Ì≤æRALL WASSER BEI TIM!? | Minecraft GALAXY #16
svt97vivHtA Why Do I Study? Ì†ΩÌ∏ï
sw2USmfUgFM IQ TEST (mit Rewi)
t0wPHETd8jg WHATSAPP FAILS #21
t0yA1LNCJyc Er verkauft eine GUCCI BANANE bei EBAY
t5LedAmJbhY WHATSAPP FAILS 5.0
t6O6tZtovrw Minecraft: GBE #6 - ALLES BRENNT!!
t6ov4Ym-efU Minecraft SUMO
t7MIalbokLc Die WITZIGSTEN Musical.lys !! Ì†ΩÌ∏ÇÌ†ΩÌ∏Ç
t7s353OlLLA Minecraft: Die Together Show - Episode 46 - Gast-Bewerbungen?
t7wHvQ-DsAo SPORT MIT SANDRA
t80lknGvcgo DAS ist SELTENER als DIAS! | Minecraft Facts #4
tCiDz0A9BuQ DA IST DIE AK47! | Minecraft GALAXY #10
tFkWKH9MIp8 Was war los?!
tGbzekwZ_EE ANGRIFF DER LA FAMILIA! | Minecraft LEBEN #6
tGhz0evPnIc SPACE DOGS
tHBZlOHPzyE INNENEINRICHTUNG! - #39 - Minecraft Feed The Beast
tHPUq0vnXIQ Dumbest Pokemon GO Player
tKRkaVnAN1U ICH BIN RAUS ...
tKtZrvZEYSo POKEMON MIT 1 COMMAND! | Minecraft Commands #31 | ConCrafter
tLosAUe679s Minecraft: Die Together Show - Episode 38 - PSYCHO Spielchen! :O
tOhVlZ0CHiM Emojis nachstellen
tOykTz2qQeY WEBSITE ONLINE!
tPMM_hXP31A ALLE ZIEGEN GET√ñTET
tPYUv9oGpvY Minecraft Trouble in Mineville #18 - Ungespielt getrollt!
tRKfiFYpwDM NETFLIX IN MINECRAFT
tRR9eLtYIpg BEST OF CONCRAFTER (100.000 ABO SPECIAL)
tR_X_YAgEfc Follow Me Around in London! | ConCrafter
tRbTix5GfrE ICH BAUE EINE STRANDVILLA
tSeUONI1IXI Dieser Tinte LEUCHTET im DUNKELN Ì†ΩÌ∏± (geheimer UV Stift)
tT7zNsyZD-A TOP 5 Minecraft Minigames!
tVIUG-SbSnE Mysteri√∂se Schilder... - Minecraft MEGA PROJEKT #37 [Deutsch/HD] (ConCrafter)
tWbIE5jfXWA POKEMON CAP! | Minecraft GALAXY #14
tX8UUv5S-Dg HOCHZEIT von Butt4cak3 und MissGlados!
tYEBbC4BYZk madison beer
tZdb9c9ZLuk FuÌæ∫ll Challenge im STADION Ì†ΩÌ∏≥Ì†ΩÌ∏±
tZfL9BMlMX8 Ì†ΩÌ∏Ç Ich reagiere auf DUMME KINDERB‡∑åHER
tarST5Nhnwk SEID IHR DUMM ??? Ì†ΩÌ∏´ (Schleim um 3:00 Nachts)
tb3dhUV86YU Dieses TikTok macht dich BEWUSSTLOS ‚ö†Ô∏èÌ†ΩÌ∏±
tc9pT9qrQKs MTV CRIBS! - #5 - Minecraft Feed The Beast
th2-qxor1g4 LUCA MEMES
tjLr1ZyKqNw FUCKING NINJA
tkHsClRN8Cg LACHFLASH pur! mit BrokenThumbsTV :'D - #72 - Minecraft MEGA PROJEKT [ConCrafter Feed The Beast]
tmm7cA-zEps Minecraft: Trouble in Mineville #14 - GEILSTE RUNDE EVER!!
tmxfn3ftZDY Luca reagiert auf ‚ÄûHilf Mir!‚Äú - Frau ersetzt Mann durch Schwein
to98Hug-cBw Terraforming... - Minecraft MEGA PROJEKT #6 [CAM/Deutsch/HD] (ConCrafter)
tqzM5qx38II Minecraft SMASH #2 - PVP-Mini-Game - German
trDm4uesEdI UNFASSBAR KRASSE MONSTER! | Monster Legends #2
trvMUGsPNQg 500.000.000 XP-POINTS! | Minecraft Commands #23 | ConCrafter
ts8VNXPRre8 Christmas Craft - Tag 2 - SKIN-NACHBAU + Christkind?
tsAi7UqIXW8 WHATSAPP FAILS
tstBq7w17RU Minecraft LEBEN - Meine Meinung! | Minecraft Hide'n'Seek | #FragLuca
txyW-pEoUgo DIE XXL H√ñHLENFOLGE
tzwVXpX94nc CRASHED MY DRONE Ì†ΩÌ∏±Ì†ΩÌ∏Ç
u0kkYgJ2Vp8 NO EYES CHALLENGE
u1Y_aO1XVAM ICH HABE EIN DATE
u1_QgN3_0zs Luca & Sandra reagieren auf \
u1ff2mKlIW4 DIE WICHTIGSTE FOLGE! | Minecraft Facts #83 | ConCrafter
u3Od8arFGB8 VARO 4 #3 |
u4QOI8o3Qbw YOUTUBER SONG PRANK Ì†ΩÌ∏Ç
u5TuULTTrSU Luca als Katja Krasavice
uAPL086Qj6c BEST OF \
uBSs07_6dSQ ICH BAUE EINEN BAHNHOF
uEDAIcAIE4Q WTF TUN DIE DA ??? Ì†ΩÌ∏±
uEvaIrT3bA0 Minecraft QCRAFT MOD
uF8vZbIQMTk Mein HAUS wird ABGEBAUT! WAS? - Minecraft MEGA PROJEKT #79 | ConCrafter & BrokenThumbsTV
uFZInpkx0Tg KELLER!! - #53 - Minecraft Feed The Beast
uGY_XRkwJsQ KACKHAUFEN! mit GommeHD | Minecraft MONTAGSMALER / MONDAYPLAY
uH-8_LnT1ZE Twitter: #FTBLP - #48 - Minecraft Feed The Beast
uHVC-AvR6wk Nintendo Switch CHALLENGE
uHg23XHYCeI PADDEL BOOT BALD IN MINECRAFT! | Minecraft Facts #80 | ConCrafter
uIKkG9MUc-Q B√ñSE KOMMENTARE
uK9BsHgn5r4 Perverse MAUZ FANFICTION
uNZMrU1Jrhw SIE D√úRFEN ES TUN Ì†ΩÌ∏è
uOKEO18TgYQ LUSTIGE EBAY FAILS Ì†ΩÌ∏Ç
uPA1hUVhyxo AGAR.IO TEAM MIT PALUTEN
uSbE3VlumNo ich bin (wieder) verliebt
uTYC89ToHlo BRAVO CRINGE Ì†ΩÌ∏Ç
uVH3oTPMql4 WAS HAT DIESES MÏìúHEN ??????
uWDJy3FAVZc TOP 1 IN AGAR.IO
uYE4Q-0GU18 DIE LUSTIGSTEN APRIL SCHERZE
uYU322AUNVw WHATSAPP FAILS #16
uZtVvl6FI1c ICH BIN LETZTER
ubGGno34soE Minecraft TORNADO MOD!
ubp1E5KwnUM 2 KISTEN, 2 MONUMENTE! | Minecraft CAPTIVE 2 #12 | ConCrafter
ubuuvf3X5aw Ì†µÌ∑îÌ†µÌ∑†Ì†µÌ∑¢Ì†µÌ∑°Ì†µÌ∑ö Ì†µÌ∑®Ì†µÌ∑¶ Ì†µÌ∑†Ì†µÌ∑òÌ†µÌ∑†Ì†µÌ∑òÌ†µÌ∑¶ Ì†ΩÌ∏Ç
ue4-d5LPzGQ Ich teste einen DATING SIMULATOR
uesCOq2dsLI VARO 3 #8 | FINALER ENDKAMPF!
uhYDRK5qlQ8 Sie ist S‡∑åHTIG nach ihrem SCHNULLER
uiLG1wKOuhQ 24 Stunden mit 1‚Ç¨ Ô≤ærleben
uifsgWfvPDg Das ENDE! | Minecraft CAPTIVE 2 #26 | ConCrafter
ukxRZWvcA7w 39 BL‡µ¨KE HOCH! - GR√ñ√üTER DINO im SPIEL! | Minecraft GALAXY #27
ulifUgOuvik Happy Wheels - Episode 4 - Victory!
ung6L-q8Dts YOUTUBER Songs ERRATEN
ust-WBJvhTs Drehe NIEMALS um 3 UHR NACHTS einen FIDGET SPINNER Ì†ΩÌ∏µ (*Gruselig*)
uusP5aZKOXc SPAWNER! - #20 - Minecraft Feed The Beast
uvy7IDeZ3-g DIE QUARRY L√ÑUFT ENDLICH IM KELLER! - Minecraft MEGA PROJEKT #86 | ConCrafter & Rewi
uyyLQvg454g MÓìúhen reagiert auf meinen Shop
uzO6ERddGjI 5 TODE! | Minecraft GALAXY #13
uzbQdC7E9CA Mein Kanal wird gel√∂scht
v-4LRYVDMLA WIE GEHT DAS !?
v-6gNmbMIls Dieses Ei hat 40.000.000 LIKES
v0JDKH7-1k0 Minecraft TROLL BLOCKS
v0K_nCPAjtw Mein Schlechtestes Video
v0aUetkZKiU Der Ì≤æRGRUND: die neue MACHT! | Minecraft HERO #76
v20-ncdDIk8 Freundin spielt zum 1. Mal CALL OF DUTY
v2uoGhK25QE \
v3CB9oFN1cQ Die Zukunft meines Kanals
v3Gumq2yvOI MEGA FAIL | Minecraft HERO #46
v3a6CekAtcM UNN√ñTIG: 3 Stacks Golden PIPES!! :( - Minecraft MEGA PROJEKT #84 | ConCrafter & Dner
v5sHJCfBAzw DUNGEON GENERATOR | Minecraft Commands #40 | ConCrafter
v8kBUROWQg0 Minecraft: The Challenger - Episode 2 - Let's Kill!
v8x4vmgi-cY Minecraft VARO #4 | 4 SPIELER = BEEF!
vBwu28cMhT0 Das JULIEN BAM SPIEL
vCfLrzUkRsQ MERT'S D√úMMSTE AUSSAGEN Ì†ΩÌ∏Ç
vD1hjBMtNN0 DAS BESTE TIKTOK DER WELT
vDOPWlHGu2s BIENENHAUS! - #27 - Minecraft Feed The Beast
vFmqnUpcqDk Minecraft: Nitrado/Gronkh Hunger Games - FINALE!
vGfsBmng1NU GER‡∑åHTE Ì≤æR LUCA Ì†ΩÌ∏±
vGmWs6irbAA WAS SOLL DAS PL√ñTZLICH ?! Ì†ΩÌ∏®
vIDRDbrLSL8 Er tauscht seine MUTTER gegen eine PS5 auf EBAY Ì†ΩÌ∏Ç
vK6mQC2TmBE ICH BIN EIN FISCH
vMLcD4l4D1s Wir bauen das MAUZMOBIL!
vNYx59PJqOc Bibi & Tina mit Luca
vOxqbDrpwi0 MEINE YOUTUBE FREUNDIN
vQ7oeh0EQuA GEHEIMNISVOLLER GAST! | Minecraft FREEZE #3
vQBOGBr_rAw MONSTER DUNGEON! - #11 - Minecraft Feed The Beast
vQsDsuciKfo Ich reagiere auf Bibi's DUMMHEIT
vU_IZKZKkw4 Meet The Best Fortnite Player
vWk6-ovRjeY The BEST Facebook Videos Ì†ΩÌ∏ÇÌ†ΩÌ∏Ç
vXCuODb29Xw SLOW-MOTION K√úHE! | Curve Fever
vZdf0TrroUg Minecraft: Die Together Show - Episode 45 - Terraria!
vcbbtDWY9LM So h√§ufig wird IKEA gegooglet...
vfSOPOvJeO0 Dieser Mann liebt eine GUMMIPUPPE
viB_Y8BM6_o Minecraft: Die Together Show - Episode 44 - Dienstleistungen!
vj1Mn1TWgs4 VARO 3 #5 | SURPRISE, MOTHERF*CKER!
vqWMeLkwavc Kev auf DROGEN!?!? - #58 - Minecraft MEGA PROJEKT [ConCrafter Feed The Beast]
vr6L4t9TplU DIESER YouTuber muss gestoppt werden...
vsHa4-_DNdk Minecraft Snapshot 13w09a - 1.5 Update Review
vuza8j68ws8 DIE UNM√ñGLICHE FORTNITE CHALLENGE
vvCdTfkfW8c Ich habe mich verletzt... Ì†ΩÌ∏± (Vlog)
vvLD6hiiWlA So nimmt ConCrafter auf! - Part 2/2
vvSIIdsoHGY L√ºgendetektor mit Freundin
vwd3qxS2f4M DIESE Wohnung kostet 135.000.000 $ Ì†ΩÌ∏±Ì†ΩÌ≤∞
vxuia8bOuhQ ICH. MACHE. ES. WIEDER.
vyP9yN1QbBk The Most Expensive Things in the World !! Ì†ΩÌ∏±Ì†ΩÌ∏Ç
w-6ChsS8zao HE DIDN'T DO THAT ??? | Sims 4
w-dzL_7r3iU MEGA ERSCHROCKEN !!!
w-jjOwCu1p0 Minecraft TWILIGHT FOREST #3 - Let's Battle mit LPmitKev & ConCrafter
w-mzYPU_E7E Minecraft 1.9 Gameplay (Deutsch)
w05hFJCWIsA DIE VILLA IST FERTIG
w2giRropUW0 Er f√§hrt mit dem AUTO Ô≤ær IPHONES Ì†ΩÌ∏±
w2ncJEP84WA Minecraft EPIC JUMP MAP #7 [CAM] - TOTALE ZERST√ñRUNG!! (Super Mario Edition)
w2ng3l5TBdQ ICH MALE DEN CLEVERBOT
w4dwA3gx9T0 FLAGGEN ERRATEN MIT SANDRA
w4lbTNBqDMs DAS YOUTUBE QUIZ
w5CtJFzfdhc EXTREME TELEFON CHALLENGE Ì†ΩÌ≥ûÌ†ΩÌ∏Ç (mit Max)
w5YLZj-0RoY Luca auf der ARTIKEL 13 DEMO
w5tfFVBGDlY Ich erstelle BIBI in Sims 4 Ì†ΩÌ∏±
w6BJfacBlf8 Luca reagiert auf \
w6xM_3pYClw Diese Website wei√ü ALLES
w7KvIZ8YLpo HE DIES OF THIRST !?
w8JgesC-7Cs ICH HAB EINE DICKE NASE :D | Minecraft HERO #32
wAkGPcyH2PE PORTAL FIGHT! :O - #57 - Minecraft Feed The Beast
wC84z3_b-1M ADER GEPLATZT BEIM SCHREIEN?! | Minecraft FREEZE #13
wCUfFPrH2Nk MINECRAFT GOLDRUSH [Cam] - PVP MAP
wDD3RS9LBVQ TIKTOKS, die wirklich LUSTIG sind
wDD_sGsauLM Sowas ist wirklich unn√∂tig, grundlos TOT! -.- [CAM] - Minecraft MEGA PROJEKT #104 | ConCrafter
wDmNKvhcxTM Meine Reaktion auf LOVE ISLAND Ì†ΩÌ¥ûÌ†ºÌøù
wGSo6NGfmb4 ICH BAUE EIN BAUMHAUS
wLGpc1Zhlb0 WAS IST LOS MIT DER WELT? | Realtalk
wLhUUa39cek FORTNITE HAUSTIER Challenge Ì†ΩÌ∏± (Season 6 mit Max)
wOYCphiEN4I Ich halte meine Fresse
wPkt7Tko-JA ICH BIN EINE BLUME
wPoStSOskjQ GOAT SIMULATOR PRANK
wRGDjhiOiiE Minecraft EPIC JUMP MAP #5 - FAIL! (Valentine Edition)
wTjirarXpKM The GOOGLE Game Ì†ΩÌ∏±
wUhXD5_SiuY DISCO ZOOM! | Minecraft Facts #8
wVfMiRl0F0I 1‚Ç¨ Challenge Ì†ΩÌ≤∏Ì†ΩÌ≤∞
wXd9KV8zoog MEIN IPHONE IST KAPUTT Ì†ΩÌ≥±Ì†ΩÌ∏´
wXlKdvEQ-YY NICHT SCHON WIEDER ...
wYjwC6BfEws FAQ - Episode 1 - Skype, Together, ConsBlog, Programme!
w_2zjKADnOY Ich VERLOSE die neuen AIRPODS PRO
wbd5UedgaHc Ich esse JAPANISCHE S√º√üigkeiten Ì†ΩÌ∏± (Ekelhaft) Ì†æÌ¥¢
wcB4eu6N5TU KLEINER JUNGE RASTET AUS | Minecraft Awesome Jump Mania #3
wdKO1EvJEQI DAS WAR KEINE GUTE IDEE
wh9T3ASMgvE DIE 3 D√úMMSTEN SIMULATOR SPIELE
wkm8RNAV_Js Minecraft: Die Together Show - Episode 7 - TED
wlewfwgmBVc Komische ANGEWOHNHEITEN !! Ì†ΩÌ∏ÇÌ†ΩÌ∏Ç
wlf_bzowlpw Let's BATTLE Minecraft #1/3 - K√ÑMPFEN mit KRANCRAFTER!
wmM0thyNRz4 Die D√úMMSTEN Musical.lys Ì†ΩÌ∏ÇÌ†ΩÌ∏Ç
wnTooe8voSE Crazy HEIGHTS Compilation Ì†ΩÌ∏±
wqGixyjUqnY IKEA Wortspiele Ì†æÌ¥£ (Lachflash)
wr1v8OhCRxc Sandra macht einen EINB√úRGERUNGSTEST
wrF8Lwd_Q7I 1 WORT CHALLENGE
wtnQ9gkKSfs Minecraft: Die Together Show - Episode 31 - SCH√ñNHEIT - Definition!
wvpKXKrYfzA Minecraft VARO 2 | Der Tag danach...
wwIqzmcUQA8 WAS
wwzyjJpu46o Meine Meinung - JuliensBlog (11. September)
wyXs9LqIvc0 Minecraft EPIC JUMP MAP #3 - Punkte-Fight! (Version 1.1)
wzKs-yFq42w WAS MACHT ER DA !?
x1IIBKAQv3Y Meine HANDYNUMMER ist Û∂øæntlich !!
x3hIfDxdJFo Gomme wusste, er hat verkackt. | Minecraft Animation Vine
x40VjXTox0c SCHNELLSTER TOD von MAX! [Cam] - Minecraft SURVIVAL GAMES
x4iJIoB_sP0 Minecraft ANTI GRAVITY MOD
x6ckUEJLHSQ Welches Logo ist ORIGINAL !?
x6h56QQr078 SCHEISSE COMMAND | Minecraft Commands #39 | ConCrafter
x6kPh46DVFE LUCIBOY4000
x6ueIQitRG4 JONAS HAT'N ST√ÑNDER :D | GTA ONLINE #7
x78Hn3iQa20 HORROR PUR - WAS WAR DAS?! | Minecraft Monastery #1 | ConCrafter
x823QLl09S8 50‚Ç¨ Ebay Mystery Box
x9JrA66WhH0 Dinge, die jeder Sch√ºler kennt
xCaWHQZYr9Q MEGA WITZIGES SPIEL! | Minecraft SUPER HOLE IN THE WALL
xDawgA8YGbQ Con2.0 - Allgemeine Neuerungen
xIAcQBtqu7o Schlechtestes FuÌæ∫ll Spiel aller Zeiten
xIFz2Miqv8A OMEGLE mit Luca #4
xMMIHl_7OZU EIN NEUER MITBEWOHNER! | Minecraft CAPTIVE #17
xN6JAwZUVdQ SCHMERZHAFTE CHALLENGE Ì†ΩÌ≤• (mit CrispyRob)
xNE5SJRkbgI ICH T√ñTE DNER ??? | Minecraft HERO #19
xOdUP2xqW_Q Erkennst DU diese YouTuber an ihren Augen !?
xPLd1rrZ2b4 Luca reagiert auf YouTube KACKE
xQ8PzFxFFc8 DANKE
xQDkeyA1X9g Luca reagiert auf LUCA MEMES
xQzA_UCfmbU ICH KANN ZAUBERN
xSDHnE_3Cjk ICH BIN IN NEW YORK
xTTnGgI_OxE Minecraft 1.8 Seeds: NPC VILLAGE IN WATER!
xUG8exhvgGo KLEBRIGER KOLBEN! | Minecraft Facts #59 | ConCrafter
xVEWi1N7GzM DIE WITZIGSTEN EBAY FAILS Ì†ΩÌ∏Ç
xXKcV-u00HU Minecraft: Die Together Show - Episode 11 - Ì≤ærbev√∂lkerung der Erde!
xYO7SwKarts Minecraft: Desert Wasteland - Episode 12 - W√ºstentempel
xZ-VElaomks AHH 3 HERZEN!! STERBE ICH?? | Minecraft HERO #98
xZHQxZp-Miw MIGUEL PABLO
xZSlZ9SuCYY das endet nicht gut...
xaIYRzN8FIY ENDERDRAGON mit 1 HIT! | Minecraft Commands #5 | ConCrafter
xdzz5Xbd9Pk Let‚Äôs Play mit Zombie | FEAR Folge 3/5 | Fear the Walking Dead #FearTWD
xeLFlpg_PCs Minecraft EPIC JUMP MAP #3 [CAM] - EPIC SLOW-MO!! (Super Mario Edition)
xfkErYH5Uyk Feed The Beast ERKL√ÑRUNG! - Minecraft MEGA PROJEKT #21 [CAM/Deutsch/HD] (ConCrafter)
xgczSaSwys8 DER YOUTUBE COMMAND
xh2YI1lsoec Wir testen MAGISCHEN Sand Ì†ºÌºà (Kinetic Sand)
xi2N-v42yE0 Erkennst DU diese YouTuber an ihren Outfits !?
xiUhN696Cl4 AKINATOR KENNT UKULELI
xk_ogJdoP5g TRICK YOUR EYES INTO HALLUCINATING Ì†ΩÌ∏±
xkmoRSdwV7Q MIT HANDSCHUHEN SPIELEN | Minecraft Challenge Accepted #6
xlsknodozB4 SORRY
xmsF0dyO1Bo Instagram Bilder NACHSTELLEN
xosRzvYWoJE ANSAGE AN MICH SELBST
xpHPvyuWu5Y SCALE ARMOR + ALLE ZAUBERSTÏíæ | Minecraft HERO #43
xpIvs99doik Dieses Horror-Spiel KENNT DICH Ì†ΩÌ∏±‚ö†Ô∏è
xpV3yff7zeE YOUTUBER SPIEL
xrU88eOnl9k Minecraft TOGETHER SHOW #73 - TNT Sp√§‡∑ºhen :)
xsBnJS3KYiM REGENBOGEN SCHAF | Minecraft Facts #14
xsW409_KDOI Er verkauft TANZVERBOT auf EBAY Ì†ΩÌ∏Ç
xsiiH9bKH8s WAHRHEIT Ô≤ær DSCHUNGELCAMP | Minecraft HERO #81
xtmuIa2lepQ SIMS 4 CHEATS
xv1HMReas9Y WHO'S THE HOTTEST YOUTUBER !?
xwH8ViMpWvQ NICHT LACHEN 5.0
xwe7TMiCt9I Facetime mit FANS
xweG5xl9OGM PLAYBOY VILLA | GTA ONLINE #6
xxYaw3qhAjc KANAL SCHLIE‡∑æN...
xzJ-GTr8_Yc Was wird h√§ufiger gegooglet !?
y0Jv8jHOBpw Minecraft: 12w21a Update - Handeln, Ender-Chests, Emeralds und W√ºsten-D√∂rfer
y1-LFTjCZ9Q Sie gibt mir ihre NUMMER
y33D31o6ufk SHE HAS A NAME !!!
y7rI971rxmU HEFTIGES TIK TOK VIDEO
y7wkuFzDVHY GRIEFER! + MEGA PROJEKT!!! - #57 - Minecraft Feed The Beast
y9BwFmcfVZ8 MUSIK INSTRUMENTE | Minecraft HERO #31
y9y85lmssHY Minecraft THE ENDGAME - Capture the Flag - Mit Zander & Spark
yA1do9S3TiI HEFTIGER KAMPF! | Minecraft SUPER SMASH MOBS
yDI_eDcTQQo ich mache eine weltreise
yE70_9IfVic Minecraft SUPER CRAFT BROS: BRAWL #1 - PVP-Mini-Game - German
yEDxizf64Lc Versuche nicht 'WOW' zu sagen
yHK5u0ICD-c Mein EIGENES Produkt !! Ì†ΩÌ∏± (Vlog)
yHZZ8fZf48E Reading My Instagram DMs
yHndO8bjUXw ICH HASSE SIRI Ì†ΩÌ∏´
yJA6caLqP9g D√úMMSTE SLENDER CHALLENGE
yJvVAri6sjc OME.TV mit Luca & Sandra
yLQh5WmvFm4 Das SHADOW WEB - HORROR PUR! | Minecraft HIDE'n'SEEK
yMS8LQ2KdtM TOTALES CHAOS! | Minecraft CATCH MR. TROLL #8 | mit GommeHD
yOnM2irkYTE Bilder aus meiner Kindheit Ì†ΩÌ∏Ç
yP9whmjurPU Slither.io HACK
yRuehyujG8I BESOFFEN FuÌæ∫ll spielen
ySYLEmVckEE YOUTUBER Intros ERRATEN
yT_3Bzk27zo Sandra & Luca reagieren auf \
yTy6Ut58n-s DAS WITZIGSTE TIK TOK VIDEO
yVTUhi7NVDw NIE WIEDER
yVfwI6EX6Zo NICHT LACHEN 7.0
yWsQ_cwZ0FM Minecraft SKY DEN #15 (Modded Survival Map) - Wieder Pause, Brudis :/
yYV9Z_w1-jU Minecraft 12w41a / 12w41b - Anvil, Beacon & Bug Fixes! (Snapshot Review)
yYyNHNl-FAE LACHFLASH
yaLFJDD4OGw Brennendes BAUMHAUS! - Minecraft MEGA PROJEKT #34 [CAM/Deutsch/HD] (ConCrafter)
yd3RmWWShpc Ungespielt-ConCrafter - #46 - Minecraft Feed The Beast
ydLpw5d7zDQ Meine Reaktion auf BIBI ist SCHWANGER
yeki5WFnrgQ DER KOTZE SIMULATOR
yfUUuI5ifVI CLEVERBOT HATES ME
yhicl7wsstk gAnGsTeR
yigEZBlWzDo Why I was in the Hospital...
yjdJvB_WR0U UHH, WAR DAS KNAPP! | Happy Wheels
ynu4ogdtA4c Dance | Minecraft Animation
yoGiwrnr9qU MINECRAFT ILLUMINATI SEED
yoZLXX8DKTg MARIO IS UNFAIR
yoyoJn_Q3xc BOWSER BOSS BATTLE! | Minecraft Commands #34 | ConCrafter
yqHz3x_NkSs DAS BESCHISSENSTE SPIEL Ì†ΩÌ≤©
yr0xCvGaDBg DAS WAR EINE DUMME IDEE Ì†ΩÌ∏Ç
yrIMGqioisY ICH GOOGLE MICH SELBST
ywj8wjClE4M Lukas Rieger Prank war FAKE !? Ì†ΩÌ∏±
yyNBca9vYtw ICH WERDE Ì≤æRFALLEN
yywkNQSJNeM WARUM LUCA ???
z-Fg_2Lq5p8 ENTWEDER / ODER
z1oORJGz3OU ICH BAUE EINE HUNDEH√úTTE
z3QsXwUumao DSDS nur GEKAUFTE S√ÑNGER !? | Minecraft HERO #80
z4xIAAZqKVI PRO YOLO RUNDE mit Simon!! - Minecraft Trouble in Mineville | ConCrafter & ungespielt
z7hs3D7YKiE BALOU IST ANGEKOMMEN
z818HEFZv78 25 Dinge, von denen du NICHT wusstest, wozu sie gut sind
z8J3Neb3ReI Hackende ZAUBEREI! - Minecraft MEGA PROJEKT #20 [Deutsch/HD] (ConCrafter)
zB0sJ5bdc0o DAS IST NICHT WAHR !!!
zBK3e2ESN1c VARO 3 #1 | SPIELER IN MEINEM VERSTECK
zDQ2CNZgPec Luca & Sandra reagieren auf KATJA - WER BIST DU
zDnbZmn9p9U Schwimmen mit Max Ì†ΩÌ≤ï
zED3GMJNq10 Minecraft: Die Together Show - Episode 27 - Die RACHE!
zFKz-ogVW0U NETTE KOMMENTARE LESEN
zGjVVRYJX9I KOMISCHE FRAGEN BEANTWORTEN! | Minecraft FREEZE #5
zGl1NaFmuk4 Minecraft 1.5 OCEAN EXPLOSION! - TOO MUCH TNT MOD
zH-ZSVhSrDE Minecraft ULTIMATE TROLLING #6 [CAM] - Epic Jump Map - PUNKTE, JAA!! | ConCrafter & GommeHD
zIvFtXHhqKc ULTRA KOMISCHE STEVE ANIMATION! | Minecraft Facts #86 | ConCrafter
zK_m6cIBw5c Nach diesem Video LIEBST du JUSTIN BIEBER Ì†ΩÌ≤ï
zLaGC0KmYec Ich verkaufe meine UNTERHOSE bei EBAY
zMAqVz2JLp0 Meine Karte kostet 25.000‚Ç¨ ?!?!?!?!?!?!
zME1lhQnohE DIE VERR‡∑åKTESTEN WELTREKORDE
zTXIj34zd34 _%{¬ß‚Äú!!#$!*
zUQPLIGiYYI 2014 CONCRAFTER
zUl2kO36r4c Minecraft: Die Together Show - Episode 41 - Skate702germany + Statement zu HuhnLP!
zVCXzB_Poxc TÌõûSH√ñHLE Wiedersehen! - Minecraft MEGA PROJEKT #25 [CAM/Deutsch/HD] (ConCrafter)
zWfPvTpYJpE Ich teste FAKE vs ORIGINALE S√º√üigkeiten Ì†ºÌΩ≠Ì†ºÌΩ´
zXiN2QyUBWQ Minecraft POKECUBE MOD!
zZ6yuQUqQY4 EURE WITZIGSTEN KOMMENTARE! [CAM] - Minecraft MEGA PROJEKT #101 | ConCrafter
zZki7lb6-VU Minecraft: Sharp Design! (Texture Pack Spotlight)
zbYdliEr73c Minecraft: The Challenger - Episode 5 - Ok.
zba2FTdiRss DIE CRINGESTE \
zbb1yBAHdO4 Ich schlafe ein... | Minecraft HERO #78
zcFrtpO6fzg Minecraft BOOM BEACH
zeCryCzVXF4 FLAPPY BIRD SERVER | Minecraft Flappy Chicken
zeR-h1oxJ2c Das EINFACHSTE Spiel aller Zeiten
zf4m3PFrAD0 Minecraft: Trouble in Mineville #16 - FOREVER ALONE...
zg0jIPDU3NU MEIN NEUER BERUF
zg5dhMjT0fU Minecraft EPIC JUMP MAP #5 - FINALE mit TNT!! (Operation: Tropical Vacation)
zhtkGLnh0dM Unser DINO W‡±åHST! | Minecraft GALAXY #28
zj4xRz8e_lI RACHE DER VILLAGER | Minecraft Animation
zjASqmaB1qM Minecraft: The Walls 2 #4 - Finale
znEClwHeZiM d√ºmmstes video auf youtube
zpax1nZs9BI Diese Sch√ºssel kann NICHT umfallen !? Ì†ΩÌ∏±
zq3UNUvodqk EBAY KLEINANZEIGEN FAILS
zq_tBM5Tb7Q Wir kaufen ein BABY Ì†ΩÌ±∂Ì†ºÌøª
zs66KYJyCCg WIR BEKOMMEN BESUCH
zscsEZFCqik VARO 4 #4 | 10 Spieler jagen uns... Ì†ΩÌ∏•
ztCHEsXYxwQ Ì†ΩÌ∫® VERSTECKEN im IKEA Ì†ΩÌ∏± (Vlog)
zud9cJ6r8eY Minecraft EXTRA BIOMES MOD!
zvfakKPOO7o 100% LACHFLASH! KOTFRESSER und MEGA-FURZ!! - WAHR oder FALSCH #1
zxhcA_KgJcc Das TEUERSTE Haus der WELT !!
